timestamp,glucose_mgdl,steps,heart_rate,hrv_ms,sleeping,carbs_g,meal_gi
2026-09-01 00:00:00,116.2,5,83,32.9,0,0,0
2026-09-01 00:05:00,118.4,15,80,31.9,0,0,0
2026-09-01 00:10:00,119.1,7,80,33.7,0,0,0
2026-09-01 00:15:00,116.5,11,84,30.3,0,0,0
2026-09-01 00:20:00,114.7,9,78,33.2,0,0,0
2026-09-01 00:25:00,112.9,9,80,26.2,0,0,0
2026-09-01 00:30:00,114.3,18,80,29.7,0,0,0
2026-09-01 00:35:00,113.8,15,82,28.3,0,0,0
2026-09-01 00:40:00,115.4,10,84,29.8,0,0,0
2026-09-01 00:45:00,120.1,9,84,31.9,0,0,0
2026-09-01 00:50:00,120.9,19,82,33.4,0,0,0
2026-09-01 00:55:00,117.8,5,83,33.4,0,0,0
2026-09-01 01:00:00,118.9,0,69,49.0,1,0,0
2026-09-01 01:05:00,121.4,0,80,52.1,1,0,0
2026-09-01 01:10:00,121.1,0,72,49.4,1,0,0
2026-09-01 01:15:00,122.4,0,71,48.5,1,0,0
2026-09-01 01:20:00,121.8,1,74,51.5,1,0,0
2026-09-01 01:25:00,124.2,0,72,48.2,1,0,0
2026-09-01 01:30:00,124.6,0,73,45.9,1,0,0
2026-09-01 01:35:00,126.4,1,73,48.5,1,0,0
2026-09-01 01:40:00,127.6,1,71,49.8,1,0,0
2026-09-01 01:45:00,127.4,0,75,49.2,1,0,0
2026-09-01 01:50:00,125.7,1,69,49.9,1,0,0
2026-09-01 01:55:00,130.6,1,76,52.4,1,0,0
2026-09-01 02:00:00,128.9,1,73,48.1,1,0,0
2026-09-01 02:05:00,128.7,0,74,46.9,1,0,0
2026-09-01 02:10:00,128.4,0,72,50.4,1,0,0
2026-09-01 02:15:00,124.8,0,70,49.0,1,0,0
2026-09-01 02:20:00,124.4,0,75,49.7,1,0,0
2026-09-01 02:25:00,124.0,1,72,49.1,1,0,0
2026-09-01 02:30:00,121.8,0,74,47.9,1,0,0
2026-09-01 02:35:00,123.1,1,77,46.9,1,0,0
2026-09-01 02:40:00,122.5,1,71,49.7,1,0,0
2026-09-01 02:45:00,121.9,0,71,45.2,1,0,0
2026-09-01 02:50:00,119.7,0,74,46.0,1,0,0
2026-09-01 02:55:00,118.2,0,74,48.2,1,0,0
2026-09-01 03:00:00,119.3,0,73,50.3,1,0,0
2026-09-01 03:05:00,118.5,0,73,51.5,1,0,0
2026-09-01 03:10:00,118.4,0,76,46.3,1,0,0
2026-09-01 03:15:00,116.9,0,71,48.1,1,0,0
2026-09-01 03:20:00,117.8,0,72,47.1,1,0,0
2026-09-01 03:25:00,116.9,0,73,47.4,1,0,0
2026-09-01 03:30:00,119.0,1,72,45.6,1,0,0
2026-09-01 03:35:00,117.8,0,73,50.7,1,0,0
2026-09-01 03:40:00,119.0,0,74,52.6,1,0,0
2026-09-01 03:45:00,119.0,0,72,50.1,1,0,0
2026-09-01 03:50:00,121.4,1,73,48.3,1,0,0
2026-09-01 03:55:00,120.6,1,72,52.8,1,0,0
2026-09-01 04:00:00,122.4,1,74,50.8,1,0,0
2026-09-01 04:05:00,120.9,0,74,50.6,1,0,0
2026-09-01 04:10:00,121.0,0,76,49.1,1,0,0
2026-09-01 04:15:00,122.5,0,76,49.4,1,0,0
2026-09-01 04:20:00,121.6,1,73,49.2,1,0,0
2026-09-01 04:25:00,118.4,1,72,51.3,1,0,0
2026-09-01 04:30:00,116.2,0,78,45.4,1,0,0
2026-09-01 04:35:00,117.2,0,69,48.3,1,0,0
2026-09-01 04:40:00,115.8,0,74,48.6,1,0,0
2026-09-01 04:45:00,114.2,0,73,50.8,1,0,0
2026-09-01 04:50:00,114.8,0,77,44.4,1,0,0
2026-09-01 04:55:00,113.9,0,71,47.9,1,0,0
2026-09-01 05:00:00,114.6,0,73,48.7,1,0,0
2026-09-01 05:05:00,116.8,0,73,48.1,1,0,0
2026-09-01 05:10:00,120.9,0,75,49.3,1,0,0
2026-09-01 05:15:00,120.2,0,75,50.7,1,0,0
2026-09-01 05:20:00,119.3,0,74,49.2,1,0,0
2026-09-01 05:25:00,118.0,1,73,48.4,1,0,0
2026-09-01 05:30:00,119.2,1,76,53.5,1,0,0
2026-09-01 05:35:00,124.4,0,74,46.1,1,0,0
2026-09-01 05:40:00,122.4,1,74,48.8,1,0,0
2026-09-01 05:45:00,123.0,1,71,47.7,1,0,0
2026-09-01 05:50:00,128.3,0,72,52.1,1,0,0
2026-09-01 05:55:00,128.0,0,73,50.0,1,0,0
2026-09-01 06:00:00,128.6,0,73,50.6,1,0,0
2026-09-01 06:05:00,131.3,0,78,47.2,1,0,0
2026-09-01 06:10:00,132.0,1,74,52.1,1,0,0
2026-09-01 06:15:00,131.9,0,76,49.8,1,0,0
2026-09-01 06:20:00,132.3,0,72,51.4,1,0,0
2026-09-01 06:25:00,128.3,0,70,53.2,1,0,0
2026-09-01 06:30:00,128.7,0,71,53.3,1,0,0
2026-09-01 06:35:00,130.9,0,73,45.8,1,0,0
2026-09-01 06:40:00,128.8,0,73,48.2,1,0,0
2026-09-01 06:45:00,131.9,0,71,49.5,1,0,0
2026-09-01 06:50:00,134.1,0,72,47.8,1,0,0
2026-09-01 06:55:00,134.0,0,70,46.5,1,0,0
2026-09-01 07:00:00,134.8,7,80,30.6,0,0,0
2026-09-01 07:05:00,135.4,7,80,33.9,0,0,0
2026-09-01 07:10:00,133.4,5,84,29.5,0,48,70
2026-09-01 07:15:00,133.8,5,84,27.3,0,0,0
2026-09-01 07:20:00,137.2,12,86,27.7,0,0,0
2026-09-01 07:25:00,139.6,445,113,26.9,0,0,0
2026-09-01 07:30:00,142.8,456,113,32.8,0,0,0
2026-09-01 07:35:00,144.7,6,82,32.9,0,0,0
2026-09-01 07:40:00,144.3,17,76,30.2,0,0,0
2026-09-01 07:45:00,143.6,18,81,30.0,0,0,0
2026-09-01 07:50:00,141.1,6,81,30.4,0,0,0
2026-09-01 07:55:00,140.2,16,83,30.7,0,0,0
2026-09-01 08:00:00,137.1,4,77,30.1,0,0,0
2026-09-01 08:05:00,136.7,6,86,32.2,0,0,0
2026-09-01 08:10:00,134.9,13,84,29.1,0,0,0
2026-09-01 08:15:00,134.9,8,83,30.8,0,0,0
2026-09-01 08:20:00,134.3,8,83,32.7,0,0,0
2026-09-01 08:25:00,130.9,7,80,32.9,0,0,0
2026-09-01 08:30:00,132.0,11,79,30.3,0,0,0
2026-09-01 08:35:00,131.1,8,80,30.5,0,0,0
2026-09-01 08:40:00,132.0,8,83,30.4,0,0,0
2026-09-01 08:45:00,130.9,4,82,31.2,0,0,0
2026-09-01 08:50:00,130.7,6,82,34.6,0,0,0
2026-09-01 08:55:00,131.6,7,82,32.3,0,0,0
2026-09-01 09:00:00,130.9,13,81,33.1,0,0,0
2026-09-01 09:05:00,131.8,16,84,31.0,0,0,0
2026-09-01 09:10:00,128.5,8,82,29.4,0,0,0
2026-09-01 09:15:00,125.2,3,80,29.0,0,0,0
2026-09-01 09:20:00,126.4,6,83,27.0,0,0,0
2026-09-01 09:25:00,124.4,7,82,31.0,0,0,0
2026-09-01 09:30:00,123.8,4,81,29.9,0,0,0
2026-09-01 09:35:00,125.3,7,80,32.2,0,0,0
2026-09-01 09:40:00,125.4,20,83,28.9,0,0,0
2026-09-01 09:45:00,126.5,15,79,30.7,0,0,0
2026-09-01 09:50:00,126.3,6,81,28.5,0,0,0
2026-09-01 09:55:00,122.9,7,82,30.5,0,0,0
2026-09-01 10:00:00,122.6,10,86,31.2,0,0,0
2026-09-01 10:05:00,122.6,8,85,31.3,0,0,0
2026-09-01 10:10:00,119.6,0,80,27.9,0,0,0
2026-09-01 10:15:00,117.7,4,86,33.5,0,0,0
2026-09-01 10:20:00,118.4,8,81,32.1,0,0,0
2026-09-01 10:25:00,122.4,6,79,33.3,0,0,0
2026-09-01 10:30:00,119.1,8,79,32.2,0,0,0
2026-09-01 10:35:00,121.7,12,84,28.6,0,0,0
2026-09-01 10:40:00,116.3,14,84,26.0,0,0,0
2026-09-01 10:45:00,115.9,10,78,32.6,0,0,0
2026-09-01 10:50:00,115.9,5,83,29.9,0,0,0
2026-09-01 10:55:00,117.9,12,83,30.5,0,0,0
2026-09-01 11:00:00,115.9,5,81,30.7,0,0,0
2026-09-01 11:05:00,116.6,16,79,32.3,0,0,0
2026-09-01 11:10:00,116.9,9,79,34.1,0,0,0
2026-09-01 11:15:00,115.3,10,82,27.8,0,0,0
2026-09-01 11:20:00,112.0,10,84,32.2,0,0,0
2026-09-01 11:25:00,114.9,16,82,32.2,0,0,0
2026-09-01 11:30:00,116.7,4,82,32.1,0,0,0
2026-09-01 11:35:00,115.3,5,83,30.3,0,0,0
2026-09-01 11:40:00,114.5,13,81,37.0,0,0,0
2026-09-01 11:45:00,115.9,2,81,31.2,0,0,0
2026-09-01 11:50:00,117.3,6,81,29.0,0,0,0
2026-09-01 11:55:00,118.9,8,83,27.5,0,0,0
2026-09-01 12:00:00,113.4,6,83,30.5,0,0,0
2026-09-01 12:05:00,116.4,12,83,26.0,0,0,0
2026-09-01 12:10:00,112.0,19,83,31.2,0,0,0
2026-09-01 12:15:00,111.0,8,83,29.5,0,0,0
2026-09-01 12:20:00,113.1,11,82,26.5,0,0,0
2026-09-01 12:25:00,114.9,6,87,33.0,0,0,0
2026-09-01 12:30:00,113.3,13,81,31.9,0,0,0
2026-09-01 12:35:00,111.9,2,83,29.4,0,0,0
2026-09-01 12:40:00,112.4,5,76,33.1,0,0,0
2026-09-01 12:45:00,110.4,7,85,27.9,0,0,0
2026-09-01 12:50:00,113.1,8,84,30.8,0,0,0
2026-09-01 12:55:00,110.8,5,81,30.6,0,0,0
2026-09-01 13:00:00,113.1,6,82,29.0,0,0,0
2026-09-01 13:05:00,113.3,13,82,31.1,0,0,0
2026-09-01 13:10:00,113.9,4,80,31.4,0,88,75
2026-09-01 13:15:00,128.6,8,84,32.2,0,0,0
2026-09-01 13:20:00,142.9,9,83,29.4,0,0,0
2026-09-01 13:25:00,154.8,13,85,29.4,0,0,0
2026-09-01 13:30:00,159.0,6,85,26.9,0,0,0
2026-09-01 13:35:00,163.5,13,85,29.2,0,0,0
2026-09-01 13:40:00,163.4,24,83,32.2,0,0,0
2026-09-01 13:45:00,170.0,16,84,30.4,0,0,0
2026-09-01 13:50:00,170.3,5,83,27.7,0,0,0
2026-09-01 13:55:00,170.6,1,81,31.0,0,0,0
2026-09-01 14:00:00,169.3,10,83,27.5,0,0,0
2026-09-01 14:05:00,167.0,13,83,27.7,0,0,0
2026-09-01 14:10:00,166.9,9,80,31.9,0,0,0
2026-09-01 14:15:00,164.5,11,82,28.5,0,0,0
2026-09-01 14:20:00,160.9,4,80,32.0,0,0,0
2026-09-01 14:25:00,159.4,4,79,33.0,0,0,0
2026-09-01 14:30:00,158.6,4,84,30.4,0,0,0
2026-09-01 14:35:00,157.9,8,82,31.8,0,0,0
2026-09-01 14:40:00,153.4,4,82,29.6,0,0,0
2026-09-01 14:45:00,151.8,8,83,29.3,0,0,0
2026-09-01 14:50:00,151.7,15,80,29.6,0,0,0
2026-09-01 14:55:00,149.5,8,83,32.0,0,0,0
2026-09-01 15:00:00,147.5,8,80,27.4,0,0,0
2026-09-01 15:05:00,146.6,3,84,31.2,0,0,0
2026-09-01 15:10:00,146.4,7,81,30.3,0,0,0
2026-09-01 15:15:00,143.1,8,81,30.6,0,0,0
2026-09-01 15:20:00,139.0,6,82,26.7,0,0,0
2026-09-01 15:25:00,135.7,11,82,29.7,0,0,0
2026-09-01 15:30:00,136.7,16,85,30.0,0,0,0
2026-09-01 15:35:00,136.0,4,80,30.6,0,0,0
2026-09-01 15:40:00,135.7,13,82,32.1,0,0,0
2026-09-01 15:45:00,136.1,9,82,31.6,0,0,0
2026-09-01 15:50:00,134.9,8,79,28.1,0,0,0
2026-09-01 15:55:00,130.2,13,80,32.4,0,0,0
2026-09-01 16:00:00,130.6,13,79,29.8,0,0,0
2026-09-01 16:05:00,131.7,5,84,29.6,0,0,0
2026-09-01 16:10:00,133.0,11,83,28.9,0,0,0
2026-09-01 16:15:00,132.1,4,80,29.7,0,0,0
2026-09-01 16:20:00,127.4,3,86,28.4,0,0,0
2026-09-01 16:25:00,122.8,16,80,34.1,0,0,0
2026-09-01 16:30:00,120.9,8,80,30.8,0,0,0
2026-09-01 16:35:00,121.7,5,79,29.3,0,0,0
2026-09-01 16:40:00,121.4,8,83,33.0,0,0,0
2026-09-01 16:45:00,118.4,3,80,31.0,0,0,0
2026-09-01 16:50:00,117.7,9,82,30.4,0,0,0
2026-09-01 16:55:00,117.1,9,86,28.4,0,0,0
2026-09-01 17:00:00,117.0,7,83,28.1,0,0,0
2026-09-01 17:05:00,118.2,10,81,30.2,0,0,0
2026-09-01 17:10:00,117.1,13,86,28.4,0,0,0
2026-09-01 17:15:00,117.1,20,85,29.5,0,0,0
2026-09-01 17:20:00,116.9,8,78,30.9,0,0,0
2026-09-01 17:25:00,119.1,9,79,31.2,0,0,0
2026-09-01 17:30:00,120.9,9,82,31.8,0,0,0
2026-09-01 17:35:00,118.1,11,83,32.2,0,0,0
2026-09-01 17:40:00,117.2,14,83,33.1,0,13,35
2026-09-01 17:45:00,121.4,4,80,32.4,0,0,0
2026-09-01 17:50:00,118.8,11,87,29.8,0,0,0
2026-09-01 17:55:00,118.8,462,112,30.8,0,0,0
2026-09-01 18:00:00,117.6,475,111,29.7,0,0,0
2026-09-01 18:05:00,119.3,7,86,32.8,0,0,0
2026-09-01 18:10:00,119.9,11,79,34.2,0,0,0
2026-09-01 18:15:00,117.0,9,83,32.2,0,0,0
2026-09-01 18:20:00,118.2,23,85,31.2,0,0,0
2026-09-01 18:25:00,117.8,6,82,29.5,0,0,0
2026-09-01 18:30:00,119.0,343,102,32.7,0,0,0
2026-09-01 18:35:00,123.2,350,98,29.8,0,0,0
2026-09-01 18:40:00,125.3,360,105,28.2,0,0,0
2026-09-01 18:45:00,124.7,350,103,29.6,0,0,0
2026-09-01 18:50:00,128.8,8,79,33.1,0,0,0
2026-09-01 18:55:00,128.2,8,79,29.3,0,0,0
2026-09-01 19:00:00,127.0,9,81,29.8,0,0,0
2026-09-01 19:05:00,128.6,9,83,27.4,0,0,0
2026-09-01 19:10:00,126.6,11,82,27.8,0,0,0
2026-09-01 19:15:00,125.1,8,84,28.9,0,0,0
2026-09-01 19:20:00,128.3,8,84,26.0,0,0,0
2026-09-01 19:25:00,127.6,5,80,31.1,0,0,0
2026-09-01 19:30:00,123.3,9,83,30.8,0,0,0
2026-09-01 19:35:00,122.2,9,80,28.3,0,0,0
2026-09-01 19:40:00,121.8,9,82,29.4,0,0,0
2026-09-01 19:45:00,120.1,11,84,31.2,0,0,0
2026-09-01 19:50:00,116.8,21,77,30.6,0,0,0
2026-09-01 19:55:00,116.5,3,81,29.4,0,0,0
2026-09-01 20:00:00,118.4,3,79,30.5,0,0,0
2026-09-01 20:05:00,113.9,9,80,29.6,0,0,0
2026-09-01 20:10:00,113.7,5,81,30.0,0,0,0
2026-09-01 20:15:00,109.3,13,80,25.1,0,0,0
2026-09-01 20:20:00,109.4,10,82,29.5,0,0,0
2026-09-01 20:25:00,111.5,5,77,30.0,0,0,0
2026-09-01 20:30:00,115.1,6,82,28.8,0,0,0
2026-09-01 20:35:00,115.9,11,81,28.3,0,0,0
2026-09-01 20:40:00,115.8,6,80,32.9,0,0,0
2026-09-01 20:45:00,117.0,15,82,27.9,0,0,0
2026-09-01 20:50:00,115.7,7,81,30.9,0,0,0
2026-09-01 20:55:00,110.3,9,80,30.1,0,0,0
2026-09-01 21:00:00,114.9,6,83,33.5,0,0,0
2026-09-01 21:05:00,111.3,5,79,31.7,0,0,0
2026-09-01 21:10:00,109.1,6,86,29.3,0,43,68
2026-09-01 21:15:00,119.4,9,85,30.6,0,0,0
2026-09-01 21:20:00,124.2,8,84,30.7,0,0,0
2026-09-01 21:25:00,127.2,420,110,28.6,0,0,0
2026-09-01 21:30:00,131.3,419,111,31.4,0,0,0
2026-09-01 21:35:00,130.9,9,85,32.8,0,0,0
2026-09-01 21:40:00,128.5,3,82,32.3,0,0,0
2026-09-01 21:45:00,132.0,6,82,31.5,0,0,0
2026-09-01 21:50:00,131.9,8,80,25.6,0,0,0
2026-09-01 21:55:00,132.9,5,83,29.5,0,0,0
2026-09-01 22:00:00,131.9,4,80,33.8,0,0,0
2026-09-01 22:05:00,133.1,6,82,29.0,0,0,0
2026-09-01 22:10:00,132.6,8,78,31.2,0,0,0
2026-09-01 22:15:00,130.6,12,83,34.7,0,0,0
2026-09-01 22:20:00,130.1,7,79,31.8,0,0,0
2026-09-01 22:25:00,127.3,5,84,29.7,0,0,0
2026-09-01 22:30:00,127.5,9,82,29.4,0,0,0
2026-09-01 22:35:00,126.7,8,81,32.2,0,0,0
2026-09-01 22:40:00,127.6,10,81,29.3,0,0,0
2026-09-01 22:45:00,126.4,23,83,31.8,0,0,0
2026-09-01 22:50:00,125.7,11,82,25.8,0,0,0
2026-09-01 22:55:00,122.6,16,84,28.2,0,0,0
2026-09-01 23:00:00,122.2,10,83,30.0,0,0,0
2026-09-01 23:05:00,123.1,5,84,34.6,0,0,0
2026-09-01 23:10:00,123.4,7,81,32.7,0,0,0
2026-09-01 23:15:00,121.4,9,82,31.1,0,0,0
2026-09-01 23:20:00,118.2,12,82,30.8,0,0,0
2026-09-01 23:25:00,115.2,11,78,30.1,0,0,0
2026-09-01 23:30:00,114.7,4,82,31.9,0,0,0
2026-09-01 23:35:00,116.6,3,79,29.1,0,0,0
2026-09-01 23:40:00,118.3,8,82,31.2,0,0,0
2026-09-01 23:45:00,120.2,7,81,31.4,0,0,0
2026-09-01 23:50:00,120.4,18,83,35.2,0,0,0
2026-09-01 23:55:00,119.3,10,81,30.2,0,0,0
2026-09-02 00:00:00,119.9,10,80,31.5,0,0,0
2026-09-02 00:05:00,119.3,4,83,30.8,0,0,0
2026-09-02 00:10:00,116.6,5,79,33.1,0,0,0
2026-09-02 00:15:00,116.2,3,82,29.8,0,0,0
2026-09-02 00:20:00,116.2,2,82,29.6,0,0,0
2026-09-02 00:25:00,116.5,13,81,28.3,0,0,0
2026-09-02 00:30:00,119.0,10,82,30.4,0,0,0
2026-09-02 00:35:00,119.6,8,79,28.3,0,0,0
2026-09-02 00:40:00,121.7,11,81,30.7,0,0,0
2026-09-02 00:45:00,120.0,3,82,29.5,0,0,0
2026-09-02 00:50:00,117.9,0,72,45.9,1,0,0
2026-09-02 00:55:00,120.1,0,74,46.6,1,0,0
2026-09-02 01:00:00,120.7,0,73,48.6,1,0,0
2026-09-02 01:05:00,122.5,0,76,52.8,1,0,0
2026-09-02 01:10:00,121.9,1,74,46.2,1,0,0
2026-09-02 01:15:00,121.3,1,70,45.5,1,0,0
2026-09-02 01:20:00,123.6,0,74,49.4,1,0,0
2026-09-02 01:25:00,126.6,0,70,50.9,1,0,0
2026-09-02 01:30:00,126.4,1,73,46.5,1,0,0
2026-09-02 01:35:00,125.5,1,71,51.7,1,0,0
2026-09-02 01:40:00,127.5,0,73,50.5,1,0,0
2026-09-02 01:45:00,132.2,0,74,50.8,1,0,0
2026-09-02 01:50:00,131.4,0,74,47.1,1,0,0
2026-09-02 01:55:00,126.1,0,74,49.9,1,0,0
2026-09-02 02:00:00,125.5,0,73,48.1,1,0,0
2026-09-02 02:05:00,126.4,1,75,49.8,1,0,0
2026-09-02 02:10:00,125.2,1,72,47.8,1,0,0
2026-09-02 02:15:00,125.2,0,74,49.9,1,0,0
2026-09-02 02:20:00,123.5,1,74,49.9,1,0,0
2026-09-02 02:25:00,127.4,0,71,46.9,1,0,0
2026-09-02 02:30:00,130.3,0,73,46.2,1,0,0
2026-09-02 02:35:00,127.6,0,70,51.2,1,0,0
2026-09-02 02:40:00,128.3,1,72,48.5,1,0,0
2026-09-02 02:45:00,129.0,0,70,46.3,1,0,0
2026-09-02 02:50:00,127.2,1,73,49.2,1,0,0
2026-09-02 02:55:00,129.5,0,73,46.9,1,0,0
2026-09-02 03:00:00,129.6,1,76,48.1,1,0,0
2026-09-02 03:05:00,128.1,1,76,49.5,1,0,0
2026-09-02 03:10:00,126.4,0,70,47.7,1,0,0
2026-09-02 03:15:00,125.8,0,72,49.2,1,0,0
2026-09-02 03:20:00,119.2,0,73,50.2,1,0,0
2026-09-02 03:25:00,121.8,0,72,48.2,1,0,0
2026-09-02 03:30:00,121.8,0,72,51.4,1,0,0
2026-09-02 03:35:00,121.5,0,73,48.2,1,0,0
2026-09-02 03:40:00,120.8,2,74,51.1,1,0,0
2026-09-02 03:45:00,125.2,0,73,47.6,1,0,0
2026-09-02 03:50:00,126.3,0,72,49.8,1,0,0
2026-09-02 03:55:00,125.3,0,73,49.4,1,0,0
2026-09-02 04:00:00,124.8,1,76,49.5,1,0,0
2026-09-02 04:05:00,127.3,1,71,49.4,1,0,0
2026-09-02 04:10:00,122.2,0,72,46.1,1,0,0
2026-09-02 04:15:00,124.9,0,74,51.0,1,0,0
2026-09-02 04:20:00,129.1,0,78,51.0,1,0,0
2026-09-02 04:25:00,127.4,0,75,49.0,1,0,0
2026-09-02 04:30:00,129.2,0,75,50.9,1,0,0
2026-09-02 04:35:00,128.9,1,73,48.2,1,0,0
2026-09-02 04:40:00,127.5,0,77,51.8,1,0,0
2026-09-02 04:45:00,126.3,0,73,50.8,1,0,0
2026-09-02 04:50:00,126.4,0,76,48.7,1,0,0
2026-09-02 04:55:00,118.4,0,73,48.3,1,0,0
2026-09-02 05:00:00,118.4,0,74,48.1,1,0,0
2026-09-02 05:05:00,118.1,0,73,51.3,1,0,0
2026-09-02 05:10:00,118.1,0,68,48.5,1,0,0
2026-09-02 05:15:00,120.7,0,75,49.1,1,0,0
2026-09-02 05:20:00,119.2,1,73,49.5,1,0,0
2026-09-02 05:25:00,119.6,0,69,50.6,1,0,0
2026-09-02 05:30:00,124.9,0,69,49.5,1,0,0
2026-09-02 05:35:00,125.2,1,73,50.9,1,0,0
2026-09-02 05:40:00,126.0,0,75,50.9,1,0,0
2026-09-02 05:45:00,123.1,2,72,50.9,1,0,0
2026-09-02 05:50:00,126.6,0,71,47.5,1,0,0
2026-09-02 05:55:00,123.7,0,73,51.0,1,0,0
2026-09-02 06:00:00,124.1,0,74,46.2,1,0,0
2026-09-02 06:05:00,124.5,0,75,47.0,1,0,0
2026-09-02 06:10:00,124.4,0,73,48.2,1,0,0
2026-09-02 06:15:00,123.9,1,73,47.1,1,0,0
2026-09-02 06:20:00,123.9,0,70,51.3,1,0,0
2026-09-02 06:25:00,125.9,0,73,49.5,1,0,0
2026-09-02 06:30:00,123.6,6,83,32.3,0,0,0
2026-09-02 06:35:00,125.2,6,83,28.7,0,0,0
2026-09-02 06:40:00,124.1,3,79,27.3,0,0,0
2026-09-02 06:45:00,124.3,10,82,31.4,0,0,0
2026-09-02 06:50:00,124.7,3,81,28.9,0,0,0
2026-09-02 06:55:00,124.2,2,77,33.5,0,0,0
2026-09-02 07:00:00,122.1,14,84,27.9,0,0,0
2026-09-02 07:05:00,120.9,4,81,30.1,0,0,0
2026-09-02 07:10:00,123.3,9,81,29.0,0,0,0
2026-09-02 07:15:00,126.8,0,81,32.1,0,0,0
2026-09-02 07:20:00,126.3,3,85,31.4,0,0,0
2026-09-02 07:25:00,122.9,3,81,28.7,0,0,0
2026-09-02 07:30:00,121.6,4,84,31.2,0,48,65
2026-09-02 07:35:00,128.5,9,87,30.1,0,0,0
2026-09-02 07:40:00,129.2,4,83,28.6,0,0,0
2026-09-02 07:45:00,132.5,399,108,29.1,0,0,0
2026-09-02 07:50:00,139.6,408,105,30.1,0,0,0
2026-09-02 07:55:00,144.4,21,84,29.6,0,0,0
2026-09-02 08:00:00,144.4,8,80,30.9,0,0,0
2026-09-02 08:05:00,145.3,6,83,34.4,0,0,0
2026-09-02 08:10:00,142.2,8,82,29.9,0,0,0
2026-09-02 08:15:00,144.0,8,81,28.3,0,0,0
2026-09-02 08:20:00,146.3,11,85,28.5,0,0,0
2026-09-02 08:25:00,144.6,11,83,27.4,0,0,0
2026-09-02 08:30:00,140.8,19,79,31.2,0,0,0
2026-09-02 08:35:00,140.1,337,101,31.7,0,0,0
2026-09-02 08:40:00,135.4,343,102,32.6,0,0,0
2026-09-02 08:45:00,134.1,341,102,28.6,0,0,0
2026-09-02 08:50:00,132.4,336,101,28.6,0,0,0
2026-09-02 08:55:00,131.6,6,82,29.1,0,0,0
2026-09-02 09:00:00,129.1,9,83,27.4,0,0,0
2026-09-02 09:05:00,126.8,8,83,31.0,0,0,0
2026-09-02 09:10:00,123.0,3,79,31.0,0,0,0
2026-09-02 09:15:00,125.4,12,81,30.8,0,0,0
2026-09-02 09:20:00,127.6,5,82,29.6,0,0,0
2026-09-02 09:25:00,129.8,17,83,32.6,0,0,0
2026-09-02 09:30:00,127.0,5,81,33.9,0,0,0
2026-09-02 09:35:00,123.6,8,82,29.0,0,0,0
2026-09-02 09:40:00,122.1,4,82,31.8,0,0,0
2026-09-02 09:45:00,120.1,7,82,30.1,0,0,0
2026-09-02 09:50:00,121.8,16,81,28.5,0,0,0
2026-09-02 09:55:00,119.6,13,80,29.6,0,0,0
2026-09-02 10:00:00,121.5,11,81,30.2,0,0,0
2026-09-02 10:05:00,116.9,11,80,30.9,0,0,0
2026-09-02 10:10:00,117.0,11,81,29.3,0,0,0
2026-09-02 10:15:00,117.7,11,80,31.0,0,0,0
2026-09-02 10:20:00,120.1,6,81,29.7,0,0,0
2026-09-02 10:25:00,119.5,4,80,29.3,0,0,0
2026-09-02 10:30:00,119.4,3,77,30.5,0,0,0
2026-09-02 10:35:00,119.0,7,82,31.1,0,0,0
2026-09-02 10:40:00,118.8,5,81,31.8,0,0,0
2026-09-02 10:45:00,116.1,5,78,30.6,0,0,0
2026-09-02 10:50:00,116.7,12,78,29.1,0,0,0
2026-09-02 10:55:00,113.8,10,80,24.7,0,0,0
2026-09-02 11:00:00,111.0,14,84,28.5,0,0,0
2026-09-02 11:05:00,112.3,5,83,31.3,0,0,0
2026-09-02 11:10:00,112.2,14,83,28.7,0,0,0
2026-09-02 11:15:00,109.8,4,84,30.1,0,0,0
2026-09-02 11:20:00,110.8,10,83,27.8,0,0,0
2026-09-02 11:25:00,111.3,7,83,29.6,0,0,0
2026-09-02 11:30:00,109.4,3,81,30.7,0,0,0
2026-09-02 11:35:00,108.7,8,82,33.4,0,0,0
2026-09-02 11:40:00,112.3,7,86,32.2,0,0,0
2026-09-02 11:45:00,114.0,1,83,29.9,0,0,0
2026-09-02 11:50:00,111.7,9,81,30.7,0,0,0
2026-09-02 11:55:00,112.8,3,79,34.6,0,0,0
2026-09-02 12:00:00,112.3,8,79,30.9,0,0,0
2026-09-02 12:05:00,112.2,11,82,30.1,0,0,0
2026-09-02 12:10:00,110.3,8,83,30.6,0,0,0
2026-09-02 12:15:00,113.4,3,84,27.8,0,0,0
2026-09-02 12:20:00,114.3,11,82,29.7,0,0,0
2026-09-02 12:25:00,110.0,11,80,30.3,0,0,0
2026-09-02 12:30:00,111.2,12,84,31.0,0,0,0
2026-09-02 12:35:00,114.6,8,81,26.7,0,0,0
2026-09-02 12:40:00,116.1,27,88,28.3,0,58,50
2026-09-02 12:45:00,121.9,6,84,28.8,0,0,0
2026-09-02 12:50:00,126.5,4,85,28.7,0,0,0
2026-09-02 12:55:00,125.9,403,106,30.7,0,0,0
2026-09-02 13:00:00,130.7,404,109,29.7,0,0,0
2026-09-02 13:05:00,133.3,6,84,30.7,0,0,0
2026-09-02 13:10:00,133.7,4,86,32.4,0,0,0
2026-09-02 13:15:00,133.8,19,84,29.8,0,0,0
2026-09-02 13:20:00,135.6,3,77,29.8,0,0,0
2026-09-02 13:25:00,137.9,9,79,30.3,0,0,0
2026-09-02 13:30:00,137.0,14,82,29.7,0,0,0
2026-09-02 13:35:00,137.8,3,81,29.0,0,0,0
2026-09-02 13:40:00,137.0,7,82,30.2,0,0,0
2026-09-02 13:45:00,133.6,10,78,29.7,0,0,0
2026-09-02 13:50:00,134.1,19,81,29.6,0,0,0
2026-09-02 13:55:00,134.4,16,82,33.1,0,0,0
2026-09-02 14:00:00,134.1,19,84,32.2,0,0,0
2026-09-02 14:05:00,136.5,7,79,31.6,0,0,0
2026-09-02 14:10:00,133.1,6,84,28.7,0,0,0
2026-09-02 14:15:00,132.4,11,83,29.6,0,0,0
2026-09-02 14:20:00,132.1,3,78,32.3,0,0,0
2026-09-02 14:25:00,128.8,21,80,29.7,0,0,0
2026-09-02 14:30:00,130.0,9,78,30.7,0,0,0
2026-09-02 14:35:00,126.1,13,84,31.5,0,0,0
2026-09-02 14:40:00,125.1,12,82,28.5,0,0,0
2026-09-02 14:45:00,122.9,15,81,32.1,0,0,0
2026-09-02 14:50:00,121.3,6,84,30.1,0,0,0
2026-09-02 14:55:00,124.1,8,81,28.8,0,0,0
2026-09-02 15:00:00,122.1,15,85,30.1,0,0,0
2026-09-02 15:05:00,122.9,11,85,31.9,0,0,0
2026-09-02 15:10:00,120.1,4,85,33.6,0,0,0
2026-09-02 15:15:00,117.7,4,82,29.1,0,0,0
2026-09-02 15:20:00,116.0,1,81,27.0,0,0,0
2026-09-02 15:25:00,114.6,8,80,31.5,0,0,0
2026-09-02 15:30:00,118.5,9,82,30.1,0,0,0
2026-09-02 15:35:00,117.5,10,80,30.5,0,0,0
2026-09-02 15:40:00,119.4,5,82,30.0,0,0,0
2026-09-02 15:45:00,118.8,10,81,28.6,0,0,0
2026-09-02 15:50:00,121.3,7,85,28.3,0,0,0
2026-09-02 15:55:00,118.9,10,80,28.7,0,0,0
2026-09-02 16:00:00,113.5,6,81,28.2,0,0,0
2026-09-02 16:05:00,109.5,3,84,32.4,0,0,0
2026-09-02 16:10:00,108.8,6,82,32.9,0,0,0
2026-09-02 16:15:00,111.5,5,81,31.1,0,0,0
2026-09-02 16:20:00,110.5,2,82,31.5,0,0,0
2026-09-02 16:25:00,111.6,11,82,31.3,0,0,0
2026-09-02 16:30:00,113.6,7,83,29.9,0,0,0
2026-09-02 16:35:00,116.0,13,81,29.5,0,0,0
2026-09-02 16:40:00,116.7,5,79,32.9,0,0,0
2026-09-02 16:45:00,116.4,10,80,29.9,0,0,0
2026-09-02 16:50:00,115.8,7,81,32.6,0,0,0
2026-09-02 16:55:00,115.1,16,82,33.1,0,0,0
2026-09-02 17:00:00,114.4,11,81,30.5,0,0,0
2026-09-02 17:05:00,116.4,7,82,29.9,0,0,0
2026-09-02 17:10:00,114.5,4,80,29.7,0,0,0
2026-09-02 17:15:00,117.2,19,84,34.0,0,0,0
2026-09-02 17:20:00,118.3,5,84,32.0,0,0,0
2026-09-02 17:25:00,119.6,6,80,32.5,0,0,0
2026-09-02 17:30:00,119.8,4,83,28.3,0,29,60
2026-09-02 17:35:00,123.1,8,86,33.2,0,0,0
2026-09-02 17:40:00,129.3,27,84,31.0,0,0,0
2026-09-02 17:45:00,132.5,464,115,27.9,0,0,0
2026-09-02 17:50:00,133.4,463,114,30.9,0,0,0
2026-09-02 17:55:00,131.6,8,84,36.7,0,0,0
2026-09-02 18:00:00,132.5,14,82,28.6,0,0,0
2026-09-02 18:05:00,129.8,10,80,32.1,0,0,0
2026-09-02 18:10:00,129.4,25,78,31.2,0,0,0
2026-09-02 18:15:00,126.5,15,83,29.8,0,0,0
2026-09-02 18:20:00,123.7,6,82,30.4,0,0,0
2026-09-02 18:25:00,121.3,8,85,30.6,0,0,0
2026-09-02 18:30:00,118.1,22,84,27.7,0,0,0
2026-09-02 18:35:00,120.7,4,81,32.1,0,0,0
2026-09-02 18:40:00,124.2,13,83,26.2,0,0,0
2026-09-02 18:45:00,123.2,9,84,29.6,0,0,0
2026-09-02 18:50:00,124.6,17,82,28.8,0,0,0
2026-09-02 18:55:00,124.5,14,83,29.5,0,0,0
2026-09-02 19:00:00,126.8,2,84,34.0,0,0,0
2026-09-02 19:05:00,128.3,22,82,30.7,0,0,0
2026-09-02 19:10:00,126.1,5,84,29.1,0,0,0
2026-09-02 19:15:00,127.4,24,82,28.7,0,0,0
2026-09-02 19:20:00,127.3,5,77,31.6,0,0,0
2026-09-02 19:25:00,126.8,8,80,30.7,0,0,0
2026-09-02 19:30:00,122.6,15,83,31.7,0,0,0
2026-09-02 19:35:00,123.0,9,81,26.6,0,0,0
2026-09-02 19:40:00,124.2,2,81,29.8,0,0,0
2026-09-02 19:45:00,122.5,9,79,30.4,0,0,0
2026-09-02 19:50:00,122.7,7,80,30.2,0,0,0
2026-09-02 19:55:00,124.9,9,84,32.0,0,0,0
2026-09-02 20:00:00,121.1,12,81,28.8,0,0,0
2026-09-02 20:05:00,116.5,6,83,27.0,0,0,0
2026-09-02 20:10:00,116.5,10,87,32.2,0,0,0
2026-09-02 20:15:00,114.9,10,82,28.3,0,0,0
2026-09-02 20:20:00,116.8,15,82,28.8,0,0,0
2026-09-02 20:25:00,115.5,12,78,32.6,0,0,0
2026-09-02 20:30:00,114.3,9,84,31.7,0,0,0
2026-09-02 20:35:00,115.7,9,82,32.2,0,0,0
2026-09-02 20:40:00,110.7,10,79,30.8,0,0,0
2026-09-02 20:45:00,108.4,6,80,31.8,0,0,0
2026-09-02 20:50:00,106.8,11,82,32.8,0,0,0
2026-09-02 20:55:00,106.6,5,82,31.8,0,0,0
2026-09-02 21:00:00,108.5,6,80,31.5,0,0,0
2026-09-02 21:05:00,105.7,16,86,30.6,0,0,0
2026-09-02 21:10:00,102.9,16,81,29.6,0,0,0
2026-09-02 21:15:00,100.6,15,80,29.8,0,0,0
2026-09-02 21:20:00,101.0,2,83,33.1,0,0,0
2026-09-02 21:25:00,102.1,20,83,28.0,0,0,0
2026-09-02 21:30:00,101.9,8,86,31.9,0,49,68
2026-09-02 21:35:00,111.4,2,83,33.1,0,0,0
2026-09-02 21:40:00,118.9,7,85,29.9,0,0,0
2026-09-02 21:45:00,123.5,4,85,30.0,0,0,0
2026-09-02 21:50:00,125.9,13,82,29.4,0,0,0
2026-09-02 21:55:00,128.0,7,80,32.6,0,0,0
2026-09-02 22:00:00,133.2,9,84,29.7,0,0,0
2026-09-02 22:05:00,137.5,18,83,32.1,0,0,0
2026-09-02 22:10:00,137.5,7,79,31.3,0,0,0
2026-09-02 22:15:00,137.4,3,83,33.8,0,0,0
2026-09-02 22:20:00,140.4,7,81,27.6,0,0,0
2026-09-02 22:25:00,138.7,14,83,30.1,0,0,0
2026-09-02 22:30:00,139.2,11,81,29.9,0,0,0
2026-09-02 22:35:00,141.3,12,82,31.2,0,0,0
2026-09-02 22:40:00,139.1,5,80,28.3,0,0,0
2026-09-02 22:45:00,139.3,8,81,29.4,0,0,0
2026-09-02 22:50:00,135.4,7,82,30.4,0,0,0
2026-09-02 22:55:00,133.2,5,83,31.0,0,0,0
2026-09-02 23:00:00,133.2,4,82,29.2,0,0,0
2026-09-02 23:05:00,134.6,7,83,27.4,0,0,0
2026-09-02 23:10:00,133.5,7,79,30.3,0,0,0
2026-09-02 23:15:00,137.0,4,81,27.7,0,0,0
2026-09-02 23:20:00,137.5,5,83,28.9,0,0,0
2026-09-02 23:25:00,139.2,15,83,31.1,0,0,0
2026-09-02 23:30:00,140.0,10,80,33.6,0,0,0
2026-09-02 23:35:00,140.0,3,79,29.6,0,0,0
2026-09-02 23:40:00,137.5,10,81,31.7,0,0,0
2026-09-02 23:45:00,134.4,11,79,33.2,0,0,0
2026-09-02 23:50:00,131.2,10,82,32.4,0,0,0
2026-09-02 23:55:00,130.8,5,81,32.9,0,0,0
2026-09-03 00:00:00,136.0,5,79,32.3,0,0,0
2026-09-03 00:05:00,131.0,12,83,30.2,0,0,0
2026-09-03 00:10:00,123.5,12,81,33.1,0,0,0
2026-09-03 00:15:00,125.3,5,80,33.5,0,0,0
2026-09-03 00:20:00,126.5,1,75,50.6,1,0,0
2026-09-03 00:25:00,127.2,0,71,47.6,1,0,0
2026-09-03 00:30:00,125.4,1,78,47.0,1,0,0
2026-09-03 00:35:00,119.7,2,72,46.9,1,0,0
2026-09-03 00:40:00,118.3,0,74,46.1,1,0,0
2026-09-03 00:45:00,120.7,0,72,51.4,1,0,0
2026-09-03 00:50:00,120.5,0,72,49.6,1,0,0
2026-09-03 00:55:00,121.6,0,71,47.8,1,0,0
2026-09-03 01:00:00,117.6,1,75,51.1,1,0,0
2026-09-03 01:05:00,115.3,0,71,49.6,1,0,0
2026-09-03 01:10:00,113.5,0,73,48.0,1,0,0
2026-09-03 01:15:00,112.4,0,71,48.4,1,0,0
2026-09-03 01:20:00,116.3,0,74,48.4,1,0,0
2026-09-03 01:25:00,116.5,0,73,48.1,1,0,0
2026-09-03 01:30:00,117.5,2,73,49.6,1,0,0
2026-09-03 01:35:00,114.9,1,72,49.2,1,0,0
2026-09-03 01:40:00,119.1,0,73,50.4,1,0,0
2026-09-03 01:45:00,119.4,0,71,50.1,1,0,0
2026-09-03 01:50:00,117.3,0,73,47.5,1,0,0
2026-09-03 01:55:00,119.8,1,72,46.4,1,0,0
2026-09-03 02:00:00,118.2,0,76,45.8,1,0,0
2026-09-03 02:05:00,116.7,0,73,47.6,1,0,0
2026-09-03 02:10:00,116.4,2,70,51.2,1,0,0
2026-09-03 02:15:00,119.1,0,76,48.8,1,0,0
2026-09-03 02:20:00,118.8,1,73,50.4,1,0,0
2026-09-03 02:25:00,122.6,0,74,50.9,1,0,0
2026-09-03 02:30:00,121.7,0,72,47.0,1,0,0
2026-09-03 02:35:00,119.3,0,71,47.5,1,0,0
2026-09-03 02:40:00,118.3,1,74,48.2,1,0,0
2026-09-03 02:45:00,122.3,0,74,46.2,1,0,0
2026-09-03 02:50:00,122.3,0,73,48.3,1,0,0
2026-09-03 02:55:00,121.7,0,71,45.8,1,0,0
2026-09-03 03:00:00,121.4,1,74,51.1,1,0,0
2026-09-03 03:05:00,121.3,0,72,47.7,1,0,0
2026-09-03 03:10:00,122.0,0,73,47.0,1,0,0
2026-09-03 03:15:00,121.7,0,74,50.3,1,0,0
2026-09-03 03:20:00,125.6,0,74,51.3,1,0,0
2026-09-03 03:25:00,125.8,1,77,48.7,1,0,0
2026-09-03 03:30:00,123.3,0,75,46.9,1,0,0
2026-09-03 03:35:00,122.1,0,73,46.3,1,0,0
2026-09-03 03:40:00,124.5,0,74,45.0,1,0,0
2026-09-03 03:45:00,121.6,0,75,49.1,1,0,0
2026-09-03 03:50:00,121.3,0,72,47.0,1,0,0
2026-09-03 03:55:00,123.6,0,73,50.1,1,0,0
2026-09-03 04:00:00,119.1,1,75,51.0,1,0,0
2026-09-03 04:05:00,120.8,0,73,48.5,1,0,0
2026-09-03 04:10:00,119.9,0,74,48.5,1,0,0
2026-09-03 04:15:00,118.0,0,70,50.3,1,0,0
2026-09-03 04:20:00,119.2,0,74,50.7,1,0,0
2026-09-03 04:25:00,121.5,0,72,48.1,1,0,0
2026-09-03 04:30:00,118.5,0,74,50.4,1,0,0
2026-09-03 04:35:00,120.4,1,73,49.8,1,0,0
2026-09-03 04:40:00,120.0,0,67,47.9,1,0,0
2026-09-03 04:45:00,121.8,0,72,47.5,1,0,0
2026-09-03 04:50:00,124.4,0,75,49.3,1,0,0
2026-09-03 04:55:00,122.8,0,73,46.0,1,0,0
2026-09-03 05:00:00,124.0,0,71,47.7,1,0,0
2026-09-03 05:05:00,125.9,0,72,44.5,1,0,0
2026-09-03 05:10:00,127.9,0,72,47.4,1,0,0
2026-09-03 05:15:00,125.6,0,76,51.5,1,0,0
2026-09-03 05:20:00,125.8,0,76,44.4,1,0,0
2026-09-03 05:25:00,127.0,0,75,46.2,1,0,0
2026-09-03 05:30:00,128.6,1,70,49.4,1,0,0
2026-09-03 05:35:00,130.8,0,74,47.1,1,0,0
2026-09-03 05:40:00,127.5,0,73,46.9,1,0,0
2026-09-03 05:45:00,125.7,0,70,47.9,1,0,0
2026-09-03 05:50:00,121.6,0,74,45.9,1,0,0
2026-09-03 05:55:00,121.2,0,74,45.7,1,0,0
2026-09-03 06:00:00,124.8,2,71,47.2,1,0,0
2026-09-03 06:05:00,126.1,0,68,48.2,1,0,0
2026-09-03 06:10:00,129.6,0,74,49.2,1,0,0
2026-09-03 06:15:00,131.0,6,82,32.8,0,0,0
2026-09-03 06:20:00,131.3,5,81,29.8,0,0,0
2026-09-03 06:25:00,131.6,13,79,27.1,0,0,0
2026-09-03 06:30:00,130.9,14,81,32.0,0,0,0
2026-09-03 06:35:00,128.8,10,83,29.0,0,0,0
2026-09-03 06:40:00,128.7,6,83,29.6,0,0,0
2026-09-03 06:45:00,129.6,3,81,32.0,0,0,0
2026-09-03 06:50:00,127.6,13,78,30.5,0,0,0
2026-09-03 06:55:00,128.5,17,81,33.9,0,0,0
2026-09-03 07:00:00,127.2,14,83,25.5,0,0,0
2026-09-03 07:05:00,127.8,8,81,30.6,0,0,0
2026-09-03 07:10:00,127.8,2,80,30.8,0,0,0
2026-09-03 07:15:00,121.8,5,79,31.7,0,0,0
2026-09-03 07:20:00,121.0,6,80,26.9,0,0,0
2026-09-03 07:25:00,121.1,10,79,30.9,0,0,0
2026-09-03 07:30:00,122.8,15,82,28.0,0,0,0
2026-09-03 07:35:00,123.8,1,82,31.9,0,0,0
2026-09-03 07:40:00,120.7,23,86,33.6,0,0,0
2026-09-03 07:45:00,119.6,5,84,28.7,0,0,0
2026-09-03 07:50:00,122.1,11,85,32.2,0,0,0
2026-09-03 07:55:00,122.4,17,81,29.6,0,0,0
2026-09-03 08:00:00,121.0,14,83,31.8,0,0,0
2026-09-03 08:05:00,123.3,13,83,28.2,0,0,0
2026-09-03 08:10:00,122.8,14,84,27.9,0,0,0
2026-09-03 08:15:00,122.0,5,84,30.2,0,0,0
2026-09-03 08:20:00,120.3,7,86,28.4,0,43,65
2026-09-03 08:25:00,126.1,13,86,29.5,0,0,0
2026-09-03 08:30:00,131.5,6,87,31.9,0,0,0
2026-09-03 08:35:00,133.1,19,85,29.1,0,0,0
2026-09-03 08:40:00,139.3,10,82,31.1,0,0,0
2026-09-03 08:45:00,139.5,2,79,31.0,0,0,0
2026-09-03 08:50:00,142.3,9,80,29.8,0,0,0
2026-09-03 08:55:00,144.5,8,84,30.6,0,0,0
2026-09-03 09:00:00,143.6,5,85,28.3,0,0,0
2026-09-03 09:05:00,142.8,2,83,30.0,0,0,0
2026-09-03 09:10:00,144.8,3,81,26.4,0,0,0
2026-09-03 09:15:00,143.0,5,78,27.9,0,0,0
2026-09-03 09:20:00,140.5,5,82,31.3,0,0,0
2026-09-03 09:25:00,143.7,11,78,30.0,0,0,0
2026-09-03 09:30:00,140.7,11,83,29.1,0,0,0
2026-09-03 09:35:00,141.0,9,82,32.2,0,0,0
2026-09-03 09:40:00,140.4,18,81,29.9,0,0,0
2026-09-03 09:45:00,135.6,13,80,32.9,0,0,0
2026-09-03 09:50:00,133.8,5,78,32.5,0,0,0
2026-09-03 09:55:00,130.4,7,75,30.6,0,0,0
2026-09-03 10:00:00,131.0,8,81,26.9,0,0,0
2026-09-03 10:05:00,127.8,18,83,29.7,0,0,0
2026-09-03 10:10:00,124.7,15,87,27.5,0,0,0
2026-09-03 10:15:00,123.6,17,81,31.8,0,0,0
2026-09-03 10:20:00,124.5,11,87,29.1,0,0,0
2026-09-03 10:25:00,125.3,12,86,27.4,0,0,0
2026-09-03 10:30:00,125.4,13,82,29.3,0,0,0
2026-09-03 10:35:00,124.7,4,81,29.8,0,0,0
2026-09-03 10:40:00,127.8,10,82,32.0,0,0,0
2026-09-03 10:45:00,128.5,7,83,28.8,0,0,0
2026-09-03 10:50:00,130.2,16,84,30.2,0,0,0
2026-09-03 10:55:00,130.6,8,78,29.6,0,0,0
2026-09-03 11:00:00,128.8,9,82,30.4,0,0,0
2026-09-03 11:05:00,125.1,5,82,27.5,0,0,0
2026-09-03 11:10:00,126.8,4,78,32.1,0,0,0
2026-09-03 11:15:00,127.5,10,80,28.9,0,0,0
2026-09-03 11:20:00,127.2,4,81,28.2,0,0,0
2026-09-03 11:25:00,125.6,10,85,28.9,0,0,0
2026-09-03 11:30:00,124.9,11,81,35.2,0,0,0
2026-09-03 11:35:00,125.7,2,80,27.4,0,0,0
2026-09-03 11:40:00,124.3,10,85,30.7,0,0,0
2026-09-03 11:45:00,121.5,7,82,28.3,0,0,0
2026-09-03 11:50:00,123.0,10,85,30.7,0,0,0
2026-09-03 11:55:00,119.9,5,83,32.3,0,0,0
2026-09-03 12:00:00,122.0,17,86,31.0,0,0,0
2026-09-03 12:05:00,122.0,10,83,30.9,0,0,0
2026-09-03 12:10:00,119.6,13,81,30.9,0,0,0
2026-09-03 12:15:00,119.8,2,79,28.8,0,0,0
2026-09-03 12:20:00,118.9,12,87,30.9,0,0,0
2026-09-03 12:25:00,120.2,7,76,31.5,0,0,0
2026-09-03 12:30:00,122.0,7,82,34.8,0,0,0
2026-09-03 12:35:00,119.4,14,81,28.7,0,0,0
2026-09-03 12:40:00,115.9,10,80,27.1,0,0,0
2026-09-03 12:45:00,119.0,7,80,25.5,0,0,0
2026-09-03 12:50:00,115.0,13,84,28.6,0,0,0
2026-09-03 12:55:00,116.0,16,83,31.0,0,0,0
2026-09-03 13:00:00,115.8,6,82,26.9,0,0,0
2026-09-03 13:05:00,114.0,12,83,31.8,0,0,0
2026-09-03 13:10:00,113.0,9,82,31.4,0,87,70
2026-09-03 13:15:00,126.9,8,83,28.3,0,0,0
2026-09-03 13:20:00,141.6,2,83,29.3,0,0,0
2026-09-03 13:25:00,152.3,6,83,33.9,0,0,0
2026-09-03 13:30:00,159.6,7,87,33.1,0,0,0
2026-09-03 13:35:00,163.2,24,83,28.3,0,0,0
2026-09-03 13:40:00,170.3,9,85,31.0,0,0,0
2026-09-03 13:45:00,173.0,10,82,29.7,0,0,0
2026-09-03 13:50:00,176.8,4,76,30.6,0,0,0
2026-09-03 13:55:00,177.8,7,82,29.4,0,0,0
2026-09-03 14:00:00,178.1,17,85,27.8,0,0,0
2026-09-03 14:05:00,177.3,539,113,26.4,0,0,0
2026-09-03 14:10:00,173.5,538,117,31.8,0,0,0
2026-09-03 14:15:00,173.1,8,84,30.5,0,0,0
2026-09-03 14:20:00,169.4,8,79,28.8,0,0,0
2026-09-03 14:25:00,168.8,6,80,32.7,0,0,0
2026-09-03 14:30:00,166.4,9,84,28.7,0,0,0
2026-09-03 14:35:00,165.3,5,82,28.9,0,0,0
2026-09-03 14:40:00,160.3,3,82,31.0,0,0,0
2026-09-03 14:45:00,160.4,9,82,28.0,0,0,0
2026-09-03 14:50:00,155.7,5,84,29.4,0,0,0
2026-09-03 14:55:00,148.3,17,79,30.1,0,0,0
2026-09-03 15:00:00,149.6,4,82,27.6,0,0,0
2026-09-03 15:05:00,148.9,11,82,29.8,0,0,0
2026-09-03 15:10:00,144.8,11,84,31.9,0,0,0
2026-09-03 15:15:00,140.9,2,80,29.6,0,0,0
2026-09-03 15:20:00,137.8,17,82,30.0,0,0,0
2026-09-03 15:25:00,134.9,9,79,30.8,0,0,0
2026-09-03 15:30:00,133.4,9,87,28.7,0,0,0
2026-09-03 15:35:00,130.5,12,85,31.6,0,0,0
2026-09-03 15:40:00,130.7,10,78,31.1,0,0,0
2026-09-03 15:45:00,129.3,18,82,27.7,0,0,0
2026-09-03 15:50:00,126.7,3,82,33.0,0,0,0
2026-09-03 15:55:00,125.4,5,84,28.5,0,0,0
2026-09-03 16:00:00,125.4,10,86,30.7,0,0,0
2026-09-03 16:05:00,123.1,6,79,30.3,0,0,0
2026-09-03 16:10:00,121.5,9,82,33.2,0,0,0
2026-09-03 16:15:00,119.9,6,81,31.2,0,0,0
2026-09-03 16:20:00,114.4,8,80,26.6,0,0,0
2026-09-03 16:25:00,113.8,4,80,34.1,0,0,0
2026-09-03 16:30:00,117.6,4,82,26.8,0,0,0
2026-09-03 16:35:00,117.6,13,79,29.1,0,0,0
2026-09-03 16:40:00,119.1,5,81,29.5,0,0,0
2026-09-03 16:45:00,119.9,9,82,34.1,0,0,0
2026-09-03 16:50:00,120.6,9,80,33.2,0,0,0
2026-09-03 16:55:00,122.9,11,82,31.6,0,0,0
2026-09-03 17:00:00,121.6,7,84,28.2,0,0,0
2026-09-03 17:05:00,122.2,14,82,30.3,0,0,0
2026-09-03 17:10:00,118.5,13,86,31.9,0,0,0
2026-09-03 17:15:00,117.1,1,82,27.8,0,0,0
2026-09-03 17:20:00,119.1,13,84,27.9,0,0,0
2026-09-03 17:25:00,117.0,9,84,30.2,0,0,0
2026-09-03 17:30:00,115.4,14,84,27.1,0,0,0
2026-09-03 17:35:00,115.7,12,78,25.6,0,0,0
2026-09-03 17:40:00,117.0,9,82,27.7,0,0,0
2026-09-03 17:45:00,116.0,3,80,26.6,0,0,0
2026-09-03 17:50:00,117.8,7,80,26.2,0,0,0
2026-09-03 17:55:00,116.1,7,81,32.6,0,0,0
2026-09-03 18:00:00,115.8,1,81,31.9,0,27,65
2026-09-03 18:05:00,120.4,13,84,29.3,0,0,0
2026-09-03 18:10:00,126.4,21,83,28.9,0,0,0
2026-09-03 18:15:00,127.8,495,113,29.5,0,0,0
2026-09-03 18:20:00,131.7,489,111,27.9,0,0,0
2026-09-03 18:25:00,132.5,4,86,27.5,0,0,0
2026-09-03 18:30:00,134.6,7,82,29.3,0,0,0
2026-09-03 18:35:00,136.5,7,82,29.6,0,0,0
2026-09-03 18:40:00,139.9,16,83,29.1,0,0,0
2026-09-03 18:45:00,139.5,12,86,30.8,0,0,0
2026-09-03 18:50:00,139.5,14,82,27.5,0,0,0
2026-09-03 18:55:00,138.9,14,85,27.4,0,0,0
2026-09-03 19:00:00,136.7,4,84,27.5,0,0,0
2026-09-03 19:05:00,138.8,3,82,30.9,0,0,0
2026-09-03 19:10:00,136.8,11,83,29.1,0,0,0
2026-09-03 19:15:00,136.2,5,84,28.4,0,0,0
2026-09-03 19:20:00,137.6,17,81,31.7,0,0,0
2026-09-03 19:25:00,135.1,12,78,27.2,0,0,0
2026-09-03 19:30:00,134.6,2,83,29.6,0,0,0
2026-09-03 19:35:00,131.5,3,78,26.8,0,0,0
2026-09-03 19:40:00,129.4,7,81,25.6,0,0,0
2026-09-03 19:45:00,126.7,10,82,29.7,0,0,0
2026-09-03 19:50:00,126.1,17,87,28.1,0,0,0
2026-09-03 19:55:00,126.3,7,82,31.4,0,0,0
2026-09-03 20:00:00,127.2,5,82,26.8,0,0,0
2026-09-03 20:05:00,128.8,15,83,27.2,0,0,0
2026-09-03 20:10:00,126.1,15,85,31.6,0,0,0
2026-09-03 20:15:00,123.6,6,83,29.2,0,0,0
2026-09-03 20:20:00,120.1,12,83,27.7,0,0,0
2026-09-03 20:25:00,121.9,12,87,32.0,0,108,70
2026-09-03 20:30:00,136.9,6,88,30.6,0,0,0
2026-09-03 20:35:00,148.7,9,86,29.3,0,0,0
2026-09-03 20:40:00,156.1,504,112,30.2,0,0,0
2026-09-03 20:45:00,166.0,503,115,28.1,0,0,0
2026-09-03 20:50:00,170.9,6,87,26.6,0,0,0
2026-09-03 20:55:00,173.9,2,81,31.0,0,0,0
2026-09-03 21:00:00,174.4,16,82,30.4,0,0,0
2026-09-03 21:05:00,177.4,8,81,35.1,0,0,0
2026-09-03 21:10:00,180.1,6,79,32.9,0,0,0
2026-09-03 21:15:00,181.1,1,81,26.5,0,0,0
2026-09-03 21:20:00,178.2,4,81,29.3,0,0,0
2026-09-03 21:25:00,176.2,20,85,28.8,0,0,0
2026-09-03 21:30:00,174.3,7,76,30.2,0,0,0
2026-09-03 21:35:00,171.6,13,79,30.1,0,0,0
2026-09-03 21:40:00,170.1,23,83,31.1,0,0,0
2026-09-03 21:45:00,169.7,14,83,32.7,0,0,0
2026-09-03 21:50:00,168.6,4,80,29.6,0,0,0
2026-09-03 21:55:00,164.7,9,79,26.9,0,0,0
2026-09-03 22:00:00,164.3,8,80,28.3,0,0,0
2026-09-03 22:05:00,162.5,7,80,29.7,0,0,0
2026-09-03 22:10:00,159.7,10,81,28.0,0,0,0
2026-09-03 22:15:00,156.4,11,82,29.3,0,0,0
2026-09-03 22:20:00,153.4,8,80,28.1,0,0,0
2026-09-03 22:25:00,151.3,10,78,31.8,0,0,0
2026-09-03 22:30:00,147.9,5,79,30.6,0,0,0
2026-09-03 22:35:00,144.7,8,79,28.2,0,0,0
2026-09-03 22:40:00,139.7,10,81,30.4,0,0,0
2026-09-03 22:45:00,137.6,1,74,47.8,1,0,0
2026-09-03 22:50:00,134.6,0,72,47.6,1,0,0
2026-09-03 22:55:00,132.1,0,69,43.4,1,0,0
2026-09-03 23:00:00,130.7,0,70,50.5,1,0,0
2026-09-03 23:05:00,127.1,0,72,49.3,1,0,0
2026-09-03 23:10:00,126.0,0,75,50.1,1,0,0
2026-09-03 23:15:00,124.4,0,73,51.3,1,0,0
2026-09-03 23:20:00,121.7,1,74,47.0,1,0,0
2026-09-03 23:25:00,122.2,0,74,49.2,1,0,0
2026-09-03 23:30:00,124.2,0,73,47.0,1,0,0
2026-09-03 23:35:00,123.8,0,71,49.1,1,0,0
2026-09-03 23:40:00,122.2,1,77,44.9,1,0,0
2026-09-03 23:45:00,124.6,0,72,48.9,1,0,0
2026-09-03 23:50:00,122.0,0,75,49.6,1,0,0
2026-09-03 23:55:00,121.5,1,72,49.3,1,0,0
2026-09-04 00:00:00,120.3,0,74,50.2,1,0,0
2026-09-04 00:05:00,119.2,0,73,47.8,1,0,0
2026-09-04 00:10:00,117.2,0,75,43.5,1,0,0
2026-09-04 00:15:00,117.9,1,73,50.8,1,0,0
2026-09-04 00:20:00,116.6,0,73,45.3,1,0,0
2026-09-04 00:25:00,118.9,1,73,48.1,1,0,0
2026-09-04 00:30:00,118.2,1,71,50.2,1,0,0
2026-09-04 00:35:00,120.1,0,74,49.7,1,0,0
2026-09-04 00:40:00,120.2,0,75,49.1,1,0,0
2026-09-04 00:45:00,119.0,0,77,50.9,1,0,0
2026-09-04 00:50:00,119.5,0,72,49.8,1,0,0
2026-09-04 00:55:00,116.2,0,71,50.6,1,0,0
2026-09-04 01:00:00,117.0,0,72,49.2,1,0,0
2026-09-04 01:05:00,113.2,0,72,51.0,1,0,0
2026-09-04 01:10:00,115.3,0,75,52.5,1,0,0
2026-09-04 01:15:00,116.6,0,77,52.6,1,0,0
2026-09-04 01:20:00,115.7,0,68,45.7,1,0,0
2026-09-04 01:25:00,115.3,0,76,47.3,1,0,0
2026-09-04 01:30:00,113.8,1,73,49.5,1,0,0
2026-09-04 01:35:00,110.6,0,73,46.5,1,0,0
2026-09-04 01:40:00,108.9,0,73,49.8,1,0,0
2026-09-04 01:45:00,107.2,0,71,49.3,1,0,0
2026-09-04 01:50:00,106.9,0,73,51.4,1,0,0
2026-09-04 01:55:00,108.9,1,73,49.8,1,0,0
2026-09-04 02:00:00,112.1,0,74,51.5,1,0,0
2026-09-04 02:05:00,113.1,1,71,52.7,1,0,0
2026-09-04 02:10:00,113.6,1,71,47.7,1,0,0
2026-09-04 02:15:00,115.3,0,72,50.6,1,0,0
2026-09-04 02:20:00,119.9,0,70,50.5,1,0,0
2026-09-04 02:25:00,121.2,0,75,47.2,1,0,0
2026-09-04 02:30:00,120.9,0,74,51.5,1,0,0
2026-09-04 02:35:00,117.6,0,74,50.6,1,0,0
2026-09-04 02:40:00,116.8,0,74,47.9,1,0,0
2026-09-04 02:45:00,116.7,0,73,51.5,1,0,0
2026-09-04 02:50:00,119.2,0,72,47.3,1,0,0
2026-09-04 02:55:00,118.2,0,73,48.1,1,0,0
2026-09-04 03:00:00,121.0,1,71,49.3,1,0,0
2026-09-04 03:05:00,117.9,0,75,45.4,1,0,0
2026-09-04 03:10:00,118.2,1,73,46.7,1,0,0
2026-09-04 03:15:00,118.5,0,74,49.7,1,0,0
2026-09-04 03:20:00,117.5,0,78,48.7,1,0,0
2026-09-04 03:25:00,114.7,1,75,48.0,1,0,0
2026-09-04 03:30:00,113.3,2,75,48.2,1,0,0
2026-09-04 03:35:00,112.6,0,81,48.0,1,0,0
2026-09-04 03:40:00,109.2,0,72,48.6,1,0,0
2026-09-04 03:45:00,109.7,0,74,52.3,1,0,0
2026-09-04 03:50:00,112.2,0,75,47.4,1,0,0
2026-09-04 03:55:00,112.5,0,75,50.7,1,0,0
2026-09-04 04:00:00,111.0,1,72,48.9,1,0,0
2026-09-04 04:05:00,112.1,0,73,50.2,1,0,0
2026-09-04 04:10:00,112.3,0,70,48.9,1,0,0
2026-09-04 04:15:00,116.6,1,70,47.1,1,0,0
2026-09-04 04:20:00,118.0,0,76,48.0,1,0,0
2026-09-04 04:25:00,124.2,1,74,47.6,1,0,0
2026-09-04 04:30:00,124.1,0,77,49.3,1,0,0
2026-09-04 04:35:00,123.4,0,72,49.1,1,0,0
2026-09-04 04:40:00,121.0,0,72,49.4,1,0,0
2026-09-04 04:45:00,122.8,0,75,52.1,1,0,0
2026-09-04 04:50:00,124.0,0,72,52.5,1,0,0
2026-09-04 04:55:00,122.7,0,71,50.6,1,0,0
2026-09-04 05:00:00,123.0,0,75,49.5,1,0,0
2026-09-04 05:05:00,122.1,0,73,47.6,1,0,0
2026-09-04 05:10:00,121.8,0,69,46.8,1,0,0
2026-09-04 05:15:00,122.4,0,74,49.1,1,0,0
2026-09-04 05:20:00,120.6,0,70,46.2,1,0,0
2026-09-04 05:25:00,121.0,1,71,50.9,1,0,0
2026-09-04 05:30:00,115.2,0,73,49.7,1,0,0
2026-09-04 05:35:00,118.4,0,71,45.7,1,0,0
2026-09-04 05:40:00,123.1,0,73,48.2,1,0,0
2026-09-04 05:45:00,122.6,0,73,52.3,1,0,0
2026-09-04 05:50:00,124.6,0,74,49.3,1,0,0
2026-09-04 05:55:00,126.1,0,70,45.7,1,0,0
2026-09-04 06:00:00,125.4,0,72,50.4,1,0,0
2026-09-04 06:05:00,122.2,12,81,29.2,0,0,0
2026-09-04 06:10:00,121.0,7,83,28.5,0,0,0
2026-09-04 06:15:00,119.5,11,78,27.8,0,0,0
2026-09-04 06:20:00,116.0,5,78,26.7,0,0,0
2026-09-04 06:25:00,116.7,7,78,31.0,0,0,0
2026-09-04 06:30:00,119.1,21,82,28.2,0,0,0
2026-09-04 06:35:00,119.7,5,81,33.7,0,0,0
2026-09-04 06:40:00,123.2,2,81,26.5,0,0,0
2026-09-04 06:45:00,120.9,5,79,30.9,0,0,0
2026-09-04 06:50:00,122.7,7,82,26.4,0,0,0
2026-09-04 06:55:00,123.5,3,82,32.5,0,0,0
2026-09-04 07:00:00,123.7,15,82,33.3,0,0,0
2026-09-04 07:05:00,124.4,2,81,27.7,0,0,0
2026-09-04 07:10:00,125.2,8,82,31.6,0,0,0
2026-09-04 07:15:00,127.3,6,79,30.3,0,0,0
2026-09-04 07:20:00,129.3,8,81,27.6,0,0,0
2026-09-04 07:25:00,127.1,9,81,32.5,0,0,0
2026-09-04 07:30:00,124.5,5,84,31.0,0,0,0
2026-09-04 07:35:00,126.4,4,77,33.1,0,0,0
2026-09-04 07:40:00,126.0,11,83,34.1,0,0,0
2026-09-04 07:45:00,127.5,8,81,31.0,0,0,0
2026-09-04 07:50:00,126.7,16,83,31.6,0,0,0
2026-09-04 07:55:00,121.8,2,81,31.8,0,0,0
2026-09-04 08:00:00,123.1,4,82,29.5,0,51,70
2026-09-04 08:05:00,129.7,4,85,33.7,0,0,0
2026-09-04 08:10:00,134.8,4,81,35.2,0,0,0
2026-09-04 08:15:00,141.0,6,88,28.6,0,0,0
2026-09-04 08:20:00,146.3,15,87,34.6,0,0,0
2026-09-04 08:25:00,147.1,7,84,29.3,0,0,0
2026-09-04 08:30:00,151.7,24,84,29.4,0,0,0
2026-09-04 08:35:00,154.7,4,83,34.4,0,0,0
2026-09-04 08:40:00,151.8,19,81,27.9,0,0,0
2026-09-04 08:45:00,153.4,12,81,31.7,0,0,0
2026-09-04 08:50:00,151.7,3,82,29.4,0,0,0
2026-09-04 08:55:00,152.0,13,80,30.9,0,0,0
2026-09-04 09:00:00,151.3,8,82,28.6,0,0,0
2026-09-04 09:05:00,146.8,5,80,33.1,0,0,0
2026-09-04 09:10:00,146.8,8,82,26.8,0,0,0
2026-09-04 09:15:00,145.8,15,83,29.2,0,0,0
2026-09-04 09:20:00,145.6,13,81,29.6,0,0,0
2026-09-04 09:25:00,146.7,2,81,29.2,0,0,0
2026-09-04 09:30:00,143.3,9,81,32.6,0,0,0
2026-09-04 09:35:00,141.8,10,81,28.3,0,0,0
2026-09-04 09:40:00,137.9,9,82,30.9,0,0,0
2026-09-04 09:45:00,138.5,8,80,28.3,0,0,0
2026-09-04 09:50:00,137.7,15,81,30.6,0,0,0
2026-09-04 09:55:00,135.3,16,81,31.7,0,0,0
2026-09-04 10:00:00,133.0,6,84,29.5,0,0,0
2026-09-04 10:05:00,132.9,8,84,30.5,0,0,0
2026-09-04 10:10:00,129.6,3,83,31.5,0,0,0
2026-09-04 10:15:00,128.9,15,82,27.6,0,0,0
2026-09-04 10:20:00,126.9,12,80,24.5,0,0,0
2026-09-04 10:25:00,123.7,11,83,30.1,0,0,0
2026-09-04 10:30:00,121.9,5,87,30.3,0,0,0
2026-09-04 10:35:00,119.2,4,80,27.9,0,0,0
2026-09-04 10:40:00,118.5,8,83,30.8,0,0,0
2026-09-04 10:45:00,119.2,11,77,29.6,0,0,0
2026-09-04 10:50:00,119.2,18,83,31.7,0,0,0
2026-09-04 10:55:00,121.3,10,83,32.0,0,0,0
2026-09-04 11:00:00,120.8,17,81,29.5,0,0,0
2026-09-04 11:05:00,120.8,11,85,30.5,0,0,0
2026-09-04 11:10:00,121.0,3,80,30.9,0,0,0
2026-09-04 11:15:00,122.1,8,82,34.2,0,0,0
2026-09-04 11:20:00,121.5,9,81,30.9,0,0,0
2026-09-04 11:25:00,118.0,14,81,29.2,0,0,0
2026-09-04 11:30:00,113.2,6,79,35.3,0,0,0
2026-09-04 11:35:00,108.7,12,81,32.6,0,0,0
2026-09-04 11:40:00,106.7,3,84,29.3,0,0,0
2026-09-04 11:45:00,105.6,6,80,31.7,0,0,0
2026-09-04 11:50:00,107.5,9,82,29.3,0,0,0
2026-09-04 11:55:00,109.0,15,84,27.3,0,0,0
2026-09-04 12:00:00,113.8,13,80,27.0,0,0,0
2026-09-04 12:05:00,113.2,2,80,31.2,0,0,0
2026-09-04 12:10:00,116.2,3,83,32.2,0,0,0
2026-09-04 12:15:00,117.3,7,83,30.2,0,0,0
2026-09-04 12:20:00,121.6,8,84,32.2,0,0,0
2026-09-04 12:25:00,123.9,5,79,29.1,0,0,0
2026-09-04 12:30:00,123.1,7,83,26.9,0,0,0
2026-09-04 12:35:00,124.6,7,79,29.9,0,0,0
2026-09-04 12:40:00,123.1,3,85,30.0,0,0,0
2026-09-04 12:45:00,121.0,6,83,31.7,0,0,0
2026-09-04 12:50:00,120.6,1,83,31.1,0,0,0
2026-09-04 12:55:00,120.8,12,85,31.1,0,0,0
2026-09-04 13:00:00,118.1,5,79,31.4,0,0,0
2026-09-04 13:05:00,118.6,7,83,26.2,0,0,0
2026-09-04 13:10:00,119.1,1,79,30.2,0,0,0
2026-09-04 13:15:00,116.8,6,83,31.3,0,0,0
2026-09-04 13:20:00,117.6,7,79,33.4,0,92,70
2026-09-04 13:25:00,130.9,10,86,28.8,0,0,0
2026-09-04 13:30:00,143.7,20,85,30.3,0,0,0
2026-09-04 13:35:00,153.7,4,84,29.7,0,0,0
2026-09-04 13:40:00,161.9,5,86,30.3,0,0,0
2026-09-04 13:45:00,166.7,9,81,30.6,0,0,0
2026-09-04 13:50:00,170.6,21,81,27.4,0,0,0
2026-09-04 13:55:00,173.8,7,78,30.4,0,0,0
2026-09-04 14:00:00,174.7,10,80,28.6,0,0,0
2026-09-04 14:05:00,174.7,3,81,32.7,0,0,0
2026-09-04 14:10:00,176.6,4,84,28.3,0,0,0
2026-09-04 14:15:00,176.1,24,87,25.9,0,0,0
2026-09-04 14:20:00,175.5,11,82,32.8,0,0,0
2026-09-04 14:25:00,173.7,5,86,27.7,0,0,0
2026-09-04 14:30:00,172.5,15,78,31.9,0,0,0
2026-09-04 14:35:00,172.5,4,82,30.6,0,0,0
2026-09-04 14:40:00,170.6,3,79,29.8,0,0,0
2026-09-04 14:45:00,170.6,13,83,34.4,0,0,0
2026-09-04 14:50:00,166.3,8,78,28.2,0,0,0
2026-09-04 14:55:00,164.5,21,84,32.6,0,0,0
2026-09-04 15:00:00,158.3,6,78,32.8,0,0,0
2026-09-04 15:05:00,156.4,9,81,29.1,0,0,0
2026-09-04 15:10:00,154.8,25,82,31.4,0,0,0
2026-09-04 15:15:00,155.7,26,80,26.8,0,0,0
2026-09-04 15:20:00,155.8,13,87,31.1,0,0,0
2026-09-04 15:25:00,151.0,15,84,29.5,0,0,0
2026-09-04 15:30:00,147.3,6,83,31.2,0,0,0
2026-09-04 15:35:00,144.8,12,81,31.8,0,0,0
2026-09-04 15:40:00,142.1,13,81,32.1,0,0,0
2026-09-04 15:45:00,143.9,7,84,31.0,0,0,0
2026-09-04 15:50:00,141.7,15,79,30.8,0,0,0
2026-09-04 15:55:00,141.3,11,84,30.5,0,0,0
2026-09-04 16:00:00,137.4,2,84,30.8,0,0,0
2026-09-04 16:05:00,133.4,2,76,29.8,0,0,0
2026-09-04 16:10:00,134.1,11,80,28.6,0,0,0
2026-09-04 16:15:00,132.8,9,81,30.0,0,0,0
2026-09-04 16:20:00,130.1,10,84,29.5,0,0,0
2026-09-04 16:25:00,128.8,7,79,32.0,0,0,0
2026-09-04 16:30:00,126.4,9,82,31.0,0,0,0
2026-09-04 16:35:00,126.8,17,84,32.1,0,0,0
2026-09-04 16:40:00,125.3,17,85,26.2,0,0,0
2026-09-04 16:45:00,127.1,4,82,29.7,0,0,0
2026-09-04 16:50:00,128.1,16,83,29.9,0,0,0
2026-09-04 16:55:00,129.1,10,78,27.6,0,0,0
2026-09-04 17:00:00,128.6,9,82,30.7,0,0,0
2026-09-04 17:05:00,125.8,13,84,33.9,0,33,60
2026-09-04 17:10:00,126.7,6,86,25.2,0,0,0
2026-09-04 17:15:00,124.5,9,82,33.5,0,0,0
2026-09-04 17:20:00,125.6,7,82,27.9,0,0,0
2026-09-04 17:25:00,127.9,443,109,30.0,0,0,0
2026-09-04 17:30:00,129.7,448,110,30.4,0,0,0
2026-09-04 17:35:00,132.1,444,106,30.5,0,0,0
2026-09-04 17:40:00,134.2,443,110,33.6,0,0,0
2026-09-04 17:45:00,133.4,4,82,28.4,0,0,0
2026-09-04 17:50:00,132.2,7,83,32.6,0,0,0
2026-09-04 17:55:00,135.3,5,85,32.3,0,0,0
2026-09-04 18:00:00,131.3,11,78,31.6,0,0,0
2026-09-04 18:05:00,130.5,12,84,31.6,0,0,0
2026-09-04 18:10:00,132.9,4,85,30.9,0,0,0
2026-09-04 18:15:00,128.9,7,81,30.9,0,0,0
2026-09-04 18:20:00,130.4,8,83,28.0,0,0,0
2026-09-04 18:25:00,130.2,18,83,31.1,0,0,0
2026-09-04 18:30:00,132.1,17,81,31.0,0,0,0
2026-09-04 18:35:00,132.5,5,82,28.2,0,0,0
2026-09-04 18:40:00,135.4,13,78,33.2,0,0,0
2026-09-04 18:45:00,136.5,9,80,32.9,0,0,0
2026-09-04 18:50:00,134.0,15,81,33.1,0,0,0
2026-09-04 18:55:00,133.5,6,83,28.0,0,0,0
2026-09-04 19:00:00,131.9,5,82,26.5,0,0,0
2026-09-04 19:05:00,131.3,16,83,31.4,0,0,0
2026-09-04 19:10:00,128.3,7,81,27.4,0,0,0
2026-09-04 19:15:00,128.9,7,79,28.6,0,0,0
2026-09-04 19:20:00,127.1,7,83,30.0,0,0,0
2026-09-04 19:25:00,124.3,8,81,33.9,0,0,0
2026-09-04 19:30:00,120.3,21,78,30.7,0,0,0
2026-09-04 19:35:00,121.3,10,78,31.3,0,0,0
2026-09-04 19:40:00,122.9,12,85,31.9,0,0,0
2026-09-04 19:45:00,124.2,11,82,32.9,0,0,0
2026-09-04 19:50:00,122.0,9,84,29.0,0,0,0
2026-09-04 19:55:00,120.8,14,80,31.0,0,0,0
2026-09-04 20:00:00,117.6,12,80,31.5,0,0,0
2026-09-04 20:05:00,118.1,4,79,33.8,0,0,0
2026-09-04 20:10:00,117.5,9,82,30.2,0,0,0
2026-09-04 20:15:00,119.0,14,84,30.5,0,0,0
2026-09-04 20:20:00,118.5,2,80,31.3,0,0,0
2026-09-04 20:25:00,117.5,12,82,32.1,0,0,0
2026-09-04 20:30:00,114.4,21,84,32.1,0,77,75
2026-09-04 20:35:00,131.5,12,83,26.6,0,0,0
2026-09-04 20:40:00,141.4,12,87,29.9,0,0,0
2026-09-04 20:45:00,152.3,14,86,31.1,0,0,0
2026-09-04 20:50:00,158.0,4,83,32.6,0,0,0
2026-09-04 20:55:00,163.9,7,81,30.9,0,0,0
2026-09-04 21:00:00,168.8,16,83,29.9,0,0,0
2026-09-04 21:05:00,172.1,8,84,27.0,0,0,0
2026-09-04 21:10:00,172.6,8,82,33.4,0,0,0
2026-09-04 21:15:00,174.8,4,81,29.7,0,0,0
2026-09-04 21:20:00,171.8,3,81,32.7,0,0,0
2026-09-04 21:25:00,169.8,4,82,29.0,0,0,0
2026-09-04 21:30:00,166.6,8,79,30.4,0,0,0
2026-09-04 21:35:00,164.5,19,81,35.5,0,0,0
2026-09-04 21:40:00,163.1,7,82,32.8,0,0,0
2026-09-04 21:45:00,162.3,5,80,28.8,0,0,0
2026-09-04 21:50:00,160.7,6,80,30.9,0,0,0
2026-09-04 21:55:00,157.0,12,82,28.3,0,0,0
2026-09-04 22:00:00,153.0,9,80,31.4,0,0,0
2026-09-04 22:05:00,153.5,4,81,29.1,0,0,0
2026-09-04 22:10:00,146.2,8,81,27.2,0,0,0
2026-09-04 22:15:00,142.7,8,80,30.8,0,0,0
2026-09-04 22:20:00,142.8,9,83,30.1,0,0,0
2026-09-04 22:25:00,138.4,9,80,28.7,0,0,0
2026-09-04 22:30:00,136.9,12,80,30.4,0,0,0
2026-09-04 22:35:00,134.9,8,80,28.6,0,0,0
2026-09-04 22:40:00,133.4,7,84,30.2,0,0,0
2026-09-04 22:45:00,135.0,7,82,30.3,0,0,0
2026-09-04 22:50:00,136.9,10,82,31.9,0,0,0
2026-09-04 22:55:00,131.8,3,82,31.4,0,0,0
2026-09-04 23:00:00,130.6,1,82,31.4,0,0,0
2026-09-04 23:05:00,128.3,11,78,28.9,0,0,0
2026-09-04 23:10:00,128.2,5,82,31.4,0,0,0
2026-09-04 23:15:00,126.2,7,84,31.0,0,0,0
2026-09-04 23:20:00,120.3,5,80,30.7,0,0,0
2026-09-04 23:25:00,121.7,9,79,28.6,0,0,0
2026-09-04 23:30:00,119.5,7,83,31.2,0,0,0
2026-09-04 23:35:00,119.1,6,77,31.4,0,0,0
2026-09-04 23:40:00,121.3,1,73,49.6,1,0,0
2026-09-04 23:45:00,123.4,0,72,49.2,1,0,0
2026-09-04 23:50:00,124.1,0,72,48.5,1,0,0
2026-09-04 23:55:00,125.5,1,72,51.5,1,0,0
2026-09-05 00:00:00,119.1,0,72,52.5,1,0,0
2026-09-05 00:05:00,117.4,0,76,52.7,1,0,0
2026-09-05 00:10:00,120.4,0,76,52.3,1,0,0
2026-09-05 00:15:00,116.9,0,78,49.0,1,0,0
2026-09-05 00:20:00,118.9,0,71,50.2,1,0,0
2026-09-05 00:25:00,118.2,0,73,49.3,1,0,0
2026-09-05 00:30:00,117.8,0,72,52.3,1,0,0
2026-09-05 00:35:00,118.9,0,75,51.3,1,0,0
2026-09-05 00:40:00,115.5,0,72,51.9,1,0,0
2026-09-05 00:45:00,117.5,1,73,49.7,1,0,0
2026-09-05 00:50:00,115.3,0,74,49.9,1,0,0
2026-09-05 00:55:00,114.5,0,73,49.5,1,0,0
2026-09-05 01:00:00,116.9,0,77,49.1,1,0,0
2026-09-05 01:05:00,118.3,0,72,48.4,1,0,0
2026-09-05 01:10:00,117.2,0,74,50.5,1,0,0
2026-09-05 01:15:00,118.5,0,74,54.0,1,0,0
2026-09-05 01:20:00,120.6,1,77,52.6,1,0,0
2026-09-05 01:25:00,118.2,0,72,52.3,1,0,0
2026-09-05 01:30:00,119.6,0,75,49.2,1,0,0
2026-09-05 01:35:00,124.1,0,77,53.3,1,0,0
2026-09-05 01:40:00,118.5,0,72,49.3,1,0,0
2026-09-05 01:45:00,114.5,0,73,49.1,1,0,0
2026-09-05 01:50:00,112.0,1,70,52.2,1,0,0
2026-09-05 01:55:00,111.6,1,73,51.3,1,0,0
2026-09-05 02:00:00,113.1,0,71,51.4,1,0,0
2026-09-05 02:05:00,111.3,0,74,51.0,1,0,0
2026-09-05 02:10:00,110.9,0,74,52.8,1,0,0
2026-09-05 02:15:00,111.7,0,76,53.4,1,0,0
2026-09-05 02:20:00,111.8,1,74,48.5,1,0,0
2026-09-05 02:25:00,110.6,2,77,52.2,1,0,0
2026-09-05 02:30:00,110.5,1,68,48.8,1,0,0
2026-09-05 02:35:00,112.1,0,72,52.6,1,0,0
2026-09-05 02:40:00,114.3,1,72,48.9,1,0,0
2026-09-05 02:45:00,116.2,1,71,49.0,1,0,0
2026-09-05 02:50:00,115.3,1,76,49.0,1,0,0
2026-09-05 02:55:00,113.4,0,75,51.7,1,0,0
2026-09-05 03:00:00,112.1,0,72,50.0,1,0,0
2026-09-05 03:05:00,112.2,0,73,52.3,1,0,0
2026-09-05 03:10:00,112.0,0,77,51.1,1,0,0
2026-09-05 03:15:00,111.5,0,71,54.7,1,0,0
2026-09-05 03:20:00,111.0,0,73,50.6,1,0,0
2026-09-05 03:25:00,114.0,0,71,52.5,1,0,0
2026-09-05 03:30:00,115.6,0,73,51.0,1,0,0
2026-09-05 03:35:00,114.0,0,72,52.6,1,0,0
2026-09-05 03:40:00,110.4,1,75,52.4,1,0,0
2026-09-05 03:45:00,108.4,0,73,53.7,1,0,0
2026-09-05 03:50:00,112.2,1,73,49.5,1,0,0
2026-09-05 03:55:00,112.7,1,75,52.0,1,0,0
2026-09-05 04:00:00,113.3,0,70,48.6,1,0,0
2026-09-05 04:05:00,112.2,1,75,53.1,1,0,0
2026-09-05 04:10:00,116.7,0,74,49.2,1,0,0
2026-09-05 04:15:00,121.7,0,73,50.7,1,0,0
2026-09-05 04:20:00,121.9,0,76,55.0,1,0,0
2026-09-05 04:25:00,123.2,0,73,51.8,1,0,0
2026-09-05 04:30:00,122.0,0,71,52.1,1,0,0
2026-09-05 04:35:00,121.0,0,69,49.5,1,0,0
2026-09-05 04:40:00,121.3,1,77,51.5,1,0,0
2026-09-05 04:45:00,126.3,0,71,47.6,1,0,0
2026-09-05 04:50:00,126.2,0,73,49.2,1,0,0
2026-09-05 04:55:00,122.9,0,75,51.7,1,0,0
2026-09-05 05:00:00,121.1,0,75,53.7,1,0,0
2026-09-05 05:05:00,121.8,0,76,50.0,1,0,0
2026-09-05 05:10:00,123.1,0,76,51.5,1,0,0
2026-09-05 05:15:00,124.6,0,70,49.4,1,0,0
2026-09-05 05:20:00,125.8,1,70,51.7,1,0,0
2026-09-05 05:25:00,123.5,1,76,51.5,1,0,0
2026-09-05 05:30:00,119.2,1,72,52.0,1,0,0
2026-09-05 05:35:00,120.8,0,74,53.6,1,0,0
2026-09-05 05:40:00,121.8,0,73,52.2,1,0,0
2026-09-05 05:45:00,122.2,0,73,49.6,1,0,0
2026-09-05 05:50:00,123.9,0,72,49.5,1,0,0
2026-09-05 05:55:00,120.5,0,74,50.7,1,0,0
2026-09-05 06:00:00,121.5,1,69,55.2,1,0,0
2026-09-05 06:05:00,117.8,3,72,53.2,1,0,0
2026-09-05 06:10:00,116.3,1,72,50.9,1,0,0
2026-09-05 06:15:00,117.7,1,76,50.8,1,0,0
2026-09-05 06:20:00,120.3,0,71,52.6,1,0,0
2026-09-05 06:25:00,118.7,0,74,48.9,1,0,0
2026-09-05 06:30:00,115.6,2,86,32.1,0,0,0
2026-09-05 06:35:00,113.7,6,79,32.7,0,0,0
2026-09-05 06:40:00,112.0,10,80,28.6,0,0,0
2026-09-05 06:45:00,112.6,12,81,31.3,0,0,0
2026-09-05 06:50:00,113.0,10,84,29.1,0,0,0
2026-09-05 06:55:00,112.2,7,85,30.9,0,0,0
2026-09-05 07:00:00,111.2,2,79,31.1,0,0,0
2026-09-05 07:05:00,110.2,9,83,30.8,0,0,0
2026-09-05 07:10:00,103.6,11,82,35.6,0,0,0
2026-09-05 07:15:00,103.7,4,80,34.4,0,0,0
2026-09-05 07:20:00,104.8,5,83,36.5,0,0,0
2026-09-05 07:25:00,105.6,7,82,33.8,0,0,0
2026-09-05 07:30:00,103.9,8,84,34.0,0,69,78
2026-09-05 07:35:00,113.9,9,85,35.8,0,0,0
2026-09-05 07:40:00,120.9,7,83,30.5,0,0,0
2026-09-05 07:45:00,129.2,451,113,31.5,0,0,0
2026-09-05 07:50:00,134.1,449,113,31.2,0,0,0
2026-09-05 07:55:00,139.2,5,82,28.6,0,0,0
2026-09-05 08:00:00,139.1,9,85,34.7,0,0,0
2026-09-05 08:05:00,140.2,6,83,35.1,0,0,0
2026-09-05 08:10:00,139.2,3,82,32.2,0,0,0
2026-09-05 08:15:00,139.6,7,80,31.9,0,0,0
2026-09-05 08:20:00,137.9,12,79,32.1,0,0,0
2026-09-05 08:25:00,137.2,10,79,31.6,0,0,0
2026-09-05 08:30:00,137.4,3,81,30.4,0,0,0
2026-09-05 08:35:00,135.7,2,80,32.1,0,0,0
2026-09-05 08:40:00,132.3,4,84,31.8,0,0,0
2026-09-05 08:45:00,130.9,5,80,29.4,0,0,0
2026-09-05 08:50:00,129.1,5,83,32.7,0,0,0
2026-09-05 08:55:00,131.0,7,79,30.1,0,0,0
2026-09-05 09:00:00,130.8,5,84,31.9,0,0,0
2026-09-05 09:05:00,133.1,9,80,33.3,0,0,0
2026-09-05 09:10:00,130.7,10,79,34.4,0,0,0
2026-09-05 09:15:00,126.4,9,82,30.0,0,0,0
2026-09-05 09:20:00,123.4,9,82,31.6,0,0,0
2026-09-05 09:25:00,123.9,6,84,32.9,0,0,0
2026-09-05 09:30:00,118.6,10,79,33.5,0,0,0
2026-09-05 09:35:00,118.5,6,82,29.3,0,0,0
2026-09-05 09:40:00,114.5,15,81,30.3,0,0,0
2026-09-05 09:45:00,116.5,7,81,30.6,0,0,0
2026-09-05 09:50:00,115.5,5,80,32.9,0,0,0
2026-09-05 09:55:00,113.7,12,85,30.4,0,0,0
2026-09-05 10:00:00,114.8,16,81,29.7,0,0,0
2026-09-05 10:05:00,114.5,8,80,33.7,0,0,0
2026-09-05 10:10:00,112.3,3,81,31.9,0,0,0
2026-09-05 10:15:00,112.1,9,80,32.3,0,0,0
2026-09-05 10:20:00,116.5,8,85,31.8,0,0,0
2026-09-05 10:25:00,114.1,8,80,30.0,0,0,0
2026-09-05 10:30:00,111.9,7,78,34.2,0,0,0
2026-09-05 10:35:00,114.6,7,82,31.9,0,0,0
2026-09-05 10:40:00,115.3,9,84,33.3,0,0,0
2026-09-05 10:45:00,117.8,3,77,33.1,0,0,0
2026-09-05 10:50:00,118.2,5,81,30.9,0,0,0
2026-09-05 10:55:00,114.6,6,78,32.1,0,0,0
2026-09-05 11:00:00,112.5,8,82,30.3,0,0,0
2026-09-05 11:05:00,114.8,5,83,32.6,0,0,0
2026-09-05 11:10:00,114.9,13,83,35.0,0,0,0
2026-09-05 11:15:00,111.8,10,84,31.5,0,0,0
2026-09-05 11:20:00,112.3,9,83,31.0,0,0,0
2026-09-05 11:25:00,112.5,9,81,34.0,0,0,0
2026-09-05 11:30:00,113.3,17,80,31.9,0,0,0
2026-09-05 11:35:00,112.8,2,80,31.6,0,0,0
2026-09-05 11:40:00,113.3,6,85,32.3,0,0,0
2026-09-05 11:45:00,112.4,13,82,32.5,0,0,0
2026-09-05 11:50:00,112.4,9,84,33.2,0,0,0
2026-09-05 11:55:00,114.6,4,84,33.0,0,0,0
2026-09-05 12:00:00,113.8,7,81,30.8,0,0,0
2026-09-05 12:05:00,112.7,8,79,32.4,0,0,0
2026-09-05 12:10:00,111.5,2,76,27.2,0,0,0
2026-09-05 12:15:00,111.2,17,82,27.9,0,0,0
2026-09-05 12:20:00,110.3,15,81,31.4,0,0,0
2026-09-05 12:25:00,108.6,6,82,32.3,0,0,0
2026-09-05 12:30:00,109.5,2,82,33.7,0,0,0
2026-09-05 12:35:00,110.7,9,81,30.1,0,0,0
2026-09-05 12:40:00,112.3,10,82,34.7,0,0,0
2026-09-05 12:45:00,110.7,13,80,29.0,0,0,0
2026-09-05 12:50:00,109.1,10,79,30.2,0,0,0
2026-09-05 12:55:00,111.3,5,82,34.7,0,0,0
2026-09-05 13:00:00,108.3,4,82,33.7,0,0,0
2026-09-05 13:05:00,108.1,13,86,31.5,0,0,0
2026-09-05 13:10:00,107.6,4,79,28.2,0,0,0
2026-09-05 13:15:00,108.3,9,83,27.7,0,0,0
2026-09-05 13:20:00,106.2,6,81,35.9,0,0,0
2026-09-05 13:25:00,109.7,3,81,33.2,0,0,0
2026-09-05 13:30:00,108.3,8,84,34.5,0,0,0
2026-09-05 13:35:00,106.1,19,83,32.0,0,82,75
2026-09-05 13:40:00,118.1,11,84,30.5,0,0,0
2026-09-05 13:45:00,133.4,6,90,30.0,0,0,0
2026-09-05 13:50:00,139.1,11,86,33.1,0,0,0
2026-09-05 13:55:00,147.0,4,88,28.6,0,0,0
2026-09-05 14:00:00,152.2,6,86,32.4,0,0,0
2026-09-05 14:05:00,155.8,8,81,35.0,0,0,0
2026-09-05 14:10:00,159.6,7,82,28.1,0,0,0
2026-09-05 14:15:00,160.0,7,83,29.9,0,0,0
2026-09-05 14:20:00,161.3,11,85,32.3,0,0,0
2026-09-05 14:25:00,161.2,6,76,34.0,0,0,0
2026-09-05 14:30:00,164.8,9,80,34.7,0,0,0
2026-09-05 14:35:00,167.1,5,84,30.0,0,0,0
2026-09-05 14:40:00,166.3,6,78,31.6,0,0,0
2026-09-05 14:45:00,162.8,6,82,32.4,0,0,0
2026-09-05 14:50:00,159.7,12,82,32.7,0,0,0
2026-09-05 14:55:00,157.6,8,83,31.3,0,0,0
2026-09-05 15:00:00,154.0,3,81,30.5,0,0,0
2026-09-05 15:05:00,150.1,8,80,29.6,0,0,0
2026-09-05 15:10:00,146.5,4,82,29.3,0,0,0
2026-09-05 15:15:00,140.5,11,80,27.4,0,0,0
2026-09-05 15:20:00,138.1,5,81,30.8,0,0,0
2026-09-05 15:25:00,136.7,3,79,34.3,0,0,0
2026-09-05 15:30:00,136.5,3,80,29.7,0,0,0
2026-09-05 15:35:00,137.9,5,81,30.8,0,0,0
2026-09-05 15:40:00,136.6,14,80,31.4,0,0,0
2026-09-05 15:45:00,137.2,7,78,29.8,0,0,0
2026-09-05 15:50:00,134.5,3,81,29.0,0,0,0
2026-09-05 15:55:00,132.7,7,84,31.2,0,0,0
2026-09-05 16:00:00,126.8,11,84,31.3,0,0,0
2026-09-05 16:05:00,123.5,5,81,31.9,0,0,0
2026-09-05 16:10:00,123.5,9,83,32.6,0,0,0
2026-09-05 16:15:00,123.1,6,84,31.5,0,0,0
2026-09-05 16:20:00,124.4,1,79,29.6,0,0,0
2026-09-05 16:25:00,123.4,14,82,33.3,0,0,0
2026-09-05 16:30:00,121.4,13,81,30.4,0,0,0
2026-09-05 16:35:00,122.0,8,83,33.3,0,0,0
2026-09-05 16:40:00,118.8,16,81,31.1,0,0,0
2026-09-05 16:45:00,118.9,11,82,30.8,0,0,0
2026-09-05 16:50:00,118.1,4,81,32.9,0,0,0
2026-09-05 16:55:00,118.1,7,85,32.7,0,0,0
2026-09-05 17:00:00,111.9,5,83,31.9,0,0,0
2026-09-05 17:05:00,112.0,3,79,34.0,0,0,0
2026-09-05 17:10:00,109.9,15,84,32.8,0,0,0
2026-09-05 17:15:00,109.8,7,80,31.8,0,0,0
2026-09-05 17:20:00,112.2,5,78,35.8,0,0,0
2026-09-05 17:25:00,110.9,444,108,32.4,0,20,50
2026-09-05 17:30:00,108.5,452,112,33.5,0,0,0
2026-09-05 17:35:00,105.3,445,114,34.5,0,0,0
2026-09-05 17:40:00,107.4,426,108,31.8,0,0,0
2026-09-05 17:45:00,110.4,425,108,32.2,0,0,0
2026-09-05 17:50:00,107.8,2,86,31.7,0,0,0
2026-09-05 17:55:00,108.4,12,82,28.5,0,0,0
2026-09-05 18:00:00,112.5,6,79,27.6,0,0,0
2026-09-05 18:05:00,112.8,10,81,33.0,0,0,0
2026-09-05 18:10:00,113.0,19,83,30.8,0,0,0
2026-09-05 18:15:00,112.4,3,84,29.6,0,0,0
2026-09-05 18:20:00,112.7,7,83,32.0,0,0,0
2026-09-05 18:25:00,108.7,10,83,29.2,0,0,0
2026-09-05 18:30:00,109.1,5,82,33.2,0,0,0
2026-09-05 18:35:00,111.8,9,83,29.2,0,0,0
2026-09-05 18:40:00,111.7,6,82,26.8,0,0,0
2026-09-05 18:45:00,111.8,9,80,30.8,0,0,0
2026-09-05 18:50:00,112.1,9,80,35.6,0,0,0
2026-09-05 18:55:00,113.5,10,76,30.3,0,0,0
2026-09-05 19:00:00,113.5,15,83,30.4,0,0,0
2026-09-05 19:05:00,113.5,8,79,33.2,0,0,0
2026-09-05 19:10:00,111.6,5,83,30.9,0,0,0
2026-09-05 19:15:00,113.8,1,84,30.5,0,0,0
2026-09-05 19:20:00,111.6,20,85,32.4,0,0,0
2026-09-05 19:25:00,108.2,6,80,28.9,0,0,0
2026-09-05 19:30:00,109.5,18,83,33.1,0,0,0
2026-09-05 19:35:00,110.0,8,80,31.4,0,0,0
2026-09-05 19:40:00,110.7,18,87,31.7,0,0,0
2026-09-05 19:45:00,109.2,1,80,32.5,0,0,0
2026-09-05 19:50:00,110.2,8,80,29.9,0,0,0
2026-09-05 19:55:00,110.4,8,83,31.4,0,0,0
2026-09-05 20:00:00,111.6,6,83,35.8,0,0,0
2026-09-05 20:05:00,110.4,12,81,30.5,0,0,0
2026-09-05 20:10:00,113.3,7,80,30.0,0,0,0
2026-09-05 20:15:00,112.5,5,79,29.1,0,0,0
2026-09-05 20:20:00,112.5,7,82,32.5,0,0,0
2026-09-05 20:25:00,109.7,15,79,30.3,0,0,0
2026-09-05 20:30:00,108.3,11,84,31.2,0,0,0
2026-09-05 20:35:00,104.2,10,82,33.1,0,0,0
2026-09-05 20:40:00,104.2,7,85,28.5,0,0,0
2026-09-05 20:45:00,104.7,14,82,31.8,0,0,0
2026-09-05 20:50:00,101.0,9,80,30.3,0,0,0
2026-09-05 20:55:00,104.1,19,78,31.9,0,0,0
2026-09-05 21:00:00,107.0,7,83,33.2,0,0,0
2026-09-05 21:05:00,109.7,6,86,29.6,0,104,70
2026-09-05 21:10:00,129.2,8,84,32.7,0,0,0
2026-09-05 21:15:00,141.7,6,85,32.3,0,0,0
2026-09-05 21:20:00,147.4,8,85,31.9,0,0,0
2026-09-05 21:25:00,155.7,10,83,31.4,0,0,0
2026-09-05 21:30:00,158.8,4,86,30.9,0,0,0
2026-09-05 21:35:00,163.3,16,84,30.8,0,0,0
2026-09-05 21:40:00,166.7,14,80,30.2,0,0,0
2026-09-05 21:45:00,167.0,10,80,32.1,0,0,0
2026-09-05 21:50:00,166.5,9,80,32.2,0,0,0
2026-09-05 21:55:00,166.3,12,81,30.4,0,0,0
2026-09-05 22:00:00,167.3,5,86,32.2,0,0,0
2026-09-05 22:05:00,165.2,15,82,31.2,0,0,0
2026-09-05 22:10:00,166.3,15,82,30.5,0,0,0
2026-09-05 22:15:00,162.8,3,79,32.1,0,0,0
2026-09-05 22:20:00,159.7,11,82,35.4,0,0,0
2026-09-05 22:25:00,157.8,4,84,35.0,0,0,0
2026-09-05 22:30:00,157.6,9,81,30.8,0,0,0
2026-09-05 22:35:00,149.9,2,80,29.6,0,0,0
2026-09-05 22:40:00,151.9,9,78,33.6,0,0,0
2026-09-05 22:45:00,152.4,1,78,32.0,0,0,0
2026-09-05 22:50:00,145.3,3,81,30.2,0,0,0
2026-09-05 22:55:00,142.4,25,87,32.9,0,0,0
2026-09-05 23:00:00,140.1,2,83,30.4,0,0,0
2026-09-05 23:05:00,136.2,8,81,33.6,0,0,0
2026-09-05 23:10:00,134.8,12,78,30.8,0,0,0
2026-09-05 23:15:00,134.1,6,82,32.1,0,0,0
2026-09-05 23:20:00,131.0,4,80,34.0,0,0,0
2026-09-05 23:25:00,130.5,4,80,30.6,0,0,0
2026-09-05 23:30:00,126.2,5,82,32.0,0,0,0
2026-09-05 23:35:00,123.8,12,82,34.7,0,0,0
2026-09-05 23:40:00,122.5,8,81,35.4,0,0,0
2026-09-05 23:45:00,118.1,7,82,29.8,0,0,0
2026-09-05 23:50:00,115.9,18,80,29.9,0,0,0
2026-09-05 23:55:00,114.0,4,80,31.7,0,0,0
2026-09-06 00:00:00,116.4,11,81,32.1,0,0,0
2026-09-06 00:05:00,114.2,3,84,30.7,0,0,0
2026-09-06 00:10:00,114.5,10,82,33.0,0,0,0
2026-09-06 00:15:00,114.7,5,83,31.1,0,0,0
2026-09-06 00:20:00,117.3,6,82,33.4,0,0,0
2026-09-06 00:25:00,116.3,7,79,34.0,0,0,0
2026-09-06 00:30:00,115.8,11,81,31.0,0,0,0
2026-09-06 00:35:00,111.7,4,80,35.9,0,0,0
2026-09-06 00:40:00,109.3,11,79,27.5,0,0,0
2026-09-06 00:45:00,110.2,9,79,31.6,0,0,0
2026-09-06 00:50:00,111.2,9,78,32.0,0,0,0
2026-09-06 00:55:00,113.0,6,82,31.7,0,0,0
2026-09-06 01:00:00,114.9,2,80,32.0,0,0,0
2026-09-06 01:05:00,116.9,0,78,53.0,1,0,0
2026-09-06 01:10:00,114.5,0,71,47.9,1,0,0
2026-09-06 01:15:00,114.7,1,71,49.6,1,0,0
2026-09-06 01:20:00,115.4,0,72,48.7,1,0,0
2026-09-06 01:25:00,117.8,1,69,49.2,1,0,0
2026-09-06 01:30:00,116.1,0,74,51.6,1,0,0
2026-09-06 01:35:00,116.2,0,76,51.4,1,0,0
2026-09-06 01:40:00,113.1,0,75,49.3,1,0,0
2026-09-06 01:45:00,111.0,1,70,51.4,1,0,0
2026-09-06 01:50:00,108.7,0,73,52.3,1,0,0
2026-09-06 01:55:00,112.5,0,74,49.8,1,0,0
2026-09-06 02:00:00,111.7,0,72,53.2,1,0,0
2026-09-06 02:05:00,112.0,1,73,51.8,1,0,0
2026-09-06 02:10:00,114.1,0,72,50.0,1,0,0
2026-09-06 02:15:00,110.8,0,75,50.1,1,0,0
2026-09-06 02:20:00,113.6,0,70,53.1,1,0,0
2026-09-06 02:25:00,117.5,0,74,52.7,1,0,0
2026-09-06 02:30:00,116.3,0,73,52.4,1,0,0
2026-09-06 02:35:00,114.4,3,74,51.5,1,0,0
2026-09-06 02:40:00,114.6,0,77,48.0,1,0,0
2026-09-06 02:45:00,111.3,1,72,52.0,1,0,0
2026-09-06 02:50:00,108.9,0,76,53.3,1,0,0
2026-09-06 02:55:00,108.7,0,72,50.0,1,0,0
2026-09-06 03:00:00,107.9,0,73,47.8,1,0,0
2026-09-06 03:05:00,107.6,0,74,53.1,1,0,0
2026-09-06 03:10:00,106.9,1,71,48.2,1,0,0
2026-09-06 03:15:00,108.3,0,73,48.7,1,0,0
2026-09-06 03:20:00,111.1,0,73,53.1,1,0,0
2026-09-06 03:25:00,109.9,1,75,53.8,1,0,0
2026-09-06 03:30:00,110.6,0,75,51.3,1,0,0
2026-09-06 03:35:00,116.4,1,74,49.3,1,0,0
2026-09-06 03:40:00,118.2,1,72,49.3,1,0,0
2026-09-06 03:45:00,118.6,1,74,52.7,1,0,0
2026-09-06 03:50:00,119.2,0,70,50.8,1,0,0
2026-09-06 03:55:00,122.7,0,70,51.1,1,0,0
2026-09-06 04:00:00,124.9,0,75,50.0,1,0,0
2026-09-06 04:05:00,125.5,1,74,51.8,1,0,0
2026-09-06 04:10:00,124.8,0,69,52.5,1,0,0
2026-09-06 04:15:00,123.6,0,74,51.9,1,0,0
2026-09-06 04:20:00,120.3,0,74,47.8,1,0,0
2026-09-06 04:25:00,119.2,2,71,50.7,1,0,0
2026-09-06 04:30:00,121.4,1,74,48.8,1,0,0
2026-09-06 04:35:00,121.7,0,75,46.1,1,0,0
2026-09-06 04:40:00,126.5,0,75,52.2,1,0,0
2026-09-06 04:45:00,125.0,0,73,52.3,1,0,0
2026-09-06 04:50:00,121.3,0,73,52.0,1,0,0
2026-09-06 04:55:00,121.9,0,75,54.0,1,0,0
2026-09-06 05:00:00,126.6,0,76,51.1,1,0,0
2026-09-06 05:05:00,125.0,0,73,49.5,1,0,0
2026-09-06 05:10:00,124.5,0,74,52.7,1,0,0
2026-09-06 05:15:00,122.3,0,73,52.3,1,0,0
2026-09-06 05:20:00,120.7,1,75,51.7,1,0,0
2026-09-06 05:25:00,122.5,2,73,52.8,1,0,0
2026-09-06 05:30:00,120.3,0,77,49.3,1,0,0
2026-09-06 05:35:00,117.1,2,71,48.2,1,0,0
2026-09-06 05:40:00,117.3,0,73,50.7,1,0,0
2026-09-06 05:45:00,118.3,0,75,51.2,1,0,0
2026-09-06 05:50:00,115.8,0,74,49.7,1,0,0
2026-09-06 05:55:00,116.3,0,70,52.9,1,0,0
2026-09-06 06:00:00,116.9,0,71,51.5,1,0,0
2026-09-06 06:05:00,118.3,0,73,52.7,1,0,0
2026-09-06 06:10:00,117.8,0,71,48.8,1,0,0
2026-09-06 06:15:00,116.3,0,72,53.8,1,0,0
2026-09-06 06:20:00,111.9,0,72,49.7,1,0,0
2026-09-06 06:25:00,112.2,0,77,54.5,1,0,0
2026-09-06 06:30:00,113.1,8,80,32.9,0,0,0
2026-09-06 06:35:00,112.1,7,83,29.2,0,0,0
2026-09-06 06:40:00,110.8,9,82,30.8,0,0,0
2026-09-06 06:45:00,112.9,5,82,31.9,0,0,0
2026-09-06 06:50:00,113.9,10,84,29.1,0,0,0
2026-09-06 06:55:00,116.9,13,81,30.4,0,0,0
2026-09-06 07:00:00,116.1,10,84,32.2,0,0,0
2026-09-06 07:05:00,119.1,23,84,32.7,0,0,0
2026-09-06 07:10:00,119.5,6,78,31.0,0,0,0
2026-09-06 07:15:00,118.1,23,80,34.9,0,0,0
2026-09-06 07:20:00,119.0,6,81,28.0,0,0,0
2026-09-06 07:25:00,117.5,6,84,33.5,0,0,0
2026-09-06 07:30:00,122.7,26,81,31.4,0,0,0
2026-09-06 07:35:00,123.0,12,84,32.2,0,0,0
2026-09-06 07:40:00,121.4,13,85,32.1,0,0,0
2026-09-06 07:45:00,121.0,12,83,32.2,0,0,0
2026-09-06 07:50:00,118.5,10,82,32.6,0,0,0
2026-09-06 07:55:00,117.8,22,82,28.6,0,0,0
2026-09-06 08:00:00,119.1,4,79,30.4,0,0,0
2026-09-06 08:05:00,118.5,4,78,32.1,0,0,0
2026-09-06 08:10:00,117.8,5,81,31.3,0,0,0
2026-09-06 08:15:00,115.4,9,78,32.1,0,0,0
2026-09-06 08:20:00,113.2,11,84,27.4,0,0,0
2026-09-06 08:25:00,109.6,11,81,32.0,0,0,0
2026-09-06 08:30:00,110.7,8,81,30.2,0,0,0
2026-09-06 08:35:00,108.7,13,80,36.1,0,0,0
2026-09-06 08:40:00,105.7,4,84,30.8,0,0,0
2026-09-06 08:45:00,109.1,13,82,30.3,0,0,0
2026-09-06 08:50:00,109.8,15,79,32.6,0,0,0
2026-09-06 08:55:00,109.5,3,80,30.1,0,0,0
2026-09-06 09:00:00,107.6,9,80,35.5,0,0,0
2026-09-06 09:05:00,106.5,9,81,32.1,0,0,0
2026-09-06 09:10:00,107.7,6,80,31.6,0,0,0
2026-09-06 09:15:00,106.6,4,80,32.6,0,0,0
2026-09-06 09:20:00,109.3,4,81,31.6,0,0,0
2026-09-06 09:25:00,110.7,2,81,34.4,0,0,0
2026-09-06 09:30:00,110.9,15,82,33.1,0,0,0
2026-09-06 09:35:00,107.4,3,78,31.1,0,0,0
2026-09-06 09:40:00,111.1,5,77,30.8,0,0,0
2026-09-06 09:45:00,110.4,9,84,33.0,0,0,0
2026-09-06 09:50:00,110.7,3,82,28.7,0,0,0
2026-09-06 09:55:00,113.1,6,83,33.5,0,0,0
2026-09-06 10:00:00,114.4,13,81,32.4,0,0,0
2026-09-06 10:05:00,109.7,9,80,32.5,0,0,0
2026-09-06 10:10:00,108.7,8,83,32.1,0,0,0
2026-09-06 10:15:00,108.4,5,78,31.7,0,0,0
2026-09-06 10:20:00,108.1,16,82,34.9,0,0,0
2026-09-06 10:25:00,108.7,5,82,32.9,0,0,0
2026-09-06 10:30:00,108.1,7,79,32.8,0,0,0
2026-09-06 10:35:00,109.1,15,81,29.0,0,0,0
2026-09-06 10:40:00,108.6,11,82,33.2,0,0,0
2026-09-06 10:45:00,107.3,3,81,28.2,0,0,0
2026-09-06 10:50:00,109.7,5,85,30.1,0,0,0
2026-09-06 10:55:00,105.5,10,79,29.6,0,0,0
2026-09-06 11:00:00,106.5,16,80,31.3,0,0,0
2026-09-06 11:05:00,105.4,9,82,33.9,0,0,0
2026-09-06 11:10:00,105.4,10,79,31.8,0,0,0
2026-09-06 11:15:00,104.3,9,81,35.0,0,0,0
2026-09-06 11:20:00,103.2,13,85,30.2,0,0,0
2026-09-06 11:25:00,104.4,11,83,34.3,0,0,0
2026-09-06 11:30:00,104.6,7,84,30.8,0,0,0
2026-09-06 11:35:00,105.0,10,82,33.3,0,0,0
2026-09-06 11:40:00,110.6,22,79,29.8,0,0,0
2026-09-06 11:45:00,109.5,7,83,28.6,0,0,0
2026-09-06 11:50:00,105.9,10,82,31.7,0,0,0
2026-09-06 11:55:00,105.0,9,80,30.4,0,0,0
2026-09-06 12:00:00,105.3,4,80,32.3,0,0,0
2026-09-06 12:05:00,107.8,9,78,35.0,0,0,0
2026-09-06 12:10:00,108.0,14,84,31.2,0,0,0
2026-09-06 12:15:00,105.2,13,80,31.0,0,0,0
2026-09-06 12:20:00,107.2,13,80,32.4,0,0,0
2026-09-06 12:25:00,107.3,8,83,30.7,0,0,0
2026-09-06 12:30:00,108.7,6,81,32.6,0,0,0
2026-09-06 12:35:00,108.4,5,84,30.0,0,0,0
2026-09-06 12:40:00,109.6,10,82,32.5,0,0,0
2026-09-06 12:45:00,109.0,6,83,31.9,0,0,0
2026-09-06 12:50:00,104.6,1,83,32.8,0,0,0
2026-09-06 12:55:00,106.9,5,86,32.0,0,80,75
2026-09-06 13:00:00,119.3,8,85,32.8,0,0,0
2026-09-06 13:05:00,129.0,3,84,33.8,0,0,0
2026-09-06 13:10:00,138.5,430,112,29.9,0,0,0
2026-09-06 13:15:00,142.0,430,111,28.5,0,0,0
2026-09-06 13:20:00,146.6,3,85,30.2,0,0,0
2026-09-06 13:25:00,148.6,5,80,30.4,0,0,0
2026-09-06 13:30:00,148.1,12,83,30.6,0,0,0
2026-09-06 13:35:00,152.3,14,82,29.6,0,0,0
2026-09-06 13:40:00,150.8,5,78,30.5,0,0,0
2026-09-06 13:45:00,150.7,18,77,31.8,0,0,0
2026-09-06 13:50:00,148.6,10,77,30.0,0,0,0
2026-09-06 13:55:00,142.4,6,79,31.5,0,0,0
2026-09-06 14:00:00,143.0,8,81,31.0,0,0,0
2026-09-06 14:05:00,140.0,12,80,31.4,0,0,0
2026-09-06 14:10:00,139.5,13,79,30.0,0,0,0
2026-09-06 14:15:00,139.7,18,81,30.4,0,0,0
2026-09-06 14:20:00,137.8,7,80,33.1,0,0,0
2026-09-06 14:25:00,134.9,309,97,31.0,0,0,0
2026-09-06 14:30:00,131.0,319,101,32.6,0,0,0
2026-09-06 14:35:00,131.3,318,100,33.4,0,0,0
2026-09-06 14:40:00,129.8,312,101,32.9,0,0,0
2026-09-06 14:45:00,126.5,4,81,28.7,0,0,0
2026-09-06 14:50:00,124.2,2,81,28.1,0,0,0
2026-09-06 14:55:00,124.4,2,76,33.2,0,0,0
2026-09-06 15:00:00,124.6,5,79,31.6,0,0,0
2026-09-06 15:05:00,122.0,11,79,32.3,0,0,0
2026-09-06 15:10:00,123.1,24,79,28.4,0,0,0
2026-09-06 15:15:00,120.8,5,82,29.8,0,0,0
2026-09-06 15:20:00,121.7,12,81,32.5,0,0,0
2026-09-06 15:25:00,119.2,4,84,30.1,0,0,0
2026-09-06 15:30:00,120.2,3,78,31.6,0,0,0
2026-09-06 15:35:00,119.5,4,81,32.0,0,0,0
2026-09-06 15:40:00,119.0,15,81,30.5,0,0,0
2026-09-06 15:45:00,116.6,10,80,30.6,0,0,0
2026-09-06 15:50:00,116.2,11,81,28.9,0,0,0
2026-09-06 15:55:00,117.8,5,79,31.3,0,0,0
2026-09-06 16:00:00,116.3,3,78,32.0,0,0,0
2026-09-06 16:05:00,116.4,8,80,33.8,0,0,0
2026-09-06 16:10:00,118.0,14,78,34.0,0,0,0
2026-09-06 16:15:00,113.0,4,82,31.0,0,0,0
2026-09-06 16:20:00,108.9,5,84,32.5,0,0,0
2026-09-06 16:25:00,109.1,1,81,33.0,0,0,0
2026-09-06 16:30:00,107.8,7,81,30.1,0,0,0
2026-09-06 16:35:00,108.3,14,81,31.3,0,0,0
2026-09-06 16:40:00,109.4,6,84,34.7,0,0,0
2026-09-06 16:45:00,109.3,6,81,30.8,0,0,0
2026-09-06 16:50:00,110.4,15,85,30.4,0,0,0
2026-09-06 16:55:00,109.8,7,82,31.3,0,0,0
2026-09-06 17:00:00,105.7,11,83,32.1,0,0,0
2026-09-06 17:05:00,105.4,21,86,28.3,0,0,0
2026-09-06 17:10:00,106.7,9,83,32.1,0,0,0
2026-09-06 17:15:00,110.6,13,84,33.1,0,0,0
2026-09-06 17:20:00,111.2,3,82,28.9,0,0,0
2026-09-06 17:25:00,112.7,33,80,30.9,0,0,0
2026-09-06 17:30:00,109.6,8,81,31.6,0,0,0
2026-09-06 17:35:00,113.5,4,80,34.5,0,0,0
2026-09-06 17:40:00,112.4,4,83,29.7,0,0,0
2026-09-06 17:45:00,108.0,4,83,31.0,0,52,80
2026-09-06 17:50:00,115.9,4,85,30.3,0,0,0
2026-09-06 17:55:00,122.2,12,86,33.5,0,0,0
2026-09-06 18:00:00,124.5,500,115,31.1,0,0,0
2026-09-06 18:05:00,128.5,508,116,29.5,0,0,0
2026-09-06 18:10:00,133.6,3,82,29.0,0,0,0
2026-09-06 18:15:00,135.2,29,84,32.9,0,0,0
2026-09-06 18:20:00,138.9,8,80,35.6,0,0,0
2026-09-06 18:25:00,139.3,5,80,30.9,0,0,0
2026-09-06 18:30:00,136.7,5,80,27.0,0,0,0
2026-09-06 18:35:00,134.1,11,83,30.5,0,0,0
2026-09-06 18:40:00,136.4,8,83,29.9,0,0,0
2026-09-06 18:45:00,135.7,2,83,27.0,0,0,0
2026-09-06 18:50:00,134.8,7,82,31.9,0,0,0
2026-09-06 18:55:00,131.1,15,80,33.7,0,0,0
2026-09-06 19:00:00,133.3,13,85,30.1,0,0,0
2026-09-06 19:05:00,133.8,3,83,31.9,0,0,0
2026-09-06 19:10:00,131.3,17,81,30.2,0,0,0
2026-09-06 19:15:00,129.1,10,83,30.5,0,0,0
2026-09-06 19:20:00,129.4,7,81,32.1,0,0,0
2026-09-06 19:25:00,126.5,6,81,31.6,0,0,0
2026-09-06 19:30:00,127.8,3,81,33.5,0,0,0
2026-09-06 19:35:00,127.5,0,80,33.0,0,0,0
2026-09-06 19:40:00,124.9,8,85,32.7,0,0,0
2026-09-06 19:45:00,123.2,15,83,29.7,0,0,0
2026-09-06 19:50:00,122.4,8,80,32.1,0,0,0
2026-09-06 19:55:00,120.7,9,85,32.6,0,0,0
2026-09-06 20:00:00,120.3,5,81,29.8,0,0,0
2026-09-06 20:05:00,118.8,13,83,29.4,0,0,0
2026-09-06 20:10:00,119.7,5,80,31.3,0,101,70
2026-09-06 20:15:00,131.6,7,87,34.6,0,0,0
2026-09-06 20:20:00,143.2,12,82,32.9,0,0,0
2026-09-06 20:25:00,151.2,545,116,30.6,0,0,0
2026-09-06 20:30:00,154.6,550,117,35.5,0,0,0
2026-09-06 20:35:00,159.7,7,84,29.6,0,0,0
2026-09-06 20:40:00,161.6,3,78,27.2,0,0,0
2026-09-06 20:45:00,163.5,12,78,32.2,0,0,0
2026-09-06 20:50:00,163.0,14,80,33.4,0,0,0
2026-09-06 20:55:00,163.0,13,79,32.0,0,0,0
2026-09-06 21:00:00,161.6,14,82,31.1,0,0,0
2026-09-06 21:05:00,163.5,7,80,30.9,0,0,0
2026-09-06 21:10:00,160.5,13,82,32.0,0,0,0
2026-09-06 21:15:00,160.6,12,83,31.5,0,0,0
2026-09-06 21:20:00,159.7,20,84,30.4,0,0,0
2026-09-06 21:25:00,159.2,7,77,32.2,0,0,0
2026-09-06 21:30:00,158.0,6,82,31.8,0,0,0
2026-09-06 21:35:00,152.2,6,82,31.1,0,0,0
2026-09-06 21:40:00,150.2,7,80,30.0,0,0,0
2026-09-06 21:45:00,148.8,24,81,28.9,0,0,0
2026-09-06 21:50:00,146.6,12,82,33.4,0,0,0
2026-09-06 21:55:00,142.7,6,82,29.9,0,0,0
2026-09-06 22:00:00,140.8,11,79,31.5,0,0,0
2026-09-06 22:05:00,138.4,10,89,30.5,0,0,0
2026-09-06 22:10:00,135.6,11,80,33.2,0,0,0
2026-09-06 22:15:00,135.3,10,84,30.2,0,0,0
2026-09-06 22:20:00,134.9,7,81,31.4,0,0,0
2026-09-06 22:25:00,135.9,7,83,29.0,0,0,0
2026-09-06 22:30:00,133.9,11,78,32.7,0,0,0
2026-09-06 22:35:00,134.7,11,81,28.9,0,0,0
2026-09-06 22:40:00,135.1,2,79,28.7,0,0,0
2026-09-06 22:45:00,132.2,10,83,29.7,0,0,0
2026-09-06 22:50:00,134.0,3,80,29.9,0,0,0
2026-09-06 22:55:00,130.3,6,83,31.2,0,0,0
2026-09-06 23:00:00,129.0,9,82,34.4,0,0,0
2026-09-06 23:05:00,128.8,5,82,30.1,0,0,0
2026-09-06 23:10:00,126.5,9,80,30.7,0,0,0
2026-09-06 23:15:00,124.6,6,81,32.0,0,0,0
2026-09-06 23:20:00,123.3,10,86,31.3,0,0,0
2026-09-06 23:25:00,122.6,9,84,32.2,0,0,0
2026-09-06 23:30:00,121.7,9,83,30.5,0,0,0
2026-09-06 23:35:00,121.2,9,79,31.3,0,0,0
2026-09-06 23:40:00,119.1,7,80,30.9,0,0,0
2026-09-06 23:45:00,116.7,10,80,35.1,0,0,0
2026-09-06 23:50:00,117.0,9,84,27.2,0,0,0
2026-09-06 23:55:00,116.1,0,75,47.9,1,0,0
2026-09-07 00:00:00,123.2,0,76,49.3,1,0,0
2026-09-07 00:05:00,121.0,1,73,49.7,1,0,0
2026-09-07 00:10:00,123.4,0,71,48.0,1,0,0
2026-09-07 00:15:00,122.0,0,75,48.8,1,0,0
2026-09-07 00:20:00,122.5,0,73,50.9,1,0,0
2026-09-07 00:25:00,123.6,2,72,48.8,1,0,0
2026-09-07 00:30:00,126.3,1,71,51.1,1,0,0
2026-09-07 00:35:00,123.2,0,73,49.8,1,0,0
2026-09-07 00:40:00,122.0,0,72,52.0,1,0,0
2026-09-07 00:45:00,125.2,0,77,50.7,1,0,0
2026-09-07 00:50:00,123.2,1,74,48.1,1,0,0
2026-09-07 00:55:00,125.5,1,74,49.8,1,0,0
2026-09-07 01:00:00,127.6,0,74,50.1,1,0,0
2026-09-07 01:05:00,125.2,0,73,49.2,1,0,0
2026-09-07 01:10:00,120.3,0,74,46.2,1,0,0
2026-09-07 01:15:00,120.0,0,72,54.0,1,0,0
2026-09-07 01:20:00,118.4,0,70,48.8,1,0,0
2026-09-07 01:25:00,121.8,1,75,51.7,1,0,0
2026-09-07 01:30:00,119.0,1,70,47.8,1,0,0
2026-09-07 01:35:00,117.1,1,74,47.3,1,0,0
2026-09-07 01:40:00,116.0,0,71,50.2,1,0,0
2026-09-07 01:45:00,117.0,0,75,49.4,1,0,0
2026-09-07 01:50:00,117.5,0,76,48.0,1,0,0
2026-09-07 01:55:00,115.7,0,73,47.5,1,0,0
2026-09-07 02:00:00,115.7,0,73,47.0,1,0,0
2026-09-07 02:05:00,116.9,0,75,48.0,1,0,0
2026-09-07 02:10:00,116.3,0,73,50.3,1,0,0
2026-09-07 02:15:00,120.3,0,71,52.2,1,0,0
2026-09-07 02:20:00,122.0,0,73,48.5,1,0,0
2026-09-07 02:25:00,122.1,0,72,47.8,1,0,0
2026-09-07 02:30:00,121.2,0,71,47.9,1,0,0
2026-09-07 02:35:00,120.5,0,69,48.9,1,0,0
2026-09-07 02:40:00,118.7,0,74,48.2,1,0,0
2026-09-07 02:45:00,121.3,0,73,49.1,1,0,0
2026-09-07 02:50:00,122.4,1,75,47.7,1,0,0
2026-09-07 02:55:00,122.0,0,70,47.5,1,0,0
2026-09-07 03:00:00,120.9,0,71,48.3,1,0,0
2026-09-07 03:05:00,117.4,0,74,46.0,1,0,0
2026-09-07 03:10:00,120.2,0,73,45.6,1,0,0
2026-09-07 03:15:00,121.3,0,69,45.3,1,0,0
2026-09-07 03:20:00,119.7,0,72,47.7,1,0,0
2026-09-07 03:25:00,122.5,0,73,44.9,1,0,0
2026-09-07 03:30:00,122.9,0,74,48.9,1,0,0
2026-09-07 03:35:00,123.9,1,72,49.8,1,0,0
2026-09-07 03:40:00,123.4,0,75,50.1,1,0,0
2026-09-07 03:45:00,121.2,0,74,47.7,1,0,0
2026-09-07 03:50:00,122.6,0,73,46.0,1,0,0
2026-09-07 03:55:00,124.2,0,72,44.4,1,0,0
2026-09-07 04:00:00,125.3,0,73,49.6,1,0,0
2026-09-07 04:05:00,126.6,0,72,48.1,1,0,0
2026-09-07 04:10:00,126.4,0,74,45.7,1,0,0
2026-09-07 04:15:00,124.5,0,78,49.7,1,0,0
2026-09-07 04:20:00,127.7,0,75,45.4,1,0,0
2026-09-07 04:25:00,127.0,0,71,48.1,1,0,0
2026-09-07 04:30:00,127.4,1,73,47.0,1,0,0
2026-09-07 04:35:00,125.2,0,76,51.9,1,0,0
2026-09-07 04:40:00,126.7,0,76,50.4,1,0,0
2026-09-07 04:45:00,123.7,0,75,52.3,1,0,0
2026-09-07 04:50:00,126.0,0,73,46.1,1,0,0
2026-09-07 04:55:00,127.2,1,74,48.8,1,0,0
2026-09-07 05:00:00,129.8,0,75,50.2,1,0,0
2026-09-07 05:05:00,127.6,2,73,50.5,1,0,0
2026-09-07 05:10:00,124.3,0,71,49.4,1,0,0
2026-09-07 05:15:00,125.2,1,73,45.8,1,0,0
2026-09-07 05:20:00,124.2,0,72,48.6,1,0,0
2026-09-07 05:25:00,125.8,0,73,46.9,1,0,0
2026-09-07 05:30:00,129.8,1,73,49.5,1,0,0
2026-09-07 05:35:00,129.9,1,76,49.2,1,0,0
2026-09-07 05:40:00,130.2,0,72,46.9,1,0,0
2026-09-07 05:45:00,129.2,1,74,46.7,1,0,0
2026-09-07 05:50:00,132.4,0,73,49.2,1,0,0
2026-09-07 05:55:00,132.0,0,74,45.1,1,0,0
2026-09-07 06:00:00,130.7,0,68,46.6,1,0,0
2026-09-07 06:05:00,128.2,0,76,48.5,1,0,0
2026-09-07 06:10:00,126.7,1,72,47.7,1,0,0
2026-09-07 06:15:00,123.6,1,76,48.3,1,0,0
2026-09-07 06:20:00,120.0,0,75,49.2,1,0,0
2026-09-07 06:25:00,118.6,12,79,25.9,0,0,0
2026-09-07 06:30:00,119.9,2,77,29.2,0,0,0
2026-09-07 06:35:00,123.0,12,83,27.3,0,0,0
2026-09-07 06:40:00,122.1,7,85,29.7,0,0,0
2026-09-07 06:45:00,119.6,3,81,24.9,0,0,0
2026-09-07 06:50:00,120.5,7,83,31.1,0,0,0
2026-09-07 06:55:00,122.5,7,84,29.2,0,0,0
2026-09-07 07:00:00,124.6,13,80,31.6,0,0,0
2026-09-07 07:05:00,121.5,5,82,28.6,0,0,0
2026-09-07 07:10:00,122.7,10,85,29.4,0,0,0
2026-09-07 07:15:00,121.6,11,82,29.6,0,0,0
2026-09-07 07:20:00,122.0,10,85,29.2,0,0,0
2026-09-07 07:25:00,119.9,4,83,30.9,0,0,0
2026-09-07 07:30:00,122.3,10,81,25.1,0,0,0
2026-09-07 07:35:00,126.4,6,79,28.5,0,0,0
2026-09-07 07:40:00,125.5,14,82,26.9,0,0,0
2026-09-07 07:45:00,127.5,17,82,28.1,0,0,0
2026-09-07 07:50:00,126.9,9,82,31.9,0,0,0
2026-09-07 07:55:00,124.8,9,82,28.3,0,0,0
2026-09-07 08:00:00,122.7,8,81,28.6,0,0,0
2026-09-07 08:05:00,127.8,12,79,30.5,0,0,0
2026-09-07 08:10:00,127.6,8,85,27.7,0,0,0
2026-09-07 08:15:00,127.4,12,85,29.3,0,0,0
2026-09-07 08:20:00,128.5,14,86,29.6,0,48,65
2026-09-07 08:25:00,134.7,11,83,27.7,0,0,0
2026-09-07 08:30:00,142.4,2,82,31.3,0,0,0
2026-09-07 08:35:00,148.0,403,106,28.8,0,0,0
2026-09-07 08:40:00,146.5,407,110,29.7,0,0,0
2026-09-07 08:45:00,150.3,5,85,30.1,0,0,0
2026-09-07 08:50:00,148.7,12,88,30.0,0,0,0
2026-09-07 08:55:00,148.8,11,86,28.9,0,0,0
2026-09-07 09:00:00,152.7,15,81,30.6,0,0,0
2026-09-07 09:05:00,152.8,10,83,33.2,0,0,0
2026-09-07 09:10:00,149.3,6,78,31.0,0,0,0
2026-09-07 09:15:00,145.9,6,81,32.5,0,0,0
2026-09-07 09:20:00,144.5,7,82,31.6,0,0,0
2026-09-07 09:25:00,140.5,9,81,31.0,0,0,0
2026-09-07 09:30:00,138.5,7,82,30.6,0,0,0
2026-09-07 09:35:00,137.1,13,82,29.8,0,0,0
2026-09-07 09:40:00,136.6,5,80,29.8,0,0,0
2026-09-07 09:45:00,136.1,6,80,29.0,0,0,0
2026-09-07 09:50:00,132.0,8,83,31.3,0,0,0
2026-09-07 09:55:00,132.4,9,83,34.8,0,0,0
2026-09-07 10:00:00,131.2,3,79,31.2,0,0,0
2026-09-07 10:05:00,128.3,11,79,30.8,0,0,0
2026-09-07 10:10:00,124.5,7,78,29.0,0,0,0
2026-09-07 10:15:00,120.4,9,80,28.2,0,0,0
2026-09-07 10:20:00,122.1,6,81,28.2,0,0,0
2026-09-07 10:25:00,124.6,6,79,28.9,0,0,0
2026-09-07 10:30:00,119.6,14,87,29.3,0,0,0
2026-09-07 10:35:00,118.8,5,81,27.4,0,0,0
2026-09-07 10:40:00,119.9,12,82,31.3,0,0,0
2026-09-07 10:45:00,119.2,3,79,30.9,0,0,0
2026-09-07 10:50:00,121.0,5,80,30.0,0,0,0
2026-09-07 10:55:00,122.1,8,80,25.1,0,0,0
2026-09-07 11:00:00,121.5,8,81,32.3,0,0,0
2026-09-07 11:05:00,123.8,10,82,31.5,0,0,0
2026-09-07 11:10:00,121.9,11,83,30.7,0,0,0
2026-09-07 11:15:00,123.7,7,86,28.0,0,0,0
2026-09-07 11:20:00,124.9,3,80,27.6,0,0,0
2026-09-07 11:25:00,123.5,10,78,30.0,0,0,0
2026-09-07 11:30:00,121.7,5,83,32.9,0,0,0
2026-09-07 11:35:00,120.5,8,81,28.0,0,0,0
2026-09-07 11:40:00,122.5,4,82,26.5,0,0,0
2026-09-07 11:45:00,121.8,5,81,30.3,0,0,0
2026-09-07 11:50:00,120.0,3,81,29.2,0,0,0
2026-09-07 11:55:00,118.0,9,79,31.7,0,0,0
2026-09-07 12:00:00,118.4,4,80,28.2,0,0,0
2026-09-07 12:05:00,117.8,8,82,32.8,0,0,0
2026-09-07 12:10:00,119.1,26,84,29.7,0,0,0
2026-09-07 12:15:00,122.0,9,80,26.7,0,0,0
2026-09-07 12:20:00,121.3,9,80,27.9,0,0,0
2026-09-07 12:25:00,122.6,5,83,33.7,0,0,0
2026-09-07 12:30:00,122.4,7,82,30.7,0,0,0
2026-09-07 12:35:00,121.8,8,82,32.5,0,0,0
2026-09-07 12:40:00,123.1,6,84,30.3,0,52,55
2026-09-07 12:45:00,131.7,14,85,29.0,0,0,0
2026-09-07 12:50:00,136.7,10,82,33.0,0,0,0
2026-09-07 12:55:00,140.1,463,113,30.5,0,0,0
2026-09-07 13:00:00,143.0,479,116,29.4,0,0,0
2026-09-07 13:05:00,144.5,12,86,28.2,0,0,0
2026-09-07 13:10:00,146.6,7,80,31.2,0,0,0
2026-09-07 13:15:00,143.4,21,78,26.9,0,0,0
2026-09-07 13:20:00,143.7,10,82,32.2,0,0,0
2026-09-07 13:25:00,144.8,9,80,29.8,0,0,0
2026-09-07 13:30:00,145.9,7,81,29.3,0,0,0
2026-09-07 13:35:00,145.9,8,84,30.0,0,0,0
2026-09-07 13:40:00,147.9,369,104,32.8,0,0,0
2026-09-07 13:45:00,145.7,356,105,30.1,0,0,0
2026-09-07 13:50:00,144.8,365,103,27.8,0,0,0
2026-09-07 13:55:00,143.0,11,83,28.0,0,0,0
2026-09-07 14:00:00,144.3,1,83,30.2,0,0,0
2026-09-07 14:05:00,145.2,16,83,29.1,0,0,0
2026-09-07 14:10:00,141.2,9,81,27.5,0,0,0
2026-09-07 14:15:00,139.3,6,82,26.2,0,0,0
2026-09-07 14:20:00,137.8,7,80,28.0,0,0,0
2026-09-07 14:25:00,135.0,6,80,31.2,0,0,0
2026-09-07 14:30:00,134.1,9,81,31.4,0,0,0
2026-09-07 14:35:00,131.8,6,82,29.6,0,0,0
2026-09-07 14:40:00,132.9,16,81,27.0,0,0,0
2026-09-07 14:45:00,133.4,11,81,28.1,0,0,0
2026-09-07 14:50:00,131.6,15,81,31.5,0,0,0
2026-09-07 14:55:00,131.6,11,82,27.3,0,0,0
2026-09-07 15:00:00,129.7,8,81,31.6,0,0,0
2026-09-07 15:05:00,129.7,5,83,32.4,0,0,0
2026-09-07 15:10:00,128.4,8,85,31.3,0,0,0
2026-09-07 15:15:00,128.9,5,78,27.1,0,0,0
2026-09-07 15:20:00,125.6,9,82,30.4,0,0,0
2026-09-07 15:25:00,124.1,5,82,30.6,0,0,0
2026-09-07 15:30:00,123.8,8,81,27.9,0,0,0
2026-09-07 15:35:00,124.8,6,84,28.7,0,0,0
2026-09-07 15:40:00,123.3,8,82,28.3,0,0,0
2026-09-07 15:45:00,123.0,6,82,29.5,0,0,0
2026-09-07 15:50:00,124.0,4,84,31.2,0,0,0
2026-09-07 15:55:00,127.1,8,81,28.8,0,0,0
2026-09-07 16:00:00,124.1,6,75,27.4,0,0,0
2026-09-07 16:05:00,122.1,8,81,29.4,0,0,0
2026-09-07 16:10:00,120.1,5,83,28.9,0,0,0
2026-09-07 16:15:00,118.9,7,82,30.3,0,0,0
2026-09-07 16:20:00,117.7,4,80,30.0,0,0,0
2026-09-07 16:25:00,116.9,5,83,30.0,0,0,0
2026-09-07 16:30:00,116.6,8,83,32.8,0,0,0
2026-09-07 16:35:00,115.7,18,80,29.1,0,0,0
2026-09-07 16:40:00,117.9,8,83,29.5,0,0,0
2026-09-07 16:45:00,114.4,5,82,30.1,0,0,0
2026-09-07 16:50:00,115.7,9,84,26.3,0,0,0
2026-09-07 16:55:00,117.3,3,81,30.3,0,0,0
2026-09-07 17:00:00,119.8,4,84,30.3,0,0,0
2026-09-07 17:05:00,120.1,7,85,28.0,0,0,0
2026-09-07 17:10:00,120.7,1,82,33.6,0,0,0
2026-09-07 17:15:00,122.3,19,84,28.2,0,0,0
2026-09-07 17:20:00,121.8,10,79,32.1,0,0,0
2026-09-07 17:25:00,121.0,5,84,25.7,0,0,0
2026-09-07 17:30:00,120.0,16,79,29.9,0,0,0
2026-09-07 17:35:00,118.8,9,80,28.8,0,0,0
2026-09-07 17:40:00,122.4,3,83,33.0,0,41,80
2026-09-07 17:45:00,130.3,4,84,26.4,0,0,0
2026-09-07 17:50:00,143.3,10,89,30.9,0,0,0
2026-09-07 17:55:00,146.8,6,87,27.3,0,0,0
2026-09-07 18:00:00,151.2,2,85,26.3,0,0,0
2026-09-07 18:05:00,152.0,6,83,31.4,0,0,0
2026-09-07 18:10:00,153.5,16,87,29.6,0,0,0
2026-09-07 18:15:00,154.2,8,79,27.6,0,0,0
2026-09-07 18:20:00,154.1,8,80,31.3,0,0,0
2026-09-07 18:25:00,155.6,9,79,31.6,0,0,0
2026-09-07 18:30:00,156.4,6,84,28.5,0,0,0
2026-09-07 18:35:00,153.7,10,85,32.5,0,0,0
2026-09-07 18:40:00,154.6,9,80,29.7,0,0,0
2026-09-07 18:45:00,153.8,6,81,30.8,0,0,0
2026-09-07 18:50:00,148.8,16,81,32.7,0,0,0
2026-09-07 18:55:00,151.1,7,80,28.4,0,0,0
2026-09-07 19:00:00,151.2,3,80,27.2,0,0,0
2026-09-07 19:05:00,150.0,9,76,29.0,0,0,0
2026-09-07 19:10:00,149.2,10,80,28.5,0,0,0
2026-09-07 19:15:00,147.3,14,79,32.5,0,0,0
2026-09-07 19:20:00,145.4,4,81,29.7,0,0,0
2026-09-07 19:25:00,144.8,3,84,31.4,0,0,0
2026-09-07 19:30:00,142.1,7,80,29.5,0,0,0
2026-09-07 19:35:00,137.9,20,81,32.0,0,0,0
2026-09-07 19:40:00,134.3,7,80,24.4,0,0,0
2026-09-07 19:45:00,131.7,11,82,30.5,0,0,0
2026-09-07 19:50:00,132.6,11,80,26.7,0,0,0
2026-09-07 19:55:00,131.9,5,82,30.9,0,0,0
2026-09-07 20:00:00,132.3,8,80,30.5,0,0,0
2026-09-07 20:05:00,130.2,21,83,27.8,0,0,0
2026-09-07 20:10:00,128.8,11,83,28.4,0,0,0
2026-09-07 20:15:00,129.5,9,82,30.3,0,0,0
2026-09-07 20:20:00,128.5,9,79,26.7,0,0,0
2026-09-07 20:25:00,127.5,3,79,32.4,0,0,0
2026-09-07 20:30:00,128.5,11,85,33.0,0,0,0
2026-09-07 20:35:00,129.6,8,80,25.5,0,0,0
2026-09-07 20:40:00,130.1,7,86,27.1,0,0,0
2026-09-07 20:45:00,125.9,11,84,25.9,0,0,0
2026-09-07 20:50:00,124.7,5,79,29.7,0,0,0
2026-09-07 20:55:00,123.9,7,84,26.3,0,0,0
2026-09-07 21:00:00,123.9,10,81,27.6,0,0,0
2026-09-07 21:05:00,124.7,1,81,29.9,0,0,0
2026-09-07 21:10:00,123.7,16,80,32.4,0,0,0
2026-09-07 21:15:00,124.9,7,81,31.3,0,0,0
2026-09-07 21:20:00,125.3,10,82,29.0,0,0,0
2026-09-07 21:25:00,126.8,14,83,26.1,0,0,0
2026-09-07 21:30:00,127.4,7,80,30.9,0,0,0
2026-09-07 21:35:00,125.8,6,84,29.0,0,0,0
2026-09-07 21:40:00,123.3,12,84,27.4,0,63,55
2026-09-07 21:45:00,134.3,6,83,32.2,0,0,0
2026-09-07 21:50:00,142.7,5,83,29.2,0,0,0
2026-09-07 21:55:00,151.5,5,83,29.1,0,0,0
2026-09-07 22:00:00,156.5,15,80,30.5,0,0,0
2026-09-07 22:05:00,158.5,13,87,28.4,0,0,0
2026-09-07 22:10:00,160.0,2,81,30.7,0,0,0
2026-09-07 22:15:00,160.5,8,82,27.9,0,0,0
2026-09-07 22:20:00,160.2,7,82,27.5,0,0,0
2026-09-07 22:25:00,158.8,2,83,34.6,0,0,0
2026-09-07 22:30:00,161.2,12,80,30.6,0,0,0
2026-09-07 22:35:00,157.1,9,84,28.1,0,0,0
2026-09-07 22:40:00,154.6,10,80,31.6,0,0,0
2026-09-07 22:45:00,153.5,0,75,47.5,1,0,0
2026-09-07 22:50:00,153.2,0,71,50.5,1,0,0
2026-09-07 22:55:00,150.5,0,72,47.4,1,0,0
2026-09-07 23:00:00,149.8,1,77,46.6,1,0,0
2026-09-07 23:05:00,151.3,0,71,50.6,1,0,0
2026-09-07 23:10:00,146.1,0,70,44.3,1,0,0
2026-09-07 23:15:00,144.9,0,73,49.9,1,0,0
2026-09-07 23:20:00,146.9,0,74,47.4,1,0,0
2026-09-07 23:25:00,143.4,0,75,49.2,1,0,0
2026-09-07 23:30:00,142.0,1,73,45.0,1,0,0
2026-09-07 23:35:00,142.3,0,70,47.2,1,0,0
2026-09-07 23:40:00,142.7,1,71,47.8,1,0,0
2026-09-07 23:45:00,142.2,1,74,45.1,1,0,0
2026-09-07 23:50:00,142.8,1,74,47.3,1,0,0
2026-09-07 23:55:00,138.6,0,71,49.9,1,0,0
2026-09-08 00:00:00,132.1,0,71,53.0,1,0,0
2026-09-08 00:05:00,131.5,0,71,53.7,1,0,0
2026-09-08 00:10:00,129.7,0,75,50.9,1,0,0
2026-09-08 00:15:00,126.0,0,73,52.1,1,0,0
2026-09-08 00:20:00,125.1,0,75,48.3,1,0,0
2026-09-08 00:25:00,124.6,0,70,45.0,1,0,0
2026-09-08 00:30:00,126.2,0,75,53.2,1,0,0
2026-09-08 00:35:00,126.6,0,68,52.1,1,0,0
2026-09-08 00:40:00,127.6,0,75,52.0,1,0,0
2026-09-08 00:45:00,129.0,1,72,51.6,1,0,0
2026-09-08 00:50:00,129.1,1,73,47.2,1,0,0
2026-09-08 00:55:00,126.1,0,71,49.8,1,0,0
2026-09-08 01:00:00,122.3,0,74,47.8,1,0,0
2026-09-08 01:05:00,119.5,1,74,47.6,1,0,0
2026-09-08 01:10:00,118.0,0,75,49.0,1,0,0
2026-09-08 01:15:00,118.6,0,73,51.0,1,0,0
2026-09-08 01:20:00,120.2,0,76,47.2,1,0,0
2026-09-08 01:25:00,117.5,0,75,52.9,1,0,0
2026-09-08 01:30:00,118.1,0,72,51.2,1,0,0
2026-09-08 01:35:00,118.7,0,72,52.1,1,0,0
2026-09-08 01:40:00,117.6,0,72,52.2,1,0,0
2026-09-08 01:45:00,116.9,0,75,51.9,1,0,0
2026-09-08 01:50:00,116.1,0,72,52.1,1,0,0
2026-09-08 01:55:00,117.9,0,71,49.2,1,0,0
2026-09-08 02:00:00,115.6,0,74,47.9,1,0,0
2026-09-08 02:05:00,113.9,0,73,49.7,1,0,0
2026-09-08 02:10:00,111.3,0,73,52.8,1,0,0
2026-09-08 02:15:00,112.3,0,74,50.0,1,0,0
2026-09-08 02:20:00,114.6,0,75,53.2,1,0,0
2026-09-08 02:25:00,111.5,0,70,51.1,1,0,0
2026-09-08 02:30:00,112.2,1,75,47.4,1,0,0
2026-09-08 02:35:00,110.8,0,72,52.8,1,0,0
2026-09-08 02:40:00,110.5,2,72,50.0,1,0,0
2026-09-08 02:45:00,108.7,0,71,50.5,1,0,0
2026-09-08 02:50:00,107.3,1,72,51.7,1,0,0
2026-09-08 02:55:00,105.3,0,75,51.9,1,0,0
2026-09-08 03:00:00,107.0,1,79,49.2,1,0,0
2026-09-08 03:05:00,108.1,0,72,48.2,1,0,0
2026-09-08 03:10:00,110.7,0,68,50.4,1,0,0
2026-09-08 03:15:00,111.0,1,74,50.2,1,0,0
2026-09-08 03:20:00,112.4,1,72,49.1,1,0,0
2026-09-08 03:25:00,113.1,0,75,52.4,1,0,0
2026-09-08 03:30:00,113.3,0,73,48.4,1,0,0
2026-09-08 03:35:00,113.5,0,69,49.3,1,0,0
2026-09-08 03:40:00,112.4,0,70,50.5,1,0,0
2026-09-08 03:45:00,110.9,0,75,49.2,1,0,0
2026-09-08 03:50:00,111.7,0,73,49.8,1,0,0
2026-09-08 03:55:00,115.3,0,68,48.6,1,0,0
2026-09-08 04:00:00,115.8,0,71,51.3,1,0,0
2026-09-08 04:05:00,117.8,1,76,51.2,1,0,0
2026-09-08 04:10:00,116.0,1,77,50.0,1,0,0
2026-09-08 04:15:00,114.5,0,74,52.2,1,0,0
2026-09-08 04:20:00,114.5,0,72,52.5,1,0,0
2026-09-08 04:25:00,111.9,0,78,51.9,1,0,0
2026-09-08 04:30:00,113.8,0,72,47.5,1,0,0
2026-09-08 04:35:00,119.4,0,72,49.4,1,0,0
2026-09-08 04:40:00,117.8,0,74,47.9,1,0,0
2026-09-08 04:45:00,117.6,0,70,47.0,1,0,0
2026-09-08 04:50:00,121.2,0,72,52.8,1,0,0
2026-09-08 04:55:00,122.6,1,71,50.4,1,0,0
2026-09-08 05:00:00,124.0,0,75,48.5,1,0,0
2026-09-08 05:05:00,123.4,1,77,52.0,1,0,0
2026-09-08 05:10:00,121.6,1,72,52.7,1,0,0
2026-09-08 05:15:00,121.2,1,72,52.6,1,0,0
2026-09-08 05:20:00,120.6,0,72,52.0,1,0,0
2026-09-08 05:25:00,120.1,0,72,50.4,1,0,0
2026-09-08 05:30:00,122.1,0,73,50.3,1,0,0
2026-09-08 05:35:00,122.7,1,74,51.6,1,0,0
2026-09-08 05:40:00,124.6,0,72,49.7,1,0,0
2026-09-08 05:45:00,124.4,0,73,46.0,1,0,0
2026-09-08 05:50:00,124.2,1,71,53.5,1,0,0
2026-09-08 05:55:00,124.4,0,74,47.5,1,0,0
2026-09-08 06:00:00,122.2,0,77,51.4,1,0,0
2026-09-08 06:05:00,122.9,0,75,50.3,1,0,0
2026-09-08 06:10:00,122.8,0,71,51.5,1,0,0
2026-09-08 06:15:00,122.2,1,72,57.1,1,0,0
2026-09-08 06:20:00,120.0,6,81,29.3,0,0,0
2026-09-08 06:25:00,119.1,7,80,29.2,0,0,0
2026-09-08 06:30:00,120.0,7,83,28.7,0,0,0
2026-09-08 06:35:00,120.7,8,80,31.4,0,0,0
2026-09-08 06:40:00,119.8,4,79,30.2,0,0,0
2026-09-08 06:45:00,119.6,6,82,28.2,0,0,0
2026-09-08 06:50:00,119.8,22,85,31.2,0,0,0
2026-09-08 06:55:00,120.5,11,86,29.2,0,0,0
2026-09-08 07:00:00,120.3,9,84,32.1,0,0,0
2026-09-08 07:05:00,118.0,6,82,32.2,0,0,0
2026-09-08 07:10:00,118.3,2,79,31.2,0,0,0
2026-09-08 07:15:00,115.4,3,82,29.1,0,0,0
2026-09-08 07:20:00,116.4,11,80,30.5,0,0,0
2026-09-08 07:25:00,112.6,20,86,29.6,0,0,0
2026-09-08 07:30:00,117.6,11,81,29.8,0,0,0
2026-09-08 07:35:00,118.9,15,84,27.8,0,0,0
2026-09-08 07:40:00,120.7,3,78,24.5,0,0,0
2026-09-08 07:45:00,121.3,11,81,31.2,0,0,0
2026-09-08 07:50:00,125.7,10,83,31.1,0,0,0
2026-09-08 07:55:00,125.4,4,79,31.0,0,0,0
2026-09-08 08:00:00,120.7,9,82,28.8,0,0,0
2026-09-08 08:05:00,121.2,6,81,27.8,0,0,0
2026-09-08 08:10:00,120.0,19,81,36.7,0,0,0
2026-09-08 08:15:00,119.9,6,82,32.5,0,0,0
2026-09-08 08:20:00,117.1,22,81,29.6,0,0,0
2026-09-08 08:25:00,116.1,8,83,31.4,0,0,0
2026-09-08 08:30:00,115.5,5,84,27.1,0,0,0
2026-09-08 08:35:00,117.0,4,81,29.0,0,0,0
2026-09-08 08:40:00,114.6,4,82,33.3,0,64,78
2026-09-08 08:45:00,122.7,4,83,25.4,0,0,0
2026-09-08 08:50:00,127.6,10,85,28.7,0,0,0
2026-09-08 08:55:00,134.0,423,108,33.8,0,0,0
2026-09-08 09:00:00,136.8,426,109,30.5,0,0,0
2026-09-08 09:05:00,139.6,7,82,28.9,0,0,0
2026-09-08 09:10:00,142.8,15,81,32.4,0,0,0
2026-09-08 09:15:00,145.2,24,84,29.9,0,0,0
2026-09-08 09:20:00,144.8,14,85,34.2,0,0,0
2026-09-08 09:25:00,144.1,12,82,32.6,0,0,0
2026-09-08 09:30:00,142.9,16,87,28.9,0,0,0
2026-09-08 09:35:00,142.7,8,80,30.4,0,0,0
2026-09-08 09:40:00,141.1,10,81,35.7,0,0,0
2026-09-08 09:45:00,136.0,3,81,29.2,0,0,0
2026-09-08 09:50:00,130.8,10,80,31.4,0,0,0
2026-09-08 09:55:00,131.2,12,79,34.0,0,0,0
2026-09-08 10:00:00,130.1,5,80,31.6,0,0,0
2026-09-08 10:05:00,130.4,5,78,28.9,0,0,0
2026-09-08 10:10:00,134.2,7,83,33.8,0,0,0
2026-09-08 10:15:00,132.4,10,82,32.3,0,0,0
2026-09-08 10:20:00,131.2,6,78,34.7,0,0,0
2026-09-08 10:25:00,128.2,6,83,31.4,0,0,0
2026-09-08 10:30:00,124.1,2,79,30.6,0,0,0
2026-09-08 10:35:00,126.3,16,85,31.7,0,0,0
2026-09-08 10:40:00,124.7,7,79,32.2,0,0,0
2026-09-08 10:45:00,124.8,7,82,32.8,0,0,0
2026-09-08 10:50:00,124.1,7,85,30.8,0,0,0
2026-09-08 10:55:00,125.7,11,77,29.6,0,0,0
2026-09-08 11:00:00,124.2,12,82,28.3,0,0,0
2026-09-08 11:05:00,120.9,15,82,33.1,0,0,0
2026-09-08 11:10:00,121.0,8,78,31.9,0,0,0
2026-09-08 11:15:00,120.6,16,84,33.7,0,0,0
2026-09-08 11:20:00,117.4,16,82,32.1,0,0,0
2026-09-08 11:25:00,116.2,14,84,27.7,0,0,0
2026-09-08 11:30:00,115.7,10,82,27.4,0,0,0
2026-09-08 11:35:00,117.1,7,82,30.4,0,0,0
2026-09-08 11:40:00,117.2,6,82,29.1,0,0,0
2026-09-08 11:45:00,112.6,11,82,29.3,0,0,0
2026-09-08 11:50:00,113.5,2,80,30.6,0,0,0
2026-09-08 11:55:00,115.3,12,82,29.3,0,0,0
2026-09-08 12:00:00,116.2,10,82,31.7,0,0,0
2026-09-08 12:05:00,115.1,5,82,33.9,0,0,0
2026-09-08 12:10:00,115.0,10,82,32.3,0,0,0
2026-09-08 12:15:00,112.7,13,78,30.3,0,0,0
2026-09-08 12:20:00,108.6,4,79,32.4,0,0,0
2026-09-08 12:25:00,108.9,5,78,34.3,0,0,0
2026-09-08 12:30:00,109.5,22,83,30.9,0,0,0
2026-09-08 12:35:00,110.3,15,82,34.4,0,0,0
2026-09-08 12:40:00,112.0,4,79,35.1,0,0,0
2026-09-08 12:45:00,111.5,2,79,28.3,0,0,0
2026-09-08 12:50:00,116.9,8,81,31.0,0,0,0
2026-09-08 12:55:00,116.4,9,79,31.6,0,0,0
2026-09-08 13:00:00,118.3,8,80,29.3,0,0,0
2026-09-08 13:05:00,117.0,2,82,30.9,0,0,0
2026-09-08 13:10:00,118.4,8,83,30.5,0,0,0
2026-09-08 13:15:00,117.5,6,82,30.3,0,0,0
2026-09-08 13:20:00,117.9,11,81,30.0,0,0,0
2026-09-08 13:25:00,115.7,13,81,31.0,0,0,0
2026-09-08 13:30:00,112.9,7,78,28.6,0,0,0
2026-09-08 13:35:00,113.8,6,85,29.7,0,0,0
2026-09-08 13:40:00,112.1,11,85,31.4,0,48,50
2026-09-08 13:45:00,118.4,12,89,29.4,0,0,0
2026-09-08 13:50:00,125.8,9,83,33.3,0,0,0
2026-09-08 13:55:00,131.6,23,85,30.1,0,0,0
2026-09-08 14:00:00,132.1,8,86,32.8,0,0,0
2026-09-08 14:05:00,135.9,15,86,30.6,0,0,0
2026-09-08 14:10:00,133.9,3,81,30.6,0,0,0
2026-09-08 14:15:00,134.7,4,83,31.4,0,0,0
2026-09-08 14:20:00,136.5,4,80,32.3,0,0,0
2026-09-08 14:25:00,136.3,4,81,31.4,0,0,0
2026-09-08 14:30:00,134.0,11,81,31.3,0,0,0
2026-09-08 14:35:00,135.2,9,82,30.2,0,0,0
2026-09-08 14:40:00,134.6,12,80,31.2,0,0,0
2026-09-08 14:45:00,132.8,9,83,29.1,0,0,0
2026-09-08 14:50:00,130.0,7,82,32.7,0,0,0
2026-09-08 14:55:00,129.7,11,78,28.9,0,0,0
2026-09-08 15:00:00,129.0,12,81,28.8,0,0,0
2026-09-08 15:05:00,128.5,9,79,28.9,0,0,0
2026-09-08 15:10:00,131.1,17,83,28.8,0,0,0
2026-09-08 15:15:00,129.9,9,84,33.9,0,0,0
2026-09-08 15:20:00,130.3,9,83,28.5,0,0,0
2026-09-08 15:25:00,130.6,8,83,30.9,0,0,0
2026-09-08 15:30:00,129.3,3,81,31.0,0,0,0
2026-09-08 15:35:00,129.1,498,110,30.1,0,0,0
2026-09-08 15:40:00,130.2,494,109,33.0,0,0,0
2026-09-08 15:45:00,127.3,12,86,33.2,0,0,0
2026-09-08 15:50:00,124.7,14,82,30.8,0,0,0
2026-09-08 15:55:00,124.5,11,80,30.1,0,0,0
2026-09-08 16:00:00,124.4,10,83,31.0,0,0,0
2026-09-08 16:05:00,122.8,4,81,30.3,0,0,0
2026-09-08 16:10:00,123.9,11,81,28.7,0,0,0
2026-09-08 16:15:00,122.7,4,78,31.7,0,0,0
2026-09-08 16:20:00,124.7,10,82,31.4,0,0,0
2026-09-08 16:25:00,119.9,12,82,29.9,0,0,0
2026-09-08 16:30:00,116.5,9,78,32.3,0,0,0
2026-09-08 16:35:00,119.1,8,80,31.6,0,0,0
2026-09-08 16:40:00,118.8,8,82,36.0,0,0,0
2026-09-08 16:45:00,119.4,10,80,30.6,0,0,0
2026-09-08 16:50:00,116.8,11,86,30.4,0,0,0
2026-09-08 16:55:00,114.4,2,84,31.7,0,0,0
2026-09-08 17:00:00,113.3,5,79,35.4,0,0,0
2026-09-08 17:05:00,110.8,7,80,32.2,0,0,0
2026-09-08 17:10:00,114.5,10,80,34.9,0,0,0
2026-09-08 17:15:00,111.2,6,84,27.0,0,39,80
2026-09-08 17:20:00,114.3,2,85,26.3,0,0,0
2026-09-08 17:25:00,119.0,6,87,34.1,0,0,0
2026-09-08 17:30:00,122.2,459,112,30.4,0,0,0
2026-09-08 17:35:00,126.3,463,113,34.2,0,0,0
2026-09-08 17:40:00,129.1,3,83,28.0,0,0,0
2026-09-08 17:45:00,132.0,5,81,33.7,0,0,0
2026-09-08 17:50:00,132.6,7,83,31.8,0,0,0
2026-09-08 17:55:00,134.9,2,83,32.6,0,0,0
2026-09-08 18:00:00,135.1,12,83,29.1,0,0,0
2026-09-08 18:05:00,134.2,6,81,31.3,0,0,0
2026-09-08 18:10:00,133.9,8,81,29.3,0,0,0
2026-09-08 18:15:00,135.4,13,82,29.5,0,0,0
2026-09-08 18:20:00,131.5,9,80,30.0,0,0,0
2026-09-08 18:25:00,133.3,15,83,33.5,0,0,0
2026-09-08 18:30:00,132.1,4,81,29.1,0,0,0
2026-09-08 18:35:00,130.8,10,79,33.0,0,0,0
2026-09-08 18:40:00,127.0,11,82,32.9,0,0,0
2026-09-08 18:45:00,129.3,17,85,30.5,0,0,0
2026-09-08 18:50:00,130.3,9,81,34.6,0,0,0
2026-09-08 18:55:00,129.8,7,82,32.8,0,0,0
2026-09-08 19:00:00,135.9,8,80,31.5,0,0,0
2026-09-08 19:05:00,133.5,9,82,30.2,0,0,0
2026-09-08 19:10:00,131.4,6,79,32.7,0,0,0
2026-09-08 19:15:00,130.6,5,81,31.0,0,0,0
2026-09-08 19:20:00,130.1,7,81,33.2,0,0,0
2026-09-08 19:25:00,127.9,9,80,32.6,0,0,0
2026-09-08 19:30:00,130.7,3,82,32.1,0,0,0
2026-09-08 19:35:00,129.3,3,80,28.9,0,0,0
2026-09-08 19:40:00,124.2,8,83,30.2,0,0,0
2026-09-08 19:45:00,123.4,10,79,31.3,0,0,0
2026-09-08 19:50:00,123.4,8,83,29.4,0,0,0
2026-09-08 19:55:00,125.1,2,82,32.0,0,0,0
2026-09-08 20:00:00,126.3,8,83,33.6,0,0,0
2026-09-08 20:05:00,125.1,5,81,30.2,0,0,0
2026-09-08 20:10:00,125.4,8,83,32.9,0,0,0
2026-09-08 20:15:00,120.4,5,83,29.6,0,0,0
2026-09-08 20:20:00,122.5,2,78,30.0,0,0,0
2026-09-08 20:25:00,121.5,6,83,29.2,0,0,0
2026-09-08 20:30:00,119.7,19,85,31.7,0,0,0
2026-09-08 20:35:00,113.7,8,78,27.6,0,0,0
2026-09-08 20:40:00,113.7,4,83,32.0,0,0,0
2026-09-08 20:45:00,111.7,7,83,33.7,0,0,0
2026-09-08 20:50:00,111.0,4,79,29.3,0,0,0
2026-09-08 20:55:00,111.5,2,85,34.4,0,0,0
2026-09-08 21:00:00,107.7,21,86,32.4,0,0,0
2026-09-08 21:05:00,106.5,5,82,33.4,0,0,0
2026-09-08 21:10:00,108.2,5,80,32.9,0,0,0
2026-09-08 21:15:00,108.9,1,78,27.7,0,0,0
2026-09-08 21:20:00,109.6,5,83,30.8,0,0,0
2026-09-08 21:25:00,107.2,6,81,29.5,0,0,0
2026-09-08 21:30:00,109.0,18,81,33.8,0,0,0
2026-09-08 21:35:00,107.7,9,80,34.3,0,0,0
2026-09-08 21:40:00,109.8,10,80,30.3,0,0,0
2026-09-08 21:45:00,111.5,4,85,28.1,0,0,0
2026-09-08 21:50:00,109.9,15,81,31.0,0,0,0
2026-09-08 21:55:00,108.0,7,82,31.9,0,96,70
2026-09-08 22:00:00,119.9,4,81,30.4,0,0,0
2026-09-08 22:05:00,132.6,13,83,31.5,0,0,0
2026-09-08 22:10:00,138.8,492,112,32.8,0,0,0
2026-09-08 22:15:00,143.4,495,116,31.8,0,0,0
2026-09-08 22:20:00,147.4,7,84,29.7,0,0,0
2026-09-08 22:25:00,151.6,15,81,28.8,0,0,0
2026-09-08 22:30:00,151.9,4,79,31.5,0,0,0
2026-09-08 22:35:00,152.7,13,84,30.9,0,0,0
2026-09-08 22:40:00,153.6,10,82,31.3,0,0,0
2026-09-08 22:45:00,155.8,11,82,28.7,0,0,0
2026-09-08 22:50:00,157.8,11,83,32.4,0,0,0
2026-09-08 22:55:00,154.8,9,84,29.2,0,0,0
2026-09-08 23:00:00,150.8,7,82,31.0,0,0,0
2026-09-08 23:05:00,149.1,6,83,32.0,0,0,0
2026-09-08 23:10:00,146.6,4,83,29.3,0,0,0
2026-09-08 23:15:00,147.5,8,84,30.5,0,0,0
2026-09-08 23:20:00,148.5,14,83,29.6,0,0,0
2026-09-08 23:25:00,148.1,15,82,33.9,0,0,0
2026-09-08 23:30:00,143.8,4,86,30.4,0,0,0
2026-09-08 23:35:00,140.1,6,81,28.7,0,0,0
2026-09-08 23:40:00,137.2,10,84,33.2,0,0,0
2026-09-08 23:45:00,135.2,10,83,28.0,0,0,0
2026-09-08 23:50:00,131.0,10,84,30.9,0,0,0
2026-09-08 23:55:00,129.4,18,84,31.3,0,0,0
2026-09-09 00:00:00,127.5,11,81,32.4,0,0,0
2026-09-09 00:05:00,126.0,10,81,31.0,0,0,0
2026-09-09 00:10:00,123.4,10,79,31.8,0,0,0
2026-09-09 00:15:00,122.7,6,81,29.7,0,0,0
2026-09-09 00:20:00,121.4,13,82,32.0,0,0,0
2026-09-09 00:25:00,122.6,8,83,32.0,0,0,0
2026-09-09 00:30:00,124.8,2,78,30.4,0,0,0
2026-09-09 00:35:00,122.3,7,82,30.3,0,0,0
2026-09-09 00:40:00,119.5,14,83,31.9,0,0,0
2026-09-09 00:45:00,117.1,4,82,31.7,0,0,0
2026-09-09 00:50:00,115.9,6,81,34.3,0,0,0
2026-09-09 00:55:00,114.4,16,77,31.9,0,0,0
2026-09-09 01:00:00,114.6,5,82,33.8,0,0,0
2026-09-09 01:05:00,116.0,0,73,50.7,1,0,0
2026-09-09 01:10:00,119.0,0,76,52.5,1,0,0
2026-09-09 01:15:00,117.5,2,75,50.5,1,0,0
2026-09-09 01:20:00,115.3,0,76,47.7,1,0,0
2026-09-09 01:25:00,116.2,2,75,51.0,1,0,0
2026-09-09 01:30:00,112.6,1,70,52.5,1,0,0
2026-09-09 01:35:00,112.4,3,72,50.6,1,0,0
2026-09-09 01:40:00,109.3,0,71,52.2,1,0,0
2026-09-09 01:45:00,109.8,0,70,49.5,1,0,0
2026-09-09 01:50:00,106.4,0,73,54.6,1,0,0
2026-09-09 01:55:00,107.1,0,72,51.0,1,0,0
2026-09-09 02:00:00,106.6,1,76,47.4,1,0,0
2026-09-09 02:05:00,108.5,0,72,51.6,1,0,0
2026-09-09 02:10:00,108.3,2,75,51.3,1,0,0
2026-09-09 02:15:00,112.0,0,71,53.5,1,0,0
2026-09-09 02:20:00,113.1,0,76,51.8,1,0,0
2026-09-09 02:25:00,107.6,0,73,51.7,1,0,0
2026-09-09 02:30:00,112.6,0,75,52.6,1,0,0
2026-09-09 02:35:00,113.7,0,72,50.6,1,0,0
2026-09-09 02:40:00,112.4,1,80,51.3,1,0,0
2026-09-09 02:45:00,118.3,0,76,49.6,1,0,0
2026-09-09 02:50:00,115.9,0,70,49.5,1,0,0
2026-09-09 02:55:00,117.3,1,72,51.3,1,0,0
2026-09-09 03:00:00,118.6,0,75,55.3,1,0,0
2026-09-09 03:05:00,115.9,0,74,52.5,1,0,0
2026-09-09 03:10:00,113.2,1,74,50.5,1,0,0
2026-09-09 03:15:00,115.0,0,69,54.1,1,0,0
2026-09-09 03:20:00,117.2,0,73,54.5,1,0,0
2026-09-09 03:25:00,115.4,0,74,50.7,1,0,0
2026-09-09 03:30:00,117.7,1,75,50.0,1,0,0
2026-09-09 03:35:00,115.0,0,75,51.1,1,0,0
2026-09-09 03:40:00,116.0,0,74,50.0,1,0,0
2026-09-09 03:45:00,113.7,0,75,51.5,1,0,0
2026-09-09 03:50:00,110.9,0,79,53.3,1,0,0
2026-09-09 03:55:00,109.5,0,72,53.8,1,0,0
2026-09-09 04:00:00,109.5,0,75,53.1,1,0,0
2026-09-09 04:05:00,112.6,0,72,49.9,1,0,0
2026-09-09 04:10:00,113.4,1,69,50.3,1,0,0
2026-09-09 04:15:00,117.4,1,75,49.4,1,0,0
2026-09-09 04:20:00,117.3,3,74,55.4,1,0,0
2026-09-09 04:25:00,121.7,0,73,50.4,1,0,0
2026-09-09 04:30:00,123.5,0,77,49.1,1,0,0
2026-09-09 04:35:00,127.8,0,72,50.2,1,0,0
2026-09-09 04:40:00,124.7,0,76,50.0,1,0,0
2026-09-09 04:45:00,125.1,0,76,50.2,1,0,0
2026-09-09 04:50:00,122.9,0,73,49.3,1,0,0
2026-09-09 04:55:00,124.1,1,75,50.6,1,0,0
2026-09-09 05:00:00,123.6,1,76,52.9,1,0,0
2026-09-09 05:05:00,119.1,1,71,47.0,1,0,0
2026-09-09 05:10:00,120.1,0,74,52.3,1,0,0
2026-09-09 05:15:00,121.7,0,72,52.6,1,0,0
2026-09-09 05:20:00,118.6,0,70,52.1,1,0,0
2026-09-09 05:25:00,119.4,0,73,53.5,1,0,0
2026-09-09 05:30:00,117.9,1,74,50.6,1,0,0
2026-09-09 05:35:00,117.8,0,75,52.0,1,0,0
2026-09-09 05:40:00,115.8,0,70,49.0,1,0,0
2026-09-09 05:45:00,114.2,0,69,51.2,1,0,0
2026-09-09 05:50:00,114.2,0,73,52.3,1,0,0
2026-09-09 05:55:00,114.6,0,77,49.4,1,0,0
2026-09-09 06:00:00,114.7,1,74,51.3,1,0,0
2026-09-09 06:05:00,116.0,0,72,50.8,1,0,0
2026-09-09 06:10:00,114.2,0,74,50.2,1,0,0
2026-09-09 06:15:00,115.2,0,73,52.2,1,0,0
2026-09-09 06:20:00,112.7,2,74,55.8,1,0,0
2026-09-09 06:25:00,112.6,0,72,54.2,1,0,0
2026-09-09 06:30:00,114.0,0,75,49.6,1,0,0
2026-09-09 06:35:00,119.6,5,83,34.2,0,0,0
2026-09-09 06:40:00,120.6,12,83,30.4,0,0,0
2026-09-09 06:45:00,123.5,6,80,31.6,0,0,0
2026-09-09 06:50:00,123.2,8,83,33.7,0,0,0
2026-09-09 06:55:00,124.3,23,85,34.3,0,0,0
2026-09-09 07:00:00,125.0,7,80,30.0,0,0,0
2026-09-09 07:05:00,125.0,9,84,33.4,0,0,0
2026-09-09 07:10:00,122.8,10,80,31.3,0,0,0
2026-09-09 07:15:00,120.9,9,82,32.6,0,0,0
2026-09-09 07:20:00,120.6,8,85,28.8,0,0,0
2026-09-09 07:25:00,117.8,6,81,31.7,0,0,0
2026-09-09 07:30:00,113.6,5,82,33.3,0,0,0
2026-09-09 07:35:00,111.9,8,81,30.8,0,0,0
2026-09-09 07:40:00,109.1,8,83,29.9,0,0,0
2026-09-09 07:45:00,108.5,9,85,33.6,0,0,0
2026-09-09 07:50:00,108.3,6,77,29.4,0,0,0
2026-09-09 07:55:00,110.7,6,85,29.7,0,0,0
2026-09-09 08:00:00,110.5,5,84,31.9,0,0,0
2026-09-09 08:05:00,110.6,4,83,32.1,0,0,0
2026-09-09 08:10:00,111.3,6,85,31.8,0,61,78
2026-09-09 08:15:00,124.1,7,83,31.8,0,0,0
2026-09-09 08:20:00,136.3,10,83,31.4,0,0,0
2026-09-09 08:25:00,143.5,6,84,30.3,0,0,0
2026-09-09 08:30:00,150.1,5,83,30.3,0,0,0
2026-09-09 08:35:00,152.3,5,88,30.6,0,0,0
2026-09-09 08:40:00,153.2,13,84,34.1,0,0,0
2026-09-09 08:45:00,154.6,3,79,27.4,0,0,0
2026-09-09 08:50:00,157.4,8,80,32.5,0,0,0
2026-09-09 08:55:00,157.3,7,81,33.8,0,0,0
2026-09-09 09:00:00,154.7,9,83,27.2,0,0,0
2026-09-09 09:05:00,155.3,15,81,30.2,0,0,0
2026-09-09 09:10:00,153.0,12,80,29.1,0,0,0
2026-09-09 09:15:00,153.8,5,78,33.6,0,0,0
2026-09-09 09:20:00,153.7,8,80,34.4,0,0,0
2026-09-09 09:25:00,149.4,10,86,29.5,0,0,0
2026-09-09 09:30:00,147.0,13,84,30.7,0,0,0
2026-09-09 09:35:00,142.4,9,81,29.6,0,0,0
2026-09-09 09:40:00,141.6,3,79,31.5,0,0,0
2026-09-09 09:45:00,141.1,11,81,34.8,0,0,0
2026-09-09 09:50:00,140.3,16,83,30.0,0,0,0
2026-09-09 09:55:00,137.2,12,85,29.2,0,0,0
2026-09-09 10:00:00,137.2,9,83,32.0,0,0,0
2026-09-09 10:05:00,133.9,1,82,32.6,0,0,0
2026-09-09 10:10:00,134.8,7,81,31.8,0,0,0
2026-09-09 10:15:00,135.7,23,81,30.7,0,0,0
2026-09-09 10:20:00,131.6,5,83,31.3,0,0,0
2026-09-09 10:25:00,125.9,6,80,31.6,0,0,0
2026-09-09 10:30:00,125.5,5,81,29.4,0,0,0
2026-09-09 10:35:00,127.2,7,79,33.6,0,0,0
2026-09-09 10:40:00,122.6,7,81,30.3,0,0,0
2026-09-09 10:45:00,119.0,8,81,34.4,0,0,0
2026-09-09 10:50:00,120.6,4,83,30.3,0,0,0
2026-09-09 10:55:00,123.4,4,81,33.3,0,0,0
2026-09-09 11:00:00,124.9,10,85,31.9,0,0,0
2026-09-09 11:05:00,122.4,6,83,28.3,0,0,0
2026-09-09 11:10:00,119.6,7,79,32.8,0,0,0
2026-09-09 11:15:00,118.4,8,86,32.9,0,0,0
2026-09-09 11:20:00,119.4,4,82,31.8,0,0,0
2026-09-09 11:25:00,116.2,12,81,31.5,0,0,0
2026-09-09 11:30:00,112.5,9,80,37.7,0,0,0
2026-09-09 11:35:00,111.3,14,82,30.9,0,0,0
2026-09-09 11:40:00,112.4,9,80,31.3,0,0,0
2026-09-09 11:45:00,112.2,2,82,29.0,0,0,0
2026-09-09 11:50:00,115.4,10,79,31.3,0,0,0
2026-09-09 11:55:00,115.2,12,82,31.9,0,0,0
2026-09-09 12:00:00,114.9,20,81,29.4,0,0,0
2026-09-09 12:05:00,114.3,7,81,32.6,0,0,0
2026-09-09 12:10:00,112.5,6,79,33.5,0,0,0
2026-09-09 12:15:00,110.8,10,81,32.7,0,0,0
2026-09-09 12:20:00,109.3,15,81,32.6,0,0,0
2026-09-09 12:25:00,108.2,12,79,31.7,0,0,0
2026-09-09 12:30:00,109.0,5,86,30.0,0,0,0
2026-09-09 12:35:00,109.2,5,81,31.2,0,0,0
2026-09-09 12:40:00,111.4,13,82,27.1,0,0,0
2026-09-09 12:45:00,115.1,3,79,32.7,0,0,0
2026-09-09 12:50:00,114.5,12,85,33.6,0,0,0
2026-09-09 12:55:00,116.5,13,79,30.9,0,0,0
2026-09-09 13:00:00,118.1,13,80,33.4,0,0,0
2026-09-09 13:05:00,118.8,12,79,32.0,0,0,0
2026-09-09 13:10:00,117.1,15,81,30.7,0,0,0
2026-09-09 13:15:00,117.0,4,83,32.1,0,0,0
2026-09-09 13:20:00,113.7,11,83,31.8,0,0,0
2026-09-09 13:25:00,112.9,10,83,34.8,0,0,0
2026-09-09 13:30:00,111.0,16,81,31.8,0,0,0
2026-09-09 13:35:00,108.5,12,86,30.9,0,0,0
2026-09-09 13:40:00,106.3,421,103,32.0,0,0,0
2026-09-09 13:45:00,105.3,427,108,30.6,0,0,0
2026-09-09 13:50:00,106.6,427,112,32.0,0,71,68
2026-09-09 13:55:00,112.1,425,110,32.7,0,0,0
2026-09-09 14:00:00,119.2,3,88,31.2,0,0,0
2026-09-09 14:05:00,124.4,435,108,30.8,0,0,0
2026-09-09 14:10:00,128.7,434,109,31.4,0,0,0
2026-09-09 14:15:00,133.3,8,85,30.6,0,0,0
2026-09-09 14:20:00,136.1,6,84,34.8,0,0,0
2026-09-09 14:25:00,135.4,6,84,31.2,0,0,0
2026-09-09 14:30:00,138.4,6,82,31.8,0,0,0
2026-09-09 14:35:00,140.5,15,83,26.8,0,0,0
2026-09-09 14:40:00,142.9,4,83,34.2,0,0,0
2026-09-09 14:45:00,142.7,2,78,31.3,0,0,0
2026-09-09 14:50:00,140.8,2,82,33.2,0,0,0
2026-09-09 14:55:00,140.0,13,85,32.1,0,0,0
2026-09-09 15:00:00,137.4,7,82,31.9,0,0,0
2026-09-09 15:05:00,134.5,3,76,29.3,0,0,0
2026-09-09 15:10:00,134.2,14,80,30.6,0,0,0
2026-09-09 15:15:00,128.8,5,82,32.9,0,0,0
2026-09-09 15:20:00,129.2,9,84,32.4,0,0,0
2026-09-09 15:25:00,130.2,14,80,30.9,0,0,0
2026-09-09 15:30:00,126.2,22,82,29.5,0,0,0
2026-09-09 15:35:00,126.5,9,81,31.8,0,0,0
2026-09-09 15:40:00,127.0,9,80,33.7,0,0,0
2026-09-09 15:45:00,125.6,14,82,30.7,0,0,0
2026-09-09 15:50:00,123.1,13,82,29.3,0,0,0
2026-09-09 15:55:00,123.1,15,84,31.9,0,0,0
2026-09-09 16:00:00,122.4,10,82,30.6,0,0,0
2026-09-09 16:05:00,120.5,1,85,31.8,0,0,0
2026-09-09 16:10:00,121.8,13,86,31.2,0,0,0
2026-09-09 16:15:00,118.4,3,81,34.5,0,0,0
2026-09-09 16:20:00,114.9,9,84,33.2,0,0,0
2026-09-09 16:25:00,113.0,10,80,29.7,0,0,0
2026-09-09 16:30:00,110.2,4,84,32.9,0,0,0
2026-09-09 16:35:00,111.7,8,83,33.8,0,0,0
2026-09-09 16:40:00,113.5,6,81,29.2,0,0,0
2026-09-09 16:45:00,115.7,8,82,32.7,0,0,0
2026-09-09 16:50:00,113.7,3,79,30.9,0,0,0
2026-09-09 16:55:00,111.1,8,83,31.2,0,0,0
2026-09-09 17:00:00,108.8,8,81,33.2,0,0,0
2026-09-09 17:05:00,110.0,4,81,30.4,0,0,0
2026-09-09 17:10:00,110.1,6,84,33.4,0,0,0
2026-09-09 17:15:00,111.1,3,82,29.8,0,0,0
2026-09-09 17:20:00,109.5,4,81,32.3,0,0,0
2026-09-09 17:25:00,109.1,9,81,30.3,0,0,0
2026-09-09 17:30:00,111.8,4,87,30.3,0,0,0
2026-09-09 17:35:00,110.0,10,84,32.9,0,0,0
2026-09-09 17:40:00,112.3,2,83,28.9,0,0,0
2026-09-09 17:45:00,108.1,3,81,32.2,0,0,0
2026-09-09 17:50:00,109.8,7,84,32.2,0,0,0
2026-09-09 17:55:00,110.6,9,81,31.3,0,0,0
2026-09-09 18:00:00,109.4,11,85,29.8,0,0,0
2026-09-09 18:05:00,108.8,6,87,32.6,0,42,80
2026-09-09 18:10:00,115.1,3,85,30.3,0,0,0
2026-09-09 18:15:00,116.7,4,82,28.9,0,0,0
2026-09-09 18:20:00,119.9,489,110,34.8,0,0,0
2026-09-09 18:25:00,124.4,498,114,29.6,0,0,0
2026-09-09 18:30:00,123.9,3,85,32.9,0,0,0
2026-09-09 18:35:00,128.6,8,81,31.2,0,0,0
2026-09-09 18:40:00,128.2,12,80,34.9,0,0,0
2026-09-09 18:45:00,130.9,8,78,33.3,0,0,0
2026-09-09 18:50:00,132.4,9,82,31.7,0,0,0
2026-09-09 18:55:00,135.7,9,81,30.9,0,0,0
2026-09-09 19:00:00,137.1,9,82,32.7,0,0,0
2026-09-09 19:05:00,136.4,7,82,33.0,0,0,0
2026-09-09 19:10:00,134.2,10,83,31.7,0,0,0
2026-09-09 19:15:00,137.2,15,81,30.9,0,0,0
2026-09-09 19:20:00,132.0,22,82,30.7,0,0,0
2026-09-09 19:25:00,130.0,14,88,32.3,0,0,0
2026-09-09 19:30:00,128.4,5,84,31.5,0,0,0
2026-09-09 19:35:00,128.4,7,82,35.7,0,0,0
2026-09-09 19:40:00,127.8,11,82,28.3,0,0,0
2026-09-09 19:45:00,123.2,9,85,26.4,0,0,0
2026-09-09 19:50:00,121.1,10,80,32.5,0,0,0
2026-09-09 19:55:00,117.8,6,82,32.7,0,0,0
2026-09-09 20:00:00,113.5,9,83,32.4,0,0,0
2026-09-09 20:05:00,112.5,16,82,32.5,0,0,0
2026-09-09 20:10:00,117.0,8,83,30.7,0,0,0
2026-09-09 20:15:00,117.1,8,83,29.9,0,0,0
2026-09-09 20:20:00,118.0,26,82,28.4,0,0,0
2026-09-09 20:25:00,114.3,3,80,32.1,0,0,0
2026-09-09 20:30:00,116.0,8,76,30.9,0,0,0
2026-09-09 20:35:00,118.6,16,83,29.8,0,0,0
2026-09-09 20:40:00,117.8,3,84,33.2,0,0,0
2026-09-09 20:45:00,118.2,12,85,29.7,0,0,0
2026-09-09 20:50:00,119.6,2,78,29.8,0,0,0
2026-09-09 20:55:00,117.0,10,79,32.6,0,0,0
2026-09-09 21:00:00,116.8,8,78,30.7,0,0,0
2026-09-09 21:05:00,115.7,13,81,32.9,0,61,55
2026-09-09 21:10:00,121.3,6,84,30.4,0,0,0
2026-09-09 21:15:00,131.1,18,86,32.4,0,0,0
2026-09-09 21:20:00,133.0,2,85,31.8,0,0,0
2026-09-09 21:25:00,138.4,9,86,33.3,0,0,0
2026-09-09 21:30:00,142.8,9,85,33.4,0,0,0
2026-09-09 21:35:00,145.8,1,82,31.7,0,0,0
2026-09-09 21:40:00,148.1,5,81,28.8,0,0,0
2026-09-09 21:45:00,146.4,7,82,33.2,0,0,0
2026-09-09 21:50:00,149.3,3,78,35.3,0,0,0
2026-09-09 21:55:00,148.9,7,83,30.6,0,0,0
2026-09-09 22:00:00,147.2,6,82,32.4,0,0,0
2026-09-09 22:05:00,142.9,2,77,32.2,0,0,0
2026-09-09 22:10:00,143.2,7,87,32.2,0,0,0
2026-09-09 22:15:00,146.3,7,81,32.5,0,0,0
2026-09-09 22:20:00,142.6,10,84,27.2,0,0,0
2026-09-09 22:25:00,137.5,10,84,34.1,0,0,0
2026-09-09 22:30:00,134.6,14,82,28.5,0,0,0
2026-09-09 22:35:00,133.1,12,77,31.6,0,0,0
2026-09-09 22:40:00,134.3,16,81,33.4,0,0,0
2026-09-09 22:45:00,133.9,10,84,30.5,0,0,0
2026-09-09 22:50:00,130.0,11,83,33.1,0,0,0
2026-09-09 22:55:00,131.5,5,82,34.4,0,0,0
2026-09-09 23:00:00,127.8,4,79,32.1,0,0,0
2026-09-09 23:05:00,126.3,13,82,28.7,0,0,0
2026-09-09 23:10:00,128.5,3,84,31.5,0,0,0
2026-09-09 23:15:00,123.9,9,80,30.1,0,0,0
2026-09-09 23:20:00,126.6,9,84,32.6,0,0,0
2026-09-09 23:25:00,123.2,13,81,31.7,0,0,0
2026-09-09 23:30:00,122.5,7,79,30.7,0,0,0
2026-09-09 23:35:00,123.4,2,82,28.5,0,0,0
2026-09-09 23:40:00,121.9,4,82,31.9,0,0,0
2026-09-09 23:45:00,122.9,1,83,34.3,0,0,0
2026-09-09 23:50:00,120.8,9,82,33.8,0,0,0
2026-09-09 23:55:00,119.4,8,81,31.9,0,0,0
2026-09-10 00:00:00,126.9,14,82,31.4,0,0,0
2026-09-10 00:05:00,126.6,5,79,27.8,0,0,0
2026-09-10 00:10:00,125.5,12,81,25.5,0,0,0
2026-09-10 00:15:00,125.0,13,86,27.3,0,0,0
2026-09-10 00:20:00,125.0,5,81,28.5,0,0,0
2026-09-10 00:25:00,127.7,9,77,28.1,0,0,0
2026-09-10 00:30:00,126.8,9,84,31.5,0,0,0
2026-09-10 00:35:00,126.0,3,80,33.5,0,0,0
2026-09-10 00:40:00,125.3,4,80,26.3,0,0,0
2026-09-10 00:45:00,122.3,9,84,30.5,0,0,0
2026-09-10 00:50:00,123.2,6,82,32.3,0,0,0
2026-09-10 00:55:00,122.5,7,87,28.8,0,0,0
2026-09-10 01:00:00,121.3,6,84,28.8,0,0,0
2026-09-10 01:05:00,121.7,9,81,30.6,0,0,0
2026-09-10 01:10:00,121.1,9,81,26.8,0,0,0
2026-09-10 01:15:00,122.1,2,80,30.4,0,0,0
2026-09-10 01:20:00,120.8,6,80,28.0,0,0,0
2026-09-10 01:25:00,118.9,7,78,27.5,0,0,0
2026-09-10 01:30:00,117.5,14,83,29.2,0,0,0
2026-09-10 01:35:00,116.5,13,85,27.3,0,0,0
2026-09-10 01:40:00,115.3,11,80,29.0,0,0,0
2026-09-10 01:45:00,117.5,0,79,52.5,1,0,0
2026-09-10 01:50:00,119.4,0,74,48.4,1,0,0
2026-09-10 01:55:00,115.4,0,72,49.2,1,0,0
2026-09-10 02:00:00,117.1,0,73,46.1,1,0,0
2026-09-10 02:05:00,122.1,0,71,52.3,1,0,0
2026-09-10 02:10:00,121.9,0,72,51.6,1,0,0
2026-09-10 02:15:00,121.7,1,73,47.2,1,0,0
2026-09-10 02:20:00,126.0,1,75,50.2,1,0,0
2026-09-10 02:25:00,127.8,0,70,50.2,1,0,0
2026-09-10 02:30:00,128.1,1,73,49.4,1,0,0
2026-09-10 02:35:00,130.2,0,71,49.1,1,0,0
2026-09-10 02:40:00,129.7,0,75,51.0,1,0,0
2026-09-10 02:45:00,127.3,0,76,47.0,1,0,0
2026-09-10 02:50:00,124.4,0,75,50.1,1,0,0
2026-09-10 02:55:00,124.3,0,74,47.6,1,0,0
2026-09-10 03:00:00,123.9,0,76,43.6,1,0,0
2026-09-10 03:05:00,121.7,1,73,48.6,1,0,0
2026-09-10 03:10:00,119.9,1,75,51.0,1,0,0
2026-09-10 03:15:00,119.7,0,73,50.6,1,0,0
2026-09-10 03:20:00,119.8,0,74,46.8,1,0,0
2026-09-10 03:25:00,116.6,2,74,51.1,1,0,0
2026-09-10 03:30:00,116.6,0,72,48.9,1,0,0
2026-09-10 03:35:00,114.9,0,74,49.5,1,0,0
2026-09-10 03:40:00,114.8,0,75,50.1,1,0,0
2026-09-10 03:45:00,114.3,0,69,46.7,1,0,0
2026-09-10 03:50:00,110.7,2,74,48.7,1,0,0
2026-09-10 03:55:00,113.4,0,72,45.6,1,0,0
2026-09-10 04:00:00,113.5,1,74,47.5,1,0,0
2026-09-10 04:05:00,113.7,0,72,47.9,1,0,0
2026-09-10 04:10:00,114.6,1,69,49.3,1,0,0
2026-09-10 04:15:00,113.4,0,71,48.9,1,0,0
2026-09-10 04:20:00,115.7,0,71,48.1,1,0,0
2026-09-10 04:25:00,116.3,1,72,45.7,1,0,0
2026-09-10 04:30:00,115.2,0,71,47.0,1,0,0
2026-09-10 04:35:00,114.9,0,76,45.4,1,0,0
2026-09-10 04:40:00,118.0,1,73,47.5,1,0,0
2026-09-10 04:45:00,116.2,1,73,46.4,1,0,0
2026-09-10 04:50:00,114.8,1,72,50.0,1,0,0
2026-09-10 04:55:00,113.4,2,76,45.6,1,0,0
2026-09-10 05:00:00,114.2,0,70,46.8,1,0,0
2026-09-10 05:05:00,113.8,0,76,49.8,1,0,0
2026-09-10 05:10:00,113.5,0,74,47.5,1,0,0
2026-09-10 05:15:00,119.2,0,70,47.2,1,0,0
2026-09-10 05:20:00,123.6,1,76,45.6,1,0,0
2026-09-10 05:25:00,122.3,0,73,46.8,1,0,0
2026-09-10 05:30:00,125.6,0,75,46.4,1,0,0
2026-09-10 05:35:00,124.4,0,72,49.2,1,0,0
2026-09-10 05:40:00,123.0,0,78,51.2,1,0,0
2026-09-10 05:45:00,122.7,1,73,53.4,1,0,0
2026-09-10 05:50:00,119.3,1,70,45.8,1,0,0
2026-09-10 05:55:00,118.2,0,74,53.6,1,0,0
2026-09-10 06:00:00,118.6,0,75,46.9,1,0,0
2026-09-10 06:05:00,119.6,0,74,46.4,1,0,0
2026-09-10 06:10:00,116.4,0,74,47.1,1,0,0
2026-09-10 06:15:00,117.2,2,73,47.9,1,0,0
2026-09-10 06:20:00,120.0,0,73,47.6,1,0,0
2026-09-10 06:25:00,119.3,1,71,45.5,1,0,0
2026-09-10 06:30:00,119.2,0,72,49.1,1,0,0
2026-09-10 06:35:00,120.3,10,79,30.9,0,0,0
2026-09-10 06:40:00,118.3,7,75,28.0,0,0,0
2026-09-10 06:45:00,118.6,6,80,30.1,0,0,0
2026-09-10 06:50:00,119.4,5,84,27.1,0,0,0
2026-09-10 06:55:00,115.9,4,82,31.6,0,0,0
2026-09-10 07:00:00,118.1,8,81,33.5,0,0,0
2026-09-10 07:05:00,118.9,10,82,30.9,0,0,0
2026-09-10 07:10:00,124.2,5,80,27.9,0,0,0
2026-09-10 07:15:00,127.3,21,84,29.4,0,0,0
2026-09-10 07:20:00,122.9,4,81,28.8,0,0,0
2026-09-10 07:25:00,124.2,4,82,27.9,0,0,0
2026-09-10 07:30:00,123.0,11,84,27.7,0,0,0
2026-09-10 07:35:00,122.5,10,80,30.8,0,0,0
2026-09-10 07:40:00,123.3,6,82,30.4,0,0,0
2026-09-10 07:45:00,122.1,7,78,30.5,0,0,0
2026-09-10 07:50:00,119.8,6,84,29.7,0,0,0
2026-09-10 07:55:00,119.2,12,82,27.0,0,0,0
2026-09-10 08:00:00,119.8,9,82,28.1,0,0,0
2026-09-10 08:05:00,120.8,10,80,29.2,0,0,0
2026-09-10 08:10:00,120.8,6,83,27.2,0,57,70
2026-09-10 08:15:00,128.3,6,93,28.1,0,0,0
2026-09-10 08:20:00,136.6,12,84,31.3,0,0,0
2026-09-10 08:25:00,143.7,5,83,31.9,0,0,0
2026-09-10 08:30:00,149.5,14,86,28.6,0,0,0
2026-09-10 08:35:00,154.1,15,84,30.9,0,0,0
2026-09-10 08:40:00,158.5,9,84,30.3,0,0,0
2026-09-10 08:45:00,159.7,4,79,29.4,0,0,0
2026-09-10 08:50:00,160.8,10,81,27.2,0,0,0
2026-09-10 08:55:00,159.4,3,80,26.0,0,0,0
2026-09-10 09:00:00,158.5,9,78,28.8,0,0,0
2026-09-10 09:05:00,153.9,6,81,30.1,0,0,0
2026-09-10 09:10:00,154.7,6,80,32.3,0,0,0
2026-09-10 09:15:00,156.5,11,82,32.1,0,0,0
2026-09-10 09:20:00,151.9,13,82,31.9,0,0,0
2026-09-10 09:25:00,152.2,7,81,28.0,0,0,0
2026-09-10 09:30:00,145.8,13,80,28.7,0,0,0
2026-09-10 09:35:00,146.1,13,85,30.7,0,0,0
2026-09-10 09:40:00,144.3,12,79,28.5,0,0,0
2026-09-10 09:45:00,142.2,5,81,33.1,0,0,0
2026-09-10 09:50:00,138.7,4,82,35.1,0,0,0
2026-09-10 09:55:00,137.0,6,79,32.9,0,0,0
2026-09-10 10:00:00,138.6,6,85,31.8,0,0,0
2026-09-10 10:05:00,136.2,7,79,28.9,0,0,0
2026-09-10 10:10:00,134.3,13,82,27.5,0,0,0
2026-09-10 10:15:00,135.0,6,82,31.4,0,0,0
2026-09-10 10:20:00,137.4,11,81,34.0,0,0,0
2026-09-10 10:25:00,134.5,13,79,27.5,0,0,0
2026-09-10 10:30:00,134.0,14,79,29.6,0,0,0
2026-09-10 10:35:00,132.4,8,82,30.7,0,0,0
2026-09-10 10:40:00,128.1,9,82,27.8,0,0,0
2026-09-10 10:45:00,130.5,15,83,30.2,0,0,0
2026-09-10 10:50:00,128.9,8,82,26.9,0,0,0
2026-09-10 10:55:00,125.7,7,81,30.0,0,0,0
2026-09-10 11:00:00,118.9,5,80,30.1,0,0,0
2026-09-10 11:05:00,117.5,9,85,32.1,0,0,0
2026-09-10 11:10:00,115.9,6,84,32.3,0,0,0
2026-09-10 11:15:00,116.6,6,81,30.4,0,0,0
2026-09-10 11:20:00,117.5,1,80,28.9,0,0,0
2026-09-10 11:25:00,114.4,18,82,34.5,0,0,0
2026-09-10 11:30:00,113.6,19,83,26.8,0,0,0
2026-09-10 11:35:00,111.8,15,80,31.3,0,0,0
2026-09-10 11:40:00,113.3,3,83,30.2,0,0,0
2026-09-10 11:45:00,112.8,8,84,27.9,0,0,0
2026-09-10 11:50:00,114.3,5,79,28.4,0,0,0
2026-09-10 11:55:00,113.0,8,81,29.2,0,0,0
2026-09-10 12:00:00,113.5,4,80,32.4,0,0,0
2026-09-10 12:05:00,114.5,6,81,29.1,0,0,0
2026-09-10 12:10:00,116.1,13,80,30.2,0,0,0
2026-09-10 12:15:00,115.1,4,81,28.7,0,0,0
2026-09-10 12:20:00,117.8,5,83,28.9,0,0,0
2026-09-10 12:25:00,118.4,9,83,29.6,0,0,0
2026-09-10 12:30:00,118.5,2,80,29.3,0,0,0
2026-09-10 12:35:00,116.8,9,82,27.0,0,0,0
2026-09-10 12:40:00,117.3,13,83,32.0,0,0,0
2026-09-10 12:45:00,115.0,12,81,28.6,0,0,0
2026-09-10 12:50:00,118.0,12,84,28.2,0,0,0
2026-09-10 12:55:00,120.3,17,85,27.3,0,0,0
2026-09-10 13:00:00,119.1,6,83,31.2,0,0,0
2026-09-10 13:05:00,118.0,9,83,29.0,0,0,0
2026-09-10 13:10:00,115.5,5,79,33.8,0,0,0
2026-09-10 13:15:00,116.5,16,83,25.9,0,0,0
2026-09-10 13:20:00,113.9,10,82,31.3,0,0,0
2026-09-10 13:25:00,113.6,7,80,32.0,0,0,0
2026-09-10 13:30:00,115.3,3,78,33.1,0,0,0
2026-09-10 13:35:00,115.7,3,82,30.3,0,0,0
2026-09-10 13:40:00,118.8,7,82,29.8,0,0,0
2026-09-10 13:45:00,118.8,4,82,32.7,0,0,0
2026-09-10 13:50:00,122.4,7,82,27.7,0,0,0
2026-09-10 13:55:00,120.6,2,83,30.3,0,0,0
2026-09-10 14:00:00,121.0,7,84,32.7,0,0,0
2026-09-10 14:05:00,124.2,3,81,33.9,0,0,0
2026-09-10 14:10:00,121.0,14,80,31.4,0,0,0
2026-09-10 14:15:00,119.4,6,80,29.8,0,0,0
2026-09-10 14:20:00,115.2,13,81,31.8,0,0,0
2026-09-10 14:25:00,115.7,5,82,30.8,0,0,0
2026-09-10 14:30:00,118.5,5,85,32.3,0,0,0
2026-09-10 14:35:00,118.6,7,86,29.2,0,0,0
2026-09-10 14:40:00,115.5,11,79,29.4,0,0,0
2026-09-10 14:45:00,113.4,12,83,28.5,0,0,0
2026-09-10 14:50:00,111.9,7,81,29.2,0,0,0
2026-09-10 14:55:00,111.7,6,83,31.4,0,0,0
2026-09-10 15:00:00,113.4,9,82,26.7,0,0,0
2026-09-10 15:05:00,113.0,11,85,30.9,0,0,0
2026-09-10 15:10:00,117.4,12,84,25.4,0,0,0
2026-09-10 15:15:00,117.0,4,81,30.1,0,0,0
2026-09-10 15:20:00,116.4,9,85,28.6,0,0,0
2026-09-10 15:25:00,113.3,9,81,28.0,0,0,0
2026-09-10 15:30:00,113.5,8,84,31.7,0,0,0
2026-09-10 15:35:00,117.8,4,82,28.6,0,0,0
2026-09-10 15:40:00,120.4,6,82,25.8,0,0,0
2026-09-10 15:45:00,120.5,21,80,32.4,0,0,0
2026-09-10 15:50:00,116.6,21,79,28.8,0,0,0
2026-09-10 15:55:00,116.1,26,82,30.2,0,0,0
2026-09-10 16:00:00,115.2,6,84,32.5,0,0,0
2026-09-10 16:05:00,117.7,1,79,31.7,0,0,0
2026-09-10 16:10:00,119.5,4,82,28.4,0,0,0
2026-09-10 16:15:00,117.5,4,80,27.4,0,0,0
2026-09-10 16:20:00,115.8,4,82,29.2,0,0,0
2026-09-10 16:25:00,116.1,9,79,27.6,0,0,0
2026-09-10 16:30:00,119.0,4,77,27.6,0,0,0
2026-09-10 16:35:00,118.4,8,82,28.8,0,0,0
2026-09-10 16:40:00,115.3,15,79,29.9,0,0,0
2026-09-10 16:45:00,114.9,7,83,28.5,0,0,0
2026-09-10 16:50:00,113.5,7,82,28.8,0,0,0
2026-09-10 16:55:00,115.5,1,80,31.8,0,0,0
2026-09-10 17:00:00,115.9,5,80,30.2,0,0,0
2026-09-10 17:05:00,111.7,12,86,28.7,0,16,35
2026-09-10 17:10:00,111.3,6,84,31.8,0,0,0
2026-09-10 17:15:00,114.8,0,87,29.4,0,0,0
2026-09-10 17:20:00,114.6,9,83,27.9,0,0,0
2026-09-10 17:25:00,115.7,19,79,28.1,0,0,0
2026-09-10 17:30:00,119.0,6,88,30.2,0,0,0
2026-09-10 17:35:00,119.7,4,79,30.4,0,0,0
2026-09-10 17:40:00,117.8,3,82,27.9,0,0,0
2026-09-10 17:45:00,121.0,10,80,28.1,0,0,0
2026-09-10 17:50:00,121.9,7,79,31.9,0,0,0
2026-09-10 17:55:00,122.6,12,81,30.3,0,0,0
2026-09-10 18:00:00,123.1,6,84,31.4,0,0,0
2026-09-10 18:05:00,122.9,14,83,28.4,0,0,0
2026-09-10 18:10:00,123.7,11,81,31.1,0,0,0
2026-09-10 18:15:00,120.9,16,81,32.7,0,0,0
2026-09-10 18:20:00,124.0,5,82,28.8,0,0,0
2026-09-10 18:25:00,123.9,9,81,27.1,0,0,0
2026-09-10 18:30:00,119.5,17,79,30.1,0,0,0
2026-09-10 18:35:00,118.4,9,82,31.8,0,0,0
2026-09-10 18:40:00,121.9,7,80,29.3,0,0,0
2026-09-10 18:45:00,123.5,6,84,28.2,0,0,0
2026-09-10 18:50:00,123.3,13,80,28.9,0,0,0
2026-09-10 18:55:00,123.0,344,103,27.8,0,0,0
2026-09-10 19:00:00,122.4,337,101,30.6,0,0,0
2026-09-10 19:05:00,116.8,343,102,29.5,0,0,0
2026-09-10 19:10:00,118.6,8,84,29.8,0,0,0
2026-09-10 19:15:00,122.1,5,78,28.2,0,0,0
2026-09-10 19:20:00,121.7,4,80,31.2,0,0,0
2026-09-10 19:25:00,123.1,20,80,30.4,0,0,0
2026-09-10 19:30:00,125.8,9,82,31.2,0,0,0
2026-09-10 19:35:00,123.7,11,84,32.3,0,0,0
2026-09-10 19:40:00,123.9,6,81,29.9,0,0,0
2026-09-10 19:45:00,121.7,11,82,31.1,0,0,0
2026-09-10 19:50:00,120.5,3,85,26.5,0,0,0
2026-09-10 19:55:00,119.5,17,75,29.5,0,0,0
2026-09-10 20:00:00,123.1,6,82,28.7,0,0,0
2026-09-10 20:05:00,124.0,4,80,33.7,0,0,0
2026-09-10 20:10:00,122.8,5,80,26.2,0,0,0
2026-09-10 20:15:00,122.9,2,79,30.1,0,0,0
2026-09-10 20:20:00,122.7,1,79,29.9,0,0,0
2026-09-10 20:25:00,122.8,6,78,32.6,0,0,0
2026-09-10 20:30:00,122.0,7,84,30.3,0,0,0
2026-09-10 20:35:00,123.2,5,81,31.7,0,0,0
2026-09-10 20:40:00,124.6,6,83,27.8,0,0,0
2026-09-10 20:45:00,123.4,11,83,32.6,0,0,0
2026-09-10 20:50:00,120.5,12,86,30.0,0,60,50
2026-09-10 20:55:00,123.8,7,86,31.2,0,0,0
2026-09-10 21:00:00,132.7,4,85,29.4,0,0,0
2026-09-10 21:05:00,131.8,409,108,29.6,0,0,0
2026-09-10 21:10:00,133.3,411,111,28.2,0,0,0
2026-09-10 21:15:00,135.4,9,84,27.4,0,0,0
2026-09-10 21:20:00,136.8,3,80,29.8,0,0,0
2026-09-10 21:25:00,136.5,11,84,30.2,0,0,0
2026-09-10 21:30:00,136.4,4,80,31.7,0,0,0
2026-09-10 21:35:00,136.7,8,81,31.4,0,0,0
2026-09-10 21:40:00,138.7,2,77,32.8,0,0,0
2026-09-10 21:45:00,138.0,10,81,28.1,0,0,0
2026-09-10 21:50:00,137.9,16,87,29.3,0,0,0
2026-09-10 21:55:00,137.5,4,79,29.5,0,0,0
2026-09-10 22:00:00,139.0,9,83,33.9,0,0,0
2026-09-10 22:05:00,136.7,5,82,28.7,0,0,0
2026-09-10 22:10:00,134.7,15,85,27.6,0,0,0
2026-09-10 22:15:00,141.2,1,80,32.1,0,0,0
2026-09-10 22:20:00,139.0,6,83,30.2,0,0,0
2026-09-10 22:25:00,137.9,10,84,30.9,0,0,0
2026-09-10 22:30:00,138.6,10,84,30.3,0,0,0
2026-09-10 22:35:00,136.1,12,80,30.7,0,0,0
2026-09-10 22:40:00,136.4,7,84,30.9,0,0,0
2026-09-10 22:45:00,136.1,6,82,29.6,0,0,0
2026-09-10 22:50:00,132.2,5,83,28.7,0,0,0
2026-09-10 22:55:00,128.9,4,78,30.1,0,0,0
2026-09-10 23:00:00,128.5,5,79,31.6,0,0,0
2026-09-10 23:05:00,126.4,5,85,27.5,0,0,0
2026-09-10 23:10:00,123.3,3,82,31.9,0,0,0
2026-09-10 23:15:00,123.4,7,81,30.4,0,0,0
2026-09-10 23:20:00,125.9,11,84,29.2,0,0,0
2026-09-10 23:25:00,125.2,8,83,30.8,0,0,0
2026-09-10 23:30:00,122.4,9,79,28.3,0,0,0
2026-09-10 23:35:00,124.2,7,78,26.5,0,0,0
2026-09-10 23:40:00,122.7,22,77,27.0,0,0,0
2026-09-10 23:45:00,126.3,4,79,24.6,0,0,0
2026-09-10 23:50:00,128.2,4,80,28.4,0,0,0
2026-09-10 23:55:00,128.5,9,85,26.6,0,0,0
2026-09-11 00:00:00,131.7,9,82,31.7,0,0,0
2026-09-11 00:05:00,131.7,10,79,31.1,0,0,0
2026-09-11 00:10:00,126.5,0,72,47.3,1,0,0
2026-09-11 00:15:00,121.6,0,72,44.9,1,0,0
2026-09-11 00:20:00,127.8,0,72,50.5,1,0,0
2026-09-11 00:25:00,129.2,0,77,42.0,1,0,0
2026-09-11 00:30:00,128.2,0,72,44.6,1,0,0
2026-09-11 00:35:00,125.7,0,76,44.1,1,0,0
2026-09-11 00:40:00,123.5,0,73,49.5,1,0,0
2026-09-11 00:45:00,122.0,0,72,48.3,1,0,0
2026-09-11 00:50:00,121.1,0,74,45.9,1,0,0
2026-09-11 00:55:00,118.3,0,76,46.1,1,0,0
2026-09-11 01:00:00,118.7,0,75,44.6,1,0,0
2026-09-11 01:05:00,120.8,0,77,50.5,1,0,0
2026-09-11 01:10:00,121.4,0,70,47.9,1,0,0
2026-09-11 01:15:00,121.7,0,71,44.6,1,0,0
2026-09-11 01:20:00,119.9,0,71,44.9,1,0,0
2026-09-11 01:25:00,119.5,0,70,47.6,1,0,0
2026-09-11 01:30:00,117.2,1,76,44.7,1,0,0
2026-09-11 01:35:00,116.5,0,73,43.2,1,0,0
2026-09-11 01:40:00,119.2,0,72,46.3,1,0,0
2026-09-11 01:45:00,118.1,0,74,47.3,1,0,0
2026-09-11 01:50:00,120.0,1,73,47.8,1,0,0
2026-09-11 01:55:00,118.6,0,73,45.3,1,0,0
2026-09-11 02:00:00,120.9,0,76,48.2,1,0,0
2026-09-11 02:05:00,124.0,0,73,44.3,1,0,0
2026-09-11 02:10:00,120.9,0,73,49.4,1,0,0
2026-09-11 02:15:00,121.2,0,76,44.0,1,0,0
2026-09-11 02:20:00,123.6,1,70,44.1,1,0,0
2026-09-11 02:25:00,126.3,1,71,48.0,1,0,0
2026-09-11 02:30:00,124.3,1,74,43.9,1,0,0
2026-09-11 02:35:00,120.9,0,72,45.5,1,0,0
2026-09-11 02:40:00,117.7,0,71,48.3,1,0,0
2026-09-11 02:45:00,118.2,0,74,49.6,1,0,0
2026-09-11 02:50:00,120.2,0,71,49.1,1,0,0
2026-09-11 02:55:00,122.1,0,75,45.3,1,0,0
2026-09-11 03:00:00,120.5,0,70,49.5,1,0,0
2026-09-11 03:05:00,119.9,0,72,46.8,1,0,0
2026-09-11 03:10:00,119.9,0,76,47.3,1,0,0
2026-09-11 03:15:00,121.1,0,73,42.5,1,0,0
2026-09-11 03:20:00,122.1,0,76,48.3,1,0,0
2026-09-11 03:25:00,123.9,0,71,44.6,1,0,0
2026-09-11 03:30:00,124.4,0,75,44.6,1,0,0
2026-09-11 03:35:00,125.1,0,74,49.2,1,0,0
2026-09-11 03:40:00,126.3,0,74,49.4,1,0,0
2026-09-11 03:45:00,128.2,1,71,46.6,1,0,0
2026-09-11 03:50:00,128.4,0,73,47.2,1,0,0
2026-09-11 03:55:00,127.6,0,75,46.5,1,0,0
2026-09-11 04:00:00,127.8,0,72,48.5,1,0,0
2026-09-11 04:05:00,130.0,0,71,47.8,1,0,0
2026-09-11 04:10:00,127.5,0,71,49.1,1,0,0
2026-09-11 04:15:00,126.5,0,74,46.7,1,0,0
2026-09-11 04:20:00,125.9,2,72,47.6,1,0,0
2026-09-11 04:25:00,123.7,0,74,45.3,1,0,0
2026-09-11 04:30:00,127.5,1,71,43.9,1,0,0
2026-09-11 04:35:00,128.6,0,75,48.1,1,0,0
2026-09-11 04:40:00,125.9,0,71,45.1,1,0,0
2026-09-11 04:45:00,129.3,1,72,44.9,1,0,0
2026-09-11 04:50:00,129.7,1,72,49.3,1,0,0
2026-09-11 04:55:00,130.0,2,70,51.4,1,0,0
2026-09-11 05:00:00,130.1,1,77,46.5,1,0,0
2026-09-11 05:05:00,127.6,0,73,46.8,1,0,0
2026-09-11 05:10:00,129.3,0,75,47.2,1,0,0
2026-09-11 05:15:00,131.8,0,74,45.8,1,0,0
2026-09-11 05:20:00,129.2,0,74,47.5,1,0,0
2026-09-11 05:25:00,128.3,1,74,44.6,1,0,0
2026-09-11 05:30:00,127.4,1,76,45.3,1,0,0
2026-09-11 05:35:00,124.2,0,68,48.5,1,0,0
2026-09-11 05:40:00,121.5,0,75,44.9,1,0,0
2026-09-11 05:45:00,120.3,0,72,45.9,1,0,0
2026-09-11 05:50:00,122.7,1,73,47.8,1,0,0
2026-09-11 05:55:00,123.5,0,76,45.5,1,0,0
2026-09-11 06:00:00,125.9,1,76,46.4,1,0,0
2026-09-11 06:05:00,123.6,1,75,48.4,1,0,0
2026-09-11 06:10:00,122.7,0,73,49.2,1,0,0
2026-09-11 06:15:00,127.9,0,72,47.8,1,0,0
2026-09-11 06:20:00,128.4,0,73,50.5,1,0,0
2026-09-11 06:25:00,130.6,0,70,47.2,1,0,0
2026-09-11 06:30:00,128.5,0,71,47.2,1,0,0
2026-09-11 06:35:00,130.0,15,81,23.9,0,0,0
2026-09-11 06:40:00,131.9,5,81,30.8,0,0,0
2026-09-11 06:45:00,131.5,22,81,29.8,0,0,0
2026-09-11 06:50:00,132.2,10,81,29.1,0,0,0
2026-09-11 06:55:00,128.8,3,78,27.0,0,0,0
2026-09-11 07:00:00,128.4,6,84,27.3,0,0,0
2026-09-11 07:05:00,131.0,12,86,25.2,0,0,0
2026-09-11 07:10:00,129.0,10,83,27.3,0,0,0
2026-09-11 07:15:00,130.4,9,80,28.7,0,0,0
2026-09-11 07:20:00,129.1,1,80,29.5,0,0,0
2026-09-11 07:25:00,127.7,7,81,27.7,0,0,0
2026-09-11 07:30:00,124.9,4,78,29.4,0,0,0
2026-09-11 07:35:00,125.5,3,81,29.9,0,0,0
2026-09-11 07:40:00,126.7,18,82,26.2,0,0,0
2026-09-11 07:45:00,127.9,6,79,27.6,0,0,0
2026-09-11 07:50:00,128.4,6,86,32.6,0,45,70
2026-09-11 07:55:00,134.5,2,86,30.2,0,0,0
2026-09-11 08:00:00,133.6,13,85,28.2,0,0,0
2026-09-11 08:05:00,138.0,458,113,32.0,0,0,0
2026-09-11 08:10:00,142.1,463,113,30.8,0,0,0
2026-09-11 08:15:00,141.5,5,83,31.0,0,0,0
2026-09-11 08:20:00,143.6,14,82,29.7,0,0,0
2026-09-11 08:25:00,142.8,10,81,28.2,0,0,0
2026-09-11 08:30:00,141.5,5,81,29.6,0,0,0
2026-09-11 08:35:00,143.1,6,79,28.7,0,0,0
2026-09-11 08:40:00,142.8,4,78,27.2,0,0,0
2026-09-11 08:45:00,143.1,9,83,27.8,0,0,0
2026-09-11 08:50:00,143.0,4,81,28.6,0,0,0
2026-09-11 08:55:00,138.4,0,80,26.5,0,0,0
2026-09-11 09:00:00,139.6,12,82,29.7,0,0,0
2026-09-11 09:05:00,137.8,17,82,33.6,0,0,0
2026-09-11 09:10:00,135.7,7,78,25.2,0,0,0
2026-09-11 09:15:00,136.8,18,82,30.1,0,0,0
2026-09-11 09:20:00,138.3,15,82,28.0,0,0,0
2026-09-11 09:25:00,138.8,8,82,29.1,0,0,0
2026-09-11 09:30:00,138.9,6,79,30.3,0,0,0
2026-09-11 09:35:00,139.0,8,79,29.0,0,0,0
2026-09-11 09:40:00,138.8,4,80,27.2,0,0,0
2026-09-11 09:45:00,138.5,6,83,27.2,0,0,0
2026-09-11 09:50:00,136.7,15,80,25.9,0,0,0
2026-09-11 09:55:00,136.0,11,84,32.0,0,0,0
2026-09-11 10:00:00,132.6,5,79,24.7,0,0,0
2026-09-11 10:05:00,131.7,5,78,29.2,0,0,0
2026-09-11 10:10:00,126.3,8,86,28.4,0,0,0
2026-09-11 10:15:00,126.4,14,80,28.1,0,0,0
2026-09-11 10:20:00,125.0,10,82,29.7,0,0,0
2026-09-11 10:25:00,125.6,14,80,28.2,0,0,0
2026-09-11 10:30:00,125.6,7,82,28.9,0,0,0
2026-09-11 10:35:00,121.5,5,80,27.4,0,0,0
2026-09-11 10:40:00,121.3,8,80,28.9,0,0,0
2026-09-11 10:45:00,119.0,10,82,26.5,0,0,0
2026-09-11 10:50:00,117.5,5,79,29.0,0,0,0
2026-09-11 10:55:00,117.6,5,78,29.3,0,0,0
2026-09-11 11:00:00,119.6,10,82,25.7,0,0,0
2026-09-11 11:05:00,121.4,3,81,29.1,0,0,0
2026-09-11 11:10:00,120.2,12,81,25.3,0,0,0
2026-09-11 11:15:00,116.8,2,83,28.5,0,0,0
2026-09-11 11:20:00,119.5,10,82,30.4,0,0,0
2026-09-11 11:25:00,121.0,5,85,25.0,0,0,0
2026-09-11 11:30:00,122.1,11,86,30.1,0,0,0
2026-09-11 11:35:00,119.2,9,80,30.0,0,0,0
2026-09-11 11:40:00,122.0,13,85,29.5,0,0,0
2026-09-11 11:45:00,123.0,20,83,28.3,0,0,0
2026-09-11 11:50:00,125.7,3,80,27.7,0,0,0
2026-09-11 11:55:00,125.6,5,79,30.7,0,0,0
2026-09-11 12:00:00,123.3,12,85,32.5,0,0,0
2026-09-11 12:05:00,123.9,11,81,27.8,0,0,0
2026-09-11 12:10:00,127.2,14,82,29.9,0,0,0
2026-09-11 12:15:00,125.2,8,80,29.8,0,0,0
2026-09-11 12:20:00,126.9,3,79,29.8,0,0,0
2026-09-11 12:25:00,124.2,13,81,30.9,0,0,0
2026-09-11 12:30:00,122.5,4,80,31.3,0,0,0
2026-09-11 12:35:00,123.2,4,83,34.3,0,0,0
2026-09-11 12:40:00,125.5,6,86,30.7,0,0,0
2026-09-11 12:45:00,124.9,8,80,28.5,0,0,0
2026-09-11 12:50:00,123.8,13,81,29.1,0,0,0
2026-09-11 12:55:00,121.6,12,81,29.1,0,0,0
2026-09-11 13:00:00,119.1,3,84,29.6,0,0,0
2026-09-11 13:05:00,118.8,13,84,28.5,0,0,0
2026-09-11 13:10:00,118.1,9,84,26.2,0,0,0
2026-09-11 13:15:00,121.5,15,83,31.1,0,0,0
2026-09-11 13:20:00,121.1,1,79,32.6,0,0,0
2026-09-11 13:25:00,120.0,19,80,29.3,0,0,0
2026-09-11 13:30:00,115.8,13,82,28.9,0,0,0
2026-09-11 13:35:00,117.2,12,81,31.4,0,0,0
2026-09-11 13:40:00,120.2,6,85,28.4,0,0,0
2026-09-11 13:45:00,118.4,15,80,28.4,0,0,0
2026-09-11 13:50:00,119.4,3,80,29.0,0,0,0
2026-09-11 13:55:00,123.1,18,81,26.9,0,0,0
2026-09-11 14:00:00,123.8,10,83,29.3,0,0,0
2026-09-11 14:05:00,122.1,9,81,33.5,0,0,0
2026-09-11 14:10:00,121.3,13,85,30.2,0,60,55
2026-09-11 14:15:00,128.8,11,85,29.5,0,0,0
2026-09-11 14:20:00,139.0,15,87,26.1,0,0,0
2026-09-11 14:25:00,143.9,21,87,26.9,0,0,0
2026-09-11 14:30:00,146.9,10,83,30.8,0,0,0
2026-09-11 14:35:00,148.4,3,89,31.2,0,0,0
2026-09-11 14:40:00,149.2,13,82,32.0,0,0,0
2026-09-11 14:45:00,153.6,15,84,29.7,0,0,0
2026-09-11 14:50:00,152.8,9,83,28.0,0,0,0
2026-09-11 14:55:00,154.4,13,84,32.4,0,0,0
2026-09-11 15:00:00,157.9,6,81,28.9,0,0,0
2026-09-11 15:05:00,155.8,11,81,28.3,0,0,0
2026-09-11 15:10:00,151.4,3,88,26.9,0,0,0
2026-09-11 15:15:00,148.6,15,85,25.6,0,0,0
2026-09-11 15:20:00,149.5,352,102,28.6,0,0,0
2026-09-11 15:25:00,143.6,344,102,32.1,0,0,0
2026-09-11 15:30:00,144.9,354,99,31.1,0,0,0
2026-09-11 15:35:00,144.1,341,103,27.2,0,0,0
2026-09-11 15:40:00,146.0,3,82,30.9,0,0,0
2026-09-11 15:45:00,145.8,2,81,28.6,0,0,0
2026-09-11 15:50:00,142.4,5,79,32.9,0,0,0
2026-09-11 15:55:00,143.3,1,81,28.2,0,0,0
2026-09-11 16:00:00,143.5,7,84,32.4,0,0,0
2026-09-11 16:05:00,141.7,4,80,26.1,0,0,0
2026-09-11 16:10:00,138.8,2,79,32.4,0,0,0
2026-09-11 16:15:00,135.6,3,81,30.5,0,0,0
2026-09-11 16:20:00,132.7,2,82,33.3,0,0,0
2026-09-11 16:25:00,135.0,9,84,30.1,0,0,0
2026-09-11 16:30:00,135.5,9,82,28.2,0,0,0
2026-09-11 16:35:00,132.3,13,83,29.2,0,0,0
2026-09-11 16:40:00,133.2,10,80,28.9,0,0,0
2026-09-11 16:45:00,132.4,4,83,29.3,0,0,0
2026-09-11 16:50:00,131.0,5,80,27.4,0,0,0
2026-09-11 16:55:00,131.9,6,82,28.2,0,0,0
2026-09-11 17:00:00,132.3,10,80,29.0,0,0,0
2026-09-11 17:05:00,133.9,10,84,27.7,0,0,0
2026-09-11 17:10:00,132.4,3,83,29.9,0,0,0
2026-09-11 17:15:00,130.7,15,86,32.2,0,0,0
2026-09-11 17:20:00,130.6,8,83,27.7,0,0,0
2026-09-11 17:25:00,128.5,0,79,29.3,0,0,0
2026-09-11 17:30:00,126.2,21,83,26.1,0,0,0
2026-09-11 17:35:00,123.4,6,86,29.9,0,44,80
2026-09-11 17:40:00,132.0,38,87,27.9,0,0,0
2026-09-11 17:45:00,137.2,2,85,30.7,0,0,0
2026-09-11 17:50:00,138.3,442,109,29.9,0,0,0
2026-09-11 17:55:00,145.1,436,109,32.4,0,0,0
2026-09-11 18:00:00,148.0,13,83,25.4,0,0,0
2026-09-11 18:05:00,148.8,6,81,27.0,0,0,0
2026-09-11 18:10:00,153.1,6,84,29.0,0,0,0
2026-09-11 18:15:00,151.6,6,80,29.8,0,0,0
2026-09-11 18:20:00,156.4,7,81,29.3,0,0,0
2026-09-11 18:25:00,151.8,6,80,26.6,0,0,0
2026-09-11 18:30:00,156.2,6,84,26.1,0,0,0
2026-09-11 18:35:00,156.4,4,77,26.9,0,0,0
2026-09-11 18:40:00,153.8,4,82,27.9,0,0,0
2026-09-11 18:45:00,153.3,5,82,26.1,0,0,0
2026-09-11 18:50:00,150.8,9,84,26.9,0,0,0
2026-09-11 18:55:00,147.3,7,84,30.4,0,0,0
2026-09-11 19:00:00,146.1,6,82,31.3,0,0,0
2026-09-11 19:05:00,142.7,12,83,28.8,0,0,0
2026-09-11 19:10:00,143.0,7,85,26.4,0,0,0
2026-09-11 19:15:00,138.7,4,82,29.8,0,0,0
2026-09-11 19:20:00,139.2,19,80,30.4,0,0,0
2026-09-11 19:25:00,138.5,5,82,30.6,0,0,0
2026-09-11 19:30:00,136.9,11,78,29.5,0,0,0
2026-09-11 19:35:00,136.9,3,80,26.1,0,0,0
2026-09-11 19:40:00,138.1,6,78,28.5,0,0,0
2026-09-11 19:45:00,137.3,9,82,31.2,0,0,0
2026-09-11 19:50:00,139.2,6,83,32.6,0,0,0
2026-09-11 19:55:00,137.8,11,80,28.1,0,0,0
2026-09-11 20:00:00,137.0,13,82,28.3,0,0,0
2026-09-11 20:05:00,136.5,14,81,28.8,0,0,0
2026-09-11 20:10:00,134.5,8,85,28.8,0,0,0
2026-09-11 20:15:00,133.1,6,80,27.8,0,0,0
2026-09-11 20:20:00,131.9,11,84,30.1,0,0,0
2026-09-11 20:25:00,134.5,6,80,30.6,0,0,0
2026-09-11 20:30:00,135.0,11,80,31.8,0,0,0
2026-09-11 20:35:00,134.3,2,83,23.6,0,0,0
2026-09-11 20:40:00,130.8,9,83,25.1,0,0,0
2026-09-11 20:45:00,127.5,5,78,32.1,0,0,0
2026-09-11 20:50:00,127.2,14,81,29.6,0,0,0
2026-09-11 20:55:00,125.9,5,81,26.3,0,0,0
2026-09-11 21:00:00,128.2,9,83,27.5,0,0,0
2026-09-11 21:05:00,128.4,11,82,28.4,0,0,0
2026-09-11 21:10:00,129.3,10,83,28.3,0,0,0
2026-09-11 21:15:00,129.1,1,85,25.4,0,46,68
2026-09-11 21:20:00,136.3,6,86,28.8,0,0,0
2026-09-11 21:25:00,137.5,5,85,27.8,0,0,0
2026-09-11 21:30:00,139.2,470,118,30.2,0,0,0
2026-09-11 21:35:00,137.5,469,115,24.2,0,0,0
2026-09-11 21:40:00,140.4,7,84,28.8,0,0,0
2026-09-11 21:45:00,142.6,7,80,25.8,0,0,0
2026-09-11 21:50:00,142.9,1,85,28.4,0,0,0
2026-09-11 21:55:00,137.6,12,80,26.6,0,0,0
2026-09-11 22:00:00,135.5,14,85,29.7,0,0,0
2026-09-11 22:05:00,138.4,2,84,28.7,0,0,0
2026-09-11 22:10:00,137.3,9,81,27.3,0,0,0
2026-09-11 22:15:00,137.1,4,81,24.4,0,0,0
2026-09-11 22:20:00,135.4,4,79,29.2,0,0,0
2026-09-11 22:25:00,135.9,10,80,29.5,0,0,0
2026-09-11 22:30:00,135.6,13,82,31.9,0,0,0
2026-09-11 22:35:00,136.2,7,83,29.6,0,0,0
2026-09-11 22:40:00,135.4,4,81,26.5,0,0,0
2026-09-11 22:45:00,134.8,4,79,29.1,0,0,0
2026-09-11 22:50:00,133.0,23,86,31.6,0,0,0
2026-09-11 22:55:00,133.0,5,80,29.6,0,0,0
2026-09-11 23:00:00,130.6,12,82,31.5,0,0,0
2026-09-11 23:05:00,128.3,12,84,27.5,0,0,0
2026-09-11 23:10:00,128.3,7,80,28.2,0,0,0
2026-09-11 23:15:00,129.4,8,84,27.9,0,0,0
2026-09-11 23:20:00,130.4,9,79,30.3,0,0,0
2026-09-11 23:25:00,130.8,8,84,29.6,0,0,0
2026-09-11 23:30:00,132.8,2,80,29.9,0,0,0
2026-09-11 23:35:00,133.6,3,83,27.2,0,0,0
2026-09-11 23:40:00,130.9,11,81,30.9,0,0,0
2026-09-11 23:45:00,133.5,9,79,28.8,0,0,0
2026-09-11 23:50:00,133.1,7,80,29.8,0,0,0
2026-09-11 23:55:00,135.5,7,80,31.0,0,0,0
2026-09-12 00:00:00,123.3,5,81,32.4,0,0,0
2026-09-12 00:05:00,123.7,2,83,28.5,0,0,0
2026-09-12 00:10:00,125.0,5,81,33.2,0,0,0
2026-09-12 00:15:00,125.6,8,79,31.0,0,0,0
2026-09-12 00:20:00,124.2,22,83,31.5,0,0,0
2026-09-12 00:25:00,121.4,14,87,34.2,0,0,0
2026-09-12 00:30:00,123.4,4,85,34.4,0,0,0
2026-09-12 00:35:00,122.7,5,81,31.1,0,0,0
2026-09-12 00:40:00,123.5,6,85,31.2,0,0,0
2026-09-12 00:45:00,123.5,6,82,29.6,0,0,0
2026-09-12 00:50:00,122.2,7,81,31.4,0,0,0
2026-09-12 00:55:00,121.9,7,80,26.0,0,0,0
2026-09-12 01:00:00,121.5,11,81,34.1,0,0,0
2026-09-12 01:05:00,118.9,3,83,29.6,0,0,0
2026-09-12 01:10:00,117.9,15,79,32.6,0,0,0
2026-09-12 01:15:00,119.4,11,79,31.4,0,0,0
2026-09-12 01:20:00,120.7,10,84,31.2,0,0,0
2026-09-12 01:25:00,118.5,4,79,30.6,0,0,0
2026-09-12 01:30:00,119.7,0,73,52.0,1,0,0
2026-09-12 01:35:00,115.8,0,74,47.5,1,0,0
2026-09-12 01:40:00,113.9,1,73,51.1,1,0,0
2026-09-12 01:45:00,116.1,0,73,50.0,1,0,0
2026-09-12 01:50:00,115.7,0,71,51.0,1,0,0
2026-09-12 01:55:00,116.1,0,69,50.1,1,0,0
2026-09-12 02:00:00,117.5,1,75,48.1,1,0,0
2026-09-12 02:05:00,118.2,0,73,48.5,1,0,0
2026-09-12 02:10:00,117.8,0,75,46.1,1,0,0
2026-09-12 02:15:00,117.8,0,78,48.8,1,0,0
2026-09-12 02:20:00,120.3,0,75,47.9,1,0,0
2026-09-12 02:25:00,117.2,0,70,50.7,1,0,0
2026-09-12 02:30:00,115.1,0,74,49.3,1,0,0
2026-09-12 02:35:00,115.2,1,70,48.3,1,0,0
2026-09-12 02:40:00,114.8,0,71,50.2,1,0,0
2026-09-12 02:45:00,116.2,0,73,46.8,1,0,0
2026-09-12 02:50:00,116.5,2,69,52.3,1,0,0
2026-09-12 02:55:00,115.0,1,74,50.0,1,0,0
2026-09-12 03:00:00,117.5,2,73,49.7,1,0,0
2026-09-12 03:05:00,115.7,1,73,51.0,1,0,0
2026-09-12 03:10:00,113.8,0,74,50.5,1,0,0
2026-09-12 03:15:00,112.6,0,76,51.5,1,0,0
2026-09-12 03:20:00,112.4,0,77,50.7,1,0,0
2026-09-12 03:25:00,110.7,0,72,54.4,1,0,0
2026-09-12 03:30:00,111.2,0,72,46.6,1,0,0
2026-09-12 03:35:00,113.7,0,76,48.9,1,0,0
2026-09-12 03:40:00,110.9,0,76,52.9,1,0,0
2026-09-12 03:45:00,112.7,0,78,48.7,1,0,0
2026-09-12 03:50:00,114.3,2,70,49.5,1,0,0
2026-09-12 03:55:00,112.5,0,76,48.3,1,0,0
2026-09-12 04:00:00,111.5,0,73,48.7,1,0,0
2026-09-12 04:05:00,115.0,0,71,55.4,1,0,0
2026-09-12 04:10:00,114.8,1,74,50.3,1,0,0
2026-09-12 04:15:00,113.9,0,71,48.5,1,0,0
2026-09-12 04:20:00,112.8,0,76,48.5,1,0,0
2026-09-12 04:25:00,116.6,0,74,49.5,1,0,0
2026-09-12 04:30:00,117.7,0,73,50.7,1,0,0
2026-09-12 04:35:00,116.5,1,73,48.0,1,0,0
2026-09-12 04:40:00,114.6,2,71,49.9,1,0,0
2026-09-12 04:45:00,113.5,0,74,48.9,1,0,0
2026-09-12 04:50:00,114.1,2,75,49.3,1,0,0
2026-09-12 04:55:00,116.6,1,74,49.3,1,0,0
2026-09-12 05:00:00,118.1,0,73,47.2,1,0,0
2026-09-12 05:05:00,119.0,2,74,52.4,1,0,0
2026-09-12 05:10:00,117.4,0,70,52.8,1,0,0
2026-09-12 05:15:00,116.4,0,74,50.2,1,0,0
2026-09-12 05:20:00,115.9,0,73,52.7,1,0,0
2026-09-12 05:25:00,116.0,2,75,52.5,1,0,0
2026-09-12 05:30:00,117.5,0,74,49.3,1,0,0
2026-09-12 05:35:00,117.7,0,70,52.6,1,0,0
2026-09-12 05:40:00,117.0,0,73,46.4,1,0,0
2026-09-12 05:45:00,116.6,0,73,48.5,1,0,0
2026-09-12 05:50:00,112.8,0,76,49.4,1,0,0
2026-09-12 05:55:00,117.8,0,75,51.2,1,0,0
2026-09-12 06:00:00,118.6,0,72,50.2,1,0,0
2026-09-12 06:05:00,122.2,0,73,53.7,1,0,0
2026-09-12 06:10:00,120.1,1,71,51.6,1,0,0
2026-09-12 06:15:00,120.8,2,73,48.9,1,0,0
2026-09-12 06:20:00,117.0,0,72,50.7,1,0,0
2026-09-12 06:25:00,113.8,0,73,46.8,1,0,0
2026-09-12 06:30:00,117.5,1,70,49.4,1,0,0
2026-09-12 06:35:00,118.5,5,77,31.7,0,0,0
2026-09-12 06:40:00,122.0,9,82,34.3,0,0,0
2026-09-12 06:45:00,120.2,7,83,34.3,0,0,0
2026-09-12 06:50:00,120.3,3,81,34.9,0,0,0
2026-09-12 06:55:00,118.1,7,82,29.9,0,0,0
2026-09-12 07:00:00,118.5,3,79,32.5,0,0,0
2026-09-12 07:05:00,118.7,10,78,30.8,0,0,0
2026-09-12 07:10:00,115.3,7,79,31.0,0,0,0
2026-09-12 07:15:00,113.8,14,81,33.7,0,0,0
2026-09-12 07:20:00,113.0,14,81,32.6,0,0,0
2026-09-12 07:25:00,113.9,3,80,32.2,0,0,0
2026-09-12 07:30:00,111.5,5,81,30.6,0,0,0
2026-09-12 07:35:00,112.1,9,83,31.2,0,0,0
2026-09-12 07:40:00,112.4,5,82,31.1,0,0,0
2026-09-12 07:45:00,113.7,5,77,32.4,0,0,0
2026-09-12 07:50:00,118.5,6,86,27.2,0,0,0
2026-09-12 07:55:00,117.9,7,80,28.6,0,0,0
2026-09-12 08:00:00,118.3,8,78,28.4,0,0,0
2026-09-12 08:05:00,114.4,16,85,30.9,0,61,78
2026-09-12 08:10:00,122.5,3,87,29.5,0,0,0
2026-09-12 08:15:00,129.1,6,83,30.5,0,0,0
2026-09-12 08:20:00,132.9,318,103,33.2,0,0,0
2026-09-12 08:25:00,137.6,315,108,32.4,0,0,0
2026-09-12 08:30:00,142.6,15,89,29.4,0,0,0
2026-09-12 08:35:00,139.9,8,77,27.7,0,0,0
2026-09-12 08:40:00,139.6,2,79,28.0,0,0,0
2026-09-12 08:45:00,139.0,10,82,32.1,0,0,0
2026-09-12 08:50:00,138.0,6,80,33.6,0,0,0
2026-09-12 08:55:00,138.6,16,81,33.0,0,0,0
2026-09-12 09:00:00,136.6,7,83,30.2,0,0,0
2026-09-12 09:05:00,136.3,8,78,31.7,0,0,0
2026-09-12 09:10:00,136.1,6,83,31.7,0,0,0
2026-09-12 09:15:00,134.3,6,81,32.1,0,0,0
2026-09-12 09:20:00,133.6,15,77,31.2,0,0,0
2026-09-12 09:25:00,134.5,2,80,28.6,0,0,0
2026-09-12 09:30:00,133.2,12,82,33.6,0,0,0
2026-09-12 09:35:00,127.6,6,81,33.5,0,0,0
2026-09-12 09:40:00,127.6,15,81,31.5,0,0,0
2026-09-12 09:45:00,127.9,9,82,31.6,0,0,0
2026-09-12 09:50:00,129.5,9,79,31.6,0,0,0
2026-09-12 09:55:00,128.3,3,79,28.7,0,0,0
2026-09-12 10:00:00,128.8,7,79,30.3,0,0,0
2026-09-12 10:05:00,126.8,4,85,33.0,0,0,0
2026-09-12 10:10:00,127.8,18,82,29.9,0,0,0
2026-09-12 10:15:00,126.2,7,79,30.6,0,0,0
2026-09-12 10:20:00,126.1,9,82,30.1,0,0,0
2026-09-12 10:25:00,123.9,8,81,25.9,0,0,0
2026-09-12 10:30:00,123.6,5,82,29.3,0,0,0
2026-09-12 10:35:00,120.6,16,83,32.5,0,0,0
2026-09-12 10:40:00,119.7,13,83,32.0,0,0,0
2026-09-12 10:45:00,118.3,6,83,30.9,0,0,0
2026-09-12 10:50:00,114.8,18,81,28.6,0,0,0
2026-09-12 10:55:00,113.4,9,79,30.2,0,0,0
2026-09-12 11:00:00,114.3,10,81,34.7,0,0,0
2026-09-12 11:05:00,112.5,10,82,31.4,0,0,0
2026-09-12 11:10:00,112.8,425,106,31.6,0,0,0
2026-09-12 11:15:00,107.6,422,106,32.3,0,0,0
2026-09-12 11:20:00,107.1,424,104,30.5,0,0,0
2026-09-12 11:25:00,105.3,10,80,30.8,0,0,0
2026-09-12 11:30:00,107.7,15,80,31.6,0,0,0
2026-09-12 11:35:00,105.5,11,85,30.5,0,0,0
2026-09-12 11:40:00,108.0,6,81,28.1,0,0,0
2026-09-12 11:45:00,108.1,16,81,32.7,0,0,0
2026-09-12 11:50:00,105.8,5,81,31.7,0,0,0
2026-09-12 11:55:00,107.5,8,80,31.3,0,0,0
2026-09-12 12:00:00,110.7,8,79,33.0,0,0,0
2026-09-12 12:05:00,107.2,6,80,30.4,0,0,0
2026-09-12 12:10:00,107.9,9,84,28.4,0,0,0
2026-09-12 12:15:00,107.7,17,83,31.2,0,0,0
2026-09-12 12:20:00,103.8,4,82,34.6,0,0,0
2026-09-12 12:25:00,107.3,13,80,34.3,0,0,0
2026-09-12 12:30:00,110.9,10,79,34.0,0,0,0
2026-09-12 12:35:00,111.1,5,82,28.1,0,0,0
2026-09-12 12:40:00,111.9,11,83,30.1,0,0,0
2026-09-12 12:45:00,111.2,15,88,32.0,0,0,0
2026-09-12 12:50:00,110.1,11,80,31.9,0,0,0
2026-09-12 12:55:00,108.4,8,83,30.7,0,0,0
2026-09-12 13:00:00,107.1,5,80,28.1,0,0,0
2026-09-12 13:05:00,106.1,10,84,30.1,0,0,0
2026-09-12 13:10:00,106.2,8,82,31.7,0,0,0
2026-09-12 13:15:00,105.6,4,80,29.7,0,0,0
2026-09-12 13:20:00,107.0,5,79,31.4,0,0,0
2026-09-12 13:25:00,106.7,2,84,30.8,0,0,0
2026-09-12 13:30:00,108.7,10,87,29.1,0,0,0
2026-09-12 13:35:00,108.7,13,86,29.4,0,87,75
2026-09-12 13:40:00,119.0,5,85,29.2,0,0,0
2026-09-12 13:45:00,127.5,15,86,34.6,0,0,0
2026-09-12 13:50:00,137.4,462,114,31.1,0,0,0
2026-09-12 13:55:00,143.8,477,114,32.4,0,0,0
2026-09-12 14:00:00,147.7,4,85,32.0,0,0,0
2026-09-12 14:05:00,151.1,3,81,31.4,0,0,0
2026-09-12 14:10:00,156.3,7,80,30.8,0,0,0
2026-09-12 14:15:00,155.1,15,78,28.8,0,0,0
2026-09-12 14:20:00,155.4,1,82,34.0,0,0,0
2026-09-12 14:25:00,152.7,9,79,33.6,0,0,0
2026-09-12 14:30:00,155.7,4,81,32.5,0,0,0
2026-09-12 14:35:00,153.7,8,82,30.3,0,0,0
2026-09-12 14:40:00,154.1,6,81,27.7,0,0,0
2026-09-12 14:45:00,153.0,7,83,28.1,0,0,0
2026-09-12 14:50:00,151.7,6,82,34.3,0,0,0
2026-09-12 14:55:00,149.9,2,81,34.6,0,0,0
2026-09-12 15:00:00,148.0,7,83,31.8,0,0,0
2026-09-12 15:05:00,145.9,10,81,29.4,0,0,0
2026-09-12 15:10:00,143.1,19,82,27.4,0,0,0
2026-09-12 15:15:00,139.9,6,80,30.7,0,0,0
2026-09-12 15:20:00,139.8,14,81,31.5,0,0,0
2026-09-12 15:25:00,136.8,10,78,31.5,0,0,0
2026-09-12 15:30:00,134.7,4,83,33.0,0,0,0
2026-09-12 15:35:00,134.1,11,82,28.1,0,0,0
2026-09-12 15:40:00,133.8,8,79,28.3,0,0,0
2026-09-12 15:45:00,132.8,14,83,28.0,0,0,0
2026-09-12 15:50:00,132.5,8,79,30.5,0,0,0
2026-09-12 15:55:00,131.2,3,83,34.3,0,0,0
2026-09-12 16:00:00,127.8,8,79,32.8,0,0,0
2026-09-12 16:05:00,126.3,8,83,32.5,0,0,0
2026-09-12 16:10:00,126.9,0,80,34.2,0,0,0
2026-09-12 16:15:00,128.5,13,82,30.4,0,0,0
2026-09-12 16:20:00,126.9,7,82,29.4,0,0,0
2026-09-12 16:25:00,123.5,4,80,31.9,0,0,0
2026-09-12 16:30:00,127.1,11,82,31.7,0,0,0
2026-09-12 16:35:00,124.2,13,84,33.2,0,0,0
2026-09-12 16:40:00,123.0,7,78,29.2,0,0,0
2026-09-12 16:45:00,121.4,8,81,31.8,0,0,0
2026-09-12 16:50:00,117.8,3,81,31.4,0,0,0
2026-09-12 16:55:00,115.3,6,80,27.8,0,0,0
2026-09-12 17:00:00,113.1,2,79,27.9,0,0,0
2026-09-12 17:05:00,111.9,7,78,31.1,0,0,0
2026-09-12 17:10:00,112.2,5,82,29.5,0,0,0
2026-09-12 17:15:00,107.2,7,83,34.5,0,0,0
2026-09-12 17:20:00,108.2,11,82,30.6,0,0,0
2026-09-12 17:25:00,109.0,16,82,29.9,0,0,0
2026-09-12 17:30:00,110.6,5,83,30.7,0,0,0
2026-09-12 17:35:00,111.9,9,84,28.7,0,0,0
2026-09-12 17:40:00,115.5,13,83,31.5,0,0,0
2026-09-12 17:45:00,115.1,6,81,33.4,0,0,0
2026-09-12 17:50:00,113.7,6,85,30.4,0,28,60
2026-09-12 17:55:00,118.3,5,84,33.7,0,0,0
2026-09-12 18:00:00,121.7,10,84,30.2,0,0,0
2026-09-12 18:05:00,125.6,478,115,31.1,0,0,0
2026-09-12 18:10:00,127.8,477,111,35.0,0,0,0
2026-09-12 18:15:00,127.5,10,85,31.0,0,0,0
2026-09-12 18:20:00,126.8,6,84,31.2,0,0,0
2026-09-12 18:25:00,128.6,7,82,30.2,0,0,0
2026-09-12 18:30:00,129.7,20,83,28.4,0,0,0
2026-09-12 18:35:00,128.5,16,82,31.9,0,0,0
2026-09-12 18:40:00,129.1,15,82,31.7,0,0,0
2026-09-12 18:45:00,128.4,7,87,34.4,0,0,0
2026-09-12 18:50:00,124.6,9,83,31.3,0,0,0
2026-09-12 18:55:00,125.4,10,81,33.4,0,0,0
2026-09-12 19:00:00,126.9,8,80,26.7,0,0,0
2026-09-12 19:05:00,125.3,5,81,31.6,0,0,0
2026-09-12 19:10:00,125.7,7,84,31.3,0,0,0
2026-09-12 19:15:00,125.8,7,82,31.8,0,0,0
2026-09-12 19:20:00,125.8,14,81,31.1,0,0,0
2026-09-12 19:25:00,124.7,1,80,31.9,0,0,0
2026-09-12 19:30:00,124.0,2,80,31.5,0,0,0
2026-09-12 19:35:00,121.5,14,84,35.0,0,0,0
2026-09-12 19:40:00,123.2,9,85,31.9,0,0,0
2026-09-12 19:45:00,121.5,8,83,31.8,0,0,0
2026-09-12 19:50:00,118.8,13,81,28.2,0,0,0
2026-09-12 19:55:00,115.5,6,80,32.5,0,0,0
2026-09-12 20:00:00,119.4,6,83,30.5,0,0,0
2026-09-12 20:05:00,118.6,4,81,30.6,0,0,0
2026-09-12 20:10:00,122.5,5,80,31.8,0,0,0
2026-09-12 20:15:00,120.5,3,78,30.4,0,0,0
2026-09-12 20:20:00,120.3,9,77,30.0,0,0,0
2026-09-12 20:25:00,119.1,10,81,30.8,0,0,0
2026-09-12 20:30:00,118.3,7,84,30.9,0,0,0
2026-09-12 20:35:00,121.1,9,82,29.8,0,0,0
2026-09-12 20:40:00,119.6,7,84,32.0,0,0,0
2026-09-12 20:45:00,121.7,4,81,28.0,0,0,0
2026-09-12 20:50:00,117.9,16,80,29.0,0,0,0
2026-09-12 20:55:00,118.1,12,81,30.7,0,0,0
2026-09-12 21:00:00,116.5,11,87,33.8,0,74,75
2026-09-12 21:05:00,126.7,7,86,30.0,0,0,0
2026-09-12 21:10:00,136.7,18,89,30.3,0,0,0
2026-09-12 21:15:00,145.5,16,83,30.3,0,0,0
2026-09-12 21:20:00,152.5,10,87,33.0,0,0,0
2026-09-12 21:25:00,158.7,1,83,30.0,0,0,0
2026-09-12 21:30:00,162.5,11,80,32.2,0,0,0
2026-09-12 21:35:00,162.7,1,84,34.3,0,0,0
2026-09-12 21:40:00,162.5,9,84,28.2,0,0,0
2026-09-12 21:45:00,163.6,16,85,32.7,0,0,0
2026-09-12 21:50:00,162.4,24,80,34.3,0,0,0
2026-09-12 21:55:00,161.2,4,81,33.1,0,0,0
2026-09-12 22:00:00,160.1,7,82,32.9,0,0,0
2026-09-12 22:05:00,160.4,5,79,30.3,0,0,0
2026-09-12 22:10:00,160.9,11,83,28.3,0,0,0
2026-09-12 22:15:00,157.4,5,82,30.9,0,0,0
2026-09-12 22:20:00,155.1,7,81,29.3,0,0,0
2026-09-12 22:25:00,152.3,6,84,30.2,0,0,0
2026-09-12 22:30:00,148.0,5,82,33.2,0,0,0
2026-09-12 22:35:00,149.6,12,83,29.1,0,0,0
2026-09-12 22:40:00,145.7,12,81,31.5,0,0,0
2026-09-12 22:45:00,141.2,14,85,27.6,0,0,0
2026-09-12 22:50:00,139.6,15,82,29.8,0,0,0
2026-09-12 22:55:00,140.6,8,82,27.0,0,0,0
2026-09-12 23:00:00,136.2,7,81,29.3,0,0,0
2026-09-12 23:05:00,136.3,13,83,30.3,0,0,0
2026-09-12 23:10:00,132.4,27,77,27.8,0,0,0
2026-09-12 23:15:00,131.6,16,83,26.2,0,0,0
2026-09-12 23:20:00,135.9,13,82,30.4,0,0,0
2026-09-12 23:25:00,133.8,5,80,32.0,0,0,0
2026-09-12 23:30:00,135.6,0,71,48.8,1,0,0
2026-09-12 23:35:00,131.2,1,73,51.0,1,0,0
2026-09-12 23:40:00,129.2,0,73,50.1,1,0,0
2026-09-12 23:45:00,128.2,0,69,50.1,1,0,0
2026-09-12 23:50:00,122.2,1,69,50.0,1,0,0
2026-09-12 23:55:00,120.8,0,76,49.0,1,0,0
2026-09-13 00:00:00,129.4,0,70,46.5,1,0,0
2026-09-13 00:05:00,130.8,0,72,50.1,1,0,0
2026-09-13 00:10:00,127.7,0,72,47.4,1,0,0
2026-09-13 00:15:00,127.9,1,73,50.2,1,0,0
2026-09-13 00:20:00,130.1,1,76,48.0,1,0,0
2026-09-13 00:25:00,129.6,0,72,45.7,1,0,0
2026-09-13 00:30:00,132.9,0,74,48.8,1,0,0
2026-09-13 00:35:00,130.4,0,75,48.3,1,0,0
2026-09-13 00:40:00,129.3,0,71,45.7,1,0,0
2026-09-13 00:45:00,125.8,0,72,48.3,1,0,0
2026-09-13 00:50:00,123.1,0,75,49.5,1,0,0
2026-09-13 00:55:00,121.9,0,72,48.1,1,0,0
2026-09-13 01:00:00,120.6,0,68,46.5,1,0,0
2026-09-13 01:05:00,124.3,0,74,47.1,1,0,0
2026-09-13 01:10:00,121.8,0,72,52.1,1,0,0
2026-09-13 01:15:00,118.8,0,73,48.9,1,0,0
2026-09-13 01:20:00,120.8,0,73,44.9,1,0,0
2026-09-13 01:25:00,122.2,0,76,51.9,1,0,0
2026-09-13 01:30:00,123.3,0,74,49.2,1,0,0
2026-09-13 01:35:00,121.3,0,74,47.7,1,0,0
2026-09-13 01:40:00,121.9,1,69,46.2,1,0,0
2026-09-13 01:45:00,124.0,0,71,48.5,1,0,0
2026-09-13 01:50:00,123.3,0,73,44.8,1,0,0
2026-09-13 01:55:00,121.7,0,75,46.5,1,0,0
2026-09-13 02:00:00,125.7,0,73,47.0,1,0,0
2026-09-13 02:05:00,124.6,0,75,48.4,1,0,0
2026-09-13 02:10:00,125.3,0,69,48.3,1,0,0
2026-09-13 02:15:00,124.0,0,72,48.4,1,0,0
2026-09-13 02:20:00,123.7,1,72,51.7,1,0,0
2026-09-13 02:25:00,122.6,0,73,48.1,1,0,0
2026-09-13 02:30:00,123.2,0,76,50.5,1,0,0
2026-09-13 02:35:00,125.0,0,73,46.6,1,0,0
2026-09-13 02:40:00,125.4,1,72,49.4,1,0,0
2026-09-13 02:45:00,125.0,1,70,52.2,1,0,0
2026-09-13 02:50:00,127.7,1,72,46.0,1,0,0
2026-09-13 02:55:00,127.4,0,70,47.7,1,0,0
2026-09-13 03:00:00,129.6,0,74,49.2,1,0,0
2026-09-13 03:05:00,127.3,0,76,46.0,1,0,0
2026-09-13 03:10:00,126.3,0,80,46.3,1,0,0
2026-09-13 03:15:00,124.8,0,74,46.6,1,0,0
2026-09-13 03:20:00,127.6,0,71,49.6,1,0,0
2026-09-13 03:25:00,132.0,0,75,45.0,1,0,0
2026-09-13 03:30:00,132.2,1,75,46.3,1,0,0
2026-09-13 03:35:00,128.7,1,70,50.8,1,0,0
2026-09-13 03:40:00,127.0,0,74,49.3,1,0,0
2026-09-13 03:45:00,127.5,0,77,47.2,1,0,0
2026-09-13 03:50:00,124.8,0,73,50.7,1,0,0
2026-09-13 03:55:00,124.5,0,75,44.6,1,0,0
2026-09-13 04:00:00,123.2,0,73,46.0,1,0,0
2026-09-13 04:05:00,124.6,0,74,45.2,1,0,0
2026-09-13 04:10:00,126.5,0,72,46.1,1,0,0
2026-09-13 04:15:00,127.6,0,72,47.1,1,0,0
2026-09-13 04:20:00,127.3,0,75,47.3,1,0,0
2026-09-13 04:25:00,128.6,0,75,46.4,1,0,0
2026-09-13 04:30:00,127.3,1,72,48.0,1,0,0
2026-09-13 04:35:00,126.2,0,73,49.5,1,0,0
2026-09-13 04:40:00,126.6,1,77,46.7,1,0,0
2026-09-13 04:45:00,126.7,0,72,50.5,1,0,0
2026-09-13 04:50:00,126.0,1,73,48.3,1,0,0
2026-09-13 04:55:00,124.5,1,75,47.7,1,0,0
2026-09-13 05:00:00,128.6,0,76,49.9,1,0,0
2026-09-13 05:05:00,127.2,0,75,45.1,1,0,0
2026-09-13 05:10:00,128.0,0,72,45.9,1,0,0
2026-09-13 05:15:00,128.2,1,74,46.1,1,0,0
2026-09-13 05:20:00,123.2,0,74,43.5,1,0,0
2026-09-13 05:25:00,127.0,0,73,47.3,1,0,0
2026-09-13 05:30:00,122.3,0,76,48.1,1,0,0
2026-09-13 05:35:00,122.5,0,72,50.1,1,0,0
2026-09-13 05:40:00,122.3,0,77,50.6,1,0,0
2026-09-13 05:45:00,119.5,0,72,49.3,1,0,0
2026-09-13 05:50:00,115.0,0,75,49.1,1,0,0
2026-09-13 05:55:00,117.4,0,76,46.0,1,0,0
2026-09-13 06:00:00,120.3,0,75,47.1,1,0,0
2026-09-13 06:05:00,118.8,1,69,46.8,1,0,0
2026-09-13 06:10:00,121.5,0,74,43.9,1,0,0
2026-09-13 06:15:00,124.4,14,82,29.7,0,0,0
2026-09-13 06:20:00,123.9,14,79,33.1,0,0,0
2026-09-13 06:25:00,125.9,15,83,31.9,0,0,0
2026-09-13 06:30:00,123.7,3,80,31.6,0,0,0
2026-09-13 06:35:00,126.4,10,82,30.0,0,0,0
2026-09-13 06:40:00,123.8,20,80,33.2,0,0,0
2026-09-13 06:45:00,123.6,4,80,31.5,0,0,0
2026-09-13 06:50:00,125.5,4,80,27.6,0,0,0
2026-09-13 06:55:00,124.6,7,84,26.3,0,0,0
2026-09-13 07:00:00,127.7,6,82,30.0,0,0,0
2026-09-13 07:05:00,129.2,11,80,27.8,0,0,0
2026-09-13 07:10:00,123.4,3,77,32.4,0,0,0
2026-09-13 07:15:00,127.0,2,81,22.3,0,0,0
2026-09-13 07:20:00,125.0,12,83,31.2,0,0,0
2026-09-13 07:25:00,127.4,11,82,28.3,0,0,0
2026-09-13 07:30:00,127.3,13,83,32.2,0,0,0
2026-09-13 07:35:00,122.8,5,79,28.1,0,0,0
2026-09-13 07:40:00,128.3,10,81,28.7,0,0,0
2026-09-13 07:45:00,128.5,2,79,32.1,0,0,0
2026-09-13 07:50:00,129.0,5,79,31.3,0,0,0
2026-09-13 07:55:00,129.1,4,86,29.5,0,66,78
2026-09-13 08:00:00,140.0,8,83,31.0,0,0,0
2026-09-13 08:05:00,147.5,6,81,30.8,0,0,0
2026-09-13 08:10:00,156.5,449,111,30.8,0,0,0
2026-09-13 08:15:00,153.9,465,113,26.6,0,0,0
2026-09-13 08:20:00,154.6,9,83,31.0,0,0,0
2026-09-13 08:25:00,157.6,4,83,28.5,0,0,0
2026-09-13 08:30:00,158.1,10,84,28.7,0,0,0
2026-09-13 08:35:00,156.3,3,84,28.9,0,0,0
2026-09-13 08:40:00,153.1,6,78,32.6,0,0,0
2026-09-13 08:45:00,152.6,4,79,30.6,0,0,0
2026-09-13 08:50:00,149.1,5,83,28.6,0,0,0
2026-09-13 08:55:00,150.0,9,80,27.9,0,0,0
2026-09-13 09:00:00,149.6,16,79,28.4,0,0,0
2026-09-13 09:05:00,151.9,17,81,29.1,0,0,0
2026-09-13 09:10:00,147.5,9,81,31.5,0,0,0
2026-09-13 09:15:00,145.6,11,82,31.8,0,0,0
2026-09-13 09:20:00,144.3,10,82,28.3,0,0,0
2026-09-13 09:25:00,143.5,8,81,31.7,0,0,0
2026-09-13 09:30:00,141.5,6,83,26.3,0,0,0
2026-09-13 09:35:00,140.9,9,81,30.6,0,0,0
2026-09-13 09:40:00,140.9,12,83,31.7,0,0,0
2026-09-13 09:45:00,142.8,9,79,31.0,0,0,0
2026-09-13 09:50:00,140.7,18,83,29.1,0,0,0
2026-09-13 09:55:00,142.6,16,79,28.5,0,0,0
2026-09-13 10:00:00,139.3,9,81,29.9,0,0,0
2026-09-13 10:05:00,135.8,10,80,32.7,0,0,0
2026-09-13 10:10:00,138.1,4,80,28.9,0,0,0
2026-09-13 10:15:00,137.3,2,84,29.7,0,0,0
2026-09-13 10:20:00,137.4,12,81,29.4,0,0,0
2026-09-13 10:25:00,136.8,6,83,32.1,0,0,0
2026-09-13 10:30:00,137.3,5,81,30.5,0,0,0
2026-09-13 10:35:00,137.8,16,82,33.3,0,0,0
2026-09-13 10:40:00,135.1,4,81,32.5,0,0,0
2026-09-13 10:45:00,137.6,5,82,28.4,0,0,0
2026-09-13 10:50:00,134.1,11,80,30.8,0,0,0
2026-09-13 10:55:00,135.3,5,81,29.4,0,0,0
2026-09-13 11:00:00,134.4,5,80,31.0,0,0,0
2026-09-13 11:05:00,137.5,10,82,30.9,0,0,0
2026-09-13 11:10:00,138.1,3,82,29.8,0,0,0
2026-09-13 11:15:00,140.0,6,82,32.5,0,0,0
2026-09-13 11:20:00,138.7,9,81,30.2,0,0,0
2026-09-13 11:25:00,135.3,5,81,31.0,0,0,0
2026-09-13 11:30:00,132.4,12,83,31.8,0,0,0
2026-09-13 11:35:00,129.6,12,82,27.6,0,0,0
2026-09-13 11:40:00,129.9,13,79,30.9,0,0,0
2026-09-13 11:45:00,128.8,3,80,26.4,0,0,0
2026-09-13 11:50:00,130.5,18,80,30.3,0,0,0
2026-09-13 11:55:00,132.8,19,80,32.1,0,0,0
2026-09-13 12:00:00,131.1,6,80,30.4,0,0,0
2026-09-13 12:05:00,129.1,7,79,26.0,0,0,0
2026-09-13 12:10:00,127.1,7,77,29.0,0,0,0
2026-09-13 12:15:00,126.3,13,82,28.8,0,0,0
2026-09-13 12:20:00,128.6,14,81,29.6,0,0,0
2026-09-13 12:25:00,127.6,516,109,29.9,0,0,0
2026-09-13 12:30:00,126.4,512,112,29.9,0,0,0
2026-09-13 12:35:00,126.6,522,111,25.9,0,0,0
2026-09-13 12:40:00,124.7,522,113,27.6,0,0,0
2026-09-13 12:45:00,122.9,5,80,31.2,0,0,0
2026-09-13 12:50:00,122.9,8,82,32.2,0,0,0
2026-09-13 12:55:00,120.6,9,85,28.8,0,0,0
2026-09-13 13:00:00,121.1,3,80,29.5,0,0,0
2026-09-13 13:05:00,123.3,4,82,27.9,0,0,0
2026-09-13 13:10:00,124.8,7,84,27.8,0,0,0
2026-09-13 13:15:00,122.4,7,83,30.6,0,0,0
2026-09-13 13:20:00,123.1,18,83,28.7,0,0,0
2026-09-13 13:25:00,122.0,8,84,28.2,0,0,0
2026-09-13 13:30:00,122.9,4,82,29.0,0,0,0
2026-09-13 13:35:00,121.2,6,84,29.9,0,80,75
2026-09-13 13:40:00,138.4,15,83,23.8,0,0,0
2026-09-13 13:45:00,152.0,6,84,30.3,0,0,0
2026-09-13 13:50:00,160.7,12,85,27.6,0,0,0
2026-09-13 13:55:00,167.0,5,82,28.3,0,0,0
2026-09-13 14:00:00,171.3,8,85,27.5,0,0,0
2026-09-13 14:05:00,174.4,6,85,28.3,0,0,0
2026-09-13 14:10:00,178.9,14,85,30.1,0,0,0
2026-09-13 14:15:00,182.5,5,81,25.5,0,0,0
2026-09-13 14:20:00,180.5,5,81,26.5,0,0,0
2026-09-13 14:25:00,180.0,4,78,27.9,0,0,0
2026-09-13 14:30:00,179.0,10,82,32.6,0,0,0
2026-09-13 14:35:00,178.3,7,82,28.5,0,0,0
2026-09-13 14:40:00,180.0,7,83,28.0,0,0,0
2026-09-13 14:45:00,178.9,10,80,29.6,0,0,0
2026-09-13 14:50:00,175.1,4,85,29.1,0,0,0
2026-09-13 14:55:00,175.3,9,83,29.6,0,0,0
2026-09-13 15:00:00,174.1,13,82,28.8,0,0,0
2026-09-13 15:05:00,173.4,5,80,30.6,0,0,0
2026-09-13 15:10:00,173.0,7,81,27.5,0,0,0
2026-09-13 15:15:00,172.5,19,81,27.6,0,0,0
2026-09-13 15:20:00,170.0,6,81,24.8,0,0,0
2026-09-13 15:25:00,167.2,5,79,27.8,0,0,0
2026-09-13 15:30:00,165.3,8,79,30.4,0,0,0
2026-09-13 15:35:00,160.0,8,85,28.2,0,0,0
2026-09-13 15:40:00,157.0,8,80,27.0,0,0,0
2026-09-13 15:45:00,154.0,16,80,28.8,0,0,0
2026-09-13 15:50:00,155.2,9,84,30.4,0,0,0
2026-09-13 15:55:00,150.1,9,79,24.3,0,0,0
2026-09-13 16:00:00,145.1,8,80,28.1,0,0,0
2026-09-13 16:05:00,140.8,9,80,31.5,0,0,0
2026-09-13 16:10:00,137.8,17,83,30.2,0,0,0
2026-09-13 16:15:00,134.2,8,82,30.2,0,0,0
2026-09-13 16:20:00,132.8,16,82,30.5,0,0,0
2026-09-13 16:25:00,133.8,10,86,30.1,0,0,0
2026-09-13 16:30:00,130.9,8,85,29.3,0,0,0
2026-09-13 16:35:00,135.0,5,80,32.6,0,0,0
2026-09-13 16:40:00,130.3,2,80,30.5,0,0,0
2026-09-13 16:45:00,127.5,10,80,26.0,0,0,0
2026-09-13 16:50:00,126.9,14,78,30.4,0,0,0
2026-09-13 16:55:00,129.5,10,81,30.8,0,0,0
2026-09-13 17:00:00,129.3,11,82,28.1,0,0,0
2026-09-13 17:05:00,127.0,7,80,28.1,0,0,0
2026-09-13 17:10:00,128.9,9,81,28.9,0,0,0
2026-09-13 17:15:00,127.3,5,78,26.7,0,0,0
2026-09-13 17:20:00,124.6,14,81,28.1,0,0,0
2026-09-13 17:25:00,125.6,13,81,30.3,0,15,35
2026-09-13 17:30:00,124.2,9,88,28.9,0,0,0
2026-09-13 17:35:00,125.6,20,85,32.0,0,0,0
2026-09-13 17:40:00,129.9,452,110,26.8,0,0,0
2026-09-13 17:45:00,125.7,461,109,32.4,0,0,0
2026-09-13 17:50:00,123.8,10,85,31.7,0,0,0
2026-09-13 17:55:00,123.5,10,79,27.2,0,0,0
2026-09-13 18:00:00,124.6,7,77,27.6,0,0,0
2026-09-13 18:05:00,124.7,5,80,28.2,0,0,0
2026-09-13 18:10:00,127.4,15,78,29.6,0,0,0
2026-09-13 18:15:00,126.4,2,82,32.9,0,0,0
2026-09-13 18:20:00,127.6,8,86,30.0,0,0,0
2026-09-13 18:25:00,126.5,10,84,31.7,0,0,0
2026-09-13 18:30:00,127.4,12,79,28.0,0,0,0
2026-09-13 18:35:00,128.9,22,84,27.0,0,0,0
2026-09-13 18:40:00,127.2,9,85,29.2,0,0,0
2026-09-13 18:45:00,128.3,9,82,29.6,0,0,0
2026-09-13 18:50:00,126.5,5,78,30.4,0,0,0
2026-09-13 18:55:00,129.6,8,80,29.2,0,0,0
2026-09-13 19:00:00,130.3,11,85,29.3,0,0,0
2026-09-13 19:05:00,130.6,7,79,30.1,0,0,0
2026-09-13 19:10:00,132.0,5,80,26.1,0,0,0
2026-09-13 19:15:00,129.8,6,82,29.3,0,0,0
2026-09-13 19:20:00,129.4,6,87,30.0,0,0,0
2026-09-13 19:25:00,127.7,6,76,28.1,0,0,0
2026-09-13 19:30:00,123.6,5,80,29.0,0,0,0
2026-09-13 19:35:00,124.1,5,81,28.2,0,0,0
2026-09-13 19:40:00,125.6,15,84,27.3,0,0,0
2026-09-13 19:45:00,125.3,2,79,29.8,0,0,0
2026-09-13 19:50:00,128.9,7,78,27.7,0,0,0
2026-09-13 19:55:00,128.8,11,81,28.7,0,0,0
2026-09-13 20:00:00,127.8,7,79,28.1,0,0,0
2026-09-13 20:05:00,126.8,4,82,28.3,0,0,0
2026-09-13 20:10:00,121.7,6,80,30.4,0,0,0
2026-09-13 20:15:00,124.7,4,82,28.7,0,0,0
2026-09-13 20:20:00,123.8,10,83,28.8,0,0,0
2026-09-13 20:25:00,124.9,5,81,28.4,0,0,0
2026-09-13 20:30:00,125.0,5,82,32.2,0,0,0
2026-09-13 20:35:00,126.7,12,81,28.0,0,0,0
2026-09-13 20:40:00,125.0,10,83,31.4,0,0,0
2026-09-13 20:45:00,125.7,8,86,27.0,0,0,0
2026-09-13 20:50:00,123.4,17,81,26.5,0,0,0
2026-09-13 20:55:00,126.9,15,79,27.9,0,0,0
2026-09-13 21:00:00,123.5,17,82,30.5,0,0,0
2026-09-13 21:05:00,126.7,12,80,26.7,0,0,0
2026-09-13 21:10:00,128.5,11,82,30.5,0,0,0
2026-09-13 21:15:00,128.7,14,85,29.7,0,49,68
2026-09-13 21:20:00,138.4,17,86,28.7,0,0,0
2026-09-13 21:25:00,142.4,5,84,27.9,0,0,0
2026-09-13 21:30:00,149.1,3,86,33.5,0,0,0
2026-09-13 21:35:00,152.7,19,85,27.8,0,0,0
2026-09-13 21:40:00,156.2,8,83,30.4,0,0,0
2026-09-13 21:45:00,157.9,14,80,26.6,0,0,0
2026-09-13 21:50:00,159.1,7,78,31.7,0,0,0
2026-09-13 21:55:00,162.9,9,82,30.5,0,0,0
2026-09-13 22:00:00,159.8,12,82,31.3,0,0,0
2026-09-13 22:05:00,159.2,12,81,26.0,0,0,0
2026-09-13 22:10:00,154.4,11,81,24.6,0,0,0
2026-09-13 22:15:00,155.0,9,81,33.1,0,0,0
2026-09-13 22:20:00,155.3,7,82,29.3,0,0,0
2026-09-13 22:25:00,152.8,11,80,30.1,0,0,0
2026-09-13 22:30:00,154.4,4,79,29.1,0,0,0
2026-09-13 22:35:00,150.8,20,82,31.0,0,0,0
2026-09-13 22:40:00,150.9,8,82,29.7,0,0,0
2026-09-13 22:45:00,150.5,4,83,31.9,0,0,0
2026-09-13 22:50:00,146.9,5,83,30.8,0,0,0
2026-09-13 22:55:00,146.0,11,78,24.6,0,0,0
2026-09-13 23:00:00,145.5,7,81,29.8,0,0,0
2026-09-13 23:05:00,140.6,9,79,26.5,0,0,0
2026-09-13 23:10:00,138.0,9,81,31.4,0,0,0
2026-09-13 23:15:00,139.0,15,82,29.9,0,0,0
2026-09-13 23:20:00,139.7,5,80,28.9,0,0,0
2026-09-13 23:25:00,136.8,9,84,32.2,0,0,0
2026-09-13 23:30:00,132.9,8,82,29.5,0,0,0
2026-09-13 23:35:00,132.2,3,81,28.3,0,0,0
2026-09-13 23:40:00,128.9,6,81,28.1,0,0,0
2026-09-13 23:45:00,128.4,12,83,31.4,0,0,0
2026-09-13 23:50:00,130.1,17,83,30.0,0,0,0
2026-09-13 23:55:00,128.0,9,82,32.0,0,0,0
2026-09-14 00:00:00,119.7,8,84,30.8,0,0,0
2026-09-14 00:05:00,117.6,5,81,28.7,0,0,0
2026-09-14 00:10:00,115.1,14,80,30.0,0,0,0
2026-09-14 00:15:00,112.8,13,85,32.4,0,0,0
2026-09-14 00:20:00,111.4,7,77,33.1,0,0,0
2026-09-14 00:25:00,113.1,0,72,48.9,1,0,0
2026-09-14 00:30:00,114.4,0,75,51.8,1,0,0
2026-09-14 00:35:00,116.1,0,74,55.1,1,0,0
2026-09-14 00:40:00,115.1,0,72,50.6,1,0,0
2026-09-14 00:45:00,114.7,0,74,51.7,1,0,0
2026-09-14 00:50:00,113.4,1,73,51.9,1,0,0
2026-09-14 00:55:00,113.1,0,68,50.8,1,0,0
2026-09-14 01:00:00,112.6,0,72,50.1,1,0,0
2026-09-14 01:05:00,109.7,0,72,48.7,1,0,0
2026-09-14 01:10:00,106.8,1,72,48.3,1,0,0
2026-09-14 01:15:00,104.4,0,75,56.0,1,0,0
2026-09-14 01:20:00,107.1,1,74,46.4,1,0,0
2026-09-14 01:25:00,106.3,0,72,50.1,1,0,0
2026-09-14 01:30:00,106.3,1,77,53.3,1,0,0
2026-09-14 01:35:00,105.4,0,75,49.8,1,0,0
2026-09-14 01:40:00,107.1,0,75,49.0,1,0,0
2026-09-14 01:45:00,104.7,0,75,54.2,1,0,0
2026-09-14 01:50:00,108.2,0,73,52.0,1,0,0
2026-09-14 01:55:00,108.4,0,71,48.5,1,0,0
2026-09-14 02:00:00,108.1,2,76,48.9,1,0,0
2026-09-14 02:05:00,108.3,0,72,52.9,1,0,0
2026-09-14 02:10:00,107.6,0,76,50.4,1,0,0
2026-09-14 02:15:00,111.2,0,73,52.3,1,0,0
2026-09-14 02:20:00,114.1,1,70,50.5,1,0,0
2026-09-14 02:25:00,113.6,0,67,52.0,1,0,0
2026-09-14 02:30:00,113.5,1,70,49.0,1,0,0
2026-09-14 02:35:00,113.3,1,74,49.7,1,0,0
2026-09-14 02:40:00,111.3,0,72,53.1,1,0,0
2026-09-14 02:45:00,111.1,0,74,49.6,1,0,0
2026-09-14 02:50:00,109.9,0,72,51.2,1,0,0
2026-09-14 02:55:00,110.9,1,75,49.9,1,0,0
2026-09-14 03:00:00,112.5,0,74,51.2,1,0,0
2026-09-14 03:05:00,110.8,0,72,49.2,1,0,0
2026-09-14 03:10:00,110.8,0,74,51.5,1,0,0
2026-09-14 03:15:00,113.0,1,71,51.7,1,0,0
2026-09-14 03:20:00,115.7,0,72,49.7,1,0,0
2026-09-14 03:25:00,113.1,0,74,49.1,1,0,0
2026-09-14 03:30:00,115.9,0,72,49.8,1,0,0
2026-09-14 03:35:00,116.1,2,74,53.3,1,0,0
2026-09-14 03:40:00,118.5,0,71,51.3,1,0,0
2026-09-14 03:45:00,115.6,0,77,52.0,1,0,0
2026-09-14 03:50:00,114.3,0,74,47.3,1,0,0
2026-09-14 03:55:00,115.5,0,73,50.3,1,0,0
2026-09-14 04:00:00,114.3,0,73,49.4,1,0,0
2026-09-14 04:05:00,115.8,0,78,52.7,1,0,0
2026-09-14 04:10:00,116.7,1,76,52.5,1,0,0
2026-09-14 04:15:00,120.7,1,75,52.6,1,0,0
2026-09-14 04:20:00,117.4,2,74,51.9,1,0,0
2026-09-14 04:25:00,117.6,0,77,52.2,1,0,0
2026-09-14 04:30:00,119.9,1,74,52.3,1,0,0
2026-09-14 04:35:00,121.1,0,71,50.4,1,0,0
2026-09-14 04:40:00,118.7,0,74,48.9,1,0,0
2026-09-14 04:45:00,120.2,0,73,49.0,1,0,0
2026-09-14 04:50:00,115.6,0,72,52.5,1,0,0
2026-09-14 04:55:00,116.6,1,73,50.2,1,0,0
2026-09-14 05:00:00,116.7,0,75,51.0,1,0,0
2026-09-14 05:05:00,116.2,0,72,51.2,1,0,0
2026-09-14 05:10:00,120.6,0,73,50.5,1,0,0
2026-09-14 05:15:00,121.0,2,72,50.1,1,0,0
2026-09-14 05:20:00,118.5,0,77,53.4,1,0,0
2026-09-14 05:25:00,118.1,0,72,50.2,1,0,0
2026-09-14 05:30:00,115.6,0,71,51.2,1,0,0
2026-09-14 05:35:00,114.2,0,76,54.2,1,0,0
2026-09-14 05:40:00,113.5,0,75,52.3,1,0,0
2026-09-14 05:45:00,112.4,0,76,50.9,1,0,0
2026-09-14 05:50:00,113.6,1,75,48.7,1,0,0
2026-09-14 05:55:00,116.5,0,72,51.1,1,0,0
2026-09-14 06:00:00,115.6,0,76,55.4,1,0,0
2026-09-14 06:05:00,116.2,1,72,48.5,1,0,0
2026-09-14 06:10:00,118.6,0,70,52.8,1,0,0
2026-09-14 06:15:00,116.3,0,73,50.9,1,0,0
2026-09-14 06:20:00,113.4,1,73,49.5,1,0,0
2026-09-14 06:25:00,115.5,0,70,49.6,1,0,0
2026-09-14 06:30:00,115.5,3,82,31.2,0,0,0
2026-09-14 06:35:00,114.8,7,81,33.6,0,0,0
2026-09-14 06:40:00,111.7,3,84,30.5,0,0,0
2026-09-14 06:45:00,114.1,8,83,35.7,0,0,0
2026-09-14 06:50:00,112.8,18,82,30.2,0,0,0
2026-09-14 06:55:00,114.5,13,79,29.7,0,0,0
2026-09-14 07:00:00,113.2,5,77,27.7,0,0,0
2026-09-14 07:05:00,111.0,4,79,29.5,0,0,0
2026-09-14 07:10:00,111.3,8,85,29.7,0,0,0
2026-09-14 07:15:00,110.9,7,86,29.7,0,60,70
2026-09-14 07:20:00,122.2,7,81,33.3,0,0,0
2026-09-14 07:25:00,127.4,9,84,34.0,0,0,0
2026-09-14 07:30:00,131.0,344,104,29.6,0,0,0
2026-09-14 07:35:00,139.9,340,106,31.0,0,0,0
2026-09-14 07:40:00,141.2,9,83,27.7,0,0,0
2026-09-14 07:45:00,143.2,23,80,31.5,0,0,0
2026-09-14 07:50:00,141.7,3,81,33.3,0,0,0
2026-09-14 07:55:00,144.6,3,81,32.6,0,0,0
2026-09-14 08:00:00,141.9,4,80,32.5,0,0,0
2026-09-14 08:05:00,138.1,9,84,28.6,0,0,0
2026-09-14 08:10:00,137.3,10,81,32.3,0,0,0
2026-09-14 08:15:00,137.2,19,81,33.8,0,0,0
2026-09-14 08:20:00,135.8,8,85,30.7,0,0,0
2026-09-14 08:25:00,135.8,10,84,34.5,0,0,0
2026-09-14 08:30:00,136.3,9,78,33.4,0,0,0
2026-09-14 08:35:00,133.0,13,82,34.0,0,0,0
2026-09-14 08:40:00,127.4,9,83,31.0,0,0,0
2026-09-14 08:45:00,126.4,10,80,29.8,0,0,0
2026-09-14 08:50:00,125.4,11,85,33.5,0,0,0
2026-09-14 08:55:00,125.2,6,81,32.3,0,0,0
2026-09-14 09:00:00,126.7,8,78,30.0,0,0,0
2026-09-14 09:05:00,125.1,7,83,33.8,0,0,0
2026-09-14 09:10:00,123.6,9,83,29.8,0,0,0
2026-09-14 09:15:00,121.2,11,81,33.5,0,0,0
2026-09-14 09:20:00,122.2,9,83,32.8,0,0,0
2026-09-14 09:25:00,122.4,4,79,32.7,0,0,0
2026-09-14 09:30:00,121.6,8,79,31.4,0,0,0
2026-09-14 09:35:00,118.9,19,84,31.5,0,0,0
2026-09-14 09:40:00,115.5,6,81,31.9,0,0,0
2026-09-14 09:45:00,115.8,10,84,31.6,0,0,0
2026-09-14 09:50:00,117.2,7,82,28.7,0,0,0
2026-09-14 09:55:00,116.3,7,83,27.3,0,0,0
2026-09-14 10:00:00,120.1,12,81,33.7,0,0,0
2026-09-14 10:05:00,120.1,9,82,31.9,0,0,0
2026-09-14 10:10:00,118.9,6,80,31.2,0,0,0
2026-09-14 10:15:00,120.8,9,84,29.9,0,0,0
2026-09-14 10:20:00,120.8,9,82,29.0,0,0,0
2026-09-14 10:25:00,123.9,5,80,31.3,0,0,0
2026-09-14 10:30:00,125.4,6,82,33.1,0,0,0
2026-09-14 10:35:00,124.6,5,80,35.1,0,0,0
2026-09-14 10:40:00,123.8,7,83,30.2,0,0,0
2026-09-14 10:45:00,119.9,12,77,36.3,0,0,0
2026-09-14 10:50:00,119.3,6,84,31.8,0,0,0
2026-09-14 10:55:00,117.4,12,84,29.2,0,0,0
2026-09-14 11:00:00,118.2,7,81,30.2,0,0,0
2026-09-14 11:05:00,115.2,3,81,36.0,0,0,0
2026-09-14 11:10:00,116.9,12,77,28.7,0,0,0
2026-09-14 11:15:00,116.1,5,84,27.9,0,0,0
2026-09-14 11:20:00,115.9,3,84,28.5,0,0,0
2026-09-14 11:25:00,111.4,17,79,32.7,0,0,0
2026-09-14 11:30:00,110.9,6,85,29.9,0,0,0
2026-09-14 11:35:00,110.9,2,79,34.2,0,0,0
2026-09-14 11:40:00,110.2,11,80,26.9,0,0,0
2026-09-14 11:45:00,113.8,20,80,32.0,0,0,0
2026-09-14 11:50:00,114.2,7,80,31.8,0,0,0
2026-09-14 11:55:00,111.7,5,82,29.9,0,0,0
2026-09-14 12:00:00,112.6,5,82,31.4,0,0,0
2026-09-14 12:05:00,112.7,6,84,35.0,0,0,0
2026-09-14 12:10:00,107.4,15,82,29.5,0,0,0
2026-09-14 12:15:00,105.8,368,103,31.8,0,0,0
2026-09-14 12:20:00,104.2,375,105,30.0,0,0,0
2026-09-14 12:25:00,103.4,12,81,32.7,0,0,0
2026-09-14 12:30:00,107.0,7,81,31.5,0,0,0
2026-09-14 12:35:00,102.4,4,76,30.6,0,0,0
2026-09-14 12:40:00,101.8,21,85,32.1,0,0,0
2026-09-14 12:45:00,101.1,4,83,32.3,0,0,0
2026-09-14 12:50:00,100.4,14,81,33.5,0,0,0
2026-09-14 12:55:00,101.8,9,83,30.9,0,0,0
2026-09-14 13:00:00,104.8,4,79,28.8,0,0,0
2026-09-14 13:05:00,105.6,10,79,32.6,0,0,0
2026-09-14 13:10:00,105.7,10,81,36.9,0,0,0
2026-09-14 13:15:00,107.2,11,78,30.4,0,0,0
2026-09-14 13:20:00,108.6,12,82,29.0,0,0,0
2026-09-14 13:25:00,108.6,2,84,32.5,0,87,75
2026-09-14 13:30:00,121.0,8,86,34.7,0,0,0
2026-09-14 13:35:00,132.7,6,88,30.7,0,0,0
2026-09-14 13:40:00,141.0,453,110,31.9,0,0,0
2026-09-14 13:45:00,144.5,457,110,30.8,0,0,0
2026-09-14 13:50:00,151.9,8,82,34.0,0,0,0
2026-09-14 13:55:00,156.2,6,83,33.0,0,0,0
2026-09-14 14:00:00,158.5,4,82,29.7,0,0,0
2026-09-14 14:05:00,158.5,6,80,36.2,0,0,0
2026-09-14 14:10:00,156.4,21,80,31.8,0,0,0
2026-09-14 14:15:00,156.4,14,83,32.8,0,0,0
2026-09-14 14:20:00,158.6,11,83,32.7,0,0,0
2026-09-14 14:25:00,157.4,7,80,32.6,0,0,0
2026-09-14 14:30:00,151.6,7,81,30.3,0,0,0
2026-09-14 14:35:00,152.3,13,86,28.8,0,0,0
2026-09-14 14:40:00,149.8,7,82,29.9,0,0,0
2026-09-14 14:45:00,149.8,10,77,36.5,0,0,0
2026-09-14 14:50:00,149.7,3,80,30.3,0,0,0
2026-09-14 14:55:00,148.7,15,82,30.9,0,0,0
2026-09-14 15:00:00,147.9,17,81,32.1,0,0,0
2026-09-14 15:05:00,148.4,7,80,28.7,0,0,0
2026-09-14 15:10:00,147.3,8,83,31.7,0,0,0
2026-09-14 15:15:00,143.9,24,81,30.9,0,0,0
2026-09-14 15:20:00,144.4,13,83,32.2,0,0,0
2026-09-14 15:25:00,144.0,2,81,32.9,0,0,0
2026-09-14 15:30:00,143.6,8,78,35.7,0,0,0
2026-09-14 15:35:00,146.1,3,82,32.2,0,0,0
2026-09-14 15:40:00,143.7,1,82,29.0,0,0,0
2026-09-14 15:45:00,143.3,9,83,30.6,0,0,0
2026-09-14 15:50:00,144.0,16,84,27.5,0,0,0
2026-09-14 15:55:00,142.3,13,83,29.1,0,0,0
2026-09-14 16:00:00,139.4,13,80,28.7,0,0,0
2026-09-14 16:05:00,137.1,6,75,29.1,0,0,0
2026-09-14 16:10:00,130.6,8,81,31.2,0,0,0
2026-09-14 16:15:00,127.7,9,81,32.4,0,0,0
2026-09-14 16:20:00,127.1,2,81,34.2,0,0,0
2026-09-14 16:25:00,127.2,7,79,29.0,0,0,0
2026-09-14 16:30:00,127.1,11,82,33.1,0,0,0
2026-09-14 16:35:00,124.2,17,83,28.8,0,0,0
2026-09-14 16:40:00,121.5,7,81,28.6,0,0,0
2026-09-14 16:45:00,121.3,9,87,30.5,0,0,0
2026-09-14 16:50:00,117.4,4,80,33.7,0,0,0
2026-09-14 16:55:00,115.2,1,83,28.5,0,0,0
2026-09-14 17:00:00,115.5,11,80,30.4,0,0,0
2026-09-14 17:05:00,115.9,10,81,33.8,0,0,0
2026-09-14 17:10:00,115.0,4,78,31.3,0,0,0
2026-09-14 17:15:00,117.0,4,81,28.1,0,0,0
2026-09-14 17:20:00,115.9,12,82,35.8,0,0,0
2026-09-14 17:25:00,118.5,12,84,32.2,0,0,0
2026-09-14 17:30:00,117.5,8,81,30.8,0,0,0
2026-09-14 17:35:00,120.2,11,82,28.9,0,0,0
2026-09-14 17:40:00,122.3,18,81,30.4,0,0,0
2026-09-14 17:45:00,123.5,14,81,29.7,0,0,0
2026-09-14 17:50:00,122.3,3,81,31.1,0,0,0
2026-09-14 17:55:00,118.2,5,84,30.4,0,0,0
2026-09-14 18:00:00,119.4,9,86,29.8,0,23,65
2026-09-14 18:05:00,120.6,6,87,31.1,0,0,0
2026-09-14 18:10:00,124.4,11,81,32.3,0,0,0
2026-09-14 18:15:00,125.4,9,90,27.7,0,0,0
2026-09-14 18:20:00,127.4,11,82,31.1,0,0,0
2026-09-14 18:25:00,127.6,6,82,35.8,0,0,0
2026-09-14 18:30:00,127.6,6,78,29.4,0,0,0
2026-09-14 18:35:00,128.4,14,81,29.6,0,0,0
2026-09-14 18:40:00,128.3,10,82,29.5,0,0,0
2026-09-14 18:45:00,128.3,20,82,35.8,0,0,0
2026-09-14 18:50:00,129.0,10,80,32.6,0,0,0
2026-09-14 18:55:00,126.2,7,82,26.3,0,0,0
2026-09-14 19:00:00,126.9,3,81,29.6,0,0,0
2026-09-14 19:05:00,126.1,5,81,31.5,0,0,0
2026-09-14 19:10:00,125.3,6,79,29.7,0,0,0
2026-09-14 19:15:00,124.0,11,77,34.0,0,0,0
2026-09-14 19:20:00,124.0,7,78,30.0,0,0,0
2026-09-14 19:25:00,121.9,10,84,29.7,0,0,0
2026-09-14 19:30:00,122.5,8,81,32.3,0,0,0
2026-09-14 19:35:00,119.4,16,81,31.7,0,0,0
2026-09-14 19:40:00,123.6,6,80,33.4,0,0,0
2026-09-14 19:45:00,126.0,8,82,32.5,0,0,0
2026-09-14 19:50:00,125.6,3,82,31.9,0,0,0
2026-09-14 19:55:00,125.8,3,83,33.2,0,0,0
2026-09-14 20:00:00,124.4,5,80,33.8,0,0,0
2026-09-14 20:05:00,125.8,5,84,30.3,0,0,0
2026-09-14 20:10:00,124.5,13,80,33.2,0,0,0
2026-09-14 20:15:00,124.0,5,81,30.4,0,0,0
2026-09-14 20:20:00,128.5,9,82,32.6,0,0,0
2026-09-14 20:25:00,126.5,4,79,33.7,0,0,0
2026-09-14 20:30:00,126.8,4,81,30.2,0,0,0
2026-09-14 20:35:00,125.4,4,83,32.2,0,0,0
2026-09-14 20:40:00,125.3,6,80,34.4,0,0,0
2026-09-14 20:45:00,125.2,3,81,31.1,0,0,0
2026-09-14 20:50:00,125.7,8,83,31.1,0,0,0
2026-09-14 20:55:00,127.9,10,82,30.3,0,0,0
2026-09-14 21:00:00,122.0,11,82,28.2,0,0,0
2026-09-14 21:05:00,122.4,6,81,28.7,0,0,0
2026-09-14 21:10:00,121.8,6,82,31.3,0,0,0
2026-09-14 21:15:00,116.9,8,84,33.6,0,79,75
2026-09-14 21:20:00,131.1,16,81,30.1,0,0,0
2026-09-14 21:25:00,140.0,7,89,33.6,0,0,0
2026-09-14 21:30:00,147.4,1,87,32.1,0,0,0
2026-09-14 21:35:00,154.8,5,85,28.9,0,0,0
2026-09-14 21:40:00,159.6,17,85,34.9,0,0,0
2026-09-14 21:45:00,161.4,12,81,32.3,0,0,0
2026-09-14 21:50:00,164.9,4,84,32.2,0,0,0
2026-09-14 21:55:00,162.2,3,84,31.2,0,0,0
2026-09-14 22:00:00,161.2,5,84,30.8,0,0,0
2026-09-14 22:05:00,160.7,15,84,31.0,0,0,0
2026-09-14 22:10:00,162.8,12,83,28.0,0,0,0
2026-09-14 22:15:00,160.7,8,82,31.8,0,0,0
2026-09-14 22:20:00,159.5,7,83,28.0,0,0,0
2026-09-14 22:25:00,159.2,5,83,29.0,0,0,0
2026-09-14 22:30:00,157.1,3,79,33.1,0,0,0
2026-09-14 22:35:00,154.3,14,84,26.6,0,0,0
2026-09-14 22:40:00,150.2,10,81,30.3,0,0,0
2026-09-14 22:45:00,149.2,6,76,35.8,0,0,0
2026-09-14 22:50:00,145.8,10,76,32.4,0,0,0
2026-09-14 22:55:00,140.4,6,79,30.0,0,0,0
2026-09-14 23:00:00,139.0,7,85,30.4,0,0,0
2026-09-14 23:05:00,135.7,10,81,30.6,0,0,0
2026-09-14 23:10:00,131.4,6,82,32.2,0,0,0
2026-09-14 23:15:00,133.2,5,82,33.1,0,0,0
2026-09-14 23:20:00,132.1,10,77,32.5,0,0,0
2026-09-14 23:25:00,129.7,9,84,29.7,0,0,0
2026-09-14 23:30:00,132.3,11,82,34.3,0,0,0
2026-09-14 23:35:00,130.5,6,86,31.5,0,0,0
2026-09-14 23:40:00,127.5,6,81,29.5,0,0,0
2026-09-14 23:45:00,123.9,11,79,33.6,0,0,0
2026-09-14 23:50:00,123.0,8,83,30.3,0,0,0
2026-09-14 23:55:00,122.1,14,83,32.5,0,0,0
