timestamp,glucose_mgdl,steps,heart_rate,hrv_ms,sleeping,carbs_g,meal_gi
2026-09-01 00:00:00,145.0,0,74,57.9,1,0,0
2026-09-01 00:05:00,145.2,0,72,58.4,1,0,0
2026-09-01 00:10:00,142.2,1,73,61.1,1,0,0
2026-09-01 00:15:00,145.5,0,75,58.7,1,0,0
2026-09-01 00:20:00,142.0,1,73,58.6,1,0,0
2026-09-01 00:25:00,141.4,0,72,59.4,1,0,0
2026-09-01 00:30:00,144.1,0,71,58.5,1,0,0
2026-09-01 00:35:00,144.2,0,73,58.3,1,0,0
2026-09-01 00:40:00,140.9,0,71,61.5,1,0,0
2026-09-01 00:45:00,142.0,1,73,59.8,1,0,0
2026-09-01 00:50:00,142.4,0,74,58.8,1,0,0
2026-09-01 00:55:00,140.7,0,71,58.9,1,0,0
2026-09-01 01:00:00,140.9,0,76,57.1,1,0,0
2026-09-01 01:05:00,139.8,0,74,63.5,1,0,0
2026-09-01 01:10:00,141.9,0,73,59.4,1,0,0
2026-09-01 01:15:00,140.2,0,69,59.3,1,0,0
2026-09-01 01:20:00,141.4,0,76,62.2,1,0,0
2026-09-01 01:25:00,141.8,1,72,57.2,1,0,0
2026-09-01 01:30:00,140.4,0,70,61.8,1,0,0
2026-09-01 01:35:00,137.7,0,75,56.6,1,0,0
2026-09-01 01:40:00,142.4,1,74,62.4,1,0,0
2026-09-01 01:45:00,147.3,0,77,63.4,1,0,0
2026-09-01 01:50:00,149.6,0,75,61.9,1,0,0
2026-09-01 01:55:00,150.8,0,75,60.7,1,0,0
2026-09-01 02:00:00,151.2,1,74,59.3,1,0,0
2026-09-01 02:05:00,151.2,0,70,65.0,1,0,0
2026-09-01 02:10:00,150.2,0,74,63.0,1,0,0
2026-09-01 02:15:00,150.9,1,74,59.8,1,0,0
2026-09-01 02:20:00,149.6,1,74,61.2,1,0,0
2026-09-01 02:25:00,146.8,2,73,59.6,1,0,0
2026-09-01 02:30:00,146.9,1,72,58.0,1,0,0
2026-09-01 02:35:00,144.8,0,72,61.1,1,0,0
2026-09-01 02:40:00,146.3,0,72,60.0,1,0,0
2026-09-01 02:45:00,147.1,1,73,60.3,1,0,0
2026-09-01 02:50:00,148.0,0,72,59.8,1,0,0
2026-09-01 02:55:00,148.3,0,73,60.6,1,0,0
2026-09-01 03:00:00,148.9,1,69,61.6,1,0,0
2026-09-01 03:05:00,149.0,2,73,60.1,1,0,0
2026-09-01 03:10:00,150.0,0,71,59.5,1,0,0
2026-09-01 03:15:00,149.8,0,72,61.5,1,0,0
2026-09-01 03:20:00,153.5,0,75,60.1,1,0,0
2026-09-01 03:25:00,154.8,1,74,60.4,1,0,0
2026-09-01 03:30:00,155.7,0,73,57.4,1,0,0
2026-09-01 03:35:00,155.8,0,73,57.4,1,0,0
2026-09-01 03:40:00,151.5,2,74,60.4,1,0,0
2026-09-01 03:45:00,154.0,1,73,58.2,1,0,0
2026-09-01 03:50:00,153.1,0,74,58.5,1,0,0
2026-09-01 03:55:00,151.6,0,75,58.1,1,0,0
2026-09-01 04:00:00,149.9,0,71,63.6,1,0,0
2026-09-01 04:05:00,150.3,1,74,63.5,1,0,0
2026-09-01 04:10:00,150.6,0,76,62.7,1,0,0
2026-09-01 04:15:00,148.1,3,74,63.8,1,0,0
2026-09-01 04:20:00,147.8,0,74,60.6,1,0,0
2026-09-01 04:25:00,149.8,0,75,59.9,1,0,0
2026-09-01 04:30:00,149.6,1,72,59.1,1,0,0
2026-09-01 04:35:00,147.8,0,77,58.5,1,0,0
2026-09-01 04:40:00,146.8,0,71,64.0,1,0,0
2026-09-01 04:45:00,146.1,1,73,60.0,1,0,0
2026-09-01 04:50:00,146.3,0,74,58.5,1,0,0
2026-09-01 04:55:00,141.5,0,73,62.0,1,0,0
2026-09-01 05:00:00,142.4,1,72,62.8,1,0,0
2026-09-01 05:05:00,143.7,0,74,60.3,1,0,0
2026-09-01 05:10:00,140.3,1,71,59.2,1,0,0
2026-09-01 05:15:00,139.7,0,75,63.3,1,0,0
2026-09-01 05:20:00,137.4,0,71,61.9,1,0,0
2026-09-01 05:25:00,139.7,0,78,60.9,1,0,0
2026-09-01 05:30:00,141.8,1,76,59.4,1,0,0
2026-09-01 05:35:00,143.1,1,71,60.3,1,0,0
2026-09-01 05:40:00,143.4,0,75,61.4,1,0,0
2026-09-01 05:45:00,141.8,1,75,61.3,1,0,0
2026-09-01 05:50:00,141.7,2,72,61.9,1,0,0
2026-09-01 05:55:00,142.4,0,73,59.1,1,0,0
2026-09-01 06:00:00,141.0,0,71,58.7,1,0,0
2026-09-01 06:05:00,140.0,0,75,60.6,1,0,0
2026-09-01 06:10:00,142.1,1,72,58.3,1,0,0
2026-09-01 06:15:00,142.7,6,83,38.2,0,0,0
2026-09-01 06:20:00,142.3,12,87,37.0,0,0,0
2026-09-01 06:25:00,140.8,7,81,38.9,0,0,0
2026-09-01 06:30:00,144.4,7,81,35.8,0,0,0
2026-09-01 06:35:00,145.2,9,79,37.8,0,0,0
2026-09-01 06:40:00,144.3,20,83,40.4,0,0,0
2026-09-01 06:45:00,146.8,3,86,36.1,0,0,0
2026-09-01 06:50:00,149.2,11,82,41.3,0,0,0
2026-09-01 06:55:00,148.4,13,79,39.6,0,0,0
2026-09-01 07:00:00,146.7,12,80,37.2,0,0,0
2026-09-01 07:05:00,145.0,2,80,38.6,0,0,0
2026-09-01 07:10:00,148.0,20,80,36.2,0,0,0
2026-09-01 07:15:00,145.7,13,85,39.3,0,0,0
2026-09-01 07:20:00,149.1,7,85,38.6,0,0,0
2026-09-01 07:25:00,149.6,9,82,35.1,0,0,0
2026-09-01 07:30:00,147.8,3,79,36.7,0,0,0
2026-09-01 07:35:00,147.4,7,77,39.2,0,0,0
2026-09-01 07:40:00,146.7,8,83,37.2,0,0,0
2026-09-01 07:45:00,146.1,7,78,37.5,0,0,0
2026-09-01 07:50:00,145.0,3,78,39.4,0,0,0
2026-09-01 07:55:00,148.6,10,88,36.2,0,58,70
2026-09-01 08:00:00,157.5,7,87,38.5,0,0,0
2026-09-01 08:05:00,165.4,5,90,37.2,0,0,0
2026-09-01 08:10:00,170.9,6,82,37.7,0,0,0
2026-09-01 08:15:00,173.8,9,89,38.0,0,0,0
2026-09-01 08:20:00,173.8,9,82,36.7,0,0,0
2026-09-01 08:25:00,174.5,13,81,36.6,0,0,0
2026-09-01 08:30:00,176.1,6,82,35.8,0,0,0
2026-09-01 08:35:00,176.6,7,81,36.2,0,0,0
2026-09-01 08:40:00,177.5,11,80,33.7,0,0,0
2026-09-01 08:45:00,178.4,12,83,37.7,0,0,0
2026-09-01 08:50:00,176.9,5,81,36.8,0,0,0
2026-09-01 08:55:00,175.9,1,80,39.7,0,0,0
2026-09-01 09:00:00,172.7,6,79,40.2,0,0,0
2026-09-01 09:05:00,172.9,20,84,35.4,0,0,0
2026-09-01 09:10:00,171.2,10,81,35.1,0,0,0
2026-09-01 09:15:00,170.8,2,83,34.4,0,0,0
2026-09-01 09:20:00,168.9,12,80,33.8,0,0,0
2026-09-01 09:25:00,169.5,6,83,36.4,0,0,0
2026-09-01 09:30:00,169.6,11,83,36.6,0,0,0
2026-09-01 09:35:00,169.6,15,85,39.0,0,0,0
2026-09-01 09:40:00,166.7,11,82,34.6,0,0,0
2026-09-01 09:45:00,163.6,8,84,38.3,0,0,0
2026-09-01 09:50:00,162.1,3,86,37.7,0,0,0
2026-09-01 09:55:00,160.1,6,81,36.7,0,0,0
2026-09-01 10:00:00,162.1,6,80,38.0,0,0,0
2026-09-01 10:05:00,158.1,17,83,36.6,0,0,0
2026-09-01 10:10:00,156.3,3,84,36.0,0,0,0
2026-09-01 10:15:00,155.5,6,83,36.2,0,0,0
2026-09-01 10:20:00,155.3,9,83,34.1,0,0,0
2026-09-01 10:25:00,153.2,6,81,37.6,0,0,0
2026-09-01 10:30:00,154.5,3,84,37.1,0,0,0
2026-09-01 10:35:00,156.7,12,83,36.3,0,0,0
2026-09-01 10:40:00,158.1,13,81,39.8,0,0,0
2026-09-01 10:45:00,158.8,18,85,36.2,0,0,0
2026-09-01 10:50:00,155.2,7,79,37.8,0,0,0
2026-09-01 10:55:00,155.4,16,88,37.6,0,0,0
2026-09-01 11:00:00,151.4,4,81,38.8,0,0,0
2026-09-01 11:05:00,152.5,9,79,35.3,0,0,0
2026-09-01 11:10:00,150.1,8,80,31.5,0,0,0
2026-09-01 11:15:00,149.0,6,85,37.4,0,0,0
2026-09-01 11:20:00,145.9,7,81,36.7,0,0,0
2026-09-01 11:25:00,145.1,17,83,39.3,0,0,0
2026-09-01 11:30:00,143.5,4,84,38.6,0,0,0
2026-09-01 11:35:00,141.4,8,82,39.8,0,0,0
2026-09-01 11:40:00,140.7,9,85,37.0,0,0,0
2026-09-01 11:45:00,138.5,8,83,38.6,0,0,0
2026-09-01 11:50:00,135.7,3,83,34.8,0,0,0
2026-09-01 11:55:00,135.9,5,82,37.1,0,0,0
2026-09-01 12:00:00,135.1,11,81,41.7,0,0,0
2026-09-01 12:05:00,129.7,12,81,38.0,0,0,0
2026-09-01 12:10:00,131.2,7,82,37.7,0,0,0
2026-09-01 12:15:00,134.2,10,80,36.8,0,0,0
2026-09-01 12:20:00,135.8,6,83,35.9,0,0,0
2026-09-01 12:25:00,133.4,8,81,38.2,0,0,0
2026-09-01 12:30:00,134.9,4,78,38.3,0,0,0
2026-09-01 12:35:00,135.2,8,81,35.4,0,0,0
2026-09-01 12:40:00,136.0,22,83,36.2,0,0,0
2026-09-01 12:45:00,139.5,17,80,37.7,0,0,0
2026-09-01 12:50:00,138.4,7,84,38.7,0,0,0
2026-09-01 12:55:00,138.8,15,77,39.4,0,0,0
2026-09-01 13:00:00,139.8,10,81,39.4,0,0,0
2026-09-01 13:05:00,138.5,5,79,38.2,0,0,0
2026-09-01 13:10:00,139.9,4,80,36.6,0,0,0
2026-09-01 13:15:00,143.1,8,78,39.7,0,0,0
2026-09-01 13:20:00,144.1,6,82,36.2,0,0,0
2026-09-01 13:25:00,147.5,14,81,35.9,0,0,0
2026-09-01 13:30:00,151.0,6,79,34.8,0,0,0
2026-09-01 13:35:00,152.1,3,79,37.3,0,0,0
2026-09-01 13:40:00,152.4,8,84,38.9,0,96,70
2026-09-01 13:45:00,160.9,10,87,35.9,0,0,0
2026-09-01 13:50:00,166.7,3,86,41.3,0,0,0
2026-09-01 13:55:00,167.5,420,108,38.3,0,0,0
2026-09-01 14:00:00,172.2,427,110,35.8,0,0,0
2026-09-01 14:05:00,178.4,10,81,38.4,0,0,0
2026-09-01 14:10:00,181.3,4,80,37.2,0,0,0
2026-09-01 14:15:00,180.3,7,80,36.5,0,0,0
2026-09-01 14:20:00,178.6,3,81,36.1,0,0,0
2026-09-01 14:25:00,179.3,4,84,38.9,0,0,0
2026-09-01 14:30:00,181.4,14,82,38.6,0,0,0
2026-09-01 14:35:00,180.4,9,80,36.2,0,0,0
2026-09-01 14:40:00,179.7,5,80,38.7,0,0,0
2026-09-01 14:45:00,179.7,332,102,35.4,0,0,0
2026-09-01 14:50:00,177.5,347,108,35.5,0,0,0
2026-09-01 14:55:00,177.1,334,101,37.3,0,0,0
2026-09-01 15:00:00,177.4,338,103,37.5,0,0,0
2026-09-01 15:05:00,176.3,12,82,36.1,0,0,0
2026-09-01 15:10:00,173.3,6,82,40.9,0,0,0
2026-09-01 15:15:00,175.6,23,84,40.1,0,0,0
2026-09-01 15:20:00,171.9,6,82,38.9,0,0,0
2026-09-01 15:25:00,172.6,2,84,33.6,0,0,0
2026-09-01 15:30:00,173.0,7,78,37.7,0,0,0
2026-09-01 15:35:00,171.8,13,81,37.0,0,0,0
2026-09-01 15:40:00,166.6,13,85,40.3,0,0,0
2026-09-01 15:45:00,165.5,19,86,36.0,0,0,0
2026-09-01 15:50:00,164.2,7,79,38.5,0,0,0
2026-09-01 15:55:00,165.1,33,82,38.6,0,0,0
2026-09-01 16:00:00,164.4,8,78,32.6,0,0,0
2026-09-01 16:05:00,163.7,4,85,35.2,0,0,0
2026-09-01 16:10:00,159.6,5,80,38.7,0,0,0
2026-09-01 16:15:00,159.9,9,81,37.4,0,0,0
2026-09-01 16:20:00,157.6,9,84,38.0,0,0,0
2026-09-01 16:25:00,160.8,15,82,35.7,0,0,0
2026-09-01 16:30:00,161.6,5,80,39.1,0,0,0
2026-09-01 16:35:00,162.5,4,81,38.6,0,0,0
2026-09-01 16:40:00,159.9,8,85,35.8,0,0,0
2026-09-01 16:45:00,155.5,0,82,36.6,0,0,0
2026-09-01 16:50:00,152.6,20,85,40.4,0,20,50
2026-09-01 16:55:00,154.7,8,81,39.0,0,0,0
2026-09-01 17:00:00,155.1,6,86,36.2,0,0,0
2026-09-01 17:05:00,154.8,8,85,35.7,0,0,0
2026-09-01 17:10:00,154.2,10,88,33.0,0,0,0
2026-09-01 17:15:00,154.1,15,85,34.0,0,0,0
2026-09-01 17:20:00,153.7,10,82,37.9,0,0,0
2026-09-01 17:25:00,149.9,3,84,35.6,0,0,0
2026-09-01 17:30:00,153.8,13,84,36.6,0,0,0
2026-09-01 17:35:00,151.3,19,83,35.6,0,0,0
2026-09-01 17:40:00,151.2,11,82,32.9,0,0,0
2026-09-01 17:45:00,153.8,2,80,39.7,0,0,0
2026-09-01 17:50:00,152.2,20,81,35.9,0,0,0
2026-09-01 17:55:00,152.4,5,80,33.6,0,0,0
2026-09-01 18:00:00,151.5,8,83,35.1,0,0,0
2026-09-01 18:05:00,152.7,8,81,38.6,0,0,0
2026-09-01 18:10:00,153.8,5,80,38.3,0,0,0
2026-09-01 18:15:00,152.9,7,79,36.3,0,0,0
2026-09-01 18:20:00,152.5,5,81,40.0,0,0,0
2026-09-01 18:25:00,154.3,9,85,37.0,0,0,0
2026-09-01 18:30:00,152.0,12,86,36.3,0,0,0
2026-09-01 18:35:00,149.9,16,84,36.5,0,0,0
2026-09-01 18:40:00,151.6,7,79,37.5,0,0,0
2026-09-01 18:45:00,152.4,5,78,36.5,0,0,0
2026-09-01 18:50:00,156.2,20,80,39.7,0,0,0
2026-09-01 18:55:00,154.5,9,78,39.2,0,0,0
2026-09-01 19:00:00,149.3,9,87,38.8,0,0,0
2026-09-01 19:05:00,147.1,7,82,36.7,0,0,0
2026-09-01 19:10:00,145.1,15,85,38.5,0,0,0
2026-09-01 19:15:00,145.1,6,81,37.1,0,0,0
2026-09-01 19:20:00,142.5,8,83,31.8,0,0,0
2026-09-01 19:25:00,142.9,14,83,40.8,0,0,0
2026-09-01 19:30:00,140.8,8,84,38.5,0,0,0
2026-09-01 19:35:00,136.9,5,79,40.1,0,0,0
2026-09-01 19:40:00,139.0,13,81,35.6,0,0,0
2026-09-01 19:45:00,140.8,4,79,37.8,0,0,0
2026-09-01 19:50:00,141.3,6,80,38.0,0,0,0
2026-09-01 19:55:00,143.3,11,83,32.0,0,0,0
2026-09-01 20:00:00,142.0,25,82,37.2,0,0,0
2026-09-01 20:05:00,143.3,8,80,35.9,0,0,0
2026-09-01 20:10:00,144.6,9,84,37.3,0,0,0
2026-09-01 20:15:00,144.1,9,84,38.3,0,0,0
2026-09-01 20:20:00,143.3,3,83,36.9,0,0,0
2026-09-01 20:25:00,143.2,5,82,38.8,0,0,0
2026-09-01 20:30:00,142.3,21,82,34.3,0,0,0
2026-09-01 20:35:00,141.9,8,85,38.3,0,0,0
2026-09-01 20:40:00,143.9,3,87,37.4,0,69,55
2026-09-01 20:45:00,148.5,3,82,37.9,0,0,0
2026-09-01 20:50:00,158.7,5,85,36.3,0,0,0
2026-09-01 20:55:00,164.2,6,85,33.9,0,0,0
2026-09-01 21:00:00,163.5,2,86,34.8,0,0,0
2026-09-01 21:05:00,168.0,8,86,33.9,0,0,0
2026-09-01 21:10:00,170.6,8,84,34.9,0,0,0
2026-09-01 21:15:00,172.5,11,81,35.2,0,0,0
2026-09-01 21:20:00,171.4,2,78,35.7,0,0,0
2026-09-01 21:25:00,169.4,10,83,37.9,0,0,0
2026-09-01 21:30:00,168.7,12,78,35.8,0,0,0
2026-09-01 21:35:00,168.8,9,83,32.0,0,0,0
2026-09-01 21:40:00,166.7,8,83,36.9,0,0,0
2026-09-01 21:45:00,164.9,13,83,36.5,0,0,0
2026-09-01 21:50:00,162.5,25,80,35.2,0,0,0
2026-09-01 21:55:00,159.7,9,84,37.7,0,0,0
2026-09-01 22:00:00,160.6,6,82,40.6,0,0,0
2026-09-01 22:05:00,160.9,11,80,36.3,0,0,0
2026-09-01 22:10:00,161.3,7,84,34.7,0,0,0
2026-09-01 22:15:00,161.3,1,72,60.7,1,0,0
2026-09-01 22:20:00,159.3,0,70,58.8,1,0,0
2026-09-01 22:25:00,160.6,0,73,59.6,1,0,0
2026-09-01 22:30:00,161.4,1,72,59.6,1,0,0
2026-09-01 22:35:00,161.7,0,72,62.4,1,0,0
2026-09-01 22:40:00,160.6,0,75,61.0,1,0,0
2026-09-01 22:45:00,162.2,0,74,59.4,1,0,0
2026-09-01 22:50:00,164.2,0,75,59.3,1,0,0
2026-09-01 22:55:00,161.8,0,74,60.0,1,0,0
2026-09-01 23:00:00,154.9,0,74,61.3,1,0,0
2026-09-01 23:05:00,153.3,1,75,62.1,1,0,0
2026-09-01 23:10:00,151.9,0,73,64.1,1,0,0
2026-09-01 23:15:00,152.3,2,72,61.6,1,0,0
2026-09-01 23:20:00,151.9,0,75,60.4,1,0,0
2026-09-01 23:25:00,148.2,0,74,56.0,1,0,0
2026-09-01 23:30:00,150.4,0,74,59.6,1,0,0
2026-09-01 23:35:00,152.0,1,73,62.7,1,0,0
2026-09-01 23:40:00,149.7,0,73,56.4,1,0,0
2026-09-01 23:45:00,149.1,0,72,61.8,1,0,0
2026-09-01 23:50:00,147.7,0,71,59.0,1,0,0
2026-09-01 23:55:00,148.1,0,73,59.9,1,0,0
2026-09-02 00:00:00,151.0,2,74,60.7,1,0,0
2026-09-02 00:05:00,153.9,0,74,60.9,1,0,0
2026-09-02 00:10:00,153.2,0,73,58.2,1,0,0
2026-09-02 00:15:00,148.9,0,73,55.6,1,0,0
2026-09-02 00:20:00,145.0,1,74,58.0,1,0,0
2026-09-02 00:25:00,142.5,1,76,58.7,1,0,0
2026-09-02 00:30:00,144.8,1,75,58.5,1,0,0
2026-09-02 00:35:00,145.8,1,72,62.5,1,0,0
2026-09-02 00:40:00,144.4,0,72,60.7,1,0,0
2026-09-02 00:45:00,146.8,0,73,59.8,1,0,0
2026-09-02 00:50:00,149.8,0,73,63.3,1,0,0
2026-09-02 00:55:00,149.9,1,72,61.6,1,0,0
2026-09-02 01:00:00,150.5,0,72,60.3,1,0,0
2026-09-02 01:05:00,148.0,0,73,61.0,1,0,0
2026-09-02 01:10:00,147.6,1,72,62.1,1,0,0
2026-09-02 01:15:00,143.8,0,70,62.5,1,0,0
2026-09-02 01:20:00,141.7,0,76,62.6,1,0,0
2026-09-02 01:25:00,142.5,0,71,58.0,1,0,0
2026-09-02 01:30:00,141.1,1,73,61.9,1,0,0
2026-09-02 01:35:00,143.4,0,73,58.9,1,0,0
2026-09-02 01:40:00,140.9,0,75,60.4,1,0,0
2026-09-02 01:45:00,143.3,0,71,61.6,1,0,0
2026-09-02 01:50:00,143.7,0,72,60.9,1,0,0
2026-09-02 01:55:00,139.3,0,72,62.6,1,0,0
2026-09-02 02:00:00,139.2,0,72,59.6,1,0,0
2026-09-02 02:05:00,141.1,0,72,64.1,1,0,0
2026-09-02 02:10:00,142.1,0,74,62.2,1,0,0
2026-09-02 02:15:00,141.5,0,72,62.0,1,0,0
2026-09-02 02:20:00,140.8,0,70,59.9,1,0,0
2026-09-02 02:25:00,144.4,0,73,62.3,1,0,0
2026-09-02 02:30:00,146.3,0,75,56.5,1,0,0
2026-09-02 02:35:00,146.5,0,72,59.4,1,0,0
2026-09-02 02:40:00,145.8,1,73,59.8,1,0,0
2026-09-02 02:45:00,144.6,1,74,63.2,1,0,0
2026-09-02 02:50:00,142.7,1,72,58.7,1,0,0
2026-09-02 02:55:00,147.8,0,73,58.7,1,0,0
2026-09-02 03:00:00,151.9,0,73,64.2,1,0,0
2026-09-02 03:05:00,148.4,0,71,61.3,1,0,0
2026-09-02 03:10:00,148.9,0,72,56.9,1,0,0
2026-09-02 03:15:00,145.6,0,73,58.4,1,0,0
2026-09-02 03:20:00,141.7,0,70,56.9,1,0,0
2026-09-02 03:25:00,142.2,0,72,59.1,1,0,0
2026-09-02 03:30:00,141.5,0,66,59.3,1,0,0
2026-09-02 03:35:00,139.9,0,72,61.9,1,0,0
2026-09-02 03:40:00,144.0,2,74,59.5,1,0,0
2026-09-02 03:45:00,146.0,0,76,63.0,1,0,0
2026-09-02 03:50:00,146.2,0,74,60.8,1,0,0
2026-09-02 03:55:00,149.3,0,71,61.7,1,0,0
2026-09-02 04:00:00,148.7,1,74,58.6,1,0,0
2026-09-02 04:05:00,145.7,0,70,57.3,1,0,0
2026-09-02 04:10:00,148.0,0,74,63.0,1,0,0
2026-09-02 04:15:00,145.3,2,75,62.1,1,0,0
2026-09-02 04:20:00,148.4,0,72,59.2,1,0,0
2026-09-02 04:25:00,150.4,0,73,56.7,1,0,0
2026-09-02 04:30:00,152.3,0,71,60.4,1,0,0
2026-09-02 04:35:00,150.1,0,73,56.8,1,0,0
2026-09-02 04:40:00,152.3,0,70,63.3,1,0,0
2026-09-02 04:45:00,150.0,0,75,57.6,1,0,0
2026-09-02 04:50:00,149.2,0,75,58.3,1,0,0
2026-09-02 04:55:00,153.8,0,74,62.4,1,0,0
2026-09-02 05:00:00,152.0,1,72,57.6,1,0,0
2026-09-02 05:05:00,156.2,0,74,62.5,1,0,0
2026-09-02 05:10:00,158.5,0,71,62.1,1,0,0
2026-09-02 05:15:00,158.0,0,70,60.8,1,0,0
2026-09-02 05:20:00,161.5,0,73,59.5,1,0,0
2026-09-02 05:25:00,159.2,0,72,60.8,1,0,0
2026-09-02 05:30:00,161.9,0,75,57.5,1,0,0
2026-09-02 05:35:00,159.7,0,75,62.4,1,0,0
2026-09-02 05:40:00,159.7,0,74,62.0,1,0,0
2026-09-02 05:45:00,158.3,0,78,59.6,1,0,0
2026-09-02 05:50:00,159.6,1,72,61.0,1,0,0
2026-09-02 05:55:00,162.8,0,69,61.1,1,0,0
2026-09-02 06:00:00,161.9,0,75,57.7,1,0,0
2026-09-02 06:05:00,160.9,1,73,58.5,1,0,0
2026-09-02 06:10:00,161.5,0,71,61.6,1,0,0
2026-09-02 06:15:00,159.3,0,70,60.2,1,0,0
2026-09-02 06:20:00,157.1,0,75,61.5,1,0,0
2026-09-02 06:25:00,155.0,4,82,36.2,0,0,0
2026-09-02 06:30:00,151.3,11,83,36.0,0,0,0
2026-09-02 06:35:00,152.3,10,80,34.8,0,0,0
2026-09-02 06:40:00,154.8,7,82,36.5,0,0,0
2026-09-02 06:45:00,159.3,7,81,36.7,0,0,0
2026-09-02 06:50:00,157.5,5,83,35.4,0,0,0
2026-09-02 06:55:00,155.7,9,81,32.9,0,0,0
2026-09-02 07:00:00,155.4,13,79,40.2,0,0,0
2026-09-02 07:05:00,154.2,9,81,38.6,0,0,0
2026-09-02 07:10:00,154.8,16,81,37.1,0,0,0
2026-09-02 07:15:00,153.2,18,78,38.8,0,0,0
2026-09-02 07:20:00,153.5,11,82,35.6,0,0,0
2026-09-02 07:25:00,153.5,9,81,35.0,0,0,0
2026-09-02 07:30:00,152.9,16,86,37.3,0,0,0
2026-09-02 07:35:00,153.8,8,78,37.0,0,0,0
2026-09-02 07:40:00,153.5,5,79,39.7,0,0,0
2026-09-02 07:45:00,154.0,8,85,33.4,0,32,50
2026-09-02 07:50:00,154.6,13,82,33.3,0,0,0
2026-09-02 07:55:00,154.6,11,89,34.6,0,0,0
2026-09-02 08:00:00,155.1,16,83,38.0,0,0,0
2026-09-02 08:05:00,155.4,10,87,36.3,0,0,0
2026-09-02 08:10:00,155.8,6,86,38.5,0,0,0
2026-09-02 08:15:00,154.8,9,83,41.1,0,0,0
2026-09-02 08:20:00,152.9,3,81,36.8,0,0,0
2026-09-02 08:25:00,150.4,15,83,36.7,0,0,0
2026-09-02 08:30:00,149.3,8,82,38.2,0,0,0
2026-09-02 08:35:00,152.1,26,85,33.7,0,0,0
2026-09-02 08:40:00,156.3,6,80,36.6,0,0,0
2026-09-02 08:45:00,159.8,10,81,37.3,0,0,0
2026-09-02 08:50:00,155.5,3,82,37.6,0,0,0
2026-09-02 08:55:00,154.9,6,84,39.2,0,0,0
2026-09-02 09:00:00,152.9,7,81,36.8,0,0,0
2026-09-02 09:05:00,154.3,13,83,39.2,0,0,0
2026-09-02 09:10:00,156.0,7,80,35.4,0,0,0
2026-09-02 09:15:00,150.9,6,78,37.9,0,0,0
2026-09-02 09:20:00,148.0,10,87,37.8,0,0,0
2026-09-02 09:25:00,148.7,10,80,37.7,0,0,0
2026-09-02 09:30:00,149.1,5,84,36.2,0,0,0
2026-09-02 09:35:00,150.7,3,88,41.0,0,0,0
2026-09-02 09:40:00,148.6,11,83,37.7,0,0,0
2026-09-02 09:45:00,149.7,10,81,36.6,0,0,0
2026-09-02 09:50:00,149.7,2,79,37.9,0,0,0
2026-09-02 09:55:00,146.0,8,85,35.4,0,0,0
2026-09-02 10:00:00,147.1,12,82,36.0,0,0,0
2026-09-02 10:05:00,146.4,17,79,37.6,0,0,0
2026-09-02 10:10:00,146.8,6,85,36.0,0,0,0
2026-09-02 10:15:00,142.6,12,82,32.2,0,0,0
2026-09-02 10:20:00,142.4,13,81,36.3,0,0,0
2026-09-02 10:25:00,144.8,5,84,36.2,0,0,0
2026-09-02 10:30:00,145.4,16,81,38.0,0,0,0
2026-09-02 10:35:00,145.0,10,81,37.1,0,0,0
2026-09-02 10:40:00,146.9,5,80,36.5,0,0,0
2026-09-02 10:45:00,144.8,11,78,35.8,0,0,0
2026-09-02 10:50:00,143.0,13,79,37.3,0,0,0
2026-09-02 10:55:00,141.9,15,81,37.8,0,0,0
2026-09-02 11:00:00,140.8,6,84,36.7,0,0,0
2026-09-02 11:05:00,143.8,17,80,35.1,0,0,0
2026-09-02 11:10:00,143.0,14,82,38.1,0,0,0
2026-09-02 11:15:00,148.0,5,80,36.4,0,0,0
2026-09-02 11:20:00,146.0,20,81,37.3,0,0,0
2026-09-02 11:25:00,145.9,5,81,37.1,0,0,0
2026-09-02 11:30:00,144.0,5,82,32.5,0,0,0
2026-09-02 11:35:00,145.1,16,83,37.9,0,0,0
2026-09-02 11:40:00,143.7,13,79,35.7,0,0,0
2026-09-02 11:45:00,145.9,13,81,34.6,0,0,0
2026-09-02 11:50:00,145.0,2,81,36.5,0,0,0
2026-09-02 11:55:00,147.6,439,106,39.7,0,0,0
2026-09-02 12:00:00,149.4,449,111,35.6,0,0,0
2026-09-02 12:05:00,150.9,12,84,38.2,0,0,0
2026-09-02 12:10:00,151.7,16,79,38.3,0,0,0
2026-09-02 12:15:00,150.8,16,79,36.8,0,0,0
2026-09-02 12:20:00,152.3,17,83,39.5,0,0,0
2026-09-02 12:25:00,150.8,5,80,41.4,0,0,0
2026-09-02 12:30:00,151.5,8,80,34.0,0,0,0
2026-09-02 12:35:00,149.8,14,80,38.3,0,0,0
2026-09-02 12:40:00,150.1,11,82,38.9,0,0,0
2026-09-02 12:45:00,150.7,15,85,33.1,0,0,0
2026-09-02 12:50:00,149.8,11,81,37.1,0,0,0
2026-09-02 12:55:00,148.8,9,82,36.4,0,0,0
2026-09-02 13:00:00,149.1,4,82,37.3,0,0,0
2026-09-02 13:05:00,147.0,18,80,38.1,0,0,0
2026-09-02 13:10:00,151.2,8,82,34.0,0,0,0
2026-09-02 13:15:00,148.7,11,85,38.3,0,0,0
2026-09-02 13:20:00,149.8,4,79,38.3,0,0,0
2026-09-02 13:25:00,149.4,11,81,36.2,0,0,0
2026-09-02 13:30:00,152.1,6,79,36.2,0,0,0
2026-09-02 13:35:00,151.5,8,81,35.6,0,0,0
2026-09-02 13:40:00,149.5,9,84,37.5,0,0,0
2026-09-02 13:45:00,146.3,18,80,40.1,0,0,0
2026-09-02 13:50:00,145.2,12,85,38.1,0,0,0
2026-09-02 13:55:00,143.3,9,81,36.7,0,0,0
2026-09-02 14:00:00,142.7,11,81,34.9,0,0,0
2026-09-02 14:05:00,143.5,6,86,39.4,0,0,0
2026-09-02 14:10:00,146.9,7,82,37.4,0,0,0
2026-09-02 14:15:00,145.7,9,79,38.7,0,0,0
2026-09-02 14:20:00,145.4,5,82,36.7,0,0,0
2026-09-02 14:25:00,144.0,8,77,37.5,0,0,0
2026-09-02 14:30:00,140.3,3,81,34.5,0,0,0
2026-09-02 14:35:00,139.6,11,83,37.5,0,0,0
2026-09-02 14:40:00,138.4,3,82,37.2,0,0,0
2026-09-02 14:45:00,141.6,9,85,38.7,0,0,0
2026-09-02 14:50:00,142.2,16,82,39.0,0,0,0
2026-09-02 14:55:00,145.1,10,83,35.2,0,0,0
2026-09-02 15:00:00,141.5,10,82,36.9,0,0,0
2026-09-02 15:05:00,141.2,11,82,37.1,0,0,0
2026-09-02 15:10:00,143.5,14,81,38.9,0,0,0
2026-09-02 15:15:00,144.0,10,86,35.8,0,0,0
2026-09-02 15:20:00,145.8,6,83,35.7,0,0,0
2026-09-02 15:25:00,145.8,4,81,37.8,0,0,0
2026-09-02 15:30:00,144.5,3,79,35.2,0,0,0
2026-09-02 15:35:00,148.5,8,82,37.9,0,0,0
2026-09-02 15:40:00,149.8,4,82,35.9,0,0,0
2026-09-02 15:45:00,148.4,7,84,35.6,0,0,0
2026-09-02 15:50:00,147.3,3,85,38.4,0,0,0
2026-09-02 15:55:00,148.8,5,84,35.3,0,0,0
2026-09-02 16:00:00,151.2,7,83,36.0,0,0,0
2026-09-02 16:05:00,151.4,16,83,38.4,0,0,0
2026-09-02 16:10:00,144.7,7,80,37.5,0,0,0
2026-09-02 16:15:00,144.8,7,80,34.6,0,0,0
2026-09-02 16:20:00,146.3,7,79,38.7,0,0,0
2026-09-02 16:25:00,147.3,13,79,40.8,0,0,0
2026-09-02 16:30:00,144.8,6,81,33.9,0,0,0
2026-09-02 16:35:00,145.3,13,82,37.5,0,0,0
2026-09-02 16:40:00,147.0,4,80,34.7,0,0,0
2026-09-02 16:45:00,144.8,7,83,37.2,0,0,0
2026-09-02 16:50:00,148.5,6,82,38.0,0,0,0
2026-09-02 16:55:00,146.4,14,82,37.2,0,0,0
2026-09-02 17:00:00,146.4,4,82,37.5,0,0,0
2026-09-02 17:05:00,144.3,7,82,36.0,0,0,0
2026-09-02 17:10:00,142.2,12,83,36.8,0,0,0
2026-09-02 17:15:00,143.2,5,81,40.1,0,0,0
2026-09-02 17:20:00,141.6,9,81,38.1,0,0,0
2026-09-02 17:25:00,142.4,7,76,32.4,0,0,0
2026-09-02 17:30:00,143.1,5,81,35.7,0,0,0
2026-09-02 17:35:00,145.5,3,80,37.8,0,0,0
2026-09-02 17:40:00,145.0,5,81,32.9,0,0,0
2026-09-02 17:45:00,142.9,11,80,40.0,0,0,0
2026-09-02 17:50:00,142.6,10,80,34.6,0,0,0
2026-09-02 17:55:00,143.0,4,79,38.5,0,0,0
2026-09-02 18:00:00,142.6,9,82,35.0,0,51,80
2026-09-02 18:05:00,146.6,11,86,36.7,0,0,0
2026-09-02 18:10:00,150.1,4,84,39.4,0,0,0
2026-09-02 18:15:00,155.9,598,116,40.1,0,0,0
2026-09-02 18:20:00,156.2,589,119,39.4,0,0,0
2026-09-02 18:25:00,159.6,12,86,36.5,0,0,0
2026-09-02 18:30:00,160.2,8,78,35.8,0,0,0
2026-09-02 18:35:00,163.8,8,81,39.0,0,0,0
2026-09-02 18:40:00,164.3,2,82,38.1,0,0,0
2026-09-02 18:45:00,162.7,7,85,37.8,0,0,0
2026-09-02 18:50:00,163.8,7,80,35.7,0,0,0
2026-09-02 18:55:00,161.1,12,81,42.8,0,0,0
2026-09-02 19:00:00,162.3,7,81,34.0,0,0,0
2026-09-02 19:05:00,156.3,11,79,36.4,0,0,0
2026-09-02 19:10:00,157.0,16,82,37.1,0,0,0
2026-09-02 19:15:00,158.0,13,80,37.2,0,0,0
2026-09-02 19:20:00,155.8,14,83,37.9,0,0,0
2026-09-02 19:25:00,157.1,11,85,37.4,0,0,0
2026-09-02 19:30:00,158.2,7,83,33.2,0,0,0
2026-09-02 19:35:00,154.9,13,81,35.5,0,0,0
2026-09-02 19:40:00,150.4,5,83,38.9,0,0,0
2026-09-02 19:45:00,147.4,12,81,43.5,0,0,0
2026-09-02 19:50:00,147.3,11,81,39.5,0,0,0
2026-09-02 19:55:00,147.7,6,82,39.2,0,0,0
2026-09-02 20:00:00,145.3,16,80,39.5,0,0,0
2026-09-02 20:05:00,146.6,2,82,37.6,0,0,0
2026-09-02 20:10:00,148.9,6,81,38.4,0,0,0
2026-09-02 20:15:00,151.0,10,82,38.1,0,0,0
2026-09-02 20:20:00,150.7,10,87,36.6,0,0,0
2026-09-02 20:25:00,152.9,7,82,37.5,0,0,0
2026-09-02 20:30:00,153.1,5,83,35.0,0,0,0
2026-09-02 20:35:00,154.9,7,80,39.4,0,0,0
2026-09-02 20:40:00,155.4,9,83,37.9,0,65,55
2026-09-02 20:45:00,162.5,9,84,40.2,0,0,0
2026-09-02 20:50:00,164.2,12,89,35.4,0,0,0
2026-09-02 20:55:00,165.8,484,111,38.0,0,0,0
2026-09-02 21:00:00,171.0,491,115,35.8,0,0,0
2026-09-02 21:05:00,174.7,5,84,37.8,0,0,0
2026-09-02 21:10:00,178.4,11,81,38.8,0,0,0
2026-09-02 21:15:00,175.6,6,81,32.8,0,0,0
2026-09-02 21:20:00,173.6,5,81,34.0,0,0,0
2026-09-02 21:25:00,171.0,4,80,33.6,0,0,0
2026-09-02 21:30:00,171.0,12,84,36.7,0,0,0
2026-09-02 21:35:00,169.7,22,86,35.4,0,0,0
2026-09-02 21:40:00,169.7,18,82,38.4,0,0,0
2026-09-02 21:45:00,164.8,13,82,32.7,0,0,0
2026-09-02 21:50:00,164.2,11,82,36.0,0,0,0
2026-09-02 21:55:00,161.5,4,85,35.6,0,0,0
2026-09-02 22:00:00,163.0,6,82,36.1,0,0,0
2026-09-02 22:05:00,159.4,9,82,39.2,0,0,0
2026-09-02 22:10:00,157.5,4,79,37.8,0,0,0
2026-09-02 22:15:00,158.9,14,83,37.5,0,0,0
2026-09-02 22:20:00,160.0,10,85,36.8,0,0,0
2026-09-02 22:25:00,158.8,8,81,36.3,0,0,0
2026-09-02 22:30:00,158.9,7,82,35.9,0,0,0
2026-09-02 22:35:00,162.2,4,78,36.4,0,0,0
2026-09-02 22:40:00,162.1,6,83,34.7,0,0,0
2026-09-02 22:45:00,164.0,12,85,35.5,0,0,0
2026-09-02 22:50:00,164.6,8,84,38.0,0,0,0
2026-09-02 22:55:00,163.1,5,80,38.0,0,0,0
2026-09-02 23:00:00,162.6,11,79,40.8,0,0,0
2026-09-02 23:05:00,160.9,6,80,38.4,0,0,0
2026-09-02 23:10:00,159.9,4,82,33.9,0,0,0
2026-09-02 23:15:00,158.5,0,77,59.2,1,0,0
2026-09-02 23:20:00,157.1,0,72,60.4,1,0,0
2026-09-02 23:25:00,155.1,0,68,62.4,1,0,0
2026-09-02 23:30:00,155.1,0,74,57.6,1,0,0
2026-09-02 23:35:00,152.9,0,70,62.0,1,0,0
2026-09-02 23:40:00,150.5,0,71,59.3,1,0,0
2026-09-02 23:45:00,146.5,0,71,61.9,1,0,0
2026-09-02 23:50:00,148.3,0,75,57.2,1,0,0
2026-09-02 23:55:00,149.1,0,73,60.8,1,0,0
2026-09-03 00:00:00,148.7,0,74,59.6,1,0,0
2026-09-03 00:05:00,149.9,0,71,63.1,1,0,0
2026-09-03 00:10:00,150.1,2,73,61.7,1,0,0
2026-09-03 00:15:00,146.5,2,75,58.7,1,0,0
2026-09-03 00:20:00,144.4,0,75,59.2,1,0,0
2026-09-03 00:25:00,142.2,1,73,59.9,1,0,0
2026-09-03 00:30:00,142.3,0,73,58.8,1,0,0
2026-09-03 00:35:00,141.8,2,74,55.4,1,0,0
2026-09-03 00:40:00,141.5,1,73,56.3,1,0,0
2026-09-03 00:45:00,145.4,1,73,59.3,1,0,0
2026-09-03 00:50:00,147.6,2,72,58.5,1,0,0
2026-09-03 00:55:00,146.4,0,70,59.3,1,0,0
2026-09-03 01:00:00,146.3,0,73,59.6,1,0,0
2026-09-03 01:05:00,148.3,0,73,58.8,1,0,0
2026-09-03 01:10:00,148.4,0,72,56.5,1,0,0
2026-09-03 01:15:00,148.5,0,69,59.6,1,0,0
2026-09-03 01:20:00,145.8,2,67,62.2,1,0,0
2026-09-03 01:25:00,143.9,0,74,61.5,1,0,0
2026-09-03 01:30:00,145.1,0,70,60.8,1,0,0
2026-09-03 01:35:00,147.2,0,75,57.8,1,0,0
2026-09-03 01:40:00,147.9,0,73,61.3,1,0,0
2026-09-03 01:45:00,145.9,0,74,61.4,1,0,0
2026-09-03 01:50:00,144.1,0,71,59.8,1,0,0
2026-09-03 01:55:00,145.6,0,72,59.0,1,0,0
2026-09-03 02:00:00,147.1,0,68,61.2,1,0,0
2026-09-03 02:05:00,144.4,0,73,61.8,1,0,0
2026-09-03 02:10:00,144.7,1,71,61.6,1,0,0
2026-09-03 02:15:00,141.5,1,75,60.7,1,0,0
2026-09-03 02:20:00,141.4,0,71,57.2,1,0,0
2026-09-03 02:25:00,142.4,0,70,59.9,1,0,0
2026-09-03 02:30:00,145.3,0,76,58.9,1,0,0
2026-09-03 02:35:00,147.0,0,71,59.9,1,0,0
2026-09-03 02:40:00,148.4,0,73,59.0,1,0,0
2026-09-03 02:45:00,149.2,1,69,61.3,1,0,0
2026-09-03 02:50:00,147.8,0,75,62.6,1,0,0
2026-09-03 02:55:00,145.9,0,72,59.6,1,0,0
2026-09-03 03:00:00,144.6,0,69,57.8,1,0,0
2026-09-03 03:05:00,144.7,0,73,64.2,1,0,0
2026-09-03 03:10:00,143.0,0,75,59.5,1,0,0
2026-09-03 03:15:00,141.1,0,73,59.9,1,0,0
2026-09-03 03:20:00,141.4,0,74,60.1,1,0,0
2026-09-03 03:25:00,140.4,0,72,59.0,1,0,0
2026-09-03 03:30:00,140.0,1,72,57.9,1,0,0
2026-09-03 03:35:00,138.3,0,70,56.0,1,0,0
2026-09-03 03:40:00,137.6,1,74,58.7,1,0,0
2026-09-03 03:45:00,139.4,0,75,59.9,1,0,0
2026-09-03 03:50:00,139.3,0,72,59.5,1,0,0
2026-09-03 03:55:00,140.0,0,74,59.6,1,0,0
2026-09-03 04:00:00,139.7,1,73,59.2,1,0,0
2026-09-03 04:05:00,141.4,0,72,60.0,1,0,0
2026-09-03 04:10:00,138.5,0,73,61.8,1,0,0
2026-09-03 04:15:00,140.6,0,72,57.0,1,0,0
2026-09-03 04:20:00,145.8,0,72,62.4,1,0,0
2026-09-03 04:25:00,145.5,1,74,58.7,1,0,0
2026-09-03 04:30:00,144.2,0,70,60.2,1,0,0
2026-09-03 04:35:00,145.7,0,68,59.4,1,0,0
2026-09-03 04:40:00,145.5,0,71,57.0,1,0,0
2026-09-03 04:45:00,147.8,1,77,60.6,1,0,0
2026-09-03 04:50:00,149.1,0,71,59.2,1,0,0
2026-09-03 04:55:00,148.7,1,73,56.7,1,0,0
2026-09-03 05:00:00,150.8,2,74,59.1,1,0,0
2026-09-03 05:05:00,152.3,0,73,57.6,1,0,0
2026-09-03 05:10:00,151.0,0,73,61.2,1,0,0
2026-09-03 05:15:00,151.9,0,73,60.0,1,0,0
2026-09-03 05:20:00,150.7,2,71,55.9,1,0,0
2026-09-03 05:25:00,156.3,1,70,60.3,1,0,0
2026-09-03 05:30:00,155.5,0,73,62.4,1,0,0
2026-09-03 05:35:00,155.0,0,74,63.1,1,0,0
2026-09-03 05:40:00,157.7,0,77,59.7,1,0,0
2026-09-03 05:45:00,161.5,1,70,57.4,1,0,0
2026-09-03 05:50:00,164.2,1,75,59.4,1,0,0
2026-09-03 05:55:00,162.9,0,74,60.7,1,0,0
2026-09-03 06:00:00,157.4,0,76,60.5,1,0,0
2026-09-03 06:05:00,154.3,0,76,59.9,1,0,0
2026-09-03 06:10:00,152.6,1,73,62.3,1,0,0
2026-09-03 06:15:00,154.5,2,68,59.9,1,0,0
2026-09-03 06:20:00,152.9,1,73,57.8,1,0,0
2026-09-03 06:25:00,150.3,0,72,62.4,1,0,0
2026-09-03 06:30:00,150.1,0,71,61.8,1,0,0
2026-09-03 06:35:00,153.8,0,73,58.1,1,0,0
2026-09-03 06:40:00,154.0,1,73,58.2,1,0,0
2026-09-03 06:45:00,152.1,0,71,58.3,1,0,0
2026-09-03 06:50:00,154.6,0,73,56.7,1,0,0
2026-09-03 06:55:00,153.8,0,71,60.0,1,0,0
2026-09-03 07:00:00,154.6,0,71,59.1,1,0,0
2026-09-03 07:05:00,153.1,0,75,59.4,1,0,0
2026-09-03 07:10:00,156.8,0,73,60.7,1,0,0
2026-09-03 07:15:00,154.8,7,79,36.2,0,0,0
2026-09-03 07:20:00,151.1,6,82,38.6,0,0,0
2026-09-03 07:25:00,148.8,7,80,38.3,0,0,0
2026-09-03 07:30:00,147.3,12,81,38.0,0,0,0
2026-09-03 07:35:00,148.5,10,79,34.9,0,0,0
2026-09-03 07:40:00,142.7,5,83,37.3,0,0,0
2026-09-03 07:45:00,141.7,13,82,33.7,0,0,0
2026-09-03 07:50:00,141.4,5,80,38.5,0,0,0
2026-09-03 07:55:00,144.5,3,79,38.3,0,69,78
2026-09-03 08:00:00,154.4,8,85,35.9,0,0,0
2026-09-03 08:05:00,160.2,20,84,37.0,0,0,0
2026-09-03 08:10:00,166.0,6,87,34.5,0,0,0
2026-09-03 08:15:00,169.2,9,82,37.9,0,0,0
2026-09-03 08:20:00,170.8,9,83,38.4,0,0,0
2026-09-03 08:25:00,173.7,10,79,36.6,0,0,0
2026-09-03 08:30:00,175.8,1,83,36.0,0,0,0
2026-09-03 08:35:00,180.1,6,82,36.3,0,0,0
2026-09-03 08:40:00,178.8,2,79,36.0,0,0,0
2026-09-03 08:45:00,179.9,4,81,37.8,0,0,0
2026-09-03 08:50:00,173.6,7,85,36.1,0,0,0
2026-09-03 08:55:00,171.5,6,83,36.9,0,0,0
2026-09-03 09:00:00,167.7,9,82,36.5,0,0,0
2026-09-03 09:05:00,166.6,2,81,41.3,0,0,0
2026-09-03 09:10:00,168.5,14,82,36.3,0,0,0
2026-09-03 09:15:00,168.2,9,85,37.9,0,0,0
2026-09-03 09:20:00,166.3,5,81,36.0,0,0,0
2026-09-03 09:25:00,164.1,9,81,36.7,0,0,0
2026-09-03 09:30:00,162.0,4,83,36.3,0,0,0
2026-09-03 09:35:00,162.5,3,82,37.4,0,0,0
2026-09-03 09:40:00,159.6,3,81,35.2,0,0,0
2026-09-03 09:45:00,161.1,21,83,35.2,0,0,0
2026-09-03 09:50:00,160.0,6,81,39.0,0,0,0
2026-09-03 09:55:00,157.0,15,83,36.1,0,0,0
2026-09-03 10:00:00,158.7,5,81,34.0,0,0,0
2026-09-03 10:05:00,160.5,9,84,37.1,0,0,0
2026-09-03 10:10:00,155.6,14,83,36.2,0,0,0
2026-09-03 10:15:00,154.8,7,83,36.5,0,0,0
2026-09-03 10:20:00,158.0,5,81,33.8,0,0,0
2026-09-03 10:25:00,157.2,8,86,36.2,0,0,0
2026-09-03 10:30:00,155.9,7,84,36.5,0,0,0
2026-09-03 10:35:00,155.0,3,83,38.7,0,0,0
2026-09-03 10:40:00,153.5,8,81,33.9,0,0,0
2026-09-03 10:45:00,151.4,10,80,38.7,0,0,0
2026-09-03 10:50:00,156.1,3,79,34.3,0,0,0
2026-09-03 10:55:00,156.7,3,82,36.1,0,0,0
2026-09-03 11:00:00,154.6,7,84,36.0,0,0,0
2026-09-03 11:05:00,152.9,9,78,35.8,0,0,0
2026-09-03 11:10:00,150.8,12,83,35.2,0,0,0
2026-09-03 11:15:00,147.9,6,81,36.8,0,0,0
2026-09-03 11:20:00,151.6,8,80,40.5,0,0,0
2026-09-03 11:25:00,150.7,5,81,36.8,0,0,0
2026-09-03 11:30:00,148.7,6,83,35.9,0,0,0
2026-09-03 11:35:00,150.8,19,80,33.7,0,0,0
2026-09-03 11:40:00,148.2,7,84,36.2,0,0,0
2026-09-03 11:45:00,148.2,22,85,36.4,0,0,0
2026-09-03 11:50:00,149.9,7,84,35.3,0,0,0
2026-09-03 11:55:00,149.3,8,82,33.4,0,0,0
2026-09-03 12:00:00,151.5,19,82,36.9,0,0,0
2026-09-03 12:05:00,153.3,9,84,37.0,0,0,0
2026-09-03 12:10:00,151.4,14,83,31.7,0,0,0
2026-09-03 12:15:00,152.4,10,83,33.8,0,0,0
2026-09-03 12:20:00,153.1,6,84,37.3,0,0,0
2026-09-03 12:25:00,152.4,24,84,36.5,0,0,0
2026-09-03 12:30:00,154.9,5,80,36.6,0,0,0
2026-09-03 12:35:00,155.3,24,81,37.3,0,0,0
2026-09-03 12:40:00,152.3,14,81,37.9,0,0,0
2026-09-03 12:45:00,151.1,4,79,33.9,0,0,0
2026-09-03 12:50:00,153.7,10,81,41.6,0,0,0
2026-09-03 12:55:00,152.7,6,81,39.9,0,0,0
2026-09-03 13:00:00,152.0,7,83,36.4,0,0,0
2026-09-03 13:05:00,154.5,7,82,42.2,0,0,0
2026-09-03 13:10:00,151.8,9,83,36.8,0,0,0
2026-09-03 13:15:00,149.2,16,81,39.0,0,0,0
2026-09-03 13:20:00,148.1,11,82,35.0,0,0,0
2026-09-03 13:25:00,148.6,14,83,31.1,0,0,0
2026-09-03 13:30:00,150.2,2,79,35.3,0,0,0
2026-09-03 13:35:00,151.7,6,80,39.3,0,0,0
2026-09-03 13:40:00,149.8,4,84,36.2,0,0,0
2026-09-03 13:45:00,149.3,8,82,37.0,0,0,0
2026-09-03 13:50:00,149.7,5,85,37.4,0,94,75
2026-09-03 13:55:00,161.2,6,84,37.8,0,0,0
2026-09-03 14:00:00,172.3,7,84,35.2,0,0,0
2026-09-03 14:05:00,180.2,3,83,37.6,0,0,0
2026-09-03 14:10:00,183.9,12,88,33.3,0,0,0
2026-09-03 14:15:00,183.1,17,85,38.3,0,0,0
2026-09-03 14:20:00,184.7,20,86,35.2,0,0,0
2026-09-03 14:25:00,185.1,11,82,37.0,0,0,0
2026-09-03 14:30:00,187.3,10,83,37.7,0,0,0
2026-09-03 14:35:00,187.9,11,83,39.3,0,0,0
2026-09-03 14:40:00,187.3,6,80,39.2,0,0,0
2026-09-03 14:45:00,184.0,11,79,38.6,0,0,0
2026-09-03 14:50:00,185.9,7,82,35.0,0,0,0
2026-09-03 14:55:00,183.8,13,81,35.4,0,0,0
2026-09-03 15:00:00,182.4,10,82,38.1,0,0,0
2026-09-03 15:05:00,177.8,2,80,36.4,0,0,0
2026-09-03 15:10:00,177.0,6,86,36.1,0,0,0
2026-09-03 15:15:00,176.9,4,82,40.8,0,0,0
2026-09-03 15:20:00,173.7,8,81,34.2,0,0,0
2026-09-03 15:25:00,172.8,4,79,37.4,0,0,0
2026-09-03 15:30:00,170.7,11,80,37.5,0,0,0
2026-09-03 15:35:00,168.3,22,81,37.5,0,0,0
2026-09-03 15:40:00,166.8,18,81,37.8,0,0,0
2026-09-03 15:45:00,168.5,4,82,37.7,0,0,0
2026-09-03 15:50:00,165.0,10,82,35.8,0,0,0
2026-09-03 15:55:00,161.6,19,83,36.2,0,0,0
2026-09-03 16:00:00,162.7,9,81,37.5,0,0,0
2026-09-03 16:05:00,159.9,10,80,38.2,0,0,0
2026-09-03 16:10:00,161.5,8,79,36.5,0,0,0
2026-09-03 16:15:00,158.3,13,83,37.9,0,0,0
2026-09-03 16:20:00,157.3,9,84,37.1,0,0,0
2026-09-03 16:25:00,155.2,5,82,38.8,0,0,0
2026-09-03 16:30:00,157.6,4,82,33.8,0,0,0
2026-09-03 16:35:00,155.4,16,85,37.0,0,0,0
2026-09-03 16:40:00,153.4,17,83,37.3,0,0,0
2026-09-03 16:45:00,152.3,5,82,35.4,0,0,0
2026-09-03 16:50:00,148.9,14,84,37.7,0,0,0
2026-09-03 16:55:00,150.8,10,83,38.3,0,0,0
2026-09-03 17:00:00,155.1,13,84,36.7,0,0,0
2026-09-03 17:05:00,154.2,11,84,37.4,0,0,0
2026-09-03 17:10:00,154.3,9,80,37.1,0,0,0
2026-09-03 17:15:00,151.0,7,82,39.6,0,0,0
2026-09-03 17:20:00,148.8,13,83,39.2,0,0,0
2026-09-03 17:25:00,148.1,12,85,40.9,0,0,0
2026-09-03 17:30:00,145.4,468,111,34.8,0,0,0
2026-09-03 17:35:00,146.4,464,115,37.4,0,14,35
2026-09-03 17:40:00,147.4,5,86,32.9,0,0,0
2026-09-03 17:45:00,146.8,11,86,36.1,0,0,0
2026-09-03 17:50:00,149.6,434,108,38.3,0,0,0
2026-09-03 17:55:00,149.5,439,110,35.7,0,0,0
2026-09-03 18:00:00,151.6,2,87,36.1,0,0,0
2026-09-03 18:05:00,152.5,2,82,35.8,0,0,0
2026-09-03 18:10:00,150.6,13,80,39.6,0,0,0
2026-09-03 18:15:00,149.0,6,80,38.4,0,0,0
2026-09-03 18:20:00,146.6,5,83,33.5,0,0,0
2026-09-03 18:25:00,145.8,7,79,35.8,0,0,0
2026-09-03 18:30:00,145.3,12,80,36.9,0,0,0
2026-09-03 18:35:00,146.6,9,81,36.3,0,0,0
2026-09-03 18:40:00,150.1,9,83,37.8,0,0,0
2026-09-03 18:45:00,150.1,8,82,38.8,0,0,0
2026-09-03 18:50:00,149.1,8,82,40.2,0,0,0
2026-09-03 18:55:00,148.6,10,83,39.3,0,0,0
2026-09-03 19:00:00,148.3,16,84,39.9,0,0,0
2026-09-03 19:05:00,148.7,9,80,37.5,0,0,0
2026-09-03 19:10:00,150.2,9,81,38.8,0,0,0
2026-09-03 19:15:00,149.8,7,79,36.8,0,0,0
2026-09-03 19:20:00,149.8,4,82,37.0,0,0,0
2026-09-03 19:25:00,151.2,19,82,36.4,0,0,0
2026-09-03 19:30:00,150.1,5,80,36.8,0,0,0
2026-09-03 19:35:00,145.9,23,82,40.9,0,0,0
2026-09-03 19:40:00,144.2,12,81,35.4,0,0,0
2026-09-03 19:45:00,143.3,11,81,36.9,0,0,0
2026-09-03 19:50:00,143.1,6,83,35.7,0,0,0
2026-09-03 19:55:00,145.9,19,80,37.8,0,0,0
2026-09-03 20:00:00,147.2,12,81,36.2,0,0,0
2026-09-03 20:05:00,144.4,13,85,35.0,0,0,0
2026-09-03 20:10:00,150.2,7,82,37.5,0,0,0
2026-09-03 20:15:00,148.1,12,82,39.0,0,0,0
2026-09-03 20:20:00,147.0,3,81,39.6,0,0,0
2026-09-03 20:25:00,150.9,13,77,37.4,0,0,0
2026-09-03 20:30:00,148.3,8,84,37.2,0,0,0
2026-09-03 20:35:00,148.4,5,82,40.2,0,0,0
2026-09-03 20:40:00,147.6,11,82,35.8,0,0,0
2026-09-03 20:45:00,148.8,11,83,34.3,0,0,0
2026-09-03 20:50:00,149.3,6,80,41.9,0,0,0
2026-09-03 20:55:00,152.3,17,82,37.2,0,0,0
2026-09-03 21:00:00,151.4,14,83,37.9,0,0,0
2026-09-03 21:05:00,148.7,6,83,32.2,0,0,0
2026-09-03 21:10:00,147.3,3,86,36.3,0,0,0
2026-09-03 21:15:00,148.0,11,82,35.1,0,0,0
2026-09-03 21:20:00,150.4,8,83,35.5,0,0,0
2026-09-03 21:25:00,149.3,14,85,33.9,0,47,50
2026-09-03 21:30:00,150.8,2,82,33.6,0,0,0
2026-09-03 21:35:00,151.9,8,84,38.2,0,0,0
2026-09-03 21:40:00,153.5,547,117,39.9,0,0,0
2026-09-03 21:45:00,152.5,544,115,40.6,0,0,0
2026-09-03 21:50:00,151.2,13,79,37.4,0,0,0
2026-09-03 21:55:00,152.7,4,80,30.5,0,0,0
2026-09-03 22:00:00,149.8,11,79,35.9,0,0,0
2026-09-03 22:05:00,150.5,5,82,38.9,0,0,0
2026-09-03 22:10:00,148.6,0,75,56.3,1,0,0
2026-09-03 22:15:00,154.1,0,71,58.2,1,0,0
2026-09-03 22:20:00,152.9,0,74,59.7,1,0,0
2026-09-03 22:25:00,152.6,0,72,62.6,1,0,0
2026-09-03 22:30:00,150.7,1,69,59.4,1,0,0
2026-09-03 22:35:00,151.4,1,73,58.4,1,0,0
2026-09-03 22:40:00,150.6,1,71,58.7,1,0,0
2026-09-03 22:45:00,152.8,0,74,60.8,1,0,0
2026-09-03 22:50:00,153.7,0,70,60.3,1,0,0
2026-09-03 22:55:00,154.7,0,74,60.8,1,0,0
2026-09-03 23:00:00,154.9,0,73,62.2,1,0,0
2026-09-03 23:05:00,153.8,1,73,56.2,1,0,0
2026-09-03 23:10:00,151.2,1,72,58.3,1,0,0
2026-09-03 23:15:00,152.6,0,73,54.6,1,0,0
2026-09-03 23:20:00,151.2,1,78,57.6,1,0,0
2026-09-03 23:25:00,152.1,1,73,56.0,1,0,0
2026-09-03 23:30:00,151.7,2,73,59.3,1,0,0
2026-09-03 23:35:00,149.2,0,71,59.9,1,0,0
2026-09-03 23:40:00,148.4,0,73,57.0,1,0,0
2026-09-03 23:45:00,148.9,0,70,59.3,1,0,0
2026-09-03 23:50:00,148.4,0,76,60.3,1,0,0
2026-09-03 23:55:00,146.3,0,76,59.3,1,0,0
2026-09-04 00:00:00,142.8,0,74,56.4,1,0,0
2026-09-04 00:05:00,144.2,1,68,59.4,1,0,0
2026-09-04 00:10:00,144.1,0,73,63.2,1,0,0
2026-09-04 00:15:00,146.3,0,75,58.4,1,0,0
2026-09-04 00:20:00,144.5,0,73,59.4,1,0,0
2026-09-04 00:25:00,144.5,0,71,58.3,1,0,0
2026-09-04 00:30:00,144.3,1,73,62.5,1,0,0
2026-09-04 00:35:00,144.0,0,74,58.9,1,0,0
2026-09-04 00:40:00,146.7,0,76,60.4,1,0,0
2026-09-04 00:45:00,143.5,1,75,60.9,1,0,0
2026-09-04 00:50:00,143.6,0,74,59.8,1,0,0
2026-09-04 00:55:00,138.7,0,73,58.4,1,0,0
2026-09-04 01:00:00,137.7,0,74,56.7,1,0,0
2026-09-04 01:05:00,138.4,0,74,57.8,1,0,0
2026-09-04 01:10:00,137.5,0,74,61.6,1,0,0
2026-09-04 01:15:00,140.2,0,74,59.0,1,0,0
2026-09-04 01:20:00,138.5,0,71,61.1,1,0,0
2026-09-04 01:25:00,137.9,0,72,61.9,1,0,0
2026-09-04 01:30:00,139.4,0,73,55.3,1,0,0
2026-09-04 01:35:00,141.4,0,74,65.5,1,0,0
2026-09-04 01:40:00,145.8,0,73,58.9,1,0,0
2026-09-04 01:45:00,143.6,0,74,63.4,1,0,0
2026-09-04 01:50:00,145.6,0,75,63.7,1,0,0
2026-09-04 01:55:00,145.6,1,71,61.3,1,0,0
2026-09-04 02:00:00,147.8,0,68,58.2,1,0,0
2026-09-04 02:05:00,144.9,0,76,53.8,1,0,0
2026-09-04 02:10:00,142.5,0,70,56.2,1,0,0
2026-09-04 02:15:00,143.4,0,73,61.8,1,0,0
2026-09-04 02:20:00,144.3,1,70,61.9,1,0,0
2026-09-04 02:25:00,142.2,2,75,59.4,1,0,0
2026-09-04 02:30:00,141.8,1,73,56.9,1,0,0
2026-09-04 02:35:00,145.8,0,73,59.4,1,0,0
2026-09-04 02:40:00,147.6,0,74,58.7,1,0,0
2026-09-04 02:45:00,148.0,0,71,62.6,1,0,0
2026-09-04 02:50:00,149.7,0,74,56.7,1,0,0
2026-09-04 02:55:00,149.1,0,76,61.1,1,0,0
2026-09-04 03:00:00,148.1,0,74,54.8,1,0,0
2026-09-04 03:05:00,148.2,0,73,62.1,1,0,0
2026-09-04 03:10:00,148.8,0,73,61.5,1,0,0
2026-09-04 03:15:00,151.3,0,76,60.4,1,0,0
2026-09-04 03:20:00,150.2,0,77,60.1,1,0,0
2026-09-04 03:25:00,148.7,0,73,62.4,1,0,0
2026-09-04 03:30:00,150.0,0,72,58.0,1,0,0
2026-09-04 03:35:00,150.0,0,72,62.2,1,0,0
2026-09-04 03:40:00,149.6,2,74,57.5,1,0,0
2026-09-04 03:45:00,150.9,2,73,60.9,1,0,0
2026-09-04 03:50:00,150.4,0,75,56.1,1,0,0
2026-09-04 03:55:00,146.7,0,75,59.8,1,0,0
2026-09-04 04:00:00,148.9,0,72,60.5,1,0,0
2026-09-04 04:05:00,148.7,0,73,63.2,1,0,0
2026-09-04 04:10:00,152.9,0,75,62.9,1,0,0
2026-09-04 04:15:00,153.2,0,76,59.0,1,0,0
2026-09-04 04:20:00,155.0,0,75,57.4,1,0,0
2026-09-04 04:25:00,154.1,0,74,60.9,1,0,0
2026-09-04 04:30:00,155.5,0,74,62.8,1,0,0
2026-09-04 04:35:00,153.1,0,70,58.7,1,0,0
2026-09-04 04:40:00,154.7,0,74,61.0,1,0,0
2026-09-04 04:45:00,153.4,1,73,57.3,1,0,0
2026-09-04 04:50:00,150.0,1,74,59.6,1,0,0
2026-09-04 04:55:00,149.1,0,72,58.7,1,0,0
2026-09-04 05:00:00,149.8,0,71,59.3,1,0,0
2026-09-04 05:05:00,151.3,2,70,60.9,1,0,0
2026-09-04 05:10:00,153.9,0,76,54.4,1,0,0
2026-09-04 05:15:00,153.9,0,73,59.3,1,0,0
2026-09-04 05:20:00,154.7,0,73,59.4,1,0,0
2026-09-04 05:25:00,156.2,1,71,59.1,1,0,0
2026-09-04 05:30:00,157.9,0,74,63.5,1,0,0
2026-09-04 05:35:00,158.2,0,71,60.3,1,0,0
2026-09-04 05:40:00,156.0,0,72,58.5,1,0,0
2026-09-04 05:45:00,153.7,0,73,61.5,1,0,0
2026-09-04 05:50:00,154.4,0,71,64.7,1,0,0
2026-09-04 05:55:00,151.9,0,73,60.5,1,0,0
2026-09-04 06:00:00,151.3,0,75,60.3,1,0,0
2026-09-04 06:05:00,152.8,0,72,59.3,1,0,0
2026-09-04 06:10:00,149.5,1,72,59.9,1,0,0
2026-09-04 06:15:00,151.3,0,70,59.1,1,0,0
2026-09-04 06:20:00,149.2,1,71,60.9,1,0,0
2026-09-04 06:25:00,151.6,0,73,62.4,1,0,0
2026-09-04 06:30:00,151.4,0,74,58.7,1,0,0
2026-09-04 06:35:00,150.1,0,73,57.8,1,0,0
2026-09-04 06:40:00,149.3,10,81,34.2,0,0,0
2026-09-04 06:45:00,150.6,12,83,36.6,0,0,0
2026-09-04 06:50:00,150.2,12,82,31.5,0,0,0
2026-09-04 06:55:00,146.3,8,81,34.7,0,0,0
2026-09-04 07:00:00,147.1,8,82,39.8,0,0,0
2026-09-04 07:05:00,146.9,13,79,35.3,0,0,0
2026-09-04 07:10:00,145.4,9,82,34.2,0,0,0
2026-09-04 07:15:00,144.6,9,83,37.0,0,0,0
2026-09-04 07:20:00,147.0,13,83,35.1,0,0,0
2026-09-04 07:25:00,149.7,5,83,34.9,0,0,0
2026-09-04 07:30:00,147.5,14,83,34.4,0,0,0
2026-09-04 07:35:00,147.0,4,82,40.2,0,0,0
2026-09-04 07:40:00,148.7,18,83,37.0,0,0,0
2026-09-04 07:45:00,148.5,7,85,37.6,0,0,0
2026-09-04 07:50:00,143.8,4,83,36.6,0,0,0
2026-09-04 07:55:00,144.9,12,82,33.6,0,0,0
2026-09-04 08:00:00,143.7,5,82,36.3,0,0,0
2026-09-04 08:05:00,145.6,10,80,36.5,0,0,0
2026-09-04 08:10:00,143.7,8,85,36.7,0,0,0
2026-09-04 08:15:00,144.0,4,83,36.4,0,0,0
2026-09-04 08:20:00,143.2,7,79,34.3,0,0,0
2026-09-04 08:25:00,142.3,2,82,38.4,0,0,0
2026-09-04 08:30:00,146.3,10,84,36.5,0,56,70
2026-09-04 08:35:00,152.2,11,83,34.5,0,0,0
2026-09-04 08:40:00,161.6,5,85,35.7,0,0,0
2026-09-04 08:45:00,164.4,13,86,35.2,0,0,0
2026-09-04 08:50:00,169.4,9,84,39.0,0,0,0
2026-09-04 08:55:00,170.7,13,85,38.9,0,0,0
2026-09-04 09:00:00,173.6,17,82,35.3,0,0,0
2026-09-04 09:05:00,171.8,6,84,38.9,0,0,0
2026-09-04 09:10:00,172.8,6,84,36.7,0,0,0
2026-09-04 09:15:00,171.2,1,80,37.4,0,0,0
2026-09-04 09:20:00,168.8,8,81,37.8,0,0,0
2026-09-04 09:25:00,168.2,5,78,36.1,0,0,0
2026-09-04 09:30:00,167.9,5,81,35.9,0,0,0
2026-09-04 09:35:00,166.8,7,78,34.9,0,0,0
2026-09-04 09:40:00,166.6,7,81,37.5,0,0,0
2026-09-04 09:45:00,164.8,3,80,36.9,0,0,0
2026-09-04 09:50:00,162.7,9,83,32.4,0,0,0
2026-09-04 09:55:00,162.3,7,82,39.0,0,0,0
2026-09-04 10:00:00,160.3,6,79,39.0,0,0,0
2026-09-04 10:05:00,157.5,3,83,36.4,0,0,0
2026-09-04 10:10:00,157.0,15,82,35.6,0,0,0
2026-09-04 10:15:00,156.5,9,83,37.1,0,0,0
2026-09-04 10:20:00,155.3,3,79,38.7,0,0,0
2026-09-04 10:25:00,154.7,13,82,38.0,0,0,0
2026-09-04 10:30:00,153.9,12,82,38.0,0,0,0
2026-09-04 10:35:00,154.5,4,81,40.4,0,0,0
2026-09-04 10:40:00,155.8,11,82,38.2,0,0,0
2026-09-04 10:45:00,155.1,4,82,41.5,0,0,0
2026-09-04 10:50:00,151.9,8,81,34.2,0,0,0
2026-09-04 10:55:00,152.3,8,80,37.2,0,0,0
2026-09-04 11:00:00,151.9,9,82,37.3,0,0,0
2026-09-04 11:05:00,152.2,5,83,35.6,0,0,0
2026-09-04 11:10:00,153.5,10,84,35.6,0,0,0
2026-09-04 11:15:00,151.3,3,78,37.2,0,0,0
2026-09-04 11:20:00,148.5,8,81,41.6,0,0,0
2026-09-04 11:25:00,147.1,10,81,37.4,0,0,0
2026-09-04 11:30:00,143.3,6,83,38.8,0,0,0
2026-09-04 11:35:00,144.0,12,80,38.0,0,0,0
2026-09-04 11:40:00,144.6,12,85,40.5,0,0,0
2026-09-04 11:45:00,144.7,6,79,38.8,0,0,0
2026-09-04 11:50:00,148.2,6,81,36.4,0,0,0
2026-09-04 11:55:00,144.4,7,83,38.3,0,0,0
2026-09-04 12:00:00,145.4,13,80,37.6,0,0,0
2026-09-04 12:05:00,144.9,5,82,33.5,0,0,0
2026-09-04 12:10:00,145.2,20,86,35.8,0,0,0
2026-09-04 12:15:00,140.6,11,83,39.3,0,0,0
2026-09-04 12:20:00,142.5,5,80,37.9,0,0,0
2026-09-04 12:25:00,143.8,8,87,37.9,0,0,0
2026-09-04 12:30:00,145.6,13,83,38.5,0,0,0
2026-09-04 12:35:00,146.2,3,82,33.6,0,0,0
2026-09-04 12:40:00,146.6,3,82,34.6,0,0,0
2026-09-04 12:45:00,145.1,7,80,39.2,0,0,0
2026-09-04 12:50:00,142.7,5,81,37.3,0,0,0
2026-09-04 12:55:00,144.7,12,80,34.2,0,0,0
2026-09-04 13:00:00,147.0,8,84,34.6,0,0,0
2026-09-04 13:05:00,146.2,6,81,38.2,0,0,0
2026-09-04 13:10:00,148.1,7,84,38.2,0,0,0
2026-09-04 13:15:00,150.1,12,81,38.2,0,0,0
2026-09-04 13:20:00,148.4,17,84,37.2,0,0,0
2026-09-04 13:25:00,149.2,9,83,39.7,0,54,55
2026-09-04 13:30:00,151.3,20,85,35.7,0,0,0
2026-09-04 13:35:00,155.0,9,84,35.8,0,0,0
2026-09-04 13:40:00,157.3,486,115,40.2,0,0,0
2026-09-04 13:45:00,157.7,489,116,36.9,0,0,0
2026-09-04 13:50:00,156.9,20,83,31.4,0,0,0
2026-09-04 13:55:00,159.2,10,82,33.8,0,0,0
2026-09-04 14:00:00,158.0,13,81,36.6,0,0,0
2026-09-04 14:05:00,160.7,3,83,38.2,0,0,0
2026-09-04 14:10:00,160.2,15,84,37.6,0,0,0
2026-09-04 14:15:00,161.3,10,81,37.6,0,0,0
2026-09-04 14:20:00,158.8,10,82,33.9,0,0,0
2026-09-04 14:25:00,158.5,30,85,38.2,0,0,0
2026-09-04 14:30:00,155.0,6,82,35.5,0,0,0
2026-09-04 14:35:00,154.6,6,80,37.0,0,0,0
2026-09-04 14:40:00,153.6,6,83,37.5,0,0,0
2026-09-04 14:45:00,155.8,7,82,39.3,0,0,0
2026-09-04 14:50:00,155.9,3,80,38.2,0,0,0
2026-09-04 14:55:00,158.5,10,81,36.5,0,0,0
2026-09-04 15:00:00,156.4,4,83,38.2,0,0,0
2026-09-04 15:05:00,157.4,11,81,37.2,0,0,0
2026-09-04 15:10:00,156.4,7,81,37.1,0,0,0
2026-09-04 15:15:00,157.8,6,77,37.0,0,0,0
2026-09-04 15:20:00,155.2,6,80,33.5,0,0,0
2026-09-04 15:25:00,156.7,2,81,34.3,0,0,0
2026-09-04 15:30:00,153.2,11,81,36.8,0,0,0
2026-09-04 15:35:00,152.4,7,83,38.0,0,0,0
2026-09-04 15:40:00,151.1,8,84,37.8,0,0,0
2026-09-04 15:45:00,151.6,11,80,36.4,0,0,0
2026-09-04 15:50:00,153.9,8,81,36.3,0,0,0
2026-09-04 15:55:00,152.5,13,83,35.6,0,0,0
2026-09-04 16:00:00,151.4,6,83,37.6,0,0,0
2026-09-04 16:05:00,155.5,2,79,38.6,0,0,0
2026-09-04 16:10:00,153.5,5,82,39.0,0,0,0
2026-09-04 16:15:00,150.3,8,80,37.8,0,0,0
2026-09-04 16:20:00,149.9,5,82,34.5,0,0,0
2026-09-04 16:25:00,151.0,3,81,34.5,0,0,0
2026-09-04 16:30:00,148.0,9,84,38.2,0,0,0
2026-09-04 16:35:00,147.0,6,80,36.6,0,0,0
2026-09-04 16:40:00,146.9,1,83,33.7,0,0,0
2026-09-04 16:45:00,144.6,8,81,37.2,0,0,0
2026-09-04 16:50:00,144.3,8,81,33.5,0,0,0
2026-09-04 16:55:00,147.6,13,83,36.2,0,0,0
2026-09-04 17:00:00,146.3,11,81,36.6,0,0,0
2026-09-04 17:05:00,143.7,18,83,36.8,0,0,0
2026-09-04 17:10:00,140.4,4,81,34.4,0,0,0
2026-09-04 17:15:00,143.5,13,82,37.9,0,0,0
2026-09-04 17:20:00,141.7,27,84,36.5,0,0,0
2026-09-04 17:25:00,141.1,9,86,33.4,0,0,0
2026-09-04 17:30:00,141.3,8,82,35.5,0,0,0
2026-09-04 17:35:00,141.0,7,79,37.3,0,0,0
2026-09-04 17:40:00,141.9,4,82,35.3,0,0,0
2026-09-04 17:45:00,142.0,3,80,34.5,0,0,0
2026-09-04 17:50:00,142.8,17,83,33.6,0,0,0
2026-09-04 17:55:00,145.0,11,80,37.1,0,0,0
2026-09-04 18:00:00,143.9,3,83,37.0,0,0,0
2026-09-04 18:05:00,142.3,1,83,35.1,0,26,60
2026-09-04 18:10:00,149.3,11,84,35.7,0,0,0
2026-09-04 18:15:00,152.3,11,86,39.6,0,0,0
2026-09-04 18:20:00,154.0,491,107,35.9,0,0,0
2026-09-04 18:25:00,155.5,488,112,39.7,0,0,0
2026-09-04 18:30:00,157.9,18,86,35.6,0,0,0
2026-09-04 18:35:00,158.7,14,79,36.8,0,0,0
2026-09-04 18:40:00,157.3,13,83,37.0,0,0,0
2026-09-04 18:45:00,159.1,10,83,33.9,0,0,0
2026-09-04 18:50:00,158.0,12,81,38.9,0,0,0
2026-09-04 18:55:00,158.1,6,82,31.0,0,0,0
2026-09-04 19:00:00,161.0,17,81,40.4,0,0,0
2026-09-04 19:05:00,163.9,13,79,33.6,0,0,0
2026-09-04 19:10:00,161.6,23,82,37.4,0,0,0
2026-09-04 19:15:00,164.0,13,83,39.7,0,0,0
2026-09-04 19:20:00,162.2,11,82,34.9,0,0,0
2026-09-04 19:25:00,161.0,15,83,36.2,0,0,0
2026-09-04 19:30:00,159.3,5,83,38.0,0,0,0
2026-09-04 19:35:00,156.4,6,78,37.6,0,0,0
2026-09-04 19:40:00,156.2,10,82,37.5,0,0,0
2026-09-04 19:45:00,153.5,448,107,34.3,0,0,0
2026-09-04 19:50:00,155.1,446,110,35.5,0,0,0
2026-09-04 19:55:00,154.8,446,105,35.8,0,0,0
2026-09-04 20:00:00,152.4,448,111,34.2,0,0,0
2026-09-04 20:05:00,149.0,5,80,33.5,0,0,0
2026-09-04 20:10:00,149.2,8,82,36.2,0,0,0
2026-09-04 20:15:00,151.9,4,84,41.0,0,0,0
2026-09-04 20:20:00,152.4,5,82,36.8,0,0,0
2026-09-04 20:25:00,150.9,11,81,35.1,0,0,0
2026-09-04 20:30:00,152.6,4,81,37.3,0,0,0
2026-09-04 20:35:00,150.5,3,82,38.0,0,0,0
2026-09-04 20:40:00,148.8,6,78,34.9,0,0,0
2026-09-04 20:45:00,147.4,4,78,38.9,0,0,0
2026-09-04 20:50:00,147.9,12,83,38.1,0,0,0
2026-09-04 20:55:00,147.8,3,81,36.1,0,0,0
2026-09-04 21:00:00,148.9,20,80,37.7,0,0,0
2026-09-04 21:05:00,150.8,4,81,37.2,0,0,0
2026-09-04 21:10:00,150.4,3,79,34.4,0,0,0
2026-09-04 21:15:00,150.8,8,85,33.4,0,0,0
2026-09-04 21:20:00,151.2,5,84,37.2,0,0,0
2026-09-04 21:25:00,148.7,7,78,36.6,0,0,0
2026-09-04 21:30:00,147.2,11,80,34.1,0,0,0
2026-09-04 21:35:00,147.5,6,81,38.6,0,0,0
2026-09-04 21:40:00,147.8,5,81,38.7,0,53,55
2026-09-04 21:45:00,154.2,11,86,38.8,0,0,0
2026-09-04 21:50:00,156.1,13,85,36.0,0,0,0
2026-09-04 21:55:00,158.8,413,105,41.8,0,0,0
2026-09-04 22:00:00,160.9,414,110,35.0,0,0,0
2026-09-04 22:05:00,162.1,3,82,36.7,0,0,0
2026-09-04 22:10:00,164.6,2,80,39.7,0,0,0
2026-09-04 22:15:00,163.8,7,82,39.9,0,0,0
2026-09-04 22:20:00,163.5,6,83,38.6,0,0,0
2026-09-04 22:25:00,162.1,7,79,40.6,0,0,0
2026-09-04 22:30:00,159.2,11,83,36.3,0,0,0
2026-09-04 22:35:00,157.0,7,80,38.0,0,0,0
2026-09-04 22:40:00,157.8,10,84,36.3,0,0,0
2026-09-04 22:45:00,158.5,7,81,34.5,0,0,0
2026-09-04 22:50:00,159.0,6,81,38.5,0,0,0
2026-09-04 22:55:00,161.3,3,81,34.8,0,0,0
2026-09-04 23:00:00,160.9,3,83,37.4,0,0,0
2026-09-04 23:05:00,158.8,9,80,37.6,0,0,0
2026-09-04 23:10:00,159.0,11,79,34.7,0,0,0
2026-09-04 23:15:00,156.0,10,79,40.8,0,0,0
2026-09-04 23:20:00,155.1,14,81,36.9,0,0,0
2026-09-04 23:25:00,156.7,6,84,33.6,0,0,0
2026-09-04 23:30:00,156.3,9,80,37.8,0,0,0
2026-09-04 23:35:00,155.7,12,79,38.2,0,0,0
2026-09-04 23:40:00,155.5,9,82,35.9,0,0,0
2026-09-04 23:45:00,156.0,0,70,62.3,1,0,0
2026-09-04 23:50:00,155.9,1,72,58.4,1,0,0
2026-09-04 23:55:00,156.8,1,74,57.5,1,0,0
2026-09-05 00:00:00,156.1,1,74,61.9,1,0,0
2026-09-05 00:05:00,152.5,0,75,60.2,1,0,0
2026-09-05 00:10:00,153.3,0,72,58.3,1,0,0
2026-09-05 00:15:00,152.8,1,77,63.8,1,0,0
2026-09-05 00:20:00,151.2,0,72,60.4,1,0,0
2026-09-05 00:25:00,152.2,0,71,62.8,1,0,0
2026-09-05 00:30:00,150.4,0,74,58.0,1,0,0
2026-09-05 00:35:00,149.5,0,72,59.8,1,0,0
2026-09-05 00:40:00,146.4,0,69,63.1,1,0,0
2026-09-05 00:45:00,144.7,0,74,64.4,1,0,0
2026-09-05 00:50:00,144.2,0,74,60.1,1,0,0
2026-09-05 00:55:00,144.9,1,74,63.3,1,0,0
2026-09-05 01:00:00,142.4,0,72,61.2,1,0,0
2026-09-05 01:05:00,144.6,1,72,56.3,1,0,0
2026-09-05 01:10:00,148.6,0,71,59.5,1,0,0
2026-09-05 01:15:00,151.3,0,76,57.7,1,0,0
2026-09-05 01:20:00,149.0,0,74,61.5,1,0,0
2026-09-05 01:25:00,145.8,1,72,61.2,1,0,0
2026-09-05 01:30:00,145.4,0,72,59.2,1,0,0
2026-09-05 01:35:00,142.2,0,74,60.6,1,0,0
2026-09-05 01:40:00,146.0,1,75,59.0,1,0,0
2026-09-05 01:45:00,141.7,0,73,62.0,1,0,0
2026-09-05 01:50:00,141.8,0,71,59.7,1,0,0
2026-09-05 01:55:00,141.6,0,70,62.7,1,0,0
2026-09-05 02:00:00,143.4,1,74,58.6,1,0,0
2026-09-05 02:05:00,141.2,1,71,57.9,1,0,0
2026-09-05 02:10:00,142.2,0,76,61.5,1,0,0
2026-09-05 02:15:00,144.3,0,68,57.7,1,0,0
2026-09-05 02:20:00,145.5,0,75,63.3,1,0,0
2026-09-05 02:25:00,142.8,0,78,59.6,1,0,0
2026-09-05 02:30:00,140.5,0,72,59.3,1,0,0
2026-09-05 02:35:00,141.4,0,73,60.3,1,0,0
2026-09-05 02:40:00,141.6,0,73,57.9,1,0,0
2026-09-05 02:45:00,143.3,0,72,62.5,1,0,0
2026-09-05 02:50:00,144.7,0,72,58.6,1,0,0
2026-09-05 02:55:00,145.5,0,73,59.1,1,0,0
2026-09-05 03:00:00,144.5,1,72,60.0,1,0,0
2026-09-05 03:05:00,141.9,0,73,56.5,1,0,0
2026-09-05 03:10:00,142.1,0,73,60.8,1,0,0
2026-09-05 03:15:00,146.5,0,74,61.6,1,0,0
2026-09-05 03:20:00,144.7,0,73,59.9,1,0,0
2026-09-05 03:25:00,146.1,0,75,58.7,1,0,0
2026-09-05 03:30:00,144.7,1,73,60.5,1,0,0
2026-09-05 03:35:00,144.4,0,74,60.7,1,0,0
2026-09-05 03:40:00,146.3,0,73,61.6,1,0,0
2026-09-05 03:45:00,147.1,0,72,58.2,1,0,0
2026-09-05 03:50:00,148.7,0,71,61.4,1,0,0
2026-09-05 03:55:00,145.3,1,73,59.9,1,0,0
2026-09-05 04:00:00,147.0,0,75,62.5,1,0,0
2026-09-05 04:05:00,148.0,1,73,61.7,1,0,0
2026-09-05 04:10:00,146.9,0,72,57.2,1,0,0
2026-09-05 04:15:00,146.2,1,71,57.8,1,0,0
2026-09-05 04:20:00,146.5,0,76,64.2,1,0,0
2026-09-05 04:25:00,148.1,1,74,61.0,1,0,0
2026-09-05 04:30:00,149.9,0,72,61.0,1,0,0
2026-09-05 04:35:00,151.8,0,78,56.1,1,0,0
2026-09-05 04:40:00,153.2,0,71,58.7,1,0,0
2026-09-05 04:45:00,152.2,0,72,61.6,1,0,0
2026-09-05 04:50:00,154.9,2,71,58.8,1,0,0
2026-09-05 04:55:00,154.2,0,71,60.3,1,0,0
2026-09-05 05:00:00,153.6,1,74,60.8,1,0,0
2026-09-05 05:05:00,153.5,0,73,59.2,1,0,0
2026-09-05 05:10:00,151.4,0,74,60.5,1,0,0
2026-09-05 05:15:00,152.1,1,73,59.3,1,0,0
2026-09-05 05:20:00,153.2,0,73,60.2,1,0,0
2026-09-05 05:25:00,156.3,0,72,59.4,1,0,0
2026-09-05 05:30:00,156.9,0,72,59.3,1,0,0
2026-09-05 05:35:00,155.8,0,76,60.5,1,0,0
2026-09-05 05:40:00,154.2,0,72,61.7,1,0,0
2026-09-05 05:45:00,155.8,0,73,60.8,1,0,0
2026-09-05 05:50:00,158.3,0,71,62.6,1,0,0
2026-09-05 05:55:00,158.8,0,73,59.8,1,0,0
2026-09-05 06:00:00,158.4,0,72,61.2,1,0,0
2026-09-05 06:05:00,158.7,0,72,59.8,1,0,0
2026-09-05 06:10:00,158.8,0,75,60.0,1,0,0
2026-09-05 06:15:00,157.9,0,74,59.7,1,0,0
2026-09-05 06:20:00,156.4,1,74,58.9,1,0,0
2026-09-05 06:25:00,156.4,1,73,60.3,1,0,0
2026-09-05 06:30:00,156.6,0,76,60.5,1,0,0
2026-09-05 06:35:00,157.0,1,73,66.0,1,0,0
2026-09-05 06:40:00,158.2,1,73,62.6,1,0,0
2026-09-05 06:45:00,158.2,4,81,35.2,0,0,0
2026-09-05 06:50:00,154.9,4,77,38.9,0,0,0
2026-09-05 06:55:00,155.2,11,83,37.1,0,0,0
2026-09-05 07:00:00,156.8,9,83,36.6,0,0,0
2026-09-05 07:05:00,155.7,9,83,38.0,0,0,0
2026-09-05 07:10:00,153.0,4,82,39.9,0,63,70
2026-09-05 07:15:00,158.1,23,86,34.6,0,0,0
2026-09-05 07:20:00,160.8,6,86,38.6,0,0,0
2026-09-05 07:25:00,165.3,422,107,32.5,0,0,0
2026-09-05 07:30:00,168.7,414,111,35.8,0,0,0
2026-09-05 07:35:00,170.7,7,88,37.8,0,0,0
2026-09-05 07:40:00,173.5,13,79,33.9,0,0,0
2026-09-05 07:45:00,172.6,16,85,36.3,0,0,0
2026-09-05 07:50:00,171.5,6,82,37.9,0,0,0
2026-09-05 07:55:00,170.2,7,79,41.1,0,0,0
2026-09-05 08:00:00,167.0,20,84,33.8,0,0,0
2026-09-05 08:05:00,166.7,15,81,39.0,0,0,0
2026-09-05 08:10:00,167.2,3,80,39.4,0,0,0
2026-09-05 08:15:00,166.4,6,80,41.0,0,0,0
2026-09-05 08:20:00,166.2,12,81,33.8,0,0,0
2026-09-05 08:25:00,165.7,4,86,37.0,0,0,0
2026-09-05 08:30:00,164.8,11,77,37.1,0,0,0
2026-09-05 08:35:00,164.0,6,81,38.3,0,0,0
2026-09-05 08:40:00,163.9,5,82,39.0,0,0,0
2026-09-05 08:45:00,158.6,13,82,33.1,0,0,0
2026-09-05 08:50:00,160.0,14,84,39.9,0,0,0
2026-09-05 08:55:00,155.5,10,84,35.9,0,0,0
2026-09-05 09:00:00,156.3,4,80,38.2,0,0,0
2026-09-05 09:05:00,153.9,8,83,35.1,0,0,0
2026-09-05 09:10:00,150.8,12,83,38.0,0,0,0
2026-09-05 09:15:00,151.6,5,82,36.8,0,0,0
2026-09-05 09:20:00,154.7,6,83,34.9,0,0,0
2026-09-05 09:25:00,152.5,6,81,34.4,0,0,0
2026-09-05 09:30:00,152.7,4,81,35.9,0,0,0
2026-09-05 09:35:00,149.1,11,83,38.1,0,0,0
2026-09-05 09:40:00,146.8,7,80,38.3,0,0,0
2026-09-05 09:45:00,146.4,9,82,39.5,0,0,0
2026-09-05 09:50:00,143.5,7,80,36.7,0,0,0
2026-09-05 09:55:00,147.1,4,84,34.8,0,0,0
2026-09-05 10:00:00,145.8,2,79,32.8,0,0,0
2026-09-05 10:05:00,144.4,6,82,38.8,0,0,0
2026-09-05 10:10:00,144.4,9,78,36.0,0,0,0
2026-09-05 10:15:00,146.9,6,77,38.9,0,0,0
2026-09-05 10:20:00,145.8,7,81,35.7,0,0,0
2026-09-05 10:25:00,144.3,8,83,35.2,0,0,0
2026-09-05 10:30:00,142.8,8,81,35.5,0,0,0
2026-09-05 10:35:00,144.2,3,82,40.8,0,0,0
2026-09-05 10:40:00,145.6,9,83,39.1,0,0,0
2026-09-05 10:45:00,146.0,15,82,37.6,0,0,0
2026-09-05 10:50:00,142.0,6,80,35.3,0,0,0
2026-09-05 10:55:00,143.7,17,82,35.9,0,0,0
2026-09-05 11:00:00,146.9,10,83,34.7,0,0,0
2026-09-05 11:05:00,145.0,9,82,33.1,0,0,0
2026-09-05 11:10:00,143.6,6,79,37.6,0,0,0
2026-09-05 11:15:00,142.2,5,82,34.5,0,0,0
2026-09-05 11:20:00,142.8,8,80,38.3,0,0,0
2026-09-05 11:25:00,144.1,4,80,38.9,0,0,0
2026-09-05 11:30:00,142.1,3,82,36.2,0,0,0
2026-09-05 11:35:00,141.7,5,77,35.4,0,0,0
2026-09-05 11:40:00,136.2,4,81,37.5,0,0,0
2026-09-05 11:45:00,138.3,2,78,35.2,0,0,0
2026-09-05 11:50:00,141.3,5,81,36.8,0,0,0
2026-09-05 11:55:00,141.9,11,82,39.2,0,0,0
2026-09-05 12:00:00,141.4,8,80,37.6,0,0,0
2026-09-05 12:05:00,140.6,11,80,38.3,0,0,0
2026-09-05 12:10:00,139.1,6,87,33.5,0,0,0
2026-09-05 12:15:00,139.7,1,82,36.0,0,0,0
2026-09-05 12:20:00,139.6,11,82,37.5,0,0,0
2026-09-05 12:25:00,139.9,7,81,36.7,0,0,0
2026-09-05 12:30:00,140.7,7,82,40.3,0,0,0
2026-09-05 12:35:00,141.1,6,79,34.9,0,0,0
2026-09-05 12:40:00,143.2,4,81,38.3,0,0,0
2026-09-05 12:45:00,142.4,7,82,37.1,0,0,0
2026-09-05 12:50:00,144.5,11,79,36.6,0,0,0
2026-09-05 12:55:00,143.5,5,84,34.1,0,0,0
2026-09-05 13:00:00,145.2,8,85,37.3,0,0,0
2026-09-05 13:05:00,146.0,11,86,38.7,0,76,75
2026-09-05 13:10:00,150.9,20,88,37.1,0,0,0
2026-09-05 13:15:00,158.9,7,82,35.5,0,0,0
2026-09-05 13:20:00,164.2,441,114,37.5,0,0,0
2026-09-05 13:25:00,170.6,439,107,37.6,0,0,0
2026-09-05 13:30:00,171.8,7,82,34.6,0,0,0
2026-09-05 13:35:00,177.5,11,80,40.9,0,0,0
2026-09-05 13:40:00,176.7,10,83,36.1,0,0,0
2026-09-05 13:45:00,176.5,14,81,34.8,0,0,0
2026-09-05 13:50:00,175.8,8,81,36.1,0,0,0
2026-09-05 13:55:00,173.5,9,82,37.9,0,0,0
2026-09-05 14:00:00,175.9,7,81,37.0,0,0,0
2026-09-05 14:05:00,174.0,9,82,38.8,0,0,0
2026-09-05 14:10:00,171.3,5,79,38.6,0,0,0
2026-09-05 14:15:00,171.8,13,82,38.0,0,0,0
2026-09-05 14:20:00,171.6,4,81,38.5,0,0,0
2026-09-05 14:25:00,170.7,9,81,38.1,0,0,0
2026-09-05 14:30:00,168.0,10,81,38.0,0,0,0
2026-09-05 14:35:00,162.0,10,85,36.5,0,0,0
2026-09-05 14:40:00,160.5,5,83,34.4,0,0,0
2026-09-05 14:45:00,159.9,6,81,39.7,0,0,0
2026-09-05 14:50:00,161.9,7,79,37.5,0,0,0
2026-09-05 14:55:00,162.9,12,83,32.7,0,0,0
2026-09-05 15:00:00,162.3,4,80,34.6,0,0,0
2026-09-05 15:05:00,161.8,5,83,37.4,0,0,0
2026-09-05 15:10:00,158.9,5,81,39.7,0,0,0
2026-09-05 15:15:00,156.1,8,80,40.7,0,0,0
2026-09-05 15:20:00,160.3,6,83,36.7,0,0,0
2026-09-05 15:25:00,159.5,6,81,37.7,0,0,0
2026-09-05 15:30:00,159.3,8,85,38.1,0,0,0
2026-09-05 15:35:00,160.8,25,81,36.3,0,0,0
2026-09-05 15:40:00,159.0,8,82,38.3,0,0,0
2026-09-05 15:45:00,158.2,5,81,37.8,0,0,0
2026-09-05 15:50:00,155.9,7,82,38.2,0,0,0
2026-09-05 15:55:00,153.6,11,81,35.3,0,0,0
2026-09-05 16:00:00,155.0,5,80,37.5,0,0,0
2026-09-05 16:05:00,155.2,10,83,37.4,0,0,0
2026-09-05 16:10:00,152.4,3,81,37.2,0,0,0
2026-09-05 16:15:00,155.2,14,83,40.8,0,0,0
2026-09-05 16:20:00,153.7,10,81,35.5,0,0,0
2026-09-05 16:25:00,149.5,8,80,33.9,0,0,0
2026-09-05 16:30:00,146.8,9,82,35.6,0,0,0
2026-09-05 16:35:00,149.7,12,84,34.2,0,0,0
2026-09-05 16:40:00,147.1,8,83,38.6,0,0,0
2026-09-05 16:45:00,147.7,4,81,34.1,0,0,0
2026-09-05 16:50:00,146.0,8,81,39.4,0,0,0
2026-09-05 16:55:00,146.3,4,81,38.4,0,0,0
2026-09-05 17:00:00,145.8,8,83,36.2,0,30,60
2026-09-05 17:05:00,151.9,6,87,35.3,0,0,0
2026-09-05 17:10:00,152.6,6,85,35.8,0,0,0
2026-09-05 17:15:00,152.8,6,89,37.0,0,0,0
2026-09-05 17:20:00,155.3,400,109,40.5,0,0,0
2026-09-05 17:25:00,155.9,400,108,33.3,0,0,0
2026-09-05 17:30:00,157.7,411,104,35.9,0,0,0
2026-09-05 17:35:00,156.7,6,84,39.0,0,0,0
2026-09-05 17:40:00,157.9,7,83,37.0,0,0,0
2026-09-05 17:45:00,158.6,3,84,37.8,0,0,0
2026-09-05 17:50:00,158.7,5,83,35.8,0,0,0
2026-09-05 17:55:00,155.3,9,81,38.0,0,0,0
2026-09-05 18:00:00,153.9,8,81,38.3,0,0,0
2026-09-05 18:05:00,157.6,16,79,38.5,0,0,0
2026-09-05 18:10:00,154.9,13,82,32.9,0,0,0
2026-09-05 18:15:00,153.4,8,82,38.9,0,0,0
2026-09-05 18:20:00,149.4,5,82,38.5,0,0,0
2026-09-05 18:25:00,150.0,9,82,38.6,0,0,0
2026-09-05 18:30:00,149.4,3,83,35.6,0,0,0
2026-09-05 18:35:00,150.6,7,82,35.8,0,0,0
2026-09-05 18:40:00,152.0,2,82,36.7,0,0,0
2026-09-05 18:45:00,148.8,34,81,40.4,0,0,0
2026-09-05 18:50:00,146.2,14,83,41.9,0,0,0
2026-09-05 18:55:00,145.1,2,80,39.2,0,0,0
2026-09-05 19:00:00,145.2,9,78,33.8,0,0,0
2026-09-05 19:05:00,145.1,12,80,36.7,0,0,0
2026-09-05 19:10:00,146.2,11,79,34.5,0,0,0
2026-09-05 19:15:00,146.7,11,82,39.3,0,0,0
2026-09-05 19:20:00,148.5,7,78,36.9,0,0,0
2026-09-05 19:25:00,149.1,17,83,34.5,0,0,0
2026-09-05 19:30:00,146.8,5,81,34.5,0,0,0
2026-09-05 19:35:00,145.8,5,84,37.7,0,0,0
2026-09-05 19:40:00,145.2,6,81,37.7,0,0,0
2026-09-05 19:45:00,143.2,7,79,37.9,0,0,0
2026-09-05 19:50:00,144.0,7,82,37.7,0,0,0
2026-09-05 19:55:00,146.3,15,84,38.3,0,0,0
2026-09-05 20:00:00,144.0,12,84,36.2,0,0,0
2026-09-05 20:05:00,141.5,5,82,35.7,0,0,0
2026-09-05 20:10:00,142.3,7,79,36.2,0,0,0
2026-09-05 20:15:00,141.8,16,84,38.9,0,0,0
2026-09-05 20:20:00,145.1,9,83,34.1,0,0,0
2026-09-05 20:25:00,146.3,2,80,35.6,0,0,0
2026-09-05 20:30:00,147.8,10,80,40.1,0,0,0
2026-09-05 20:35:00,145.4,3,78,36.7,0,0,0
2026-09-05 20:40:00,143.4,11,78,38.3,0,0,0
2026-09-05 20:45:00,142.5,6,84,37.7,0,0,0
2026-09-05 20:50:00,142.1,7,85,36.9,0,56,55
2026-09-05 20:55:00,148.2,9,81,39.5,0,0,0
2026-09-05 21:00:00,156.6,10,83,36.0,0,0,0
2026-09-05 21:05:00,158.2,479,114,39.8,0,0,0
2026-09-05 21:10:00,159.2,466,110,36.4,0,0,0
2026-09-05 21:15:00,158.2,7,88,35.1,0,0,0
2026-09-05 21:20:00,157.2,15,82,37.4,0,0,0
2026-09-05 21:25:00,154.7,7,82,37.6,0,0,0
2026-09-05 21:30:00,156.6,5,83,35.6,0,0,0
2026-09-05 21:35:00,159.3,14,82,38.6,0,0,0
2026-09-05 21:40:00,161.0,7,81,35.7,0,0,0
2026-09-05 21:45:00,158.2,13,83,37.3,0,0,0
2026-09-05 21:50:00,152.7,18,83,35.6,0,0,0
2026-09-05 21:55:00,154.1,12,83,36.6,0,0,0
2026-09-05 22:00:00,152.4,8,82,42.5,0,0,0
2026-09-05 22:05:00,155.4,6,80,36.1,0,0,0
2026-09-05 22:10:00,156.5,4,86,37.8,0,0,0
2026-09-05 22:15:00,155.1,8,82,35.6,0,0,0
2026-09-05 22:20:00,154.1,4,81,36.1,0,0,0
2026-09-05 22:25:00,154.5,8,79,38.4,0,0,0
2026-09-05 22:30:00,156.9,5,83,37.9,0,0,0
2026-09-05 22:35:00,158.0,6,81,39.0,0,0,0
2026-09-05 22:40:00,158.6,14,83,35.1,0,0,0
2026-09-05 22:45:00,160.3,3,83,37.0,0,0,0
2026-09-05 22:50:00,156.0,5,84,29.8,0,0,0
2026-09-05 22:55:00,157.9,3,81,37.0,0,0,0
2026-09-05 23:00:00,156.9,9,82,36.9,0,0,0
2026-09-05 23:05:00,156.5,9,82,36.8,0,0,0
2026-09-05 23:10:00,151.9,8,79,39.2,0,0,0
2026-09-05 23:15:00,148.7,4,82,38.6,0,0,0
2026-09-05 23:20:00,145.9,5,83,36.0,0,0,0
2026-09-05 23:25:00,145.7,10,79,37.4,0,0,0
2026-09-05 23:30:00,146.1,10,83,38.8,0,0,0
2026-09-05 23:35:00,150.0,6,80,37.9,0,0,0
2026-09-05 23:40:00,149.3,3,82,41.2,0,0,0
2026-09-05 23:45:00,150.2,10,80,39.4,0,0,0
2026-09-05 23:50:00,145.7,3,80,39.8,0,0,0
2026-09-05 23:55:00,146.0,7,81,39.1,0,0,0
2026-09-06 00:00:00,145.5,0,72,60.9,1,0,0
2026-09-06 00:05:00,145.5,0,75,59.2,1,0,0
2026-09-06 00:10:00,145.8,0,72,60.9,1,0,0
2026-09-06 00:15:00,145.3,1,73,61.0,1,0,0
2026-09-06 00:20:00,142.0,0,72,57.8,1,0,0
2026-09-06 00:25:00,143.6,0,76,61.3,1,0,0
2026-09-06 00:30:00,146.1,0,71,56.4,1,0,0
2026-09-06 00:35:00,144.3,1,70,64.0,1,0,0
2026-09-06 00:40:00,142.9,0,73,56.7,1,0,0
2026-09-06 00:45:00,146.6,0,75,61.2,1,0,0
2026-09-06 00:50:00,145.9,1,73,60.7,1,0,0
2026-09-06 00:55:00,148.6,0,75,59.0,1,0,0
2026-09-06 01:00:00,144.6,0,75,59.1,1,0,0
2026-09-06 01:05:00,143.1,0,70,60.2,1,0,0
2026-09-06 01:10:00,143.7,0,76,59.7,1,0,0
2026-09-06 01:15:00,148.7,0,75,56.7,1,0,0
2026-09-06 01:20:00,146.9,1,75,62.7,1,0,0
2026-09-06 01:25:00,144.7,0,73,57.0,1,0,0
2026-09-06 01:30:00,143.4,0,74,55.9,1,0,0
2026-09-06 01:35:00,140.5,1,76,59.3,1,0,0
2026-09-06 01:40:00,140.2,1,72,59.7,1,0,0
2026-09-06 01:45:00,141.8,1,72,60.7,1,0,0
2026-09-06 01:50:00,146.7,1,74,61.2,1,0,0
2026-09-06 01:55:00,146.3,1,73,57.7,1,0,0
2026-09-06 02:00:00,145.5,0,74,61.3,1,0,0
2026-09-06 02:05:00,149.1,0,73,63.4,1,0,0
2026-09-06 02:10:00,145.4,0,74,58.8,1,0,0
2026-09-06 02:15:00,145.7,0,76,58.2,1,0,0
2026-09-06 02:20:00,145.0,2,74,63.0,1,0,0
2026-09-06 02:25:00,145.5,1,71,56.1,1,0,0
2026-09-06 02:30:00,144.1,0,70,58.8,1,0,0
2026-09-06 02:35:00,146.7,1,73,60.7,1,0,0
2026-09-06 02:40:00,148.0,0,75,60.8,1,0,0
2026-09-06 02:45:00,149.7,1,74,58.6,1,0,0
2026-09-06 02:50:00,150.2,0,74,57.6,1,0,0
2026-09-06 02:55:00,149.6,1,69,60.3,1,0,0
2026-09-06 03:00:00,148.6,1,78,60.5,1,0,0
2026-09-06 03:05:00,149.9,0,72,58.3,1,0,0
2026-09-06 03:10:00,150.8,0,75,60.9,1,0,0
2026-09-06 03:15:00,150.8,0,71,60.8,1,0,0
2026-09-06 03:20:00,151.2,1,75,61.1,1,0,0
2026-09-06 03:25:00,148.3,0,73,58.3,1,0,0
2026-09-06 03:30:00,147.5,1,73,56.4,1,0,0
2026-09-06 03:35:00,145.6,0,73,60.7,1,0,0
2026-09-06 03:40:00,145.9,0,76,59.1,1,0,0
2026-09-06 03:45:00,147.4,0,74,60.8,1,0,0
2026-09-06 03:50:00,149.4,0,74,60.6,1,0,0
2026-09-06 03:55:00,149.4,0,70,57.1,1,0,0
2026-09-06 04:00:00,149.4,0,74,65.7,1,0,0
2026-09-06 04:05:00,149.5,1,73,62.5,1,0,0
2026-09-06 04:10:00,149.9,0,76,57.7,1,0,0
2026-09-06 04:15:00,149.5,0,74,61.3,1,0,0
2026-09-06 04:20:00,147.8,0,75,58.5,1,0,0
2026-09-06 04:25:00,149.4,0,73,58.6,1,0,0
2026-09-06 04:30:00,150.2,0,73,62.5,1,0,0
2026-09-06 04:35:00,152.3,1,73,62.5,1,0,0
2026-09-06 04:40:00,155.4,0,71,60.9,1,0,0
2026-09-06 04:45:00,157.6,0,70,61.2,1,0,0
2026-09-06 04:50:00,156.2,0,77,64.7,1,0,0
2026-09-06 04:55:00,154.5,0,68,58.9,1,0,0
2026-09-06 05:00:00,150.4,1,74,61.5,1,0,0
2026-09-06 05:05:00,150.5,0,70,62.9,1,0,0
2026-09-06 05:10:00,149.6,1,71,58.7,1,0,0
2026-09-06 05:15:00,146.1,0,70,58.1,1,0,0
2026-09-06 05:20:00,146.7,1,74,63.8,1,0,0
2026-09-06 05:25:00,148.4,0,71,54.9,1,0,0
2026-09-06 05:30:00,151.5,0,74,57.6,1,0,0
2026-09-06 05:35:00,154.6,0,75,62.7,1,0,0
2026-09-06 05:40:00,149.4,0,72,62.7,1,0,0
2026-09-06 05:45:00,151.9,1,75,57.5,1,0,0
2026-09-06 05:50:00,148.9,0,70,59.8,1,0,0
2026-09-06 05:55:00,148.5,0,74,59.3,1,0,0
2026-09-06 06:00:00,150.2,1,71,58.8,1,0,0
2026-09-06 06:05:00,148.7,0,72,61.6,1,0,0
2026-09-06 06:10:00,148.8,8,80,38.3,0,0,0
2026-09-06 06:15:00,145.1,12,80,41.0,0,0,0
2026-09-06 06:20:00,147.3,7,84,37.6,0,0,0
2026-09-06 06:25:00,145.9,13,83,38.0,0,0,0
2026-09-06 06:30:00,147.9,9,82,37.2,0,0,0
2026-09-06 06:35:00,150.2,4,82,31.0,0,0,0
2026-09-06 06:40:00,147.1,13,84,36.6,0,0,0
2026-09-06 06:45:00,146.8,4,85,35.5,0,0,0
2026-09-06 06:50:00,149.7,13,79,40.4,0,0,0
2026-09-06 06:55:00,149.4,3,83,37.1,0,0,0
2026-09-06 07:00:00,143.2,15,82,35.7,0,0,0
2026-09-06 07:05:00,142.7,5,83,35.7,0,0,0
2026-09-06 07:10:00,140.4,7,80,37.2,0,0,0
2026-09-06 07:15:00,139.5,5,79,39.4,0,0,0
2026-09-06 07:20:00,138.2,12,79,39.3,0,0,0
2026-09-06 07:25:00,141.2,4,83,35.3,0,0,0
2026-09-06 07:30:00,140.4,5,84,38.5,0,0,0
2026-09-06 07:35:00,142.8,4,80,38.2,0,0,0
2026-09-06 07:40:00,145.2,12,84,39.0,0,56,70
2026-09-06 07:45:00,154.8,15,85,38.8,0,0,0
2026-09-06 07:50:00,157.6,8,82,37.2,0,0,0
2026-09-06 07:55:00,158.8,446,111,35.9,0,0,0
2026-09-06 08:00:00,160.1,448,115,39.3,0,0,0
2026-09-06 08:05:00,160.7,5,83,36.3,0,0,0
2026-09-06 08:10:00,161.2,8,81,34.2,0,0,0
2026-09-06 08:15:00,162.9,11,80,36.9,0,0,0
2026-09-06 08:20:00,167.6,20,80,36.1,0,0,0
2026-09-06 08:25:00,168.7,24,80,36.9,0,0,0
2026-09-06 08:30:00,168.4,6,81,38.3,0,0,0
2026-09-06 08:35:00,168.1,4,82,38.9,0,0,0
2026-09-06 08:40:00,168.6,9,80,36.4,0,0,0
2026-09-06 08:45:00,163.7,16,81,39.5,0,0,0
2026-09-06 08:50:00,162.6,12,83,35.5,0,0,0
2026-09-06 08:55:00,158.8,6,79,36.6,0,0,0
2026-09-06 09:00:00,156.9,3,80,34.3,0,0,0
2026-09-06 09:05:00,158.1,6,80,38.0,0,0,0
2026-09-06 09:10:00,159.8,7,78,36.7,0,0,0
2026-09-06 09:15:00,160.1,7,81,38.7,0,0,0
2026-09-06 09:20:00,159.5,3,85,35.8,0,0,0
2026-09-06 09:25:00,158.4,5,80,36.5,0,0,0
2026-09-06 09:30:00,161.8,7,82,33.5,0,0,0
2026-09-06 09:35:00,161.0,8,81,38.9,0,0,0
2026-09-06 09:40:00,160.1,5,79,39.3,0,0,0
2026-09-06 09:45:00,160.7,12,80,35.3,0,0,0
2026-09-06 09:50:00,157.1,4,82,34.5,0,0,0
2026-09-06 09:55:00,159.0,6,80,34.8,0,0,0
2026-09-06 10:00:00,159.3,10,79,35.3,0,0,0
2026-09-06 10:05:00,159.3,18,82,35.5,0,0,0
2026-09-06 10:10:00,158.6,6,83,37.3,0,0,0
2026-09-06 10:15:00,154.7,9,80,38.3,0,0,0
2026-09-06 10:20:00,152.8,9,81,39.8,0,0,0
2026-09-06 10:25:00,152.5,12,83,33.0,0,0,0
2026-09-06 10:30:00,150.4,5,82,36.5,0,0,0
2026-09-06 10:35:00,152.9,6,79,36.8,0,0,0
2026-09-06 10:40:00,155.2,13,82,38.2,0,0,0
2026-09-06 10:45:00,154.9,10,81,36.4,0,0,0
2026-09-06 10:50:00,153.9,4,78,36.3,0,0,0
2026-09-06 10:55:00,154.6,8,82,36.7,0,0,0
2026-09-06 11:00:00,153.8,9,84,35.8,0,0,0
2026-09-06 11:05:00,150.4,7,80,35.1,0,0,0
2026-09-06 11:10:00,152.8,18,79,36.3,0,0,0
2026-09-06 11:15:00,153.8,11,79,36.5,0,0,0
2026-09-06 11:20:00,153.5,6,80,38.0,0,0,0
2026-09-06 11:25:00,154.8,5,78,36.7,0,0,0
2026-09-06 11:30:00,153.3,6,81,39.3,0,0,0
2026-09-06 11:35:00,151.3,8,83,34.7,0,0,0
2026-09-06 11:40:00,151.7,15,80,37.8,0,0,0
2026-09-06 11:45:00,153.6,2,79,38.8,0,0,0
2026-09-06 11:50:00,152.8,14,83,34.6,0,0,0
2026-09-06 11:55:00,152.2,5,82,34.8,0,0,0
2026-09-06 12:00:00,154.9,10,81,41.7,0,0,0
2026-09-06 12:05:00,156.9,5,79,37.1,0,0,0
2026-09-06 12:10:00,154.4,9,85,36.0,0,0,0
2026-09-06 12:15:00,153.8,12,83,37.4,0,0,0
2026-09-06 12:20:00,155.5,6,81,35.5,0,0,0
2026-09-06 12:25:00,154.8,3,79,37.8,0,0,0
2026-09-06 12:30:00,154.3,3,81,37.7,0,0,0
2026-09-06 12:35:00,154.9,10,82,39.7,0,0,0
2026-09-06 12:40:00,155.1,31,83,38.1,0,0,0
2026-09-06 12:45:00,154.9,7,80,41.4,0,0,0
2026-09-06 12:50:00,151.6,10,79,39.0,0,0,0
2026-09-06 12:55:00,149.9,8,80,35.9,0,0,0
2026-09-06 13:00:00,153.0,10,81,34.6,0,0,0
2026-09-06 13:05:00,154.5,4,85,38.1,0,91,70
2026-09-06 13:10:00,159.8,7,84,35.0,0,0,0
2026-09-06 13:15:00,166.2,5,86,40.7,0,0,0
2026-09-06 13:20:00,168.3,410,110,32.1,0,0,0
2026-09-06 13:25:00,172.0,408,107,40.8,0,0,0
2026-09-06 13:30:00,174.3,22,85,35.3,0,0,0
2026-09-06 13:35:00,178.4,10,79,35.3,0,0,0
2026-09-06 13:40:00,179.9,1,83,35.5,0,0,0
2026-09-06 13:45:00,178.3,12,80,37.8,0,0,0
2026-09-06 13:50:00,176.5,9,80,36.7,0,0,0
2026-09-06 13:55:00,175.9,8,80,37.4,0,0,0
2026-09-06 14:00:00,174.1,11,81,34.4,0,0,0
2026-09-06 14:05:00,170.5,5,80,35.9,0,0,0
2026-09-06 14:10:00,170.3,2,77,37.1,0,0,0
2026-09-06 14:15:00,170.0,1,79,37.5,0,0,0
2026-09-06 14:20:00,165.4,8,79,39.9,0,0,0
2026-09-06 14:25:00,165.8,8,77,38.0,0,0,0
2026-09-06 14:30:00,164.0,6,80,37.7,0,0,0
2026-09-06 14:35:00,163.0,16,81,37.9,0,0,0
2026-09-06 14:40:00,163.1,3,79,42.1,0,0,0
2026-09-06 14:45:00,160.9,2,83,36.9,0,0,0
2026-09-06 14:50:00,161.7,9,84,36.5,0,0,0
2026-09-06 14:55:00,164.8,4,81,33.4,0,0,0
2026-09-06 15:00:00,164.4,0,80,36.3,0,0,0
2026-09-06 15:05:00,164.3,433,111,41.7,0,0,0
2026-09-06 15:10:00,165.1,426,108,37.6,0,0,0
2026-09-06 15:15:00,166.2,427,110,36.2,0,0,0
2026-09-06 15:20:00,166.8,29,84,40.2,0,0,0
2026-09-06 15:25:00,163.6,3,81,36.4,0,0,0
2026-09-06 15:30:00,160.5,4,81,35.1,0,0,0
2026-09-06 15:35:00,159.1,5,81,36.8,0,0,0
2026-09-06 15:40:00,156.0,5,82,37.1,0,0,0
2026-09-06 15:45:00,153.5,4,82,34.9,0,0,0
2026-09-06 15:50:00,150.7,4,80,39.3,0,0,0
2026-09-06 15:55:00,150.5,2,78,40.4,0,0,0
2026-09-06 16:00:00,150.7,7,81,34.2,0,0,0
2026-09-06 16:05:00,150.4,3,75,36.7,0,0,0
2026-09-06 16:10:00,149.0,3,84,34.7,0,0,0
2026-09-06 16:15:00,149.1,5,81,36.9,0,0,0
2026-09-06 16:20:00,149.9,16,79,39.7,0,0,0
2026-09-06 16:25:00,148.3,5,79,34.9,0,0,0
2026-09-06 16:30:00,150.2,10,82,36.0,0,0,0
2026-09-06 16:35:00,151.4,17,83,34.6,0,0,0
2026-09-06 16:40:00,151.5,3,83,36.6,0,0,0
2026-09-06 16:45:00,149.9,13,82,35.1,0,0,0
2026-09-06 16:50:00,151.0,7,78,35.9,0,0,0
2026-09-06 16:55:00,147.9,6,83,36.1,0,0,0
2026-09-06 17:00:00,150.9,9,84,36.2,0,0,0
2026-09-06 17:05:00,150.6,9,83,36.6,0,0,0
2026-09-06 17:10:00,151.2,5,85,37.5,0,0,0
2026-09-06 17:15:00,146.9,19,77,37.3,0,0,0
2026-09-06 17:20:00,142.3,5,75,37.6,0,0,0
2026-09-06 17:25:00,145.0,6,82,40.4,0,0,0
2026-09-06 17:30:00,145.9,3,80,35.3,0,0,0
2026-09-06 17:35:00,146.9,7,81,37.9,0,0,0
2026-09-06 17:40:00,146.0,9,82,35.2,0,0,0
2026-09-06 17:45:00,149.2,14,79,35.2,0,0,0
2026-09-06 17:50:00,150.3,8,82,39.3,0,0,0
2026-09-06 17:55:00,148.9,12,80,34.2,0,0,0
2026-09-06 18:00:00,148.9,12,85,36.8,0,0,0
2026-09-06 18:05:00,147.7,10,81,35.9,0,0,0
2026-09-06 18:10:00,146.3,8,83,34.9,0,0,0
2026-09-06 18:15:00,148.8,12,81,36.2,0,0,0
2026-09-06 18:20:00,145.4,5,79,33.8,0,0,0
2026-09-06 18:25:00,146.0,3,80,33.0,0,0,0
2026-09-06 18:30:00,147.0,4,79,36.0,0,0,0
2026-09-06 18:35:00,148.9,10,82,38.1,0,0,0
2026-09-06 18:40:00,147.9,13,83,34.5,0,0,0
2026-09-06 18:45:00,148.5,6,84,37.3,0,0,0
2026-09-06 18:50:00,147.8,7,79,39.7,0,0,0
2026-09-06 18:55:00,148.9,8,81,38.2,0,0,0
2026-09-06 19:00:00,147.7,12,84,37.1,0,0,0
2026-09-06 19:05:00,148.3,20,82,37.3,0,0,0
2026-09-06 19:10:00,150.1,11,85,32.7,0,0,0
2026-09-06 19:15:00,146.3,9,81,39.6,0,0,0
2026-09-06 19:20:00,148.1,3,86,33.5,0,0,0
2026-09-06 19:25:00,146.9,5,81,38.9,0,0,0
2026-09-06 19:30:00,147.3,8,81,36.6,0,0,0
2026-09-06 19:35:00,151.1,19,81,37.0,0,0,0
2026-09-06 19:40:00,151.0,8,80,38.2,0,0,0
2026-09-06 19:45:00,150.5,13,79,33.5,0,0,0
2026-09-06 19:50:00,149.0,6,77,41.3,0,0,0
2026-09-06 19:55:00,147.1,6,83,38.5,0,0,0
2026-09-06 20:00:00,143.4,5,81,36.0,0,0,0
2026-09-06 20:05:00,142.9,6,85,36.6,0,0,0
2026-09-06 20:10:00,143.3,6,83,36.8,0,0,0
2026-09-06 20:15:00,143.6,16,84,34.1,0,0,0
2026-09-06 20:20:00,142.2,1,83,40.1,0,0,0
2026-09-06 20:25:00,138.1,4,81,34.0,0,0,0
2026-09-06 20:30:00,136.5,12,81,36.1,0,0,0
2026-09-06 20:35:00,134.0,4,80,36.6,0,0,0
2026-09-06 20:40:00,137.8,9,84,37.6,0,50,68
2026-09-06 20:45:00,145.4,8,92,35.5,0,0,0
2026-09-06 20:50:00,151.7,6,82,38.4,0,0,0
2026-09-06 20:55:00,156.9,10,84,38.0,0,0,0
2026-09-06 21:00:00,160.1,7,84,33.6,0,0,0
2026-09-06 21:05:00,160.8,17,84,35.6,0,0,0
2026-09-06 21:10:00,158.1,13,78,35.7,0,0,0
2026-09-06 21:15:00,156.5,4,84,37.4,0,0,0
2026-09-06 21:20:00,157.4,9,81,37.1,0,0,0
2026-09-06 21:25:00,154.4,14,79,31.9,0,0,0
2026-09-06 21:30:00,153.6,7,82,34.9,0,0,0
2026-09-06 21:35:00,154.8,8,83,38.0,0,0,0
2026-09-06 21:40:00,156.9,9,82,37.3,0,0,0
2026-09-06 21:45:00,156.1,16,83,32.6,0,0,0
2026-09-06 21:50:00,158.4,11,84,41.9,0,0,0
2026-09-06 21:55:00,157.8,12,83,36.4,0,0,0
2026-09-06 22:00:00,158.4,10,80,34.3,0,0,0
2026-09-06 22:05:00,155.7,16,82,32.3,0,0,0
2026-09-06 22:10:00,157.5,0,72,64.7,1,0,0
2026-09-06 22:15:00,157.2,1,72,61.6,1,0,0
2026-09-06 22:20:00,160.1,0,76,56.1,1,0,0
2026-09-06 22:25:00,159.9,0,71,58.3,1,0,0
2026-09-06 22:30:00,159.8,0,71,59.2,1,0,0
2026-09-06 22:35:00,159.7,2,74,59.2,1,0,0
2026-09-06 22:40:00,159.8,0,71,58.3,1,0,0
2026-09-06 22:45:00,160.3,2,71,61.9,1,0,0
2026-09-06 22:50:00,161.1,0,75,59.7,1,0,0
2026-09-06 22:55:00,155.8,1,72,59.1,1,0,0
2026-09-06 23:00:00,153.9,0,76,61.2,1,0,0
2026-09-06 23:05:00,156.4,1,74,59.2,1,0,0
2026-09-06 23:10:00,154.7,1,72,60.8,1,0,0
2026-09-06 23:15:00,156.2,1,71,60.3,1,0,0
2026-09-06 23:20:00,152.3,3,71,56.1,1,0,0
2026-09-06 23:25:00,152.7,0,74,57.5,1,0,0
2026-09-06 23:30:00,153.8,0,74,58.4,1,0,0
2026-09-06 23:35:00,154.0,1,75,60.1,1,0,0
2026-09-06 23:40:00,149.8,1,73,60.2,1,0,0
2026-09-06 23:45:00,149.7,0,74,59.7,1,0,0
2026-09-06 23:50:00,149.5,0,74,60.4,1,0,0
2026-09-06 23:55:00,151.6,1,74,56.3,1,0,0
2026-09-07 00:00:00,153.6,1,73,57.0,1,0,0
2026-09-07 00:05:00,156.1,1,72,57.5,1,0,0
2026-09-07 00:10:00,158.6,1,75,59.9,1,0,0
2026-09-07 00:15:00,156.1,0,74,59.2,1,0,0
2026-09-07 00:20:00,153.0,1,69,58.1,1,0,0
2026-09-07 00:25:00,154.9,0,71,58.9,1,0,0
2026-09-07 00:30:00,152.6,0,72,59.6,1,0,0
2026-09-07 00:35:00,153.4,0,72,57.2,1,0,0
2026-09-07 00:40:00,153.9,1,73,58.4,1,0,0
2026-09-07 00:45:00,154.7,0,71,57.8,1,0,0
2026-09-07 00:50:00,155.0,0,75,57.6,1,0,0
2026-09-07 00:55:00,153.0,0,69,57.9,1,0,0
2026-09-07 01:00:00,153.8,0,71,57.7,1,0,0
2026-09-07 01:05:00,156.3,0,72,61.3,1,0,0
2026-09-07 01:10:00,156.3,0,73,57.1,1,0,0
2026-09-07 01:15:00,150.7,0,73,59.1,1,0,0
2026-09-07 01:20:00,150.1,0,77,62.4,1,0,0
2026-09-07 01:25:00,153.3,0,74,61.5,1,0,0
2026-09-07 01:30:00,155.6,0,71,58.3,1,0,0
2026-09-07 01:35:00,154.1,0,72,61.4,1,0,0
2026-09-07 01:40:00,152.1,0,74,57.8,1,0,0
2026-09-07 01:45:00,150.4,1,76,59.6,1,0,0
2026-09-07 01:50:00,153.7,1,75,55.4,1,0,0
2026-09-07 01:55:00,151.7,2,70,56.6,1,0,0
2026-09-07 02:00:00,148.9,1,76,58.1,1,0,0
2026-09-07 02:05:00,151.0,2,71,58.8,1,0,0
2026-09-07 02:10:00,149.5,0,74,61.8,1,0,0
2026-09-07 02:15:00,149.1,1,75,57.7,1,0,0
2026-09-07 02:20:00,149.7,0,76,59.2,1,0,0
2026-09-07 02:25:00,150.0,0,70,57.9,1,0,0
2026-09-07 02:30:00,148.7,0,74,60.7,1,0,0
2026-09-07 02:35:00,149.0,0,73,61.5,1,0,0
2026-09-07 02:40:00,149.5,0,76,57.9,1,0,0
2026-09-07 02:45:00,147.3,1,75,60.2,1,0,0
2026-09-07 02:50:00,152.7,0,76,55.9,1,0,0
2026-09-07 02:55:00,151.5,0,74,58.7,1,0,0
2026-09-07 03:00:00,149.2,0,71,61.4,1,0,0
2026-09-07 03:05:00,151.5,0,68,59.9,1,0,0
2026-09-07 03:10:00,152.1,0,71,56.1,1,0,0
2026-09-07 03:15:00,149.0,1,74,59.5,1,0,0
2026-09-07 03:20:00,150.3,0,74,60.8,1,0,0
2026-09-07 03:25:00,148.3,0,76,56.1,1,0,0
2026-09-07 03:30:00,151.6,0,71,61.3,1,0,0
2026-09-07 03:35:00,151.7,0,72,59.8,1,0,0
2026-09-07 03:40:00,147.6,0,77,57.3,1,0,0
2026-09-07 03:45:00,150.2,0,74,58.7,1,0,0
2026-09-07 03:50:00,150.0,0,74,59.0,1,0,0
2026-09-07 03:55:00,149.6,0,74,60.1,1,0,0
2026-09-07 04:00:00,149.1,1,74,54.9,1,0,0
2026-09-07 04:05:00,149.2,1,74,58.6,1,0,0
2026-09-07 04:10:00,150.7,1,75,55.4,1,0,0
2026-09-07 04:15:00,150.4,0,70,57.3,1,0,0
2026-09-07 04:20:00,151.4,0,69,54.9,1,0,0
2026-09-07 04:25:00,151.9,0,74,53.8,1,0,0
2026-09-07 04:30:00,150.5,0,70,59.1,1,0,0
2026-09-07 04:35:00,149.8,1,72,55.5,1,0,0
2026-09-07 04:40:00,153.0,1,74,57.2,1,0,0
2026-09-07 04:45:00,153.1,0,77,59.9,1,0,0
2026-09-07 04:50:00,156.5,0,72,59.4,1,0,0
2026-09-07 04:55:00,155.9,2,70,59.0,1,0,0
2026-09-07 05:00:00,154.8,1,73,57.0,1,0,0
2026-09-07 05:05:00,155.5,0,72,56.5,1,0,0
2026-09-07 05:10:00,155.1,1,73,57.3,1,0,0
2026-09-07 05:15:00,156.4,0,75,61.1,1,0,0
2026-09-07 05:20:00,156.7,0,73,58.7,1,0,0
2026-09-07 05:25:00,159.7,0,75,57.6,1,0,0
2026-09-07 05:30:00,162.0,0,75,59.4,1,0,0
2026-09-07 05:35:00,160.6,0,75,57.5,1,0,0
2026-09-07 05:40:00,161.5,0,74,57.6,1,0,0
2026-09-07 05:45:00,159.9,0,74,53.8,1,0,0
2026-09-07 05:50:00,159.0,0,72,58.5,1,0,0
2026-09-07 05:55:00,158.9,0,73,57.5,1,0,0
2026-09-07 06:00:00,157.2,0,74,60.7,1,0,0
2026-09-07 06:05:00,158.6,2,76,60.6,1,0,0
2026-09-07 06:10:00,154.2,0,73,56.5,1,0,0
2026-09-07 06:15:00,154.9,0,72,54.7,1,0,0
2026-09-07 06:20:00,153.3,5,78,36.3,0,0,0
2026-09-07 06:25:00,153.7,15,80,37.0,0,0,0
2026-09-07 06:30:00,155.1,10,80,31.7,0,0,0
2026-09-07 06:35:00,155.5,9,78,36.9,0,0,0
2026-09-07 06:40:00,157.0,9,81,34.8,0,0,0
2026-09-07 06:45:00,156.9,6,79,32.8,0,0,0
2026-09-07 06:50:00,156.2,6,84,34.8,0,0,0
2026-09-07 06:55:00,158.1,5,83,35.9,0,0,0
2026-09-07 07:00:00,158.2,12,83,36.7,0,0,0
2026-09-07 07:05:00,157.0,6,83,35.1,0,0,0
2026-09-07 07:10:00,157.3,22,83,35.7,0,0,0
2026-09-07 07:15:00,158.6,25,81,36.8,0,0,0
2026-09-07 07:20:00,157.3,13,82,36.6,0,0,0
2026-09-07 07:25:00,160.0,15,82,37.3,0,0,0
2026-09-07 07:30:00,159.2,9,84,35.3,0,0,0
2026-09-07 07:35:00,157.9,2,80,32.0,0,0,0
2026-09-07 07:40:00,158.6,7,82,35.8,0,0,0
2026-09-07 07:45:00,155.0,4,81,35.6,0,0,0
2026-09-07 07:50:00,160.1,19,78,36.0,0,0,0
2026-09-07 07:55:00,160.7,17,80,37.7,0,0,0
2026-09-07 08:00:00,157.8,12,81,32.0,0,0,0
2026-09-07 08:05:00,156.7,14,78,37.3,0,0,0
2026-09-07 08:10:00,155.4,7,78,35.7,0,0,0
2026-09-07 08:15:00,155.9,5,80,38.1,0,0,0
2026-09-07 08:20:00,155.2,7,80,34.7,0,0,0
2026-09-07 08:25:00,154.0,7,85,35.3,0,0,0
2026-09-07 08:30:00,152.9,9,81,37.5,0,0,0
2026-09-07 08:35:00,157.6,11,83,38.0,0,0,0
2026-09-07 08:40:00,150.7,3,84,30.2,0,0,0
2026-09-07 08:45:00,152.7,11,83,33.3,0,0,0
2026-09-07 08:50:00,153.5,9,83,35.1,0,0,0
2026-09-07 08:55:00,153.6,5,85,36.2,0,0,0
2026-09-07 09:00:00,153.9,11,80,30.7,0,0,0
2026-09-07 09:05:00,153.8,5,80,37.7,0,0,0
2026-09-07 09:10:00,154.7,5,82,32.7,0,0,0
2026-09-07 09:15:00,155.2,10,83,32.4,0,0,0
2026-09-07 09:20:00,157.4,4,81,36.8,0,0,0
2026-09-07 09:25:00,156.1,7,81,32.0,0,0,0
2026-09-07 09:30:00,150.7,3,81,35.2,0,0,0
2026-09-07 09:35:00,152.3,8,79,33.4,0,0,0
2026-09-07 09:40:00,152.2,15,85,36.7,0,0,0
2026-09-07 09:45:00,151.2,4,81,33.5,0,0,0
2026-09-07 09:50:00,149.0,6,79,35.8,0,0,0
2026-09-07 09:55:00,149.9,10,79,38.4,0,0,0
2026-09-07 10:00:00,148.3,10,79,35.8,0,0,0
2026-09-07 10:05:00,147.5,16,84,36.3,0,0,0
2026-09-07 10:10:00,146.5,14,87,32.4,0,0,0
2026-09-07 10:15:00,148.4,6,81,33.5,0,0,0
2026-09-07 10:20:00,147.2,4,79,31.2,0,0,0
2026-09-07 10:25:00,148.0,6,80,33.9,0,0,0
2026-09-07 10:30:00,143.9,9,80,37.3,0,0,0
2026-09-07 10:35:00,144.2,7,84,34.5,0,0,0
2026-09-07 10:40:00,146.6,19,86,39.2,0,0,0
2026-09-07 10:45:00,148.7,15,84,40.5,0,0,0
2026-09-07 10:50:00,147.5,11,80,36.1,0,0,0
2026-09-07 10:55:00,148.8,5,85,36.4,0,0,0
2026-09-07 11:00:00,151.1,2,80,29.6,0,0,0
2026-09-07 11:05:00,152.7,8,81,33.4,0,0,0
2026-09-07 11:10:00,154.2,10,78,39.9,0,0,0
2026-09-07 11:15:00,153.7,9,81,34.7,0,0,0
2026-09-07 11:20:00,154.4,2,82,33.9,0,0,0
2026-09-07 11:25:00,150.5,7,80,34.9,0,0,0
2026-09-07 11:30:00,148.9,12,82,33.7,0,0,0
2026-09-07 11:35:00,145.1,10,83,34.2,0,0,0
2026-09-07 11:40:00,146.5,12,79,37.3,0,0,0
2026-09-07 11:45:00,146.0,6,77,40.8,0,0,0
2026-09-07 11:50:00,148.7,14,79,32.8,0,0,0
2026-09-07 11:55:00,149.5,7,81,38.6,0,0,0
2026-09-07 12:00:00,149.9,3,83,36.8,0,0,0
2026-09-07 12:05:00,148.1,10,82,37.0,0,0,0
2026-09-07 12:10:00,147.0,9,82,37.5,0,0,0
2026-09-07 12:15:00,147.6,7,79,40.1,0,0,0
2026-09-07 12:20:00,150.1,6,79,37.5,0,0,0
2026-09-07 12:25:00,148.9,17,84,34.5,0,0,0
2026-09-07 12:30:00,154.6,15,80,34.1,0,0,0
2026-09-07 12:35:00,155.1,11,79,35.4,0,0,0
2026-09-07 12:40:00,157.6,6,81,37.2,0,0,0
2026-09-07 12:45:00,154.9,8,81,38.2,0,0,0
2026-09-07 12:50:00,154.2,5,79,35.1,0,0,0
2026-09-07 12:55:00,148.8,4,81,36.0,0,0,0
2026-09-07 13:00:00,146.4,16,81,36.0,0,0,0
2026-09-07 13:05:00,148.1,11,83,31.7,0,79,68
2026-09-07 13:10:00,156.9,2,88,36.8,0,0,0
2026-09-07 13:15:00,164.9,5,83,35.0,0,0,0
2026-09-07 13:20:00,169.6,11,86,36.1,0,0,0
2026-09-07 13:25:00,173.2,6,85,37.9,0,0,0
2026-09-07 13:30:00,174.0,4,84,36.6,0,0,0
2026-09-07 13:35:00,175.4,12,81,33.4,0,0,0
2026-09-07 13:40:00,176.4,12,82,38.6,0,0,0
2026-09-07 13:45:00,178.8,1,81,34.7,0,0,0
2026-09-07 13:50:00,179.1,4,81,35.2,0,0,0
2026-09-07 13:55:00,178.3,10,84,34.1,0,0,0
2026-09-07 14:00:00,182.9,6,81,36.5,0,0,0
2026-09-07 14:05:00,183.4,10,82,37.7,0,0,0
2026-09-07 14:10:00,181.2,9,83,34.7,0,0,0
2026-09-07 14:15:00,181.6,7,81,39.0,0,0,0
2026-09-07 14:20:00,181.1,10,78,39.5,0,0,0
2026-09-07 14:25:00,179.0,14,82,35.7,0,0,0
2026-09-07 14:30:00,182.3,3,83,36.3,0,0,0
2026-09-07 14:35:00,177.9,4,82,33.2,0,0,0
2026-09-07 14:40:00,178.8,12,82,33.1,0,0,0
2026-09-07 14:45:00,178.0,6,84,34.7,0,0,0
2026-09-07 14:50:00,173.3,10,81,35.2,0,0,0
2026-09-07 14:55:00,170.8,5,80,34.3,0,0,0
2026-09-07 15:00:00,168.6,3,79,36.8,0,0,0
2026-09-07 15:05:00,170.0,6,83,37.5,0,0,0
2026-09-07 15:10:00,168.9,5,84,37.8,0,0,0
2026-09-07 15:15:00,169.4,8,80,33.2,0,0,0
2026-09-07 15:20:00,167.5,13,84,34.4,0,0,0
2026-09-07 15:25:00,163.5,9,86,36.0,0,0,0
2026-09-07 15:30:00,161.1,9,85,34.3,0,0,0
2026-09-07 15:35:00,160.3,7,81,35.8,0,0,0
2026-09-07 15:40:00,158.5,10,80,36.6,0,0,0
2026-09-07 15:45:00,158.8,13,82,38.7,0,0,0
2026-09-07 15:50:00,161.1,11,84,35.4,0,0,0
2026-09-07 15:55:00,159.5,8,82,32.7,0,0,0
2026-09-07 16:00:00,157.7,2,83,37.1,0,0,0
2026-09-07 16:05:00,159.2,7,83,38.0,0,0,0
2026-09-07 16:10:00,159.3,5,80,35.3,0,0,0
2026-09-07 16:15:00,157.0,13,80,38.1,0,0,0
2026-09-07 16:20:00,155.6,3,81,36.0,0,0,0
2026-09-07 16:25:00,154.5,12,81,36.2,0,0,0
2026-09-07 16:30:00,156.1,11,83,37.8,0,0,0
2026-09-07 16:35:00,160.2,7,80,31.7,0,0,0
2026-09-07 16:40:00,155.6,13,81,36.1,0,0,0
2026-09-07 16:45:00,157.5,11,82,34.0,0,0,0
2026-09-07 16:50:00,157.3,11,84,30.8,0,0,0
2026-09-07 16:55:00,157.0,6,82,36.1,0,0,0
2026-09-07 17:00:00,155.5,381,106,37.0,0,0,0
2026-09-07 17:05:00,152.7,380,106,36.3,0,29,60
2026-09-07 17:10:00,158.1,378,108,35.6,0,0,0
2026-09-07 17:15:00,161.5,383,107,31.9,0,0,0
2026-09-07 17:20:00,163.8,6,81,37.8,0,0,0
2026-09-07 17:25:00,164.8,13,84,33.5,0,0,0
2026-09-07 17:30:00,167.9,4,88,35.7,0,0,0
2026-09-07 17:35:00,166.4,4,83,35.3,0,0,0
2026-09-07 17:40:00,165.3,13,78,33.9,0,0,0
2026-09-07 17:45:00,163.0,6,84,36.7,0,0,0
2026-09-07 17:50:00,163.2,6,83,36.3,0,0,0
2026-09-07 17:55:00,159.5,4,82,38.4,0,0,0
2026-09-07 18:00:00,160.6,10,81,32.4,0,0,0
2026-09-07 18:05:00,160.9,3,82,39.3,0,0,0
2026-09-07 18:10:00,162.1,8,83,33.8,0,0,0
2026-09-07 18:15:00,160.3,2,80,38.0,0,0,0
2026-09-07 18:20:00,159.9,9,83,33.3,0,0,0
2026-09-07 18:25:00,156.9,4,85,35.9,0,0,0
2026-09-07 18:30:00,157.0,11,79,33.0,0,0,0
2026-09-07 18:35:00,155.2,13,85,33.8,0,0,0
2026-09-07 18:40:00,154.6,12,83,35.0,0,0,0
2026-09-07 18:45:00,153.0,6,82,36.2,0,0,0
2026-09-07 18:50:00,150.6,12,84,35.6,0,0,0
2026-09-07 18:55:00,152.4,12,79,35.7,0,0,0
2026-09-07 19:00:00,151.8,8,81,33.7,0,0,0
2026-09-07 19:05:00,155.7,9,81,40.1,0,0,0
2026-09-07 19:10:00,157.6,14,82,38.4,0,0,0
2026-09-07 19:15:00,157.8,7,81,32.8,0,0,0
2026-09-07 19:20:00,157.1,3,79,39.5,0,0,0
2026-09-07 19:25:00,153.1,7,81,36.6,0,0,0
2026-09-07 19:30:00,150.7,14,80,37.0,0,0,0
2026-09-07 19:35:00,152.4,16,84,38.3,0,0,0
2026-09-07 19:40:00,150.2,12,84,34.2,0,0,0
2026-09-07 19:45:00,150.2,9,81,35.8,0,0,0
2026-09-07 19:50:00,151.6,1,78,36.3,0,0,0
2026-09-07 19:55:00,152.2,10,84,38.5,0,0,0
2026-09-07 20:00:00,152.9,3,83,36.6,0,0,0
2026-09-07 20:05:00,154.7,5,80,34.6,0,0,0
2026-09-07 20:10:00,154.6,3,82,37.7,0,0,0
2026-09-07 20:15:00,149.9,9,83,38.0,0,0,0
2026-09-07 20:20:00,148.1,5,83,33.8,0,0,0
2026-09-07 20:25:00,147.0,11,82,39.4,0,0,0
2026-09-07 20:30:00,144.2,20,80,36.0,0,0,0
2026-09-07 20:35:00,143.0,5,81,34.7,0,0,0
2026-09-07 20:40:00,141.1,17,81,33.6,0,0,0
2026-09-07 20:45:00,140.5,5,83,32.6,0,0,0
2026-09-07 20:50:00,142.7,4,80,33.2,0,0,0
2026-09-07 20:55:00,143.9,6,79,34.1,0,0,0
2026-09-07 21:00:00,144.8,12,83,33.8,0,0,0
2026-09-07 21:05:00,149.5,3,84,34.3,0,65,55
2026-09-07 21:10:00,156.5,8,82,35.0,0,0,0
2026-09-07 21:15:00,163.7,9,85,37.4,0,0,0
2026-09-07 21:20:00,167.8,6,82,34.7,0,0,0
2026-09-07 21:25:00,169.9,8,85,33.9,0,0,0
2026-09-07 21:30:00,173.5,9,85,37.0,0,0,0
2026-09-07 21:35:00,168.6,13,84,37.2,0,0,0
2026-09-07 21:40:00,169.7,11,81,38.9,0,0,0
2026-09-07 21:45:00,170.7,3,83,33.3,0,0,0
2026-09-07 21:50:00,168.0,4,80,34.5,0,0,0
2026-09-07 21:55:00,169.9,9,81,35.2,0,0,0
2026-09-07 22:00:00,171.8,11,79,37.9,0,0,0
2026-09-07 22:05:00,172.4,4,80,31.8,0,0,0
2026-09-07 22:10:00,170.8,14,78,37.6,0,0,0
2026-09-07 22:15:00,172.2,8,81,36.0,0,0,0
2026-09-07 22:20:00,172.2,7,84,38.3,0,0,0
2026-09-07 22:25:00,172.7,14,82,37.3,0,0,0
2026-09-07 22:30:00,170.8,13,82,36.3,0,0,0
2026-09-07 22:35:00,168.5,8,77,36.0,0,0,0
2026-09-07 22:40:00,164.9,12,80,35.7,0,0,0
2026-09-07 22:45:00,166.2,16,80,34.1,0,0,0
2026-09-07 22:50:00,164.2,15,80,36.2,0,0,0
2026-09-07 22:55:00,159.3,18,82,37.6,0,0,0
2026-09-07 23:00:00,156.5,8,85,38.7,0,0,0
2026-09-07 23:05:00,158.1,16,84,36.7,0,0,0
2026-09-07 23:10:00,153.9,4,80,34.8,0,0,0
2026-09-07 23:15:00,155.8,6,86,38.0,0,0,0
2026-09-07 23:20:00,155.8,2,82,34.5,0,0,0
2026-09-07 23:25:00,155.2,4,79,34.5,0,0,0
2026-09-07 23:30:00,156.8,0,76,56.7,1,0,0
2026-09-07 23:35:00,153.4,0,74,59.9,1,0,0
2026-09-07 23:40:00,159.0,0,70,55.1,1,0,0
2026-09-07 23:45:00,155.9,0,74,57.0,1,0,0
2026-09-07 23:50:00,156.4,0,72,58.5,1,0,0
2026-09-07 23:55:00,157.1,1,73,60.4,1,0,0
2026-09-08 00:00:00,152.3,1,73,60.1,1,0,0
2026-09-08 00:05:00,149.8,0,73,57.2,1,0,0
2026-09-08 00:10:00,150.1,0,76,61.6,1,0,0
2026-09-08 00:15:00,152.2,0,72,58.6,1,0,0
2026-09-08 00:20:00,150.0,0,72,58.8,1,0,0
2026-09-08 00:25:00,149.3,0,71,58.0,1,0,0
2026-09-08 00:30:00,145.7,0,75,59.6,1,0,0
2026-09-08 00:35:00,146.0,0,71,60.7,1,0,0
2026-09-08 00:40:00,144.6,0,73,64.5,1,0,0
2026-09-08 00:45:00,143.1,0,72,59.2,1,0,0
2026-09-08 00:50:00,143.0,0,72,61.8,1,0,0
2026-09-08 00:55:00,143.4,0,74,59.2,1,0,0
2026-09-08 01:00:00,144.3,0,75,61.5,1,0,0
2026-09-08 01:05:00,147.0,0,74,59.1,1,0,0
2026-09-08 01:10:00,148.1,0,72,56.7,1,0,0
2026-09-08 01:15:00,149.8,0,69,58.2,1,0,0
2026-09-08 01:20:00,148.8,0,72,58.8,1,0,0
2026-09-08 01:25:00,148.0,0,71,60.8,1,0,0
2026-09-08 01:30:00,148.1,0,75,61.6,1,0,0
2026-09-08 01:35:00,147.6,0,71,58.7,1,0,0
2026-09-08 01:40:00,146.4,0,72,60.2,1,0,0
2026-09-08 01:45:00,148.4,0,75,60.6,1,0,0
2026-09-08 01:50:00,149.5,0,73,62.9,1,0,0
2026-09-08 01:55:00,147.7,1,71,60.9,1,0,0
2026-09-08 02:00:00,147.8,0,74,63.9,1,0,0
2026-09-08 02:05:00,148.7,0,72,60.9,1,0,0
2026-09-08 02:10:00,148.6,0,75,59.2,1,0,0
2026-09-08 02:15:00,146.8,0,74,57.8,1,0,0
2026-09-08 02:20:00,147.2,0,75,57.9,1,0,0
2026-09-08 02:25:00,146.0,0,70,60.4,1,0,0
2026-09-08 02:30:00,144.7,0,75,57.2,1,0,0
2026-09-08 02:35:00,143.6,0,72,60.3,1,0,0
2026-09-08 02:40:00,142.1,0,74,59.4,1,0,0
2026-09-08 02:45:00,143.8,0,75,60.0,1,0,0
2026-09-08 02:50:00,144.9,0,70,62.4,1,0,0
2026-09-08 02:55:00,141.7,0,76,62.0,1,0,0
2026-09-08 03:00:00,140.7,1,70,60.8,1,0,0
2026-09-08 03:05:00,141.5,0,74,59.8,1,0,0
2026-09-08 03:10:00,142.5,1,73,61.1,1,0,0
2026-09-08 03:15:00,140.3,0,69,57.6,1,0,0
2026-09-08 03:20:00,138.2,0,71,59.2,1,0,0
2026-09-08 03:25:00,138.0,0,75,58.1,1,0,0
2026-09-08 03:30:00,142.3,0,75,60.6,1,0,0
2026-09-08 03:35:00,143.0,1,70,61.8,1,0,0
2026-09-08 03:40:00,143.9,0,73,58.3,1,0,0
2026-09-08 03:45:00,148.1,0,76,60.0,1,0,0
2026-09-08 03:50:00,147.7,0,75,63.0,1,0,0
2026-09-08 03:55:00,150.0,0,72,61.0,1,0,0
2026-09-08 04:00:00,151.4,0,71,58.1,1,0,0
2026-09-08 04:05:00,155.7,0,73,60.9,1,0,0
2026-09-08 04:10:00,155.9,0,72,63.4,1,0,0
2026-09-08 04:15:00,157.3,1,70,60.2,1,0,0
2026-09-08 04:20:00,153.3,0,74,62.3,1,0,0
2026-09-08 04:25:00,154.8,0,69,55.8,1,0,0
2026-09-08 04:30:00,154.1,1,75,58.1,1,0,0
2026-09-08 04:35:00,153.8,0,72,61.0,1,0,0
2026-09-08 04:40:00,157.4,1,71,60.2,1,0,0
2026-09-08 04:45:00,158.6,0,71,57.8,1,0,0
2026-09-08 04:50:00,160.9,1,70,60.3,1,0,0
2026-09-08 04:55:00,158.2,0,76,61.6,1,0,0
2026-09-08 05:00:00,158.7,1,71,57.3,1,0,0
2026-09-08 05:05:00,159.5,1,72,62.0,1,0,0
2026-09-08 05:10:00,161.8,0,73,59.8,1,0,0
2026-09-08 05:15:00,161.2,1,71,61.6,1,0,0
2026-09-08 05:20:00,163.6,0,75,62.0,1,0,0
2026-09-08 05:25:00,162.6,0,75,58.6,1,0,0
2026-09-08 05:30:00,163.4,0,72,61.6,1,0,0
2026-09-08 05:35:00,161.5,0,71,60.9,1,0,0
2026-09-08 05:40:00,161.0,1,72,61.8,1,0,0
2026-09-08 05:45:00,161.8,2,76,57.4,1,0,0
2026-09-08 05:50:00,158.6,0,72,61.0,1,0,0
2026-09-08 05:55:00,157.3,0,74,57.2,1,0,0
2026-09-08 06:00:00,157.1,0,75,59.9,1,0,0
2026-09-08 06:05:00,154.9,0,72,61.6,1,0,0
2026-09-08 06:10:00,155.7,1,75,61.1,1,0,0
2026-09-08 06:15:00,152.0,0,74,59.7,1,0,0
2026-09-08 06:20:00,150.3,0,73,59.2,1,0,0
2026-09-08 06:25:00,152.0,0,75,60.7,1,0,0
2026-09-08 06:30:00,150.3,1,72,59.9,1,0,0
2026-09-08 06:35:00,145.4,0,74,58.8,1,0,0
2026-09-08 06:40:00,145.4,6,84,39.9,0,0,0
2026-09-08 06:45:00,147.1,14,82,35.3,0,0,0
2026-09-08 06:50:00,150.0,15,84,37.4,0,0,0
2026-09-08 06:55:00,150.8,8,80,35.3,0,0,0
2026-09-08 07:00:00,149.9,9,81,36.4,0,0,0
2026-09-08 07:05:00,151.7,12,80,35.0,0,0,0
2026-09-08 07:10:00,151.2,14,82,39.5,0,0,0
2026-09-08 07:15:00,152.7,2,81,36.7,0,0,0
2026-09-08 07:20:00,153.2,8,84,36.5,0,0,0
2026-09-08 07:25:00,157.7,5,79,41.8,0,0,0
2026-09-08 07:30:00,156.0,10,82,33.4,0,26,55
2026-09-08 07:35:00,156.5,3,85,38.7,0,0,0
2026-09-08 07:40:00,161.7,3,85,33.6,0,0,0
2026-09-08 07:45:00,161.3,390,107,38.3,0,0,0
2026-09-08 07:50:00,160.7,389,106,37.1,0,0,0
2026-09-08 07:55:00,162.1,4,85,38.4,0,0,0
2026-09-08 08:00:00,162.6,9,84,38.9,0,0,0
2026-09-08 08:05:00,160.7,7,81,36.2,0,0,0
2026-09-08 08:10:00,159.6,9,81,37.7,0,0,0
2026-09-08 08:15:00,162.3,8,78,37.7,0,0,0
2026-09-08 08:20:00,162.2,7,79,34.1,0,0,0
2026-09-08 08:25:00,162.7,8,80,35.7,0,0,0
2026-09-08 08:30:00,162.7,7,80,39.9,0,0,0
2026-09-08 08:35:00,163.5,5,80,39.0,0,0,0
2026-09-08 08:40:00,163.2,9,82,37.3,0,0,0
2026-09-08 08:45:00,159.7,7,82,34.4,0,0,0
2026-09-08 08:50:00,161.7,3,87,39.2,0,0,0
2026-09-08 08:55:00,161.0,4,81,40.3,0,0,0
2026-09-08 09:00:00,159.6,10,84,34.2,0,0,0
2026-09-08 09:05:00,158.2,7,82,38.5,0,0,0
2026-09-08 09:10:00,160.1,17,80,40.5,0,0,0
2026-09-08 09:15:00,158.9,412,106,38.6,0,0,0
2026-09-08 09:20:00,156.5,404,105,35.4,0,0,0
2026-09-08 09:25:00,151.9,404,106,37.2,0,0,0
2026-09-08 09:30:00,153.5,400,104,36.7,0,0,0
2026-09-08 09:35:00,152.5,26,83,39.4,0,0,0
2026-09-08 09:40:00,150.8,4,85,38.3,0,0,0
2026-09-08 09:45:00,149.6,18,83,39.2,0,0,0
2026-09-08 09:50:00,150.8,23,84,37.5,0,0,0
2026-09-08 09:55:00,151.3,7,85,38.2,0,0,0
2026-09-08 10:00:00,150.1,13,80,36.1,0,0,0
2026-09-08 10:05:00,152.1,6,83,39.1,0,0,0
2026-09-08 10:10:00,153.4,7,87,35.7,0,0,0
2026-09-08 10:15:00,151.1,8,79,40.7,0,0,0
2026-09-08 10:20:00,153.7,5,80,39.1,0,0,0
2026-09-08 10:25:00,152.1,4,82,35.5,0,0,0
2026-09-08 10:30:00,151.5,7,83,38.3,0,0,0
2026-09-08 10:35:00,150.7,7,83,34.6,0,0,0
2026-09-08 10:40:00,148.4,3,82,35.0,0,0,0
2026-09-08 10:45:00,146.2,5,81,34.4,0,0,0
2026-09-08 10:50:00,146.0,6,80,34.8,0,0,0
2026-09-08 10:55:00,143.3,4,80,36.9,0,0,0
2026-09-08 11:00:00,140.4,7,82,38.1,0,0,0
2026-09-08 11:05:00,142.8,19,82,35.9,0,0,0
2026-09-08 11:10:00,141.7,13,78,36.0,0,0,0
2026-09-08 11:15:00,142.1,4,83,37.9,0,0,0
2026-09-08 11:20:00,147.0,9,79,35.6,0,0,0
2026-09-08 11:25:00,150.0,12,83,34.1,0,0,0
2026-09-08 11:30:00,148.7,4,83,39.3,0,0,0
2026-09-08 11:35:00,148.7,10,86,37.5,0,0,0
2026-09-08 11:40:00,148.5,2,83,37.5,0,0,0
2026-09-08 11:45:00,150.6,8,82,38.2,0,0,0
2026-09-08 11:50:00,149.4,9,81,37.8,0,0,0
2026-09-08 11:55:00,149.5,10,77,38.3,0,0,0
2026-09-08 12:00:00,151.1,8,83,32.3,0,0,0
2026-09-08 12:05:00,151.4,16,81,37.3,0,0,0
2026-09-08 12:10:00,152.4,10,80,40.0,0,0,0
2026-09-08 12:15:00,150.1,11,81,35.7,0,0,0
2026-09-08 12:20:00,150.5,5,81,35.0,0,0,0
2026-09-08 12:25:00,151.7,2,80,37.2,0,0,0
2026-09-08 12:30:00,155.3,16,82,36.8,0,0,0
2026-09-08 12:35:00,151.4,9,81,35.6,0,0,0
2026-09-08 12:40:00,150.0,4,82,39.4,0,0,0
2026-09-08 12:45:00,150.7,3,79,39.3,0,0,0
2026-09-08 12:50:00,151.9,7,82,39.5,0,0,0
2026-09-08 12:55:00,150.0,2,81,39.9,0,0,0
2026-09-08 13:00:00,150.4,2,79,36.3,0,0,0
2026-09-08 13:05:00,150.4,3,83,40.5,0,0,0
2026-09-08 13:10:00,147.9,6,84,35.7,0,63,50
2026-09-08 13:15:00,154.4,11,86,39.5,0,0,0
2026-09-08 13:20:00,154.7,4,86,38.3,0,0,0
2026-09-08 13:25:00,157.3,3,83,34.6,0,0,0
2026-09-08 13:30:00,161.3,6,84,38.0,0,0,0
2026-09-08 13:35:00,165.5,1,86,36.7,0,0,0
2026-09-08 13:40:00,168.5,5,83,39.8,0,0,0
2026-09-08 13:45:00,166.9,5,81,36.7,0,0,0
2026-09-08 13:50:00,165.1,14,84,36.0,0,0,0
2026-09-08 13:55:00,161.7,5,79,36.5,0,0,0
2026-09-08 14:00:00,160.7,7,80,38.1,0,0,0
2026-09-08 14:05:00,163.2,4,80,37.4,0,0,0
2026-09-08 14:10:00,164.2,4,80,38.2,0,0,0
2026-09-08 14:15:00,163.1,12,85,35.6,0,0,0
2026-09-08 14:20:00,163.5,11,80,40.8,0,0,0
2026-09-08 14:25:00,167.5,8,82,33.5,0,0,0
2026-09-08 14:30:00,168.3,15,81,32.5,0,0,0
2026-09-08 14:35:00,166.6,11,83,41.7,0,0,0
2026-09-08 14:40:00,165.6,16,84,38.3,0,0,0
2026-09-08 14:45:00,166.8,9,81,36.1,0,0,0
2026-09-08 14:50:00,165.6,8,86,31.7,0,0,0
2026-09-08 14:55:00,162.7,0,82,33.7,0,0,0
2026-09-08 15:00:00,163.7,6,82,36.1,0,0,0
2026-09-08 15:05:00,161.2,8,82,33.9,0,0,0
2026-09-08 15:10:00,160.8,4,82,36.8,0,0,0
2026-09-08 15:15:00,159.5,8,77,34.9,0,0,0
2026-09-08 15:20:00,155.7,8,80,37.5,0,0,0
2026-09-08 15:25:00,151.7,7,82,37.1,0,0,0
2026-09-08 15:30:00,154.0,14,82,33.7,0,0,0
2026-09-08 15:35:00,154.9,2,80,37.3,0,0,0
2026-09-08 15:40:00,154.9,10,79,36.9,0,0,0
2026-09-08 15:45:00,153.1,11,78,38.0,0,0,0
2026-09-08 15:50:00,150.9,8,82,35.3,0,0,0
2026-09-08 15:55:00,152.2,9,83,39.2,0,0,0
2026-09-08 16:00:00,148.7,13,81,37.6,0,0,0
2026-09-08 16:05:00,148.1,10,83,37.8,0,0,0
2026-09-08 16:10:00,146.5,4,80,40.6,0,0,0
2026-09-08 16:15:00,146.6,4,83,36.7,0,0,0
2026-09-08 16:20:00,142.2,4,81,35.6,0,0,0
2026-09-08 16:25:00,143.2,3,81,36.4,0,0,0
2026-09-08 16:30:00,140.9,7,80,31.9,0,0,0
2026-09-08 16:35:00,143.2,7,83,39.3,0,0,0
2026-09-08 16:40:00,142.1,9,84,35.0,0,0,0
2026-09-08 16:45:00,140.8,7,84,40.1,0,0,0
2026-09-08 16:50:00,142.3,13,81,35.5,0,0,0
2026-09-08 16:55:00,138.8,8,81,34.3,0,0,0
2026-09-08 17:00:00,138.0,4,78,36.2,0,0,0
2026-09-08 17:05:00,136.7,6,78,35.2,0,0,0
2026-09-08 17:10:00,138.3,5,82,37.5,0,0,0
2026-09-08 17:15:00,140.4,5,81,37.9,0,0,0
2026-09-08 17:20:00,139.5,3,79,39.1,0,0,0
2026-09-08 17:25:00,138.9,6,82,35.8,0,0,0
2026-09-08 17:30:00,139.7,7,82,36.3,0,0,0
2026-09-08 17:35:00,139.6,13,89,33.6,0,16,35
2026-09-08 17:40:00,142.1,15,85,36.8,0,0,0
2026-09-08 17:45:00,143.8,12,81,36.5,0,0,0
2026-09-08 17:50:00,145.7,9,85,38.2,0,0,0
2026-09-08 17:55:00,144.1,11,89,35.8,0,0,0
2026-09-08 18:00:00,143.6,18,82,33.7,0,0,0
2026-09-08 18:05:00,143.7,6,80,36.9,0,0,0
2026-09-08 18:10:00,144.5,5,81,36.2,0,0,0
2026-09-08 18:15:00,144.8,8,84,35.5,0,0,0
2026-09-08 18:20:00,143.9,4,79,38.5,0,0,0
2026-09-08 18:25:00,145.8,7,84,37.5,0,0,0
2026-09-08 18:30:00,146.6,10,83,40.2,0,0,0
2026-09-08 18:35:00,146.3,6,86,36.5,0,0,0
2026-09-08 18:40:00,148.1,7,84,37.4,0,0,0
2026-09-08 18:45:00,147.9,4,83,39.2,0,0,0
2026-09-08 18:50:00,151.7,4,79,37.2,0,0,0
2026-09-08 18:55:00,152.4,3,79,37.5,0,0,0
2026-09-08 19:00:00,145.4,12,81,39.5,0,0,0
2026-09-08 19:05:00,144.4,5,84,38.9,0,0,0
2026-09-08 19:10:00,142.0,6,83,37.0,0,0,0
2026-09-08 19:15:00,144.2,4,82,34.5,0,0,0
2026-09-08 19:20:00,143.2,6,83,40.2,0,0,0
2026-09-08 19:25:00,142.4,3,80,35.3,0,0,0
2026-09-08 19:30:00,146.5,12,85,41.1,0,0,0
2026-09-08 19:35:00,144.6,7,84,39.4,0,0,0
2026-09-08 19:40:00,146.6,12,83,34.0,0,0,0
2026-09-08 19:45:00,150.8,14,81,35.5,0,0,0
2026-09-08 19:50:00,149.8,11,79,37.4,0,0,0
2026-09-08 19:55:00,149.7,14,84,36.9,0,0,0
2026-09-08 20:00:00,148.3,26,86,39.1,0,0,0
2026-09-08 20:05:00,143.5,11,80,37.7,0,0,0
2026-09-08 20:10:00,141.3,5,82,36.4,0,0,0
2026-09-08 20:15:00,142.4,11,78,34.8,0,0,0
2026-09-08 20:20:00,140.1,14,81,37.8,0,0,0
2026-09-08 20:25:00,143.4,12,81,42.6,0,0,0
2026-09-08 20:30:00,142.8,6,80,40.1,0,0,0
2026-09-08 20:35:00,143.6,3,81,39.4,0,0,0
2026-09-08 20:40:00,142.9,8,78,36.5,0,0,0
2026-09-08 20:45:00,141.6,10,84,38.6,0,55,55
2026-09-08 20:50:00,146.7,5,83,35.1,0,0,0
2026-09-08 20:55:00,150.0,22,82,36.2,0,0,0
2026-09-08 21:00:00,156.0,14,81,37.2,0,0,0
2026-09-08 21:05:00,156.1,7,83,33.8,0,0,0
2026-09-08 21:10:00,157.2,5,86,33.0,0,0,0
2026-09-08 21:15:00,161.5,11,83,34.8,0,0,0
2026-09-08 21:20:00,162.8,3,80,38.3,0,0,0
2026-09-08 21:25:00,162.3,9,80,35.9,0,0,0
2026-09-08 21:30:00,164.1,12,84,38.7,0,0,0
2026-09-08 21:35:00,169.0,10,82,41.0,0,0,0
2026-09-08 21:40:00,168.8,6,82,32.4,0,0,0
2026-09-08 21:45:00,166.1,2,80,40.3,0,0,0
2026-09-08 21:50:00,168.3,6,79,38.2,0,0,0
2026-09-08 21:55:00,167.4,8,78,36.9,0,0,0
2026-09-08 22:00:00,163.9,6,79,32.3,0,0,0
2026-09-08 22:05:00,166.2,15,82,37.9,0,0,0
2026-09-08 22:10:00,161.8,7,81,32.2,0,0,0
2026-09-08 22:15:00,161.3,5,82,35.5,0,0,0
2026-09-08 22:20:00,162.0,11,79,38.7,0,0,0
2026-09-08 22:25:00,165.3,5,78,36.7,0,0,0
2026-09-08 22:30:00,162.2,15,83,34.8,0,0,0
2026-09-08 22:35:00,156.5,5,79,37.0,0,0,0
2026-09-08 22:40:00,156.5,4,77,40.8,0,0,0
2026-09-08 22:45:00,156.7,5,85,37.1,0,0,0
2026-09-08 22:50:00,158.5,2,77,38.0,0,0,0
2026-09-08 22:55:00,158.9,8,83,39.4,0,0,0
2026-09-08 23:00:00,159.5,9,82,37.9,0,0,0
2026-09-08 23:05:00,159.1,8,79,34.8,0,0,0
2026-09-08 23:10:00,157.9,5,81,36.7,0,0,0
2026-09-08 23:15:00,157.2,6,80,39.0,0,0,0
2026-09-08 23:20:00,157.8,9,79,35.5,0,0,0
2026-09-08 23:25:00,156.8,10,82,38.6,0,0,0
2026-09-08 23:30:00,155.9,6,80,35.8,0,0,0
2026-09-08 23:35:00,157.9,10,81,37.1,0,0,0
2026-09-08 23:40:00,159.8,7,79,37.7,0,0,0
2026-09-08 23:45:00,157.1,14,80,38.8,0,0,0
2026-09-08 23:50:00,157.1,17,80,41.0,0,0,0
2026-09-08 23:55:00,156.3,12,83,37.1,0,0,0
2026-09-09 00:00:00,156.6,11,79,40.4,0,0,0
2026-09-09 00:05:00,155.5,10,82,35.9,0,0,0
2026-09-09 00:10:00,154.1,1,71,58.2,1,0,0
2026-09-09 00:15:00,155.9,0,75,58.8,1,0,0
2026-09-09 00:20:00,157.1,1,75,60.4,1,0,0
2026-09-09 00:25:00,152.8,1,69,59.4,1,0,0
2026-09-09 00:30:00,154.6,0,73,58.6,1,0,0
2026-09-09 00:35:00,155.1,0,75,55.9,1,0,0
2026-09-09 00:40:00,157.7,1,73,62.3,1,0,0
2026-09-09 00:45:00,158.3,0,73,59.7,1,0,0
2026-09-09 00:50:00,156.7,0,72,60.7,1,0,0
2026-09-09 00:55:00,155.2,0,71,59.6,1,0,0
2026-09-09 01:00:00,155.2,0,74,66.8,1,0,0
2026-09-09 01:05:00,155.2,0,74,61.3,1,0,0
2026-09-09 01:10:00,154.9,0,74,58.9,1,0,0
2026-09-09 01:15:00,150.2,0,77,58.1,1,0,0
2026-09-09 01:20:00,147.7,0,71,61.5,1,0,0
2026-09-09 01:25:00,146.2,2,75,59.7,1,0,0
2026-09-09 01:30:00,142.9,0,75,60.2,1,0,0
2026-09-09 01:35:00,141.5,1,72,62.3,1,0,0
2026-09-09 01:40:00,137.9,0,75,62.4,1,0,0
2026-09-09 01:45:00,140.7,0,70,60.0,1,0,0
2026-09-09 01:50:00,141.3,0,73,56.7,1,0,0
2026-09-09 01:55:00,145.6,0,69,55.8,1,0,0
2026-09-09 02:00:00,145.2,1,68,60.5,1,0,0
2026-09-09 02:05:00,143.2,0,76,59.3,1,0,0
2026-09-09 02:10:00,143.0,1,72,60.7,1,0,0
2026-09-09 02:15:00,143.2,0,73,61.7,1,0,0
2026-09-09 02:20:00,144.4,0,73,62.9,1,0,0
2026-09-09 02:25:00,146.8,1,74,63.4,1,0,0
2026-09-09 02:30:00,149.1,0,74,57.5,1,0,0
2026-09-09 02:35:00,147.8,0,73,63.7,1,0,0
2026-09-09 02:40:00,146.5,0,72,62.8,1,0,0
2026-09-09 02:45:00,145.9,0,74,62.1,1,0,0
2026-09-09 02:50:00,141.0,1,75,57.7,1,0,0
2026-09-09 02:55:00,141.2,1,76,58.3,1,0,0
2026-09-09 03:00:00,144.1,0,76,60.3,1,0,0
2026-09-09 03:05:00,145.0,0,72,59.2,1,0,0
2026-09-09 03:10:00,148.6,0,73,63.3,1,0,0
2026-09-09 03:15:00,146.1,0,74,56.1,1,0,0
2026-09-09 03:20:00,144.9,0,72,57.9,1,0,0
2026-09-09 03:25:00,144.2,2,73,60.7,1,0,0
2026-09-09 03:30:00,142.4,0,73,58.7,1,0,0
2026-09-09 03:35:00,145.6,0,72,59.4,1,0,0
2026-09-09 03:40:00,145.4,1,69,61.0,1,0,0
2026-09-09 03:45:00,144.0,0,74,58.7,1,0,0
2026-09-09 03:50:00,145.2,2,77,54.8,1,0,0
2026-09-09 03:55:00,147.3,0,77,62.9,1,0,0
2026-09-09 04:00:00,146.4,0,70,61.3,1,0,0
2026-09-09 04:05:00,148.9,3,73,60.7,1,0,0
2026-09-09 04:10:00,150.3,0,73,58.5,1,0,0
2026-09-09 04:15:00,152.9,0,71,58.3,1,0,0
2026-09-09 04:20:00,154.4,0,74,58.5,1,0,0
2026-09-09 04:25:00,154.0,0,73,60.1,1,0,0
2026-09-09 04:30:00,153.9,1,73,59.5,1,0,0
2026-09-09 04:35:00,153.8,0,72,59.8,1,0,0
2026-09-09 04:40:00,152.0,0,73,63.8,1,0,0
2026-09-09 04:45:00,152.1,0,72,60.8,1,0,0
2026-09-09 04:50:00,147.1,1,74,62.7,1,0,0
2026-09-09 04:55:00,148.9,0,71,60.4,1,0,0
2026-09-09 05:00:00,149.4,1,75,60.4,1,0,0
2026-09-09 05:05:00,148.1,1,73,61.7,1,0,0
2026-09-09 05:10:00,147.6,0,74,63.0,1,0,0
2026-09-09 05:15:00,149.0,3,72,58.8,1,0,0
2026-09-09 05:20:00,152.7,1,71,59.2,1,0,0
2026-09-09 05:25:00,152.0,1,72,60.3,1,0,0
2026-09-09 05:30:00,152.2,0,75,60.6,1,0,0
2026-09-09 05:35:00,149.9,0,73,61.5,1,0,0
2026-09-09 05:40:00,145.9,1,69,60.6,1,0,0
2026-09-09 05:45:00,146.6,1,72,59.0,1,0,0
2026-09-09 05:50:00,145.1,2,73,64.1,1,0,0
2026-09-09 05:55:00,147.0,0,71,64.0,1,0,0
2026-09-09 06:00:00,151.5,1,73,62.5,1,0,0
2026-09-09 06:05:00,150.6,0,74,59.0,1,0,0
2026-09-09 06:10:00,150.0,1,77,57.6,1,0,0
2026-09-09 06:15:00,147.8,0,76,60.0,1,0,0
2026-09-09 06:20:00,149.7,0,74,59.5,1,0,0
2026-09-09 06:25:00,149.6,0,75,60.5,1,0,0
2026-09-09 06:30:00,148.8,0,72,59.5,1,0,0
2026-09-09 06:35:00,147.5,0,75,61.9,1,0,0
2026-09-09 06:40:00,150.2,1,71,63.4,1,0,0
2026-09-09 06:45:00,153.2,9,85,39.2,0,0,0
2026-09-09 06:50:00,147.6,18,82,34.3,0,0,0
2026-09-09 06:55:00,149.7,5,84,37.5,0,0,0
2026-09-09 07:00:00,144.5,11,79,34.0,0,0,0
2026-09-09 07:05:00,143.9,12,79,37.2,0,0,0
2026-09-09 07:10:00,145.3,14,82,38.0,0,0,0
2026-09-09 07:15:00,146.9,5,78,35.7,0,0,0
2026-09-09 07:20:00,146.2,11,83,35.6,0,0,0
2026-09-09 07:25:00,147.9,9,83,36.4,0,0,0
2026-09-09 07:30:00,144.4,14,88,36.5,0,63,70
2026-09-09 07:35:00,149.1,7,84,35.5,0,0,0
2026-09-09 07:40:00,154.7,16,85,38.1,0,0,0
2026-09-09 07:45:00,156.2,535,115,39.2,0,0,0
2026-09-09 07:50:00,160.4,534,117,38.5,0,0,0
2026-09-09 07:55:00,160.9,6,85,35.7,0,0,0
2026-09-09 08:00:00,163.4,9,83,35.6,0,0,0
2026-09-09 08:05:00,164.7,4,81,36.9,0,0,0
2026-09-09 08:10:00,163.7,9,83,38.8,0,0,0
2026-09-09 08:15:00,166.8,5,80,36.9,0,0,0
2026-09-09 08:20:00,167.7,8,83,35.2,0,0,0
2026-09-09 08:25:00,167.4,16,82,36.6,0,0,0
2026-09-09 08:30:00,168.6,5,81,35.2,0,0,0
2026-09-09 08:35:00,164.5,12,82,36.0,0,0,0
2026-09-09 08:40:00,164.3,10,82,34.3,0,0,0
2026-09-09 08:45:00,162.5,6,86,35.4,0,0,0
2026-09-09 08:50:00,159.4,8,80,34.0,0,0,0
2026-09-09 08:55:00,155.8,6,78,37.7,0,0,0
2026-09-09 09:00:00,154.3,11,84,34.9,0,0,0
2026-09-09 09:05:00,152.8,10,82,33.9,0,0,0
2026-09-09 09:10:00,150.7,10,81,35.9,0,0,0
2026-09-09 09:15:00,149.7,15,83,37.5,0,0,0
2026-09-09 09:20:00,149.6,6,83,34.8,0,0,0
2026-09-09 09:25:00,148.8,9,80,34.6,0,0,0
2026-09-09 09:30:00,147.9,6,84,36.4,0,0,0
2026-09-09 09:35:00,147.5,5,81,41.6,0,0,0
2026-09-09 09:40:00,148.7,9,82,35.1,0,0,0
2026-09-09 09:45:00,150.8,17,85,36.6,0,0,0
2026-09-09 09:50:00,153.2,4,82,37.0,0,0,0
2026-09-09 09:55:00,152.7,16,83,34.4,0,0,0
2026-09-09 10:00:00,153.4,4,84,39.4,0,0,0
2026-09-09 10:05:00,156.4,7,77,35.8,0,0,0
2026-09-09 10:10:00,155.6,3,81,38.1,0,0,0
2026-09-09 10:15:00,156.2,14,81,33.6,0,0,0
2026-09-09 10:20:00,153.4,7,83,36.1,0,0,0
2026-09-09 10:25:00,155.6,5,79,36.6,0,0,0
2026-09-09 10:30:00,155.2,7,82,37.8,0,0,0
2026-09-09 10:35:00,153.7,13,83,35.9,0,0,0
2026-09-09 10:40:00,152.2,7,79,34.3,0,0,0
2026-09-09 10:45:00,150.1,18,83,35.0,0,0,0
2026-09-09 10:50:00,151.4,12,80,38.1,0,0,0
2026-09-09 10:55:00,152.5,5,83,34.2,0,0,0
2026-09-09 11:00:00,151.6,3,81,39.0,0,0,0
2026-09-09 11:05:00,149.7,6,81,38.1,0,0,0
2026-09-09 11:10:00,149.9,3,86,37.5,0,0,0
2026-09-09 11:15:00,151.2,3,79,37.9,0,0,0
2026-09-09 11:20:00,146.3,14,82,37.1,0,0,0
2026-09-09 11:25:00,147.2,20,81,35.4,0,0,0
2026-09-09 11:30:00,144.4,5,80,41.6,0,0,0
2026-09-09 11:35:00,142.3,14,81,40.0,0,0,0
2026-09-09 11:40:00,139.2,8,80,35.4,0,0,0
2026-09-09 11:45:00,136.3,15,79,35.9,0,0,0
2026-09-09 11:50:00,137.1,6,84,36.2,0,0,0
2026-09-09 11:55:00,134.6,8,82,37.7,0,0,0
2026-09-09 12:00:00,134.9,12,78,35.1,0,0,0
2026-09-09 12:05:00,135.4,8,80,38.3,0,0,0
2026-09-09 12:10:00,136.8,7,83,36.5,0,0,0
2026-09-09 12:15:00,139.4,12,82,35.5,0,0,0
2026-09-09 12:20:00,139.8,4,82,37.1,0,0,0
2026-09-09 12:25:00,142.0,4,82,38.1,0,0,0
2026-09-09 12:30:00,143.0,8,80,37.7,0,0,0
2026-09-09 12:35:00,139.7,11,80,38.3,0,0,0
2026-09-09 12:40:00,138.9,13,81,34.9,0,0,0
2026-09-09 12:45:00,141.1,10,83,35.8,0,0,0
2026-09-09 12:50:00,138.1,4,85,37.7,0,0,0
2026-09-09 12:55:00,138.2,7,82,38.4,0,0,0
2026-09-09 13:00:00,137.9,29,87,39.2,0,80,68
2026-09-09 13:05:00,148.5,12,83,37.8,0,0,0
2026-09-09 13:10:00,156.5,8,82,39.1,0,0,0
2026-09-09 13:15:00,161.5,12,85,34.2,0,0,0
2026-09-09 13:20:00,169.2,15,88,39.5,0,0,0
2026-09-09 13:25:00,172.7,9,84,40.5,0,0,0
2026-09-09 13:30:00,175.8,4,79,40.2,0,0,0
2026-09-09 13:35:00,177.8,7,82,35.2,0,0,0
2026-09-09 13:40:00,178.5,4,78,37.2,0,0,0
2026-09-09 13:45:00,178.2,3,84,42.3,0,0,0
2026-09-09 13:50:00,182.7,18,80,34.7,0,0,0
2026-09-09 13:55:00,178.8,6,81,38.2,0,0,0
2026-09-09 14:00:00,177.1,7,83,38.4,0,0,0
2026-09-09 14:05:00,182.4,4,78,39.0,0,0,0
2026-09-09 14:10:00,179.4,7,83,32.2,0,0,0
2026-09-09 14:15:00,179.1,2,79,36.5,0,0,0
2026-09-09 14:20:00,175.3,6,85,40.6,0,0,0
2026-09-09 14:25:00,173.3,14,78,36.8,0,0,0
2026-09-09 14:30:00,174.8,9,78,36.7,0,0,0
2026-09-09 14:35:00,173.4,6,79,39.9,0,0,0
2026-09-09 14:40:00,173.2,3,80,40.6,0,0,0
2026-09-09 14:45:00,170.6,3,81,35.7,0,0,0
2026-09-09 14:50:00,168.2,7,83,37.4,0,0,0
2026-09-09 14:55:00,163.0,13,79,36.8,0,0,0
2026-09-09 15:00:00,160.0,9,80,36.4,0,0,0
2026-09-09 15:05:00,158.7,9,80,37.2,0,0,0
2026-09-09 15:10:00,159.4,13,81,38.4,0,0,0
2026-09-09 15:15:00,156.4,380,103,34.7,0,0,0
2026-09-09 15:20:00,157.0,385,104,40.2,0,0,0
2026-09-09 15:25:00,155.1,14,81,35.7,0,0,0
2026-09-09 15:30:00,152.4,14,85,35.4,0,0,0
2026-09-09 15:35:00,151.0,8,84,34.8,0,0,0
2026-09-09 15:40:00,149.7,6,81,36.3,0,0,0
2026-09-09 15:45:00,151.3,5,80,39.8,0,0,0
2026-09-09 15:50:00,148.3,10,82,33.8,0,0,0
2026-09-09 15:55:00,151.9,5,79,37.2,0,0,0
2026-09-09 16:00:00,153.3,19,82,36.2,0,0,0
2026-09-09 16:05:00,155.6,11,80,36.6,0,0,0
2026-09-09 16:10:00,153.1,20,82,37.9,0,0,0
2026-09-09 16:15:00,151.0,11,78,38.5,0,0,0
2026-09-09 16:20:00,151.0,8,83,36.5,0,0,0
2026-09-09 16:25:00,152.9,2,82,35.3,0,0,0
2026-09-09 16:30:00,151.9,6,79,35.7,0,0,0
2026-09-09 16:35:00,150.5,4,81,34.0,0,0,0
2026-09-09 16:40:00,150.0,5,79,36.7,0,0,0
2026-09-09 16:45:00,147.7,8,83,42.1,0,0,0
2026-09-09 16:50:00,149.7,3,79,40.4,0,0,0
2026-09-09 16:55:00,145.7,18,83,36.0,0,0,0
2026-09-09 17:00:00,147.0,8,84,36.6,0,0,0
2026-09-09 17:05:00,145.3,7,83,37.8,0,0,0
2026-09-09 17:10:00,147.9,5,80,37.3,0,0,0
2026-09-09 17:15:00,148.1,10,81,37.5,0,0,0
2026-09-09 17:20:00,150.6,3,78,40.3,0,0,0
2026-09-09 17:25:00,156.9,1,85,37.9,0,0,0
2026-09-09 17:30:00,158.5,5,84,36.9,0,21,50
2026-09-09 17:35:00,157.0,5,80,35.8,0,0,0
2026-09-09 17:40:00,155.4,12,86,34.1,0,0,0
2026-09-09 17:45:00,155.9,439,108,38.8,0,0,0
2026-09-09 17:50:00,157.5,446,109,36.4,0,0,0
2026-09-09 17:55:00,159.6,10,84,41.0,0,0,0
2026-09-09 18:00:00,158.1,8,76,34.0,0,0,0
2026-09-09 18:05:00,155.0,6,82,40.2,0,0,0
2026-09-09 18:10:00,156.8,3,82,37.6,0,0,0
2026-09-09 18:15:00,154.2,6,83,38.7,0,0,0
2026-09-09 18:20:00,154.6,7,80,35.3,0,0,0
2026-09-09 18:25:00,150.3,3,83,36.4,0,0,0
2026-09-09 18:30:00,154.4,11,82,36.4,0,0,0
2026-09-09 18:35:00,154.6,7,79,35.0,0,0,0
2026-09-09 18:40:00,154.8,4,78,37.9,0,0,0
2026-09-09 18:45:00,152.8,8,83,42.7,0,0,0
2026-09-09 18:50:00,151.7,7,82,36.6,0,0,0
2026-09-09 18:55:00,149.8,13,82,34.7,0,0,0
2026-09-09 19:00:00,150.9,8,85,35.5,0,0,0
2026-09-09 19:05:00,149.5,4,81,37.9,0,0,0
2026-09-09 19:10:00,150.2,16,81,33.2,0,0,0
2026-09-09 19:15:00,148.3,3,81,37.5,0,0,0
2026-09-09 19:20:00,148.1,19,85,35.9,0,0,0
2026-09-09 19:25:00,146.3,7,80,34.1,0,0,0
2026-09-09 19:30:00,146.2,3,83,36.2,0,0,0
2026-09-09 19:35:00,144.9,16,81,37.5,0,0,0
2026-09-09 19:40:00,146.7,11,82,42.1,0,0,0
2026-09-09 19:45:00,147.7,7,81,37.5,0,0,0
2026-09-09 19:50:00,146.1,9,83,37.7,0,0,0
2026-09-09 19:55:00,151.6,13,82,35.7,0,0,0
2026-09-09 20:00:00,151.3,5,81,39.6,0,0,0
2026-09-09 20:05:00,151.0,8,80,36.9,0,0,0
2026-09-09 20:10:00,152.4,18,82,37.6,0,0,0
2026-09-09 20:15:00,152.2,7,82,38.8,0,0,0
2026-09-09 20:20:00,151.1,8,83,38.0,0,0,0
2026-09-09 20:25:00,149.8,6,83,39.2,0,0,0
2026-09-09 20:30:00,147.6,5,86,36.2,0,0,0
2026-09-09 20:35:00,145.8,9,80,35.3,0,0,0
2026-09-09 20:40:00,146.8,6,82,36.2,0,0,0
2026-09-09 20:45:00,145.2,10,79,36.9,0,0,0
2026-09-09 20:50:00,143.5,15,82,36.6,0,0,0
2026-09-09 20:55:00,143.4,4,82,38.3,0,0,0
2026-09-09 21:00:00,142.6,3,83,32.2,0,0,0
2026-09-09 21:05:00,144.9,11,81,39.0,0,0,0
2026-09-09 21:10:00,147.8,3,84,39.0,0,90,75
2026-09-09 21:15:00,160.9,8,83,39.6,0,0,0
2026-09-09 21:20:00,171.1,3,83,39.7,0,0,0
2026-09-09 21:25:00,177.4,6,84,31.8,0,0,0
2026-09-09 21:30:00,180.1,5,84,39.3,0,0,0
2026-09-09 21:35:00,186.3,15,86,36.1,0,0,0
2026-09-09 21:40:00,187.7,9,83,36.8,0,0,0
2026-09-09 21:45:00,193.0,8,83,37.5,0,0,0
2026-09-09 21:50:00,192.4,0,72,61.6,1,0,0
2026-09-09 21:55:00,192.7,0,75,56.7,1,0,0
2026-09-09 22:00:00,193.5,0,74,62.3,1,0,0
2026-09-09 22:05:00,191.7,0,73,56.3,1,0,0
2026-09-09 22:10:00,191.7,0,74,61.2,1,0,0
2026-09-09 22:15:00,191.0,0,69,61.1,1,0,0
2026-09-09 22:20:00,190.9,0,71,60.1,1,0,0
2026-09-09 22:25:00,189.3,1,70,57.6,1,0,0
2026-09-09 22:30:00,187.6,1,74,58.5,1,0,0
2026-09-09 22:35:00,185.8,0,76,61.8,1,0,0
2026-09-09 22:40:00,183.1,0,75,61.8,1,0,0
2026-09-09 22:45:00,179.5,1,74,59.7,1,0,0
2026-09-09 22:50:00,176.6,1,72,58.2,1,0,0
2026-09-09 22:55:00,171.3,2,73,61.0,1,0,0
2026-09-09 23:00:00,166.5,1,75,59.7,1,0,0
2026-09-09 23:05:00,163.0,0,71,57.9,1,0,0
2026-09-09 23:10:00,163.7,0,73,57.0,1,0,0
2026-09-09 23:15:00,162.6,0,72,58.2,1,0,0
2026-09-09 23:20:00,161.8,0,76,56.7,1,0,0
2026-09-09 23:25:00,159.5,1,74,58.8,1,0,0
2026-09-09 23:30:00,156.1,0,76,59.2,1,0,0
2026-09-09 23:35:00,156.5,0,75,59.6,1,0,0
2026-09-09 23:40:00,151.1,1,75,64.3,1,0,0
2026-09-09 23:45:00,149.5,1,74,59.2,1,0,0
2026-09-09 23:50:00,150.9,1,70,59.3,1,0,0
2026-09-09 23:55:00,148.5,0,73,60.0,1,0,0
2026-09-10 00:00:00,148.9,0,70,59.0,1,0,0
2026-09-10 00:05:00,144.8,0,70,59.0,1,0,0
2026-09-10 00:10:00,148.0,0,75,62.1,1,0,0
2026-09-10 00:15:00,149.3,0,75,59.6,1,0,0
2026-09-10 00:20:00,150.5,0,74,62.4,1,0,0
2026-09-10 00:25:00,149.0,0,70,58.0,1,0,0
2026-09-10 00:30:00,151.3,0,73,60.4,1,0,0
2026-09-10 00:35:00,150.8,2,74,57.0,1,0,0
2026-09-10 00:40:00,148.8,0,73,63.2,1,0,0
2026-09-10 00:45:00,146.8,0,71,62.0,1,0,0
2026-09-10 00:50:00,147.1,0,73,59.5,1,0,0
2026-09-10 00:55:00,148.3,0,74,59.0,1,0,0
2026-09-10 01:00:00,148.6,0,73,59.1,1,0,0
2026-09-10 01:05:00,148.9,0,72,60.8,1,0,0
2026-09-10 01:10:00,147.1,0,75,59.7,1,0,0
2026-09-10 01:15:00,145.0,0,72,57.4,1,0,0
2026-09-10 01:20:00,146.7,2,70,60.2,1,0,0
2026-09-10 01:25:00,146.4,0,72,58.0,1,0,0
2026-09-10 01:30:00,147.7,1,73,60.8,1,0,0
2026-09-10 01:35:00,151.6,0,74,62.9,1,0,0
2026-09-10 01:40:00,150.9,0,74,57.4,1,0,0
2026-09-10 01:45:00,156.9,0,75,57.4,1,0,0
2026-09-10 01:50:00,154.5,0,73,61.6,1,0,0
2026-09-10 01:55:00,154.9,1,73,57.0,1,0,0
2026-09-10 02:00:00,152.9,0,73,58.5,1,0,0
2026-09-10 02:05:00,151.9,0,73,56.7,1,0,0
2026-09-10 02:10:00,151.2,0,73,58.2,1,0,0
2026-09-10 02:15:00,152.5,1,74,57.5,1,0,0
2026-09-10 02:20:00,151.0,1,69,61.0,1,0,0
2026-09-10 02:25:00,151.1,0,70,57.3,1,0,0
2026-09-10 02:30:00,148.9,1,72,58.9,1,0,0
2026-09-10 02:35:00,148.9,0,75,58.7,1,0,0
2026-09-10 02:40:00,149.7,1,73,58.8,1,0,0
2026-09-10 02:45:00,148.2,1,74,59.3,1,0,0
2026-09-10 02:50:00,149.8,0,70,59.3,1,0,0
2026-09-10 02:55:00,149.4,0,78,61.0,1,0,0
2026-09-10 03:00:00,151.8,0,74,55.9,1,0,0
2026-09-10 03:05:00,151.7,0,72,58.5,1,0,0
2026-09-10 03:10:00,150.7,0,71,59.5,1,0,0
2026-09-10 03:15:00,149.9,1,74,58.6,1,0,0
2026-09-10 03:20:00,148.6,0,71,59.8,1,0,0
2026-09-10 03:25:00,151.7,0,74,58.7,1,0,0
2026-09-10 03:30:00,149.8,1,72,55.5,1,0,0
2026-09-10 03:35:00,151.2,0,71,57.4,1,0,0
2026-09-10 03:40:00,148.4,1,75,58.8,1,0,0
2026-09-10 03:45:00,149.6,0,74,59.3,1,0,0
2026-09-10 03:50:00,148.0,1,75,62.5,1,0,0
2026-09-10 03:55:00,149.3,0,79,56.7,1,0,0
2026-09-10 04:00:00,148.7,0,71,60.4,1,0,0
2026-09-10 04:05:00,147.3,1,73,62.0,1,0,0
2026-09-10 04:10:00,149.7,0,74,56.4,1,0,0
2026-09-10 04:15:00,150.1,0,72,57.4,1,0,0
2026-09-10 04:20:00,147.6,0,75,59.0,1,0,0
2026-09-10 04:25:00,146.7,1,75,59.5,1,0,0
2026-09-10 04:30:00,144.6,2,74,59.7,1,0,0
2026-09-10 04:35:00,142.2,0,75,61.3,1,0,0
2026-09-10 04:40:00,145.8,0,72,57.0,1,0,0
2026-09-10 04:45:00,147.7,0,73,59.2,1,0,0
2026-09-10 04:50:00,150.8,1,74,59.2,1,0,0
2026-09-10 04:55:00,149.7,0,70,58.9,1,0,0
2026-09-10 05:00:00,147.6,0,72,57.8,1,0,0
2026-09-10 05:05:00,146.9,1,73,57.7,1,0,0
2026-09-10 05:10:00,148.5,0,75,60.8,1,0,0
2026-09-10 05:15:00,153.0,0,71,61.5,1,0,0
2026-09-10 05:20:00,158.3,1,73,61.4,1,0,0
2026-09-10 05:25:00,154.8,1,77,58.4,1,0,0
2026-09-10 05:30:00,155.1,0,74,61.9,1,0,0
2026-09-10 05:35:00,157.3,0,74,56.9,1,0,0
2026-09-10 05:40:00,154.7,1,77,57.6,1,0,0
2026-09-10 05:45:00,158.2,0,73,56.6,1,0,0
2026-09-10 05:50:00,161.0,0,69,59.3,1,0,0
2026-09-10 05:55:00,163.8,0,75,58.9,1,0,0
2026-09-10 06:00:00,163.2,0,71,56.1,1,0,0
2026-09-10 06:05:00,165.0,0,73,60.7,1,0,0
2026-09-10 06:10:00,164.4,0,75,59.1,1,0,0
2026-09-10 06:15:00,164.2,1,76,57.6,1,0,0
2026-09-10 06:20:00,165.0,4,80,37.4,0,0,0
2026-09-10 06:25:00,165.5,4,80,39.2,0,0,0
2026-09-10 06:30:00,164.0,9,81,35.1,0,0,0
2026-09-10 06:35:00,164.9,5,82,35.6,0,0,0
2026-09-10 06:40:00,162.5,12,81,34.6,0,0,0
2026-09-10 06:45:00,159.6,7,81,33.8,0,0,0
2026-09-10 06:50:00,159.6,15,81,35.1,0,0,0
2026-09-10 06:55:00,161.1,8,83,38.6,0,0,0
2026-09-10 07:00:00,160.1,5,84,37.2,0,0,0
2026-09-10 07:05:00,158.9,12,82,36.8,0,0,0
2026-09-10 07:10:00,159.4,9,85,37.7,0,0,0
2026-09-10 07:15:00,157.6,6,84,33.0,0,0,0
2026-09-10 07:20:00,156.7,6,78,33.3,0,0,0
2026-09-10 07:25:00,157.9,14,80,33.4,0,0,0
2026-09-10 07:30:00,156.6,9,79,33.7,0,0,0
2026-09-10 07:35:00,157.8,2,80,36.8,0,0,0
2026-09-10 07:40:00,158.3,7,81,35.4,0,0,0
2026-09-10 07:45:00,157.1,3,81,37.0,0,0,0
2026-09-10 07:50:00,155.5,4,80,33.1,0,0,0
2026-09-10 07:55:00,155.6,8,85,36.0,0,0,0
2026-09-10 08:00:00,152.1,8,83,34.8,0,0,0
2026-09-10 08:05:00,151.4,10,83,37.7,0,0,0
2026-09-10 08:10:00,149.7,9,81,36.4,0,0,0
2026-09-10 08:15:00,151.5,16,84,40.0,0,52,70
2026-09-10 08:20:00,157.1,10,83,36.9,0,0,0
2026-09-10 08:25:00,164.4,14,87,37.1,0,0,0
2026-09-10 08:30:00,168.2,12,83,35.1,0,0,0
2026-09-10 08:35:00,170.2,14,84,34.7,0,0,0
2026-09-10 08:40:00,173.1,11,85,35.3,0,0,0
2026-09-10 08:45:00,173.7,8,83,36.1,0,0,0
2026-09-10 08:50:00,170.7,24,81,39.5,0,0,0
2026-09-10 08:55:00,168.3,7,81,32.7,0,0,0
2026-09-10 09:00:00,169.7,9,87,33.9,0,0,0
2026-09-10 09:05:00,169.4,11,80,34.7,0,0,0
2026-09-10 09:10:00,172.4,13,83,36.3,0,0,0
2026-09-10 09:15:00,172.2,18,81,36.5,0,0,0
2026-09-10 09:20:00,171.9,9,83,39.1,0,0,0
2026-09-10 09:25:00,171.3,3,79,37.9,0,0,0
2026-09-10 09:30:00,170.8,8,84,38.2,0,0,0
2026-09-10 09:35:00,164.7,14,81,37.8,0,0,0
2026-09-10 09:40:00,163.7,15,82,32.9,0,0,0
2026-09-10 09:45:00,164.7,12,81,35.9,0,0,0
2026-09-10 09:50:00,164.8,1,82,36.1,0,0,0
2026-09-10 09:55:00,163.5,10,83,33.9,0,0,0
2026-09-10 10:00:00,161.3,2,80,36.9,0,0,0
2026-09-10 10:05:00,162.8,10,82,35.4,0,0,0
2026-09-10 10:10:00,162.4,6,83,37.9,0,0,0
2026-09-10 10:15:00,160.4,18,82,32.0,0,0,0
2026-09-10 10:20:00,158.3,12,85,35.1,0,0,0
2026-09-10 10:25:00,156.5,4,83,37.8,0,0,0
2026-09-10 10:30:00,153.4,11,82,35.7,0,0,0
2026-09-10 10:35:00,153.3,7,81,38.3,0,0,0
2026-09-10 10:40:00,154.2,9,78,40.1,0,0,0
2026-09-10 10:45:00,155.6,4,78,33.8,0,0,0
2026-09-10 10:50:00,157.6,2,83,36.2,0,0,0
2026-09-10 10:55:00,152.6,8,80,35.7,0,0,0
2026-09-10 11:00:00,150.3,13,84,38.6,0,0,0
2026-09-10 11:05:00,151.1,13,83,37.5,0,0,0
2026-09-10 11:10:00,151.5,5,81,37.1,0,0,0
2026-09-10 11:15:00,151.6,12,80,37.3,0,0,0
2026-09-10 11:20:00,152.2,11,80,35.5,0,0,0
2026-09-10 11:25:00,152.1,4,81,36.8,0,0,0
2026-09-10 11:30:00,151.5,7,78,39.3,0,0,0
2026-09-10 11:35:00,149.9,26,85,37.0,0,0,0
2026-09-10 11:40:00,150.3,10,80,36.8,0,0,0
2026-09-10 11:45:00,149.3,6,80,36.7,0,0,0
2026-09-10 11:50:00,147.0,3,80,34.9,0,0,0
2026-09-10 11:55:00,144.4,4,79,34.8,0,0,0
2026-09-10 12:00:00,143.5,13,83,36.3,0,0,0
2026-09-10 12:05:00,143.8,6,80,36.6,0,0,0
2026-09-10 12:10:00,144.5,4,82,34.6,0,0,0
2026-09-10 12:15:00,143.4,4,79,36.6,0,0,0
2026-09-10 12:20:00,141.0,5,78,36.6,0,0,0
2026-09-10 12:25:00,144.9,5,82,35.6,0,0,0
2026-09-10 12:30:00,142.4,8,81,36.0,0,0,0
2026-09-10 12:35:00,145.8,10,80,39.0,0,0,0
2026-09-10 12:40:00,147.2,8,82,37.9,0,0,0
2026-09-10 12:45:00,148.3,12,85,41.8,0,0,0
2026-09-10 12:50:00,144.1,8,83,37.5,0,0,0
2026-09-10 12:55:00,146.7,13,85,35.1,0,0,0
2026-09-10 13:00:00,148.3,4,82,34.2,0,0,0
2026-09-10 13:05:00,147.7,6,82,35.4,0,0,0
2026-09-10 13:10:00,150.5,21,82,33.0,0,0,0
2026-09-10 13:15:00,151.0,20,84,40.9,0,0,0
2026-09-10 13:20:00,153.1,9,83,36.9,0,0,0
2026-09-10 13:25:00,152.0,11,83,33.6,0,0,0
2026-09-10 13:30:00,149.8,8,82,36.5,0,52,55
2026-09-10 13:35:00,151.9,3,81,34.1,0,0,0
2026-09-10 13:40:00,156.7,2,85,36.4,0,0,0
2026-09-10 13:45:00,154.6,448,116,32.9,0,0,0
2026-09-10 13:50:00,160.8,457,109,38.3,0,0,0
2026-09-10 13:55:00,162.6,11,87,38.6,0,0,0
2026-09-10 14:00:00,162.8,11,78,35.0,0,0,0
2026-09-10 14:05:00,164.8,9,84,39.2,0,0,0
2026-09-10 14:10:00,163.8,6,81,34.1,0,0,0
2026-09-10 14:15:00,166.1,9,81,36.9,0,0,0
2026-09-10 14:20:00,171.3,21,83,39.4,0,0,0
2026-09-10 14:25:00,166.3,9,81,37.5,0,0,0
2026-09-10 14:30:00,167.5,8,80,37.0,0,0,0
2026-09-10 14:35:00,164.4,6,81,37.4,0,0,0
2026-09-10 14:40:00,160.5,4,82,34.1,0,0,0
2026-09-10 14:45:00,161.8,6,78,38.2,0,0,0
2026-09-10 14:50:00,160.4,9,80,35.4,0,0,0
2026-09-10 14:55:00,160.7,11,82,34.0,0,0,0
2026-09-10 15:00:00,159.1,5,81,39.7,0,0,0
2026-09-10 15:05:00,156.7,9,81,36.5,0,0,0
2026-09-10 15:10:00,154.0,16,83,33.1,0,0,0
2026-09-10 15:15:00,155.1,6,81,32.7,0,0,0
2026-09-10 15:20:00,155.2,5,82,31.8,0,0,0
2026-09-10 15:25:00,154.3,6,84,35.2,0,0,0
2026-09-10 15:30:00,150.4,10,84,38.8,0,0,0
2026-09-10 15:35:00,150.7,6,80,35.1,0,0,0
2026-09-10 15:40:00,151.3,8,82,34.3,0,0,0
2026-09-10 15:45:00,150.1,7,81,39.7,0,0,0
2026-09-10 15:50:00,147.2,9,81,38.1,0,0,0
2026-09-10 15:55:00,146.9,9,84,39.4,0,0,0
2026-09-10 16:00:00,147.0,11,82,38.2,0,0,0
2026-09-10 16:05:00,146.7,397,107,35.6,0,0,0
2026-09-10 16:10:00,148.5,401,108,38.6,0,0,0
2026-09-10 16:15:00,148.6,406,107,35.6,0,0,0
2026-09-10 16:20:00,148.4,7,79,35.0,0,0,0
2026-09-10 16:25:00,149.1,14,85,36.9,0,0,0
2026-09-10 16:30:00,151.4,16,83,36.6,0,0,0
2026-09-10 16:35:00,150.0,7,84,35.7,0,0,0
2026-09-10 16:40:00,147.6,7,82,36.4,0,0,0
2026-09-10 16:45:00,145.6,4,84,36.3,0,0,0
2026-09-10 16:50:00,146.2,1,81,39.0,0,0,0
2026-09-10 16:55:00,143.0,6,81,35.6,0,0,0
2026-09-10 17:00:00,142.1,4,85,33.7,0,16,35
2026-09-10 17:05:00,143.8,1,83,35.0,0,0,0
2026-09-10 17:10:00,143.5,3,85,40.4,0,0,0
2026-09-10 17:15:00,146.0,549,117,36.8,0,0,0
2026-09-10 17:20:00,152.3,559,117,39.9,0,0,0
2026-09-10 17:25:00,154.1,13,83,39.2,0,0,0
2026-09-10 17:30:00,153.1,18,85,38.7,0,0,0
2026-09-10 17:35:00,153.3,15,84,38.3,0,0,0
2026-09-10 17:40:00,151.5,16,83,34.3,0,0,0
2026-09-10 17:45:00,154.3,11,82,36.5,0,0,0
2026-09-10 17:50:00,151.0,4,79,37.5,0,0,0
2026-09-10 17:55:00,152.9,11,79,36.0,0,0,0
2026-09-10 18:00:00,153.2,8,81,36.5,0,0,0
2026-09-10 18:05:00,153.4,7,83,32.3,0,0,0
2026-09-10 18:10:00,150.8,6,80,36.2,0,0,0
2026-09-10 18:15:00,151.8,7,81,35.0,0,0,0
2026-09-10 18:20:00,150.4,7,82,33.8,0,0,0
2026-09-10 18:25:00,152.6,7,80,34.1,0,0,0
2026-09-10 18:30:00,154.2,4,81,36.4,0,0,0
2026-09-10 18:35:00,151.9,15,79,35.4,0,0,0
2026-09-10 18:40:00,156.4,3,80,35.7,0,0,0
2026-09-10 18:45:00,152.4,8,80,36.0,0,0,0
2026-09-10 18:50:00,151.0,10,83,38.0,0,0,0
2026-09-10 18:55:00,151.6,10,84,33.5,0,0,0
2026-09-10 19:00:00,149.9,9,82,37.5,0,0,0
2026-09-10 19:05:00,149.8,6,85,40.5,0,0,0
2026-09-10 19:10:00,148.6,8,83,36.7,0,0,0
2026-09-10 19:15:00,151.1,5,81,32.3,0,0,0
2026-09-10 19:20:00,152.1,6,81,36.6,0,0,0
2026-09-10 19:25:00,149.6,24,82,36.1,0,0,0
2026-09-10 19:30:00,149.5,9,82,35.8,0,0,0
2026-09-10 19:35:00,148.7,2,82,37.3,0,0,0
2026-09-10 19:40:00,147.5,10,81,33.5,0,0,0
2026-09-10 19:45:00,147.0,6,81,33.8,0,0,0
2026-09-10 19:50:00,145.5,6,82,38.8,0,0,0
2026-09-10 19:55:00,145.2,5,77,36.1,0,0,0
2026-09-10 20:00:00,148.1,15,83,38.1,0,0,0
2026-09-10 20:05:00,148.1,12,78,36.3,0,0,0
2026-09-10 20:10:00,149.1,3,77,37.7,0,0,0
2026-09-10 20:15:00,147.3,6,83,39.6,0,0,0
2026-09-10 20:20:00,145.8,7,78,34.7,0,0,0
2026-09-10 20:25:00,145.7,4,82,37.2,0,0,0
2026-09-10 20:30:00,142.1,6,80,33.0,0,0,0
2026-09-10 20:35:00,144.5,12,81,40.4,0,0,0
2026-09-10 20:40:00,148.2,11,83,34.7,0,0,0
2026-09-10 20:45:00,148.0,8,80,33.6,0,0,0
2026-09-10 20:50:00,147.7,1,79,36.6,0,0,0
2026-09-10 20:55:00,146.1,4,77,39.4,0,0,0
2026-09-10 21:00:00,143.7,5,86,36.6,0,0,0
2026-09-10 21:05:00,141.9,7,81,37.2,0,0,0
2026-09-10 21:10:00,137.6,7,85,32.4,0,0,0
2026-09-10 21:15:00,140.1,4,85,35.9,0,64,55
2026-09-10 21:20:00,146.7,9,87,38.6,0,0,0
2026-09-10 21:25:00,152.8,8,85,38.7,0,0,0
2026-09-10 21:30:00,158.4,12,83,40.0,0,0,0
2026-09-10 21:35:00,164.6,5,88,36.3,0,0,0
2026-09-10 21:40:00,167.2,15,83,32.9,0,0,0
2026-09-10 21:45:00,168.1,14,82,34.3,0,0,0
2026-09-10 21:50:00,168.2,5,85,35.1,0,0,0
2026-09-10 21:55:00,171.1,8,80,35.5,0,0,0
2026-09-10 22:00:00,171.3,6,80,36.9,0,0,0
2026-09-10 22:05:00,172.2,16,86,39.7,0,0,0
2026-09-10 22:10:00,173.2,11,79,36.1,0,0,0
2026-09-10 22:15:00,175.4,6,79,34.3,0,0,0
2026-09-10 22:20:00,172.5,4,75,40.2,0,0,0
2026-09-10 22:25:00,169.0,4,81,34.6,0,0,0
2026-09-10 22:30:00,170.9,10,80,37.1,0,0,0
2026-09-10 22:35:00,167.2,8,83,34.5,0,0,0
2026-09-10 22:40:00,165.1,8,81,35.9,0,0,0
2026-09-10 22:45:00,164.3,9,79,34.8,0,0,0
2026-09-10 22:50:00,161.5,8,84,36.3,0,0,0
2026-09-10 22:55:00,158.1,6,78,37.8,0,0,0
2026-09-10 23:00:00,160.6,6,86,35.3,0,0,0
2026-09-10 23:05:00,158.5,12,80,35.8,0,0,0
2026-09-10 23:10:00,158.1,6,81,37.3,0,0,0
2026-09-10 23:15:00,158.6,1,73,61.8,1,0,0
2026-09-10 23:20:00,158.2,0,74,60.0,1,0,0
2026-09-10 23:25:00,158.8,0,76,57.1,1,0,0
2026-09-10 23:30:00,156.5,0,74,58.0,1,0,0
2026-09-10 23:35:00,155.6,0,75,58.8,1,0,0
2026-09-10 23:40:00,154.8,2,73,59.7,1,0,0
2026-09-10 23:45:00,153.1,0,73,58.3,1,0,0
2026-09-10 23:50:00,153.8,1,74,60.3,1,0,0
2026-09-10 23:55:00,156.1,0,71,60.6,1,0,0
2026-09-11 00:00:00,152.3,1,76,63.0,1,0,0
2026-09-11 00:05:00,150.0,0,72,65.4,1,0,0
2026-09-11 00:10:00,149.6,0,74,59.4,1,0,0
2026-09-11 00:15:00,150.7,0,75,59.7,1,0,0
2026-09-11 00:20:00,152.7,1,72,57.9,1,0,0
2026-09-11 00:25:00,150.1,2,71,62.3,1,0,0
2026-09-11 00:30:00,152.9,1,73,59.6,1,0,0
2026-09-11 00:35:00,153.8,2,70,60.4,1,0,0
2026-09-11 00:40:00,153.4,0,72,61.0,1,0,0
2026-09-11 00:45:00,148.1,0,76,59.7,1,0,0
2026-09-11 00:50:00,146.2,0,71,58.1,1,0,0
2026-09-11 00:55:00,142.0,0,72,59.7,1,0,0
2026-09-11 01:00:00,140.1,0,71,62.1,1,0,0
2026-09-11 01:05:00,140.2,0,75,61.3,1,0,0
2026-09-11 01:10:00,143.9,0,73,63.6,1,0,0
2026-09-11 01:15:00,144.7,0,74,58.7,1,0,0
2026-09-11 01:20:00,142.2,0,76,61.8,1,0,0
2026-09-11 01:25:00,140.6,0,74,60.0,1,0,0
2026-09-11 01:30:00,138.5,0,74,59.3,1,0,0
2026-09-11 01:35:00,138.8,1,73,59.6,1,0,0
2026-09-11 01:40:00,137.5,0,75,62.0,1,0,0
2026-09-11 01:45:00,134.2,0,75,55.1,1,0,0
2026-09-11 01:50:00,135.3,0,73,63.2,1,0,0
2026-09-11 01:55:00,137.2,1,68,56.6,1,0,0
2026-09-11 02:00:00,136.5,0,72,59.9,1,0,0
2026-09-11 02:05:00,139.9,0,73,60.6,1,0,0
2026-09-11 02:10:00,140.9,0,72,60.4,1,0,0
2026-09-11 02:15:00,142.7,0,73,57.9,1,0,0
2026-09-11 02:20:00,141.9,0,75,61.8,1,0,0
2026-09-11 02:25:00,145.4,1,74,58.9,1,0,0
2026-09-11 02:30:00,146.7,0,72,59.8,1,0,0
2026-09-11 02:35:00,145.9,1,71,60.2,1,0,0
2026-09-11 02:40:00,146.8,0,72,62.5,1,0,0
2026-09-11 02:45:00,145.5,0,73,56.5,1,0,0
2026-09-11 02:50:00,147.6,1,75,64.8,1,0,0
2026-09-11 02:55:00,145.8,0,72,62.3,1,0,0
2026-09-11 03:00:00,146.0,0,71,61.0,1,0,0
2026-09-11 03:05:00,149.2,0,73,61.0,1,0,0
2026-09-11 03:10:00,152.0,1,73,58.2,1,0,0
2026-09-11 03:15:00,153.9,0,74,61.2,1,0,0
2026-09-11 03:20:00,150.5,0,74,61.6,1,0,0
2026-09-11 03:25:00,148.1,0,72,58.3,1,0,0
2026-09-11 03:30:00,148.5,0,75,60.6,1,0,0
2026-09-11 03:35:00,146.3,0,73,61.7,1,0,0
2026-09-11 03:40:00,145.2,1,73,58.4,1,0,0
2026-09-11 03:45:00,143.8,1,74,60.4,1,0,0
2026-09-11 03:50:00,141.6,0,72,59.6,1,0,0
2026-09-11 03:55:00,142.7,0,72,61.0,1,0,0
2026-09-11 04:00:00,141.4,1,72,61.3,1,0,0
2026-09-11 04:05:00,141.1,0,74,60.8,1,0,0
2026-09-11 04:10:00,142.5,1,74,61.8,1,0,0
2026-09-11 04:15:00,145.8,0,72,59.7,1,0,0
2026-09-11 04:20:00,147.4,0,72,61.1,1,0,0
2026-09-11 04:25:00,148.4,1,70,61.2,1,0,0
2026-09-11 04:30:00,148.8,0,71,59.8,1,0,0
2026-09-11 04:35:00,149.8,0,74,60.1,1,0,0
2026-09-11 04:40:00,150.1,0,72,59.6,1,0,0
2026-09-11 04:45:00,149.0,0,74,59.8,1,0,0
2026-09-11 04:50:00,151.8,1,74,58.5,1,0,0
2026-09-11 04:55:00,148.9,0,76,60.1,1,0,0
2026-09-11 05:00:00,145.5,1,76,59.4,1,0,0
2026-09-11 05:05:00,147.3,1,72,57.8,1,0,0
2026-09-11 05:10:00,146.7,1,76,64.5,1,0,0
2026-09-11 05:15:00,147.5,1,73,60.2,1,0,0
2026-09-11 05:20:00,149.9,0,73,59.5,1,0,0
2026-09-11 05:25:00,149.8,0,75,64.0,1,0,0
2026-09-11 05:30:00,146.9,0,76,64.0,1,0,0
2026-09-11 05:35:00,152.1,0,74,57.5,1,0,0
2026-09-11 05:40:00,151.0,0,74,61.9,1,0,0
2026-09-11 05:45:00,150.5,0,75,61.7,1,0,0
2026-09-11 05:50:00,149.9,1,72,62.6,1,0,0
2026-09-11 05:55:00,150.2,0,74,58.4,1,0,0
2026-09-11 06:00:00,146.9,0,71,58.0,1,0,0
2026-09-11 06:05:00,143.9,0,74,62.6,1,0,0
2026-09-11 06:10:00,149.6,0,70,61.8,1,0,0
2026-09-11 06:15:00,148.7,1,74,57.9,1,0,0
2026-09-11 06:20:00,150.0,0,71,58.4,1,0,0
2026-09-11 06:25:00,149.6,0,72,57.3,1,0,0
2026-09-11 06:30:00,149.7,0,74,55.9,1,0,0
2026-09-11 06:35:00,149.4,1,74,57.9,1,0,0
2026-09-11 06:40:00,148.9,4,81,36.6,0,0,0
2026-09-11 06:45:00,149.2,6,78,33.4,0,0,0
2026-09-11 06:50:00,146.5,9,80,37.9,0,0,0
2026-09-11 06:55:00,148.1,11,80,35.6,0,0,0
2026-09-11 07:00:00,148.7,22,78,39.0,0,0,0
2026-09-11 07:05:00,150.0,9,84,36.1,0,0,0
2026-09-11 07:10:00,151.3,16,80,34.8,0,0,0
2026-09-11 07:15:00,149.0,2,80,35.0,0,0,0
2026-09-11 07:20:00,149.5,10,86,40.8,0,0,0
2026-09-11 07:25:00,147.1,23,84,37.2,0,0,0
2026-09-11 07:30:00,148.8,16,87,37.5,0,40,70
2026-09-11 07:35:00,152.8,6,85,34.4,0,0,0
2026-09-11 07:40:00,157.6,9,84,36.3,0,0,0
2026-09-11 07:45:00,160.8,8,86,38.2,0,0,0
2026-09-11 07:50:00,161.8,8,81,38.8,0,0,0
2026-09-11 07:55:00,162.6,3,84,40.2,0,0,0
2026-09-11 08:00:00,170.5,12,82,38.2,0,0,0
2026-09-11 08:05:00,171.9,7,79,34.2,0,0,0
2026-09-11 08:10:00,177.0,16,83,36.1,0,0,0
2026-09-11 08:15:00,177.1,11,82,39.6,0,0,0
2026-09-11 08:20:00,173.1,10,85,35.8,0,0,0
2026-09-11 08:25:00,170.0,9,79,38.3,0,0,0
2026-09-11 08:30:00,171.1,10,80,38.7,0,0,0
2026-09-11 08:35:00,169.4,3,79,34.5,0,0,0
2026-09-11 08:40:00,169.0,3,81,36.7,0,0,0
2026-09-11 08:45:00,168.8,8,81,36.8,0,0,0
2026-09-11 08:50:00,167.1,4,80,40.0,0,0,0
2026-09-11 08:55:00,162.7,8,81,37.4,0,0,0
2026-09-11 09:00:00,162.8,5,80,37.2,0,0,0
2026-09-11 09:05:00,163.1,8,80,36.6,0,0,0
2026-09-11 09:10:00,159.7,5,80,35.3,0,0,0
2026-09-11 09:15:00,159.8,5,83,34.9,0,0,0
2026-09-11 09:20:00,160.5,4,84,37.0,0,0,0
2026-09-11 09:25:00,158.4,6,80,34.2,0,0,0
2026-09-11 09:30:00,155.0,3,82,37.2,0,0,0
2026-09-11 09:35:00,155.6,6,85,37.7,0,0,0
2026-09-11 09:40:00,155.6,3,79,36.6,0,0,0
2026-09-11 09:45:00,156.5,11,83,35.6,0,0,0
2026-09-11 09:50:00,155.5,5,82,34.4,0,0,0
2026-09-11 09:55:00,155.9,10,76,36.9,0,0,0
2026-09-11 10:00:00,155.4,2,81,37.3,0,0,0
2026-09-11 10:05:00,156.4,4,82,34.7,0,0,0
2026-09-11 10:10:00,155.6,5,82,38.6,0,0,0
2026-09-11 10:15:00,155.8,7,85,35.2,0,0,0
2026-09-11 10:20:00,152.6,5,82,37.0,0,0,0
2026-09-11 10:25:00,154.6,5,83,37.4,0,0,0
2026-09-11 10:30:00,151.8,11,80,34.5,0,0,0
2026-09-11 10:35:00,151.7,8,81,38.4,0,0,0
2026-09-11 10:40:00,150.8,18,81,36.8,0,0,0
2026-09-11 10:45:00,149.7,6,82,35.3,0,0,0
2026-09-11 10:50:00,147.8,5,80,37.7,0,0,0
2026-09-11 10:55:00,148.2,7,84,36.9,0,0,0
2026-09-11 11:00:00,149.3,13,78,38.9,0,0,0
2026-09-11 11:05:00,147.7,18,80,36.9,0,0,0
2026-09-11 11:10:00,146.0,4,84,35.1,0,0,0
2026-09-11 11:15:00,144.4,4,80,37.9,0,0,0
2026-09-11 11:20:00,145.7,3,80,36.1,0,0,0
2026-09-11 11:25:00,147.4,11,85,36.2,0,0,0
2026-09-11 11:30:00,147.0,19,82,37.2,0,0,0
2026-09-11 11:35:00,145.9,11,83,37.2,0,0,0
2026-09-11 11:40:00,143.3,4,81,37.2,0,0,0
2026-09-11 11:45:00,145.9,13,82,38.3,0,0,0
2026-09-11 11:50:00,144.5,5,85,38.0,0,0,0
2026-09-11 11:55:00,143.7,13,83,36.9,0,0,0
2026-09-11 12:00:00,144.6,25,85,37.1,0,0,0
2026-09-11 12:05:00,145.3,7,80,37.4,0,0,0
2026-09-11 12:10:00,144.3,5,78,36.4,0,0,0
2026-09-11 12:15:00,140.9,9,83,36.2,0,0,0
2026-09-11 12:20:00,140.3,5,85,39.4,0,0,0
2026-09-11 12:25:00,140.9,9,81,35.1,0,0,0
2026-09-11 12:30:00,141.1,10,80,39.3,0,0,0
2026-09-11 12:35:00,144.4,11,82,38.8,0,0,0
2026-09-11 12:40:00,139.4,8,82,35.3,0,0,0
2026-09-11 12:45:00,142.4,7,79,36.4,0,0,0
2026-09-11 12:50:00,145.1,8,82,38.9,0,0,0
2026-09-11 12:55:00,146.5,4,80,35.5,0,0,0
2026-09-11 13:00:00,149.3,22,80,33.3,0,0,0
2026-09-11 13:05:00,146.6,3,82,35.6,0,0,0
2026-09-11 13:10:00,148.3,9,83,37.5,0,59,55
2026-09-11 13:15:00,152.5,12,83,33.9,0,0,0
2026-09-11 13:20:00,155.6,6,86,35.5,0,0,0
2026-09-11 13:25:00,157.5,5,84,36.8,0,0,0
2026-09-11 13:30:00,162.4,6,82,37.5,0,0,0
2026-09-11 13:35:00,159.5,4,82,36.6,0,0,0
2026-09-11 13:40:00,161.7,9,84,35.7,0,0,0
2026-09-11 13:45:00,160.1,22,83,39.2,0,0,0
2026-09-11 13:50:00,164.3,5,82,36.7,0,0,0
2026-09-11 13:55:00,161.0,3,79,36.0,0,0,0
2026-09-11 14:00:00,159.8,10,85,41.4,0,0,0
2026-09-11 14:05:00,163.7,10,83,37.1,0,0,0
2026-09-11 14:10:00,167.4,6,82,34.7,0,0,0
2026-09-11 14:15:00,167.9,5,83,40.7,0,0,0
2026-09-11 14:20:00,165.0,7,81,34.3,0,0,0
2026-09-11 14:25:00,161.7,16,84,38.4,0,0,0
2026-09-11 14:30:00,161.3,11,88,34.5,0,0,0
2026-09-11 14:35:00,163.1,6,83,38.9,0,0,0
2026-09-11 14:40:00,164.4,5,81,40.2,0,0,0
2026-09-11 14:45:00,163.8,9,80,38.8,0,0,0
2026-09-11 14:50:00,162.9,4,79,34.3,0,0,0
2026-09-11 14:55:00,158.2,2,83,36.5,0,0,0
2026-09-11 15:00:00,158.8,2,81,36.9,0,0,0
2026-09-11 15:05:00,155.4,5,83,35.2,0,0,0
2026-09-11 15:10:00,154.1,13,84,33.3,0,0,0
2026-09-11 15:15:00,155.5,13,86,37.5,0,0,0
2026-09-11 15:20:00,154.3,19,80,36.0,0,0,0
2026-09-11 15:25:00,150.8,10,79,34.2,0,0,0
2026-09-11 15:30:00,150.0,7,77,37.9,0,0,0
2026-09-11 15:35:00,149.3,7,82,34.4,0,0,0
2026-09-11 15:40:00,147.0,12,81,37.0,0,0,0
2026-09-11 15:45:00,145.7,7,81,35.4,0,0,0
2026-09-11 15:50:00,142.4,5,81,37.5,0,0,0
2026-09-11 15:55:00,140.9,7,82,35.1,0,0,0
2026-09-11 16:00:00,139.8,6,78,36.0,0,0,0
2026-09-11 16:05:00,140.2,11,85,38.1,0,0,0
2026-09-11 16:10:00,140.5,7,81,32.3,0,0,0
2026-09-11 16:15:00,140.8,10,79,36.5,0,0,0
2026-09-11 16:20:00,139.6,7,80,38.7,0,0,0
2026-09-11 16:25:00,137.7,9,78,39.0,0,0,0
2026-09-11 16:30:00,140.0,7,77,35.4,0,0,0
2026-09-11 16:35:00,141.7,11,78,34.9,0,0,0
2026-09-11 16:40:00,142.6,6,85,35.9,0,0,0
2026-09-11 16:45:00,142.3,7,77,35.6,0,0,0
2026-09-11 16:50:00,145.4,8,80,36.6,0,0,0
2026-09-11 16:55:00,145.0,8,82,32.9,0,0,0
2026-09-11 17:00:00,146.9,4,81,36.1,0,0,0
2026-09-11 17:05:00,148.6,5,82,38.3,0,0,0
2026-09-11 17:10:00,148.7,9,84,37.9,0,0,0
2026-09-11 17:15:00,146.6,5,81,39.6,0,0,0
2026-09-11 17:20:00,147.1,4,81,39.1,0,0,0
2026-09-11 17:25:00,143.3,2,82,34.8,0,0,0
2026-09-11 17:30:00,138.1,6,78,33.8,0,0,0
2026-09-11 17:35:00,141.7,6,79,37.1,0,33,60
2026-09-11 17:40:00,145.5,11,85,37.9,0,0,0
2026-09-11 17:45:00,149.0,4,84,36.4,0,0,0
2026-09-11 17:50:00,155.1,458,111,35.8,0,0,0
2026-09-11 17:55:00,155.5,453,110,36.5,0,0,0
2026-09-11 18:00:00,152.6,13,87,38.6,0,0,0
2026-09-11 18:05:00,154.9,10,80,39.2,0,0,0
2026-09-11 18:10:00,156.6,6,81,38.1,0,0,0
2026-09-11 18:15:00,156.0,4,80,38.9,0,0,0
2026-09-11 18:20:00,159.4,6,80,35.2,0,0,0
2026-09-11 18:25:00,159.4,6,81,39.7,0,0,0
2026-09-11 18:30:00,159.4,3,80,33.6,0,0,0
2026-09-11 18:35:00,160.3,4,82,38.9,0,0,0
2026-09-11 18:40:00,159.7,10,83,38.4,0,0,0
2026-09-11 18:45:00,158.7,9,80,38.1,0,0,0
2026-09-11 18:50:00,158.1,16,81,36.4,0,0,0
2026-09-11 18:55:00,159.2,9,81,33.4,0,0,0
2026-09-11 19:00:00,153.5,19,87,37.7,0,0,0
2026-09-11 19:05:00,154.8,11,79,35.2,0,0,0
2026-09-11 19:10:00,153.4,15,87,39.7,0,0,0
2026-09-11 19:15:00,152.6,9,80,39.2,0,0,0
2026-09-11 19:20:00,150.1,10,84,37.7,0,0,0
2026-09-11 19:25:00,149.0,11,82,37.3,0,0,0
2026-09-11 19:30:00,150.9,7,81,36.8,0,0,0
2026-09-11 19:35:00,151.7,422,106,35.3,0,0,0
2026-09-11 19:40:00,150.6,419,108,34.1,0,0,0
2026-09-11 19:45:00,151.1,4,81,38.1,0,0,0
2026-09-11 19:50:00,148.8,10,82,34.4,0,0,0
2026-09-11 19:55:00,148.9,5,79,35.9,0,0,0
2026-09-11 20:00:00,148.2,7,82,36.4,0,0,0
2026-09-11 20:05:00,145.1,2,81,33.7,0,0,0
2026-09-11 20:10:00,146.6,19,81,38.3,0,0,0
2026-09-11 20:15:00,146.0,12,80,36.6,0,0,0
2026-09-11 20:20:00,147.8,6,80,35.2,0,0,0
2026-09-11 20:25:00,151.4,9,79,35.6,0,0,0
2026-09-11 20:30:00,149.4,7,81,36.0,0,0,0
2026-09-11 20:35:00,151.8,11,84,37.2,0,0,0
2026-09-11 20:40:00,148.7,11,77,37.1,0,0,0
2026-09-11 20:45:00,146.5,13,84,36.3,0,0,0
2026-09-11 20:50:00,148.9,12,79,34.9,0,0,0
2026-09-11 20:55:00,146.1,4,85,36.9,0,53,55
2026-09-11 21:00:00,154.1,2,81,38.2,0,0,0
2026-09-11 21:05:00,158.4,7,84,34.0,0,0,0
2026-09-11 21:10:00,159.4,14,85,35.6,0,0,0
2026-09-11 21:15:00,162.1,6,84,37.9,0,0,0
2026-09-11 21:20:00,169.7,6,84,39.3,0,0,0
2026-09-11 21:25:00,169.1,8,82,35.8,0,0,0
2026-09-11 21:30:00,169.6,7,83,39.3,0,0,0
2026-09-11 21:35:00,167.2,10,80,37.0,0,0,0
2026-09-11 21:40:00,167.4,8,82,33.2,0,0,0
2026-09-11 21:45:00,163.2,3,81,37.3,0,0,0
2026-09-11 21:50:00,163.8,8,81,38.3,0,0,0
2026-09-11 21:55:00,163.5,5,81,36.7,0,0,0
2026-09-11 22:00:00,162.9,3,84,38.4,0,0,0
2026-09-11 22:05:00,160.0,10,80,36.5,0,0,0
2026-09-11 22:10:00,160.6,12,83,37.3,0,0,0
2026-09-11 22:15:00,159.0,3,84,34.8,0,0,0
2026-09-11 22:20:00,158.2,9,81,42.2,0,0,0
2026-09-11 22:25:00,156.0,12,81,37.3,0,0,0
2026-09-11 22:30:00,153.2,5,81,39.5,0,0,0
2026-09-11 22:35:00,151.9,7,82,36.6,0,0,0
2026-09-11 22:40:00,151.1,10,80,39.2,0,0,0
2026-09-11 22:45:00,148.2,8,83,32.8,0,0,0
2026-09-11 22:50:00,146.7,12,81,37.6,0,0,0
2026-09-11 22:55:00,147.1,4,83,37.5,0,0,0
2026-09-11 23:00:00,151.0,1,74,62.2,1,0,0
2026-09-11 23:05:00,150.3,0,76,60.0,1,0,0
2026-09-11 23:10:00,149.3,0,71,62.5,1,0,0
2026-09-11 23:15:00,148.8,0,75,57.9,1,0,0
2026-09-11 23:20:00,151.5,1,76,63.1,1,0,0
2026-09-11 23:25:00,150.5,0,72,61.1,1,0,0
2026-09-11 23:30:00,153.0,0,70,58.6,1,0,0
2026-09-11 23:35:00,154.5,0,76,61.6,1,0,0
2026-09-11 23:40:00,152.2,1,75,58.7,1,0,0
2026-09-11 23:45:00,151.7,0,74,56.5,1,0,0
2026-09-11 23:50:00,152.7,0,76,57.4,1,0,0
2026-09-11 23:55:00,153.6,0,75,58.3,1,0,0
2026-09-12 00:00:00,151.6,0,71,61.5,1,0,0
2026-09-12 00:05:00,152.5,1,76,60.7,1,0,0
2026-09-12 00:10:00,147.2,0,72,58.5,1,0,0
2026-09-12 00:15:00,148.9,1,73,58.2,1,0,0
2026-09-12 00:20:00,149.2,0,71,61.8,1,0,0
2026-09-12 00:25:00,148.5,0,72,59.1,1,0,0
2026-09-12 00:30:00,150.2,1,74,53.4,1,0,0
2026-09-12 00:35:00,150.5,2,73,63.6,1,0,0
2026-09-12 00:40:00,151.1,0,72,57.0,1,0,0
2026-09-12 00:45:00,149.5,0,73,59.1,1,0,0
2026-09-12 00:50:00,146.6,0,73,62.2,1,0,0
2026-09-12 00:55:00,148.3,1,71,58.7,1,0,0
2026-09-12 01:00:00,146.5,0,73,64.4,1,0,0
2026-09-12 01:05:00,144.1,1,74,60.3,1,0,0
2026-09-12 01:10:00,141.9,0,77,61.0,1,0,0
2026-09-12 01:15:00,142.2,0,74,60.2,1,0,0
2026-09-12 01:20:00,141.3,0,76,59.8,1,0,0
2026-09-12 01:25:00,142.7,0,73,61.5,1,0,0
2026-09-12 01:30:00,143.7,0,71,58.9,1,0,0
2026-09-12 01:35:00,147.5,0,72,58.5,1,0,0
2026-09-12 01:40:00,149.2,0,77,60.7,1,0,0
2026-09-12 01:45:00,143.9,1,70,63.5,1,0,0
2026-09-12 01:50:00,145.5,0,74,63.1,1,0,0
2026-09-12 01:55:00,148.9,0,72,59.1,1,0,0
2026-09-12 02:00:00,147.1,1,72,61.4,1,0,0
2026-09-12 02:05:00,146.4,1,75,63.6,1,0,0
2026-09-12 02:10:00,145.7,1,70,55.0,1,0,0
2026-09-12 02:15:00,144.5,0,73,62.2,1,0,0
2026-09-12 02:20:00,146.2,0,77,58.9,1,0,0
2026-09-12 02:25:00,145.8,0,71,60.9,1,0,0
2026-09-12 02:30:00,147.2,0,70,56.2,1,0,0
2026-09-12 02:35:00,151.8,1,75,59.9,1,0,0
2026-09-12 02:40:00,154.3,0,75,60.6,1,0,0
2026-09-12 02:45:00,149.3,0,68,58.6,1,0,0
2026-09-12 02:50:00,150.6,0,73,59.5,1,0,0
2026-09-12 02:55:00,154.8,0,70,61.1,1,0,0
2026-09-12 03:00:00,152.2,0,74,58.7,1,0,0
2026-09-12 03:05:00,147.5,0,73,62.1,1,0,0
2026-09-12 03:10:00,146.0,1,69,59.7,1,0,0
2026-09-12 03:15:00,145.2,0,74,59.7,1,0,0
2026-09-12 03:20:00,145.3,0,73,59.4,1,0,0
2026-09-12 03:25:00,144.1,0,76,57.2,1,0,0
2026-09-12 03:30:00,143.5,1,69,58.9,1,0,0
2026-09-12 03:35:00,141.7,3,75,59.6,1,0,0
2026-09-12 03:40:00,144.2,1,74,61.0,1,0,0
2026-09-12 03:45:00,142.9,0,75,60.5,1,0,0
2026-09-12 03:50:00,147.1,0,72,60.7,1,0,0
2026-09-12 03:55:00,150.7,0,73,60.6,1,0,0
2026-09-12 04:00:00,150.6,0,72,56.6,1,0,0
2026-09-12 04:05:00,149.0,1,75,62.5,1,0,0
2026-09-12 04:10:00,149.8,2,72,57.4,1,0,0
2026-09-12 04:15:00,154.3,1,73,61.8,1,0,0
2026-09-12 04:20:00,153.0,0,72,57.6,1,0,0
2026-09-12 04:25:00,154.9,1,73,58.2,1,0,0
2026-09-12 04:30:00,158.4,1,72,59.0,1,0,0
2026-09-12 04:35:00,156.4,0,72,59.6,1,0,0
2026-09-12 04:40:00,158.5,0,72,61.0,1,0,0
2026-09-12 04:45:00,153.4,0,71,58.5,1,0,0
2026-09-12 04:50:00,154.5,1,75,60.6,1,0,0
2026-09-12 04:55:00,155.1,0,71,59.3,1,0,0
2026-09-12 05:00:00,153.9,0,70,58.1,1,0,0
2026-09-12 05:05:00,155.1,0,74,60.4,1,0,0
2026-09-12 05:10:00,153.9,0,74,62.4,1,0,0
2026-09-12 05:15:00,153.7,0,72,58.7,1,0,0
2026-09-12 05:20:00,152.6,0,73,57.6,1,0,0
2026-09-12 05:25:00,151.9,0,76,56.7,1,0,0
2026-09-12 05:30:00,150.2,0,75,64.1,1,0,0
2026-09-12 05:35:00,151.7,0,71,59.2,1,0,0
2026-09-12 05:40:00,152.1,0,68,62.0,1,0,0
2026-09-12 05:45:00,152.4,0,76,61.2,1,0,0
2026-09-12 05:50:00,156.1,0,71,59.8,1,0,0
2026-09-12 05:55:00,155.4,0,74,64.9,1,0,0
2026-09-12 06:00:00,156.4,0,76,59.7,1,0,0
2026-09-12 06:05:00,158.0,0,74,60.9,1,0,0
2026-09-12 06:10:00,159.3,0,69,59.2,1,0,0
2026-09-12 06:15:00,157.1,0,68,60.0,1,0,0
2026-09-12 06:20:00,154.4,0,72,61.0,1,0,0
2026-09-12 06:25:00,157.8,0,73,58.2,1,0,0
2026-09-12 06:30:00,159.2,0,74,58.2,1,0,0
2026-09-12 06:35:00,156.5,0,73,59.1,1,0,0
2026-09-12 06:40:00,159.6,4,80,37.1,0,0,0
2026-09-12 06:45:00,161.0,11,80,39.5,0,0,0
2026-09-12 06:50:00,160.1,8,80,36.3,0,0,0
2026-09-12 06:55:00,160.0,6,80,37.9,0,0,0
2026-09-12 07:00:00,158.0,13,81,32.2,0,0,0
2026-09-12 07:05:00,162.4,4,81,39.0,0,0,0
2026-09-12 07:10:00,164.1,5,81,39.0,0,0,0
2026-09-12 07:15:00,166.3,8,82,36.7,0,0,0
2026-09-12 07:20:00,166.8,3,81,36.0,0,0,0
2026-09-12 07:25:00,163.5,12,82,36.7,0,0,0
2026-09-12 07:30:00,164.1,7,83,38.1,0,0,0
2026-09-12 07:35:00,163.0,6,79,35.5,0,0,0
2026-09-12 07:40:00,164.4,4,82,39.2,0,0,0
2026-09-12 07:45:00,165.3,19,82,37.8,0,0,0
2026-09-12 07:50:00,160.2,1,77,37.0,0,0,0
2026-09-12 07:55:00,159.9,11,79,37.6,0,0,0
2026-09-12 08:00:00,157.7,9,88,37.1,0,28,55
2026-09-12 08:05:00,156.7,23,86,30.2,0,0,0
2026-09-12 08:10:00,158.2,6,83,37.3,0,0,0
2026-09-12 08:15:00,158.3,12,87,35.6,0,0,0
2026-09-12 08:20:00,161.4,7,85,38.0,0,0,0
2026-09-12 08:25:00,163.2,11,81,40.9,0,0,0
2026-09-12 08:30:00,162.3,10,83,37.4,0,0,0
2026-09-12 08:35:00,164.1,11,86,39.8,0,0,0
2026-09-12 08:40:00,170.5,13,81,41.3,0,0,0
2026-09-12 08:45:00,166.5,13,81,38.9,0,0,0
2026-09-12 08:50:00,165.2,6,81,36.3,0,0,0
2026-09-12 08:55:00,163.0,9,82,36.4,0,0,0
2026-09-12 09:00:00,166.2,11,81,40.3,0,0,0
2026-09-12 09:05:00,162.4,10,84,36.3,0,0,0
2026-09-12 09:10:00,164.2,27,82,37.9,0,0,0
2026-09-12 09:15:00,162.0,9,86,37.4,0,0,0
2026-09-12 09:20:00,157.1,7,81,35.5,0,0,0
2026-09-12 09:25:00,155.8,3,83,38.7,0,0,0
2026-09-12 09:30:00,153.1,6,83,38.7,0,0,0
2026-09-12 09:35:00,156.2,4,82,37.7,0,0,0
2026-09-12 09:40:00,160.4,10,81,37.9,0,0,0
2026-09-12 09:45:00,157.5,13,86,38.5,0,0,0
2026-09-12 09:50:00,155.1,6,80,39.8,0,0,0
2026-09-12 09:55:00,157.1,8,82,37.4,0,0,0
2026-09-12 10:00:00,156.7,12,80,34.9,0,0,0
2026-09-12 10:05:00,159.2,16,81,37.5,0,0,0
2026-09-12 10:10:00,158.1,6,82,36.9,0,0,0
2026-09-12 10:15:00,160.0,9,85,36.7,0,0,0
2026-09-12 10:20:00,155.7,10,82,32.8,0,0,0
2026-09-12 10:25:00,152.1,10,81,35.7,0,0,0
2026-09-12 10:30:00,154.3,6,77,43.0,0,0,0
2026-09-12 10:35:00,151.6,4,83,36.3,0,0,0
2026-09-12 10:40:00,153.7,15,85,33.9,0,0,0
2026-09-12 10:45:00,157.7,9,82,36.5,0,0,0
2026-09-12 10:50:00,156.5,3,80,38.5,0,0,0
2026-09-12 10:55:00,150.5,7,81,41.4,0,0,0
2026-09-12 11:00:00,151.0,14,85,36.7,0,0,0
2026-09-12 11:05:00,153.9,9,80,33.0,0,0,0
2026-09-12 11:10:00,154.5,14,82,36.1,0,0,0
2026-09-12 11:15:00,152.6,9,80,35.5,0,0,0
2026-09-12 11:20:00,152.7,3,82,38.4,0,0,0
2026-09-12 11:25:00,150.6,5,80,38.0,0,0,0
2026-09-12 11:30:00,147.3,7,84,36.5,0,0,0
2026-09-12 11:35:00,147.9,13,83,35.9,0,0,0
2026-09-12 11:40:00,148.9,9,78,38.0,0,0,0
2026-09-12 11:45:00,150.2,12,80,38.6,0,0,0
2026-09-12 11:50:00,145.4,5,84,39.3,0,0,0
2026-09-12 11:55:00,144.4,17,81,39.3,0,0,0
2026-09-12 12:00:00,145.1,8,83,41.2,0,0,0
2026-09-12 12:05:00,144.5,10,80,35.1,0,0,0
2026-09-12 12:10:00,144.0,11,84,38.4,0,0,0
2026-09-12 12:15:00,145.2,4,82,35.7,0,0,0
2026-09-12 12:20:00,145.5,9,81,38.5,0,0,0
2026-09-12 12:25:00,147.2,15,81,36.5,0,0,0
2026-09-12 12:30:00,150.4,7,84,35.1,0,0,0
2026-09-12 12:35:00,149.5,7,82,38.4,0,0,0
2026-09-12 12:40:00,149.3,13,82,37.2,0,0,0
2026-09-12 12:45:00,149.7,4,81,35.4,0,0,0
2026-09-12 12:50:00,150.4,19,80,36.1,0,0,0
2026-09-12 12:55:00,145.7,4,85,35.3,0,0,0
2026-09-12 13:00:00,148.0,6,77,37.4,0,0,0
2026-09-12 13:05:00,147.3,412,107,38.1,0,0,0
2026-09-12 13:10:00,148.2,424,101,36.4,0,0,0
2026-09-12 13:15:00,144.7,411,104,38.9,0,0,0
2026-09-12 13:20:00,145.6,417,108,34.9,0,0,0
2026-09-12 13:25:00,147.1,9,80,37.2,0,0,0
2026-09-12 13:30:00,145.9,6,82,34.2,0,0,0
2026-09-12 13:35:00,145.1,4,86,35.4,0,0,0
2026-09-12 13:40:00,144.4,9,87,36.5,0,64,55
2026-09-12 13:45:00,150.7,15,87,35.7,0,0,0
2026-09-12 13:50:00,153.1,9,87,35.8,0,0,0
2026-09-12 13:55:00,160.7,526,117,38.3,0,0,0
2026-09-12 14:00:00,162.0,523,116,38.6,0,0,0
2026-09-12 14:05:00,163.9,7,85,33.2,0,0,0
2026-09-12 14:10:00,166.5,3,83,35.0,0,0,0
2026-09-12 14:15:00,165.5,15,80,37.8,0,0,0
2026-09-12 14:20:00,167.3,6,86,35.5,0,0,0
2026-09-12 14:25:00,165.8,10,81,38.5,0,0,0
2026-09-12 14:30:00,166.5,10,86,38.0,0,0,0
2026-09-12 14:35:00,166.9,6,78,35.2,0,0,0
2026-09-12 14:40:00,163.6,9,80,37.8,0,0,0
2026-09-12 14:45:00,162.9,9,86,37.2,0,0,0
2026-09-12 14:50:00,160.0,3,85,38.8,0,0,0
2026-09-12 14:55:00,158.9,6,81,34.9,0,0,0
2026-09-12 15:00:00,159.6,4,83,37.7,0,0,0
2026-09-12 15:05:00,158.4,14,84,35.4,0,0,0
2026-09-12 15:10:00,158.6,7,83,38.5,0,0,0
2026-09-12 15:15:00,155.5,10,80,35.4,0,0,0
2026-09-12 15:20:00,158.6,12,82,36.6,0,0,0
2026-09-12 15:25:00,159.7,11,83,36.1,0,0,0
2026-09-12 15:30:00,155.1,6,80,37.0,0,0,0
2026-09-12 15:35:00,151.8,6,84,37.6,0,0,0
2026-09-12 15:40:00,152.7,5,80,41.0,0,0,0
2026-09-12 15:45:00,153.0,6,77,38.1,0,0,0
2026-09-12 15:50:00,156.0,7,82,36.8,0,0,0
2026-09-12 15:55:00,154.8,5,77,36.6,0,0,0
2026-09-12 16:00:00,156.1,14,81,36.2,0,0,0
2026-09-12 16:05:00,154.9,8,83,33.6,0,0,0
2026-09-12 16:10:00,153.3,13,79,36.2,0,0,0
2026-09-12 16:15:00,153.5,17,84,39.6,0,0,0
2026-09-12 16:20:00,153.7,7,81,35.5,0,0,0
2026-09-12 16:25:00,149.6,11,87,39.1,0,0,0
2026-09-12 16:30:00,150.1,12,80,33.3,0,0,0
2026-09-12 16:35:00,152.3,3,82,38.1,0,0,0
2026-09-12 16:40:00,152.6,7,79,38.2,0,0,0
2026-09-12 16:45:00,151.4,10,82,34.7,0,0,0
2026-09-12 16:50:00,148.4,13,83,38.0,0,0,0
2026-09-12 16:55:00,148.9,1,78,37.1,0,0,0
2026-09-12 17:00:00,144.4,7,84,32.4,0,0,0
2026-09-12 17:05:00,144.9,15,79,39.3,0,0,0
2026-09-12 17:10:00,147.9,7,81,37.5,0,0,0
2026-09-12 17:15:00,147.5,12,86,39.4,0,0,0
2026-09-12 17:20:00,146.7,13,81,34.4,0,0,0
2026-09-12 17:25:00,144.9,1,79,36.4,0,0,0
2026-09-12 17:30:00,147.3,9,81,39.9,0,0,0
2026-09-12 17:35:00,145.4,5,81,34.2,0,0,0
2026-09-12 17:40:00,146.3,4,83,35.6,0,0,0
2026-09-12 17:45:00,143.9,3,84,37.7,0,0,0
2026-09-12 17:50:00,147.5,5,84,40.5,0,0,0
2026-09-12 17:55:00,149.6,13,82,39.5,0,0,0
2026-09-12 18:00:00,148.3,12,83,36.7,0,0,0
2026-09-12 18:05:00,147.3,7,82,38.5,0,0,0
2026-09-12 18:10:00,144.8,5,86,33.8,0,0,0
2026-09-12 18:15:00,142.4,3,80,37.9,0,0,0
2026-09-12 18:20:00,143.4,5,82,36.7,0,0,0
2026-09-12 18:25:00,144.1,2,77,37.3,0,0,0
2026-09-12 18:30:00,146.3,4,80,38.6,0,0,0
2026-09-12 18:35:00,142.7,5,77,37.7,0,0,0
2026-09-12 18:40:00,140.3,7,82,37.1,0,0,0
2026-09-12 18:45:00,139.4,18,83,36.7,0,0,0
2026-09-12 18:50:00,138.9,9,85,37.9,0,0,0
2026-09-12 18:55:00,141.9,15,80,37.3,0,0,0
2026-09-12 19:00:00,144.8,4,84,38.9,0,0,0
2026-09-12 19:05:00,144.5,7,84,34.5,0,0,0
2026-09-12 19:10:00,145.3,8,83,32.5,0,0,0
2026-09-12 19:15:00,146.4,15,83,36.1,0,0,0
2026-09-12 19:20:00,146.3,24,81,39.7,0,0,0
2026-09-12 19:25:00,142.4,7,84,37.7,0,0,0
2026-09-12 19:30:00,139.1,2,82,37.5,0,0,0
2026-09-12 19:35:00,140.4,5,79,38.4,0,0,0
2026-09-12 19:40:00,138.0,5,78,37.7,0,0,0
2026-09-12 19:45:00,138.5,10,84,39.3,0,0,0
2026-09-12 19:50:00,139.2,11,83,35.8,0,0,0
2026-09-12 19:55:00,141.2,7,81,35.6,0,0,0
2026-09-12 20:00:00,142.4,11,85,36.4,0,0,0
2026-09-12 20:05:00,140.6,19,79,35.7,0,0,0
2026-09-12 20:10:00,142.4,5,83,38.3,0,0,0
2026-09-12 20:15:00,142.0,4,81,36.2,0,0,0
2026-09-12 20:20:00,141.1,1,82,36.8,0,0,0
2026-09-12 20:25:00,141.9,6,79,36.8,0,0,0
2026-09-12 20:30:00,144.4,5,83,38.0,0,0,0
2026-09-12 20:35:00,144.2,3,83,37.0,0,54,68
2026-09-12 20:40:00,150.3,8,84,39.1,0,0,0
2026-09-12 20:45:00,155.7,9,87,39.9,0,0,0
2026-09-12 20:50:00,157.4,474,113,35.7,0,0,0
2026-09-12 20:55:00,155.5,478,112,39.9,0,0,0
2026-09-12 21:00:00,160.3,8,88,34.4,0,0,0
2026-09-12 21:05:00,155.8,12,84,37.6,0,0,0
2026-09-12 21:10:00,151.6,7,82,37.7,0,0,0
2026-09-12 21:15:00,150.1,3,79,37.8,0,0,0
2026-09-12 21:20:00,152.2,13,84,35.4,0,0,0
2026-09-12 21:25:00,154.3,7,82,37.4,0,0,0
2026-09-12 21:30:00,152.9,8,80,37.3,0,0,0
2026-09-12 21:35:00,150.1,7,82,38.3,0,0,0
2026-09-12 21:40:00,152.4,5,79,35.1,0,0,0
2026-09-12 21:45:00,153.6,5,82,35.2,0,0,0
2026-09-12 21:50:00,154.1,10,84,38.0,0,0,0
2026-09-12 21:55:00,152.7,6,83,39.4,0,0,0
2026-09-12 22:00:00,149.4,16,81,38.4,0,0,0
2026-09-12 22:05:00,153.2,6,81,37.1,0,0,0
2026-09-12 22:10:00,150.8,9,81,38.4,0,0,0
2026-09-12 22:15:00,150.9,5,80,40.8,0,0,0
2026-09-12 22:20:00,147.6,4,82,37.1,0,0,0
2026-09-12 22:25:00,146.8,13,79,37.8,0,0,0
2026-09-12 22:30:00,147.2,9,78,33.4,0,0,0
2026-09-12 22:35:00,146.8,6,82,35.1,0,0,0
2026-09-12 22:40:00,148.4,3,85,37.9,0,0,0
2026-09-12 22:45:00,148.5,0,72,58.8,1,0,0
2026-09-12 22:50:00,147.2,0,69,60.3,1,0,0
2026-09-12 22:55:00,148.1,0,75,59.7,1,0,0
2026-09-12 23:00:00,147.8,0,73,60.6,1,0,0
2026-09-12 23:05:00,146.8,0,72,60.2,1,0,0
2026-09-12 23:10:00,144.1,0,73,58.3,1,0,0
2026-09-12 23:15:00,142.8,0,73,59.2,1,0,0
2026-09-12 23:20:00,141.7,0,73,60.8,1,0,0
2026-09-12 23:25:00,143.4,0,70,64.8,1,0,0
2026-09-12 23:30:00,143.0,1,75,58.1,1,0,0
2026-09-12 23:35:00,139.2,1,75,58.6,1,0,0
2026-09-12 23:40:00,136.5,0,72,55.4,1,0,0
2026-09-12 23:45:00,134.3,0,72,61.4,1,0,0
2026-09-12 23:50:00,133.2,0,73,59.6,1,0,0
2026-09-12 23:55:00,133.0,1,74,57.7,1,0,0
2026-09-13 00:00:00,135.4,0,73,63.6,1,0,0
2026-09-13 00:05:00,138.7,1,75,57.9,1,0,0
2026-09-13 00:10:00,144.0,1,76,59.0,1,0,0
2026-09-13 00:15:00,142.7,1,77,61.3,1,0,0
2026-09-13 00:20:00,146.2,0,74,61.4,1,0,0
2026-09-13 00:25:00,147.3,0,76,64.3,1,0,0
2026-09-13 00:30:00,144.8,1,74,61.0,1,0,0
2026-09-13 00:35:00,149.8,0,76,61.6,1,0,0
2026-09-13 00:40:00,149.8,0,70,60.3,1,0,0
2026-09-13 00:45:00,149.8,0,77,60.1,1,0,0
2026-09-13 00:50:00,147.9,0,75,58.2,1,0,0
2026-09-13 00:55:00,144.0,0,71,60.4,1,0,0
2026-09-13 01:00:00,145.4,1,76,57.1,1,0,0
2026-09-13 01:05:00,144.4,0,70,59.1,1,0,0
2026-09-13 01:10:00,144.4,0,72,62.0,1,0,0
2026-09-13 01:15:00,139.8,0,76,61.3,1,0,0
2026-09-13 01:20:00,142.4,1,71,57.1,1,0,0
2026-09-13 01:25:00,141.2,2,75,61.0,1,0,0
2026-09-13 01:30:00,141.5,0,71,60.1,1,0,0
2026-09-13 01:35:00,143.0,0,71,62.8,1,0,0
2026-09-13 01:40:00,145.0,0,72,56.8,1,0,0
2026-09-13 01:45:00,147.3,0,71,57.4,1,0,0
2026-09-13 01:50:00,143.4,0,73,59.8,1,0,0
2026-09-13 01:55:00,146.2,1,74,61.7,1,0,0
2026-09-13 02:00:00,145.3,0,74,55.2,1,0,0
2026-09-13 02:05:00,144.6,0,75,59.6,1,0,0
2026-09-13 02:10:00,143.8,0,74,59.7,1,0,0
2026-09-13 02:15:00,141.8,1,73,62.2,1,0,0
2026-09-13 02:20:00,141.1,0,75,62.6,1,0,0
2026-09-13 02:25:00,143.5,1,75,61.7,1,0,0
2026-09-13 02:30:00,142.3,1,73,56.3,1,0,0
2026-09-13 02:35:00,141.5,0,71,60.8,1,0,0
2026-09-13 02:40:00,142.8,0,74,61.5,1,0,0
2026-09-13 02:45:00,144.8,0,78,60.4,1,0,0
2026-09-13 02:50:00,143.4,2,71,58.4,1,0,0
2026-09-13 02:55:00,147.6,0,71,60.5,1,0,0
2026-09-13 03:00:00,147.1,1,76,57.2,1,0,0
2026-09-13 03:05:00,144.6,1,74,60.4,1,0,0
2026-09-13 03:10:00,147.6,0,75,60.9,1,0,0
2026-09-13 03:15:00,146.0,0,71,59.4,1,0,0
2026-09-13 03:20:00,145.3,0,71,60.4,1,0,0
2026-09-13 03:25:00,145.1,0,75,58.5,1,0,0
2026-09-13 03:30:00,142.7,0,73,59.9,1,0,0
2026-09-13 03:35:00,145.0,0,75,59.5,1,0,0
2026-09-13 03:40:00,147.2,0,74,57.8,1,0,0
2026-09-13 03:45:00,144.6,2,75,58.9,1,0,0
2026-09-13 03:50:00,145.4,0,72,57.3,1,0,0
2026-09-13 03:55:00,144.7,0,73,65.6,1,0,0
2026-09-13 04:00:00,144.3,0,70,61.3,1,0,0
2026-09-13 04:05:00,143.0,0,71,60.3,1,0,0
2026-09-13 04:10:00,143.0,0,73,57.1,1,0,0
2026-09-13 04:15:00,142.0,0,73,58.5,1,0,0
2026-09-13 04:20:00,142.2,0,73,61.4,1,0,0
2026-09-13 04:25:00,142.9,0,72,62.3,1,0,0
2026-09-13 04:30:00,141.6,0,74,59.9,1,0,0
2026-09-13 04:35:00,147.7,0,73,61.1,1,0,0
2026-09-13 04:40:00,151.3,0,76,63.3,1,0,0
2026-09-13 04:45:00,150.4,0,74,57.6,1,0,0
2026-09-13 04:50:00,150.6,1,71,61.7,1,0,0
2026-09-13 04:55:00,156.1,0,75,59.8,1,0,0
2026-09-13 05:00:00,154.3,0,74,58.6,1,0,0
2026-09-13 05:05:00,156.1,0,70,58.5,1,0,0
2026-09-13 05:10:00,154.9,0,69,63.2,1,0,0
2026-09-13 05:15:00,157.7,0,74,60.2,1,0,0
2026-09-13 05:20:00,156.8,0,72,60.9,1,0,0
2026-09-13 05:25:00,157.4,0,76,57.1,1,0,0
2026-09-13 05:30:00,156.8,1,77,60.1,1,0,0
2026-09-13 05:35:00,154.0,1,71,58.5,1,0,0
2026-09-13 05:40:00,155.1,0,70,62.1,1,0,0
2026-09-13 05:45:00,152.6,1,77,59.8,1,0,0
2026-09-13 05:50:00,150.9,0,69,58.6,1,0,0
2026-09-13 05:55:00,148.4,0,71,66.0,1,0,0
2026-09-13 06:00:00,151.4,0,72,60.2,1,0,0
2026-09-13 06:05:00,149.1,1,74,61.8,1,0,0
2026-09-13 06:10:00,150.9,0,75,60.7,1,0,0
2026-09-13 06:15:00,149.7,10,80,38.5,0,0,0
2026-09-13 06:20:00,153.1,5,85,35.9,0,0,0
2026-09-13 06:25:00,149.4,2,84,36.1,0,0,0
2026-09-13 06:30:00,153.5,7,79,39.7,0,0,0
2026-09-13 06:35:00,151.7,9,82,37.5,0,0,0
2026-09-13 06:40:00,150.7,6,82,32.5,0,0,0
2026-09-13 06:45:00,151.5,6,86,33.8,0,0,0
2026-09-13 06:50:00,151.6,5,83,36.3,0,0,0
2026-09-13 06:55:00,150.7,13,83,39.1,0,0,0
2026-09-13 07:00:00,150.7,9,81,40.8,0,0,0
2026-09-13 07:05:00,151.2,5,80,35.8,0,0,0
2026-09-13 07:10:00,153.5,8,78,39.0,0,0,0
2026-09-13 07:15:00,152.2,5,84,37.3,0,0,0
2026-09-13 07:20:00,149.5,4,85,39.4,0,0,0
2026-09-13 07:25:00,145.0,9,79,36.8,0,0,0
2026-09-13 07:30:00,144.7,18,83,40.1,0,0,0
2026-09-13 07:35:00,143.7,22,80,33.7,0,0,0
2026-09-13 07:40:00,142.4,18,85,37.2,0,0,0
2026-09-13 07:45:00,141.4,20,82,33.7,0,0,0
2026-09-13 07:50:00,144.5,16,80,34.4,0,0,0
2026-09-13 07:55:00,147.1,6,81,36.6,0,0,0
2026-09-13 08:00:00,146.1,11,83,35.5,0,0,0
2026-09-13 08:05:00,147.4,4,83,38.1,0,0,0
2026-09-13 08:10:00,147.6,4,80,38.5,0,0,0
2026-09-13 08:15:00,149.4,8,77,35.0,0,0,0
2026-09-13 08:20:00,149.0,15,82,37.4,0,0,0
2026-09-13 08:25:00,150.9,7,82,37.3,0,0,0
2026-09-13 08:30:00,149.0,8,80,36.3,0,0,0
2026-09-13 08:35:00,152.3,13,83,36.8,0,0,0
2026-09-13 08:40:00,150.2,4,80,40.7,0,0,0
2026-09-13 08:45:00,148.4,2,77,37.8,0,0,0
2026-09-13 08:50:00,147.1,10,82,36.7,0,0,0
2026-09-13 08:55:00,144.4,0,82,35.3,0,0,0
2026-09-13 09:00:00,144.5,9,81,37.6,0,0,0
2026-09-13 09:05:00,146.7,13,81,38.9,0,0,0
2026-09-13 09:10:00,146.0,9,81,39.0,0,0,0
2026-09-13 09:15:00,146.2,9,83,35.4,0,0,0
2026-09-13 09:20:00,147.6,12,82,33.8,0,0,0
2026-09-13 09:25:00,149.6,10,82,36.5,0,0,0
2026-09-13 09:30:00,147.7,1,80,38.2,0,0,0
2026-09-13 09:35:00,147.0,18,82,36.9,0,0,0
2026-09-13 09:40:00,147.6,32,84,33.9,0,0,0
2026-09-13 09:45:00,147.3,6,84,36.2,0,0,0
2026-09-13 09:50:00,145.3,7,82,34.5,0,0,0
2026-09-13 09:55:00,143.5,12,80,33.2,0,0,0
2026-09-13 10:00:00,141.4,9,83,35.3,0,0,0
2026-09-13 10:05:00,142.3,14,81,35.5,0,0,0
2026-09-13 10:10:00,139.7,8,77,36.2,0,0,0
2026-09-13 10:15:00,144.7,6,84,37.2,0,0,0
2026-09-13 10:20:00,146.6,7,84,37.6,0,0,0
2026-09-13 10:25:00,147.3,16,82,37.8,0,0,0
2026-09-13 10:30:00,143.8,7,82,36.4,0,0,0
2026-09-13 10:35:00,143.8,10,82,34.1,0,0,0
2026-09-13 10:40:00,144.4,5,80,37.7,0,0,0
2026-09-13 10:45:00,142.7,4,81,37.8,0,0,0
2026-09-13 10:50:00,144.9,16,79,36.9,0,0,0
2026-09-13 10:55:00,148.6,2,79,40.3,0,0,0
2026-09-13 11:00:00,148.4,11,80,39.1,0,0,0
2026-09-13 11:05:00,147.7,7,81,36.0,0,0,0
2026-09-13 11:10:00,146.6,7,81,37.8,0,0,0
2026-09-13 11:15:00,149.5,9,85,34.4,0,0,0
2026-09-13 11:20:00,148.7,7,79,39.3,0,0,0
2026-09-13 11:25:00,147.5,6,82,36.9,0,0,0
2026-09-13 11:30:00,149.6,4,78,37.5,0,0,0
2026-09-13 11:35:00,151.4,10,81,36.1,0,0,0
2026-09-13 11:40:00,153.4,10,83,36.2,0,0,0
2026-09-13 11:45:00,151.4,20,79,36.8,0,0,0
2026-09-13 11:50:00,150.1,5,80,36.3,0,0,0
2026-09-13 11:55:00,151.5,6,80,37.1,0,0,0
2026-09-13 12:00:00,149.1,9,79,36.4,0,0,0
2026-09-13 12:05:00,147.4,7,83,38.8,0,0,0
2026-09-13 12:10:00,144.6,9,81,34.7,0,0,0
2026-09-13 12:15:00,147.7,7,80,36.7,0,0,0
2026-09-13 12:20:00,148.4,7,81,38.5,0,0,0
2026-09-13 12:25:00,149.9,13,78,38.3,0,0,0
2026-09-13 12:30:00,148.2,10,82,40.1,0,0,0
2026-09-13 12:35:00,147.4,6,82,34.9,0,0,0
2026-09-13 12:40:00,145.9,3,80,36.8,0,0,0
2026-09-13 12:45:00,146.3,9,81,34.9,0,0,0
2026-09-13 12:50:00,146.1,6,80,37.8,0,0,0
2026-09-13 12:55:00,148.6,5,78,37.7,0,0,0
2026-09-13 13:00:00,147.5,5,78,36.7,0,0,0
2026-09-13 13:05:00,148.2,8,85,38.8,0,91,70
2026-09-13 13:10:00,157.2,14,83,37.5,0,0,0
2026-09-13 13:15:00,168.9,4,83,36.0,0,0,0
2026-09-13 13:20:00,177.2,9,82,33.9,0,0,0
2026-09-13 13:25:00,182.4,5,84,36.0,0,0,0
2026-09-13 13:30:00,186.9,14,85,41.3,0,0,0
2026-09-13 13:35:00,188.6,6,83,33.8,0,0,0
2026-09-13 13:40:00,189.0,18,84,35.3,0,0,0
2026-09-13 13:45:00,191.7,9,82,34.6,0,0,0
2026-09-13 13:50:00,190.5,8,82,39.2,0,0,0
2026-09-13 13:55:00,190.0,13,83,36.6,0,0,0
2026-09-13 14:00:00,189.5,13,80,41.7,0,0,0
2026-09-13 14:05:00,191.1,16,83,34.6,0,0,0
2026-09-13 14:10:00,193.5,8,78,34.4,0,0,0
2026-09-13 14:15:00,189.5,6,81,36.1,0,0,0
2026-09-13 14:20:00,186.2,9,83,33.2,0,0,0
2026-09-13 14:25:00,181.2,7,81,34.2,0,0,0
2026-09-13 14:30:00,175.4,5,84,34.6,0,0,0
2026-09-13 14:35:00,172.1,6,82,37.2,0,0,0
2026-09-13 14:40:00,165.4,10,78,34.3,0,0,0
2026-09-13 14:45:00,163.0,5,78,36.4,0,0,0
2026-09-13 14:50:00,162.1,8,82,35.4,0,0,0
2026-09-13 14:55:00,163.6,10,82,34.1,0,0,0
2026-09-13 15:00:00,160.8,9,80,38.6,0,0,0
2026-09-13 15:05:00,158.7,17,83,36.3,0,0,0
2026-09-13 15:10:00,157.9,6,82,35.6,0,0,0
2026-09-13 15:15:00,153.4,11,83,35.5,0,0,0
2026-09-13 15:20:00,152.1,13,81,35.4,0,0,0
2026-09-13 15:25:00,150.9,2,81,38.3,0,0,0
2026-09-13 15:30:00,150.4,2,80,36.2,0,0,0
2026-09-13 15:35:00,153.9,7,80,38.2,0,0,0
2026-09-13 15:40:00,150.5,5,80,37.3,0,0,0
2026-09-13 15:45:00,150.5,8,78,34.4,0,0,0
2026-09-13 15:50:00,149.9,8,82,37.9,0,0,0
2026-09-13 15:55:00,147.5,9,83,36.6,0,0,0
2026-09-13 16:00:00,146.0,10,83,35.4,0,0,0
2026-09-13 16:05:00,144.7,15,80,37.6,0,0,0
2026-09-13 16:10:00,147.5,12,82,37.3,0,0,0
2026-09-13 16:15:00,149.0,5,81,38.0,0,0,0
2026-09-13 16:20:00,150.2,11,81,36.7,0,0,0
2026-09-13 16:25:00,150.0,13,85,34.5,0,0,0
2026-09-13 16:30:00,152.7,17,80,41.5,0,0,0
2026-09-13 16:35:00,149.7,8,83,37.0,0,0,0
2026-09-13 16:40:00,149.2,12,80,36.1,0,0,0
2026-09-13 16:45:00,147.0,9,84,38.2,0,0,0
2026-09-13 16:50:00,147.9,8,82,38.2,0,0,0
2026-09-13 16:55:00,149.5,10,83,35.7,0,0,0
2026-09-13 17:00:00,152.0,10,82,37.0,0,0,0
2026-09-13 17:05:00,148.0,9,85,35.1,0,0,0
2026-09-13 17:10:00,148.0,14,84,37.9,0,0,0
2026-09-13 17:15:00,145.4,13,82,33.1,0,0,0
2026-09-13 17:20:00,146.4,20,83,33.1,0,0,0
2026-09-13 17:25:00,145.4,3,83,33.1,0,0,0
2026-09-13 17:30:00,145.6,10,84,36.3,0,0,0
2026-09-13 17:35:00,145.6,8,81,36.8,0,0,0
2026-09-13 17:40:00,144.1,7,85,40.6,0,0,0
2026-09-13 17:45:00,142.6,11,80,36.5,0,0,0
2026-09-13 17:50:00,140.9,6,80,36.6,0,0,0
2026-09-13 17:55:00,137.1,6,84,35.4,0,13,35
2026-09-13 18:00:00,139.2,8,83,38.1,0,0,0
2026-09-13 18:05:00,138.9,10,86,35.9,0,0,0
2026-09-13 18:10:00,134.2,7,87,36.9,0,0,0
2026-09-13 18:15:00,135.5,11,87,38.9,0,0,0
2026-09-13 18:20:00,133.5,3,81,34.0,0,0,0
2026-09-13 18:25:00,136.5,16,80,33.1,0,0,0
2026-09-13 18:30:00,134.6,5,82,37.6,0,0,0
2026-09-13 18:35:00,134.3,11,83,33.6,0,0,0
2026-09-13 18:40:00,133.5,14,82,37.2,0,0,0
2026-09-13 18:45:00,133.4,13,80,37.4,0,0,0
2026-09-13 18:50:00,134.9,12,84,37.0,0,0,0
2026-09-13 18:55:00,135.0,23,83,34.6,0,0,0
2026-09-13 19:00:00,134.3,2,78,39.2,0,0,0
2026-09-13 19:05:00,132.6,7,82,36.6,0,0,0
2026-09-13 19:10:00,135.9,9,82,32.1,0,0,0
2026-09-13 19:15:00,134.5,4,86,34.3,0,0,0
2026-09-13 19:20:00,135.2,13,80,37.9,0,0,0
2026-09-13 19:25:00,136.6,4,81,34.9,0,0,0
2026-09-13 19:30:00,137.8,5,80,38.4,0,0,0
2026-09-13 19:35:00,139.4,16,82,35.1,0,0,0
2026-09-13 19:40:00,139.9,16,83,37.3,0,0,0
2026-09-13 19:45:00,138.6,8,81,34.9,0,0,0
2026-09-13 19:50:00,143.2,7,79,35.2,0,0,0
2026-09-13 19:55:00,144.8,3,80,35.6,0,0,0
2026-09-13 20:00:00,145.1,14,81,38.1,0,0,0
2026-09-13 20:05:00,145.8,8,81,34.6,0,0,0
2026-09-13 20:10:00,145.3,16,83,35.3,0,0,0
2026-09-13 20:15:00,148.8,14,85,34.2,0,0,0
2026-09-13 20:20:00,147.5,429,107,35.7,0,0,0
2026-09-13 20:25:00,148.9,431,106,37.2,0,0,0
2026-09-13 20:30:00,148.4,432,105,36.7,0,0,0
2026-09-13 20:35:00,149.5,424,104,33.5,0,0,0
2026-09-13 20:40:00,151.3,12,82,33.9,0,0,0
2026-09-13 20:45:00,148.0,14,82,32.7,0,0,0
2026-09-13 20:50:00,147.9,14,84,36.2,0,0,0
2026-09-13 20:55:00,147.3,15,83,39.8,0,0,0
2026-09-13 21:00:00,145.1,8,79,40.1,0,0,0
2026-09-13 21:05:00,143.1,14,86,37.0,0,57,50
2026-09-13 21:10:00,148.6,5,86,39.2,0,0,0
2026-09-13 21:15:00,152.2,17,87,36.1,0,0,0
2026-09-13 21:20:00,154.6,10,86,39.9,0,0,0
2026-09-13 21:25:00,157.0,7,83,42.7,0,0,0
2026-09-13 21:30:00,162.2,3,87,37.8,0,0,0
2026-09-13 21:35:00,162.2,18,84,38.0,0,0,0
2026-09-13 21:40:00,165.1,7,84,34.5,0,0,0
2026-09-13 21:45:00,165.0,4,83,36.7,0,0,0
2026-09-13 21:50:00,165.7,8,79,34.5,0,0,0
2026-09-13 21:55:00,167.6,7,81,39.5,0,0,0
2026-09-13 22:00:00,163.3,16,84,35.8,0,0,0
2026-09-13 22:05:00,164.1,12,78,34.8,0,0,0
2026-09-13 22:10:00,162.2,6,82,38.3,0,0,0
2026-09-13 22:15:00,160.2,5,81,36.8,0,0,0
2026-09-13 22:20:00,160.0,8,80,37.3,0,0,0
2026-09-13 22:25:00,159.5,10,83,34.6,0,0,0
2026-09-13 22:30:00,161.5,12,78,37.3,0,0,0
2026-09-13 22:35:00,159.7,18,85,33.6,0,0,0
2026-09-13 22:40:00,163.8,3,81,37.1,0,0,0
2026-09-13 22:45:00,159.4,14,81,36.9,0,0,0
2026-09-13 22:50:00,157.3,5,84,36.9,0,0,0
2026-09-13 22:55:00,156.8,4,79,36.5,0,0,0
2026-09-13 23:00:00,155.4,8,82,37.1,0,0,0
2026-09-13 23:05:00,152.6,4,81,37.3,0,0,0
2026-09-13 23:10:00,155.6,11,85,38.2,0,0,0
2026-09-13 23:15:00,153.0,2,83,36.1,0,0,0
2026-09-13 23:20:00,157.3,10,77,37.9,0,0,0
2026-09-13 23:25:00,158.5,0,73,62.0,1,0,0
2026-09-13 23:30:00,157.9,1,74,60.0,1,0,0
2026-09-13 23:35:00,153.6,1,72,61.1,1,0,0
2026-09-13 23:40:00,155.6,0,71,58.7,1,0,0
2026-09-13 23:45:00,157.1,0,74,57.4,1,0,0
2026-09-13 23:50:00,155.8,0,73,58.8,1,0,0
2026-09-13 23:55:00,154.6,2,76,58.7,1,0,0
2026-09-14 00:00:00,152.9,0,77,60.7,1,0,0
2026-09-14 00:05:00,153.0,0,71,59.5,1,0,0
2026-09-14 00:10:00,154.3,0,72,63.2,1,0,0
2026-09-14 00:15:00,157.5,0,72,59.9,1,0,0
2026-09-14 00:20:00,153.8,0,71,58.1,1,0,0
2026-09-14 00:25:00,151.1,0,71,62.0,1,0,0
2026-09-14 00:30:00,150.3,3,76,57.7,1,0,0
2026-09-14 00:35:00,149.9,0,71,60.0,1,0,0
2026-09-14 00:40:00,150.5,0,76,58.7,1,0,0
2026-09-14 00:45:00,149.4,0,70,61.4,1,0,0
2026-09-14 00:50:00,149.4,2,74,58.4,1,0,0
2026-09-14 00:55:00,148.2,1,72,59.9,1,0,0
2026-09-14 01:00:00,147.2,1,78,61.9,1,0,0
2026-09-14 01:05:00,149.4,1,72,60.5,1,0,0
2026-09-14 01:10:00,151.1,0,72,58.6,1,0,0
2026-09-14 01:15:00,146.8,1,70,60.1,1,0,0
2026-09-14 01:20:00,145.5,2,72,64.2,1,0,0
2026-09-14 01:25:00,146.6,0,71,59.3,1,0,0
2026-09-14 01:30:00,146.3,0,74,60.1,1,0,0
2026-09-14 01:35:00,145.6,0,75,62.8,1,0,0
2026-09-14 01:40:00,147.4,0,70,56.7,1,0,0
2026-09-14 01:45:00,147.7,1,72,61.1,1,0,0
2026-09-14 01:50:00,148.0,0,75,59.7,1,0,0
2026-09-14 01:55:00,148.4,1,72,59.6,1,0,0
2026-09-14 02:00:00,146.9,0,71,59.5,1,0,0
2026-09-14 02:05:00,145.5,0,74,62.1,1,0,0
2026-09-14 02:10:00,143.6,1,74,62.3,1,0,0
2026-09-14 02:15:00,141.7,0,72,59.2,1,0,0
2026-09-14 02:20:00,142.8,0,73,61.5,1,0,0
2026-09-14 02:25:00,144.6,0,72,61.8,1,0,0
2026-09-14 02:30:00,140.9,0,71,59.3,1,0,0
2026-09-14 02:35:00,141.1,0,73,59.3,1,0,0
2026-09-14 02:40:00,143.3,0,76,56.1,1,0,0
2026-09-14 02:45:00,142.8,1,72,60.2,1,0,0
2026-09-14 02:50:00,139.7,0,70,59.1,1,0,0
2026-09-14 02:55:00,139.0,0,69,61.0,1,0,0
2026-09-14 03:00:00,138.6,0,75,55.5,1,0,0
2026-09-14 03:05:00,136.2,0,76,58.6,1,0,0
2026-09-14 03:10:00,139.1,0,74,61.4,1,0,0
2026-09-14 03:15:00,140.7,0,72,60.0,1,0,0
2026-09-14 03:20:00,141.1,0,72,58.3,1,0,0
2026-09-14 03:25:00,141.0,2,73,59.8,1,0,0
2026-09-14 03:30:00,138.4,2,72,60.3,1,0,0
2026-09-14 03:35:00,137.7,0,73,61.4,1,0,0
2026-09-14 03:40:00,141.6,0,71,62.1,1,0,0
2026-09-14 03:45:00,146.9,1,74,56.4,1,0,0
2026-09-14 03:50:00,144.2,1,74,59.3,1,0,0
2026-09-14 03:55:00,144.9,0,73,61.3,1,0,0
2026-09-14 04:00:00,146.8,0,74,57.8,1,0,0
2026-09-14 04:05:00,144.8,0,69,59.7,1,0,0
2026-09-14 04:10:00,145.7,0,72,61.3,1,0,0
2026-09-14 04:15:00,145.8,0,75,59.8,1,0,0
2026-09-14 04:20:00,144.3,0,77,60.9,1,0,0
2026-09-14 04:25:00,146.5,1,72,60.1,1,0,0
2026-09-14 04:30:00,144.3,0,71,62.0,1,0,0
2026-09-14 04:35:00,146.2,0,75,57.6,1,0,0
2026-09-14 04:40:00,147.6,0,73,59.9,1,0,0
2026-09-14 04:45:00,144.8,0,71,61.8,1,0,0
2026-09-14 04:50:00,144.2,0,73,58.9,1,0,0
2026-09-14 04:55:00,145.0,0,75,58.7,1,0,0
2026-09-14 05:00:00,148.7,1,74,58.2,1,0,0
2026-09-14 05:05:00,150.5,0,73,57.5,1,0,0
2026-09-14 05:10:00,154.9,0,72,61.2,1,0,0
2026-09-14 05:15:00,157.1,0,74,61.0,1,0,0
2026-09-14 05:20:00,156.9,0,74,59.2,1,0,0
2026-09-14 05:25:00,154.5,3,73,54.8,1,0,0
2026-09-14 05:30:00,152.4,0,73,57.7,1,0,0
2026-09-14 05:35:00,152.1,1,75,59.7,1,0,0
2026-09-14 05:40:00,152.1,1,77,64.8,1,0,0
2026-09-14 05:45:00,153.5,0,73,58.0,1,0,0
2026-09-14 05:50:00,154.5,0,74,60.3,1,0,0
2026-09-14 05:55:00,153.7,0,73,65.6,1,0,0
2026-09-14 06:00:00,149.7,0,77,59.9,1,0,0
2026-09-14 06:05:00,148.3,0,75,62.6,1,0,0
2026-09-14 06:10:00,149.0,0,72,60.3,1,0,0
2026-09-14 06:15:00,147.3,0,69,56.9,1,0,0
2026-09-14 06:20:00,145.6,0,72,60.1,1,0,0
2026-09-14 06:25:00,147.9,1,75,59.7,1,0,0
2026-09-14 06:30:00,146.1,0,72,58.5,1,0,0
2026-09-14 06:35:00,144.5,1,75,61.8,1,0,0
2026-09-14 06:40:00,142.9,0,73,62.1,1,0,0
2026-09-14 06:45:00,141.9,1,70,56.3,1,0,0
2026-09-14 06:50:00,143.8,0,71,53.0,1,0,0
2026-09-14 06:55:00,143.7,13,80,37.4,0,0,0
2026-09-14 07:00:00,144.1,6,80,36.6,0,0,0
2026-09-14 07:05:00,141.9,10,78,39.6,0,0,0
2026-09-14 07:10:00,145.0,14,83,36.4,0,0,0
2026-09-14 07:15:00,145.1,11,82,36.1,0,0,0
2026-09-14 07:20:00,145.3,4,84,37.6,0,0,0
2026-09-14 07:25:00,147.9,5,83,40.6,0,66,78
2026-09-14 07:30:00,155.1,10,84,38.0,0,0,0
2026-09-14 07:35:00,160.9,11,83,36.5,0,0,0
2026-09-14 07:40:00,165.5,11,86,34.3,0,0,0
2026-09-14 07:45:00,172.6,20,84,36.9,0,0,0
2026-09-14 07:50:00,175.7,6,83,35.9,0,0,0
2026-09-14 07:55:00,172.8,10,86,38.9,0,0,0
2026-09-14 08:00:00,173.5,6,84,37.0,0,0,0
2026-09-14 08:05:00,173.9,7,79,36.0,0,0,0
2026-09-14 08:10:00,174.4,2,80,37.9,0,0,0
2026-09-14 08:15:00,177.3,12,82,36.4,0,0,0
2026-09-14 08:20:00,175.4,7,80,34.9,0,0,0
2026-09-14 08:25:00,177.0,11,83,37.0,0,0,0
2026-09-14 08:30:00,177.6,4,85,42.5,0,0,0
2026-09-14 08:35:00,175.2,6,83,33.6,0,0,0
2026-09-14 08:40:00,173.5,14,85,36.8,0,0,0
2026-09-14 08:45:00,171.5,3,79,38.1,0,0,0
2026-09-14 08:50:00,166.6,7,79,36.2,0,0,0
2026-09-14 08:55:00,165.3,9,82,37.4,0,0,0
2026-09-14 09:00:00,164.4,7,82,35.6,0,0,0
2026-09-14 09:05:00,161.1,17,80,39.2,0,0,0
2026-09-14 09:10:00,160.0,1,83,36.4,0,0,0
2026-09-14 09:15:00,159.6,11,83,35.1,0,0,0
2026-09-14 09:20:00,154.9,2,85,37.2,0,0,0
2026-09-14 09:25:00,153.5,4,83,34.8,0,0,0
2026-09-14 09:30:00,155.0,6,78,35.5,0,0,0
2026-09-14 09:35:00,155.0,6,83,36.0,0,0,0
2026-09-14 09:40:00,153.7,10,84,36.7,0,0,0
2026-09-14 09:45:00,154.4,9,83,36.5,0,0,0
2026-09-14 09:50:00,155.2,8,83,37.3,0,0,0
2026-09-14 09:55:00,151.9,7,79,34.0,0,0,0
2026-09-14 10:00:00,151.6,8,80,36.4,0,0,0
2026-09-14 10:05:00,149.8,9,80,37.8,0,0,0
2026-09-14 10:10:00,149.7,2,81,36.2,0,0,0
2026-09-14 10:15:00,152.4,12,81,38.3,0,0,0
2026-09-14 10:20:00,151.7,14,87,34.6,0,0,0
2026-09-14 10:25:00,150.5,15,82,32.1,0,0,0
2026-09-14 10:30:00,150.5,14,83,34.6,0,0,0
2026-09-14 10:35:00,148.8,21,82,36.4,0,0,0
2026-09-14 10:40:00,148.6,9,81,36.3,0,0,0
2026-09-14 10:45:00,149.5,8,81,37.3,0,0,0
2026-09-14 10:50:00,150.1,10,80,36.4,0,0,0
2026-09-14 10:55:00,153.3,15,82,35.6,0,0,0
2026-09-14 11:00:00,152.3,6,82,34.0,0,0,0
2026-09-14 11:05:00,150.1,4,77,36.1,0,0,0
2026-09-14 11:10:00,150.6,3,83,37.2,0,0,0
2026-09-14 11:15:00,152.9,10,82,37.9,0,0,0
2026-09-14 11:20:00,153.8,9,80,36.6,0,0,0
2026-09-14 11:25:00,152.0,11,80,35.2,0,0,0
2026-09-14 11:30:00,151.4,2,81,38.5,0,0,0
2026-09-14 11:35:00,151.8,2,82,36.4,0,0,0
2026-09-14 11:40:00,153.7,8,81,35.6,0,0,0
2026-09-14 11:45:00,155.6,1,82,35.5,0,0,0
2026-09-14 11:50:00,154.8,7,83,39.0,0,0,0
2026-09-14 11:55:00,154.5,9,83,37.4,0,0,0
2026-09-14 12:00:00,154.7,10,84,34.9,0,0,0
2026-09-14 12:05:00,154.7,5,79,34.6,0,0,0
2026-09-14 12:10:00,152.1,20,82,37.3,0,0,0
2026-09-14 12:15:00,148.6,6,81,38.5,0,0,0
2026-09-14 12:20:00,145.5,15,81,35.7,0,0,0
2026-09-14 12:25:00,145.1,3,80,37.8,0,0,0
2026-09-14 12:30:00,147.4,20,83,38.1,0,0,0
2026-09-14 12:35:00,145.4,8,83,40.1,0,0,0
2026-09-14 12:40:00,143.7,5,82,32.7,0,0,0
2026-09-14 12:45:00,143.8,9,83,38.1,0,0,0
2026-09-14 12:50:00,143.5,10,81,38.3,0,0,0
2026-09-14 12:55:00,147.0,6,78,37.0,0,0,0
2026-09-14 13:00:00,146.4,6,83,37.3,0,0,0
2026-09-14 13:05:00,145.9,5,83,38.2,0,0,0
2026-09-14 13:10:00,144.8,12,84,36.1,0,0,0
2026-09-14 13:15:00,142.9,2,80,34.9,0,0,0
2026-09-14 13:20:00,142.6,8,81,35.1,0,0,0
2026-09-14 13:25:00,139.9,13,77,34.2,0,0,0
2026-09-14 13:30:00,142.5,7,82,37.9,0,0,0
2026-09-14 13:35:00,144.1,1,80,38.2,0,0,0
2026-09-14 13:40:00,144.2,11,89,36.4,0,59,50
2026-09-14 13:45:00,148.7,4,84,38.8,0,0,0
2026-09-14 13:50:00,151.3,4,86,36.4,0,0,0
2026-09-14 13:55:00,153.1,400,108,35.3,0,0,0
2026-09-14 14:00:00,155.1,404,109,37.8,0,0,0
2026-09-14 14:05:00,155.5,4,82,36.9,0,0,0
2026-09-14 14:10:00,156.0,9,82,37.5,0,0,0
2026-09-14 14:15:00,156.6,3,80,41.5,0,0,0
2026-09-14 14:20:00,157.7,6,83,35.8,0,0,0
2026-09-14 14:25:00,159.8,11,82,37.9,0,0,0
2026-09-14 14:30:00,160.0,7,82,40.0,0,0,0
2026-09-14 14:35:00,157.0,9,80,39.5,0,0,0
2026-09-14 14:40:00,157.1,21,82,40.3,0,0,0
2026-09-14 14:45:00,156.2,6,82,39.3,0,0,0
2026-09-14 14:50:00,156.2,5,83,39.0,0,0,0
2026-09-14 14:55:00,155.7,6,78,37.1,0,0,0
2026-09-14 15:00:00,155.9,11,78,35.8,0,0,0
2026-09-14 15:05:00,155.8,5,82,35.7,0,0,0
2026-09-14 15:10:00,153.3,9,82,37.2,0,0,0
2026-09-14 15:15:00,155.0,6,82,32.9,0,0,0
2026-09-14 15:20:00,153.5,10,83,37.3,0,0,0
2026-09-14 15:25:00,152.4,9,79,34.4,0,0,0
2026-09-14 15:30:00,152.4,16,83,38.5,0,0,0
2026-09-14 15:35:00,150.6,7,82,40.6,0,0,0
2026-09-14 15:40:00,152.7,7,82,38.6,0,0,0
2026-09-14 15:45:00,150.5,4,81,37.5,0,0,0
2026-09-14 15:50:00,153.8,2,80,32.9,0,0,0
2026-09-14 15:55:00,155.8,3,76,37.4,0,0,0
2026-09-14 16:00:00,155.0,8,81,34.8,0,0,0
2026-09-14 16:05:00,152.5,10,80,39.1,0,0,0
2026-09-14 16:10:00,151.5,4,80,38.3,0,0,0
2026-09-14 16:15:00,147.1,8,82,34.6,0,0,0
2026-09-14 16:20:00,148.3,7,82,37.6,0,0,0
2026-09-14 16:25:00,146.2,7,82,36.1,0,0,0
2026-09-14 16:30:00,146.3,10,83,34.4,0,0,0
2026-09-14 16:35:00,147.9,5,75,38.8,0,0,0
2026-09-14 16:40:00,148.7,13,82,37.7,0,0,0
2026-09-14 16:45:00,149.3,23,84,39.5,0,0,0
2026-09-14 16:50:00,148.2,8,80,37.6,0,0,0
2026-09-14 16:55:00,148.8,2,82,34.6,0,0,0
2026-09-14 17:00:00,151.1,5,82,35.1,0,0,0
2026-09-14 17:05:00,151.5,8,80,37.4,0,0,0
2026-09-14 17:10:00,147.4,9,82,32.3,0,0,0
2026-09-14 17:15:00,146.0,9,82,35.6,0,0,0
2026-09-14 17:20:00,146.0,9,83,34.5,0,0,0
2026-09-14 17:25:00,145.2,11,81,36.5,0,0,0
2026-09-14 17:30:00,143.6,19,81,38.8,0,0,0
2026-09-14 17:35:00,139.0,7,80,36.7,0,0,0
2026-09-14 17:40:00,139.6,7,84,34.9,0,47,80
2026-09-14 17:45:00,147.2,7,85,35.7,0,0,0
2026-09-14 17:50:00,153.5,9,86,34.7,0,0,0
2026-09-14 17:55:00,159.4,3,84,37.3,0,0,0
2026-09-14 18:00:00,165.3,9,83,38.7,0,0,0
2026-09-14 18:05:00,162.8,11,87,37.6,0,0,0
2026-09-14 18:10:00,164.2,421,107,36.9,0,0,0
2026-09-14 18:15:00,164.7,421,109,36.4,0,0,0
2026-09-14 18:20:00,164.6,420,105,36.6,0,0,0
2026-09-14 18:25:00,166.2,2,80,35.0,0,0,0
2026-09-14 18:30:00,168.1,9,81,34.5,0,0,0
2026-09-14 18:35:00,165.9,8,80,38.4,0,0,0
2026-09-14 18:40:00,167.7,1,79,37.4,0,0,0
2026-09-14 18:45:00,165.1,14,82,35.2,0,0,0
2026-09-14 18:50:00,163.8,4,79,35.2,0,0,0
2026-09-14 18:55:00,164.3,11,82,36.4,0,0,0
2026-09-14 19:00:00,161.9,17,81,36.2,0,0,0
2026-09-14 19:05:00,162.9,7,82,35.9,0,0,0
2026-09-14 19:10:00,163.9,6,83,36.6,0,0,0
2026-09-14 19:15:00,165.1,10,84,34.8,0,0,0
2026-09-14 19:20:00,163.3,9,85,34.5,0,0,0
2026-09-14 19:25:00,159.7,2,82,39.2,0,0,0
2026-09-14 19:30:00,158.5,14,79,36.5,0,0,0
2026-09-14 19:35:00,159.6,12,85,35.6,0,0,0
2026-09-14 19:40:00,157.2,7,83,35.7,0,0,0
2026-09-14 19:45:00,158.1,5,82,38.1,0,0,0
2026-09-14 19:50:00,159.5,16,81,36.6,0,0,0
2026-09-14 19:55:00,157.9,10,81,36.9,0,0,0
2026-09-14 20:00:00,156.4,12,82,37.8,0,0,0
2026-09-14 20:05:00,153.7,8,77,38.4,0,0,0
2026-09-14 20:10:00,153.5,3,82,37.6,0,0,0
2026-09-14 20:15:00,156.0,2,77,37.5,0,0,0
2026-09-14 20:20:00,160.8,8,84,36.1,0,0,0
2026-09-14 20:25:00,158.6,6,79,38.3,0,0,0
2026-09-14 20:30:00,156.0,8,82,36.5,0,0,0
2026-09-14 20:35:00,158.1,8,83,38.1,0,0,0
2026-09-14 20:40:00,154.0,6,82,38.3,0,0,0
2026-09-14 20:45:00,151.2,8,78,40.2,0,0,0
2026-09-14 20:50:00,152.5,8,79,36.1,0,0,0
2026-09-14 20:55:00,148.9,10,83,41.8,0,0,0
2026-09-14 21:00:00,149.3,8,81,40.8,0,0,0
2026-09-14 21:05:00,146.8,5,80,38.6,0,0,0
2026-09-14 21:10:00,145.7,8,82,36.4,0,0,0
2026-09-14 21:15:00,150.2,16,82,39.1,0,0,0
2026-09-14 21:20:00,149.6,16,85,41.0,0,60,50
2026-09-14 21:25:00,157.7,2,83,40.5,0,0,0
2026-09-14 21:30:00,162.1,5,82,37.7,0,0,0
2026-09-14 21:35:00,164.4,11,84,37.2,0,0,0
2026-09-14 21:40:00,166.7,3,82,37.6,0,0,0
2026-09-14 21:45:00,165.5,14,84,36.0,0,0,0
2026-09-14 21:50:00,162.8,9,81,35.0,0,0,0
2026-09-14 21:55:00,164.6,3,81,35.6,0,0,0
2026-09-14 22:00:00,170.5,7,82,37.8,0,0,0
2026-09-14 22:05:00,169.6,4,81,33.3,0,0,0
2026-09-14 22:10:00,168.4,4,82,40.8,0,0,0
2026-09-14 22:15:00,165.8,9,80,34.9,0,0,0
2026-09-14 22:20:00,164.5,6,85,38.5,0,0,0
2026-09-14 22:25:00,166.7,8,79,33.4,0,0,0
2026-09-14 22:30:00,169.0,14,82,36.7,0,0,0
2026-09-14 22:35:00,170.7,7,85,39.1,0,0,0
2026-09-14 22:40:00,168.5,7,81,39.0,0,0,0
2026-09-14 22:45:00,165.3,17,83,37.9,0,0,0
2026-09-14 22:50:00,161.3,8,79,35.3,0,0,0
2026-09-14 22:55:00,161.1,6,83,38.3,0,0,0
2026-09-14 23:00:00,161.9,7,83,35.7,0,0,0
2026-09-14 23:05:00,160.7,4,85,38.2,0,0,0
2026-09-14 23:10:00,158.9,9,79,38.9,0,0,0
2026-09-14 23:15:00,157.1,4,79,35.6,0,0,0
2026-09-14 23:20:00,152.1,11,80,36.0,0,0,0
2026-09-14 23:25:00,148.6,2,81,37.0,0,0,0
2026-09-14 23:30:00,144.6,7,81,38.7,0,0,0
2026-09-14 23:35:00,145.4,11,81,35.7,0,0,0
2026-09-14 23:40:00,145.4,8,81,38.4,0,0,0
2026-09-14 23:45:00,145.8,7,82,37.9,0,0,0
2026-09-14 23:50:00,145.2,4,83,36.1,0,0,0
2026-09-14 23:55:00,147.3,2,81,35.5,0,0,0
