timestamp,glucose_mgdl,steps,heart_rate,hrv_ms,sleeping,carbs_g,meal_gi
2026-09-01 00:00:00,164.5,1,71,70.3,1,0,0
2026-09-01 00:05:00,165.8,0,68,72.1,1,0,0
2026-09-01 00:10:00,170.3,0,71,75.2,1,0,0
2026-09-01 00:15:00,172.7,0,72,73.7,1,0,0
2026-09-01 00:20:00,174.1,0,72,75.3,1,0,0
2026-09-01 00:25:00,174.3,0,68,70.0,1,0,0
2026-09-01 00:30:00,178.6,0,69,76.1,1,0,0
2026-09-01 00:35:00,176.1,0,67,73.1,1,0,0
2026-09-01 00:40:00,173.4,0,66,74.9,1,0,0
2026-09-01 00:45:00,173.9,1,64,72.3,1,0,0
2026-09-01 00:50:00,173.3,0,67,70.8,1,0,0
2026-09-01 00:55:00,174.3,0,65,70.1,1,0,0
2026-09-01 01:00:00,171.0,0,65,74.5,1,0,0
2026-09-01 01:05:00,169.8,0,70,69.7,1,0,0
2026-09-01 01:10:00,171.2,0,73,74.7,1,0,0
2026-09-01 01:15:00,167.3,1,69,71.2,1,0,0
2026-09-01 01:20:00,165.5,0,70,72.5,1,0,0
2026-09-01 01:25:00,164.7,2,65,77.5,1,0,0
2026-09-01 01:30:00,166.5,0,73,74.4,1,0,0
2026-09-01 01:35:00,163.1,1,69,73.7,1,0,0
2026-09-01 01:40:00,167.8,0,69,73.0,1,0,0
2026-09-01 01:45:00,167.1,0,66,73.2,1,0,0
2026-09-01 01:50:00,166.2,0,69,72.4,1,0,0
2026-09-01 01:55:00,168.0,1,66,72.6,1,0,0
2026-09-01 02:00:00,169.1,0,66,72.8,1,0,0
2026-09-01 02:05:00,168.4,0,70,72.4,1,0,0
2026-09-01 02:10:00,172.0,0,66,76.9,1,0,0
2026-09-01 02:15:00,171.8,0,67,71.4,1,0,0
2026-09-01 02:20:00,170.3,1,68,74.2,1,0,0
2026-09-01 02:25:00,171.5,0,67,69.3,1,0,0
2026-09-01 02:30:00,168.3,1,64,72.3,1,0,0
2026-09-01 02:35:00,170.1,0,70,73.6,1,0,0
2026-09-01 02:40:00,165.0,0,68,71.6,1,0,0
2026-09-01 02:45:00,168.9,2,71,70.5,1,0,0
2026-09-01 02:50:00,166.6,1,68,73.9,1,0,0
2026-09-01 02:55:00,164.9,1,70,72.1,1,0,0
2026-09-01 03:00:00,166.3,0,70,72.2,1,0,0
2026-09-01 03:05:00,167.5,0,67,71.4,1,0,0
2026-09-01 03:10:00,165.0,0,66,74.2,1,0,0
2026-09-01 03:15:00,166.1,0,70,71.8,1,0,0
2026-09-01 03:20:00,162.9,0,65,74.8,1,0,0
2026-09-01 03:25:00,160.2,0,68,69.7,1,0,0
2026-09-01 03:30:00,159.1,1,69,72.9,1,0,0
2026-09-01 03:35:00,155.7,0,69,72.0,1,0,0
2026-09-01 03:40:00,155.0,0,68,70.8,1,0,0
2026-09-01 03:45:00,157.5,1,65,74.3,1,0,0
2026-09-01 03:50:00,158.9,0,65,70.1,1,0,0
2026-09-01 03:55:00,162.4,0,66,73.5,1,0,0
2026-09-01 04:00:00,163.1,0,68,71.3,1,0,0
2026-09-01 04:05:00,162.5,0,65,72.6,1,0,0
2026-09-01 04:10:00,164.8,0,66,77.0,1,0,0
2026-09-01 04:15:00,164.6,0,69,70.4,1,0,0
2026-09-01 04:20:00,164.7,0,69,70.9,1,0,0
2026-09-01 04:25:00,167.8,1,70,74.2,1,0,0
2026-09-01 04:30:00,169.2,0,70,72.6,1,0,0
2026-09-01 04:35:00,170.9,0,66,70.9,1,0,0
2026-09-01 04:40:00,168.2,1,69,72.9,1,0,0
2026-09-01 04:45:00,170.2,0,68,72.9,1,0,0
2026-09-01 04:50:00,169.0,0,67,70.2,1,0,0
2026-09-01 04:55:00,173.1,2,71,73.3,1,0,0
2026-09-01 05:00:00,172.8,0,67,72.7,1,0,0
2026-09-01 05:05:00,169.1,1,64,70.5,1,0,0
2026-09-01 05:10:00,169.4,0,64,73.6,1,0,0
2026-09-01 05:15:00,169.5,0,68,70.3,1,0,0
2026-09-01 05:20:00,172.7,1,64,73.5,1,0,0
2026-09-01 05:25:00,168.3,1,68,72.4,1,0,0
2026-09-01 05:30:00,167.3,1,63,73.6,1,0,0
2026-09-01 05:35:00,164.2,0,69,71.8,1,0,0
2026-09-01 05:40:00,161.2,0,65,74.7,1,0,0
2026-09-01 05:45:00,161.9,0,67,70.3,1,0,0
2026-09-01 05:50:00,166.2,0,71,71.2,1,0,0
2026-09-01 05:55:00,169.3,2,71,69.9,1,0,0
2026-09-01 06:00:00,168.3,0,65,73.4,1,0,0
2026-09-01 06:05:00,168.4,0,66,72.5,1,0,0
2026-09-01 06:10:00,167.1,0,69,73.8,1,0,0
2026-09-01 06:15:00,164.0,0,64,73.4,1,0,0
2026-09-01 06:20:00,160.1,0,69,72.0,1,0,0
2026-09-01 06:25:00,158.5,1,67,74.6,1,0,0
2026-09-01 06:30:00,158.9,0,67,72.5,1,0,0
2026-09-01 06:35:00,160.4,1,67,73.1,1,0,0
2026-09-01 06:40:00,161.3,7,74,46.6,0,0,0
2026-09-01 06:45:00,162.0,9,79,43.3,0,0,0
2026-09-01 06:50:00,157.6,10,76,44.4,0,0,0
2026-09-01 06:55:00,157.9,6,79,43.3,0,0,0
2026-09-01 07:00:00,159.2,14,82,45.5,0,0,0
2026-09-01 07:05:00,161.6,7,76,46.5,0,0,0
2026-09-01 07:10:00,162.2,5,73,45.2,0,0,0
2026-09-01 07:15:00,163.6,9,80,45.8,0,0,0
2026-09-01 07:20:00,165.5,3,77,45.9,0,0,0
2026-09-01 07:25:00,166.1,7,75,41.8,0,0,0
2026-09-01 07:30:00,166.5,10,75,41.8,0,0,0
2026-09-01 07:35:00,163.3,15,75,45.7,0,0,0
2026-09-01 07:40:00,165.1,10,78,45.7,0,0,0
2026-09-01 07:45:00,164.4,4,83,43.8,0,34,50
2026-09-01 07:50:00,165.2,8,80,43.4,0,0,0
2026-09-01 07:55:00,168.1,10,78,44.0,0,0,0
2026-09-01 08:00:00,167.4,4,80,42.6,0,0,0
2026-09-01 08:05:00,165.6,6,81,44.1,0,0,0
2026-09-01 08:10:00,166.7,9,79,42.0,0,0,0
2026-09-01 08:15:00,164.6,5,77,48.2,0,0,0
2026-09-01 08:20:00,165.8,7,76,45.1,0,0,0
2026-09-01 08:25:00,164.8,11,78,45.9,0,0,0
2026-09-01 08:30:00,162.2,6,75,44.3,0,0,0
2026-09-01 08:35:00,166.0,7,75,47.7,0,0,0
2026-09-01 08:40:00,165.1,10,75,44.7,0,0,0
2026-09-01 08:45:00,163.5,15,79,41.8,0,0,0
2026-09-01 08:50:00,163.4,15,76,43.2,0,0,0
2026-09-01 08:55:00,164.6,8,78,48.2,0,0,0
2026-09-01 09:00:00,160.9,7,79,44.2,0,0,0
2026-09-01 09:05:00,162.6,6,74,44.2,0,0,0
2026-09-01 09:10:00,165.8,13,77,45.7,0,0,0
2026-09-01 09:15:00,164.3,9,77,47.9,0,0,0
2026-09-01 09:20:00,164.1,4,75,44.2,0,0,0
2026-09-01 09:25:00,160.2,9,79,44.8,0,0,0
2026-09-01 09:30:00,160.4,12,79,45.9,0,0,0
2026-09-01 09:35:00,158.4,2,77,48.2,0,0,0
2026-09-01 09:40:00,160.2,13,81,45.6,0,0,0
2026-09-01 09:45:00,161.5,7,77,46.8,0,0,0
2026-09-01 09:50:00,160.2,8,75,46.9,0,0,0
2026-09-01 09:55:00,159.9,9,78,43.7,0,0,0
2026-09-01 10:00:00,158.6,5,78,45.9,0,0,0
2026-09-01 10:05:00,156.3,7,79,44.6,0,0,0
2026-09-01 10:10:00,155.5,5,75,43.3,0,0,0
2026-09-01 10:15:00,155.5,6,80,42.6,0,0,0
2026-09-01 10:20:00,157.1,7,75,44.6,0,0,0
2026-09-01 10:25:00,153.3,13,77,42.1,0,0,0
2026-09-01 10:30:00,154.3,7,72,44.4,0,0,0
2026-09-01 10:35:00,154.7,15,75,44.3,0,0,0
2026-09-01 10:40:00,154.6,10,73,45.1,0,0,0
2026-09-01 10:45:00,153.4,8,76,44.5,0,0,0
2026-09-01 10:50:00,155.3,7,76,47.3,0,0,0
2026-09-01 10:55:00,153.5,12,76,43.9,0,0,0
2026-09-01 11:00:00,151.9,13,73,43.9,0,0,0
2026-09-01 11:05:00,151.3,17,78,43.9,0,0,0
2026-09-01 11:10:00,148.7,7,71,46.3,0,0,0
2026-09-01 11:15:00,149.1,13,73,43.2,0,0,0
2026-09-01 11:20:00,150.4,4,74,39.6,0,0,0
2026-09-01 11:25:00,150.1,16,73,42.8,0,0,0
2026-09-01 11:30:00,149.7,6,78,43.9,0,0,0
2026-09-01 11:35:00,150.0,9,77,44.8,0,0,0
2026-09-01 11:40:00,154.3,13,77,41.2,0,0,0
2026-09-01 11:45:00,156.6,12,76,40.5,0,0,0
2026-09-01 11:50:00,157.2,12,77,47.2,0,0,0
2026-09-01 11:55:00,156.5,3,77,42.6,0,0,0
2026-09-01 12:00:00,157.5,13,80,43.1,0,0,0
2026-09-01 12:05:00,158.9,20,80,42.2,0,0,0
2026-09-01 12:10:00,157.7,7,75,46.8,0,0,0
2026-09-01 12:15:00,159.3,8,75,42.6,0,0,0
2026-09-01 12:20:00,157.3,22,79,43.8,0,0,0
2026-09-01 12:25:00,156.2,16,75,42.3,0,0,0
2026-09-01 12:30:00,155.3,24,79,41.9,0,0,0
2026-09-01 12:35:00,156.0,6,75,44.3,0,0,0
2026-09-01 12:40:00,155.1,11,79,42.6,0,0,0
2026-09-01 12:45:00,156.5,3,78,45.1,0,0,0
2026-09-01 12:50:00,157.4,11,76,43.7,0,0,0
2026-09-01 12:55:00,156.9,10,76,42.2,0,0,0
2026-09-01 13:00:00,158.6,13,75,46.9,0,0,0
2026-09-01 13:05:00,156.6,5,76,43.2,0,0,0
2026-09-01 13:10:00,154.3,5,76,43.4,0,0,0
2026-09-01 13:15:00,155.6,5,77,45.5,0,0,0
2026-09-01 13:20:00,155.5,8,77,42.7,0,0,0
2026-09-01 13:25:00,151.4,3,73,42.9,0,0,0
2026-09-01 13:30:00,151.2,11,75,41.7,0,0,0
2026-09-01 13:35:00,154.7,6,75,49.8,0,0,0
2026-09-01 13:40:00,154.4,15,77,42.5,0,0,0
2026-09-01 13:45:00,164.8,8,73,48.3,0,0,0
2026-09-01 13:50:00,163.4,5,77,47.6,0,0,0
2026-09-01 13:55:00,164.7,5,76,42.7,0,0,0
2026-09-01 14:00:00,160.8,13,76,43.7,0,0,0
2026-09-01 14:05:00,161.3,12,76,43.8,0,0,0
2026-09-01 14:10:00,160.0,14,77,41.2,0,0,0
2026-09-01 14:15:00,158.4,13,78,48.1,0,0,0
2026-09-01 14:20:00,160.7,5,75,41.0,0,0,0
2026-09-01 14:25:00,161.7,330,95,44.7,0,0,0
2026-09-01 14:30:00,163.1,329,95,46.8,0,0,0
2026-09-01 14:35:00,161.1,6,78,45.5,0,0,0
2026-09-01 14:40:00,163.2,6,80,45.7,0,0,0
2026-09-01 14:45:00,165.6,5,75,43.9,0,0,0
2026-09-01 14:50:00,167.9,6,73,45.7,0,0,0
2026-09-01 14:55:00,166.6,5,75,42.6,0,0,0
2026-09-01 15:00:00,166.6,4,75,46.6,0,0,0
2026-09-01 15:05:00,167.6,7,75,43.7,0,0,0
2026-09-01 15:10:00,164.8,6,77,47.0,0,0,0
2026-09-01 15:15:00,164.6,13,76,45.3,0,0,0
2026-09-01 15:20:00,163.6,7,75,47.8,0,0,0
2026-09-01 15:25:00,166.4,2,76,40.2,0,0,0
2026-09-01 15:30:00,162.1,17,76,42.4,0,0,0
2026-09-01 15:35:00,166.9,6,77,45.7,0,0,0
2026-09-01 15:40:00,166.0,9,79,45.4,0,0,0
2026-09-01 15:45:00,168.5,22,78,45.2,0,0,0
2026-09-01 15:50:00,167.0,5,77,43.0,0,0,0
2026-09-01 15:55:00,166.9,10,74,42.1,0,0,0
2026-09-01 16:00:00,164.6,7,78,50.1,0,0,0
2026-09-01 16:05:00,163.8,10,76,46.2,0,0,0
2026-09-01 16:10:00,163.9,13,76,43.4,0,0,0
2026-09-01 16:15:00,167.5,10,79,43.1,0,0,0
2026-09-01 16:20:00,167.5,14,77,45.2,0,0,0
2026-09-01 16:25:00,166.3,5,76,46.8,0,0,0
2026-09-01 16:30:00,166.9,6,78,45.4,0,0,0
2026-09-01 16:35:00,166.6,10,78,47.4,0,0,0
2026-09-01 16:40:00,166.1,9,76,47.1,0,0,0
2026-09-01 16:45:00,165.4,6,77,43.4,0,0,0
2026-09-01 16:50:00,166.2,12,75,43.8,0,0,0
2026-09-01 16:55:00,164.3,9,75,45.8,0,0,0
2026-09-01 17:00:00,163.7,10,80,45.7,0,0,0
2026-09-01 17:05:00,163.3,3,73,48.5,0,0,0
2026-09-01 17:10:00,164.0,4,74,46.0,0,0,0
2026-09-01 17:15:00,166.3,2,76,46.3,0,0,0
2026-09-01 17:20:00,163.9,11,77,47.0,0,0,0
2026-09-01 17:25:00,163.4,10,75,46.0,0,0,0
2026-09-01 17:30:00,164.9,24,78,43.7,0,0,0
2026-09-01 17:35:00,167.2,7,79,45.1,0,0,0
2026-09-01 17:40:00,166.6,5,81,46.8,0,15,35
2026-09-01 17:45:00,166.4,7,77,42.7,0,0,0
2026-09-01 17:50:00,167.6,1,83,51.0,0,0,0
2026-09-01 17:55:00,168.1,423,105,43.7,0,0,0
2026-09-01 18:00:00,165.6,418,106,41.3,0,0,0
2026-09-01 18:05:00,166.9,7,77,44.6,0,0,0
2026-09-01 18:10:00,167.1,11,79,45.9,0,0,0
2026-09-01 18:15:00,166.3,3,82,42.4,0,0,0
2026-09-01 18:20:00,168.3,11,77,46.8,0,0,0
2026-09-01 18:25:00,168.3,18,77,45.7,0,0,0
2026-09-01 18:30:00,167.8,5,75,44.2,0,0,0
2026-09-01 18:35:00,164.8,15,80,44.9,0,0,0
2026-09-01 18:40:00,167.4,12,73,41.9,0,0,0
2026-09-01 18:45:00,170.6,9,75,46.7,0,0,0
2026-09-01 18:50:00,167.9,6,75,46.1,0,0,0
2026-09-01 18:55:00,167.7,3,76,46.8,0,0,0
2026-09-01 19:00:00,163.5,6,78,43.7,0,0,0
2026-09-01 19:05:00,162.3,5,74,46.2,0,0,0
2026-09-01 19:10:00,159.8,8,74,44.7,0,0,0
2026-09-01 19:15:00,160.3,7,74,44.6,0,0,0
2026-09-01 19:20:00,161.9,20,77,42.2,0,0,0
2026-09-01 19:25:00,161.2,5,77,41.8,0,0,0
2026-09-01 19:30:00,159.5,9,76,42.9,0,0,0
2026-09-01 19:35:00,159.3,9,78,44.9,0,0,0
2026-09-01 19:40:00,158.6,15,73,46.9,0,0,0
2026-09-01 19:45:00,155.9,14,76,46.5,0,0,0
2026-09-01 19:50:00,156.1,7,78,43.4,0,0,0
2026-09-01 19:55:00,156.4,8,77,43.8,0,0,0
2026-09-01 20:00:00,154.2,6,75,43.5,0,0,0
2026-09-01 20:05:00,156.7,7,75,43.5,0,0,0
2026-09-01 20:10:00,157.3,14,81,44.3,0,0,0
2026-09-01 20:15:00,157.1,7,78,46.7,0,0,0
2026-09-01 20:20:00,155.4,11,74,45.6,0,0,0
2026-09-01 20:25:00,154.0,2,75,45.4,0,0,0
2026-09-01 20:30:00,153.9,6,78,43.5,0,0,0
2026-09-01 20:35:00,154.3,6,76,46.1,0,0,0
2026-09-01 20:40:00,158.0,7,84,45.8,0,54,50
2026-09-01 20:45:00,158.7,8,78,45.7,0,0,0
2026-09-01 20:50:00,159.6,9,81,44.0,0,0,0
2026-09-01 20:55:00,161.1,5,82,45.8,0,0,0
2026-09-01 21:00:00,163.5,12,80,42.7,0,0,0
2026-09-01 21:05:00,167.7,11,76,45.7,0,0,0
2026-09-01 21:10:00,167.1,3,75,47.3,0,0,0
2026-09-01 21:15:00,171.2,4,75,41.1,0,0,0
2026-09-01 21:20:00,173.5,14,75,40.6,0,0,0
2026-09-01 21:25:00,171.8,4,79,46.4,0,0,0
2026-09-01 21:30:00,171.2,13,77,43.1,0,0,0
2026-09-01 21:35:00,174.4,10,77,42.3,0,0,0
2026-09-01 21:40:00,171.6,5,76,43.5,0,0,0
2026-09-01 21:45:00,167.8,20,78,47.6,0,0,0
2026-09-01 21:50:00,167.6,4,79,45.0,0,0,0
2026-09-01 21:55:00,165.5,5,73,45.6,0,0,0
2026-09-01 22:00:00,165.2,10,76,44.6,0,0,0
2026-09-01 22:05:00,161.0,3,75,46.4,0,0,0
2026-09-01 22:10:00,159.4,13,76,43.4,0,0,0
2026-09-01 22:15:00,159.7,6,74,42.5,0,0,0
2026-09-01 22:20:00,159.7,6,77,46.3,0,0,0
2026-09-01 22:25:00,156.5,15,72,44.4,0,0,0
2026-09-01 22:30:00,157.1,5,76,48.3,0,0,0
2026-09-01 22:35:00,152.7,10,75,46.9,0,0,0
2026-09-01 22:40:00,151.5,11,75,48.3,0,0,0
2026-09-01 22:45:00,148.9,16,78,43.9,0,0,0
2026-09-01 22:50:00,147.2,11,79,48.4,0,0,0
2026-09-01 22:55:00,145.1,8,77,43.3,0,0,0
2026-09-01 23:00:00,142.0,17,78,48.1,0,0,0
2026-09-01 23:05:00,144.2,4,79,43.0,0,0,0
2026-09-01 23:10:00,142.7,1,74,44.5,0,0,0
2026-09-01 23:15:00,144.0,6,75,42.4,0,0,0
2026-09-01 23:20:00,143.2,4,75,42.6,0,0,0
2026-09-01 23:25:00,141.4,11,77,47.1,0,0,0
2026-09-01 23:30:00,143.3,9,76,45.4,0,0,0
2026-09-01 23:35:00,143.9,14,76,48.8,0,0,0
2026-09-01 23:40:00,147.2,9,75,49.0,0,0,0
2026-09-01 23:45:00,143.7,2,65,72.3,1,0,0
2026-09-01 23:50:00,144.7,1,68,75.2,1,0,0
2026-09-01 23:55:00,145.9,0,68,74.9,1,0,0
2026-09-02 00:00:00,148.2,0,64,72.2,1,0,0
2026-09-02 00:05:00,146.1,0,68,73.6,1,0,0
2026-09-02 00:10:00,144.7,0,68,69.9,1,0,0
2026-09-02 00:15:00,146.5,1,68,70.8,1,0,0
2026-09-02 00:20:00,145.8,0,64,75.1,1,0,0
2026-09-02 00:25:00,146.9,0,71,66.7,1,0,0
2026-09-02 00:30:00,145.5,0,71,72.2,1,0,0
2026-09-02 00:35:00,146.6,0,67,70.9,1,0,0
2026-09-02 00:40:00,147.9,0,69,73.4,1,0,0
2026-09-02 00:45:00,148.3,0,62,72.2,1,0,0
2026-09-02 00:50:00,147.3,0,68,72.9,1,0,0
2026-09-02 00:55:00,144.7,0,67,70.8,1,0,0
2026-09-02 01:00:00,143.0,0,71,71.4,1,0,0
2026-09-02 01:05:00,144.6,1,69,72.4,1,0,0
2026-09-02 01:10:00,146.8,0,69,72.6,1,0,0
2026-09-02 01:15:00,147.4,0,67,76.9,1,0,0
2026-09-02 01:20:00,146.0,1,70,71.6,1,0,0
2026-09-02 01:25:00,148.4,0,69,69.6,1,0,0
2026-09-02 01:30:00,144.0,0,68,70.5,1,0,0
2026-09-02 01:35:00,146.0,0,66,74.0,1,0,0
2026-09-02 01:40:00,147.0,1,69,70.9,1,0,0
2026-09-02 01:45:00,143.4,2,70,69.8,1,0,0
2026-09-02 01:50:00,144.8,0,71,69.6,1,0,0
2026-09-02 01:55:00,143.0,0,66,70.9,1,0,0
2026-09-02 02:00:00,145.3,0,68,70.3,1,0,0
2026-09-02 02:05:00,149.2,0,73,71.9,1,0,0
2026-09-02 02:10:00,149.5,0,63,72.8,1,0,0
2026-09-02 02:15:00,148.0,0,67,72.9,1,0,0
2026-09-02 02:20:00,146.6,0,70,72.3,1,0,0
2026-09-02 02:25:00,146.4,0,67,72.9,1,0,0
2026-09-02 02:30:00,147.1,0,68,74.6,1,0,0
2026-09-02 02:35:00,152.8,0,68,71.5,1,0,0
2026-09-02 02:40:00,169.4,1,66,72.4,1,0,0
2026-09-02 02:45:00,168.0,0,67,70.4,1,0,0
2026-09-02 02:50:00,164.4,0,68,71.0,1,0,0
2026-09-02 02:55:00,163.7,0,70,73.2,1,0,0
2026-09-02 03:00:00,165.4,0,71,78.2,1,0,0
2026-09-02 03:05:00,165.1,0,70,73.9,1,0,0
2026-09-02 03:10:00,168.4,1,65,72.0,1,0,0
2026-09-02 03:15:00,169.0,0,69,72.9,1,0,0
2026-09-02 03:20:00,169.9,0,68,74.5,1,0,0
2026-09-02 03:25:00,169.0,1,67,75.4,1,0,0
2026-09-02 03:30:00,167.6,1,70,74.5,1,0,0
2026-09-02 03:35:00,163.7,1,68,71.9,1,0,0
2026-09-02 03:40:00,163.4,2,68,71.2,1,0,0
2026-09-02 03:45:00,165.4,0,68,74.4,1,0,0
2026-09-02 03:50:00,164.3,0,67,73.5,1,0,0
2026-09-02 03:55:00,163.3,1,69,70.8,1,0,0
2026-09-02 04:00:00,169.9,0,67,71.2,1,0,0
2026-09-02 04:05:00,169.1,1,70,71.2,1,0,0
2026-09-02 04:10:00,166.6,1,67,72.7,1,0,0
2026-09-02 04:15:00,164.9,1,67,69.8,1,0,0
2026-09-02 04:20:00,164.1,1,68,72.3,1,0,0
2026-09-02 04:25:00,167.0,0,70,71.8,1,0,0
2026-09-02 04:30:00,168.3,0,66,71.0,1,0,0
2026-09-02 04:35:00,167.9,0,69,72.0,1,0,0
2026-09-02 04:40:00,165.7,0,71,73.3,1,0,0
2026-09-02 04:45:00,167.0,1,66,74.8,1,0,0
2026-09-02 04:50:00,168.8,1,65,73.6,1,0,0
2026-09-02 04:55:00,168.1,0,70,69.3,1,0,0
2026-09-02 05:00:00,167.8,0,72,74.5,1,0,0
2026-09-02 05:05:00,171.7,0,67,71.9,1,0,0
2026-09-02 05:10:00,175.1,1,69,72.4,1,0,0
2026-09-02 05:15:00,177.1,0,70,74.6,1,0,0
2026-09-02 05:20:00,176.6,0,68,73.5,1,0,0
2026-09-02 05:25:00,171.9,0,67,70.9,1,0,0
2026-09-02 05:30:00,173.9,1,66,72.0,1,0,0
2026-09-02 05:35:00,176.6,0,70,71.8,1,0,0
2026-09-02 05:40:00,173.3,1,66,74.1,1,0,0
2026-09-02 05:45:00,170.0,0,70,72.9,1,0,0
2026-09-02 05:50:00,174.4,0,63,72.0,1,0,0
2026-09-02 05:55:00,174.3,0,68,75.9,1,0,0
2026-09-02 06:00:00,175.5,0,70,70.6,1,0,0
2026-09-02 06:05:00,174.3,0,67,71.4,1,0,0
2026-09-02 06:10:00,173.0,1,68,72.2,1,0,0
2026-09-02 06:15:00,170.0,0,66,72.4,1,0,0
2026-09-02 06:20:00,172.7,0,62,76.7,1,0,0
2026-09-02 06:25:00,169.6,0,70,72.2,1,0,0
2026-09-02 06:30:00,168.3,10,74,43.1,0,0,0
2026-09-02 06:35:00,167.2,9,74,46.3,0,0,0
2026-09-02 06:40:00,167.7,3,77,44.0,0,0,0
2026-09-02 06:45:00,171.4,8,77,47.5,0,0,0
2026-09-02 06:50:00,166.7,5,75,44.3,0,0,0
2026-09-02 06:55:00,166.6,5,75,38.5,0,0,0
2026-09-02 07:00:00,168.1,11,80,44.3,0,0,0
2026-09-02 07:05:00,171.0,15,76,48.6,0,0,0
2026-09-02 07:10:00,172.3,5,76,43.6,0,0,0
2026-09-02 07:15:00,170.6,16,78,42.2,0,0,0
2026-09-02 07:20:00,169.5,10,75,44.6,0,0,0
2026-09-02 07:25:00,170.4,5,77,45.5,0,0,0
2026-09-02 07:30:00,172.9,7,75,42.1,0,0,0
2026-09-02 07:35:00,172.9,12,81,45.6,0,0,0
2026-09-02 07:40:00,174.2,8,77,43.8,0,0,0
2026-09-02 07:45:00,173.9,4,78,45.0,0,0,0
2026-09-02 07:50:00,174.4,6,82,45.2,0,31,50
2026-09-02 07:55:00,178.0,2,78,42.7,0,0,0
2026-09-02 08:00:00,180.1,8,80,45.0,0,0,0
2026-09-02 08:05:00,179.8,6,76,43.5,0,0,0
2026-09-02 08:10:00,179.6,6,82,43.5,0,0,0
2026-09-02 08:15:00,176.5,5,80,46.3,0,0,0
2026-09-02 08:20:00,176.0,11,76,47.2,0,0,0
2026-09-02 08:25:00,174.2,12,78,45.8,0,0,0
2026-09-02 08:30:00,175.3,3,73,44.6,0,0,0
2026-09-02 08:35:00,174.8,8,73,44.0,0,0,0
2026-09-02 08:40:00,171.8,2,74,42.7,0,0,0
2026-09-02 08:45:00,171.1,15,80,46.9,0,0,0
2026-09-02 08:50:00,173.1,1,79,44.9,0,0,0
2026-09-02 08:55:00,169.0,13,75,46.5,0,0,0
2026-09-02 09:00:00,169.1,9,74,49.4,0,0,0
2026-09-02 09:05:00,166.9,14,76,42.0,0,0,0
2026-09-02 09:10:00,168.1,11,76,41.7,0,0,0
2026-09-02 09:15:00,165.6,16,82,46.6,0,0,0
2026-09-02 09:20:00,165.0,4,76,46.6,0,0,0
2026-09-02 09:25:00,161.7,8,76,44.1,0,0,0
2026-09-02 09:30:00,160.3,11,72,42.0,0,0,0
2026-09-02 09:35:00,158.8,3,79,43.4,0,0,0
2026-09-02 09:40:00,155.8,13,76,42.3,0,0,0
2026-09-02 09:45:00,155.0,4,74,44.9,0,0,0
2026-09-02 09:50:00,150.8,7,77,43.3,0,0,0
2026-09-02 09:55:00,153.6,9,75,43.0,0,0,0
2026-09-02 10:00:00,154.9,5,77,45.0,0,0,0
2026-09-02 10:05:00,155.8,10,74,46.0,0,0,0
2026-09-02 10:10:00,154.6,6,78,46.9,0,0,0
2026-09-02 10:15:00,158.3,12,77,48.9,0,0,0
2026-09-02 10:20:00,156.3,10,81,44.4,0,0,0
2026-09-02 10:25:00,155.0,16,81,45.9,0,0,0
2026-09-02 10:30:00,155.2,13,73,43.5,0,0,0
2026-09-02 10:35:00,155.3,19,78,43.1,0,0,0
2026-09-02 10:40:00,156.4,8,76,42.3,0,0,0
2026-09-02 10:45:00,156.8,5,74,47.2,0,0,0
2026-09-02 10:50:00,156.5,15,77,44.2,0,0,0
2026-09-02 10:55:00,155.2,6,80,44.6,0,0,0
2026-09-02 11:00:00,153.4,5,74,43.0,0,0,0
2026-09-02 11:05:00,153.2,8,75,41.8,0,0,0
2026-09-02 11:10:00,153.7,11,79,48.4,0,0,0
2026-09-02 11:15:00,158.9,8,80,40.8,0,0,0
2026-09-02 11:20:00,162.8,15,78,41.5,0,0,0
2026-09-02 11:25:00,161.6,4,77,42.9,0,0,0
2026-09-02 11:30:00,161.7,9,77,44.4,0,0,0
2026-09-02 11:35:00,159.3,3,78,45.8,0,0,0
2026-09-02 11:40:00,159.4,6,78,46.4,0,0,0
2026-09-02 11:45:00,157.5,2,76,46.5,0,0,0
2026-09-02 11:50:00,153.5,2,77,47.1,0,0,0
2026-09-02 11:55:00,153.8,3,78,43.6,0,0,0
2026-09-02 12:00:00,151.3,13,77,48.5,0,0,0
2026-09-02 12:05:00,152.5,8,75,45.2,0,0,0
2026-09-02 12:10:00,153.3,16,80,44.0,0,0,0
2026-09-02 12:15:00,155.9,19,77,44.4,0,0,0
2026-09-02 12:20:00,155.2,3,75,47.2,0,0,0
2026-09-02 12:25:00,157.9,3,73,47.2,0,0,0
2026-09-02 12:30:00,155.6,6,79,44.9,0,0,0
2026-09-02 12:35:00,155.1,4,75,45.6,0,0,0
2026-09-02 12:40:00,157.1,11,75,44.4,0,0,0
2026-09-02 12:45:00,159.0,6,77,43.2,0,0,0
2026-09-02 12:50:00,157.7,489,109,45.1,0,0,0
2026-09-02 12:55:00,155.5,495,110,41.9,0,49,50
2026-09-02 13:00:00,158.9,490,111,41.6,0,0,0
2026-09-02 13:05:00,164.4,498,112,47.4,0,0,0
2026-09-02 13:10:00,165.0,7,84,45.0,0,0,0
2026-09-02 13:15:00,164.9,2,77,44.5,0,0,0
2026-09-02 13:20:00,164.2,6,80,45.2,0,0,0
2026-09-02 13:25:00,164.4,15,79,41.7,0,0,0
2026-09-02 13:30:00,160.3,14,76,47.0,0,0,0
2026-09-02 13:35:00,162.1,11,74,45.7,0,0,0
2026-09-02 13:40:00,163.9,9,75,44.1,0,0,0
2026-09-02 13:45:00,164.2,8,79,40.7,0,0,0
2026-09-02 13:50:00,172.4,12,77,44.5,0,0,0
2026-09-02 13:55:00,172.2,11,74,41.8,0,0,0
2026-09-02 14:00:00,170.1,7,75,45.7,0,0,0
2026-09-02 14:05:00,169.9,10,75,46.0,0,0,0
2026-09-02 14:10:00,168.5,15,77,46.8,0,0,0
2026-09-02 14:15:00,167.4,5,76,44.8,0,0,0
2026-09-02 14:20:00,163.5,10,76,45.7,0,0,0
2026-09-02 14:25:00,160.6,18,78,48.7,0,0,0
2026-09-02 14:30:00,161.5,6,76,43.0,0,0,0
2026-09-02 14:35:00,158.1,3,78,47.1,0,0,0
2026-09-02 14:40:00,157.6,10,75,45.2,0,0,0
2026-09-02 14:45:00,158.7,4,77,46.3,0,0,0
2026-09-02 14:50:00,156.9,8,77,47.2,0,0,0
2026-09-02 14:55:00,157.9,20,79,41.9,0,0,0
2026-09-02 15:00:00,153.8,2,76,45.0,0,0,0
2026-09-02 15:05:00,152.2,4,76,50.3,0,0,0
2026-09-02 15:10:00,148.7,13,78,44.0,0,0,0
2026-09-02 15:15:00,145.2,6,80,42.2,0,0,0
2026-09-02 15:20:00,143.3,12,78,43.9,0,0,0
2026-09-02 15:25:00,145.8,11,81,45.1,0,0,0
2026-09-02 15:30:00,148.9,13,76,46.2,0,0,0
2026-09-02 15:35:00,146.2,14,75,44.4,0,0,0
2026-09-02 15:40:00,144.8,5,76,44.0,0,0,0
2026-09-02 15:45:00,148.7,6,75,42.7,0,0,0
2026-09-02 15:50:00,150.3,9,76,40.9,0,0,0
2026-09-02 15:55:00,149.9,14,75,44.3,0,0,0
2026-09-02 16:00:00,147.3,3,77,44.3,0,0,0
2026-09-02 16:05:00,147.2,5,77,44.2,0,0,0
2026-09-02 16:10:00,145.8,19,74,46.7,0,0,0
2026-09-02 16:15:00,143.9,3,79,43.3,0,0,0
2026-09-02 16:20:00,144.1,3,77,44.1,0,0,0
2026-09-02 16:25:00,147.2,11,77,43.6,0,0,0
2026-09-02 16:30:00,143.5,16,75,43.0,0,0,0
2026-09-02 16:35:00,143.0,5,74,43.5,0,0,0
2026-09-02 16:40:00,144.3,6,74,41.9,0,0,0
2026-09-02 16:45:00,143.6,8,77,44.9,0,0,0
2026-09-02 16:50:00,143.1,7,76,46.6,0,0,0
2026-09-02 16:55:00,140.9,2,79,43.1,0,0,0
2026-09-02 17:00:00,143.8,4,73,43.3,0,0,0
2026-09-02 17:05:00,147.7,14,74,46.1,0,0,0
2026-09-02 17:10:00,149.9,10,74,47.5,0,0,0
2026-09-02 17:15:00,149.5,7,77,42.3,0,0,0
2026-09-02 17:20:00,148.5,18,75,43.8,0,0,0
2026-09-02 17:25:00,144.3,13,83,43.2,0,0,0
2026-09-02 17:30:00,145.1,6,75,43.9,0,0,0
2026-09-02 17:35:00,144.7,5,78,45.7,0,0,0
2026-09-02 17:40:00,141.9,7,79,45.2,0,14,35
2026-09-02 17:45:00,142.9,12,79,47.1,0,0,0
2026-09-02 17:50:00,144.4,12,80,41.1,0,0,0
2026-09-02 17:55:00,143.8,8,80,46.1,0,0,0
2026-09-02 18:00:00,145.4,9,80,43.5,0,0,0
2026-09-02 18:05:00,145.0,11,82,46.4,0,0,0
2026-09-02 18:10:00,149.0,7,76,43.0,0,0,0
2026-09-02 18:15:00,148.1,5,76,45.0,0,0,0
2026-09-02 18:20:00,148.1,13,77,45.7,0,0,0
2026-09-02 18:25:00,149.8,5,77,43.5,0,0,0
2026-09-02 18:30:00,148.9,6,77,45.1,0,0,0
2026-09-02 18:35:00,149.0,2,74,47.9,0,0,0
2026-09-02 18:40:00,149.5,9,76,43.5,0,0,0
2026-09-02 18:45:00,148.8,8,75,43.4,0,0,0
2026-09-02 18:50:00,147.6,7,76,44.9,0,0,0
2026-09-02 18:55:00,163.0,7,75,42.3,0,0,0
2026-09-02 19:00:00,161.7,15,80,47.9,0,0,0
2026-09-02 19:05:00,162.4,12,78,47.7,0,0,0
2026-09-02 19:10:00,162.8,6,76,42.5,0,0,0
2026-09-02 19:15:00,165.0,18,78,43.8,0,0,0
2026-09-02 19:20:00,165.2,5,76,41.7,0,0,0
2026-09-02 19:25:00,165.7,8,78,43.1,0,0,0
2026-09-02 19:30:00,164.0,13,76,44.6,0,0,0
2026-09-02 19:35:00,164.7,15,76,43.3,0,0,0
2026-09-02 19:40:00,163.4,6,76,44.3,0,0,0
2026-09-02 19:45:00,163.5,2,80,48.6,0,0,0
2026-09-02 19:50:00,164.1,2,77,45.3,0,0,0
2026-09-02 19:55:00,165.2,14,75,41.8,0,0,0
2026-09-02 20:00:00,163.7,10,78,46.3,0,0,0
2026-09-02 20:05:00,163.8,3,77,44.9,0,0,0
2026-09-02 20:10:00,166.3,6,77,42.5,0,0,0
2026-09-02 20:15:00,168.2,7,73,44.7,0,0,0
2026-09-02 20:20:00,166.6,10,75,45.7,0,0,0
2026-09-02 20:25:00,160.8,8,71,44.4,0,0,0
2026-09-02 20:30:00,160.3,6,76,43.7,0,0,0
2026-09-02 20:35:00,160.0,14,77,44.7,0,0,0
2026-09-02 20:40:00,160.8,4,78,43.9,0,53,68
2026-09-02 20:45:00,163.1,12,80,45.5,0,0,0
2026-09-02 20:50:00,165.0,7,78,44.0,0,0,0
2026-09-02 20:55:00,165.6,425,107,43.2,0,0,0
2026-09-02 21:00:00,163.5,414,104,43.5,0,0,0
2026-09-02 21:05:00,163.1,9,80,43.3,0,0,0
2026-09-02 21:10:00,163.6,3,76,44.5,0,0,0
2026-09-02 21:15:00,166.4,7,78,44.8,0,0,0
2026-09-02 21:20:00,166.4,15,76,46.5,0,0,0
2026-09-02 21:25:00,164.2,5,80,42.1,0,0,0
2026-09-02 21:30:00,165.3,6,80,46.4,0,0,0
2026-09-02 21:35:00,163.4,6,77,42.6,0,0,0
2026-09-02 21:40:00,161.4,14,74,45.1,0,0,0
2026-09-02 21:45:00,162.5,9,76,45.5,0,0,0
2026-09-02 21:50:00,158.4,1,75,43.9,0,0,0
2026-09-02 21:55:00,158.0,6,79,44.2,0,0,0
2026-09-02 22:00:00,154.2,7,75,45.3,0,0,0
2026-09-02 22:05:00,153.5,15,78,43.7,0,0,0
2026-09-02 22:10:00,153.2,9,79,43.1,0,0,0
2026-09-02 22:15:00,150.8,4,75,43.7,0,0,0
2026-09-02 22:20:00,147.1,3,76,45.5,0,0,0
2026-09-02 22:25:00,148.3,11,71,42.4,0,0,0
2026-09-02 22:30:00,149.8,12,76,44.2,0,0,0
2026-09-02 22:35:00,147.8,7,71,40.5,0,0,0
2026-09-02 22:40:00,148.2,11,74,43.8,0,0,0
2026-09-02 22:45:00,146.7,8,76,45.9,0,0,0
2026-09-02 22:50:00,148.7,14,73,44.6,0,0,0
2026-09-02 22:55:00,145.9,28,78,48.8,0,0,0
2026-09-02 23:00:00,144.5,0,74,46.3,0,0,0
2026-09-02 23:05:00,142.7,9,80,45.3,0,0,0
2026-09-02 23:10:00,144.7,8,74,44.0,0,0,0
2026-09-02 23:15:00,143.0,9,79,43.0,0,0,0
2026-09-02 23:20:00,141.8,7,78,43.2,0,0,0
2026-09-02 23:25:00,141.6,12,77,46.6,0,0,0
2026-09-02 23:30:00,140.2,10,79,43.7,0,0,0
2026-09-02 23:35:00,138.7,8,76,44.7,0,0,0
2026-09-02 23:40:00,141.6,5,77,46.0,0,0,0
2026-09-02 23:45:00,142.6,6,76,47.6,0,0,0
2026-09-02 23:50:00,139.6,4,77,42.3,0,0,0
2026-09-02 23:55:00,136.3,13,77,45.7,0,0,0
2026-09-03 00:00:00,141.1,16,74,42.8,0,0,0
2026-09-03 00:05:00,146.1,18,77,46.0,0,0,0
2026-09-03 00:10:00,145.8,8,73,41.4,0,0,0
2026-09-03 00:15:00,144.7,3,76,46.8,0,0,0
2026-09-03 00:20:00,145.5,13,78,42.5,0,0,0
2026-09-03 00:25:00,142.6,4,74,44.7,0,0,0
2026-09-03 00:30:00,144.0,8,75,47.5,0,0,0
2026-09-03 00:35:00,147.5,5,76,42.2,0,0,0
2026-09-03 00:40:00,150.6,0,64,71.6,1,0,0
2026-09-03 00:45:00,148.7,0,68,71.9,1,0,0
2026-09-03 00:50:00,147.3,0,68,73.2,1,0,0
2026-09-03 00:55:00,144.5,0,68,74.0,1,0,0
2026-09-03 01:00:00,146.6,0,68,73.2,1,0,0
2026-09-03 01:05:00,143.6,2,68,68.7,1,0,0
2026-09-03 01:10:00,145.5,0,69,72.2,1,0,0
2026-09-03 01:15:00,146.4,0,64,72.3,1,0,0
2026-09-03 01:20:00,144.8,0,71,75.0,1,0,0
2026-09-03 01:25:00,144.4,0,67,72.9,1,0,0
2026-09-03 01:30:00,146.5,0,68,74.8,1,0,0
2026-09-03 01:35:00,148.6,0,68,74.8,1,0,0
2026-09-03 01:40:00,150.8,0,64,72.5,1,0,0
2026-09-03 01:45:00,152.0,2,67,72.2,1,0,0
2026-09-03 01:50:00,150.0,0,71,73.9,1,0,0
2026-09-03 01:55:00,150.5,0,68,74.4,1,0,0
2026-09-03 02:00:00,151.0,0,69,70.0,1,0,0
2026-09-03 02:05:00,151.4,0,67,71.5,1,0,0
2026-09-03 02:10:00,152.6,0,71,70.6,1,0,0
2026-09-03 02:15:00,149.0,0,66,68.4,1,0,0
2026-09-03 02:20:00,149.2,1,68,72.5,1,0,0
2026-09-03 02:25:00,149.0,0,64,71.4,1,0,0
2026-09-03 02:30:00,149.5,1,65,69.4,1,0,0
2026-09-03 02:35:00,151.9,0,68,73.0,1,0,0
2026-09-03 02:40:00,171.6,0,69,70.2,1,0,0
2026-09-03 02:45:00,169.8,0,68,70.3,1,0,0
2026-09-03 02:50:00,169.3,1,69,72.4,1,0,0
2026-09-03 02:55:00,169.5,0,71,73.8,1,0,0
2026-09-03 03:00:00,167.9,0,69,75.0,1,0,0
2026-09-03 03:05:00,170.4,0,68,69.8,1,0,0
2026-09-03 03:10:00,169.7,1,69,70.0,1,0,0
2026-09-03 03:15:00,170.9,1,65,73.7,1,0,0
2026-09-03 03:20:00,169.0,0,67,71.9,1,0,0
2026-09-03 03:25:00,167.9,0,70,69.8,1,0,0
2026-09-03 03:30:00,162.9,0,66,71.5,1,0,0
2026-09-03 03:35:00,160.5,0,72,70.7,1,0,0
2026-09-03 03:40:00,163.9,0,66,73.8,1,0,0
2026-09-03 03:45:00,161.3,0,66,73.6,1,0,0
2026-09-03 03:50:00,166.8,0,68,71.4,1,0,0
2026-09-03 03:55:00,167.7,0,68,67.7,1,0,0
2026-09-03 04:00:00,169.5,1,70,73.4,1,0,0
2026-09-03 04:05:00,171.4,0,66,72.1,1,0,0
2026-09-03 04:10:00,172.2,1,68,71.7,1,0,0
2026-09-03 04:15:00,171.9,0,66,70.8,1,0,0
2026-09-03 04:20:00,171.2,0,67,73.5,1,0,0
2026-09-03 04:25:00,175.5,0,70,73.9,1,0,0
2026-09-03 04:30:00,173.1,0,71,71.4,1,0,0
2026-09-03 04:35:00,172.4,0,63,73.5,1,0,0
2026-09-03 04:40:00,175.5,0,70,73.2,1,0,0
2026-09-03 04:45:00,175.1,0,67,72.9,1,0,0
2026-09-03 04:50:00,177.6,0,69,72.0,1,0,0
2026-09-03 04:55:00,180.6,0,66,70.8,1,0,0
2026-09-03 05:00:00,178.6,0,67,71.0,1,0,0
2026-09-03 05:05:00,179.4,0,66,69.3,1,0,0
2026-09-03 05:10:00,178.3,0,69,71.9,1,0,0
2026-09-03 05:15:00,178.5,1,66,72.6,1,0,0
2026-09-03 05:20:00,174.9,0,68,68.4,1,0,0
2026-09-03 05:25:00,174.6,0,69,72.3,1,0,0
2026-09-03 05:30:00,176.0,2,71,77.3,1,0,0
2026-09-03 05:35:00,177.3,1,68,70.3,1,0,0
2026-09-03 05:40:00,178.3,0,66,69.5,1,0,0
2026-09-03 05:45:00,180.4,0,70,72.7,1,0,0
2026-09-03 05:50:00,179.8,0,66,68.3,1,0,0
2026-09-03 05:55:00,180.0,0,69,72.7,1,0,0
2026-09-03 06:00:00,177.6,0,66,74.1,1,0,0
2026-09-03 06:05:00,178.6,0,69,68.3,1,0,0
2026-09-03 06:10:00,176.6,1,67,68.3,1,0,0
2026-09-03 06:15:00,179.5,0,67,71.0,1,0,0
2026-09-03 06:20:00,177.6,1,70,76.0,1,0,0
2026-09-03 06:25:00,180.9,0,70,73.3,1,0,0
2026-09-03 06:30:00,179.9,0,71,69.9,1,0,0
2026-09-03 06:35:00,179.5,0,68,71.4,1,0,0
2026-09-03 06:40:00,176.9,5,78,45.0,0,0,0
2026-09-03 06:45:00,175.3,8,75,43.9,0,0,0
2026-09-03 06:50:00,173.5,8,79,41.9,0,0,0
2026-09-03 06:55:00,172.7,3,79,43.1,0,0,0
2026-09-03 07:00:00,174.3,4,76,42.8,0,0,0
2026-09-03 07:05:00,173.3,2,73,42.9,0,0,0
2026-09-03 07:10:00,173.9,13,77,45.3,0,0,0
2026-09-03 07:15:00,174.8,19,77,40.6,0,0,0
2026-09-03 07:20:00,175.2,19,80,45.4,0,0,0
2026-09-03 07:25:00,175.0,3,80,42.6,0,0,0
2026-09-03 07:30:00,174.4,9,77,43.7,0,0,0
2026-09-03 07:35:00,170.9,5,77,43.7,0,0,0
2026-09-03 07:40:00,172.3,12,76,44.0,0,0,0
2026-09-03 07:45:00,169.7,4,76,44.9,0,0,0
2026-09-03 07:50:00,168.4,6,75,45.8,0,0,0
2026-09-03 07:55:00,167.1,15,78,41.7,0,0,0
2026-09-03 08:00:00,169.0,11,76,47.1,0,0,0
2026-09-03 08:05:00,166.0,4,77,44.9,0,0,0
2026-09-03 08:10:00,166.5,5,77,45.0,0,0,0
2026-09-03 08:15:00,168.7,7,77,44.5,0,0,0
2026-09-03 08:20:00,167.8,6,77,41.8,0,0,0
2026-09-03 08:25:00,168.4,17,77,46.3,0,0,0
2026-09-03 08:30:00,173.6,7,78,43.4,0,0,0
2026-09-03 08:35:00,168.9,6,74,42.2,0,0,0
2026-09-03 08:40:00,170.6,10,77,42.9,0,0,0
2026-09-03 08:45:00,170.0,7,80,41.8,0,36,50
2026-09-03 08:50:00,174.9,11,78,40.9,0,0,0
2026-09-03 08:55:00,179.2,9,76,44.9,0,0,0
2026-09-03 09:00:00,177.6,10,77,43.4,0,0,0
2026-09-03 09:05:00,177.3,8,80,44.6,0,0,0
2026-09-03 09:10:00,178.5,26,78,42.8,0,0,0
2026-09-03 09:15:00,180.0,15,77,41.8,0,0,0
2026-09-03 09:20:00,184.3,11,73,42.2,0,0,0
2026-09-03 09:25:00,183.1,14,81,45.3,0,0,0
2026-09-03 09:30:00,181.9,2,76,41.5,0,0,0
2026-09-03 09:35:00,179.1,9,76,42.5,0,0,0
2026-09-03 09:40:00,178.9,10,76,40.8,0,0,0
2026-09-03 09:45:00,174.5,6,75,42.9,0,0,0
2026-09-03 09:50:00,177.4,11,76,42.5,0,0,0
2026-09-03 09:55:00,177.0,5,77,46.7,0,0,0
2026-09-03 10:00:00,177.2,18,79,44.2,0,0,0
2026-09-03 10:05:00,176.2,16,78,45.3,0,0,0
2026-09-03 10:10:00,175.4,7,77,45.8,0,0,0
2026-09-03 10:15:00,173.7,3,74,45.6,0,0,0
2026-09-03 10:20:00,174.7,17,80,44.2,0,0,0
2026-09-03 10:25:00,173.4,13,79,43.8,0,0,0
2026-09-03 10:30:00,172.1,9,74,45.9,0,0,0
2026-09-03 10:35:00,170.8,7,77,45.4,0,0,0
2026-09-03 10:40:00,171.4,3,74,42.8,0,0,0
2026-09-03 10:45:00,171.6,6,74,43.7,0,0,0
2026-09-03 10:50:00,170.7,7,78,48.2,0,0,0
2026-09-03 10:55:00,173.2,6,71,45.4,0,0,0
2026-09-03 11:00:00,175.0,15,80,39.7,0,0,0
2026-09-03 11:05:00,173.9,13,77,45.8,0,0,0
2026-09-03 11:10:00,174.7,11,73,45.7,0,0,0
2026-09-03 11:15:00,172.0,7,75,44.7,0,0,0
2026-09-03 11:20:00,168.5,469,108,46.9,0,0,0
2026-09-03 11:25:00,168.7,475,104,42.7,0,0,0
2026-09-03 11:30:00,170.5,480,102,42.9,0,0,0
2026-09-03 11:35:00,171.3,28,78,44.5,0,0,0
2026-09-03 11:40:00,171.2,14,79,46.2,0,0,0
2026-09-03 11:45:00,173.2,7,80,45.9,0,0,0
2026-09-03 11:50:00,174.1,13,77,43.6,0,0,0
2026-09-03 11:55:00,170.2,8,74,41.6,0,0,0
2026-09-03 12:00:00,170.5,8,78,43.0,0,0,0
2026-09-03 12:05:00,169.1,8,74,41.5,0,0,0
2026-09-03 12:10:00,168.8,7,79,46.7,0,0,0
2026-09-03 12:15:00,169.6,17,75,43.2,0,0,0
2026-09-03 12:20:00,170.8,6,74,44.9,0,0,0
2026-09-03 12:25:00,172.4,11,78,43.9,0,0,0
2026-09-03 12:30:00,169.4,13,75,44.8,0,0,0
2026-09-03 12:35:00,168.8,12,73,44.3,0,0,0
2026-09-03 12:40:00,166.2,1,76,43.7,0,0,0
2026-09-03 12:45:00,168.6,4,78,42.7,0,0,0
2026-09-03 12:50:00,165.7,10,78,44.1,0,0,0
2026-09-03 12:55:00,167.0,9,77,43.1,0,0,0
2026-09-03 13:00:00,171.0,10,76,44.0,0,0,0
2026-09-03 13:05:00,170.1,7,76,46.6,0,0,0
2026-09-03 13:10:00,170.9,8,76,41.1,0,0,0
2026-09-03 13:15:00,169.3,9,78,41.3,0,0,0
2026-09-03 13:20:00,169.1,3,76,43.8,0,0,0
2026-09-03 13:25:00,167.9,12,75,45.8,0,0,0
2026-09-03 13:30:00,167.9,6,77,43.4,0,0,0
2026-09-03 13:35:00,166.2,6,75,43.2,0,0,0
2026-09-03 13:40:00,165.6,10,79,47.7,0,50,50
2026-09-03 13:45:00,167.4,3,82,43.5,0,0,0
2026-09-03 13:50:00,170.0,5,81,42.6,0,0,0
2026-09-03 13:55:00,171.7,395,104,42.8,0,0,0
2026-09-03 14:00:00,172.3,401,102,46.9,0,0,0
2026-09-03 14:05:00,168.9,4,79,40.0,0,0,0
2026-09-03 14:10:00,173.6,5,78,44.3,0,0,0
2026-09-03 14:15:00,173.5,7,75,44.3,0,0,0
2026-09-03 14:20:00,170.0,17,75,46.9,0,0,0
2026-09-03 14:25:00,167.8,8,78,44.9,0,0,0
2026-09-03 14:30:00,164.4,9,79,45.7,0,0,0
2026-09-03 14:35:00,161.4,6,74,46.1,0,0,0
2026-09-03 14:40:00,160.1,7,80,41.3,0,0,0
2026-09-03 14:45:00,160.8,4,75,45.4,0,0,0
2026-09-03 14:50:00,160.3,8,78,40.6,0,0,0
2026-09-03 14:55:00,160.5,12,75,46.0,0,0,0
2026-09-03 15:00:00,159.1,11,76,44.3,0,0,0
2026-09-03 15:05:00,158.1,3,79,44.3,0,0,0
2026-09-03 15:10:00,157.3,3,75,39.6,0,0,0
2026-09-03 15:15:00,158.4,4,78,43.0,0,0,0
2026-09-03 15:20:00,156.5,6,77,43.2,0,0,0
2026-09-03 15:25:00,154.9,7,79,43.1,0,0,0
2026-09-03 15:30:00,158.0,6,76,47.2,0,0,0
2026-09-03 15:35:00,157.8,16,74,43.7,0,0,0
2026-09-03 15:40:00,158.0,15,77,47.4,0,0,0
2026-09-03 15:45:00,158.8,9,78,41.2,0,0,0
2026-09-03 15:50:00,155.6,5,77,43.1,0,0,0
2026-09-03 15:55:00,154.6,9,75,41.0,0,0,0
2026-09-03 16:00:00,153.9,6,79,42.8,0,0,0
2026-09-03 16:05:00,151.2,11,76,44.8,0,0,0
2026-09-03 16:10:00,151.2,2,74,44.8,0,0,0
2026-09-03 16:15:00,150.7,6,73,45.5,0,0,0
2026-09-03 16:20:00,149.6,11,77,44.9,0,0,0
2026-09-03 16:25:00,149.0,15,75,44.8,0,0,0
2026-09-03 16:30:00,148.2,15,78,45.4,0,0,0
2026-09-03 16:35:00,150.3,9,72,41.9,0,0,0
2026-09-03 16:40:00,148.8,9,75,46.0,0,0,0
2026-09-03 16:45:00,149.5,6,76,43.6,0,0,0
2026-09-03 16:50:00,147.3,11,77,41.8,0,0,0
2026-09-03 16:55:00,145.3,9,82,44.3,0,0,0
2026-09-03 17:00:00,145.0,11,78,44.4,0,0,0
2026-09-03 17:05:00,143.8,11,78,42.6,0,0,0
2026-09-03 17:10:00,144.7,4,77,42.7,0,0,0
2026-09-03 17:15:00,143.6,15,79,43.1,0,0,0
2026-09-03 17:20:00,146.4,10,79,43.4,0,0,0
2026-09-03 17:25:00,145.3,10,79,42.2,0,20,50
2026-09-03 17:30:00,145.8,14,78,47.0,0,0,0
2026-09-03 17:35:00,144.4,3,79,43.5,0,0,0
2026-09-03 17:40:00,146.2,10,80,42.9,0,0,0
2026-09-03 17:45:00,148.0,11,78,40.9,0,0,0
2026-09-03 17:50:00,147.4,13,78,40.1,0,0,0
2026-09-03 17:55:00,149.8,5,73,46.3,0,0,0
2026-09-03 18:00:00,149.9,12,77,42.8,0,0,0
2026-09-03 18:05:00,151.2,3,79,42.8,0,0,0
2026-09-03 18:10:00,151.2,14,76,46.4,0,0,0
2026-09-03 18:15:00,150.8,10,77,41.8,0,0,0
2026-09-03 18:20:00,150.4,8,75,43.8,0,0,0
2026-09-03 18:25:00,151.9,15,81,42.3,0,0,0
2026-09-03 18:30:00,151.6,6,75,46.5,0,0,0
2026-09-03 18:35:00,150.0,12,78,42.2,0,0,0
2026-09-03 18:40:00,151.2,8,78,43.8,0,0,0
2026-09-03 18:45:00,151.7,6,80,43.7,0,0,0
2026-09-03 18:50:00,150.6,16,77,41.3,0,0,0
2026-09-03 18:55:00,147.9,16,76,47.5,0,0,0
2026-09-03 19:00:00,146.0,13,79,40.2,0,0,0
2026-09-03 19:05:00,149.1,10,73,44.3,0,0,0
2026-09-03 19:10:00,149.8,9,77,43.5,0,0,0
2026-09-03 19:15:00,148.4,3,77,41.1,0,0,0
2026-09-03 19:20:00,148.1,4,77,41.7,0,0,0
2026-09-03 19:25:00,144.5,18,77,43.1,0,0,0
2026-09-03 19:30:00,143.5,2,77,45.0,0,0,0
2026-09-03 19:35:00,144.4,17,80,44.0,0,0,0
2026-09-03 19:40:00,158.5,13,78,48.7,0,0,0
2026-09-03 19:45:00,159.5,15,75,45.8,0,0,0
2026-09-03 19:50:00,161.4,7,75,46.5,0,0,0
2026-09-03 19:55:00,163.1,3,74,43.6,0,0,0
2026-09-03 20:00:00,160.3,9,78,45.3,0,0,0
2026-09-03 20:05:00,157.8,5,80,44.1,0,0,0
2026-09-03 20:10:00,157.6,5,80,39.3,0,0,0
2026-09-03 20:15:00,158.8,9,78,43.7,0,0,0
2026-09-03 20:20:00,156.0,5,75,44.5,0,0,0
2026-09-03 20:25:00,155.8,7,77,44.1,0,0,0
2026-09-03 20:30:00,155.3,11,77,44.2,0,52,68
2026-09-03 20:35:00,158.3,15,77,44.8,0,0,0
2026-09-03 20:40:00,162.4,7,81,44.2,0,0,0
2026-09-03 20:45:00,162.1,435,102,41.6,0,0,0
2026-09-03 20:50:00,162.9,436,105,41.7,0,0,0
2026-09-03 20:55:00,162.7,11,81,41.6,0,0,0
2026-09-03 21:00:00,163.1,12,79,48.2,0,0,0
2026-09-03 21:05:00,162.1,11,73,42.6,0,0,0
2026-09-03 21:10:00,157.8,19,84,47.0,0,0,0
2026-09-03 21:15:00,160.8,11,79,45.5,0,0,0
2026-09-03 21:20:00,162.2,8,78,43.8,0,0,0
2026-09-03 21:25:00,160.8,7,75,44.3,0,0,0
2026-09-03 21:30:00,156.7,2,74,41.2,0,0,0
2026-09-03 21:35:00,159.1,7,78,44.3,0,0,0
2026-09-03 21:40:00,158.0,11,76,44.9,0,0,0
2026-09-03 21:45:00,156.6,3,75,48.4,0,0,0
2026-09-03 21:50:00,155.6,15,77,45.7,0,0,0
2026-09-03 21:55:00,150.9,8,76,48.1,0,0,0
2026-09-03 22:00:00,150.1,6,76,46.9,0,0,0
2026-09-03 22:05:00,150.3,25,78,45.9,0,0,0
2026-09-03 22:10:00,150.5,20,77,44.7,0,0,0
2026-09-03 22:15:00,143.5,7,75,43.9,0,0,0
2026-09-03 22:20:00,141.2,1,76,45.4,0,0,0
2026-09-03 22:25:00,143.6,5,76,43.4,0,0,0
2026-09-03 22:30:00,141.4,6,75,40.1,0,0,0
2026-09-03 22:35:00,139.8,10,74,43.7,0,0,0
2026-09-03 22:40:00,138.7,9,77,43.6,0,0,0
2026-09-03 22:45:00,135.2,5,78,41.7,0,0,0
2026-09-03 22:50:00,134.9,9,77,45.6,0,0,0
2026-09-03 22:55:00,135.7,6,79,44.3,0,0,0
2026-09-03 23:00:00,135.4,6,76,44.0,0,0,0
2026-09-03 23:05:00,131.0,13,78,42.9,0,0,0
2026-09-03 23:10:00,126.1,3,76,47.3,0,0,0
2026-09-03 23:15:00,126.0,6,79,44.4,0,0,0
2026-09-03 23:20:00,126.2,3,75,43.2,0,0,0
2026-09-03 23:25:00,129.9,5,76,42.9,0,0,0
2026-09-03 23:30:00,127.6,8,76,46.1,0,0,0
2026-09-03 23:35:00,129.7,7,80,43.8,0,0,0
2026-09-03 23:40:00,131.7,7,76,42.3,0,0,0
2026-09-03 23:45:00,134.3,6,77,47.1,0,0,0
2026-09-03 23:50:00,136.4,13,75,46.0,0,0,0
2026-09-03 23:55:00,132.4,6,77,44.5,0,0,0
2026-09-04 00:00:00,139.6,17,77,42.5,0,0,0
2026-09-04 00:05:00,140.8,9,79,42.6,0,0,0
2026-09-04 00:10:00,140.7,4,77,43.2,0,0,0
2026-09-04 00:15:00,141.4,0,69,68.6,1,0,0
2026-09-04 00:20:00,139.2,0,67,73.7,1,0,0
2026-09-04 00:25:00,141.7,0,67,73.2,1,0,0
2026-09-04 00:30:00,141.8,0,71,70.1,1,0,0
2026-09-04 00:35:00,140.2,0,70,71.8,1,0,0
2026-09-04 00:40:00,143.3,0,68,71.3,1,0,0
2026-09-04 00:45:00,144.0,0,67,69.5,1,0,0
2026-09-04 00:50:00,145.8,0,68,67.8,1,0,0
2026-09-04 00:55:00,144.3,0,66,70.0,1,0,0
2026-09-04 01:00:00,147.3,0,68,73.4,1,0,0
2026-09-04 01:05:00,145.4,2,70,68.2,1,0,0
2026-09-04 01:10:00,143.7,0,70,71.0,1,0,0
2026-09-04 01:15:00,145.2,0,65,66.5,1,0,0
2026-09-04 01:20:00,144.6,0,66,70.4,1,0,0
2026-09-04 01:25:00,143.4,1,65,71.6,1,0,0
2026-09-04 01:30:00,142.6,1,65,70.5,1,0,0
2026-09-04 01:35:00,142.1,0,66,66.5,1,0,0
2026-09-04 01:40:00,146.3,0,68,67.9,1,0,0
2026-09-04 01:45:00,148.0,1,70,68.9,1,0,0
2026-09-04 01:50:00,145.4,0,67,68.3,1,0,0
2026-09-04 01:55:00,146.9,0,69,75.5,1,0,0
2026-09-04 02:00:00,146.1,0,71,70.9,1,0,0
2026-09-04 02:05:00,150.0,0,68,69.9,1,0,0
2026-09-04 02:10:00,150.2,0,68,71.8,1,0,0
2026-09-04 02:15:00,149.4,0,70,64.9,1,0,0
2026-09-04 02:20:00,152.7,0,67,71.5,1,0,0
2026-09-04 02:25:00,152.4,0,68,70.5,1,0,0
2026-09-04 02:30:00,175.3,0,67,69.0,1,0,0
2026-09-04 02:35:00,173.7,1,70,66.5,1,0,0
2026-09-04 02:40:00,173.1,1,66,68.6,1,0,0
2026-09-04 02:45:00,171.4,0,68,65.3,1,0,0
2026-09-04 02:50:00,174.5,0,65,69.0,1,0,0
2026-09-04 02:55:00,174.4,0,66,72.5,1,0,0
2026-09-04 03:00:00,174.7,0,65,68.6,1,0,0
2026-09-04 03:05:00,172.1,1,68,69.5,1,0,0
2026-09-04 03:10:00,174.0,1,69,71.8,1,0,0
2026-09-04 03:15:00,176.2,0,64,70.8,1,0,0
2026-09-04 03:20:00,179.2,0,68,72.3,1,0,0
2026-09-04 03:25:00,181.4,1,68,69.9,1,0,0
2026-09-04 03:30:00,176.8,0,67,65.1,1,0,0
2026-09-04 03:35:00,172.4,0,65,70.1,1,0,0
2026-09-04 03:40:00,170.4,1,66,71.8,1,0,0
2026-09-04 03:45:00,172.9,1,66,72.5,1,0,0
2026-09-04 03:50:00,170.0,1,68,69.7,1,0,0
2026-09-04 03:55:00,171.2,0,68,70.7,1,0,0
2026-09-04 04:00:00,170.7,0,67,66.3,1,0,0
2026-09-04 04:05:00,170.0,0,68,69.2,1,0,0
2026-09-04 04:10:00,171.9,1,69,71.3,1,0,0
2026-09-04 04:15:00,172.1,1,68,68.1,1,0,0
2026-09-04 04:20:00,171.4,0,70,69.2,1,0,0
2026-09-04 04:25:00,171.5,1,67,72.4,1,0,0
2026-09-04 04:30:00,173.4,0,69,68.6,1,0,0
2026-09-04 04:35:00,173.7,0,69,69.8,1,0,0
2026-09-04 04:40:00,174.6,0,72,66.3,1,0,0
2026-09-04 04:45:00,176.0,0,67,70.2,1,0,0
2026-09-04 04:50:00,175.0,0,71,72.3,1,0,0
2026-09-04 04:55:00,174.6,0,66,69.5,1,0,0
2026-09-04 05:00:00,174.4,0,68,72.6,1,0,0
2026-09-04 05:05:00,175.5,1,68,65.8,1,0,0
2026-09-04 05:10:00,179.1,0,62,65.2,1,0,0
2026-09-04 05:15:00,179.0,0,67,67.9,1,0,0
2026-09-04 05:20:00,180.6,0,68,71.2,1,0,0
2026-09-04 05:25:00,180.1,2,70,73.1,1,0,0
2026-09-04 05:30:00,180.5,0,67,70.5,1,0,0
2026-09-04 05:35:00,179.6,0,66,71.5,1,0,0
2026-09-04 05:40:00,178.7,0,69,68.1,1,0,0
2026-09-04 05:45:00,178.4,1,66,71.7,1,0,0
2026-09-04 05:50:00,178.4,1,71,67.9,1,0,0
2026-09-04 05:55:00,177.6,0,67,68.9,1,0,0
2026-09-04 06:00:00,179.8,0,67,67.4,1,0,0
2026-09-04 06:05:00,179.7,0,64,68.5,1,0,0
2026-09-04 06:10:00,176.9,0,70,67.9,1,0,0
2026-09-04 06:15:00,174.9,0,66,68.4,1,0,0
2026-09-04 06:20:00,176.9,1,67,72.2,1,0,0
2026-09-04 06:25:00,179.9,0,67,65.3,1,0,0
2026-09-04 06:30:00,179.6,0,67,68.0,1,0,0
2026-09-04 06:35:00,179.1,0,68,71.6,1,0,0
2026-09-04 06:40:00,176.4,5,75,44.5,0,0,0
2026-09-04 06:45:00,178.7,10,73,42.2,0,0,0
2026-09-04 06:50:00,176.7,2,75,42.7,0,0,0
2026-09-04 06:55:00,176.4,17,76,43.6,0,0,0
2026-09-04 07:00:00,180.3,10,74,40.3,0,0,0
2026-09-04 07:05:00,182.8,4,75,41.0,0,0,0
2026-09-04 07:10:00,180.0,6,77,38.0,0,0,0
2026-09-04 07:15:00,181.3,9,74,44.7,0,0,0
2026-09-04 07:20:00,178.2,15,76,38.8,0,0,0
2026-09-04 07:25:00,178.6,11,77,38.4,0,0,0
2026-09-04 07:30:00,180.7,9,83,42.8,0,0,0
2026-09-04 07:35:00,180.5,20,77,44.6,0,0,0
2026-09-04 07:40:00,181.0,3,78,48.4,0,0,0
2026-09-04 07:45:00,182.0,8,77,44.2,0,0,0
2026-09-04 07:50:00,179.1,9,80,38.4,0,0,0
2026-09-04 07:55:00,179.7,2,75,42.7,0,0,0
2026-09-04 08:00:00,179.2,7,73,45.5,0,0,0
2026-09-04 08:05:00,179.1,12,79,46.3,0,0,0
2026-09-04 08:10:00,175.2,15,71,43.5,0,0,0
2026-09-04 08:15:00,174.4,11,82,43.1,0,39,50
2026-09-04 08:20:00,178.7,10,82,42.7,0,0,0
2026-09-04 08:25:00,180.4,7,79,39.1,0,0,0
2026-09-04 08:30:00,180.8,17,82,43.7,0,0,0
2026-09-04 08:35:00,181.7,5,80,39.8,0,0,0
2026-09-04 08:40:00,181.8,4,78,42.3,0,0,0
2026-09-04 08:45:00,179.9,7,76,42.3,0,0,0
2026-09-04 08:50:00,180.0,10,75,43.4,0,0,0
2026-09-04 08:55:00,177.5,8,76,41.6,0,0,0
2026-09-04 09:00:00,175.9,7,77,44.6,0,0,0
2026-09-04 09:05:00,176.1,6,74,45.7,0,0,0
2026-09-04 09:10:00,174.0,8,77,41.7,0,0,0
2026-09-04 09:15:00,172.8,7,73,41.8,0,0,0
2026-09-04 09:20:00,174.5,4,76,45.5,0,0,0
2026-09-04 09:25:00,171.0,18,77,45.3,0,0,0
2026-09-04 09:30:00,169.6,15,77,42.9,0,0,0
2026-09-04 09:35:00,168.9,12,77,40.9,0,0,0
2026-09-04 09:40:00,167.7,5,77,43.6,0,0,0
2026-09-04 09:45:00,166.3,7,77,44.3,0,0,0
2026-09-04 09:50:00,167.7,5,77,41.7,0,0,0
2026-09-04 09:55:00,167.6,9,78,41.4,0,0,0
2026-09-04 10:00:00,163.5,15,79,42.6,0,0,0
2026-09-04 10:05:00,165.5,19,78,41.3,0,0,0
2026-09-04 10:10:00,161.4,2,77,44.1,0,0,0
2026-09-04 10:15:00,163.1,11,80,41.8,0,0,0
2026-09-04 10:20:00,162.6,11,79,43.2,0,0,0
2026-09-04 10:25:00,164.0,10,76,42.7,0,0,0
2026-09-04 10:30:00,164.2,5,81,42.2,0,0,0
2026-09-04 10:35:00,162.9,13,76,45.6,0,0,0
2026-09-04 10:40:00,162.4,15,75,44.5,0,0,0
2026-09-04 10:45:00,158.0,15,75,43.6,0,0,0
2026-09-04 10:50:00,159.9,10,74,41.6,0,0,0
2026-09-04 10:55:00,159.4,5,76,43.4,0,0,0
2026-09-04 11:00:00,156.8,8,77,41.5,0,0,0
2026-09-04 11:05:00,158.4,12,79,43.4,0,0,0
2026-09-04 11:10:00,156.8,13,75,42.4,0,0,0
2026-09-04 11:15:00,157.8,13,78,44.2,0,0,0
2026-09-04 11:20:00,159.9,6,76,44.2,0,0,0
2026-09-04 11:25:00,159.3,3,78,40.1,0,0,0
2026-09-04 11:30:00,154.8,3,77,41.7,0,0,0
2026-09-04 11:35:00,155.1,17,78,39.0,0,0,0
2026-09-04 11:40:00,152.6,11,75,42.8,0,0,0
2026-09-04 11:45:00,153.5,11,81,43.5,0,0,0
2026-09-04 11:50:00,152.9,5,77,41.5,0,0,0
2026-09-04 11:55:00,152.9,13,78,41.7,0,0,0
2026-09-04 12:00:00,151.1,9,77,42.9,0,0,0
2026-09-04 12:05:00,151.5,7,74,42.2,0,0,0
2026-09-04 12:10:00,154.2,13,80,41.3,0,0,0
2026-09-04 12:15:00,154.5,2,76,42.6,0,0,0
2026-09-04 12:20:00,154.9,5,76,45.8,0,0,0
2026-09-04 12:25:00,153.3,8,76,45.8,0,0,0
2026-09-04 12:30:00,157.2,9,78,40.6,0,0,0
2026-09-04 12:35:00,162.1,4,78,42.9,0,0,0
2026-09-04 12:40:00,160.6,6,73,41.8,0,0,0
2026-09-04 12:45:00,161.1,11,73,44.0,0,0,0
2026-09-04 12:50:00,162.7,10,78,45.0,0,0,0
2026-09-04 12:55:00,163.6,6,77,39.0,0,0,0
2026-09-04 13:00:00,164.8,6,77,44.2,0,0,0
2026-09-04 13:05:00,163.8,10,80,43.1,0,0,0
2026-09-04 13:10:00,164.4,6,74,43.2,0,0,0
2026-09-04 13:15:00,163.5,17,79,41.2,0,0,0
2026-09-04 13:20:00,163.0,6,74,43.9,0,0,0
2026-09-04 13:25:00,162.0,12,77,42.3,0,0,0
2026-09-04 13:30:00,161.9,5,78,40.1,0,0,0
2026-09-04 13:35:00,161.4,8,75,39.6,0,0,0
2026-09-04 13:40:00,162.6,8,78,46.9,0,0,0
2026-09-04 13:45:00,163.8,11,79,40.2,0,54,55
2026-09-04 13:50:00,165.1,4,80,46.6,0,0,0
2026-09-04 13:55:00,169.2,9,79,45.3,0,0,0
2026-09-04 14:00:00,171.5,491,105,43.1,0,0,0
2026-09-04 14:05:00,173.4,507,109,46.0,0,0,0
2026-09-04 14:10:00,173.9,6,79,44.2,0,0,0
2026-09-04 14:15:00,184.1,9,76,39.9,0,0,0
2026-09-04 14:20:00,178.3,8,79,43.3,0,0,0
2026-09-04 14:25:00,178.0,8,73,45.3,0,0,0
2026-09-04 14:30:00,177.8,4,77,40.1,0,0,0
2026-09-04 14:35:00,172.3,9,76,46.3,0,0,0
2026-09-04 14:40:00,172.8,2,77,44.8,0,0,0
2026-09-04 14:45:00,172.9,7,74,43.1,0,0,0
2026-09-04 14:50:00,169.0,7,76,42.3,0,0,0
2026-09-04 14:55:00,165.9,3,76,42.3,0,0,0
2026-09-04 15:00:00,165.2,13,76,41.5,0,0,0
2026-09-04 15:05:00,164.8,12,79,39.2,0,0,0
2026-09-04 15:10:00,160.8,5,77,44.5,0,0,0
2026-09-04 15:15:00,161.0,0,76,44.4,0,0,0
2026-09-04 15:20:00,159.9,9,74,40.4,0,0,0
2026-09-04 15:25:00,156.3,6,74,42.6,0,0,0
2026-09-04 15:30:00,156.4,3,72,41.1,0,0,0
2026-09-04 15:35:00,151.6,9,75,38.1,0,0,0
2026-09-04 15:40:00,149.3,18,79,45.8,0,0,0
2026-09-04 15:45:00,150.1,7,75,41.1,0,0,0
2026-09-04 15:50:00,151.0,21,76,43.7,0,0,0
2026-09-04 15:55:00,151.0,6,72,43.2,0,0,0
2026-09-04 16:00:00,147.7,5,76,41.6,0,0,0
2026-09-04 16:05:00,147.4,5,72,43.7,0,0,0
2026-09-04 16:10:00,149.2,15,76,41.6,0,0,0
2026-09-04 16:15:00,148.9,12,76,44.2,0,0,0
2026-09-04 16:20:00,148.4,3,77,41.8,0,0,0
2026-09-04 16:25:00,149.6,12,80,42.8,0,0,0
2026-09-04 16:30:00,149.4,12,78,42.7,0,0,0
2026-09-04 16:35:00,150.2,7,76,42.7,0,0,0
2026-09-04 16:40:00,151.9,7,74,45.3,0,0,0
2026-09-04 16:45:00,150.8,5,76,44.3,0,0,0
2026-09-04 16:50:00,148.9,9,76,42.1,0,0,0
2026-09-04 16:55:00,146.1,19,79,42.3,0,0,0
2026-09-04 17:00:00,147.9,9,81,41.6,0,27,65
2026-09-04 17:05:00,149.4,8,77,42.7,0,0,0
2026-09-04 17:10:00,154.3,9,80,44.9,0,0,0
2026-09-04 17:15:00,155.9,6,79,40.0,0,0,0
2026-09-04 17:20:00,155.8,7,76,44.3,0,0,0
2026-09-04 17:25:00,152.9,11,79,48.0,0,0,0
2026-09-04 17:30:00,153.9,5,77,44.2,0,0,0
2026-09-04 17:35:00,154.1,22,75,41.8,0,0,0
2026-09-04 17:40:00,152.7,8,77,44.0,0,0,0
2026-09-04 17:45:00,153.4,7,76,43.5,0,0,0
2026-09-04 17:50:00,150.7,10,82,43.3,0,0,0
2026-09-04 17:55:00,146.8,13,77,38.9,0,0,0
2026-09-04 18:00:00,148.3,7,76,42.7,0,0,0
2026-09-04 18:05:00,146.3,9,78,43.2,0,0,0
2026-09-04 18:10:00,146.4,8,77,42.9,0,0,0
2026-09-04 18:15:00,143.0,8,75,45.1,0,0,0
2026-09-04 18:20:00,143.6,7,76,42.1,0,0,0
2026-09-04 18:25:00,141.8,11,80,41.3,0,0,0
2026-09-04 18:30:00,140.6,3,76,47.0,0,0,0
2026-09-04 18:35:00,140.6,23,77,40.6,0,0,0
2026-09-04 18:40:00,140.3,7,75,45.6,0,0,0
2026-09-04 18:45:00,144.3,5,77,44.2,0,0,0
2026-09-04 18:50:00,146.9,7,78,46.8,0,0,0
2026-09-04 18:55:00,147.1,15,74,44.0,0,0,0
2026-09-04 19:00:00,143.7,8,77,40.7,0,0,0
2026-09-04 19:05:00,143.5,7,74,44.6,0,0,0
2026-09-04 19:10:00,144.6,14,76,44.1,0,0,0
2026-09-04 19:15:00,143.3,10,75,42.0,0,0,0
2026-09-04 19:20:00,147.7,1,76,44.2,0,0,0
2026-09-04 19:25:00,143.3,9,76,42.5,0,0,0
2026-09-04 19:30:00,142.1,3,74,45.8,0,0,0
2026-09-04 19:35:00,144.6,14,76,42.6,0,0,0
2026-09-04 19:40:00,145.5,6,80,44.1,0,0,0
2026-09-04 19:45:00,160.0,0,77,38.3,0,0,0
2026-09-04 19:50:00,157.6,11,76,45.3,0,0,0
2026-09-04 19:55:00,156.3,11,80,46.2,0,0,0
2026-09-04 20:00:00,155.7,7,80,41.7,0,0,0
2026-09-04 20:05:00,154.3,15,79,42.6,0,0,0
2026-09-04 20:10:00,159.6,11,76,39.7,0,0,0
2026-09-04 20:15:00,161.2,20,81,41.7,0,0,0
2026-09-04 20:20:00,156.8,6,79,43.7,0,0,0
2026-09-04 20:25:00,158.0,419,102,41.5,0,0,0
2026-09-04 20:30:00,152.7,412,102,43.3,0,0,0
2026-09-04 20:35:00,156.4,409,100,45.8,0,0,0
2026-09-04 20:40:00,154.2,9,75,42.6,0,0,0
2026-09-04 20:45:00,157.4,5,76,44.0,0,0,0
2026-09-04 20:50:00,156.7,6,73,45.0,0,0,0
2026-09-04 20:55:00,156.3,0,75,44.8,0,0,0
2026-09-04 21:00:00,154.2,9,78,39.1,0,0,0
2026-09-04 21:05:00,157.4,15,82,42.8,0,105,70
2026-09-04 21:10:00,164.3,10,83,44.4,0,0,0
2026-09-04 21:15:00,169.5,21,81,42.6,0,0,0
2026-09-04 21:20:00,176.0,8,81,40.2,0,0,0
2026-09-04 21:25:00,181.9,7,80,45.0,0,0,0
2026-09-04 21:30:00,185.8,8,80,41.5,0,0,0
2026-09-04 21:35:00,187.3,4,75,41.1,0,0,0
2026-09-04 21:40:00,185.9,9,77,41.2,0,0,0
2026-09-04 21:45:00,188.4,9,78,43.2,0,0,0
2026-09-04 21:50:00,187.5,16,79,43.4,0,0,0
2026-09-04 21:55:00,183.0,8,78,39.9,0,0,0
2026-09-04 22:00:00,180.4,8,82,40.0,0,0,0
2026-09-04 22:05:00,178.3,2,72,42.5,0,0,0
2026-09-04 22:10:00,168.8,10,78,43.7,0,0,0
2026-09-04 22:15:00,166.3,4,76,43.5,0,0,0
2026-09-04 22:20:00,161.5,8,78,44.8,0,0,0
2026-09-04 22:25:00,157.0,7,73,42.1,0,0,0
2026-09-04 22:30:00,153.9,6,80,41.8,0,0,0
2026-09-04 22:35:00,146.4,9,76,43.6,0,0,0
2026-09-04 22:40:00,144.8,4,77,44.6,0,0,0
2026-09-04 22:45:00,140.7,5,72,43.8,0,0,0
2026-09-04 22:50:00,138.0,25,73,43.2,0,0,0
2026-09-04 22:55:00,137.6,12,77,43.4,0,0,0
2026-09-04 23:00:00,146.5,4,73,41.6,0,0,0
2026-09-04 23:05:00,142.8,8,76,40.3,0,0,0
2026-09-04 23:10:00,139.4,7,79,45.8,0,0,0
2026-09-04 23:15:00,136.9,11,76,44.3,0,0,0
2026-09-04 23:20:00,136.6,8,77,39.2,0,0,0
2026-09-04 23:25:00,132.6,14,80,43.3,0,0,0
2026-09-04 23:30:00,129.3,7,76,43.6,0,0,0
2026-09-04 23:35:00,127.7,5,75,45.9,0,0,0
2026-09-04 23:40:00,124.3,0,65,71.3,1,0,0
2026-09-04 23:45:00,122.1,0,67,67.3,1,0,0
2026-09-04 23:50:00,124.5,0,67,71.1,1,0,0
2026-09-04 23:55:00,124.8,0,64,74.6,1,0,0
2026-09-05 00:00:00,121.6,1,66,72.7,1,0,0
2026-09-05 00:05:00,117.6,0,68,68.9,1,0,0
2026-09-05 00:10:00,116.9,0,68,72.9,1,0,0
2026-09-05 00:15:00,114.1,1,69,69.6,1,0,0
2026-09-05 00:20:00,115.6,0,68,72.3,1,0,0
2026-09-05 00:25:00,113.7,0,69,70.7,1,0,0
2026-09-05 00:30:00,110.3,1,69,71.4,1,0,0
2026-09-05 00:35:00,111.4,0,64,72.8,1,0,0
2026-09-05 00:40:00,112.1,0,68,71.9,1,0,0
2026-09-05 00:45:00,114.3,0,69,69.6,1,0,0
2026-09-05 00:50:00,118.0,0,68,72.0,1,0,0
2026-09-05 00:55:00,117.3,0,67,71.2,1,0,0
2026-09-05 01:00:00,116.9,0,69,70.4,1,0,0
2026-09-05 01:05:00,115.7,0,71,73.2,1,0,0
2026-09-05 01:10:00,116.3,1,71,71.2,1,0,0
2026-09-05 01:15:00,115.8,1,68,70.4,1,0,0
2026-09-05 01:20:00,116.3,0,69,66.5,1,0,0
2026-09-05 01:25:00,119.4,0,67,72.1,1,0,0
2026-09-05 01:30:00,119.3,1,69,69.6,1,0,0
2026-09-05 01:35:00,123.9,0,70,73.7,1,0,0
2026-09-05 01:40:00,124.1,0,68,71.3,1,0,0
2026-09-05 01:45:00,121.1,0,70,71.6,1,0,0
2026-09-05 01:50:00,119.4,0,64,68.8,1,0,0
2026-09-05 01:55:00,119.5,1,70,69.9,1,0,0
2026-09-05 02:00:00,119.7,0,68,72.6,1,0,0
2026-09-05 02:05:00,119.2,0,66,70.5,1,0,0
2026-09-05 02:10:00,121.0,0,69,68.6,1,0,0
2026-09-05 02:15:00,122.1,0,68,69.4,1,0,0
2026-09-05 02:20:00,119.5,0,68,69.4,1,0,0
2026-09-05 02:25:00,120.5,0,70,71.1,1,0,0
2026-09-05 02:30:00,121.9,0,68,68.7,1,0,0
2026-09-05 02:35:00,123.5,0,69,71.3,1,0,0
2026-09-05 02:40:00,123.9,0,68,69.3,1,0,0
2026-09-05 02:45:00,124.9,0,68,69.3,1,0,0
2026-09-05 02:50:00,125.6,1,72,71.7,1,0,0
2026-09-05 02:55:00,125.1,2,68,70.4,1,0,0
2026-09-05 03:00:00,124.3,1,68,66.7,1,0,0
2026-09-05 03:05:00,165.5,0,65,69.4,1,0,0
2026-09-05 03:10:00,167.5,0,65,71.4,1,0,0
2026-09-05 03:15:00,167.1,0,65,70.2,1,0,0
2026-09-05 03:20:00,171.2,0,70,71.7,1,0,0
2026-09-05 03:25:00,172.7,0,69,70.9,1,0,0
2026-09-05 03:30:00,173.2,2,72,67.9,1,0,0
2026-09-05 03:35:00,173.7,0,65,70.2,1,0,0
2026-09-05 03:40:00,172.3,0,68,70.8,1,0,0
2026-09-05 03:45:00,171.4,1,68,68.1,1,0,0
2026-09-05 03:50:00,171.8,0,71,69.9,1,0,0
2026-09-05 03:55:00,172.1,0,68,68.5,1,0,0
2026-09-05 04:00:00,171.8,0,65,67.8,1,0,0
2026-09-05 04:05:00,172.3,0,66,69.3,1,0,0
2026-09-05 04:10:00,171.6,0,69,66.6,1,0,0
2026-09-05 04:15:00,171.5,0,68,68.3,1,0,0
2026-09-05 04:20:00,174.4,0,66,71.4,1,0,0
2026-09-05 04:25:00,172.7,0,68,74.4,1,0,0
2026-09-05 04:30:00,173.6,2,69,70.8,1,0,0
2026-09-05 04:35:00,174.8,0,69,70.1,1,0,0
2026-09-05 04:40:00,173.4,0,68,70.0,1,0,0
2026-09-05 04:45:00,176.3,0,68,72.1,1,0,0
2026-09-05 04:50:00,176.6,0,68,70.9,1,0,0
2026-09-05 04:55:00,172.5,0,67,72.7,1,0,0
2026-09-05 05:00:00,172.5,0,66,73.1,1,0,0
2026-09-05 05:05:00,173.5,0,67,73.6,1,0,0
2026-09-05 05:10:00,173.8,0,67,71.9,1,0,0
2026-09-05 05:15:00,176.4,0,68,72.2,1,0,0
2026-09-05 05:20:00,176.1,0,67,73.6,1,0,0
2026-09-05 05:25:00,176.6,0,65,68.0,1,0,0
2026-09-05 05:30:00,179.5,0,68,69.0,1,0,0
2026-09-05 05:35:00,184.8,1,67,69.6,1,0,0
2026-09-05 05:40:00,181.0,0,66,73.8,1,0,0
2026-09-05 05:45:00,176.6,0,69,71.6,1,0,0
2026-09-05 05:50:00,178.3,0,68,72.7,1,0,0
2026-09-05 05:55:00,181.1,0,67,70.7,1,0,0
2026-09-05 06:00:00,182.3,1,65,71.8,1,0,0
2026-09-05 06:05:00,180.1,1,68,74.0,1,0,0
2026-09-05 06:10:00,181.2,2,65,70.2,1,0,0
2026-09-05 06:15:00,177.5,0,70,71.3,1,0,0
2026-09-05 06:20:00,179.2,0,69,71.2,1,0,0
2026-09-05 06:25:00,179.9,1,64,71.0,1,0,0
2026-09-05 06:30:00,176.3,0,69,66.3,1,0,0
2026-09-05 06:35:00,175.4,2,66,73.0,1,0,0
2026-09-05 06:40:00,175.8,1,68,68.5,1,0,0
2026-09-05 06:45:00,174.1,0,71,71.0,1,0,0
2026-09-05 06:50:00,171.6,0,68,67.8,1,0,0
2026-09-05 06:55:00,170.9,1,67,69.2,1,0,0
2026-09-05 07:00:00,173.6,0,68,70.3,1,0,0
2026-09-05 07:05:00,174.6,6,78,42.9,0,0,0
2026-09-05 07:10:00,172.0,6,79,42.5,0,0,0
2026-09-05 07:15:00,170.9,5,77,43.3,0,0,0
2026-09-05 07:20:00,169.8,13,78,43.0,0,0,0
2026-09-05 07:25:00,165.7,16,76,44.1,0,0,0
2026-09-05 07:30:00,167.3,10,76,46.0,0,0,0
2026-09-05 07:35:00,165.9,6,80,44.5,0,0,0
2026-09-05 07:40:00,166.0,10,75,48.6,0,0,0
2026-09-05 07:45:00,164.0,14,77,44.9,0,0,0
2026-09-05 07:50:00,163.9,10,80,42.4,0,0,0
2026-09-05 07:55:00,161.5,4,75,44.6,0,0,0
2026-09-05 08:00:00,159.9,11,78,43.6,0,30,55
2026-09-05 08:05:00,163.8,13,83,44.5,0,0,0
2026-09-05 08:10:00,167.8,6,78,44.9,0,0,0
2026-09-05 08:15:00,168.9,20,84,42.8,0,0,0
2026-09-05 08:20:00,169.4,5,80,40.8,0,0,0
2026-09-05 08:25:00,173.9,11,78,45.8,0,0,0
2026-09-05 08:30:00,174.2,456,105,43.4,0,0,0
2026-09-05 08:35:00,173.3,453,110,44.8,0,0,0
2026-09-05 08:40:00,171.2,454,103,43.1,0,0,0
2026-09-05 08:45:00,167.9,459,101,41.2,0,0,0
2026-09-05 08:50:00,168.2,11,80,47.2,0,0,0
2026-09-05 08:55:00,169.8,8,75,46.0,0,0,0
2026-09-05 09:00:00,169.0,6,74,42.5,0,0,0
2026-09-05 09:05:00,168.4,4,77,38.7,0,0,0
2026-09-05 09:10:00,169.0,9,78,42.0,0,0,0
2026-09-05 09:15:00,169.6,12,78,40.9,0,0,0
2026-09-05 09:20:00,167.9,24,74,44.2,0,0,0
2026-09-05 09:25:00,164.5,5,75,42.7,0,0,0
2026-09-05 09:30:00,162.4,3,78,44.3,0,0,0
2026-09-05 09:35:00,164.8,13,77,45.1,0,0,0
2026-09-05 09:40:00,161.8,8,79,41.3,0,0,0
2026-09-05 09:45:00,159.9,5,77,41.3,0,0,0
2026-09-05 09:50:00,161.1,4,74,45.5,0,0,0
2026-09-05 09:55:00,160.6,6,77,42.9,0,0,0
2026-09-05 10:00:00,158.6,3,77,43.3,0,0,0
2026-09-05 10:05:00,158.5,10,72,42.8,0,0,0
2026-09-05 10:10:00,154.0,16,77,43.3,0,0,0
2026-09-05 10:15:00,148.6,5,77,40.9,0,0,0
2026-09-05 10:20:00,149.3,3,77,43.2,0,0,0
2026-09-05 10:25:00,151.4,15,79,41.6,0,0,0
2026-09-05 10:30:00,152.8,10,77,43.5,0,0,0
2026-09-05 10:35:00,153.4,29,77,45.9,0,0,0
2026-09-05 10:40:00,155.8,1,75,44.7,0,0,0
2026-09-05 10:45:00,155.7,10,73,45.9,0,0,0
2026-09-05 10:50:00,157.0,10,76,43.5,0,0,0
2026-09-05 10:55:00,156.6,16,78,41.7,0,0,0
2026-09-05 11:00:00,152.5,9,75,40.8,0,0,0
2026-09-05 11:05:00,152.9,4,79,42.9,0,0,0
2026-09-05 11:10:00,151.8,8,77,41.7,0,0,0
2026-09-05 11:15:00,152.6,13,74,45.6,0,0,0
2026-09-05 11:20:00,151.1,15,76,43.2,0,0,0
2026-09-05 11:25:00,151.6,10,79,44.3,0,0,0
2026-09-05 11:30:00,153.1,9,74,46.6,0,0,0
2026-09-05 11:35:00,151.8,7,76,42.5,0,0,0
2026-09-05 11:40:00,155.2,4,77,41.3,0,0,0
2026-09-05 11:45:00,155.8,7,77,45.2,0,0,0
2026-09-05 11:50:00,150.9,13,80,43.9,0,0,0
2026-09-05 11:55:00,149.9,11,79,41.7,0,0,0
2026-09-05 12:00:00,147.5,8,77,42.4,0,0,0
2026-09-05 12:05:00,147.5,5,74,42.5,0,0,0
2026-09-05 12:10:00,147.5,11,76,45.3,0,0,0
2026-09-05 12:15:00,147.4,6,78,42.9,0,0,0
2026-09-05 12:20:00,147.9,2,75,45.3,0,0,0
2026-09-05 12:25:00,148.9,11,78,43.5,0,0,0
2026-09-05 12:30:00,150.3,6,77,43.0,0,0,0
2026-09-05 12:35:00,150.1,8,77,45.4,0,0,0
2026-09-05 12:40:00,148.0,10,74,44.8,0,0,0
2026-09-05 12:45:00,145.8,13,73,43.3,0,0,0
2026-09-05 12:50:00,148.3,7,75,44.0,0,0,0
2026-09-05 12:55:00,149.2,10,78,44.6,0,62,50
2026-09-05 13:00:00,155.0,15,80,41.8,0,0,0
2026-09-05 13:05:00,163.6,6,81,42.3,0,0,0
2026-09-05 13:10:00,168.7,411,108,42.1,0,0,0
2026-09-05 13:15:00,172.2,417,104,43.6,0,0,0
2026-09-05 13:20:00,173.5,11,78,39.9,0,0,0
2026-09-05 13:25:00,176.6,6,78,46.3,0,0,0
2026-09-05 13:30:00,176.3,7,78,46.6,0,0,0
2026-09-05 13:35:00,176.6,21,76,42.1,0,0,0
2026-09-05 13:40:00,178.0,10,78,46.1,0,0,0
2026-09-05 13:45:00,181.3,13,76,43.7,0,0,0
2026-09-05 13:50:00,178.6,12,76,39.7,0,0,0
2026-09-05 13:55:00,178.3,4,78,45.1,0,0,0
2026-09-05 14:00:00,185.0,14,77,43.6,0,0,0
2026-09-05 14:05:00,183.4,10,76,44.4,0,0,0
2026-09-05 14:10:00,183.9,10,77,43.7,0,0,0
2026-09-05 14:15:00,184.9,10,78,43.1,0,0,0
2026-09-05 14:20:00,187.4,7,76,41.7,0,0,0
2026-09-05 14:25:00,183.0,4,77,38.1,0,0,0
2026-09-05 14:30:00,179.7,6,77,44.5,0,0,0
2026-09-05 14:35:00,178.0,14,76,38.2,0,0,0
2026-09-05 14:40:00,177.1,20,80,45.8,0,0,0
2026-09-05 14:45:00,177.5,3,76,42.0,0,0,0
2026-09-05 14:50:00,176.5,6,73,45.2,0,0,0
2026-09-05 14:55:00,175.6,13,78,40.3,0,0,0
2026-09-05 15:00:00,173.3,11,78,46.8,0,0,0
2026-09-05 15:05:00,178.4,6,74,47.5,0,0,0
2026-09-05 15:10:00,176.5,17,78,44.1,0,0,0
2026-09-05 15:15:00,175.4,6,77,43.1,0,0,0
2026-09-05 15:20:00,175.0,4,75,42.8,0,0,0
2026-09-05 15:25:00,174.3,9,79,44.7,0,0,0
2026-09-05 15:30:00,173.6,8,74,44.4,0,0,0
2026-09-05 15:35:00,175.6,6,76,42.5,0,0,0
2026-09-05 15:40:00,177.3,10,75,43.4,0,0,0
2026-09-05 15:45:00,179.0,10,77,43.5,0,0,0
2026-09-05 15:50:00,178.0,14,78,43.6,0,0,0
2026-09-05 15:55:00,177.0,5,76,42.2,0,0,0
2026-09-05 16:00:00,176.1,7,78,44.1,0,0,0
2026-09-05 16:05:00,172.8,7,78,46.2,0,0,0
2026-09-05 16:10:00,169.4,9,75,45.2,0,0,0
2026-09-05 16:15:00,169.9,7,77,44.7,0,0,0
2026-09-05 16:20:00,170.1,6,77,41.5,0,0,0
2026-09-05 16:25:00,170.2,3,73,45.5,0,0,0
2026-09-05 16:30:00,175.1,11,79,37.2,0,0,0
2026-09-05 16:35:00,176.1,10,75,42.9,0,0,0
2026-09-05 16:40:00,174.3,10,78,46.0,0,0,0
2026-09-05 16:45:00,176.0,8,80,44.6,0,0,0
2026-09-05 16:50:00,173.5,24,80,45.4,0,0,0
2026-09-05 16:55:00,172.8,7,75,47.3,0,0,0
2026-09-05 17:00:00,170.6,15,75,41.9,0,0,0
2026-09-05 17:05:00,171.2,4,77,45.5,0,0,0
2026-09-05 17:10:00,173.1,8,81,45.3,0,0,0
2026-09-05 17:15:00,171.9,11,71,44.4,0,0,0
2026-09-05 17:20:00,166.1,15,75,42.7,0,0,0
2026-09-05 17:25:00,167.2,9,78,41.8,0,0,0
2026-09-05 17:30:00,167.7,18,79,43.6,0,0,0
2026-09-05 17:35:00,170.2,13,76,42.1,0,0,0
2026-09-05 17:40:00,167.8,14,79,43.8,0,0,0
2026-09-05 17:45:00,166.9,4,73,43.6,0,0,0
2026-09-05 17:50:00,164.8,1,78,44.5,0,0,0
2026-09-05 17:55:00,165.9,12,76,42.4,0,0,0
2026-09-05 18:00:00,166.9,19,77,45.2,0,0,0
2026-09-05 18:05:00,171.0,7,77,46.8,0,0,0
2026-09-05 18:10:00,170.8,12,79,42.5,0,0,0
2026-09-05 18:15:00,170.8,6,76,41.8,0,0,0
2026-09-05 18:20:00,169.9,14,78,39.2,0,0,0
2026-09-05 18:25:00,169.0,15,79,42.7,0,14,35
2026-09-05 18:30:00,170.1,13,80,40.2,0,0,0
2026-09-05 18:35:00,170.6,15,78,42.7,0,0,0
2026-09-05 18:40:00,171.1,2,83,44.9,0,0,0
2026-09-05 18:45:00,168.5,8,78,41.9,0,0,0
2026-09-05 18:50:00,170.0,17,79,44.5,0,0,0
2026-09-05 18:55:00,167.6,3,78,47.5,0,0,0
2026-09-05 19:00:00,168.5,7,73,45.0,0,0,0
2026-09-05 19:05:00,168.4,14,77,46.3,0,0,0
2026-09-05 19:10:00,171.1,12,77,43.5,0,0,0
2026-09-05 19:15:00,174.3,5,77,44.3,0,0,0
2026-09-05 19:20:00,174.3,2,76,43.6,0,0,0
2026-09-05 19:25:00,175.0,8,74,42.7,0,0,0
2026-09-05 19:30:00,174.6,5,74,48.3,0,0,0
2026-09-05 19:35:00,177.7,6,76,45.3,0,0,0
2026-09-05 19:40:00,176.2,8,77,43.6,0,0,0
2026-09-05 19:45:00,171.0,14,71,42.5,0,0,0
2026-09-05 19:50:00,174.6,9,78,44.9,0,0,0
2026-09-05 19:55:00,171.3,9,75,43.8,0,0,0
2026-09-05 20:00:00,175.1,14,76,38.6,0,0,0
2026-09-05 20:05:00,171.5,12,77,47.9,0,0,0
2026-09-05 20:10:00,171.4,4,77,43.9,0,0,0
2026-09-05 20:15:00,170.5,9,77,46.3,0,0,0
2026-09-05 20:20:00,171.2,11,77,42.3,0,0,0
2026-09-05 20:25:00,169.4,9,76,43.3,0,0,0
2026-09-05 20:30:00,164.8,9,80,45.1,0,80,75
2026-09-05 20:35:00,176.7,4,79,41.1,0,0,0
2026-09-05 20:40:00,183.9,16,80,40.6,0,0,0
2026-09-05 20:45:00,184.3,19,78,46.1,0,0,0
2026-09-05 20:50:00,187.7,4,77,42.6,0,0,0
2026-09-05 20:55:00,187.6,11,79,40.7,0,0,0
2026-09-05 21:00:00,186.1,8,76,39.8,0,0,0
2026-09-05 21:05:00,186.3,8,76,44.4,0,0,0
2026-09-05 21:10:00,183.5,11,74,44.9,0,0,0
2026-09-05 21:15:00,180.0,14,76,41.4,0,0,0
2026-09-05 21:20:00,176.4,16,75,42.6,0,0,0
2026-09-05 21:25:00,174.0,10,79,45.7,0,0,0
2026-09-05 21:30:00,171.3,7,75,45.0,0,0,0
2026-09-05 21:35:00,170.1,8,77,44.7,0,0,0
2026-09-05 21:40:00,166.7,9,73,45.7,0,0,0
2026-09-05 21:45:00,162.5,7,78,43.3,0,0,0
2026-09-05 21:50:00,156.8,7,76,43.3,0,0,0
2026-09-05 21:55:00,155.0,7,79,42.7,0,0,0
2026-09-05 22:00:00,155.4,11,76,43.1,0,0,0
2026-09-05 22:05:00,152.3,11,80,42.5,0,0,0
2026-09-05 22:10:00,150.7,13,75,41.5,0,0,0
2026-09-05 22:15:00,147.6,3,73,43.5,0,0,0
2026-09-05 22:20:00,142.1,5,78,45.9,0,0,0
2026-09-05 22:25:00,137.4,5,76,44.6,0,0,0
2026-09-05 22:30:00,130.1,5,72,42.9,0,0,0
2026-09-05 22:35:00,128.4,6,75,45.6,0,0,0
2026-09-05 22:40:00,129.2,4,77,44.5,0,0,0
2026-09-05 22:45:00,127.2,10,77,42.9,0,0,0
2026-09-05 22:50:00,127.7,2,72,41.7,0,0,0
2026-09-05 22:55:00,125.8,11,75,43.5,0,0,0
2026-09-05 23:00:00,127.4,8,78,43.2,0,0,0
2026-09-05 23:05:00,125.8,6,79,47.0,0,0,0
2026-09-05 23:10:00,119.9,10,77,43.7,0,0,0
2026-09-05 23:15:00,117.6,8,77,43.5,0,0,0
2026-09-05 23:20:00,117.7,8,78,44.5,0,0,0
2026-09-05 23:25:00,118.1,10,75,43.4,0,0,0
2026-09-05 23:30:00,118.9,12,75,47.4,0,0,0
2026-09-05 23:35:00,117.7,10,73,40.7,0,0,0
2026-09-05 23:40:00,118.3,8,78,43.1,0,0,0
2026-09-05 23:45:00,117.1,8,76,43.7,0,0,0
2026-09-05 23:50:00,116.4,3,76,45.0,0,0,0
2026-09-05 23:55:00,119.2,13,78,40.2,0,0,0
2026-09-06 00:00:00,112.8,7,71,46.4,0,0,0
2026-09-06 00:05:00,114.6,8,74,46.3,0,0,0
2026-09-06 00:10:00,115.2,11,78,43.8,0,0,0
2026-09-06 00:15:00,115.3,7,77,41.9,0,0,0
2026-09-06 00:20:00,114.8,6,77,44.9,0,0,0
2026-09-06 00:25:00,119.0,0,67,72.0,1,0,0
2026-09-06 00:30:00,118.2,1,65,72.6,1,0,0
2026-09-06 00:35:00,118.3,0,64,73.6,1,0,0
2026-09-06 00:40:00,118.7,0,70,69.9,1,0,0
2026-09-06 00:45:00,117.7,1,67,70.7,1,0,0
2026-09-06 00:50:00,120.6,0,71,69.7,1,0,0
2026-09-06 00:55:00,119.9,0,70,68.1,1,0,0
2026-09-06 01:00:00,121.2,0,65,73.5,1,0,0
2026-09-06 01:05:00,118.4,1,69,72.3,1,0,0
2026-09-06 01:10:00,122.5,0,68,70.9,1,0,0
2026-09-06 01:15:00,124.2,0,69,74.7,1,0,0
2026-09-06 01:20:00,124.6,0,67,72.2,1,0,0
2026-09-06 01:25:00,126.8,1,67,73.4,1,0,0
2026-09-06 01:30:00,127.4,1,67,74.5,1,0,0
2026-09-06 01:35:00,124.5,0,70,72.9,1,0,0
2026-09-06 01:40:00,120.2,0,66,72.8,1,0,0
2026-09-06 01:45:00,122.9,0,71,71.2,1,0,0
2026-09-06 01:50:00,125.1,1,70,71.7,1,0,0
2026-09-06 01:55:00,125.2,0,68,74.0,1,0,0
2026-09-06 02:00:00,127.0,2,68,71.2,1,0,0
2026-09-06 02:05:00,128.9,0,63,74.1,1,0,0
2026-09-06 02:10:00,130.5,0,70,76.1,1,0,0
2026-09-06 02:15:00,127.2,1,69,71.5,1,0,0
2026-09-06 02:20:00,132.0,0,73,73.9,1,0,0
2026-09-06 02:25:00,131.3,0,68,71.8,1,0,0
2026-09-06 02:30:00,161.5,1,66,71.5,1,0,0
2026-09-06 02:35:00,163.5,1,67,71.2,1,0,0
2026-09-06 02:40:00,161.8,0,69,70.2,1,0,0
2026-09-06 02:45:00,163.4,1,68,76.0,1,0,0
2026-09-06 02:50:00,162.6,0,65,75.1,1,0,0
2026-09-06 02:55:00,162.6,0,68,70.3,1,0,0
2026-09-06 03:00:00,162.1,0,72,70.8,1,0,0
2026-09-06 03:05:00,164.3,1,65,73.4,1,0,0
2026-09-06 03:10:00,169.2,0,69,74.7,1,0,0
2026-09-06 03:15:00,166.8,0,71,74.3,1,0,0
2026-09-06 03:20:00,162.2,0,69,73.5,1,0,0
2026-09-06 03:25:00,162.3,0,65,73.0,1,0,0
2026-09-06 03:30:00,165.4,0,68,73.3,1,0,0
2026-09-06 03:35:00,165.0,0,69,72.7,1,0,0
2026-09-06 03:40:00,163.6,0,69,74.3,1,0,0
2026-09-06 03:45:00,165.3,0,69,68.0,1,0,0
2026-09-06 03:50:00,165.8,0,64,72.9,1,0,0
2026-09-06 03:55:00,167.6,0,67,70.4,1,0,0
2026-09-06 04:00:00,169.9,1,69,72.7,1,0,0
2026-09-06 04:05:00,169.6,0,65,73.9,1,0,0
2026-09-06 04:10:00,172.0,1,70,69.7,1,0,0
2026-09-06 04:15:00,173.0,0,67,71.6,1,0,0
2026-09-06 04:20:00,173.5,0,66,73.6,1,0,0
2026-09-06 04:25:00,175.2,0,67,69.1,1,0,0
2026-09-06 04:30:00,177.0,1,68,73.1,1,0,0
2026-09-06 04:35:00,176.4,1,69,73.8,1,0,0
2026-09-06 04:40:00,172.7,1,70,72.6,1,0,0
2026-09-06 04:45:00,173.3,1,65,74.0,1,0,0
2026-09-06 04:50:00,174.8,0,70,74.1,1,0,0
2026-09-06 04:55:00,179.2,0,68,69.8,1,0,0
2026-09-06 05:00:00,176.3,0,67,69.6,1,0,0
2026-09-06 05:05:00,174.2,0,68,70.3,1,0,0
2026-09-06 05:10:00,170.5,0,68,75.6,1,0,0
2026-09-06 05:15:00,167.5,1,70,72.2,1,0,0
2026-09-06 05:20:00,167.2,1,67,71.1,1,0,0
2026-09-06 05:25:00,170.9,2,66,72.9,1,0,0
2026-09-06 05:30:00,171.8,1,68,72.9,1,0,0
2026-09-06 05:35:00,170.9,0,69,71.6,1,0,0
2026-09-06 05:40:00,170.0,0,72,73.1,1,0,0
2026-09-06 05:45:00,169.0,0,66,76.9,1,0,0
2026-09-06 05:50:00,169.6,0,65,72.3,1,0,0
2026-09-06 05:55:00,168.7,0,68,74.6,1,0,0
2026-09-06 06:00:00,171.6,0,69,68.1,1,0,0
2026-09-06 06:05:00,175.3,2,68,68.9,1,0,0
2026-09-06 06:10:00,174.2,0,72,72.2,1,0,0
2026-09-06 06:15:00,175.1,0,71,72.0,1,0,0
2026-09-06 06:20:00,170.4,0,70,73.7,1,0,0
2026-09-06 06:25:00,169.9,0,69,73.1,1,0,0
2026-09-06 06:30:00,165.8,0,67,72.8,1,0,0
2026-09-06 06:35:00,166.9,0,69,73.9,1,0,0
2026-09-06 06:40:00,165.1,0,68,73.2,1,0,0
2026-09-06 06:45:00,165.9,0,70,72.2,1,0,0
2026-09-06 06:50:00,167.7,6,73,46.2,0,0,0
2026-09-06 06:55:00,165.1,8,80,47.9,0,0,0
2026-09-06 07:00:00,165.3,7,77,48.1,0,0,0
2026-09-06 07:05:00,165.0,7,75,42.3,0,0,0
2026-09-06 07:10:00,161.8,6,73,42.3,0,0,0
2026-09-06 07:15:00,164.3,4,75,48.9,0,0,0
2026-09-06 07:20:00,161.8,21,75,42.1,0,0,0
2026-09-06 07:25:00,164.5,3,75,42.2,0,0,0
2026-09-06 07:30:00,171.4,8,74,46.0,0,0,0
2026-09-06 07:35:00,170.0,8,77,44.8,0,0,0
2026-09-06 07:40:00,168.5,5,76,42.0,0,0,0
2026-09-06 07:45:00,164.7,4,77,44.4,0,0,0
2026-09-06 07:50:00,164.7,24,81,42.2,0,0,0
2026-09-06 07:55:00,167.8,7,75,43.9,0,0,0
2026-09-06 08:00:00,167.5,4,76,45.9,0,0,0
2026-09-06 08:05:00,170.0,5,76,45.5,0,0,0
2026-09-06 08:10:00,169.6,7,75,41.5,0,0,0
2026-09-06 08:15:00,164.2,5,76,44.2,0,0,0
2026-09-06 08:20:00,166.7,7,75,45.8,0,0,0
2026-09-06 08:25:00,165.1,8,77,47.8,0,0,0
2026-09-06 08:30:00,166.8,15,79,44.0,0,0,0
2026-09-06 08:35:00,170.4,5,77,44.4,0,0,0
2026-09-06 08:40:00,169.6,18,76,43.3,0,0,0
2026-09-06 08:45:00,169.6,6,76,43.7,0,0,0
2026-09-06 08:50:00,167.3,4,75,42.8,0,0,0
2026-09-06 08:55:00,166.7,9,72,43.6,0,0,0
2026-09-06 09:00:00,166.2,4,77,46.7,0,0,0
2026-09-06 09:05:00,166.7,3,74,43.5,0,0,0
2026-09-06 09:10:00,166.7,3,75,43.3,0,0,0
2026-09-06 09:15:00,167.8,11,74,46.7,0,0,0
2026-09-06 09:20:00,169.7,7,78,42.7,0,0,0
2026-09-06 09:25:00,169.3,9,78,42.3,0,0,0
2026-09-06 09:30:00,168.9,6,74,46.6,0,0,0
2026-09-06 09:35:00,167.3,12,77,44.9,0,0,0
2026-09-06 09:40:00,165.0,6,82,45.4,0,0,0
2026-09-06 09:45:00,166.3,8,78,41.8,0,0,0
2026-09-06 09:50:00,168.1,15,79,46.6,0,0,0
2026-09-06 09:55:00,167.4,5,78,47.9,0,0,0
2026-09-06 10:00:00,165.0,9,77,48.8,0,0,0
2026-09-06 10:05:00,163.5,7,77,42.2,0,0,0
2026-09-06 10:10:00,162.6,4,76,46.0,0,0,0
2026-09-06 10:15:00,161.9,14,76,44.8,0,0,0
2026-09-06 10:20:00,163.1,11,74,44.8,0,0,0
2026-09-06 10:25:00,163.8,6,76,45.0,0,0,0
2026-09-06 10:30:00,164.1,11,77,41.1,0,0,0
2026-09-06 10:35:00,163.4,11,78,48.6,0,0,0
2026-09-06 10:40:00,164.1,8,80,45.4,0,0,0
2026-09-06 10:45:00,165.1,13,79,45.9,0,0,0
2026-09-06 10:50:00,163.7,14,80,43.4,0,0,0
2026-09-06 10:55:00,161.1,12,76,41.8,0,0,0
2026-09-06 11:00:00,158.4,21,77,46.7,0,0,0
2026-09-06 11:05:00,159.4,12,79,43.5,0,0,0
2026-09-06 11:10:00,162.6,7,73,40.8,0,0,0
2026-09-06 11:15:00,163.1,11,73,49.0,0,0,0
2026-09-06 11:20:00,161.8,3,75,43.6,0,0,0
2026-09-06 11:25:00,163.6,10,77,45.4,0,0,0
2026-09-06 11:30:00,164.8,6,76,43.8,0,0,0
2026-09-06 11:35:00,166.9,1,76,45.5,0,0,0
2026-09-06 11:40:00,169.3,4,76,44.3,0,0,0
2026-09-06 11:45:00,168.8,17,75,45.8,0,0,0
2026-09-06 11:50:00,167.4,6,76,46.6,0,0,0
2026-09-06 11:55:00,164.2,13,76,45.5,0,0,0
2026-09-06 12:00:00,159.5,20,79,45.7,0,0,0
2026-09-06 12:05:00,161.6,11,76,44.1,0,0,0
2026-09-06 12:10:00,161.2,6,73,47.4,0,0,0
2026-09-06 12:15:00,163.3,13,78,46.2,0,0,0
2026-09-06 12:20:00,161.4,5,76,41.6,0,0,0
2026-09-06 12:25:00,164.4,3,75,43.4,0,0,0
2026-09-06 12:30:00,166.1,15,77,43.3,0,0,0
2026-09-06 12:35:00,166.9,7,80,43.1,0,0,0
2026-09-06 12:40:00,168.2,10,79,42.1,0,0,0
2026-09-06 12:45:00,166.4,15,76,44.8,0,0,0
2026-09-06 12:50:00,164.5,8,77,43.5,0,0,0
2026-09-06 12:55:00,163.9,8,76,46.6,0,0,0
2026-09-06 13:00:00,162.9,10,77,44.3,0,0,0
2026-09-06 13:05:00,162.1,23,77,48.6,0,0,0
2026-09-06 13:10:00,162.8,7,78,45.8,0,0,0
2026-09-06 13:15:00,160.0,10,81,45.3,0,0,0
2026-09-06 13:20:00,161.1,13,78,44.8,0,0,0
2026-09-06 13:25:00,159.2,2,72,43.9,0,0,0
2026-09-06 13:30:00,160.5,24,76,44.8,0,0,0
2026-09-06 13:35:00,161.4,22,79,45.8,0,0,0
2026-09-06 13:40:00,158.7,8,76,49.0,0,0,0
2026-09-06 13:45:00,161.7,7,74,44.5,0,0,0
2026-09-06 13:50:00,161.0,9,81,45.6,0,62,68
2026-09-06 13:55:00,169.0,11,78,45.1,0,0,0
2026-09-06 14:00:00,175.2,10,80,46.2,0,0,0
2026-09-06 14:05:00,178.2,8,81,44.5,0,0,0
2026-09-06 14:10:00,185.1,4,82,45.3,0,0,0
2026-09-06 14:15:00,185.3,3,82,47.8,0,0,0
2026-09-06 14:20:00,186.3,4,74,44.5,0,0,0
2026-09-06 14:25:00,185.7,9,77,47.2,0,0,0
2026-09-06 14:30:00,188.0,452,102,44.2,0,0,0
2026-09-06 14:35:00,187.4,442,102,41.6,0,0,0
2026-09-06 14:40:00,186.5,7,76,45.2,0,0,0
2026-09-06 14:45:00,181.5,12,75,45.4,0,0,0
2026-09-06 14:50:00,175.3,9,77,42.6,0,0,0
2026-09-06 14:55:00,174.6,4,75,42.3,0,0,0
2026-09-06 15:00:00,173.5,4,76,46.2,0,0,0
2026-09-06 15:05:00,169.2,10,76,43.7,0,0,0
2026-09-06 15:10:00,169.7,0,75,45.5,0,0,0
2026-09-06 15:15:00,166.5,16,78,45.1,0,0,0
2026-09-06 15:20:00,161.3,13,76,45.5,0,0,0
2026-09-06 15:25:00,159.7,8,77,45.8,0,0,0
2026-09-06 15:30:00,154.7,2,75,44.5,0,0,0
2026-09-06 15:35:00,151.4,10,77,46.2,0,0,0
2026-09-06 15:40:00,148.1,2,76,46.5,0,0,0
2026-09-06 15:45:00,148.3,11,78,45.3,0,0,0
2026-09-06 15:50:00,141.2,2,76,46.6,0,0,0
2026-09-06 15:55:00,141.1,2,76,46.2,0,0,0
2026-09-06 16:00:00,139.3,11,80,44.6,0,0,0
2026-09-06 16:05:00,137.4,7,77,44.8,0,0,0
2026-09-06 16:10:00,134.4,19,74,41.7,0,0,0
2026-09-06 16:15:00,133.9,8,78,42.8,0,0,0
2026-09-06 16:20:00,134.3,6,75,48.5,0,0,0
2026-09-06 16:25:00,132.4,9,74,45.3,0,0,0
2026-09-06 16:30:00,130.7,12,77,44.0,0,0,0
2026-09-06 16:35:00,132.8,9,78,46.2,0,0,0
2026-09-06 16:40:00,132.3,11,79,45.3,0,22,50
2026-09-06 16:45:00,132.0,8,81,42.4,0,0,0
2026-09-06 16:50:00,134.0,7,77,44.9,0,0,0
2026-09-06 16:55:00,134.3,23,79,42.2,0,0,0
2026-09-06 17:00:00,131.6,1,82,44.5,0,0,0
2026-09-06 17:05:00,130.1,2,78,49.0,0,0,0
2026-09-06 17:10:00,131.8,8,79,43.9,0,0,0
2026-09-06 17:15:00,132.3,8,76,45.4,0,0,0
2026-09-06 17:20:00,132.7,13,78,45.6,0,0,0
2026-09-06 17:25:00,134.7,8,79,42.5,0,0,0
2026-09-06 17:30:00,134.3,7,78,42.4,0,0,0
2026-09-06 17:35:00,133.5,6,77,44.0,0,0,0
2026-09-06 17:40:00,130.3,2,78,43.7,0,0,0
2026-09-06 17:45:00,129.6,9,78,45.4,0,0,0
2026-09-06 17:50:00,129.3,10,73,43.1,0,0,0
2026-09-06 17:55:00,129.2,8,75,44.6,0,0,0
2026-09-06 18:00:00,127.2,6,73,44.8,0,0,0
2026-09-06 18:05:00,127.9,6,76,44.0,0,0,0
2026-09-06 18:10:00,131.1,9,77,43.0,0,0,0
2026-09-06 18:15:00,130.3,7,73,47.5,0,0,0
2026-09-06 18:20:00,128.0,4,74,48.0,0,0,0
2026-09-06 18:25:00,124.7,14,72,44.4,0,0,0
2026-09-06 18:30:00,127.4,6,72,46.0,0,0,0
2026-09-06 18:35:00,127.7,13,79,44.6,0,0,0
2026-09-06 18:40:00,125.5,10,76,43.0,0,0,0
2026-09-06 18:45:00,127.4,14,77,47.2,0,0,0
2026-09-06 18:50:00,130.6,10,77,41.1,0,0,0
2026-09-06 18:55:00,130.0,9,78,45.7,0,0,0
2026-09-06 19:00:00,132.3,13,78,44.5,0,0,0
2026-09-06 19:05:00,131.5,5,78,46.0,0,0,0
2026-09-06 19:10:00,128.2,8,76,45.9,0,0,0
2026-09-06 19:15:00,130.2,8,78,43.5,0,0,0
2026-09-06 19:20:00,132.2,10,78,44.1,0,0,0
2026-09-06 19:25:00,128.0,9,81,44.7,0,0,0
2026-09-06 19:30:00,129.6,13,79,39.6,0,0,0
2026-09-06 19:35:00,131.5,7,72,43.9,0,0,0
2026-09-06 19:40:00,127.5,10,75,44.2,0,0,0
2026-09-06 19:45:00,127.4,4,78,44.2,0,0,0
2026-09-06 19:50:00,151.8,8,77,46.7,0,0,0
2026-09-06 19:55:00,151.3,11,76,39.8,0,0,0
2026-09-06 20:00:00,147.8,10,76,43.6,0,0,0
2026-09-06 20:05:00,145.1,11,75,46.9,0,0,0
2026-09-06 20:10:00,150.7,5,76,44.1,0,0,0
2026-09-06 20:15:00,150.8,9,74,48.0,0,0,0
2026-09-06 20:20:00,149.3,6,75,42.1,0,0,0
2026-09-06 20:25:00,152.9,10,79,47.0,0,50,68
2026-09-06 20:30:00,158.4,4,77,41.6,0,0,0
2026-09-06 20:35:00,162.9,10,78,47.8,0,0,0
2026-09-06 20:40:00,166.6,4,80,45.8,0,0,0
2026-09-06 20:45:00,167.7,5,78,45.6,0,0,0
2026-09-06 20:50:00,168.4,10,78,46.0,0,0,0
2026-09-06 20:55:00,168.5,4,77,44.9,0,0,0
2026-09-06 21:00:00,167.2,13,78,43.8,0,0,0
2026-09-06 21:05:00,167.1,7,77,46.5,0,0,0
2026-09-06 21:10:00,165.3,8,78,48.7,0,0,0
2026-09-06 21:15:00,164.2,9,79,44.7,0,0,0
2026-09-06 21:20:00,164.4,2,78,43.3,0,0,0
2026-09-06 21:25:00,161.9,8,78,44.8,0,0,0
2026-09-06 21:30:00,161.0,12,75,43.2,0,0,0
2026-09-06 21:35:00,159.7,5,75,46.8,0,0,0
2026-09-06 21:40:00,158.5,8,78,44.4,0,0,0
2026-09-06 21:45:00,156.6,7,78,43.5,0,0,0
2026-09-06 21:50:00,156.9,9,76,43.0,0,0,0
2026-09-06 21:55:00,154.2,6,78,44.9,0,0,0
2026-09-06 22:00:00,151.1,4,76,43.9,0,0,0
2026-09-06 22:05:00,151.3,18,80,45.3,0,0,0
2026-09-06 22:10:00,148.5,6,80,43.2,0,0,0
2026-09-06 22:15:00,148.0,4,75,42.6,0,0,0
2026-09-06 22:20:00,147.2,7,77,48.0,0,0,0
2026-09-06 22:25:00,148.2,4,75,44.8,0,0,0
2026-09-06 22:30:00,146.8,6,75,44.2,0,0,0
2026-09-06 22:35:00,143.1,8,78,46.8,0,0,0
2026-09-06 22:40:00,149.1,8,77,43.1,0,0,0
2026-09-06 22:45:00,151.1,10,80,42.6,0,0,0
2026-09-06 22:50:00,149.5,12,77,45.4,0,0,0
2026-09-06 22:55:00,148.7,3,74,48.4,0,0,0
2026-09-06 23:00:00,147.5,6,75,42.6,0,0,0
2026-09-06 23:05:00,148.8,14,77,44.6,0,0,0
2026-09-06 23:10:00,145.9,19,78,45.9,0,0,0
2026-09-06 23:15:00,145.0,19,73,43.8,0,0,0
2026-09-06 23:20:00,144.2,9,77,44.4,0,0,0
2026-09-06 23:25:00,143.7,12,76,46.8,0,0,0
2026-09-06 23:30:00,143.1,12,78,46.9,0,0,0
2026-09-06 23:35:00,143.3,2,74,48.0,0,0,0
2026-09-06 23:40:00,144.9,12,76,44.0,0,0,0
2026-09-06 23:45:00,143.4,1,66,74.8,1,0,0
2026-09-06 23:50:00,141.6,0,69,72.2,1,0,0
2026-09-06 23:55:00,140.9,1,68,71.3,1,0,0
2026-09-07 00:00:00,143.6,1,68,71.7,1,0,0
2026-09-07 00:05:00,142.0,1,70,70.0,1,0,0
2026-09-07 00:10:00,143.7,0,66,74.1,1,0,0
2026-09-07 00:15:00,146.7,1,69,69.4,1,0,0
2026-09-07 00:20:00,147.6,0,70,68.7,1,0,0
2026-09-07 00:25:00,149.7,0,69,70.4,1,0,0
2026-09-07 00:30:00,147.1,0,71,73.2,1,0,0
2026-09-07 00:35:00,144.0,1,66,73.5,1,0,0
2026-09-07 00:40:00,147.6,0,69,73.0,1,0,0
2026-09-07 00:45:00,146.8,0,66,71.3,1,0,0
2026-09-07 00:50:00,143.1,0,69,69.5,1,0,0
2026-09-07 00:55:00,143.0,0,69,71.2,1,0,0
2026-09-07 01:00:00,142.2,0,69,69.7,1,0,0
2026-09-07 01:05:00,145.4,0,65,72.9,1,0,0
2026-09-07 01:10:00,145.9,0,67,70.1,1,0,0
2026-09-07 01:15:00,143.9,1,66,66.7,1,0,0
2026-09-07 01:20:00,146.0,0,70,67.6,1,0,0
2026-09-07 01:25:00,146.6,0,68,72.1,1,0,0
2026-09-07 01:30:00,147.0,1,67,72.4,1,0,0
2026-09-07 01:35:00,146.6,1,69,69.4,1,0,0
2026-09-07 01:40:00,145.9,1,70,69.5,1,0,0
2026-09-07 01:45:00,149.1,0,72,73.0,1,0,0
2026-09-07 01:50:00,150.9,1,69,73.5,1,0,0
2026-09-07 01:55:00,151.1,1,66,73.8,1,0,0
2026-09-07 02:00:00,151.9,0,70,72.2,1,0,0
2026-09-07 02:05:00,151.1,1,71,71.1,1,0,0
2026-09-07 02:10:00,153.7,0,68,69.2,1,0,0
2026-09-07 02:15:00,154.5,0,66,68.5,1,0,0
2026-09-07 02:20:00,154.6,0,66,70.1,1,0,0
2026-09-07 02:25:00,173.5,1,67,71.7,1,0,0
2026-09-07 02:30:00,175.4,0,69,74.4,1,0,0
2026-09-07 02:35:00,174.7,0,66,67.4,1,0,0
2026-09-07 02:40:00,176.3,0,69,71.7,1,0,0
2026-09-07 02:45:00,179.3,0,70,69.4,1,0,0
2026-09-07 02:50:00,177.6,0,66,71.0,1,0,0
2026-09-07 02:55:00,172.8,1,66,68.8,1,0,0
2026-09-07 03:00:00,170.4,0,68,69.9,1,0,0
2026-09-07 03:05:00,169.9,1,69,72.4,1,0,0
2026-09-07 03:10:00,170.2,0,70,72.1,1,0,0
2026-09-07 03:15:00,168.6,0,68,68.9,1,0,0
2026-09-07 03:20:00,165.0,0,69,70.2,1,0,0
2026-09-07 03:25:00,164.7,2,67,71.2,1,0,0
2026-09-07 03:30:00,164.4,0,62,71.7,1,0,0
2026-09-07 03:35:00,163.3,0,66,69.7,1,0,0
2026-09-07 03:40:00,165.7,0,69,70.6,1,0,0
2026-09-07 03:45:00,165.7,0,71,70.8,1,0,0
2026-09-07 03:50:00,167.5,0,67,72.3,1,0,0
2026-09-07 03:55:00,170.1,1,70,73.2,1,0,0
2026-09-07 04:00:00,168.3,0,68,73.5,1,0,0
2026-09-07 04:05:00,167.0,0,68,70.9,1,0,0
2026-09-07 04:10:00,166.0,0,65,70.2,1,0,0
2026-09-07 04:15:00,167.2,0,65,74.6,1,0,0
2026-09-07 04:20:00,174.4,0,65,70.2,1,0,0
2026-09-07 04:25:00,178.4,0,70,69.2,1,0,0
2026-09-07 04:30:00,176.7,1,69,72.7,1,0,0
2026-09-07 04:35:00,177.5,0,64,71.0,1,0,0
2026-09-07 04:40:00,176.8,0,67,68.1,1,0,0
2026-09-07 04:45:00,177.7,0,68,69.8,1,0,0
2026-09-07 04:50:00,183.1,0,63,70.1,1,0,0
2026-09-07 04:55:00,180.6,0,69,72.0,1,0,0
2026-09-07 05:00:00,181.5,1,70,68.3,1,0,0
2026-09-07 05:05:00,181.2,0,69,67.9,1,0,0
2026-09-07 05:10:00,179.6,0,68,72.6,1,0,0
2026-09-07 05:15:00,181.4,0,71,70.8,1,0,0
2026-09-07 05:20:00,182.5,3,67,73.0,1,0,0
2026-09-07 05:25:00,184.0,1,68,72.7,1,0,0
2026-09-07 05:30:00,188.4,0,67,68.7,1,0,0
2026-09-07 05:35:00,187.4,0,68,72.6,1,0,0
2026-09-07 05:40:00,186.6,1,70,69.4,1,0,0
2026-09-07 05:45:00,186.0,3,66,70.3,1,0,0
2026-09-07 05:50:00,185.3,0,68,72.4,1,0,0
2026-09-07 05:55:00,185.9,0,65,71.0,1,0,0
2026-09-07 06:00:00,184.7,1,68,70.4,1,0,0
2026-09-07 06:05:00,184.0,0,68,72.8,1,0,0
2026-09-07 06:10:00,184.0,0,67,76.3,1,0,0
2026-09-07 06:15:00,185.2,1,70,71.1,1,0,0
2026-09-07 06:20:00,185.4,2,68,72.4,1,0,0
2026-09-07 06:25:00,186.1,0,65,72.2,1,0,0
2026-09-07 06:30:00,187.2,0,69,70.3,1,0,0
2026-09-07 06:35:00,186.4,0,73,70.5,1,0,0
2026-09-07 06:40:00,186.1,7,78,44.7,0,0,0
2026-09-07 06:45:00,185.9,5,74,46.3,0,0,0
2026-09-07 06:50:00,185.3,5,72,43.5,0,0,0
2026-09-07 06:55:00,182.1,16,75,46.9,0,0,0
2026-09-07 07:00:00,180.4,9,77,40.4,0,0,0
2026-09-07 07:05:00,181.9,7,79,45.6,0,0,0
2026-09-07 07:10:00,177.8,10,75,43.2,0,0,0
2026-09-07 07:15:00,179.0,18,77,44.8,0,0,0
2026-09-07 07:20:00,179.1,3,77,43.7,0,0,0
2026-09-07 07:25:00,177.5,5,76,45.0,0,0,0
2026-09-07 07:30:00,178.0,7,77,40.9,0,0,0
2026-09-07 07:35:00,181.2,8,74,42.0,0,0,0
2026-09-07 07:40:00,177.4,4,81,47.4,0,35,50
2026-09-07 07:45:00,178.2,8,78,45.2,0,0,0
2026-09-07 07:50:00,181.6,7,79,43.0,0,0,0
2026-09-07 07:55:00,183.8,16,80,44.1,0,0,0
2026-09-07 08:00:00,183.1,7,76,46.7,0,0,0
2026-09-07 08:05:00,181.2,4,80,42.8,0,0,0
2026-09-07 08:10:00,180.9,5,78,43.7,0,0,0
2026-09-07 08:15:00,181.6,5,75,39.8,0,0,0
2026-09-07 08:20:00,177.8,8,75,39.8,0,0,0
2026-09-07 08:25:00,177.2,17,74,46.1,0,0,0
2026-09-07 08:30:00,176.5,10,78,43.7,0,0,0
2026-09-07 08:35:00,176.6,7,76,42.8,0,0,0
2026-09-07 08:40:00,170.8,5,78,40.5,0,0,0
2026-09-07 08:45:00,169.0,6,78,41.4,0,0,0
2026-09-07 08:50:00,166.0,9,78,44.5,0,0,0
2026-09-07 08:55:00,165.9,4,76,44.4,0,0,0
2026-09-07 09:00:00,164.9,7,75,40.6,0,0,0
2026-09-07 09:05:00,162.1,12,77,45.7,0,0,0
2026-09-07 09:10:00,157.7,5,77,46.0,0,0,0
2026-09-07 09:15:00,153.1,8,76,43.1,0,0,0
2026-09-07 09:20:00,154.9,14,77,40.8,0,0,0
2026-09-07 09:25:00,154.1,2,81,42.9,0,0,0
2026-09-07 09:30:00,154.2,5,77,43.5,0,0,0
2026-09-07 09:35:00,150.1,13,76,43.4,0,0,0
2026-09-07 09:40:00,148.5,13,78,46.3,0,0,0
2026-09-07 09:45:00,149.6,6,73,39.3,0,0,0
2026-09-07 09:50:00,147.1,10,76,39.0,0,0,0
2026-09-07 09:55:00,146.6,4,76,42.0,0,0,0
2026-09-07 10:00:00,144.7,2,78,43.5,0,0,0
2026-09-07 10:05:00,148.1,4,76,45.2,0,0,0
2026-09-07 10:10:00,145.7,8,77,42.8,0,0,0
2026-09-07 10:15:00,142.7,6,79,45.9,0,0,0
2026-09-07 10:20:00,142.4,8,78,41.3,0,0,0
2026-09-07 10:25:00,145.3,4,76,42.1,0,0,0
2026-09-07 10:30:00,144.8,13,76,43.5,0,0,0
2026-09-07 10:35:00,145.6,10,77,44.3,0,0,0
2026-09-07 10:40:00,146.8,4,77,45.7,0,0,0
2026-09-07 10:45:00,146.3,13,78,42.6,0,0,0
2026-09-07 10:50:00,146.1,4,75,43.0,0,0,0
2026-09-07 10:55:00,145.8,4,76,42.5,0,0,0
2026-09-07 11:00:00,143.3,4,76,45.9,0,0,0
2026-09-07 11:05:00,144.4,11,76,42.2,0,0,0
2026-09-07 11:10:00,147.3,13,76,45.5,0,0,0
2026-09-07 11:15:00,147.8,20,77,44.9,0,0,0
2026-09-07 11:20:00,147.4,6,73,45.0,0,0,0
2026-09-07 11:25:00,147.1,13,77,43.9,0,0,0
2026-09-07 11:30:00,148.2,417,97,46.3,0,0,0
2026-09-07 11:35:00,149.6,416,100,44.4,0,0,0
2026-09-07 11:40:00,150.1,13,78,44.0,0,0,0
2026-09-07 11:45:00,151.1,16,81,43.0,0,0,0
2026-09-07 11:50:00,148.0,12,75,44.9,0,0,0
2026-09-07 11:55:00,148.5,16,80,44.2,0,0,0
2026-09-07 12:00:00,148.0,11,76,41.0,0,0,0
2026-09-07 12:05:00,147.2,4,78,45.5,0,0,0
2026-09-07 12:10:00,147.7,7,75,43.9,0,0,0
2026-09-07 12:15:00,149.5,7,73,42.0,0,0,0
2026-09-07 12:20:00,150.0,6,74,40.9,0,0,0
2026-09-07 12:25:00,151.0,3,76,43.1,0,0,0
2026-09-07 12:30:00,150.9,3,76,46.5,0,0,0
2026-09-07 12:35:00,152.7,9,75,45.3,0,0,0
2026-09-07 12:40:00,152.9,11,79,42.5,0,0,0
2026-09-07 12:45:00,154.8,3,78,44.4,0,0,0
2026-09-07 12:50:00,157.4,5,78,45.5,0,0,0
2026-09-07 12:55:00,161.0,14,79,44.4,0,0,0
2026-09-07 13:00:00,162.4,9,78,43.4,0,0,0
2026-09-07 13:05:00,166.1,5,77,44.4,0,0,0
2026-09-07 13:10:00,165.2,3,77,43.2,0,0,0
2026-09-07 13:15:00,165.4,5,82,41.6,0,0,0
2026-09-07 13:20:00,162.7,7,79,46.2,0,61,50
2026-09-07 13:25:00,168.5,9,81,43.1,0,0,0
2026-09-07 13:30:00,175.5,6,81,45.9,0,0,0
2026-09-07 13:35:00,178.2,8,77,42.1,0,0,0
2026-09-07 13:40:00,186.6,9,75,41.4,0,0,0
2026-09-07 13:45:00,185.8,7,78,41.8,0,0,0
2026-09-07 13:50:00,185.1,11,79,41.4,0,0,0
2026-09-07 13:55:00,183.3,13,76,43.2,0,0,0
2026-09-07 14:00:00,179.3,3,78,43.9,0,0,0
2026-09-07 14:05:00,174.5,16,78,38.9,0,0,0
2026-09-07 14:10:00,172.4,9,77,44.7,0,0,0
2026-09-07 14:15:00,171.9,7,79,44.4,0,0,0
2026-09-07 14:20:00,171.7,15,78,45.5,0,0,0
2026-09-07 14:25:00,165.7,6,77,43.4,0,0,0
2026-09-07 14:30:00,162.1,10,77,42.7,0,0,0
2026-09-07 14:35:00,157.7,7,76,43.1,0,0,0
2026-09-07 14:40:00,155.4,16,77,41.9,0,0,0
2026-09-07 14:45:00,153.4,3,75,42.8,0,0,0
2026-09-07 14:50:00,153.4,4,78,45.3,0,0,0
2026-09-07 14:55:00,151.9,3,76,43.5,0,0,0
2026-09-07 15:00:00,151.5,9,77,41.9,0,0,0
2026-09-07 15:05:00,149.1,7,81,41.9,0,0,0
2026-09-07 15:10:00,150.0,7,77,42.0,0,0,0
2026-09-07 15:15:00,147.5,21,74,43.3,0,0,0
2026-09-07 15:20:00,145.1,5,78,41.5,0,0,0
2026-09-07 15:25:00,149.6,9,78,42.6,0,0,0
2026-09-07 15:30:00,148.8,11,77,45.2,0,0,0
2026-09-07 15:35:00,147.4,7,75,44.8,0,0,0
2026-09-07 15:40:00,144.2,18,77,44.8,0,0,0
2026-09-07 15:45:00,144.3,14,75,46.8,0,0,0
2026-09-07 15:50:00,142.5,11,78,43.2,0,0,0
2026-09-07 15:55:00,145.7,4,74,46.4,0,0,0
2026-09-07 16:00:00,145.4,11,75,43.1,0,0,0
2026-09-07 16:05:00,144.8,7,77,42.3,0,0,0
2026-09-07 16:10:00,145.5,8,76,44.8,0,0,0
2026-09-07 16:15:00,144.1,9,74,46.8,0,0,0
2026-09-07 16:20:00,143.8,11,74,47.3,0,0,0
2026-09-07 16:25:00,144.7,11,78,42.6,0,0,0
2026-09-07 16:30:00,146.9,11,78,41.8,0,0,0
2026-09-07 16:35:00,143.2,4,77,43.8,0,0,0
2026-09-07 16:40:00,144.1,13,79,48.0,0,0,0
2026-09-07 16:45:00,144.2,14,79,44.7,0,0,0
2026-09-07 16:50:00,145.4,14,77,45.6,0,0,0
2026-09-07 16:55:00,146.9,3,73,42.2,0,0,0
2026-09-07 17:00:00,149.1,15,77,43.0,0,0,0
2026-09-07 17:05:00,147.9,4,76,45.5,0,0,0
2026-09-07 17:10:00,147.1,9,81,45.2,0,0,0
2026-09-07 17:15:00,147.2,5,75,44.7,0,0,0
2026-09-07 17:20:00,147.8,24,77,42.5,0,0,0
2026-09-07 17:25:00,148.9,8,76,44.0,0,0,0
2026-09-07 17:30:00,149.7,6,77,42.6,0,0,0
2026-09-07 17:35:00,146.1,13,81,41.1,0,28,60
2026-09-07 17:40:00,146.8,2,78,42.6,0,0,0
2026-09-07 17:45:00,148.5,6,82,42.3,0,0,0
2026-09-07 17:50:00,151.4,5,79,43.2,0,0,0
2026-09-07 17:55:00,151.7,0,82,43.2,0,0,0
2026-09-07 18:00:00,153.5,4,75,44.2,0,0,0
2026-09-07 18:05:00,158.1,9,73,44.7,0,0,0
2026-09-07 18:10:00,158.9,14,78,39.5,0,0,0
2026-09-07 18:15:00,159.5,5,75,42.4,0,0,0
2026-09-07 18:20:00,158.6,7,79,45.7,0,0,0
2026-09-07 18:25:00,156.5,7,82,44.2,0,0,0
2026-09-07 18:30:00,156.9,6,78,46.9,0,0,0
2026-09-07 18:35:00,154.4,6,78,42.4,0,0,0
2026-09-07 18:40:00,156.2,5,77,44.4,0,0,0
2026-09-07 18:45:00,158.9,10,75,41.2,0,0,0
2026-09-07 18:50:00,155.8,17,81,43.2,0,0,0
2026-09-07 18:55:00,155.5,6,73,45.8,0,0,0
2026-09-07 19:00:00,154.5,5,76,44.3,0,0,0
2026-09-07 19:05:00,151.5,10,76,45.3,0,0,0
2026-09-07 19:10:00,150.1,11,79,44.1,0,0,0
2026-09-07 19:15:00,147.1,6,78,42.8,0,0,0
2026-09-07 19:20:00,161.2,1,75,43.8,0,0,0
2026-09-07 19:25:00,161.4,6,78,45.9,0,0,0
2026-09-07 19:30:00,161.3,6,78,44.7,0,0,0
2026-09-07 19:35:00,157.7,16,80,41.2,0,0,0
2026-09-07 19:40:00,159.1,5,75,43.5,0,0,0
2026-09-07 19:45:00,158.2,6,75,44.7,0,0,0
2026-09-07 19:50:00,157.1,4,77,46.2,0,0,0
2026-09-07 19:55:00,157.6,7,81,44.9,0,0,0
2026-09-07 20:00:00,154.7,14,75,43.6,0,0,0
2026-09-07 20:05:00,152.6,12,75,46.8,0,0,0
2026-09-07 20:10:00,152.6,12,77,41.9,0,0,0
2026-09-07 20:15:00,156.0,5,75,43.0,0,0,0
2026-09-07 20:20:00,152.5,4,76,43.4,0,0,0
2026-09-07 20:25:00,150.9,7,75,44.2,0,0,0
2026-09-07 20:30:00,150.9,12,74,45.9,0,0,0
2026-09-07 20:35:00,149.0,9,73,41.9,0,0,0
2026-09-07 20:40:00,151.4,6,79,44.4,0,0,0
2026-09-07 20:45:00,150.2,1,76,44.3,0,0,0
2026-09-07 20:50:00,150.5,15,79,41.3,0,0,0
2026-09-07 20:55:00,150.9,18,80,40.5,0,0,0
2026-09-07 21:00:00,150.2,16,80,42.5,0,44,68
2026-09-07 21:05:00,153.5,11,80,44.9,0,0,0
2026-09-07 21:10:00,155.3,9,75,42.5,0,0,0
2026-09-07 21:15:00,160.9,3,82,45.3,0,0,0
2026-09-07 21:20:00,162.9,7,84,46.9,0,0,0
2026-09-07 21:25:00,162.6,8,80,43.1,0,0,0
2026-09-07 21:30:00,163.0,8,76,45.7,0,0,0
2026-09-07 21:35:00,164.1,6,78,43.2,0,0,0
2026-09-07 21:40:00,163.2,9,74,47.8,0,0,0
2026-09-07 21:45:00,159.5,6,77,44.9,0,0,0
2026-09-07 21:50:00,160.2,5,74,42.0,0,0,0
2026-09-07 21:55:00,157.8,10,78,41.8,0,0,0
2026-09-07 22:00:00,156.8,1,76,44.9,0,0,0
2026-09-07 22:05:00,155.3,12,76,45.4,0,0,0
2026-09-07 22:10:00,152.7,9,78,43.3,0,0,0
2026-09-07 22:15:00,151.0,4,75,40.6,0,0,0
2026-09-07 22:20:00,151.5,2,73,41.7,0,0,0
2026-09-07 22:25:00,149.7,4,76,44.1,0,0,0
2026-09-07 22:30:00,146.2,11,75,44.3,0,0,0
2026-09-07 22:35:00,145.9,1,80,43.5,0,0,0
2026-09-07 22:40:00,144.3,3,78,42.0,0,0,0
2026-09-07 22:45:00,140.5,14,76,43.1,0,0,0
2026-09-07 22:50:00,139.3,14,79,45.3,0,0,0
2026-09-07 22:55:00,139.3,6,75,49.1,0,0,0
2026-09-07 23:00:00,138.0,7,77,43.2,0,0,0
2026-09-07 23:05:00,139.6,9,77,39.4,0,0,0
2026-09-07 23:10:00,140.7,7,73,45.1,0,0,0
2026-09-07 23:15:00,139.0,9,76,43.3,0,0,0
2026-09-07 23:20:00,134.2,8,75,44.2,0,0,0
2026-09-07 23:25:00,133.1,12,77,43.6,0,0,0
2026-09-07 23:30:00,130.3,7,76,40.7,0,0,0
2026-09-07 23:35:00,138.4,10,77,38.7,0,0,0
2026-09-07 23:40:00,138.0,13,77,45.1,0,0,0
2026-09-07 23:45:00,140.8,6,76,42.1,0,0,0
2026-09-07 23:50:00,141.6,5,74,42.0,0,0,0
2026-09-07 23:55:00,140.5,16,78,42.9,0,0,0
2026-09-08 00:00:00,137.2,7,75,43.5,0,0,0
2026-09-08 00:05:00,136.6,8,72,44.6,0,0,0
2026-09-08 00:10:00,137.1,11,76,43.3,0,0,0
2026-09-08 00:15:00,137.6,2,75,43.2,0,0,0
2026-09-08 00:20:00,137.2,6,74,40.9,0,0,0
2026-09-08 00:25:00,134.2,24,78,45.1,0,0,0
2026-09-08 00:30:00,133.0,2,83,47.5,0,0,0
2026-09-08 00:35:00,136.6,0,66,73.2,1,0,0
2026-09-08 00:40:00,137.6,0,70,76.2,1,0,0
2026-09-08 00:45:00,134.9,0,70,68.5,1,0,0
2026-09-08 00:50:00,136.1,0,69,75.1,1,0,0
2026-09-08 00:55:00,134.3,0,69,74.3,1,0,0
2026-09-08 01:00:00,137.1,0,66,74.8,1,0,0
2026-09-08 01:05:00,140.6,0,68,70.6,1,0,0
2026-09-08 01:10:00,141.7,0,71,72.5,1,0,0
2026-09-08 01:15:00,143.9,0,66,73.3,1,0,0
2026-09-08 01:20:00,145.6,1,72,69.8,1,0,0
2026-09-08 01:25:00,145.4,0,67,70.8,1,0,0
2026-09-08 01:30:00,146.4,1,69,74.1,1,0,0
2026-09-08 01:35:00,147.1,0,70,67.9,1,0,0
2026-09-08 01:40:00,148.0,0,67,73.0,1,0,0
2026-09-08 01:45:00,150.5,0,69,74.7,1,0,0
2026-09-08 01:50:00,148.5,1,69,72.6,1,0,0
2026-09-08 01:55:00,149.9,0,68,72.7,1,0,0
2026-09-08 02:00:00,150.3,0,69,73.8,1,0,0
2026-09-08 02:05:00,152.9,0,70,73.7,1,0,0
2026-09-08 02:10:00,153.7,2,67,70.0,1,0,0
2026-09-08 02:15:00,151.6,0,73,75.4,1,0,0
2026-09-08 02:20:00,150.4,0,67,69.3,1,0,0
2026-09-08 02:25:00,149.3,0,68,72.7,1,0,0
2026-09-08 02:30:00,148.2,0,69,71.2,1,0,0
2026-09-08 02:35:00,144.3,0,70,70.8,1,0,0
2026-09-08 02:40:00,147.2,0,65,71.3,1,0,0
2026-09-08 02:45:00,151.4,0,67,73.5,1,0,0
2026-09-08 02:50:00,151.5,0,71,73.4,1,0,0
2026-09-08 02:55:00,150.4,0,70,73.3,1,0,0
2026-09-08 03:00:00,168.8,1,68,74.7,1,0,0
2026-09-08 03:05:00,170.0,0,71,72.8,1,0,0
2026-09-08 03:10:00,168.9,0,66,73.6,1,0,0
2026-09-08 03:15:00,167.7,2,69,70.6,1,0,0
2026-09-08 03:20:00,165.5,0,68,71.0,1,0,0
2026-09-08 03:25:00,166.8,2,68,74.4,1,0,0
2026-09-08 03:30:00,169.7,0,69,75.8,1,0,0
2026-09-08 03:35:00,167.0,0,67,71.4,1,0,0
2026-09-08 03:40:00,169.9,0,68,72.5,1,0,0
2026-09-08 03:45:00,170.8,0,68,75.1,1,0,0
2026-09-08 03:50:00,169.8,1,69,73.7,1,0,0
2026-09-08 03:55:00,170.6,0,68,69.9,1,0,0
2026-09-08 04:00:00,170.6,1,66,73.4,1,0,0
2026-09-08 04:05:00,170.9,1,65,70.7,1,0,0
2026-09-08 04:10:00,171.5,1,68,69.6,1,0,0
2026-09-08 04:15:00,171.1,0,65,72.6,1,0,0
2026-09-08 04:20:00,171.2,0,66,71.8,1,0,0
2026-09-08 04:25:00,171.7,0,66,68.4,1,0,0
2026-09-08 04:30:00,171.5,0,68,69.5,1,0,0
2026-09-08 04:35:00,173.0,0,66,74.5,1,0,0
2026-09-08 04:40:00,176.5,1,70,72.2,1,0,0
2026-09-08 04:45:00,177.6,0,69,71.9,1,0,0
2026-09-08 04:50:00,176.3,0,71,71.9,1,0,0
2026-09-08 04:55:00,175.8,0,68,72.5,1,0,0
2026-09-08 05:00:00,172.8,0,70,70.2,1,0,0
2026-09-08 05:05:00,170.4,1,72,70.4,1,0,0
2026-09-08 05:10:00,171.3,0,65,72.4,1,0,0
2026-09-08 05:15:00,170.3,0,68,71.9,1,0,0
2026-09-08 05:20:00,171.2,0,70,71.1,1,0,0
2026-09-08 05:25:00,171.4,0,70,71.8,1,0,0
2026-09-08 05:30:00,172.0,1,69,72.3,1,0,0
2026-09-08 05:35:00,170.8,1,68,74.1,1,0,0
2026-09-08 05:40:00,168.7,0,68,70.9,1,0,0
2026-09-08 05:45:00,172.5,0,69,72.1,1,0,0
2026-09-08 05:50:00,171.2,0,67,68.5,1,0,0
2026-09-08 05:55:00,170.6,0,68,72.0,1,0,0
2026-09-08 06:00:00,169.6,0,72,75.1,1,0,0
2026-09-08 06:05:00,173.4,0,67,74.1,1,0,0
2026-09-08 06:10:00,171.2,0,69,72.1,1,0,0
2026-09-08 06:15:00,169.6,0,66,71.4,1,0,0
2026-09-08 06:20:00,169.3,1,70,69.2,1,0,0
2026-09-08 06:25:00,169.6,0,68,72.4,1,0,0
2026-09-08 06:30:00,168.4,0,69,71.0,1,0,0
2026-09-08 06:35:00,163.8,0,68,71.3,1,0,0
2026-09-08 06:40:00,163.4,1,69,73.0,1,0,0
2026-09-08 06:45:00,165.4,0,65,73.6,1,0,0
2026-09-08 06:50:00,165.5,0,67,73.2,1,0,0
2026-09-08 06:55:00,165.6,0,65,70.6,1,0,0
2026-09-08 07:00:00,167.2,4,77,42.2,0,0,0
2026-09-08 07:05:00,166.7,4,74,46.3,0,0,0
2026-09-08 07:10:00,164.2,10,74,42.5,0,0,0
2026-09-08 07:15:00,163.5,7,79,44.1,0,0,0
2026-09-08 07:20:00,164.1,5,80,44.4,0,0,0
2026-09-08 07:25:00,161.8,15,78,45.3,0,0,0
2026-09-08 07:30:00,159.5,27,78,44.5,0,0,0
2026-09-08 07:35:00,158.6,10,78,43.3,0,0,0
2026-09-08 07:40:00,158.8,7,76,44.9,0,0,0
2026-09-08 07:45:00,158.3,8,77,44.8,0,0,0
2026-09-08 07:50:00,160.6,5,77,44.0,0,0,0
2026-09-08 07:55:00,159.4,4,79,43.7,0,37,50
2026-09-08 08:00:00,161.1,12,80,45.8,0,0,0
2026-09-08 08:05:00,165.4,8,78,44.3,0,0,0
2026-09-08 08:10:00,167.9,400,102,42.6,0,0,0
2026-09-08 08:15:00,167.7,410,104,45.8,0,0,0
2026-09-08 08:20:00,170.3,6,77,44.6,0,0,0
2026-09-08 08:25:00,168.4,5,75,42.5,0,0,0
2026-09-08 08:30:00,169.2,5,73,44.6,0,0,0
2026-09-08 08:35:00,168.2,1,78,47.9,0,0,0
2026-09-08 08:40:00,164.9,9,76,45.6,0,0,0
2026-09-08 08:45:00,163.3,10,77,49.0,0,0,0
2026-09-08 08:50:00,162.2,3,75,40.9,0,0,0
2026-09-08 08:55:00,161.8,14,76,43.8,0,0,0
2026-09-08 09:00:00,157.5,9,74,48.1,0,0,0
2026-09-08 09:05:00,155.3,4,74,45.1,0,0,0
2026-09-08 09:10:00,154.2,14,77,45.9,0,0,0
2026-09-08 09:15:00,154.7,8,71,43.7,0,0,0
2026-09-08 09:20:00,157.0,12,79,44.6,0,0,0
2026-09-08 09:25:00,155.8,4,76,45.4,0,0,0
2026-09-08 09:30:00,155.0,6,72,47.0,0,0,0
2026-09-08 09:35:00,156.7,6,76,45.2,0,0,0
2026-09-08 09:40:00,157.1,2,81,43.6,0,0,0
2026-09-08 09:45:00,155.5,7,80,43.8,0,0,0
2026-09-08 09:50:00,154.7,4,73,44.7,0,0,0
2026-09-08 09:55:00,151.9,6,79,44.5,0,0,0
2026-09-08 10:00:00,149.3,6,74,40.1,0,0,0
2026-09-08 10:05:00,148.5,16,80,47.0,0,0,0
2026-09-08 10:10:00,147.0,16,77,47.5,0,0,0
2026-09-08 10:15:00,147.0,16,78,44.7,0,0,0
2026-09-08 10:20:00,149.9,7,80,42.6,0,0,0
2026-09-08 10:25:00,148.4,21,79,43.7,0,0,0
2026-09-08 10:30:00,149.1,4,79,45.8,0,0,0
2026-09-08 10:35:00,150.3,11,77,43.9,0,0,0
2026-09-08 10:40:00,147.2,4,76,44.4,0,0,0
2026-09-08 10:45:00,146.3,5,74,41.9,0,0,0
2026-09-08 10:50:00,144.9,5,76,46.4,0,0,0
2026-09-08 10:55:00,149.3,8,79,43.0,0,0,0
2026-09-08 11:00:00,148.3,8,77,43.1,0,0,0
2026-09-08 11:05:00,147.7,10,77,44.6,0,0,0
2026-09-08 11:10:00,151.0,8,77,43.2,0,0,0
2026-09-08 11:15:00,150.1,11,78,44.6,0,0,0
2026-09-08 11:20:00,152.2,17,75,45.4,0,0,0
2026-09-08 11:25:00,151.3,4,76,44.7,0,0,0
2026-09-08 11:30:00,150.8,14,80,48.0,0,0,0
2026-09-08 11:35:00,152.0,11,77,46.6,0,0,0
2026-09-08 11:40:00,151.8,13,75,46.5,0,0,0
2026-09-08 11:45:00,149.3,7,75,45.8,0,0,0
2026-09-08 11:50:00,148.8,9,80,45.2,0,0,0
2026-09-08 11:55:00,147.6,2,76,45.6,0,0,0
2026-09-08 12:00:00,148.3,20,80,42.3,0,0,0
2026-09-08 12:05:00,149.5,6,78,42.1,0,0,0
2026-09-08 12:10:00,148.9,6,74,45.8,0,0,0
2026-09-08 12:15:00,152.5,8,78,42.6,0,0,0
2026-09-08 12:20:00,154.3,12,76,45.1,0,0,0
2026-09-08 12:25:00,153.8,7,75,44.4,0,0,0
2026-09-08 12:30:00,155.4,10,75,42.7,0,0,0
2026-09-08 12:35:00,153.8,3,76,43.7,0,0,0
2026-09-08 12:40:00,153.3,16,75,43.7,0,0,0
2026-09-08 12:45:00,156.3,5,76,46.6,0,0,0
2026-09-08 12:50:00,155.7,5,76,43.0,0,0,0
2026-09-08 12:55:00,154.9,11,77,43.3,0,0,0
2026-09-08 13:00:00,151.6,5,79,40.2,0,0,0
2026-09-08 13:05:00,151.8,517,110,44.2,0,0,0
2026-09-08 13:10:00,150.4,519,106,42.0,0,0,0
2026-09-08 13:15:00,149.3,523,106,41.0,0,0,0
2026-09-08 13:20:00,150.9,5,75,41.2,0,0,0
2026-09-08 13:25:00,152.9,8,82,41.3,0,49,50
2026-09-08 13:30:00,152.8,7,79,46.7,0,0,0
2026-09-08 13:35:00,153.6,9,81,45.7,0,0,0
2026-09-08 13:40:00,155.3,6,82,46.7,0,0,0
2026-09-08 13:45:00,156.0,7,81,46.4,0,0,0
2026-09-08 13:50:00,157.1,6,79,43.6,0,0,0
2026-09-08 13:55:00,169.0,2,75,46.9,0,0,0
2026-09-08 14:00:00,173.9,8,78,43.1,0,0,0
2026-09-08 14:05:00,173.7,17,81,44.6,0,0,0
2026-09-08 14:10:00,173.6,12,75,50.6,0,0,0
2026-09-08 14:15:00,171.5,28,78,44.2,0,0,0
2026-09-08 14:20:00,170.4,21,79,42.5,0,0,0
2026-09-08 14:25:00,166.4,13,75,43.8,0,0,0
2026-09-08 14:30:00,161.7,9,79,44.9,0,0,0
2026-09-08 14:35:00,163.5,7,78,45.1,0,0,0
2026-09-08 14:40:00,164.8,9,79,46.1,0,0,0
2026-09-08 14:45:00,162.6,5,77,43.4,0,0,0
2026-09-08 14:50:00,161.9,12,78,47.3,0,0,0
2026-09-08 14:55:00,160.1,9,74,43.2,0,0,0
2026-09-08 15:00:00,158.7,1,75,45.3,0,0,0
2026-09-08 15:05:00,156.9,7,74,39.8,0,0,0
2026-09-08 15:10:00,156.7,5,79,41.4,0,0,0
2026-09-08 15:15:00,154.3,8,78,45.1,0,0,0
2026-09-08 15:20:00,155.4,4,79,45.8,0,0,0
2026-09-08 15:25:00,155.4,7,77,47.9,0,0,0
2026-09-08 15:30:00,154.4,10,78,37.5,0,0,0
2026-09-08 15:35:00,153.3,8,79,47.5,0,0,0
2026-09-08 15:40:00,155.7,5,78,41.5,0,0,0
2026-09-08 15:45:00,156.4,10,79,41.0,0,0,0
2026-09-08 15:50:00,158.0,5,80,44.3,0,0,0
2026-09-08 15:55:00,159.2,4,78,44.1,0,0,0
2026-09-08 16:00:00,158.3,6,75,46.2,0,0,0
2026-09-08 16:05:00,155.3,3,80,42.1,0,0,0
2026-09-08 16:10:00,154.8,7,75,42.8,0,0,0
2026-09-08 16:15:00,154.1,4,77,44.7,0,0,0
2026-09-08 16:20:00,153.6,6,76,44.1,0,0,0
2026-09-08 16:25:00,152.9,20,76,45.9,0,0,0
2026-09-08 16:30:00,151.9,7,75,47.9,0,0,0
2026-09-08 16:35:00,152.1,9,77,42.5,0,0,0
2026-09-08 16:40:00,149.6,3,76,44.4,0,0,0
2026-09-08 16:45:00,150.9,2,76,44.7,0,0,0
2026-09-08 16:50:00,150.3,7,78,41.9,0,0,0
2026-09-08 16:55:00,153.8,7,77,43.3,0,0,0
2026-09-08 17:00:00,151.6,4,79,42.6,0,0,0
2026-09-08 17:05:00,151.7,6,79,42.3,0,0,0
2026-09-08 17:10:00,149.7,6,75,45.7,0,0,0
2026-09-08 17:15:00,150.0,12,76,44.8,0,0,0
2026-09-08 17:20:00,151.0,13,77,45.1,0,0,0
2026-09-08 17:25:00,152.2,4,73,43.9,0,0,0
2026-09-08 17:30:00,151.0,10,75,44.8,0,0,0
2026-09-08 17:35:00,150.0,5,76,42.0,0,0,0
2026-09-08 17:40:00,149.8,0,79,44.5,0,28,60
2026-09-08 17:45:00,153.7,7,80,44.3,0,0,0
2026-09-08 17:50:00,155.2,4,78,48.7,0,0,0
2026-09-08 17:55:00,157.0,9,78,45.6,0,0,0
2026-09-08 18:00:00,156.9,3,78,47.5,0,0,0
2026-09-08 18:05:00,155.9,10,78,46.6,0,0,0
2026-09-08 18:10:00,156.0,8,76,47.8,0,0,0
2026-09-08 18:15:00,154.0,8,75,44.0,0,0,0
2026-09-08 18:20:00,153.4,4,74,43.8,0,0,0
2026-09-08 18:25:00,153.6,13,76,44.9,0,0,0
2026-09-08 18:30:00,149.5,6,79,47.8,0,0,0
2026-09-08 18:35:00,145.2,8,77,44.8,0,0,0
2026-09-08 18:40:00,141.6,9,77,47.5,0,0,0
2026-09-08 18:45:00,139.8,10,76,44.9,0,0,0
2026-09-08 18:50:00,141.8,11,74,44.4,0,0,0
2026-09-08 18:55:00,145.3,12,76,44.4,0,0,0
2026-09-08 19:00:00,147.1,7,76,43.0,0,0,0
2026-09-08 19:05:00,145.9,6,78,41.4,0,0,0
2026-09-08 19:10:00,147.3,5,76,42.5,0,0,0
2026-09-08 19:15:00,146.2,5,70,42.3,0,0,0
2026-09-08 19:20:00,145.7,5,76,47.0,0,0,0
2026-09-08 19:25:00,160.6,0,69,44.9,0,0,0
2026-09-08 19:30:00,159.3,9,77,48.3,0,0,0
2026-09-08 19:35:00,154.5,18,77,47.2,0,0,0
2026-09-08 19:40:00,150.9,20,79,45.6,0,0,0
2026-09-08 19:45:00,149.8,2,75,46.5,0,0,0
2026-09-08 19:50:00,150.9,4,75,46.6,0,0,0
2026-09-08 19:55:00,150.2,14,77,47.4,0,0,0
2026-09-08 20:00:00,148.0,10,79,44.8,0,0,0
2026-09-08 20:05:00,148.4,21,74,45.2,0,0,0
2026-09-08 20:10:00,150.3,2,74,42.5,0,0,0
2026-09-08 20:15:00,148.0,6,81,43.7,0,0,0
2026-09-08 20:20:00,149.3,10,79,43.7,0,0,0
2026-09-08 20:25:00,151.7,20,77,45.3,0,0,0
2026-09-08 20:30:00,153.9,10,73,44.6,0,0,0
2026-09-08 20:35:00,150.4,12,77,42.8,0,0,0
2026-09-08 20:40:00,151.6,3,78,42.5,0,0,0
2026-09-08 20:45:00,151.6,8,75,45.4,0,0,0
2026-09-08 20:50:00,151.9,14,77,42.4,0,0,0
2026-09-08 20:55:00,151.6,16,78,41.5,0,0,0
2026-09-08 21:00:00,153.4,2,76,44.0,0,0,0
2026-09-08 21:05:00,152.8,13,77,43.4,0,0,0
2026-09-08 21:10:00,152.5,3,79,44.8,0,0,0
2026-09-08 21:15:00,157.1,14,77,42.7,0,0,0
2026-09-08 21:20:00,156.2,15,77,47.9,0,0,0
2026-09-08 21:25:00,154.8,5,80,43.3,0,54,50
2026-09-08 21:30:00,156.5,10,78,43.7,0,0,0
2026-09-08 21:35:00,157.3,4,79,38.8,0,0,0
2026-09-08 21:40:00,154.8,427,104,41.6,0,0,0
2026-09-08 21:45:00,156.9,443,104,43.9,0,0,0
2026-09-08 21:50:00,157.2,6,76,43.1,0,0,0
2026-09-08 21:55:00,154.9,12,75,46.9,0,0,0
2026-09-08 22:00:00,151.6,14,72,42.2,0,0,0
2026-09-08 22:05:00,152.3,14,78,43.2,0,0,0
2026-09-08 22:10:00,150.9,7,78,43.2,0,0,0
2026-09-08 22:15:00,149.2,6,76,43.8,0,0,0
2026-09-08 22:20:00,149.3,14,79,42.9,0,0,0
2026-09-08 22:25:00,147.2,6,78,44.0,0,0,0
2026-09-08 22:30:00,147.3,6,78,40.9,0,0,0
2026-09-08 22:35:00,143.8,6,76,43.0,0,0,0
2026-09-08 22:40:00,142.3,21,78,43.7,0,0,0
2026-09-08 22:45:00,144.1,22,75,47.1,0,0,0
2026-09-08 22:50:00,143.5,5,76,43.1,0,0,0
2026-09-08 22:55:00,141.7,5,76,43.6,0,0,0
2026-09-08 23:00:00,143.4,7,76,46.2,0,0,0
2026-09-08 23:05:00,143.5,9,75,44.7,0,0,0
2026-09-08 23:10:00,144.3,5,80,42.6,0,0,0
2026-09-08 23:15:00,142.3,15,76,42.1,0,0,0
2026-09-08 23:20:00,142.3,1,67,69.3,1,0,0
2026-09-08 23:25:00,143.3,0,67,69.9,1,0,0
2026-09-08 23:30:00,142.3,0,66,71.5,1,0,0
2026-09-08 23:35:00,140.9,0,68,71.9,1,0,0
2026-09-08 23:40:00,149.5,0,65,67.1,1,0,0
2026-09-08 23:45:00,150.9,0,67,73.0,1,0,0
2026-09-08 23:50:00,149.8,0,67,74.3,1,0,0
2026-09-08 23:55:00,145.3,0,67,73.6,1,0,0
2026-09-09 00:00:00,145.5,0,70,68.2,1,0,0
2026-09-09 00:05:00,143.5,0,67,71.2,1,0,0
2026-09-09 00:10:00,144.0,0,70,70.9,1,0,0
2026-09-09 00:15:00,141.6,0,72,71.2,1,0,0
2026-09-09 00:20:00,140.9,1,67,69.3,1,0,0
2026-09-09 00:25:00,142.7,1,67,71.9,1,0,0
2026-09-09 00:30:00,144.6,0,65,72.8,1,0,0
2026-09-09 00:35:00,144.7,1,68,70.3,1,0,0
2026-09-09 00:40:00,147.5,0,67,70.9,1,0,0
2026-09-09 00:45:00,145.8,0,67,72.5,1,0,0
2026-09-09 00:50:00,147.2,0,68,69.2,1,0,0
2026-09-09 00:55:00,145.5,0,68,71.1,1,0,0
2026-09-09 01:00:00,145.9,0,70,69.1,1,0,0
2026-09-09 01:05:00,147.2,0,67,68.8,1,0,0
2026-09-09 01:10:00,146.0,1,68,74.3,1,0,0
2026-09-09 01:15:00,147.2,1,66,70.6,1,0,0
2026-09-09 01:20:00,148.4,0,70,74.4,1,0,0
2026-09-09 01:25:00,151.0,0,68,72.0,1,0,0
2026-09-09 01:30:00,150.7,0,68,71.7,1,0,0
2026-09-09 01:35:00,152.7,0,68,67.9,1,0,0
2026-09-09 01:40:00,153.4,0,69,72.7,1,0,0
2026-09-09 01:45:00,150.3,0,70,73.3,1,0,0
2026-09-09 01:50:00,150.5,0,67,68.2,1,0,0
2026-09-09 01:55:00,150.8,1,68,68.8,1,0,0
2026-09-09 02:00:00,150.4,0,68,71.8,1,0,0
2026-09-09 02:05:00,152.3,0,68,68.9,1,0,0
2026-09-09 02:10:00,153.3,0,70,74.4,1,0,0
2026-09-09 02:15:00,154.2,1,68,65.6,1,0,0
2026-09-09 02:20:00,152.6,0,68,74.0,1,0,0
2026-09-09 02:25:00,154.0,1,65,70.4,1,0,0
2026-09-09 02:30:00,157.1,0,68,72.5,1,0,0
2026-09-09 02:35:00,156.6,0,67,71.8,1,0,0
2026-09-09 02:40:00,156.6,1,64,68.5,1,0,0
2026-09-09 02:45:00,154.7,1,70,71.3,1,0,0
2026-09-09 02:50:00,152.5,0,65,71.1,1,0,0
2026-09-09 02:55:00,153.0,0,69,72.4,1,0,0
2026-09-09 03:00:00,152.4,0,69,70.0,1,0,0
2026-09-09 03:05:00,152.7,0,70,71.1,1,0,0
2026-09-09 03:10:00,155.4,0,68,69.1,1,0,0
2026-09-09 03:15:00,155.9,0,66,65.9,1,0,0
2026-09-09 03:20:00,155.1,0,67,69.5,1,0,0
2026-09-09 03:25:00,170.2,0,67,70.1,1,0,0
2026-09-09 03:30:00,169.7,1,71,73.5,1,0,0
2026-09-09 03:35:00,166.2,0,69,70.0,1,0,0
2026-09-09 03:40:00,169.9,0,70,71.2,1,0,0
2026-09-09 03:45:00,169.8,1,70,69.3,1,0,0
2026-09-09 03:50:00,171.2,0,66,71.3,1,0,0
2026-09-09 03:55:00,171.0,1,68,71.0,1,0,0
2026-09-09 04:00:00,172.4,0,70,71.5,1,0,0
2026-09-09 04:05:00,174.4,0,71,72.3,1,0,0
2026-09-09 04:10:00,174.6,0,66,74.9,1,0,0
2026-09-09 04:15:00,175.3,0,73,69.2,1,0,0
2026-09-09 04:20:00,175.8,0,68,69.5,1,0,0
2026-09-09 04:25:00,171.0,0,63,71.8,1,0,0
2026-09-09 04:30:00,173.7,0,65,70.8,1,0,0
2026-09-09 04:35:00,171.3,0,67,70.1,1,0,0
2026-09-09 04:40:00,169.6,1,70,68.1,1,0,0
2026-09-09 04:45:00,171.0,0,64,69.2,1,0,0
2026-09-09 04:50:00,170.7,0,68,72.9,1,0,0
2026-09-09 04:55:00,173.4,0,71,71.5,1,0,0
2026-09-09 05:00:00,175.5,0,70,67.7,1,0,0
2026-09-09 05:05:00,175.5,1,68,71.5,1,0,0
2026-09-09 05:10:00,176.8,0,71,72.7,1,0,0
2026-09-09 05:15:00,177.1,2,65,69.9,1,0,0
2026-09-09 05:20:00,175.2,0,69,71.2,1,0,0
2026-09-09 05:25:00,178.1,1,67,72.3,1,0,0
2026-09-09 05:30:00,179.0,0,67,69.9,1,0,0
2026-09-09 05:35:00,183.0,1,69,69.9,1,0,0
2026-09-09 05:40:00,182.1,1,67,71.8,1,0,0
2026-09-09 05:45:00,186.3,0,70,72.3,1,0,0
2026-09-09 05:50:00,188.6,1,66,70.5,1,0,0
2026-09-09 05:55:00,186.5,0,68,70.4,1,0,0
2026-09-09 06:00:00,185.7,1,67,70.9,1,0,0
2026-09-09 06:05:00,187.1,0,70,67.5,1,0,0
2026-09-09 06:10:00,187.8,0,68,72.9,1,0,0
2026-09-09 06:15:00,186.7,4,76,39.7,0,0,0
2026-09-09 06:20:00,187.0,8,78,41.9,0,0,0
2026-09-09 06:25:00,185.8,6,81,41.2,0,0,0
2026-09-09 06:30:00,186.6,6,75,44.3,0,0,0
2026-09-09 06:35:00,186.1,19,74,41.2,0,0,0
2026-09-09 06:40:00,187.6,7,76,44.1,0,0,0
2026-09-09 06:45:00,189.7,14,78,44.6,0,0,0
2026-09-09 06:50:00,185.6,4,76,42.3,0,0,0
2026-09-09 06:55:00,188.1,16,80,43.4,0,0,0
2026-09-09 07:00:00,185.2,13,77,44.9,0,0,0
2026-09-09 07:05:00,185.4,9,76,47.5,0,0,0
2026-09-09 07:10:00,185.6,9,78,41.3,0,0,0
2026-09-09 07:15:00,184.9,4,76,42.3,0,0,0
2026-09-09 07:20:00,182.7,8,75,41.2,0,0,0
2026-09-09 07:25:00,181.7,10,76,43.6,0,0,0
2026-09-09 07:30:00,180.4,9,75,45.5,0,0,0
2026-09-09 07:35:00,177.3,19,76,44.0,0,0,0
2026-09-09 07:40:00,178.4,12,75,41.4,0,0,0
2026-09-09 07:45:00,179.2,9,77,42.6,0,0,0
2026-09-09 07:50:00,181.4,14,77,42.5,0,0,0
2026-09-09 07:55:00,179.1,5,82,46.3,0,27,55
2026-09-09 08:00:00,181.7,12,79,43.7,0,0,0
2026-09-09 08:05:00,185.6,11,80,42.1,0,0,0
2026-09-09 08:10:00,184.0,12,79,44.2,0,0,0
2026-09-09 08:15:00,184.3,10,77,43.6,0,0,0
2026-09-09 08:20:00,187.7,5,79,44.3,0,0,0
2026-09-09 08:25:00,185.8,6,77,43.6,0,0,0
2026-09-09 08:30:00,182.7,4,76,41.1,0,0,0
2026-09-09 08:35:00,181.9,8,77,44.5,0,0,0
2026-09-09 08:40:00,181.3,10,76,42.5,0,0,0
2026-09-09 08:45:00,182.0,4,75,44.9,0,0,0
2026-09-09 08:50:00,178.1,18,78,46.0,0,0,0
2026-09-09 08:55:00,174.6,7,76,44.2,0,0,0
2026-09-09 09:00:00,171.1,9,80,38.5,0,0,0
2026-09-09 09:05:00,172.1,6,75,44.6,0,0,0
2026-09-09 09:10:00,168.4,15,75,46.0,0,0,0
2026-09-09 09:15:00,163.3,10,77,43.9,0,0,0
2026-09-09 09:20:00,163.2,16,77,44.4,0,0,0
2026-09-09 09:25:00,166.1,15,78,43.8,0,0,0
2026-09-09 09:30:00,164.3,5,78,46.2,0,0,0
2026-09-09 09:35:00,164.2,10,73,39.5,0,0,0
2026-09-09 09:40:00,163.7,7,77,42.6,0,0,0
2026-09-09 09:45:00,161.0,8,79,42.4,0,0,0
2026-09-09 09:50:00,154.2,9,77,44.1,0,0,0
2026-09-09 09:55:00,153.0,7,72,41.8,0,0,0
2026-09-09 10:00:00,155.9,8,75,41.5,0,0,0
2026-09-09 10:05:00,152.5,11,75,41.1,0,0,0
2026-09-09 10:10:00,154.1,10,77,42.7,0,0,0
2026-09-09 10:15:00,151.7,16,78,42.7,0,0,0
2026-09-09 10:20:00,151.3,9,74,43.1,0,0,0
2026-09-09 10:25:00,152.3,4,76,43.5,0,0,0
2026-09-09 10:30:00,153.9,12,73,43.7,0,0,0
2026-09-09 10:35:00,152.4,4,77,43.8,0,0,0
2026-09-09 10:40:00,154.9,10,78,45.6,0,0,0
2026-09-09 10:45:00,154.2,17,78,47.4,0,0,0
2026-09-09 10:50:00,154.9,6,79,39.9,0,0,0
2026-09-09 10:55:00,152.8,9,74,42.1,0,0,0
2026-09-09 11:00:00,155.1,11,78,42.7,0,0,0
2026-09-09 11:05:00,154.7,9,78,46.6,0,0,0
2026-09-09 11:10:00,155.7,6,76,44.6,0,0,0
2026-09-09 11:15:00,154.6,9,78,41.7,0,0,0
2026-09-09 11:20:00,153.9,10,78,44.5,0,0,0
2026-09-09 11:25:00,157.1,7,73,44.8,0,0,0
2026-09-09 11:30:00,154.7,8,77,43.5,0,0,0
2026-09-09 11:35:00,153.1,21,74,44.8,0,0,0
2026-09-09 11:40:00,152.9,11,75,40.9,0,0,0
2026-09-09 11:45:00,152.3,5,77,44.4,0,0,0
2026-09-09 11:50:00,151.5,5,80,41.5,0,0,0
2026-09-09 11:55:00,155.7,7,77,43.2,0,0,0
2026-09-09 12:00:00,157.2,28,81,43.2,0,0,0
2026-09-09 12:05:00,159.3,13,74,43.2,0,0,0
2026-09-09 12:10:00,156.4,8,79,48.6,0,0,0
2026-09-09 12:15:00,156.1,6,78,46.1,0,0,0
2026-09-09 12:20:00,155.8,11,78,43.4,0,0,0
2026-09-09 12:25:00,158.4,3,78,40.3,0,0,0
2026-09-09 12:30:00,156.0,18,73,42.7,0,0,0
2026-09-09 12:35:00,154.7,10,83,44.1,0,58,50
2026-09-09 12:40:00,158.9,2,82,42.8,0,0,0
2026-09-09 12:45:00,162.8,2,80,43.4,0,0,0
2026-09-09 12:50:00,164.4,449,105,41.8,0,0,0
2026-09-09 12:55:00,165.2,438,109,46.2,0,0,0
2026-09-09 13:00:00,165.8,21,81,43.7,0,0,0
2026-09-09 13:05:00,167.9,8,77,44.8,0,0,0
2026-09-09 13:10:00,164.8,13,77,44.2,0,0,0
2026-09-09 13:15:00,166.0,5,73,40.0,0,0,0
2026-09-09 13:20:00,160.6,11,77,44.4,0,0,0
2026-09-09 13:25:00,160.6,5,82,45.2,0,0,0
2026-09-09 13:30:00,161.7,6,77,45.0,0,0,0
2026-09-09 13:35:00,161.4,4,76,45.4,0,0,0
2026-09-09 13:40:00,156.8,6,79,44.1,0,0,0
2026-09-09 13:45:00,154.6,8,78,42.4,0,0,0
2026-09-09 13:50:00,152.8,12,77,44.8,0,0,0
2026-09-09 13:55:00,160.2,3,75,43.7,0,0,0
2026-09-09 14:00:00,158.0,6,76,39.2,0,0,0
2026-09-09 14:05:00,157.7,7,76,42.7,0,0,0
2026-09-09 14:10:00,158.3,7,75,41.3,0,0,0
2026-09-09 14:15:00,154.3,11,75,41.4,0,0,0
2026-09-09 14:20:00,151.5,9,75,44.1,0,0,0
2026-09-09 14:25:00,151.9,10,72,43.3,0,0,0
2026-09-09 14:30:00,152.3,1,75,39.2,0,0,0
2026-09-09 14:35:00,150.3,4,79,45.5,0,0,0
2026-09-09 14:40:00,150.1,5,78,44.3,0,0,0
2026-09-09 14:45:00,150.1,9,74,40.5,0,0,0
2026-09-09 14:50:00,148.0,3,76,46.4,0,0,0
2026-09-09 14:55:00,145.9,5,75,44.5,0,0,0
2026-09-09 15:00:00,144.9,12,75,44.9,0,0,0
2026-09-09 15:05:00,146.4,20,81,43.5,0,0,0
2026-09-09 15:10:00,146.8,8,78,43.3,0,0,0
2026-09-09 15:15:00,147.9,2,78,45.0,0,0,0
2026-09-09 15:20:00,151.2,15,79,42.9,0,0,0
2026-09-09 15:25:00,149.6,8,78,42.7,0,0,0
2026-09-09 15:30:00,149.6,6,78,46.3,0,0,0
2026-09-09 15:35:00,150.9,5,75,46.9,0,0,0
2026-09-09 15:40:00,147.5,13,77,47.4,0,0,0
2026-09-09 15:45:00,149.1,6,77,43.7,0,0,0
2026-09-09 15:50:00,147.2,5,74,45.9,0,0,0
2026-09-09 15:55:00,146.4,3,77,39.3,0,0,0
2026-09-09 16:00:00,145.5,16,79,43.2,0,0,0
2026-09-09 16:05:00,145.0,3,76,41.6,0,0,0
2026-09-09 16:10:00,142.5,10,77,44.9,0,0,0
2026-09-09 16:15:00,144.8,8,78,44.5,0,0,0
2026-09-09 16:20:00,143.1,2,76,42.1,0,0,0
2026-09-09 16:25:00,143.5,8,74,46.0,0,0,0
2026-09-09 16:30:00,145.5,4,78,45.3,0,0,0
2026-09-09 16:35:00,147.1,12,80,43.0,0,0,0
2026-09-09 16:40:00,146.2,12,77,42.1,0,0,0
2026-09-09 16:45:00,143.7,4,75,43.3,0,0,0
2026-09-09 16:50:00,145.4,9,77,43.7,0,0,0
2026-09-09 16:55:00,142.9,9,78,45.5,0,0,0
2026-09-09 17:00:00,143.2,6,76,42.3,0,0,0
2026-09-09 17:05:00,142.6,7,76,44.2,0,0,0
2026-09-09 17:10:00,144.7,9,79,43.8,0,0,0
2026-09-09 17:15:00,146.2,4,79,41.2,0,13,35
2026-09-09 17:20:00,149.5,7,79,47.4,0,0,0
2026-09-09 17:25:00,152.7,10,77,42.6,0,0,0
2026-09-09 17:30:00,149.9,7,78,37.8,0,0,0
2026-09-09 17:35:00,149.3,5,76,45.1,0,0,0
2026-09-09 17:40:00,147.4,2,81,46.2,0,0,0
2026-09-09 17:45:00,149.4,8,80,45.5,0,0,0
2026-09-09 17:50:00,147.3,7,75,39.9,0,0,0
2026-09-09 17:55:00,147.7,10,79,46.0,0,0,0
2026-09-09 18:00:00,148.9,11,77,45.6,0,0,0
2026-09-09 18:05:00,147.3,8,75,43.7,0,0,0
2026-09-09 18:10:00,144.3,19,75,46.0,0,0,0
2026-09-09 18:15:00,149.5,11,79,43.9,0,0,0
2026-09-09 18:20:00,149.2,6,74,43.3,0,0,0
2026-09-09 18:25:00,150.4,11,76,46.1,0,0,0
2026-09-09 18:30:00,150.1,14,77,45.0,0,0,0
2026-09-09 18:35:00,166.7,8,77,43.6,0,0,0
2026-09-09 18:40:00,167.6,14,76,44.4,0,0,0
2026-09-09 18:45:00,168.5,14,75,43.4,0,0,0
2026-09-09 18:50:00,167.0,4,77,43.0,0,0,0
2026-09-09 18:55:00,166.1,3,75,43.5,0,0,0
2026-09-09 19:00:00,168.6,5,75,47.5,0,0,0
2026-09-09 19:05:00,168.9,4,74,44.9,0,0,0
2026-09-09 19:10:00,166.9,11,78,41.9,0,0,0
2026-09-09 19:15:00,166.1,424,100,44.8,0,0,0
2026-09-09 19:20:00,167.8,417,96,45.6,0,0,0
2026-09-09 19:25:00,168.4,421,99,43.9,0,0,0
2026-09-09 19:30:00,168.0,424,103,39.5,0,0,0
2026-09-09 19:35:00,165.6,10,77,45.9,0,0,0
2026-09-09 19:40:00,166.6,16,74,39.7,0,0,0
2026-09-09 19:45:00,166.1,13,79,42.8,0,0,0
2026-09-09 19:50:00,164.1,13,76,44.1,0,0,0
2026-09-09 19:55:00,163.3,11,77,44.3,0,0,0
2026-09-09 20:00:00,163.5,6,77,43.3,0,0,0
2026-09-09 20:05:00,160.7,10,75,40.3,0,0,0
2026-09-09 20:10:00,162.0,10,78,44.1,0,0,0
2026-09-09 20:15:00,164.0,6,78,42.6,0,0,0
2026-09-09 20:20:00,166.1,15,79,40.2,0,0,0
2026-09-09 20:25:00,168.2,2,74,46.1,0,0,0
2026-09-09 20:30:00,170.0,8,73,42.6,0,0,0
2026-09-09 20:35:00,169.2,20,75,42.0,0,0,0
2026-09-09 20:40:00,167.7,15,75,41.8,0,0,0
2026-09-09 20:45:00,164.6,10,78,43.1,0,0,0
2026-09-09 20:50:00,166.6,13,79,46.4,0,87,75
2026-09-09 20:55:00,176.6,4,78,44.0,0,0,0
2026-09-09 21:00:00,184.3,14,81,39.9,0,0,0
2026-09-09 21:05:00,188.3,9,81,41.9,0,0,0
2026-09-09 21:10:00,190.2,20,79,44.6,0,0,0
2026-09-09 21:15:00,194.4,6,76,46.3,0,0,0
2026-09-09 21:20:00,194.2,15,76,41.9,0,0,0
2026-09-09 21:25:00,194.7,5,76,42.7,0,0,0
2026-09-09 21:30:00,189.3,8,77,43.2,0,0,0
2026-09-09 21:35:00,185.5,6,78,42.8,0,0,0
2026-09-09 21:40:00,181.0,5,78,46.6,0,0,0
2026-09-09 21:45:00,176.8,8,79,44.9,0,0,0
2026-09-09 21:50:00,170.2,9,76,41.2,0,0,0
2026-09-09 21:55:00,167.9,8,74,41.8,0,0,0
2026-09-09 22:00:00,164.0,12,78,43.9,0,0,0
2026-09-09 22:05:00,160.8,9,79,41.7,0,0,0
2026-09-09 22:10:00,155.7,10,77,42.9,0,0,0
2026-09-09 22:15:00,153.3,6,78,42.0,0,0,0
2026-09-09 22:20:00,151.3,10,79,47.1,0,0,0
2026-09-09 22:25:00,149.7,7,75,44.1,0,0,0
2026-09-09 22:30:00,150.0,5,75,42.2,0,0,0
2026-09-09 22:35:00,144.4,11,75,42.8,0,0,0
2026-09-09 22:40:00,140.2,11,76,43.7,0,0,0
2026-09-09 22:45:00,136.0,4,74,44.5,0,0,0
2026-09-09 22:50:00,136.1,7,77,45.6,0,0,0
2026-09-09 22:55:00,131.4,1,77,44.0,0,0,0
2026-09-09 23:00:00,127.7,1,73,69.4,1,0,0
2026-09-09 23:05:00,129.3,0,71,73.2,1,0,0
2026-09-09 23:10:00,130.9,0,66,72.5,1,0,0
2026-09-09 23:15:00,125.0,0,71,69.3,1,0,0
2026-09-09 23:20:00,127.1,0,65,68.5,1,0,0
2026-09-09 23:25:00,126.7,0,69,71.9,1,0,0
2026-09-09 23:30:00,127.7,0,67,74.2,1,0,0
2026-09-09 23:35:00,128.0,0,68,72.8,1,0,0
2026-09-09 23:40:00,124.4,0,70,71.5,1,0,0
2026-09-09 23:45:00,122.5,0,65,70.4,1,0,0
2026-09-09 23:50:00,124.3,1,67,71.2,1,0,0
2026-09-09 23:55:00,124.8,0,65,67.3,1,0,0
2026-09-10 00:00:00,119.7,0,66,75.5,1,0,0
2026-09-10 00:05:00,117.7,0,64,71.2,1,0,0
2026-09-10 00:10:00,122.3,0,69,73.3,1,0,0
2026-09-10 00:15:00,120.2,0,70,69.2,1,0,0
2026-09-10 00:20:00,122.7,0,70,72.2,1,0,0
2026-09-10 00:25:00,120.6,0,67,70.5,1,0,0
2026-09-10 00:30:00,120.9,1,69,74.2,1,0,0
2026-09-10 00:35:00,119.9,0,69,71.2,1,0,0
2026-09-10 00:40:00,119.5,0,71,71.2,1,0,0
2026-09-10 00:45:00,118.2,1,71,72.1,1,0,0
2026-09-10 00:50:00,117.2,1,68,69.6,1,0,0
2026-09-10 00:55:00,117.5,0,65,70.1,1,0,0
2026-09-10 01:00:00,119.0,1,69,71.6,1,0,0
2026-09-10 01:05:00,120.8,0,70,74.7,1,0,0
2026-09-10 01:10:00,121.3,0,67,70.7,1,0,0
2026-09-10 01:15:00,121.4,1,67,75.8,1,0,0
2026-09-10 01:20:00,124.8,1,69,71.1,1,0,0
2026-09-10 01:25:00,124.4,0,68,75.2,1,0,0
2026-09-10 01:30:00,121.8,0,65,73.6,1,0,0
2026-09-10 01:35:00,121.6,0,67,75.1,1,0,0
2026-09-10 01:40:00,119.8,0,68,74.5,1,0,0
2026-09-10 01:45:00,122.6,0,67,73.8,1,0,0
2026-09-10 01:50:00,123.3,0,69,73.2,1,0,0
2026-09-10 01:55:00,123.9,1,73,72.1,1,0,0
2026-09-10 02:00:00,125.7,0,65,72.8,1,0,0
2026-09-10 02:05:00,125.9,0,68,74.9,1,0,0
2026-09-10 02:10:00,126.7,3,71,71.1,1,0,0
2026-09-10 02:15:00,125.0,0,71,71.2,1,0,0
2026-09-10 02:20:00,125.6,1,68,71.5,1,0,0
2026-09-10 02:25:00,123.7,0,70,71.2,1,0,0
2026-09-10 02:30:00,122.2,0,70,70.3,1,0,0
2026-09-10 02:35:00,121.9,0,67,71.7,1,0,0
2026-09-10 02:40:00,124.2,0,69,75.6,1,0,0
2026-09-10 02:45:00,124.1,1,67,74.7,1,0,0
2026-09-10 02:50:00,159.0,1,65,71.9,1,0,0
2026-09-10 02:55:00,159.7,0,66,71.9,1,0,0
2026-09-10 03:00:00,160.0,1,72,70.6,1,0,0
2026-09-10 03:05:00,159.3,0,70,70.0,1,0,0
2026-09-10 03:10:00,158.1,1,69,70.2,1,0,0
2026-09-10 03:15:00,156.2,0,68,76.2,1,0,0
2026-09-10 03:20:00,160.1,0,64,74.5,1,0,0
2026-09-10 03:25:00,162.6,0,71,74.3,1,0,0
2026-09-10 03:30:00,163.7,0,70,71.9,1,0,0
2026-09-10 03:35:00,161.8,0,68,73.2,1,0,0
2026-09-10 03:40:00,162.7,0,69,73.4,1,0,0
2026-09-10 03:45:00,169.4,0,68,74.0,1,0,0
2026-09-10 03:50:00,169.3,1,69,73.0,1,0,0
2026-09-10 03:55:00,167.2,0,67,71.5,1,0,0
2026-09-10 04:00:00,170.8,0,67,72.1,1,0,0
2026-09-10 04:05:00,170.5,0,68,72.8,1,0,0
2026-09-10 04:10:00,168.2,0,70,73.9,1,0,0
2026-09-10 04:15:00,170.0,0,69,75.4,1,0,0
2026-09-10 04:20:00,174.0,1,72,74.0,1,0,0
2026-09-10 04:25:00,173.2,0,68,75.1,1,0,0
2026-09-10 04:30:00,174.1,0,72,70.5,1,0,0
2026-09-10 04:35:00,172.6,0,70,69.1,1,0,0
2026-09-10 04:40:00,175.5,0,69,72.1,1,0,0
2026-09-10 04:45:00,171.8,0,71,72.9,1,0,0
2026-09-10 04:50:00,171.2,0,71,74.7,1,0,0
2026-09-10 04:55:00,170.4,0,69,69.9,1,0,0
2026-09-10 05:00:00,170.7,0,68,74.6,1,0,0
2026-09-10 05:05:00,174.2,0,64,67.3,1,0,0
2026-09-10 05:10:00,174.0,0,70,70.4,1,0,0
2026-09-10 05:15:00,175.7,0,67,75.5,1,0,0
2026-09-10 05:20:00,178.9,0,71,71.6,1,0,0
2026-09-10 05:25:00,178.9,2,68,70.6,1,0,0
2026-09-10 05:30:00,175.8,1,66,70.9,1,0,0
2026-09-10 05:35:00,176.5,1,68,73.7,1,0,0
2026-09-10 05:40:00,179.1,1,67,73.2,1,0,0
2026-09-10 05:45:00,178.7,0,63,70.8,1,0,0
2026-09-10 05:50:00,173.1,0,67,69.8,1,0,0
2026-09-10 05:55:00,173.4,0,68,71.2,1,0,0
2026-09-10 06:00:00,169.6,1,65,73.6,1,0,0
2026-09-10 06:05:00,166.6,0,70,76.5,1,0,0
2026-09-10 06:10:00,167.5,11,73,44.9,0,0,0
2026-09-10 06:15:00,165.8,8,77,41.0,0,0,0
2026-09-10 06:20:00,163.1,8,76,42.3,0,0,0
2026-09-10 06:25:00,164.5,9,76,46.9,0,0,0
2026-09-10 06:30:00,167.3,12,75,43.9,0,0,0
2026-09-10 06:35:00,168.5,9,78,46.2,0,0,0
2026-09-10 06:40:00,171.1,7,74,44.9,0,0,0
2026-09-10 06:45:00,171.3,0,75,47.0,0,0,0
2026-09-10 06:50:00,167.4,10,77,46.5,0,0,0
2026-09-10 06:55:00,170.4,6,80,43.1,0,0,0
2026-09-10 07:00:00,170.0,10,79,46.4,0,0,0
2026-09-10 07:05:00,168.7,18,79,47.4,0,0,0
2026-09-10 07:10:00,169.5,12,75,44.2,0,0,0
2026-09-10 07:15:00,168.1,7,76,47.4,0,0,0
2026-09-10 07:20:00,169.6,7,74,44.6,0,0,0
2026-09-10 07:25:00,168.3,3,80,44.4,0,0,0
2026-09-10 07:30:00,168.7,10,80,46.2,0,0,0
2026-09-10 07:35:00,168.5,5,78,46.0,0,0,0
2026-09-10 07:40:00,171.2,3,75,43.6,0,0,0
2026-09-10 07:45:00,168.1,19,78,41.2,0,0,0
2026-09-10 07:50:00,168.2,11,77,44.9,0,0,0
2026-09-10 07:55:00,167.2,6,76,45.0,0,0,0
2026-09-10 08:00:00,170.6,3,75,44.3,0,0,0
2026-09-10 08:05:00,170.7,7,76,46.9,0,0,0
2026-09-10 08:10:00,170.2,3,76,46.2,0,0,0
2026-09-10 08:15:00,176.6,21,79,43.3,0,0,0
2026-09-10 08:20:00,171.3,2,78,41.8,0,54,65
2026-09-10 08:25:00,173.5,4,79,44.4,0,0,0
2026-09-10 08:30:00,177.2,7,79,44.7,0,0,0
2026-09-10 08:35:00,176.8,407,103,44.5,0,0,0
2026-09-10 08:40:00,175.5,406,103,46.7,0,0,0
2026-09-10 08:45:00,177.9,3,77,45.1,0,0,0
2026-09-10 08:50:00,175.4,14,77,43.1,0,0,0
2026-09-10 08:55:00,174.4,10,77,41.9,0,0,0
2026-09-10 09:00:00,172.5,8,76,46.5,0,0,0
2026-09-10 09:05:00,171.3,11,80,48.5,0,0,0
2026-09-10 09:10:00,169.9,3,75,45.9,0,0,0
2026-09-10 09:15:00,166.4,8,76,44.1,0,0,0
2026-09-10 09:20:00,163.5,6,77,44.3,0,0,0
2026-09-10 09:25:00,164.9,10,78,47.4,0,0,0
2026-09-10 09:30:00,156.2,3,80,43.0,0,0,0
2026-09-10 09:35:00,152.8,4,76,46.2,0,0,0
2026-09-10 09:40:00,148.4,7,79,44.8,0,0,0
2026-09-10 09:45:00,146.5,13,79,44.6,0,0,0
2026-09-10 09:50:00,141.8,19,75,46.3,0,0,0
2026-09-10 09:55:00,139.6,17,79,42.5,0,0,0
2026-09-10 10:00:00,140.8,10,77,45.0,0,0,0
2026-09-10 10:05:00,136.7,13,75,45.6,0,0,0
2026-09-10 10:10:00,133.5,17,74,43.4,0,0,0
2026-09-10 10:15:00,131.9,16,78,47.9,0,0,0
2026-09-10 10:20:00,129.5,3,76,44.6,0,0,0
2026-09-10 10:25:00,131.3,12,79,39.8,0,0,0
2026-09-10 10:30:00,132.5,5,76,44.1,0,0,0
2026-09-10 10:35:00,134.0,4,76,44.4,0,0,0
2026-09-10 10:40:00,134.5,7,75,45.2,0,0,0
2026-09-10 10:45:00,133.6,7,76,46.6,0,0,0
2026-09-10 10:50:00,136.3,3,76,43.8,0,0,0
2026-09-10 10:55:00,137.0,12,76,44.7,0,0,0
2026-09-10 11:00:00,138.5,4,78,43.0,0,0,0
2026-09-10 11:05:00,139.9,6,79,44.9,0,0,0
2026-09-10 11:10:00,139.0,14,76,43.2,0,0,0
2026-09-10 11:15:00,140.5,6,73,40.3,0,0,0
2026-09-10 11:20:00,142.6,10,76,44.5,0,0,0
2026-09-10 11:25:00,140.3,7,78,48.2,0,0,0
2026-09-10 11:30:00,137.2,20,78,45.6,0,0,0
2026-09-10 11:35:00,136.6,4,77,46.3,0,0,0
2026-09-10 11:40:00,136.0,13,78,44.2,0,0,0
2026-09-10 11:45:00,131.5,11,81,43.0,0,0,0
2026-09-10 11:50:00,131.2,11,77,43.4,0,0,0
2026-09-10 11:55:00,135.7,5,75,45.7,0,0,0
2026-09-10 12:00:00,136.8,12,76,45.1,0,0,0
2026-09-10 12:05:00,137.5,10,74,44.9,0,0,0
2026-09-10 12:10:00,136.9,6,75,43.9,0,0,0
2026-09-10 12:15:00,138.9,11,74,41.5,0,0,0
2026-09-10 12:20:00,139.5,13,77,46.5,0,0,0
2026-09-10 12:25:00,138.0,8,77,43.2,0,0,0
2026-09-10 12:30:00,138.2,6,77,44.4,0,0,0
2026-09-10 12:35:00,137.4,11,78,47.3,0,0,0
2026-09-10 12:40:00,135.8,4,75,46.2,0,0,0
2026-09-10 12:45:00,137.0,12,77,44.3,0,0,0
2026-09-10 12:50:00,136.1,10,81,46.4,0,0,0
2026-09-10 12:55:00,136.6,8,77,44.9,0,0,0
2026-09-10 13:00:00,136.2,6,76,44.3,0,0,0
2026-09-10 13:05:00,137.4,1,74,41.3,0,0,0
2026-09-10 13:10:00,138.1,5,76,44.5,0,0,0
2026-09-10 13:15:00,136.8,14,79,45.2,0,65,68
2026-09-10 13:20:00,141.9,6,82,45.2,0,0,0
2026-09-10 13:25:00,147.3,6,80,42.9,0,0,0
2026-09-10 13:30:00,152.6,8,81,45.5,0,0,0
2026-09-10 13:35:00,158.3,10,80,46.7,0,0,0
2026-09-10 13:40:00,159.4,7,79,44.9,0,0,0
2026-09-10 13:45:00,161.0,10,76,44.6,0,0,0
2026-09-10 13:50:00,160.2,6,69,43.5,0,0,0
2026-09-10 13:55:00,158.5,7,79,48.1,0,0,0
2026-09-10 14:00:00,155.2,6,77,47.8,0,0,0
2026-09-10 14:05:00,149.9,31,79,40.4,0,0,0
2026-09-10 14:10:00,148.6,8,84,44.5,0,0,0
2026-09-10 14:15:00,147.3,8,79,46.3,0,0,0
2026-09-10 14:20:00,166.9,1,77,43.9,0,0,0
2026-09-10 14:25:00,167.9,5,72,46.6,0,0,0
2026-09-10 14:30:00,163.8,9,74,44.4,0,0,0
2026-09-10 14:35:00,161.6,6,72,45.9,0,0,0
2026-09-10 14:40:00,155.5,8,75,43.3,0,0,0
2026-09-10 14:45:00,154.9,16,80,48.1,0,0,0
2026-09-10 14:50:00,153.1,10,72,45.6,0,0,0
2026-09-10 14:55:00,153.9,9,74,46.5,0,0,0
2026-09-10 15:00:00,154.8,13,78,47.3,0,0,0
2026-09-10 15:05:00,150.6,7,76,43.0,0,0,0
2026-09-10 15:10:00,149.6,8,79,42.1,0,0,0
2026-09-10 15:15:00,146.9,11,77,43.9,0,0,0
2026-09-10 15:20:00,143.2,4,73,43.0,0,0,0
2026-09-10 15:25:00,139.5,12,77,45.7,0,0,0
2026-09-10 15:30:00,143.2,8,76,43.9,0,0,0
2026-09-10 15:35:00,140.7,7,74,48.3,0,0,0
2026-09-10 15:40:00,140.3,2,78,44.5,0,0,0
2026-09-10 15:45:00,137.4,9,79,41.9,0,0,0
2026-09-10 15:50:00,133.4,6,76,42.8,0,0,0
2026-09-10 15:55:00,138.2,14,79,44.2,0,0,0
2026-09-10 16:00:00,137.1,10,76,47.0,0,0,0
2026-09-10 16:05:00,138.5,17,79,43.9,0,0,0
2026-09-10 16:10:00,134.9,12,73,42.9,0,0,0
2026-09-10 16:15:00,132.6,8,76,45.5,0,0,0
2026-09-10 16:20:00,132.5,5,77,41.8,0,0,0
2026-09-10 16:25:00,133.4,6,78,45.9,0,0,0
2026-09-10 16:30:00,133.4,5,77,43.7,0,0,0
2026-09-10 16:35:00,134.9,11,80,42.4,0,0,0
2026-09-10 16:40:00,134.2,7,76,45.4,0,0,0
2026-09-10 16:45:00,131.2,6,79,44.1,0,0,0
2026-09-10 16:50:00,131.2,3,71,45.2,0,0,0
2026-09-10 16:55:00,129.4,9,76,47.6,0,0,0
2026-09-10 17:00:00,126.8,7,73,42.0,0,0,0
2026-09-10 17:05:00,126.1,4,76,46.7,0,0,0
2026-09-10 17:10:00,128.7,2,72,46.6,0,0,0
2026-09-10 17:15:00,129.3,14,74,44.2,0,0,0
2026-09-10 17:20:00,127.5,7,73,47.0,0,0,0
2026-09-10 17:25:00,129.6,6,77,45.9,0,0,0
2026-09-10 17:30:00,128.3,6,72,44.9,0,0,0
2026-09-10 17:35:00,130.3,6,78,41.7,0,0,0
2026-09-10 17:40:00,131.8,7,77,42.9,0,0,0
2026-09-10 17:45:00,132.7,12,75,46.4,0,0,0
2026-09-10 17:50:00,136.7,14,76,44.5,0,0,0
2026-09-10 17:55:00,133.5,9,79,43.7,0,0,0
2026-09-10 18:00:00,136.2,7,79,45.7,0,17,35
2026-09-10 18:05:00,137.8,6,81,45.5,0,0,0
2026-09-10 18:10:00,141.7,10,79,42.3,0,0,0
2026-09-10 18:15:00,141.2,482,106,45.6,0,0,0
2026-09-10 18:20:00,138.3,483,106,43.1,0,0,0
2026-09-10 18:25:00,139.4,2,79,47.5,0,0,0
2026-09-10 18:30:00,140.1,6,79,46.9,0,0,0
2026-09-10 18:35:00,144.4,8,75,44.7,0,0,0
2026-09-10 18:40:00,144.3,9,80,43.4,0,0,0
2026-09-10 18:45:00,145.7,14,74,43.7,0,0,0
2026-09-10 18:50:00,145.4,8,76,45.2,0,0,0
2026-09-10 18:55:00,146.3,12,79,46.2,0,0,0
2026-09-10 19:00:00,149.0,7,76,48.8,0,0,0
2026-09-10 19:05:00,148.6,11,76,47.9,0,0,0
2026-09-10 19:10:00,144.1,5,77,46.0,0,0,0
2026-09-10 19:15:00,168.9,4,76,46.1,0,0,0
2026-09-10 19:20:00,166.9,9,71,38.9,0,0,0
2026-09-10 19:25:00,166.5,9,76,43.8,0,0,0
2026-09-10 19:30:00,166.1,11,76,43.1,0,0,0
2026-09-10 19:35:00,165.8,13,84,44.7,0,0,0
2026-09-10 19:40:00,167.3,5,77,44.5,0,0,0
2026-09-10 19:45:00,162.6,12,76,44.6,0,0,0
2026-09-10 19:50:00,160.5,8,78,41.4,0,0,0
2026-09-10 19:55:00,158.4,7,80,40.9,0,0,0
2026-09-10 20:00:00,158.0,3,77,44.2,0,0,0
2026-09-10 20:05:00,159.2,1,74,46.4,0,0,0
2026-09-10 20:10:00,158.8,13,77,46.6,0,0,0
2026-09-10 20:15:00,157.2,9,78,43.3,0,0,0
2026-09-10 20:20:00,159.7,13,77,45.3,0,0,0
2026-09-10 20:25:00,159.2,4,77,40.3,0,0,0
2026-09-10 20:30:00,159.2,441,103,44.6,0,0,0
2026-09-10 20:35:00,159.4,437,102,47.2,0,0,0
2026-09-10 20:40:00,158.5,434,101,44.5,0,0,0
2026-09-10 20:45:00,158.3,12,74,44.5,0,0,0
2026-09-10 20:50:00,160.8,22,80,43.2,0,0,0
2026-09-10 20:55:00,157.9,10,78,43.2,0,0,0
2026-09-10 21:00:00,156.6,7,74,45.4,0,0,0
2026-09-10 21:05:00,155.7,6,77,48.4,0,0,0
2026-09-10 21:10:00,156.3,10,79,42.6,0,0,0
2026-09-10 21:15:00,159.3,9,80,42.5,0,0,0
2026-09-10 21:20:00,157.0,11,78,44.9,0,66,55
2026-09-10 21:25:00,162.4,10,79,43.3,0,0,0
2026-09-10 21:30:00,162.3,5,79,43.3,0,0,0
2026-09-10 21:35:00,163.2,398,102,44.3,0,0,0
2026-09-10 21:40:00,163.7,413,106,43.2,0,0,0
2026-09-10 21:45:00,161.8,13,82,42.8,0,0,0
2026-09-10 21:50:00,158.6,6,78,43.3,0,0,0
2026-09-10 21:55:00,162.9,6,77,43.7,0,0,0
2026-09-10 22:00:00,162.2,3,76,44.6,0,0,0
2026-09-10 22:05:00,162.8,7,73,45.1,0,0,0
2026-09-10 22:10:00,159.9,9,71,44.3,0,0,0
2026-09-10 22:15:00,159.8,7,75,44.3,0,0,0
2026-09-10 22:20:00,158.2,1,75,47.5,0,0,0
2026-09-10 22:25:00,157.0,15,75,42.0,0,0,0
2026-09-10 22:30:00,157.1,8,74,41.9,0,0,0
2026-09-10 22:35:00,154.8,7,76,45.8,0,0,0
2026-09-10 22:40:00,150.9,15,78,46.3,0,0,0
2026-09-10 22:45:00,148.5,2,76,43.4,0,0,0
2026-09-10 22:50:00,147.3,7,77,44.4,0,0,0
2026-09-10 22:55:00,146.1,29,77,43.8,0,0,0
2026-09-10 23:00:00,144.4,10,75,48.8,0,0,0
2026-09-10 23:05:00,143.2,7,78,44.0,0,0,0
2026-09-10 23:10:00,143.6,5,77,43.2,0,0,0
2026-09-10 23:15:00,142.2,4,79,44.1,0,0,0
2026-09-10 23:20:00,139.3,4,76,43.7,0,0,0
2026-09-10 23:25:00,139.8,5,77,45.1,0,0,0
2026-09-10 23:30:00,138.7,10,79,42.1,0,0,0
2026-09-10 23:35:00,139.0,5,79,43.7,0,0,0
2026-09-10 23:40:00,138.4,0,69,75.9,1,0,0
2026-09-10 23:45:00,134.7,0,67,72.1,1,0,0
2026-09-10 23:50:00,135.1,0,69,70.0,1,0,0
2026-09-10 23:55:00,134.1,0,68,71.7,1,0,0
2026-09-11 00:00:00,131.9,0,70,70.5,1,0,0
2026-09-11 00:05:00,134.3,0,69,69.6,1,0,0
2026-09-11 00:10:00,134.3,1,65,72.3,1,0,0
2026-09-11 00:15:00,134.4,1,69,70.6,1,0,0
2026-09-11 00:20:00,132.3,0,69,70.1,1,0,0
2026-09-11 00:25:00,134.4,0,69,70.0,1,0,0
2026-09-11 00:30:00,133.4,0,68,72.6,1,0,0
2026-09-11 00:35:00,133.7,0,71,69.6,1,0,0
2026-09-11 00:40:00,132.6,0,70,69.5,1,0,0
2026-09-11 00:45:00,132.5,0,70,73.3,1,0,0
2026-09-11 00:50:00,132.3,0,69,72.2,1,0,0
2026-09-11 00:55:00,132.2,0,67,71.9,1,0,0
2026-09-11 01:00:00,133.9,0,70,74.1,1,0,0
2026-09-11 01:05:00,134.4,0,70,74.1,1,0,0
2026-09-11 01:10:00,132.8,0,65,74.2,1,0,0
2026-09-11 01:15:00,137.0,0,67,69.4,1,0,0
2026-09-11 01:20:00,141.8,0,71,72.2,1,0,0
2026-09-11 01:25:00,141.3,0,66,69.8,1,0,0
2026-09-11 01:30:00,142.0,0,67,70.4,1,0,0
2026-09-11 01:35:00,140.8,0,65,74.7,1,0,0
2026-09-11 01:40:00,140.2,0,69,71.8,1,0,0
2026-09-11 01:45:00,140.5,0,69,70.8,1,0,0
2026-09-11 01:50:00,140.7,0,68,73.3,1,0,0
2026-09-11 01:55:00,136.0,0,68,70.6,1,0,0
2026-09-11 02:00:00,135.4,0,67,69.0,1,0,0
2026-09-11 02:05:00,138.9,1,67,72.2,1,0,0
2026-09-11 02:10:00,138.7,0,67,72.3,1,0,0
2026-09-11 02:15:00,138.5,2,66,73.8,1,0,0
2026-09-11 02:20:00,140.5,0,67,73.2,1,0,0
2026-09-11 02:25:00,145.2,0,67,72.4,1,0,0
2026-09-11 02:30:00,142.7,0,66,77.5,1,0,0
2026-09-11 02:35:00,143.0,0,66,71.9,1,0,0
2026-09-11 02:40:00,143.3,0,65,71.7,1,0,0
2026-09-11 02:45:00,141.3,0,67,74.7,1,0,0
2026-09-11 02:50:00,141.9,1,69,74.7,1,0,0
2026-09-11 02:55:00,140.2,0,69,74.0,1,0,0
2026-09-11 03:00:00,138.7,0,69,71.7,1,0,0
2026-09-11 03:05:00,140.4,0,68,70.1,1,0,0
2026-09-11 03:10:00,139.7,0,67,72.9,1,0,0
2026-09-11 03:15:00,140.7,0,68,75.0,1,0,0
2026-09-11 03:20:00,161.8,0,70,70.5,1,0,0
2026-09-11 03:25:00,161.7,1,65,74.4,1,0,0
2026-09-11 03:30:00,160.5,0,70,71.7,1,0,0
2026-09-11 03:35:00,164.3,0,70,72.5,1,0,0
2026-09-11 03:40:00,164.8,0,68,70.3,1,0,0
2026-09-11 03:45:00,164.3,0,67,73.7,1,0,0
2026-09-11 03:50:00,165.0,1,69,71.1,1,0,0
2026-09-11 03:55:00,163.4,0,69,70.2,1,0,0
2026-09-11 04:00:00,163.3,0,68,73.3,1,0,0
2026-09-11 04:05:00,165.3,1,68,68.8,1,0,0
2026-09-11 04:10:00,165.2,0,65,74.2,1,0,0
2026-09-11 04:15:00,165.4,2,72,75.1,1,0,0
2026-09-11 04:20:00,164.1,0,70,75.7,1,0,0
2026-09-11 04:25:00,162.5,0,67,74.7,1,0,0
2026-09-11 04:30:00,165.4,0,67,75.1,1,0,0
2026-09-11 04:35:00,167.3,0,64,74.8,1,0,0
2026-09-11 04:40:00,165.8,0,68,71.5,1,0,0
2026-09-11 04:45:00,172.0,0,72,71.7,1,0,0
2026-09-11 04:50:00,170.9,0,68,66.3,1,0,0
2026-09-11 04:55:00,171.9,0,68,73.0,1,0,0
2026-09-11 05:00:00,172.2,0,67,72.3,1,0,0
2026-09-11 05:05:00,173.5,0,67,73.9,1,0,0
2026-09-11 05:10:00,173.1,0,69,70.7,1,0,0
2026-09-11 05:15:00,170.7,1,71,73.6,1,0,0
2026-09-11 05:20:00,170.3,1,68,69.6,1,0,0
2026-09-11 05:25:00,168.9,0,67,70.1,1,0,0
2026-09-11 05:30:00,168.3,1,70,75.9,1,0,0
2026-09-11 05:35:00,167.4,0,67,75.2,1,0,0
2026-09-11 05:40:00,165.4,0,71,76.0,1,0,0
2026-09-11 05:45:00,165.6,0,68,75.3,1,0,0
2026-09-11 05:50:00,165.7,0,69,72.9,1,0,0
2026-09-11 05:55:00,164.0,0,72,74.5,1,0,0
2026-09-11 06:00:00,165.8,0,68,75.5,1,0,0
2026-09-11 06:05:00,167.2,0,69,72.9,1,0,0
2026-09-11 06:10:00,167.2,2,65,71.0,1,0,0
2026-09-11 06:15:00,167.8,1,69,67.9,1,0,0
2026-09-11 06:20:00,173.3,14,80,46.1,0,0,0
2026-09-11 06:25:00,173.4,9,74,42.2,0,0,0
2026-09-11 06:30:00,174.7,12,83,45.2,0,0,0
2026-09-11 06:35:00,176.9,8,76,47.5,0,0,0
2026-09-11 06:40:00,175.7,6,80,44.3,0,0,0
2026-09-11 06:45:00,177.6,7,77,44.0,0,0,0
2026-09-11 06:50:00,175.3,4,74,44.6,0,0,0
2026-09-11 06:55:00,176.3,10,79,44.8,0,0,0
2026-09-11 07:00:00,176.7,4,79,46.8,0,0,0
2026-09-11 07:05:00,177.4,7,74,43.4,0,0,0
2026-09-11 07:10:00,177.4,8,75,44.3,0,0,0
2026-09-11 07:15:00,174.9,14,80,45.4,0,0,0
2026-09-11 07:20:00,175.6,9,73,44.6,0,0,0
2026-09-11 07:25:00,177.6,9,78,44.7,0,0,0
2026-09-11 07:30:00,175.0,21,79,43.5,0,0,0
2026-09-11 07:35:00,173.6,27,81,42.3,0,0,0
2026-09-11 07:40:00,174.7,8,76,46.8,0,0,0
2026-09-11 07:45:00,171.8,13,77,41.2,0,0,0
2026-09-11 07:50:00,166.8,14,76,42.6,0,0,0
2026-09-11 07:55:00,166.1,7,73,41.7,0,0,0
2026-09-11 08:00:00,162.3,10,76,47.1,0,0,0
2026-09-11 08:05:00,163.5,7,75,45.3,0,0,0
2026-09-11 08:10:00,162.7,5,74,46.5,0,0,0
2026-09-11 08:15:00,169.1,4,80,44.0,0,63,70
2026-09-11 08:20:00,175.7,5,80,44.9,0,0,0
2026-09-11 08:25:00,182.2,2,74,43.5,0,0,0
2026-09-11 08:30:00,182.5,16,80,43.2,0,0,0
2026-09-11 08:35:00,182.3,6,78,43.3,0,0,0
2026-09-11 08:40:00,181.9,2,79,46.7,0,0,0
2026-09-11 08:45:00,185.9,11,81,40.9,0,0,0
2026-09-11 08:50:00,186.4,3,79,46.1,0,0,0
2026-09-11 08:55:00,181.8,13,75,41.7,0,0,0
2026-09-11 09:00:00,181.3,6,79,44.0,0,0,0
2026-09-11 09:05:00,180.1,7,78,41.6,0,0,0
2026-09-11 09:10:00,179.6,2,76,45.5,0,0,0
2026-09-11 09:15:00,174.9,6,75,43.4,0,0,0
2026-09-11 09:20:00,173.6,15,79,42.0,0,0,0
2026-09-11 09:25:00,170.1,10,75,45.6,0,0,0
2026-09-11 09:30:00,165.5,7,71,45.1,0,0,0
2026-09-11 09:35:00,162.8,7,77,44.9,0,0,0
2026-09-11 09:40:00,158.8,13,78,42.7,0,0,0
2026-09-11 09:45:00,158.5,16,78,42.5,0,0,0
2026-09-11 09:50:00,152.9,2,80,45.9,0,0,0
2026-09-11 09:55:00,147.8,13,74,43.0,0,0,0
2026-09-11 10:00:00,144.3,12,76,44.6,0,0,0
2026-09-11 10:05:00,142.8,4,78,44.8,0,0,0
2026-09-11 10:10:00,140.1,7,75,44.1,0,0,0
2026-09-11 10:15:00,138.8,4,78,43.6,0,0,0
2026-09-11 10:20:00,137.1,16,75,44.7,0,0,0
2026-09-11 10:25:00,139.0,21,77,45.0,0,0,0
2026-09-11 10:30:00,137.5,7,75,44.7,0,0,0
2026-09-11 10:35:00,136.8,10,77,44.2,0,0,0
2026-09-11 10:40:00,135.3,10,76,42.8,0,0,0
2026-09-11 10:45:00,136.9,2,77,44.6,0,0,0
2026-09-11 10:50:00,136.6,10,78,46.8,0,0,0
2026-09-11 10:55:00,137.3,1,79,47.2,0,0,0
2026-09-11 11:00:00,135.5,8,75,42.6,0,0,0
2026-09-11 11:05:00,134.8,9,74,41.4,0,0,0
2026-09-11 11:10:00,136.9,18,80,43.5,0,0,0
2026-09-11 11:15:00,135.9,6,77,43.8,0,0,0
2026-09-11 11:20:00,136.5,13,76,46.0,0,0,0
2026-09-11 11:25:00,138.0,3,72,40.7,0,0,0
2026-09-11 11:30:00,137.8,16,80,47.9,0,0,0
2026-09-11 11:35:00,137.6,5,76,39.9,0,0,0
2026-09-11 11:40:00,137.6,10,79,48.3,0,0,0
2026-09-11 11:45:00,136.5,7,77,45.6,0,0,0
2026-09-11 11:50:00,136.3,13,77,43.5,0,0,0
2026-09-11 11:55:00,133.5,12,76,50.3,0,0,0
2026-09-11 12:00:00,131.0,18,79,45.2,0,0,0
2026-09-11 12:05:00,130.8,4,76,38.9,0,0,0
2026-09-11 12:10:00,134.9,5,77,44.5,0,0,0
2026-09-11 12:15:00,131.6,12,75,44.0,0,0,0
2026-09-11 12:20:00,131.4,10,77,43.4,0,0,0
2026-09-11 12:25:00,132.5,2,78,46.4,0,0,0
2026-09-11 12:30:00,131.3,7,78,44.3,0,0,0
2026-09-11 12:35:00,131.4,10,77,42.9,0,0,0
2026-09-11 12:40:00,132.5,8,75,44.5,0,0,0
2026-09-11 12:45:00,131.4,3,78,47.5,0,0,0
2026-09-11 12:50:00,132.7,9,78,42.5,0,0,0
2026-09-11 12:55:00,133.9,7,74,48.1,0,0,0
2026-09-11 13:00:00,135.6,5,79,44.9,0,0,0
2026-09-11 13:05:00,132.9,8,76,46.0,0,0,0
2026-09-11 13:10:00,131.4,15,75,45.8,0,0,0
2026-09-11 13:15:00,135.5,16,79,45.2,0,0,0
2026-09-11 13:20:00,137.7,11,78,46.5,0,63,50
2026-09-11 13:25:00,140.3,5,82,45.4,0,0,0
2026-09-11 13:30:00,146.0,6,76,43.3,0,0,0
2026-09-11 13:35:00,146.0,9,79,41.4,0,0,0
2026-09-11 13:40:00,149.0,11,78,37.4,0,0,0
2026-09-11 13:45:00,148.6,10,80,46.6,0,0,0
2026-09-11 13:50:00,149.8,12,77,47.1,0,0,0
2026-09-11 13:55:00,148.6,18,81,40.9,0,0,0
2026-09-11 14:00:00,147.8,5,76,45.2,0,0,0
2026-09-11 14:05:00,150.5,11,76,42.2,0,0,0
2026-09-11 14:10:00,149.2,8,75,45.1,0,0,0
2026-09-11 14:15:00,166.4,491,104,42.1,0,0,0
2026-09-11 14:20:00,164.7,491,105,47.6,0,0,0
2026-09-11 14:25:00,162.4,6,75,40.9,0,0,0
2026-09-11 14:30:00,161.3,19,78,44.5,0,0,0
2026-09-11 14:35:00,161.3,4,79,46.7,0,0,0
2026-09-11 14:40:00,159.1,2,72,48.1,0,0,0
2026-09-11 14:45:00,154.6,10,77,43.2,0,0,0
2026-09-11 14:50:00,151.5,6,75,45.3,0,0,0
2026-09-11 14:55:00,150.7,5,77,44.4,0,0,0
2026-09-11 15:00:00,151.9,8,79,45.6,0,0,0
2026-09-11 15:05:00,149.8,8,74,46.2,0,0,0
2026-09-11 15:10:00,148.3,4,80,45.6,0,0,0
2026-09-11 15:15:00,146.0,9,75,47.2,0,0,0
2026-09-11 15:20:00,146.2,2,76,43.2,0,0,0
2026-09-11 15:25:00,147.5,4,78,43.9,0,0,0
2026-09-11 15:30:00,145.0,3,77,47.7,0,0,0
2026-09-11 15:35:00,141.1,7,76,45.7,0,0,0
2026-09-11 15:40:00,140.9,3,76,43.8,0,0,0
2026-09-11 15:45:00,143.0,6,73,44.8,0,0,0
2026-09-11 15:50:00,141.8,10,75,46.7,0,0,0
2026-09-11 15:55:00,140.6,4,74,42.9,0,0,0
2026-09-11 16:00:00,141.0,9,75,47.3,0,0,0
2026-09-11 16:05:00,138.9,7,78,44.1,0,0,0
2026-09-11 16:10:00,139.6,4,77,41.0,0,0,0
2026-09-11 16:15:00,137.6,2,76,44.2,0,0,0
2026-09-11 16:20:00,134.0,10,74,48.8,0,0,0
2026-09-11 16:25:00,134.3,8,79,46.1,0,0,0
2026-09-11 16:30:00,135.0,9,79,43.6,0,0,0
2026-09-11 16:35:00,134.7,0,76,47.9,0,0,0
2026-09-11 16:40:00,136.4,15,82,48.0,0,0,0
2026-09-11 16:45:00,137.1,25,78,47.8,0,0,0
2026-09-11 16:50:00,137.3,2,75,44.0,0,0,0
2026-09-11 16:55:00,137.9,15,78,44.9,0,0,0
2026-09-11 17:00:00,140.6,5,77,45.1,0,0,0
2026-09-11 17:05:00,140.0,7,80,45.4,0,0,0
2026-09-11 17:10:00,139.7,4,76,45.8,0,0,0
2026-09-11 17:15:00,142.9,5,77,45.7,0,0,0
2026-09-11 17:20:00,142.5,4,76,43.7,0,0,0
2026-09-11 17:25:00,142.9,13,79,44.1,0,0,0
2026-09-11 17:30:00,140.2,11,75,46.7,0,0,0
2026-09-11 17:35:00,137.9,10,73,44.7,0,0,0
2026-09-11 17:40:00,135.9,13,81,44.6,0,17,35
2026-09-11 17:45:00,134.9,3,80,42.5,0,0,0
2026-09-11 17:50:00,135.5,9,80,44.1,0,0,0
2026-09-11 17:55:00,137.7,6,77,42.2,0,0,0
2026-09-11 18:00:00,141.4,16,76,45.4,0,0,0
2026-09-11 18:05:00,142.9,6,81,45.2,0,0,0
2026-09-11 18:10:00,144.3,11,78,43.2,0,0,0
2026-09-11 18:15:00,145.5,6,75,46.5,0,0,0
2026-09-11 18:20:00,144.0,5,74,43.2,0,0,0
2026-09-11 18:25:00,144.4,4,77,43.8,0,0,0
2026-09-11 18:30:00,142.6,6,75,45.9,0,0,0
2026-09-11 18:35:00,140.8,11,79,44.7,0,0,0
2026-09-11 18:40:00,139.6,9,74,43.2,0,0,0
2026-09-11 18:45:00,142.2,4,80,46.2,0,0,0
2026-09-11 18:50:00,139.8,2,76,44.5,0,0,0
2026-09-11 18:55:00,143.1,7,74,45.0,0,0,0
2026-09-11 19:00:00,142.5,16,75,48.0,0,0,0
2026-09-11 19:05:00,140.0,3,77,45.1,0,0,0
2026-09-11 19:10:00,140.2,13,77,41.6,0,0,0
2026-09-11 19:15:00,141.1,7,77,46.3,0,0,0
2026-09-11 19:20:00,160.5,11,76,47.2,0,0,0
2026-09-11 19:25:00,157.6,14,75,44.8,0,0,0
2026-09-11 19:30:00,158.2,14,70,49.5,0,0,0
2026-09-11 19:35:00,160.5,12,79,47.2,0,0,0
2026-09-11 19:40:00,163.2,5,76,38.1,0,0,0
2026-09-11 19:45:00,162.2,6,82,44.2,0,0,0
2026-09-11 19:50:00,160.9,8,73,45.1,0,0,0
2026-09-11 19:55:00,162.7,10,76,42.9,0,0,0
2026-09-11 20:00:00,160.1,12,80,45.9,0,0,0
2026-09-11 20:05:00,158.7,4,77,45.5,0,0,0
2026-09-11 20:10:00,158.4,8,78,44.9,0,0,0
2026-09-11 20:15:00,159.4,3,75,46.2,0,0,0
2026-09-11 20:20:00,162.9,11,74,46.1,0,0,0
2026-09-11 20:25:00,161.0,2,82,44.2,0,99,70
2026-09-11 20:30:00,170.5,8,78,46.6,0,0,0
2026-09-11 20:35:00,173.3,8,80,45.3,0,0,0
2026-09-11 20:40:00,176.0,514,111,43.6,0,0,0
2026-09-11 20:45:00,176.8,513,108,47.3,0,0,0
2026-09-11 20:50:00,174.6,5,82,44.6,0,0,0
2026-09-11 20:55:00,172.5,6,76,45.0,0,0,0
2026-09-11 21:00:00,167.7,7,79,47.2,0,0,0
2026-09-11 21:05:00,165.6,4,79,42.2,0,0,0
2026-09-11 21:10:00,165.1,1,76,44.7,0,0,0
2026-09-11 21:15:00,160.1,7,75,44.8,0,0,0
2026-09-11 21:20:00,154.3,19,76,41.1,0,0,0
2026-09-11 21:25:00,152.0,5,78,41.1,0,0,0
2026-09-11 21:30:00,149.4,5,76,41.4,0,0,0
2026-09-11 21:35:00,145.5,6,77,44.7,0,0,0
2026-09-11 21:40:00,144.6,4,77,47.4,0,0,0
2026-09-11 21:45:00,141.5,6,73,47.1,0,0,0
2026-09-11 21:50:00,138.3,9,79,44.6,0,0,0
2026-09-11 21:55:00,135.3,3,77,43.6,0,0,0
2026-09-11 22:00:00,129.6,6,80,46.3,0,0,0
2026-09-11 22:05:00,128.0,5,77,43.0,0,0,0
2026-09-11 22:10:00,126.1,12,76,47.6,0,0,0
2026-09-11 22:15:00,124.0,6,77,46.7,0,0,0
2026-09-11 22:20:00,125.9,8,80,45.2,0,0,0
2026-09-11 22:25:00,122.7,0,67,71.2,1,0,0
2026-09-11 22:30:00,120.7,0,62,72.4,1,0,0
2026-09-11 22:35:00,115.8,0,68,76.7,1,0,0
2026-09-11 22:40:00,115.8,0,69,73.8,1,0,0
2026-09-11 22:45:00,119.9,1,70,77.6,1,0,0
2026-09-11 22:50:00,114.4,0,70,68.1,1,0,0
2026-09-11 22:55:00,114.8,0,65,76.8,1,0,0
2026-09-11 23:00:00,116.4,0,68,73.8,1,0,0
2026-09-11 23:05:00,116.1,0,64,73.4,1,0,0
2026-09-11 23:10:00,112.7,1,67,73.5,1,0,0
2026-09-11 23:15:00,110.9,0,68,73.2,1,0,0
2026-09-11 23:20:00,110.8,0,65,73.4,1,0,0
2026-09-11 23:25:00,106.7,0,69,72.9,1,0,0
2026-09-11 23:30:00,106.7,1,67,71.8,1,0,0
2026-09-11 23:35:00,108.2,0,71,71.1,1,0,0
2026-09-11 23:40:00,108.9,0,68,66.3,1,0,0
2026-09-11 23:45:00,108.0,1,70,71.7,1,0,0
2026-09-11 23:50:00,107.7,0,70,71.1,1,0,0
2026-09-11 23:55:00,106.9,2,69,72.2,1,0,0
2026-09-12 00:00:00,110.1,2,72,67.7,1,0,0
2026-09-12 00:05:00,108.2,1,71,71.0,1,0,0
2026-09-12 00:10:00,109.8,0,68,67.5,1,0,0
2026-09-12 00:15:00,112.0,1,65,74.4,1,0,0
2026-09-12 00:20:00,112.2,0,68,72.9,1,0,0
2026-09-12 00:25:00,113.7,0,69,72.6,1,0,0
2026-09-12 00:30:00,113.1,0,68,73.4,1,0,0
2026-09-12 00:35:00,113.1,0,70,72.3,1,0,0
2026-09-12 00:40:00,115.3,0,72,74.9,1,0,0
2026-09-12 00:45:00,115.3,0,66,69.1,1,0,0
2026-09-12 00:50:00,112.9,0,66,69.8,1,0,0
2026-09-12 00:55:00,114.2,1,71,75.6,1,0,0
2026-09-12 01:00:00,119.1,0,66,74.3,1,0,0
2026-09-12 01:05:00,120.3,0,68,71.4,1,0,0
2026-09-12 01:10:00,120.2,0,68,71.0,1,0,0
2026-09-12 01:15:00,119.6,0,69,68.8,1,0,0
2026-09-12 01:20:00,120.9,0,70,69.0,1,0,0
2026-09-12 01:25:00,118.8,0,63,72.7,1,0,0
2026-09-12 01:30:00,120.5,0,66,71.4,1,0,0
2026-09-12 01:35:00,120.3,0,69,73.4,1,0,0
2026-09-12 01:40:00,122.6,0,69,75.3,1,0,0
2026-09-12 01:45:00,124.4,1,68,69.9,1,0,0
2026-09-12 01:50:00,124.8,0,67,72.8,1,0,0
2026-09-12 01:55:00,124.2,0,71,71.5,1,0,0
2026-09-12 02:00:00,124.0,1,66,70.5,1,0,0
2026-09-12 02:05:00,125.2,0,69,74.6,1,0,0
2026-09-12 02:10:00,125.7,1,69,70.9,1,0,0
2026-09-12 02:15:00,126.3,0,67,75.2,1,0,0
2026-09-12 02:20:00,126.6,0,64,72.7,1,0,0
2026-09-12 02:25:00,161.2,0,68,70.2,1,0,0
2026-09-12 02:30:00,159.0,0,67,66.7,1,0,0
2026-09-12 02:35:00,161.0,0,68,69.7,1,0,0
2026-09-12 02:40:00,161.7,1,70,72.4,1,0,0
2026-09-12 02:45:00,158.7,0,68,72.2,1,0,0
2026-09-12 02:50:00,157.1,1,68,68.8,1,0,0
2026-09-12 02:55:00,156.6,0,65,72.8,1,0,0
2026-09-12 03:00:00,153.1,1,65,72.8,1,0,0
2026-09-12 03:05:00,156.6,0,67,74.5,1,0,0
2026-09-12 03:10:00,159.4,0,70,71.6,1,0,0
2026-09-12 03:15:00,158.7,1,68,69.5,1,0,0
2026-09-12 03:20:00,156.7,0,66,72.7,1,0,0
2026-09-12 03:25:00,158.7,0,69,67.3,1,0,0
2026-09-12 03:30:00,160.3,0,66,71.6,1,0,0
2026-09-12 03:35:00,161.1,0,72,68.3,1,0,0
2026-09-12 03:40:00,161.1,0,67,72.3,1,0,0
2026-09-12 03:45:00,161.4,0,72,72.7,1,0,0
2026-09-12 03:50:00,161.3,0,71,70.6,1,0,0
2026-09-12 03:55:00,166.3,1,68,72.8,1,0,0
2026-09-12 04:00:00,165.6,2,69,70.6,1,0,0
2026-09-12 04:05:00,167.5,0,71,71.5,1,0,0
2026-09-12 04:10:00,164.4,0,68,73.0,1,0,0
2026-09-12 04:15:00,164.9,0,67,74.1,1,0,0
2026-09-12 04:20:00,164.0,0,68,68.3,1,0,0
2026-09-12 04:25:00,168.8,0,65,71.8,1,0,0
2026-09-12 04:30:00,168.6,0,66,74.1,1,0,0
2026-09-12 04:35:00,170.7,0,66,70.7,1,0,0
2026-09-12 04:40:00,170.2,0,71,71.4,1,0,0
2026-09-12 04:45:00,169.9,0,73,71.2,1,0,0
2026-09-12 04:50:00,168.7,2,69,71.6,1,0,0
2026-09-12 04:55:00,170.0,0,69,71.4,1,0,0
2026-09-12 05:00:00,169.4,0,69,65.8,1,0,0
2026-09-12 05:05:00,168.3,0,71,69.8,1,0,0
2026-09-12 05:10:00,169.5,0,67,71.9,1,0,0
2026-09-12 05:15:00,170.4,0,65,71.4,1,0,0
2026-09-12 05:20:00,170.3,0,68,70.1,1,0,0
2026-09-12 05:25:00,171.9,0,70,73.0,1,0,0
2026-09-12 05:30:00,171.0,1,69,73.5,1,0,0
2026-09-12 05:35:00,171.3,0,68,73.9,1,0,0
2026-09-12 05:40:00,169.5,0,66,76.2,1,0,0
2026-09-12 05:45:00,172.8,0,68,73.9,1,0,0
2026-09-12 05:50:00,172.7,1,67,74.3,1,0,0
2026-09-12 05:55:00,174.7,0,68,72.5,1,0,0
2026-09-12 06:00:00,176.9,0,68,71.4,1,0,0
2026-09-12 06:05:00,176.5,2,79,44.2,0,0,0
2026-09-12 06:10:00,174.0,10,76,42.9,0,0,0
2026-09-12 06:15:00,172.3,22,79,45.7,0,0,0
2026-09-12 06:20:00,172.6,8,77,46.9,0,0,0
2026-09-12 06:25:00,174.7,4,77,45.1,0,0,0
2026-09-12 06:30:00,174.9,0,74,42.1,0,0,0
2026-09-12 06:35:00,175.6,7,80,43.7,0,0,0
2026-09-12 06:40:00,176.1,13,74,41.6,0,0,0
2026-09-12 06:45:00,175.6,11,74,43.4,0,0,0
2026-09-12 06:50:00,176.8,8,77,45.2,0,0,0
2026-09-12 06:55:00,173.7,9,78,44.0,0,0,0
2026-09-12 07:00:00,173.0,9,78,45.3,0,0,0
2026-09-12 07:05:00,171.7,12,80,42.1,0,0,0
2026-09-12 07:10:00,171.3,4,76,45.4,0,0,0
2026-09-12 07:15:00,168.9,8,76,45.4,0,0,0
2026-09-12 07:20:00,172.0,2,77,44.7,0,0,0
2026-09-12 07:25:00,174.7,15,76,42.5,0,0,0
2026-09-12 07:30:00,173.2,16,72,46.0,0,0,0
2026-09-12 07:35:00,172.4,9,72,40.6,0,0,0
2026-09-12 07:40:00,171.3,12,76,44.4,0,0,0
2026-09-12 07:45:00,172.1,4,76,41.9,0,0,0
2026-09-12 07:50:00,168.6,6,75,44.9,0,32,55
2026-09-12 07:55:00,171.3,15,79,44.3,0,0,0
2026-09-12 08:00:00,174.4,11,80,44.3,0,0,0
2026-09-12 08:05:00,171.0,540,115,44.2,0,0,0
2026-09-12 08:10:00,171.3,530,112,46.8,0,0,0
2026-09-12 08:15:00,172.8,11,80,45.0,0,0,0
2026-09-12 08:20:00,169.4,9,75,44.1,0,0,0
2026-09-12 08:25:00,165.3,8,78,47.0,0,0,0
2026-09-12 08:30:00,165.9,15,74,40.5,0,0,0
2026-09-12 08:35:00,163.0,6,75,43.7,0,0,0
2026-09-12 08:40:00,160.5,20,76,43.1,0,0,0
2026-09-12 08:45:00,160.5,7,73,42.4,0,0,0
2026-09-12 08:50:00,156.3,7,76,41.6,0,0,0
2026-09-12 08:55:00,153.9,10,76,44.0,0,0,0
2026-09-12 09:00:00,155.1,5,72,46.1,0,0,0
2026-09-12 09:05:00,152.3,15,75,47.5,0,0,0
2026-09-12 09:10:00,154.0,2,79,44.9,0,0,0
2026-09-12 09:15:00,152.7,13,76,40.4,0,0,0
2026-09-12 09:20:00,150.9,13,77,42.7,0,0,0
2026-09-12 09:25:00,152.2,13,77,45.6,0,0,0
2026-09-12 09:30:00,151.8,11,73,44.1,0,0,0
2026-09-12 09:35:00,153.8,13,77,40.3,0,0,0
2026-09-12 09:40:00,153.7,2,77,39.8,0,0,0
2026-09-12 09:45:00,154.9,5,75,47.2,0,0,0
2026-09-12 09:50:00,151.2,6,77,46.4,0,0,0
2026-09-12 09:55:00,154.9,8,74,46.5,0,0,0
2026-09-12 10:00:00,153.0,0,76,46.0,0,0,0
2026-09-12 10:05:00,152.5,5,77,46.0,0,0,0
2026-09-12 10:10:00,148.4,3,75,43.8,0,0,0
2026-09-12 10:15:00,146.4,4,78,43.2,0,0,0
2026-09-12 10:20:00,147.8,5,75,41.4,0,0,0
2026-09-12 10:25:00,149.2,6,75,42.8,0,0,0
2026-09-12 10:30:00,148.2,3,75,47.2,0,0,0
2026-09-12 10:35:00,150.0,17,76,41.9,0,0,0
2026-09-12 10:40:00,148.1,8,77,41.6,0,0,0
2026-09-12 10:45:00,146.5,13,79,43.4,0,0,0
2026-09-12 10:50:00,144.6,5,76,44.5,0,0,0
2026-09-12 10:55:00,147.0,4,76,43.5,0,0,0
2026-09-12 11:00:00,146.6,13,76,46.0,0,0,0
2026-09-12 11:05:00,146.9,7,74,42.5,0,0,0
2026-09-12 11:10:00,146.1,10,77,47.6,0,0,0
2026-09-12 11:15:00,145.9,0,75,44.8,0,0,0
2026-09-12 11:20:00,145.4,9,79,41.2,0,0,0
2026-09-12 11:25:00,147.9,10,77,42.0,0,0,0
2026-09-12 11:30:00,146.3,2,76,41.8,0,0,0
2026-09-12 11:35:00,149.8,20,77,46.3,0,0,0
2026-09-12 11:40:00,152.5,9,77,39.4,0,0,0
2026-09-12 11:45:00,151.1,3,77,46.6,0,0,0
2026-09-12 11:50:00,150.8,9,78,43.1,0,0,0
2026-09-12 11:55:00,148.6,14,75,43.8,0,0,0
2026-09-12 12:00:00,148.0,7,73,43.3,0,0,0
2026-09-12 12:05:00,146.3,6,75,42.4,0,0,0
2026-09-12 12:10:00,146.3,5,75,46.6,0,0,0
2026-09-12 12:15:00,146.8,7,77,42.7,0,0,0
2026-09-12 12:20:00,147.5,2,76,41.6,0,0,0
2026-09-12 12:25:00,148.8,7,79,46.3,0,0,0
2026-09-12 12:30:00,149.7,10,77,46.9,0,0,0
2026-09-12 12:35:00,151.7,9,75,43.8,0,0,0
2026-09-12 12:40:00,152.2,21,77,44.5,0,0,0
2026-09-12 12:45:00,150.6,0,77,47.5,0,0,0
2026-09-12 12:50:00,152.8,13,75,42.3,0,0,0
2026-09-12 12:55:00,153.4,13,78,42.7,0,63,50
2026-09-12 13:00:00,158.8,8,80,39.2,0,0,0
2026-09-12 13:05:00,163.1,4,79,46.0,0,0,0
2026-09-12 13:10:00,164.6,6,80,45.8,0,0,0
2026-09-12 13:15:00,164.3,9,82,44.6,0,0,0
2026-09-12 13:20:00,166.6,6,79,45.0,0,0,0
2026-09-12 13:25:00,170.3,9,78,44.0,0,0,0
2026-09-12 13:30:00,172.0,5,78,44.8,0,0,0
2026-09-12 13:35:00,169.3,14,79,45.2,0,0,0
2026-09-12 13:40:00,171.5,3,74,43.6,0,0,0
2026-09-12 13:45:00,170.2,1,76,46.7,0,0,0
2026-09-12 13:50:00,174.8,9,78,43.5,0,0,0
2026-09-12 13:55:00,173.6,8,76,46.4,0,0,0
2026-09-12 14:00:00,172.6,9,76,40.5,0,0,0
2026-09-12 14:05:00,165.5,335,94,43.3,0,0,0
2026-09-12 14:10:00,164.7,329,95,45.1,0,0,0
2026-09-12 14:15:00,162.1,330,98,45.3,0,0,0
2026-09-12 14:20:00,159.8,7,80,45.3,0,0,0
2026-09-12 14:25:00,160.8,8,75,46.3,0,0,0
2026-09-12 14:30:00,160.6,8,79,44.3,0,0,0
2026-09-12 14:35:00,158.9,7,73,43.6,0,0,0
2026-09-12 14:40:00,157.0,15,77,43.7,0,0,0
2026-09-12 14:45:00,154.7,9,76,46.1,0,0,0
2026-09-12 14:50:00,153.6,13,78,45.5,0,0,0
2026-09-12 14:55:00,152.9,3,78,43.4,0,0,0
2026-09-12 15:00:00,151.8,4,81,43.9,0,0,0
2026-09-12 15:05:00,153.5,5,77,41.0,0,0,0
2026-09-12 15:10:00,151.1,14,77,43.5,0,0,0
2026-09-12 15:15:00,148.1,10,77,47.3,0,0,0
2026-09-12 15:20:00,147.3,5,79,43.6,0,0,0
2026-09-12 15:25:00,142.9,5,74,44.2,0,0,0
2026-09-12 15:30:00,144.2,13,77,45.1,0,0,0
2026-09-12 15:35:00,144.5,5,76,42.5,0,0,0
2026-09-12 15:40:00,142.2,8,78,40.3,0,0,0
2026-09-12 15:45:00,144.8,3,76,47.9,0,0,0
2026-09-12 15:50:00,142.3,2,77,41.0,0,0,0
2026-09-12 15:55:00,143.9,2,75,41.9,0,0,0
2026-09-12 16:00:00,139.4,14,80,43.0,0,0,0
2026-09-12 16:05:00,140.9,13,78,39.2,0,0,0
2026-09-12 16:10:00,139.8,11,75,41.5,0,0,0
2026-09-12 16:15:00,143.2,7,74,43.8,0,0,0
2026-09-12 16:20:00,145.2,7,78,44.6,0,0,0
2026-09-12 16:25:00,147.6,6,78,45.0,0,0,0
2026-09-12 16:30:00,146.1,7,78,46.2,0,0,0
2026-09-12 16:35:00,144.4,4,77,45.4,0,0,0
2026-09-12 16:40:00,141.7,15,79,47.4,0,0,0
2026-09-12 16:45:00,141.1,8,80,44.5,0,0,0
2026-09-12 16:50:00,141.9,9,78,44.0,0,0,0
2026-09-12 16:55:00,143.1,3,75,44.9,0,0,0
2026-09-12 17:00:00,142.0,5,78,43.5,0,0,0
2026-09-12 17:05:00,143.7,4,77,47.8,0,0,0
2026-09-12 17:10:00,144.1,7,77,45.0,0,0,0
2026-09-12 17:15:00,144.1,6,74,44.9,0,0,0
2026-09-12 17:20:00,144.9,7,77,45.1,0,0,0
2026-09-12 17:25:00,146.7,3,73,45.0,0,0,0
2026-09-12 17:30:00,143.6,6,79,46.0,0,20,50
2026-09-12 17:35:00,144.1,13,80,44.0,0,0,0
2026-09-12 17:40:00,145.7,11,83,42.6,0,0,0
2026-09-12 17:45:00,145.3,21,84,44.3,0,0,0
2026-09-12 17:50:00,145.6,5,82,43.3,0,0,0
2026-09-12 17:55:00,147.1,9,84,43.9,0,0,0
2026-09-12 18:00:00,147.2,19,76,45.4,0,0,0
2026-09-12 18:05:00,142.7,5,77,48.0,0,0,0
2026-09-12 18:10:00,139.0,2,76,45.4,0,0,0
2026-09-12 18:15:00,141.4,5,76,46.0,0,0,0
2026-09-12 18:20:00,145.5,19,81,47.1,0,0,0
2026-09-12 18:25:00,145.5,4,76,47.3,0,0,0
2026-09-12 18:30:00,144.0,6,72,42.9,0,0,0
2026-09-12 18:35:00,144.6,7,78,45.0,0,0,0
2026-09-12 18:40:00,147.7,7,77,45.2,0,0,0
2026-09-12 18:45:00,147.3,33,82,46.9,0,0,0
2026-09-12 18:50:00,145.3,7,74,48.4,0,0,0
2026-09-12 18:55:00,162.2,13,78,43.6,0,0,0
2026-09-12 19:00:00,163.8,7,78,44.1,0,0,0
2026-09-12 19:05:00,158.6,4,77,46.7,0,0,0
2026-09-12 19:10:00,158.2,19,77,42.4,0,0,0
2026-09-12 19:15:00,158.1,15,76,44.7,0,0,0
2026-09-12 19:20:00,160.6,14,77,43.9,0,0,0
2026-09-12 19:25:00,160.7,6,74,41.4,0,0,0
2026-09-12 19:30:00,158.6,5,76,44.3,0,0,0
2026-09-12 19:35:00,156.0,11,76,41.5,0,0,0
2026-09-12 19:40:00,154.8,16,73,45.7,0,0,0
2026-09-12 19:45:00,154.4,5,75,44.2,0,0,0
2026-09-12 19:50:00,157.6,7,74,43.7,0,0,0
2026-09-12 19:55:00,156.3,6,77,45.2,0,0,0
2026-09-12 20:00:00,155.5,3,78,42.8,0,0,0
2026-09-12 20:05:00,154.2,10,79,43.2,0,0,0
2026-09-12 20:10:00,154.2,6,75,43.5,0,0,0
2026-09-12 20:15:00,156.3,10,76,44.1,0,55,68
2026-09-12 20:20:00,160.2,13,79,43.3,0,0,0
2026-09-12 20:25:00,164.3,8,77,44.9,0,0,0
2026-09-12 20:30:00,169.1,3,80,44.2,0,0,0
2026-09-12 20:35:00,172.1,9,79,42.7,0,0,0
2026-09-12 20:40:00,175.7,7,76,45.5,0,0,0
2026-09-12 20:45:00,172.8,9,74,41.3,0,0,0
2026-09-12 20:50:00,173.9,16,76,45.3,0,0,0
2026-09-12 20:55:00,172.5,9,80,44.5,0,0,0
2026-09-12 21:00:00,169.4,12,77,42.1,0,0,0
2026-09-12 21:05:00,166.7,5,79,44.7,0,0,0
2026-09-12 21:10:00,162.4,4,77,45.4,0,0,0
2026-09-12 21:15:00,162.7,4,81,44.5,0,0,0
2026-09-12 21:20:00,165.7,11,74,41.0,0,0,0
2026-09-12 21:25:00,162.4,3,77,47.5,0,0,0
2026-09-12 21:30:00,157.5,16,76,44.1,0,0,0
2026-09-12 21:35:00,156.9,5,81,46.9,0,0,0
2026-09-12 21:40:00,159.7,3,80,40.0,0,0,0
2026-09-12 21:45:00,157.3,8,77,47.1,0,0,0
2026-09-12 21:50:00,153.7,14,77,45.1,0,0,0
2026-09-12 21:55:00,149.1,7,72,42.8,0,0,0
2026-09-12 22:00:00,148.0,8,76,42.2,0,0,0
2026-09-12 22:05:00,149.4,7,75,44.5,0,0,0
2026-09-12 22:10:00,147.7,2,78,46.6,0,0,0
2026-09-12 22:15:00,144.3,3,74,40.9,0,0,0
2026-09-12 22:20:00,139.6,5,75,40.8,0,0,0
2026-09-12 22:25:00,138.6,12,77,45.0,0,0,0
2026-09-12 22:30:00,135.9,5,79,44.5,0,0,0
2026-09-12 22:35:00,135.5,13,76,43.2,0,0,0
2026-09-12 22:40:00,136.6,13,78,41.5,0,0,0
2026-09-12 22:45:00,136.9,16,77,45.5,0,0,0
2026-09-12 22:50:00,138.0,4,77,44.6,0,0,0
2026-09-12 22:55:00,131.9,14,75,46.5,0,0,0
2026-09-12 23:00:00,134.2,20,78,45.9,0,0,0
2026-09-12 23:05:00,130.7,5,74,47.2,0,0,0
2026-09-12 23:10:00,129.4,8,77,44.8,0,0,0
2026-09-12 23:15:00,127.8,4,77,47.4,0,0,0
2026-09-12 23:20:00,127.4,25,79,40.9,0,0,0
2026-09-12 23:25:00,129.2,4,74,41.7,0,0,0
2026-09-12 23:30:00,134.8,15,76,43.2,0,0,0
2026-09-12 23:35:00,134.5,12,77,41.7,0,0,0
2026-09-12 23:40:00,135.1,3,74,46.4,0,0,0
2026-09-12 23:45:00,134.1,0,71,71.0,1,0,0
2026-09-12 23:50:00,135.9,0,73,73.6,1,0,0
2026-09-12 23:55:00,134.4,1,70,72.9,1,0,0
2026-09-13 00:00:00,131.0,0,64,70.6,1,0,0
2026-09-13 00:05:00,133.6,1,66,70.5,1,0,0
2026-09-13 00:10:00,133.8,1,67,73.5,1,0,0
2026-09-13 00:15:00,132.3,0,67,69.5,1,0,0
2026-09-13 00:20:00,128.2,0,67,78.1,1,0,0
2026-09-13 00:25:00,126.6,0,68,74.8,1,0,0
2026-09-13 00:30:00,124.6,0,66,73.0,1,0,0
2026-09-13 00:35:00,128.0,0,68,72.9,1,0,0
2026-09-13 00:40:00,129.3,1,70,77.3,1,0,0
2026-09-13 00:45:00,134.2,0,72,74.2,1,0,0
2026-09-13 00:50:00,134.1,1,71,71.5,1,0,0
2026-09-13 00:55:00,133.0,0,69,68.3,1,0,0
2026-09-13 01:00:00,134.3,0,65,73.2,1,0,0
2026-09-13 01:05:00,136.8,0,66,71.7,1,0,0
2026-09-13 01:10:00,134.5,1,65,73.6,1,0,0
2026-09-13 01:15:00,134.5,2,71,72.1,1,0,0
2026-09-13 01:20:00,136.1,0,70,72.0,1,0,0
2026-09-13 01:25:00,136.5,0,67,68.4,1,0,0
2026-09-13 01:30:00,135.7,0,67,77.1,1,0,0
2026-09-13 01:35:00,141.2,0,69,72.1,1,0,0
2026-09-13 01:40:00,141.3,0,71,74.7,1,0,0
2026-09-13 01:45:00,142.4,0,67,71.9,1,0,0
2026-09-13 01:50:00,141.5,1,66,74.4,1,0,0
2026-09-13 01:55:00,144.7,1,68,72.9,1,0,0
2026-09-13 02:00:00,145.4,1,65,72.3,1,0,0
2026-09-13 02:05:00,144.6,2,67,71.4,1,0,0
2026-09-13 02:10:00,142.0,1,65,70.6,1,0,0
2026-09-13 02:15:00,159.0,0,69,75.7,1,0,0
2026-09-13 02:20:00,156.7,0,68,71.2,1,0,0
2026-09-13 02:25:00,158.8,0,71,71.3,1,0,0
2026-09-13 02:30:00,158.8,0,64,72.3,1,0,0
2026-09-13 02:35:00,160.0,0,70,73.5,1,0,0
2026-09-13 02:40:00,157.8,0,68,74.3,1,0,0
2026-09-13 02:45:00,159.0,0,68,67.6,1,0,0
2026-09-13 02:50:00,158.6,1,68,72.4,1,0,0
2026-09-13 02:55:00,157.8,0,68,67.6,1,0,0
2026-09-13 03:00:00,158.6,1,68,72.3,1,0,0
2026-09-13 03:05:00,158.6,1,63,71.8,1,0,0
2026-09-13 03:10:00,159.8,0,68,71.9,1,0,0
2026-09-13 03:15:00,159.0,0,67,73.3,1,0,0
2026-09-13 03:20:00,158.8,2,67,72.5,1,0,0
2026-09-13 03:25:00,158.7,0,68,72.8,1,0,0
2026-09-13 03:30:00,157.2,0,67,73.0,1,0,0
2026-09-13 03:35:00,158.0,0,66,76.3,1,0,0
2026-09-13 03:40:00,159.7,1,65,72.0,1,0,0
2026-09-13 03:45:00,161.0,0,68,73.0,1,0,0
2026-09-13 03:50:00,161.7,0,70,70.4,1,0,0
2026-09-13 03:55:00,161.4,0,69,71.2,1,0,0
2026-09-13 04:00:00,160.0,0,70,75.2,1,0,0
2026-09-13 04:05:00,159.7,0,69,71.8,1,0,0
2026-09-13 04:10:00,157.4,0,68,70.9,1,0,0
2026-09-13 04:15:00,156.7,0,67,70.0,1,0,0
2026-09-13 04:20:00,158.1,0,72,70.8,1,0,0
2026-09-13 04:25:00,161.2,1,67,73.2,1,0,0
2026-09-13 04:30:00,164.9,0,69,73.5,1,0,0
2026-09-13 04:35:00,167.1,1,69,71.9,1,0,0
2026-09-13 04:40:00,168.9,0,70,70.1,1,0,0
2026-09-13 04:45:00,164.1,0,66,70.6,1,0,0
2026-09-13 04:50:00,164.7,0,69,72.9,1,0,0
2026-09-13 04:55:00,160.7,0,66,71.8,1,0,0
2026-09-13 05:00:00,159.0,0,68,70.2,1,0,0
2026-09-13 05:05:00,160.8,0,68,75.3,1,0,0
2026-09-13 05:10:00,159.7,0,67,75.1,1,0,0
2026-09-13 05:15:00,164.6,0,65,66.6,1,0,0
2026-09-13 05:20:00,165.5,1,70,71.5,1,0,0
2026-09-13 05:25:00,164.2,0,70,69.6,1,0,0
2026-09-13 05:30:00,164.3,5,80,45.1,0,0,0
2026-09-13 05:35:00,165.8,8,76,45.3,0,0,0
2026-09-13 05:40:00,165.8,0,74,44.9,0,0,0
2026-09-13 05:45:00,166.9,7,76,43.3,0,0,0
2026-09-13 05:50:00,169.2,7,78,44.4,0,0,0
2026-09-13 05:55:00,172.4,1,74,42.1,0,0,0
2026-09-13 06:00:00,172.1,2,75,43.2,0,0,0
2026-09-13 06:05:00,173.1,12,78,45.4,0,0,0
2026-09-13 06:10:00,174.2,12,77,44.7,0,0,0
2026-09-13 06:15:00,174.7,5,77,44.1,0,0,0
2026-09-13 06:20:00,178.2,6,79,45.5,0,0,0
2026-09-13 06:25:00,176.6,5,74,45.7,0,0,0
2026-09-13 06:30:00,173.0,8,76,41.7,0,0,0
2026-09-13 06:35:00,172.5,11,75,46.7,0,0,0
2026-09-13 06:40:00,175.5,5,75,45.5,0,0,0
2026-09-13 06:45:00,175.0,4,76,40.0,0,0,0
2026-09-13 06:50:00,177.5,10,79,45.9,0,0,0
2026-09-13 06:55:00,177.5,9,75,44.5,0,0,0
2026-09-13 07:00:00,172.8,6,77,41.2,0,0,0
2026-09-13 07:05:00,171.1,15,77,46.0,0,0,0
2026-09-13 07:10:00,169.5,13,75,42.9,0,0,0
2026-09-13 07:15:00,172.6,9,76,44.8,0,0,0
2026-09-13 07:20:00,169.3,6,75,44.2,0,0,0
2026-09-13 07:25:00,167.4,12,79,42.4,0,0,0
2026-09-13 07:30:00,167.4,22,78,43.1,0,0,0
2026-09-13 07:35:00,164.9,16,75,45.7,0,0,0
2026-09-13 07:40:00,169.2,2,74,41.9,0,0,0
2026-09-13 07:45:00,166.6,6,76,45.9,0,0,0
2026-09-13 07:50:00,166.7,11,77,47.3,0,0,0
2026-09-13 07:55:00,167.6,4,76,42.4,0,0,0
2026-09-13 08:00:00,169.4,5,74,45.6,0,0,0
2026-09-13 08:05:00,169.0,12,74,42.5,0,0,0
2026-09-13 08:10:00,169.7,6,77,41.6,0,39,50
2026-09-13 08:15:00,169.6,5,76,44.7,0,0,0
2026-09-13 08:20:00,172.4,6,79,44.8,0,0,0
2026-09-13 08:25:00,172.9,490,107,43.2,0,0,0
2026-09-13 08:30:00,169.8,492,108,43.9,0,0,0
2026-09-13 08:35:00,166.2,7,78,45.3,0,0,0
2026-09-13 08:40:00,164.9,5,76,43.2,0,0,0
2026-09-13 08:45:00,163.7,7,78,45.9,0,0,0
2026-09-13 08:50:00,165.5,7,74,43.8,0,0,0
2026-09-13 08:55:00,165.6,3,74,44.5,0,0,0
2026-09-13 09:00:00,161.0,5,77,48.0,0,0,0
2026-09-13 09:05:00,160.1,13,75,44.6,0,0,0
2026-09-13 09:10:00,158.0,9,75,44.4,0,0,0
2026-09-13 09:15:00,154.8,8,78,46.7,0,0,0
2026-09-13 09:20:00,152.3,7,76,46.7,0,0,0
2026-09-13 09:25:00,152.4,6,77,45.1,0,0,0
2026-09-13 09:30:00,153.6,11,73,42.4,0,0,0
2026-09-13 09:35:00,153.9,7,71,42.5,0,0,0
2026-09-13 09:40:00,156.9,12,80,43.6,0,0,0
2026-09-13 09:45:00,156.3,10,72,44.5,0,0,0
2026-09-13 09:50:00,149.9,11,79,43.1,0,0,0
2026-09-13 09:55:00,151.8,8,77,43.5,0,0,0
2026-09-13 10:00:00,150.0,5,73,46.7,0,0,0
2026-09-13 10:05:00,148.2,8,76,43.4,0,0,0
2026-09-13 10:10:00,147.8,5,76,43.9,0,0,0
2026-09-13 10:15:00,150.9,8,80,44.1,0,0,0
2026-09-13 10:20:00,147.1,8,76,48.8,0,0,0
2026-09-13 10:25:00,149.0,12,76,41.7,0,0,0
2026-09-13 10:30:00,151.5,7,78,41.4,0,0,0
2026-09-13 10:35:00,151.3,18,80,45.5,0,0,0
2026-09-13 10:40:00,149.9,11,78,45.6,0,0,0
2026-09-13 10:45:00,150.0,0,72,39.6,0,0,0
2026-09-13 10:50:00,151.3,7,76,43.0,0,0,0
2026-09-13 10:55:00,150.8,12,79,43.5,0,0,0
2026-09-13 11:00:00,150.1,1,74,43.0,0,0,0
2026-09-13 11:05:00,148.7,23,75,45.0,0,0,0
2026-09-13 11:10:00,148.6,8,75,42.5,0,0,0
2026-09-13 11:15:00,145.9,3,77,42.6,0,0,0
2026-09-13 11:20:00,146.7,11,75,42.3,0,0,0
2026-09-13 11:25:00,143.9,12,80,43.8,0,0,0
2026-09-13 11:30:00,144.0,15,77,44.0,0,0,0
2026-09-13 11:35:00,142.8,1,73,44.5,0,0,0
2026-09-13 11:40:00,141.0,2,72,46.4,0,0,0
2026-09-13 11:45:00,139.1,489,107,42.8,0,0,0
2026-09-13 11:50:00,138.1,481,105,47.3,0,0,0
2026-09-13 11:55:00,137.4,7,72,45.9,0,0,0
2026-09-13 12:00:00,140.3,18,79,45.0,0,0,0
2026-09-13 12:05:00,143.4,5,79,41.9,0,0,0
2026-09-13 12:10:00,142.6,11,75,47.0,0,0,0
2026-09-13 12:15:00,143.1,12,75,42.1,0,0,0
2026-09-13 12:20:00,143.1,6,75,45.5,0,0,0
2026-09-13 12:25:00,142.8,11,73,45.4,0,0,0
2026-09-13 12:30:00,144.1,6,76,46.4,0,0,0
2026-09-13 12:35:00,147.1,9,74,44.6,0,0,0
2026-09-13 12:40:00,146.4,13,75,43.9,0,0,0
2026-09-13 12:45:00,147.5,6,78,50.9,0,0,0
2026-09-13 12:50:00,147.2,10,73,47.7,0,0,0
2026-09-13 12:55:00,145.6,10,76,43.1,0,0,0
2026-09-13 13:00:00,147.0,9,79,45.6,0,0,0
2026-09-13 13:05:00,145.2,8,78,45.0,0,61,50
2026-09-13 13:10:00,150.1,7,83,48.8,0,0,0
2026-09-13 13:15:00,151.8,11,80,43.0,0,0,0
2026-09-13 13:20:00,155.4,15,80,44.6,0,0,0
2026-09-13 13:25:00,155.1,3,79,44.7,0,0,0
2026-09-13 13:30:00,158.6,4,78,41.4,0,0,0
2026-09-13 13:35:00,156.6,10,76,42.8,0,0,0
2026-09-13 13:40:00,156.6,15,80,45.8,0,0,0
2026-09-13 13:45:00,159.1,9,75,44.4,0,0,0
2026-09-13 13:50:00,159.8,5,75,44.5,0,0,0
2026-09-13 13:55:00,157.9,4,79,44.5,0,0,0
2026-09-13 14:00:00,160.5,2,74,43.4,0,0,0
2026-09-13 14:05:00,160.3,11,75,46.1,0,0,0
2026-09-13 14:10:00,168.9,5,75,44.8,0,0,0
2026-09-13 14:15:00,167.7,9,78,45.0,0,0,0
2026-09-13 14:20:00,165.1,8,75,43.8,0,0,0
2026-09-13 14:25:00,164.7,19,76,45.3,0,0,0
2026-09-13 14:30:00,163.6,5,76,44.5,0,0,0
2026-09-13 14:35:00,157.9,5,76,39.4,0,0,0
2026-09-13 14:40:00,155.8,5,77,45.7,0,0,0
2026-09-13 14:45:00,153.7,4,77,41.9,0,0,0
2026-09-13 14:50:00,150.9,22,75,41.9,0,0,0
2026-09-13 14:55:00,147.2,3,73,48.3,0,0,0
2026-09-13 15:00:00,147.2,5,74,45.6,0,0,0
2026-09-13 15:05:00,145.7,11,79,47.6,0,0,0
2026-09-13 15:10:00,146.8,6,77,41.3,0,0,0
2026-09-13 15:15:00,145.2,10,76,38.5,0,0,0
2026-09-13 15:20:00,145.8,4,76,44.8,0,0,0
2026-09-13 15:25:00,145.0,5,74,47.4,0,0,0
2026-09-13 15:30:00,143.8,9,76,44.5,0,0,0
2026-09-13 15:35:00,145.6,11,75,45.3,0,0,0
2026-09-13 15:40:00,144.3,4,75,43.0,0,0,0
2026-09-13 15:45:00,144.0,5,77,47.2,0,0,0
2026-09-13 15:50:00,144.9,5,77,45.3,0,0,0
2026-09-13 15:55:00,144.9,4,77,46.2,0,0,0
2026-09-13 16:00:00,143.8,15,80,42.8,0,0,0
2026-09-13 16:05:00,144.2,12,75,45.3,0,0,0
2026-09-13 16:10:00,143.5,7,76,45.8,0,0,0
2026-09-13 16:15:00,140.9,17,76,41.5,0,0,0
2026-09-13 16:20:00,140.4,2,76,44.6,0,0,0
2026-09-13 16:25:00,138.1,4,75,41.9,0,0,0
2026-09-13 16:30:00,135.2,9,79,43.6,0,0,0
2026-09-13 16:35:00,134.1,14,78,42.8,0,0,0
2026-09-13 16:40:00,136.2,16,78,44.5,0,0,0
2026-09-13 16:45:00,137.6,12,81,47.2,0,0,0
2026-09-13 16:50:00,136.7,7,75,48.4,0,0,0
2026-09-13 16:55:00,134.0,6,78,43.3,0,0,0
2026-09-13 17:00:00,135.1,5,75,43.3,0,0,0
2026-09-13 17:05:00,137.5,8,77,46.2,0,0,0
2026-09-13 17:10:00,137.9,6,74,44.2,0,0,0
2026-09-13 17:15:00,138.1,11,75,47.4,0,0,0
2026-09-13 17:20:00,136.0,12,74,43.8,0,0,0
2026-09-13 17:25:00,137.2,6,76,41.1,0,0,0
2026-09-13 17:30:00,140.8,13,76,44.1,0,0,0
2026-09-13 17:35:00,141.0,19,81,45.8,0,26,65
2026-09-13 17:40:00,145.7,6,80,44.2,0,0,0
2026-09-13 17:45:00,145.4,17,78,44.7,0,0,0
2026-09-13 17:50:00,145.5,499,109,43.9,0,0,0
2026-09-13 17:55:00,145.0,502,110,45.7,0,0,0
2026-09-13 18:00:00,143.2,6,80,41.0,0,0,0
2026-09-13 18:05:00,143.5,4,77,45.1,0,0,0
2026-09-13 18:10:00,143.9,8,73,43.9,0,0,0
2026-09-13 18:15:00,144.2,3,75,45.4,0,0,0
2026-09-13 18:20:00,146.4,7,73,43.3,0,0,0
2026-09-13 18:25:00,148.0,5,75,41.9,0,0,0
2026-09-13 18:30:00,143.9,7,75,45.5,0,0,0
2026-09-13 18:35:00,139.8,7,82,43.5,0,0,0
2026-09-13 18:40:00,143.3,5,76,47.0,0,0,0
2026-09-13 18:45:00,139.4,4,73,44.7,0,0,0
2026-09-13 18:50:00,137.1,14,78,44.1,0,0,0
2026-09-13 18:55:00,136.7,9,76,41.7,0,0,0
2026-09-13 19:00:00,134.2,6,75,43.5,0,0,0
2026-09-13 19:05:00,153.3,9,76,44.7,0,0,0
2026-09-13 19:10:00,155.3,4,75,45.9,0,0,0
2026-09-13 19:15:00,155.8,21,77,43.4,0,0,0
2026-09-13 19:20:00,156.7,7,74,42.2,0,0,0
2026-09-13 19:25:00,154.1,5,77,45.4,0,0,0
2026-09-13 19:30:00,152.4,5,76,47.5,0,0,0
2026-09-13 19:35:00,149.3,5,75,47.1,0,0,0
2026-09-13 19:40:00,150.1,5,72,43.2,0,0,0
2026-09-13 19:45:00,152.1,11,77,45.2,0,0,0
2026-09-13 19:50:00,149.7,13,76,47.2,0,0,0
2026-09-13 19:55:00,149.1,11,77,47.5,0,0,0
2026-09-13 20:00:00,148.9,9,81,45.0,0,0,0
2026-09-13 20:05:00,150.8,7,77,44.5,0,0,0
2026-09-13 20:10:00,148.4,6,79,43.5,0,105,70
2026-09-13 20:15:00,162.3,9,81,46.2,0,0,0
2026-09-13 20:20:00,167.9,10,78,45.2,0,0,0
2026-09-13 20:25:00,169.9,3,80,43.5,0,0,0
2026-09-13 20:30:00,175.5,14,75,40.5,0,0,0
2026-09-13 20:35:00,175.6,5,81,43.5,0,0,0
2026-09-13 20:40:00,175.6,5,76,44.4,0,0,0
2026-09-13 20:45:00,172.5,5,77,46.6,0,0,0
2026-09-13 20:50:00,174.2,3,74,46.2,0,0,0
2026-09-13 20:55:00,171.3,6,76,44.0,0,0,0
2026-09-13 21:00:00,167.6,2,78,46.4,0,0,0
2026-09-13 21:05:00,162.4,11,74,44.9,0,0,0
2026-09-13 21:10:00,159.1,12,77,42.8,0,0,0
2026-09-13 21:15:00,155.5,13,75,47.5,0,0,0
2026-09-13 21:20:00,154.5,8,79,46.0,0,0,0
2026-09-13 21:25:00,148.3,8,78,43.9,0,0,0
2026-09-13 21:30:00,147.1,10,77,44.4,0,0,0
2026-09-13 21:35:00,140.9,17,75,43.6,0,0,0
2026-09-13 21:40:00,134.5,16,80,43.9,0,0,0
2026-09-13 21:45:00,129.9,3,78,44.9,0,0,0
2026-09-13 21:50:00,126.0,8,74,46.1,0,0,0
2026-09-13 21:55:00,126.7,6,77,41.7,0,0,0
2026-09-13 22:00:00,119.9,8,76,46.9,0,0,0
2026-09-13 22:05:00,117.6,4,73,44.2,0,0,0
2026-09-13 22:10:00,116.6,8,78,48.5,0,0,0
2026-09-13 22:15:00,111.5,8,78,43.3,0,0,0
2026-09-13 22:20:00,111.7,3,72,44.8,0,0,0
2026-09-13 22:25:00,107.3,6,76,47.7,0,0,0
2026-09-13 22:30:00,108.5,8,75,40.3,0,0,0
2026-09-13 22:35:00,105.6,16,79,44.9,0,0,0
2026-09-13 22:40:00,105.6,8,76,45.7,0,0,0
2026-09-13 22:45:00,100.5,2,76,41.6,0,0,0
2026-09-13 22:50:00,100.5,7,76,49.9,0,0,0
2026-09-13 22:55:00,97.7,5,78,46.4,0,0,0
2026-09-13 23:00:00,100.7,6,77,42.4,0,0,0
2026-09-13 23:05:00,100.1,0,67,69.7,1,0,0
2026-09-13 23:10:00,97.4,2,66,75.5,1,0,0
2026-09-13 23:15:00,101.1,0,69,69.3,1,0,0
2026-09-13 23:20:00,100.1,0,67,71.2,1,0,0
2026-09-13 23:25:00,99.2,0,64,70.6,1,0,0
2026-09-13 23:30:00,105.5,0,65,71.4,1,0,0
2026-09-13 23:35:00,112.9,1,72,73.6,1,0,0
2026-09-13 23:40:00,114.6,0,67,70.2,1,0,0
2026-09-13 23:45:00,111.3,0,68,72.2,1,0,0
2026-09-13 23:50:00,112.1,1,67,74.6,1,0,0
2026-09-13 23:55:00,112.8,0,68,71.6,1,0,0
2026-09-14 00:00:00,120.4,0,74,69.7,1,0,0
2026-09-14 00:05:00,121.9,1,65,72.1,1,0,0
2026-09-14 00:10:00,121.3,0,67,68.0,1,0,0
2026-09-14 00:15:00,119.4,0,68,69.5,1,0,0
2026-09-14 00:20:00,121.9,1,68,68.4,1,0,0
2026-09-14 00:25:00,120.8,0,68,67.5,1,0,0
2026-09-14 00:30:00,122.2,0,70,67.7,1,0,0
2026-09-14 00:35:00,120.2,1,70,71.9,1,0,0
2026-09-14 00:40:00,118.2,1,70,68.1,1,0,0
2026-09-14 00:45:00,118.2,2,67,66.3,1,0,0
2026-09-14 00:50:00,119.3,0,65,69.5,1,0,0
2026-09-14 00:55:00,124.1,0,70,68.8,1,0,0
2026-09-14 01:00:00,124.1,0,66,68.3,1,0,0
2026-09-14 01:05:00,124.5,0,66,64.7,1,0,0
2026-09-14 01:10:00,125.8,1,68,68.6,1,0,0
2026-09-14 01:15:00,126.6,0,66,69.9,1,0,0
2026-09-14 01:20:00,131.7,0,70,70.8,1,0,0
2026-09-14 01:25:00,133.4,0,68,67.1,1,0,0
2026-09-14 01:30:00,134.0,1,71,71.8,1,0,0
2026-09-14 01:35:00,133.7,0,71,67.4,1,0,0
2026-09-14 01:40:00,133.2,0,69,68.1,1,0,0
2026-09-14 01:45:00,136.8,1,65,70.6,1,0,0
2026-09-14 01:50:00,141.1,0,66,67.7,1,0,0
2026-09-14 01:55:00,139.0,1,71,68.2,1,0,0
2026-09-14 02:00:00,137.7,1,65,71.0,1,0,0
2026-09-14 02:05:00,136.6,1,68,67.4,1,0,0
2026-09-14 02:10:00,179.5,0,71,72.0,1,0,0
2026-09-14 02:15:00,178.4,0,63,72.0,1,0,0
2026-09-14 02:20:00,180.1,1,74,66.4,1,0,0
2026-09-14 02:25:00,179.1,0,72,67.0,1,0,0
2026-09-14 02:30:00,178.2,0,65,70.4,1,0,0
2026-09-14 02:35:00,173.4,0,68,69.3,1,0,0
2026-09-14 02:40:00,171.8,2,67,68.3,1,0,0
2026-09-14 02:45:00,173.8,0,67,66.6,1,0,0
2026-09-14 02:50:00,174.9,1,71,69.4,1,0,0
2026-09-14 02:55:00,175.7,1,69,70.1,1,0,0
2026-09-14 03:00:00,173.3,0,70,67.7,1,0,0
2026-09-14 03:05:00,174.3,0,72,71.0,1,0,0
2026-09-14 03:10:00,175.0,0,72,71.9,1,0,0
2026-09-14 03:15:00,171.9,0,67,67.3,1,0,0
2026-09-14 03:20:00,174.2,0,68,71.3,1,0,0
2026-09-14 03:25:00,171.0,1,70,69.0,1,0,0
2026-09-14 03:30:00,169.7,0,67,66.6,1,0,0
2026-09-14 03:35:00,169.8,0,66,71.5,1,0,0
2026-09-14 03:40:00,171.7,0,69,70.7,1,0,0
2026-09-14 03:45:00,170.3,0,68,68.6,1,0,0
2026-09-14 03:50:00,174.7,0,70,67.3,1,0,0
2026-09-14 03:55:00,173.4,0,68,69.1,1,0,0
2026-09-14 04:00:00,174.7,0,70,66.3,1,0,0
2026-09-14 04:05:00,176.2,0,68,67.4,1,0,0
2026-09-14 04:10:00,176.3,0,68,69.4,1,0,0
2026-09-14 04:15:00,173.6,0,73,65.8,1,0,0
2026-09-14 04:20:00,171.5,0,67,72.6,1,0,0
2026-09-14 04:25:00,171.7,0,66,68.5,1,0,0
2026-09-14 04:30:00,170.9,0,66,70.3,1,0,0
2026-09-14 04:35:00,171.8,0,66,67.5,1,0,0
2026-09-14 04:40:00,170.3,0,66,70.1,1,0,0
2026-09-14 04:45:00,169.9,1,68,65.5,1,0,0
2026-09-14 04:50:00,169.4,0,71,68.9,1,0,0
2026-09-14 04:55:00,171.8,0,67,68.9,1,0,0
2026-09-14 05:00:00,167.3,0,68,72.3,1,0,0
2026-09-14 05:05:00,166.7,0,67,68.2,1,0,0
2026-09-14 05:10:00,170.0,0,66,69.5,1,0,0
2026-09-14 05:15:00,170.4,1,66,71.0,1,0,0
2026-09-14 05:20:00,168.3,0,70,71.5,1,0,0
2026-09-14 05:25:00,170.8,0,65,67.8,1,0,0
2026-09-14 05:30:00,174.2,0,71,68.8,1,0,0
2026-09-14 05:35:00,174.1,0,65,72.7,1,0,0
2026-09-14 05:40:00,177.2,0,66,66.3,1,0,0
2026-09-14 05:45:00,179.3,0,69,70.1,1,0,0
2026-09-14 05:50:00,177.8,0,69,69.9,1,0,0
2026-09-14 05:55:00,182.1,0,68,69.9,1,0,0
2026-09-14 06:00:00,180.8,0,70,66.8,1,0,0
2026-09-14 06:05:00,182.0,10,75,43.8,0,0,0
2026-09-14 06:10:00,181.0,15,79,38.4,0,0,0
2026-09-14 06:15:00,179.2,9,76,44.6,0,0,0
2026-09-14 06:20:00,181.6,14,78,40.6,0,0,0
2026-09-14 06:25:00,178.4,9,76,42.6,0,0,0
2026-09-14 06:30:00,178.0,6,77,41.0,0,0,0
2026-09-14 06:35:00,180.8,5,78,42.0,0,0,0
2026-09-14 06:40:00,177.3,12,81,41.3,0,0,0
2026-09-14 06:45:00,178.6,13,75,43.1,0,0,0
2026-09-14 06:50:00,179.8,4,78,41.5,0,0,0
2026-09-14 06:55:00,182.1,11,75,38.6,0,0,0
2026-09-14 07:00:00,181.6,6,78,40.2,0,0,0
2026-09-14 07:05:00,180.5,25,78,42.9,0,0,0
2026-09-14 07:10:00,182.6,5,76,41.3,0,0,0
2026-09-14 07:15:00,178.5,8,72,42.0,0,0,0
2026-09-14 07:20:00,176.6,5,76,44.2,0,0,0
2026-09-14 07:25:00,177.8,5,74,43.4,0,0,0
2026-09-14 07:30:00,175.6,8,80,44.0,0,0,0
2026-09-14 07:35:00,180.1,11,78,44.2,0,0,0
2026-09-14 07:40:00,180.3,8,79,43.4,0,0,0
2026-09-14 07:45:00,173.9,11,77,43.6,0,0,0
2026-09-14 07:50:00,175.3,12,77,41.2,0,0,0
2026-09-14 07:55:00,173.7,7,78,40.2,0,33,55
2026-09-14 08:00:00,175.6,9,83,45.3,0,0,0
2026-09-14 08:05:00,177.3,4,84,44.5,0,0,0
2026-09-14 08:10:00,174.0,9,79,41.5,0,0,0
2026-09-14 08:15:00,176.0,7,80,45.9,0,0,0
2026-09-14 08:20:00,177.0,13,77,41.8,0,0,0
2026-09-14 08:25:00,177.1,11,78,43.6,0,0,0
2026-09-14 08:30:00,178.3,3,75,38.9,0,0,0
2026-09-14 08:35:00,180.4,12,77,43.7,0,0,0
2026-09-14 08:40:00,181.0,9,76,40.0,0,0,0
2026-09-14 08:45:00,177.2,15,77,42.8,0,0,0
2026-09-14 08:50:00,178.3,10,77,41.6,0,0,0
2026-09-14 08:55:00,174.5,12,75,41.8,0,0,0
2026-09-14 09:00:00,173.4,9,71,44.8,0,0,0
2026-09-14 09:05:00,170.2,12,76,43.3,0,0,0
2026-09-14 09:10:00,166.5,9,77,45.7,0,0,0
2026-09-14 09:15:00,162.6,6,77,44.4,0,0,0
2026-09-14 09:20:00,163.9,6,76,42.7,0,0,0
2026-09-14 09:25:00,165.4,18,77,39.7,0,0,0
2026-09-14 09:30:00,164.3,4,75,42.8,0,0,0
2026-09-14 09:35:00,165.5,5,77,42.6,0,0,0
2026-09-14 09:40:00,165.4,10,80,39.8,0,0,0
2026-09-14 09:45:00,162.0,15,78,39.1,0,0,0
2026-09-14 09:50:00,161.1,5,75,40.4,0,0,0
2026-09-14 09:55:00,162.2,4,78,42.8,0,0,0
2026-09-14 10:00:00,163.4,9,73,39.7,0,0,0
2026-09-14 10:05:00,164.1,9,80,41.9,0,0,0
2026-09-14 10:10:00,161.2,3,74,41.9,0,0,0
2026-09-14 10:15:00,161.9,8,73,42.5,0,0,0
2026-09-14 10:20:00,159.9,6,79,41.2,0,0,0
2026-09-14 10:25:00,157.8,5,77,42.4,0,0,0
2026-09-14 10:30:00,160.2,6,77,42.8,0,0,0
2026-09-14 10:35:00,161.4,7,79,40.9,0,0,0
2026-09-14 10:40:00,161.1,6,74,40.2,0,0,0
2026-09-14 10:45:00,160.0,5,79,42.0,0,0,0
2026-09-14 10:50:00,158.9,4,77,46.5,0,0,0
2026-09-14 10:55:00,158.6,24,77,41.9,0,0,0
2026-09-14 11:00:00,159.5,14,75,40.6,0,0,0
2026-09-14 11:05:00,159.5,14,77,43.7,0,0,0
2026-09-14 11:10:00,160.8,4,74,40.8,0,0,0
2026-09-14 11:15:00,163.3,4,76,44.0,0,0,0
2026-09-14 11:20:00,163.2,12,78,41.6,0,0,0
2026-09-14 11:25:00,167.7,7,77,38.9,0,0,0
2026-09-14 11:30:00,166.9,9,77,44.7,0,0,0
2026-09-14 11:35:00,165.6,8,77,41.5,0,0,0
2026-09-14 11:40:00,164.9,9,81,43.1,0,0,0
2026-09-14 11:45:00,163.2,12,76,41.9,0,0,0
2026-09-14 11:50:00,163.8,10,76,41.9,0,0,0
2026-09-14 11:55:00,161.9,7,81,43.0,0,0,0
2026-09-14 12:00:00,161.3,8,79,42.0,0,0,0
2026-09-14 12:05:00,159.7,12,76,45.5,0,0,0
2026-09-14 12:10:00,161.4,10,78,39.2,0,0,0
2026-09-14 12:15:00,159.9,7,73,44.0,0,0,0
2026-09-14 12:20:00,156.9,1,77,43.2,0,0,0
2026-09-14 12:25:00,156.7,10,75,43.4,0,0,0
2026-09-14 12:30:00,160.5,11,73,44.8,0,0,0
2026-09-14 12:35:00,160.8,3,76,39.3,0,0,0
2026-09-14 12:40:00,162.3,18,78,43.4,0,0,0
2026-09-14 12:45:00,159.6,9,76,41.6,0,0,0
2026-09-14 12:50:00,160.7,16,76,42.8,0,0,0
2026-09-14 12:55:00,159.2,17,80,38.9,0,0,0
2026-09-14 13:00:00,159.6,7,76,45.0,0,0,0
2026-09-14 13:05:00,159.1,13,77,42.2,0,0,0
2026-09-14 13:10:00,159.1,13,79,40.7,0,0,0
2026-09-14 13:15:00,162.5,6,78,42.5,0,0,0
2026-09-14 13:20:00,165.2,6,79,44.1,0,0,0
2026-09-14 13:25:00,167.8,7,76,41.8,0,0,0
2026-09-14 13:30:00,166.6,13,75,43.1,0,0,0
2026-09-14 13:35:00,166.4,16,81,40.2,0,0,0
2026-09-14 13:40:00,164.9,12,79,40.5,0,55,50
2026-09-14 13:45:00,166.2,13,85,38.8,0,0,0
2026-09-14 13:50:00,168.7,8,77,42.3,0,0,0
2026-09-14 13:55:00,180.2,450,106,45.4,0,0,0
2026-09-14 14:00:00,180.8,453,107,40.8,0,0,0
2026-09-14 14:05:00,181.2,15,79,42.3,0,0,0
2026-09-14 14:10:00,180.7,10,76,42.2,0,0,0
2026-09-14 14:15:00,177.4,7,79,40.8,0,0,0
2026-09-14 14:20:00,181.5,6,75,43.4,0,0,0
2026-09-14 14:25:00,176.6,11,77,42.4,0,0,0
2026-09-14 14:30:00,174.7,8,75,44.1,0,0,0
2026-09-14 14:35:00,173.1,8,74,42.2,0,0,0
2026-09-14 14:40:00,172.2,8,78,43.6,0,0,0
2026-09-14 14:45:00,169.9,10,77,43.7,0,0,0
2026-09-14 14:50:00,166.5,6,77,42.2,0,0,0
2026-09-14 14:55:00,167.1,10,75,43.4,0,0,0
2026-09-14 15:00:00,166.5,5,78,43.5,0,0,0
2026-09-14 15:05:00,165.1,464,105,44.5,0,0,0
2026-09-14 15:10:00,163.9,460,102,45.3,0,0,0
2026-09-14 15:15:00,166.7,456,103,48.3,0,0,0
2026-09-14 15:20:00,164.1,4,79,41.8,0,0,0
2026-09-14 15:25:00,160.4,6,76,44.4,0,0,0
2026-09-14 15:30:00,155.0,8,78,42.6,0,0,0
2026-09-14 15:35:00,151.7,5,73,40.3,0,0,0
2026-09-14 15:40:00,151.9,16,79,42.8,0,0,0
2026-09-14 15:45:00,149.4,9,76,40.4,0,0,0
2026-09-14 15:50:00,146.9,8,76,40.5,0,0,0
2026-09-14 15:55:00,146.3,18,78,37.1,0,0,0
2026-09-14 16:00:00,146.1,8,78,44.3,0,0,0
2026-09-14 16:05:00,151.7,9,75,43.3,0,0,0
2026-09-14 16:10:00,152.5,15,78,40.5,0,0,0
2026-09-14 16:15:00,152.4,6,75,41.5,0,0,0
2026-09-14 16:20:00,152.6,9,77,42.9,0,0,0
2026-09-14 16:25:00,153.7,10,81,41.4,0,0,0
2026-09-14 16:30:00,152.1,4,77,42.0,0,0,0
2026-09-14 16:35:00,151.6,6,73,43.6,0,0,0
2026-09-14 16:40:00,150.3,11,76,42.5,0,0,0
2026-09-14 16:45:00,149.5,9,77,41.3,0,0,0
2026-09-14 16:50:00,148.6,24,78,40.2,0,0,0
2026-09-14 16:55:00,152.6,13,77,44.8,0,0,0
2026-09-14 17:00:00,154.6,11,76,38.4,0,0,0
2026-09-14 17:05:00,155.1,2,77,41.0,0,0,0
2026-09-14 17:10:00,156.8,16,78,43.2,0,0,0
2026-09-14 17:15:00,159.3,8,79,42.5,0,0,0
2026-09-14 17:20:00,160.0,4,75,42.8,0,0,0
2026-09-14 17:25:00,160.7,4,74,43.0,0,0,0
2026-09-14 17:30:00,161.0,9,74,41.3,0,0,0
2026-09-14 17:35:00,160.9,17,78,39.4,0,0,0
2026-09-14 17:40:00,158.8,16,78,41.5,0,0,0
2026-09-14 17:45:00,161.5,12,76,42.3,0,26,65
2026-09-14 17:50:00,164.4,12,85,44.3,0,0,0
2026-09-14 17:55:00,165.4,2,78,41.7,0,0,0
2026-09-14 18:00:00,164.2,7,80,43.4,0,0,0
2026-09-14 18:05:00,161.7,3,77,41.0,0,0,0
2026-09-14 18:10:00,165.1,9,76,39.9,0,0,0
2026-09-14 18:15:00,162.1,8,74,42.5,0,0,0
2026-09-14 18:20:00,163.7,8,76,45.1,0,0,0
2026-09-14 18:25:00,166.8,12,78,39.9,0,0,0
2026-09-14 18:30:00,166.2,4,72,44.5,0,0,0
2026-09-14 18:35:00,163.2,5,76,42.2,0,0,0
2026-09-14 18:40:00,165.8,6,74,39.1,0,0,0
2026-09-14 18:45:00,169.2,5,77,43.1,0,0,0
2026-09-14 18:50:00,167.4,6,76,42.2,0,0,0
2026-09-14 18:55:00,164.6,9,76,43.6,0,0,0
2026-09-14 19:00:00,162.7,13,76,41.4,0,0,0
2026-09-14 19:05:00,164.7,16,74,42.9,0,0,0
2026-09-14 19:10:00,163.4,3,77,40.9,0,0,0
2026-09-14 19:15:00,160.5,1,77,45.9,0,0,0
2026-09-14 19:20:00,163.1,2,78,40.2,0,0,0
2026-09-14 19:25:00,162.5,10,76,43.8,0,0,0
2026-09-14 19:30:00,162.2,8,75,40.5,0,0,0
2026-09-14 19:35:00,161.2,5,76,41.4,0,0,0
2026-09-14 19:40:00,175.7,4,75,39.8,0,0,0
2026-09-14 19:45:00,176.0,9,79,42.8,0,0,0
2026-09-14 19:50:00,174.8,9,75,40.9,0,0,0
2026-09-14 19:55:00,175.6,15,74,46.4,0,0,0
2026-09-14 20:00:00,173.8,11,74,44.1,0,0,0
2026-09-14 20:05:00,173.2,6,77,44.8,0,0,0
2026-09-14 20:10:00,178.2,5,74,43.0,0,0,0
2026-09-14 20:15:00,178.8,17,79,45.2,0,0,0
2026-09-14 20:20:00,180.4,9,77,40.4,0,0,0
2026-09-14 20:25:00,180.2,13,78,43.0,0,0,0
2026-09-14 20:30:00,175.7,15,72,42.1,0,0,0
2026-09-14 20:35:00,176.8,16,77,43.3,0,0,0
2026-09-14 20:40:00,177.8,5,78,42.1,0,0,0
2026-09-14 20:45:00,176.2,11,78,43.9,0,0,0
2026-09-14 20:50:00,180.6,6,75,43.0,0,0,0
2026-09-14 20:55:00,182.6,2,74,42.0,0,0,0
2026-09-14 21:00:00,183.5,10,79,42.1,0,0,0
2026-09-14 21:05:00,183.6,16,78,45.0,0,0,0
2026-09-14 21:10:00,182.6,2,79,43.4,0,0,0
2026-09-14 21:15:00,181.5,8,77,42.9,0,0,0
2026-09-14 21:20:00,181.0,15,77,40.3,0,109,70
2026-09-14 21:25:00,186.8,7,81,42.9,0,0,0
2026-09-14 21:30:00,190.4,12,80,40.4,0,0,0
2026-09-14 21:35:00,193.0,453,106,45.1,0,0,0
2026-09-14 21:40:00,194.3,448,107,43.5,0,0,0
2026-09-14 21:45:00,190.8,4,81,43.2,0,0,0
2026-09-14 21:50:00,191.4,17,80,44.3,0,0,0
2026-09-14 21:55:00,187.8,18,74,42.1,0,0,0
2026-09-14 22:00:00,182.2,6,76,44.8,0,0,0
2026-09-14 22:05:00,178.1,10,80,39.2,0,0,0
2026-09-14 22:10:00,176.2,20,81,45.0,0,0,0
2026-09-14 22:15:00,170.2,8,79,44.1,0,0,0
2026-09-14 22:20:00,163.7,7,76,41.6,0,0,0
2026-09-14 22:25:00,162.2,9,76,39.4,0,0,0
2026-09-14 22:30:00,156.5,5,77,43.3,0,0,0
2026-09-14 22:35:00,152.9,6,75,41.7,0,0,0
2026-09-14 22:40:00,149.2,4,77,40.4,0,0,0
2026-09-14 22:45:00,145.4,6,76,42.0,0,0,0
2026-09-14 22:50:00,143.3,13,78,41.3,0,0,0
2026-09-14 22:55:00,142.6,2,76,42.1,0,0,0
2026-09-14 23:00:00,137.8,8,75,44.6,0,0,0
2026-09-14 23:05:00,134.8,11,75,41.6,0,0,0
2026-09-14 23:10:00,132.1,8,76,42.4,0,0,0
2026-09-14 23:15:00,130.8,5,75,41.1,0,0,0
2026-09-14 23:20:00,129.1,10,78,44.0,0,0,0
2026-09-14 23:25:00,126.3,5,77,42.5,0,0,0
2026-09-14 23:30:00,122.7,3,76,42.4,0,0,0
2026-09-14 23:35:00,120.8,10,77,42.5,0,0,0
2026-09-14 23:40:00,121.8,16,79,42.2,0,0,0
2026-09-14 23:45:00,124.5,10,75,43.0,0,0,0
2026-09-14 23:50:00,126.9,24,79,41.7,0,0,0
2026-09-14 23:55:00,122.9,6,74,44.0,0,0,0
