timestamp,glucose_mgdl,steps,heart_rate,hrv_ms,sleeping,carbs_g,meal_gi
2026-09-01 00:00:00,182.8,1,72,47.8,1,0,0
2026-09-01 00:05:00,182.9,1,75,47.5,1,0,0
2026-09-01 00:10:00,180.3,0,69,46.6,1,0,0
2026-09-01 00:15:00,177.9,0,74,49.8,1,0,0
2026-09-01 00:20:00,179.7,0,71,47.7,1,0,0
2026-09-01 00:25:00,182.3,0,73,50.0,1,0,0
2026-09-01 00:30:00,179.0,0,72,48.9,1,0,0
2026-09-01 00:35:00,177.6,0,72,51.3,1,0,0
2026-09-01 00:40:00,175.5,0,74,50.3,1,0,0
2026-09-01 00:45:00,174.9,0,72,49.2,1,0,0
2026-09-01 00:50:00,175.7,0,72,47.6,1,0,0
2026-09-01 00:55:00,173.5,1,73,46.9,1,0,0
2026-09-01 01:00:00,172.3,0,74,46.0,1,0,0
2026-09-01 01:05:00,167.8,0,68,47.7,1,0,0
2026-09-01 01:10:00,168.8,1,76,45.9,1,0,0
2026-09-01 01:15:00,169.9,0,75,48.7,1,0,0
2026-09-01 01:20:00,170.6,1,71,49.9,1,0,0
2026-09-01 01:25:00,175.2,0,74,46.2,1,0,0
2026-09-01 01:30:00,175.6,1,74,45.1,1,0,0
2026-09-01 01:35:00,175.0,0,74,48.1,1,0,0
2026-09-01 01:40:00,176.8,0,73,48.0,1,0,0
2026-09-01 01:45:00,173.8,0,75,47.7,1,0,0
2026-09-01 01:50:00,175.9,0,71,49.1,1,0,0
2026-09-01 01:55:00,175.5,1,77,47.8,1,0,0
2026-09-01 02:00:00,175.7,0,70,47.4,1,0,0
2026-09-01 02:05:00,177.8,0,73,50.1,1,0,0
2026-09-01 02:10:00,179.3,0,73,48.7,1,0,0
2026-09-01 02:15:00,176.3,0,71,46.9,1,0,0
2026-09-01 02:20:00,177.1,1,72,52.4,1,0,0
2026-09-01 02:25:00,179.2,0,74,50.5,1,0,0
2026-09-01 02:30:00,176.0,1,76,48.5,1,0,0
2026-09-01 02:35:00,172.5,1,76,45.9,1,0,0
2026-09-01 02:40:00,173.0,0,74,47.3,1,0,0
2026-09-01 02:45:00,173.9,1,76,46.3,1,0,0
2026-09-01 02:50:00,171.4,0,77,47.1,1,0,0
2026-09-01 02:55:00,174.1,0,70,50.4,1,0,0
2026-09-01 03:00:00,175.4,0,73,49.3,1,0,0
2026-09-01 03:05:00,175.2,2,73,46.6,1,0,0
2026-09-01 03:10:00,175.8,0,73,51.1,1,0,0
2026-09-01 03:15:00,174.3,0,75,47.2,1,0,0
2026-09-01 03:20:00,174.8,1,75,48.5,1,0,0
2026-09-01 03:25:00,175.6,0,74,49.9,1,0,0
2026-09-01 03:30:00,177.8,0,73,49.2,1,0,0
2026-09-01 03:35:00,177.2,0,73,47.8,1,0,0
2026-09-01 03:40:00,175.4,0,72,44.9,1,0,0
2026-09-01 03:45:00,173.7,0,76,45.5,1,0,0
2026-09-01 03:50:00,176.5,0,72,50.8,1,0,0
2026-09-01 03:55:00,174.1,1,73,49.4,1,0,0
2026-09-01 04:00:00,177.1,0,72,49.1,1,0,0
2026-09-01 04:05:00,175.7,0,76,48.2,1,0,0
2026-09-01 04:10:00,183.1,0,75,52.1,1,0,0
2026-09-01 04:15:00,181.7,0,75,50.3,1,0,0
2026-09-01 04:20:00,183.5,0,72,47.5,1,0,0
2026-09-01 04:25:00,183.4,0,72,49.9,1,0,0
2026-09-01 04:30:00,183.3,1,70,49.8,1,0,0
2026-09-01 04:35:00,183.6,1,72,47.3,1,0,0
2026-09-01 04:40:00,183.0,1,73,47.5,1,0,0
2026-09-01 04:45:00,185.9,0,74,48.8,1,0,0
2026-09-01 04:50:00,180.9,0,75,46.2,1,0,0
2026-09-01 04:55:00,183.2,0,73,47.3,1,0,0
2026-09-01 05:00:00,181.1,1,75,49.2,1,0,0
2026-09-01 05:05:00,182.7,0,74,43.9,1,0,0
2026-09-01 05:10:00,183.0,0,74,48.2,1,0,0
2026-09-01 05:15:00,180.6,0,76,46.7,1,0,0
2026-09-01 05:20:00,182.4,0,71,44.9,1,0,0
2026-09-01 05:25:00,181.3,1,72,50.4,1,0,0
2026-09-01 05:30:00,183.0,0,70,45.8,1,0,0
2026-09-01 05:35:00,181.4,0,74,51.4,1,0,0
2026-09-01 05:40:00,182.2,0,72,50.3,1,0,0
2026-09-01 05:45:00,183.1,0,74,48.1,1,0,0
2026-09-01 05:50:00,185.5,0,75,46.8,1,0,0
2026-09-01 05:55:00,186.8,0,72,50.1,1,0,0
2026-09-01 06:00:00,185.8,0,78,49.1,1,0,0
2026-09-01 06:05:00,191.4,1,73,47.7,1,0,0
2026-09-01 06:10:00,191.1,0,74,49.3,1,0,0
2026-09-01 06:15:00,189.4,0,74,49.4,1,0,0
2026-09-01 06:20:00,191.9,0,75,46.5,1,0,0
2026-09-01 06:25:00,192.7,10,83,30.3,0,0,0
2026-09-01 06:30:00,193.0,16,81,30.3,0,0,0
2026-09-01 06:35:00,192.0,25,82,25.7,0,0,0
2026-09-01 06:40:00,192.6,35,81,32.2,0,0,0
2026-09-01 06:45:00,195.4,31,84,28.0,0,0,0
2026-09-01 06:50:00,195.0,14,79,31.1,0,0,0
2026-09-01 06:55:00,193.2,38,82,31.4,0,0,0
2026-09-01 07:00:00,194.2,39,86,30.5,0,0,0
2026-09-01 07:05:00,191.3,31,83,26.3,0,0,0
2026-09-01 07:10:00,191.4,34,85,32.1,0,0,0
2026-09-01 07:15:00,189.9,21,83,30.5,0,0,0
2026-09-01 07:20:00,187.0,22,83,26.9,0,0,0
2026-09-01 07:25:00,184.6,12,82,26.5,0,0,0
2026-09-01 07:30:00,188.0,26,77,29.0,0,0,0
2026-09-01 07:35:00,187.3,13,84,29.3,0,61,78
2026-09-01 07:40:00,199.8,5,83,30.1,0,0,0
2026-09-01 07:45:00,209.3,31,88,28.4,0,0,0
2026-09-01 07:50:00,218.1,20,84,32.2,0,0,0
2026-09-01 07:55:00,221.6,16,84,29.1,0,0,0
2026-09-01 08:00:00,228.6,39,87,24.0,0,0,0
2026-09-01 08:05:00,234.7,18,82,25.6,0,0,0
2026-09-01 08:10:00,240.3,41,83,26.7,0,0,0
2026-09-01 08:15:00,242.3,40,85,28.9,0,0,0
2026-09-01 08:20:00,240.6,19,84,29.8,0,0,0
2026-09-01 08:25:00,241.2,37,83,31.2,0,0,0
2026-09-01 08:30:00,238.2,27,81,29.6,0,0,0
2026-09-01 08:35:00,234.9,27,85,31.7,0,0,0
2026-09-01 08:40:00,231.3,31,83,31.0,0,0,0
2026-09-01 08:45:00,232.2,35,77,27.1,0,0,0
2026-09-01 08:50:00,229.7,33,81,26.9,0,0,0
2026-09-01 08:55:00,227.7,16,81,26.7,0,0,0
2026-09-01 09:00:00,230.7,21,83,32.0,0,0,0
2026-09-01 09:05:00,226.2,17,79,26.8,0,0,0
2026-09-01 09:10:00,223.2,22,82,29.4,0,0,0
2026-09-01 09:15:00,218.8,26,86,32.3,0,0,0
2026-09-01 09:20:00,217.9,27,80,28.7,0,0,0
2026-09-01 09:25:00,214.0,29,83,29.0,0,0,0
2026-09-01 09:30:00,211.0,15,81,28.6,0,0,0
2026-09-01 09:35:00,213.8,14,81,30.2,0,0,0
2026-09-01 09:40:00,209.6,26,84,28.4,0,0,0
2026-09-01 09:45:00,206.5,14,84,29.9,0,0,0
2026-09-01 09:50:00,203.5,31,83,31.3,0,0,0
2026-09-01 09:55:00,205.6,27,81,31.4,0,0,0
2026-09-01 10:00:00,202.8,23,83,28.4,0,0,0
2026-09-01 10:05:00,199.4,34,82,31.0,0,0,0
2026-09-01 10:10:00,195.6,17,82,29.3,0,0,0
2026-09-01 10:15:00,192.2,19,81,28.4,0,0,0
2026-09-01 10:20:00,188.3,28,84,26.3,0,0,0
2026-09-01 10:25:00,182.7,25,84,32.3,0,0,0
2026-09-01 10:30:00,181.3,26,84,32.9,0,0,0
2026-09-01 10:35:00,183.9,37,83,28.7,0,0,0
2026-09-01 10:40:00,187.7,21,83,30.2,0,0,0
2026-09-01 10:45:00,186.5,24,83,29.6,0,0,0
2026-09-01 10:50:00,187.2,17,80,29.1,0,0,0
2026-09-01 10:55:00,184.4,17,77,29.0,0,0,0
2026-09-01 11:00:00,182.7,29,87,29.6,0,0,0
2026-09-01 11:05:00,182.4,45,84,32.4,0,0,0
2026-09-01 11:10:00,183.1,4,81,30.9,0,0,0
2026-09-01 11:15:00,182.6,60,86,28.8,0,0,0
2026-09-01 11:20:00,182.4,22,80,31.3,0,0,0
2026-09-01 11:25:00,180.4,17,85,25.0,0,0,0
2026-09-01 11:30:00,182.2,15,84,27.2,0,0,0
2026-09-01 11:35:00,180.8,30,82,26.4,0,0,0
2026-09-01 11:40:00,183.8,13,83,27.2,0,0,0
2026-09-01 11:45:00,179.1,16,82,27.2,0,0,0
2026-09-01 11:50:00,178.0,17,82,29.3,0,0,0
2026-09-01 11:55:00,184.3,10,82,29.7,0,0,0
2026-09-01 12:00:00,185.7,17,81,31.2,0,0,0
2026-09-01 12:05:00,188.9,13,84,32.9,0,0,0
2026-09-01 12:10:00,188.9,11,84,32.4,0,0,0
2026-09-01 12:15:00,189.7,26,84,31.1,0,0,0
2026-09-01 12:20:00,189.0,41,85,29.3,0,0,0
2026-09-01 12:25:00,192.9,35,83,29.4,0,0,0
2026-09-01 12:30:00,187.5,33,81,28.3,0,0,0
2026-09-01 12:35:00,182.4,35,83,27.9,0,0,0
2026-09-01 12:40:00,178.7,17,85,32.0,0,0,0
2026-09-01 12:45:00,183.2,24,81,28.3,0,0,0
2026-09-01 12:50:00,184.3,25,80,29.5,0,0,0
2026-09-01 12:55:00,185.7,38,82,29.9,0,0,0
2026-09-01 13:00:00,188.8,25,84,28.1,0,0,0
2026-09-01 13:05:00,187.0,19,83,29.0,0,0,0
2026-09-01 13:10:00,186.9,29,83,30.8,0,0,0
2026-09-01 13:15:00,183.0,27,79,30.2,0,0,0
2026-09-01 13:20:00,182.7,9,81,28.7,0,0,0
2026-09-01 13:25:00,184.0,6,83,28.8,0,89,70
2026-09-01 13:30:00,205.9,15,84,29.6,0,0,0
2026-09-01 13:35:00,219.9,15,85,31.9,0,0,0
2026-09-01 13:40:00,232.6,19,85,29.6,0,0,0
2026-09-01 13:45:00,240.9,9,85,26.9,0,0,0
2026-09-01 13:50:00,248.9,22,86,33.6,0,0,0
2026-09-01 13:55:00,249.8,17,79,28.1,0,0,0
2026-09-01 14:00:00,251.5,33,84,28.6,0,0,0
2026-09-01 14:05:00,255.3,15,85,26.1,0,0,0
2026-09-01 14:10:00,254.9,27,82,31.2,0,0,0
2026-09-01 14:15:00,253.6,48,83,26.9,0,0,0
2026-09-01 14:20:00,250.4,16,79,30.6,0,0,0
2026-09-01 14:25:00,250.6,28,85,32.0,0,0,0
2026-09-01 14:30:00,249.1,11,80,29.3,0,0,0
2026-09-01 14:35:00,246.4,46,82,29.7,0,0,0
2026-09-01 14:40:00,241.6,20,81,31.7,0,0,0
2026-09-01 14:45:00,239.4,25,82,27.5,0,0,0
2026-09-01 14:50:00,237.1,40,83,27.9,0,0,0
2026-09-01 14:55:00,233.2,29,82,30.9,0,0,0
2026-09-01 15:00:00,231.2,20,86,24.1,0,0,0
2026-09-01 15:05:00,226.3,37,81,28.4,0,0,0
2026-09-01 15:10:00,228.4,14,78,28.2,0,0,0
2026-09-01 15:15:00,227.5,37,82,28.4,0,0,0
2026-09-01 15:20:00,223.4,36,85,29.5,0,0,0
2026-09-01 15:25:00,218.7,37,81,30.5,0,0,0
2026-09-01 15:30:00,214.6,33,82,26.8,0,0,0
2026-09-01 15:35:00,212.8,8,84,30.4,0,0,0
2026-09-01 15:40:00,208.3,20,79,28.1,0,0,0
2026-09-01 15:45:00,209.3,3,81,32.0,0,0,0
2026-09-01 15:50:00,206.6,16,83,27.6,0,0,0
2026-09-01 15:55:00,207.4,35,82,33.1,0,0,0
2026-09-01 16:00:00,203.7,16,85,27.6,0,0,0
2026-09-01 16:05:00,204.4,23,84,28.8,0,0,0
2026-09-01 16:10:00,203.2,14,84,30.5,0,0,0
2026-09-01 16:15:00,200.4,9,80,30.3,0,0,0
2026-09-01 16:20:00,195.7,61,85,29.5,0,0,0
2026-09-01 16:25:00,195.3,10,81,28.9,0,0,0
2026-09-01 16:30:00,197.3,19,84,27.8,0,0,0
2026-09-01 16:35:00,196.1,29,84,35.5,0,0,0
2026-09-01 16:40:00,195.4,37,83,30.5,0,0,0
2026-09-01 16:45:00,195.0,31,86,30.2,0,0,0
2026-09-01 16:50:00,192.8,37,79,30.4,0,0,0
2026-09-01 16:55:00,189.9,20,82,29.2,0,0,0
2026-09-01 17:00:00,188.6,12,83,30.5,0,0,0
2026-09-01 17:05:00,187.6,25,82,29.3,0,0,0
2026-09-01 17:10:00,188.0,23,84,27.9,0,17,50
2026-09-01 17:15:00,188.1,29,86,30.5,0,0,0
2026-09-01 17:20:00,189.8,23,86,29.6,0,0,0
2026-09-01 17:25:00,191.5,24,86,27.3,0,0,0
2026-09-01 17:30:00,193.5,18,83,28.1,0,0,0
2026-09-01 17:35:00,194.7,33,87,30.5,0,0,0
2026-09-01 17:40:00,202.3,13,83,27.3,0,0,0
2026-09-01 17:45:00,199.6,16,83,29.0,0,0,0
2026-09-01 17:50:00,197.2,17,84,28.3,0,0,0
2026-09-01 17:55:00,200.3,32,84,30.7,0,0,0
2026-09-01 18:00:00,198.7,58,81,29.9,0,0,0
2026-09-01 18:05:00,198.0,9,83,31.4,0,0,0
2026-09-01 18:10:00,195.5,437,109,30.8,0,0,0
2026-09-01 18:15:00,195.6,452,110,30.7,0,0,0
2026-09-01 18:20:00,192.1,21,76,27.3,0,0,0
2026-09-01 18:25:00,191.7,16,82,32.5,0,0,0
2026-09-01 18:30:00,189.9,28,81,31.4,0,0,0
2026-09-01 18:35:00,191.8,15,79,27.2,0,0,0
2026-09-01 18:40:00,190.0,19,80,29.5,0,0,0
2026-09-01 18:45:00,190.1,50,88,31.4,0,0,0
2026-09-01 18:50:00,188.5,23,82,33.4,0,0,0
2026-09-01 18:55:00,190.0,15,82,27.4,0,0,0
2026-09-01 19:00:00,193.7,18,82,31.8,0,0,0
2026-09-01 19:05:00,197.4,21,82,30.1,0,0,0
2026-09-01 19:10:00,197.1,30,83,30.9,0,0,0
2026-09-01 19:15:00,201.5,25,81,26.0,0,0,0
2026-09-01 19:20:00,197.3,29,84,29.2,0,0,0
2026-09-01 19:25:00,196.1,9,84,29.0,0,0,0
2026-09-01 19:30:00,194.7,76,82,29.3,0,0,0
2026-09-01 19:35:00,191.9,33,82,28.9,0,0,0
2026-09-01 19:40:00,196.4,19,81,30.3,0,0,0
2026-09-01 19:45:00,198.6,11,81,30.7,0,0,0
2026-09-01 19:50:00,197.5,74,87,30.2,0,0,0
2026-09-01 19:55:00,191.6,12,86,27.1,0,0,0
2026-09-01 20:00:00,189.0,20,80,28.9,0,0,0
2026-09-01 20:05:00,186.1,26,85,30.6,0,0,0
2026-09-01 20:10:00,187.2,44,85,31.2,0,0,0
2026-09-01 20:15:00,184.1,21,81,29.1,0,0,0
2026-09-01 20:20:00,184.7,19,87,28.8,0,0,0
2026-09-01 20:25:00,184.5,31,83,32.9,0,0,0
2026-09-01 20:30:00,185.0,34,82,25.8,0,0,0
2026-09-01 20:35:00,186.2,39,80,30.2,0,0,0
2026-09-01 20:40:00,189.4,16,84,31.4,0,0,0
2026-09-01 20:45:00,192.4,31,86,29.6,0,0,0
2026-09-01 20:50:00,194.2,17,86,28.7,0,52,55
2026-09-01 20:55:00,203.4,22,83,27.5,0,0,0
2026-09-01 21:00:00,207.2,21,86,31.7,0,0,0
2026-09-01 21:05:00,211.3,22,83,32.2,0,0,0
2026-09-01 21:10:00,213.9,46,83,33.4,0,0,0
2026-09-01 21:15:00,219.5,37,87,29.7,0,0,0
2026-09-01 21:20:00,219.3,28,84,31.0,0,0,0
2026-09-01 21:25:00,218.3,13,82,29.6,0,0,0
2026-09-01 21:30:00,219.3,17,80,27.2,0,0,0
2026-09-01 21:35:00,219.3,13,83,28.4,0,0,0
2026-09-01 21:40:00,215.5,30,82,28.1,0,0,0
2026-09-01 21:45:00,217.3,17,81,28.6,0,0,0
2026-09-01 21:50:00,214.9,30,82,33.3,0,0,0
2026-09-01 21:55:00,214.9,25,81,28.3,0,0,0
2026-09-01 22:00:00,216.6,18,80,28.9,0,0,0
2026-09-01 22:05:00,211.7,17,82,29.3,0,0,0
2026-09-01 22:10:00,211.3,10,82,29.8,0,0,0
2026-09-01 22:15:00,213.9,27,81,30.2,0,0,0
2026-09-01 22:20:00,210.4,12,79,30.9,0,0,0
2026-09-01 22:25:00,209.5,29,83,28.1,0,0,0
2026-09-01 22:30:00,203.5,24,82,36.0,0,0,0
2026-09-01 22:35:00,201.5,18,82,31.7,0,0,0
2026-09-01 22:40:00,195.9,23,81,26.3,0,0,0
2026-09-01 22:45:00,196.2,31,82,34.4,0,0,0
2026-09-01 22:50:00,196.6,22,88,28.9,0,0,0
2026-09-01 22:55:00,195.0,13,79,29.5,0,0,0
2026-09-01 23:00:00,197.8,16,79,30.2,0,0,0
2026-09-01 23:05:00,195.8,35,84,28.5,0,0,0
2026-09-01 23:10:00,192.4,25,79,36.4,0,0,0
2026-09-01 23:15:00,193.2,4,79,28.8,0,0,0
2026-09-01 23:20:00,192.0,19,89,29.4,0,0,0
2026-09-01 23:25:00,189.6,20,81,33.7,0,0,0
2026-09-01 23:30:00,189.8,17,78,27.9,0,0,0
2026-09-01 23:35:00,188.2,27,83,33.3,0,0,0
2026-09-01 23:40:00,184.2,24,81,29.8,0,0,0
2026-09-01 23:45:00,183.9,18,84,32.7,0,0,0
2026-09-01 23:50:00,185.2,26,83,30.3,0,0,0
2026-09-01 23:55:00,185.6,15,84,31.7,0,0,0
2026-09-02 00:00:00,184.8,19,82,27.9,0,0,0
2026-09-02 00:05:00,184.8,21,80,30.3,0,0,0
2026-09-02 00:10:00,183.6,18,83,30.1,0,0,0
2026-09-02 00:15:00,182.9,26,83,27.0,0,0,0
2026-09-02 00:20:00,184.3,0,73,46.3,1,0,0
2026-09-02 00:25:00,188.4,2,72,49.3,1,0,0
2026-09-02 00:30:00,184.4,0,72,47.9,1,0,0
2026-09-02 00:35:00,184.8,2,72,49.7,1,0,0
2026-09-02 00:40:00,185.8,0,75,47.2,1,0,0
2026-09-02 00:45:00,182.9,0,71,43.6,1,0,0
2026-09-02 00:50:00,179.9,0,72,47.7,1,0,0
2026-09-02 00:55:00,180.6,1,72,47.7,1,0,0
2026-09-02 01:00:00,181.5,0,72,49.9,1,0,0
2026-09-02 01:05:00,186.6,0,74,47.9,1,0,0
2026-09-02 01:10:00,185.3,0,73,47.3,1,0,0
2026-09-02 01:15:00,188.8,0,73,46.4,1,0,0
2026-09-02 01:20:00,187.9,0,70,48.5,1,0,0
2026-09-02 01:25:00,187.8,0,75,48.7,1,0,0
2026-09-02 01:30:00,185.8,0,71,47.9,1,0,0
2026-09-02 01:35:00,186.7,0,71,45.5,1,0,0
2026-09-02 01:40:00,185.2,0,72,50.3,1,0,0
2026-09-02 01:45:00,183.3,0,76,47.9,1,0,0
2026-09-02 01:50:00,182.7,1,76,47.3,1,0,0
2026-09-02 01:55:00,185.9,1,74,47.0,1,0,0
2026-09-02 02:00:00,185.8,0,73,49.8,1,0,0
2026-09-02 02:05:00,187.4,0,75,46.0,1,0,0
2026-09-02 02:10:00,185.1,1,75,46.0,1,0,0
2026-09-02 02:15:00,182.0,0,69,45.2,1,0,0
2026-09-02 02:20:00,186.6,1,75,47.2,1,0,0
2026-09-02 02:25:00,187.0,2,74,48.9,1,0,0
2026-09-02 02:30:00,186.3,1,74,42.5,1,0,0
2026-09-02 02:35:00,187.2,1,74,46.1,1,0,0
2026-09-02 02:40:00,187.4,0,74,45.5,1,0,0
2026-09-02 02:45:00,186.1,0,70,50.0,1,0,0
2026-09-02 02:50:00,187.1,0,74,46.9,1,0,0
2026-09-02 02:55:00,186.5,0,76,48.3,1,0,0
2026-09-02 03:00:00,188.5,0,72,46.2,1,0,0
2026-09-02 03:05:00,187.5,1,73,49.9,1,0,0
2026-09-02 03:10:00,190.3,0,76,45.7,1,0,0
2026-09-02 03:15:00,186.6,0,73,50.2,1,0,0
2026-09-02 03:20:00,185.6,0,72,47.8,1,0,0
2026-09-02 03:25:00,188.0,0,70,45.8,1,0,0
2026-09-02 03:30:00,187.6,0,73,45.9,1,0,0
2026-09-02 03:35:00,187.3,0,77,47.8,1,0,0
2026-09-02 03:40:00,190.9,1,74,44.3,1,0,0
2026-09-02 03:45:00,191.6,0,72,49.3,1,0,0
2026-09-02 03:50:00,190.4,0,74,48.7,1,0,0
2026-09-02 03:55:00,189.7,0,71,51.3,1,0,0
2026-09-02 04:00:00,191.6,0,74,53.3,1,0,0
2026-09-02 04:05:00,194.2,0,73,49.1,1,0,0
2026-09-02 04:10:00,195.0,0,71,45.9,1,0,0
2026-09-02 04:15:00,197.3,0,74,47.3,1,0,0
2026-09-02 04:20:00,195.0,0,71,46.6,1,0,0
2026-09-02 04:25:00,190.4,0,68,49.6,1,0,0
2026-09-02 04:30:00,192.6,1,69,48.5,1,0,0
2026-09-02 04:35:00,192.1,0,73,45.4,1,0,0
2026-09-02 04:40:00,194.3,0,72,49.3,1,0,0
2026-09-02 04:45:00,193.5,0,73,48.6,1,0,0
2026-09-02 04:50:00,194.3,1,76,50.5,1,0,0
2026-09-02 04:55:00,192.8,0,72,49.0,1,0,0
2026-09-02 05:00:00,193.1,2,72,48.1,1,0,0
2026-09-02 05:05:00,192.7,0,71,45.1,1,0,0
2026-09-02 05:10:00,190.9,0,73,44.1,1,0,0
2026-09-02 05:15:00,189.2,0,69,51.2,1,0,0
2026-09-02 05:20:00,190.8,0,74,49.1,1,0,0
2026-09-02 05:25:00,192.2,0,72,46.4,1,0,0
2026-09-02 05:30:00,192.3,1,72,46.1,1,0,0
2026-09-02 05:35:00,191.7,0,71,49.9,1,0,0
2026-09-02 05:40:00,196.6,2,74,50.9,1,0,0
2026-09-02 05:45:00,196.7,0,72,49.9,1,0,0
2026-09-02 05:50:00,194.7,0,76,45.6,1,0,0
2026-09-02 05:55:00,194.3,0,73,45.2,1,0,0
2026-09-02 06:00:00,192.7,0,70,51.3,1,0,0
2026-09-02 06:05:00,192.1,0,76,48.7,1,0,0
2026-09-02 06:10:00,192.3,0,73,48.8,1,0,0
2026-09-02 06:15:00,196.4,15,80,27.3,0,0,0
2026-09-02 06:20:00,194.3,15,81,32.1,0,0,0
2026-09-02 06:25:00,194.1,30,87,30.0,0,0,0
2026-09-02 06:30:00,194.1,20,80,31.0,0,0,0
2026-09-02 06:35:00,191.2,12,83,27.7,0,0,0
2026-09-02 06:40:00,193.1,33,80,31.3,0,0,0
2026-09-02 06:45:00,193.5,23,84,30.5,0,0,0
2026-09-02 06:50:00,190.5,18,85,28.1,0,0,0
2026-09-02 06:55:00,192.7,25,80,29.3,0,0,0
2026-09-02 07:00:00,189.6,35,84,28.3,0,0,0
2026-09-02 07:05:00,191.3,21,82,26.4,0,0,0
2026-09-02 07:10:00,189.1,40,84,32.7,0,0,0
2026-09-02 07:15:00,188.8,27,83,29.6,0,0,0
2026-09-02 07:20:00,185.8,28,81,31.1,0,0,0
2026-09-02 07:25:00,184.7,31,87,32.5,0,0,0
2026-09-02 07:30:00,184.4,17,84,23.8,0,0,0
2026-09-02 07:35:00,183.8,35,88,26.5,0,0,0
2026-09-02 07:40:00,180.6,22,86,28.3,0,0,0
2026-09-02 07:45:00,181.5,19,79,28.5,0,0,0
2026-09-02 07:50:00,180.8,31,81,27.2,0,0,0
2026-09-02 07:55:00,181.9,41,82,28.1,0,0,0
2026-09-02 08:00:00,183.6,46,83,28.5,0,0,0
2026-09-02 08:05:00,180.3,10,83,27.5,0,0,0
2026-09-02 08:10:00,178.7,23,82,32.7,0,0,0
2026-09-02 08:15:00,179.5,25,88,31.4,0,57,65
2026-09-02 08:20:00,184.1,39,86,27.4,0,0,0
2026-09-02 08:25:00,191.6,47,86,31.8,0,0,0
2026-09-02 08:30:00,196.7,549,113,34.4,0,0,0
2026-09-02 08:35:00,198.2,530,118,30.3,0,0,0
2026-09-02 08:40:00,201.6,15,85,32.4,0,0,0
2026-09-02 08:45:00,205.2,19,81,29.4,0,0,0
2026-09-02 08:50:00,206.3,42,83,28.3,0,0,0
2026-09-02 08:55:00,208.2,22,82,26.8,0,0,0
2026-09-02 09:00:00,211.2,17,83,29.5,0,0,0
2026-09-02 09:05:00,213.1,20,87,32.2,0,0,0
2026-09-02 09:10:00,208.4,19,84,29.2,0,0,0
2026-09-02 09:15:00,202.7,29,83,27.5,0,0,0
2026-09-02 09:20:00,197.0,14,83,28.5,0,0,0
2026-09-02 09:25:00,194.3,33,82,29.3,0,0,0
2026-09-02 09:30:00,191.8,33,83,29.0,0,0,0
2026-09-02 09:35:00,193.9,45,82,28.0,0,0,0
2026-09-02 09:40:00,193.1,34,84,31.5,0,0,0
2026-09-02 09:45:00,195.8,21,84,26.9,0,0,0
2026-09-02 09:50:00,196.7,26,79,33.2,0,0,0
2026-09-02 09:55:00,198.1,30,81,33.0,0,0,0
2026-09-02 10:00:00,200.1,44,85,32.2,0,0,0
2026-09-02 10:05:00,198.3,28,85,26.0,0,0,0
2026-09-02 10:10:00,193.9,16,83,29.5,0,0,0
2026-09-02 10:15:00,193.8,23,82,31.0,0,0,0
2026-09-02 10:20:00,194.7,12,81,31.6,0,0,0
2026-09-02 10:25:00,194.5,21,80,25.7,0,0,0
2026-09-02 10:30:00,194.8,31,86,32.2,0,0,0
2026-09-02 10:35:00,192.6,34,84,27.7,0,0,0
2026-09-02 10:40:00,193.2,34,90,30.9,0,0,0
2026-09-02 10:45:00,191.3,15,85,26.2,0,0,0
2026-09-02 10:50:00,194.7,18,81,30.4,0,0,0
2026-09-02 10:55:00,197.0,21,83,30.8,0,0,0
2026-09-02 11:00:00,197.0,23,83,29.3,0,0,0
2026-09-02 11:05:00,197.0,291,100,27.8,0,0,0
2026-09-02 11:10:00,195.0,285,95,32.8,0,0,0
2026-09-02 11:15:00,195.2,22,82,24.3,0,0,0
2026-09-02 11:20:00,186.7,20,78,31.0,0,0,0
2026-09-02 11:25:00,185.9,24,83,28.5,0,0,0
2026-09-02 11:30:00,190.3,6,79,31.8,0,0,0
2026-09-02 11:35:00,192.2,22,82,27.0,0,0,0
2026-09-02 11:40:00,190.6,23,83,28.3,0,0,0
2026-09-02 11:45:00,189.8,33,86,31.1,0,0,0
2026-09-02 11:50:00,188.1,23,83,29.5,0,0,0
2026-09-02 11:55:00,188.0,46,82,26.8,0,0,0
2026-09-02 12:00:00,186.7,19,84,31.9,0,0,0
2026-09-02 12:05:00,189.6,17,80,28.3,0,0,0
2026-09-02 12:10:00,186.2,24,84,26.3,0,0,0
2026-09-02 12:15:00,184.9,28,79,25.6,0,0,0
2026-09-02 12:20:00,185.8,24,81,28.1,0,0,0
2026-09-02 12:25:00,184.7,11,83,30.7,0,0,0
2026-09-02 12:30:00,183.7,28,81,32.1,0,0,0
2026-09-02 12:35:00,185.5,55,83,28.4,0,0,0
2026-09-02 12:40:00,187.1,41,81,30.4,0,0,0
2026-09-02 12:45:00,186.4,21,82,30.1,0,0,0
2026-09-02 12:50:00,186.3,11,81,27.2,0,0,0
2026-09-02 12:55:00,187.8,44,86,26.2,0,0,0
2026-09-02 13:00:00,188.6,28,78,26.7,0,0,0
2026-09-02 13:05:00,184.3,13,82,31.3,0,0,0
2026-09-02 13:10:00,185.5,27,85,29.8,0,0,0
2026-09-02 13:15:00,183.8,9,82,33.1,0,0,0
2026-09-02 13:20:00,183.3,18,81,31.0,0,0,0
2026-09-02 13:25:00,182.8,25,84,29.6,0,0,0
2026-09-02 13:30:00,181.9,20,84,27.2,0,0,0
2026-09-02 13:35:00,187.1,11,81,32.7,0,0,0
2026-09-02 13:40:00,184.7,33,83,33.9,0,0,0
2026-09-02 13:45:00,182.0,32,81,29.7,0,0,0
2026-09-02 13:50:00,180.8,3,83,29.5,0,108,70
2026-09-02 13:55:00,205.2,21,86,32.8,0,0,0
2026-09-02 14:00:00,222.6,26,85,30.1,0,0,0
2026-09-02 14:05:00,235.0,10,84,29.4,0,0,0
2026-09-02 14:10:00,246.8,22,88,29.8,0,0,0
2026-09-02 14:15:00,258.4,59,87,27.5,0,0,0
2026-09-02 14:20:00,269.7,16,80,29.5,0,0,0
2026-09-02 14:25:00,269.9,19,83,35.0,0,0,0
2026-09-02 14:30:00,271.3,31,81,31.5,0,0,0
2026-09-02 14:35:00,266.6,33,84,32.2,0,0,0
2026-09-02 14:40:00,269.0,23,82,31.0,0,0,0
2026-09-02 14:45:00,267.9,7,79,30.1,0,0,0
2026-09-02 14:50:00,262.8,20,81,30.7,0,0,0
2026-09-02 14:55:00,256.7,502,106,30.7,0,0,0
2026-09-02 15:00:00,254.9,497,109,30.7,0,0,0
2026-09-02 15:05:00,249.0,14,83,29.2,0,0,0
2026-09-02 15:10:00,245.9,20,84,31.1,0,0,0
2026-09-02 15:15:00,244.1,19,80,30.9,0,0,0
2026-09-02 15:20:00,242.1,17,81,29.0,0,0,0
2026-09-02 15:25:00,241.0,19,83,30.9,0,0,0
2026-09-02 15:30:00,240.9,31,83,28.0,0,0,0
2026-09-02 15:35:00,236.8,30,82,29.7,0,0,0
2026-09-02 15:40:00,232.1,25,82,30.5,0,0,0
2026-09-02 15:45:00,230.1,20,82,28.2,0,0,0
2026-09-02 15:50:00,225.2,15,83,30.7,0,0,0
2026-09-02 15:55:00,225.0,18,81,29.7,0,0,0
2026-09-02 16:00:00,221.3,36,84,29.1,0,0,0
2026-09-02 16:05:00,221.3,25,80,29.1,0,0,0
2026-09-02 16:10:00,215.6,9,82,31.9,0,0,0
2026-09-02 16:15:00,212.5,12,82,28.2,0,0,0
2026-09-02 16:20:00,207.6,9,82,32.2,0,0,0
2026-09-02 16:25:00,204.6,13,82,30.4,0,0,0
2026-09-02 16:30:00,203.8,39,84,26.8,0,0,0
2026-09-02 16:35:00,205.3,9,83,29.7,0,0,0
2026-09-02 16:40:00,199.1,15,81,28.8,0,0,0
2026-09-02 16:45:00,196.0,42,82,28.1,0,0,0
2026-09-02 16:50:00,192.4,21,82,29.3,0,0,0
2026-09-02 16:55:00,192.1,30,80,31.4,0,0,0
2026-09-02 17:00:00,190.7,24,80,29.0,0,0,0
2026-09-02 17:05:00,189.6,7,77,25.5,0,0,0
2026-09-02 17:10:00,190.3,23,87,32.1,0,33,60
2026-09-02 17:15:00,194.2,28,88,34.1,0,0,0
2026-09-02 17:20:00,198.2,16,86,29.5,0,0,0
2026-09-02 17:25:00,203.1,17,83,29.8,0,0,0
2026-09-02 17:30:00,208.4,21,88,25.4,0,0,0
2026-09-02 17:35:00,205.7,30,84,31.7,0,0,0
2026-09-02 17:40:00,203.0,38,85,28.7,0,0,0
2026-09-02 17:45:00,203.3,33,83,27.5,0,0,0
2026-09-02 17:50:00,203.5,23,83,28.5,0,0,0
2026-09-02 17:55:00,204.4,14,81,28.6,0,0,0
2026-09-02 18:00:00,206.4,26,84,31.3,0,0,0
2026-09-02 18:05:00,204.7,19,86,31.0,0,0,0
2026-09-02 18:10:00,203.2,17,83,32.3,0,0,0
2026-09-02 18:15:00,202.0,37,88,28.9,0,0,0
2026-09-02 18:20:00,199.6,22,84,31.6,0,0,0
2026-09-02 18:25:00,199.7,20,79,32.9,0,0,0
2026-09-02 18:30:00,198.8,27,80,32.0,0,0,0
2026-09-02 18:35:00,198.5,25,84,29.2,0,0,0
2026-09-02 18:40:00,198.7,17,82,29.3,0,0,0
2026-09-02 18:45:00,199.5,13,86,29.2,0,0,0
2026-09-02 18:50:00,199.3,6,83,30.8,0,0,0
2026-09-02 18:55:00,199.0,15,86,31.1,0,0,0
2026-09-02 19:00:00,197.9,17,82,31.7,0,0,0
2026-09-02 19:05:00,199.6,31,86,26.8,0,0,0
2026-09-02 19:10:00,199.2,7,80,28.1,0,0,0
2026-09-02 19:15:00,196.6,12,85,31.2,0,0,0
2026-09-02 19:20:00,192.0,37,83,26.3,0,0,0
2026-09-02 19:25:00,190.1,22,84,27.1,0,0,0
2026-09-02 19:30:00,192.9,17,79,31.4,0,0,0
2026-09-02 19:35:00,192.1,22,83,31.0,0,0,0
2026-09-02 19:40:00,192.8,26,81,27.4,0,0,0
2026-09-02 19:45:00,189.9,29,82,26.4,0,0,0
2026-09-02 19:50:00,187.8,28,85,30.1,0,0,0
2026-09-02 19:55:00,189.4,28,84,33.0,0,0,0
2026-09-02 20:00:00,190.3,35,87,31.9,0,0,0
2026-09-02 20:05:00,188.6,26,80,28.7,0,0,0
2026-09-02 20:10:00,189.3,53,88,28.5,0,0,0
2026-09-02 20:15:00,187.1,26,83,27.9,0,0,0
2026-09-02 20:20:00,185.5,13,81,27.7,0,0,0
2026-09-02 20:25:00,185.6,13,82,30.8,0,0,0
2026-09-02 20:30:00,188.3,17,86,28.7,0,0,0
2026-09-02 20:35:00,187.0,14,82,30.0,0,0,0
2026-09-02 20:40:00,186.2,31,82,30.7,0,0,0
2026-09-02 20:45:00,183.4,23,82,30.0,0,0,0
2026-09-02 20:50:00,184.0,24,82,29.4,0,0,0
2026-09-02 20:55:00,186.7,23,83,33.0,0,0,0
2026-09-02 21:00:00,185.4,15,84,30.3,0,0,0
2026-09-02 21:05:00,187.1,18,82,28.2,0,0,0
2026-09-02 21:10:00,189.3,25,85,32.6,0,0,0
2026-09-02 21:15:00,187.4,20,85,29.0,0,108,70
2026-09-02 21:20:00,207.7,15,84,27.7,0,0,0
2026-09-02 21:25:00,224.1,41,89,29.0,0,0,0
2026-09-02 21:30:00,239.0,23,87,28.8,0,0,0
2026-09-02 21:35:00,249.0,9,87,30.6,0,0,0
2026-09-02 21:40:00,253.8,22,88,28.1,0,0,0
2026-09-02 21:45:00,258.7,10,82,33.7,0,0,0
2026-09-02 21:50:00,260.9,14,84,28.0,0,0,0
2026-09-02 21:55:00,262.5,35,86,27.9,0,0,0
2026-09-02 22:00:00,263.3,29,83,29.0,0,0,0
2026-09-02 22:05:00,262.4,29,79,31.5,0,0,0
2026-09-02 22:10:00,260.3,19,82,31.2,0,0,0
2026-09-02 22:15:00,258.7,16,81,30.9,0,0,0
2026-09-02 22:20:00,257.1,13,81,29.8,0,0,0
2026-09-02 22:25:00,252.8,27,82,31.8,0,0,0
2026-09-02 22:30:00,252.3,26,83,31.1,0,0,0
2026-09-02 22:35:00,251.6,31,83,31.7,0,0,0
2026-09-02 22:40:00,248.3,10,85,30.8,0,0,0
2026-09-02 22:45:00,244.6,14,84,29.5,0,0,0
2026-09-02 22:50:00,240.8,31,85,30.3,0,0,0
2026-09-02 22:55:00,236.6,14,81,30.8,0,0,0
2026-09-02 23:00:00,234.2,27,79,27.2,0,0,0
2026-09-02 23:05:00,233.5,20,84,29.1,0,0,0
2026-09-02 23:10:00,232.0,14,79,25.7,0,0,0
2026-09-02 23:15:00,224.8,40,82,29.4,0,0,0
2026-09-02 23:20:00,222.6,12,82,31.1,0,0,0
2026-09-02 23:25:00,220.0,11,81,26.8,0,0,0
2026-09-02 23:30:00,216.7,9,81,31.4,0,0,0
2026-09-02 23:35:00,214.3,14,86,27.9,0,0,0
2026-09-02 23:40:00,210.6,4,80,29.8,0,0,0
2026-09-02 23:45:00,208.8,30,79,29.5,0,0,0
2026-09-02 23:50:00,205.4,22,86,30.7,0,0,0
2026-09-02 23:55:00,200.1,20,80,27.3,0,0,0
2026-09-03 00:00:00,204.2,31,82,27.2,0,0,0
2026-09-03 00:05:00,202.3,25,86,29.3,0,0,0
2026-09-03 00:10:00,200.6,33,83,27.5,0,0,0
2026-09-03 00:15:00,198.8,18,86,28.7,0,0,0
2026-09-03 00:20:00,196.0,5,85,26.9,0,0,0
2026-09-03 00:25:00,194.0,27,81,30.7,0,0,0
2026-09-03 00:30:00,193.2,17,81,29.2,0,0,0
2026-09-03 00:35:00,189.9,18,85,30.2,0,0,0
2026-09-03 00:40:00,186.9,0,74,45.5,1,0,0
2026-09-03 00:45:00,186.7,0,75,47.1,1,0,0
2026-09-03 00:50:00,189.0,1,76,46.4,1,0,0
2026-09-03 00:55:00,188.1,0,72,44.5,1,0,0
2026-09-03 01:00:00,188.8,1,70,45.8,1,0,0
2026-09-03 01:05:00,188.2,0,73,44.6,1,0,0
2026-09-03 01:10:00,186.6,0,73,50.5,1,0,0
2026-09-03 01:15:00,184.6,1,74,46.7,1,0,0
2026-09-03 01:20:00,187.3,0,71,45.4,1,0,0
2026-09-03 01:25:00,191.1,0,70,49.2,1,0,0
2026-09-03 01:30:00,192.5,1,74,46.3,1,0,0
2026-09-03 01:35:00,190.7,1,73,44.6,1,0,0
2026-09-03 01:40:00,186.5,1,70,48.2,1,0,0
2026-09-03 01:45:00,187.5,0,71,49.9,1,0,0
2026-09-03 01:50:00,189.6,0,76,47.4,1,0,0
2026-09-03 01:55:00,190.8,1,71,44.9,1,0,0
2026-09-03 02:00:00,186.6,0,76,47.6,1,0,0
2026-09-03 02:05:00,185.1,0,72,47.6,1,0,0
2026-09-03 02:10:00,183.7,1,76,46.7,1,0,0
2026-09-03 02:15:00,184.5,1,78,47.1,1,0,0
2026-09-03 02:20:00,183.7,0,73,43.5,1,0,0
2026-09-03 02:25:00,183.6,0,70,47.9,1,0,0
2026-09-03 02:30:00,185.6,0,70,49.0,1,0,0
2026-09-03 02:35:00,189.4,0,78,48.2,1,0,0
2026-09-03 02:40:00,186.6,0,75,46.7,1,0,0
2026-09-03 02:45:00,188.2,0,72,44.0,1,0,0
2026-09-03 02:50:00,189.8,0,73,48.9,1,0,0
2026-09-03 02:55:00,190.3,0,76,45.1,1,0,0
2026-09-03 03:00:00,189.3,2,70,43.5,1,0,0
2026-09-03 03:05:00,189.2,1,75,48.8,1,0,0
2026-09-03 03:10:00,191.9,0,76,48.8,1,0,0
2026-09-03 03:15:00,189.6,0,72,44.9,1,0,0
2026-09-03 03:20:00,192.7,0,74,48.1,1,0,0
2026-09-03 03:25:00,191.5,0,74,48.2,1,0,0
2026-09-03 03:30:00,194.1,1,73,47.2,1,0,0
2026-09-03 03:35:00,193.3,0,73,47.9,1,0,0
2026-09-03 03:40:00,195.6,0,72,48.8,1,0,0
2026-09-03 03:45:00,195.6,0,73,47.0,1,0,0
2026-09-03 03:50:00,194.2,0,74,46.0,1,0,0
2026-09-03 03:55:00,191.1,0,74,45.5,1,0,0
2026-09-03 04:00:00,188.8,2,75,45.8,1,0,0
2026-09-03 04:05:00,185.6,0,73,49.0,1,0,0
2026-09-03 04:10:00,185.9,0,74,43.9,1,0,0
2026-09-03 04:15:00,189.7,1,72,45.0,1,0,0
2026-09-03 04:20:00,185.3,1,75,48.8,1,0,0
2026-09-03 04:25:00,190.2,1,75,48.4,1,0,0
2026-09-03 04:30:00,190.9,0,73,46.6,1,0,0
2026-09-03 04:35:00,193.7,1,75,46.7,1,0,0
2026-09-03 04:40:00,190.6,0,73,46.9,1,0,0
2026-09-03 04:45:00,192.4,0,74,45.6,1,0,0
2026-09-03 04:50:00,193.6,0,71,48.0,1,0,0
2026-09-03 04:55:00,195.1,1,80,47.0,1,0,0
2026-09-03 05:00:00,193.8,0,74,47.3,1,0,0
2026-09-03 05:05:00,195.5,0,75,47.2,1,0,0
2026-09-03 05:10:00,193.7,0,75,44.3,1,0,0
2026-09-03 05:15:00,195.6,0,71,45.0,1,0,0
2026-09-03 05:20:00,194.7,0,70,45.5,1,0,0
2026-09-03 05:25:00,194.1,1,72,46.2,1,0,0
2026-09-03 05:30:00,193.6,1,71,43.3,1,0,0
2026-09-03 05:35:00,192.6,0,73,45.6,1,0,0
2026-09-03 05:40:00,190.4,0,70,44.7,1,0,0
2026-09-03 05:45:00,191.5,2,73,44.1,1,0,0
2026-09-03 05:50:00,193.1,0,74,44.9,1,0,0
2026-09-03 05:55:00,192.4,0,78,48.1,1,0,0
2026-09-03 06:00:00,192.4,0,73,44.6,1,0,0
2026-09-03 06:05:00,193.0,0,72,50.7,1,0,0
2026-09-03 06:10:00,191.7,0,73,47.8,1,0,0
2026-09-03 06:15:00,194.7,0,77,44.8,1,0,0
2026-09-03 06:20:00,192.9,1,72,47.1,1,0,0
2026-09-03 06:25:00,193.9,0,75,42.6,1,0,0
2026-09-03 06:30:00,192.5,0,74,48.1,1,0,0
2026-09-03 06:35:00,191.1,1,74,45.1,1,0,0
2026-09-03 06:40:00,194.1,8,81,28.9,0,0,0
2026-09-03 06:45:00,195.4,23,81,29.7,0,0,0
2026-09-03 06:50:00,194.5,30,81,26.9,0,0,0
2026-09-03 06:55:00,195.0,15,81,31.8,0,0,0
2026-09-03 07:00:00,193.9,16,83,27.7,0,0,0
2026-09-03 07:05:00,191.7,15,86,27.5,0,67,78
2026-09-03 07:10:00,205.1,20,82,25.6,0,0,0
2026-09-03 07:15:00,214.4,32,89,32.5,0,0,0
2026-09-03 07:20:00,220.9,446,109,26.7,0,0,0
2026-09-03 07:25:00,227.1,460,113,22.5,0,0,0
2026-09-03 07:30:00,231.9,23,85,27.2,0,0,0
2026-09-03 07:35:00,232.0,26,82,28.1,0,0,0
2026-09-03 07:40:00,231.8,25,84,31.0,0,0,0
2026-09-03 07:45:00,229.0,24,85,30.1,0,0,0
2026-09-03 07:50:00,227.4,8,81,27.6,0,0,0
2026-09-03 07:55:00,232.2,15,83,29.5,0,0,0
2026-09-03 08:00:00,229.3,15,81,30.4,0,0,0
2026-09-03 08:05:00,229.7,6,78,32.4,0,0,0
2026-09-03 08:10:00,225.2,10,82,28.8,0,0,0
2026-09-03 08:15:00,229.1,26,83,27.4,0,0,0
2026-09-03 08:20:00,228.9,30,82,27.4,0,0,0
2026-09-03 08:25:00,226.5,4,82,26.9,0,0,0
2026-09-03 08:30:00,221.8,16,82,30.2,0,0,0
2026-09-03 08:35:00,219.8,13,82,29.3,0,0,0
2026-09-03 08:40:00,213.5,7,80,29.1,0,0,0
2026-09-03 08:45:00,215.0,17,77,27.8,0,0,0
2026-09-03 08:50:00,214.8,18,82,32.2,0,0,0
2026-09-03 08:55:00,210.6,18,84,27.4,0,0,0
2026-09-03 09:00:00,208.9,7,82,28.7,0,0,0
2026-09-03 09:05:00,210.0,37,83,28.4,0,0,0
2026-09-03 09:10:00,205.2,23,82,25.8,0,0,0
2026-09-03 09:15:00,202.5,10,81,27.8,0,0,0
2026-09-03 09:20:00,206.2,29,85,31.7,0,0,0
2026-09-03 09:25:00,202.0,17,85,31.5,0,0,0
2026-09-03 09:30:00,197.1,14,83,29.9,0,0,0
2026-09-03 09:35:00,196.6,22,86,29.8,0,0,0
2026-09-03 09:40:00,196.2,40,86,28.0,0,0,0
2026-09-03 09:45:00,194.9,42,83,27.5,0,0,0
2026-09-03 09:50:00,193.0,28,85,33.1,0,0,0
2026-09-03 09:55:00,193.0,39,84,31.9,0,0,0
2026-09-03 10:00:00,191.2,52,83,25.0,0,0,0
2026-09-03 10:05:00,191.3,25,79,32.1,0,0,0
2026-09-03 10:10:00,189.8,33,83,28.6,0,0,0
2026-09-03 10:15:00,198.6,29,83,29.9,0,0,0
2026-09-03 10:20:00,199.7,13,81,28.6,0,0,0
2026-09-03 10:25:00,201.6,26,83,24.9,0,0,0
2026-09-03 10:30:00,202.1,37,84,24.2,0,0,0
2026-09-03 10:35:00,202.7,11,79,26.2,0,0,0
2026-09-03 10:40:00,202.3,17,82,26.6,0,0,0
2026-09-03 10:45:00,201.1,14,82,29.1,0,0,0
2026-09-03 10:50:00,198.7,16,79,28.1,0,0,0
2026-09-03 10:55:00,198.0,13,87,27.8,0,0,0
2026-09-03 11:00:00,197.1,21,84,28.3,0,0,0
2026-09-03 11:05:00,196.7,42,83,31.3,0,0,0
2026-09-03 11:10:00,198.4,47,84,28.1,0,0,0
2026-09-03 11:15:00,199.9,23,82,29.2,0,0,0
2026-09-03 11:20:00,197.4,25,87,28.7,0,0,0
2026-09-03 11:25:00,198.0,21,85,30.5,0,0,0
2026-09-03 11:30:00,197.9,26,83,27.1,0,0,0
2026-09-03 11:35:00,198.1,16,76,29.0,0,0,0
2026-09-03 11:40:00,196.2,52,84,28.1,0,0,0
2026-09-03 11:45:00,193.9,11,84,28.1,0,0,0
2026-09-03 11:50:00,191.8,24,82,29.9,0,0,0
2026-09-03 11:55:00,191.1,19,81,27.0,0,0,0
2026-09-03 12:00:00,191.0,18,78,29.9,0,0,0
2026-09-03 12:05:00,189.8,34,84,27.6,0,0,0
2026-09-03 12:10:00,188.3,34,84,28.7,0,0,0
2026-09-03 12:15:00,189.1,32,83,30.4,0,0,0
2026-09-03 12:20:00,191.4,24,82,27.8,0,0,0
2026-09-03 12:25:00,192.3,13,80,29.1,0,0,0
2026-09-03 12:30:00,191.4,36,82,33.0,0,0,0
2026-09-03 12:35:00,187.8,23,83,29.2,0,0,0
2026-09-03 12:40:00,187.7,20,81,30.6,0,0,0
2026-09-03 12:45:00,188.7,22,82,28.2,0,0,0
2026-09-03 12:50:00,189.4,29,84,28.9,0,0,0
2026-09-03 12:55:00,191.4,19,86,26.7,0,0,0
2026-09-03 13:00:00,189.9,22,87,30.0,0,0,0
2026-09-03 13:05:00,189.5,9,83,29.8,0,0,0
2026-09-03 13:10:00,185.6,14,81,28.1,0,0,0
2026-09-03 13:15:00,183.2,16,84,28.4,0,0,0
2026-09-03 13:20:00,183.5,20,82,29.6,0,0,0
2026-09-03 13:25:00,186.8,14,84,30.6,0,0,0
2026-09-03 13:30:00,184.6,4,80,30.0,0,0,0
2026-09-03 13:35:00,185.6,11,85,30.0,0,103,70
2026-09-03 13:40:00,201.4,10,82,31.6,0,0,0
2026-09-03 13:45:00,214.9,357,107,28.2,0,0,0
2026-09-03 13:50:00,224.8,814,131,28.5,0,0,0
2026-09-03 13:55:00,233.7,479,111,28.8,0,0,0
2026-09-03 14:00:00,238.9,19,84,27.1,0,0,0
2026-09-03 14:05:00,239.5,22,81,26.9,0,0,0
2026-09-03 14:10:00,240.3,20,86,27.5,0,0,0
2026-09-03 14:15:00,241.3,15,82,27.8,0,0,0
2026-09-03 14:20:00,243.6,22,80,25.3,0,0,0
2026-09-03 14:25:00,244.0,31,83,30.4,0,0,0
2026-09-03 14:30:00,246.5,12,81,27.8,0,0,0
2026-09-03 14:35:00,240.3,21,81,31.2,0,0,0
2026-09-03 14:40:00,240.7,20,82,32.7,0,0,0
2026-09-03 14:45:00,238.1,28,84,26.0,0,0,0
2026-09-03 14:50:00,234.8,24,82,28.7,0,0,0
2026-09-03 14:55:00,236.5,15,81,28.7,0,0,0
2026-09-03 15:00:00,235.0,36,88,29.0,0,0,0
2026-09-03 15:05:00,231.3,14,81,28.0,0,0,0
2026-09-03 15:10:00,230.2,10,83,28.4,0,0,0
2026-09-03 15:15:00,230.4,19,78,30.2,0,0,0
2026-09-03 15:20:00,224.0,46,87,29.7,0,0,0
2026-09-03 15:25:00,222.2,19,81,25.7,0,0,0
2026-09-03 15:30:00,222.1,33,85,28.4,0,0,0
2026-09-03 15:35:00,222.4,27,82,25.1,0,0,0
2026-09-03 15:40:00,223.4,17,83,26.8,0,0,0
2026-09-03 15:45:00,221.9,22,81,29.2,0,0,0
2026-09-03 15:50:00,219.7,40,83,26.8,0,0,0
2026-09-03 15:55:00,217.0,14,84,28.6,0,0,0
2026-09-03 16:00:00,214.5,38,79,27.5,0,0,0
2026-09-03 16:05:00,216.1,31,85,29.0,0,0,0
2026-09-03 16:10:00,212.9,19,83,29.5,0,0,0
2026-09-03 16:15:00,209.8,14,79,31.3,0,0,0
2026-09-03 16:20:00,207.8,21,82,27.7,0,0,0
2026-09-03 16:25:00,203.4,38,82,28.0,0,0,0
2026-09-03 16:30:00,201.4,20,81,28.6,0,0,0
2026-09-03 16:35:00,204.5,17,80,27.9,0,0,0
2026-09-03 16:40:00,199.4,38,83,29.7,0,0,0
2026-09-03 16:45:00,200.6,15,79,27.4,0,0,0
2026-09-03 16:50:00,202.2,17,84,25.3,0,0,0
2026-09-03 16:55:00,201.6,46,82,28.9,0,0,0
2026-09-03 17:00:00,203.5,24,86,28.6,0,0,0
2026-09-03 17:05:00,197.2,32,86,30.9,0,0,0
2026-09-03 17:10:00,196.0,18,81,26.0,0,0,0
2026-09-03 17:15:00,198.1,17,79,29.3,0,0,0
2026-09-03 17:20:00,198.5,22,82,25.8,0,0,0
2026-09-03 17:25:00,197.0,16,83,30.6,0,0,0
2026-09-03 17:30:00,195.9,8,80,29.3,0,0,0
2026-09-03 17:35:00,193.5,21,84,30.2,0,0,0
2026-09-03 17:40:00,191.8,42,87,24.3,0,0,0
2026-09-03 17:45:00,188.3,52,83,28.6,0,0,0
2026-09-03 17:50:00,189.2,10,83,28.1,0,0,0
2026-09-03 17:55:00,185.7,47,81,28.5,0,0,0
2026-09-03 18:00:00,184.3,23,80,25.8,0,0,0
2026-09-03 18:05:00,183.5,11,78,28.6,0,0,0
2026-09-03 18:10:00,183.8,24,87,30.0,0,0,0
2026-09-03 18:15:00,184.0,5,81,29.0,0,0,0
2026-09-03 18:20:00,183.8,30,83,28.3,0,0,0
2026-09-03 18:25:00,182.1,32,86,25.5,0,0,0
2026-09-03 18:30:00,182.5,23,79,32.7,0,0,0
2026-09-03 18:35:00,183.6,17,81,24.5,0,0,0
2026-09-03 18:40:00,186.6,27,82,29.0,0,0,0
2026-09-03 18:45:00,183.8,26,83,27.4,0,0,0
2026-09-03 18:50:00,183.3,11,82,25.3,0,0,0
2026-09-03 18:55:00,184.9,21,84,24.6,0,0,0
2026-09-03 19:00:00,182.8,22,83,28.3,0,0,0
2026-09-03 19:05:00,180.4,33,81,26.8,0,0,0
2026-09-03 19:10:00,182.8,17,79,30.1,0,0,0
2026-09-03 19:15:00,185.8,13,83,32.4,0,0,0
2026-09-03 19:20:00,187.5,20,84,30.4,0,0,0
2026-09-03 19:25:00,185.9,19,84,26.1,0,0,0
2026-09-03 19:30:00,184.4,32,80,31.2,0,0,0
2026-09-03 19:35:00,184.8,15,86,27.3,0,0,0
2026-09-03 19:40:00,184.7,23,82,25.5,0,0,0
2026-09-03 19:45:00,181.7,20,83,28.4,0,0,0
2026-09-03 19:50:00,181.2,39,89,30.6,0,0,0
2026-09-03 19:55:00,182.2,14,80,26.9,0,0,0
2026-09-03 20:00:00,181.0,40,87,28.6,0,78,75
2026-09-03 20:05:00,198.2,18,86,27.3,0,0,0
2026-09-03 20:10:00,213.4,21,84,27.2,0,0,0
2026-09-03 20:15:00,224.9,48,89,26.5,0,0,0
2026-09-03 20:20:00,233.8,18,84,27.7,0,0,0
2026-09-03 20:25:00,243.1,17,86,27.0,0,0,0
2026-09-03 20:30:00,250.1,40,84,26.7,0,0,0
2026-09-03 20:35:00,258.8,35,82,24.9,0,0,0
2026-09-03 20:40:00,261.9,46,84,28.2,0,0,0
2026-09-03 20:45:00,262.6,24,82,26.7,0,0,0
2026-09-03 20:50:00,260.9,23,82,28.7,0,0,0
2026-09-03 20:55:00,258.4,29,81,25.8,0,0,0
2026-09-03 21:00:00,256.6,22,82,27.8,0,0,0
2026-09-03 21:05:00,255.3,6,82,30.6,0,0,0
2026-09-03 21:10:00,253.9,14,79,31.0,0,0,0
2026-09-03 21:15:00,251.5,25,84,27.1,0,0,0
2026-09-03 21:20:00,249.5,27,81,30.1,0,0,0
2026-09-03 21:25:00,245.2,35,86,31.1,0,0,0
2026-09-03 21:30:00,239.5,26,86,31.1,0,0,0
2026-09-03 21:35:00,239.4,20,83,26.3,0,0,0
2026-09-03 21:40:00,235.7,15,83,26.8,0,0,0
2026-09-03 21:45:00,232.5,26,82,26.7,0,0,0
2026-09-03 21:50:00,229.3,14,82,32.4,0,0,0
2026-09-03 21:55:00,223.0,11,82,29.2,0,0,0
2026-09-03 22:00:00,225.6,40,85,29.6,0,0,0
2026-09-03 22:05:00,221.6,15,78,24.4,0,0,0
2026-09-03 22:10:00,221.9,37,85,29.2,0,0,0
2026-09-03 22:15:00,218.6,23,80,29.2,0,0,0
2026-09-03 22:20:00,218.3,11,80,31.6,0,0,0
2026-09-03 22:25:00,216.2,11,83,27.6,0,0,0
2026-09-03 22:30:00,212.5,13,84,30.3,0,0,0
2026-09-03 22:35:00,214.8,26,85,27.5,0,0,0
2026-09-03 22:40:00,208.8,15,81,30.1,0,0,0
2026-09-03 22:45:00,207.4,46,85,26.3,0,0,0
2026-09-03 22:50:00,207.1,13,83,27.2,0,0,0
2026-09-03 22:55:00,204.7,10,81,28.8,0,0,0
2026-09-03 23:00:00,201.5,12,82,30.3,0,0,0
2026-09-03 23:05:00,202.4,13,82,28.8,0,0,0
2026-09-03 23:10:00,200.7,33,86,29.3,0,0,0
2026-09-03 23:15:00,202.1,34,86,25.6,0,0,0
2026-09-03 23:20:00,202.9,16,80,30.7,0,0,0
2026-09-03 23:25:00,202.4,11,78,27.6,0,0,0
2026-09-03 23:30:00,203.6,18,82,29.5,0,0,0
2026-09-03 23:35:00,201.6,28,83,29.4,0,0,0
2026-09-03 23:40:00,201.4,28,86,28.8,0,0,0
2026-09-03 23:45:00,201.2,16,84,31.0,0,0,0
2026-09-03 23:50:00,202.1,20,80,25.4,0,0,0
2026-09-03 23:55:00,201.7,14,82,27.2,0,0,0
2026-09-04 00:00:00,200.1,16,80,29.9,0,0,0
2026-09-04 00:05:00,196.8,30,85,28.9,0,0,0
2026-09-04 00:10:00,198.5,29,80,31.0,0,0,0
2026-09-04 00:15:00,200.9,21,81,26.1,0,0,0
2026-09-04 00:20:00,200.0,15,81,27.2,0,0,0
2026-09-04 00:25:00,200.8,23,80,27.1,0,0,0
2026-09-04 00:30:00,195.5,18,82,26.1,0,0,0
2026-09-04 00:35:00,193.2,23,83,25.9,0,0,0
2026-09-04 00:40:00,193.7,35,83,26.0,0,0,0
2026-09-04 00:45:00,191.4,28,83,29.4,0,0,0
2026-09-04 00:50:00,195.5,32,83,28.5,0,0,0
2026-09-04 00:55:00,192.1,10,85,32.8,0,0,0
2026-09-04 01:00:00,191.6,1,74,44.4,1,0,0
2026-09-04 01:05:00,189.5,0,73,49.3,1,0,0
2026-09-04 01:10:00,191.2,0,73,48.9,1,0,0
2026-09-04 01:15:00,188.2,0,70,46.7,1,0,0
2026-09-04 01:20:00,185.7,1,71,48.7,1,0,0
2026-09-04 01:25:00,185.1,0,73,47.6,1,0,0
2026-09-04 01:30:00,182.8,0,71,48.7,1,0,0
2026-09-04 01:35:00,183.2,0,70,47.6,1,0,0
2026-09-04 01:40:00,185.5,0,75,48.2,1,0,0
2026-09-04 01:45:00,186.7,0,76,48.1,1,0,0
2026-09-04 01:50:00,184.5,0,70,46.4,1,0,0
2026-09-04 01:55:00,185.7,0,73,45.1,1,0,0
2026-09-04 02:00:00,188.0,0,75,49.2,1,0,0
2026-09-04 02:05:00,190.5,0,71,46.4,1,0,0
2026-09-04 02:10:00,191.0,0,74,42.9,1,0,0
2026-09-04 02:15:00,191.1,2,72,45.8,1,0,0
2026-09-04 02:20:00,191.2,0,70,46.4,1,0,0
2026-09-04 02:25:00,194.5,0,76,47.7,1,0,0
2026-09-04 02:30:00,192.5,0,70,44.3,1,0,0
2026-09-04 02:35:00,194.6,0,73,49.7,1,0,0
2026-09-04 02:40:00,192.3,0,76,46.6,1,0,0
2026-09-04 02:45:00,191.6,1,75,48.6,1,0,0
2026-09-04 02:50:00,192.5,0,73,48.5,1,0,0
2026-09-04 02:55:00,190.7,0,77,43.9,1,0,0
2026-09-04 03:00:00,190.2,0,76,45.4,1,0,0
2026-09-04 03:05:00,185.0,1,72,46.1,1,0,0
2026-09-04 03:10:00,185.8,0,75,48.0,1,0,0
2026-09-04 03:15:00,187.2,0,71,50.3,1,0,0
2026-09-04 03:20:00,188.3,0,73,45.7,1,0,0
2026-09-04 03:25:00,190.3,0,73,45.5,1,0,0
2026-09-04 03:30:00,192.5,0,76,45.9,1,0,0
2026-09-04 03:35:00,195.3,0,71,43.8,1,0,0
2026-09-04 03:40:00,197.4,0,72,48.9,1,0,0
2026-09-04 03:45:00,197.8,1,71,49.8,1,0,0
2026-09-04 03:50:00,200.8,1,68,46.6,1,0,0
2026-09-04 03:55:00,199.6,1,72,48.1,1,0,0
2026-09-04 04:00:00,194.5,0,75,42.5,1,0,0
2026-09-04 04:05:00,193.8,0,72,47.7,1,0,0
2026-09-04 04:10:00,193.6,2,72,47.0,1,0,0
2026-09-04 04:15:00,195.5,0,72,45.4,1,0,0
2026-09-04 04:20:00,197.6,1,73,45.7,1,0,0
2026-09-04 04:25:00,196.2,0,74,48.3,1,0,0
2026-09-04 04:30:00,197.5,0,78,49.4,1,0,0
2026-09-04 04:35:00,196.7,1,73,45.1,1,0,0
2026-09-04 04:40:00,194.5,2,73,44.3,1,0,0
2026-09-04 04:45:00,192.3,0,72,49.8,1,0,0
2026-09-04 04:50:00,192.1,1,75,47.1,1,0,0
2026-09-04 04:55:00,194.5,2,70,49.7,1,0,0
2026-09-04 05:00:00,194.1,0,73,47.6,1,0,0
2026-09-04 05:05:00,194.1,0,71,47.2,1,0,0
2026-09-04 05:10:00,194.4,0,77,49.0,1,0,0
2026-09-04 05:15:00,197.3,0,73,47.5,1,0,0
2026-09-04 05:20:00,198.0,0,77,49.1,1,0,0
2026-09-04 05:25:00,198.2,0,74,49.4,1,0,0
2026-09-04 05:30:00,202.3,0,75,48.1,1,0,0
2026-09-04 05:35:00,200.2,0,72,44.4,1,0,0
2026-09-04 05:40:00,202.3,0,72,46.7,1,0,0
2026-09-04 05:45:00,200.6,0,72,40.5,1,0,0
2026-09-04 05:50:00,199.2,0,75,47.5,1,0,0
2026-09-04 05:55:00,202.2,0,77,44.5,1,0,0
2026-09-04 06:00:00,202.0,48,86,28.3,0,0,0
2026-09-04 06:05:00,202.3,20,82,29.1,0,0,0
2026-09-04 06:10:00,201.1,20,84,28.5,0,0,0
2026-09-04 06:15:00,202.9,13,82,26.4,0,0,0
2026-09-04 06:20:00,204.8,10,80,30.3,0,0,0
2026-09-04 06:25:00,204.5,5,82,31.9,0,0,0
2026-09-04 06:30:00,203.8,30,84,26.2,0,0,0
2026-09-04 06:35:00,200.2,19,83,28.9,0,0,0
2026-09-04 06:40:00,196.6,13,88,34.0,0,0,0
2026-09-04 06:45:00,198.5,23,83,30.7,0,0,0
2026-09-04 06:50:00,200.1,28,80,31.5,0,0,0
2026-09-04 06:55:00,200.7,17,79,29.1,0,0,0
2026-09-04 07:00:00,195.0,16,86,23.4,0,0,0
2026-09-04 07:05:00,198.1,28,81,31.0,0,0,0
2026-09-04 07:10:00,192.7,24,84,25.9,0,0,0
2026-09-04 07:15:00,192.1,33,83,31.1,0,0,0
2026-09-04 07:20:00,193.1,21,79,25.3,0,0,0
2026-09-04 07:25:00,191.6,15,78,24.9,0,0,0
2026-09-04 07:30:00,185.6,29,82,27.4,0,0,0
2026-09-04 07:35:00,187.9,22,82,28.7,0,0,0
2026-09-04 07:40:00,186.5,51,85,29.0,0,0,0
2026-09-04 07:45:00,187.3,24,80,26.9,0,0,0
2026-09-04 07:50:00,191.6,19,84,28.5,0,0,0
2026-09-04 07:55:00,191.5,34,81,25.3,0,0,0
2026-09-04 08:00:00,190.4,25,83,27.0,0,0,0
2026-09-04 08:05:00,193.0,32,81,32.9,0,0,0
2026-09-04 08:10:00,191.9,30,88,25.2,0,32,55
2026-09-04 08:15:00,199.9,33,86,26.3,0,0,0
2026-09-04 08:20:00,203.7,28,86,32.7,0,0,0
2026-09-04 08:25:00,203.2,36,84,28.1,0,0,0
2026-09-04 08:30:00,207.3,24,85,25.1,0,0,0
2026-09-04 08:35:00,210.8,9,88,29.7,0,0,0
2026-09-04 08:40:00,212.9,26,81,27.8,0,0,0
2026-09-04 08:45:00,213.3,12,82,28.8,0,0,0
2026-09-04 08:50:00,213.4,23,82,25.3,0,0,0
2026-09-04 08:55:00,212.0,13,82,31.1,0,0,0
2026-09-04 09:00:00,214.9,8,82,27.4,0,0,0
2026-09-04 09:05:00,212.2,34,83,30.2,0,0,0
2026-09-04 09:10:00,211.4,18,82,28.9,0,0,0
2026-09-04 09:15:00,209.1,19,82,28.3,0,0,0
2026-09-04 09:20:00,206.0,51,82,27.8,0,0,0
2026-09-04 09:25:00,201.2,46,84,28.8,0,0,0
2026-09-04 09:30:00,198.6,34,85,28.1,0,0,0
2026-09-04 09:35:00,195.0,24,81,28.4,0,0,0
2026-09-04 09:40:00,190.3,18,79,30.3,0,0,0
2026-09-04 09:45:00,190.4,37,81,26.2,0,0,0
2026-09-04 09:50:00,190.9,17,84,25.0,0,0,0
2026-09-04 09:55:00,190.8,21,82,31.6,0,0,0
2026-09-04 10:00:00,192.3,14,84,29.5,0,0,0
2026-09-04 10:05:00,193.5,39,81,25.0,0,0,0
2026-09-04 10:10:00,192.4,22,83,30.7,0,0,0
2026-09-04 10:15:00,194.7,12,84,30.1,0,0,0
2026-09-04 10:20:00,196.5,15,79,26.5,0,0,0
2026-09-04 10:25:00,196.9,12,79,31.2,0,0,0
2026-09-04 10:30:00,197.1,40,87,27.8,0,0,0
2026-09-04 10:35:00,201.6,74,86,27.0,0,0,0
2026-09-04 10:40:00,198.8,386,101,30.2,0,0,0
2026-09-04 10:45:00,199.0,394,105,30.4,0,0,0
2026-09-04 10:50:00,197.5,395,104,24.4,0,0,0
2026-09-04 10:55:00,197.4,392,105,30.6,0,0,0
2026-09-04 11:00:00,196.1,22,82,27.6,0,0,0
2026-09-04 11:05:00,194.5,16,83,30.3,0,0,0
2026-09-04 11:10:00,189.1,13,81,29.2,0,0,0
2026-09-04 11:15:00,187.8,52,87,28.2,0,0,0
2026-09-04 11:20:00,189.9,15,80,25.6,0,0,0
2026-09-04 11:25:00,188.6,32,85,29.2,0,0,0
2026-09-04 11:30:00,188.7,13,81,26.9,0,0,0
2026-09-04 11:35:00,189.9,31,85,30.8,0,0,0
2026-09-04 11:40:00,190.4,20,81,32.5,0,0,0
2026-09-04 11:45:00,194.6,26,83,28.4,0,0,0
2026-09-04 11:50:00,196.6,22,85,26.5,0,0,0
2026-09-04 11:55:00,192.2,27,83,28.8,0,0,0
2026-09-04 12:00:00,189.8,29,84,27.5,0,0,0
2026-09-04 12:05:00,192.2,29,83,32.1,0,0,0
2026-09-04 12:10:00,193.7,20,79,29.9,0,0,0
2026-09-04 12:15:00,190.9,43,85,29.4,0,0,0
2026-09-04 12:20:00,188.2,13,79,31.3,0,0,0
2026-09-04 12:25:00,188.8,18,80,25.3,0,0,0
2026-09-04 12:30:00,188.4,12,83,28.9,0,0,0
2026-09-04 12:35:00,189.5,21,86,28.4,0,0,0
2026-09-04 12:40:00,182.9,22,82,28.9,0,0,0
2026-09-04 12:45:00,183.0,24,83,29.9,0,0,0
2026-09-04 12:50:00,185.8,29,83,32.4,0,0,0
2026-09-04 12:55:00,186.6,14,85,32.1,0,0,0
2026-09-04 13:00:00,187.1,37,76,30.0,0,0,0
2026-09-04 13:05:00,187.0,9,83,29.3,0,0,0
2026-09-04 13:10:00,188.1,33,81,31.0,0,0,0
2026-09-04 13:15:00,190.2,23,83,29.5,0,0,0
2026-09-04 13:20:00,195.0,9,81,28.9,0,0,0
2026-09-04 13:25:00,196.8,27,85,24.8,0,0,0
2026-09-04 13:30:00,197.2,27,85,30.7,0,0,0
2026-09-04 13:35:00,198.1,14,80,28.6,0,0,0
2026-09-04 13:40:00,196.2,14,79,30.6,0,0,0
2026-09-04 13:45:00,195.2,32,86,29.2,0,0,0
2026-09-04 13:50:00,194.0,29,85,30.3,0,0,0
2026-09-04 13:55:00,196.0,16,80,31.3,0,0,0
2026-09-04 14:00:00,193.8,17,85,30.5,0,0,0
2026-09-04 14:05:00,191.5,17,83,29.4,0,0,0
2026-09-04 14:10:00,188.2,57,84,29.4,0,0,0
2026-09-04 14:15:00,185.6,24,82,30.5,0,0,0
2026-09-04 14:20:00,187.2,25,86,27.4,0,0,0
2026-09-04 14:25:00,186.7,17,84,30.8,0,0,0
2026-09-04 14:30:00,185.9,20,83,28.3,0,0,0
2026-09-04 14:35:00,186.9,28,82,29.1,0,0,0
2026-09-04 14:40:00,186.5,25,84,28.3,0,0,0
2026-09-04 14:45:00,186.0,47,86,28.0,0,0,0
2026-09-04 14:50:00,186.0,27,81,28.8,0,0,0
2026-09-04 14:55:00,185.1,45,84,27.7,0,0,0
2026-09-04 15:00:00,184.8,33,79,25.9,0,0,0
2026-09-04 15:05:00,181.7,19,82,30.5,0,0,0
2026-09-04 15:10:00,184.8,32,82,27.8,0,0,0
2026-09-04 15:15:00,186.3,8,80,28.2,0,0,0
2026-09-04 15:20:00,188.0,468,111,29.6,0,0,0
2026-09-04 15:25:00,185.9,468,110,28.4,0,0,0
2026-09-04 15:30:00,187.8,476,112,30.3,0,0,0
2026-09-04 15:35:00,187.6,467,111,29.9,0,0,0
2026-09-04 15:40:00,183.1,15,82,29.4,0,0,0
2026-09-04 15:45:00,181.0,20,81,26.3,0,0,0
2026-09-04 15:50:00,176.5,35,84,25.8,0,0,0
2026-09-04 15:55:00,175.2,21,80,30.4,0,0,0
2026-09-04 16:00:00,174.6,9,84,30.7,0,0,0
2026-09-04 16:05:00,175.2,28,84,27.1,0,0,0
2026-09-04 16:10:00,175.3,33,83,31.1,0,0,0
2026-09-04 16:15:00,175.6,27,85,30.2,0,0,0
2026-09-04 16:20:00,178.2,528,109,28.0,0,0,0
2026-09-04 16:25:00,180.7,492,107,29.1,0,0,0
2026-09-04 16:30:00,184.5,532,112,28.1,0,0,0
2026-09-04 16:35:00,183.3,497,112,27.7,0,0,0
2026-09-04 16:40:00,183.0,11,81,27.1,0,0,0
2026-09-04 16:45:00,184.7,43,85,29.2,0,0,0
2026-09-04 16:50:00,184.4,47,83,26.9,0,0,0
2026-09-04 16:55:00,183.8,16,80,25.4,0,0,0
2026-09-04 17:00:00,183.1,16,77,26.8,0,0,0
2026-09-04 17:05:00,185.1,36,78,30.5,0,0,0
2026-09-04 17:10:00,184.8,7,82,30.3,0,0,0
2026-09-04 17:15:00,184.1,15,80,28.2,0,0,0
2026-09-04 17:20:00,187.7,8,82,28.2,0,0,0
2026-09-04 17:25:00,192.9,24,83,27.3,0,0,0
2026-09-04 17:30:00,187.2,10,81,26.9,0,0,0
2026-09-04 17:35:00,184.1,11,79,25.8,0,0,0
2026-09-04 17:40:00,183.9,22,81,26.9,0,0,0
2026-09-04 17:45:00,183.9,35,78,27.8,0,0,0
2026-09-04 17:50:00,185.6,23,80,25.6,0,0,0
2026-09-04 17:55:00,188.9,26,83,24.2,0,0,0
2026-09-04 18:00:00,190.7,32,85,27.8,0,26,60
2026-09-04 18:05:00,197.5,76,90,25.7,0,0,0
2026-09-04 18:10:00,205.1,17,83,33.5,0,0,0
2026-09-04 18:15:00,209.0,21,87,26.9,0,0,0
2026-09-04 18:20:00,211.3,9,84,22.4,0,0,0
2026-09-04 18:25:00,213.8,39,88,30.2,0,0,0
2026-09-04 18:30:00,212.8,16,83,25.9,0,0,0
2026-09-04 18:35:00,211.4,39,87,27.8,0,0,0
2026-09-04 18:40:00,211.5,11,80,30.1,0,0,0
2026-09-04 18:45:00,214.2,38,83,27.5,0,0,0
2026-09-04 18:50:00,214.5,14,79,31.0,0,0,0
2026-09-04 18:55:00,210.3,42,82,30.5,0,0,0
2026-09-04 19:00:00,209.7,37,82,27.7,0,0,0
2026-09-04 19:05:00,210.8,16,82,30.4,0,0,0
2026-09-04 19:10:00,205.2,31,83,26.1,0,0,0
2026-09-04 19:15:00,206.0,13,80,30.7,0,0,0
2026-09-04 19:20:00,205.3,16,82,28.8,0,0,0
2026-09-04 19:25:00,203.3,17,85,26.5,0,0,0
2026-09-04 19:30:00,199.9,21,83,29.3,0,0,0
2026-09-04 19:35:00,200.7,13,81,28.4,0,0,0
2026-09-04 19:40:00,201.5,25,82,27.5,0,0,0
2026-09-04 19:45:00,197.7,29,82,26.1,0,0,0
2026-09-04 19:50:00,197.7,16,81,30.3,0,0,0
2026-09-04 19:55:00,197.3,5,85,25.8,0,0,0
2026-09-04 20:00:00,198.2,19,80,29.0,0,0,0
2026-09-04 20:05:00,195.4,30,79,24.7,0,0,0
2026-09-04 20:10:00,199.0,23,82,31.2,0,0,0
2026-09-04 20:15:00,199.0,41,80,28.6,0,0,0
2026-09-04 20:20:00,194.5,12,78,29.9,0,0,0
2026-09-04 20:25:00,194.5,30,84,28.2,0,0,0
2026-09-04 20:30:00,191.5,21,85,27.9,0,0,0
2026-09-04 20:35:00,190.6,21,83,27.1,0,0,0
2026-09-04 20:40:00,191.8,37,84,25.6,0,0,0
2026-09-04 20:45:00,189.5,13,83,27.1,0,0,0
2026-09-04 20:50:00,190.6,12,79,27.8,0,0,0
2026-09-04 20:55:00,190.8,25,79,27.0,0,0,0
2026-09-04 21:00:00,190.6,29,85,29.6,0,0,0
2026-09-04 21:05:00,190.5,15,83,30.6,0,0,0
2026-09-04 21:10:00,190.9,11,83,31.0,0,0,0
2026-09-04 21:15:00,191.5,12,85,30.8,0,67,55
2026-09-04 21:20:00,204.9,38,83,28.2,0,0,0
2026-09-04 21:25:00,209.2,29,87,31.2,0,0,0
2026-09-04 21:30:00,215.9,16,85,26.8,0,0,0
2026-09-04 21:35:00,218.1,21,87,26.6,0,0,0
2026-09-04 21:40:00,224.0,22,87,30.1,0,0,0
2026-09-04 21:45:00,223.8,37,83,28.8,0,0,0
2026-09-04 21:50:00,226.7,43,82,28.0,0,0,0
2026-09-04 21:55:00,230.6,10,80,26.6,0,0,0
2026-09-04 22:00:00,232.9,17,81,28.3,0,0,0
2026-09-04 22:05:00,232.9,36,86,31.6,0,0,0
2026-09-04 22:10:00,228.4,42,82,31.3,0,0,0
2026-09-04 22:15:00,226.9,20,84,29.2,0,0,0
2026-09-04 22:20:00,227.6,19,80,30.0,0,0,0
2026-09-04 22:25:00,225.3,24,84,28.9,0,0,0
2026-09-04 22:30:00,222.6,17,81,30.4,0,0,0
2026-09-04 22:35:00,222.2,38,81,25.8,0,0,0
2026-09-04 22:40:00,224.1,12,81,29.7,0,0,0
2026-09-04 22:45:00,218.4,21,80,29.8,0,0,0
2026-09-04 22:50:00,217.1,18,78,32.5,0,0,0
2026-09-04 22:55:00,214.6,23,82,30.1,0,0,0
2026-09-04 23:00:00,212.6,11,83,29.3,0,0,0
2026-09-04 23:05:00,211.4,15,88,28.6,0,0,0
2026-09-04 23:10:00,209.3,18,80,29.3,0,0,0
2026-09-04 23:15:00,208.9,8,79,30.9,0,0,0
2026-09-04 23:20:00,206.3,16,86,26.8,0,0,0
2026-09-04 23:25:00,203.3,15,81,30.9,0,0,0
2026-09-04 23:30:00,200.3,8,79,32.5,0,0,0
2026-09-04 23:35:00,196.6,14,82,30.8,0,0,0
2026-09-04 23:40:00,197.4,15,79,32.4,0,0,0
2026-09-04 23:45:00,192.9,2,72,45.5,1,0,0
2026-09-04 23:50:00,191.9,0,72,48.5,1,0,0
2026-09-04 23:55:00,190.7,1,73,50.0,1,0,0
2026-09-05 00:00:00,200.6,0,75,42.2,1,0,0
2026-09-05 00:05:00,197.4,0,73,44.8,1,0,0
2026-09-05 00:10:00,198.1,0,70,44.2,1,0,0
2026-09-05 00:15:00,197.1,1,75,44.0,1,0,0
2026-09-05 00:20:00,195.7,1,71,45.0,1,0,0
2026-09-05 00:25:00,195.3,0,72,41.1,1,0,0
2026-09-05 00:30:00,193.4,0,77,46.8,1,0,0
2026-09-05 00:35:00,192.4,0,72,41.6,1,0,0
2026-09-05 00:40:00,190.8,1,75,47.1,1,0,0
2026-09-05 00:45:00,190.0,0,72,43.4,1,0,0
2026-09-05 00:50:00,187.5,1,76,46.6,1,0,0
2026-09-05 00:55:00,188.3,0,72,43.8,1,0,0
2026-09-05 01:00:00,190.5,0,73,43.6,1,0,0
2026-09-05 01:05:00,189.5,0,74,41.4,1,0,0
2026-09-05 01:10:00,188.0,0,71,44.6,1,0,0
2026-09-05 01:15:00,186.5,0,73,43.5,1,0,0
2026-09-05 01:20:00,184.0,1,73,46.6,1,0,0
2026-09-05 01:25:00,188.1,1,71,47.5,1,0,0
2026-09-05 01:30:00,191.5,2,72,46.6,1,0,0
2026-09-05 01:35:00,191.5,0,75,41.3,1,0,0
2026-09-05 01:40:00,191.5,0,76,46.4,1,0,0
2026-09-05 01:45:00,193.6,0,74,43.3,1,0,0
2026-09-05 01:50:00,194.6,1,73,44.3,1,0,0
2026-09-05 01:55:00,194.4,0,77,45.7,1,0,0
2026-09-05 02:00:00,196.6,1,75,43.1,1,0,0
2026-09-05 02:05:00,198.3,0,75,44.3,1,0,0
2026-09-05 02:10:00,198.6,0,72,46.7,1,0,0
2026-09-05 02:15:00,197.7,0,74,44.5,1,0,0
2026-09-05 02:20:00,196.3,0,77,44.0,1,0,0
2026-09-05 02:25:00,196.2,0,76,44.8,1,0,0
2026-09-05 02:30:00,194.1,0,74,44.4,1,0,0
2026-09-05 02:35:00,194.4,0,71,43.7,1,0,0
2026-09-05 02:40:00,196.2,0,74,47.0,1,0,0
2026-09-05 02:45:00,193.5,0,73,45.2,1,0,0
2026-09-05 02:50:00,196.0,1,72,44.9,1,0,0
2026-09-05 02:55:00,194.4,0,72,40.4,1,0,0
2026-09-05 03:00:00,194.2,0,72,44.9,1,0,0
2026-09-05 03:05:00,193.4,0,73,43.9,1,0,0
2026-09-05 03:10:00,194.7,0,73,42.9,1,0,0
2026-09-05 03:15:00,193.3,1,73,43.8,1,0,0
2026-09-05 03:20:00,196.5,1,72,47.3,1,0,0
2026-09-05 03:25:00,195.5,0,72,43.9,1,0,0
2026-09-05 03:30:00,192.7,0,71,44.7,1,0,0
2026-09-05 03:35:00,193.0,0,71,42.4,1,0,0
2026-09-05 03:40:00,191.4,0,74,41.7,1,0,0
2026-09-05 03:45:00,194.6,0,76,43.3,1,0,0
2026-09-05 03:50:00,195.7,0,73,43.9,1,0,0
2026-09-05 03:55:00,198.0,0,77,43.9,1,0,0
2026-09-05 04:00:00,200.1,0,71,43.6,1,0,0
2026-09-05 04:05:00,198.8,0,77,44.9,1,0,0
2026-09-05 04:10:00,201.4,0,70,45.8,1,0,0
2026-09-05 04:15:00,200.8,0,73,48.2,1,0,0
2026-09-05 04:20:00,200.6,0,74,46.5,1,0,0
2026-09-05 04:25:00,201.1,0,71,45.7,1,0,0
2026-09-05 04:30:00,203.1,0,71,44.5,1,0,0
2026-09-05 04:35:00,204.6,2,74,43.7,1,0,0
2026-09-05 04:40:00,202.0,1,75,45.4,1,0,0
2026-09-05 04:45:00,204.0,0,72,44.0,1,0,0
2026-09-05 04:50:00,203.6,0,72,48.0,1,0,0
2026-09-05 04:55:00,200.8,0,72,47.6,1,0,0
2026-09-05 05:00:00,199.6,0,72,44.6,1,0,0
2026-09-05 05:05:00,198.6,0,70,45.2,1,0,0
2026-09-05 05:10:00,201.5,0,73,43.1,1,0,0
2026-09-05 05:15:00,198.6,0,70,47.7,1,0,0
2026-09-05 05:20:00,197.7,0,72,45.3,1,0,0
2026-09-05 05:25:00,197.1,0,70,43.4,1,0,0
2026-09-05 05:30:00,193.6,0,72,42.8,1,0,0
2026-09-05 05:35:00,194.4,1,74,46.0,1,0,0
2026-09-05 05:40:00,196.5,0,72,41.3,1,0,0
2026-09-05 05:45:00,198.5,1,74,42.8,1,0,0
2026-09-05 05:50:00,199.6,1,70,41.9,1,0,0
2026-09-05 05:55:00,200.2,0,73,44.7,1,0,0
2026-09-05 06:00:00,200.7,0,73,47.5,1,0,0
2026-09-05 06:05:00,202.0,14,81,29.0,0,0,0
2026-09-05 06:10:00,203.3,25,81,29.1,0,0,0
2026-09-05 06:15:00,203.0,11,81,27.0,0,0,0
2026-09-05 06:20:00,205.9,32,86,26.2,0,0,0
2026-09-05 06:25:00,205.1,31,80,26.3,0,0,0
2026-09-05 06:30:00,207.0,24,82,25.4,0,0,0
2026-09-05 06:35:00,208.6,43,83,25.6,0,0,0
2026-09-05 06:40:00,204.7,32,82,29.1,0,0,0
2026-09-05 06:45:00,205.7,27,82,26.1,0,0,0
2026-09-05 06:50:00,203.4,30,80,31.2,0,0,0
2026-09-05 06:55:00,200.1,20,82,21.4,0,0,0
2026-09-05 07:00:00,199.4,12,83,26.7,0,0,0
2026-09-05 07:05:00,199.1,13,82,23.7,0,0,0
2026-09-05 07:10:00,200.2,24,81,27.8,0,0,0
2026-09-05 07:15:00,203.6,37,84,26.5,0,0,0
2026-09-05 07:20:00,204.1,21,83,28.5,0,0,0
2026-09-05 07:25:00,201.8,48,87,28.0,0,0,0
2026-09-05 07:30:00,198.7,23,83,24.4,0,0,0
2026-09-05 07:35:00,197.3,22,79,28.8,0,0,0
2026-09-05 07:40:00,197.7,13,81,27.5,0,0,0
2026-09-05 07:45:00,196.5,18,84,24.9,0,0,0
2026-09-05 07:50:00,197.4,17,84,30.9,0,0,0
2026-09-05 07:55:00,199.8,31,80,27.5,0,0,0
2026-09-05 08:00:00,198.3,15,77,28.1,0,0,0
2026-09-05 08:05:00,197.4,23,86,29.8,0,66,78
2026-09-05 08:10:00,206.7,10,86,27.0,0,0,0
2026-09-05 08:15:00,216.9,32,87,27.4,0,0,0
2026-09-05 08:20:00,226.8,493,114,26.2,0,0,0
2026-09-05 08:25:00,231.3,503,115,26.9,0,0,0
2026-09-05 08:30:00,235.4,59,86,28.5,0,0,0
2026-09-05 08:35:00,239.1,25,83,24.1,0,0,0
2026-09-05 08:40:00,240.8,46,86,27.4,0,0,0
2026-09-05 08:45:00,240.5,16,83,27.0,0,0,0
2026-09-05 08:50:00,236.6,20,81,26.6,0,0,0
2026-09-05 08:55:00,236.6,30,84,27.4,0,0,0
2026-09-05 09:00:00,237.1,9,82,29.1,0,0,0
2026-09-05 09:05:00,234.7,20,80,25.8,0,0,0
2026-09-05 09:10:00,233.1,55,88,29.3,0,0,0
2026-09-05 09:15:00,228.4,21,82,28.2,0,0,0
2026-09-05 09:20:00,228.4,25,83,29.3,0,0,0
2026-09-05 09:25:00,225.5,25,82,27.5,0,0,0
2026-09-05 09:30:00,226.2,17,82,25.7,0,0,0
2026-09-05 09:35:00,226.0,27,83,27.7,0,0,0
2026-09-05 09:40:00,225.8,21,85,26.4,0,0,0
2026-09-05 09:45:00,219.3,12,82,28.2,0,0,0
2026-09-05 09:50:00,217.9,11,82,29.9,0,0,0
2026-09-05 09:55:00,215.6,13,81,24.2,0,0,0
2026-09-05 10:00:00,213.4,11,82,25.2,0,0,0
2026-09-05 10:05:00,211.4,35,86,25.8,0,0,0
2026-09-05 10:10:00,205.9,25,81,28.0,0,0,0
2026-09-05 10:15:00,204.6,47,81,28.4,0,0,0
2026-09-05 10:20:00,204.9,31,81,29.4,0,0,0
2026-09-05 10:25:00,206.9,56,84,23.2,0,0,0
2026-09-05 10:30:00,204.6,8,84,27.1,0,0,0
2026-09-05 10:35:00,204.9,20,81,27.1,0,0,0
2026-09-05 10:40:00,206.4,19,81,26.1,0,0,0
2026-09-05 10:45:00,206.6,8,80,27.6,0,0,0
2026-09-05 10:50:00,207.8,31,83,25.7,0,0,0
2026-09-05 10:55:00,205.5,49,84,28.2,0,0,0
2026-09-05 11:00:00,204.3,45,83,27.2,0,0,0
2026-09-05 11:05:00,200.1,12,83,24.7,0,0,0
2026-09-05 11:10:00,198.4,15,80,28.2,0,0,0
2026-09-05 11:15:00,199.7,51,86,27.3,0,0,0
2026-09-05 11:20:00,200.0,26,78,26.3,0,0,0
2026-09-05 11:25:00,195.6,20,79,27.7,0,0,0
2026-09-05 11:30:00,194.3,16,83,24.9,0,0,0
2026-09-05 11:35:00,195.6,31,81,25.1,0,0,0
2026-09-05 11:40:00,198.4,20,78,28.5,0,0,0
2026-09-05 11:45:00,196.6,553,114,27.0,0,0,0
2026-09-05 11:50:00,196.6,560,118,29.0,0,0,0
2026-09-05 11:55:00,192.6,563,116,28.7,0,0,0
2026-09-05 12:00:00,190.2,40,87,25.9,0,0,0
2026-09-05 12:05:00,192.0,18,79,24.3,0,0,0
2026-09-05 12:10:00,194.9,31,87,23.6,0,0,0
2026-09-05 12:15:00,191.8,24,84,31.9,0,0,0
2026-09-05 12:20:00,196.0,17,83,27.6,0,0,0
2026-09-05 12:25:00,197.9,19,85,27.5,0,0,0
2026-09-05 12:30:00,196.7,22,81,24.2,0,0,0
2026-09-05 12:35:00,196.7,470,109,26.5,0,0,0
2026-09-05 12:40:00,193.8,464,107,25.7,0,0,0
2026-09-05 12:45:00,191.6,486,112,27.0,0,0,0
2026-09-05 12:50:00,189.6,16,83,28.4,0,0,0
2026-09-05 12:55:00,188.4,22,88,27.0,0,87,70
2026-09-05 13:00:00,207.8,22,87,29.4,0,0,0
2026-09-05 13:05:00,223.5,24,82,26.8,0,0,0
2026-09-05 13:10:00,239.0,22,81,25.1,0,0,0
2026-09-05 13:15:00,245.3,26,85,23.5,0,0,0
2026-09-05 13:20:00,253.8,28,84,28.5,0,0,0
2026-09-05 13:25:00,261.8,35,79,27.8,0,0,0
2026-09-05 13:30:00,263.8,25,84,27.8,0,0,0
2026-09-05 13:35:00,265.7,34,85,28.1,0,0,0
2026-09-05 13:40:00,269.8,27,86,25.9,0,0,0
2026-09-05 13:45:00,270.2,21,83,29.4,0,0,0
2026-09-05 13:50:00,269.4,22,82,26.3,0,0,0
2026-09-05 13:55:00,264.4,17,83,26.3,0,0,0
2026-09-05 14:00:00,259.7,17,84,27.9,0,0,0
2026-09-05 14:05:00,257.9,18,80,31.3,0,0,0
2026-09-05 14:10:00,257.5,9,77,25.8,0,0,0
2026-09-05 14:15:00,252.5,15,83,28.3,0,0,0
2026-09-05 14:20:00,249.4,47,84,28.5,0,0,0
2026-09-05 14:25:00,243.5,22,79,25.2,0,0,0
2026-09-05 14:30:00,239.7,17,78,27.6,0,0,0
2026-09-05 14:35:00,237.8,38,86,27.5,0,0,0
2026-09-05 14:40:00,233.7,12,84,26.0,0,0,0
2026-09-05 14:45:00,230.2,14,81,26.1,0,0,0
2026-09-05 14:50:00,226.6,42,81,27.7,0,0,0
2026-09-05 14:55:00,223.1,26,81,27.1,0,0,0
2026-09-05 15:00:00,224.5,8,82,26.5,0,0,0
2026-09-05 15:05:00,225.2,12,83,26.3,0,0,0
2026-09-05 15:10:00,224.5,34,81,31.0,0,0,0
2026-09-05 15:15:00,225.0,19,82,32.3,0,0,0
2026-09-05 15:20:00,222.5,27,80,26.4,0,0,0
2026-09-05 15:25:00,220.0,32,81,24.9,0,0,0
2026-09-05 15:30:00,221.2,21,84,29.6,0,0,0
2026-09-05 15:35:00,219.0,28,85,28.3,0,0,0
2026-09-05 15:40:00,218.5,24,85,27.9,0,0,0
2026-09-05 15:45:00,218.9,27,83,28.3,0,0,0
2026-09-05 15:50:00,217.2,20,85,26.6,0,0,0
2026-09-05 15:55:00,218.8,12,79,26.3,0,0,0
2026-09-05 16:00:00,214.5,12,83,27.0,0,0,0
2026-09-05 16:05:00,212.4,26,81,27.9,0,0,0
2026-09-05 16:10:00,211.2,17,81,26.7,0,0,0
2026-09-05 16:15:00,210.6,30,87,29.4,0,0,0
2026-09-05 16:20:00,210.9,12,82,28.3,0,0,0
2026-09-05 16:25:00,211.8,32,82,26.1,0,0,0
2026-09-05 16:30:00,209.2,20,84,25.2,0,0,0
2026-09-05 16:35:00,206.0,34,83,30.2,0,0,0
2026-09-05 16:40:00,204.4,16,80,26.8,0,0,0
2026-09-05 16:45:00,205.3,16,85,24.8,0,0,0
2026-09-05 16:50:00,203.1,21,84,28.1,0,0,0
2026-09-05 16:55:00,199.7,13,82,26.5,0,0,0
2026-09-05 17:00:00,197.9,23,81,27.7,0,0,0
2026-09-05 17:05:00,198.1,16,86,30.0,0,33,60
2026-09-05 17:10:00,204.6,40,89,27.3,0,0,0
2026-09-05 17:15:00,206.2,28,86,27.0,0,0,0
2026-09-05 17:20:00,207.2,599,120,27.3,0,0,0
2026-09-05 17:25:00,206.2,584,121,28.5,0,0,0
2026-09-05 17:30:00,206.5,35,85,25.9,0,0,0
2026-09-05 17:35:00,210.3,16,80,26.5,0,0,0
2026-09-05 17:40:00,205.9,14,82,22.4,0,0,0
2026-09-05 17:45:00,205.8,20,83,29.2,0,0,0
2026-09-05 17:50:00,206.1,5,87,29.5,0,0,0
2026-09-05 17:55:00,211.1,36,83,28.0,0,0,0
2026-09-05 18:00:00,212.9,20,81,27.0,0,0,0
2026-09-05 18:05:00,213.6,8,80,26.1,0,0,0
2026-09-05 18:10:00,215.8,26,82,26.5,0,0,0
2026-09-05 18:15:00,215.2,18,84,27.7,0,0,0
2026-09-05 18:20:00,215.2,27,83,23.7,0,0,0
2026-09-05 18:25:00,213.7,18,81,29.6,0,0,0
2026-09-05 18:30:00,208.7,19,80,27.8,0,0,0
2026-09-05 18:35:00,205.3,29,82,25.6,0,0,0
2026-09-05 18:40:00,206.9,18,81,28.8,0,0,0
2026-09-05 18:45:00,201.2,16,82,23.7,0,0,0
2026-09-05 18:50:00,202.1,40,82,26.2,0,0,0
2026-09-05 18:55:00,200.4,16,82,28.0,0,0,0
2026-09-05 19:00:00,201.9,13,81,26.3,0,0,0
2026-09-05 19:05:00,201.2,23,82,28.5,0,0,0
2026-09-05 19:10:00,202.5,18,85,28.0,0,0,0
2026-09-05 19:15:00,202.7,38,80,26.9,0,0,0
2026-09-05 19:20:00,198.4,42,81,27.8,0,0,0
2026-09-05 19:25:00,198.9,365,101,27.2,0,0,0
2026-09-05 19:30:00,200.0,374,105,29.7,0,0,0
2026-09-05 19:35:00,198.0,370,100,23.7,0,0,0
2026-09-05 19:40:00,194.8,50,83,29.8,0,0,0
2026-09-05 19:45:00,193.4,44,85,28.0,0,0,0
2026-09-05 19:50:00,193.4,11,83,30.0,0,0,0
2026-09-05 19:55:00,188.3,26,82,24.9,0,0,0
2026-09-05 20:00:00,189.5,24,83,27.3,0,0,0
2026-09-05 20:05:00,190.9,26,81,27.7,0,0,0
2026-09-05 20:10:00,192.8,26,82,32.8,0,0,0
2026-09-05 20:15:00,194.3,40,83,28.9,0,0,0
2026-09-05 20:20:00,191.9,40,83,24.6,0,0,0
2026-09-05 20:25:00,191.4,13,81,29.4,0,0,0
2026-09-05 20:30:00,194.9,42,83,31.0,0,0,0
2026-09-05 20:35:00,197.2,16,81,29.8,0,0,0
2026-09-05 20:40:00,192.2,15,84,28.7,0,60,55
2026-09-05 20:45:00,201.3,22,84,26.7,0,0,0
2026-09-05 20:50:00,209.3,26,89,23.6,0,0,0
2026-09-05 20:55:00,216.9,12,83,29.0,0,0,0
2026-09-05 21:00:00,222.1,27,89,28.1,0,0,0
2026-09-05 21:05:00,223.1,12,86,28.2,0,0,0
2026-09-05 21:10:00,225.6,30,83,28.5,0,0,0
2026-09-05 21:15:00,223.7,37,85,25.5,0,0,0
2026-09-05 21:20:00,224.7,42,84,29.1,0,0,0
2026-09-05 21:25:00,222.8,14,82,25.0,0,0,0
2026-09-05 21:30:00,223.6,26,82,28.9,0,0,0
2026-09-05 21:35:00,224.0,37,88,28.0,0,0,0
2026-09-05 21:40:00,222.2,15,84,25.4,0,0,0
2026-09-05 21:45:00,223.0,20,80,28.3,0,0,0
2026-09-05 21:50:00,222.4,36,84,29.2,0,0,0
2026-09-05 21:55:00,222.1,15,78,25.1,0,0,0
2026-09-05 22:00:00,223.9,19,80,29.5,0,0,0
2026-09-05 22:05:00,220.7,11,82,30.0,0,0,0
2026-09-05 22:10:00,218.3,43,84,28.6,0,0,0
2026-09-05 22:15:00,216.6,29,87,30.0,0,0,0
2026-09-05 22:20:00,213.6,24,83,28.3,0,0,0
2026-09-05 22:25:00,215.8,20,81,27.0,0,0,0
2026-09-05 22:30:00,215.7,17,79,30.1,0,0,0
2026-09-05 22:35:00,211.7,18,85,31.4,0,0,0
2026-09-05 22:40:00,210.6,44,85,28.5,0,0,0
2026-09-05 22:45:00,210.7,20,86,28.0,0,0,0
2026-09-05 22:50:00,208.2,66,84,26.4,0,0,0
2026-09-05 22:55:00,205.8,33,82,28.3,0,0,0
2026-09-05 23:00:00,205.9,31,82,26.6,0,0,0
2026-09-05 23:05:00,205.4,32,81,27.8,0,0,0
2026-09-05 23:10:00,204.2,10,81,28.0,0,0,0
2026-09-05 23:15:00,206.4,51,85,28.1,0,0,0
2026-09-05 23:20:00,208.1,17,77,28.8,0,0,0
2026-09-05 23:25:00,205.7,12,85,28.9,0,0,0
2026-09-05 23:30:00,203.6,13,82,27.8,0,0,0
2026-09-05 23:35:00,200.2,19,81,24.4,0,0,0
2026-09-05 23:40:00,200.7,39,84,28.5,0,0,0
2026-09-05 23:45:00,201.0,22,80,22.0,0,0,0
2026-09-05 23:50:00,201.5,47,83,25.0,0,0,0
2026-09-05 23:55:00,199.6,22,83,29.9,0,0,0
2026-09-06 00:00:00,192.4,27,82,27.1,0,0,0
2026-09-06 00:05:00,190.7,22,80,30.0,0,0,0
2026-09-06 00:10:00,192.8,12,79,31.8,0,0,0
2026-09-06 00:15:00,190.8,21,83,30.9,0,0,0
2026-09-06 00:20:00,191.1,20,83,29.0,0,0,0
2026-09-06 00:25:00,191.6,22,83,27.4,0,0,0
2026-09-06 00:30:00,190.7,18,84,30.7,0,0,0
2026-09-06 00:35:00,189.2,33,84,31.5,0,0,0
2026-09-06 00:40:00,182.6,0,70,48.4,1,0,0
2026-09-06 00:45:00,178.9,0,76,50.4,1,0,0
2026-09-06 00:50:00,177.8,0,72,48.4,1,0,0
2026-09-06 00:55:00,178.2,1,74,50.0,1,0,0
2026-09-06 01:00:00,178.0,0,72,44.1,1,0,0
2026-09-06 01:05:00,181.5,0,72,47.5,1,0,0
2026-09-06 01:10:00,181.8,0,71,48.1,1,0,0
2026-09-06 01:15:00,181.7,0,72,48.9,1,0,0
2026-09-06 01:20:00,181.8,0,71,46.4,1,0,0
2026-09-06 01:25:00,181.0,1,76,44.3,1,0,0
2026-09-06 01:30:00,179.7,0,74,46.2,1,0,0
2026-09-06 01:35:00,180.7,0,71,46.8,1,0,0
2026-09-06 01:40:00,179.0,0,72,49.4,1,0,0
2026-09-06 01:45:00,182.3,0,75,45.3,1,0,0
2026-09-06 01:50:00,182.3,2,75,47.6,1,0,0
2026-09-06 01:55:00,181.8,0,75,46.9,1,0,0
2026-09-06 02:00:00,182.5,0,74,47.3,1,0,0
2026-09-06 02:05:00,181.8,0,75,45.5,1,0,0
2026-09-06 02:10:00,183.7,1,73,46.2,1,0,0
2026-09-06 02:15:00,183.4,2,71,47.0,1,0,0
2026-09-06 02:20:00,183.4,0,73,47.0,1,0,0
2026-09-06 02:25:00,181.2,0,75,49.3,1,0,0
2026-09-06 02:30:00,183.4,0,78,45.0,1,0,0
2026-09-06 02:35:00,184.3,0,76,47.4,1,0,0
2026-09-06 02:40:00,183.5,0,72,45.7,1,0,0
2026-09-06 02:45:00,181.5,1,72,48.8,1,0,0
2026-09-06 02:50:00,181.2,0,72,48.9,1,0,0
2026-09-06 02:55:00,183.7,0,72,40.8,1,0,0
2026-09-06 03:00:00,186.1,0,72,43.9,1,0,0
2026-09-06 03:05:00,186.5,0,72,45.7,1,0,0
2026-09-06 03:10:00,186.4,0,74,44.1,1,0,0
2026-09-06 03:15:00,185.8,0,72,44.7,1,0,0
2026-09-06 03:20:00,187.6,0,71,46.8,1,0,0
2026-09-06 03:25:00,189.0,0,72,47.2,1,0,0
2026-09-06 03:30:00,188.6,0,72,47.0,1,0,0
2026-09-06 03:35:00,186.2,1,74,44.8,1,0,0
2026-09-06 03:40:00,183.8,1,71,47.3,1,0,0
2026-09-06 03:45:00,184.8,1,74,46.2,1,0,0
2026-09-06 03:50:00,183.6,0,73,48.7,1,0,0
2026-09-06 03:55:00,180.2,0,74,47.7,1,0,0
2026-09-06 04:00:00,177.5,0,74,47.9,1,0,0
2026-09-06 04:05:00,182.1,1,72,49.7,1,0,0
2026-09-06 04:10:00,180.5,0,74,45.4,1,0,0
2026-09-06 04:15:00,183.2,0,73,48.5,1,0,0
2026-09-06 04:20:00,183.9,0,74,46.7,1,0,0
2026-09-06 04:25:00,184.4,0,76,49.9,1,0,0
2026-09-06 04:30:00,185.1,0,74,42.4,1,0,0
2026-09-06 04:35:00,188.5,1,73,48.2,1,0,0
2026-09-06 04:40:00,188.7,0,72,48.9,1,0,0
2026-09-06 04:45:00,190.5,0,72,48.5,1,0,0
2026-09-06 04:50:00,196.0,1,72,47.4,1,0,0
2026-09-06 04:55:00,193.9,1,74,49.0,1,0,0
2026-09-06 05:00:00,195.2,1,71,47.8,1,0,0
2026-09-06 05:05:00,190.7,0,73,46.9,1,0,0
2026-09-06 05:10:00,186.6,0,73,49.5,1,0,0
2026-09-06 05:15:00,190.6,0,71,47.2,1,0,0
2026-09-06 05:20:00,192.9,1,73,48.2,1,0,0
2026-09-06 05:25:00,194.3,0,77,48.2,1,0,0
2026-09-06 05:30:00,196.0,0,75,48.0,1,0,0
2026-09-06 05:35:00,195.2,0,75,49.0,1,0,0
2026-09-06 05:40:00,194.8,0,66,46.4,1,0,0
2026-09-06 05:45:00,197.8,0,72,47.9,1,0,0
2026-09-06 05:50:00,193.5,0,73,48.5,1,0,0
2026-09-06 05:55:00,189.4,0,72,47.8,1,0,0
2026-09-06 06:00:00,189.0,1,77,46.2,1,0,0
2026-09-06 06:05:00,190.2,0,76,47.5,1,0,0
2026-09-06 06:10:00,188.7,0,75,47.4,1,0,0
2026-09-06 06:15:00,190.2,2,75,45.9,1,0,0
2026-09-06 06:20:00,189.5,1,75,45.5,1,0,0
2026-09-06 06:25:00,186.5,0,72,44.3,1,0,0
2026-09-06 06:30:00,186.7,0,72,51.4,1,0,0
2026-09-06 06:35:00,190.4,0,71,47.5,1,0,0
2026-09-06 06:40:00,189.4,0,73,46.8,1,0,0
2026-09-06 06:45:00,188.0,1,75,44.9,1,0,0
2026-09-06 06:50:00,188.9,0,74,45.8,1,0,0
2026-09-06 06:55:00,188.2,38,85,25.4,0,0,0
2026-09-06 07:00:00,187.1,18,80,27.1,0,0,0
2026-09-06 07:05:00,186.9,14,82,26.1,0,0,0
2026-09-06 07:10:00,187.2,36,84,29.6,0,0,0
2026-09-06 07:15:00,185.8,40,84,33.4,0,0,0
2026-09-06 07:20:00,186.2,23,84,25.6,0,0,0
2026-09-06 07:25:00,187.0,45,86,28.6,0,0,0
2026-09-06 07:30:00,185.3,12,83,27.7,0,0,0
2026-09-06 07:35:00,186.7,27,83,30.0,0,0,0
2026-09-06 07:40:00,184.9,56,85,27.1,0,0,0
2026-09-06 07:45:00,184.8,20,84,29.4,0,0,0
2026-09-06 07:50:00,181.7,25,81,31.0,0,0,0
2026-09-06 07:55:00,183.5,26,81,28.7,0,0,0
2026-09-06 08:00:00,179.1,20,83,30.7,0,0,0
2026-09-06 08:05:00,180.8,19,80,25.0,0,0,0
2026-09-06 08:10:00,180.5,16,81,29.1,0,0,0
2026-09-06 08:15:00,180.7,13,79,27.4,0,0,0
2026-09-06 08:20:00,184.3,17,78,29.9,0,0,0
2026-09-06 08:25:00,188.6,37,84,26.9,0,0,0
2026-09-06 08:30:00,183.7,19,85,31.0,0,46,70
2026-09-06 08:35:00,192.3,11,87,28.4,0,0,0
2026-09-06 08:40:00,198.2,20,88,28.3,0,0,0
2026-09-06 08:45:00,203.1,21,85,26.0,0,0,0
2026-09-06 08:50:00,206.3,19,83,30.8,0,0,0
2026-09-06 08:55:00,212.5,17,83,25.6,0,0,0
2026-09-06 09:00:00,214.4,18,81,27.2,0,0,0
2026-09-06 09:05:00,218.8,40,86,28.3,0,0,0
2026-09-06 09:10:00,220.1,19,83,30.5,0,0,0
2026-09-06 09:15:00,221.6,12,80,29.3,0,0,0
2026-09-06 09:20:00,218.8,28,81,30.2,0,0,0
2026-09-06 09:25:00,217.7,22,84,29.3,0,0,0
2026-09-06 09:30:00,219.4,28,83,30.4,0,0,0
2026-09-06 09:35:00,218.5,36,82,28.1,0,0,0
2026-09-06 09:40:00,220.7,21,83,28.0,0,0,0
2026-09-06 09:45:00,218.9,23,84,29.9,0,0,0
2026-09-06 09:50:00,222.0,17,79,29.4,0,0,0
2026-09-06 09:55:00,219.5,28,83,28.5,0,0,0
2026-09-06 10:00:00,218.1,31,82,28.5,0,0,0
2026-09-06 10:05:00,214.6,10,84,30.8,0,0,0
2026-09-06 10:10:00,213.9,21,83,29.6,0,0,0
2026-09-06 10:15:00,216.5,20,85,30.2,0,0,0
2026-09-06 10:20:00,212.7,40,83,28.3,0,0,0
2026-09-06 10:25:00,211.8,28,82,26.4,0,0,0
2026-09-06 10:30:00,209.1,41,83,25.6,0,0,0
2026-09-06 10:35:00,208.8,30,85,28.6,0,0,0
2026-09-06 10:40:00,207.5,17,80,24.9,0,0,0
2026-09-06 10:45:00,204.3,12,79,29.5,0,0,0
2026-09-06 10:50:00,205.2,3,81,29.9,0,0,0
2026-09-06 10:55:00,201.7,19,83,31.4,0,0,0
2026-09-06 11:00:00,200.4,26,82,30.4,0,0,0
2026-09-06 11:05:00,201.9,26,83,28.8,0,0,0
2026-09-06 11:10:00,201.7,38,84,28.3,0,0,0
2026-09-06 11:15:00,196.4,3,79,30.6,0,0,0
2026-09-06 11:20:00,195.7,23,82,31.0,0,0,0
2026-09-06 11:25:00,194.7,21,81,30.3,0,0,0
2026-09-06 11:30:00,193.6,12,81,29.8,0,0,0
2026-09-06 11:35:00,195.7,29,80,28.0,0,0,0
2026-09-06 11:40:00,192.1,26,84,30.0,0,0,0
2026-09-06 11:45:00,192.6,23,81,25.8,0,0,0
2026-09-06 11:50:00,189.8,17,78,29.7,0,0,0
2026-09-06 11:55:00,191.0,16,84,28.6,0,0,0
2026-09-06 12:00:00,188.3,43,82,30.9,0,0,0
2026-09-06 12:05:00,186.5,52,86,24.6,0,0,0
2026-09-06 12:10:00,188.7,20,82,30.4,0,0,0
2026-09-06 12:15:00,188.4,23,85,27.1,0,0,0
2026-09-06 12:20:00,190.1,30,83,30.1,0,0,0
2026-09-06 12:25:00,192.9,39,83,26.4,0,0,0
2026-09-06 12:30:00,192.1,22,83,29.7,0,0,0
2026-09-06 12:35:00,191.3,18,81,26.0,0,0,0
2026-09-06 12:40:00,190.5,18,81,31.1,0,0,0
2026-09-06 12:45:00,191.8,19,81,30.2,0,0,0
2026-09-06 12:50:00,191.4,37,85,28.7,0,0,0
2026-09-06 12:55:00,188.8,27,81,32.2,0,0,0
2026-09-06 13:00:00,189.7,14,81,31.5,0,0,0
2026-09-06 13:05:00,188.5,33,83,30.9,0,0,0
2026-09-06 13:10:00,186.7,10,81,27.7,0,0,0
2026-09-06 13:15:00,185.7,22,83,29.0,0,0,0
2026-09-06 13:20:00,185.7,26,85,30.7,0,0,0
2026-09-06 13:25:00,185.3,23,84,27.2,0,0,0
2026-09-06 13:30:00,183.8,30,78,29.4,0,0,0
2026-09-06 13:35:00,183.4,17,82,25.1,0,0,0
2026-09-06 13:40:00,184.3,32,89,28.0,0,109,70
2026-09-06 13:45:00,200.5,20,85,26.8,0,0,0
2026-09-06 13:50:00,213.8,26,81,30.9,0,0,0
2026-09-06 13:55:00,224.2,549,119,27.1,0,0,0
2026-09-06 14:00:00,229.9,542,121,27.9,0,0,0
2026-09-06 14:05:00,236.9,25,84,29.2,0,0,0
2026-09-06 14:10:00,244.5,20,80,33.3,0,0,0
2026-09-06 14:15:00,248.8,26,86,29.7,0,0,0
2026-09-06 14:20:00,247.4,34,81,26.6,0,0,0
2026-09-06 14:25:00,247.4,28,82,28.7,0,0,0
2026-09-06 14:30:00,243.4,20,87,29.0,0,0,0
2026-09-06 14:35:00,244.1,28,80,29.9,0,0,0
2026-09-06 14:40:00,242.7,34,87,34.2,0,0,0
2026-09-06 14:45:00,244.4,37,82,26.9,0,0,0
2026-09-06 14:50:00,242.3,34,83,31.7,0,0,0
2026-09-06 14:55:00,240.7,18,85,27.4,0,0,0
2026-09-06 15:00:00,239.4,27,82,28.9,0,0,0
2026-09-06 15:05:00,234.3,20,82,34.8,0,0,0
2026-09-06 15:10:00,231.0,22,84,28.4,0,0,0
2026-09-06 15:15:00,226.6,29,87,26.3,0,0,0
2026-09-06 15:20:00,224.3,33,85,30.6,0,0,0
2026-09-06 15:25:00,223.9,18,81,31.1,0,0,0
2026-09-06 15:30:00,223.9,22,84,31.2,0,0,0
2026-09-06 15:35:00,222.7,15,80,28.3,0,0,0
2026-09-06 15:40:00,218.4,24,85,31.1,0,0,0
2026-09-06 15:45:00,214.5,22,85,29.0,0,0,0
2026-09-06 15:50:00,212.3,17,81,28.6,0,0,0
2026-09-06 15:55:00,206.3,11,81,28.7,0,0,0
2026-09-06 16:00:00,207.4,18,79,31.0,0,0,0
2026-09-06 16:05:00,206.0,57,87,27.2,0,0,0
2026-09-06 16:10:00,203.9,18,79,28.7,0,0,0
2026-09-06 16:15:00,203.7,24,80,30.3,0,0,0
2026-09-06 16:20:00,201.4,16,80,28.4,0,0,0
2026-09-06 16:25:00,199.1,17,83,28.1,0,0,0
2026-09-06 16:30:00,199.1,25,83,26.8,0,0,0
2026-09-06 16:35:00,198.1,26,85,27.0,0,0,0
2026-09-06 16:40:00,201.0,23,78,30.2,0,0,0
2026-09-06 16:45:00,200.5,12,80,33.7,0,0,0
2026-09-06 16:50:00,200.0,19,80,31.4,0,0,0
2026-09-06 16:55:00,199.3,18,84,29.9,0,0,0
2026-09-06 17:00:00,199.2,39,87,26.8,0,0,0
2026-09-06 17:05:00,198.9,49,83,30.9,0,0,0
2026-09-06 17:10:00,196.5,22,89,29.5,0,0,0
2026-09-06 17:15:00,196.3,10,80,30.8,0,0,0
2026-09-06 17:20:00,194.3,13,85,29.3,0,0,0
2026-09-06 17:25:00,191.5,12,84,31.0,0,0,0
2026-09-06 17:30:00,191.4,30,80,30.3,0,0,0
2026-09-06 17:35:00,190.6,21,82,32.5,0,0,0
2026-09-06 17:40:00,188.2,23,82,22.6,0,16,35
2026-09-06 17:45:00,193.3,16,86,30.2,0,0,0
2026-09-06 17:50:00,194.5,16,84,28.0,0,0,0
2026-09-06 17:55:00,193.3,17,86,25.7,0,0,0
2026-09-06 18:00:00,192.6,48,88,27.2,0,0,0
2026-09-06 18:05:00,193.7,15,83,29.3,0,0,0
2026-09-06 18:10:00,196.6,15,81,26.0,0,0,0
2026-09-06 18:15:00,195.7,19,84,30.5,0,0,0
2026-09-06 18:20:00,195.1,38,80,25.1,0,0,0
2026-09-06 18:25:00,194.2,16,84,29.3,0,0,0
2026-09-06 18:30:00,192.6,19,80,27.5,0,0,0
2026-09-06 18:35:00,189.7,31,83,31.0,0,0,0
2026-09-06 18:40:00,191.7,448,109,28.8,0,0,0
2026-09-06 18:45:00,190.5,443,107,28.5,0,0,0
2026-09-06 18:50:00,191.9,443,109,27.5,0,0,0
2026-09-06 18:55:00,190.5,38,82,30.3,0,0,0
2026-09-06 19:00:00,190.7,51,85,26.8,0,0,0
2026-09-06 19:05:00,191.8,35,84,34.7,0,0,0
2026-09-06 19:10:00,191.9,14,81,30.3,0,0,0
2026-09-06 19:15:00,195.0,30,82,29.2,0,0,0
2026-09-06 19:20:00,191.7,12,79,30.6,0,0,0
2026-09-06 19:25:00,192.1,16,81,24.9,0,0,0
2026-09-06 19:30:00,187.5,21,83,26.9,0,0,0
2026-09-06 19:35:00,185.5,26,85,30.6,0,0,0
2026-09-06 19:40:00,185.2,15,84,29.7,0,0,0
2026-09-06 19:45:00,182.3,19,81,29.9,0,0,0
2026-09-06 19:50:00,182.7,21,82,26.1,0,0,0
2026-09-06 19:55:00,183.0,21,81,24.5,0,0,0
2026-09-06 20:00:00,178.7,11,82,30.9,0,0,0
2026-09-06 20:05:00,180.3,20,83,30.2,0,0,0
2026-09-06 20:10:00,181.4,16,82,29.1,0,0,0
2026-09-06 20:15:00,182.3,23,79,33.0,0,0,0
2026-09-06 20:20:00,181.6,12,82,31.0,0,0,0
2026-09-06 20:25:00,181.9,15,81,27.9,0,0,0
2026-09-06 20:30:00,185.8,22,82,28.9,0,0,0
2026-09-06 20:35:00,189.9,18,83,29.1,0,0,0
2026-09-06 20:40:00,189.0,21,83,30.4,0,0,0
2026-09-06 20:45:00,193.2,34,86,28.3,0,0,0
2026-09-06 20:50:00,197.3,19,84,28.7,0,77,75
2026-09-06 20:55:00,212.4,38,85,30.7,0,0,0
2026-09-06 21:00:00,226.3,13,81,28.4,0,0,0
2026-09-06 21:05:00,233.4,30,85,22.7,0,0,0
2026-09-06 21:10:00,241.5,15,85,30.2,0,0,0
2026-09-06 21:15:00,247.3,15,81,30.8,0,0,0
2026-09-06 21:20:00,248.7,11,82,28.2,0,0,0
2026-09-06 21:25:00,252.2,27,82,30.3,0,0,0
2026-09-06 21:30:00,255.3,11,76,30.2,0,0,0
2026-09-06 21:35:00,257.8,24,84,29.4,0,0,0
2026-09-06 21:40:00,261.9,15,79,22.6,0,0,0
2026-09-06 21:45:00,259.4,22,84,28.7,0,0,0
2026-09-06 21:50:00,257.9,30,81,28.7,0,0,0
2026-09-06 21:55:00,255.5,31,86,26.4,0,0,0
2026-09-06 22:00:00,250.1,29,83,27.6,0,0,0
2026-09-06 22:05:00,249.0,40,82,31.8,0,0,0
2026-09-06 22:10:00,249.2,44,84,28.0,0,0,0
2026-09-06 22:15:00,247.2,26,84,27.8,0,0,0
2026-09-06 22:20:00,243.5,25,83,29.6,0,0,0
2026-09-06 22:25:00,240.4,26,84,29.6,0,0,0
2026-09-06 22:30:00,234.8,54,82,28.3,0,0,0
2026-09-06 22:35:00,233.0,31,81,27.5,0,0,0
2026-09-06 22:40:00,231.7,14,82,30.0,0,0,0
2026-09-06 22:45:00,225.8,5,80,28.2,0,0,0
2026-09-06 22:50:00,222.4,42,83,29.9,0,0,0
2026-09-06 22:55:00,221.2,12,83,23.7,0,0,0
2026-09-06 23:00:00,218.7,30,83,30.9,0,0,0
2026-09-06 23:05:00,217.2,10,82,29.0,0,0,0
2026-09-06 23:10:00,216.6,8,81,26.9,0,0,0
2026-09-06 23:15:00,210.6,28,81,26.6,0,0,0
2026-09-06 23:20:00,208.5,48,82,29.8,0,0,0
2026-09-06 23:25:00,206.8,16,85,30.0,0,0,0
2026-09-06 23:30:00,203.0,26,80,28.9,0,0,0
2026-09-06 23:35:00,203.7,37,84,30.6,0,0,0
2026-09-06 23:40:00,204.9,26,83,29.1,0,0,0
2026-09-06 23:45:00,204.8,9,82,25.2,0,0,0
2026-09-06 23:50:00,198.7,39,83,28.2,0,0,0
2026-09-06 23:55:00,198.7,37,83,29.1,0,0,0
2026-09-07 00:00:00,199.7,24,84,32.0,0,0,0
2026-09-07 00:05:00,199.5,32,82,29.4,0,0,0
2026-09-07 00:10:00,197.9,0,74,46.4,1,0,0
2026-09-07 00:15:00,199.8,0,74,47.3,1,0,0
2026-09-07 00:20:00,201.1,0,74,46.6,1,0,0
2026-09-07 00:25:00,198.9,0,74,43.8,1,0,0
2026-09-07 00:30:00,197.9,0,72,45.7,1,0,0
2026-09-07 00:35:00,199.1,0,72,46.5,1,0,0
2026-09-07 00:40:00,199.5,0,74,46.6,1,0,0
2026-09-07 00:45:00,193.6,0,74,42.6,1,0,0
2026-09-07 00:50:00,195.9,2,72,47.0,1,0,0
2026-09-07 00:55:00,199.6,1,72,51.4,1,0,0
2026-09-07 01:00:00,197.9,0,73,43.7,1,0,0
2026-09-07 01:05:00,199.0,0,74,46.5,1,0,0
2026-09-07 01:10:00,198.6,0,76,46.7,1,0,0
2026-09-07 01:15:00,197.3,0,75,47.3,1,0,0
2026-09-07 01:20:00,197.2,0,74,49.4,1,0,0
2026-09-07 01:25:00,195.3,0,72,44.5,1,0,0
2026-09-07 01:30:00,192.6,1,71,44.8,1,0,0
2026-09-07 01:35:00,191.9,0,76,47.9,1,0,0
2026-09-07 01:40:00,189.6,0,69,48.1,1,0,0
2026-09-07 01:45:00,193.5,0,71,50.9,1,0,0
2026-09-07 01:50:00,191.9,0,73,52.0,1,0,0
2026-09-07 01:55:00,191.0,0,72,47.8,1,0,0
2026-09-07 02:00:00,187.5,1,75,45.2,1,0,0
2026-09-07 02:05:00,186.8,1,74,49.5,1,0,0
2026-09-07 02:10:00,187.9,0,74,49.8,1,0,0
2026-09-07 02:15:00,185.0,0,75,49.5,1,0,0
2026-09-07 02:20:00,182.2,0,72,44.4,1,0,0
2026-09-07 02:25:00,181.4,1,73,46.2,1,0,0
2026-09-07 02:30:00,182.9,1,71,48.2,1,0,0
2026-09-07 02:35:00,186.8,0,72,47.4,1,0,0
2026-09-07 02:40:00,186.1,0,69,47.3,1,0,0
2026-09-07 02:45:00,187.0,1,76,45.1,1,0,0
2026-09-07 02:50:00,185.0,0,74,45.6,1,0,0
2026-09-07 02:55:00,187.6,0,71,47.5,1,0,0
2026-09-07 03:00:00,185.2,2,72,46.1,1,0,0
2026-09-07 03:05:00,189.3,1,76,46.3,1,0,0
2026-09-07 03:10:00,188.2,1,71,49.1,1,0,0
2026-09-07 03:15:00,191.5,1,72,49.5,1,0,0
2026-09-07 03:20:00,186.3,1,72,45.7,1,0,0
2026-09-07 03:25:00,185.1,0,71,50.4,1,0,0
2026-09-07 03:30:00,190.3,0,77,46.5,1,0,0
2026-09-07 03:35:00,191.4,0,75,50.0,1,0,0
2026-09-07 03:40:00,194.4,0,71,48.0,1,0,0
2026-09-07 03:45:00,192.9,0,74,48.5,1,0,0
2026-09-07 03:50:00,190.6,1,72,43.8,1,0,0
2026-09-07 03:55:00,190.2,0,71,46.2,1,0,0
2026-09-07 04:00:00,190.9,0,74,49.9,1,0,0
2026-09-07 04:05:00,189.9,0,73,46.5,1,0,0
2026-09-07 04:10:00,190.0,0,74,46.4,1,0,0
2026-09-07 04:15:00,190.9,0,72,47.2,1,0,0
2026-09-07 04:20:00,190.6,1,71,46.9,1,0,0
2026-09-07 04:25:00,191.2,1,71,46.5,1,0,0
2026-09-07 04:30:00,193.1,0,71,48.4,1,0,0
2026-09-07 04:35:00,193.8,0,76,46.8,1,0,0
2026-09-07 04:40:00,191.9,0,76,46.1,1,0,0
2026-09-07 04:45:00,192.3,0,73,45.3,1,0,0
2026-09-07 04:50:00,191.4,0,74,46.1,1,0,0
2026-09-07 04:55:00,189.9,0,72,46.7,1,0,0
2026-09-07 05:00:00,194.4,0,70,48.4,1,0,0
2026-09-07 05:05:00,195.0,0,73,46.6,1,0,0
2026-09-07 05:10:00,196.3,0,79,47.1,1,0,0
2026-09-07 05:15:00,195.0,0,72,44.5,1,0,0
2026-09-07 05:20:00,195.9,1,72,44.7,1,0,0
2026-09-07 05:25:00,196.3,0,75,51.8,1,0,0
2026-09-07 05:30:00,200.3,0,73,44.5,1,0,0
2026-09-07 05:35:00,200.7,0,71,46.0,1,0,0
2026-09-07 05:40:00,197.9,0,76,46.9,1,0,0
2026-09-07 05:45:00,200.2,0,71,46.1,1,0,0
2026-09-07 05:50:00,202.0,0,73,48.0,1,0,0
2026-09-07 05:55:00,201.9,0,72,46.5,1,0,0
2026-09-07 06:00:00,200.2,0,74,44.9,1,0,0
2026-09-07 06:05:00,202.1,0,73,47.7,1,0,0
2026-09-07 06:10:00,200.4,1,72,51.3,1,0,0
2026-09-07 06:15:00,198.3,0,74,46.9,1,0,0
2026-09-07 06:20:00,197.3,0,70,45.0,1,0,0
2026-09-07 06:25:00,193.8,0,73,46.6,1,0,0
2026-09-07 06:30:00,192.5,0,72,48.6,1,0,0
2026-09-07 06:35:00,191.6,22,82,27.9,0,0,0
2026-09-07 06:40:00,189.9,26,84,31.4,0,0,0
2026-09-07 06:45:00,189.3,27,83,27.4,0,0,0
2026-09-07 06:50:00,189.2,55,83,27.1,0,0,0
2026-09-07 06:55:00,189.7,36,79,27.6,0,0,0
2026-09-07 07:00:00,185.9,35,83,27.7,0,0,0
2026-09-07 07:05:00,187.5,38,84,33.3,0,0,0
2026-09-07 07:10:00,186.6,46,87,31.5,0,0,0
2026-09-07 07:15:00,187.8,14,83,30.9,0,0,0
2026-09-07 07:20:00,190.5,33,81,29.0,0,0,0
2026-09-07 07:25:00,192.6,20,79,29.0,0,0,0
2026-09-07 07:30:00,192.5,10,80,31.0,0,0,0
2026-09-07 07:35:00,194.8,22,80,32.2,0,0,0
2026-09-07 07:40:00,193.2,16,83,26.7,0,0,0
2026-09-07 07:45:00,192.9,33,88,29.7,0,0,0
2026-09-07 07:50:00,188.2,30,82,28.2,0,0,0
2026-09-07 07:55:00,188.3,34,81,30.4,0,0,0
2026-09-07 08:00:00,188.1,10,81,32.4,0,0,0
2026-09-07 08:05:00,185.2,27,84,28.0,0,0,0
2026-09-07 08:10:00,181.0,21,85,26.9,0,0,0
2026-09-07 08:15:00,182.0,16,82,30.4,0,0,0
2026-09-07 08:20:00,180.5,7,83,28.3,0,0,0
2026-09-07 08:25:00,179.0,15,83,31.2,0,0,0
2026-09-07 08:30:00,177.3,19,78,26.0,0,0,0
2026-09-07 08:35:00,179.2,25,83,30.8,0,0,0
2026-09-07 08:40:00,181.5,22,80,30.0,0,0,0
2026-09-07 08:45:00,183.7,38,86,30.3,0,0,0
2026-09-07 08:50:00,182.7,14,80,28.0,0,0,0
2026-09-07 08:55:00,182.3,31,86,31.6,0,0,0
2026-09-07 09:00:00,183.6,29,80,27.9,0,0,0
2026-09-07 09:05:00,183.4,19,81,30.2,0,0,0
2026-09-07 09:10:00,182.1,15,82,28.0,0,0,0
2026-09-07 09:15:00,180.0,13,79,30.2,0,0,0
2026-09-07 09:20:00,179.9,42,82,27.3,0,0,0
2026-09-07 09:25:00,181.2,18,80,22.1,0,0,0
2026-09-07 09:30:00,181.9,21,80,25.2,0,0,0
2026-09-07 09:35:00,178.4,26,82,29.4,0,0,0
2026-09-07 09:40:00,178.7,47,85,29.2,0,0,0
2026-09-07 09:45:00,177.0,34,86,28.7,0,0,0
2026-09-07 09:50:00,177.0,47,87,30.1,0,0,0
2026-09-07 09:55:00,181.5,15,82,32.8,0,0,0
2026-09-07 10:00:00,183.7,25,83,30.7,0,0,0
2026-09-07 10:05:00,184.2,23,81,29.7,0,0,0
2026-09-07 10:10:00,184.5,11,82,27.5,0,0,0
2026-09-07 10:15:00,183.3,3,84,28.3,0,0,0
2026-09-07 10:20:00,186.5,29,81,29.2,0,0,0
2026-09-07 10:25:00,188.2,25,83,29.3,0,0,0
2026-09-07 10:30:00,187.6,26,82,29.8,0,0,0
2026-09-07 10:35:00,184.3,23,82,28.1,0,0,0
2026-09-07 10:40:00,187.1,30,81,29.7,0,0,0
2026-09-07 10:45:00,187.3,19,81,34.2,0,0,0
2026-09-07 10:50:00,188.1,19,78,30.5,0,0,0
2026-09-07 10:55:00,185.0,23,80,28.5,0,0,0
2026-09-07 11:00:00,187.8,26,82,28.9,0,0,0
2026-09-07 11:05:00,190.1,39,84,29.0,0,0,0
2026-09-07 11:10:00,188.2,16,81,28.4,0,0,0
2026-09-07 11:15:00,186.7,25,84,30.7,0,0,0
2026-09-07 11:20:00,188.6,12,81,33.6,0,0,0
2026-09-07 11:25:00,185.2,34,81,27.2,0,0,0
2026-09-07 11:30:00,187.2,6,79,31.1,0,0,0
2026-09-07 11:35:00,185.7,16,82,29.9,0,0,0
2026-09-07 11:40:00,182.8,40,85,28.4,0,0,0
2026-09-07 11:45:00,181.8,52,83,31.8,0,0,0
2026-09-07 11:50:00,181.0,44,83,27.3,0,0,0
2026-09-07 11:55:00,180.8,33,83,28.9,0,0,0
2026-09-07 12:00:00,181.6,17,84,31.2,0,0,0
2026-09-07 12:05:00,176.8,32,84,28.5,0,0,0
2026-09-07 12:10:00,176.8,25,77,29.6,0,0,0
2026-09-07 12:15:00,181.2,16,80,27.7,0,0,0
2026-09-07 12:20:00,180.6,22,84,27.7,0,0,0
2026-09-07 12:25:00,181.7,37,82,28.3,0,0,0
2026-09-07 12:30:00,180.7,19,79,31.7,0,0,0
2026-09-07 12:35:00,181.7,408,108,26.7,0,0,0
2026-09-07 12:40:00,178.8,408,103,26.8,0,0,0
2026-09-07 12:45:00,177.9,400,103,26.9,0,0,0
2026-09-07 12:50:00,177.3,402,106,28.5,0,0,0
2026-09-07 12:55:00,175.6,20,79,28.4,0,0,0
2026-09-07 13:00:00,178.3,28,83,31.5,0,0,0
2026-09-07 13:05:00,180.5,25,82,28.8,0,0,0
2026-09-07 13:10:00,182.4,8,85,26.7,0,0,0
2026-09-07 13:15:00,185.3,46,83,32.3,0,0,0
2026-09-07 13:20:00,186.8,21,82,29.1,0,0,0
2026-09-07 13:25:00,183.9,36,82,31.6,0,0,0
2026-09-07 13:30:00,183.1,31,81,31.1,0,0,0
2026-09-07 13:35:00,183.3,23,83,28.9,0,0,0
2026-09-07 13:40:00,187.4,11,82,29.0,0,0,0
2026-09-07 13:45:00,191.0,12,82,30.1,0,0,0
2026-09-07 13:50:00,192.6,27,84,30.6,0,0,0
2026-09-07 13:55:00,191.8,32,83,27.2,0,0,0
2026-09-07 14:00:00,192.9,27,82,28.9,0,0,0
2026-09-07 14:05:00,192.9,19,81,26.6,0,0,0
2026-09-07 14:10:00,189.6,35,80,34.3,0,0,0
2026-09-07 14:15:00,188.0,16,81,27.6,0,0,0
2026-09-07 14:20:00,190.1,32,82,28.4,0,0,0
2026-09-07 14:25:00,189.4,21,83,32.1,0,0,0
2026-09-07 14:30:00,192.1,35,83,25.8,0,0,0
2026-09-07 14:35:00,187.4,11,82,26.6,0,0,0
2026-09-07 14:40:00,187.1,16,80,32.7,0,0,0
2026-09-07 14:45:00,191.1,24,83,28.0,0,0,0
2026-09-07 14:50:00,188.6,9,82,27.8,0,0,0
2026-09-07 14:55:00,183.0,35,86,25.8,0,0,0
2026-09-07 15:00:00,185.3,15,80,27.4,0,0,0
2026-09-07 15:05:00,185.1,25,85,26.0,0,0,0
2026-09-07 15:10:00,185.9,12,80,30.1,0,0,0
2026-09-07 15:15:00,183.3,12,84,28.6,0,0,0
2026-09-07 15:20:00,185.8,6,82,30.8,0,0,0
2026-09-07 15:25:00,185.2,11,84,32.6,0,0,0
2026-09-07 15:30:00,182.2,4,80,27.8,0,0,0
2026-09-07 15:35:00,183.8,10,82,29.0,0,0,0
2026-09-07 15:40:00,183.0,20,83,28.3,0,0,0
2026-09-07 15:45:00,183.6,18,77,28.6,0,0,0
2026-09-07 15:50:00,186.0,270,93,23.1,0,0,0
2026-09-07 15:55:00,185.0,280,98,25.8,0,0,0
2026-09-07 16:00:00,186.2,281,96,30.4,0,0,0
2026-09-07 16:05:00,186.6,280,96,28.4,0,0,0
2026-09-07 16:10:00,185.9,29,84,29.9,0,0,0
2026-09-07 16:15:00,186.1,44,89,26.4,0,0,0
2026-09-07 16:20:00,186.6,15,82,27.7,0,0,0
2026-09-07 16:25:00,186.8,15,79,29.8,0,0,0
2026-09-07 16:30:00,187.6,25,80,27.7,0,0,0
2026-09-07 16:35:00,186.4,26,84,28.7,0,0,0
2026-09-07 16:40:00,187.0,14,84,27.6,0,0,0
2026-09-07 16:45:00,186.4,31,82,27.9,0,0,0
2026-09-07 16:50:00,184.3,7,83,27.8,0,0,0
2026-09-07 16:55:00,184.9,24,84,30.2,0,0,0
2026-09-07 17:00:00,182.4,15,81,32.5,0,0,0
2026-09-07 17:05:00,185.8,30,80,29.0,0,0,0
2026-09-07 17:10:00,186.2,19,82,30.3,0,0,0
2026-09-07 17:15:00,183.8,19,85,30.0,0,0,0
2026-09-07 17:20:00,185.1,12,84,27.5,0,0,0
2026-09-07 17:25:00,186.7,15,80,27.3,0,0,0
2026-09-07 17:30:00,187.9,14,81,27.8,0,0,0
2026-09-07 17:35:00,189.5,26,82,30.5,0,0,0
2026-09-07 17:40:00,190.2,23,87,28.1,0,22,65
2026-09-07 17:45:00,193.4,16,85,32.6,0,0,0
2026-09-07 17:50:00,195.5,36,88,29.4,0,0,0
2026-09-07 17:55:00,194.8,469,113,29.1,0,0,0
2026-09-07 18:00:00,196.5,470,114,31.9,0,0,0
2026-09-07 18:05:00,200.0,37,85,29.7,0,0,0
2026-09-07 18:10:00,198.2,21,83,24.2,0,0,0
2026-09-07 18:15:00,196.4,12,84,27.3,0,0,0
2026-09-07 18:20:00,196.7,22,84,29.0,0,0,0
2026-09-07 18:25:00,197.8,18,78,31.4,0,0,0
2026-09-07 18:30:00,193.4,31,80,28.2,0,0,0
2026-09-07 18:35:00,195.3,20,86,29.9,0,0,0
2026-09-07 18:40:00,194.9,34,86,28.1,0,0,0
2026-09-07 18:45:00,192.6,14,81,28.7,0,0,0
2026-09-07 18:50:00,191.7,15,82,27.2,0,0,0
2026-09-07 18:55:00,189.0,24,84,30.9,0,0,0
2026-09-07 19:00:00,189.5,42,81,27.3,0,0,0
2026-09-07 19:05:00,192.4,20,84,29.5,0,0,0
2026-09-07 19:10:00,191.3,23,82,27.4,0,0,0
2026-09-07 19:15:00,186.9,37,85,28.6,0,0,0
2026-09-07 19:20:00,185.4,9,81,28.9,0,0,0
2026-09-07 19:25:00,185.6,23,81,31.1,0,0,0
2026-09-07 19:30:00,185.5,48,86,27.6,0,0,0
2026-09-07 19:35:00,183.1,21,80,26.8,0,0,0
2026-09-07 19:40:00,181.6,19,87,28.5,0,0,0
2026-09-07 19:45:00,181.2,38,88,30.4,0,0,0
2026-09-07 19:50:00,180.8,27,86,26.2,0,0,0
2026-09-07 19:55:00,179.1,18,82,31.4,0,0,0
2026-09-07 20:00:00,179.4,28,79,29.6,0,0,0
2026-09-07 20:05:00,182.1,23,83,26.8,0,0,0
2026-09-07 20:10:00,181.9,16,81,28.6,0,0,0
2026-09-07 20:15:00,183.1,11,82,30.0,0,0,0
2026-09-07 20:20:00,184.1,45,84,26.7,0,0,0
2026-09-07 20:25:00,184.5,29,84,26.8,0,0,0
2026-09-07 20:30:00,184.1,15,82,30.4,0,0,0
2026-09-07 20:35:00,184.6,21,79,31.0,0,0,0
2026-09-07 20:40:00,188.5,9,81,26.6,0,0,0
2026-09-07 20:45:00,191.1,21,82,29.8,0,0,0
2026-09-07 20:50:00,192.3,20,83,28.9,0,0,0
2026-09-07 20:55:00,193.9,17,82,26.7,0,0,0
2026-09-07 21:00:00,195.2,24,82,30.3,0,0,0
2026-09-07 21:05:00,194.2,12,88,29.2,0,88,70
2026-09-07 21:10:00,213.7,22,84,29.8,0,0,0
2026-09-07 21:15:00,231.7,16,83,29.0,0,0,0
2026-09-07 21:20:00,245.8,12,83,29.7,0,0,0
2026-09-07 21:25:00,253.4,22,86,29.1,0,0,0
2026-09-07 21:30:00,258.0,38,88,26.1,0,0,0
2026-09-07 21:35:00,256.4,16,81,24.3,0,0,0
2026-09-07 21:40:00,256.4,22,81,26.8,0,0,0
2026-09-07 21:45:00,257.2,18,83,24.7,0,0,0
2026-09-07 21:50:00,254.2,36,80,31.1,0,0,0
2026-09-07 21:55:00,250.9,71,87,30.4,0,0,0
2026-09-07 22:00:00,250.1,19,84,28.6,0,0,0
2026-09-07 22:05:00,243.5,9,79,27.0,0,0,0
2026-09-07 22:10:00,242.1,47,81,25.4,0,0,0
2026-09-07 22:15:00,243.6,15,84,27.6,0,0,0
2026-09-07 22:20:00,240.5,28,84,26.8,0,0,0
2026-09-07 22:25:00,238.7,21,82,33.1,0,0,0
2026-09-07 22:30:00,236.7,25,81,26.8,0,0,0
2026-09-07 22:35:00,235.1,24,79,29.8,0,0,0
2026-09-07 22:40:00,229.8,37,83,29.7,0,0,0
2026-09-07 22:45:00,225.1,35,85,26.3,0,0,0
2026-09-07 22:50:00,225.1,25,84,32.1,0,0,0
2026-09-07 22:55:00,220.6,21,81,32.4,0,0,0
2026-09-07 23:00:00,216.6,21,83,30.0,0,0,0
2026-09-07 23:05:00,214.3,22,80,29.0,0,0,0
2026-09-07 23:10:00,210.2,20,81,29.4,0,0,0
2026-09-07 23:15:00,205.0,24,84,30.1,0,0,0
2026-09-07 23:20:00,203.2,24,78,26.1,0,0,0
2026-09-07 23:25:00,200.1,15,78,28.7,0,0,0
2026-09-07 23:30:00,196.4,15,87,26.2,0,0,0
2026-09-07 23:35:00,199.0,17,80,30.9,0,0,0
2026-09-07 23:40:00,200.5,27,81,29.7,0,0,0
2026-09-07 23:45:00,196.8,34,82,26.6,0,0,0
2026-09-07 23:50:00,200.8,0,75,47.1,1,0,0
2026-09-07 23:55:00,199.4,0,73,46.1,1,0,0
2026-09-08 00:00:00,194.4,0,76,48.7,1,0,0
2026-09-08 00:05:00,191.9,0,73,47.8,1,0,0
2026-09-08 00:10:00,193.9,1,70,44.8,1,0,0
2026-09-08 00:15:00,190.1,1,70,46.4,1,0,0
2026-09-08 00:20:00,191.2,2,73,47.9,1,0,0
2026-09-08 00:25:00,193.9,0,72,45.9,1,0,0
2026-09-08 00:30:00,191.5,0,76,48.6,1,0,0
2026-09-08 00:35:00,193.9,0,71,48.6,1,0,0
2026-09-08 00:40:00,194.3,0,75,51.1,1,0,0
2026-09-08 00:45:00,193.9,0,73,45.3,1,0,0
2026-09-08 00:50:00,192.7,0,74,48.9,1,0,0
2026-09-08 00:55:00,192.6,0,77,48.9,1,0,0
2026-09-08 01:00:00,193.9,0,73,52.2,1,0,0
2026-09-08 01:05:00,189.4,0,73,47.3,1,0,0
2026-09-08 01:10:00,188.6,0,72,48.6,1,0,0
2026-09-08 01:15:00,187.1,0,73,45.1,1,0,0
2026-09-08 01:20:00,191.1,1,74,46.8,1,0,0
2026-09-08 01:25:00,187.2,0,73,49.7,1,0,0
2026-09-08 01:30:00,189.2,0,75,46.5,1,0,0
2026-09-08 01:35:00,191.3,0,72,46.6,1,0,0
2026-09-08 01:40:00,188.7,0,74,51.7,1,0,0
2026-09-08 01:45:00,188.2,0,72,47.3,1,0,0
2026-09-08 01:50:00,185.9,0,69,47.8,1,0,0
2026-09-08 01:55:00,182.9,0,75,46.9,1,0,0
2026-09-08 02:00:00,181.7,0,73,47.0,1,0,0
2026-09-08 02:05:00,183.4,1,72,45.2,1,0,0
2026-09-08 02:10:00,183.2,2,72,44.3,1,0,0
2026-09-08 02:15:00,184.6,1,69,47.5,1,0,0
2026-09-08 02:20:00,182.5,0,72,47.0,1,0,0
2026-09-08 02:25:00,183.7,1,75,46.8,1,0,0
2026-09-08 02:30:00,185.0,0,71,45.4,1,0,0
2026-09-08 02:35:00,183.9,0,74,47.0,1,0,0
2026-09-08 02:40:00,183.8,0,75,47.1,1,0,0
2026-09-08 02:45:00,184.8,0,72,51.3,1,0,0
2026-09-08 02:50:00,187.9,0,70,46.3,1,0,0
2026-09-08 02:55:00,185.5,1,73,48.2,1,0,0
2026-09-08 03:00:00,187.9,0,74,48.6,1,0,0
2026-09-08 03:05:00,186.4,0,71,46.9,1,0,0
2026-09-08 03:10:00,189.9,0,72,46.6,1,0,0
2026-09-08 03:15:00,189.2,0,73,49.1,1,0,0
2026-09-08 03:20:00,192.4,0,74,47.2,1,0,0
2026-09-08 03:25:00,191.1,1,75,51.1,1,0,0
2026-09-08 03:30:00,187.6,1,76,46.1,1,0,0
2026-09-08 03:35:00,185.6,0,70,50.3,1,0,0
2026-09-08 03:40:00,187.0,0,74,45.4,1,0,0
2026-09-08 03:45:00,186.7,0,72,48.9,1,0,0
2026-09-08 03:50:00,187.6,0,71,48.5,1,0,0
2026-09-08 03:55:00,186.3,1,74,46.6,1,0,0
2026-09-08 04:00:00,189.8,0,71,48.4,1,0,0
2026-09-08 04:05:00,189.1,0,74,46.4,1,0,0
2026-09-08 04:10:00,191.1,0,72,48.8,1,0,0
2026-09-08 04:15:00,191.0,0,73,46.7,1,0,0
2026-09-08 04:20:00,190.5,0,73,47.5,1,0,0
2026-09-08 04:25:00,190.7,0,71,47.7,1,0,0
2026-09-08 04:30:00,193.1,0,69,51.0,1,0,0
2026-09-08 04:35:00,190.1,0,74,48.6,1,0,0
2026-09-08 04:40:00,188.6,0,76,49.7,1,0,0
2026-09-08 04:45:00,187.3,0,71,47.3,1,0,0
2026-09-08 04:50:00,187.7,0,71,48.9,1,0,0
2026-09-08 04:55:00,188.6,0,71,49.5,1,0,0
2026-09-08 05:00:00,187.8,0,71,45.6,1,0,0
2026-09-08 05:05:00,187.2,0,71,50.9,1,0,0
2026-09-08 05:10:00,188.1,1,75,48.5,1,0,0
2026-09-08 05:15:00,187.6,2,74,51.3,1,0,0
2026-09-08 05:20:00,189.0,0,73,47.9,1,0,0
2026-09-08 05:25:00,188.2,1,74,45.1,1,0,0
2026-09-08 05:30:00,187.6,1,72,44.9,1,0,0
2026-09-08 05:35:00,189.5,0,69,47.9,1,0,0
2026-09-08 05:40:00,185.6,1,70,49.1,1,0,0
2026-09-08 05:45:00,187.0,1,74,48.6,1,0,0
2026-09-08 05:50:00,190.4,0,71,50.1,1,0,0
2026-09-08 05:55:00,191.3,0,73,45.6,1,0,0
2026-09-08 06:00:00,192.0,1,73,46.1,1,0,0
2026-09-08 06:05:00,192.2,0,76,46.5,1,0,0
2026-09-08 06:10:00,189.8,0,73,49.3,1,0,0
2026-09-08 06:15:00,188.7,0,74,42.9,1,0,0
2026-09-08 06:20:00,189.9,1,73,44.1,1,0,0
2026-09-08 06:25:00,192.2,27,84,30.5,0,0,0
2026-09-08 06:30:00,193.0,28,85,28.2,0,0,0
2026-09-08 06:35:00,195.1,18,81,30.6,0,0,0
2026-09-08 06:40:00,195.5,11,82,30.2,0,0,0
2026-09-08 06:45:00,196.7,16,84,31.2,0,0,0
2026-09-08 06:50:00,197.9,30,82,32.0,0,0,0
2026-09-08 06:55:00,199.9,21,81,27.5,0,0,0
2026-09-08 07:00:00,201.4,23,81,29.4,0,0,0
2026-09-08 07:05:00,199.0,10,84,30.4,0,0,0
2026-09-08 07:10:00,200.6,19,82,26.6,0,0,0
2026-09-08 07:15:00,198.8,13,83,29.0,0,0,0
2026-09-08 07:20:00,194.3,7,82,32.3,0,0,0
2026-09-08 07:25:00,188.4,45,83,29.8,0,0,0
2026-09-08 07:30:00,186.9,50,84,29.3,0,0,0
2026-09-08 07:35:00,187.8,21,79,29.9,0,0,0
2026-09-08 07:40:00,186.4,17,84,31.6,0,0,0
2026-09-08 07:45:00,186.1,18,81,27.7,0,0,0
2026-09-08 07:50:00,188.6,25,81,29.6,0,0,0
2026-09-08 07:55:00,186.3,23,84,28.9,0,0,0
2026-09-08 08:00:00,185.6,19,82,30.5,0,0,0
2026-09-08 08:05:00,185.2,35,85,31.3,0,0,0
2026-09-08 08:10:00,185.5,36,88,28.5,0,32,50
2026-09-08 08:15:00,192.6,27,87,28.8,0,0,0
2026-09-08 08:20:00,197.0,41,89,25.1,0,0,0
2026-09-08 08:25:00,197.9,26,89,27.3,0,0,0
2026-09-08 08:30:00,205.6,11,87,32.1,0,0,0
2026-09-08 08:35:00,205.7,15,85,28.8,0,0,0
2026-09-08 08:40:00,205.6,15,80,31.3,0,0,0
2026-09-08 08:45:00,203.5,11,84,28.5,0,0,0
2026-09-08 08:50:00,206.0,22,82,27.8,0,0,0
2026-09-08 08:55:00,206.2,32,84,32.6,0,0,0
2026-09-08 09:00:00,206.6,21,81,25.7,0,0,0
2026-09-08 09:05:00,207.3,25,82,27.3,0,0,0
2026-09-08 09:10:00,209.3,5,78,28.8,0,0,0
2026-09-08 09:15:00,207.5,38,85,28.2,0,0,0
2026-09-08 09:20:00,204.8,39,81,27.2,0,0,0
2026-09-08 09:25:00,205.3,18,81,34.8,0,0,0
2026-09-08 09:30:00,205.7,30,87,27.9,0,0,0
2026-09-08 09:35:00,204.0,25,81,30.8,0,0,0
2026-09-08 09:40:00,199.5,18,80,31.5,0,0,0
2026-09-08 09:45:00,197.3,19,79,30.2,0,0,0
2026-09-08 09:50:00,197.8,47,81,27.9,0,0,0
2026-09-08 09:55:00,198.1,28,82,28.7,0,0,0
2026-09-08 10:00:00,195.4,54,83,26.4,0,0,0
2026-09-08 10:05:00,193.9,14,82,31.1,0,0,0
2026-09-08 10:10:00,190.9,51,84,27.0,0,0,0
2026-09-08 10:15:00,193.8,13,82,27.7,0,0,0
2026-09-08 10:20:00,194.2,16,81,27.8,0,0,0
2026-09-08 10:25:00,193.5,7,83,30.9,0,0,0
2026-09-08 10:30:00,189.7,39,82,28.8,0,0,0
2026-09-08 10:35:00,191.7,33,83,26.3,0,0,0
2026-09-08 10:40:00,191.1,21,82,31.2,0,0,0
2026-09-08 10:45:00,190.9,17,77,24.8,0,0,0
2026-09-08 10:50:00,190.2,33,83,30.8,0,0,0
2026-09-08 10:55:00,192.9,21,84,30.7,0,0,0
2026-09-08 11:00:00,191.3,23,84,27.3,0,0,0
2026-09-08 11:05:00,189.6,8,83,28.9,0,0,0
2026-09-08 11:10:00,191.2,35,82,30.0,0,0,0
2026-09-08 11:15:00,192.5,46,86,29.0,0,0,0
2026-09-08 11:20:00,190.6,17,83,29.6,0,0,0
2026-09-08 11:25:00,188.5,24,82,30.5,0,0,0
2026-09-08 11:30:00,190.8,18,79,29.0,0,0,0
2026-09-08 11:35:00,190.9,35,84,28.5,0,0,0
2026-09-08 11:40:00,192.1,21,84,30.1,0,0,0
2026-09-08 11:45:00,191.3,12,84,28.0,0,0,0
2026-09-08 11:50:00,190.9,13,85,27.4,0,0,0
2026-09-08 11:55:00,190.8,28,81,28.2,0,0,0
2026-09-08 12:00:00,188.5,37,83,28.5,0,0,0
2026-09-08 12:05:00,190.4,26,83,30.3,0,0,0
2026-09-08 12:10:00,189.5,27,80,30.4,0,0,0
2026-09-08 12:15:00,188.3,56,85,26.5,0,0,0
2026-09-08 12:20:00,188.2,18,85,28.0,0,0,0
2026-09-08 12:25:00,188.0,49,84,27.8,0,0,0
2026-09-08 12:30:00,187.3,32,83,27.6,0,0,0
2026-09-08 12:35:00,187.2,15,82,27.7,0,0,0
2026-09-08 12:40:00,190.0,9,83,27.1,0,0,0
2026-09-08 12:45:00,189.5,40,88,28.5,0,0,0
2026-09-08 12:50:00,190.1,14,82,26.0,0,0,0
2026-09-08 12:55:00,189.6,12,81,27.5,0,0,0
2026-09-08 13:00:00,189.6,21,82,29.0,0,0,0
2026-09-08 13:05:00,192.2,21,80,32.1,0,0,0
2026-09-08 13:10:00,189.3,28,82,28.2,0,0,0
2026-09-08 13:15:00,190.0,19,84,29.1,0,0,0
2026-09-08 13:20:00,192.3,17,83,28.7,0,0,0
2026-09-08 13:25:00,189.7,6,84,27.3,0,0,0
2026-09-08 13:30:00,185.0,12,79,31.5,0,0,0
2026-09-08 13:35:00,183.6,47,85,31.2,0,0,0
2026-09-08 13:40:00,185.9,29,87,28.8,0,98,70
2026-09-08 13:45:00,210.3,20,85,27.4,0,0,0
2026-09-08 13:50:00,226.8,36,87,24.7,0,0,0
2026-09-08 13:55:00,239.3,30,87,29.5,0,0,0
2026-09-08 14:00:00,247.2,23,88,29.2,0,0,0
2026-09-08 14:05:00,259.0,15,85,29.7,0,0,0
2026-09-08 14:10:00,262.1,55,80,28.8,0,0,0
2026-09-08 14:15:00,265.9,23,84,29.1,0,0,0
2026-09-08 14:20:00,267.0,18,81,29.1,0,0,0
2026-09-08 14:25:00,268.7,60,84,29.5,0,0,0
2026-09-08 14:30:00,269.0,9,82,33.1,0,0,0
2026-09-08 14:35:00,265.4,26,84,27.7,0,0,0
2026-09-08 14:40:00,263.7,20,83,32.5,0,0,0
2026-09-08 14:45:00,261.5,15,86,26.9,0,0,0
2026-09-08 14:50:00,259.4,16,81,32.4,0,0,0
2026-09-08 14:55:00,258.2,17,80,28.5,0,0,0
2026-09-08 15:00:00,255.5,30,83,27.4,0,0,0
2026-09-08 15:05:00,253.2,37,86,25.8,0,0,0
2026-09-08 15:10:00,250.8,21,83,27.3,0,0,0
2026-09-08 15:15:00,247.8,18,83,28.8,0,0,0
2026-09-08 15:20:00,243.2,14,78,31.9,0,0,0
2026-09-08 15:25:00,240.8,19,85,29.3,0,0,0
2026-09-08 15:30:00,233.2,19,79,29.0,0,0,0
2026-09-08 15:35:00,227.0,24,79,30.8,0,0,0
2026-09-08 15:40:00,226.4,12,80,30.3,0,0,0
2026-09-08 15:45:00,220.0,13,81,32.6,0,0,0
2026-09-08 15:50:00,218.0,9,81,26.0,0,0,0
2026-09-08 15:55:00,214.3,17,83,27.9,0,0,0
2026-09-08 16:00:00,206.4,24,80,30.3,0,0,0
2026-09-08 16:05:00,203.4,20,84,29.6,0,0,0
2026-09-08 16:10:00,201.7,15,84,27.5,0,0,0
2026-09-08 16:15:00,201.0,23,82,28.0,0,0,0
2026-09-08 16:20:00,199.4,21,82,23.4,0,0,0
2026-09-08 16:25:00,201.0,19,82,26.0,0,0,0
2026-09-08 16:30:00,199.2,39,85,30.0,0,0,0
2026-09-08 16:35:00,196.0,24,81,30.6,0,0,0
2026-09-08 16:40:00,194.1,11,86,31.5,0,0,0
2026-09-08 16:45:00,191.5,23,79,25.8,0,0,0
2026-09-08 16:50:00,188.7,23,85,27.7,0,0,0
2026-09-08 16:55:00,187.6,20,79,32.5,0,0,0
2026-09-08 17:00:00,191.7,25,84,27.6,0,0,0
2026-09-08 17:05:00,194.2,17,84,27.1,0,0,0
2026-09-08 17:10:00,194.8,510,111,27.5,0,0,0
2026-09-08 17:15:00,192.9,483,108,30.6,0,0,0
2026-09-08 17:20:00,191.5,493,113,25.8,0,0,0
2026-09-08 17:25:00,189.5,493,112,26.0,0,19,50
2026-09-08 17:30:00,191.0,43,86,31.8,0,0,0
2026-09-08 17:35:00,192.2,51,87,26.9,0,0,0
2026-09-08 17:40:00,194.6,537,117,28.2,0,0,0
2026-09-08 17:45:00,196.0,527,115,29.0,0,0,0
2026-09-08 17:50:00,197.4,42,88,30.3,0,0,0
2026-09-08 17:55:00,196.6,34,80,30.3,0,0,0
2026-09-08 18:00:00,199.4,22,81,28.0,0,0,0
2026-09-08 18:05:00,198.3,11,81,28.1,0,0,0
2026-09-08 18:10:00,199.1,14,83,29.7,0,0,0
2026-09-08 18:15:00,197.4,57,84,31.0,0,0,0
2026-09-08 18:20:00,192.3,28,83,30.0,0,0,0
2026-09-08 18:25:00,195.0,13,83,28.3,0,0,0
2026-09-08 18:30:00,197.9,14,80,28.2,0,0,0
2026-09-08 18:35:00,194.9,13,80,27.3,0,0,0
2026-09-08 18:40:00,197.1,14,81,30.9,0,0,0
2026-09-08 18:45:00,196.6,41,83,27.3,0,0,0
2026-09-08 18:50:00,196.6,20,83,29.6,0,0,0
2026-09-08 18:55:00,193.6,25,85,27.7,0,0,0
2026-09-08 19:00:00,193.1,14,81,28.7,0,0,0
2026-09-08 19:05:00,190.8,57,85,28.3,0,0,0
2026-09-08 19:10:00,189.0,26,82,29.7,0,0,0
2026-09-08 19:15:00,190.4,38,85,29.0,0,0,0
2026-09-08 19:20:00,185.7,18,81,33.0,0,0,0
2026-09-08 19:25:00,182.4,24,83,24.7,0,0,0
2026-09-08 19:30:00,180.8,17,81,29.8,0,0,0
2026-09-08 19:35:00,184.0,27,84,31.1,0,0,0
2026-09-08 19:40:00,182.6,30,82,29.7,0,0,0
2026-09-08 19:45:00,184.4,5,82,28.4,0,0,0
2026-09-08 19:50:00,186.2,15,84,30.0,0,0,0
2026-09-08 19:55:00,188.0,28,83,30.4,0,0,0
2026-09-08 20:00:00,188.3,35,85,27.6,0,0,0
2026-09-08 20:05:00,187.2,10,84,29.2,0,0,0
2026-09-08 20:10:00,187.4,19,82,34.2,0,0,0
2026-09-08 20:15:00,185.9,15,78,31.5,0,0,0
2026-09-08 20:20:00,187.8,14,83,29.1,0,0,0
2026-09-08 20:25:00,191.3,21,81,29.2,0,0,0
2026-09-08 20:30:00,188.5,30,85,25.0,0,0,0
2026-09-08 20:35:00,187.0,16,81,28.6,0,0,0
2026-09-08 20:40:00,184.3,20,85,25.9,0,0,0
2026-09-08 20:45:00,181.5,18,80,26.4,0,0,0
2026-09-08 20:50:00,181.8,18,83,29.5,0,0,0
2026-09-08 20:55:00,183.9,9,81,29.9,0,52,50
2026-09-08 21:00:00,190.8,56,87,26.7,0,0,0
2026-09-08 21:05:00,198.7,10,86,28.7,0,0,0
2026-09-08 21:10:00,200.2,539,116,28.8,0,0,0
2026-09-08 21:15:00,203.8,529,115,29.3,0,0,0
2026-09-08 21:20:00,204.4,24,85,30.0,0,0,0
2026-09-08 21:25:00,204.7,28,81,25.6,0,0,0
2026-09-08 21:30:00,203.9,45,82,31.3,0,0,0
2026-09-08 21:35:00,202.9,9,80,30.7,0,0,0
2026-09-08 21:40:00,204.7,24,82,27.6,0,0,0
2026-09-08 21:45:00,200.8,23,82,30.9,0,0,0
2026-09-08 21:50:00,199.6,11,82,28.7,0,0,0
2026-09-08 21:55:00,196.5,16,79,28.6,0,0,0
2026-09-08 22:00:00,198.6,42,82,30.1,0,0,0
2026-09-08 22:05:00,199.5,17,81,28.7,0,0,0
2026-09-08 22:10:00,199.1,29,81,31.6,0,0,0
2026-09-08 22:15:00,199.3,39,84,31.0,0,0,0
2026-09-08 22:20:00,198.0,35,84,31.1,0,0,0
2026-09-08 22:25:00,201.0,20,84,30.4,0,0,0
2026-09-08 22:30:00,196.3,24,82,29.1,0,0,0
2026-09-08 22:35:00,195.6,26,82,31.0,0,0,0
2026-09-08 22:40:00,196.1,15,81,31.7,0,0,0
2026-09-08 22:45:00,195.4,30,83,31.8,0,0,0
2026-09-08 22:50:00,196.5,10,84,31.2,0,0,0
2026-09-08 22:55:00,196.3,10,84,28.5,0,0,0
2026-09-08 23:00:00,196.2,33,83,30.4,0,0,0
2026-09-08 23:05:00,198.6,18,85,30.6,0,0,0
2026-09-08 23:10:00,199.1,19,88,29.8,0,0,0
2026-09-08 23:15:00,198.3,12,81,31.4,0,0,0
2026-09-08 23:20:00,201.1,57,84,28.8,0,0,0
2026-09-08 23:25:00,197.9,19,80,29.4,0,0,0
2026-09-08 23:30:00,197.3,18,83,29.8,0,0,0
2026-09-08 23:35:00,195.5,12,81,33.7,0,0,0
2026-09-08 23:40:00,196.0,43,81,28.8,0,0,0
2026-09-08 23:45:00,195.5,42,84,33.0,0,0,0
2026-09-08 23:50:00,191.5,22,82,30.6,0,0,0
2026-09-08 23:55:00,192.4,36,83,27.2,0,0,0
2026-09-09 00:00:00,189.4,29,81,27.8,0,0,0
2026-09-09 00:05:00,186.7,26,80,29.1,0,0,0
2026-09-09 00:10:00,188.0,10,79,30.2,0,0,0
2026-09-09 00:15:00,186.1,30,84,29.5,0,0,0
2026-09-09 00:20:00,183.5,12,81,28.7,0,0,0
2026-09-09 00:25:00,180.6,16,79,26.4,0,0,0
2026-09-09 00:30:00,181.9,19,86,27.1,0,0,0
2026-09-09 00:35:00,184.4,39,83,32.1,0,0,0
2026-09-09 00:40:00,185.3,24,83,29.4,0,0,0
2026-09-09 00:45:00,183.6,10,80,27.1,0,0,0
2026-09-09 00:50:00,187.8,35,84,30.4,0,0,0
2026-09-09 00:55:00,184.5,10,77,31.2,0,0,0
2026-09-09 01:00:00,182.6,26,79,32.4,0,0,0
2026-09-09 01:05:00,181.6,19,81,30.5,0,0,0
2026-09-09 01:10:00,181.7,25,83,26.7,0,0,0
2026-09-09 01:15:00,182.9,18,80,32.0,0,0,0
2026-09-09 01:20:00,179.5,20,79,27.1,0,0,0
2026-09-09 01:25:00,180.0,17,81,28.9,0,0,0
2026-09-09 01:30:00,180.5,25,85,31.2,0,0,0
2026-09-09 01:35:00,182.8,12,79,28.9,0,0,0
2026-09-09 01:40:00,183.7,29,79,29.0,0,0,0
2026-09-09 01:45:00,182.2,1,74,44.9,1,0,0
2026-09-09 01:50:00,181.9,0,75,49.1,1,0,0
2026-09-09 01:55:00,185.2,0,70,45.8,1,0,0
2026-09-09 02:00:00,187.3,0,76,50.1,1,0,0
2026-09-09 02:05:00,185.8,0,73,49.1,1,0,0
2026-09-09 02:10:00,184.7,1,74,51.8,1,0,0
2026-09-09 02:15:00,184.8,0,73,48.0,1,0,0
2026-09-09 02:20:00,183.5,0,70,44.4,1,0,0
2026-09-09 02:25:00,187.0,0,75,48.5,1,0,0
2026-09-09 02:30:00,187.4,0,71,50.1,1,0,0
2026-09-09 02:35:00,188.6,0,71,51.5,1,0,0
2026-09-09 02:40:00,190.3,0,73,47.0,1,0,0
2026-09-09 02:45:00,186.1,0,75,47.1,1,0,0
2026-09-09 02:50:00,183.2,1,75,48.6,1,0,0
2026-09-09 02:55:00,182.9,0,75,47.6,1,0,0
2026-09-09 03:00:00,181.4,0,71,48.3,1,0,0
2026-09-09 03:05:00,180.8,0,71,49.0,1,0,0
2026-09-09 03:10:00,181.7,0,75,47.0,1,0,0
2026-09-09 03:15:00,185.0,0,70,49.7,1,0,0
2026-09-09 03:20:00,184.6,0,74,46.9,1,0,0
2026-09-09 03:25:00,185.3,0,73,46.2,1,0,0
2026-09-09 03:30:00,185.5,0,69,48.2,1,0,0
2026-09-09 03:35:00,184.4,0,72,48.9,1,0,0
2026-09-09 03:40:00,183.4,0,72,45.1,1,0,0
2026-09-09 03:45:00,182.2,0,74,45.3,1,0,0
2026-09-09 03:50:00,184.0,0,75,47.3,1,0,0
2026-09-09 03:55:00,182.5,1,77,46.3,1,0,0
2026-09-09 04:00:00,181.3,1,74,48.2,1,0,0
2026-09-09 04:05:00,183.7,0,72,48.3,1,0,0
2026-09-09 04:10:00,182.0,0,70,45.5,1,0,0
2026-09-09 04:15:00,187.4,0,73,47.6,1,0,0
2026-09-09 04:20:00,186.2,0,71,45.7,1,0,0
2026-09-09 04:25:00,184.2,0,72,45.6,1,0,0
2026-09-09 04:30:00,183.8,1,73,47.7,1,0,0
2026-09-09 04:35:00,181.6,1,74,48.5,1,0,0
2026-09-09 04:40:00,181.7,0,71,47.3,1,0,0
2026-09-09 04:45:00,184.8,0,73,51.6,1,0,0
2026-09-09 04:50:00,186.0,0,74,49.0,1,0,0
2026-09-09 04:55:00,189.3,1,74,48.3,1,0,0
2026-09-09 05:00:00,188.7,0,77,46.9,1,0,0
2026-09-09 05:05:00,189.0,1,76,48.9,1,0,0
2026-09-09 05:10:00,188.9,0,74,48.1,1,0,0
2026-09-09 05:15:00,184.5,0,74,49.5,1,0,0
2026-09-09 05:20:00,186.9,0,72,46.3,1,0,0
2026-09-09 05:25:00,186.0,0,71,48.3,1,0,0
2026-09-09 05:30:00,186.0,0,76,49.5,1,0,0
2026-09-09 05:35:00,184.4,0,72,48.9,1,0,0
2026-09-09 05:40:00,185.4,0,75,46.0,1,0,0
2026-09-09 05:45:00,185.5,0,67,49.3,1,0,0
2026-09-09 05:50:00,185.2,0,71,49.2,1,0,0
2026-09-09 05:55:00,184.1,0,71,48.9,1,0,0
2026-09-09 06:00:00,184.6,61,83,31.2,0,0,0
2026-09-09 06:05:00,182.3,25,80,28.3,0,0,0
2026-09-09 06:10:00,184.6,15,84,28.4,0,0,0
2026-09-09 06:15:00,185.6,22,83,33.0,0,0,0
2026-09-09 06:20:00,182.9,42,82,31.6,0,0,0
2026-09-09 06:25:00,182.0,35,87,26.2,0,0,0
2026-09-09 06:30:00,181.6,21,81,28.5,0,0,0
2026-09-09 06:35:00,181.0,17,86,31.1,0,0,0
2026-09-09 06:40:00,181.1,20,84,28.6,0,0,0
2026-09-09 06:45:00,181.8,26,83,31.6,0,0,0
2026-09-09 06:50:00,183.0,16,84,32.0,0,0,0
2026-09-09 06:55:00,187.4,14,83,27.4,0,0,0
2026-09-09 07:00:00,188.7,49,84,27.5,0,0,0
2026-09-09 07:05:00,188.3,30,80,28.0,0,0,0
2026-09-09 07:10:00,188.3,9,80,30.4,0,0,0
2026-09-09 07:15:00,189.5,19,78,29.7,0,0,0
2026-09-09 07:20:00,186.3,37,82,26.9,0,0,0
2026-09-09 07:25:00,184.6,27,83,26.3,0,0,0
2026-09-09 07:30:00,187.2,23,87,27.0,0,56,70
2026-09-09 07:35:00,195.4,12,85,31.1,0,0,0
2026-09-09 07:40:00,208.2,28,81,29.4,0,0,0
2026-09-09 07:45:00,217.1,12,85,31.6,0,0,0
2026-09-09 07:50:00,225.6,23,82,32.2,0,0,0
2026-09-09 07:55:00,227.7,11,85,30.3,0,0,0
2026-09-09 08:00:00,229.6,22,81,24.8,0,0,0
2026-09-09 08:05:00,233.7,30,80,29.5,0,0,0
2026-09-09 08:10:00,231.3,17,79,29.7,0,0,0
2026-09-09 08:15:00,230.3,21,82,33.2,0,0,0
2026-09-09 08:20:00,231.2,19,82,29.2,0,0,0
2026-09-09 08:25:00,228.0,21,86,29.8,0,0,0
2026-09-09 08:30:00,226.3,28,86,29.7,0,0,0
2026-09-09 08:35:00,223.8,33,79,28.6,0,0,0
2026-09-09 08:40:00,222.5,24,84,31.9,0,0,0
2026-09-09 08:45:00,223.0,15,84,29.5,0,0,0
2026-09-09 08:50:00,223.8,15,85,24.8,0,0,0
2026-09-09 08:55:00,221.4,29,83,29.8,0,0,0
2026-09-09 09:00:00,219.8,27,86,29.5,0,0,0
2026-09-09 09:05:00,215.4,20,80,29.8,0,0,0
2026-09-09 09:10:00,212.5,20,81,30.1,0,0,0
2026-09-09 09:15:00,209.6,9,81,27.3,0,0,0
2026-09-09 09:20:00,209.7,21,80,32.3,0,0,0
2026-09-09 09:25:00,208.4,34,86,30.6,0,0,0
2026-09-09 09:30:00,209.6,40,82,32.6,0,0,0
2026-09-09 09:35:00,207.0,16,81,30.4,0,0,0
2026-09-09 09:40:00,203.2,25,81,29.1,0,0,0
2026-09-09 09:45:00,202.5,16,84,30.1,0,0,0
2026-09-09 09:50:00,198.6,40,84,28.5,0,0,0
2026-09-09 09:55:00,199.1,18,82,25.6,0,0,0
2026-09-09 10:00:00,198.7,34,81,26.9,0,0,0
2026-09-09 10:05:00,194.7,27,78,29.9,0,0,0
2026-09-09 10:10:00,193.1,19,85,28.0,0,0,0
2026-09-09 10:15:00,190.6,21,82,30.2,0,0,0
2026-09-09 10:20:00,189.8,12,78,31.7,0,0,0
2026-09-09 10:25:00,185.9,17,82,29.3,0,0,0
2026-09-09 10:30:00,182.8,17,83,29.1,0,0,0
2026-09-09 10:35:00,182.1,21,84,28.2,0,0,0
2026-09-09 10:40:00,182.7,18,84,28.0,0,0,0
2026-09-09 10:45:00,180.6,20,84,30.5,0,0,0
2026-09-09 10:50:00,183.8,27,83,34.2,0,0,0
2026-09-09 10:55:00,181.6,18,81,29.2,0,0,0
2026-09-09 11:00:00,180.1,36,83,26.6,0,0,0
2026-09-09 11:05:00,181.1,22,83,29.5,0,0,0
2026-09-09 11:10:00,180.3,18,82,30.8,0,0,0
2026-09-09 11:15:00,181.0,15,84,32.1,0,0,0
2026-09-09 11:20:00,180.8,35,82,29.5,0,0,0
2026-09-09 11:25:00,180.0,19,82,27.2,0,0,0
2026-09-09 11:30:00,178.5,22,79,30.6,0,0,0
2026-09-09 11:35:00,179.2,27,81,30.0,0,0,0
2026-09-09 11:40:00,177.0,21,82,30.7,0,0,0
2026-09-09 11:45:00,179.9,11,80,27.6,0,0,0
2026-09-09 11:50:00,182.7,13,80,30.3,0,0,0
2026-09-09 11:55:00,186.4,38,82,30.7,0,0,0
2026-09-09 12:00:00,185.0,33,81,30.3,0,0,0
2026-09-09 12:05:00,184.9,24,85,32.8,0,0,0
2026-09-09 12:10:00,181.5,15,82,27.3,0,0,0
2026-09-09 12:15:00,178.2,28,82,30.6,0,0,0
2026-09-09 12:20:00,179.4,16,85,28.2,0,0,0
2026-09-09 12:25:00,183.3,13,86,30.1,0,0,0
2026-09-09 12:30:00,183.1,11,85,32.7,0,0,0
2026-09-09 12:35:00,181.2,22,79,31.7,0,0,0
2026-09-09 12:40:00,181.4,19,80,31.0,0,0,0
2026-09-09 12:45:00,180.8,25,80,30.2,0,0,0
2026-09-09 12:50:00,181.7,34,83,31.6,0,0,0
2026-09-09 12:55:00,185.1,11,81,29.5,0,0,0
2026-09-09 13:00:00,185.3,27,86,27.5,0,0,0
2026-09-09 13:05:00,186.2,22,82,29.1,0,0,0
2026-09-09 13:10:00,189.4,29,84,28.7,0,0,0
2026-09-09 13:15:00,189.8,21,82,30.6,0,0,0
2026-09-09 13:20:00,188.0,26,81,29.6,0,0,0
2026-09-09 13:25:00,187.3,377,103,29.2,0,0,0
2026-09-09 13:30:00,187.4,393,103,30.2,0,0,0
2026-09-09 13:35:00,187.6,378,104,29.2,0,0,0
2026-09-09 13:40:00,187.1,19,81,28.6,0,0,0
2026-09-09 13:45:00,187.6,21,81,30.1,0,0,0
2026-09-09 13:50:00,191.4,9,78,31.5,0,0,0
2026-09-09 13:55:00,190.9,7,81,29.3,0,0,0
2026-09-09 14:00:00,191.4,23,83,26.4,0,0,0
2026-09-09 14:05:00,190.5,31,81,31.4,0,0,0
2026-09-09 14:10:00,191.9,18,84,29.3,0,0,0
2026-09-09 14:15:00,190.4,36,82,32.1,0,0,0
2026-09-09 14:20:00,186.4,36,82,30.4,0,0,0
2026-09-09 14:25:00,187.2,14,80,28.0,0,0,0
2026-09-09 14:30:00,189.1,14,83,28.2,0,0,0
2026-09-09 14:35:00,185.2,8,82,28.6,0,0,0
2026-09-09 14:40:00,184.0,33,83,28.5,0,0,0
2026-09-09 14:45:00,180.9,22,85,27.2,0,0,0
2026-09-09 14:50:00,183.7,26,83,28.6,0,0,0
2026-09-09 14:55:00,178.7,24,82,29.0,0,0,0
2026-09-09 15:00:00,179.4,26,81,33.7,0,0,0
2026-09-09 15:05:00,179.0,14,80,28.6,0,0,0
2026-09-09 15:10:00,179.4,9,80,28.7,0,0,0
2026-09-09 15:15:00,179.1,18,78,28.3,0,0,0
2026-09-09 15:20:00,179.6,21,82,30.3,0,0,0
2026-09-09 15:25:00,180.9,17,83,27.0,0,0,0
2026-09-09 15:30:00,179.2,24,82,28.9,0,0,0
2026-09-09 15:35:00,180.3,421,106,32.3,0,0,0
2026-09-09 15:40:00,180.0,433,104,25.1,0,0,0
2026-09-09 15:45:00,177.9,442,107,29.1,0,0,0
2026-09-09 15:50:00,179.8,425,104,26.4,0,0,0
2026-09-09 15:55:00,178.4,462,108,30.9,0,0,0
2026-09-09 16:00:00,178.5,438,106,29.6,0,0,0
2026-09-09 16:05:00,180.3,452,108,32.3,0,0,0
2026-09-09 16:10:00,180.9,16,82,30.9,0,0,0
2026-09-09 16:15:00,182.6,19,83,28.4,0,0,0
2026-09-09 16:20:00,187.2,30,81,29.7,0,0,0
2026-09-09 16:25:00,186.7,37,83,31.4,0,0,0
2026-09-09 16:30:00,185.2,28,84,29.8,0,0,0
2026-09-09 16:35:00,183.2,18,85,27.5,0,0,0
2026-09-09 16:40:00,180.2,13,78,29.3,0,0,0
2026-09-09 16:45:00,184.1,22,86,26.6,0,0,0
2026-09-09 16:50:00,183.5,26,84,30.2,0,0,0
2026-09-09 16:55:00,185.0,21,81,30.6,0,0,0
2026-09-09 17:00:00,185.4,35,82,29.5,0,0,0
2026-09-09 17:05:00,186.5,21,82,31.2,0,0,0
2026-09-09 17:10:00,185.8,31,83,29.9,0,0,0
2026-09-09 17:15:00,184.8,24,83,29.4,0,0,0
2026-09-09 17:20:00,186.3,11,85,29.8,0,0,0
2026-09-09 17:25:00,190.4,25,85,28.8,0,0,0
2026-09-09 17:30:00,190.8,8,82,29.7,0,0,0
2026-09-09 17:35:00,188.1,17,83,29.4,0,0,0
2026-09-09 17:40:00,187.6,14,85,29.4,0,0,0
2026-09-09 17:45:00,187.1,37,83,25.4,0,0,0
2026-09-09 17:50:00,186.3,26,86,32.5,0,0,0
2026-09-09 17:55:00,186.9,36,79,30.9,0,0,0
2026-09-09 18:00:00,185.6,11,83,28.0,0,0,0
2026-09-09 18:05:00,184.4,14,83,29.8,0,24,65
2026-09-09 18:10:00,184.8,21,84,34.0,0,0,0
2026-09-09 18:15:00,187.8,18,87,30.2,0,0,0
2026-09-09 18:20:00,189.7,500,115,31.2,0,0,0
2026-09-09 18:25:00,194.9,524,121,30.4,0,0,0
2026-09-09 18:30:00,196.8,26,86,28.1,0,0,0
2026-09-09 18:35:00,197.3,25,83,26.2,0,0,0
2026-09-09 18:40:00,196.9,9,82,27.5,0,0,0
2026-09-09 18:45:00,200.9,27,82,31.4,0,0,0
2026-09-09 18:50:00,200.3,51,83,28.3,0,0,0
2026-09-09 18:55:00,199.8,30,85,28.6,0,0,0
2026-09-09 19:00:00,199.0,22,81,27.5,0,0,0
2026-09-09 19:05:00,197.2,12,82,29.9,0,0,0
2026-09-09 19:10:00,195.4,11,84,24.9,0,0,0
2026-09-09 19:15:00,195.4,27,82,27.7,0,0,0
2026-09-09 19:20:00,195.0,6,82,29.6,0,0,0
2026-09-09 19:25:00,193.3,13,79,31.5,0,0,0
2026-09-09 19:30:00,194.1,21,82,26.4,0,0,0
2026-09-09 19:35:00,196.7,24,81,29.5,0,0,0
2026-09-09 19:40:00,195.9,16,81,28.1,0,0,0
2026-09-09 19:45:00,194.0,10,81,29.2,0,0,0
2026-09-09 19:50:00,193.1,20,82,28.3,0,0,0
2026-09-09 19:55:00,191.2,16,84,29.9,0,0,0
2026-09-09 20:00:00,191.7,9,83,30.2,0,0,0
2026-09-09 20:05:00,191.8,17,82,29.3,0,0,0
2026-09-09 20:10:00,187.7,13,82,27.7,0,0,0
2026-09-09 20:15:00,187.7,13,73,30.1,0,0,0
2026-09-09 20:20:00,190.2,17,84,28.8,0,0,0
2026-09-09 20:25:00,188.4,13,80,27.8,0,0,0
2026-09-09 20:30:00,188.3,20,82,29.3,0,0,0
2026-09-09 20:35:00,185.7,23,84,28.2,0,0,0
2026-09-09 20:40:00,185.7,40,83,28.0,0,0,0
2026-09-09 20:45:00,181.7,14,87,28.0,0,105,70
2026-09-09 20:50:00,208.2,20,85,30.1,0,0,0
2026-09-09 20:55:00,229.3,24,79,26.4,0,0,0
2026-09-09 21:00:00,240.4,28,85,32.3,0,0,0
2026-09-09 21:05:00,251.8,15,85,31.9,0,0,0
2026-09-09 21:10:00,255.1,18,87,31.5,0,0,0
2026-09-09 21:15:00,262.0,27,79,28.7,0,0,0
2026-09-09 21:20:00,262.4,11,83,30.3,0,0,0
2026-09-09 21:25:00,266.8,25,83,32.5,0,0,0
2026-09-09 21:30:00,269.8,27,81,29.7,0,0,0
2026-09-09 21:35:00,268.4,30,84,29.0,0,0,0
2026-09-09 21:40:00,268.6,7,81,30.1,0,0,0
2026-09-09 21:45:00,267.7,15,77,27.0,0,0,0
2026-09-09 21:50:00,265.6,14,77,29.6,0,0,0
2026-09-09 21:55:00,263.1,20,82,25.2,0,0,0
2026-09-09 22:00:00,262.7,43,85,29.6,0,0,0
2026-09-09 22:05:00,257.5,16,81,31.5,0,0,0
2026-09-09 22:10:00,254.5,33,85,27.2,0,0,0
2026-09-09 22:15:00,250.9,35,82,29.8,0,0,0
2026-09-09 22:20:00,247.7,18,83,29.5,0,0,0
2026-09-09 22:25:00,244.0,14,80,30.9,0,0,0
2026-09-09 22:30:00,238.7,51,86,32.4,0,0,0
2026-09-09 22:35:00,234.5,30,84,26.3,0,0,0
2026-09-09 22:40:00,229.4,34,83,27.1,0,0,0
2026-09-09 22:45:00,224.6,15,77,28.8,0,0,0
2026-09-09 22:50:00,223.2,11,82,32.0,0,0,0
2026-09-09 22:55:00,216.9,16,82,31.4,0,0,0
2026-09-09 23:00:00,219.5,6,80,29.8,0,0,0
2026-09-09 23:05:00,217.7,22,87,29.2,0,0,0
2026-09-09 23:10:00,214.8,8,80,32.6,0,0,0
2026-09-09 23:15:00,213.7,18,85,30.7,0,0,0
2026-09-09 23:20:00,211.2,15,81,26.6,0,0,0
2026-09-09 23:25:00,211.8,28,84,27.4,0,0,0
2026-09-09 23:30:00,212.5,16,82,31.6,0,0,0
2026-09-09 23:35:00,209.8,12,81,28.1,0,0,0
2026-09-09 23:40:00,210.3,34,85,29.2,0,0,0
2026-09-09 23:45:00,203.4,26,82,28.1,0,0,0
2026-09-09 23:50:00,199.9,17,83,25.8,0,0,0
2026-09-09 23:55:00,196.9,24,79,29.5,0,0,0
2026-09-10 00:00:00,207.9,14,81,27.4,0,0,0
2026-09-10 00:05:00,207.5,23,81,29.2,0,0,0
2026-09-10 00:10:00,206.8,32,80,29.0,0,0,0
2026-09-10 00:15:00,204.0,14,81,23.6,0,0,0
2026-09-10 00:20:00,201.7,13,82,28.6,0,0,0
2026-09-10 00:25:00,202.8,37,81,24.6,0,0,0
2026-09-10 00:30:00,204.7,21,84,23.4,0,0,0
2026-09-10 00:35:00,199.8,19,84,26.9,0,0,0
2026-09-10 00:40:00,202.3,19,82,26.1,0,0,0
2026-09-10 00:45:00,204.9,11,86,28.8,0,0,0
2026-09-10 00:50:00,202.3,25,87,26.6,0,0,0
2026-09-10 00:55:00,204.3,24,79,27.7,0,0,0
2026-09-10 01:00:00,204.8,7,79,26.5,0,0,0
2026-09-10 01:05:00,204.8,0,72,44.9,1,0,0
2026-09-10 01:10:00,201.5,3,73,40.0,1,0,0
2026-09-10 01:15:00,201.2,0,72,38.9,1,0,0
2026-09-10 01:20:00,202.6,0,69,42.8,1,0,0
2026-09-10 01:25:00,200.2,1,73,42.0,1,0,0
2026-09-10 01:30:00,200.6,0,72,43.4,1,0,0
2026-09-10 01:35:00,199.5,1,71,41.2,1,0,0
2026-09-10 01:40:00,198.5,0,74,44.7,1,0,0
2026-09-10 01:45:00,193.7,1,71,43.7,1,0,0
2026-09-10 01:50:00,191.4,0,70,45.5,1,0,0
2026-09-10 01:55:00,192.9,1,73,43.0,1,0,0
2026-09-10 02:00:00,193.0,0,74,40.6,1,0,0
2026-09-10 02:05:00,195.7,0,75,41.6,1,0,0
2026-09-10 02:10:00,195.6,0,73,42.4,1,0,0
2026-09-10 02:15:00,195.8,0,75,40.2,1,0,0
2026-09-10 02:20:00,196.0,1,75,43.0,1,0,0
2026-09-10 02:25:00,193.9,0,73,43.1,1,0,0
2026-09-10 02:30:00,191.9,1,69,45.3,1,0,0
2026-09-10 02:35:00,190.4,0,72,43.5,1,0,0
2026-09-10 02:40:00,188.2,0,75,43.0,1,0,0
2026-09-10 02:45:00,188.2,0,75,44.2,1,0,0
2026-09-10 02:50:00,191.2,0,74,40.0,1,0,0
2026-09-10 02:55:00,192.7,0,74,42.3,1,0,0
2026-09-10 03:00:00,194.9,0,71,44.4,1,0,0
2026-09-10 03:05:00,195.6,0,71,42.3,1,0,0
2026-09-10 03:10:00,201.5,0,72,43.5,1,0,0
2026-09-10 03:15:00,200.1,0,74,44.2,1,0,0
2026-09-10 03:20:00,198.6,0,71,43.0,1,0,0
2026-09-10 03:25:00,198.4,0,72,46.4,1,0,0
2026-09-10 03:30:00,198.4,0,74,44.9,1,0,0
2026-09-10 03:35:00,199.2,0,73,41.3,1,0,0
2026-09-10 03:40:00,198.9,0,73,39.4,1,0,0
2026-09-10 03:45:00,200.4,2,71,42.8,1,0,0
2026-09-10 03:50:00,202.2,0,71,45.7,1,0,0
2026-09-10 03:55:00,205.0,0,74,43.4,1,0,0
2026-09-10 04:00:00,201.0,0,71,43.2,1,0,0
2026-09-10 04:05:00,200.2,0,71,45.2,1,0,0
2026-09-10 04:10:00,200.9,1,73,41.9,1,0,0
2026-09-10 04:15:00,202.3,0,73,39.6,1,0,0
2026-09-10 04:20:00,205.2,0,73,42.6,1,0,0
2026-09-10 04:25:00,203.8,0,71,42.7,1,0,0
2026-09-10 04:30:00,205.3,2,73,42.9,1,0,0
2026-09-10 04:35:00,202.0,1,76,42.5,1,0,0
2026-09-10 04:40:00,206.1,0,74,44.8,1,0,0
2026-09-10 04:45:00,206.1,0,74,46.1,1,0,0
2026-09-10 04:50:00,207.3,1,72,44.0,1,0,0
2026-09-10 04:55:00,206.5,1,77,43.0,1,0,0
2026-09-10 05:00:00,206.4,0,77,45.6,1,0,0
2026-09-10 05:05:00,208.1,0,71,46.4,1,0,0
2026-09-10 05:10:00,208.2,0,75,44.0,1,0,0
2026-09-10 05:15:00,206.7,2,75,44.9,1,0,0
2026-09-10 05:20:00,204.8,0,74,43.8,1,0,0
2026-09-10 05:25:00,202.6,0,71,46.7,1,0,0
2026-09-10 05:30:00,203.7,0,72,38.6,1,0,0
2026-09-10 05:35:00,203.1,1,67,47.3,1,0,0
2026-09-10 05:40:00,202.4,0,75,44.0,1,0,0
2026-09-10 05:45:00,201.5,0,80,44.9,1,0,0
2026-09-10 05:50:00,204.0,0,74,44.2,1,0,0
2026-09-10 05:55:00,204.0,1,74,39.7,1,0,0
2026-09-10 06:00:00,209.1,0,75,42.0,1,0,0
2026-09-10 06:05:00,210.7,0,71,43.2,1,0,0
2026-09-10 06:10:00,211.7,1,75,44.3,1,0,0
2026-09-10 06:15:00,207.5,3,74,48.5,1,0,0
2026-09-10 06:20:00,206.8,0,72,44.5,1,0,0
2026-09-10 06:25:00,207.7,0,71,43.9,1,0,0
2026-09-10 06:30:00,209.8,1,71,43.9,1,0,0
2026-09-10 06:35:00,207.6,30,82,25.1,0,0,0
2026-09-10 06:40:00,208.0,24,81,29.1,0,0,0
2026-09-10 06:45:00,209.4,29,84,26.6,0,0,0
2026-09-10 06:50:00,207.3,37,85,27.0,0,0,0
2026-09-10 06:55:00,207.2,41,81,27.7,0,0,0
2026-09-10 07:00:00,202.5,43,87,26.9,0,0,0
2026-09-10 07:05:00,201.2,22,84,26.3,0,0,0
2026-09-10 07:10:00,203.0,29,84,28.7,0,0,0
2026-09-10 07:15:00,203.2,10,81,28.2,0,0,0
2026-09-10 07:20:00,203.4,20,82,29.3,0,0,0
2026-09-10 07:25:00,202.1,46,86,28.8,0,0,0
2026-09-10 07:30:00,201.2,16,86,29.6,0,47,70
2026-09-10 07:35:00,213.9,23,86,23.1,0,0,0
2026-09-10 07:40:00,223.5,17,82,27.4,0,0,0
2026-09-10 07:45:00,227.6,31,81,25.7,0,0,0
2026-09-10 07:50:00,232.9,33,88,28.4,0,0,0
2026-09-10 07:55:00,236.2,15,85,26.8,0,0,0
2026-09-10 08:00:00,240.6,27,83,26.4,0,0,0
2026-09-10 08:05:00,245.1,14,83,25.2,0,0,0
2026-09-10 08:10:00,243.5,30,86,27.6,0,0,0
2026-09-10 08:15:00,241.4,23,83,28.9,0,0,0
2026-09-10 08:20:00,242.3,40,85,29.2,0,0,0
2026-09-10 08:25:00,238.8,23,83,26.3,0,0,0
2026-09-10 08:30:00,235.4,21,79,24.3,0,0,0
2026-09-10 08:35:00,233.1,19,83,27.2,0,0,0
2026-09-10 08:40:00,235.5,39,83,28.5,0,0,0
2026-09-10 08:45:00,230.9,21,80,24.0,0,0,0
2026-09-10 08:50:00,232.8,32,87,26.5,0,0,0
2026-09-10 08:55:00,231.0,23,78,27.9,0,0,0
2026-09-10 09:00:00,228.5,16,83,27.0,0,0,0
2026-09-10 09:05:00,229.2,15,79,28.8,0,0,0
2026-09-10 09:10:00,226.5,27,82,23.1,0,0,0
2026-09-10 09:15:00,225.7,21,83,32.1,0,0,0
2026-09-10 09:20:00,225.0,487,108,27.5,0,0,0
2026-09-10 09:25:00,225.6,484,110,25.7,0,0,0
2026-09-10 09:30:00,227.5,35,83,27.7,0,0,0
2026-09-10 09:35:00,220.9,16,85,29.2,0,0,0
2026-09-10 09:40:00,220.1,27,80,27.5,0,0,0
2026-09-10 09:45:00,218.8,45,85,26.7,0,0,0
2026-09-10 09:50:00,219.0,33,84,25.5,0,0,0
2026-09-10 09:55:00,216.9,10,79,26.4,0,0,0
2026-09-10 10:00:00,215.8,20,86,28.4,0,0,0
2026-09-10 10:05:00,210.6,16,83,29.5,0,0,0
2026-09-10 10:10:00,210.9,19,80,24.5,0,0,0
2026-09-10 10:15:00,208.5,23,83,24.2,0,0,0
2026-09-10 10:20:00,206.7,29,84,26.4,0,0,0
2026-09-10 10:25:00,207.3,26,82,24.1,0,0,0
2026-09-10 10:30:00,207.1,16,82,24.1,0,0,0
2026-09-10 10:35:00,207.2,32,78,29.2,0,0,0
2026-09-10 10:40:00,205.4,19,83,26.8,0,0,0
2026-09-10 10:45:00,208.1,26,83,29.3,0,0,0
2026-09-10 10:50:00,206.7,17,79,26.2,0,0,0
2026-09-10 10:55:00,206.3,11,83,31.4,0,0,0
2026-09-10 11:00:00,207.8,18,81,25.6,0,0,0
2026-09-10 11:05:00,209.7,40,84,25.6,0,0,0
2026-09-10 11:10:00,208.9,30,82,28.0,0,0,0
2026-09-10 11:15:00,206.8,18,80,28.7,0,0,0
2026-09-10 11:20:00,204.1,39,86,28.5,0,0,0
2026-09-10 11:25:00,202.6,20,83,25.0,0,0,0
2026-09-10 11:30:00,204.0,30,84,28.6,0,0,0
2026-09-10 11:35:00,200.8,32,84,28.5,0,0,0
2026-09-10 11:40:00,200.3,42,83,27.1,0,0,0
2026-09-10 11:45:00,197.3,19,82,24.6,0,0,0
2026-09-10 11:50:00,192.7,21,80,27.7,0,0,0
2026-09-10 11:55:00,189.3,17,78,26.0,0,0,0
2026-09-10 12:00:00,190.7,25,81,26.6,0,0,0
2026-09-10 12:05:00,190.8,27,81,25.6,0,0,0
2026-09-10 12:10:00,191.8,29,84,29.6,0,0,0
2026-09-10 12:15:00,187.5,11,82,28.0,0,0,0
2026-09-10 12:20:00,187.4,28,85,23.7,0,0,0
2026-09-10 12:25:00,189.4,17,84,26.3,0,0,0
2026-09-10 12:30:00,191.7,11,84,25.3,0,0,0
2026-09-10 12:35:00,195.0,13,80,27.2,0,0,0
2026-09-10 12:40:00,195.2,53,84,24.5,0,0,0
2026-09-10 12:45:00,195.7,24,83,27.8,0,0,0
2026-09-10 12:50:00,198.0,21,82,30.1,0,0,0
2026-09-10 12:55:00,197.0,12,83,25.6,0,0,0
2026-09-10 13:00:00,198.5,27,80,27.7,0,0,0
2026-09-10 13:05:00,203.4,17,84,29.9,0,0,0
2026-09-10 13:10:00,204.8,17,83,28.3,0,0,0
2026-09-10 13:15:00,204.5,25,81,26.6,0,0,0
2026-09-10 13:20:00,205.3,25,81,28.8,0,0,0
2026-09-10 13:25:00,200.5,14,82,24.5,0,0,0
2026-09-10 13:30:00,202.4,25,84,24.0,0,0,0
2026-09-10 13:35:00,200.4,24,79,23.8,0,0,0
2026-09-10 13:40:00,200.3,57,86,32.3,0,0,0
2026-09-10 13:45:00,204.9,38,88,25.8,0,109,70
2026-09-10 13:50:00,221.9,19,84,27.6,0,0,0
2026-09-10 13:55:00,235.4,38,84,30.8,0,0,0
2026-09-10 14:00:00,243.3,513,118,28.2,0,0,0
2026-09-10 14:05:00,249.1,507,115,30.6,0,0,0
2026-09-10 14:10:00,253.7,29,84,24.9,0,0,0
2026-09-10 14:15:00,257.8,26,81,25.3,0,0,0
2026-09-10 14:20:00,259.7,14,83,28.8,0,0,0
2026-09-10 14:25:00,260.7,21,78,30.0,0,0,0
2026-09-10 14:30:00,260.9,10,83,27.9,0,0,0
2026-09-10 14:35:00,263.0,17,85,25.9,0,0,0
2026-09-10 14:40:00,258.6,16,80,27.2,0,0,0
2026-09-10 14:45:00,257.8,33,82,25.3,0,0,0
2026-09-10 14:50:00,256.9,58,86,24.6,0,0,0
2026-09-10 14:55:00,255.1,24,85,26.6,0,0,0
2026-09-10 15:00:00,253.8,19,82,26.3,0,0,0
2026-09-10 15:05:00,250.5,59,85,27.8,0,0,0
2026-09-10 15:10:00,247.5,60,85,28.1,0,0,0
2026-09-10 15:15:00,246.1,8,85,22.9,0,0,0
2026-09-10 15:20:00,241.1,63,85,26.0,0,0,0
2026-09-10 15:25:00,238.8,37,84,27.8,0,0,0
2026-09-10 15:30:00,238.0,389,105,23.1,0,0,0
2026-09-10 15:35:00,235.3,394,106,28.7,0,0,0
2026-09-10 15:40:00,230.0,396,102,27.6,0,0,0
2026-09-10 15:45:00,229.5,17,82,27.6,0,0,0
2026-09-10 15:50:00,225.3,15,82,28.7,0,0,0
2026-09-10 15:55:00,223.8,34,86,27.1,0,0,0
2026-09-10 16:00:00,219.6,37,85,27.0,0,0,0
2026-09-10 16:05:00,216.4,30,83,28.4,0,0,0
2026-09-10 16:10:00,216.1,19,79,24.5,0,0,0
2026-09-10 16:15:00,214.6,40,84,28.6,0,0,0
2026-09-10 16:20:00,211.7,18,82,27.0,0,0,0
2026-09-10 16:25:00,209.6,14,81,29.5,0,0,0
2026-09-10 16:30:00,208.5,29,81,24.8,0,0,0
2026-09-10 16:35:00,205.7,24,81,25.2,0,0,0
2026-09-10 16:40:00,206.1,22,83,27.5,0,0,0
2026-09-10 16:45:00,206.5,23,86,23.0,0,0,0
2026-09-10 16:50:00,207.8,23,83,24.4,0,0,0
2026-09-10 16:55:00,205.2,20,82,27.3,0,0,0
2026-09-10 17:00:00,207.2,27,86,29.2,0,0,0
2026-09-10 17:05:00,211.1,24,85,29.2,0,0,0
2026-09-10 17:10:00,209.5,50,83,24.4,0,0,0
2026-09-10 17:15:00,209.8,36,83,23.9,0,0,0
2026-09-10 17:20:00,208.1,8,81,26.7,0,0,0
2026-09-10 17:25:00,202.6,41,84,24.5,0,0,0
2026-09-10 17:30:00,199.0,22,82,26.2,0,0,0
2026-09-10 17:35:00,197.1,17,84,26.4,0,0,0
2026-09-10 17:40:00,194.9,14,82,22.8,0,0,0
2026-09-10 17:45:00,195.9,30,89,28.0,0,14,35
2026-09-10 17:50:00,196.5,18,84,27.4,0,0,0
2026-09-10 17:55:00,195.0,21,81,28.0,0,0,0
2026-09-10 18:00:00,194.1,28,85,27.1,0,0,0
2026-09-10 18:05:00,193.0,41,88,26.1,0,0,0
2026-09-10 18:10:00,194.7,27,85,25.9,0,0,0
2026-09-10 18:15:00,195.2,9,81,27.1,0,0,0
2026-09-10 18:20:00,196.7,21,79,27.9,0,0,0
2026-09-10 18:25:00,195.6,15,81,25.0,0,0,0
2026-09-10 18:30:00,197.2,39,85,27.8,0,0,0
2026-09-10 18:35:00,196.9,15,80,26.2,0,0,0
2026-09-10 18:40:00,197.2,8,79,27.7,0,0,0
2026-09-10 18:45:00,199.1,19,82,24.4,0,0,0
2026-09-10 18:50:00,200.4,5,81,23.4,0,0,0
2026-09-10 18:55:00,197.8,23,80,27.4,0,0,0
2026-09-10 19:00:00,198.7,20,85,24.1,0,0,0
2026-09-10 19:05:00,198.4,20,85,26.2,0,0,0
2026-09-10 19:10:00,199.2,10,78,27.4,0,0,0
2026-09-10 19:15:00,195.3,14,82,27.9,0,0,0
2026-09-10 19:20:00,196.1,31,87,27.5,0,0,0
2026-09-10 19:25:00,199.0,50,86,25.3,0,0,0
2026-09-10 19:30:00,205.4,10,82,27.9,0,0,0
2026-09-10 19:35:00,204.4,20,83,24.9,0,0,0
2026-09-10 19:40:00,205.1,10,83,23.5,0,0,0
2026-09-10 19:45:00,200.3,22,84,26.3,0,0,0
2026-09-10 19:50:00,199.0,13,82,26.4,0,0,0
2026-09-10 19:55:00,198.9,48,80,24.2,0,0,0
2026-09-10 20:00:00,199.0,31,84,22.9,0,0,0
2026-09-10 20:05:00,198.4,44,83,26.4,0,0,0
2026-09-10 20:10:00,198.4,32,83,26.7,0,0,0
2026-09-10 20:15:00,199.4,13,80,24.7,0,0,0
2026-09-10 20:20:00,199.2,12,84,25.1,0,0,0
2026-09-10 20:25:00,198.7,28,82,27.3,0,0,0
2026-09-10 20:30:00,199.5,19,84,25.4,0,0,0
2026-09-10 20:35:00,201.8,13,83,28.0,0,0,0
2026-09-10 20:40:00,204.8,30,86,22.9,0,52,50
2026-09-10 20:45:00,213.7,22,84,28.0,0,0,0
2026-09-10 20:50:00,221.1,29,87,25.2,0,0,0
2026-09-10 20:55:00,227.4,17,86,24.6,0,0,0
2026-09-10 21:00:00,228.4,15,86,26.4,0,0,0
2026-09-10 21:05:00,230.0,30,89,26.2,0,0,0
2026-09-10 21:10:00,232.5,10,79,23.2,0,0,0
2026-09-10 21:15:00,232.9,23,84,26.6,0,0,0
2026-09-10 21:20:00,234.4,22,82,25.6,0,0,0
2026-09-10 21:25:00,236.2,32,83,28.5,0,0,0
2026-09-10 21:30:00,237.3,18,82,22.9,0,0,0
2026-09-10 21:35:00,237.3,18,85,30.1,0,0,0
2026-09-10 21:40:00,237.5,10,79,26.3,0,0,0
2026-09-10 21:45:00,235.1,28,83,29.1,0,0,0
2026-09-10 21:50:00,233.2,32,84,27.0,0,0,0
2026-09-10 21:55:00,234.8,10,80,24.7,0,0,0
2026-09-10 22:00:00,234.2,17,85,27.1,0,0,0
2026-09-10 22:05:00,232.3,45,81,26.8,0,0,0
2026-09-10 22:10:00,228.2,29,81,25.9,0,0,0
2026-09-10 22:15:00,225.6,31,80,26.0,0,0,0
2026-09-10 22:20:00,225.5,27,80,26.6,0,0,0
2026-09-10 22:25:00,221.7,9,82,26.1,0,0,0
2026-09-10 22:30:00,217.8,22,87,25.4,0,0,0
2026-09-10 22:35:00,215.9,53,81,27.8,0,0,0
2026-09-10 22:40:00,217.9,26,80,24.9,0,0,0
2026-09-10 22:45:00,214.8,24,82,22.6,0,0,0
2026-09-10 22:50:00,213.1,3,81,22.9,0,0,0
2026-09-10 22:55:00,210.7,14,82,26.3,0,0,0
2026-09-10 23:00:00,206.1,13,80,25.1,0,0,0
2026-09-10 23:05:00,200.7,21,83,26.4,0,0,0
2026-09-10 23:10:00,199.5,20,86,23.0,0,0,0
2026-09-10 23:15:00,197.6,14,84,27.2,0,0,0
2026-09-10 23:20:00,197.6,16,83,30.4,0,0,0
2026-09-10 23:25:00,195.4,16,83,23.6,0,0,0
2026-09-10 23:30:00,192.1,17,80,24.2,0,0,0
2026-09-10 23:35:00,192.7,15,83,21.6,0,0,0
2026-09-10 23:40:00,193.0,14,83,24.9,0,0,0
2026-09-10 23:45:00,190.9,18,85,24.5,0,0,0
2026-09-10 23:50:00,196.0,22,83,27.9,0,0,0
2026-09-10 23:55:00,193.4,30,85,25.1,0,0,0
2026-09-11 00:00:00,185.9,16,85,29.0,0,0,0
2026-09-11 00:05:00,184.8,18,82,25.7,0,0,0
2026-09-11 00:10:00,187.9,33,84,26.2,0,0,0
2026-09-11 00:15:00,188.3,13,80,26.8,0,0,0
2026-09-11 00:20:00,191.2,0,74,43.7,1,0,0
2026-09-11 00:25:00,190.8,0,72,49.9,1,0,0
2026-09-11 00:30:00,190.0,0,74,46.2,1,0,0
2026-09-11 00:35:00,191.3,0,74,50.7,1,0,0
2026-09-11 00:40:00,195.1,0,75,48.0,1,0,0
2026-09-11 00:45:00,190.5,0,75,44.4,1,0,0
2026-09-11 00:50:00,191.7,0,75,41.8,1,0,0
2026-09-11 00:55:00,194.6,1,70,44.9,1,0,0
2026-09-11 01:00:00,191.2,0,74,47.6,1,0,0
2026-09-11 01:05:00,189.8,1,73,47.4,1,0,0
2026-09-11 01:10:00,188.8,0,74,44.1,1,0,0
2026-09-11 01:15:00,187.3,0,72,48.4,1,0,0
2026-09-11 01:20:00,186.4,0,71,46.3,1,0,0
2026-09-11 01:25:00,188.3,0,72,44.1,1,0,0
2026-09-11 01:30:00,189.9,0,73,45.2,1,0,0
2026-09-11 01:35:00,189.4,0,72,48.6,1,0,0
2026-09-11 01:40:00,189.6,1,73,48.4,1,0,0
2026-09-11 01:45:00,187.7,1,74,46.1,1,0,0
2026-09-11 01:50:00,188.9,0,70,44.7,1,0,0
2026-09-11 01:55:00,187.3,0,73,44.9,1,0,0
2026-09-11 02:00:00,190.0,0,73,46.8,1,0,0
2026-09-11 02:05:00,189.4,0,77,46.8,1,0,0
2026-09-11 02:10:00,189.9,0,73,49.4,1,0,0
2026-09-11 02:15:00,188.8,0,74,43.2,1,0,0
2026-09-11 02:20:00,188.1,0,77,47.3,1,0,0
2026-09-11 02:25:00,188.4,0,74,46.4,1,0,0
2026-09-11 02:30:00,190.5,0,72,44.9,1,0,0
2026-09-11 02:35:00,191.6,0,76,44.8,1,0,0
2026-09-11 02:40:00,189.5,0,74,42.9,1,0,0
2026-09-11 02:45:00,193.4,1,70,45.8,1,0,0
2026-09-11 02:50:00,190.0,0,75,48.3,1,0,0
2026-09-11 02:55:00,191.0,0,69,44.5,1,0,0
2026-09-11 03:00:00,190.4,0,75,47.0,1,0,0
2026-09-11 03:05:00,190.9,0,70,45.8,1,0,0
2026-09-11 03:10:00,190.2,0,74,44.9,1,0,0
2026-09-11 03:15:00,190.2,0,75,45.8,1,0,0
2026-09-11 03:20:00,193.3,0,74,44.5,1,0,0
2026-09-11 03:25:00,193.7,1,71,45.9,1,0,0
2026-09-11 03:30:00,193.1,0,71,47.4,1,0,0
2026-09-11 03:35:00,191.8,0,73,45.5,1,0,0
2026-09-11 03:40:00,197.0,0,74,42.4,1,0,0
2026-09-11 03:45:00,197.5,0,76,44.2,1,0,0
2026-09-11 03:50:00,197.9,0,76,44.1,1,0,0
2026-09-11 03:55:00,194.2,0,74,46.6,1,0,0
2026-09-11 04:00:00,199.4,0,73,46.2,1,0,0
2026-09-11 04:05:00,200.8,0,72,44.2,1,0,0
2026-09-11 04:10:00,198.8,0,72,46.7,1,0,0
2026-09-11 04:15:00,201.1,1,71,48.4,1,0,0
2026-09-11 04:20:00,201.1,0,73,45.5,1,0,0
2026-09-11 04:25:00,204.4,0,74,48.5,1,0,0
2026-09-11 04:30:00,203.6,0,74,49.6,1,0,0
2026-09-11 04:35:00,202.6,1,75,44.7,1,0,0
2026-09-11 04:40:00,201.8,0,74,45.0,1,0,0
2026-09-11 04:45:00,201.3,0,73,48.0,1,0,0
2026-09-11 04:50:00,201.3,1,74,43.8,1,0,0
2026-09-11 04:55:00,200.8,2,73,46.4,1,0,0
2026-09-11 05:00:00,205.0,0,76,47.7,1,0,0
2026-09-11 05:05:00,206.0,1,75,48.5,1,0,0
2026-09-11 05:10:00,207.6,1,73,48.1,1,0,0
2026-09-11 05:15:00,206.9,0,71,45.3,1,0,0
2026-09-11 05:20:00,206.2,1,74,41.9,1,0,0
2026-09-11 05:25:00,204.4,0,75,42.5,1,0,0
2026-09-11 05:30:00,202.0,0,77,46.0,1,0,0
2026-09-11 05:35:00,202.1,0,75,45.2,1,0,0
2026-09-11 05:40:00,204.4,0,72,43.5,1,0,0
2026-09-11 05:45:00,202.4,3,75,46.8,1,0,0
2026-09-11 05:50:00,203.6,1,73,48.2,1,0,0
2026-09-11 05:55:00,205.3,0,74,43.6,1,0,0
2026-09-11 06:00:00,204.6,0,74,50.7,1,0,0
2026-09-11 06:05:00,200.0,2,73,45.7,1,0,0
2026-09-11 06:10:00,200.0,0,72,47.2,1,0,0
2026-09-11 06:15:00,199.7,14,83,26.1,0,0,0
2026-09-11 06:20:00,200.6,17,80,27.5,0,0,0
2026-09-11 06:25:00,203.3,22,81,28.9,0,0,0
2026-09-11 06:30:00,202.1,32,83,27.4,0,0,0
2026-09-11 06:35:00,199.8,19,81,30.0,0,0,0
2026-09-11 06:40:00,198.2,10,82,26.4,0,0,0
2026-09-11 06:45:00,198.5,11,82,26.7,0,0,0
2026-09-11 06:50:00,195.2,17,78,27.5,0,0,0
2026-09-11 06:55:00,193.6,16,80,24.4,0,0,0
2026-09-11 07:00:00,195.0,26,83,31.2,0,0,0
2026-09-11 07:05:00,192.9,19,77,28.8,0,0,0
2026-09-11 07:10:00,192.2,28,84,28.2,0,0,0
2026-09-11 07:15:00,198.8,16,82,27.2,0,0,0
2026-09-11 07:20:00,195.7,16,79,32.9,0,0,0
2026-09-11 07:25:00,194.9,15,81,26.3,0,0,0
2026-09-11 07:30:00,193.8,7,83,29.9,0,0,0
2026-09-11 07:35:00,196.1,13,80,27.6,0,0,0
2026-09-11 07:40:00,197.0,25,88,30.9,0,67,70
2026-09-11 07:45:00,209.7,24,91,28.3,0,0,0
2026-09-11 07:50:00,221.0,20,87,27.7,0,0,0
2026-09-11 07:55:00,227.9,466,110,27.8,0,0,0
2026-09-11 08:00:00,235.2,487,112,26.8,0,0,0
2026-09-11 08:05:00,238.7,54,85,27.2,0,0,0
2026-09-11 08:10:00,235.0,17,83,29.3,0,0,0
2026-09-11 08:15:00,234.4,16,79,26.4,0,0,0
2026-09-11 08:20:00,232.8,37,84,26.9,0,0,0
2026-09-11 08:25:00,234.2,23,81,28.9,0,0,0
2026-09-11 08:30:00,233.7,26,81,29.4,0,0,0
2026-09-11 08:35:00,232.7,9,83,29.3,0,0,0
2026-09-11 08:40:00,234.6,14,83,28.8,0,0,0
2026-09-11 08:45:00,233.6,41,86,32.2,0,0,0
2026-09-11 08:50:00,229.1,25,80,23.8,0,0,0
2026-09-11 08:55:00,225.0,26,82,30.8,0,0,0
2026-09-11 09:00:00,221.6,22,85,29.2,0,0,0
2026-09-11 09:05:00,222.4,15,80,24.7,0,0,0
2026-09-11 09:10:00,220.5,23,84,29.3,0,0,0
2026-09-11 09:15:00,220.5,24,82,29.7,0,0,0
2026-09-11 09:20:00,214.9,32,85,26.9,0,0,0
2026-09-11 09:25:00,216.5,11,82,29.0,0,0,0
2026-09-11 09:30:00,216.4,385,100,29.4,0,0,0
2026-09-11 09:35:00,215.8,385,104,30.1,0,0,0
2026-09-11 09:40:00,215.7,395,105,28.1,0,0,0
2026-09-11 09:45:00,213.3,383,104,30.5,0,0,0
2026-09-11 09:50:00,210.8,21,80,28.9,0,0,0
2026-09-11 09:55:00,208.8,12,85,27.8,0,0,0
2026-09-11 10:00:00,207.4,18,83,24.4,0,0,0
2026-09-11 10:05:00,208.4,38,81,32.4,0,0,0
2026-09-11 10:10:00,203.3,22,82,30.3,0,0,0
2026-09-11 10:15:00,202.1,32,85,25.5,0,0,0
2026-09-11 10:20:00,202.5,12,80,30.5,0,0,0
2026-09-11 10:25:00,202.5,27,84,27.5,0,0,0
2026-09-11 10:30:00,203.8,23,83,30.8,0,0,0
2026-09-11 10:35:00,207.2,21,84,29.4,0,0,0
2026-09-11 10:40:00,208.5,17,81,26.3,0,0,0
2026-09-11 10:45:00,207.4,15,81,28.0,0,0,0
2026-09-11 10:50:00,208.0,30,81,27.8,0,0,0
2026-09-11 10:55:00,207.6,23,79,31.2,0,0,0
2026-09-11 11:00:00,207.4,16,83,27.5,0,0,0
2026-09-11 11:05:00,202.7,19,82,28.1,0,0,0
2026-09-11 11:10:00,202.1,15,82,26.3,0,0,0
2026-09-11 11:15:00,199.4,13,83,30.0,0,0,0
2026-09-11 11:20:00,201.5,5,86,27.7,0,0,0
2026-09-11 11:25:00,200.8,30,79,27.3,0,0,0
2026-09-11 11:30:00,198.7,15,80,27.7,0,0,0
2026-09-11 11:35:00,198.8,24,84,31.7,0,0,0
2026-09-11 11:40:00,198.5,29,83,28.1,0,0,0
2026-09-11 11:45:00,200.1,28,85,29.4,0,0,0
2026-09-11 11:50:00,203.6,29,82,25.0,0,0,0
2026-09-11 11:55:00,202.9,15,81,27.3,0,0,0
2026-09-11 12:00:00,203.6,22,84,28.6,0,0,0
2026-09-11 12:05:00,203.5,43,82,28.7,0,0,0
2026-09-11 12:10:00,203.9,19,84,27.8,0,0,0
2026-09-11 12:15:00,202.3,35,84,28.5,0,0,0
2026-09-11 12:20:00,201.6,10,82,29.1,0,0,0
2026-09-11 12:25:00,200.2,45,86,29.8,0,0,0
2026-09-11 12:30:00,198.8,33,85,27.2,0,0,0
2026-09-11 12:35:00,197.3,17,80,30.0,0,0,0
2026-09-11 12:40:00,198.6,31,82,29.5,0,0,0
2026-09-11 12:45:00,201.8,41,82,25.8,0,0,0
2026-09-11 12:50:00,201.5,26,85,30.2,0,0,0
2026-09-11 12:55:00,203.6,15,86,25.5,0,0,0
2026-09-11 13:00:00,205.3,34,89,30.5,0,0,0
2026-09-11 13:05:00,205.7,33,83,30.7,0,0,0
2026-09-11 13:10:00,206.4,34,84,25.8,0,0,0
2026-09-11 13:15:00,204.7,18,83,26.9,0,0,0
2026-09-11 13:20:00,207.2,21,80,28.1,0,0,0
2026-09-11 13:25:00,207.9,26,80,29.9,0,0,0
2026-09-11 13:30:00,206.7,21,84,29.7,0,0,0
2026-09-11 13:35:00,208.5,18,84,28.0,0,0,0
2026-09-11 13:40:00,208.5,16,88,30.1,0,69,68
2026-09-11 13:45:00,221.6,27,86,25.5,0,0,0
2026-09-11 13:50:00,230.8,14,86,28.4,0,0,0
2026-09-11 13:55:00,240.9,17,83,25.4,0,0,0
2026-09-11 14:00:00,248.5,19,84,28.7,0,0,0
2026-09-11 14:05:00,255.1,23,88,26.8,0,0,0
2026-09-11 14:10:00,256.5,18,85,26.6,0,0,0
2026-09-11 14:15:00,258.0,21,81,29.0,0,0,0
2026-09-11 14:20:00,256.1,16,80,28.6,0,0,0
2026-09-11 14:25:00,256.5,41,84,28.8,0,0,0
2026-09-11 14:30:00,253.5,29,81,22.4,0,0,0
2026-09-11 14:35:00,250.1,27,85,25.4,0,0,0
2026-09-11 14:40:00,246.4,16,82,27.7,0,0,0
2026-09-11 14:45:00,243.7,29,84,28.6,0,0,0
2026-09-11 14:50:00,243.2,29,87,27.5,0,0,0
2026-09-11 14:55:00,239.7,32,81,28.7,0,0,0
2026-09-11 15:00:00,237.0,17,80,28.9,0,0,0
2026-09-11 15:05:00,234.9,11,80,25.5,0,0,0
2026-09-11 15:10:00,235.8,46,81,31.2,0,0,0
2026-09-11 15:15:00,238.2,49,84,27.8,0,0,0
2026-09-11 15:20:00,235.2,27,85,26.6,0,0,0
2026-09-11 15:25:00,231.4,23,85,26.6,0,0,0
2026-09-11 15:30:00,229.4,8,82,30.4,0,0,0
2026-09-11 15:35:00,226.4,37,84,29.4,0,0,0
2026-09-11 15:40:00,225.4,21,86,29.8,0,0,0
2026-09-11 15:45:00,225.5,9,82,26.9,0,0,0
2026-09-11 15:50:00,225.0,11,84,28.4,0,0,0
2026-09-11 15:55:00,219.5,8,82,31.3,0,0,0
2026-09-11 16:00:00,217.9,8,81,28.4,0,0,0
2026-09-11 16:05:00,215.4,20,81,32.0,0,0,0
2026-09-11 16:10:00,211.4,28,83,26.9,0,0,0
2026-09-11 16:15:00,208.6,11,84,29.0,0,0,0
2026-09-11 16:20:00,209.8,30,83,24.7,0,0,0
2026-09-11 16:25:00,208.5,28,85,27.6,0,0,0
2026-09-11 16:30:00,204.0,16,80,26.5,0,0,0
2026-09-11 16:35:00,204.6,24,81,28.9,0,0,0
2026-09-11 16:40:00,202.9,29,82,27.2,0,0,0
2026-09-11 16:45:00,202.3,10,80,27.1,0,0,0
2026-09-11 16:50:00,199.5,47,85,29.9,0,0,0
2026-09-11 16:55:00,198.1,19,83,30.6,0,0,0
2026-09-11 17:00:00,193.9,17,82,29.7,0,0,0
2026-09-11 17:05:00,195.4,21,79,25.0,0,0,0
2026-09-11 17:10:00,193.2,21,82,26.1,0,0,0
2026-09-11 17:15:00,193.4,26,81,25.5,0,0,0
2026-09-11 17:20:00,194.2,29,83,26.9,0,0,0
2026-09-11 17:25:00,195.0,23,83,28.6,0,0,0
2026-09-11 17:30:00,193.4,11,80,27.1,0,0,0
2026-09-11 17:35:00,192.0,16,83,27.5,0,0,0
2026-09-11 17:40:00,193.2,38,84,27.8,0,0,0
2026-09-11 17:45:00,195.8,35,81,21.9,0,0,0
2026-09-11 17:50:00,194.9,24,83,28.3,0,0,0
2026-09-11 17:55:00,191.1,14,81,28.1,0,0,0
2026-09-11 18:00:00,192.6,44,79,28.3,0,0,0
2026-09-11 18:05:00,190.8,17,88,26.8,0,28,65
2026-09-11 18:10:00,195.9,17,82,30.0,0,0,0
2026-09-11 18:15:00,197.4,22,83,27.9,0,0,0
2026-09-11 18:20:00,203.3,29,87,23.4,0,0,0
2026-09-11 18:25:00,205.2,23,86,26.9,0,0,0
2026-09-11 18:30:00,212.4,7,85,24.7,0,0,0
2026-09-11 18:35:00,210.7,36,83,28.8,0,0,0
2026-09-11 18:40:00,210.8,24,84,27.6,0,0,0
2026-09-11 18:45:00,211.5,27,88,28.6,0,0,0
2026-09-11 18:50:00,212.2,44,86,27.8,0,0,0
2026-09-11 18:55:00,210.5,24,82,28.9,0,0,0
2026-09-11 19:00:00,207.0,46,84,28.5,0,0,0
2026-09-11 19:05:00,207.8,20,79,26.4,0,0,0
2026-09-11 19:10:00,207.2,30,81,26.1,0,0,0
2026-09-11 19:15:00,207.4,15,82,28.8,0,0,0
2026-09-11 19:20:00,204.6,36,81,27.1,0,0,0
2026-09-11 19:25:00,207.6,25,80,27.9,0,0,0
2026-09-11 19:30:00,208.7,10,84,29.1,0,0,0
2026-09-11 19:35:00,208.0,22,82,27.5,0,0,0
2026-09-11 19:40:00,210.3,26,82,26.5,0,0,0
2026-09-11 19:45:00,209.8,16,81,26.9,0,0,0
2026-09-11 19:50:00,209.6,12,83,23.5,0,0,0
2026-09-11 19:55:00,206.9,18,84,24.9,0,0,0
2026-09-11 20:00:00,207.7,23,85,26.8,0,0,0
2026-09-11 20:05:00,210.5,41,82,25.3,0,0,0
2026-09-11 20:10:00,206.2,52,84,29.0,0,0,0
2026-09-11 20:15:00,202.4,22,83,27.0,0,0,0
2026-09-11 20:20:00,199.9,11,84,28.7,0,0,0
2026-09-11 20:25:00,201.7,30,82,28.9,0,0,0
2026-09-11 20:30:00,202.7,18,82,28.6,0,0,0
2026-09-11 20:35:00,201.9,50,85,30.4,0,0,0
2026-09-11 20:40:00,198.1,30,83,30.5,0,0,0
2026-09-11 20:45:00,197.6,19,85,28.7,0,0,0
2026-09-11 20:50:00,198.6,20,80,28.9,0,0,0
2026-09-11 20:55:00,197.0,25,85,26.1,0,0,0
2026-09-11 21:00:00,193.4,11,81,29.4,0,0,0
2026-09-11 21:05:00,191.1,23,84,27.1,0,0,0
2026-09-11 21:10:00,188.1,31,84,24.8,0,0,0
2026-09-11 21:15:00,184.9,24,83,31.6,0,0,0
2026-09-11 21:20:00,184.8,16,85,30.5,0,0,0
2026-09-11 21:25:00,185.1,25,84,24.5,0,0,0
2026-09-11 21:30:00,182.5,22,85,31.3,0,0,0
2026-09-11 21:35:00,182.3,24,81,29.2,0,0,0
2026-09-11 21:40:00,187.3,13,79,26.9,0,0,0
2026-09-11 21:45:00,189.7,59,86,30.2,0,0,0
2026-09-11 21:50:00,188.9,28,85,29.8,0,110,70
2026-09-11 21:55:00,215.2,28,86,25.6,0,0,0
2026-09-11 22:00:00,234.8,19,87,27.7,0,0,0
2026-09-11 22:05:00,249.3,38,88,27.7,0,0,0
2026-09-11 22:10:00,261.1,20,83,27.8,0,0,0
2026-09-11 22:15:00,267.7,18,85,25.6,0,0,0
2026-09-11 22:20:00,272.9,18,81,31.2,0,0,0
2026-09-11 22:25:00,276.0,15,78,28.3,0,0,0
2026-09-11 22:30:00,280.2,17,81,31.2,0,0,0
2026-09-11 22:35:00,283.1,22,82,28.4,0,0,0
2026-09-11 22:40:00,281.7,31,84,25.9,0,0,0
2026-09-11 22:45:00,281.1,13,81,26.2,0,0,0
2026-09-11 22:50:00,276.1,25,84,28.7,0,0,0
2026-09-11 22:55:00,273.7,31,82,27.1,0,0,0
2026-09-11 23:00:00,270.4,26,84,25.0,0,0,0
2026-09-11 23:05:00,268.2,20,80,28.7,0,0,0
2026-09-11 23:10:00,266.1,19,84,28.9,0,0,0
2026-09-11 23:15:00,261.5,41,82,25.5,0,0,0
2026-09-11 23:20:00,256.4,24,83,27.8,0,0,0
2026-09-11 23:25:00,253.0,18,83,28.8,0,0,0
2026-09-11 23:30:00,250.1,19,80,30.0,0,0,0
2026-09-11 23:35:00,246.2,16,82,27.5,0,0,0
2026-09-11 23:40:00,241.1,20,80,30.8,0,0,0
2026-09-11 23:45:00,240.9,27,77,26.6,0,0,0
2026-09-11 23:50:00,240.2,33,87,24.8,0,0,0
2026-09-11 23:55:00,238.7,21,83,29.5,0,0,0
2026-09-12 00:00:00,235.0,24,80,27.7,0,0,0
2026-09-12 00:05:00,227.7,30,83,31.6,0,0,0
2026-09-12 00:10:00,226.8,31,84,30.0,0,0,0
2026-09-12 00:15:00,226.5,20,85,29.2,0,0,0
2026-09-12 00:20:00,223.6,16,82,28.3,0,0,0
2026-09-12 00:25:00,220.7,44,84,28.6,0,0,0
2026-09-12 00:30:00,216.8,35,80,28.8,0,0,0
2026-09-12 00:35:00,216.9,22,81,23.8,0,0,0
2026-09-12 00:40:00,215.3,22,79,28.7,0,0,0
2026-09-12 00:45:00,213.4,39,83,24.4,0,0,0
2026-09-12 00:50:00,212.0,15,79,27.4,0,0,0
2026-09-12 00:55:00,210.8,49,84,30.3,0,0,0
2026-09-12 01:00:00,208.8,38,82,28.3,0,0,0
2026-09-12 01:05:00,208.0,17,84,27.4,0,0,0
2026-09-12 01:10:00,209.2,0,75,48.6,1,0,0
2026-09-12 01:15:00,210.7,1,71,48.4,1,0,0
2026-09-12 01:20:00,211.1,1,73,42.9,1,0,0
2026-09-12 01:25:00,209.9,0,71,44.5,1,0,0
2026-09-12 01:30:00,205.6,0,73,47.4,1,0,0
2026-09-12 01:35:00,201.5,0,71,43.1,1,0,0
2026-09-12 01:40:00,199.1,1,71,44.7,1,0,0
2026-09-12 01:45:00,199.4,0,73,45.1,1,0,0
2026-09-12 01:50:00,197.3,0,71,47.1,1,0,0
2026-09-12 01:55:00,194.5,0,75,48.7,1,0,0
2026-09-12 02:00:00,193.9,1,72,49.1,1,0,0
2026-09-12 02:05:00,193.0,0,77,46.6,1,0,0
2026-09-12 02:10:00,190.5,0,68,45.2,1,0,0
2026-09-12 02:15:00,191.3,0,73,45.8,1,0,0
2026-09-12 02:20:00,192.8,0,71,47.4,1,0,0
2026-09-12 02:25:00,191.3,0,73,48.8,1,0,0
2026-09-12 02:30:00,189.3,0,73,47.1,1,0,0
2026-09-12 02:35:00,189.6,0,75,47.8,1,0,0
2026-09-12 02:40:00,188.7,1,75,45.3,1,0,0
2026-09-12 02:45:00,188.6,0,73,50.1,1,0,0
2026-09-12 02:50:00,190.0,0,75,45.8,1,0,0
2026-09-12 02:55:00,189.7,1,72,49.6,1,0,0
2026-09-12 03:00:00,188.9,0,73,45.6,1,0,0
2026-09-12 03:05:00,189.9,0,75,42.2,1,0,0
2026-09-12 03:10:00,188.4,0,74,45.4,1,0,0
2026-09-12 03:15:00,188.6,0,73,46.2,1,0,0
2026-09-12 03:20:00,192.3,0,73,43.3,1,0,0
2026-09-12 03:25:00,191.0,2,71,46.7,1,0,0
2026-09-12 03:30:00,192.3,0,72,48.1,1,0,0
2026-09-12 03:35:00,194.3,0,75,47.8,1,0,0
2026-09-12 03:40:00,193.8,0,73,44.7,1,0,0
2026-09-12 03:45:00,195.1,0,70,48.0,1,0,0
2026-09-12 03:50:00,196.6,0,74,45.9,1,0,0
2026-09-12 03:55:00,195.2,0,69,45.2,1,0,0
2026-09-12 04:00:00,194.6,1,77,46.1,1,0,0
2026-09-12 04:05:00,198.1,0,73,47.3,1,0,0
2026-09-12 04:10:00,193.7,0,71,45.5,1,0,0
2026-09-12 04:15:00,193.9,1,73,46.5,1,0,0
2026-09-12 04:20:00,190.9,1,71,47.1,1,0,0
2026-09-12 04:25:00,191.9,0,73,46.7,1,0,0
2026-09-12 04:30:00,188.6,0,74,46.3,1,0,0
2026-09-12 04:35:00,186.8,0,72,47.9,1,0,0
2026-09-12 04:40:00,189.3,0,80,45.8,1,0,0
2026-09-12 04:45:00,188.9,1,76,44.2,1,0,0
2026-09-12 04:50:00,189.4,0,70,46.6,1,0,0
2026-09-12 04:55:00,190.8,1,71,43.2,1,0,0
2026-09-12 05:00:00,188.0,0,75,46.0,1,0,0
2026-09-12 05:05:00,188.9,0,71,44.2,1,0,0
2026-09-12 05:10:00,193.0,0,71,46.6,1,0,0
2026-09-12 05:15:00,191.0,0,72,45.2,1,0,0
2026-09-12 05:20:00,193.0,0,72,47.9,1,0,0
2026-09-12 05:25:00,195.3,0,74,45.4,1,0,0
2026-09-12 05:30:00,194.8,0,74,46.1,1,0,0
2026-09-12 05:35:00,191.8,1,73,43.3,1,0,0
2026-09-12 05:40:00,188.6,0,70,49.4,1,0,0
2026-09-12 05:45:00,189.5,0,73,47.3,1,0,0
2026-09-12 05:50:00,192.7,1,72,44.7,1,0,0
2026-09-12 05:55:00,195.5,0,74,43.7,1,0,0
2026-09-12 06:00:00,196.6,1,73,42.3,1,0,0
2026-09-12 06:05:00,196.8,0,73,47.1,1,0,0
2026-09-12 06:10:00,198.7,0,71,46.1,1,0,0
2026-09-12 06:15:00,198.1,0,74,46.1,1,0,0
2026-09-12 06:20:00,196.4,0,76,47.3,1,0,0
2026-09-12 06:25:00,197.8,0,74,48.0,1,0,0
2026-09-12 06:30:00,197.4,0,74,47.4,1,0,0
2026-09-12 06:35:00,193.3,1,72,46.6,1,0,0
2026-09-12 06:40:00,195.0,0,73,44.9,1,0,0
2026-09-12 06:45:00,194.5,2,72,45.7,1,0,0
2026-09-12 06:50:00,193.8,14,85,25.9,0,0,0
2026-09-12 06:55:00,193.9,14,82,28.7,0,0,0
2026-09-12 07:00:00,198.1,4,85,26.3,0,0,0
2026-09-12 07:05:00,198.7,33,81,31.6,0,0,0
2026-09-12 07:10:00,197.6,18,81,28.5,0,0,0
2026-09-12 07:15:00,195.1,18,82,26.2,0,0,0
2026-09-12 07:20:00,196.6,10,82,28.9,0,0,0
2026-09-12 07:25:00,198.3,16,81,28.0,0,0,0
2026-09-12 07:30:00,197.1,12,78,27.2,0,0,0
2026-09-12 07:35:00,194.6,19,78,25.8,0,0,0
2026-09-12 07:40:00,197.9,19,84,24.1,0,0,0
2026-09-12 07:45:00,196.2,20,85,32.0,0,0,0
2026-09-12 07:50:00,195.8,9,82,29.0,0,0,0
2026-09-12 07:55:00,194.1,61,87,26.5,0,0,0
2026-09-12 08:00:00,196.9,11,86,28.4,0,52,70
2026-09-12 08:05:00,211.1,37,87,26.5,0,0,0
2026-09-12 08:10:00,219.4,13,82,32.0,0,0,0
2026-09-12 08:15:00,226.8,19,81,29.1,0,0,0
2026-09-12 08:20:00,230.9,20,83,30.3,0,0,0
2026-09-12 08:25:00,234.4,45,87,30.2,0,0,0
2026-09-12 08:30:00,238.8,20,85,27.8,0,0,0
2026-09-12 08:35:00,240.7,26,79,32.2,0,0,0
2026-09-12 08:40:00,241.1,14,81,27.4,0,0,0
2026-09-12 08:45:00,242.4,35,83,29.9,0,0,0
2026-09-12 08:50:00,239.6,18,84,28.4,0,0,0
2026-09-12 08:55:00,236.6,31,83,29.5,0,0,0
2026-09-12 09:00:00,235.0,16,83,30.5,0,0,0
2026-09-12 09:05:00,230.3,25,78,27.9,0,0,0
2026-09-12 09:10:00,230.2,28,81,23.4,0,0,0
2026-09-12 09:15:00,227.7,27,84,25.9,0,0,0
2026-09-12 09:20:00,226.3,15,81,29.8,0,0,0
2026-09-12 09:25:00,225.5,399,106,26.4,0,0,0
2026-09-12 09:30:00,224.7,392,104,31.7,0,0,0
2026-09-12 09:35:00,226.2,391,106,29.6,0,0,0
2026-09-12 09:40:00,226.3,392,105,28.5,0,0,0
2026-09-12 09:45:00,221.5,22,82,30.8,0,0,0
2026-09-12 09:50:00,219.5,25,85,25.9,0,0,0
2026-09-12 09:55:00,218.1,3,81,27.5,0,0,0
2026-09-12 10:00:00,215.7,17,82,26.6,0,0,0
2026-09-12 10:05:00,211.5,22,85,24.8,0,0,0
2026-09-12 10:10:00,207.8,12,82,26.6,0,0,0
2026-09-12 10:15:00,205.9,32,82,23.5,0,0,0
2026-09-12 10:20:00,200.7,33,85,26.1,0,0,0
2026-09-12 10:25:00,199.5,28,81,28.8,0,0,0
2026-09-12 10:30:00,196.0,19,81,28.5,0,0,0
2026-09-12 10:35:00,194.6,49,82,30.4,0,0,0
2026-09-12 10:40:00,193.0,19,87,27.7,0,0,0
2026-09-12 10:45:00,191.2,26,82,30.8,0,0,0
2026-09-12 10:50:00,189.5,9,77,28.0,0,0,0
2026-09-12 10:55:00,191.6,11,85,26.6,0,0,0
2026-09-12 11:00:00,190.4,14,82,26.1,0,0,0
2026-09-12 11:05:00,191.9,34,84,26.7,0,0,0
2026-09-12 11:10:00,193.9,37,83,27.1,0,0,0
2026-09-12 11:15:00,191.4,28,84,27.8,0,0,0
2026-09-12 11:20:00,195.1,15,83,27.9,0,0,0
2026-09-12 11:25:00,194.5,21,81,30.7,0,0,0
2026-09-12 11:30:00,194.8,14,84,28.2,0,0,0
2026-09-12 11:35:00,192.6,28,83,26.9,0,0,0
2026-09-12 11:40:00,193.4,28,80,27.2,0,0,0
2026-09-12 11:45:00,192.6,43,82,30.3,0,0,0
2026-09-12 11:50:00,190.0,31,85,28.4,0,0,0
2026-09-12 11:55:00,190.2,9,81,28.2,0,0,0
2026-09-12 12:00:00,188.5,20,82,29.5,0,0,0
2026-09-12 12:05:00,189.2,29,84,26.5,0,0,0
2026-09-12 12:10:00,188.8,14,83,30.5,0,0,0
2026-09-12 12:15:00,184.5,44,83,27.4,0,0,0
2026-09-12 12:20:00,185.4,27,81,26.1,0,0,0
2026-09-12 12:25:00,183.3,24,80,28.9,0,0,0
2026-09-12 12:30:00,184.2,42,82,27.5,0,0,0
2026-09-12 12:35:00,186.6,40,86,29.9,0,0,0
2026-09-12 12:40:00,182.7,13,80,27.7,0,0,0
2026-09-12 12:45:00,184.1,11,85,27.8,0,0,0
2026-09-12 12:50:00,183.3,13,81,27.0,0,0,0
2026-09-12 12:55:00,187.5,24,86,30.0,0,0,0
2026-09-12 13:00:00,188.9,18,84,29.0,0,0,0
2026-09-12 13:05:00,188.5,11,80,28.6,0,0,0
2026-09-12 13:10:00,186.0,20,81,30.3,0,0,0
2026-09-12 13:15:00,188.7,21,83,30.0,0,0,0
2026-09-12 13:20:00,188.3,14,82,27.9,0,0,0
2026-09-12 13:25:00,185.7,22,84,27.2,0,0,0
2026-09-12 13:30:00,184.4,15,83,26.8,0,0,0
2026-09-12 13:35:00,187.1,18,82,27.5,0,0,0
2026-09-12 13:40:00,186.4,18,85,31.0,0,0,0
2026-09-12 13:45:00,184.0,9,82,29.8,0,0,0
2026-09-12 13:50:00,182.4,52,87,30.6,0,107,70
2026-09-12 13:55:00,200.8,31,87,29.6,0,0,0
2026-09-12 14:00:00,213.1,19,89,30.6,0,0,0
2026-09-12 14:05:00,226.6,427,111,25.9,0,0,0
2026-09-12 14:10:00,234.2,410,110,28.4,0,0,0
2026-09-12 14:15:00,241.3,43,86,26.7,0,0,0
2026-09-12 14:20:00,250.5,59,80,28.6,0,0,0
2026-09-12 14:25:00,252.6,35,83,28.5,0,0,0
2026-09-12 14:30:00,252.9,26,86,30.3,0,0,0
2026-09-12 14:35:00,253.8,30,83,30.1,0,0,0
2026-09-12 14:40:00,255.6,41,83,26.1,0,0,0
2026-09-12 14:45:00,254.1,14,85,31.1,0,0,0
2026-09-12 14:50:00,249.4,26,83,29.1,0,0,0
2026-09-12 14:55:00,245.1,8,84,32.0,0,0,0
2026-09-12 15:00:00,244.6,35,84,30.1,0,0,0
2026-09-12 15:05:00,243.9,36,81,28.2,0,0,0
2026-09-12 15:10:00,241.1,25,81,35.3,0,0,0
2026-09-12 15:15:00,239.4,32,85,26.3,0,0,0
2026-09-12 15:20:00,234.6,18,81,29.1,0,0,0
2026-09-12 15:25:00,232.0,18,85,27.7,0,0,0
2026-09-12 15:30:00,229.9,14,83,30.9,0,0,0
2026-09-12 15:35:00,225.5,23,82,30.4,0,0,0
2026-09-12 15:40:00,224.5,14,84,26.2,0,0,0
2026-09-12 15:45:00,222.9,12,82,33.7,0,0,0
2026-09-12 15:50:00,217.8,27,81,25.8,0,0,0
2026-09-12 15:55:00,212.6,29,85,26.5,0,0,0
2026-09-12 16:00:00,210.8,16,80,34.4,0,0,0
2026-09-12 16:05:00,210.7,28,81,29.4,0,0,0
2026-09-12 16:10:00,209.2,72,85,30.1,0,0,0
2026-09-12 16:15:00,207.2,13,78,26.4,0,0,0
2026-09-12 16:20:00,204.6,36,82,32.2,0,0,0
2026-09-12 16:25:00,201.5,11,83,30.8,0,0,0
2026-09-12 16:30:00,202.0,36,84,25.6,0,0,0
2026-09-12 16:35:00,203.7,10,81,27.5,0,0,0
2026-09-12 16:40:00,199.3,25,82,26.1,0,0,0
2026-09-12 16:45:00,200.6,19,81,26.1,0,0,0
2026-09-12 16:50:00,202.7,27,83,25.7,0,0,0
2026-09-12 16:55:00,202.3,28,81,31.6,0,0,0
2026-09-12 17:00:00,201.7,36,84,29.5,0,0,0
2026-09-12 17:05:00,202.6,31,80,28.1,0,0,0
2026-09-12 17:10:00,203.9,33,83,27.7,0,0,0
2026-09-12 17:15:00,201.9,19,82,29.7,0,0,0
2026-09-12 17:20:00,202.5,24,80,28.6,0,0,0
2026-09-12 17:25:00,200.5,17,87,33.0,0,30,60
2026-09-12 17:30:00,207.0,33,83,28.7,0,0,0
2026-09-12 17:35:00,210.1,30,87,29.0,0,0,0
2026-09-12 17:40:00,209.8,21,87,29.3,0,0,0
2026-09-12 17:45:00,211.5,58,86,29.5,0,0,0
2026-09-12 17:50:00,214.0,21,86,30.6,0,0,0
2026-09-12 17:55:00,213.6,25,84,27.5,0,0,0
2026-09-12 18:00:00,214.1,42,86,30.3,0,0,0
2026-09-12 18:05:00,217.7,29,85,29.3,0,0,0
2026-09-12 18:10:00,218.3,46,83,26.0,0,0,0
2026-09-12 18:15:00,219.7,15,82,27.3,0,0,0
2026-09-12 18:20:00,217.8,18,86,27.2,0,0,0
2026-09-12 18:25:00,215.8,19,83,31.0,0,0,0
2026-09-12 18:30:00,214.2,36,84,24.9,0,0,0
2026-09-12 18:35:00,214.7,34,82,26.8,0,0,0
2026-09-12 18:40:00,214.9,13,80,28.4,0,0,0
2026-09-12 18:45:00,214.9,39,83,29.9,0,0,0
2026-09-12 18:50:00,212.9,29,82,30.1,0,0,0
2026-09-12 18:55:00,215.8,16,83,29.6,0,0,0
2026-09-12 19:00:00,214.3,30,81,27.5,0,0,0
2026-09-12 19:05:00,211.4,14,84,31.9,0,0,0
2026-09-12 19:10:00,207.6,18,84,27.4,0,0,0
2026-09-12 19:15:00,209.9,21,79,27.7,0,0,0
2026-09-12 19:20:00,211.8,22,80,32.6,0,0,0
2026-09-12 19:25:00,209.5,37,82,29.0,0,0,0
2026-09-12 19:30:00,206.0,346,103,24.4,0,0,0
2026-09-12 19:35:00,206.4,346,103,27.2,0,0,0
2026-09-12 19:40:00,205.4,19,77,28.0,0,0,0
2026-09-12 19:45:00,204.6,51,85,26.1,0,0,0
2026-09-12 19:50:00,202.6,13,83,25.6,0,0,0
2026-09-12 19:55:00,199.4,24,87,33.3,0,0,0
2026-09-12 20:00:00,201.5,20,83,27.5,0,0,0
2026-09-12 20:05:00,198.5,18,83,30.7,0,0,0
2026-09-12 20:10:00,200.8,10,81,27.6,0,0,0
2026-09-12 20:15:00,202.6,15,82,30.9,0,0,0
2026-09-12 20:20:00,202.6,27,84,29.7,0,0,0
2026-09-12 20:25:00,204.5,19,79,28.9,0,0,0
2026-09-12 20:30:00,199.7,30,83,26.6,0,0,0
2026-09-12 20:35:00,195.4,25,83,27.1,0,0,0
2026-09-12 20:40:00,195.5,10,81,33.8,0,0,0
2026-09-12 20:45:00,194.3,48,84,28.6,0,0,0
2026-09-12 20:50:00,195.2,10,78,27.2,0,0,0
2026-09-12 20:55:00,192.9,31,88,27.0,0,96,70
2026-09-12 21:00:00,209.7,20,85,31.3,0,0,0
2026-09-12 21:05:00,222.7,23,87,26.8,0,0,0
2026-09-12 21:10:00,230.4,500,117,26.4,0,0,0
2026-09-12 21:15:00,234.9,475,114,28.3,0,0,0
2026-09-12 21:20:00,240.3,31,85,32.2,0,0,0
2026-09-12 21:25:00,249.0,20,80,28.7,0,0,0
2026-09-12 21:30:00,250.7,9,79,28.8,0,0,0
2026-09-12 21:35:00,251.2,24,86,28.6,0,0,0
2026-09-12 21:40:00,251.4,14,82,29.5,0,0,0
2026-09-12 21:45:00,249.1,27,81,29.6,0,0,0
2026-09-12 21:50:00,247.5,56,86,28.4,0,0,0
2026-09-12 21:55:00,245.8,36,83,29.7,0,0,0
2026-09-12 22:00:00,243.0,29,81,27.4,0,0,0
2026-09-12 22:05:00,237.6,8,79,32.7,0,0,0
2026-09-12 22:10:00,237.8,15,84,28.8,0,0,0
2026-09-12 22:15:00,232.4,22,82,28.9,0,0,0
2026-09-12 22:20:00,231.2,25,78,33.1,0,0,0
2026-09-12 22:25:00,231.6,11,80,30.7,0,0,0
2026-09-12 22:30:00,229.7,34,81,27.7,0,0,0
2026-09-12 22:35:00,229.7,20,82,29.5,0,0,0
2026-09-12 22:40:00,224.2,23,82,29.6,0,0,0
2026-09-12 22:45:00,218.4,21,84,26.2,0,0,0
2026-09-12 22:50:00,218.7,29,82,31.1,0,0,0
2026-09-12 22:55:00,218.8,39,84,29.6,0,0,0
2026-09-12 23:00:00,215.5,13,83,26.0,0,0,0
2026-09-12 23:05:00,213.8,33,81,30.9,0,0,0
2026-09-12 23:10:00,212.6,27,85,28.2,0,0,0
2026-09-12 23:15:00,211.7,12,84,29.4,0,0,0
2026-09-12 23:20:00,210.8,23,83,29.3,0,0,0
2026-09-12 23:25:00,209.4,24,81,32.8,0,0,0
2026-09-12 23:30:00,209.4,15,80,30.0,0,0,0
2026-09-12 23:35:00,204.4,32,85,26.3,0,0,0
2026-09-12 23:40:00,206.8,13,82,27.0,0,0,0
2026-09-12 23:45:00,205.2,49,87,32.0,0,0,0
2026-09-12 23:50:00,202.2,26,85,23.2,0,0,0
2026-09-12 23:55:00,201.4,23,83,27.1,0,0,0
2026-09-13 00:00:00,200.3,49,82,27.0,0,0,0
2026-09-13 00:05:00,200.5,32,80,24.5,0,0,0
2026-09-13 00:10:00,194.3,42,79,26.5,0,0,0
2026-09-13 00:15:00,195.8,7,81,28.9,0,0,0
2026-09-13 00:20:00,195.4,23,85,31.1,0,0,0
2026-09-13 00:25:00,195.2,16,80,30.6,0,0,0
2026-09-13 00:30:00,195.2,22,82,28.4,0,0,0
2026-09-13 00:35:00,195.0,48,84,28.8,0,0,0
2026-09-13 00:40:00,198.6,34,81,28.6,0,0,0
2026-09-13 00:45:00,198.2,45,83,31.5,0,0,0
2026-09-13 00:50:00,199.6,45,81,30.3,0,0,0
2026-09-13 00:55:00,197.7,12,81,29.9,0,0,0
2026-09-13 01:00:00,195.3,16,83,27.6,0,0,0
2026-09-13 01:05:00,195.0,26,85,27.0,0,0,0
2026-09-13 01:10:00,191.8,14,82,25.7,0,0,0
2026-09-13 01:15:00,192.6,12,80,25.5,0,0,0
2026-09-13 01:20:00,190.9,26,83,28.6,0,0,0
2026-09-13 01:25:00,191.2,22,84,28.5,0,0,0
2026-09-13 01:30:00,188.3,17,82,26.7,0,0,0
2026-09-13 01:35:00,188.3,33,80,28.7,0,0,0
2026-09-13 01:40:00,186.8,40,84,25.8,0,0,0
2026-09-13 01:45:00,184.4,15,81,27.4,0,0,0
2026-09-13 01:50:00,181.6,21,81,30.0,0,0,0
2026-09-13 01:55:00,183.9,24,79,28.7,0,0,0
2026-09-13 02:00:00,182.4,26,83,28.9,0,0,0
2026-09-13 02:05:00,182.9,32,84,25.7,0,0,0
2026-09-13 02:10:00,182.6,37,81,27.0,0,0,0
2026-09-13 02:15:00,182.6,0,74,50.9,1,0,0
2026-09-13 02:20:00,183.4,0,74,45.2,1,0,0
2026-09-13 02:25:00,185.5,0,74,44.7,1,0,0
2026-09-13 02:30:00,182.7,0,72,47.6,1,0,0
2026-09-13 02:35:00,184.7,0,75,44.4,1,0,0
2026-09-13 02:40:00,187.3,0,74,47.2,1,0,0
2026-09-13 02:45:00,186.6,0,74,43.5,1,0,0
2026-09-13 02:50:00,189.6,0,72,47.7,1,0,0
2026-09-13 02:55:00,192.5,0,68,43.5,1,0,0
2026-09-13 03:00:00,193.4,0,74,47.8,1,0,0
2026-09-13 03:05:00,191.4,0,72,47.6,1,0,0
2026-09-13 03:10:00,191.6,0,73,45.4,1,0,0
2026-09-13 03:15:00,188.2,2,73,44.4,1,0,0
2026-09-13 03:20:00,187.3,1,73,43.7,1,0,0
2026-09-13 03:25:00,187.6,0,77,46.5,1,0,0
2026-09-13 03:30:00,191.1,0,74,43.5,1,0,0
2026-09-13 03:35:00,186.4,0,73,45.4,1,0,0
2026-09-13 03:40:00,187.1,0,68,43.5,1,0,0
2026-09-13 03:45:00,186.7,0,71,47.5,1,0,0
2026-09-13 03:50:00,188.5,1,73,44.4,1,0,0
2026-09-13 03:55:00,185.9,2,76,42.6,1,0,0
2026-09-13 04:00:00,186.0,0,76,49.1,1,0,0
2026-09-13 04:05:00,186.3,0,71,46.1,1,0,0
2026-09-13 04:10:00,186.6,2,77,41.3,1,0,0
2026-09-13 04:15:00,186.7,1,74,44.6,1,0,0
2026-09-13 04:20:00,185.9,0,74,46.2,1,0,0
2026-09-13 04:25:00,188.0,0,69,45.9,1,0,0
2026-09-13 04:30:00,187.3,1,74,46.4,1,0,0
2026-09-13 04:35:00,189.9,0,72,48.4,1,0,0
2026-09-13 04:40:00,190.8,0,72,47.2,1,0,0
2026-09-13 04:45:00,193.3,1,71,45.2,1,0,0
2026-09-13 04:50:00,196.1,0,73,46.9,1,0,0
2026-09-13 04:55:00,193.8,0,72,45.5,1,0,0
2026-09-13 05:00:00,193.0,0,75,45.7,1,0,0
2026-09-13 05:05:00,190.0,1,72,45.7,1,0,0
2026-09-13 05:10:00,189.9,0,76,48.2,1,0,0
2026-09-13 05:15:00,192.8,0,76,41.9,1,0,0
2026-09-13 05:20:00,191.6,0,70,50.0,1,0,0
2026-09-13 05:25:00,192.6,0,73,48.6,1,0,0
2026-09-13 05:30:00,195.1,0,73,44.7,1,0,0
2026-09-13 05:35:00,196.3,0,75,46.6,1,0,0
2026-09-13 05:40:00,197.0,0,73,47.4,1,0,0
2026-09-13 05:45:00,200.0,0,76,45.4,1,0,0
2026-09-13 05:50:00,197.7,0,75,46.7,1,0,0
2026-09-13 05:55:00,195.4,0,73,47.6,1,0,0
2026-09-13 06:00:00,196.0,0,73,46.3,1,0,0
2026-09-13 06:05:00,199.7,0,73,45.8,1,0,0
2026-09-13 06:10:00,198.4,2,73,43.0,1,0,0
2026-09-13 06:15:00,196.5,0,74,45.7,1,0,0
2026-09-13 06:20:00,193.7,1,75,47.1,1,0,0
2026-09-13 06:25:00,190.5,1,72,46.3,1,0,0
2026-09-13 06:30:00,189.2,0,73,47.7,1,0,0
2026-09-13 06:35:00,191.7,1,77,43.4,1,0,0
2026-09-13 06:40:00,195.2,1,71,45.2,1,0,0
2026-09-13 06:45:00,192.8,0,74,44.2,1,0,0
2026-09-13 06:50:00,194.1,8,81,30.4,0,0,0
2026-09-13 06:55:00,195.5,23,83,33.5,0,0,0
2026-09-13 07:00:00,195.3,20,82,28.4,0,0,0
2026-09-13 07:05:00,195.8,17,81,30.7,0,0,0
2026-09-13 07:10:00,191.2,29,81,28.9,0,0,0
2026-09-13 07:15:00,186.3,51,84,26.0,0,0,0
2026-09-13 07:20:00,188.8,21,82,30.2,0,0,0
2026-09-13 07:25:00,188.0,16,79,32.4,0,0,0
2026-09-13 07:30:00,189.5,24,84,30.1,0,0,0
2026-09-13 07:35:00,189.6,29,81,25.3,0,0,0
2026-09-13 07:40:00,188.9,30,83,27.3,0,0,0
2026-09-13 07:45:00,190.8,21,83,31.5,0,0,0
2026-09-13 07:50:00,192.3,20,87,30.4,0,64,78
2026-09-13 07:55:00,207.5,30,86,29.4,0,0,0
2026-09-13 08:00:00,219.2,29,82,25.9,0,0,0
2026-09-13 08:05:00,229.8,21,85,31.6,0,0,0
2026-09-13 08:10:00,236.4,28,86,29.0,0,0,0
2026-09-13 08:15:00,239.3,39,88,27.9,0,0,0
2026-09-13 08:20:00,244.3,26,83,27.8,0,0,0
2026-09-13 08:25:00,249.2,29,79,26.0,0,0,0
2026-09-13 08:30:00,253.8,24,79,26.2,0,0,0
2026-09-13 08:35:00,254.9,23,82,25.6,0,0,0
2026-09-13 08:40:00,254.8,13,83,30.4,0,0,0
2026-09-13 08:45:00,252.4,49,86,27.7,0,0,0
2026-09-13 08:50:00,249.3,13,79,29.5,0,0,0
2026-09-13 08:55:00,247.5,13,76,30.1,0,0,0
2026-09-13 09:00:00,244.1,15,80,27.8,0,0,0
2026-09-13 09:05:00,244.2,22,80,30.7,0,0,0
2026-09-13 09:10:00,240.6,18,82,30.1,0,0,0
2026-09-13 09:15:00,236.6,26,80,28.7,0,0,0
2026-09-13 09:20:00,235.2,52,86,27.7,0,0,0
2026-09-13 09:25:00,232.9,15,83,29.3,0,0,0
2026-09-13 09:30:00,229.2,23,85,29.4,0,0,0
2026-09-13 09:35:00,224.1,25,85,27.8,0,0,0
2026-09-13 09:40:00,222.0,13,79,27.3,0,0,0
2026-09-13 09:45:00,220.3,16,78,30.6,0,0,0
2026-09-13 09:50:00,219.3,19,78,27.1,0,0,0
2026-09-13 09:55:00,217.9,24,82,27.8,0,0,0
2026-09-13 10:00:00,219.2,36,86,24.0,0,0,0
2026-09-13 10:05:00,219.1,45,83,25.7,0,0,0
2026-09-13 10:10:00,215.0,17,79,26.7,0,0,0
2026-09-13 10:15:00,212.2,45,82,30.3,0,0,0
2026-09-13 10:20:00,208.1,16,83,29.8,0,0,0
2026-09-13 10:25:00,203.8,37,84,30.0,0,0,0
2026-09-13 10:30:00,204.3,48,87,27.3,0,0,0
2026-09-13 10:35:00,203.3,33,84,28.2,0,0,0
2026-09-13 10:40:00,201.6,12,81,26.7,0,0,0
2026-09-13 10:45:00,199.1,11,79,31.5,0,0,0
2026-09-13 10:50:00,197.9,24,82,26.4,0,0,0
2026-09-13 10:55:00,198.0,21,81,24.1,0,0,0
2026-09-13 11:00:00,198.8,29,79,30.3,0,0,0
2026-09-13 11:05:00,198.0,10,85,27.3,0,0,0
2026-09-13 11:10:00,195.4,38,84,25.6,0,0,0
2026-09-13 11:15:00,196.4,20,86,28.1,0,0,0
2026-09-13 11:20:00,194.4,20,82,28.7,0,0,0
2026-09-13 11:25:00,193.5,31,84,23.8,0,0,0
2026-09-13 11:30:00,194.0,10,81,26.2,0,0,0
2026-09-13 11:35:00,193.6,25,83,31.2,0,0,0
2026-09-13 11:40:00,193.5,26,81,28.3,0,0,0
2026-09-13 11:45:00,190.9,20,81,27.6,0,0,0
2026-09-13 11:50:00,190.8,30,83,27.6,0,0,0
2026-09-13 11:55:00,189.5,16,82,30.0,0,0,0
2026-09-13 12:00:00,189.4,18,83,30.2,0,0,0
2026-09-13 12:05:00,190.7,8,79,27.5,0,0,0
2026-09-13 12:10:00,189.4,17,82,29.9,0,0,0
2026-09-13 12:15:00,189.4,40,84,28.5,0,0,0
2026-09-13 12:20:00,187.3,23,79,29.0,0,0,0
2026-09-13 12:25:00,189.7,24,87,28.8,0,0,0
2026-09-13 12:30:00,184.6,24,81,29.1,0,0,0
2026-09-13 12:35:00,183.1,17,81,32.8,0,0,0
2026-09-13 12:40:00,182.6,42,86,28.5,0,0,0
2026-09-13 12:45:00,185.3,44,84,30.2,0,0,0
2026-09-13 12:50:00,187.7,20,83,24.6,0,0,0
2026-09-13 12:55:00,186.4,31,83,29.0,0,0,0
2026-09-13 13:00:00,185.9,19,78,26.9,0,0,0
2026-09-13 13:05:00,185.2,15,83,26.7,0,0,0
2026-09-13 13:10:00,184.8,10,83,26.5,0,0,0
2026-09-13 13:15:00,187.0,17,79,27.3,0,0,0
2026-09-13 13:20:00,186.6,26,83,27.4,0,0,0
2026-09-13 13:25:00,185.7,13,79,27.1,0,0,0
2026-09-13 13:30:00,189.1,27,80,29.6,0,0,0
2026-09-13 13:35:00,189.4,31,84,26.1,0,0,0
2026-09-13 13:40:00,190.0,9,85,33.0,0,0,0
2026-09-13 13:45:00,192.5,15,83,24.1,0,0,0
2026-09-13 13:50:00,194.6,26,88,32.4,0,107,70
2026-09-13 13:55:00,217.8,13,84,28.5,0,0,0
2026-09-13 14:00:00,237.1,26,84,29.5,0,0,0
2026-09-13 14:05:00,248.8,19,85,29.3,0,0,0
2026-09-13 14:10:00,263.2,33,87,30.9,0,0,0
2026-09-13 14:15:00,271.1,40,86,30.4,0,0,0
2026-09-13 14:20:00,275.2,21,83,29.2,0,0,0
2026-09-13 14:25:00,277.3,14,80,25.0,0,0,0
2026-09-13 14:30:00,281.6,369,105,25.4,0,0,0
2026-09-13 14:35:00,281.3,371,106,24.2,0,0,0
2026-09-13 14:40:00,276.9,376,105,27.1,0,0,0
2026-09-13 14:45:00,275.4,367,102,28.9,0,0,0
2026-09-13 14:50:00,270.4,16,83,28.5,0,0,0
2026-09-13 14:55:00,270.3,18,80,28.5,0,0,0
2026-09-13 15:00:00,263.3,49,84,28.8,0,0,0
2026-09-13 15:05:00,261.8,51,86,27.3,0,0,0
2026-09-13 15:10:00,258.9,24,85,28.4,0,0,0
2026-09-13 15:15:00,252.1,25,82,26.5,0,0,0
2026-09-13 15:20:00,249.7,17,79,28.7,0,0,0
2026-09-13 15:25:00,245.5,21,83,28.4,0,0,0
2026-09-13 15:30:00,243.2,29,85,27.6,0,0,0
2026-09-13 15:35:00,239.8,30,82,25.8,0,0,0
2026-09-13 15:40:00,235.3,31,84,29.5,0,0,0
2026-09-13 15:45:00,231.6,31,87,27.5,0,0,0
2026-09-13 15:50:00,231.6,30,80,28.2,0,0,0
2026-09-13 15:55:00,231.1,27,80,30.1,0,0,0
2026-09-13 16:00:00,228.7,14,82,26.9,0,0,0
2026-09-13 16:05:00,225.9,36,84,28.3,0,0,0
2026-09-13 16:10:00,226.3,31,83,28.7,0,0,0
2026-09-13 16:15:00,224.0,23,84,24.7,0,0,0
2026-09-13 16:20:00,223.6,46,86,26.2,0,0,0
2026-09-13 16:25:00,223.2,50,86,28.7,0,0,0
2026-09-13 16:30:00,217.7,62,89,29.7,0,0,0
2026-09-13 16:35:00,216.4,35,83,28.8,0,0,0
2026-09-13 16:40:00,215.2,18,83,32.2,0,0,0
2026-09-13 16:45:00,213.1,18,87,30.6,0,0,0
2026-09-13 16:50:00,213.6,31,85,32.2,0,0,0
2026-09-13 16:55:00,212.7,37,81,27.4,0,0,0
2026-09-13 17:00:00,212.2,17,85,26.9,0,0,0
2026-09-13 17:05:00,211.8,24,81,31.6,0,0,0
2026-09-13 17:10:00,207.5,24,83,30.0,0,0,0
2026-09-13 17:15:00,206.3,17,80,29.3,0,0,0
2026-09-13 17:20:00,201.5,24,81,30.7,0,0,0
2026-09-13 17:25:00,201.8,19,83,26.0,0,0,0
2026-09-13 17:30:00,201.6,48,82,28.7,0,0,0
2026-09-13 17:35:00,198.7,28,81,29.6,0,0,0
2026-09-13 17:40:00,196.5,25,86,27.6,0,27,65
2026-09-13 17:45:00,207.5,52,89,29.3,0,0,0
2026-09-13 17:50:00,213.7,13,89,30.6,0,0,0
2026-09-13 17:55:00,218.6,30,87,31.1,0,0,0
2026-09-13 18:00:00,220.4,14,86,28.7,0,0,0
2026-09-13 18:05:00,223.0,13,83,28.5,0,0,0
2026-09-13 18:10:00,220.9,9,78,28.0,0,0,0
2026-09-13 18:15:00,218.0,25,86,24.6,0,0,0
2026-09-13 18:20:00,216.8,13,81,25.8,0,0,0
2026-09-13 18:25:00,215.5,14,83,24.2,0,0,0
2026-09-13 18:30:00,216.2,21,83,26.5,0,0,0
2026-09-13 18:35:00,214.6,50,83,28.6,0,0,0
2026-09-13 18:40:00,213.2,30,81,28.4,0,0,0
2026-09-13 18:45:00,210.8,8,78,25.1,0,0,0
2026-09-13 18:50:00,210.3,15,81,30.1,0,0,0
2026-09-13 18:55:00,208.6,12,81,30.9,0,0,0
2026-09-13 19:00:00,211.7,23,85,30.5,0,0,0
2026-09-13 19:05:00,213.3,40,83,31.5,0,0,0
2026-09-13 19:10:00,212.8,34,81,30.1,0,0,0
2026-09-13 19:15:00,209.0,16,81,27.1,0,0,0
2026-09-13 19:20:00,208.2,23,84,23.5,0,0,0
2026-09-13 19:25:00,208.1,41,83,28.3,0,0,0
2026-09-13 19:30:00,204.1,9,84,27.8,0,0,0
2026-09-13 19:35:00,204.1,18,80,29.7,0,0,0
2026-09-13 19:40:00,201.3,26,84,29.0,0,0,0
2026-09-13 19:45:00,204.0,15,84,25.7,0,0,0
2026-09-13 19:50:00,200.4,51,84,30.1,0,0,0
2026-09-13 19:55:00,200.9,34,80,30.2,0,0,0
2026-09-13 20:00:00,198.7,15,80,28.5,0,0,0
2026-09-13 20:05:00,197.0,15,84,27.6,0,0,0
2026-09-13 20:10:00,197.6,36,84,29.5,0,0,0
2026-09-13 20:15:00,196.6,37,86,28.6,0,0,0
2026-09-13 20:20:00,195.2,14,83,26.1,0,0,0
2026-09-13 20:25:00,191.7,28,85,31.8,0,0,0
2026-09-13 20:30:00,191.9,34,80,29.1,0,0,0
2026-09-13 20:35:00,193.1,11,85,28.0,0,0,0
2026-09-13 20:40:00,193.9,38,83,29.5,0,0,0
2026-09-13 20:45:00,194.8,48,85,31.7,0,0,0
2026-09-13 20:50:00,197.7,27,85,28.8,0,0,0
2026-09-13 20:55:00,197.6,13,81,29.1,0,0,0
2026-09-13 21:00:00,194.9,23,82,29.5,0,0,0
2026-09-13 21:05:00,192.9,15,79,28.1,0,0,0
2026-09-13 21:10:00,190.0,30,85,29.3,0,0,0
2026-09-13 21:15:00,188.1,34,79,28.8,0,0,0
2026-09-13 21:20:00,190.6,25,84,30.0,0,0,0
2026-09-13 21:25:00,190.3,11,81,26.9,0,0,0
2026-09-13 21:30:00,190.2,18,86,28.3,0,0,0
2026-09-13 21:35:00,192.2,24,83,26.9,0,0,0
2026-09-13 21:40:00,191.0,28,83,32.4,0,0,0
2026-09-13 21:45:00,192.4,40,83,27.0,0,0,0
2026-09-13 21:50:00,193.2,19,85,29.3,0,0,0
2026-09-13 21:55:00,190.1,12,82,29.2,0,0,0
2026-09-13 22:00:00,191.3,18,83,28.9,0,0,0
2026-09-13 22:05:00,190.7,25,83,30.5,0,0,0
2026-09-13 22:10:00,188.7,21,82,28.8,0,0,0
2026-09-13 22:15:00,187.3,12,80,28.7,0,0,0
2026-09-13 22:20:00,188.6,11,79,30.7,0,0,0
2026-09-13 22:25:00,185.6,28,82,27.1,0,0,0
2026-09-13 22:30:00,185.3,28,82,26.6,0,0,0
2026-09-13 22:35:00,188.3,13,85,27.0,0,0,0
2026-09-13 22:40:00,189.7,17,80,29.5,0,0,0
2026-09-13 22:45:00,187.8,14,85,29.2,0,0,0
2026-09-13 22:50:00,186.0,22,86,26.4,0,0,0
2026-09-13 22:55:00,187.6,8,82,23.2,0,0,0
2026-09-13 23:00:00,190.0,22,79,29.3,0,0,0
2026-09-13 23:05:00,189.5,17,82,29.3,0,0,0
2026-09-13 23:10:00,190.2,24,83,26.8,0,0,0
2026-09-13 23:15:00,194.7,23,82,30.8,0,0,0
2026-09-13 23:20:00,196.4,31,85,26.7,0,0,0
2026-09-13 23:25:00,196.0,27,85,28.4,0,0,0
2026-09-13 23:30:00,195.5,23,82,29.6,0,0,0
2026-09-13 23:35:00,196.6,14,83,30.9,0,0,0
2026-09-13 23:40:00,197.3,14,86,30.4,0,0,0
2026-09-13 23:45:00,196.1,29,86,27.5,0,0,0
2026-09-13 23:50:00,196.3,35,85,30.7,0,0,0
2026-09-13 23:55:00,194.7,10,77,28.2,0,0,0
2026-09-14 00:00:00,198.6,25,84,29.5,0,0,0
2026-09-14 00:05:00,201.2,38,83,30.1,0,0,0
2026-09-14 00:10:00,198.5,17,84,27.3,0,0,0
2026-09-14 00:15:00,198.2,25,81,23.5,0,0,0
2026-09-14 00:20:00,201.7,17,86,27.5,0,0,0
2026-09-14 00:25:00,200.2,0,75,41.1,1,0,0
2026-09-14 00:30:00,196.2,0,71,44.6,1,0,0
2026-09-14 00:35:00,196.0,0,75,38.0,1,0,0
2026-09-14 00:40:00,193.9,0,72,42.7,1,0,0
2026-09-14 00:45:00,194.5,0,74,43.4,1,0,0
2026-09-14 00:50:00,195.8,0,70,44.1,1,0,0
2026-09-14 00:55:00,195.6,0,72,45.7,1,0,0
2026-09-14 01:00:00,196.4,1,74,45.0,1,0,0
2026-09-14 01:05:00,194.9,1,72,45.1,1,0,0
2026-09-14 01:10:00,190.3,0,73,44.2,1,0,0
2026-09-14 01:15:00,190.0,1,76,43.7,1,0,0
2026-09-14 01:20:00,189.3,0,68,44.3,1,0,0
2026-09-14 01:25:00,193.9,0,72,45.9,1,0,0
2026-09-14 01:30:00,193.2,0,73,42.0,1,0,0
2026-09-14 01:35:00,194.2,1,75,45.7,1,0,0
2026-09-14 01:40:00,193.4,1,76,44.0,1,0,0
2026-09-14 01:45:00,194.7,1,73,42.8,1,0,0
2026-09-14 01:50:00,194.5,0,72,44.1,1,0,0
2026-09-14 01:55:00,196.5,0,75,46.9,1,0,0
2026-09-14 02:00:00,198.7,0,73,43.2,1,0,0
2026-09-14 02:05:00,197.4,0,74,46.2,1,0,0
2026-09-14 02:10:00,196.4,1,70,45.5,1,0,0
2026-09-14 02:15:00,196.4,0,74,43.4,1,0,0
2026-09-14 02:20:00,194.1,0,76,43.4,1,0,0
2026-09-14 02:25:00,195.3,0,72,45.2,1,0,0
2026-09-14 02:30:00,194.3,0,73,42.3,1,0,0
2026-09-14 02:35:00,195.1,0,71,44.4,1,0,0
2026-09-14 02:40:00,196.0,0,74,45.4,1,0,0
2026-09-14 02:45:00,194.6,0,76,42.8,1,0,0
2026-09-14 02:50:00,194.1,1,72,40.6,1,0,0
2026-09-14 02:55:00,196.6,0,72,39.6,1,0,0
2026-09-14 03:00:00,192.5,0,73,49.1,1,0,0
2026-09-14 03:05:00,192.4,0,72,41.7,1,0,0
2026-09-14 03:10:00,194.7,1,75,44.0,1,0,0
2026-09-14 03:15:00,192.6,0,73,44.6,1,0,0
2026-09-14 03:20:00,195.3,1,73,46.2,1,0,0
2026-09-14 03:25:00,195.9,1,75,47.6,1,0,0
2026-09-14 03:30:00,196.0,0,77,41.0,1,0,0
2026-09-14 03:35:00,197.3,0,71,45.3,1,0,0
2026-09-14 03:40:00,194.5,0,72,45.5,1,0,0
2026-09-14 03:45:00,194.8,0,75,43.2,1,0,0
2026-09-14 03:50:00,196.3,1,69,43.2,1,0,0
2026-09-14 03:55:00,199.8,0,73,44.6,1,0,0
2026-09-14 04:00:00,204.6,0,76,41.7,1,0,0
2026-09-14 04:05:00,202.9,0,70,44.8,1,0,0
2026-09-14 04:10:00,204.0,0,71,41.9,1,0,0
2026-09-14 04:15:00,203.4,1,71,42.1,1,0,0
2026-09-14 04:20:00,203.0,1,73,45.1,1,0,0
2026-09-14 04:25:00,203.8,0,72,45.7,1,0,0
2026-09-14 04:30:00,203.1,0,72,42.2,1,0,0
2026-09-14 04:35:00,203.0,1,73,40.2,1,0,0
2026-09-14 04:40:00,200.2,1,75,43.5,1,0,0
2026-09-14 04:45:00,200.5,0,75,43.3,1,0,0
2026-09-14 04:50:00,204.3,0,77,45.0,1,0,0
2026-09-14 04:55:00,203.4,0,74,42.7,1,0,0
2026-09-14 05:00:00,202.7,1,71,42.2,1,0,0
2026-09-14 05:05:00,204.8,0,72,46.9,1,0,0
2026-09-14 05:10:00,205.0,0,72,43.6,1,0,0
2026-09-14 05:15:00,204.2,0,74,42.0,1,0,0
2026-09-14 05:20:00,204.1,0,73,44.6,1,0,0
2026-09-14 05:25:00,203.0,0,77,44.8,1,0,0
2026-09-14 05:30:00,203.2,0,71,46.2,1,0,0
2026-09-14 05:35:00,200.4,0,71,42.6,1,0,0
2026-09-14 05:40:00,201.3,0,71,45.7,1,0,0
2026-09-14 05:45:00,200.3,1,76,43.7,1,0,0
2026-09-14 05:50:00,200.6,0,72,44.6,1,0,0
2026-09-14 05:55:00,198.2,0,76,46.3,1,0,0
2026-09-14 06:00:00,198.3,0,70,47.0,1,0,0
2026-09-14 06:05:00,198.6,1,70,44.5,1,0,0
2026-09-14 06:10:00,197.4,0,73,42.9,1,0,0
2026-09-14 06:15:00,196.3,17,81,25.1,0,0,0
2026-09-14 06:20:00,197.7,18,83,26.0,0,0,0
2026-09-14 06:25:00,195.9,36,83,27.0,0,0,0
2026-09-14 06:30:00,190.7,35,85,28.5,0,0,0
2026-09-14 06:35:00,190.2,11,84,28.6,0,0,0
2026-09-14 06:40:00,190.0,21,81,29.7,0,0,0
2026-09-14 06:45:00,192.6,16,82,28.8,0,0,0
2026-09-14 06:50:00,194.4,17,81,26.8,0,0,0
2026-09-14 06:55:00,195.7,17,82,29.1,0,0,0
2026-09-14 07:00:00,195.1,41,85,28.2,0,0,0
2026-09-14 07:05:00,196.2,27,82,27.6,0,0,0
2026-09-14 07:10:00,194.8,18,83,22.6,0,0,0
2026-09-14 07:15:00,197.4,41,84,25.8,0,0,0
2026-09-14 07:20:00,202.0,13,81,27.7,0,0,0
2026-09-14 07:25:00,206.8,26,85,26.9,0,0,0
2026-09-14 07:30:00,205.6,13,81,24.2,0,0,0
2026-09-14 07:35:00,207.0,50,82,25.7,0,0,0
2026-09-14 07:40:00,206.1,39,80,25.8,0,0,0
2026-09-14 07:45:00,204.7,21,83,27.7,0,0,0
2026-09-14 07:50:00,205.1,10,81,26.8,0,0,0
2026-09-14 07:55:00,207.4,28,81,25.0,0,0,0
2026-09-14 08:00:00,205.9,30,83,28.1,0,0,0
2026-09-14 08:05:00,201.4,19,80,28.4,0,0,0
2026-09-14 08:10:00,200.9,18,85,25.4,0,0,0
2026-09-14 08:15:00,197.2,49,85,28.7,0,0,0
2026-09-14 08:20:00,195.7,20,85,25.7,0,61,78
2026-09-14 08:25:00,211.8,24,84,31.3,0,0,0
2026-09-14 08:30:00,224.2,22,82,26.6,0,0,0
2026-09-14 08:35:00,235.9,46,89,30.8,0,0,0
2026-09-14 08:40:00,239.4,14,88,26.7,0,0,0
2026-09-14 08:45:00,245.3,26,82,29.7,0,0,0
2026-09-14 08:50:00,247.3,27,82,26.1,0,0,0
2026-09-14 08:55:00,251.2,12,86,25.8,0,0,0
2026-09-14 09:00:00,252.6,22,80,28.0,0,0,0
2026-09-14 09:05:00,254.6,71,84,25.2,0,0,0
2026-09-14 09:10:00,253.1,35,84,26.4,0,0,0
2026-09-14 09:15:00,252.2,27,85,29.1,0,0,0
2026-09-14 09:20:00,248.9,27,85,27.0,0,0,0
2026-09-14 09:25:00,250.2,24,85,24.1,0,0,0
2026-09-14 09:30:00,248.9,24,83,30.0,0,0,0
2026-09-14 09:35:00,244.6,18,81,24.8,0,0,0
2026-09-14 09:40:00,243.0,38,81,24.9,0,0,0
2026-09-14 09:45:00,238.9,43,82,26.9,0,0,0
2026-09-14 09:50:00,238.0,46,87,27.5,0,0,0
2026-09-14 09:55:00,236.4,29,86,28.9,0,0,0
2026-09-14 10:00:00,233.2,42,86,29.8,0,0,0
2026-09-14 10:05:00,230.6,20,82,26.5,0,0,0
2026-09-14 10:10:00,232.0,13,82,30.0,0,0,0
2026-09-14 10:15:00,228.7,39,87,30.5,0,0,0
2026-09-14 10:20:00,225.0,11,81,28.6,0,0,0
2026-09-14 10:25:00,219.6,14,82,26.3,0,0,0
2026-09-14 10:30:00,222.5,22,81,28.0,0,0,0
2026-09-14 10:35:00,219.8,36,83,23.9,0,0,0
2026-09-14 10:40:00,218.3,16,83,29.7,0,0,0
2026-09-14 10:45:00,217.0,23,83,26.3,0,0,0
2026-09-14 10:50:00,215.9,21,85,27.0,0,0,0
2026-09-14 10:55:00,214.2,11,84,27.2,0,0,0
2026-09-14 11:00:00,213.1,28,86,26.5,0,0,0
2026-09-14 11:05:00,210.4,30,85,25.8,0,0,0
2026-09-14 11:10:00,209.8,26,84,25.7,0,0,0
2026-09-14 11:15:00,211.9,15,80,25.4,0,0,0
2026-09-14 11:20:00,210.1,14,80,27.8,0,0,0
2026-09-14 11:25:00,209.3,13,82,27.1,0,0,0
2026-09-14 11:30:00,210.4,18,82,27.4,0,0,0
2026-09-14 11:35:00,210.0,36,82,26.4,0,0,0
2026-09-14 11:40:00,207.8,23,83,29.3,0,0,0
2026-09-14 11:45:00,204.7,32,83,28.3,0,0,0
2026-09-14 11:50:00,205.3,35,85,27.0,0,0,0
2026-09-14 11:55:00,204.7,18,80,25.8,0,0,0
2026-09-14 12:00:00,200.8,15,82,29.4,0,0,0
2026-09-14 12:05:00,203.5,23,81,29.1,0,0,0
2026-09-14 12:10:00,205.9,38,85,26.9,0,0,0
2026-09-14 12:15:00,202.2,21,86,27.7,0,0,0
2026-09-14 12:20:00,198.8,7,81,26.4,0,0,0
2026-09-14 12:25:00,198.9,21,83,26.5,0,0,0
2026-09-14 12:30:00,198.8,28,83,27.7,0,0,0
2026-09-14 12:35:00,197.6,41,84,27.4,0,0,0
2026-09-14 12:40:00,195.6,43,82,27.3,0,0,0
2026-09-14 12:45:00,196.0,21,80,29.6,0,0,0
2026-09-14 12:50:00,200.4,20,81,25.8,0,0,0
2026-09-14 12:55:00,200.2,25,83,24.8,0,0,0
2026-09-14 13:00:00,199.5,18,82,27.9,0,0,0
2026-09-14 13:05:00,197.7,11,83,27.7,0,0,0
2026-09-14 13:10:00,198.2,24,84,29.3,0,0,0
2026-09-14 13:15:00,196.8,31,81,28.9,0,0,0
2026-09-14 13:20:00,198.9,23,81,29.1,0,0,0
2026-09-14 13:25:00,201.2,14,82,22.8,0,0,0
2026-09-14 13:30:00,198.2,22,84,25.2,0,0,0
2026-09-14 13:35:00,195.6,11,86,27.5,0,0,0
2026-09-14 13:40:00,196.6,23,85,26.3,0,47,50
2026-09-14 13:45:00,203.0,19,83,27.3,0,0,0
2026-09-14 13:50:00,210.4,21,85,27.5,0,0,0
2026-09-14 13:55:00,214.3,32,84,27.4,0,0,0
2026-09-14 14:00:00,219.5,20,84,25.2,0,0,0
2026-09-14 14:05:00,221.9,35,86,30.7,0,0,0
2026-09-14 14:10:00,220.4,21,83,27.6,0,0,0
2026-09-14 14:15:00,222.3,28,87,26.7,0,0,0
2026-09-14 14:20:00,224.1,35,81,25.7,0,0,0
2026-09-14 14:25:00,225.7,8,82,27.3,0,0,0
2026-09-14 14:30:00,227.4,11,80,27.5,0,0,0
2026-09-14 14:35:00,222.3,47,86,23.6,0,0,0
2026-09-14 14:40:00,224.5,23,86,32.9,0,0,0
2026-09-14 14:45:00,221.9,76,86,28.9,0,0,0
2026-09-14 14:50:00,220.0,473,106,30.6,0,0,0
2026-09-14 14:55:00,221.9,478,111,25.2,0,0,0
2026-09-14 15:00:00,218.4,21,83,26.6,0,0,0
2026-09-14 15:05:00,217.4,28,86,25.9,0,0,0
2026-09-14 15:10:00,219.4,20,81,28.0,0,0,0
2026-09-14 15:15:00,217.7,14,80,22.8,0,0,0
2026-09-14 15:20:00,214.1,24,84,27.4,0,0,0
2026-09-14 15:25:00,214.6,13,80,27.1,0,0,0
2026-09-14 15:30:00,214.9,14,80,24.8,0,0,0
2026-09-14 15:35:00,214.6,25,81,28.8,0,0,0
2026-09-14 15:40:00,208.5,66,84,27.2,0,0,0
2026-09-14 15:45:00,209.8,24,83,26.7,0,0,0
2026-09-14 15:50:00,206.8,36,83,29.3,0,0,0
2026-09-14 15:55:00,207.6,30,85,24.4,0,0,0
2026-09-14 16:00:00,208.1,40,82,28.7,0,0,0
2026-09-14 16:05:00,208.4,36,85,24.7,0,0,0
2026-09-14 16:10:00,206.4,15,86,27.9,0,0,0
2026-09-14 16:15:00,206.7,44,85,23.1,0,0,0
2026-09-14 16:20:00,204.2,35,87,25.3,0,0,0
2026-09-14 16:25:00,204.6,18,83,26.6,0,0,0
2026-09-14 16:30:00,204.0,35,83,25.2,0,0,0
2026-09-14 16:35:00,203.5,12,81,28.6,0,0,0
2026-09-14 16:40:00,203.7,41,82,24.9,0,0,0
2026-09-14 16:45:00,201.9,19,84,23.6,0,0,0
2026-09-14 16:50:00,201.6,22,81,27.8,0,0,0
2026-09-14 16:55:00,199.7,26,84,24.6,0,0,0
2026-09-14 17:00:00,197.5,22,85,25.0,0,0,0
2026-09-14 17:05:00,198.0,26,82,26.0,0,0,0
2026-09-14 17:10:00,196.9,10,80,26.9,0,0,0
2026-09-14 17:15:00,195.4,11,81,24.6,0,27,60
2026-09-14 17:20:00,201.1,51,90,24.5,0,0,0
2026-09-14 17:25:00,208.7,22,86,24.5,0,0,0
2026-09-14 17:30:00,214.2,26,84,27.0,0,0,0
2026-09-14 17:35:00,216.2,22,83,26.7,0,0,0
2026-09-14 17:40:00,215.9,25,82,25.9,0,0,0
2026-09-14 17:45:00,217.3,19,81,28.7,0,0,0
2026-09-14 17:50:00,219.6,14,83,26.9,0,0,0
2026-09-14 17:55:00,219.5,8,80,26.6,0,0,0
2026-09-14 18:00:00,219.1,24,77,29.7,0,0,0
2026-09-14 18:05:00,218.1,20,83,27.9,0,0,0
2026-09-14 18:10:00,214.1,38,84,27.9,0,0,0
2026-09-14 18:15:00,215.1,13,81,26.8,0,0,0
2026-09-14 18:20:00,212.7,20,84,22.9,0,0,0
2026-09-14 18:25:00,209.3,10,84,28.1,0,0,0
2026-09-14 18:30:00,207.9,12,86,23.3,0,0,0
2026-09-14 18:35:00,206.8,16,80,27.8,0,0,0
2026-09-14 18:40:00,211.3,32,82,27.0,0,0,0
2026-09-14 18:45:00,208.9,27,87,27.4,0,0,0
2026-09-14 18:50:00,204.3,8,80,28.3,0,0,0
2026-09-14 18:55:00,201.6,37,83,27.9,0,0,0
2026-09-14 19:00:00,202.2,18,84,24.5,0,0,0
2026-09-14 19:05:00,196.9,51,84,28.6,0,0,0
2026-09-14 19:10:00,196.7,32,82,23.7,0,0,0
2026-09-14 19:15:00,196.3,37,82,21.5,0,0,0
2026-09-14 19:20:00,197.7,22,81,26.0,0,0,0
2026-09-14 19:25:00,195.5,20,82,23.7,0,0,0
2026-09-14 19:30:00,195.5,11,83,28.5,0,0,0
2026-09-14 19:35:00,199.6,16,86,28.4,0,0,0
2026-09-14 19:40:00,196.3,23,86,25.9,0,0,0
2026-09-14 19:45:00,196.2,35,82,23.0,0,0,0
2026-09-14 19:50:00,194.2,18,82,26.0,0,0,0
2026-09-14 19:55:00,193.4,10,81,26.4,0,0,0
2026-09-14 20:00:00,195.5,34,80,24.9,0,0,0
2026-09-14 20:05:00,193.9,29,83,24.2,0,0,0
2026-09-14 20:10:00,194.6,33,81,28.7,0,0,0
2026-09-14 20:15:00,194.6,44,81,26.7,0,0,0
2026-09-14 20:20:00,195.0,23,86,25.7,0,0,0
2026-09-14 20:25:00,193.3,31,83,27.1,0,0,0
2026-09-14 20:30:00,196.0,26,81,29.1,0,0,0
2026-09-14 20:35:00,196.9,16,80,26.0,0,0,0
2026-09-14 20:40:00,196.5,23,80,28.0,0,0,0
2026-09-14 20:45:00,198.1,16,85,29.4,0,0,0
2026-09-14 20:50:00,199.1,9,84,29.6,0,0,0
2026-09-14 20:55:00,200.8,55,88,26.0,0,0,0
2026-09-14 21:00:00,200.8,35,79,28.2,0,0,0
2026-09-14 21:05:00,201.0,26,82,21.6,0,0,0
2026-09-14 21:10:00,201.2,13,81,28.5,0,0,0
2026-09-14 21:15:00,198.9,15,84,28.8,0,111,70
2026-09-14 21:20:00,216.4,12,84,29.0,0,0,0
2026-09-14 21:25:00,232.0,13,82,23.7,0,0,0
2026-09-14 21:30:00,242.3,508,116,28.6,0,0,0
2026-09-14 21:35:00,252.5,525,113,26.7,0,0,0
2026-09-14 21:40:00,257.9,15,87,27.1,0,0,0
2026-09-14 21:45:00,262.4,41,85,25.1,0,0,0
2026-09-14 21:50:00,264.9,18,83,26.9,0,0,0
2026-09-14 21:55:00,264.0,34,84,27.7,0,0,0
2026-09-14 22:00:00,264.2,25,84,26.5,0,0,0
2026-09-14 22:05:00,262.0,19,83,25.2,0,0,0
2026-09-14 22:10:00,259.5,32,84,29.8,0,0,0
2026-09-14 22:15:00,257.7,24,85,30.3,0,0,0
2026-09-14 22:20:00,256.5,27,83,26.6,0,0,0
2026-09-14 22:25:00,254.9,56,86,30.4,0,0,0
2026-09-14 22:30:00,253.7,17,82,29.5,0,0,0
2026-09-14 22:35:00,251.7,33,83,25.1,0,0,0
2026-09-14 22:40:00,246.0,17,80,26.6,0,0,0
2026-09-14 22:45:00,243.2,23,83,24.8,0,0,0
2026-09-14 22:50:00,243.2,8,81,28.9,0,0,0
2026-09-14 22:55:00,243.4,7,82,26.4,0,0,0
2026-09-14 23:00:00,241.4,33,84,24.0,0,0,0
2026-09-14 23:05:00,237.0,14,83,29.7,0,0,0
2026-09-14 23:10:00,232.0,22,82,31.1,0,0,0
2026-09-14 23:15:00,228.8,18,85,23.6,0,0,0
2026-09-14 23:20:00,224.6,22,80,27.6,0,0,0
2026-09-14 23:25:00,222.1,55,84,27.6,0,0,0
2026-09-14 23:30:00,223.1,29,82,23.7,0,0,0
2026-09-14 23:35:00,218.8,16,84,27.7,0,0,0
2026-09-14 23:40:00,217.8,17,80,27.7,0,0,0
2026-09-14 23:45:00,216.1,21,80,27.2,0,0,0
2026-09-14 23:50:00,213.6,15,83,26.6,0,0,0
2026-09-14 23:55:00,211.7,15,82,23.8,0,0,0
