timestamp,glucose_mgdl,steps,heart_rate,hrv_ms,sleeping,carbs_g,meal_gi
2026-09-01 00:00:00,131.7,7,64,40.4,0,0,0
2026-09-01 00:05:00,133.1,0,56,60.8,1,0,0
2026-09-01 00:10:00,134.5,0,56,62.7,1,0,0
2026-09-01 00:15:00,136.9,1,54,61.9,1,0,0
2026-09-01 00:20:00,137.5,0,54,62.0,1,0,0
2026-09-01 00:25:00,135.4,0,56,60.6,1,0,0
2026-09-01 00:30:00,132.7,0,56,61.6,1,0,0
2026-09-01 00:35:00,131.7,1,57,61.7,1,0,0
2026-09-01 00:40:00,132.1,0,53,61.5,1,0,0
2026-09-01 00:45:00,131.3,0,58,59.2,1,0,0
2026-09-01 00:50:00,132.0,0,55,65.5,1,0,0
2026-09-01 00:55:00,130.0,0,54,64.4,1,0,0
2026-09-01 01:00:00,127.8,0,55,58.0,1,0,0
2026-09-01 01:05:00,125.4,0,57,63.1,1,0,0
2026-09-01 01:10:00,125.5,0,56,61.2,1,0,0
2026-09-01 01:15:00,126.5,0,57,61.6,1,0,0
2026-09-01 01:20:00,129.1,1,53,61.7,1,0,0
2026-09-01 01:25:00,131.6,0,55,63.5,1,0,0
2026-09-01 01:30:00,133.1,1,57,64.8,1,0,0
2026-09-01 01:35:00,132.7,0,54,67.1,1,0,0
2026-09-01 01:40:00,132.7,1,59,63.6,1,0,0
2026-09-01 01:45:00,131.8,0,51,59.9,1,0,0
2026-09-01 01:50:00,131.9,0,57,62.1,1,0,0
2026-09-01 01:55:00,130.0,0,58,64.0,1,0,0
2026-09-01 02:00:00,132.9,1,57,61.6,1,0,0
2026-09-01 02:05:00,135.0,0,62,60.5,1,0,0
2026-09-01 02:10:00,137.4,0,55,59.0,1,0,0
2026-09-01 02:15:00,136.1,0,57,61.9,1,0,0
2026-09-01 02:20:00,136.5,1,56,65.2,1,0,0
2026-09-01 02:25:00,137.5,0,53,66.4,1,0,0
2026-09-01 02:30:00,134.2,0,55,65.0,1,0,0
2026-09-01 02:35:00,134.7,0,54,59.1,1,0,0
2026-09-01 02:40:00,137.5,0,53,61.7,1,0,0
2026-09-01 02:45:00,134.5,0,54,59.9,1,0,0
2026-09-01 02:50:00,134.5,0,58,64.0,1,0,0
2026-09-01 02:55:00,133.4,0,57,60.9,1,0,0
2026-09-01 03:00:00,134.7,1,58,61.1,1,0,0
2026-09-01 03:05:00,134.6,0,53,61.8,1,0,0
2026-09-01 03:10:00,133.8,0,57,59.8,1,0,0
2026-09-01 03:15:00,129.8,0,57,60.6,1,0,0
2026-09-01 03:20:00,130.9,1,52,62.0,1,0,0
2026-09-01 03:25:00,132.8,1,53,59.6,1,0,0
2026-09-01 03:30:00,137.4,1,53,66.1,1,0,0
2026-09-01 03:35:00,135.9,0,57,63.0,1,0,0
2026-09-01 03:40:00,136.1,0,56,59.1,1,0,0
2026-09-01 03:45:00,135.0,0,57,63.2,1,0,0
2026-09-01 03:50:00,131.2,0,51,58.8,1,0,0
2026-09-01 03:55:00,131.8,0,56,65.5,1,0,0
2026-09-01 04:00:00,131.9,1,61,66.6,1,0,0
2026-09-01 04:05:00,134.1,0,57,60.9,1,0,0
2026-09-01 04:10:00,135.2,0,56,63.4,1,0,0
2026-09-01 04:15:00,131.2,0,54,63.7,1,0,0
2026-09-01 04:20:00,134.3,0,53,65.4,1,0,0
2026-09-01 04:25:00,134.3,0,55,61.8,1,0,0
2026-09-01 04:30:00,133.8,1,55,61.2,1,0,0
2026-09-01 04:35:00,135.1,1,59,64.9,1,0,0
2026-09-01 04:40:00,136.6,0,55,62.9,1,0,0
2026-09-01 04:45:00,137.6,0,57,63.7,1,0,0
2026-09-01 04:50:00,141.2,0,56,65.0,1,0,0
2026-09-01 04:55:00,142.5,0,57,67.1,1,0,0
2026-09-01 05:00:00,143.5,1,59,64.4,1,0,0
2026-09-01 05:05:00,145.3,0,58,61.3,1,0,0
2026-09-01 05:10:00,141.5,0,55,63.4,1,0,0
2026-09-01 05:15:00,142.0,0,53,62.2,1,0,0
2026-09-01 05:20:00,143.3,0,59,59.3,1,0,0
2026-09-01 05:25:00,143.2,0,54,58.6,1,0,0
2026-09-01 05:30:00,144.6,0,57,62.4,1,0,0
2026-09-01 05:35:00,142.3,0,57,63.9,1,0,0
2026-09-01 05:40:00,137.2,0,56,63.0,1,0,0
2026-09-01 05:45:00,138.4,0,56,58.2,1,0,0
2026-09-01 05:50:00,137.1,23,63,37.9,0,0,0
2026-09-01 05:55:00,138.8,7,66,38.9,0,0,0
2026-09-01 06:00:00,138.5,12,66,39.1,0,0,0
2026-09-01 06:05:00,138.7,14,66,41.2,0,0,0
2026-09-01 06:10:00,138.9,3,62,37.6,0,0,0
2026-09-01 06:15:00,137.0,7,64,41.5,0,0,0
2026-09-01 06:20:00,139.6,2,61,39.0,0,0,0
2026-09-01 06:25:00,138.6,6,62,36.2,0,0,0
2026-09-01 06:30:00,138.1,13,64,37.4,0,0,0
2026-09-01 06:35:00,137.9,7,66,37.2,0,0,0
2026-09-01 06:40:00,136.8,10,63,35.7,0,0,0
2026-09-01 06:45:00,136.7,4,63,36.1,0,0,0
2026-09-01 06:50:00,136.0,7,66,39.6,0,0,0
2026-09-01 06:55:00,136.8,15,64,35.7,0,0,0
2026-09-01 07:00:00,138.1,1,64,38.8,0,0,0
2026-09-01 07:05:00,135.8,5,63,42.1,0,0,0
2026-09-01 07:10:00,136.3,11,65,40.1,0,0,0
2026-09-01 07:15:00,139.5,6,63,37.1,0,0,0
2026-09-01 07:20:00,137.8,10,64,43.8,0,0,0
2026-09-01 07:25:00,141.0,15,66,39.1,0,0,0
2026-09-01 07:30:00,144.6,20,65,43.3,0,0,0
2026-09-01 07:35:00,141.1,10,66,37.5,0,0,0
2026-09-01 07:40:00,140.6,5,62,38.0,0,0,0
2026-09-01 07:45:00,141.2,10,63,37.3,0,0,0
2026-09-01 07:50:00,140.9,7,66,37.4,0,66,70
2026-09-01 07:55:00,150.9,7,66,38.6,0,0,0
2026-09-01 08:00:00,158.6,12,66,39.2,0,0,0
2026-09-01 08:05:00,166.8,7,69,36.8,0,0,0
2026-09-01 08:10:00,169.8,7,62,38.1,0,0,0
2026-09-01 08:15:00,170.6,14,69,37.4,0,0,0
2026-09-01 08:20:00,174.4,14,68,38.2,0,0,0
2026-09-01 08:25:00,176.3,6,61,39.7,0,0,0
2026-09-01 08:30:00,174.2,9,64,34.3,0,0,0
2026-09-01 08:35:00,179.6,10,63,37.6,0,0,0
2026-09-01 08:40:00,178.6,10,67,40.8,0,0,0
2026-09-01 08:45:00,176.4,17,70,39.3,0,0,0
2026-09-01 08:50:00,172.0,17,66,38.2,0,0,0
2026-09-01 08:55:00,174.2,10,62,36.5,0,0,0
2026-09-01 09:00:00,172.9,14,63,40.8,0,0,0
2026-09-01 09:05:00,168.7,7,65,38.2,0,0,0
2026-09-01 09:10:00,167.9,8,65,37.8,0,0,0
2026-09-01 09:15:00,168.5,6,64,38.2,0,0,0
2026-09-01 09:20:00,165.9,3,62,37.4,0,0,0
2026-09-01 09:25:00,168.4,9,67,38.2,0,0,0
2026-09-01 09:30:00,166.5,11,63,40.0,0,0,0
2026-09-01 09:35:00,167.2,7,61,36.7,0,0,0
2026-09-01 09:40:00,163.2,18,66,37.8,0,0,0
2026-09-01 09:45:00,161.4,14,66,38.5,0,0,0
2026-09-01 09:50:00,159.3,19,67,41.1,0,0,0
2026-09-01 09:55:00,159.1,7,65,38.0,0,0,0
2026-09-01 10:00:00,153.9,3,64,39.3,0,0,0
2026-09-01 10:05:00,151.1,7,63,42.0,0,0,0
2026-09-01 10:10:00,149.9,5,61,41.4,0,0,0
2026-09-01 10:15:00,146.7,4,67,34.7,0,0,0
2026-09-01 10:20:00,146.1,13,62,39.4,0,0,0
2026-09-01 10:25:00,144.5,9,60,37.8,0,0,0
2026-09-01 10:30:00,145.3,5,68,36.6,0,0,0
2026-09-01 10:35:00,146.6,10,61,36.9,0,0,0
2026-09-01 10:40:00,142.5,4,65,35.5,0,0,0
2026-09-01 10:45:00,142.7,6,64,41.4,0,0,0
2026-09-01 10:50:00,144.2,6,65,35.4,0,0,0
2026-09-01 10:55:00,145.0,19,62,36.0,0,0,0
2026-09-01 11:00:00,146.9,6,66,39.4,0,0,0
2026-09-01 11:05:00,150.2,6,67,39.1,0,0,0
2026-09-01 11:10:00,145.9,5,64,39.5,0,0,0
2026-09-01 11:15:00,147.0,2,62,38.5,0,0,0
2026-09-01 11:20:00,148.5,13,68,35.6,0,0,0
2026-09-01 11:25:00,148.5,11,67,36.4,0,0,0
2026-09-01 11:30:00,149.4,7,66,39.4,0,0,0
2026-09-01 11:35:00,148.1,5,63,36.1,0,0,0
2026-09-01 11:40:00,150.7,13,63,37.4,0,0,0
2026-09-01 11:45:00,146.9,13,63,41.0,0,0,0
2026-09-01 11:50:00,146.7,3,60,41.8,0,0,0
2026-09-01 11:55:00,142.5,21,67,37.9,0,0,0
2026-09-01 12:00:00,142.0,13,65,40.9,0,0,0
2026-09-01 12:05:00,139.9,9,62,35.3,0,0,0
2026-09-01 12:10:00,141.0,3,64,34.8,0,0,0
2026-09-01 12:15:00,142.5,11,64,38.4,0,0,0
2026-09-01 12:20:00,144.1,5,65,37.5,0,0,0
2026-09-01 12:25:00,140.7,7,65,39.0,0,0,0
2026-09-01 12:30:00,138.3,13,67,36.5,0,0,0
2026-09-01 12:35:00,137.9,6,61,39.3,0,0,0
2026-09-01 12:40:00,135.0,9,64,41.3,0,0,0
2026-09-01 12:45:00,136.1,4,65,40.4,0,0,0
2026-09-01 12:50:00,136.5,11,61,40.8,0,0,0
2026-09-01 12:55:00,135.8,21,66,41.8,0,0,0
2026-09-01 13:00:00,134.3,9,63,40.8,0,0,0
2026-09-01 13:05:00,135.9,6,69,38.5,0,0,0
2026-09-01 13:10:00,137.3,4,62,40.3,0,0,0
2026-09-01 13:15:00,135.9,16,65,36.9,0,0,0
2026-09-01 13:20:00,136.1,7,67,39.6,0,0,0
2026-09-01 13:25:00,134.7,16,64,40.0,0,0,0
2026-09-01 13:30:00,135.6,8,68,37.0,0,0,0
2026-09-01 13:35:00,136.6,5,64,36.2,0,0,0
2026-09-01 13:40:00,138.9,5,60,36.4,0,0,0
2026-09-01 13:45:00,137.1,10,66,39.6,0,0,0
2026-09-01 13:50:00,137.0,6,63,34.9,0,0,0
2026-09-01 13:55:00,139.0,5,60,40.6,0,0,0
2026-09-01 14:00:00,139.5,8,68,37.3,0,59,50
2026-09-01 14:05:00,143.5,6,66,36.0,0,0,0
2026-09-01 14:10:00,146.3,4,67,36.6,0,0,0
2026-09-01 14:15:00,147.8,420,93,40.0,0,0,0
2026-09-01 14:20:00,148.2,410,91,38.7,0,0,0
2026-09-01 14:25:00,149.5,14,68,36.9,0,0,0
2026-09-01 14:30:00,150.8,458,92,36.4,0,0,0
2026-09-01 14:35:00,151.0,452,93,39.5,0,0,0
2026-09-01 14:40:00,150.9,458,90,40.1,0,0,0
2026-09-01 14:45:00,152.4,455,91,38.6,0,0,0
2026-09-01 14:50:00,150.4,4,62,36.4,0,0,0
2026-09-01 14:55:00,150.9,1,65,36.0,0,0,0
2026-09-01 15:00:00,149.5,10,65,35.6,0,0,0
2026-09-01 15:05:00,147.9,8,67,38.9,0,0,0
2026-09-01 15:10:00,147.4,10,68,39.3,0,0,0
2026-09-01 15:15:00,148.5,10,64,39.8,0,0,0
2026-09-01 15:20:00,147.6,4,67,39.4,0,0,0
2026-09-01 15:25:00,145.3,6,66,40.4,0,0,0
2026-09-01 15:30:00,143.1,9,62,38.0,0,0,0
2026-09-01 15:35:00,142.3,5,63,39.7,0,0,0
2026-09-01 15:40:00,142.6,3,61,38.3,0,0,0
2026-09-01 15:45:00,141.5,9,62,40.1,0,0,0
2026-09-01 15:50:00,141.0,9,63,35.5,0,0,0
2026-09-01 15:55:00,142.0,7,69,39.5,0,0,0
2026-09-01 16:00:00,140.8,6,64,37.2,0,0,0
2026-09-01 16:05:00,142.5,9,64,37.7,0,0,0
2026-09-01 16:10:00,140.4,8,63,39.2,0,0,0
2026-09-01 16:15:00,140.1,19,65,36.4,0,0,0
2026-09-01 16:20:00,139.0,5,63,39.0,0,0,0
2026-09-01 16:25:00,135.2,18,64,40.5,0,0,0
2026-09-01 16:30:00,137.5,7,63,37.3,0,0,0
2026-09-01 16:35:00,134.8,7,62,39.8,0,0,0
2026-09-01 16:40:00,132.5,9,66,40.7,0,0,0
2026-09-01 16:45:00,131.6,3,63,40.5,0,0,0
2026-09-01 16:50:00,129.9,8,64,36.6,0,0,0
2026-09-01 16:55:00,128.3,9,68,38.3,0,0,0
2026-09-01 17:00:00,128.1,2,65,37.4,0,0,0
2026-09-01 17:05:00,128.9,8,67,39.8,0,0,0
2026-09-01 17:10:00,128.7,8,68,38.7,0,0,0
2026-09-01 17:15:00,128.8,6,63,37.5,0,0,0
2026-09-01 17:20:00,131.0,11,67,35.5,0,0,0
2026-09-01 17:25:00,132.3,6,63,39.4,0,0,0
2026-09-01 17:30:00,130.7,3,66,36.5,0,0,0
2026-09-01 17:35:00,132.7,10,63,35.9,0,28,60
2026-09-01 17:40:00,138.1,15,70,39.6,0,0,0
2026-09-01 17:45:00,141.2,6,64,39.8,0,0,0
2026-09-01 17:50:00,146.5,11,66,37.9,0,0,0
2026-09-01 17:55:00,150.1,3,70,34.8,0,0,0
2026-09-01 18:00:00,152.4,15,71,38.5,0,0,0
2026-09-01 18:05:00,154.0,8,60,37.5,0,0,0
2026-09-01 18:10:00,156.5,6,67,35.8,0,0,0
2026-09-01 18:15:00,157.0,10,62,36.3,0,0,0
2026-09-01 18:20:00,155.6,7,65,37.1,0,0,0
2026-09-01 18:25:00,156.7,11,67,38.0,0,0,0
2026-09-01 18:30:00,155.2,4,65,38.1,0,0,0
2026-09-01 18:35:00,154.4,2,62,37.0,0,0,0
2026-09-01 18:40:00,155.5,9,65,41.9,0,0,0
2026-09-01 18:45:00,155.5,5,67,37.5,0,0,0
2026-09-01 18:50:00,151.8,5,63,36.4,0,0,0
2026-09-01 18:55:00,150.7,19,64,40.5,0,0,0
2026-09-01 19:00:00,152.4,4,62,37.9,0,0,0
2026-09-01 19:05:00,150.3,10,65,43.2,0,0,0
2026-09-01 19:10:00,150.5,7,66,37.1,0,0,0
2026-09-01 19:15:00,151.0,9,62,39.2,0,0,0
2026-09-01 19:20:00,149.4,2,63,39.4,0,0,0
2026-09-01 19:25:00,146.3,8,61,37.1,0,0,0
2026-09-01 19:30:00,147.5,11,69,39.7,0,0,0
2026-09-01 19:35:00,143.8,3,64,38.0,0,0,0
2026-09-01 19:40:00,140.8,9,66,38.7,0,0,0
2026-09-01 19:45:00,140.6,5,63,37.9,0,0,0
2026-09-01 19:50:00,139.5,13,65,39.3,0,0,0
2026-09-01 19:55:00,136.7,5,65,37.4,0,0,0
2026-09-01 20:00:00,133.1,14,63,36.3,0,0,0
2026-09-01 20:05:00,129.1,12,63,36.6,0,0,0
2026-09-01 20:10:00,131.0,7,64,40.7,0,0,0
2026-09-01 20:15:00,129.1,6,66,39.8,0,0,0
2026-09-01 20:20:00,129.7,4,64,40.7,0,0,0
2026-09-01 20:25:00,128.0,11,64,36.8,0,0,0
2026-09-01 20:30:00,128.9,8,67,39.0,0,93,70
2026-09-01 20:35:00,142.8,2,67,37.9,0,0,0
2026-09-01 20:40:00,155.7,4,69,36.2,0,0,0
2026-09-01 20:45:00,160.4,7,68,37.8,0,0,0
2026-09-01 20:50:00,165.5,7,65,41.3,0,0,0
2026-09-01 20:55:00,170.9,16,69,36.7,0,0,0
2026-09-01 21:00:00,174.9,8,64,35.6,0,0,0
2026-09-01 21:05:00,177.8,7,65,38.7,0,0,0
2026-09-01 21:10:00,179.9,5,63,40.3,0,0,0
2026-09-01 21:15:00,178.3,7,63,37.7,0,0,0
2026-09-01 21:20:00,173.4,6,61,38.7,0,0,0
2026-09-01 21:25:00,172.5,25,64,37.8,0,0,0
2026-09-01 21:30:00,170.7,3,64,37.5,0,0,0
2026-09-01 21:35:00,168.0,12,63,37.4,0,0,0
2026-09-01 21:40:00,169.3,8,65,36.3,0,0,0
2026-09-01 21:45:00,166.1,9,64,41.9,0,0,0
2026-09-01 21:50:00,168.1,12,64,39.4,0,0,0
2026-09-01 21:55:00,166.6,4,65,39.5,0,0,0
2026-09-01 22:00:00,163.9,17,66,38.3,0,0,0
2026-09-01 22:05:00,164.2,5,64,40.0,0,0,0
2026-09-01 22:10:00,162.1,8,65,36.8,0,0,0
2026-09-01 22:15:00,163.0,2,65,40.2,0,0,0
2026-09-01 22:20:00,163.6,7,67,39.2,0,0,0
2026-09-01 22:25:00,161.9,12,64,40.1,0,0,0
2026-09-01 22:30:00,158.3,12,64,37.4,0,0,0
2026-09-01 22:35:00,153.3,5,65,39.6,0,0,0
2026-09-01 22:40:00,147.7,10,64,41.5,0,0,0
2026-09-01 22:45:00,149.3,4,66,36.3,0,0,0
2026-09-01 22:50:00,148.2,10,64,40.2,0,0,0
2026-09-01 22:55:00,146.7,6,68,37.8,0,0,0
2026-09-01 23:00:00,145.9,11,63,37.0,0,0,0
2026-09-01 23:05:00,144.8,7,60,37.8,0,0,0
2026-09-01 23:10:00,140.0,7,65,37.1,0,0,0
2026-09-01 23:15:00,139.7,8,66,36.5,0,0,0
2026-09-01 23:20:00,137.2,4,65,35.3,0,0,0
2026-09-01 23:25:00,135.9,9,65,38.7,0,0,0
2026-09-01 23:30:00,133.8,7,65,39.3,0,0,0
2026-09-01 23:35:00,134.6,13,63,35.1,0,0,0
2026-09-01 23:40:00,133.7,11,66,40.1,0,0,0
2026-09-01 23:45:00,131.0,12,63,39.5,0,0,0
2026-09-01 23:50:00,132.5,12,64,39.4,0,0,0
2026-09-01 23:55:00,132.3,18,68,41.4,0,0,0
2026-09-02 00:00:00,131.6,4,63,38.2,0,0,0
2026-09-02 00:05:00,130.1,6,62,36.5,0,0,0
2026-09-02 00:10:00,132.2,6,64,39.2,0,0,0
2026-09-02 00:15:00,130.9,12,63,37.5,0,0,0
2026-09-02 00:20:00,127.6,5,65,40.9,0,0,0
2026-09-02 00:25:00,127.7,5,67,38.7,0,0,0
2026-09-02 00:30:00,127.6,13,65,37.4,0,0,0
2026-09-02 00:35:00,132.8,3,61,39.8,0,0,0
2026-09-02 00:40:00,133.4,4,67,40.7,0,0,0
2026-09-02 00:45:00,137.6,2,66,38.1,0,0,0
2026-09-02 00:50:00,133.6,9,63,39.3,0,0,0
2026-09-02 00:55:00,131.5,10,64,42.6,0,0,0
2026-09-02 01:00:00,131.2,6,66,38.1,0,0,0
2026-09-02 01:05:00,130.2,6,65,41.4,0,0,0
2026-09-02 01:10:00,131.2,5,66,36.0,0,0,0
2026-09-02 01:15:00,131.8,7,65,39.9,0,0,0
2026-09-02 01:20:00,131.9,0,57,58.6,1,0,0
2026-09-02 01:25:00,131.0,0,57,63.0,1,0,0
2026-09-02 01:30:00,133.6,0,57,60.8,1,0,0
2026-09-02 01:35:00,131.3,1,56,63.6,1,0,0
2026-09-02 01:40:00,132.4,0,58,60.2,1,0,0
2026-09-02 01:45:00,131.2,0,59,65.5,1,0,0
2026-09-02 01:50:00,130.7,0,55,60.3,1,0,0
2026-09-02 01:55:00,128.7,0,58,64.8,1,0,0
2026-09-02 02:00:00,131.5,0,57,64.3,1,0,0
2026-09-02 02:05:00,130.8,1,59,61.0,1,0,0
2026-09-02 02:10:00,129.7,0,53,60.4,1,0,0
2026-09-02 02:15:00,130.6,0,58,60.6,1,0,0
2026-09-02 02:20:00,132.1,1,56,62.7,1,0,0
2026-09-02 02:25:00,132.0,1,60,60.9,1,0,0
2026-09-02 02:30:00,136.0,0,57,63.8,1,0,0
2026-09-02 02:35:00,136.3,1,57,63.8,1,0,0
2026-09-02 02:40:00,133.1,1,54,67.4,1,0,0
2026-09-02 02:45:00,134.1,0,59,64.0,1,0,0
2026-09-02 02:50:00,137.4,2,57,63.3,1,0,0
2026-09-02 02:55:00,139.6,0,59,58.6,1,0,0
2026-09-02 03:00:00,137.7,0,55,64.3,1,0,0
2026-09-02 03:05:00,138.6,0,55,63.1,1,0,0
2026-09-02 03:10:00,138.8,0,56,63.2,1,0,0
2026-09-02 03:15:00,139.1,1,58,61.7,1,0,0
2026-09-02 03:20:00,140.7,1,58,63.5,1,0,0
2026-09-02 03:25:00,140.8,1,55,59.2,1,0,0
2026-09-02 03:30:00,141.0,0,59,63.6,1,0,0
2026-09-02 03:35:00,140.7,0,53,63.8,1,0,0
2026-09-02 03:40:00,142.1,1,57,61.7,1,0,0
2026-09-02 03:45:00,140.0,0,54,61.5,1,0,0
2026-09-02 03:50:00,138.1,0,56,62.7,1,0,0
2026-09-02 03:55:00,138.1,1,60,59.9,1,0,0
2026-09-02 04:00:00,136.6,0,53,63.0,1,0,0
2026-09-02 04:05:00,137.7,0,57,62.3,1,0,0
2026-09-02 04:10:00,137.9,1,54,62.7,1,0,0
2026-09-02 04:15:00,139.4,0,57,60.8,1,0,0
2026-09-02 04:20:00,135.7,0,55,60.9,1,0,0
2026-09-02 04:25:00,135.9,1,56,59.3,1,0,0
2026-09-02 04:30:00,138.5,0,59,61.6,1,0,0
2026-09-02 04:35:00,139.1,0,57,62.2,1,0,0
2026-09-02 04:40:00,138.8,0,56,62.8,1,0,0
2026-09-02 04:45:00,141.2,0,57,67.8,1,0,0
2026-09-02 04:50:00,143.2,0,57,59.6,1,0,0
2026-09-02 04:55:00,141.2,0,55,61.6,1,0,0
2026-09-02 05:00:00,136.1,0,55,61.1,1,0,0
2026-09-02 05:05:00,136.4,0,56,63.6,1,0,0
2026-09-02 05:10:00,138.2,0,52,63.8,1,0,0
2026-09-02 05:15:00,139.1,0,56,61.4,1,0,0
2026-09-02 05:20:00,138.3,0,62,61.4,1,0,0
2026-09-02 05:25:00,139.4,0,59,59.4,1,0,0
2026-09-02 05:30:00,141.4,1,56,64.4,1,0,0
2026-09-02 05:35:00,142.9,2,55,65.1,1,0,0
2026-09-02 05:40:00,146.0,0,59,62.1,1,0,0
2026-09-02 05:45:00,149.9,0,57,64.0,1,0,0
2026-09-02 05:50:00,147.9,1,57,67.2,1,0,0
2026-09-02 05:55:00,145.8,1,54,63.5,1,0,0
2026-09-02 06:00:00,144.8,0,56,59.4,1,0,0
2026-09-02 06:05:00,145.2,0,55,65.4,1,0,0
2026-09-02 06:10:00,146.9,0,56,60.0,1,0,0
2026-09-02 06:15:00,147.7,0,54,59.6,1,0,0
2026-09-02 06:20:00,147.0,0,56,59.5,1,0,0
2026-09-02 06:25:00,145.7,1,59,63.2,1,0,0
2026-09-02 06:30:00,145.6,0,58,62.2,1,0,0
2026-09-02 06:35:00,147.4,1,55,60.5,1,0,0
2026-09-02 06:40:00,146.1,0,55,58.8,1,0,0
2026-09-02 06:45:00,146.8,7,63,37.6,0,0,0
2026-09-02 06:50:00,145.9,12,65,39.5,0,0,0
2026-09-02 06:55:00,143.1,8,68,38.8,0,0,0
2026-09-02 07:00:00,143.2,6,62,35.7,0,0,0
2026-09-02 07:05:00,144.3,13,63,39.3,0,0,0
2026-09-02 07:10:00,139.9,6,64,38.0,0,0,0
2026-09-02 07:15:00,141.3,10,65,39.5,0,0,0
2026-09-02 07:20:00,139.6,6,66,40.7,0,0,0
2026-09-02 07:25:00,141.6,8,64,36.8,0,0,0
2026-09-02 07:30:00,140.3,11,66,38.5,0,0,0
2026-09-02 07:35:00,141.3,9,65,39.4,0,0,0
2026-09-02 07:40:00,143.0,4,65,35.7,0,0,0
2026-09-02 07:45:00,141.2,7,65,38.6,0,0,0
2026-09-02 07:50:00,141.8,13,65,38.3,0,0,0
2026-09-02 07:55:00,138.5,5,61,38.9,0,0,0
2026-09-02 08:00:00,136.1,8,64,39.6,0,0,0
2026-09-02 08:05:00,134.4,6,64,38.6,0,0,0
2026-09-02 08:10:00,131.3,12,70,38.7,0,68,70
2026-09-02 08:15:00,140.7,2,65,37.6,0,0,0
2026-09-02 08:20:00,145.4,10,68,39.3,0,0,0
2026-09-02 08:25:00,153.7,4,71,39.4,0,0,0
2026-09-02 08:30:00,158.9,1,69,39.5,0,0,0
2026-09-02 08:35:00,159.2,8,68,37.9,0,0,0
2026-09-02 08:40:00,162.2,7,61,38.9,0,0,0
2026-09-02 08:45:00,168.0,6,64,37.0,0,0,0
2026-09-02 08:50:00,168.7,15,65,37.9,0,0,0
2026-09-02 08:55:00,167.7,5,64,37.7,0,0,0
2026-09-02 09:00:00,167.2,13,67,41.2,0,0,0
2026-09-02 09:05:00,164.3,6,68,36.9,0,0,0
2026-09-02 09:10:00,165.6,4,67,35.4,0,0,0
2026-09-02 09:15:00,164.3,8,62,35.2,0,0,0
2026-09-02 09:20:00,164.9,10,65,38.0,0,0,0
2026-09-02 09:25:00,166.2,14,65,33.0,0,0,0
2026-09-02 09:30:00,166.0,5,64,35.6,0,0,0
2026-09-02 09:35:00,162.9,9,70,37.6,0,0,0
2026-09-02 09:40:00,164.4,2,64,37.8,0,0,0
2026-09-02 09:45:00,159.8,16,63,39.2,0,0,0
2026-09-02 09:50:00,155.5,20,67,38.1,0,0,0
2026-09-02 09:55:00,154.4,6,65,36.9,0,0,0
2026-09-02 10:00:00,151.8,5,62,41.3,0,0,0
2026-09-02 10:05:00,154.3,8,62,41.1,0,0,0
2026-09-02 10:10:00,153.0,16,67,39.0,0,0,0
2026-09-02 10:15:00,151.8,2,69,37.1,0,0,0
2026-09-02 10:20:00,152.2,5,62,36.9,0,0,0
2026-09-02 10:25:00,148.6,5,66,41.0,0,0,0
2026-09-02 10:30:00,147.5,11,66,39.2,0,0,0
2026-09-02 10:35:00,147.2,7,66,39.1,0,0,0
2026-09-02 10:40:00,148.7,9,66,37.7,0,0,0
2026-09-02 10:45:00,144.8,8,63,39.9,0,0,0
2026-09-02 10:50:00,141.0,4,62,37.2,0,0,0
2026-09-02 10:55:00,142.5,3,64,37.0,0,0,0
2026-09-02 11:00:00,142.6,8,65,40.1,0,0,0
2026-09-02 11:05:00,142.8,8,66,41.1,0,0,0
2026-09-02 11:10:00,142.4,9,69,36.2,0,0,0
2026-09-02 11:15:00,143.3,2,63,38.5,0,0,0
2026-09-02 11:20:00,142.1,3,63,38.0,0,0,0
2026-09-02 11:25:00,141.8,12,60,39.7,0,0,0
2026-09-02 11:30:00,141.9,18,65,38.0,0,0,0
2026-09-02 11:35:00,139.8,18,64,33.8,0,0,0
2026-09-02 11:40:00,136.7,401,88,36.6,0,0,0
2026-09-02 11:45:00,130.9,403,85,38.9,0,0,0
2026-09-02 11:50:00,131.0,9,65,41.2,0,0,0
2026-09-02 11:55:00,133.6,12,68,38.1,0,0,0
2026-09-02 12:00:00,137.8,4,64,38.4,0,0,0
2026-09-02 12:05:00,134.9,15,69,39.2,0,0,0
2026-09-02 12:10:00,135.3,6,62,34.9,0,0,0
2026-09-02 12:15:00,134.4,12,64,35.1,0,0,0
2026-09-02 12:20:00,134.4,11,63,41.4,0,0,0
2026-09-02 12:25:00,133.3,14,63,40.8,0,0,0
2026-09-02 12:30:00,133.4,6,64,37.3,0,0,0
2026-09-02 12:35:00,136.5,10,63,39.0,0,0,0
2026-09-02 12:40:00,136.2,15,64,38.4,0,0,0
2026-09-02 12:45:00,137.2,16,66,40.1,0,0,0
2026-09-02 12:50:00,136.4,7,65,38.9,0,0,0
2026-09-02 12:55:00,133.1,12,70,36.8,0,0,0
2026-09-02 13:00:00,128.7,15,68,41.6,0,0,0
2026-09-02 13:05:00,124.8,0,64,34.3,0,0,0
2026-09-02 13:10:00,127.9,10,66,39.0,0,0,0
2026-09-02 13:15:00,129.8,14,67,36.6,0,0,0
2026-09-02 13:20:00,131.2,8,64,38.7,0,0,0
2026-09-02 13:25:00,133.5,11,66,40.3,0,0,0
2026-09-02 13:30:00,133.9,8,68,38.6,0,76,68
2026-09-02 13:35:00,144.9,10,67,36.8,0,0,0
2026-09-02 13:40:00,151.5,5,67,37.5,0,0,0
2026-09-02 13:45:00,158.3,12,69,40.1,0,0,0
2026-09-02 13:50:00,162.3,5,69,40.0,0,0,0
2026-09-02 13:55:00,165.3,14,72,41.6,0,0,0
2026-09-02 14:00:00,172.4,13,68,40.7,0,0,0
2026-09-02 14:05:00,174.4,7,62,37.7,0,0,0
2026-09-02 14:10:00,176.3,8,64,36.7,0,0,0
2026-09-02 14:15:00,179.2,2,60,39.2,0,0,0
2026-09-02 14:20:00,179.6,6,65,40.3,0,0,0
2026-09-02 14:25:00,177.6,8,65,39.4,0,0,0
2026-09-02 14:30:00,177.3,8,62,38.8,0,0,0
2026-09-02 14:35:00,175.9,11,66,40.6,0,0,0
2026-09-02 14:40:00,174.4,2,65,39.3,0,0,0
2026-09-02 14:45:00,171.0,11,67,39.8,0,0,0
2026-09-02 14:50:00,167.3,7,65,37.2,0,0,0
2026-09-02 14:55:00,165.2,7,64,37.9,0,0,0
2026-09-02 15:00:00,164.1,15,66,37.9,0,0,0
2026-09-02 15:05:00,160.3,9,65,36.4,0,0,0
2026-09-02 15:10:00,157.1,5,65,34.5,0,0,0
2026-09-02 15:15:00,154.8,8,66,39.7,0,0,0
2026-09-02 15:20:00,154.6,4,63,37.2,0,0,0
2026-09-02 15:25:00,154.6,5,65,35.7,0,0,0
2026-09-02 15:30:00,155.8,4,65,38.7,0,0,0
2026-09-02 15:35:00,159.6,7,65,40.5,0,0,0
2026-09-02 15:40:00,160.3,11,65,38.4,0,0,0
2026-09-02 15:45:00,157.6,3,62,34.8,0,0,0
2026-09-02 15:50:00,156.0,13,68,37.1,0,0,0
2026-09-02 15:55:00,154.5,2,65,41.0,0,0,0
2026-09-02 16:00:00,152.5,7,66,40.0,0,0,0
2026-09-02 16:05:00,150.9,17,67,38.9,0,0,0
2026-09-02 16:10:00,150.2,2,64,36.6,0,0,0
2026-09-02 16:15:00,144.5,19,65,36.8,0,0,0
2026-09-02 16:20:00,143.5,7,62,37.1,0,0,0
2026-09-02 16:25:00,142.6,18,64,37.8,0,0,0
2026-09-02 16:30:00,140.3,15,65,39.7,0,0,0
2026-09-02 16:35:00,144.3,6,67,37.6,0,0,0
2026-09-02 16:40:00,142.6,3,66,38.3,0,0,0
2026-09-02 16:45:00,143.0,14,67,36.6,0,0,0
2026-09-02 16:50:00,143.9,13,66,38.9,0,0,0
2026-09-02 16:55:00,144.4,5,65,35.6,0,0,0
2026-09-02 17:00:00,143.4,13,63,36.3,0,0,0
2026-09-02 17:05:00,143.8,13,69,36.2,0,0,0
2026-09-02 17:10:00,142.0,6,66,39.4,0,0,0
2026-09-02 17:15:00,140.4,5,61,35.7,0,0,0
2026-09-02 17:20:00,139.3,10,67,39.2,0,27,65
2026-09-02 17:25:00,142.6,7,69,39.3,0,0,0
2026-09-02 17:30:00,145.5,6,69,37.3,0,0,0
2026-09-02 17:35:00,146.0,453,96,36.0,0,0,0
2026-09-02 17:40:00,144.1,460,95,39.9,0,0,0
2026-09-02 17:45:00,141.9,4,69,37.2,0,0,0
2026-09-02 17:50:00,143.3,10,63,38.0,0,0,0
2026-09-02 17:55:00,144.8,8,64,37.5,0,0,0
2026-09-02 18:00:00,145.8,26,69,36.0,0,0,0
2026-09-02 18:05:00,145.2,4,62,40.2,0,0,0
2026-09-02 18:10:00,142.3,3,64,38.9,0,0,0
2026-09-02 18:15:00,141.4,16,66,36.8,0,0,0
2026-09-02 18:20:00,142.5,6,65,38.2,0,0,0
2026-09-02 18:25:00,143.6,20,67,40.4,0,0,0
2026-09-02 18:30:00,146.4,12,66,36.3,0,0,0
2026-09-02 18:35:00,144.4,13,65,39.0,0,0,0
2026-09-02 18:40:00,143.7,8,67,38.4,0,0,0
2026-09-02 18:45:00,143.4,4,64,42.1,0,0,0
2026-09-02 18:50:00,140.2,9,70,39.8,0,0,0
2026-09-02 18:55:00,142.2,13,67,39.6,0,0,0
2026-09-02 19:00:00,138.2,14,66,40.4,0,0,0
2026-09-02 19:05:00,136.1,3,63,40.8,0,0,0
2026-09-02 19:10:00,134.7,10,62,39.7,0,0,0
2026-09-02 19:15:00,132.3,5,66,39.3,0,0,0
2026-09-02 19:20:00,132.3,6,70,37.1,0,0,0
2026-09-02 19:25:00,132.8,23,61,34.0,0,0,0
2026-09-02 19:30:00,131.8,6,66,35.0,0,0,0
2026-09-02 19:35:00,131.7,5,68,41.1,0,0,0
2026-09-02 19:40:00,133.8,13,68,36.9,0,0,0
2026-09-02 19:45:00,133.9,17,65,38.6,0,0,0
2026-09-02 19:50:00,131.0,11,64,36.5,0,0,0
2026-09-02 19:55:00,130.3,22,66,38.7,0,0,0
2026-09-02 20:00:00,129.0,17,63,39.0,0,0,0
2026-09-02 20:05:00,129.8,10,64,35.5,0,0,0
2026-09-02 20:10:00,132.2,7,66,38.2,0,0,0
2026-09-02 20:15:00,129.7,9,64,42.2,0,0,0
2026-09-02 20:20:00,129.9,7,66,42.0,0,0,0
2026-09-02 20:25:00,129.9,2,59,39.5,0,0,0
2026-09-02 20:30:00,126.5,7,65,37.5,0,0,0
2026-09-02 20:35:00,125.9,9,66,39.5,0,54,55
2026-09-02 20:40:00,132.8,6,68,37.0,0,0,0
2026-09-02 20:45:00,138.5,7,66,39.8,0,0,0
2026-09-02 20:50:00,141.1,3,66,39.1,0,0,0
2026-09-02 20:55:00,147.8,6,67,38.1,0,0,0
2026-09-02 21:00:00,152.1,15,72,39.8,0,0,0
2026-09-02 21:05:00,150.4,8,68,38.2,0,0,0
2026-09-02 21:10:00,153.1,5,63,35.7,0,0,0
2026-09-02 21:15:00,155.7,18,69,34.6,0,0,0
2026-09-02 21:20:00,155.1,9,65,36.8,0,0,0
2026-09-02 21:25:00,155.8,13,63,41.4,0,0,0
2026-09-02 21:30:00,153.6,4,67,36.3,0,0,0
2026-09-02 21:35:00,155.8,6,64,38.1,0,0,0
2026-09-02 21:40:00,152.3,11,65,38.1,0,0,0
2026-09-02 21:45:00,150.4,8,65,37.3,0,0,0
2026-09-02 21:50:00,148.7,3,63,39.1,0,0,0
2026-09-02 21:55:00,147.4,5,63,37.5,0,0,0
2026-09-02 22:00:00,147.8,9,68,36.4,0,0,0
2026-09-02 22:05:00,147.1,10,70,37.9,0,0,0
2026-09-02 22:10:00,151.0,9,62,40.1,0,0,0
2026-09-02 22:15:00,145.9,9,65,33.1,0,0,0
2026-09-02 22:20:00,145.6,2,65,39.6,0,0,0
2026-09-02 22:25:00,146.6,4,62,38.1,0,0,0
2026-09-02 22:30:00,146.7,9,65,37.1,0,0,0
2026-09-02 22:35:00,146.3,9,62,38.8,0,0,0
2026-09-02 22:40:00,145.4,5,64,39.1,0,0,0
2026-09-02 22:45:00,142.8,13,64,39.8,0,0,0
2026-09-02 22:50:00,143.7,6,63,39.2,0,0,0
2026-09-02 22:55:00,141.0,7,66,38.1,0,0,0
2026-09-02 23:00:00,139.8,13,66,38.6,0,0,0
2026-09-02 23:05:00,141.2,9,66,36.8,0,0,0
2026-09-02 23:10:00,140.7,8,64,38.8,0,0,0
2026-09-02 23:15:00,140.9,7,62,40.2,0,0,0
2026-09-02 23:20:00,140.1,8,65,37.2,0,0,0
2026-09-02 23:25:00,137.2,9,62,34.5,0,0,0
2026-09-02 23:30:00,135.6,9,62,41.5,0,0,0
2026-09-02 23:35:00,134.5,7,66,39.1,0,0,0
2026-09-02 23:40:00,137.1,9,65,40.8,0,0,0
2026-09-02 23:45:00,136.8,3,61,34.1,0,0,0
2026-09-02 23:50:00,134.5,15,64,37.9,0,0,0
2026-09-02 23:55:00,135.2,14,64,38.7,0,0,0
2026-09-03 00:00:00,133.8,5,64,37.7,0,0,0
2026-09-03 00:05:00,134.2,8,64,35.6,0,0,0
2026-09-03 00:10:00,136.9,1,66,36.8,0,0,0
2026-09-03 00:15:00,132.9,9,66,36.9,0,0,0
2026-09-03 00:20:00,128.7,10,67,38.8,0,0,0
2026-09-03 00:25:00,128.6,2,62,37.1,0,0,0
2026-09-03 00:30:00,129.0,15,67,41.7,0,0,0
2026-09-03 00:35:00,128.0,1,57,59.7,1,0,0
2026-09-03 00:40:00,127.3,0,56,60.7,1,0,0
2026-09-03 00:45:00,127.3,0,58,62.0,1,0,0
2026-09-03 00:50:00,129.3,0,57,61.7,1,0,0
2026-09-03 00:55:00,128.8,0,56,62.8,1,0,0
2026-09-03 01:00:00,130.2,0,58,60.5,1,0,0
2026-09-03 01:05:00,130.4,0,54,60.7,1,0,0
2026-09-03 01:10:00,128.4,0,56,62.4,1,0,0
2026-09-03 01:15:00,129.3,3,59,63.6,1,0,0
2026-09-03 01:20:00,131.4,0,54,60.0,1,0,0
2026-09-03 01:25:00,131.0,1,57,61.4,1,0,0
2026-09-03 01:30:00,129.9,1,57,63.3,1,0,0
2026-09-03 01:35:00,128.0,1,57,59.4,1,0,0
2026-09-03 01:40:00,128.1,0,59,60.3,1,0,0
2026-09-03 01:45:00,127.0,0,55,64.0,1,0,0
2026-09-03 01:50:00,125.9,0,54,59.8,1,0,0
2026-09-03 01:55:00,127.6,0,56,62.2,1,0,0
2026-09-03 02:00:00,126.8,0,56,64.1,1,0,0
2026-09-03 02:05:00,127.6,1,54,60.6,1,0,0
2026-09-03 02:10:00,127.3,0,58,62.4,1,0,0
2026-09-03 02:15:00,130.6,0,55,58.9,1,0,0
2026-09-03 02:20:00,129.2,0,58,64.8,1,0,0
2026-09-03 02:25:00,129.1,1,56,59.7,1,0,0
2026-09-03 02:30:00,129.5,0,57,61.8,1,0,0
2026-09-03 02:35:00,128.6,1,59,63.7,1,0,0
2026-09-03 02:40:00,130.6,0,57,62.5,1,0,0
2026-09-03 02:45:00,131.4,1,56,59.1,1,0,0
2026-09-03 02:50:00,132.2,1,56,61.9,1,0,0
2026-09-03 02:55:00,132.7,0,52,62.8,1,0,0
2026-09-03 03:00:00,129.3,0,52,61.2,1,0,0
2026-09-03 03:05:00,126.8,0,58,58.8,1,0,0
2026-09-03 03:10:00,124.7,1,54,62.2,1,0,0
2026-09-03 03:15:00,128.6,0,59,62.3,1,0,0
2026-09-03 03:20:00,132.1,0,55,60.5,1,0,0
2026-09-03 03:25:00,130.8,1,58,65.0,1,0,0
2026-09-03 03:30:00,131.7,1,57,66.8,1,0,0
2026-09-03 03:35:00,132.3,1,56,62.3,1,0,0
2026-09-03 03:40:00,132.5,1,58,59.7,1,0,0
2026-09-03 03:45:00,132.6,0,58,63.5,1,0,0
2026-09-03 03:50:00,132.5,0,54,62.0,1,0,0
2026-09-03 03:55:00,132.0,0,58,58.9,1,0,0
2026-09-03 04:00:00,132.0,0,52,63.8,1,0,0
2026-09-03 04:05:00,133.8,0,56,61.5,1,0,0
2026-09-03 04:10:00,138.0,0,52,60.2,1,0,0
2026-09-03 04:15:00,141.6,0,56,61.8,1,0,0
2026-09-03 04:20:00,142.8,2,57,61.2,1,0,0
2026-09-03 04:25:00,141.5,0,57,61.6,1,0,0
2026-09-03 04:30:00,144.7,0,57,60.2,1,0,0
2026-09-03 04:35:00,144.5,1,58,60.1,1,0,0
2026-09-03 04:40:00,143.5,0,57,61.5,1,0,0
2026-09-03 04:45:00,144.6,0,53,62.4,1,0,0
2026-09-03 04:50:00,142.5,0,56,60.7,1,0,0
2026-09-03 04:55:00,146.1,1,56,59.1,1,0,0
2026-09-03 05:00:00,146.3,0,51,61.1,1,0,0
2026-09-03 05:05:00,149.5,0,55,63.8,1,0,0
2026-09-03 05:10:00,149.9,1,53,59.0,1,0,0
2026-09-03 05:15:00,150.1,0,60,62.3,1,0,0
2026-09-03 05:20:00,149.9,0,56,58.4,1,0,0
2026-09-03 05:25:00,150.6,0,57,63.6,1,0,0
2026-09-03 05:30:00,150.8,1,56,63.9,1,0,0
2026-09-03 05:35:00,150.6,1,58,65.3,1,0,0
2026-09-03 05:40:00,151.0,0,59,60.0,1,0,0
2026-09-03 05:45:00,151.9,0,57,62.5,1,0,0
2026-09-03 05:50:00,150.7,0,58,61.2,1,0,0
2026-09-03 05:55:00,150.1,9,64,39.4,0,0,0
2026-09-03 06:00:00,149.8,9,60,36.9,0,0,0
2026-09-03 06:05:00,148.5,7,68,38.6,0,0,0
2026-09-03 06:10:00,148.1,11,64,39.5,0,0,0
2026-09-03 06:15:00,149.7,3,67,38.4,0,0,0
2026-09-03 06:20:00,151.4,4,65,37.4,0,0,0
2026-09-03 06:25:00,150.6,11,64,34.8,0,0,0
2026-09-03 06:30:00,149.2,3,64,36.3,0,0,0
2026-09-03 06:35:00,149.1,9,68,40.2,0,0,0
2026-09-03 06:40:00,145.0,7,64,35.0,0,0,0
2026-09-03 06:45:00,143.9,5,64,38.4,0,0,0
2026-09-03 06:50:00,142.9,9,65,38.8,0,0,0
2026-09-03 06:55:00,139.7,5,64,34.2,0,0,0
2026-09-03 07:00:00,138.1,15,62,37.7,0,0,0
2026-09-03 07:05:00,136.8,3,62,37.8,0,0,0
2026-09-03 07:10:00,137.4,12,69,36.8,0,0,0
2026-09-03 07:15:00,137.8,3,66,39.5,0,0,0
2026-09-03 07:20:00,139.2,11,68,39.4,0,0,0
2026-09-03 07:25:00,137.2,7,63,37.9,0,0,0
2026-09-03 07:30:00,134.6,6,65,36.6,0,0,0
2026-09-03 07:35:00,134.7,5,66,34.2,0,0,0
2026-09-03 07:40:00,134.7,5,65,38.3,0,0,0
2026-09-03 07:45:00,130.7,19,62,39.0,0,0,0
2026-09-03 07:50:00,130.0,13,63,35.2,0,0,0
2026-09-03 07:55:00,127.2,5,64,39.8,0,0,0
2026-09-03 08:00:00,127.9,7,63,36.3,0,0,0
2026-09-03 08:05:00,129.5,13,64,36.7,0,0,0
2026-09-03 08:10:00,126.9,9,67,40.3,0,0,0
2026-09-03 08:15:00,127.8,7,59,37.8,0,0,0
2026-09-03 08:20:00,131.3,20,66,38.7,0,0,0
2026-09-03 08:25:00,131.1,9,71,39.3,0,32,50
2026-09-03 08:30:00,138.1,6,70,34.2,0,0,0
2026-09-03 08:35:00,137.6,8,69,43.3,0,0,0
2026-09-03 08:40:00,136.8,4,70,40.3,0,0,0
2026-09-03 08:45:00,140.2,5,69,39.7,0,0,0
2026-09-03 08:50:00,140.7,5,67,36.3,0,0,0
2026-09-03 08:55:00,141.4,11,65,37.3,0,0,0
2026-09-03 09:00:00,142.6,4,63,35.6,0,0,0
2026-09-03 09:05:00,142.7,4,65,35.7,0,0,0
2026-09-03 09:10:00,143.9,12,64,35.4,0,0,0
2026-09-03 09:15:00,145.5,12,68,37.7,0,0,0
2026-09-03 09:20:00,146.4,4,66,41.4,0,0,0
2026-09-03 09:25:00,146.0,7,66,38.2,0,0,0
2026-09-03 09:30:00,147.2,2,67,37.3,0,0,0
2026-09-03 09:35:00,147.2,11,63,37.5,0,0,0
2026-09-03 09:40:00,145.8,8,66,37.4,0,0,0
2026-09-03 09:45:00,144.7,8,62,38.4,0,0,0
2026-09-03 09:50:00,143.5,7,66,36.1,0,0,0
2026-09-03 09:55:00,140.6,1,64,40.2,0,0,0
2026-09-03 10:00:00,139.6,6,65,34.9,0,0,0
2026-09-03 10:05:00,136.9,10,61,39.3,0,0,0
2026-09-03 10:10:00,136.9,25,67,35.1,0,0,0
2026-09-03 10:15:00,137.2,5,62,40.2,0,0,0
2026-09-03 10:20:00,132.2,5,68,35.9,0,0,0
2026-09-03 10:25:00,131.4,11,62,38.5,0,0,0
2026-09-03 10:30:00,133.9,6,64,32.3,0,0,0
2026-09-03 10:35:00,133.6,8,62,39.4,0,0,0
2026-09-03 10:40:00,134.9,13,68,35.8,0,0,0
2026-09-03 10:45:00,133.8,10,62,37.5,0,0,0
2026-09-03 10:50:00,132.1,1,67,36.7,0,0,0
2026-09-03 10:55:00,129.5,11,67,36.7,0,0,0
2026-09-03 11:00:00,127.8,6,62,38.5,0,0,0
2026-09-03 11:05:00,126.2,16,64,39.1,0,0,0
2026-09-03 11:10:00,123.6,3,65,35.2,0,0,0
2026-09-03 11:15:00,123.3,12,64,38.6,0,0,0
2026-09-03 11:20:00,124.7,3,62,38.5,0,0,0
2026-09-03 11:25:00,127.1,15,65,36.7,0,0,0
2026-09-03 11:30:00,128.6,7,65,39.9,0,0,0
2026-09-03 11:35:00,128.6,10,66,35.6,0,0,0
2026-09-03 11:40:00,130.7,12,65,36.4,0,0,0
2026-09-03 11:45:00,129.2,11,68,36.8,0,0,0
2026-09-03 11:50:00,128.0,18,67,39.8,0,0,0
2026-09-03 11:55:00,126.6,10,65,37.2,0,0,0
2026-09-03 12:00:00,124.7,4,62,39.2,0,0,0
2026-09-03 12:05:00,125.0,9,65,41.4,0,0,0
2026-09-03 12:10:00,128.4,27,66,40.6,0,0,0
2026-09-03 12:15:00,126.1,10,62,39.6,0,0,0
2026-09-03 12:20:00,126.1,3,63,40.8,0,0,0
2026-09-03 12:25:00,127.6,10,63,40.6,0,0,0
2026-09-03 12:30:00,128.6,13,67,35.8,0,0,0
2026-09-03 12:35:00,130.5,5,63,38.7,0,0,0
2026-09-03 12:40:00,129.2,27,65,37.3,0,0,0
2026-09-03 12:45:00,130.9,6,66,36.8,0,0,0
2026-09-03 12:50:00,132.6,13,65,39.0,0,0,0
2026-09-03 12:55:00,129.4,8,68,37.3,0,0,0
2026-09-03 13:00:00,124.2,10,67,36.2,0,50,50
2026-09-03 13:05:00,129.8,1,65,37.8,0,0,0
2026-09-03 13:10:00,135.3,9,67,36.5,0,0,0
2026-09-03 13:15:00,140.8,6,66,38.0,0,0,0
2026-09-03 13:20:00,145.0,4,63,35.3,0,0,0
2026-09-03 13:25:00,146.5,3,67,38.6,0,0,0
2026-09-03 13:30:00,146.4,11,61,38.1,0,0,0
2026-09-03 13:35:00,148.3,8,65,37.0,0,0,0
2026-09-03 13:40:00,149.5,5,66,39.1,0,0,0
2026-09-03 13:45:00,151.6,2,63,37.1,0,0,0
2026-09-03 13:50:00,149.9,15,66,36.9,0,0,0
2026-09-03 13:55:00,150.9,5,63,40.3,0,0,0
2026-09-03 14:00:00,155.2,13,66,39.1,0,0,0
2026-09-03 14:05:00,152.7,9,65,41.2,0,0,0
2026-09-03 14:10:00,150.7,5,66,41.0,0,0,0
2026-09-03 14:15:00,151.1,5,65,41.9,0,0,0
2026-09-03 14:20:00,152.1,7,65,40.7,0,0,0
2026-09-03 14:25:00,152.3,7,65,36.0,0,0,0
2026-09-03 14:30:00,148.5,7,64,39.1,0,0,0
2026-09-03 14:35:00,147.6,20,65,41.3,0,0,0
2026-09-03 14:40:00,147.2,5,64,37.2,0,0,0
2026-09-03 14:45:00,142.3,7,65,35.9,0,0,0
2026-09-03 14:50:00,138.5,4,63,39.6,0,0,0
2026-09-03 14:55:00,135.1,17,65,38.4,0,0,0
2026-09-03 15:00:00,136.0,4,64,36.1,0,0,0
2026-09-03 15:05:00,134.9,5,67,36.5,0,0,0
2026-09-03 15:10:00,134.1,4,64,41.5,0,0,0
2026-09-03 15:15:00,137.0,2,61,35.4,0,0,0
2026-09-03 15:20:00,139.4,10,65,36.0,0,0,0
2026-09-03 15:25:00,141.1,3,68,38.2,0,0,0
2026-09-03 15:30:00,141.4,5,63,34.4,0,0,0
2026-09-03 15:35:00,139.7,4,65,39.2,0,0,0
2026-09-03 15:40:00,140.3,7,60,39.3,0,0,0
2026-09-03 15:45:00,138.8,7,64,39.4,0,0,0
2026-09-03 15:50:00,137.9,6,65,36.5,0,0,0
2026-09-03 15:55:00,135.9,19,65,37.1,0,0,0
2026-09-03 16:00:00,137.5,6,69,39.7,0,0,0
2026-09-03 16:05:00,135.1,2,66,39.6,0,0,0
2026-09-03 16:10:00,133.4,6,66,37.8,0,0,0
2026-09-03 16:15:00,134.9,1,64,36.9,0,0,0
2026-09-03 16:20:00,135.7,11,64,36.5,0,0,0
2026-09-03 16:25:00,135.2,10,63,37.1,0,0,0
2026-09-03 16:30:00,131.9,2,64,36.4,0,0,0
2026-09-03 16:35:00,133.0,14,62,39.0,0,0,0
2026-09-03 16:40:00,132.0,6,65,37.5,0,0,0
2026-09-03 16:45:00,131.3,4,66,39.3,0,0,0
2026-09-03 16:50:00,131.8,10,64,38.0,0,0,0
2026-09-03 16:55:00,130.2,6,67,38.2,0,0,0
2026-09-03 17:00:00,136.2,4,66,39.0,0,0,0
2026-09-03 17:05:00,137.7,8,63,41.2,0,0,0
2026-09-03 17:10:00,139.0,2,66,37.1,0,0,0
2026-09-03 17:15:00,138.1,12,66,35.6,0,0,0
2026-09-03 17:20:00,133.4,13,68,37.9,0,0,0
2026-09-03 17:25:00,133.1,16,66,35.4,0,0,0
2026-09-03 17:30:00,133.4,12,63,37.9,0,0,0
2026-09-03 17:35:00,134.9,7,67,35.5,0,0,0
2026-09-03 17:40:00,132.8,5,68,38.7,0,0,0
2026-09-03 17:45:00,137.5,9,68,38.4,0,21,50
2026-09-03 17:50:00,140.2,8,65,35.8,0,0,0
2026-09-03 17:55:00,142.2,10,70,38.6,0,0,0
2026-09-03 18:00:00,137.3,6,67,36.8,0,0,0
2026-09-03 18:05:00,134.9,10,68,39.7,0,0,0
2026-09-03 18:10:00,133.7,12,68,33.3,0,0,0
2026-09-03 18:15:00,134.2,12,65,36.8,0,0,0
2026-09-03 18:20:00,135.6,4,69,38.3,0,0,0
2026-09-03 18:25:00,139.0,9,64,40.4,0,0,0
2026-09-03 18:30:00,142.8,6,63,36.6,0,0,0
2026-09-03 18:35:00,145.2,17,61,40.4,0,0,0
2026-09-03 18:40:00,145.5,9,61,40.2,0,0,0
2026-09-03 18:45:00,144.0,13,66,37.5,0,0,0
2026-09-03 18:50:00,144.5,8,63,32.6,0,0,0
2026-09-03 18:55:00,143.5,7,63,40.1,0,0,0
2026-09-03 19:00:00,144.1,11,65,36.0,0,0,0
2026-09-03 19:05:00,145.4,5,65,37.4,0,0,0
2026-09-03 19:10:00,144.7,10,64,37.7,0,0,0
2026-09-03 19:15:00,140.8,9,62,38.5,0,0,0
2026-09-03 19:20:00,138.1,7,62,38.5,0,0,0
2026-09-03 19:25:00,137.9,9,59,38.5,0,0,0
2026-09-03 19:30:00,137.7,14,62,39.2,0,0,0
2026-09-03 19:35:00,134.6,5,64,37.3,0,0,0
2026-09-03 19:40:00,139.6,16,64,39.1,0,0,0
2026-09-03 19:45:00,136.4,14,61,38.2,0,0,0
2026-09-03 19:50:00,135.2,13,64,38.8,0,0,0
2026-09-03 19:55:00,138.0,2,66,36.9,0,0,0
2026-09-03 20:00:00,133.2,384,89,36.9,0,0,0
2026-09-03 20:05:00,138.2,379,85,37.8,0,0,0
2026-09-03 20:10:00,140.4,5,65,39.4,0,0,0
2026-09-03 20:15:00,139.8,12,63,38.3,0,0,0
2026-09-03 20:20:00,141.4,6,65,36.6,0,0,0
2026-09-03 20:25:00,138.7,9,62,35.8,0,0,0
2026-09-03 20:30:00,137.5,10,71,38.1,0,0,0
2026-09-03 20:35:00,137.1,7,64,34.2,0,0,0
2026-09-03 20:40:00,138.2,8,63,38.7,0,0,0
2026-09-03 20:45:00,138.3,13,68,35.4,0,0,0
2026-09-03 20:50:00,139.1,23,63,38.8,0,0,0
2026-09-03 20:55:00,139.2,5,64,38.8,0,0,0
2026-09-03 21:00:00,141.9,9,66,38.8,0,0,0
2026-09-03 21:05:00,141.0,18,65,34.3,0,86,70
2026-09-03 21:10:00,150.2,6,71,32.2,0,0,0
2026-09-03 21:15:00,160.8,11,69,39.6,0,0,0
2026-09-03 21:20:00,170.3,7,66,39.1,0,0,0
2026-09-03 21:25:00,177.9,7,69,39.8,0,0,0
2026-09-03 21:30:00,180.2,5,66,37.5,0,0,0
2026-09-03 21:35:00,182.0,4,66,36.2,0,0,0
2026-09-03 21:40:00,186.4,6,67,37.8,0,0,0
2026-09-03 21:45:00,185.4,17,67,39.7,0,0,0
2026-09-03 21:50:00,182.7,4,63,35.8,0,0,0
2026-09-03 21:55:00,181.2,5,66,37.0,0,0,0
2026-09-03 22:00:00,180.5,7,63,37.1,0,0,0
2026-09-03 22:05:00,177.6,7,62,34.6,0,0,0
2026-09-03 22:10:00,173.7,9,65,39.7,0,0,0
2026-09-03 22:15:00,170.5,7,64,34.7,0,0,0
2026-09-03 22:20:00,169.9,4,62,38.1,0,0,0
2026-09-03 22:25:00,169.6,4,65,36.0,0,0,0
2026-09-03 22:30:00,171.6,7,65,38.2,0,0,0
2026-09-03 22:35:00,168.5,12,67,39.6,0,0,0
2026-09-03 22:40:00,166.3,6,66,35.3,0,0,0
2026-09-03 22:45:00,164.8,8,65,36.1,0,0,0
2026-09-03 22:50:00,165.8,5,65,38.8,0,0,0
2026-09-03 22:55:00,164.8,10,66,30.2,0,0,0
2026-09-03 23:00:00,163.1,9,64,41.0,0,0,0
2026-09-03 23:05:00,158.3,4,63,41.8,0,0,0
2026-09-03 23:10:00,156.5,2,64,37.4,0,0,0
2026-09-03 23:15:00,154.1,8,65,37.8,0,0,0
2026-09-03 23:20:00,152.3,12,66,35.2,0,0,0
2026-09-03 23:25:00,151.4,6,65,40.1,0,0,0
2026-09-03 23:30:00,152.0,11,68,38.4,0,0,0
2026-09-03 23:35:00,150.8,7,63,41.0,0,0,0
2026-09-03 23:40:00,151.1,7,64,38.3,0,0,0
2026-09-03 23:45:00,150.4,7,62,38.4,0,0,0
2026-09-03 23:50:00,149.9,2,62,43.1,0,0,0
2026-09-03 23:55:00,145.9,7,61,36.9,0,0,0
2026-09-04 00:00:00,142.6,9,65,36.6,0,0,0
2026-09-04 00:05:00,143.1,16,65,36.8,0,0,0
2026-09-04 00:10:00,142.3,6,64,37.2,0,0,0
2026-09-04 00:15:00,141.4,7,61,38.1,0,0,0
2026-09-04 00:20:00,139.8,14,64,39.8,0,0,0
2026-09-04 00:25:00,142.5,6,66,38.8,0,0,0
2026-09-04 00:30:00,144.5,0,54,62.1,1,0,0
2026-09-04 00:35:00,144.0,0,58,60.9,1,0,0
2026-09-04 00:40:00,144.6,0,55,64.6,1,0,0
2026-09-04 00:45:00,143.4,0,56,59.9,1,0,0
2026-09-04 00:50:00,142.3,1,55,61.7,1,0,0
2026-09-04 00:55:00,144.9,1,55,60.0,1,0,0
2026-09-04 01:00:00,142.7,0,58,59.1,1,0,0
2026-09-04 01:05:00,141.0,0,56,63.1,1,0,0
2026-09-04 01:10:00,142.1,1,55,60.0,1,0,0
2026-09-04 01:15:00,142.0,0,55,62.4,1,0,0
2026-09-04 01:20:00,137.2,0,52,59.4,1,0,0
2026-09-04 01:25:00,135.8,2,58,60.7,1,0,0
2026-09-04 01:30:00,136.3,0,56,60.0,1,0,0
2026-09-04 01:35:00,135.7,1,57,60.6,1,0,0
2026-09-04 01:40:00,135.7,1,58,60.1,1,0,0
2026-09-04 01:45:00,136.4,1,56,61.4,1,0,0
2026-09-04 01:50:00,136.3,0,57,62.0,1,0,0
2026-09-04 01:55:00,134.2,0,59,63.3,1,0,0
2026-09-04 02:00:00,134.9,1,59,61.4,1,0,0
2026-09-04 02:05:00,134.9,0,57,60.2,1,0,0
2026-09-04 02:10:00,135.5,0,56,61.2,1,0,0
2026-09-04 02:15:00,132.3,0,56,56.7,1,0,0
2026-09-04 02:20:00,132.9,0,58,60.3,1,0,0
2026-09-04 02:25:00,131.0,1,60,60.4,1,0,0
2026-09-04 02:30:00,130.8,1,56,61.6,1,0,0
2026-09-04 02:35:00,133.7,0,58,63.6,1,0,0
2026-09-04 02:40:00,133.4,0,56,62.1,1,0,0
2026-09-04 02:45:00,134.3,0,57,63.0,1,0,0
2026-09-04 02:50:00,130.9,0,57,64.6,1,0,0
2026-09-04 02:55:00,131.0,0,55,61.4,1,0,0
2026-09-04 03:00:00,132.6,0,57,61.3,1,0,0
2026-09-04 03:05:00,132.8,0,57,61.8,1,0,0
2026-09-04 03:10:00,136.4,0,56,65.9,1,0,0
2026-09-04 03:15:00,137.6,0,56,58.2,1,0,0
2026-09-04 03:20:00,138.6,1,58,60.1,1,0,0
2026-09-04 03:25:00,139.8,0,56,63.6,1,0,0
2026-09-04 03:30:00,137.3,0,60,61.8,1,0,0
2026-09-04 03:35:00,134.7,0,57,58.3,1,0,0
2026-09-04 03:40:00,135.4,2,54,58.0,1,0,0
2026-09-04 03:45:00,134.4,0,54,59.8,1,0,0
2026-09-04 03:50:00,136.1,1,53,60.2,1,0,0
2026-09-04 03:55:00,137.2,0,54,60.3,1,0,0
2026-09-04 04:00:00,135.8,2,54,59.8,1,0,0
2026-09-04 04:05:00,134.6,0,54,60.7,1,0,0
2026-09-04 04:10:00,135.6,0,56,63.4,1,0,0
2026-09-04 04:15:00,137.2,0,57,60.9,1,0,0
2026-09-04 04:20:00,140.1,0,57,60.3,1,0,0
2026-09-04 04:25:00,140.8,1,54,60.5,1,0,0
2026-09-04 04:30:00,142.1,0,52,64.4,1,0,0
2026-09-04 04:35:00,143.9,0,54,57.9,1,0,0
2026-09-04 04:40:00,142.9,0,53,63.2,1,0,0
2026-09-04 04:45:00,141.7,0,57,62.8,1,0,0
2026-09-04 04:50:00,139.5,1,49,59.1,1,0,0
2026-09-04 04:55:00,138.7,0,56,60.7,1,0,0
2026-09-04 05:00:00,140.1,1,53,61.7,1,0,0
2026-09-04 05:05:00,138.7,1,57,61.0,1,0,0
2026-09-04 05:10:00,139.1,0,57,63.0,1,0,0
2026-09-04 05:15:00,141.8,1,54,62.7,1,0,0
2026-09-04 05:20:00,140.8,0,52,62.8,1,0,0
2026-09-04 05:25:00,141.3,0,59,63.4,1,0,0
2026-09-04 05:30:00,144.9,0,56,59.7,1,0,0
2026-09-04 05:35:00,142.8,0,58,61.2,1,0,0
2026-09-04 05:40:00,140.8,1,61,62.5,1,0,0
2026-09-04 05:45:00,136.5,0,54,65.5,1,0,0
2026-09-04 05:50:00,137.2,0,55,61.4,1,0,0
2026-09-04 05:55:00,140.8,0,58,63.1,1,0,0
2026-09-04 06:00:00,139.6,0,54,58.9,1,0,0
2026-09-04 06:05:00,141.9,3,55,60.0,1,0,0
2026-09-04 06:10:00,142.2,0,61,63.7,1,0,0
2026-09-04 06:15:00,141.1,0,60,60.6,1,0,0
2026-09-04 06:20:00,142.7,0,56,58.5,1,0,0
2026-09-04 06:25:00,142.4,1,57,64.1,1,0,0
2026-09-04 06:30:00,142.2,1,57,61.8,1,0,0
2026-09-04 06:35:00,140.8,12,63,36.8,0,0,0
2026-09-04 06:40:00,140.3,5,66,37.9,0,0,0
2026-09-04 06:45:00,137.3,7,63,37.8,0,0,0
2026-09-04 06:50:00,136.7,9,70,40.1,0,0,0
2026-09-04 06:55:00,137.4,10,63,41.7,0,0,0
2026-09-04 07:00:00,136.5,6,65,36.6,0,0,0
2026-09-04 07:05:00,136.9,5,64,37.1,0,0,0
2026-09-04 07:10:00,136.2,5,67,37.3,0,0,0
2026-09-04 07:15:00,137.7,5,65,37.8,0,0,0
2026-09-04 07:20:00,137.5,27,69,39.6,0,0,0
2026-09-04 07:25:00,137.6,4,64,42.5,0,0,0
2026-09-04 07:30:00,140.8,11,63,36.4,0,0,0
2026-09-04 07:35:00,144.1,10,68,41.5,0,0,0
2026-09-04 07:40:00,142.6,7,64,36.5,0,0,0
2026-09-04 07:45:00,142.6,13,67,38.9,0,0,0
2026-09-04 07:50:00,141.8,4,61,38.0,0,0,0
2026-09-04 07:55:00,141.7,7,64,37.7,0,0,0
2026-09-04 08:00:00,135.2,14,65,42.4,0,0,0
2026-09-04 08:05:00,136.7,20,68,39.3,0,0,0
2026-09-04 08:10:00,134.6,8,66,35.0,0,0,0
2026-09-04 08:15:00,138.2,9,66,36.1,0,0,0
2026-09-04 08:20:00,135.8,22,66,37.8,0,0,0
2026-09-04 08:25:00,136.9,3,64,37.4,0,0,0
2026-09-04 08:30:00,137.3,10,71,36.1,0,55,70
2026-09-04 08:35:00,144.5,6,66,37.5,0,0,0
2026-09-04 08:40:00,148.1,6,68,33.6,0,0,0
2026-09-04 08:45:00,151.4,0,69,37.9,0,0,0
2026-09-04 08:50:00,159.6,11,66,38.4,0,0,0
2026-09-04 08:55:00,161.2,2,64,36.6,0,0,0
2026-09-04 09:00:00,161.2,7,69,38.7,0,0,0
2026-09-04 09:05:00,162.3,12,65,36.2,0,0,0
2026-09-04 09:10:00,164.0,9,64,40.5,0,0,0
2026-09-04 09:15:00,164.1,17,64,37.8,0,0,0
2026-09-04 09:20:00,166.6,11,64,41.6,0,0,0
2026-09-04 09:25:00,168.2,7,64,42.2,0,0,0
2026-09-04 09:30:00,168.3,9,64,38.7,0,0,0
2026-09-04 09:35:00,166.5,14,64,35.4,0,0,0
2026-09-04 09:40:00,166.3,13,68,40.6,0,0,0
2026-09-04 09:45:00,164.5,12,66,39.2,0,0,0
2026-09-04 09:50:00,164.8,12,65,37.6,0,0,0
2026-09-04 09:55:00,160.9,4,67,36.9,0,0,0
2026-09-04 10:00:00,157.9,12,64,37.9,0,0,0
2026-09-04 10:05:00,153.6,3,63,39.2,0,0,0
2026-09-04 10:10:00,153.2,7,64,40.7,0,0,0
2026-09-04 10:15:00,154.8,8,63,36.9,0,0,0
2026-09-04 10:20:00,151.7,6,64,38.7,0,0,0
2026-09-04 10:25:00,151.3,3,63,38.0,0,0,0
2026-09-04 10:30:00,147.8,11,63,35.1,0,0,0
2026-09-04 10:35:00,145.4,17,66,40.0,0,0,0
2026-09-04 10:40:00,143.4,5,64,37.3,0,0,0
2026-09-04 10:45:00,141.2,5,65,37.0,0,0,0
2026-09-04 10:50:00,135.5,3,66,38.3,0,0,0
2026-09-04 10:55:00,133.2,3,66,34.2,0,0,0
2026-09-04 11:00:00,132.2,6,66,40.7,0,0,0
2026-09-04 11:05:00,136.3,6,66,35.1,0,0,0
2026-09-04 11:10:00,134.0,5,61,39.7,0,0,0
2026-09-04 11:15:00,137.5,4,65,40.3,0,0,0
2026-09-04 11:20:00,135.1,5,61,37.6,0,0,0
2026-09-04 11:25:00,134.6,14,58,37.8,0,0,0
2026-09-04 11:30:00,133.8,8,64,39.1,0,0,0
2026-09-04 11:35:00,137.1,4,64,41.7,0,0,0
2026-09-04 11:40:00,135.4,11,60,38.7,0,0,0
2026-09-04 11:45:00,136.6,5,66,37.2,0,0,0
2026-09-04 11:50:00,135.1,20,66,37.7,0,0,0
2026-09-04 11:55:00,135.6,7,66,39.6,0,0,0
2026-09-04 12:00:00,133.8,4,64,37.7,0,0,0
2026-09-04 12:05:00,135.6,10,65,37.4,0,0,0
2026-09-04 12:10:00,135.2,6,65,37.7,0,0,0
2026-09-04 12:15:00,131.3,6,63,37.8,0,0,0
2026-09-04 12:20:00,132.1,6,68,34.6,0,0,0
2026-09-04 12:25:00,134.6,9,67,38.9,0,0,0
2026-09-04 12:30:00,138.4,7,65,38.5,0,0,0
2026-09-04 12:35:00,135.9,7,67,34.7,0,0,0
2026-09-04 12:40:00,136.0,16,67,39.6,0,0,0
2026-09-04 12:45:00,135.2,2,64,41.5,0,0,0
2026-09-04 12:50:00,135.6,20,65,37.9,0,0,0
2026-09-04 12:55:00,135.8,7,65,33.9,0,0,0
2026-09-04 13:00:00,140.5,8,66,37.2,0,0,0
2026-09-04 13:05:00,139.7,9,66,38.3,0,0,0
2026-09-04 13:10:00,138.2,11,60,38.4,0,0,0
2026-09-04 13:15:00,141.6,16,66,39.1,0,101,70
2026-09-04 13:20:00,154.1,2,66,40.2,0,0,0
2026-09-04 13:25:00,167.7,10,69,38.0,0,0,0
2026-09-04 13:30:00,176.9,8,70,36.1,0,0,0
2026-09-04 13:35:00,180.2,12,66,36.3,0,0,0
2026-09-04 13:40:00,188.1,8,66,39.8,0,0,0
2026-09-04 13:45:00,190.3,5,71,39.6,0,0,0
2026-09-04 13:50:00,190.6,22,63,37.9,0,0,0
2026-09-04 13:55:00,192.3,14,62,35.1,0,0,0
2026-09-04 14:00:00,191.9,4,63,36.2,0,0,0
2026-09-04 14:05:00,191.0,10,64,35.9,0,0,0
2026-09-04 14:10:00,188.3,15,68,41.1,0,0,0
2026-09-04 14:15:00,188.0,8,68,36.2,0,0,0
2026-09-04 14:20:00,184.0,13,66,40.3,0,0,0
2026-09-04 14:25:00,182.0,11,62,37.7,0,0,0
2026-09-04 14:30:00,180.4,11,64,36.1,0,0,0
2026-09-04 14:35:00,178.4,8,67,42.5,0,0,0
2026-09-04 14:40:00,177.2,17,63,37.1,0,0,0
2026-09-04 14:45:00,174.6,9,65,37.9,0,0,0
2026-09-04 14:50:00,169.6,7,62,37.5,0,0,0
2026-09-04 14:55:00,167.7,22,68,40.8,0,0,0
2026-09-04 15:00:00,169.4,6,66,38.4,0,0,0
2026-09-04 15:05:00,166.8,8,66,38.0,0,0,0
2026-09-04 15:10:00,164.8,12,60,35.7,0,0,0
2026-09-04 15:15:00,163.6,11,62,42.0,0,0,0
2026-09-04 15:20:00,161.2,9,62,40.2,0,0,0
2026-09-04 15:25:00,160.8,8,66,36.0,0,0,0
2026-09-04 15:30:00,157.2,12,63,36.6,0,0,0
2026-09-04 15:35:00,157.8,2,69,37.8,0,0,0
2026-09-04 15:40:00,153.2,8,62,32.9,0,0,0
2026-09-04 15:45:00,151.1,13,65,38.6,0,0,0
2026-09-04 15:50:00,148.4,482,92,36.8,0,0,0
2026-09-04 15:55:00,147.5,478,91,34.7,0,0,0
2026-09-04 16:00:00,146.9,470,94,37.0,0,0,0
2026-09-04 16:05:00,146.8,476,92,36.1,0,0,0
2026-09-04 16:10:00,143.9,5,65,37.4,0,0,0
2026-09-04 16:15:00,145.3,6,64,40.6,0,0,0
2026-09-04 16:20:00,146.4,12,64,36.3,0,0,0
2026-09-04 16:25:00,145.8,5,65,34.9,0,0,0
2026-09-04 16:30:00,145.6,9,63,38.3,0,0,0
2026-09-04 16:35:00,140.8,4,65,34.6,0,0,0
2026-09-04 16:40:00,138.2,5,66,38.5,0,0,0
2026-09-04 16:45:00,138.7,4,65,37.5,0,0,0
2026-09-04 16:50:00,137.3,3,63,38.1,0,0,0
2026-09-04 16:55:00,138.6,7,66,35.1,0,0,0
2026-09-04 17:00:00,136.5,10,66,36.2,0,0,0
2026-09-04 17:05:00,137.6,18,62,38.6,0,0,0
2026-09-04 17:10:00,136.0,4,62,40.2,0,0,0
2026-09-04 17:15:00,138.6,3,61,39.3,0,0,0
2026-09-04 17:20:00,134.9,7,62,34.0,0,0,0
2026-09-04 17:25:00,135.6,4,70,34.6,0,47,80
2026-09-04 17:30:00,145.7,6,69,37.1,0,0,0
2026-09-04 17:35:00,149.2,5,68,39.0,0,0,0
2026-09-04 17:40:00,154.5,6,68,35.9,0,0,0
2026-09-04 17:45:00,157.0,8,69,38.4,0,0,0
2026-09-04 17:50:00,162.2,10,68,40.6,0,0,0
2026-09-04 17:55:00,162.9,10,67,39.0,0,0,0
2026-09-04 18:00:00,163.0,5,60,40.1,0,0,0
2026-09-04 18:05:00,164.5,10,66,35.7,0,0,0
2026-09-04 18:10:00,162.5,13,66,37.1,0,0,0
2026-09-04 18:15:00,166.0,7,65,39.2,0,0,0
2026-09-04 18:20:00,167.4,8,68,36.6,0,0,0
2026-09-04 18:25:00,169.7,11,62,37.2,0,0,0
2026-09-04 18:30:00,166.2,5,61,40.7,0,0,0
2026-09-04 18:35:00,162.3,8,64,41.5,0,0,0
2026-09-04 18:40:00,162.9,11,68,37.2,0,0,0
2026-09-04 18:45:00,160.6,7,67,40.0,0,0,0
2026-09-04 18:50:00,161.0,12,66,43.7,0,0,0
2026-09-04 18:55:00,157.7,3,62,39.0,0,0,0
2026-09-04 19:00:00,158.4,13,67,38.7,0,0,0
2026-09-04 19:05:00,155.5,12,68,41.1,0,0,0
2026-09-04 19:10:00,155.3,4,61,38.6,0,0,0
2026-09-04 19:15:00,150.2,11,64,40.7,0,0,0
2026-09-04 19:20:00,149.1,6,63,37.1,0,0,0
2026-09-04 19:25:00,148.1,6,67,39.8,0,0,0
2026-09-04 19:30:00,147.2,14,66,40.5,0,0,0
2026-09-04 19:35:00,148.9,3,64,39.1,0,0,0
2026-09-04 19:40:00,148.4,13,64,36.5,0,0,0
2026-09-04 19:45:00,148.2,5,61,38.5,0,0,0
2026-09-04 19:50:00,146.2,14,66,36.3,0,0,0
2026-09-04 19:55:00,142.8,11,64,41.4,0,0,0
2026-09-04 20:00:00,142.4,11,64,36.9,0,0,0
2026-09-04 20:05:00,143.4,6,59,37.0,0,0,0
2026-09-04 20:10:00,143.2,8,66,36.0,0,0,0
2026-09-04 20:15:00,143.1,11,65,37.9,0,0,0
2026-09-04 20:20:00,139.1,5,62,41.6,0,0,0
2026-09-04 20:25:00,134.5,8,64,37.0,0,0,0
2026-09-04 20:30:00,138.1,3,66,36.1,0,87,70
2026-09-04 20:35:00,149.4,14,64,37.1,0,0,0
2026-09-04 20:40:00,156.1,3,64,39.2,0,0,0
2026-09-04 20:45:00,160.5,383,91,39.0,0,0,0
2026-09-04 20:50:00,166.0,391,90,36.7,0,0,0
2026-09-04 20:55:00,167.5,7,72,35.0,0,0,0
2026-09-04 21:00:00,168.4,8,66,38.2,0,0,0
2026-09-04 21:05:00,169.6,14,69,38.1,0,0,0
2026-09-04 21:10:00,172.6,5,66,40.3,0,0,0
2026-09-04 21:15:00,171.1,14,61,37.9,0,0,0
2026-09-04 21:20:00,169.3,7,63,36.0,0,0,0
2026-09-04 21:25:00,167.3,2,62,38.6,0,0,0
2026-09-04 21:30:00,162.3,10,63,37.6,0,0,0
2026-09-04 21:35:00,161.3,6,65,38.5,0,0,0
2026-09-04 21:40:00,158.7,7,64,37.3,0,0,0
2026-09-04 21:45:00,157.6,8,67,36.9,0,0,0
2026-09-04 21:50:00,156.5,4,68,41.3,0,0,0
2026-09-04 21:55:00,151.9,5,64,41.2,0,0,0
2026-09-04 22:00:00,150.5,4,64,37.4,0,0,0
2026-09-04 22:05:00,148.8,14,64,38.1,0,0,0
2026-09-04 22:10:00,148.9,22,68,38.4,0,0,0
2026-09-04 22:15:00,145.6,8,66,35.4,0,0,0
2026-09-04 22:20:00,144.7,12,65,38.7,0,0,0
2026-09-04 22:25:00,142.7,4,63,40.4,0,0,0
2026-09-04 22:30:00,141.3,7,66,40.9,0,0,0
2026-09-04 22:35:00,142.6,2,65,38.2,0,0,0
2026-09-04 22:40:00,143.8,11,69,37.2,0,0,0
2026-09-04 22:45:00,140.3,8,65,36.6,0,0,0
2026-09-04 22:50:00,139.3,11,67,38.9,0,0,0
2026-09-04 22:55:00,136.8,9,68,40.1,0,0,0
2026-09-04 23:00:00,136.7,6,64,37.8,0,0,0
2026-09-04 23:05:00,137.8,0,56,65.9,1,0,0
2026-09-04 23:10:00,137.7,0,54,61.7,1,0,0
2026-09-04 23:15:00,135.7,0,54,60.4,1,0,0
2026-09-04 23:20:00,139.6,0,55,62.5,1,0,0
2026-09-04 23:25:00,137.6,1,51,59.8,1,0,0
2026-09-04 23:30:00,139.4,0,56,62.7,1,0,0
2026-09-04 23:35:00,139.5,0,58,60.8,1,0,0
2026-09-04 23:40:00,138.5,0,55,60.0,1,0,0
2026-09-04 23:45:00,138.1,0,60,57.3,1,0,0
2026-09-04 23:50:00,139.3,0,55,59.5,1,0,0
2026-09-04 23:55:00,137.1,0,57,60.3,1,0,0
2026-09-05 00:00:00,131.7,0,56,61.7,1,0,0
2026-09-05 00:05:00,132.9,0,59,61.5,1,0,0
2026-09-05 00:10:00,134.2,0,57,64.4,1,0,0
2026-09-05 00:15:00,136.0,1,54,66.5,1,0,0
2026-09-05 00:20:00,134.2,0,54,66.2,1,0,0
2026-09-05 00:25:00,135.7,0,56,65.2,1,0,0
2026-09-05 00:30:00,136.0,0,59,62.9,1,0,0
2026-09-05 00:35:00,131.5,0,59,64.3,1,0,0
2026-09-05 00:40:00,129.3,0,57,63.0,1,0,0
2026-09-05 00:45:00,128.6,1,56,63.0,1,0,0
2026-09-05 00:50:00,128.3,0,56,65.5,1,0,0
2026-09-05 00:55:00,125.5,0,56,63.1,1,0,0
2026-09-05 01:00:00,123.5,0,58,62.5,1,0,0
2026-09-05 01:05:00,123.8,0,55,63.8,1,0,0
2026-09-05 01:10:00,124.8,0,55,65.4,1,0,0
2026-09-05 01:15:00,126.4,1,53,60.8,1,0,0
2026-09-05 01:20:00,129.5,0,56,63.6,1,0,0
2026-09-05 01:25:00,130.2,0,56,63.7,1,0,0
2026-09-05 01:30:00,128.8,0,57,61.4,1,0,0
2026-09-05 01:35:00,128.4,0,58,61.0,1,0,0
2026-09-05 01:40:00,131.1,0,57,63.4,1,0,0
2026-09-05 01:45:00,129.9,0,55,62.5,1,0,0
2026-09-05 01:50:00,130.4,0,57,62.4,1,0,0
2026-09-05 01:55:00,129.3,2,53,63.7,1,0,0
2026-09-05 02:00:00,132.8,2,58,66.4,1,0,0
2026-09-05 02:05:00,133.0,0,60,62.9,1,0,0
2026-09-05 02:10:00,134.4,0,56,68.8,1,0,0
2026-09-05 02:15:00,137.0,0,58,61.4,1,0,0
2026-09-05 02:20:00,133.8,1,55,64.9,1,0,0
2026-09-05 02:25:00,130.6,0,57,63.0,1,0,0
2026-09-05 02:30:00,131.2,0,56,63.7,1,0,0
2026-09-05 02:35:00,129.9,0,54,63.5,1,0,0
2026-09-05 02:40:00,130.9,1,56,62.3,1,0,0
2026-09-05 02:45:00,127.3,0,57,63.6,1,0,0
2026-09-05 02:50:00,128.7,0,55,64.4,1,0,0
2026-09-05 02:55:00,127.8,0,57,65.3,1,0,0
2026-09-05 03:00:00,127.2,0,57,61.6,1,0,0
2026-09-05 03:05:00,130.4,0,58,62.2,1,0,0
2026-09-05 03:10:00,129.2,0,54,62.3,1,0,0
2026-09-05 03:15:00,132.6,0,59,60.7,1,0,0
2026-09-05 03:20:00,133.5,0,54,64.8,1,0,0
2026-09-05 03:25:00,134.2,0,55,62.4,1,0,0
2026-09-05 03:30:00,133.6,0,56,62.7,1,0,0
2026-09-05 03:35:00,129.0,0,54,63.5,1,0,0
2026-09-05 03:40:00,128.4,0,56,64.0,1,0,0
2026-09-05 03:45:00,132.3,1,55,61.2,1,0,0
2026-09-05 03:50:00,135.8,0,56,62.7,1,0,0
2026-09-05 03:55:00,135.9,0,57,61.9,1,0,0
2026-09-05 04:00:00,134.0,2,58,63.2,1,0,0
2026-09-05 04:05:00,135.5,0,54,61.9,1,0,0
2026-09-05 04:10:00,133.4,2,51,67.5,1,0,0
2026-09-05 04:15:00,137.1,0,57,59.8,1,0,0
2026-09-05 04:20:00,137.6,1,57,65.8,1,0,0
2026-09-05 04:25:00,136.6,1,58,60.5,1,0,0
2026-09-05 04:30:00,138.5,0,56,62.0,1,0,0
2026-09-05 04:35:00,138.0,0,55,63.2,1,0,0
2026-09-05 04:40:00,137.4,0,55,62.2,1,0,0
2026-09-05 04:45:00,138.3,1,55,64.2,1,0,0
2026-09-05 04:50:00,136.3,0,54,61.1,1,0,0
2026-09-05 04:55:00,138.6,0,55,64.6,1,0,0
2026-09-05 05:00:00,136.8,0,56,63.1,1,0,0
2026-09-05 05:05:00,137.2,1,59,64.3,1,0,0
2026-09-05 05:10:00,132.6,0,56,66.5,1,0,0
2026-09-05 05:15:00,128.9,1,59,65.7,1,0,0
2026-09-05 05:20:00,132.5,0,54,64.7,1,0,0
2026-09-05 05:25:00,133.0,0,56,61.7,1,0,0
2026-09-05 05:30:00,131.6,0,53,61.5,1,0,0
2026-09-05 05:35:00,132.4,0,54,67.3,1,0,0
2026-09-05 05:40:00,132.4,0,53,65.4,1,0,0
2026-09-05 05:45:00,134.5,0,57,64.6,1,0,0
2026-09-05 05:50:00,135.0,0,56,64.7,1,0,0
2026-09-05 05:55:00,135.6,0,57,63.4,1,0,0
2026-09-05 06:00:00,135.9,1,54,62.4,1,0,0
2026-09-05 06:05:00,135.6,1,59,66.4,1,0,0
2026-09-05 06:10:00,135.8,0,55,63.7,1,0,0
2026-09-05 06:15:00,138.4,0,55,65.3,1,0,0
2026-09-05 06:20:00,141.9,0,56,64.4,1,0,0
2026-09-05 06:25:00,142.8,0,60,64.4,1,0,0
2026-09-05 06:30:00,140.8,0,53,66.7,1,0,0
2026-09-05 06:35:00,139.2,0,56,61.1,1,0,0
2026-09-05 06:40:00,134.5,7,71,38.2,0,0,0
2026-09-05 06:45:00,135.3,11,62,42.3,0,0,0
2026-09-05 06:50:00,132.5,8,67,37.8,0,0,0
2026-09-05 06:55:00,131.9,16,65,36.9,0,0,0
2026-09-05 07:00:00,133.6,5,64,41.3,0,0,0
2026-09-05 07:05:00,133.2,5,66,39.7,0,0,0
2026-09-05 07:10:00,135.2,9,59,35.8,0,0,0
2026-09-05 07:15:00,135.0,15,66,39.7,0,0,0
2026-09-05 07:20:00,135.4,5,64,38.8,0,0,0
2026-09-05 07:25:00,131.6,7,65,41.3,0,0,0
2026-09-05 07:30:00,131.7,11,62,39.2,0,0,0
2026-09-05 07:35:00,133.3,2,67,41.3,0,0,0
2026-09-05 07:40:00,133.2,10,63,39.2,0,0,0
2026-09-05 07:45:00,131.3,7,70,39.1,0,64,70
2026-09-05 07:50:00,140.2,5,69,41.7,0,0,0
2026-09-05 07:55:00,147.5,12,66,42.5,0,0,0
2026-09-05 08:00:00,152.2,11,68,40.5,0,0,0
2026-09-05 08:05:00,157.0,8,66,39.2,0,0,0
2026-09-05 08:10:00,160.7,10,70,40.1,0,0,0
2026-09-05 08:15:00,162.8,4,66,35.2,0,0,0
2026-09-05 08:20:00,163.8,11,63,38.7,0,0,0
2026-09-05 08:25:00,163.3,4,67,41.8,0,0,0
2026-09-05 08:30:00,163.2,4,64,38.0,0,0,0
2026-09-05 08:35:00,162.3,9,62,39.3,0,0,0
2026-09-05 08:40:00,164.1,8,64,38.5,0,0,0
2026-09-05 08:45:00,159.9,14,64,39.3,0,0,0
2026-09-05 08:50:00,159.2,3,66,40.4,0,0,0
2026-09-05 08:55:00,156.0,8,66,40.3,0,0,0
2026-09-05 09:00:00,157.2,6,64,42.3,0,0,0
2026-09-05 09:05:00,154.3,14,64,38.8,0,0,0
2026-09-05 09:10:00,149.7,4,64,36.2,0,0,0
2026-09-05 09:15:00,150.6,15,62,41.1,0,0,0
2026-09-05 09:20:00,149.7,3,64,40.1,0,0,0
2026-09-05 09:25:00,145.5,8,60,41.8,0,0,0
2026-09-05 09:30:00,144.1,16,66,40.9,0,0,0
2026-09-05 09:35:00,143.6,16,66,38.2,0,0,0
2026-09-05 09:40:00,146.0,4,64,39.8,0,0,0
2026-09-05 09:45:00,143.9,7,62,40.3,0,0,0
2026-09-05 09:50:00,143.0,19,68,41.8,0,0,0
2026-09-05 09:55:00,139.6,13,65,39.4,0,0,0
2026-09-05 10:00:00,138.4,11,64,36.6,0,0,0
2026-09-05 10:05:00,137.4,3,62,38.5,0,0,0
2026-09-05 10:10:00,138.8,13,64,40.0,0,0,0
2026-09-05 10:15:00,135.3,7,66,40.4,0,0,0
2026-09-05 10:20:00,127.2,12,64,37.5,0,0,0
2026-09-05 10:25:00,128.4,5,64,37.0,0,0,0
2026-09-05 10:30:00,128.0,12,66,39.3,0,0,0
2026-09-05 10:35:00,127.6,6,63,39.0,0,0,0
2026-09-05 10:40:00,128.8,13,67,40.2,0,0,0
2026-09-05 10:45:00,130.7,4,63,38.5,0,0,0
2026-09-05 10:50:00,131.1,11,65,38.7,0,0,0
2026-09-05 10:55:00,131.3,7,67,37.6,0,0,0
2026-09-05 11:00:00,134.8,7,65,38.2,0,0,0
2026-09-05 11:05:00,134.8,9,65,37.8,0,0,0
2026-09-05 11:10:00,134.6,7,65,37.1,0,0,0
2026-09-05 11:15:00,135.4,4,64,36.1,0,0,0
2026-09-05 11:20:00,137.7,15,64,39.0,0,0,0
2026-09-05 11:25:00,134.4,5,64,41.1,0,0,0
2026-09-05 11:30:00,134.5,9,65,41.0,0,0,0
2026-09-05 11:35:00,134.0,8,63,38.9,0,0,0
2026-09-05 11:40:00,130.9,6,63,40.4,0,0,0
2026-09-05 11:45:00,133.1,10,65,37.2,0,0,0
2026-09-05 11:50:00,132.6,18,65,37.5,0,0,0
2026-09-05 11:55:00,135.3,13,65,39.3,0,0,0
2026-09-05 12:00:00,134.1,9,64,37.2,0,0,0
2026-09-05 12:05:00,134.1,7,64,36.4,0,0,0
2026-09-05 12:10:00,130.0,3,67,39.7,0,0,0
2026-09-05 12:15:00,129.6,6,66,42.8,0,0,0
2026-09-05 12:20:00,130.2,7,69,38.6,0,0,0
2026-09-05 12:25:00,129.8,4,61,43.1,0,0,0
2026-09-05 12:30:00,124.2,6,62,41.7,0,0,0
2026-09-05 12:35:00,123.9,5,65,37.0,0,0,0
2026-09-05 12:40:00,127.3,7,64,40.6,0,0,0
2026-09-05 12:45:00,124.4,7,63,37.2,0,0,0
2026-09-05 12:50:00,128.5,6,66,39.5,0,0,0
2026-09-05 12:55:00,127.1,11,67,38.6,0,0,0
2026-09-05 13:00:00,129.2,15,65,40.7,0,0,0
2026-09-05 13:05:00,127.2,11,68,38.5,0,55,55
2026-09-05 13:10:00,134.7,15,69,39.3,0,0,0
2026-09-05 13:15:00,137.3,8,65,41.8,0,0,0
2026-09-05 13:20:00,143.5,6,66,38.1,0,0,0
2026-09-05 13:25:00,144.5,11,68,37.8,0,0,0
2026-09-05 13:30:00,147.2,9,67,38.4,0,0,0
2026-09-05 13:35:00,149.7,10,61,36.2,0,0,0
2026-09-05 13:40:00,150.9,22,67,38.8,0,0,0
2026-09-05 13:45:00,148.1,7,65,39.9,0,0,0
2026-09-05 13:50:00,149.0,8,64,33.9,0,0,0
2026-09-05 13:55:00,148.5,3,63,37.6,0,0,0
2026-09-05 14:00:00,150.2,12,63,36.9,0,0,0
2026-09-05 14:05:00,151.1,9,61,37.5,0,0,0
2026-09-05 14:10:00,154.5,10,64,36.5,0,0,0
2026-09-05 14:15:00,150.6,12,66,36.1,0,0,0
2026-09-05 14:20:00,148.3,14,62,39.3,0,0,0
2026-09-05 14:25:00,146.6,14,65,38.9,0,0,0
2026-09-05 14:30:00,144.2,8,67,41.2,0,0,0
2026-09-05 14:35:00,144.7,13,66,42.3,0,0,0
2026-09-05 14:40:00,146.6,7,64,40.5,0,0,0
2026-09-05 14:45:00,147.9,9,63,39.2,0,0,0
2026-09-05 14:50:00,145.5,6,66,35.5,0,0,0
2026-09-05 14:55:00,143.6,9,65,36.5,0,0,0
2026-09-05 15:00:00,143.6,6,63,36.8,0,0,0
2026-09-05 15:05:00,138.3,9,64,40.7,0,0,0
2026-09-05 15:10:00,136.1,11,61,39.8,0,0,0
2026-09-05 15:15:00,135.8,8,64,39.8,0,0,0
2026-09-05 15:20:00,134.6,6,64,37.8,0,0,0
2026-09-05 15:25:00,136.5,8,64,38.3,0,0,0
2026-09-05 15:30:00,135.8,13,66,44.1,0,0,0
2026-09-05 15:35:00,133.5,4,65,37.7,0,0,0
2026-09-05 15:40:00,134.9,19,65,38.4,0,0,0
2026-09-05 15:45:00,131.3,12,63,38.6,0,0,0
2026-09-05 15:50:00,134.8,9,64,40.9,0,0,0
2026-09-05 15:55:00,136.7,6,65,42.3,0,0,0
2026-09-05 16:00:00,137.0,14,66,37.9,0,0,0
2026-09-05 16:05:00,136.9,11,63,40.3,0,0,0
2026-09-05 16:10:00,138.5,7,67,42.9,0,0,0
2026-09-05 16:15:00,136.7,5,61,38.8,0,0,0
2026-09-05 16:20:00,136.3,6,63,34.8,0,0,0
2026-09-05 16:25:00,134.9,6,67,39.3,0,0,0
2026-09-05 16:30:00,132.4,2,65,39.2,0,0,0
2026-09-05 16:35:00,129.5,8,64,39.4,0,0,0
2026-09-05 16:40:00,132.4,12,67,41.8,0,0,0
2026-09-05 16:45:00,131.1,7,63,41.2,0,0,0
2026-09-05 16:50:00,128.2,6,69,39.6,0,26,60
2026-09-05 16:55:00,132.0,451,94,41.0,0,0,0
2026-09-05 17:00:00,133.6,464,97,38.4,0,0,0
2026-09-05 17:05:00,135.3,411,91,39.9,0,0,0
2026-09-05 17:10:00,136.1,409,89,39.9,0,0,0
2026-09-05 17:15:00,139.3,8,67,40.9,0,0,0
2026-09-05 17:20:00,139.3,14,63,41.1,0,0,0
2026-09-05 17:25:00,140.6,10,62,40.6,0,0,0
2026-09-05 17:30:00,139.0,11,65,37.5,0,0,0
2026-09-05 17:35:00,137.5,11,62,38.2,0,0,0
2026-09-05 17:40:00,138.3,18,66,39.2,0,0,0
2026-09-05 17:45:00,136.3,14,64,38.3,0,0,0
2026-09-05 17:50:00,134.4,5,62,36.8,0,0,0
2026-09-05 17:55:00,135.0,8,65,38.7,0,0,0
2026-09-05 18:00:00,136.2,2,61,37.7,0,0,0
2026-09-05 18:05:00,135.6,5,66,39.7,0,0,0
2026-09-05 18:10:00,132.8,8,60,41.7,0,0,0
2026-09-05 18:15:00,131.4,12,65,40.0,0,0,0
2026-09-05 18:20:00,130.5,11,63,38.8,0,0,0
2026-09-05 18:25:00,127.6,4,61,43.3,0,0,0
2026-09-05 18:30:00,127.3,10,65,39.9,0,0,0
2026-09-05 18:35:00,130.8,6,65,38.9,0,0,0
2026-09-05 18:40:00,130.5,5,66,40.7,0,0,0
2026-09-05 18:45:00,133.3,3,68,37.0,0,0,0
2026-09-05 18:50:00,129.3,4,66,36.6,0,0,0
2026-09-05 18:55:00,126.1,4,65,37.5,0,0,0
2026-09-05 19:00:00,124.3,5,65,41.1,0,0,0
2026-09-05 19:05:00,129.9,3,67,35.8,0,0,0
2026-09-05 19:10:00,128.8,14,63,38.6,0,0,0
2026-09-05 19:15:00,128.5,6,65,38.2,0,0,0
2026-09-05 19:20:00,128.9,8,68,39.9,0,0,0
2026-09-05 19:25:00,128.4,12,64,38.3,0,0,0
2026-09-05 19:30:00,128.3,5,65,37.3,0,0,0
2026-09-05 19:35:00,130.0,7,69,42.7,0,0,0
2026-09-05 19:40:00,128.1,12,65,39.6,0,0,0
2026-09-05 19:45:00,131.4,9,65,37.7,0,0,0
2026-09-05 19:50:00,128.2,11,65,41.9,0,0,0
2026-09-05 19:55:00,125.1,12,65,35.0,0,0,0
2026-09-05 20:00:00,126.3,5,64,39.4,0,0,0
2026-09-05 20:05:00,127.7,10,66,40.1,0,0,0
2026-09-05 20:10:00,128.6,4,64,35.9,0,0,0
2026-09-05 20:15:00,129.3,3,61,40.1,0,0,0
2026-09-05 20:20:00,127.8,3,63,40.4,0,0,0
2026-09-05 20:25:00,132.2,4,63,36.0,0,0,0
2026-09-05 20:30:00,128.1,9,64,41.0,0,0,0
2026-09-05 20:35:00,127.6,11,64,41.6,0,0,0
2026-09-05 20:40:00,129.3,3,69,37.2,0,52,68
2026-09-05 20:45:00,132.4,12,65,43.5,0,0,0
2026-09-05 20:50:00,133.1,5,67,37.2,0,0,0
2026-09-05 20:55:00,139.3,502,95,40.8,0,0,0
2026-09-05 21:00:00,141.0,501,98,39.3,0,0,0
2026-09-05 21:05:00,146.4,3,65,38.5,0,0,0
2026-09-05 21:10:00,149.6,2,66,36.3,0,0,0
2026-09-05 21:15:00,148.9,10,65,40.7,0,0,0
2026-09-05 21:20:00,147.9,3,62,35.6,0,0,0
2026-09-05 21:25:00,148.8,5,62,38.1,0,0,0
2026-09-05 21:30:00,146.5,4,65,37.7,0,0,0
2026-09-05 21:35:00,148.5,11,65,39.2,0,0,0
2026-09-05 21:40:00,150.0,16,65,35.7,0,0,0
2026-09-05 21:45:00,153.7,4,67,39.6,0,0,0
2026-09-05 21:50:00,152.2,6,63,41.3,0,0,0
2026-09-05 21:55:00,148.8,13,69,41.8,0,0,0
2026-09-05 22:00:00,146.1,12,67,41.5,0,0,0
2026-09-05 22:05:00,148.4,13,64,38.8,0,0,0
2026-09-05 22:10:00,148.8,3,66,42.1,0,0,0
2026-09-05 22:15:00,143.7,8,63,39.1,0,0,0
2026-09-05 22:20:00,144.7,5,62,38.1,0,0,0
2026-09-05 22:25:00,139.8,5,63,36.5,0,0,0
2026-09-05 22:30:00,140.7,6,65,39.1,0,0,0
2026-09-05 22:35:00,136.0,3,64,39.7,0,0,0
2026-09-05 22:40:00,134.8,10,67,39.7,0,0,0
2026-09-05 22:45:00,132.8,6,67,39.0,0,0,0
2026-09-05 22:50:00,129.9,17,66,43.3,0,0,0
2026-09-05 22:55:00,127.6,18,65,41.2,0,0,0
2026-09-05 23:00:00,128.4,12,62,42.8,0,0,0
2026-09-05 23:05:00,129.5,11,64,36.6,0,0,0
2026-09-05 23:10:00,129.7,11,64,35.6,0,0,0
2026-09-05 23:15:00,130.9,11,63,39.4,0,0,0
2026-09-05 23:20:00,129.7,10,62,43.6,0,0,0
2026-09-05 23:25:00,131.0,5,68,36.7,0,0,0
2026-09-05 23:30:00,128.2,5,64,40.4,0,0,0
2026-09-05 23:35:00,128.2,12,63,41.6,0,0,0
2026-09-05 23:40:00,127.0,4,65,41.7,0,0,0
2026-09-05 23:45:00,127.8,11,61,43.2,0,0,0
2026-09-05 23:50:00,131.3,5,66,38.5,0,0,0
2026-09-05 23:55:00,130.6,10,64,36.8,0,0,0
2026-09-06 00:00:00,124.4,9,62,36.6,0,0,0
2026-09-06 00:05:00,122.4,0,54,67.2,1,0,0
2026-09-06 00:10:00,120.8,0,55,67.2,1,0,0
2026-09-06 00:15:00,121.4,1,54,66.6,1,0,0
2026-09-06 00:20:00,120.2,2,58,67.2,1,0,0
2026-09-06 00:25:00,121.9,0,54,67.4,1,0,0
2026-09-06 00:30:00,118.3,0,56,66.2,1,0,0
2026-09-06 00:35:00,120.3,1,59,65.8,1,0,0
2026-09-06 00:40:00,120.1,0,54,67.2,1,0,0
2026-09-06 00:45:00,118.9,0,57,66.8,1,0,0
2026-09-06 00:50:00,121.2,0,57,64.8,1,0,0
2026-09-06 00:55:00,120.4,0,55,67.5,1,0,0
2026-09-06 01:00:00,122.2,0,56,64.9,1,0,0
2026-09-06 01:05:00,125.6,1,53,66.8,1,0,0
2026-09-06 01:10:00,128.6,0,53,68.1,1,0,0
2026-09-06 01:15:00,129.2,0,58,68.4,1,0,0
2026-09-06 01:20:00,129.1,0,54,66.6,1,0,0
2026-09-06 01:25:00,128.1,0,57,67.5,1,0,0
2026-09-06 01:30:00,130.6,0,54,66.0,1,0,0
2026-09-06 01:35:00,129.9,0,56,68.7,1,0,0
2026-09-06 01:40:00,126.7,0,57,66.7,1,0,0
2026-09-06 01:45:00,122.2,1,61,63.0,1,0,0
2026-09-06 01:50:00,123.6,0,56,66.3,1,0,0
2026-09-06 01:55:00,125.0,0,53,67.2,1,0,0
2026-09-06 02:00:00,124.8,1,55,65.9,1,0,0
2026-09-06 02:05:00,119.9,0,57,68.7,1,0,0
2026-09-06 02:10:00,119.2,0,60,69.0,1,0,0
2026-09-06 02:15:00,119.5,0,58,64.8,1,0,0
2026-09-06 02:20:00,118.1,0,54,63.3,1,0,0
2026-09-06 02:25:00,121.9,1,57,66.1,1,0,0
2026-09-06 02:30:00,121.5,0,53,66.5,1,0,0
2026-09-06 02:35:00,126.5,1,52,65.2,1,0,0
2026-09-06 02:40:00,129.5,0,54,64.8,1,0,0
2026-09-06 02:45:00,126.6,1,59,62.8,1,0,0
2026-09-06 02:50:00,123.9,1,54,64.8,1,0,0
2026-09-06 02:55:00,126.9,0,53,65.4,1,0,0
2026-09-06 03:00:00,125.5,0,51,62.1,1,0,0
2026-09-06 03:05:00,126.2,1,54,67.9,1,0,0
2026-09-06 03:10:00,125.1,0,54,63.1,1,0,0
2026-09-06 03:15:00,128.8,0,57,64.4,1,0,0
2026-09-06 03:20:00,130.5,0,59,65.5,1,0,0
2026-09-06 03:25:00,130.5,0,56,67.2,1,0,0
2026-09-06 03:30:00,131.2,1,56,68.1,1,0,0
2026-09-06 03:35:00,129.0,0,54,62.3,1,0,0
2026-09-06 03:40:00,128.5,1,55,67.4,1,0,0
2026-09-06 03:45:00,129.7,0,59,66.9,1,0,0
2026-09-06 03:50:00,134.3,0,58,65.1,1,0,0
2026-09-06 03:55:00,134.4,0,54,64.5,1,0,0
2026-09-06 04:00:00,133.0,0,59,65.4,1,0,0
2026-09-06 04:05:00,133.0,0,55,64.0,1,0,0
2026-09-06 04:10:00,132.6,0,56,64.4,1,0,0
2026-09-06 04:15:00,129.3,0,56,68.1,1,0,0
2026-09-06 04:20:00,127.4,1,57,66.3,1,0,0
2026-09-06 04:25:00,125.4,3,57,68.2,1,0,0
2026-09-06 04:30:00,129.3,0,58,64.9,1,0,0
2026-09-06 04:35:00,132.6,0,55,62.9,1,0,0
2026-09-06 04:40:00,129.8,0,55,65.1,1,0,0
2026-09-06 04:45:00,128.0,0,57,65.4,1,0,0
2026-09-06 04:50:00,129.9,1,58,65.2,1,0,0
2026-09-06 04:55:00,126.0,0,54,63.9,1,0,0
2026-09-06 05:00:00,127.0,0,56,66.2,1,0,0
2026-09-06 05:05:00,125.0,0,56,67.7,1,0,0
2026-09-06 05:10:00,126.8,0,54,64.7,1,0,0
2026-09-06 05:15:00,127.2,0,57,67.3,1,0,0
2026-09-06 05:20:00,126.6,0,56,62.3,1,0,0
2026-09-06 05:25:00,126.2,0,58,65.1,1,0,0
2026-09-06 05:30:00,124.0,0,56,67.4,1,0,0
2026-09-06 05:35:00,125.2,0,53,65.3,1,0,0
2026-09-06 05:40:00,126.3,1,56,67.4,1,0,0
2026-09-06 05:45:00,128.2,2,55,65.9,1,0,0
2026-09-06 05:50:00,131.5,0,57,65.2,1,0,0
2026-09-06 05:55:00,130.6,0,55,64.5,1,0,0
2026-09-06 06:00:00,131.0,0,54,68.1,1,0,0
2026-09-06 06:05:00,127.3,1,58,69.5,1,0,0
2026-09-06 06:10:00,125.2,0,55,68.2,1,0,0
2026-09-06 06:15:00,122.7,0,52,66.7,1,0,0
2026-09-06 06:20:00,124.8,1,56,67.2,1,0,0
2026-09-06 06:25:00,124.0,0,58,63.3,1,0,0
2026-09-06 06:30:00,128.8,0,55,63.8,1,0,0
2026-09-06 06:35:00,130.8,0,56,67.7,1,0,0
2026-09-06 06:40:00,129.7,0,55,67.4,1,0,0
2026-09-06 06:45:00,126.1,0,56,66.7,1,0,0
2026-09-06 06:50:00,126.0,0,54,65.4,1,0,0
2026-09-06 06:55:00,125.4,7,65,39.2,0,0,0
2026-09-06 07:00:00,128.0,8,65,42.3,0,0,0
2026-09-06 07:05:00,127.5,11,62,40.1,0,0,0
2026-09-06 07:10:00,125.4,18,66,40.6,0,0,0
2026-09-06 07:15:00,123.6,9,67,38.0,0,0,0
2026-09-06 07:20:00,121.3,4,63,39.2,0,0,0
2026-09-06 07:25:00,120.7,12,63,38.7,0,0,0
2026-09-06 07:30:00,121.7,16,66,43.6,0,0,0
2026-09-06 07:35:00,120.3,9,68,40.3,0,0,0
2026-09-06 07:40:00,122.5,14,66,38.4,0,0,0
2026-09-06 07:45:00,122.6,15,67,39.9,0,0,0
2026-09-06 07:50:00,124.8,8,63,42.1,0,0,0
2026-09-06 07:55:00,124.4,16,64,39.0,0,0,0
2026-09-06 08:00:00,127.5,9,61,39.4,0,0,0
2026-09-06 08:05:00,128.1,9,62,41.0,0,0,0
2026-09-06 08:10:00,128.7,14,64,39.0,0,0,0
2026-09-06 08:15:00,129.9,3,66,37.6,0,0,0
2026-09-06 08:20:00,131.2,16,67,42.4,0,0,0
2026-09-06 08:25:00,132.2,7,63,44.3,0,0,0
2026-09-06 08:30:00,132.0,7,69,40.5,0,31,50
2026-09-06 08:35:00,133.6,9,68,39.5,0,0,0
2026-09-06 08:40:00,138.5,2,64,38.9,0,0,0
2026-09-06 08:45:00,140.3,4,71,44.1,0,0,0
2026-09-06 08:50:00,141.5,17,67,43.2,0,0,0
2026-09-06 08:55:00,142.1,7,67,43.9,0,0,0
2026-09-06 09:00:00,141.3,11,61,39.8,0,0,0
2026-09-06 09:05:00,140.0,8,61,38.7,0,0,0
2026-09-06 09:10:00,139.8,7,66,40.5,0,0,0
2026-09-06 09:15:00,138.8,5,68,36.4,0,0,0
2026-09-06 09:20:00,141.1,10,61,40.6,0,0,0
2026-09-06 09:25:00,140.6,4,67,43.4,0,0,0
2026-09-06 09:30:00,138.3,3,64,35.6,0,0,0
2026-09-06 09:35:00,135.7,7,66,39.6,0,0,0
2026-09-06 09:40:00,135.3,10,65,39.4,0,0,0
2026-09-06 09:45:00,134.8,10,65,39.2,0,0,0
2026-09-06 09:50:00,132.5,4,60,38.9,0,0,0
2026-09-06 09:55:00,134.7,10,67,39.2,0,0,0
2026-09-06 10:00:00,135.0,8,61,41.0,0,0,0
2026-09-06 10:05:00,135.9,18,67,42.5,0,0,0
2026-09-06 10:10:00,134.1,7,68,40.5,0,0,0
2026-09-06 10:15:00,132.6,12,67,40.9,0,0,0
2026-09-06 10:20:00,128.3,3,68,41.3,0,0,0
2026-09-06 10:25:00,126.2,14,66,38.8,0,0,0
2026-09-06 10:30:00,127.2,10,66,38.7,0,0,0
2026-09-06 10:35:00,128.3,7,64,37.4,0,0,0
2026-09-06 10:40:00,128.5,3,66,42.7,0,0,0
2026-09-06 10:45:00,127.1,3,59,39.6,0,0,0
2026-09-06 10:50:00,127.4,7,67,41.1,0,0,0
2026-09-06 10:55:00,126.4,15,66,39.9,0,0,0
2026-09-06 11:00:00,126.3,7,65,42.0,0,0,0
2026-09-06 11:05:00,125.8,10,64,39.7,0,0,0
2026-09-06 11:10:00,127.2,9,68,43.2,0,0,0
2026-09-06 11:15:00,126.1,13,63,41.0,0,0,0
2026-09-06 11:20:00,126.6,9,64,43.5,0,0,0
2026-09-06 11:25:00,126.5,13,64,39.5,0,0,0
2026-09-06 11:30:00,126.5,12,66,39.2,0,0,0
2026-09-06 11:35:00,127.8,5,63,40.1,0,0,0
2026-09-06 11:40:00,127.7,4,65,42.0,0,0,0
2026-09-06 11:45:00,125.3,8,62,41.3,0,0,0
2026-09-06 11:50:00,124.1,7,64,39.3,0,0,0
2026-09-06 11:55:00,124.5,7,65,41.9,0,0,0
2026-09-06 12:00:00,125.2,6,65,40.2,0,0,0
2026-09-06 12:05:00,121.9,5,68,37.8,0,0,0
2026-09-06 12:10:00,119.7,1,64,39.7,0,0,0
2026-09-06 12:15:00,119.2,16,62,37.6,0,0,0
2026-09-06 12:20:00,120.0,14,64,41.8,0,0,0
2026-09-06 12:25:00,117.7,5,64,38.0,0,0,0
2026-09-06 12:30:00,115.0,16,66,42.6,0,0,0
2026-09-06 12:35:00,113.8,10,64,39.2,0,0,0
2026-09-06 12:40:00,114.0,10,62,39.4,0,0,0
2026-09-06 12:45:00,113.8,6,63,39.6,0,0,0
2026-09-06 12:50:00,115.9,10,62,42.5,0,0,0
2026-09-06 12:55:00,114.4,7,64,40.2,0,0,0
2026-09-06 13:00:00,115.9,513,96,40.6,0,0,0
2026-09-06 13:05:00,114.7,515,94,44.1,0,0,0
2026-09-06 13:10:00,114.9,509,95,41.2,0,93,70
2026-09-06 13:15:00,131.6,517,97,41.9,0,0,0
2026-09-06 13:20:00,143.2,10,70,41.8,0,0,0
2026-09-06 13:25:00,151.3,4,65,41.9,0,0,0
2026-09-06 13:30:00,157.7,6,67,41.0,0,0,0
2026-09-06 13:35:00,165.2,8,68,39.0,0,0,0
2026-09-06 13:40:00,168.4,5,64,40.1,0,0,0
2026-09-06 13:45:00,167.0,9,61,39.9,0,0,0
2026-09-06 13:50:00,165.6,17,61,42.4,0,0,0
2026-09-06 13:55:00,164.4,8,64,38.2,0,0,0
2026-09-06 14:00:00,164.5,3,66,38.3,0,0,0
2026-09-06 14:05:00,162.7,3,62,41.4,0,0,0
2026-09-06 14:10:00,160.1,10,67,42.2,0,0,0
2026-09-06 14:15:00,163.0,4,65,40.8,0,0,0
2026-09-06 14:20:00,164.8,4,61,39.0,0,0,0
2026-09-06 14:25:00,161.9,7,63,38.8,0,0,0
2026-09-06 14:30:00,157.2,9,68,42.1,0,0,0
2026-09-06 14:35:00,158.6,4,65,40.1,0,0,0
2026-09-06 14:40:00,160.1,10,60,38.7,0,0,0
2026-09-06 14:45:00,157.0,6,63,43.2,0,0,0
2026-09-06 14:50:00,155.1,18,67,42.3,0,0,0
2026-09-06 14:55:00,154.8,9,67,39.8,0,0,0
2026-09-06 15:00:00,153.1,9,64,38.5,0,0,0
2026-09-06 15:05:00,151.3,1,61,39.4,0,0,0
2026-09-06 15:10:00,147.1,10,64,41.0,0,0,0
2026-09-06 15:15:00,145.0,10,60,39.8,0,0,0
2026-09-06 15:20:00,148.2,6,67,42.9,0,0,0
2026-09-06 15:25:00,144.2,5,62,38.8,0,0,0
2026-09-06 15:30:00,140.9,7,67,39.4,0,0,0
2026-09-06 15:35:00,138.2,11,66,39.8,0,0,0
2026-09-06 15:40:00,139.9,15,61,41.4,0,0,0
2026-09-06 15:45:00,137.5,10,64,37.9,0,0,0
2026-09-06 15:50:00,137.3,8,65,39.2,0,0,0
2026-09-06 15:55:00,135.5,5,65,37.8,0,0,0
2026-09-06 16:00:00,134.2,5,62,43.2,0,0,0
2026-09-06 16:05:00,130.5,9,64,38.9,0,0,0
2026-09-06 16:10:00,130.8,9,63,42.6,0,0,0
2026-09-06 16:15:00,127.5,8,65,40.3,0,0,0
2026-09-06 16:20:00,123.0,7,63,40.8,0,0,0
2026-09-06 16:25:00,125.2,5,68,36.8,0,0,0
2026-09-06 16:30:00,119.5,1,63,42.5,0,0,0
2026-09-06 16:35:00,121.2,5,62,40.0,0,0,0
2026-09-06 16:40:00,121.9,4,64,39.9,0,0,0
2026-09-06 16:45:00,121.2,13,70,40.5,0,0,0
2026-09-06 16:50:00,123.2,1,60,43.7,0,0,0
2026-09-06 16:55:00,125.8,7,64,41.3,0,0,0
2026-09-06 17:00:00,124.5,10,65,38.0,0,0,0
2026-09-06 17:05:00,123.2,11,65,40.0,0,0,0
2026-09-06 17:10:00,122.0,3,63,39.0,0,0,0
2026-09-06 17:15:00,124.2,1,65,40.2,0,51,80
2026-09-06 17:20:00,130.7,6,67,37.2,0,0,0
2026-09-06 17:25:00,135.1,5,65,42.7,0,0,0
2026-09-06 17:30:00,139.4,432,93,40.1,0,0,0
2026-09-06 17:35:00,140.8,429,90,37.7,0,0,0
2026-09-06 17:40:00,140.4,10,69,40.5,0,0,0
2026-09-06 17:45:00,142.7,8,62,38.2,0,0,0
2026-09-06 17:50:00,147.4,4,67,39.3,0,0,0
2026-09-06 17:55:00,151.0,11,64,37.2,0,0,0
2026-09-06 18:00:00,148.7,5,69,40.6,0,0,0
2026-09-06 18:05:00,148.8,6,66,41.7,0,0,0
2026-09-06 18:10:00,144.5,3,63,39.9,0,0,0
2026-09-06 18:15:00,143.1,8,65,38.6,0,0,0
2026-09-06 18:20:00,136.7,11,67,40.1,0,0,0
2026-09-06 18:25:00,135.7,11,66,36.3,0,0,0
2026-09-06 18:30:00,134.2,7,60,42.0,0,0,0
2026-09-06 18:35:00,134.9,3,64,43.4,0,0,0
2026-09-06 18:40:00,135.9,8,64,38.8,0,0,0
2026-09-06 18:45:00,131.3,7,60,41.8,0,0,0
2026-09-06 18:50:00,131.7,6,65,38.3,0,0,0
2026-09-06 18:55:00,132.9,11,68,41.0,0,0,0
2026-09-06 19:00:00,132.8,14,66,41.6,0,0,0
2026-09-06 19:05:00,128.4,14,67,39.0,0,0,0
2026-09-06 19:10:00,125.9,10,63,40.6,0,0,0
2026-09-06 19:15:00,126.5,8,65,42.2,0,0,0
2026-09-06 19:20:00,125.1,7,61,41.6,0,0,0
2026-09-06 19:25:00,128.2,26,65,40.1,0,0,0
2026-09-06 19:30:00,130.8,5,66,35.2,0,0,0
2026-09-06 19:35:00,131.6,8,64,42.4,0,0,0
2026-09-06 19:40:00,131.9,9,63,40.0,0,0,0
2026-09-06 19:45:00,131.6,16,66,39.1,0,0,0
2026-09-06 19:50:00,130.6,4,64,40.0,0,0,0
2026-09-06 19:55:00,127.3,10,66,38.0,0,0,0
2026-09-06 20:00:00,128.0,16,65,41.9,0,0,0
2026-09-06 20:05:00,128.1,5,63,41.6,0,0,0
2026-09-06 20:10:00,132.5,11,63,40.5,0,0,0
2026-09-06 20:15:00,133.6,11,63,42.0,0,0,0
2026-09-06 20:20:00,135.1,2,62,39.7,0,0,0
2026-09-06 20:25:00,134.7,8,66,40.5,0,0,0
2026-09-06 20:30:00,132.2,6,65,37.7,0,0,0
2026-09-06 20:35:00,130.2,9,64,41.2,0,0,0
2026-09-06 20:40:00,130.1,11,66,37.7,0,0,0
2026-09-06 20:45:00,126.0,6,65,43.2,0,0,0
2026-09-06 20:50:00,127.0,9,66,41.7,0,0,0
2026-09-06 20:55:00,129.5,5,67,40.9,0,0,0
2026-09-06 21:00:00,129.6,5,65,38.4,0,0,0
2026-09-06 21:05:00,126.3,3,65,39.4,0,0,0
2026-09-06 21:10:00,124.2,10,65,40.6,0,0,0
2026-09-06 21:15:00,120.9,4,65,39.0,0,0,0
2026-09-06 21:20:00,121.4,7,66,41.2,0,0,0
2026-09-06 21:25:00,117.7,6,66,39.3,0,0,0
2026-09-06 21:30:00,117.4,8,67,43.0,0,0,0
2026-09-06 21:35:00,117.6,2,65,42.1,0,48,50
2026-09-06 21:40:00,123.9,6,66,38.6,0,0,0
2026-09-06 21:45:00,129.0,9,68,41.8,0,0,0
2026-09-06 21:50:00,128.1,421,92,42.7,0,0,0
2026-09-06 21:55:00,129.6,422,91,44.7,0,0,0
2026-09-06 22:00:00,130.5,8,67,39.8,0,0,0
2026-09-06 22:05:00,130.9,6,61,40.6,0,0,0
2026-09-06 22:10:00,132.4,5,66,37.7,0,0,0
2026-09-06 22:15:00,133.7,2,66,41.6,0,0,0
2026-09-06 22:20:00,134.9,6,66,41.5,0,0,0
2026-09-06 22:25:00,136.8,8,58,40.4,0,0,0
2026-09-06 22:30:00,139.4,8,65,43.5,0,0,0
2026-09-06 22:35:00,137.6,11,62,40.6,0,0,0
2026-09-06 22:40:00,137.8,2,63,42.1,0,0,0
2026-09-06 22:45:00,132.0,24,67,40.7,0,0,0
2026-09-06 22:50:00,136.2,9,64,39.5,0,0,0
2026-09-06 22:55:00,133.2,14,63,39.0,0,0,0
2026-09-06 23:00:00,135.0,7,63,42.5,0,0,0
2026-09-06 23:05:00,132.8,9,65,39.1,0,0,0
2026-09-06 23:10:00,136.5,2,64,40.1,0,0,0
2026-09-06 23:15:00,137.1,16,65,39.8,0,0,0
2026-09-06 23:20:00,137.4,7,65,40.4,0,0,0
2026-09-06 23:25:00,134.4,8,62,41.2,0,0,0
2026-09-06 23:30:00,131.0,10,65,41.4,0,0,0
2026-09-06 23:35:00,132.1,17,68,41.7,0,0,0
2026-09-06 23:40:00,130.8,15,65,42.0,0,0,0
2026-09-06 23:45:00,129.3,7,66,35.5,0,0,0
2026-09-06 23:50:00,129.0,10,65,39.8,0,0,0
2026-09-06 23:55:00,126.3,19,68,42.8,0,0,0
2026-09-07 00:00:00,125.3,5,62,37.6,0,0,0
2026-09-07 00:05:00,126.9,14,67,40.7,0,0,0
2026-09-07 00:10:00,122.5,8,65,39.6,0,0,0
2026-09-07 00:15:00,125.1,12,64,39.6,0,0,0
2026-09-07 00:20:00,124.4,5,64,38.6,0,0,0
2026-09-07 00:25:00,123.9,19,65,38.2,0,0,0
2026-09-07 00:30:00,120.3,5,64,35.3,0,0,0
2026-09-07 00:35:00,119.1,11,66,39.4,0,0,0
2026-09-07 00:40:00,120.5,10,65,38.3,0,0,0
2026-09-07 00:45:00,119.3,3,65,43.0,0,0,0
2026-09-07 00:50:00,122.3,14,62,38.3,0,0,0
2026-09-07 00:55:00,122.3,9,66,39.3,0,0,0
2026-09-07 01:00:00,121.2,8,67,40.6,0,0,0
2026-09-07 01:05:00,119.6,19,64,39.5,0,0,0
2026-09-07 01:10:00,120.2,14,63,42.7,0,0,0
2026-09-07 01:15:00,117.5,11,60,39.3,0,0,0
2026-09-07 01:20:00,116.5,20,64,38.2,0,0,0
2026-09-07 01:25:00,118.8,8,69,39.2,0,0,0
2026-09-07 01:30:00,120.6,6,63,41.3,0,0,0
2026-09-07 01:35:00,124.1,5,63,40.0,0,0,0
2026-09-07 01:40:00,124.2,2,64,40.5,0,0,0
2026-09-07 01:45:00,125.7,10,65,39.0,0,0,0
2026-09-07 01:50:00,124.0,15,66,39.8,0,0,0
2026-09-07 01:55:00,123.3,0,59,66.1,1,0,0
2026-09-07 02:00:00,122.5,0,54,63.8,1,0,0
2026-09-07 02:05:00,118.3,0,56,67.2,1,0,0
2026-09-07 02:10:00,117.8,0,58,62.8,1,0,0
2026-09-07 02:15:00,118.6,0,62,66.9,1,0,0
2026-09-07 02:20:00,118.5,0,54,64.9,1,0,0
2026-09-07 02:25:00,117.4,0,57,69.3,1,0,0
2026-09-07 02:30:00,119.6,1,56,66.8,1,0,0
2026-09-07 02:35:00,118.3,1,60,65.3,1,0,0
2026-09-07 02:40:00,119.2,1,53,63.8,1,0,0
2026-09-07 02:45:00,116.5,0,57,67.6,1,0,0
2026-09-07 02:50:00,120.4,0,60,65.4,1,0,0
2026-09-07 02:55:00,120.5,0,57,67.4,1,0,0
2026-09-07 03:00:00,123.1,0,56,66.1,1,0,0
2026-09-07 03:05:00,123.4,0,53,67.1,1,0,0
2026-09-07 03:10:00,124.0,0,58,68.0,1,0,0
2026-09-07 03:15:00,126.5,0,55,64.8,1,0,0
2026-09-07 03:20:00,125.9,0,57,65.1,1,0,0
2026-09-07 03:25:00,121.7,1,52,65.6,1,0,0
2026-09-07 03:30:00,125.4,0,56,66.0,1,0,0
2026-09-07 03:35:00,126.2,0,55,64.7,1,0,0
2026-09-07 03:40:00,128.4,1,55,65.3,1,0,0
2026-09-07 03:45:00,129.3,0,55,65.6,1,0,0
2026-09-07 03:50:00,129.7,0,55,62.4,1,0,0
2026-09-07 03:55:00,129.9,2,59,67.3,1,0,0
2026-09-07 04:00:00,131.6,0,56,65.5,1,0,0
2026-09-07 04:05:00,130.6,0,54,64.8,1,0,0
2026-09-07 04:10:00,128.8,1,58,65.3,1,0,0
2026-09-07 04:15:00,128.8,0,53,65.6,1,0,0
2026-09-07 04:20:00,127.0,1,55,63.7,1,0,0
2026-09-07 04:25:00,124.2,0,59,64.3,1,0,0
2026-09-07 04:30:00,123.8,0,58,65.9,1,0,0
2026-09-07 04:35:00,123.1,1,57,64.0,1,0,0
2026-09-07 04:40:00,125.6,0,57,67.3,1,0,0
2026-09-07 04:45:00,126.1,0,57,64.9,1,0,0
2026-09-07 04:50:00,127.1,1,61,67.5,1,0,0
2026-09-07 04:55:00,130.7,0,55,63.2,1,0,0
2026-09-07 05:00:00,129.9,0,58,66.5,1,0,0
2026-09-07 05:05:00,128.2,0,56,64.9,1,0,0
2026-09-07 05:10:00,126.1,0,58,64.9,1,0,0
2026-09-07 05:15:00,125.3,0,57,65.5,1,0,0
2026-09-07 05:20:00,125.5,0,55,63.1,1,0,0
2026-09-07 05:25:00,124.1,1,54,63.7,1,0,0
2026-09-07 05:30:00,120.7,0,58,65.4,1,0,0
2026-09-07 05:35:00,123.2,0,55,65.1,1,0,0
2026-09-07 05:40:00,125.0,2,54,66.3,1,0,0
2026-09-07 05:45:00,128.7,0,58,68.5,1,0,0
2026-09-07 05:50:00,132.8,0,56,64.5,1,0,0
2026-09-07 05:55:00,136.8,0,55,63.9,1,0,0
2026-09-07 06:00:00,136.9,0,56,63.3,1,0,0
2026-09-07 06:05:00,138.3,0,56,65.8,1,0,0
2026-09-07 06:10:00,141.3,0,54,68.6,1,0,0
2026-09-07 06:15:00,140.2,0,56,64.2,1,0,0
2026-09-07 06:20:00,139.9,0,57,67.8,1,0,0
2026-09-07 06:25:00,137.5,8,66,39.5,0,0,0
2026-09-07 06:30:00,138.5,4,63,42.8,0,0,0
2026-09-07 06:35:00,138.7,8,63,39.1,0,0,0
2026-09-07 06:40:00,138.6,10,62,42.5,0,0,0
2026-09-07 06:45:00,137.1,13,67,38.2,0,0,0
2026-09-07 06:50:00,137.3,7,65,39.2,0,0,0
2026-09-07 06:55:00,134.2,6,66,42.2,0,0,0
2026-09-07 07:00:00,134.5,12,67,39.6,0,0,0
2026-09-07 07:05:00,133.9,13,65,40.0,0,0,0
2026-09-07 07:10:00,133.9,2,63,41.2,0,0,0
2026-09-07 07:15:00,133.1,7,63,41.2,0,0,0
2026-09-07 07:20:00,132.1,5,61,41.5,0,0,0
2026-09-07 07:25:00,129.6,8,63,41.0,0,0,0
2026-09-07 07:30:00,130.1,3,63,37.5,0,0,0
2026-09-07 07:35:00,131.4,4,60,40.7,0,0,0
2026-09-07 07:40:00,126.4,4,65,36.5,0,0,0
2026-09-07 07:45:00,128.7,12,65,39.1,0,0,0
2026-09-07 07:50:00,127.1,8,63,41.9,0,0,0
2026-09-07 07:55:00,126.4,7,63,41.6,0,0,0
2026-09-07 08:00:00,128.2,7,61,40.0,0,0,0
2026-09-07 08:05:00,127.9,2,67,38.9,0,63,78
2026-09-07 08:10:00,138.5,11,67,40.6,0,0,0
2026-09-07 08:15:00,145.7,7,68,41.9,0,0,0
2026-09-07 08:20:00,150.6,4,65,40.8,0,0,0
2026-09-07 08:25:00,154.4,6,67,39.5,0,0,0
2026-09-07 08:30:00,155.4,12,64,39.0,0,0,0
2026-09-07 08:35:00,158.5,15,68,40.2,0,0,0
2026-09-07 08:40:00,157.8,6,62,41.9,0,0,0
2026-09-07 08:45:00,154.7,5,62,41.7,0,0,0
2026-09-07 08:50:00,153.4,7,68,40.4,0,0,0
2026-09-07 08:55:00,153.3,9,63,36.8,0,0,0
2026-09-07 09:00:00,150.9,7,65,39.4,0,0,0
2026-09-07 09:05:00,152.7,10,64,37.9,0,0,0
2026-09-07 09:10:00,151.3,12,61,39.5,0,0,0
2026-09-07 09:15:00,151.2,10,64,39.4,0,0,0
2026-09-07 09:20:00,150.6,6,64,38.9,0,0,0
2026-09-07 09:25:00,150.3,4,66,40.0,0,0,0
2026-09-07 09:30:00,148.5,17,66,38.7,0,0,0
2026-09-07 09:35:00,144.6,10,64,39.5,0,0,0
2026-09-07 09:40:00,139.6,5,60,39.9,0,0,0
2026-09-07 09:45:00,139.6,4,65,41.5,0,0,0
2026-09-07 09:50:00,139.1,6,67,38.6,0,0,0
2026-09-07 09:55:00,140.5,13,62,39.8,0,0,0
2026-09-07 10:00:00,139.5,11,62,38.9,0,0,0
2026-09-07 10:05:00,142.7,5,65,39.1,0,0,0
2026-09-07 10:10:00,140.7,11,67,39.5,0,0,0
2026-09-07 10:15:00,138.2,13,68,39.9,0,0,0
2026-09-07 10:20:00,135.7,3,64,40.0,0,0,0
2026-09-07 10:25:00,137.2,8,61,42.2,0,0,0
2026-09-07 10:30:00,135.1,14,65,40.9,0,0,0
2026-09-07 10:35:00,130.2,9,64,41.1,0,0,0
2026-09-07 10:40:00,127.9,7,66,40.4,0,0,0
2026-09-07 10:45:00,128.0,5,62,35.1,0,0,0
2026-09-07 10:50:00,128.2,11,63,40.1,0,0,0
2026-09-07 10:55:00,125.0,5,63,38.1,0,0,0
2026-09-07 11:00:00,125.7,7,66,41.2,0,0,0
2026-09-07 11:05:00,127.1,7,66,43.4,0,0,0
2026-09-07 11:10:00,126.1,11,67,37.2,0,0,0
2026-09-07 11:15:00,125.6,3,66,38.3,0,0,0
2026-09-07 11:20:00,125.3,8,64,39.2,0,0,0
2026-09-07 11:25:00,124.7,7,65,38.4,0,0,0
2026-09-07 11:30:00,124.2,8,66,38.3,0,0,0
2026-09-07 11:35:00,125.3,6,66,39.8,0,0,0
2026-09-07 11:40:00,125.4,7,63,37.0,0,0,0
2026-09-07 11:45:00,127.2,12,64,36.4,0,0,0
2026-09-07 11:50:00,125.8,6,64,38.9,0,0,0
2026-09-07 11:55:00,126.5,15,66,41.2,0,0,0
2026-09-07 12:00:00,128.2,9,65,41.7,0,0,0
2026-09-07 12:05:00,126.5,9,67,42.6,0,0,0
2026-09-07 12:10:00,127.9,8,66,41.5,0,0,0
2026-09-07 12:15:00,125.5,7,68,38.3,0,0,0
2026-09-07 12:20:00,125.3,2,66,40.6,0,0,0
2026-09-07 12:25:00,127.8,3,66,44.3,0,0,0
2026-09-07 12:30:00,128.7,11,64,38.1,0,0,0
2026-09-07 12:35:00,130.8,6,64,42.8,0,0,0
2026-09-07 12:40:00,129.7,8,65,43.0,0,0,0
2026-09-07 12:45:00,131.0,3,64,42.6,0,0,0
2026-09-07 12:50:00,128.2,3,65,40.5,0,0,0
2026-09-07 12:55:00,129.3,9,64,40.5,0,0,0
2026-09-07 13:00:00,129.7,4,64,42.6,0,0,0
2026-09-07 13:05:00,129.4,6,64,43.0,0,0,0
2026-09-07 13:10:00,126.4,10,68,38.6,0,60,68
2026-09-07 13:15:00,133.9,3,69,38.3,0,0,0
2026-09-07 13:20:00,141.0,24,68,37.1,0,0,0
2026-09-07 13:25:00,147.2,5,67,41.4,0,0,0
2026-09-07 13:30:00,150.4,4,71,36.7,0,0,0
2026-09-07 13:35:00,151.2,6,67,38.4,0,0,0
2026-09-07 13:40:00,156.1,3,65,38.9,0,0,0
2026-09-07 13:45:00,153.8,6,61,38.8,0,0,0
2026-09-07 13:50:00,155.4,3,64,43.7,0,0,0
2026-09-07 13:55:00,154.4,9,65,41.1,0,0,0
2026-09-07 14:00:00,157.6,23,63,38.3,0,0,0
2026-09-07 14:05:00,158.9,8,66,42.6,0,0,0
2026-09-07 14:10:00,158.9,13,65,42.7,0,0,0
2026-09-07 14:15:00,157.6,7,66,38.3,0,0,0
2026-09-07 14:20:00,155.9,17,63,40.8,0,0,0
2026-09-07 14:25:00,157.0,11,64,41.9,0,0,0
2026-09-07 14:30:00,154.8,5,65,39.8,0,0,0
2026-09-07 14:35:00,154.6,11,64,39.5,0,0,0
2026-09-07 14:40:00,153.5,13,65,38.3,0,0,0
2026-09-07 14:45:00,150.2,9,66,39.6,0,0,0
2026-09-07 14:50:00,151.9,8,66,40.3,0,0,0
2026-09-07 14:55:00,151.1,9,61,40.4,0,0,0
2026-09-07 15:00:00,145.3,4,64,37.4,0,0,0
2026-09-07 15:05:00,143.6,5,64,41.7,0,0,0
2026-09-07 15:10:00,141.5,4,67,42.2,0,0,0
2026-09-07 15:15:00,141.2,15,68,43.2,0,0,0
2026-09-07 15:20:00,142.6,12,63,40.6,0,0,0
2026-09-07 15:25:00,144.5,10,66,38.4,0,0,0
2026-09-07 15:30:00,142.6,14,64,38.6,0,0,0
2026-09-07 15:35:00,142.0,9,65,41.8,0,0,0
2026-09-07 15:40:00,143.5,5,63,41.2,0,0,0
2026-09-07 15:45:00,137.7,12,66,40.0,0,0,0
2026-09-07 15:50:00,133.6,8,65,36.2,0,0,0
2026-09-07 15:55:00,134.2,7,64,38.9,0,0,0
2026-09-07 16:00:00,134.4,7,66,40.5,0,0,0
2026-09-07 16:05:00,132.3,4,65,37.3,0,0,0
2026-09-07 16:10:00,133.2,21,64,40.4,0,0,0
2026-09-07 16:15:00,134.6,7,64,39.3,0,0,0
2026-09-07 16:20:00,131.1,8,65,40.8,0,0,0
2026-09-07 16:25:00,130.6,4,65,37.9,0,0,0
2026-09-07 16:30:00,130.2,7,67,39.4,0,0,0
2026-09-07 16:35:00,130.6,5,60,41.9,0,0,0
2026-09-07 16:40:00,128.2,14,64,41.4,0,0,0
2026-09-07 16:45:00,128.0,11,68,40.6,0,0,0
2026-09-07 16:50:00,124.3,9,62,45.7,0,0,0
2026-09-07 16:55:00,126.0,1,64,39.3,0,0,0
2026-09-07 17:00:00,124.9,22,69,41.4,0,0,0
2026-09-07 17:05:00,123.7,6,59,39.2,0,0,0
2026-09-07 17:10:00,123.8,23,64,37.9,0,0,0
2026-09-07 17:15:00,125.6,9,65,42.4,0,0,0
2026-09-07 17:20:00,125.6,4,64,41.2,0,0,0
2026-09-07 17:25:00,124.2,7,66,39.3,0,0,0
2026-09-07 17:30:00,119.2,5,68,40.1,0,0,0
2026-09-07 17:35:00,117.4,7,64,38.3,0,0,0
2026-09-07 17:40:00,119.2,12,63,39.4,0,0,0
2026-09-07 17:45:00,122.5,13,65,39.0,0,0,0
2026-09-07 17:50:00,124.3,5,63,36.5,0,0,0
2026-09-07 17:55:00,125.8,6,69,40.3,0,42,80
2026-09-07 18:00:00,133.5,10,68,37.8,0,0,0
2026-09-07 18:05:00,140.4,9,65,38.1,0,0,0
2026-09-07 18:10:00,143.4,11,67,44.0,0,0,0
2026-09-07 18:15:00,146.0,11,64,42.4,0,0,0
2026-09-07 18:20:00,147.1,13,68,41.1,0,0,0
2026-09-07 18:25:00,149.5,19,65,41.6,0,0,0
2026-09-07 18:30:00,148.2,9,68,41.1,0,0,0
2026-09-07 18:35:00,153.0,8,64,43.4,0,0,0
2026-09-07 18:40:00,154.7,5,64,37.4,0,0,0
2026-09-07 18:45:00,153.1,6,65,40.6,0,0,0
2026-09-07 18:50:00,151.8,7,66,40.5,0,0,0
2026-09-07 18:55:00,149.1,19,65,38.9,0,0,0
2026-09-07 19:00:00,145.1,7,65,41.3,0,0,0
2026-09-07 19:05:00,145.6,4,67,37.0,0,0,0
2026-09-07 19:10:00,144.1,9,63,40.1,0,0,0
2026-09-07 19:15:00,143.3,9,66,41.3,0,0,0
2026-09-07 19:20:00,145.8,7,64,40.7,0,0,0
2026-09-07 19:25:00,140.1,8,64,40.9,0,0,0
2026-09-07 19:30:00,138.7,5,63,43.4,0,0,0
2026-09-07 19:35:00,134.2,7,65,43.8,0,0,0
2026-09-07 19:40:00,130.3,9,66,39.7,0,0,0
2026-09-07 19:45:00,131.1,8,65,40.1,0,0,0
2026-09-07 19:50:00,127.9,11,63,39.0,0,0,0
2026-09-07 19:55:00,127.3,4,65,40.1,0,0,0
2026-09-07 20:00:00,129.5,13,66,36.3,0,0,0
2026-09-07 20:05:00,127.3,3,63,38.4,0,0,0
2026-09-07 20:10:00,128.5,342,85,41.6,0,0,0
2026-09-07 20:15:00,126.4,339,81,43.5,0,0,0
2026-09-07 20:20:00,125.3,346,85,40.4,0,0,0
2026-09-07 20:25:00,125.7,339,86,41.0,0,0,0
2026-09-07 20:30:00,129.4,5,63,43.7,0,0,0
2026-09-07 20:35:00,130.9,7,66,39.8,0,0,0
2026-09-07 20:40:00,127.7,7,62,41.9,0,0,0
2026-09-07 20:45:00,127.9,3,63,41.0,0,0,0
2026-09-07 20:50:00,127.8,11,66,41.1,0,0,0
2026-09-07 20:55:00,121.0,4,66,42.5,0,0,0
2026-09-07 21:00:00,119.0,5,63,40.1,0,0,0
2026-09-07 21:05:00,121.2,6,67,38.7,0,0,0
2026-09-07 21:10:00,121.4,8,64,40.2,0,0,0
2026-09-07 21:15:00,124.3,14,63,39.2,0,0,0
2026-09-07 21:20:00,125.1,5,67,39.3,0,0,0
2026-09-07 21:25:00,126.0,3,68,44.1,0,98,70
2026-09-07 21:30:00,139.5,9,68,39.6,0,0,0
2026-09-07 21:35:00,148.1,9,65,39.9,0,0,0
2026-09-07 21:40:00,155.3,8,69,38.8,0,0,0
2026-09-07 21:45:00,165.4,9,68,41.4,0,0,0
2026-09-07 21:50:00,170.7,2,66,40.6,0,0,0
2026-09-07 21:55:00,173.1,7,65,42.2,0,0,0
2026-09-07 22:00:00,177.9,12,63,38.6,0,0,0
2026-09-07 22:05:00,180.0,7,62,40.3,0,0,0
2026-09-07 22:10:00,178.0,5,66,41.0,0,0,0
2026-09-07 22:15:00,176.9,9,67,43.4,0,0,0
2026-09-07 22:20:00,177.8,11,65,40.8,0,0,0
2026-09-07 22:25:00,175.9,7,66,39.1,0,0,0
2026-09-07 22:30:00,177.7,6,66,38.7,0,0,0
2026-09-07 22:35:00,172.6,11,68,41.0,0,0,0
2026-09-07 22:40:00,171.6,7,68,39.7,0,0,0
2026-09-07 22:45:00,171.0,4,66,42.7,0,0,0
2026-09-07 22:50:00,170.0,2,68,40.3,0,0,0
2026-09-07 22:55:00,168.8,7,63,40.9,0,0,0
2026-09-07 23:00:00,163.1,17,61,41.3,0,0,0
2026-09-07 23:05:00,163.5,7,63,41.5,0,0,0
2026-09-07 23:10:00,158.8,18,65,38.7,0,0,0
2026-09-07 23:15:00,155.1,8,63,38.9,0,0,0
2026-09-07 23:20:00,153.2,5,65,43.6,0,0,0
2026-09-07 23:25:00,152.9,4,63,38.2,0,0,0
2026-09-07 23:30:00,148.3,10,63,40.3,0,0,0
2026-09-07 23:35:00,148.2,13,66,41.2,0,0,0
2026-09-07 23:40:00,142.4,6,64,37.1,0,0,0
2026-09-07 23:45:00,143.0,5,64,38.0,0,0,0
2026-09-07 23:50:00,140.5,7,65,35.5,0,0,0
2026-09-07 23:55:00,139.2,4,63,44.3,0,0,0
2026-09-08 00:00:00,150.2,0,54,61.1,1,0,0
2026-09-08 00:05:00,149.8,0,54,61.3,1,0,0
2026-09-08 00:10:00,148.1,0,57,59.8,1,0,0
2026-09-08 00:15:00,148.8,0,56,62.1,1,0,0
2026-09-08 00:20:00,149.4,1,57,58.3,1,0,0
2026-09-08 00:25:00,153.0,0,56,61.5,1,0,0
2026-09-08 00:30:00,153.2,0,54,61.5,1,0,0
2026-09-08 00:35:00,156.7,0,53,60.3,1,0,0
2026-09-08 00:40:00,154.5,0,56,60.1,1,0,0
2026-09-08 00:45:00,155.5,0,56,60.5,1,0,0
2026-09-08 00:50:00,151.2,0,56,59.8,1,0,0
2026-09-08 00:55:00,151.2,0,55,56.9,1,0,0
2026-09-08 01:00:00,147.1,0,56,58.3,1,0,0
2026-09-08 01:05:00,145.0,0,57,60.8,1,0,0
2026-09-08 01:10:00,142.8,0,57,60.1,1,0,0
2026-09-08 01:15:00,139.1,0,55,60.3,1,0,0
2026-09-08 01:20:00,137.5,0,55,57.9,1,0,0
2026-09-08 01:25:00,141.9,0,57,62.6,1,0,0
2026-09-08 01:30:00,141.5,0,56,59.7,1,0,0
2026-09-08 01:35:00,140.7,0,53,60.1,1,0,0
2026-09-08 01:40:00,140.2,0,52,61.8,1,0,0
2026-09-08 01:45:00,139.0,1,58,60.0,1,0,0
2026-09-08 01:50:00,139.7,0,57,58.9,1,0,0
2026-09-08 01:55:00,138.2,0,55,60.7,1,0,0
2026-09-08 02:00:00,137.2,0,53,60.7,1,0,0
2026-09-08 02:05:00,137.6,0,56,54.0,1,0,0
2026-09-08 02:10:00,139.3,0,59,58.6,1,0,0
2026-09-08 02:15:00,137.9,0,55,60.3,1,0,0
2026-09-08 02:20:00,139.1,0,53,59.7,1,0,0
2026-09-08 02:25:00,140.8,0,53,58.3,1,0,0
2026-09-08 02:30:00,140.2,0,57,58.8,1,0,0
2026-09-08 02:35:00,140.5,0,57,63.5,1,0,0
2026-09-08 02:40:00,140.9,0,60,61.2,1,0,0
2026-09-08 02:45:00,140.2,0,51,60.2,1,0,0
2026-09-08 02:50:00,136.3,0,55,58.3,1,0,0
2026-09-08 02:55:00,136.8,2,57,56.2,1,0,0
2026-09-08 03:00:00,137.4,0,55,61.1,1,0,0
2026-09-08 03:05:00,137.9,0,53,58.1,1,0,0
2026-09-08 03:10:00,138.9,0,55,59.5,1,0,0
2026-09-08 03:15:00,136.2,2,56,60.7,1,0,0
2026-09-08 03:20:00,138.5,0,55,60.9,1,0,0
2026-09-08 03:25:00,135.7,1,54,60.9,1,0,0
2026-09-08 03:30:00,134.8,0,52,60.6,1,0,0
2026-09-08 03:35:00,137.8,0,52,61.9,1,0,0
2026-09-08 03:40:00,135.9,0,56,61.0,1,0,0
2026-09-08 03:45:00,136.9,0,52,61.6,1,0,0
2026-09-08 03:50:00,139.9,0,52,58.1,1,0,0
2026-09-08 03:55:00,137.0,1,54,55.8,1,0,0
2026-09-08 04:00:00,136.5,0,53,59.4,1,0,0
2026-09-08 04:05:00,141.9,0,59,60.2,1,0,0
2026-09-08 04:10:00,142.5,1,55,58.4,1,0,0
2026-09-08 04:15:00,140.4,0,55,58.8,1,0,0
2026-09-08 04:20:00,143.0,2,56,60.6,1,0,0
2026-09-08 04:25:00,144.1,1,53,58.7,1,0,0
2026-09-08 04:30:00,142.6,1,57,60.5,1,0,0
2026-09-08 04:35:00,145.1,0,56,61.3,1,0,0
2026-09-08 04:40:00,146.4,0,54,58.2,1,0,0
2026-09-08 04:45:00,144.9,1,53,60.7,1,0,0
2026-09-08 04:50:00,146.4,0,52,58.6,1,0,0
2026-09-08 04:55:00,141.2,0,58,56.7,1,0,0
2026-09-08 05:00:00,140.2,0,55,59.7,1,0,0
2026-09-08 05:05:00,139.1,1,52,59.7,1,0,0
2026-09-08 05:10:00,139.7,0,57,59.3,1,0,0
2026-09-08 05:15:00,141.1,0,56,60.6,1,0,0
2026-09-08 05:20:00,141.1,1,60,58.8,1,0,0
2026-09-08 05:25:00,141.8,0,58,60.0,1,0,0
2026-09-08 05:30:00,142.3,0,56,61.9,1,0,0
2026-09-08 05:35:00,140.3,0,56,59.3,1,0,0
2026-09-08 05:40:00,140.3,0,56,58.3,1,0,0
2026-09-08 05:45:00,139.9,1,57,61.0,1,0,0
2026-09-08 05:50:00,143.3,2,58,60.7,1,0,0
2026-09-08 05:55:00,141.5,2,59,59.9,1,0,0
2026-09-08 06:00:00,140.6,0,55,58.1,1,0,0
2026-09-08 06:05:00,141.9,0,56,59.3,1,0,0
2026-09-08 06:10:00,141.9,17,63,35.9,0,0,0
2026-09-08 06:15:00,143.2,10,62,38.7,0,0,0
2026-09-08 06:20:00,141.4,2,64,34.2,0,0,0
2026-09-08 06:25:00,140.3,8,64,33.3,0,0,0
2026-09-08 06:30:00,142.4,4,65,35.7,0,0,0
2026-09-08 06:35:00,143.7,12,64,37.0,0,0,0
2026-09-08 06:40:00,145.0,6,68,36.7,0,0,0
2026-09-08 06:45:00,141.3,16,63,37.6,0,0,0
2026-09-08 06:50:00,141.3,9,65,36.5,0,0,0
2026-09-08 06:55:00,142.2,2,64,38.0,0,0,0
2026-09-08 07:00:00,141.4,9,66,33.6,0,0,0
2026-09-08 07:05:00,142.8,6,65,39.0,0,0,0
2026-09-08 07:10:00,140.4,36,66,35.0,0,0,0
2026-09-08 07:15:00,143.1,14,64,33.2,0,0,0
2026-09-08 07:20:00,144.0,14,61,36.6,0,0,0
2026-09-08 07:25:00,143.9,8,63,37.5,0,0,0
2026-09-08 07:30:00,144.2,9,65,37.1,0,0,0
2026-09-08 07:35:00,143.8,14,65,36.7,0,0,0
2026-09-08 07:40:00,143.6,8,64,36.2,0,0,0
2026-09-08 07:45:00,143.3,11,68,35.9,0,0,0
2026-09-08 07:50:00,140.3,2,67,38.5,0,0,0
2026-09-08 07:55:00,138.9,11,65,36.3,0,0,0
2026-09-08 08:00:00,140.2,12,66,36.2,0,0,0
2026-09-08 08:05:00,141.2,3,65,35.0,0,0,0
2026-09-08 08:10:00,140.9,9,62,35.9,0,0,0
2026-09-08 08:15:00,140.0,6,61,40.5,0,0,0
2026-09-08 08:20:00,138.7,6,67,35.8,0,0,0
2026-09-08 08:25:00,142.9,5,63,37.2,0,0,0
2026-09-08 08:30:00,144.7,5,65,36.4,0,0,0
2026-09-08 08:35:00,141.8,2,66,35.4,0,0,0
2026-09-08 08:40:00,141.4,5,65,35.3,0,0,0
2026-09-08 08:45:00,140.3,9,65,38.0,0,0,0
2026-09-08 08:50:00,140.5,9,62,38.9,0,0,0
2026-09-08 08:55:00,136.9,8,66,36.4,0,0,0
2026-09-08 09:00:00,136.2,1,63,35.7,0,0,0
2026-09-08 09:05:00,138.9,12,66,34.8,0,0,0
2026-09-08 09:10:00,143.1,6,67,35.4,0,0,0
2026-09-08 09:15:00,139.8,2,64,39.0,0,0,0
2026-09-08 09:20:00,140.7,5,65,35.7,0,0,0
2026-09-08 09:25:00,141.0,2,68,36.7,0,0,0
2026-09-08 09:30:00,141.2,7,66,34.0,0,0,0
2026-09-08 09:35:00,140.5,6,64,36.5,0,0,0
2026-09-08 09:40:00,141.2,6,66,40.3,0,0,0
2026-09-08 09:45:00,141.4,15,65,38.7,0,0,0
2026-09-08 09:50:00,142.8,7,59,36.4,0,0,0
2026-09-08 09:55:00,141.7,12,67,35.7,0,0,0
2026-09-08 10:00:00,139.5,8,64,36.0,0,0,0
2026-09-08 10:05:00,142.7,10,64,37.9,0,0,0
2026-09-08 10:10:00,140.9,5,64,40.4,0,0,0
2026-09-08 10:15:00,143.9,6,64,39.1,0,0,0
2026-09-08 10:20:00,144.0,8,66,36.3,0,0,0
2026-09-08 10:25:00,140.7,5,64,38.9,0,0,0
2026-09-08 10:30:00,140.7,336,87,36.6,0,0,0
2026-09-08 10:35:00,141.9,342,90,34.0,0,0,0
2026-09-08 10:40:00,139.1,335,82,34.8,0,0,0
2026-09-08 10:45:00,139.9,9,63,36.9,0,0,0
2026-09-08 10:50:00,138.1,8,65,40.2,0,0,0
2026-09-08 10:55:00,138.2,20,67,33.8,0,0,0
2026-09-08 11:00:00,142.1,10,65,38.3,0,0,0
2026-09-08 11:05:00,140.3,9,64,40.1,0,0,0
2026-09-08 11:10:00,139.8,8,64,32.4,0,0,0
2026-09-08 11:15:00,135.0,17,66,41.1,0,0,0
2026-09-08 11:20:00,137.2,9,63,39.0,0,0,0
2026-09-08 11:25:00,139.8,6,67,35.1,0,0,0
2026-09-08 11:30:00,137.4,7,65,36.9,0,0,0
2026-09-08 11:35:00,139.3,7,63,37.4,0,0,0
2026-09-08 11:40:00,136.5,8,64,33.7,0,0,0
2026-09-08 11:45:00,134.6,8,63,38.1,0,0,0
2026-09-08 11:50:00,131.2,8,65,37.8,0,0,0
2026-09-08 11:55:00,133.0,14,68,36.9,0,0,0
2026-09-08 12:00:00,134.0,10,68,35.6,0,0,0
2026-09-08 12:05:00,132.6,20,65,37.9,0,0,0
2026-09-08 12:10:00,134.4,5,62,35.8,0,0,0
2026-09-08 12:15:00,133.5,12,67,36.7,0,0,0
2026-09-08 12:20:00,137.5,6,67,37.1,0,0,0
2026-09-08 12:25:00,138.3,6,63,34.9,0,0,0
2026-09-08 12:30:00,141.6,12,64,33.6,0,0,0
2026-09-08 12:35:00,147.0,5,65,38.0,0,0,0
2026-09-08 12:40:00,144.5,10,65,35.3,0,0,0
2026-09-08 12:45:00,144.1,3,61,36.5,0,0,0
2026-09-08 12:50:00,141.8,13,61,36.1,0,0,0
2026-09-08 12:55:00,141.8,24,68,34.0,0,0,0
2026-09-08 13:00:00,140.4,6,65,36.4,0,0,0
2026-09-08 13:05:00,143.3,8,65,33.5,0,0,0
2026-09-08 13:10:00,145.4,15,65,33.2,0,0,0
2026-09-08 13:15:00,144.1,4,64,37.2,0,0,0
2026-09-08 13:20:00,144.0,5,64,35.3,0,0,0
2026-09-08 13:25:00,142.7,6,68,35.2,0,91,75
2026-09-08 13:30:00,152.1,6,64,34.4,0,0,0
2026-09-08 13:35:00,159.9,10,70,34.3,0,0,0
2026-09-08 13:40:00,163.3,331,88,35.1,0,0,0
2026-09-08 13:45:00,164.7,332,85,35.9,0,0,0
2026-09-08 13:50:00,168.5,12,67,37.6,0,0,0
2026-09-08 13:55:00,171.2,12,64,33.4,0,0,0
2026-09-08 14:00:00,170.0,5,64,37.7,0,0,0
2026-09-08 14:05:00,171.1,8,65,33.4,0,0,0
2026-09-08 14:10:00,171.6,4,61,34.5,0,0,0
2026-09-08 14:15:00,173.6,9,63,36.8,0,0,0
2026-09-08 14:20:00,173.3,2,65,32.8,0,0,0
2026-09-08 14:25:00,172.7,6,67,34.0,0,0,0
2026-09-08 14:30:00,173.9,3,68,33.8,0,0,0
2026-09-08 14:35:00,170.1,9,66,36.1,0,0,0
2026-09-08 14:40:00,163.8,18,64,37.2,0,0,0
2026-09-08 14:45:00,163.0,10,66,37.3,0,0,0
2026-09-08 14:50:00,162.4,14,65,35.4,0,0,0
2026-09-08 14:55:00,160.1,7,63,33.3,0,0,0
2026-09-08 15:00:00,158.5,6,65,35.2,0,0,0
2026-09-08 15:05:00,162.1,4,62,36.0,0,0,0
2026-09-08 15:10:00,160.8,20,64,36.2,0,0,0
2026-09-08 15:15:00,160.3,6,66,38.6,0,0,0
2026-09-08 15:20:00,153.7,24,66,37.0,0,0,0
2026-09-08 15:25:00,156.1,9,62,38.5,0,0,0
2026-09-08 15:30:00,154.3,7,65,36.6,0,0,0
2026-09-08 15:35:00,153.8,9,66,36.5,0,0,0
2026-09-08 15:40:00,149.7,5,69,36.6,0,0,0
2026-09-08 15:45:00,147.9,23,69,36.6,0,0,0
2026-09-08 15:50:00,145.0,8,65,38.2,0,0,0
2026-09-08 15:55:00,143.3,8,63,37.8,0,0,0
2026-09-08 16:00:00,144.2,25,66,38.4,0,0,0
2026-09-08 16:05:00,141.7,6,66,36.2,0,0,0
2026-09-08 16:10:00,146.2,12,62,36.5,0,0,0
2026-09-08 16:15:00,145.8,3,62,35.2,0,0,0
2026-09-08 16:20:00,143.6,16,65,37.1,0,0,0
2026-09-08 16:25:00,142.4,9,63,35.9,0,0,0
2026-09-08 16:30:00,141.5,6,66,40.0,0,0,0
2026-09-08 16:35:00,141.3,8,59,36.1,0,0,0
2026-09-08 16:40:00,141.2,9,66,40.6,0,0,0
2026-09-08 16:45:00,142.5,11,67,37.8,0,0,0
2026-09-08 16:50:00,143.4,8,65,36.2,0,0,0
2026-09-08 16:55:00,140.3,7,67,36.4,0,0,0
2026-09-08 17:00:00,141.5,11,64,36.7,0,0,0
2026-09-08 17:05:00,140.4,7,62,36.9,0,0,0
2026-09-08 17:10:00,140.3,13,63,36.2,0,0,0
2026-09-08 17:15:00,137.4,10,63,38.2,0,0,0
2026-09-08 17:20:00,137.6,4,68,37.6,0,0,0
2026-09-08 17:25:00,137.2,10,64,34.7,0,0,0
2026-09-08 17:30:00,134.6,2,65,38.6,0,0,0
2026-09-08 17:35:00,135.2,18,64,41.7,0,0,0
2026-09-08 17:40:00,132.4,9,61,37.2,0,0,0
2026-09-08 17:45:00,130.2,5,65,38.8,0,0,0
2026-09-08 17:50:00,132.3,20,64,35.0,0,0,0
2026-09-08 17:55:00,136.0,3,67,37.5,0,25,65
2026-09-08 18:00:00,137.4,13,67,34.3,0,0,0
2026-09-08 18:05:00,140.8,13,69,36.8,0,0,0
2026-09-08 18:10:00,140.8,3,68,37.8,0,0,0
2026-09-08 18:15:00,144.4,7,67,39.0,0,0,0
2026-09-08 18:20:00,144.2,2,68,34.2,0,0,0
2026-09-08 18:25:00,146.4,15,68,38.3,0,0,0
2026-09-08 18:30:00,148.5,15,65,35.9,0,0,0
2026-09-08 18:35:00,147.5,11,61,35.8,0,0,0
2026-09-08 18:40:00,146.7,6,63,34.5,0,0,0
2026-09-08 18:45:00,148.7,11,65,37.4,0,0,0
2026-09-08 18:50:00,151.8,8,65,36.7,0,0,0
2026-09-08 18:55:00,148.3,4,58,40.9,0,0,0
2026-09-08 19:00:00,143.8,7,63,34.0,0,0,0
2026-09-08 19:05:00,144.1,9,65,33.9,0,0,0
2026-09-08 19:10:00,141.9,10,67,41.1,0,0,0
2026-09-08 19:15:00,140.5,9,66,35.9,0,0,0
2026-09-08 19:20:00,136.5,5,64,38.0,0,0,0
2026-09-08 19:25:00,136.2,14,61,37.4,0,0,0
2026-09-08 19:30:00,138.7,11,63,38.1,0,0,0
2026-09-08 19:35:00,139.8,17,64,32.8,0,0,0
2026-09-08 19:40:00,138.9,6,66,35.3,0,0,0
2026-09-08 19:45:00,138.9,6,63,38.6,0,0,0
2026-09-08 19:50:00,139.8,2,63,30.9,0,0,0
2026-09-08 19:55:00,138.3,6,66,38.1,0,0,0
2026-09-08 20:00:00,136.2,6,67,41.8,0,0,0
2026-09-08 20:05:00,140.2,13,67,34.8,0,0,0
2026-09-08 20:10:00,143.0,4,61,39.1,0,0,0
2026-09-08 20:15:00,143.3,5,65,34.2,0,0,0
2026-09-08 20:20:00,136.9,6,67,38.3,0,0,0
2026-09-08 20:25:00,138.5,10,67,30.4,0,0,0
2026-09-08 20:30:00,139.4,8,60,35.6,0,0,0
2026-09-08 20:35:00,137.9,22,65,33.6,0,0,0
2026-09-08 20:40:00,138.1,8,67,38.1,0,0,0
2026-09-08 20:45:00,143.1,7,63,36.1,0,0,0
2026-09-08 20:50:00,142.0,9,62,40.8,0,0,0
2026-09-08 20:55:00,137.2,7,66,37.5,0,0,0
2026-09-08 21:00:00,131.7,7,65,37.7,0,44,68
2026-09-08 21:05:00,138.2,10,66,37.4,0,0,0
2026-09-08 21:10:00,142.2,8,63,35.9,0,0,0
2026-09-08 21:15:00,147.4,475,94,36.5,0,0,0
2026-09-08 21:20:00,150.0,479,98,37.1,0,0,0
2026-09-08 21:25:00,148.2,12,69,33.3,0,0,0
2026-09-08 21:30:00,150.7,3,65,37.6,0,0,0
2026-09-08 21:35:00,152.5,11,65,36.4,0,0,0
2026-09-08 21:40:00,154.2,8,61,37.0,0,0,0
2026-09-08 21:45:00,152.8,18,63,37.8,0,0,0
2026-09-08 21:50:00,154.1,10,63,34.6,0,0,0
2026-09-08 21:55:00,149.7,4,67,35.8,0,0,0
2026-09-08 22:00:00,153.1,4,63,35.8,0,0,0
2026-09-08 22:05:00,153.4,12,63,39.5,0,0,0
2026-09-08 22:10:00,153.5,12,66,33.3,0,0,0
2026-09-08 22:15:00,152.2,12,67,36.0,0,0,0
2026-09-08 22:20:00,152.4,11,62,35.9,0,0,0
2026-09-08 22:25:00,157.5,10,67,34.9,0,0,0
2026-09-08 22:30:00,156.5,8,65,34.3,0,0,0
2026-09-08 22:35:00,151.8,5,69,35.4,0,0,0
2026-09-08 22:40:00,151.6,13,65,35.4,0,0,0
2026-09-08 22:45:00,150.1,9,63,38.5,0,0,0
2026-09-08 22:50:00,147.4,7,62,38.8,0,0,0
2026-09-08 22:55:00,149.0,1,61,37.0,0,0,0
2026-09-08 23:00:00,148.1,11,66,37.9,0,0,0
2026-09-08 23:05:00,146.3,5,70,37.9,0,0,0
2026-09-08 23:10:00,142.4,14,66,37.1,0,0,0
2026-09-08 23:15:00,138.5,15,66,35.8,0,0,0
2026-09-08 23:20:00,138.6,3,65,34.0,0,0,0
2026-09-08 23:25:00,138.9,4,62,37.3,0,0,0
2026-09-08 23:30:00,138.2,1,55,59.4,1,0,0
2026-09-08 23:35:00,139.3,1,58,56.4,1,0,0
2026-09-08 23:40:00,138.8,0,55,59.0,1,0,0
2026-09-08 23:45:00,137.4,0,56,58.5,1,0,0
2026-09-08 23:50:00,136.1,0,53,62.1,1,0,0
2026-09-08 23:55:00,133.3,0,57,62.4,1,0,0
2026-09-09 00:00:00,123.2,0,59,60.7,1,0,0
2026-09-09 00:05:00,124.7,0,59,63.4,1,0,0
2026-09-09 00:10:00,124.2,1,55,64.4,1,0,0
2026-09-09 00:15:00,124.2,0,58,62.8,1,0,0
2026-09-09 00:20:00,124.7,1,52,61.7,1,0,0
2026-09-09 00:25:00,124.2,1,61,64.4,1,0,0
2026-09-09 00:30:00,123.1,0,56,63.3,1,0,0
2026-09-09 00:35:00,121.4,0,53,60.6,1,0,0
2026-09-09 00:40:00,123.8,1,56,62.3,1,0,0
2026-09-09 00:45:00,124.7,0,57,62.0,1,0,0
2026-09-09 00:50:00,123.2,0,55,66.4,1,0,0
2026-09-09 00:55:00,120.6,0,53,64.3,1,0,0
2026-09-09 01:00:00,122.1,0,56,64.5,1,0,0
2026-09-09 01:05:00,122.7,0,54,63.7,1,0,0
2026-09-09 01:10:00,120.6,1,50,66.7,1,0,0
2026-09-09 01:15:00,121.0,0,59,60.3,1,0,0
2026-09-09 01:20:00,120.6,0,56,60.7,1,0,0
2026-09-09 01:25:00,120.6,0,55,63.0,1,0,0
2026-09-09 01:30:00,121.4,1,55,65.6,1,0,0
2026-09-09 01:35:00,125.6,0,53,64.7,1,0,0
2026-09-09 01:40:00,130.6,0,57,67.0,1,0,0
2026-09-09 01:45:00,135.4,0,56,63.4,1,0,0
2026-09-09 01:50:00,132.3,0,57,63.4,1,0,0
2026-09-09 01:55:00,130.9,0,52,65.4,1,0,0
2026-09-09 02:00:00,130.1,0,54,63.4,1,0,0
2026-09-09 02:05:00,126.0,0,58,60.0,1,0,0
2026-09-09 02:10:00,123.0,0,54,62.1,1,0,0
2026-09-09 02:15:00,121.0,1,57,61.9,1,0,0
2026-09-09 02:20:00,121.4,0,56,63.4,1,0,0
2026-09-09 02:25:00,121.1,0,57,62.0,1,0,0
2026-09-09 02:30:00,126.1,1,54,63.6,1,0,0
2026-09-09 02:35:00,128.1,0,57,65.0,1,0,0
2026-09-09 02:40:00,125.5,0,56,63.8,1,0,0
2026-09-09 02:45:00,127.1,0,57,66.8,1,0,0
2026-09-09 02:50:00,128.0,1,55,62.6,1,0,0
2026-09-09 02:55:00,127.9,0,57,64.7,1,0,0
2026-09-09 03:00:00,132.0,1,55,64.4,1,0,0
2026-09-09 03:05:00,135.4,0,57,65.0,1,0,0
2026-09-09 03:10:00,137.9,0,60,63.4,1,0,0
2026-09-09 03:15:00,135.5,0,58,68.8,1,0,0
2026-09-09 03:20:00,137.5,0,62,65.9,1,0,0
2026-09-09 03:25:00,141.4,0,58,65.2,1,0,0
2026-09-09 03:30:00,141.3,1,52,62.2,1,0,0
2026-09-09 03:35:00,140.0,0,55,67.7,1,0,0
2026-09-09 03:40:00,138.5,0,59,63.0,1,0,0
2026-09-09 03:45:00,136.9,0,56,66.3,1,0,0
2026-09-09 03:50:00,139.7,0,53,62.9,1,0,0
2026-09-09 03:55:00,136.7,0,58,61.6,1,0,0
2026-09-09 04:00:00,132.9,2,54,63.1,1,0,0
2026-09-09 04:05:00,131.4,1,57,60.8,1,0,0
2026-09-09 04:10:00,133.0,0,57,66.8,1,0,0
2026-09-09 04:15:00,136.1,2,55,63.5,1,0,0
2026-09-09 04:20:00,136.3,1,56,64.0,1,0,0
2026-09-09 04:25:00,138.0,0,51,63.4,1,0,0
2026-09-09 04:30:00,136.3,0,56,64.9,1,0,0
2026-09-09 04:35:00,134.0,0,55,64.3,1,0,0
2026-09-09 04:40:00,134.7,1,57,60.8,1,0,0
2026-09-09 04:45:00,135.1,0,54,66.1,1,0,0
2026-09-09 04:50:00,134.4,0,59,61.2,1,0,0
2026-09-09 04:55:00,133.5,1,59,62.4,1,0,0
2026-09-09 05:00:00,136.0,0,53,62.9,1,0,0
2026-09-09 05:05:00,134.0,0,55,66.7,1,0,0
2026-09-09 05:10:00,135.6,0,56,62.3,1,0,0
2026-09-09 05:15:00,140.6,0,57,63.3,1,0,0
2026-09-09 05:20:00,141.7,1,60,63.6,1,0,0
2026-09-09 05:25:00,139.9,1,57,64.1,1,0,0
2026-09-09 05:30:00,140.9,0,52,67.2,1,0,0
2026-09-09 05:35:00,138.9,0,59,65.3,1,0,0
2026-09-09 05:40:00,137.3,0,55,60.5,1,0,0
2026-09-09 05:45:00,138.7,0,58,60.9,1,0,0
2026-09-09 05:50:00,138.4,1,54,67.5,1,0,0
2026-09-09 05:55:00,139.4,0,53,61.0,1,0,0
2026-09-09 06:00:00,140.9,2,60,64.4,1,0,0
2026-09-09 06:05:00,139.9,0,54,64.7,1,0,0
2026-09-09 06:10:00,140.3,0,52,62.7,1,0,0
2026-09-09 06:15:00,140.5,0,55,65.2,1,0,0
2026-09-09 06:20:00,142.2,0,54,67.2,1,0,0
2026-09-09 06:25:00,140.3,4,65,40.5,0,0,0
2026-09-09 06:30:00,136.0,5,61,39.2,0,0,0
2026-09-09 06:35:00,137.3,17,63,37.4,0,0,0
2026-09-09 06:40:00,135.9,10,64,39.4,0,0,0
2026-09-09 06:45:00,134.0,9,66,38.0,0,0,0
2026-09-09 06:50:00,131.2,15,60,41.3,0,0,0
2026-09-09 06:55:00,131.3,6,61,40.9,0,0,0
2026-09-09 07:00:00,131.8,13,69,39.6,0,0,0
2026-09-09 07:05:00,132.6,18,66,37.9,0,0,0
2026-09-09 07:10:00,128.8,8,65,40.7,0,0,0
2026-09-09 07:15:00,126.6,3,67,40.2,0,0,0
2026-09-09 07:20:00,128.7,10,70,37.8,0,44,65
2026-09-09 07:25:00,136.2,5,69,39.2,0,0,0
2026-09-09 07:30:00,142.2,4,67,38.6,0,0,0
2026-09-09 07:35:00,146.8,7,71,36.4,0,0,0
2026-09-09 07:40:00,149.9,5,66,41.0,0,0,0
2026-09-09 07:45:00,151.4,11,68,37.1,0,0,0
2026-09-09 07:50:00,153.2,7,60,38.2,0,0,0
2026-09-09 07:55:00,156.2,10,65,39.7,0,0,0
2026-09-09 08:00:00,155.6,6,67,41.9,0,0,0
2026-09-09 08:05:00,156.9,9,66,38.7,0,0,0
2026-09-09 08:10:00,153.5,3,64,35.8,0,0,0
2026-09-09 08:15:00,149.8,11,67,35.4,0,0,0
2026-09-09 08:20:00,147.7,15,63,39.9,0,0,0
2026-09-09 08:25:00,148.2,6,63,34.5,0,0,0
2026-09-09 08:30:00,150.3,9,64,39.1,0,0,0
2026-09-09 08:35:00,149.9,5,60,40.7,0,0,0
2026-09-09 08:40:00,151.2,17,65,39.2,0,0,0
2026-09-09 08:45:00,148.8,13,64,39.2,0,0,0
2026-09-09 08:50:00,147.1,8,65,40.9,0,0,0
2026-09-09 08:55:00,143.1,10,66,37.2,0,0,0
2026-09-09 09:00:00,145.7,11,67,40.5,0,0,0
2026-09-09 09:05:00,141.5,9,64,40.6,0,0,0
2026-09-09 09:10:00,138.3,19,64,40.6,0,0,0
2026-09-09 09:15:00,137.8,10,63,39.1,0,0,0
2026-09-09 09:20:00,137.2,5,64,38.1,0,0,0
2026-09-09 09:25:00,133.4,15,65,42.8,0,0,0
2026-09-09 09:30:00,133.6,8,62,36.0,0,0,0
2026-09-09 09:35:00,133.3,14,66,37.4,0,0,0
2026-09-09 09:40:00,132.4,7,63,36.8,0,0,0
2026-09-09 09:45:00,131.2,10,62,36.8,0,0,0
2026-09-09 09:50:00,132.6,9,64,36.4,0,0,0
2026-09-09 09:55:00,131.4,20,64,38.7,0,0,0
2026-09-09 10:00:00,132.8,7,63,35.5,0,0,0
2026-09-09 10:05:00,133.7,7,64,41.6,0,0,0
2026-09-09 10:10:00,133.1,13,64,36.8,0,0,0
2026-09-09 10:15:00,132.7,7,63,38.3,0,0,0
2026-09-09 10:20:00,131.5,7,65,38.2,0,0,0
2026-09-09 10:25:00,131.5,11,63,38.8,0,0,0
2026-09-09 10:30:00,130.5,5,64,38.0,0,0,0
2026-09-09 10:35:00,132.0,14,65,37.2,0,0,0
2026-09-09 10:40:00,130.0,9,65,38.0,0,0,0
2026-09-09 10:45:00,128.6,6,62,41.2,0,0,0
2026-09-09 10:50:00,128.9,14,63,37.2,0,0,0
2026-09-09 10:55:00,128.2,17,68,36.6,0,0,0
2026-09-09 11:00:00,127.7,10,63,38.4,0,0,0
2026-09-09 11:05:00,127.7,15,62,38.2,0,0,0
2026-09-09 11:10:00,128.2,10,64,39.9,0,0,0
2026-09-09 11:15:00,125.4,13,64,38.1,0,0,0
2026-09-09 11:20:00,128.5,6,66,39.2,0,0,0
2026-09-09 11:25:00,128.5,9,66,37.6,0,0,0
2026-09-09 11:30:00,128.2,8,66,39.6,0,0,0
2026-09-09 11:35:00,129.8,10,67,39.0,0,0,0
2026-09-09 11:40:00,132.6,8,62,38.9,0,0,0
2026-09-09 11:45:00,132.5,14,65,37.2,0,0,0
2026-09-09 11:50:00,133.5,6,63,39.6,0,0,0
2026-09-09 11:55:00,132.6,6,61,40.6,0,0,0
2026-09-09 12:00:00,133.9,17,65,37.4,0,0,0
2026-09-09 12:05:00,134.9,7,63,42.0,0,0,0
2026-09-09 12:10:00,135.5,10,65,38.8,0,0,0
2026-09-09 12:15:00,135.2,3,64,37.4,0,0,0
2026-09-09 12:20:00,134.5,17,66,39.7,0,0,0
2026-09-09 12:25:00,136.0,8,63,39.8,0,0,0
2026-09-09 12:30:00,137.1,9,65,43.1,0,0,0
2026-09-09 12:35:00,137.5,9,65,40.0,0,0,0
2026-09-09 12:40:00,138.7,5,66,37.7,0,0,0
2026-09-09 12:45:00,137.3,8,69,38.5,0,0,0
2026-09-09 12:50:00,136.2,4,63,40.3,0,0,0
2026-09-09 12:55:00,134.7,4,63,36.5,0,0,0
2026-09-09 13:00:00,132.8,5,64,40.8,0,0,0
2026-09-09 13:05:00,131.2,14,71,37.1,0,0,0
2026-09-09 13:10:00,131.8,18,63,38.8,0,0,0
2026-09-09 13:15:00,130.2,7,60,38.3,0,0,0
2026-09-09 13:20:00,129.8,6,62,40.6,0,0,0
2026-09-09 13:25:00,131.1,2,68,33.9,0,86,75
2026-09-09 13:30:00,145.3,4,65,37.1,0,0,0
2026-09-09 13:35:00,155.2,3,66,38.2,0,0,0
2026-09-09 13:40:00,161.7,5,65,36.6,0,0,0
2026-09-09 13:45:00,168.2,6,68,39.8,0,0,0
2026-09-09 13:50:00,172.4,3,64,40.6,0,0,0
2026-09-09 13:55:00,175.8,6,62,38.4,0,0,0
2026-09-09 14:00:00,174.6,13,62,38.6,0,0,0
2026-09-09 14:05:00,175.0,19,63,35.9,0,0,0
2026-09-09 14:10:00,176.9,3,65,33.6,0,0,0
2026-09-09 14:15:00,177.4,10,66,40.7,0,0,0
2026-09-09 14:20:00,174.5,9,63,40.4,0,0,0
2026-09-09 14:25:00,174.6,12,65,38.5,0,0,0
2026-09-09 14:30:00,174.8,8,64,36.9,0,0,0
2026-09-09 14:35:00,171.5,8,63,39.7,0,0,0
2026-09-09 14:40:00,167.5,8,63,35.8,0,0,0
2026-09-09 14:45:00,167.6,3,63,35.3,0,0,0
2026-09-09 14:50:00,162.3,5,63,39.6,0,0,0
2026-09-09 14:55:00,160.1,4,65,40.7,0,0,0
2026-09-09 15:00:00,161.9,7,63,38.2,0,0,0
2026-09-09 15:05:00,162.4,11,64,37.6,0,0,0
2026-09-09 15:10:00,156.6,13,64,37.8,0,0,0
2026-09-09 15:15:00,156.9,7,63,36.6,0,0,0
2026-09-09 15:20:00,154.5,7,64,40.1,0,0,0
2026-09-09 15:25:00,152.1,6,67,40.6,0,0,0
2026-09-09 15:30:00,148.9,9,66,40.1,0,0,0
2026-09-09 15:35:00,147.9,8,65,37.4,0,0,0
2026-09-09 15:40:00,148.3,4,62,39.3,0,0,0
2026-09-09 15:45:00,147.1,10,68,37.8,0,0,0
2026-09-09 15:50:00,144.8,8,65,36.0,0,0,0
2026-09-09 15:55:00,146.2,17,61,37.8,0,0,0
2026-09-09 16:00:00,146.6,6,66,40.4,0,0,0
2026-09-09 16:05:00,140.0,3,62,38.9,0,0,0
2026-09-09 16:10:00,140.9,4,61,36.0,0,0,0
2026-09-09 16:15:00,146.9,6,61,39.9,0,0,0
2026-09-09 16:20:00,145.1,11,64,40.7,0,0,0
2026-09-09 16:25:00,144.4,9,65,39.4,0,0,0
2026-09-09 16:30:00,145.5,6,65,42.4,0,0,0
2026-09-09 16:35:00,142.6,9,64,41.9,0,0,0
2026-09-09 16:40:00,142.8,11,62,40.6,0,0,0
2026-09-09 16:45:00,141.4,4,64,40.6,0,0,0
2026-09-09 16:50:00,142.4,2,65,38.2,0,0,0
2026-09-09 16:55:00,139.3,13,65,38.5,0,0,0
2026-09-09 17:00:00,137.4,12,64,36.7,0,0,0
2026-09-09 17:05:00,136.9,6,66,37.5,0,0,0
2026-09-09 17:10:00,136.1,3,67,36.2,0,0,0
2026-09-09 17:15:00,137.3,10,67,37.7,0,0,0
2026-09-09 17:20:00,136.2,5,64,40.8,0,0,0
2026-09-09 17:25:00,135.5,4,60,39.0,0,0,0
2026-09-09 17:30:00,133.5,12,63,41.0,0,0,0
2026-09-09 17:35:00,132.3,13,64,40.2,0,0,0
2026-09-09 17:40:00,132.1,5,61,39.1,0,0,0
2026-09-09 17:45:00,131.7,25,69,34.7,0,25,65
2026-09-09 17:50:00,134.7,14,65,39.5,0,0,0
2026-09-09 17:55:00,135.1,9,66,39.5,0,0,0
2026-09-09 18:00:00,134.4,8,68,40.0,0,0,0
2026-09-09 18:05:00,139.1,8,67,41.4,0,0,0
2026-09-09 18:10:00,141.8,14,66,39.8,0,0,0
2026-09-09 18:15:00,141.3,3,65,40.2,0,0,0
2026-09-09 18:20:00,143.7,8,64,36.1,0,0,0
2026-09-09 18:25:00,144.2,13,64,40.5,0,0,0
2026-09-09 18:30:00,145.3,12,65,37.0,0,0,0
2026-09-09 18:35:00,141.8,8,64,39.6,0,0,0
2026-09-09 18:40:00,143.5,5,69,40.2,0,0,0
2026-09-09 18:45:00,139.8,12,64,34.9,0,0,0
2026-09-09 18:50:00,142.4,19,65,37.6,0,0,0
2026-09-09 18:55:00,137.2,17,63,41.4,0,0,0
2026-09-09 19:00:00,139.3,9,58,42.0,0,0,0
2026-09-09 19:05:00,137.3,5,64,38.7,0,0,0
2026-09-09 19:10:00,135.8,15,64,35.7,0,0,0
2026-09-09 19:15:00,139.2,5,64,40.4,0,0,0
2026-09-09 19:20:00,138.2,2,63,36.4,0,0,0
2026-09-09 19:25:00,135.8,20,67,37.3,0,0,0
2026-09-09 19:30:00,136.0,10,63,37.2,0,0,0
2026-09-09 19:35:00,135.0,6,64,41.1,0,0,0
2026-09-09 19:40:00,132.4,5,64,39.7,0,0,0
2026-09-09 19:45:00,130.2,5,65,38.7,0,0,0
2026-09-09 19:50:00,131.1,13,65,39.4,0,0,0
2026-09-09 19:55:00,129.8,10,67,34.8,0,0,0
2026-09-09 20:00:00,126.5,7,67,38.2,0,0,0
2026-09-09 20:05:00,128.3,5,67,44.3,0,0,0
2026-09-09 20:10:00,128.2,4,64,40.9,0,0,0
2026-09-09 20:15:00,127.6,4,60,37.6,0,0,0
2026-09-09 20:20:00,126.1,6,66,38.9,0,0,0
2026-09-09 20:25:00,131.6,2,63,39.5,0,0,0
2026-09-09 20:30:00,130.9,395,89,39.5,0,0,0
2026-09-09 20:35:00,132.5,398,87,36.3,0,0,0
2026-09-09 20:40:00,128.0,407,89,40.7,0,0,0
2026-09-09 20:45:00,127.5,397,87,38.7,0,0,0
2026-09-09 20:50:00,129.3,9,65,38.4,0,0,0
2026-09-09 20:55:00,130.4,3,61,39.9,0,0,0
2026-09-09 21:00:00,129.9,9,64,36.8,0,0,0
2026-09-09 21:05:00,125.8,10,65,39.9,0,0,0
2026-09-09 21:10:00,124.2,8,70,38.4,0,46,68
2026-09-09 21:15:00,132.5,9,68,38.4,0,0,0
2026-09-09 21:20:00,137.7,11,66,40.6,0,0,0
2026-09-09 21:25:00,143.3,6,67,39.0,0,0,0
2026-09-09 21:30:00,145.8,7,68,41.3,0,0,0
2026-09-09 21:35:00,149.2,14,65,42.0,0,0,0
2026-09-09 21:40:00,152.5,10,64,39.2,0,0,0
2026-09-09 21:45:00,154.8,6,63,38.1,0,0,0
2026-09-09 21:50:00,156.6,5,64,38.9,0,0,0
2026-09-09 21:55:00,155.8,6,61,38.6,0,0,0
2026-09-09 22:00:00,156.3,6,64,40.3,0,0,0
2026-09-09 22:05:00,155.4,11,63,40.4,0,0,0
2026-09-09 22:10:00,155.8,10,66,37.5,0,0,0
2026-09-09 22:15:00,159.2,13,64,38.3,0,0,0
2026-09-09 22:20:00,158.0,8,67,38.0,0,0,0
2026-09-09 22:25:00,151.9,5,64,39.2,0,0,0
2026-09-09 22:30:00,152.7,9,65,37.5,0,0,0
2026-09-09 22:35:00,154.1,1,66,36.2,0,0,0
2026-09-09 22:40:00,148.1,24,62,39.5,0,0,0
2026-09-09 22:45:00,145.7,6,63,39.9,0,0,0
2026-09-09 22:50:00,143.0,12,65,36.2,0,0,0
2026-09-09 22:55:00,144.5,4,63,41.4,0,0,0
2026-09-09 23:00:00,147.5,7,64,39.6,0,0,0
2026-09-09 23:05:00,148.8,12,65,43.2,0,0,0
2026-09-09 23:10:00,144.6,6,70,38.7,0,0,0
2026-09-09 23:15:00,144.2,9,63,38.1,0,0,0
2026-09-09 23:20:00,142.4,5,66,37.9,0,0,0
2026-09-09 23:25:00,143.6,2,61,38.4,0,0,0
2026-09-09 23:30:00,142.0,7,68,37.3,0,0,0
2026-09-09 23:35:00,142.7,5,61,39.9,0,0,0
2026-09-09 23:40:00,142.0,10,64,37.9,0,0,0
2026-09-09 23:45:00,142.9,16,64,42.3,0,0,0
2026-09-09 23:50:00,141.1,8,62,37.5,0,0,0
2026-09-09 23:55:00,140.4,7,66,37.7,0,0,0
2026-09-10 00:00:00,133.6,5,64,38.6,0,0,0
2026-09-10 00:05:00,136.6,2,63,38.5,0,0,0
2026-09-10 00:10:00,136.0,0,54,65.3,1,0,0
2026-09-10 00:15:00,132.9,2,57,65.8,1,0,0
2026-09-10 00:20:00,131.9,0,58,67.4,1,0,0
2026-09-10 00:25:00,132.7,0,56,68.3,1,0,0
2026-09-10 00:30:00,133.3,0,58,68.2,1,0,0
2026-09-10 00:35:00,134.6,0,56,64.6,1,0,0
2026-09-10 00:40:00,135.1,0,60,62.6,1,0,0
2026-09-10 00:45:00,134.1,1,54,67.5,1,0,0
2026-09-10 00:50:00,135.4,0,53,65.6,1,0,0
2026-09-10 00:55:00,135.6,0,58,66.3,1,0,0
2026-09-10 01:00:00,133.9,0,56,67.6,1,0,0
2026-09-10 01:05:00,132.6,0,54,65.1,1,0,0
2026-09-10 01:10:00,133.8,0,58,61.8,1,0,0
2026-09-10 01:15:00,134.1,0,56,65.2,1,0,0
2026-09-10 01:20:00,129.5,0,56,62.9,1,0,0
2026-09-10 01:25:00,130.1,0,56,70.1,1,0,0
2026-09-10 01:30:00,126.9,1,59,64.6,1,0,0
2026-09-10 01:35:00,123.6,0,56,61.5,1,0,0
2026-09-10 01:40:00,121.1,0,56,63.8,1,0,0
2026-09-10 01:45:00,121.0,0,58,66.1,1,0,0
2026-09-10 01:50:00,121.7,0,57,65.5,1,0,0
2026-09-10 01:55:00,123.2,0,56,65.3,1,0,0
2026-09-10 02:00:00,124.5,1,56,65.6,1,0,0
2026-09-10 02:05:00,121.9,0,61,62.6,1,0,0
2026-09-10 02:10:00,125.6,0,55,63.8,1,0,0
2026-09-10 02:15:00,124.2,0,58,66.7,1,0,0
2026-09-10 02:20:00,125.4,0,58,65.4,1,0,0
2026-09-10 02:25:00,122.1,0,56,64.9,1,0,0
2026-09-10 02:30:00,123.7,0,54,66.9,1,0,0
2026-09-10 02:35:00,121.2,0,59,65.1,1,0,0
2026-09-10 02:40:00,123.8,0,54,64.3,1,0,0
2026-09-10 02:45:00,121.2,1,60,64.3,1,0,0
2026-09-10 02:50:00,124.1,0,57,66.8,1,0,0
2026-09-10 02:55:00,124.5,0,60,66.6,1,0,0
2026-09-10 03:00:00,126.0,0,59,62.6,1,0,0
2026-09-10 03:05:00,125.7,0,56,65.9,1,0,0
2026-09-10 03:10:00,125.2,0,54,65.8,1,0,0
2026-09-10 03:15:00,124.3,0,55,65.3,1,0,0
2026-09-10 03:20:00,124.3,0,57,67.5,1,0,0
2026-09-10 03:25:00,121.9,0,56,62.3,1,0,0
2026-09-10 03:30:00,120.0,1,56,62.5,1,0,0
2026-09-10 03:35:00,119.9,0,60,68.0,1,0,0
2026-09-10 03:40:00,123.0,0,58,66.5,1,0,0
2026-09-10 03:45:00,121.9,0,57,64.4,1,0,0
2026-09-10 03:50:00,122.3,1,57,65.7,1,0,0
2026-09-10 03:55:00,124.4,1,58,64.5,1,0,0
2026-09-10 04:00:00,126.3,0,56,63.8,1,0,0
2026-09-10 04:05:00,123.6,0,58,66.2,1,0,0
2026-09-10 04:10:00,125.5,0,56,65.9,1,0,0
2026-09-10 04:15:00,125.4,0,54,66.4,1,0,0
2026-09-10 04:20:00,127.1,0,53,65.4,1,0,0
2026-09-10 04:25:00,127.5,0,54,62.5,1,0,0
2026-09-10 04:30:00,126.7,0,55,70.3,1,0,0
2026-09-10 04:35:00,127.0,0,53,63.6,1,0,0
2026-09-10 04:40:00,125.0,0,57,68.0,1,0,0
2026-09-10 04:45:00,127.4,0,58,63.1,1,0,0
2026-09-10 04:50:00,128.9,0,55,65.2,1,0,0
2026-09-10 04:55:00,127.4,0,56,67.4,1,0,0
2026-09-10 05:00:00,125.4,0,59,63.5,1,0,0
2026-09-10 05:05:00,126.9,2,59,68.4,1,0,0
2026-09-10 05:10:00,129.3,0,54,65.1,1,0,0
2026-09-10 05:15:00,134.3,0,57,65.9,1,0,0
2026-09-10 05:20:00,134.1,0,57,69.8,1,0,0
2026-09-10 05:25:00,132.7,0,57,67.9,1,0,0
2026-09-10 05:30:00,131.2,0,56,66.5,1,0,0
2026-09-10 05:35:00,128.3,1,60,64.4,1,0,0
2026-09-10 05:40:00,129.1,0,57,64.3,1,0,0
2026-09-10 05:45:00,129.9,0,57,64.9,1,0,0
2026-09-10 05:50:00,134.7,0,54,67.0,1,0,0
2026-09-10 05:55:00,129.9,0,55,70.6,1,0,0
2026-09-10 06:00:00,127.7,0,56,65.8,1,0,0
2026-09-10 06:05:00,128.5,0,56,67.1,1,0,0
2026-09-10 06:10:00,125.1,1,57,64.3,1,0,0
2026-09-10 06:15:00,124.8,0,50,66.7,1,0,0
2026-09-10 06:20:00,127.0,0,58,65.2,1,0,0
2026-09-10 06:25:00,128.5,1,52,61.6,1,0,0
2026-09-10 06:30:00,130.1,4,65,38.8,0,0,0
2026-09-10 06:35:00,128.6,6,64,42.9,0,0,0
2026-09-10 06:40:00,131.3,4,62,43.6,0,0,0
2026-09-10 06:45:00,133.7,9,66,41.2,0,0,0
2026-09-10 06:50:00,135.6,7,69,39.8,0,0,0
2026-09-10 06:55:00,132.0,3,63,40.2,0,0,0
2026-09-10 07:00:00,131.9,15,66,39.8,0,0,0
2026-09-10 07:05:00,130.0,9,65,41.0,0,0,0
2026-09-10 07:10:00,130.3,14,65,41.4,0,0,0
2026-09-10 07:15:00,131.3,11,67,43.0,0,0,0
2026-09-10 07:20:00,131.8,7,66,43.0,0,0,0
2026-09-10 07:25:00,133.2,7,65,43.3,0,0,0
2026-09-10 07:30:00,131.1,11,61,40.8,0,0,0
2026-09-10 07:35:00,132.2,5,63,42.1,0,0,0
2026-09-10 07:40:00,132.7,19,63,39.1,0,0,0
2026-09-10 07:45:00,131.6,13,63,37.7,0,0,0
2026-09-10 07:50:00,133.4,15,64,42.9,0,0,0
2026-09-10 07:55:00,136.8,24,71,40.8,0,57,70
2026-09-10 08:00:00,144.0,3,68,40.0,0,0,0
2026-09-10 08:05:00,147.2,10,67,40.2,0,0,0
2026-09-10 08:10:00,152.1,2,65,41.1,0,0,0
2026-09-10 08:15:00,155.6,11,69,39.4,0,0,0
2026-09-10 08:20:00,159.6,9,67,41.6,0,0,0
2026-09-10 08:25:00,161.8,7,65,42.0,0,0,0
2026-09-10 08:30:00,157.6,11,66,40.9,0,0,0
2026-09-10 08:35:00,161.7,0,63,40.3,0,0,0
2026-09-10 08:40:00,162.7,4,61,38.4,0,0,0
2026-09-10 08:45:00,161.5,7,65,43.5,0,0,0
2026-09-10 08:50:00,157.7,10,65,43.7,0,0,0
2026-09-10 08:55:00,156.7,5,66,40.4,0,0,0
2026-09-10 09:00:00,157.1,18,64,40.4,0,0,0
2026-09-10 09:05:00,156.1,3,65,40.0,0,0,0
2026-09-10 09:10:00,154.6,4,67,41.1,0,0,0
2026-09-10 09:15:00,153.4,9,66,40.2,0,0,0
2026-09-10 09:20:00,152.0,2,64,40.4,0,0,0
2026-09-10 09:25:00,147.7,8,66,38.0,0,0,0
2026-09-10 09:30:00,148.2,4,65,41.7,0,0,0
2026-09-10 09:35:00,144.8,19,65,40.3,0,0,0
2026-09-10 09:40:00,146.0,9,62,39.2,0,0,0
2026-09-10 09:45:00,145.3,8,64,38.4,0,0,0
2026-09-10 09:50:00,139.4,12,66,41.2,0,0,0
2026-09-10 09:55:00,140.5,12,64,39.4,0,0,0
2026-09-10 10:00:00,140.0,4,64,40.9,0,0,0
2026-09-10 10:05:00,138.1,9,60,42.6,0,0,0
2026-09-10 10:10:00,140.1,13,63,43.1,0,0,0
2026-09-10 10:15:00,139.3,5,63,39.0,0,0,0
2026-09-10 10:20:00,140.3,16,63,42.3,0,0,0
2026-09-10 10:25:00,141.7,15,65,38.8,0,0,0
2026-09-10 10:30:00,142.8,15,62,35.9,0,0,0
2026-09-10 10:35:00,137.9,8,64,44.9,0,0,0
2026-09-10 10:40:00,136.4,3,65,41.1,0,0,0
2026-09-10 10:45:00,138.7,10,64,39.8,0,0,0
2026-09-10 10:50:00,135.2,16,67,36.2,0,0,0
2026-09-10 10:55:00,137.4,4,60,41.2,0,0,0
2026-09-10 11:00:00,135.4,11,65,38.1,0,0,0
2026-09-10 11:05:00,134.0,8,65,41.9,0,0,0
2026-09-10 11:10:00,133.6,20,68,41.3,0,0,0
2026-09-10 11:15:00,130.0,11,65,43.5,0,0,0
2026-09-10 11:20:00,132.8,13,62,42.5,0,0,0
2026-09-10 11:25:00,129.6,8,64,42.6,0,0,0
2026-09-10 11:30:00,128.2,18,64,42.4,0,0,0
2026-09-10 11:35:00,128.4,16,63,40.9,0,0,0
2026-09-10 11:40:00,124.8,15,66,43.2,0,0,0
2026-09-10 11:45:00,123.2,17,65,39.1,0,0,0
2026-09-10 11:50:00,125.9,11,64,36.8,0,0,0
2026-09-10 11:55:00,124.5,9,65,42.5,0,0,0
2026-09-10 12:00:00,126.4,7,66,42.2,0,0,0
2026-09-10 12:05:00,128.0,11,69,39.6,0,0,0
2026-09-10 12:10:00,129.0,5,68,38.6,0,0,0
2026-09-10 12:15:00,128.1,20,70,38.2,0,0,0
2026-09-10 12:20:00,126.2,8,64,42.0,0,0,0
2026-09-10 12:25:00,126.4,16,64,42.5,0,0,0
2026-09-10 12:30:00,128.3,5,64,39.8,0,0,0
2026-09-10 12:35:00,129.9,7,69,39.1,0,0,0
2026-09-10 12:40:00,130.2,7,65,40.3,0,0,0
2026-09-10 12:45:00,126.2,11,64,42.3,0,0,0
2026-09-10 12:50:00,127.1,11,63,38.2,0,0,0
2026-09-10 12:55:00,127.9,5,63,41.0,0,0,0
2026-09-10 13:00:00,126.5,9,63,37.9,0,0,0
2026-09-10 13:05:00,127.0,8,64,41.5,0,0,0
2026-09-10 13:10:00,127.6,9,65,38.1,0,0,0
2026-09-10 13:15:00,125.7,12,66,38.7,0,0,0
2026-09-10 13:20:00,126.7,8,67,39.7,0,0,0
2026-09-10 13:25:00,126.3,12,66,41.7,0,0,0
2026-09-10 13:30:00,129.3,7,67,39.6,0,0,0
2026-09-10 13:35:00,133.0,11,60,42.8,0,0,0
2026-09-10 13:40:00,131.1,13,65,42.7,0,0,0
2026-09-10 13:45:00,129.8,6,62,42.2,0,0,0
2026-09-10 13:50:00,129.4,13,63,39.9,0,0,0
2026-09-10 13:55:00,128.3,6,67,42.0,0,0,0
2026-09-10 14:00:00,126.0,8,65,40.1,0,0,0
2026-09-10 14:05:00,128.1,17,70,38.3,0,64,55
2026-09-10 14:10:00,137.3,5,71,41.9,0,0,0
2026-09-10 14:15:00,140.1,487,100,43.5,0,0,0
2026-09-10 14:20:00,141.8,486,100,42.8,0,0,0
2026-09-10 14:25:00,141.3,486,98,39.6,0,0,0
2026-09-10 14:30:00,145.5,19,65,39.8,0,0,0
2026-09-10 14:35:00,148.2,4,65,40.9,0,0,0
2026-09-10 14:40:00,150.1,10,64,37.6,0,0,0
2026-09-10 14:45:00,146.4,8,63,41.8,0,0,0
2026-09-10 14:50:00,148.3,14,65,40.3,0,0,0
2026-09-10 14:55:00,149.6,7,65,41.0,0,0,0
2026-09-10 15:00:00,148.8,7,65,40.4,0,0,0
2026-09-10 15:05:00,147.6,14,63,41.3,0,0,0
2026-09-10 15:10:00,144.3,4,63,40.7,0,0,0
2026-09-10 15:15:00,142.1,4,64,41.8,0,0,0
2026-09-10 15:20:00,141.7,14,62,37.7,0,0,0
2026-09-10 15:25:00,140.1,4,62,39.4,0,0,0
2026-09-10 15:30:00,139.6,7,65,38.8,0,0,0
2026-09-10 15:35:00,138.9,8,61,37.5,0,0,0
2026-09-10 15:40:00,142.1,2,69,40.9,0,0,0
2026-09-10 15:45:00,140.1,9,63,40.4,0,0,0
2026-09-10 15:50:00,140.0,25,64,39.9,0,0,0
2026-09-10 15:55:00,138.5,12,63,39.2,0,0,0
2026-09-10 16:00:00,138.3,13,66,40.7,0,0,0
2026-09-10 16:05:00,139.0,7,69,42.5,0,0,0
2026-09-10 16:10:00,138.4,6,65,43.5,0,0,0
2026-09-10 16:15:00,139.6,6,66,42.0,0,0,0
2026-09-10 16:20:00,137.4,7,61,41.7,0,0,0
2026-09-10 16:25:00,138.9,23,62,41.9,0,0,0
2026-09-10 16:30:00,138.8,3,66,37.5,0,0,0
2026-09-10 16:35:00,138.0,16,64,39.9,0,0,0
2026-09-10 16:40:00,135.6,9,64,41.2,0,0,0
2026-09-10 16:45:00,132.6,7,63,38.7,0,0,0
2026-09-10 16:50:00,131.4,5,63,39.0,0,0,0
2026-09-10 16:55:00,131.6,7,62,38.0,0,0,0
2026-09-10 17:00:00,134.2,4,64,40.5,0,0,0
2026-09-10 17:05:00,135.2,15,62,42.5,0,0,0
2026-09-10 17:10:00,130.3,15,63,38.0,0,0,0
2026-09-10 17:15:00,134.2,6,63,42.5,0,0,0
2026-09-10 17:20:00,135.0,2,63,42.3,0,0,0
2026-09-10 17:25:00,133.9,9,64,41.4,0,0,0
2026-09-10 17:30:00,135.5,2,64,39.9,0,0,0
2026-09-10 17:35:00,133.6,6,66,42.8,0,0,0
2026-09-10 17:40:00,135.1,13,66,41.2,0,0,0
2026-09-10 17:45:00,136.6,6,62,37.9,0,0,0
2026-09-10 17:50:00,133.8,3,67,44.1,0,0,0
2026-09-10 17:55:00,135.1,3,66,39.5,0,0,0
2026-09-10 18:00:00,134.9,4,65,38.0,0,0,0
2026-09-10 18:05:00,134.3,13,68,39.8,0,46,80
2026-09-10 18:10:00,141.7,10,71,40.1,0,0,0
2026-09-10 18:15:00,146.7,8,68,40.6,0,0,0
2026-09-10 18:20:00,148.9,5,66,38.0,0,0,0
2026-09-10 18:25:00,151.1,13,67,38.9,0,0,0
2026-09-10 18:30:00,150.5,2,69,41.2,0,0,0
2026-09-10 18:35:00,149.4,12,61,37.2,0,0,0
2026-09-10 18:40:00,149.2,7,65,40.6,0,0,0
2026-09-10 18:45:00,148.8,7,65,41.2,0,0,0
2026-09-10 18:50:00,149.8,5,62,41.6,0,0,0
2026-09-10 18:55:00,146.7,8,62,34.7,0,0,0
2026-09-10 19:00:00,144.8,8,67,43.0,0,0,0
2026-09-10 19:05:00,145.0,6,64,39.8,0,0,0
2026-09-10 19:10:00,146.1,14,61,38.0,0,0,0
2026-09-10 19:15:00,149.8,6,65,37.9,0,0,0
2026-09-10 19:20:00,149.1,3,62,38.6,0,0,0
2026-09-10 19:25:00,148.2,10,65,44.5,0,0,0
2026-09-10 19:30:00,147.0,7,67,43.1,0,0,0
2026-09-10 19:35:00,147.6,3,63,39.2,0,0,0
2026-09-10 19:40:00,143.0,7,62,41.1,0,0,0
2026-09-10 19:45:00,140.9,10,66,39.2,0,0,0
2026-09-10 19:50:00,140.7,10,62,40.1,0,0,0
2026-09-10 19:55:00,144.0,14,63,41.9,0,0,0
2026-09-10 20:00:00,141.3,5,67,41.2,0,0,0
2026-09-10 20:05:00,139.8,5,63,41.3,0,0,0
2026-09-10 20:10:00,137.6,23,61,40.4,0,0,0
2026-09-10 20:15:00,137.1,6,66,40.2,0,0,0
2026-09-10 20:20:00,136.2,7,65,37.6,0,0,0
2026-09-10 20:25:00,135.1,4,63,39.7,0,0,0
2026-09-10 20:30:00,135.0,4,66,38.1,0,0,0
2026-09-10 20:35:00,131.8,6,66,38.2,0,0,0
2026-09-10 20:40:00,127.9,5,64,38.0,0,0,0
2026-09-10 20:45:00,124.4,4,65,42.3,0,50,50
2026-09-10 20:50:00,132.3,3,68,44.1,0,0,0
2026-09-10 20:55:00,137.0,18,67,41.0,0,0,0
2026-09-10 21:00:00,141.6,15,65,36.0,0,0,0
2026-09-10 21:05:00,145.4,9,71,45.4,0,0,0
2026-09-10 21:10:00,146.9,11,64,38.6,0,0,0
2026-09-10 21:15:00,148.6,21,68,39.1,0,0,0
2026-09-10 21:20:00,151.2,2,64,38.1,0,0,0
2026-09-10 21:25:00,155.0,3,62,40.8,0,0,0
2026-09-10 21:30:00,156.5,4,63,39.3,0,0,0
2026-09-10 21:35:00,152.3,6,60,41.1,0,0,0
2026-09-10 21:40:00,149.1,7,64,36.8,0,0,0
2026-09-10 21:45:00,148.1,9,64,40.6,0,0,0
2026-09-10 21:50:00,146.2,12,67,41.4,0,0,0
2026-09-10 21:55:00,140.8,10,65,42.7,0,0,0
2026-09-10 22:00:00,139.8,7,62,40.8,0,0,0
2026-09-10 22:05:00,136.5,6,65,39.2,0,0,0
2026-09-10 22:10:00,133.9,7,66,39.2,0,0,0
2026-09-10 22:15:00,137.7,6,67,39.8,0,0,0
2026-09-10 22:20:00,135.6,4,63,38.5,0,0,0
2026-09-10 22:25:00,135.3,3,65,36.8,0,0,0
2026-09-10 22:30:00,133.2,12,65,38.8,0,0,0
2026-09-10 22:35:00,134.2,11,66,44.4,0,0,0
2026-09-10 22:40:00,134.5,9,66,42.0,0,0,0
2026-09-10 22:45:00,130.8,4,65,39.1,0,0,0
2026-09-10 22:50:00,135.5,10,65,40.4,0,0,0
2026-09-10 22:55:00,136.6,2,61,39.9,0,0,0
2026-09-10 23:00:00,133.0,6,64,38.5,0,0,0
2026-09-10 23:05:00,132.2,12,66,41.3,0,0,0
2026-09-10 23:10:00,130.0,11,64,41.0,0,0,0
2026-09-10 23:15:00,131.0,5,66,35.2,0,0,0
2026-09-10 23:20:00,131.9,3,62,39.3,0,0,0
2026-09-10 23:25:00,131.0,10,64,43.1,0,0,0
2026-09-10 23:30:00,127.3,4,64,40.4,0,0,0
2026-09-10 23:35:00,127.2,7,65,41.2,0,0,0
2026-09-10 23:40:00,129.1,2,64,39.8,0,0,0
2026-09-10 23:45:00,131.2,7,65,42.3,0,0,0
2026-09-10 23:50:00,132.8,6,68,39.4,0,0,0
2026-09-10 23:55:00,131.1,11,63,40.3,0,0,0
2026-09-11 00:00:00,136.0,4,63,42.5,0,0,0
2026-09-11 00:05:00,136.5,5,65,37.7,0,0,0
2026-09-11 00:10:00,135.1,7,63,39.8,0,0,0
2026-09-11 00:15:00,133.7,0,54,67.6,1,0,0
2026-09-11 00:20:00,133.8,0,54,62.0,1,0,0
2026-09-11 00:25:00,131.7,0,53,63.4,1,0,0
2026-09-11 00:30:00,129.8,1,58,61.6,1,0,0
2026-09-11 00:35:00,128.9,0,56,61.7,1,0,0
2026-09-11 00:40:00,129.8,0,57,60.9,1,0,0
2026-09-11 00:45:00,127.2,1,57,60.6,1,0,0
2026-09-11 00:50:00,129.5,0,57,65.5,1,0,0
2026-09-11 00:55:00,131.8,0,56,62.8,1,0,0
2026-09-11 01:00:00,133.2,0,57,65.8,1,0,0
2026-09-11 01:05:00,132.4,0,57,64.1,1,0,0
2026-09-11 01:10:00,133.6,0,55,63.6,1,0,0
2026-09-11 01:15:00,129.6,0,56,62.0,1,0,0
2026-09-11 01:20:00,130.7,0,57,62.6,1,0,0
2026-09-11 01:25:00,130.3,1,51,68.1,1,0,0
2026-09-11 01:30:00,132.1,0,58,63.6,1,0,0
2026-09-11 01:35:00,128.6,2,58,63.0,1,0,0
2026-09-11 01:40:00,129.6,0,55,65.0,1,0,0
2026-09-11 01:45:00,126.7,0,56,64.8,1,0,0
2026-09-11 01:50:00,126.9,0,55,64.6,1,0,0
2026-09-11 01:55:00,129.0,0,55,64.3,1,0,0
2026-09-11 02:00:00,126.7,0,55,63.3,1,0,0
2026-09-11 02:05:00,132.3,0,55,67.6,1,0,0
2026-09-11 02:10:00,133.0,1,59,63.6,1,0,0
2026-09-11 02:15:00,132.7,0,56,65.6,1,0,0
2026-09-11 02:20:00,133.3,1,58,63.8,1,0,0
2026-09-11 02:25:00,132.1,1,55,63.0,1,0,0
2026-09-11 02:30:00,130.9,0,54,64.7,1,0,0
2026-09-11 02:35:00,132.4,0,51,62.1,1,0,0
2026-09-11 02:40:00,133.2,0,56,62.5,1,0,0
2026-09-11 02:45:00,134.8,0,58,63.9,1,0,0
2026-09-11 02:50:00,132.2,0,58,63.7,1,0,0
2026-09-11 02:55:00,130.4,0,54,64.6,1,0,0
2026-09-11 03:00:00,128.2,0,56,66.3,1,0,0
2026-09-11 03:05:00,128.8,0,56,62.1,1,0,0
2026-09-11 03:10:00,126.9,0,57,63.8,1,0,0
2026-09-11 03:15:00,127.8,1,55,64.3,1,0,0
2026-09-11 03:20:00,127.0,0,54,66.7,1,0,0
2026-09-11 03:25:00,126.9,0,57,62.9,1,0,0
2026-09-11 03:30:00,128.8,0,59,61.9,1,0,0
2026-09-11 03:35:00,127.7,1,56,68.7,1,0,0
2026-09-11 03:40:00,129.6,0,53,62.9,1,0,0
2026-09-11 03:45:00,130.7,0,58,61.7,1,0,0
2026-09-11 03:50:00,129.2,0,56,61.6,1,0,0
2026-09-11 03:55:00,128.1,0,58,64.1,1,0,0
2026-09-11 04:00:00,128.0,0,55,62.6,1,0,0
2026-09-11 04:05:00,130.4,0,55,62.2,1,0,0
2026-09-11 04:10:00,129.0,0,60,62.8,1,0,0
2026-09-11 04:15:00,131.1,0,54,66.3,1,0,0
2026-09-11 04:20:00,133.1,0,60,63.3,1,0,0
2026-09-11 04:25:00,132.2,0,59,63.1,1,0,0
2026-09-11 04:30:00,134.2,1,57,63.2,1,0,0
2026-09-11 04:35:00,133.3,0,55,67.4,1,0,0
2026-09-11 04:40:00,135.6,2,53,64.4,1,0,0
2026-09-11 04:45:00,131.7,0,55,64.3,1,0,0
2026-09-11 04:50:00,131.4,1,54,62.8,1,0,0
2026-09-11 04:55:00,131.3,0,53,61.0,1,0,0
2026-09-11 05:00:00,129.7,0,56,64.8,1,0,0
2026-09-11 05:05:00,131.5,0,57,66.3,1,0,0
2026-09-11 05:10:00,133.7,2,57,66.6,1,0,0
2026-09-11 05:15:00,135.0,0,54,61.9,1,0,0
2026-09-11 05:20:00,136.2,1,57,61.0,1,0,0
2026-09-11 05:25:00,137.8,0,55,63.7,1,0,0
2026-09-11 05:30:00,137.1,0,55,64.2,1,0,0
2026-09-11 05:35:00,137.3,1,55,62.3,1,0,0
2026-09-11 05:40:00,138.0,1,56,63.8,1,0,0
2026-09-11 05:45:00,137.5,0,52,64.2,1,0,0
2026-09-11 05:50:00,135.2,0,58,63.1,1,0,0
2026-09-11 05:55:00,133.6,1,55,63.7,1,0,0
2026-09-11 06:00:00,132.7,0,59,62.7,1,0,0
2026-09-11 06:05:00,132.9,0,55,67.2,1,0,0
2026-09-11 06:10:00,134.6,3,56,64.4,1,0,0
2026-09-11 06:15:00,137.2,0,55,66.6,1,0,0
2026-09-11 06:20:00,137.7,0,55,64.6,1,0,0
2026-09-11 06:25:00,137.6,2,59,63.2,1,0,0
2026-09-11 06:30:00,135.8,1,53,65.9,1,0,0
2026-09-11 06:35:00,135.1,1,53,63.6,1,0,0
2026-09-11 06:40:00,135.0,16,65,37.4,0,0,0
2026-09-11 06:45:00,137.3,10,65,37.9,0,0,0
2026-09-11 06:50:00,139.8,8,63,41.5,0,0,0
2026-09-11 06:55:00,137.8,8,65,39.9,0,0,0
2026-09-11 07:00:00,134.0,3,66,37.2,0,0,0
2026-09-11 07:05:00,132.4,18,67,39.8,0,0,0
2026-09-11 07:10:00,129.9,9,65,38.1,0,0,0
2026-09-11 07:15:00,130.9,6,63,37.8,0,0,0
2026-09-11 07:20:00,131.1,5,62,42.2,0,0,0
2026-09-11 07:25:00,129.2,12,63,41.4,0,0,0
2026-09-11 07:30:00,128.7,6,65,37.5,0,0,0
2026-09-11 07:35:00,129.8,6,65,39.8,0,0,0
2026-09-11 07:40:00,130.4,5,63,40.0,0,0,0
2026-09-11 07:45:00,130.7,2,65,40.1,0,0,0
2026-09-11 07:50:00,126.7,9,64,39.4,0,0,0
2026-09-11 07:55:00,126.7,10,64,40.4,0,0,0
2026-09-11 08:00:00,131.4,2,64,39.4,0,0,0
2026-09-11 08:05:00,127.6,15,65,38.9,0,0,0
2026-09-11 08:10:00,127.5,3,65,40.6,0,0,0
2026-09-11 08:15:00,125.9,6,64,41.3,0,0,0
2026-09-11 08:20:00,125.3,10,69,40.2,0,31,50
2026-09-11 08:25:00,126.5,3,69,41.4,0,0,0
2026-09-11 08:30:00,128.2,13,69,39.8,0,0,0
2026-09-11 08:35:00,132.3,2,68,37.6,0,0,0
2026-09-11 08:40:00,134.2,2,67,38.8,0,0,0
2026-09-11 08:45:00,135.5,15,70,42.7,0,0,0
2026-09-11 08:50:00,136.5,6,64,38.4,0,0,0
2026-09-11 08:55:00,135.9,2,63,36.1,0,0,0
2026-09-11 09:00:00,135.6,8,61,37.2,0,0,0
2026-09-11 09:05:00,136.0,12,62,41.4,0,0,0
2026-09-11 09:10:00,139.0,10,63,39.6,0,0,0
2026-09-11 09:15:00,137.1,14,63,39.0,0,0,0
2026-09-11 09:20:00,134.6,7,66,37.7,0,0,0
2026-09-11 09:25:00,133.8,6,66,35.6,0,0,0
2026-09-11 09:30:00,130.2,6,61,38.9,0,0,0
2026-09-11 09:35:00,132.1,1,64,40.1,0,0,0
2026-09-11 09:40:00,131.4,5,65,37.8,0,0,0
2026-09-11 09:45:00,131.2,11,63,43.3,0,0,0
2026-09-11 09:50:00,128.9,10,67,35.5,0,0,0
2026-09-11 09:55:00,129.7,11,64,39.9,0,0,0
2026-09-11 10:00:00,130.3,5,63,42.5,0,0,0
2026-09-11 10:05:00,132.2,4,60,36.6,0,0,0
2026-09-11 10:10:00,131.0,9,63,39.9,0,0,0
2026-09-11 10:15:00,130.7,18,66,41.5,0,0,0
2026-09-11 10:20:00,130.9,14,60,41.5,0,0,0
2026-09-11 10:25:00,129.6,12,67,38.9,0,0,0
2026-09-11 10:30:00,130.7,8,62,40.7,0,0,0
2026-09-11 10:35:00,134.3,361,84,39.8,0,0,0
2026-09-11 10:40:00,137.9,358,82,39.4,0,0,0
2026-09-11 10:45:00,135.9,359,89,38.0,0,0,0
2026-09-11 10:50:00,135.0,10,65,40.2,0,0,0
2026-09-11 10:55:00,129.6,14,62,43.9,0,0,0
2026-09-11 11:00:00,128.7,6,62,38.1,0,0,0
2026-09-11 11:05:00,130.7,16,66,38.9,0,0,0
2026-09-11 11:10:00,129.6,11,66,41.2,0,0,0
2026-09-11 11:15:00,127.6,9,66,41.3,0,0,0
2026-09-11 11:20:00,129.0,3,64,38.1,0,0,0
2026-09-11 11:25:00,128.5,8,63,37.0,0,0,0
2026-09-11 11:30:00,128.0,6,63,36.8,0,0,0
2026-09-11 11:35:00,128.0,1,65,37.9,0,0,0
2026-09-11 11:40:00,125.6,11,64,38.2,0,0,0
2026-09-11 11:45:00,125.9,10,63,39.4,0,0,0
2026-09-11 11:50:00,125.3,11,64,41.9,0,0,0
2026-09-11 11:55:00,124.1,9,66,42.0,0,0,0
2026-09-11 12:00:00,126.9,7,62,36.6,0,0,0
2026-09-11 12:05:00,127.3,7,69,39.1,0,0,0
2026-09-11 12:10:00,127.9,5,66,37.9,0,0,0
2026-09-11 12:15:00,130.3,7,66,37.4,0,0,0
2026-09-11 12:20:00,130.1,9,64,37.2,0,0,0
2026-09-11 12:25:00,130.7,12,66,33.9,0,0,0
2026-09-11 12:30:00,129.7,4,67,38.2,0,0,0
2026-09-11 12:35:00,127.1,9,67,41.6,0,0,0
2026-09-11 12:40:00,126.5,6,67,37.9,0,0,0
2026-09-11 12:45:00,128.6,19,62,36.3,0,0,0
2026-09-11 12:50:00,130.2,4,62,41.9,0,0,0
2026-09-11 12:55:00,131.8,5,64,38.0,0,0,0
2026-09-11 13:00:00,128.3,8,66,38.4,0,0,0
2026-09-11 13:05:00,127.0,14,64,38.4,0,0,0
2026-09-11 13:10:00,126.2,13,67,38.0,0,0,0
2026-09-11 13:15:00,130.1,11,61,37.1,0,0,0
2026-09-11 13:20:00,131.3,8,65,37.4,0,0,0
2026-09-11 13:25:00,131.0,9,64,37.8,0,0,0
2026-09-11 13:30:00,130.9,7,68,38.3,0,94,70
2026-09-11 13:35:00,144.7,17,68,39.6,0,0,0
2026-09-11 13:40:00,156.1,2,66,38.3,0,0,0
2026-09-11 13:45:00,164.9,9,66,39.1,0,0,0
2026-09-11 13:50:00,169.8,10,68,39.4,0,0,0
2026-09-11 13:55:00,175.1,6,72,40.0,0,0,0
2026-09-11 14:00:00,174.9,5,66,35.7,0,0,0
2026-09-11 14:05:00,175.6,9,63,38.9,0,0,0
2026-09-11 14:10:00,172.5,4,61,39.7,0,0,0
2026-09-11 14:15:00,170.5,8,62,41.7,0,0,0
2026-09-11 14:20:00,167.9,8,64,40.4,0,0,0
2026-09-11 14:25:00,171.1,9,66,37.7,0,0,0
2026-09-11 14:30:00,169.3,2,66,36.3,0,0,0
2026-09-11 14:35:00,169.3,5,61,40.3,0,0,0
2026-09-11 14:40:00,166.6,14,67,40.5,0,0,0
2026-09-11 14:45:00,166.4,6,63,39.4,0,0,0
2026-09-11 14:50:00,164.5,12,68,40.4,0,0,0
2026-09-11 14:55:00,162.0,7,65,40.5,0,0,0
2026-09-11 15:00:00,159.1,12,64,38.1,0,0,0
2026-09-11 15:05:00,158.3,9,62,39.0,0,0,0
2026-09-11 15:10:00,158.9,10,62,40.4,0,0,0
2026-09-11 15:15:00,156.4,5,62,40.0,0,0,0
2026-09-11 15:20:00,152.7,6,60,36.9,0,0,0
2026-09-11 15:25:00,152.5,7,62,37.7,0,0,0
2026-09-11 15:30:00,153.6,3,66,37.1,0,0,0
2026-09-11 15:35:00,149.4,8,63,40.0,0,0,0
2026-09-11 15:40:00,144.4,3,65,34.6,0,0,0
2026-09-11 15:45:00,142.2,8,61,34.0,0,0,0
2026-09-11 15:50:00,143.3,6,65,40.4,0,0,0
2026-09-11 15:55:00,140.1,7,64,41.1,0,0,0
2026-09-11 16:00:00,141.2,17,62,36.9,0,0,0
2026-09-11 16:05:00,138.4,6,64,39.6,0,0,0
2026-09-11 16:10:00,139.0,5,64,39.6,0,0,0
2026-09-11 16:15:00,142.0,9,67,36.9,0,0,0
2026-09-11 16:20:00,140.0,6,65,33.2,0,0,0
2026-09-11 16:25:00,140.4,7,65,38.9,0,0,0
2026-09-11 16:30:00,140.7,7,62,37.9,0,0,0
2026-09-11 16:35:00,139.0,18,70,37.8,0,0,0
2026-09-11 16:40:00,137.8,6,62,37.4,0,0,0
2026-09-11 16:45:00,136.1,17,66,38.3,0,0,0
2026-09-11 16:50:00,135.9,13,63,40.7,0,0,0
2026-09-11 16:55:00,137.6,7,65,37.4,0,0,0
2026-09-11 17:00:00,135.3,8,69,41.4,0,31,60
2026-09-11 17:05:00,138.5,4,71,34.2,0,0,0
2026-09-11 17:10:00,140.0,3,69,38.1,0,0,0
2026-09-11 17:15:00,141.8,1,66,41.0,0,0,0
2026-09-11 17:20:00,143.1,11,69,37.0,0,0,0
2026-09-11 17:25:00,142.7,6,67,40.4,0,0,0
2026-09-11 17:30:00,143.3,3,68,38.5,0,0,0
2026-09-11 17:35:00,143.0,6,63,39.9,0,0,0
2026-09-11 17:40:00,143.6,11,64,39.7,0,0,0
2026-09-11 17:45:00,145.2,13,66,38.8,0,0,0
2026-09-11 17:50:00,142.6,2,63,41.2,0,0,0
2026-09-11 17:55:00,141.4,9,62,37.6,0,0,0
2026-09-11 18:00:00,139.4,14,63,39.8,0,0,0
2026-09-11 18:05:00,139.4,7,62,37.9,0,0,0
2026-09-11 18:10:00,137.8,10,68,38.5,0,0,0
2026-09-11 18:15:00,135.4,15,63,40.5,0,0,0
2026-09-11 18:20:00,133.5,5,62,39.4,0,0,0
2026-09-11 18:25:00,132.3,18,67,42.1,0,0,0
2026-09-11 18:30:00,132.2,5,63,41.1,0,0,0
2026-09-11 18:35:00,133.1,4,66,37.4,0,0,0
2026-09-11 18:40:00,134.2,11,63,40.4,0,0,0
2026-09-11 18:45:00,131.8,6,66,37.2,0,0,0
2026-09-11 18:50:00,130.9,13,66,39.8,0,0,0
2026-09-11 18:55:00,132.0,2,63,42.4,0,0,0
2026-09-11 19:00:00,135.8,7,63,38.6,0,0,0
2026-09-11 19:05:00,138.0,18,66,39.3,0,0,0
2026-09-11 19:10:00,135.9,12,66,41.0,0,0,0
2026-09-11 19:15:00,134.8,8,61,42.8,0,0,0
2026-09-11 19:20:00,136.8,21,66,40.1,0,0,0
2026-09-11 19:25:00,138.5,6,65,41.3,0,0,0
2026-09-11 19:30:00,135.0,6,63,39.2,0,0,0
2026-09-11 19:35:00,133.7,6,70,37.9,0,0,0
2026-09-11 19:40:00,131.4,8,68,36.9,0,0,0
2026-09-11 19:45:00,128.5,14,67,38.6,0,0,0
2026-09-11 19:50:00,126.6,7,64,39.0,0,0,0
2026-09-11 19:55:00,125.4,4,64,43.7,0,0,0
2026-09-11 20:00:00,121.0,11,64,37.1,0,0,0
2026-09-11 20:05:00,121.7,13,62,42.7,0,0,0
2026-09-11 20:10:00,125.2,7,67,38.4,0,0,0
2026-09-11 20:15:00,126.0,14,65,38.9,0,0,0
2026-09-11 20:20:00,129.3,9,67,42.0,0,0,0
2026-09-11 20:25:00,130.7,9,65,39.1,0,0,0
2026-09-11 20:30:00,127.6,4,65,37.7,0,0,0
2026-09-11 20:35:00,126.4,4,64,37.0,0,0,0
2026-09-11 20:40:00,129.3,9,65,39.5,0,0,0
2026-09-11 20:45:00,132.6,10,63,39.7,0,0,0
2026-09-11 20:50:00,132.9,17,62,40.3,0,0,0
2026-09-11 20:55:00,133.9,4,65,41.3,0,0,0
2026-09-11 21:00:00,133.9,4,62,41.8,0,0,0
2026-09-11 21:05:00,133.6,5,64,41.5,0,0,0
2026-09-11 21:10:00,137.2,11,65,37.9,0,0,0
2026-09-11 21:15:00,135.7,8,68,40.3,0,67,55
2026-09-11 21:20:00,145.6,4,66,38.7,0,0,0
2026-09-11 21:25:00,149.4,10,73,38.0,0,0,0
2026-09-11 21:30:00,151.7,11,70,39.3,0,0,0
2026-09-11 21:35:00,152.8,4,68,35.9,0,0,0
2026-09-11 21:40:00,156.3,6,66,40.8,0,0,0
2026-09-11 21:45:00,156.5,9,66,41.0,0,0,0
2026-09-11 21:50:00,156.6,7,63,38.9,0,0,0
2026-09-11 21:55:00,157.0,14,62,41.9,0,0,0
2026-09-11 22:00:00,156.0,9,63,40.2,0,0,0
2026-09-11 22:05:00,153.8,4,58,41.1,0,0,0
2026-09-11 22:10:00,152.2,14,65,40.1,0,0,0
2026-09-11 22:15:00,151.3,8,65,40.5,0,0,0
2026-09-11 22:20:00,150.3,6,66,39.5,0,0,0
2026-09-11 22:25:00,150.2,3,63,37.3,0,0,0
2026-09-11 22:30:00,148.4,1,63,42.0,0,0,0
2026-09-11 22:35:00,147.7,8,64,39.6,0,0,0
2026-09-11 22:40:00,145.3,8,65,40.8,0,0,0
2026-09-11 22:45:00,144.8,10,66,37.1,0,0,0
2026-09-11 22:50:00,145.3,5,64,39.0,0,0,0
2026-09-11 22:55:00,145.2,11,63,40.6,0,0,0
2026-09-11 23:00:00,145.1,11,66,35.8,0,0,0
2026-09-11 23:05:00,145.4,9,62,38.5,0,0,0
2026-09-11 23:10:00,141.3,7,62,40.0,0,0,0
2026-09-11 23:15:00,143.8,4,65,42.0,0,0,0
2026-09-11 23:20:00,143.2,2,64,42.3,0,0,0
2026-09-11 23:25:00,140.5,1,64,36.0,0,0,0
2026-09-11 23:30:00,139.9,11,64,38.9,0,0,0
2026-09-11 23:35:00,139.8,7,60,39.5,0,0,0
2026-09-11 23:40:00,139.2,10,66,39.1,0,0,0
2026-09-11 23:45:00,137.2,11,60,40.1,0,0,0
2026-09-11 23:50:00,136.5,7,68,38.8,0,0,0
2026-09-11 23:55:00,137.9,8,63,35.9,0,0,0
2026-09-12 00:00:00,136.6,4,69,38.0,0,0,0
2026-09-12 00:05:00,133.9,8,66,38.4,0,0,0
2026-09-12 00:10:00,135.3,3,62,38.6,0,0,0
2026-09-12 00:15:00,136.6,7,63,38.2,0,0,0
2026-09-12 00:20:00,138.5,12,65,38.3,0,0,0
2026-09-12 00:25:00,138.7,16,63,40.1,0,0,0
2026-09-12 00:30:00,136.7,21,64,37.0,0,0,0
2026-09-12 00:35:00,133.0,5,63,35.2,0,0,0
2026-09-12 00:40:00,130.2,5,66,36.6,0,0,0
2026-09-12 00:45:00,129.2,9,58,43.7,0,0,0
2026-09-12 00:50:00,129.5,5,63,43.5,0,0,0
2026-09-12 00:55:00,128.1,21,66,39.4,0,0,0
2026-09-12 01:00:00,127.8,8,63,42.7,0,0,0
2026-09-12 01:05:00,127.8,6,62,41.8,0,0,0
2026-09-12 01:10:00,126.5,8,66,40.6,0,0,0
2026-09-12 01:15:00,128.4,9,64,40.7,0,0,0
2026-09-12 01:20:00,129.9,0,55,64.3,1,0,0
2026-09-12 01:25:00,130.4,0,54,62.4,1,0,0
2026-09-12 01:30:00,130.4,1,58,65.5,1,0,0
2026-09-12 01:35:00,127.8,0,57,64.1,1,0,0
2026-09-12 01:40:00,126.8,0,59,60.1,1,0,0
2026-09-12 01:45:00,129.2,0,57,63.0,1,0,0
2026-09-12 01:50:00,131.5,1,54,65.3,1,0,0
2026-09-12 01:55:00,133.5,0,52,66.0,1,0,0
2026-09-12 02:00:00,133.7,0,54,67.1,1,0,0
2026-09-12 02:05:00,134.4,0,59,65.7,1,0,0
2026-09-12 02:10:00,134.9,2,56,66.1,1,0,0
2026-09-12 02:15:00,133.6,0,57,64.7,1,0,0
2026-09-12 02:20:00,133.1,0,53,63.6,1,0,0
2026-09-12 02:25:00,135.2,2,57,63.0,1,0,0
2026-09-12 02:30:00,136.4,1,55,65.7,1,0,0
2026-09-12 02:35:00,140.5,0,54,68.3,1,0,0
2026-09-12 02:40:00,137.1,2,55,64.2,1,0,0
2026-09-12 02:45:00,135.4,1,56,63.1,1,0,0
2026-09-12 02:50:00,134.5,0,53,65.3,1,0,0
2026-09-12 02:55:00,130.0,0,54,65.9,1,0,0
2026-09-12 03:00:00,131.7,0,54,66.9,1,0,0
2026-09-12 03:05:00,132.6,0,52,69.0,1,0,0
2026-09-12 03:10:00,133.9,0,55,65.0,1,0,0
2026-09-12 03:15:00,135.9,0,59,64.3,1,0,0
2026-09-12 03:20:00,136.9,0,58,63.0,1,0,0
2026-09-12 03:25:00,135.3,0,55,63.6,1,0,0
2026-09-12 03:30:00,135.3,0,58,66.3,1,0,0
2026-09-12 03:35:00,142.5,0,58,62.5,1,0,0
2026-09-12 03:40:00,139.8,0,54,64.8,1,0,0
2026-09-12 03:45:00,136.8,0,53,69.3,1,0,0
2026-09-12 03:50:00,136.6,0,57,60.6,1,0,0
2026-09-12 03:55:00,134.0,0,54,64.6,1,0,0
2026-09-12 04:00:00,133.1,0,56,68.3,1,0,0
2026-09-12 04:05:00,134.8,0,58,66.1,1,0,0
2026-09-12 04:10:00,134.6,0,52,61.3,1,0,0
2026-09-12 04:15:00,135.4,1,57,62.7,1,0,0
2026-09-12 04:20:00,134.0,0,53,62.2,1,0,0
2026-09-12 04:25:00,132.7,0,56,64.4,1,0,0
2026-09-12 04:30:00,131.0,1,60,63.5,1,0,0
2026-09-12 04:35:00,132.8,1,57,66.0,1,0,0
2026-09-12 04:40:00,133.8,0,55,63.0,1,0,0
2026-09-12 04:45:00,135.8,1,56,63.5,1,0,0
2026-09-12 04:50:00,134.4,0,58,64.4,1,0,0
2026-09-12 04:55:00,134.5,0,56,65.9,1,0,0
2026-09-12 05:00:00,136.0,0,52,66.6,1,0,0
2026-09-12 05:05:00,137.9,1,57,63.6,1,0,0
2026-09-12 05:10:00,137.3,0,57,64.0,1,0,0
2026-09-12 05:15:00,137.7,0,57,61.5,1,0,0
2026-09-12 05:20:00,134.6,0,58,65.8,1,0,0
2026-09-12 05:25:00,133.0,1,58,63.5,1,0,0
2026-09-12 05:30:00,131.3,0,56,64.4,1,0,0
2026-09-12 05:35:00,128.8,1,57,68.1,1,0,0
2026-09-12 05:40:00,130.9,0,53,63.0,1,0,0
2026-09-12 05:45:00,129.4,1,58,66.2,1,0,0
2026-09-12 05:50:00,128.6,0,54,66.4,1,0,0
2026-09-12 05:55:00,127.3,0,53,65.6,1,0,0
2026-09-12 06:00:00,126.0,0,57,64.3,1,0,0
2026-09-12 06:05:00,125.1,1,53,63.9,1,0,0
2026-09-12 06:10:00,127.9,0,55,63.7,1,0,0
2026-09-12 06:15:00,129.0,0,58,64.0,1,0,0
2026-09-12 06:20:00,133.4,0,57,62.9,1,0,0
2026-09-12 06:25:00,133.7,0,57,62.6,1,0,0
2026-09-12 06:30:00,138.2,0,59,65.8,1,0,0
2026-09-12 06:35:00,136.8,0,55,69.3,1,0,0
2026-09-12 06:40:00,137.7,1,56,67.8,1,0,0
2026-09-12 06:45:00,133.4,0,57,64.4,1,0,0
2026-09-12 06:50:00,130.3,7,63,40.5,0,0,0
2026-09-12 06:55:00,128.3,19,63,37.8,0,0,0
2026-09-12 07:00:00,129.8,9,61,40.9,0,0,0
2026-09-12 07:05:00,127.6,1,67,40.0,0,0,0
2026-09-12 07:10:00,126.0,13,66,38.4,0,0,0
2026-09-12 07:15:00,127.6,13,65,38.8,0,0,0
2026-09-12 07:20:00,130.1,7,64,38.3,0,0,0
2026-09-12 07:25:00,129.2,9,66,39.5,0,0,0
2026-09-12 07:30:00,127.9,22,65,33.4,0,0,0
2026-09-12 07:35:00,130.4,11,69,39.1,0,0,0
2026-09-12 07:40:00,132.0,1,64,37.2,0,0,0
2026-09-12 07:45:00,129.7,3,62,37.8,0,0,0
2026-09-12 07:50:00,132.9,5,63,36.8,0,0,0
2026-09-12 07:55:00,132.2,10,64,41.6,0,0,0
2026-09-12 08:00:00,134.7,11,68,37.6,0,51,70
2026-09-12 08:05:00,141.4,1,68,38.7,0,0,0
2026-09-12 08:10:00,148.9,19,66,38.2,0,0,0
2026-09-12 08:15:00,150.0,462,91,38.4,0,0,0
2026-09-12 08:20:00,154.1,471,95,40.1,0,0,0
2026-09-12 08:25:00,151.2,13,67,42.5,0,0,0
2026-09-12 08:30:00,153.2,7,64,39.3,0,0,0
2026-09-12 08:35:00,151.0,4,64,40.5,0,0,0
2026-09-12 08:40:00,152.6,12,67,43.8,0,0,0
2026-09-12 08:45:00,150.5,8,66,39.3,0,0,0
2026-09-12 08:50:00,149.1,8,62,36.0,0,0,0
2026-09-12 08:55:00,150.3,4,66,39.5,0,0,0
2026-09-12 09:00:00,146.3,4,64,34.7,0,0,0
2026-09-12 09:05:00,143.8,9,65,39.1,0,0,0
2026-09-12 09:10:00,145.4,9,62,37.8,0,0,0
2026-09-12 09:15:00,142.2,5,63,42.0,0,0,0
2026-09-12 09:20:00,141.2,5,67,38.7,0,0,0
2026-09-12 09:25:00,140.7,13,64,39.2,0,0,0
2026-09-12 09:30:00,137.7,8,64,38.2,0,0,0
2026-09-12 09:35:00,137.4,21,63,37.5,0,0,0
2026-09-12 09:40:00,137.2,5,66,37.9,0,0,0
2026-09-12 09:45:00,135.4,4,65,39.8,0,0,0
2026-09-12 09:50:00,134.6,5,65,36.3,0,0,0
2026-09-12 09:55:00,135.0,11,67,39.2,0,0,0
2026-09-12 10:00:00,136.7,9,66,41.8,0,0,0
2026-09-12 10:05:00,137.8,14,65,38.7,0,0,0
2026-09-12 10:10:00,139.6,16,69,39.0,0,0,0
2026-09-12 10:15:00,133.7,15,66,39.5,0,0,0
2026-09-12 10:20:00,133.5,3,64,33.4,0,0,0
2026-09-12 10:25:00,131.7,7,65,40.4,0,0,0
2026-09-12 10:30:00,129.9,8,63,40.3,0,0,0
2026-09-12 10:35:00,128.5,5,66,37.2,0,0,0
2026-09-12 10:40:00,131.1,19,63,40.9,0,0,0
2026-09-12 10:45:00,135.9,2,68,41.0,0,0,0
2026-09-12 10:50:00,133.2,13,65,38.3,0,0,0
2026-09-12 10:55:00,130.2,8,62,39.4,0,0,0
2026-09-12 11:00:00,129.8,12,63,41.0,0,0,0
2026-09-12 11:05:00,129.6,12,66,38.8,0,0,0
2026-09-12 11:10:00,129.1,17,62,40.0,0,0,0
2026-09-12 11:15:00,129.8,9,61,41.7,0,0,0
2026-09-12 11:20:00,129.0,5,66,39.1,0,0,0
2026-09-12 11:25:00,129.6,4,64,39.2,0,0,0
2026-09-12 11:30:00,128.1,9,67,41.4,0,0,0
2026-09-12 11:35:00,127.3,14,63,39.3,0,0,0
2026-09-12 11:40:00,126.3,10,65,39.7,0,0,0
2026-09-12 11:45:00,127.8,11,63,38.9,0,0,0
2026-09-12 11:50:00,128.0,6,64,38.8,0,0,0
2026-09-12 11:55:00,129.3,14,66,37.0,0,0,0
2026-09-12 12:00:00,130.1,6,62,39.4,0,0,0
2026-09-12 12:05:00,132.7,298,81,35.3,0,0,0
2026-09-12 12:10:00,135.6,290,81,38.3,0,0,0
2026-09-12 12:15:00,135.8,4,66,40.1,0,0,0
2026-09-12 12:20:00,138.4,5,64,39.6,0,0,0
2026-09-12 12:25:00,135.9,12,66,37.6,0,0,0
2026-09-12 12:30:00,133.7,8,60,39.8,0,0,0
2026-09-12 12:35:00,134.5,10,64,41.6,0,0,0
2026-09-12 12:40:00,133.1,19,63,38.4,0,0,0
2026-09-12 12:45:00,130.9,15,65,37.7,0,0,0
2026-09-12 12:50:00,129.2,15,65,37.5,0,0,0
2026-09-12 12:55:00,129.3,5,64,41.8,0,0,0
2026-09-12 13:00:00,127.2,7,63,35.6,0,0,0
2026-09-12 13:05:00,120.5,2,60,39.8,0,0,0
2026-09-12 13:10:00,121.3,16,69,40.3,0,0,0
2026-09-12 13:15:00,124.2,4,63,39.4,0,0,0
2026-09-12 13:20:00,128.3,14,70,37.8,0,90,70
2026-09-12 13:25:00,136.0,10,70,41.0,0,0,0
2026-09-12 13:30:00,145.7,6,65,42.5,0,0,0
2026-09-12 13:35:00,153.9,20,65,40.5,0,0,0
2026-09-12 13:40:00,158.9,3,65,40.7,0,0,0
2026-09-12 13:45:00,165.6,19,69,41.5,0,0,0
2026-09-12 13:50:00,167.8,10,64,36.5,0,0,0
2026-09-12 13:55:00,170.3,10,65,43.5,0,0,0
2026-09-12 14:00:00,173.2,12,65,38.8,0,0,0
2026-09-12 14:05:00,171.2,4,62,38.8,0,0,0
2026-09-12 14:10:00,171.5,5,63,37.7,0,0,0
2026-09-12 14:15:00,173.3,12,65,41.2,0,0,0
2026-09-12 14:20:00,170.3,20,65,38.5,0,0,0
2026-09-12 14:25:00,168.2,7,65,39.2,0,0,0
2026-09-12 14:30:00,169.4,7,65,43.6,0,0,0
2026-09-12 14:35:00,166.8,7,62,37.1,0,0,0
2026-09-12 14:40:00,160.8,13,63,40.0,0,0,0
2026-09-12 14:45:00,158.3,8,65,40.1,0,0,0
2026-09-12 14:50:00,160.0,14,64,36.5,0,0,0
2026-09-12 14:55:00,160.1,4,61,41.9,0,0,0
2026-09-12 15:00:00,153.9,4,66,44.2,0,0,0
2026-09-12 15:05:00,153.2,9,66,39.4,0,0,0
2026-09-12 15:10:00,151.9,2,66,40.0,0,0,0
2026-09-12 15:15:00,149.3,0,66,40.4,0,0,0
2026-09-12 15:20:00,149.3,5,67,37.3,0,0,0
2026-09-12 15:25:00,148.4,10,65,40.4,0,0,0
2026-09-12 15:30:00,147.9,26,65,40.0,0,0,0
2026-09-12 15:35:00,145.6,8,61,42.3,0,0,0
2026-09-12 15:40:00,143.8,6,67,40.5,0,0,0
2026-09-12 15:45:00,143.9,9,64,39.7,0,0,0
2026-09-12 15:50:00,143.0,13,66,40.3,0,0,0
2026-09-12 15:55:00,145.6,9,64,41.3,0,0,0
2026-09-12 16:00:00,145.9,9,65,40.5,0,0,0
2026-09-12 16:05:00,146.4,5,63,38.8,0,0,0
2026-09-12 16:10:00,145.2,14,66,37.5,0,0,0
2026-09-12 16:15:00,142.5,8,64,34.8,0,0,0
2026-09-12 16:20:00,137.6,13,64,41.1,0,0,0
2026-09-12 16:25:00,138.8,5,65,38.8,0,0,0
2026-09-12 16:30:00,138.2,6,66,41.7,0,0,0
2026-09-12 16:35:00,139.8,9,65,39.7,0,0,0
2026-09-12 16:40:00,140.7,6,61,39.0,0,0,0
2026-09-12 16:45:00,139.4,10,65,39.1,0,0,0
2026-09-12 16:50:00,140.2,19,64,39.5,0,0,0
2026-09-12 16:55:00,138.3,7,66,36.9,0,0,0
2026-09-12 17:00:00,134.9,13,65,38.9,0,0,0
2026-09-12 17:05:00,132.5,14,67,39.4,0,0,0
2026-09-12 17:10:00,133.1,12,59,41.9,0,0,0
2026-09-12 17:15:00,132.2,5,69,38.1,0,0,0
2026-09-12 17:20:00,132.2,6,66,39.5,0,0,0
2026-09-12 17:25:00,132.8,10,66,40.7,0,0,0
2026-09-12 17:30:00,130.2,9,63,38.4,0,0,0
2026-09-12 17:35:00,126.4,7,67,39.8,0,0,0
2026-09-12 17:40:00,129.0,9,64,40.5,0,0,0
2026-09-12 17:45:00,130.0,13,66,40.8,0,41,80
2026-09-12 17:50:00,132.9,13,70,39.9,0,0,0
2026-09-12 17:55:00,139.4,5,71,38.0,0,0,0
2026-09-12 18:00:00,143.1,7,65,39.8,0,0,0
2026-09-12 18:05:00,145.8,4,65,39.7,0,0,0
2026-09-12 18:10:00,149.0,7,71,37.4,0,0,0
2026-09-12 18:15:00,152.7,6,63,40.3,0,0,0
2026-09-12 18:20:00,154.3,15,64,36.7,0,0,0
2026-09-12 18:25:00,155.6,6,65,38.7,0,0,0
2026-09-12 18:30:00,158.9,3,62,40.6,0,0,0
2026-09-12 18:35:00,160.4,8,62,39.2,0,0,0
2026-09-12 18:40:00,160.4,12,64,41.4,0,0,0
2026-09-12 18:45:00,159.8,6,66,40.7,0,0,0
2026-09-12 18:50:00,161.2,7,65,38.0,0,0,0
2026-09-12 18:55:00,160.8,8,65,36.3,0,0,0
2026-09-12 19:00:00,162.5,5,65,42.5,0,0,0
2026-09-12 19:05:00,160.4,16,63,39.1,0,0,0
2026-09-12 19:10:00,157.9,4,63,39.5,0,0,0
2026-09-12 19:15:00,153.4,4,62,38.4,0,0,0
2026-09-12 19:20:00,153.0,8,65,44.1,0,0,0
2026-09-12 19:25:00,150.7,12,67,40.1,0,0,0
2026-09-12 19:30:00,150.2,9,67,39.0,0,0,0
2026-09-12 19:35:00,146.6,13,61,41.7,0,0,0
2026-09-12 19:40:00,149.8,3,63,39.8,0,0,0
2026-09-12 19:45:00,149.0,4,67,37.2,0,0,0
2026-09-12 19:50:00,149.1,10,60,41.1,0,0,0
2026-09-12 19:55:00,149.9,5,63,39.1,0,0,0
2026-09-12 20:00:00,146.6,2,61,39.3,0,0,0
2026-09-12 20:05:00,146.3,7,67,37.6,0,0,0
2026-09-12 20:10:00,143.8,7,63,42.4,0,0,0
2026-09-12 20:15:00,142.5,7,65,43.6,0,0,0
2026-09-12 20:20:00,141.4,6,63,38.6,0,0,0
2026-09-12 20:25:00,139.1,6,63,34.4,0,0,0
2026-09-12 20:30:00,139.2,6,67,41.4,0,0,0
2026-09-12 20:35:00,135.9,4,66,38.2,0,61,50
2026-09-12 20:40:00,142.9,7,67,39.6,0,0,0
2026-09-12 20:45:00,148.7,7,72,39.3,0,0,0
2026-09-12 20:50:00,152.3,8,68,38.2,0,0,0
2026-09-12 20:55:00,157.8,8,70,42.1,0,0,0
2026-09-12 21:00:00,159.8,10,65,36.6,0,0,0
2026-09-12 21:05:00,158.7,4,64,40.4,0,0,0
2026-09-12 21:10:00,158.0,17,67,36.0,0,0,0
2026-09-12 21:15:00,159.5,4,64,38.7,0,0,0
2026-09-12 21:20:00,155.2,9,65,40.3,0,0,0
2026-09-12 21:25:00,154.6,18,71,40.3,0,0,0
2026-09-12 21:30:00,153.7,4,61,43.2,0,0,0
2026-09-12 21:35:00,155.7,13,64,39.3,0,0,0
2026-09-12 21:40:00,154.2,11,62,37.3,0,0,0
2026-09-12 21:45:00,151.8,12,66,38.1,0,0,0
2026-09-12 21:50:00,152.5,8,62,36.3,0,0,0
2026-09-12 21:55:00,153.9,9,66,37.8,0,0,0
2026-09-12 22:00:00,150.3,8,64,38.0,0,0,0
2026-09-12 22:05:00,150.0,9,62,37.7,0,0,0
2026-09-12 22:10:00,144.0,5,68,39.6,0,0,0
2026-09-12 22:15:00,141.3,3,62,37.9,0,0,0
2026-09-12 22:20:00,142.0,14,68,39.6,0,0,0
2026-09-12 22:25:00,142.8,7,64,41.3,0,0,0
2026-09-12 22:30:00,144.4,6,64,40.8,0,0,0
2026-09-12 22:35:00,144.7,14,65,40.7,0,0,0
2026-09-12 22:40:00,145.4,13,68,43.3,0,0,0
2026-09-12 22:45:00,144.3,10,66,41.4,0,0,0
2026-09-12 22:50:00,144.6,7,64,37.7,0,0,0
2026-09-12 22:55:00,139.2,7,63,40.1,0,0,0
2026-09-12 23:00:00,139.0,8,65,39.6,0,0,0
2026-09-12 23:05:00,136.0,9,64,40.8,0,0,0
2026-09-12 23:10:00,134.7,12,66,40.0,0,0,0
2026-09-12 23:15:00,133.0,5,65,40.2,0,0,0
2026-09-12 23:20:00,135.6,9,62,37.0,0,0,0
2026-09-12 23:25:00,135.8,11,62,40.9,0,0,0
2026-09-12 23:30:00,136.4,11,62,35.1,0,0,0
2026-09-12 23:35:00,137.8,8,64,39.2,0,0,0
2026-09-12 23:40:00,137.8,2,61,40.8,0,0,0
2026-09-12 23:45:00,133.0,5,66,41.2,0,0,0
2026-09-12 23:50:00,135.5,18,64,40.4,0,0,0
2026-09-12 23:55:00,132.7,3,62,37.6,0,0,0
2026-09-13 00:00:00,140.4,8,63,35.6,0,0,0
2026-09-13 00:05:00,137.9,6,66,35.4,0,0,0
2026-09-13 00:10:00,136.5,9,65,39.3,0,0,0
2026-09-13 00:15:00,136.7,5,66,39.0,0,0,0
2026-09-13 00:20:00,136.1,6,62,39.9,0,0,0
2026-09-13 00:25:00,133.3,9,67,37.2,0,0,0
2026-09-13 00:30:00,131.4,5,65,39.7,0,0,0
2026-09-13 00:35:00,135.5,9,65,35.5,0,0,0
2026-09-13 00:40:00,134.7,12,64,40.7,0,0,0
2026-09-13 00:45:00,131.7,8,66,40.2,0,0,0
2026-09-13 00:50:00,133.1,13,63,39.9,0,0,0
2026-09-13 00:55:00,133.7,7,65,38.8,0,0,0
2026-09-13 01:00:00,132.9,6,63,34.8,0,0,0
2026-09-13 01:05:00,132.5,1,58,65.8,1,0,0
2026-09-13 01:10:00,134.9,1,53,61.0,1,0,0
2026-09-13 01:15:00,134.1,0,58,59.7,1,0,0
2026-09-13 01:20:00,134.8,0,56,65.3,1,0,0
2026-09-13 01:25:00,136.9,0,54,62.5,1,0,0
2026-09-13 01:30:00,134.6,2,54,63.3,1,0,0
2026-09-13 01:35:00,132.2,1,55,62.2,1,0,0
2026-09-13 01:40:00,127.0,0,59,58.5,1,0,0
2026-09-13 01:45:00,124.2,0,55,60.6,1,0,0
2026-09-13 01:50:00,127.2,1,53,64.0,1,0,0
2026-09-13 01:55:00,128.6,0,53,59.7,1,0,0
2026-09-13 02:00:00,127.4,0,56,60.1,1,0,0
2026-09-13 02:05:00,126.9,0,58,60.8,1,0,0
2026-09-13 02:10:00,127.2,0,55,62.7,1,0,0
2026-09-13 02:15:00,128.6,0,57,64.4,1,0,0
2026-09-13 02:20:00,129.9,0,59,61.5,1,0,0
2026-09-13 02:25:00,130.0,0,58,59.1,1,0,0
2026-09-13 02:30:00,128.2,0,59,59.5,1,0,0
2026-09-13 02:35:00,125.7,0,57,59.6,1,0,0
2026-09-13 02:40:00,125.4,0,59,61.9,1,0,0
2026-09-13 02:45:00,127.3,0,54,61.8,1,0,0
2026-09-13 02:50:00,127.3,0,54,61.0,1,0,0
2026-09-13 02:55:00,129.1,0,56,58.3,1,0,0
2026-09-13 03:00:00,132.2,0,58,63.4,1,0,0
2026-09-13 03:05:00,132.1,0,57,64.9,1,0,0
2026-09-13 03:10:00,133.7,0,59,63.4,1,0,0
2026-09-13 03:15:00,133.7,0,54,60.5,1,0,0
2026-09-13 03:20:00,133.1,2,56,63.1,1,0,0
2026-09-13 03:25:00,132.1,0,56,63.3,1,0,0
2026-09-13 03:30:00,130.5,0,55,63.6,1,0,0
2026-09-13 03:35:00,130.3,0,54,63.0,1,0,0
2026-09-13 03:40:00,128.3,0,57,63.1,1,0,0
2026-09-13 03:45:00,127.9,0,59,63.2,1,0,0
2026-09-13 03:50:00,131.0,0,57,64.7,1,0,0
2026-09-13 03:55:00,131.9,0,57,60.6,1,0,0
2026-09-13 04:00:00,130.1,0,52,58.0,1,0,0
2026-09-13 04:05:00,129.5,0,55,62.2,1,0,0
2026-09-13 04:10:00,132.4,0,56,62.5,1,0,0
2026-09-13 04:15:00,133.6,0,56,61.8,1,0,0
2026-09-13 04:20:00,135.7,2,56,59.8,1,0,0
2026-09-13 04:25:00,133.5,0,56,59.1,1,0,0
2026-09-13 04:30:00,132.6,1,56,60.9,1,0,0
2026-09-13 04:35:00,133.1,0,55,63.8,1,0,0
2026-09-13 04:40:00,133.4,0,56,61.0,1,0,0
2026-09-13 04:45:00,134.8,0,56,59.5,1,0,0
2026-09-13 04:50:00,134.9,0,55,58.7,1,0,0
2026-09-13 04:55:00,137.9,1,56,62.0,1,0,0
2026-09-13 05:00:00,141.1,1,55,59.1,1,0,0
2026-09-13 05:05:00,141.2,0,59,62.6,1,0,0
2026-09-13 05:10:00,142.1,0,57,62.6,1,0,0
2026-09-13 05:15:00,145.6,1,55,62.7,1,0,0
2026-09-13 05:20:00,144.3,0,55,63.5,1,0,0
2026-09-13 05:25:00,146.4,1,56,61.5,1,0,0
2026-09-13 05:30:00,143.8,0,55,64.0,1,0,0
2026-09-13 05:35:00,141.4,0,56,56.1,1,0,0
2026-09-13 05:40:00,142.0,0,54,63.8,1,0,0
2026-09-13 05:45:00,143.2,1,57,63.5,1,0,0
2026-09-13 05:50:00,142.3,1,55,60.1,1,0,0
2026-09-13 05:55:00,145.3,0,58,62.7,1,0,0
2026-09-13 06:00:00,145.2,0,57,58.8,1,0,0
2026-09-13 06:05:00,146.6,0,57,61.9,1,0,0
2026-09-13 06:10:00,142.8,0,57,61.9,1,0,0
2026-09-13 06:15:00,144.3,2,58,63.0,1,0,0
2026-09-13 06:20:00,140.9,0,53,66.9,1,0,0
2026-09-13 06:25:00,141.4,0,56,64.2,1,0,0
2026-09-13 06:30:00,140.7,0,56,61.5,1,0,0
2026-09-13 06:35:00,142.9,8,64,39.3,0,0,0
2026-09-13 06:40:00,143.0,14,64,34.8,0,0,0
2026-09-13 06:45:00,139.4,15,62,37.5,0,0,0
2026-09-13 06:50:00,139.5,5,63,37.2,0,0,0
2026-09-13 06:55:00,137.2,7,64,37.1,0,0,0
2026-09-13 07:00:00,136.0,15,66,38.5,0,0,0
2026-09-13 07:05:00,136.5,13,65,36.3,0,0,0
2026-09-13 07:10:00,136.4,2,63,39.8,0,0,0
2026-09-13 07:15:00,135.9,14,68,39.7,0,0,0
2026-09-13 07:20:00,134.2,7,61,37.3,0,0,0
2026-09-13 07:25:00,133.6,3,65,31.7,0,0,0
2026-09-13 07:30:00,133.9,8,65,37.9,0,0,0
2026-09-13 07:35:00,131.3,8,63,39.5,0,0,0
2026-09-13 07:40:00,131.5,20,61,39.7,0,0,0
2026-09-13 07:45:00,130.0,10,65,36.9,0,0,0
2026-09-13 07:50:00,132.2,8,65,36.1,0,63,70
2026-09-13 07:55:00,140.2,20,69,37.0,0,0,0
2026-09-13 08:00:00,144.6,3,64,37.0,0,0,0
2026-09-13 08:05:00,151.9,553,103,36.8,0,0,0
2026-09-13 08:10:00,157.6,547,102,39.0,0,0,0
2026-09-13 08:15:00,158.8,7,67,39.4,0,0,0
2026-09-13 08:20:00,161.8,16,66,38.3,0,0,0
2026-09-13 08:25:00,162.7,9,64,41.2,0,0,0
2026-09-13 08:30:00,159.6,8,67,37.2,0,0,0
2026-09-13 08:35:00,158.6,10,68,35.7,0,0,0
2026-09-13 08:40:00,159.2,8,63,39.8,0,0,0
2026-09-13 08:45:00,155.9,6,64,39.7,0,0,0
2026-09-13 08:50:00,151.2,6,65,38.8,0,0,0
2026-09-13 08:55:00,150.2,6,68,39.3,0,0,0
2026-09-13 09:00:00,145.3,16,64,35.3,0,0,0
2026-09-13 09:05:00,145.0,22,64,39.3,0,0,0
2026-09-13 09:10:00,145.6,5,67,39.5,0,0,0
2026-09-13 09:15:00,145.8,8,62,37.0,0,0,0
2026-09-13 09:20:00,148.8,7,62,39.6,0,0,0
2026-09-13 09:25:00,147.2,6,65,39.5,0,0,0
2026-09-13 09:30:00,145.5,7,65,36.8,0,0,0
2026-09-13 09:35:00,149.1,4,66,38.2,0,0,0
2026-09-13 09:40:00,145.0,6,64,40.9,0,0,0
2026-09-13 09:45:00,144.5,12,63,38.2,0,0,0
2026-09-13 09:50:00,143.6,13,63,38.7,0,0,0
2026-09-13 09:55:00,139.9,6,66,40.9,0,0,0
2026-09-13 10:00:00,141.0,7,66,36.9,0,0,0
2026-09-13 10:05:00,141.7,13,63,41.4,0,0,0
2026-09-13 10:10:00,137.5,7,63,38.8,0,0,0
2026-09-13 10:15:00,138.1,4,65,35.5,0,0,0
2026-09-13 10:20:00,139.9,8,65,36.7,0,0,0
2026-09-13 10:25:00,140.6,2,65,37.0,0,0,0
2026-09-13 10:30:00,141.1,2,63,43.8,0,0,0
2026-09-13 10:35:00,138.9,15,63,32.9,0,0,0
2026-09-13 10:40:00,134.0,23,63,39.3,0,0,0
2026-09-13 10:45:00,133.3,6,64,42.0,0,0,0
2026-09-13 10:50:00,135.4,8,65,37.1,0,0,0
2026-09-13 10:55:00,133.5,7,67,39.6,0,0,0
2026-09-13 11:00:00,132.5,4,62,40.4,0,0,0
2026-09-13 11:05:00,131.7,7,64,40.4,0,0,0
2026-09-13 11:10:00,131.1,13,64,36.4,0,0,0
2026-09-13 11:15:00,130.7,13,68,37.0,0,0,0
2026-09-13 11:20:00,132.9,7,66,36.1,0,0,0
2026-09-13 11:25:00,136.0,9,66,38.8,0,0,0
2026-09-13 11:30:00,135.4,19,66,36.3,0,0,0
2026-09-13 11:35:00,135.6,5,67,34.8,0,0,0
2026-09-13 11:40:00,134.9,12,67,35.3,0,0,0
2026-09-13 11:45:00,131.9,10,62,37.1,0,0,0
2026-09-13 11:50:00,128.2,15,68,40.7,0,0,0
2026-09-13 11:55:00,130.4,5,64,37.5,0,0,0
2026-09-13 12:00:00,129.6,8,67,40.6,0,0,0
2026-09-13 12:05:00,128.8,3,66,40.4,0,0,0
2026-09-13 12:10:00,128.6,5,63,37.2,0,0,0
2026-09-13 12:15:00,127.6,9,63,37.0,0,0,0
2026-09-13 12:20:00,128.9,4,66,39.5,0,0,0
2026-09-13 12:25:00,126.6,8,65,39.7,0,0,0
2026-09-13 12:30:00,127.4,12,66,36.5,0,0,0
2026-09-13 12:35:00,131.0,9,64,34.0,0,0,0
2026-09-13 12:40:00,131.4,12,65,37.1,0,0,0
2026-09-13 12:45:00,131.9,10,63,40.6,0,0,0
2026-09-13 12:50:00,129.8,4,64,37.4,0,0,0
2026-09-13 12:55:00,133.8,8,65,38.1,0,0,0
2026-09-13 13:00:00,136.3,13,66,37.1,0,0,0
2026-09-13 13:05:00,134.8,15,65,35.3,0,0,0
2026-09-13 13:10:00,132.4,11,67,37.9,0,0,0
2026-09-13 13:15:00,129.5,6,64,37.6,0,0,0
2026-09-13 13:20:00,128.0,4,63,35.9,0,0,0
2026-09-13 13:25:00,128.5,10,67,39.0,0,0,0
2026-09-13 13:30:00,129.7,14,64,40.2,0,0,0
2026-09-13 13:35:00,133.4,3,66,36.3,0,0,0
2026-09-13 13:40:00,133.8,9,62,40.6,0,0,0
2026-09-13 13:45:00,137.0,9,68,40.1,0,0,0
2026-09-13 13:50:00,137.4,8,64,40.0,0,0,0
2026-09-13 13:55:00,139.4,10,66,43.9,0,82,75
2026-09-13 14:00:00,153.1,10,66,39.1,0,0,0
2026-09-13 14:05:00,164.8,12,69,38.4,0,0,0
2026-09-13 14:10:00,168.4,6,67,38.5,0,0,0
2026-09-13 14:15:00,174.2,7,69,36.3,0,0,0
2026-09-13 14:20:00,178.2,4,67,38.9,0,0,0
2026-09-13 14:25:00,180.8,9,64,40.6,0,0,0
2026-09-13 14:30:00,181.7,8,65,41.0,0,0,0
2026-09-13 14:35:00,181.3,4,63,37.3,0,0,0
2026-09-13 14:40:00,178.5,8,62,37.7,0,0,0
2026-09-13 14:45:00,177.3,12,63,37.1,0,0,0
2026-09-13 14:50:00,178.0,9,65,34.9,0,0,0
2026-09-13 14:55:00,176.3,10,65,36.7,0,0,0
2026-09-13 15:00:00,172.4,5,62,38.0,0,0,0
2026-09-13 15:05:00,171.6,5,68,35.3,0,0,0
2026-09-13 15:10:00,170.1,5,62,37.2,0,0,0
2026-09-13 15:15:00,167.2,9,64,41.9,0,0,0
2026-09-13 15:20:00,165.5,8,65,39.1,0,0,0
2026-09-13 15:25:00,162.7,11,63,37.8,0,0,0
2026-09-13 15:30:00,164.2,12,66,38.6,0,0,0
2026-09-13 15:35:00,165.2,4,64,40.5,0,0,0
2026-09-13 15:40:00,161.6,3,64,38.1,0,0,0
2026-09-13 15:45:00,162.5,5,65,40.0,0,0,0
2026-09-13 15:50:00,160.9,12,64,35.4,0,0,0
2026-09-13 15:55:00,158.4,9,64,39.4,0,0,0
2026-09-13 16:00:00,157.5,11,64,35.2,0,0,0
2026-09-13 16:05:00,155.7,18,64,41.6,0,0,0
2026-09-13 16:10:00,155.7,15,64,38.2,0,0,0
2026-09-13 16:15:00,153.2,4,65,37.2,0,0,0
2026-09-13 16:20:00,153.9,13,67,36.4,0,0,0
2026-09-13 16:25:00,151.0,11,65,38.8,0,0,0
2026-09-13 16:30:00,147.2,5,62,36.4,0,0,0
2026-09-13 16:35:00,145.9,8,67,40.9,0,0,0
2026-09-13 16:40:00,145.1,9,64,40.5,0,0,0
2026-09-13 16:45:00,146.0,2,63,34.4,0,0,0
2026-09-13 16:50:00,144.5,4,66,41.1,0,0,0
2026-09-13 16:55:00,142.6,20,67,39.8,0,0,0
2026-09-13 17:00:00,142.9,15,68,33.9,0,0,0
2026-09-13 17:05:00,143.7,7,61,40.4,0,0,0
2026-09-13 17:10:00,140.3,4,59,36.7,0,0,0
2026-09-13 17:15:00,141.0,8,65,44.4,0,0,0
2026-09-13 17:20:00,142.7,5,68,38.0,0,0,0
2026-09-13 17:25:00,140.9,14,70,34.8,0,26,60
2026-09-13 17:30:00,143.6,18,63,39.9,0,0,0
2026-09-13 17:35:00,145.8,6,69,38.5,0,0,0
2026-09-13 17:40:00,145.2,475,94,41.4,0,0,0
2026-09-13 17:45:00,147.9,467,96,36.9,0,0,0
2026-09-13 17:50:00,149.3,2,64,38.0,0,0,0
2026-09-13 17:55:00,154.0,16,69,35.9,0,0,0
2026-09-13 18:00:00,152.4,8,64,36.7,0,0,0
2026-09-13 18:05:00,152.4,5,65,38.0,0,0,0
2026-09-13 18:10:00,153.1,6,70,39.0,0,0,0
2026-09-13 18:15:00,147.7,16,65,39.6,0,0,0
2026-09-13 18:20:00,144.3,18,65,37.6,0,0,0
2026-09-13 18:25:00,146.6,8,65,36.1,0,0,0
2026-09-13 18:30:00,148.5,12,64,35.9,0,0,0
2026-09-13 18:35:00,154.3,5,65,40.6,0,0,0
2026-09-13 18:40:00,149.3,4,65,37.4,0,0,0
2026-09-13 18:45:00,147.7,11,65,39.6,0,0,0
2026-09-13 18:50:00,144.2,5,67,37.1,0,0,0
2026-09-13 18:55:00,141.8,6,64,34.8,0,0,0
2026-09-13 19:00:00,143.2,7,64,37.1,0,0,0
2026-09-13 19:05:00,138.3,8,65,41.4,0,0,0
2026-09-13 19:10:00,138.3,12,69,35.2,0,0,0
2026-09-13 19:15:00,139.4,2,65,35.5,0,0,0
2026-09-13 19:20:00,138.6,7,66,40.1,0,0,0
2026-09-13 19:25:00,140.6,3,62,36.7,0,0,0
2026-09-13 19:30:00,142.8,3,64,37.7,0,0,0
2026-09-13 19:35:00,142.6,2,64,40.2,0,0,0
2026-09-13 19:40:00,142.1,418,88,37.5,0,0,0
2026-09-13 19:45:00,138.4,424,91,38.6,0,0,0
2026-09-13 19:50:00,142.7,15,62,40.2,0,0,0
2026-09-13 19:55:00,142.0,6,63,35.6,0,0,0
2026-09-13 20:00:00,139.6,12,62,36.8,0,0,0
2026-09-13 20:05:00,136.6,8,65,36.8,0,0,0
2026-09-13 20:10:00,135.8,16,63,38.2,0,0,0
2026-09-13 20:15:00,134.9,11,64,37.7,0,0,0
2026-09-13 20:20:00,136.3,8,65,38.8,0,0,0
2026-09-13 20:25:00,132.6,15,64,38.2,0,0,0
2026-09-13 20:30:00,133.7,12,67,33.4,0,0,0
2026-09-13 20:35:00,134.2,6,66,39.4,0,0,0
2026-09-13 20:40:00,133.3,5,64,39.5,0,0,0
2026-09-13 20:45:00,133.4,8,64,40.0,0,0,0
2026-09-13 20:50:00,133.4,7,66,36.0,0,0,0
2026-09-13 20:55:00,131.9,7,62,36.7,0,0,0
2026-09-13 21:00:00,130.0,3,64,35.4,0,0,0
2026-09-13 21:05:00,124.9,10,69,39.1,0,49,68
2026-09-13 21:10:00,131.8,14,70,37.0,0,0,0
2026-09-13 21:15:00,136.7,9,67,35.2,0,0,0
2026-09-13 21:20:00,141.2,510,96,38.3,0,0,0
2026-09-13 21:25:00,146.7,507,93,39.8,0,0,0
2026-09-13 21:30:00,147.2,8,68,36.6,0,0,0
2026-09-13 21:35:00,145.3,4,68,38.2,0,0,0
2026-09-13 21:40:00,145.1,20,67,37.7,0,0,0
2026-09-13 21:45:00,143.0,9,64,36.5,0,0,0
2026-09-13 21:50:00,141.4,11,62,41.3,0,0,0
2026-09-13 21:55:00,140.7,8,67,37.4,0,0,0
2026-09-13 22:00:00,142.5,8,64,40.3,0,0,0
2026-09-13 22:05:00,144.1,3,66,38.0,0,0,0
2026-09-13 22:10:00,142.7,7,64,40.2,0,0,0
2026-09-13 22:15:00,141.5,5,63,39.1,0,0,0
2026-09-13 22:20:00,140.1,6,65,38.4,0,0,0
2026-09-13 22:25:00,144.9,5,65,36.4,0,0,0
2026-09-13 22:30:00,142.2,7,63,37.8,0,0,0
2026-09-13 22:35:00,144.8,2,66,39.0,0,0,0
2026-09-13 22:40:00,143.4,4,63,35.4,0,0,0
2026-09-13 22:45:00,145.5,9,65,37.5,0,0,0
2026-09-13 22:50:00,144.4,2,62,37.4,0,0,0
2026-09-13 22:55:00,145.0,6,67,40.5,0,0,0
2026-09-13 23:00:00,144.3,3,62,39.7,0,0,0
2026-09-13 23:05:00,143.8,12,62,38.6,0,0,0
2026-09-13 23:10:00,142.5,4,66,40.8,0,0,0
2026-09-13 23:15:00,140.8,1,67,38.6,0,0,0
2026-09-13 23:20:00,140.2,8,61,35.3,0,0,0
2026-09-13 23:25:00,143.5,0,53,64.7,1,0,0
2026-09-13 23:30:00,144.7,1,56,62.0,1,0,0
2026-09-13 23:35:00,148.9,1,55,64.2,1,0,0
2026-09-13 23:40:00,148.7,0,57,63.4,1,0,0
2026-09-13 23:45:00,144.6,0,58,62.1,1,0,0
2026-09-13 23:50:00,142.2,0,54,62.9,1,0,0
2026-09-13 23:55:00,142.9,0,56,63.8,1,0,0
2026-09-14 00:00:00,140.7,1,58,60.5,1,0,0
2026-09-14 00:05:00,140.7,1,57,60.2,1,0,0
2026-09-14 00:10:00,142.1,2,55,63.6,1,0,0
2026-09-14 00:15:00,140.2,1,53,58.4,1,0,0
2026-09-14 00:20:00,138.5,0,53,61.3,1,0,0
2026-09-14 00:25:00,135.4,0,55,60.4,1,0,0
2026-09-14 00:30:00,136.5,1,56,64.2,1,0,0
2026-09-14 00:35:00,139.4,0,57,61.6,1,0,0
2026-09-14 00:40:00,138.5,0,55,63.0,1,0,0
2026-09-14 00:45:00,136.9,0,56,64.1,1,0,0
2026-09-14 00:50:00,137.1,1,56,60.6,1,0,0
2026-09-14 00:55:00,135.3,0,56,63.3,1,0,0
2026-09-14 01:00:00,136.1,0,59,61.5,1,0,0
2026-09-14 01:05:00,132.2,1,55,59.9,1,0,0
2026-09-14 01:10:00,132.4,0,57,63.5,1,0,0
2026-09-14 01:15:00,133.2,2,56,61.1,1,0,0
2026-09-14 01:20:00,135.5,1,55,63.0,1,0,0
2026-09-14 01:25:00,133.2,0,57,58.5,1,0,0
2026-09-14 01:30:00,132.5,1,57,63.3,1,0,0
2026-09-14 01:35:00,127.7,0,55,61.9,1,0,0
2026-09-14 01:40:00,129.2,0,52,58.6,1,0,0
2026-09-14 01:45:00,130.6,0,55,59.1,1,0,0
2026-09-14 01:50:00,128.1,0,55,63.4,1,0,0
2026-09-14 01:55:00,128.2,0,58,63.7,1,0,0
2026-09-14 02:00:00,129.7,0,55,61.3,1,0,0
2026-09-14 02:05:00,129.5,0,57,59.3,1,0,0
2026-09-14 02:10:00,127.4,0,54,62.6,1,0,0
2026-09-14 02:15:00,128.1,0,61,63.6,1,0,0
2026-09-14 02:20:00,129.1,0,55,62.5,1,0,0
2026-09-14 02:25:00,130.7,0,60,58.8,1,0,0
2026-09-14 02:30:00,133.8,1,56,62.1,1,0,0
2026-09-14 02:35:00,132.5,1,56,61.0,1,0,0
2026-09-14 02:40:00,133.3,1,56,59.8,1,0,0
2026-09-14 02:45:00,132.8,0,56,63.9,1,0,0
2026-09-14 02:50:00,132.9,0,60,62.2,1,0,0
2026-09-14 02:55:00,128.7,1,52,61.1,1,0,0
2026-09-14 03:00:00,128.1,1,56,58.4,1,0,0
2026-09-14 03:05:00,128.2,0,57,62.5,1,0,0
2026-09-14 03:10:00,127.0,0,55,64.5,1,0,0
2026-09-14 03:15:00,127.4,0,54,59.9,1,0,0
2026-09-14 03:20:00,126.1,0,57,58.9,1,0,0
2026-09-14 03:25:00,128.4,0,55,64.8,1,0,0
2026-09-14 03:30:00,130.2,0,57,60.2,1,0,0
2026-09-14 03:35:00,129.8,0,55,60.7,1,0,0
2026-09-14 03:40:00,126.8,1,52,63.1,1,0,0
2026-09-14 03:45:00,125.7,0,55,61.6,1,0,0
2026-09-14 03:50:00,125.6,0,56,60.4,1,0,0
2026-09-14 03:55:00,124.5,0,53,60.3,1,0,0
2026-09-14 04:00:00,127.3,1,52,59.7,1,0,0
2026-09-14 04:05:00,125.9,0,56,64.5,1,0,0
2026-09-14 04:10:00,128.6,0,58,64.6,1,0,0
2026-09-14 04:15:00,129.7,0,57,64.3,1,0,0
2026-09-14 04:20:00,127.1,0,60,57.3,1,0,0
2026-09-14 04:25:00,126.1,0,56,63.9,1,0,0
2026-09-14 04:30:00,127.0,0,57,66.0,1,0,0
2026-09-14 04:35:00,129.0,1,53,61.2,1,0,0
2026-09-14 04:40:00,129.3,0,50,60.0,1,0,0
2026-09-14 04:45:00,129.8,0,58,64.1,1,0,0
2026-09-14 04:50:00,129.1,1,53,59.0,1,0,0
2026-09-14 04:55:00,129.8,0,56,61.6,1,0,0
2026-09-14 05:00:00,131.9,1,54,62.4,1,0,0
2026-09-14 05:05:00,131.8,0,58,63.9,1,0,0
2026-09-14 05:10:00,131.4,0,56,62.1,1,0,0
2026-09-14 05:15:00,132.0,0,54,62.2,1,0,0
2026-09-14 05:20:00,133.7,0,56,62.6,1,0,0
2026-09-14 05:25:00,134.7,3,65,36.6,0,0,0
2026-09-14 05:30:00,136.7,7,64,39.6,0,0,0
2026-09-14 05:35:00,137.4,20,64,40.3,0,0,0
2026-09-14 05:40:00,138.0,5,65,36.1,0,0,0
2026-09-14 05:45:00,140.6,6,65,35.6,0,0,0
2026-09-14 05:50:00,135.5,9,65,34.2,0,0,0
2026-09-14 05:55:00,136.1,18,64,38.8,0,0,0
2026-09-14 06:00:00,135.0,19,66,39.0,0,0,0
2026-09-14 06:05:00,135.8,12,66,37.5,0,0,0
2026-09-14 06:10:00,140.6,12,62,43.0,0,0,0
2026-09-14 06:15:00,138.8,9,65,37.2,0,0,0
2026-09-14 06:20:00,138.3,7,68,35.3,0,0,0
2026-09-14 06:25:00,136.7,7,62,38.7,0,0,0
2026-09-14 06:30:00,139.2,2,65,40.8,0,0,0
2026-09-14 06:35:00,137.1,3,63,36.0,0,0,0
2026-09-14 06:40:00,136.6,6,68,35.3,0,0,0
2026-09-14 06:45:00,141.3,6,65,37.0,0,0,0
2026-09-14 06:50:00,143.0,10,67,38.0,0,0,0
2026-09-14 06:55:00,141.0,13,65,39.6,0,0,0
2026-09-14 07:00:00,142.0,17,64,38.5,0,0,0
2026-09-14 07:05:00,141.9,7,65,39.5,0,0,0
2026-09-14 07:10:00,141.8,9,68,40.9,0,0,0
2026-09-14 07:15:00,142.5,11,66,38.5,0,0,0
2026-09-14 07:20:00,140.1,4,61,39.4,0,0,0
2026-09-14 07:25:00,141.7,10,65,35.4,0,0,0
2026-09-14 07:30:00,140.5,7,61,34.4,0,0,0
2026-09-14 07:35:00,141.2,19,63,39.5,0,0,0
2026-09-14 07:40:00,140.3,5,63,38.5,0,0,0
2026-09-14 07:45:00,143.0,5,61,33.8,0,0,0
2026-09-14 07:50:00,144.1,3,65,38.4,0,0,0
2026-09-14 07:55:00,147.2,2,66,33.8,0,0,0
2026-09-14 08:00:00,144.8,2,60,38.4,0,0,0
2026-09-14 08:05:00,142.7,7,64,34.3,0,0,0
2026-09-14 08:10:00,142.9,10,66,38.9,0,0,0
2026-09-14 08:15:00,141.1,8,69,37.5,0,29,55
2026-09-14 08:20:00,144.3,12,68,33.6,0,0,0
2026-09-14 08:25:00,147.2,8,67,36.8,0,0,0
2026-09-14 08:30:00,144.3,9,67,38.2,0,0,0
2026-09-14 08:35:00,141.9,15,68,39.6,0,0,0
2026-09-14 08:40:00,143.9,12,69,38.0,0,0,0
2026-09-14 08:45:00,141.0,15,67,38.4,0,0,0
2026-09-14 08:50:00,142.5,9,64,39.4,0,0,0
2026-09-14 08:55:00,143.3,8,63,36.4,0,0,0
2026-09-14 09:00:00,144.8,8,66,39.4,0,0,0
2026-09-14 09:05:00,144.9,2,63,37.8,0,0,0
2026-09-14 09:10:00,145.1,8,66,38.2,0,0,0
2026-09-14 09:15:00,142.3,16,66,36.6,0,0,0
2026-09-14 09:20:00,144.0,7,67,37.6,0,0,0
2026-09-14 09:25:00,141.9,3,68,38.0,0,0,0
2026-09-14 09:30:00,144.2,16,64,36.2,0,0,0
2026-09-14 09:35:00,141.0,9,64,37.5,0,0,0
2026-09-14 09:40:00,139.8,14,70,38.2,0,0,0
2026-09-14 09:45:00,138.7,12,65,36.7,0,0,0
2026-09-14 09:50:00,136.9,14,63,37.2,0,0,0
2026-09-14 09:55:00,137.9,3,63,37.1,0,0,0
2026-09-14 10:00:00,135.4,2,65,39.3,0,0,0
2026-09-14 10:05:00,135.9,7,64,40.5,0,0,0
2026-09-14 10:10:00,139.0,6,64,36.0,0,0,0
2026-09-14 10:15:00,136.4,26,66,35.3,0,0,0
2026-09-14 10:20:00,134.2,13,62,40.8,0,0,0
2026-09-14 10:25:00,135.0,11,65,38.5,0,0,0
2026-09-14 10:30:00,136.1,13,64,38.0,0,0,0
2026-09-14 10:35:00,134.7,14,66,37.6,0,0,0
2026-09-14 10:40:00,136.2,10,62,34.5,0,0,0
2026-09-14 10:45:00,136.0,4,63,37.7,0,0,0
2026-09-14 10:50:00,135.5,11,64,37.9,0,0,0
2026-09-14 10:55:00,132.9,7,65,42.2,0,0,0
2026-09-14 11:00:00,131.1,10,69,39.2,0,0,0
2026-09-14 11:05:00,132.4,457,93,37.3,0,0,0
2026-09-14 11:10:00,132.5,459,88,38.4,0,0,0
2026-09-14 11:15:00,130.6,12,67,36.2,0,0,0
2026-09-14 11:20:00,130.6,5,63,36.8,0,0,0
2026-09-14 11:25:00,131.0,8,63,38.8,0,0,0
2026-09-14 11:30:00,128.6,3,63,38.2,0,0,0
2026-09-14 11:35:00,125.9,6,65,41.0,0,0,0
2026-09-14 11:40:00,125.6,5,65,35.5,0,0,0
2026-09-14 11:45:00,127.5,7,65,39.1,0,0,0
2026-09-14 11:50:00,132.7,5,63,35.8,0,0,0
2026-09-14 11:55:00,134.6,8,68,32.4,0,0,0
2026-09-14 12:00:00,138.1,8,65,37.5,0,0,0
2026-09-14 12:05:00,138.1,5,63,38.0,0,0,0
2026-09-14 12:10:00,137.7,27,63,35.9,0,0,0
2026-09-14 12:15:00,140.8,6,65,37.4,0,0,0
2026-09-14 12:20:00,140.3,2,59,40.5,0,0,0
2026-09-14 12:25:00,138.9,10,65,38.2,0,0,0
2026-09-14 12:30:00,139.3,6,68,38.4,0,0,0
2026-09-14 12:35:00,139.3,5,63,36.2,0,0,0
2026-09-14 12:40:00,137.3,8,66,34.7,0,0,0
2026-09-14 12:45:00,138.0,6,69,39.8,0,0,0
2026-09-14 12:50:00,133.8,6,63,38.8,0,0,0
2026-09-14 12:55:00,128.4,2,65,37.2,0,0,0
2026-09-14 13:00:00,129.0,17,64,36.0,0,0,0
2026-09-14 13:05:00,128.5,6,63,37.5,0,0,0
2026-09-14 13:10:00,128.1,1,65,38.2,0,0,0
2026-09-14 13:15:00,124.1,10,65,36.9,0,0,0
2026-09-14 13:20:00,126.5,1,62,34.9,0,0,0
2026-09-14 13:25:00,125.6,9,66,38.9,0,0,0
2026-09-14 13:30:00,123.3,10,65,38.7,0,0,0
2026-09-14 13:35:00,122.7,2,63,38.2,0,0,0
2026-09-14 13:40:00,122.1,7,63,36.6,0,0,0
2026-09-14 13:45:00,121.8,5,63,41.5,0,0,0
2026-09-14 13:50:00,123.9,11,65,40.1,0,0,0
2026-09-14 13:55:00,126.5,29,63,38.7,0,0,0
2026-09-14 14:00:00,124.9,12,68,38.7,0,70,68
2026-09-14 14:05:00,134.5,17,66,40.3,0,0,0
2026-09-14 14:10:00,140.7,7,67,35.8,0,0,0
2026-09-14 14:15:00,150.6,3,67,36.2,0,0,0
2026-09-14 14:20:00,154.9,11,68,35.9,0,0,0
2026-09-14 14:25:00,160.6,8,71,39.9,0,0,0
2026-09-14 14:30:00,163.8,11,64,36.4,0,0,0
2026-09-14 14:35:00,166.0,9,65,38.6,0,0,0
2026-09-14 14:40:00,167.3,5,63,39.6,0,0,0
2026-09-14 14:45:00,167.8,4,67,39.5,0,0,0
2026-09-14 14:50:00,170.6,9,69,36.2,0,0,0
2026-09-14 14:55:00,169.9,7,62,42.1,0,0,0
2026-09-14 15:00:00,169.4,24,61,37.7,0,0,0
2026-09-14 15:05:00,166.5,5,63,38.5,0,0,0
2026-09-14 15:10:00,160.2,7,68,36.3,0,0,0
2026-09-14 15:15:00,159.2,4,62,38.6,0,0,0
2026-09-14 15:20:00,156.8,13,63,39.0,0,0,0
2026-09-14 15:25:00,154.4,6,65,37.4,0,0,0
2026-09-14 15:30:00,153.0,9,64,36.5,0,0,0
2026-09-14 15:35:00,152.2,13,62,39.2,0,0,0
2026-09-14 15:40:00,151.9,17,65,38.2,0,0,0
2026-09-14 15:45:00,149.7,1,64,38.1,0,0,0
2026-09-14 15:50:00,152.4,9,67,37.0,0,0,0
2026-09-14 15:55:00,151.8,4,65,40.3,0,0,0
2026-09-14 16:00:00,152.0,8,65,39.1,0,0,0
2026-09-14 16:05:00,152.2,2,63,36.3,0,0,0
2026-09-14 16:10:00,151.1,12,66,36.7,0,0,0
2026-09-14 16:15:00,150.7,9,63,35.2,0,0,0
2026-09-14 16:20:00,149.7,9,62,40.7,0,0,0
2026-09-14 16:25:00,144.9,14,63,40.9,0,0,0
2026-09-14 16:30:00,145.3,13,62,34.2,0,0,0
2026-09-14 16:35:00,146.0,4,67,40.0,0,0,0
2026-09-14 16:40:00,143.9,17,65,35.9,0,0,0
2026-09-14 16:45:00,144.6,6,63,37.3,0,0,0
2026-09-14 16:50:00,144.2,6,66,36.9,0,0,0
2026-09-14 16:55:00,140.0,11,66,37.6,0,0,0
2026-09-14 17:00:00,137.9,10,66,38.0,0,0,0
2026-09-14 17:05:00,139.2,14,65,39.1,0,0,0
2026-09-14 17:10:00,136.7,9,63,37.1,0,0,0
2026-09-14 17:15:00,135.0,14,65,39.6,0,0,0
2026-09-14 17:20:00,135.7,6,63,40.2,0,0,0
2026-09-14 17:25:00,135.4,12,61,37.7,0,0,0
2026-09-14 17:30:00,137.4,20,63,37.4,0,0,0
2026-09-14 17:35:00,133.8,12,60,38.4,0,0,0
2026-09-14 17:40:00,133.0,6,65,35.8,0,0,0
2026-09-14 17:45:00,130.6,1,62,37.6,0,0,0
2026-09-14 17:50:00,128.1,7,61,37.5,0,0,0
2026-09-14 17:55:00,128.6,8,67,40.9,0,0,0
2026-09-14 18:00:00,129.8,17,66,39.1,0,0,0
2026-09-14 18:05:00,128.1,12,62,38.6,0,0,0
2026-09-14 18:10:00,126.8,12,66,37.5,0,0,0
2026-09-14 18:15:00,125.6,7,68,34.4,0,0,0
2026-09-14 18:20:00,126.7,6,59,38.2,0,0,0
2026-09-14 18:25:00,128.0,7,62,36.2,0,0,0
2026-09-14 18:30:00,131.7,13,65,35.1,0,0,0
2026-09-14 18:35:00,131.1,14,65,38.7,0,0,0
2026-09-14 18:40:00,133.3,10,66,39.9,0,0,0
2026-09-14 18:45:00,130.9,10,67,35.0,0,0,0
2026-09-14 18:50:00,129.2,7,65,36.1,0,0,0
2026-09-14 18:55:00,133.3,8,61,38.4,0,0,0
2026-09-14 19:00:00,131.2,3,64,41.5,0,0,0
2026-09-14 19:05:00,130.7,11,63,38.7,0,0,0
2026-09-14 19:10:00,129.3,6,67,38.1,0,0,0
2026-09-14 19:15:00,130.7,22,65,34.1,0,0,0
2026-09-14 19:20:00,133.0,6,64,35.2,0,0,0
2026-09-14 19:25:00,135.9,9,65,41.6,0,0,0
2026-09-14 19:30:00,136.3,13,61,37.4,0,0,0
2026-09-14 19:35:00,135.1,13,68,37.3,0,0,0
2026-09-14 19:40:00,133.5,14,65,37.9,0,0,0
2026-09-14 19:45:00,135.1,3,65,37.1,0,0,0
2026-09-14 19:50:00,133.6,12,67,37.9,0,0,0
2026-09-14 19:55:00,132.5,12,66,38.5,0,0,0
2026-09-14 20:00:00,133.5,5,65,35.0,0,0,0
2026-09-14 20:05:00,133.8,10,62,40.3,0,0,0
2026-09-14 20:10:00,130.3,7,64,38.4,0,0,0
2026-09-14 20:15:00,130.5,13,65,38.7,0,0,0
2026-09-14 20:20:00,125.3,7,68,37.3,0,0,0
2026-09-14 20:25:00,127.4,9,66,38.3,0,0,0
2026-09-14 20:30:00,127.7,3,69,36.6,0,64,55
2026-09-14 20:35:00,135.4,5,66,39.2,0,0,0
2026-09-14 20:40:00,141.3,5,69,39.1,0,0,0
2026-09-14 20:45:00,146.0,10,70,37.3,0,0,0
2026-09-14 20:50:00,150.7,7,69,38.0,0,0,0
2026-09-14 20:55:00,156.2,1,64,37.5,0,0,0
2026-09-14 21:00:00,161.0,9,64,38.1,0,0,0
2026-09-14 21:05:00,160.5,7,62,38.7,0,0,0
2026-09-14 21:10:00,162.2,7,63,37.5,0,0,0
2026-09-14 21:15:00,160.7,8,69,38.4,0,0,0
2026-09-14 21:20:00,161.7,6,67,38.8,0,0,0
2026-09-14 21:25:00,161.5,5,67,38.6,0,0,0
2026-09-14 21:30:00,163.6,4,62,39.6,0,0,0
2026-09-14 21:35:00,161.1,12,67,37.7,0,0,0
2026-09-14 21:40:00,159.8,6,65,37.7,0,0,0
2026-09-14 21:45:00,156.4,3,62,37.8,0,0,0
2026-09-14 21:50:00,158.0,6,65,43.1,0,0,0
2026-09-14 21:55:00,153.4,6,66,41.5,0,0,0
2026-09-14 22:00:00,153.8,9,63,35.5,0,0,0
2026-09-14 22:05:00,155.3,11,66,37.0,0,0,0
2026-09-14 22:10:00,153.6,4,66,38.6,0,0,0
2026-09-14 22:15:00,150.6,7,65,36.6,0,0,0
2026-09-14 22:20:00,146.3,6,63,38.1,0,0,0
2026-09-14 22:25:00,147.7,8,63,34.2,0,0,0
2026-09-14 22:30:00,145.2,11,66,37.4,0,0,0
2026-09-14 22:35:00,143.6,8,60,34.8,0,0,0
2026-09-14 22:40:00,143.5,5,63,40.5,0,0,0
2026-09-14 22:45:00,141.1,2,69,38.3,0,0,0
2026-09-14 22:50:00,137.2,12,62,38.6,0,0,0
2026-09-14 22:55:00,137.6,8,64,35.7,0,0,0
2026-09-14 23:00:00,136.2,5,65,39.5,0,0,0
2026-09-14 23:05:00,135.9,9,68,38.0,0,0,0
2026-09-14 23:10:00,137.0,12,65,39.2,0,0,0
2026-09-14 23:15:00,137.8,12,66,37.8,0,0,0
2026-09-14 23:20:00,137.5,6,61,37.9,0,0,0
2026-09-14 23:25:00,139.5,8,64,40.3,0,0,0
2026-09-14 23:30:00,140.3,12,62,39.3,0,0,0
2026-09-14 23:35:00,139.2,6,68,36.7,0,0,0
2026-09-14 23:40:00,138.6,6,62,37.2,0,0,0
2026-09-14 23:45:00,138.7,6,64,38.9,0,0,0
2026-09-14 23:50:00,139.0,1,66,39.5,0,0,0
2026-09-14 23:55:00,138.0,7,65,39.7,0,0,0
