timestamp,glucose_mgdl,steps,heart_rate,hrv_ms,sleeping,carbs_g,meal_gi
2026-09-01 00:00:00,112.0,2,60,53.1,1,0,0
2026-09-01 00:05:00,116.2,0,60,56.8,1,0,0
2026-09-01 00:10:00,117.9,1,59,59.3,1,0,0
2026-09-01 00:15:00,117.8,0,57,56.7,1,0,0
2026-09-01 00:20:00,115.5,0,58,60.4,1,0,0
2026-09-01 00:25:00,115.2,0,57,58.0,1,0,0
2026-09-01 00:30:00,115.0,0,60,56.7,1,0,0
2026-09-01 00:35:00,116.1,0,57,61.7,1,0,0
2026-09-01 00:40:00,113.5,0,58,61.0,1,0,0
2026-09-01 00:45:00,113.5,0,59,61.0,1,0,0
2026-09-01 00:50:00,109.9,0,58,60.7,1,0,0
2026-09-01 00:55:00,109.6,0,56,54.7,1,0,0
2026-09-01 01:00:00,110.7,0,58,55.7,1,0,0
2026-09-01 01:05:00,110.5,0,58,60.3,1,0,0
2026-09-01 01:10:00,110.7,1,55,55.5,1,0,0
2026-09-01 01:15:00,113.1,1,52,57.0,1,0,0
2026-09-01 01:20:00,113.0,1,57,58.4,1,0,0
2026-09-01 01:25:00,111.5,0,57,56.9,1,0,0
2026-09-01 01:30:00,110.5,1,61,57.3,1,0,0
2026-09-01 01:35:00,109.9,1,57,60.3,1,0,0
2026-09-01 01:40:00,109.2,0,57,57.6,1,0,0
2026-09-01 01:45:00,105.0,0,59,55.7,1,0,0
2026-09-01 01:50:00,105.8,0,59,54.4,1,0,0
2026-09-01 01:55:00,108.2,0,56,53.7,1,0,0
2026-09-01 02:00:00,107.4,0,56,57.1,1,0,0
2026-09-01 02:05:00,111.3,0,60,54.4,1,0,0
2026-09-01 02:10:00,110.8,0,58,55.9,1,0,0
2026-09-01 02:15:00,115.6,0,62,60.0,1,0,0
2026-09-01 02:20:00,113.2,0,59,58.7,1,0,0
2026-09-01 02:25:00,112.3,1,57,58.2,1,0,0
2026-09-01 02:30:00,111.1,0,58,59.0,1,0,0
2026-09-01 02:35:00,111.5,0,58,56.9,1,0,0
2026-09-01 02:40:00,113.0,0,58,60.3,1,0,0
2026-09-01 02:45:00,115.6,0,61,59.0,1,0,0
2026-09-01 02:50:00,116.6,1,58,60.7,1,0,0
2026-09-01 02:55:00,113.6,0,59,56.1,1,0,0
2026-09-01 03:00:00,114.8,1,59,57.5,1,0,0
2026-09-01 03:05:00,115.5,0,58,55.6,1,0,0
2026-09-01 03:10:00,116.5,0,59,58.3,1,0,0
2026-09-01 03:15:00,115.1,0,59,57.9,1,0,0
2026-09-01 03:20:00,111.8,0,55,57.3,1,0,0
2026-09-01 03:25:00,111.2,2,59,56.8,1,0,0
2026-09-01 03:30:00,112.6,1,58,60.5,1,0,0
2026-09-01 03:35:00,109.1,0,57,56.6,1,0,0
2026-09-01 03:40:00,108.8,0,60,58.2,1,0,0
2026-09-01 03:45:00,110.3,0,57,56.0,1,0,0
2026-09-01 03:50:00,110.0,1,61,54.2,1,0,0
2026-09-01 03:55:00,110.7,0,58,56.3,1,0,0
2026-09-01 04:00:00,113.0,0,54,54.8,1,0,0
2026-09-01 04:05:00,114.8,0,56,58.8,1,0,0
2026-09-01 04:10:00,116.3,0,61,60.0,1,0,0
2026-09-01 04:15:00,115.4,0,56,57.3,1,0,0
2026-09-01 04:20:00,114.8,1,56,58.1,1,0,0
2026-09-01 04:25:00,115.1,0,59,56.9,1,0,0
2026-09-01 04:30:00,115.1,1,54,54.8,1,0,0
2026-09-01 04:35:00,115.0,0,57,57.9,1,0,0
2026-09-01 04:40:00,113.9,1,60,54.0,1,0,0
2026-09-01 04:45:00,116.6,0,58,55.7,1,0,0
2026-09-01 04:50:00,118.9,0,57,54.7,1,0,0
2026-09-01 04:55:00,119.3,0,58,56.1,1,0,0
2026-09-01 05:00:00,119.2,1,53,56.8,1,0,0
2026-09-01 05:05:00,121.6,0,56,57.3,1,0,0
2026-09-01 05:10:00,123.7,0,58,59.9,1,0,0
2026-09-01 05:15:00,120.6,0,57,59.3,1,0,0
2026-09-01 05:20:00,122.6,0,60,55.9,1,0,0
2026-09-01 05:25:00,119.8,0,61,56.0,1,0,0
2026-09-01 05:30:00,119.5,0,61,55.2,1,0,0
2026-09-01 05:35:00,117.4,0,58,56.3,1,0,0
2026-09-01 05:40:00,116.4,1,57,58.0,1,0,0
2026-09-01 05:45:00,118.1,0,56,57.2,1,0,0
2026-09-01 05:50:00,116.7,0,58,58.6,1,0,0
2026-09-01 05:55:00,115.5,0,59,57.6,1,0,0
2026-09-01 06:00:00,114.0,6,65,33.8,0,0,0
2026-09-01 06:05:00,114.5,3,65,36.2,0,0,0
2026-09-01 06:10:00,114.8,9,66,33.2,0,0,0
2026-09-01 06:15:00,116.0,4,68,35.4,0,0,0
2026-09-01 06:20:00,116.4,3,66,38.7,0,0,0
2026-09-01 06:25:00,119.8,11,66,31.1,0,0,0
2026-09-01 06:30:00,118.9,5,62,34.1,0,0,0
2026-09-01 06:35:00,117.3,6,65,36.1,0,0,0
2026-09-01 06:40:00,118.0,8,65,32.9,0,0,0
2026-09-01 06:45:00,116.1,5,69,36.6,0,0,0
2026-09-01 06:50:00,116.7,9,67,34.4,0,0,0
2026-09-01 06:55:00,120.8,10,63,33.2,0,0,0
2026-09-01 07:00:00,122.4,7,67,34.5,0,0,0
2026-09-01 07:05:00,122.9,6,70,36.3,0,0,0
2026-09-01 07:10:00,120.1,7,65,36.9,0,0,0
2026-09-01 07:15:00,120.8,7,68,36.2,0,0,0
2026-09-01 07:20:00,119.3,5,65,38.5,0,0,0
2026-09-01 07:25:00,120.5,6,66,37.5,0,0,0
2026-09-01 07:30:00,120.2,4,64,36.2,0,0,0
2026-09-01 07:35:00,118.2,6,69,35.1,0,31,50
2026-09-01 07:40:00,119.8,3,66,38.8,0,0,0
2026-09-01 07:45:00,117.4,5,73,32.9,0,0,0
2026-09-01 07:50:00,120.1,6,71,35.2,0,0,0
2026-09-01 07:55:00,124.8,6,70,36.9,0,0,0
2026-09-01 08:00:00,125.9,15,71,32.7,0,0,0
2026-09-01 08:05:00,125.8,10,68,36.1,0,0,0
2026-09-01 08:10:00,129.7,15,66,36.9,0,0,0
2026-09-01 08:15:00,126.2,5,67,33.0,0,0,0
2026-09-01 08:20:00,123.4,6,64,32.9,0,0,0
2026-09-01 08:25:00,124.6,8,68,35.7,0,0,0
2026-09-01 08:30:00,124.6,6,65,36.0,0,0,0
2026-09-01 08:35:00,120.7,11,67,36.5,0,0,0
2026-09-01 08:40:00,121.9,9,66,37.6,0,0,0
2026-09-01 08:45:00,123.2,5,67,37.9,0,0,0
2026-09-01 08:50:00,120.9,6,68,37.6,0,0,0
2026-09-01 08:55:00,120.6,9,65,36.4,0,0,0
2026-09-01 09:00:00,120.7,9,67,34.6,0,0,0
2026-09-01 09:05:00,121.3,12,69,36.8,0,0,0
2026-09-01 09:10:00,121.3,6,64,32.1,0,0,0
2026-09-01 09:15:00,127.2,8,65,36.9,0,0,0
2026-09-01 09:20:00,125.1,12,65,39.3,0,0,0
2026-09-01 09:25:00,125.0,2,66,31.1,0,0,0
2026-09-01 09:30:00,122.0,9,66,33.1,0,0,0
2026-09-01 09:35:00,120.9,2,65,30.5,0,0,0
2026-09-01 09:40:00,120.0,14,63,38.1,0,0,0
2026-09-01 09:45:00,121.0,4,65,34.5,0,0,0
2026-09-01 09:50:00,120.2,8,65,34.6,0,0,0
2026-09-01 09:55:00,120.4,3,67,35.4,0,0,0
2026-09-01 10:00:00,119.8,11,70,37.9,0,0,0
2026-09-01 10:05:00,119.3,5,66,35.8,0,0,0
2026-09-01 10:10:00,118.9,12,66,33.2,0,0,0
2026-09-01 10:15:00,118.9,6,66,33.6,0,0,0
2026-09-01 10:20:00,118.9,6,67,32.4,0,0,0
2026-09-01 10:25:00,117.1,12,68,38.2,0,0,0
2026-09-01 10:30:00,117.7,12,68,31.8,0,0,0
2026-09-01 10:35:00,116.4,8,69,36.4,0,0,0
2026-09-01 10:40:00,115.6,1,64,30.7,0,0,0
2026-09-01 10:45:00,117.5,8,67,34.4,0,0,0
2026-09-01 10:50:00,113.9,10,66,33.8,0,0,0
2026-09-01 10:55:00,109.1,9,70,34.8,0,0,0
2026-09-01 11:00:00,109.0,6,64,36.7,0,0,0
2026-09-01 11:05:00,108.1,11,66,33.7,0,0,0
2026-09-01 11:10:00,108.8,15,67,39.5,0,0,0
2026-09-01 11:15:00,109.5,18,70,30.2,0,0,0
2026-09-01 11:20:00,112.6,25,68,35.0,0,0,0
2026-09-01 11:25:00,113.6,12,67,35.3,0,0,0
2026-09-01 11:30:00,109.6,5,69,32.3,0,0,0
2026-09-01 11:35:00,109.1,10,69,37.8,0,0,0
2026-09-01 11:40:00,108.2,5,71,36.7,0,0,0
2026-09-01 11:45:00,108.8,10,67,37.8,0,0,0
2026-09-01 11:50:00,109.0,6,66,37.3,0,0,0
2026-09-01 11:55:00,106.6,11,66,36.4,0,0,0
2026-09-01 12:00:00,107.2,13,68,32.0,0,0,0
2026-09-01 12:05:00,103.8,3,65,34.5,0,0,0
2026-09-01 12:10:00,106.6,15,67,34.4,0,0,0
2026-09-01 12:15:00,108.4,6,65,37.3,0,0,0
2026-09-01 12:20:00,114.8,12,67,37.3,0,0,0
2026-09-01 12:25:00,115.9,3,65,33.6,0,0,0
2026-09-01 12:30:00,115.7,4,65,31.3,0,0,0
2026-09-01 12:35:00,116.5,8,66,34.7,0,0,0
2026-09-01 12:40:00,116.8,15,67,36.8,0,0,0
2026-09-01 12:45:00,114.1,8,69,37.9,0,0,0
2026-09-01 12:50:00,113.6,9,70,36.0,0,0,0
2026-09-01 12:55:00,110.2,6,66,37.7,0,0,0
2026-09-01 13:00:00,107.5,4,66,36.9,0,0,0
2026-09-01 13:05:00,105.5,10,68,39.2,0,0,0
2026-09-01 13:10:00,103.5,5,66,31.5,0,0,0
2026-09-01 13:15:00,101.4,6,65,34.4,0,0,0
2026-09-01 13:20:00,100.0,12,62,35.4,0,0,0
2026-09-01 13:25:00,103.4,10,65,34.9,0,0,0
2026-09-01 13:30:00,104.0,5,67,35.1,0,59,55
2026-09-01 13:35:00,113.2,11,68,34.9,0,0,0
2026-09-01 13:40:00,115.8,20,70,36.4,0,0,0
2026-09-01 13:45:00,120.8,10,72,36.7,0,0,0
2026-09-01 13:50:00,122.2,14,71,33.3,0,0,0
2026-09-01 13:55:00,125.0,9,68,36.6,0,0,0
2026-09-01 14:00:00,126.6,6,64,33.1,0,0,0
2026-09-01 14:05:00,127.8,16,65,34.4,0,0,0
2026-09-01 14:10:00,129.6,5,66,35.9,0,0,0
2026-09-01 14:15:00,132.3,15,65,36.0,0,0,0
2026-09-01 14:20:00,127.7,2,72,34.7,0,0,0
2026-09-01 14:25:00,127.3,11,65,33.8,0,0,0
2026-09-01 14:30:00,127.3,2,69,32.6,0,0,0
2026-09-01 14:35:00,127.3,12,67,37.0,0,0,0
2026-09-01 14:40:00,127.9,4,68,35.2,0,0,0
2026-09-01 14:45:00,125.7,3,66,33.9,0,0,0
2026-09-01 14:50:00,125.0,8,67,32.1,0,0,0
2026-09-01 14:55:00,120.5,7,65,35.2,0,0,0
2026-09-01 15:00:00,118.8,8,65,35.3,0,0,0
2026-09-01 15:05:00,117.5,16,67,34.9,0,0,0
2026-09-01 15:10:00,116.5,0,66,37.1,0,0,0
2026-09-01 15:15:00,121.6,13,70,32.7,0,0,0
2026-09-01 15:20:00,121.7,17,68,34.7,0,0,0
2026-09-01 15:25:00,120.8,4,63,32.0,0,0,0
2026-09-01 15:30:00,123.1,9,65,35.1,0,0,0
2026-09-01 15:35:00,121.4,8,63,37.0,0,0,0
2026-09-01 15:40:00,118.9,13,68,36.1,0,0,0
2026-09-01 15:45:00,120.4,4,69,35.7,0,0,0
2026-09-01 15:50:00,122.6,3,64,35.5,0,0,0
2026-09-01 15:55:00,118.5,13,65,34.8,0,0,0
2026-09-01 16:00:00,117.6,6,65,31.5,0,0,0
2026-09-01 16:05:00,117.3,7,63,34.2,0,0,0
2026-09-01 16:10:00,114.8,7,69,34.6,0,0,0
2026-09-01 16:15:00,115.9,7,68,36.5,0,0,0
2026-09-01 16:20:00,116.5,7,68,33.9,0,0,0
2026-09-01 16:25:00,115.3,8,67,40.0,0,0,0
2026-09-01 16:30:00,111.8,7,64,37.4,0,0,0
2026-09-01 16:35:00,110.1,17,66,37.6,0,0,0
2026-09-01 16:40:00,106.7,6,66,35.3,0,0,0
2026-09-01 16:45:00,109.8,7,69,35.5,0,0,0
2026-09-01 16:50:00,113.8,2,63,35.2,0,0,0
2026-09-01 16:55:00,113.8,11,70,38.1,0,0,0
2026-09-01 17:00:00,115.4,11,65,36.5,0,0,0
2026-09-01 17:05:00,115.8,8,67,33.9,0,0,0
2026-09-01 17:10:00,117.4,16,68,36.2,0,0,0
2026-09-01 17:15:00,117.8,12,70,35.7,0,0,0
2026-09-01 17:20:00,113.0,8,67,36.5,0,0,0
2026-09-01 17:25:00,110.0,12,69,35.1,0,0,0
2026-09-01 17:30:00,108.3,6,67,37.3,0,0,0
2026-09-01 17:35:00,108.7,6,66,32.7,0,0,0
2026-09-01 17:40:00,109.5,5,65,34.3,0,0,0
2026-09-01 17:45:00,112.8,16,68,37.3,0,0,0
2026-09-01 17:50:00,114.3,3,67,37.4,0,0,0
2026-09-01 17:55:00,114.5,32,69,33.4,0,0,0
2026-09-01 18:00:00,113.0,15,69,38.7,0,0,0
2026-09-01 18:05:00,114.2,2,66,35.8,0,0,0
2026-09-01 18:10:00,111.8,7,67,35.0,0,0,0
2026-09-01 18:15:00,109.3,20,66,31.8,0,0,0
2026-09-01 18:20:00,109.6,385,91,35.9,0,0,0
2026-09-01 18:25:00,113.3,378,88,38.5,0,0,0
2026-09-01 18:30:00,114.9,7,64,32.5,0,0,0
2026-09-01 18:35:00,118.1,15,68,35.8,0,0,0
2026-09-01 18:40:00,116.4,7,63,39.8,0,0,0
2026-09-01 18:45:00,115.2,19,65,32.6,0,0,0
2026-09-01 18:50:00,113.7,7,70,34.3,0,0,0
2026-09-01 18:55:00,112.9,6,67,35.7,0,0,0
2026-09-01 19:00:00,118.9,6,64,36.4,0,0,0
2026-09-01 19:05:00,117.6,7,67,37.0,0,0,0
2026-09-01 19:10:00,119.0,8,67,34.7,0,0,0
2026-09-01 19:15:00,118.6,12,66,36.8,0,0,0
2026-09-01 19:20:00,116.6,6,63,38.4,0,0,0
2026-09-01 19:25:00,115.6,4,69,31.4,0,0,0
2026-09-01 19:30:00,114.6,1,67,35.7,0,0,0
2026-09-01 19:35:00,116.1,14,67,37.1,0,0,0
2026-09-01 19:40:00,120.0,16,67,34.5,0,0,0
2026-09-01 19:45:00,120.9,4,68,35.0,0,0,0
2026-09-01 19:50:00,117.6,5,65,36.9,0,0,0
2026-09-01 19:55:00,117.6,7,65,37.4,0,0,0
2026-09-01 20:00:00,116.8,7,66,36.5,0,0,0
2026-09-01 20:05:00,118.5,13,67,36.5,0,0,0
2026-09-01 20:10:00,115.4,13,68,41.2,0,0,0
2026-09-01 20:15:00,114.7,13,66,32.8,0,0,0
2026-09-01 20:20:00,112.0,5,66,35.8,0,0,0
2026-09-01 20:25:00,110.0,5,67,35.6,0,0,0
2026-09-01 20:30:00,111.4,7,66,32.9,0,0,0
2026-09-01 20:35:00,114.1,12,65,37.6,0,0,0
2026-09-01 20:40:00,115.7,7,66,33.4,0,0,0
2026-09-01 20:45:00,110.1,5,68,34.6,0,0,0
2026-09-01 20:50:00,114.3,10,68,36.5,0,95,75
2026-09-01 20:55:00,127.3,9,71,35.1,0,0,0
2026-09-01 21:00:00,137.4,8,69,35.9,0,0,0
2026-09-01 21:05:00,145.7,11,76,34.6,0,0,0
2026-09-01 21:10:00,148.5,8,70,36.9,0,0,0
2026-09-01 21:15:00,154.3,15,71,35.8,0,0,0
2026-09-01 21:20:00,153.7,14,66,36.0,0,0,0
2026-09-01 21:25:00,155.5,15,65,35.3,0,0,0
2026-09-01 21:30:00,156.2,5,67,35.9,0,0,0
2026-09-01 21:35:00,155.4,4,64,35.7,0,0,0
2026-09-01 21:40:00,155.1,2,67,30.9,0,0,0
2026-09-01 21:45:00,155.0,13,67,35.3,0,0,0
2026-09-01 21:50:00,152.8,14,67,36.6,0,0,0
2026-09-01 21:55:00,147.8,14,65,35.1,0,0,0
2026-09-01 22:00:00,146.8,9,66,36.0,0,0,0
2026-09-01 22:05:00,148.9,6,65,37.9,0,0,0
2026-09-01 22:10:00,148.2,6,68,33.8,0,0,0
2026-09-01 22:15:00,144.7,5,66,38.1,0,0,0
2026-09-01 22:20:00,141.2,12,69,38.0,0,0,0
2026-09-01 22:25:00,138.1,11,69,33.9,0,0,0
2026-09-01 22:30:00,138.8,11,65,34.4,0,0,0
2026-09-01 22:35:00,138.1,13,68,32.8,0,0,0
2026-09-01 22:40:00,133.6,4,67,32.9,0,0,0
2026-09-01 22:45:00,134.6,4,66,36.8,0,0,0
2026-09-01 22:50:00,130.8,8,63,33.0,0,0,0
2026-09-01 22:55:00,128.9,11,67,33.3,0,0,0
2026-09-01 23:00:00,126.1,5,67,35.6,0,0,0
2026-09-01 23:05:00,122.4,2,67,36.3,0,0,0
2026-09-01 23:10:00,121.4,9,62,34.9,0,0,0
2026-09-01 23:15:00,121.2,21,68,33.4,0,0,0
2026-09-01 23:20:00,123.0,17,68,34.9,0,0,0
2026-09-01 23:25:00,122.2,12,65,33.1,0,0,0
2026-09-01 23:30:00,118.4,6,67,38.5,0,0,0
2026-09-01 23:35:00,119.3,18,69,35.2,0,0,0
2026-09-01 23:40:00,122.5,6,69,36.9,0,0,0
2026-09-01 23:45:00,123.7,9,71,35.2,0,0,0
2026-09-01 23:50:00,123.3,4,66,34.3,0,0,0
2026-09-01 23:55:00,120.9,10,67,35.4,0,0,0
2026-09-02 00:00:00,119.3,4,72,38.7,0,0,0
2026-09-02 00:05:00,118.6,6,64,37.4,0,0,0
2026-09-02 00:10:00,118.0,5,66,38.6,0,0,0
2026-09-02 00:15:00,120.5,7,66,36.1,0,0,0
2026-09-02 00:20:00,119.6,5,65,35.8,0,0,0
2026-09-02 00:25:00,115.4,6,67,32.4,0,0,0
2026-09-02 00:30:00,117.6,5,66,34.6,0,0,0
2026-09-02 00:35:00,114.4,13,69,36.7,0,0,0
2026-09-02 00:40:00,112.9,10,67,36.3,0,0,0
2026-09-02 00:45:00,113.9,8,65,32.7,0,0,0
2026-09-02 00:50:00,113.6,11,69,34.3,0,0,0
2026-09-02 00:55:00,117.3,7,67,35.0,0,0,0
2026-09-02 01:00:00,117.0,2,59,60.4,1,0,0
2026-09-02 01:05:00,116.8,0,58,60.3,1,0,0
2026-09-02 01:10:00,114.2,0,60,56.6,1,0,0
2026-09-02 01:15:00,116.4,0,56,57.7,1,0,0
2026-09-02 01:20:00,117.1,1,62,55.1,1,0,0
2026-09-02 01:25:00,114.6,0,60,58.1,1,0,0
2026-09-02 01:30:00,114.3,0,59,56.6,1,0,0
2026-09-02 01:35:00,112.6,0,57,56.7,1,0,0
2026-09-02 01:40:00,111.1,0,59,57.5,1,0,0
2026-09-02 01:45:00,110.7,0,56,58.5,1,0,0
2026-09-02 01:50:00,109.7,0,54,58.8,1,0,0
2026-09-02 01:55:00,109.9,0,59,60.4,1,0,0
2026-09-02 02:00:00,110.1,0,61,56.7,1,0,0
2026-09-02 02:05:00,110.7,0,55,59.4,1,0,0
2026-09-02 02:10:00,113.2,0,60,55.9,1,0,0
2026-09-02 02:15:00,110.3,0,59,56.4,1,0,0
2026-09-02 02:20:00,111.2,0,58,58.0,1,0,0
2026-09-02 02:25:00,109.9,0,59,61.8,1,0,0
2026-09-02 02:30:00,112.4,0,56,54.8,1,0,0
2026-09-02 02:35:00,109.7,0,58,60.2,1,0,0
2026-09-02 02:40:00,107.4,1,61,56.9,1,0,0
2026-09-02 02:45:00,109.7,0,55,53.5,1,0,0
2026-09-02 02:50:00,112.3,0,57,59.8,1,0,0
2026-09-02 02:55:00,113.6,0,59,57.7,1,0,0
2026-09-02 03:00:00,112.8,0,60,58.9,1,0,0
2026-09-02 03:05:00,114.6,0,56,58.7,1,0,0
2026-09-02 03:10:00,114.9,0,57,56.1,1,0,0
2026-09-02 03:15:00,115.3,0,60,59.4,1,0,0
2026-09-02 03:20:00,116.2,0,61,56.2,1,0,0
2026-09-02 03:25:00,115.0,0,56,55.2,1,0,0
2026-09-02 03:30:00,112.9,0,58,55.8,1,0,0
2026-09-02 03:35:00,116.8,1,53,56.3,1,0,0
2026-09-02 03:40:00,115.2,0,57,57.3,1,0,0
2026-09-02 03:45:00,110.1,0,59,60.0,1,0,0
2026-09-02 03:50:00,110.1,0,55,58.2,1,0,0
2026-09-02 03:55:00,112.0,1,56,59.3,1,0,0
2026-09-02 04:00:00,112.2,0,56,55.7,1,0,0
2026-09-02 04:05:00,119.0,0,59,56.2,1,0,0
2026-09-02 04:10:00,117.4,0,58,53.4,1,0,0
2026-09-02 04:15:00,118.2,0,56,59.6,1,0,0
2026-09-02 04:20:00,113.9,0,56,57.6,1,0,0
2026-09-02 04:25:00,112.6,0,58,55.8,1,0,0
2026-09-02 04:30:00,110.8,0,57,58.6,1,0,0
2026-09-02 04:35:00,110.7,0,59,56.9,1,0,0
2026-09-02 04:40:00,112.1,0,58,53.9,1,0,0
2026-09-02 04:45:00,114.0,0,56,58.5,1,0,0
2026-09-02 04:50:00,111.7,0,57,60.4,1,0,0
2026-09-02 04:55:00,116.4,0,58,56.9,1,0,0
2026-09-02 05:00:00,120.2,0,56,60.0,1,0,0
2026-09-02 05:05:00,122.4,1,56,58.9,1,0,0
2026-09-02 05:10:00,126.4,0,62,56.1,1,0,0
2026-09-02 05:15:00,126.0,3,54,56.2,1,0,0
2026-09-02 05:20:00,130.2,0,60,57.1,1,0,0
2026-09-02 05:25:00,129.8,0,56,57.3,1,0,0
2026-09-02 05:30:00,126.3,0,59,55.6,1,0,0
2026-09-02 05:35:00,126.6,1,60,57.4,1,0,0
2026-09-02 05:40:00,124.9,0,58,57.9,1,0,0
2026-09-02 05:45:00,121.5,0,56,60.9,1,0,0
2026-09-02 05:50:00,118.3,2,60,58.7,1,0,0
2026-09-02 05:55:00,118.4,0,59,61.2,1,0,0
2026-09-02 06:00:00,117.0,1,62,58.2,1,0,0
2026-09-02 06:05:00,115.7,0,59,60.8,1,0,0
2026-09-02 06:10:00,117.1,1,59,59.2,1,0,0
2026-09-02 06:15:00,119.1,0,59,58.1,1,0,0
2026-09-02 06:20:00,119.8,13,68,37.0,0,0,0
2026-09-02 06:25:00,119.7,7,67,35.6,0,0,0
2026-09-02 06:30:00,122.2,5,66,35.4,0,0,0
2026-09-02 06:35:00,125.1,14,68,36.2,0,0,0
2026-09-02 06:40:00,121.7,18,67,38.1,0,0,0
2026-09-02 06:45:00,123.2,7,65,29.5,0,0,0
2026-09-02 06:50:00,125.8,8,69,35.3,0,0,0
2026-09-02 06:55:00,122.0,6,66,37.8,0,0,0
2026-09-02 07:00:00,120.1,6,62,37.4,0,0,0
2026-09-02 07:05:00,117.1,8,67,37.8,0,0,0
2026-09-02 07:10:00,115.5,16,66,38.0,0,0,0
2026-09-02 07:15:00,118.6,5,67,35.3,0,0,0
2026-09-02 07:20:00,116.7,16,71,35.0,0,42,70
2026-09-02 07:25:00,120.7,6,67,36.0,0,0,0
2026-09-02 07:30:00,121.9,18,69,35.8,0,0,0
2026-09-02 07:35:00,123.9,521,100,34.1,0,0,0
2026-09-02 07:40:00,125.1,520,102,36.0,0,0,0
2026-09-02 07:45:00,126.1,12,71,36.5,0,0,0
2026-09-02 07:50:00,132.1,5,65,32.9,0,0,0
2026-09-02 07:55:00,131.2,8,66,37.1,0,0,0
2026-09-02 08:00:00,131.7,9,66,34.8,0,0,0
2026-09-02 08:05:00,130.9,9,67,32.8,0,0,0
2026-09-02 08:10:00,129.5,7,66,34.1,0,0,0
2026-09-02 08:15:00,127.2,8,65,33.9,0,0,0
2026-09-02 08:20:00,126.4,2,62,37.2,0,0,0
2026-09-02 08:25:00,124.7,12,65,37.0,0,0,0
2026-09-02 08:30:00,122.7,14,68,32.9,0,0,0
2026-09-02 08:35:00,124.8,12,65,34.4,0,0,0
2026-09-02 08:40:00,121.5,11,67,37.2,0,0,0
2026-09-02 08:45:00,123.5,10,67,35.6,0,0,0
2026-09-02 08:50:00,123.3,3,63,31.8,0,0,0
2026-09-02 08:55:00,120.3,4,67,33.7,0,0,0
2026-09-02 09:00:00,118.2,9,65,36.8,0,0,0
2026-09-02 09:05:00,116.4,2,70,38.0,0,0,0
2026-09-02 09:10:00,114.1,6,67,35.5,0,0,0
2026-09-02 09:15:00,115.7,4,66,38.1,0,0,0
2026-09-02 09:20:00,114.3,4,68,36.3,0,0,0
2026-09-02 09:25:00,117.8,12,69,40.1,0,0,0
2026-09-02 09:30:00,119.9,5,65,36.1,0,0,0
2026-09-02 09:35:00,118.4,3,65,32.9,0,0,0
2026-09-02 09:40:00,114.4,8,64,37.2,0,0,0
2026-09-02 09:45:00,114.4,7,62,39.8,0,0,0
2026-09-02 09:50:00,115.3,12,63,34.7,0,0,0
2026-09-02 09:55:00,114.2,8,67,37.5,0,0,0
2026-09-02 10:00:00,114.3,11,69,35.9,0,0,0
2026-09-02 10:05:00,113.3,9,67,37.9,0,0,0
2026-09-02 10:10:00,111.9,10,66,32.5,0,0,0
2026-09-02 10:15:00,109.8,3,66,32.9,0,0,0
2026-09-02 10:20:00,109.3,0,67,34.0,0,0,0
2026-09-02 10:25:00,110.9,8,65,33.9,0,0,0
2026-09-02 10:30:00,110.7,20,67,35.1,0,0,0
2026-09-02 10:35:00,108.9,5,66,35.4,0,0,0
2026-09-02 10:40:00,110.3,9,62,34.9,0,0,0
2026-09-02 10:45:00,111.9,6,65,36.2,0,0,0
2026-09-02 10:50:00,110.5,4,66,37.8,0,0,0
2026-09-02 10:55:00,110.5,6,67,36.3,0,0,0
2026-09-02 11:00:00,108.9,4,66,37.3,0,0,0
2026-09-02 11:05:00,112.2,6,67,36.5,0,0,0
2026-09-02 11:10:00,108.3,4,64,34.6,0,0,0
2026-09-02 11:15:00,108.7,22,70,35.2,0,0,0
2026-09-02 11:20:00,104.5,5,67,37.1,0,0,0
2026-09-02 11:25:00,104.9,6,65,34.1,0,0,0
2026-09-02 11:30:00,103.6,10,68,34.4,0,0,0
2026-09-02 11:35:00,103.8,5,69,36.4,0,0,0
2026-09-02 11:40:00,107.1,6,69,33.0,0,0,0
2026-09-02 11:45:00,106.7,13,66,35.7,0,0,0
2026-09-02 11:50:00,109.4,7,64,35.4,0,0,0
2026-09-02 11:55:00,108.6,7,63,35.8,0,0,0
2026-09-02 12:00:00,111.6,11,64,34.6,0,0,0
2026-09-02 12:05:00,110.6,9,65,37.4,0,0,0
2026-09-02 12:10:00,110.8,14,68,35.2,0,0,0
2026-09-02 12:15:00,109.3,9,70,36.6,0,0,0
2026-09-02 12:20:00,107.6,6,64,36.4,0,0,0
2026-09-02 12:25:00,109.7,5,67,33.8,0,0,0
2026-09-02 12:30:00,110.9,16,72,37.7,0,0,0
2026-09-02 12:35:00,113.1,5,66,37.9,0,0,0
2026-09-02 12:40:00,113.9,9,68,35.7,0,0,0
2026-09-02 12:45:00,114.6,2,70,33.5,0,0,0
2026-09-02 12:50:00,114.0,18,68,36.1,0,0,0
2026-09-02 12:55:00,112.6,8,68,36.8,0,0,0
2026-09-02 13:00:00,115.3,6,70,36.4,0,0,0
2026-09-02 13:05:00,113.8,9,65,35.2,0,0,0
2026-09-02 13:10:00,112.1,3,67,35.9,0,0,0
2026-09-02 13:15:00,110.2,5,69,38.9,0,0,0
2026-09-02 13:20:00,109.0,10,67,37.6,0,0,0
2026-09-02 13:25:00,108.6,6,65,37.8,0,0,0
2026-09-02 13:30:00,108.6,4,68,34.8,0,0,0
2026-09-02 13:35:00,108.5,5,68,35.8,0,0,0
2026-09-02 13:40:00,107.8,5,65,39.1,0,0,0
2026-09-02 13:45:00,109.0,3,73,32.7,0,74,68
2026-09-02 13:50:00,118.1,11,70,34.6,0,0,0
2026-09-02 13:55:00,125.0,13,68,36.1,0,0,0
2026-09-02 14:00:00,129.0,2,68,35.9,0,0,0
2026-09-02 14:05:00,133.1,13,71,34.9,0,0,0
2026-09-02 14:10:00,134.4,23,71,33.4,0,0,0
2026-09-02 14:15:00,137.4,21,65,36.3,0,0,0
2026-09-02 14:20:00,140.3,0,66,39.6,0,0,0
2026-09-02 14:25:00,143.4,19,65,34.3,0,0,0
2026-09-02 14:30:00,141.6,11,68,34.5,0,0,0
2026-09-02 14:35:00,144.7,13,67,36.2,0,0,0
2026-09-02 14:40:00,146.7,8,66,35.0,0,0,0
2026-09-02 14:45:00,141.8,9,66,33.4,0,0,0
2026-09-02 14:50:00,143.6,5,61,33.2,0,0,0
2026-09-02 14:55:00,140.9,12,62,36.6,0,0,0
2026-09-02 15:00:00,141.0,3,64,33.6,0,0,0
2026-09-02 15:05:00,138.9,8,68,32.1,0,0,0
2026-09-02 15:10:00,140.5,6,66,39.2,0,0,0
2026-09-02 15:15:00,138.9,15,68,33.6,0,0,0
2026-09-02 15:20:00,139.0,9,66,36.0,0,0,0
2026-09-02 15:25:00,138.7,4,67,33.0,0,0,0
2026-09-02 15:30:00,139.8,6,65,35.4,0,0,0
2026-09-02 15:35:00,137.8,6,64,34.4,0,0,0
2026-09-02 15:40:00,131.8,10,65,27.1,0,0,0
2026-09-02 15:45:00,131.2,9,64,31.9,0,0,0
2026-09-02 15:50:00,129.8,27,65,36.4,0,0,0
2026-09-02 15:55:00,129.0,3,67,34.2,0,0,0
2026-09-02 16:00:00,126.9,8,65,35.4,0,0,0
2026-09-02 16:05:00,124.2,5,68,32.3,0,0,0
2026-09-02 16:10:00,125.6,12,68,34.0,0,0,0
2026-09-02 16:15:00,124.5,12,66,39.0,0,0,0
2026-09-02 16:20:00,121.8,4,64,36.1,0,0,0
2026-09-02 16:25:00,118.7,4,67,37.5,0,0,0
2026-09-02 16:30:00,120.4,5,68,36.1,0,0,0
2026-09-02 16:35:00,119.0,7,67,34.6,0,0,0
2026-09-02 16:40:00,121.0,406,90,35.4,0,0,0
2026-09-02 16:45:00,121.1,395,89,37.5,0,0,0
2026-09-02 16:50:00,122.7,391,89,35.1,0,0,0
2026-09-02 16:55:00,120.5,9,69,34.8,0,0,0
2026-09-02 17:00:00,121.2,12,66,39.8,0,0,0
2026-09-02 17:05:00,120.8,10,69,39.1,0,0,0
2026-09-02 17:10:00,119.1,6,70,35.0,0,0,0
2026-09-02 17:15:00,119.4,6,63,37.8,0,0,0
2026-09-02 17:20:00,117.4,4,66,36.4,0,0,0
2026-09-02 17:25:00,116.2,10,66,39.2,0,0,0
2026-09-02 17:30:00,112.5,4,65,37.8,0,0,0
2026-09-02 17:35:00,111.6,8,66,36.0,0,0,0
2026-09-02 17:40:00,109.5,4,68,32.4,0,15,35
2026-09-02 17:45:00,109.3,4,68,37.5,0,0,0
2026-09-02 17:50:00,107.4,15,71,38.3,0,0,0
2026-09-02 17:55:00,107.2,478,98,37.0,0,0,0
2026-09-02 18:00:00,109.1,481,97,37.4,0,0,0
2026-09-02 18:05:00,109.2,8,69,35.0,0,0,0
2026-09-02 18:10:00,108.1,29,69,33.3,0,0,0
2026-09-02 18:15:00,111.3,9,66,36.3,0,0,0
2026-09-02 18:20:00,107.0,6,68,37.5,0,0,0
2026-09-02 18:25:00,107.8,5,68,38.7,0,0,0
2026-09-02 18:30:00,109.7,9,68,32.1,0,0,0
2026-09-02 18:35:00,110.4,4,67,32.8,0,0,0
2026-09-02 18:40:00,108.5,10,65,34.9,0,0,0
2026-09-02 18:45:00,109.5,22,69,35.4,0,0,0
2026-09-02 18:50:00,107.6,11,67,36.4,0,0,0
2026-09-02 18:55:00,108.3,11,68,33.5,0,0,0
2026-09-02 19:00:00,111.3,2,66,36.4,0,0,0
2026-09-02 19:05:00,112.6,10,66,34.4,0,0,0
2026-09-02 19:10:00,115.0,9,67,32.8,0,0,0
2026-09-02 19:15:00,114.4,10,64,33.6,0,0,0
2026-09-02 19:20:00,111.7,4,66,34.2,0,0,0
2026-09-02 19:25:00,110.6,18,64,31.4,0,0,0
2026-09-02 19:30:00,112.0,12,66,35.0,0,0,0
2026-09-02 19:35:00,111.7,5,64,36.2,0,0,0
2026-09-02 19:40:00,109.9,5,68,37.5,0,0,0
2026-09-02 19:45:00,111.2,2,65,35.6,0,0,0
2026-09-02 19:50:00,111.4,11,65,32.2,0,0,0
2026-09-02 19:55:00,110.9,2,63,30.9,0,0,0
2026-09-02 20:00:00,108.0,5,68,36.7,0,0,0
2026-09-02 20:05:00,108.6,8,68,36.2,0,0,0
2026-09-02 20:10:00,107.2,8,66,37.2,0,0,0
2026-09-02 20:15:00,109.6,8,66,33.1,0,0,0
2026-09-02 20:20:00,111.1,3,67,37.4,0,0,0
2026-09-02 20:25:00,113.0,6,68,35.0,0,0,0
2026-09-02 20:30:00,109.0,14,62,34.9,0,0,0
2026-09-02 20:35:00,111.8,13,66,37.9,0,0,0
2026-09-02 20:40:00,112.1,11,68,37.4,0,0,0
2026-09-02 20:45:00,114.9,7,68,36.1,0,0,0
2026-09-02 20:50:00,113.0,14,65,36.9,0,0,0
2026-09-02 20:55:00,112.5,8,68,35.5,0,0,0
2026-09-02 21:00:00,113.4,6,67,34.8,0,0,0
2026-09-02 21:05:00,110.8,10,70,32.0,0,62,55
2026-09-02 21:10:00,112.1,3,67,36.4,0,0,0
2026-09-02 21:15:00,116.3,6,71,38.0,0,0,0
2026-09-02 21:20:00,113.9,452,95,35.1,0,0,0
2026-09-02 21:25:00,118.5,454,101,36.7,0,0,0
2026-09-02 21:30:00,121.1,6,69,36.1,0,0,0
2026-09-02 21:35:00,121.3,11,66,31.7,0,0,0
2026-09-02 21:40:00,123.6,3,65,31.1,0,0,0
2026-09-02 21:45:00,122.4,12,67,35.4,0,0,0
2026-09-02 21:50:00,121.8,3,66,34.8,0,0,0
2026-09-02 21:55:00,118.8,7,66,31.0,0,0,0
2026-09-02 22:00:00,116.6,17,68,39.5,0,0,0
2026-09-02 22:05:00,117.1,8,66,36.0,0,0,0
2026-09-02 22:10:00,114.6,7,62,37.4,0,0,0
2026-09-02 22:15:00,117.7,15,67,38.5,0,0,0
2026-09-02 22:20:00,115.1,10,67,34.2,0,0,0
2026-09-02 22:25:00,116.7,10,65,32.1,0,0,0
2026-09-02 22:30:00,113.3,13,68,30.8,0,0,0
2026-09-02 22:35:00,111.9,8,65,34.0,0,0,0
2026-09-02 22:40:00,113.9,6,68,33.1,0,0,0
2026-09-02 22:45:00,111.0,7,68,34.2,0,0,0
2026-09-02 22:50:00,113.8,5,63,38.4,0,0,0
2026-09-02 22:55:00,111.5,9,61,30.3,0,0,0
2026-09-02 23:00:00,114.0,6,64,37.0,0,0,0
2026-09-02 23:05:00,115.1,7,68,32.9,0,0,0
2026-09-02 23:10:00,112.5,13,68,35.8,0,0,0
2026-09-02 23:15:00,112.7,11,66,33.1,0,0,0
2026-09-02 23:20:00,116.8,5,71,39.2,0,0,0
2026-09-02 23:25:00,114.9,12,68,36.8,0,0,0
2026-09-02 23:30:00,114.6,16,67,35.2,0,0,0
2026-09-02 23:35:00,113.6,13,67,34.4,0,0,0
2026-09-02 23:40:00,116.4,1,59,56.2,1,0,0
2026-09-02 23:45:00,115.8,0,57,59.5,1,0,0
2026-09-02 23:50:00,118.7,1,58,57.4,1,0,0
2026-09-02 23:55:00,116.6,0,56,55.3,1,0,0
2026-09-03 00:00:00,126.9,0,60,55.2,1,0,0
2026-09-03 00:05:00,123.7,0,58,54.9,1,0,0
2026-09-03 00:10:00,123.9,0,56,56.7,1,0,0
2026-09-03 00:15:00,124.0,0,59,53.5,1,0,0
2026-09-03 00:20:00,123.5,1,56,54.5,1,0,0
2026-09-03 00:25:00,125.1,1,57,52.8,1,0,0
2026-09-03 00:30:00,127.4,0,53,52.9,1,0,0
2026-09-03 00:35:00,125.5,0,58,52.3,1,0,0
2026-09-03 00:40:00,127.5,0,60,53.7,1,0,0
2026-09-03 00:45:00,125.8,0,60,55.2,1,0,0
2026-09-03 00:50:00,123.7,0,57,54.3,1,0,0
2026-09-03 00:55:00,120.6,0,58,53.1,1,0,0
2026-09-03 01:00:00,123.0,0,55,51.3,1,0,0
2026-09-03 01:05:00,119.8,1,56,55.8,1,0,0
2026-09-03 01:10:00,121.8,0,58,57.3,1,0,0
2026-09-03 01:15:00,123.8,0,55,54.0,1,0,0
2026-09-03 01:20:00,121.9,0,54,56.8,1,0,0
2026-09-03 01:25:00,123.8,0,58,55.4,1,0,0
2026-09-03 01:30:00,121.2,0,57,53.4,1,0,0
2026-09-03 01:35:00,120.1,0,54,52.7,1,0,0
2026-09-03 01:40:00,118.7,0,56,52.0,1,0,0
2026-09-03 01:45:00,120.0,0,57,50.2,1,0,0
2026-09-03 01:50:00,125.9,0,57,53.7,1,0,0
2026-09-03 01:55:00,123.3,0,58,57.1,1,0,0
2026-09-03 02:00:00,123.5,0,56,53.1,1,0,0
2026-09-03 02:05:00,126.6,0,60,51.4,1,0,0
2026-09-03 02:10:00,126.7,0,59,54.3,1,0,0
2026-09-03 02:15:00,129.5,0,57,54.0,1,0,0
2026-09-03 02:20:00,127.7,0,59,49.5,1,0,0
2026-09-03 02:25:00,126.2,0,61,52.0,1,0,0
2026-09-03 02:30:00,123.7,0,58,53.0,1,0,0
2026-09-03 02:35:00,122.6,1,60,56.4,1,0,0
2026-09-03 02:40:00,123.3,0,60,50.9,1,0,0
2026-09-03 02:45:00,123.0,1,54,55.3,1,0,0
2026-09-03 02:50:00,124.2,2,55,53.4,1,0,0
2026-09-03 02:55:00,123.0,0,55,51.2,1,0,0
2026-09-03 03:00:00,123.8,0,58,53.7,1,0,0
2026-09-03 03:05:00,126.0,0,57,51.9,1,0,0
2026-09-03 03:10:00,125.0,0,54,51.0,1,0,0
2026-09-03 03:15:00,122.5,0,55,48.9,1,0,0
2026-09-03 03:20:00,122.7,0,58,54.3,1,0,0
2026-09-03 03:25:00,122.9,1,60,52.8,1,0,0
2026-09-03 03:30:00,121.2,0,58,55.5,1,0,0
2026-09-03 03:35:00,123.1,1,59,54.6,1,0,0
2026-09-03 03:40:00,121.8,1,58,57.3,1,0,0
2026-09-03 03:45:00,121.8,0,57,53.8,1,0,0
2026-09-03 03:50:00,120.2,0,59,51.7,1,0,0
2026-09-03 03:55:00,118.7,0,62,55.3,1,0,0
2026-09-03 04:00:00,123.6,0,58,52.6,1,0,0
2026-09-03 04:05:00,122.1,0,57,53.4,1,0,0
2026-09-03 04:10:00,123.8,0,55,54.7,1,0,0
2026-09-03 04:15:00,123.5,0,58,55.4,1,0,0
2026-09-03 04:20:00,128.3,1,60,52.3,1,0,0
2026-09-03 04:25:00,129.0,0,59,49.3,1,0,0
2026-09-03 04:30:00,130.0,0,59,52.0,1,0,0
2026-09-03 04:35:00,131.3,0,62,55.2,1,0,0
2026-09-03 04:40:00,135.0,0,57,53.4,1,0,0
2026-09-03 04:45:00,133.7,1,58,52.3,1,0,0
2026-09-03 04:50:00,134.2,1,59,54.2,1,0,0
2026-09-03 04:55:00,135.4,0,60,54.1,1,0,0
2026-09-03 05:00:00,133.7,1,57,53.6,1,0,0
2026-09-03 05:05:00,134.7,0,58,56.2,1,0,0
2026-09-03 05:10:00,132.9,0,58,52.3,1,0,0
2026-09-03 05:15:00,134.6,0,55,54.3,1,0,0
2026-09-03 05:20:00,135.0,1,59,54.5,1,0,0
2026-09-03 05:25:00,135.9,0,60,56.5,1,0,0
2026-09-03 05:30:00,138.0,0,61,49.4,1,0,0
2026-09-03 05:35:00,136.2,0,55,54.8,1,0,0
2026-09-03 05:40:00,136.3,1,53,53.2,1,0,0
2026-09-03 05:45:00,134.3,0,60,55.4,1,0,0
2026-09-03 05:50:00,135.3,0,52,53.0,1,0,0
2026-09-03 05:55:00,136.5,2,57,53.4,1,0,0
2026-09-03 06:00:00,134.3,0,57,52.9,1,0,0
2026-09-03 06:05:00,133.8,27,67,36.5,0,0,0
2026-09-03 06:10:00,135.2,8,70,31.5,0,0,0
2026-09-03 06:15:00,133.4,9,67,30.6,0,0,0
2026-09-03 06:20:00,131.8,5,65,31.9,0,0,0
2026-09-03 06:25:00,129.9,4,66,37.1,0,0,0
2026-09-03 06:30:00,124.7,10,66,32.5,0,0,0
2026-09-03 06:35:00,126.8,6,69,34.3,0,0,0
2026-09-03 06:40:00,125.4,8,67,33.3,0,0,0
2026-09-03 06:45:00,126.7,9,68,31.9,0,0,0
2026-09-03 06:50:00,122.8,7,66,37.9,0,0,0
2026-09-03 06:55:00,123.5,4,68,33.0,0,0,0
2026-09-03 07:00:00,130.1,6,67,29.4,0,0,0
2026-09-03 07:05:00,127.1,6,67,31.9,0,0,0
2026-09-03 07:10:00,129.1,6,65,37.0,0,0,0
2026-09-03 07:15:00,130.6,6,67,33.1,0,0,0
2026-09-03 07:20:00,132.5,10,68,32.7,0,0,0
2026-09-03 07:25:00,131.2,1,70,32.9,0,0,0
2026-09-03 07:30:00,128.6,13,66,30.6,0,0,0
2026-09-03 07:35:00,129.2,16,68,30.4,0,0,0
2026-09-03 07:40:00,128.9,4,64,32.9,0,0,0
2026-09-03 07:45:00,129.7,6,66,31.1,0,0,0
2026-09-03 07:50:00,127.9,8,70,31.1,0,0,0
2026-09-03 07:55:00,127.1,12,70,34.6,0,56,78
2026-09-03 08:00:00,135.1,11,72,31.0,0,0,0
2026-09-03 08:05:00,141.0,15,72,34.1,0,0,0
2026-09-03 08:10:00,141.8,506,100,40.6,0,0,0
2026-09-03 08:15:00,143.1,499,99,34.0,0,0,0
2026-09-03 08:20:00,146.3,15,71,32.6,0,0,0
2026-09-03 08:25:00,145.4,7,66,34.9,0,0,0
2026-09-03 08:30:00,145.5,15,65,33.2,0,0,0
2026-09-03 08:35:00,145.2,8,68,33.6,0,0,0
2026-09-03 08:40:00,143.5,10,66,30.0,0,0,0
2026-09-03 08:45:00,144.0,11,69,32.6,0,0,0
2026-09-03 08:50:00,141.2,9,66,34.6,0,0,0
2026-09-03 08:55:00,141.5,6,69,28.5,0,0,0
2026-09-03 09:00:00,141.6,1,66,33.2,0,0,0
2026-09-03 09:05:00,142.7,21,67,37.5,0,0,0
2026-09-03 09:10:00,143.5,11,68,31.6,0,0,0
2026-09-03 09:15:00,144.0,21,68,32.0,0,0,0
2026-09-03 09:20:00,143.8,24,66,35.7,0,0,0
2026-09-03 09:25:00,140.5,15,67,35.1,0,0,0
2026-09-03 09:30:00,139.8,5,65,31.2,0,0,0
2026-09-03 09:35:00,135.1,3,68,35.8,0,0,0
2026-09-03 09:40:00,133.7,8,65,32.4,0,0,0
2026-09-03 09:45:00,135.5,9,68,37.6,0,0,0
2026-09-03 09:50:00,136.3,4,66,28.9,0,0,0
2026-09-03 09:55:00,133.7,4,70,35.6,0,0,0
2026-09-03 10:00:00,132.7,4,65,35.6,0,0,0
2026-09-03 10:05:00,134.4,5,65,34.1,0,0,0
2026-09-03 10:10:00,136.9,15,67,30.8,0,0,0
2026-09-03 10:15:00,133.1,7,66,35.2,0,0,0
2026-09-03 10:20:00,134.3,7,69,32.8,0,0,0
2026-09-03 10:25:00,132.4,6,70,32.5,0,0,0
2026-09-03 10:30:00,131.8,4,66,30.2,0,0,0
2026-09-03 10:35:00,133.3,8,65,33.3,0,0,0
2026-09-03 10:40:00,134.5,5,65,35.9,0,0,0
2026-09-03 10:45:00,131.2,6,69,30.4,0,0,0
2026-09-03 10:50:00,129.2,10,67,33.0,0,0,0
2026-09-03 10:55:00,130.3,5,69,32.9,0,0,0
2026-09-03 11:00:00,133.8,8,69,32.4,0,0,0
2026-09-03 11:05:00,130.7,10,66,30.4,0,0,0
2026-09-03 11:10:00,130.9,4,65,33.2,0,0,0
2026-09-03 11:15:00,132.7,7,69,33.1,0,0,0
2026-09-03 11:20:00,130.1,10,65,31.9,0,0,0
2026-09-03 11:25:00,130.9,5,68,32.5,0,0,0
2026-09-03 11:30:00,129.6,11,68,32.9,0,0,0
2026-09-03 11:35:00,129.6,9,71,32.3,0,0,0
2026-09-03 11:40:00,129.9,10,67,32.7,0,0,0
2026-09-03 11:45:00,125.4,2,65,29.2,0,0,0
2026-09-03 11:50:00,123.8,3,67,36.5,0,0,0
2026-09-03 11:55:00,122.5,6,66,36.1,0,0,0
2026-09-03 12:00:00,124.5,10,68,31.7,0,0,0
2026-09-03 12:05:00,123.0,17,69,32.2,0,0,0
2026-09-03 12:10:00,120.6,7,66,29.8,0,0,0
2026-09-03 12:15:00,121.7,6,69,31.2,0,0,0
2026-09-03 12:20:00,121.4,2,64,31.7,0,0,0
2026-09-03 12:25:00,120.7,8,69,32.6,0,0,0
2026-09-03 12:30:00,122.1,11,67,32.7,0,0,0
2026-09-03 12:35:00,123.4,13,65,27.9,0,0,0
2026-09-03 12:40:00,125.3,15,67,30.5,0,0,0
2026-09-03 12:45:00,124.7,9,67,32.8,0,0,0
2026-09-03 12:50:00,128.6,2,66,35.6,0,0,0
2026-09-03 12:55:00,126.6,3,62,30.3,0,0,0
2026-09-03 13:00:00,126.0,14,69,31.5,0,0,0
2026-09-03 13:05:00,125.7,7,69,30.9,0,0,0
2026-09-03 13:10:00,127.3,6,69,36.5,0,97,75
2026-09-03 13:15:00,136.2,12,71,31.8,0,0,0
2026-09-03 13:20:00,147.4,6,69,33.2,0,0,0
2026-09-03 13:25:00,156.6,16,71,29.6,0,0,0
2026-09-03 13:30:00,161.8,1,67,34.6,0,0,0
2026-09-03 13:35:00,164.9,10,70,34.7,0,0,0
2026-09-03 13:40:00,166.4,9,66,32.8,0,0,0
2026-09-03 13:45:00,170.4,7,67,32.2,0,0,0
2026-09-03 13:50:00,171.7,18,66,33.0,0,0,0
2026-09-03 13:55:00,171.4,13,67,35.8,0,0,0
2026-09-03 14:00:00,175.4,12,67,30.1,0,0,0
2026-09-03 14:05:00,177.3,15,68,33.7,0,0,0
2026-09-03 14:10:00,179.1,5,63,32.9,0,0,0
2026-09-03 14:15:00,176.9,13,69,32.3,0,0,0
2026-09-03 14:20:00,174.7,4,64,31.4,0,0,0
2026-09-03 14:25:00,168.8,12,71,32.1,0,0,0
2026-09-03 14:30:00,163.1,11,67,35.3,0,0,0
2026-09-03 14:35:00,160.4,4,65,30.4,0,0,0
2026-09-03 14:40:00,153.6,9,68,33.2,0,0,0
2026-09-03 14:45:00,151.7,3,66,32.2,0,0,0
2026-09-03 14:50:00,148.9,12,68,32.1,0,0,0
2026-09-03 14:55:00,147.6,13,65,34.2,0,0,0
2026-09-03 15:00:00,147.5,18,70,30.1,0,0,0
2026-09-03 15:05:00,146.2,10,66,32.4,0,0,0
2026-09-03 15:10:00,143.4,6,70,32.3,0,0,0
2026-09-03 15:15:00,141.3,4,65,34.8,0,0,0
2026-09-03 15:20:00,141.0,1,68,33.3,0,0,0
2026-09-03 15:25:00,138.8,10,66,31.6,0,0,0
2026-09-03 15:30:00,131.4,11,69,32.6,0,0,0
2026-09-03 15:35:00,133.6,3,68,33.7,0,0,0
2026-09-03 15:40:00,131.1,10,62,28.6,0,0,0
2026-09-03 15:45:00,134.5,12,67,32.3,0,0,0
2026-09-03 15:50:00,135.1,5,65,34.2,0,0,0
2026-09-03 15:55:00,134.6,12,66,32.2,0,0,0
2026-09-03 16:00:00,131.6,10,64,31.7,0,0,0
2026-09-03 16:05:00,134.3,7,68,31.4,0,0,0
2026-09-03 16:10:00,130.8,8,66,36.2,0,0,0
2026-09-03 16:15:00,131.2,6,66,32.8,0,0,0
2026-09-03 16:20:00,132.5,13,68,29.7,0,0,0
2026-09-03 16:25:00,132.6,5,64,32.7,0,0,0
2026-09-03 16:30:00,128.6,9,64,31.5,0,0,0
2026-09-03 16:35:00,130.3,10,64,34.3,0,0,0
2026-09-03 16:40:00,127.1,5,64,34.3,0,0,0
2026-09-03 16:45:00,131.3,19,66,31.9,0,0,0
2026-09-03 16:50:00,130.5,2,68,33.0,0,0,0
2026-09-03 16:55:00,128.2,11,67,34.5,0,0,0
2026-09-03 17:00:00,130.4,12,64,36.3,0,0,0
2026-09-03 17:05:00,125.4,11,69,32.0,0,0,0
2026-09-03 17:10:00,127.0,11,71,31.7,0,0,0
2026-09-03 17:15:00,124.2,10,68,36.7,0,0,0
2026-09-03 17:20:00,123.7,13,68,34.8,0,0,0
2026-09-03 17:25:00,126.2,8,64,32.7,0,0,0
2026-09-03 17:30:00,127.2,13,70,30.1,0,0,0
2026-09-03 17:35:00,124.4,6,66,32.6,0,0,0
2026-09-03 17:40:00,122.6,424,90,33.4,0,0,0
2026-09-03 17:45:00,122.6,428,90,33.0,0,0,0
2026-09-03 17:50:00,121.6,433,87,33.9,0,0,0
2026-09-03 17:55:00,122.3,4,62,32.7,0,0,0
2026-09-03 18:00:00,118.6,8,67,33.9,0,0,0
2026-09-03 18:05:00,115.9,2,67,31.1,0,0,0
2026-09-03 18:10:00,118.5,4,59,32.8,0,0,0
2026-09-03 18:15:00,117.6,6,65,30.7,0,0,0
2026-09-03 18:20:00,121.4,13,65,35.2,0,0,0
2026-09-03 18:25:00,124.0,5,65,33.9,0,0,0
2026-09-03 18:30:00,124.5,3,67,33.4,0,0,0
2026-09-03 18:35:00,125.3,10,68,34.5,0,0,0
2026-09-03 18:40:00,121.2,9,66,35.2,0,0,0
2026-09-03 18:45:00,121.7,4,66,33.3,0,0,0
2026-09-03 18:50:00,121.5,11,68,34.0,0,0,0
2026-09-03 18:55:00,120.5,11,71,28.9,0,0,0
2026-09-03 19:00:00,120.8,17,65,33.0,0,0,0
2026-09-03 19:05:00,124.1,5,65,30.8,0,0,0
2026-09-03 19:10:00,124.5,13,68,29.1,0,0,0
2026-09-03 19:15:00,124.9,7,63,33.9,0,0,0
2026-09-03 19:20:00,123.8,10,66,33.4,0,0,0
2026-09-03 19:25:00,123.9,10,65,30.2,0,0,0
2026-09-03 19:30:00,123.2,13,66,32.1,0,0,0
2026-09-03 19:35:00,123.2,8,66,34.7,0,0,0
2026-09-03 19:40:00,124.3,8,66,32.9,0,0,0
2026-09-03 19:45:00,123.9,4,64,35.0,0,0,0
2026-09-03 19:50:00,126.2,4,65,29.8,0,0,0
2026-09-03 19:55:00,124.8,5,68,34.1,0,0,0
2026-09-03 20:00:00,124.9,9,68,32.1,0,0,0
2026-09-03 20:05:00,127.0,15,66,35.3,0,0,0
2026-09-03 20:10:00,124.6,8,66,30.5,0,0,0
2026-09-03 20:15:00,122.4,10,63,37.7,0,0,0
2026-09-03 20:20:00,120.9,17,70,31.1,0,0,0
2026-09-03 20:25:00,123.5,3,68,31.9,0,0,0
2026-09-03 20:30:00,122.7,6,65,35.0,0,0,0
2026-09-03 20:35:00,123.5,13,65,33.0,0,0,0
2026-09-03 20:40:00,124.8,3,65,31.3,0,0,0
2026-09-03 20:45:00,123.6,11,67,32.7,0,0,0
2026-09-03 20:50:00,123.3,10,64,34.3,0,0,0
2026-09-03 20:55:00,125.2,14,69,34.0,0,0,0
2026-09-03 21:00:00,124.0,8,64,32.1,0,0,0
2026-09-03 21:05:00,125.9,11,70,32.1,0,96,70
2026-09-03 21:10:00,136.2,12,69,32.4,0,0,0
2026-09-03 21:15:00,150.6,9,70,34.5,0,0,0
2026-09-03 21:20:00,160.6,9,70,31.2,0,0,0
2026-09-03 21:25:00,166.7,13,69,33.8,0,0,0
2026-09-03 21:30:00,168.4,6,69,36.0,0,0,0
2026-09-03 21:35:00,169.7,5,66,32.3,0,0,0
2026-09-03 21:40:00,170.7,5,63,34.3,0,0,0
2026-09-03 21:45:00,169.1,8,68,32.1,0,0,0
2026-09-03 21:50:00,170.4,13,66,30.8,0,0,0
2026-09-03 21:55:00,173.0,11,67,36.2,0,0,0
2026-09-03 22:00:00,171.8,13,67,34.7,0,0,0
2026-09-03 22:05:00,170.3,3,66,33.6,0,0,0
2026-09-03 22:10:00,172.4,12,68,33.2,0,0,0
2026-09-03 22:15:00,169.8,11,67,36.1,0,0,0
2026-09-03 22:20:00,165.8,7,66,31.8,0,0,0
2026-09-03 22:25:00,166.3,12,64,33.2,0,0,0
2026-09-03 22:30:00,166.5,5,64,32.6,0,0,0
2026-09-03 22:35:00,164.7,9,69,33.6,0,0,0
2026-09-03 22:40:00,164.2,7,66,32.5,0,0,0
2026-09-03 22:45:00,161.5,6,65,32.9,0,0,0
2026-09-03 22:50:00,156.7,8,65,33.8,0,0,0
2026-09-03 22:55:00,152.9,4,65,32.8,0,0,0
2026-09-03 23:00:00,150.8,5,66,33.0,0,0,0
2026-09-03 23:05:00,147.9,11,65,33.9,0,0,0
2026-09-03 23:10:00,147.0,0,58,52.0,1,0,0
2026-09-03 23:15:00,143.8,0,60,51.1,1,0,0
2026-09-03 23:20:00,141.8,0,56,55.8,1,0,0
2026-09-03 23:25:00,136.0,0,58,54.7,1,0,0
2026-09-03 23:30:00,136.7,0,59,55.0,1,0,0
2026-09-03 23:35:00,137.6,1,58,52.2,1,0,0
2026-09-03 23:40:00,134.0,0,52,52.6,1,0,0
2026-09-03 23:45:00,129.2,1,58,53.8,1,0,0
2026-09-03 23:50:00,128.9,0,58,53.2,1,0,0
2026-09-03 23:55:00,132.2,0,61,54.8,1,0,0
2026-09-04 00:00:00,126.0,0,57,55.5,1,0,0
2026-09-04 00:05:00,126.7,0,55,56.7,1,0,0
2026-09-04 00:10:00,124.5,2,57,57.7,1,0,0
2026-09-04 00:15:00,122.8,2,60,54.0,1,0,0
2026-09-04 00:20:00,124.2,0,59,57.7,1,0,0
2026-09-04 00:25:00,125.7,0,59,54.7,1,0,0
2026-09-04 00:30:00,126.1,1,60,54.0,1,0,0
2026-09-04 00:35:00,124.7,1,59,60.2,1,0,0
2026-09-04 00:40:00,122.9,0,58,57.1,1,0,0
2026-09-04 00:45:00,121.0,0,58,57.1,1,0,0
2026-09-04 00:50:00,119.9,0,59,54.7,1,0,0
2026-09-04 00:55:00,121.1,0,59,55.6,1,0,0
2026-09-04 01:00:00,119.6,1,59,54.2,1,0,0
2026-09-04 01:05:00,117.2,1,58,59.8,1,0,0
2026-09-04 01:10:00,117.5,0,58,53.4,1,0,0
2026-09-04 01:15:00,116.4,0,59,57.9,1,0,0
2026-09-04 01:20:00,116.3,0,60,57.4,1,0,0
2026-09-04 01:25:00,114.2,1,60,56.4,1,0,0
2026-09-04 01:30:00,114.6,0,58,57.0,1,0,0
2026-09-04 01:35:00,112.9,0,57,53.9,1,0,0
2026-09-04 01:40:00,113.0,0,61,54.4,1,0,0
2026-09-04 01:45:00,114.4,0,56,57.0,1,0,0
2026-09-04 01:50:00,113.6,0,57,56.1,1,0,0
2026-09-04 01:55:00,114.5,0,61,52.4,1,0,0
2026-09-04 02:00:00,116.3,0,57,57.1,1,0,0
2026-09-04 02:05:00,113.9,0,57,57.9,1,0,0
2026-09-04 02:10:00,114.2,1,58,55.7,1,0,0
2026-09-04 02:15:00,112.6,0,59,55.6,1,0,0
2026-09-04 02:20:00,110.7,0,58,55.0,1,0,0
2026-09-04 02:25:00,111.7,0,60,57.7,1,0,0
2026-09-04 02:30:00,112.0,0,63,55.2,1,0,0
2026-09-04 02:35:00,111.3,1,58,57.3,1,0,0
2026-09-04 02:40:00,109.8,0,54,55.9,1,0,0
2026-09-04 02:45:00,111.8,1,55,54.1,1,0,0
2026-09-04 02:50:00,114.6,0,59,55.7,1,0,0
2026-09-04 02:55:00,113.5,0,59,54.5,1,0,0
2026-09-04 03:00:00,111.0,0,57,52.9,1,0,0
2026-09-04 03:05:00,108.8,0,58,59.2,1,0,0
2026-09-04 03:10:00,112.0,1,60,54.0,1,0,0
2026-09-04 03:15:00,112.5,0,59,55.2,1,0,0
2026-09-04 03:20:00,111.1,2,58,53.3,1,0,0
2026-09-04 03:25:00,109.3,0,55,54.9,1,0,0
2026-09-04 03:30:00,109.8,0,59,53.0,1,0,0
2026-09-04 03:35:00,114.1,1,59,58.8,1,0,0
2026-09-04 03:40:00,116.3,1,56,56.4,1,0,0
2026-09-04 03:45:00,115.7,0,60,55.9,1,0,0
2026-09-04 03:50:00,116.2,0,56,57.5,1,0,0
2026-09-04 03:55:00,116.3,0,57,55.8,1,0,0
2026-09-04 04:00:00,118.7,0,57,56.5,1,0,0
2026-09-04 04:05:00,116.1,0,58,57.9,1,0,0
2026-09-04 04:10:00,115.8,0,57,59.4,1,0,0
2026-09-04 04:15:00,114.8,0,57,57.4,1,0,0
2026-09-04 04:20:00,118.4,0,57,55.7,1,0,0
2026-09-04 04:25:00,116.3,0,55,53.0,1,0,0
2026-09-04 04:30:00,116.0,0,56,56.3,1,0,0
2026-09-04 04:35:00,114.5,0,57,55.0,1,0,0
2026-09-04 04:40:00,116.8,0,59,57.6,1,0,0
2026-09-04 04:45:00,120.5,0,57,55.8,1,0,0
2026-09-04 04:50:00,118.4,0,61,56.3,1,0,0
2026-09-04 04:55:00,116.6,0,56,54.1,1,0,0
2026-09-04 05:00:00,119.5,0,57,56.0,1,0,0
2026-09-04 05:05:00,123.1,0,58,57.1,1,0,0
2026-09-04 05:10:00,122.7,0,55,55.4,1,0,0
2026-09-04 05:15:00,119.3,1,56,53.9,1,0,0
2026-09-04 05:20:00,124.2,1,57,53.5,1,0,0
2026-09-04 05:25:00,123.2,1,61,53.9,1,0,0
2026-09-04 05:30:00,121.6,0,56,53.2,1,0,0
2026-09-04 05:35:00,119.4,1,57,56.0,1,0,0
2026-09-04 05:40:00,119.7,0,56,54.7,1,0,0
2026-09-04 05:45:00,123.1,0,58,55.9,1,0,0
2026-09-04 05:50:00,120.6,0,60,54.6,1,0,0
2026-09-04 05:55:00,123.6,0,59,59.2,1,0,0
2026-09-04 06:00:00,121.0,0,58,54.8,1,0,0
2026-09-04 06:05:00,119.0,0,56,54.9,1,0,0
2026-09-04 06:10:00,122.4,1,59,62.0,1,0,0
2026-09-04 06:15:00,126.2,0,59,53.8,1,0,0
2026-09-04 06:20:00,126.0,1,59,57.1,1,0,0
2026-09-04 06:25:00,125.9,8,68,32.8,0,0,0
2026-09-04 06:30:00,124.8,8,68,32.3,0,0,0
2026-09-04 06:35:00,127.6,6,69,32.2,0,0,0
2026-09-04 06:40:00,127.1,16,66,36.0,0,0,0
2026-09-04 06:45:00,126.6,5,72,32.0,0,75,78
2026-09-04 06:50:00,135.9,10,69,33.9,0,0,0
2026-09-04 06:55:00,149.0,7,69,35.0,0,0,0
2026-09-04 07:00:00,153.4,13,72,34.6,0,0,0
2026-09-04 07:05:00,157.9,6,70,36.9,0,0,0
2026-09-04 07:10:00,157.7,5,70,34.1,0,0,0
2026-09-04 07:15:00,162.4,8,67,30.5,0,0,0
2026-09-04 07:20:00,160.6,9,66,36.1,0,0,0
2026-09-04 07:25:00,158.3,6,64,36.2,0,0,0
2026-09-04 07:30:00,157.2,13,65,35.0,0,0,0
2026-09-04 07:35:00,154.5,5,67,33.3,0,0,0
2026-09-04 07:40:00,154.8,14,73,33.5,0,0,0
2026-09-04 07:45:00,153.3,13,71,32.9,0,0,0
2026-09-04 07:50:00,153.5,4,63,36.1,0,0,0
2026-09-04 07:55:00,150.4,21,67,34.7,0,0,0
2026-09-04 08:00:00,151.6,6,66,34.3,0,0,0
2026-09-04 08:05:00,150.0,5,65,34.9,0,0,0
2026-09-04 08:10:00,146.7,7,66,31.9,0,0,0
2026-09-04 08:15:00,145.0,10,68,35.1,0,0,0
2026-09-04 08:20:00,145.8,12,65,32.9,0,0,0
2026-09-04 08:25:00,142.2,8,70,35.2,0,0,0
2026-09-04 08:30:00,136.8,5,67,34.6,0,0,0
2026-09-04 08:35:00,135.4,11,65,34.2,0,0,0
2026-09-04 08:40:00,133.7,6,65,34.1,0,0,0
2026-09-04 08:45:00,134.9,9,67,32.6,0,0,0
2026-09-04 08:50:00,130.3,9,65,33.3,0,0,0
2026-09-04 08:55:00,128.4,5,65,35.8,0,0,0
2026-09-04 09:00:00,129.9,8,68,36.1,0,0,0
2026-09-04 09:05:00,126.1,7,65,35.2,0,0,0
2026-09-04 09:10:00,127.5,5,66,35.9,0,0,0
2026-09-04 09:15:00,127.5,18,69,38.1,0,0,0
2026-09-04 09:20:00,127.9,9,67,34.4,0,0,0
2026-09-04 09:25:00,126.6,8,68,39.2,0,0,0
2026-09-04 09:30:00,129.4,10,70,38.0,0,0,0
2026-09-04 09:35:00,129.4,14,72,34.8,0,0,0
2026-09-04 09:40:00,127.0,15,67,35.6,0,0,0
2026-09-04 09:45:00,125.1,5,64,31.8,0,0,0
2026-09-04 09:50:00,125.8,17,68,35.3,0,0,0
2026-09-04 09:55:00,127.1,8,66,31.9,0,0,0
2026-09-04 10:00:00,123.9,11,66,34.2,0,0,0
2026-09-04 10:05:00,125.2,6,65,37.8,0,0,0
2026-09-04 10:10:00,123.9,3,64,35.5,0,0,0
2026-09-04 10:15:00,123.8,12,66,33.2,0,0,0
2026-09-04 10:20:00,124.4,6,63,35.0,0,0,0
2026-09-04 10:25:00,122.9,6,66,33.9,0,0,0
2026-09-04 10:30:00,123.2,15,66,34.2,0,0,0
2026-09-04 10:35:00,122.4,5,68,36.2,0,0,0
2026-09-04 10:40:00,118.6,476,95,32.7,0,0,0
2026-09-04 10:45:00,119.3,451,94,33.9,0,0,0
2026-09-04 10:50:00,118.9,7,67,32.0,0,0,0
2026-09-04 10:55:00,119.8,7,68,36.1,0,0,0
2026-09-04 11:00:00,118.6,19,64,31.8,0,0,0
2026-09-04 11:05:00,118.9,3,64,38.4,0,0,0
2026-09-04 11:10:00,116.4,15,67,36.5,0,0,0
2026-09-04 11:15:00,114.5,13,65,32.2,0,0,0
2026-09-04 11:20:00,116.3,12,66,32.7,0,0,0
2026-09-04 11:25:00,118.3,13,68,33.3,0,0,0
2026-09-04 11:30:00,117.7,6,69,35.4,0,0,0
2026-09-04 11:35:00,115.0,12,70,33.0,0,0,0
2026-09-04 11:40:00,115.5,7,66,36.8,0,0,0
2026-09-04 11:45:00,114.3,17,66,37.4,0,0,0
2026-09-04 11:50:00,114.9,5,68,36.7,0,0,0
2026-09-04 11:55:00,113.1,5,66,34.9,0,0,0
2026-09-04 12:00:00,114.0,8,68,36.6,0,0,0
2026-09-04 12:05:00,117.5,4,65,36.2,0,0,0
2026-09-04 12:10:00,113.7,11,67,34.7,0,0,0
2026-09-04 12:15:00,112.4,14,64,34.4,0,0,0
2026-09-04 12:20:00,113.0,9,69,38.0,0,0,0
2026-09-04 12:25:00,113.8,15,64,34.1,0,0,0
2026-09-04 12:30:00,111.6,5,67,35.2,0,0,0
2026-09-04 12:35:00,111.6,9,63,32.4,0,0,0
2026-09-04 12:40:00,114.2,7,68,32.9,0,0,0
2026-09-04 12:45:00,114.0,9,69,31.1,0,0,0
2026-09-04 12:50:00,112.3,14,69,36.2,0,0,0
2026-09-04 12:55:00,111.4,9,63,36.8,0,0,0
2026-09-04 13:00:00,112.7,5,68,39.4,0,0,0
2026-09-04 13:05:00,113.6,18,66,31.9,0,0,0
2026-09-04 13:10:00,112.5,4,69,31.7,0,0,0
2026-09-04 13:15:00,115.7,17,66,30.7,0,0,0
2026-09-04 13:20:00,114.9,3,67,36.4,0,0,0
2026-09-04 13:25:00,111.8,13,69,31.7,0,0,0
2026-09-04 13:30:00,113.9,18,63,36.5,0,0,0
2026-09-04 13:35:00,113.8,10,64,33.4,0,0,0
2026-09-04 13:40:00,115.2,2,66,33.2,0,0,0
2026-09-04 13:45:00,113.1,15,73,33.9,0,77,68
2026-09-04 13:50:00,121.8,6,69,34.5,0,0,0
2026-09-04 13:55:00,129.0,5,70,31.7,0,0,0
2026-09-04 14:00:00,135.7,375,92,34.5,0,0,0
2026-09-04 14:05:00,140.8,373,89,38.9,0,0,0
2026-09-04 14:10:00,141.1,6,70,30.8,0,0,0
2026-09-04 14:15:00,140.4,10,68,36.7,0,0,0
2026-09-04 14:20:00,142.8,7,65,33.7,0,0,0
2026-09-04 14:25:00,148.4,5,69,33.6,0,0,0
2026-09-04 14:30:00,147.7,9,67,31.4,0,0,0
2026-09-04 14:35:00,145.7,11,67,35.2,0,0,0
2026-09-04 14:40:00,144.0,9,68,36.3,0,0,0
2026-09-04 14:45:00,141.1,12,67,38.7,0,0,0
2026-09-04 14:50:00,141.4,8,67,33.3,0,0,0
2026-09-04 14:55:00,140.8,24,68,35.4,0,0,0
2026-09-04 15:00:00,139.5,4,66,35.8,0,0,0
2026-09-04 15:05:00,137.7,5,63,33.0,0,0,0
2026-09-04 15:10:00,137.8,10,61,33.5,0,0,0
2026-09-04 15:15:00,137.7,8,67,30.5,0,0,0
2026-09-04 15:20:00,133.7,5,65,28.9,0,0,0
2026-09-04 15:25:00,128.7,11,67,35.6,0,0,0
2026-09-04 15:30:00,128.5,7,68,36.2,0,0,0
2026-09-04 15:35:00,125.6,9,62,35.6,0,0,0
2026-09-04 15:40:00,127.6,7,65,35.1,0,0,0
2026-09-04 15:45:00,128.5,5,67,33.9,0,0,0
2026-09-04 15:50:00,124.8,7,67,31.8,0,0,0
2026-09-04 15:55:00,125.3,3,65,31.5,0,0,0
2026-09-04 16:00:00,125.6,5,64,37.2,0,0,0
2026-09-04 16:05:00,123.4,30,69,35.2,0,0,0
2026-09-04 16:10:00,123.6,12,67,34.3,0,0,0
2026-09-04 16:15:00,127.9,8,68,30.2,0,0,0
2026-09-04 16:20:00,130.3,7,63,36.8,0,0,0
2026-09-04 16:25:00,127.6,8,67,32.2,0,0,0
2026-09-04 16:30:00,127.7,7,67,33.6,0,0,0
2026-09-04 16:35:00,127.1,5,62,31.4,0,0,0
2026-09-04 16:40:00,128.7,5,66,31.0,0,0,0
2026-09-04 16:45:00,126.4,6,68,37.1,0,0,0
2026-09-04 16:50:00,124.1,2,66,33.1,0,0,0
2026-09-04 16:55:00,121.9,10,72,33.6,0,21,65
2026-09-04 17:00:00,125.5,9,70,32.1,0,0,0
2026-09-04 17:05:00,129.2,10,64,37.0,0,0,0
2026-09-04 17:10:00,131.4,10,73,34.1,0,0,0
2026-09-04 17:15:00,131.1,6,71,36.0,0,0,0
2026-09-04 17:20:00,132.8,5,68,32.5,0,0,0
2026-09-04 17:25:00,130.5,13,64,36.2,0,0,0
2026-09-04 17:30:00,128.7,19,67,31.6,0,0,0
2026-09-04 17:35:00,126.6,6,65,37.4,0,0,0
2026-09-04 17:40:00,126.6,10,69,42.0,0,0,0
2026-09-04 17:45:00,123.4,4,66,30.3,0,0,0
2026-09-04 17:50:00,121.6,11,70,34.0,0,0,0
2026-09-04 17:55:00,124.7,8,68,37.2,0,0,0
2026-09-04 18:00:00,124.7,5,64,36.0,0,0,0
2026-09-04 18:05:00,121.1,14,67,30.8,0,0,0
2026-09-04 18:10:00,121.3,12,66,35.1,0,0,0
2026-09-04 18:15:00,121.1,5,65,32.3,0,0,0
2026-09-04 18:20:00,119.2,5,70,38.0,0,0,0
2026-09-04 18:25:00,120.9,8,64,32.1,0,0,0
2026-09-04 18:30:00,119.0,9,68,35.8,0,0,0
2026-09-04 18:35:00,117.6,7,67,34.2,0,0,0
2026-09-04 18:40:00,118.9,12,69,34.2,0,0,0
2026-09-04 18:45:00,120.2,8,66,32.8,0,0,0
2026-09-04 18:50:00,118.1,8,66,33.8,0,0,0
2026-09-04 18:55:00,120.7,9,65,33.0,0,0,0
2026-09-04 19:00:00,120.5,18,66,35.2,0,0,0
2026-09-04 19:05:00,118.2,6,66,34.7,0,0,0
2026-09-04 19:10:00,119.4,10,65,32.9,0,0,0
2026-09-04 19:15:00,113.8,25,65,31.2,0,0,0
2026-09-04 19:20:00,113.6,20,67,29.7,0,0,0
2026-09-04 19:25:00,113.4,7,65,33.6,0,0,0
2026-09-04 19:30:00,114.2,6,63,36.9,0,0,0
2026-09-04 19:35:00,111.1,6,69,36.3,0,0,0
2026-09-04 19:40:00,111.3,4,66,33.1,0,0,0
2026-09-04 19:45:00,111.6,5,68,32.2,0,0,0
2026-09-04 19:50:00,111.7,5,63,37.7,0,0,0
2026-09-04 19:55:00,112.7,12,67,37.5,0,0,0
2026-09-04 20:00:00,114.6,6,67,35.0,0,0,0
2026-09-04 20:05:00,116.2,21,66,33.2,0,0,0
2026-09-04 20:10:00,116.1,7,65,34.8,0,0,0
2026-09-04 20:15:00,113.4,9,64,33.8,0,0,0
2026-09-04 20:20:00,110.2,5,64,34.3,0,0,0
2026-09-04 20:25:00,108.8,11,64,35.3,0,0,0
2026-09-04 20:30:00,106.3,25,66,34.4,0,0,0
2026-09-04 20:35:00,108.4,5,68,35.1,0,0,0
2026-09-04 20:40:00,111.9,4,69,35.1,0,55,55
2026-09-04 20:45:00,118.9,6,67,32.3,0,0,0
2026-09-04 20:50:00,123.1,6,71,33.7,0,0,0
2026-09-04 20:55:00,124.6,462,92,32.7,0,0,0
2026-09-04 21:00:00,126.6,458,94,34.7,0,0,0
2026-09-04 21:05:00,130.2,4,71,33.3,0,0,0
2026-09-04 21:10:00,133.1,9,68,36.2,0,0,0
2026-09-04 21:15:00,132.8,18,70,33.8,0,0,0
2026-09-04 21:20:00,133.9,7,67,35.7,0,0,0
2026-09-04 21:25:00,134.1,8,67,34.1,0,0,0
2026-09-04 21:30:00,135.5,20,68,35.3,0,0,0
2026-09-04 21:35:00,135.8,25,69,30.8,0,0,0
2026-09-04 21:40:00,136.9,19,67,34.9,0,0,0
2026-09-04 21:45:00,136.5,6,63,35.2,0,0,0
2026-09-04 21:50:00,131.0,4,67,32.9,0,0,0
2026-09-04 21:55:00,127.4,4,69,33.5,0,0,0
2026-09-04 22:00:00,129.4,13,68,34.0,0,0,0
2026-09-04 22:05:00,126.4,7,67,33.7,0,0,0
2026-09-04 22:10:00,125.8,4,63,36.2,0,0,0
2026-09-04 22:15:00,128.8,4,65,36.2,0,0,0
2026-09-04 22:20:00,129.1,6,68,33.7,0,0,0
2026-09-04 22:25:00,130.9,6,67,36.4,0,0,0
2026-09-04 22:30:00,131.3,18,67,34.8,0,0,0
2026-09-04 22:35:00,132.4,11,67,34.5,0,0,0
2026-09-04 22:40:00,131.9,4,66,29.2,0,0,0
2026-09-04 22:45:00,132.3,4,67,39.2,0,0,0
2026-09-04 22:50:00,129.9,6,68,33.7,0,0,0
2026-09-04 22:55:00,125.5,5,66,35.9,0,0,0
2026-09-04 23:00:00,129.0,6,65,35.4,0,0,0
2026-09-04 23:05:00,127.3,7,64,34.6,0,0,0
2026-09-04 23:10:00,127.9,13,66,32.3,0,0,0
2026-09-04 23:15:00,127.2,12,69,34.7,0,0,0
2026-09-04 23:20:00,127.9,9,64,35.4,0,0,0
2026-09-04 23:25:00,128.3,10,64,37.6,0,0,0
2026-09-04 23:30:00,126.8,15,66,35.9,0,0,0
2026-09-04 23:35:00,127.7,10,67,37.1,0,0,0
2026-09-04 23:40:00,126.0,6,67,30.6,0,0,0
2026-09-04 23:45:00,121.0,0,56,56.4,1,0,0
2026-09-04 23:50:00,121.2,0,57,57.2,1,0,0
2026-09-04 23:55:00,120.7,1,58,56.8,1,0,0
2026-09-05 00:00:00,114.8,0,59,57.0,1,0,0
2026-09-05 00:05:00,115.6,0,60,58.0,1,0,0
2026-09-05 00:10:00,114.4,0,59,56.2,1,0,0
2026-09-05 00:15:00,113.7,0,60,56.0,1,0,0
2026-09-05 00:20:00,113.5,1,60,58.6,1,0,0
2026-09-05 00:25:00,111.8,1,54,57.4,1,0,0
2026-09-05 00:30:00,108.8,0,59,55.7,1,0,0
2026-09-05 00:35:00,110.4,1,58,59.0,1,0,0
2026-09-05 00:40:00,109.7,1,58,58.5,1,0,0
2026-09-05 00:45:00,108.8,0,56,57.8,1,0,0
2026-09-05 00:50:00,107.9,0,57,59.4,1,0,0
2026-09-05 00:55:00,104.9,0,52,60.4,1,0,0
2026-09-05 01:00:00,105.9,0,58,56.5,1,0,0
2026-09-05 01:05:00,106.4,1,57,58.7,1,0,0
2026-09-05 01:10:00,107.0,0,56,55.7,1,0,0
2026-09-05 01:15:00,110.4,0,57,55.2,1,0,0
2026-09-05 01:20:00,111.8,1,53,58.8,1,0,0
2026-09-05 01:25:00,112.4,0,56,58.1,1,0,0
2026-09-05 01:30:00,115.8,0,61,57.9,1,0,0
2026-09-05 01:35:00,114.0,0,57,57.6,1,0,0
2026-09-05 01:40:00,113.3,0,57,59.4,1,0,0
2026-09-05 01:45:00,117.3,1,56,58.6,1,0,0
2026-09-05 01:50:00,114.9,0,57,55.3,1,0,0
2026-09-05 01:55:00,117.8,1,56,60.8,1,0,0
2026-09-05 02:00:00,115.7,1,60,58.9,1,0,0
2026-09-05 02:05:00,117.2,0,60,58.5,1,0,0
2026-09-05 02:10:00,117.0,0,56,58.7,1,0,0
2026-09-05 02:15:00,115.7,0,57,56.4,1,0,0
2026-09-05 02:20:00,110.4,1,54,57.7,1,0,0
2026-09-05 02:25:00,113.3,0,58,57.2,1,0,0
2026-09-05 02:30:00,112.4,1,55,59.0,1,0,0
2026-09-05 02:35:00,115.6,0,60,57.8,1,0,0
2026-09-05 02:40:00,111.9,0,61,54.6,1,0,0
2026-09-05 02:45:00,115.7,0,58,61.6,1,0,0
2026-09-05 02:50:00,117.7,0,60,61.3,1,0,0
2026-09-05 02:55:00,114.5,0,53,57.7,1,0,0
2026-09-05 03:00:00,114.9,0,58,58.1,1,0,0
2026-09-05 03:05:00,115.0,0,58,57.1,1,0,0
2026-09-05 03:10:00,120.2,0,59,58.5,1,0,0
2026-09-05 03:15:00,118.5,0,54,58.2,1,0,0
2026-09-05 03:20:00,116.5,0,57,58.3,1,0,0
2026-09-05 03:25:00,118.0,1,55,59.8,1,0,0
2026-09-05 03:30:00,113.9,0,60,55.5,1,0,0
2026-09-05 03:35:00,115.1,0,62,56.5,1,0,0
2026-09-05 03:40:00,114.3,0,61,58.8,1,0,0
2026-09-05 03:45:00,113.9,0,60,57.6,1,0,0
2026-09-05 03:50:00,117.9,0,56,59.6,1,0,0
2026-09-05 03:55:00,121.1,1,56,58.6,1,0,0
2026-09-05 04:00:00,118.3,0,61,61.3,1,0,0
2026-09-05 04:05:00,118.5,0,63,59.1,1,0,0
2026-09-05 04:10:00,114.7,1,57,57.1,1,0,0
2026-09-05 04:15:00,115.0,0,55,57.8,1,0,0
2026-09-05 04:20:00,116.2,1,58,55.0,1,0,0
2026-09-05 04:25:00,114.8,1,58,52.3,1,0,0
2026-09-05 04:30:00,115.6,0,57,56.6,1,0,0
2026-09-05 04:35:00,116.4,0,59,57.5,1,0,0
2026-09-05 04:40:00,115.5,0,62,58.6,1,0,0
2026-09-05 04:45:00,113.4,0,60,56.3,1,0,0
2026-09-05 04:50:00,112.0,0,56,60.2,1,0,0
2026-09-05 04:55:00,115.4,0,56,58.7,1,0,0
2026-09-05 05:00:00,118.0,0,59,59.2,1,0,0
2026-09-05 05:05:00,117.7,0,54,58.5,1,0,0
2026-09-05 05:10:00,115.4,0,55,54.2,1,0,0
2026-09-05 05:15:00,115.3,1,59,58.3,1,0,0
2026-09-05 05:20:00,114.5,1,59,56.7,1,0,0
2026-09-05 05:25:00,115.4,0,58,53.3,1,0,0
2026-09-05 05:30:00,117.2,0,58,57.4,1,0,0
2026-09-05 05:35:00,116.0,0,60,59.4,1,0,0
2026-09-05 05:40:00,113.2,0,56,58.4,1,0,0
2026-09-05 05:45:00,111.5,0,56,52.9,1,0,0
2026-09-05 05:50:00,107.6,0,60,58.2,1,0,0
2026-09-05 05:55:00,108.5,0,64,55.6,1,0,0
2026-09-05 06:00:00,108.6,0,59,50.8,1,0,0
2026-09-05 06:05:00,112.1,0,60,57.6,1,0,0
2026-09-05 06:10:00,111.2,0,56,58.7,1,0,0
2026-09-05 06:15:00,112.1,1,58,55.7,1,0,0
2026-09-05 06:20:00,112.8,10,69,38.0,0,0,0
2026-09-05 06:25:00,113.5,14,69,35.0,0,0,0
2026-09-05 06:30:00,115.3,3,70,34.5,0,0,0
2026-09-05 06:35:00,112.6,6,67,35.6,0,0,0
2026-09-05 06:40:00,112.6,7,66,32.5,0,0,0
2026-09-05 06:45:00,114.6,13,68,36.7,0,0,0
2026-09-05 06:50:00,113.4,8,66,36.7,0,0,0
2026-09-05 06:55:00,113.9,11,67,32.5,0,0,0
2026-09-05 07:00:00,117.7,12,69,35.4,0,0,0
2026-09-05 07:05:00,117.5,7,69,38.5,0,0,0
2026-09-05 07:10:00,120.1,8,64,38.1,0,0,0
2026-09-05 07:15:00,120.9,11,65,34.9,0,0,0
2026-09-05 07:20:00,125.5,3,71,37.4,0,33,55
2026-09-05 07:25:00,125.8,4,69,37.4,0,0,0
2026-09-05 07:30:00,127.1,13,67,37.6,0,0,0
2026-09-05 07:35:00,126.8,417,93,33.9,0,0,0
2026-09-05 07:40:00,130.7,416,96,37.5,0,0,0
2026-09-05 07:45:00,129.0,12,68,38.2,0,0,0
2026-09-05 07:50:00,129.4,14,65,34.0,0,0,0
2026-09-05 07:55:00,128.8,9,66,32.5,0,0,0
2026-09-05 08:00:00,127.3,15,66,37.0,0,0,0
2026-09-05 08:05:00,126.2,6,66,37.8,0,0,0
2026-09-05 08:10:00,129.0,12,65,37.3,0,0,0
2026-09-05 08:15:00,127.8,9,64,34.9,0,0,0
2026-09-05 08:20:00,128.3,9,64,36.5,0,0,0
2026-09-05 08:25:00,126.9,6,68,32.6,0,0,0
2026-09-05 08:30:00,123.6,4,65,35.9,0,0,0
2026-09-05 08:35:00,125.6,7,67,36.9,0,0,0
2026-09-05 08:40:00,121.8,5,65,32.0,0,0,0
2026-09-05 08:45:00,119.6,5,62,37.6,0,0,0
2026-09-05 08:50:00,117.9,7,66,32.3,0,0,0
2026-09-05 08:55:00,117.6,11,68,34.5,0,0,0
2026-09-05 09:00:00,113.2,10,65,35.0,0,0,0
2026-09-05 09:05:00,114.4,21,65,37.6,0,0,0
2026-09-05 09:10:00,113.9,13,67,34.3,0,0,0
2026-09-05 09:15:00,116.1,11,66,34.9,0,0,0
2026-09-05 09:20:00,114.5,11,66,36.0,0,0,0
2026-09-05 09:25:00,114.2,6,67,37.3,0,0,0
2026-09-05 09:30:00,113.2,6,65,34.5,0,0,0
2026-09-05 09:35:00,112.6,5,69,39.2,0,0,0
2026-09-05 09:40:00,116.5,13,67,34.7,0,0,0
2026-09-05 09:45:00,112.3,6,68,34.5,0,0,0
2026-09-05 09:50:00,111.9,8,66,34.6,0,0,0
2026-09-05 09:55:00,113.0,7,66,34.8,0,0,0
2026-09-05 10:00:00,112.3,4,67,36.3,0,0,0
2026-09-05 10:05:00,115.0,2,68,36.6,0,0,0
2026-09-05 10:10:00,114.4,10,68,34.5,0,0,0
2026-09-05 10:15:00,116.0,11,68,38.2,0,0,0
2026-09-05 10:20:00,115.1,12,66,34.4,0,0,0
2026-09-05 10:25:00,110.2,8,67,38.1,0,0,0
2026-09-05 10:30:00,109.1,5,64,37.0,0,0,0
2026-09-05 10:35:00,107.0,16,65,35.1,0,0,0
2026-09-05 10:40:00,107.2,4,68,31.7,0,0,0
2026-09-05 10:45:00,111.2,6,68,35.2,0,0,0
2026-09-05 10:50:00,114.0,10,65,34.1,0,0,0
2026-09-05 10:55:00,111.1,2,67,38.2,0,0,0
2026-09-05 11:00:00,109.6,3,65,35.3,0,0,0
2026-09-05 11:05:00,113.0,2,66,35.3,0,0,0
2026-09-05 11:10:00,112.5,15,68,31.8,0,0,0
2026-09-05 11:15:00,109.5,7,66,33.2,0,0,0
2026-09-05 11:20:00,108.2,11,69,34.6,0,0,0
2026-09-05 11:25:00,105.8,7,65,34.6,0,0,0
2026-09-05 11:30:00,109.3,4,67,37.2,0,0,0
2026-09-05 11:35:00,110.4,5,64,32.8,0,0,0
2026-09-05 11:40:00,109.1,10,67,33.7,0,0,0
2026-09-05 11:45:00,111.4,14,69,37.4,0,0,0
2026-09-05 11:50:00,111.5,6,66,36.0,0,0,0
2026-09-05 11:55:00,111.4,7,67,36.9,0,0,0
2026-09-05 12:00:00,112.0,3,65,38.9,0,0,0
2026-09-05 12:05:00,113.9,4,66,32.8,0,0,0
2026-09-05 12:10:00,114.2,10,67,40.1,0,0,0
2026-09-05 12:15:00,113.3,430,92,34.1,0,0,0
2026-09-05 12:20:00,113.0,423,89,30.6,0,0,0
2026-09-05 12:25:00,113.9,12,70,33.1,0,0,0
2026-09-05 12:30:00,114.2,13,64,34.7,0,0,0
2026-09-05 12:35:00,111.1,12,63,36.9,0,0,0
2026-09-05 12:40:00,108.7,9,66,37.0,0,0,0
2026-09-05 12:45:00,112.1,5,64,36.9,0,0,0
2026-09-05 12:50:00,107.5,2,65,39.5,0,0,0
2026-09-05 12:55:00,108.4,7,64,31.4,0,0,0
2026-09-05 13:00:00,110.6,4,65,35.9,0,0,0
2026-09-05 13:05:00,112.3,10,64,35.9,0,0,0
2026-09-05 13:10:00,110.7,25,68,32.7,0,0,0
2026-09-05 13:15:00,113.1,14,70,36.1,0,0,0
2026-09-05 13:20:00,110.4,23,70,35.9,0,96,75
2026-09-05 13:25:00,117.7,13,72,39.7,0,0,0
2026-09-05 13:30:00,123.9,18,72,37.1,0,0,0
2026-09-05 13:35:00,131.3,451,97,34.8,0,0,0
2026-09-05 13:40:00,132.7,450,95,35.8,0,0,0
2026-09-05 13:45:00,135.5,12,70,34.8,0,0,0
2026-09-05 13:50:00,138.8,14,68,36.3,0,0,0
2026-09-05 13:55:00,138.5,8,64,37.0,0,0,0
2026-09-05 14:00:00,137.1,3,67,37.6,0,0,0
2026-09-05 14:05:00,135.9,1,67,33.6,0,0,0
2026-09-05 14:10:00,136.5,4,69,34.9,0,0,0
2026-09-05 14:15:00,136.6,6,68,34.5,0,0,0
2026-09-05 14:20:00,135.3,7,65,34.7,0,0,0
2026-09-05 14:25:00,135.5,10,67,37.3,0,0,0
2026-09-05 14:30:00,135.3,15,66,37.1,0,0,0
2026-09-05 14:35:00,134.0,7,70,34.7,0,0,0
2026-09-05 14:40:00,133.4,10,68,31.3,0,0,0
2026-09-05 14:45:00,129.1,5,68,34.8,0,0,0
2026-09-05 14:50:00,128.4,7,70,34.9,0,0,0
2026-09-05 14:55:00,127.1,15,68,36.3,0,0,0
2026-09-05 15:00:00,127.5,1,69,34.8,0,0,0
2026-09-05 15:05:00,125.9,13,68,37.0,0,0,0
2026-09-05 15:10:00,126.7,4,60,37.2,0,0,0
2026-09-05 15:15:00,123.4,6,66,32.4,0,0,0
2026-09-05 15:20:00,124.6,7,66,39.5,0,0,0
2026-09-05 15:25:00,121.2,3,65,35.1,0,0,0
2026-09-05 15:30:00,119.1,8,67,39.1,0,0,0
2026-09-05 15:35:00,118.3,21,65,35.9,0,0,0
2026-09-05 15:40:00,115.9,5,67,36.5,0,0,0
2026-09-05 15:45:00,114.8,9,71,34.9,0,0,0
2026-09-05 15:50:00,113.9,7,66,37.3,0,0,0
2026-09-05 15:55:00,115.5,14,65,36.1,0,0,0
2026-09-05 16:00:00,112.3,13,68,35.5,0,0,0
2026-09-05 16:05:00,109.0,8,67,32.7,0,0,0
2026-09-05 16:10:00,110.8,3,69,34.8,0,0,0
2026-09-05 16:15:00,107.7,7,68,36.7,0,0,0
2026-09-05 16:20:00,108.3,3,63,34.9,0,0,0
2026-09-05 16:25:00,106.9,3,71,36.4,0,0,0
2026-09-05 16:30:00,103.3,5,67,36.9,0,0,0
2026-09-05 16:35:00,106.8,15,63,33.8,0,0,0
2026-09-05 16:40:00,106.5,5,64,36.9,0,0,0
2026-09-05 16:45:00,108.1,14,68,35.5,0,0,0
2026-09-05 16:50:00,108.9,6,66,37.6,0,0,0
2026-09-05 16:55:00,109.0,2,64,34.0,0,0,0
2026-09-05 17:00:00,110.5,6,69,38.2,0,0,0
2026-09-05 17:05:00,106.9,14,65,37.4,0,0,0
2026-09-05 17:10:00,106.5,12,68,30.8,0,0,0
2026-09-05 17:15:00,105.2,5,65,34.9,0,0,0
2026-09-05 17:20:00,109.1,7,72,39.6,0,24,65
2026-09-05 17:25:00,114.6,6,72,40.1,0,0,0
2026-09-05 17:30:00,116.9,13,70,36.2,0,0,0
2026-09-05 17:35:00,118.4,3,69,34.6,0,0,0
2026-09-05 17:40:00,119.5,14,73,34.2,0,0,0
2026-09-05 17:45:00,120.7,11,68,34.6,0,0,0
2026-09-05 17:50:00,119.8,1,66,37.0,0,0,0
2026-09-05 17:55:00,119.7,3,66,36.3,0,0,0
2026-09-05 18:00:00,119.6,2,68,33.6,0,0,0
2026-09-05 18:05:00,121.2,12,67,34.6,0,0,0
2026-09-05 18:10:00,118.5,7,62,33.2,0,0,0
2026-09-05 18:15:00,120.8,4,68,35.3,0,0,0
2026-09-05 18:20:00,120.8,10,63,35.9,0,0,0
2026-09-05 18:25:00,120.7,7,65,40.3,0,0,0
2026-09-05 18:30:00,119.1,3,67,35.1,0,0,0
2026-09-05 18:35:00,118.2,7,66,35.4,0,0,0
2026-09-05 18:40:00,117.1,9,67,39.0,0,0,0
2026-09-05 18:45:00,117.4,13,68,33.3,0,0,0
2026-09-05 18:50:00,115.2,2,69,37.0,0,0,0
2026-09-05 18:55:00,113.9,5,67,35.6,0,0,0
2026-09-05 19:00:00,115.6,7,65,36.1,0,0,0
2026-09-05 19:05:00,115.9,18,67,32.3,0,0,0
2026-09-05 19:10:00,115.2,3,68,35.5,0,0,0
2026-09-05 19:15:00,118.2,9,67,32.9,0,0,0
2026-09-05 19:20:00,119.9,9,68,34.5,0,0,0
2026-09-05 19:25:00,119.4,6,65,34.6,0,0,0
2026-09-05 19:30:00,120.1,8,68,36.2,0,0,0
2026-09-05 19:35:00,124.5,12,67,31.6,0,0,0
2026-09-05 19:40:00,122.4,7,67,34.2,0,0,0
2026-09-05 19:45:00,120.1,3,70,33.6,0,0,0
2026-09-05 19:50:00,118.9,17,65,38.1,0,0,0
2026-09-05 19:55:00,116.5,3,67,35.0,0,0,0
2026-09-05 20:00:00,112.6,5,65,40.1,0,0,0
2026-09-05 20:05:00,112.9,11,68,33.9,0,0,0
2026-09-05 20:10:00,112.7,4,66,37.3,0,0,0
2026-09-05 20:15:00,112.7,9,68,35.3,0,0,0
2026-09-05 20:20:00,112.2,9,68,36.2,0,0,0
2026-09-05 20:25:00,110.5,2,63,35.4,0,0,0
2026-09-05 20:30:00,109.4,7,65,35.4,0,0,0
2026-09-05 20:35:00,109.2,7,68,40.2,0,0,0
2026-09-05 20:40:00,111.4,10,65,37.5,0,0,0
2026-09-05 20:45:00,110.4,8,65,36.0,0,0,0
2026-09-05 20:50:00,108.5,10,63,38.2,0,0,0
2026-09-05 20:55:00,111.8,5,68,33.4,0,0,0
2026-09-05 21:00:00,111.3,13,67,34.6,0,0,0
2026-09-05 21:05:00,114.1,17,68,34.5,0,0,0
2026-09-05 21:10:00,112.7,6,63,39.1,0,0,0
2026-09-05 21:15:00,116.0,2,67,33.1,0,0,0
2026-09-05 21:20:00,116.0,11,70,35.6,0,72,75
2026-09-05 21:25:00,125.2,9,72,39.7,0,0,0
2026-09-05 21:30:00,125.6,16,72,32.1,0,0,0
2026-09-05 21:35:00,129.4,468,99,39.8,0,0,0
2026-09-05 21:40:00,132.8,472,95,31.3,0,0,0
2026-09-05 21:45:00,134.1,2,69,35.0,0,0,0
2026-09-05 21:50:00,135.7,7,64,35.1,0,0,0
2026-09-05 21:55:00,139.7,7,68,34.7,0,0,0
2026-09-05 22:00:00,142.2,10,69,34.3,0,0,0
2026-09-05 22:05:00,143.1,10,68,33.8,0,0,0
2026-09-05 22:10:00,143.3,4,67,32.6,0,0,0
2026-09-05 22:15:00,142.6,6,70,32.0,0,0,0
2026-09-05 22:20:00,140.4,11,69,35.3,0,0,0
2026-09-05 22:25:00,139.7,6,66,38.7,0,0,0
2026-09-05 22:30:00,140.5,13,65,33.7,0,0,0
2026-09-05 22:35:00,144.2,6,65,36.3,0,0,0
2026-09-05 22:40:00,143.0,4,68,35.1,0,0,0
2026-09-05 22:45:00,138.1,6,64,36.4,0,0,0
2026-09-05 22:50:00,133.2,6,63,31.9,0,0,0
2026-09-05 22:55:00,131.6,4,64,33.6,0,0,0
2026-09-05 23:00:00,130.1,4,65,37.7,0,0,0
2026-09-05 23:05:00,129.6,2,61,33.6,0,0,0
2026-09-05 23:10:00,127.6,13,67,33.9,0,0,0
2026-09-05 23:15:00,125.1,14,67,35.5,0,0,0
2026-09-05 23:20:00,125.9,19,66,35.5,0,0,0
2026-09-05 23:25:00,121.8,11,65,33.1,0,0,0
2026-09-05 23:30:00,123.6,0,55,56.7,1,0,0
2026-09-05 23:35:00,121.4,0,56,56.5,1,0,0
2026-09-05 23:40:00,122.1,0,55,55.7,1,0,0
2026-09-05 23:45:00,122.7,0,59,56.6,1,0,0
2026-09-05 23:50:00,121.8,0,57,59.8,1,0,0
2026-09-05 23:55:00,123.6,0,57,57.6,1,0,0
2026-09-06 00:00:00,125.6,0,57,54.7,1,0,0
2026-09-06 00:05:00,126.6,1,58,56.4,1,0,0
2026-09-06 00:10:00,124.3,0,59,55.9,1,0,0
2026-09-06 00:15:00,123.8,0,55,54.5,1,0,0
2026-09-06 00:20:00,118.3,0,57,52.8,1,0,0
2026-09-06 00:25:00,117.5,0,59,58.2,1,0,0
2026-09-06 00:30:00,116.0,0,59,57.3,1,0,0
2026-09-06 00:35:00,117.5,0,57,53.9,1,0,0
2026-09-06 00:40:00,117.4,1,58,56.3,1,0,0
2026-09-06 00:45:00,118.7,0,58,55.9,1,0,0
2026-09-06 00:50:00,119.6,0,56,54.6,1,0,0
2026-09-06 00:55:00,119.0,0,59,57.1,1,0,0
2026-09-06 01:00:00,120.0,0,57,57.5,1,0,0
2026-09-06 01:05:00,117.9,0,57,60.9,1,0,0
2026-09-06 01:10:00,116.4,0,58,57.7,1,0,0
2026-09-06 01:15:00,120.1,0,58,55.4,1,0,0
2026-09-06 01:20:00,120.6,0,61,56.7,1,0,0
2026-09-06 01:25:00,118.4,0,55,60.0,1,0,0
2026-09-06 01:30:00,116.6,0,53,57.0,1,0,0
2026-09-06 01:35:00,113.4,0,60,55.6,1,0,0
2026-09-06 01:40:00,121.0,0,57,58.3,1,0,0
2026-09-06 01:45:00,120.2,0,60,54.0,1,0,0
2026-09-06 01:50:00,118.8,0,59,58.6,1,0,0
2026-09-06 01:55:00,117.3,1,57,57.3,1,0,0
2026-09-06 02:00:00,112.3,1,57,53.9,1,0,0
2026-09-06 02:05:00,113.5,0,61,57.8,1,0,0
2026-09-06 02:10:00,112.1,0,57,58.0,1,0,0
2026-09-06 02:15:00,112.0,0,59,56.1,1,0,0
2026-09-06 02:20:00,111.1,0,60,56.1,1,0,0
2026-09-06 02:25:00,106.8,0,56,58.6,1,0,0
2026-09-06 02:30:00,110.1,0,56,56.1,1,0,0
2026-09-06 02:35:00,112.3,0,55,56.2,1,0,0
2026-09-06 02:40:00,113.2,0,59,55.7,1,0,0
2026-09-06 02:45:00,112.9,0,59,55.7,1,0,0
2026-09-06 02:50:00,115.4,0,54,60.6,1,0,0
2026-09-06 02:55:00,117.2,0,57,59.2,1,0,0
2026-09-06 03:00:00,117.3,0,59,58.2,1,0,0
2026-09-06 03:05:00,114.9,1,59,58.5,1,0,0
2026-09-06 03:10:00,119.1,2,59,53.3,1,0,0
2026-09-06 03:15:00,118.4,0,57,54.6,1,0,0
2026-09-06 03:20:00,116.5,1,58,60.3,1,0,0
2026-09-06 03:25:00,117.1,1,59,55.6,1,0,0
2026-09-06 03:30:00,119.2,1,59,56.1,1,0,0
2026-09-06 03:35:00,117.6,0,56,57.3,1,0,0
2026-09-06 03:40:00,118.4,1,59,54.0,1,0,0
2026-09-06 03:45:00,119.0,0,59,58.6,1,0,0
2026-09-06 03:50:00,118.2,0,58,57.9,1,0,0
2026-09-06 03:55:00,115.4,1,57,57.8,1,0,0
2026-09-06 04:00:00,112.8,0,59,57.0,1,0,0
2026-09-06 04:05:00,113.6,0,59,54.6,1,0,0
2026-09-06 04:10:00,118.0,0,58,59.6,1,0,0
2026-09-06 04:15:00,119.7,0,59,55.0,1,0,0
2026-09-06 04:20:00,121.0,0,56,55.2,1,0,0
2026-09-06 04:25:00,120.0,0,57,58.2,1,0,0
2026-09-06 04:30:00,118.5,0,55,56.2,1,0,0
2026-09-06 04:35:00,118.8,0,58,60.2,1,0,0
2026-09-06 04:40:00,119.8,1,55,57.6,1,0,0
2026-09-06 04:45:00,123.2,0,59,56.8,1,0,0
2026-09-06 04:50:00,123.4,0,55,57.4,1,0,0
2026-09-06 04:55:00,123.5,0,57,55.5,1,0,0
2026-09-06 05:00:00,119.4,2,58,53.7,1,0,0
2026-09-06 05:05:00,122.3,1,59,58.0,1,0,0
2026-09-06 05:10:00,121.0,0,58,55.1,1,0,0
2026-09-06 05:15:00,122.0,0,55,58.6,1,0,0
2026-09-06 05:20:00,121.3,0,59,55.8,1,0,0
2026-09-06 05:25:00,124.3,1,60,53.9,1,0,0
2026-09-06 05:30:00,122.9,0,59,58.7,1,0,0
2026-09-06 05:35:00,122.7,0,57,56.4,1,0,0
2026-09-06 05:40:00,121.9,0,58,55.9,1,0,0
2026-09-06 05:45:00,121.4,1,60,56.4,1,0,0
2026-09-06 05:50:00,121.2,0,55,59.9,1,0,0
2026-09-06 05:55:00,124.6,1,59,55.4,1,0,0
2026-09-06 06:00:00,126.0,0,56,59.1,1,0,0
2026-09-06 06:05:00,124.5,1,60,57.6,1,0,0
2026-09-06 06:10:00,122.7,0,56,56.8,1,0,0
2026-09-06 06:15:00,119.1,0,57,55.3,1,0,0
2026-09-06 06:20:00,122.7,0,59,56.2,1,0,0
2026-09-06 06:25:00,121.8,0,56,54.2,1,0,0
2026-09-06 06:30:00,126.3,0,58,55.8,1,0,0
2026-09-06 06:35:00,126.9,0,59,53.1,1,0,0
2026-09-06 06:40:00,126.4,1,58,54.3,1,0,0
2026-09-06 06:45:00,129.0,0,57,56.8,1,0,0
2026-09-06 06:50:00,127.9,0,59,56.8,1,0,0
2026-09-06 06:55:00,127.6,24,71,35.6,0,0,0
2026-09-06 07:00:00,127.7,16,68,34.7,0,0,0
2026-09-06 07:05:00,124.7,4,68,34.7,0,0,0
2026-09-06 07:10:00,121.7,9,65,35.6,0,0,0
2026-09-06 07:15:00,122.3,7,68,35.0,0,0,0
2026-09-06 07:20:00,124.2,9,64,35.6,0,0,0
2026-09-06 07:25:00,124.2,13,69,37.4,0,0,0
2026-09-06 07:30:00,122.4,2,66,33.6,0,0,0
2026-09-06 07:35:00,119.4,7,70,33.0,0,0,0
2026-09-06 07:40:00,117.6,11,69,36.6,0,0,0
2026-09-06 07:45:00,118.4,12,65,32.7,0,0,0
2026-09-06 07:50:00,117.4,6,63,32.5,0,0,0
2026-09-06 07:55:00,117.2,7,64,35.0,0,0,0
2026-09-06 08:00:00,117.5,2,67,36.3,0,0,0
2026-09-06 08:05:00,114.6,7,62,36.0,0,0,0
2026-09-06 08:10:00,113.4,4,68,34.5,0,0,0
2026-09-06 08:15:00,113.5,11,64,34.9,0,0,0
2026-09-06 08:20:00,115.0,0,66,34.8,0,0,0
2026-09-06 08:25:00,111.7,8,64,37.8,0,0,0
2026-09-06 08:30:00,112.3,10,67,32.6,0,0,0
2026-09-06 08:35:00,112.3,8,67,35.1,0,0,0
2026-09-06 08:40:00,112.4,7,64,33.4,0,0,0
2026-09-06 08:45:00,111.1,9,65,33.2,0,0,0
2026-09-06 08:50:00,108.4,2,64,33.3,0,0,0
2026-09-06 08:55:00,109.0,9,67,34.4,0,0,0
2026-09-06 09:00:00,111.4,8,65,35.4,0,0,0
2026-09-06 09:05:00,113.5,7,65,32.3,0,0,0
2026-09-06 09:10:00,113.1,245,84,30.7,0,0,0
2026-09-06 09:15:00,114.9,239,78,34.2,0,0,0
2026-09-06 09:20:00,115.0,233,80,35.8,0,0,0
2026-09-06 09:25:00,111.3,239,81,31.3,0,0,0
2026-09-06 09:30:00,113.5,11,67,35.2,0,0,0
2026-09-06 09:35:00,111.6,14,69,39.1,0,0,0
2026-09-06 09:40:00,111.7,9,67,35.0,0,0,0
2026-09-06 09:45:00,113.5,15,65,36.6,0,0,0
2026-09-06 09:50:00,110.3,5,65,36.9,0,0,0
2026-09-06 09:55:00,112.8,2,65,35.2,0,0,0
2026-09-06 10:00:00,111.4,4,69,35.6,0,0,0
2026-09-06 10:05:00,113.4,8,63,35.9,0,0,0
2026-09-06 10:10:00,114.5,10,67,36.1,0,0,0
2026-09-06 10:15:00,114.5,3,66,33.6,0,0,0
2026-09-06 10:20:00,115.9,5,64,34.2,0,0,0
2026-09-06 10:25:00,118.7,14,66,35.5,0,0,0
2026-09-06 10:30:00,115.9,12,68,36.9,0,0,0
2026-09-06 10:35:00,116.3,6,69,34.8,0,0,0
2026-09-06 10:40:00,115.0,6,63,35.0,0,0,0
2026-09-06 10:45:00,117.3,8,64,37.5,0,0,0
2026-09-06 10:50:00,120.3,9,65,35.0,0,0,0
2026-09-06 10:55:00,121.1,11,65,35.1,0,0,0
2026-09-06 11:00:00,122.0,9,67,35.6,0,0,0
2026-09-06 11:05:00,121.1,15,69,34.3,0,0,0
2026-09-06 11:10:00,123.5,7,68,32.9,0,0,0
2026-09-06 11:15:00,124.3,5,68,33.9,0,0,0
2026-09-06 11:20:00,122.7,5,66,35.4,0,0,0
2026-09-06 11:25:00,122.8,15,67,35.7,0,0,0
2026-09-06 11:30:00,120.5,0,68,36.9,0,0,0
2026-09-06 11:35:00,118.5,7,70,33.7,0,0,0
2026-09-06 11:40:00,113.2,13,72,33.6,0,0,0
2026-09-06 11:45:00,112.7,4,69,36.9,0,0,0
2026-09-06 11:50:00,112.2,4,64,34.8,0,0,0
2026-09-06 11:55:00,112.3,9,65,38.5,0,0,0
2026-09-06 12:00:00,115.5,10,65,32.3,0,0,0
2026-09-06 12:05:00,116.1,14,64,31.8,0,0,0
2026-09-06 12:10:00,116.0,14,66,35.2,0,0,0
2026-09-06 12:15:00,117.3,4,68,34.1,0,0,0
2026-09-06 12:20:00,116.8,6,65,35.9,0,0,0
2026-09-06 12:25:00,113.9,7,64,35.0,0,0,0
2026-09-06 12:30:00,111.5,7,69,36.3,0,0,0
2026-09-06 12:35:00,109.0,17,65,33.0,0,0,0
2026-09-06 12:40:00,108.8,9,67,35.0,0,0,0
2026-09-06 12:45:00,104.4,8,68,37.5,0,0,0
2026-09-06 12:50:00,106.0,3,69,36.7,0,0,0
2026-09-06 12:55:00,104.9,7,67,33.4,0,0,0
2026-09-06 13:00:00,105.7,8,63,33.4,0,0,0
2026-09-06 13:05:00,106.2,8,65,35.3,0,0,0
2026-09-06 13:10:00,106.3,10,67,33.7,0,0,0
2026-09-06 13:15:00,108.9,10,69,35.4,0,64,68
2026-09-06 13:20:00,118.6,16,67,33.1,0,0,0
2026-09-06 13:25:00,124.9,8,70,34.8,0,0,0
2026-09-06 13:30:00,132.2,8,72,33.9,0,0,0
2026-09-06 13:35:00,138.0,6,69,32.5,0,0,0
2026-09-06 13:40:00,138.4,12,67,33.1,0,0,0
2026-09-06 13:45:00,139.2,10,65,36.6,0,0,0
2026-09-06 13:50:00,140.9,8,68,37.4,0,0,0
2026-09-06 13:55:00,140.5,8,67,34.1,0,0,0
2026-09-06 14:00:00,138.0,5,66,39.4,0,0,0
2026-09-06 14:05:00,138.4,9,69,38.7,0,0,0
2026-09-06 14:10:00,138.1,8,63,35.8,0,0,0
2026-09-06 14:15:00,140.6,6,70,39.9,0,0,0
2026-09-06 14:20:00,139.6,5,67,34.9,0,0,0
2026-09-06 14:25:00,139.7,3,67,34.6,0,0,0
2026-09-06 14:30:00,135.5,2,66,33.0,0,0,0
2026-09-06 14:35:00,131.8,4,65,33.4,0,0,0
2026-09-06 14:40:00,131.5,11,69,38.0,0,0,0
2026-09-06 14:45:00,129.0,10,64,31.5,0,0,0
2026-09-06 14:50:00,129.0,8,69,33.8,0,0,0
2026-09-06 14:55:00,126.8,11,67,35.1,0,0,0
2026-09-06 15:00:00,128.3,5,68,37.9,0,0,0
2026-09-06 15:05:00,127.6,7,68,36.3,0,0,0
2026-09-06 15:10:00,128.7,11,70,35.0,0,0,0
2026-09-06 15:15:00,127.1,7,64,37.5,0,0,0
2026-09-06 15:20:00,126.7,17,66,31.9,0,0,0
2026-09-06 15:25:00,122.4,4,67,36.6,0,0,0
2026-09-06 15:30:00,122.8,5,67,32.2,0,0,0
2026-09-06 15:35:00,122.1,6,66,35.8,0,0,0
2026-09-06 15:40:00,121.0,5,65,31.1,0,0,0
2026-09-06 15:45:00,119.0,13,67,36.3,0,0,0
2026-09-06 15:50:00,118.9,9,67,33.8,0,0,0
2026-09-06 15:55:00,123.1,13,65,33.4,0,0,0
2026-09-06 16:00:00,121.9,4,66,34.2,0,0,0
2026-09-06 16:05:00,122.6,4,64,34.7,0,0,0
2026-09-06 16:10:00,122.7,6,70,32.7,0,0,0
2026-09-06 16:15:00,119.2,7,67,37.1,0,0,0
2026-09-06 16:20:00,117.5,13,68,37.2,0,0,0
2026-09-06 16:25:00,116.0,12,67,32.7,0,0,0
2026-09-06 16:30:00,112.1,8,67,36.5,0,0,0
2026-09-06 16:35:00,112.2,3,68,32.4,0,0,0
2026-09-06 16:40:00,112.3,8,65,33.0,0,0,0
2026-09-06 16:45:00,109.5,7,65,36.9,0,0,0
2026-09-06 16:50:00,110.1,13,64,35.6,0,0,0
2026-09-06 16:55:00,108.6,4,65,38.8,0,0,0
2026-09-06 17:00:00,107.3,2,63,35.4,0,0,0
2026-09-06 17:05:00,110.3,6,66,33.1,0,0,0
2026-09-06 17:10:00,109.6,8,69,37.8,0,0,0
2026-09-06 17:15:00,110.3,2,64,31.4,0,0,0
2026-09-06 17:20:00,109.6,7,66,33.5,0,0,0
2026-09-06 17:25:00,110.3,22,69,35.6,0,0,0
2026-09-06 17:30:00,107.8,4,74,30.4,0,17,50
2026-09-06 17:35:00,110.4,10,69,35.0,0,0,0
2026-09-06 17:40:00,112.7,11,71,36.5,0,0,0
2026-09-06 17:45:00,112.4,487,99,32.8,0,0,0
2026-09-06 17:50:00,111.3,486,97,36.3,0,0,0
2026-09-06 17:55:00,113.3,11,67,36.9,0,0,0
2026-09-06 18:00:00,112.7,11,68,32.7,0,0,0
2026-09-06 18:05:00,110.9,7,66,33.1,0,0,0
2026-09-06 18:10:00,115.4,13,66,37.6,0,0,0
2026-09-06 18:15:00,117.0,8,68,38.1,0,0,0
2026-09-06 18:20:00,120.2,7,64,31.3,0,0,0
2026-09-06 18:25:00,124.8,4,64,36.9,0,0,0
2026-09-06 18:30:00,121.8,9,66,32.7,0,0,0
2026-09-06 18:35:00,123.1,3,67,30.8,0,0,0
2026-09-06 18:40:00,122.5,12,66,32.5,0,0,0
2026-09-06 18:45:00,122.8,13,73,35.0,0,0,0
2026-09-06 18:50:00,121.9,7,68,36.6,0,0,0
2026-09-06 18:55:00,120.3,12,65,36.5,0,0,0
2026-09-06 19:00:00,121.5,1,63,33.7,0,0,0
2026-09-06 19:05:00,118.9,9,68,32.5,0,0,0
2026-09-06 19:10:00,117.2,10,67,33.9,0,0,0
2026-09-06 19:15:00,115.9,18,69,35.3,0,0,0
2026-09-06 19:20:00,117.8,6,64,32.1,0,0,0
2026-09-06 19:25:00,120.0,5,62,34.1,0,0,0
2026-09-06 19:30:00,118.4,11,67,34.0,0,0,0
2026-09-06 19:35:00,117.9,8,67,36.4,0,0,0
2026-09-06 19:40:00,119.3,14,67,35.5,0,0,0
2026-09-06 19:45:00,117.1,9,66,36.0,0,0,0
2026-09-06 19:50:00,113.8,5,65,35.8,0,0,0
2026-09-06 19:55:00,117.5,9,68,35.2,0,0,0
2026-09-06 20:00:00,116.7,4,64,33.7,0,0,0
2026-09-06 20:05:00,115.4,19,66,34.0,0,0,0
2026-09-06 20:10:00,115.3,6,67,33.5,0,0,0
2026-09-06 20:15:00,115.7,8,68,34.7,0,0,0
2026-09-06 20:20:00,115.1,7,64,34.5,0,0,0
2026-09-06 20:25:00,110.4,7,70,34.8,0,0,0
2026-09-06 20:30:00,113.7,8,67,33.7,0,0,0
2026-09-06 20:35:00,112.5,2,65,33.6,0,0,0
2026-09-06 20:40:00,115.7,6,66,36.4,0,0,0
2026-09-06 20:45:00,113.3,8,68,37.4,0,0,0
2026-09-06 20:50:00,115.2,7,67,33.6,0,0,0
2026-09-06 20:55:00,117.0,9,63,38.1,0,0,0
2026-09-06 21:00:00,117.6,5,68,34.1,0,0,0
2026-09-06 21:05:00,116.1,10,67,32.6,0,0,0
2026-09-06 21:10:00,115.2,4,68,31.9,0,61,50
2026-09-06 21:15:00,118.5,13,71,36.1,0,0,0
2026-09-06 21:20:00,117.8,12,70,32.2,0,0,0
2026-09-06 21:25:00,120.7,372,93,35.1,0,0,0
2026-09-06 21:30:00,122.3,363,92,34.5,0,0,0
2026-09-06 21:35:00,124.0,18,72,34.5,0,0,0
2026-09-06 21:40:00,125.8,5,68,36.4,0,0,0
2026-09-06 21:45:00,126.9,5,66,35.4,0,0,0
2026-09-06 21:50:00,126.7,10,69,35.0,0,0,0
2026-09-06 21:55:00,128.6,19,68,34.0,0,0,0
2026-09-06 22:00:00,130.6,9,68,33.0,0,0,0
2026-09-06 22:05:00,128.1,11,62,31.8,0,0,0
2026-09-06 22:10:00,126.4,4,66,35.1,0,0,0
2026-09-06 22:15:00,124.2,0,61,55.2,1,0,0
2026-09-06 22:20:00,123.8,0,61,56.4,1,0,0
2026-09-06 22:25:00,120.7,0,60,56.8,1,0,0
2026-09-06 22:30:00,121.2,0,60,55.3,1,0,0
2026-09-06 22:35:00,120.5,0,58,55.0,1,0,0
2026-09-06 22:40:00,121.8,0,61,56.0,1,0,0
2026-09-06 22:45:00,118.4,0,59,56.1,1,0,0
2026-09-06 22:50:00,118.7,0,61,59.5,1,0,0
2026-09-06 22:55:00,118.4,0,58,54.1,1,0,0
2026-09-06 23:00:00,120.8,0,58,56.5,1,0,0
2026-09-06 23:05:00,121.7,0,60,54.3,1,0,0
2026-09-06 23:10:00,120.8,0,56,54.2,1,0,0
2026-09-06 23:15:00,117.3,0,57,56.5,1,0,0
2026-09-06 23:20:00,118.5,0,57,54.4,1,0,0
2026-09-06 23:25:00,118.6,0,59,57.4,1,0,0
2026-09-06 23:30:00,117.9,0,59,54.6,1,0,0
2026-09-06 23:35:00,119.3,1,56,55.9,1,0,0
2026-09-06 23:40:00,119.4,1,58,56.8,1,0,0
2026-09-06 23:45:00,118.8,0,57,53.2,1,0,0
2026-09-06 23:50:00,116.9,1,59,56.0,1,0,0
2026-09-06 23:55:00,114.7,0,57,57.3,1,0,0
2026-09-07 00:00:00,109.7,0,59,59.1,1,0,0
2026-09-07 00:05:00,112.1,0,58,57.0,1,0,0
2026-09-07 00:10:00,113.4,1,57,53.7,1,0,0
2026-09-07 00:15:00,115.7,0,56,55.2,1,0,0
2026-09-07 00:20:00,116.1,0,58,58.7,1,0,0
2026-09-07 00:25:00,114.3,0,58,58.2,1,0,0
2026-09-07 00:30:00,116.0,0,54,56.3,1,0,0
2026-09-07 00:35:00,114.3,0,57,59.1,1,0,0
2026-09-07 00:40:00,112.5,0,59,57.0,1,0,0
2026-09-07 00:45:00,111.0,0,58,54.0,1,0,0
2026-09-07 00:50:00,114.0,0,57,56.9,1,0,0
2026-09-07 00:55:00,110.4,0,59,56.3,1,0,0
2026-09-07 01:00:00,109.1,0,59,57.4,1,0,0
2026-09-07 01:05:00,112.6,1,59,56.7,1,0,0
2026-09-07 01:10:00,114.4,1,58,56.4,1,0,0
2026-09-07 01:15:00,114.1,0,58,58.9,1,0,0
2026-09-07 01:20:00,116.7,1,58,53.4,1,0,0
2026-09-07 01:25:00,115.9,0,56,56.2,1,0,0
2026-09-07 01:30:00,113.8,0,56,57.6,1,0,0
2026-09-07 01:35:00,112.6,0,56,54.0,1,0,0
2026-09-07 01:40:00,110.7,0,58,59.7,1,0,0
2026-09-07 01:45:00,110.4,0,59,59.7,1,0,0
2026-09-07 01:50:00,108.6,1,60,58.7,1,0,0
2026-09-07 01:55:00,108.2,1,57,59.8,1,0,0
2026-09-07 02:00:00,111.5,0,58,53.8,1,0,0
2026-09-07 02:05:00,114.4,0,57,56.4,1,0,0
2026-09-07 02:10:00,116.1,0,61,57.0,1,0,0
2026-09-07 02:15:00,116.2,1,57,59.0,1,0,0
2026-09-07 02:20:00,117.6,0,56,58.3,1,0,0
2026-09-07 02:25:00,116.0,0,58,56.4,1,0,0
2026-09-07 02:30:00,118.0,1,56,58.2,1,0,0
2026-09-07 02:35:00,118.6,1,58,56.7,1,0,0
2026-09-07 02:40:00,116.2,0,58,56.3,1,0,0
2026-09-07 02:45:00,115.9,1,55,56.1,1,0,0
2026-09-07 02:50:00,117.4,0,57,55.9,1,0,0
2026-09-07 02:55:00,115.8,0,56,55.7,1,0,0
2026-09-07 03:00:00,117.0,0,56,56.1,1,0,0
2026-09-07 03:05:00,118.1,0,57,54.5,1,0,0
2026-09-07 03:10:00,116.6,0,54,61.0,1,0,0
2026-09-07 03:15:00,112.9,1,57,59.0,1,0,0
2026-09-07 03:20:00,113.7,1,58,56.7,1,0,0
2026-09-07 03:25:00,117.2,0,62,58.2,1,0,0
2026-09-07 03:30:00,118.6,0,58,59.3,1,0,0
2026-09-07 03:35:00,120.4,0,56,56.1,1,0,0
2026-09-07 03:40:00,120.1,0,61,57.5,1,0,0
2026-09-07 03:45:00,119.8,1,58,57.5,1,0,0
2026-09-07 03:50:00,118.6,0,57,56.5,1,0,0
2026-09-07 03:55:00,117.6,0,59,59.2,1,0,0
2026-09-07 04:00:00,118.3,0,58,58.2,1,0,0
2026-09-07 04:05:00,115.1,0,60,59.3,1,0,0
2026-09-07 04:10:00,114.9,0,55,56.8,1,0,0
2026-09-07 04:15:00,116.0,0,57,55.4,1,0,0
2026-09-07 04:20:00,114.3,0,58,56.1,1,0,0
2026-09-07 04:25:00,115.5,0,59,58.9,1,0,0
2026-09-07 04:30:00,114.7,0,62,57.1,1,0,0
2026-09-07 04:35:00,114.3,0,56,56.6,1,0,0
2026-09-07 04:40:00,115.7,1,60,55.5,1,0,0
2026-09-07 04:45:00,115.5,0,56,57.9,1,0,0
2026-09-07 04:50:00,115.8,1,57,57.6,1,0,0
2026-09-07 04:55:00,117.4,0,60,57.3,1,0,0
2026-09-07 05:00:00,114.0,1,62,57.2,1,0,0
2026-09-07 05:05:00,112.9,0,61,59.6,1,0,0
2026-09-07 05:10:00,115.6,0,56,60.7,1,0,0
2026-09-07 05:15:00,115.7,0,57,55.0,1,0,0
2026-09-07 05:20:00,116.2,2,63,60.6,1,0,0
2026-09-07 05:25:00,116.2,0,52,59.4,1,0,0
2026-09-07 05:30:00,117.7,0,58,59.9,1,0,0
2026-09-07 05:35:00,116.7,0,56,56.1,1,0,0
2026-09-07 05:40:00,117.3,0,57,55.7,1,0,0
2026-09-07 05:45:00,116.6,0,59,57.6,1,0,0
2026-09-07 05:50:00,116.0,1,56,54.9,1,0,0
2026-09-07 05:55:00,116.4,0,59,59.3,1,0,0
2026-09-07 06:00:00,115.3,0,63,58.9,1,0,0
2026-09-07 06:05:00,114.3,0,59,54.6,1,0,0
2026-09-07 06:10:00,115.4,0,59,56.5,1,0,0
2026-09-07 06:15:00,114.4,0,60,55.0,1,0,0
2026-09-07 06:20:00,115.2,6,69,36.2,0,0,0
2026-09-07 06:25:00,116.5,6,63,35.2,0,0,0
2026-09-07 06:30:00,115.5,9,67,37.6,0,0,0
2026-09-07 06:35:00,116.1,8,67,37.1,0,0,0
2026-09-07 06:40:00,116.9,6,64,36.7,0,0,0
2026-09-07 06:45:00,111.4,6,70,38.3,0,0,0
2026-09-07 06:50:00,115.1,15,67,33.3,0,0,0
2026-09-07 06:55:00,117.1,8,65,32.3,0,0,0
2026-09-07 07:00:00,118.2,5,65,35.5,0,0,0
2026-09-07 07:05:00,121.7,18,68,34.5,0,0,0
2026-09-07 07:10:00,121.2,2,70,34.3,0,0,0
2026-09-07 07:15:00,117.7,6,66,37.9,0,0,0
2026-09-07 07:20:00,117.8,10,66,37.9,0,0,0
2026-09-07 07:25:00,119.7,14,67,32.7,0,0,0
2026-09-07 07:30:00,120.3,6,65,35.0,0,0,0
2026-09-07 07:35:00,125.5,9,67,33.0,0,0,0
2026-09-07 07:40:00,125.4,10,69,36.4,0,0,0
2026-09-07 07:45:00,124.1,16,67,34.3,0,54,65
2026-09-07 07:50:00,128.9,13,73,35.9,0,0,0
2026-09-07 07:55:00,134.7,9,72,32.5,0,0,0
2026-09-07 08:00:00,141.7,10,67,38.3,0,0,0
2026-09-07 08:05:00,143.3,6,71,37.5,0,0,0
2026-09-07 08:10:00,144.2,6,70,31.4,0,0,0
2026-09-07 08:15:00,146.9,12,70,35.6,0,0,0
2026-09-07 08:20:00,146.1,11,67,36.9,0,0,0
2026-09-07 08:25:00,145.3,9,68,38.2,0,0,0
2026-09-07 08:30:00,140.6,14,65,37.6,0,0,0
2026-09-07 08:35:00,140.0,11,65,38.2,0,0,0
2026-09-07 08:40:00,140.3,6,66,36.3,0,0,0
2026-09-07 08:45:00,142.3,2,67,34.2,0,0,0
2026-09-07 08:50:00,138.7,8,67,38.1,0,0,0
2026-09-07 08:55:00,137.0,7,66,35.1,0,0,0
2026-09-07 09:00:00,132.9,16,67,36.8,0,0,0
2026-09-07 09:05:00,132.8,13,65,36.1,0,0,0
2026-09-07 09:10:00,131.9,2,65,33.6,0,0,0
2026-09-07 09:15:00,126.2,13,66,38.1,0,0,0
2026-09-07 09:20:00,127.4,13,65,37.7,0,0,0
2026-09-07 09:25:00,122.0,9,69,33.7,0,0,0
2026-09-07 09:30:00,120.0,4,66,35.2,0,0,0
2026-09-07 09:35:00,118.8,14,68,34.8,0,0,0
2026-09-07 09:40:00,116.8,4,63,37.4,0,0,0
2026-09-07 09:45:00,119.9,3,64,34.7,0,0,0
2026-09-07 09:50:00,120.4,2,67,34.9,0,0,0
2026-09-07 09:55:00,118.6,4,64,39.4,0,0,0
2026-09-07 10:00:00,116.3,8,70,35.7,0,0,0
2026-09-07 10:05:00,115.2,1,69,36.2,0,0,0
2026-09-07 10:10:00,109.6,20,67,35.4,0,0,0
2026-09-07 10:15:00,110.8,3,66,30.9,0,0,0
2026-09-07 10:20:00,115.5,8,69,31.7,0,0,0
2026-09-07 10:25:00,115.8,11,67,37.0,0,0,0
2026-09-07 10:30:00,118.2,3,65,37.4,0,0,0
2026-09-07 10:35:00,119.7,6,67,35.3,0,0,0
2026-09-07 10:40:00,114.7,8,65,36.1,0,0,0
2026-09-07 10:45:00,111.7,5,65,31.4,0,0,0
2026-09-07 10:50:00,111.6,19,68,34.6,0,0,0
2026-09-07 10:55:00,110.3,5,68,39.2,0,0,0
2026-09-07 11:00:00,109.9,11,68,34.3,0,0,0
2026-09-07 11:05:00,109.2,16,72,34.1,0,0,0
2026-09-07 11:10:00,109.8,6,64,40.4,0,0,0
2026-09-07 11:15:00,106.5,3,68,37.3,0,0,0
2026-09-07 11:20:00,108.9,8,67,34.7,0,0,0
2026-09-07 11:25:00,107.7,5,69,36.1,0,0,0
2026-09-07 11:30:00,107.7,16,71,35.0,0,0,0
2026-09-07 11:35:00,104.7,7,67,36.0,0,0,0
2026-09-07 11:40:00,104.9,5,65,36.8,0,0,0
2026-09-07 11:45:00,107.9,7,64,34.5,0,0,0
2026-09-07 11:50:00,109.7,9,67,36.9,0,0,0
2026-09-07 11:55:00,113.0,14,67,36.9,0,0,0
2026-09-07 12:00:00,110.9,9,64,35.4,0,0,0
2026-09-07 12:05:00,110.0,9,69,33.3,0,0,0
2026-09-07 12:10:00,111.5,6,66,36.7,0,0,0
2026-09-07 12:15:00,110.1,6,68,32.6,0,0,0
2026-09-07 12:20:00,111.0,5,68,38.1,0,0,0
2026-09-07 12:25:00,110.4,3,65,38.9,0,0,0
2026-09-07 12:30:00,112.7,17,69,37.7,0,0,0
2026-09-07 12:35:00,112.4,4,65,34.5,0,0,0
2026-09-07 12:40:00,113.0,4,68,36.0,0,0,0
2026-09-07 12:45:00,113.8,1,64,34.0,0,0,0
2026-09-07 12:50:00,113.8,14,68,34.8,0,0,0
2026-09-07 12:55:00,113.7,13,66,34.1,0,0,0
2026-09-07 13:00:00,115.4,7,66,33.7,0,0,0
2026-09-07 13:05:00,116.7,7,66,37.6,0,0,0
2026-09-07 13:10:00,114.4,10,69,37.3,0,0,0
2026-09-07 13:15:00,113.4,4,66,36.2,0,0,0
2026-09-07 13:20:00,113.0,9,66,31.2,0,0,0
2026-09-07 13:25:00,113.2,3,67,34.5,0,0,0
2026-09-07 13:30:00,112.9,10,67,37.4,0,0,0
2026-09-07 13:35:00,112.5,12,66,33.1,0,0,0
2026-09-07 13:40:00,116.4,12,64,37.0,0,0,0
2026-09-07 13:45:00,115.4,4,65,34.2,0,0,0
2026-09-07 13:50:00,114.4,8,72,35.2,0,69,68
2026-09-07 13:55:00,124.7,11,69,35.9,0,0,0
2026-09-07 14:00:00,132.1,7,70,37.2,0,0,0
2026-09-07 14:05:00,136.3,8,72,33.9,0,0,0
2026-09-07 14:10:00,141.9,4,68,29.3,0,0,0
2026-09-07 14:15:00,145.0,4,68,35.8,0,0,0
2026-09-07 14:20:00,149.8,380,88,36.2,0,0,0
2026-09-07 14:25:00,150.4,375,89,40.0,0,0,0
2026-09-07 14:30:00,153.7,373,87,36.5,0,0,0
2026-09-07 14:35:00,152.9,374,87,34.4,0,0,0
2026-09-07 14:40:00,148.3,9,68,35.4,0,0,0
2026-09-07 14:45:00,145.6,20,68,33.6,0,0,0
2026-09-07 14:50:00,148.4,4,66,34.5,0,0,0
2026-09-07 14:55:00,148.4,4,69,33.7,0,0,0
2026-09-07 15:00:00,145.9,2,70,30.8,0,0,0
2026-09-07 15:05:00,142.3,10,69,31.7,0,0,0
2026-09-07 15:10:00,140.8,5,70,36.3,0,0,0
2026-09-07 15:15:00,139.7,8,66,37.3,0,0,0
2026-09-07 15:20:00,139.1,9,63,32.8,0,0,0
2026-09-07 15:25:00,136.4,10,67,38.4,0,0,0
2026-09-07 15:30:00,132.3,10,65,37.4,0,0,0
2026-09-07 15:35:00,125.7,10,67,34.6,0,0,0
2026-09-07 15:40:00,124.9,1,66,34.5,0,0,0
2026-09-07 15:45:00,127.0,13,64,30.9,0,0,0
2026-09-07 15:50:00,127.8,0,66,37.7,0,0,0
2026-09-07 15:55:00,124.4,25,68,36.7,0,0,0
2026-09-07 16:00:00,124.2,9,62,39.5,0,0,0
2026-09-07 16:05:00,125.1,8,65,32.6,0,0,0
2026-09-07 16:10:00,125.0,9,70,34.7,0,0,0
2026-09-07 16:15:00,126.6,7,64,38.2,0,0,0
2026-09-07 16:20:00,127.1,11,65,34.8,0,0,0
2026-09-07 16:25:00,122.9,7,68,41.1,0,0,0
2026-09-07 16:30:00,118.2,9,67,34.3,0,0,0
2026-09-07 16:35:00,121.2,8,70,37.2,0,0,0
2026-09-07 16:40:00,119.4,7,66,36.4,0,0,0
2026-09-07 16:45:00,120.0,2,62,34.3,0,0,0
2026-09-07 16:50:00,115.4,4,67,37.7,0,0,0
2026-09-07 16:55:00,114.3,7,69,35.0,0,0,0
2026-09-07 17:00:00,113.1,7,69,37.0,0,0,0
2026-09-07 17:05:00,112.1,7,68,33.2,0,0,0
2026-09-07 17:10:00,110.5,8,64,32.4,0,0,0
2026-09-07 17:15:00,110.4,11,69,32.8,0,0,0
2026-09-07 17:20:00,111.5,12,71,38.8,0,0,0
2026-09-07 17:25:00,110.5,13,71,37.9,0,44,80
2026-09-07 17:30:00,115.2,6,71,34.9,0,0,0
2026-09-07 17:35:00,119.8,6,68,36.4,0,0,0
2026-09-07 17:40:00,124.0,4,67,35.4,0,0,0
2026-09-07 17:45:00,124.1,7,69,37.1,0,0,0
2026-09-07 17:50:00,127.3,6,66,34.0,0,0,0
2026-09-07 17:55:00,129.2,8,66,36.5,0,0,0
2026-09-07 18:00:00,129.9,8,66,33.1,0,0,0
2026-09-07 18:05:00,129.7,3,65,37.2,0,0,0
2026-09-07 18:10:00,131.2,4,68,35.0,0,0,0
2026-09-07 18:15:00,129.9,10,68,35.3,0,0,0
2026-09-07 18:20:00,128.4,10,68,37.4,0,0,0
2026-09-07 18:25:00,128.4,7,64,40.0,0,0,0
2026-09-07 18:30:00,130.0,12,66,38.9,0,0,0
2026-09-07 18:35:00,127.5,5,64,33.3,0,0,0
2026-09-07 18:40:00,125.3,8,67,34.9,0,0,0
2026-09-07 18:45:00,126.0,9,68,39.5,0,0,0
2026-09-07 18:50:00,124.3,10,68,32.6,0,0,0
2026-09-07 18:55:00,123.2,22,69,37.0,0,0,0
2026-09-07 19:00:00,120.6,8,63,37.9,0,0,0
2026-09-07 19:05:00,119.3,3,65,36.5,0,0,0
2026-09-07 19:10:00,120.2,7,68,33.4,0,0,0
2026-09-07 19:15:00,119.6,11,67,36.3,0,0,0
2026-09-07 19:20:00,117.2,13,65,36.1,0,0,0
2026-09-07 19:25:00,116.1,4,68,35.2,0,0,0
2026-09-07 19:30:00,114.5,8,65,32.8,0,0,0
2026-09-07 19:35:00,115.9,5,64,34.1,0,0,0
2026-09-07 19:40:00,115.1,2,63,34.7,0,0,0
2026-09-07 19:45:00,118.4,4,64,35.0,0,0,0
2026-09-07 19:50:00,119.3,7,65,36.7,0,0,0
2026-09-07 19:55:00,118.9,2,67,35.6,0,0,0
2026-09-07 20:00:00,116.8,16,66,38.2,0,0,0
2026-09-07 20:05:00,117.8,4,66,36.3,0,0,0
2026-09-07 20:10:00,118.4,6,65,34.8,0,0,0
2026-09-07 20:15:00,115.7,7,65,38.9,0,0,0
2026-09-07 20:20:00,116.3,8,64,35.6,0,0,0
2026-09-07 20:25:00,114.2,4,65,37.3,0,0,0
2026-09-07 20:30:00,117.2,6,68,37.1,0,97,70
2026-09-07 20:35:00,124.6,6,70,36.1,0,0,0
2026-09-07 20:40:00,132.8,23,70,38.8,0,0,0
2026-09-07 20:45:00,135.7,496,94,35.0,0,0,0
2026-09-07 20:50:00,143.2,493,99,34.6,0,0,0
2026-09-07 20:55:00,145.3,12,69,37.8,0,0,0
2026-09-07 21:00:00,145.7,16,73,37.1,0,0,0
2026-09-07 21:05:00,145.4,5,68,35.0,0,0,0
2026-09-07 21:10:00,146.2,16,67,32.7,0,0,0
2026-09-07 21:15:00,144.0,2,65,32.6,0,0,0
2026-09-07 21:20:00,140.7,18,67,34.3,0,0,0
2026-09-07 21:25:00,139.0,9,68,34.2,0,0,0
2026-09-07 21:30:00,136.2,14,65,32.3,0,0,0
2026-09-07 21:35:00,133.7,11,65,35.3,0,0,0
2026-09-07 21:40:00,132.9,9,68,37.1,0,0,0
2026-09-07 21:45:00,133.7,10,66,35.3,0,0,0
2026-09-07 21:50:00,133.2,7,64,34.6,0,0,0
2026-09-07 21:55:00,132.1,4,65,36.0,0,0,0
2026-09-07 22:00:00,129.8,7,67,34.1,0,0,0
2026-09-07 22:05:00,129.1,9,70,33.9,0,0,0
2026-09-07 22:10:00,131.9,5,70,35.9,0,0,0
2026-09-07 22:15:00,133.7,6,66,35.5,0,0,0
2026-09-07 22:20:00,133.9,8,66,33.9,0,0,0
2026-09-07 22:25:00,131.7,11,66,37.5,0,0,0
2026-09-07 22:30:00,131.8,7,69,36.7,0,0,0
2026-09-07 22:35:00,132.4,1,68,31.4,0,0,0
2026-09-07 22:40:00,129.6,14,66,34.1,0,0,0
2026-09-07 22:45:00,127.5,1,69,37.1,0,0,0
2026-09-07 22:50:00,129.0,4,67,35.0,0,0,0
2026-09-07 22:55:00,128.6,7,69,35.8,0,0,0
2026-09-07 23:00:00,125.8,4,66,36.3,0,0,0
2026-09-07 23:05:00,124.2,8,66,38.0,0,0,0
2026-09-07 23:10:00,121.3,12,63,39.0,0,0,0
2026-09-07 23:15:00,119.4,19,66,33.3,0,0,0
2026-09-07 23:20:00,118.3,3,63,36.0,0,0,0
2026-09-07 23:25:00,117.9,6,66,36.1,0,0,0
2026-09-07 23:30:00,116.6,9,64,34.6,0,0,0
2026-09-07 23:35:00,118.0,16,67,32.2,0,0,0
2026-09-07 23:40:00,114.9,10,65,37.0,0,0,0
2026-09-07 23:45:00,119.8,5,66,35.7,0,0,0
2026-09-07 23:50:00,115.5,12,67,37.9,0,0,0
2026-09-07 23:55:00,114.2,18,69,39.3,0,0,0
2026-09-08 00:00:00,110.3,9,64,36.5,0,0,0
2026-09-08 00:05:00,108.0,11,67,35.3,0,0,0
2026-09-08 00:10:00,110.5,4,64,32.0,0,0,0
2026-09-08 00:15:00,111.2,10,68,35.1,0,0,0
2026-09-08 00:20:00,108.8,7,67,35.4,0,0,0
2026-09-08 00:25:00,108.2,12,69,36.5,0,0,0
2026-09-08 00:30:00,108.4,8,64,36.4,0,0,0
2026-09-08 00:35:00,110.9,8,68,32.7,0,0,0
2026-09-08 00:40:00,111.6,6,66,37.5,0,0,0
2026-09-08 00:45:00,110.6,10,68,34.6,0,0,0
2026-09-08 00:50:00,110.9,4,66,36.4,0,0,0
2026-09-08 00:55:00,113.1,5,65,35.9,0,0,0
2026-09-08 01:00:00,112.0,11,70,36.3,0,0,0
2026-09-08 01:05:00,111.2,9,66,32.2,0,0,0
2026-09-08 01:10:00,115.0,13,69,34.5,0,0,0
2026-09-08 01:15:00,117.0,0,59,57.8,1,0,0
2026-09-08 01:20:00,115.5,1,62,55.4,1,0,0
2026-09-08 01:25:00,116.1,0,58,56.2,1,0,0
2026-09-08 01:30:00,114.8,0,55,58.5,1,0,0
2026-09-08 01:35:00,113.0,0,56,52.8,1,0,0
2026-09-08 01:40:00,112.6,0,58,53.8,1,0,0
2026-09-08 01:45:00,113.6,0,59,57.1,1,0,0
2026-09-08 01:50:00,115.7,0,59,59.3,1,0,0
2026-09-08 01:55:00,113.0,0,56,58.1,1,0,0
2026-09-08 02:00:00,115.2,0,58,56.9,1,0,0
2026-09-08 02:05:00,118.1,2,59,57.6,1,0,0
2026-09-08 02:10:00,116.7,1,61,56.3,1,0,0
2026-09-08 02:15:00,117.7,1,60,57.6,1,0,0
2026-09-08 02:20:00,115.4,0,58,57.3,1,0,0
2026-09-08 02:25:00,113.5,0,55,57.5,1,0,0
2026-09-08 02:30:00,114.6,1,54,55.5,1,0,0
2026-09-08 02:35:00,116.6,0,57,58.0,1,0,0
2026-09-08 02:40:00,116.7,1,56,55.6,1,0,0
2026-09-08 02:45:00,118.8,0,56,58.7,1,0,0
2026-09-08 02:50:00,117.3,0,60,58.4,1,0,0
2026-09-08 02:55:00,118.3,0,55,58.1,1,0,0
2026-09-08 03:00:00,119.2,0,61,53.8,1,0,0
2026-09-08 03:05:00,117.8,0,59,59.9,1,0,0
2026-09-08 03:10:00,116.3,1,57,54.8,1,0,0
2026-09-08 03:15:00,116.0,1,58,56.3,1,0,0
2026-09-08 03:20:00,112.9,0,61,58.1,1,0,0
2026-09-08 03:25:00,110.8,0,59,54.0,1,0,0
2026-09-08 03:30:00,113.8,0,60,60.8,1,0,0
2026-09-08 03:35:00,116.4,0,58,51.8,1,0,0
2026-09-08 03:40:00,118.0,0,59,59.8,1,0,0
2026-09-08 03:45:00,115.1,0,59,56.3,1,0,0
2026-09-08 03:50:00,113.6,0,57,61.1,1,0,0
2026-09-08 03:55:00,113.7,0,60,56.6,1,0,0
2026-09-08 04:00:00,118.9,0,56,56.6,1,0,0
2026-09-08 04:05:00,116.0,0,59,58.7,1,0,0
2026-09-08 04:10:00,118.6,0,58,53.0,1,0,0
2026-09-08 04:15:00,118.3,1,56,56.4,1,0,0
2026-09-08 04:20:00,119.9,0,59,53.4,1,0,0
2026-09-08 04:25:00,116.0,0,54,53.4,1,0,0
2026-09-08 04:30:00,120.0,0,57,56.8,1,0,0
2026-09-08 04:35:00,116.8,1,59,55.9,1,0,0
2026-09-08 04:40:00,116.7,0,61,61.2,1,0,0
2026-09-08 04:45:00,118.0,1,61,60.1,1,0,0
2026-09-08 04:50:00,118.3,0,57,54.9,1,0,0
2026-09-08 04:55:00,114.6,0,56,57.5,1,0,0
2026-09-08 05:00:00,116.4,0,57,57.8,1,0,0
2026-09-08 05:05:00,117.5,1,60,60.8,1,0,0
2026-09-08 05:10:00,118.1,0,61,59.3,1,0,0
2026-09-08 05:15:00,119.0,0,58,55.5,1,0,0
2026-09-08 05:20:00,116.6,0,53,62.2,1,0,0
2026-09-08 05:25:00,118.0,0,59,56.4,1,0,0
2026-09-08 05:30:00,119.2,0,56,55.1,1,0,0
2026-09-08 05:35:00,118.7,0,60,56.0,1,0,0
2026-09-08 05:40:00,119.0,0,57,57.4,1,0,0
2026-09-08 05:45:00,118.2,0,57,57.6,1,0,0
2026-09-08 05:50:00,119.5,1,57,55.3,1,0,0
2026-09-08 05:55:00,120.8,1,59,62.0,1,0,0
2026-09-08 06:00:00,119.3,1,57,55.1,1,0,0
2026-09-08 06:05:00,119.8,0,58,58.2,1,0,0
2026-09-08 06:10:00,119.2,0,60,55.0,1,0,0
2026-09-08 06:15:00,117.9,1,55,58.8,1,0,0
2026-09-08 06:20:00,120.9,0,60,57.6,1,0,0
2026-09-08 06:25:00,123.6,0,57,55.2,1,0,0
2026-09-08 06:30:00,121.5,12,68,35.6,0,0,0
2026-09-08 06:35:00,120.8,10,67,37.9,0,0,0
2026-09-08 06:40:00,122.3,9,68,36.0,0,0,0
2026-09-08 06:45:00,117.8,6,66,36.5,0,0,0
2026-09-08 06:50:00,115.8,10,66,37.2,0,0,0
2026-09-08 06:55:00,119.1,10,66,33.4,0,0,0
2026-09-08 07:00:00,116.1,6,65,33.7,0,0,0
2026-09-08 07:05:00,117.0,1,67,36.3,0,0,0
2026-09-08 07:10:00,119.2,3,68,34.2,0,0,0
2026-09-08 07:15:00,122.4,9,67,34.5,0,0,0
2026-09-08 07:20:00,118.5,22,67,35.1,0,0,0
2026-09-08 07:25:00,112.8,3,67,36.6,0,0,0
2026-09-08 07:30:00,113.1,19,70,31.9,0,0,0
2026-09-08 07:35:00,111.7,14,70,35.6,0,0,0
2026-09-08 07:40:00,115.7,10,69,34.6,0,52,65
2026-09-08 07:45:00,119.1,8,70,35.2,0,0,0
2026-09-08 07:50:00,128.3,9,66,36.0,0,0,0
2026-09-08 07:55:00,129.2,4,72,32.7,0,0,0
2026-09-08 08:00:00,131.6,4,69,34.5,0,0,0
2026-09-08 08:05:00,130.3,11,65,33.1,0,0,0
2026-09-08 08:10:00,133.1,14,69,36.4,0,0,0
2026-09-08 08:15:00,129.1,12,69,32.3,0,0,0
2026-09-08 08:20:00,129.8,8,68,36.7,0,0,0
2026-09-08 08:25:00,128.1,10,68,33.9,0,0,0
2026-09-08 08:30:00,126.8,7,65,33.9,0,0,0
2026-09-08 08:35:00,126.2,5,67,36.4,0,0,0
2026-09-08 08:40:00,128.2,4,67,34.3,0,0,0
2026-09-08 08:45:00,129.3,9,65,33.4,0,0,0
2026-09-08 08:50:00,126.3,6,71,34.7,0,0,0
2026-09-08 08:55:00,124.6,5,68,38.9,0,0,0
2026-09-08 09:00:00,123.8,7,69,31.9,0,0,0
2026-09-08 09:05:00,124.6,5,66,36.2,0,0,0
2026-09-08 09:10:00,124.3,5,66,36.0,0,0,0
2026-09-08 09:15:00,126.4,12,70,36.7,0,0,0
2026-09-08 09:20:00,124.5,9,69,32.6,0,0,0
2026-09-08 09:25:00,121.0,14,68,38.2,0,0,0
2026-09-08 09:30:00,123.8,13,67,38.1,0,0,0
2026-09-08 09:35:00,122.3,16,68,32.8,0,0,0
2026-09-08 09:40:00,118.9,7,67,35.7,0,0,0
2026-09-08 09:45:00,118.9,10,68,31.6,0,0,0
2026-09-08 09:50:00,120.8,12,69,36.7,0,0,0
2026-09-08 09:55:00,118.3,7,66,31.4,0,0,0
2026-09-08 10:00:00,119.4,8,66,34.6,0,0,0
2026-09-08 10:05:00,120.5,5,65,33.7,0,0,0
2026-09-08 10:10:00,122.3,9,67,34.0,0,0,0
2026-09-08 10:15:00,122.5,13,66,33.4,0,0,0
2026-09-08 10:20:00,123.6,5,68,33.1,0,0,0
2026-09-08 10:25:00,119.2,6,63,35.3,0,0,0
2026-09-08 10:30:00,116.2,11,70,33.2,0,0,0
2026-09-08 10:35:00,116.9,16,68,29.8,0,0,0
2026-09-08 10:40:00,116.7,9,66,37.6,0,0,0
2026-09-08 10:45:00,118.9,11,68,37.4,0,0,0
2026-09-08 10:50:00,119.7,3,65,35.6,0,0,0
2026-09-08 10:55:00,119.8,10,65,33.3,0,0,0
2026-09-08 11:00:00,122.2,9,65,36.9,0,0,0
2026-09-08 11:05:00,123.3,12,67,36.7,0,0,0
2026-09-08 11:10:00,123.5,19,65,33.4,0,0,0
2026-09-08 11:15:00,120.9,11,64,33.9,0,0,0
2026-09-08 11:20:00,120.7,6,67,33.5,0,0,0
2026-09-08 11:25:00,121.5,5,64,33.0,0,0,0
2026-09-08 11:30:00,116.6,10,68,34.0,0,0,0
2026-09-08 11:35:00,118.0,9,67,36.6,0,0,0
2026-09-08 11:40:00,112.3,11,64,34.7,0,0,0
2026-09-08 11:45:00,110.7,16,67,33.4,0,0,0
2026-09-08 11:50:00,109.3,2,66,35.7,0,0,0
2026-09-08 11:55:00,111.8,9,66,37.2,0,0,0
2026-09-08 12:00:00,113.3,3,69,33.6,0,0,0
2026-09-08 12:05:00,112.5,14,66,36.9,0,0,0
2026-09-08 12:10:00,107.9,7,66,32.0,0,0,0
2026-09-08 12:15:00,107.9,7,63,35.8,0,0,0
2026-09-08 12:20:00,105.8,11,68,33.1,0,0,0
2026-09-08 12:25:00,105.5,8,62,38.6,0,0,0
2026-09-08 12:30:00,107.1,4,62,34.7,0,0,0
2026-09-08 12:35:00,105.6,3,67,35.2,0,0,0
2026-09-08 12:40:00,107.4,13,66,33.6,0,0,0
2026-09-08 12:45:00,106.1,10,65,35.6,0,0,0
2026-09-08 12:50:00,111.0,8,68,37.7,0,0,0
2026-09-08 12:55:00,112.8,12,67,36.0,0,0,0
2026-09-08 13:00:00,113.0,7,71,38.6,0,0,0
2026-09-08 13:05:00,114.8,9,64,31.2,0,0,0
2026-09-08 13:10:00,115.3,12,70,33.8,0,0,0
2026-09-08 13:15:00,116.3,366,87,31.5,0,0,0
2026-09-08 13:20:00,118.1,358,89,33.3,0,0,0
2026-09-08 13:25:00,118.2,353,88,30.8,0,0,0
2026-09-08 13:30:00,115.2,356,85,34.0,0,0,0
2026-09-08 13:35:00,114.4,9,69,34.8,0,0,0
2026-09-08 13:40:00,112.1,5,67,35.1,0,0,0
2026-09-08 13:45:00,112.3,10,71,35.1,0,60,68
2026-09-08 13:50:00,115.6,3,70,36.8,0,0,0
2026-09-08 13:55:00,122.0,7,74,36.8,0,0,0
2026-09-08 14:00:00,128.4,6,71,33.4,0,0,0
2026-09-08 14:05:00,134.0,10,69,35.5,0,0,0
2026-09-08 14:10:00,135.5,11,70,34.3,0,0,0
2026-09-08 14:15:00,137.1,18,68,37.1,0,0,0
2026-09-08 14:20:00,138.0,6,67,34.4,0,0,0
2026-09-08 14:25:00,140.2,7,66,34.4,0,0,0
2026-09-08 14:30:00,139.5,6,65,37.5,0,0,0
2026-09-08 14:35:00,140.0,12,66,35.8,0,0,0
2026-09-08 14:40:00,139.9,8,66,33.9,0,0,0
2026-09-08 14:45:00,139.9,6,68,35.8,0,0,0
2026-09-08 14:50:00,138.5,7,64,36.0,0,0,0
2026-09-08 14:55:00,138.0,5,70,33.3,0,0,0
2026-09-08 15:00:00,133.6,7,66,35.2,0,0,0
2026-09-08 15:05:00,132.4,7,62,35.0,0,0,0
2026-09-08 15:10:00,129.9,8,66,33.8,0,0,0
2026-09-08 15:15:00,129.8,10,67,35.9,0,0,0
2026-09-08 15:20:00,125.3,3,66,35.7,0,0,0
2026-09-08 15:25:00,126.1,11,71,34.7,0,0,0
2026-09-08 15:30:00,127.3,10,66,33.6,0,0,0
2026-09-08 15:35:00,124.5,18,64,34.0,0,0,0
2026-09-08 15:40:00,125.2,24,68,37.8,0,0,0
2026-09-08 15:45:00,121.5,5,65,39.8,0,0,0
2026-09-08 15:50:00,120.6,15,68,35.4,0,0,0
2026-09-08 15:55:00,118.4,9,65,36.3,0,0,0
2026-09-08 16:00:00,118.7,6,65,34.7,0,0,0
2026-09-08 16:05:00,115.5,8,69,36.7,0,0,0
2026-09-08 16:10:00,116.2,12,66,36.5,0,0,0
2026-09-08 16:15:00,114.5,14,69,33.5,0,0,0
2026-09-08 16:20:00,114.1,14,68,33.9,0,0,0
2026-09-08 16:25:00,115.0,17,64,31.7,0,0,0
2026-09-08 16:30:00,118.3,19,69,35.5,0,0,0
2026-09-08 16:35:00,115.3,9,65,38.7,0,0,0
2026-09-08 16:40:00,114.7,7,67,38.1,0,0,0
2026-09-08 16:45:00,117.6,4,67,32.7,0,0,0
2026-09-08 16:50:00,114.3,5,66,36.3,0,0,0
2026-09-08 16:55:00,111.7,11,65,30.4,0,0,0
2026-09-08 17:00:00,110.7,13,65,36.4,0,0,0
2026-09-08 17:05:00,110.1,7,64,35.0,0,0,0
2026-09-08 17:10:00,111.0,5,69,34.7,0,0,0
2026-09-08 17:15:00,111.7,22,66,34.9,0,0,0
2026-09-08 17:20:00,110.2,9,64,34.8,0,0,0
2026-09-08 17:25:00,108.4,6,63,34.9,0,0,0
2026-09-08 17:30:00,111.3,5,65,34.6,0,0,0
2026-09-08 17:35:00,110.0,11,69,31.8,0,0,0
2026-09-08 17:40:00,108.0,9,70,36.8,0,0,0
2026-09-08 17:45:00,106.2,10,70,35.1,0,0,0
2026-09-08 17:50:00,107.9,19,67,33.4,0,0,0
2026-09-08 17:55:00,110.2,11,71,35.4,0,22,65
2026-09-08 18:00:00,112.4,12,70,33.3,0,0,0
2026-09-08 18:05:00,113.4,15,68,39.3,0,0,0
2026-09-08 18:10:00,115.7,487,98,38.1,0,0,0
2026-09-08 18:15:00,114.5,491,98,38.8,0,0,0
2026-09-08 18:20:00,114.4,9,71,33.1,0,0,0
2026-09-08 18:25:00,115.0,13,67,37.2,0,0,0
2026-09-08 18:30:00,113.1,15,67,35.9,0,0,0
2026-09-08 18:35:00,113.7,10,64,38.3,0,0,0
2026-09-08 18:40:00,115.2,13,67,38.1,0,0,0
2026-09-08 18:45:00,112.1,5,62,36.8,0,0,0
2026-09-08 18:50:00,113.7,8,63,34.7,0,0,0
2026-09-08 18:55:00,112.8,12,67,38.7,0,0,0
2026-09-08 19:00:00,112.1,26,70,33.0,0,0,0
2026-09-08 19:05:00,114.3,8,63,36.1,0,0,0
2026-09-08 19:10:00,112.5,8,64,39.6,0,0,0
2026-09-08 19:15:00,113.3,8,70,35.2,0,0,0
2026-09-08 19:20:00,117.7,4,68,33.2,0,0,0
2026-09-08 19:25:00,114.9,12,68,35.0,0,0,0
2026-09-08 19:30:00,116.3,5,69,33.5,0,0,0
2026-09-08 19:35:00,121.1,3,70,36.5,0,0,0
2026-09-08 19:40:00,121.6,6,66,35.5,0,0,0
2026-09-08 19:45:00,119.3,10,69,33.5,0,0,0
2026-09-08 19:50:00,117.5,6,70,38.9,0,0,0
2026-09-08 19:55:00,121.3,3,67,32.7,0,0,0
2026-09-08 20:00:00,117.6,5,67,39.4,0,0,0
2026-09-08 20:05:00,118.7,9,67,37.6,0,0,0
2026-09-08 20:10:00,117.2,4,66,34.3,0,0,0
2026-09-08 20:15:00,115.0,9,64,33.4,0,0,0
2026-09-08 20:20:00,113.7,5,64,36.0,0,0,0
2026-09-08 20:25:00,113.4,8,69,34.9,0,0,0
2026-09-08 20:30:00,117.0,10,67,32.5,0,0,0
2026-09-08 20:35:00,116.5,11,68,35.5,0,0,0
2026-09-08 20:40:00,117.5,9,69,36.2,0,0,0
2026-09-08 20:45:00,115.7,6,68,35.7,0,0,0
2026-09-08 20:50:00,112.1,12,68,35.5,0,90,70
2026-09-08 20:55:00,120.7,15,72,32.9,0,0,0
2026-09-08 21:00:00,131.3,7,73,36.8,0,0,0
2026-09-08 21:05:00,139.6,504,99,33.1,0,0,0
2026-09-08 21:10:00,142.7,494,96,35.5,0,0,0
2026-09-08 21:15:00,148.4,5,71,37.7,0,0,0
2026-09-08 21:20:00,147.9,8,70,33.6,0,0,0
2026-09-08 21:25:00,150.8,8,67,35.5,0,0,0
2026-09-08 21:30:00,149.2,6,64,36.8,0,0,0
2026-09-08 21:35:00,150.0,7,70,33.8,0,0,0
2026-09-08 21:40:00,146.1,7,67,32.1,0,0,0
2026-09-08 21:45:00,146.1,23,65,36.2,0,0,0
2026-09-08 21:50:00,147.6,20,70,32.1,0,0,0
2026-09-08 21:55:00,145.5,9,64,34.2,0,0,0
2026-09-08 22:00:00,144.2,5,67,36.7,0,0,0
2026-09-08 22:05:00,137.2,6,66,34.5,0,0,0
2026-09-08 22:10:00,135.0,8,68,37.2,0,0,0
2026-09-08 22:15:00,133.1,4,65,37.1,0,0,0
2026-09-08 22:20:00,129.8,8,67,35.3,0,0,0
2026-09-08 22:25:00,128.5,0,65,37.9,0,0,0
2026-09-08 22:30:00,127.6,3,67,31.3,0,0,0
2026-09-08 22:35:00,126.0,5,66,35.5,0,0,0
2026-09-08 22:40:00,124.6,6,65,36.1,0,0,0
2026-09-08 22:45:00,124.2,8,67,34.5,0,0,0
2026-09-08 22:50:00,123.8,8,67,33.9,0,0,0
2026-09-08 22:55:00,123.6,8,67,34.4,0,0,0
2026-09-08 23:00:00,122.8,9,67,37.3,0,0,0
2026-09-08 23:05:00,123.1,5,67,33.1,0,0,0
2026-09-08 23:10:00,123.1,15,69,34.5,0,0,0
2026-09-08 23:15:00,121.2,7,64,35.8,0,0,0
2026-09-08 23:20:00,121.7,10,67,36.0,0,0,0
2026-09-08 23:25:00,119.8,4,72,35.8,0,0,0
2026-09-08 23:30:00,117.9,0,55,55.1,1,0,0
2026-09-08 23:35:00,117.6,0,59,53.2,1,0,0
2026-09-08 23:40:00,120.2,0,60,58.1,1,0,0
2026-09-08 23:45:00,121.9,0,56,56.9,1,0,0
2026-09-08 23:50:00,120.1,0,56,58.2,1,0,0
2026-09-08 23:55:00,120.4,1,61,56.2,1,0,0
2026-09-09 00:00:00,129.3,0,60,56.3,1,0,0
2026-09-09 00:05:00,126.3,2,59,52.9,1,0,0
2026-09-09 00:10:00,127.1,0,55,50.0,1,0,0
2026-09-09 00:15:00,131.8,0,58,50.1,1,0,0
2026-09-09 00:20:00,133.0,0,62,56.7,1,0,0
2026-09-09 00:25:00,133.6,1,61,56.6,1,0,0
2026-09-09 00:30:00,130.4,0,57,51.1,1,0,0
2026-09-09 00:35:00,129.8,0,59,55.3,1,0,0
2026-09-09 00:40:00,127.7,0,57,51.9,1,0,0
2026-09-09 00:45:00,126.9,0,59,56.8,1,0,0
2026-09-09 00:50:00,126.7,1,59,56.5,1,0,0
2026-09-09 00:55:00,128.4,0,60,52.3,1,0,0
2026-09-09 01:00:00,126.6,1,61,52.0,1,0,0
2026-09-09 01:05:00,128.5,0,57,54.3,1,0,0
2026-09-09 01:10:00,130.3,0,58,57.3,1,0,0
2026-09-09 01:15:00,130.1,0,60,53.0,1,0,0
2026-09-09 01:20:00,130.5,0,59,54.7,1,0,0
2026-09-09 01:25:00,129.0,1,58,50.4,1,0,0
2026-09-09 01:30:00,127.8,0,57,53.1,1,0,0
2026-09-09 01:35:00,130.4,1,57,53.7,1,0,0
2026-09-09 01:40:00,129.9,1,55,53.6,1,0,0
2026-09-09 01:45:00,129.5,1,60,49.9,1,0,0
2026-09-09 01:50:00,131.8,0,62,53.1,1,0,0
2026-09-09 01:55:00,135.4,0,56,51.4,1,0,0
2026-09-09 02:00:00,135.2,0,56,50.9,1,0,0
2026-09-09 02:05:00,130.2,0,57,53.0,1,0,0
2026-09-09 02:10:00,128.6,0,61,52.4,1,0,0
2026-09-09 02:15:00,130.7,1,62,54.3,1,0,0
2026-09-09 02:20:00,129.0,0,57,54.1,1,0,0
2026-09-09 02:25:00,129.8,0,59,52.9,1,0,0
2026-09-09 02:30:00,133.4,0,60,56.6,1,0,0
2026-09-09 02:35:00,133.4,0,54,56.2,1,0,0
2026-09-09 02:40:00,132.2,0,58,57.6,1,0,0
2026-09-09 02:45:00,130.1,0,61,53.0,1,0,0
2026-09-09 02:50:00,131.1,0,55,53.2,1,0,0
2026-09-09 02:55:00,135.8,0,55,54.4,1,0,0
2026-09-09 03:00:00,135.4,0,61,52.8,1,0,0
2026-09-09 03:05:00,136.8,1,53,52.6,1,0,0
2026-09-09 03:10:00,133.1,0,55,52.7,1,0,0
2026-09-09 03:15:00,132.3,0,57,52.7,1,0,0
2026-09-09 03:20:00,129.1,0,57,53.5,1,0,0
2026-09-09 03:25:00,130.3,0,57,57.5,1,0,0
2026-09-09 03:30:00,129.8,0,55,56.2,1,0,0
2026-09-09 03:35:00,128.9,0,59,53.4,1,0,0
2026-09-09 03:40:00,127.6,1,59,53.2,1,0,0
2026-09-09 03:45:00,125.6,1,53,53.8,1,0,0
2026-09-09 03:50:00,127.4,0,56,51.4,1,0,0
2026-09-09 03:55:00,127.2,1,60,51.1,1,0,0
2026-09-09 04:00:00,127.1,0,59,53.8,1,0,0
2026-09-09 04:05:00,125.7,0,57,50.1,1,0,0
2026-09-09 04:10:00,126.4,0,59,54.1,1,0,0
2026-09-09 04:15:00,126.3,0,59,54.9,1,0,0
2026-09-09 04:20:00,126.7,1,57,55.9,1,0,0
2026-09-09 04:25:00,129.1,0,59,52.7,1,0,0
2026-09-09 04:30:00,129.3,0,55,48.6,1,0,0
2026-09-09 04:35:00,127.6,1,61,53.2,1,0,0
2026-09-09 04:40:00,126.8,0,55,55.7,1,0,0
2026-09-09 04:45:00,126.8,0,59,57.0,1,0,0
2026-09-09 04:50:00,126.8,0,58,55.3,1,0,0
2026-09-09 04:55:00,127.9,0,57,51.3,1,0,0
2026-09-09 05:00:00,129.8,2,63,54.3,1,0,0
2026-09-09 05:05:00,130.8,1,58,52.7,1,0,0
2026-09-09 05:10:00,127.0,0,57,52.3,1,0,0
2026-09-09 05:15:00,130.1,0,60,55.8,1,0,0
2026-09-09 05:20:00,128.0,0,59,56.1,1,0,0
2026-09-09 05:25:00,128.6,0,57,54.5,1,0,0
2026-09-09 05:30:00,129.7,0,60,53.1,1,0,0
2026-09-09 05:35:00,129.7,0,59,56.1,1,0,0
2026-09-09 05:40:00,127.7,0,59,54.2,1,0,0
2026-09-09 05:45:00,124.4,1,59,52.8,1,0,0
2026-09-09 05:50:00,124.2,0,58,51.6,1,0,0
2026-09-09 05:55:00,125.2,1,56,54.7,1,0,0
2026-09-09 06:00:00,122.7,1,58,53.1,1,0,0
2026-09-09 06:05:00,124.0,3,61,50.1,1,0,0
2026-09-09 06:10:00,123.8,0,61,51.8,1,0,0
2026-09-09 06:15:00,123.9,6,67,33.5,0,0,0
2026-09-09 06:20:00,121.5,10,67,34.5,0,0,0
2026-09-09 06:25:00,123.0,10,66,33.0,0,0,0
2026-09-09 06:30:00,123.7,10,66,33.3,0,0,0
2026-09-09 06:35:00,124.8,8,65,29.8,0,0,0
2026-09-09 06:40:00,123.2,7,69,31.0,0,0,0
2026-09-09 06:45:00,122.1,9,67,34.9,0,0,0
2026-09-09 06:50:00,122.3,5,66,30.5,0,0,0
2026-09-09 06:55:00,124.1,7,66,28.7,0,0,0
2026-09-09 07:00:00,125.9,9,67,37.2,0,0,0
2026-09-09 07:05:00,125.4,3,65,35.5,0,0,0
2026-09-09 07:10:00,125.1,2,68,34.6,0,0,0
2026-09-09 07:15:00,121.3,18,68,32.2,0,0,0
2026-09-09 07:20:00,119.7,1,69,29.9,0,0,0
2026-09-09 07:25:00,118.7,12,68,32.0,0,0,0
2026-09-09 07:30:00,116.2,14,65,34.1,0,0,0
2026-09-09 07:35:00,115.7,13,68,31.4,0,0,0
2026-09-09 07:40:00,113.7,11,66,30.9,0,0,0
2026-09-09 07:45:00,115.3,3,67,37.1,0,0,0
2026-09-09 07:50:00,114.0,4,70,31.3,0,49,65
2026-09-09 07:55:00,119.2,9,70,32.3,0,0,0
2026-09-09 08:00:00,124.2,12,71,33.9,0,0,0
2026-09-09 08:05:00,130.0,10,67,32.6,0,0,0
2026-09-09 08:10:00,136.2,9,68,34.6,0,0,0
2026-09-09 08:15:00,137.2,13,69,30.3,0,0,0
2026-09-09 08:20:00,138.6,16,65,32.0,0,0,0
2026-09-09 08:25:00,139.6,7,63,32.3,0,0,0
2026-09-09 08:30:00,139.2,14,67,32.9,0,0,0
2026-09-09 08:35:00,138.3,11,68,32.1,0,0,0
2026-09-09 08:40:00,138.3,10,64,32.4,0,0,0
2026-09-09 08:45:00,137.9,6,68,34.6,0,0,0
2026-09-09 08:50:00,132.7,7,66,33.6,0,0,0
2026-09-09 08:55:00,134.8,5,64,30.2,0,0,0
2026-09-09 09:00:00,135.4,11,62,34.8,0,0,0
2026-09-09 09:05:00,135.1,6,66,31.4,0,0,0
2026-09-09 09:10:00,137.0,13,66,30.4,0,0,0
2026-09-09 09:15:00,133.9,5,68,30.5,0,0,0
2026-09-09 09:20:00,133.8,12,65,29.3,0,0,0
2026-09-09 09:25:00,134.9,7,66,32.4,0,0,0
2026-09-09 09:30:00,132.8,8,66,32.8,0,0,0
2026-09-09 09:35:00,132.8,12,67,36.3,0,0,0
2026-09-09 09:40:00,131.0,15,62,33.3,0,0,0
2026-09-09 09:45:00,131.1,8,69,32.1,0,0,0
2026-09-09 09:50:00,130.7,8,66,37.1,0,0,0
2026-09-09 09:55:00,130.9,10,63,31.4,0,0,0
2026-09-09 10:00:00,129.0,8,66,32.0,0,0,0
2026-09-09 10:05:00,125.6,11,63,33.3,0,0,0
2026-09-09 10:10:00,127.5,9,68,34.4,0,0,0
2026-09-09 10:15:00,123.9,2,64,31.9,0,0,0
2026-09-09 10:20:00,126.0,13,69,35.0,0,0,0
2026-09-09 10:25:00,126.1,7,64,32.5,0,0,0
2026-09-09 10:30:00,128.1,13,66,34.2,0,0,0
2026-09-09 10:35:00,127.6,9,67,31.0,0,0,0
2026-09-09 10:40:00,126.7,8,67,33.3,0,0,0
2026-09-09 10:45:00,126.8,27,64,32.5,0,0,0
2026-09-09 10:50:00,127.0,9,65,31.3,0,0,0
2026-09-09 10:55:00,125.7,5,66,34.6,0,0,0
2026-09-09 11:00:00,125.6,5,64,33.0,0,0,0
2026-09-09 11:05:00,127.0,8,65,31.9,0,0,0
2026-09-09 11:10:00,127.4,4,66,33.0,0,0,0
2026-09-09 11:15:00,125.9,14,67,35.5,0,0,0
2026-09-09 11:20:00,124.4,7,68,34.4,0,0,0
2026-09-09 11:25:00,125.3,7,69,32.2,0,0,0
2026-09-09 11:30:00,126.4,17,66,33.5,0,0,0
2026-09-09 11:35:00,125.8,11,66,35.5,0,0,0
2026-09-09 11:40:00,122.4,5,63,32.3,0,0,0
2026-09-09 11:45:00,121.2,7,67,36.6,0,0,0
2026-09-09 11:50:00,119.2,13,65,30.6,0,0,0
2026-09-09 11:55:00,120.9,5,66,34.0,0,0,0
2026-09-09 12:00:00,121.8,7,69,33.4,0,0,0
2026-09-09 12:05:00,118.8,16,66,33.5,0,0,0
2026-09-09 12:10:00,116.7,12,64,35.8,0,0,0
2026-09-09 12:15:00,117.6,9,66,32.4,0,0,0
2026-09-09 12:20:00,121.8,15,68,33.7,0,0,0
2026-09-09 12:25:00,122.1,13,65,30.6,0,0,0
2026-09-09 12:30:00,120.9,15,66,32.7,0,0,0
2026-09-09 12:35:00,120.8,5,69,33.4,0,0,0
2026-09-09 12:40:00,120.5,6,66,30.8,0,0,0
2026-09-09 12:45:00,117.4,8,66,31.6,0,0,0
2026-09-09 12:50:00,119.1,6,68,30.9,0,0,0
2026-09-09 12:55:00,118.1,6,64,32.4,0,0,0
2026-09-09 13:00:00,119.5,9,63,34.8,0,0,0
2026-09-09 13:05:00,123.2,10,67,33.4,0,0,0
2026-09-09 13:10:00,125.2,6,68,34.0,0,0,0
2026-09-09 13:15:00,126.8,11,65,33.8,0,0,0
2026-09-09 13:20:00,125.7,6,64,34.7,0,0,0
2026-09-09 13:25:00,124.6,15,68,33.8,0,0,0
2026-09-09 13:30:00,124.3,11,63,33.2,0,0,0
2026-09-09 13:35:00,125.6,18,65,33.3,0,0,0
2026-09-09 13:40:00,125.7,22,73,31.6,0,79,75
2026-09-09 13:45:00,133.2,6,75,34.4,0,0,0
2026-09-09 13:50:00,139.3,6,69,37.2,0,0,0
2026-09-09 13:55:00,142.7,540,101,32.9,0,0,0
2026-09-09 14:00:00,145.0,533,99,31.3,0,0,0
2026-09-09 14:05:00,146.2,5,70,31.6,0,0,0
2026-09-09 14:10:00,147.6,6,68,38.0,0,0,0
2026-09-09 14:15:00,150.0,15,69,28.4,0,0,0
2026-09-09 14:20:00,150.8,5,67,31.7,0,0,0
2026-09-09 14:25:00,151.4,6,68,33.2,0,0,0
2026-09-09 14:30:00,152.2,8,68,35.1,0,0,0
2026-09-09 14:35:00,150.6,5,66,38.1,0,0,0
2026-09-09 14:40:00,150.8,18,67,34.4,0,0,0
2026-09-09 14:45:00,151.1,13,67,34.0,0,0,0
2026-09-09 14:50:00,149.3,10,65,35.6,0,0,0
2026-09-09 14:55:00,151.2,12,65,34.2,0,0,0
2026-09-09 15:00:00,147.9,10,66,31.7,0,0,0
2026-09-09 15:05:00,145.2,8,62,31.8,0,0,0
2026-09-09 15:10:00,144.8,7,64,32.7,0,0,0
2026-09-09 15:15:00,139.9,7,66,32.6,0,0,0
2026-09-09 15:20:00,139.4,8,64,32.2,0,0,0
2026-09-09 15:25:00,140.9,12,69,32.3,0,0,0
2026-09-09 15:30:00,140.7,6,68,31.5,0,0,0
2026-09-09 15:35:00,140.4,11,62,33.6,0,0,0
2026-09-09 15:40:00,138.1,11,69,36.7,0,0,0
2026-09-09 15:45:00,139.9,5,69,30.6,0,0,0
2026-09-09 15:50:00,139.1,5,63,32.2,0,0,0
2026-09-09 15:55:00,137.1,6,68,33.0,0,0,0
2026-09-09 16:00:00,135.5,12,67,32.9,0,0,0
2026-09-09 16:05:00,131.0,7,68,31.5,0,0,0
2026-09-09 16:10:00,127.4,5,68,36.1,0,0,0
2026-09-09 16:15:00,125.9,7,65,35.2,0,0,0
2026-09-09 16:20:00,127.5,20,70,29.0,0,0,0
2026-09-09 16:25:00,124.8,1,65,31.2,0,0,0
2026-09-09 16:30:00,124.2,6,67,32.1,0,0,0
2026-09-09 16:35:00,125.2,17,66,34.1,0,0,0
2026-09-09 16:40:00,127.0,13,64,36.0,0,0,0
2026-09-09 16:45:00,123.9,9,69,33.8,0,0,0
2026-09-09 16:50:00,125.4,16,69,29.3,0,0,0
2026-09-09 16:55:00,122.9,13,64,34.2,0,0,0
2026-09-09 17:00:00,121.4,17,67,31.1,0,0,0
2026-09-09 17:05:00,122.8,13,67,32.8,0,0,0
2026-09-09 17:10:00,122.3,7,64,35.2,0,0,0
2026-09-09 17:15:00,125.3,14,65,33.9,0,0,0
2026-09-09 17:20:00,124.4,8,70,32.5,0,0,0
2026-09-09 17:25:00,124.4,8,67,32.2,0,0,0
2026-09-09 17:30:00,123.9,9,64,32.6,0,0,0
2026-09-09 17:35:00,125.3,8,65,36.9,0,0,0
2026-09-09 17:40:00,127.3,17,64,31.0,0,0,0
2026-09-09 17:45:00,126.4,7,68,29.4,0,0,0
2026-09-09 17:50:00,124.1,15,70,26.6,0,19,50
2026-09-09 17:55:00,123.3,12,70,33.4,0,0,0
2026-09-09 18:00:00,125.2,12,72,34.7,0,0,0
2026-09-09 18:05:00,127.1,8,72,34.5,0,0,0
2026-09-09 18:10:00,128.0,2,68,33.3,0,0,0
2026-09-09 18:15:00,129.2,9,67,32.7,0,0,0
2026-09-09 18:20:00,128.0,1,64,31.7,0,0,0
2026-09-09 18:25:00,126.0,14,66,30.8,0,0,0
2026-09-09 18:30:00,127.3,6,67,31.5,0,0,0
2026-09-09 18:35:00,127.4,8,67,32.3,0,0,0
2026-09-09 18:40:00,130.2,335,87,32.8,0,0,0
2026-09-09 18:45:00,133.5,339,85,31.7,0,0,0
2026-09-09 18:50:00,134.4,10,64,36.4,0,0,0
2026-09-09 18:55:00,137.2,8,68,32.6,0,0,0
2026-09-09 19:00:00,132.5,5,65,31.6,0,0,0
2026-09-09 19:05:00,129.9,3,66,32.8,0,0,0
2026-09-09 19:10:00,126.6,20,69,31.6,0,0,0
2026-09-09 19:15:00,123.6,5,67,31.1,0,0,0
2026-09-09 19:20:00,122.1,1,68,36.4,0,0,0
2026-09-09 19:25:00,119.6,16,66,30.3,0,0,0
2026-09-09 19:30:00,119.5,13,69,30.5,0,0,0
2026-09-09 19:35:00,121.2,10,66,32.1,0,0,0
2026-09-09 19:40:00,120.5,7,64,33.7,0,0,0
2026-09-09 19:45:00,121.4,11,69,35.0,0,0,0
2026-09-09 19:50:00,122.6,6,66,30.7,0,0,0
2026-09-09 19:55:00,120.1,5,68,34.5,0,0,0
2026-09-09 20:00:00,119.3,10,66,32.4,0,0,0
2026-09-09 20:05:00,120.3,12,66,31.6,0,0,0
2026-09-09 20:10:00,119.5,6,65,33.4,0,0,0
2026-09-09 20:15:00,118.6,13,64,34.0,0,0,0
2026-09-09 20:20:00,120.4,11,65,35.4,0,0,0
2026-09-09 20:25:00,120.5,13,66,31.1,0,0,0
2026-09-09 20:30:00,117.2,15,65,32.9,0,0,0
2026-09-09 20:35:00,119.0,11,69,35.4,0,0,0
2026-09-09 20:40:00,121.2,5,63,33.9,0,0,0
2026-09-09 20:45:00,115.9,5,63,33.0,0,0,0
2026-09-09 20:50:00,114.6,15,67,33.9,0,0,0
2026-09-09 20:55:00,115.5,4,70,31.8,0,0,0
2026-09-09 21:00:00,114.8,6,66,32.3,0,0,0
2026-09-09 21:05:00,114.8,9,70,32.0,0,0,0
2026-09-09 21:10:00,116.9,8,63,32.6,0,0,0
2026-09-09 21:15:00,116.6,8,66,36.7,0,0,0
2026-09-09 21:20:00,119.3,13,70,34.0,0,58,50
2026-09-09 21:25:00,124.7,5,71,33.1,0,0,0
2026-09-09 21:30:00,130.3,10,70,28.5,0,0,0
2026-09-09 21:35:00,135.1,5,71,35.0,0,0,0
2026-09-09 21:40:00,136.1,6,70,30.1,0,0,0
2026-09-09 21:45:00,139.2,9,70,30.2,0,0,0
2026-09-09 21:50:00,135.2,6,66,30.6,0,0,0
2026-09-09 21:55:00,138.2,11,70,35.5,0,0,0
2026-09-09 22:00:00,138.3,21,65,31.5,0,0,0
2026-09-09 22:05:00,139.0,2,67,33.5,0,0,0
2026-09-09 22:10:00,136.7,9,70,29.5,0,0,0
2026-09-09 22:15:00,132.2,8,69,32.4,0,0,0
2026-09-09 22:20:00,132.9,20,65,31.9,0,0,0
2026-09-09 22:25:00,138.9,13,68,33.0,0,0,0
2026-09-09 22:30:00,139.8,11,65,34.8,0,0,0
2026-09-09 22:35:00,140.9,10,66,29.7,0,0,0
2026-09-09 22:40:00,143.9,10,70,36.1,0,0,0
2026-09-09 22:45:00,144.8,3,66,30.4,0,0,0
2026-09-09 22:50:00,145.0,8,67,31.6,0,0,0
2026-09-09 22:55:00,143.9,10,68,34.8,0,0,0
2026-09-09 23:00:00,141.8,5,68,33.8,0,0,0
2026-09-09 23:05:00,141.0,15,66,31.6,0,0,0
2026-09-09 23:10:00,139.5,8,66,31.3,0,0,0
2026-09-09 23:15:00,135.9,6,67,31.1,0,0,0
2026-09-09 23:20:00,135.5,12,65,32.1,0,0,0
2026-09-09 23:25:00,132.6,6,66,32.1,0,0,0
2026-09-09 23:30:00,132.4,3,61,33.7,0,0,0
2026-09-09 23:35:00,132.3,8,68,32.9,0,0,0
2026-09-09 23:40:00,132.8,13,67,33.4,0,0,0
2026-09-09 23:45:00,132.3,7,71,30.4,0,0,0
2026-09-09 23:50:00,134.2,8,65,32.9,0,0,0
2026-09-09 23:55:00,132.6,8,66,33.5,0,0,0
2026-09-10 00:00:00,122.4,15,64,36.5,0,0,0
2026-09-10 00:05:00,120.2,8,65,34.6,0,0,0
2026-09-10 00:10:00,119.0,8,66,35.2,0,0,0
2026-09-10 00:15:00,118.4,7,67,37.2,0,0,0
2026-09-10 00:20:00,117.0,13,63,36.0,0,0,0
2026-09-10 00:25:00,118.1,5,65,33.3,0,0,0
2026-09-10 00:30:00,115.8,0,60,55.6,1,0,0
2026-09-10 00:35:00,116.4,0,58,55.2,1,0,0
2026-09-10 00:40:00,116.5,0,60,55.7,1,0,0
2026-09-10 00:45:00,118.6,0,56,56.7,1,0,0
2026-09-10 00:50:00,118.5,0,57,59.4,1,0,0
2026-09-10 00:55:00,117.3,0,57,57.0,1,0,0
2026-09-10 01:00:00,115.4,0,58,54.1,1,0,0
2026-09-10 01:05:00,116.3,3,59,57.6,1,0,0
2026-09-10 01:10:00,118.1,1,57,56.2,1,0,0
2026-09-10 01:15:00,118.0,0,56,56.9,1,0,0
2026-09-10 01:20:00,117.6,1,59,54.9,1,0,0
2026-09-10 01:25:00,118.1,1,59,55.3,1,0,0
2026-09-10 01:30:00,117.8,0,57,52.6,1,0,0
2026-09-10 01:35:00,118.8,0,58,58.9,1,0,0
2026-09-10 01:40:00,122.8,0,58,53.9,1,0,0
2026-09-10 01:45:00,117.6,0,54,58.9,1,0,0
2026-09-10 01:50:00,115.6,0,57,55.0,1,0,0
2026-09-10 01:55:00,115.1,0,59,56.4,1,0,0
2026-09-10 02:00:00,114.8,0,60,55.9,1,0,0
2026-09-10 02:05:00,115.9,0,58,55.6,1,0,0
2026-09-10 02:10:00,117.3,1,58,57.9,1,0,0
2026-09-10 02:15:00,115.9,0,57,56.9,1,0,0
2026-09-10 02:20:00,114.2,0,60,57.0,1,0,0
2026-09-10 02:25:00,115.0,0,59,52.8,1,0,0
2026-09-10 02:30:00,115.2,0,57,57.6,1,0,0
2026-09-10 02:35:00,115.8,0,58,59.5,1,0,0
2026-09-10 02:40:00,113.1,0,55,57.9,1,0,0
2026-09-10 02:45:00,110.8,0,57,53.3,1,0,0
2026-09-10 02:50:00,110.2,1,61,54.3,1,0,0
2026-09-10 02:55:00,110.7,0,54,55.2,1,0,0
2026-09-10 03:00:00,113.7,0,57,59.3,1,0,0
2026-09-10 03:05:00,113.3,0,56,53.8,1,0,0
2026-09-10 03:10:00,110.2,0,58,57.7,1,0,0
2026-09-10 03:15:00,109.2,0,61,56.3,1,0,0
2026-09-10 03:20:00,109.9,2,58,56.4,1,0,0
2026-09-10 03:25:00,109.7,0,59,53.9,1,0,0
2026-09-10 03:30:00,110.0,0,60,56.7,1,0,0
2026-09-10 03:35:00,108.6,0,57,54.2,1,0,0
2026-09-10 03:40:00,113.1,0,57,59.0,1,0,0
2026-09-10 03:45:00,110.1,0,56,55.5,1,0,0
2026-09-10 03:50:00,107.3,0,56,55.6,1,0,0
2026-09-10 03:55:00,106.2,0,58,59.8,1,0,0
2026-09-10 04:00:00,107.9,1,56,55.3,1,0,0
2026-09-10 04:05:00,110.3,0,61,61.4,1,0,0
2026-09-10 04:10:00,109.9,0,58,60.1,1,0,0
2026-09-10 04:15:00,113.9,0,65,56.5,1,0,0
2026-09-10 04:20:00,112.2,0,58,53.8,1,0,0
2026-09-10 04:25:00,112.8,0,60,56.9,1,0,0
2026-09-10 04:30:00,115.6,0,55,60.4,1,0,0
2026-09-10 04:35:00,113.1,0,61,52.9,1,0,0
2026-09-10 04:40:00,116.1,0,57,55.5,1,0,0
2026-09-10 04:45:00,115.5,0,56,50.6,1,0,0
2026-09-10 04:50:00,115.3,0,61,55.2,1,0,0
2026-09-10 04:55:00,116.3,0,57,57.9,1,0,0
2026-09-10 05:00:00,117.6,0,56,60.2,1,0,0
2026-09-10 05:05:00,118.3,0,56,56.6,1,0,0
2026-09-10 05:10:00,118.4,0,56,55.8,1,0,0
2026-09-10 05:15:00,120.7,0,55,55.0,1,0,0
2026-09-10 05:20:00,121.7,0,59,57.2,1,0,0
2026-09-10 05:25:00,119.9,0,57,56.1,1,0,0
2026-09-10 05:30:00,115.5,0,60,56.4,1,0,0
2026-09-10 05:35:00,113.3,0,57,56.8,1,0,0
2026-09-10 05:40:00,114.8,0,55,56.7,1,0,0
2026-09-10 05:45:00,112.9,0,60,53.5,1,0,0
2026-09-10 05:50:00,114.9,1,55,54.8,1,0,0
2026-09-10 05:55:00,117.2,0,59,55.2,1,0,0
2026-09-10 06:00:00,118.1,0,57,56.3,1,0,0
2026-09-10 06:05:00,120.0,1,58,56.0,1,0,0
2026-09-10 06:10:00,121.7,0,58,59.3,1,0,0
2026-09-10 06:15:00,119.0,0,58,58.3,1,0,0
2026-09-10 06:20:00,119.6,0,59,55.0,1,0,0
2026-09-10 06:25:00,121.7,1,59,57.2,1,0,0
2026-09-10 06:30:00,118.1,0,57,58.0,1,0,0
2026-09-10 06:35:00,117.5,9,66,35.1,0,0,0
2026-09-10 06:40:00,118.8,18,66,35.3,0,0,0
2026-09-10 06:45:00,118.6,8,68,33.9,0,0,0
2026-09-10 06:50:00,118.4,23,64,34.7,0,0,0
2026-09-10 06:55:00,114.9,8,69,39.1,0,0,0
2026-09-10 07:00:00,115.0,9,66,32.8,0,0,0
2026-09-10 07:05:00,115.8,10,64,35.0,0,0,0
2026-09-10 07:10:00,115.9,6,66,36.0,0,0,0
2026-09-10 07:15:00,117.6,5,68,35.5,0,0,0
2026-09-10 07:20:00,118.5,4,68,33.4,0,0,0
2026-09-10 07:25:00,117.4,6,65,40.1,0,0,0
2026-09-10 07:30:00,117.4,17,70,36.7,0,0,0
2026-09-10 07:35:00,113.1,6,67,33.7,0,0,0
2026-09-10 07:40:00,116.4,7,65,36.0,0,0,0
2026-09-10 07:45:00,118.3,11,70,36.3,0,0,0
2026-09-10 07:50:00,118.3,2,64,35.3,0,0,0
2026-09-10 07:55:00,117.4,9,70,36.4,0,0,0
2026-09-10 08:00:00,114.9,12,71,34.4,0,51,65
2026-09-10 08:05:00,117.0,20,67,35.5,0,0,0
2026-09-10 08:10:00,119.7,3,68,37.0,0,0,0
2026-09-10 08:15:00,121.1,532,101,33.0,0,0,0
2026-09-10 08:20:00,118.8,538,101,32.3,0,0,0
2026-09-10 08:25:00,119.1,16,67,35.5,0,0,0
2026-09-10 08:30:00,119.6,4,62,31.8,0,0,0
2026-09-10 08:35:00,122.7,6,64,37.2,0,0,0
2026-09-10 08:40:00,126.4,12,68,36.5,0,0,0
2026-09-10 08:45:00,126.9,11,65,34.4,0,0,0
2026-09-10 08:50:00,131.4,13,68,38.2,0,0,0
2026-09-10 08:55:00,129.4,6,67,37.5,0,0,0
2026-09-10 09:00:00,128.7,8,67,34.3,0,0,0
2026-09-10 09:05:00,130.6,3,67,36.8,0,0,0
2026-09-10 09:10:00,132.0,8,68,34.3,0,0,0
2026-09-10 09:15:00,128.8,3,62,34.2,0,0,0
2026-09-10 09:20:00,126.2,4,64,34.8,0,0,0
2026-09-10 09:25:00,124.7,11,66,36.3,0,0,0
2026-09-10 09:30:00,122.8,7,64,35.9,0,0,0
2026-09-10 09:35:00,125.5,17,64,34.5,0,0,0
2026-09-10 09:40:00,125.9,35,69,36.9,0,0,0
2026-09-10 09:45:00,124.6,7,65,34.7,0,0,0
2026-09-10 09:50:00,125.6,6,63,36.6,0,0,0
2026-09-10 09:55:00,128.9,15,66,33.5,0,0,0
2026-09-10 10:00:00,124.2,7,65,31.9,0,0,0
2026-09-10 10:05:00,122.0,8,70,30.6,0,0,0
2026-09-10 10:10:00,122.6,8,66,34.5,0,0,0
2026-09-10 10:15:00,122.3,11,66,32.3,0,0,0
2026-09-10 10:20:00,120.5,4,66,32.5,0,0,0
2026-09-10 10:25:00,119.3,7,67,37.5,0,0,0
2026-09-10 10:30:00,123.0,6,64,33.5,0,0,0
2026-09-10 10:35:00,122.1,17,68,38.8,0,0,0
2026-09-10 10:40:00,120.7,3,66,32.5,0,0,0
2026-09-10 10:45:00,122.4,3,67,37.4,0,0,0
2026-09-10 10:50:00,122.0,16,70,36.1,0,0,0
2026-09-10 10:55:00,118.3,5,66,34.4,0,0,0
2026-09-10 11:00:00,114.6,19,66,32.1,0,0,0
2026-09-10 11:05:00,114.6,12,67,35.8,0,0,0
2026-09-10 11:10:00,116.1,5,67,35.7,0,0,0
2026-09-10 11:15:00,117.0,28,68,31.6,0,0,0
2026-09-10 11:20:00,117.0,6,68,33.4,0,0,0
2026-09-10 11:25:00,118.1,7,64,34.3,0,0,0
2026-09-10 11:30:00,122.2,20,71,36.0,0,0,0
2026-09-10 11:35:00,124.3,4,67,36.3,0,0,0
2026-09-10 11:40:00,123.6,13,67,38.9,0,0,0
2026-09-10 11:45:00,120.8,4,69,37.1,0,0,0
2026-09-10 11:50:00,120.3,3,67,34.4,0,0,0
2026-09-10 11:55:00,118.8,6,66,30.6,0,0,0
2026-09-10 12:00:00,118.0,19,70,37.9,0,0,0
2026-09-10 12:05:00,114.9,7,66,32.9,0,0,0
2026-09-10 12:10:00,115.3,13,67,36.1,0,0,0
2026-09-10 12:15:00,116.1,5,66,35.9,0,0,0
2026-09-10 12:20:00,114.2,5,68,32.3,0,0,0
2026-09-10 12:25:00,115.9,7,63,33.7,0,0,0
2026-09-10 12:30:00,109.9,9,68,35.2,0,0,0
2026-09-10 12:35:00,107.7,3,67,34.8,0,0,0
2026-09-10 12:40:00,109.3,8,65,33.7,0,0,0
2026-09-10 12:45:00,108.5,9,65,35.8,0,0,0
2026-09-10 12:50:00,104.7,5,64,33.8,0,0,0
2026-09-10 12:55:00,105.2,7,68,32.6,0,0,0
2026-09-10 13:00:00,107.6,3,68,35.7,0,0,0
2026-09-10 13:05:00,109.1,9,67,36.0,0,0,0
2026-09-10 13:10:00,106.7,4,69,34.4,0,0,0
2026-09-10 13:15:00,105.4,6,68,38.3,0,0,0
2026-09-10 13:20:00,104.9,7,66,35.3,0,0,0
2026-09-10 13:25:00,102.3,15,65,36.4,0,114,70
2026-09-10 13:30:00,111.9,4,71,37.3,0,0,0
2026-09-10 13:35:00,122.4,1,70,34.1,0,0,0
2026-09-10 13:40:00,128.6,382,93,34.0,0,0,0
2026-09-10 13:45:00,138.5,380,92,35.6,0,0,0
2026-09-10 13:50:00,143.1,19,71,34.5,0,0,0
2026-09-10 13:55:00,141.0,8,67,36.7,0,0,0
2026-09-10 14:00:00,140.6,11,66,35.7,0,0,0
2026-09-10 14:05:00,139.4,4,66,33.6,0,0,0
2026-09-10 14:10:00,142.2,6,66,32.5,0,0,0
2026-09-10 14:15:00,141.8,19,69,33.2,0,0,0
2026-09-10 14:20:00,142.4,11,65,33.1,0,0,0
2026-09-10 14:25:00,144.1,11,64,30.7,0,0,0
2026-09-10 14:30:00,145.3,14,65,36.2,0,0,0
2026-09-10 14:35:00,143.4,9,68,34.7,0,0,0
2026-09-10 14:40:00,143.0,13,68,36.2,0,0,0
2026-09-10 14:45:00,141.4,447,93,36.3,0,0,0
2026-09-10 14:50:00,140.1,455,95,34.1,0,0,0
2026-09-10 14:55:00,140.8,10,69,38.0,0,0,0
2026-09-10 15:00:00,136.4,5,68,31.8,0,0,0
2026-09-10 15:05:00,138.6,6,71,38.5,0,0,0
2026-09-10 15:10:00,139.1,10,65,35.3,0,0,0
2026-09-10 15:15:00,136.3,6,71,31.8,0,0,0
2026-09-10 15:20:00,134.5,3,69,35.0,0,0,0
2026-09-10 15:25:00,134.7,10,65,34.0,0,0,0
2026-09-10 15:30:00,134.7,4,64,33.3,0,0,0
2026-09-10 15:35:00,132.1,3,64,37.4,0,0,0
2026-09-10 15:40:00,131.8,11,66,32.4,0,0,0
2026-09-10 15:45:00,131.8,10,64,30.2,0,0,0
2026-09-10 15:50:00,134.4,15,63,35.1,0,0,0
2026-09-10 15:55:00,135.6,12,66,35.8,0,0,0
2026-09-10 16:00:00,132.0,4,69,36.2,0,0,0
2026-09-10 16:05:00,128.7,8,66,34.2,0,0,0
2026-09-10 16:10:00,124.9,13,68,36.8,0,0,0
2026-09-10 16:15:00,125.7,15,64,35.0,0,0,0
2026-09-10 16:20:00,120.7,5,66,35.2,0,0,0
2026-09-10 16:25:00,120.9,8,66,37.6,0,0,0
2026-09-10 16:30:00,116.7,5,64,35.4,0,0,0
2026-09-10 16:35:00,118.1,20,63,32.2,0,0,0
2026-09-10 16:40:00,116.6,8,72,30.8,0,0,0
2026-09-10 16:45:00,116.8,11,64,36.7,0,0,0
2026-09-10 16:50:00,119.8,8,66,32.6,0,0,0
2026-09-10 16:55:00,119.3,16,65,35.2,0,0,0
2026-09-10 17:00:00,120.8,7,64,34.2,0,0,0
2026-09-10 17:05:00,120.0,6,64,35.0,0,0,0
2026-09-10 17:10:00,119.7,6,68,36.7,0,0,0
2026-09-10 17:15:00,121.3,15,67,33.7,0,0,0
2026-09-10 17:20:00,122.1,13,70,34.1,0,46,80
2026-09-10 17:25:00,126.0,11,65,31.7,0,0,0
2026-09-10 17:30:00,130.1,12,68,35.5,0,0,0
2026-09-10 17:35:00,131.6,540,103,36.2,0,0,0
2026-09-10 17:40:00,131.8,539,102,36.0,0,0,0
2026-09-10 17:45:00,134.3,7,69,34.0,0,0,0
2026-09-10 17:50:00,135.3,6,67,33.8,0,0,0
2026-09-10 17:55:00,134.7,4,63,33.9,0,0,0
2026-09-10 18:00:00,130.8,6,66,35.1,0,0,0
2026-09-10 18:05:00,131.9,8,66,34.9,0,0,0
2026-09-10 18:10:00,133.5,14,64,39.2,0,0,0
2026-09-10 18:15:00,132.8,10,67,35.6,0,0,0
2026-09-10 18:20:00,135.3,5,67,34.3,0,0,0
2026-09-10 18:25:00,136.4,5,68,34.4,0,0,0
2026-09-10 18:30:00,134.7,9,65,36.1,0,0,0
2026-09-10 18:35:00,132.4,5,68,33.3,0,0,0
2026-09-10 18:40:00,132.5,11,67,34.3,0,0,0
2026-09-10 18:45:00,129.6,12,65,35.8,0,0,0
2026-09-10 18:50:00,128.1,5,70,35.6,0,0,0
2026-09-10 18:55:00,132.6,5,69,36.8,0,0,0
2026-09-10 19:00:00,130.9,7,67,34.4,0,0,0
2026-09-10 19:05:00,134.6,6,64,34.5,0,0,0
2026-09-10 19:10:00,135.0,9,66,33.7,0,0,0
2026-09-10 19:15:00,136.6,9,62,33.3,0,0,0
2026-09-10 19:20:00,129.4,6,68,33.3,0,0,0
2026-09-10 19:25:00,131.3,15,68,35.8,0,0,0
2026-09-10 19:30:00,131.4,15,70,35.6,0,0,0
2026-09-10 19:35:00,133.5,3,65,34.9,0,0,0
2026-09-10 19:40:00,128.1,8,66,35.6,0,0,0
2026-09-10 19:45:00,123.8,6,65,35.3,0,0,0
2026-09-10 19:50:00,121.0,6,67,39.7,0,0,0
2026-09-10 19:55:00,119.2,7,63,34.4,0,0,0
2026-09-10 20:00:00,119.6,4,65,35.4,0,0,0
2026-09-10 20:05:00,114.5,6,69,33.4,0,0,0
2026-09-10 20:10:00,117.7,15,68,37.6,0,0,0
2026-09-10 20:15:00,120.7,6,66,33.8,0,0,0
2026-09-10 20:20:00,120.4,8,65,34.9,0,0,0
2026-09-10 20:25:00,121.4,7,68,34.8,0,0,0
2026-09-10 20:30:00,120.8,16,67,33.4,0,0,0
2026-09-10 20:35:00,116.3,4,66,38.5,0,0,0
2026-09-10 20:40:00,116.3,8,65,33.8,0,0,0
2026-09-10 20:45:00,115.1,9,67,34.1,0,0,0
2026-09-10 20:50:00,113.6,9,65,35.7,0,0,0
2026-09-10 20:55:00,112.9,8,65,34.2,0,0,0
2026-09-10 21:00:00,114.5,6,72,33.6,0,52,50
2026-09-10 21:05:00,115.4,7,68,37.7,0,0,0
2026-09-10 21:10:00,117.2,7,69,32.8,0,0,0
2026-09-10 21:15:00,117.1,483,95,33.6,0,0,0
2026-09-10 21:20:00,120.3,487,96,36.5,0,0,0
2026-09-10 21:25:00,121.6,17,66,35.4,0,0,0
2026-09-10 21:30:00,124.1,15,69,35.3,0,0,0
2026-09-10 21:35:00,128.5,5,67,34.6,0,0,0
2026-09-10 21:40:00,126.9,6,67,34.3,0,0,0
2026-09-10 21:45:00,127.7,9,66,37.8,0,0,0
2026-09-10 21:50:00,129.8,7,67,38.3,0,0,0
2026-09-10 21:55:00,130.8,5,68,32.3,0,0,0
2026-09-10 22:00:00,128.3,7,69,34.2,0,0,0
2026-09-10 22:05:00,126.9,11,69,33.9,0,0,0
2026-09-10 22:10:00,129.9,3,66,36.9,0,0,0
2026-09-10 22:15:00,132.7,8,68,31.6,0,0,0
2026-09-10 22:20:00,132.7,14,70,35.0,0,0,0
2026-09-10 22:25:00,132.5,14,69,34.4,0,0,0
2026-09-10 22:30:00,132.7,20,65,33.8,0,0,0
2026-09-10 22:35:00,133.2,18,66,32.5,0,0,0
2026-09-10 22:40:00,132.0,11,67,34.5,0,0,0
2026-09-10 22:45:00,123.5,13,70,32.6,0,0,0
2026-09-10 22:50:00,120.8,10,69,35.3,0,0,0
2026-09-10 22:55:00,120.0,17,68,36.9,0,0,0
2026-09-10 23:00:00,120.9,6,68,36.6,0,0,0
2026-09-10 23:05:00,122.7,4,67,35.0,0,0,0
2026-09-10 23:10:00,124.6,12,63,34.5,0,0,0
2026-09-10 23:15:00,125.5,11,67,32.7,0,0,0
2026-09-10 23:20:00,124.9,1,60,56.9,1,0,0
2026-09-10 23:25:00,125.7,1,57,54.6,1,0,0
2026-09-10 23:30:00,124.2,1,61,54.4,1,0,0
2026-09-10 23:35:00,123.0,0,58,56.6,1,0,0
2026-09-10 23:40:00,123.1,0,61,55.9,1,0,0
2026-09-10 23:45:00,122.4,0,58,54.9,1,0,0
2026-09-10 23:50:00,122.8,0,57,53.9,1,0,0
2026-09-10 23:55:00,121.2,1,58,56.7,1,0,0
2026-09-11 00:00:00,123.2,1,55,53.7,1,0,0
2026-09-11 00:05:00,122.5,0,56,54.3,1,0,0
2026-09-11 00:10:00,121.5,0,57,56.7,1,0,0
2026-09-11 00:15:00,122.1,1,59,53.7,1,0,0
2026-09-11 00:20:00,122.1,0,60,54.5,1,0,0
2026-09-11 00:25:00,122.0,0,60,55.9,1,0,0
2026-09-11 00:30:00,119.8,0,59,56.2,1,0,0
2026-09-11 00:35:00,121.0,0,58,54.1,1,0,0
2026-09-11 00:40:00,124.4,0,58,58.5,1,0,0
2026-09-11 00:45:00,121.4,2,55,55.4,1,0,0
2026-09-11 00:50:00,121.1,1,60,56.0,1,0,0
2026-09-11 00:55:00,122.2,0,60,57.6,1,0,0
2026-09-11 01:00:00,122.5,0,55,51.2,1,0,0
2026-09-11 01:05:00,126.1,0,58,55.2,1,0,0
2026-09-11 01:10:00,121.7,0,57,56.7,1,0,0
2026-09-11 01:15:00,121.0,0,58,55.2,1,0,0
2026-09-11 01:20:00,120.5,0,62,54.8,1,0,0
2026-09-11 01:25:00,119.7,0,58,54.2,1,0,0
2026-09-11 01:30:00,117.1,0,56,54.0,1,0,0
2026-09-11 01:35:00,118.1,2,59,54.8,1,0,0
2026-09-11 01:40:00,118.2,0,59,52.8,1,0,0
2026-09-11 01:45:00,118.8,1,58,54.8,1,0,0
2026-09-11 01:50:00,114.5,0,56,52.5,1,0,0
2026-09-11 01:55:00,115.4,0,57,56.7,1,0,0
2026-09-11 02:00:00,118.0,0,59,54.3,1,0,0
2026-09-11 02:05:00,117.2,0,60,55.0,1,0,0
2026-09-11 02:10:00,115.5,0,58,55.4,1,0,0
2026-09-11 02:15:00,115.0,1,57,55.7,1,0,0
2026-09-11 02:20:00,116.0,1,59,51.4,1,0,0
2026-09-11 02:25:00,114.6,0,60,56.3,1,0,0
2026-09-11 02:30:00,117.2,0,56,58.2,1,0,0
2026-09-11 02:35:00,113.3,0,53,57.4,1,0,0
2026-09-11 02:40:00,112.2,0,57,51.9,1,0,0
2026-09-11 02:45:00,115.4,1,59,57.9,1,0,0
2026-09-11 02:50:00,114.9,0,61,58.2,1,0,0
2026-09-11 02:55:00,116.5,0,58,51.8,1,0,0
2026-09-11 03:00:00,118.7,1,57,54.8,1,0,0
2026-09-11 03:05:00,119.6,0,59,53.3,1,0,0
2026-09-11 03:10:00,117.7,0,58,53.3,1,0,0
2026-09-11 03:15:00,116.6,1,58,54.9,1,0,0
2026-09-11 03:20:00,117.9,1,57,57.8,1,0,0
2026-09-11 03:25:00,117.6,0,57,55.8,1,0,0
2026-09-11 03:30:00,115.7,0,58,52.5,1,0,0
2026-09-11 03:35:00,116.8,0,60,57.6,1,0,0
2026-09-11 03:40:00,118.4,0,58,54.7,1,0,0
2026-09-11 03:45:00,119.2,0,58,57.8,1,0,0
2026-09-11 03:50:00,120.2,0,58,56.0,1,0,0
2026-09-11 03:55:00,122.3,1,61,54.1,1,0,0
2026-09-11 04:00:00,121.5,0,59,55.8,1,0,0
2026-09-11 04:05:00,121.1,0,58,51.7,1,0,0
2026-09-11 04:10:00,122.3,1,58,55.0,1,0,0
2026-09-11 04:15:00,121.5,0,60,54.9,1,0,0
2026-09-11 04:20:00,122.5,0,57,53.5,1,0,0
2026-09-11 04:25:00,123.5,0,59,53.7,1,0,0
2026-09-11 04:30:00,121.6,0,57,53.5,1,0,0
2026-09-11 04:35:00,118.4,0,58,51.3,1,0,0
2026-09-11 04:40:00,119.3,1,57,53.5,1,0,0
2026-09-11 04:45:00,122.2,1,58,55.9,1,0,0
2026-09-11 04:50:00,126.1,0,58,58.5,1,0,0
2026-09-11 04:55:00,127.3,0,60,52.7,1,0,0
2026-09-11 05:00:00,127.0,0,61,59.3,1,0,0
2026-09-11 05:05:00,128.8,0,57,54.5,1,0,0
2026-09-11 05:10:00,131.0,1,58,54.1,1,0,0
2026-09-11 05:15:00,129.7,1,55,55.6,1,0,0
2026-09-11 05:20:00,129.7,0,57,55.1,1,0,0
2026-09-11 05:25:00,129.9,0,62,54.6,1,0,0
2026-09-11 05:30:00,126.6,2,57,53.7,1,0,0
2026-09-11 05:35:00,125.3,0,57,55.0,1,0,0
2026-09-11 05:40:00,124.2,0,58,56.5,1,0,0
2026-09-11 05:45:00,124.2,0,54,56.9,1,0,0
2026-09-11 05:50:00,118.7,0,58,53.7,1,0,0
2026-09-11 05:55:00,123.5,0,60,54.3,1,0,0
2026-09-11 06:00:00,126.4,1,55,51.3,1,0,0
2026-09-11 06:05:00,123.8,0,58,57.3,1,0,0
2026-09-11 06:10:00,124.3,0,58,51.2,1,0,0
2026-09-11 06:15:00,126.8,0,56,56.4,1,0,0
2026-09-11 06:20:00,128.2,1,60,56.9,1,0,0
2026-09-11 06:25:00,130.3,0,59,55.9,1,0,0
2026-09-11 06:30:00,127.8,1,61,56.5,1,0,0
2026-09-11 06:35:00,126.8,2,65,32.3,0,0,0
2026-09-11 06:40:00,122.9,5,66,31.1,0,0,0
2026-09-11 06:45:00,120.8,7,64,32.4,0,0,0
2026-09-11 06:50:00,119.6,15,65,36.5,0,0,0
2026-09-11 06:55:00,119.0,3,67,33.9,0,0,0
2026-09-11 07:00:00,119.4,21,63,35.5,0,0,0
2026-09-11 07:05:00,118.6,5,68,33.6,0,0,0
2026-09-11 07:10:00,121.8,5,66,35.7,0,0,0
2026-09-11 07:15:00,120.5,8,66,32.9,0,0,0
2026-09-11 07:20:00,125.0,18,66,33.9,0,0,0
2026-09-11 07:25:00,126.3,7,67,35.3,0,0,0
2026-09-11 07:30:00,129.4,10,66,35.4,0,0,0
2026-09-11 07:35:00,128.9,11,66,34.6,0,0,0
2026-09-11 07:40:00,128.5,18,67,32.7,0,0,0
2026-09-11 07:45:00,126.5,15,65,30.7,0,0,0
2026-09-11 07:50:00,125.9,11,68,34.3,0,0,0
2026-09-11 07:55:00,124.8,15,70,34.8,0,0,0
2026-09-11 08:00:00,122.2,12,68,31.5,0,0,0
2026-09-11 08:05:00,122.6,20,65,33.3,0,0,0
2026-09-11 08:10:00,124.4,12,68,33.8,0,0,0
2026-09-11 08:15:00,123.7,12,66,41.0,0,0,0
2026-09-11 08:20:00,122.7,7,71,32.7,0,50,70
2026-09-11 08:25:00,130.2,6,69,34.2,0,0,0
2026-09-11 08:30:00,133.8,6,68,30.7,0,0,0
2026-09-11 08:35:00,133.2,484,99,34.3,0,0,0
2026-09-11 08:40:00,136.8,484,100,32.7,0,0,0
2026-09-11 08:45:00,140.5,3,72,36.4,0,0,0
2026-09-11 08:50:00,144.3,7,67,31.6,0,0,0
2026-09-11 08:55:00,143.9,3,67,35.9,0,0,0
2026-09-11 09:00:00,145.7,13,69,34.1,0,0,0
2026-09-11 09:05:00,144.5,4,66,34.1,0,0,0
2026-09-11 09:10:00,143.2,5,66,37.6,0,0,0
2026-09-11 09:15:00,142.0,17,69,34.6,0,0,0
2026-09-11 09:20:00,145.3,14,66,35.4,0,0,0
2026-09-11 09:25:00,143.6,8,66,34.2,0,0,0
2026-09-11 09:30:00,142.7,10,66,33.3,0,0,0
2026-09-11 09:35:00,143.2,9,67,35.9,0,0,0
2026-09-11 09:40:00,144.5,7,65,33.1,0,0,0
2026-09-11 09:45:00,138.8,5,66,31.8,0,0,0
2026-09-11 09:50:00,131.8,10,65,32.8,0,0,0
2026-09-11 09:55:00,130.5,7,67,34.0,0,0,0
2026-09-11 10:00:00,127.0,8,66,29.8,0,0,0
2026-09-11 10:05:00,127.5,7,66,33.6,0,0,0
2026-09-11 10:10:00,124.2,17,67,33.3,0,0,0
2026-09-11 10:15:00,125.6,45,71,32.6,0,0,0
2026-09-11 10:20:00,126.4,7,65,33.0,0,0,0
2026-09-11 10:25:00,122.8,2,65,31.7,0,0,0
2026-09-11 10:30:00,123.8,12,65,32.2,0,0,0
2026-09-11 10:35:00,123.3,2,64,36.5,0,0,0
2026-09-11 10:40:00,122.8,7,63,33.5,0,0,0
2026-09-11 10:45:00,121.7,23,68,33.0,0,0,0
2026-09-11 10:50:00,121.6,5,65,34.3,0,0,0
2026-09-11 10:55:00,120.5,10,66,35.3,0,0,0
2026-09-11 11:00:00,119.0,13,66,34.2,0,0,0
2026-09-11 11:05:00,117.1,18,67,34.4,0,0,0
2026-09-11 11:10:00,119.6,7,67,33.0,0,0,0
2026-09-11 11:15:00,118.6,12,68,33.1,0,0,0
2026-09-11 11:20:00,120.7,15,67,34.4,0,0,0
2026-09-11 11:25:00,121.9,8,70,30.0,0,0,0
2026-09-11 11:30:00,121.2,12,66,33.8,0,0,0
2026-09-11 11:35:00,123.1,18,69,35.0,0,0,0
2026-09-11 11:40:00,121.5,11,69,33.2,0,0,0
2026-09-11 11:45:00,117.6,13,64,36.0,0,0,0
2026-09-11 11:50:00,117.7,5,67,29.1,0,0,0
2026-09-11 11:55:00,120.4,5,67,34.7,0,0,0
2026-09-11 12:00:00,115.3,3,66,34.9,0,0,0
2026-09-11 12:05:00,118.8,12,70,32.6,0,0,0
2026-09-11 12:10:00,119.3,6,69,37.2,0,0,0
2026-09-11 12:15:00,119.1,6,64,33.7,0,0,0
2026-09-11 12:20:00,119.1,5,66,31.3,0,0,0
2026-09-11 12:25:00,120.2,6,67,28.7,0,0,0
2026-09-11 12:30:00,119.8,16,66,37.4,0,0,0
2026-09-11 12:35:00,119.4,13,68,37.8,0,0,0
2026-09-11 12:40:00,120.3,11,64,32.2,0,0,0
2026-09-11 12:45:00,119.5,5,68,36.2,0,0,0
2026-09-11 12:50:00,118.3,4,64,33.0,0,0,0
2026-09-11 12:55:00,121.2,7,66,33.0,0,0,0
2026-09-11 13:00:00,120.6,5,65,35.9,0,0,0
2026-09-11 13:05:00,120.5,12,67,34.3,0,0,0
2026-09-11 13:10:00,119.5,5,67,34.6,0,0,0
2026-09-11 13:15:00,118.5,10,70,35.8,0,0,0
2026-09-11 13:20:00,124.8,9,66,35.6,0,0,0
2026-09-11 13:25:00,123.1,10,69,35.1,0,0,0
2026-09-11 13:30:00,124.1,6,67,35.0,0,0,0
2026-09-11 13:35:00,125.4,17,68,36.7,0,0,0
2026-09-11 13:40:00,126.6,4,64,32.3,0,0,0
2026-09-11 13:45:00,125.6,3,65,30.1,0,109,70
2026-09-11 13:50:00,136.0,10,66,37.5,0,0,0
2026-09-11 13:55:00,141.8,20,72,37.2,0,0,0
2026-09-11 14:00:00,147.3,424,94,37.1,0,0,0
2026-09-11 14:05:00,149.6,423,91,35.8,0,0,0
2026-09-11 14:10:00,155.3,25,68,34.2,0,0,0
2026-09-11 14:15:00,158.1,2,67,33.7,0,0,0
2026-09-11 14:20:00,163.2,13,64,36.4,0,0,0
2026-09-11 14:25:00,165.7,10,67,36.8,0,0,0
2026-09-11 14:30:00,167.4,11,66,37.1,0,0,0
2026-09-11 14:35:00,162.6,11,67,31.8,0,0,0
2026-09-11 14:40:00,160.6,5,66,35.2,0,0,0
2026-09-11 14:45:00,158.6,11,66,32.8,0,0,0
2026-09-11 14:50:00,155.2,3,63,35.3,0,0,0
2026-09-11 14:55:00,150.9,23,68,32.9,0,0,0
2026-09-11 15:00:00,148.4,20,65,33.2,0,0,0
2026-09-11 15:05:00,147.1,2,68,35.3,0,0,0
2026-09-11 15:10:00,146.6,7,65,35.4,0,0,0
2026-09-11 15:15:00,143.4,5,64,31.9,0,0,0
2026-09-11 15:20:00,142.8,3,63,33.5,0,0,0
2026-09-11 15:25:00,139.0,4,68,30.7,0,0,0
2026-09-11 15:30:00,134.8,4,68,33.1,0,0,0
2026-09-11 15:35:00,133.6,3,69,36.6,0,0,0
2026-09-11 15:40:00,130.5,10,67,37.3,0,0,0
2026-09-11 15:45:00,129.0,10,65,34.6,0,0,0
2026-09-11 15:50:00,125.7,3,66,33.7,0,0,0
2026-09-11 15:55:00,121.3,14,64,35.3,0,0,0
2026-09-11 16:00:00,122.1,10,66,34.9,0,0,0
2026-09-11 16:05:00,122.0,5,65,34.9,0,0,0
2026-09-11 16:10:00,126.6,9,66,37.5,0,0,0
2026-09-11 16:15:00,125.9,11,71,33.3,0,0,0
2026-09-11 16:20:00,126.7,12,63,35.4,0,0,0
2026-09-11 16:25:00,122.8,5,69,34.3,0,0,0
2026-09-11 16:30:00,124.6,11,65,37.0,0,0,0
2026-09-11 16:35:00,121.6,4,68,32.1,0,0,0
2026-09-11 16:40:00,120.2,6,65,35.0,0,0,0
2026-09-11 16:45:00,123.4,11,67,33.6,0,0,0
2026-09-11 16:50:00,119.1,8,69,33.1,0,0,0
2026-09-11 16:55:00,116.1,9,67,34.2,0,0,0
2026-09-11 17:00:00,115.0,9,68,30.3,0,0,0
2026-09-11 17:05:00,116.1,9,63,32.8,0,0,0
2026-09-11 17:10:00,116.5,23,69,36.7,0,0,0
2026-09-11 17:15:00,115.7,8,65,35.7,0,0,0
2026-09-11 17:20:00,118.8,12,66,31.7,0,0,0
2026-09-11 17:25:00,121.8,12,68,32.6,0,0,0
2026-09-11 17:30:00,126.0,17,67,32.3,0,0,0
2026-09-11 17:35:00,123.3,467,92,35.0,0,0,0
2026-09-11 17:40:00,121.9,466,99,37.3,0,25,65
2026-09-11 17:45:00,120.4,471,98,34.9,0,0,0
2026-09-11 17:50:00,125.0,463,96,34.2,0,0,0
2026-09-11 17:55:00,122.7,8,73,33.6,0,0,0
2026-09-11 18:00:00,123.3,8,66,37.0,0,0,0
2026-09-11 18:05:00,128.6,1,69,34.4,0,0,0
2026-09-11 18:10:00,129.5,12,66,36.0,0,0,0
2026-09-11 18:15:00,129.4,3,64,33.7,0,0,0
2026-09-11 18:20:00,130.6,8,67,37.0,0,0,0
2026-09-11 18:25:00,129.8,11,64,33.6,0,0,0
2026-09-11 18:30:00,130.3,7,66,34.8,0,0,0
2026-09-11 18:35:00,129.3,13,67,31.7,0,0,0
2026-09-11 18:40:00,129.6,7,66,34.2,0,0,0
2026-09-11 18:45:00,127.9,9,69,33.1,0,0,0
2026-09-11 18:50:00,125.1,19,70,35.2,0,0,0
2026-09-11 18:55:00,123.6,13,68,34.9,0,0,0
2026-09-11 19:00:00,125.4,16,72,33.5,0,0,0
2026-09-11 19:05:00,126.0,14,66,34.1,0,0,0
2026-09-11 19:10:00,123.9,5,68,34.3,0,0,0
2026-09-11 19:15:00,126.0,7,68,35.9,0,0,0
2026-09-11 19:20:00,126.9,13,67,36.0,0,0,0
2026-09-11 19:25:00,126.6,10,68,32.1,0,0,0
2026-09-11 19:30:00,122.7,2,66,31.2,0,0,0
2026-09-11 19:35:00,122.3,10,71,36.3,0,0,0
2026-09-11 19:40:00,120.0,15,70,36.7,0,0,0
2026-09-11 19:45:00,118.4,9,62,34.4,0,0,0
2026-09-11 19:50:00,117.6,15,70,33.3,0,0,0
2026-09-11 19:55:00,116.5,2,64,33.2,0,0,0
2026-09-11 20:00:00,119.5,9,70,36.1,0,0,0
2026-09-11 20:05:00,116.6,3,66,31.9,0,0,0
2026-09-11 20:10:00,117.0,6,64,33.3,0,0,0
2026-09-11 20:15:00,115.2,10,66,34.6,0,0,0
2026-09-11 20:20:00,119.0,6,70,28.5,0,0,0
2026-09-11 20:25:00,119.5,9,66,34.0,0,0,0
2026-09-11 20:30:00,124.3,5,65,34.8,0,0,0
2026-09-11 20:35:00,124.1,10,65,34.3,0,0,0
2026-09-11 20:40:00,126.4,7,69,35.1,0,0,0
2026-09-11 20:45:00,126.8,4,68,33.6,0,0,0
2026-09-11 20:50:00,125.3,13,69,30.9,0,0,0
2026-09-11 20:55:00,124.7,12,68,35.4,0,0,0
2026-09-11 21:00:00,125.1,9,66,33.3,0,0,0
2026-09-11 21:05:00,124.9,19,69,34.8,0,0,0
2026-09-11 21:10:00,127.5,17,70,30.7,0,0,0
2026-09-11 21:15:00,126.9,27,71,33.1,0,59,50
2026-09-11 21:20:00,131.6,12,72,30.8,0,0,0
2026-09-11 21:25:00,135.6,6,69,34.3,0,0,0
2026-09-11 21:30:00,138.1,0,71,33.5,0,0,0
2026-09-11 21:35:00,141.5,10,69,33.9,0,0,0
2026-09-11 21:40:00,142.4,8,69,31.3,0,0,0
2026-09-11 21:45:00,144.2,10,71,31.9,0,0,0
2026-09-11 21:50:00,145.2,4,65,34.2,0,0,0
2026-09-11 21:55:00,144.8,13,64,35.4,0,0,0
2026-09-11 22:00:00,148.1,2,66,35.2,0,0,0
2026-09-11 22:05:00,149.9,13,67,33.7,0,0,0
2026-09-11 22:10:00,148.3,7,65,29.5,0,0,0
2026-09-11 22:15:00,145.7,5,64,31.5,0,0,0
2026-09-11 22:20:00,140.7,22,69,34.6,0,0,0
2026-09-11 22:25:00,140.5,7,62,36.8,0,0,0
2026-09-11 22:30:00,139.4,12,66,37.7,0,0,0
2026-09-11 22:35:00,138.6,8,68,33.4,0,0,0
2026-09-11 22:40:00,137.5,5,67,32.9,0,0,0
2026-09-11 22:45:00,134.0,10,66,37.0,0,0,0
2026-09-11 22:50:00,130.0,23,69,35.3,0,0,0
2026-09-11 22:55:00,128.5,5,69,33.6,0,0,0
2026-09-11 23:00:00,124.9,10,69,34.9,0,0,0
2026-09-11 23:05:00,125.2,1,57,55.0,1,0,0
2026-09-11 23:10:00,125.8,0,56,53.1,1,0,0
2026-09-11 23:15:00,125.0,0,56,53.7,1,0,0
2026-09-11 23:20:00,122.9,0,57,54.7,1,0,0
2026-09-11 23:25:00,121.0,0,60,53.4,1,0,0
2026-09-11 23:30:00,119.8,0,56,54.6,1,0,0
2026-09-11 23:35:00,119.1,0,59,55.9,1,0,0
2026-09-11 23:40:00,118.3,0,60,53.4,1,0,0
2026-09-11 23:45:00,121.0,1,58,55.1,1,0,0
2026-09-11 23:50:00,122.8,0,60,55.2,1,0,0
2026-09-11 23:55:00,125.2,0,59,53.4,1,0,0
2026-09-12 00:00:00,119.4,0,59,60.5,1,0,0
2026-09-12 00:05:00,118.0,1,58,58.6,1,0,0
2026-09-12 00:10:00,116.2,0,58,57.6,1,0,0
2026-09-12 00:15:00,117.8,0,58,58.7,1,0,0
2026-09-12 00:20:00,114.6,0,61,57.1,1,0,0
2026-09-12 00:25:00,113.2,0,57,53.0,1,0,0
2026-09-12 00:30:00,114.8,0,55,56.0,1,0,0
2026-09-12 00:35:00,114.1,0,55,53.6,1,0,0
2026-09-12 00:40:00,110.9,0,58,56.6,1,0,0
2026-09-12 00:45:00,108.3,0,57,58.7,1,0,0
2026-09-12 00:50:00,109.6,0,64,58.5,1,0,0
2026-09-12 00:55:00,110.8,0,58,57.7,1,0,0
2026-09-12 01:00:00,112.6,0,55,61.8,1,0,0
2026-09-12 01:05:00,115.1,0,57,58.5,1,0,0
2026-09-12 01:10:00,116.2,2,55,58.1,1,0,0
2026-09-12 01:15:00,114.3,0,56,61.8,1,0,0
2026-09-12 01:20:00,113.1,0,59,60.3,1,0,0
2026-09-12 01:25:00,112.4,0,60,57.1,1,0,0
2026-09-12 01:30:00,109.6,1,58,57.7,1,0,0
2026-09-12 01:35:00,107.5,0,59,56.3,1,0,0
2026-09-12 01:40:00,106.2,0,56,56.3,1,0,0
2026-09-12 01:45:00,107.4,1,58,55.9,1,0,0
2026-09-12 01:50:00,103.0,1,56,54.1,1,0,0
2026-09-12 01:55:00,106.3,0,59,57.2,1,0,0
2026-09-12 02:00:00,108.5,0,56,56.5,1,0,0
2026-09-12 02:05:00,105.8,1,55,54.6,1,0,0
2026-09-12 02:10:00,102.8,1,60,56.2,1,0,0
2026-09-12 02:15:00,103.5,0,57,56.8,1,0,0
2026-09-12 02:20:00,103.5,0,58,57.4,1,0,0
2026-09-12 02:25:00,104.2,0,59,54.7,1,0,0
2026-09-12 02:30:00,105.0,0,59,57.8,1,0,0
2026-09-12 02:35:00,107.7,0,55,60.1,1,0,0
2026-09-12 02:40:00,105.3,0,59,59.6,1,0,0
2026-09-12 02:45:00,107.9,0,59,57.0,1,0,0
2026-09-12 02:50:00,109.5,1,59,49.7,1,0,0
2026-09-12 02:55:00,107.1,0,55,56.7,1,0,0
2026-09-12 03:00:00,109.9,0,59,56.6,1,0,0
2026-09-12 03:05:00,107.6,0,57,56.3,1,0,0
2026-09-12 03:10:00,104.4,0,59,57.8,1,0,0
2026-09-12 03:15:00,108.5,0,58,57.7,1,0,0
2026-09-12 03:20:00,109.3,2,62,57.8,1,0,0
2026-09-12 03:25:00,114.0,1,60,58.6,1,0,0
2026-09-12 03:30:00,112.9,0,61,59.3,1,0,0
2026-09-12 03:35:00,113.3,1,61,56.9,1,0,0
2026-09-12 03:40:00,113.1,1,60,58.7,1,0,0
2026-09-12 03:45:00,109.4,0,60,55.2,1,0,0
2026-09-12 03:50:00,110.3,0,59,54.3,1,0,0
2026-09-12 03:55:00,106.5,0,57,58.8,1,0,0
2026-09-12 04:00:00,106.3,0,57,56.9,1,0,0
2026-09-12 04:05:00,106.8,1,57,56.6,1,0,0
2026-09-12 04:10:00,109.3,0,55,55.3,1,0,0
2026-09-12 04:15:00,113.9,0,58,56.3,1,0,0
2026-09-12 04:20:00,114.2,1,59,58.0,1,0,0
2026-09-12 04:25:00,114.7,0,57,58.2,1,0,0
2026-09-12 04:30:00,116.2,0,58,56.8,1,0,0
2026-09-12 04:35:00,118.0,0,59,58.4,1,0,0
2026-09-12 04:40:00,119.9,0,60,53.5,1,0,0
2026-09-12 04:45:00,118.8,0,56,58.0,1,0,0
2026-09-12 04:50:00,114.9,1,58,58.0,1,0,0
2026-09-12 04:55:00,111.0,0,55,56.9,1,0,0
2026-09-12 05:00:00,112.2,0,57,56.9,1,0,0
2026-09-12 05:05:00,115.3,0,59,57.1,1,0,0
2026-09-12 05:10:00,114.5,0,56,55.2,1,0,0
2026-09-12 05:15:00,110.3,0,61,56.1,1,0,0
2026-09-12 05:20:00,108.4,0,58,56.7,1,0,0
2026-09-12 05:25:00,110.6,0,61,57.6,1,0,0
2026-09-12 05:30:00,112.4,0,59,57.6,1,0,0
2026-09-12 05:35:00,111.1,0,60,57.0,1,0,0
2026-09-12 05:40:00,112.9,0,56,57.2,1,0,0
2026-09-12 05:45:00,114.8,0,63,58.7,1,0,0
2026-09-12 05:50:00,117.1,0,60,57.7,1,0,0
2026-09-12 05:55:00,119.4,1,59,59.9,1,0,0
2026-09-12 06:00:00,118.8,0,56,54.9,1,0,0
2026-09-12 06:05:00,114.0,0,55,61.8,1,0,0
2026-09-12 06:10:00,113.6,1,59,56.8,1,0,0
2026-09-12 06:15:00,113.7,0,56,53.5,1,0,0
2026-09-12 06:20:00,117.0,1,61,57.3,1,0,0
2026-09-12 06:25:00,117.3,1,60,58.6,1,0,0
2026-09-12 06:30:00,118.3,0,55,58.2,1,0,0
2026-09-12 06:35:00,115.4,2,60,56.0,1,0,0
2026-09-12 06:40:00,113.1,0,61,60.1,1,0,0
2026-09-12 06:45:00,112.9,7,66,34.3,0,0,0
2026-09-12 06:50:00,111.4,3,65,34.8,0,0,0
2026-09-12 06:55:00,114.7,11,70,35.5,0,0,0
2026-09-12 07:00:00,115.2,5,63,33.4,0,0,0
2026-09-12 07:05:00,113.7,8,66,37.3,0,0,0
2026-09-12 07:10:00,115.8,16,68,36.3,0,0,0
2026-09-12 07:15:00,117.9,9,64,34.1,0,0,0
2026-09-12 07:20:00,118.5,14,69,34.5,0,0,0
2026-09-12 07:25:00,116.5,6,63,35.3,0,74,78
2026-09-12 07:30:00,123.6,3,71,36.3,0,0,0
2026-09-12 07:35:00,130.4,5,74,38.7,0,0,0
2026-09-12 07:40:00,135.4,411,92,34.8,0,0,0
2026-09-12 07:45:00,138.4,411,93,36.2,0,0,0
2026-09-12 07:50:00,143.0,9,70,33.7,0,0,0
2026-09-12 07:55:00,142.8,16,66,32.3,0,0,0
2026-09-12 08:00:00,144.0,5,65,34.8,0,0,0
2026-09-12 08:05:00,145.6,13,64,33.7,0,0,0
2026-09-12 08:10:00,145.0,6,67,37.9,0,0,0
2026-09-12 08:15:00,148.1,5,67,31.8,0,0,0
2026-09-12 08:20:00,147.2,2,69,32.0,0,0,0
2026-09-12 08:25:00,147.1,3,67,32.8,0,0,0
2026-09-12 08:30:00,142.1,7,68,36.6,0,0,0
2026-09-12 08:35:00,141.0,8,63,34.9,0,0,0
2026-09-12 08:40:00,139.5,12,66,34.2,0,0,0
2026-09-12 08:45:00,142.0,3,68,37.8,0,0,0
2026-09-12 08:50:00,139.2,10,66,35.7,0,0,0
2026-09-12 08:55:00,142.1,8,66,35.3,0,0,0
2026-09-12 09:00:00,139.9,3,64,37.6,0,0,0
2026-09-12 09:05:00,137.6,14,67,31.5,0,0,0
2026-09-12 09:10:00,135.4,3,68,33.3,0,0,0
2026-09-12 09:15:00,134.7,4,66,34.7,0,0,0
2026-09-12 09:20:00,134.8,5,68,34.9,0,0,0
2026-09-12 09:25:00,135.7,12,66,32.8,0,0,0
2026-09-12 09:30:00,136.5,11,65,36.3,0,0,0
2026-09-12 09:35:00,131.5,1,70,34.3,0,0,0
2026-09-12 09:40:00,131.9,14,66,33.7,0,0,0
2026-09-12 09:45:00,127.9,8,67,35.5,0,0,0
2026-09-12 09:50:00,122.1,8,69,38.5,0,0,0
2026-09-12 09:55:00,117.2,16,66,36.2,0,0,0
2026-09-12 10:00:00,115.3,14,62,33.7,0,0,0
2026-09-12 10:05:00,116.8,16,66,34.0,0,0,0
2026-09-12 10:10:00,113.8,5,65,36.3,0,0,0
2026-09-12 10:15:00,112.2,9,66,34.1,0,0,0
2026-09-12 10:20:00,108.2,5,65,36.6,0,0,0
2026-09-12 10:25:00,110.0,15,64,35.7,0,0,0
2026-09-12 10:30:00,113.1,6,65,35.7,0,0,0
2026-09-12 10:35:00,114.1,17,70,35.5,0,0,0
2026-09-12 10:40:00,110.6,14,63,40.1,0,0,0
2026-09-12 10:45:00,112.9,10,65,36.0,0,0,0
2026-09-12 10:50:00,114.4,8,68,34.8,0,0,0
2026-09-12 10:55:00,114.0,12,67,33.5,0,0,0
2026-09-12 11:00:00,114.8,13,64,36.3,0,0,0
2026-09-12 11:05:00,114.9,9,67,34.1,0,0,0
2026-09-12 11:10:00,115.4,8,65,34.8,0,0,0
2026-09-12 11:15:00,115.0,10,65,36.1,0,0,0
2026-09-12 11:20:00,113.0,12,63,34.9,0,0,0
2026-09-12 11:25:00,109.7,6,66,35.8,0,0,0
2026-09-12 11:30:00,109.2,10,68,34.2,0,0,0
2026-09-12 11:35:00,109.3,9,64,35.2,0,0,0
2026-09-12 11:40:00,110.0,8,68,34.1,0,0,0
2026-09-12 11:45:00,109.6,6,65,35.0,0,0,0
2026-09-12 11:50:00,111.3,4,69,34.7,0,0,0
2026-09-12 11:55:00,111.7,11,63,36.6,0,0,0
2026-09-12 12:00:00,112.2,8,66,36.4,0,0,0
2026-09-12 12:05:00,111.4,4,66,33.7,0,0,0
2026-09-12 12:10:00,117.2,4,64,34.8,0,0,0
2026-09-12 12:15:00,114.4,8,65,38.0,0,0,0
2026-09-12 12:20:00,114.3,14,67,34.4,0,0,0
2026-09-12 12:25:00,112.4,9,66,34.0,0,0,0
2026-09-12 12:30:00,112.3,4,68,34.8,0,0,0
2026-09-12 12:35:00,108.7,13,66,31.5,0,0,0
2026-09-12 12:40:00,106.7,9,65,38.5,0,0,0
2026-09-12 12:45:00,104.2,14,67,37.3,0,0,0
2026-09-12 12:50:00,105.0,23,66,39.0,0,0,0
2026-09-12 12:55:00,104.4,6,69,35.3,0,0,0
2026-09-12 13:00:00,105.2,9,66,32.3,0,0,0
2026-09-12 13:05:00,110.0,3,71,36.7,0,71,68
2026-09-12 13:10:00,115.9,10,68,37.6,0,0,0
2026-09-12 13:15:00,124.1,10,71,35.8,0,0,0
2026-09-12 13:20:00,122.7,533,100,35.7,0,0,0
2026-09-12 13:25:00,126.3,536,97,32.5,0,0,0
2026-09-12 13:30:00,126.8,12,67,36.8,0,0,0
2026-09-12 13:35:00,125.9,2,68,33.8,0,0,0
2026-09-12 13:40:00,127.3,3,67,34.4,0,0,0
2026-09-12 13:45:00,128.2,12,71,36.1,0,0,0
2026-09-12 13:50:00,133.8,7,65,35.6,0,0,0
2026-09-12 13:55:00,134.9,3,66,36.0,0,0,0
2026-09-12 14:00:00,135.3,6,69,34.0,0,0,0
2026-09-12 14:05:00,133.6,10,64,33.0,0,0,0
2026-09-12 14:10:00,134.7,9,66,34.1,0,0,0
2026-09-12 14:15:00,135.6,1,66,36.3,0,0,0
2026-09-12 14:20:00,133.6,7,68,34.1,0,0,0
2026-09-12 14:25:00,129.6,12,67,33.5,0,0,0
2026-09-12 14:30:00,128.4,4,67,34.3,0,0,0
2026-09-12 14:35:00,129.9,6,65,33.3,0,0,0
2026-09-12 14:40:00,127.2,11,64,32.5,0,0,0
2026-09-12 14:45:00,123.4,17,68,37.7,0,0,0
2026-09-12 14:50:00,122.5,6,65,36.0,0,0,0
2026-09-12 14:55:00,121.2,5,63,34.8,0,0,0
2026-09-12 15:00:00,121.5,23,67,32.5,0,0,0
2026-09-12 15:05:00,120.9,4,69,34.0,0,0,0
2026-09-12 15:10:00,119.9,16,66,33.5,0,0,0
2026-09-12 15:15:00,120.6,7,68,34.4,0,0,0
2026-09-12 15:20:00,118.0,7,69,38.2,0,0,0
2026-09-12 15:25:00,118.0,3,64,34.4,0,0,0
2026-09-12 15:30:00,120.4,9,66,36.4,0,0,0
2026-09-12 15:35:00,119.7,13,65,39.4,0,0,0
2026-09-12 15:40:00,117.9,11,67,36.0,0,0,0
2026-09-12 15:45:00,119.6,5,64,37.8,0,0,0
2026-09-12 15:50:00,118.6,9,66,35.7,0,0,0
2026-09-12 15:55:00,115.9,3,70,32.4,0,0,0
2026-09-12 16:00:00,114.1,8,66,33.7,0,0,0
2026-09-12 16:05:00,114.0,8,65,35.8,0,0,0
2026-09-12 16:10:00,112.2,10,70,36.2,0,0,0
2026-09-12 16:15:00,113.5,8,71,34.1,0,0,0
2026-09-12 16:20:00,114.9,8,68,33.4,0,0,0
2026-09-12 16:25:00,116.7,2,67,34.7,0,0,0
2026-09-12 16:30:00,117.6,5,65,35.7,0,0,0
2026-09-12 16:35:00,116.4,9,67,32.7,0,0,0
2026-09-12 16:40:00,113.9,11,69,34.2,0,0,0
2026-09-12 16:45:00,113.0,6,68,35.2,0,0,0
2026-09-12 16:50:00,112.4,13,64,38.2,0,0,0
2026-09-12 16:55:00,114.6,8,66,35.0,0,0,0
2026-09-12 17:00:00,114.0,4,67,35.0,0,0,0
2026-09-12 17:05:00,114.2,3,68,37.0,0,0,0
2026-09-12 17:10:00,116.8,6,63,32.0,0,0,0
2026-09-12 17:15:00,115.4,424,95,34.0,0,0,0
2026-09-12 17:20:00,111.0,438,91,33.4,0,0,0
2026-09-12 17:25:00,109.2,5,65,35.5,0,0,0
2026-09-12 17:30:00,107.1,13,67,34.9,0,0,0
2026-09-12 17:35:00,109.2,7,70,35.8,0,0,0
2026-09-12 17:40:00,109.2,18,69,34.9,0,0,0
2026-09-12 17:45:00,110.4,11,64,35.3,0,0,0
2026-09-12 17:50:00,111.9,5,67,35.4,0,26,60
2026-09-12 17:55:00,116.2,4,70,35.4,0,0,0
2026-09-12 18:00:00,116.8,12,70,36.8,0,0,0
2026-09-12 18:05:00,116.0,396,93,37.3,0,0,0
2026-09-12 18:10:00,113.7,395,94,35.6,0,0,0
2026-09-12 18:15:00,111.5,9,66,37.9,0,0,0
2026-09-12 18:20:00,109.4,17,64,33.9,0,0,0
2026-09-12 18:25:00,115.4,16,65,33.2,0,0,0
2026-09-12 18:30:00,114.0,9,63,37.2,0,0,0
2026-09-12 18:35:00,116.3,8,68,35.4,0,0,0
2026-09-12 18:40:00,112.6,8,68,34.9,0,0,0
2026-09-12 18:45:00,118.1,10,68,33.9,0,0,0
2026-09-12 18:50:00,118.7,8,67,32.5,0,0,0
2026-09-12 18:55:00,117.6,7,63,31.7,0,0,0
2026-09-12 19:00:00,116.0,3,67,36.4,0,0,0
2026-09-12 19:05:00,116.0,7,66,32.5,0,0,0
2026-09-12 19:10:00,113.7,9,69,33.1,0,0,0
2026-09-12 19:15:00,110.9,8,67,37.0,0,0,0
2026-09-12 19:20:00,111.1,5,65,36.5,0,0,0
2026-09-12 19:25:00,110.0,1,65,33.7,0,0,0
2026-09-12 19:30:00,113.4,6,65,34.0,0,0,0
2026-09-12 19:35:00,113.9,12,68,32.1,0,0,0
2026-09-12 19:40:00,116.6,12,66,35.7,0,0,0
2026-09-12 19:45:00,115.0,8,70,32.6,0,0,0
2026-09-12 19:50:00,114.7,5,67,34.4,0,0,0
2026-09-12 19:55:00,117.6,8,64,35.4,0,0,0
2026-09-12 20:00:00,115.0,5,67,35.5,0,0,0
2026-09-12 20:05:00,113.5,2,70,35.5,0,0,0
2026-09-12 20:10:00,114.1,6,65,36.3,0,0,0
2026-09-12 20:15:00,114.8,17,67,36.5,0,0,0
2026-09-12 20:20:00,116.3,10,70,33.2,0,0,0
2026-09-12 20:25:00,116.1,3,65,35.9,0,0,0
2026-09-12 20:30:00,115.4,11,66,31.7,0,0,0
2026-09-12 20:35:00,113.8,12,69,39.6,0,0,0
2026-09-12 20:40:00,113.6,8,65,35.7,0,0,0
2026-09-12 20:45:00,113.3,6,68,37.2,0,0,0
2026-09-12 20:50:00,112.6,1,65,33.9,0,0,0
2026-09-12 20:55:00,113.6,7,65,33.9,0,0,0
2026-09-12 21:00:00,110.4,21,73,31.8,0,76,75
2026-09-12 21:05:00,122.2,9,70,37.6,0,0,0
2026-09-12 21:10:00,130.6,6,70,36.3,0,0,0
2026-09-12 21:15:00,134.8,6,70,32.5,0,0,0
2026-09-12 21:20:00,137.8,4,70,31.5,0,0,0
2026-09-12 21:25:00,140.9,15,69,33.7,0,0,0
2026-09-12 21:30:00,144.4,12,67,36.1,0,0,0
2026-09-12 21:35:00,147.6,13,66,36.0,0,0,0
2026-09-12 21:40:00,148.3,8,68,36.7,0,0,0
2026-09-12 21:45:00,149.6,9,66,34.9,0,0,0
2026-09-12 21:50:00,153.5,10,65,31.7,0,0,0
2026-09-12 21:55:00,151.7,9,64,37.9,0,0,0
2026-09-12 22:00:00,152.9,12,67,31.7,0,0,0
2026-09-12 22:05:00,154.8,2,67,37.1,0,0,0
2026-09-12 22:10:00,153.6,9,67,38.7,0,0,0
2026-09-12 22:15:00,150.7,14,67,35.4,0,0,0
2026-09-12 22:20:00,150.3,14,64,34.5,0,0,0
2026-09-12 22:25:00,149.4,14,68,35.6,0,0,0
2026-09-12 22:30:00,144.8,6,66,34.4,0,0,0
2026-09-12 22:35:00,141.8,2,66,37.0,0,0,0
2026-09-12 22:40:00,143.6,16,67,35.8,0,0,0
2026-09-12 22:45:00,142.0,3,68,35.3,0,0,0
2026-09-12 22:50:00,136.8,11,70,36.5,0,0,0
2026-09-12 22:55:00,135.6,6,68,36.4,0,0,0
2026-09-12 23:00:00,132.9,12,65,34.2,0,0,0
2026-09-12 23:05:00,130.8,9,66,31.4,0,0,0
2026-09-12 23:10:00,131.1,11,66,30.7,0,0,0
2026-09-12 23:15:00,128.8,5,67,41.6,0,0,0
2026-09-12 23:20:00,128.6,16,68,38.3,0,0,0
2026-09-12 23:25:00,128.9,5,65,35.5,0,0,0
2026-09-12 23:30:00,127.2,7,66,36.6,0,0,0
2026-09-12 23:35:00,124.9,6,69,38.6,0,0,0
2026-09-12 23:40:00,123.4,11,69,38.7,0,0,0
2026-09-12 23:45:00,122.2,9,66,35.3,0,0,0
2026-09-12 23:50:00,119.1,2,70,34.0,0,0,0
2026-09-12 23:55:00,117.7,15,69,35.1,0,0,0
2026-09-13 00:00:00,116.1,9,70,35.8,0,0,0
2026-09-13 00:05:00,116.4,11,67,38.0,0,0,0
2026-09-13 00:10:00,112.8,6,68,37.5,0,0,0
2026-09-13 00:15:00,112.1,8,65,34.2,0,0,0
2026-09-13 00:20:00,111.0,5,69,33.0,0,0,0
2026-09-13 00:25:00,107.8,7,67,38.4,0,0,0
2026-09-13 00:30:00,106.1,14,68,35.5,0,0,0
2026-09-13 00:35:00,105.2,14,71,34.0,0,0,0
2026-09-13 00:40:00,108.7,4,67,33.5,0,0,0
2026-09-13 00:45:00,105.7,8,68,36.7,0,0,0
2026-09-13 00:50:00,107.7,5,65,34.1,0,0,0
2026-09-13 00:55:00,111.5,5,66,34.1,0,0,0
2026-09-13 01:00:00,108.3,6,70,32.9,0,0,0
2026-09-13 01:05:00,109.0,4,64,38.5,0,0,0
2026-09-13 01:10:00,109.0,8,69,36.0,0,0,0
2026-09-13 01:15:00,109.8,3,66,38.4,0,0,0
2026-09-13 01:20:00,107.9,0,60,58.1,1,0,0
2026-09-13 01:25:00,110.8,0,59,57.9,1,0,0
2026-09-13 01:30:00,109.1,0,60,56.3,1,0,0
2026-09-13 01:35:00,104.6,0,57,59.7,1,0,0
2026-09-13 01:40:00,104.8,0,59,56.2,1,0,0
2026-09-13 01:45:00,103.4,0,60,62.5,1,0,0
2026-09-13 01:50:00,105.6,1,56,57.9,1,0,0
2026-09-13 01:55:00,104.5,0,60,56.7,1,0,0
2026-09-13 02:00:00,107.7,0,58,56.4,1,0,0
2026-09-13 02:05:00,105.5,0,58,56.0,1,0,0
2026-09-13 02:10:00,105.8,0,58,57.3,1,0,0
2026-09-13 02:15:00,108.3,0,51,58.1,1,0,0
2026-09-13 02:20:00,110.4,0,56,55.4,1,0,0
2026-09-13 02:25:00,112.0,0,57,61.2,1,0,0
2026-09-13 02:30:00,110.3,0,60,59.7,1,0,0
2026-09-13 02:35:00,110.0,0,59,61.5,1,0,0
2026-09-13 02:40:00,108.2,0,62,53.9,1,0,0
2026-09-13 02:45:00,106.3,0,54,58.9,1,0,0
2026-09-13 02:50:00,107.3,0,59,57.9,1,0,0
2026-09-13 02:55:00,107.3,0,59,59.3,1,0,0
2026-09-13 03:00:00,103.3,0,56,57.8,1,0,0
2026-09-13 03:05:00,106.3,0,55,58.0,1,0,0
2026-09-13 03:10:00,108.3,1,61,59.0,1,0,0
2026-09-13 03:15:00,110.5,0,57,58.8,1,0,0
2026-09-13 03:20:00,110.0,1,60,57.5,1,0,0
2026-09-13 03:25:00,107.4,0,57,56.7,1,0,0
2026-09-13 03:30:00,109.0,0,54,56.6,1,0,0
2026-09-13 03:35:00,110.3,1,57,55.2,1,0,0
2026-09-13 03:40:00,113.1,0,56,57.9,1,0,0
2026-09-13 03:45:00,112.4,1,57,53.9,1,0,0
2026-09-13 03:50:00,112.4,0,62,57.5,1,0,0
2026-09-13 03:55:00,112.8,0,55,58.4,1,0,0
2026-09-13 04:00:00,118.1,2,60,60.0,1,0,0
2026-09-13 04:05:00,119.9,0,60,56.9,1,0,0
2026-09-13 04:10:00,120.9,0,58,55.8,1,0,0
2026-09-13 04:15:00,123.4,1,53,55.5,1,0,0
2026-09-13 04:20:00,124.8,0,56,60.2,1,0,0
2026-09-13 04:25:00,128.1,0,61,59.8,1,0,0
2026-09-13 04:30:00,128.6,0,51,55.3,1,0,0
2026-09-13 04:35:00,124.2,1,60,58.0,1,0,0
2026-09-13 04:40:00,123.3,0,61,58.4,1,0,0
2026-09-13 04:45:00,124.8,0,60,57.4,1,0,0
2026-09-13 04:50:00,125.8,0,59,58.1,1,0,0
2026-09-13 04:55:00,123.3,0,60,56.7,1,0,0
2026-09-13 05:00:00,123.8,2,60,56.4,1,0,0
2026-09-13 05:05:00,128.1,0,59,60.1,1,0,0
2026-09-13 05:10:00,125.5,0,56,54.6,1,0,0
2026-09-13 05:15:00,125.5,0,56,56.8,1,0,0
2026-09-13 05:20:00,123.8,0,57,57.3,1,0,0
2026-09-13 05:25:00,126.2,1,58,58.3,1,0,0
2026-09-13 05:30:00,125.7,0,56,55.1,1,0,0
2026-09-13 05:35:00,124.9,1,57,57.9,1,0,0
2026-09-13 05:40:00,124.2,0,60,58.9,1,0,0
2026-09-13 05:45:00,123.2,0,59,55.7,1,0,0
2026-09-13 05:50:00,120.7,1,56,56.5,1,0,0
2026-09-13 05:55:00,121.6,0,60,56.0,1,0,0
2026-09-13 06:00:00,120.7,1,55,56.5,1,0,0
2026-09-13 06:05:00,118.2,0,57,56.4,1,0,0
2026-09-13 06:10:00,118.8,2,59,57.8,1,0,0
2026-09-13 06:15:00,120.4,1,59,56.7,1,0,0
2026-09-13 06:20:00,117.8,1,59,56.7,1,0,0
2026-09-13 06:25:00,118.3,0,60,56.7,1,0,0
2026-09-13 06:30:00,119.0,0,56,60.8,1,0,0
2026-09-13 06:35:00,119.6,1,55,56.6,1,0,0
2026-09-13 06:40:00,117.6,0,59,59.6,1,0,0
2026-09-13 06:45:00,117.1,0,59,58.0,1,0,0
2026-09-13 06:50:00,119.5,0,57,57.3,1,0,0
2026-09-13 06:55:00,118.0,0,55,56.6,1,0,0
2026-09-13 07:00:00,113.0,1,56,55.1,1,0,0
2026-09-13 07:05:00,113.8,3,64,35.3,0,0,0
2026-09-13 07:10:00,111.3,0,70,32.7,0,0,0
2026-09-13 07:15:00,111.2,6,67,37.6,0,0,0
2026-09-13 07:20:00,113.9,10,66,34.2,0,0,0
2026-09-13 07:25:00,113.7,3,64,36.7,0,0,0
2026-09-13 07:30:00,114.0,11,65,34.3,0,0,0
2026-09-13 07:35:00,115.7,17,71,38.2,0,0,0
2026-09-13 07:40:00,117.6,7,68,36.3,0,0,0
2026-09-13 07:45:00,120.9,15,67,35.4,0,0,0
2026-09-13 07:50:00,119.2,4,62,36.5,0,0,0
2026-09-13 07:55:00,119.3,11,68,34.0,0,0,0
2026-09-13 08:00:00,118.8,5,65,37.2,0,0,0
2026-09-13 08:05:00,123.3,9,68,34.3,0,0,0
2026-09-13 08:10:00,126.4,7,64,37.3,0,0,0
2026-09-13 08:15:00,121.8,9,67,32.7,0,0,0
2026-09-13 08:20:00,122.8,11,70,36.6,0,0,0
2026-09-13 08:25:00,120.0,3,67,34.0,0,0,0
2026-09-13 08:30:00,120.1,3,67,35.7,0,0,0
2026-09-13 08:35:00,119.4,3,71,37.2,0,55,65
2026-09-13 08:40:00,122.1,7,70,35.6,0,0,0
2026-09-13 08:45:00,123.9,10,71,32.8,0,0,0
2026-09-13 08:50:00,125.6,448,99,35.7,0,0,0
2026-09-13 08:55:00,127.4,446,98,35.7,0,0,0
2026-09-13 09:00:00,130.1,5,71,38.7,0,0,0
2026-09-13 09:05:00,129.4,15,66,33.8,0,0,0
2026-09-13 09:10:00,129.8,9,68,38.1,0,0,0
2026-09-13 09:15:00,129.6,6,68,35.0,0,0,0
2026-09-13 09:20:00,128.9,11,64,32.5,0,0,0
2026-09-13 09:25:00,128.3,6,67,29.3,0,0,0
2026-09-13 09:30:00,125.1,15,66,33.9,0,0,0
2026-09-13 09:35:00,129.3,10,67,33.1,0,0,0
2026-09-13 09:40:00,131.1,12,67,34.8,0,0,0
2026-09-13 09:45:00,134.3,3,70,35.2,0,0,0
2026-09-13 09:50:00,135.9,2,64,35.7,0,0,0
2026-09-13 09:55:00,134.9,7,69,33.0,0,0,0
2026-09-13 10:00:00,132.0,7,68,38.1,0,0,0
2026-09-13 10:05:00,131.3,11,66,33.9,0,0,0
2026-09-13 10:10:00,131.1,4,63,34.4,0,0,0
2026-09-13 10:15:00,131.2,7,70,34.9,0,0,0
2026-09-13 10:20:00,129.9,5,68,32.6,0,0,0
2026-09-13 10:25:00,131.0,10,66,34.1,0,0,0
2026-09-13 10:30:00,130.5,4,68,32.9,0,0,0
2026-09-13 10:35:00,125.9,18,70,34.3,0,0,0
2026-09-13 10:40:00,123.1,23,70,36.7,0,0,0
2026-09-13 10:45:00,123.3,7,68,38.0,0,0,0
2026-09-13 10:50:00,120.5,7,67,36.0,0,0,0
2026-09-13 10:55:00,118.7,10,66,38.8,0,0,0
2026-09-13 11:00:00,118.0,11,64,32.9,0,0,0
2026-09-13 11:05:00,117.3,10,69,36.8,0,0,0
2026-09-13 11:10:00,117.3,13,64,31.4,0,0,0
2026-09-13 11:15:00,115.7,10,68,32.2,0,0,0
2026-09-13 11:20:00,113.9,10,69,33.9,0,0,0
2026-09-13 11:25:00,115.7,5,73,38.9,0,0,0
2026-09-13 11:30:00,113.4,13,69,31.8,0,0,0
2026-09-13 11:35:00,116.7,7,65,37.0,0,0,0
2026-09-13 11:40:00,118.4,5,65,32.0,0,0,0
2026-09-13 11:45:00,119.0,3,67,37.0,0,0,0
2026-09-13 11:50:00,119.6,8,67,36.6,0,0,0
2026-09-13 11:55:00,118.8,17,65,36.7,0,0,0
2026-09-13 12:00:00,120.7,4,69,36.0,0,0,0
2026-09-13 12:05:00,121.7,17,68,32.7,0,0,0
2026-09-13 12:10:00,121.4,3,68,36.1,0,0,0
2026-09-13 12:15:00,120.8,9,66,33.8,0,0,0
2026-09-13 12:20:00,121.4,10,66,37.7,0,0,0
2026-09-13 12:25:00,121.1,4,61,37.2,0,0,0
2026-09-13 12:30:00,121.0,2,67,40.2,0,0,0
2026-09-13 12:35:00,120.1,7,69,35.2,0,0,0
2026-09-13 12:40:00,117.0,7,67,32.1,0,0,0
2026-09-13 12:45:00,116.0,16,66,34.8,0,0,0
2026-09-13 12:50:00,116.5,11,68,37.5,0,0,0
2026-09-13 12:55:00,113.5,2,63,36.4,0,0,0
2026-09-13 13:00:00,113.8,10,66,34.8,0,0,0
2026-09-13 13:05:00,114.2,18,65,33.2,0,0,0
2026-09-13 13:10:00,114.8,7,64,36.0,0,0,0
2026-09-13 13:15:00,110.9,2,64,32.4,0,0,0
2026-09-13 13:20:00,110.4,9,66,35.3,0,0,0
2026-09-13 13:25:00,110.5,10,69,36.1,0,0,0
2026-09-13 13:30:00,109.6,4,68,34.8,0,88,75
2026-09-13 13:35:00,123.4,9,69,34.9,0,0,0
2026-09-13 13:40:00,132.6,8,69,33.4,0,0,0
2026-09-13 13:45:00,138.0,4,69,34.2,0,0,0
2026-09-13 13:50:00,139.4,5,69,36.0,0,0,0
2026-09-13 13:55:00,148.2,9,70,36.0,0,0,0
2026-09-13 14:00:00,149.8,4,67,38.5,0,0,0
2026-09-13 14:05:00,151.5,10,67,40.2,0,0,0
2026-09-13 14:10:00,154.1,40,68,38.3,0,0,0
2026-09-13 14:15:00,154.1,31,67,40.4,0,0,0
2026-09-13 14:20:00,152.8,10,64,34.4,0,0,0
2026-09-13 14:25:00,153.1,11,66,36.0,0,0,0
2026-09-13 14:30:00,151.9,5,67,33.2,0,0,0
2026-09-13 14:35:00,152.0,5,68,35.9,0,0,0
2026-09-13 14:40:00,148.0,7,66,33.0,0,0,0
2026-09-13 14:45:00,149.2,9,63,36.3,0,0,0
2026-09-13 14:50:00,147.6,6,68,39.3,0,0,0
2026-09-13 14:55:00,143.8,8,66,36.9,0,0,0
2026-09-13 15:00:00,140.8,18,66,35.8,0,0,0
2026-09-13 15:05:00,143.2,13,65,39.2,0,0,0
2026-09-13 15:10:00,142.0,8,66,37.9,0,0,0
2026-09-13 15:15:00,139.4,4,65,36.6,0,0,0
2026-09-13 15:20:00,132.4,14,73,35.1,0,0,0
2026-09-13 15:25:00,131.5,12,66,31.6,0,0,0
2026-09-13 15:30:00,132.5,5,69,32.6,0,0,0
2026-09-13 15:35:00,129.5,12,66,36.0,0,0,0
2026-09-13 15:40:00,123.3,4,68,34.7,0,0,0
2026-09-13 15:45:00,123.5,9,67,36.6,0,0,0
2026-09-13 15:50:00,124.0,6,61,36.2,0,0,0
2026-09-13 15:55:00,125.1,11,66,36.1,0,0,0
2026-09-13 16:00:00,125.3,491,95,32.7,0,0,0
2026-09-13 16:05:00,126.3,496,96,36.6,0,0,0
2026-09-13 16:10:00,126.9,500,97,36.2,0,0,0
2026-09-13 16:15:00,125.9,492,97,34.7,0,0,0
2026-09-13 16:20:00,125.6,9,67,33.5,0,0,0
2026-09-13 16:25:00,128.3,10,64,32.2,0,0,0
2026-09-13 16:30:00,131.0,8,65,38.3,0,0,0
2026-09-13 16:35:00,124.4,7,68,33.0,0,0,0
2026-09-13 16:40:00,123.9,19,69,35.5,0,0,0
2026-09-13 16:45:00,122.8,9,66,33.2,0,0,0
2026-09-13 16:50:00,122.2,5,70,35.4,0,0,0
2026-09-13 16:55:00,120.5,6,66,34.7,0,0,0
2026-09-13 17:00:00,121.4,2,68,34.7,0,0,0
2026-09-13 17:05:00,122.4,9,66,34.5,0,0,0
2026-09-13 17:10:00,120.3,4,66,32.8,0,0,0
2026-09-13 17:15:00,123.1,12,60,35.1,0,0,0
2026-09-13 17:20:00,123.5,9,63,36.0,0,0,0
2026-09-13 17:25:00,121.7,12,67,35.1,0,47,80
2026-09-13 17:30:00,123.9,5,67,34.7,0,0,0
2026-09-13 17:35:00,124.0,12,69,33.8,0,0,0
2026-09-13 17:40:00,128.2,5,70,34.1,0,0,0
2026-09-13 17:45:00,132.3,4,71,34.5,0,0,0
2026-09-13 17:50:00,132.9,4,68,36.6,0,0,0
2026-09-13 17:55:00,134.0,11,69,33.9,0,0,0
2026-09-13 18:00:00,136.4,18,67,34.0,0,0,0
2026-09-13 18:05:00,135.6,10,66,38.5,0,0,0
2026-09-13 18:10:00,134.1,4,67,36.9,0,0,0
2026-09-13 18:15:00,134.6,4,66,36.8,0,0,0
2026-09-13 18:20:00,131.8,8,65,34.0,0,0,0
2026-09-13 18:25:00,133.9,3,62,34.5,0,0,0
2026-09-13 18:30:00,135.7,11,67,33.5,0,0,0
2026-09-13 18:35:00,130.8,14,66,34.6,0,0,0
2026-09-13 18:40:00,132.5,8,61,36.2,0,0,0
2026-09-13 18:45:00,131.4,8,68,34.9,0,0,0
2026-09-13 18:50:00,131.4,9,66,37.1,0,0,0
2026-09-13 18:55:00,132.1,6,68,35.4,0,0,0
2026-09-13 19:00:00,129.0,15,67,37.9,0,0,0
2026-09-13 19:05:00,128.0,2,67,36.1,0,0,0
2026-09-13 19:10:00,126.0,18,66,38.8,0,0,0
2026-09-13 19:15:00,129.1,7,68,30.9,0,0,0
2026-09-13 19:20:00,127.2,14,68,37.1,0,0,0
2026-09-13 19:25:00,124.0,5,64,37.2,0,0,0
2026-09-13 19:30:00,126.9,2,67,33.9,0,0,0
2026-09-13 19:35:00,125.6,12,65,36.5,0,0,0
2026-09-13 19:40:00,124.2,8,67,33.5,0,0,0
2026-09-13 19:45:00,123.8,13,67,35.6,0,0,0
2026-09-13 19:50:00,119.9,6,68,33.9,0,0,0
2026-09-13 19:55:00,119.7,17,68,33.0,0,0,0
2026-09-13 20:00:00,124.2,14,68,34.3,0,0,0
2026-09-13 20:05:00,121.9,7,66,37.4,0,0,0
2026-09-13 20:10:00,118.1,8,65,33.0,0,0,0
2026-09-13 20:15:00,116.0,7,64,35.9,0,0,0
2026-09-13 20:20:00,115.0,6,66,33.5,0,0,0
2026-09-13 20:25:00,117.7,14,68,32.8,0,0,0
2026-09-13 20:30:00,118.7,6,64,36.2,0,0,0
2026-09-13 20:35:00,114.1,8,62,34.3,0,0,0
2026-09-13 20:40:00,113.3,11,68,33.6,0,0,0
2026-09-13 20:45:00,112.5,9,65,36.9,0,0,0
2026-09-13 20:50:00,112.2,15,67,34.7,0,0,0
2026-09-13 20:55:00,115.2,0,67,33.8,0,0,0
2026-09-13 21:00:00,115.8,11,66,37.2,0,0,0
2026-09-13 21:05:00,112.7,4,65,34.8,0,0,0
2026-09-13 21:10:00,115.4,7,69,34.2,0,83,75
2026-09-13 21:15:00,122.3,3,66,34.1,0,0,0
2026-09-13 21:20:00,129.5,2,72,36.9,0,0,0
2026-09-13 21:25:00,133.4,481,97,37.6,0,0,0
2026-09-13 21:30:00,138.0,483,96,33.4,0,0,0
2026-09-13 21:35:00,141.8,15,69,33.6,0,0,0
2026-09-13 21:40:00,143.2,4,65,31.1,0,0,0
2026-09-13 21:45:00,142.9,5,63,33.6,0,0,0
2026-09-13 21:50:00,139.3,5,67,37.4,0,0,0
2026-09-13 21:55:00,138.3,9,66,32.5,0,0,0
2026-09-13 22:00:00,138.2,5,65,35.4,0,0,0
2026-09-13 22:05:00,138.1,6,65,38.2,0,0,0
2026-09-13 22:10:00,141.2,15,63,38.7,0,0,0
2026-09-13 22:15:00,141.3,5,67,37.1,0,0,0
2026-09-13 22:20:00,139.4,9,65,36.2,0,0,0
2026-09-13 22:25:00,135.9,8,70,31.2,0,0,0
2026-09-13 22:30:00,134.5,12,70,33.8,0,0,0
2026-09-13 22:35:00,135.2,5,66,33.5,0,0,0
2026-09-13 22:40:00,135.0,9,68,34.9,0,0,0
2026-09-13 22:45:00,135.2,6,67,36.0,0,0,0
2026-09-13 22:50:00,134.1,9,65,37.3,0,0,0
2026-09-13 22:55:00,131.9,4,66,36.5,0,0,0
2026-09-13 23:00:00,128.5,10,66,31.4,0,0,0
2026-09-13 23:05:00,128.1,21,68,34.7,0,0,0
2026-09-13 23:10:00,126.8,14,68,39.3,0,0,0
2026-09-13 23:15:00,127.8,0,69,34.4,0,0,0
2026-09-13 23:20:00,127.7,2,67,37.7,0,0,0
2026-09-13 23:25:00,125.7,5,65,34.6,0,0,0
2026-09-13 23:30:00,122.1,12,67,33.6,0,0,0
2026-09-13 23:35:00,117.8,8,66,37.0,0,0,0
2026-09-13 23:40:00,115.8,7,65,33.3,0,0,0
2026-09-13 23:45:00,114.3,6,69,36.3,0,0,0
2026-09-13 23:50:00,113.8,7,70,35.1,0,0,0
2026-09-13 23:55:00,115.1,0,62,55.9,1,0,0
2026-09-14 00:00:00,119.6,0,58,56.8,1,0,0
2026-09-14 00:05:00,122.1,0,59,51.1,1,0,0
2026-09-14 00:10:00,126.4,0,61,53.3,1,0,0
2026-09-14 00:15:00,127.2,0,61,55.6,1,0,0
2026-09-14 00:20:00,127.0,1,58,54.8,1,0,0
2026-09-14 00:25:00,125.4,0,57,55.7,1,0,0
2026-09-14 00:30:00,123.7,0,56,57.2,1,0,0
2026-09-14 00:35:00,122.0,0,59,54.9,1,0,0
2026-09-14 00:40:00,119.8,0,61,53.7,1,0,0
2026-09-14 00:45:00,115.0,1,53,54.5,1,0,0
2026-09-14 00:50:00,112.8,1,57,55.6,1,0,0
2026-09-14 00:55:00,110.9,1,58,53.7,1,0,0
2026-09-14 01:00:00,113.3,1,60,54.8,1,0,0
2026-09-14 01:05:00,112.3,0,57,52.6,1,0,0
2026-09-14 01:10:00,111.7,1,58,59.1,1,0,0
2026-09-14 01:15:00,111.3,0,59,55.7,1,0,0
2026-09-14 01:20:00,113.9,0,55,55.3,1,0,0
2026-09-14 01:25:00,113.7,0,59,53.0,1,0,0
2026-09-14 01:30:00,114.9,0,56,55.9,1,0,0
2026-09-14 01:35:00,113.1,0,58,51.2,1,0,0
2026-09-14 01:40:00,113.5,1,61,53.5,1,0,0
2026-09-14 01:45:00,113.8,2,56,55.2,1,0,0
2026-09-14 01:50:00,114.6,0,54,54.9,1,0,0
2026-09-14 01:55:00,109.9,0,59,55.7,1,0,0
2026-09-14 02:00:00,111.2,2,53,53.7,1,0,0
2026-09-14 02:05:00,113.2,0,61,53.8,1,0,0
2026-09-14 02:10:00,115.3,0,56,54.8,1,0,0
2026-09-14 02:15:00,114.4,0,57,58.3,1,0,0
2026-09-14 02:20:00,111.9,0,58,55.9,1,0,0
2026-09-14 02:25:00,112.3,0,58,51.2,1,0,0
2026-09-14 02:30:00,112.9,0,59,54.1,1,0,0
2026-09-14 02:35:00,113.7,2,54,51.9,1,0,0
2026-09-14 02:40:00,114.5,1,61,54.4,1,0,0
2026-09-14 02:45:00,116.8,2,60,53.3,1,0,0
2026-09-14 02:50:00,116.4,0,57,58.3,1,0,0
2026-09-14 02:55:00,118.2,0,59,54.4,1,0,0
2026-09-14 03:00:00,123.6,1,62,52.7,1,0,0
2026-09-14 03:05:00,122.4,1,58,55.1,1,0,0
2026-09-14 03:10:00,123.3,0,58,51.0,1,0,0
2026-09-14 03:15:00,122.0,0,55,58.8,1,0,0
2026-09-14 03:20:00,121.6,0,61,59.3,1,0,0
2026-09-14 03:25:00,122.7,0,57,55.1,1,0,0
2026-09-14 03:30:00,122.8,1,60,55.7,1,0,0
2026-09-14 03:35:00,123.4,1,55,53.6,1,0,0
2026-09-14 03:40:00,119.7,1,57,54.9,1,0,0
2026-09-14 03:45:00,120.3,1,58,52.3,1,0,0
2026-09-14 03:50:00,116.7,0,59,55.3,1,0,0
2026-09-14 03:55:00,120.1,0,59,51.5,1,0,0
2026-09-14 04:00:00,121.5,1,58,52.9,1,0,0
2026-09-14 04:05:00,122.1,1,59,55.4,1,0,0
2026-09-14 04:10:00,124.2,1,58,56.3,1,0,0
2026-09-14 04:15:00,121.8,0,58,51.5,1,0,0
2026-09-14 04:20:00,120.0,0,59,55.1,1,0,0
2026-09-14 04:25:00,120.4,0,59,51.8,1,0,0
2026-09-14 04:30:00,124.9,0,54,58.0,1,0,0
2026-09-14 04:35:00,123.8,0,60,54.1,1,0,0
2026-09-14 04:40:00,120.7,0,58,56.1,1,0,0
2026-09-14 04:45:00,117.8,0,59,58.3,1,0,0
2026-09-14 04:50:00,120.8,0,56,56.0,1,0,0
2026-09-14 04:55:00,122.2,1,59,53.8,1,0,0
2026-09-14 05:00:00,123.0,0,58,55.9,1,0,0
2026-09-14 05:05:00,122.8,1,59,53.2,1,0,0
2026-09-14 05:10:00,124.1,0,55,53.8,1,0,0
2026-09-14 05:15:00,125.8,0,60,54.0,1,0,0
2026-09-14 05:20:00,125.5,0,57,55.2,1,0,0
2026-09-14 05:25:00,129.4,0,59,57.4,1,0,0
2026-09-14 05:30:00,129.5,1,57,51.7,1,0,0
2026-09-14 05:35:00,128.7,0,56,52.7,1,0,0
2026-09-14 05:40:00,127.1,1,55,52.6,1,0,0
2026-09-14 05:45:00,125.9,0,61,55.0,1,0,0
2026-09-14 05:50:00,127.9,0,57,55.4,1,0,0
2026-09-14 05:55:00,130.0,0,57,51.4,1,0,0
2026-09-14 06:00:00,126.8,0,56,57.2,1,0,0
2026-09-14 06:05:00,127.8,0,60,55.7,1,0,0
2026-09-14 06:10:00,128.1,0,56,56.3,1,0,0
2026-09-14 06:15:00,130.0,0,54,56.9,1,0,0
2026-09-14 06:20:00,131.4,1,59,55.8,1,0,0
2026-09-14 06:25:00,129.9,1,58,57.8,1,0,0
2026-09-14 06:30:00,132.5,1,69,31.5,0,0,0
2026-09-14 06:35:00,129.6,8,68,31.3,0,0,0
2026-09-14 06:40:00,129.8,8,67,33.5,0,0,0
2026-09-14 06:45:00,133.5,7,64,30.4,0,0,0
2026-09-14 06:50:00,134.4,17,65,31.5,0,0,0
2026-09-14 06:55:00,135.8,10,70,34.5,0,0,0
2026-09-14 07:00:00,133.9,13,67,33.6,0,0,0
2026-09-14 07:05:00,131.3,9,67,33.8,0,0,0
2026-09-14 07:10:00,131.8,5,64,34.7,0,0,0
2026-09-14 07:15:00,128.3,14,65,30.8,0,0,0
2026-09-14 07:20:00,126.4,7,66,35.7,0,0,0
2026-09-14 07:25:00,129.6,10,65,32.1,0,0,0
2026-09-14 07:30:00,124.6,4,64,34.9,0,0,0
2026-09-14 07:35:00,123.7,9,65,32.6,0,0,0
2026-09-14 07:40:00,124.3,7,64,33.6,0,0,0
2026-09-14 07:45:00,120.6,13,69,35.3,0,0,0
2026-09-14 07:50:00,122.7,6,64,33.9,0,0,0
2026-09-14 07:55:00,121.8,4,69,33.3,0,0,0
2026-09-14 08:00:00,120.6,2,65,29.1,0,0,0
2026-09-14 08:05:00,124.8,7,67,36.6,0,69,78
2026-09-14 08:10:00,130.4,13,68,34.7,0,0,0
2026-09-14 08:15:00,136.9,21,65,35.1,0,0,0
2026-09-14 08:20:00,142.0,544,100,34.5,0,0,0
2026-09-14 08:25:00,143.2,560,102,35.4,0,0,0
2026-09-14 08:30:00,145.1,10,65,37.0,0,0,0
2026-09-14 08:35:00,141.9,7,66,33.0,0,0,0
2026-09-14 08:40:00,144.2,18,68,30.0,0,0,0
2026-09-14 08:45:00,145.3,18,69,32.9,0,0,0
2026-09-14 08:50:00,145.2,9,66,35.5,0,0,0
2026-09-14 08:55:00,148.6,15,65,37.0,0,0,0
2026-09-14 09:00:00,147.6,3,66,32.8,0,0,0
2026-09-14 09:05:00,150.1,18,70,35.7,0,0,0
2026-09-14 09:10:00,148.6,9,67,32.9,0,0,0
2026-09-14 09:15:00,148.2,12,70,32.8,0,0,0
2026-09-14 09:20:00,146.6,10,66,33.8,0,0,0
2026-09-14 09:25:00,144.5,5,65,36.0,0,0,0
2026-09-14 09:30:00,144.8,1,68,36.2,0,0,0
2026-09-14 09:35:00,141.7,14,67,35.0,0,0,0
2026-09-14 09:40:00,138.9,16,69,38.1,0,0,0
2026-09-14 09:45:00,136.2,7,66,33.1,0,0,0
2026-09-14 09:50:00,135.7,5,63,33.7,0,0,0
2026-09-14 09:55:00,134.7,5,66,32.6,0,0,0
2026-09-14 10:00:00,132.3,10,71,29.9,0,0,0
2026-09-14 10:05:00,132.2,3,67,29.9,0,0,0
2026-09-14 10:10:00,131.5,5,65,35.3,0,0,0
2026-09-14 10:15:00,132.0,6,65,33.2,0,0,0
2026-09-14 10:20:00,129.2,7,67,33.8,0,0,0
2026-09-14 10:25:00,128.2,9,64,33.1,0,0,0
2026-09-14 10:30:00,125.0,6,69,32.1,0,0,0
2026-09-14 10:35:00,120.2,16,70,29.8,0,0,0
2026-09-14 10:40:00,119.2,7,65,33.7,0,0,0
2026-09-14 10:45:00,117.1,5,68,33.0,0,0,0
2026-09-14 10:50:00,118.4,22,66,34.7,0,0,0
2026-09-14 10:55:00,116.9,11,65,34.8,0,0,0
2026-09-14 11:00:00,115.7,2,65,36.4,0,0,0
2026-09-14 11:05:00,115.7,1,69,33.4,0,0,0
2026-09-14 11:10:00,113.4,16,70,30.4,0,0,0
2026-09-14 11:15:00,114.7,4,66,31.7,0,0,0
2026-09-14 11:20:00,120.4,6,72,31.2,0,0,0
2026-09-14 11:25:00,119.8,16,62,34.7,0,0,0
2026-09-14 11:30:00,120.2,12,64,29.0,0,0,0
2026-09-14 11:35:00,122.9,15,67,33.3,0,0,0
2026-09-14 11:40:00,126.3,10,61,34.2,0,0,0
2026-09-14 11:45:00,128.5,7,69,27.3,0,0,0
2026-09-14 11:50:00,126.3,3,66,33.8,0,0,0
2026-09-14 11:55:00,122.6,10,65,31.3,0,0,0
2026-09-14 12:00:00,120.3,3,70,29.7,0,0,0
2026-09-14 12:05:00,119.2,9,66,35.1,0,0,0
2026-09-14 12:10:00,116.5,15,68,36.4,0,0,0
2026-09-14 12:15:00,114.8,14,65,33.9,0,0,0
2026-09-14 12:20:00,117.8,11,65,35.1,0,0,0
2026-09-14 12:25:00,118.1,4,68,33.4,0,0,0
2026-09-14 12:30:00,120.3,598,107,35.1,0,0,0
2026-09-14 12:35:00,118.5,605,105,37.3,0,0,0
2026-09-14 12:40:00,120.5,597,101,30.3,0,0,0
2026-09-14 12:45:00,122.7,605,98,37.4,0,0,0
2026-09-14 12:50:00,120.1,13,70,35.3,0,0,0
2026-09-14 12:55:00,124.5,7,65,31.9,0,0,0
2026-09-14 13:00:00,120.1,14,65,33.4,0,0,0
2026-09-14 13:05:00,121.5,8,67,36.2,0,0,0
2026-09-14 13:10:00,124.3,7,66,35.1,0,0,0
2026-09-14 13:15:00,122.9,5,68,29.5,0,0,0
2026-09-14 13:20:00,120.2,15,66,35.1,0,0,0
2026-09-14 13:25:00,122.8,5,68,33.7,0,0,0
2026-09-14 13:30:00,120.8,6,72,32.5,0,93,75
2026-09-14 13:35:00,129.6,9,70,31.7,0,0,0
2026-09-14 13:40:00,139.9,8,68,36.0,0,0,0
2026-09-14 13:45:00,144.5,5,67,35.4,0,0,0
2026-09-14 13:50:00,153.5,19,70,32.7,0,0,0
2026-09-14 13:55:00,163.3,18,71,34.1,0,0,0
2026-09-14 14:00:00,167.3,6,68,33.4,0,0,0
2026-09-14 14:05:00,166.2,4,63,33.1,0,0,0
2026-09-14 14:10:00,165.8,9,65,36.8,0,0,0
2026-09-14 14:15:00,165.8,9,66,31.1,0,0,0
2026-09-14 14:20:00,165.8,4,66,33.5,0,0,0
2026-09-14 14:25:00,165.3,9,65,33.5,0,0,0
2026-09-14 14:30:00,163.1,11,70,32.4,0,0,0
2026-09-14 14:35:00,161.3,9,65,33.1,0,0,0
2026-09-14 14:40:00,157.8,14,71,34.2,0,0,0
2026-09-14 14:45:00,151.7,8,66,32.5,0,0,0
2026-09-14 14:50:00,147.5,2,66,37.1,0,0,0
2026-09-14 14:55:00,148.9,6,71,32.5,0,0,0
2026-09-14 15:00:00,148.1,11,67,33.8,0,0,0
2026-09-14 15:05:00,144.7,8,67,34.3,0,0,0
2026-09-14 15:10:00,144.8,7,68,32.3,0,0,0
2026-09-14 15:15:00,141.9,6,66,33.9,0,0,0
2026-09-14 15:20:00,138.6,2,69,34.3,0,0,0
2026-09-14 15:25:00,135.5,11,67,34.2,0,0,0
2026-09-14 15:30:00,132.3,6,66,35.0,0,0,0
2026-09-14 15:35:00,134.2,14,65,32.5,0,0,0
2026-09-14 15:40:00,129.3,22,67,32.7,0,0,0
2026-09-14 15:45:00,131.9,16,65,31.5,0,0,0
2026-09-14 15:50:00,133.8,8,64,30.2,0,0,0
2026-09-14 15:55:00,127.8,8,65,33.0,0,0,0
2026-09-14 16:00:00,126.9,7,64,32.5,0,0,0
2026-09-14 16:05:00,128.0,11,65,30.6,0,0,0
2026-09-14 16:10:00,131.5,5,70,34.9,0,0,0
2026-09-14 16:15:00,127.9,6,67,30.2,0,0,0
2026-09-14 16:20:00,127.0,10,68,31.6,0,0,0
2026-09-14 16:25:00,125.3,13,67,38.3,0,0,0
2026-09-14 16:30:00,124.6,12,64,35.5,0,0,0
2026-09-14 16:35:00,124.2,4,61,35.6,0,0,0
2026-09-14 16:40:00,122.2,2,68,32.4,0,0,0
2026-09-14 16:45:00,124.1,11,73,36.2,0,27,65
2026-09-14 16:50:00,126.4,14,71,32.1,0,0,0
2026-09-14 16:55:00,124.9,7,70,34.1,0,0,0
2026-09-14 17:00:00,129.0,520,102,34.8,0,0,0
2026-09-14 17:05:00,131.7,527,102,37.1,0,0,0
2026-09-14 17:10:00,127.7,5,68,33.7,0,0,0
2026-09-14 17:15:00,127.9,15,67,32.8,0,0,0
2026-09-14 17:20:00,130.5,18,66,35.0,0,0,0
2026-09-14 17:25:00,130.9,4,67,32.1,0,0,0
2026-09-14 17:30:00,128.2,5,66,33.9,0,0,0
2026-09-14 17:35:00,126.9,8,64,32.4,0,0,0
2026-09-14 17:40:00,124.5,9,66,32.8,0,0,0
2026-09-14 17:45:00,121.5,12,68,35.5,0,0,0
2026-09-14 17:50:00,126.4,9,68,35.4,0,0,0
2026-09-14 17:55:00,126.5,8,61,31.7,0,0,0
2026-09-14 18:00:00,127.7,8,65,35.7,0,0,0
2026-09-14 18:05:00,129.6,8,63,32.2,0,0,0
2026-09-14 18:10:00,129.1,12,64,36.5,0,0,0
2026-09-14 18:15:00,126.2,13,70,32.1,0,0,0
2026-09-14 18:20:00,126.9,3,63,34.3,0,0,0
2026-09-14 18:25:00,127.5,8,68,35.0,0,0,0
2026-09-14 18:30:00,121.7,12,67,31.9,0,0,0
2026-09-14 18:35:00,119.0,6,68,31.9,0,0,0
2026-09-14 18:40:00,121.7,12,66,36.1,0,0,0
2026-09-14 18:45:00,123.8,11,65,36.4,0,0,0
2026-09-14 18:50:00,124.3,22,68,32.8,0,0,0
2026-09-14 18:55:00,126.7,22,66,34.1,0,0,0
2026-09-14 19:00:00,126.4,5,64,31.4,0,0,0
2026-09-14 19:05:00,124.1,9,65,35.5,0,0,0
2026-09-14 19:10:00,124.8,21,66,29.9,0,0,0
2026-09-14 19:15:00,128.2,13,64,34.4,0,0,0
2026-09-14 19:20:00,125.3,5,65,32.3,0,0,0
2026-09-14 19:25:00,123.9,6,68,32.8,0,0,0
2026-09-14 19:30:00,124.3,12,70,31.3,0,0,0
2026-09-14 19:35:00,124.6,5,65,31.8,0,0,0
2026-09-14 19:40:00,124.8,8,67,32.3,0,0,0
2026-09-14 19:45:00,122.9,3,66,35.1,0,0,0
2026-09-14 19:50:00,121.0,12,68,36.1,0,0,0
2026-09-14 19:55:00,117.6,19,68,35.0,0,0,0
2026-09-14 20:00:00,116.0,9,66,35.2,0,0,0
2026-09-14 20:05:00,115.5,15,68,32.1,0,0,0
2026-09-14 20:10:00,115.0,1,69,33.0,0,0,0
2026-09-14 20:15:00,116.9,7,66,35.8,0,0,0
2026-09-14 20:20:00,118.5,11,67,34.4,0,0,0
2026-09-14 20:25:00,119.8,12,72,31.8,0,0,0
2026-09-14 20:30:00,120.5,8,67,33.5,0,0,0
2026-09-14 20:35:00,122.2,12,66,34.9,0,0,0
2026-09-14 20:40:00,123.1,13,69,33.9,0,0,0
2026-09-14 20:45:00,120.3,10,65,32.2,0,0,0
2026-09-14 20:50:00,123.0,5,66,30.0,0,0,0
2026-09-14 20:55:00,122.6,4,69,33.5,0,0,0
2026-09-14 21:00:00,123.8,4,64,30.7,0,0,0
2026-09-14 21:05:00,124.7,1,65,34.0,0,0,0
2026-09-14 21:10:00,123.3,11,66,33.8,0,0,0
2026-09-14 21:15:00,121.2,11,66,34.3,0,0,0
2026-09-14 21:20:00,118.6,17,72,31.9,0,91,75
2026-09-14 21:25:00,122.5,11,69,31.6,0,0,0
2026-09-14 21:30:00,131.6,3,69,36.9,0,0,0
2026-09-14 21:35:00,137.1,383,93,34.4,0,0,0
2026-09-14 21:40:00,146.8,391,93,34.0,0,0,0
2026-09-14 21:45:00,149.2,6,71,35.4,0,0,0
2026-09-14 21:50:00,153.6,7,66,33.4,0,0,0
2026-09-14 21:55:00,151.0,1,65,31.3,0,0,0
2026-09-14 22:00:00,156.7,11,64,37.6,0,0,0
2026-09-14 22:05:00,157.6,6,65,32.5,0,0,0
2026-09-14 22:10:00,158.3,5,64,35.3,0,0,0
2026-09-14 22:15:00,160.7,3,67,34.9,0,0,0
2026-09-14 22:20:00,160.9,17,69,32.9,0,0,0
2026-09-14 22:25:00,158.7,11,67,31.9,0,0,0
2026-09-14 22:30:00,156.4,4,66,33.1,0,0,0
2026-09-14 22:35:00,154.7,4,65,35.6,0,0,0
2026-09-14 22:40:00,152.7,5,67,28.4,0,0,0
2026-09-14 22:45:00,150.0,8,65,34.0,0,0,0
2026-09-14 22:50:00,150.8,6,68,34.2,0,0,0
2026-09-14 22:55:00,147.1,6,68,35.3,0,0,0
2026-09-14 23:00:00,145.7,9,67,33.8,0,0,0
2026-09-14 23:05:00,139.7,11,64,35.9,0,0,0
2026-09-14 23:10:00,136.1,9,65,34.4,0,0,0
2026-09-14 23:15:00,134.4,8,68,36.1,0,0,0
2026-09-14 23:20:00,134.6,9,64,32.9,0,0,0
2026-09-14 23:25:00,136.4,9,66,33.5,0,0,0
2026-09-14 23:30:00,131.4,14,67,35.1,0,0,0
2026-09-14 23:35:00,128.8,6,65,35.2,0,0,0
2026-09-14 23:40:00,127.4,11,66,34.5,0,0,0
2026-09-14 23:45:00,124.7,9,70,32.7,0,0,0
2026-09-14 23:50:00,124.8,6,68,32.1,0,0,0
2026-09-14 23:55:00,123.1,11,70,30.9,0,0,0
