timestamp,glucose_mgdl,steps,heart_rate,hrv_ms,sleeping,carbs_g,meal_gi
2026-09-01 00:00:00,173.0,0,64,56.0,1,0,0
2026-09-01 00:05:00,171.5,0,66,50.6,1,0,0
2026-09-01 00:10:00,169.8,0,66,54.1,1,0,0
2026-09-01 00:15:00,171.2,1,66,54.6,1,0,0
2026-09-01 00:20:00,170.1,0,64,50.5,1,0,0
2026-09-01 00:25:00,170.7,0,70,53.6,1,0,0
2026-09-01 00:30:00,168.0,0,61,55.7,1,0,0
2026-09-01 00:35:00,165.7,0,66,56.1,1,0,0
2026-09-01 00:40:00,165.0,0,67,57.6,1,0,0
2026-09-01 00:45:00,161.3,0,65,52.6,1,0,0
2026-09-01 00:50:00,160.8,0,66,55.3,1,0,0
2026-09-01 00:55:00,160.9,0,66,49.0,1,0,0
2026-09-01 01:00:00,162.8,0,68,51.6,1,0,0
2026-09-01 01:05:00,158.7,1,65,55.1,1,0,0
2026-09-01 01:10:00,158.5,0,64,54.4,1,0,0
2026-09-01 01:15:00,158.3,0,68,54.0,1,0,0
2026-09-01 01:20:00,161.5,0,65,49.2,1,0,0
2026-09-01 01:25:00,162.0,0,67,53.8,1,0,0
2026-09-01 01:30:00,162.7,1,65,52.7,1,0,0
2026-09-01 01:35:00,162.4,0,66,49.9,1,0,0
2026-09-01 01:40:00,167.4,0,64,54.1,1,0,0
2026-09-01 01:45:00,164.5,1,66,54.4,1,0,0
2026-09-01 01:50:00,163.5,0,64,53.3,1,0,0
2026-09-01 01:55:00,164.0,1,69,55.2,1,0,0
2026-09-01 02:00:00,170.3,0,65,51.5,1,0,0
2026-09-01 02:05:00,174.3,0,70,55.5,1,0,0
2026-09-01 02:10:00,172.8,0,65,56.6,1,0,0
2026-09-01 02:15:00,174.3,0,67,58.4,1,0,0
2026-09-01 02:20:00,173.7,0,69,53.2,1,0,0
2026-09-01 02:25:00,177.5,0,69,54.6,1,0,0
2026-09-01 02:30:00,175.3,1,69,55.4,1,0,0
2026-09-01 02:35:00,176.5,0,67,51.9,1,0,0
2026-09-01 02:40:00,172.4,1,64,55.6,1,0,0
2026-09-01 02:45:00,169.5,0,64,52.6,1,0,0
2026-09-01 02:50:00,170.7,0,61,53.0,1,0,0
2026-09-01 02:55:00,176.7,0,69,54.4,1,0,0
2026-09-01 03:00:00,177.4,1,65,55.7,1,0,0
2026-09-01 03:05:00,178.8,0,68,53.0,1,0,0
2026-09-01 03:10:00,172.6,0,63,54.3,1,0,0
2026-09-01 03:15:00,169.1,0,67,54.1,1,0,0
2026-09-01 03:20:00,170.1,0,66,54.0,1,0,0
2026-09-01 03:25:00,170.1,0,65,52.7,1,0,0
2026-09-01 03:30:00,170.2,3,66,55.9,1,0,0
2026-09-01 03:35:00,167.9,0,67,54.6,1,0,0
2026-09-01 03:40:00,171.9,0,66,52.8,1,0,0
2026-09-01 03:45:00,174.0,0,70,55.2,1,0,0
2026-09-01 03:50:00,176.2,0,65,54.2,1,0,0
2026-09-01 03:55:00,177.0,0,69,54.7,1,0,0
2026-09-01 04:00:00,176.7,0,66,57.5,1,0,0
2026-09-01 04:05:00,176.9,0,65,54.9,1,0,0
2026-09-01 04:10:00,180.5,1,67,54.1,1,0,0
2026-09-01 04:15:00,182.2,1,63,53.7,1,0,0
2026-09-01 04:20:00,182.6,1,68,55.9,1,0,0
2026-09-01 04:25:00,184.1,0,69,55.9,1,0,0
2026-09-01 04:30:00,182.2,0,67,55.5,1,0,0
2026-09-01 04:35:00,183.8,0,66,52.6,1,0,0
2026-09-01 04:40:00,184.5,1,66,54.2,1,0,0
2026-09-01 04:45:00,185.0,0,66,59.9,1,0,0
2026-09-01 04:50:00,183.3,1,63,55.6,1,0,0
2026-09-01 04:55:00,181.2,1,68,56.0,1,0,0
2026-09-01 05:00:00,182.5,0,66,57.6,1,0,0
2026-09-01 05:05:00,180.2,0,66,51.2,1,0,0
2026-09-01 05:10:00,179.9,0,64,53.1,1,0,0
2026-09-01 05:15:00,179.1,0,68,53.6,1,0,0
2026-09-01 05:20:00,179.1,1,65,51.4,1,0,0
2026-09-01 05:25:00,181.9,0,66,53.0,1,0,0
2026-09-01 05:30:00,184.0,0,69,57.6,1,0,0
2026-09-01 05:35:00,182.8,0,67,54.4,1,0,0
2026-09-01 05:40:00,184.2,0,65,54.2,1,0,0
2026-09-01 05:45:00,185.4,1,66,54.4,1,0,0
2026-09-01 05:50:00,183.5,0,64,55.6,1,0,0
2026-09-01 05:55:00,182.2,0,64,51.5,1,0,0
2026-09-01 06:00:00,181.2,0,64,54.7,1,0,0
2026-09-01 06:05:00,178.0,0,68,53.3,1,0,0
2026-09-01 06:10:00,181.6,1,68,55.1,1,0,0
2026-09-01 06:15:00,180.1,0,67,55.0,1,0,0
2026-09-01 06:20:00,181.9,0,63,53.7,1,0,0
2026-09-01 06:25:00,179.9,0,64,51.9,1,0,0
2026-09-01 06:30:00,181.1,0,68,56.6,1,0,0
2026-09-01 06:35:00,182.1,0,64,51.2,1,0,0
2026-09-01 06:40:00,183.8,0,65,55.3,1,0,0
2026-09-01 06:45:00,185.3,0,65,56.3,1,0,0
2026-09-01 06:50:00,189.0,0,64,56.0,1,0,0
2026-09-01 06:55:00,186.1,11,77,33.4,0,0,0
2026-09-01 07:00:00,182.8,8,74,33.5,0,0,0
2026-09-01 07:05:00,182.2,8,77,33.5,0,0,0
2026-09-01 07:10:00,185.7,7,72,36.0,0,0,0
2026-09-01 07:15:00,182.6,6,75,35.3,0,0,0
2026-09-01 07:20:00,185.2,8,73,33.2,0,0,0
2026-09-01 07:25:00,183.0,6,77,33.1,0,0,0
2026-09-01 07:30:00,179.8,7,76,35.5,0,0,0
2026-09-01 07:35:00,181.6,16,76,34.7,0,0,0
2026-09-01 07:40:00,182.3,3,74,33.8,0,0,0
2026-09-01 07:45:00,179.3,10,74,28.4,0,0,0
2026-09-01 07:50:00,177.8,4,69,35.3,0,0,0
2026-09-01 07:55:00,177.2,5,75,32.1,0,0,0
2026-09-01 08:00:00,175.6,13,72,31.9,0,0,0
2026-09-01 08:05:00,173.4,5,76,34.8,0,0,0
2026-09-01 08:10:00,175.7,9,79,33.9,0,0,0
2026-09-01 08:15:00,178.0,5,76,33.4,0,0,0
2026-09-01 08:20:00,178.7,7,70,34.9,0,0,0
2026-09-01 08:25:00,178.5,16,77,35.7,0,43,65
2026-09-01 08:30:00,185.9,11,78,32.2,0,0,0
2026-09-01 08:35:00,190.1,3,75,33.0,0,0,0
2026-09-01 08:40:00,193.1,484,106,33.7,0,0,0
2026-09-01 08:45:00,195.2,482,102,34.4,0,0,0
2026-09-01 08:50:00,195.5,6,76,32.4,0,0,0
2026-09-01 08:55:00,194.6,8,77,33.7,0,0,0
2026-09-01 09:00:00,196.8,8,76,34.3,0,0,0
2026-09-01 09:05:00,195.3,14,73,30.3,0,0,0
2026-09-01 09:10:00,196.4,13,75,31.7,0,0,0
2026-09-01 09:15:00,196.2,8,73,34.5,0,0,0
2026-09-01 09:20:00,195.3,21,77,33.3,0,0,0
2026-09-01 09:25:00,190.9,10,75,32.2,0,0,0
2026-09-01 09:30:00,188.7,7,78,31.5,0,0,0
2026-09-01 09:35:00,185.4,9,72,36.7,0,0,0
2026-09-01 09:40:00,185.4,9,76,31.8,0,0,0
2026-09-01 09:45:00,189.8,3,77,36.5,0,0,0
2026-09-01 09:50:00,186.2,5,75,37.2,0,0,0
2026-09-01 09:55:00,187.2,14,76,32.5,0,0,0
2026-09-01 10:00:00,186.5,22,76,30.3,0,0,0
2026-09-01 10:05:00,185.4,4,74,34.7,0,0,0
2026-09-01 10:10:00,186.5,4,78,33.0,0,0,0
2026-09-01 10:15:00,185.4,17,75,33.3,0,0,0
2026-09-01 10:20:00,182.8,3,76,34.3,0,0,0
2026-09-01 10:25:00,182.2,17,72,30.8,0,0,0
2026-09-01 10:30:00,182.0,4,76,34.0,0,0,0
2026-09-01 10:35:00,179.3,18,75,34.4,0,0,0
2026-09-01 10:40:00,179.5,4,75,31.8,0,0,0
2026-09-01 10:45:00,178.9,5,75,37.2,0,0,0
2026-09-01 10:50:00,176.6,12,72,33.2,0,0,0
2026-09-01 10:55:00,175.5,13,74,34.1,0,0,0
2026-09-01 11:00:00,174.2,8,78,33.6,0,0,0
2026-09-01 11:05:00,170.1,13,76,31.7,0,0,0
2026-09-01 11:10:00,169.3,5,76,36.8,0,0,0
2026-09-01 11:15:00,173.9,4,75,34.2,0,0,0
2026-09-01 11:20:00,173.3,12,73,33.5,0,0,0
2026-09-01 11:25:00,170.1,16,75,31.0,0,0,0
2026-09-01 11:30:00,168.5,11,73,33.4,0,0,0
2026-09-01 11:35:00,164.7,15,73,33.5,0,0,0
2026-09-01 11:40:00,163.8,13,77,34.2,0,0,0
2026-09-01 11:45:00,165.0,1,76,32.3,0,0,0
2026-09-01 11:50:00,167.4,7,74,34.0,0,0,0
2026-09-01 11:55:00,169.7,9,74,35.1,0,0,0
2026-09-01 12:00:00,172.2,4,76,33.5,0,0,0
2026-09-01 12:05:00,172.7,1,73,32.0,0,0,0
2026-09-01 12:10:00,173.3,6,75,34.6,0,0,0
2026-09-01 12:15:00,175.2,7,75,37.5,0,0,0
2026-09-01 12:20:00,177.4,9,76,32.6,0,0,0
2026-09-01 12:25:00,176.9,5,74,29.5,0,0,0
2026-09-01 12:30:00,176.6,12,73,35.2,0,0,0
2026-09-01 12:35:00,176.0,3,78,33.3,0,0,0
2026-09-01 12:40:00,170.5,4,75,29.4,0,0,0
2026-09-01 12:45:00,171.8,10,77,32.9,0,0,0
2026-09-01 12:50:00,173.0,16,77,31.4,0,0,0
2026-09-01 12:55:00,172.7,11,74,35.2,0,0,0
2026-09-01 13:00:00,173.2,8,72,35.2,0,0,0
2026-09-01 13:05:00,174.5,8,76,33.3,0,0,0
2026-09-01 13:10:00,172.7,5,75,31.7,0,0,0
2026-09-01 13:15:00,175.5,22,74,32.2,0,0,0
2026-09-01 13:20:00,173.9,8,74,36.9,0,0,0
2026-09-01 13:25:00,175.1,5,74,34.5,0,0,0
2026-09-01 13:30:00,174.9,4,77,33.7,0,112,70
2026-09-01 13:35:00,197.1,6,80,32.4,0,0,0
2026-09-01 13:40:00,214.9,10,77,30.6,0,0,0
2026-09-01 13:45:00,228.6,13,77,33.8,0,0,0
2026-09-01 13:50:00,238.2,9,79,33.8,0,0,0
2026-09-01 13:55:00,243.6,5,75,35.4,0,0,0
2026-09-01 14:00:00,246.8,4,74,36.0,0,0,0
2026-09-01 14:05:00,251.6,7,75,33.9,0,0,0
2026-09-01 14:10:00,254.3,10,77,30.3,0,0,0
2026-09-01 14:15:00,252.3,9,75,32.7,0,0,0
2026-09-01 14:20:00,248.7,7,74,32.9,0,0,0
2026-09-01 14:25:00,246.6,10,77,30.6,0,0,0
2026-09-01 14:30:00,246.7,8,73,34.4,0,0,0
2026-09-01 14:35:00,244.1,2,76,38.2,0,0,0
2026-09-01 14:40:00,240.6,5,74,36.1,0,0,0
2026-09-01 14:45:00,241.3,4,78,36.4,0,0,0
2026-09-01 14:50:00,235.2,6,74,33.6,0,0,0
2026-09-01 14:55:00,230.0,11,72,33.6,0,0,0
2026-09-01 15:00:00,226.5,9,75,33.0,0,0,0
2026-09-01 15:05:00,228.0,9,72,35.0,0,0,0
2026-09-01 15:10:00,226.8,8,71,35.7,0,0,0
2026-09-01 15:15:00,222.1,7,72,32.8,0,0,0
2026-09-01 15:20:00,219.9,5,76,35.9,0,0,0
2026-09-01 15:25:00,216.5,8,73,34.6,0,0,0
2026-09-01 15:30:00,214.8,12,76,34.3,0,0,0
2026-09-01 15:35:00,209.8,6,74,36.9,0,0,0
2026-09-01 15:40:00,206.8,13,77,35.7,0,0,0
2026-09-01 15:45:00,205.0,5,74,33.7,0,0,0
2026-09-01 15:50:00,200.7,6,75,31.7,0,0,0
2026-09-01 15:55:00,198.2,2,74,33.9,0,0,0
2026-09-01 16:00:00,197.1,15,75,32.0,0,0,0
2026-09-01 16:05:00,192.7,3,74,32.7,0,0,0
2026-09-01 16:10:00,192.1,11,74,34.7,0,0,0
2026-09-01 16:15:00,187.8,12,75,31.7,0,0,0
2026-09-01 16:20:00,186.0,6,77,33.0,0,0,0
2026-09-01 16:25:00,186.4,8,75,33.3,0,0,0
2026-09-01 16:30:00,184.0,18,78,34.3,0,0,0
2026-09-01 16:35:00,185.1,12,77,32.2,0,0,0
2026-09-01 16:40:00,182.6,8,75,32.2,0,0,0
2026-09-01 16:45:00,180.8,7,75,30.7,0,0,0
2026-09-01 16:50:00,179.5,10,71,35.3,0,0,0
2026-09-01 16:55:00,177.3,13,75,34.8,0,0,0
2026-09-01 17:00:00,175.7,6,72,30.7,0,0,0
2026-09-01 17:05:00,174.0,12,74,36.1,0,0,0
2026-09-01 17:10:00,177.5,3,72,34.7,0,0,0
2026-09-01 17:15:00,179.1,7,73,34.4,0,0,0
2026-09-01 17:20:00,175.6,15,77,32.8,0,0,0
2026-09-01 17:25:00,178.0,10,78,37.0,0,0,0
2026-09-01 17:30:00,178.0,6,76,35.3,0,0,0
2026-09-01 17:35:00,177.3,15,75,33.6,0,0,0
2026-09-01 17:40:00,175.4,13,76,37.8,0,0,0
2026-09-01 17:45:00,176.6,7,79,34.3,0,50,80
2026-09-01 17:50:00,188.9,8,80,30.1,0,0,0
2026-09-01 17:55:00,196.7,14,78,31.5,0,0,0
2026-09-01 18:00:00,199.5,11,78,34.1,0,0,0
2026-09-01 18:05:00,201.0,3,77,32.2,0,0,0
2026-09-01 18:10:00,205.1,502,103,35.7,0,0,0
2026-09-01 18:15:00,212.6,504,102,33.1,0,0,0
2026-09-01 18:20:00,211.3,5,75,35.0,0,0,0
2026-09-01 18:25:00,211.2,8,74,33.2,0,0,0
2026-09-01 18:30:00,208.5,11,77,30.6,0,0,0
2026-09-01 18:35:00,212.1,9,73,32.5,0,0,0
2026-09-01 18:40:00,209.8,4,76,31.7,0,0,0
2026-09-01 18:45:00,209.0,2,75,30.0,0,0,0
2026-09-01 18:50:00,209.3,6,74,36.0,0,0,0
2026-09-01 18:55:00,208.2,6,75,30.5,0,0,0
2026-09-01 19:00:00,207.9,9,79,32.3,0,0,0
2026-09-01 19:05:00,203.2,6,72,30.0,0,0,0
2026-09-01 19:10:00,199.9,8,76,34.6,0,0,0
2026-09-01 19:15:00,199.0,4,74,33.4,0,0,0
2026-09-01 19:20:00,195.7,7,76,36.1,0,0,0
2026-09-01 19:25:00,192.0,6,79,33.1,0,0,0
2026-09-01 19:30:00,187.0,14,75,31.4,0,0,0
2026-09-01 19:35:00,188.2,14,77,33.6,0,0,0
2026-09-01 19:40:00,190.7,4,78,34.8,0,0,0
2026-09-01 19:45:00,191.4,5,73,32.0,0,0,0
2026-09-01 19:50:00,192.2,6,73,32.7,0,0,0
2026-09-01 19:55:00,190.5,2,73,32.3,0,0,0
2026-09-01 20:00:00,187.1,4,75,31.3,0,0,0
2026-09-01 20:05:00,188.1,12,76,28.6,0,0,0
2026-09-01 20:10:00,188.6,2,75,33.1,0,0,0
2026-09-01 20:15:00,190.6,12,73,36.6,0,0,0
2026-09-01 20:20:00,184.5,9,75,32.7,0,0,0
2026-09-01 20:25:00,184.9,11,76,34.2,0,0,0
2026-09-01 20:30:00,184.8,6,71,33.6,0,0,0
2026-09-01 20:35:00,184.7,6,72,33.8,0,0,0
2026-09-01 20:40:00,183.1,7,77,32.0,0,0,0
2026-09-01 20:45:00,183.1,18,74,35.3,0,0,0
2026-09-01 20:50:00,180.7,3,76,32.7,0,0,0
2026-09-01 20:55:00,178.1,6,77,32.6,0,50,68
2026-09-01 21:00:00,188.7,4,77,32.2,0,0,0
2026-09-01 21:05:00,194.3,10,76,34.2,0,0,0
2026-09-01 21:10:00,198.2,17,81,32.2,0,0,0
2026-09-01 21:15:00,202.8,7,80,34.5,0,0,0
2026-09-01 21:20:00,204.0,11,77,30.5,0,0,0
2026-09-01 21:25:00,208.1,9,73,33.0,0,0,0
2026-09-01 21:30:00,213.4,8,78,33.1,0,0,0
2026-09-01 21:35:00,210.3,5,75,30.7,0,0,0
2026-09-01 21:40:00,208.3,3,71,32.7,0,0,0
2026-09-01 21:45:00,206.2,14,73,33.0,0,0,0
2026-09-01 21:50:00,204.7,5,72,33.5,0,0,0
2026-09-01 21:55:00,206.5,7,74,34.5,0,0,0
2026-09-01 22:00:00,204.8,5,74,32.8,0,0,0
2026-09-01 22:05:00,202.6,5,71,37.3,0,0,0
2026-09-01 22:10:00,200.1,9,77,35.9,0,0,0
2026-09-01 22:15:00,199.9,0,68,53.8,1,0,0
2026-09-01 22:20:00,199.9,0,69,51.9,1,0,0
2026-09-01 22:25:00,195.8,0,64,55.6,1,0,0
2026-09-01 22:30:00,195.2,0,64,53.5,1,0,0
2026-09-01 22:35:00,194.8,0,69,52.5,1,0,0
2026-09-01 22:40:00,193.8,0,63,51.4,1,0,0
2026-09-01 22:45:00,192.5,0,65,57.4,1,0,0
2026-09-01 22:50:00,189.0,0,68,50.7,1,0,0
2026-09-01 22:55:00,189.5,0,68,54.7,1,0,0
2026-09-01 23:00:00,184.7,0,64,52.1,1,0,0
2026-09-01 23:05:00,183.9,0,64,49.2,1,0,0
2026-09-01 23:10:00,185.0,0,68,50.8,1,0,0
2026-09-01 23:15:00,185.0,2,68,53.2,1,0,0
2026-09-01 23:20:00,181.6,1,65,52.6,1,0,0
2026-09-01 23:25:00,180.5,0,66,53.6,1,0,0
2026-09-01 23:30:00,177.0,0,64,58.3,1,0,0
2026-09-01 23:35:00,178.5,0,65,52.3,1,0,0
2026-09-01 23:40:00,179.1,0,63,51.8,1,0,0
2026-09-01 23:45:00,178.8,0,61,53.4,1,0,0
2026-09-01 23:50:00,174.6,0,70,54.9,1,0,0
2026-09-01 23:55:00,174.3,1,65,53.6,1,0,0
2026-09-02 00:00:00,173.0,2,62,54.1,1,0,0
2026-09-02 00:05:00,172.9,0,68,55.4,1,0,0
2026-09-02 00:10:00,171.8,0,65,53.6,1,0,0
2026-09-02 00:15:00,171.0,0,65,51.7,1,0,0
2026-09-02 00:20:00,170.6,1,66,53.5,1,0,0
2026-09-02 00:25:00,170.8,1,69,54.6,1,0,0
2026-09-02 00:30:00,174.8,0,64,57.3,1,0,0
2026-09-02 00:35:00,175.3,0,63,54.2,1,0,0
2026-09-02 00:40:00,173.4,1,63,51.8,1,0,0
2026-09-02 00:45:00,171.2,1,68,53.7,1,0,0
2026-09-02 00:50:00,172.4,0,69,55.7,1,0,0
2026-09-02 00:55:00,172.2,0,66,50.1,1,0,0
2026-09-02 01:00:00,171.7,0,66,56.8,1,0,0
2026-09-02 01:05:00,171.9,0,67,52.4,1,0,0
2026-09-02 01:10:00,172.6,1,63,54.4,1,0,0
2026-09-02 01:15:00,174.3,2,65,58.8,1,0,0
2026-09-02 01:20:00,177.5,0,65,58.3,1,0,0
2026-09-02 01:25:00,177.8,1,63,55.9,1,0,0
2026-09-02 01:30:00,178.7,0,61,53.7,1,0,0
2026-09-02 01:35:00,175.4,1,63,53.7,1,0,0
2026-09-02 01:40:00,172.1,0,66,56.3,1,0,0
2026-09-02 01:45:00,169.8,0,68,53.5,1,0,0
2026-09-02 01:50:00,170.7,0,67,58.7,1,0,0
2026-09-02 01:55:00,174.2,0,63,52.0,1,0,0
2026-09-02 02:00:00,176.3,1,64,54.3,1,0,0
2026-09-02 02:05:00,178.0,0,66,56.6,1,0,0
2026-09-02 02:10:00,178.0,1,64,54.9,1,0,0
2026-09-02 02:15:00,176.9,0,66,52.7,1,0,0
2026-09-02 02:20:00,177.4,2,67,53.2,1,0,0
2026-09-02 02:25:00,176.7,1,67,55.1,1,0,0
2026-09-02 02:30:00,175.8,0,67,53.1,1,0,0
2026-09-02 02:35:00,176.1,1,66,56.8,1,0,0
2026-09-02 02:40:00,175.5,0,66,54.1,1,0,0
2026-09-02 02:45:00,175.6,0,67,53.1,1,0,0
2026-09-02 02:50:00,178.2,0,68,56.9,1,0,0
2026-09-02 02:55:00,177.8,0,67,49.9,1,0,0
2026-09-02 03:00:00,178.0,1,67,50.2,1,0,0
2026-09-02 03:05:00,178.0,0,64,53.6,1,0,0
2026-09-02 03:10:00,177.8,0,66,53.2,1,0,0
2026-09-02 03:15:00,176.3,0,65,52.8,1,0,0
2026-09-02 03:20:00,177.1,1,64,53.8,1,0,0
2026-09-02 03:25:00,176.2,0,65,54.3,1,0,0
2026-09-02 03:30:00,174.2,0,67,56.8,1,0,0
2026-09-02 03:35:00,173.1,0,68,51.3,1,0,0
2026-09-02 03:40:00,172.5,1,66,53.3,1,0,0
2026-09-02 03:45:00,173.9,1,66,56.2,1,0,0
2026-09-02 03:50:00,172.5,0,68,51.8,1,0,0
2026-09-02 03:55:00,174.2,0,69,53.5,1,0,0
2026-09-02 04:00:00,172.6,1,67,57.7,1,0,0
2026-09-02 04:05:00,173.4,0,68,53.0,1,0,0
2026-09-02 04:10:00,172.9,1,66,51.6,1,0,0
2026-09-02 04:15:00,171.8,0,68,54.1,1,0,0
2026-09-02 04:20:00,170.6,0,62,54.3,1,0,0
2026-09-02 04:25:00,167.6,0,64,56.2,1,0,0
2026-09-02 04:30:00,169.1,0,67,53.2,1,0,0
2026-09-02 04:35:00,174.9,0,66,52.7,1,0,0
2026-09-02 04:40:00,177.1,0,65,57.5,1,0,0
2026-09-02 04:45:00,179.2,1,63,54.7,1,0,0
2026-09-02 04:50:00,181.1,0,67,51.5,1,0,0
2026-09-02 04:55:00,181.8,0,66,58.0,1,0,0
2026-09-02 05:00:00,182.6,0,67,54.2,1,0,0
2026-09-02 05:05:00,182.5,0,66,53.7,1,0,0
2026-09-02 05:10:00,184.8,0,63,54.0,1,0,0
2026-09-02 05:15:00,180.2,0,68,55.2,1,0,0
2026-09-02 05:20:00,180.5,1,66,54.0,1,0,0
2026-09-02 05:25:00,181.5,0,66,55.9,1,0,0
2026-09-02 05:30:00,183.2,0,68,53.8,1,0,0
2026-09-02 05:35:00,184.0,1,65,53.0,1,0,0
2026-09-02 05:40:00,180.3,0,69,57.8,1,0,0
2026-09-02 05:45:00,180.4,1,65,53.9,1,0,0
2026-09-02 05:50:00,180.8,0,65,52.1,1,0,0
2026-09-02 05:55:00,183.1,1,66,55.6,1,0,0
2026-09-02 06:00:00,184.6,0,70,57.3,1,0,0
2026-09-02 06:05:00,183.4,0,65,52.7,1,0,0
2026-09-02 06:10:00,178.5,0,63,56.3,1,0,0
2026-09-02 06:15:00,179.9,0,65,55.3,1,0,0
2026-09-02 06:20:00,179.3,8,77,35.4,0,0,0
2026-09-02 06:25:00,178.2,7,72,28.9,0,0,0
2026-09-02 06:30:00,179.8,14,73,31.5,0,0,0
2026-09-02 06:35:00,182.0,8,73,36.5,0,0,0
2026-09-02 06:40:00,183.2,10,74,36.2,0,0,0
2026-09-02 06:45:00,182.8,9,74,29.3,0,0,0
2026-09-02 06:50:00,181.7,14,77,33.5,0,0,0
2026-09-02 06:55:00,178.0,4,78,33.1,0,0,0
2026-09-02 07:00:00,180.0,9,74,33.4,0,0,0
2026-09-02 07:05:00,178.4,11,77,34.4,0,0,0
2026-09-02 07:10:00,177.3,12,76,32.3,0,0,0
2026-09-02 07:15:00,175.8,13,74,36.4,0,0,0
2026-09-02 07:20:00,179.4,7,72,29.8,0,0,0
2026-09-02 07:25:00,179.6,8,73,34.2,0,0,0
2026-09-02 07:30:00,178.3,19,74,34.2,0,0,0
2026-09-02 07:35:00,179.8,7,76,33.7,0,0,0
2026-09-02 07:40:00,179.9,9,74,33.7,0,0,0
2026-09-02 07:45:00,176.7,2,78,37.4,0,0,0
2026-09-02 07:50:00,181.9,9,75,32.5,0,0,0
2026-09-02 07:55:00,181.8,3,72,35.1,0,0,0
2026-09-02 08:00:00,181.3,17,76,33.7,0,0,0
2026-09-02 08:05:00,179.8,8,74,31.5,0,0,0
2026-09-02 08:10:00,178.6,10,76,33.1,0,0,0
2026-09-02 08:15:00,175.5,15,78,29.0,0,0,0
2026-09-02 08:20:00,175.8,16,76,32.7,0,0,0
2026-09-02 08:25:00,176.1,7,75,29.7,0,66,78
2026-09-02 08:30:00,185.8,16,76,33.2,0,0,0
2026-09-02 08:35:00,192.9,4,75,32.9,0,0,0
2026-09-02 08:40:00,198.5,448,103,34.6,0,0,0
2026-09-02 08:45:00,204.2,459,104,32.5,0,0,0
2026-09-02 08:50:00,208.5,8,77,32.8,0,0,0
2026-09-02 08:55:00,208.9,6,77,31.5,0,0,0
2026-09-02 09:00:00,211.0,2,70,31.7,0,0,0
2026-09-02 09:05:00,212.3,2,74,32.2,0,0,0
2026-09-02 09:10:00,210.7,12,77,35.1,0,0,0
2026-09-02 09:15:00,210.1,9,74,34.2,0,0,0
2026-09-02 09:20:00,209.6,2,75,32.7,0,0,0
2026-09-02 09:25:00,207.9,4,71,32.9,0,0,0
2026-09-02 09:30:00,209.8,3,74,31.6,0,0,0
2026-09-02 09:35:00,206.7,5,73,30.2,0,0,0
2026-09-02 09:40:00,205.4,14,72,34.5,0,0,0
2026-09-02 09:45:00,201.8,4,75,32.0,0,0,0
2026-09-02 09:50:00,199.7,13,75,32.4,0,0,0
2026-09-02 09:55:00,198.2,4,76,32.5,0,0,0
2026-09-02 10:00:00,198.9,9,75,34.8,0,0,0
2026-09-02 10:05:00,194.4,11,75,33.4,0,0,0
2026-09-02 10:10:00,195.2,1,71,33.4,0,0,0
2026-09-02 10:15:00,194.1,12,75,35.1,0,0,0
2026-09-02 10:20:00,189.5,5,75,33.2,0,0,0
2026-09-02 10:25:00,189.0,7,77,33.4,0,0,0
2026-09-02 10:30:00,189.3,3,75,29.5,0,0,0
2026-09-02 10:35:00,190.0,15,75,33.8,0,0,0
2026-09-02 10:40:00,192.3,9,72,32.1,0,0,0
2026-09-02 10:45:00,193.0,9,74,31.7,0,0,0
2026-09-02 10:50:00,193.7,5,77,35.2,0,0,0
2026-09-02 10:55:00,192.8,3,76,34.0,0,0,0
2026-09-02 11:00:00,190.9,9,76,33.8,0,0,0
2026-09-02 11:05:00,194.0,5,74,35.4,0,0,0
2026-09-02 11:10:00,194.0,12,71,34.0,0,0,0
2026-09-02 11:15:00,191.7,1,76,34.4,0,0,0
2026-09-02 11:20:00,189.8,10,69,33.7,0,0,0
2026-09-02 11:25:00,187.4,3,73,31.3,0,0,0
2026-09-02 11:30:00,184.6,6,70,32.8,0,0,0
2026-09-02 11:35:00,185.8,8,76,35.0,0,0,0
2026-09-02 11:40:00,185.6,11,74,32.9,0,0,0
2026-09-02 11:45:00,185.7,12,80,33.6,0,0,0
2026-09-02 11:50:00,182.3,5,73,30.4,0,0,0
2026-09-02 11:55:00,181.2,10,76,34.8,0,0,0
2026-09-02 12:00:00,182.8,3,70,30.9,0,0,0
2026-09-02 12:05:00,179.5,12,79,32.0,0,0,0
2026-09-02 12:10:00,178.7,5,75,31.2,0,0,0
2026-09-02 12:15:00,175.6,10,74,32.8,0,0,0
2026-09-02 12:20:00,174.8,7,71,35.0,0,0,0
2026-09-02 12:25:00,174.2,9,73,32.1,0,0,0
2026-09-02 12:30:00,172.6,13,74,32.8,0,0,0
2026-09-02 12:35:00,176.6,6,76,33.0,0,0,0
2026-09-02 12:40:00,179.9,2,68,37.0,0,0,0
2026-09-02 12:45:00,180.2,10,77,37.2,0,48,50
2026-09-02 12:50:00,186.4,8,77,34.8,0,0,0
2026-09-02 12:55:00,189.1,6,75,31.5,0,0,0
2026-09-02 13:00:00,190.9,548,111,34.5,0,0,0
2026-09-02 13:05:00,192.9,535,109,33.7,0,0,0
2026-09-02 13:10:00,193.3,9,79,31.8,0,0,0
2026-09-02 13:15:00,190.3,5,71,31.1,0,0,0
2026-09-02 13:20:00,188.5,10,75,30.2,0,0,0
2026-09-02 13:25:00,186.6,4,74,32.9,0,0,0
2026-09-02 13:30:00,187.6,5,76,32.8,0,0,0
2026-09-02 13:35:00,189.2,7,77,33.8,0,0,0
2026-09-02 13:40:00,188.2,13,72,32.6,0,0,0
2026-09-02 13:45:00,187.3,13,73,32.6,0,0,0
2026-09-02 13:50:00,187.9,8,75,35.7,0,0,0
2026-09-02 13:55:00,186.3,11,76,33.9,0,0,0
2026-09-02 14:00:00,186.2,4,77,33.4,0,0,0
2026-09-02 14:05:00,185.6,8,76,35.2,0,0,0
2026-09-02 14:10:00,185.2,15,76,32.1,0,0,0
2026-09-02 14:15:00,186.4,7,71,32.5,0,0,0
2026-09-02 14:20:00,184.9,19,71,29.1,0,0,0
2026-09-02 14:25:00,184.8,8,75,32.4,0,0,0
2026-09-02 14:30:00,186.5,4,75,37.0,0,0,0
2026-09-02 14:35:00,186.3,6,75,37.1,0,0,0
2026-09-02 14:40:00,187.0,17,76,35.5,0,0,0
2026-09-02 14:45:00,183.5,5,74,35.1,0,0,0
2026-09-02 14:50:00,183.0,6,73,30.5,0,0,0
2026-09-02 14:55:00,182.7,7,77,35.0,0,0,0
2026-09-02 15:00:00,181.7,4,75,33.2,0,0,0
2026-09-02 15:05:00,179.4,7,75,33.8,0,0,0
2026-09-02 15:10:00,179.1,15,76,32.5,0,0,0
2026-09-02 15:15:00,179.2,10,73,29.7,0,0,0
2026-09-02 15:20:00,178.9,4,74,34.4,0,0,0
2026-09-02 15:25:00,178.1,11,74,34.9,0,0,0
2026-09-02 15:30:00,174.6,7,78,37.0,0,0,0
2026-09-02 15:35:00,174.2,10,74,33.3,0,0,0
2026-09-02 15:40:00,174.1,15,76,31.4,0,0,0
2026-09-02 15:45:00,175.1,6,72,30.2,0,0,0
2026-09-02 15:50:00,171.4,22,74,34.0,0,0,0
2026-09-02 15:55:00,168.5,11,76,32.7,0,0,0
2026-09-02 16:00:00,171.3,8,72,32.6,0,0,0
2026-09-02 16:05:00,172.9,13,73,31.3,0,0,0
2026-09-02 16:10:00,171.9,469,105,31.7,0,0,0
2026-09-02 16:15:00,170.7,466,101,34.1,0,0,0
2026-09-02 16:20:00,170.7,470,104,35.2,0,0,0
2026-09-02 16:25:00,165.2,5,74,29.3,0,0,0
2026-09-02 16:30:00,161.9,12,77,36.7,0,0,0
2026-09-02 16:35:00,165.7,8,73,33.6,0,0,0
2026-09-02 16:40:00,166.0,7,75,33.7,0,0,0
2026-09-02 16:45:00,164.1,16,74,34.6,0,0,0
2026-09-02 16:50:00,167.2,10,74,33.7,0,0,0
2026-09-02 16:55:00,166.6,14,71,34.9,0,0,0
2026-09-02 17:00:00,165.3,12,76,36.2,0,0,0
2026-09-02 17:05:00,168.6,3,74,34.2,0,0,0
2026-09-02 17:10:00,164.0,9,70,34.1,0,0,0
2026-09-02 17:15:00,165.1,1,74,32.3,0,0,0
2026-09-02 17:20:00,165.8,6,75,35.6,0,0,0
2026-09-02 17:25:00,168.8,7,71,33.8,0,0,0
2026-09-02 17:30:00,168.5,10,76,32.1,0,29,60
2026-09-02 17:35:00,175.2,7,79,33.0,0,0,0
2026-09-02 17:40:00,182.6,14,80,29.4,0,0,0
2026-09-02 17:45:00,187.8,12,79,37.4,0,0,0
2026-09-02 17:50:00,191.5,10,78,36.9,0,0,0
2026-09-02 17:55:00,194.0,9,81,33.4,0,0,0
2026-09-02 18:00:00,199.6,13,73,31.2,0,0,0
2026-09-02 18:05:00,198.4,9,74,34.7,0,0,0
2026-09-02 18:10:00,196.6,3,73,33.8,0,0,0
2026-09-02 18:15:00,194.9,8,74,32.2,0,0,0
2026-09-02 18:20:00,194.4,11,75,35.7,0,0,0
2026-09-02 18:25:00,192.8,16,77,33.4,0,0,0
2026-09-02 18:30:00,192.0,5,74,34.8,0,0,0
2026-09-02 18:35:00,191.4,7,78,34.7,0,0,0
2026-09-02 18:40:00,188.1,17,77,29.5,0,0,0
2026-09-02 18:45:00,188.3,6,74,33.4,0,0,0
2026-09-02 18:50:00,188.7,12,73,37.5,0,0,0
2026-09-02 18:55:00,188.7,6,77,34.5,0,0,0
2026-09-02 19:00:00,190.4,16,77,32.7,0,0,0
2026-09-02 19:05:00,188.4,9,74,35.6,0,0,0
2026-09-02 19:10:00,186.3,14,80,32.8,0,0,0
2026-09-02 19:15:00,185.3,9,76,33.5,0,0,0
2026-09-02 19:20:00,184.0,11,74,31.4,0,0,0
2026-09-02 19:25:00,181.0,7,76,37.4,0,0,0
2026-09-02 19:30:00,181.4,2,73,32.2,0,0,0
2026-09-02 19:35:00,177.0,7,76,28.9,0,0,0
2026-09-02 19:40:00,174.5,6,77,33.8,0,0,0
2026-09-02 19:45:00,173.1,10,73,32.2,0,0,0
2026-09-02 19:50:00,172.6,6,72,35.8,0,0,0
2026-09-02 19:55:00,171.3,5,71,32.7,0,0,0
2026-09-02 20:00:00,171.7,3,72,36.4,0,0,0
2026-09-02 20:05:00,175.3,7,72,33.0,0,0,0
2026-09-02 20:10:00,174.8,10,72,34.8,0,0,0
2026-09-02 20:15:00,174.3,5,77,33.1,0,0,0
2026-09-02 20:20:00,177.0,11,75,31.4,0,0,0
2026-09-02 20:25:00,176.7,6,72,34.5,0,0,0
2026-09-02 20:30:00,175.4,11,76,32.3,0,0,0
2026-09-02 20:35:00,174.6,6,74,31.7,0,0,0
2026-09-02 20:40:00,177.3,9,74,34.2,0,0,0
2026-09-02 20:45:00,178.3,5,73,34.4,0,0,0
2026-09-02 20:50:00,178.9,12,76,36.9,0,0,0
2026-09-02 20:55:00,179.1,8,72,32.5,0,0,0
2026-09-02 21:00:00,179.5,13,73,31.7,0,0,0
2026-09-02 21:05:00,178.1,9,73,34.2,0,0,0
2026-09-02 21:10:00,176.7,6,79,34.2,0,97,75
2026-09-02 21:15:00,192.1,7,77,35.0,0,0,0
2026-09-02 21:20:00,209.0,7,80,38.6,0,0,0
2026-09-02 21:25:00,219.4,6,82,33.9,0,0,0
2026-09-02 21:30:00,230.7,3,77,36.8,0,0,0
2026-09-02 21:35:00,241.4,14,79,33.7,0,0,0
2026-09-02 21:40:00,247.0,6,75,36.0,0,0,0
2026-09-02 21:45:00,248.2,9,77,33.5,0,0,0
2026-09-02 21:50:00,249.5,10,75,31.3,0,0,0
2026-09-02 21:55:00,250.1,9,74,37.3,0,0,0
2026-09-02 22:00:00,251.6,16,73,34.6,0,0,0
2026-09-02 22:05:00,252.0,6,74,38.3,0,0,0
2026-09-02 22:10:00,251.2,9,74,33.4,0,0,0
2026-09-02 22:15:00,244.6,4,71,35.9,0,0,0
2026-09-02 22:20:00,241.2,17,76,35.2,0,0,0
2026-09-02 22:25:00,233.8,14,75,34.1,0,0,0
2026-09-02 22:30:00,230.4,0,65,52.9,1,0,0
2026-09-02 22:35:00,230.0,1,64,52.2,1,0,0
2026-09-02 22:40:00,227.8,0,67,54.6,1,0,0
2026-09-02 22:45:00,219.0,0,69,56.7,1,0,0
2026-09-02 22:50:00,218.1,1,67,54.8,1,0,0
2026-09-02 22:55:00,214.1,0,67,52.3,1,0,0
2026-09-02 23:00:00,211.8,0,66,56.6,1,0,0
2026-09-02 23:05:00,211.8,1,64,54.4,1,0,0
2026-09-02 23:10:00,212.6,0,66,51.6,1,0,0
2026-09-02 23:15:00,214.5,1,63,53.9,1,0,0
2026-09-02 23:20:00,210.5,1,64,54.0,1,0,0
2026-09-02 23:25:00,206.5,0,65,51.2,1,0,0
2026-09-02 23:30:00,206.8,1,65,50.8,1,0,0
2026-09-02 23:35:00,201.8,0,67,57.0,1,0,0
2026-09-02 23:40:00,201.5,1,60,55.4,1,0,0
2026-09-02 23:45:00,199.0,0,65,52.5,1,0,0
2026-09-02 23:50:00,197.0,0,66,52.6,1,0,0
2026-09-02 23:55:00,196.5,0,64,54.2,1,0,0
2026-09-03 00:00:00,195.2,0,64,56.4,1,0,0
2026-09-03 00:05:00,192.3,0,66,57.3,1,0,0
2026-09-03 00:10:00,190.6,0,63,53.1,1,0,0
2026-09-03 00:15:00,190.9,0,69,52.4,1,0,0
2026-09-03 00:20:00,187.8,1,64,54.2,1,0,0
2026-09-03 00:25:00,187.2,0,66,53.6,1,0,0
2026-09-03 00:30:00,186.3,1,67,52.7,1,0,0
2026-09-03 00:35:00,183.2,1,66,53.3,1,0,0
2026-09-03 00:40:00,182.1,0,66,54.8,1,0,0
2026-09-03 00:45:00,182.1,0,66,52.3,1,0,0
2026-09-03 00:50:00,181.5,1,62,54.2,1,0,0
2026-09-03 00:55:00,182.2,0,65,50.6,1,0,0
2026-09-03 01:00:00,182.3,0,69,52.6,1,0,0
2026-09-03 01:05:00,183.2,0,68,52.3,1,0,0
2026-09-03 01:10:00,183.8,2,66,55.4,1,0,0
2026-09-03 01:15:00,182.2,0,65,56.9,1,0,0
2026-09-03 01:20:00,185.4,0,66,59.6,1,0,0
2026-09-03 01:25:00,187.3,0,70,53.1,1,0,0
2026-09-03 01:30:00,184.7,0,66,54.1,1,0,0
2026-09-03 01:35:00,182.9,0,65,54.1,1,0,0
2026-09-03 01:40:00,180.9,0,65,53.0,1,0,0
2026-09-03 01:45:00,180.5,0,65,54.2,1,0,0
2026-09-03 01:50:00,181.6,1,63,56.8,1,0,0
2026-09-03 01:55:00,178.6,1,66,56.1,1,0,0
2026-09-03 02:00:00,179.6,1,67,54.6,1,0,0
2026-09-03 02:05:00,177.4,0,66,53.4,1,0,0
2026-09-03 02:10:00,177.1,0,61,55.1,1,0,0
2026-09-03 02:15:00,178.6,1,65,53.2,1,0,0
2026-09-03 02:20:00,177.1,1,65,52.5,1,0,0
2026-09-03 02:25:00,178.8,2,67,53.3,1,0,0
2026-09-03 02:30:00,180.8,0,70,56.4,1,0,0
2026-09-03 02:35:00,177.1,0,63,54.5,1,0,0
2026-09-03 02:40:00,181.0,0,66,53.4,1,0,0
2026-09-03 02:45:00,181.2,0,69,57.3,1,0,0
2026-09-03 02:50:00,180.5,1,65,52.7,1,0,0
2026-09-03 02:55:00,180.4,1,69,51.2,1,0,0
2026-09-03 03:00:00,175.7,0,65,55.0,1,0,0
2026-09-03 03:05:00,177.0,0,64,55.6,1,0,0
2026-09-03 03:10:00,178.9,0,69,55.0,1,0,0
2026-09-03 03:15:00,179.5,1,68,54.6,1,0,0
2026-09-03 03:20:00,174.2,0,63,52.4,1,0,0
2026-09-03 03:25:00,172.0,0,67,51.5,1,0,0
2026-09-03 03:30:00,171.4,0,67,51.4,1,0,0
2026-09-03 03:35:00,170.5,1,66,53.1,1,0,0
2026-09-03 03:40:00,171.7,0,64,53.4,1,0,0
2026-09-03 03:45:00,173.7,0,67,55.6,1,0,0
2026-09-03 03:50:00,173.3,0,69,55.9,1,0,0
2026-09-03 03:55:00,172.5,0,65,54.1,1,0,0
2026-09-03 04:00:00,171.7,0,66,51.7,1,0,0
2026-09-03 04:05:00,172.3,1,65,51.7,1,0,0
2026-09-03 04:10:00,172.4,0,68,57.2,1,0,0
2026-09-03 04:15:00,173.8,1,64,58.8,1,0,0
2026-09-03 04:20:00,173.8,0,67,50.0,1,0,0
2026-09-03 04:25:00,173.7,0,67,55.0,1,0,0
2026-09-03 04:30:00,175.0,0,70,54.7,1,0,0
2026-09-03 04:35:00,177.9,0,61,50.0,1,0,0
2026-09-03 04:40:00,178.6,0,61,55.1,1,0,0
2026-09-03 04:45:00,179.2,0,62,51.8,1,0,0
2026-09-03 04:50:00,181.9,1,66,56.9,1,0,0
2026-09-03 04:55:00,184.0,1,68,51.6,1,0,0
2026-09-03 05:00:00,179.5,0,60,55.1,1,0,0
2026-09-03 05:05:00,178.4,1,62,57.3,1,0,0
2026-09-03 05:10:00,176.8,0,68,55.7,1,0,0
2026-09-03 05:15:00,176.7,0,66,54.1,1,0,0
2026-09-03 05:20:00,179.0,0,65,50.9,1,0,0
2026-09-03 05:25:00,178.5,0,67,52.8,1,0,0
2026-09-03 05:30:00,181.2,0,65,55.0,1,0,0
2026-09-03 05:35:00,179.9,0,67,56.0,1,0,0
2026-09-03 05:40:00,178.6,0,66,50.7,1,0,0
2026-09-03 05:45:00,177.5,0,62,53.5,1,0,0
2026-09-03 05:50:00,176.4,1,70,53.2,1,0,0
2026-09-03 05:55:00,175.1,0,66,52.8,1,0,0
2026-09-03 06:00:00,173.3,0,68,52.5,1,0,0
2026-09-03 06:05:00,175.4,2,67,53.8,1,0,0
2026-09-03 06:10:00,175.6,1,67,50.1,1,0,0
2026-09-03 06:15:00,175.0,1,68,52.1,1,0,0
2026-09-03 06:20:00,173.4,16,76,36.5,0,0,0
2026-09-03 06:25:00,174.1,5,76,33.3,0,0,0
2026-09-03 06:30:00,177.5,6,75,34.5,0,0,0
2026-09-03 06:35:00,176.4,10,74,32.7,0,0,0
2026-09-03 06:40:00,178.0,11,73,30.5,0,0,0
2026-09-03 06:45:00,179.4,7,76,33.7,0,0,0
2026-09-03 06:50:00,176.4,4,71,32.4,0,0,0
2026-09-03 06:55:00,176.5,7,74,31.4,0,0,0
2026-09-03 07:00:00,176.3,8,74,34.1,0,0,0
2026-09-03 07:05:00,178.1,9,73,33.6,0,0,0
2026-09-03 07:10:00,177.1,8,79,33.6,0,0,0
2026-09-03 07:15:00,176.6,13,73,32.2,0,0,0
2026-09-03 07:20:00,175.1,12,77,32.0,0,0,0
2026-09-03 07:25:00,171.0,5,73,34.3,0,0,0
2026-09-03 07:30:00,172.2,5,76,31.1,0,0,0
2026-09-03 07:35:00,172.0,4,74,35.4,0,0,0
2026-09-03 07:40:00,172.7,14,74,33.8,0,0,0
2026-09-03 07:45:00,171.0,13,75,30.5,0,0,0
2026-09-03 07:50:00,171.0,8,76,29.9,0,0,0
2026-09-03 07:55:00,170.0,14,72,30.0,0,0,0
2026-09-03 08:00:00,168.2,4,73,32.5,0,0,0
2026-09-03 08:05:00,164.5,4,75,32.8,0,0,0
2026-09-03 08:10:00,166.5,2,73,34.8,0,0,0
2026-09-03 08:15:00,166.1,8,75,32.3,0,0,0
2026-09-03 08:20:00,167.4,15,76,31.8,0,0,0
2026-09-03 08:25:00,167.8,12,77,30.8,0,57,78
2026-09-03 08:30:00,180.4,24,80,32.9,0,0,0
2026-09-03 08:35:00,191.6,7,77,32.8,0,0,0
2026-09-03 08:40:00,197.8,9,77,34.1,0,0,0
2026-09-03 08:45:00,204.8,10,77,32.1,0,0,0
2026-09-03 08:50:00,211.4,7,76,34.6,0,0,0
2026-09-03 08:55:00,211.9,6,76,30.8,0,0,0
2026-09-03 09:00:00,214.8,5,75,34.3,0,0,0
2026-09-03 09:05:00,217.1,2,71,32.9,0,0,0
2026-09-03 09:10:00,216.7,13,76,32.7,0,0,0
2026-09-03 09:15:00,220.0,5,73,32.2,0,0,0
2026-09-03 09:20:00,218.0,7,70,34.0,0,0,0
2026-09-03 09:25:00,218.1,8,76,29.9,0,0,0
2026-09-03 09:30:00,213.7,5,71,35.1,0,0,0
2026-09-03 09:35:00,212.8,3,72,34.8,0,0,0
2026-09-03 09:40:00,210.5,7,76,33.9,0,0,0
2026-09-03 09:45:00,211.3,7,76,31.5,0,0,0
2026-09-03 09:50:00,210.3,11,75,31.5,0,0,0
2026-09-03 09:55:00,209.6,11,73,34.7,0,0,0
2026-09-03 10:00:00,208.5,10,78,32.6,0,0,0
2026-09-03 10:05:00,208.3,10,74,33.7,0,0,0
2026-09-03 10:10:00,201.1,5,76,37.6,0,0,0
2026-09-03 10:15:00,201.6,7,76,34.1,0,0,0
2026-09-03 10:20:00,199.7,8,76,33.8,0,0,0
2026-09-03 10:25:00,201.8,13,77,35.0,0,0,0
2026-09-03 10:30:00,199.3,2,72,34.8,0,0,0
2026-09-03 10:35:00,196.8,13,75,33.0,0,0,0
2026-09-03 10:40:00,195.9,2,78,32.2,0,0,0
2026-09-03 10:45:00,196.9,11,75,33.8,0,0,0
2026-09-03 10:50:00,198.8,5,76,33.2,0,0,0
2026-09-03 10:55:00,195.9,9,76,34.6,0,0,0
2026-09-03 11:00:00,195.1,17,76,31.9,0,0,0
2026-09-03 11:05:00,195.2,2,76,37.1,0,0,0
2026-09-03 11:10:00,193.7,16,74,38.5,0,0,0
2026-09-03 11:15:00,189.6,9,74,30.6,0,0,0
2026-09-03 11:20:00,185.9,1,72,33.4,0,0,0
2026-09-03 11:25:00,187.7,6,76,32.5,0,0,0
2026-09-03 11:30:00,188.3,9,78,32.1,0,0,0
2026-09-03 11:35:00,190.0,3,76,29.2,0,0,0
2026-09-03 11:40:00,188.8,4,75,32.8,0,0,0
2026-09-03 11:45:00,185.5,6,75,29.6,0,0,0
2026-09-03 11:50:00,185.7,4,78,32.3,0,0,0
2026-09-03 11:55:00,183.6,2,74,33.7,0,0,0
2026-09-03 12:00:00,182.1,2,76,32.1,0,0,0
2026-09-03 12:05:00,183.6,12,73,31.2,0,0,0
2026-09-03 12:10:00,180.7,14,75,37.8,0,0,0
2026-09-03 12:15:00,177.6,5,74,32.2,0,0,0
2026-09-03 12:20:00,175.5,12,73,29.4,0,0,0
2026-09-03 12:25:00,177.6,8,72,30.9,0,0,0
2026-09-03 12:30:00,173.9,7,76,33.6,0,0,0
2026-09-03 12:35:00,171.9,1,76,33.7,0,0,0
2026-09-03 12:40:00,171.2,11,72,31.4,0,0,0
2026-09-03 12:45:00,172.5,5,74,33.6,0,0,0
2026-09-03 12:50:00,172.5,17,74,35.3,0,0,0
2026-09-03 12:55:00,172.1,10,75,31.8,0,0,0
2026-09-03 13:00:00,172.8,4,75,32.9,0,0,0
2026-09-03 13:05:00,173.2,32,74,34.2,0,0,0
2026-09-03 13:10:00,173.3,13,77,32.5,0,0,0
2026-09-03 13:15:00,173.3,15,75,37.9,0,0,0
2026-09-03 13:20:00,176.5,3,69,34.2,0,0,0
2026-09-03 13:25:00,177.6,10,75,33.1,0,0,0
2026-09-03 13:30:00,174.4,9,72,33.4,0,0,0
2026-09-03 13:35:00,170.5,6,73,29.8,0,0,0
2026-09-03 13:40:00,173.8,10,79,35.2,0,57,50
2026-09-03 13:45:00,179.1,14,77,35.5,0,0,0
2026-09-03 13:50:00,184.8,11,80,30.5,0,0,0
2026-09-03 13:55:00,192.0,3,80,34.0,0,0,0
2026-09-03 14:00:00,196.0,6,81,34.7,0,0,0
2026-09-03 14:05:00,198.3,10,79,34.7,0,0,0
2026-09-03 14:10:00,198.5,10,77,33.9,0,0,0
2026-09-03 14:15:00,200.5,15,74,32.2,0,0,0
2026-09-03 14:20:00,199.9,4,76,32.3,0,0,0
2026-09-03 14:25:00,198.9,4,72,37.4,0,0,0
2026-09-03 14:30:00,197.7,12,72,37.4,0,0,0
2026-09-03 14:35:00,200.0,13,71,32.8,0,0,0
2026-09-03 14:40:00,196.7,12,74,34.3,0,0,0
2026-09-03 14:45:00,198.1,4,70,33.9,0,0,0
2026-09-03 14:50:00,200.8,11,76,34.1,0,0,0
2026-09-03 14:55:00,197.0,6,73,35.0,0,0,0
2026-09-03 15:00:00,196.0,5,75,33.4,0,0,0
2026-09-03 15:05:00,189.2,12,76,35.9,0,0,0
2026-09-03 15:10:00,189.3,7,78,34.2,0,0,0
2026-09-03 15:15:00,190.8,5,72,34.2,0,0,0
2026-09-03 15:20:00,189.4,3,75,31.1,0,0,0
2026-09-03 15:25:00,188.9,15,74,35.7,0,0,0
2026-09-03 15:30:00,188.9,8,71,35.9,0,0,0
2026-09-03 15:35:00,186.7,4,71,30.7,0,0,0
2026-09-03 15:40:00,186.2,6,76,32.2,0,0,0
2026-09-03 15:45:00,186.2,5,75,35.0,0,0,0
2026-09-03 15:50:00,186.1,3,74,36.9,0,0,0
2026-09-03 15:55:00,184.5,12,71,33.6,0,0,0
2026-09-03 16:00:00,186.0,7,75,34.2,0,0,0
2026-09-03 16:05:00,184.1,18,77,34.4,0,0,0
2026-09-03 16:10:00,185.4,7,77,33.2,0,0,0
2026-09-03 16:15:00,185.7,10,75,33.5,0,0,0
2026-09-03 16:20:00,184.9,11,77,35.6,0,0,0
2026-09-03 16:25:00,186.9,18,73,31.2,0,0,0
2026-09-03 16:30:00,189.7,7,75,33.3,0,0,0
2026-09-03 16:35:00,187.7,11,75,33.1,0,0,0
2026-09-03 16:40:00,188.6,11,75,31.9,0,0,0
2026-09-03 16:45:00,190.1,8,76,31.7,0,0,0
2026-09-03 16:50:00,189.8,7,75,35.8,0,0,0
2026-09-03 16:55:00,188.0,4,74,31.5,0,0,0
2026-09-03 17:00:00,187.2,3,74,33.2,0,0,0
2026-09-03 17:05:00,185.3,8,77,35.4,0,0,0
2026-09-03 17:10:00,183.4,3,74,35.5,0,0,0
2026-09-03 17:15:00,181.5,15,74,32.9,0,0,0
2026-09-03 17:20:00,179.7,2,74,35.6,0,0,0
2026-09-03 17:25:00,177.9,8,76,33.1,0,0,0
2026-09-03 17:30:00,177.6,12,74,34.2,0,0,0
2026-09-03 17:35:00,180.3,14,75,32.1,0,0,0
2026-09-03 17:40:00,180.8,13,74,35.9,0,0,0
2026-09-03 17:45:00,178.4,12,77,36.9,0,22,65
2026-09-03 17:50:00,181.7,11,78,35.1,0,0,0
2026-09-03 17:55:00,183.0,6,82,33.3,0,0,0
2026-09-03 18:00:00,182.9,4,76,33.0,0,0,0
2026-09-03 18:05:00,185.6,11,79,33.5,0,0,0
2026-09-03 18:10:00,187.9,9,78,30.9,0,0,0
2026-09-03 18:15:00,188.1,4,78,28.9,0,0,0
2026-09-03 18:20:00,187.9,10,74,35.6,0,0,0
2026-09-03 18:25:00,185.8,13,77,34.4,0,0,0
2026-09-03 18:30:00,184.3,2,77,35.0,0,0,0
2026-09-03 18:35:00,185.6,15,75,30.5,0,0,0
2026-09-03 18:40:00,184.5,7,75,35.3,0,0,0
2026-09-03 18:45:00,187.7,2,74,32.3,0,0,0
2026-09-03 18:50:00,188.7,8,72,35.5,0,0,0
2026-09-03 18:55:00,188.1,9,74,32.9,0,0,0
2026-09-03 19:00:00,182.9,16,76,36.2,0,0,0
2026-09-03 19:05:00,184.5,15,76,31.8,0,0,0
2026-09-03 19:10:00,184.3,5,77,32.3,0,0,0
2026-09-03 19:15:00,184.7,3,79,32.9,0,0,0
2026-09-03 19:20:00,183.7,4,74,34.9,0,0,0
2026-09-03 19:25:00,185.9,8,74,31.7,0,0,0
2026-09-03 19:30:00,187.6,8,75,31.1,0,0,0
2026-09-03 19:35:00,189.0,4,72,30.1,0,0,0
2026-09-03 19:40:00,188.4,6,76,33.3,0,0,0
2026-09-03 19:45:00,186.5,9,74,35.6,0,0,0
2026-09-03 19:50:00,186.8,473,100,31.9,0,0,0
2026-09-03 19:55:00,185.3,474,103,32.7,0,0,0
2026-09-03 20:00:00,184.2,481,107,34.3,0,0,0
2026-09-03 20:05:00,183.2,12,76,30.9,0,0,0
2026-09-03 20:10:00,182.7,14,73,37.8,0,0,0
2026-09-03 20:15:00,180.8,7,76,35.7,0,0,0
2026-09-03 20:20:00,177.9,14,78,29.7,0,0,0
2026-09-03 20:25:00,176.7,9,70,31.2,0,0,0
2026-09-03 20:30:00,173.7,3,72,35.4,0,0,0
2026-09-03 20:35:00,170.7,8,75,33.0,0,0,0
2026-09-03 20:40:00,169.2,11,74,33.5,0,0,0
2026-09-03 20:45:00,172.7,10,75,33.6,0,0,0
2026-09-03 20:50:00,175.9,9,74,31.7,0,0,0
2026-09-03 20:55:00,177.4,5,74,31.1,0,0,0
2026-09-03 21:00:00,180.1,12,74,36.1,0,86,75
2026-09-03 21:05:00,198.6,4,74,34.4,0,0,0
2026-09-03 21:10:00,213.5,7,75,34.8,0,0,0
2026-09-03 21:15:00,224.8,7,76,31.6,0,0,0
2026-09-03 21:20:00,230.3,4,73,34.1,0,0,0
2026-09-03 21:25:00,237.6,9,78,33.5,0,0,0
2026-09-03 21:30:00,243.1,6,71,31.9,0,0,0
2026-09-03 21:35:00,243.8,6,74,33.8,0,0,0
2026-09-03 21:40:00,243.8,11,77,33.6,0,0,0
2026-09-03 21:45:00,238.9,4,77,32.3,0,0,0
2026-09-03 21:50:00,237.3,13,72,35.2,0,0,0
2026-09-03 21:55:00,238.1,8,75,31.5,0,0,0
2026-09-03 22:00:00,235.2,16,75,37.1,0,0,0
2026-09-03 22:05:00,234.8,3,75,28.0,0,0,0
2026-09-03 22:10:00,231.0,12,72,34.5,0,0,0
2026-09-03 22:15:00,228.8,5,73,33.7,0,0,0
2026-09-03 22:20:00,227.1,3,75,30.9,0,0,0
2026-09-03 22:25:00,224.2,6,76,33.6,0,0,0
2026-09-03 22:30:00,219.1,6,72,34.9,0,0,0
2026-09-03 22:35:00,216.2,3,73,31.0,0,0,0
2026-09-03 22:40:00,210.6,4,76,35.2,0,0,0
2026-09-03 22:45:00,208.0,6,75,32.9,0,0,0
2026-09-03 22:50:00,203.5,3,70,33.8,0,0,0
2026-09-03 22:55:00,201.8,22,74,33.3,0,0,0
2026-09-03 23:00:00,198.9,7,74,35.4,0,0,0
2026-09-03 23:05:00,198.0,10,77,31.5,0,0,0
2026-09-03 23:10:00,196.7,11,72,35.8,0,0,0
2026-09-03 23:15:00,194.5,0,65,52.1,1,0,0
2026-09-03 23:20:00,190.8,0,65,54.0,1,0,0
2026-09-03 23:25:00,186.8,1,67,51.6,1,0,0
2026-09-03 23:30:00,188.8,1,66,54.4,1,0,0
2026-09-03 23:35:00,187.9,1,67,50.3,1,0,0
2026-09-03 23:40:00,191.8,0,64,54.8,1,0,0
2026-09-03 23:45:00,189.3,0,63,53.1,1,0,0
2026-09-03 23:50:00,189.0,0,66,56.0,1,0,0
2026-09-03 23:55:00,187.4,0,70,53.2,1,0,0
2026-09-04 00:00:00,186.4,0,67,55.9,1,0,0
2026-09-04 00:05:00,187.4,0,65,58.6,1,0,0
2026-09-04 00:10:00,182.0,1,66,55.7,1,0,0
2026-09-04 00:15:00,182.4,0,69,54.5,1,0,0
2026-09-04 00:20:00,184.0,0,70,54.0,1,0,0
2026-09-04 00:25:00,182.4,1,66,54.5,1,0,0
2026-09-04 00:30:00,178.7,0,66,54.6,1,0,0
2026-09-04 00:35:00,180.2,0,65,52.5,1,0,0
2026-09-04 00:40:00,181.6,0,67,53.7,1,0,0
2026-09-04 00:45:00,181.8,1,67,55.7,1,0,0
2026-09-04 00:50:00,178.4,0,70,55.2,1,0,0
2026-09-04 00:55:00,176.9,0,65,57.2,1,0,0
2026-09-04 01:00:00,172.1,0,69,56.1,1,0,0
2026-09-04 01:05:00,171.8,0,65,54.6,1,0,0
2026-09-04 01:10:00,172.0,0,64,55.7,1,0,0
2026-09-04 01:15:00,173.5,0,64,54.7,1,0,0
2026-09-04 01:20:00,169.3,2,68,57.1,1,0,0
2026-09-04 01:25:00,166.6,0,63,54.4,1,0,0
2026-09-04 01:30:00,167.9,0,65,52.0,1,0,0
2026-09-04 01:35:00,165.8,1,69,53.9,1,0,0
2026-09-04 01:40:00,165.8,1,67,52.6,1,0,0
2026-09-04 01:45:00,165.4,0,68,51.9,1,0,0
2026-09-04 01:50:00,167.7,0,68,55.0,1,0,0
2026-09-04 01:55:00,169.1,0,65,58.2,1,0,0
2026-09-04 02:00:00,171.5,0,68,53.4,1,0,0
2026-09-04 02:05:00,171.0,0,68,56.3,1,0,0
2026-09-04 02:10:00,172.6,1,66,52.6,1,0,0
2026-09-04 02:15:00,174.5,0,67,56.5,1,0,0
2026-09-04 02:20:00,172.8,0,66,55.4,1,0,0
2026-09-04 02:25:00,170.7,1,67,53.7,1,0,0
2026-09-04 02:30:00,171.5,0,66,54.9,1,0,0
2026-09-04 02:35:00,171.5,2,68,50.5,1,0,0
2026-09-04 02:40:00,169.7,0,65,52.5,1,0,0
2026-09-04 02:45:00,166.8,0,70,58.0,1,0,0
2026-09-04 02:50:00,167.3,2,67,52.3,1,0,0
2026-09-04 02:55:00,168.8,0,63,54.7,1,0,0
2026-09-04 03:00:00,167.1,0,62,53.1,1,0,0
2026-09-04 03:05:00,169.0,0,66,53.7,1,0,0
2026-09-04 03:10:00,171.0,1,69,55.0,1,0,0
2026-09-04 03:15:00,170.6,0,68,56.1,1,0,0
2026-09-04 03:20:00,176.2,1,67,53.2,1,0,0
2026-09-04 03:25:00,172.1,0,67,53.4,1,0,0
2026-09-04 03:30:00,173.2,0,69,51.6,1,0,0
2026-09-04 03:35:00,172.2,0,64,56.1,1,0,0
2026-09-04 03:40:00,170.0,0,70,54.9,1,0,0
2026-09-04 03:45:00,170.3,0,68,52.8,1,0,0
2026-09-04 03:50:00,169.7,1,68,50.6,1,0,0
2026-09-04 03:55:00,171.8,1,67,55.4,1,0,0
2026-09-04 04:00:00,168.3,0,64,52.7,1,0,0
2026-09-04 04:05:00,169.0,0,68,53.9,1,0,0
2026-09-04 04:10:00,167.1,0,66,57.2,1,0,0
2026-09-04 04:15:00,164.5,0,64,51.8,1,0,0
2026-09-04 04:20:00,165.5,0,66,54.3,1,0,0
2026-09-04 04:25:00,166.4,0,63,55.1,1,0,0
2026-09-04 04:30:00,167.4,0,66,53.9,1,0,0
2026-09-04 04:35:00,169.5,0,66,58.2,1,0,0
2026-09-04 04:40:00,171.2,0,66,51.7,1,0,0
2026-09-04 04:45:00,175.4,0,65,57.4,1,0,0
2026-09-04 04:50:00,174.3,0,66,55.7,1,0,0
2026-09-04 04:55:00,175.8,0,65,54.6,1,0,0
2026-09-04 05:00:00,177.2,0,65,55.4,1,0,0
2026-09-04 05:05:00,178.2,0,66,54.0,1,0,0
2026-09-04 05:10:00,179.7,1,69,51.9,1,0,0
2026-09-04 05:15:00,175.4,1,64,49.8,1,0,0
2026-09-04 05:20:00,176.7,0,70,51.6,1,0,0
2026-09-04 05:25:00,176.3,0,68,53.2,1,0,0
2026-09-04 05:30:00,179.8,2,69,53.7,1,0,0
2026-09-04 05:35:00,178.3,0,68,53.9,1,0,0
2026-09-04 05:40:00,177.1,0,67,53.3,1,0,0
2026-09-04 05:45:00,177.1,0,65,53.8,1,0,0
2026-09-04 05:50:00,176.7,0,68,55.3,1,0,0
2026-09-04 05:55:00,178.1,0,65,51.2,1,0,0
2026-09-04 06:00:00,178.3,0,67,53.9,1,0,0
2026-09-04 06:05:00,180.1,0,69,54.0,1,0,0
2026-09-04 06:10:00,181.4,0,65,55.3,1,0,0
2026-09-04 06:15:00,183.4,0,67,52.3,1,0,0
2026-09-04 06:20:00,187.1,0,69,55.5,1,0,0
2026-09-04 06:25:00,186.5,0,67,55.1,1,0,0
2026-09-04 06:30:00,185.9,0,65,55.3,1,0,0
2026-09-04 06:35:00,181.8,15,72,35.9,0,0,0
2026-09-04 06:40:00,180.5,18,77,36.1,0,0,0
2026-09-04 06:45:00,180.4,5,74,34.2,0,0,0
2026-09-04 06:50:00,181.4,6,71,31.4,0,0,0
2026-09-04 06:55:00,181.5,4,79,34.5,0,0,0
2026-09-04 07:00:00,182.4,12,77,35.2,0,0,0
2026-09-04 07:05:00,181.5,3,74,33.0,0,0,0
2026-09-04 07:10:00,181.3,5,73,36.8,0,0,0
2026-09-04 07:15:00,178.7,9,77,35.4,0,0,0
2026-09-04 07:20:00,177.2,13,76,32.9,0,0,0
2026-09-04 07:25:00,179.4,12,73,34.8,0,0,0
2026-09-04 07:30:00,176.2,4,69,30.4,0,0,0
2026-09-04 07:35:00,175.2,9,78,31.1,0,0,0
2026-09-04 07:40:00,175.7,9,75,34.7,0,0,0
2026-09-04 07:45:00,177.6,2,78,34.2,0,32,55
2026-09-04 07:50:00,183.2,13,79,32.3,0,0,0
2026-09-04 07:55:00,184.6,8,75,35.7,0,0,0
2026-09-04 08:00:00,184.2,11,75,35.8,0,0,0
2026-09-04 08:05:00,183.6,10,78,31.6,0,0,0
2026-09-04 08:10:00,186.1,3,76,35.6,0,0,0
2026-09-04 08:15:00,187.1,20,77,32.8,0,0,0
2026-09-04 08:20:00,186.7,10,75,34.4,0,0,0
2026-09-04 08:25:00,190.3,15,73,33.5,0,0,0
2026-09-04 08:30:00,188.5,11,73,31.4,0,0,0
2026-09-04 08:35:00,190.3,8,74,33.5,0,0,0
2026-09-04 08:40:00,188.0,14,79,30.3,0,0,0
2026-09-04 08:45:00,188.2,11,74,33.7,0,0,0
2026-09-04 08:50:00,190.0,14,77,34.0,0,0,0
2026-09-04 08:55:00,190.7,10,74,34.6,0,0,0
2026-09-04 09:00:00,191.2,11,76,31.6,0,0,0
2026-09-04 09:05:00,186.1,5,73,30.5,0,0,0
2026-09-04 09:10:00,187.8,0,73,32.0,0,0,0
2026-09-04 09:15:00,189.8,5,76,33.4,0,0,0
2026-09-04 09:20:00,190.3,5,74,32.8,0,0,0
2026-09-04 09:25:00,188.8,13,73,34.4,0,0,0
2026-09-04 09:30:00,187.2,11,73,32.7,0,0,0
2026-09-04 09:35:00,185.9,6,72,31.4,0,0,0
2026-09-04 09:40:00,187.6,7,74,34.3,0,0,0
2026-09-04 09:45:00,187.5,13,74,36.8,0,0,0
2026-09-04 09:50:00,185.2,10,78,33.5,0,0,0
2026-09-04 09:55:00,183.7,7,72,35.6,0,0,0
2026-09-04 10:00:00,183.5,11,76,31.8,0,0,0
2026-09-04 10:05:00,186.2,3,74,30.3,0,0,0
2026-09-04 10:10:00,186.7,10,76,31.6,0,0,0
2026-09-04 10:15:00,179.9,7,73,32.9,0,0,0
2026-09-04 10:20:00,176.6,15,76,33.0,0,0,0
2026-09-04 10:25:00,173.0,16,76,34.1,0,0,0
2026-09-04 10:30:00,172.9,7,71,29.2,0,0,0
2026-09-04 10:35:00,174.6,8,74,34.6,0,0,0
2026-09-04 10:40:00,174.2,5,73,33.9,0,0,0
2026-09-04 10:45:00,175.7,7,78,34.7,0,0,0
2026-09-04 10:50:00,172.0,19,78,31.7,0,0,0
2026-09-04 10:55:00,170.4,4,75,34.3,0,0,0
2026-09-04 11:00:00,172.8,9,77,35.4,0,0,0
2026-09-04 11:05:00,171.0,17,73,34.0,0,0,0
2026-09-04 11:10:00,172.9,7,75,32.1,0,0,0
2026-09-04 11:15:00,168.4,8,78,34.5,0,0,0
2026-09-04 11:20:00,168.8,15,76,32.7,0,0,0
2026-09-04 11:25:00,169.4,5,74,33.1,0,0,0
2026-09-04 11:30:00,170.1,2,73,34.0,0,0,0
2026-09-04 11:35:00,173.2,10,74,29.7,0,0,0
2026-09-04 11:40:00,174.7,18,75,32.2,0,0,0
2026-09-04 11:45:00,175.0,5,73,37.1,0,0,0
2026-09-04 11:50:00,175.7,10,75,33.5,0,0,0
2026-09-04 11:55:00,175.5,7,73,34.4,0,0,0
2026-09-04 12:00:00,176.7,7,74,31.0,0,0,0
2026-09-04 12:05:00,175.9,13,76,31.2,0,0,0
2026-09-04 12:10:00,178.9,10,77,35.2,0,0,0
2026-09-04 12:15:00,179.3,7,77,36.0,0,0,0
2026-09-04 12:20:00,179.2,11,74,34.5,0,0,0
2026-09-04 12:25:00,179.7,12,77,34.4,0,0,0
2026-09-04 12:30:00,177.4,12,76,34.5,0,0,0
2026-09-04 12:35:00,174.7,13,75,28.7,0,0,0
2026-09-04 12:40:00,174.0,13,75,31.4,0,0,0
2026-09-04 12:45:00,176.1,467,105,33.0,0,0,0
2026-09-04 12:50:00,174.7,455,104,33.9,0,0,0
2026-09-04 12:55:00,176.4,6,75,33.2,0,0,0
2026-09-04 13:00:00,175.5,9,74,35.5,0,0,0
2026-09-04 13:05:00,173.0,11,77,34.2,0,0,0
2026-09-04 13:10:00,172.7,2,79,36.8,0,0,0
2026-09-04 13:15:00,168.6,4,76,36.2,0,0,0
2026-09-04 13:20:00,170.4,5,77,33.6,0,0,0
2026-09-04 13:25:00,167.7,13,73,38.8,0,0,0
2026-09-04 13:30:00,171.0,8,73,33.3,0,0,0
2026-09-04 13:35:00,171.4,6,76,30.6,0,0,0
2026-09-04 13:40:00,171.7,8,73,30.7,0,0,0
2026-09-04 13:45:00,174.5,7,74,32.7,0,0,0
2026-09-04 13:50:00,178.9,8,71,34.8,0,0,0
2026-09-04 13:55:00,179.0,13,74,35.4,0,0,0
2026-09-04 14:00:00,177.1,3,81,34.0,0,51,50
2026-09-04 14:05:00,182.6,16,79,32.0,0,0,0
2026-09-04 14:10:00,188.3,7,76,33.1,0,0,0
2026-09-04 14:15:00,186.3,14,78,34.0,0,0,0
2026-09-04 14:20:00,187.0,16,78,29.3,0,0,0
2026-09-04 14:25:00,189.4,4,75,32.8,0,0,0
2026-09-04 14:30:00,196.5,16,75,35.5,0,0,0
2026-09-04 14:35:00,193.5,13,72,33.0,0,0,0
2026-09-04 14:40:00,194.2,6,73,37.6,0,0,0
2026-09-04 14:45:00,193.1,16,77,31.9,0,0,0
2026-09-04 14:50:00,189.9,6,73,32.0,0,0,0
2026-09-04 14:55:00,195.2,8,75,32.3,0,0,0
2026-09-04 15:00:00,195.5,13,77,33.6,0,0,0
2026-09-04 15:05:00,192.0,5,74,32.7,0,0,0
2026-09-04 15:10:00,190.4,3,71,31.5,0,0,0
2026-09-04 15:15:00,193.9,5,74,34.3,0,0,0
2026-09-04 15:20:00,187.5,13,76,34.9,0,0,0
2026-09-04 15:25:00,187.1,2,71,33.5,0,0,0
2026-09-04 15:30:00,189.3,11,70,34.7,0,0,0
2026-09-04 15:35:00,189.8,4,71,31.5,0,0,0
2026-09-04 15:40:00,187.4,12,72,33.7,0,0,0
2026-09-04 15:45:00,185.8,13,73,31.6,0,0,0
2026-09-04 15:50:00,183.2,10,76,33.0,0,0,0
2026-09-04 15:55:00,181.9,9,70,33.0,0,0,0
2026-09-04 16:00:00,178.1,8,74,35.2,0,0,0
2026-09-04 16:05:00,176.0,13,74,36.5,0,0,0
2026-09-04 16:10:00,172.6,8,77,31.2,0,0,0
2026-09-04 16:15:00,169.9,15,76,35.2,0,0,0
2026-09-04 16:20:00,172.4,7,74,35.4,0,0,0
2026-09-04 16:25:00,170.6,7,74,32.4,0,0,0
2026-09-04 16:30:00,169.4,4,73,31.5,0,0,0
2026-09-04 16:35:00,172.3,5,75,36.5,0,0,0
2026-09-04 16:40:00,173.9,6,74,26.7,0,0,0
2026-09-04 16:45:00,173.5,17,79,34.8,0,0,0
2026-09-04 16:50:00,172.5,3,76,36.9,0,0,0
2026-09-04 16:55:00,168.6,5,75,31.7,0,0,0
2026-09-04 17:00:00,172.5,7,74,31.8,0,0,0
2026-09-04 17:05:00,172.8,8,75,35.7,0,0,0
2026-09-04 17:10:00,171.3,5,74,33.7,0,0,0
2026-09-04 17:15:00,170.3,7,75,34.4,0,0,0
2026-09-04 17:20:00,167.5,7,75,33.1,0,0,0
2026-09-04 17:25:00,168.8,6,75,35.4,0,0,0
2026-09-04 17:30:00,173.1,24,78,31.7,0,0,0
2026-09-04 17:35:00,172.2,8,76,34.4,0,0,0
2026-09-04 17:40:00,171.0,9,77,34.3,0,0,0
2026-09-04 17:45:00,172.1,8,74,33.3,0,0,0
2026-09-04 17:50:00,171.6,9,74,33.3,0,0,0
2026-09-04 17:55:00,171.5,17,77,32.7,0,23,65
2026-09-04 18:00:00,177.2,12,82,33.0,0,0,0
2026-09-04 18:05:00,176.2,10,79,35.1,0,0,0
2026-09-04 18:10:00,177.5,7,76,32.4,0,0,0
2026-09-04 18:15:00,182.0,7,80,31.4,0,0,0
2026-09-04 18:20:00,184.4,2,77,35.3,0,0,0
2026-09-04 18:25:00,187.0,4,73,33.3,0,0,0
2026-09-04 18:30:00,186.8,12,77,34.2,0,0,0
2026-09-04 18:35:00,190.0,13,76,35.5,0,0,0
2026-09-04 18:40:00,190.8,11,75,34.7,0,0,0
2026-09-04 18:45:00,190.7,8,74,32.2,0,0,0
2026-09-04 18:50:00,192.6,9,73,36.1,0,0,0
2026-09-04 18:55:00,197.2,3,73,33.8,0,0,0
2026-09-04 19:00:00,198.8,4,72,33.7,0,0,0
2026-09-04 19:05:00,194.3,3,75,34.3,0,0,0
2026-09-04 19:10:00,189.2,3,76,34.2,0,0,0
2026-09-04 19:15:00,184.8,6,75,29.9,0,0,0
2026-09-04 19:20:00,182.4,8,76,36.3,0,0,0
2026-09-04 19:25:00,182.1,12,76,33.6,0,0,0
2026-09-04 19:30:00,186.1,10,73,32.7,0,0,0
2026-09-04 19:35:00,184.5,7,76,33.2,0,0,0
2026-09-04 19:40:00,181.5,7,74,33.0,0,0,0
2026-09-04 19:45:00,179.0,6,75,34.2,0,0,0
2026-09-04 19:50:00,177.3,6,74,34.3,0,0,0
2026-09-04 19:55:00,179.0,18,73,34.3,0,0,0
2026-09-04 20:00:00,178.2,6,77,32.3,0,0,0
2026-09-04 20:05:00,181.0,10,77,34.8,0,0,0
2026-09-04 20:10:00,180.1,6,73,37.6,0,0,0
2026-09-04 20:15:00,181.1,5,77,35.0,0,0,0
2026-09-04 20:20:00,183.1,6,76,32.6,0,0,0
2026-09-04 20:25:00,185.8,13,76,29.4,0,0,0
2026-09-04 20:30:00,182.9,2,71,29.3,0,0,0
2026-09-04 20:35:00,182.5,10,75,31.0,0,0,0
2026-09-04 20:40:00,181.2,8,76,32.7,0,0,0
2026-09-04 20:45:00,180.9,9,77,33.5,0,0,0
2026-09-04 20:50:00,179.8,9,76,35.8,0,0,0
2026-09-04 20:55:00,180.4,15,78,34.3,0,0,0
2026-09-04 21:00:00,176.6,7,72,34.3,0,0,0
2026-09-04 21:05:00,181.3,5,74,37.8,0,0,0
2026-09-04 21:10:00,182.5,15,77,33.8,0,85,75
2026-09-04 21:15:00,197.7,6,75,30.7,0,0,0
2026-09-04 21:20:00,211.0,5,77,35.7,0,0,0
2026-09-04 21:25:00,219.4,5,78,33.5,0,0,0
2026-09-04 21:30:00,228.7,5,75,27.9,0,0,0
2026-09-04 21:35:00,231.6,26,77,35.1,0,0,0
2026-09-04 21:40:00,234.4,6,78,33.1,0,0,0
2026-09-04 21:45:00,236.9,6,75,32.8,0,0,0
2026-09-04 21:50:00,238.5,4,73,32.9,0,0,0
2026-09-04 21:55:00,236.9,7,71,30.7,0,0,0
2026-09-04 22:00:00,235.4,8,72,31.9,0,0,0
2026-09-04 22:05:00,237.3,13,76,31.8,0,0,0
2026-09-04 22:10:00,234.8,4,75,36.0,0,0,0
2026-09-04 22:15:00,231.3,13,72,34.0,0,0,0
2026-09-04 22:20:00,229.9,6,71,37.2,0,0,0
2026-09-04 22:25:00,227.3,6,78,36.5,0,0,0
2026-09-04 22:30:00,226.4,1,67,54.7,1,0,0
2026-09-04 22:35:00,225.7,1,66,53.0,1,0,0
2026-09-04 22:40:00,222.3,0,64,53.0,1,0,0
2026-09-04 22:45:00,222.1,0,67,49.5,1,0,0
2026-09-04 22:50:00,219.0,1,69,52.8,1,0,0
2026-09-04 22:55:00,213.7,2,66,52.8,1,0,0
2026-09-04 23:00:00,212.3,0,64,51.8,1,0,0
2026-09-04 23:05:00,208.0,0,62,54.1,1,0,0
2026-09-04 23:10:00,205.0,2,68,49.0,1,0,0
2026-09-04 23:15:00,203.2,0,61,52.7,1,0,0
2026-09-04 23:20:00,200.5,0,67,55.7,1,0,0
2026-09-04 23:25:00,200.5,0,65,55.7,1,0,0
2026-09-04 23:30:00,199.3,0,67,58.0,1,0,0
2026-09-04 23:35:00,202.2,0,66,51.9,1,0,0
2026-09-04 23:40:00,201.1,0,63,54.1,1,0,0
2026-09-04 23:45:00,199.3,0,66,54.0,1,0,0
2026-09-04 23:50:00,197.6,1,65,51.0,1,0,0
2026-09-04 23:55:00,195.7,0,66,53.1,1,0,0
2026-09-05 00:00:00,192.9,1,66,55.1,1,0,0
2026-09-05 00:05:00,193.0,0,64,54.0,1,0,0
2026-09-05 00:10:00,191.1,0,63,55.0,1,0,0
2026-09-05 00:15:00,189.3,2,67,52.9,1,0,0
2026-09-05 00:20:00,187.6,0,70,54.3,1,0,0
2026-09-05 00:25:00,189.5,0,65,53.9,1,0,0
2026-09-05 00:30:00,189.3,0,67,53.8,1,0,0
2026-09-05 00:35:00,190.4,0,68,56.5,1,0,0
2026-09-05 00:40:00,186.2,0,67,55.1,1,0,0
2026-09-05 00:45:00,181.8,0,67,51.7,1,0,0
2026-09-05 00:50:00,181.3,0,67,54.2,1,0,0
2026-09-05 00:55:00,178.3,0,65,51.0,1,0,0
2026-09-05 01:00:00,179.4,0,64,52.1,1,0,0
2026-09-05 01:05:00,176.5,0,68,52.8,1,0,0
2026-09-05 01:10:00,175.1,0,68,53.1,1,0,0
2026-09-05 01:15:00,176.5,0,65,54.9,1,0,0
2026-09-05 01:20:00,175.6,0,68,55.8,1,0,0
2026-09-05 01:25:00,172.9,1,67,54.3,1,0,0
2026-09-05 01:30:00,174.9,0,67,53.3,1,0,0
2026-09-05 01:35:00,171.6,1,69,56.2,1,0,0
2026-09-05 01:40:00,172.2,0,66,53.2,1,0,0
2026-09-05 01:45:00,171.8,0,67,52.8,1,0,0
2026-09-05 01:50:00,173.0,0,65,53.8,1,0,0
2026-09-05 01:55:00,175.2,0,69,59.1,1,0,0
2026-09-05 02:00:00,175.7,0,68,54.1,1,0,0
2026-09-05 02:05:00,179.6,0,67,56.3,1,0,0
2026-09-05 02:10:00,178.7,0,69,52.3,1,0,0
2026-09-05 02:15:00,176.0,0,66,53.4,1,0,0
2026-09-05 02:20:00,172.1,0,65,52.5,1,0,0
2026-09-05 02:25:00,171.8,1,68,52.9,1,0,0
2026-09-05 02:30:00,176.8,1,63,53.4,1,0,0
2026-09-05 02:35:00,172.9,0,63,54.4,1,0,0
2026-09-05 02:40:00,173.1,1,67,56.3,1,0,0
2026-09-05 02:45:00,174.3,0,67,51.4,1,0,0
2026-09-05 02:50:00,174.9,0,65,52.7,1,0,0
2026-09-05 02:55:00,175.5,0,64,56.1,1,0,0
2026-09-05 03:00:00,176.1,0,67,55.3,1,0,0
2026-09-05 03:05:00,172.1,0,68,51.6,1,0,0
2026-09-05 03:10:00,175.8,1,67,54.2,1,0,0
2026-09-05 03:15:00,176.3,1,70,54.3,1,0,0
2026-09-05 03:20:00,174.3,0,68,53.2,1,0,0
2026-09-05 03:25:00,175.5,0,65,54.2,1,0,0
2026-09-05 03:30:00,177.2,0,65,54.1,1,0,0
2026-09-05 03:35:00,176.1,0,64,52.7,1,0,0
2026-09-05 03:40:00,175.2,0,63,56.2,1,0,0
2026-09-05 03:45:00,174.2,0,69,55.1,1,0,0
2026-09-05 03:50:00,173.0,0,66,53.4,1,0,0
2026-09-05 03:55:00,175.9,0,67,54.9,1,0,0
2026-09-05 04:00:00,174.5,0,63,55.5,1,0,0
2026-09-05 04:05:00,169.3,0,66,54.1,1,0,0
2026-09-05 04:10:00,168.5,0,61,53.9,1,0,0
2026-09-05 04:15:00,171.3,0,64,54.6,1,0,0
2026-09-05 04:20:00,173.9,0,63,56.1,1,0,0
2026-09-05 04:25:00,175.7,0,69,54.7,1,0,0
2026-09-05 04:30:00,178.7,1,68,54.2,1,0,0
2026-09-05 04:35:00,181.6,0,65,53.8,1,0,0
2026-09-05 04:40:00,182.0,0,68,55.6,1,0,0
2026-09-05 04:45:00,182.8,0,68,55.7,1,0,0
2026-09-05 04:50:00,182.9,0,71,50.2,1,0,0
2026-09-05 04:55:00,187.9,0,62,52.3,1,0,0
2026-09-05 05:00:00,189.8,1,68,54.0,1,0,0
2026-09-05 05:05:00,189.5,0,65,53.1,1,0,0
2026-09-05 05:10:00,187.5,0,66,55.7,1,0,0
2026-09-05 05:15:00,185.8,0,66,50.3,1,0,0
2026-09-05 05:20:00,186.4,2,68,58.4,1,0,0
2026-09-05 05:25:00,187.3,1,68,52.5,1,0,0
2026-09-05 05:30:00,185.4,0,68,54.2,1,0,0
2026-09-05 05:35:00,183.7,0,66,55.2,1,0,0
2026-09-05 05:40:00,183.9,0,66,52.4,1,0,0
2026-09-05 05:45:00,182.8,0,68,54.1,1,0,0
2026-09-05 05:50:00,180.3,0,68,52.6,1,0,0
2026-09-05 05:55:00,180.1,0,68,54.7,1,0,0
2026-09-05 06:00:00,179.5,0,63,52.6,1,0,0
2026-09-05 06:05:00,180.0,0,67,53.9,1,0,0
2026-09-05 06:10:00,177.7,0,65,53.2,1,0,0
2026-09-05 06:15:00,176.2,0,70,55.1,1,0,0
2026-09-05 06:20:00,175.8,0,62,52.9,1,0,0
2026-09-05 06:25:00,175.3,1,68,53.8,1,0,0
2026-09-05 06:30:00,174.7,0,67,53.7,1,0,0
2026-09-05 06:35:00,174.9,0,68,54.0,1,0,0
2026-09-05 06:40:00,175.0,0,65,50.0,1,0,0
2026-09-05 06:45:00,173.3,5,75,32.7,0,0,0
2026-09-05 06:50:00,179.7,6,75,33.4,0,0,0
2026-09-05 06:55:00,181.6,4,73,29.7,0,0,0
2026-09-05 07:00:00,183.6,7,76,33.8,0,0,0
2026-09-05 07:05:00,183.0,17,74,34.7,0,0,0
2026-09-05 07:10:00,183.2,4,75,33.8,0,0,0
2026-09-05 07:15:00,184.3,3,75,34.4,0,0,0
2026-09-05 07:20:00,186.0,7,73,34.7,0,0,0
2026-09-05 07:25:00,180.5,13,75,30.1,0,0,0
2026-09-05 07:30:00,183.6,13,76,32.3,0,0,0
2026-09-05 07:35:00,182.5,2,77,31.0,0,0,0
2026-09-05 07:40:00,181.2,6,75,34.1,0,0,0
2026-09-05 07:45:00,178.2,8,76,32.5,0,0,0
2026-09-05 07:50:00,177.7,7,76,33.0,0,0,0
2026-09-05 07:55:00,178.5,9,72,34.7,0,0,0
2026-09-05 08:00:00,178.9,8,78,34.0,0,0,0
2026-09-05 08:05:00,178.7,8,76,33.8,0,0,0
2026-09-05 08:10:00,177.5,3,75,33.8,0,0,0
2026-09-05 08:15:00,176.9,6,78,31.1,0,29,55
2026-09-05 08:20:00,181.0,7,79,35.5,0,0,0
2026-09-05 08:25:00,184.8,18,77,33.4,0,0,0
2026-09-05 08:30:00,189.7,16,77,30.7,0,0,0
2026-09-05 08:35:00,194.4,9,80,34.3,0,0,0
2026-09-05 08:40:00,193.6,20,78,37.3,0,0,0
2026-09-05 08:45:00,194.2,6,75,33.1,0,0,0
2026-09-05 08:50:00,192.9,11,77,35.3,0,0,0
2026-09-05 08:55:00,192.2,4,75,34.6,0,0,0
2026-09-05 09:00:00,191.6,6,77,31.8,0,0,0
2026-09-05 09:05:00,190.5,5,75,31.7,0,0,0
2026-09-05 09:10:00,185.1,28,77,29.6,0,0,0
2026-09-05 09:15:00,185.4,7,75,36.2,0,0,0
2026-09-05 09:20:00,183.7,8,74,31.8,0,0,0
2026-09-05 09:25:00,186.2,7,73,36.8,0,0,0
2026-09-05 09:30:00,185.6,10,75,37.9,0,0,0
2026-09-05 09:35:00,186.7,5,76,27.2,0,0,0
2026-09-05 09:40:00,185.1,4,74,36.1,0,0,0
2026-09-05 09:45:00,180.9,9,76,34.0,0,0,0
2026-09-05 09:50:00,181.1,11,75,29.7,0,0,0
2026-09-05 09:55:00,178.8,12,77,35.8,0,0,0
2026-09-05 10:00:00,178.8,4,72,32.3,0,0,0
2026-09-05 10:05:00,178.0,7,75,30.4,0,0,0
2026-09-05 10:10:00,177.1,9,76,36.3,0,0,0
2026-09-05 10:15:00,178.9,8,73,31.1,0,0,0
2026-09-05 10:20:00,175.8,7,76,31.4,0,0,0
2026-09-05 10:25:00,178.3,4,75,34.3,0,0,0
2026-09-05 10:30:00,178.5,2,77,36.3,0,0,0
2026-09-05 10:35:00,178.1,7,76,34.0,0,0,0
2026-09-05 10:40:00,178.0,11,74,33.5,0,0,0
2026-09-05 10:45:00,175.0,12,76,31.2,0,0,0
2026-09-05 10:50:00,176.3,13,71,32.5,0,0,0
2026-09-05 10:55:00,176.8,10,76,34.1,0,0,0
2026-09-05 11:00:00,175.1,13,73,33.7,0,0,0
2026-09-05 11:05:00,174.3,6,74,36.3,0,0,0
2026-09-05 11:10:00,177.2,10,73,33.1,0,0,0
2026-09-05 11:15:00,177.5,11,76,31.5,0,0,0
2026-09-05 11:20:00,176.4,9,71,30.6,0,0,0
2026-09-05 11:25:00,174.5,3,75,34.2,0,0,0
2026-09-05 11:30:00,170.5,16,76,33.0,0,0,0
2026-09-05 11:35:00,168.0,15,77,35.8,0,0,0
2026-09-05 11:40:00,165.3,8,74,31.8,0,0,0
2026-09-05 11:45:00,166.2,8,77,33.2,0,0,0
2026-09-05 11:50:00,166.4,12,73,29.7,0,0,0
2026-09-05 11:55:00,170.7,9,77,31.9,0,0,0
2026-09-05 12:00:00,172.6,9,78,38.6,0,0,0
2026-09-05 12:05:00,172.5,16,78,31.9,0,0,0
2026-09-05 12:10:00,173.6,3,75,32.3,0,0,0
2026-09-05 12:15:00,172.1,9,75,31.1,0,0,0
2026-09-05 12:20:00,173.1,4,74,34.4,0,0,0
2026-09-05 12:25:00,173.1,10,73,33.2,0,0,0
2026-09-05 12:30:00,171.8,4,75,33.4,0,0,0
2026-09-05 12:35:00,170.4,5,73,30.7,0,0,0
2026-09-05 12:40:00,172.3,9,77,30.4,0,0,0
2026-09-05 12:45:00,172.8,7,78,34.5,0,0,0
2026-09-05 12:50:00,174.2,9,69,33.6,0,0,0
2026-09-05 12:55:00,175.8,9,75,31.9,0,0,0
2026-09-05 13:00:00,176.7,3,71,29.7,0,0,0
2026-09-05 13:05:00,172.9,12,73,35.1,0,0,0
2026-09-05 13:10:00,172.2,14,75,33.4,0,0,0
2026-09-05 13:15:00,173.2,5,76,35.0,0,0,0
2026-09-05 13:20:00,171.7,1,73,35.3,0,0,0
2026-09-05 13:25:00,171.7,21,72,32.3,0,0,0
2026-09-05 13:30:00,169.7,13,79,34.7,0,0,0
2026-09-05 13:35:00,173.4,8,77,30.9,0,0,0
2026-09-05 13:40:00,176.5,8,75,29.3,0,0,0
2026-09-05 13:45:00,176.5,9,72,37.4,0,0,0
2026-09-05 13:50:00,175.4,4,69,36.9,0,0,0
2026-09-05 13:55:00,174.0,12,74,32.8,0,0,0
2026-09-05 14:00:00,173.7,7,77,33.2,0,48,50
2026-09-05 14:05:00,181.2,5,75,32.9,0,0,0
2026-09-05 14:10:00,186.4,8,78,36.8,0,0,0
2026-09-05 14:15:00,187.6,411,102,34.0,0,0,0
2026-09-05 14:20:00,188.7,407,104,35.3,0,0,0
2026-09-05 14:25:00,189.7,7,77,35.5,0,0,0
2026-09-05 14:30:00,190.1,7,75,32.3,0,0,0
2026-09-05 14:35:00,193.0,12,72,33.8,0,0,0
2026-09-05 14:40:00,197.3,9,77,35.6,0,0,0
2026-09-05 14:45:00,198.6,6,73,33.5,0,0,0
2026-09-05 14:50:00,197.7,12,75,36.2,0,0,0
2026-09-05 14:55:00,197.0,6,73,36.7,0,0,0
2026-09-05 15:00:00,194.2,7,73,34.7,0,0,0
2026-09-05 15:05:00,193.3,10,73,34.2,0,0,0
2026-09-05 15:10:00,191.7,5,74,32.1,0,0,0
2026-09-05 15:15:00,189.1,21,76,29.2,0,0,0
2026-09-05 15:20:00,187.5,4,72,37.2,0,0,0
2026-09-05 15:25:00,185.7,7,73,35.8,0,0,0
2026-09-05 15:30:00,186.1,11,73,30.9,0,0,0
2026-09-05 15:35:00,184.2,11,74,32.6,0,0,0
2026-09-05 15:40:00,182.9,5,73,31.1,0,0,0
2026-09-05 15:45:00,182.5,2,76,30.3,0,0,0
2026-09-05 15:50:00,180.2,6,75,29.5,0,0,0
2026-09-05 15:55:00,182.6,20,74,31.6,0,0,0
2026-09-05 16:00:00,182.9,7,77,33.8,0,0,0
2026-09-05 16:05:00,182.9,3,74,34.1,0,0,0
2026-09-05 16:10:00,181.6,21,75,29.8,0,0,0
2026-09-05 16:15:00,178.7,12,74,34.8,0,0,0
2026-09-05 16:20:00,174.1,3,75,30.9,0,0,0
2026-09-05 16:25:00,173.7,5,73,32.3,0,0,0
2026-09-05 16:30:00,171.1,5,71,32.0,0,0,0
2026-09-05 16:35:00,173.6,4,75,35.7,0,0,0
2026-09-05 16:40:00,172.5,8,73,30.1,0,0,0
2026-09-05 16:45:00,173.8,15,77,33.8,0,0,0
2026-09-05 16:50:00,173.2,4,72,30.4,0,0,0
2026-09-05 16:55:00,174.7,9,75,32.4,0,0,0
2026-09-05 17:00:00,176.3,10,74,32.5,0,0,0
2026-09-05 17:05:00,170.6,15,73,35.2,0,0,0
2026-09-05 17:10:00,171.4,4,75,33.5,0,0,0
2026-09-05 17:15:00,169.2,7,77,35.7,0,0,0
2026-09-05 17:20:00,171.8,7,73,30.9,0,0,0
2026-09-05 17:25:00,168.6,13,75,34.6,0,0,0
2026-09-05 17:30:00,166.6,4,73,34.7,0,0,0
2026-09-05 17:35:00,169.5,9,73,33.9,0,0,0
2026-09-05 17:40:00,169.3,1,75,33.6,0,0,0
2026-09-05 17:45:00,168.1,12,75,34.9,0,0,0
2026-09-05 17:50:00,170.4,8,77,33.0,0,26,65
2026-09-05 17:55:00,175.2,4,77,31.4,0,0,0
2026-09-05 18:00:00,176.3,3,75,34.6,0,0,0
2026-09-05 18:05:00,176.1,11,77,32.8,0,0,0
2026-09-05 18:10:00,177.9,12,77,28.9,0,0,0
2026-09-05 18:15:00,180.6,7,75,35.4,0,0,0
2026-09-05 18:20:00,184.4,3,76,30.5,0,0,0
2026-09-05 18:25:00,184.6,4,71,32.2,0,0,0
2026-09-05 18:30:00,183.5,10,74,32.5,0,0,0
2026-09-05 18:35:00,182.5,8,74,34.8,0,0,0
2026-09-05 18:40:00,180.2,343,93,31.7,0,0,0
2026-09-05 18:45:00,183.3,353,94,33.0,0,0,0
2026-09-05 18:50:00,182.8,345,96,31.6,0,0,0
2026-09-05 18:55:00,183.1,343,90,33.3,0,0,0
2026-09-05 19:00:00,183.7,9,77,31.2,0,0,0
2026-09-05 19:05:00,185.8,31,75,32.8,0,0,0
2026-09-05 19:10:00,183.8,9,77,33.9,0,0,0
2026-09-05 19:15:00,186.8,14,73,34.8,0,0,0
2026-09-05 19:20:00,188.5,5,74,36.1,0,0,0
2026-09-05 19:25:00,186.0,2,73,31.0,0,0,0
2026-09-05 19:30:00,181.3,10,67,33.8,0,0,0
2026-09-05 19:35:00,177.0,10,76,33.1,0,0,0
2026-09-05 19:40:00,179.0,6,74,32.8,0,0,0
2026-09-05 19:45:00,180.4,16,74,34.5,0,0,0
2026-09-05 19:50:00,181.9,10,78,35.0,0,0,0
2026-09-05 19:55:00,180.0,10,77,30.3,0,0,0
2026-09-05 20:00:00,179.0,7,75,32.7,0,0,0
2026-09-05 20:05:00,177.7,8,72,38.2,0,0,0
2026-09-05 20:10:00,180.8,3,74,32.1,0,0,0
2026-09-05 20:15:00,179.3,13,76,35.1,0,0,0
2026-09-05 20:20:00,175.5,8,71,30.4,0,0,0
2026-09-05 20:25:00,172.5,25,79,29.5,0,0,0
2026-09-05 20:30:00,173.9,9,75,33.3,0,0,0
2026-09-05 20:35:00,175.9,6,74,32.9,0,0,0
2026-09-05 20:40:00,175.1,12,77,32.8,0,0,0
2026-09-05 20:45:00,171.8,11,75,33.6,0,0,0
2026-09-05 20:50:00,172.5,5,73,33.0,0,0,0
2026-09-05 20:55:00,172.9,13,75,36.2,0,0,0
2026-09-05 21:00:00,173.4,5,75,28.3,0,0,0
2026-09-05 21:05:00,176.2,23,75,33.7,0,0,0
2026-09-05 21:10:00,176.4,5,77,32.4,0,0,0
2026-09-05 21:15:00,175.1,11,81,33.8,0,62,55
2026-09-05 21:20:00,180.6,14,77,34.8,0,0,0
2026-09-05 21:25:00,184.8,13,78,35.2,0,0,0
2026-09-05 21:30:00,189.6,9,79,33.3,0,0,0
2026-09-05 21:35:00,195.7,11,78,33.3,0,0,0
2026-09-05 21:40:00,197.6,6,75,36.6,0,0,0
2026-09-05 21:45:00,201.7,5,73,35.0,0,0,0
2026-09-05 21:50:00,201.4,14,73,31.5,0,0,0
2026-09-05 21:55:00,203.3,8,77,33.6,0,0,0
2026-09-05 22:00:00,204.4,5,73,35.6,0,0,0
2026-09-05 22:05:00,203.4,4,75,32.2,0,0,0
2026-09-05 22:10:00,201.6,4,73,32.3,0,0,0
2026-09-05 22:15:00,205.1,4,74,31.7,0,0,0
2026-09-05 22:20:00,202.0,8,75,37.2,0,0,0
2026-09-05 22:25:00,202.4,24,76,32.2,0,0,0
2026-09-05 22:30:00,201.2,4,73,35.3,0,0,0
2026-09-05 22:35:00,202.1,5,75,33.7,0,0,0
2026-09-05 22:40:00,199.7,13,77,30.7,0,0,0
2026-09-05 22:45:00,200.4,10,75,31.5,0,0,0
2026-09-05 22:50:00,198.0,3,75,33.6,0,0,0
2026-09-05 22:55:00,196.0,12,79,34.9,0,0,0
2026-09-05 23:00:00,191.0,5,80,31.0,0,0,0
2026-09-05 23:05:00,187.1,5,73,33.2,0,0,0
2026-09-05 23:10:00,185.0,5,78,31.6,0,0,0
2026-09-05 23:15:00,185.1,5,75,33.5,0,0,0
2026-09-05 23:20:00,182.7,0,63,56.1,1,0,0
2026-09-05 23:25:00,184.2,0,66,54.1,1,0,0
2026-09-05 23:30:00,181.3,0,63,51.7,1,0,0
2026-09-05 23:35:00,177.9,0,67,51.5,1,0,0
2026-09-05 23:40:00,177.5,0,66,51.4,1,0,0
2026-09-05 23:45:00,175.7,0,69,57.2,1,0,0
2026-09-05 23:50:00,175.7,1,66,52.7,1,0,0
2026-09-05 23:55:00,174.8,0,67,57.7,1,0,0
2026-09-06 00:00:00,173.1,1,66,53.3,1,0,0
2026-09-06 00:05:00,174.3,0,64,55.8,1,0,0
2026-09-06 00:10:00,175.3,0,67,56.8,1,0,0
2026-09-06 00:15:00,174.2,0,67,52.3,1,0,0
2026-09-06 00:20:00,173.1,0,65,54.8,1,0,0
2026-09-06 00:25:00,173.3,0,65,53.6,1,0,0
2026-09-06 00:30:00,175.0,0,69,59.2,1,0,0
2026-09-06 00:35:00,173.9,0,70,52.3,1,0,0
2026-09-06 00:40:00,176.9,0,63,55.6,1,0,0
2026-09-06 00:45:00,174.8,0,67,49.4,1,0,0
2026-09-06 00:50:00,175.8,0,65,56.3,1,0,0
2026-09-06 00:55:00,172.4,0,69,56.3,1,0,0
2026-09-06 01:00:00,169.6,2,69,54.0,1,0,0
2026-09-06 01:05:00,172.9,0,69,57.9,1,0,0
2026-09-06 01:10:00,175.7,0,67,57.6,1,0,0
2026-09-06 01:15:00,171.2,0,68,53.7,1,0,0
2026-09-06 01:20:00,170.0,0,65,56.7,1,0,0
2026-09-06 01:25:00,171.6,0,62,50.7,1,0,0
2026-09-06 01:30:00,173.8,0,67,54.7,1,0,0
2026-09-06 01:35:00,175.4,0,68,54.5,1,0,0
2026-09-06 01:40:00,178.7,1,67,54.7,1,0,0
2026-09-06 01:45:00,175.2,0,64,56.0,1,0,0
2026-09-06 01:50:00,169.0,0,65,54.7,1,0,0
2026-09-06 01:55:00,171.3,0,65,55.0,1,0,0
2026-09-06 02:00:00,170.9,0,67,58.4,1,0,0
2026-09-06 02:05:00,170.3,0,66,52.6,1,0,0
2026-09-06 02:10:00,173.9,0,63,50.6,1,0,0
2026-09-06 02:15:00,171.1,0,70,55.0,1,0,0
2026-09-06 02:20:00,172.7,0,68,53.2,1,0,0
2026-09-06 02:25:00,170.2,0,64,55.3,1,0,0
2026-09-06 02:30:00,169.8,0,66,55.9,1,0,0
2026-09-06 02:35:00,176.1,1,61,53.8,1,0,0
2026-09-06 02:40:00,180.6,1,66,52.9,1,0,0
2026-09-06 02:45:00,179.6,0,65,55.6,1,0,0
2026-09-06 02:50:00,177.6,0,63,54.3,1,0,0
2026-09-06 02:55:00,176.2,0,65,51.1,1,0,0
2026-09-06 03:00:00,175.8,0,65,52.8,1,0,0
2026-09-06 03:05:00,176.7,0,63,57.1,1,0,0
2026-09-06 03:10:00,176.3,0,68,54.8,1,0,0
2026-09-06 03:15:00,175.0,1,67,55.8,1,0,0
2026-09-06 03:20:00,174.0,1,65,55.8,1,0,0
2026-09-06 03:25:00,172.8,0,65,53.7,1,0,0
2026-09-06 03:30:00,173.0,1,68,54.4,1,0,0
2026-09-06 03:35:00,174.3,0,66,53.8,1,0,0
2026-09-06 03:40:00,175.3,0,65,55.2,1,0,0
2026-09-06 03:45:00,176.9,0,66,54.5,1,0,0
2026-09-06 03:50:00,178.8,0,70,52.2,1,0,0
2026-09-06 03:55:00,180.9,0,66,52.5,1,0,0
2026-09-06 04:00:00,181.1,0,67,55.4,1,0,0
2026-09-06 04:05:00,182.6,0,66,51.7,1,0,0
2026-09-06 04:10:00,181.9,0,64,54.5,1,0,0
2026-09-06 04:15:00,184.0,1,65,55.0,1,0,0
2026-09-06 04:20:00,186.4,1,63,57.0,1,0,0
2026-09-06 04:25:00,187.3,1,65,52.5,1,0,0
2026-09-06 04:30:00,189.4,0,66,55.9,1,0,0
2026-09-06 04:35:00,194.9,1,65,51.4,1,0,0
2026-09-06 04:40:00,186.0,0,69,53.0,1,0,0
2026-09-06 04:45:00,182.9,0,67,52.9,1,0,0
2026-09-06 04:50:00,183.1,0,63,53.3,1,0,0
2026-09-06 04:55:00,182.6,0,65,54.4,1,0,0
2026-09-06 05:00:00,183.1,0,64,57.3,1,0,0
2026-09-06 05:05:00,181.1,0,70,55.8,1,0,0
2026-09-06 05:10:00,180.3,0,69,52.5,1,0,0
2026-09-06 05:15:00,181.8,0,62,53.5,1,0,0
2026-09-06 05:20:00,182.8,0,68,51.2,1,0,0
2026-09-06 05:25:00,180.0,1,68,53.8,1,0,0
2026-09-06 05:30:00,179.8,0,68,52.1,1,0,0
2026-09-06 05:35:00,183.2,1,64,53.6,1,0,0
2026-09-06 05:40:00,183.9,1,70,52.5,1,0,0
2026-09-06 05:45:00,183.6,0,65,53.4,1,0,0
2026-09-06 05:50:00,183.9,0,65,56.0,1,0,0
2026-09-06 05:55:00,180.8,1,65,53.2,1,0,0
2026-09-06 06:00:00,181.7,1,67,50.8,1,0,0
2026-09-06 06:05:00,182.5,0,65,52.4,1,0,0
2026-09-06 06:10:00,182.8,0,67,59.1,1,0,0
2026-09-06 06:15:00,180.1,1,66,56.8,1,0,0
2026-09-06 06:20:00,182.1,0,70,56.0,1,0,0
2026-09-06 06:25:00,180.2,0,67,54.4,1,0,0
2026-09-06 06:30:00,178.3,0,65,57.6,1,0,0
2026-09-06 06:35:00,177.2,1,66,54.8,1,0,0
2026-09-06 06:40:00,181.7,1,67,54.0,1,0,0
2026-09-06 06:45:00,177.4,0,69,51.2,1,0,0
2026-09-06 06:50:00,176.2,0,68,51.8,1,0,0
2026-09-06 06:55:00,174.7,0,66,54.1,1,0,0
2026-09-06 07:00:00,173.7,0,71,51.0,1,0,0
2026-09-06 07:05:00,174.6,1,65,56.8,1,0,0
2026-09-06 07:10:00,173.7,1,64,55.6,1,0,0
2026-09-06 07:15:00,170.9,1,69,50.9,1,0,0
2026-09-06 07:20:00,168.9,0,70,51.0,1,61,78
2026-09-06 07:25:00,182.1,0,67,52.7,1,0,0
2026-09-06 07:30:00,194.8,16,79,32.4,0,0,0
2026-09-06 07:35:00,200.9,6,78,34.0,0,0,0
2026-09-06 07:40:00,207.3,5,78,34.5,0,0,0
2026-09-06 07:45:00,211.1,4,77,30.7,0,0,0
2026-09-06 07:50:00,214.7,22,74,34.1,0,0,0
2026-09-06 07:55:00,213.7,22,78,34.2,0,0,0
2026-09-06 08:00:00,217.1,13,70,33.4,0,0,0
2026-09-06 08:05:00,216.3,14,80,36.5,0,0,0
2026-09-06 08:10:00,216.8,8,75,34.1,0,0,0
2026-09-06 08:15:00,217.8,20,75,37.4,0,0,0
2026-09-06 08:20:00,217.5,6,72,32.9,0,0,0
2026-09-06 08:25:00,212.4,13,78,32.3,0,0,0
2026-09-06 08:30:00,210.1,6,72,34.9,0,0,0
2026-09-06 08:35:00,210.4,3,73,36.3,0,0,0
2026-09-06 08:40:00,206.8,5,75,29.4,0,0,0
2026-09-06 08:45:00,209.4,9,78,33.9,0,0,0
2026-09-06 08:50:00,205.2,9,76,35.1,0,0,0
2026-09-06 08:55:00,203.6,13,74,30.1,0,0,0
2026-09-06 09:00:00,204.9,16,76,35.3,0,0,0
2026-09-06 09:05:00,205.6,12,75,31.4,0,0,0
2026-09-06 09:10:00,200.1,14,73,31.1,0,0,0
2026-09-06 09:15:00,195.8,2,75,31.5,0,0,0
2026-09-06 09:20:00,193.9,5,75,33.2,0,0,0
2026-09-06 09:25:00,194.9,7,76,32.7,0,0,0
2026-09-06 09:30:00,193.0,16,75,31.4,0,0,0
2026-09-06 09:35:00,193.3,9,74,31.5,0,0,0
2026-09-06 09:40:00,188.3,13,76,33.1,0,0,0
2026-09-06 09:45:00,186.1,11,76,30.4,0,0,0
2026-09-06 09:50:00,186.2,10,77,32.8,0,0,0
2026-09-06 09:55:00,188.7,4,71,33.0,0,0,0
2026-09-06 10:00:00,187.5,3,77,33.0,0,0,0
2026-09-06 10:05:00,187.7,6,74,34.8,0,0,0
2026-09-06 10:10:00,186.9,12,74,32.8,0,0,0
2026-09-06 10:15:00,185.1,7,77,37.6,0,0,0
2026-09-06 10:20:00,187.3,13,75,35.1,0,0,0
2026-09-06 10:25:00,186.4,13,73,34.1,0,0,0
2026-09-06 10:30:00,185.0,9,75,36.0,0,0,0
2026-09-06 10:35:00,183.5,6,74,35.8,0,0,0
2026-09-06 10:40:00,185.4,6,74,35.9,0,0,0
2026-09-06 10:45:00,178.9,12,76,35.9,0,0,0
2026-09-06 10:50:00,179.0,15,73,34.6,0,0,0
2026-09-06 10:55:00,177.5,10,75,31.8,0,0,0
2026-09-06 11:00:00,177.8,12,76,30.7,0,0,0
2026-09-06 11:05:00,177.6,7,78,34.1,0,0,0
2026-09-06 11:10:00,175.6,7,73,34.0,0,0,0
2026-09-06 11:15:00,176.0,8,74,35.2,0,0,0
2026-09-06 11:20:00,174.0,14,77,31.5,0,0,0
2026-09-06 11:25:00,174.5,10,75,32.1,0,0,0
2026-09-06 11:30:00,175.0,6,77,34.2,0,0,0
2026-09-06 11:35:00,176.2,7,73,35.6,0,0,0
2026-09-06 11:40:00,174.8,3,76,33.3,0,0,0
2026-09-06 11:45:00,173.4,6,75,30.7,0,0,0
2026-09-06 11:50:00,177.0,6,74,33.6,0,0,0
2026-09-06 11:55:00,181.0,7,72,32.7,0,0,0
2026-09-06 12:00:00,177.0,4,75,32.5,0,0,0
2026-09-06 12:05:00,179.3,12,74,35.1,0,0,0
2026-09-06 12:10:00,175.0,6,74,34.4,0,0,0
2026-09-06 12:15:00,177.0,8,68,28.5,0,0,0
2026-09-06 12:20:00,178.0,8,76,33.5,0,0,0
2026-09-06 12:25:00,177.4,9,79,33.4,0,0,0
2026-09-06 12:30:00,174.7,3,75,34.6,0,0,0
2026-09-06 12:35:00,178.3,1,76,31.0,0,0,0
2026-09-06 12:40:00,177.0,9,78,37.7,0,0,0
2026-09-06 12:45:00,179.1,9,75,28.9,0,0,0
2026-09-06 12:50:00,179.8,17,74,31.5,0,0,0
2026-09-06 12:55:00,176.8,13,76,36.0,0,0,0
2026-09-06 13:00:00,176.9,18,75,34.5,0,0,0
2026-09-06 13:05:00,180.1,11,74,34.3,0,0,0
2026-09-06 13:10:00,181.4,9,74,33.3,0,0,0
2026-09-06 13:15:00,182.1,9,76,33.0,0,96,70
2026-09-06 13:20:00,194.5,7,80,31.2,0,0,0
2026-09-06 13:25:00,205.3,9,78,30.1,0,0,0
2026-09-06 13:30:00,217.0,11,75,32.3,0,0,0
2026-09-06 13:35:00,223.1,3,76,31.6,0,0,0
2026-09-06 13:40:00,226.9,6,79,34.1,0,0,0
2026-09-06 13:45:00,232.5,6,72,35.7,0,0,0
2026-09-06 13:50:00,233.4,9,74,29.7,0,0,0
2026-09-06 13:55:00,233.4,9,74,33.9,0,0,0
2026-09-06 14:00:00,238.0,9,74,30.7,0,0,0
2026-09-06 14:05:00,238.8,6,74,33.9,0,0,0
2026-09-06 14:10:00,237.1,6,75,30.9,0,0,0
2026-09-06 14:15:00,231.0,10,74,33.4,0,0,0
2026-09-06 14:20:00,227.2,20,74,33.8,0,0,0
2026-09-06 14:25:00,226.2,0,75,32.8,0,0,0
2026-09-06 14:30:00,225.9,461,100,33.6,0,0,0
2026-09-06 14:35:00,223.9,451,102,33.4,0,0,0
2026-09-06 14:40:00,218.5,462,104,31.7,0,0,0
2026-09-06 14:45:00,216.1,2,74,35.4,0,0,0
2026-09-06 14:50:00,215.8,11,78,36.9,0,0,0
2026-09-06 14:55:00,216.1,8,72,33.6,0,0,0
2026-09-06 15:00:00,212.8,12,74,34.9,0,0,0
2026-09-06 15:05:00,213.1,16,74,32.0,0,0,0
2026-09-06 15:10:00,210.4,6,77,34.7,0,0,0
2026-09-06 15:15:00,204.8,13,78,37.5,0,0,0
2026-09-06 15:20:00,204.1,11,73,36.2,0,0,0
2026-09-06 15:25:00,203.4,13,73,30.9,0,0,0
2026-09-06 15:30:00,199.7,9,72,35.2,0,0,0
2026-09-06 15:35:00,195.7,5,76,33.7,0,0,0
2026-09-06 15:40:00,192.4,4,72,31.2,0,0,0
2026-09-06 15:45:00,189.3,10,79,32.2,0,0,0
2026-09-06 15:50:00,186.0,3,78,33.1,0,0,0
2026-09-06 15:55:00,185.1,12,77,32.2,0,0,0
2026-09-06 16:00:00,183.8,11,75,34.3,0,0,0
2026-09-06 16:05:00,182.4,5,72,32.9,0,0,0
2026-09-06 16:10:00,177.8,5,78,34.7,0,0,0
2026-09-06 16:15:00,180.9,6,76,33.3,0,0,0
2026-09-06 16:20:00,177.9,5,72,34.7,0,0,0
2026-09-06 16:25:00,179.5,8,73,33.2,0,0,0
2026-09-06 16:30:00,180.8,12,76,33.0,0,0,0
2026-09-06 16:35:00,182.0,7,70,31.6,0,0,0
2026-09-06 16:40:00,178.9,20,79,32.3,0,0,0
2026-09-06 16:45:00,176.2,14,78,32.8,0,0,0
2026-09-06 16:50:00,178.8,9,71,34.4,0,0,0
2026-09-06 16:55:00,176.5,11,74,33.5,0,0,0
2026-09-06 17:00:00,174.5,14,75,37.8,0,0,0
2026-09-06 17:05:00,176.6,2,76,34.1,0,0,0
2026-09-06 17:10:00,176.1,11,74,29.4,0,0,0
2026-09-06 17:15:00,176.4,8,77,37.5,0,0,0
2026-09-06 17:20:00,175.1,5,79,32.9,0,0,0
2026-09-06 17:25:00,173.2,5,75,32.9,0,0,0
2026-09-06 17:30:00,177.3,10,71,31.3,0,0,0
2026-09-06 17:35:00,174.6,15,75,37.2,0,0,0
2026-09-06 17:40:00,174.9,11,75,36.2,0,0,0
2026-09-06 17:45:00,173.8,3,75,32.0,0,0,0
2026-09-06 17:50:00,173.2,10,74,32.6,0,0,0
2026-09-06 17:55:00,170.1,8,75,35.5,0,0,0
2026-09-06 18:00:00,169.6,10,76,32.9,0,0,0
2026-09-06 18:05:00,169.6,8,76,31.5,0,0,0
2026-09-06 18:10:00,166.4,6,79,35.9,0,0,0
2026-09-06 18:15:00,167.7,8,79,33.5,0,30,60
2026-09-06 18:20:00,175.4,9,79,29.5,0,0,0
2026-09-06 18:25:00,174.8,5,77,32.5,0,0,0
2026-09-06 18:30:00,178.0,18,77,35.9,0,0,0
2026-09-06 18:35:00,181.1,12,77,38.3,0,0,0
2026-09-06 18:40:00,182.9,10,80,32.6,0,0,0
2026-09-06 18:45:00,183.1,4,71,33.8,0,0,0
2026-09-06 18:50:00,184.4,14,75,33.0,0,0,0
2026-09-06 18:55:00,182.9,9,75,35.9,0,0,0
2026-09-06 19:00:00,187.5,5,78,35.0,0,0,0
2026-09-06 19:05:00,189.2,9,76,31.5,0,0,0
2026-09-06 19:10:00,188.7,6,71,33.0,0,0,0
2026-09-06 19:15:00,186.0,6,75,30.9,0,0,0
2026-09-06 19:20:00,188.3,9,76,32.1,0,0,0
2026-09-06 19:25:00,188.3,12,75,31.9,0,0,0
2026-09-06 19:30:00,184.1,7,72,32.8,0,0,0
2026-09-06 19:35:00,188.3,6,74,33.0,0,0,0
2026-09-06 19:40:00,187.5,9,72,33.2,0,0,0
2026-09-06 19:45:00,181.6,13,74,34.4,0,0,0
2026-09-06 19:50:00,182.6,12,70,33.8,0,0,0
2026-09-06 19:55:00,183.9,10,75,33.3,0,0,0
2026-09-06 20:00:00,182.1,12,77,33.1,0,0,0
2026-09-06 20:05:00,182.1,8,72,34.9,0,0,0
2026-09-06 20:10:00,175.7,6,75,33.0,0,0,0
2026-09-06 20:15:00,175.5,8,75,31.5,0,0,0
2026-09-06 20:20:00,169.5,5,74,30.6,0,0,0
2026-09-06 20:25:00,169.7,10,78,42.3,0,0,0
2026-09-06 20:30:00,171.2,2,72,31.5,0,0,0
2026-09-06 20:35:00,173.6,11,74,37.1,0,0,0
2026-09-06 20:40:00,168.9,11,75,29.1,0,0,0
2026-09-06 20:45:00,169.1,3,77,32.4,0,89,70
2026-09-06 20:50:00,182.8,20,77,29.4,0,0,0
2026-09-06 20:55:00,189.9,3,78,34.5,0,0,0
2026-09-06 21:00:00,197.6,487,106,33.7,0,0,0
2026-09-06 21:05:00,204.8,501,106,30.6,0,0,0
2026-09-06 21:10:00,211.5,6,78,34.1,0,0,0
2026-09-06 21:15:00,213.9,9,71,31.5,0,0,0
2026-09-06 21:20:00,217.7,8,78,33.0,0,0,0
2026-09-06 21:25:00,219.0,6,78,34.3,0,0,0
2026-09-06 21:30:00,218.1,4,75,28.9,0,0,0
2026-09-06 21:35:00,215.8,11,75,31.0,0,0,0
2026-09-06 21:40:00,214.0,1,66,56.2,1,0,0
2026-09-06 21:45:00,216.9,0,68,54.2,1,0,0
2026-09-06 21:50:00,214.8,0,68,49.3,1,0,0
2026-09-06 21:55:00,212.7,0,64,55.6,1,0,0
2026-09-06 22:00:00,213.5,0,67,53.6,1,0,0
2026-09-06 22:05:00,210.0,1,65,55.1,1,0,0
2026-09-06 22:10:00,206.2,0,64,52.6,1,0,0
2026-09-06 22:15:00,206.4,0,65,55.4,1,0,0
2026-09-06 22:20:00,203.4,0,67,50.2,1,0,0
2026-09-06 22:25:00,204.1,0,67,56.8,1,0,0
2026-09-06 22:30:00,201.2,0,68,52.1,1,0,0
2026-09-06 22:35:00,199.4,0,66,52.5,1,0,0
2026-09-06 22:40:00,197.3,0,66,52.9,1,0,0
2026-09-06 22:45:00,196.6,0,66,55.4,1,0,0
2026-09-06 22:50:00,194.9,0,64,55.4,1,0,0
2026-09-06 22:55:00,194.6,0,68,55.4,1,0,0
2026-09-06 23:00:00,192.3,0,65,55.8,1,0,0
2026-09-06 23:05:00,192.3,1,62,57.2,1,0,0
2026-09-06 23:10:00,192.8,0,67,53.1,1,0,0
2026-09-06 23:15:00,187.1,2,61,53.2,1,0,0
2026-09-06 23:20:00,185.7,0,68,51.1,1,0,0
2026-09-06 23:25:00,182.4,0,65,53.9,1,0,0
2026-09-06 23:30:00,182.6,1,68,58.8,1,0,0
2026-09-06 23:35:00,183.9,0,69,55.4,1,0,0
2026-09-06 23:40:00,185.0,0,65,51.9,1,0,0
2026-09-06 23:45:00,187.6,0,69,51.3,1,0,0
2026-09-06 23:50:00,189.0,1,70,52.8,1,0,0
2026-09-06 23:55:00,187.1,0,66,53.1,1,0,0
2026-09-07 00:00:00,186.4,0,61,57.2,1,0,0
2026-09-07 00:05:00,186.9,1,66,57.6,1,0,0
2026-09-07 00:10:00,186.5,0,65,53.0,1,0,0
2026-09-07 00:15:00,179.3,0,64,55.8,1,0,0
2026-09-07 00:20:00,177.8,2,67,52.9,1,0,0
2026-09-07 00:25:00,176.0,0,70,53.0,1,0,0
2026-09-07 00:30:00,179.2,0,64,52.4,1,0,0
2026-09-07 00:35:00,179.3,1,68,53.0,1,0,0
2026-09-07 00:40:00,178.6,2,64,52.0,1,0,0
2026-09-07 00:45:00,174.8,0,66,55.1,1,0,0
2026-09-07 00:50:00,176.1,0,65,53.4,1,0,0
2026-09-07 00:55:00,173.7,1,64,56.9,1,0,0
2026-09-07 01:00:00,177.9,0,62,50.6,1,0,0
2026-09-07 01:05:00,182.4,0,65,55.7,1,0,0
2026-09-07 01:10:00,184.3,0,65,58.2,1,0,0
2026-09-07 01:15:00,183.5,1,69,53.6,1,0,0
2026-09-07 01:20:00,181.0,0,63,56.4,1,0,0
2026-09-07 01:25:00,179.3,0,67,52.0,1,0,0
2026-09-07 01:30:00,178.1,0,66,55.2,1,0,0
2026-09-07 01:35:00,180.0,0,70,51.7,1,0,0
2026-09-07 01:40:00,180.6,0,65,52.7,1,0,0
2026-09-07 01:45:00,181.0,0,68,54.2,1,0,0
2026-09-07 01:50:00,184.0,0,66,54.9,1,0,0
2026-09-07 01:55:00,180.8,0,68,59.4,1,0,0
2026-09-07 02:00:00,180.8,0,62,52.3,1,0,0
2026-09-07 02:05:00,181.1,0,67,54.6,1,0,0
2026-09-07 02:10:00,182.3,0,69,56.8,1,0,0
2026-09-07 02:15:00,182.8,1,69,53.5,1,0,0
2026-09-07 02:20:00,180.8,1,68,51.4,1,0,0
2026-09-07 02:25:00,181.0,1,65,50.7,1,0,0
2026-09-07 02:30:00,180.0,0,68,52.7,1,0,0
2026-09-07 02:35:00,178.7,0,65,54.4,1,0,0
2026-09-07 02:40:00,178.5,0,64,54.0,1,0,0
2026-09-07 02:45:00,177.3,0,66,57.1,1,0,0
2026-09-07 02:50:00,177.0,1,68,54.4,1,0,0
2026-09-07 02:55:00,179.1,0,68,54.4,1,0,0
2026-09-07 03:00:00,180.1,0,67,51.0,1,0,0
2026-09-07 03:05:00,180.6,0,65,52.6,1,0,0
2026-09-07 03:10:00,181.3,1,61,57.8,1,0,0
2026-09-07 03:15:00,179.7,0,67,57.3,1,0,0
2026-09-07 03:20:00,179.6,0,66,54.1,1,0,0
2026-09-07 03:25:00,178.7,0,64,55.5,1,0,0
2026-09-07 03:30:00,181.1,0,68,53.4,1,0,0
2026-09-07 03:35:00,180.9,0,67,50.4,1,0,0
2026-09-07 03:40:00,182.9,0,66,51.4,1,0,0
2026-09-07 03:45:00,179.2,0,67,54.3,1,0,0
2026-09-07 03:50:00,179.3,0,64,54.9,1,0,0
2026-09-07 03:55:00,177.0,0,64,49.3,1,0,0
2026-09-07 04:00:00,178.5,0,62,52.5,1,0,0
2026-09-07 04:05:00,176.9,1,65,53.1,1,0,0
2026-09-07 04:10:00,175.9,0,67,53.5,1,0,0
2026-09-07 04:15:00,175.3,0,63,52.3,1,0,0
2026-09-07 04:20:00,176.9,2,67,53.0,1,0,0
2026-09-07 04:25:00,181.1,0,66,52.5,1,0,0
2026-09-07 04:30:00,183.4,1,67,53.1,1,0,0
2026-09-07 04:35:00,181.2,0,68,54.6,1,0,0
2026-09-07 04:40:00,181.9,1,65,52.3,1,0,0
2026-09-07 04:45:00,183.3,0,67,53.8,1,0,0
2026-09-07 04:50:00,183.5,0,64,54.6,1,0,0
2026-09-07 04:55:00,184.1,0,66,55.3,1,0,0
2026-09-07 05:00:00,181.9,0,68,55.8,1,0,0
2026-09-07 05:05:00,178.6,1,69,54.7,1,0,0
2026-09-07 05:10:00,178.7,1,68,53.8,1,0,0
2026-09-07 05:15:00,178.6,0,67,52.5,1,0,0
2026-09-07 05:20:00,179.3,1,65,54.5,1,0,0
2026-09-07 05:25:00,182.5,0,67,54.7,1,0,0
2026-09-07 05:30:00,178.9,1,67,49.8,1,0,0
2026-09-07 05:35:00,177.3,1,63,56.7,1,0,0
2026-09-07 05:40:00,176.7,0,67,55.6,1,0,0
2026-09-07 05:45:00,175.9,2,68,52.8,1,0,0
2026-09-07 05:50:00,178.1,0,66,55.1,1,0,0
2026-09-07 05:55:00,175.7,0,66,53.0,1,0,0
2026-09-07 06:00:00,174.7,0,67,53.2,1,0,0
2026-09-07 06:05:00,175.3,0,67,53.1,1,0,0
2026-09-07 06:10:00,178.1,1,68,56.0,1,0,0
2026-09-07 06:15:00,179.5,0,66,56.0,1,0,0
2026-09-07 06:20:00,180.2,0,71,53.6,1,0,0
2026-09-07 06:25:00,181.0,3,71,34.4,0,0,0
2026-09-07 06:30:00,176.4,11,73,35.5,0,0,0
2026-09-07 06:35:00,176.2,19,71,34.6,0,0,0
2026-09-07 06:40:00,174.9,2,73,31.4,0,0,0
2026-09-07 06:45:00,174.9,10,69,33.3,0,0,0
2026-09-07 06:50:00,173.4,9,77,34.2,0,0,0
2026-09-07 06:55:00,172.2,8,73,33.6,0,0,0
2026-09-07 07:00:00,169.7,10,76,32.5,0,0,0
2026-09-07 07:05:00,167.3,11,77,37.1,0,0,0
2026-09-07 07:10:00,168.6,10,75,33.6,0,0,0
2026-09-07 07:15:00,168.9,17,77,31.8,0,0,0
2026-09-07 07:20:00,167.6,9,75,32.8,0,0,0
2026-09-07 07:25:00,166.3,11,73,28.6,0,0,0
2026-09-07 07:30:00,165.1,13,76,34.2,0,0,0
2026-09-07 07:35:00,164.8,16,76,31.3,0,0,0
2026-09-07 07:40:00,165.2,14,74,35.7,0,0,0
2026-09-07 07:45:00,167.4,8,70,32.8,0,0,0
2026-09-07 07:50:00,164.7,14,77,31.2,0,0,0
2026-09-07 07:55:00,161.3,11,77,35.4,0,0,0
2026-09-07 08:00:00,162.7,2,74,33.2,0,0,0
2026-09-07 08:05:00,162.3,9,72,29.7,0,0,0
2026-09-07 08:10:00,162.6,8,77,36.9,0,0,0
2026-09-07 08:15:00,160.8,9,75,34.1,0,0,0
2026-09-07 08:20:00,158.6,5,75,33.3,0,0,0
2026-09-07 08:25:00,160.8,8,77,32.9,0,0,0
2026-09-07 08:30:00,159.5,8,79,32.9,0,68,78
2026-09-07 08:35:00,172.3,10,82,29.6,0,0,0
2026-09-07 08:40:00,181.6,12,74,29.7,0,0,0
2026-09-07 08:45:00,188.3,590,118,33.4,0,0,0
2026-09-07 08:50:00,193.0,590,111,32.7,0,0,0
2026-09-07 08:55:00,198.2,7,79,30.5,0,0,0
2026-09-07 09:00:00,203.5,16,73,35.8,0,0,0
2026-09-07 09:05:00,204.5,10,77,34.8,0,0,0
2026-09-07 09:10:00,208.4,6,71,31.8,0,0,0
2026-09-07 09:15:00,208.0,7,80,32.3,0,0,0
2026-09-07 09:20:00,207.8,6,75,32.1,0,0,0
2026-09-07 09:25:00,207.2,9,76,31.8,0,0,0
2026-09-07 09:30:00,210.4,6,77,34.3,0,0,0
2026-09-07 09:35:00,210.0,11,73,31.2,0,0,0
2026-09-07 09:40:00,211.8,10,74,34.1,0,0,0
2026-09-07 09:45:00,209.9,6,74,34.2,0,0,0
2026-09-07 09:50:00,206.8,12,76,33.0,0,0,0
2026-09-07 09:55:00,200.6,7,74,33.8,0,0,0
2026-09-07 10:00:00,197.6,34,71,34.9,0,0,0
2026-09-07 10:05:00,198.4,9,75,29.3,0,0,0
2026-09-07 10:10:00,199.0,8,74,36.8,0,0,0
2026-09-07 10:15:00,199.1,11,75,37.1,0,0,0
2026-09-07 10:20:00,197.4,7,77,35.0,0,0,0
2026-09-07 10:25:00,198.0,11,74,35.5,0,0,0
2026-09-07 10:30:00,197.3,14,72,35.4,0,0,0
2026-09-07 10:35:00,195.6,3,72,36.1,0,0,0
2026-09-07 10:40:00,194.3,4,76,35.8,0,0,0
2026-09-07 10:45:00,194.4,10,74,32.7,0,0,0
2026-09-07 10:50:00,190.7,15,75,36.5,0,0,0
2026-09-07 10:55:00,187.5,5,77,33.8,0,0,0
2026-09-07 11:00:00,189.8,16,77,35.6,0,0,0
2026-09-07 11:05:00,192.5,12,73,31.1,0,0,0
2026-09-07 11:10:00,192.2,4,72,33.6,0,0,0
2026-09-07 11:15:00,188.1,7,74,31.7,0,0,0
2026-09-07 11:20:00,185.1,13,74,33.6,0,0,0
2026-09-07 11:25:00,183.9,10,71,35.6,0,0,0
2026-09-07 11:30:00,180.8,6,72,29.8,0,0,0
2026-09-07 11:35:00,182.3,7,76,30.4,0,0,0
2026-09-07 11:40:00,178.9,2,78,36.2,0,0,0
2026-09-07 11:45:00,180.9,23,74,35.6,0,0,0
2026-09-07 11:50:00,180.4,4,74,34.6,0,0,0
2026-09-07 11:55:00,181.2,1,74,37.0,0,0,0
2026-09-07 12:00:00,181.4,5,75,32.0,0,0,0
2026-09-07 12:05:00,183.4,17,71,33.2,0,0,0
2026-09-07 12:10:00,180.6,6,76,34.1,0,0,0
2026-09-07 12:15:00,182.0,7,76,32.8,0,0,0
2026-09-07 12:20:00,181.3,13,79,32.4,0,0,0
2026-09-07 12:25:00,179.5,2,75,35.4,0,0,0
2026-09-07 12:30:00,175.0,7,76,34.7,0,0,0
2026-09-07 12:35:00,174.8,6,77,32.8,0,0,0
2026-09-07 12:40:00,172.2,9,72,33.3,0,0,0
2026-09-07 12:45:00,173.8,21,75,33.5,0,0,0
2026-09-07 12:50:00,174.8,15,77,30.5,0,0,0
2026-09-07 12:55:00,175.2,1,73,31.7,0,0,0
2026-09-07 13:00:00,178.4,13,77,34.8,0,0,0
2026-09-07 13:05:00,178.4,3,73,31.1,0,0,0
2026-09-07 13:10:00,180.3,7,73,32.4,0,0,0
2026-09-07 13:15:00,179.4,13,71,31.6,0,0,0
2026-09-07 13:20:00,179.3,29,76,33.5,0,0,0
2026-09-07 13:25:00,181.6,5,68,34.4,0,0,0
2026-09-07 13:30:00,182.3,15,77,32.5,0,0,0
2026-09-07 13:35:00,181.6,10,76,32.8,0,0,0
2026-09-07 13:40:00,181.9,8,74,32.4,0,0,0
2026-09-07 13:45:00,181.0,8,75,31.4,0,0,0
2026-09-07 13:50:00,176.0,17,77,31.9,0,82,75
2026-09-07 13:55:00,191.8,3,75,32.6,0,0,0
2026-09-07 14:00:00,204.5,7,77,32.4,0,0,0
2026-09-07 14:05:00,213.6,5,75,33.6,0,0,0
2026-09-07 14:10:00,222.0,2,79,35.7,0,0,0
2026-09-07 14:15:00,224.9,6,79,32.7,0,0,0
2026-09-07 14:20:00,226.4,11,72,31.1,0,0,0
2026-09-07 14:25:00,228.6,4,79,35.7,0,0,0
2026-09-07 14:30:00,230.9,8,74,33.4,0,0,0
2026-09-07 14:35:00,232.4,6,74,33.2,0,0,0
2026-09-07 14:40:00,230.8,10,72,33.9,0,0,0
2026-09-07 14:45:00,233.9,5,74,29.0,0,0,0
2026-09-07 14:50:00,235.3,14,75,31.4,0,0,0
2026-09-07 14:55:00,234.1,6,74,29.2,0,0,0
2026-09-07 15:00:00,232.6,6,76,32.9,0,0,0
2026-09-07 15:05:00,226.7,6,71,32.6,0,0,0
2026-09-07 15:10:00,227.1,9,73,35.2,0,0,0
2026-09-07 15:15:00,225.4,5,75,34.9,0,0,0
2026-09-07 15:20:00,222.8,14,74,32.6,0,0,0
2026-09-07 15:25:00,221.9,10,74,36.9,0,0,0
2026-09-07 15:30:00,216.5,6,75,32.9,0,0,0
2026-09-07 15:35:00,217.0,7,75,33.1,0,0,0
2026-09-07 15:40:00,214.9,11,76,30.7,0,0,0
2026-09-07 15:45:00,212.3,8,75,32.4,0,0,0
2026-09-07 15:50:00,208.4,3,73,34.0,0,0,0
2026-09-07 15:55:00,203.4,7,73,34.1,0,0,0
2026-09-07 16:00:00,201.1,9,72,31.2,0,0,0
2026-09-07 16:05:00,199.0,10,75,29.9,0,0,0
2026-09-07 16:10:00,197.7,11,75,33.1,0,0,0
2026-09-07 16:15:00,196.1,3,74,35.1,0,0,0
2026-09-07 16:20:00,195.9,10,75,34.2,0,0,0
2026-09-07 16:25:00,190.7,13,74,34.3,0,0,0
2026-09-07 16:30:00,186.2,9,73,32.5,0,0,0
2026-09-07 16:35:00,186.4,8,74,34.0,0,0,0
2026-09-07 16:40:00,184.6,8,73,28.5,0,0,0
2026-09-07 16:45:00,182.2,3,76,36.4,0,0,0
2026-09-07 16:50:00,184.6,10,74,33.5,0,0,0
2026-09-07 16:55:00,183.0,5,73,32.6,0,0,0
2026-09-07 17:00:00,183.2,13,75,33.7,0,0,0
2026-09-07 17:05:00,184.1,6,71,29.1,0,0,0
2026-09-07 17:10:00,184.4,8,70,36.7,0,0,0
2026-09-07 17:15:00,186.5,7,73,28.7,0,0,0
2026-09-07 17:20:00,183.7,11,75,34.1,0,0,0
2026-09-07 17:25:00,187.6,6,75,36.1,0,0,0
2026-09-07 17:30:00,182.2,11,75,34.1,0,0,0
2026-09-07 17:35:00,181.4,2,77,33.3,0,0,0
2026-09-07 17:40:00,180.6,29,76,36.3,0,0,0
2026-09-07 17:45:00,183.8,4,74,32.8,0,0,0
2026-09-07 17:50:00,184.2,7,69,34.5,0,0,0
2026-09-07 17:55:00,182.6,7,73,33.6,0,0,0
2026-09-07 18:00:00,183.2,10,72,32.3,0,0,0
2026-09-07 18:05:00,181.8,476,103,32.9,0,0,0
2026-09-07 18:10:00,178.7,475,104,35.3,0,0,0
2026-09-07 18:15:00,179.4,471,105,34.8,0,0,0
2026-09-07 18:20:00,180.7,2,75,30.0,0,0,0
2026-09-07 18:25:00,179.5,15,81,29.4,0,25,65
2026-09-07 18:30:00,181.1,4,77,34.7,0,0,0
2026-09-07 18:35:00,182.0,7,81,35.2,0,0,0
2026-09-07 18:40:00,185.9,6,77,33.3,0,0,0
2026-09-07 18:45:00,185.8,4,76,32.8,0,0,0
2026-09-07 18:50:00,186.7,9,77,31.2,0,0,0
2026-09-07 18:55:00,187.0,5,71,33.6,0,0,0
2026-09-07 19:00:00,187.0,12,74,29.2,0,0,0
2026-09-07 19:05:00,187.7,12,69,33.6,0,0,0
2026-09-07 19:10:00,183.8,8,73,36.0,0,0,0
2026-09-07 19:15:00,182.2,12,73,33.8,0,0,0
2026-09-07 19:20:00,183.8,10,72,32.6,0,0,0
2026-09-07 19:25:00,183.6,4,77,36.8,0,0,0
2026-09-07 19:30:00,181.3,8,74,32.8,0,0,0
2026-09-07 19:35:00,179.7,8,75,35.1,0,0,0
2026-09-07 19:40:00,177.0,5,74,33.2,0,0,0
2026-09-07 19:45:00,174.8,11,73,35.0,0,0,0
2026-09-07 19:50:00,175.7,8,75,32.7,0,0,0
2026-09-07 19:55:00,174.3,3,76,31.0,0,0,0
2026-09-07 20:00:00,176.6,14,77,35.7,0,0,0
2026-09-07 20:05:00,181.2,5,80,30.0,0,0,0
2026-09-07 20:10:00,178.1,6,74,35.6,0,0,0
2026-09-07 20:15:00,175.3,6,76,34.1,0,0,0
2026-09-07 20:20:00,178.3,5,74,33.5,0,0,0
2026-09-07 20:25:00,178.8,7,75,35.3,0,0,0
2026-09-07 20:30:00,180.2,6,71,35.1,0,0,0
2026-09-07 20:35:00,183.8,7,73,38.7,0,0,0
2026-09-07 20:40:00,180.3,7,75,35.1,0,0,0
2026-09-07 20:45:00,182.1,4,75,35.6,0,0,0
2026-09-07 20:50:00,185.3,7,73,30.6,0,0,0
2026-09-07 20:55:00,185.7,8,74,32.0,0,0,0
2026-09-07 21:00:00,185.2,18,75,33.1,0,0,0
2026-09-07 21:05:00,183.0,6,72,35.2,0,0,0
2026-09-07 21:10:00,180.0,10,73,32.9,0,0,0
2026-09-07 21:15:00,177.5,9,75,30.8,0,0,0
2026-09-07 21:20:00,176.2,6,76,36.0,0,80,75
2026-09-07 21:25:00,192.3,8,78,34.2,0,0,0
2026-09-07 21:30:00,200.4,9,75,36.6,0,0,0
2026-09-07 21:35:00,206.0,6,77,32.5,0,0,0
2026-09-07 21:40:00,212.2,11,79,37.6,0,0,0
2026-09-07 21:45:00,219.7,11,76,32.5,0,0,0
2026-09-07 21:50:00,222.5,9,77,35.7,0,0,0
2026-09-07 21:55:00,226.7,6,78,31.5,0,0,0
2026-09-07 22:00:00,226.9,14,73,32.1,0,0,0
2026-09-07 22:05:00,228.7,6,76,33.5,0,0,0
2026-09-07 22:10:00,228.2,11,73,36.0,0,0,0
2026-09-07 22:15:00,225.7,11,80,35.0,0,0,0
2026-09-07 22:20:00,226.4,0,67,56.6,1,0,0
2026-09-07 22:25:00,226.1,0,68,55.7,1,0,0
2026-09-07 22:30:00,226.1,1,65,53.0,1,0,0
2026-09-07 22:35:00,227.8,0,71,50.6,1,0,0
2026-09-07 22:40:00,225.9,1,65,53.6,1,0,0
2026-09-07 22:45:00,222.5,0,65,50.7,1,0,0
2026-09-07 22:50:00,217.7,0,63,52.4,1,0,0
2026-09-07 22:55:00,218.5,1,65,54.2,1,0,0
2026-09-07 23:00:00,214.9,0,66,52.1,1,0,0
2026-09-07 23:05:00,210.6,0,67,54.4,1,0,0
2026-09-07 23:10:00,207.9,0,63,56.6,1,0,0
2026-09-07 23:15:00,204.7,0,67,52.9,1,0,0
2026-09-07 23:20:00,206.3,0,66,52.8,1,0,0
2026-09-07 23:25:00,205.3,1,65,53.6,1,0,0
2026-09-07 23:30:00,203.9,1,68,51.4,1,0,0
2026-09-07 23:35:00,202.0,0,67,54.1,1,0,0
2026-09-07 23:40:00,196.0,1,64,56.8,1,0,0
2026-09-07 23:45:00,196.2,0,67,51.8,1,0,0
2026-09-07 23:50:00,195.0,0,68,54.7,1,0,0
2026-09-07 23:55:00,195.8,0,66,54.4,1,0,0
2026-09-08 00:00:00,194.4,0,68,50.9,1,0,0
2026-09-08 00:05:00,191.3,0,66,57.9,1,0,0
2026-09-08 00:10:00,185.9,1,66,55.5,1,0,0
2026-09-08 00:15:00,188.0,1,66,56.2,1,0,0
2026-09-08 00:20:00,185.4,1,69,54.4,1,0,0
2026-09-08 00:25:00,182.2,0,62,52.8,1,0,0
2026-09-08 00:30:00,179.9,0,67,55.3,1,0,0
2026-09-08 00:35:00,181.7,0,70,53.8,1,0,0
2026-09-08 00:40:00,179.3,0,66,57.3,1,0,0
2026-09-08 00:45:00,181.5,0,67,53.7,1,0,0
2026-09-08 00:50:00,179.6,0,63,53.7,1,0,0
2026-09-08 00:55:00,179.1,0,66,56.2,1,0,0
2026-09-08 01:00:00,178.0,0,66,56.4,1,0,0
2026-09-08 01:05:00,178.0,0,65,53.2,1,0,0
2026-09-08 01:10:00,179.4,0,66,54.2,1,0,0
2026-09-08 01:15:00,180.7,0,69,52.6,1,0,0
2026-09-08 01:20:00,179.6,1,64,50.5,1,0,0
2026-09-08 01:25:00,179.1,1,65,54.1,1,0,0
2026-09-08 01:30:00,177.3,0,65,54.5,1,0,0
2026-09-08 01:35:00,178.8,0,69,51.3,1,0,0
2026-09-08 01:40:00,175.5,0,65,55.4,1,0,0
2026-09-08 01:45:00,172.2,0,60,55.1,1,0,0
2026-09-08 01:50:00,172.2,0,66,52.2,1,0,0
2026-09-08 01:55:00,173.3,0,68,54.8,1,0,0
2026-09-08 02:00:00,176.5,1,70,51.2,1,0,0
2026-09-08 02:05:00,174.5,0,64,57.2,1,0,0
2026-09-08 02:10:00,172.0,0,67,55.9,1,0,0
2026-09-08 02:15:00,168.3,1,66,54.4,1,0,0
2026-09-08 02:20:00,166.2,0,65,56.5,1,0,0
2026-09-08 02:25:00,167.7,1,68,55.0,1,0,0
2026-09-08 02:30:00,164.5,0,66,57.6,1,0,0
2026-09-08 02:35:00,167.2,0,63,56.8,1,0,0
2026-09-08 02:40:00,169.0,0,67,54.7,1,0,0
2026-09-08 02:45:00,171.7,0,64,53.6,1,0,0
2026-09-08 02:50:00,169.1,0,64,55.4,1,0,0
2026-09-08 02:55:00,167.5,0,63,56.2,1,0,0
2026-09-08 03:00:00,165.2,2,68,53.0,1,0,0
2026-09-08 03:05:00,164.2,0,69,52.7,1,0,0
2026-09-08 03:10:00,165.2,0,65,52.4,1,0,0
2026-09-08 03:15:00,164.0,0,65,57.6,1,0,0
2026-09-08 03:20:00,165.0,0,68,57.3,1,0,0
2026-09-08 03:25:00,165.9,1,66,53.3,1,0,0
2026-09-08 03:30:00,168.8,0,68,52.2,1,0,0
2026-09-08 03:35:00,169.1,0,64,54.6,1,0,0
2026-09-08 03:40:00,167.4,0,65,50.3,1,0,0
2026-09-08 03:45:00,168.5,0,71,54.6,1,0,0
2026-09-08 03:50:00,167.2,1,68,56.6,1,0,0
2026-09-08 03:55:00,166.7,1,64,52.7,1,0,0
2026-09-08 04:00:00,164.4,0,67,54.7,1,0,0
2026-09-08 04:05:00,166.1,0,65,47.0,1,0,0
2026-09-08 04:10:00,166.4,0,65,53.0,1,0,0
2026-09-08 04:15:00,167.6,0,68,52.3,1,0,0
2026-09-08 04:20:00,167.6,0,68,52.6,1,0,0
2026-09-08 04:25:00,166.3,0,66,54.6,1,0,0
2026-09-08 04:30:00,166.0,0,68,55.2,1,0,0
2026-09-08 04:35:00,164.5,0,66,54.8,1,0,0
2026-09-08 04:40:00,165.3,1,65,54.7,1,0,0
2026-09-08 04:45:00,167.0,0,66,50.8,1,0,0
2026-09-08 04:50:00,165.6,0,67,55.3,1,0,0
2026-09-08 04:55:00,165.7,0,64,52.3,1,0,0
2026-09-08 05:00:00,168.5,1,71,56.8,1,0,0
2026-09-08 05:05:00,170.5,2,62,53.7,1,0,0
2026-09-08 05:10:00,175.3,0,66,51.2,1,0,0
2026-09-08 05:15:00,178.7,1,67,55.3,1,0,0
2026-09-08 05:20:00,179.3,0,64,50.4,1,0,0
2026-09-08 05:25:00,180.9,0,65,54.9,1,0,0
2026-09-08 05:30:00,179.5,0,68,54.6,1,0,0
2026-09-08 05:35:00,182.5,0,69,56.6,1,0,0
2026-09-08 05:40:00,181.5,1,65,56.1,1,0,0
2026-09-08 05:45:00,185.8,0,68,53.1,1,0,0
2026-09-08 05:50:00,185.8,1,66,55.6,1,0,0
2026-09-08 05:55:00,183.2,0,66,56.3,1,0,0
2026-09-08 06:00:00,183.7,0,68,53.8,1,0,0
2026-09-08 06:05:00,179.5,0,67,56.5,1,0,0
2026-09-08 06:10:00,180.8,0,65,56.4,1,0,0
2026-09-08 06:15:00,182.3,1,67,51.5,1,0,0
2026-09-08 06:20:00,183.5,0,65,53.1,1,0,0
2026-09-08 06:25:00,181.8,1,69,55.2,1,0,0
2026-09-08 06:30:00,183.9,8,75,33.6,0,0,0
2026-09-08 06:35:00,182.7,3,73,31.5,0,0,0
2026-09-08 06:40:00,184.6,9,74,33.1,0,0,0
2026-09-08 06:45:00,185.5,13,74,33.4,0,0,0
2026-09-08 06:50:00,183.2,9,73,34.9,0,0,0
2026-09-08 06:55:00,182.2,14,72,35.2,0,0,0
2026-09-08 07:00:00,182.7,13,73,32.0,0,0,0
2026-09-08 07:05:00,184.4,10,75,30.4,0,0,0
2026-09-08 07:10:00,186.1,8,74,35.6,0,0,0
2026-09-08 07:15:00,183.1,15,75,31.8,0,0,0
2026-09-08 07:20:00,185.1,1,75,35.6,0,0,0
2026-09-08 07:25:00,183.4,7,75,30.8,0,0,0
2026-09-08 07:30:00,182.8,6,74,32.1,0,0,0
2026-09-08 07:35:00,179.3,13,75,30.7,0,0,0
2026-09-08 07:40:00,180.0,8,72,34.4,0,0,0
2026-09-08 07:45:00,180.1,9,75,35.4,0,0,0
2026-09-08 07:50:00,176.8,3,74,36.3,0,0,0
2026-09-08 07:55:00,177.7,9,74,33.0,0,0,0
2026-09-08 08:00:00,177.9,11,81,31.7,0,75,78
2026-09-08 08:05:00,191.1,6,77,31.5,0,0,0
2026-09-08 08:10:00,200.3,9,77,32.4,0,0,0
2026-09-08 08:15:00,206.3,16,77,34.6,0,0,0
2026-09-08 08:20:00,208.1,13,78,31.5,0,0,0
2026-09-08 08:25:00,216.0,10,79,34.1,0,0,0
2026-09-08 08:30:00,223.0,5,73,34.0,0,0,0
2026-09-08 08:35:00,226.5,12,71,34.4,0,0,0
2026-09-08 08:40:00,227.5,9,74,34.6,0,0,0
2026-09-08 08:45:00,229.0,15,75,29.4,0,0,0
2026-09-08 08:50:00,228.0,6,72,31.9,0,0,0
2026-09-08 08:55:00,226.0,6,73,31.7,0,0,0
2026-09-08 09:00:00,228.0,10,77,35.1,0,0,0
2026-09-08 09:05:00,226.0,5,80,33.3,0,0,0
2026-09-08 09:10:00,223.7,8,69,32.6,0,0,0
2026-09-08 09:15:00,220.9,4,75,34.9,0,0,0
2026-09-08 09:20:00,217.0,19,76,37.5,0,0,0
2026-09-08 09:25:00,216.9,15,73,32.8,0,0,0
2026-09-08 09:30:00,217.7,13,76,32.8,0,0,0
2026-09-08 09:35:00,215.8,6,72,35.8,0,0,0
2026-09-08 09:40:00,212.1,11,71,31.2,0,0,0
2026-09-08 09:45:00,206.4,2,75,35.1,0,0,0
2026-09-08 09:50:00,203.9,9,70,33.4,0,0,0
2026-09-08 09:55:00,202.6,5,74,33.2,0,0,0
2026-09-08 10:00:00,202.0,8,74,33.7,0,0,0
2026-09-08 10:05:00,201.5,5,79,29.9,0,0,0
2026-09-08 10:10:00,198.1,5,75,34.5,0,0,0
2026-09-08 10:15:00,194.9,7,74,34.5,0,0,0
2026-09-08 10:20:00,191.1,21,75,32.0,0,0,0
2026-09-08 10:25:00,190.6,16,75,33.2,0,0,0
2026-09-08 10:30:00,188.3,9,73,31.6,0,0,0
2026-09-08 10:35:00,186.9,6,73,34.4,0,0,0
2026-09-08 10:40:00,185.5,12,73,37.4,0,0,0
2026-09-08 10:45:00,184.4,11,73,34.0,0,0,0
2026-09-08 10:50:00,184.7,10,74,35.4,0,0,0
2026-09-08 10:55:00,182.8,5,74,32.5,0,0,0
2026-09-08 11:00:00,180.6,12,76,33.1,0,0,0
2026-09-08 11:05:00,182.1,2,72,34.6,0,0,0
2026-09-08 11:10:00,181.2,12,77,30.3,0,0,0
2026-09-08 11:15:00,180.9,12,75,31.3,0,0,0
2026-09-08 11:20:00,181.8,6,74,29.0,0,0,0
2026-09-08 11:25:00,180.6,4,75,31.9,0,0,0
2026-09-08 11:30:00,180.3,1,75,29.9,0,0,0
2026-09-08 11:35:00,175.8,22,78,36.8,0,0,0
2026-09-08 11:40:00,175.1,5,78,33.4,0,0,0
2026-09-08 11:45:00,174.6,17,74,39.1,0,0,0
2026-09-08 11:50:00,174.1,18,77,30.3,0,0,0
2026-09-08 11:55:00,175.9,4,71,36.3,0,0,0
2026-09-08 12:00:00,175.2,12,76,32.1,0,0,0
2026-09-08 12:05:00,176.4,4,74,32.3,0,0,0
2026-09-08 12:10:00,172.1,7,74,35.9,0,0,0
2026-09-08 12:15:00,172.5,15,72,33.3,0,0,0
2026-09-08 12:20:00,168.7,13,76,35.0,0,0,0
2026-09-08 12:25:00,168.9,21,74,34.3,0,0,0
2026-09-08 12:30:00,172.7,10,74,35.7,0,0,0
2026-09-08 12:35:00,170.0,3,75,36.6,0,0,0
2026-09-08 12:40:00,167.8,8,74,35.4,0,0,0
2026-09-08 12:45:00,169.3,6,74,32.4,0,0,0
2026-09-08 12:50:00,166.9,13,74,32.4,0,0,0
2026-09-08 12:55:00,169.4,9,73,31.1,0,0,0
2026-09-08 13:00:00,170.5,14,76,33.0,0,0,0
2026-09-08 13:05:00,170.3,7,72,34.4,0,0,0
2026-09-08 13:10:00,167.6,14,72,32.1,0,0,0
2026-09-08 13:15:00,171.0,10,75,34.6,0,0,0
2026-09-08 13:20:00,171.4,9,77,35.1,0,0,0
2026-09-08 13:25:00,172.7,8,74,33.9,0,0,0
2026-09-08 13:30:00,171.8,12,73,32.8,0,0,0
2026-09-08 13:35:00,170.2,11,78,36.5,0,89,70
2026-09-08 13:40:00,184.5,11,73,35.2,0,0,0
2026-09-08 13:45:00,197.4,12,75,30.7,0,0,0
2026-09-08 13:50:00,212.9,5,76,34.8,0,0,0
2026-09-08 13:55:00,221.5,5,76,30.2,0,0,0
2026-09-08 14:00:00,226.1,10,78,32.5,0,0,0
2026-09-08 14:05:00,228.1,19,77,35.4,0,0,0
2026-09-08 14:10:00,226.7,2,73,32.8,0,0,0
2026-09-08 14:15:00,232.3,8,76,33.0,0,0,0
2026-09-08 14:20:00,232.1,11,78,38.8,0,0,0
2026-09-08 14:25:00,231.3,7,76,35.7,0,0,0
2026-09-08 14:30:00,229.4,17,77,30.5,0,0,0
2026-09-08 14:35:00,228.5,9,76,34.3,0,0,0
2026-09-08 14:40:00,225.2,15,76,34.1,0,0,0
2026-09-08 14:45:00,222.0,7,77,30.2,0,0,0
2026-09-08 14:50:00,222.3,5,73,33.9,0,0,0
2026-09-08 14:55:00,221.6,6,70,34.4,0,0,0
2026-09-08 15:00:00,216.5,7,76,34.4,0,0,0
2026-09-08 15:05:00,214.8,13,72,31.7,0,0,0
2026-09-08 15:10:00,209.9,23,78,32.4,0,0,0
2026-09-08 15:15:00,208.7,13,75,30.6,0,0,0
2026-09-08 15:20:00,206.3,12,73,32.1,0,0,0
2026-09-08 15:25:00,206.1,6,79,35.2,0,0,0
2026-09-08 15:30:00,202.5,23,79,31.7,0,0,0
2026-09-08 15:35:00,199.1,6,76,33.1,0,0,0
2026-09-08 15:40:00,195.9,3,74,32.3,0,0,0
2026-09-08 15:45:00,195.8,8,75,30.1,0,0,0
2026-09-08 15:50:00,193.6,7,75,33.8,0,0,0
2026-09-08 15:55:00,192.8,14,79,34.2,0,0,0
2026-09-08 16:00:00,188.8,5,73,28.9,0,0,0
2026-09-08 16:05:00,189.5,2,75,32.2,0,0,0
2026-09-08 16:10:00,189.0,6,71,29.5,0,0,0
2026-09-08 16:15:00,190.1,5,70,34.7,0,0,0
2026-09-08 16:20:00,186.6,3,76,28.9,0,0,0
2026-09-08 16:25:00,185.6,11,72,35.2,0,0,0
2026-09-08 16:30:00,187.1,4,72,35.2,0,0,0
2026-09-08 16:35:00,187.3,9,78,34.4,0,0,0
2026-09-08 16:40:00,187.0,444,101,36.0,0,0,0
2026-09-08 16:45:00,185.5,433,97,34.8,0,0,0
2026-09-08 16:50:00,182.5,14,76,40.5,0,0,0
2026-09-08 16:55:00,184.6,3,73,33.1,0,0,0
2026-09-08 17:00:00,184.5,3,72,29.9,0,0,0
2026-09-08 17:05:00,183.5,20,75,32.2,0,0,0
2026-09-08 17:10:00,181.1,11,77,35.8,0,0,0
2026-09-08 17:15:00,181.7,3,73,34.1,0,0,0
2026-09-08 17:20:00,182.6,16,77,33.6,0,0,0
2026-09-08 17:25:00,185.1,3,72,31.5,0,0,0
2026-09-08 17:30:00,183.5,3,73,32.2,0,0,0
2026-09-08 17:35:00,179.0,13,72,33.6,0,0,0
2026-09-08 17:40:00,177.1,8,74,34.2,0,0,0
2026-09-08 17:45:00,177.1,13,75,29.4,0,0,0
2026-09-08 17:50:00,175.8,6,74,34.7,0,29,60
2026-09-08 17:55:00,179.7,17,79,32.5,0,0,0
2026-09-08 18:00:00,182.2,3,77,29.7,0,0,0
2026-09-08 18:05:00,188.3,443,101,33.2,0,0,0
2026-09-08 18:10:00,191.8,439,104,31.6,0,0,0
2026-09-08 18:15:00,192.5,17,76,32.4,0,0,0
2026-09-08 18:20:00,189.3,8,73,34.1,0,0,0
2026-09-08 18:25:00,184.9,6,73,32.5,0,0,0
2026-09-08 18:30:00,188.4,19,75,35.8,0,0,0
2026-09-08 18:35:00,186.2,10,74,32.4,0,0,0
2026-09-08 18:40:00,187.3,9,75,31.1,0,0,0
2026-09-08 18:45:00,186.6,8,79,32.8,0,0,0
2026-09-08 18:50:00,184.8,5,72,35.4,0,0,0
2026-09-08 18:55:00,181.7,14,75,31.4,0,0,0
2026-09-08 19:00:00,178.3,15,71,35.9,0,0,0
2026-09-08 19:05:00,178.8,4,73,33.4,0,0,0
2026-09-08 19:10:00,179.6,4,76,30.8,0,0,0
2026-09-08 19:15:00,182.7,9,74,31.7,0,0,0
2026-09-08 19:20:00,179.3,2,76,34.0,0,0,0
2026-09-08 19:25:00,179.4,16,68,32.5,0,0,0
2026-09-08 19:30:00,180.1,7,72,32.7,0,0,0
2026-09-08 19:35:00,180.2,12,74,29.3,0,0,0
2026-09-08 19:40:00,181.5,10,75,30.9,0,0,0
2026-09-08 19:45:00,181.1,4,74,32.5,0,0,0
2026-09-08 19:50:00,178.6,3,71,32.5,0,0,0
2026-09-08 19:55:00,178.4,5,75,29.5,0,0,0
2026-09-08 20:00:00,178.0,4,75,33.6,0,0,0
2026-09-08 20:05:00,179.6,7,76,33.1,0,0,0
2026-09-08 20:10:00,181.4,6,76,31.5,0,0,0
2026-09-08 20:15:00,185.0,15,76,35.4,0,0,0
2026-09-08 20:20:00,185.7,14,80,37.0,0,0,0
2026-09-08 20:25:00,186.1,13,76,32.6,0,61,55
2026-09-08 20:30:00,193.3,9,78,33.4,0,0,0
2026-09-08 20:35:00,201.6,6,77,36.6,0,0,0
2026-09-08 20:40:00,205.6,9,77,33.1,0,0,0
2026-09-08 20:45:00,210.3,6,79,34.1,0,0,0
2026-09-08 20:50:00,210.0,11,76,34.1,0,0,0
2026-09-08 20:55:00,210.6,13,75,34.6,0,0,0
2026-09-08 21:00:00,209.7,7,74,34.7,0,0,0
2026-09-08 21:05:00,210.2,2,75,33.4,0,0,0
2026-09-08 21:10:00,210.0,19,76,29.2,0,0,0
2026-09-08 21:15:00,212.3,7,77,35.3,0,0,0
2026-09-08 21:20:00,214.5,1,76,36.6,0,0,0
2026-09-08 21:25:00,209.1,5,76,36.2,0,0,0
2026-09-08 21:30:00,209.9,6,75,33.4,0,0,0
2026-09-08 21:35:00,208.3,12,72,33.4,0,0,0
2026-09-08 21:40:00,207.3,14,74,31.1,0,0,0
2026-09-08 21:45:00,205.0,7,75,33.2,0,0,0
2026-09-08 21:50:00,202.0,0,68,50.5,1,0,0
2026-09-08 21:55:00,196.4,0,68,53.5,1,0,0
2026-09-08 22:00:00,193.2,0,68,54.2,1,0,0
2026-09-08 22:05:00,188.6,0,65,55.9,1,0,0
2026-09-08 22:10:00,185.8,0,67,53.4,1,0,0
2026-09-08 22:15:00,187.4,0,68,54.0,1,0,0
2026-09-08 22:20:00,186.1,0,65,54.8,1,0,0
2026-09-08 22:25:00,187.8,1,68,52.3,1,0,0
2026-09-08 22:30:00,185.7,1,68,58.3,1,0,0
2026-09-08 22:35:00,184.7,0,66,58.0,1,0,0
2026-09-08 22:40:00,184.1,1,70,53.0,1,0,0
2026-09-08 22:45:00,186.1,0,64,54.2,1,0,0
2026-09-08 22:50:00,182.2,0,63,50.6,1,0,0
2026-09-08 22:55:00,181.8,1,62,51.6,1,0,0
2026-09-08 23:00:00,178.0,0,68,49.5,1,0,0
2026-09-08 23:05:00,176.8,1,67,55.5,1,0,0
2026-09-08 23:10:00,174.4,0,66,50.1,1,0,0
2026-09-08 23:15:00,173.7,1,66,56.9,1,0,0
2026-09-08 23:20:00,171.8,0,66,54.7,1,0,0
2026-09-08 23:25:00,170.9,0,67,55.5,1,0,0
2026-09-08 23:30:00,170.8,0,63,52.4,1,0,0
2026-09-08 23:35:00,171.6,0,70,54.4,1,0,0
2026-09-08 23:40:00,172.1,0,68,52.0,1,0,0
2026-09-08 23:45:00,172.1,0,66,52.3,1,0,0
2026-09-08 23:50:00,170.2,1,66,56.0,1,0,0
2026-09-08 23:55:00,171.0,1,64,53.0,1,0,0
2026-09-09 00:00:00,173.4,1,67,53.0,1,0,0
2026-09-09 00:05:00,176.5,1,65,54.5,1,0,0
2026-09-09 00:10:00,172.0,0,65,54.1,1,0,0
2026-09-09 00:15:00,170.8,0,66,54.7,1,0,0
2026-09-09 00:20:00,173.4,1,64,54.7,1,0,0
2026-09-09 00:25:00,171.4,0,68,52.7,1,0,0
2026-09-09 00:30:00,168.9,0,64,52.7,1,0,0
2026-09-09 00:35:00,165.0,0,64,56.5,1,0,0
2026-09-09 00:40:00,164.5,0,66,55.0,1,0,0
2026-09-09 00:45:00,164.3,0,67,53.1,1,0,0
2026-09-09 00:50:00,166.3,2,68,55.7,1,0,0
2026-09-09 00:55:00,168.1,0,67,55.4,1,0,0
2026-09-09 01:00:00,172.3,0,66,53.8,1,0,0
2026-09-09 01:05:00,173.6,0,67,55.5,1,0,0
2026-09-09 01:10:00,173.3,0,66,54.4,1,0,0
2026-09-09 01:15:00,175.2,0,69,54.2,1,0,0
2026-09-09 01:20:00,170.8,0,66,54.6,1,0,0
2026-09-09 01:25:00,170.7,0,64,53.0,1,0,0
2026-09-09 01:30:00,170.9,0,64,50.9,1,0,0
2026-09-09 01:35:00,173.6,0,69,54.1,1,0,0
2026-09-09 01:40:00,173.2,1,68,56.3,1,0,0
2026-09-09 01:45:00,171.9,1,66,52.9,1,0,0
2026-09-09 01:50:00,173.0,1,66,57.1,1,0,0
2026-09-09 01:55:00,174.9,0,67,51.8,1,0,0
2026-09-09 02:00:00,175.8,2,68,55.4,1,0,0
2026-09-09 02:05:00,174.7,1,64,52.4,1,0,0
2026-09-09 02:10:00,176.3,0,68,51.3,1,0,0
2026-09-09 02:15:00,173.6,0,70,53.3,1,0,0
2026-09-09 02:20:00,172.1,0,66,50.7,1,0,0
2026-09-09 02:25:00,175.8,1,65,57.2,1,0,0
2026-09-09 02:30:00,174.6,0,66,56.4,1,0,0
2026-09-09 02:35:00,178.5,0,62,56.7,1,0,0
2026-09-09 02:40:00,176.1,0,67,52.3,1,0,0
2026-09-09 02:45:00,177.9,0,63,53.2,1,0,0
2026-09-09 02:50:00,178.4,0,66,52.9,1,0,0
2026-09-09 02:55:00,176.2,1,67,53.8,1,0,0
2026-09-09 03:00:00,172.3,1,63,52.6,1,0,0
2026-09-09 03:05:00,170.9,0,69,55.4,1,0,0
2026-09-09 03:10:00,169.6,0,67,56.1,1,0,0
2026-09-09 03:15:00,169.7,1,64,55.7,1,0,0
2026-09-09 03:20:00,169.8,1,66,48.2,1,0,0
2026-09-09 03:25:00,169.1,1,70,52.7,1,0,0
2026-09-09 03:30:00,171.9,1,67,57.7,1,0,0
2026-09-09 03:35:00,172.3,0,65,59.1,1,0,0
2026-09-09 03:40:00,172.3,0,65,55.7,1,0,0
2026-09-09 03:45:00,173.4,1,66,53.3,1,0,0
2026-09-09 03:50:00,173.6,0,66,53.8,1,0,0
2026-09-09 03:55:00,173.3,0,68,58.0,1,0,0
2026-09-09 04:00:00,173.3,2,65,52.7,1,0,0
2026-09-09 04:05:00,176.3,0,62,50.8,1,0,0
2026-09-09 04:10:00,176.9,0,66,55.5,1,0,0
2026-09-09 04:15:00,177.7,1,65,54.7,1,0,0
2026-09-09 04:20:00,175.5,0,70,52.0,1,0,0
2026-09-09 04:25:00,176.1,0,68,53.6,1,0,0
2026-09-09 04:30:00,178.8,0,66,53.2,1,0,0
2026-09-09 04:35:00,180.4,0,64,51.5,1,0,0
2026-09-09 04:40:00,179.9,0,66,56.0,1,0,0
2026-09-09 04:45:00,182.5,0,66,56.0,1,0,0
2026-09-09 04:50:00,180.2,0,68,57.2,1,0,0
2026-09-09 04:55:00,180.1,0,64,56.3,1,0,0
2026-09-09 05:00:00,182.9,0,63,53.2,1,0,0
2026-09-09 05:05:00,184.2,1,67,55.2,1,0,0
2026-09-09 05:10:00,185.2,2,67,54.8,1,0,0
2026-09-09 05:15:00,183.1,1,64,55.2,1,0,0
2026-09-09 05:20:00,182.7,0,65,54.7,1,0,0
2026-09-09 05:25:00,181.5,0,66,53.7,1,0,0
2026-09-09 05:30:00,180.5,0,68,55.5,1,0,0
2026-09-09 05:35:00,179.0,1,65,55.5,1,0,0
2026-09-09 05:40:00,180.0,1,65,57.5,1,0,0
2026-09-09 05:45:00,182.3,0,65,51.8,1,0,0
2026-09-09 05:50:00,181.9,0,66,55.8,1,0,0
2026-09-09 05:55:00,183.5,8,72,32.4,0,0,0
2026-09-09 06:00:00,179.8,8,77,32.6,0,0,0
2026-09-09 06:05:00,178.1,10,72,30.6,0,0,0
2026-09-09 06:10:00,177.2,5,74,35.4,0,0,0
2026-09-09 06:15:00,178.4,10,73,34.9,0,0,0
2026-09-09 06:20:00,179.2,12,78,36.7,0,0,0
2026-09-09 06:25:00,179.1,3,74,35.8,0,0,0
2026-09-09 06:30:00,181.0,10,78,37.5,0,0,0
2026-09-09 06:35:00,180.2,7,76,32.6,0,0,0
2026-09-09 06:40:00,177.6,5,76,34.7,0,0,0
2026-09-09 06:45:00,176.6,29,76,33.0,0,0,0
2026-09-09 06:50:00,180.5,9,73,35.2,0,0,0
2026-09-09 06:55:00,183.0,4,76,34.1,0,0,0
2026-09-09 07:00:00,184.0,8,75,32.8,0,0,0
2026-09-09 07:05:00,177.2,11,76,33.5,0,0,0
2026-09-09 07:10:00,179.1,7,74,33.8,0,0,0
2026-09-09 07:15:00,179.6,6,75,32.4,0,0,0
2026-09-09 07:20:00,176.9,4,73,32.7,0,0,0
2026-09-09 07:25:00,176.7,14,74,35.3,0,0,0
2026-09-09 07:30:00,179.0,5,79,33.9,0,0,0
2026-09-09 07:35:00,176.5,4,72,36.1,0,0,0
2026-09-09 07:40:00,170.4,15,77,32.5,0,0,0
2026-09-09 07:45:00,170.4,9,74,35.1,0,0,0
2026-09-09 07:50:00,170.3,9,74,33.5,0,0,0
2026-09-09 07:55:00,170.3,12,76,35.6,0,0,0
2026-09-09 08:00:00,168.6,20,73,34.0,0,0,0
2026-09-09 08:05:00,168.4,5,73,34.1,0,0,0
2026-09-09 08:10:00,167.6,7,77,34.9,0,0,0
2026-09-09 08:15:00,163.4,5,77,33.9,0,0,0
2026-09-09 08:20:00,166.4,2,80,33.6,0,0,0
2026-09-09 08:25:00,164.9,6,73,33.2,0,0,0
2026-09-09 08:30:00,165.1,3,74,36.0,0,0,0
2026-09-09 08:35:00,166.1,3,73,37.0,0,0,0
2026-09-09 08:40:00,169.0,3,75,34.5,0,65,78
2026-09-09 08:45:00,183.8,6,80,32.7,0,0,0
2026-09-09 08:50:00,194.5,16,80,33.5,0,0,0
2026-09-09 08:55:00,204.7,6,79,36.3,0,0,0
2026-09-09 09:00:00,210.2,1,77,34.6,0,0,0
2026-09-09 09:05:00,214.4,14,79,31.0,0,0,0
2026-09-09 09:10:00,215.4,3,70,36.0,0,0,0
2026-09-09 09:15:00,218.9,10,74,30.6,0,0,0
2026-09-09 09:20:00,218.0,11,74,33.6,0,0,0
2026-09-09 09:25:00,216.9,8,74,34.3,0,0,0
2026-09-09 09:30:00,215.7,8,76,34.3,0,0,0
2026-09-09 09:35:00,215.4,6,74,31.7,0,0,0
2026-09-09 09:40:00,216.3,10,74,35.6,0,0,0
2026-09-09 09:45:00,216.2,13,74,31.1,0,0,0
2026-09-09 09:50:00,214.8,5,77,33.1,0,0,0
2026-09-09 09:55:00,211.9,6,77,31.1,0,0,0
2026-09-09 10:00:00,211.6,13,75,31.9,0,0,0
2026-09-09 10:05:00,204.6,6,75,35.5,0,0,0
2026-09-09 10:10:00,206.5,12,74,33.3,0,0,0
2026-09-09 10:15:00,207.7,18,73,34.5,0,0,0
2026-09-09 10:20:00,204.4,17,77,31.9,0,0,0
2026-09-09 10:25:00,200.0,5,75,32.3,0,0,0
2026-09-09 10:30:00,199.4,6,72,36.2,0,0,0
2026-09-09 10:35:00,203.2,15,74,32.0,0,0,0
2026-09-09 10:40:00,198.9,4,75,33.5,0,0,0
2026-09-09 10:45:00,199.5,8,72,34.8,0,0,0
2026-09-09 10:50:00,196.3,4,76,31.4,0,0,0
2026-09-09 10:55:00,195.6,8,76,34.5,0,0,0
2026-09-09 11:00:00,193.0,4,75,32.4,0,0,0
2026-09-09 11:05:00,191.5,9,72,36.1,0,0,0
2026-09-09 11:10:00,193.3,8,79,34.0,0,0,0
2026-09-09 11:15:00,193.2,2,72,35.0,0,0,0
2026-09-09 11:20:00,191.3,9,77,34.5,0,0,0
2026-09-09 11:25:00,191.3,8,75,36.3,0,0,0
2026-09-09 11:30:00,194.4,7,73,32.3,0,0,0
2026-09-09 11:35:00,192.2,12,75,32.4,0,0,0
2026-09-09 11:40:00,193.3,10,75,35.2,0,0,0
2026-09-09 11:45:00,193.0,8,74,36.2,0,0,0
2026-09-09 11:50:00,193.3,15,77,33.8,0,0,0
2026-09-09 11:55:00,190.0,4,71,36.4,0,0,0
2026-09-09 12:00:00,189.3,14,77,32.0,0,0,0
2026-09-09 12:05:00,189.3,10,74,32.3,0,0,0
2026-09-09 12:10:00,187.9,5,70,35.8,0,0,0
2026-09-09 12:15:00,185.9,6,68,32.4,0,0,0
2026-09-09 12:20:00,184.9,10,73,29.1,0,0,0
2026-09-09 12:25:00,179.6,12,74,34.3,0,0,0
2026-09-09 12:30:00,179.1,14,69,37.8,0,0,0
2026-09-09 12:35:00,178.6,3,74,33.7,0,0,0
2026-09-09 12:40:00,176.1,6,77,32.7,0,0,0
2026-09-09 12:45:00,176.4,3,77,31.7,0,0,0
2026-09-09 12:50:00,174.4,12,77,28.0,0,0,0
2026-09-09 12:55:00,174.2,2,73,32.2,0,0,0
2026-09-09 13:00:00,177.3,9,77,29.8,0,0,0
2026-09-09 13:05:00,175.5,13,75,31.8,0,0,0
2026-09-09 13:10:00,180.6,5,77,31.2,0,86,70
2026-09-09 13:15:00,189.7,9,75,33.0,0,0,0
2026-09-09 13:20:00,196.1,6,76,33.1,0,0,0
2026-09-09 13:25:00,205.2,385,99,34.8,0,0,0
2026-09-09 13:30:00,210.4,383,100,36.8,0,0,0
2026-09-09 13:35:00,217.4,20,80,31.5,0,0,0
2026-09-09 13:40:00,214.5,12,72,31.3,0,0,0
2026-09-09 13:45:00,215.0,9,75,35.6,0,0,0
2026-09-09 13:50:00,216.6,2,73,31.2,0,0,0
2026-09-09 13:55:00,214.8,10,75,32.2,0,0,0
2026-09-09 14:00:00,211.3,4,74,34.9,0,0,0
2026-09-09 14:05:00,213.1,5,78,33.0,0,0,0
2026-09-09 14:10:00,213.5,5,74,32.8,0,0,0
2026-09-09 14:15:00,211.7,10,78,32.2,0,0,0
2026-09-09 14:20:00,211.0,11,76,34.2,0,0,0
2026-09-09 14:25:00,211.9,23,79,35.0,0,0,0
2026-09-09 14:30:00,211.1,21,75,33.1,0,0,0
2026-09-09 14:35:00,211.1,6,76,32.1,0,0,0
2026-09-09 14:40:00,210.1,7,76,31.0,0,0,0
2026-09-09 14:45:00,210.6,7,73,34.7,0,0,0
2026-09-09 14:50:00,212.0,8,77,34.4,0,0,0
2026-09-09 14:55:00,209.0,11,77,32.7,0,0,0
2026-09-09 15:00:00,203.6,8,72,32.1,0,0,0
2026-09-09 15:05:00,201.0,3,77,32.8,0,0,0
2026-09-09 15:10:00,198.1,3,73,31.7,0,0,0
2026-09-09 15:15:00,193.7,8,76,33.0,0,0,0
2026-09-09 15:20:00,192.4,12,73,36.6,0,0,0
2026-09-09 15:25:00,194.2,9,74,32.3,0,0,0
2026-09-09 15:30:00,192.9,16,77,31.6,0,0,0
2026-09-09 15:35:00,191.9,3,70,37.4,0,0,0
2026-09-09 15:40:00,189.4,9,72,29.8,0,0,0
2026-09-09 15:45:00,192.4,5,74,33.3,0,0,0
2026-09-09 15:50:00,191.8,9,78,33.9,0,0,0
2026-09-09 15:55:00,191.8,5,75,31.7,0,0,0
2026-09-09 16:00:00,194.2,5,76,33.5,0,0,0
2026-09-09 16:05:00,193.5,4,74,33.7,0,0,0
2026-09-09 16:10:00,189.8,4,74,30.6,0,0,0
2026-09-09 16:15:00,183.9,12,76,33.3,0,0,0
2026-09-09 16:20:00,182.9,9,75,31.3,0,0,0
2026-09-09 16:25:00,180.8,3,73,32.7,0,0,0
2026-09-09 16:30:00,185.0,6,72,34.5,0,0,0
2026-09-09 16:35:00,186.5,2,74,35.2,0,0,0
2026-09-09 16:40:00,184.9,3,78,33.3,0,0,0
2026-09-09 16:45:00,183.6,5,73,30.7,0,0,0
2026-09-09 16:50:00,187.6,10,76,34.1,0,0,0
2026-09-09 16:55:00,187.7,12,75,35.0,0,0,0
2026-09-09 17:00:00,189.3,17,72,35.4,0,0,0
2026-09-09 17:05:00,190.9,4,74,39.8,0,0,0
2026-09-09 17:10:00,189.1,9,78,34.1,0,0,0
2026-09-09 17:15:00,185.4,5,77,33.2,0,0,0
2026-09-09 17:20:00,188.8,8,76,33.9,0,31,60
2026-09-09 17:25:00,191.3,13,79,33.4,0,0,0
2026-09-09 17:30:00,193.4,4,78,32.3,0,0,0
2026-09-09 17:35:00,193.4,483,105,31.8,0,0,0
2026-09-09 17:40:00,194.4,477,106,33.4,0,0,0
2026-09-09 17:45:00,191.2,1,79,33.2,0,0,0
2026-09-09 17:50:00,188.2,5,73,33.6,0,0,0
2026-09-09 17:55:00,191.7,505,103,35.0,0,0,0
2026-09-09 18:00:00,195.3,500,105,31.5,0,0,0
2026-09-09 18:05:00,193.3,505,101,36.7,0,0,0
2026-09-09 18:10:00,195.7,10,73,32.8,0,0,0
2026-09-09 18:15:00,195.8,2,74,32.2,0,0,0
2026-09-09 18:20:00,193.1,3,72,35.6,0,0,0
2026-09-09 18:25:00,187.7,8,74,34.4,0,0,0
2026-09-09 18:30:00,189.9,6,76,33.8,0,0,0
2026-09-09 18:35:00,188.2,3,77,34.4,0,0,0
2026-09-09 18:40:00,189.6,13,73,31.2,0,0,0
2026-09-09 18:45:00,185.5,6,71,31.9,0,0,0
2026-09-09 18:50:00,185.2,7,76,33.6,0,0,0
2026-09-09 18:55:00,181.9,7,72,35.3,0,0,0
2026-09-09 19:00:00,180.1,14,77,32.6,0,0,0
2026-09-09 19:05:00,180.4,6,72,34.4,0,0,0
2026-09-09 19:10:00,178.3,12,75,35.8,0,0,0
2026-09-09 19:15:00,176.2,5,73,28.5,0,0,0
2026-09-09 19:20:00,177.8,13,72,36.4,0,0,0
2026-09-09 19:25:00,178.2,12,75,36.7,0,0,0
2026-09-09 19:30:00,177.2,3,77,35.8,0,0,0
2026-09-09 19:35:00,174.8,11,74,34.0,0,0,0
2026-09-09 19:40:00,178.1,7,74,30.7,0,0,0
2026-09-09 19:45:00,179.9,6,77,36.9,0,0,0
2026-09-09 19:50:00,181.4,12,75,35.4,0,0,0
2026-09-09 19:55:00,177.8,14,75,31.9,0,0,0
2026-09-09 20:00:00,176.8,20,78,34.3,0,0,0
2026-09-09 20:05:00,178.9,7,74,32.6,0,0,0
2026-09-09 20:10:00,180.9,5,79,32.1,0,63,55
2026-09-09 20:15:00,187.8,42,80,33.8,0,0,0
2026-09-09 20:20:00,191.9,18,82,34.0,0,0,0
2026-09-09 20:25:00,199.9,17,80,37.2,0,0,0
2026-09-09 20:30:00,200.3,9,73,33.9,0,0,0
2026-09-09 20:35:00,205.7,5,74,32.4,0,0,0
2026-09-09 20:40:00,206.6,6,71,34.3,0,0,0
2026-09-09 20:45:00,208.2,12,72,38.8,0,0,0
2026-09-09 20:50:00,206.4,18,74,34.4,0,0,0
2026-09-09 20:55:00,204.8,13,77,34.9,0,0,0
2026-09-09 21:00:00,203.9,8,74,31.5,0,0,0
2026-09-09 21:05:00,199.2,7,70,34.9,0,0,0
2026-09-09 21:10:00,201.1,12,77,37.1,0,0,0
2026-09-09 21:15:00,200.5,4,72,28.9,0,0,0
2026-09-09 21:20:00,200.0,3,73,28.8,0,0,0
2026-09-09 21:25:00,199.1,12,74,33.6,0,0,0
2026-09-09 21:30:00,199.6,7,75,35.0,0,0,0
2026-09-09 21:35:00,198.4,5,72,35.8,0,0,0
2026-09-09 21:40:00,195.3,4,71,34.6,0,0,0
2026-09-09 21:45:00,192.7,6,75,34.2,0,0,0
2026-09-09 21:50:00,196.0,9,74,33.0,0,0,0
2026-09-09 21:55:00,197.5,0,66,51.3,1,0,0
2026-09-09 22:00:00,200.1,0,67,55.3,1,0,0
2026-09-09 22:05:00,195.8,0,71,50.4,1,0,0
2026-09-09 22:10:00,195.9,0,67,52.8,1,0,0
2026-09-09 22:15:00,191.5,0,65,54.3,1,0,0
2026-09-09 22:20:00,192.2,1,65,52.3,1,0,0
2026-09-09 22:25:00,188.1,0,68,51.0,1,0,0
2026-09-09 22:30:00,187.9,1,70,51.5,1,0,0
2026-09-09 22:35:00,185.5,0,65,51.7,1,0,0
2026-09-09 22:40:00,184.1,0,65,55.3,1,0,0
2026-09-09 22:45:00,184.8,0,68,55.1,1,0,0
2026-09-09 22:50:00,183.8,0,67,56.0,1,0,0
2026-09-09 22:55:00,183.3,0,66,53.0,1,0,0
2026-09-09 23:00:00,181.9,0,67,52.7,1,0,0
2026-09-09 23:05:00,181.3,0,68,57.1,1,0,0
2026-09-09 23:10:00,177.1,0,67,52.8,1,0,0
2026-09-09 23:15:00,176.7,1,69,55.3,1,0,0
2026-09-09 23:20:00,176.9,0,67,56.5,1,0,0
2026-09-09 23:25:00,177.6,0,66,54.1,1,0,0
2026-09-09 23:30:00,177.2,0,63,55.4,1,0,0
2026-09-09 23:35:00,174.3,0,67,55.4,1,0,0
2026-09-09 23:40:00,176.2,0,69,55.6,1,0,0
2026-09-09 23:45:00,178.0,0,65,56.7,1,0,0
2026-09-09 23:50:00,178.7,0,66,56.0,1,0,0
2026-09-09 23:55:00,177.5,1,65,51.0,1,0,0
2026-09-10 00:00:00,174.8,0,67,55.7,1,0,0
2026-09-10 00:05:00,171.4,1,68,54.3,1,0,0
2026-09-10 00:10:00,169.1,0,68,54.4,1,0,0
2026-09-10 00:15:00,171.1,1,63,52.2,1,0,0
2026-09-10 00:20:00,172.6,1,65,51.9,1,0,0
2026-09-10 00:25:00,170.8,0,66,52.4,1,0,0
2026-09-10 00:30:00,172.0,0,66,54.8,1,0,0
2026-09-10 00:35:00,173.0,0,69,54.5,1,0,0
2026-09-10 00:40:00,175.3,0,67,52.3,1,0,0
2026-09-10 00:45:00,176.1,1,70,53.6,1,0,0
2026-09-10 00:50:00,174.1,2,63,55.2,1,0,0
2026-09-10 00:55:00,175.9,1,63,57.6,1,0,0
2026-09-10 01:00:00,181.1,0,68,57.1,1,0,0
2026-09-10 01:05:00,183.2,0,64,50.7,1,0,0
2026-09-10 01:10:00,186.0,0,65,55.3,1,0,0
2026-09-10 01:15:00,186.0,0,67,53.7,1,0,0
2026-09-10 01:20:00,185.6,0,64,52.1,1,0,0
2026-09-10 01:25:00,182.1,0,68,58.4,1,0,0
2026-09-10 01:30:00,179.4,0,70,56.7,1,0,0
2026-09-10 01:35:00,179.4,1,67,51.6,1,0,0
2026-09-10 01:40:00,179.3,0,68,57.6,1,0,0
2026-09-10 01:45:00,176.5,0,63,58.9,1,0,0
2026-09-10 01:50:00,175.6,0,68,55.4,1,0,0
2026-09-10 01:55:00,173.7,0,67,53.0,1,0,0
2026-09-10 02:00:00,171.9,1,65,54.5,1,0,0
2026-09-10 02:05:00,169.2,0,65,53.0,1,0,0
2026-09-10 02:10:00,169.6,1,67,53.7,1,0,0
2026-09-10 02:15:00,168.1,0,65,50.1,1,0,0
2026-09-10 02:20:00,170.4,0,69,52.7,1,0,0
2026-09-10 02:25:00,171.5,0,68,54.8,1,0,0
2026-09-10 02:30:00,171.6,0,63,53.9,1,0,0
2026-09-10 02:35:00,173.2,0,66,52.6,1,0,0
2026-09-10 02:40:00,172.8,1,68,50.9,1,0,0
2026-09-10 02:45:00,174.8,0,68,52.4,1,0,0
2026-09-10 02:50:00,174.1,0,66,56.1,1,0,0
2026-09-10 02:55:00,172.5,0,66,55.2,1,0,0
2026-09-10 03:00:00,174.1,0,64,53.8,1,0,0
2026-09-10 03:05:00,171.5,0,65,57.1,1,0,0
2026-09-10 03:10:00,172.9,0,66,51.6,1,0,0
2026-09-10 03:15:00,172.4,0,67,52.0,1,0,0
2026-09-10 03:20:00,172.9,0,69,51.2,1,0,0
2026-09-10 03:25:00,173.8,0,67,53.4,1,0,0
2026-09-10 03:30:00,170.5,0,67,55.5,1,0,0
2026-09-10 03:35:00,171.2,0,68,55.6,1,0,0
2026-09-10 03:40:00,170.3,0,65,54.6,1,0,0
2026-09-10 03:45:00,169.5,0,68,52.1,1,0,0
2026-09-10 03:50:00,169.9,0,63,54.9,1,0,0
2026-09-10 03:55:00,168.4,0,67,53.9,1,0,0
2026-09-10 04:00:00,171.5,0,64,51.6,1,0,0
2026-09-10 04:05:00,170.0,0,70,57.9,1,0,0
2026-09-10 04:10:00,171.6,0,63,50.8,1,0,0
2026-09-10 04:15:00,167.1,0,67,56.2,1,0,0
2026-09-10 04:20:00,167.0,0,69,52.4,1,0,0
2026-09-10 04:25:00,165.2,0,66,55.2,1,0,0
2026-09-10 04:30:00,170.0,0,65,52.7,1,0,0
2026-09-10 04:35:00,174.3,1,66,54.1,1,0,0
2026-09-10 04:40:00,173.2,0,61,54.7,1,0,0
2026-09-10 04:45:00,172.9,0,66,54.9,1,0,0
2026-09-10 04:50:00,174.6,2,68,51.5,1,0,0
2026-09-10 04:55:00,172.9,1,67,52.5,1,0,0
2026-09-10 05:00:00,172.1,0,66,51.4,1,0,0
2026-09-10 05:05:00,172.5,0,64,53.5,1,0,0
2026-09-10 05:10:00,174.4,1,68,53.3,1,0,0
2026-09-10 05:15:00,177.7,0,63,57.0,1,0,0
2026-09-10 05:20:00,180.7,0,65,54.8,1,0,0
2026-09-10 05:25:00,181.5,0,66,53.7,1,0,0
2026-09-10 05:30:00,181.8,0,64,57.7,1,0,0
2026-09-10 05:35:00,184.4,1,68,53.5,1,0,0
2026-09-10 05:40:00,183.7,0,67,54.7,1,0,0
2026-09-10 05:45:00,185.6,0,65,52.6,1,0,0
2026-09-10 05:50:00,186.7,0,71,53.3,1,0,0
2026-09-10 05:55:00,185.9,0,66,53.1,1,0,0
2026-09-10 06:00:00,186.5,1,67,53.9,1,0,0
2026-09-10 06:05:00,187.8,0,65,53.8,1,0,0
2026-09-10 06:10:00,190.2,0,66,52.5,1,0,0
2026-09-10 06:15:00,187.5,1,63,54.6,1,0,0
2026-09-10 06:20:00,182.3,0,66,53.7,1,0,0
2026-09-10 06:25:00,180.6,6,76,29.9,0,0,0
2026-09-10 06:30:00,185.0,14,74,30.6,0,0,0
2026-09-10 06:35:00,186.4,7,73,33.2,0,0,0
2026-09-10 06:40:00,186.6,14,76,34.1,0,0,0
2026-09-10 06:45:00,183.8,9,75,32.7,0,0,0
2026-09-10 06:50:00,186.0,3,73,33.8,0,0,0
2026-09-10 06:55:00,184.2,12,80,33.1,0,0,0
2026-09-10 07:00:00,179.6,7,76,33.2,0,0,0
2026-09-10 07:05:00,179.1,7,77,36.2,0,0,0
2026-09-10 07:10:00,181.1,10,76,35.7,0,0,0
2026-09-10 07:15:00,182.6,11,79,35.0,0,0,0
2026-09-10 07:20:00,183.8,7,77,34.5,0,0,0
2026-09-10 07:25:00,181.1,11,73,33.9,0,0,0
2026-09-10 07:30:00,178.7,4,76,33.8,0,0,0
2026-09-10 07:35:00,179.3,15,75,33.4,0,0,0
2026-09-10 07:40:00,176.0,14,71,31.7,0,0,0
2026-09-10 07:45:00,176.2,12,73,34.3,0,0,0
2026-09-10 07:50:00,174.2,2,74,35.2,0,0,0
2026-09-10 07:55:00,175.8,16,74,32.1,0,0,0
2026-09-10 08:00:00,175.3,8,77,33.0,0,0,0
2026-09-10 08:05:00,176.3,7,75,33.8,0,0,0
2026-09-10 08:10:00,175.3,12,79,30.4,0,59,70
2026-09-10 08:15:00,184.5,12,76,34.0,0,0,0
2026-09-10 08:20:00,193.5,12,77,38.2,0,0,0
2026-09-10 08:25:00,197.5,9,78,30.9,0,0,0
2026-09-10 08:30:00,202.0,9,78,31.2,0,0,0
2026-09-10 08:35:00,204.1,15,78,35.1,0,0,0
2026-09-10 08:40:00,203.7,6,77,32.1,0,0,0
2026-09-10 08:45:00,206.7,8,76,31.2,0,0,0
2026-09-10 08:50:00,209.7,10,71,37.6,0,0,0
2026-09-10 08:55:00,212.2,6,73,32.2,0,0,0
2026-09-10 09:00:00,211.5,11,75,29.7,0,0,0
2026-09-10 09:05:00,209.4,10,78,35.3,0,0,0
2026-09-10 09:10:00,209.9,11,77,34.8,0,0,0
2026-09-10 09:15:00,209.8,2,74,31.8,0,0,0
2026-09-10 09:20:00,210.7,4,71,31.9,0,0,0
2026-09-10 09:25:00,207.4,7,73,35.2,0,0,0
2026-09-10 09:30:00,205.1,8,75,34.2,0,0,0
2026-09-10 09:35:00,203.7,16,75,33.8,0,0,0
2026-09-10 09:40:00,201.2,7,72,32.0,0,0,0
2026-09-10 09:45:00,201.0,13,76,31.6,0,0,0
2026-09-10 09:50:00,195.7,9,74,35.6,0,0,0
2026-09-10 09:55:00,195.0,16,74,31.3,0,0,0
2026-09-10 10:00:00,195.8,4,76,30.9,0,0,0
2026-09-10 10:05:00,193.0,11,75,30.6,0,0,0
2026-09-10 10:10:00,192.5,2,73,34.6,0,0,0
2026-09-10 10:15:00,187.8,7,74,32.8,0,0,0
2026-09-10 10:20:00,186.8,15,76,34.4,0,0,0
2026-09-10 10:25:00,188.3,8,73,35.0,0,0,0
2026-09-10 10:30:00,186.6,12,73,35.2,0,0,0
2026-09-10 10:35:00,189.1,7,69,32.1,0,0,0
2026-09-10 10:40:00,190.0,8,76,35.3,0,0,0
2026-09-10 10:45:00,189.2,10,72,34.5,0,0,0
2026-09-10 10:50:00,187.1,5,75,33.4,0,0,0
2026-09-10 10:55:00,189.5,10,74,32.1,0,0,0
2026-09-10 11:00:00,189.2,20,76,32.0,0,0,0
2026-09-10 11:05:00,184.4,0,70,30.4,0,0,0
2026-09-10 11:10:00,180.1,4,73,29.9,0,0,0
2026-09-10 11:15:00,181.6,4,75,34.6,0,0,0
2026-09-10 11:20:00,176.7,11,77,31.8,0,0,0
2026-09-10 11:25:00,177.6,4,72,32.9,0,0,0
2026-09-10 11:30:00,180.2,3,74,33.0,0,0,0
2026-09-10 11:35:00,177.0,10,76,32.6,0,0,0
2026-09-10 11:40:00,173.3,11,71,34.4,0,0,0
2026-09-10 11:45:00,173.8,6,73,35.4,0,0,0
2026-09-10 11:50:00,169.2,11,75,32.4,0,0,0
2026-09-10 11:55:00,167.4,5,75,29.4,0,0,0
2026-09-10 12:00:00,168.6,4,74,29.2,0,0,0
2026-09-10 12:05:00,170.9,10,73,35.9,0,0,0
2026-09-10 12:10:00,171.1,7,76,35.5,0,0,0
2026-09-10 12:15:00,175.0,6,74,30.8,0,0,0
2026-09-10 12:20:00,172.2,14,72,30.1,0,0,0
2026-09-10 12:25:00,172.0,5,77,30.1,0,0,0
2026-09-10 12:30:00,175.7,1,71,31.7,0,0,0
2026-09-10 12:35:00,178.3,10,77,31.1,0,0,0
2026-09-10 12:40:00,177.2,15,72,31.6,0,0,0
2026-09-10 12:45:00,177.3,4,75,31.9,0,0,0
2026-09-10 12:50:00,179.0,13,74,31.3,0,0,0
2026-09-10 12:55:00,178.7,6,77,31.5,0,0,0
2026-09-10 13:00:00,176.5,438,105,31.9,0,68,68
2026-09-10 13:05:00,187.9,433,101,34.5,0,0,0
2026-09-10 13:10:00,195.7,10,77,34.2,0,0,0
2026-09-10 13:15:00,206.6,4,79,34.3,0,0,0
2026-09-10 13:20:00,212.4,10,79,30.8,0,0,0
2026-09-10 13:25:00,217.1,1,80,34.2,0,0,0
2026-09-10 13:30:00,219.1,3,74,35.7,0,0,0
2026-09-10 13:35:00,222.8,11,74,34.4,0,0,0
2026-09-10 13:40:00,222.3,16,74,32.8,0,0,0
2026-09-10 13:45:00,220.3,2,69,33.0,0,0,0
2026-09-10 13:50:00,218.8,5,76,33.0,0,0,0
2026-09-10 13:55:00,217.7,10,74,31.0,0,0,0
2026-09-10 14:00:00,216.3,6,75,30.8,0,0,0
2026-09-10 14:05:00,213.5,5,72,38.0,0,0,0
2026-09-10 14:10:00,208.9,7,76,35.9,0,0,0
2026-09-10 14:15:00,208.1,10,75,33.9,0,0,0
2026-09-10 14:20:00,205.8,6,76,32.1,0,0,0
2026-09-10 14:25:00,205.1,6,74,33.1,0,0,0
2026-09-10 14:30:00,201.3,8,75,34.7,0,0,0
2026-09-10 14:35:00,199.9,3,75,32.5,0,0,0
2026-09-10 14:40:00,201.3,9,72,34.3,0,0,0
2026-09-10 14:45:00,201.4,14,77,36.1,0,0,0
2026-09-10 14:50:00,197.4,7,77,31.7,0,0,0
2026-09-10 14:55:00,193.1,9,74,34.6,0,0,0
2026-09-10 15:00:00,188.5,2,76,34.0,0,0,0
2026-09-10 15:05:00,185.2,3,75,35.4,0,0,0
2026-09-10 15:10:00,187.1,3,72,32.0,0,0,0
2026-09-10 15:15:00,184.9,2,74,31.5,0,0,0
2026-09-10 15:20:00,183.5,8,77,35.5,0,0,0
2026-09-10 15:25:00,181.8,5,75,34.9,0,0,0
2026-09-10 15:30:00,181.2,7,73,31.3,0,0,0
2026-09-10 15:35:00,183.0,8,79,31.9,0,0,0
2026-09-10 15:40:00,181.6,28,76,34.3,0,0,0
2026-09-10 15:45:00,181.4,5,74,33.6,0,0,0
2026-09-10 15:50:00,182.9,15,73,35.4,0,0,0
2026-09-10 15:55:00,182.4,3,73,32.3,0,0,0
2026-09-10 16:00:00,184.3,11,74,36.0,0,0,0
2026-09-10 16:05:00,184.3,15,75,31.5,0,0,0
2026-09-10 16:10:00,180.4,17,74,33.0,0,0,0
2026-09-10 16:15:00,178.7,8,75,37.0,0,0,0
2026-09-10 16:20:00,180.2,5,72,32.4,0,0,0
2026-09-10 16:25:00,179.8,12,77,31.8,0,0,0
2026-09-10 16:30:00,180.2,9,74,34.8,0,0,0
2026-09-10 16:35:00,181.8,4,77,32.7,0,0,0
2026-09-10 16:40:00,182.2,8,74,32.6,0,0,0
2026-09-10 16:45:00,178.7,12,75,30.5,0,0,0
2026-09-10 16:50:00,175.8,15,75,34.2,0,0,0
2026-09-10 16:55:00,175.0,5,76,32.2,0,0,0
2026-09-10 17:00:00,172.4,14,73,34.5,0,0,0
2026-09-10 17:05:00,171.6,15,74,34.6,0,0,0
2026-09-10 17:10:00,174.4,7,75,35.7,0,0,0
2026-09-10 17:15:00,174.2,10,75,32.4,0,0,0
2026-09-10 17:20:00,175.2,8,70,32.8,0,0,0
2026-09-10 17:25:00,171.5,7,75,32.9,0,24,65
2026-09-10 17:30:00,171.5,10,76,31.7,0,0,0
2026-09-10 17:35:00,174.5,14,80,32.9,0,0,0
2026-09-10 17:40:00,174.3,11,77,31.6,0,0,0
2026-09-10 17:45:00,180.8,12,80,31.2,0,0,0
2026-09-10 17:50:00,183.3,5,82,28.9,0,0,0
2026-09-10 17:55:00,183.7,3,76,35.3,0,0,0
2026-09-10 18:00:00,188.0,4,73,34.8,0,0,0
2026-09-10 18:05:00,190.2,11,76,32.7,0,0,0
2026-09-10 18:10:00,189.8,3,73,33.8,0,0,0
2026-09-10 18:15:00,190.8,14,77,34.0,0,0,0
2026-09-10 18:20:00,191.4,19,79,32.9,0,0,0
2026-09-10 18:25:00,190.3,15,78,33.0,0,0,0
2026-09-10 18:30:00,188.7,7,74,34.4,0,0,0
2026-09-10 18:35:00,186.8,6,72,33.0,0,0,0
2026-09-10 18:40:00,186.5,7,75,30.1,0,0,0
2026-09-10 18:45:00,185.3,12,77,35.7,0,0,0
2026-09-10 18:50:00,185.1,7,73,36.4,0,0,0
2026-09-10 18:55:00,185.7,7,77,31.9,0,0,0
2026-09-10 19:00:00,184.7,13,76,34.1,0,0,0
2026-09-10 19:05:00,184.1,22,75,31.4,0,0,0
2026-09-10 19:10:00,185.5,10,75,33.2,0,0,0
2026-09-10 19:15:00,186.5,10,70,34.3,0,0,0
2026-09-10 19:20:00,185.4,14,75,31.7,0,0,0
2026-09-10 19:25:00,183.6,7,72,36.4,0,0,0
2026-09-10 19:30:00,184.1,22,73,32.8,0,0,0
2026-09-10 19:35:00,182.9,19,77,33.4,0,0,0
2026-09-10 19:40:00,182.1,14,77,32.9,0,0,0
2026-09-10 19:45:00,181.2,13,75,35.2,0,0,0
2026-09-10 19:50:00,180.8,4,74,33.7,0,0,0
2026-09-10 19:55:00,178.7,10,76,32.4,0,0,0
2026-09-10 20:00:00,180.2,19,73,34.5,0,0,0
2026-09-10 20:05:00,181.4,6,75,33.7,0,0,0
2026-09-10 20:10:00,182.5,11,77,33.8,0,0,0
2026-09-10 20:15:00,180.7,10,73,35.3,0,0,0
2026-09-10 20:20:00,181.8,9,73,30.5,0,0,0
2026-09-10 20:25:00,182.3,16,80,34.4,0,56,68
2026-09-10 20:30:00,191.1,5,74,35.3,0,0,0
2026-09-10 20:35:00,198.3,7,76,32.7,0,0,0
2026-09-10 20:40:00,204.5,7,78,31.7,0,0,0
2026-09-10 20:45:00,208.4,8,77,30.8,0,0,0
2026-09-10 20:50:00,211.5,7,76,36.0,0,0,0
2026-09-10 20:55:00,213.2,14,74,39.1,0,0,0
2026-09-10 21:00:00,212.5,11,77,34.4,0,0,0
2026-09-10 21:05:00,215.1,8,74,36.2,0,0,0
2026-09-10 21:10:00,216.4,4,72,37.8,0,0,0
2026-09-10 21:15:00,215.6,5,74,33.3,0,0,0
2026-09-10 21:20:00,217.3,8,71,32.0,0,0,0
2026-09-10 21:25:00,214.8,7,73,31.2,0,0,0
2026-09-10 21:30:00,214.4,8,73,31.6,0,0,0
2026-09-10 21:35:00,214.0,5,72,32.7,0,0,0
2026-09-10 21:40:00,210.5,7,73,33.3,0,0,0
2026-09-10 21:45:00,205.9,18,78,36.2,0,0,0
2026-09-10 21:50:00,205.0,9,78,33.9,0,0,0
2026-09-10 21:55:00,202.3,10,72,33.5,0,0,0
2026-09-10 22:00:00,202.3,10,73,33.3,0,0,0
2026-09-10 22:05:00,200.5,10,75,31.2,0,0,0
2026-09-10 22:10:00,197.4,12,75,31.6,0,0,0
2026-09-10 22:15:00,193.1,9,74,31.7,0,0,0
2026-09-10 22:20:00,192.8,5,75,31.2,0,0,0
2026-09-10 22:25:00,192.6,1,65,54.4,1,0,0
2026-09-10 22:30:00,190.4,2,63,56.1,1,0,0
2026-09-10 22:35:00,192.1,0,68,55.8,1,0,0
2026-09-10 22:40:00,191.4,0,66,55.3,1,0,0
2026-09-10 22:45:00,187.5,1,64,54.3,1,0,0
2026-09-10 22:50:00,187.6,0,63,58.0,1,0,0
2026-09-10 22:55:00,189.2,1,68,56.5,1,0,0
2026-09-10 23:00:00,187.0,1,66,52.2,1,0,0
2026-09-10 23:05:00,186.7,0,64,51.1,1,0,0
2026-09-10 23:10:00,182.6,1,68,52.7,1,0,0
2026-09-10 23:15:00,181.5,1,66,56.3,1,0,0
2026-09-10 23:20:00,180.1,1,67,56.3,1,0,0
2026-09-10 23:25:00,180.1,0,70,53.2,1,0,0
2026-09-10 23:30:00,180.9,0,66,56.6,1,0,0
2026-09-10 23:35:00,180.1,0,69,53.1,1,0,0
2026-09-10 23:40:00,180.7,0,67,53.4,1,0,0
2026-09-10 23:45:00,178.2,1,64,55.6,1,0,0
2026-09-10 23:50:00,175.4,0,69,53.6,1,0,0
2026-09-10 23:55:00,175.8,0,67,54.4,1,0,0
2026-09-11 00:00:00,173.5,0,67,54.4,1,0,0
2026-09-11 00:05:00,172.3,0,64,55.9,1,0,0
2026-09-11 00:10:00,173.9,0,64,55.1,1,0,0
2026-09-11 00:15:00,172.2,0,65,53.7,1,0,0
2026-09-11 00:20:00,174.3,0,64,60.1,1,0,0
2026-09-11 00:25:00,174.3,1,67,59.1,1,0,0
2026-09-11 00:30:00,171.2,0,70,53.9,1,0,0
2026-09-11 00:35:00,171.1,1,65,54.5,1,0,0
2026-09-11 00:40:00,173.8,0,64,57.1,1,0,0
2026-09-11 00:45:00,172.3,0,64,52.0,1,0,0
2026-09-11 00:50:00,173.0,0,64,53.3,1,0,0
2026-09-11 00:55:00,174.3,1,66,50.9,1,0,0
2026-09-11 01:00:00,174.7,2,68,53.6,1,0,0
2026-09-11 01:05:00,173.9,0,65,51.4,1,0,0
2026-09-11 01:10:00,176.0,0,68,51.9,1,0,0
2026-09-11 01:15:00,174.6,0,63,50.7,1,0,0
2026-09-11 01:20:00,176.5,0,66,53.9,1,0,0
2026-09-11 01:25:00,173.0,1,66,56.9,1,0,0
2026-09-11 01:30:00,171.6,0,64,57.8,1,0,0
2026-09-11 01:35:00,173.1,0,69,51.4,1,0,0
2026-09-11 01:40:00,170.8,0,66,52.0,1,0,0
2026-09-11 01:45:00,171.5,0,65,55.2,1,0,0
2026-09-11 01:50:00,173.6,0,67,49.9,1,0,0
2026-09-11 01:55:00,174.5,0,65,53.0,1,0,0
2026-09-11 02:00:00,176.1,0,67,52.9,1,0,0
2026-09-11 02:05:00,177.9,1,63,53.3,1,0,0
2026-09-11 02:10:00,178.5,0,63,58.8,1,0,0
2026-09-11 02:15:00,179.1,1,66,55.6,1,0,0
2026-09-11 02:20:00,176.9,0,68,51.9,1,0,0
2026-09-11 02:25:00,177.5,0,64,52.3,1,0,0
2026-09-11 02:30:00,175.5,1,64,54.8,1,0,0
2026-09-11 02:35:00,175.4,0,66,55.1,1,0,0
2026-09-11 02:40:00,171.8,0,69,56.4,1,0,0
2026-09-11 02:45:00,172.8,1,63,51.6,1,0,0
2026-09-11 02:50:00,171.3,0,67,54.7,1,0,0
2026-09-11 02:55:00,171.3,0,70,55.5,1,0,0
2026-09-11 03:00:00,174.4,2,68,53.9,1,0,0
2026-09-11 03:05:00,173.0,0,68,56.2,1,0,0
2026-09-11 03:10:00,172.0,1,69,57.8,1,0,0
2026-09-11 03:15:00,169.9,0,66,57.3,1,0,0
2026-09-11 03:20:00,168.7,0,68,56.3,1,0,0
2026-09-11 03:25:00,170.8,0,63,56.0,1,0,0
2026-09-11 03:30:00,172.0,1,65,52.8,1,0,0
2026-09-11 03:35:00,174.9,0,65,53.5,1,0,0
2026-09-11 03:40:00,174.7,1,64,53.4,1,0,0
2026-09-11 03:45:00,177.3,0,67,54.8,1,0,0
2026-09-11 03:50:00,176.6,0,64,55.1,1,0,0
2026-09-11 03:55:00,178.8,0,66,52.6,1,0,0
2026-09-11 04:00:00,177.8,1,63,51.7,1,0,0
2026-09-11 04:05:00,178.3,0,65,54.6,1,0,0
2026-09-11 04:10:00,179.9,0,64,58.0,1,0,0
2026-09-11 04:15:00,182.3,0,64,53.1,1,0,0
2026-09-11 04:20:00,181.8,0,64,56.3,1,0,0
2026-09-11 04:25:00,178.5,1,69,52.2,1,0,0
2026-09-11 04:30:00,175.5,0,69,54.1,1,0,0
2026-09-11 04:35:00,178.3,0,69,56.9,1,0,0
2026-09-11 04:40:00,176.0,0,63,51.7,1,0,0
2026-09-11 04:45:00,176.2,0,68,53.7,1,0,0
2026-09-11 04:50:00,178.3,1,62,56.2,1,0,0
2026-09-11 04:55:00,178.2,0,67,57.6,1,0,0
2026-09-11 05:00:00,175.6,0,68,52.6,1,0,0
2026-09-11 05:05:00,173.5,0,69,48.7,1,0,0
2026-09-11 05:10:00,173.1,0,67,55.9,1,0,0
2026-09-11 05:15:00,175.5,1,68,54.7,1,0,0
2026-09-11 05:20:00,174.0,0,68,54.0,1,0,0
2026-09-11 05:25:00,176.0,1,64,50.8,1,0,0
2026-09-11 05:30:00,177.6,0,66,54.9,1,0,0
2026-09-11 05:35:00,179.3,0,64,57.4,1,0,0
2026-09-11 05:40:00,179.9,0,64,56.5,1,0,0
2026-09-11 05:45:00,178.6,0,66,57.5,1,0,0
2026-09-11 05:50:00,179.9,1,65,54.0,1,0,0
2026-09-11 05:55:00,180.2,1,66,53.3,1,0,0
2026-09-11 06:00:00,180.4,0,66,54.6,1,0,0
2026-09-11 06:05:00,182.3,0,65,53.7,1,0,0
2026-09-11 06:10:00,183.8,0,67,51.5,1,0,0
2026-09-11 06:15:00,181.3,0,69,55.9,1,0,0
2026-09-11 06:20:00,180.9,0,63,54.9,1,0,0
2026-09-11 06:25:00,181.2,4,73,33.1,0,0,0
2026-09-11 06:30:00,180.9,3,69,29.8,0,0,0
2026-09-11 06:35:00,182.0,9,76,34.3,0,0,0
2026-09-11 06:40:00,179.9,9,70,30.1,0,0,0
2026-09-11 06:45:00,180.6,5,73,31.7,0,0,0
2026-09-11 06:50:00,184.2,7,79,30.2,0,0,0
2026-09-11 06:55:00,183.4,9,71,35.3,0,0,0
2026-09-11 07:00:00,180.7,5,74,33.3,0,0,0
2026-09-11 07:05:00,182.8,13,74,32.6,0,0,0
2026-09-11 07:10:00,177.3,8,77,35.1,0,0,0
2026-09-11 07:15:00,177.3,8,69,35.0,0,0,0
2026-09-11 07:20:00,181.5,16,75,32.4,0,0,0
2026-09-11 07:25:00,179.9,14,74,36.3,0,0,0
2026-09-11 07:30:00,178.3,4,74,34.3,0,0,0
2026-09-11 07:35:00,176.2,9,73,33.7,0,0,0
2026-09-11 07:40:00,179.6,9,73,35.0,0,0,0
2026-09-11 07:45:00,182.5,19,77,35.2,0,0,0
2026-09-11 07:50:00,179.0,23,75,34.9,0,0,0
2026-09-11 07:55:00,177.2,14,75,36.2,0,0,0
2026-09-11 08:00:00,174.8,6,71,34.7,0,0,0
2026-09-11 08:05:00,172.7,6,73,35.9,0,0,0
2026-09-11 08:10:00,171.8,9,72,33.8,0,0,0
2026-09-11 08:15:00,174.1,4,73,33.8,0,0,0
2026-09-11 08:20:00,172.3,8,78,33.3,0,56,78
2026-09-11 08:25:00,184.1,21,78,31.7,0,0,0
2026-09-11 08:30:00,193.3,8,75,33.6,0,0,0
2026-09-11 08:35:00,198.8,13,80,32.5,0,0,0
2026-09-11 08:40:00,205.9,5,76,32.8,0,0,0
2026-09-11 08:45:00,207.5,10,80,31.0,0,0,0
2026-09-11 08:50:00,208.1,3,75,35.9,0,0,0
2026-09-11 08:55:00,211.4,2,70,32.0,0,0,0
2026-09-11 09:00:00,215.5,7,75,34.0,0,0,0
2026-09-11 09:05:00,216.6,5,70,32.0,0,0,0
2026-09-11 09:10:00,213.1,6,72,31.5,0,0,0
2026-09-11 09:15:00,210.4,14,71,35.8,0,0,0
2026-09-11 09:20:00,208.3,8,74,33.9,0,0,0
2026-09-11 09:25:00,206.0,1,76,32.0,0,0,0
2026-09-11 09:30:00,206.7,9,73,34.5,0,0,0
2026-09-11 09:35:00,204.3,5,72,32.7,0,0,0
2026-09-11 09:40:00,206.6,7,75,31.6,0,0,0
2026-09-11 09:45:00,203.3,7,76,37.3,0,0,0
2026-09-11 09:50:00,198.4,13,73,35.4,0,0,0
2026-09-11 09:55:00,197.6,20,78,36.5,0,0,0
2026-09-11 10:00:00,195.8,5,77,34.0,0,0,0
2026-09-11 10:05:00,194.4,6,73,35.9,0,0,0
2026-09-11 10:10:00,192.2,4,76,31.6,0,0,0
2026-09-11 10:15:00,193.3,15,74,31.6,0,0,0
2026-09-11 10:20:00,191.3,491,104,34.6,0,0,0
2026-09-11 10:25:00,190.6,489,101,34.5,0,0,0
2026-09-11 10:30:00,184.9,8,77,32.4,0,0,0
2026-09-11 10:35:00,185.7,5,72,35.8,0,0,0
2026-09-11 10:40:00,187.8,8,77,31.6,0,0,0
2026-09-11 10:45:00,188.4,11,72,36.1,0,0,0
2026-09-11 10:50:00,186.0,10,75,29.7,0,0,0
2026-09-11 10:55:00,186.2,2,74,32.9,0,0,0
2026-09-11 11:00:00,185.5,9,74,34.6,0,0,0
2026-09-11 11:05:00,181.9,10,76,36.2,0,0,0
2026-09-11 11:10:00,186.0,13,75,31.3,0,0,0
2026-09-11 11:15:00,185.5,6,77,34.6,0,0,0
2026-09-11 11:20:00,182.2,9,76,33.6,0,0,0
2026-09-11 11:25:00,177.8,3,74,34.9,0,0,0
2026-09-11 11:30:00,178.4,9,74,34.9,0,0,0
2026-09-11 11:35:00,178.4,3,76,34.6,0,0,0
2026-09-11 11:40:00,176.7,6,75,31.7,0,0,0
2026-09-11 11:45:00,177.2,9,73,31.1,0,0,0
2026-09-11 11:50:00,177.4,12,72,33.9,0,0,0
2026-09-11 11:55:00,173.7,13,76,35.6,0,0,0
2026-09-11 12:00:00,172.7,12,75,33.7,0,0,0
2026-09-11 12:05:00,173.4,13,74,34.0,0,0,0
2026-09-11 12:10:00,176.8,7,75,35.1,0,0,0
2026-09-11 12:15:00,171.3,8,72,33.2,0,0,0
2026-09-11 12:20:00,169.9,7,76,31.0,0,0,0
2026-09-11 12:25:00,170.4,7,73,31.0,0,0,0
2026-09-11 12:30:00,172.3,9,73,34.3,0,0,0
2026-09-11 12:35:00,167.9,5,78,36.6,0,0,0
2026-09-11 12:40:00,167.6,8,71,33.4,0,0,0
2026-09-11 12:45:00,169.5,5,77,36.9,0,0,0
2026-09-11 12:50:00,169.3,8,75,29.6,0,0,0
2026-09-11 12:55:00,169.7,11,74,33.8,0,0,0
2026-09-11 13:00:00,171.0,7,76,34.2,0,0,0
2026-09-11 13:05:00,170.9,8,74,33.7,0,0,0
2026-09-11 13:10:00,171.9,4,78,31.7,0,0,0
2026-09-11 13:15:00,173.3,22,72,30.5,0,0,0
2026-09-11 13:20:00,171.9,6,77,33.0,0,0,0
2026-09-11 13:25:00,171.4,6,74,30.9,0,0,0
2026-09-11 13:30:00,172.7,7,76,33.0,0,0,0
2026-09-11 13:35:00,170.9,11,72,33.0,0,0,0
2026-09-11 13:40:00,168.8,3,72,32.1,0,0,0
2026-09-11 13:45:00,169.7,5,84,30.7,0,69,68
2026-09-11 13:50:00,182.3,4,74,33.5,0,0,0
2026-09-11 13:55:00,193.8,5,77,36.7,0,0,0
2026-09-11 14:00:00,201.5,12,80,34.7,0,0,0
2026-09-11 14:05:00,204.8,8,74,33.5,0,0,0
2026-09-11 14:10:00,210.2,11,79,34.0,0,0,0
2026-09-11 14:15:00,213.8,9,74,28.3,0,0,0
2026-09-11 14:20:00,217.7,13,73,31.4,0,0,0
2026-09-11 14:25:00,218.4,7,75,34.7,0,0,0
2026-09-11 14:30:00,220.0,4,75,35.9,0,0,0
2026-09-11 14:35:00,220.3,16,75,28.8,0,0,0
2026-09-11 14:40:00,218.4,11,75,35.2,0,0,0
2026-09-11 14:45:00,217.3,5,72,30.9,0,0,0
2026-09-11 14:50:00,213.4,3,75,31.5,0,0,0
2026-09-11 14:55:00,211.1,3,76,30.1,0,0,0
2026-09-11 15:00:00,211.4,5,71,33.5,0,0,0
2026-09-11 15:05:00,212.0,11,78,32.6,0,0,0
2026-09-11 15:10:00,208.9,2,73,31.9,0,0,0
2026-09-11 15:15:00,203.7,3,71,30.0,0,0,0
2026-09-11 15:20:00,202.5,18,75,35.1,0,0,0
2026-09-11 15:25:00,202.0,4,77,34.4,0,0,0
2026-09-11 15:30:00,201.3,6,74,31.1,0,0,0
2026-09-11 15:35:00,197.6,7,72,35.5,0,0,0
2026-09-11 15:40:00,196.7,9,72,35.7,0,0,0
2026-09-11 15:45:00,197.4,8,76,36.4,0,0,0
2026-09-11 15:50:00,196.6,4,69,34.2,0,0,0
2026-09-11 15:55:00,196.0,7,75,33.3,0,0,0
2026-09-11 16:00:00,194.3,5,75,33.3,0,0,0
2026-09-11 16:05:00,190.5,10,74,32.1,0,0,0
2026-09-11 16:10:00,188.9,5,74,30.6,0,0,0
2026-09-11 16:15:00,189.3,5,74,33.6,0,0,0
2026-09-11 16:20:00,190.4,18,73,31.0,0,0,0
2026-09-11 16:25:00,188.7,3,74,32.5,0,0,0
2026-09-11 16:30:00,186.2,17,74,37.4,0,0,0
2026-09-11 16:35:00,187.4,2,77,33.2,0,0,0
2026-09-11 16:40:00,185.0,9,73,34.3,0,0,0
2026-09-11 16:45:00,183.9,8,77,37.1,0,0,0
2026-09-11 16:50:00,181.5,9,73,33.0,0,0,0
2026-09-11 16:55:00,177.4,8,73,32.8,0,0,0
2026-09-11 17:00:00,178.3,4,71,33.1,0,0,0
2026-09-11 17:05:00,176.1,16,75,33.8,0,0,0
2026-09-11 17:10:00,177.6,13,75,34.1,0,0,0
2026-09-11 17:15:00,176.1,8,72,33.8,0,0,0
2026-09-11 17:20:00,177.9,14,70,35.3,0,0,0
2026-09-11 17:25:00,178.5,8,76,34.4,0,26,60
2026-09-11 17:30:00,181.7,22,77,30.1,0,0,0
2026-09-11 17:35:00,185.4,4,76,30.6,0,0,0
2026-09-11 17:40:00,188.2,0,74,33.7,0,0,0
2026-09-11 17:45:00,186.2,6,76,33.4,0,0,0
2026-09-11 17:50:00,187.1,16,78,29.6,0,0,0
2026-09-11 17:55:00,187.4,2,73,35.4,0,0,0
2026-09-11 18:00:00,191.4,7,78,32.5,0,0,0
2026-09-11 18:05:00,191.9,11,74,34.8,0,0,0
2026-09-11 18:10:00,190.3,21,75,33.0,0,0,0
2026-09-11 18:15:00,187.6,19,75,33.0,0,0,0
2026-09-11 18:20:00,186.1,6,72,36.3,0,0,0
2026-09-11 18:25:00,188.6,6,72,33.0,0,0,0
2026-09-11 18:30:00,185.0,10,75,31.5,0,0,0
2026-09-11 18:35:00,182.5,16,77,30.5,0,0,0
2026-09-11 18:40:00,185.0,13,77,35.7,0,0,0
2026-09-11 18:45:00,183.4,7,75,30.4,0,0,0
2026-09-11 18:50:00,185.4,11,76,32.0,0,0,0
2026-09-11 18:55:00,184.1,17,77,33.6,0,0,0
2026-09-11 19:00:00,184.5,15,75,33.9,0,0,0
2026-09-11 19:05:00,182.6,6,73,32.1,0,0,0
2026-09-11 19:10:00,182.3,21,76,34.1,0,0,0
2026-09-11 19:15:00,180.3,12,73,29.7,0,0,0
2026-09-11 19:20:00,180.5,9,74,33.7,0,0,0
2026-09-11 19:25:00,182.7,7,75,30.1,0,0,0
2026-09-11 19:30:00,184.0,9,78,33.9,0,0,0
2026-09-11 19:35:00,184.2,7,74,35.4,0,0,0
2026-09-11 19:40:00,180.9,8,74,31.8,0,0,0
2026-09-11 19:45:00,179.8,15,75,30.3,0,0,0
2026-09-11 19:50:00,180.7,6,73,33.6,0,0,0
2026-09-11 19:55:00,182.1,1,76,35.4,0,0,0
2026-09-11 20:00:00,181.2,8,70,33.6,0,0,0
2026-09-11 20:05:00,177.3,14,75,35.6,0,0,0
2026-09-11 20:10:00,177.4,8,76,31.4,0,0,0
2026-09-11 20:15:00,177.2,7,76,32.8,0,0,0
2026-09-11 20:20:00,180.2,7,77,31.7,0,0,0
2026-09-11 20:25:00,181.5,13,73,33.7,0,0,0
2026-09-11 20:30:00,181.6,10,76,34.2,0,0,0
2026-09-11 20:35:00,180.4,1,74,35.3,0,0,0
2026-09-11 20:40:00,180.9,12,75,36.2,0,0,0
2026-09-11 20:45:00,177.0,6,74,32.0,0,0,0
2026-09-11 20:50:00,176.6,5,74,32.7,0,0,0
2026-09-11 20:55:00,175.3,6,74,31.3,0,0,0
2026-09-11 21:00:00,179.3,3,72,29.8,0,0,0
2026-09-11 21:05:00,177.7,5,79,30.7,0,103,70
2026-09-11 21:10:00,196.8,11,79,34.2,0,0,0
2026-09-11 21:15:00,208.6,15,79,29.3,0,0,0
2026-09-11 21:20:00,219.7,8,76,34.0,0,0,0
2026-09-11 21:25:00,228.8,9,76,35.4,0,0,0
2026-09-11 21:30:00,238.7,14,78,30.2,0,0,0
2026-09-11 21:35:00,242.4,11,74,35.3,0,0,0
2026-09-11 21:40:00,244.5,10,73,34.9,0,0,0
2026-09-11 21:45:00,247.5,12,73,35.3,0,0,0
2026-09-11 21:50:00,247.7,11,71,34.7,0,0,0
2026-09-11 21:55:00,247.9,10,76,35.7,0,0,0
2026-09-11 22:00:00,249.1,5,72,33.3,0,0,0
2026-09-11 22:05:00,246.2,11,76,32.3,0,0,0
2026-09-11 22:10:00,243.4,36,75,32.4,0,0,0
2026-09-11 22:15:00,241.8,3,72,32.2,0,0,0
2026-09-11 22:20:00,236.8,6,72,34.1,0,0,0
2026-09-11 22:25:00,231.3,8,75,38.3,0,0,0
2026-09-11 22:30:00,226.3,7,74,35.9,0,0,0
2026-09-11 22:35:00,224.8,12,76,32.5,0,0,0
2026-09-11 22:40:00,218.6,8,76,32.3,0,0,0
2026-09-11 22:45:00,215.4,5,78,35.4,0,0,0
2026-09-11 22:50:00,214.5,13,75,35.1,0,0,0
2026-09-11 22:55:00,211.5,6,73,31.8,0,0,0
2026-09-11 23:00:00,211.3,13,76,31.0,0,0,0
2026-09-11 23:05:00,209.5,5,74,31.8,0,0,0
2026-09-11 23:10:00,208.3,7,75,33.3,0,0,0
2026-09-11 23:15:00,204.7,2,74,34.1,0,0,0
2026-09-11 23:20:00,203.2,5,73,36.1,0,0,0
2026-09-11 23:25:00,201.7,18,73,34.4,0,0,0
2026-09-11 23:30:00,202.5,7,71,30.4,0,0,0
2026-09-11 23:35:00,200.9,11,74,33.8,0,0,0
2026-09-11 23:40:00,197.2,7,78,36.4,0,0,0
2026-09-11 23:45:00,193.8,0,66,53.2,1,0,0
2026-09-11 23:50:00,193.5,0,71,52.2,1,0,0
2026-09-11 23:55:00,191.1,2,70,55.2,1,0,0
2026-09-12 00:00:00,192.3,0,67,51.7,1,0,0
2026-09-12 00:05:00,190.5,0,70,56.1,1,0,0
2026-09-12 00:10:00,187.2,0,67,53.0,1,0,0
2026-09-12 00:15:00,186.6,0,67,54.9,1,0,0
2026-09-12 00:20:00,184.5,0,66,57.5,1,0,0
2026-09-12 00:25:00,188.7,0,68,54.9,1,0,0
2026-09-12 00:30:00,186.5,0,65,51.4,1,0,0
2026-09-12 00:35:00,185.9,0,65,56.0,1,0,0
2026-09-12 00:40:00,186.0,0,70,57.4,1,0,0
2026-09-12 00:45:00,184.6,0,65,56.2,1,0,0
2026-09-12 00:50:00,185.8,0,65,54.1,1,0,0
2026-09-12 00:55:00,186.7,1,68,55.8,1,0,0
2026-09-12 01:00:00,183.6,0,68,54.4,1,0,0
2026-09-12 01:05:00,183.0,1,66,55.7,1,0,0
2026-09-12 01:10:00,179.4,1,65,57.0,1,0,0
2026-09-12 01:15:00,179.3,0,65,51.5,1,0,0
2026-09-12 01:20:00,182.0,1,65,54.7,1,0,0
2026-09-12 01:25:00,185.4,0,71,54.1,1,0,0
2026-09-12 01:30:00,183.9,0,67,52.5,1,0,0
2026-09-12 01:35:00,184.5,0,67,52.8,1,0,0
2026-09-12 01:40:00,184.0,0,64,56.2,1,0,0
2026-09-12 01:45:00,182.8,1,64,54.6,1,0,0
2026-09-12 01:50:00,180.9,0,69,53.1,1,0,0
2026-09-12 01:55:00,177.5,0,67,54.6,1,0,0
2026-09-12 02:00:00,179.8,0,64,55.3,1,0,0
2026-09-12 02:05:00,177.1,0,66,56.9,1,0,0
2026-09-12 02:10:00,179.0,1,67,55.0,1,0,0
2026-09-12 02:15:00,178.4,0,67,56.8,1,0,0
2026-09-12 02:20:00,182.0,0,68,49.5,1,0,0
2026-09-12 02:25:00,180.3,0,67,54.0,1,0,0
2026-09-12 02:30:00,179.1,0,67,54.3,1,0,0
2026-09-12 02:35:00,176.2,0,67,52.8,1,0,0
2026-09-12 02:40:00,175.4,0,68,49.2,1,0,0
2026-09-12 02:45:00,177.8,1,65,54.2,1,0,0
2026-09-12 02:50:00,177.6,0,66,52.9,1,0,0
2026-09-12 02:55:00,178.3,0,66,54.7,1,0,0
2026-09-12 03:00:00,178.5,1,67,57.9,1,0,0
2026-09-12 03:05:00,177.7,0,66,52.2,1,0,0
2026-09-12 03:10:00,177.0,1,63,54.2,1,0,0
2026-09-12 03:15:00,175.5,1,66,56.2,1,0,0
2026-09-12 03:20:00,175.5,0,63,52.4,1,0,0
2026-09-12 03:25:00,175.2,1,68,55.0,1,0,0
2026-09-12 03:30:00,173.4,0,69,53.9,1,0,0
2026-09-12 03:35:00,174.6,1,64,55.8,1,0,0
2026-09-12 03:40:00,172.7,0,67,52.0,1,0,0
2026-09-12 03:45:00,172.5,0,68,54.3,1,0,0
2026-09-12 03:50:00,175.1,0,68,56.5,1,0,0
2026-09-12 03:55:00,173.3,0,65,53.4,1,0,0
2026-09-12 04:00:00,168.7,0,68,51.9,1,0,0
2026-09-12 04:05:00,170.7,0,63,54.9,1,0,0
2026-09-12 04:10:00,173.8,0,66,54.5,1,0,0
2026-09-12 04:15:00,178.9,0,65,54.8,1,0,0
2026-09-12 04:20:00,180.1,0,64,54.0,1,0,0
2026-09-12 04:25:00,179.6,0,67,56.0,1,0,0
2026-09-12 04:30:00,179.6,0,68,53.2,1,0,0
2026-09-12 04:35:00,177.9,0,68,55.1,1,0,0
2026-09-12 04:40:00,177.0,0,64,57.0,1,0,0
2026-09-12 04:45:00,179.0,2,70,51.9,1,0,0
2026-09-12 04:50:00,179.2,1,70,53.1,1,0,0
2026-09-12 04:55:00,182.9,0,68,52.3,1,0,0
2026-09-12 05:00:00,179.5,0,66,54.3,1,0,0
2026-09-12 05:05:00,182.8,0,64,54.5,1,0,0
2026-09-12 05:10:00,186.1,0,62,58.1,1,0,0
2026-09-12 05:15:00,182.7,2,69,52.2,1,0,0
2026-09-12 05:20:00,186.2,0,66,53.9,1,0,0
2026-09-12 05:25:00,187.2,0,63,54.2,1,0,0
2026-09-12 05:30:00,188.9,0,67,52.6,1,0,0
2026-09-12 05:35:00,189.0,1,62,55.2,1,0,0
2026-09-12 05:40:00,192.4,1,67,52.4,1,0,0
2026-09-12 05:45:00,192.1,0,67,53.5,1,0,0
2026-09-12 05:50:00,189.5,0,65,56.1,1,0,0
2026-09-12 05:55:00,190.6,0,66,57.0,1,0,0
2026-09-12 06:00:00,191.1,0,66,51.3,1,0,0
2026-09-12 06:05:00,188.4,0,64,54.8,1,0,0
2026-09-12 06:10:00,185.7,0,65,58.8,1,0,0
2026-09-12 06:15:00,182.7,0,65,55.0,1,0,0
2026-09-12 06:20:00,182.0,0,66,54.0,1,0,0
2026-09-12 06:25:00,179.0,1,69,53.6,1,0,0
2026-09-12 06:30:00,178.0,0,65,57.9,1,0,0
2026-09-12 06:35:00,177.8,1,64,57.6,1,0,0
2026-09-12 06:40:00,181.6,0,66,52.4,1,0,0
2026-09-12 06:45:00,179.1,12,77,35.1,0,0,0
2026-09-12 06:50:00,176.1,8,73,31.6,0,0,0
2026-09-12 06:55:00,178.7,13,73,33.9,0,0,0
2026-09-12 07:00:00,177.9,12,77,31.5,0,0,0
2026-09-12 07:05:00,180.0,10,77,32.4,0,0,0
2026-09-12 07:10:00,178.3,8,74,31.6,0,0,0
2026-09-12 07:15:00,178.8,20,75,33.4,0,0,0
2026-09-12 07:20:00,180.3,6,76,31.3,0,0,0
2026-09-12 07:25:00,179.9,3,74,33.1,0,0,0
2026-09-12 07:30:00,176.4,20,72,31.5,0,0,0
2026-09-12 07:35:00,176.1,8,75,32.5,0,0,0
2026-09-12 07:40:00,177.2,3,74,36.4,0,0,0
2026-09-12 07:45:00,177.6,13,72,31.5,0,0,0
2026-09-12 07:50:00,178.8,6,79,33.3,0,57,78
2026-09-12 07:55:00,183.2,5,79,34.4,0,0,0
2026-09-12 08:00:00,192.7,7,75,31.5,0,0,0
2026-09-12 08:05:00,196.6,589,114,35.0,0,0,0
2026-09-12 08:10:00,200.4,588,115,34.6,0,0,0
2026-09-12 08:15:00,205.2,10,79,34.7,0,0,0
2026-09-12 08:20:00,207.0,13,74,33.3,0,0,0
2026-09-12 08:25:00,206.3,6,75,33.6,0,0,0
2026-09-12 08:30:00,204.6,7,78,29.8,0,0,0
2026-09-12 08:35:00,201.3,4,74,30.7,0,0,0
2026-09-12 08:40:00,199.1,5,73,30.9,0,0,0
2026-09-12 08:45:00,204.1,5,72,29.2,0,0,0
2026-09-12 08:50:00,203.3,13,77,35.8,0,0,0
2026-09-12 08:55:00,200.7,11,76,33.3,0,0,0
2026-09-12 09:00:00,203.1,3,71,31.2,0,0,0
2026-09-12 09:05:00,203.4,8,76,30.1,0,0,0
2026-09-12 09:10:00,202.3,12,72,32.6,0,0,0
2026-09-12 09:15:00,200.0,6,73,34.4,0,0,0
2026-09-12 09:20:00,196.0,9,74,31.0,0,0,0
2026-09-12 09:25:00,193.4,6,75,33.0,0,0,0
2026-09-12 09:30:00,197.1,3,72,31.0,0,0,0
2026-09-12 09:35:00,195.3,9,71,36.6,0,0,0
2026-09-12 09:40:00,191.7,15,77,31.4,0,0,0
2026-09-12 09:45:00,191.9,14,72,35.3,0,0,0
2026-09-12 09:50:00,190.5,10,74,32.7,0,0,0
2026-09-12 09:55:00,188.4,3,77,32.3,0,0,0
2026-09-12 10:00:00,184.6,4,76,33.3,0,0,0
2026-09-12 10:05:00,186.9,7,74,33.8,0,0,0
2026-09-12 10:10:00,185.5,4,76,32.8,0,0,0
2026-09-12 10:15:00,184.4,9,74,33.3,0,0,0
2026-09-12 10:20:00,178.4,7,79,33.6,0,0,0
2026-09-12 10:25:00,179.6,7,72,31.3,0,0,0
2026-09-12 10:30:00,181.1,5,76,32.8,0,0,0
2026-09-12 10:35:00,178.8,6,74,33.6,0,0,0
2026-09-12 10:40:00,179.9,7,74,33.6,0,0,0
2026-09-12 10:45:00,180.2,8,76,33.5,0,0,0
2026-09-12 10:50:00,180.3,8,74,36.2,0,0,0
2026-09-12 10:55:00,180.0,6,72,31.4,0,0,0
2026-09-12 11:00:00,178.8,5,76,31.1,0,0,0
2026-09-12 11:05:00,178.1,14,74,35.7,0,0,0
2026-09-12 11:10:00,174.1,5,78,32.1,0,0,0
2026-09-12 11:15:00,173.6,9,73,28.0,0,0,0
2026-09-12 11:20:00,173.4,1,77,33.6,0,0,0
2026-09-12 11:25:00,174.3,18,75,37.5,0,0,0
2026-09-12 11:30:00,175.6,10,76,35.5,0,0,0
2026-09-12 11:35:00,174.2,3,75,32.1,0,0,0
2026-09-12 11:40:00,173.6,11,76,36.2,0,0,0
2026-09-12 11:45:00,174.3,19,74,29.0,0,0,0
2026-09-12 11:50:00,176.1,4,74,35.9,0,0,0
2026-09-12 11:55:00,174.1,9,71,35.7,0,0,0
2026-09-12 12:00:00,170.8,4,74,34.5,0,0,0
2026-09-12 12:05:00,171.6,5,72,37.1,0,0,0
2026-09-12 12:10:00,170.8,4,75,32.4,0,0,0
2026-09-12 12:15:00,170.0,11,78,34.4,0,0,0
2026-09-12 12:20:00,170.1,5,72,33.2,0,0,0
2026-09-12 12:25:00,172.0,15,75,36.1,0,0,0
2026-09-12 12:30:00,172.5,4,74,32.4,0,0,0
2026-09-12 12:35:00,174.8,13,76,34.3,0,0,0
2026-09-12 12:40:00,174.0,13,74,35.6,0,0,0
2026-09-12 12:45:00,171.9,4,75,32.6,0,0,0
2026-09-12 12:50:00,174.4,12,74,32.2,0,0,0
2026-09-12 12:55:00,174.6,3,74,32.6,0,0,0
2026-09-12 13:00:00,178.0,8,72,34.9,0,0,0
2026-09-12 13:05:00,179.8,4,74,27.4,0,0,0
2026-09-12 13:10:00,180.8,11,72,30.8,0,0,0
2026-09-12 13:15:00,180.6,418,97,32.2,0,0,0
2026-09-12 13:20:00,183.7,406,97,30.6,0,0,0
2026-09-12 13:25:00,184.5,405,102,33.0,0,87,70
2026-09-12 13:30:00,198.2,3,77,35.6,0,0,0
2026-09-12 13:35:00,211.7,6,82,33.3,0,0,0
2026-09-12 13:40:00,222.0,2,75,31.4,0,0,0
2026-09-12 13:45:00,231.6,11,78,31.8,0,0,0
2026-09-12 13:50:00,236.3,8,79,33.9,0,0,0
2026-09-12 13:55:00,239.2,12,77,32.2,0,0,0
2026-09-12 14:00:00,241.3,17,75,35.4,0,0,0
2026-09-12 14:05:00,237.2,7,72,32.1,0,0,0
2026-09-12 14:10:00,235.4,10,74,33.5,0,0,0
2026-09-12 14:15:00,237.0,11,72,33.0,0,0,0
2026-09-12 14:20:00,233.6,7,77,32.7,0,0,0
2026-09-12 14:25:00,233.2,14,75,33.8,0,0,0
2026-09-12 14:30:00,231.0,8,76,35.3,0,0,0
2026-09-12 14:35:00,229.5,17,74,31.7,0,0,0
2026-09-12 14:40:00,227.4,9,74,33.2,0,0,0
2026-09-12 14:45:00,223.6,7,71,33.6,0,0,0
2026-09-12 14:50:00,222.4,9,74,33.9,0,0,0
2026-09-12 14:55:00,221.0,7,75,35.8,0,0,0
2026-09-12 15:00:00,217.1,11,78,35.7,0,0,0
2026-09-12 15:05:00,213.0,15,73,32.5,0,0,0
2026-09-12 15:10:00,210.3,3,72,33.1,0,0,0
2026-09-12 15:15:00,202.5,10,74,36.2,0,0,0
2026-09-12 15:20:00,203.5,11,75,29.3,0,0,0
2026-09-12 15:25:00,201.6,19,75,33.2,0,0,0
2026-09-12 15:30:00,198.5,4,74,32.4,0,0,0
2026-09-12 15:35:00,200.5,3,72,33.6,0,0,0
2026-09-12 15:40:00,197.2,8,74,31.9,0,0,0
2026-09-12 15:45:00,196.7,6,73,33.6,0,0,0
2026-09-12 15:50:00,195.2,3,76,31.8,0,0,0
2026-09-12 15:55:00,195.8,8,77,32.6,0,0,0
2026-09-12 16:00:00,192.8,12,73,34.4,0,0,0
2026-09-12 16:05:00,192.9,22,75,31.2,0,0,0
2026-09-12 16:10:00,192.3,8,76,35.1,0,0,0
2026-09-12 16:15:00,194.4,5,74,31.6,0,0,0
2026-09-12 16:20:00,191.2,2,73,32.5,0,0,0
2026-09-12 16:25:00,190.4,28,76,31.8,0,0,0
2026-09-12 16:30:00,190.1,21,75,31.8,0,0,0
2026-09-12 16:35:00,188.0,14,77,31.3,0,0,0
2026-09-12 16:40:00,184.0,10,75,29.8,0,0,0
2026-09-12 16:45:00,183.9,24,76,34.8,0,0,0
2026-09-12 16:50:00,181.0,5,76,37.3,0,0,0
2026-09-12 16:55:00,176.5,4,74,34.6,0,0,0
2026-09-12 17:00:00,176.8,4,75,31.1,0,0,0
2026-09-12 17:05:00,175.5,2,74,33.0,0,0,0
2026-09-12 17:10:00,173.3,2,72,32.1,0,0,0
2026-09-12 17:15:00,174.4,2,75,35.1,0,0,0
2026-09-12 17:20:00,175.1,16,75,34.3,0,0,0
2026-09-12 17:25:00,175.5,7,75,31.8,0,0,0
2026-09-12 17:30:00,176.3,5,71,34.0,0,0,0
2026-09-12 17:35:00,173.4,14,75,36.2,0,27,65
2026-09-12 17:40:00,180.8,4,75,34.6,0,0,0
2026-09-12 17:45:00,184.6,4,77,32.1,0,0,0
2026-09-12 17:50:00,188.1,8,81,32.6,0,0,0
2026-09-12 17:55:00,189.5,14,78,31.9,0,0,0
2026-09-12 18:00:00,189.0,11,79,34.7,0,0,0
2026-09-12 18:05:00,189.3,4,73,31.4,0,0,0
2026-09-12 18:10:00,187.4,14,77,32.2,0,0,0
2026-09-12 18:15:00,189.7,12,71,29.7,0,0,0
2026-09-12 18:20:00,188.2,7,72,32.3,0,0,0
2026-09-12 18:25:00,187.4,15,70,31.4,0,0,0
2026-09-12 18:30:00,186.8,5,72,33.6,0,0,0
2026-09-12 18:35:00,186.9,16,75,33.4,0,0,0
2026-09-12 18:40:00,185.4,5,74,32.0,0,0,0
2026-09-12 18:45:00,184.7,5,73,33.2,0,0,0
2026-09-12 18:50:00,187.1,2,75,36.0,0,0,0
2026-09-12 18:55:00,185.3,9,72,32.4,0,0,0
2026-09-12 19:00:00,185.0,6,73,34.4,0,0,0
2026-09-12 19:05:00,188.5,8,77,32.3,0,0,0
2026-09-12 19:10:00,185.8,15,73,33.8,0,0,0
2026-09-12 19:15:00,187.1,11,74,31.5,0,0,0
2026-09-12 19:20:00,184.6,5,71,31.6,0,0,0
2026-09-12 19:25:00,183.2,19,77,32.2,0,0,0
2026-09-12 19:30:00,180.6,4,73,36.7,0,0,0
2026-09-12 19:35:00,181.1,21,79,31.1,0,0,0
2026-09-12 19:40:00,180.9,8,75,35.5,0,0,0
2026-09-12 19:45:00,178.3,8,74,32.3,0,0,0
2026-09-12 19:50:00,177.8,7,76,34.3,0,0,0
2026-09-12 19:55:00,175.8,7,73,33.8,0,0,0
2026-09-12 20:00:00,178.6,10,74,36.4,0,0,0
2026-09-12 20:05:00,176.8,6,73,32.1,0,0,0
2026-09-12 20:10:00,177.4,14,73,34.0,0,0,0
2026-09-12 20:15:00,177.5,7,75,37.7,0,0,0
2026-09-12 20:20:00,176.8,3,73,36.6,0,0,0
2026-09-12 20:25:00,174.1,5,73,33.7,0,0,0
2026-09-12 20:30:00,177.9,12,72,33.7,0,0,0
2026-09-12 20:35:00,178.4,7,72,34.3,0,0,0
2026-09-12 20:40:00,177.3,16,73,35.0,0,0,0
2026-09-12 20:45:00,179.1,9,71,34.9,0,0,0
2026-09-12 20:50:00,176.5,6,72,32.7,0,0,0
2026-09-12 20:55:00,175.5,5,75,34.2,0,0,0
2026-09-12 21:00:00,174.1,3,75,35.1,0,0,0
2026-09-12 21:05:00,175.0,11,75,36.0,0,0,0
2026-09-12 21:10:00,176.0,5,71,35.3,0,0,0
2026-09-12 21:15:00,176.9,13,74,31.8,0,0,0
2026-09-12 21:20:00,178.0,16,76,33.6,0,0,0
2026-09-12 21:25:00,176.7,13,73,29.5,0,0,0
2026-09-12 21:30:00,176.8,20,75,33.2,0,0,0
2026-09-12 21:35:00,178.8,10,71,31.6,0,0,0
2026-09-12 21:40:00,178.1,8,76,35.1,0,51,50
2026-09-12 21:45:00,184.3,14,80,33.9,0,0,0
2026-09-12 21:50:00,187.4,7,78,36.4,0,0,0
2026-09-12 21:55:00,192.7,10,76,33.1,0,0,0
2026-09-12 22:00:00,199.0,10,77,34.4,0,0,0
2026-09-12 22:05:00,200.7,7,80,33.6,0,0,0
2026-09-12 22:10:00,202.2,3,72,34.9,0,0,0
2026-09-12 22:15:00,201.3,0,67,57.3,1,0,0
2026-09-12 22:20:00,199.7,0,66,52.2,1,0,0
2026-09-12 22:25:00,203.5,0,68,53.0,1,0,0
2026-09-12 22:30:00,204.2,0,69,55.2,1,0,0
2026-09-12 22:35:00,202.9,0,65,52.9,1,0,0
2026-09-12 22:40:00,204.0,1,69,51.8,1,0,0
2026-09-12 22:45:00,201.0,1,67,54.3,1,0,0
2026-09-12 22:50:00,198.5,0,62,53.6,1,0,0
2026-09-12 22:55:00,194.9,0,66,50.5,1,0,0
2026-09-12 23:00:00,197.0,0,66,52.9,1,0,0
2026-09-12 23:05:00,193.3,0,68,51.3,1,0,0
2026-09-12 23:10:00,193.9,0,63,56.0,1,0,0
2026-09-12 23:15:00,192.6,0,64,50.5,1,0,0
2026-09-12 23:20:00,195.3,0,67,55.3,1,0,0
2026-09-12 23:25:00,192.6,1,69,54.9,1,0,0
2026-09-12 23:30:00,191.4,0,65,54.6,1,0,0
2026-09-12 23:35:00,191.3,1,67,57.6,1,0,0
2026-09-12 23:40:00,190.6,0,66,57.7,1,0,0
2026-09-12 23:45:00,189.3,0,65,52.8,1,0,0
2026-09-12 23:50:00,185.5,0,66,54.2,1,0,0
2026-09-12 23:55:00,184.9,0,68,53.3,1,0,0
2026-09-13 00:00:00,180.8,0,66,53.7,1,0,0
2026-09-13 00:05:00,183.1,1,66,54.1,1,0,0
2026-09-13 00:10:00,182.6,1,63,50.7,1,0,0
2026-09-13 00:15:00,181.0,0,68,56.7,1,0,0
2026-09-13 00:20:00,179.1,1,65,55.2,1,0,0
2026-09-13 00:25:00,182.0,0,66,55.0,1,0,0
2026-09-13 00:30:00,179.6,0,62,54.9,1,0,0
2026-09-13 00:35:00,183.8,1,69,52.5,1,0,0
2026-09-13 00:40:00,180.3,0,65,52.6,1,0,0
2026-09-13 00:45:00,182.2,0,62,53.6,1,0,0
2026-09-13 00:50:00,179.6,0,65,53.6,1,0,0
2026-09-13 00:55:00,177.3,1,66,51.2,1,0,0
2026-09-13 01:00:00,174.8,0,68,54.6,1,0,0
2026-09-13 01:05:00,174.9,0,65,53.7,1,0,0
2026-09-13 01:10:00,173.7,0,66,51.7,1,0,0
2026-09-13 01:15:00,173.8,0,66,50.6,1,0,0
2026-09-13 01:20:00,174.6,0,67,55.8,1,0,0
2026-09-13 01:25:00,174.1,0,67,54.4,1,0,0
2026-09-13 01:30:00,174.7,0,66,52.7,1,0,0
2026-09-13 01:35:00,178.6,1,64,56.3,1,0,0
2026-09-13 01:40:00,178.9,0,67,52.6,1,0,0
2026-09-13 01:45:00,178.6,2,65,52.7,1,0,0
2026-09-13 01:50:00,178.8,0,64,54.0,1,0,0
2026-09-13 01:55:00,178.3,0,67,55.5,1,0,0
2026-09-13 02:00:00,176.8,0,63,57.2,1,0,0
2026-09-13 02:05:00,178.7,0,67,55.2,1,0,0
2026-09-13 02:10:00,178.1,1,65,58.4,1,0,0
2026-09-13 02:15:00,177.0,0,67,55.0,1,0,0
2026-09-13 02:20:00,177.7,0,62,55.3,1,0,0
2026-09-13 02:25:00,178.1,0,64,52.3,1,0,0
2026-09-13 02:30:00,177.4,2,67,55.9,1,0,0
2026-09-13 02:35:00,176.3,1,65,51.0,1,0,0
2026-09-13 02:40:00,177.0,0,71,51.4,1,0,0
2026-09-13 02:45:00,176.8,0,62,56.7,1,0,0
2026-09-13 02:50:00,174.6,0,67,53.7,1,0,0
2026-09-13 02:55:00,175.8,0,62,56.4,1,0,0
2026-09-13 03:00:00,175.7,1,64,59.1,1,0,0
2026-09-13 03:05:00,175.0,0,66,55.2,1,0,0
2026-09-13 03:10:00,174.2,0,68,53.7,1,0,0
2026-09-13 03:15:00,173.9,2,66,51.2,1,0,0
2026-09-13 03:20:00,174.3,1,64,56.6,1,0,0
2026-09-13 03:25:00,174.7,0,67,53.5,1,0,0
2026-09-13 03:30:00,172.8,0,68,54.4,1,0,0
2026-09-13 03:35:00,174.4,0,70,52.4,1,0,0
2026-09-13 03:40:00,172.8,0,65,54.2,1,0,0
2026-09-13 03:45:00,170.5,0,63,54.8,1,0,0
2026-09-13 03:50:00,169.3,0,70,54.8,1,0,0
2026-09-13 03:55:00,170.6,0,65,51.2,1,0,0
2026-09-13 04:00:00,173.5,1,67,51.9,1,0,0
2026-09-13 04:05:00,174.5,1,68,52.2,1,0,0
2026-09-13 04:10:00,176.0,1,67,54.9,1,0,0
2026-09-13 04:15:00,178.4,1,63,53.3,1,0,0
2026-09-13 04:20:00,178.5,0,64,54.8,1,0,0
2026-09-13 04:25:00,178.4,0,69,52.4,1,0,0
2026-09-13 04:30:00,179.8,0,63,53.2,1,0,0
2026-09-13 04:35:00,183.5,0,69,58.0,1,0,0
2026-09-13 04:40:00,183.7,0,63,53.1,1,0,0
2026-09-13 04:45:00,184.5,0,69,54.3,1,0,0
2026-09-13 04:50:00,184.8,1,66,52.6,1,0,0
2026-09-13 04:55:00,183.1,0,62,52.9,1,0,0
2026-09-13 05:00:00,185.6,0,67,56.6,1,0,0
2026-09-13 05:05:00,184.1,1,66,52.1,1,0,0
2026-09-13 05:10:00,182.8,1,66,54.5,1,0,0
2026-09-13 05:15:00,181.6,0,71,55.6,1,0,0
2026-09-13 05:20:00,182.5,1,66,53.7,1,0,0
2026-09-13 05:25:00,184.0,0,66,56.6,1,0,0
2026-09-13 05:30:00,186.7,1,61,52.2,1,0,0
2026-09-13 05:35:00,185.0,0,64,55.6,1,0,0
2026-09-13 05:40:00,188.7,0,67,54.9,1,0,0
2026-09-13 05:45:00,186.1,1,67,51.9,1,0,0
2026-09-13 05:50:00,182.9,0,66,49.7,1,0,0
2026-09-13 05:55:00,182.2,0,65,54.9,1,0,0
2026-09-13 06:00:00,177.3,0,65,53.0,1,0,0
2026-09-13 06:05:00,176.6,0,62,51.7,1,0,0
2026-09-13 06:10:00,178.1,1,67,56.6,1,0,0
2026-09-13 06:15:00,180.0,0,67,49.5,1,0,0
2026-09-13 06:20:00,181.2,1,65,55.2,1,0,0
2026-09-13 06:25:00,182.0,0,64,55.5,1,0,0
2026-09-13 06:30:00,184.4,0,65,55.8,1,0,0
2026-09-13 06:35:00,180.6,0,67,54.4,1,0,0
2026-09-13 06:40:00,179.6,3,79,33.4,0,0,0
2026-09-13 06:45:00,180.3,9,72,31.5,0,0,0
2026-09-13 06:50:00,181.9,5,71,33.7,0,0,0
2026-09-13 06:55:00,185.2,6,74,37.7,0,0,0
2026-09-13 07:00:00,184.5,6,75,37.7,0,0,0
2026-09-13 07:05:00,182.3,15,75,36.5,0,0,0
2026-09-13 07:10:00,182.0,7,76,35.1,0,0,0
2026-09-13 07:15:00,180.1,6,75,31.2,0,0,0
2026-09-13 07:20:00,179.2,8,72,34.2,0,0,0
2026-09-13 07:25:00,180.4,2,75,35.6,0,0,0
2026-09-13 07:30:00,180.1,12,73,34.1,0,0,0
2026-09-13 07:35:00,180.0,12,74,32.9,0,0,0
2026-09-13 07:40:00,180.0,8,73,34.8,0,0,0
2026-09-13 07:45:00,178.9,3,70,32.9,0,0,0
2026-09-13 07:50:00,180.1,15,74,31.7,0,0,0
2026-09-13 07:55:00,178.3,12,74,34.4,0,0,0
2026-09-13 08:00:00,174.6,10,77,31.8,0,0,0
2026-09-13 08:05:00,177.5,3,76,30.9,0,0,0
2026-09-13 08:10:00,180.1,12,76,32.5,0,63,70
2026-09-13 08:15:00,188.9,7,78,33.1,0,0,0
2026-09-13 08:20:00,197.1,14,73,33.2,0,0,0
2026-09-13 08:25:00,204.7,4,76,36.3,0,0,0
2026-09-13 08:30:00,210.8,5,76,33.5,0,0,0
2026-09-13 08:35:00,216.1,7,74,35.6,0,0,0
2026-09-13 08:40:00,216.7,6,77,31.4,0,0,0
2026-09-13 08:45:00,220.5,5,79,32.3,0,0,0
2026-09-13 08:50:00,221.2,12,73,32.4,0,0,0
2026-09-13 08:55:00,220.1,15,75,35.8,0,0,0
2026-09-13 09:00:00,217.8,3,74,34.6,0,0,0
2026-09-13 09:05:00,217.1,9,76,33.3,0,0,0
2026-09-13 09:10:00,213.4,10,72,35.9,0,0,0
2026-09-13 09:15:00,211.0,3,78,33.5,0,0,0
2026-09-13 09:20:00,209.9,4,73,36.0,0,0,0
2026-09-13 09:25:00,209.0,4,76,34.2,0,0,0
2026-09-13 09:30:00,208.1,5,74,31.9,0,0,0
2026-09-13 09:35:00,206.1,410,97,28.6,0,0,0
2026-09-13 09:40:00,204.9,409,100,34.4,0,0,0
2026-09-13 09:45:00,201.0,8,73,32.0,0,0,0
2026-09-13 09:50:00,200.2,13,69,31.7,0,0,0
2026-09-13 09:55:00,196.7,9,74,36.8,0,0,0
2026-09-13 10:00:00,194.2,15,70,32.0,0,0,0
2026-09-13 10:05:00,189.3,22,75,33.8,0,0,0
2026-09-13 10:10:00,189.6,3,72,32.7,0,0,0
2026-09-13 10:15:00,190.9,9,73,33.1,0,0,0
2026-09-13 10:20:00,194.4,0,76,32.5,0,0,0
2026-09-13 10:25:00,191.4,11,74,32.6,0,0,0
2026-09-13 10:30:00,189.7,18,73,33.5,0,0,0
2026-09-13 10:35:00,190.9,9,76,30.1,0,0,0
2026-09-13 10:40:00,190.4,19,77,39.2,0,0,0
2026-09-13 10:45:00,186.7,7,76,30.9,0,0,0
2026-09-13 10:50:00,186.3,7,72,33.9,0,0,0
2026-09-13 10:55:00,186.6,7,71,35.6,0,0,0
2026-09-13 11:00:00,186.5,9,74,32.2,0,0,0
2026-09-13 11:05:00,185.6,3,77,35.3,0,0,0
2026-09-13 11:10:00,185.1,6,76,33.5,0,0,0
2026-09-13 11:15:00,184.3,6,75,30.8,0,0,0
2026-09-13 11:20:00,183.0,6,76,28.3,0,0,0
2026-09-13 11:25:00,182.3,7,74,30.3,0,0,0
2026-09-13 11:30:00,185.7,15,75,31.3,0,0,0
2026-09-13 11:35:00,186.5,13,74,33.3,0,0,0
2026-09-13 11:40:00,187.8,4,74,33.3,0,0,0
2026-09-13 11:45:00,185.0,4,74,32.2,0,0,0
2026-09-13 11:50:00,181.0,7,74,31.0,0,0,0
2026-09-13 11:55:00,181.5,10,74,32.6,0,0,0
2026-09-13 12:00:00,179.5,16,71,33.9,0,0,0
2026-09-13 12:05:00,181.0,12,74,32.4,0,0,0
2026-09-13 12:10:00,180.3,4,77,31.3,0,0,0
2026-09-13 12:15:00,180.0,10,77,31.6,0,0,0
2026-09-13 12:20:00,176.5,13,76,36.6,0,0,0
2026-09-13 12:25:00,177.3,12,75,31.3,0,0,0
2026-09-13 12:30:00,178.3,14,76,35.1,0,0,0
2026-09-13 12:35:00,178.3,5,70,34.3,0,0,0
2026-09-13 12:40:00,178.1,5,75,34.0,0,0,0
2026-09-13 12:45:00,179.1,2,73,31.2,0,0,0
2026-09-13 12:50:00,176.6,3,75,34.8,0,0,0
2026-09-13 12:55:00,178.7,10,72,33.2,0,0,0
2026-09-13 13:00:00,178.6,0,74,31.8,0,0,0
2026-09-13 13:05:00,179.4,13,75,35.0,0,0,0
2026-09-13 13:10:00,175.9,12,73,29.8,0,0,0
2026-09-13 13:15:00,174.4,7,73,31.3,0,0,0
2026-09-13 13:20:00,175.8,8,73,32.8,0,0,0
2026-09-13 13:25:00,177.9,10,73,34.0,0,0,0
2026-09-13 13:30:00,177.5,3,72,36.4,0,0,0
2026-09-13 13:35:00,175.4,9,76,38.3,0,0,0
2026-09-13 13:40:00,176.6,9,75,32.7,0,57,50
2026-09-13 13:45:00,184.6,23,73,32.3,0,0,0
2026-09-13 13:50:00,192.9,11,79,34.8,0,0,0
2026-09-13 13:55:00,200.1,6,79,32.4,0,0,0
2026-09-13 14:00:00,205.0,27,79,30.8,0,0,0
2026-09-13 14:05:00,201.7,8,75,34.4,0,0,0
2026-09-13 14:10:00,200.2,18,75,30.7,0,0,0
2026-09-13 14:15:00,203.1,8,77,32.3,0,0,0
2026-09-13 14:20:00,201.9,5,70,33.1,0,0,0
2026-09-13 14:25:00,199.0,18,74,34.9,0,0,0
2026-09-13 14:30:00,198.1,11,76,31.1,0,0,0
2026-09-13 14:35:00,194.3,4,73,33.5,0,0,0
2026-09-13 14:40:00,192.6,7,73,31.6,0,0,0
2026-09-13 14:45:00,194.1,7,69,33.1,0,0,0
2026-09-13 14:50:00,189.3,7,77,35.7,0,0,0
2026-09-13 14:55:00,187.4,11,76,31.7,0,0,0
2026-09-13 15:00:00,186.4,1,73,30.6,0,0,0
2026-09-13 15:05:00,186.1,14,76,32.2,0,0,0
2026-09-13 15:10:00,185.4,7,73,31.5,0,0,0
2026-09-13 15:15:00,183.6,14,77,30.9,0,0,0
2026-09-13 15:20:00,179.7,11,76,31.7,0,0,0
2026-09-13 15:25:00,180.9,5,72,32.1,0,0,0
2026-09-13 15:30:00,181.0,6,77,32.5,0,0,0
2026-09-13 15:35:00,178.4,6,75,28.6,0,0,0
2026-09-13 15:40:00,179.4,7,75,34.6,0,0,0
2026-09-13 15:45:00,180.1,17,74,35.6,0,0,0
2026-09-13 15:50:00,177.3,3,75,32.1,0,0,0
2026-09-13 15:55:00,179.0,7,74,33.4,0,0,0
2026-09-13 16:00:00,178.0,8,75,35.9,0,0,0
2026-09-13 16:05:00,177.7,7,75,32.4,0,0,0
2026-09-13 16:10:00,178.9,3,76,32.2,0,0,0
2026-09-13 16:15:00,179.8,7,76,33.2,0,0,0
2026-09-13 16:20:00,178.3,12,75,30.9,0,0,0
2026-09-13 16:25:00,179.8,4,74,31.0,0,0,0
2026-09-13 16:30:00,180.8,5,71,35.1,0,0,0
2026-09-13 16:35:00,178.2,10,73,33.0,0,0,0
2026-09-13 16:40:00,179.4,7,71,31.4,0,0,0
2026-09-13 16:45:00,177.7,17,78,30.3,0,0,0
2026-09-13 16:50:00,176.1,11,74,38.0,0,0,0
2026-09-13 16:55:00,174.8,11,76,32.7,0,0,0
2026-09-13 17:00:00,172.8,6,75,32.1,0,0,0
2026-09-13 17:05:00,172.3,13,74,31.8,0,0,0
2026-09-13 17:10:00,173.4,6,79,33.1,0,51,80
2026-09-13 17:15:00,188.7,11,76,31.7,0,0,0
2026-09-13 17:20:00,194.8,10,75,32.0,0,0,0
2026-09-13 17:25:00,196.8,19,77,33.3,0,0,0
2026-09-13 17:30:00,200.7,11,76,35.4,0,0,0
2026-09-13 17:35:00,204.7,21,77,36.1,0,0,0
2026-09-13 17:40:00,206.2,2,71,34.6,0,0,0
2026-09-13 17:45:00,208.8,6,78,33.4,0,0,0
2026-09-13 17:50:00,212.7,11,73,29.3,0,0,0
2026-09-13 17:55:00,212.3,13,74,30.0,0,0,0
2026-09-13 18:00:00,216.4,7,74,37.8,0,0,0
2026-09-13 18:05:00,218.7,6,75,31.6,0,0,0
2026-09-13 18:10:00,215.5,9,75,27.8,0,0,0
2026-09-13 18:15:00,213.7,14,77,32.9,0,0,0
2026-09-13 18:20:00,211.2,5,77,34.4,0,0,0
2026-09-13 18:25:00,212.3,2,74,33.5,0,0,0
2026-09-13 18:30:00,210.6,7,73,31.6,0,0,0
2026-09-13 18:35:00,209.6,14,75,31.1,0,0,0
2026-09-13 18:40:00,208.2,8,77,31.9,0,0,0
2026-09-13 18:45:00,204.5,1,75,33.2,0,0,0
2026-09-13 18:50:00,203.1,13,72,31.9,0,0,0
2026-09-13 18:55:00,198.7,6,74,30.2,0,0,0
2026-09-13 19:00:00,199.2,10,73,33.6,0,0,0
2026-09-13 19:05:00,196.0,11,77,30.6,0,0,0
2026-09-13 19:10:00,195.6,6,71,31.7,0,0,0
2026-09-13 19:15:00,194.5,7,75,34.5,0,0,0
2026-09-13 19:20:00,193.5,9,76,31.4,0,0,0
2026-09-13 19:25:00,189.8,3,71,32.3,0,0,0
2026-09-13 19:30:00,187.3,9,71,34.4,0,0,0
2026-09-13 19:35:00,187.8,12,74,31.4,0,0,0
2026-09-13 19:40:00,187.2,21,73,35.5,0,0,0
2026-09-13 19:45:00,189.2,11,72,35.0,0,0,0
2026-09-13 19:50:00,184.8,12,72,35.3,0,0,0
2026-09-13 19:55:00,187.0,12,75,30.7,0,0,0
2026-09-13 20:00:00,183.4,13,73,33.4,0,0,0
2026-09-13 20:05:00,183.7,11,75,31.3,0,0,0
2026-09-13 20:10:00,180.5,5,72,32.8,0,0,0
2026-09-13 20:15:00,181.2,14,78,30.7,0,0,0
2026-09-13 20:20:00,177.5,13,74,37.6,0,0,0
2026-09-13 20:25:00,179.3,16,77,33.1,0,0,0
2026-09-13 20:30:00,182.1,8,73,30.4,0,0,0
2026-09-13 20:35:00,180.5,11,74,31.6,0,0,0
2026-09-13 20:40:00,180.0,9,77,35.2,0,0,0
2026-09-13 20:45:00,179.2,6,75,30.7,0,0,0
2026-09-13 20:50:00,178.2,10,75,33.6,0,0,0
2026-09-13 20:55:00,177.3,15,73,33.9,0,0,0
2026-09-13 21:00:00,177.1,3,80,34.0,0,0,0
2026-09-13 21:05:00,176.9,7,72,33.5,0,0,0
2026-09-13 21:10:00,176.9,4,77,32.2,0,0,0
2026-09-13 21:15:00,177.6,7,80,35.5,0,96,70
2026-09-13 21:20:00,193.1,5,76,29.8,0,0,0
2026-09-13 21:25:00,209.7,6,80,31.4,0,0,0
2026-09-13 21:30:00,219.4,6,73,32.1,0,0,0
2026-09-13 21:35:00,223.9,6,77,32.6,0,0,0
2026-09-13 21:40:00,226.1,8,76,34.0,0,0,0
2026-09-13 21:45:00,230.2,5,77,33.2,0,0,0
2026-09-13 21:50:00,231.3,6,75,31.7,0,0,0
2026-09-13 21:55:00,232.8,10,72,34.6,0,0,0
2026-09-13 22:00:00,235.7,8,73,35.5,0,0,0
2026-09-13 22:05:00,233.2,14,78,36.9,0,0,0
2026-09-13 22:10:00,231.3,10,73,36.1,0,0,0
2026-09-13 22:15:00,229.0,15,78,34.6,0,0,0
2026-09-13 22:20:00,230.1,8,75,33.8,0,0,0
2026-09-13 22:25:00,227.8,3,75,29.5,0,0,0
2026-09-13 22:30:00,224.8,11,76,32.4,0,0,0
2026-09-13 22:35:00,223.3,9,75,28.3,0,0,0
2026-09-13 22:40:00,221.2,16,77,34.6,0,0,0
2026-09-13 22:45:00,215.9,7,71,32.0,0,0,0
2026-09-13 22:50:00,212.2,0,67,54.2,1,0,0
2026-09-13 22:55:00,207.8,1,68,54.0,1,0,0
2026-09-13 23:00:00,204.4,0,64,56.4,1,0,0
2026-09-13 23:05:00,203.1,1,66,55.8,1,0,0
2026-09-13 23:10:00,200.3,1,66,54.9,1,0,0
2026-09-13 23:15:00,199.2,0,67,55.3,1,0,0
2026-09-13 23:20:00,196.5,0,68,53.2,1,0,0
2026-09-13 23:25:00,195.7,1,66,51.8,1,0,0
2026-09-13 23:30:00,192.6,0,67,52.4,1,0,0
2026-09-13 23:35:00,194.8,1,65,56.4,1,0,0
2026-09-13 23:40:00,193.6,0,68,51.1,1,0,0
2026-09-13 23:45:00,195.5,0,68,55.8,1,0,0
2026-09-13 23:50:00,192.6,1,70,52.4,1,0,0
2026-09-13 23:55:00,191.0,0,67,54.3,1,0,0
2026-09-14 00:00:00,194.7,0,68,54.8,1,0,0
2026-09-14 00:05:00,193.1,0,66,54.7,1,0,0
2026-09-14 00:10:00,190.4,0,66,56.6,1,0,0
2026-09-14 00:15:00,185.1,0,69,51.7,1,0,0
2026-09-14 00:20:00,189.6,0,66,54.0,1,0,0
2026-09-14 00:25:00,188.3,1,68,51.6,1,0,0
2026-09-14 00:30:00,187.7,1,65,53.2,1,0,0
2026-09-14 00:35:00,188.1,0,64,53.8,1,0,0
2026-09-14 00:40:00,186.5,2,68,52.9,1,0,0
2026-09-14 00:45:00,188.7,2,67,52.2,1,0,0
2026-09-14 00:50:00,187.8,0,64,53.5,1,0,0
2026-09-14 00:55:00,187.4,0,66,55.9,1,0,0
2026-09-14 01:00:00,188.5,0,62,55.0,1,0,0
2026-09-14 01:05:00,185.8,1,65,55.7,1,0,0
2026-09-14 01:10:00,184.4,0,67,51.7,1,0,0
2026-09-14 01:15:00,184.5,0,64,56.3,1,0,0
2026-09-14 01:20:00,181.1,0,64,53.0,1,0,0
2026-09-14 01:25:00,180.5,2,66,51.1,1,0,0
2026-09-14 01:30:00,182.3,0,65,55.4,1,0,0
2026-09-14 01:35:00,180.6,0,67,52.3,1,0,0
2026-09-14 01:40:00,178.6,0,68,55.6,1,0,0
2026-09-14 01:45:00,177.4,0,69,54.8,1,0,0
2026-09-14 01:50:00,180.5,0,65,52.3,1,0,0
2026-09-14 01:55:00,181.5,0,67,55.3,1,0,0
2026-09-14 02:00:00,179.7,0,67,54.3,1,0,0
2026-09-14 02:05:00,177.9,0,64,52.8,1,0,0
2026-09-14 02:10:00,179.3,0,66,54.6,1,0,0
2026-09-14 02:15:00,177.7,0,67,56.2,1,0,0
2026-09-14 02:20:00,174.6,0,67,54.5,1,0,0
2026-09-14 02:25:00,176.0,0,68,54.1,1,0,0
2026-09-14 02:30:00,178.3,0,67,52.0,1,0,0
2026-09-14 02:35:00,176.2,1,64,53.7,1,0,0
2026-09-14 02:40:00,175.9,0,70,55.2,1,0,0
2026-09-14 02:45:00,175.7,0,67,53.6,1,0,0
2026-09-14 02:50:00,174.2,0,69,54.7,1,0,0
2026-09-14 02:55:00,178.3,0,68,54.2,1,0,0
2026-09-14 03:00:00,180.0,0,63,52.5,1,0,0
2026-09-14 03:05:00,176.8,1,68,55.5,1,0,0
2026-09-14 03:10:00,176.4,1,65,51.6,1,0,0
2026-09-14 03:15:00,177.2,1,67,52.4,1,0,0
2026-09-14 03:20:00,176.4,0,66,55.5,1,0,0
2026-09-14 03:25:00,174.1,0,68,55.4,1,0,0
2026-09-14 03:30:00,175.7,0,68,53.5,1,0,0
2026-09-14 03:35:00,173.6,0,66,52.8,1,0,0
2026-09-14 03:40:00,174.7,0,65,54.3,1,0,0
2026-09-14 03:45:00,173.2,0,67,51.9,1,0,0
2026-09-14 03:50:00,174.7,1,62,54.4,1,0,0
2026-09-14 03:55:00,177.2,1,66,53.7,1,0,0
2026-09-14 04:00:00,177.8,0,67,55.6,1,0,0
2026-09-14 04:05:00,178.8,0,67,54.3,1,0,0
2026-09-14 04:10:00,177.5,0,64,51.9,1,0,0
2026-09-14 04:15:00,178.0,0,67,54.0,1,0,0
2026-09-14 04:20:00,179.1,0,68,53.4,1,0,0
2026-09-14 04:25:00,179.1,0,69,50.6,1,0,0
2026-09-14 04:30:00,180.2,1,65,53.7,1,0,0
2026-09-14 04:35:00,177.9,0,65,55.3,1,0,0
2026-09-14 04:40:00,179.2,0,68,51.7,1,0,0
2026-09-14 04:45:00,177.9,0,68,52.0,1,0,0
2026-09-14 04:50:00,176.2,0,64,55.9,1,0,0
2026-09-14 04:55:00,177.2,1,65,55.1,1,0,0
2026-09-14 05:00:00,177.1,0,69,56.6,1,0,0
2026-09-14 05:05:00,177.2,0,68,55.1,1,0,0
2026-09-14 05:10:00,175.2,1,69,54.9,1,0,0
2026-09-14 05:15:00,175.3,0,62,54.9,1,0,0
2026-09-14 05:20:00,175.8,0,64,53.7,1,0,0
2026-09-14 05:25:00,176.9,3,65,59.9,1,0,0
2026-09-14 05:30:00,177.1,0,67,55.9,1,0,0
2026-09-14 05:35:00,177.3,0,63,56.2,1,0,0
2026-09-14 05:40:00,175.1,1,65,51.6,1,0,0
2026-09-14 05:45:00,176.3,1,65,49.8,1,0,0
2026-09-14 05:50:00,175.5,0,69,55.7,1,0,0
2026-09-14 05:55:00,174.9,0,65,56.2,1,0,0
2026-09-14 06:00:00,176.1,0,67,54.7,1,0,0
2026-09-14 06:05:00,177.2,2,67,50.4,1,0,0
2026-09-14 06:10:00,176.9,1,67,54.3,1,0,0
2026-09-14 06:15:00,176.0,0,66,53.8,1,0,0
2026-09-14 06:20:00,178.0,0,68,49.9,1,0,0
2026-09-14 06:25:00,178.3,0,68,55.4,1,0,0
2026-09-14 06:30:00,178.4,2,73,29.8,0,0,0
2026-09-14 06:35:00,178.8,6,74,35.4,0,0,0
2026-09-14 06:40:00,179.8,5,74,32.6,0,0,0
2026-09-14 06:45:00,175.8,10,73,37.8,0,0,0
2026-09-14 06:50:00,175.2,11,74,34.1,0,0,0
2026-09-14 06:55:00,171.3,14,73,34.7,0,0,0
2026-09-14 07:00:00,172.7,6,75,38.0,0,0,0
2026-09-14 07:05:00,173.8,9,75,31.9,0,0,0
2026-09-14 07:10:00,173.8,8,73,32.7,0,0,0
2026-09-14 07:15:00,176.7,4,74,28.9,0,0,0
2026-09-14 07:20:00,175.2,2,76,31.4,0,0,0
2026-09-14 07:25:00,175.0,6,72,35.9,0,0,0
2026-09-14 07:30:00,172.6,8,74,30.4,0,0,0
2026-09-14 07:35:00,172.4,6,74,33.3,0,0,0
2026-09-14 07:40:00,173.3,4,73,32.0,0,0,0
2026-09-14 07:45:00,174.4,8,74,33.1,0,0,0
2026-09-14 07:50:00,175.3,11,73,35.0,0,0,0
2026-09-14 07:55:00,178.8,10,75,31.8,0,0,0
2026-09-14 08:00:00,180.8,10,74,36.0,0,0,0
2026-09-14 08:05:00,179.2,6,77,34.8,0,49,70
2026-09-14 08:10:00,187.0,23,78,33.5,0,0,0
2026-09-14 08:15:00,190.6,14,79,33.3,0,0,0
2026-09-14 08:20:00,193.9,541,111,37.7,0,0,0
2026-09-14 08:25:00,197.5,548,112,37.3,0,0,0
2026-09-14 08:30:00,193.4,3,77,32.4,0,0,0
2026-09-14 08:35:00,193.8,8,76,32.2,0,0,0
2026-09-14 08:40:00,194.7,12,76,30.1,0,0,0
2026-09-14 08:45:00,198.9,11,77,34.2,0,0,0
2026-09-14 08:50:00,201.3,4,72,33.7,0,0,0
2026-09-14 08:55:00,197.3,7,75,34.2,0,0,0
2026-09-14 09:00:00,193.5,4,76,32.6,0,0,0
2026-09-14 09:05:00,191.7,6,75,33.1,0,0,0
2026-09-14 09:10:00,190.9,13,73,36.1,0,0,0
2026-09-14 09:15:00,188.4,11,79,31.9,0,0,0
2026-09-14 09:20:00,191.0,10,75,32.2,0,0,0
2026-09-14 09:25:00,189.0,5,75,35.5,0,0,0
2026-09-14 09:30:00,188.4,7,76,30.3,0,0,0
2026-09-14 09:35:00,187.9,13,72,34.2,0,0,0
2026-09-14 09:40:00,192.5,8,76,30.3,0,0,0
2026-09-14 09:45:00,193.3,5,77,30.7,0,0,0
2026-09-14 09:50:00,190.4,9,75,36.0,0,0,0
2026-09-14 09:55:00,188.6,9,77,30.0,0,0,0
2026-09-14 10:00:00,188.7,383,96,35.0,0,0,0
2026-09-14 10:05:00,186.9,381,97,33.3,0,0,0
2026-09-14 10:10:00,180.9,24,73,31.4,0,0,0
2026-09-14 10:15:00,179.8,12,73,34.3,0,0,0
2026-09-14 10:20:00,182.5,7,75,32.0,0,0,0
2026-09-14 10:25:00,180.4,5,77,32.8,0,0,0
2026-09-14 10:30:00,179.1,11,78,33.7,0,0,0
2026-09-14 10:35:00,174.5,16,74,35.6,0,0,0
2026-09-14 10:40:00,174.8,14,74,29.1,0,0,0
2026-09-14 10:45:00,172.1,5,73,33.3,0,0,0
2026-09-14 10:50:00,176.5,9,76,34.2,0,0,0
2026-09-14 10:55:00,179.0,14,78,38.0,0,0,0
2026-09-14 11:00:00,182.8,7,73,31.8,0,0,0
2026-09-14 11:05:00,182.1,25,76,35.1,0,0,0
2026-09-14 11:10:00,180.9,9,77,32.7,0,0,0
2026-09-14 11:15:00,177.8,7,74,33.8,0,0,0
2026-09-14 11:20:00,179.6,8,73,33.0,0,0,0
2026-09-14 11:25:00,182.2,4,74,34.9,0,0,0
2026-09-14 11:30:00,180.5,6,74,32.3,0,0,0
2026-09-14 11:35:00,181.5,14,79,35.6,0,0,0
2026-09-14 11:40:00,179.4,5,72,32.4,0,0,0
2026-09-14 11:45:00,178.3,13,75,37.0,0,0,0
2026-09-14 11:50:00,178.5,14,75,31.2,0,0,0
2026-09-14 11:55:00,176.2,8,74,30.4,0,0,0
2026-09-14 12:00:00,177.0,8,71,32.0,0,0,0
2026-09-14 12:05:00,175.4,3,75,30.7,0,0,0
2026-09-14 12:10:00,174.4,13,75,33.1,0,0,0
2026-09-14 12:15:00,174.9,10,72,30.8,0,0,0
2026-09-14 12:20:00,171.3,13,76,33.0,0,0,0
2026-09-14 12:25:00,171.2,6,73,33.5,0,0,0
2026-09-14 12:30:00,169.2,5,75,32.4,0,0,0
2026-09-14 12:35:00,171.0,4,77,34.4,0,0,0
2026-09-14 12:40:00,173.7,4,75,33.7,0,0,0
2026-09-14 12:45:00,175.4,5,75,34.1,0,0,0
2026-09-14 12:50:00,174.5,4,72,35.2,0,0,0
2026-09-14 12:55:00,175.2,2,74,29.3,0,0,0
2026-09-14 13:00:00,173.3,8,72,37.1,0,0,0
2026-09-14 13:05:00,176.3,8,74,34.7,0,0,0
2026-09-14 13:10:00,178.6,14,73,32.0,0,0,0
2026-09-14 13:15:00,180.5,5,70,31.7,0,0,0
2026-09-14 13:20:00,180.8,5,76,33.8,0,0,0
2026-09-14 13:25:00,181.1,9,78,33.3,0,68,68
2026-09-14 13:30:00,191.5,12,75,34.6,0,0,0
2026-09-14 13:35:00,197.1,5,75,32.1,0,0,0
2026-09-14 13:40:00,201.1,532,106,35.7,0,0,0
2026-09-14 13:45:00,204.2,532,108,33.1,0,0,0
2026-09-14 13:50:00,209.3,8,76,33.6,0,0,0
2026-09-14 13:55:00,211.6,11,76,32.1,0,0,0
2026-09-14 14:00:00,211.4,6,72,30.3,0,0,0
2026-09-14 14:05:00,211.3,8,75,33.8,0,0,0
2026-09-14 14:10:00,208.9,12,77,30.8,0,0,0
2026-09-14 14:15:00,206.6,8,78,33.3,0,0,0
2026-09-14 14:20:00,209.8,2,74,33.1,0,0,0
2026-09-14 14:25:00,208.7,12,76,30.1,0,0,0
2026-09-14 14:30:00,206.9,8,74,29.1,0,0,0
2026-09-14 14:35:00,204.3,14,77,34.0,0,0,0
2026-09-14 14:40:00,205.4,6,73,34.5,0,0,0
2026-09-14 14:45:00,200.6,8,74,30.8,0,0,0
2026-09-14 14:50:00,196.9,6,74,34.9,0,0,0
2026-09-14 14:55:00,198.9,6,73,31.8,0,0,0
2026-09-14 15:00:00,196.1,8,76,33.0,0,0,0
2026-09-14 15:05:00,194.0,12,75,33.2,0,0,0
2026-09-14 15:10:00,196.0,9,74,33.7,0,0,0
2026-09-14 15:15:00,191.0,3,74,33.2,0,0,0
2026-09-14 15:20:00,188.9,10,78,30.8,0,0,0
2026-09-14 15:25:00,186.6,2,72,31.7,0,0,0
2026-09-14 15:30:00,187.5,2,76,33.2,0,0,0
2026-09-14 15:35:00,192.3,11,75,33.7,0,0,0
2026-09-14 15:40:00,191.1,11,73,35.2,0,0,0
2026-09-14 15:45:00,188.5,9,74,36.3,0,0,0
2026-09-14 15:50:00,188.6,5,76,36.6,0,0,0
2026-09-14 15:55:00,184.3,7,72,29.5,0,0,0
2026-09-14 16:00:00,182.6,7,74,34.9,0,0,0
2026-09-14 16:05:00,179.7,8,74,29.5,0,0,0
2026-09-14 16:10:00,180.9,5,76,35.7,0,0,0
2026-09-14 16:15:00,181.7,12,77,30.3,0,0,0
2026-09-14 16:20:00,181.1,0,74,36.7,0,0,0
2026-09-14 16:25:00,182.1,7,76,31.6,0,0,0
2026-09-14 16:30:00,182.3,8,73,35.5,0,0,0
2026-09-14 16:35:00,183.0,7,74,33.3,0,0,0
2026-09-14 16:40:00,184.6,4,72,33.6,0,0,0
2026-09-14 16:45:00,186.5,13,75,31.6,0,0,0
2026-09-14 16:50:00,183.3,11,76,31.1,0,0,0
2026-09-14 16:55:00,182.1,13,75,31.4,0,0,0
2026-09-14 17:00:00,183.9,4,74,34.7,0,0,0
2026-09-14 17:05:00,180.0,14,75,36.9,0,0,0
2026-09-14 17:10:00,180.8,12,73,32.1,0,0,0
2026-09-14 17:15:00,177.9,16,78,33.7,0,22,50
2026-09-14 17:20:00,181.6,6,77,34.7,0,0,0
2026-09-14 17:25:00,182.4,7,74,36.4,0,0,0
2026-09-14 17:30:00,181.1,3,76,32.6,0,0,0
2026-09-14 17:35:00,182.8,13,78,35.7,0,0,0
2026-09-14 17:40:00,180.5,6,76,32.1,0,0,0
2026-09-14 17:45:00,182.2,14,73,33.1,0,0,0
2026-09-14 17:50:00,177.8,4,70,30.6,0,0,0
2026-09-14 17:55:00,178.7,3,77,33.8,0,0,0
2026-09-14 18:00:00,180.9,10,75,30.6,0,0,0
2026-09-14 18:05:00,182.3,10,77,34.2,0,0,0
2026-09-14 18:10:00,183.7,5,74,32.8,0,0,0
2026-09-14 18:15:00,186.0,6,73,33.1,0,0,0
2026-09-14 18:20:00,183.4,8,76,36.6,0,0,0
2026-09-14 18:25:00,184.9,10,75,35.1,0,0,0
2026-09-14 18:30:00,184.2,5,73,33.6,0,0,0
2026-09-14 18:35:00,184.9,8,71,35.6,0,0,0
2026-09-14 18:40:00,184.2,7,79,36.2,0,0,0
2026-09-14 18:45:00,186.0,14,71,35.4,0,0,0
2026-09-14 18:50:00,186.8,12,74,34.8,0,0,0
2026-09-14 18:55:00,186.6,2,73,35.3,0,0,0
2026-09-14 19:00:00,186.0,14,76,29.5,0,0,0
2026-09-14 19:05:00,183.3,13,77,32.6,0,0,0
2026-09-14 19:10:00,181.1,3,75,39.8,0,0,0
2026-09-14 19:15:00,181.9,9,74,33.2,0,0,0
2026-09-14 19:20:00,181.7,23,75,34.5,0,0,0
2026-09-14 19:25:00,183.5,5,69,35.2,0,0,0
2026-09-14 19:30:00,179.4,8,73,30.8,0,0,0
2026-09-14 19:35:00,179.6,3,77,31.6,0,0,0
2026-09-14 19:40:00,181.7,17,75,32.0,0,0,0
2026-09-14 19:45:00,183.6,17,76,35.2,0,0,0
2026-09-14 19:50:00,180.6,20,78,32.9,0,0,0
2026-09-14 19:55:00,182.3,9,73,36.7,0,0,0
2026-09-14 20:00:00,179.6,5,76,37.3,0,0,0
2026-09-14 20:05:00,176.6,15,74,29.9,0,0,0
2026-09-14 20:10:00,175.7,14,75,35.4,0,0,0
2026-09-14 20:15:00,177.8,0,72,32.1,0,0,0
2026-09-14 20:20:00,175.3,12,79,31.2,0,0,0
2026-09-14 20:25:00,174.3,2,76,35.9,0,0,0
2026-09-14 20:30:00,171.8,14,75,32.4,0,0,0
2026-09-14 20:35:00,172.2,6,77,36.6,0,0,0
2026-09-14 20:40:00,174.1,5,77,32.6,0,91,70
2026-09-14 20:45:00,191.9,4,78,32.7,0,0,0
2026-09-14 20:50:00,202.0,13,76,34.4,0,0,0
2026-09-14 20:55:00,214.8,2,79,34.7,0,0,0
2026-09-14 21:00:00,221.9,9,78,33.7,0,0,0
2026-09-14 21:05:00,226.0,3,77,32.2,0,0,0
2026-09-14 21:10:00,232.3,6,72,35.9,0,0,0
2026-09-14 21:15:00,235.8,7,75,36.3,0,0,0
2026-09-14 21:20:00,237.9,12,73,33.4,0,0,0
2026-09-14 21:25:00,238.0,14,72,31.3,0,0,0
2026-09-14 21:30:00,234.1,7,75,34.3,0,0,0
2026-09-14 21:35:00,234.3,5,74,32.4,0,0,0
2026-09-14 21:40:00,233.8,9,73,32.1,0,0,0
2026-09-14 21:45:00,231.4,5,72,29.6,0,0,0
2026-09-14 21:50:00,231.3,6,77,33.1,0,0,0
2026-09-14 21:55:00,228.1,4,73,29.4,0,0,0
2026-09-14 22:00:00,226.5,7,74,33.7,0,0,0
2026-09-14 22:05:00,223.6,7,75,34.4,0,0,0
2026-09-14 22:10:00,223.7,8,72,31.7,0,0,0
2026-09-14 22:15:00,220.1,10,78,32.7,0,0,0
2026-09-14 22:20:00,216.6,16,72,33.5,0,0,0
2026-09-14 22:25:00,212.2,8,76,29.8,0,0,0
2026-09-14 22:30:00,208.6,8,76,34.3,0,0,0
2026-09-14 22:35:00,205.1,9,75,33.3,0,0,0
2026-09-14 22:40:00,200.8,8,73,35.1,0,0,0
2026-09-14 22:45:00,201.1,5,76,33.7,0,0,0
2026-09-14 22:50:00,198.1,16,75,31.8,0,0,0
2026-09-14 22:55:00,196.0,12,76,34.5,0,0,0
2026-09-14 23:00:00,195.5,2,71,32.8,0,0,0
2026-09-14 23:05:00,191.5,3,75,32.4,0,0,0
2026-09-14 23:10:00,188.4,9,76,33.6,0,0,0
2026-09-14 23:15:00,189.0,2,76,33.6,0,0,0
2026-09-14 23:20:00,187.2,9,75,35.0,0,0,0
2026-09-14 23:25:00,184.2,7,78,33.1,0,0,0
2026-09-14 23:30:00,185.7,3,72,33.2,0,0,0
2026-09-14 23:35:00,184.6,11,73,31.7,0,0,0
2026-09-14 23:40:00,179.9,14,73,29.9,0,0,0
2026-09-14 23:45:00,180.5,12,75,34.6,0,0,0
2026-09-14 23:50:00,177.2,13,74,32.9,0,0,0
2026-09-14 23:55:00,177.8,6,72,28.8,0,0,0
