timestamp,glucose_mgdl,steps,heart_rate,hrv_ms,sleeping,carbs_g,meal_gi
2026-09-01 00:00:00,108.0,0,52,65.0,1,0,0
2026-09-01 00:05:00,108.3,0,52,68.8,1,0,0
2026-09-01 00:10:00,110.4,1,51,67.0,1,0,0
2026-09-01 00:15:00,110.7,0,52,65.2,1,0,0
2026-09-01 00:20:00,112.3,0,50,64.1,1,0,0
2026-09-01 00:25:00,112.4,1,55,71.1,1,0,0
2026-09-01 00:30:00,110.5,0,52,66.9,1,0,0
2026-09-01 00:35:00,113.2,0,52,69.4,1,0,0
2026-09-01 00:40:00,111.4,0,57,66.0,1,0,0
2026-09-01 00:45:00,113.9,0,53,65.6,1,0,0
2026-09-01 00:50:00,113.6,1,51,66.3,1,0,0
2026-09-01 00:55:00,114.2,0,56,68.3,1,0,0
2026-09-01 01:00:00,115.4,0,52,65.8,1,0,0
2026-09-01 01:05:00,110.9,0,52,68.7,1,0,0
2026-09-01 01:10:00,109.6,1,50,69.6,1,0,0
2026-09-01 01:15:00,110.1,0,51,64.5,1,0,0
2026-09-01 01:20:00,108.3,0,49,63.9,1,0,0
2026-09-01 01:25:00,106.0,0,52,69.3,1,0,0
2026-09-01 01:30:00,107.3,0,54,65.8,1,0,0
2026-09-01 01:35:00,108.8,0,50,67.3,1,0,0
2026-09-01 01:40:00,108.5,0,53,66.4,1,0,0
2026-09-01 01:45:00,107.7,0,53,69.2,1,0,0
2026-09-01 01:50:00,105.5,0,52,66.9,1,0,0
2026-09-01 01:55:00,106.2,0,53,66.1,1,0,0
2026-09-01 02:00:00,106.5,0,53,68.6,1,0,0
2026-09-01 02:05:00,104.3,0,53,69.7,1,0,0
2026-09-01 02:10:00,103.1,0,53,68.8,1,0,0
2026-09-01 02:15:00,102.9,0,53,71.7,1,0,0
2026-09-01 02:20:00,104.2,1,54,67.5,1,0,0
2026-09-01 02:25:00,107.2,2,52,68.9,1,0,0
2026-09-01 02:30:00,103.2,0,55,66.4,1,0,0
2026-09-01 02:35:00,106.5,0,54,67.2,1,0,0
2026-09-01 02:40:00,109.4,0,52,67.6,1,0,0
2026-09-01 02:45:00,105.6,0,52,66.9,1,0,0
2026-09-01 02:50:00,107.4,2,51,69.5,1,0,0
2026-09-01 02:55:00,108.6,2,54,67.3,1,0,0
2026-09-01 03:00:00,107.5,0,56,66.2,1,0,0
2026-09-01 03:05:00,108.4,0,53,63.3,1,0,0
2026-09-01 03:10:00,104.5,0,50,65.6,1,0,0
2026-09-01 03:15:00,102.5,0,54,68.3,1,0,0
2026-09-01 03:20:00,104.3,0,52,68.4,1,0,0
2026-09-01 03:25:00,101.8,0,50,65.7,1,0,0
2026-09-01 03:30:00,102.0,0,53,70.6,1,0,0
2026-09-01 03:35:00,104.6,0,50,68.4,1,0,0
2026-09-01 03:40:00,104.7,0,55,68.4,1,0,0
2026-09-01 03:45:00,106.1,0,50,65.4,1,0,0
2026-09-01 03:50:00,105.1,0,53,67.9,1,0,0
2026-09-01 03:55:00,103.9,0,52,65.3,1,0,0
2026-09-01 04:00:00,104.3,0,51,70.6,1,0,0
2026-09-01 04:05:00,101.5,1,52,68.1,1,0,0
2026-09-01 04:10:00,103.4,0,55,64.3,1,0,0
2026-09-01 04:15:00,102.8,0,53,69.1,1,0,0
2026-09-01 04:20:00,103.3,0,55,68.6,1,0,0
2026-09-01 04:25:00,103.5,1,54,67.6,1,0,0
2026-09-01 04:30:00,103.0,1,55,66.1,1,0,0
2026-09-01 04:35:00,104.8,0,52,68.7,1,0,0
2026-09-01 04:40:00,106.1,0,55,67.8,1,0,0
2026-09-01 04:45:00,104.0,1,51,64.5,1,0,0
2026-09-01 04:50:00,103.2,1,55,64.4,1,0,0
2026-09-01 04:55:00,105.3,0,53,66.2,1,0,0
2026-09-01 05:00:00,102.5,0,50,66.1,1,0,0
2026-09-01 05:05:00,107.6,1,53,68.1,1,0,0
2026-09-01 05:10:00,106.7,0,54,67.1,1,0,0
2026-09-01 05:15:00,105.4,0,52,68.2,1,0,0
2026-09-01 05:20:00,107.1,0,51,70.1,1,0,0
2026-09-01 05:25:00,109.0,1,56,68.3,1,0,0
2026-09-01 05:30:00,112.4,0,54,68.1,1,0,0
2026-09-01 05:35:00,111.6,0,53,67.8,1,0,0
2026-09-01 05:40:00,112.4,1,50,67.0,1,0,0
2026-09-01 05:45:00,111.9,1,54,68.1,1,0,0
2026-09-01 05:50:00,114.3,0,53,67.8,1,0,0
2026-09-01 05:55:00,116.7,0,53,67.1,1,0,0
2026-09-01 06:00:00,112.7,0,53,65.8,1,0,0
2026-09-01 06:05:00,114.4,0,53,66.3,1,0,0
2026-09-01 06:10:00,114.1,0,52,65.6,1,0,0
2026-09-01 06:15:00,112.1,0,55,68.8,1,0,0
2026-09-01 06:20:00,115.6,2,49,68.7,1,0,0
2026-09-01 06:25:00,113.6,0,57,62.6,1,0,0
2026-09-01 06:30:00,116.5,0,54,70.1,1,0,0
2026-09-01 06:35:00,117.5,1,51,70.4,1,0,0
2026-09-01 06:40:00,120.0,1,51,65.7,1,0,0
2026-09-01 06:45:00,118.1,0,56,68.0,1,0,0
2026-09-01 06:50:00,119.5,0,55,65.2,1,0,0
2026-09-01 06:55:00,120.3,0,56,68.7,1,0,0
2026-09-01 07:00:00,118.1,20,63,43.4,0,0,0
2026-09-01 07:05:00,118.4,26,60,43.2,0,0,0
2026-09-01 07:10:00,115.5,34,63,40.2,0,0,0
2026-09-01 07:15:00,113.7,29,64,37.8,0,0,0
2026-09-01 07:20:00,116.4,31,64,39.9,0,0,0
2026-09-01 07:25:00,114.5,32,63,38.5,0,0,0
2026-09-01 07:30:00,115.5,18,60,42.3,0,0,0
2026-09-01 07:35:00,116.2,23,62,42.3,0,0,0
2026-09-01 07:40:00,115.4,61,64,40.6,0,0,0
2026-09-01 07:45:00,118.8,37,61,40.9,0,0,0
2026-09-01 07:50:00,117.8,45,63,38.4,0,0,0
2026-09-01 07:55:00,114.1,13,62,41.6,0,0,0
2026-09-01 08:00:00,111.7,46,58,40.8,0,0,0
2026-09-01 08:05:00,109.7,16,64,39.8,0,0,0
2026-09-01 08:10:00,110.6,7,66,40.0,0,61,78
2026-09-01 08:15:00,122.2,22,68,40.7,0,0,0
2026-09-01 08:20:00,129.2,9,63,36.7,0,0,0
2026-09-01 08:25:00,136.9,19,69,41.5,0,0,0
2026-09-01 08:30:00,143.5,16,69,41.1,0,0,0
2026-09-01 08:35:00,144.3,26,61,42.2,0,0,0
2026-09-01 08:40:00,146.2,46,62,44.8,0,0,0
2026-09-01 08:45:00,145.3,34,65,44.9,0,0,0
2026-09-01 08:50:00,144.3,31,62,41.9,0,0,0
2026-09-01 08:55:00,146.3,25,62,38.4,0,0,0
2026-09-01 09:00:00,149.4,17,62,42.0,0,0,0
2026-09-01 09:05:00,145.5,30,63,43.3,0,0,0
2026-09-01 09:10:00,140.6,20,62,42.7,0,0,0
2026-09-01 09:15:00,141.7,19,62,42.0,0,0,0
2026-09-01 09:20:00,140.0,19,63,39.0,0,0,0
2026-09-01 09:25:00,137.6,23,62,42.0,0,0,0
2026-09-01 09:30:00,130.8,24,63,37.9,0,0,0
2026-09-01 09:35:00,132.0,29,65,42.8,0,0,0
2026-09-01 09:40:00,131.0,22,64,41.0,0,0,0
2026-09-01 09:45:00,130.8,19,62,40.7,0,0,0
2026-09-01 09:50:00,128.4,24,62,40.6,0,0,0
2026-09-01 09:55:00,129.4,32,62,43.3,0,0,0
2026-09-01 10:00:00,127.5,14,59,41.0,0,0,0
2026-09-01 10:05:00,123.7,11,63,38.8,0,0,0
2026-09-01 10:10:00,121.4,18,65,39.9,0,0,0
2026-09-01 10:15:00,123.7,15,64,39.9,0,0,0
2026-09-01 10:20:00,123.2,24,63,39.1,0,0,0
2026-09-01 10:25:00,121.0,20,64,40.7,0,0,0
2026-09-01 10:30:00,120.4,17,57,45.3,0,0,0
2026-09-01 10:35:00,121.6,14,63,38.5,0,0,0
2026-09-01 10:40:00,119.8,19,61,42.8,0,0,0
2026-09-01 10:45:00,123.1,27,64,39.6,0,0,0
2026-09-01 10:50:00,122.1,5,60,41.9,0,0,0
2026-09-01 10:55:00,120.5,23,63,45.4,0,0,0
2026-09-01 11:00:00,118.7,24,64,41.6,0,0,0
2026-09-01 11:05:00,117.5,11,62,43.2,0,0,0
2026-09-01 11:10:00,116.9,12,63,40.5,0,0,0
2026-09-01 11:15:00,116.7,25,63,41.7,0,0,0
2026-09-01 11:20:00,115.0,34,60,42.9,0,0,0
2026-09-01 11:25:00,114.0,14,60,40.9,0,0,0
2026-09-01 11:30:00,112.3,27,63,40.6,0,0,0
2026-09-01 11:35:00,109.2,58,65,43.1,0,0,0
2026-09-01 11:40:00,110.6,16,61,43.7,0,0,0
2026-09-01 11:45:00,111.0,26,60,39.7,0,0,0
2026-09-01 11:50:00,109.3,18,59,40.7,0,0,0
2026-09-01 11:55:00,109.6,26,60,43.1,0,0,0
2026-09-01 12:00:00,107.7,15,65,39.4,0,0,0
2026-09-01 12:05:00,107.6,14,61,40.6,0,0,0
2026-09-01 12:10:00,106.9,31,66,39.8,0,0,0
2026-09-01 12:15:00,107.4,22,64,41.7,0,0,0
2026-09-01 12:20:00,105.9,26,64,41.6,0,0,0
2026-09-01 12:25:00,106.5,23,67,39.5,0,0,0
2026-09-01 12:30:00,107.2,11,61,41.8,0,0,0
2026-09-01 12:35:00,104.5,7,64,45.2,0,0,0
2026-09-01 12:40:00,103.8,518,94,44.0,0,0,0
2026-09-01 12:45:00,102.5,544,93,37.5,0,0,0
2026-09-01 12:50:00,100.8,22,63,44.3,0,0,0
2026-09-01 12:55:00,103.7,14,60,40.5,0,0,0
2026-09-01 13:00:00,104.8,18,59,37.7,0,0,0
2026-09-01 13:05:00,103.7,26,64,42.2,0,0,0
2026-09-01 13:10:00,108.5,42,64,43.9,0,0,0
2026-09-01 13:15:00,112.1,64,63,42.3,0,0,0
2026-09-01 13:20:00,113.6,17,63,41.4,0,0,0
2026-09-01 13:25:00,114.7,23,61,41.8,0,0,0
2026-09-01 13:30:00,113.8,25,67,42.6,0,0,0
2026-09-01 13:35:00,113.0,32,65,45.8,0,0,0
2026-09-01 13:40:00,111.6,32,64,38.4,0,0,0
2026-09-01 13:45:00,109.8,14,66,39.2,0,0,0
2026-09-01 13:50:00,107.1,13,67,39.6,0,114,70
2026-09-01 13:55:00,123.9,33,66,42.0,0,0,0
2026-09-01 14:00:00,133.6,15,66,41.1,0,0,0
2026-09-01 14:05:00,144.8,27,65,41.2,0,0,0
2026-09-01 14:10:00,155.1,19,63,43.0,0,0,0
2026-09-01 14:15:00,159.7,21,66,42.7,0,0,0
2026-09-01 14:20:00,159.5,41,64,40.3,0,0,0
2026-09-01 14:25:00,160.9,27,62,42.3,0,0,0
2026-09-01 14:30:00,163.5,14,64,36.1,0,0,0
2026-09-01 14:35:00,162.6,19,60,39.4,0,0,0
2026-09-01 14:40:00,163.9,23,64,40.6,0,0,0
2026-09-01 14:45:00,163.0,9,59,38.7,0,0,0
2026-09-01 14:50:00,157.6,21,61,39.5,0,0,0
2026-09-01 14:55:00,159.6,20,60,39.7,0,0,0
2026-09-01 15:00:00,162.3,31,63,39.8,0,0,0
2026-09-01 15:05:00,160.8,17,63,43.6,0,0,0
2026-09-01 15:10:00,156.9,20,60,40.4,0,0,0
2026-09-01 15:15:00,155.2,14,59,42.2,0,0,0
2026-09-01 15:20:00,153.3,20,62,37.7,0,0,0
2026-09-01 15:25:00,150.8,30,64,40.2,0,0,0
2026-09-01 15:30:00,150.2,17,67,42.7,0,0,0
2026-09-01 15:35:00,149.1,15,65,40.2,0,0,0
2026-09-01 15:40:00,146.7,38,63,41.9,0,0,0
2026-09-01 15:45:00,141.0,16,58,39.2,0,0,0
2026-09-01 15:50:00,139.8,53,66,42.2,0,0,0
2026-09-01 15:55:00,138.9,18,66,40.8,0,0,0
2026-09-01 16:00:00,139.5,25,62,41.6,0,0,0
2026-09-01 16:05:00,137.8,49,64,38.1,0,0,0
2026-09-01 16:10:00,139.1,10,60,40.8,0,0,0
2026-09-01 16:15:00,141.8,23,64,42.0,0,0,0
2026-09-01 16:20:00,143.1,20,65,43.0,0,0,0
2026-09-01 16:25:00,140.0,43,64,40.9,0,0,0
2026-09-01 16:30:00,136.3,9,66,40.3,0,0,0
2026-09-01 16:35:00,132.7,31,67,38.7,0,0,0
2026-09-01 16:40:00,130.2,28,62,39.8,0,0,0
2026-09-01 16:45:00,130.6,30,66,41.7,0,0,0
2026-09-01 16:50:00,128.0,15,62,39.7,0,0,0
2026-09-01 16:55:00,127.8,36,67,42.9,0,0,0
2026-09-01 17:00:00,128.2,18,61,40.1,0,0,0
2026-09-01 17:05:00,128.5,15,62,42.5,0,0,0
2026-09-01 17:10:00,124.2,21,60,41.0,0,0,0
2026-09-01 17:15:00,120.4,29,63,38.5,0,0,0
2026-09-01 17:20:00,123.6,16,59,38.5,0,0,0
2026-09-01 17:25:00,123.6,20,63,40.7,0,31,60
2026-09-01 17:30:00,125.4,9,64,45.1,0,0,0
2026-09-01 17:35:00,127.9,21,64,44.4,0,0,0
2026-09-01 17:40:00,130.1,27,65,42.6,0,0,0
2026-09-01 17:45:00,133.1,26,65,36.9,0,0,0
2026-09-01 17:50:00,133.4,43,70,44.1,0,0,0
2026-09-01 17:55:00,134.9,16,62,39.3,0,0,0
2026-09-01 18:00:00,133.8,14,56,41.6,0,0,0
2026-09-01 18:05:00,134.2,12,64,42.9,0,0,0
2026-09-01 18:10:00,131.3,36,64,44.8,0,0,0
2026-09-01 18:15:00,128.6,22,63,43.7,0,0,0
2026-09-01 18:20:00,126.2,30,62,38.4,0,0,0
2026-09-01 18:25:00,126.5,23,63,40.8,0,0,0
2026-09-01 18:30:00,125.3,15,64,40.9,0,0,0
2026-09-01 18:35:00,123.6,23,60,40.5,0,0,0
2026-09-01 18:40:00,121.2,14,63,43.4,0,0,0
2026-09-01 18:45:00,123.1,34,65,44.2,0,0,0
2026-09-01 18:50:00,121.5,9,61,40.3,0,0,0
2026-09-01 18:55:00,117.2,467,92,37.8,0,0,0
2026-09-01 19:00:00,119.4,483,92,40.3,0,0,0
2026-09-01 19:05:00,116.9,28,64,39.0,0,0,0
2026-09-01 19:10:00,116.1,35,68,39.0,0,0,0
2026-09-01 19:15:00,120.1,7,64,40.7,0,0,0
2026-09-01 19:20:00,118.6,37,64,39.0,0,0,0
2026-09-01 19:25:00,117.5,43,67,43.3,0,0,0
2026-09-01 19:30:00,117.7,17,60,39.7,0,0,0
2026-09-01 19:35:00,117.4,10,63,41.8,0,0,0
2026-09-01 19:40:00,116.4,49,65,44.2,0,0,0
2026-09-01 19:45:00,117.6,37,64,38.2,0,0,0
2026-09-01 19:50:00,113.1,49,65,41.2,0,0,0
2026-09-01 19:55:00,112.4,23,63,38.6,0,0,0
2026-09-01 20:00:00,114.9,26,66,40.7,0,0,0
2026-09-01 20:05:00,114.9,18,59,42.4,0,0,0
2026-09-01 20:10:00,114.7,9,61,42.7,0,0,0
2026-09-01 20:15:00,117.2,22,63,42.2,0,0,0
2026-09-01 20:20:00,115.8,20,61,41.6,0,0,0
2026-09-01 20:25:00,117.1,24,64,42.3,0,0,0
2026-09-01 20:30:00,116.1,14,60,42.1,0,0,0
2026-09-01 20:35:00,113.1,26,62,46.9,0,0,0
2026-09-01 20:40:00,112.0,38,62,38.8,0,0,0
2026-09-01 20:45:00,112.8,7,59,41.9,0,0,0
2026-09-01 20:50:00,111.5,6,61,40.3,0,0,0
2026-09-01 20:55:00,109.6,20,64,39.1,0,0,0
2026-09-01 21:00:00,109.5,27,65,39.8,0,0,0
2026-09-01 21:05:00,112.8,17,61,37.9,0,0,0
2026-09-01 21:10:00,111.7,30,64,44.5,0,0,0
2026-09-01 21:15:00,111.1,20,67,41.6,0,0,0
2026-09-01 21:20:00,108.2,34,60,43.5,0,0,0
2026-09-01 21:25:00,106.9,12,60,38.1,0,0,0
2026-09-01 21:30:00,110.9,43,62,42.8,0,0,0
2026-09-01 21:35:00,108.8,22,61,45.8,0,0,0
2026-09-01 21:40:00,110.1,15,59,43.0,0,0,0
2026-09-01 21:45:00,112.5,13,69,43.8,0,51,55
2026-09-01 21:50:00,115.2,21,66,41.7,0,0,0
2026-09-01 21:55:00,118.7,37,66,39.8,0,0,0
2026-09-01 22:00:00,121.8,20,64,38.6,0,0,0
2026-09-01 22:05:00,123.6,29,64,43.5,0,0,0
2026-09-01 22:10:00,126.5,14,63,41.0,0,0,0
2026-09-01 22:15:00,130.4,24,65,38.1,0,0,0
2026-09-01 22:20:00,129.8,16,60,43.6,0,0,0
2026-09-01 22:25:00,131.4,31,65,40.1,0,0,0
2026-09-01 22:30:00,135.1,21,60,42.0,0,0,0
2026-09-01 22:35:00,138.2,25,62,39.4,0,0,0
2026-09-01 22:40:00,139.7,15,62,37.2,0,0,0
2026-09-01 22:45:00,137.2,13,63,41.2,0,0,0
2026-09-01 22:50:00,136.5,12,61,40.0,0,0,0
2026-09-01 22:55:00,132.5,33,62,41.0,0,0,0
2026-09-01 23:00:00,131.7,41,66,42.4,0,0,0
2026-09-01 23:05:00,130.0,34,64,43.4,0,0,0
2026-09-01 23:10:00,126.9,0,52,65.2,1,0,0
2026-09-01 23:15:00,127.6,1,50,66.4,1,0,0
2026-09-01 23:20:00,127.4,1,56,66.9,1,0,0
2026-09-01 23:25:00,127.1,0,51,64.1,1,0,0
2026-09-01 23:30:00,123.0,0,55,68.1,1,0,0
2026-09-01 23:35:00,123.2,0,51,65.2,1,0,0
2026-09-01 23:40:00,123.4,0,52,66.5,1,0,0
2026-09-01 23:45:00,123.2,0,52,66.8,1,0,0
2026-09-01 23:50:00,122.9,0,53,69.7,1,0,0
2026-09-01 23:55:00,123.9,0,52,64.0,1,0,0
2026-09-02 00:00:00,123.3,0,52,67.0,1,0,0
2026-09-02 00:05:00,124.8,0,51,65.0,1,0,0
2026-09-02 00:10:00,123.5,0,57,68.9,1,0,0
2026-09-02 00:15:00,121.9,0,52,68.8,1,0,0
2026-09-02 00:20:00,119.0,0,52,68.4,1,0,0
2026-09-02 00:25:00,123.7,0,54,65.5,1,0,0
2026-09-02 00:30:00,121.7,0,54,67.6,1,0,0
2026-09-02 00:35:00,117.4,0,55,70.8,1,0,0
2026-09-02 00:40:00,117.5,1,54,67.6,1,0,0
2026-09-02 00:45:00,115.9,0,52,68.2,1,0,0
2026-09-02 00:50:00,114.1,2,56,70.3,1,0,0
2026-09-02 00:55:00,111.7,0,54,68.0,1,0,0
2026-09-02 01:00:00,113.3,0,52,68.4,1,0,0
2026-09-02 01:05:00,113.2,0,55,69.7,1,0,0
2026-09-02 01:10:00,111.1,0,50,68.5,1,0,0
2026-09-02 01:15:00,111.1,1,51,67.7,1,0,0
2026-09-02 01:20:00,114.7,0,53,64.6,1,0,0
2026-09-02 01:25:00,116.9,0,56,65.2,1,0,0
2026-09-02 01:30:00,118.0,0,54,65.0,1,0,0
2026-09-02 01:35:00,116.8,2,51,71.2,1,0,0
2026-09-02 01:40:00,117.1,1,52,69.2,1,0,0
2026-09-02 01:45:00,117.5,1,53,70.6,1,0,0
2026-09-02 01:50:00,116.4,1,55,70.8,1,0,0
2026-09-02 01:55:00,112.1,0,51,64.7,1,0,0
2026-09-02 02:00:00,113.7,0,55,66.4,1,0,0
2026-09-02 02:05:00,109.4,1,54,68.5,1,0,0
2026-09-02 02:10:00,111.6,1,52,69.4,1,0,0
2026-09-02 02:15:00,112.3,0,56,67.1,1,0,0
2026-09-02 02:20:00,110.6,1,52,68.5,1,0,0
2026-09-02 02:25:00,111.7,0,55,69.7,1,0,0
2026-09-02 02:30:00,110.2,0,52,68.1,1,0,0
2026-09-02 02:35:00,107.5,1,56,65.9,1,0,0
2026-09-02 02:40:00,103.6,0,54,63.0,1,0,0
2026-09-02 02:45:00,102.9,0,54,67.6,1,0,0
2026-09-02 02:50:00,103.5,0,53,67.6,1,0,0
2026-09-02 02:55:00,104.9,0,54,67.3,1,0,0
2026-09-02 03:00:00,105.2,0,56,68.4,1,0,0
2026-09-02 03:05:00,103.1,0,54,68.4,1,0,0
2026-09-02 03:10:00,100.4,0,52,66.0,1,0,0
2026-09-02 03:15:00,100.7,0,56,67.8,1,0,0
2026-09-02 03:20:00,98.4,1,57,68.3,1,0,0
2026-09-02 03:25:00,96.6,0,51,68.5,1,0,0
2026-09-02 03:30:00,102.2,0,50,66.2,1,0,0
2026-09-02 03:35:00,100.8,1,53,65.3,1,0,0
2026-09-02 03:40:00,101.0,0,52,67.9,1,0,0
2026-09-02 03:45:00,102.9,0,54,63.0,1,0,0
2026-09-02 03:50:00,105.7,1,53,70.0,1,0,0
2026-09-02 03:55:00,108.8,0,55,66.5,1,0,0
2026-09-02 04:00:00,114.4,1,55,65.3,1,0,0
2026-09-02 04:05:00,111.5,1,52,64.1,1,0,0
2026-09-02 04:10:00,114.5,1,53,67.6,1,0,0
2026-09-02 04:15:00,115.6,0,55,69.6,1,0,0
2026-09-02 04:20:00,116.7,1,53,68.7,1,0,0
2026-09-02 04:25:00,118.5,0,56,66.0,1,0,0
2026-09-02 04:30:00,115.0,0,52,66.7,1,0,0
2026-09-02 04:35:00,114.5,1,56,66.5,1,0,0
2026-09-02 04:40:00,114.7,0,53,69.2,1,0,0
2026-09-02 04:45:00,115.6,0,52,67.0,1,0,0
2026-09-02 04:50:00,116.2,0,53,67.9,1,0,0
2026-09-02 04:55:00,114.3,2,54,65.6,1,0,0
2026-09-02 05:00:00,115.9,1,53,67.5,1,0,0
2026-09-02 05:05:00,115.8,0,50,69.0,1,0,0
2026-09-02 05:10:00,114.4,0,56,67.8,1,0,0
2026-09-02 05:15:00,115.7,0,54,63.0,1,0,0
2026-09-02 05:20:00,111.7,0,57,64.8,1,0,0
2026-09-02 05:25:00,110.8,1,52,66.8,1,0,0
2026-09-02 05:30:00,113.1,1,54,70.1,1,0,0
2026-09-02 05:35:00,115.0,0,49,66.2,1,0,0
2026-09-02 05:40:00,116.2,0,48,66.4,1,0,0
2026-09-02 05:45:00,115.8,1,52,69.0,1,0,0
2026-09-02 05:50:00,116.3,0,52,67.2,1,0,0
2026-09-02 05:55:00,117.3,0,53,68.6,1,0,0
2026-09-02 06:00:00,118.9,1,53,66.5,1,0,0
2026-09-02 06:05:00,117.8,1,49,68.8,1,0,0
2026-09-02 06:10:00,117.1,0,52,67.6,1,0,0
2026-09-02 06:15:00,115.6,0,52,67.3,1,0,0
2026-09-02 06:20:00,116.1,0,51,68.6,1,0,0
2026-09-02 06:25:00,114.7,15,57,41.6,0,0,0
2026-09-02 06:30:00,114.1,21,60,37.8,0,0,0
2026-09-02 06:35:00,113.1,13,59,39.8,0,0,0
2026-09-02 06:40:00,114.0,54,61,40.0,0,0,0
2026-09-02 06:45:00,114.5,11,63,42.2,0,0,0
2026-09-02 06:50:00,113.1,16,67,37.3,0,0,0
2026-09-02 06:55:00,114.9,10,63,39.6,0,0,0
2026-09-02 07:00:00,115.9,25,62,41.7,0,0,0
2026-09-02 07:05:00,116.8,20,62,42.9,0,0,0
2026-09-02 07:10:00,117.2,26,61,42.0,0,0,0
2026-09-02 07:15:00,117.2,26,61,39.1,0,0,0
2026-09-02 07:20:00,117.9,13,60,42.7,0,0,0
2026-09-02 07:25:00,119.5,13,62,40.8,0,0,0
2026-09-02 07:30:00,118.3,25,62,44.0,0,0,0
2026-09-02 07:35:00,117.0,20,61,43.8,0,0,0
2026-09-02 07:40:00,114.5,26,59,40.4,0,0,0
2026-09-02 07:45:00,112.8,16,63,39.2,0,0,0
2026-09-02 07:50:00,109.5,20,65,40.1,0,0,0
2026-09-02 07:55:00,108.8,24,63,39.8,0,0,0
2026-09-02 08:00:00,106.6,25,61,36.8,0,0,0
2026-09-02 08:05:00,102.3,51,65,41.2,0,34,50
2026-09-02 08:10:00,107.1,38,67,40.3,0,0,0
2026-09-02 08:15:00,112.6,43,68,38.6,0,0,0
2026-09-02 08:20:00,115.1,17,63,42.2,0,0,0
2026-09-02 08:25:00,113.7,19,65,38.1,0,0,0
2026-09-02 08:30:00,116.1,12,68,41.7,0,0,0
2026-09-02 08:35:00,116.3,16,60,43.3,0,0,0
2026-09-02 08:40:00,120.2,17,62,36.2,0,0,0
2026-09-02 08:45:00,121.1,25,62,42.0,0,0,0
2026-09-02 08:50:00,121.4,10,61,42.5,0,0,0
2026-09-02 08:55:00,122.5,30,62,40.9,0,0,0
2026-09-02 09:00:00,121.3,20,61,41.4,0,0,0
2026-09-02 09:05:00,122.8,30,63,38.7,0,0,0
2026-09-02 09:10:00,122.8,21,62,44.5,0,0,0
2026-09-02 09:15:00,120.6,13,66,39.6,0,0,0
2026-09-02 09:20:00,121.4,7,62,40.3,0,0,0
2026-09-02 09:25:00,123.9,16,63,42.5,0,0,0
2026-09-02 09:30:00,121.1,29,64,43.2,0,0,0
2026-09-02 09:35:00,121.0,17,60,43.0,0,0,0
2026-09-02 09:40:00,116.1,24,61,41.8,0,0,0
2026-09-02 09:45:00,114.3,14,64,42.2,0,0,0
2026-09-02 09:50:00,115.9,16,62,43.1,0,0,0
2026-09-02 09:55:00,115.0,16,62,39.4,0,0,0
2026-09-02 10:00:00,118.4,12,61,41.0,0,0,0
2026-09-02 10:05:00,119.4,27,62,42.3,0,0,0
2026-09-02 10:10:00,117.9,23,58,44.6,0,0,0
2026-09-02 10:15:00,116.4,30,62,40.6,0,0,0
2026-09-02 10:20:00,116.2,18,64,40.5,0,0,0
2026-09-02 10:25:00,114.6,37,59,41.3,0,0,0
2026-09-02 10:30:00,110.2,12,61,43.0,0,0,0
2026-09-02 10:35:00,111.6,28,63,43.3,0,0,0
2026-09-02 10:40:00,110.8,44,61,40.6,0,0,0
2026-09-02 10:45:00,112.0,51,64,41.1,0,0,0
2026-09-02 10:50:00,113.3,19,61,38.1,0,0,0
2026-09-02 10:55:00,112.0,37,63,40.5,0,0,0
2026-09-02 11:00:00,109.8,6,62,40.3,0,0,0
2026-09-02 11:05:00,108.2,10,63,42.6,0,0,0
2026-09-02 11:10:00,109.8,34,65,42.5,0,0,0
2026-09-02 11:15:00,109.3,33,62,40.6,0,0,0
2026-09-02 11:20:00,108.7,34,61,36.7,0,0,0
2026-09-02 11:25:00,108.2,14,61,44.4,0,0,0
2026-09-02 11:30:00,111.6,25,67,39.1,0,0,0
2026-09-02 11:35:00,113.5,24,61,40.7,0,0,0
2026-09-02 11:40:00,113.7,25,61,42.0,0,0,0
2026-09-02 11:45:00,117.4,30,60,42.4,0,0,0
2026-09-02 11:50:00,111.0,22,62,41.7,0,0,0
2026-09-02 11:55:00,110.4,27,64,39.7,0,0,0
2026-09-02 12:00:00,111.6,30,63,37.7,0,0,0
2026-09-02 12:05:00,110.5,17,62,42.3,0,0,0
2026-09-02 12:10:00,111.7,15,65,41.1,0,0,0
2026-09-02 12:15:00,113.3,21,60,42.3,0,0,0
2026-09-02 12:20:00,111.7,16,63,41.8,0,0,0
2026-09-02 12:25:00,109.8,33,62,42.4,0,0,0
2026-09-02 12:30:00,110.0,22,61,39.9,0,0,0
2026-09-02 12:35:00,109.8,19,60,38.6,0,0,0
2026-09-02 12:40:00,107.0,17,62,42.5,0,0,0
2026-09-02 12:45:00,109.6,29,61,44.6,0,0,0
2026-09-02 12:50:00,110.2,22,63,37.6,0,0,0
2026-09-02 12:55:00,111.0,13,60,42.6,0,0,0
2026-09-02 13:00:00,110.2,10,59,44.5,0,0,0
2026-09-02 13:05:00,111.0,48,60,43.4,0,0,0
2026-09-02 13:10:00,111.1,42,62,40.6,0,0,0
2026-09-02 13:15:00,111.1,35,64,39.1,0,0,0
2026-09-02 13:20:00,110.6,17,64,45.0,0,0,0
2026-09-02 13:25:00,111.1,16,62,43.1,0,0,0
2026-09-02 13:30:00,107.5,11,61,42.6,0,0,0
2026-09-02 13:35:00,108.0,26,66,41.4,0,64,55
2026-09-02 13:40:00,113.9,30,64,42.9,0,0,0
2026-09-02 13:45:00,123.9,29,62,42.3,0,0,0
2026-09-02 13:50:00,127.9,39,70,39.6,0,0,0
2026-09-02 13:55:00,128.1,29,68,41.6,0,0,0
2026-09-02 14:00:00,127.5,28,67,41.1,0,0,0
2026-09-02 14:05:00,129.6,23,63,41.8,0,0,0
2026-09-02 14:10:00,135.5,21,63,45.8,0,0,0
2026-09-02 14:15:00,141.6,28,61,38.2,0,0,0
2026-09-02 14:20:00,140.4,36,65,40.6,0,0,0
2026-09-02 14:25:00,142.1,23,61,42.3,0,0,0
2026-09-02 14:30:00,142.1,10,58,42.4,0,0,0
2026-09-02 14:35:00,140.5,41,66,39.9,0,0,0
2026-09-02 14:40:00,139.4,22,61,37.7,0,0,0
2026-09-02 14:45:00,137.2,24,60,41.8,0,0,0
2026-09-02 14:50:00,137.9,32,61,43.4,0,0,0
2026-09-02 14:55:00,138.2,28,67,42.0,0,0,0
2026-09-02 15:00:00,133.6,23,64,44.1,0,0,0
2026-09-02 15:05:00,132.3,26,62,40.9,0,0,0
2026-09-02 15:10:00,134.0,37,63,40.8,0,0,0
2026-09-02 15:15:00,129.3,14,59,42.4,0,0,0
2026-09-02 15:20:00,126.1,18,57,42.2,0,0,0
2026-09-02 15:25:00,122.7,14,63,40.3,0,0,0
2026-09-02 15:30:00,121.1,18,64,43.2,0,0,0
2026-09-02 15:35:00,116.2,23,61,44.3,0,0,0
2026-09-02 15:40:00,115.8,13,62,42.4,0,0,0
2026-09-02 15:45:00,113.1,26,61,37.9,0,0,0
2026-09-02 15:50:00,115.2,17,60,41.4,0,0,0
2026-09-02 15:55:00,111.7,35,61,41.8,0,0,0
2026-09-02 16:00:00,112.6,15,61,41.7,0,0,0
2026-09-02 16:05:00,108.1,13,62,41.0,0,0,0
2026-09-02 16:10:00,108.5,18,64,44.6,0,0,0
2026-09-02 16:15:00,104.3,410,86,42.4,0,0,0
2026-09-02 16:20:00,105.1,433,88,44.3,0,0,0
2026-09-02 16:25:00,101.1,433,87,38.7,0,0,0
2026-09-02 16:30:00,106.1,417,87,42.0,0,0,0
2026-09-02 16:35:00,109.3,20,64,42.1,0,26,60
2026-09-02 16:40:00,109.2,16,71,40.5,0,0,0
2026-09-02 16:45:00,112.2,15,65,39.6,0,0,0
2026-09-02 16:50:00,118.0,58,68,39.9,0,0,0
2026-09-02 16:55:00,123.7,29,65,42.6,0,0,0
2026-09-02 17:00:00,124.9,30,68,40.9,0,0,0
2026-09-02 17:05:00,123.1,13,67,44.2,0,0,0
2026-09-02 17:10:00,120.7,16,63,43.2,0,0,0
2026-09-02 17:15:00,122.0,34,62,40.5,0,0,0
2026-09-02 17:20:00,125.1,26,63,41.3,0,0,0
2026-09-02 17:25:00,123.7,18,62,43.5,0,0,0
2026-09-02 17:30:00,123.3,27,61,39.5,0,0,0
2026-09-02 17:35:00,123.8,28,63,40.5,0,0,0
2026-09-02 17:40:00,123.1,17,63,41.1,0,0,0
2026-09-02 17:45:00,127.2,11,64,40.6,0,0,0
2026-09-02 17:50:00,124.1,15,61,40.1,0,0,0
2026-09-02 17:55:00,120.8,22,58,40.6,0,0,0
2026-09-02 18:00:00,119.3,39,64,41.5,0,0,0
2026-09-02 18:05:00,115.4,30,60,43.5,0,0,0
2026-09-02 18:10:00,116.0,18,58,40.6,0,0,0
2026-09-02 18:15:00,113.8,11,61,38.6,0,0,0
2026-09-02 18:20:00,109.4,20,61,42.8,0,0,0
2026-09-02 18:25:00,108.0,23,65,40.7,0,0,0
2026-09-02 18:30:00,104.5,12,64,42.6,0,0,0
2026-09-02 18:35:00,105.4,21,61,40.1,0,0,0
2026-09-02 18:40:00,104.7,36,64,42.4,0,0,0
2026-09-02 18:45:00,104.9,30,62,40.0,0,0,0
2026-09-02 18:50:00,102.6,12,64,41.9,0,0,0
2026-09-02 18:55:00,107.5,37,63,42.2,0,0,0
2026-09-02 19:00:00,108.0,13,66,36.7,0,0,0
2026-09-02 19:05:00,109.6,10,62,40.3,0,0,0
2026-09-02 19:10:00,111.2,11,61,37.2,0,0,0
2026-09-02 19:15:00,110.1,16,60,40.9,0,0,0
2026-09-02 19:20:00,109.1,18,64,40.7,0,0,0
2026-09-02 19:25:00,108.1,21,63,43.0,0,0,0
2026-09-02 19:30:00,107.6,23,59,42.3,0,0,0
2026-09-02 19:35:00,108.1,19,60,42.1,0,0,0
2026-09-02 19:40:00,108.4,14,63,47.2,0,0,0
2026-09-02 19:45:00,107.4,12,60,39.1,0,0,0
2026-09-02 19:50:00,106.3,17,64,41.8,0,0,0
2026-09-02 19:55:00,104.7,32,64,43.2,0,0,0
2026-09-02 20:00:00,104.8,13,61,44.9,0,0,0
2026-09-02 20:05:00,108.0,16,63,43.0,0,0,0
2026-09-02 20:10:00,108.3,33,61,38.5,0,0,0
2026-09-02 20:15:00,108.5,454,86,42.3,0,0,0
2026-09-02 20:20:00,109.6,449,89,40.4,0,0,0
2026-09-02 20:25:00,112.7,19,63,38.1,0,0,0
2026-09-02 20:30:00,110.6,444,85,38.1,0,0,0
2026-09-02 20:35:00,114.1,445,88,42.3,0,0,0
2026-09-02 20:40:00,111.8,422,84,38.5,0,0,0
2026-09-02 20:45:00,111.8,441,87,39.2,0,0,0
2026-09-02 20:50:00,111.4,19,61,44.1,0,0,0
2026-09-02 20:55:00,109.7,24,60,39.6,0,0,0
2026-09-02 21:00:00,112.9,22,63,37.6,0,58,55
2026-09-02 21:05:00,121.3,22,65,44.2,0,0,0
2026-09-02 21:10:00,121.6,13,67,42.5,0,0,0
2026-09-02 21:15:00,129.0,15,66,41.5,0,0,0
2026-09-02 21:20:00,135.3,10,66,40.5,0,0,0
2026-09-02 21:25:00,137.1,25,65,38.9,0,0,0
2026-09-02 21:30:00,139.4,13,61,39.3,0,0,0
2026-09-02 21:35:00,138.4,20,63,39.2,0,0,0
2026-09-02 21:40:00,137.1,16,64,39.6,0,0,0
2026-09-02 21:45:00,135.6,29,64,44.1,0,0,0
2026-09-02 21:50:00,134.0,28,63,40.3,0,0,0
2026-09-02 21:55:00,132.6,37,61,41.4,0,0,0
2026-09-02 22:00:00,132.2,19,60,38.6,0,0,0
2026-09-02 22:05:00,132.0,16,65,43.0,0,0,0
2026-09-02 22:10:00,130.9,10,65,39.2,0,0,0
2026-09-02 22:15:00,128.5,23,62,42.0,0,0,0
2026-09-02 22:20:00,133.2,33,65,38.0,0,0,0
2026-09-02 22:25:00,134.5,27,64,43.9,0,0,0
2026-09-02 22:30:00,132.6,35,64,41.0,0,0,0
2026-09-02 22:35:00,129.0,20,63,43.0,0,0,0
2026-09-02 22:40:00,130.4,23,64,39.1,0,0,0
2026-09-02 22:45:00,128.9,37,67,40.7,0,0,0
2026-09-02 22:50:00,125.1,20,60,40.8,0,0,0
2026-09-02 22:55:00,125.0,13,61,40.0,0,0,0
2026-09-02 23:00:00,125.0,30,60,41.4,0,0,0
2026-09-02 23:05:00,122.6,27,61,43.0,0,0,0
2026-09-02 23:10:00,119.1,4,61,39.3,0,0,0
2026-09-02 23:15:00,118.5,40,65,42.0,0,0,0
2026-09-02 23:20:00,116.4,1,55,66.4,1,0,0
2026-09-02 23:25:00,120.2,0,54,68.9,1,0,0
2026-09-02 23:30:00,120.7,1,52,66.2,1,0,0
2026-09-02 23:35:00,118.3,1,48,71.6,1,0,0
2026-09-02 23:40:00,118.7,1,50,70.8,1,0,0
2026-09-02 23:45:00,119.0,1,57,66.0,1,0,0
2026-09-02 23:50:00,114.2,0,52,66.5,1,0,0
2026-09-02 23:55:00,111.4,0,50,64.0,1,0,0
2026-09-03 00:00:00,112.7,0,54,71.0,1,0,0
2026-09-03 00:05:00,113.5,0,52,70.2,1,0,0
2026-09-03 00:10:00,113.8,0,49,65.8,1,0,0
2026-09-03 00:15:00,114.8,0,53,68.4,1,0,0
2026-09-03 00:20:00,115.2,0,56,69.1,1,0,0
2026-09-03 00:25:00,116.0,1,51,65.2,1,0,0
2026-09-03 00:30:00,116.9,0,56,67.7,1,0,0
2026-09-03 00:35:00,115.2,0,51,66.0,1,0,0
2026-09-03 00:40:00,116.4,0,52,65.0,1,0,0
2026-09-03 00:45:00,115.2,0,52,69.9,1,0,0
2026-09-03 00:50:00,115.9,0,55,66.0,1,0,0
2026-09-03 00:55:00,113.8,0,52,69.1,1,0,0
2026-09-03 01:00:00,113.2,0,54,68.0,1,0,0
2026-09-03 01:05:00,110.4,0,53,67.3,1,0,0
2026-09-03 01:10:00,108.3,0,52,66.6,1,0,0
2026-09-03 01:15:00,108.2,0,55,69.6,1,0,0
2026-09-03 01:20:00,107.0,0,56,68.0,1,0,0
2026-09-03 01:25:00,108.3,0,50,68.0,1,0,0
2026-09-03 01:30:00,109.3,0,53,65.2,1,0,0
2026-09-03 01:35:00,107.7,0,53,69.4,1,0,0
2026-09-03 01:40:00,107.6,1,52,68.4,1,0,0
2026-09-03 01:45:00,107.1,0,53,67.4,1,0,0
2026-09-03 01:50:00,104.8,0,54,70.2,1,0,0
2026-09-03 01:55:00,104.9,0,57,72.2,1,0,0
2026-09-03 02:00:00,108.6,0,55,69.1,1,0,0
2026-09-03 02:05:00,105.9,2,53,71.5,1,0,0
2026-09-03 02:10:00,103.5,0,54,67.6,1,0,0
2026-09-03 02:15:00,106.9,0,56,67.5,1,0,0
2026-09-03 02:20:00,109.2,0,54,69.9,1,0,0
2026-09-03 02:25:00,111.6,0,55,66.2,1,0,0
2026-09-03 02:30:00,113.4,0,54,67.4,1,0,0
2026-09-03 02:35:00,107.4,1,52,66.5,1,0,0
2026-09-03 02:40:00,108.4,0,55,67.7,1,0,0
2026-09-03 02:45:00,108.9,0,50,69.7,1,0,0
2026-09-03 02:50:00,110.2,0,50,65.3,1,0,0
2026-09-03 02:55:00,107.1,0,54,67.6,1,0,0
2026-09-03 03:00:00,109.4,2,55,65.6,1,0,0
2026-09-03 03:05:00,111.5,0,53,66.9,1,0,0
2026-09-03 03:10:00,112.9,0,51,66.8,1,0,0
2026-09-03 03:15:00,113.6,0,51,66.4,1,0,0
2026-09-03 03:20:00,113.1,0,50,66.3,1,0,0
2026-09-03 03:25:00,113.3,0,53,66.6,1,0,0
2026-09-03 03:30:00,111.1,0,51,64.5,1,0,0
2026-09-03 03:35:00,110.4,1,56,64.8,1,0,0
2026-09-03 03:40:00,110.0,1,52,65.3,1,0,0
2026-09-03 03:45:00,109.4,0,52,70.2,1,0,0
2026-09-03 03:50:00,109.0,0,57,64.4,1,0,0
2026-09-03 03:55:00,109.8,0,54,70.9,1,0,0
2026-09-03 04:00:00,111.2,0,54,70.8,1,0,0
2026-09-03 04:05:00,112.1,0,54,66.1,1,0,0
2026-09-03 04:10:00,113.6,0,55,74.1,1,0,0
2026-09-03 04:15:00,112.6,0,54,65.3,1,0,0
2026-09-03 04:20:00,112.2,1,53,66.9,1,0,0
2026-09-03 04:25:00,112.5,2,52,67.5,1,0,0
2026-09-03 04:30:00,112.8,1,53,68.8,1,0,0
2026-09-03 04:35:00,111.8,0,50,64.6,1,0,0
2026-09-03 04:40:00,113.8,0,48,66.6,1,0,0
2026-09-03 04:45:00,115.2,0,54,62.9,1,0,0
2026-09-03 04:50:00,120.0,0,54,69.6,1,0,0
2026-09-03 04:55:00,117.5,1,52,67.7,1,0,0
2026-09-03 05:00:00,116.2,0,51,69.4,1,0,0
2026-09-03 05:05:00,115.0,1,52,68.9,1,0,0
2026-09-03 05:10:00,113.0,0,51,66.7,1,0,0
2026-09-03 05:15:00,110.3,0,51,68.0,1,0,0
2026-09-03 05:20:00,110.9,1,54,65.1,1,0,0
2026-09-03 05:25:00,114.4,0,50,64.3,1,0,0
2026-09-03 05:30:00,112.5,0,54,65.0,1,0,0
2026-09-03 05:35:00,111.4,0,51,65.7,1,0,0
2026-09-03 05:40:00,111.5,0,54,67.2,1,0,0
2026-09-03 05:45:00,110.6,0,53,63.9,1,0,0
2026-09-03 05:50:00,112.9,0,53,66.7,1,0,0
2026-09-03 05:55:00,117.6,0,52,65.4,1,0,0
2026-09-03 06:00:00,115.6,0,54,65.9,1,0,0
2026-09-03 06:05:00,118.2,0,52,69.3,1,0,0
2026-09-03 06:10:00,117.4,0,53,64.7,1,0,0
2026-09-03 06:15:00,116.1,0,54,67.5,1,0,0
2026-09-03 06:20:00,117.3,17,65,42.9,0,0,0
2026-09-03 06:25:00,117.3,33,61,44.1,0,0,0
2026-09-03 06:30:00,118.9,28,60,45.2,0,0,0
2026-09-03 06:35:00,118.1,19,63,43.9,0,0,0
2026-09-03 06:40:00,119.0,22,60,41.0,0,0,0
2026-09-03 06:45:00,120.1,24,64,40.7,0,0,0
2026-09-03 06:50:00,118.5,14,66,42.4,0,0,0
2026-09-03 06:55:00,119.7,17,62,37.4,0,0,0
2026-09-03 07:00:00,118.7,15,65,40.7,0,0,0
2026-09-03 07:05:00,119.2,22,65,40.7,0,0,0
2026-09-03 07:10:00,121.5,13,62,36.8,0,0,0
2026-09-03 07:15:00,122.5,19,61,42.7,0,0,0
2026-09-03 07:20:00,120.1,6,62,40.6,0,0,0
2026-09-03 07:25:00,116.1,36,64,38.1,0,0,0
2026-09-03 07:30:00,115.5,28,63,44.3,0,0,0
2026-09-03 07:35:00,118.3,32,63,41.4,0,0,0
2026-09-03 07:40:00,118.2,30,65,42.8,0,40,70
2026-09-03 07:45:00,125.6,9,62,45.1,0,0,0
2026-09-03 07:50:00,128.3,27,65,40.5,0,0,0
2026-09-03 07:55:00,129.9,21,66,44.5,0,0,0
2026-09-03 08:00:00,130.8,12,64,40.7,0,0,0
2026-09-03 08:05:00,127.7,22,68,42.7,0,0,0
2026-09-03 08:10:00,128.2,16,62,42.5,0,0,0
2026-09-03 08:15:00,131.3,25,63,39.2,0,0,0
2026-09-03 08:20:00,131.0,26,57,40.3,0,0,0
2026-09-03 08:25:00,130.9,30,61,43.1,0,0,0
2026-09-03 08:30:00,131.0,28,62,42.8,0,0,0
2026-09-03 08:35:00,129.0,50,63,36.6,0,0,0
2026-09-03 08:40:00,125.9,16,65,42.8,0,0,0
2026-09-03 08:45:00,124.8,34,65,40.0,0,0,0
2026-09-03 08:50:00,123.8,63,67,41.5,0,0,0
2026-09-03 08:55:00,121.8,8,61,40.6,0,0,0
2026-09-03 09:00:00,122.7,7,64,42.1,0,0,0
2026-09-03 09:05:00,119.2,31,64,42.0,0,0,0
2026-09-03 09:10:00,118.6,52,62,43.8,0,0,0
2026-09-03 09:15:00,116.8,21,62,38.4,0,0,0
2026-09-03 09:20:00,116.0,17,64,42.3,0,0,0
2026-09-03 09:25:00,113.5,24,59,39.4,0,0,0
2026-09-03 09:30:00,113.2,16,60,38.3,0,0,0
2026-09-03 09:35:00,113.0,40,67,41.8,0,0,0
2026-09-03 09:40:00,110.3,31,63,42.6,0,0,0
2026-09-03 09:45:00,112.1,12,59,37.9,0,0,0
2026-09-03 09:50:00,113.7,15,62,42.6,0,0,0
2026-09-03 09:55:00,113.9,52,63,44.4,0,0,0
2026-09-03 10:00:00,114.4,13,61,40.0,0,0,0
2026-09-03 10:05:00,114.4,18,61,42.5,0,0,0
2026-09-03 10:10:00,113.1,22,62,39.2,0,0,0
2026-09-03 10:15:00,112.1,28,63,41.0,0,0,0
2026-09-03 10:20:00,109.2,78,62,43.0,0,0,0
2026-09-03 10:25:00,104.0,23,63,39.2,0,0,0
2026-09-03 10:30:00,104.1,19,60,40.7,0,0,0
2026-09-03 10:35:00,105.5,17,57,41.2,0,0,0
2026-09-03 10:40:00,105.4,19,63,41.8,0,0,0
2026-09-03 10:45:00,102.9,10,61,43.9,0,0,0
2026-09-03 10:50:00,104.0,15,62,41.1,0,0,0
2026-09-03 10:55:00,105.1,31,63,41.2,0,0,0
2026-09-03 11:00:00,105.0,34,61,41.1,0,0,0
2026-09-03 11:05:00,105.4,14,58,39.9,0,0,0
2026-09-03 11:10:00,108.7,38,61,41.5,0,0,0
2026-09-03 11:15:00,109.7,21,61,40.7,0,0,0
2026-09-03 11:20:00,106.6,36,60,43.3,0,0,0
2026-09-03 11:25:00,107.4,24,66,44.8,0,0,0
2026-09-03 11:30:00,109.0,18,63,40.2,0,0,0
2026-09-03 11:35:00,109.8,31,64,40.2,0,0,0
2026-09-03 11:40:00,112.2,21,62,41.5,0,0,0
2026-09-03 11:45:00,111.7,32,64,44.1,0,0,0
2026-09-03 11:50:00,113.9,28,65,40.3,0,0,0
2026-09-03 11:55:00,114.0,30,62,42.3,0,0,0
2026-09-03 12:00:00,113.0,38,61,42.7,0,0,0
2026-09-03 12:05:00,113.1,39,64,40.1,0,0,0
2026-09-03 12:10:00,113.8,41,64,36.3,0,0,0
2026-09-03 12:15:00,112.4,12,62,42.3,0,0,0
2026-09-03 12:20:00,112.8,30,59,43.0,0,0,0
2026-09-03 12:25:00,114.2,13,59,38.8,0,0,0
2026-09-03 12:30:00,112.8,20,64,41.7,0,0,0
2026-09-03 12:35:00,112.5,13,58,42.0,0,0,0
2026-09-03 12:40:00,112.7,34,64,41.7,0,0,0
2026-09-03 12:45:00,110.2,27,61,42.2,0,0,0
2026-09-03 12:50:00,108.6,21,65,42.1,0,0,0
2026-09-03 12:55:00,107.7,10,62,40.1,0,0,0
2026-09-03 13:00:00,109.6,32,65,40.0,0,0,0
2026-09-03 13:05:00,112.1,15,62,43.3,0,0,0
2026-09-03 13:10:00,106.9,24,66,45.1,0,63,55
2026-09-03 13:15:00,113.3,31,62,43.2,0,0,0
2026-09-03 13:20:00,116.6,35,64,42.1,0,0,0
2026-09-03 13:25:00,123.6,29,68,39.8,0,0,0
2026-09-03 13:30:00,123.0,12,66,43.3,0,0,0
2026-09-03 13:35:00,127.4,73,68,40.8,0,0,0
2026-09-03 13:40:00,125.6,8,57,40.9,0,0,0
2026-09-03 13:45:00,129.1,7,65,42.6,0,0,0
2026-09-03 13:50:00,132.6,40,65,43.5,0,0,0
2026-09-03 13:55:00,133.9,30,62,39.7,0,0,0
2026-09-03 14:00:00,136.4,24,61,39.3,0,0,0
2026-09-03 14:05:00,134.3,11,65,42.6,0,0,0
2026-09-03 14:10:00,133.5,16,61,38.9,0,0,0
2026-09-03 14:15:00,132.6,22,61,40.2,0,0,0
2026-09-03 14:20:00,133.6,26,62,40.3,0,0,0
2026-09-03 14:25:00,135.2,27,62,39.1,0,0,0
2026-09-03 14:30:00,133.6,31,62,43.8,0,0,0
2026-09-03 14:35:00,133.2,9,59,40.2,0,0,0
2026-09-03 14:40:00,129.0,34,65,42.9,0,0,0
2026-09-03 14:45:00,130.4,24,64,39.4,0,0,0
2026-09-03 14:50:00,128.1,21,64,41.8,0,0,0
2026-09-03 14:55:00,127.8,29,64,40.9,0,0,0
2026-09-03 15:00:00,127.9,13,57,41.3,0,0,0
2026-09-03 15:05:00,126.8,26,63,44.4,0,0,0
2026-09-03 15:10:00,124.3,10,61,43.0,0,0,0
2026-09-03 15:15:00,121.8,10,59,39.4,0,0,0
2026-09-03 15:20:00,119.6,23,63,42.2,0,0,0
2026-09-03 15:25:00,120.9,31,67,43.7,0,0,0
2026-09-03 15:30:00,123.6,35,63,38.4,0,0,0
2026-09-03 15:35:00,121.0,12,63,39.8,0,0,0
2026-09-03 15:40:00,117.9,43,65,43.8,0,0,0
2026-09-03 15:45:00,117.0,23,63,39.7,0,0,0
2026-09-03 15:50:00,114.2,20,60,39.5,0,0,0
2026-09-03 15:55:00,114.0,16,60,40.7,0,0,0
2026-09-03 16:00:00,113.2,15,63,41.4,0,0,0
2026-09-03 16:05:00,114.2,30,60,43.4,0,0,0
2026-09-03 16:10:00,113.7,37,62,40.8,0,0,0
2026-09-03 16:15:00,115.4,16,59,43.9,0,0,0
2026-09-03 16:20:00,115.9,12,62,36.1,0,0,0
2026-09-03 16:25:00,115.9,16,62,42.7,0,0,0
2026-09-03 16:30:00,113.0,12,59,42.6,0,0,0
2026-09-03 16:35:00,110.8,14,60,44.2,0,0,0
2026-09-03 16:40:00,109.2,26,62,38.5,0,0,0
2026-09-03 16:45:00,104.0,41,64,46.1,0,0,0
2026-09-03 16:50:00,108.0,16,58,41.8,0,0,0
2026-09-03 16:55:00,105.4,21,58,39.9,0,0,0
2026-09-03 17:00:00,105.5,12,60,41.0,0,0,0
2026-09-03 17:05:00,106.9,21,60,39.5,0,0,0
2026-09-03 17:10:00,109.4,28,65,39.4,0,0,0
2026-09-03 17:15:00,110.9,36,61,42.5,0,0,0
2026-09-03 17:20:00,109.2,18,60,41.3,0,48,80
2026-09-03 17:25:00,113.2,412,88,42.6,0,0,0
2026-09-03 17:30:00,123.6,406,90,41.1,0,0,0
2026-09-03 17:35:00,128.0,403,88,40.6,0,0,0
2026-09-03 17:40:00,132.3,21,61,42.6,0,0,0
2026-09-03 17:45:00,133.4,13,65,39.7,0,0,0
2026-09-03 17:50:00,138.3,33,67,42.2,0,0,0
2026-09-03 17:55:00,139.0,19,62,41.2,0,0,0
2026-09-03 18:00:00,137.2,13,62,41.0,0,0,0
2026-09-03 18:05:00,137.0,19,62,39.6,0,0,0
2026-09-03 18:10:00,135.3,14,63,40.6,0,0,0
2026-09-03 18:15:00,136.3,22,63,46.4,0,0,0
2026-09-03 18:20:00,136.6,10,63,42.5,0,0,0
2026-09-03 18:25:00,136.2,31,60,42.5,0,0,0
2026-09-03 18:30:00,134.6,39,60,42.6,0,0,0
2026-09-03 18:35:00,130.9,12,60,42.7,0,0,0
2026-09-03 18:40:00,130.6,23,66,41.0,0,0,0
2026-09-03 18:45:00,127.0,5,61,42.0,0,0,0
2026-09-03 18:50:00,125.0,19,63,39.4,0,0,0
2026-09-03 18:55:00,126.1,59,62,44.1,0,0,0
2026-09-03 19:00:00,125.9,25,65,42.8,0,0,0
2026-09-03 19:05:00,125.0,23,61,41.2,0,0,0
2026-09-03 19:10:00,116.3,32,64,37.2,0,0,0
2026-09-03 19:15:00,113.0,20,64,43.3,0,0,0
2026-09-03 19:20:00,110.5,36,64,43.0,0,0,0
2026-09-03 19:25:00,110.3,25,62,45.5,0,0,0
2026-09-03 19:30:00,111.8,29,62,44.7,0,0,0
2026-09-03 19:35:00,115.2,40,62,42.4,0,0,0
2026-09-03 19:40:00,115.5,32,64,40.5,0,0,0
2026-09-03 19:45:00,113.4,14,57,39.2,0,0,0
2026-09-03 19:50:00,109.9,18,63,41.8,0,0,0
2026-09-03 19:55:00,109.0,13,62,39.3,0,0,0
2026-09-03 20:00:00,108.3,14,60,41.3,0,0,0
2026-09-03 20:05:00,107.6,20,57,42.2,0,0,0
2026-09-03 20:10:00,106.7,20,62,41.4,0,0,0
2026-09-03 20:15:00,105.8,52,64,41.6,0,0,0
2026-09-03 20:20:00,111.3,16,63,37.4,0,0,0
2026-09-03 20:25:00,112.0,27,60,45.4,0,0,0
2026-09-03 20:30:00,113.2,11,62,41.4,0,0,0
2026-09-03 20:35:00,114.3,21,64,41.2,0,0,0
2026-09-03 20:40:00,114.4,8,60,41.2,0,0,0
2026-09-03 20:45:00,113.0,26,63,39.9,0,0,0
2026-09-03 20:50:00,115.1,15,63,41.3,0,0,0
2026-09-03 20:55:00,114.4,8,63,43.6,0,0,0
2026-09-03 21:00:00,116.0,32,66,40.8,0,59,50
2026-09-03 21:05:00,121.7,26,65,41.7,0,0,0
2026-09-03 21:10:00,126.6,13,67,38.1,0,0,0
2026-09-03 21:15:00,125.9,14,62,39.4,0,0,0
2026-09-03 21:20:00,128.0,12,68,40.6,0,0,0
2026-09-03 21:25:00,131.7,16,65,44.0,0,0,0
2026-09-03 21:30:00,133.6,18,62,39.9,0,0,0
2026-09-03 21:35:00,134.4,12,63,41.0,0,0,0
2026-09-03 21:40:00,136.0,30,63,41.4,0,0,0
2026-09-03 21:45:00,137.8,12,60,39.8,0,0,0
2026-09-03 21:50:00,137.6,20,62,43.2,0,0,0
2026-09-03 21:55:00,137.7,25,63,41.2,0,0,0
2026-09-03 22:00:00,135.1,18,62,44.3,0,0,0
2026-09-03 22:05:00,130.1,33,65,41.4,0,0,0
2026-09-03 22:10:00,130.9,15,62,42.6,0,0,0
2026-09-03 22:15:00,133.5,61,62,40.8,0,0,0
2026-09-03 22:20:00,132.1,31,63,44.2,0,0,0
2026-09-03 22:25:00,131.3,23,57,39.0,0,0,0
2026-09-03 22:30:00,132.5,27,63,41.3,0,0,0
2026-09-03 22:35:00,136.1,26,60,43.4,0,0,0
2026-09-03 22:40:00,134.9,19,66,45.0,0,0,0
2026-09-03 22:45:00,131.1,45,64,42.6,0,0,0
2026-09-03 22:50:00,128.8,15,63,42.6,0,0,0
2026-09-03 22:55:00,128.5,25,60,36.4,0,0,0
2026-09-03 23:00:00,128.7,10,61,41.2,0,0,0
2026-09-03 23:05:00,125.1,16,62,41.8,0,0,0
2026-09-03 23:10:00,120.4,25,61,41.2,0,0,0
2026-09-03 23:15:00,122.3,16,59,39.8,0,0,0
2026-09-03 23:20:00,118.9,14,61,40.9,0,0,0
2026-09-03 23:25:00,115.5,17,62,43.4,0,0,0
2026-09-03 23:30:00,116.9,19,60,39.9,0,0,0
2026-09-03 23:35:00,114.7,8,62,39.9,0,0,0
2026-09-03 23:40:00,114.1,22,64,39.5,0,0,0
2026-09-03 23:45:00,115.7,28,61,41.1,0,0,0
2026-09-03 23:50:00,116.0,27,65,41.3,0,0,0
2026-09-03 23:55:00,115.9,33,62,41.6,0,0,0
2026-09-04 00:00:00,116.4,28,63,38.0,0,0,0
2026-09-04 00:05:00,115.8,14,63,43.5,0,0,0
2026-09-04 00:10:00,113.0,29,62,42.6,0,0,0
2026-09-04 00:15:00,114.6,15,59,41.2,0,0,0
2026-09-04 00:20:00,112.0,50,62,43.5,0,0,0
2026-09-04 00:25:00,109.1,0,49,64.8,1,0,0
2026-09-04 00:30:00,109.9,0,52,68.1,1,0,0
2026-09-04 00:35:00,106.1,0,52,67.4,1,0,0
2026-09-04 00:40:00,103.6,0,56,65.1,1,0,0
2026-09-04 00:45:00,104.7,0,52,69.1,1,0,0
2026-09-04 00:50:00,105.3,0,50,68.5,1,0,0
2026-09-04 00:55:00,107.5,1,50,63.0,1,0,0
2026-09-04 01:00:00,109.1,0,54,67.2,1,0,0
2026-09-04 01:05:00,111.0,0,51,69.6,1,0,0
2026-09-04 01:10:00,109.1,0,55,71.0,1,0,0
2026-09-04 01:15:00,109.8,1,53,66.5,1,0,0
2026-09-04 01:20:00,109.7,0,56,69.2,1,0,0
2026-09-04 01:25:00,105.8,0,52,69.1,1,0,0
2026-09-04 01:30:00,107.0,0,53,63.8,1,0,0
2026-09-04 01:35:00,103.6,1,55,69.6,1,0,0
2026-09-04 01:40:00,102.5,0,54,66.6,1,0,0
2026-09-04 01:45:00,102.6,1,54,66.3,1,0,0
2026-09-04 01:50:00,97.6,1,53,70.4,1,0,0
2026-09-04 01:55:00,95.5,1,50,69.9,1,0,0
2026-09-04 02:00:00,97.2,0,53,64.4,1,0,0
2026-09-04 02:05:00,98.4,0,53,65.3,1,0,0
2026-09-04 02:10:00,97.2,0,53,69.8,1,0,0
2026-09-04 02:15:00,98.4,0,55,66.1,1,0,0
2026-09-04 02:20:00,99.6,0,55,68.0,1,0,0
2026-09-04 02:25:00,103.5,0,54,67.5,1,0,0
2026-09-04 02:30:00,106.1,0,55,67.9,1,0,0
2026-09-04 02:35:00,107.2,3,57,66.4,1,0,0
2026-09-04 02:40:00,106.2,0,50,66.5,1,0,0
2026-09-04 02:45:00,109.7,0,55,66.7,1,0,0
2026-09-04 02:50:00,111.6,0,54,67.1,1,0,0
2026-09-04 02:55:00,108.6,0,52,68.0,1,0,0
2026-09-04 03:00:00,106.2,0,54,66.2,1,0,0
2026-09-04 03:05:00,103.6,0,53,63.7,1,0,0
2026-09-04 03:10:00,101.4,0,51,64.3,1,0,0
2026-09-04 03:15:00,103.9,0,54,70.3,1,0,0
2026-09-04 03:20:00,100.1,0,53,69.3,1,0,0
2026-09-04 03:25:00,102.3,0,56,66.8,1,0,0
2026-09-04 03:30:00,104.4,0,50,68.7,1,0,0
2026-09-04 03:35:00,101.6,0,56,70.9,1,0,0
2026-09-04 03:40:00,104.9,0,54,69.4,1,0,0
2026-09-04 03:45:00,109.5,0,52,66.1,1,0,0
2026-09-04 03:50:00,108.8,0,56,65.4,1,0,0
2026-09-04 03:55:00,107.8,0,54,66.2,1,0,0
2026-09-04 04:00:00,107.6,0,54,67.6,1,0,0
2026-09-04 04:05:00,107.8,0,57,65.7,1,0,0
2026-09-04 04:10:00,107.7,0,51,64.7,1,0,0
2026-09-04 04:15:00,106.6,0,52,66.5,1,0,0
2026-09-04 04:20:00,109.1,0,53,67.1,1,0,0
2026-09-04 04:25:00,108.5,1,50,61.2,1,0,0
2026-09-04 04:30:00,106.6,0,53,64.8,1,0,0
2026-09-04 04:35:00,106.2,0,56,67.1,1,0,0
2026-09-04 04:40:00,105.5,1,54,67.8,1,0,0
2026-09-04 04:45:00,106.6,0,52,63.2,1,0,0
2026-09-04 04:50:00,109.1,1,53,66.9,1,0,0
2026-09-04 04:55:00,112.6,0,55,66.7,1,0,0
2026-09-04 05:00:00,111.4,0,54,69.2,1,0,0
2026-09-04 05:05:00,110.2,0,54,67.4,1,0,0
2026-09-04 05:10:00,112.3,0,55,67.7,1,0,0
2026-09-04 05:15:00,114.5,0,55,65.9,1,0,0
2026-09-04 05:20:00,117.2,2,54,64.9,1,0,0
2026-09-04 05:25:00,120.5,0,58,64.3,1,0,0
2026-09-04 05:30:00,120.1,2,49,67.7,1,0,0
2026-09-04 05:35:00,119.5,0,51,66.1,1,0,0
2026-09-04 05:40:00,118.1,0,50,66.3,1,0,0
2026-09-04 05:45:00,118.2,0,50,66.9,1,0,0
2026-09-04 05:50:00,114.9,0,51,69.0,1,0,0
2026-09-04 05:55:00,115.2,0,52,67.6,1,0,0
2026-09-04 06:00:00,117.6,0,52,69.5,1,0,0
2026-09-04 06:05:00,118.8,0,52,67.2,1,0,0
2026-09-04 06:10:00,116.6,0,52,64.6,1,0,0
2026-09-04 06:15:00,116.0,0,54,66.2,1,0,0
2026-09-04 06:20:00,113.8,0,51,67.0,1,0,0
2026-09-04 06:25:00,111.8,0,53,68.1,1,0,0
2026-09-04 06:30:00,113.2,0,50,67.2,1,0,0
2026-09-04 06:35:00,112.4,0,54,69.1,1,0,0
2026-09-04 06:40:00,112.6,0,54,64.6,1,0,0
2026-09-04 06:45:00,114.0,0,52,68.7,1,0,0
2026-09-04 06:50:00,118.3,1,52,62.6,1,0,0
2026-09-04 06:55:00,118.5,0,53,64.2,1,0,0
2026-09-04 07:00:00,118.1,16,64,40.3,0,0,0
2026-09-04 07:05:00,116.7,36,63,41.2,0,0,0
2026-09-04 07:10:00,118.8,16,62,41.0,0,0,0
2026-09-04 07:15:00,115.4,52,61,40.2,0,0,0
2026-09-04 07:20:00,114.8,40,63,40.9,0,0,0
2026-09-04 07:25:00,111.7,19,62,42.2,0,0,0
2026-09-04 07:30:00,111.5,11,61,39.8,0,0,0
2026-09-04 07:35:00,108.3,39,61,38.6,0,0,0
2026-09-04 07:40:00,105.8,14,63,44.0,0,0,0
2026-09-04 07:45:00,100.4,31,63,40.4,0,0,0
2026-09-04 07:50:00,103.4,44,62,39.3,0,0,0
2026-09-04 07:55:00,104.5,16,64,41.9,0,0,0
2026-09-04 08:00:00,104.5,15,60,36.5,0,0,0
2026-09-04 08:05:00,105.3,43,67,45.2,0,50,65
2026-09-04 08:10:00,108.3,17,65,40.1,0,0,0
2026-09-04 08:15:00,115.4,30,67,40.6,0,0,0
2026-09-04 08:20:00,119.4,39,68,41.1,0,0,0
2026-09-04 08:25:00,121.1,6,64,39.7,0,0,0
2026-09-04 08:30:00,120.3,12,69,40.1,0,0,0
2026-09-04 08:35:00,123.6,34,64,42.8,0,0,0
2026-09-04 08:40:00,123.3,16,62,42.8,0,0,0
2026-09-04 08:45:00,126.2,27,67,43.9,0,0,0
2026-09-04 08:50:00,129.6,19,65,40.5,0,0,0
2026-09-04 08:55:00,129.8,22,63,38.6,0,0,0
2026-09-04 09:00:00,130.6,14,60,38.4,0,0,0
2026-09-04 09:05:00,127.9,12,59,44.0,0,0,0
2026-09-04 09:10:00,126.7,26,65,40.2,0,0,0
2026-09-04 09:15:00,126.8,9,64,42.9,0,0,0
2026-09-04 09:20:00,128.5,29,61,42.3,0,0,0
2026-09-04 09:25:00,129.8,15,61,41.7,0,0,0
2026-09-04 09:30:00,127.8,23,61,45.3,0,0,0
2026-09-04 09:35:00,124.3,29,62,46.4,0,0,0
2026-09-04 09:40:00,120.8,17,57,41.4,0,0,0
2026-09-04 09:45:00,116.6,16,65,42.4,0,0,0
2026-09-04 09:50:00,113.8,17,60,41.5,0,0,0
2026-09-04 09:55:00,113.1,42,63,39.9,0,0,0
2026-09-04 10:00:00,111.7,14,64,43.0,0,0,0
2026-09-04 10:05:00,113.7,25,62,36.0,0,0,0
2026-09-04 10:10:00,111.1,12,63,41.2,0,0,0
2026-09-04 10:15:00,113.0,30,65,41.3,0,0,0
2026-09-04 10:20:00,112.9,9,65,43.9,0,0,0
2026-09-04 10:25:00,109.5,30,66,41.8,0,0,0
2026-09-04 10:30:00,104.5,53,67,41.1,0,0,0
2026-09-04 10:35:00,109.0,23,63,41.4,0,0,0
2026-09-04 10:40:00,108.6,30,60,40.4,0,0,0
2026-09-04 10:45:00,109.4,18,64,38.4,0,0,0
2026-09-04 10:50:00,108.1,14,63,45.6,0,0,0
2026-09-04 10:55:00,108.2,8,59,40.8,0,0,0
2026-09-04 11:00:00,106.5,29,61,41.9,0,0,0
2026-09-04 11:05:00,105.5,16,63,44.7,0,0,0
2026-09-04 11:10:00,109.0,24,62,40.5,0,0,0
2026-09-04 11:15:00,109.8,28,60,38.5,0,0,0
2026-09-04 11:20:00,109.5,18,64,35.6,0,0,0
2026-09-04 11:25:00,108.4,40,67,40.8,0,0,0
2026-09-04 11:30:00,105.4,19,64,41.9,0,0,0
2026-09-04 11:35:00,105.1,15,63,40.6,0,0,0
2026-09-04 11:40:00,106.4,34,64,42.3,0,0,0
2026-09-04 11:45:00,108.9,5,61,41.5,0,0,0
2026-09-04 11:50:00,111.5,26,67,37.5,0,0,0
2026-09-04 11:55:00,111.6,20,58,41.9,0,0,0
2026-09-04 12:00:00,109.9,21,61,42.4,0,0,0
2026-09-04 12:05:00,112.0,22,64,40.4,0,0,0
2026-09-04 12:10:00,114.8,55,64,40.4,0,0,0
2026-09-04 12:15:00,110.4,15,62,37.5,0,0,0
2026-09-04 12:20:00,111.9,24,63,40.8,0,0,0
2026-09-04 12:25:00,112.7,482,93,41.4,0,0,0
2026-09-04 12:30:00,114.8,515,96,38.2,0,0,0
2026-09-04 12:35:00,116.3,11,60,41.2,0,0,0
2026-09-04 12:40:00,115.5,10,62,41.6,0,0,0
2026-09-04 12:45:00,116.0,42,64,40.0,0,0,0
2026-09-04 12:50:00,115.7,16,65,37.3,0,0,0
2026-09-04 12:55:00,114.3,12,61,40.6,0,0,0
2026-09-04 13:00:00,112.9,26,59,38.3,0,0,0
2026-09-04 13:05:00,112.7,11,61,46.3,0,0,0
2026-09-04 13:10:00,112.2,22,63,45.2,0,0,0
2026-09-04 13:15:00,111.7,23,63,38.3,0,0,0
2026-09-04 13:20:00,111.1,8,61,43.1,0,0,0
2026-09-04 13:25:00,113.2,23,62,37.4,0,0,0
2026-09-04 13:30:00,111.6,27,64,43.5,0,0,0
2026-09-04 13:35:00,112.0,24,66,42.8,0,0,0
2026-09-04 13:40:00,110.9,24,65,43.0,0,0,0
2026-09-04 13:45:00,110.9,16,65,40.0,0,68,68
2026-09-04 13:50:00,119.9,23,67,42.4,0,0,0
2026-09-04 13:55:00,129.2,25,65,39.2,0,0,0
2026-09-04 14:00:00,131.9,10,64,40.7,0,0,0
2026-09-04 14:05:00,135.7,13,63,40.9,0,0,0
2026-09-04 14:10:00,133.7,344,87,40.6,0,0,0
2026-09-04 14:15:00,138.4,353,85,41.5,0,0,0
2026-09-04 14:20:00,137.8,20,61,45.4,0,0,0
2026-09-04 14:25:00,139.4,51,63,39.0,0,0,0
2026-09-04 14:30:00,142.2,42,65,40.3,0,0,0
2026-09-04 14:35:00,140.2,16,61,36.4,0,0,0
2026-09-04 14:40:00,139.1,11,61,40.9,0,0,0
2026-09-04 14:45:00,137.4,55,65,42.7,0,0,0
2026-09-04 14:50:00,138.7,21,61,40.4,0,0,0
2026-09-04 14:55:00,136.2,20,64,41.9,0,0,0
2026-09-04 15:00:00,136.1,31,65,40.0,0,0,0
2026-09-04 15:05:00,133.5,33,64,40.7,0,0,0
2026-09-04 15:10:00,131.6,29,61,42.4,0,0,0
2026-09-04 15:15:00,130.6,21,61,42.0,0,0,0
2026-09-04 15:20:00,129.2,18,59,39.2,0,0,0
2026-09-04 15:25:00,126.6,19,64,39.5,0,0,0
2026-09-04 15:30:00,128.4,22,62,40.5,0,0,0
2026-09-04 15:35:00,128.3,14,60,43.9,0,0,0
2026-09-04 15:40:00,127.6,20,61,42.9,0,0,0
2026-09-04 15:45:00,128.7,19,65,41.0,0,0,0
2026-09-04 15:50:00,129.2,12,62,41.7,0,0,0
2026-09-04 15:55:00,127.0,22,62,42.9,0,0,0
2026-09-04 16:00:00,124.2,34,62,43.5,0,0,0
2026-09-04 16:05:00,123.4,30,61,41.5,0,0,0
2026-09-04 16:10:00,127.2,29,62,42.7,0,0,0
2026-09-04 16:15:00,126.2,9,62,40.4,0,0,0
2026-09-04 16:20:00,121.2,36,64,40.3,0,0,0
2026-09-04 16:25:00,116.8,17,64,42.2,0,0,0
2026-09-04 16:30:00,114.7,45,61,37.2,0,0,0
2026-09-04 16:35:00,115.7,15,60,36.8,0,0,0
2026-09-04 16:40:00,112.9,23,59,42.8,0,0,0
2026-09-04 16:45:00,111.3,37,65,44.5,0,0,0
2026-09-04 16:50:00,108.4,13,65,42.8,0,0,0
2026-09-04 16:55:00,108.4,16,62,41.4,0,0,0
2026-09-04 17:00:00,110.3,17,60,40.6,0,0,0
2026-09-04 17:05:00,106.8,13,61,39.0,0,0,0
2026-09-04 17:10:00,107.5,40,66,43.9,0,0,0
2026-09-04 17:15:00,108.1,29,58,42.6,0,0,0
2026-09-04 17:20:00,106.5,13,59,43.2,0,0,0
2026-09-04 17:25:00,109.0,11,65,40.6,0,0,0
2026-09-04 17:30:00,107.2,14,63,43.1,0,0,0
2026-09-04 17:35:00,106.5,17,65,44.2,0,0,0
2026-09-04 17:40:00,105.3,14,64,43.3,0,33,60
2026-09-04 17:45:00,108.2,16,64,40.2,0,0,0
2026-09-04 17:50:00,113.3,34,67,41.1,0,0,0
2026-09-04 17:55:00,113.4,26,64,39.2,0,0,0
2026-09-04 18:00:00,118.8,18,65,45.3,0,0,0
2026-09-04 18:05:00,117.8,24,62,43.0,0,0,0
2026-09-04 18:10:00,118.0,20,64,40.9,0,0,0
2026-09-04 18:15:00,119.9,35,64,44.5,0,0,0
2026-09-04 18:20:00,117.7,17,63,43.3,0,0,0
2026-09-04 18:25:00,117.3,23,59,44.8,0,0,0
2026-09-04 18:30:00,119.6,24,63,43.0,0,0,0
2026-09-04 18:35:00,119.4,13,60,41.0,0,0,0
2026-09-04 18:40:00,118.0,27,65,41.1,0,0,0
2026-09-04 18:45:00,119.5,35,63,38.8,0,0,0
2026-09-04 18:50:00,122.1,32,62,44.3,0,0,0
2026-09-04 18:55:00,117.6,35,63,48.5,0,0,0
2026-09-04 19:00:00,117.0,26,61,39.8,0,0,0
2026-09-04 19:05:00,116.2,23,64,40.3,0,0,0
2026-09-04 19:10:00,117.4,16,62,39.7,0,0,0
2026-09-04 19:15:00,119.8,449,87,43.8,0,0,0
2026-09-04 19:20:00,118.5,443,88,40.5,0,0,0
2026-09-04 19:25:00,116.2,430,88,42.9,0,0,0
2026-09-04 19:30:00,118.4,11,62,37.2,0,0,0
2026-09-04 19:35:00,117.5,21,64,42.1,0,0,0
2026-09-04 19:40:00,117.5,22,61,42.7,0,0,0
2026-09-04 19:45:00,116.2,48,62,37.0,0,0,0
2026-09-04 19:50:00,112.4,20,60,41.1,0,0,0
2026-09-04 19:55:00,112.7,22,61,41.1,0,0,0
2026-09-04 20:00:00,113.2,11,58,41.5,0,0,0
2026-09-04 20:05:00,113.2,20,59,42.0,0,0,0
2026-09-04 20:10:00,112.4,29,63,40.6,0,0,0
2026-09-04 20:15:00,112.6,17,62,43.8,0,0,0
2026-09-04 20:20:00,114.9,25,64,42.9,0,0,0
2026-09-04 20:25:00,114.8,29,62,42.8,0,0,0
2026-09-04 20:30:00,115.6,14,63,40.7,0,0,0
2026-09-04 20:35:00,113.4,29,65,42.6,0,0,0
2026-09-04 20:40:00,113.6,22,61,39.7,0,61,50
2026-09-04 20:45:00,120.8,19,64,39.7,0,0,0
2026-09-04 20:50:00,127.5,25,64,39.5,0,0,0
2026-09-04 20:55:00,132.1,34,65,41.7,0,0,0
2026-09-04 21:00:00,135.9,40,67,41.8,0,0,0
2026-09-04 21:05:00,140.1,20,61,40.6,0,0,0
2026-09-04 21:10:00,142.3,28,65,40.2,0,0,0
2026-09-04 21:15:00,143.8,35,62,39.8,0,0,0
2026-09-04 21:20:00,143.0,46,64,41.8,0,0,0
2026-09-04 21:25:00,141.2,20,65,42.6,0,0,0
2026-09-04 21:30:00,141.4,7,64,43.0,0,0,0
2026-09-04 21:35:00,141.6,11,63,38.4,0,0,0
2026-09-04 21:40:00,140.1,14,61,40.5,0,0,0
2026-09-04 21:45:00,139.2,17,61,43.3,0,0,0
2026-09-04 21:50:00,141.3,22,64,39.1,0,0,0
2026-09-04 21:55:00,140.7,24,64,42.7,0,0,0
2026-09-04 22:00:00,142.6,24,62,40.5,0,0,0
2026-09-04 22:05:00,139.9,15,64,37.8,0,0,0
2026-09-04 22:10:00,138.3,25,65,36.8,0,0,0
2026-09-04 22:15:00,137.8,17,62,42.8,0,0,0
2026-09-04 22:20:00,132.2,23,66,42.3,0,0,0
2026-09-04 22:25:00,129.5,15,61,41.9,0,0,0
2026-09-04 22:30:00,127.8,21,60,41.6,0,0,0
2026-09-04 22:35:00,125.9,17,59,40.9,0,0,0
2026-09-04 22:40:00,126.1,18,61,38.7,0,0,0
2026-09-04 22:45:00,130.1,19,63,40.9,0,0,0
2026-09-04 22:50:00,128.6,47,64,42.8,0,0,0
2026-09-04 22:55:00,126.1,15,62,37.5,0,0,0
2026-09-04 23:00:00,126.4,18,59,44.2,0,0,0
2026-09-04 23:05:00,122.7,15,59,40.3,0,0,0
2026-09-04 23:10:00,120.1,18,63,41.1,0,0,0
2026-09-04 23:15:00,120.9,12,62,41.7,0,0,0
2026-09-04 23:20:00,120.1,32,62,44.0,0,0,0
2026-09-04 23:25:00,118.1,22,63,39.0,0,0,0
2026-09-04 23:30:00,113.2,31,66,41.6,0,0,0
2026-09-04 23:35:00,107.7,12,62,38.4,0,0,0
2026-09-04 23:40:00,106.7,22,63,41.8,0,0,0
2026-09-04 23:45:00,107.1,22,63,49.6,0,0,0
2026-09-04 23:50:00,105.4,32,60,44.6,0,0,0
2026-09-04 23:55:00,103.1,32,64,42.5,0,0,0
2026-09-05 00:00:00,104.2,24,65,40.9,0,0,0
2026-09-05 00:05:00,103.8,31,65,44.8,0,0,0
2026-09-05 00:10:00,100.8,17,63,38.7,0,0,0
2026-09-05 00:15:00,100.0,15,62,41.9,0,0,0
2026-09-05 00:20:00,102.9,0,53,68.1,1,0,0
2026-09-05 00:25:00,103.5,0,54,64.9,1,0,0
2026-09-05 00:30:00,102.4,0,51,65.4,1,0,0
2026-09-05 00:35:00,100.3,0,53,68.3,1,0,0
2026-09-05 00:40:00,99.2,1,51,69.7,1,0,0
2026-09-05 00:45:00,100.4,0,55,68.8,1,0,0
2026-09-05 00:50:00,100.3,0,55,64.1,1,0,0
2026-09-05 00:55:00,104.1,0,51,65.1,1,0,0
2026-09-05 01:00:00,106.8,1,54,63.8,1,0,0
2026-09-05 01:05:00,108.7,0,51,69.4,1,0,0
2026-09-05 01:10:00,109.0,0,55,71.9,1,0,0
2026-09-05 01:15:00,107.5,1,56,62.6,1,0,0
2026-09-05 01:20:00,110.6,0,53,63.8,1,0,0
2026-09-05 01:25:00,114.7,1,56,64.0,1,0,0
2026-09-05 01:30:00,114.1,0,52,67.3,1,0,0
2026-09-05 01:35:00,116.2,0,53,68.5,1,0,0
2026-09-05 01:40:00,114.1,1,54,67.7,1,0,0
2026-09-05 01:45:00,115.4,0,53,65.6,1,0,0
2026-09-05 01:50:00,114.6,0,51,64.1,1,0,0
2026-09-05 01:55:00,111.4,1,51,69.1,1,0,0
2026-09-05 02:00:00,112.0,0,51,66.6,1,0,0
2026-09-05 02:05:00,109.0,0,53,67.9,1,0,0
2026-09-05 02:10:00,112.0,0,55,62.6,1,0,0
2026-09-05 02:15:00,114.0,1,51,66.2,1,0,0
2026-09-05 02:20:00,114.3,1,54,66.1,1,0,0
2026-09-05 02:25:00,113.4,1,53,65.6,1,0,0
2026-09-05 02:30:00,115.2,0,51,64.3,1,0,0
2026-09-05 02:35:00,116.5,0,52,67.5,1,0,0
2026-09-05 02:40:00,118.3,0,52,70.2,1,0,0
2026-09-05 02:45:00,117.4,1,52,62.9,1,0,0
2026-09-05 02:50:00,119.8,1,52,67.8,1,0,0
2026-09-05 02:55:00,119.4,0,49,66.7,1,0,0
2026-09-05 03:00:00,118.1,0,55,64.1,1,0,0
2026-09-05 03:05:00,117.1,0,57,65.9,1,0,0
2026-09-05 03:10:00,117.7,0,52,67.2,1,0,0
2026-09-05 03:15:00,117.1,0,51,63.3,1,0,0
2026-09-05 03:20:00,116.3,0,52,68.2,1,0,0
2026-09-05 03:25:00,117.8,0,57,64.8,1,0,0
2026-09-05 03:30:00,120.7,0,51,67.2,1,0,0
2026-09-05 03:35:00,122.6,0,54,69.1,1,0,0
2026-09-05 03:40:00,122.2,0,54,65.2,1,0,0
2026-09-05 03:45:00,119.8,0,55,67.9,1,0,0
2026-09-05 03:50:00,120.0,0,54,63.1,1,0,0
2026-09-05 03:55:00,117.7,2,54,66.1,1,0,0
2026-09-05 04:00:00,117.8,0,53,65.9,1,0,0
2026-09-05 04:05:00,117.6,0,53,69.5,1,0,0
2026-09-05 04:10:00,117.4,0,54,64.1,1,0,0
2026-09-05 04:15:00,113.8,0,54,67.2,1,0,0
2026-09-05 04:20:00,115.9,0,54,61.3,1,0,0
2026-09-05 04:25:00,115.6,0,55,65.5,1,0,0
2026-09-05 04:30:00,115.3,0,51,64.2,1,0,0
2026-09-05 04:35:00,112.1,1,54,66.7,1,0,0
2026-09-05 04:40:00,110.3,1,55,67.0,1,0,0
2026-09-05 04:45:00,111.8,0,57,62.9,1,0,0
2026-09-05 04:50:00,112.8,3,56,65.0,1,0,0
2026-09-05 04:55:00,111.7,0,57,65.3,1,0,0
2026-09-05 05:00:00,116.3,0,55,64.1,1,0,0
2026-09-05 05:05:00,116.4,1,52,63.3,1,0,0
2026-09-05 05:10:00,118.2,1,53,66.7,1,0,0
2026-09-05 05:15:00,119.5,1,53,63.8,1,0,0
2026-09-05 05:20:00,120.9,1,53,64.1,1,0,0
2026-09-05 05:25:00,120.8,0,54,66.1,1,0,0
2026-09-05 05:30:00,121.2,0,57,64.5,1,0,0
2026-09-05 05:35:00,121.4,1,49,66.4,1,0,0
2026-09-05 05:40:00,120.7,1,52,64.5,1,0,0
2026-09-05 05:45:00,120.4,0,50,68.7,1,0,0
2026-09-05 05:50:00,120.8,0,55,65.0,1,0,0
2026-09-05 05:55:00,118.3,0,53,65.7,1,0,0
2026-09-05 06:00:00,116.4,0,54,65.5,1,0,0
2026-09-05 06:05:00,115.5,0,53,65.0,1,0,0
2026-09-05 06:10:00,120.1,0,51,67.0,1,0,0
2026-09-05 06:15:00,120.6,0,54,65.9,1,0,0
2026-09-05 06:20:00,122.0,0,52,66.2,1,0,0
2026-09-05 06:25:00,116.2,0,53,67.6,1,0,0
2026-09-05 06:30:00,115.9,2,65,41.4,0,0,0
2026-09-05 06:35:00,116.2,15,62,41.6,0,0,0
2026-09-05 06:40:00,116.4,20,65,41.9,0,0,0
2026-09-05 06:45:00,117.4,13,63,39.0,0,0,0
2026-09-05 06:50:00,114.7,22,65,37.4,0,0,0
2026-09-05 06:55:00,114.9,45,61,39.7,0,0,0
2026-09-05 07:00:00,112.3,44,65,41.8,0,0,0
2026-09-05 07:05:00,112.0,52,67,39.6,0,0,0
2026-09-05 07:10:00,113.1,10,63,44.0,0,0,0
2026-09-05 07:15:00,111.9,17,65,42.1,0,63,78
2026-09-05 07:20:00,122.1,23,67,38.7,0,0,0
2026-09-05 07:25:00,132.6,15,65,41.9,0,0,0
2026-09-05 07:30:00,134.6,18,64,38.6,0,0,0
2026-09-05 07:35:00,140.1,34,69,41.9,0,0,0
2026-09-05 07:40:00,148.6,9,64,38.4,0,0,0
2026-09-05 07:45:00,149.9,11,60,39.4,0,0,0
2026-09-05 07:50:00,152.1,8,61,38.2,0,0,0
2026-09-05 07:55:00,150.0,14,63,37.4,0,0,0
2026-09-05 08:00:00,146.6,32,63,40.0,0,0,0
2026-09-05 08:05:00,145.7,22,62,39.6,0,0,0
2026-09-05 08:10:00,142.6,18,62,42.2,0,0,0
2026-09-05 08:15:00,142.6,43,64,42.9,0,0,0
2026-09-05 08:20:00,144.9,34,64,42.4,0,0,0
2026-09-05 08:25:00,144.9,20,64,40.1,0,0,0
2026-09-05 08:30:00,144.4,25,64,38.3,0,0,0
2026-09-05 08:35:00,142.7,18,61,42.5,0,0,0
2026-09-05 08:40:00,138.6,24,61,42.2,0,0,0
2026-09-05 08:45:00,134.8,22,62,42.7,0,0,0
2026-09-05 08:50:00,134.0,24,64,37.5,0,0,0
2026-09-05 08:55:00,134.7,49,68,41.6,0,0,0
2026-09-05 09:00:00,129.9,29,65,41.6,0,0,0
2026-09-05 09:05:00,132.5,24,61,38.4,0,0,0
2026-09-05 09:10:00,132.0,23,61,41.7,0,0,0
2026-09-05 09:15:00,131.5,21,65,40.3,0,0,0
2026-09-05 09:20:00,130.0,20,63,41.7,0,0,0
2026-09-05 09:25:00,129.4,16,60,41.1,0,0,0
2026-09-05 09:30:00,128.4,28,63,40.9,0,0,0
2026-09-05 09:35:00,128.2,15,62,39.2,0,0,0
2026-09-05 09:40:00,122.7,25,61,40.1,0,0,0
2026-09-05 09:45:00,123.8,21,62,39.9,0,0,0
2026-09-05 09:50:00,123.3,20,64,40.6,0,0,0
2026-09-05 09:55:00,120.5,30,63,40.1,0,0,0
2026-09-05 10:00:00,116.7,16,61,40.2,0,0,0
2026-09-05 10:05:00,116.3,31,65,41.7,0,0,0
2026-09-05 10:10:00,114.1,15,64,39.2,0,0,0
2026-09-05 10:15:00,114.9,38,61,41.9,0,0,0
2026-09-05 10:20:00,114.5,29,65,39.7,0,0,0
2026-09-05 10:25:00,118.8,33,61,40.4,0,0,0
2026-09-05 10:30:00,117.6,14,64,40.0,0,0,0
2026-09-05 10:35:00,116.9,32,60,42.7,0,0,0
2026-09-05 10:40:00,117.6,43,61,43.6,0,0,0
2026-09-05 10:45:00,112.6,31,61,40.6,0,0,0
2026-09-05 10:50:00,114.5,14,64,43.7,0,0,0
2026-09-05 10:55:00,113.2,10,60,39.3,0,0,0
2026-09-05 11:00:00,109.4,28,64,37.7,0,0,0
2026-09-05 11:05:00,110.0,46,69,43.8,0,0,0
2026-09-05 11:10:00,113.3,10,61,43.8,0,0,0
2026-09-05 11:15:00,110.3,28,61,40.1,0,0,0
2026-09-05 11:20:00,113.4,23,62,38.4,0,0,0
2026-09-05 11:25:00,116.2,14,63,38.6,0,0,0
2026-09-05 11:30:00,117.8,29,65,37.6,0,0,0
2026-09-05 11:35:00,119.3,23,62,36.9,0,0,0
2026-09-05 11:40:00,116.7,18,62,36.3,0,0,0
2026-09-05 11:45:00,114.1,29,65,39.7,0,0,0
2026-09-05 11:50:00,112.5,17,69,43.0,0,0,0
2026-09-05 11:55:00,116.7,16,61,37.9,0,0,0
2026-09-05 12:00:00,116.8,26,61,41.5,0,0,0
2026-09-05 12:05:00,116.6,17,64,43.4,0,0,0
2026-09-05 12:10:00,113.7,25,62,38.7,0,0,0
2026-09-05 12:15:00,113.0,12,61,41.6,0,0,0
2026-09-05 12:20:00,113.0,21,61,40.0,0,0,0
2026-09-05 12:25:00,113.1,9,63,42.0,0,0,0
2026-09-05 12:30:00,111.4,10,61,41.5,0,0,0
2026-09-05 12:35:00,109.2,20,60,40.4,0,0,0
2026-09-05 12:40:00,105.5,18,62,39.9,0,0,0
2026-09-05 12:45:00,107.3,27,59,41.2,0,0,0
2026-09-05 12:50:00,105.6,27,62,38.9,0,0,0
2026-09-05 12:55:00,105.3,13,61,42.5,0,0,0
2026-09-05 13:00:00,104.6,27,63,44.2,0,0,0
2026-09-05 13:05:00,103.1,34,63,43.7,0,0,0
2026-09-05 13:10:00,105.2,15,61,41.7,0,0,0
2026-09-05 13:15:00,105.1,22,61,40.5,0,0,0
2026-09-05 13:20:00,107.1,18,63,42.3,0,0,0
2026-09-05 13:25:00,109.4,32,62,38.4,0,0,0
2026-09-05 13:30:00,107.8,13,66,44.5,0,0,0
2026-09-05 13:35:00,109.7,46,66,41.5,0,107,70
2026-09-05 13:40:00,124.4,21,63,40.7,0,0,0
2026-09-05 13:45:00,135.9,25,64,42.6,0,0,0
2026-09-05 13:50:00,143.0,15,65,37.6,0,0,0
2026-09-05 13:55:00,150.2,24,67,39.9,0,0,0
2026-09-05 14:00:00,155.4,28,65,39.2,0,0,0
2026-09-05 14:05:00,156.3,11,61,40.5,0,0,0
2026-09-05 14:10:00,158.4,19,64,43.4,0,0,0
2026-09-05 14:15:00,155.9,16,63,40.7,0,0,0
2026-09-05 14:20:00,157.2,16,62,40.3,0,0,0
2026-09-05 14:25:00,154.2,15,67,41.1,0,0,0
2026-09-05 14:30:00,157.5,20,60,42.1,0,0,0
2026-09-05 14:35:00,156.7,16,62,45.9,0,0,0
2026-09-05 14:40:00,154.7,12,58,41.0,0,0,0
2026-09-05 14:45:00,153.5,8,62,39.0,0,0,0
2026-09-05 14:50:00,152.4,16,63,46.0,0,0,0
2026-09-05 14:55:00,150.2,38,58,39.0,0,0,0
2026-09-05 15:00:00,147.6,26,64,45.7,0,0,0
2026-09-05 15:05:00,145.9,9,61,40.4,0,0,0
2026-09-05 15:10:00,139.7,31,61,43.5,0,0,0
2026-09-05 15:15:00,139.4,18,65,40.9,0,0,0
2026-09-05 15:20:00,137.4,7,56,40.0,0,0,0
2026-09-05 15:25:00,134.2,31,61,39.2,0,0,0
2026-09-05 15:30:00,132.5,23,63,44.0,0,0,0
2026-09-05 15:35:00,128.7,37,60,37.7,0,0,0
2026-09-05 15:40:00,126.9,8,62,37.7,0,0,0
2026-09-05 15:45:00,124.7,40,66,41.2,0,0,0
2026-09-05 15:50:00,123.9,21,64,43.7,0,0,0
2026-09-05 15:55:00,120.1,18,61,40.7,0,0,0
2026-09-05 16:00:00,119.3,23,66,41.7,0,0,0
2026-09-05 16:05:00,121.1,12,62,37.2,0,0,0
2026-09-05 16:10:00,121.5,29,61,39.8,0,0,0
2026-09-05 16:15:00,118.9,11,64,42.1,0,0,0
2026-09-05 16:20:00,117.8,17,60,40.8,0,0,0
2026-09-05 16:25:00,115.6,12,60,40.3,0,0,0
2026-09-05 16:30:00,114.6,17,60,42.0,0,0,0
2026-09-05 16:35:00,115.5,9,61,39.7,0,0,0
2026-09-05 16:40:00,117.0,25,61,36.6,0,0,0
2026-09-05 16:45:00,117.5,46,64,40.3,0,0,0
2026-09-05 16:50:00,118.2,26,64,42.6,0,0,0
2026-09-05 16:55:00,116.5,8,61,44.4,0,0,0
2026-09-05 17:00:00,114.2,34,65,41.2,0,0,0
2026-09-05 17:05:00,108.7,19,61,40.8,0,0,0
2026-09-05 17:10:00,111.2,13,65,44.3,0,18,50
2026-09-05 17:15:00,117.4,34,62,35.2,0,0,0
2026-09-05 17:20:00,118.9,26,64,43.4,0,0,0
2026-09-05 17:25:00,120.4,19,65,41.0,0,0,0
2026-09-05 17:30:00,123.7,18,65,42.9,0,0,0
2026-09-05 17:35:00,123.6,37,65,40.4,0,0,0
2026-09-05 17:40:00,124.9,25,63,38.0,0,0,0
2026-09-05 17:45:00,124.0,22,63,39.2,0,0,0
2026-09-05 17:50:00,122.4,30,60,40.9,0,0,0
2026-09-05 17:55:00,123.4,29,67,40.7,0,0,0
2026-09-05 18:00:00,122.4,19,60,40.4,0,0,0
2026-09-05 18:05:00,122.1,31,62,42.2,0,0,0
2026-09-05 18:10:00,126.9,11,64,45.7,0,0,0
2026-09-05 18:15:00,125.6,37,64,37.5,0,0,0
2026-09-05 18:20:00,121.1,22,60,41.7,0,0,0
2026-09-05 18:25:00,117.5,24,60,42.5,0,0,0
2026-09-05 18:30:00,117.0,51,62,41.0,0,0,0
2026-09-05 18:35:00,117.9,19,65,44.0,0,0,0
2026-09-05 18:40:00,115.6,34,61,34.9,0,0,0
2026-09-05 18:45:00,115.1,12,61,40.5,0,0,0
2026-09-05 18:50:00,113.8,28,60,41.7,0,0,0
2026-09-05 18:55:00,113.8,8,59,39.9,0,0,0
2026-09-05 19:00:00,114.7,34,64,44.6,0,0,0
2026-09-05 19:05:00,115.3,42,60,38.0,0,0,0
2026-09-05 19:10:00,110.7,17,60,39.4,0,0,0
2026-09-05 19:15:00,113.2,38,63,41.9,0,0,0
2026-09-05 19:20:00,115.5,40,67,37.7,0,0,0
2026-09-05 19:25:00,111.5,48,64,38.7,0,0,0
2026-09-05 19:30:00,116.7,17,59,37.6,0,0,0
2026-09-05 19:35:00,117.7,34,63,40.9,0,0,0
2026-09-05 19:40:00,118.3,16,64,38.0,0,0,0
2026-09-05 19:45:00,115.6,22,65,40.4,0,0,0
2026-09-05 19:50:00,114.4,470,88,40.6,0,0,0
2026-09-05 19:55:00,115.4,455,87,43.3,0,0,0
2026-09-05 20:00:00,112.1,15,62,43.4,0,0,0
2026-09-05 20:05:00,113.3,16,63,42.3,0,0,0
2026-09-05 20:10:00,113.5,12,62,41.0,0,0,0
2026-09-05 20:15:00,113.9,12,59,39.0,0,0,0
2026-09-05 20:20:00,112.7,10,61,40.3,0,0,0
2026-09-05 20:25:00,112.0,26,60,38.1,0,0,0
2026-09-05 20:30:00,110.4,30,61,42.4,0,0,0
2026-09-05 20:35:00,112.8,21,65,42.2,0,92,70
2026-09-05 20:40:00,128.2,18,67,41.0,0,0,0
2026-09-05 20:45:00,139.1,15,68,40.0,0,0,0
2026-09-05 20:50:00,147.8,22,66,41.3,0,0,0
2026-09-05 20:55:00,152.9,28,63,42.6,0,0,0
2026-09-05 21:00:00,155.5,21,62,43.2,0,0,0
2026-09-05 21:05:00,156.7,23,63,38.6,0,0,0
2026-09-05 21:10:00,153.6,25,61,39.0,0,0,0
2026-09-05 21:15:00,155.6,33,60,40.9,0,0,0
2026-09-05 21:20:00,156.7,60,61,43.1,0,0,0
2026-09-05 21:25:00,154.9,40,64,43.3,0,0,0
2026-09-05 21:30:00,150.5,17,60,42.4,0,0,0
2026-09-05 21:35:00,150.2,33,61,41.3,0,0,0
2026-09-05 21:40:00,146.9,18,64,40.9,0,0,0
2026-09-05 21:45:00,146.8,9,61,43.4,0,0,0
2026-09-05 21:50:00,146.9,9,63,42.3,0,0,0
2026-09-05 21:55:00,143.7,56,64,41.5,0,0,0
2026-09-05 22:00:00,142.9,33,67,41.3,0,0,0
2026-09-05 22:05:00,142.8,14,60,44.7,0,0,0
2026-09-05 22:10:00,140.2,9,60,40.8,0,0,0
2026-09-05 22:15:00,141.3,42,62,43.8,0,0,0
2026-09-05 22:20:00,143.4,13,64,40.2,0,0,0
2026-09-05 22:25:00,141.8,1,49,67.9,1,0,0
2026-09-05 22:30:00,142.7,1,51,68.5,1,0,0
2026-09-05 22:35:00,139.6,0,55,65.7,1,0,0
2026-09-05 22:40:00,137.3,0,53,66.6,1,0,0
2026-09-05 22:45:00,133.1,0,51,66.0,1,0,0
2026-09-05 22:50:00,129.3,0,54,65.7,1,0,0
2026-09-05 22:55:00,129.2,0,54,69.6,1,0,0
2026-09-05 23:00:00,124.6,1,51,68.2,1,0,0
2026-09-05 23:05:00,123.0,0,51,64.8,1,0,0
2026-09-05 23:10:00,122.0,0,55,66.9,1,0,0
2026-09-05 23:15:00,121.5,0,54,64.3,1,0,0
2026-09-05 23:20:00,125.6,0,52,63.4,1,0,0
2026-09-05 23:25:00,122.1,1,52,64.3,1,0,0
2026-09-05 23:30:00,122.5,0,53,62.7,1,0,0
2026-09-05 23:35:00,122.2,0,54,61.1,1,0,0
2026-09-05 23:40:00,122.8,0,54,65.2,1,0,0
2026-09-05 23:45:00,118.8,0,52,65.8,1,0,0
2026-09-05 23:50:00,119.0,2,54,69.2,1,0,0
2026-09-05 23:55:00,116.9,1,53,64.3,1,0,0
2026-09-06 00:00:00,120.0,0,54,67.3,1,0,0
2026-09-06 00:05:00,118.8,0,55,67.0,1,0,0
2026-09-06 00:10:00,116.8,0,53,65.6,1,0,0
2026-09-06 00:15:00,114.7,0,54,64.9,1,0,0
2026-09-06 00:20:00,118.0,1,52,63.9,1,0,0
2026-09-06 00:25:00,116.9,1,50,62.4,1,0,0
2026-09-06 00:30:00,118.5,1,50,66.1,1,0,0
2026-09-06 00:35:00,118.7,0,54,68.3,1,0,0
2026-09-06 00:40:00,122.0,1,55,65.6,1,0,0
2026-09-06 00:45:00,118.7,0,54,65.2,1,0,0
2026-09-06 00:50:00,118.5,0,55,67.6,1,0,0
2026-09-06 00:55:00,118.8,0,52,63.0,1,0,0
2026-09-06 01:00:00,120.3,1,51,62.9,1,0,0
2026-09-06 01:05:00,122.9,0,54,62.9,1,0,0
2026-09-06 01:10:00,120.6,1,54,63.7,1,0,0
2026-09-06 01:15:00,116.4,0,55,68.3,1,0,0
2026-09-06 01:20:00,114.7,0,52,64.6,1,0,0
2026-09-06 01:25:00,120.0,1,52,66.9,1,0,0
2026-09-06 01:30:00,116.1,0,53,65.9,1,0,0
2026-09-06 01:35:00,115.4,0,53,63.3,1,0,0
2026-09-06 01:40:00,111.4,1,54,62.9,1,0,0
2026-09-06 01:45:00,110.2,0,49,67.7,1,0,0
2026-09-06 01:50:00,113.8,0,53,63.9,1,0,0
2026-09-06 01:55:00,114.2,0,59,63.4,1,0,0
2026-09-06 02:00:00,116.2,0,54,68.4,1,0,0
2026-09-06 02:05:00,118.1,0,54,63.2,1,0,0
2026-09-06 02:10:00,115.6,0,54,66.8,1,0,0
2026-09-06 02:15:00,115.5,1,56,64.3,1,0,0
2026-09-06 02:20:00,115.9,1,55,66.1,1,0,0
2026-09-06 02:25:00,114.7,1,52,62.3,1,0,0
2026-09-06 02:30:00,113.7,0,50,66.6,1,0,0
2026-09-06 02:35:00,115.6,0,55,65.2,1,0,0
2026-09-06 02:40:00,117.0,0,52,65.6,1,0,0
2026-09-06 02:45:00,118.3,1,51,65.9,1,0,0
2026-09-06 02:50:00,118.1,0,56,63.8,1,0,0
2026-09-06 02:55:00,118.4,0,55,66.2,1,0,0
2026-09-06 03:00:00,118.7,2,52,63.5,1,0,0
2026-09-06 03:05:00,119.0,1,52,62.2,1,0,0
2026-09-06 03:10:00,119.7,0,53,65.6,1,0,0
2026-09-06 03:15:00,122.4,1,53,66.7,1,0,0
2026-09-06 03:20:00,128.5,0,53,61.5,1,0,0
2026-09-06 03:25:00,130.0,1,52,65.9,1,0,0
2026-09-06 03:30:00,127.4,0,54,64.4,1,0,0
2026-09-06 03:35:00,122.9,0,53,68.1,1,0,0
2026-09-06 03:40:00,119.3,0,48,66.5,1,0,0
2026-09-06 03:45:00,120.9,0,53,65.4,1,0,0
2026-09-06 03:50:00,118.8,0,52,65.0,1,0,0
2026-09-06 03:55:00,116.3,1,52,68.2,1,0,0
2026-09-06 04:00:00,119.7,0,55,68.2,1,0,0
2026-09-06 04:05:00,119.4,0,52,67.6,1,0,0
2026-09-06 04:10:00,121.7,1,54,65.3,1,0,0
2026-09-06 04:15:00,121.8,0,53,63.7,1,0,0
2026-09-06 04:20:00,124.5,0,55,69.9,1,0,0
2026-09-06 04:25:00,125.5,0,51,62.6,1,0,0
2026-09-06 04:30:00,122.1,0,52,64.8,1,0,0
2026-09-06 04:35:00,120.7,0,54,67.0,1,0,0
2026-09-06 04:40:00,122.4,0,54,68.2,1,0,0
2026-09-06 04:45:00,121.5,1,55,64.1,1,0,0
2026-09-06 04:50:00,123.2,1,55,64.1,1,0,0
2026-09-06 04:55:00,123.2,0,53,65.3,1,0,0
2026-09-06 05:00:00,123.9,1,53,64.4,1,0,0
2026-09-06 05:05:00,124.3,0,54,62.9,1,0,0
2026-09-06 05:10:00,127.3,0,52,69.1,1,0,0
2026-09-06 05:15:00,125.8,0,56,65.7,1,0,0
2026-09-06 05:20:00,127.2,1,52,63.5,1,0,0
2026-09-06 05:25:00,124.9,1,52,59.5,1,0,0
2026-09-06 05:30:00,124.3,0,53,66.6,1,0,0
2026-09-06 05:35:00,124.0,0,49,64.2,1,0,0
2026-09-06 05:40:00,122.4,1,54,66.3,1,0,0
2026-09-06 05:45:00,123.0,0,53,63.8,1,0,0
2026-09-06 05:50:00,119.9,0,53,64.9,1,0,0
2026-09-06 05:55:00,121.6,0,57,66.0,1,0,0
2026-09-06 06:00:00,121.3,0,53,63.9,1,0,0
2026-09-06 06:05:00,120.4,0,56,65.3,1,0,0
2026-09-06 06:10:00,123.4,0,54,64.9,1,0,0
2026-09-06 06:15:00,120.5,0,50,67.1,1,0,0
2026-09-06 06:20:00,120.8,1,54,64.7,1,0,0
2026-09-06 06:25:00,121.7,33,64,38.9,0,0,0
2026-09-06 06:30:00,122.2,25,62,40.1,0,0,0
2026-09-06 06:35:00,121.2,67,63,40.8,0,0,0
2026-09-06 06:40:00,120.1,18,62,40.7,0,0,0
2026-09-06 06:45:00,119.9,29,63,39.1,0,0,0
2026-09-06 06:50:00,120.9,14,60,42.1,0,0,0
2026-09-06 06:55:00,119.2,34,59,47.7,0,0,0
2026-09-06 07:00:00,118.8,27,64,39.5,0,0,0
2026-09-06 07:05:00,117.4,16,62,39.1,0,0,0
2026-09-06 07:10:00,115.6,30,62,39.4,0,0,0
2026-09-06 07:15:00,114.2,15,60,39.0,0,0,0
2026-09-06 07:20:00,111.7,13,63,37.7,0,0,0
2026-09-06 07:25:00,111.8,25,58,39.6,0,0,0
2026-09-06 07:30:00,112.2,32,61,38.5,0,0,0
2026-09-06 07:35:00,111.3,33,62,40.5,0,0,0
2026-09-06 07:40:00,109.7,37,66,37.9,0,0,0
2026-09-06 07:45:00,110.8,19,61,43.7,0,0,0
2026-09-06 07:50:00,110.8,15,62,39.1,0,0,0
2026-09-06 07:55:00,110.6,19,66,39.4,0,74,78
2026-09-06 08:00:00,124.1,27,63,38.9,0,0,0
2026-09-06 08:05:00,132.8,17,61,39.2,0,0,0
2026-09-06 08:10:00,139.0,10,68,38.4,0,0,0
2026-09-06 08:15:00,143.5,14,65,38.8,0,0,0
2026-09-06 08:20:00,148.9,12,66,39.0,0,0,0
2026-09-06 08:25:00,150.7,37,62,40.8,0,0,0
2026-09-06 08:30:00,151.7,18,62,39.5,0,0,0
2026-09-06 08:35:00,149.6,45,64,42.4,0,0,0
2026-09-06 08:40:00,151.4,16,63,36.9,0,0,0
2026-09-06 08:45:00,153.6,25,63,37.8,0,0,0
2026-09-06 08:50:00,152.6,26,65,38.6,0,0,0
2026-09-06 08:55:00,152.5,54,63,33.0,0,0,0
2026-09-06 09:00:00,150.5,39,62,38.4,0,0,0
2026-09-06 09:05:00,149.4,15,62,41.2,0,0,0
2026-09-06 09:10:00,147.6,21,61,38.8,0,0,0
2026-09-06 09:15:00,146.4,31,66,39.0,0,0,0
2026-09-06 09:20:00,146.0,11,62,38.7,0,0,0
2026-09-06 09:25:00,141.8,19,63,36.0,0,0,0
2026-09-06 09:30:00,138.9,38,68,35.5,0,0,0
2026-09-06 09:35:00,141.0,32,63,40.6,0,0,0
2026-09-06 09:40:00,142.7,25,63,42.6,0,0,0
2026-09-06 09:45:00,140.3,8,60,38.3,0,0,0
2026-09-06 09:50:00,136.0,17,63,40.2,0,0,0
2026-09-06 09:55:00,134.9,14,62,43.1,0,0,0
2026-09-06 10:00:00,131.6,21,60,40.6,0,0,0
2026-09-06 10:05:00,129.9,3,62,38.6,0,0,0
2026-09-06 10:10:00,130.1,41,63,36.8,0,0,0
2026-09-06 10:15:00,130.3,22,64,42.2,0,0,0
2026-09-06 10:20:00,127.5,17,58,37.1,0,0,0
2026-09-06 10:25:00,127.2,27,63,34.8,0,0,0
2026-09-06 10:30:00,126.7,21,61,40.1,0,0,0
2026-09-06 10:35:00,127.6,37,62,43.1,0,0,0
2026-09-06 10:40:00,122.1,10,64,40.3,0,0,0
2026-09-06 10:45:00,123.9,36,64,42.5,0,0,0
2026-09-06 10:50:00,121.1,23,57,42.7,0,0,0
2026-09-06 10:55:00,118.3,17,66,37.8,0,0,0
2026-09-06 11:00:00,116.3,43,62,39.7,0,0,0
2026-09-06 11:05:00,117.4,26,63,43.3,0,0,0
2026-09-06 11:10:00,118.4,22,62,40.5,0,0,0
2026-09-06 11:15:00,114.7,13,64,43.2,0,0,0
2026-09-06 11:20:00,116.4,28,63,38.0,0,0,0
2026-09-06 11:25:00,116.2,35,62,43.6,0,0,0
2026-09-06 11:30:00,115.7,28,67,39.9,0,0,0
2026-09-06 11:35:00,115.0,27,63,37.1,0,0,0
2026-09-06 11:40:00,114.2,17,60,40.7,0,0,0
2026-09-06 11:45:00,114.9,7,58,40.3,0,0,0
2026-09-06 11:50:00,115.1,3,64,40.6,0,0,0
2026-09-06 11:55:00,114.4,28,64,37.4,0,0,0
2026-09-06 12:00:00,112.2,44,62,38.3,0,0,0
2026-09-06 12:05:00,115.1,27,63,40.5,0,0,0
2026-09-06 12:10:00,114.0,16,62,40.5,0,0,0
2026-09-06 12:15:00,115.5,34,62,40.6,0,0,0
2026-09-06 12:20:00,115.3,33,64,38.6,0,0,0
2026-09-06 12:25:00,114.0,467,87,41.0,0,0,0
2026-09-06 12:30:00,115.0,435,87,43.4,0,0,0
2026-09-06 12:35:00,114.2,38,62,39.1,0,0,0
2026-09-06 12:40:00,117.3,22,65,41.4,0,0,0
2026-09-06 12:45:00,114.5,15,65,40.5,0,0,0
2026-09-06 12:50:00,116.1,28,60,35.4,0,0,0
2026-09-06 12:55:00,118.4,25,65,38.6,0,0,0
2026-09-06 13:00:00,119.0,21,63,38.4,0,0,0
2026-09-06 13:05:00,114.4,19,64,36.5,0,0,0
2026-09-06 13:10:00,112.1,18,63,38.2,0,0,0
2026-09-06 13:15:00,111.1,23,62,41.5,0,0,0
2026-09-06 13:20:00,109.3,20,63,40.7,0,107,70
2026-09-06 13:25:00,127.3,24,65,38.4,0,0,0
2026-09-06 13:30:00,142.4,33,64,37.8,0,0,0
2026-09-06 13:35:00,154.2,22,61,40.8,0,0,0
2026-09-06 13:40:00,160.5,466,93,39.5,0,0,0
2026-09-06 13:45:00,161.9,463,94,42.1,0,0,0
2026-09-06 13:50:00,164.9,469,90,39.7,0,0,0
2026-09-06 13:55:00,171.6,13,62,40.6,0,0,0
2026-09-06 14:00:00,172.9,37,61,38.6,0,0,0
2026-09-06 14:05:00,171.4,10,62,38.2,0,0,0
2026-09-06 14:10:00,170.5,49,68,39.9,0,0,0
2026-09-06 14:15:00,171.1,34,66,38.4,0,0,0
2026-09-06 14:20:00,168.2,49,65,39.7,0,0,0
2026-09-06 14:25:00,164.4,20,62,39.9,0,0,0
2026-09-06 14:30:00,160.1,23,58,35.1,0,0,0
2026-09-06 14:35:00,158.3,34,62,41.7,0,0,0
2026-09-06 14:40:00,154.3,32,66,40.1,0,0,0
2026-09-06 14:45:00,154.4,22,65,40.9,0,0,0
2026-09-06 14:50:00,152.4,13,60,41.0,0,0,0
2026-09-06 14:55:00,151.7,20,64,41.9,0,0,0
2026-09-06 15:00:00,148.1,14,60,42.5,0,0,0
2026-09-06 15:05:00,145.0,24,60,35.0,0,0,0
2026-09-06 15:10:00,142.6,17,60,38.8,0,0,0
2026-09-06 15:15:00,143.9,24,66,39.3,0,0,0
2026-09-06 15:20:00,143.9,39,62,39.0,0,0,0
2026-09-06 15:25:00,141.2,21,59,38.7,0,0,0
2026-09-06 15:30:00,138.9,13,60,39.9,0,0,0
2026-09-06 15:35:00,140.5,57,66,37.8,0,0,0
2026-09-06 15:40:00,138.8,14,60,39.2,0,0,0
2026-09-06 15:45:00,138.5,23,61,43.4,0,0,0
2026-09-06 15:50:00,135.3,20,61,38.5,0,0,0
2026-09-06 15:55:00,135.1,16,59,40.9,0,0,0
2026-09-06 16:00:00,138.1,31,65,41.8,0,0,0
2026-09-06 16:05:00,135.9,9,65,41.3,0,0,0
2026-09-06 16:10:00,135.8,23,59,40.3,0,0,0
2026-09-06 16:15:00,135.3,32,62,38.3,0,0,0
2026-09-06 16:20:00,136.6,35,66,41.2,0,0,0
2026-09-06 16:25:00,137.4,15,60,39.7,0,0,0
2026-09-06 16:30:00,135.8,21,63,42.2,0,0,0
2026-09-06 16:35:00,135.4,11,63,41.9,0,0,0
2026-09-06 16:40:00,135.2,26,62,42.2,0,0,0
2026-09-06 16:45:00,132.4,17,63,41.7,0,0,0
2026-09-06 16:50:00,132.6,71,64,41.3,0,0,0
2026-09-06 16:55:00,131.6,17,64,40.3,0,0,0
2026-09-06 17:00:00,131.0,18,61,40.8,0,0,0
2026-09-06 17:05:00,128.2,41,64,42.2,0,0,0
2026-09-06 17:10:00,122.7,20,62,38.9,0,0,0
2026-09-06 17:15:00,122.0,27,67,38.0,0,28,60
2026-09-06 17:20:00,127.5,13,64,37.6,0,0,0
2026-09-06 17:25:00,129.5,20,64,40.7,0,0,0
2026-09-06 17:30:00,131.4,23,64,41.9,0,0,0
2026-09-06 17:35:00,130.5,10,64,40.0,0,0,0
2026-09-06 17:40:00,133.6,41,66,41.4,0,0,0
2026-09-06 17:45:00,134.7,10,60,39.1,0,0,0
2026-09-06 17:50:00,133.5,12,58,40.2,0,0,0
2026-09-06 17:55:00,135.2,42,63,42.9,0,0,0
2026-09-06 18:00:00,130.0,10,62,40.2,0,0,0
2026-09-06 18:05:00,128.4,33,63,35.1,0,0,0
2026-09-06 18:10:00,126.2,11,62,38.0,0,0,0
2026-09-06 18:15:00,124.1,17,61,38.5,0,0,0
2026-09-06 18:20:00,121.2,42,63,37.5,0,0,0
2026-09-06 18:25:00,122.0,11,64,38.4,0,0,0
2026-09-06 18:30:00,120.7,23,64,40.8,0,0,0
2026-09-06 18:35:00,117.8,22,63,39.7,0,0,0
2026-09-06 18:40:00,117.6,11,63,40.5,0,0,0
2026-09-06 18:45:00,121.3,16,67,40.4,0,0,0
2026-09-06 18:50:00,123.4,22,61,41.1,0,0,0
2026-09-06 18:55:00,123.1,29,59,42.0,0,0,0
2026-09-06 19:00:00,125.0,18,64,42.2,0,0,0
2026-09-06 19:05:00,125.5,25,62,37.3,0,0,0
2026-09-06 19:10:00,120.7,20,64,37.8,0,0,0
2026-09-06 19:15:00,118.5,27,62,37.5,0,0,0
2026-09-06 19:20:00,117.8,19,60,39.6,0,0,0
2026-09-06 19:25:00,117.1,14,60,43.2,0,0,0
2026-09-06 19:30:00,117.7,20,60,40.8,0,0,0
2026-09-06 19:35:00,118.0,21,62,33.1,0,0,0
2026-09-06 19:40:00,118.9,20,59,38.2,0,0,0
2026-09-06 19:45:00,119.9,25,63,38.7,0,0,0
2026-09-06 19:50:00,122.6,27,65,36.7,0,0,0
2026-09-06 19:55:00,121.1,17,62,41.2,0,0,0
2026-09-06 20:00:00,117.2,30,61,40.0,0,0,0
2026-09-06 20:05:00,116.4,26,63,39.1,0,0,0
2026-09-06 20:10:00,115.8,13,63,42.6,0,0,0
2026-09-06 20:15:00,114.2,18,63,40.2,0,0,0
2026-09-06 20:20:00,115.9,25,63,38.0,0,0,0
2026-09-06 20:25:00,114.4,12,59,42.5,0,0,0
2026-09-06 20:30:00,114.2,22,62,39.6,0,0,0
2026-09-06 20:35:00,114.3,19,65,39.8,0,0,0
2026-09-06 20:40:00,113.2,13,61,40.3,0,0,0
2026-09-06 20:45:00,113.5,42,69,38.8,0,0,0
2026-09-06 20:50:00,115.4,32,62,43.3,0,0,0
2026-09-06 20:55:00,118.9,34,60,35.6,0,0,0
2026-09-06 21:00:00,119.2,18,64,40.5,0,0,0
2026-09-06 21:05:00,112.9,8,62,40.9,0,0,0
2026-09-06 21:10:00,113.8,32,60,36.9,0,0,0
2026-09-06 21:15:00,112.2,0,58,62.9,1,0,0
2026-09-06 21:20:00,112.6,0,54,61.0,1,0,0
2026-09-06 21:25:00,114.1,0,53,67.3,1,0,0
2026-09-06 21:30:00,116.2,0,56,64.2,1,50,68
2026-09-06 21:35:00,124.8,0,53,66.3,1,0,0
2026-09-06 21:40:00,130.6,0,56,69.0,1,0,0
2026-09-06 21:45:00,135.7,0,60,67.0,1,0,0
2026-09-06 21:50:00,139.7,0,56,65.9,1,0,0
2026-09-06 21:55:00,139.5,1,55,61.1,1,0,0
2026-09-06 22:00:00,144.9,0,55,65.4,1,0,0
2026-09-06 22:05:00,143.1,1,50,64.2,1,0,0
2026-09-06 22:10:00,142.9,1,53,65.6,1,0,0
2026-09-06 22:15:00,140.3,0,54,66.6,1,0,0
2026-09-06 22:20:00,143.0,0,50,66.3,1,0,0
2026-09-06 22:25:00,142.6,1,53,64.0,1,0,0
2026-09-06 22:30:00,142.2,0,52,68.5,1,0,0
2026-09-06 22:35:00,138.9,0,52,67.0,1,0,0
2026-09-06 22:40:00,136.9,0,54,60.1,1,0,0
2026-09-06 22:45:00,134.8,0,53,65.1,1,0,0
2026-09-06 22:50:00,133.6,1,55,65.6,1,0,0
2026-09-06 22:55:00,135.2,0,54,65.7,1,0,0
2026-09-06 23:00:00,134.1,1,56,66.0,1,0,0
2026-09-06 23:05:00,131.7,1,54,63.7,1,0,0
2026-09-06 23:10:00,129.4,0,50,65.5,1,0,0
2026-09-06 23:15:00,131.8,0,51,66.3,1,0,0
2026-09-06 23:20:00,129.0,0,56,63.2,1,0,0
2026-09-06 23:25:00,125.7,0,52,66.0,1,0,0
2026-09-06 23:30:00,125.4,0,50,63.1,1,0,0
2026-09-06 23:35:00,121.2,0,49,64.0,1,0,0
2026-09-06 23:40:00,121.2,0,53,66.5,1,0,0
2026-09-06 23:45:00,116.2,0,54,71.4,1,0,0
2026-09-06 23:50:00,118.6,0,53,68.5,1,0,0
2026-09-06 23:55:00,117.3,0,54,64.0,1,0,0
2026-09-07 00:00:00,109.3,0,49,64.9,1,0,0
2026-09-07 00:05:00,107.3,0,54,68.7,1,0,0
2026-09-07 00:10:00,106.4,1,56,68.7,1,0,0
2026-09-07 00:15:00,107.7,0,53,64.9,1,0,0
2026-09-07 00:20:00,110.2,0,51,68.8,1,0,0
2026-09-07 00:25:00,105.6,0,54,66.3,1,0,0
2026-09-07 00:30:00,109.7,0,51,74.4,1,0,0
2026-09-07 00:35:00,110.0,0,51,71.3,1,0,0
2026-09-07 00:40:00,107.7,0,50,67.8,1,0,0
2026-09-07 00:45:00,108.5,0,52,65.0,1,0,0
2026-09-07 00:50:00,109.3,0,56,64.7,1,0,0
2026-09-07 00:55:00,109.5,0,53,70.3,1,0,0
2026-09-07 01:00:00,111.3,0,55,66.8,1,0,0
2026-09-07 01:05:00,111.2,1,51,67.9,1,0,0
2026-09-07 01:10:00,110.7,0,51,62.3,1,0,0
2026-09-07 01:15:00,110.9,1,52,66.3,1,0,0
2026-09-07 01:20:00,109.6,0,54,67.4,1,0,0
2026-09-07 01:25:00,107.2,0,55,67.8,1,0,0
2026-09-07 01:30:00,105.4,0,54,64.2,1,0,0
2026-09-07 01:35:00,107.3,0,55,68.5,1,0,0
2026-09-07 01:40:00,105.6,0,52,65.8,1,0,0
2026-09-07 01:45:00,108.6,1,51,68.2,1,0,0
2026-09-07 01:50:00,107.2,1,52,64.9,1,0,0
2026-09-07 01:55:00,108.6,0,51,67.4,1,0,0
2026-09-07 02:00:00,108.6,1,52,65.9,1,0,0
2026-09-07 02:05:00,108.3,0,53,66.2,1,0,0
2026-09-07 02:10:00,108.6,0,56,68.0,1,0,0
2026-09-07 02:15:00,108.6,1,52,66.8,1,0,0
2026-09-07 02:20:00,109.2,1,55,66.5,1,0,0
2026-09-07 02:25:00,111.2,1,54,66.2,1,0,0
2026-09-07 02:30:00,107.7,0,56,67.3,1,0,0
2026-09-07 02:35:00,109.3,0,58,66.4,1,0,0
2026-09-07 02:40:00,110.1,0,55,69.3,1,0,0
2026-09-07 02:45:00,111.7,0,51,67.5,1,0,0
2026-09-07 02:50:00,112.8,0,55,69.7,1,0,0
2026-09-07 02:55:00,112.6,2,55,68.5,1,0,0
2026-09-07 03:00:00,112.7,0,52,64.5,1,0,0
2026-09-07 03:05:00,110.0,1,55,66.8,1,0,0
2026-09-07 03:10:00,110.2,1,57,66.0,1,0,0
2026-09-07 03:15:00,113.4,1,54,66.9,1,0,0
2026-09-07 03:20:00,108.3,0,56,65.9,1,0,0
2026-09-07 03:25:00,108.7,0,54,71.4,1,0,0
2026-09-07 03:30:00,107.3,1,52,65.9,1,0,0
2026-09-07 03:35:00,104.4,0,51,64.6,1,0,0
2026-09-07 03:40:00,105.1,0,50,68.7,1,0,0
2026-09-07 03:45:00,103.4,0,51,70.2,1,0,0
2026-09-07 03:50:00,105.1,0,53,65.2,1,0,0
2026-09-07 03:55:00,105.9,1,55,71.8,1,0,0
2026-09-07 04:00:00,106.4,1,52,68.2,1,0,0
2026-09-07 04:05:00,105.8,0,57,67.6,1,0,0
2026-09-07 04:10:00,106.7,0,54,67.2,1,0,0
2026-09-07 04:15:00,105.9,0,56,67.8,1,0,0
2026-09-07 04:20:00,108.3,0,50,64.7,1,0,0
2026-09-07 04:25:00,107.7,0,51,70.1,1,0,0
2026-09-07 04:30:00,106.5,0,53,64.8,1,0,0
2026-09-07 04:35:00,109.6,0,52,69.3,1,0,0
2026-09-07 04:40:00,110.3,0,49,65.4,1,0,0
2026-09-07 04:45:00,108.8,0,49,66.2,1,0,0
2026-09-07 04:50:00,108.4,0,46,64.9,1,0,0
2026-09-07 04:55:00,108.8,0,55,68.5,1,0,0
2026-09-07 05:00:00,109.2,1,53,68.0,1,0,0
2026-09-07 05:05:00,111.3,0,54,66.4,1,0,0
2026-09-07 05:10:00,108.0,0,52,66.6,1,0,0
2026-09-07 05:15:00,107.5,0,51,67.4,1,0,0
2026-09-07 05:20:00,109.8,0,53,67.6,1,0,0
2026-09-07 05:25:00,108.8,0,53,65.5,1,0,0
2026-09-07 05:30:00,110.6,11,63,43.0,0,0,0
2026-09-07 05:35:00,108.0,16,63,41.2,0,0,0
2026-09-07 05:40:00,108.7,7,61,42.0,0,0,0
2026-09-07 05:45:00,109.3,28,64,38.9,0,0,0
2026-09-07 05:50:00,109.4,27,64,41.1,0,0,0
2026-09-07 05:55:00,109.3,6,65,44.2,0,0,0
2026-09-07 06:00:00,106.8,29,63,41.9,0,0,0
2026-09-07 06:05:00,107.8,12,61,42.8,0,0,0
2026-09-07 06:10:00,108.6,25,63,45.2,0,0,0
2026-09-07 06:15:00,109.9,15,60,44.4,0,0,0
2026-09-07 06:20:00,108.8,8,58,39.4,0,0,0
2026-09-07 06:25:00,107.8,13,65,45.0,0,0,0
2026-09-07 06:30:00,107.4,31,64,42.5,0,0,0
2026-09-07 06:35:00,104.5,23,63,38.0,0,0,0
2026-09-07 06:40:00,107.1,13,65,37.6,0,0,0
2026-09-07 06:45:00,111.6,26,63,42.8,0,0,0
2026-09-07 06:50:00,113.4,17,62,38.4,0,0,0
2026-09-07 06:55:00,113.5,26,63,39.3,0,0,0
2026-09-07 07:00:00,113.3,14,60,37.4,0,0,0
2026-09-07 07:05:00,114.2,26,63,43.2,0,0,0
2026-09-07 07:10:00,114.2,19,63,41.6,0,0,0
2026-09-07 07:15:00,114.0,40,63,41.9,0,0,0
2026-09-07 07:20:00,114.2,17,65,42.7,0,0,0
2026-09-07 07:25:00,115.3,14,61,44.2,0,0,0
2026-09-07 07:30:00,113.4,27,65,40.9,0,0,0
2026-09-07 07:35:00,110.6,35,63,41.0,0,40,50
2026-09-07 07:40:00,113.7,13,67,44.7,0,0,0
2026-09-07 07:45:00,117.2,33,66,44.9,0,0,0
2026-09-07 07:50:00,116.2,57,67,40.9,0,0,0
2026-09-07 07:55:00,120.0,12,66,45.9,0,0,0
2026-09-07 08:00:00,124.8,27,63,41.5,0,0,0
2026-09-07 08:05:00,124.5,23,65,39.6,0,0,0
2026-09-07 08:10:00,126.6,22,63,40.1,0,0,0
2026-09-07 08:15:00,123.8,14,64,40.9,0,0,0
2026-09-07 08:20:00,123.4,59,67,42.4,0,0,0
2026-09-07 08:25:00,122.0,21,60,37.5,0,0,0
2026-09-07 08:30:00,118.1,21,60,42.3,0,0,0
2026-09-07 08:35:00,120.1,21,63,40.4,0,0,0
2026-09-07 08:40:00,119.1,14,64,42.2,0,0,0
2026-09-07 08:45:00,118.8,11,62,40.6,0,0,0
2026-09-07 08:50:00,117.4,32,66,39.4,0,0,0
2026-09-07 08:55:00,117.8,52,63,39.7,0,0,0
2026-09-07 09:00:00,117.3,34,62,40.7,0,0,0
2026-09-07 09:05:00,116.9,30,68,40.2,0,0,0
2026-09-07 09:10:00,116.5,22,64,36.2,0,0,0
2026-09-07 09:15:00,116.8,21,62,41.6,0,0,0
2026-09-07 09:20:00,116.4,29,62,43.0,0,0,0
2026-09-07 09:25:00,117.8,37,62,42.5,0,0,0
2026-09-07 09:30:00,117.2,13,61,39.5,0,0,0
2026-09-07 09:35:00,118.3,14,65,43.5,0,0,0
2026-09-07 09:40:00,115.5,12,59,41.3,0,0,0
2026-09-07 09:45:00,115.3,25,60,41.7,0,0,0
2026-09-07 09:50:00,112.0,21,60,42.4,0,0,0
2026-09-07 09:55:00,111.5,40,60,46.0,0,0,0
2026-09-07 10:00:00,109.4,37,63,42.1,0,0,0
2026-09-07 10:05:00,109.3,31,62,39.5,0,0,0
2026-09-07 10:10:00,110.8,12,61,40.0,0,0,0
2026-09-07 10:15:00,112.8,45,63,38.6,0,0,0
2026-09-07 10:20:00,111.4,22,62,40.1,0,0,0
2026-09-07 10:25:00,112.4,13,61,40.7,0,0,0
2026-09-07 10:30:00,110.9,27,64,39.6,0,0,0
2026-09-07 10:35:00,109.3,12,60,41.1,0,0,0
2026-09-07 10:40:00,111.2,28,63,41.8,0,0,0
2026-09-07 10:45:00,108.6,24,65,40.1,0,0,0
2026-09-07 10:50:00,106.9,30,64,42.7,0,0,0
2026-09-07 10:55:00,107.6,33,64,42.9,0,0,0
2026-09-07 11:00:00,107.2,17,58,38.1,0,0,0
2026-09-07 11:05:00,108.6,39,63,39.8,0,0,0
2026-09-07 11:10:00,109.6,15,61,40.9,0,0,0
2026-09-07 11:15:00,109.6,7,61,41.6,0,0,0
2026-09-07 11:20:00,109.4,33,62,39.4,0,0,0
2026-09-07 11:25:00,107.0,13,63,41.6,0,0,0
2026-09-07 11:30:00,101.1,19,62,41.4,0,0,0
2026-09-07 11:35:00,98.3,34,58,40.0,0,0,0
2026-09-07 11:40:00,97.4,30,62,41.9,0,0,0
2026-09-07 11:45:00,98.9,25,64,45.7,0,0,0
2026-09-07 11:50:00,99.0,21,64,39.6,0,0,0
2026-09-07 11:55:00,102.0,27,63,40.6,0,0,0
2026-09-07 12:00:00,102.6,40,63,39.2,0,0,0
2026-09-07 12:05:00,102.1,23,61,43.6,0,0,0
2026-09-07 12:10:00,100.7,28,63,41.1,0,0,0
2026-09-07 12:15:00,100.1,14,64,43.1,0,0,0
2026-09-07 12:20:00,101.0,21,62,38.3,0,0,0
2026-09-07 12:25:00,99.4,22,61,39.4,0,0,0
2026-09-07 12:30:00,98.9,21,61,38.8,0,0,0
2026-09-07 12:35:00,101.6,21,63,42.5,0,0,0
2026-09-07 12:40:00,101.9,22,63,43.9,0,0,0
2026-09-07 12:45:00,104.5,25,67,39.7,0,0,0
2026-09-07 12:50:00,106.2,18,63,37.2,0,0,0
2026-09-07 12:55:00,109.5,14,63,45.2,0,0,0
2026-09-07 13:00:00,109.4,14,63,41.3,0,0,0
2026-09-07 13:05:00,108.3,28,62,40.1,0,0,0
2026-09-07 13:10:00,110.8,15,61,42.6,0,0,0
2026-09-07 13:15:00,112.2,25,65,41.9,0,0,0
2026-09-07 13:20:00,107.0,22,59,40.7,0,0,0
2026-09-07 13:25:00,107.0,22,62,42.3,0,0,0
2026-09-07 13:30:00,106.3,16,59,41.5,0,0,0
2026-09-07 13:35:00,102.1,28,66,43.8,0,0,0
2026-09-07 13:40:00,98.6,25,64,40.2,0,0,0
2026-09-07 13:45:00,100.2,9,57,44.8,0,0,0
2026-09-07 13:50:00,105.2,9,65,40.1,0,67,68
2026-09-07 13:55:00,114.1,20,67,44.8,0,0,0
2026-09-07 14:00:00,122.2,22,65,41.7,0,0,0
2026-09-07 14:05:00,128.5,42,66,43.8,0,0,0
2026-09-07 14:10:00,133.2,443,93,40.9,0,0,0
2026-09-07 14:15:00,134.5,442,87,45.0,0,0,0
2026-09-07 14:20:00,135.3,427,90,41.4,0,0,0
2026-09-07 14:25:00,140.0,426,87,40.4,0,0,0
2026-09-07 14:30:00,140.0,15,59,42.4,0,0,0
2026-09-07 14:35:00,139.8,29,65,41.5,0,0,0
2026-09-07 14:40:00,142.7,81,64,46.9,0,0,0
2026-09-07 14:45:00,141.4,23,64,40.4,0,0,0
2026-09-07 14:50:00,140.4,21,61,42.5,0,0,0
2026-09-07 14:55:00,137.6,16,62,37.0,0,0,0
2026-09-07 15:00:00,134.6,20,63,40.3,0,0,0
2026-09-07 15:05:00,135.3,24,61,40.5,0,0,0
2026-09-07 15:10:00,131.0,10,60,42.9,0,0,0
2026-09-07 15:15:00,132.6,7,57,38.8,0,0,0
2026-09-07 15:20:00,130.2,14,65,41.4,0,0,0
2026-09-07 15:25:00,124.9,12,59,39.4,0,0,0
2026-09-07 15:30:00,125.6,14,59,45.5,0,0,0
2026-09-07 15:35:00,124.3,18,63,41.3,0,0,0
2026-09-07 15:40:00,122.5,41,65,40.8,0,0,0
2026-09-07 15:45:00,120.8,15,61,45.1,0,0,0
2026-09-07 15:50:00,121.5,29,63,40.1,0,0,0
2026-09-07 15:55:00,125.1,32,63,42.3,0,0,0
2026-09-07 16:00:00,122.9,54,66,43.0,0,0,0
2026-09-07 16:05:00,120.7,51,59,40.9,0,0,0
2026-09-07 16:10:00,120.5,27,64,39.9,0,0,0
2026-09-07 16:15:00,119.6,25,65,42.2,0,0,0
2026-09-07 16:20:00,117.6,13,63,41.8,0,0,0
2026-09-07 16:25:00,119.5,30,61,36.0,0,0,0
2026-09-07 16:30:00,114.0,21,64,39.6,0,0,0
2026-09-07 16:35:00,112.5,13,63,44.2,0,0,0
2026-09-07 16:40:00,113.8,23,63,37.8,0,0,0
2026-09-07 16:45:00,114.4,38,64,44.0,0,0,0
2026-09-07 16:50:00,113.6,26,63,44.2,0,0,0
2026-09-07 16:55:00,115.7,31,64,44.8,0,21,50
2026-09-07 17:00:00,119.5,15,66,42.0,0,0,0
2026-09-07 17:05:00,119.2,17,67,40.1,0,0,0
2026-09-07 17:10:00,116.9,39,65,43.2,0,0,0
2026-09-07 17:15:00,118.4,15,63,44.3,0,0,0
2026-09-07 17:20:00,114.9,36,69,41.3,0,0,0
2026-09-07 17:25:00,117.8,25,66,41.7,0,0,0
2026-09-07 17:30:00,118.2,31,62,42.7,0,0,0
2026-09-07 17:35:00,117.0,34,65,41.3,0,0,0
2026-09-07 17:40:00,120.0,44,66,41.3,0,0,0
2026-09-07 17:45:00,121.5,8,62,41.5,0,0,0
2026-09-07 17:50:00,120.0,31,60,40.3,0,0,0
2026-09-07 17:55:00,121.6,29,67,38.6,0,0,0
2026-09-07 18:00:00,121.1,31,61,41.1,0,0,0
2026-09-07 18:05:00,120.8,13,63,40.4,0,0,0
2026-09-07 18:10:00,121.3,34,62,42.7,0,0,0
2026-09-07 18:15:00,120.4,35,61,41.5,0,0,0
2026-09-07 18:20:00,120.6,26,63,35.6,0,0,0
2026-09-07 18:25:00,115.6,24,63,45.4,0,0,0
2026-09-07 18:30:00,116.7,37,66,41.4,0,0,0
2026-09-07 18:35:00,114.4,15,62,46.3,0,0,0
2026-09-07 18:40:00,112.8,13,61,40.3,0,0,0
2026-09-07 18:45:00,111.4,54,67,42.5,0,0,0
2026-09-07 18:50:00,112.1,17,56,41.1,0,0,0
2026-09-07 18:55:00,112.0,30,62,42.4,0,0,0
2026-09-07 19:00:00,110.9,20,62,43.4,0,0,0
2026-09-07 19:05:00,110.1,24,61,41.0,0,0,0
2026-09-07 19:10:00,112.0,27,64,44.9,0,0,0
2026-09-07 19:15:00,112.9,20,63,43.3,0,0,0
2026-09-07 19:20:00,112.1,21,60,42.2,0,0,0
2026-09-07 19:25:00,111.3,31,64,41.6,0,0,0
2026-09-07 19:30:00,109.1,8,62,40.1,0,0,0
2026-09-07 19:35:00,105.8,26,61,40.3,0,0,0
2026-09-07 19:40:00,108.0,37,60,41.7,0,0,0
2026-09-07 19:45:00,104.1,20,64,42.1,0,0,0
2026-09-07 19:50:00,107.2,22,65,41.8,0,0,0
2026-09-07 19:55:00,109.1,18,65,40.6,0,0,0
2026-09-07 20:00:00,111.4,21,60,41.4,0,0,0
2026-09-07 20:05:00,110.8,10,64,42.1,0,0,0
2026-09-07 20:10:00,110.6,14,62,42.8,0,0,0
2026-09-07 20:15:00,107.5,19,62,41.5,0,0,0
2026-09-07 20:20:00,106.4,17,65,37.6,0,0,0
2026-09-07 20:25:00,106.9,22,61,40.1,0,0,0
2026-09-07 20:30:00,107.0,15,61,44.9,0,0,0
2026-09-07 20:35:00,103.9,30,61,40.2,0,0,0
2026-09-07 20:40:00,100.7,24,65,44.0,0,0,0
2026-09-07 20:45:00,100.4,11,62,46.1,0,0,0
2026-09-07 20:50:00,104.7,15,64,45.9,0,74,75
2026-09-07 20:55:00,114.8,19,61,41.8,0,0,0
2026-09-07 21:00:00,123.0,43,68,39.7,0,0,0
2026-09-07 21:05:00,132.5,24,63,40.6,0,0,0
2026-09-07 21:10:00,137.2,56,66,41.9,0,0,0
2026-09-07 21:15:00,145.6,36,64,39.4,0,0,0
2026-09-07 21:20:00,148.3,29,64,38.8,0,0,0
2026-09-07 21:25:00,152.2,28,61,41.0,0,0,0
2026-09-07 21:30:00,150.4,14,60,40.5,0,0,0
2026-09-07 21:35:00,152.6,26,59,40.4,0,0,0
2026-09-07 21:40:00,152.0,40,65,43.1,0,0,0
2026-09-07 21:45:00,150.7,21,63,40.1,0,0,0
2026-09-07 21:50:00,150.0,52,69,39.9,0,0,0
2026-09-07 21:55:00,149.5,16,61,42.0,0,0,0
2026-09-07 22:00:00,146.4,15,61,41.8,0,0,0
2026-09-07 22:05:00,143.9,27,64,41.5,0,0,0
2026-09-07 22:10:00,148.4,22,66,41.0,0,0,0
2026-09-07 22:15:00,145.1,34,62,40.4,0,0,0
2026-09-07 22:20:00,142.2,30,61,43.3,0,0,0
2026-09-07 22:25:00,140.1,24,63,38.6,0,0,0
2026-09-07 22:30:00,136.3,19,61,41.7,0,0,0
2026-09-07 22:35:00,136.1,32,64,44.2,0,0,0
2026-09-07 22:40:00,135.4,26,64,42.9,0,0,0
2026-09-07 22:45:00,137.6,23,62,42.9,0,0,0
2026-09-07 22:50:00,135.2,23,64,42.0,0,0,0
2026-09-07 22:55:00,130.5,25,65,44.3,0,0,0
2026-09-07 23:00:00,129.8,8,64,36.8,0,0,0
2026-09-07 23:05:00,127.0,18,63,41.7,0,0,0
2026-09-07 23:10:00,124.5,2,51,65.3,1,0,0
2026-09-07 23:15:00,119.5,1,53,68.2,1,0,0
2026-09-07 23:20:00,113.6,0,57,68.3,1,0,0
2026-09-07 23:25:00,114.7,1,56,65.1,1,0,0
2026-09-07 23:30:00,116.3,0,55,66.9,1,0,0
2026-09-07 23:35:00,117.7,0,51,68.2,1,0,0
2026-09-07 23:40:00,113.2,2,51,69.6,1,0,0
2026-09-07 23:45:00,112.1,0,50,66.2,1,0,0
2026-09-07 23:50:00,115.6,0,48,65.3,1,0,0
2026-09-07 23:55:00,115.3,0,52,67.9,1,0,0
2026-09-08 00:00:00,113.4,0,54,69.5,1,0,0
2026-09-08 00:05:00,112.8,0,53,67.3,1,0,0
2026-09-08 00:10:00,113.5,2,53,66.8,1,0,0
2026-09-08 00:15:00,115.5,0,53,68.7,1,0,0
2026-09-08 00:20:00,116.1,0,54,65.7,1,0,0
2026-09-08 00:25:00,117.1,0,53,67.3,1,0,0
2026-09-08 00:30:00,114.1,0,52,66.8,1,0,0
2026-09-08 00:35:00,110.3,1,54,69.1,1,0,0
2026-09-08 00:40:00,110.8,0,55,71.0,1,0,0
2026-09-08 00:45:00,112.7,0,54,67.5,1,0,0
2026-09-08 00:50:00,111.8,0,50,65.4,1,0,0
2026-09-08 00:55:00,113.2,2,53,64.9,1,0,0
2026-09-08 01:00:00,111.1,0,49,69.0,1,0,0
2026-09-08 01:05:00,112.2,0,54,65.5,1,0,0
2026-09-08 01:10:00,112.5,0,52,64.8,1,0,0
2026-09-08 01:15:00,111.7,0,56,66.7,1,0,0
2026-09-08 01:20:00,109.6,0,52,68.8,1,0,0
2026-09-08 01:25:00,109.3,0,52,70.1,1,0,0
2026-09-08 01:30:00,111.1,0,53,65.9,1,0,0
2026-09-08 01:35:00,109.0,0,55,69.1,1,0,0
2026-09-08 01:40:00,107.6,0,53,67.3,1,0,0
2026-09-08 01:45:00,111.2,0,53,66.2,1,0,0
2026-09-08 01:50:00,110.8,0,53,66.1,1,0,0
2026-09-08 01:55:00,110.0,0,55,66.7,1,0,0
2026-09-08 02:00:00,110.0,0,52,69.4,1,0,0
2026-09-08 02:05:00,109.1,0,49,65.6,1,0,0
2026-09-08 02:10:00,110.4,0,55,66.8,1,0,0
2026-09-08 02:15:00,108.8,1,55,66.2,1,0,0
2026-09-08 02:20:00,110.4,1,50,68.8,1,0,0
2026-09-08 02:25:00,108.9,0,53,67.4,1,0,0
2026-09-08 02:30:00,109.3,1,53,65.4,1,0,0
2026-09-08 02:35:00,107.9,1,50,69.1,1,0,0
2026-09-08 02:40:00,109.9,0,54,68.0,1,0,0
2026-09-08 02:45:00,109.1,0,52,68.9,1,0,0
2026-09-08 02:50:00,106.4,0,51,67.6,1,0,0
2026-09-08 02:55:00,105.0,0,51,64.4,1,0,0
2026-09-08 03:00:00,102.0,1,54,71.3,1,0,0
2026-09-08 03:05:00,102.4,0,52,67.3,1,0,0
2026-09-08 03:10:00,101.1,0,56,68.1,1,0,0
2026-09-08 03:15:00,103.9,0,54,69.5,1,0,0
2026-09-08 03:20:00,104.7,0,53,68.6,1,0,0
2026-09-08 03:25:00,107.8,1,53,68.8,1,0,0
2026-09-08 03:30:00,107.6,0,50,65.0,1,0,0
2026-09-08 03:35:00,109.4,0,53,65.8,1,0,0
2026-09-08 03:40:00,111.2,0,53,66.8,1,0,0
2026-09-08 03:45:00,107.5,1,50,69.3,1,0,0
2026-09-08 03:50:00,105.2,0,57,66.6,1,0,0
2026-09-08 03:55:00,109.4,0,54,66.7,1,0,0
2026-09-08 04:00:00,108.8,0,53,65.2,1,0,0
2026-09-08 04:05:00,110.8,0,53,66.6,1,0,0
2026-09-08 04:10:00,109.3,0,51,69.4,1,0,0
2026-09-08 04:15:00,110.0,1,50,68.1,1,0,0
2026-09-08 04:20:00,110.4,0,56,70.6,1,0,0
2026-09-08 04:25:00,112.9,0,51,66.5,1,0,0
2026-09-08 04:30:00,112.2,0,54,68.1,1,0,0
2026-09-08 04:35:00,113.6,0,56,68.6,1,0,0
2026-09-08 04:40:00,114.4,1,50,66.9,1,0,0
2026-09-08 04:45:00,112.9,0,52,66.3,1,0,0
2026-09-08 04:50:00,110.9,0,54,68.3,1,0,0
2026-09-08 04:55:00,110.5,2,53,63.1,1,0,0
2026-09-08 05:00:00,112.7,0,52,63.3,1,0,0
2026-09-08 05:05:00,113.7,1,54,65.6,1,0,0
2026-09-08 05:10:00,115.1,0,52,68.4,1,0,0
2026-09-08 05:15:00,114.0,0,52,63.0,1,0,0
2026-09-08 05:20:00,114.0,0,54,68.4,1,0,0
2026-09-08 05:25:00,115.8,0,51,66.4,1,0,0
2026-09-08 05:30:00,118.0,0,54,62.9,1,0,0
2026-09-08 05:35:00,117.2,0,51,64.7,1,0,0
2026-09-08 05:40:00,115.2,0,50,66.4,1,0,0
2026-09-08 05:45:00,120.1,0,56,65.2,1,0,0
2026-09-08 05:50:00,115.9,0,55,65.8,1,0,0
2026-09-08 05:55:00,118.2,0,53,66.1,1,0,0
2026-09-08 06:00:00,118.3,0,56,64.3,1,0,0
2026-09-08 06:05:00,116.8,0,51,67.8,1,0,0
2026-09-08 06:10:00,115.6,0,56,69.1,1,0,0
2026-09-08 06:15:00,114.5,33,65,41.0,0,0,0
2026-09-08 06:20:00,110.7,22,62,40.2,0,0,0
2026-09-08 06:25:00,113.0,11,63,41.9,0,0,0
2026-09-08 06:30:00,110.5,19,61,45.9,0,0,0
2026-09-08 06:35:00,110.9,9,64,39.9,0,0,0
2026-09-08 06:40:00,109.9,7,63,41.0,0,0,0
2026-09-08 06:45:00,113.2,25,56,44.2,0,0,0
2026-09-08 06:50:00,113.8,9,62,38.2,0,0,0
2026-09-08 06:55:00,114.1,15,65,41.2,0,0,0
2026-09-08 07:00:00,114.7,11,63,36.9,0,0,0
2026-09-08 07:05:00,111.3,28,60,45.7,0,0,0
2026-09-08 07:10:00,113.2,5,61,40.9,0,0,0
2026-09-08 07:15:00,112.0,33,65,36.9,0,0,0
2026-09-08 07:20:00,111.2,25,64,42.4,0,0,0
2026-09-08 07:25:00,107.6,24,63,40.9,0,0,0
2026-09-08 07:30:00,110.8,23,62,40.5,0,0,0
2026-09-08 07:35:00,108.8,44,63,40.7,0,0,0
2026-09-08 07:40:00,111.9,24,61,40.0,0,0,0
2026-09-08 07:45:00,112.5,20,61,43.3,0,0,0
2026-09-08 07:50:00,113.0,15,62,40.4,0,0,0
2026-09-08 07:55:00,114.9,36,67,40.7,0,67,70
2026-09-08 08:00:00,125.1,43,66,39.9,0,0,0
2026-09-08 08:05:00,129.9,14,64,43.9,0,0,0
2026-09-08 08:10:00,133.4,18,64,41.6,0,0,0
2026-09-08 08:15:00,138.3,27,67,43.1,0,0,0
2026-09-08 08:20:00,141.1,17,67,43.4,0,0,0
2026-09-08 08:25:00,142.5,26,64,42.0,0,0,0
2026-09-08 08:30:00,145.0,24,63,43.1,0,0,0
2026-09-08 08:35:00,147.4,8,59,41.2,0,0,0
2026-09-08 08:40:00,150.3,20,62,38.6,0,0,0
2026-09-08 08:45:00,152.7,39,62,40.6,0,0,0
2026-09-08 08:50:00,151.9,29,64,42.3,0,0,0
2026-09-08 08:55:00,147.1,41,66,40.4,0,0,0
2026-09-08 09:00:00,146.4,17,62,41.2,0,0,0
2026-09-08 09:05:00,144.9,7,61,40.7,0,0,0
2026-09-08 09:10:00,142.3,15,63,40.2,0,0,0
2026-09-08 09:15:00,141.6,15,66,40.3,0,0,0
2026-09-08 09:20:00,143.6,22,63,40.6,0,0,0
2026-09-08 09:25:00,141.1,11,59,41.2,0,0,0
2026-09-08 09:30:00,136.4,15,57,38.3,0,0,0
2026-09-08 09:35:00,137.7,26,62,39.9,0,0,0
2026-09-08 09:40:00,138.5,28,65,40.0,0,0,0
2026-09-08 09:45:00,133.0,9,64,44.4,0,0,0
2026-09-08 09:50:00,132.9,27,64,35.8,0,0,0
2026-09-08 09:55:00,128.4,13,63,38.8,0,0,0
2026-09-08 10:00:00,125.5,39,66,43.5,0,0,0
2026-09-08 10:05:00,124.1,15,62,38.7,0,0,0
2026-09-08 10:10:00,120.9,24,63,47.4,0,0,0
2026-09-08 10:15:00,122.3,40,64,43.9,0,0,0
2026-09-08 10:20:00,119.3,15,65,41.3,0,0,0
2026-09-08 10:25:00,118.7,23,62,41.7,0,0,0
2026-09-08 10:30:00,116.2,16,63,40.2,0,0,0
2026-09-08 10:35:00,115.4,6,60,42.3,0,0,0
2026-09-08 10:40:00,114.2,24,64,42.9,0,0,0
2026-09-08 10:45:00,116.6,32,62,43.7,0,0,0
2026-09-08 10:50:00,117.0,20,62,41.1,0,0,0
2026-09-08 10:55:00,115.2,28,58,42.5,0,0,0
2026-09-08 11:00:00,117.5,17,62,42.1,0,0,0
2026-09-08 11:05:00,117.2,28,63,40.0,0,0,0
2026-09-08 11:10:00,115.0,10,61,36.3,0,0,0
2026-09-08 11:15:00,117.1,18,61,39.9,0,0,0
2026-09-08 11:20:00,114.5,15,64,43.4,0,0,0
2026-09-08 11:25:00,114.5,25,60,44.1,0,0,0
2026-09-08 11:30:00,111.4,13,61,38.7,0,0,0
2026-09-08 11:35:00,108.7,13,62,37.9,0,0,0
2026-09-08 11:40:00,108.4,27,60,42.7,0,0,0
2026-09-08 11:45:00,107.8,12,61,41.1,0,0,0
2026-09-08 11:50:00,111.6,13,61,42.7,0,0,0
2026-09-08 11:55:00,110.2,16,63,41.8,0,0,0
2026-09-08 12:00:00,112.5,16,61,41.1,0,0,0
2026-09-08 12:05:00,111.0,22,62,39.3,0,0,0
2026-09-08 12:10:00,113.4,22,58,39.7,0,0,0
2026-09-08 12:15:00,114.1,30,65,40.0,0,0,0
2026-09-08 12:20:00,114.1,7,60,37.8,0,0,0
2026-09-08 12:25:00,111.4,22,63,41.7,0,0,0
2026-09-08 12:30:00,112.3,44,65,40.3,0,0,0
2026-09-08 12:35:00,113.3,11,59,41.7,0,0,0
2026-09-08 12:40:00,114.1,23,62,41.2,0,0,0
2026-09-08 12:45:00,110.3,32,59,38.5,0,0,0
2026-09-08 12:50:00,110.5,14,62,39.7,0,0,0
2026-09-08 12:55:00,111.9,39,67,39.9,0,0,0
2026-09-08 13:00:00,109.3,16,65,44.2,0,0,0
2026-09-08 13:05:00,109.2,33,64,39.8,0,0,0
2026-09-08 13:10:00,110.9,30,60,42.6,0,0,0
2026-09-08 13:15:00,107.3,49,65,41.2,0,0,0
2026-09-08 13:20:00,107.5,33,62,39.4,0,0,0
2026-09-08 13:25:00,105.8,28,68,41.4,0,81,75
2026-09-08 13:30:00,120.5,12,66,43.7,0,0,0
2026-09-08 13:35:00,128.7,12,66,38.7,0,0,0
2026-09-08 13:40:00,135.6,18,64,41.8,0,0,0
2026-09-08 13:45:00,139.7,41,65,39.8,0,0,0
2026-09-08 13:50:00,146.5,29,64,40.0,0,0,0
2026-09-08 13:55:00,145.5,25,66,40.8,0,0,0
2026-09-08 14:00:00,149.2,16,59,37.5,0,0,0
2026-09-08 14:05:00,150.5,35,65,40.2,0,0,0
2026-09-08 14:10:00,150.5,15,63,41.5,0,0,0
2026-09-08 14:15:00,149.6,21,64,40.6,0,0,0
2026-09-08 14:20:00,150.1,27,62,45.6,0,0,0
2026-09-08 14:25:00,146.7,27,61,41.1,0,0,0
2026-09-08 14:30:00,147.2,23,62,39.4,0,0,0
2026-09-08 14:35:00,146.0,17,62,38.1,0,0,0
2026-09-08 14:40:00,145.1,8,60,36.3,0,0,0
2026-09-08 14:45:00,141.9,15,62,41.3,0,0,0
2026-09-08 14:50:00,139.7,39,64,36.3,0,0,0
2026-09-08 14:55:00,135.8,15,64,40.1,0,0,0
2026-09-08 15:00:00,138.0,17,60,38.4,0,0,0
2026-09-08 15:05:00,138.5,16,61,39.2,0,0,0
2026-09-08 15:10:00,137.5,39,65,39.1,0,0,0
2026-09-08 15:15:00,134.3,24,65,42.8,0,0,0
2026-09-08 15:20:00,135.5,29,65,40.6,0,0,0
2026-09-08 15:25:00,133.5,14,62,42.4,0,0,0
2026-09-08 15:30:00,131.1,5,59,39.7,0,0,0
2026-09-08 15:35:00,126.3,18,65,42.5,0,0,0
2026-09-08 15:40:00,124.0,13,62,39.9,0,0,0
2026-09-08 15:45:00,124.7,17,62,38.3,0,0,0
2026-09-08 15:50:00,122.8,17,61,41.6,0,0,0
2026-09-08 15:55:00,121.4,19,63,39.5,0,0,0
2026-09-08 16:00:00,121.0,13,60,43.9,0,0,0
2026-09-08 16:05:00,120.6,9,64,41.6,0,0,0
2026-09-08 16:10:00,116.4,35,65,37.4,0,0,0
2026-09-08 16:15:00,115.5,27,62,39.4,0,0,0
2026-09-08 16:20:00,113.6,14,59,42.8,0,0,0
2026-09-08 16:25:00,110.5,21,62,38.5,0,0,0
2026-09-08 16:30:00,110.2,40,61,41.8,0,0,0
2026-09-08 16:35:00,107.7,19,64,41.2,0,0,0
2026-09-08 16:40:00,108.7,40,63,40.6,0,0,0
2026-09-08 16:45:00,110.8,18,63,40.6,0,0,0
2026-09-08 16:50:00,113.1,33,64,40.3,0,0,0
2026-09-08 16:55:00,114.7,15,63,41.5,0,0,0
2026-09-08 17:00:00,113.2,11,61,41.4,0,0,0
2026-09-08 17:05:00,113.0,20,66,45.0,0,20,50
2026-09-08 17:10:00,116.0,3,63,42.7,0,0,0
2026-09-08 17:15:00,118.5,12,67,35.4,0,0,0
2026-09-08 17:20:00,120.3,21,67,40.2,0,0,0
2026-09-08 17:25:00,117.7,8,66,42.0,0,0,0
2026-09-08 17:30:00,124.9,19,66,38.8,0,0,0
2026-09-08 17:35:00,125.2,23,62,41.2,0,0,0
2026-09-08 17:40:00,124.5,35,64,40.2,0,0,0
2026-09-08 17:45:00,123.8,16,62,43.8,0,0,0
2026-09-08 17:50:00,122.0,54,64,40.7,0,0,0
2026-09-08 17:55:00,119.6,16,62,42.7,0,0,0
2026-09-08 18:00:00,117.4,17,63,39.9,0,0,0
2026-09-08 18:05:00,117.9,18,62,40.4,0,0,0
2026-09-08 18:10:00,120.3,18,61,37.7,0,0,0
2026-09-08 18:15:00,120.4,20,65,41.4,0,0,0
2026-09-08 18:20:00,121.0,9,63,40.8,0,0,0
2026-09-08 18:25:00,119.0,27,58,40.7,0,0,0
2026-09-08 18:30:00,116.6,19,62,40.2,0,0,0
2026-09-08 18:35:00,116.1,20,58,42.8,0,0,0
2026-09-08 18:40:00,115.1,22,61,39.5,0,0,0
2026-09-08 18:45:00,114.0,13,61,41.1,0,0,0
2026-09-08 18:50:00,116.1,24,59,41.0,0,0,0
2026-09-08 18:55:00,115.8,23,64,41.3,0,0,0
2026-09-08 19:00:00,115.0,10,61,43.4,0,0,0
2026-09-08 19:05:00,115.7,14,62,40.9,0,0,0
2026-09-08 19:10:00,113.8,16,63,38.8,0,0,0
2026-09-08 19:15:00,117.2,49,68,39.6,0,0,0
2026-09-08 19:20:00,116.2,32,62,40.5,0,0,0
2026-09-08 19:25:00,116.4,426,86,40.4,0,0,0
2026-09-08 19:30:00,114.8,419,89,41.3,0,0,0
2026-09-08 19:35:00,115.6,421,85,38.9,0,0,0
2026-09-08 19:40:00,115.3,10,60,43.4,0,0,0
2026-09-08 19:45:00,114.9,22,64,41.6,0,0,0
2026-09-08 19:50:00,111.7,21,61,38.4,0,0,0
2026-09-08 19:55:00,110.8,11,60,42.3,0,0,0
2026-09-08 20:00:00,114.4,21,61,39.8,0,0,0
2026-09-08 20:05:00,115.4,21,64,39.7,0,0,0
2026-09-08 20:10:00,114.1,20,60,41.9,0,0,0
2026-09-08 20:15:00,109.3,16,60,41.3,0,0,0
2026-09-08 20:20:00,112.2,21,64,42.7,0,0,0
2026-09-08 20:25:00,114.1,23,62,39.7,0,0,0
2026-09-08 20:30:00,116.7,29,60,40.1,0,0,0
2026-09-08 20:35:00,116.2,27,61,40.4,0,0,0
2026-09-08 20:40:00,115.7,26,63,38.0,0,0,0
2026-09-08 20:45:00,115.1,10,62,43.5,0,0,0
2026-09-08 20:50:00,111.2,22,66,43.2,0,65,55
2026-09-08 20:55:00,118.4,18,65,38.0,0,0,0
2026-09-08 21:00:00,124.6,19,67,42.0,0,0,0
2026-09-08 21:05:00,131.3,61,66,40.4,0,0,0
2026-09-08 21:10:00,130.4,44,65,37.0,0,0,0
2026-09-08 21:15:00,132.0,13,62,44.2,0,0,0
2026-09-08 21:20:00,134.1,26,65,38.9,0,0,0
2026-09-08 21:25:00,135.8,13,63,39.0,0,0,0
2026-09-08 21:30:00,134.9,26,63,40.6,0,0,0
2026-09-08 21:35:00,136.5,16,62,40.2,0,0,0
2026-09-08 21:40:00,135.1,11,64,41.3,0,0,0
2026-09-08 21:45:00,133.9,23,62,43.8,0,0,0
2026-09-08 21:50:00,131.5,29,60,40.8,0,0,0
2026-09-08 21:55:00,132.3,19,64,43.8,0,0,0
2026-09-08 22:00:00,129.6,8,59,43.1,0,0,0
2026-09-08 22:05:00,131.6,9,62,41.9,0,0,0
2026-09-08 22:10:00,130.6,22,65,40.5,0,0,0
2026-09-08 22:15:00,131.3,25,63,44.8,0,0,0
2026-09-08 22:20:00,131.6,18,63,40.7,0,0,0
2026-09-08 22:25:00,130.9,31,61,42.4,0,0,0
2026-09-08 22:30:00,129.0,20,61,36.9,0,0,0
2026-09-08 22:35:00,126.0,15,59,39.5,0,0,0
2026-09-08 22:40:00,124.4,22,58,39.4,0,0,0
2026-09-08 22:45:00,124.2,14,61,38.1,0,0,0
2026-09-08 22:50:00,122.6,50,64,40.9,0,0,0
2026-09-08 22:55:00,121.8,11,59,40.3,0,0,0
2026-09-08 23:00:00,123.6,23,60,37.8,0,0,0
2026-09-08 23:05:00,123.5,17,61,40.2,0,0,0
2026-09-08 23:10:00,121.4,17,60,40.7,0,0,0
2026-09-08 23:15:00,120.7,23,60,44.1,0,0,0
2026-09-08 23:20:00,118.3,0,54,70.0,1,0,0
2026-09-08 23:25:00,120.1,1,53,67.2,1,0,0
2026-09-08 23:30:00,120.2,0,53,68.6,1,0,0
2026-09-08 23:35:00,121.1,1,52,66.2,1,0,0
2026-09-08 23:40:00,117.5,1,55,67.0,1,0,0
2026-09-08 23:45:00,116.7,0,55,66.8,1,0,0
2026-09-08 23:50:00,116.2,1,50,69.5,1,0,0
2026-09-08 23:55:00,114.1,0,54,69.3,1,0,0
2026-09-09 00:00:00,111.1,2,55,67.5,1,0,0
2026-09-09 00:05:00,112.2,0,52,69.3,1,0,0
2026-09-09 00:10:00,113.4,0,53,68.3,1,0,0
2026-09-09 00:15:00,112.0,0,51,66.6,1,0,0
2026-09-09 00:20:00,110.7,0,55,71.0,1,0,0
2026-09-09 00:25:00,112.5,1,51,67.7,1,0,0
2026-09-09 00:30:00,113.6,1,55,65.2,1,0,0
2026-09-09 00:35:00,110.1,0,56,61.7,1,0,0
2026-09-09 00:40:00,106.9,0,52,68.8,1,0,0
2026-09-09 00:45:00,110.5,0,52,65.6,1,0,0
2026-09-09 00:50:00,108.2,1,53,67.3,1,0,0
2026-09-09 00:55:00,109.6,0,51,68.2,1,0,0
2026-09-09 01:00:00,108.8,0,57,68.0,1,0,0
2026-09-09 01:05:00,108.7,1,55,64.1,1,0,0
2026-09-09 01:10:00,108.7,0,51,67.9,1,0,0
2026-09-09 01:15:00,106.1,1,52,67.8,1,0,0
2026-09-09 01:20:00,107.9,1,53,69.3,1,0,0
2026-09-09 01:25:00,103.5,0,53,66.7,1,0,0
2026-09-09 01:30:00,107.3,0,52,71.0,1,0,0
2026-09-09 01:35:00,106.1,0,52,65.7,1,0,0
2026-09-09 01:40:00,107.2,1,56,67.5,1,0,0
2026-09-09 01:45:00,111.3,1,54,65.3,1,0,0
2026-09-09 01:50:00,112.6,0,51,66.6,1,0,0
2026-09-09 01:55:00,114.4,1,54,65.1,1,0,0
2026-09-09 02:00:00,112.5,2,57,66.3,1,0,0
2026-09-09 02:05:00,109.5,0,50,67.1,1,0,0
2026-09-09 02:10:00,108.1,0,53,70.7,1,0,0
2026-09-09 02:15:00,108.3,1,55,65.7,1,0,0
2026-09-09 02:20:00,109.2,0,56,64.9,1,0,0
2026-09-09 02:25:00,109.3,0,58,65.5,1,0,0
2026-09-09 02:30:00,109.8,0,52,66.2,1,0,0
2026-09-09 02:35:00,114.3,1,47,70.0,1,0,0
2026-09-09 02:40:00,114.5,0,54,68.5,1,0,0
2026-09-09 02:45:00,111.1,0,55,70.6,1,0,0
2026-09-09 02:50:00,113.1,0,49,66.2,1,0,0
2026-09-09 02:55:00,111.8,0,55,68.3,1,0,0
2026-09-09 03:00:00,111.3,0,54,68.1,1,0,0
2026-09-09 03:05:00,111.7,1,53,68.2,1,0,0
2026-09-09 03:10:00,113.2,1,55,64.9,1,0,0
2026-09-09 03:15:00,111.2,1,50,65.6,1,0,0
2026-09-09 03:20:00,112.6,1,52,66.8,1,0,0
2026-09-09 03:25:00,113.8,0,51,68.1,1,0,0
2026-09-09 03:30:00,115.3,0,54,65.3,1,0,0
2026-09-09 03:35:00,114.0,0,55,67.2,1,0,0
2026-09-09 03:40:00,112.7,0,52,67.0,1,0,0
2026-09-09 03:45:00,115.0,0,50,65.2,1,0,0
2026-09-09 03:50:00,114.4,0,53,67.3,1,0,0
2026-09-09 03:55:00,116.2,0,52,65.2,1,0,0
2026-09-09 04:00:00,116.8,1,53,67.8,1,0,0
2026-09-09 04:05:00,119.0,2,51,64.4,1,0,0
2026-09-09 04:10:00,116.5,0,57,67.7,1,0,0
2026-09-09 04:15:00,117.2,1,52,69.8,1,0,0
2026-09-09 04:20:00,120.2,0,55,64.8,1,0,0
2026-09-09 04:25:00,117.2,0,53,69.2,1,0,0
2026-09-09 04:30:00,119.0,1,56,65.6,1,0,0
2026-09-09 04:35:00,121.0,1,53,67.8,1,0,0
2026-09-09 04:40:00,122.8,0,52,67.3,1,0,0
2026-09-09 04:45:00,120.9,1,55,63.3,1,0,0
2026-09-09 04:50:00,120.7,1,49,68.7,1,0,0
2026-09-09 04:55:00,119.8,0,54,67.5,1,0,0
2026-09-09 05:00:00,119.8,0,51,67.2,1,0,0
2026-09-09 05:05:00,121.3,0,55,71.4,1,0,0
2026-09-09 05:10:00,121.8,1,53,68.3,1,0,0
2026-09-09 05:15:00,124.1,0,55,67.5,1,0,0
2026-09-09 05:20:00,123.9,0,57,68.6,1,0,0
2026-09-09 05:25:00,121.8,1,54,66.9,1,0,0
2026-09-09 05:30:00,120.4,0,53,70.0,1,0,0
2026-09-09 05:35:00,119.5,1,56,70.9,1,0,0
2026-09-09 05:40:00,120.2,0,54,66.4,1,0,0
2026-09-09 05:45:00,120.0,0,51,65.0,1,0,0
2026-09-09 05:50:00,118.9,0,52,69.3,1,0,0
2026-09-09 05:55:00,120.2,0,55,65.6,1,0,0
2026-09-09 06:00:00,121.5,1,58,68.6,1,0,0
2026-09-09 06:05:00,120.1,0,55,68.1,1,0,0
2026-09-09 06:10:00,119.2,1,54,65.2,1,0,0
2026-09-09 06:15:00,117.6,0,50,67.1,1,0,0
2026-09-09 06:20:00,118.6,0,56,65.4,1,0,0
2026-09-09 06:25:00,120.9,30,62,38.2,0,0,0
2026-09-09 06:30:00,121.1,26,64,40.3,0,0,0
2026-09-09 06:35:00,120.7,15,58,42.5,0,0,0
2026-09-09 06:40:00,116.1,39,64,41.7,0,0,0
2026-09-09 06:45:00,115.8,21,62,43.5,0,0,0
2026-09-09 06:50:00,117.8,10,61,40.4,0,0,0
2026-09-09 06:55:00,114.1,19,61,44.0,0,0,0
2026-09-09 07:00:00,116.1,33,59,41.8,0,0,0
2026-09-09 07:05:00,118.6,6,59,42.7,0,0,0
2026-09-09 07:10:00,119.0,27,64,40.8,0,0,0
2026-09-09 07:15:00,115.5,24,62,38.6,0,0,0
2026-09-09 07:20:00,118.6,11,63,40.8,0,0,0
2026-09-09 07:25:00,114.9,19,62,43.7,0,0,0
2026-09-09 07:30:00,117.0,26,65,42.6,0,0,0
2026-09-09 07:35:00,115.4,15,59,42.7,0,0,0
2026-09-09 07:40:00,114.5,32,61,44.0,0,0,0
2026-09-09 07:45:00,116.0,14,59,38.9,0,0,0
2026-09-09 07:50:00,114.3,13,64,41.6,0,0,0
2026-09-09 07:55:00,116.3,13,63,41.7,0,0,0
2026-09-09 08:00:00,113.9,16,63,42.3,0,0,0
2026-09-09 08:05:00,112.3,26,65,41.9,0,0,0
2026-09-09 08:10:00,109.9,29,61,41.4,0,0,0
2026-09-09 08:15:00,110.3,52,67,42.9,0,0,0
2026-09-09 08:20:00,109.4,41,63,42.4,0,64,70
2026-09-09 08:25:00,119.7,17,65,38.6,0,0,0
2026-09-09 08:30:00,127.9,7,67,45.8,0,0,0
2026-09-09 08:35:00,133.4,17,65,39.4,0,0,0
2026-09-09 08:40:00,136.1,22,69,39.7,0,0,0
2026-09-09 08:45:00,137.2,12,65,43.0,0,0,0
2026-09-09 08:50:00,140.0,21,63,42.2,0,0,0
2026-09-09 08:55:00,142.2,16,64,39.6,0,0,0
2026-09-09 09:00:00,142.3,21,61,38.6,0,0,0
2026-09-09 09:05:00,143.3,16,62,42.1,0,0,0
2026-09-09 09:10:00,142.5,23,60,43.4,0,0,0
2026-09-09 09:15:00,141.2,27,62,41.5,0,0,0
2026-09-09 09:20:00,137.9,18,62,43.5,0,0,0
2026-09-09 09:25:00,139.4,477,89,39.9,0,0,0
2026-09-09 09:30:00,135.9,489,92,42.5,0,0,0
2026-09-09 09:35:00,136.5,478,86,42.8,0,0,0
2026-09-09 09:40:00,135.6,484,89,41.4,0,0,0
2026-09-09 09:45:00,137.2,23,61,41.5,0,0,0
2026-09-09 09:50:00,135.4,13,62,42.1,0,0,0
2026-09-09 09:55:00,131.3,16,62,44.2,0,0,0
2026-09-09 10:00:00,131.8,40,62,39.6,0,0,0
2026-09-09 10:05:00,133.1,27,63,39.0,0,0,0
2026-09-09 10:10:00,132.4,4,61,42.8,0,0,0
2026-09-09 10:15:00,129.8,18,63,40.0,0,0,0
2026-09-09 10:20:00,131.1,11,59,40.3,0,0,0
2026-09-09 10:25:00,128.1,12,64,41.1,0,0,0
2026-09-09 10:30:00,128.8,10,60,39.0,0,0,0
2026-09-09 10:35:00,129.3,19,62,43.3,0,0,0
2026-09-09 10:40:00,125.6,19,60,40.6,0,0,0
2026-09-09 10:45:00,125.9,17,64,41.0,0,0,0
2026-09-09 10:50:00,122.6,38,66,39.6,0,0,0
2026-09-09 10:55:00,125.9,19,63,43.2,0,0,0
2026-09-09 11:00:00,124.3,19,63,42.2,0,0,0
2026-09-09 11:05:00,120.7,25,65,44.1,0,0,0
2026-09-09 11:10:00,118.6,12,63,40.6,0,0,0
2026-09-09 11:15:00,120.0,17,60,42.2,0,0,0
2026-09-09 11:20:00,118.7,17,63,40.7,0,0,0
2026-09-09 11:25:00,121.2,14,61,39.7,0,0,0
2026-09-09 11:30:00,120.5,16,58,42.2,0,0,0
2026-09-09 11:35:00,119.5,14,63,38.8,0,0,0
2026-09-09 11:40:00,118.3,21,61,43.8,0,0,0
2026-09-09 11:45:00,115.4,28,61,46.1,0,0,0
2026-09-09 11:50:00,116.5,13,61,42.1,0,0,0
2026-09-09 11:55:00,115.7,21,61,41.0,0,0,0
2026-09-09 12:00:00,114.8,41,63,41.9,0,0,0
2026-09-09 12:05:00,114.6,13,59,43.2,0,0,0
2026-09-09 12:10:00,113.1,41,61,42.2,0,0,0
2026-09-09 12:15:00,114.3,10,62,41.7,0,0,0
2026-09-09 12:20:00,111.2,27,63,37.9,0,0,0
2026-09-09 12:25:00,111.9,33,63,42.4,0,0,0
2026-09-09 12:30:00,113.3,18,64,39.8,0,0,0
2026-09-09 12:35:00,111.6,28,63,40.4,0,0,0
2026-09-09 12:40:00,113.3,23,62,41.3,0,0,0
2026-09-09 12:45:00,115.3,44,63,46.4,0,0,0
2026-09-09 12:50:00,114.4,16,60,39.3,0,0,0
2026-09-09 12:55:00,117.0,21,63,39.5,0,0,0
2026-09-09 13:00:00,118.2,10,63,41.9,0,0,0
2026-09-09 13:05:00,116.9,22,63,40.8,0,0,0
2026-09-09 13:10:00,118.9,26,63,41.5,0,0,0
2026-09-09 13:15:00,115.5,17,62,42.6,0,0,0
2026-09-09 13:20:00,115.7,29,63,41.4,0,0,0
2026-09-09 13:25:00,115.7,17,64,39.3,0,81,75
2026-09-09 13:30:00,122.9,19,68,41.3,0,0,0
2026-09-09 13:35:00,128.7,37,66,42.0,0,0,0
2026-09-09 13:40:00,133.0,474,94,43.3,0,0,0
2026-09-09 13:45:00,133.7,489,97,43.1,0,0,0
2026-09-09 13:50:00,138.9,12,67,42.3,0,0,0
2026-09-09 13:55:00,145.0,29,62,44.9,0,0,0
2026-09-09 14:00:00,144.2,19,61,41.1,0,0,0
2026-09-09 14:05:00,141.9,14,62,44.7,0,0,0
2026-09-09 14:10:00,140.6,16,62,43.3,0,0,0
2026-09-09 14:15:00,139.0,7,60,39.3,0,0,0
2026-09-09 14:20:00,139.4,35,61,39.7,0,0,0
2026-09-09 14:25:00,137.0,46,61,39.6,0,0,0
2026-09-09 14:30:00,134.4,21,58,40.9,0,0,0
2026-09-09 14:35:00,133.4,42,66,44.2,0,0,0
2026-09-09 14:40:00,134.1,20,60,40.6,0,0,0
2026-09-09 14:45:00,130.6,24,62,37.9,0,0,0
2026-09-09 14:50:00,127.8,27,66,39.7,0,0,0
2026-09-09 14:55:00,124.1,15,64,42.9,0,0,0
2026-09-09 15:00:00,123.7,23,60,42.0,0,0,0
2026-09-09 15:05:00,124.3,22,60,44.4,0,0,0
2026-09-09 15:10:00,122.8,37,66,42.7,0,0,0
2026-09-09 15:15:00,120.2,31,62,43.2,0,0,0
2026-09-09 15:20:00,118.2,392,86,39.3,0,0,0
2026-09-09 15:25:00,112.3,414,85,44.4,0,0,0
2026-09-09 15:30:00,116.0,401,84,41.6,0,0,0
2026-09-09 15:35:00,116.6,13,61,38.6,0,0,0
2026-09-09 15:40:00,116.3,28,63,42.0,0,0,0
2026-09-09 15:45:00,116.3,21,62,45.2,0,0,0
2026-09-09 15:50:00,116.8,18,63,38.8,0,0,0
2026-09-09 15:55:00,118.6,36,61,41.6,0,0,0
2026-09-09 16:00:00,115.7,12,63,41.0,0,0,0
2026-09-09 16:05:00,116.0,16,61,43.6,0,0,0
2026-09-09 16:10:00,113.4,12,66,44.5,0,0,0
2026-09-09 16:15:00,113.4,30,63,42.7,0,0,0
2026-09-09 16:20:00,113.1,22,62,44.6,0,0,0
2026-09-09 16:25:00,114.4,26,64,40.6,0,0,0
2026-09-09 16:30:00,112.3,32,67,42.5,0,0,0
2026-09-09 16:35:00,109.4,17,62,42.2,0,0,0
2026-09-09 16:40:00,110.1,12,59,38.5,0,0,0
2026-09-09 16:45:00,111.5,20,62,41.7,0,0,0
2026-09-09 16:50:00,115.5,9,60,37.0,0,0,0
2026-09-09 16:55:00,114.1,33,63,42.5,0,0,0
2026-09-09 17:00:00,113.7,9,57,40.2,0,0,0
2026-09-09 17:05:00,111.9,30,63,42.4,0,0,0
2026-09-09 17:10:00,109.4,28,61,41.7,0,0,0
2026-09-09 17:15:00,106.5,16,63,41.2,0,0,0
2026-09-09 17:20:00,107.8,36,61,41.7,0,0,0
2026-09-09 17:25:00,108.6,21,59,41.9,0,0,0
2026-09-09 17:30:00,111.7,8,64,42.3,0,49,80
2026-09-09 17:35:00,116.6,7,63,41.5,0,0,0
2026-09-09 17:40:00,122.2,30,62,42.6,0,0,0
2026-09-09 17:45:00,125.1,554,97,41.2,0,0,0
2026-09-09 17:50:00,124.8,557,97,41.4,0,0,0
2026-09-09 17:55:00,127.2,39,66,44.0,0,0,0
2026-09-09 18:00:00,125.1,12,61,40.8,0,0,0
2026-09-09 18:05:00,127.3,13,64,41.0,0,0,0
2026-09-09 18:10:00,128.5,68,66,46.9,0,0,0
2026-09-09 18:15:00,126.1,30,64,41.4,0,0,0
2026-09-09 18:20:00,126.8,16,61,39.7,0,0,0
2026-09-09 18:25:00,129.2,25,63,41.8,0,0,0
2026-09-09 18:30:00,126.4,16,63,40.0,0,0,0
2026-09-09 18:35:00,123.7,38,66,42.8,0,0,0
2026-09-09 18:40:00,124.8,32,66,40.2,0,0,0
2026-09-09 18:45:00,121.4,20,62,40.8,0,0,0
2026-09-09 18:50:00,118.1,12,62,38.1,0,0,0
2026-09-09 18:55:00,121.3,31,63,45.1,0,0,0
2026-09-09 19:00:00,119.9,33,63,36.7,0,0,0
2026-09-09 19:05:00,121.2,36,66,44.0,0,0,0
2026-09-09 19:10:00,122.3,28,62,43.2,0,0,0
2026-09-09 19:15:00,123.1,30,62,39.9,0,0,0
2026-09-09 19:20:00,123.7,17,58,41.7,0,0,0
2026-09-09 19:25:00,121.5,472,90,39.9,0,0,0
2026-09-09 19:30:00,121.2,481,89,40.8,0,0,0
2026-09-09 19:35:00,123.7,474,90,41.3,0,0,0
2026-09-09 19:40:00,120.6,29,62,42.3,0,0,0
2026-09-09 19:45:00,116.1,39,63,43.8,0,0,0
2026-09-09 19:50:00,117.4,30,65,39.4,0,0,0
2026-09-09 19:55:00,116.4,23,63,41.9,0,0,0
2026-09-09 20:00:00,117.1,21,61,42.3,0,0,0
2026-09-09 20:05:00,114.5,33,65,41.5,0,0,0
2026-09-09 20:10:00,113.2,36,65,36.4,0,0,0
2026-09-09 20:15:00,112.1,17,61,43.3,0,0,0
2026-09-09 20:20:00,110.4,40,65,41.7,0,111,70
2026-09-09 20:25:00,122.8,29,69,42.7,0,0,0
2026-09-09 20:30:00,139.3,21,66,39.0,0,0,0
2026-09-09 20:35:00,146.4,32,69,41.1,0,0,0
2026-09-09 20:40:00,154.2,21,69,42.3,0,0,0
2026-09-09 20:45:00,159.4,21,64,41.6,0,0,0
2026-09-09 20:50:00,164.5,24,65,45.3,0,0,0
2026-09-09 20:55:00,166.1,11,61,43.5,0,0,0
2026-09-09 21:00:00,163.6,19,57,42.9,0,0,0
2026-09-09 21:05:00,163.7,20,62,41.8,0,0,0
2026-09-09 21:10:00,159.4,7,58,40.0,0,0,0
2026-09-09 21:15:00,157.4,23,63,41.8,0,0,0
2026-09-09 21:20:00,155.9,18,65,39.8,0,0,0
2026-09-09 21:25:00,153.8,18,62,42.1,0,0,0
2026-09-09 21:30:00,154.7,10,63,42.7,0,0,0
2026-09-09 21:35:00,155.5,16,58,39.8,0,0,0
2026-09-09 21:40:00,154.8,14,59,46.7,0,0,0
2026-09-09 21:45:00,151.9,13,62,42.8,0,0,0
2026-09-09 21:50:00,149.0,18,61,42.7,0,0,0
2026-09-09 21:55:00,145.1,20,61,41.9,0,0,0
2026-09-09 22:00:00,141.7,21,63,41.4,0,0,0
2026-09-09 22:05:00,142.0,15,63,42.4,0,0,0
2026-09-09 22:10:00,143.6,46,64,39.9,0,0,0
2026-09-09 22:15:00,140.6,22,61,41.9,0,0,0
2026-09-09 22:20:00,137.7,34,63,40.0,0,0,0
2026-09-09 22:25:00,139.7,25,64,39.6,0,0,0
2026-09-09 22:30:00,135.3,32,65,45.8,0,0,0
2026-09-09 22:35:00,135.3,15,62,43.4,0,0,0
2026-09-09 22:40:00,132.2,27,61,42.8,0,0,0
2026-09-09 22:45:00,133.0,27,60,40.4,0,0,0
2026-09-09 22:50:00,133.2,17,63,43.2,0,0,0
2026-09-09 22:55:00,131.8,32,64,41.0,0,0,0
2026-09-09 23:00:00,132.3,38,64,39.3,0,0,0
2026-09-09 23:05:00,128.3,1,51,64.6,1,0,0
2026-09-09 23:10:00,124.3,1,49,68.1,1,0,0
2026-09-09 23:15:00,124.6,0,56,66.5,1,0,0
2026-09-09 23:20:00,120.6,0,54,63.4,1,0,0
2026-09-09 23:25:00,121.1,0,55,67.9,1,0,0
2026-09-09 23:30:00,121.2,2,52,65.1,1,0,0
2026-09-09 23:35:00,119.5,0,52,64.7,1,0,0
2026-09-09 23:40:00,117.6,1,51,67.9,1,0,0
2026-09-09 23:45:00,116.7,0,51,66.1,1,0,0
2026-09-09 23:50:00,117.1,0,55,65.1,1,0,0
2026-09-09 23:55:00,117.1,0,57,62.6,1,0,0
2026-09-10 00:00:00,114.3,0,53,66.9,1,0,0
2026-09-10 00:05:00,111.9,1,52,65.5,1,0,0
2026-09-10 00:10:00,115.1,1,54,68.5,1,0,0
2026-09-10 00:15:00,118.5,1,54,63.7,1,0,0
2026-09-10 00:20:00,115.5,0,51,67.0,1,0,0
2026-09-10 00:25:00,114.3,0,52,67.7,1,0,0
2026-09-10 00:30:00,114.1,0,54,65.7,1,0,0
2026-09-10 00:35:00,114.7,0,54,67.8,1,0,0
2026-09-10 00:40:00,112.7,0,52,65.4,1,0,0
2026-09-10 00:45:00,109.9,1,55,66.3,1,0,0
2026-09-10 00:50:00,111.7,0,53,72.0,1,0,0
2026-09-10 00:55:00,110.1,0,53,68.3,1,0,0
2026-09-10 01:00:00,109.1,0,54,64.4,1,0,0
2026-09-10 01:05:00,108.4,0,52,65.5,1,0,0
2026-09-10 01:10:00,108.3,0,56,69.2,1,0,0
2026-09-10 01:15:00,111.2,1,53,71.2,1,0,0
2026-09-10 01:20:00,111.9,0,55,67.3,1,0,0
2026-09-10 01:25:00,111.2,1,51,69.7,1,0,0
2026-09-10 01:30:00,112.9,0,52,63.8,1,0,0
2026-09-10 01:35:00,116.5,0,56,67.5,1,0,0
2026-09-10 01:40:00,115.6,0,51,68.7,1,0,0
2026-09-10 01:45:00,111.3,1,54,66.7,1,0,0
2026-09-10 01:50:00,111.1,0,54,69.3,1,0,0
2026-09-10 01:55:00,109.3,0,53,69.5,1,0,0
2026-09-10 02:00:00,108.8,0,52,67.6,1,0,0
2026-09-10 02:05:00,107.6,0,54,66.2,1,0,0
2026-09-10 02:10:00,110.0,0,53,63.1,1,0,0
2026-09-10 02:15:00,108.6,2,57,68.9,1,0,0
2026-09-10 02:20:00,107.5,0,53,67.5,1,0,0
2026-09-10 02:25:00,107.8,0,51,69.2,1,0,0
2026-09-10 02:30:00,106.6,0,55,68.0,1,0,0
2026-09-10 02:35:00,106.5,0,58,66.9,1,0,0
2026-09-10 02:40:00,106.5,0,52,69.5,1,0,0
2026-09-10 02:45:00,108.1,0,53,67.4,1,0,0
2026-09-10 02:50:00,105.6,0,53,65.4,1,0,0
2026-09-10 02:55:00,106.0,1,52,68.4,1,0,0
2026-09-10 03:00:00,103.8,0,51,65.7,1,0,0
2026-09-10 03:05:00,104.2,0,55,67.3,1,0,0
2026-09-10 03:10:00,105.8,2,52,68.8,1,0,0
2026-09-10 03:15:00,107.0,0,56,66.4,1,0,0
2026-09-10 03:20:00,108.1,0,52,64.9,1,0,0
2026-09-10 03:25:00,110.7,0,50,66.9,1,0,0
2026-09-10 03:30:00,110.8,1,51,65.9,1,0,0
2026-09-10 03:35:00,112.2,0,53,65.7,1,0,0
2026-09-10 03:40:00,111.3,0,49,63.2,1,0,0
2026-09-10 03:45:00,114.1,0,55,69.6,1,0,0
2026-09-10 03:50:00,110.0,0,54,66.1,1,0,0
2026-09-10 03:55:00,109.6,0,53,67.9,1,0,0
2026-09-10 04:00:00,109.9,0,53,65.3,1,0,0
2026-09-10 04:05:00,110.8,0,53,69.9,1,0,0
2026-09-10 04:10:00,109.7,0,52,69.4,1,0,0
2026-09-10 04:15:00,108.4,0,55,64.6,1,0,0
2026-09-10 04:20:00,110.1,2,51,68.5,1,0,0
2026-09-10 04:25:00,111.9,0,51,62.3,1,0,0
2026-09-10 04:30:00,113.9,0,55,66.6,1,0,0
2026-09-10 04:35:00,115.7,0,53,70.1,1,0,0
2026-09-10 04:40:00,119.7,1,52,65.3,1,0,0
2026-09-10 04:45:00,118.6,0,52,66.7,1,0,0
2026-09-10 04:50:00,118.1,0,51,66.7,1,0,0
2026-09-10 04:55:00,117.9,0,52,69.1,1,0,0
2026-09-10 05:00:00,117.7,0,54,68.7,1,0,0
2026-09-10 05:05:00,120.1,1,54,67.5,1,0,0
2026-09-10 05:10:00,120.5,0,52,64.3,1,0,0
2026-09-10 05:15:00,118.3,0,50,68.9,1,0,0
2026-09-10 05:20:00,117.3,0,57,70.2,1,0,0
2026-09-10 05:25:00,117.2,0,52,65.7,1,0,0
2026-09-10 05:30:00,115.9,0,50,66.1,1,0,0
2026-09-10 05:35:00,114.3,0,52,66.9,1,0,0
2026-09-10 05:40:00,119.0,0,48,66.0,1,0,0
2026-09-10 05:45:00,119.1,3,53,69.1,1,0,0
2026-09-10 05:50:00,118.0,0,50,64.5,1,0,0
2026-09-10 05:55:00,119.3,0,51,68.8,1,0,0
2026-09-10 06:00:00,119.5,0,51,70.2,1,0,0
2026-09-10 06:05:00,124.7,0,50,69.5,1,0,0
2026-09-10 06:10:00,124.8,0,56,68.3,1,0,0
2026-09-10 06:15:00,122.1,1,52,66.9,1,0,0
2026-09-10 06:20:00,121.6,1,54,67.8,1,0,0
2026-09-10 06:25:00,124.9,32,62,43.8,0,0,0
2026-09-10 06:30:00,122.3,24,61,40.8,0,0,0
2026-09-10 06:35:00,122.8,7,63,44.1,0,0,0
2026-09-10 06:40:00,123.2,21,63,44.8,0,0,0
2026-09-10 06:45:00,123.4,18,61,39.1,0,0,0
2026-09-10 06:50:00,125.7,21,63,43.4,0,0,0
2026-09-10 06:55:00,127.4,25,65,44.8,0,0,0
2026-09-10 07:00:00,123.8,24,62,40.6,0,0,0
2026-09-10 07:05:00,125.3,21,63,44.9,0,0,0
2026-09-10 07:10:00,123.0,20,63,38.4,0,0,0
2026-09-10 07:15:00,118.8,13,63,39.2,0,0,0
2026-09-10 07:20:00,118.0,15,64,43.2,0,0,0
2026-09-10 07:25:00,124.4,9,63,37.3,0,0,0
2026-09-10 07:30:00,123.2,18,64,42.1,0,0,0
2026-09-10 07:35:00,121.9,41,64,43.8,0,0,0
2026-09-10 07:40:00,119.1,10,64,41.5,0,0,0
2026-09-10 07:45:00,114.7,6,58,40.8,0,0,0
2026-09-10 07:50:00,112.8,25,64,44.0,0,0,0
2026-09-10 07:55:00,112.9,38,62,40.6,0,0,0
2026-09-10 08:00:00,112.8,33,59,39.9,0,0,0
2026-09-10 08:05:00,110.8,29,59,39.2,0,0,0
2026-09-10 08:10:00,110.1,39,61,42.4,0,0,0
2026-09-10 08:15:00,106.3,18,66,39.6,0,0,0
2026-09-10 08:20:00,105.5,26,63,40.6,0,0,0
2026-09-10 08:25:00,103.2,23,64,42.9,0,0,0
2026-09-10 08:30:00,105.8,17,63,42.5,0,0,0
2026-09-10 08:35:00,109.6,27,62,42.7,0,0,0
2026-09-10 08:40:00,111.2,9,62,39.1,0,0,0
2026-09-10 08:45:00,112.1,31,64,36.3,0,0,0
2026-09-10 08:50:00,113.3,29,64,42.9,0,0,0
2026-09-10 08:55:00,112.5,12,63,43.0,0,0,0
2026-09-10 09:00:00,112.3,22,67,40.5,0,0,0
2026-09-10 09:05:00,112.3,42,64,39.9,0,0,0
2026-09-10 09:10:00,114.4,23,66,40.5,0,55,65
2026-09-10 09:15:00,120.1,12,65,40.8,0,0,0
2026-09-10 09:20:00,124.6,25,63,41.5,0,0,0
2026-09-10 09:25:00,130.7,15,65,40.6,0,0,0
2026-09-10 09:30:00,129.8,17,64,38.4,0,0,0
2026-09-10 09:35:00,134.8,24,65,41.1,0,0,0
2026-09-10 09:40:00,136.0,31,63,39.6,0,0,0
2026-09-10 09:45:00,135.3,13,59,45.1,0,0,0
2026-09-10 09:50:00,136.4,30,61,41.0,0,0,0
2026-09-10 09:55:00,135.4,25,63,41.9,0,0,0
2026-09-10 10:00:00,133.2,11,61,43.3,0,0,0
2026-09-10 10:05:00,134.5,27,64,42.1,0,0,0
2026-09-10 10:10:00,130.5,22,62,42.0,0,0,0
2026-09-10 10:15:00,127.8,30,67,41.4,0,0,0
2026-09-10 10:20:00,129.4,21,64,43.5,0,0,0
2026-09-10 10:25:00,127.9,53,63,39.8,0,0,0
2026-09-10 10:30:00,130.7,15,59,41.7,0,0,0
2026-09-10 10:35:00,129.6,16,62,46.2,0,0,0
2026-09-10 10:40:00,128.9,41,65,43.5,0,0,0
2026-09-10 10:45:00,130.2,10,61,40.9,0,0,0
2026-09-10 10:50:00,130.2,42,62,40.6,0,0,0
2026-09-10 10:55:00,127.6,17,61,39.9,0,0,0
2026-09-10 11:00:00,122.9,17,63,39.1,0,0,0
2026-09-10 11:05:00,118.6,23,61,38.7,0,0,0
2026-09-10 11:10:00,116.6,18,60,41.4,0,0,0
2026-09-10 11:15:00,117.1,475,89,40.2,0,0,0
2026-09-10 11:20:00,117.1,476,88,40.4,0,0,0
2026-09-10 11:25:00,115.3,485,91,45.3,0,0,0
2026-09-10 11:30:00,115.5,20,63,44.3,0,0,0
2026-09-10 11:35:00,111.0,13,64,42.1,0,0,0
2026-09-10 11:40:00,113.6,23,62,39.4,0,0,0
2026-09-10 11:45:00,113.3,20,61,43.4,0,0,0
2026-09-10 11:50:00,109.0,17,63,43.3,0,0,0
2026-09-10 11:55:00,108.6,19,61,38.6,0,0,0
2026-09-10 12:00:00,110.0,39,67,40.1,0,0,0
2026-09-10 12:05:00,111.5,13,61,43.5,0,0,0
2026-09-10 12:10:00,112.1,15,59,42.3,0,0,0
2026-09-10 12:15:00,114.7,22,60,40.3,0,0,0
2026-09-10 12:20:00,114.3,22,61,41.5,0,0,0
2026-09-10 12:25:00,115.0,19,60,40.6,0,0,0
2026-09-10 12:30:00,114.7,19,62,42.1,0,0,0
2026-09-10 12:35:00,115.8,13,61,37.7,0,0,0
2026-09-10 12:40:00,113.4,5,62,43.7,0,0,0
2026-09-10 12:45:00,114.6,39,62,42.5,0,0,0
2026-09-10 12:50:00,115.0,33,64,37.7,0,0,0
2026-09-10 12:55:00,113.5,28,63,41.1,0,0,0
2026-09-10 13:00:00,112.1,444,88,41.0,0,0,0
2026-09-10 13:05:00,112.2,447,89,40.0,0,0,0
2026-09-10 13:10:00,112.4,438,88,45.9,0,0,0
2026-09-10 13:15:00,109.2,437,87,38.2,0,0,0
2026-09-10 13:20:00,108.4,26,63,39.2,0,0,0
2026-09-10 13:25:00,110.0,13,60,40.4,0,0,0
2026-09-10 13:30:00,111.0,13,63,38.9,0,65,55
2026-09-10 13:35:00,122.1,18,66,39.8,0,0,0
2026-09-10 13:40:00,126.3,26,67,44.8,0,0,0
2026-09-10 13:45:00,128.5,10,66,45.4,0,0,0
2026-09-10 13:50:00,132.5,30,66,42.5,0,0,0
2026-09-10 13:55:00,136.6,10,65,41.8,0,0,0
2026-09-10 14:00:00,136.4,39,63,41.5,0,0,0
2026-09-10 14:05:00,135.8,24,64,41.3,0,0,0
2026-09-10 14:10:00,134.4,28,62,42.9,0,0,0
2026-09-10 14:15:00,138.4,21,59,41.0,0,0,0
2026-09-10 14:20:00,138.7,54,64,41.8,0,0,0
2026-09-10 14:25:00,136.3,17,61,39.9,0,0,0
2026-09-10 14:30:00,139.1,31,63,44.8,0,0,0
2026-09-10 14:35:00,135.2,19,62,44.0,0,0,0
2026-09-10 14:40:00,134.9,14,62,44.4,0,0,0
2026-09-10 14:45:00,132.2,9,65,40.1,0,0,0
2026-09-10 14:50:00,132.0,12,63,44.7,0,0,0
2026-09-10 14:55:00,132.9,35,64,39.6,0,0,0
2026-09-10 15:00:00,132.1,7,63,42.0,0,0,0
2026-09-10 15:05:00,130.1,31,65,42.0,0,0,0
2026-09-10 15:10:00,130.8,14,65,43.4,0,0,0
2026-09-10 15:15:00,126.3,25,64,44.4,0,0,0
2026-09-10 15:20:00,131.7,23,63,45.2,0,0,0
2026-09-10 15:25:00,129.7,14,61,39.2,0,0,0
2026-09-10 15:30:00,126.1,25,64,46.1,0,0,0
2026-09-10 15:35:00,122.7,9,61,41.7,0,0,0
2026-09-10 15:40:00,123.6,24,62,43.0,0,0,0
2026-09-10 15:45:00,123.8,18,59,40.6,0,0,0
2026-09-10 15:50:00,121.2,9,61,43.1,0,0,0
2026-09-10 15:55:00,122.2,55,66,41.5,0,0,0
2026-09-10 16:00:00,122.9,26,61,41.8,0,0,0
2026-09-10 16:05:00,119.4,27,66,43.6,0,0,0
2026-09-10 16:10:00,119.2,19,64,39.6,0,0,0
2026-09-10 16:15:00,117.7,18,64,39.7,0,0,0
2026-09-10 16:20:00,119.0,48,64,42.2,0,0,0
2026-09-10 16:25:00,117.2,25,64,40.8,0,0,0
2026-09-10 16:30:00,115.4,28,61,41.8,0,0,0
2026-09-10 16:35:00,116.2,33,65,41.1,0,0,0
2026-09-10 16:40:00,119.8,15,62,39.7,0,0,0
2026-09-10 16:45:00,119.3,20,62,38.7,0,0,0
2026-09-10 16:50:00,118.3,15,64,41.4,0,0,0
2026-09-10 16:55:00,119.2,17,64,41.6,0,0,0
2026-09-10 17:00:00,119.0,26,60,38.5,0,0,0
2026-09-10 17:05:00,118.8,17,64,38.7,0,0,0
2026-09-10 17:10:00,116.9,27,62,39.1,0,0,0
2026-09-10 17:15:00,121.6,20,58,39.5,0,0,0
2026-09-10 17:20:00,118.4,12,60,41.7,0,0,0
2026-09-10 17:25:00,116.2,30,61,40.9,0,0,0
2026-09-10 17:30:00,112.2,14,63,38.3,0,0,0
2026-09-10 17:35:00,112.3,39,64,40.3,0,0,0
2026-09-10 17:40:00,107.9,8,62,41.5,0,28,65
2026-09-10 17:45:00,108.8,16,62,43.7,0,0,0
2026-09-10 17:50:00,115.2,457,91,41.2,0,0,0
2026-09-10 17:55:00,116.4,452,94,43.5,0,0,0
2026-09-10 18:00:00,120.7,452,89,43.5,0,0,0
2026-09-10 18:05:00,124.3,30,66,42.0,0,0,0
2026-09-10 18:10:00,125.1,24,62,40.4,0,0,0
2026-09-10 18:15:00,125.6,20,64,39.4,0,0,0
2026-09-10 18:20:00,126.4,19,61,42.8,0,0,0
2026-09-10 18:25:00,124.8,14,61,42.9,0,0,0
2026-09-10 18:30:00,122.4,18,61,43.4,0,0,0
2026-09-10 18:35:00,124.5,24,60,43.1,0,0,0
2026-09-10 18:40:00,128.1,28,62,38.5,0,0,0
2026-09-10 18:45:00,127.5,31,60,41.8,0,0,0
2026-09-10 18:50:00,127.5,27,62,40.9,0,0,0
2026-09-10 18:55:00,128.7,22,62,40.4,0,0,0
2026-09-10 19:00:00,129.7,20,60,41.7,0,0,0
2026-09-10 19:05:00,126.6,21,63,41.1,0,0,0
2026-09-10 19:10:00,126.1,24,61,40.4,0,0,0
2026-09-10 19:15:00,126.3,14,61,39.3,0,0,0
2026-09-10 19:20:00,128.1,18,64,47.0,0,0,0
2026-09-10 19:25:00,127.7,24,63,43.0,0,0,0
2026-09-10 19:30:00,123.6,26,64,39.5,0,0,0
2026-09-10 19:35:00,121.7,15,61,40.3,0,0,0
2026-09-10 19:40:00,124.0,21,61,40.8,0,0,0
2026-09-10 19:45:00,120.8,26,64,44.0,0,0,0
2026-09-10 19:50:00,115.9,19,63,41.2,0,0,0
2026-09-10 19:55:00,113.2,26,63,40.2,0,0,0
2026-09-10 20:00:00,112.8,10,60,39.3,0,0,0
2026-09-10 20:05:00,108.7,16,61,39.5,0,0,0
2026-09-10 20:10:00,106.5,45,64,40.1,0,0,0
2026-09-10 20:15:00,106.2,15,62,41.7,0,0,0
2026-09-10 20:20:00,104.4,19,67,44.2,0,0,0
2026-09-10 20:25:00,104.4,21,60,40.3,0,0,0
2026-09-10 20:30:00,108.6,16,64,39.2,0,0,0
2026-09-10 20:35:00,108.7,33,63,43.3,0,0,0
2026-09-10 20:40:00,109.1,35,65,40.9,0,0,0
2026-09-10 20:45:00,106.2,43,65,41.3,0,0,0
2026-09-10 20:50:00,105.8,29,65,39.5,0,0,0
2026-09-10 20:55:00,104.1,23,62,40.8,0,0,0
2026-09-10 21:00:00,102.3,33,61,41.3,0,0,0
2026-09-10 21:05:00,103.5,36,64,43.0,0,0,0
2026-09-10 21:10:00,101.4,21,62,43.3,0,0,0
2026-09-10 21:15:00,104.2,8,61,37.6,0,0,0
2026-09-10 21:20:00,109.2,16,60,46.3,0,0,0
2026-09-10 21:25:00,108.7,34,63,41.2,0,0,0
2026-09-10 21:30:00,110.7,10,63,40.1,0,0,0
2026-09-10 21:35:00,115.5,25,66,42.8,0,0,0
2026-09-10 21:40:00,113.6,29,63,41.5,0,0,0
2026-09-10 21:45:00,112.1,23,67,40.4,0,79,75
2026-09-10 21:50:00,121.6,0,54,70.3,1,0,0
2026-09-10 21:55:00,131.2,0,54,71.1,1,0,0
2026-09-10 22:00:00,144.8,0,55,68.7,1,0,0
2026-09-10 22:05:00,151.2,0,59,64.1,1,0,0
2026-09-10 22:10:00,158.3,0,54,68.2,1,0,0
2026-09-10 22:15:00,160.7,1,57,65.1,1,0,0
2026-09-10 22:20:00,161.3,0,52,68.9,1,0,0
2026-09-10 22:25:00,159.0,0,59,68.7,1,0,0
2026-09-10 22:30:00,157.8,0,53,64.4,1,0,0
2026-09-10 22:35:00,157.4,0,56,64.9,1,0,0
2026-09-10 22:40:00,155.7,0,55,73.7,1,0,0
2026-09-10 22:45:00,152.3,0,49,65.5,1,0,0
2026-09-10 22:50:00,151.9,0,52,68.1,1,0,0
2026-09-10 22:55:00,150.3,1,53,67.6,1,0,0
2026-09-10 23:00:00,148.6,0,53,68.4,1,0,0
2026-09-10 23:05:00,144.2,0,56,72.3,1,0,0
2026-09-10 23:10:00,143.4,1,53,65.8,1,0,0
2026-09-10 23:15:00,142.6,0,50,64.6,1,0,0
2026-09-10 23:20:00,144.1,0,56,66.0,1,0,0
2026-09-10 23:25:00,145.2,0,56,67.0,1,0,0
2026-09-10 23:30:00,138.7,0,54,64.4,1,0,0
2026-09-10 23:35:00,135.1,1,53,68.8,1,0,0
2026-09-10 23:40:00,132.9,0,52,67.0,1,0,0
2026-09-10 23:45:00,133.5,1,53,67.9,1,0,0
2026-09-10 23:50:00,131.9,1,56,62.3,1,0,0
2026-09-10 23:55:00,128.7,0,54,63.8,1,0,0
2026-09-11 00:00:00,124.1,0,53,66.8,1,0,0
2026-09-11 00:05:00,121.0,0,52,67.5,1,0,0
2026-09-11 00:10:00,119.5,0,54,68.2,1,0,0
2026-09-11 00:15:00,118.5,0,57,66.8,1,0,0
2026-09-11 00:20:00,119.3,1,54,67.6,1,0,0
2026-09-11 00:25:00,115.5,0,52,66.5,1,0,0
2026-09-11 00:30:00,113.9,0,50,67.9,1,0,0
2026-09-11 00:35:00,115.5,0,51,68.6,1,0,0
2026-09-11 00:40:00,115.2,0,56,66.8,1,0,0
2026-09-11 00:45:00,115.4,0,54,68.3,1,0,0
2026-09-11 00:50:00,111.7,1,52,69.9,1,0,0
2026-09-11 00:55:00,110.7,0,56,63.7,1,0,0
2026-09-11 01:00:00,113.4,1,56,68.3,1,0,0
2026-09-11 01:05:00,114.1,0,54,67.1,1,0,0
2026-09-11 01:10:00,112.9,1,51,65.1,1,0,0
2026-09-11 01:15:00,110.2,0,54,64.6,1,0,0
2026-09-11 01:20:00,109.6,1,53,66.5,1,0,0
2026-09-11 01:25:00,109.3,0,53,70.9,1,0,0
2026-09-11 01:30:00,111.9,0,52,67.9,1,0,0
2026-09-11 01:35:00,112.9,0,52,66.5,1,0,0
2026-09-11 01:40:00,109.5,0,53,68.1,1,0,0
2026-09-11 01:45:00,107.1,0,56,69.3,1,0,0
2026-09-11 01:50:00,106.1,1,56,68.5,1,0,0
2026-09-11 01:55:00,106.1,0,51,68.3,1,0,0
2026-09-11 02:00:00,105.7,0,57,65.6,1,0,0
2026-09-11 02:05:00,106.3,0,54,68.8,1,0,0
2026-09-11 02:10:00,108.1,0,51,70.1,1,0,0
2026-09-11 02:15:00,107.2,0,52,66.2,1,0,0
2026-09-11 02:20:00,105.7,0,50,69.5,1,0,0
2026-09-11 02:25:00,104.4,0,54,64.0,1,0,0
2026-09-11 02:30:00,105.5,0,50,68.2,1,0,0
2026-09-11 02:35:00,105.2,0,49,68.4,1,0,0
2026-09-11 02:40:00,108.8,0,50,66.1,1,0,0
2026-09-11 02:45:00,105.9,0,57,69.0,1,0,0
2026-09-11 02:50:00,105.5,0,54,66.6,1,0,0
2026-09-11 02:55:00,105.8,1,53,66.2,1,0,0
2026-09-11 03:00:00,104.3,0,55,65.6,1,0,0
2026-09-11 03:05:00,103.7,0,59,69.9,1,0,0
2026-09-11 03:10:00,102.7,1,51,67.3,1,0,0
2026-09-11 03:15:00,104.9,0,54,66.5,1,0,0
2026-09-11 03:20:00,110.9,0,50,69.0,1,0,0
2026-09-11 03:25:00,110.2,2,55,64.5,1,0,0
2026-09-11 03:30:00,107.6,0,48,68.4,1,0,0
2026-09-11 03:35:00,107.1,0,53,66.6,1,0,0
2026-09-11 03:40:00,107.5,0,53,67.2,1,0,0
2026-09-11 03:45:00,107.0,0,50,69.6,1,0,0
2026-09-11 03:50:00,105.4,0,55,66.9,1,0,0
2026-09-11 03:55:00,104.8,0,47,65.2,1,0,0
2026-09-11 04:00:00,109.0,0,51,66.8,1,0,0
2026-09-11 04:05:00,106.7,0,53,70.7,1,0,0
2026-09-11 04:10:00,108.4,0,54,67.6,1,0,0
2026-09-11 04:15:00,107.7,0,54,66.1,1,0,0
2026-09-11 04:20:00,104.2,0,52,66.9,1,0,0
2026-09-11 04:25:00,105.3,0,52,64.2,1,0,0
2026-09-11 04:30:00,107.8,1,55,68.2,1,0,0
2026-09-11 04:35:00,109.2,0,51,66.9,1,0,0
2026-09-11 04:40:00,111.4,0,51,67.9,1,0,0
2026-09-11 04:45:00,113.1,0,56,66.3,1,0,0
2026-09-11 04:50:00,112.4,1,52,68.0,1,0,0
2026-09-11 04:55:00,113.2,0,53,63.8,1,0,0
2026-09-11 05:00:00,116.3,0,53,68.8,1,0,0
2026-09-11 05:05:00,114.9,1,54,65.9,1,0,0
2026-09-11 05:10:00,113.2,1,53,68.5,1,0,0
2026-09-11 05:15:00,112.7,0,55,64.5,1,0,0
2026-09-11 05:20:00,116.7,0,54,63.4,1,0,0
2026-09-11 05:25:00,118.5,0,57,72.3,1,0,0
2026-09-11 05:30:00,117.9,0,54,68.3,1,0,0
2026-09-11 05:35:00,120.3,2,53,66.8,1,0,0
2026-09-11 05:40:00,120.3,0,53,63.7,1,0,0
2026-09-11 05:45:00,119.0,1,55,68.5,1,0,0
2026-09-11 05:50:00,116.2,1,54,69.7,1,0,0
2026-09-11 05:55:00,115.6,0,52,65.6,1,0,0
2026-09-11 06:00:00,118.6,0,54,68.3,1,0,0
2026-09-11 06:05:00,120.4,0,54,63.0,1,0,0
2026-09-11 06:10:00,121.9,31,60,40.1,0,0,0
2026-09-11 06:15:00,119.9,21,66,41.1,0,0,0
2026-09-11 06:20:00,119.2,28,61,42.0,0,0,0
2026-09-11 06:25:00,121.2,31,61,43.7,0,0,0
2026-09-11 06:30:00,121.5,25,61,40.9,0,0,0
2026-09-11 06:35:00,123.3,23,65,39.3,0,0,0
2026-09-11 06:40:00,120.4,12,60,40.0,0,0,0
2026-09-11 06:45:00,118.4,37,64,41.6,0,0,0
2026-09-11 06:50:00,119.5,11,63,44.5,0,0,0
2026-09-11 06:55:00,118.7,14,62,43.0,0,0,0
2026-09-11 07:00:00,119.6,22,62,42.3,0,0,0
2026-09-11 07:05:00,116.4,17,62,40.5,0,0,0
2026-09-11 07:10:00,113.4,40,66,47.3,0,0,0
2026-09-11 07:15:00,115.8,33,59,40.9,0,0,0
2026-09-11 07:20:00,115.4,27,62,42.2,0,0,0
2026-09-11 07:25:00,113.7,19,58,43.4,0,0,0
2026-09-11 07:30:00,113.0,33,66,39.4,0,0,0
2026-09-11 07:35:00,112.6,25,62,41.1,0,0,0
2026-09-11 07:40:00,111.1,21,58,37.4,0,0,0
2026-09-11 07:45:00,111.8,40,63,39.5,0,0,0
2026-09-11 07:50:00,112.9,22,63,40.1,0,0,0
2026-09-11 07:55:00,114.1,32,63,45.4,0,0,0
2026-09-11 08:00:00,113.6,19,63,42.7,0,0,0
2026-09-11 08:05:00,110.1,16,60,43.4,0,0,0
2026-09-11 08:10:00,111.4,15,65,44.6,0,0,0
2026-09-11 08:15:00,109.3,24,63,41.5,0,0,0
2026-09-11 08:20:00,110.2,11,62,44.3,0,0,0
2026-09-11 08:25:00,112.6,25,63,40.0,0,0,0
2026-09-11 08:30:00,111.9,16,64,39.0,0,0,0
2026-09-11 08:35:00,113.4,41,65,40.7,0,0,0
2026-09-11 08:40:00,111.4,13,59,42.5,0,0,0
2026-09-11 08:45:00,107.8,31,66,40.6,0,0,0
2026-09-11 08:50:00,107.4,21,62,39.7,0,0,0
2026-09-11 08:55:00,108.9,24,64,43.3,0,0,0
2026-09-11 09:00:00,109.5,15,65,42.2,0,65,78
2026-09-11 09:05:00,117.6,17,66,43.2,0,0,0
2026-09-11 09:10:00,127.7,20,61,43.0,0,0,0
2026-09-11 09:15:00,132.4,18,68,38.5,0,0,0
2026-09-11 09:20:00,138.1,27,64,40.2,0,0,0
2026-09-11 09:25:00,142.3,27,68,39.8,0,0,0
2026-09-11 09:30:00,145.2,14,62,43.7,0,0,0
2026-09-11 09:35:00,144.5,10,62,38.3,0,0,0
2026-09-11 09:40:00,146.5,29,65,41.4,0,0,0
2026-09-11 09:45:00,147.1,16,62,39.0,0,0,0
2026-09-11 09:50:00,147.2,19,62,43.0,0,0,0
2026-09-11 09:55:00,148.3,25,61,36.7,0,0,0
2026-09-11 10:00:00,146.1,21,64,41.8,0,0,0
2026-09-11 10:05:00,144.2,8,63,41.9,0,0,0
2026-09-11 10:10:00,140.5,17,62,41.0,0,0,0
2026-09-11 10:15:00,135.2,15,60,39.0,0,0,0
2026-09-11 10:20:00,131.6,17,64,40.5,0,0,0
2026-09-11 10:25:00,129.8,27,62,41.7,0,0,0
2026-09-11 10:30:00,129.2,20,62,38.3,0,0,0
2026-09-11 10:35:00,130.4,30,59,45.6,0,0,0
2026-09-11 10:40:00,130.0,24,60,40.2,0,0,0
2026-09-11 10:45:00,130.8,28,64,40.5,0,0,0
2026-09-11 10:50:00,130.8,17,62,43.5,0,0,0
2026-09-11 10:55:00,130.5,34,62,41.9,0,0,0
2026-09-11 11:00:00,131.8,17,63,43.0,0,0,0
2026-09-11 11:05:00,125.5,4,62,40.3,0,0,0
2026-09-11 11:10:00,123.5,30,62,39.7,0,0,0
2026-09-11 11:15:00,123.3,11,62,42.5,0,0,0
2026-09-11 11:20:00,122.0,17,63,40.3,0,0,0
2026-09-11 11:25:00,120.9,15,59,43.1,0,0,0
2026-09-11 11:30:00,120.3,19,65,41.6,0,0,0
2026-09-11 11:35:00,119.5,10,64,40.2,0,0,0
2026-09-11 11:40:00,118.3,38,61,41.1,0,0,0
2026-09-11 11:45:00,119.8,65,64,42.0,0,0,0
2026-09-11 11:50:00,119.3,15,63,40.7,0,0,0
2026-09-11 11:55:00,116.6,23,60,46.5,0,0,0
2026-09-11 12:00:00,114.0,13,63,44.5,0,0,0
2026-09-11 12:05:00,114.0,560,93,40.7,0,0,0
2026-09-11 12:10:00,111.5,601,99,42.5,0,0,0
2026-09-11 12:15:00,111.8,563,97,39.2,0,0,0
2026-09-11 12:20:00,112.6,564,95,41.7,0,0,0
2026-09-11 12:25:00,113.4,15,63,39.6,0,0,0
2026-09-11 12:30:00,111.9,24,64,39.0,0,0,0
2026-09-11 12:35:00,108.1,12,63,42.4,0,0,0
2026-09-11 12:40:00,106.3,15,60,42.1,0,0,0
2026-09-11 12:45:00,105.3,23,62,38.2,0,0,0
2026-09-11 12:50:00,112.7,11,61,46.2,0,0,0
2026-09-11 12:55:00,109.9,30,61,40.5,0,0,0
2026-09-11 13:00:00,108.8,40,65,42.9,0,0,0
2026-09-11 13:05:00,108.5,17,61,43.6,0,0,0
2026-09-11 13:10:00,110.9,29,61,39.5,0,0,0
2026-09-11 13:15:00,108.3,38,63,42.0,0,0,0
2026-09-11 13:20:00,108.1,17,61,41.2,0,0,0
2026-09-11 13:25:00,106.3,33,63,40.1,0,0,0
2026-09-11 13:30:00,103.5,24,66,41.3,0,0,0
2026-09-11 13:35:00,102.2,28,62,40.3,0,0,0
2026-09-11 13:40:00,106.0,21,59,40.0,0,0,0
2026-09-11 13:45:00,105.1,10,62,39.0,0,0,0
2026-09-11 13:50:00,104.3,16,63,41.0,0,0,0
2026-09-11 13:55:00,101.7,18,62,41.1,0,0,0
2026-09-11 14:00:00,99.5,16,59,42.5,0,0,0
2026-09-11 14:05:00,101.1,34,65,36.5,0,114,70
2026-09-11 14:10:00,116.2,42,68,38.1,0,0,0
2026-09-11 14:15:00,131.7,17,65,40.5,0,0,0
2026-09-11 14:20:00,141.0,13,64,42.6,0,0,0
2026-09-11 14:25:00,152.2,23,60,40.3,0,0,0
2026-09-11 14:30:00,158.6,15,66,40.9,0,0,0
2026-09-11 14:35:00,160.9,25,64,44.2,0,0,0
2026-09-11 14:40:00,165.5,46,62,41.0,0,0,0
2026-09-11 14:45:00,169.5,28,62,40.4,0,0,0
2026-09-11 14:50:00,170.0,32,60,44.7,0,0,0
2026-09-11 14:55:00,172.5,31,57,41.8,0,0,0
2026-09-11 15:00:00,170.9,21,62,42.9,0,0,0
2026-09-11 15:05:00,169.8,21,60,42.9,0,0,0
2026-09-11 15:10:00,168.5,34,61,44.2,0,0,0
2026-09-11 15:15:00,164.2,16,63,40.7,0,0,0
2026-09-11 15:20:00,162.7,17,64,43.1,0,0,0
2026-09-11 15:25:00,155.6,20,60,45.7,0,0,0
2026-09-11 15:30:00,151.1,19,62,39.8,0,0,0
2026-09-11 15:35:00,148.7,9,60,40.5,0,0,0
2026-09-11 15:40:00,147.3,19,61,44.6,0,0,0
2026-09-11 15:45:00,145.1,20,61,40.1,0,0,0
2026-09-11 15:50:00,143.2,21,61,43.0,0,0,0
2026-09-11 15:55:00,142.0,41,62,40.4,0,0,0
2026-09-11 16:00:00,139.2,26,64,44.1,0,0,0
2026-09-11 16:05:00,135.7,480,90,39.9,0,0,0
2026-09-11 16:10:00,135.4,483,89,43.4,0,0,0
2026-09-11 16:15:00,133.9,496,94,41.9,0,0,0
2026-09-11 16:20:00,135.7,489,90,38.4,0,0,0
2026-09-11 16:25:00,131.9,16,61,37.5,0,0,0
2026-09-11 16:30:00,130.4,10,64,42.5,0,0,0
2026-09-11 16:35:00,129.8,28,63,36.7,0,0,0
2026-09-11 16:40:00,131.2,14,61,40.0,0,0,0
2026-09-11 16:45:00,128.3,35,62,42.4,0,0,0
2026-09-11 16:50:00,129.2,17,61,40.5,0,0,0
2026-09-11 16:55:00,129.9,22,62,41.2,0,0,0
2026-09-11 17:00:00,128.1,41,60,40.7,0,0,0
2026-09-11 17:05:00,127.4,33,65,40.4,0,0,0
2026-09-11 17:10:00,125.9,24,61,40.3,0,0,0
2026-09-11 17:15:00,123.8,26,63,42.5,0,0,0
2026-09-11 17:20:00,122.4,29,64,41.9,0,0,0
2026-09-11 17:25:00,118.7,16,65,36.2,0,0,0
2026-09-11 17:30:00,118.2,21,61,41.1,0,0,0
2026-09-11 17:35:00,115.1,22,61,45.0,0,0,0
2026-09-11 17:40:00,113.4,36,66,38.8,0,0,0
2026-09-11 17:45:00,114.8,28,63,41.6,0,0,0
2026-09-11 17:50:00,112.1,61,62,41.6,0,0,0
2026-09-11 17:55:00,108.1,15,63,40.7,0,0,0
2026-09-11 18:00:00,108.3,19,62,41.7,0,0,0
2026-09-11 18:05:00,108.9,13,61,40.0,0,0,0
2026-09-11 18:10:00,107.2,22,62,37.2,0,0,0
2026-09-11 18:15:00,108.7,20,68,36.9,0,22,50
2026-09-11 18:20:00,115.1,22,65,40.8,0,0,0
2026-09-11 18:25:00,117.0,409,93,40.2,0,0,0
2026-09-11 18:30:00,116.6,418,90,39.4,0,0,0
2026-09-11 18:35:00,117.1,19,66,39.1,0,0,0
2026-09-11 18:40:00,118.1,24,62,40.7,0,0,0
2026-09-11 18:45:00,118.8,22,63,39.7,0,0,0
2026-09-11 18:50:00,121.0,12,63,40.8,0,0,0
2026-09-11 18:55:00,120.5,26,63,38.9,0,0,0
2026-09-11 19:00:00,120.6,16,64,41.9,0,0,0
2026-09-11 19:05:00,120.5,4,61,41.9,0,0,0
2026-09-11 19:10:00,118.6,9,61,42.0,0,0,0
2026-09-11 19:15:00,119.2,14,65,39.7,0,0,0
2026-09-11 19:20:00,115.4,17,62,41.2,0,0,0
2026-09-11 19:25:00,115.3,15,59,39.5,0,0,0
2026-09-11 19:30:00,112.0,14,60,39.2,0,0,0
2026-09-11 19:35:00,111.8,22,61,41.3,0,0,0
2026-09-11 19:40:00,112.2,17,59,43.4,0,0,0
2026-09-11 19:45:00,108.7,19,56,42.0,0,0,0
2026-09-11 19:50:00,111.9,18,59,41.0,0,0,0
2026-09-11 19:55:00,110.7,14,61,41.0,0,0,0
2026-09-11 20:00:00,108.2,16,65,42.5,0,0,0
2026-09-11 20:05:00,108.2,11,64,41.2,0,0,0
2026-09-11 20:10:00,108.5,5,62,40.8,0,0,0
2026-09-11 20:15:00,106.0,23,63,37.5,0,0,0
2026-09-11 20:20:00,108.4,22,62,40.6,0,0,0
2026-09-11 20:25:00,110.2,29,63,40.7,0,0,0
2026-09-11 20:30:00,113.0,26,63,39.5,0,0,0
2026-09-11 20:35:00,112.1,30,62,42.7,0,0,0
2026-09-11 20:40:00,112.2,10,62,39.0,0,0,0
2026-09-11 20:45:00,114.6,27,64,40.1,0,0,0
2026-09-11 20:50:00,114.3,16,63,37.9,0,0,0
2026-09-11 20:55:00,113.3,29,63,44.0,0,0,0
2026-09-11 21:00:00,112.6,48,65,42.2,0,0,0
2026-09-11 21:05:00,110.4,31,63,40.9,0,0,0
2026-09-11 21:10:00,112.2,30,64,41.5,0,0,0
2026-09-11 21:15:00,112.3,36,62,43.1,0,0,0
2026-09-11 21:20:00,108.9,17,62,36.8,0,0,0
2026-09-11 21:25:00,106.8,19,63,38.3,0,0,0
2026-09-11 21:30:00,106.2,15,60,40.0,0,49,68
2026-09-11 21:35:00,111.3,43,65,41.7,0,0,0
2026-09-11 21:40:00,113.3,23,62,39.4,0,0,0
2026-09-11 21:45:00,119.1,464,91,43.0,0,0,0
2026-09-11 21:50:00,118.4,457,93,41.5,0,0,0
2026-09-11 21:55:00,122.6,30,63,39.2,0,0,0
2026-09-11 22:00:00,124.9,36,60,40.6,0,0,0
2026-09-11 22:05:00,127.2,25,64,44.3,0,0,0
2026-09-11 22:10:00,126.0,14,62,39.6,0,0,0
2026-09-11 22:15:00,127.9,28,62,41.6,0,0,0
2026-09-11 22:20:00,128.1,17,65,44.9,0,0,0
2026-09-11 22:25:00,126.0,13,64,41.9,0,0,0
2026-09-11 22:30:00,127.6,34,63,42.1,0,0,0
2026-09-11 22:35:00,128.8,17,62,45.9,0,0,0
2026-09-11 22:40:00,124.1,14,58,39.5,0,0,0
2026-09-11 22:45:00,124.8,9,61,35.8,0,0,0
2026-09-11 22:50:00,123.8,26,60,37.6,0,0,0
2026-09-11 22:55:00,124.9,14,63,44.9,0,0,0
2026-09-11 23:00:00,123.1,20,61,42.3,0,0,0
2026-09-11 23:05:00,119.2,24,62,41.6,0,0,0
2026-09-11 23:10:00,120.7,20,60,40.6,0,0,0
2026-09-11 23:15:00,120.6,15,59,43.3,0,0,0
2026-09-11 23:20:00,122.5,37,60,40.2,0,0,0
2026-09-11 23:25:00,120.1,26,65,36.2,0,0,0
2026-09-11 23:30:00,116.4,40,62,42.3,0,0,0
2026-09-11 23:35:00,113.9,26,61,41.6,0,0,0
2026-09-11 23:40:00,115.6,11,59,44.5,0,0,0
2026-09-11 23:45:00,114.1,17,65,39.7,0,0,0
2026-09-11 23:50:00,109.9,46,63,41.4,0,0,0
2026-09-11 23:55:00,113.1,0,51,69.5,1,0,0
2026-09-12 00:00:00,110.9,0,53,69.0,1,0,0
2026-09-12 00:05:00,106.4,0,52,71.0,1,0,0
2026-09-12 00:10:00,108.8,1,54,67.0,1,0,0
2026-09-12 00:15:00,111.5,0,45,68.3,1,0,0
2026-09-12 00:20:00,111.2,0,57,65.7,1,0,0
2026-09-12 00:25:00,112.2,1,57,68.2,1,0,0
2026-09-12 00:30:00,110.2,0,53,64.6,1,0,0
2026-09-12 00:35:00,109.4,0,53,66.5,1,0,0
2026-09-12 00:40:00,109.0,0,51,68.4,1,0,0
2026-09-12 00:45:00,109.3,0,57,66.6,1,0,0
2026-09-12 00:50:00,107.8,0,52,66.4,1,0,0
2026-09-12 00:55:00,109.0,0,55,65.7,1,0,0
2026-09-12 01:00:00,107.0,0,52,65.4,1,0,0
2026-09-12 01:05:00,109.8,0,51,67.8,1,0,0
2026-09-12 01:10:00,109.4,1,52,66.3,1,0,0
2026-09-12 01:15:00,108.4,0,54,63.2,1,0,0
2026-09-12 01:20:00,108.7,1,53,66.4,1,0,0
2026-09-12 01:25:00,107.3,1,50,69.7,1,0,0
2026-09-12 01:30:00,108.7,0,54,66.0,1,0,0
2026-09-12 01:35:00,106.6,1,52,67.3,1,0,0
2026-09-12 01:40:00,108.0,1,53,66.5,1,0,0
2026-09-12 01:45:00,105.1,0,52,66.1,1,0,0
2026-09-12 01:50:00,107.4,0,54,68.8,1,0,0
2026-09-12 01:55:00,108.1,1,51,64.5,1,0,0
2026-09-12 02:00:00,110.5,2,57,69.6,1,0,0
2026-09-12 02:05:00,111.0,0,54,66.1,1,0,0
2026-09-12 02:10:00,112.5,0,54,67.9,1,0,0
2026-09-12 02:15:00,109.7,1,54,66.6,1,0,0
2026-09-12 02:20:00,109.8,0,50,65.8,1,0,0
2026-09-12 02:25:00,110.8,0,53,66.1,1,0,0
2026-09-12 02:30:00,111.7,0,53,67.4,1,0,0
2026-09-12 02:35:00,111.4,0,55,68.0,1,0,0
2026-09-12 02:40:00,107.5,0,52,69.7,1,0,0
2026-09-12 02:45:00,110.4,0,56,67.2,1,0,0
2026-09-12 02:50:00,112.7,0,55,68.5,1,0,0
2026-09-12 02:55:00,111.5,1,53,64.1,1,0,0
2026-09-12 03:00:00,110.2,0,52,67.3,1,0,0
2026-09-12 03:05:00,108.7,1,51,68.4,1,0,0
2026-09-12 03:10:00,107.7,0,54,69.3,1,0,0
2026-09-12 03:15:00,110.2,0,57,66.6,1,0,0
2026-09-12 03:20:00,111.5,0,53,69.2,1,0,0
2026-09-12 03:25:00,113.7,0,49,70.3,1,0,0
2026-09-12 03:30:00,112.5,0,50,70.1,1,0,0
2026-09-12 03:35:00,112.9,0,51,67.4,1,0,0
2026-09-12 03:40:00,116.1,0,55,66.5,1,0,0
2026-09-12 03:45:00,115.3,0,50,69.9,1,0,0
2026-09-12 03:50:00,113.2,0,52,69.0,1,0,0
2026-09-12 03:55:00,114.0,0,51,65.6,1,0,0
2026-09-12 04:00:00,113.8,0,50,65.9,1,0,0
2026-09-12 04:05:00,112.2,0,51,68.1,1,0,0
2026-09-12 04:10:00,113.4,0,52,65.8,1,0,0
2026-09-12 04:15:00,116.4,0,53,65.6,1,0,0
2026-09-12 04:20:00,118.2,0,49,69.8,1,0,0
2026-09-12 04:25:00,119.1,0,53,66.5,1,0,0
2026-09-12 04:30:00,118.5,0,52,68.9,1,0,0
2026-09-12 04:35:00,115.9,1,54,66.0,1,0,0
2026-09-12 04:40:00,118.3,1,54,66.4,1,0,0
2026-09-12 04:45:00,114.7,1,53,70.1,1,0,0
2026-09-12 04:50:00,114.6,0,51,70.6,1,0,0
2026-09-12 04:55:00,113.5,0,53,64.7,1,0,0
2026-09-12 05:00:00,111.2,0,52,67.8,1,0,0
2026-09-12 05:05:00,113.8,0,52,66.4,1,0,0
2026-09-12 05:10:00,112.0,0,54,65.4,1,0,0
2026-09-12 05:15:00,112.3,1,55,70.9,1,0,0
2026-09-12 05:20:00,111.1,0,51,67.6,1,0,0
2026-09-12 05:25:00,108.6,0,50,70.6,1,0,0
2026-09-12 05:30:00,110.3,0,55,65.4,1,0,0
2026-09-12 05:35:00,114.8,0,52,67.0,1,0,0
2026-09-12 05:40:00,116.3,1,55,64.5,1,0,0
2026-09-12 05:45:00,115.8,0,50,69.4,1,0,0
2026-09-12 05:50:00,116.1,0,53,65.3,1,0,0
2026-09-12 05:55:00,116.6,0,54,68.3,1,0,0
2026-09-12 06:00:00,117.2,0,51,68.4,1,0,0
2026-09-12 06:05:00,117.9,1,52,64.8,1,0,0
2026-09-12 06:10:00,118.3,0,56,69.0,1,0,0
2026-09-12 06:15:00,115.9,1,52,66.3,1,0,0
2026-09-12 06:20:00,117.8,0,52,69.2,1,0,0
2026-09-12 06:25:00,118.1,1,52,70.3,1,0,0
2026-09-12 06:30:00,118.3,0,54,66.9,1,0,0
2026-09-12 06:35:00,116.1,0,51,69.7,1,0,0
2026-09-12 06:40:00,116.6,16,65,39.8,0,0,0
2026-09-12 06:45:00,113.9,19,60,42.8,0,0,0
2026-09-12 06:50:00,114.7,18,59,44.9,0,0,0
2026-09-12 06:55:00,114.2,31,62,39.9,0,0,0
2026-09-12 07:00:00,114.2,18,65,41.1,0,0,0
2026-09-12 07:05:00,114.3,31,64,40.8,0,0,0
2026-09-12 07:10:00,113.8,30,62,43.5,0,0,0
2026-09-12 07:15:00,115.4,54,65,41.9,0,0,0
2026-09-12 07:20:00,111.8,48,65,42.4,0,0,0
2026-09-12 07:25:00,112.8,46,64,40.3,0,0,0
2026-09-12 07:30:00,109.5,24,59,42.0,0,0,0
2026-09-12 07:35:00,108.6,25,64,42.4,0,0,0
2026-09-12 07:40:00,108.3,40,64,41.1,0,0,0
2026-09-12 07:45:00,107.1,18,61,41.0,0,0,0
2026-09-12 07:50:00,108.3,33,62,37.9,0,0,0
2026-09-12 07:55:00,107.4,24,59,43.1,0,0,0
2026-09-12 08:00:00,105.8,21,64,40.8,0,34,55
2026-09-12 08:05:00,109.2,23,67,39.8,0,0,0
2026-09-12 08:10:00,110.9,21,62,40.2,0,0,0
2026-09-12 08:15:00,113.2,11,64,40.7,0,0,0
2026-09-12 08:20:00,113.2,32,68,41.7,0,0,0
2026-09-12 08:25:00,113.5,19,65,43.7,0,0,0
2026-09-12 08:30:00,115.1,19,63,44.6,0,0,0
2026-09-12 08:35:00,113.6,25,65,40.8,0,0,0
2026-09-12 08:40:00,114.9,21,61,41.5,0,0,0
2026-09-12 08:45:00,120.3,16,57,40.0,0,0,0
2026-09-12 08:50:00,120.7,25,60,44.0,0,0,0
2026-09-12 08:55:00,120.8,13,61,42.6,0,0,0
2026-09-12 09:00:00,118.3,41,66,43.7,0,0,0
2026-09-12 09:05:00,116.1,23,63,45.6,0,0,0
2026-09-12 09:10:00,115.1,15,60,41.8,0,0,0
2026-09-12 09:15:00,112.0,34,64,40.0,0,0,0
2026-09-12 09:20:00,110.5,21,62,37.8,0,0,0
2026-09-12 09:25:00,113.8,32,63,40.3,0,0,0
2026-09-12 09:30:00,113.5,8,64,40.8,0,0,0
2026-09-12 09:35:00,109.4,23,62,43.2,0,0,0
2026-09-12 09:40:00,109.7,10,62,42.1,0,0,0
2026-09-12 09:45:00,113.7,24,67,39.1,0,0,0
2026-09-12 09:50:00,115.6,22,65,42.3,0,0,0
2026-09-12 09:55:00,118.9,16,66,42.5,0,0,0
2026-09-12 10:00:00,114.4,11,60,36.7,0,0,0
2026-09-12 10:05:00,117.3,32,63,38.7,0,0,0
2026-09-12 10:10:00,116.4,27,61,42.9,0,0,0
2026-09-12 10:15:00,117.4,31,63,41.6,0,0,0
2026-09-12 10:20:00,116.6,22,63,42.7,0,0,0
2026-09-12 10:25:00,112.1,24,64,42.6,0,0,0
2026-09-12 10:30:00,113.7,13,64,42.5,0,0,0
2026-09-12 10:35:00,114.9,19,61,40.3,0,0,0
2026-09-12 10:40:00,114.3,9,63,44.3,0,0,0
2026-09-12 10:45:00,112.9,31,63,42.6,0,0,0
2026-09-12 10:50:00,113.5,28,64,43.6,0,0,0
2026-09-12 10:55:00,115.7,21,60,42.0,0,0,0
2026-09-12 11:00:00,114.1,28,59,39.8,0,0,0
2026-09-12 11:05:00,114.0,43,66,41.4,0,0,0
2026-09-12 11:10:00,113.7,30,64,33.8,0,0,0
2026-09-12 11:15:00,108.4,16,63,41.6,0,0,0
2026-09-12 11:20:00,109.5,13,59,43.4,0,0,0
2026-09-12 11:25:00,107.8,28,64,39.8,0,0,0
2026-09-12 11:30:00,106.6,12,60,41.0,0,0,0
2026-09-12 11:35:00,111.2,29,64,41.4,0,0,0
2026-09-12 11:40:00,113.9,18,62,40.4,0,0,0
2026-09-12 11:45:00,110.1,7,61,39.8,0,0,0
2026-09-12 11:50:00,112.1,10,63,41.7,0,0,0
2026-09-12 11:55:00,110.4,34,65,40.6,0,0,0
2026-09-12 12:00:00,107.3,48,66,38.1,0,0,0
2026-09-12 12:05:00,109.2,19,61,41.0,0,0,0
2026-09-12 12:10:00,112.8,30,61,44.8,0,0,0
2026-09-12 12:15:00,113.5,14,63,38.9,0,0,0
2026-09-12 12:20:00,112.6,28,61,40.9,0,0,0
2026-09-12 12:25:00,106.8,57,64,42.9,0,0,0
2026-09-12 12:30:00,106.6,31,62,41.5,0,0,0
2026-09-12 12:35:00,104.0,22,64,43.3,0,0,0
2026-09-12 12:40:00,104.2,20,63,43.7,0,0,0
2026-09-12 12:45:00,102.6,53,69,37.4,0,0,0
2026-09-12 12:50:00,100.1,18,63,40.4,0,0,0
2026-09-12 12:55:00,101.0,46,65,38.1,0,0,0
2026-09-12 13:00:00,101.0,23,60,40.9,0,0,0
2026-09-12 13:05:00,99.6,45,64,40.3,0,0,0
2026-09-12 13:10:00,100.2,23,61,44.4,0,0,0
2026-09-12 13:15:00,99.3,19,61,42.1,0,0,0
2026-09-12 13:20:00,101.9,9,64,43.2,0,0,0
2026-09-12 13:25:00,100.1,40,64,41.1,0,0,0
2026-09-12 13:30:00,102.2,21,68,43.4,0,0,0
2026-09-12 13:35:00,107.5,23,64,44.8,0,0,0
2026-09-12 13:40:00,105.6,20,59,43.3,0,0,0
2026-09-12 13:45:00,106.0,70,67,40.2,0,111,70
2026-09-12 13:50:00,122.9,12,63,41.0,0,0,0
2026-09-12 13:55:00,138.0,29,66,39.8,0,0,0
2026-09-12 14:00:00,148.3,22,66,41.9,0,0,0
2026-09-12 14:05:00,151.3,11,63,40.0,0,0,0
2026-09-12 14:10:00,155.0,10,68,39.4,0,0,0
2026-09-12 14:15:00,157.4,15,62,38.4,0,0,0
2026-09-12 14:20:00,158.4,12,62,42.9,0,0,0
2026-09-12 14:25:00,160.1,30,63,39.8,0,0,0
2026-09-12 14:30:00,161.6,22,59,42.3,0,0,0
2026-09-12 14:35:00,161.7,43,61,40.0,0,0,0
2026-09-12 14:40:00,163.4,22,66,40.0,0,0,0
2026-09-12 14:45:00,162.4,26,60,38.0,0,0,0
2026-09-12 14:50:00,161.1,4,61,40.3,0,0,0
2026-09-12 14:55:00,161.9,12,64,40.6,0,0,0
2026-09-12 15:00:00,161.2,18,60,38.9,0,0,0
2026-09-12 15:05:00,158.3,14,60,39.4,0,0,0
2026-09-12 15:10:00,159.1,28,63,40.0,0,0,0
2026-09-12 15:15:00,154.7,23,65,41.3,0,0,0
2026-09-12 15:20:00,151.3,25,64,40.8,0,0,0
2026-09-12 15:25:00,149.3,18,61,37.0,0,0,0
2026-09-12 15:30:00,147.0,22,61,42.7,0,0,0
2026-09-12 15:35:00,141.6,24,64,42.4,0,0,0
2026-09-12 15:40:00,140.3,12,59,40.3,0,0,0
2026-09-12 15:45:00,137.3,32,64,42.4,0,0,0
2026-09-12 15:50:00,135.1,14,59,43.0,0,0,0
2026-09-12 15:55:00,132.8,10,64,39.5,0,0,0
2026-09-12 16:00:00,132.3,11,59,42.2,0,0,0
2026-09-12 16:05:00,127.4,18,63,42.0,0,0,0
2026-09-12 16:10:00,125.6,16,61,40.0,0,0,0
2026-09-12 16:15:00,124.8,23,62,41.4,0,0,0
2026-09-12 16:20:00,125.9,35,64,42.0,0,0,0
2026-09-12 16:25:00,121.2,13,60,39.8,0,0,0
2026-09-12 16:30:00,120.5,28,63,37.9,0,0,0
2026-09-12 16:35:00,120.9,17,61,37.5,0,0,0
2026-09-12 16:40:00,120.1,20,62,46.6,0,0,0
2026-09-12 16:45:00,120.5,22,70,41.9,0,0,0
2026-09-12 16:50:00,116.6,17,56,41.4,0,0,0
2026-09-12 16:55:00,116.8,13,62,41.1,0,0,0
2026-09-12 17:00:00,118.8,22,62,42.7,0,0,0
2026-09-12 17:05:00,117.2,15,61,42.4,0,0,0
2026-09-12 17:10:00,114.8,41,64,41.5,0,0,0
2026-09-12 17:15:00,113.6,22,62,42.8,0,0,0
2026-09-12 17:20:00,112.2,32,67,39.1,0,0,0
2026-09-12 17:25:00,115.0,9,59,43.6,0,0,0
2026-09-12 17:30:00,112.6,55,67,42.5,0,0,0
2026-09-12 17:35:00,109.0,25,62,41.2,0,0,0
2026-09-12 17:40:00,110.6,16,63,40.3,0,13,35
2026-09-12 17:45:00,111.2,22,64,43.9,0,0,0
2026-09-12 17:50:00,111.5,64,67,43.7,0,0,0
2026-09-12 17:55:00,109.0,29,68,43.8,0,0,0
2026-09-12 18:00:00,110.8,39,67,42.0,0,0,0
2026-09-12 18:05:00,107.0,14,62,40.4,0,0,0
2026-09-12 18:10:00,106.6,21,64,40.7,0,0,0
2026-09-12 18:15:00,107.2,17,56,40.1,0,0,0
2026-09-12 18:20:00,103.4,39,61,42.7,0,0,0
2026-09-12 18:25:00,104.2,19,61,41.7,0,0,0
2026-09-12 18:30:00,101.9,18,61,41.4,0,0,0
2026-09-12 18:35:00,97.5,10,61,40.8,0,0,0
2026-09-12 18:40:00,100.7,22,66,39.4,0,0,0
2026-09-12 18:45:00,102.5,33,60,42.3,0,0,0
2026-09-12 18:50:00,104.3,23,62,37.8,0,0,0
2026-09-12 18:55:00,105.5,17,61,41.8,0,0,0
2026-09-12 19:00:00,104.9,22,66,44.9,0,0,0
2026-09-12 19:05:00,105.6,40,63,40.1,0,0,0
2026-09-12 19:10:00,105.0,15,61,44.2,0,0,0
2026-09-12 19:15:00,106.1,27,63,39.7,0,0,0
2026-09-12 19:20:00,107.8,32,65,39.4,0,0,0
2026-09-12 19:25:00,105.0,31,61,44.3,0,0,0
2026-09-12 19:30:00,101.6,18,60,42.6,0,0,0
2026-09-12 19:35:00,104.9,21,62,40.8,0,0,0
2026-09-12 19:40:00,106.5,25,63,44.1,0,0,0
2026-09-12 19:45:00,106.3,21,58,44.7,0,0,0
2026-09-12 19:50:00,105.2,44,63,41.9,0,0,0
2026-09-12 19:55:00,102.7,18,63,39.7,0,0,0
2026-09-12 20:00:00,102.3,16,60,42.8,0,0,0
2026-09-12 20:05:00,104.5,39,65,44.4,0,0,0
2026-09-12 20:10:00,104.0,11,59,38.7,0,0,0
2026-09-12 20:15:00,105.9,30,62,38.8,0,0,0
2026-09-12 20:20:00,107.4,32,64,42.3,0,0,0
2026-09-12 20:25:00,109.2,10,63,38.4,0,0,0
2026-09-12 20:30:00,105.4,29,64,36.3,0,0,0
2026-09-12 20:35:00,106.6,19,58,38.0,0,0,0
2026-09-12 20:40:00,105.1,22,59,39.8,0,0,0
2026-09-12 20:45:00,104.0,462,88,41.9,0,0,0
2026-09-12 20:50:00,103.3,469,88,41.5,0,0,0
2026-09-12 20:55:00,106.4,36,63,41.4,0,0,0
2026-09-12 21:00:00,106.1,9,63,39.9,0,0,0
2026-09-12 21:05:00,105.3,20,64,40.7,0,56,55
2026-09-12 21:10:00,116.5,16,67,40.9,0,0,0
2026-09-12 21:15:00,118.5,33,67,43.9,0,0,0
2026-09-12 21:20:00,121.2,24,69,45.2,0,0,0
2026-09-12 21:25:00,122.9,7,66,41.6,0,0,0
2026-09-12 21:30:00,124.9,15,65,45.8,0,0,0
2026-09-12 21:35:00,123.9,7,61,39.4,0,0,0
2026-09-12 21:40:00,125.8,18,63,42.1,0,0,0
2026-09-12 21:45:00,125.9,8,60,38.7,0,0,0
2026-09-12 21:50:00,124.8,34,64,39.7,0,0,0
2026-09-12 21:55:00,121.9,15,61,44.0,0,0,0
2026-09-12 22:00:00,122.3,35,61,40.7,0,0,0
2026-09-12 22:05:00,123.7,32,59,40.0,0,0,0
2026-09-12 22:10:00,126.4,26,61,43.1,0,0,0
2026-09-12 22:15:00,126.8,23,57,38.0,0,0,0
2026-09-12 22:20:00,124.9,8,60,43.4,0,0,0
2026-09-12 22:25:00,124.7,20,63,43.3,0,0,0
2026-09-12 22:30:00,125.4,20,60,44.1,0,0,0
2026-09-12 22:35:00,125.5,14,61,41.5,0,0,0
2026-09-12 22:40:00,123.0,18,64,41.2,0,0,0
2026-09-12 22:45:00,117.1,9,62,38.0,0,0,0
2026-09-12 22:50:00,116.7,5,61,38.7,0,0,0
2026-09-12 22:55:00,114.7,19,65,42.7,0,0,0
2026-09-12 23:00:00,113.3,20,63,41.8,0,0,0
2026-09-12 23:05:00,113.3,0,53,66.9,1,0,0
2026-09-12 23:10:00,112.9,0,53,66.9,1,0,0
2026-09-12 23:15:00,114.0,0,58,69.6,1,0,0
2026-09-12 23:20:00,116.1,2,55,64.1,1,0,0
2026-09-12 23:25:00,117.2,1,55,67.8,1,0,0
2026-09-12 23:30:00,114.8,1,53,68.1,1,0,0
2026-09-12 23:35:00,114.7,1,50,67.9,1,0,0
2026-09-12 23:40:00,112.6,0,54,68.1,1,0,0
2026-09-12 23:45:00,108.9,0,57,72.3,1,0,0
2026-09-12 23:50:00,105.7,0,54,68.4,1,0,0
2026-09-12 23:55:00,109.9,0,52,67.7,1,0,0
2026-09-13 00:00:00,109.2,1,54,67.4,1,0,0
2026-09-13 00:05:00,111.8,1,56,65.2,1,0,0
2026-09-13 00:10:00,108.3,1,53,65.9,1,0,0
2026-09-13 00:15:00,106.4,0,56,64.2,1,0,0
2026-09-13 00:20:00,108.2,1,52,66.1,1,0,0
2026-09-13 00:25:00,106.8,0,55,67.8,1,0,0
2026-09-13 00:30:00,106.2,1,56,66.5,1,0,0
2026-09-13 00:35:00,104.2,0,48,70.5,1,0,0
2026-09-13 00:40:00,103.6,1,53,65.2,1,0,0
2026-09-13 00:45:00,102.0,3,55,64.5,1,0,0
2026-09-13 00:50:00,103.6,0,52,67.9,1,0,0
2026-09-13 00:55:00,105.3,0,54,69.5,1,0,0
2026-09-13 01:00:00,103.9,0,52,67.8,1,0,0
2026-09-13 01:05:00,106.0,0,53,69.1,1,0,0
2026-09-13 01:10:00,102.1,0,50,67.3,1,0,0
2026-09-13 01:15:00,101.4,0,53,68.2,1,0,0
2026-09-13 01:20:00,103.2,1,51,67.1,1,0,0
2026-09-13 01:25:00,99.6,1,51,70.5,1,0,0
2026-09-13 01:30:00,102.1,0,52,67.8,1,0,0
2026-09-13 01:35:00,102.3,1,52,69.0,1,0,0
2026-09-13 01:40:00,102.5,0,54,65.4,1,0,0
2026-09-13 01:45:00,101.6,0,51,66.8,1,0,0
2026-09-13 01:50:00,102.2,1,50,65.5,1,0,0
2026-09-13 01:55:00,101.3,0,52,67.0,1,0,0
2026-09-13 02:00:00,102.4,0,52,64.9,1,0,0
2026-09-13 02:05:00,107.3,0,52,67.5,1,0,0
2026-09-13 02:10:00,106.1,0,51,66.2,1,0,0
2026-09-13 02:15:00,105.6,0,53,68.0,1,0,0
2026-09-13 02:20:00,104.8,1,53,69.2,1,0,0
2026-09-13 02:25:00,104.7,1,51,66.1,1,0,0
2026-09-13 02:30:00,110.7,0,55,67.8,1,0,0
2026-09-13 02:35:00,110.9,0,54,69.3,1,0,0
2026-09-13 02:40:00,112.9,0,57,63.7,1,0,0
2026-09-13 02:45:00,113.9,0,53,68.4,1,0,0
2026-09-13 02:50:00,112.2,0,50,68.9,1,0,0
2026-09-13 02:55:00,110.4,0,52,65.5,1,0,0
2026-09-13 03:00:00,111.3,0,54,64.4,1,0,0
2026-09-13 03:05:00,108.2,0,57,70.5,1,0,0
2026-09-13 03:10:00,110.5,0,54,64.9,1,0,0
2026-09-13 03:15:00,107.3,0,55,69.4,1,0,0
2026-09-13 03:20:00,110.7,0,51,68.7,1,0,0
2026-09-13 03:25:00,111.9,0,53,63.5,1,0,0
2026-09-13 03:30:00,115.7,1,53,66.2,1,0,0
2026-09-13 03:35:00,116.2,0,55,66.6,1,0,0
2026-09-13 03:40:00,115.9,0,51,68.0,1,0,0
2026-09-13 03:45:00,112.6,0,49,68.4,1,0,0
2026-09-13 03:50:00,114.1,0,55,63.6,1,0,0
2026-09-13 03:55:00,112.9,0,55,66.0,1,0,0
2026-09-13 04:00:00,114.2,0,53,68.1,1,0,0
2026-09-13 04:05:00,113.2,0,54,65.3,1,0,0
2026-09-13 04:10:00,112.5,1,53,66.7,1,0,0
2026-09-13 04:15:00,111.5,0,48,64.5,1,0,0
2026-09-13 04:20:00,112.1,0,51,67.5,1,0,0
2026-09-13 04:25:00,113.8,2,50,68.9,1,0,0
2026-09-13 04:30:00,111.6,1,56,68.9,1,0,0
2026-09-13 04:35:00,114.8,0,52,63.2,1,0,0
2026-09-13 04:40:00,113.6,1,53,66.4,1,0,0
2026-09-13 04:45:00,113.6,0,48,71.6,1,0,0
2026-09-13 04:50:00,114.8,0,51,66.3,1,0,0
2026-09-13 04:55:00,109.9,0,54,68.6,1,0,0
2026-09-13 05:00:00,114.7,0,51,64.8,1,0,0
2026-09-13 05:05:00,115.3,1,54,63.0,1,0,0
2026-09-13 05:10:00,115.5,0,55,67.2,1,0,0
2026-09-13 05:15:00,116.5,0,49,71.4,1,0,0
2026-09-13 05:20:00,114.7,0,51,62.6,1,0,0
2026-09-13 05:25:00,116.2,0,49,69.2,1,0,0
2026-09-13 05:30:00,118.3,1,54,66.5,1,0,0
2026-09-13 05:35:00,115.7,0,54,67.3,1,0,0
2026-09-13 05:40:00,113.4,0,54,67.7,1,0,0
2026-09-13 05:45:00,115.1,0,56,67.1,1,0,0
2026-09-13 05:50:00,114.4,0,53,67.9,1,0,0
2026-09-13 05:55:00,114.5,0,54,67.8,1,0,0
2026-09-13 06:00:00,114.4,0,54,67.1,1,0,0
2026-09-13 06:05:00,115.7,1,53,69.4,1,0,0
2026-09-13 06:10:00,117.8,0,52,61.9,1,0,0
2026-09-13 06:15:00,116.1,1,54,67.9,1,0,0
2026-09-13 06:20:00,119.9,30,61,40.4,0,0,0
2026-09-13 06:25:00,122.1,26,66,39.7,0,0,0
2026-09-13 06:30:00,124.1,25,63,41.6,0,0,0
2026-09-13 06:35:00,124.5,12,59,40.4,0,0,0
2026-09-13 06:40:00,123.2,18,69,38.0,0,0,0
2026-09-13 06:45:00,125.8,31,63,39.7,0,0,0
2026-09-13 06:50:00,120.7,35,64,40.7,0,0,0
2026-09-13 06:55:00,115.0,33,64,39.4,0,0,0
2026-09-13 07:00:00,115.5,9,62,37.6,0,0,0
2026-09-13 07:05:00,116.8,32,59,42.3,0,0,0
2026-09-13 07:10:00,116.9,8,56,41.7,0,0,0
2026-09-13 07:15:00,115.4,47,63,41.1,0,0,0
2026-09-13 07:20:00,119.6,33,63,42.7,0,0,0
2026-09-13 07:25:00,115.5,39,64,39.7,0,0,0
2026-09-13 07:30:00,115.2,25,66,42.4,0,0,0
2026-09-13 07:35:00,117.8,62,65,41.9,0,0,0
2026-09-13 07:40:00,118.9,42,63,36.0,0,0,0
2026-09-13 07:45:00,114.7,26,65,38.8,0,0,0
2026-09-13 07:50:00,115.6,28,65,38.1,0,0,0
2026-09-13 07:55:00,117.5,16,64,42.8,0,0,0
2026-09-13 08:00:00,114.7,17,63,39.5,0,0,0
2026-09-13 08:05:00,116.6,12,68,44.5,0,55,65
2026-09-13 08:10:00,122.3,40,67,42.1,0,0,0
2026-09-13 08:15:00,131.3,25,65,40.2,0,0,0
2026-09-13 08:20:00,137.8,27,71,44.2,0,0,0
2026-09-13 08:25:00,145.3,13,65,44.7,0,0,0
2026-09-13 08:30:00,144.3,26,67,40.7,0,0,0
2026-09-13 08:35:00,145.9,22,64,41.1,0,0,0
2026-09-13 08:40:00,146.7,31,59,41.1,0,0,0
2026-09-13 08:45:00,150.6,25,64,39.2,0,0,0
2026-09-13 08:50:00,148.9,36,63,38.7,0,0,0
2026-09-13 08:55:00,150.1,10,65,40.9,0,0,0
2026-09-13 09:00:00,147.2,23,65,40.8,0,0,0
2026-09-13 09:05:00,146.9,21,62,42.5,0,0,0
2026-09-13 09:10:00,142.7,16,64,43.7,0,0,0
2026-09-13 09:15:00,140.1,12,63,41.9,0,0,0
2026-09-13 09:20:00,137.3,19,61,42.7,0,0,0
2026-09-13 09:25:00,134.8,16,63,45.6,0,0,0
2026-09-13 09:30:00,131.0,37,64,39.3,0,0,0
2026-09-13 09:35:00,127.6,18,61,39.1,0,0,0
2026-09-13 09:40:00,130.4,49,62,42.6,0,0,0
2026-09-13 09:45:00,127.5,43,63,38.5,0,0,0
2026-09-13 09:50:00,128.6,34,60,43.0,0,0,0
2026-09-13 09:55:00,126.6,25,66,42.2,0,0,0
2026-09-13 10:00:00,124.4,40,64,43.3,0,0,0
2026-09-13 10:05:00,123.5,66,65,40.9,0,0,0
2026-09-13 10:10:00,124.3,22,66,42.1,0,0,0
2026-09-13 10:15:00,125.2,18,62,40.0,0,0,0
2026-09-13 10:20:00,119.8,14,60,41.1,0,0,0
2026-09-13 10:25:00,119.6,20,62,40.1,0,0,0
2026-09-13 10:30:00,121.2,35,63,42.8,0,0,0
2026-09-13 10:35:00,120.6,16,61,39.4,0,0,0
2026-09-13 10:40:00,121.5,26,65,40.9,0,0,0
2026-09-13 10:45:00,118.5,30,63,43.5,0,0,0
2026-09-13 10:50:00,121.2,12,62,41.2,0,0,0
2026-09-13 10:55:00,118.3,13,62,40.3,0,0,0
2026-09-13 11:00:00,119.9,23,62,43.5,0,0,0
2026-09-13 11:05:00,118.6,20,58,40.1,0,0,0
2026-09-13 11:10:00,114.8,9,62,41.0,0,0,0
2026-09-13 11:15:00,117.0,422,87,38.7,0,0,0
2026-09-13 11:20:00,117.0,441,91,37.6,0,0,0
2026-09-13 11:25:00,117.0,11,61,37.8,0,0,0
2026-09-13 11:30:00,116.8,19,62,37.9,0,0,0
2026-09-13 11:35:00,115.5,14,64,40.8,0,0,0
2026-09-13 11:40:00,113.9,24,66,40.2,0,0,0
2026-09-13 11:45:00,116.5,28,59,43.8,0,0,0
2026-09-13 11:50:00,114.9,32,62,39.1,0,0,0
2026-09-13 11:55:00,110.3,25,65,40.8,0,0,0
2026-09-13 12:00:00,109.0,34,64,41.8,0,0,0
2026-09-13 12:05:00,109.5,30,62,41.8,0,0,0
2026-09-13 12:10:00,109.4,35,64,40.6,0,0,0
2026-09-13 12:15:00,113.4,12,62,43.0,0,0,0
2026-09-13 12:20:00,113.8,18,59,41.8,0,0,0
2026-09-13 12:25:00,114.9,52,64,36.1,0,0,0
2026-09-13 12:30:00,114.7,30,63,39.1,0,0,0
2026-09-13 12:35:00,115.2,21,61,37.0,0,0,0
2026-09-13 12:40:00,118.9,18,62,37.5,0,0,0
2026-09-13 12:45:00,116.9,19,64,41.0,0,0,0
2026-09-13 12:50:00,113.8,35,60,41.1,0,0,0
2026-09-13 12:55:00,112.3,38,63,39.8,0,0,0
2026-09-13 13:00:00,114.3,70,65,38.2,0,0,0
2026-09-13 13:05:00,113.4,11,58,42.1,0,0,0
2026-09-13 13:10:00,111.8,31,66,41.2,0,77,68
2026-09-13 13:15:00,121.5,30,63,42.9,0,0,0
2026-09-13 13:20:00,127.5,31,65,41.8,0,0,0
2026-09-13 13:25:00,132.9,37,67,38.4,0,0,0
2026-09-13 13:30:00,136.1,16,66,43.8,0,0,0
2026-09-13 13:35:00,140.2,17,69,38.7,0,0,0
2026-09-13 13:40:00,144.7,49,67,39.4,0,0,0
2026-09-13 13:45:00,145.6,35,61,43.7,0,0,0
2026-09-13 13:50:00,144.5,32,63,42.3,0,0,0
2026-09-13 13:55:00,145.5,32,61,43.7,0,0,0
2026-09-13 14:00:00,143.7,18,62,39.4,0,0,0
2026-09-13 14:05:00,144.5,19,58,44.6,0,0,0
2026-09-13 14:10:00,143.0,20,60,40.1,0,0,0
2026-09-13 14:15:00,141.1,25,62,42.1,0,0,0
2026-09-13 14:20:00,141.8,13,59,46.2,0,0,0
2026-09-13 14:25:00,140.0,14,56,42.9,0,0,0
2026-09-13 14:30:00,138.4,21,59,42.3,0,0,0
2026-09-13 14:35:00,140.2,31,60,40.6,0,0,0
2026-09-13 14:40:00,139.0,20,63,42.0,0,0,0
2026-09-13 14:45:00,139.7,19,64,42.3,0,0,0
2026-09-13 14:50:00,139.2,18,65,40.1,0,0,0
2026-09-13 14:55:00,136.2,26,60,39.6,0,0,0
2026-09-13 15:00:00,134.2,17,60,39.3,0,0,0
2026-09-13 15:05:00,131.7,20,64,39.7,0,0,0
2026-09-13 15:10:00,130.5,26,63,43.1,0,0,0
2026-09-13 15:15:00,125.8,26,63,41.8,0,0,0
2026-09-13 15:20:00,123.8,16,59,39.6,0,0,0
2026-09-13 15:25:00,123.4,26,58,41.0,0,0,0
2026-09-13 15:30:00,120.5,12,63,42.1,0,0,0
2026-09-13 15:35:00,121.5,29,61,41.7,0,0,0
2026-09-13 15:40:00,120.7,17,59,39.8,0,0,0
2026-09-13 15:45:00,120.0,15,61,46.8,0,0,0
2026-09-13 15:50:00,117.6,34,63,40.8,0,0,0
2026-09-13 15:55:00,115.8,21,63,44.4,0,0,0
2026-09-13 16:00:00,112.7,15,62,40.1,0,0,0
2026-09-13 16:05:00,111.6,21,63,39.0,0,0,0
2026-09-13 16:10:00,110.1,15,63,43.5,0,0,0
2026-09-13 16:15:00,113.9,438,87,38.9,0,0,0
2026-09-13 16:20:00,114.1,431,86,43.4,0,0,0
2026-09-13 16:25:00,113.9,9,65,37.6,0,0,0
2026-09-13 16:30:00,115.1,12,60,44.9,0,0,0
2026-09-13 16:35:00,115.3,21,65,41.4,0,0,0
2026-09-13 16:40:00,115.9,32,62,41.3,0,0,0
2026-09-13 16:45:00,115.0,47,65,38.6,0,0,0
2026-09-13 16:50:00,114.2,12,62,39.0,0,0,0
2026-09-13 16:55:00,114.2,19,63,36.8,0,0,0
2026-09-13 17:00:00,116.9,19,63,37.8,0,0,0
2026-09-13 17:05:00,113.9,37,65,39.5,0,0,0
2026-09-13 17:10:00,112.6,11,65,44.2,0,0,0
2026-09-13 17:15:00,115.0,10,66,40.0,0,27,65
2026-09-13 17:20:00,118.7,21,65,39.0,0,0,0
2026-09-13 17:25:00,121.6,37,62,39.7,0,0,0
2026-09-13 17:30:00,121.4,13,61,40.9,0,0,0
2026-09-13 17:35:00,124.7,19,65,41.7,0,0,0
2026-09-13 17:40:00,123.7,13,65,41.8,0,0,0
2026-09-13 17:45:00,128.0,20,59,40.4,0,0,0
2026-09-13 17:50:00,126.1,38,66,42.8,0,0,0
2026-09-13 17:55:00,128.5,40,65,45.8,0,0,0
2026-09-13 18:00:00,130.5,30,64,40.9,0,0,0
2026-09-13 18:05:00,126.6,35,61,41.0,0,0,0
2026-09-13 18:10:00,127.5,16,62,38.2,0,0,0
2026-09-13 18:15:00,128.2,17,61,44.2,0,0,0
2026-09-13 18:20:00,123.2,21,62,39.2,0,0,0
2026-09-13 18:25:00,122.4,8,64,40.1,0,0,0
2026-09-13 18:30:00,121.7,37,66,38.6,0,0,0
2026-09-13 18:35:00,118.7,26,62,44.2,0,0,0
2026-09-13 18:40:00,117.1,14,60,42.2,0,0,0
2026-09-13 18:45:00,118.9,15,63,41.6,0,0,0
2026-09-13 18:50:00,118.2,16,59,41.3,0,0,0
2026-09-13 18:55:00,115.8,16,62,41.9,0,0,0
2026-09-13 19:00:00,113.6,26,61,42.2,0,0,0
2026-09-13 19:05:00,110.1,17,63,42.0,0,0,0
2026-09-13 19:10:00,111.0,28,65,39.5,0,0,0
2026-09-13 19:15:00,109.6,11,62,39.7,0,0,0
2026-09-13 19:20:00,109.3,26,61,40.1,0,0,0
2026-09-13 19:25:00,108.0,26,63,37.6,0,0,0
2026-09-13 19:30:00,110.9,15,62,43.7,0,0,0
2026-09-13 19:35:00,110.0,34,61,38.0,0,0,0
2026-09-13 19:40:00,109.1,35,63,41.7,0,0,0
2026-09-13 19:45:00,109.7,22,63,38.7,0,0,0
2026-09-13 19:50:00,109.9,43,64,40.0,0,0,0
2026-09-13 19:55:00,108.1,39,62,42.9,0,0,0
2026-09-13 20:00:00,108.3,23,60,42.4,0,0,0
2026-09-13 20:05:00,106.9,12,62,45.1,0,0,0
2026-09-13 20:10:00,104.7,33,65,36.8,0,0,0
2026-09-13 20:15:00,103.8,41,62,42.2,0,0,0
2026-09-13 20:20:00,108.1,29,66,41.9,0,0,0
2026-09-13 20:25:00,107.7,69,67,45.3,0,0,0
2026-09-13 20:30:00,107.3,10,60,43.1,0,0,0
2026-09-13 20:35:00,108.9,26,63,39.5,0,0,0
2026-09-13 20:40:00,109.6,9,63,43.8,0,0,0
2026-09-13 20:45:00,113.8,14,61,40.3,0,0,0
2026-09-13 20:50:00,114.9,37,65,39.0,0,102,70
2026-09-13 20:55:00,127.7,25,62,38.2,0,0,0
2026-09-13 21:00:00,136.1,23,66,40.8,0,0,0
2026-09-13 21:05:00,140.6,13,66,43.1,0,0,0
2026-09-13 21:10:00,146.2,17,62,37.7,0,0,0
2026-09-13 21:15:00,148.9,35,63,42.3,0,0,0
2026-09-13 21:20:00,153.6,17,62,41.5,0,0,0
2026-09-13 21:25:00,157.4,9,61,43.9,0,0,0
2026-09-13 21:30:00,162.4,28,65,40.6,0,0,0
2026-09-13 21:35:00,166.2,22,63,41.5,0,0,0
2026-09-13 21:40:00,168.8,21,64,41.8,0,0,0
2026-09-13 21:45:00,168.5,16,62,40.2,0,0,0
2026-09-13 21:50:00,166.8,19,64,42.8,0,0,0
2026-09-13 21:55:00,166.6,59,65,43.0,0,0,0
2026-09-13 22:00:00,163.6,15,63,41.0,0,0,0
2026-09-13 22:05:00,161.3,14,61,38.3,0,0,0
2026-09-13 22:10:00,161.3,25,63,41.1,0,0,0
2026-09-13 22:15:00,158.0,15,64,39.5,0,0,0
2026-09-13 22:20:00,154.9,34,63,40.7,0,0,0
2026-09-13 22:25:00,152.4,34,60,40.3,0,0,0
2026-09-13 22:30:00,149.4,17,65,37.6,0,0,0
2026-09-13 22:35:00,144.2,12,61,43.4,0,0,0
2026-09-13 22:40:00,140.6,95,67,43.5,0,0,0
2026-09-13 22:45:00,135.3,0,50,65.9,1,0,0
2026-09-13 22:50:00,133.4,1,57,69.2,1,0,0
2026-09-13 22:55:00,134.6,0,55,63.6,1,0,0
2026-09-13 23:00:00,132.0,0,52,67.2,1,0,0
2026-09-13 23:05:00,132.0,1,58,65.4,1,0,0
2026-09-13 23:10:00,131.7,0,53,63.2,1,0,0
2026-09-13 23:15:00,128.5,1,49,67.6,1,0,0
2026-09-13 23:20:00,128.4,0,51,68.0,1,0,0
2026-09-13 23:25:00,127.1,0,51,64.5,1,0,0
2026-09-13 23:30:00,126.2,1,55,68.5,1,0,0
2026-09-13 23:35:00,127.1,0,52,70.2,1,0,0
2026-09-13 23:40:00,124.9,0,52,67.6,1,0,0
2026-09-13 23:45:00,121.6,0,51,65.7,1,0,0
2026-09-13 23:50:00,120.5,0,52,68.1,1,0,0
2026-09-13 23:55:00,121.5,0,54,67.6,1,0,0
2026-09-14 00:00:00,119.4,0,51,67.8,1,0,0
2026-09-14 00:05:00,115.3,0,52,66.6,1,0,0
2026-09-14 00:10:00,115.5,0,53,66.9,1,0,0
2026-09-14 00:15:00,119.5,0,54,68.6,1,0,0
2026-09-14 00:20:00,117.6,0,49,67.7,1,0,0
2026-09-14 00:25:00,116.9,0,53,65.1,1,0,0
2026-09-14 00:30:00,115.1,0,51,63.5,1,0,0
2026-09-14 00:35:00,112.1,0,51,68.3,1,0,0
2026-09-14 00:40:00,110.4,1,54,67.0,1,0,0
2026-09-14 00:45:00,112.3,0,51,65.1,1,0,0
2026-09-14 00:50:00,111.5,0,55,67.4,1,0,0
2026-09-14 00:55:00,112.7,1,54,70.2,1,0,0
2026-09-14 01:00:00,113.8,0,52,67.5,1,0,0
2026-09-14 01:05:00,112.7,0,56,68.1,1,0,0
2026-09-14 01:10:00,115.2,1,54,68.7,1,0,0
2026-09-14 01:15:00,113.8,2,53,64.3,1,0,0
2026-09-14 01:20:00,114.6,0,56,68.7,1,0,0
2026-09-14 01:25:00,111.6,0,53,68.3,1,0,0
2026-09-14 01:30:00,113.7,0,51,66.4,1,0,0
2026-09-14 01:35:00,115.1,0,53,67.7,1,0,0
2026-09-14 01:40:00,115.5,0,52,68.3,1,0,0
2026-09-14 01:45:00,115.4,1,52,69.5,1,0,0
2026-09-14 01:50:00,114.5,1,55,64.0,1,0,0
2026-09-14 01:55:00,112.8,1,52,68.0,1,0,0
2026-09-14 02:00:00,109.3,0,52,68.3,1,0,0
2026-09-14 02:05:00,109.1,1,55,69.1,1,0,0
2026-09-14 02:10:00,104.2,0,50,65.7,1,0,0
2026-09-14 02:15:00,102.3,0,56,64.1,1,0,0
2026-09-14 02:20:00,105.2,1,54,66.6,1,0,0
2026-09-14 02:25:00,101.4,0,53,65.0,1,0,0
2026-09-14 02:30:00,102.6,0,50,64.0,1,0,0
2026-09-14 02:35:00,109.2,0,54,65.2,1,0,0
2026-09-14 02:40:00,110.7,0,54,68.4,1,0,0
2026-09-14 02:45:00,110.8,0,50,71.7,1,0,0
2026-09-14 02:50:00,109.5,0,52,67.8,1,0,0
2026-09-14 02:55:00,108.6,0,54,68.2,1,0,0
2026-09-14 03:00:00,103.6,0,49,67.8,1,0,0
2026-09-14 03:05:00,107.7,0,52,65.9,1,0,0
2026-09-14 03:10:00,110.6,1,51,67.1,1,0,0
2026-09-14 03:15:00,110.7,1,54,64.8,1,0,0
2026-09-14 03:20:00,111.8,0,53,67.2,1,0,0
2026-09-14 03:25:00,114.8,1,56,66.8,1,0,0
2026-09-14 03:30:00,111.7,0,54,66.6,1,0,0
2026-09-14 03:35:00,113.7,0,52,69.0,1,0,0
2026-09-14 03:40:00,111.9,1,52,66.7,1,0,0
2026-09-14 03:45:00,110.9,0,50,70.5,1,0,0
2026-09-14 03:50:00,109.6,0,56,68.5,1,0,0
2026-09-14 03:55:00,110.8,1,53,66.8,1,0,0
2026-09-14 04:00:00,107.9,0,51,66.2,1,0,0
2026-09-14 04:05:00,107.4,0,56,66.8,1,0,0
2026-09-14 04:10:00,107.4,0,52,66.4,1,0,0
2026-09-14 04:15:00,106.2,0,50,68.0,1,0,0
2026-09-14 04:20:00,109.3,0,51,67.1,1,0,0
2026-09-14 04:25:00,110.7,2,55,69.4,1,0,0
2026-09-14 04:30:00,109.4,0,52,68.6,1,0,0
2026-09-14 04:35:00,109.9,0,55,71.4,1,0,0
2026-09-14 04:40:00,109.3,0,51,71.4,1,0,0
2026-09-14 04:45:00,110.0,0,54,67.2,1,0,0
2026-09-14 04:50:00,108.6,0,57,68.0,1,0,0
2026-09-14 04:55:00,111.5,0,56,69.0,1,0,0
2026-09-14 05:00:00,112.6,0,49,69.0,1,0,0
2026-09-14 05:05:00,109.7,1,51,63.7,1,0,0
2026-09-14 05:10:00,110.5,0,55,65.0,1,0,0
2026-09-14 05:15:00,110.7,0,53,68.0,1,0,0
2026-09-14 05:20:00,111.6,0,52,65.8,1,0,0
2026-09-14 05:25:00,111.4,1,56,70.7,1,0,0
2026-09-14 05:30:00,109.7,1,52,71.8,1,0,0
2026-09-14 05:35:00,109.4,1,53,68.3,1,0,0
2026-09-14 05:40:00,110.6,0,56,64.2,1,0,0
2026-09-14 05:45:00,109.9,1,50,65.1,1,0,0
2026-09-14 05:50:00,111.0,1,50,67.0,1,0,0
2026-09-14 05:55:00,111.0,0,55,68.4,1,0,0
2026-09-14 06:00:00,111.9,1,55,64.6,1,0,0
2026-09-14 06:05:00,107.6,0,50,64.7,1,0,0
2026-09-14 06:10:00,111.4,1,57,73.0,1,0,0
2026-09-14 06:15:00,113.6,0,54,67.1,1,0,0
2026-09-14 06:20:00,113.6,2,51,65.3,1,0,0
2026-09-14 06:25:00,111.8,0,55,70.0,1,0,0
2026-09-14 06:30:00,110.3,1,55,67.8,1,0,0
2026-09-14 06:35:00,112.2,0,51,64.1,1,0,0
2026-09-14 06:40:00,113.0,33,63,40.6,0,0,0
2026-09-14 06:45:00,116.1,25,60,40.4,0,0,0
2026-09-14 06:50:00,115.7,25,61,39.4,0,0,0
2026-09-14 06:55:00,114.1,17,62,41.9,0,0,0
2026-09-14 07:00:00,114.8,24,60,42.6,0,0,0
2026-09-14 07:05:00,112.7,47,61,37.8,0,0,0
2026-09-14 07:10:00,111.0,26,65,41.1,0,0,0
2026-09-14 07:15:00,110.5,8,60,39.6,0,0,0
2026-09-14 07:20:00,113.6,26,66,39.1,0,0,0
2026-09-14 07:25:00,113.0,23,63,42.2,0,0,0
2026-09-14 07:30:00,112.4,18,60,40.0,0,0,0
2026-09-14 07:35:00,109.1,33,63,44.0,0,0,0
2026-09-14 07:40:00,109.8,10,61,39.8,0,0,0
2026-09-14 07:45:00,106.9,29,67,39.7,0,0,0
2026-09-14 07:50:00,105.8,6,62,41.3,0,0,0
2026-09-14 07:55:00,108.2,25,64,43.0,0,0,0
2026-09-14 08:00:00,107.5,41,63,42.1,0,0,0
2026-09-14 08:05:00,109.7,43,64,42.7,0,0,0
2026-09-14 08:10:00,107.7,32,65,40.9,0,0,0
2026-09-14 08:15:00,106.9,14,65,42.6,0,0,0
2026-09-14 08:20:00,107.4,27,69,44.5,0,67,78
2026-09-14 08:25:00,117.5,36,64,40.3,0,0,0
2026-09-14 08:30:00,122.6,7,60,42.6,0,0,0
2026-09-14 08:35:00,129.2,30,66,42.1,0,0,0
2026-09-14 08:40:00,136.2,15,66,36.7,0,0,0
2026-09-14 08:45:00,139.3,29,66,40.7,0,0,0
2026-09-14 08:50:00,143.5,28,63,42.9,0,0,0
2026-09-14 08:55:00,142.6,18,61,38.5,0,0,0
2026-09-14 09:00:00,146.4,43,63,39.7,0,0,0
2026-09-14 09:05:00,145.4,19,63,41.3,0,0,0
2026-09-14 09:10:00,146.9,32,64,42.3,0,0,0
2026-09-14 09:15:00,147.9,28,63,40.3,0,0,0
2026-09-14 09:20:00,152.2,24,62,39.7,0,0,0
2026-09-14 09:25:00,147.9,24,63,39.7,0,0,0
2026-09-14 09:30:00,149.2,22,62,42.4,0,0,0
2026-09-14 09:35:00,144.8,27,65,42.5,0,0,0
2026-09-14 09:40:00,142.8,27,60,42.2,0,0,0
2026-09-14 09:45:00,142.6,37,64,41.2,0,0,0
2026-09-14 09:50:00,138.5,21,62,39.1,0,0,0
2026-09-14 09:55:00,136.4,18,64,39.1,0,0,0
2026-09-14 10:00:00,132.7,14,63,42.0,0,0,0
2026-09-14 10:05:00,132.3,32,59,40.1,0,0,0
2026-09-14 10:10:00,130.1,34,63,39.6,0,0,0
2026-09-14 10:15:00,130.4,7,62,42.2,0,0,0
2026-09-14 10:20:00,125.7,17,62,36.3,0,0,0
2026-09-14 10:25:00,125.4,20,64,40.2,0,0,0
2026-09-14 10:30:00,125.3,17,63,40.4,0,0,0
2026-09-14 10:35:00,126.9,13,62,39.3,0,0,0
2026-09-14 10:40:00,125.6,25,63,42.2,0,0,0
2026-09-14 10:45:00,124.6,12,60,44.3,0,0,0
2026-09-14 10:50:00,120.5,23,66,42.0,0,0,0
2026-09-14 10:55:00,118.3,19,63,36.1,0,0,0
2026-09-14 11:00:00,118.9,19,61,41.8,0,0,0
2026-09-14 11:05:00,118.8,22,63,38.5,0,0,0
2026-09-14 11:10:00,119.5,16,61,42.9,0,0,0
2026-09-14 11:15:00,119.7,49,66,44.7,0,0,0
2026-09-14 11:20:00,117.4,50,66,38.2,0,0,0
2026-09-14 11:25:00,117.1,17,61,42.5,0,0,0
2026-09-14 11:30:00,115.4,11,63,40.2,0,0,0
2026-09-14 11:35:00,118.1,37,62,41.4,0,0,0
2026-09-14 11:40:00,119.1,11,64,40.0,0,0,0
2026-09-14 11:45:00,114.8,36,63,43.3,0,0,0
2026-09-14 11:50:00,114.2,17,61,42.7,0,0,0
2026-09-14 11:55:00,115.6,29,61,38.9,0,0,0
2026-09-14 12:00:00,112.9,16,62,40.2,0,0,0
2026-09-14 12:05:00,112.0,35,64,43.9,0,0,0
2026-09-14 12:10:00,110.4,17,66,41.7,0,0,0
2026-09-14 12:15:00,110.0,15,61,42.2,0,0,0
2026-09-14 12:20:00,110.8,39,64,37.7,0,0,0
2026-09-14 12:25:00,113.1,29,64,46.1,0,0,0
2026-09-14 12:30:00,111.5,7,62,41.2,0,0,0
2026-09-14 12:35:00,107.0,13,64,38.4,0,0,0
2026-09-14 12:40:00,108.6,9,62,43.0,0,0,0
2026-09-14 12:45:00,110.9,7,59,41.4,0,0,0
2026-09-14 12:50:00,111.5,7,59,39.6,0,0,0
2026-09-14 12:55:00,111.2,12,66,41.2,0,0,0
2026-09-14 13:00:00,109.8,20,61,38.3,0,0,0
2026-09-14 13:05:00,111.8,32,63,40.2,0,0,0
2026-09-14 13:10:00,108.6,28,60,39.2,0,0,0
2026-09-14 13:15:00,105.4,18,64,38.0,0,0,0
2026-09-14 13:20:00,105.7,13,62,44.5,0,0,0
2026-09-14 13:25:00,105.5,12,62,42.0,0,0,0
2026-09-14 13:30:00,104.8,18,65,41.0,0,104,70
2026-09-14 13:35:00,117.0,25,67,39.2,0,0,0
2026-09-14 13:40:00,129.6,23,65,41.2,0,0,0
2026-09-14 13:45:00,138.5,34,66,37.3,0,0,0
2026-09-14 13:50:00,146.3,24,66,40.9,0,0,0
2026-09-14 13:55:00,154.0,13,66,42.3,0,0,0
2026-09-14 14:00:00,162.6,25,63,43.8,0,0,0
2026-09-14 14:05:00,161.6,27,64,37.4,0,0,0
2026-09-14 14:10:00,165.5,9,61,43.4,0,0,0
2026-09-14 14:15:00,165.3,42,63,42.9,0,0,0
2026-09-14 14:20:00,163.5,30,58,38.4,0,0,0
2026-09-14 14:25:00,168.0,40,65,38.9,0,0,0
2026-09-14 14:30:00,167.3,20,63,40.9,0,0,0
2026-09-14 14:35:00,163.7,16,60,41.6,0,0,0
2026-09-14 14:40:00,163.5,11,62,39.8,0,0,0
2026-09-14 14:45:00,158.5,32,59,43.1,0,0,0
2026-09-14 14:50:00,156.3,24,63,43.6,0,0,0
2026-09-14 14:55:00,153.9,501,91,42.8,0,0,0
2026-09-14 15:00:00,152.5,482,89,41.7,0,0,0
2026-09-14 15:05:00,149.9,22,64,44.5,0,0,0
2026-09-14 15:10:00,147.2,20,62,41.4,0,0,0
2026-09-14 15:15:00,143.2,27,63,41.6,0,0,0
2026-09-14 15:20:00,136.3,18,63,42.7,0,0,0
2026-09-14 15:25:00,136.2,16,62,37.7,0,0,0
2026-09-14 15:30:00,137.5,36,67,44.2,0,0,0
2026-09-14 15:35:00,135.3,28,61,38.9,0,0,0
2026-09-14 15:40:00,131.1,37,69,39.8,0,0,0
2026-09-14 15:45:00,127.3,26,62,38.1,0,0,0
2026-09-14 15:50:00,127.8,14,61,41.4,0,0,0
2026-09-14 15:55:00,128.4,24,63,44.6,0,0,0
2026-09-14 16:00:00,124.0,15,60,42.5,0,0,0
2026-09-14 16:05:00,124.2,10,69,39.1,0,0,0
2026-09-14 16:10:00,123.6,16,64,41.3,0,0,0
2026-09-14 16:15:00,120.4,26,65,43.1,0,0,0
2026-09-14 16:20:00,119.3,37,62,37.3,0,0,0
2026-09-14 16:25:00,119.7,11,63,38.1,0,0,0
2026-09-14 16:30:00,120.4,34,65,38.7,0,0,0
2026-09-14 16:35:00,117.8,28,60,39.9,0,0,0
2026-09-14 16:40:00,117.3,21,62,40.3,0,0,0
2026-09-14 16:45:00,115.0,22,62,44.5,0,0,0
2026-09-14 16:50:00,114.9,21,67,41.9,0,34,60
2026-09-14 16:55:00,118.5,18,67,44.4,0,0,0
2026-09-14 17:00:00,121.0,45,67,41.0,0,0,0
2026-09-14 17:05:00,121.7,24,63,42.1,0,0,0
2026-09-14 17:10:00,122.5,20,64,41.9,0,0,0
2026-09-14 17:15:00,123.1,26,66,41.9,0,0,0
2026-09-14 17:20:00,124.8,32,62,42.5,0,0,0
2026-09-14 17:25:00,122.0,18,64,39.8,0,0,0
2026-09-14 17:30:00,123.0,16,62,35.5,0,0,0
2026-09-14 17:35:00,121.4,29,60,41.2,0,0,0
2026-09-14 17:40:00,122.3,12,63,41.9,0,0,0
2026-09-14 17:45:00,121.3,26,61,41.2,0,0,0
2026-09-14 17:50:00,121.1,19,60,43.3,0,0,0
2026-09-14 17:55:00,122.0,11,64,44.2,0,0,0
2026-09-14 18:00:00,122.4,10,64,44.9,0,0,0
2026-09-14 18:05:00,122.8,23,60,40.9,0,0,0
2026-09-14 18:10:00,122.9,22,63,41.4,0,0,0
2026-09-14 18:15:00,121.3,51,64,40.6,0,0,0
2026-09-14 18:20:00,123.0,16,65,42.5,0,0,0
2026-09-14 18:25:00,117.9,29,62,41.3,0,0,0
2026-09-14 18:30:00,116.4,25,62,42.0,0,0,0
2026-09-14 18:35:00,118.6,17,63,42.6,0,0,0
2026-09-14 18:40:00,119.1,11,63,36.8,0,0,0
2026-09-14 18:45:00,118.3,51,64,39.5,0,0,0
2026-09-14 18:50:00,114.3,21,62,38.3,0,0,0
2026-09-14 18:55:00,113.7,18,63,41.8,0,0,0
2026-09-14 19:00:00,113.1,13,61,38.6,0,0,0
2026-09-14 19:05:00,111.7,19,62,39.1,0,0,0
2026-09-14 19:10:00,110.0,13,62,40.8,0,0,0
2026-09-14 19:15:00,105.2,20,63,39.5,0,0,0
2026-09-14 19:20:00,105.5,16,64,41.9,0,0,0
2026-09-14 19:25:00,107.3,16,62,41.7,0,0,0
2026-09-14 19:30:00,104.6,22,63,38.2,0,0,0
2026-09-14 19:35:00,102.9,21,59,41.5,0,0,0
2026-09-14 19:40:00,108.3,22,63,40.5,0,0,0
2026-09-14 19:45:00,109.9,23,63,43.3,0,0,0
2026-09-14 19:50:00,109.7,19,63,40.4,0,0,0
2026-09-14 19:55:00,109.8,28,64,42.9,0,0,0
2026-09-14 20:00:00,110.2,37,65,41.5,0,0,0
2026-09-14 20:05:00,109.7,8,62,40.5,0,0,0
2026-09-14 20:10:00,108.4,31,60,41.2,0,0,0
2026-09-14 20:15:00,105.5,447,85,42.4,0,0,0
2026-09-14 20:20:00,106.7,437,88,41.1,0,0,0
2026-09-14 20:25:00,106.1,446,88,39.3,0,0,0
2026-09-14 20:30:00,104.9,454,89,47.1,0,0,0
2026-09-14 20:35:00,105.2,24,65,43.9,0,0,0
2026-09-14 20:40:00,104.3,10,62,42.5,0,0,0
2026-09-14 20:45:00,104.0,22,64,44.2,0,0,0
2026-09-14 20:50:00,105.6,27,61,37.6,0,0,0
2026-09-14 20:55:00,104.2,27,59,42.5,0,0,0
2026-09-14 21:00:00,104.5,27,62,43.3,0,0,0
2026-09-14 21:05:00,107.5,13,62,43.2,0,0,0
2026-09-14 21:10:00,108.7,20,66,41.1,0,0,0
2026-09-14 21:15:00,109.9,21,61,39.2,0,0,0
2026-09-14 21:20:00,107.8,31,63,44.0,0,56,50
2026-09-14 21:25:00,116.2,26,63,38.0,0,0,0
2026-09-14 21:30:00,119.9,15,65,42.9,0,0,0
2026-09-14 21:35:00,123.5,18,63,39.8,0,0,0
2026-09-14 21:40:00,126.5,22,66,44.5,0,0,0
2026-09-14 21:45:00,128.7,15,64,41.6,0,0,0
2026-09-14 21:50:00,132.4,11,63,42.2,0,0,0
2026-09-14 21:55:00,137.4,18,61,40.2,0,0,0
2026-09-14 22:00:00,135.1,34,63,41.1,0,0,0
2026-09-14 22:05:00,135.7,17,63,43.8,0,0,0
2026-09-14 22:10:00,131.4,75,61,39.8,0,0,0
2026-09-14 22:15:00,126.9,37,63,40.5,0,0,0
2026-09-14 22:20:00,126.6,29,63,40.5,0,0,0
2026-09-14 22:25:00,128.0,24,62,40.1,0,0,0
2026-09-14 22:30:00,128.1,13,62,39.0,0,0,0
2026-09-14 22:35:00,128.6,11,60,38.8,0,0,0
2026-09-14 22:40:00,127.7,14,61,41.3,0,0,0
2026-09-14 22:45:00,124.1,22,61,40.0,0,0,0
2026-09-14 22:50:00,124.9,32,63,40.1,0,0,0
2026-09-14 22:55:00,123.8,29,63,39.9,0,0,0
2026-09-14 23:00:00,122.5,28,63,41.7,0,0,0
2026-09-14 23:05:00,122.6,18,62,40.3,0,0,0
2026-09-14 23:10:00,122.5,20,62,38.9,0,0,0
2026-09-14 23:15:00,122.0,11,62,38.5,0,0,0
2026-09-14 23:20:00,123.0,25,66,39.6,0,0,0
2026-09-14 23:25:00,118.3,10,61,40.7,0,0,0
2026-09-14 23:30:00,118.8,11,64,44.6,0,0,0
2026-09-14 23:35:00,117.3,12,59,40.1,0,0,0
2026-09-14 23:40:00,114.6,27,61,37.7,0,0,0
2026-09-14 23:45:00,112.7,16,61,41.0,0,0,0
2026-09-14 23:50:00,113.8,8,63,40.2,0,0,0
2026-09-14 23:55:00,112.8,15,60,40.8,0,0,0
