timestamp,glucose_mgdl,steps,heart_rate,hrv_ms,sleeping,carbs_g,meal_gi
2026-09-01 00:00:00,108.1,7,71,38.3,0,0,0
2026-09-01 00:05:00,105.7,7,72,38.9,0,0,0
2026-09-01 00:10:00,105.0,3,69,36.2,0,0,0
2026-09-01 00:15:00,107.3,8,68,39.7,0,0,0
2026-09-01 00:20:00,105.3,22,70,36.5,0,0,0
2026-09-01 00:25:00,103.2,13,69,35.6,0,0,0
2026-09-01 00:30:00,102.7,7,70,37.5,0,0,0
2026-09-01 00:35:00,104.3,9,71,40.6,0,0,0
2026-09-01 00:40:00,107.9,9,68,32.8,0,0,0
2026-09-01 00:45:00,105.2,6,70,39.2,0,0,0
2026-09-01 00:50:00,108.2,0,64,61.7,1,0,0
2026-09-01 00:55:00,108.6,1,62,61.0,1,0,0
2026-09-01 01:00:00,107.5,0,62,59.9,1,0,0
2026-09-01 01:05:00,110.1,0,61,63.9,1,0,0
2026-09-01 01:10:00,110.6,0,55,61.6,1,0,0
2026-09-01 01:15:00,110.1,0,61,59.3,1,0,0
2026-09-01 01:20:00,109.5,0,60,60.1,1,0,0
2026-09-01 01:25:00,111.7,0,60,59.4,1,0,0
2026-09-01 01:30:00,111.8,0,58,59.3,1,0,0
2026-09-01 01:35:00,113.8,0,62,61.6,1,0,0
2026-09-01 01:40:00,116.2,0,64,60.4,1,0,0
2026-09-01 01:45:00,116.6,1,61,59.7,1,0,0
2026-09-01 01:50:00,114.8,0,58,62.8,1,0,0
2026-09-01 01:55:00,112.9,0,61,59.4,1,0,0
2026-09-01 02:00:00,112.0,0,60,59.5,1,0,0
2026-09-01 02:05:00,110.4,1,64,60.0,1,0,0
2026-09-01 02:10:00,112.8,0,60,62.7,1,0,0
2026-09-01 02:15:00,112.1,0,61,61.7,1,0,0
2026-09-01 02:20:00,110.5,0,62,63.0,1,0,0
2026-09-01 02:25:00,111.6,0,62,63.0,1,0,0
2026-09-01 02:30:00,109.8,0,63,60.1,1,0,0
2026-09-01 02:35:00,109.5,1,60,62.0,1,0,0
2026-09-01 02:40:00,109.1,0,59,62.3,1,0,0
2026-09-01 02:45:00,108.8,0,60,61.5,1,0,0
2026-09-01 02:50:00,107.7,0,61,63.6,1,0,0
2026-09-01 02:55:00,107.2,0,59,61.0,1,0,0
2026-09-01 03:00:00,103.0,0,62,58.3,1,0,0
2026-09-01 03:05:00,102.8,0,62,59.2,1,0,0
2026-09-01 03:10:00,103.7,2,62,62.4,1,0,0
2026-09-01 03:15:00,106.3,0,61,61.9,1,0,0
2026-09-01 03:20:00,110.7,0,62,61.0,1,0,0
2026-09-01 03:25:00,106.6,2,57,60.1,1,0,0
2026-09-01 03:30:00,110.2,0,60,61.6,1,0,0
2026-09-01 03:35:00,111.9,0,60,63.4,1,0,0
2026-09-01 03:40:00,113.2,0,61,59.9,1,0,0
2026-09-01 03:45:00,113.3,0,63,60.3,1,0,0
2026-09-01 03:50:00,113.3,0,62,60.5,1,0,0
2026-09-01 03:55:00,114.4,0,60,60.7,1,0,0
2026-09-01 04:00:00,115.9,0,60,61.2,1,0,0
2026-09-01 04:05:00,117.1,0,59,63.2,1,0,0
2026-09-01 04:10:00,114.8,0,61,65.1,1,0,0
2026-09-01 04:15:00,112.0,1,64,61.6,1,0,0
2026-09-01 04:20:00,110.6,0,62,60.9,1,0,0
2026-09-01 04:25:00,111.5,1,57,64.4,1,0,0
2026-09-01 04:30:00,113.3,1,61,63.3,1,0,0
2026-09-01 04:35:00,112.7,2,60,62.7,1,0,0
2026-09-01 04:40:00,114.7,0,61,61.5,1,0,0
2026-09-01 04:45:00,115.9,0,62,60.8,1,0,0
2026-09-01 04:50:00,117.9,0,61,59.4,1,0,0
2026-09-01 04:55:00,115.2,0,66,60.4,1,0,0
2026-09-01 05:00:00,117.7,0,59,61.6,1,0,0
2026-09-01 05:05:00,117.9,0,64,61.0,1,0,0
2026-09-01 05:10:00,120.2,0,64,60.6,1,0,0
2026-09-01 05:15:00,125.2,0,61,64.0,1,0,0
2026-09-01 05:20:00,125.6,0,59,60.6,1,0,0
2026-09-01 05:25:00,125.0,1,61,60.8,1,0,0
2026-09-01 05:30:00,124.5,1,62,59.9,1,0,0
2026-09-01 05:35:00,122.7,0,63,60.0,1,0,0
2026-09-01 05:40:00,122.0,0,59,63.4,1,0,0
2026-09-01 05:45:00,119.8,1,64,62.0,1,0,0
2026-09-01 05:50:00,119.8,0,58,62.8,1,0,0
2026-09-01 05:55:00,119.0,0,60,58.8,1,0,0
2026-09-01 06:00:00,122.0,1,61,61.0,1,0,0
2026-09-01 06:05:00,119.9,0,63,64.7,1,0,0
2026-09-01 06:10:00,118.2,0,59,59.0,1,0,0
2026-09-01 06:15:00,114.0,0,61,61.5,1,0,0
2026-09-01 06:20:00,114.2,0,57,64.2,1,0,0
2026-09-01 06:25:00,110.0,0,63,58.0,1,0,0
2026-09-01 06:30:00,110.2,1,62,59.8,1,0,0
2026-09-01 06:35:00,110.1,0,62,62.2,1,0,0
2026-09-01 06:40:00,114.9,1,66,60.3,1,0,0
2026-09-01 06:45:00,113.9,1,60,62.2,1,0,0
2026-09-01 06:50:00,110.2,1,64,63.7,1,0,0
2026-09-01 06:55:00,112.8,1,59,63.4,1,0,0
2026-09-01 07:00:00,113.6,9,69,39.5,0,0,0
2026-09-01 07:05:00,113.2,12,69,41.0,0,0,0
2026-09-01 07:10:00,109.9,11,66,41.2,0,0,0
2026-09-01 07:15:00,108.7,10,72,37.1,0,0,0
2026-09-01 07:20:00,107.0,13,72,35.0,0,0,0
2026-09-01 07:25:00,103.6,14,68,41.0,0,0,0
2026-09-01 07:30:00,101.8,10,67,34.7,0,0,0
2026-09-01 07:35:00,101.7,6,70,36.0,0,59,78
2026-09-01 07:40:00,112.1,21,74,38.2,0,0,0
2026-09-01 07:45:00,119.9,18,72,42.5,0,0,0
2026-09-01 07:50:00,126.7,14,70,34.2,0,0,0
2026-09-01 07:55:00,128.8,7,70,38.6,0,0,0
2026-09-01 08:00:00,135.5,15,71,39.5,0,0,0
2026-09-01 08:05:00,138.4,12,71,35.0,0,0,0
2026-09-01 08:10:00,141.9,5,69,34.1,0,0,0
2026-09-01 08:15:00,142.6,5,69,41.7,0,0,0
2026-09-01 08:20:00,144.3,2,70,33.0,0,0,0
2026-09-01 08:25:00,143.0,10,71,38.3,0,0,0
2026-09-01 08:30:00,143.4,7,70,33.9,0,0,0
2026-09-01 08:35:00,142.2,14,67,34.8,0,0,0
2026-09-01 08:40:00,143.3,14,68,37.3,0,0,0
2026-09-01 08:45:00,140.4,11,67,38.9,0,0,0
2026-09-01 08:50:00,138.8,16,71,37.5,0,0,0
2026-09-01 08:55:00,132.8,12,69,36.9,0,0,0
2026-09-01 09:00:00,130.9,15,69,34.7,0,0,0
2026-09-01 09:05:00,131.5,8,68,37.2,0,0,0
2026-09-01 09:10:00,129.5,6,70,39.9,0,0,0
2026-09-01 09:15:00,129.6,2,73,35.9,0,0,0
2026-09-01 09:20:00,124.8,5,68,41.8,0,0,0
2026-09-01 09:25:00,122.2,8,67,36.9,0,0,0
2026-09-01 09:30:00,118.5,9,68,35.2,0,0,0
2026-09-01 09:35:00,116.6,5,68,40.6,0,0,0
2026-09-01 09:40:00,115.0,4,67,37.7,0,0,0
2026-09-01 09:45:00,109.0,10,67,39.8,0,0,0
2026-09-01 09:50:00,109.0,5,67,40.3,0,0,0
2026-09-01 09:55:00,106.9,10,67,37.1,0,0,0
2026-09-01 10:00:00,109.2,4,66,38.4,0,0,0
2026-09-01 10:05:00,110.4,7,71,38.4,0,0,0
2026-09-01 10:10:00,112.9,7,69,38.5,0,0,0
2026-09-01 10:15:00,108.5,7,71,38.5,0,0,0
2026-09-01 10:20:00,107.9,12,71,37.7,0,0,0
2026-09-01 10:25:00,104.2,12,67,34.4,0,0,0
2026-09-01 10:30:00,104.3,4,67,36.6,0,0,0
2026-09-01 10:35:00,102.8,3,71,36.8,0,0,0
2026-09-01 10:40:00,101.2,16,70,36.7,0,0,0
2026-09-01 10:45:00,104.0,9,70,40.4,0,0,0
2026-09-01 10:50:00,98.4,6,67,37.6,0,0,0
2026-09-01 10:55:00,97.4,18,68,38.1,0,0,0
2026-09-01 11:00:00,98.8,9,69,34.1,0,0,0
2026-09-01 11:05:00,102.7,10,65,36.6,0,0,0
2026-09-01 11:10:00,104.7,1,68,40.3,0,0,0
2026-09-01 11:15:00,103.4,4,69,36.8,0,0,0
2026-09-01 11:20:00,102.9,15,74,42.5,0,0,0
2026-09-01 11:25:00,106.0,8,72,37.3,0,0,0
2026-09-01 11:30:00,106.0,9,71,38.5,0,0,0
2026-09-01 11:35:00,107.4,18,71,40.7,0,0,0
2026-09-01 11:40:00,106.8,5,65,38.8,0,0,0
2026-09-01 11:45:00,106.3,8,68,36.9,0,0,0
2026-09-01 11:50:00,108.1,8,67,37.1,0,0,0
2026-09-01 11:55:00,108.8,12,68,38.9,0,0,0
2026-09-01 12:00:00,109.2,6,68,38.0,0,0,0
2026-09-01 12:05:00,106.4,6,70,35.8,0,0,0
2026-09-01 12:10:00,106.8,8,69,35.9,0,0,0
2026-09-01 12:15:00,108.7,9,64,35.3,0,0,0
2026-09-01 12:20:00,109.1,4,67,35.5,0,0,0
2026-09-01 12:25:00,112.6,4,68,35.5,0,0,0
2026-09-01 12:30:00,110.1,4,72,41.2,0,0,0
2026-09-01 12:35:00,111.3,3,69,39.1,0,0,0
2026-09-01 12:40:00,110.5,5,67,37.8,0,0,0
2026-09-01 12:45:00,111.2,11,71,35.8,0,0,0
2026-09-01 12:50:00,112.3,8,70,39.8,0,0,0
2026-09-01 12:55:00,110.9,6,69,39.2,0,0,0
2026-09-01 13:00:00,111.1,14,69,38.7,0,0,0
2026-09-01 13:05:00,115.6,8,71,37.1,0,0,0
2026-09-01 13:10:00,113.3,11,72,35.5,0,0,0
2026-09-01 13:15:00,112.2,21,66,35.6,0,0,0
2026-09-01 13:20:00,109.5,10,71,42.1,0,0,0
2026-09-01 13:25:00,108.9,10,68,38.3,0,0,0
2026-09-01 13:30:00,108.1,7,76,34.4,0,68,55
2026-09-01 13:35:00,113.0,5,75,38.5,0,0,0
2026-09-01 13:40:00,118.1,11,77,37.7,0,0,0
2026-09-01 13:45:00,122.6,4,72,40.8,0,0,0
2026-09-01 13:50:00,128.4,8,69,38.2,0,0,0
2026-09-01 13:55:00,132.6,15,70,39.5,0,0,0
2026-09-01 14:00:00,135.3,6,68,38.5,0,0,0
2026-09-01 14:05:00,139.0,10,67,35.9,0,0,0
2026-09-01 14:10:00,139.0,8,70,38.5,0,0,0
2026-09-01 14:15:00,139.2,7,67,40.6,0,0,0
2026-09-01 14:20:00,137.0,9,68,33.8,0,0,0
2026-09-01 14:25:00,138.5,11,69,40.0,0,0,0
2026-09-01 14:30:00,141.0,8,69,37.7,0,0,0
2026-09-01 14:35:00,139.1,7,69,36.3,0,0,0
2026-09-01 14:40:00,135.4,9,70,39.0,0,0,0
2026-09-01 14:45:00,132.9,2,68,37.2,0,0,0
2026-09-01 14:50:00,133.1,8,69,37.7,0,0,0
2026-09-01 14:55:00,130.4,8,70,38.3,0,0,0
2026-09-01 15:00:00,130.2,15,68,33.7,0,0,0
2026-09-01 15:05:00,129.3,2,70,35.0,0,0,0
2026-09-01 15:10:00,125.3,4,67,34.6,0,0,0
2026-09-01 15:15:00,121.1,9,71,39.0,0,0,0
2026-09-01 15:20:00,119.5,9,66,32.7,0,0,0
2026-09-01 15:25:00,118.9,11,71,38.2,0,0,0
2026-09-01 15:30:00,117.0,7,69,36.8,0,0,0
2026-09-01 15:35:00,117.2,2,70,36.2,0,0,0
2026-09-01 15:40:00,116.0,6,72,34.8,0,0,0
2026-09-01 15:45:00,116.0,7,71,36.3,0,0,0
2026-09-01 15:50:00,115.4,15,68,34.7,0,0,0
2026-09-01 15:55:00,114.0,5,69,35.9,0,0,0
2026-09-01 16:00:00,115.4,6,70,41.2,0,0,0
2026-09-01 16:05:00,116.0,21,68,40.6,0,0,0
2026-09-01 16:10:00,119.2,4,71,35.5,0,0,0
2026-09-01 16:15:00,116.6,6,69,37.8,0,0,0
2026-09-01 16:20:00,114.8,18,71,33.8,0,0,0
2026-09-01 16:25:00,112.6,16,72,35.4,0,0,0
2026-09-01 16:30:00,113.6,6,73,33.2,0,0,0
2026-09-01 16:35:00,110.0,14,71,38.7,0,0,0
2026-09-01 16:40:00,109.1,9,71,40.2,0,0,0
2026-09-01 16:45:00,110.7,9,71,40.7,0,0,0
2026-09-01 16:50:00,111.0,6,71,34.6,0,0,0
2026-09-01 16:55:00,109.3,5,70,38.0,0,20,50
2026-09-01 17:00:00,111.6,12,73,37.2,0,0,0
2026-09-01 17:05:00,116.4,9,73,32.6,0,0,0
2026-09-01 17:10:00,116.6,11,71,39.5,0,0,0
2026-09-01 17:15:00,117.3,11,73,37.8,0,0,0
2026-09-01 17:20:00,115.7,4,69,34.9,0,0,0
2026-09-01 17:25:00,116.6,6,66,39.0,0,0,0
2026-09-01 17:30:00,119.0,1,65,41.7,0,0,0
2026-09-01 17:35:00,118.7,6,70,35.6,0,0,0
2026-09-01 17:40:00,120.8,7,70,37.3,0,0,0
2026-09-01 17:45:00,121.0,6,70,37.6,0,0,0
2026-09-01 17:50:00,121.5,13,72,35.9,0,0,0
2026-09-01 17:55:00,123.0,4,73,39.1,0,0,0
2026-09-01 18:00:00,121.4,1,71,40.7,0,0,0
2026-09-01 18:05:00,119.2,6,74,38.0,0,0,0
2026-09-01 18:10:00,120.5,18,72,37.2,0,0,0
2026-09-01 18:15:00,119.2,8,71,40.7,0,0,0
2026-09-01 18:20:00,120.6,9,67,40.0,0,0,0
2026-09-01 18:25:00,122.8,12,70,37.0,0,0,0
2026-09-01 18:30:00,122.4,0,67,37.7,0,0,0
2026-09-01 18:35:00,122.7,2,68,39.1,0,0,0
2026-09-01 18:40:00,122.1,4,66,36.2,0,0,0
2026-09-01 18:45:00,122.4,10,72,37.8,0,0,0
2026-09-01 18:50:00,118.9,9,67,39.6,0,0,0
2026-09-01 18:55:00,119.7,9,69,38.0,0,0,0
2026-09-01 19:00:00,116.6,11,67,37.6,0,0,0
2026-09-01 19:05:00,115.1,479,97,36.6,0,0,0
2026-09-01 19:10:00,116.3,481,95,37.8,0,0,0
2026-09-01 19:15:00,112.9,3,67,37.2,0,0,0
2026-09-01 19:20:00,111.1,15,69,37.9,0,0,0
2026-09-01 19:25:00,111.6,13,69,34.4,0,0,0
2026-09-01 19:30:00,111.2,4,72,40.0,0,0,0
2026-09-01 19:35:00,108.9,8,70,39.5,0,0,0
2026-09-01 19:40:00,108.9,22,69,36.2,0,0,0
2026-09-01 19:45:00,112.8,15,66,36.8,0,0,0
2026-09-01 19:50:00,110.9,20,67,35.8,0,0,0
2026-09-01 19:55:00,111.4,8,70,36.9,0,0,0
2026-09-01 20:00:00,115.0,6,68,37.1,0,0,0
2026-09-01 20:05:00,115.0,11,69,38.3,0,0,0
2026-09-01 20:10:00,115.1,6,72,37.5,0,0,0
2026-09-01 20:15:00,115.0,4,70,40.7,0,0,0
2026-09-01 20:20:00,114.0,6,73,37.1,0,0,0
2026-09-01 20:25:00,110.2,7,70,42.7,0,0,0
2026-09-01 20:30:00,110.3,5,71,39.1,0,0,0
2026-09-01 20:35:00,108.3,10,70,36.9,0,0,0
2026-09-01 20:40:00,105.9,11,73,39.5,0,0,0
2026-09-01 20:45:00,106.4,2,72,36.0,0,0,0
2026-09-01 20:50:00,105.3,3,71,35.6,0,0,0
2026-09-01 20:55:00,104.3,4,65,38.0,0,0,0
2026-09-01 21:00:00,101.5,9,69,42.1,0,0,0
2026-09-01 21:05:00,101.7,7,68,36.1,0,0,0
2026-09-01 21:10:00,102.5,14,72,35.0,0,113,70
2026-09-01 21:15:00,118.4,10,74,38.1,0,0,0
2026-09-01 21:20:00,136.8,10,72,36.8,0,0,0
2026-09-01 21:25:00,146.0,3,69,34.2,0,0,0
2026-09-01 21:30:00,154.2,13,76,39.4,0,0,0
2026-09-01 21:35:00,157.5,4,69,39.6,0,0,0
2026-09-01 21:40:00,162.2,3,70,39.0,0,0,0
2026-09-01 21:45:00,168.1,5,73,33.5,0,0,0
2026-09-01 21:50:00,170.2,2,71,38.2,0,0,0
2026-09-01 21:55:00,172.0,13,74,44.0,0,0,0
2026-09-01 22:00:00,172.6,3,67,37.0,0,0,0
2026-09-01 22:05:00,170.4,6,67,35.0,0,0,0
2026-09-01 22:10:00,171.2,4,70,37.0,0,0,0
2026-09-01 22:15:00,170.3,2,70,37.9,0,0,0
2026-09-01 22:20:00,167.4,14,70,41.2,0,0,0
2026-09-01 22:25:00,164.5,16,73,38.5,0,0,0
2026-09-01 22:30:00,164.0,6,69,39.6,0,0,0
2026-09-01 22:35:00,160.3,7,69,40.0,0,0,0
2026-09-01 22:40:00,160.1,6,75,35.8,0,0,0
2026-09-01 22:45:00,157.8,11,64,38.1,0,0,0
2026-09-01 22:50:00,155.6,2,71,38.2,0,0,0
2026-09-01 22:55:00,150.4,14,73,39.8,0,0,0
2026-09-01 23:00:00,151.8,13,73,36.7,0,0,0
2026-09-01 23:05:00,147.8,8,68,36.7,0,0,0
2026-09-01 23:10:00,140.7,6,67,37.1,0,0,0
2026-09-01 23:15:00,138.8,10,70,39.8,0,0,0
2026-09-01 23:20:00,135.0,5,71,40.3,0,0,0
2026-09-01 23:25:00,129.2,11,70,38.5,0,0,0
2026-09-01 23:30:00,126.6,12,69,33.8,0,0,0
2026-09-01 23:35:00,125.1,8,68,36.6,0,0,0
2026-09-01 23:40:00,120.4,8,72,39.0,0,0,0
2026-09-01 23:45:00,117.9,6,71,38.1,0,0,0
2026-09-01 23:50:00,112.6,5,71,36.1,0,0,0
2026-09-01 23:55:00,112.1,8,71,36.5,0,0,0
2026-09-02 00:00:00,113.8,8,68,37.5,0,0,0
2026-09-02 00:05:00,115.1,6,65,39.9,0,0,0
2026-09-02 00:10:00,112.0,5,66,36.5,0,0,0
2026-09-02 00:15:00,113.8,14,73,38.2,0,0,0
2026-09-02 00:20:00,114.4,0,70,40.2,0,0,0
2026-09-02 00:25:00,114.0,5,71,34.4,0,0,0
2026-09-02 00:30:00,108.9,15,72,40.0,0,0,0
2026-09-02 00:35:00,107.0,11,70,38.5,0,0,0
2026-09-02 00:40:00,106.1,10,66,39.5,0,0,0
2026-09-02 00:45:00,104.9,8,67,38.5,0,0,0
2026-09-02 00:50:00,106.2,3,69,35.2,0,0,0
2026-09-02 00:55:00,105.4,6,72,38.5,0,0,0
2026-09-02 01:00:00,104.7,8,70,40.0,0,0,0
2026-09-02 01:05:00,105.9,10,73,40.6,0,0,0
2026-09-02 01:10:00,105.5,0,60,65.8,1,0,0
2026-09-02 01:15:00,106.0,1,60,63.8,1,0,0
2026-09-02 01:20:00,106.1,0,61,62.6,1,0,0
2026-09-02 01:25:00,108.5,0,60,60.0,1,0,0
2026-09-02 01:30:00,108.8,0,64,62.9,1,0,0
2026-09-02 01:35:00,104.0,1,64,60.0,1,0,0
2026-09-02 01:40:00,103.5,0,60,60.6,1,0,0
2026-09-02 01:45:00,107.7,0,63,58.0,1,0,0
2026-09-02 01:50:00,106.5,1,56,59.3,1,0,0
2026-09-02 01:55:00,109.1,0,64,59.6,1,0,0
2026-09-02 02:00:00,108.4,1,60,57.6,1,0,0
2026-09-02 02:05:00,110.8,1,61,64.3,1,0,0
2026-09-02 02:10:00,112.6,0,64,60.8,1,0,0
2026-09-02 02:15:00,110.9,0,65,63.0,1,0,0
2026-09-02 02:20:00,108.8,0,64,64.0,1,0,0
2026-09-02 02:25:00,107.7,0,59,64.0,1,0,0
2026-09-02 02:30:00,110.9,2,62,62.9,1,0,0
2026-09-02 02:35:00,108.8,0,60,61.0,1,0,0
2026-09-02 02:40:00,112.8,0,60,63.3,1,0,0
2026-09-02 02:45:00,110.6,1,58,65.6,1,0,0
2026-09-02 02:50:00,110.6,2,60,57.8,1,0,0
2026-09-02 02:55:00,107.4,0,61,63.0,1,0,0
2026-09-02 03:00:00,108.7,0,61,59.8,1,0,0
2026-09-02 03:05:00,108.4,0,62,61.3,1,0,0
2026-09-02 03:10:00,106.3,0,60,60.9,1,0,0
2026-09-02 03:15:00,103.6,0,59,60.8,1,0,0
2026-09-02 03:20:00,104.5,1,58,60.9,1,0,0
2026-09-02 03:25:00,109.9,1,63,64.4,1,0,0
2026-09-02 03:30:00,108.5,0,61,61.1,1,0,0
2026-09-02 03:35:00,107.9,0,64,60.7,1,0,0
2026-09-02 03:40:00,106.6,0,58,62.5,1,0,0
2026-09-02 03:45:00,106.9,1,61,62.6,1,0,0
2026-09-02 03:50:00,106.5,0,61,63.8,1,0,0
2026-09-02 03:55:00,110.1,0,57,58.3,1,0,0
2026-09-02 04:00:00,110.9,0,61,63.6,1,0,0
2026-09-02 04:05:00,111.6,0,59,57.6,1,0,0
2026-09-02 04:10:00,112.0,0,60,62.7,1,0,0
2026-09-02 04:15:00,110.9,0,64,62.5,1,0,0
2026-09-02 04:20:00,112.3,0,61,58.4,1,0,0
2026-09-02 04:25:00,110.7,0,62,60.2,1,0,0
2026-09-02 04:30:00,110.2,1,63,61.2,1,0,0
2026-09-02 04:35:00,107.5,0,58,63.8,1,0,0
2026-09-02 04:40:00,109.6,0,62,60.7,1,0,0
2026-09-02 04:45:00,111.1,0,62,59.9,1,0,0
2026-09-02 04:50:00,115.0,1,61,60.1,1,0,0
2026-09-02 04:55:00,112.1,0,62,62.9,1,0,0
2026-09-02 05:00:00,113.3,1,60,62.2,1,0,0
2026-09-02 05:05:00,114.9,1,65,66.6,1,0,0
2026-09-02 05:10:00,120.2,0,59,61.2,1,0,0
2026-09-02 05:15:00,118.3,0,59,63.3,1,0,0
2026-09-02 05:20:00,115.5,0,63,65.2,1,0,0
2026-09-02 05:25:00,119.1,1,61,61.6,1,0,0
2026-09-02 05:30:00,115.5,0,61,57.9,1,0,0
2026-09-02 05:35:00,112.4,0,59,59.0,1,0,0
2026-09-02 05:40:00,113.7,0,64,59.8,1,0,0
2026-09-02 05:45:00,108.8,0,61,61.6,1,0,0
2026-09-02 05:50:00,109.7,0,59,62.8,1,0,0
2026-09-02 05:55:00,111.4,0,62,59.2,1,0,0
2026-09-02 06:00:00,112.4,0,58,62.2,1,0,0
2026-09-02 06:05:00,111.1,1,63,65.6,1,0,0
2026-09-02 06:10:00,110.7,0,58,62.2,1,0,0
2026-09-02 06:15:00,112.5,0,58,59.1,1,0,0
2026-09-02 06:20:00,112.3,0,59,58.2,1,0,0
2026-09-02 06:25:00,112.1,4,69,37.2,0,0,0
2026-09-02 06:30:00,113.4,5,63,35.3,0,0,0
2026-09-02 06:35:00,115.3,7,73,37.4,0,0,0
2026-09-02 06:40:00,116.8,23,71,38.8,0,0,0
2026-09-02 06:45:00,118.5,7,70,38.9,0,0,0
2026-09-02 06:50:00,119.6,4,70,41.4,0,0,0
2026-09-02 06:55:00,119.3,6,71,34.5,0,0,0
2026-09-02 07:00:00,115.6,8,73,35.2,0,0,0
2026-09-02 07:05:00,116.6,7,68,37.1,0,0,0
2026-09-02 07:10:00,117.8,11,68,39.7,0,0,0
2026-09-02 07:15:00,118.1,12,71,37.3,0,0,0
2026-09-02 07:20:00,118.6,2,69,36.2,0,0,0
2026-09-02 07:25:00,120.7,6,71,37.3,0,0,0
2026-09-02 07:30:00,117.1,11,72,37.0,0,0,0
2026-09-02 07:35:00,114.6,7,75,37.8,0,0,0
2026-09-02 07:40:00,115.9,12,68,36.4,0,0,0
2026-09-02 07:45:00,117.6,3,67,39.2,0,0,0
2026-09-02 07:50:00,118.4,11,69,36.6,0,0,0
2026-09-02 07:55:00,116.2,6,70,36.7,0,0,0
2026-09-02 08:00:00,116.0,13,64,36.3,0,0,0
2026-09-02 08:05:00,111.5,16,70,36.9,0,0,0
2026-09-02 08:10:00,109.7,14,69,35.2,0,0,0
2026-09-02 08:15:00,106.8,11,71,39.7,0,0,0
2026-09-02 08:20:00,110.6,4,66,38.1,0,0,0
2026-09-02 08:25:00,109.8,6,70,35.8,0,0,0
2026-09-02 08:30:00,106.8,6,70,37.1,0,0,0
2026-09-02 08:35:00,104.7,7,67,38.4,0,0,0
2026-09-02 08:40:00,103.6,5,69,42.1,0,0,0
2026-09-02 08:45:00,101.7,11,70,40.9,0,0,0
2026-09-02 08:50:00,105.3,4,72,40.6,0,0,0
2026-09-02 08:55:00,101.7,15,70,35.4,0,0,0
2026-09-02 09:00:00,103.1,18,70,38.1,0,0,0
2026-09-02 09:05:00,103.8,6,73,37.6,0,0,0
2026-09-02 09:10:00,105.2,10,76,36.9,0,0,0
2026-09-02 09:15:00,101.9,3,67,40.4,0,0,0
2026-09-02 09:20:00,102.6,4,67,38.0,0,0,0
2026-09-02 09:25:00,102.5,6,69,37.6,0,0,0
2026-09-02 09:30:00,100.2,13,71,35.4,0,0,0
2026-09-02 09:35:00,100.8,11,70,36.6,0,0,0
2026-09-02 09:40:00,100.4,13,68,36.3,0,0,0
2026-09-02 09:45:00,99.9,3,66,37.3,0,0,0
2026-09-02 09:50:00,98.5,5,71,38.1,0,0,0
2026-09-02 09:55:00,98.0,7,68,36.3,0,0,0
2026-09-02 10:00:00,97.1,3,71,38.6,0,0,0
2026-09-02 10:05:00,95.2,473,97,37.5,0,0,0
2026-09-02 10:10:00,92.7,468,97,39.2,0,0,0
2026-09-02 10:15:00,91.1,11,69,33.6,0,0,0
2026-09-02 10:20:00,91.6,10,71,37.8,0,0,0
2026-09-02 10:25:00,94.6,16,70,39.5,0,0,0
2026-09-02 10:30:00,97.0,6,69,36.6,0,0,0
2026-09-02 10:35:00,95.9,9,69,34.7,0,0,0
2026-09-02 10:40:00,98.0,15,71,38.3,0,0,0
2026-09-02 10:45:00,95.7,10,71,37.9,0,0,0
2026-09-02 10:50:00,100.2,8,68,35.7,0,0,0
2026-09-02 10:55:00,98.7,10,70,35.9,0,0,0
2026-09-02 11:00:00,102.2,2,69,34.9,0,0,0
2026-09-02 11:05:00,104.3,7,69,33.1,0,0,0
2026-09-02 11:10:00,107.1,15,68,37.3,0,0,0
2026-09-02 11:15:00,110.0,14,69,42.7,0,0,0
2026-09-02 11:20:00,110.4,6,69,40.1,0,0,0
2026-09-02 11:25:00,116.8,11,69,37.2,0,0,0
2026-09-02 11:30:00,116.1,8,73,37.9,0,0,0
2026-09-02 11:35:00,111.8,8,67,38.7,0,0,0
2026-09-02 11:40:00,108.4,7,69,38.6,0,0,0
2026-09-02 11:45:00,109.5,8,67,35.6,0,0,0
2026-09-02 11:50:00,108.0,3,69,35.6,0,0,0
2026-09-02 11:55:00,109.4,14,70,37.4,0,0,0
2026-09-02 12:00:00,104.2,24,71,39.3,0,0,0
2026-09-02 12:05:00,100.2,3,69,39.2,0,0,0
2026-09-02 12:10:00,100.4,6,70,34.3,0,0,0
2026-09-02 12:15:00,100.6,12,69,36.7,0,0,0
2026-09-02 12:20:00,106.8,7,64,36.9,0,0,0
2026-09-02 12:25:00,106.5,7,71,37.9,0,0,0
2026-09-02 12:30:00,104.0,2,70,40.2,0,0,0
2026-09-02 12:35:00,105.3,8,71,37.9,0,0,0
2026-09-02 12:40:00,110.0,4,70,36.6,0,0,0
2026-09-02 12:45:00,109.1,8,68,37.7,0,0,0
2026-09-02 12:50:00,111.0,7,68,35.9,0,0,0
2026-09-02 12:55:00,113.7,4,71,37.4,0,0,0
2026-09-02 13:00:00,113.7,3,71,36.7,0,0,0
2026-09-02 13:05:00,113.8,23,69,37.3,0,0,0
2026-09-02 13:10:00,113.8,11,73,38.9,0,104,70
2026-09-02 13:15:00,127.9,5,74,39.1,0,0,0
2026-09-02 13:20:00,139.7,6,73,41.2,0,0,0
2026-09-02 13:25:00,146.1,6,74,37.8,0,0,0
2026-09-02 13:30:00,155.1,2,70,41.5,0,0,0
2026-09-02 13:35:00,160.2,13,72,42.0,0,0,0
2026-09-02 13:40:00,165.7,13,69,37.8,0,0,0
2026-09-02 13:45:00,169.9,8,69,36.8,0,0,0
2026-09-02 13:50:00,170.0,9,71,39.7,0,0,0
2026-09-02 13:55:00,170.9,12,71,37.9,0,0,0
2026-09-02 14:00:00,171.3,12,76,38.7,0,0,0
2026-09-02 14:05:00,170.7,5,71,38.2,0,0,0
2026-09-02 14:10:00,167.8,2,69,31.2,0,0,0
2026-09-02 14:15:00,165.9,16,66,35.4,0,0,0
2026-09-02 14:20:00,164.2,13,66,39.7,0,0,0
2026-09-02 14:25:00,164.5,9,68,36.2,0,0,0
2026-09-02 14:30:00,159.5,4,69,38.5,0,0,0
2026-09-02 14:35:00,159.3,22,70,39.0,0,0,0
2026-09-02 14:40:00,159.0,9,69,41.1,0,0,0
2026-09-02 14:45:00,157.6,12,71,39.3,0,0,0
2026-09-02 14:50:00,155.6,8,69,37.2,0,0,0
2026-09-02 14:55:00,153.6,7,69,37.0,0,0,0
2026-09-02 15:00:00,151.3,10,69,37.2,0,0,0
2026-09-02 15:05:00,147.3,8,66,41.1,0,0,0
2026-09-02 15:10:00,142.2,14,68,39.6,0,0,0
2026-09-02 15:15:00,138.0,1,67,39.0,0,0,0
2026-09-02 15:20:00,135.1,6,69,36.1,0,0,0
2026-09-02 15:25:00,133.0,10,73,37.4,0,0,0
2026-09-02 15:30:00,131.5,7,69,36.6,0,0,0
2026-09-02 15:35:00,130.2,11,71,35.5,0,0,0
2026-09-02 15:40:00,128.8,4,74,37.0,0,0,0
2026-09-02 15:45:00,128.0,13,71,37.3,0,0,0
2026-09-02 15:50:00,126.0,8,70,36.5,0,0,0
2026-09-02 15:55:00,121.7,14,70,36.8,0,0,0
2026-09-02 16:00:00,123.2,5,70,33.1,0,0,0
2026-09-02 16:05:00,122.0,4,69,40.8,0,0,0
2026-09-02 16:10:00,119.1,7,72,38.4,0,0,0
2026-09-02 16:15:00,120.1,6,70,37.9,0,0,0
2026-09-02 16:20:00,119.3,8,70,38.4,0,0,0
2026-09-02 16:25:00,118.9,15,68,39.7,0,0,0
2026-09-02 16:30:00,119.6,9,69,37.4,0,0,0
2026-09-02 16:35:00,121.2,12,68,37.1,0,0,0
2026-09-02 16:40:00,122.2,7,69,37.9,0,0,0
2026-09-02 16:45:00,118.7,8,69,37.8,0,0,0
2026-09-02 16:50:00,116.3,23,75,36.9,0,0,0
2026-09-02 16:55:00,110.7,12,69,39.2,0,0,0
2026-09-02 17:00:00,112.3,11,69,37.3,0,0,0
2026-09-02 17:05:00,112.8,4,67,35.9,0,0,0
2026-09-02 17:10:00,115.1,12,70,36.7,0,0,0
2026-09-02 17:15:00,116.3,14,70,41.0,0,0,0
2026-09-02 17:20:00,115.6,8,69,39.2,0,0,0
2026-09-02 17:25:00,113.7,13,68,41.7,0,0,0
2026-09-02 17:30:00,109.3,10,74,36.4,0,26,65
2026-09-02 17:35:00,109.8,9,73,36.9,0,0,0
2026-09-02 17:40:00,114.1,10,71,32.8,0,0,0
2026-09-02 17:45:00,114.9,439,100,37.6,0,0,0
2026-09-02 17:50:00,115.7,437,99,38.7,0,0,0
2026-09-02 17:55:00,118.0,4,74,38.7,0,0,0
2026-09-02 18:00:00,118.7,25,70,37.4,0,0,0
2026-09-02 18:05:00,119.8,15,72,37.3,0,0,0
2026-09-02 18:10:00,120.6,3,67,40.9,0,0,0
2026-09-02 18:15:00,119.5,5,71,39.8,0,0,0
2026-09-02 18:20:00,121.3,12,69,38.2,0,0,0
2026-09-02 18:25:00,124.3,1,68,36.8,0,0,0
2026-09-02 18:30:00,127.8,2,64,39.4,0,0,0
2026-09-02 18:35:00,125.0,9,71,33.0,0,0,0
2026-09-02 18:40:00,122.2,10,70,38.8,0,0,0
2026-09-02 18:45:00,122.6,10,70,38.7,0,0,0
2026-09-02 18:50:00,120.6,15,68,40.9,0,0,0
2026-09-02 18:55:00,119.2,13,72,39.2,0,0,0
2026-09-02 19:00:00,115.7,5,69,35.9,0,0,0
2026-09-02 19:05:00,116.2,5,69,40.2,0,0,0
2026-09-02 19:10:00,112.3,1,70,36.4,0,0,0
2026-09-02 19:15:00,110.2,5,70,38.8,0,0,0
2026-09-02 19:20:00,108.1,5,68,37.1,0,0,0
2026-09-02 19:25:00,108.3,5,69,37.6,0,0,0
2026-09-02 19:30:00,108.0,13,69,38.1,0,0,0
2026-09-02 19:35:00,110.0,12,68,37.4,0,0,0
2026-09-02 19:40:00,113.1,3,71,36.3,0,0,0
2026-09-02 19:45:00,112.1,7,71,37.0,0,0,0
2026-09-02 19:50:00,112.6,3,68,37.8,0,0,0
2026-09-02 19:55:00,111.5,10,73,39.4,0,0,0
2026-09-02 20:00:00,112.4,8,74,39.6,0,0,0
2026-09-02 20:05:00,112.2,2,69,36.4,0,0,0
2026-09-02 20:10:00,111.0,14,71,35.4,0,0,0
2026-09-02 20:15:00,110.5,12,68,35.8,0,0,0
2026-09-02 20:20:00,108.0,8,70,38.6,0,0,0
2026-09-02 20:25:00,106.0,7,70,38.7,0,0,0
2026-09-02 20:30:00,105.9,16,72,37.6,0,0,0
2026-09-02 20:35:00,104.7,14,72,39.6,0,0,0
2026-09-02 20:40:00,105.5,8,69,33.8,0,0,0
2026-09-02 20:45:00,105.2,10,68,37.4,0,0,0
2026-09-02 20:50:00,103.7,5,73,39.6,0,0,0
2026-09-02 20:55:00,101.6,9,67,39.0,0,0,0
2026-09-02 21:00:00,102.2,7,69,37.0,0,0,0
2026-09-02 21:05:00,102.8,7,71,35.0,0,0,0
2026-09-02 21:10:00,105.4,7,65,39.9,0,0,0
2026-09-02 21:15:00,107.1,9,69,38.0,0,0,0
2026-09-02 21:20:00,105.4,5,71,39.1,0,112,70
2026-09-02 21:25:00,122.5,14,74,38.2,0,0,0
2026-09-02 21:30:00,137.2,8,72,39.3,0,0,0
2026-09-02 21:35:00,150.0,10,68,36.3,0,0,0
2026-09-02 21:40:00,157.5,6,71,40.4,0,0,0
2026-09-02 21:45:00,160.4,12,74,36.9,0,0,0
2026-09-02 21:50:00,162.2,11,67,39.2,0,0,0
2026-09-02 21:55:00,159.9,8,70,38.9,0,0,0
2026-09-02 22:00:00,164.1,12,72,38.9,0,0,0
2026-09-02 22:05:00,166.1,8,70,36.9,0,0,0
2026-09-02 22:10:00,168.5,4,69,41.9,0,0,0
2026-09-02 22:15:00,169.5,6,69,35.8,0,0,0
2026-09-02 22:20:00,171.3,12,67,36.8,0,0,0
2026-09-02 22:25:00,169.4,8,67,38.1,0,0,0
2026-09-02 22:30:00,169.8,18,68,39.1,0,0,0
2026-09-02 22:35:00,163.5,7,70,39.4,0,0,0
2026-09-02 22:40:00,159.3,14,69,32.5,0,0,0
2026-09-02 22:45:00,153.0,12,69,40.1,0,0,0
2026-09-02 22:50:00,151.5,11,68,36.3,0,0,0
2026-09-02 22:55:00,147.9,6,70,33.2,0,0,0
2026-09-02 23:00:00,145.0,12,72,38.6,0,0,0
2026-09-02 23:05:00,140.9,10,71,36.6,0,0,0
2026-09-02 23:10:00,136.1,2,69,37.6,0,0,0
2026-09-02 23:15:00,133.7,14,68,32.9,0,0,0
2026-09-02 23:20:00,127.6,9,72,37.0,0,0,0
2026-09-02 23:25:00,126.3,5,68,38.6,0,0,0
2026-09-02 23:30:00,125.9,7,68,41.3,0,0,0
2026-09-02 23:35:00,125.3,11,68,38.5,0,0,0
2026-09-02 23:40:00,125.6,1,72,37.1,0,0,0
2026-09-02 23:45:00,121.9,12,67,36.3,0,0,0
2026-09-02 23:50:00,120.2,8,69,37.0,0,0,0
2026-09-02 23:55:00,118.8,9,71,39.0,0,0,0
2026-09-03 00:00:00,119.5,7,69,39.0,0,0,0
2026-09-03 00:05:00,118.9,5,71,33.4,0,0,0
2026-09-03 00:10:00,120.2,18,66,30.3,0,0,0
2026-09-03 00:15:00,118.3,3,71,38.9,0,0,0
2026-09-03 00:20:00,121.1,6,72,35.6,0,0,0
2026-09-03 00:25:00,120.0,7,70,36.5,0,0,0
2026-09-03 00:30:00,120.0,7,68,38.8,0,0,0
2026-09-03 00:35:00,117.9,4,69,38.6,0,0,0
2026-09-03 00:40:00,118.9,5,74,38.3,0,0,0
2026-09-03 00:45:00,118.6,10,68,36.7,0,0,0
2026-09-03 00:50:00,122.4,12,68,30.7,0,0,0
2026-09-03 00:55:00,119.4,11,68,36.8,0,0,0
2026-09-03 01:00:00,118.1,8,69,35.4,0,0,0
2026-09-03 01:05:00,116.2,2,69,37.2,0,0,0
2026-09-03 01:10:00,113.7,0,67,38.3,0,0,0
2026-09-03 01:15:00,113.6,20,71,37.0,0,0,0
2026-09-03 01:20:00,113.8,0,65,55.3,1,0,0
2026-09-03 01:25:00,115.1,0,59,60.4,1,0,0
2026-09-03 01:30:00,117.8,0,62,58.9,1,0,0
2026-09-03 01:35:00,116.9,0,59,59.6,1,0,0
2026-09-03 01:40:00,120.6,0,61,60.3,1,0,0
2026-09-03 01:45:00,119.5,0,65,61.9,1,0,0
2026-09-03 01:50:00,117.1,0,60,60.5,1,0,0
2026-09-03 01:55:00,113.9,0,56,57.2,1,0,0
2026-09-03 02:00:00,115.5,0,58,58.7,1,0,0
2026-09-03 02:05:00,114.6,0,58,57.9,1,0,0
2026-09-03 02:10:00,114.0,0,63,57.8,1,0,0
2026-09-03 02:15:00,110.6,0,58,58.0,1,0,0
2026-09-03 02:20:00,109.3,2,62,57.7,1,0,0
2026-09-03 02:25:00,108.1,0,59,57.9,1,0,0
2026-09-03 02:30:00,111.9,1,59,60.9,1,0,0
2026-09-03 02:35:00,110.7,0,62,62.0,1,0,0
2026-09-03 02:40:00,111.1,1,59,61.4,1,0,0
2026-09-03 02:45:00,110.8,0,63,60.2,1,0,0
2026-09-03 02:50:00,113.6,2,61,56.3,1,0,0
2026-09-03 02:55:00,112.2,0,65,59.7,1,0,0
2026-09-03 03:00:00,112.3,0,63,63.6,1,0,0
2026-09-03 03:05:00,111.0,0,60,55.2,1,0,0
2026-09-03 03:10:00,113.4,0,59,60.7,1,0,0
2026-09-03 03:15:00,114.7,0,58,62.6,1,0,0
2026-09-03 03:20:00,115.3,0,63,60.3,1,0,0
2026-09-03 03:25:00,116.3,0,61,58.8,1,0,0
2026-09-03 03:30:00,114.7,0,63,56.3,1,0,0
2026-09-03 03:35:00,117.4,0,62,57.6,1,0,0
2026-09-03 03:40:00,118.7,1,61,57.1,1,0,0
2026-09-03 03:45:00,119.2,0,61,56.2,1,0,0
2026-09-03 03:50:00,120.0,0,62,56.4,1,0,0
2026-09-03 03:55:00,120.5,1,59,59.8,1,0,0
2026-09-03 04:00:00,116.1,0,62,56.3,1,0,0
2026-09-03 04:05:00,114.8,0,61,58.5,1,0,0
2026-09-03 04:10:00,117.7,0,62,59.0,1,0,0
2026-09-03 04:15:00,118.3,0,61,56.5,1,0,0
2026-09-03 04:20:00,118.7,0,60,59.2,1,0,0
2026-09-03 04:25:00,120.1,1,63,61.0,1,0,0
2026-09-03 04:30:00,121.1,0,60,57.8,1,0,0
2026-09-03 04:35:00,121.3,1,61,60.1,1,0,0
2026-09-03 04:40:00,122.8,0,63,59.7,1,0,0
2026-09-03 04:45:00,123.6,1,60,62.8,1,0,0
2026-09-03 04:50:00,122.1,0,61,62.0,1,0,0
2026-09-03 04:55:00,124.9,0,61,63.0,1,0,0
2026-09-03 05:00:00,125.5,1,66,60.6,1,0,0
2026-09-03 05:05:00,127.2,0,62,56.6,1,0,0
2026-09-03 05:10:00,123.9,0,64,56.9,1,0,0
2026-09-03 05:15:00,123.0,0,57,60.3,1,0,0
2026-09-03 05:20:00,123.0,1,61,59.0,1,0,0
2026-09-03 05:25:00,123.0,1,60,61.1,1,0,0
2026-09-03 05:30:00,126.9,0,58,59.8,1,0,0
2026-09-03 05:35:00,128.1,1,56,57.0,1,0,0
2026-09-03 05:40:00,130.7,0,60,58.5,1,0,0
2026-09-03 05:45:00,130.6,0,62,57.5,1,0,0
2026-09-03 05:50:00,129.0,1,60,60.6,1,0,0
2026-09-03 05:55:00,128.3,0,60,59.7,1,0,0
2026-09-03 06:00:00,130.1,1,61,60.1,1,0,0
2026-09-03 06:05:00,126.4,1,58,59.8,1,0,0
2026-09-03 06:10:00,127.3,0,57,60.6,1,0,0
2026-09-03 06:15:00,128.4,0,60,61.9,1,0,0
2026-09-03 06:20:00,126.4,5,72,38.7,0,0,0
2026-09-03 06:25:00,128.4,11,65,36.3,0,0,0
2026-09-03 06:30:00,130.0,9,71,36.0,0,0,0
2026-09-03 06:35:00,125.3,7,67,32.9,0,0,0
2026-09-03 06:40:00,123.5,11,72,35.7,0,0,0
2026-09-03 06:45:00,124.2,7,71,34.1,0,0,0
2026-09-03 06:50:00,124.6,5,70,39.3,0,0,0
2026-09-03 06:55:00,123.6,8,70,36.3,0,0,0
2026-09-03 07:00:00,120.8,3,69,36.8,0,0,0
2026-09-03 07:05:00,119.1,3,66,33.6,0,0,0
2026-09-03 07:10:00,120.6,4,68,39.3,0,0,0
2026-09-03 07:15:00,115.7,7,71,35.9,0,0,0
2026-09-03 07:20:00,113.0,5,68,37.5,0,0,0
2026-09-03 07:25:00,118.1,10,68,37.5,0,0,0
2026-09-03 07:30:00,119.2,12,69,36.3,0,0,0
2026-09-03 07:35:00,120.8,12,67,36.4,0,0,0
2026-09-03 07:40:00,119.1,7,69,37.0,0,0,0
2026-09-03 07:45:00,118.3,2,68,33.1,0,0,0
2026-09-03 07:50:00,120.8,2,74,37.6,0,62,70
2026-09-03 07:55:00,130.5,6,71,35.1,0,0,0
2026-09-03 08:00:00,136.9,5,71,36.4,0,0,0
2026-09-03 08:05:00,142.1,6,70,39.2,0,0,0
2026-09-03 08:10:00,147.3,2,72,36.9,0,0,0
2026-09-03 08:15:00,151.0,10,72,39.6,0,0,0
2026-09-03 08:20:00,153.0,7,69,35.7,0,0,0
2026-09-03 08:25:00,155.3,16,67,41.5,0,0,0
2026-09-03 08:30:00,156.6,16,72,34.3,0,0,0
2026-09-03 08:35:00,155.3,12,71,36.1,0,0,0
2026-09-03 08:40:00,155.8,4,72,37.7,0,0,0
2026-09-03 08:45:00,151.9,17,72,35.3,0,0,0
2026-09-03 08:50:00,151.1,13,68,37.7,0,0,0
2026-09-03 08:55:00,148.8,3,73,37.2,0,0,0
2026-09-03 09:00:00,145.8,5,67,35.5,0,0,0
2026-09-03 09:05:00,143.0,5,69,37.4,0,0,0
2026-09-03 09:10:00,147.1,15,70,36.2,0,0,0
2026-09-03 09:15:00,146.9,6,72,35.4,0,0,0
2026-09-03 09:20:00,147.6,8,66,38.1,0,0,0
2026-09-03 09:25:00,146.4,7,70,38.2,0,0,0
2026-09-03 09:30:00,139.8,9,70,41.1,0,0,0
2026-09-03 09:35:00,138.1,21,70,39.0,0,0,0
2026-09-03 09:40:00,134.5,6,70,37.3,0,0,0
2026-09-03 09:45:00,130.0,3,65,35.8,0,0,0
2026-09-03 09:50:00,130.3,7,67,33.6,0,0,0
2026-09-03 09:55:00,132.0,12,71,35.2,0,0,0
2026-09-03 10:00:00,128.9,2,72,37.9,0,0,0
2026-09-03 10:05:00,127.3,6,72,34.3,0,0,0
2026-09-03 10:10:00,125.8,1,68,36.5,0,0,0
2026-09-03 10:15:00,127.3,4,71,37.0,0,0,0
2026-09-03 10:20:00,125.6,18,67,35.3,0,0,0
2026-09-03 10:25:00,123.1,6,70,35.5,0,0,0
2026-09-03 10:30:00,122.5,5,71,35.5,0,0,0
2026-09-03 10:35:00,120.8,8,70,40.6,0,0,0
2026-09-03 10:40:00,119.8,6,72,33.5,0,0,0
2026-09-03 10:45:00,116.3,6,71,34.5,0,0,0
2026-09-03 10:50:00,116.5,4,70,36.0,0,0,0
2026-09-03 10:55:00,114.8,11,69,34.2,0,0,0
2026-09-03 11:00:00,114.6,6,70,35.0,0,0,0
2026-09-03 11:05:00,114.1,7,70,40.3,0,0,0
2026-09-03 11:10:00,115.0,7,67,36.1,0,0,0
2026-09-03 11:15:00,114.3,12,68,37.6,0,0,0
2026-09-03 11:20:00,111.2,8,72,35.6,0,0,0
2026-09-03 11:25:00,114.7,7,70,34.8,0,0,0
2026-09-03 11:30:00,115.8,2,66,37.5,0,0,0
2026-09-03 11:35:00,116.6,13,68,39.1,0,0,0
2026-09-03 11:40:00,116.7,15,70,33.7,0,0,0
2026-09-03 11:45:00,115.0,26,72,37.1,0,0,0
2026-09-03 11:50:00,115.9,4,69,33.5,0,0,0
2026-09-03 11:55:00,116.5,11,67,34.0,0,0,0
2026-09-03 12:00:00,115.7,17,68,36.6,0,0,0
2026-09-03 12:05:00,116.6,19,70,35.3,0,0,0
2026-09-03 12:10:00,120.3,7,71,39.1,0,0,0
2026-09-03 12:15:00,120.7,4,70,41.7,0,0,0
2026-09-03 12:20:00,119.4,12,71,36.2,0,0,0
2026-09-03 12:25:00,117.5,6,67,36.2,0,0,0
2026-09-03 12:30:00,117.0,6,67,37.4,0,0,0
2026-09-03 12:35:00,117.1,2,71,37.7,0,0,0
2026-09-03 12:40:00,118.7,8,68,34.6,0,0,0
2026-09-03 12:45:00,118.5,12,68,36.7,0,0,0
2026-09-03 12:50:00,116.5,8,69,35.8,0,0,0
2026-09-03 12:55:00,115.4,7,74,35.3,0,0,0
2026-09-03 13:00:00,117.2,15,71,35.6,0,0,0
2026-09-03 13:05:00,117.7,4,67,38.8,0,0,0
2026-09-03 13:10:00,117.3,9,70,37.6,0,0,0
2026-09-03 13:15:00,117.8,14,71,33.1,0,0,0
2026-09-03 13:20:00,118.4,15,70,32.9,0,0,0
2026-09-03 13:25:00,118.4,13,69,37.3,0,0,0
2026-09-03 13:30:00,117.9,7,70,35.3,0,0,0
2026-09-03 13:35:00,120.2,20,70,36.0,0,0,0
2026-09-03 13:40:00,115.4,6,69,35.9,0,0,0
2026-09-03 13:45:00,116.1,0,72,34.1,0,110,70
2026-09-03 13:50:00,131.3,10,74,37.5,0,0,0
2026-09-03 13:55:00,150.5,18,69,33.4,0,0,0
2026-09-03 14:00:00,165.2,11,71,38.3,0,0,0
2026-09-03 14:05:00,170.7,3,76,34.3,0,0,0
2026-09-03 14:10:00,177.0,5,68,35.3,0,0,0
2026-09-03 14:15:00,179.7,5,68,35.2,0,0,0
2026-09-03 14:20:00,179.1,11,71,36.9,0,0,0
2026-09-03 14:25:00,177.5,8,71,36.0,0,0,0
2026-09-03 14:30:00,180.5,9,70,36.5,0,0,0
2026-09-03 14:35:00,177.2,6,71,37.8,0,0,0
2026-09-03 14:40:00,179.5,9,69,37.1,0,0,0
2026-09-03 14:45:00,176.4,9,67,36.2,0,0,0
2026-09-03 14:50:00,176.8,9,69,37.5,0,0,0
2026-09-03 14:55:00,173.9,6,71,33.2,0,0,0
2026-09-03 15:00:00,171.3,9,70,37.4,0,0,0
2026-09-03 15:05:00,167.9,12,66,39.0,0,0,0
2026-09-03 15:10:00,165.9,8,71,33.2,0,0,0
2026-09-03 15:15:00,159.8,1,71,37.3,0,0,0
2026-09-03 15:20:00,161.3,14,74,39.2,0,0,0
2026-09-03 15:25:00,154.5,7,70,36.1,0,0,0
2026-09-03 15:30:00,152.3,9,69,35.4,0,0,0
2026-09-03 15:35:00,153.9,3,71,36.9,0,0,0
2026-09-03 15:40:00,151.1,19,68,35.3,0,0,0
2026-09-03 15:45:00,149.7,8,69,35.4,0,0,0
2026-09-03 15:50:00,148.1,4,71,38.8,0,0,0
2026-09-03 15:55:00,143.3,9,67,35.5,0,0,0
2026-09-03 16:00:00,139.8,5,69,37.0,0,0,0
2026-09-03 16:05:00,138.3,13,69,39.9,0,0,0
2026-09-03 16:10:00,135.6,14,67,35.4,0,0,0
2026-09-03 16:15:00,132.6,1,70,35.6,0,0,0
2026-09-03 16:20:00,131.6,6,67,37.3,0,0,0
2026-09-03 16:25:00,130.0,2,70,37.2,0,0,0
2026-09-03 16:30:00,130.6,2,68,35.2,0,0,0
2026-09-03 16:35:00,128.7,11,70,41.5,0,0,0
2026-09-03 16:40:00,125.8,7,70,37.4,0,0,0
2026-09-03 16:45:00,122.5,11,68,37.5,0,0,0
2026-09-03 16:50:00,121.7,8,69,34.7,0,0,0
2026-09-03 16:55:00,122.5,12,71,36.3,0,0,0
2026-09-03 17:00:00,126.6,7,73,36.9,0,0,0
2026-09-03 17:05:00,122.3,9,68,37.4,0,0,0
2026-09-03 17:10:00,120.7,10,69,38.2,0,0,0
2026-09-03 17:15:00,121.8,11,72,34.0,0,0,0
2026-09-03 17:20:00,121.6,5,69,33.3,0,0,0
2026-09-03 17:25:00,121.7,7,70,37.6,0,0,0
2026-09-03 17:30:00,121.1,4,70,37.3,0,0,0
2026-09-03 17:35:00,121.7,8,70,38.8,0,0,0
2026-09-03 17:40:00,123.7,7,70,38.2,0,0,0
2026-09-03 17:45:00,124.5,9,69,37.2,0,0,0
2026-09-03 17:50:00,127.1,5,70,36.0,0,0,0
2026-09-03 17:55:00,123.5,14,73,39.5,0,0,0
2026-09-03 18:00:00,121.5,2,72,35.7,0,0,0
2026-09-03 18:05:00,117.8,5,71,36.9,0,0,0
2026-09-03 18:10:00,117.2,6,72,36.7,0,0,0
2026-09-03 18:15:00,116.3,5,73,39.1,0,0,0
2026-09-03 18:20:00,119.3,5,68,33.2,0,0,0
2026-09-03 18:25:00,118.4,9,73,34.4,0,15,35
2026-09-03 18:30:00,117.6,10,74,37.0,0,0,0
2026-09-03 18:35:00,114.6,9,73,34.9,0,0,0
2026-09-03 18:40:00,112.4,11,73,33.5,0,0,0
2026-09-03 18:45:00,113.6,2,71,36.6,0,0,0
2026-09-03 18:50:00,113.2,14,73,36.6,0,0,0
2026-09-03 18:55:00,115.2,11,72,40.1,0,0,0
2026-09-03 19:00:00,114.8,13,71,38.0,0,0,0
2026-09-03 19:05:00,117.3,6,70,35.2,0,0,0
2026-09-03 19:10:00,116.0,13,72,38.7,0,0,0
2026-09-03 19:15:00,117.9,14,70,34.1,0,0,0
2026-09-03 19:20:00,119.7,5,69,37.9,0,0,0
2026-09-03 19:25:00,118.4,10,68,35.9,0,0,0
2026-09-03 19:30:00,119.4,9,66,36.4,0,0,0
2026-09-03 19:35:00,116.3,8,68,35.0,0,0,0
2026-09-03 19:40:00,118.4,11,71,34.0,0,0,0
2026-09-03 19:45:00,118.0,10,70,35.5,0,0,0
2026-09-03 19:50:00,117.0,5,67,38.4,0,0,0
2026-09-03 19:55:00,114.3,6,69,34.9,0,0,0
2026-09-03 20:00:00,120.4,7,69,36.2,0,0,0
2026-09-03 20:05:00,119.1,7,72,31.9,0,0,0
2026-09-03 20:10:00,118.0,3,74,35.1,0,0,0
2026-09-03 20:15:00,115.0,26,71,33.5,0,0,0
2026-09-03 20:20:00,116.1,3,68,34.9,0,0,0
2026-09-03 20:25:00,114.4,15,67,39.6,0,0,0
2026-09-03 20:30:00,111.1,9,68,38.5,0,0,0
2026-09-03 20:35:00,111.0,461,102,37.3,0,104,70
2026-09-03 20:40:00,125.8,460,100,32.8,0,0,0
2026-09-03 20:45:00,136.9,8,71,36.0,0,0,0
2026-09-03 20:50:00,147.8,9,68,37.1,0,0,0
2026-09-03 20:55:00,155.1,3,72,35.8,0,0,0
2026-09-03 21:00:00,163.3,11,75,34.1,0,0,0
2026-09-03 21:05:00,166.7,6,71,37.8,0,0,0
2026-09-03 21:10:00,169.7,7,69,33.6,0,0,0
2026-09-03 21:15:00,173.4,11,69,36.9,0,0,0
2026-09-03 21:20:00,174.1,4,68,37.8,0,0,0
2026-09-03 21:25:00,174.7,7,69,39.8,0,0,0
2026-09-03 21:30:00,171.4,6,71,37.9,0,0,0
2026-09-03 21:35:00,172.8,2,69,36.6,0,0,0
2026-09-03 21:40:00,171.2,8,71,37.7,0,0,0
2026-09-03 21:45:00,172.3,11,69,34.6,0,0,0
2026-09-03 21:50:00,172.2,9,66,35.8,0,0,0
2026-09-03 21:55:00,170.6,7,69,38.5,0,0,0
2026-09-03 22:00:00,166.6,10,71,34.6,0,0,0
2026-09-03 22:05:00,162.8,7,68,37.2,0,0,0
2026-09-03 22:10:00,162.3,9,74,35.7,0,0,0
2026-09-03 22:15:00,156.2,20,74,35.8,0,0,0
2026-09-03 22:20:00,155.2,16,73,36.9,0,0,0
2026-09-03 22:25:00,150.9,5,73,36.0,0,0,0
2026-09-03 22:30:00,147.5,14,68,34.1,0,0,0
2026-09-03 22:35:00,142.8,14,71,35.2,0,0,0
2026-09-03 22:40:00,143.8,5,67,36.0,0,0,0
2026-09-03 22:45:00,141.4,16,70,42.0,0,0,0
2026-09-03 22:50:00,139.0,12,67,36.2,0,0,0
2026-09-03 22:55:00,134.9,6,68,38.6,0,0,0
2026-09-03 23:00:00,132.3,5,70,37.7,0,0,0
2026-09-03 23:05:00,130.1,8,67,38.5,0,0,0
2026-09-03 23:10:00,127.3,10,71,37.2,0,0,0
2026-09-03 23:15:00,125.2,6,69,35.9,0,0,0
2026-09-03 23:20:00,124.3,10,69,35.2,0,0,0
2026-09-03 23:25:00,123.2,8,67,34.3,0,0,0
2026-09-03 23:30:00,123.2,5,66,35.5,0,0,0
2026-09-03 23:35:00,125.0,3,69,36.4,0,0,0
2026-09-03 23:40:00,123.9,8,67,36.1,0,0,0
2026-09-03 23:45:00,121.5,8,69,38.4,0,0,0
2026-09-03 23:50:00,120.4,5,68,35.8,0,0,0
2026-09-03 23:55:00,119.3,10,69,35.9,0,0,0
2026-09-04 00:00:00,118.1,8,72,33.2,0,0,0
2026-09-04 00:05:00,119.3,10,70,34.1,0,0,0
2026-09-04 00:10:00,119.5,15,71,35.4,0,0,0
2026-09-04 00:15:00,120.1,3,68,34.3,0,0,0
2026-09-04 00:20:00,121.1,20,67,35.6,0,0,0
2026-09-04 00:25:00,117.5,6,69,29.8,0,0,0
2026-09-04 00:30:00,119.0,11,70,38.5,0,0,0
2026-09-04 00:35:00,121.5,5,69,33.0,0,0,0
2026-09-04 00:40:00,120.4,23,70,35.2,0,0,0
2026-09-04 00:45:00,122.9,5,67,36.8,0,0,0
2026-09-04 00:50:00,123.4,17,69,36.4,0,0,0
2026-09-04 00:55:00,123.0,20,69,31.9,0,0,0
2026-09-04 01:00:00,125.6,5,70,33.7,0,0,0
2026-09-04 01:05:00,124.1,22,70,38.3,0,0,0
2026-09-04 01:10:00,123.9,11,70,35.0,0,0,0
2026-09-04 01:15:00,124.2,4,68,35.1,0,0,0
2026-09-04 01:20:00,125.3,3,66,32.6,0,0,0
2026-09-04 01:25:00,121.9,6,72,35.7,0,0,0
2026-09-04 01:30:00,120.1,12,69,34.2,0,0,0
2026-09-04 01:35:00,118.9,14,68,35.1,0,0,0
2026-09-04 01:40:00,116.5,7,69,33.6,0,0,0
2026-09-04 01:45:00,116.8,14,70,35.4,0,0,0
2026-09-04 01:50:00,117.5,8,68,36.0,0,0,0
2026-09-04 01:55:00,116.1,10,68,33.0,0,0,0
2026-09-04 02:00:00,118.0,13,71,32.0,0,0,0
2026-09-04 02:05:00,115.2,7,71,33.7,0,0,0
2026-09-04 02:10:00,113.1,6,73,38.5,0,0,0
2026-09-04 02:15:00,115.1,14,70,37.2,0,0,0
2026-09-04 02:20:00,115.5,3,69,36.3,0,0,0
2026-09-04 02:25:00,121.0,1,59,57.1,1,0,0
2026-09-04 02:30:00,119.8,0,61,57.6,1,0,0
2026-09-04 02:35:00,123.0,1,60,59.3,1,0,0
2026-09-04 02:40:00,122.1,0,58,58.6,1,0,0
2026-09-04 02:45:00,124.4,0,61,54.9,1,0,0
2026-09-04 02:50:00,123.7,0,60,57.8,1,0,0
2026-09-04 02:55:00,118.8,0,61,57.6,1,0,0
2026-09-04 03:00:00,117.9,1,58,61.1,1,0,0
2026-09-04 03:05:00,118.2,1,58,57.1,1,0,0
2026-09-04 03:10:00,118.6,0,61,57.4,1,0,0
2026-09-04 03:15:00,116.9,0,59,56.4,1,0,0
2026-09-04 03:20:00,118.6,1,59,58.9,1,0,0
2026-09-04 03:25:00,114.1,0,60,60.4,1,0,0
2026-09-04 03:30:00,110.9,0,58,58.5,1,0,0
2026-09-04 03:35:00,109.2,0,59,56.7,1,0,0
2026-09-04 03:40:00,110.6,0,61,57.7,1,0,0
2026-09-04 03:45:00,114.3,0,58,57.0,1,0,0
2026-09-04 03:50:00,111.4,0,59,60.5,1,0,0
2026-09-04 03:55:00,115.1,0,60,58.7,1,0,0
2026-09-04 04:00:00,116.7,0,61,56.8,1,0,0
2026-09-04 04:05:00,116.0,1,61,61.8,1,0,0
2026-09-04 04:10:00,115.8,0,57,59.9,1,0,0
2026-09-04 04:15:00,115.5,0,64,60.5,1,0,0
2026-09-04 04:20:00,117.2,0,62,56.5,1,0,0
2026-09-04 04:25:00,112.9,0,59,62.0,1,0,0
2026-09-04 04:30:00,118.2,0,65,60.8,1,0,0
2026-09-04 04:35:00,121.2,0,60,59.4,1,0,0
2026-09-04 04:40:00,124.5,0,62,59.5,1,0,0
2026-09-04 04:45:00,126.0,0,61,58.6,1,0,0
2026-09-04 04:50:00,125.8,1,63,60.7,1,0,0
2026-09-04 04:55:00,128.6,0,59,56.8,1,0,0
2026-09-04 05:00:00,128.0,0,58,57.4,1,0,0
2026-09-04 05:05:00,125.7,0,63,56.8,1,0,0
2026-09-04 05:10:00,125.6,0,60,57.5,1,0,0
2026-09-04 05:15:00,125.9,0,59,58.8,1,0,0
2026-09-04 05:20:00,122.0,0,61,57.0,1,0,0
2026-09-04 05:25:00,122.2,0,57,58.7,1,0,0
2026-09-04 05:30:00,121.2,0,60,63.8,1,0,0
2026-09-04 05:35:00,117.7,0,62,59.9,1,0,0
2026-09-04 05:40:00,117.2,0,60,59.6,1,0,0
2026-09-04 05:45:00,118.1,1,59,58.6,1,0,0
2026-09-04 05:50:00,119.9,0,57,58.7,1,0,0
2026-09-04 05:55:00,120.8,1,61,58.2,1,0,0
2026-09-04 06:00:00,121.1,2,62,59.2,1,0,0
2026-09-04 06:05:00,124.1,1,59,61.8,1,0,0
2026-09-04 06:10:00,124.9,0,61,55.0,1,0,0
2026-09-04 06:15:00,126.5,1,62,59.2,1,0,0
2026-09-04 06:20:00,127.2,2,61,58.8,1,0,0
2026-09-04 06:25:00,124.4,1,64,57.1,1,0,0
2026-09-04 06:30:00,121.2,0,62,56.2,1,0,0
2026-09-04 06:35:00,120.7,0,63,57.5,1,0,0
2026-09-04 06:40:00,123.2,1,60,59.4,1,0,0
2026-09-04 06:45:00,121.6,0,62,58.0,1,0,0
2026-09-04 06:50:00,122.8,2,60,59.1,1,0,0
2026-09-04 06:55:00,120.1,0,60,62.7,1,0,0
2026-09-04 07:00:00,120.2,6,69,33.9,0,0,0
2026-09-04 07:05:00,120.7,9,72,36.7,0,0,0
2026-09-04 07:10:00,121.2,10,68,38.1,0,0,0
2026-09-04 07:15:00,117.8,15,73,34.8,0,0,0
2026-09-04 07:20:00,118.0,11,66,41.3,0,0,0
2026-09-04 07:25:00,119.9,5,70,34.0,0,0,0
2026-09-04 07:30:00,117.8,5,73,37.8,0,0,0
2026-09-04 07:35:00,119.5,10,70,35.5,0,0,0
2026-09-04 07:40:00,117.6,4,67,35.5,0,0,0
2026-09-04 07:45:00,114.5,17,69,37.1,0,0,0
2026-09-04 07:50:00,115.4,15,68,36.2,0,0,0
2026-09-04 07:55:00,115.3,11,69,35.6,0,0,0
2026-09-04 08:00:00,115.5,6,68,37.5,0,0,0
2026-09-04 08:05:00,116.3,17,71,32.4,0,0,0
2026-09-04 08:10:00,113.0,8,72,37.7,0,0,0
2026-09-04 08:15:00,112.3,14,69,35.7,0,0,0
2026-09-04 08:20:00,112.5,11,71,33.8,0,0,0
2026-09-04 08:25:00,113.2,3,65,35.3,0,0,0
2026-09-04 08:30:00,113.3,5,71,35.9,0,0,0
2026-09-04 08:35:00,118.4,11,69,36.5,0,0,0
2026-09-04 08:40:00,116.3,4,66,37.3,0,0,0
2026-09-04 08:45:00,119.2,9,69,34.5,0,64,78
2026-09-04 08:50:00,128.4,9,70,35.7,0,0,0
2026-09-04 08:55:00,136.4,6,70,36.5,0,0,0
2026-09-04 09:00:00,140.8,3,72,34.9,0,0,0
2026-09-04 09:05:00,141.5,7,71,35.8,0,0,0
2026-09-04 09:10:00,145.8,6,74,38.3,0,0,0
2026-09-04 09:15:00,147.5,7,74,32.4,0,0,0
2026-09-04 09:20:00,150.2,12,69,35.9,0,0,0
2026-09-04 09:25:00,150.8,5,69,36.5,0,0,0
2026-09-04 09:30:00,151.0,6,69,32.9,0,0,0
2026-09-04 09:35:00,147.8,7,68,34.4,0,0,0
2026-09-04 09:40:00,145.9,4,70,35.0,0,0,0
2026-09-04 09:45:00,145.8,3,71,35.8,0,0,0
2026-09-04 09:50:00,142.8,9,68,35.6,0,0,0
2026-09-04 09:55:00,139.8,12,67,36.6,0,0,0
2026-09-04 10:00:00,139.7,8,70,32.5,0,0,0
2026-09-04 10:05:00,136.4,5,72,34.3,0,0,0
2026-09-04 10:10:00,138.5,4,67,35.2,0,0,0
2026-09-04 10:15:00,135.3,13,68,35.9,0,0,0
2026-09-04 10:20:00,132.8,2,70,35.8,0,0,0
2026-09-04 10:25:00,131.9,11,70,38.9,0,0,0
2026-09-04 10:30:00,130.0,13,70,35.8,0,0,0
2026-09-04 10:35:00,129.6,11,69,37.5,0,0,0
2026-09-04 10:40:00,132.6,14,70,35.0,0,0,0
2026-09-04 10:45:00,132.7,9,70,35.4,0,0,0
2026-09-04 10:50:00,127.1,9,68,37.3,0,0,0
2026-09-04 10:55:00,127.7,2,69,37.5,0,0,0
2026-09-04 11:00:00,126.9,15,73,33.4,0,0,0
2026-09-04 11:05:00,129.3,7,69,37.5,0,0,0
2026-09-04 11:10:00,129.3,8,73,38.0,0,0,0
2026-09-04 11:15:00,129.2,6,69,35.2,0,0,0
2026-09-04 11:20:00,125.8,6,68,32.8,0,0,0
2026-09-04 11:25:00,122.4,12,65,33.3,0,0,0
2026-09-04 11:30:00,120.1,8,69,36.0,0,0,0
2026-09-04 11:35:00,118.5,6,70,35.0,0,0,0
2026-09-04 11:40:00,117.7,12,66,37.3,0,0,0
2026-09-04 11:45:00,117.7,3,68,37.5,0,0,0
2026-09-04 11:50:00,117.4,12,70,35.8,0,0,0
2026-09-04 11:55:00,119.5,9,69,36.9,0,0,0
2026-09-04 12:00:00,117.6,12,72,32.5,0,0,0
2026-09-04 12:05:00,119.0,6,71,35.2,0,0,0
2026-09-04 12:10:00,120.2,13,71,38.7,0,0,0
2026-09-04 12:15:00,122.1,6,67,35.8,0,0,0
2026-09-04 12:20:00,123.0,12,71,37.6,0,0,0
2026-09-04 12:25:00,123.5,7,70,35.6,0,0,0
2026-09-04 12:30:00,123.2,16,68,34.5,0,0,0
2026-09-04 12:35:00,119.0,5,74,34.6,0,0,0
2026-09-04 12:40:00,119.5,1,69,36.7,0,0,0
2026-09-04 12:45:00,119.9,22,67,34.6,0,0,0
2026-09-04 12:50:00,116.4,12,69,36.2,0,0,0
2026-09-04 12:55:00,115.2,4,68,32.6,0,0,0
2026-09-04 13:00:00,114.9,10,70,35.5,0,0,0
2026-09-04 13:05:00,114.3,3,68,38.0,0,0,0
2026-09-04 13:10:00,116.5,8,69,36.8,0,0,0
2026-09-04 13:15:00,117.7,12,71,35.8,0,0,0
2026-09-04 13:20:00,119.5,9,67,36.8,0,0,0
2026-09-04 13:25:00,123.3,17,73,36.2,0,86,70
2026-09-04 13:30:00,137.9,9,76,33.7,0,0,0
2026-09-04 13:35:00,150.2,6,70,32.5,0,0,0
2026-09-04 13:40:00,156.1,8,71,37.0,0,0,0
2026-09-04 13:45:00,162.9,8,73,33.6,0,0,0
2026-09-04 13:50:00,167.4,11,72,38.2,0,0,0
2026-09-04 13:55:00,173.6,6,74,36.0,0,0,0
2026-09-04 14:00:00,171.9,4,69,37.8,0,0,0
2026-09-04 14:05:00,174.4,8,70,35.4,0,0,0
2026-09-04 14:10:00,177.9,10,71,34.5,0,0,0
2026-09-04 14:15:00,179.9,8,69,40.4,0,0,0
2026-09-04 14:20:00,179.3,10,65,37.2,0,0,0
2026-09-04 14:25:00,177.3,11,67,35.4,0,0,0
2026-09-04 14:30:00,175.2,10,73,39.1,0,0,0
2026-09-04 14:35:00,173.6,4,68,39.5,0,0,0
2026-09-04 14:40:00,174.5,4,71,34.2,0,0,0
2026-09-04 14:45:00,174.0,9,72,35.1,0,0,0
2026-09-04 14:50:00,170.6,10,69,39.7,0,0,0
2026-09-04 14:55:00,164.5,7,70,37.9,0,0,0
2026-09-04 15:00:00,161.5,7,67,34.6,0,0,0
2026-09-04 15:05:00,155.2,8,71,37.8,0,0,0
2026-09-04 15:10:00,148.8,11,68,35.7,0,0,0
2026-09-04 15:15:00,147.5,6,66,37.8,0,0,0
2026-09-04 15:20:00,145.2,9,69,33.5,0,0,0
2026-09-04 15:25:00,141.9,9,71,36.2,0,0,0
2026-09-04 15:30:00,141.1,10,71,33.9,0,0,0
2026-09-04 15:35:00,135.9,9,71,35.9,0,0,0
2026-09-04 15:40:00,137.0,15,71,38.7,0,0,0
2026-09-04 15:45:00,134.6,8,68,37.0,0,0,0
2026-09-04 15:50:00,130.6,7,68,35.2,0,0,0
2026-09-04 15:55:00,127.2,9,69,36.9,0,0,0
2026-09-04 16:00:00,126.8,8,68,35.7,0,0,0
2026-09-04 16:05:00,124.9,12,73,37.7,0,0,0
2026-09-04 16:10:00,122.9,16,70,37.3,0,0,0
2026-09-04 16:15:00,118.1,3,68,37.5,0,0,0
2026-09-04 16:20:00,121.0,7,69,36.5,0,0,0
2026-09-04 16:25:00,119.6,8,71,38.2,0,0,0
2026-09-04 16:30:00,121.5,8,71,33.4,0,0,0
2026-09-04 16:35:00,122.1,8,70,33.8,0,0,0
2026-09-04 16:40:00,120.0,6,70,38.0,0,0,0
2026-09-04 16:45:00,118.8,16,72,37.3,0,0,0
2026-09-04 16:50:00,115.8,1,70,37.7,0,0,0
2026-09-04 16:55:00,116.6,6,69,34.9,0,0,0
2026-09-04 17:00:00,114.8,11,72,35.8,0,0,0
2026-09-04 17:05:00,115.5,6,70,33.2,0,0,0
2026-09-04 17:10:00,118.6,11,72,33.3,0,0,0
2026-09-04 17:15:00,116.9,9,72,36.3,0,0,0
2026-09-04 17:20:00,118.1,4,69,34.3,0,0,0
2026-09-04 17:25:00,118.8,4,71,39.3,0,0,0
2026-09-04 17:30:00,117.0,13,69,35.5,0,0,0
2026-09-04 17:35:00,114.7,436,95,35.6,0,0,0
2026-09-04 17:40:00,119.1,432,98,37.5,0,0,0
2026-09-04 17:45:00,119.7,435,99,33.6,0,19,50
2026-09-04 17:50:00,118.9,441,96,38.5,0,0,0
2026-09-04 17:55:00,117.6,9,71,33.5,0,0,0
2026-09-04 18:00:00,119.6,5,72,34.6,0,0,0
2026-09-04 18:05:00,119.1,8,72,35.4,0,0,0
2026-09-04 18:10:00,118.3,5,73,33.4,0,0,0
2026-09-04 18:15:00,121.2,25,69,36.9,0,0,0
2026-09-04 18:20:00,122.6,7,70,37.2,0,0,0
2026-09-04 18:25:00,122.5,16,69,38.7,0,0,0
2026-09-04 18:30:00,119.0,9,71,38.7,0,0,0
2026-09-04 18:35:00,117.1,9,68,33.8,0,0,0
2026-09-04 18:40:00,118.8,8,66,37.4,0,0,0
2026-09-04 18:45:00,118.8,8,69,32.3,0,0,0
2026-09-04 18:50:00,120.9,12,68,36.0,0,0,0
2026-09-04 18:55:00,118.3,7,69,36.0,0,0,0
2026-09-04 19:00:00,115.8,4,71,36.6,0,0,0
2026-09-04 19:05:00,118.2,10,66,34.7,0,0,0
2026-09-04 19:10:00,116.8,8,69,41.2,0,0,0
2026-09-04 19:15:00,120.1,19,71,34.6,0,0,0
2026-09-04 19:20:00,118.9,6,68,37.8,0,0,0
2026-09-04 19:25:00,120.0,5,70,39.3,0,0,0
2026-09-04 19:30:00,121.1,2,69,34.2,0,0,0
2026-09-04 19:35:00,117.4,4,67,33.8,0,0,0
2026-09-04 19:40:00,115.8,10,71,37.9,0,0,0
2026-09-04 19:45:00,113.8,18,68,32.7,0,0,0
2026-09-04 19:50:00,115.0,9,71,35.5,0,0,0
2026-09-04 19:55:00,114.6,8,66,35.6,0,0,0
2026-09-04 20:00:00,112.8,5,71,33.0,0,0,0
2026-09-04 20:05:00,114.6,8,71,34.3,0,0,0
2026-09-04 20:10:00,113.8,12,69,37.4,0,0,0
2026-09-04 20:15:00,112.7,4,69,37.5,0,0,0
2026-09-04 20:20:00,115.5,8,70,36.9,0,0,0
2026-09-04 20:25:00,113.7,3,71,32.4,0,48,50
2026-09-04 20:30:00,119.2,5,70,33.6,0,0,0
2026-09-04 20:35:00,125.9,3,71,33.0,0,0,0
2026-09-04 20:40:00,130.6,7,76,38.1,0,0,0
2026-09-04 20:45:00,129.3,1,71,33.1,0,0,0
2026-09-04 20:50:00,132.3,7,70,38.3,0,0,0
2026-09-04 20:55:00,136.7,10,72,35.4,0,0,0
2026-09-04 21:00:00,138.6,19,71,34.3,0,0,0
2026-09-04 21:05:00,136.6,7,68,35.4,0,0,0
2026-09-04 21:10:00,136.1,11,70,33.1,0,0,0
2026-09-04 21:15:00,141.2,21,68,36.4,0,0,0
2026-09-04 21:20:00,138.5,15,69,40.1,0,0,0
2026-09-04 21:25:00,138.9,9,69,35.5,0,0,0
2026-09-04 21:30:00,133.8,5,68,36.5,0,0,0
2026-09-04 21:35:00,130.0,7,72,34.8,0,0,0
2026-09-04 21:40:00,128.3,7,71,37.9,0,0,0
2026-09-04 21:45:00,127.0,6,69,35.6,0,0,0
2026-09-04 21:50:00,128.6,5,71,33.4,0,0,0
2026-09-04 21:55:00,126.4,11,69,36.4,0,0,0
2026-09-04 22:00:00,124.2,7,71,31.6,0,0,0
2026-09-04 22:05:00,121.8,4,68,36.8,0,0,0
2026-09-04 22:10:00,121.9,9,66,35.0,0,0,0
2026-09-04 22:15:00,121.6,4,69,38.8,0,0,0
2026-09-04 22:20:00,124.1,11,70,37.9,0,0,0
2026-09-04 22:25:00,124.6,5,70,37.3,0,0,0
2026-09-04 22:30:00,124.5,4,70,38.3,0,0,0
2026-09-04 22:35:00,125.2,6,70,34.5,0,0,0
2026-09-04 22:40:00,123.9,6,67,38.1,0,0,0
2026-09-04 22:45:00,124.6,7,70,36.5,0,0,0
2026-09-04 22:50:00,120.3,12,71,35.1,0,0,0
2026-09-04 22:55:00,118.1,12,68,34.5,0,0,0
2026-09-04 23:00:00,120.6,9,71,33.8,0,0,0
2026-09-04 23:05:00,121.6,0,70,33.2,0,0,0
2026-09-04 23:10:00,123.9,10,70,38.3,0,0,0
2026-09-04 23:15:00,128.2,6,72,36.4,0,0,0
2026-09-04 23:20:00,128.1,10,69,37.0,0,0,0
2026-09-04 23:25:00,127.3,8,71,34.6,0,0,0
2026-09-04 23:30:00,126.7,10,72,33.5,0,0,0
2026-09-04 23:35:00,127.7,3,71,38.1,0,0,0
2026-09-04 23:40:00,127.9,6,71,34.7,0,0,0
2026-09-04 23:45:00,127.2,10,71,32.3,0,0,0
2026-09-04 23:50:00,126.0,19,74,34.8,0,0,0
2026-09-04 23:55:00,126.7,9,71,35.4,0,0,0
2026-09-05 00:00:00,132.7,9,72,35.5,0,0,0
2026-09-05 00:05:00,131.0,6,69,39.1,0,0,0
2026-09-05 00:10:00,129.1,3,70,36.3,0,0,0
2026-09-05 00:15:00,127.9,6,66,35.6,0,0,0
2026-09-05 00:20:00,131.8,5,68,32.0,0,0,0
2026-09-05 00:25:00,126.0,3,68,39.0,0,0,0
2026-09-05 00:30:00,124.3,8,67,39.4,0,0,0
2026-09-05 00:35:00,122.1,4,68,38.0,0,0,0
2026-09-05 00:40:00,121.0,4,69,37.7,0,0,0
2026-09-05 00:45:00,116.5,8,71,39.1,0,0,0
2026-09-05 00:50:00,116.6,10,70,35.0,0,0,0
2026-09-05 00:55:00,114.7,9,73,39.8,0,0,0
2026-09-05 01:00:00,118.3,4,71,36.6,0,0,0
2026-09-05 01:05:00,118.6,3,67,34.4,0,0,0
2026-09-05 01:10:00,119.8,4,73,37.9,0,0,0
2026-09-05 01:15:00,122.5,16,69,31.9,0,0,0
2026-09-05 01:20:00,125.6,5,70,34.5,0,0,0
2026-09-05 01:25:00,125.9,6,69,34.0,0,0,0
2026-09-05 01:30:00,126.3,5,69,38.0,0,0,0
2026-09-05 01:35:00,127.8,11,72,35.8,0,0,0
2026-09-05 01:40:00,124.4,29,72,35.0,0,0,0
2026-09-05 01:45:00,122.8,10,66,35.7,0,0,0
2026-09-05 01:50:00,121.3,8,70,32.0,0,0,0
2026-09-05 01:55:00,123.4,5,71,28.6,0,0,0
2026-09-05 02:00:00,123.9,8,70,35.8,0,0,0
2026-09-05 02:05:00,123.2,4,64,35.7,0,0,0
2026-09-05 02:10:00,123.6,8,70,33.4,0,0,0
2026-09-05 02:15:00,121.3,14,69,39.1,0,0,0
2026-09-05 02:20:00,120.5,0,60,57.7,1,0,0
2026-09-05 02:25:00,119.1,0,61,58.0,1,0,0
2026-09-05 02:30:00,123.2,0,61,56.7,1,0,0
2026-09-05 02:35:00,125.5,2,63,56.0,1,0,0
2026-09-05 02:40:00,122.0,1,58,56.2,1,0,0
2026-09-05 02:45:00,120.6,0,61,57.7,1,0,0
2026-09-05 02:50:00,121.6,0,59,56.3,1,0,0
2026-09-05 02:55:00,127.0,0,60,61.9,1,0,0
2026-09-05 03:00:00,126.0,0,63,54.3,1,0,0
2026-09-05 03:05:00,128.3,0,62,58.7,1,0,0
2026-09-05 03:10:00,124.2,1,62,57.7,1,0,0
2026-09-05 03:15:00,124.5,0,60,56.0,1,0,0
2026-09-05 03:20:00,124.6,0,65,61.1,1,0,0
2026-09-05 03:25:00,125.1,0,61,57.6,1,0,0
2026-09-05 03:30:00,121.3,0,60,54.5,1,0,0
2026-09-05 03:35:00,121.8,0,60,58.4,1,0,0
2026-09-05 03:40:00,120.7,0,58,53.2,1,0,0
2026-09-05 03:45:00,118.3,0,58,57.4,1,0,0
2026-09-05 03:50:00,119.6,0,61,56.7,1,0,0
2026-09-05 03:55:00,119.2,0,60,59.1,1,0,0
2026-09-05 04:00:00,119.1,0,61,58.2,1,0,0
2026-09-05 04:05:00,117.2,0,62,57.0,1,0,0
2026-09-05 04:10:00,115.8,0,61,56.0,1,0,0
2026-09-05 04:15:00,114.6,1,60,56.1,1,0,0
2026-09-05 04:20:00,115.8,0,63,56.0,1,0,0
2026-09-05 04:25:00,118.4,0,59,59.1,1,0,0
2026-09-05 04:30:00,117.7,1,62,61.6,1,0,0
2026-09-05 04:35:00,117.1,0,62,56.7,1,0,0
2026-09-05 04:40:00,118.9,1,59,58.0,1,0,0
2026-09-05 04:45:00,117.4,0,61,55.8,1,0,0
2026-09-05 04:50:00,120.0,0,60,57.7,1,0,0
2026-09-05 04:55:00,124.3,0,61,61.0,1,0,0
2026-09-05 05:00:00,124.6,0,60,58.9,1,0,0
2026-09-05 05:05:00,125.9,0,65,55.1,1,0,0
2026-09-05 05:10:00,125.6,1,62,57.6,1,0,0
2026-09-05 05:15:00,123.5,0,60,57.5,1,0,0
2026-09-05 05:20:00,125.4,1,60,55.1,1,0,0
2026-09-05 05:25:00,124.1,0,63,55.9,1,0,0
2026-09-05 05:30:00,123.2,1,63,60.0,1,0,0
2026-09-05 05:35:00,122.0,0,61,60.0,1,0,0
2026-09-05 05:40:00,124.1,1,61,58.1,1,0,0
2026-09-05 05:45:00,128.5,1,63,57.8,1,0,0
2026-09-05 05:50:00,131.1,0,60,54.6,1,0,0
2026-09-05 05:55:00,132.9,1,64,59.1,1,0,0
2026-09-05 06:00:00,134.8,0,62,57.8,1,0,0
2026-09-05 06:05:00,131.7,0,59,57.3,1,0,0
2026-09-05 06:10:00,128.6,0,62,58.1,1,0,0
2026-09-05 06:15:00,130.3,0,63,57.3,1,0,0
2026-09-05 06:20:00,130.9,0,61,56.9,1,0,0
2026-09-05 06:25:00,130.2,0,61,60.0,1,0,0
2026-09-05 06:30:00,129.6,0,73,38.1,0,0,0
2026-09-05 06:35:00,133.7,13,69,34.0,0,0,0
2026-09-05 06:40:00,129.7,3,66,35.5,0,0,0
2026-09-05 06:45:00,128.5,6,71,36.1,0,0,0
2026-09-05 06:50:00,130.4,11,67,36.2,0,0,0
2026-09-05 06:55:00,127.7,9,72,35.7,0,0,0
2026-09-05 07:00:00,129.5,17,68,35.8,0,0,0
2026-09-05 07:05:00,129.9,22,69,36.6,0,0,0
2026-09-05 07:10:00,126.2,4,70,36.1,0,0,0
2026-09-05 07:15:00,126.9,10,71,36.5,0,0,0
2026-09-05 07:20:00,127.7,13,72,35.4,0,0,0
2026-09-05 07:25:00,129.4,5,70,36.0,0,0,0
2026-09-05 07:30:00,127.9,6,65,34.7,0,0,0
2026-09-05 07:35:00,126.1,7,71,37.2,0,0,0
2026-09-05 07:40:00,125.1,6,68,33.3,0,0,0
2026-09-05 07:45:00,126.5,3,69,33.3,0,0,0
2026-09-05 07:50:00,126.4,7,71,31.9,0,0,0
2026-09-05 07:55:00,129.2,5,70,35.5,0,47,70
2026-09-05 08:00:00,135.4,13,71,37.0,0,0,0
2026-09-05 08:05:00,139.3,9,74,36.1,0,0,0
2026-09-05 08:10:00,142.8,12,72,36.8,0,0,0
2026-09-05 08:15:00,141.6,15,73,34.3,0,0,0
2026-09-05 08:20:00,147.5,11,69,40.2,0,0,0
2026-09-05 08:25:00,151.7,9,73,32.6,0,0,0
2026-09-05 08:30:00,156.7,13,69,34.8,0,0,0
2026-09-05 08:35:00,155.6,8,71,32.7,0,0,0
2026-09-05 08:40:00,153.8,7,70,34.5,0,0,0
2026-09-05 08:45:00,153.3,7,68,33.2,0,0,0
2026-09-05 08:50:00,154.5,14,69,35.4,0,0,0
2026-09-05 08:55:00,151.5,19,73,37.0,0,0,0
2026-09-05 09:00:00,147.5,10,70,32.6,0,0,0
2026-09-05 09:05:00,144.0,8,70,35.3,0,0,0
2026-09-05 09:10:00,141.9,7,71,35.8,0,0,0
2026-09-05 09:15:00,139.7,9,70,34.2,0,0,0
2026-09-05 09:20:00,139.2,4,69,35.5,0,0,0
2026-09-05 09:25:00,134.5,6,69,33.6,0,0,0
2026-09-05 09:30:00,133.6,6,67,31.7,0,0,0
2026-09-05 09:35:00,135.3,6,68,35.1,0,0,0
2026-09-05 09:40:00,133.8,11,71,37.7,0,0,0
2026-09-05 09:45:00,132.4,4,70,34.2,0,0,0
2026-09-05 09:50:00,129.2,10,67,35.6,0,0,0
2026-09-05 09:55:00,132.3,10,66,34.9,0,0,0
2026-09-05 10:00:00,134.9,4,71,35.9,0,0,0
2026-09-05 10:05:00,133.5,13,71,38.2,0,0,0
2026-09-05 10:10:00,130.1,4,69,37.4,0,0,0
2026-09-05 10:15:00,128.2,12,69,31.8,0,0,0
2026-09-05 10:20:00,125.8,11,69,33.5,0,0,0
2026-09-05 10:25:00,124.4,9,70,34.4,0,0,0
2026-09-05 10:30:00,121.5,5,64,35.5,0,0,0
2026-09-05 10:35:00,124.4,15,69,37.5,0,0,0
2026-09-05 10:40:00,123.6,22,71,35.2,0,0,0
2026-09-05 10:45:00,122.9,8,72,35.1,0,0,0
2026-09-05 10:50:00,122.8,5,73,35.5,0,0,0
2026-09-05 10:55:00,122.5,3,71,32.9,0,0,0
2026-09-05 11:00:00,124.2,15,71,33.9,0,0,0
2026-09-05 11:05:00,126.4,13,71,32.2,0,0,0
2026-09-05 11:10:00,129.0,2,68,33.8,0,0,0
2026-09-05 11:15:00,129.4,9,66,32.5,0,0,0
2026-09-05 11:20:00,128.4,6,69,37.6,0,0,0
2026-09-05 11:25:00,126.8,4,69,37.2,0,0,0
2026-09-05 11:30:00,129.6,16,68,34.8,0,0,0
2026-09-05 11:35:00,126.9,11,68,32.7,0,0,0
2026-09-05 11:40:00,123.3,7,68,37.4,0,0,0
2026-09-05 11:45:00,123.3,14,74,35.5,0,0,0
2026-09-05 11:50:00,124.3,6,72,33.8,0,0,0
2026-09-05 11:55:00,122.1,1,71,33.0,0,0,0
2026-09-05 12:00:00,125.1,5,71,37.8,0,0,0
2026-09-05 12:05:00,120.8,7,70,34.6,0,0,0
2026-09-05 12:10:00,121.4,8,71,31.2,0,0,0
2026-09-05 12:15:00,121.1,8,71,37.1,0,0,0
2026-09-05 12:20:00,120.7,10,71,34.0,0,0,0
2026-09-05 12:25:00,122.0,2,70,34.3,0,0,0
2026-09-05 12:30:00,126.6,5,68,32.5,0,0,0
2026-09-05 12:35:00,127.3,9,70,34.2,0,0,0
2026-09-05 12:40:00,125.9,10,72,37.7,0,0,0
2026-09-05 12:45:00,122.9,10,69,35.8,0,0,0
2026-09-05 12:50:00,121.4,13,68,37.6,0,0,0
2026-09-05 12:55:00,122.7,9,68,35.0,0,0,0
2026-09-05 13:00:00,124.8,14,69,36.0,0,0,0
2026-09-05 13:05:00,126.6,15,70,36.1,0,0,0
2026-09-05 13:10:00,125.0,3,70,33.2,0,0,0
2026-09-05 13:15:00,124.5,3,67,39.1,0,0,0
2026-09-05 13:20:00,125.9,7,66,32.8,0,0,0
2026-09-05 13:25:00,125.3,11,70,35.4,0,0,0
2026-09-05 13:30:00,123.3,3,70,34.9,0,0,0
2026-09-05 13:35:00,120.5,11,70,34.4,0,0,0
2026-09-05 13:40:00,119.8,10,69,37.9,0,0,0
2026-09-05 13:45:00,122.3,9,68,32.6,0,0,0
2026-09-05 13:50:00,123.6,4,68,36.1,0,0,0
2026-09-05 13:55:00,125.5,8,69,34.0,0,0,0
2026-09-05 14:00:00,123.4,12,70,33.8,0,0,0
2026-09-05 14:05:00,121.5,7,71,36.5,0,0,0
2026-09-05 14:10:00,121.2,7,68,34.9,0,0,0
2026-09-05 14:15:00,121.5,6,73,34.6,0,0,0
2026-09-05 14:20:00,121.7,5,65,33.4,0,0,0
2026-09-05 14:25:00,122.8,2,68,33.6,0,0,0
2026-09-05 14:30:00,124.3,11,69,36.1,0,0,0
2026-09-05 14:35:00,124.2,6,71,37.3,0,0,0
2026-09-05 14:40:00,121.2,2,65,34.9,0,0,0
2026-09-05 14:45:00,123.2,7,73,36.3,0,0,0
2026-09-05 14:50:00,120.9,1,69,36.4,0,0,0
2026-09-05 14:55:00,121.6,14,72,33.7,0,0,0
2026-09-05 15:00:00,119.7,5,69,37.7,0,0,0
2026-09-05 15:05:00,119.6,6,69,35.9,0,0,0
2026-09-05 15:10:00,117.7,9,72,34.5,0,0,0
2026-09-05 15:15:00,116.7,5,71,37.8,0,0,0
2026-09-05 15:20:00,118.6,5,67,32.0,0,0,0
2026-09-05 15:25:00,115.4,12,69,33.3,0,0,0
2026-09-05 15:30:00,115.5,5,72,35.6,0,0,0
2026-09-05 15:35:00,115.4,13,64,35.5,0,0,0
2026-09-05 15:40:00,118.9,5,66,36.5,0,0,0
2026-09-05 15:45:00,122.0,18,72,29.5,0,0,0
2026-09-05 15:50:00,118.8,8,71,35.4,0,0,0
2026-09-05 15:55:00,117.6,10,70,33.8,0,0,0
2026-09-05 16:00:00,118.8,4,72,34.0,0,0,0
2026-09-05 16:05:00,120.0,7,71,39.6,0,0,0
2026-09-05 16:10:00,119.3,11,69,33.9,0,0,0
2026-09-05 16:15:00,121.3,8,69,37.1,0,0,0
2026-09-05 16:20:00,124.1,5,69,35.2,0,0,0
2026-09-05 16:25:00,123.6,6,70,36.1,0,0,0
2026-09-05 16:30:00,123.7,9,70,36.0,0,0,0
2026-09-05 16:35:00,123.1,1,74,35.5,0,0,0
2026-09-05 16:40:00,124.4,10,66,35.8,0,0,0
2026-09-05 16:45:00,124.0,9,69,34.1,0,0,0
2026-09-05 16:50:00,123.1,11,74,35.3,0,0,0
2026-09-05 16:55:00,122.9,407,95,32.7,0,0,0
2026-09-05 17:00:00,119.0,413,96,33.1,0,0,0
2026-09-05 17:05:00,117.4,409,94,34.0,0,0,0
2026-09-05 17:10:00,115.1,408,93,37.4,0,0,0
2026-09-05 17:15:00,117.5,6,70,31.5,0,0,0
2026-09-05 17:20:00,119.8,6,73,33.3,0,22,50
2026-09-05 17:25:00,122.4,8,73,34.8,0,0,0
2026-09-05 17:30:00,122.8,5,75,32.5,0,0,0
2026-09-05 17:35:00,122.8,17,76,36.5,0,0,0
2026-09-05 17:40:00,125.2,7,73,35.0,0,0,0
2026-09-05 17:45:00,126.5,4,69,32.1,0,0,0
2026-09-05 17:50:00,126.0,10,71,33.4,0,0,0
2026-09-05 17:55:00,126.5,12,65,33.6,0,0,0
2026-09-05 18:00:00,126.0,12,70,35.3,0,0,0
2026-09-05 18:05:00,126.1,12,69,34.8,0,0,0
2026-09-05 18:10:00,123.0,5,68,33.5,0,0,0
2026-09-05 18:15:00,122.5,10,70,37.9,0,0,0
2026-09-05 18:20:00,122.8,5,72,34.9,0,0,0
2026-09-05 18:25:00,122.8,12,70,34.7,0,0,0
2026-09-05 18:30:00,121.5,15,69,34.6,0,0,0
2026-09-05 18:35:00,122.1,6,70,36.2,0,0,0
2026-09-05 18:40:00,122.3,8,71,36.3,0,0,0
2026-09-05 18:45:00,123.9,2,66,35.9,0,0,0
2026-09-05 18:50:00,122.6,14,71,35.3,0,0,0
2026-09-05 18:55:00,121.6,7,69,35.5,0,0,0
2026-09-05 19:00:00,124.5,8,72,36.4,0,0,0
2026-09-05 19:05:00,122.9,10,71,35.2,0,0,0
2026-09-05 19:10:00,120.0,12,72,32.1,0,0,0
2026-09-05 19:15:00,116.8,19,68,38.2,0,0,0
2026-09-05 19:20:00,118.3,15,65,33.1,0,0,0
2026-09-05 19:25:00,116.5,20,71,35.9,0,0,0
2026-09-05 19:30:00,119.1,8,74,32.8,0,0,0
2026-09-05 19:35:00,121.0,10,69,32.5,0,0,0
2026-09-05 19:40:00,120.6,6,69,34.7,0,0,0
2026-09-05 19:45:00,117.9,10,71,36.8,0,0,0
2026-09-05 19:50:00,116.7,20,70,33.3,0,0,0
2026-09-05 19:55:00,115.7,1,72,34.4,0,0,0
2026-09-05 20:00:00,114.3,7,66,33.9,0,0,0
2026-09-05 20:05:00,116.0,3,71,34.6,0,0,0
2026-09-05 20:10:00,117.1,8,68,34.3,0,0,0
2026-09-05 20:15:00,118.1,6,71,36.3,0,0,0
2026-09-05 20:20:00,115.1,5,75,34.0,0,0,0
2026-09-05 20:25:00,117.7,14,67,36.7,0,0,0
2026-09-05 20:30:00,120.1,4,71,37.3,0,0,0
2026-09-05 20:35:00,123.3,7,70,33.9,0,0,0
2026-09-05 20:40:00,120.5,9,70,33.5,0,0,0
2026-09-05 20:45:00,118.8,7,70,38.5,0,0,0
2026-09-05 20:50:00,117.9,18,68,34.7,0,0,0
2026-09-05 20:55:00,117.8,7,70,38.3,0,0,0
2026-09-05 21:00:00,115.3,4,70,34.5,0,0,0
2026-09-05 21:05:00,113.4,9,73,32.1,0,95,70
2026-09-05 21:10:00,132.7,19,73,37.5,0,0,0
2026-09-05 21:15:00,147.3,12,70,37.9,0,0,0
2026-09-05 21:20:00,157.9,17,74,36.4,0,0,0
2026-09-05 21:25:00,163.9,6,68,36.2,0,0,0
2026-09-05 21:30:00,167.1,3,74,34.5,0,0,0
2026-09-05 21:35:00,170.1,11,72,34.7,0,0,0
2026-09-05 21:40:00,173.2,7,71,37.5,0,0,0
2026-09-05 21:45:00,177.3,8,69,36.2,0,0,0
2026-09-05 21:50:00,177.9,8,71,37.1,0,0,0
2026-09-05 21:55:00,178.5,17,73,36.2,0,0,0
2026-09-05 22:00:00,175.9,14,68,37.2,0,0,0
2026-09-05 22:05:00,170.7,12,68,36.5,0,0,0
2026-09-05 22:10:00,169.4,6,70,35.2,0,0,0
2026-09-05 22:15:00,165.2,18,71,30.9,0,0,0
2026-09-05 22:20:00,161.5,1,68,37.2,0,0,0
2026-09-05 22:25:00,161.2,7,69,37.0,0,0,0
2026-09-05 22:30:00,159.6,13,67,36.1,0,0,0
2026-09-05 22:35:00,157.7,16,69,31.2,0,0,0
2026-09-05 22:40:00,154.3,6,69,32.7,0,0,0
2026-09-05 22:45:00,154.9,17,71,34.8,0,0,0
2026-09-05 22:50:00,149.3,6,67,34.4,0,0,0
2026-09-05 22:55:00,150.2,6,69,32.5,0,0,0
2026-09-05 23:00:00,149.7,4,69,36.1,0,0,0
2026-09-05 23:05:00,150.4,3,69,36.5,0,0,0
2026-09-05 23:10:00,151.3,8,68,37.7,0,0,0
2026-09-05 23:15:00,149.2,4,68,30.8,0,0,0
2026-09-05 23:20:00,149.9,9,71,34.7,0,0,0
2026-09-05 23:25:00,145.4,6,68,35.2,0,0,0
2026-09-05 23:30:00,144.3,10,71,35.2,0,0,0
2026-09-05 23:35:00,145.6,10,69,34.7,0,0,0
2026-09-05 23:40:00,143.9,10,70,35.7,0,0,0
2026-09-05 23:45:00,141.6,8,69,35.0,0,0,0
2026-09-05 23:50:00,138.9,9,70,37.0,0,0,0
2026-09-05 23:55:00,137.2,11,70,36.1,0,0,0
2026-09-06 00:00:00,139.3,6,68,32.8,0,0,0
2026-09-06 00:05:00,139.1,6,69,36.7,0,0,0
2026-09-06 00:10:00,138.8,10,71,34.7,0,0,0
2026-09-06 00:15:00,137.4,13,70,34.1,0,0,0
2026-09-06 00:20:00,138.3,7,69,34.0,0,0,0
2026-09-06 00:25:00,134.4,0,63,56.2,1,0,0
2026-09-06 00:30:00,133.6,0,59,56.8,1,0,0
2026-09-06 00:35:00,133.0,0,64,57.9,1,0,0
2026-09-06 00:40:00,130.0,1,60,55.6,1,0,0
2026-09-06 00:45:00,130.6,0,63,58.5,1,0,0
2026-09-06 00:50:00,128.6,0,64,55.1,1,0,0
2026-09-06 00:55:00,126.4,1,60,56.2,1,0,0
2026-09-06 01:00:00,125.8,1,61,56.7,1,0,0
2026-09-06 01:05:00,121.3,1,61,56.2,1,0,0
2026-09-06 01:10:00,122.1,2,62,58.1,1,0,0
2026-09-06 01:15:00,121.4,0,66,57.6,1,0,0
2026-09-06 01:20:00,117.3,1,60,52.4,1,0,0
2026-09-06 01:25:00,119.8,1,57,55.2,1,0,0
2026-09-06 01:30:00,119.6,2,62,56.5,1,0,0
2026-09-06 01:35:00,121.9,1,66,52.4,1,0,0
2026-09-06 01:40:00,124.2,0,58,56.9,1,0,0
2026-09-06 01:45:00,122.1,1,64,56.0,1,0,0
2026-09-06 01:50:00,122.0,1,60,55.1,1,0,0
2026-09-06 01:55:00,120.9,0,62,55.9,1,0,0
2026-09-06 02:00:00,121.6,1,60,55.9,1,0,0
2026-09-06 02:05:00,126.2,0,62,49.6,1,0,0
2026-09-06 02:10:00,128.8,0,62,58.1,1,0,0
2026-09-06 02:15:00,127.6,0,61,56.8,1,0,0
2026-09-06 02:20:00,125.0,0,59,61.2,1,0,0
2026-09-06 02:25:00,123.4,1,62,52.7,1,0,0
2026-09-06 02:30:00,124.9,0,59,56.2,1,0,0
2026-09-06 02:35:00,120.5,0,62,55.2,1,0,0
2026-09-06 02:40:00,121.8,0,58,54.6,1,0,0
2026-09-06 02:45:00,121.5,0,61,57.7,1,0,0
2026-09-06 02:50:00,121.2,0,63,57.0,1,0,0
2026-09-06 02:55:00,122.1,0,65,58.4,1,0,0
2026-09-06 03:00:00,122.3,0,58,57.7,1,0,0
2026-09-06 03:05:00,119.9,0,61,57.2,1,0,0
2026-09-06 03:10:00,119.4,0,62,53.1,1,0,0
2026-09-06 03:15:00,122.3,0,64,57.4,1,0,0
2026-09-06 03:20:00,117.8,0,61,53.8,1,0,0
2026-09-06 03:25:00,117.5,0,60,57.4,1,0,0
2026-09-06 03:30:00,120.1,0,61,55.2,1,0,0
2026-09-06 03:35:00,118.2,1,62,55.6,1,0,0
2026-09-06 03:40:00,114.0,1,61,54.9,1,0,0
2026-09-06 03:45:00,115.2,0,61,55.2,1,0,0
2026-09-06 03:50:00,116.3,0,58,57.2,1,0,0
2026-09-06 03:55:00,116.5,0,62,55.9,1,0,0
2026-09-06 04:00:00,113.8,0,60,54.5,1,0,0
2026-09-06 04:05:00,114.1,0,61,58.7,1,0,0
2026-09-06 04:10:00,114.9,0,62,59.9,1,0,0
2026-09-06 04:15:00,115.2,0,59,57.0,1,0,0
2026-09-06 04:20:00,117.6,0,63,56.5,1,0,0
2026-09-06 04:25:00,114.8,1,61,55.0,1,0,0
2026-09-06 04:30:00,113.9,0,60,58.9,1,0,0
2026-09-06 04:35:00,113.9,0,61,51.2,1,0,0
2026-09-06 04:40:00,116.4,0,62,53.8,1,0,0
2026-09-06 04:45:00,117.9,2,62,53.2,1,0,0
2026-09-06 04:50:00,115.6,0,63,57.6,1,0,0
2026-09-06 04:55:00,118.3,0,54,57.8,1,0,0
2026-09-06 05:00:00,120.9,0,60,57.3,1,0,0
2026-09-06 05:05:00,122.0,1,63,54.9,1,0,0
2026-09-06 05:10:00,123.4,0,61,57.1,1,0,0
2026-09-06 05:15:00,121.5,1,61,57.7,1,0,0
2026-09-06 05:20:00,124.8,0,57,56.5,1,0,0
2026-09-06 05:25:00,127.0,0,62,52.5,1,0,0
2026-09-06 05:30:00,127.5,1,60,54.6,1,0,0
2026-09-06 05:35:00,129.1,1,62,56.8,1,0,0
2026-09-06 05:40:00,129.0,0,59,57.3,1,0,0
2026-09-06 05:45:00,130.0,0,62,56.7,1,0,0
2026-09-06 05:50:00,132.1,1,63,55.7,1,0,0
2026-09-06 05:55:00,135.4,0,57,58.8,1,0,0
2026-09-06 06:00:00,137.4,0,65,51.8,1,0,0
2026-09-06 06:05:00,134.9,0,62,54.3,1,0,0
2026-09-06 06:10:00,131.7,0,64,54.7,1,0,0
2026-09-06 06:15:00,131.9,0,60,57.0,1,0,0
2026-09-06 06:20:00,133.2,0,61,54.8,1,0,0
2026-09-06 06:25:00,134.4,9,69,33.3,0,0,0
2026-09-06 06:30:00,129.1,9,73,31.6,0,0,0
2026-09-06 06:35:00,129.2,21,67,35.4,0,0,0
2026-09-06 06:40:00,128.3,7,67,37.1,0,0,0
2026-09-06 06:45:00,129.0,9,66,31.7,0,0,0
2026-09-06 06:50:00,127.1,5,70,35.5,0,0,0
2026-09-06 06:55:00,123.6,5,70,34.0,0,0,0
2026-09-06 07:00:00,122.2,8,68,33.0,0,0,0
2026-09-06 07:05:00,122.8,8,69,33.3,0,0,0
2026-09-06 07:10:00,124.2,13,71,36.8,0,0,0
2026-09-06 07:15:00,121.5,9,68,31.8,0,0,0
2026-09-06 07:20:00,124.1,7,68,34.1,0,0,0
2026-09-06 07:25:00,125.1,13,69,33.5,0,0,0
2026-09-06 07:30:00,123.9,22,77,35.2,0,0,0
2026-09-06 07:35:00,122.0,8,69,34.9,0,0,0
2026-09-06 07:40:00,118.8,14,70,33.7,0,53,70
2026-09-06 07:45:00,127.4,5,72,39.8,0,0,0
2026-09-06 07:50:00,136.5,12,74,33.4,0,0,0
2026-09-06 07:55:00,138.5,7,73,35.9,0,0,0
2026-09-06 08:00:00,143.8,16,73,36.0,0,0,0
2026-09-06 08:05:00,145.1,3,72,36.1,0,0,0
2026-09-06 08:10:00,151.2,6,70,35.2,0,0,0
2026-09-06 08:15:00,150.6,1,69,31.9,0,0,0
2026-09-06 08:20:00,149.3,2,72,33.6,0,0,0
2026-09-06 08:25:00,150.1,13,69,34.9,0,0,0
2026-09-06 08:30:00,148.2,7,69,37.7,0,0,0
2026-09-06 08:35:00,149.2,14,68,35.9,0,0,0
2026-09-06 08:40:00,147.8,4,68,32.1,0,0,0
2026-09-06 08:45:00,147.5,12,68,32.2,0,0,0
2026-09-06 08:50:00,143.9,10,72,36.8,0,0,0
2026-09-06 08:55:00,141.6,24,67,35.4,0,0,0
2026-09-06 09:00:00,139.9,13,68,30.8,0,0,0
2026-09-06 09:05:00,136.7,7,70,37.7,0,0,0
2026-09-06 09:10:00,134.9,10,71,31.3,0,0,0
2026-09-06 09:15:00,133.2,20,73,38.6,0,0,0
2026-09-06 09:20:00,133.4,6,69,33.4,0,0,0
2026-09-06 09:25:00,134.7,8,71,36.7,0,0,0
2026-09-06 09:30:00,136.5,19,72,36.9,0,0,0
2026-09-06 09:35:00,131.5,14,71,31.1,0,0,0
2026-09-06 09:40:00,131.2,5,69,35.7,0,0,0
2026-09-06 09:45:00,127.4,4,69,37.7,0,0,0
2026-09-06 09:50:00,124.4,2,65,32.8,0,0,0
2026-09-06 09:55:00,122.8,6,72,35.6,0,0,0
2026-09-06 10:00:00,124.0,5,66,35.2,0,0,0
2026-09-06 10:05:00,124.7,2,69,31.7,0,0,0
2026-09-06 10:10:00,122.0,18,71,37.0,0,0,0
2026-09-06 10:15:00,125.5,9,69,33.4,0,0,0
2026-09-06 10:20:00,124.4,8,71,34.0,0,0,0
2026-09-06 10:25:00,125.1,4,70,31.2,0,0,0
2026-09-06 10:30:00,121.9,9,69,37.9,0,0,0
2026-09-06 10:35:00,122.9,9,69,33.2,0,0,0
2026-09-06 10:40:00,121.4,7,71,36.1,0,0,0
2026-09-06 10:45:00,122.3,14,71,34.9,0,0,0
2026-09-06 10:50:00,121.9,11,71,32.7,0,0,0
2026-09-06 10:55:00,122.8,4,70,34.9,0,0,0
2026-09-06 11:00:00,121.5,23,70,34.6,0,0,0
2026-09-06 11:05:00,121.0,11,69,34.9,0,0,0
2026-09-06 11:10:00,122.5,2,69,33.1,0,0,0
2026-09-06 11:15:00,126.4,4,68,34.8,0,0,0
2026-09-06 11:20:00,126.7,8,71,38.6,0,0,0
2026-09-06 11:25:00,128.3,10,70,36.2,0,0,0
2026-09-06 11:30:00,128.5,12,68,34.6,0,0,0
2026-09-06 11:35:00,123.8,21,72,36.6,0,0,0
2026-09-06 11:40:00,127.5,5,71,32.6,0,0,0
2026-09-06 11:45:00,128.7,4,69,37.0,0,0,0
2026-09-06 11:50:00,124.2,4,71,34.6,0,0,0
2026-09-06 11:55:00,123.2,14,68,34.7,0,0,0
2026-09-06 12:00:00,123.7,17,71,34.8,0,0,0
2026-09-06 12:05:00,126.5,11,69,32.2,0,0,0
2026-09-06 12:10:00,123.7,5,71,35.9,0,0,0
2026-09-06 12:15:00,124.5,13,68,30.6,0,0,0
2026-09-06 12:20:00,124.1,13,65,32.8,0,0,0
2026-09-06 12:25:00,121.0,15,70,36.4,0,0,0
2026-09-06 12:30:00,118.2,6,68,36.9,0,0,0
2026-09-06 12:35:00,117.8,12,69,34.8,0,0,0
2026-09-06 12:40:00,116.9,9,68,33.8,0,0,0
2026-09-06 12:45:00,118.6,6,72,31.1,0,0,0
2026-09-06 12:50:00,122.4,5,70,36.8,0,0,0
2026-09-06 12:55:00,121.3,8,66,33.7,0,0,0
2026-09-06 13:00:00,122.8,6,70,36.7,0,0,0
2026-09-06 13:05:00,121.9,7,70,32.3,0,0,0
2026-09-06 13:10:00,122.4,5,71,37.6,0,0,0
2026-09-06 13:15:00,123.4,9,73,34.7,0,0,0
2026-09-06 13:20:00,121.0,13,72,32.8,0,0,0
2026-09-06 13:25:00,118.8,16,73,32.1,0,0,0
2026-09-06 13:30:00,117.1,15,73,37.8,0,0,0
2026-09-06 13:35:00,116.9,3,68,34.9,0,0,0
2026-09-06 13:40:00,120.2,5,70,34.2,0,0,0
2026-09-06 13:45:00,120.6,10,71,35.6,0,94,75
2026-09-06 13:50:00,131.7,6,71,34.3,0,0,0
2026-09-06 13:55:00,145.4,8,72,34.2,0,0,0
2026-09-06 14:00:00,157.0,10,69,35.9,0,0,0
2026-09-06 14:05:00,165.5,2,72,32.6,0,0,0
2026-09-06 14:10:00,173.9,24,72,33.8,0,0,0
2026-09-06 14:15:00,176.2,18,70,36.2,0,0,0
2026-09-06 14:20:00,179.4,16,69,34.6,0,0,0
2026-09-06 14:25:00,178.8,12,69,33.2,0,0,0
2026-09-06 14:30:00,180.3,7,69,33.7,0,0,0
2026-09-06 14:35:00,181.4,9,68,33.9,0,0,0
2026-09-06 14:40:00,186.4,8,72,31.6,0,0,0
2026-09-06 14:45:00,183.5,10,71,36.0,0,0,0
2026-09-06 14:50:00,184.0,4,67,34.9,0,0,0
2026-09-06 14:55:00,185.4,8,67,34.4,0,0,0
2026-09-06 15:00:00,180.3,14,69,37.7,0,0,0
2026-09-06 15:05:00,173.6,4,68,33.0,0,0,0
2026-09-06 15:10:00,170.2,6,69,37.2,0,0,0
2026-09-06 15:15:00,165.2,15,70,35.0,0,0,0
2026-09-06 15:20:00,162.2,8,66,39.2,0,0,0
2026-09-06 15:25:00,159.0,9,72,34.8,0,0,0
2026-09-06 15:30:00,157.4,5,72,35.8,0,0,0
2026-09-06 15:35:00,154.9,20,73,32.7,0,0,0
2026-09-06 15:40:00,153.8,12,69,35.6,0,0,0
2026-09-06 15:45:00,149.3,13,72,38.8,0,0,0
2026-09-06 15:50:00,143.4,4,70,36.9,0,0,0
2026-09-06 15:55:00,142.5,6,68,38.9,0,0,0
2026-09-06 16:00:00,137.5,10,69,34.2,0,0,0
2026-09-06 16:05:00,135.5,9,69,35.4,0,0,0
2026-09-06 16:10:00,133.7,6,69,35.5,0,0,0
2026-09-06 16:15:00,130.2,14,65,34.9,0,0,0
2026-09-06 16:20:00,130.5,17,68,34.4,0,0,0
2026-09-06 16:25:00,133.9,4,67,37.0,0,0,0
2026-09-06 16:30:00,132.3,7,69,32.8,0,0,0
2026-09-06 16:35:00,128.1,7,72,35.7,0,0,0
2026-09-06 16:40:00,128.4,13,69,39.6,0,0,0
2026-09-06 16:45:00,127.7,8,75,36.4,0,31,60
2026-09-06 16:50:00,131.1,31,78,32.3,0,0,0
2026-09-06 16:55:00,134.1,9,73,33.5,0,0,0
2026-09-06 17:00:00,135.4,5,75,37.9,0,0,0
2026-09-06 17:05:00,136.0,15,74,34.4,0,0,0
2026-09-06 17:10:00,138.6,6,73,33.0,0,0,0
2026-09-06 17:15:00,141.9,16,69,37.0,0,0,0
2026-09-06 17:20:00,144.3,3,71,36.7,0,0,0
2026-09-06 17:25:00,144.2,6,69,33.2,0,0,0
2026-09-06 17:30:00,144.5,10,69,32.5,0,0,0
2026-09-06 17:35:00,140.4,2,70,34.4,0,0,0
2026-09-06 17:40:00,140.5,8,70,31.5,0,0,0
2026-09-06 17:45:00,142.1,6,70,34.8,0,0,0
2026-09-06 17:50:00,141.0,3,68,35.0,0,0,0
2026-09-06 17:55:00,138.9,22,73,37.6,0,0,0
2026-09-06 18:00:00,140.6,9,66,32.6,0,0,0
2026-09-06 18:05:00,137.4,9,66,32.6,0,0,0
2026-09-06 18:10:00,139.3,363,88,34.7,0,0,0
2026-09-06 18:15:00,135.5,370,90,35.0,0,0,0
2026-09-06 18:20:00,133.8,365,91,36.8,0,0,0
2026-09-06 18:25:00,131.3,11,69,35.4,0,0,0
2026-09-06 18:30:00,131.7,14,74,32.6,0,0,0
2026-09-06 18:35:00,127.9,10,66,37.2,0,0,0
2026-09-06 18:40:00,128.1,6,73,33.8,0,0,0
2026-09-06 18:45:00,129.1,10,72,36.1,0,0,0
2026-09-06 18:50:00,125.2,11,69,34.1,0,0,0
2026-09-06 18:55:00,123.0,8,72,34.1,0,0,0
2026-09-06 19:00:00,123.6,6,69,33.7,0,0,0
2026-09-06 19:05:00,123.8,11,70,33.4,0,0,0
2026-09-06 19:10:00,121.4,5,70,33.9,0,0,0
2026-09-06 19:15:00,120.9,6,74,33.6,0,0,0
2026-09-06 19:20:00,125.7,8,68,35.2,0,0,0
2026-09-06 19:25:00,127.7,10,68,34.9,0,0,0
2026-09-06 19:30:00,126.3,8,71,34.8,0,0,0
2026-09-06 19:35:00,125.5,8,66,31.0,0,0,0
2026-09-06 19:40:00,128.0,10,64,33.9,0,0,0
2026-09-06 19:45:00,126.6,8,66,36.9,0,0,0
2026-09-06 19:50:00,128.4,6,68,35.1,0,0,0
2026-09-06 19:55:00,125.7,6,69,32.1,0,0,0
2026-09-06 20:00:00,124.3,11,71,35.9,0,0,0
2026-09-06 20:05:00,122.7,8,63,38.3,0,0,0
2026-09-06 20:10:00,126.9,9,71,35.0,0,0,0
2026-09-06 20:15:00,123.3,8,73,35.4,0,0,0
2026-09-06 20:20:00,126.4,12,70,34.6,0,0,0
2026-09-06 20:25:00,124.2,7,70,30.3,0,0,0
2026-09-06 20:30:00,122.9,8,70,36.4,0,0,0
2026-09-06 20:35:00,121.5,5,71,37.8,0,0,0
2026-09-06 20:40:00,122.1,3,66,33.9,0,0,0
2026-09-06 20:45:00,122.5,14,70,34.6,0,0,0
2026-09-06 20:50:00,122.9,14,74,37.0,0,59,55
2026-09-06 20:55:00,130.2,12,72,35.1,0,0,0
2026-09-06 21:00:00,132.7,9,70,35.0,0,0,0
2026-09-06 21:05:00,135.6,3,73,32.5,0,0,0
2026-09-06 21:10:00,140.1,11,73,32.1,0,0,0
2026-09-06 21:15:00,145.0,11,77,35.7,0,0,0
2026-09-06 21:20:00,145.8,5,71,35.2,0,0,0
2026-09-06 21:25:00,147.2,3,69,30.0,0,0,0
2026-09-06 21:30:00,145.9,9,68,33.1,0,0,0
2026-09-06 21:35:00,146.7,8,66,36.7,0,0,0
2026-09-06 21:40:00,145.3,11,69,33.8,0,0,0
2026-09-06 21:45:00,145.6,8,68,34.7,0,0,0
2026-09-06 21:50:00,148.2,4,68,31.7,0,0,0
2026-09-06 21:55:00,149.0,20,70,34.6,0,0,0
2026-09-06 22:00:00,148.0,13,72,34.8,0,0,0
2026-09-06 22:05:00,146.9,4,70,37.4,0,0,0
2026-09-06 22:10:00,145.2,16,70,34.4,0,0,0
2026-09-06 22:15:00,144.4,8,72,34.0,0,0,0
2026-09-06 22:20:00,145.3,6,70,36.4,0,0,0
2026-09-06 22:25:00,145.5,2,66,33.0,0,0,0
2026-09-06 22:30:00,143.6,12,72,37.0,0,0,0
2026-09-06 22:35:00,142.1,7,71,34.2,0,0,0
2026-09-06 22:40:00,140.8,8,70,37.0,0,0,0
2026-09-06 22:45:00,139.5,5,70,34.4,0,0,0
2026-09-06 22:50:00,140.2,13,66,32.3,0,0,0
2026-09-06 22:55:00,136.4,3,69,32.7,0,0,0
2026-09-06 23:00:00,137.4,8,70,32.2,0,0,0
2026-09-06 23:05:00,133.2,13,65,33.0,0,0,0
2026-09-06 23:10:00,133.5,8,66,34.4,0,0,0
2026-09-06 23:15:00,129.8,0,61,56.9,1,0,0
2026-09-06 23:20:00,129.6,0,59,54.8,1,0,0
2026-09-06 23:25:00,125.5,1,62,58.0,1,0,0
2026-09-06 23:30:00,126.6,0,61,57.8,1,0,0
2026-09-06 23:35:00,128.1,0,63,56.4,1,0,0
2026-09-06 23:40:00,122.4,0,58,54.9,1,0,0
2026-09-06 23:45:00,123.1,1,63,55.0,1,0,0
2026-09-06 23:50:00,120.2,0,61,56.2,1,0,0
2026-09-06 23:55:00,120.4,0,59,55.7,1,0,0
2026-09-07 00:00:00,106.9,0,63,58.3,1,0,0
2026-09-07 00:05:00,107.7,0,63,62.4,1,0,0
2026-09-07 00:10:00,107.3,0,60,58.7,1,0,0
2026-09-07 00:15:00,108.1,0,62,62.5,1,0,0
2026-09-07 00:20:00,108.7,2,61,59.5,1,0,0
2026-09-07 00:25:00,109.4,0,64,61.0,1,0,0
2026-09-07 00:30:00,110.5,0,62,58.6,1,0,0
2026-09-07 00:35:00,109.3,2,63,61.4,1,0,0
2026-09-07 00:40:00,110.0,1,62,62.0,1,0,0
2026-09-07 00:45:00,108.6,0,59,62.4,1,0,0
2026-09-07 00:50:00,108.9,1,60,55.9,1,0,0
2026-09-07 00:55:00,108.5,0,63,63.5,1,0,0
2026-09-07 01:00:00,106.3,1,59,63.4,1,0,0
2026-09-07 01:05:00,107.7,0,64,60.6,1,0,0
2026-09-07 01:10:00,105.5,1,62,56.9,1,0,0
2026-09-07 01:15:00,106.4,0,61,60.9,1,0,0
2026-09-07 01:20:00,108.9,1,61,57.6,1,0,0
2026-09-07 01:25:00,105.4,0,60,62.7,1,0,0
2026-09-07 01:30:00,108.6,0,58,60.9,1,0,0
2026-09-07 01:35:00,107.0,0,64,62.5,1,0,0
2026-09-07 01:40:00,107.3,1,64,61.0,1,0,0
2026-09-07 01:45:00,107.5,1,59,59.9,1,0,0
2026-09-07 01:50:00,106.3,0,58,59.5,1,0,0
2026-09-07 01:55:00,107.0,0,59,60.3,1,0,0
2026-09-07 02:00:00,106.3,0,60,65.7,1,0,0
2026-09-07 02:05:00,103.6,0,59,59.5,1,0,0
2026-09-07 02:10:00,107.8,0,62,60.1,1,0,0
2026-09-07 02:15:00,108.3,0,60,61.3,1,0,0
2026-09-07 02:20:00,109.5,0,58,63.9,1,0,0
2026-09-07 02:25:00,108.6,0,62,63.4,1,0,0
2026-09-07 02:30:00,108.2,0,61,59.2,1,0,0
2026-09-07 02:35:00,110.1,0,59,63.8,1,0,0
2026-09-07 02:40:00,110.3,1,59,65.2,1,0,0
2026-09-07 02:45:00,109.8,1,61,58.3,1,0,0
2026-09-07 02:50:00,109.7,0,65,62.7,1,0,0
2026-09-07 02:55:00,109.7,0,59,61.8,1,0,0
2026-09-07 03:00:00,109.7,0,61,61.8,1,0,0
2026-09-07 03:05:00,104.3,1,60,63.6,1,0,0
2026-09-07 03:10:00,103.0,1,61,59.9,1,0,0
2026-09-07 03:15:00,100.7,0,63,59.7,1,0,0
2026-09-07 03:20:00,101.7,0,61,63.0,1,0,0
2026-09-07 03:25:00,103.0,0,63,62.3,1,0,0
2026-09-07 03:30:00,103.9,0,60,60.8,1,0,0
2026-09-07 03:35:00,105.1,1,62,60.4,1,0,0
2026-09-07 03:40:00,104.5,0,60,60.3,1,0,0
2026-09-07 03:45:00,105.1,1,61,60.4,1,0,0
2026-09-07 03:50:00,107.4,0,64,60.3,1,0,0
2026-09-07 03:55:00,107.0,1,58,59.6,1,0,0
2026-09-07 04:00:00,106.8,0,62,61.3,1,0,0
2026-09-07 04:05:00,106.1,0,58,61.3,1,0,0
2026-09-07 04:10:00,107.3,0,58,59.3,1,0,0
2026-09-07 04:15:00,109.1,0,62,61.7,1,0,0
2026-09-07 04:20:00,107.6,0,61,63.6,1,0,0
2026-09-07 04:25:00,106.6,0,61,59.2,1,0,0
2026-09-07 04:30:00,103.0,0,62,62.9,1,0,0
2026-09-07 04:35:00,103.0,0,61,64.8,1,0,0
2026-09-07 04:40:00,103.1,0,61,59.2,1,0,0
2026-09-07 04:45:00,106.8,0,61,58.4,1,0,0
2026-09-07 04:50:00,106.1,0,60,59.0,1,0,0
2026-09-07 04:55:00,108.1,0,63,65.5,1,0,0
2026-09-07 05:00:00,111.0,1,59,61.0,1,0,0
2026-09-07 05:05:00,112.3,1,55,63.9,1,0,0
2026-09-07 05:10:00,114.1,0,59,59.1,1,0,0
2026-09-07 05:15:00,114.1,1,60,62.6,1,0,0
2026-09-07 05:20:00,114.4,0,63,60.4,1,0,0
2026-09-07 05:25:00,117.1,0,61,61.2,1,0,0
2026-09-07 05:30:00,117.6,7,72,37.5,0,0,0
2026-09-07 05:35:00,116.1,6,71,35.3,0,0,0
2026-09-07 05:40:00,115.8,2,69,38.3,0,0,0
2026-09-07 05:45:00,117.8,6,65,33.5,0,0,0
2026-09-07 05:50:00,122.7,5,68,41.0,0,0,0
2026-09-07 05:55:00,122.7,1,69,39.6,0,0,0
2026-09-07 06:00:00,120.9,9,66,38.4,0,0,0
2026-09-07 06:05:00,119.9,8,65,38.7,0,0,0
2026-09-07 06:10:00,117.2,8,72,42.5,0,0,0
2026-09-07 06:15:00,120.9,4,65,37.9,0,0,0
2026-09-07 06:20:00,118.9,8,69,40.7,0,0,0
2026-09-07 06:25:00,119.7,8,70,35.1,0,0,0
2026-09-07 06:30:00,120.7,9,70,36.2,0,0,0
2026-09-07 06:35:00,121.4,10,74,35.3,0,0,0
2026-09-07 06:40:00,121.0,10,68,37.6,0,0,0
2026-09-07 06:45:00,121.7,14,70,39.3,0,0,0
2026-09-07 06:50:00,122.0,9,72,36.7,0,0,0
2026-09-07 06:55:00,119.8,8,75,34.2,0,0,0
2026-09-07 07:00:00,118.4,3,67,34.9,0,0,0
2026-09-07 07:05:00,119.3,9,70,36.6,0,0,0
2026-09-07 07:10:00,116.6,5,68,38.7,0,0,0
2026-09-07 07:15:00,118.2,16,70,38.2,0,0,0
2026-09-07 07:20:00,119.1,3,70,34.9,0,0,0
2026-09-07 07:25:00,122.8,2,69,40.3,0,0,0
2026-09-07 07:30:00,120.0,15,70,38.1,0,0,0
2026-09-07 07:35:00,120.3,18,66,38.4,0,0,0
2026-09-07 07:40:00,121.8,3,68,36.5,0,0,0
2026-09-07 07:45:00,119.9,11,71,39.5,0,0,0
2026-09-07 07:50:00,120.2,26,74,37.5,0,0,0
2026-09-07 07:55:00,121.6,8,73,38.1,0,63,78
2026-09-07 08:00:00,130.5,19,73,39.4,0,0,0
2026-09-07 08:05:00,139.1,4,70,38.1,0,0,0
2026-09-07 08:10:00,142.7,8,69,34.3,0,0,0
2026-09-07 08:15:00,148.3,3,72,35.7,0,0,0
2026-09-07 08:20:00,151.5,14,72,37.0,0,0,0
2026-09-07 08:25:00,154.6,3,70,37.5,0,0,0
2026-09-07 08:30:00,155.2,10,69,36.2,0,0,0
2026-09-07 08:35:00,151.4,11,69,36.4,0,0,0
2026-09-07 08:40:00,154.7,3,71,38.5,0,0,0
2026-09-07 08:45:00,153.3,9,68,37.6,0,0,0
2026-09-07 08:50:00,154.7,14,68,36.1,0,0,0
2026-09-07 08:55:00,151.9,24,74,36.9,0,0,0
2026-09-07 09:00:00,154.5,14,73,35.0,0,0,0
2026-09-07 09:05:00,152.3,11,70,35.0,0,0,0
2026-09-07 09:10:00,148.2,13,71,41.5,0,0,0
2026-09-07 09:15:00,144.7,8,65,38.0,0,0,0
2026-09-07 09:20:00,144.3,4,66,37.0,0,0,0
2026-09-07 09:25:00,144.5,13,75,37.9,0,0,0
2026-09-07 09:30:00,140.8,4,71,35.9,0,0,0
2026-09-07 09:35:00,141.5,11,69,35.9,0,0,0
2026-09-07 09:40:00,138.0,4,68,36.6,0,0,0
2026-09-07 09:45:00,137.8,8,68,38.2,0,0,0
2026-09-07 09:50:00,137.4,11,70,33.4,0,0,0
2026-09-07 09:55:00,134.5,13,70,36.6,0,0,0
2026-09-07 10:00:00,131.5,9,71,38.5,0,0,0
2026-09-07 10:05:00,128.3,11,69,36.6,0,0,0
2026-09-07 10:10:00,125.6,5,67,38.9,0,0,0
2026-09-07 10:15:00,126.3,14,72,40.1,0,0,0
2026-09-07 10:20:00,124.0,12,69,36.9,0,0,0
2026-09-07 10:25:00,124.9,6,71,40.1,0,0,0
2026-09-07 10:30:00,122.5,5,70,39.0,0,0,0
2026-09-07 10:35:00,122.7,2,69,36.1,0,0,0
2026-09-07 10:40:00,122.0,8,67,36.1,0,0,0
2026-09-07 10:45:00,121.0,7,69,37.0,0,0,0
2026-09-07 10:50:00,119.1,19,70,38.8,0,0,0
2026-09-07 10:55:00,116.2,12,73,39.0,0,0,0
2026-09-07 11:00:00,117.9,10,68,37.3,0,0,0
2026-09-07 11:05:00,115.6,8,66,37.9,0,0,0
2026-09-07 11:10:00,119.9,8,71,39.3,0,0,0
2026-09-07 11:15:00,113.6,3,67,36.5,0,0,0
2026-09-07 11:20:00,110.7,10,71,34.9,0,0,0
2026-09-07 11:25:00,111.1,6,67,36.6,0,0,0
2026-09-07 11:30:00,112.9,9,71,39.6,0,0,0
2026-09-07 11:35:00,115.0,12,67,37.8,0,0,0
2026-09-07 11:40:00,115.4,15,69,40.7,0,0,0
2026-09-07 11:45:00,113.1,7,68,34.6,0,0,0
2026-09-07 11:50:00,114.5,9,70,36.6,0,0,0
2026-09-07 11:55:00,115.5,13,70,36.5,0,0,0
2026-09-07 12:00:00,115.4,12,70,37.2,0,0,0
2026-09-07 12:05:00,113.3,7,69,39.0,0,0,0
2026-09-07 12:10:00,112.6,10,70,38.7,0,0,0
2026-09-07 12:15:00,113.1,7,70,37.2,0,0,0
2026-09-07 12:20:00,114.2,3,71,40.0,0,0,0
2026-09-07 12:25:00,114.4,12,69,35.8,0,0,0
2026-09-07 12:30:00,114.1,5,71,36.3,0,0,0
2026-09-07 12:35:00,111.1,11,69,39.2,0,0,0
2026-09-07 12:40:00,111.1,13,70,39.5,0,0,0
2026-09-07 12:45:00,112.0,7,69,40.7,0,0,0
2026-09-07 12:50:00,110.8,8,72,36.1,0,0,0
2026-09-07 12:55:00,110.5,6,70,40.1,0,0,0
2026-09-07 13:00:00,108.4,6,69,40.6,0,0,0
2026-09-07 13:05:00,108.7,14,73,35.6,0,0,0
2026-09-07 13:10:00,107.4,4,74,38.5,0,0,0
2026-09-07 13:15:00,107.0,7,68,38.5,0,0,0
2026-09-07 13:20:00,105.5,7,71,38.4,0,0,0
2026-09-07 13:25:00,105.1,2,67,40.3,0,0,0
2026-09-07 13:30:00,107.4,3,74,37.3,0,83,75
2026-09-07 13:35:00,119.7,472,97,39.1,0,0,0
2026-09-07 13:40:00,132.0,471,101,37.7,0,0,0
2026-09-07 13:45:00,143.1,470,99,36.2,0,0,0
2026-09-07 13:50:00,149.5,1,74,33.8,0,0,0
2026-09-07 13:55:00,151.0,5,69,37.5,0,0,0
2026-09-07 14:00:00,156.0,14,73,35.2,0,0,0
2026-09-07 14:05:00,161.5,14,68,39.5,0,0,0
2026-09-07 14:10:00,158.5,11,70,37.9,0,0,0
2026-09-07 14:15:00,158.9,9,65,44.7,0,0,0
2026-09-07 14:20:00,157.8,5,69,37.7,0,0,0
2026-09-07 14:25:00,157.7,9,70,39.6,0,0,0
2026-09-07 14:30:00,158.9,8,70,36.2,0,0,0
2026-09-07 14:35:00,156.9,5,73,37.4,0,0,0
2026-09-07 14:40:00,153.8,22,72,40.5,0,0,0
2026-09-07 14:45:00,151.6,10,71,34.8,0,0,0
2026-09-07 14:50:00,150.2,5,69,37.7,0,0,0
2026-09-07 14:55:00,147.6,6,71,35.5,0,0,0
2026-09-07 15:00:00,147.0,8,67,37.7,0,0,0
2026-09-07 15:05:00,145.3,3,73,38.2,0,0,0
2026-09-07 15:10:00,144.3,2,70,43.8,0,0,0
2026-09-07 15:15:00,140.9,2,70,35.0,0,0,0
2026-09-07 15:20:00,138.8,5,68,36.8,0,0,0
2026-09-07 15:25:00,135.1,5,69,36.5,0,0,0
2026-09-07 15:30:00,132.3,8,70,35.3,0,0,0
2026-09-07 15:35:00,129.6,7,67,40.5,0,0,0
2026-09-07 15:40:00,128.2,10,68,39.4,0,0,0
2026-09-07 15:45:00,129.1,4,72,39.4,0,0,0
2026-09-07 15:50:00,125.2,7,70,37.9,0,0,0
2026-09-07 15:55:00,123.9,6,70,35.6,0,0,0
2026-09-07 16:00:00,124.3,17,73,35.1,0,0,0
2026-09-07 16:05:00,123.6,27,73,34.8,0,0,0
2026-09-07 16:10:00,125.5,8,70,36.4,0,0,0
2026-09-07 16:15:00,124.7,8,71,34.5,0,0,0
2026-09-07 16:20:00,122.4,3,69,36.6,0,0,0
2026-09-07 16:25:00,123.0,17,71,40.1,0,0,0
2026-09-07 16:30:00,119.9,5,71,38.4,0,0,0
2026-09-07 16:35:00,114.9,5,70,38.4,0,0,0
2026-09-07 16:40:00,117.9,9,72,36.5,0,0,0
2026-09-07 16:45:00,115.4,15,67,39.6,0,0,0
2026-09-07 16:50:00,116.4,6,71,38.1,0,0,0
2026-09-07 16:55:00,117.4,13,71,39.9,0,0,0
2026-09-07 17:00:00,117.4,3,68,39.0,0,0,0
2026-09-07 17:05:00,117.4,8,69,34.8,0,0,0
2026-09-07 17:10:00,114.2,12,72,37.0,0,0,0
2026-09-07 17:15:00,110.6,7,68,42.1,0,0,0
2026-09-07 17:20:00,110.8,13,69,34.3,0,0,0
2026-09-07 17:25:00,107.4,12,69,37.6,0,0,0
2026-09-07 17:30:00,105.4,14,70,37.5,0,23,50
2026-09-07 17:35:00,107.8,9,71,38.7,0,0,0
2026-09-07 17:40:00,110.1,13,73,40.1,0,0,0
2026-09-07 17:45:00,113.3,4,72,37.7,0,0,0
2026-09-07 17:50:00,118.1,12,74,39.9,0,0,0
2026-09-07 17:55:00,118.4,14,76,40.0,0,0,0
2026-09-07 18:00:00,116.3,14,75,39.1,0,0,0
2026-09-07 18:05:00,118.7,9,66,40.6,0,0,0
2026-09-07 18:10:00,117.9,13,72,38.8,0,0,0
2026-09-07 18:15:00,117.7,14,69,37.7,0,0,0
2026-09-07 18:20:00,119.4,5,67,37.5,0,0,0
2026-09-07 18:25:00,119.5,13,68,35.7,0,0,0
2026-09-07 18:30:00,117.9,9,69,35.6,0,0,0
2026-09-07 18:35:00,119.2,7,73,38.7,0,0,0
2026-09-07 18:40:00,115.5,3,68,39.1,0,0,0
2026-09-07 18:45:00,115.6,22,69,37.2,0,0,0
2026-09-07 18:50:00,115.9,10,69,35.8,0,0,0
2026-09-07 18:55:00,116.2,11,71,34.5,0,0,0
2026-09-07 19:00:00,115.3,12,70,36.3,0,0,0
2026-09-07 19:05:00,115.0,14,70,38.5,0,0,0
2026-09-07 19:10:00,113.3,4,68,39.8,0,0,0
2026-09-07 19:15:00,111.7,9,68,39.5,0,0,0
2026-09-07 19:20:00,113.4,5,72,36.8,0,0,0
2026-09-07 19:25:00,114.3,7,67,39.5,0,0,0
2026-09-07 19:30:00,111.0,2,70,37.0,0,0,0
2026-09-07 19:35:00,110.7,2,67,38.9,0,0,0
2026-09-07 19:40:00,108.3,7,68,37.1,0,0,0
2026-09-07 19:45:00,109.0,6,70,36.5,0,0,0
2026-09-07 19:50:00,109.2,8,68,38.9,0,0,0
2026-09-07 19:55:00,107.7,8,71,35.8,0,0,0
2026-09-07 20:00:00,105.3,13,73,35.5,0,0,0
2026-09-07 20:05:00,104.3,4,69,36.8,0,0,0
2026-09-07 20:10:00,105.2,12,74,34.1,0,0,0
2026-09-07 20:15:00,108.6,9,71,36.4,0,0,0
2026-09-07 20:20:00,111.0,6,69,35.6,0,0,0
2026-09-07 20:25:00,113.1,10,69,38.1,0,0,0
2026-09-07 20:30:00,111.8,9,66,37.1,0,0,0
2026-09-07 20:35:00,110.9,11,67,37.0,0,0,0
2026-09-07 20:40:00,105.6,11,70,39.9,0,0,0
2026-09-07 20:45:00,106.9,7,70,37.8,0,0,0
2026-09-07 20:50:00,108.7,6,71,41.5,0,0,0
2026-09-07 20:55:00,107.7,4,69,38.9,0,0,0
2026-09-07 21:00:00,106.7,12,70,37.3,0,0,0
2026-09-07 21:05:00,106.8,7,67,39.7,0,0,0
2026-09-07 21:10:00,104.8,26,75,37.3,0,107,70
2026-09-07 21:15:00,119.1,7,71,40.0,0,0,0
2026-09-07 21:20:00,129.7,16,71,36.7,0,0,0
2026-09-07 21:25:00,140.9,6,71,38.6,0,0,0
2026-09-07 21:30:00,146.3,1,70,36.1,0,0,0
2026-09-07 21:35:00,153.3,8,71,35.5,0,0,0
2026-09-07 21:40:00,157.4,11,69,36.0,0,0,0
2026-09-07 21:45:00,160.4,5,66,37.3,0,0,0
2026-09-07 21:50:00,164.3,28,68,37.8,0,0,0
2026-09-07 21:55:00,166.9,7,69,35.1,0,0,0
2026-09-07 22:00:00,167.5,5,65,41.6,0,0,0
2026-09-07 22:05:00,165.6,8,69,36.6,0,0,0
2026-09-07 22:10:00,163.0,13,67,36.4,0,0,0
2026-09-07 22:15:00,164.3,12,70,39.3,0,0,0
2026-09-07 22:20:00,162.7,16,67,38.9,0,0,0
2026-09-07 22:25:00,160.9,9,65,42.1,0,0,0
2026-09-07 22:30:00,158.3,9,69,38.2,0,0,0
2026-09-07 22:35:00,154.0,7,68,35.8,0,0,0
2026-09-07 22:40:00,152.7,11,71,41.0,0,0,0
2026-09-07 22:45:00,146.4,13,74,33.2,0,0,0
2026-09-07 22:50:00,144.5,6,64,35.2,0,0,0
2026-09-07 22:55:00,140.7,5,72,37.6,0,0,0
2026-09-07 23:00:00,140.8,8,69,35.5,0,0,0
2026-09-07 23:05:00,139.8,3,72,40.4,0,0,0
2026-09-07 23:10:00,137.2,12,68,39.2,0,0,0
2026-09-07 23:15:00,136.7,2,71,38.7,0,0,0
2026-09-07 23:20:00,133.1,10,65,36.9,0,0,0
2026-09-07 23:25:00,130.3,8,69,36.8,0,0,0
2026-09-07 23:30:00,130.5,5,68,36.2,0,0,0
2026-09-07 23:35:00,127.8,4,68,40.0,0,0,0
2026-09-07 23:40:00,128.9,5,67,37.5,0,0,0
2026-09-07 23:45:00,127.1,8,71,32.8,0,0,0
2026-09-07 23:50:00,127.3,10,71,39.4,0,0,0
2026-09-07 23:55:00,128.6,4,70,35.5,0,0,0
2026-09-08 00:00:00,125.0,6,72,36.2,0,0,0
2026-09-08 00:05:00,125.1,9,73,37.0,0,0,0
2026-09-08 00:10:00,123.5,5,69,38.1,0,0,0
2026-09-08 00:15:00,120.8,4,72,35.2,0,0,0
2026-09-08 00:20:00,118.4,20,68,36.7,0,0,0
2026-09-08 00:25:00,120.2,10,69,36.4,0,0,0
2026-09-08 00:30:00,119.1,2,70,39.5,0,0,0
2026-09-08 00:35:00,119.6,7,68,35.5,0,0,0
2026-09-08 00:40:00,120.3,5,71,39.5,0,0,0
2026-09-08 00:45:00,123.3,4,66,38.4,0,0,0
2026-09-08 00:50:00,119.8,7,68,36.4,0,0,0
2026-09-08 00:55:00,118.1,14,67,36.8,0,0,0
2026-09-08 01:00:00,116.8,14,69,36.9,0,0,0
2026-09-08 01:05:00,115.5,21,70,36.6,0,0,0
2026-09-08 01:10:00,112.4,0,61,61.8,1,0,0
2026-09-08 01:15:00,113.2,0,63,62.9,1,0,0
2026-09-08 01:20:00,112.3,0,61,58.8,1,0,0
2026-09-08 01:25:00,106.7,0,64,60.3,1,0,0
2026-09-08 01:30:00,105.4,1,61,58.3,1,0,0
2026-09-08 01:35:00,106.0,0,64,60.7,1,0,0
2026-09-08 01:40:00,108.0,0,61,60.9,1,0,0
2026-09-08 01:45:00,106.5,0,61,60.4,1,0,0
2026-09-08 01:50:00,108.6,0,60,63.4,1,0,0
2026-09-08 01:55:00,107.3,0,61,62.8,1,0,0
2026-09-08 02:00:00,107.2,0,61,61.1,1,0,0
2026-09-08 02:05:00,110.1,0,63,61.9,1,0,0
2026-09-08 02:10:00,105.7,0,62,62.8,1,0,0
2026-09-08 02:15:00,105.9,0,63,60.9,1,0,0
2026-09-08 02:20:00,107.2,0,62,60.1,1,0,0
2026-09-08 02:25:00,106.7,0,61,59.4,1,0,0
2026-09-08 02:30:00,106.3,0,59,60.1,1,0,0
2026-09-08 02:35:00,106.5,1,59,58.0,1,0,0
2026-09-08 02:40:00,106.0,1,59,64.7,1,0,0
2026-09-08 02:45:00,109.3,0,58,63.7,1,0,0
2026-09-08 02:50:00,111.4,0,62,60.7,1,0,0
2026-09-08 02:55:00,110.7,0,61,61.9,1,0,0
2026-09-08 03:00:00,111.9,1,61,60.2,1,0,0
2026-09-08 03:05:00,114.8,0,61,62.4,1,0,0
2026-09-08 03:10:00,114.2,0,63,59.4,1,0,0
2026-09-08 03:15:00,111.2,0,63,62.4,1,0,0
2026-09-08 03:20:00,111.7,1,59,61.5,1,0,0
2026-09-08 03:25:00,110.0,0,59,61.6,1,0,0
2026-09-08 03:30:00,110.9,0,62,61.1,1,0,0
2026-09-08 03:35:00,111.2,1,59,62.4,1,0,0
2026-09-08 03:40:00,113.9,0,63,59.5,1,0,0
2026-09-08 03:45:00,113.2,1,63,60.6,1,0,0
2026-09-08 03:50:00,111.8,0,59,62.0,1,0,0
2026-09-08 03:55:00,112.7,0,60,60.4,1,0,0
2026-09-08 04:00:00,109.6,0,60,64.2,1,0,0
2026-09-08 04:05:00,109.6,1,62,59.1,1,0,0
2026-09-08 04:10:00,109.4,1,63,64.1,1,0,0
2026-09-08 04:15:00,107.5,0,61,61.5,1,0,0
2026-09-08 04:20:00,110.4,0,63,60.3,1,0,0
2026-09-08 04:25:00,109.2,0,61,65.4,1,0,0
2026-09-08 04:30:00,110.8,0,58,60.8,1,0,0
2026-09-08 04:35:00,110.4,0,60,61.2,1,0,0
2026-09-08 04:40:00,111.4,1,61,62.9,1,0,0
2026-09-08 04:45:00,112.1,0,62,63.6,1,0,0
2026-09-08 04:50:00,111.7,0,60,62.2,1,0,0
2026-09-08 04:55:00,111.8,0,59,63.7,1,0,0
2026-09-08 05:00:00,110.7,1,64,63.6,1,0,0
2026-09-08 05:05:00,110.0,0,63,59.0,1,0,0
2026-09-08 05:10:00,108.2,0,59,60.5,1,0,0
2026-09-08 05:15:00,106.5,0,62,61.6,1,0,0
2026-09-08 05:20:00,107.2,0,67,66.4,1,0,0
2026-09-08 05:25:00,106.7,0,61,62.0,1,0,0
2026-09-08 05:30:00,107.7,0,63,58.0,1,0,0
2026-09-08 05:35:00,109.6,0,61,59.1,1,0,0
2026-09-08 05:40:00,109.9,0,62,59.8,1,0,0
2026-09-08 05:45:00,112.3,1,60,64.9,1,0,0
2026-09-08 05:50:00,113.6,0,60,57.8,1,0,0
2026-09-08 05:55:00,115.6,0,59,63.5,1,0,0
2026-09-08 06:00:00,118.1,0,64,61.6,1,0,0
2026-09-08 06:05:00,116.2,2,61,59.0,1,0,0
2026-09-08 06:10:00,118.1,0,63,61.0,1,0,0
2026-09-08 06:15:00,117.2,13,70,43.8,0,0,0
2026-09-08 06:20:00,116.6,5,68,40.9,0,0,0
2026-09-08 06:25:00,116.0,2,70,41.7,0,0,0
2026-09-08 06:30:00,115.5,10,73,37.4,0,0,0
2026-09-08 06:35:00,116.0,4,69,39.5,0,0,0
2026-09-08 06:40:00,116.2,2,66,35.6,0,0,0
2026-09-08 06:45:00,115.6,9,68,38.7,0,0,0
2026-09-08 06:50:00,113.5,12,74,38.5,0,0,0
2026-09-08 06:55:00,115.0,3,71,38.2,0,0,0
2026-09-08 07:00:00,112.2,4,65,41.0,0,0,0
2026-09-08 07:05:00,113.2,6,68,40.7,0,0,0
2026-09-08 07:10:00,111.5,7,70,35.9,0,0,0
2026-09-08 07:15:00,112.1,18,69,38.5,0,0,0
2026-09-08 07:20:00,112.8,6,71,39.3,0,0,0
2026-09-08 07:25:00,109.5,10,67,35.4,0,0,0
2026-09-08 07:30:00,113.3,10,73,37.9,0,0,0
2026-09-08 07:35:00,114.3,6,71,41.2,0,0,0
2026-09-08 07:40:00,116.1,5,67,37.5,0,0,0
2026-09-08 07:45:00,116.9,7,70,36.0,0,0,0
2026-09-08 07:50:00,117.3,5,69,38.0,0,0,0
2026-09-08 07:55:00,114.2,10,66,41.4,0,0,0
2026-09-08 08:00:00,113.9,12,65,36.7,0,0,0
2026-09-08 08:05:00,112.7,6,69,37.3,0,0,0
2026-09-08 08:10:00,112.6,9,68,36.8,0,0,0
2026-09-08 08:15:00,112.7,8,74,37.7,0,26,55
2026-09-08 08:20:00,114.0,6,72,36.6,0,0,0
2026-09-08 08:25:00,117.1,7,73,38.5,0,0,0
2026-09-08 08:30:00,116.4,8,72,42.5,0,0,0
2026-09-08 08:35:00,118.3,5,73,36.2,0,0,0
2026-09-08 08:40:00,118.4,8,73,38.7,0,0,0
2026-09-08 08:45:00,114.5,10,72,38.8,0,0,0
2026-09-08 08:50:00,118.2,4,71,41.8,0,0,0
2026-09-08 08:55:00,119.9,8,72,36.2,0,0,0
2026-09-08 09:00:00,118.9,15,72,37.9,0,0,0
2026-09-08 09:05:00,117.6,3,69,39.8,0,0,0
2026-09-08 09:10:00,115.9,6,70,33.6,0,0,0
2026-09-08 09:15:00,117.2,8,72,38.3,0,0,0
2026-09-08 09:20:00,113.1,3,68,36.5,0,0,0
2026-09-08 09:25:00,109.6,0,70,36.0,0,0,0
2026-09-08 09:30:00,112.2,0,70,36.5,0,0,0
2026-09-08 09:35:00,110.8,14,70,36.4,0,0,0
2026-09-08 09:40:00,108.8,2,70,40.1,0,0,0
2026-09-08 09:45:00,112.4,2,73,40.2,0,0,0
2026-09-08 09:50:00,112.4,11,70,38.9,0,0,0
2026-09-08 09:55:00,111.8,4,74,38.2,0,0,0
2026-09-08 10:00:00,113.0,16,70,40.0,0,0,0
2026-09-08 10:05:00,116.4,7,70,36.6,0,0,0
2026-09-08 10:10:00,116.6,11,69,36.7,0,0,0
2026-09-08 10:15:00,118.4,20,70,37.6,0,0,0
2026-09-08 10:20:00,114.9,3,71,36.1,0,0,0
2026-09-08 10:25:00,110.7,4,71,36.0,0,0,0
2026-09-08 10:30:00,111.4,3,69,40.9,0,0,0
2026-09-08 10:35:00,111.2,6,73,41.7,0,0,0
2026-09-08 10:40:00,115.0,5,68,36.2,0,0,0
2026-09-08 10:45:00,113.1,9,66,38.5,0,0,0
2026-09-08 10:50:00,115.4,7,66,39.2,0,0,0
2026-09-08 10:55:00,111.5,24,68,38.8,0,0,0
2026-09-08 11:00:00,107.7,5,69,40.5,0,0,0
2026-09-08 11:05:00,107.6,10,70,35.7,0,0,0
2026-09-08 11:10:00,105.4,3,64,34.6,0,0,0
2026-09-08 11:15:00,107.1,13,74,40.5,0,0,0
2026-09-08 11:20:00,106.8,12,68,38.2,0,0,0
2026-09-08 11:25:00,105.2,7,70,35.8,0,0,0
2026-09-08 11:30:00,108.3,4,72,37.9,0,0,0
2026-09-08 11:35:00,110.9,7,71,39.5,0,0,0
2026-09-08 11:40:00,109.0,7,68,39.5,0,0,0
2026-09-08 11:45:00,106.9,6,69,35.6,0,0,0
2026-09-08 11:50:00,107.8,4,67,35.1,0,0,0
2026-09-08 11:55:00,108.2,6,71,40.2,0,0,0
2026-09-08 12:00:00,111.6,7,72,36.8,0,0,0
2026-09-08 12:05:00,110.0,6,66,33.6,0,0,0
2026-09-08 12:10:00,110.7,4,68,36.5,0,0,0
2026-09-08 12:15:00,107.7,8,68,37.5,0,0,0
2026-09-08 12:20:00,111.2,6,67,36.4,0,0,0
2026-09-08 12:25:00,106.7,7,67,34.1,0,0,0
2026-09-08 12:30:00,109.5,13,71,37.7,0,0,0
2026-09-08 12:35:00,106.0,3,73,34.1,0,0,0
2026-09-08 12:40:00,111.4,9,67,37.6,0,0,0
2026-09-08 12:45:00,109.8,8,70,40.0,0,0,0
2026-09-08 12:50:00,108.8,6,70,37.3,0,0,0
2026-09-08 12:55:00,111.4,13,71,31.6,0,0,0
2026-09-08 13:00:00,114.3,7,66,32.5,0,0,0
2026-09-08 13:05:00,113.2,11,74,36.4,0,0,0
2026-09-08 13:10:00,114.5,13,71,40.4,0,0,0
2026-09-08 13:15:00,114.2,21,73,40.4,0,0,0
2026-09-08 13:20:00,109.1,9,72,36.4,0,0,0
2026-09-08 13:25:00,107.2,6,69,37.8,0,0,0
2026-09-08 13:30:00,107.3,5,68,37.4,0,0,0
2026-09-08 13:35:00,109.8,9,68,38.4,0,0,0
2026-09-08 13:40:00,107.3,6,70,41.1,0,0,0
2026-09-08 13:45:00,111.2,17,67,38.8,0,0,0
2026-09-08 13:50:00,108.0,7,70,38.6,0,0,0
2026-09-08 13:55:00,109.6,12,70,35.5,0,0,0
2026-09-08 14:00:00,110.0,11,70,37.0,0,0,0
2026-09-08 14:05:00,114.2,9,71,36.7,0,95,75
2026-09-08 14:10:00,127.9,9,72,37.3,0,0,0
2026-09-08 14:15:00,137.0,8,71,36.9,0,0,0
2026-09-08 14:20:00,146.1,8,74,35.9,0,0,0
2026-09-08 14:25:00,153.5,15,68,36.8,0,0,0
2026-09-08 14:30:00,159.8,13,73,38.3,0,0,0
2026-09-08 14:35:00,164.0,7,71,35.5,0,0,0
2026-09-08 14:40:00,163.5,1,70,35.3,0,0,0
2026-09-08 14:45:00,164.3,3,69,38.0,0,0,0
2026-09-08 14:50:00,167.4,6,69,39.9,0,0,0
2026-09-08 14:55:00,166.8,6,68,38.1,0,0,0
2026-09-08 15:00:00,165.2,5,68,36.4,0,0,0
2026-09-08 15:05:00,164.2,10,71,36.1,0,0,0
2026-09-08 15:10:00,160.3,9,69,33.7,0,0,0
2026-09-08 15:15:00,160.6,12,70,40.7,0,0,0
2026-09-08 15:20:00,155.2,7,67,33.8,0,0,0
2026-09-08 15:25:00,152.6,8,69,32.1,0,0,0
2026-09-08 15:30:00,152.7,4,67,39.4,0,0,0
2026-09-08 15:35:00,150.3,8,69,41.0,0,0,0
2026-09-08 15:40:00,145.6,11,69,38.9,0,0,0
2026-09-08 15:45:00,144.1,8,70,37.3,0,0,0
2026-09-08 15:50:00,144.1,9,69,39.6,0,0,0
2026-09-08 15:55:00,140.6,5,68,36.9,0,0,0
2026-09-08 16:00:00,139.1,7,69,40.8,0,0,0
2026-09-08 16:05:00,140.7,7,70,39.4,0,0,0
2026-09-08 16:10:00,141.7,20,73,36.6,0,0,0
2026-09-08 16:15:00,140.5,11,68,42.4,0,0,0
2026-09-08 16:20:00,139.8,7,70,37.1,0,0,0
2026-09-08 16:25:00,139.5,4,71,38.4,0,0,0
2026-09-08 16:30:00,135.5,12,68,38.6,0,0,0
2026-09-08 16:35:00,135.3,7,70,40.1,0,0,0
2026-09-08 16:40:00,132.5,12,75,36.8,0,0,0
2026-09-08 16:45:00,131.2,11,66,36.1,0,0,0
2026-09-08 16:50:00,129.0,14,70,39.9,0,0,0
2026-09-08 16:55:00,123.1,2,70,37.7,0,0,0
2026-09-08 17:00:00,121.7,3,70,39.0,0,0,0
2026-09-08 17:05:00,122.2,9,69,38.9,0,0,0
2026-09-08 17:10:00,122.6,2,65,40.6,0,0,0
2026-09-08 17:15:00,117.2,3,69,36.4,0,0,0
2026-09-08 17:20:00,111.7,9,70,35.4,0,0,0
2026-09-08 17:25:00,112.7,0,71,39.8,0,0,0
2026-09-08 17:30:00,114.1,11,70,38.2,0,0,0
2026-09-08 17:35:00,112.2,9,68,35.7,0,0,0
2026-09-08 17:40:00,110.2,21,71,38.3,0,0,0
2026-09-08 17:45:00,109.3,8,74,38.5,0,0,0
2026-09-08 17:50:00,108.5,15,74,37.9,0,0,0
2026-09-08 17:55:00,104.1,11,71,40.0,0,0,0
2026-09-08 18:00:00,108.0,5,70,36.0,0,28,60
2026-09-08 18:05:00,114.0,7,73,35.5,0,0,0
2026-09-08 18:10:00,115.1,8,73,39.9,0,0,0
2026-09-08 18:15:00,117.5,5,76,37.5,0,0,0
2026-09-08 18:20:00,121.3,5,75,37.8,0,0,0
2026-09-08 18:25:00,122.4,16,75,39.7,0,0,0
2026-09-08 18:30:00,119.8,8,73,36.9,0,0,0
2026-09-08 18:35:00,120.2,5,70,39.5,0,0,0
2026-09-08 18:40:00,120.7,3,68,36.1,0,0,0
2026-09-08 18:45:00,120.0,3,68,37.0,0,0,0
2026-09-08 18:50:00,117.8,15,74,36.4,0,0,0
2026-09-08 18:55:00,120.1,10,74,37.6,0,0,0
2026-09-08 19:00:00,118.9,8,68,37.9,0,0,0
2026-09-08 19:05:00,117.3,9,72,38.0,0,0,0
2026-09-08 19:10:00,114.5,5,68,35.7,0,0,0
2026-09-08 19:15:00,113.7,15,72,39.1,0,0,0
2026-09-08 19:20:00,120.4,15,71,33.6,0,0,0
2026-09-08 19:25:00,118.6,10,67,42.4,0,0,0
2026-09-08 19:30:00,114.5,5,70,36.5,0,0,0
2026-09-08 19:35:00,112.3,4,71,33.6,0,0,0
2026-09-08 19:40:00,109.2,2,68,39.3,0,0,0
2026-09-08 19:45:00,107.4,9,70,36.4,0,0,0
2026-09-08 19:50:00,105.2,407,93,37.2,0,0,0
2026-09-08 19:55:00,107.8,407,94,38.4,0,0,0
2026-09-08 20:00:00,107.4,411,96,41.0,0,0,0
2026-09-08 20:05:00,105.2,10,72,35.1,0,0,0
2026-09-08 20:10:00,101.9,9,71,33.3,0,0,0
2026-09-08 20:15:00,100.8,3,69,33.6,0,0,0
2026-09-08 20:20:00,99.2,8,67,37.9,0,0,0
2026-09-08 20:25:00,101.2,6,72,42.3,0,0,0
2026-09-08 20:30:00,100.7,6,65,37.2,0,0,0
2026-09-08 20:35:00,100.3,5,73,35.9,0,112,70
2026-09-08 20:40:00,116.5,7,69,37.9,0,0,0
2026-09-08 20:45:00,132.5,7,72,39.8,0,0,0
2026-09-08 20:50:00,144.2,5,74,37.0,0,0,0
2026-09-08 20:55:00,152.8,5,69,38.0,0,0,0
2026-09-08 21:00:00,156.7,4,73,38.7,0,0,0
2026-09-08 21:05:00,161.3,19,72,39.4,0,0,0
2026-09-08 21:10:00,165.4,14,72,39.7,0,0,0
2026-09-08 21:15:00,168.2,6,67,34.6,0,0,0
2026-09-08 21:20:00,167.7,4,73,38.0,0,0,0
2026-09-08 21:25:00,168.0,7,69,36.6,0,0,0
2026-09-08 21:30:00,168.3,5,71,41.3,0,0,0
2026-09-08 21:35:00,167.4,7,69,39.3,0,0,0
2026-09-08 21:40:00,168.4,4,71,38.3,0,0,0
2026-09-08 21:45:00,165.9,8,66,42.1,0,0,0
2026-09-08 21:50:00,164.5,10,70,34.5,0,0,0
2026-09-08 21:55:00,162.5,7,71,34.9,0,0,0
2026-09-08 22:00:00,160.0,3,71,39.2,0,0,0
2026-09-08 22:05:00,155.6,1,67,39.1,0,0,0
2026-09-08 22:10:00,150.8,8,69,37.5,0,0,0
2026-09-08 22:15:00,147.0,10,70,37.5,0,0,0
2026-09-08 22:20:00,149.4,4,73,37.0,0,0,0
2026-09-08 22:25:00,143.8,16,71,35.7,0,0,0
2026-09-08 22:30:00,142.3,9,69,35.8,0,0,0
2026-09-08 22:35:00,140.4,4,66,40.7,0,0,0
2026-09-08 22:40:00,141.9,9,68,39.2,0,0,0
2026-09-08 22:45:00,140.0,3,72,42.5,0,0,0
2026-09-08 22:50:00,141.7,18,70,35.6,0,0,0
2026-09-08 22:55:00,138.1,6,69,41.5,0,0,0
2026-09-08 23:00:00,135.6,12,69,35.9,0,0,0
2026-09-08 23:05:00,134.5,9,74,36.3,0,0,0
2026-09-08 23:10:00,133.4,9,67,39.4,0,0,0
2026-09-08 23:15:00,132.3,6,68,36.1,0,0,0
2026-09-08 23:20:00,129.1,14,69,40.8,0,0,0
2026-09-08 23:25:00,125.7,2,68,38.2,0,0,0
2026-09-08 23:30:00,124.4,10,74,35.2,0,0,0
2026-09-08 23:35:00,123.3,13,70,42.7,0,0,0
2026-09-08 23:40:00,125.4,10,71,38.5,0,0,0
2026-09-08 23:45:00,125.4,21,66,38.7,0,0,0
2026-09-08 23:50:00,126.5,5,69,39.3,0,0,0
2026-09-08 23:55:00,122.0,7,70,35.6,0,0,0
2026-09-09 00:00:00,127.8,8,72,38.9,0,0,0
2026-09-09 00:05:00,125.5,19,72,31.8,0,0,0
2026-09-09 00:10:00,122.7,3,69,33.7,0,0,0
2026-09-09 00:15:00,121.4,6,69,35.4,0,0,0
2026-09-09 00:20:00,121.2,9,70,37.2,0,0,0
2026-09-09 00:25:00,123.3,5,68,37.6,0,0,0
2026-09-09 00:30:00,123.7,3,70,35.6,0,0,0
2026-09-09 00:35:00,122.8,14,68,37.3,0,0,0
2026-09-09 00:40:00,121.3,6,72,34.1,0,0,0
2026-09-09 00:45:00,117.4,0,69,38.2,0,0,0
2026-09-09 00:50:00,115.7,12,64,37.5,0,0,0
2026-09-09 00:55:00,114.1,7,70,32.7,0,0,0
2026-09-09 01:00:00,113.9,9,70,36.0,0,0,0
2026-09-09 01:05:00,110.2,4,70,35.9,0,0,0
2026-09-09 01:10:00,113.5,5,66,38.7,0,0,0
2026-09-09 01:15:00,116.2,7,72,36.8,0,0,0
2026-09-09 01:20:00,112.3,0,63,60.6,1,0,0
2026-09-09 01:25:00,110.3,0,59,57.0,1,0,0
2026-09-09 01:30:00,111.4,1,63,57.4,1,0,0
2026-09-09 01:35:00,110.8,0,60,58.9,1,0,0
2026-09-09 01:40:00,109.6,2,61,57.3,1,0,0
2026-09-09 01:45:00,109.5,0,61,57.2,1,0,0
2026-09-09 01:50:00,111.2,0,57,57.7,1,0,0
2026-09-09 01:55:00,112.3,0,63,57.2,1,0,0
2026-09-09 02:00:00,112.4,0,61,56.2,1,0,0
2026-09-09 02:05:00,113.5,0,62,57.0,1,0,0
2026-09-09 02:10:00,115.1,0,62,61.1,1,0,0
2026-09-09 02:15:00,115.2,0,60,57.9,1,0,0
2026-09-09 02:20:00,119.3,0,61,59.0,1,0,0
2026-09-09 02:25:00,123.7,0,60,58.8,1,0,0
2026-09-09 02:30:00,123.3,1,60,59.1,1,0,0
2026-09-09 02:35:00,126.3,0,55,55.9,1,0,0
2026-09-09 02:40:00,125.2,0,61,60.5,1,0,0
2026-09-09 02:45:00,122.9,2,62,57.0,1,0,0
2026-09-09 02:50:00,121.8,1,62,59.7,1,0,0
2026-09-09 02:55:00,120.7,0,62,58.1,1,0,0
2026-09-09 03:00:00,117.6,1,60,58.7,1,0,0
2026-09-09 03:05:00,118.2,1,64,61.0,1,0,0
2026-09-09 03:10:00,117.9,0,60,59.1,1,0,0
2026-09-09 03:15:00,120.3,0,61,57.0,1,0,0
2026-09-09 03:20:00,120.6,0,63,62.9,1,0,0
2026-09-09 03:25:00,124.8,0,62,57.8,1,0,0
2026-09-09 03:30:00,124.7,0,64,59.6,1,0,0
2026-09-09 03:35:00,121.8,0,57,62.1,1,0,0
2026-09-09 03:40:00,124.1,0,64,59.2,1,0,0
2026-09-09 03:45:00,123.6,0,59,62.8,1,0,0
2026-09-09 03:50:00,124.3,0,60,57.4,1,0,0
2026-09-09 03:55:00,123.2,1,59,59.1,1,0,0
2026-09-09 04:00:00,121.6,0,62,57.4,1,0,0
2026-09-09 04:05:00,121.4,0,63,61.2,1,0,0
2026-09-09 04:10:00,121.6,0,57,55.8,1,0,0
2026-09-09 04:15:00,123.6,1,59,59.3,1,0,0
2026-09-09 04:20:00,122.9,0,62,59.1,1,0,0
2026-09-09 04:25:00,123.9,0,59,56.5,1,0,0
2026-09-09 04:30:00,124.2,1,66,59.8,1,0,0
2026-09-09 04:35:00,123.1,0,65,62.6,1,0,0
2026-09-09 04:40:00,123.0,1,58,61.1,1,0,0
2026-09-09 04:45:00,125.5,0,63,57.5,1,0,0
2026-09-09 04:50:00,124.3,1,59,61.1,1,0,0
2026-09-09 04:55:00,123.9,1,58,59.3,1,0,0
2026-09-09 05:00:00,122.8,0,59,58.5,1,0,0
2026-09-09 05:05:00,120.8,0,60,56.3,1,0,0
2026-09-09 05:10:00,125.6,0,60,55.2,1,0,0
2026-09-09 05:15:00,125.4,0,61,57.8,1,0,0
2026-09-09 05:20:00,124.9,0,59,60.8,1,0,0
2026-09-09 05:25:00,121.5,0,60,59.5,1,0,0
2026-09-09 05:30:00,121.2,0,59,59.1,1,0,0
2026-09-09 05:35:00,120.7,0,58,58.9,1,0,0
2026-09-09 05:40:00,119.4,0,62,58.2,1,0,0
2026-09-09 05:45:00,121.6,0,64,59.9,1,0,0
2026-09-09 05:50:00,126.7,1,62,58.3,1,0,0
2026-09-09 05:55:00,124.5,0,59,62.8,1,0,0
2026-09-09 06:00:00,124.0,1,63,55.5,1,0,0
2026-09-09 06:05:00,121.2,0,63,59.5,1,0,0
2026-09-09 06:10:00,122.1,0,64,57.6,1,0,0
2026-09-09 06:15:00,119.4,0,58,58.4,1,0,0
2026-09-09 06:20:00,123.8,0,61,60.0,1,0,0
2026-09-09 06:25:00,122.5,16,72,35.4,0,0,0
2026-09-09 06:30:00,124.5,13,71,34.6,0,0,0
2026-09-09 06:35:00,122.9,6,67,35.7,0,0,0
2026-09-09 06:40:00,124.0,17,69,35.6,0,0,0
2026-09-09 06:45:00,123.3,3,71,40.2,0,0,0
2026-09-09 06:50:00,123.5,2,70,35.4,0,0,0
2026-09-09 06:55:00,126.9,11,70,37.4,0,0,0
2026-09-09 07:00:00,128.2,14,69,39.6,0,0,0
2026-09-09 07:05:00,127.5,2,70,34.2,0,0,0
2026-09-09 07:10:00,125.7,6,68,35.0,0,0,0
2026-09-09 07:15:00,127.2,6,69,35.8,0,0,0
2026-09-09 07:20:00,126.2,5,69,35.8,0,0,0
2026-09-09 07:25:00,122.0,7,66,36.0,0,0,0
2026-09-09 07:30:00,120.0,8,69,32.8,0,0,0
2026-09-09 07:35:00,118.7,6,70,37.3,0,0,0
2026-09-09 07:40:00,118.8,11,69,37.6,0,0,0
2026-09-09 07:45:00,114.1,6,69,36.4,0,0,0
2026-09-09 07:50:00,117.5,6,66,38.2,0,0,0
2026-09-09 07:55:00,117.1,10,71,36.2,0,0,0
2026-09-09 08:00:00,114.6,6,67,34.3,0,0,0
2026-09-09 08:05:00,113.7,16,73,32.6,0,39,70
2026-09-09 08:10:00,120.1,5,76,34.8,0,0,0
2026-09-09 08:15:00,123.9,11,71,36.5,0,0,0
2026-09-09 08:20:00,127.9,12,74,35.3,0,0,0
2026-09-09 08:25:00,133.2,7,69,34.2,0,0,0
2026-09-09 08:30:00,133.5,2,73,40.6,0,0,0
2026-09-09 08:35:00,131.5,11,72,34.8,0,0,0
2026-09-09 08:40:00,132.3,9,71,35.5,0,0,0
2026-09-09 08:45:00,134.0,5,68,33.4,0,0,0
2026-09-09 08:50:00,134.0,5,71,34.9,0,0,0
2026-09-09 08:55:00,134.9,4,67,34.8,0,0,0
2026-09-09 09:00:00,130.4,5,68,39.2,0,0,0
2026-09-09 09:05:00,126.5,10,69,35.0,0,0,0
2026-09-09 09:10:00,129.9,9,62,34.7,0,0,0
2026-09-09 09:15:00,132.5,2,70,36.1,0,0,0
2026-09-09 09:20:00,132.0,8,72,33.4,0,0,0
2026-09-09 09:25:00,129.7,7,70,36.1,0,0,0
2026-09-09 09:30:00,130.1,11,73,36.9,0,0,0
2026-09-09 09:35:00,128.9,6,69,37.1,0,0,0
2026-09-09 09:40:00,127.1,10,66,37.8,0,0,0
2026-09-09 09:45:00,125.1,11,66,35.9,0,0,0
2026-09-09 09:50:00,124.7,9,72,37.3,0,0,0
2026-09-09 09:55:00,126.7,8,67,34.9,0,0,0
2026-09-09 10:00:00,126.9,16,69,37.6,0,0,0
2026-09-09 10:05:00,128.5,7,70,36.9,0,0,0
2026-09-09 10:10:00,125.0,1,69,32.4,0,0,0
2026-09-09 10:15:00,120.3,7,66,32.1,0,0,0
2026-09-09 10:20:00,120.7,3,66,35.1,0,0,0
2026-09-09 10:25:00,122.2,5,67,35.0,0,0,0
2026-09-09 10:30:00,120.9,8,68,35.0,0,0,0
2026-09-09 10:35:00,123.2,13,68,37.5,0,0,0
2026-09-09 10:40:00,122.6,10,69,42.2,0,0,0
2026-09-09 10:45:00,123.9,8,70,34.9,0,0,0
2026-09-09 10:50:00,122.1,11,70,32.6,0,0,0
2026-09-09 10:55:00,121.4,16,70,36.6,0,0,0
2026-09-09 11:00:00,123.5,11,69,32.2,0,0,0
2026-09-09 11:05:00,124.0,4,69,36.5,0,0,0
2026-09-09 11:10:00,122.7,7,67,34.7,0,0,0
2026-09-09 11:15:00,125.1,8,70,34.8,0,0,0
2026-09-09 11:20:00,122.4,9,70,37.5,0,0,0
2026-09-09 11:25:00,120.8,7,71,31.6,0,0,0
2026-09-09 11:30:00,120.6,5,69,35.8,0,0,0
2026-09-09 11:35:00,120.3,6,70,35.1,0,0,0
2026-09-09 11:40:00,120.3,11,69,34.5,0,0,0
2026-09-09 11:45:00,121.0,482,99,36.7,0,0,0
2026-09-09 11:50:00,120.3,480,96,37.1,0,0,0
2026-09-09 11:55:00,121.8,481,100,34.5,0,0,0
2026-09-09 12:00:00,120.3,21,72,35.8,0,0,0
2026-09-09 12:05:00,118.2,7,69,40.1,0,0,0
2026-09-09 12:10:00,116.6,15,72,33.2,0,0,0
2026-09-09 12:15:00,117.7,6,72,36.2,0,0,0
2026-09-09 12:20:00,114.6,9,67,35.7,0,0,0
2026-09-09 12:25:00,111.8,12,67,37.9,0,0,0
2026-09-09 12:30:00,111.9,3,70,36.4,0,0,0
2026-09-09 12:35:00,112.8,8,72,36.5,0,0,0
2026-09-09 12:40:00,110.5,10,68,36.5,0,0,0
2026-09-09 12:45:00,106.9,17,71,32.7,0,0,0
2026-09-09 12:50:00,108.8,5,70,37.7,0,0,0
2026-09-09 12:55:00,111.5,3,68,35.8,0,0,0
2026-09-09 13:00:00,117.0,5,70,36.0,0,0,0
2026-09-09 13:05:00,115.4,11,69,36.9,0,0,0
2026-09-09 13:10:00,116.3,13,71,35.4,0,0,0
2026-09-09 13:15:00,118.1,16,70,33.5,0,0,0
2026-09-09 13:20:00,119.1,9,69,31.9,0,0,0
2026-09-09 13:25:00,117.1,5,72,37.0,0,0,0
2026-09-09 13:30:00,119.2,7,70,36.8,0,62,50
2026-09-09 13:35:00,126.2,10,70,36.6,0,0,0
2026-09-09 13:40:00,131.0,16,74,37.0,0,0,0
2026-09-09 13:45:00,134.0,26,73,38.4,0,0,0
2026-09-09 13:50:00,135.4,8,74,39.8,0,0,0
2026-09-09 13:55:00,137.6,9,70,37.1,0,0,0
2026-09-09 14:00:00,140.3,7,70,36.4,0,0,0
2026-09-09 14:05:00,139.6,4,71,36.6,0,0,0
2026-09-09 14:10:00,138.5,9,67,37.3,0,0,0
2026-09-09 14:15:00,142.9,4,69,34.3,0,0,0
2026-09-09 14:20:00,144.9,13,71,31.3,0,0,0
2026-09-09 14:25:00,141.4,11,73,36.5,0,0,0
2026-09-09 14:30:00,139.6,5,67,36.7,0,0,0
2026-09-09 14:35:00,140.6,10,67,39.0,0,0,0
2026-09-09 14:40:00,139.4,6,67,38.6,0,0,0
2026-09-09 14:45:00,136.0,7,69,36.7,0,0,0
2026-09-09 14:50:00,135.1,11,69,39.4,0,0,0
2026-09-09 14:55:00,134.1,2,70,36.0,0,0,0
2026-09-09 15:00:00,133.5,9,71,38.0,0,0,0
2026-09-09 15:05:00,137.0,9,74,38.3,0,0,0
2026-09-09 15:10:00,135.8,14,69,33.5,0,0,0
2026-09-09 15:15:00,133.9,13,70,37.9,0,0,0
2026-09-09 15:20:00,135.0,3,69,36.6,0,0,0
2026-09-09 15:25:00,133.9,11,65,38.8,0,0,0
2026-09-09 15:30:00,133.2,7,72,36.3,0,0,0
2026-09-09 15:35:00,133.0,6,66,38.1,0,0,0
2026-09-09 15:40:00,129.3,11,71,37.5,0,0,0
2026-09-09 15:45:00,126.2,8,73,36.1,0,0,0
2026-09-09 15:50:00,125.0,5,72,38.3,0,0,0
2026-09-09 15:55:00,124.0,10,73,34.2,0,0,0
2026-09-09 16:00:00,120.8,4,68,33.6,0,0,0
2026-09-09 16:05:00,119.9,13,72,36.8,0,0,0
2026-09-09 16:10:00,120.4,3,69,34.9,0,0,0
2026-09-09 16:15:00,120.8,9,69,35.2,0,0,0
2026-09-09 16:20:00,119.5,13,70,36.6,0,0,0
2026-09-09 16:25:00,119.3,10,67,36.1,0,0,0
2026-09-09 16:30:00,115.6,12,70,37.8,0,0,0
2026-09-09 16:35:00,112.3,10,69,39.4,0,0,0
2026-09-09 16:40:00,113.1,6,71,32.5,0,0,0
2026-09-09 16:45:00,113.4,6,70,40.6,0,0,0
2026-09-09 16:50:00,114.3,8,70,34.8,0,0,0
2026-09-09 16:55:00,114.0,10,74,34.3,0,0,0
2026-09-09 17:00:00,113.0,7,74,36.6,0,26,65
2026-09-09 17:05:00,117.3,8,76,34.6,0,0,0
2026-09-09 17:10:00,122.6,2,72,37.3,0,0,0
2026-09-09 17:15:00,129.1,6,73,32.7,0,0,0
2026-09-09 17:20:00,131.5,12,73,37.6,0,0,0
2026-09-09 17:25:00,133.8,7,73,36.3,0,0,0
2026-09-09 17:30:00,132.8,5,69,36.1,0,0,0
2026-09-09 17:35:00,130.9,3,69,38.4,0,0,0
2026-09-09 17:40:00,132.3,8,68,37.8,0,0,0
2026-09-09 17:45:00,132.0,10,70,33.9,0,0,0
2026-09-09 17:50:00,133.0,11,72,37.2,0,0,0
2026-09-09 17:55:00,129.3,12,71,37.2,0,0,0
2026-09-09 18:00:00,126.7,0,66,35.9,0,0,0
2026-09-09 18:05:00,123.7,4,69,33.9,0,0,0
2026-09-09 18:10:00,123.2,29,70,34.7,0,0,0
2026-09-09 18:15:00,122.6,8,69,36.3,0,0,0
2026-09-09 18:20:00,122.9,6,73,37.8,0,0,0
2026-09-09 18:25:00,122.9,13,72,35.9,0,0,0
2026-09-09 18:30:00,122.2,12,70,38.0,0,0,0
2026-09-09 18:35:00,120.1,11,71,36.0,0,0,0
2026-09-09 18:40:00,119.9,7,73,38.6,0,0,0
2026-09-09 18:45:00,120.2,6,70,33.7,0,0,0
2026-09-09 18:50:00,120.3,5,68,35.1,0,0,0
2026-09-09 18:55:00,122.0,12,68,31.6,0,0,0
2026-09-09 19:00:00,123.3,16,68,37.2,0,0,0
2026-09-09 19:05:00,124.7,10,70,34.8,0,0,0
2026-09-09 19:10:00,123.9,25,70,36.2,0,0,0
2026-09-09 19:15:00,121.9,7,74,38.3,0,0,0
2026-09-09 19:20:00,125.4,8,71,35.7,0,0,0
2026-09-09 19:25:00,124.5,5,70,30.7,0,0,0
2026-09-09 19:30:00,123.0,17,73,35.8,0,0,0
2026-09-09 19:35:00,123.8,7,67,32.3,0,0,0
2026-09-09 19:40:00,122.6,10,66,39.3,0,0,0
2026-09-09 19:45:00,121.6,19,71,37.0,0,0,0
2026-09-09 19:50:00,121.1,15,73,38.0,0,0,0
2026-09-09 19:55:00,118.8,7,70,34.4,0,0,0
2026-09-09 20:00:00,116.1,10,68,35.2,0,0,0
2026-09-09 20:05:00,114.6,9,70,34.8,0,0,0
2026-09-09 20:10:00,113.1,22,70,35.6,0,0,0
2026-09-09 20:15:00,111.9,4,71,36.5,0,0,0
2026-09-09 20:20:00,113.9,17,72,36.6,0,0,0
2026-09-09 20:25:00,114.2,9,69,34.2,0,0,0
2026-09-09 20:30:00,113.2,6,72,34.2,0,0,0
2026-09-09 20:35:00,113.1,10,67,38.5,0,0,0
2026-09-09 20:40:00,117.1,12,67,37.4,0,0,0
2026-09-09 20:45:00,114.6,12,72,34.6,0,0,0
2026-09-09 20:50:00,115.2,8,69,35.9,0,0,0
2026-09-09 20:55:00,110.2,8,72,36.4,0,73,75
2026-09-09 21:00:00,124.0,11,73,37.6,0,0,0
2026-09-09 21:05:00,132.0,9,72,38.4,0,0,0
2026-09-09 21:10:00,140.9,5,74,38.1,0,0,0
2026-09-09 21:15:00,147.2,4,76,41.3,0,0,0
2026-09-09 21:20:00,153.4,7,73,37.4,0,0,0
2026-09-09 21:25:00,158.1,9,72,38.8,0,0,0
2026-09-09 21:30:00,160.3,5,69,40.2,0,0,0
2026-09-09 21:35:00,165.1,7,68,36.1,0,0,0
2026-09-09 21:40:00,166.5,2,67,35.4,0,0,0
2026-09-09 21:45:00,166.6,6,70,38.5,0,0,0
2026-09-09 21:50:00,168.2,3,68,36.1,0,0,0
2026-09-09 21:55:00,164.5,5,71,39.1,0,0,0
2026-09-09 22:00:00,162.7,11,69,37.3,0,0,0
2026-09-09 22:05:00,157.2,6,66,34.6,0,0,0
2026-09-09 22:10:00,153.0,7,70,38.5,0,0,0
2026-09-09 22:15:00,153.1,5,71,34.2,0,0,0
2026-09-09 22:20:00,156.1,9,70,35.9,0,0,0
2026-09-09 22:25:00,154.1,10,71,36.7,0,0,0
2026-09-09 22:30:00,154.1,8,66,37.4,0,0,0
2026-09-09 22:35:00,145.1,2,71,36.1,0,0,0
2026-09-09 22:40:00,141.1,10,69,33.5,0,0,0
2026-09-09 22:45:00,140.4,5,64,35.3,0,0,0
2026-09-09 22:50:00,137.2,7,68,32.3,0,0,0
2026-09-09 22:55:00,133.3,13,73,36.6,0,0,0
2026-09-09 23:00:00,134.7,18,69,37.5,0,0,0
2026-09-09 23:05:00,133.7,4,70,37.8,0,0,0
2026-09-09 23:10:00,134.3,8,70,33.0,0,0,0
2026-09-09 23:15:00,131.7,8,66,36.4,0,0,0
2026-09-09 23:20:00,131.7,3,67,33.6,0,0,0
2026-09-09 23:25:00,132.2,10,71,34.7,0,0,0
2026-09-09 23:30:00,130.4,8,69,33.8,0,0,0
2026-09-09 23:35:00,129.9,10,68,37.4,0,0,0
2026-09-09 23:40:00,126.8,10,72,39.3,0,0,0
2026-09-09 23:45:00,125.7,5,71,36.6,0,0,0
2026-09-09 23:50:00,122.5,2,71,34.2,0,0,0
2026-09-09 23:55:00,122.8,10,73,33.6,0,0,0
2026-09-10 00:00:00,118.9,7,69,33.4,0,0,0
2026-09-10 00:05:00,119.0,5,69,36.3,0,0,0
2026-09-10 00:10:00,119.6,7,69,36.2,0,0,0
2026-09-10 00:15:00,116.7,18,69,36.4,0,0,0
2026-09-10 00:20:00,115.2,8,67,35.6,0,0,0
2026-09-10 00:25:00,112.6,3,68,35.4,0,0,0
2026-09-10 00:30:00,108.3,5,69,37.5,0,0,0
2026-09-10 00:35:00,109.7,2,68,38.0,0,0,0
2026-09-10 00:40:00,109.2,10,73,38.2,0,0,0
2026-09-10 00:45:00,108.3,9,69,37.3,0,0,0
2026-09-10 00:50:00,105.3,10,69,36.1,0,0,0
2026-09-10 00:55:00,104.5,10,69,34.7,0,0,0
2026-09-10 01:00:00,105.1,4,66,36.5,0,0,0
2026-09-10 01:05:00,108.1,0,62,56.0,1,0,0
2026-09-10 01:10:00,106.0,0,58,57.7,1,0,0
2026-09-10 01:15:00,107.3,1,60,59.2,1,0,0
2026-09-10 01:20:00,111.9,1,63,58.9,1,0,0
2026-09-10 01:25:00,112.4,1,63,57.3,1,0,0
2026-09-10 01:30:00,113.0,1,63,57.8,1,0,0
2026-09-10 01:35:00,110.6,0,62,59.4,1,0,0
2026-09-10 01:40:00,109.5,1,57,57.7,1,0,0
2026-09-10 01:45:00,107.2,0,62,57.4,1,0,0
2026-09-10 01:50:00,109.4,0,62,58.2,1,0,0
2026-09-10 01:55:00,116.4,2,63,56.7,1,0,0
2026-09-10 02:00:00,113.7,1,60,59.7,1,0,0
2026-09-10 02:05:00,114.5,0,60,59.8,1,0,0
2026-09-10 02:10:00,113.6,1,61,57.6,1,0,0
2026-09-10 02:15:00,113.9,1,62,57.4,1,0,0
2026-09-10 02:20:00,113.1,0,58,56.9,1,0,0
2026-09-10 02:25:00,113.5,0,61,60.2,1,0,0
2026-09-10 02:30:00,110.6,0,59,59.5,1,0,0
2026-09-10 02:35:00,112.3,0,60,56.8,1,0,0
2026-09-10 02:40:00,112.2,0,60,58.8,1,0,0
2026-09-10 02:45:00,114.2,1,61,56.3,1,0,0
2026-09-10 02:50:00,113.2,0,61,58.5,1,0,0
2026-09-10 02:55:00,114.1,0,60,56.6,1,0,0
2026-09-10 03:00:00,114.6,0,62,56.4,1,0,0
2026-09-10 03:05:00,116.1,1,60,59.0,1,0,0
2026-09-10 03:10:00,115.4,0,61,59.6,1,0,0
2026-09-10 03:15:00,117.0,0,61,59.0,1,0,0
2026-09-10 03:20:00,118.2,0,60,61.0,1,0,0
2026-09-10 03:25:00,120.7,0,62,56.6,1,0,0
2026-09-10 03:30:00,119.7,0,63,59.1,1,0,0
2026-09-10 03:35:00,115.7,0,65,58.0,1,0,0
2026-09-10 03:40:00,116.7,1,62,55.9,1,0,0
2026-09-10 03:45:00,118.8,0,64,56.6,1,0,0
2026-09-10 03:50:00,119.6,0,63,58.1,1,0,0
2026-09-10 03:55:00,116.5,0,60,56.7,1,0,0
2026-09-10 04:00:00,119.8,0,63,56.0,1,0,0
2026-09-10 04:05:00,117.8,0,64,55.5,1,0,0
2026-09-10 04:10:00,117.8,0,63,56.2,1,0,0
2026-09-10 04:15:00,119.2,0,62,59.2,1,0,0
2026-09-10 04:20:00,118.2,0,62,60.2,1,0,0
2026-09-10 04:25:00,116.0,0,58,56.2,1,0,0
2026-09-10 04:30:00,115.3,0,59,59.8,1,0,0
2026-09-10 04:35:00,113.8,0,58,57.1,1,0,0
2026-09-10 04:40:00,114.7,0,62,55.2,1,0,0
2026-09-10 04:45:00,116.8,1,61,59.1,1,0,0
2026-09-10 04:50:00,118.2,0,62,61.4,1,0,0
2026-09-10 04:55:00,117.7,1,57,58.7,1,0,0
2026-09-10 05:00:00,117.7,0,59,55.2,1,0,0
2026-09-10 05:05:00,117.7,1,62,57.5,1,0,0
2026-09-10 05:10:00,118.5,0,63,58.9,1,0,0
2026-09-10 05:15:00,118.4,0,62,60.4,1,0,0
2026-09-10 05:20:00,116.3,0,61,58.6,1,0,0
2026-09-10 05:25:00,116.3,1,61,56.1,1,0,0
2026-09-10 05:30:00,120.1,0,65,57.5,1,0,0
2026-09-10 05:35:00,119.4,0,61,54.7,1,0,0
2026-09-10 05:40:00,122.5,0,63,60.7,1,0,0
2026-09-10 05:45:00,121.6,0,61,60.5,1,0,0
2026-09-10 05:50:00,126.5,0,61,56.5,1,0,0
2026-09-10 05:55:00,130.0,0,59,59.8,1,0,0
2026-09-10 06:00:00,127.8,1,64,57.7,1,0,0
2026-09-10 06:05:00,128.4,0,60,56.5,1,0,0
2026-09-10 06:10:00,124.4,0,61,57.6,1,0,0
2026-09-10 06:15:00,121.0,1,57,55.9,1,0,0
2026-09-10 06:20:00,123.2,0,64,62.3,1,0,0
2026-09-10 06:25:00,125.4,11,66,35.5,0,0,0
2026-09-10 06:30:00,125.9,9,65,36.9,0,0,0
2026-09-10 06:35:00,126.3,3,70,38.5,0,0,0
2026-09-10 06:40:00,124.3,8,71,38.1,0,0,0
2026-09-10 06:45:00,123.6,5,71,38.8,0,0,0
2026-09-10 06:50:00,121.6,11,68,38.2,0,0,0
2026-09-10 06:55:00,120.8,9,70,40.9,0,0,0
2026-09-10 07:00:00,124.4,10,70,34.2,0,0,0
2026-09-10 07:05:00,123.2,5,71,36.1,0,0,0
2026-09-10 07:10:00,124.2,7,70,38.6,0,0,0
2026-09-10 07:15:00,124.8,3,69,35.1,0,0,0
2026-09-10 07:20:00,125.9,17,73,38.4,0,0,0
2026-09-10 07:25:00,128.5,8,70,39.9,0,0,0
2026-09-10 07:30:00,125.9,8,69,36.6,0,0,0
2026-09-10 07:35:00,124.5,9,66,31.5,0,0,0
2026-09-10 07:40:00,124.9,4,73,34.8,0,0,0
2026-09-10 07:45:00,122.5,6,70,35.7,0,0,0
2026-09-10 07:50:00,119.8,4,72,38.8,0,0,0
2026-09-10 07:55:00,118.7,17,70,37.3,0,0,0
2026-09-10 08:00:00,121.8,16,70,38.7,0,0,0
2026-09-10 08:05:00,122.1,8,76,37.6,0,44,65
2026-09-10 08:10:00,127.1,17,69,37.0,0,0,0
2026-09-10 08:15:00,129.1,8,72,37.4,0,0,0
2026-09-10 08:20:00,132.7,374,96,30.5,0,0,0
2026-09-10 08:25:00,131.9,375,94,36.1,0,0,0
2026-09-10 08:30:00,130.7,8,72,34.4,0,0,0
2026-09-10 08:35:00,135.7,11,72,33.8,0,0,0
2026-09-10 08:40:00,134.0,4,71,34.2,0,0,0
2026-09-10 08:45:00,133.5,17,70,33.5,0,0,0
2026-09-10 08:50:00,134.1,13,69,36.8,0,0,0
2026-09-10 08:55:00,134.7,6,70,38.1,0,0,0
2026-09-10 09:00:00,131.0,7,68,37.9,0,0,0
2026-09-10 09:05:00,130.5,19,69,36.5,0,0,0
2026-09-10 09:10:00,130.7,10,66,39.0,0,0,0
2026-09-10 09:15:00,127.7,4,67,34.7,0,0,0
2026-09-10 09:20:00,127.7,8,70,37.9,0,0,0
2026-09-10 09:25:00,127.8,5,72,39.7,0,0,0
2026-09-10 09:30:00,131.8,3,72,31.6,0,0,0
2026-09-10 09:35:00,129.8,12,70,33.8,0,0,0
2026-09-10 09:40:00,125.9,9,73,37.8,0,0,0
2026-09-10 09:45:00,127.5,4,67,36.1,0,0,0
2026-09-10 09:50:00,126.3,11,68,39.8,0,0,0
2026-09-10 09:55:00,125.6,4,70,34.4,0,0,0
2026-09-10 10:00:00,126.6,3,69,38.3,0,0,0
2026-09-10 10:05:00,123.7,13,71,38.3,0,0,0
2026-09-10 10:10:00,125.1,4,71,38.0,0,0,0
2026-09-10 10:15:00,125.9,7,69,36.7,0,0,0
2026-09-10 10:20:00,128.5,12,70,32.7,0,0,0
2026-09-10 10:25:00,127.1,17,71,32.7,0,0,0
2026-09-10 10:30:00,128.1,3,70,36.0,0,0,0
2026-09-10 10:35:00,127.6,6,69,33.2,0,0,0
2026-09-10 10:40:00,123.7,9,70,36.2,0,0,0
2026-09-10 10:45:00,122.7,5,70,36.8,0,0,0
2026-09-10 10:50:00,120.4,13,65,35.0,0,0,0
2026-09-10 10:55:00,120.6,3,68,38.8,0,0,0
2026-09-10 11:00:00,118.4,9,67,36.7,0,0,0
2026-09-10 11:05:00,117.0,7,70,36.1,0,0,0
2026-09-10 11:10:00,120.8,8,68,35.7,0,0,0
2026-09-10 11:15:00,121.7,9,67,40.4,0,0,0
2026-09-10 11:20:00,121.5,2,66,38.8,0,0,0
2026-09-10 11:25:00,122.7,8,70,38.0,0,0,0
2026-09-10 11:30:00,123.0,10,69,34.2,0,0,0
2026-09-10 11:35:00,122.4,3,68,35.8,0,0,0
2026-09-10 11:40:00,122.1,6,68,33.9,0,0,0
2026-09-10 11:45:00,123.3,3,71,38.4,0,0,0
2026-09-10 11:50:00,120.2,6,70,38.3,0,0,0
2026-09-10 11:55:00,119.6,8,73,37.7,0,0,0
2026-09-10 12:00:00,119.0,10,72,37.1,0,0,0
2026-09-10 12:05:00,117.9,4,66,33.8,0,0,0
2026-09-10 12:10:00,118.7,5,70,34.5,0,0,0
2026-09-10 12:15:00,117.8,7,69,38.7,0,0,0
2026-09-10 12:20:00,116.8,5,70,38.8,0,0,0
2026-09-10 12:25:00,115.5,6,71,37.5,0,0,0
2026-09-10 12:30:00,114.7,9,68,40.3,0,0,0
2026-09-10 12:35:00,118.4,4,69,33.4,0,0,0
2026-09-10 12:40:00,120.1,5,71,32.5,0,0,0
2026-09-10 12:45:00,118.2,9,72,41.0,0,0,0
2026-09-10 12:50:00,117.2,5,67,34.3,0,0,0
2026-09-10 12:55:00,115.2,3,71,37.2,0,0,0
2026-09-10 13:00:00,116.6,6,68,38.8,0,0,0
2026-09-10 13:05:00,116.9,8,68,33.4,0,0,0
2026-09-10 13:10:00,114.7,14,70,34.1,0,0,0
2026-09-10 13:15:00,115.6,9,69,37.1,0,0,0
2026-09-10 13:20:00,119.9,7,65,32.7,0,0,0
2026-09-10 13:25:00,119.0,4,72,35.0,0,109,70
2026-09-10 13:30:00,135.7,7,73,36.4,0,0,0
2026-09-10 13:35:00,143.9,6,72,36.3,0,0,0
2026-09-10 13:40:00,158.3,9,71,35.9,0,0,0
2026-09-10 13:45:00,169.0,6,74,34.7,0,0,0
2026-09-10 13:50:00,174.1,13,75,34.4,0,0,0
2026-09-10 13:55:00,181.7,5,70,37.1,0,0,0
2026-09-10 14:00:00,185.9,11,67,37.3,0,0,0
2026-09-10 14:05:00,186.2,11,69,34.4,0,0,0
2026-09-10 14:10:00,186.9,10,74,34.8,0,0,0
2026-09-10 14:15:00,183.7,12,69,36.7,0,0,0
2026-09-10 14:20:00,181.9,28,69,35.5,0,0,0
2026-09-10 14:25:00,178.7,7,68,33.4,0,0,0
2026-09-10 14:30:00,172.4,10,69,37.9,0,0,0
2026-09-10 14:35:00,169.6,12,69,38.3,0,0,0
2026-09-10 14:40:00,169.4,11,69,34.8,0,0,0
2026-09-10 14:45:00,166.8,6,69,36.5,0,0,0
2026-09-10 14:50:00,164.1,10,70,35.6,0,0,0
2026-09-10 14:55:00,164.7,24,70,34.3,0,0,0
2026-09-10 15:00:00,158.9,6,68,35.6,0,0,0
2026-09-10 15:05:00,153.3,11,67,38.4,0,0,0
2026-09-10 15:10:00,150.7,9,68,34.4,0,0,0
2026-09-10 15:15:00,149.2,9,68,38.3,0,0,0
2026-09-10 15:20:00,146.5,8,70,39.9,0,0,0
2026-09-10 15:25:00,145.1,5,68,36.8,0,0,0
2026-09-10 15:30:00,138.6,11,70,35.9,0,0,0
2026-09-10 15:35:00,137.2,8,72,32.8,0,0,0
2026-09-10 15:40:00,138.1,11,70,37.5,0,0,0
2026-09-10 15:45:00,139.0,10,68,39.0,0,0,0
2026-09-10 15:50:00,141.3,2,70,36.2,0,0,0
2026-09-10 15:55:00,139.6,15,68,34.3,0,0,0
2026-09-10 16:00:00,138.4,4,70,34.8,0,0,0
2026-09-10 16:05:00,135.1,8,69,34.1,0,0,0
2026-09-10 16:10:00,129.9,11,68,38.2,0,0,0
2026-09-10 16:15:00,129.1,5,68,35.7,0,0,0
2026-09-10 16:20:00,129.2,21,69,37.8,0,0,0
2026-09-10 16:25:00,126.2,7,69,35.2,0,0,0
2026-09-10 16:30:00,123.7,15,70,34.1,0,0,0
2026-09-10 16:35:00,122.2,10,71,34.4,0,0,0
2026-09-10 16:40:00,119.9,7,72,36.2,0,0,0
2026-09-10 16:45:00,116.8,3,66,37.4,0,0,0
2026-09-10 16:50:00,119.1,6,70,34.6,0,0,0
2026-09-10 16:55:00,119.7,6,68,33.2,0,0,0
2026-09-10 17:00:00,123.8,6,68,38.8,0,0,0
2026-09-10 17:05:00,123.0,5,72,33.0,0,0,0
2026-09-10 17:10:00,121.1,5,71,31.5,0,0,0
2026-09-10 17:15:00,120.4,7,69,36.4,0,0,0
2026-09-10 17:20:00,122.7,7,69,35.4,0,0,0
2026-09-10 17:25:00,121.4,9,68,35.3,0,0,0
2026-09-10 17:30:00,121.9,350,91,33.6,0,0,0
2026-09-10 17:35:00,120.0,358,92,32.0,0,0,0
2026-09-10 17:40:00,120.3,7,69,36.9,0,0,0
2026-09-10 17:45:00,117.2,3,70,33.4,0,0,0
2026-09-10 17:50:00,117.2,4,70,37.1,0,0,0
2026-09-10 17:55:00,116.4,3,72,36.8,0,29,60
2026-09-10 18:00:00,118.4,7,71,34.0,0,0,0
2026-09-10 18:05:00,123.3,13,72,36.2,0,0,0
2026-09-10 18:10:00,128.3,4,73,31.5,0,0,0
2026-09-10 18:15:00,127.3,7,74,38.6,0,0,0
2026-09-10 18:20:00,123.3,2,73,34.9,0,0,0
2026-09-10 18:25:00,122.4,4,71,34.3,0,0,0
2026-09-10 18:30:00,121.2,14,70,34.9,0,0,0
2026-09-10 18:35:00,123.7,8,69,36.6,0,0,0
2026-09-10 18:40:00,124.1,24,70,32.0,0,0,0
2026-09-10 18:45:00,122.4,5,69,34.2,0,0,0
2026-09-10 18:50:00,122.9,7,69,38.8,0,0,0
2026-09-10 18:55:00,120.1,2,69,39.5,0,0,0
2026-09-10 19:00:00,118.1,9,68,35.3,0,0,0
2026-09-10 19:05:00,119.1,5,69,39.2,0,0,0
2026-09-10 19:10:00,120.9,12,67,36.4,0,0,0
2026-09-10 19:15:00,118.9,8,67,37.6,0,0,0
2026-09-10 19:20:00,121.0,6,72,36.6,0,0,0
2026-09-10 19:25:00,120.4,12,73,37.4,0,0,0
2026-09-10 19:30:00,121.4,6,69,38.8,0,0,0
2026-09-10 19:35:00,121.2,3,66,33.0,0,0,0
2026-09-10 19:40:00,120.9,3,69,37.4,0,0,0
2026-09-10 19:45:00,122.4,9,70,39.0,0,0,0
2026-09-10 19:50:00,118.0,7,69,37.9,0,0,0
2026-09-10 19:55:00,115.4,12,66,34.4,0,0,0
2026-09-10 20:00:00,113.3,5,70,37.7,0,0,0
2026-09-10 20:05:00,114.5,7,67,34.1,0,0,0
2026-09-10 20:10:00,111.4,21,71,33.6,0,0,0
2026-09-10 20:15:00,112.7,3,68,34.5,0,0,0
2026-09-10 20:20:00,110.5,3,71,36.7,0,0,0
2026-09-10 20:25:00,111.0,10,65,36.4,0,0,0
2026-09-10 20:30:00,112.9,7,74,39.8,0,0,0
2026-09-10 20:35:00,110.8,17,71,34.1,0,0,0
2026-09-10 20:40:00,112.6,8,72,31.9,0,0,0
2026-09-10 20:45:00,111.0,7,72,37.6,0,0,0
2026-09-10 20:50:00,112.6,9,71,38.1,0,0,0
2026-09-10 20:55:00,112.6,9,71,36.1,0,0,0
2026-09-10 21:00:00,109.6,8,67,36.4,0,0,0
2026-09-10 21:05:00,112.3,10,66,35.8,0,0,0
2026-09-10 21:10:00,107.9,7,69,36.6,0,0,0
2026-09-10 21:15:00,109.0,6,68,35.9,0,0,0
2026-09-10 21:20:00,108.9,11,69,33.4,0,0,0
2026-09-10 21:25:00,110.5,15,68,34.1,0,0,0
2026-09-10 21:30:00,108.6,4,77,40.0,0,96,70
2026-09-10 21:35:00,124.1,9,71,36.7,0,0,0
2026-09-10 21:40:00,132.4,18,71,39.4,0,0,0
2026-09-10 21:45:00,142.1,5,73,38.4,0,0,0
2026-09-10 21:50:00,150.8,16,73,33.8,0,0,0
2026-09-10 21:55:00,158.1,10,71,35.9,0,0,0
2026-09-10 22:00:00,162.3,10,72,33.8,0,0,0
2026-09-10 22:05:00,166.5,16,66,37.7,0,0,0
2026-09-10 22:10:00,166.0,6,71,39.0,0,0,0
2026-09-10 22:15:00,167.5,12,70,36.6,0,0,0
2026-09-10 22:20:00,169.0,8,70,36.9,0,0,0
2026-09-10 22:25:00,168.1,5,67,37.9,0,0,0
2026-09-10 22:30:00,167.2,13,71,33.8,0,0,0
2026-09-10 22:35:00,168.0,7,70,37.5,0,0,0
2026-09-10 22:40:00,163.4,10,68,34.2,0,0,0
2026-09-10 22:45:00,163.6,8,72,35.8,0,0,0
2026-09-10 22:50:00,161.1,6,69,35.1,0,0,0
2026-09-10 22:55:00,158.1,13,71,36.0,0,0,0
2026-09-10 23:00:00,157.6,3,72,36.0,0,0,0
2026-09-10 23:05:00,154.9,4,71,34.5,0,0,0
2026-09-10 23:10:00,150.6,16,72,37.7,0,0,0
2026-09-10 23:15:00,145.6,7,72,31.3,0,0,0
2026-09-10 23:20:00,142.6,3,71,36.9,0,0,0
2026-09-10 23:25:00,141.6,4,70,34.5,0,0,0
2026-09-10 23:30:00,140.6,14,70,33.8,0,0,0
2026-09-10 23:35:00,139.8,10,70,36.2,0,0,0
2026-09-10 23:40:00,135.6,7,68,37.7,0,0,0
2026-09-10 23:45:00,131.7,5,68,35.3,0,0,0
2026-09-10 23:50:00,133.4,1,62,57.5,1,0,0
2026-09-10 23:55:00,132.8,0,62,55.2,1,0,0
2026-09-11 00:00:00,129.9,0,60,59.9,1,0,0
2026-09-11 00:05:00,126.4,1,61,63.2,1,0,0
2026-09-11 00:10:00,123.6,0,62,59.8,1,0,0
2026-09-11 00:15:00,122.3,0,59,60.7,1,0,0
2026-09-11 00:20:00,120.2,1,60,55.7,1,0,0
2026-09-11 00:25:00,121.4,0,61,57.9,1,0,0
2026-09-11 00:30:00,116.2,2,61,60.3,1,0,0
2026-09-11 00:35:00,117.3,0,61,61.2,1,0,0
2026-09-11 00:40:00,115.7,0,62,58.1,1,0,0
2026-09-11 00:45:00,116.6,0,63,55.9,1,0,0
2026-09-11 00:50:00,115.6,2,64,59.9,1,0,0
2026-09-11 00:55:00,115.9,0,59,59.0,1,0,0
2026-09-11 01:00:00,115.0,1,60,59.8,1,0,0
2026-09-11 01:05:00,111.8,0,60,58.2,1,0,0
2026-09-11 01:10:00,117.0,0,61,57.5,1,0,0
2026-09-11 01:15:00,117.4,0,60,60.0,1,0,0
2026-09-11 01:20:00,114.4,0,62,56.0,1,0,0
2026-09-11 01:25:00,111.4,0,64,55.7,1,0,0
2026-09-11 01:30:00,111.8,1,60,56.6,1,0,0
2026-09-11 01:35:00,112.6,0,61,60.5,1,0,0
2026-09-11 01:40:00,112.6,0,59,59.7,1,0,0
2026-09-11 01:45:00,111.6,0,62,57.8,1,0,0
2026-09-11 01:50:00,110.2,0,62,60.2,1,0,0
2026-09-11 01:55:00,107.7,0,61,60.8,1,0,0
2026-09-11 02:00:00,108.9,0,62,57.9,1,0,0
2026-09-11 02:05:00,108.6,0,59,56.8,1,0,0
2026-09-11 02:10:00,108.1,0,63,56.3,1,0,0
2026-09-11 02:15:00,111.7,0,60,55.3,1,0,0
2026-09-11 02:20:00,113.2,1,60,58.7,1,0,0
2026-09-11 02:25:00,111.1,0,60,62.2,1,0,0
2026-09-11 02:30:00,116.2,1,60,59.4,1,0,0
2026-09-11 02:35:00,115.7,0,63,59.2,1,0,0
2026-09-11 02:40:00,117.1,0,60,60.8,1,0,0
2026-09-11 02:45:00,117.2,0,62,60.8,1,0,0
2026-09-11 02:50:00,115.8,0,65,60.6,1,0,0
2026-09-11 02:55:00,116.3,0,62,59.2,1,0,0
2026-09-11 03:00:00,115.4,0,60,54.7,1,0,0
2026-09-11 03:05:00,115.2,0,63,58.9,1,0,0
2026-09-11 03:10:00,113.5,0,56,56.1,1,0,0
2026-09-11 03:15:00,113.5,2,59,59.2,1,0,0
2026-09-11 03:20:00,110.7,0,66,56.7,1,0,0
2026-09-11 03:25:00,109.5,0,61,58.7,1,0,0
2026-09-11 03:30:00,108.6,0,62,62.3,1,0,0
2026-09-11 03:35:00,111.3,0,61,60.1,1,0,0
2026-09-11 03:40:00,113.6,0,59,58.9,1,0,0
2026-09-11 03:45:00,115.2,0,62,58.4,1,0,0
2026-09-11 03:50:00,114.3,0,62,57.0,1,0,0
2026-09-11 03:55:00,116.2,0,60,57.7,1,0,0
2026-09-11 04:00:00,118.5,0,63,62.4,1,0,0
2026-09-11 04:05:00,118.3,1,62,55.2,1,0,0
2026-09-11 04:10:00,116.8,0,62,61.5,1,0,0
2026-09-11 04:15:00,117.9,1,62,59.3,1,0,0
2026-09-11 04:20:00,113.8,1,62,57.3,1,0,0
2026-09-11 04:25:00,120.2,0,64,55.8,1,0,0
2026-09-11 04:30:00,119.8,0,60,60.3,1,0,0
2026-09-11 04:35:00,120.9,0,63,59.3,1,0,0
2026-09-11 04:40:00,121.6,0,59,57.4,1,0,0
2026-09-11 04:45:00,121.8,0,63,57.7,1,0,0
2026-09-11 04:50:00,124.7,0,63,60.9,1,0,0
2026-09-11 04:55:00,125.0,0,64,57.2,1,0,0
2026-09-11 05:00:00,125.6,0,60,61.1,1,0,0
2026-09-11 05:05:00,128.6,0,59,60.2,1,0,0
2026-09-11 05:10:00,126.2,1,63,58.3,1,0,0
2026-09-11 05:15:00,129.1,0,61,60.7,1,0,0
2026-09-11 05:20:00,126.8,0,61,59.8,1,0,0
2026-09-11 05:25:00,130.5,1,57,56.5,1,0,0
2026-09-11 05:30:00,130.7,0,64,59.6,1,0,0
2026-09-11 05:35:00,131.0,0,60,59.4,1,0,0
2026-09-11 05:40:00,129.6,1,61,58.4,1,0,0
2026-09-11 05:45:00,128.7,0,60,59.2,1,0,0
2026-09-11 05:50:00,122.8,0,57,58.5,1,0,0
2026-09-11 05:55:00,125.6,0,63,59.9,1,0,0
2026-09-11 06:00:00,125.7,0,61,54.1,1,0,0
2026-09-11 06:05:00,126.4,0,60,59.2,1,0,0
2026-09-11 06:10:00,124.9,7,72,39.7,0,0,0
2026-09-11 06:15:00,125.6,6,68,37.7,0,0,0
2026-09-11 06:20:00,126.7,18,70,37.5,0,0,0
2026-09-11 06:25:00,125.9,7,70,34.7,0,0,0
2026-09-11 06:30:00,126.9,10,69,38.2,0,0,0
2026-09-11 06:35:00,129.0,6,68,34.9,0,0,0
2026-09-11 06:40:00,124.7,6,72,35.3,0,0,0
2026-09-11 06:45:00,128.9,8,70,34.1,0,0,0
2026-09-11 06:50:00,127.1,2,69,36.0,0,0,0
2026-09-11 06:55:00,128.2,9,71,36.1,0,0,0
2026-09-11 07:00:00,127.0,9,69,38.1,0,0,0
2026-09-11 07:05:00,126.8,3,68,37.1,0,0,0
2026-09-11 07:10:00,121.5,8,69,35.1,0,0,0
2026-09-11 07:15:00,117.8,10,69,36.2,0,0,0
2026-09-11 07:20:00,113.3,6,68,35.8,0,0,0
2026-09-11 07:25:00,114.2,10,70,39.4,0,0,0
2026-09-11 07:30:00,120.1,17,69,33.8,0,0,0
2026-09-11 07:35:00,119.6,13,68,34.1,0,0,0
2026-09-11 07:40:00,117.1,12,73,35.5,0,0,0
2026-09-11 07:45:00,113.1,12,71,37.5,0,0,0
2026-09-11 07:50:00,111.6,20,71,39.2,0,0,0
2026-09-11 07:55:00,112.5,15,67,39.4,0,0,0
2026-09-11 08:00:00,111.9,6,68,34.0,0,0,0
2026-09-11 08:05:00,109.0,7,70,35.6,0,52,65
2026-09-11 08:10:00,118.8,2,69,38.1,0,0,0
2026-09-11 08:15:00,124.2,8,72,34.3,0,0,0
2026-09-11 08:20:00,129.1,5,74,37.8,0,0,0
2026-09-11 08:25:00,134.2,12,71,35.0,0,0,0
2026-09-11 08:30:00,137.8,9,74,36.5,0,0,0
2026-09-11 08:35:00,139.8,15,74,35.2,0,0,0
2026-09-11 08:40:00,138.2,3,70,35.0,0,0,0
2026-09-11 08:45:00,140.8,17,70,38.8,0,0,0
2026-09-11 08:50:00,142.1,7,73,37.5,0,0,0
2026-09-11 08:55:00,144.5,4,72,37.0,0,0,0
2026-09-11 09:00:00,145.2,8,70,38.0,0,0,0
2026-09-11 09:05:00,143.1,13,69,32.0,0,0,0
2026-09-11 09:10:00,144.6,3,70,37.8,0,0,0
2026-09-11 09:15:00,143.8,2,69,35.8,0,0,0
2026-09-11 09:20:00,141.1,3,70,32.7,0,0,0
2026-09-11 09:25:00,139.4,12,70,31.7,0,0,0
2026-09-11 09:30:00,133.7,4,68,36.6,0,0,0
2026-09-11 09:35:00,129.8,6,67,32.9,0,0,0
2026-09-11 09:40:00,133.4,9,69,38.1,0,0,0
2026-09-11 09:45:00,130.1,5,70,38.9,0,0,0
2026-09-11 09:50:00,126.9,8,69,36.6,0,0,0
2026-09-11 09:55:00,124.6,9,69,37.8,0,0,0
2026-09-11 10:00:00,124.8,5,71,36.2,0,0,0
2026-09-11 10:05:00,127.3,4,68,35.9,0,0,0
2026-09-11 10:10:00,125.2,2,66,37.5,0,0,0
2026-09-11 10:15:00,124.9,3,68,35.5,0,0,0
2026-09-11 10:20:00,125.1,11,72,32.6,0,0,0
2026-09-11 10:25:00,124.7,8,70,34.9,0,0,0
2026-09-11 10:30:00,124.1,6,69,38.2,0,0,0
2026-09-11 10:35:00,126.2,13,69,34.9,0,0,0
2026-09-11 10:40:00,125.8,13,67,39.0,0,0,0
2026-09-11 10:45:00,125.1,11,68,38.4,0,0,0
2026-09-11 10:50:00,126.5,6,68,35.2,0,0,0
2026-09-11 10:55:00,125.5,12,71,37.1,0,0,0
2026-09-11 11:00:00,121.3,7,66,36.7,0,0,0
2026-09-11 11:05:00,117.5,4,71,33.7,0,0,0
2026-09-11 11:10:00,118.6,10,72,32.3,0,0,0
2026-09-11 11:15:00,118.5,8,69,36.0,0,0,0
2026-09-11 11:20:00,118.9,5,69,37.7,0,0,0
2026-09-11 11:25:00,120.3,4,71,36.5,0,0,0
2026-09-11 11:30:00,118.9,4,67,39.8,0,0,0
2026-09-11 11:35:00,118.4,9,71,37.0,0,0,0
2026-09-11 11:40:00,120.4,20,70,40.3,0,0,0
2026-09-11 11:45:00,117.1,13,66,34.0,0,0,0
2026-09-11 11:50:00,116.0,4,69,36.7,0,0,0
2026-09-11 11:55:00,119.1,8,75,35.7,0,0,0
2026-09-11 12:00:00,119.1,3,69,36.6,0,0,0
2026-09-11 12:05:00,117.8,6,71,35.0,0,0,0
2026-09-11 12:10:00,117.5,26,69,38.1,0,0,0
2026-09-11 12:15:00,117.4,7,71,35.8,0,0,0
2026-09-11 12:20:00,118.2,8,73,35.1,0,0,0
2026-09-11 12:25:00,119.8,6,71,35.0,0,0,0
2026-09-11 12:30:00,120.1,2,68,37.7,0,0,0
2026-09-11 12:35:00,120.6,8,68,38.6,0,0,0
2026-09-11 12:40:00,121.5,8,72,35.7,0,0,0
2026-09-11 12:45:00,119.2,7,67,36.2,0,0,0
2026-09-11 12:50:00,120.4,8,68,35.1,0,0,0
2026-09-11 12:55:00,117.2,17,67,37.3,0,0,0
2026-09-11 13:00:00,117.5,6,70,34.6,0,0,0
2026-09-11 13:05:00,115.2,10,70,40.6,0,0,0
2026-09-11 13:10:00,112.3,8,72,34.9,0,0,0
2026-09-11 13:15:00,109.8,10,69,36.5,0,0,0
2026-09-11 13:20:00,109.0,4,67,33.4,0,0,0
2026-09-11 13:25:00,111.5,9,70,34.8,0,0,0
2026-09-11 13:30:00,109.8,8,70,40.1,0,0,0
2026-09-11 13:35:00,107.6,6,69,34.3,0,0,0
2026-09-11 13:40:00,106.5,7,73,34.6,0,111,70
2026-09-11 13:45:00,121.3,2,71,40.7,0,0,0
2026-09-11 13:50:00,131.2,10,74,36.5,0,0,0
2026-09-11 13:55:00,143.8,14,71,39.1,0,0,0
2026-09-11 14:00:00,152.7,4,73,37.8,0,0,0
2026-09-11 14:05:00,161.2,8,72,36.7,0,0,0
2026-09-11 14:10:00,164.4,12,70,33.5,0,0,0
2026-09-11 14:15:00,166.4,6,67,35.7,0,0,0
2026-09-11 14:20:00,169.3,4,66,35.0,0,0,0
2026-09-11 14:25:00,171.5,12,71,37.2,0,0,0
2026-09-11 14:30:00,171.9,5,73,37.2,0,0,0
2026-09-11 14:35:00,168.9,8,70,37.2,0,0,0
2026-09-11 14:40:00,164.4,19,68,37.8,0,0,0
2026-09-11 14:45:00,166.5,11,72,36.1,0,0,0
2026-09-11 14:50:00,164.1,7,72,35.5,0,0,0
2026-09-11 14:55:00,162.0,14,72,34.0,0,0,0
2026-09-11 15:00:00,160.6,3,72,37.9,0,0,0
2026-09-11 15:05:00,157.6,5,71,37.9,0,0,0
2026-09-11 15:10:00,154.5,20,68,34.8,0,0,0
2026-09-11 15:15:00,157.1,5,66,36.4,0,0,0
2026-09-11 15:20:00,154.2,7,71,36.9,0,0,0
2026-09-11 15:25:00,151.5,5,69,36.7,0,0,0
2026-09-11 15:30:00,149.1,6,68,35.3,0,0,0
2026-09-11 15:35:00,146.9,3,69,37.8,0,0,0
2026-09-11 15:40:00,143.2,19,71,34.6,0,0,0
2026-09-11 15:45:00,141.7,10,69,38.1,0,0,0
2026-09-11 15:50:00,139.3,6,71,40.5,0,0,0
2026-09-11 15:55:00,135.1,10,70,35.9,0,0,0
2026-09-11 16:00:00,133.9,7,69,34.4,0,0,0
2026-09-11 16:05:00,134.7,8,70,34.4,0,0,0
2026-09-11 16:10:00,131.7,4,69,34.5,0,0,0
2026-09-11 16:15:00,127.7,9,68,36.0,0,0,0
2026-09-11 16:20:00,122.1,8,68,33.4,0,0,0
2026-09-11 16:25:00,120.9,7,67,34.3,0,0,0
2026-09-11 16:30:00,118.2,6,68,36.9,0,0,0
2026-09-11 16:35:00,116.0,10,70,36.1,0,0,0
2026-09-11 16:40:00,115.6,8,65,37.2,0,0,0
2026-09-11 16:45:00,115.3,19,68,37.2,0,0,0
2026-09-11 16:50:00,115.1,10,71,36.7,0,0,0
2026-09-11 16:55:00,118.0,7,67,39.4,0,0,0
2026-09-11 17:00:00,118.9,9,69,34.7,0,0,0
2026-09-11 17:05:00,119.5,8,65,36.8,0,0,0
2026-09-11 17:10:00,116.3,14,72,36.3,0,0,0
2026-09-11 17:15:00,116.9,16,66,35.2,0,0,0
2026-09-11 17:20:00,122.0,11,70,37.7,0,0,0
2026-09-11 17:25:00,123.0,8,71,35.0,0,0,0
2026-09-11 17:30:00,122.1,9,68,37.4,0,0,0
2026-09-11 17:35:00,119.9,7,70,37.8,0,0,0
2026-09-11 17:40:00,121.4,10,71,34.7,0,0,0
2026-09-11 17:45:00,119.6,7,73,34.3,0,19,50
2026-09-11 17:50:00,121.6,16,72,35.1,0,0,0
2026-09-11 17:55:00,124.2,480,99,35.0,0,0,0
2026-09-11 18:00:00,127.8,477,102,34.6,0,0,0
2026-09-11 18:05:00,129.7,476,100,37.9,0,0,0
2026-09-11 18:10:00,126.1,481,104,37.7,0,0,0
2026-09-11 18:15:00,126.3,9,67,35.9,0,0,0
2026-09-11 18:20:00,126.2,9,68,37.8,0,0,0
2026-09-11 18:25:00,126.0,7,68,36.6,0,0,0
2026-09-11 18:30:00,123.4,7,75,41.8,0,0,0
2026-09-11 18:35:00,123.5,8,71,38.5,0,0,0
2026-09-11 18:40:00,122.7,9,68,37.7,0,0,0
2026-09-11 18:45:00,122.0,3,70,38.8,0,0,0
2026-09-11 18:50:00,119.7,4,68,36.0,0,0,0
2026-09-11 18:55:00,117.5,6,74,36.4,0,0,0
2026-09-11 19:00:00,116.2,9,72,34.8,0,0,0
2026-09-11 19:05:00,114.1,3,69,35.9,0,0,0
2026-09-11 19:10:00,117.1,4,68,39.2,0,0,0
2026-09-11 19:15:00,121.1,9,75,33.4,0,0,0
2026-09-11 19:20:00,122.9,12,67,37.9,0,0,0
2026-09-11 19:25:00,119.0,6,71,37.3,0,0,0
2026-09-11 19:30:00,117.3,6,72,35.5,0,0,0
2026-09-11 19:35:00,117.1,6,68,38.2,0,0,0
2026-09-11 19:40:00,116.5,10,71,37.8,0,0,0
2026-09-11 19:45:00,115.0,11,68,34.8,0,0,0
2026-09-11 19:50:00,117.3,13,66,32.5,0,0,0
2026-09-11 19:55:00,115.2,4,65,36.5,0,0,0
2026-09-11 20:00:00,116.9,6,68,37.8,0,0,0
2026-09-11 20:05:00,115.6,8,66,36.4,0,0,0
2026-09-11 20:10:00,116.3,2,72,38.4,0,0,0
2026-09-11 20:15:00,112.6,10,70,33.9,0,0,0
2026-09-11 20:20:00,114.8,13,70,37.6,0,0,0
2026-09-11 20:25:00,112.3,18,69,37.6,0,0,0
2026-09-11 20:30:00,113.6,8,71,36.9,0,0,0
2026-09-11 20:35:00,113.0,9,75,37.8,0,56,55
2026-09-11 20:40:00,118.9,7,74,37.1,0,0,0
2026-09-11 20:45:00,127.0,20,70,38.1,0,0,0
2026-09-11 20:50:00,130.0,12,73,39.0,0,0,0
2026-09-11 20:55:00,135.4,5,71,38.1,0,0,0
2026-09-11 21:00:00,139.3,14,69,34.8,0,0,0
2026-09-11 21:05:00,140.2,6,69,36.9,0,0,0
2026-09-11 21:10:00,141.5,15,68,39.1,0,0,0
2026-09-11 21:15:00,139.0,6,67,35.9,0,0,0
2026-09-11 21:20:00,136.7,1,70,35.9,0,0,0
2026-09-11 21:25:00,137.9,5,69,36.0,0,0,0
2026-09-11 21:30:00,139.1,1,70,36.6,0,0,0
2026-09-11 21:35:00,137.4,17,71,32.7,0,0,0
2026-09-11 21:40:00,135.5,4,73,36.9,0,0,0
2026-09-11 21:45:00,139.1,4,69,35.8,0,0,0
2026-09-11 21:50:00,140.9,6,70,38.1,0,0,0
2026-09-11 21:55:00,140.7,9,71,33.8,0,0,0
2026-09-11 22:00:00,138.0,11,68,32.6,0,0,0
2026-09-11 22:05:00,132.3,14,71,35.4,0,0,0
2026-09-11 22:10:00,132.5,2,69,33.6,0,0,0
2026-09-11 22:15:00,128.5,7,68,37.0,0,0,0
2026-09-11 22:20:00,124.9,3,69,37.3,0,0,0
2026-09-11 22:25:00,126.5,8,74,36.4,0,0,0
2026-09-11 22:30:00,124.4,15,73,35.7,0,0,0
2026-09-11 22:35:00,124.7,4,68,36.1,0,0,0
2026-09-11 22:40:00,125.8,4,69,38.6,0,0,0
2026-09-11 22:45:00,121.9,3,69,35.1,0,0,0
2026-09-11 22:50:00,120.2,12,70,36.6,0,0,0
2026-09-11 22:55:00,118.1,4,72,38.2,0,0,0
2026-09-11 23:00:00,116.3,9,71,35.2,0,0,0
2026-09-11 23:05:00,117.3,7,72,37.6,0,0,0
2026-09-11 23:10:00,114.5,12,73,39.1,0,0,0
2026-09-11 23:15:00,118.2,4,70,37.4,0,0,0
2026-09-11 23:20:00,119.0,19,72,36.1,0,0,0
2026-09-11 23:25:00,119.4,11,70,38.4,0,0,0
2026-09-11 23:30:00,118.7,9,73,35.3,0,0,0
2026-09-11 23:35:00,117.7,13,73,36.6,0,0,0
2026-09-11 23:40:00,116.0,6,69,36.8,0,0,0
2026-09-11 23:45:00,114.0,6,70,35.1,0,0,0
2026-09-11 23:50:00,111.5,16,67,35.2,0,0,0
2026-09-11 23:55:00,112.4,14,73,33.5,0,0,0
2026-09-12 00:00:00,107.0,3,71,35.7,0,0,0
2026-09-12 00:05:00,105.9,20,69,39.3,0,0,0
2026-09-12 00:10:00,106.9,8,69,38.3,0,0,0
2026-09-12 00:15:00,109.5,15,68,36.0,0,0,0
2026-09-12 00:20:00,108.5,5,69,38.2,0,0,0
2026-09-12 00:25:00,109.0,4,70,34.9,0,0,0
2026-09-12 00:30:00,111.0,9,69,36.5,0,0,0
2026-09-12 00:35:00,107.1,12,72,34.5,0,0,0
2026-09-12 00:40:00,109.5,9,68,41.9,0,0,0
2026-09-12 00:45:00,108.6,11,69,38.1,0,0,0
2026-09-12 00:50:00,109.4,13,69,36.3,0,0,0
2026-09-12 00:55:00,106.6,1,71,34.8,0,0,0
2026-09-12 01:00:00,104.3,11,72,39.1,0,0,0
2026-09-12 01:05:00,105.8,8,72,36.7,0,0,0
2026-09-12 01:10:00,109.5,7,67,36.4,0,0,0
2026-09-12 01:15:00,108.3,17,69,37.7,0,0,0
2026-09-12 01:20:00,111.1,8,70,38.5,0,0,0
2026-09-12 01:25:00,110.8,7,68,37.3,0,0,0
2026-09-12 01:30:00,110.5,4,70,35.4,0,0,0
2026-09-12 01:35:00,112.8,2,66,41.7,0,0,0
2026-09-12 01:40:00,113.9,10,65,36.4,0,0,0
2026-09-12 01:45:00,111.8,18,66,36.0,0,0,0
2026-09-12 01:50:00,111.2,9,68,38.3,0,0,0
2026-09-12 01:55:00,109.7,1,61,62.4,1,0,0
2026-09-12 02:00:00,106.6,0,59,65.3,1,0,0
2026-09-12 02:05:00,105.3,1,61,61.9,1,0,0
2026-09-12 02:10:00,107.5,0,63,61.3,1,0,0
2026-09-12 02:15:00,106.0,0,61,62.2,1,0,0
2026-09-12 02:20:00,105.5,1,60,61.8,1,0,0
2026-09-12 02:25:00,103.8,0,60,60.9,1,0,0
2026-09-12 02:30:00,103.1,0,64,62.9,1,0,0
2026-09-12 02:35:00,104.8,1,63,60.5,1,0,0
2026-09-12 02:40:00,101.3,0,63,61.7,1,0,0
2026-09-12 02:45:00,105.0,0,62,60.9,1,0,0
2026-09-12 02:50:00,106.8,1,60,62.3,1,0,0
2026-09-12 02:55:00,109.8,0,60,60.3,1,0,0
2026-09-12 03:00:00,113.8,0,60,62.4,1,0,0
2026-09-12 03:05:00,118.2,0,61,59.9,1,0,0
2026-09-12 03:10:00,116.8,0,62,62.2,1,0,0
2026-09-12 03:15:00,117.4,0,62,63.1,1,0,0
2026-09-12 03:20:00,114.7,0,62,60.2,1,0,0
2026-09-12 03:25:00,112.5,0,61,62.4,1,0,0
2026-09-12 03:30:00,114.5,0,63,61.2,1,0,0
2026-09-12 03:35:00,113.2,0,63,59.6,1,0,0
2026-09-12 03:40:00,115.5,0,63,63.8,1,0,0
2026-09-12 03:45:00,115.8,0,62,63.5,1,0,0
2026-09-12 03:50:00,116.7,0,62,60.5,1,0,0
2026-09-12 03:55:00,118.9,0,62,58.3,1,0,0
2026-09-12 04:00:00,113.1,0,60,62.3,1,0,0
2026-09-12 04:05:00,111.7,0,59,61.9,1,0,0
2026-09-12 04:10:00,113.6,0,61,59.8,1,0,0
2026-09-12 04:15:00,111.0,1,61,62.3,1,0,0
2026-09-12 04:20:00,112.1,1,58,62.5,1,0,0
2026-09-12 04:25:00,108.2,1,64,63.9,1,0,0
2026-09-12 04:30:00,107.3,0,59,62.7,1,0,0
2026-09-12 04:35:00,110.2,0,60,64.2,1,0,0
2026-09-12 04:40:00,110.2,0,60,66.4,1,0,0
2026-09-12 04:45:00,111.2,1,61,62.0,1,0,0
2026-09-12 04:50:00,110.4,0,60,59.6,1,0,0
2026-09-12 04:55:00,108.8,0,60,58.4,1,0,0
2026-09-12 05:00:00,108.9,0,63,64.3,1,0,0
2026-09-12 05:05:00,110.1,0,60,64.2,1,0,0
2026-09-12 05:10:00,109.9,0,63,61.1,1,0,0
2026-09-12 05:15:00,113.2,0,61,62.1,1,0,0
2026-09-12 05:20:00,112.5,0,60,61.5,1,0,0
2026-09-12 05:25:00,110.7,0,60,61.3,1,0,0
2026-09-12 05:30:00,110.6,0,60,61.4,1,0,0
2026-09-12 05:35:00,108.3,0,63,64.5,1,0,0
2026-09-12 05:40:00,107.4,1,65,60.5,1,0,0
2026-09-12 05:45:00,108.7,0,60,65.8,1,0,0
2026-09-12 05:50:00,111.2,0,62,62.9,1,0,0
2026-09-12 05:55:00,110.3,0,61,62.2,1,0,0
2026-09-12 06:00:00,115.9,0,62,61.2,1,0,0
2026-09-12 06:05:00,116.4,0,60,58.0,1,0,0
2026-09-12 06:10:00,117.1,0,61,62.3,1,0,0
2026-09-12 06:15:00,116.3,1,63,60.0,1,0,0
2026-09-12 06:20:00,116.5,0,60,61.5,1,0,0
2026-09-12 06:25:00,117.0,0,59,62.9,1,0,0
2026-09-12 06:30:00,114.2,0,60,59.2,1,0,0
2026-09-12 06:35:00,113.6,1,60,63.2,1,0,0
2026-09-12 06:40:00,115.3,9,68,41.3,0,0,0
2026-09-12 06:45:00,114.1,12,69,38.4,0,0,0
2026-09-12 06:50:00,112.6,13,68,37.3,0,0,0
2026-09-12 06:55:00,112.1,9,71,40.0,0,0,0
2026-09-12 07:00:00,112.4,11,70,36.3,0,0,0
2026-09-12 07:05:00,113.3,7,70,36.2,0,0,0
2026-09-12 07:10:00,112.2,11,69,38.9,0,0,0
2026-09-12 07:15:00,111.6,22,71,39.9,0,0,0
2026-09-12 07:20:00,107.8,12,71,38.8,0,0,0
2026-09-12 07:25:00,107.8,15,67,42.6,0,0,0
2026-09-12 07:30:00,111.0,11,70,36.0,0,0,0
2026-09-12 07:35:00,113.8,8,68,37.9,0,0,0
2026-09-12 07:40:00,113.8,8,72,36.6,0,0,0
2026-09-12 07:45:00,113.5,6,72,40.9,0,0,0
2026-09-12 07:50:00,112.8,13,71,38.8,0,0,0
2026-09-12 07:55:00,111.9,5,74,34.8,0,0,0
2026-09-12 08:00:00,113.1,12,67,38.1,0,0,0
2026-09-12 08:05:00,114.8,6,67,38.4,0,0,0
2026-09-12 08:10:00,110.5,9,70,34.8,0,0,0
2026-09-12 08:15:00,108.6,5,68,36.5,0,0,0
2026-09-12 08:20:00,106.4,16,68,38.1,0,0,0
2026-09-12 08:25:00,103.1,4,70,31.9,0,0,0
2026-09-12 08:30:00,104.7,11,72,38.0,0,0,0
2026-09-12 08:35:00,101.7,7,73,35.3,0,60,70
2026-09-12 08:40:00,113.0,9,74,36.1,0,0,0
2026-09-12 08:45:00,118.4,11,71,36.7,0,0,0
2026-09-12 08:50:00,125.1,21,74,38.4,0,0,0
2026-09-12 08:55:00,128.7,9,75,37.0,0,0,0
2026-09-12 09:00:00,132.0,4,74,35.8,0,0,0
2026-09-12 09:05:00,137.2,9,68,37.6,0,0,0
2026-09-12 09:10:00,136.3,1,68,37.0,0,0,0
2026-09-12 09:15:00,135.5,7,69,38.7,0,0,0
2026-09-12 09:20:00,133.8,8,72,37.0,0,0,0
2026-09-12 09:25:00,135.6,22,69,40.3,0,0,0
2026-09-12 09:30:00,133.5,5,73,35.5,0,0,0
2026-09-12 09:35:00,137.2,10,67,35.8,0,0,0
2026-09-12 09:40:00,133.7,4,69,39.2,0,0,0
2026-09-12 09:45:00,134.9,6,72,39.6,0,0,0
2026-09-12 09:50:00,138.2,5,73,38.2,0,0,0
2026-09-12 09:55:00,134.3,10,69,39.4,0,0,0
2026-09-12 10:00:00,130.9,3,69,38.8,0,0,0
2026-09-12 10:05:00,128.4,12,73,39.4,0,0,0
2026-09-12 10:10:00,127.4,6,66,38.1,0,0,0
2026-09-12 10:15:00,129.3,7,70,42.1,0,0,0
2026-09-12 10:20:00,125.3,7,70,37.5,0,0,0
2026-09-12 10:25:00,123.0,15,72,37.5,0,0,0
2026-09-12 10:30:00,123.2,5,73,40.8,0,0,0
2026-09-12 10:35:00,124.5,7,67,39.3,0,0,0
2026-09-12 10:40:00,123.6,3,69,40.1,0,0,0
2026-09-12 10:45:00,119.9,14,68,41.8,0,0,0
2026-09-12 10:50:00,119.4,4,71,38.5,0,0,0
2026-09-12 10:55:00,115.8,5,70,37.3,0,0,0
2026-09-12 11:00:00,115.3,14,71,37.5,0,0,0
2026-09-12 11:05:00,117.1,13,69,36.6,0,0,0
2026-09-12 11:10:00,113.7,3,70,38.7,0,0,0
2026-09-12 11:15:00,113.3,5,70,40.6,0,0,0
2026-09-12 11:20:00,113.0,5,70,34.1,0,0,0
2026-09-12 11:25:00,117.9,8,71,35.0,0,0,0
2026-09-12 11:30:00,115.9,3,69,39.8,0,0,0
2026-09-12 11:35:00,116.1,3,70,35.3,0,0,0
2026-09-12 11:40:00,113.6,3,67,39.3,0,0,0
2026-09-12 11:45:00,111.7,1,65,36.7,0,0,0
2026-09-12 11:50:00,113.2,3,70,36.9,0,0,0
2026-09-12 11:55:00,110.4,12,70,39.5,0,0,0
2026-09-12 12:00:00,111.0,7,69,39.9,0,0,0
2026-09-12 12:05:00,111.1,7,69,38.3,0,0,0
2026-09-12 12:10:00,110.4,8,72,36.8,0,0,0
2026-09-12 12:15:00,109.4,8,71,34.2,0,0,0
2026-09-12 12:20:00,107.9,13,72,36.3,0,0,0
2026-09-12 12:25:00,105.5,24,70,38.8,0,0,0
2026-09-12 12:30:00,102.8,15,69,36.8,0,0,0
2026-09-12 12:35:00,103.4,7,69,37.2,0,0,0
2026-09-12 12:40:00,101.6,6,69,38.4,0,0,0
2026-09-12 12:45:00,102.0,17,70,40.2,0,0,0
2026-09-12 12:50:00,101.6,8,69,38.5,0,0,0
2026-09-12 12:55:00,102.7,9,72,37.7,0,0,0
2026-09-12 13:00:00,102.3,11,67,34.1,0,0,0
2026-09-12 13:05:00,98.7,9,71,43.0,0,0,0
2026-09-12 13:10:00,100.5,11,71,38.4,0,0,0
2026-09-12 13:15:00,100.4,6,69,34.2,0,0,0
2026-09-12 13:20:00,101.5,3,66,41.0,0,0,0
2026-09-12 13:25:00,104.5,13,65,39.1,0,0,0
2026-09-12 13:30:00,103.7,9,75,35.0,0,52,55
2026-09-12 13:35:00,109.8,7,69,37.6,0,0,0
2026-09-12 13:40:00,116.1,5,71,34.3,0,0,0
2026-09-12 13:45:00,120.7,34,75,36.5,0,0,0
2026-09-12 13:50:00,120.8,3,71,37.7,0,0,0
2026-09-12 13:55:00,124.1,10,73,39.4,0,0,0
2026-09-12 14:00:00,126.9,11,69,35.4,0,0,0
2026-09-12 14:05:00,129.4,0,68,38.6,0,0,0
2026-09-12 14:10:00,130.8,7,70,40.9,0,0,0
2026-09-12 14:15:00,132.4,7,71,39.7,0,0,0
2026-09-12 14:20:00,132.2,3,69,38.8,0,0,0
2026-09-12 14:25:00,134.8,12,67,35.0,0,0,0
2026-09-12 14:30:00,134.0,3,68,33.7,0,0,0
2026-09-12 14:35:00,130.0,14,70,39.4,0,0,0
2026-09-12 14:40:00,128.7,7,74,36.9,0,0,0
2026-09-12 14:45:00,129.3,9,69,33.9,0,0,0
2026-09-12 14:50:00,130.1,1,67,37.6,0,0,0
2026-09-12 14:55:00,130.8,0,67,38.8,0,0,0
2026-09-12 15:00:00,129.1,10,71,39.8,0,0,0
2026-09-12 15:05:00,130.1,7,69,39.6,0,0,0
2026-09-12 15:10:00,124.5,6,68,33.3,0,0,0
2026-09-12 15:15:00,121.4,8,70,40.5,0,0,0
2026-09-12 15:20:00,122.6,7,71,40.6,0,0,0
2026-09-12 15:25:00,119.2,5,67,39.7,0,0,0
2026-09-12 15:30:00,117.8,4,68,40.7,0,0,0
2026-09-12 15:35:00,117.7,3,69,38.6,0,0,0
2026-09-12 15:40:00,114.7,9,70,40.3,0,0,0
2026-09-12 15:45:00,113.1,8,67,38.3,0,0,0
2026-09-12 15:50:00,111.7,8,71,37.6,0,0,0
2026-09-12 15:55:00,111.2,1,72,38.0,0,0,0
2026-09-12 16:00:00,111.4,5,68,42.0,0,0,0
2026-09-12 16:05:00,111.9,5,70,41.2,0,0,0
2026-09-12 16:10:00,112.4,6,66,36.8,0,0,0
2026-09-12 16:15:00,110.2,13,70,38.3,0,0,0
2026-09-12 16:20:00,109.7,13,67,39.1,0,0,0
2026-09-12 16:25:00,106.3,3,72,38.9,0,0,0
2026-09-12 16:30:00,106.9,11,69,37.7,0,0,0
2026-09-12 16:35:00,106.5,514,101,39.6,0,0,0
2026-09-12 16:40:00,107.3,519,104,38.7,0,0,0
2026-09-12 16:45:00,104.3,7,72,37.7,0,0,0
2026-09-12 16:50:00,103.1,6,68,34.6,0,0,0
2026-09-12 16:55:00,102.0,12,67,40.6,0,0,0
2026-09-12 17:00:00,97.9,9,72,40.2,0,0,0
2026-09-12 17:05:00,101.1,5,68,37.6,0,0,0
2026-09-12 17:10:00,101.2,17,74,36.5,0,13,35
2026-09-12 17:15:00,103.2,6,71,42.1,0,0,0
2026-09-12 17:20:00,103.1,9,74,35.5,0,0,0
2026-09-12 17:25:00,101.5,3,70,37.7,0,0,0
2026-09-12 17:30:00,104.4,25,76,37.9,0,0,0
2026-09-12 17:35:00,108.4,7,72,37.0,0,0,0
2026-09-12 17:40:00,106.7,8,70,35.2,0,0,0
2026-09-12 17:45:00,103.6,8,70,39.3,0,0,0
2026-09-12 17:50:00,105.7,20,74,36.6,0,0,0
2026-09-12 17:55:00,106.7,13,72,37.2,0,0,0
2026-09-12 18:00:00,108.4,13,68,37.5,0,0,0
2026-09-12 18:05:00,108.4,8,73,35.7,0,0,0
2026-09-12 18:10:00,107.1,6,72,41.3,0,0,0
2026-09-12 18:15:00,106.3,5,73,37.7,0,0,0
2026-09-12 18:20:00,109.6,10,71,41.5,0,0,0
2026-09-12 18:25:00,111.4,7,67,36.5,0,0,0
2026-09-12 18:30:00,110.9,7,70,35.1,0,0,0
2026-09-12 18:35:00,111.4,1,70,38.2,0,0,0
2026-09-12 18:40:00,110.0,5,70,39.2,0,0,0
2026-09-12 18:45:00,110.4,11,70,42.1,0,0,0
2026-09-12 18:50:00,110.6,9,68,38.7,0,0,0
2026-09-12 18:55:00,111.8,9,72,38.1,0,0,0
2026-09-12 19:00:00,111.9,3,69,39.6,0,0,0
2026-09-12 19:05:00,109.9,8,69,38.9,0,0,0
2026-09-12 19:10:00,111.9,5,71,38.4,0,0,0
2026-09-12 19:15:00,113.6,10,69,35.5,0,0,0
2026-09-12 19:20:00,110.7,10,66,36.5,0,0,0
2026-09-12 19:25:00,111.3,5,72,40.8,0,0,0
2026-09-12 19:30:00,109.4,7,69,35.5,0,0,0
2026-09-12 19:35:00,108.8,11,69,34.2,0,0,0
2026-09-12 19:40:00,110.3,7,67,35.8,0,0,0
2026-09-12 19:45:00,112.5,8,69,36.2,0,0,0
2026-09-12 19:50:00,109.6,19,69,33.9,0,0,0
2026-09-12 19:55:00,106.2,6,68,39.6,0,0,0
2026-09-12 20:00:00,106.8,8,71,35.6,0,0,0
2026-09-12 20:05:00,107.8,10,69,33.1,0,0,0
2026-09-12 20:10:00,106.2,4,69,35.6,0,0,0
2026-09-12 20:15:00,106.7,14,69,37.5,0,0,0
2026-09-12 20:20:00,106.7,3,66,41.4,0,0,0
2026-09-12 20:25:00,106.6,9,72,39.3,0,0,0
2026-09-12 20:30:00,105.7,11,69,37.8,0,0,0
2026-09-12 20:35:00,105.5,6,70,37.1,0,0,0
2026-09-12 20:40:00,106.3,9,69,38.5,0,0,0
2026-09-12 20:45:00,108.5,6,70,36.0,0,0,0
2026-09-12 20:50:00,112.6,15,66,37.0,0,0,0
2026-09-12 20:55:00,116.2,15,69,41.9,0,0,0
2026-09-12 21:00:00,112.2,3,67,39.4,0,0,0
2026-09-12 21:05:00,114.0,12,67,38.7,0,0,0
2026-09-12 21:10:00,113.7,14,68,36.3,0,0,0
2026-09-12 21:15:00,111.4,19,68,37.4,0,0,0
2026-09-12 21:20:00,112.2,9,68,33.8,0,0,0
2026-09-12 21:25:00,108.1,2,70,35.9,0,0,0
2026-09-12 21:30:00,107.8,2,66,34.4,0,0,0
2026-09-12 21:35:00,110.0,0,65,37.0,0,0,0
2026-09-12 21:40:00,110.6,14,71,41.9,0,0,0
2026-09-12 21:45:00,111.9,2,74,37.8,0,84,75
2026-09-12 21:50:00,127.1,8,74,40.6,0,0,0
2026-09-12 21:55:00,137.0,5,75,39.8,0,0,0
2026-09-12 22:00:00,142.8,15,71,33.7,0,0,0
2026-09-12 22:05:00,147.5,6,75,34.5,0,0,0
2026-09-12 22:10:00,147.6,10,73,37.2,0,0,0
2026-09-12 22:15:00,150.6,5,69,44.3,0,0,0
2026-09-12 22:20:00,153.0,4,72,40.2,0,0,0
2026-09-12 22:25:00,156.7,3,72,39.4,0,0,0
2026-09-12 22:30:00,155.4,7,67,37.8,0,0,0
2026-09-12 22:35:00,153.8,4,66,37.0,0,0,0
2026-09-12 22:40:00,155.6,8,71,40.6,0,0,0
2026-09-12 22:45:00,150.3,6,68,42.2,0,0,0
2026-09-12 22:50:00,147.4,4,67,35.8,0,0,0
2026-09-12 22:55:00,144.2,4,67,39.9,0,0,0
2026-09-12 23:00:00,145.5,11,69,38.1,0,0,0
2026-09-12 23:05:00,141.8,14,70,35.8,0,0,0
2026-09-12 23:10:00,137.3,5,67,39.1,0,0,0
2026-09-12 23:15:00,136.4,6,68,35.5,0,0,0
2026-09-12 23:20:00,130.8,7,69,40.2,0,0,0
2026-09-12 23:25:00,132.7,9,69,37.3,0,0,0
2026-09-12 23:30:00,129.9,7,69,32.6,0,0,0
2026-09-12 23:35:00,129.1,8,74,39.4,0,0,0
2026-09-12 23:40:00,125.6,6,70,39.1,0,0,0
2026-09-12 23:45:00,123.8,4,70,37.6,0,0,0
2026-09-12 23:50:00,117.2,2,69,39.5,0,0,0
2026-09-12 23:55:00,114.1,12,67,37.4,0,0,0
2026-09-13 00:00:00,125.3,9,71,34.7,0,0,0
2026-09-13 00:05:00,126.2,5,69,37.3,0,0,0
2026-09-13 00:10:00,123.9,8,69,33.3,0,0,0
2026-09-13 00:15:00,122.1,9,72,34.4,0,0,0
2026-09-13 00:20:00,118.9,2,70,35.8,0,0,0
2026-09-13 00:25:00,116.3,11,73,34.3,0,0,0
2026-09-13 00:30:00,118.1,4,73,33.1,0,0,0
2026-09-13 00:35:00,119.8,11,67,38.3,0,0,0
2026-09-13 00:40:00,118.4,17,69,36.4,0,0,0
2026-09-13 00:45:00,121.2,16,71,37.0,0,0,0
2026-09-13 00:50:00,118.3,3,71,33.5,0,0,0
2026-09-13 00:55:00,116.6,11,69,33.8,0,0,0
2026-09-13 01:00:00,119.6,6,68,35.7,0,0,0
2026-09-13 01:05:00,117.0,0,61,59.5,1,0,0
2026-09-13 01:10:00,119.6,1,62,55.4,1,0,0
2026-09-13 01:15:00,118.1,0,61,58.2,1,0,0
2026-09-13 01:20:00,119.2,0,60,59.9,1,0,0
2026-09-13 01:25:00,121.9,0,57,54.9,1,0,0
2026-09-13 01:30:00,123.6,1,57,57.3,1,0,0
2026-09-13 01:35:00,123.0,1,64,55.4,1,0,0
2026-09-13 01:40:00,124.4,0,61,57.2,1,0,0
2026-09-13 01:45:00,124.4,0,60,56.7,1,0,0
2026-09-13 01:50:00,125.0,1,60,56.3,1,0,0
2026-09-13 01:55:00,123.9,0,64,58.5,1,0,0
2026-09-13 02:00:00,123.6,1,61,56.0,1,0,0
2026-09-13 02:05:00,124.8,0,63,58.5,1,0,0
2026-09-13 02:10:00,126.9,1,60,57.3,1,0,0
2026-09-13 02:15:00,126.8,1,60,57.7,1,0,0
2026-09-13 02:20:00,126.5,1,59,59.0,1,0,0
2026-09-13 02:25:00,126.8,0,62,56.0,1,0,0
2026-09-13 02:30:00,125.0,1,60,57.2,1,0,0
2026-09-13 02:35:00,124.6,2,63,57.9,1,0,0
2026-09-13 02:40:00,123.7,0,62,54.8,1,0,0
2026-09-13 02:45:00,123.2,1,59,54.6,1,0,0
2026-09-13 02:50:00,124.3,0,63,56.6,1,0,0
2026-09-13 02:55:00,125.8,0,63,54.4,1,0,0
2026-09-13 03:00:00,123.2,0,63,54.8,1,0,0
2026-09-13 03:05:00,124.5,0,64,55.3,1,0,0
2026-09-13 03:10:00,120.4,0,59,57.4,1,0,0
2026-09-13 03:15:00,120.2,0,60,57.6,1,0,0
2026-09-13 03:20:00,121.1,1,60,57.8,1,0,0
2026-09-13 03:25:00,120.9,0,62,59.0,1,0,0
2026-09-13 03:30:00,120.1,1,61,57.0,1,0,0
2026-09-13 03:35:00,120.9,1,58,62.6,1,0,0
2026-09-13 03:40:00,119.0,0,62,54.9,1,0,0
2026-09-13 03:45:00,116.5,0,62,63.6,1,0,0
2026-09-13 03:50:00,116.9,0,59,56.6,1,0,0
2026-09-13 03:55:00,121.6,0,60,55.3,1,0,0
2026-09-13 04:00:00,124.4,2,62,56.4,1,0,0
2026-09-13 04:05:00,125.6,0,60,57.8,1,0,0
2026-09-13 04:10:00,125.4,0,61,59.8,1,0,0
2026-09-13 04:15:00,125.6,0,61,55.4,1,0,0
2026-09-13 04:20:00,127.0,0,61,60.4,1,0,0
2026-09-13 04:25:00,126.7,0,59,56.9,1,0,0
2026-09-13 04:30:00,124.8,0,59,61.3,1,0,0
2026-09-13 04:35:00,125.0,0,61,60.4,1,0,0
2026-09-13 04:40:00,123.9,0,63,50.2,1,0,0
2026-09-13 04:45:00,124.9,0,63,60.7,1,0,0
2026-09-13 04:50:00,119.9,0,59,59.8,1,0,0
2026-09-13 04:55:00,120.9,0,60,60.1,1,0,0
2026-09-13 05:00:00,120.1,0,60,55.6,1,0,0
2026-09-13 05:05:00,118.1,0,62,56.6,1,0,0
2026-09-13 05:10:00,117.6,0,60,55.6,1,0,0
2026-09-13 05:15:00,115.1,0,60,57.1,1,0,0
2026-09-13 05:20:00,115.3,0,60,61.1,1,0,0
2026-09-13 05:25:00,117.3,0,60,61.3,1,0,0
2026-09-13 05:30:00,117.7,1,59,59.1,1,0,0
2026-09-13 05:35:00,118.5,0,65,57.5,1,0,0
2026-09-13 05:40:00,119.6,0,66,59.1,1,0,0
2026-09-13 05:45:00,119.3,0,59,56.6,1,0,0
2026-09-13 05:50:00,119.9,0,62,56.7,1,0,0
2026-09-13 05:55:00,123.1,0,60,57.2,1,0,0
2026-09-13 06:00:00,121.7,0,57,60.8,1,0,0
2026-09-13 06:05:00,122.2,0,61,61.3,1,0,0
2026-09-13 06:10:00,123.6,0,59,57.7,1,0,0
2026-09-13 06:15:00,125.2,1,62,57.7,1,0,0
2026-09-13 06:20:00,123.7,11,68,35.2,0,0,0
2026-09-13 06:25:00,123.8,12,69,37.0,0,0,0
2026-09-13 06:30:00,120.3,12,70,35.2,0,0,0
2026-09-13 06:35:00,119.2,7,68,36.8,0,0,0
2026-09-13 06:40:00,118.6,3,71,38.3,0,0,0
2026-09-13 06:45:00,119.6,8,70,35.4,0,0,0
2026-09-13 06:50:00,118.7,15,66,36.1,0,0,0
2026-09-13 06:55:00,119.6,12,69,35.9,0,0,0
2026-09-13 07:00:00,117.3,5,73,34.4,0,0,0
2026-09-13 07:05:00,118.8,11,68,33.9,0,0,0
2026-09-13 07:10:00,118.7,9,65,36.9,0,0,0
2026-09-13 07:15:00,119.9,16,71,34.4,0,0,0
2026-09-13 07:20:00,118.5,7,68,36.9,0,0,0
2026-09-13 07:25:00,121.2,14,68,34.9,0,0,0
2026-09-13 07:30:00,117.8,9,70,35.8,0,0,0
2026-09-13 07:35:00,119.4,28,72,35.1,0,0,0
2026-09-13 07:40:00,118.1,14,73,35.3,0,0,0
2026-09-13 07:45:00,119.5,10,71,35.3,0,0,0
2026-09-13 07:50:00,121.8,9,67,36.3,0,0,0
2026-09-13 07:55:00,121.4,10,69,37.2,0,0,0
2026-09-13 08:00:00,118.4,12,67,37.1,0,0,0
2026-09-13 08:05:00,117.9,10,68,40.2,0,0,0
2026-09-13 08:10:00,117.1,13,70,34.0,0,0,0
2026-09-13 08:15:00,116.3,2,69,35.2,0,0,0
2026-09-13 08:20:00,117.6,6,66,36.2,0,0,0
2026-09-13 08:25:00,115.8,9,72,37.5,0,34,55
2026-09-13 08:30:00,119.0,14,69,35.4,0,0,0
2026-09-13 08:35:00,123.1,5,70,34.4,0,0,0
2026-09-13 08:40:00,126.2,9,73,34.3,0,0,0
2026-09-13 08:45:00,127.4,9,73,32.2,0,0,0
2026-09-13 08:50:00,133.5,15,71,36.5,0,0,0
2026-09-13 08:55:00,132.1,11,70,37.3,0,0,0
2026-09-13 09:00:00,131.8,14,71,38.6,0,0,0
2026-09-13 09:05:00,127.8,8,70,34.9,0,0,0
2026-09-13 09:10:00,126.4,7,73,30.8,0,0,0
2026-09-13 09:15:00,127.5,3,69,35.8,0,0,0
2026-09-13 09:20:00,129.2,9,68,35.0,0,0,0
2026-09-13 09:25:00,126.0,2,70,34.4,0,0,0
2026-09-13 09:30:00,126.8,10,70,37.5,0,0,0
2026-09-13 09:35:00,128.7,6,67,34.8,0,0,0
2026-09-13 09:40:00,129.4,20,69,37.0,0,0,0
2026-09-13 09:45:00,128.6,24,71,34.7,0,0,0
2026-09-13 09:50:00,127.0,11,69,36.7,0,0,0
2026-09-13 09:55:00,128.3,4,69,34.4,0,0,0
2026-09-13 10:00:00,129.4,16,72,33.3,0,0,0
2026-09-13 10:05:00,127.7,16,68,35.3,0,0,0
2026-09-13 10:10:00,128.0,11,72,38.3,0,0,0
2026-09-13 10:15:00,124.7,6,68,35.6,0,0,0
2026-09-13 10:20:00,125.6,6,71,34.0,0,0,0
2026-09-13 10:25:00,129.2,5,73,36.5,0,0,0
2026-09-13 10:30:00,127.1,16,71,37.9,0,0,0
2026-09-13 10:35:00,124.6,3,67,37.2,0,0,0
2026-09-13 10:40:00,123.5,16,68,37.4,0,0,0
2026-09-13 10:45:00,124.6,9,72,35.4,0,0,0
2026-09-13 10:50:00,123.8,3,70,32.6,0,0,0
2026-09-13 10:55:00,125.0,2,69,34.8,0,0,0
2026-09-13 11:00:00,123.6,12,67,34.7,0,0,0
2026-09-13 11:05:00,123.2,5,69,36.0,0,0,0
2026-09-13 11:10:00,121.2,11,70,35.6,0,0,0
2026-09-13 11:15:00,120.1,9,71,34.9,0,0,0
2026-09-13 11:20:00,118.5,15,70,36.1,0,0,0
2026-09-13 11:25:00,116.3,7,70,38.2,0,0,0
2026-09-13 11:30:00,115.3,3,72,35.1,0,0,0
2026-09-13 11:35:00,115.1,7,72,34.5,0,0,0
2026-09-13 11:40:00,114.0,9,69,31.7,0,0,0
2026-09-13 11:45:00,114.6,14,67,34.9,0,0,0
2026-09-13 11:50:00,116.6,8,70,38.5,0,0,0
2026-09-13 11:55:00,117.2,14,70,33.1,0,0,0
2026-09-13 12:00:00,115.3,9,67,36.3,0,0,0
2026-09-13 12:05:00,116.8,4,71,38.9,0,0,0
2026-09-13 12:10:00,116.2,509,98,37.2,0,0,0
2026-09-13 12:15:00,113.7,495,99,37.4,0,0,0
2026-09-13 12:20:00,111.8,501,96,34.8,0,0,0
2026-09-13 12:25:00,112.8,511,99,33.6,0,0,0
2026-09-13 12:30:00,114.4,6,66,35.2,0,0,0
2026-09-13 12:35:00,112.4,11,68,32.0,0,0,0
2026-09-13 12:40:00,111.2,7,72,31.5,0,0,0
2026-09-13 12:45:00,105.7,6,66,34.2,0,0,0
2026-09-13 12:50:00,107.1,13,71,39.1,0,0,0
2026-09-13 12:55:00,104.2,12,69,33.4,0,0,0
2026-09-13 13:00:00,107.0,24,67,34.1,0,0,0
2026-09-13 13:05:00,108.2,2,71,32.5,0,0,0
2026-09-13 13:10:00,108.7,21,73,30.7,0,0,0
2026-09-13 13:15:00,107.3,15,73,33.7,0,0,0
2026-09-13 13:20:00,106.5,13,71,33.3,0,0,0
2026-09-13 13:25:00,105.1,13,74,35.3,0,0,0
2026-09-13 13:30:00,109.0,4,66,36.6,0,0,0
2026-09-13 13:35:00,111.7,7,65,35.0,0,0,0
2026-09-13 13:40:00,112.8,13,67,36.5,0,0,0
2026-09-13 13:45:00,114.8,12,70,33.5,0,0,0
2026-09-13 13:50:00,112.8,7,75,35.7,0,0,0
2026-09-13 13:55:00,115.2,12,74,33.9,0,95,70
2026-09-13 14:00:00,131.4,5,72,33.2,0,0,0
2026-09-13 14:05:00,145.9,8,69,35.6,0,0,0
2026-09-13 14:10:00,157.0,8,69,33.2,0,0,0
2026-09-13 14:15:00,164.2,13,73,34.6,0,0,0
2026-09-13 14:20:00,165.3,5,74,34.4,0,0,0
2026-09-13 14:25:00,169.3,3,69,35.8,0,0,0
2026-09-13 14:30:00,174.5,6,68,32.6,0,0,0
2026-09-13 14:35:00,178.5,14,72,38.1,0,0,0
2026-09-13 14:40:00,177.4,7,71,34.9,0,0,0
2026-09-13 14:45:00,177.5,12,71,32.8,0,0,0
2026-09-13 14:50:00,175.6,6,70,34.2,0,0,0
2026-09-13 14:55:00,172.0,7,70,36.0,0,0,0
2026-09-13 15:00:00,172.1,8,72,38.2,0,0,0
2026-09-13 15:05:00,170.4,5,69,33.5,0,0,0
2026-09-13 15:10:00,168.9,8,71,36.6,0,0,0
2026-09-13 15:15:00,167.9,10,69,36.0,0,0,0
2026-09-13 15:20:00,166.2,6,65,32.8,0,0,0
2026-09-13 15:25:00,160.9,13,69,34.4,0,0,0
2026-09-13 15:30:00,158.9,4,68,38.1,0,0,0
2026-09-13 15:35:00,156.4,8,72,36.7,0,0,0
2026-09-13 15:40:00,155.0,7,65,35.4,0,0,0
2026-09-13 15:45:00,151.3,4,67,36.0,0,0,0
2026-09-13 15:50:00,147.9,16,71,41.1,0,0,0
2026-09-13 15:55:00,146.1,7,72,35.0,0,0,0
2026-09-13 16:00:00,142.6,7,69,36.5,0,0,0
2026-09-13 16:05:00,141.0,5,70,36.8,0,0,0
2026-09-13 16:10:00,136.5,5,71,32.9,0,0,0
2026-09-13 16:15:00,133.8,5,67,34.4,0,0,0
2026-09-13 16:20:00,133.6,2,67,33.7,0,0,0
2026-09-13 16:25:00,134.9,1,67,32.8,0,0,0
2026-09-13 16:30:00,134.7,9,74,35.2,0,0,0
2026-09-13 16:35:00,134.6,10,70,30.9,0,0,0
2026-09-13 16:40:00,133.5,10,67,34.9,0,0,0
2026-09-13 16:45:00,132.8,9,66,35.2,0,0,0
2026-09-13 16:50:00,131.5,5,68,34.9,0,0,0
2026-09-13 16:55:00,127.9,15,69,37.8,0,0,0
2026-09-13 17:00:00,126.5,7,68,32.3,0,0,0
2026-09-13 17:05:00,125.9,9,67,37.5,0,0,0
2026-09-13 17:10:00,121.0,5,74,35.7,0,17,35
2026-09-13 17:15:00,117.6,2,72,34.9,0,0,0
2026-09-13 17:20:00,119.2,6,75,34.6,0,0,0
2026-09-13 17:25:00,116.1,10,71,35.5,0,0,0
2026-09-13 17:30:00,117.5,5,72,38.2,0,0,0
2026-09-13 17:35:00,118.2,5,70,35.5,0,0,0
2026-09-13 17:40:00,121.7,7,67,35.2,0,0,0
2026-09-13 17:45:00,124.8,6,71,33.8,0,0,0
2026-09-13 17:50:00,126.5,5,64,37.5,0,0,0
2026-09-13 17:55:00,126.4,16,67,35.5,0,0,0
2026-09-13 18:00:00,129.7,10,71,31.8,0,0,0
2026-09-13 18:05:00,127.3,19,72,37.1,0,0,0
2026-09-13 18:10:00,127.7,6,72,37.9,0,0,0
2026-09-13 18:15:00,126.9,6,73,36.8,0,0,0
2026-09-13 18:20:00,128.2,5,69,39.5,0,0,0
2026-09-13 18:25:00,124.4,7,69,34.6,0,0,0
2026-09-13 18:30:00,125.0,14,70,36.9,0,0,0
2026-09-13 18:35:00,124.4,5,71,37.9,0,0,0
2026-09-13 18:40:00,122.0,0,69,35.8,0,0,0
2026-09-13 18:45:00,125.3,5,73,33.3,0,0,0
2026-09-13 18:50:00,125.0,7,70,34.0,0,0,0
2026-09-13 18:55:00,122.6,5,69,38.0,0,0,0
2026-09-13 19:00:00,124.0,8,70,37.0,0,0,0
2026-09-13 19:05:00,124.7,10,67,34.7,0,0,0
2026-09-13 19:10:00,125.0,7,69,35.7,0,0,0
2026-09-13 19:15:00,122.9,3,68,35.2,0,0,0
2026-09-13 19:20:00,123.5,10,63,36.8,0,0,0
2026-09-13 19:25:00,124.3,15,70,36.6,0,0,0
2026-09-13 19:30:00,124.6,10,69,36.7,0,0,0
2026-09-13 19:35:00,125.9,12,68,36.0,0,0,0
2026-09-13 19:40:00,126.6,10,69,35.6,0,0,0
2026-09-13 19:45:00,130.1,6,67,36.6,0,0,0
2026-09-13 19:50:00,128.5,9,72,36.6,0,0,0
2026-09-13 19:55:00,124.9,12,68,38.7,0,0,0
2026-09-13 20:00:00,123.2,6,70,33.5,0,0,0
2026-09-13 20:05:00,126.7,3,71,36.6,0,0,0
2026-09-13 20:10:00,123.8,11,70,35.4,0,0,0
2026-09-13 20:15:00,125.9,10,68,32.7,0,0,0
2026-09-13 20:20:00,124.9,6,71,35.3,0,0,0
2026-09-13 20:25:00,124.0,29,77,29.3,0,0,0
2026-09-13 20:30:00,120.6,9,69,40.0,0,0,0
2026-09-13 20:35:00,121.2,10,68,34.1,0,0,0
2026-09-13 20:40:00,119.3,8,68,31.6,0,0,0
2026-09-13 20:45:00,120.8,3,67,35.9,0,0,0
2026-09-13 20:50:00,119.2,14,70,35.8,0,0,0
2026-09-13 20:55:00,120.3,11,70,35.4,0,0,0
2026-09-13 21:00:00,118.3,10,70,29.4,0,0,0
2026-09-13 21:05:00,119.7,7,69,37.8,0,0,0
2026-09-13 21:10:00,117.6,8,67,35.6,0,0,0
2026-09-13 21:15:00,112.0,10,67,37.7,0,0,0
2026-09-13 21:20:00,114.5,11,70,34.5,0,0,0
2026-09-13 21:25:00,116.0,2,72,35.8,0,68,55
2026-09-13 21:30:00,125.6,9,73,35.7,0,0,0
2026-09-13 21:35:00,132.6,5,73,36.6,0,0,0
2026-09-13 21:40:00,139.4,7,71,34.2,0,0,0
2026-09-13 21:45:00,145.8,5,71,36.7,0,0,0
2026-09-13 21:50:00,147.6,5,77,33.8,0,0,0
2026-09-13 21:55:00,147.4,25,68,36.3,0,0,0
2026-09-13 22:00:00,145.2,7,72,38.2,0,0,0
2026-09-13 22:05:00,148.6,14,68,37.2,0,0,0
2026-09-13 22:10:00,146.2,7,73,35.3,0,0,0
2026-09-13 22:15:00,142.3,6,68,33.0,0,0,0
2026-09-13 22:20:00,146.9,5,69,36.2,0,0,0
2026-09-13 22:25:00,144.8,12,67,37.0,0,0,0
2026-09-13 22:30:00,147.9,4,66,35.1,0,0,0
2026-09-13 22:35:00,147.7,5,72,35.3,0,0,0
2026-09-13 22:40:00,144.4,34,73,36.1,0,0,0
2026-09-13 22:45:00,140.3,6,69,35.5,0,0,0
2026-09-13 22:50:00,142.0,7,68,33.6,0,0,0
2026-09-13 22:55:00,139.5,9,71,38.6,0,0,0
2026-09-13 23:00:00,136.6,9,71,38.0,0,0,0
2026-09-13 23:05:00,132.6,6,71,36.1,0,0,0
2026-09-13 23:10:00,131.7,4,67,36.0,0,0,0
2026-09-13 23:15:00,131.5,12,71,37.3,0,0,0
2026-09-13 23:20:00,130.8,12,71,37.3,0,0,0
2026-09-13 23:25:00,129.7,3,68,36.0,0,0,0
2026-09-13 23:30:00,131.3,7,69,36.7,0,0,0
2026-09-13 23:35:00,132.3,9,68,35.1,0,0,0
2026-09-13 23:40:00,132.6,2,67,35.9,0,0,0
2026-09-13 23:45:00,136.0,6,71,31.1,0,0,0
2026-09-13 23:50:00,134.5,5,70,35.6,0,0,0
2026-09-13 23:55:00,138.3,7,70,35.5,0,0,0
2026-09-14 00:00:00,131.1,7,70,36.5,0,0,0
2026-09-14 00:05:00,130.6,26,72,38.9,0,0,0
2026-09-14 00:10:00,125.8,5,65,36.7,0,0,0
2026-09-14 00:15:00,121.9,13,70,36.2,0,0,0
2026-09-14 00:20:00,122.5,9,72,36.8,0,0,0
2026-09-14 00:25:00,124.3,13,69,37.2,0,0,0
2026-09-14 00:30:00,120.9,5,68,35.6,0,0,0
2026-09-14 00:35:00,117.5,6,69,36.4,0,0,0
2026-09-14 00:40:00,118.2,9,67,37.5,0,0,0
2026-09-14 00:45:00,113.9,0,66,61.2,1,0,0
2026-09-14 00:50:00,111.5,0,62,56.5,1,0,0
2026-09-14 00:55:00,110.4,0,61,60.8,1,0,0
2026-09-14 01:00:00,112.6,0,64,58.6,1,0,0
2026-09-14 01:05:00,111.9,0,59,58.9,1,0,0
2026-09-14 01:10:00,110.2,1,61,59.9,1,0,0
2026-09-14 01:15:00,110.5,0,60,60.3,1,0,0
2026-09-14 01:20:00,110.2,0,58,59.8,1,0,0
2026-09-14 01:25:00,108.2,0,63,60.9,1,0,0
2026-09-14 01:30:00,105.2,0,61,58.1,1,0,0
2026-09-14 01:35:00,106.7,1,57,59.8,1,0,0
2026-09-14 01:40:00,109.2,0,59,58.1,1,0,0
2026-09-14 01:45:00,106.3,0,59,59.0,1,0,0
2026-09-14 01:50:00,105.4,0,59,61.5,1,0,0
2026-09-14 01:55:00,107.1,0,63,60.5,1,0,0
2026-09-14 02:00:00,110.6,0,60,59.1,1,0,0
2026-09-14 02:05:00,111.5,0,58,63.6,1,0,0
2026-09-14 02:10:00,115.0,0,60,54.4,1,0,0
2026-09-14 02:15:00,111.5,0,61,55.9,1,0,0
2026-09-14 02:20:00,113.9,0,59,59.0,1,0,0
2026-09-14 02:25:00,115.6,1,58,58.5,1,0,0
2026-09-14 02:30:00,113.5,1,61,60.4,1,0,0
2026-09-14 02:35:00,109.7,0,61,56.5,1,0,0
2026-09-14 02:40:00,113.2,1,61,58.6,1,0,0
2026-09-14 02:45:00,115.4,0,64,62.2,1,0,0
2026-09-14 02:50:00,117.4,0,62,59.9,1,0,0
2026-09-14 02:55:00,116.6,0,60,56.6,1,0,0
2026-09-14 03:00:00,116.7,0,62,56.8,1,0,0
2026-09-14 03:05:00,113.1,0,64,57.4,1,0,0
2026-09-14 03:10:00,114.1,0,63,60.0,1,0,0
2026-09-14 03:15:00,114.7,0,61,55.5,1,0,0
2026-09-14 03:20:00,115.2,0,61,59.8,1,0,0
2026-09-14 03:25:00,119.0,0,58,60.6,1,0,0
2026-09-14 03:30:00,118.2,0,64,59.0,1,0,0
2026-09-14 03:35:00,116.5,1,65,57.5,1,0,0
2026-09-14 03:40:00,117.8,0,60,60.0,1,0,0
2026-09-14 03:45:00,120.7,0,65,59.7,1,0,0
2026-09-14 03:50:00,116.3,0,59,55.6,1,0,0
2026-09-14 03:55:00,116.6,0,63,61.9,1,0,0
2026-09-14 04:00:00,115.6,0,61,58.9,1,0,0
2026-09-14 04:05:00,117.5,0,63,54.7,1,0,0
2026-09-14 04:10:00,112.0,1,60,55.2,1,0,0
2026-09-14 04:15:00,113.0,0,62,58.1,1,0,0
2026-09-14 04:20:00,112.4,0,60,61.3,1,0,0
2026-09-14 04:25:00,116.4,1,60,61.1,1,0,0
2026-09-14 04:30:00,113.2,0,60,56.0,1,0,0
2026-09-14 04:35:00,113.7,0,63,58.0,1,0,0
2026-09-14 04:40:00,114.2,3,62,59.3,1,0,0
2026-09-14 04:45:00,113.9,0,64,59.3,1,0,0
2026-09-14 04:50:00,120.0,1,61,61.3,1,0,0
2026-09-14 04:55:00,118.2,1,61,58.6,1,0,0
2026-09-14 05:00:00,122.5,2,60,57.6,1,0,0
2026-09-14 05:05:00,119.7,1,59,56.8,1,0,0
2026-09-14 05:10:00,123.4,0,61,57.3,1,0,0
2026-09-14 05:15:00,122.5,0,59,58.4,1,0,0
2026-09-14 05:20:00,122.8,0,59,58.0,1,0,0
2026-09-14 05:25:00,121.6,0,62,60.4,1,0,0
2026-09-14 05:30:00,122.7,0,60,59.0,1,0,0
2026-09-14 05:35:00,121.0,0,59,57.6,1,0,0
2026-09-14 05:40:00,123.0,1,62,59.6,1,0,0
2026-09-14 05:45:00,122.4,0,61,60.2,1,0,0
2026-09-14 05:50:00,125.6,0,59,58.7,1,0,0
2026-09-14 05:55:00,126.5,2,59,58.6,1,0,0
2026-09-14 06:00:00,124.7,0,63,60.0,1,0,0
2026-09-14 06:05:00,123.0,0,61,58.5,1,0,0
2026-09-14 06:10:00,123.1,0,59,59.7,1,0,0
2026-09-14 06:15:00,123.3,1,60,58.2,1,0,0
2026-09-14 06:20:00,121.9,0,63,59.2,1,0,0
2026-09-14 06:25:00,122.6,0,64,55.2,1,0,0
2026-09-14 06:30:00,121.0,0,61,56.1,1,0,0
2026-09-14 06:35:00,122.1,0,60,59.2,1,0,0
2026-09-14 06:40:00,120.3,10,71,35.4,0,0,0
2026-09-14 06:45:00,121.2,9,69,35.9,0,0,0
2026-09-14 06:50:00,124.8,10,70,34.0,0,0,0
2026-09-14 06:55:00,125.0,10,68,37.1,0,0,0
2026-09-14 07:00:00,127.8,14,74,35.1,0,0,0
2026-09-14 07:05:00,129.1,13,67,34.4,0,0,0
2026-09-14 07:10:00,128.4,7,69,35.2,0,0,0
2026-09-14 07:15:00,128.8,6,70,37.5,0,0,0
2026-09-14 07:20:00,127.7,6,70,40.0,0,0,0
2026-09-14 07:25:00,123.8,8,70,35.7,0,0,0
2026-09-14 07:30:00,122.2,9,68,33.8,0,0,0
2026-09-14 07:35:00,121.1,16,70,35.8,0,0,0
2026-09-14 07:40:00,118.3,5,69,35.6,0,0,0
2026-09-14 07:45:00,118.5,7,68,37.8,0,0,0
2026-09-14 07:50:00,119.7,4,68,33.8,0,0,0
2026-09-14 07:55:00,119.6,3,68,34.1,0,0,0
2026-09-14 08:00:00,119.9,17,70,34.7,0,0,0
2026-09-14 08:05:00,117.2,6,71,36.2,0,0,0
2026-09-14 08:10:00,120.8,7,70,37.1,0,0,0
2026-09-14 08:15:00,116.4,5,69,36.5,0,0,0
2026-09-14 08:20:00,111.7,9,71,40.0,0,0,0
2026-09-14 08:25:00,111.0,16,73,36.2,0,45,70
2026-09-14 08:30:00,116.4,3,75,37.5,0,0,0
2026-09-14 08:35:00,123.1,8,74,38.1,0,0,0
2026-09-14 08:40:00,127.0,0,74,35.4,0,0,0
2026-09-14 08:45:00,131.8,6,73,33.8,0,0,0
2026-09-14 08:50:00,134.2,13,71,37.0,0,0,0
2026-09-14 08:55:00,136.6,5,71,35.8,0,0,0
2026-09-14 09:00:00,136.7,12,67,32.8,0,0,0
2026-09-14 09:05:00,137.8,5,71,37.2,0,0,0
2026-09-14 09:10:00,137.6,22,70,34.0,0,0,0
2026-09-14 09:15:00,137.4,3,68,38.1,0,0,0
2026-09-14 09:20:00,135.6,10,68,34.7,0,0,0
2026-09-14 09:25:00,133.9,11,72,36.5,0,0,0
2026-09-14 09:30:00,130.4,7,71,34.6,0,0,0
2026-09-14 09:35:00,131.4,5,69,37.6,0,0,0
2026-09-14 09:40:00,133.7,7,66,36.5,0,0,0
2026-09-14 09:45:00,132.9,15,71,33.3,0,0,0
2026-09-14 09:50:00,133.2,4,73,36.8,0,0,0
2026-09-14 09:55:00,133.4,3,73,36.4,0,0,0
2026-09-14 10:00:00,132.7,4,71,39.4,0,0,0
2026-09-14 10:05:00,135.3,10,70,36.4,0,0,0
2026-09-14 10:10:00,132.6,4,68,35.7,0,0,0
2026-09-14 10:15:00,129.7,2,67,33.9,0,0,0
2026-09-14 10:20:00,127.8,4,69,38.5,0,0,0
2026-09-14 10:25:00,129.2,8,69,36.0,0,0,0
2026-09-14 10:30:00,131.1,7,72,37.9,0,0,0
2026-09-14 10:35:00,131.6,4,68,33.2,0,0,0
2026-09-14 10:40:00,127.0,7,68,36.6,0,0,0
2026-09-14 10:45:00,124.6,9,73,36.5,0,0,0
2026-09-14 10:50:00,121.1,9,71,35.7,0,0,0
2026-09-14 10:55:00,121.9,8,67,36.8,0,0,0
2026-09-14 11:00:00,124.8,10,69,32.2,0,0,0
2026-09-14 11:05:00,126.0,7,68,37.4,0,0,0
2026-09-14 11:10:00,125.2,5,70,38.3,0,0,0
2026-09-14 11:15:00,124.8,21,72,30.9,0,0,0
2026-09-14 11:20:00,123.6,17,69,34.8,0,0,0
2026-09-14 11:25:00,122.3,8,68,38.7,0,0,0
2026-09-14 11:30:00,122.7,5,70,36.2,0,0,0
2026-09-14 11:35:00,121.0,10,68,35.4,0,0,0
2026-09-14 11:40:00,117.7,3,69,34.4,0,0,0
2026-09-14 11:45:00,117.6,17,68,35.1,0,0,0
2026-09-14 11:50:00,118.8,8,72,37.7,0,0,0
2026-09-14 11:55:00,120.6,13,70,34.9,0,0,0
2026-09-14 12:00:00,119.9,6,70,38.9,0,0,0
2026-09-14 12:05:00,115.8,11,68,41.8,0,0,0
2026-09-14 12:10:00,114.2,7,70,35.1,0,0,0
2026-09-14 12:15:00,115.1,5,69,34.3,0,0,0
2026-09-14 12:20:00,115.8,11,70,35.4,0,0,0
2026-09-14 12:25:00,115.7,11,72,37.8,0,0,0
2026-09-14 12:30:00,116.7,7,71,34.3,0,0,0
2026-09-14 12:35:00,117.3,6,68,38.8,0,0,0
2026-09-14 12:40:00,121.6,6,72,33.5,0,0,0
2026-09-14 12:45:00,120.6,8,70,37.6,0,0,0
2026-09-14 12:50:00,119.5,7,70,36.7,0,0,0
2026-09-14 12:55:00,116.2,5,69,33.5,0,0,0
2026-09-14 13:00:00,115.3,3,71,36.4,0,88,70
2026-09-14 13:05:00,132.1,10,67,34.8,0,0,0
2026-09-14 13:10:00,139.8,12,72,38.4,0,0,0
2026-09-14 13:15:00,147.8,6,74,36.3,0,0,0
2026-09-14 13:20:00,157.2,8,72,38.2,0,0,0
2026-09-14 13:25:00,162.5,6,73,34.0,0,0,0
2026-09-14 13:30:00,163.8,6,69,35.4,0,0,0
2026-09-14 13:35:00,163.8,7,67,34.1,0,0,0
2026-09-14 13:40:00,161.6,9,72,34.9,0,0,0
2026-09-14 13:45:00,166.9,10,68,34.7,0,0,0
2026-09-14 13:50:00,164.7,10,69,37.7,0,0,0
2026-09-14 13:55:00,165.2,8,69,36.4,0,0,0
2026-09-14 14:00:00,162.6,8,66,38.9,0,0,0
2026-09-14 14:05:00,158.5,9,70,35.4,0,0,0
2026-09-14 14:10:00,157.2,5,71,36.8,0,0,0
2026-09-14 14:15:00,150.3,14,69,37.8,0,0,0
2026-09-14 14:20:00,150.4,7,71,33.5,0,0,0
2026-09-14 14:25:00,146.7,15,71,39.0,0,0,0
2026-09-14 14:30:00,144.5,11,69,34.9,0,0,0
2026-09-14 14:35:00,138.7,13,70,35.8,0,0,0
2026-09-14 14:40:00,141.9,8,69,35.1,0,0,0
2026-09-14 14:45:00,141.6,9,69,36.4,0,0,0
2026-09-14 14:50:00,140.8,5,71,36.0,0,0,0
2026-09-14 14:55:00,139.5,20,69,36.8,0,0,0
2026-09-14 15:00:00,137.3,16,69,36.1,0,0,0
2026-09-14 15:05:00,137.7,11,68,38.3,0,0,0
2026-09-14 15:10:00,136.4,9,70,34.3,0,0,0
2026-09-14 15:15:00,136.6,5,68,35.8,0,0,0
2026-09-14 15:20:00,133.7,4,70,37.1,0,0,0
2026-09-14 15:25:00,130.0,7,70,36.5,0,0,0
2026-09-14 15:30:00,129.1,13,72,36.4,0,0,0
2026-09-14 15:35:00,130.9,7,70,38.0,0,0,0
2026-09-14 15:40:00,130.6,10,70,39.6,0,0,0
2026-09-14 15:45:00,128.4,5,70,34.2,0,0,0
2026-09-14 15:50:00,125.2,8,69,35.4,0,0,0
2026-09-14 15:55:00,125.1,9,69,35.2,0,0,0
2026-09-14 16:00:00,124.9,10,70,34.9,0,0,0
2026-09-14 16:05:00,123.1,5,68,35.7,0,0,0
2026-09-14 16:10:00,122.4,5,69,36.1,0,0,0
2026-09-14 16:15:00,121.1,9,68,39.1,0,0,0
2026-09-14 16:20:00,122.3,13,72,37.7,0,0,0
2026-09-14 16:25:00,119.5,5,68,35.9,0,0,0
2026-09-14 16:30:00,121.7,16,71,40.6,0,0,0
2026-09-14 16:35:00,119.6,10,69,38.1,0,0,0
2026-09-14 16:40:00,119.4,5,66,37.7,0,0,0
2026-09-14 16:45:00,118.7,4,66,38.8,0,0,0
2026-09-14 16:50:00,117.8,10,65,36.2,0,0,0
2026-09-14 16:55:00,113.8,10,70,40.1,0,0,0
2026-09-14 17:00:00,112.5,8,68,36.2,0,0,0
2026-09-14 17:05:00,116.0,10,70,37.9,0,0,0
2026-09-14 17:10:00,114.1,8,65,36.2,0,0,0
2026-09-14 17:15:00,112.2,5,67,34.8,0,0,0
2026-09-14 17:20:00,111.0,7,71,30.3,0,0,0
2026-09-14 17:25:00,110.1,5,70,34.9,0,0,0
2026-09-14 17:30:00,113.7,10,68,35.1,0,0,0
2026-09-14 17:35:00,111.3,12,71,34.7,0,0,0
2026-09-14 17:40:00,107.9,2,68,33.9,0,0,0
2026-09-14 17:45:00,107.8,9,70,32.5,0,0,0
2026-09-14 17:50:00,110.7,4,73,35.6,0,44,80
2026-09-14 17:55:00,119.4,1,72,33.0,0,0,0
2026-09-14 18:00:00,126.5,4,72,33.5,0,0,0
2026-09-14 18:05:00,133.9,6,77,36.3,0,0,0
2026-09-14 18:10:00,139.1,14,72,34.1,0,0,0
2026-09-14 18:15:00,144.0,22,72,35.1,0,0,0
2026-09-14 18:20:00,144.2,11,68,36.6,0,0,0
2026-09-14 18:25:00,144.3,11,70,34.6,0,0,0
2026-09-14 18:30:00,145.2,7,67,35.6,0,0,0
2026-09-14 18:35:00,144.9,5,69,37.3,0,0,0
2026-09-14 18:40:00,145.0,4,68,35.3,0,0,0
2026-09-14 18:45:00,142.5,19,68,36.1,0,0,0
2026-09-14 18:50:00,140.0,6,70,35.3,0,0,0
2026-09-14 18:55:00,138.9,5,69,39.2,0,0,0
2026-09-14 19:00:00,137.2,5,69,36.9,0,0,0
2026-09-14 19:05:00,136.8,11,74,35.9,0,0,0
2026-09-14 19:10:00,134.9,5,71,35.9,0,0,0
2026-09-14 19:15:00,134.0,5,71,37.1,0,0,0
2026-09-14 19:20:00,133.3,4,72,39.8,0,0,0
2026-09-14 19:25:00,131.9,3,69,38.4,0,0,0
2026-09-14 19:30:00,131.8,10,70,37.6,0,0,0
2026-09-14 19:35:00,133.3,14,68,36.7,0,0,0
2026-09-14 19:40:00,134.9,13,69,34.1,0,0,0
2026-09-14 19:45:00,130.7,7,67,38.3,0,0,0
2026-09-14 19:50:00,132.2,7,68,36.6,0,0,0
2026-09-14 19:55:00,131.6,15,66,34.3,0,0,0
2026-09-14 20:00:00,132.2,11,71,34.2,0,0,0
2026-09-14 20:05:00,128.2,2,70,33.4,0,0,0
2026-09-14 20:10:00,125.5,5,70,34.8,0,0,0
2026-09-14 20:15:00,121.3,8,69,37.8,0,0,0
2026-09-14 20:20:00,117.7,4,71,33.3,0,0,0
2026-09-14 20:25:00,118.0,7,71,37.1,0,0,0
2026-09-14 20:30:00,118.6,9,68,36.6,0,0,0
2026-09-14 20:35:00,117.8,13,68,38.6,0,0,0
2026-09-14 20:40:00,119.0,1,65,36.9,0,0,0
2026-09-14 20:45:00,118.5,458,95,38.0,0,0,0
2026-09-14 20:50:00,115.1,463,98,36.5,0,89,70
2026-09-14 20:55:00,129.7,459,98,38.7,0,0,0
2026-09-14 21:00:00,139.2,458,98,34.6,0,0,0
2026-09-14 21:05:00,144.3,6,75,36.0,0,0,0
2026-09-14 21:10:00,150.8,4,74,37.6,0,0,0
2026-09-14 21:15:00,155.4,7,70,34.2,0,0,0
2026-09-14 21:20:00,163.4,7,69,32.0,0,0,0
2026-09-14 21:25:00,163.5,8,69,37.3,0,0,0
2026-09-14 21:30:00,162.3,2,70,36.9,0,0,0
2026-09-14 21:35:00,163.6,8,71,34.7,0,0,0
2026-09-14 21:40:00,162.7,6,68,37.6,0,0,0
2026-09-14 21:45:00,160.9,3,70,38.8,0,0,0
2026-09-14 21:50:00,159.0,2,68,36.3,0,0,0
2026-09-14 21:55:00,156.7,9,68,38.7,0,0,0
2026-09-14 22:00:00,153.9,14,72,36.5,0,0,0
2026-09-14 22:05:00,149.9,9,69,34.6,0,0,0
2026-09-14 22:10:00,148.5,29,74,34.7,0,0,0
2026-09-14 22:15:00,151.8,12,73,33.9,0,0,0
2026-09-14 22:20:00,149.4,5,71,37.1,0,0,0
2026-09-14 22:25:00,148.4,8,66,37.0,0,0,0
2026-09-14 22:30:00,144.1,8,68,37.7,0,0,0
2026-09-14 22:35:00,143.3,5,69,33.1,0,0,0
2026-09-14 22:40:00,142.3,7,71,38.8,0,0,0
2026-09-14 22:45:00,140.1,8,71,37.1,0,0,0
2026-09-14 22:50:00,137.6,8,68,38.9,0,0,0
2026-09-14 22:55:00,136.4,10,70,35.5,0,0,0
2026-09-14 23:00:00,132.3,8,67,36.7,0,0,0
2026-09-14 23:05:00,131.6,6,68,37.0,0,0,0
2026-09-14 23:10:00,131.4,8,70,34.0,0,0,0
2026-09-14 23:15:00,129.4,4,70,38.2,0,0,0
2026-09-14 23:20:00,130.3,12,69,38.1,0,0,0
2026-09-14 23:25:00,128.6,4,68,38.6,0,0,0
2026-09-14 23:30:00,128.8,5,70,35.8,0,0,0
2026-09-14 23:35:00,126.1,4,69,37.0,0,0,0
2026-09-14 23:40:00,123.7,9,69,38.3,0,0,0
2026-09-14 23:45:00,121.3,8,68,36.7,0,0,0
2026-09-14 23:50:00,119.1,3,69,39.9,0,0,0
2026-09-14 23:55:00,122.2,4,73,36.8,0,0,0
