timestamp,glucose_mgdl,steps,heart_rate,hrv_ms,sleeping,carbs_g,meal_gi
2026-09-01 00:00:00,119.0,0,57,52.0,1,0,0
2026-09-01 00:05:00,117.8,0,54,56.2,1,0,0
2026-09-01 00:10:00,119.2,0,56,51.4,1,0,0
2026-09-01 00:15:00,118.9,0,52,53.7,1,0,0
2026-09-01 00:20:00,117.2,1,56,57.2,1,0,0
2026-09-01 00:25:00,117.3,0,52,54.2,1,0,0
2026-09-01 00:30:00,115.0,0,57,52.1,1,0,0
2026-09-01 00:35:00,115.8,1,55,51.8,1,0,0
2026-09-01 00:40:00,115.6,1,55,54.7,1,0,0
2026-09-01 00:45:00,117.2,0,55,51.7,1,0,0
2026-09-01 00:50:00,116.7,1,56,54.3,1,0,0
2026-09-01 00:55:00,116.7,1,55,48.2,1,0,0
2026-09-01 01:00:00,114.3,1,57,50.7,1,0,0
2026-09-01 01:05:00,114.5,0,56,52.4,1,0,0
2026-09-01 01:10:00,116.2,0,58,57.0,1,0,0
2026-09-01 01:15:00,117.1,0,55,55.1,1,0,0
2026-09-01 01:20:00,115.7,0,56,53.5,1,0,0
2026-09-01 01:25:00,113.0,1,56,53.2,1,0,0
2026-09-01 01:30:00,110.6,0,51,52.6,1,0,0
2026-09-01 01:35:00,110.6,1,56,54.4,1,0,0
2026-09-01 01:40:00,113.1,1,53,51.5,1,0,0
2026-09-01 01:45:00,115.3,0,55,53.6,1,0,0
2026-09-01 01:50:00,117.6,0,55,53.8,1,0,0
2026-09-01 01:55:00,118.2,0,56,57.6,1,0,0
2026-09-01 02:00:00,117.5,0,54,52.6,1,0,0
2026-09-01 02:05:00,118.6,0,53,53.9,1,0,0
2026-09-01 02:10:00,118.4,0,57,53.3,1,0,0
2026-09-01 02:15:00,116.0,0,52,55.6,1,0,0
2026-09-01 02:20:00,115.9,0,55,52.2,1,0,0
2026-09-01 02:25:00,116.2,0,56,52.1,1,0,0
2026-09-01 02:30:00,116.8,1,54,50.8,1,0,0
2026-09-01 02:35:00,119.6,0,55,52.8,1,0,0
2026-09-01 02:40:00,120.5,0,52,50.7,1,0,0
2026-09-01 02:45:00,122.8,0,54,53.1,1,0,0
2026-09-01 02:50:00,121.4,1,56,52.0,1,0,0
2026-09-01 02:55:00,119.6,1,54,49.4,1,0,0
2026-09-01 03:00:00,122.1,1,56,50.1,1,0,0
2026-09-01 03:05:00,122.9,0,55,52.0,1,0,0
2026-09-01 03:10:00,124.9,0,58,56.3,1,0,0
2026-09-01 03:15:00,124.6,0,56,49.7,1,0,0
2026-09-01 03:20:00,124.3,1,52,49.0,1,0,0
2026-09-01 03:25:00,126.8,1,56,52.8,1,0,0
2026-09-01 03:30:00,130.1,0,52,54.4,1,0,0
2026-09-01 03:35:00,130.1,0,55,50.0,1,0,0
2026-09-01 03:40:00,129.5,0,53,55.1,1,0,0
2026-09-01 03:45:00,131.7,0,55,54.0,1,0,0
2026-09-01 03:50:00,136.7,0,56,54.3,1,0,0
2026-09-01 03:55:00,136.2,0,56,50.6,1,0,0
2026-09-01 04:00:00,131.2,0,56,53.4,1,0,0
2026-09-01 04:05:00,130.8,0,55,51.6,1,0,0
2026-09-01 04:10:00,132.1,0,57,53.2,1,0,0
2026-09-01 04:15:00,131.2,0,54,51.3,1,0,0
2026-09-01 04:20:00,131.4,0,56,53.3,1,0,0
2026-09-01 04:25:00,130.0,1,56,53.3,1,0,0
2026-09-01 04:30:00,134.1,1,53,50.3,1,0,0
2026-09-01 04:35:00,137.3,0,55,49.7,1,0,0
2026-09-01 04:40:00,134.9,1,52,54.7,1,0,0
2026-09-01 04:45:00,135.8,1,54,52.0,1,0,0
2026-09-01 04:50:00,136.7,0,52,49.7,1,0,0
2026-09-01 04:55:00,135.2,0,55,52.7,1,0,0
2026-09-01 05:00:00,137.6,0,55,50.4,1,0,0
2026-09-01 05:05:00,137.9,0,58,51.6,1,0,0
2026-09-01 05:10:00,136.6,1,58,53.0,1,0,0
2026-09-01 05:15:00,135.1,0,52,51.1,1,0,0
2026-09-01 05:20:00,134.5,0,54,52.6,1,0,0
2026-09-01 05:25:00,128.1,0,55,53.7,1,0,0
2026-09-01 05:30:00,130.6,0,54,51.7,1,0,0
2026-09-01 05:35:00,130.6,0,54,54.8,1,0,0
2026-09-01 05:40:00,130.3,0,55,51.7,1,0,0
2026-09-01 05:45:00,129.5,0,56,54.6,1,0,0
2026-09-01 05:50:00,133.7,0,55,51.0,1,0,0
2026-09-01 05:55:00,134.6,0,54,53.3,1,0,0
2026-09-01 06:00:00,133.5,0,55,52.9,1,0,0
2026-09-01 06:05:00,132.7,0,58,53.0,1,0,0
2026-09-01 06:10:00,134.9,0,53,52.9,1,0,0
2026-09-01 06:15:00,129.5,0,54,49.5,1,0,0
2026-09-01 06:20:00,131.8,1,56,54.5,1,0,0
2026-09-01 06:25:00,135.6,1,60,54.5,1,0,0
2026-09-01 06:30:00,133.5,0,57,52.4,1,0,0
2026-09-01 06:35:00,134.8,0,57,54.3,1,0,0
2026-09-01 06:40:00,134.1,1,55,51.7,1,0,0
2026-09-01 06:45:00,132.2,1,59,55.3,1,0,0
2026-09-01 06:50:00,130.5,0,55,54.3,1,0,0
2026-09-01 06:55:00,130.0,0,58,52.2,1,0,0
2026-09-01 07:00:00,121.5,7,64,31.5,0,0,0
2026-09-01 07:05:00,121.0,7,64,31.2,0,0,0
2026-09-01 07:10:00,120.1,5,64,34.5,0,0,0
2026-09-01 07:15:00,119.6,5,58,31.7,0,0,0
2026-09-01 07:20:00,121.7,12,66,32.3,0,0,0
2026-09-01 07:25:00,119.7,9,63,32.7,0,0,0
2026-09-01 07:30:00,119.7,20,60,33.8,0,0,0
2026-09-01 07:35:00,124.5,6,60,32.7,0,0,0
2026-09-01 07:40:00,124.4,17,64,34.1,0,0,0
2026-09-01 07:45:00,124.7,18,66,34.1,0,0,0
2026-09-01 07:50:00,121.5,6,62,34.1,0,0,0
2026-09-01 07:55:00,124.6,16,62,30.7,0,0,0
2026-09-01 08:00:00,121.5,4,64,34.2,0,0,0
2026-09-01 08:05:00,121.6,6,64,29.3,0,0,0
2026-09-01 08:10:00,121.9,13,65,30.2,0,0,0
2026-09-01 08:15:00,121.5,8,64,31.4,0,0,0
2026-09-01 08:20:00,120.9,8,64,30.3,0,0,0
2026-09-01 08:25:00,120.8,7,63,34.4,0,33,50
2026-09-01 08:30:00,124.3,11,67,32.7,0,0,0
2026-09-01 08:35:00,123.3,8,68,34.4,0,0,0
2026-09-01 08:40:00,125.9,440,94,30.8,0,0,0
2026-09-01 08:45:00,125.6,436,90,29.5,0,0,0
2026-09-01 08:50:00,126.4,6,67,33.5,0,0,0
2026-09-01 08:55:00,127.3,7,63,31.0,0,0,0
2026-09-01 09:00:00,127.2,13,60,35.7,0,0,0
2026-09-01 09:05:00,125.3,16,66,30.1,0,0,0
2026-09-01 09:10:00,124.3,8,63,32.2,0,0,0
2026-09-01 09:15:00,126.9,3,63,31.1,0,0,0
2026-09-01 09:20:00,130.6,6,63,34.2,0,0,0
2026-09-01 09:25:00,130.1,7,67,33.6,0,0,0
2026-09-01 09:30:00,126.8,4,64,30.8,0,0,0
2026-09-01 09:35:00,125.5,7,63,33.3,0,0,0
2026-09-01 09:40:00,126.8,20,67,32.2,0,0,0
2026-09-01 09:45:00,123.2,15,62,30.7,0,0,0
2026-09-01 09:50:00,123.0,6,64,31.3,0,0,0
2026-09-01 09:55:00,127.5,7,60,32.2,0,0,0
2026-09-01 10:00:00,130.5,10,62,31.8,0,0,0
2026-09-01 10:05:00,129.1,8,62,33.0,0,0,0
2026-09-01 10:10:00,129.1,0,64,36.6,0,0,0
2026-09-01 10:15:00,125.6,4,64,32.0,0,0,0
2026-09-01 10:20:00,127.2,8,63,30.4,0,0,0
2026-09-01 10:25:00,129.6,6,66,30.7,0,0,0
2026-09-01 10:30:00,128.2,8,65,29.6,0,0,0
2026-09-01 10:35:00,124.9,12,61,33.3,0,0,0
2026-09-01 10:40:00,124.8,14,64,33.9,0,0,0
2026-09-01 10:45:00,120.8,10,64,34.8,0,0,0
2026-09-01 10:50:00,120.2,5,64,30.8,0,0,0
2026-09-01 10:55:00,119.2,12,64,30.7,0,0,0
2026-09-01 11:00:00,119.3,5,64,31.2,0,0,0
2026-09-01 11:05:00,117.5,16,66,29.5,0,0,0
2026-09-01 11:10:00,116.0,9,65,33.1,0,0,0
2026-09-01 11:15:00,113.1,10,61,33.1,0,0,0
2026-09-01 11:20:00,116.2,10,63,32.9,0,0,0
2026-09-01 11:25:00,119.2,16,64,31.8,0,0,0
2026-09-01 11:30:00,122.2,4,64,34.8,0,0,0
2026-09-01 11:35:00,120.1,5,63,36.1,0,0,0
2026-09-01 11:40:00,117.3,13,65,31.2,0,0,0
2026-09-01 11:45:00,116.5,2,64,33.9,0,0,0
2026-09-01 11:50:00,115.1,6,64,32.3,0,0,0
2026-09-01 11:55:00,117.4,8,62,30.6,0,0,0
2026-09-01 12:00:00,115.7,6,61,31.8,0,0,0
2026-09-01 12:05:00,118.1,12,64,32.4,0,0,0
2026-09-01 12:10:00,114.0,19,62,33.1,0,0,0
2026-09-01 12:15:00,114.6,8,62,31.4,0,0,0
2026-09-01 12:20:00,115.7,11,62,33.2,0,0,0
2026-09-01 12:25:00,118.5,6,63,31.8,0,0,0
2026-09-01 12:30:00,118.2,13,62,31.4,0,0,0
2026-09-01 12:35:00,118.4,2,59,32.6,0,0,0
2026-09-01 12:40:00,118.3,5,63,33.2,0,0,0
2026-09-01 12:45:00,118.4,7,63,33.9,0,0,0
2026-09-01 12:50:00,116.0,8,61,32.7,0,0,0
2026-09-01 12:55:00,116.8,5,60,31.2,0,0,0
2026-09-01 13:00:00,114.1,6,61,26.9,0,0,0
2026-09-01 13:05:00,111.6,13,66,30.6,0,0,0
2026-09-01 13:10:00,113.0,4,65,33.5,0,0,0
2026-09-01 13:15:00,113.1,8,64,30.9,0,0,0
2026-09-01 13:20:00,110.9,9,66,32.3,0,0,0
2026-09-01 13:25:00,112.0,13,65,29.9,0,0,0
2026-09-01 13:30:00,112.7,6,65,31.7,0,0,0
2026-09-01 13:35:00,110.9,13,67,32.9,0,52,50
2026-09-01 13:40:00,113.8,24,68,35.5,0,0,0
2026-09-01 13:45:00,120.3,16,71,34.4,0,0,0
2026-09-01 13:50:00,124.2,5,68,32.1,0,0,0
2026-09-01 13:55:00,123.7,1,65,32.8,0,0,0
2026-09-01 14:00:00,126.1,10,64,36.8,0,0,0
2026-09-01 14:05:00,126.5,13,62,33.0,0,0,0
2026-09-01 14:10:00,126.9,9,64,32.3,0,0,0
2026-09-01 14:15:00,125.4,11,65,32.7,0,0,0
2026-09-01 14:20:00,128.6,4,66,29.9,0,0,0
2026-09-01 14:25:00,129.5,4,64,31.9,0,0,0
2026-09-01 14:30:00,125.1,4,62,32.5,0,0,0
2026-09-01 14:35:00,126.0,8,66,33.1,0,0,0
2026-09-01 14:40:00,129.0,4,63,28.8,0,0,0
2026-09-01 14:45:00,130.2,8,66,30.4,0,0,0
2026-09-01 14:50:00,130.3,15,63,31.0,0,0,0
2026-09-01 14:55:00,130.2,8,65,30.8,0,0,0
2026-09-01 15:00:00,125.9,8,61,32.8,0,0,0
2026-09-01 15:05:00,127.7,3,64,31.8,0,0,0
2026-09-01 15:10:00,128.1,7,63,32.9,0,0,0
2026-09-01 15:15:00,126.7,8,68,34.5,0,0,0
2026-09-01 15:20:00,125.5,6,66,31.9,0,0,0
2026-09-01 15:25:00,126.3,11,59,32.0,0,0,0
2026-09-01 15:30:00,128.1,16,62,32.5,0,0,0
2026-09-01 15:35:00,127.0,4,63,31.8,0,0,0
2026-09-01 15:40:00,127.6,13,63,31.1,0,0,0
2026-09-01 15:45:00,126.9,9,64,32.3,0,0,0
2026-09-01 15:50:00,123.6,8,60,31.8,0,0,0
2026-09-01 15:55:00,124.4,13,62,31.7,0,0,0
2026-09-01 16:00:00,125.0,13,64,35.2,0,0,0
2026-09-01 16:05:00,125.2,5,65,34.3,0,0,0
2026-09-01 16:10:00,128.1,11,61,33.7,0,0,0
2026-09-01 16:15:00,125.2,4,66,30.9,0,0,0
2026-09-01 16:20:00,125.0,3,64,31.7,0,0,0
2026-09-01 16:25:00,125.2,16,60,34.4,0,0,0
2026-09-01 16:30:00,122.4,8,61,31.9,0,0,0
2026-09-01 16:35:00,124.1,5,60,32.9,0,0,0
2026-09-01 16:40:00,120.8,8,66,33.6,0,0,0
2026-09-01 16:45:00,120.3,3,64,30.6,0,0,0
2026-09-01 16:50:00,118.6,9,63,34.3,0,0,0
2026-09-01 16:55:00,117.5,9,66,32.2,0,0,0
2026-09-01 17:00:00,120.7,7,63,30.9,0,0,0
2026-09-01 17:05:00,119.1,10,67,32.3,0,0,0
2026-09-01 17:10:00,120.3,13,67,34.0,0,0,0
2026-09-01 17:15:00,117.9,20,68,35.8,0,0,0
2026-09-01 17:20:00,115.9,8,64,31.2,0,0,0
2026-09-01 17:25:00,114.5,9,64,29.1,0,0,0
2026-09-01 17:30:00,113.5,9,65,33.6,0,17,35
2026-09-01 17:35:00,118.5,11,68,32.3,0,0,0
2026-09-01 17:40:00,118.4,14,65,32.6,0,0,0
2026-09-01 17:45:00,121.0,4,67,32.1,0,0,0
2026-09-01 17:50:00,121.1,11,66,30.7,0,0,0
2026-09-01 17:55:00,124.0,4,70,30.5,0,0,0
2026-09-01 18:00:00,122.0,17,62,30.8,0,0,0
2026-09-01 18:05:00,117.0,7,63,30.3,0,0,0
2026-09-01 18:10:00,113.3,11,66,34.6,0,0,0
2026-09-01 18:15:00,112.7,9,64,35.1,0,0,0
2026-09-01 18:20:00,115.6,23,64,33.2,0,0,0
2026-09-01 18:25:00,114.7,6,64,33.7,0,0,0
2026-09-01 18:30:00,115.8,343,84,33.5,0,0,0
2026-09-01 18:35:00,117.9,350,86,32.1,0,0,0
2026-09-01 18:40:00,120.3,360,84,31.6,0,0,0
2026-09-01 18:45:00,121.0,350,82,35.1,0,0,0
2026-09-01 18:50:00,120.7,8,62,32.0,0,0,0
2026-09-01 18:55:00,120.0,8,63,34.7,0,0,0
2026-09-01 19:00:00,119.3,9,63,35.2,0,0,0
2026-09-01 19:05:00,118.5,9,63,32.7,0,0,0
2026-09-01 19:10:00,120.4,11,65,32.0,0,0,0
2026-09-01 19:15:00,118.6,8,62,31.8,0,0,0
2026-09-01 19:20:00,121.2,8,66,36.1,0,0,0
2026-09-01 19:25:00,122.2,5,66,34.1,0,0,0
2026-09-01 19:30:00,123.4,9,62,34.7,0,0,0
2026-09-01 19:35:00,123.5,9,62,30.5,0,0,0
2026-09-01 19:40:00,123.6,9,65,35.3,0,0,0
2026-09-01 19:45:00,127.3,11,62,33.1,0,0,0
2026-09-01 19:50:00,128.6,21,68,30.0,0,0,0
2026-09-01 19:55:00,128.0,3,65,33.0,0,0,0
2026-09-01 20:00:00,125.0,3,63,38.9,0,0,0
2026-09-01 20:05:00,125.2,9,64,30.7,0,0,0
2026-09-01 20:10:00,122.0,5,61,34.3,0,0,0
2026-09-01 20:15:00,121.2,13,60,33.3,0,0,0
2026-09-01 20:20:00,118.3,10,64,31.9,0,0,0
2026-09-01 20:25:00,115.5,5,64,32.5,0,0,0
2026-09-01 20:30:00,113.2,6,67,32.8,0,0,0
2026-09-01 20:35:00,110.3,11,65,29.9,0,0,0
2026-09-01 20:40:00,113.2,6,63,34.2,0,0,0
2026-09-01 20:45:00,117.2,15,68,28.3,0,55,50
2026-09-01 20:50:00,119.2,7,69,31.8,0,0,0
2026-09-01 20:55:00,123.2,9,66,31.0,0,0,0
2026-09-01 21:00:00,125.2,397,91,31.6,0,0,0
2026-09-01 21:05:00,129.2,396,92,36.1,0,0,0
2026-09-01 21:10:00,132.1,6,66,32.8,0,0,0
2026-09-01 21:15:00,130.9,9,66,31.2,0,0,0
2026-09-01 21:20:00,133.1,8,63,30.9,0,0,0
2026-09-01 21:25:00,133.6,14,60,33.7,0,0,0
2026-09-01 21:30:00,133.6,13,62,32.8,0,0,0
2026-09-01 21:35:00,129.7,9,64,33.8,0,0,0
2026-09-01 21:40:00,130.3,3,62,28.7,0,0,0
2026-09-01 21:45:00,131.7,6,63,32.0,0,0,0
2026-09-01 21:50:00,130.0,8,61,32.6,0,0,0
2026-09-01 21:55:00,130.2,5,62,32.3,0,0,0
2026-09-01 22:00:00,132.3,4,66,34.1,0,0,0
2026-09-01 22:05:00,128.5,6,63,31.0,0,0,0
2026-09-01 22:10:00,123.7,8,65,29.2,0,0,0
2026-09-01 22:15:00,123.6,12,69,34.3,0,0,0
2026-09-01 22:20:00,121.8,7,64,30.4,0,0,0
2026-09-01 22:25:00,123.6,5,63,30.9,0,0,0
2026-09-01 22:30:00,122.1,9,60,34.8,0,0,0
2026-09-01 22:35:00,120.6,8,66,33.9,0,0,0
2026-09-01 22:40:00,121.9,10,64,34.4,0,0,0
2026-09-01 22:45:00,116.7,23,62,32.9,0,0,0
2026-09-01 22:50:00,114.2,11,63,33.9,0,0,0
2026-09-01 22:55:00,112.4,16,64,35.0,0,0,0
2026-09-01 23:00:00,112.0,10,64,33.9,0,0,0
2026-09-01 23:05:00,113.8,5,62,33.6,0,0,0
2026-09-01 23:10:00,110.8,7,67,32.7,0,0,0
2026-09-01 23:15:00,107.9,9,63,31.7,0,0,0
2026-09-01 23:20:00,105.4,12,62,31.9,0,0,0
2026-09-01 23:25:00,105.7,11,66,35.3,0,0,0
2026-09-01 23:30:00,106.6,0,55,50.4,1,0,0
2026-09-01 23:35:00,106.3,0,57,54.4,1,0,0
2026-09-01 23:40:00,107.3,0,54,55.6,1,0,0
2026-09-01 23:45:00,108.1,1,56,52.4,1,0,0
2026-09-01 23:50:00,107.4,1,55,52.4,1,0,0
2026-09-01 23:55:00,105.9,0,52,51.8,1,0,0
2026-09-02 00:00:00,105.1,1,51,55.1,1,0,0
2026-09-02 00:05:00,108.2,0,57,52.1,1,0,0
2026-09-02 00:10:00,111.2,0,56,54.6,1,0,0
2026-09-02 00:15:00,110.4,0,53,53.7,1,0,0
2026-09-02 00:20:00,110.0,1,57,56.3,1,0,0
2026-09-02 00:25:00,113.2,0,54,50.0,1,0,0
2026-09-02 00:30:00,111.8,1,56,52.5,1,0,0
2026-09-02 00:35:00,113.1,0,54,52.3,1,0,0
2026-09-02 00:40:00,116.0,1,55,53.7,1,0,0
2026-09-02 00:45:00,114.8,1,54,50.7,1,0,0
2026-09-02 00:50:00,116.2,0,55,51.8,1,0,0
2026-09-02 00:55:00,113.4,0,56,52.8,1,0,0
2026-09-02 01:00:00,112.4,0,57,53.4,1,0,0
2026-09-02 01:05:00,113.7,0,55,51.6,1,0,0
2026-09-02 01:10:00,116.3,0,57,49.8,1,0,0
2026-09-02 01:15:00,116.4,0,52,52.7,1,0,0
2026-09-02 01:20:00,121.1,2,54,50.2,1,0,0
2026-09-02 01:25:00,122.8,0,57,51.4,1,0,0
2026-09-02 01:30:00,125.7,0,56,53.5,1,0,0
2026-09-02 01:35:00,127.5,0,53,56.1,1,0,0
2026-09-02 01:40:00,128.6,1,53,52.1,1,0,0
2026-09-02 01:45:00,127.1,1,55,54.1,1,0,0
2026-09-02 01:50:00,125.0,0,53,55.6,1,0,0
2026-09-02 01:55:00,122.7,0,55,54.8,1,0,0
2026-09-02 02:00:00,123.1,0,55,55.4,1,0,0
2026-09-02 02:05:00,127.2,0,53,55.2,1,0,0
2026-09-02 02:10:00,123.0,0,56,53.1,1,0,0
2026-09-02 02:15:00,116.2,1,54,56.0,1,0,0
2026-09-02 02:20:00,118.7,0,53,56.3,1,0,0
2026-09-02 02:25:00,120.6,0,57,54.7,1,0,0
2026-09-02 02:30:00,121.9,0,53,51.7,1,0,0
2026-09-02 02:35:00,120.6,0,60,51.2,1,0,0
2026-09-02 02:40:00,115.5,0,54,51.0,1,0,0
2026-09-02 02:45:00,114.5,0,56,50.3,1,0,0
2026-09-02 02:50:00,117.5,0,54,55.5,1,0,0
2026-09-02 02:55:00,117.7,0,54,53.8,1,0,0
2026-09-02 03:00:00,119.3,1,53,51.9,1,0,0
2026-09-02 03:05:00,115.7,0,57,55.2,1,0,0
2026-09-02 03:10:00,113.9,0,53,53.7,1,0,0
2026-09-02 03:15:00,112.5,1,55,52.2,1,0,0
2026-09-02 03:20:00,111.8,0,53,52.5,1,0,0
2026-09-02 03:25:00,116.1,2,56,52.6,1,0,0
2026-09-02 03:30:00,116.7,0,55,52.3,1,0,0
2026-09-02 03:35:00,118.1,0,55,53.7,1,0,0
2026-09-02 03:40:00,115.8,0,54,53.3,1,0,0
2026-09-02 03:45:00,120.4,0,55,54.6,1,0,0
2026-09-02 03:50:00,121.1,0,53,54.2,1,0,0
2026-09-02 03:55:00,119.3,1,55,51.7,1,0,0
2026-09-02 04:00:00,122.2,0,54,50.5,1,0,0
2026-09-02 04:05:00,120.9,0,58,49.9,1,0,0
2026-09-02 04:10:00,119.7,1,55,51.7,1,0,0
2026-09-02 04:15:00,119.7,0,52,55.3,1,0,0
2026-09-02 04:20:00,122.8,1,58,52.9,1,0,0
2026-09-02 04:25:00,122.9,2,55,54.5,1,0,0
2026-09-02 04:30:00,126.9,0,56,55.1,1,0,0
2026-09-02 04:35:00,126.4,0,54,51.1,1,0,0
2026-09-02 04:40:00,124.3,0,53,51.6,1,0,0
2026-09-02 04:45:00,123.5,0,56,52.4,1,0,0
2026-09-02 04:50:00,127.8,1,56,50.3,1,0,0
2026-09-02 04:55:00,128.0,0,55,52.4,1,0,0
2026-09-02 05:00:00,127.6,0,53,50.0,1,0,0
2026-09-02 05:05:00,127.6,0,56,55.3,1,0,0
2026-09-02 05:10:00,127.6,0,54,51.8,1,0,0
2026-09-02 05:15:00,128.4,0,55,51.2,1,0,0
2026-09-02 05:20:00,128.2,2,56,54.4,1,0,0
2026-09-02 05:25:00,132.2,1,56,55.5,1,0,0
2026-09-02 05:30:00,132.5,0,59,52.8,1,0,0
2026-09-02 05:35:00,130.2,0,57,51.1,1,0,0
2026-09-02 05:40:00,129.0,0,55,50.4,1,0,0
2026-09-02 05:45:00,131.2,1,56,49.1,1,0,0
2026-09-02 05:50:00,128.2,0,57,53.2,1,0,0
2026-09-02 05:55:00,127.7,0,54,51.1,1,0,0
2026-09-02 06:00:00,129.8,2,55,54.2,1,0,0
2026-09-02 06:05:00,125.0,0,57,55.1,1,0,0
2026-09-02 06:10:00,126.4,1,55,52.6,1,0,0
2026-09-02 06:15:00,125.2,0,56,52.7,1,0,0
2026-09-02 06:20:00,123.0,0,52,54.4,1,0,0
2026-09-02 06:25:00,123.8,0,56,54.8,1,0,0
2026-09-02 06:30:00,125.7,6,63,31.9,0,0,0
2026-09-02 06:35:00,122.2,6,65,34.2,0,0,0
2026-09-02 06:40:00,123.7,3,63,33.7,0,0,0
2026-09-02 06:45:00,122.7,10,58,31.7,0,0,0
2026-09-02 06:50:00,124.0,3,63,31.4,0,0,0
2026-09-02 06:55:00,126.1,2,65,33.1,0,0,0
2026-09-02 07:00:00,124.0,14,64,29.8,0,0,0
2026-09-02 07:05:00,124.6,4,61,31.5,0,0,0
2026-09-02 07:10:00,126.0,9,62,28.3,0,0,0
2026-09-02 07:15:00,127.5,0,62,31.3,0,0,0
2026-09-02 07:20:00,124.7,3,66,35.3,0,0,0
2026-09-02 07:25:00,124.4,3,66,28.2,0,0,0
2026-09-02 07:30:00,125.1,4,65,30.1,0,0,0
2026-09-02 07:35:00,126.3,9,60,33.2,0,0,0
2026-09-02 07:40:00,128.1,4,65,30.9,0,0,0
2026-09-02 07:45:00,124.4,5,63,30.7,0,0,0
2026-09-02 07:50:00,122.2,14,61,31.8,0,0,0
2026-09-02 07:55:00,117.8,21,69,29.8,0,54,70
2026-09-02 08:00:00,120.7,8,68,29.6,0,0,0
2026-09-02 08:05:00,127.0,6,64,31.0,0,0,0
2026-09-02 08:10:00,130.3,449,87,32.0,0,0,0
2026-09-02 08:15:00,135.3,449,94,33.1,0,0,0
2026-09-02 08:20:00,137.9,11,67,35.4,0,0,0
2026-09-02 08:25:00,139.0,11,64,32.4,0,0,0
2026-09-02 08:30:00,139.7,19,62,29.6,0,0,0
2026-09-02 08:35:00,139.4,337,82,34.6,0,0,0
2026-09-02 08:40:00,137.3,343,85,31.5,0,0,0
2026-09-02 08:45:00,137.2,341,85,32.1,0,0,0
2026-09-02 08:50:00,137.9,336,83,34.6,0,0,0
2026-09-02 08:55:00,135.7,6,60,33.0,0,0,0
2026-09-02 09:00:00,136.4,9,63,36.4,0,0,0
2026-09-02 09:05:00,134.7,8,64,28.1,0,0,0
2026-09-02 09:10:00,135.1,3,63,33.1,0,0,0
2026-09-02 09:15:00,134.7,12,63,33.4,0,0,0
2026-09-02 09:20:00,128.4,5,61,34.3,0,0,0
2026-09-02 09:25:00,127.2,17,62,29.5,0,0,0
2026-09-02 09:30:00,127.0,5,61,33.5,0,0,0
2026-09-02 09:35:00,128.4,8,63,30.6,0,0,0
2026-09-02 09:40:00,129.1,4,64,34.4,0,0,0
2026-09-02 09:45:00,125.7,7,67,36.2,0,0,0
2026-09-02 09:50:00,124.4,16,67,31.3,0,0,0
2026-09-02 09:55:00,126.6,13,67,34.7,0,0,0
2026-09-02 10:00:00,126.7,11,63,32.1,0,0,0
2026-09-02 10:05:00,125.0,11,64,34.4,0,0,0
2026-09-02 10:10:00,127.2,11,65,30.7,0,0,0
2026-09-02 10:15:00,126.4,11,66,30.5,0,0,0
2026-09-02 10:20:00,125.5,6,66,32.7,0,0,0
2026-09-02 10:25:00,123.6,4,65,31.0,0,0,0
2026-09-02 10:30:00,122.1,3,65,32.1,0,0,0
2026-09-02 10:35:00,121.8,7,66,34.4,0,0,0
2026-09-02 10:40:00,118.9,5,63,31.7,0,0,0
2026-09-02 10:45:00,121.7,5,60,33.7,0,0,0
2026-09-02 10:50:00,119.3,12,59,33.5,0,0,0
2026-09-02 10:55:00,120.4,10,62,32.3,0,0,0
2026-09-02 11:00:00,121.4,14,67,33.1,0,0,0
2026-09-02 11:05:00,119.8,5,67,30.9,0,0,0
2026-09-02 11:10:00,118.8,14,65,32.6,0,0,0
2026-09-02 11:15:00,120.8,4,63,29.0,0,0,0
2026-09-02 11:20:00,119.3,10,60,30.5,0,0,0
2026-09-02 11:25:00,117.4,7,64,33.8,0,0,0
2026-09-02 11:30:00,121.2,3,59,32.6,0,0,0
2026-09-02 11:35:00,119.1,8,64,31.7,0,0,0
2026-09-02 11:40:00,120.3,7,64,34.7,0,0,0
2026-09-02 11:45:00,120.7,1,62,32.5,0,0,0
2026-09-02 11:50:00,116.8,9,62,35.5,0,0,0
2026-09-02 11:55:00,116.0,3,60,35.0,0,0,0
2026-09-02 12:00:00,113.7,8,57,33.1,0,0,0
2026-09-02 12:05:00,115.3,11,63,29.4,0,0,0
2026-09-02 12:10:00,113.1,8,65,32.2,0,0,0
2026-09-02 12:15:00,110.9,3,68,30.0,0,0,0
2026-09-02 12:20:00,110.9,11,63,34.4,0,0,0
2026-09-02 12:25:00,112.6,11,69,31.6,0,0,0
2026-09-02 12:30:00,114.3,12,68,30.0,0,0,0
2026-09-02 12:35:00,115.2,8,64,31.8,0,0,0
2026-09-02 12:40:00,115.3,27,65,32.4,0,0,0
2026-09-02 12:45:00,119.1,6,64,34.5,0,0,0
2026-09-02 12:50:00,120.6,4,65,31.4,0,0,0
2026-09-02 12:55:00,122.9,6,65,32.8,0,0,0
2026-09-02 13:00:00,123.9,7,60,32.2,0,0,0
2026-09-02 13:05:00,122.6,6,64,33.0,0,0,0
2026-09-02 13:10:00,119.6,4,64,30.0,0,0,0
2026-09-02 13:15:00,121.7,19,61,34.7,0,0,0
2026-09-02 13:20:00,122.9,3,61,31.4,0,0,0
2026-09-02 13:25:00,123.1,9,63,30.7,0,0,0
2026-09-02 13:30:00,121.9,14,67,31.5,0,0,0
2026-09-02 13:35:00,121.5,3,63,37.7,0,0,0
2026-09-02 13:40:00,122.6,7,62,30.0,0,0,0
2026-09-02 13:45:00,121.6,10,67,33.2,0,0,0
2026-09-02 13:50:00,119.1,19,65,30.9,0,0,0
2026-09-02 13:55:00,120.8,16,68,33.2,0,0,0
2026-09-02 14:00:00,117.9,19,66,34.9,0,0,0
2026-09-02 14:05:00,120.3,7,67,33.6,0,0,0
2026-09-02 14:10:00,120.5,6,65,33.4,0,0,0
2026-09-02 14:15:00,118.3,11,63,33.4,0,0,0
2026-09-02 14:20:00,118.7,3,61,31.3,0,0,0
2026-09-02 14:25:00,118.0,21,69,33.5,0,0,0
2026-09-02 14:30:00,119.4,9,58,34.0,0,0,0
2026-09-02 14:35:00,121.4,13,64,37.3,0,0,0
2026-09-02 14:40:00,118.9,12,63,31.2,0,0,0
2026-09-02 14:45:00,115.5,15,63,29.6,0,0,0
2026-09-02 14:50:00,118.7,6,62,28.1,0,0,0
2026-09-02 14:55:00,114.9,8,66,31.2,0,0,0
2026-09-02 15:00:00,115.9,15,65,33.5,0,0,0
2026-09-02 15:05:00,115.8,11,64,29.5,0,0,0
2026-09-02 15:10:00,114.1,4,65,34.4,0,0,0
2026-09-02 15:15:00,113.2,4,61,33.9,0,0,0
2026-09-02 15:20:00,111.7,1,62,30.8,0,0,0
2026-09-02 15:25:00,114.2,8,62,31.8,0,0,0
2026-09-02 15:30:00,115.4,9,62,36.4,0,0,0
2026-09-02 15:35:00,115.7,10,66,35.7,0,0,0
2026-09-02 15:40:00,114.1,5,61,30.8,0,0,0
2026-09-02 15:45:00,117.5,10,67,33.5,0,0,0
2026-09-02 15:50:00,118.0,7,64,32.2,0,0,0
2026-09-02 15:55:00,120.5,10,59,33.2,0,0,0
2026-09-02 16:00:00,121.1,6,64,31.9,0,0,0
2026-09-02 16:05:00,121.8,3,66,30.3,0,0,0
2026-09-02 16:10:00,121.9,6,63,28.9,0,0,0
2026-09-02 16:15:00,119.4,5,67,34.3,0,0,0
2026-09-02 16:20:00,120.7,2,66,33.0,0,0,0
2026-09-02 16:25:00,119.2,11,62,31.4,0,0,0
2026-09-02 16:30:00,120.7,7,63,35.3,0,0,0
2026-09-02 16:35:00,120.6,13,66,31.3,0,0,0
2026-09-02 16:40:00,121.7,5,64,31.4,0,0,0
2026-09-02 16:45:00,119.0,10,65,33.6,0,0,0
2026-09-02 16:50:00,121.5,7,64,30.5,0,0,0
2026-09-02 16:55:00,119.1,16,67,31.9,0,0,0
2026-09-02 17:00:00,114.0,11,61,32.7,0,0,0
2026-09-02 17:05:00,117.5,7,64,30.2,0,0,0
2026-09-02 17:10:00,118.9,4,64,32.3,0,0,0
2026-09-02 17:15:00,116.9,19,66,34.5,0,0,0
2026-09-02 17:20:00,114.9,5,62,32.2,0,0,0
2026-09-02 17:25:00,113.6,6,63,32.5,0,0,0
2026-09-02 17:30:00,112.5,4,61,33.3,0,0,0
2026-09-02 17:35:00,112.8,8,68,31.3,0,0,0
2026-09-02 17:40:00,111.4,27,71,34.1,0,17,35
2026-09-02 17:45:00,113.9,11,63,33.6,0,0,0
2026-09-02 17:50:00,114.5,10,66,30.3,0,0,0
2026-09-02 17:55:00,113.8,8,67,35.6,0,0,0
2026-09-02 18:00:00,114.0,14,69,31.0,0,0,0
2026-09-02 18:05:00,115.5,10,71,33.3,0,0,0
2026-09-02 18:10:00,114.5,25,63,32.8,0,0,0
2026-09-02 18:15:00,114.0,15,64,35.8,0,0,0
2026-09-02 18:20:00,113.3,6,63,33.8,0,0,0
2026-09-02 18:25:00,108.7,8,62,29.1,0,0,0
2026-09-02 18:30:00,108.9,22,63,36.6,0,0,0
2026-09-02 18:35:00,113.4,4,64,29.3,0,0,0
2026-09-02 18:40:00,114.0,13,61,31.7,0,0,0
2026-09-02 18:45:00,115.9,9,63,32.0,0,0,0
2026-09-02 18:50:00,117.3,17,64,36.7,0,0,0
2026-09-02 18:55:00,118.4,14,62,35.8,0,0,0
2026-09-02 19:00:00,121.1,2,64,34.1,0,0,0
2026-09-02 19:05:00,120.1,22,67,30.8,0,0,0
2026-09-02 19:10:00,120.9,5,64,32.9,0,0,0
2026-09-02 19:15:00,117.5,24,68,34.5,0,0,0
2026-09-02 19:20:00,116.3,5,64,30.3,0,0,0
2026-09-02 19:25:00,118.5,8,65,30.5,0,0,0
2026-09-02 19:30:00,116.6,15,66,32.8,0,0,0
2026-09-02 19:35:00,115.2,9,66,29.7,0,0,0
2026-09-02 19:40:00,115.6,2,59,28.1,0,0,0
2026-09-02 19:45:00,117.0,9,64,30.3,0,0,0
2026-09-02 19:50:00,116.1,7,62,29.1,0,0,0
2026-09-02 19:55:00,118.1,9,63,28.8,0,0,0
2026-09-02 20:00:00,116.4,12,63,35.2,0,0,0
2026-09-02 20:05:00,116.2,6,60,34.5,0,0,0
2026-09-02 20:10:00,117.7,10,63,31.9,0,0,0
2026-09-02 20:15:00,121.2,10,61,31.5,0,0,0
2026-09-02 20:20:00,120.7,15,64,32.1,0,0,0
2026-09-02 20:25:00,123.2,12,61,30.5,0,0,0
2026-09-02 20:30:00,123.0,9,66,30.0,0,0,0
2026-09-02 20:35:00,124.4,9,64,31.9,0,0,0
2026-09-02 20:40:00,125.8,10,64,32.2,0,0,0
2026-09-02 20:45:00,129.0,6,65,31.7,0,0,0
2026-09-02 20:50:00,128.6,11,68,33.3,0,0,0
2026-09-02 20:55:00,128.6,5,66,30.0,0,57,50
2026-09-02 21:00:00,132.1,6,70,29.9,0,0,0
2026-09-02 21:05:00,133.3,16,70,30.1,0,0,0
2026-09-02 21:10:00,138.1,16,68,33.4,0,0,0
2026-09-02 21:15:00,138.7,15,68,31.6,0,0,0
2026-09-02 21:20:00,139.9,2,69,30.9,0,0,0
2026-09-02 21:25:00,142.6,20,64,34.2,0,0,0
2026-09-02 21:30:00,141.1,8,60,29.8,0,0,0
2026-09-02 21:35:00,141.4,2,65,32.1,0,0,0
2026-09-02 21:40:00,138.8,7,60,29.4,0,0,0
2026-09-02 21:45:00,137.1,4,63,28.2,0,0,0
2026-09-02 21:50:00,134.6,13,64,32.2,0,0,0
2026-09-02 21:55:00,134.1,7,68,30.6,0,0,0
2026-09-02 22:00:00,134.3,9,64,33.9,0,0,0
2026-09-02 22:05:00,135.2,18,65,29.3,0,0,0
2026-09-02 22:10:00,136.6,7,64,29.8,0,0,0
2026-09-02 22:15:00,133.7,3,66,34.2,0,0,0
2026-09-02 22:20:00,131.0,7,65,31.7,0,0,0
2026-09-02 22:25:00,127.3,14,65,30.2,0,0,0
2026-09-02 22:30:00,128.8,11,66,34.5,0,0,0
2026-09-02 22:35:00,129.7,12,67,33.2,0,0,0
2026-09-02 22:40:00,130.3,5,65,31.8,0,0,0
2026-09-02 22:45:00,128.9,8,61,32.7,0,0,0
2026-09-02 22:50:00,132.1,7,65,30.6,0,0,0
2026-09-02 22:55:00,132.1,1,57,49.4,1,0,0
2026-09-02 23:00:00,131.5,0,55,53.8,1,0,0
2026-09-02 23:05:00,129.7,0,55,53.3,1,0,0
2026-09-02 23:10:00,131.3,0,54,58.0,1,0,0
2026-09-02 23:15:00,133.4,1,53,55.8,1,0,0
2026-09-02 23:20:00,134.4,0,55,49.3,1,0,0
2026-09-02 23:25:00,132.1,0,55,52.1,1,0,0
2026-09-02 23:30:00,131.1,0,58,51.7,1,0,0
2026-09-02 23:35:00,130.4,0,49,53.0,1,0,0
2026-09-02 23:40:00,129.3,1,53,52.9,1,0,0
2026-09-02 23:45:00,129.5,0,56,54.0,1,0,0
2026-09-02 23:50:00,130.9,0,56,55.6,1,0,0
2026-09-02 23:55:00,131.7,0,53,52.4,1,0,0
2026-09-03 00:00:00,129.7,0,53,49.8,1,0,0
2026-09-03 00:05:00,131.3,0,54,51.2,1,0,0
2026-09-03 00:10:00,131.4,0,54,52.5,1,0,0
2026-09-03 00:15:00,130.5,1,55,50.8,1,0,0
2026-09-03 00:20:00,129.1,0,56,52.2,1,0,0
2026-09-03 00:25:00,127.8,0,54,51.0,1,0,0
2026-09-03 00:30:00,127.5,0,51,54.7,1,0,0
2026-09-03 00:35:00,125.8,0,53,53.4,1,0,0
2026-09-03 00:40:00,124.2,0,52,51.0,1,0,0
2026-09-03 00:45:00,120.6,0,54,53.3,1,0,0
2026-09-03 00:50:00,120.0,1,56,51.9,1,0,0
2026-09-03 00:55:00,118.3,0,54,51.7,1,0,0
2026-09-03 01:00:00,117.1,0,51,47.6,1,0,0
2026-09-03 01:05:00,116.9,0,52,54.7,1,0,0
2026-09-03 01:10:00,114.4,0,54,53.5,1,0,0
2026-09-03 01:15:00,114.4,0,57,54.3,1,0,0
2026-09-03 01:20:00,113.7,0,55,55.5,1,0,0
2026-09-03 01:25:00,112.0,0,56,51.1,1,0,0
2026-09-03 01:30:00,113.4,0,56,53.3,1,0,0
2026-09-03 01:35:00,116.1,0,55,51.1,1,0,0
2026-09-03 01:40:00,116.5,0,53,53.2,1,0,0
2026-09-03 01:45:00,115.6,1,59,49.0,1,0,0
2026-09-03 01:50:00,118.6,0,54,53.0,1,0,0
2026-09-03 01:55:00,116.6,0,57,53.7,1,0,0
2026-09-03 02:00:00,116.7,0,54,53.5,1,0,0
2026-09-03 02:05:00,118.0,0,56,53.7,1,0,0
2026-09-03 02:10:00,117.3,0,55,51.3,1,0,0
2026-09-03 02:15:00,115.7,2,57,47.0,1,0,0
2026-09-03 02:20:00,116.9,0,55,54.3,1,0,0
2026-09-03 02:25:00,116.0,0,55,48.8,1,0,0
2026-09-03 02:30:00,118.6,1,55,51.6,1,0,0
2026-09-03 02:35:00,118.3,0,53,53.7,1,0,0
2026-09-03 02:40:00,120.6,0,56,53.2,1,0,0
2026-09-03 02:45:00,121.0,0,57,52.6,1,0,0
2026-09-03 02:50:00,120.1,0,59,54.4,1,0,0
2026-09-03 02:55:00,120.7,0,54,53.3,1,0,0
2026-09-03 03:00:00,117.8,0,53,54.1,1,0,0
2026-09-03 03:05:00,118.9,1,54,52.7,1,0,0
2026-09-03 03:10:00,115.3,0,54,54.5,1,0,0
2026-09-03 03:15:00,117.7,0,57,56.0,1,0,0
2026-09-03 03:20:00,119.3,0,59,56.1,1,0,0
2026-09-03 03:25:00,118.7,1,50,49.2,1,0,0
2026-09-03 03:30:00,118.6,0,58,50.8,1,0,0
2026-09-03 03:35:00,117.3,0,55,53.0,1,0,0
2026-09-03 03:40:00,114.4,1,55,50.0,1,0,0
2026-09-03 03:45:00,113.0,0,55,53.3,1,0,0
2026-09-03 03:50:00,111.6,0,53,52.8,1,0,0
2026-09-03 03:55:00,111.5,0,55,54.9,1,0,0
2026-09-03 04:00:00,113.9,1,55,53.3,1,0,0
2026-09-03 04:05:00,117.3,0,56,55.0,1,0,0
2026-09-03 04:10:00,118.7,1,53,56.2,1,0,0
2026-09-03 04:15:00,119.4,1,53,51.2,1,0,0
2026-09-03 04:20:00,121.4,0,54,54.1,1,0,0
2026-09-03 04:25:00,126.3,0,52,54.0,1,0,0
2026-09-03 04:30:00,128.2,0,57,50.7,1,0,0
2026-09-03 04:35:00,128.2,0,56,55.0,1,0,0
2026-09-03 04:40:00,125.1,0,56,54.1,1,0,0
2026-09-03 04:45:00,124.5,0,56,51.4,1,0,0
2026-09-03 04:50:00,124.6,0,55,55.0,1,0,0
2026-09-03 04:55:00,127.3,0,54,50.8,1,0,0
2026-09-03 05:00:00,126.5,0,55,51.6,1,0,0
2026-09-03 05:05:00,129.4,0,53,52.8,1,0,0
2026-09-03 05:10:00,126.5,0,57,48.9,1,0,0
2026-09-03 05:15:00,126.8,1,55,50.2,1,0,0
2026-09-03 05:20:00,127.2,0,56,53.2,1,0,0
2026-09-03 05:25:00,126.3,0,60,52.2,1,0,0
2026-09-03 05:30:00,123.5,0,57,51.5,1,0,0
2026-09-03 05:35:00,122.1,0,57,51.6,1,0,0
2026-09-03 05:40:00,121.3,1,63,51.5,1,0,0
2026-09-03 05:45:00,117.8,0,54,52.1,1,0,0
2026-09-03 05:50:00,118.2,1,56,55.8,1,0,0
2026-09-03 05:55:00,120.5,1,57,50.9,1,0,0
2026-09-03 06:00:00,120.6,0,57,54.2,1,0,0
2026-09-03 06:05:00,118.9,0,54,52.4,1,0,0
2026-09-03 06:10:00,119.7,0,55,53.7,1,0,0
2026-09-03 06:15:00,119.5,6,61,32.1,0,0,0
2026-09-03 06:20:00,123.5,5,60,30.3,0,0,0
2026-09-03 06:25:00,124.4,13,67,31.2,0,0,0
2026-09-03 06:30:00,130.3,14,65,30.8,0,0,0
2026-09-03 06:35:00,129.7,10,67,32.5,0,0,0
2026-09-03 06:40:00,128.5,6,63,32.3,0,0,0
2026-09-03 06:45:00,125.6,3,63,32.6,0,0,0
2026-09-03 06:50:00,127.0,13,66,35.3,0,0,0
2026-09-03 06:55:00,127.6,17,63,35.7,0,0,0
2026-09-03 07:00:00,125.7,14,62,33.8,0,0,0
2026-09-03 07:05:00,125.6,8,66,32.7,0,0,0
2026-09-03 07:10:00,124.1,2,63,30.8,0,0,0
2026-09-03 07:15:00,123.3,5,59,30.0,0,0,0
2026-09-03 07:20:00,123.3,6,65,32.3,0,0,0
2026-09-03 07:25:00,121.1,10,61,29.4,0,0,0
2026-09-03 07:30:00,121.0,15,62,34.1,0,0,0
2026-09-03 07:35:00,114.8,1,63,32.9,0,0,0
2026-09-03 07:40:00,117.5,23,63,28.9,0,0,0
2026-09-03 07:45:00,121.9,5,64,31.4,0,0,0
2026-09-03 07:50:00,121.0,11,66,35.5,0,65,78
2026-09-03 07:55:00,129.5,17,68,32.5,0,0,0
2026-09-03 08:00:00,136.2,14,64,28.9,0,0,0
2026-09-03 08:05:00,139.5,13,66,33.6,0,0,0
2026-09-03 08:10:00,139.3,14,66,31.4,0,0,0
2026-09-03 08:15:00,140.3,5,68,30.7,0,0,0
2026-09-03 08:20:00,140.2,7,60,29.9,0,0,0
2026-09-03 08:25:00,137.7,13,61,28.8,0,0,0
2026-09-03 08:30:00,138.9,6,60,33.1,0,0,0
2026-09-03 08:35:00,141.5,19,64,30.3,0,0,0
2026-09-03 08:40:00,141.9,10,63,35.8,0,0,0
2026-09-03 08:45:00,145.1,2,63,28.7,0,0,0
2026-09-03 08:50:00,142.3,9,62,33.0,0,0,0
2026-09-03 08:55:00,143.4,8,64,28.5,0,0,0
2026-09-03 09:00:00,143.5,5,64,34.7,0,0,0
2026-09-03 09:05:00,142.8,2,63,35.4,0,0,0
2026-09-03 09:10:00,142.8,3,63,29.9,0,0,0
2026-09-03 09:15:00,142.7,5,64,33.7,0,0,0
2026-09-03 09:20:00,144.0,5,61,32.4,0,0,0
2026-09-03 09:25:00,145.2,11,63,29.8,0,0,0
2026-09-03 09:30:00,142.2,11,63,34.7,0,0,0
2026-09-03 09:35:00,138.8,9,66,33.2,0,0,0
2026-09-03 09:40:00,139.9,18,60,35.3,0,0,0
2026-09-03 09:45:00,138.8,13,65,36.3,0,0,0
2026-09-03 09:50:00,139.6,5,63,33.2,0,0,0
2026-09-03 09:55:00,138.2,7,65,33.8,0,0,0
2026-09-03 10:00:00,132.7,8,63,33.9,0,0,0
2026-09-03 10:05:00,133.5,18,62,31.6,0,0,0
2026-09-03 10:10:00,130.6,15,65,35.8,0,0,0
2026-09-03 10:15:00,128.1,17,61,37.4,0,0,0
2026-09-03 10:20:00,128.4,11,67,30.7,0,0,0
2026-09-03 10:25:00,129.1,12,66,36.8,0,0,0
2026-09-03 10:30:00,126.4,13,63,31.4,0,0,0
2026-09-03 10:35:00,128.5,4,65,31.6,0,0,0
2026-09-03 10:40:00,129.8,10,66,36.6,0,0,0
2026-09-03 10:45:00,125.9,7,62,30.1,0,0,0
2026-09-03 10:50:00,127.0,16,63,33.9,0,0,0
2026-09-03 10:55:00,125.1,8,64,31.6,0,0,0
2026-09-03 11:00:00,125.7,9,62,33.1,0,0,0
2026-09-03 11:05:00,125.5,5,64,30.7,0,0,0
2026-09-03 11:10:00,121.8,4,62,35.3,0,0,0
2026-09-03 11:15:00,122.7,10,64,28.9,0,0,0
2026-09-03 11:20:00,122.7,4,65,31.3,0,0,0
2026-09-03 11:25:00,123.6,10,63,31.8,0,0,0
2026-09-03 11:30:00,125.9,11,63,31.4,0,0,0
2026-09-03 11:35:00,123.7,2,63,34.7,0,0,0
2026-09-03 11:40:00,123.4,10,63,30.4,0,0,0
2026-09-03 11:45:00,120.7,7,64,33.0,0,0,0
2026-09-03 11:50:00,122.5,10,62,30.5,0,0,0
2026-09-03 11:55:00,122.8,5,63,32.7,0,0,0
2026-09-03 12:00:00,121.6,17,63,33.8,0,0,0
2026-09-03 12:05:00,120.3,10,66,31.7,0,0,0
2026-09-03 12:10:00,121.3,13,66,32.6,0,0,0
2026-09-03 12:15:00,119.0,2,65,33.6,0,0,0
2026-09-03 12:20:00,119.2,12,64,29.7,0,0,0
2026-09-03 12:25:00,118.1,7,62,26.7,0,0,0
2026-09-03 12:30:00,115.7,7,65,32.2,0,0,0
2026-09-03 12:35:00,114.7,14,70,32.4,0,0,0
2026-09-03 12:40:00,112.8,10,66,30.1,0,102,70
2026-09-03 12:45:00,119.8,7,68,33.0,0,0,0
2026-09-03 12:50:00,126.6,13,62,31.8,0,0,0
2026-09-03 12:55:00,131.5,487,96,33.8,0,0,0
2026-09-03 13:00:00,137.4,477,96,34.2,0,0,0
2026-09-03 13:05:00,139.9,12,65,31.7,0,0,0
2026-09-03 13:10:00,142.0,9,67,32.7,0,0,0
2026-09-03 13:15:00,143.7,8,62,33.0,0,0,0
2026-09-03 13:20:00,145.8,2,64,36.3,0,0,0
2026-09-03 13:25:00,145.7,6,63,33.1,0,0,0
2026-09-03 13:30:00,142.5,7,62,31.3,0,0,0
2026-09-03 13:35:00,137.6,24,62,37.4,0,0,0
2026-09-03 13:40:00,132.8,9,62,34.8,0,0,0
2026-09-03 13:45:00,130.3,10,66,31.4,0,0,0
2026-09-03 13:50:00,128.4,4,62,33.8,0,0,0
2026-09-03 13:55:00,129.6,7,64,31.5,0,0,0
2026-09-03 14:00:00,130.3,17,66,29.4,0,0,0
2026-09-03 14:05:00,134.4,539,93,29.2,0,0,0
2026-09-03 14:10:00,132.8,538,94,33.3,0,0,0
2026-09-03 14:15:00,135.0,8,65,34.4,0,0,0
2026-09-03 14:20:00,135.2,8,65,32.3,0,0,0
2026-09-03 14:25:00,138.6,6,66,34.3,0,0,0
2026-09-03 14:30:00,140.1,9,61,31.3,0,0,0
2026-09-03 14:35:00,138.5,5,65,29.1,0,0,0
2026-09-03 14:40:00,139.2,3,61,32.1,0,0,0
2026-09-03 14:45:00,136.9,9,67,32.2,0,0,0
2026-09-03 14:50:00,134.1,5,65,33.9,0,0,0
2026-09-03 14:55:00,133.0,17,66,33.3,0,0,0
2026-09-03 15:00:00,132.5,4,66,33.3,0,0,0
2026-09-03 15:05:00,129.1,11,62,33.6,0,0,0
2026-09-03 15:10:00,129.0,11,65,28.3,0,0,0
2026-09-03 15:15:00,129.0,2,61,32.4,0,0,0
2026-09-03 15:20:00,126.2,17,66,33.4,0,0,0
2026-09-03 15:25:00,126.5,9,58,35.5,0,0,0
2026-09-03 15:30:00,123.1,9,65,31.0,0,0,0
2026-09-03 15:35:00,122.9,12,64,32.5,0,0,0
2026-09-03 15:40:00,122.6,10,63,31.8,0,0,0
2026-09-03 15:45:00,123.0,18,65,32.5,0,0,0
2026-09-03 15:50:00,121.9,3,59,32.7,0,0,0
2026-09-03 15:55:00,121.6,5,63,29.5,0,0,0
2026-09-03 16:00:00,122.1,10,61,32.5,0,0,0
2026-09-03 16:05:00,121.7,6,61,30.8,0,0,0
2026-09-03 16:10:00,121.0,9,63,34.8,0,0,0
2026-09-03 16:15:00,123.0,6,66,30.4,0,0,0
2026-09-03 16:20:00,123.1,8,68,28.1,0,0,0
2026-09-03 16:25:00,123.8,4,64,34.9,0,0,0
2026-09-03 16:30:00,123.5,4,68,29.8,0,0,0
2026-09-03 16:35:00,124.1,13,60,34.0,0,0,0
2026-09-03 16:40:00,126.1,5,64,32.7,0,0,0
2026-09-03 16:45:00,126.4,9,61,32.0,0,0,0
2026-09-03 16:50:00,128.7,9,64,36.5,0,0,0
2026-09-03 16:55:00,126.7,11,60,30.3,0,0,0
2026-09-03 17:00:00,127.1,7,65,34.8,0,0,0
2026-09-03 17:05:00,123.3,14,61,34.9,0,0,0
2026-09-03 17:10:00,123.6,13,63,31.2,0,0,0
2026-09-03 17:15:00,124.2,1,63,33.6,0,0,0
2026-09-03 17:20:00,127.2,13,64,29.0,0,18,50
2026-09-03 17:25:00,130.2,9,72,33.3,0,0,0
2026-09-03 17:30:00,128.1,14,69,31.6,0,0,0
2026-09-03 17:35:00,126.8,498,97,33.3,0,0,0
2026-09-03 17:40:00,126.5,495,95,34.0,0,0,0
2026-09-03 17:45:00,125.7,3,66,34.3,0,0,0
2026-09-03 17:50:00,129.4,7,66,33.2,0,0,0
2026-09-03 17:55:00,128.8,7,60,32.9,0,0,0
2026-09-03 18:00:00,129.9,1,66,32.7,0,0,0
2026-09-03 18:05:00,127.3,13,67,32.9,0,0,0
2026-09-03 18:10:00,124.5,21,59,31.9,0,0,0
2026-09-03 18:15:00,126.3,12,62,30.8,0,0,0
2026-09-03 18:20:00,126.1,6,63,32.2,0,0,0
2026-09-03 18:25:00,124.3,4,66,31.6,0,0,0
2026-09-03 18:30:00,123.8,7,61,34.1,0,0,0
2026-09-03 18:35:00,122.1,7,64,33.2,0,0,0
2026-09-03 18:40:00,123.0,16,66,34.2,0,0,0
2026-09-03 18:45:00,122.1,12,67,28.4,0,0,0
2026-09-03 18:50:00,124.5,14,64,31.9,0,0,0
2026-09-03 18:55:00,126.0,14,65,32.1,0,0,0
2026-09-03 19:00:00,127.5,4,60,29.7,0,0,0
2026-09-03 19:05:00,127.4,3,64,32.8,0,0,0
2026-09-03 19:10:00,124.9,11,63,36.1,0,0,0
2026-09-03 19:15:00,121.4,5,64,27.4,0,0,0
2026-09-03 19:20:00,115.6,17,62,35.6,0,0,0
2026-09-03 19:25:00,114.0,12,61,30.0,0,0,0
2026-09-03 19:30:00,114.2,2,61,32.1,0,0,0
2026-09-03 19:35:00,114.6,3,63,32.5,0,0,0
2026-09-03 19:40:00,116.0,7,62,32.6,0,0,0
2026-09-03 19:45:00,117.5,10,66,35.8,0,0,0
2026-09-03 19:50:00,116.5,17,64,30.5,0,0,0
2026-09-03 19:55:00,115.4,7,65,34.8,0,0,0
2026-09-03 20:00:00,118.7,5,67,34.5,0,0,0
2026-09-03 20:05:00,115.1,15,60,33.7,0,0,0
2026-09-03 20:10:00,114.9,15,66,33.7,0,0,0
2026-09-03 20:15:00,117.9,6,67,33.1,0,0,0
2026-09-03 20:20:00,114.6,12,64,33.1,0,0,0
2026-09-03 20:25:00,116.9,12,65,30.1,0,0,0
2026-09-03 20:30:00,117.5,6,67,33.3,0,83,75
2026-09-03 20:35:00,126.2,9,66,33.1,0,0,0
2026-09-03 20:40:00,132.2,6,67,30.3,0,0,0
2026-09-03 20:45:00,139.6,407,87,35.3,0,0,0
2026-09-03 20:50:00,144.3,408,89,35.0,0,0,0
2026-09-03 20:55:00,144.7,2,65,35.2,0,0,0
2026-09-03 21:00:00,146.4,16,66,30.1,0,0,0
2026-09-03 21:05:00,146.4,8,64,28.6,0,0,0
2026-09-03 21:10:00,146.9,6,64,33.5,0,0,0
2026-09-03 21:15:00,144.8,1,63,29.6,0,0,0
2026-09-03 21:20:00,145.8,0,53,51.1,1,0,0
2026-09-03 21:25:00,144.7,0,56,52.5,1,0,0
2026-09-03 21:30:00,141.9,0,54,56.4,1,0,0
2026-09-03 21:35:00,137.7,0,51,53.2,1,0,0
2026-09-03 21:40:00,138.4,0,51,53.8,1,0,0
2026-09-03 21:45:00,139.6,0,59,54.4,1,0,0
2026-09-03 21:50:00,140.5,1,55,55.4,1,0,0
2026-09-03 21:55:00,137.7,0,57,51.4,1,0,0
2026-09-03 22:00:00,135.9,1,53,53.5,1,0,0
2026-09-03 22:05:00,132.2,0,53,54.0,1,0,0
2026-09-03 22:10:00,132.0,0,53,56.3,1,0,0
2026-09-03 22:15:00,130.9,1,56,52.7,1,0,0
2026-09-03 22:20:00,131.8,2,57,53.0,1,0,0
2026-09-03 22:25:00,130.6,0,54,53.8,1,0,0
2026-09-03 22:30:00,129.1,0,56,54.5,1,0,0
2026-09-03 22:35:00,125.5,0,54,54.6,1,0,0
2026-09-03 22:40:00,127.4,0,53,49.1,1,0,0
2026-09-03 22:45:00,125.3,0,57,52.4,1,0,0
2026-09-03 22:50:00,126.8,1,56,53.6,1,0,0
2026-09-03 22:55:00,125.3,0,54,55.1,1,0,0
2026-09-03 23:00:00,125.7,0,51,53.3,1,0,0
2026-09-03 23:05:00,126.8,1,56,52.4,1,0,0
2026-09-03 23:10:00,127.5,0,57,49.4,1,0,0
2026-09-03 23:15:00,126.4,1,55,55.8,1,0,0
2026-09-03 23:20:00,127.9,0,55,52.1,1,0,0
2026-09-03 23:25:00,124.9,0,55,55.1,1,0,0
2026-09-03 23:30:00,123.4,0,56,51.4,1,0,0
2026-09-03 23:35:00,121.2,0,53,52.9,1,0,0
2026-09-03 23:40:00,120.4,0,54,58.0,1,0,0
2026-09-03 23:45:00,120.6,0,55,55.2,1,0,0
2026-09-03 23:50:00,121.5,0,54,51.2,1,0,0
2026-09-03 23:55:00,121.8,0,54,53.3,1,0,0
2026-09-04 00:00:00,120.1,0,56,50.8,1,0,0
2026-09-04 00:05:00,118.2,0,53,53.8,1,0,0
2026-09-04 00:10:00,120.6,0,55,51.5,1,0,0
2026-09-04 00:15:00,115.4,1,55,49.7,1,0,0
2026-09-04 00:20:00,113.9,0,54,53.3,1,0,0
2026-09-04 00:25:00,115.9,0,57,52.5,1,0,0
2026-09-04 00:30:00,113.4,0,54,51.2,1,0,0
2026-09-04 00:35:00,113.8,0,54,52.8,1,0,0
2026-09-04 00:40:00,113.5,0,53,51.0,1,0,0
2026-09-04 00:45:00,113.7,0,57,52.6,1,0,0
2026-09-04 00:50:00,116.8,0,55,52.8,1,0,0
2026-09-04 00:55:00,120.2,1,55,54.3,1,0,0
2026-09-04 01:00:00,116.5,0,56,53.9,1,0,0
2026-09-04 01:05:00,116.6,0,56,53.8,1,0,0
2026-09-04 01:10:00,115.8,1,52,51.4,1,0,0
2026-09-04 01:15:00,116.8,0,56,53.9,1,0,0
2026-09-04 01:20:00,116.0,0,58,53.4,1,0,0
2026-09-04 01:25:00,111.1,0,54,53.2,1,0,0
2026-09-04 01:30:00,113.4,0,52,51.1,1,0,0
2026-09-04 01:35:00,112.1,0,57,53.6,1,0,0
2026-09-04 01:40:00,112.6,0,51,53.9,1,0,0
2026-09-04 01:45:00,115.5,0,55,53.1,1,0,0
2026-09-04 01:50:00,118.3,0,54,52.7,1,0,0
2026-09-04 01:55:00,119.7,0,54,52.0,1,0,0
2026-09-04 02:00:00,121.7,1,54,55.0,1,0,0
2026-09-04 02:05:00,122.2,0,54,53.9,1,0,0
2026-09-04 02:10:00,121.0,0,58,54.0,1,0,0
2026-09-04 02:15:00,124.4,0,58,53.6,1,0,0
2026-09-04 02:20:00,121.5,0,60,50.4,1,0,0
2026-09-04 02:25:00,123.9,0,53,51.5,1,0,0
2026-09-04 02:30:00,123.4,0,55,50.7,1,0,0
2026-09-04 02:35:00,123.4,1,54,53.6,1,0,0
2026-09-04 02:40:00,125.0,0,57,52.7,1,0,0
2026-09-04 02:45:00,121.9,0,54,53.3,1,0,0
2026-09-04 02:50:00,124.2,0,55,51.0,1,0,0
2026-09-04 02:55:00,122.4,0,56,51.2,1,0,0
2026-09-04 03:00:00,122.0,0,55,50.9,1,0,0
2026-09-04 03:05:00,124.6,1,59,50.4,1,0,0
2026-09-04 03:10:00,126.4,1,54,49.8,1,0,0
2026-09-04 03:15:00,125.6,0,56,51.9,1,0,0
2026-09-04 03:20:00,127.1,0,56,55.3,1,0,0
2026-09-04 03:25:00,129.5,0,58,53.9,1,0,0
2026-09-04 03:30:00,127.4,0,54,53.7,1,0,0
2026-09-04 03:35:00,129.1,1,58,50.6,1,0,0
2026-09-04 03:40:00,134.0,2,59,54.6,1,0,0
2026-09-04 03:45:00,128.7,1,54,50.6,1,0,0
2026-09-04 03:50:00,125.0,0,55,50.5,1,0,0
2026-09-04 03:55:00,122.8,1,52,53.6,1,0,0
2026-09-04 04:00:00,122.6,1,55,52.7,1,0,0
2026-09-04 04:05:00,124.4,1,53,52.7,1,0,0
2026-09-04 04:10:00,123.0,0,56,52.4,1,0,0
2026-09-04 04:15:00,122.9,0,56,54.2,1,0,0
2026-09-04 04:20:00,123.9,0,58,54.8,1,0,0
2026-09-04 04:25:00,124.4,0,56,49.9,1,0,0
2026-09-04 04:30:00,123.4,0,59,53.6,1,0,0
2026-09-04 04:35:00,124.0,0,50,50.2,1,0,0
2026-09-04 04:40:00,125.8,0,54,54.0,1,0,0
2026-09-04 04:45:00,128.2,0,54,50.2,1,0,0
2026-09-04 04:50:00,130.3,0,53,50.3,1,0,0
2026-09-04 04:55:00,129.6,1,58,50.4,1,0,0
2026-09-04 05:00:00,127.9,0,57,53.0,1,0,0
2026-09-04 05:05:00,126.8,1,54,51.4,1,0,0
2026-09-04 05:10:00,127.0,1,55,53.6,1,0,0
2026-09-04 05:15:00,126.8,0,59,52.5,1,0,0
2026-09-04 05:20:00,126.5,1,53,56.0,1,0,0
2026-09-04 05:25:00,126.0,0,55,52.0,1,0,0
2026-09-04 05:30:00,129.0,0,53,53.9,1,0,0
2026-09-04 05:35:00,130.6,0,55,52.4,1,0,0
2026-09-04 05:40:00,129.0,0,54,54.0,1,0,0
2026-09-04 05:45:00,125.2,0,57,53.8,1,0,0
2026-09-04 05:50:00,123.1,0,55,55.0,1,0,0
2026-09-04 05:55:00,126.7,1,55,50.9,1,0,0
2026-09-04 06:00:00,127.0,0,57,53.3,1,0,0
2026-09-04 06:05:00,127.4,12,60,29.7,0,0,0
2026-09-04 06:10:00,125.9,7,65,34.2,0,0,0
2026-09-04 06:15:00,130.1,11,64,30.3,0,0,0
2026-09-04 06:20:00,134.7,5,63,31.7,0,0,0
2026-09-04 06:25:00,134.5,7,67,36.0,0,0,0
2026-09-04 06:30:00,135.5,21,65,32.8,0,0,0
2026-09-04 06:35:00,133.8,5,61,33.1,0,0,0
2026-09-04 06:40:00,132.3,2,60,30.6,0,0,0
2026-09-04 06:45:00,132.1,5,67,32.6,0,0,0
2026-09-04 06:50:00,136.6,7,61,28.7,0,0,0
2026-09-04 06:55:00,136.0,3,63,30.2,0,0,0
2026-09-04 07:00:00,132.2,15,66,32.8,0,0,0
2026-09-04 07:05:00,129.8,2,65,34.8,0,0,0
2026-09-04 07:10:00,130.0,8,67,31.1,0,0,0
2026-09-04 07:15:00,130.8,6,66,32.6,0,0,0
2026-09-04 07:20:00,131.8,8,60,30.5,0,0,0
2026-09-04 07:25:00,132.5,9,61,32.8,0,0,0
2026-09-04 07:30:00,129.7,5,66,32.6,0,0,0
2026-09-04 07:35:00,124.9,4,62,33.0,0,0,0
2026-09-04 07:40:00,126.2,11,65,34.7,0,0,0
2026-09-04 07:45:00,126.8,8,64,33.2,0,0,0
2026-09-04 07:50:00,126.8,16,64,30.6,0,0,0
2026-09-04 07:55:00,128.1,2,62,30.5,0,0,0
2026-09-04 08:00:00,124.4,4,64,31.7,0,0,0
2026-09-04 08:05:00,125.2,4,59,36.2,0,0,0
2026-09-04 08:10:00,121.3,4,65,34.3,0,46,65
2026-09-04 08:15:00,122.5,6,66,32.0,0,0,0
2026-09-04 08:20:00,126.2,15,70,31.9,0,0,0
2026-09-04 08:25:00,130.4,486,94,33.6,0,0,0
2026-09-04 08:30:00,130.2,503,97,30.0,0,0,0
2026-09-04 08:35:00,128.1,4,71,33.0,0,0,0
2026-09-04 08:40:00,126.8,19,62,33.5,0,0,0
2026-09-04 08:45:00,125.6,12,62,29.5,0,0,0
2026-09-04 08:50:00,126.6,3,62,32.1,0,0,0
2026-09-04 08:55:00,127.1,13,66,30.0,0,0,0
2026-09-04 09:00:00,126.3,8,67,31.7,0,0,0
2026-09-04 09:05:00,125.4,5,61,31.9,0,0,0
2026-09-04 09:10:00,124.2,8,64,31.6,0,0,0
2026-09-04 09:15:00,117.5,15,64,36.4,0,0,0
2026-09-04 09:20:00,117.4,13,63,35.2,0,0,0
2026-09-04 09:25:00,118.4,2,65,37.3,0,0,0
2026-09-04 09:30:00,119.0,9,64,34.6,0,0,0
2026-09-04 09:35:00,117.1,10,63,34.8,0,0,0
2026-09-04 09:40:00,117.6,9,64,36.6,0,0,0
2026-09-04 09:45:00,117.1,8,62,31.4,0,0,0
2026-09-04 09:50:00,119.5,15,66,32.3,0,0,0
2026-09-04 09:55:00,119.9,16,66,32.0,0,0,0
2026-09-04 10:00:00,121.6,6,61,29.5,0,0,0
2026-09-04 10:05:00,119.2,8,67,35.5,0,0,0
2026-09-04 10:10:00,118.7,3,65,35.9,0,0,0
2026-09-04 10:15:00,116.8,15,65,33.1,0,0,0
2026-09-04 10:20:00,116.8,12,62,32.7,0,0,0
2026-09-04 10:25:00,115.2,11,61,32.9,0,0,0
2026-09-04 10:30:00,114.9,5,60,32.4,0,0,0
2026-09-04 10:35:00,115.7,4,63,31.2,0,0,0
2026-09-04 10:40:00,114.9,8,63,32.9,0,0,0
2026-09-04 10:45:00,112.5,11,67,32.7,0,0,0
2026-09-04 10:50:00,112.3,18,63,30.2,0,0,0
2026-09-04 10:55:00,111.8,10,65,33.5,0,0,0
2026-09-04 11:00:00,114.9,17,61,31.0,0,0,0
2026-09-04 11:05:00,116.1,11,67,32.7,0,0,0
2026-09-04 11:10:00,119.6,3,61,34.1,0,0,0
2026-09-04 11:15:00,118.6,8,61,35.2,0,0,0
2026-09-04 11:20:00,115.5,9,64,30.9,0,0,0
2026-09-04 11:25:00,113.7,14,65,32.4,0,0,0
2026-09-04 11:30:00,115.4,6,66,33.8,0,0,0
2026-09-04 11:35:00,111.3,12,61,34.3,0,0,0
2026-09-04 11:40:00,112.3,3,63,30.2,0,0,0
2026-09-04 11:45:00,109.4,6,62,31.2,0,0,0
2026-09-04 11:50:00,112.4,9,63,31.4,0,0,0
2026-09-04 11:55:00,112.4,15,62,33.8,0,0,0
2026-09-04 12:00:00,111.5,13,67,31.3,0,0,0
2026-09-04 12:05:00,113.4,2,63,30.6,0,0,0
2026-09-04 12:10:00,113.9,3,61,34.6,0,0,0
2026-09-04 12:15:00,112.4,7,63,32.8,0,0,0
2026-09-04 12:20:00,112.9,8,62,33.1,0,0,0
2026-09-04 12:25:00,117.9,5,67,32.6,0,0,0
2026-09-04 12:30:00,116.1,7,62,30.9,0,0,0
2026-09-04 12:35:00,114.5,7,60,35.0,0,0,0
2026-09-04 12:40:00,117.7,3,64,32.8,0,0,0
2026-09-04 12:45:00,118.9,6,65,34.1,0,0,0
2026-09-04 12:50:00,121.8,1,59,33.9,0,0,0
2026-09-04 12:55:00,122.6,12,63,31.7,0,0,0
2026-09-04 13:00:00,119.4,5,60,32.9,0,0,0
2026-09-04 13:05:00,117.6,7,64,31.2,0,0,0
2026-09-04 13:10:00,120.3,1,64,33.4,0,0,0
2026-09-04 13:15:00,120.6,6,64,35.8,0,0,0
2026-09-04 13:20:00,117.9,7,66,32.4,0,0,0
2026-09-04 13:25:00,118.6,10,65,31.8,0,0,0
2026-09-04 13:30:00,119.0,20,64,34.8,0,0,0
2026-09-04 13:35:00,120.0,4,61,32.8,0,0,0
2026-09-04 13:40:00,119.7,5,62,32.5,0,0,0
2026-09-04 13:45:00,120.4,9,68,33.2,0,0,0
2026-09-04 13:50:00,119.7,21,65,33.3,0,0,0
2026-09-04 13:55:00,119.9,7,66,34.0,0,0,0
2026-09-04 14:00:00,122.2,10,66,33.8,0,0,0
2026-09-04 14:05:00,121.5,3,65,31.6,0,59,50
2026-09-04 14:10:00,124.4,4,64,33.2,0,0,0
2026-09-04 14:15:00,126.5,24,62,28.0,0,0,0
2026-09-04 14:20:00,128.8,11,67,28.8,0,0,0
2026-09-04 14:25:00,129.9,5,65,32.3,0,0,0
2026-09-04 14:30:00,129.6,15,67,33.2,0,0,0
2026-09-04 14:35:00,131.5,4,64,34.6,0,0,0
2026-09-04 14:40:00,133.5,3,63,30.9,0,0,0
2026-09-04 14:45:00,135.4,13,64,35.5,0,0,0
2026-09-04 14:50:00,134.0,8,62,29.8,0,0,0
2026-09-04 14:55:00,132.3,21,61,31.1,0,0,0
2026-09-04 15:00:00,134.4,6,64,35.6,0,0,0
2026-09-04 15:05:00,131.0,9,65,34.6,0,0,0
2026-09-04 15:10:00,130.4,25,68,32.4,0,0,0
2026-09-04 15:15:00,129.4,26,62,29.0,0,0,0
2026-09-04 15:20:00,129.7,13,65,28.5,0,0,0
2026-09-04 15:25:00,127.0,15,64,36.7,0,0,0
2026-09-04 15:30:00,130.0,6,63,34.0,0,0,0
2026-09-04 15:35:00,128.2,12,67,35.4,0,0,0
2026-09-04 15:40:00,125.4,13,62,32.8,0,0,0
2026-09-04 15:45:00,122.2,7,62,31.3,0,0,0
2026-09-04 15:50:00,125.4,15,69,30.8,0,0,0
2026-09-04 15:55:00,121.6,11,65,34.0,0,0,0
2026-09-04 16:00:00,122.1,2,67,29.4,0,0,0
2026-09-04 16:05:00,121.7,2,65,33.3,0,0,0
2026-09-04 16:10:00,121.4,11,63,35.8,0,0,0
2026-09-04 16:15:00,122.5,9,65,28.9,0,0,0
2026-09-04 16:20:00,121.3,10,65,30.7,0,0,0
2026-09-04 16:25:00,121.7,7,66,33.1,0,0,0
2026-09-04 16:30:00,121.6,9,58,34.8,0,0,0
2026-09-04 16:35:00,125.6,17,62,35.6,0,0,0
2026-09-04 16:40:00,128.8,17,66,30.9,0,0,0
2026-09-04 16:45:00,129.3,4,60,32.4,0,0,0
2026-09-04 16:50:00,127.3,16,65,33.2,0,0,0
2026-09-04 16:55:00,125.9,10,64,33.5,0,0,0
2026-09-04 17:00:00,125.6,9,65,32.1,0,0,0
2026-09-04 17:05:00,123.9,13,63,31.4,0,0,0
2026-09-04 17:10:00,122.0,6,62,30.5,0,0,0
2026-09-04 17:15:00,120.4,9,64,30.2,0,0,0
2026-09-04 17:20:00,116.3,7,62,28.3,0,0,0
2026-09-04 17:25:00,115.9,443,90,31.7,0,0,0
2026-09-04 17:30:00,116.4,448,88,35.1,0,0,0
2026-09-04 17:35:00,118.0,444,88,30.6,0,0,0
2026-09-04 17:40:00,121.3,443,89,31.7,0,0,0
2026-09-04 17:45:00,121.7,4,62,32.2,0,0,0
2026-09-04 17:50:00,123.9,7,60,30.6,0,0,0
2026-09-04 17:55:00,122.7,5,63,29.8,0,0,0
2026-09-04 18:00:00,122.5,11,66,32.0,0,0,0
2026-09-04 18:05:00,117.9,12,67,32.1,0,0,0
2026-09-04 18:10:00,115.9,4,63,32.7,0,0,0
2026-09-04 18:15:00,117.2,7,65,33.4,0,0,0
2026-09-04 18:20:00,118.0,8,66,32.3,0,0,0
2026-09-04 18:25:00,120.3,18,62,30.5,0,0,0
2026-09-04 18:30:00,120.4,17,64,34.2,0,0,0
2026-09-04 18:35:00,119.3,5,62,31.2,0,0,0
2026-09-04 18:40:00,120.8,13,68,34.2,0,22,65
2026-09-04 18:45:00,119.8,9,65,32.0,0,0,0
2026-09-04 18:50:00,121.7,15,67,31.7,0,0,0
2026-09-04 18:55:00,122.4,481,94,33.8,0,0,0
2026-09-04 19:00:00,123.7,480,99,33.5,0,0,0
2026-09-04 19:05:00,118.6,16,69,32.7,0,0,0
2026-09-04 19:10:00,119.5,7,62,34.9,0,0,0
2026-09-04 19:15:00,118.2,7,65,33.6,0,0,0
2026-09-04 19:20:00,118.7,7,62,32.6,0,0,0
2026-09-04 19:25:00,121.6,8,60,36.6,0,0,0
2026-09-04 19:30:00,120.6,21,62,33.3,0,0,0
2026-09-04 19:35:00,116.7,10,64,34.3,0,0,0
2026-09-04 19:40:00,112.5,12,67,35.3,0,0,0
2026-09-04 19:45:00,113.7,11,63,32.7,0,0,0
2026-09-04 19:50:00,115.9,9,62,33.1,0,0,0
2026-09-04 19:55:00,112.9,14,66,32.5,0,0,0
2026-09-04 20:00:00,113.0,12,64,29.3,0,0,0
2026-09-04 20:05:00,116.8,4,61,28.4,0,0,0
2026-09-04 20:10:00,117.0,9,63,33.8,0,0,0
2026-09-04 20:15:00,117.1,14,65,31.6,0,0,0
2026-09-04 20:20:00,116.5,2,66,30.5,0,0,0
2026-09-04 20:25:00,116.9,12,65,32.8,0,0,0
2026-09-04 20:30:00,113.0,21,66,30.0,0,0,0
2026-09-04 20:35:00,113.5,12,65,34.0,0,0,0
2026-09-04 20:40:00,116.4,12,68,30.1,0,58,50
2026-09-04 20:45:00,119.3,14,67,27.7,0,0,0
2026-09-04 20:50:00,121.7,4,65,31.7,0,0,0
2026-09-04 20:55:00,124.0,458,92,36.4,0,0,0
2026-09-04 21:00:00,126.9,467,89,31.2,0,0,0
2026-09-04 21:05:00,128.1,8,67,31.3,0,0,0
2026-09-04 21:10:00,128.9,8,61,34.0,0,0,0
2026-09-04 21:15:00,127.7,4,65,31.7,0,0,0
2026-09-04 21:20:00,130.3,3,66,31.4,0,0,0
2026-09-04 21:25:00,128.4,4,66,33.2,0,0,0
2026-09-04 21:30:00,125.0,8,62,29.7,0,0,0
2026-09-04 21:35:00,126.3,19,65,33.9,0,0,0
2026-09-04 21:40:00,127.2,7,62,32.3,0,0,0
2026-09-04 21:45:00,127.6,5,68,32.5,0,0,0
2026-09-04 21:50:00,125.9,6,62,33.3,0,0,0
2026-09-04 21:55:00,126.6,12,62,30.8,0,0,0
2026-09-04 22:00:00,126.5,9,65,32.3,0,0,0
2026-09-04 22:05:00,127.4,4,64,36.6,0,0,0
2026-09-04 22:10:00,125.9,8,63,31.3,0,0,0
2026-09-04 22:15:00,128.4,0,53,51.2,1,0,0
2026-09-04 22:20:00,127.3,0,52,50.3,1,0,0
2026-09-04 22:25:00,126.9,0,56,53.6,1,0,0
2026-09-04 22:30:00,123.8,0,52,51.4,1,0,0
2026-09-04 22:35:00,122.1,0,57,52.3,1,0,0
2026-09-04 22:40:00,117.7,0,55,54.3,1,0,0
2026-09-04 22:45:00,117.4,1,58,49.6,1,0,0
2026-09-04 22:50:00,117.7,1,56,52.9,1,0,0
2026-09-04 22:55:00,113.7,1,54,51.4,1,0,0
2026-09-04 23:00:00,116.5,0,51,53.0,1,0,0
2026-09-04 23:05:00,119.2,0,57,54.3,1,0,0
2026-09-04 23:10:00,121.7,0,56,50.7,1,0,0
2026-09-04 23:15:00,123.6,0,54,53.9,1,0,0
2026-09-04 23:20:00,122.2,0,56,53.5,1,0,0
2026-09-04 23:25:00,117.2,1,56,53.0,1,0,0
2026-09-04 23:30:00,117.2,3,53,52.5,1,0,0
2026-09-04 23:35:00,114.4,1,57,52.0,1,0,0
2026-09-04 23:40:00,114.6,1,57,51.9,1,0,0
2026-09-04 23:45:00,115.2,0,53,51.3,1,0,0
2026-09-04 23:50:00,113.9,0,54,53.3,1,0,0
2026-09-04 23:55:00,112.9,0,54,53.3,1,0,0
2026-09-05 00:00:00,113.0,0,54,51.5,1,0,0
2026-09-05 00:05:00,114.8,1,60,53.3,1,0,0
2026-09-05 00:10:00,114.1,0,55,52.4,1,0,0
2026-09-05 00:15:00,117.0,1,55,51.7,1,0,0
2026-09-05 00:20:00,115.6,0,53,53.3,1,0,0
2026-09-05 00:25:00,114.8,0,56,56.6,1,0,0
2026-09-05 00:30:00,115.3,0,57,56.2,1,0,0
2026-09-05 00:35:00,117.6,1,54,52.0,1,0,0
2026-09-05 00:40:00,112.4,0,54,50.7,1,0,0
2026-09-05 00:45:00,116.9,0,51,54.8,1,0,0
2026-09-05 00:50:00,120.0,0,52,53.1,1,0,0
2026-09-05 00:55:00,115.4,1,55,51.3,1,0,0
2026-09-05 01:00:00,114.9,0,59,54.0,1,0,0
2026-09-05 01:05:00,115.0,0,57,51.5,1,0,0
2026-09-05 01:10:00,113.3,0,55,54.7,1,0,0
2026-09-05 01:15:00,114.1,0,52,52.0,1,0,0
2026-09-05 01:20:00,115.4,0,56,53.2,1,0,0
2026-09-05 01:25:00,114.4,3,54,55.1,1,0,0
2026-09-05 01:30:00,115.7,0,53,51.7,1,0,0
2026-09-05 01:35:00,113.2,1,56,53.1,1,0,0
2026-09-05 01:40:00,112.4,0,56,55.9,1,0,0
2026-09-05 01:45:00,112.6,0,55,56.5,1,0,0
2026-09-05 01:50:00,109.8,0,55,50.9,1,0,0
2026-09-05 01:55:00,108.9,0,53,51.0,1,0,0
2026-09-05 02:00:00,108.3,1,54,52.9,1,0,0
2026-09-05 02:05:00,111.2,0,54,53.4,1,0,0
2026-09-05 02:10:00,110.1,0,57,51.9,1,0,0
2026-09-05 02:15:00,111.4,1,56,54.3,1,0,0
2026-09-05 02:20:00,112.7,0,57,52.4,1,0,0
2026-09-05 02:25:00,116.2,1,55,54.7,1,0,0
2026-09-05 02:30:00,116.0,1,53,55.3,1,0,0
2026-09-05 02:35:00,116.3,1,54,52.3,1,0,0
2026-09-05 02:40:00,112.8,0,53,57.2,1,0,0
2026-09-05 02:45:00,111.2,0,52,48.8,1,0,0
2026-09-05 02:50:00,112.7,0,52,52.9,1,0,0
2026-09-05 02:55:00,114.4,1,51,53.3,1,0,0
2026-09-05 03:00:00,116.8,0,55,53.0,1,0,0
2026-09-05 03:05:00,119.3,0,54,53.3,1,0,0
2026-09-05 03:10:00,121.8,0,60,54.6,1,0,0
2026-09-05 03:15:00,119.9,2,53,49.5,1,0,0
2026-09-05 03:20:00,120.6,1,53,51.2,1,0,0
2026-09-05 03:25:00,121.8,0,54,50.3,1,0,0
2026-09-05 03:30:00,124.6,0,50,50.8,1,0,0
2026-09-05 03:35:00,123.4,0,56,53.2,1,0,0
2026-09-05 03:40:00,123.9,0,58,53.0,1,0,0
2026-09-05 03:45:00,121.2,0,57,50.9,1,0,0
2026-09-05 03:50:00,119.6,0,52,53.0,1,0,0
2026-09-05 03:55:00,117.6,0,55,53.9,1,0,0
2026-09-05 04:00:00,121.9,0,56,51.4,1,0,0
2026-09-05 04:05:00,121.5,0,54,54.8,1,0,0
2026-09-05 04:10:00,122.1,1,55,53.4,1,0,0
2026-09-05 04:15:00,124.6,2,54,51.6,1,0,0
2026-09-05 04:20:00,121.7,0,57,51.7,1,0,0
2026-09-05 04:25:00,124.8,2,52,54.7,1,0,0
2026-09-05 04:30:00,129.0,0,56,54.3,1,0,0
2026-09-05 04:35:00,128.1,0,55,54.0,1,0,0
2026-09-05 04:40:00,126.6,0,56,53.1,1,0,0
2026-09-05 04:45:00,127.1,0,59,49.6,1,0,0
2026-09-05 04:50:00,124.0,0,54,53.6,1,0,0
2026-09-05 04:55:00,121.9,0,58,54.9,1,0,0
2026-09-05 05:00:00,121.9,0,54,51.6,1,0,0
2026-09-05 05:05:00,121.3,0,55,49.4,1,0,0
2026-09-05 05:10:00,121.7,0,56,54.7,1,0,0
2026-09-05 05:15:00,121.1,0,53,49.8,1,0,0
2026-09-05 05:20:00,122.5,0,55,50.3,1,0,0
2026-09-05 05:25:00,125.4,0,55,54.7,1,0,0
2026-09-05 05:30:00,124.2,1,57,55.4,1,0,0
2026-09-05 05:35:00,124.9,0,57,52.9,1,0,0
2026-09-05 05:40:00,130.6,0,56,50.9,1,0,0
2026-09-05 05:45:00,132.3,0,54,50.9,1,0,0
2026-09-05 05:50:00,132.6,2,56,54.3,1,0,0
2026-09-05 05:55:00,133.1,1,52,52.4,1,0,0
2026-09-05 06:00:00,136.3,0,52,52.7,1,0,0
2026-09-05 06:05:00,138.3,0,57,51.6,1,0,0
2026-09-05 06:10:00,138.6,0,56,53.4,1,0,0
2026-09-05 06:15:00,137.5,1,51,54.1,1,0,0
2026-09-05 06:20:00,136.0,1,56,53.5,1,0,0
2026-09-05 06:25:00,132.3,0,56,49.4,1,0,0
2026-09-05 06:30:00,130.7,2,61,32.0,0,0,0
2026-09-05 06:35:00,132.5,6,64,30.1,0,0,0
2026-09-05 06:40:00,132.4,10,65,27.4,0,0,0
2026-09-05 06:45:00,136.6,12,65,33.5,0,0,0
2026-09-05 06:50:00,134.6,10,64,33.6,0,0,0
2026-09-05 06:55:00,130.4,7,64,33.3,0,0,0
2026-09-05 07:00:00,130.5,2,65,35.3,0,0,0
2026-09-05 07:05:00,134.6,9,67,32.4,0,0,0
2026-09-05 07:10:00,132.5,11,63,30.8,0,0,0
2026-09-05 07:15:00,131.5,4,64,34.0,0,0,0
2026-09-05 07:20:00,128.8,5,64,33.6,0,0,0
2026-09-05 07:25:00,126.7,7,65,33.0,0,0,0
2026-09-05 07:30:00,128.1,8,63,34.1,0,0,0
2026-09-05 07:35:00,125.4,9,67,30.6,0,0,0
2026-09-05 07:40:00,121.8,7,61,29.5,0,0,0
2026-09-05 07:45:00,121.5,6,63,32.0,0,0,0
2026-09-05 07:50:00,122.2,4,66,32.5,0,0,0
2026-09-05 07:55:00,119.4,5,64,31.0,0,0,0
2026-09-05 08:00:00,119.6,9,61,34.2,0,0,0
2026-09-05 08:05:00,119.9,6,61,32.8,0,0,0
2026-09-05 08:10:00,121.1,3,63,34.0,0,0,0
2026-09-05 08:15:00,120.4,7,62,30.1,0,0,0
2026-09-05 08:20:00,118.8,12,63,35.1,0,0,0
2026-09-05 08:25:00,114.3,10,63,31.0,0,0,0
2026-09-05 08:30:00,114.6,3,67,35.8,0,0,0
2026-09-05 08:35:00,115.4,2,61,33.9,0,0,0
2026-09-05 08:40:00,114.4,4,65,30.1,0,0,0
2026-09-05 08:45:00,113.1,5,64,31.8,0,0,0
2026-09-05 08:50:00,115.4,5,64,32.9,0,0,0
2026-09-05 08:55:00,116.5,7,66,30.1,0,0,0
2026-09-05 09:00:00,119.6,5,63,31.4,0,0,0
2026-09-05 09:05:00,119.0,9,66,33.2,0,0,0
2026-09-05 09:10:00,122.1,10,65,33.7,0,0,0
2026-09-05 09:15:00,122.7,9,60,32.0,0,0,0
2026-09-05 09:20:00,121.5,9,61,35.9,0,0,0
2026-09-05 09:25:00,122.6,6,63,29.0,0,0,0
2026-09-05 09:30:00,121.3,10,66,34.5,0,0,0
2026-09-05 09:35:00,126.8,6,61,32.4,0,0,0
2026-09-05 09:40:00,127.3,15,66,33.2,0,0,0
2026-09-05 09:45:00,126.0,7,66,33.1,0,0,0
2026-09-05 09:50:00,125.8,5,65,33.2,0,0,0
2026-09-05 09:55:00,123.5,12,64,33.6,0,0,0
2026-09-05 10:00:00,123.1,16,64,29.6,0,0,0
2026-09-05 10:05:00,124.6,8,61,31.4,0,0,0
2026-09-05 10:10:00,124.2,3,60,33.1,0,0,0
2026-09-05 10:15:00,123.8,9,63,32.3,0,0,0
2026-09-05 10:20:00,121.6,8,60,33.0,0,0,0
2026-09-05 10:25:00,119.6,8,66,28.4,0,0,0
2026-09-05 10:30:00,116.1,7,63,32.9,0,0,0
2026-09-05 10:35:00,117.4,7,63,31.2,0,0,0
2026-09-05 10:40:00,115.6,9,62,37.0,0,0,0
2026-09-05 10:45:00,112.7,3,66,31.8,0,0,0
2026-09-05 10:50:00,116.2,5,64,31.3,0,0,0
2026-09-05 10:55:00,117.0,6,60,33.6,0,0,0
2026-09-05 11:00:00,116.8,8,62,31.1,0,0,0
2026-09-05 11:05:00,115.1,5,62,36.5,0,0,0
2026-09-05 11:10:00,114.1,13,64,33.1,0,0,0
2026-09-05 11:15:00,115.4,10,63,32.6,0,0,0
2026-09-05 11:20:00,114.3,9,62,33.6,0,0,0
2026-09-05 11:25:00,117.1,9,63,32.5,0,0,0
2026-09-05 11:30:00,118.6,17,64,35.4,0,0,0
2026-09-05 11:35:00,118.9,2,63,34.1,0,0,0
2026-09-05 11:40:00,115.4,6,61,32.1,0,0,0
2026-09-05 11:45:00,119.2,13,60,31.8,0,0,0
2026-09-05 11:50:00,118.5,9,66,34.0,0,0,0
2026-09-05 11:55:00,118.8,4,64,29.6,0,0,0
2026-09-05 12:00:00,121.2,7,65,34.5,0,0,0
2026-09-05 12:05:00,122.5,8,63,33.4,0,0,0
2026-09-05 12:10:00,117.9,2,61,33.5,0,0,0
2026-09-05 12:15:00,117.0,17,66,33.0,0,0,0
2026-09-05 12:20:00,116.7,15,60,32.7,0,0,0
2026-09-05 12:25:00,116.3,6,64,35.9,0,0,0
2026-09-05 12:30:00,117.0,2,64,33.9,0,0,0
2026-09-05 12:35:00,116.4,9,61,33.7,0,0,0
2026-09-05 12:40:00,117.3,10,63,30.0,0,0,0
2026-09-05 12:45:00,116.9,13,64,34.2,0,0,0
2026-09-05 12:50:00,115.6,10,63,29.2,0,0,0
2026-09-05 12:55:00,118.0,5,67,31.1,0,0,0
2026-09-05 13:00:00,113.8,4,61,30.6,0,0,0
2026-09-05 13:05:00,114.8,13,61,32.3,0,0,0
2026-09-05 13:10:00,113.7,4,64,34.9,0,0,0
2026-09-05 13:15:00,113.7,9,61,32.8,0,0,0
2026-09-05 13:20:00,112.6,6,63,36.0,0,0,0
2026-09-05 13:25:00,111.5,3,69,31.2,0,93,70
2026-09-05 13:30:00,119.1,8,67,35.2,0,0,0
2026-09-05 13:35:00,124.3,19,69,31.8,0,0,0
2026-09-05 13:40:00,128.6,480,95,34.3,0,0,0
2026-09-05 13:45:00,137.2,475,91,30.8,0,0,0
2026-09-05 13:50:00,138.2,11,68,29.6,0,0,0
2026-09-05 13:55:00,136.2,4,64,32.7,0,0,0
2026-09-05 14:00:00,136.2,6,62,31.4,0,0,0
2026-09-05 14:05:00,137.1,8,62,33.3,0,0,0
2026-09-05 14:10:00,139.7,7,60,36.0,0,0,0
2026-09-05 14:15:00,139.8,7,65,32.1,0,0,0
2026-09-05 14:20:00,136.6,11,62,32.0,0,0,0
2026-09-05 14:25:00,138.1,6,62,33.4,0,0,0
2026-09-05 14:30:00,137.5,9,65,31.7,0,0,0
2026-09-05 14:35:00,138.1,5,63,33.6,0,0,0
2026-09-05 14:40:00,136.9,6,66,31.0,0,0,0
2026-09-05 14:45:00,137.2,6,64,33.4,0,0,0
2026-09-05 14:50:00,135.7,12,66,32.9,0,0,0
2026-09-05 14:55:00,130.3,8,65,33.8,0,0,0
2026-09-05 15:00:00,131.6,3,65,32.9,0,0,0
2026-09-05 15:05:00,132.6,8,64,33.8,0,0,0
2026-09-05 15:10:00,133.1,4,63,34.8,0,0,0
2026-09-05 15:15:00,135.4,11,66,30.8,0,0,0
2026-09-05 15:20:00,133.2,5,65,29.5,0,0,0
2026-09-05 15:25:00,133.4,3,64,31.2,0,0,0
2026-09-05 15:30:00,132.1,3,62,31.4,0,0,0
2026-09-05 15:35:00,129.3,5,64,31.5,0,0,0
2026-09-05 15:40:00,131.9,14,64,30.6,0,0,0
2026-09-05 15:45:00,129.4,7,60,31.5,0,0,0
2026-09-05 15:50:00,129.0,3,58,32.7,0,0,0
2026-09-05 15:55:00,126.9,7,59,30.9,0,0,0
2026-09-05 16:00:00,121.0,11,62,32.4,0,0,0
2026-09-05 16:05:00,122.2,5,63,32.0,0,0,0
2026-09-05 16:10:00,120.0,9,62,32.4,0,0,0
2026-09-05 16:15:00,120.3,6,61,31.0,0,0,0
2026-09-05 16:20:00,121.7,1,62,31.4,0,0,0
2026-09-05 16:25:00,120.9,14,62,34.1,0,0,0
2026-09-05 16:30:00,119.2,13,61,32.0,0,0,0
2026-09-05 16:35:00,116.5,8,65,33.6,0,0,0
2026-09-05 16:40:00,118.1,16,63,34.4,0,0,0
2026-09-05 16:45:00,117.8,11,64,33.9,0,0,0
2026-09-05 16:50:00,115.7,4,63,29.7,0,0,0
2026-09-05 16:55:00,114.6,7,64,29.1,0,0,0
2026-09-05 17:00:00,115.9,5,59,34.2,0,0,0
2026-09-05 17:05:00,117.2,3,61,32.6,0,0,0
2026-09-05 17:10:00,115.6,15,62,33.3,0,0,0
2026-09-05 17:15:00,117.7,7,60,29.4,0,0,0
2026-09-05 17:20:00,116.4,5,64,30.8,0,0,0
2026-09-05 17:25:00,118.2,444,92,33.5,0,22,65
2026-09-05 17:30:00,118.5,452,96,31.1,0,0,0
2026-09-05 17:35:00,121.8,445,90,32.6,0,0,0
2026-09-05 17:40:00,123.1,6,66,33.0,0,0,0
2026-09-05 17:45:00,124.2,5,65,31.5,0,0,0
2026-09-05 17:50:00,123.1,2,64,31.6,0,0,0
2026-09-05 17:55:00,123.8,12,63,29.9,0,0,0
2026-09-05 18:00:00,126.3,6,61,32.3,0,0,0
2026-09-05 18:05:00,125.4,10,61,33.0,0,0,0
2026-09-05 18:10:00,126.1,19,62,34.8,0,0,0
2026-09-05 18:15:00,128.1,3,59,35.0,0,0,0
2026-09-05 18:20:00,123.4,7,64,32.0,0,0,0
2026-09-05 18:25:00,119.6,10,66,33.5,0,0,0
2026-09-05 18:30:00,119.9,5,63,34.0,0,0,0
2026-09-05 18:35:00,118.8,9,64,31.1,0,0,0
2026-09-05 18:40:00,119.2,6,62,32.3,0,0,0
2026-09-05 18:45:00,120.3,9,66,35.7,0,0,0
2026-09-05 18:50:00,120.2,9,63,31.8,0,0,0
2026-09-05 18:55:00,121.3,10,67,31.3,0,0,0
2026-09-05 19:00:00,120.6,15,64,32.3,0,0,0
2026-09-05 19:05:00,116.5,8,65,33.1,0,0,0
2026-09-05 19:10:00,116.1,5,67,29.3,0,0,0
2026-09-05 19:15:00,117.3,1,64,33.1,0,0,0
2026-09-05 19:20:00,121.1,20,67,34.1,0,0,0
2026-09-05 19:25:00,121.4,6,64,29.9,0,0,0
2026-09-05 19:30:00,122.8,18,61,31.9,0,0,0
2026-09-05 19:35:00,119.6,8,63,32.5,0,0,0
2026-09-05 19:40:00,123.5,18,63,35.5,0,0,0
2026-09-05 19:45:00,122.3,1,65,30.7,0,0,0
2026-09-05 19:50:00,117.8,8,62,32.0,0,0,0
2026-09-05 19:55:00,118.4,8,64,31.3,0,0,0
2026-09-05 20:00:00,119.0,6,65,34.5,0,0,0
2026-09-05 20:05:00,116.9,12,65,32.1,0,0,0
2026-09-05 20:10:00,117.5,7,65,30.5,0,0,0
2026-09-05 20:15:00,120.1,5,61,30.0,0,0,0
2026-09-05 20:20:00,120.0,7,65,33.9,0,0,0
2026-09-05 20:25:00,122.5,15,63,36.6,0,0,0
2026-09-05 20:30:00,122.3,11,62,31.9,0,0,0
2026-09-05 20:35:00,119.4,10,62,28.0,0,0,0
2026-09-05 20:40:00,116.9,7,65,31.5,0,0,0
2026-09-05 20:45:00,119.6,14,65,30.9,0,0,0
2026-09-05 20:50:00,119.4,9,65,28.0,0,0,0
2026-09-05 20:55:00,119.3,19,65,32.9,0,0,0
2026-09-05 21:00:00,116.6,7,62,34.7,0,0,0
2026-09-05 21:05:00,119.8,6,66,31.1,0,0,0
2026-09-05 21:10:00,121.2,8,65,32.9,0,0,0
2026-09-05 21:15:00,119.8,6,65,31.2,0,72,75
2026-09-05 21:20:00,123.9,8,68,31.5,0,0,0
2026-09-05 21:25:00,129.4,10,66,33.1,0,0,0
2026-09-05 21:30:00,130.8,371,88,32.6,0,0,0
2026-09-05 21:35:00,135.5,383,89,34.4,0,0,0
2026-09-05 21:40:00,138.1,14,66,34.0,0,0,0
2026-09-05 21:45:00,137.6,10,67,33.7,0,0,0
2026-09-05 21:50:00,137.6,9,64,30.7,0,0,0
2026-09-05 21:55:00,138.1,12,63,33.1,0,0,0
2026-09-05 22:00:00,137.5,5,67,33.6,0,0,0
2026-09-05 22:05:00,137.7,15,63,30.8,0,0,0
2026-09-05 22:10:00,136.6,15,65,30.4,0,0,0
2026-09-05 22:15:00,137.7,3,59,32.3,0,0,0
2026-09-05 22:20:00,137.6,11,66,35.6,0,0,0
2026-09-05 22:25:00,139.6,4,61,33.9,0,0,0
2026-09-05 22:30:00,140.0,9,63,31.6,0,0,0
2026-09-05 22:35:00,137.5,2,63,36.4,0,0,0
2026-09-05 22:40:00,138.3,9,63,30.6,0,0,0
2026-09-05 22:45:00,137.0,1,60,28.2,0,0,0
2026-09-05 22:50:00,136.7,3,60,33.2,0,0,0
2026-09-05 22:55:00,134.8,25,63,34.4,0,0,0
2026-09-05 23:00:00,134.1,2,61,33.0,0,0,0
2026-09-05 23:05:00,132.5,8,63,32.1,0,0,0
2026-09-05 23:10:00,134.8,12,62,31.9,0,0,0
2026-09-05 23:15:00,132.4,6,63,32.9,0,0,0
2026-09-05 23:20:00,133.4,4,65,32.5,0,0,0
2026-09-05 23:25:00,133.6,4,65,31.4,0,0,0
2026-09-05 23:30:00,134.4,5,59,33.2,0,0,0
2026-09-05 23:35:00,134.5,12,64,32.7,0,0,0
2026-09-05 23:40:00,130.3,0,56,52.3,1,0,0
2026-09-05 23:45:00,129.8,0,53,51.3,1,0,0
2026-09-05 23:50:00,129.9,0,53,50.2,1,0,0
2026-09-05 23:55:00,129.2,0,56,54.7,1,0,0
2026-09-06 00:00:00,126.8,1,56,51.2,1,0,0
2026-09-06 00:05:00,126.4,1,53,52.8,1,0,0
2026-09-06 00:10:00,125.4,1,62,51.8,1,0,0
2026-09-06 00:15:00,124.0,0,54,54.5,1,0,0
2026-09-06 00:20:00,125.0,0,57,51.5,1,0,0
2026-09-06 00:25:00,125.9,0,55,52.7,1,0,0
2026-09-06 00:30:00,128.1,0,57,50.2,1,0,0
2026-09-06 00:35:00,127.3,0,51,53.9,1,0,0
2026-09-06 00:40:00,129.1,0,54,50.1,1,0,0
2026-09-06 00:45:00,130.5,0,53,50.0,1,0,0
2026-09-06 00:50:00,128.6,0,56,51.0,1,0,0
2026-09-06 00:55:00,131.3,0,54,51.2,1,0,0
2026-09-06 01:00:00,128.5,0,57,52.5,1,0,0
2026-09-06 01:05:00,127.9,0,55,55.7,1,0,0
2026-09-06 01:10:00,128.5,0,55,51.4,1,0,0
2026-09-06 01:15:00,126.8,0,53,51.9,1,0,0
2026-09-06 01:20:00,125.6,0,55,53.3,1,0,0
2026-09-06 01:25:00,124.9,1,59,52.6,1,0,0
2026-09-06 01:30:00,124.8,0,58,53.5,1,0,0
2026-09-06 01:35:00,124.3,0,56,51.8,1,0,0
2026-09-06 01:40:00,124.4,0,52,52.6,1,0,0
2026-09-06 01:45:00,122.7,0,53,52.2,1,0,0
2026-09-06 01:50:00,121.0,0,54,56.4,1,0,0
2026-09-06 01:55:00,121.6,0,58,48.5,1,0,0
2026-09-06 02:00:00,121.1,0,57,49.5,1,0,0
2026-09-06 02:05:00,119.6,0,58,53.9,1,0,0
2026-09-06 02:10:00,117.7,1,55,54.4,1,0,0
2026-09-06 02:15:00,120.4,0,53,52.6,1,0,0
2026-09-06 02:20:00,119.3,0,57,53.5,1,0,0
2026-09-06 02:25:00,120.0,0,55,55.6,1,0,0
2026-09-06 02:30:00,121.3,0,54,53.4,1,0,0
2026-09-06 02:35:00,124.2,0,53,55.7,1,0,0
2026-09-06 02:40:00,121.4,0,55,54.5,1,0,0
2026-09-06 02:45:00,120.4,0,54,56.6,1,0,0
2026-09-06 02:50:00,123.9,0,59,55.3,1,0,0
2026-09-06 02:55:00,122.1,0,56,52.7,1,0,0
2026-09-06 03:00:00,124.5,0,56,54.4,1,0,0
2026-09-06 03:05:00,126.8,1,56,54.7,1,0,0
2026-09-06 03:10:00,124.7,0,55,53.8,1,0,0
2026-09-06 03:15:00,119.8,0,56,50.8,1,0,0
2026-09-06 03:20:00,119.8,0,54,58.6,1,0,0
2026-09-06 03:25:00,118.5,0,52,53.5,1,0,0
2026-09-06 03:30:00,122.1,1,57,56.3,1,0,0
2026-09-06 03:35:00,119.5,0,52,52.5,1,0,0
2026-09-06 03:40:00,117.8,2,56,51.9,1,0,0
2026-09-06 03:45:00,117.1,0,53,54.8,1,0,0
2026-09-06 03:50:00,118.2,1,57,54.1,1,0,0
2026-09-06 03:55:00,119.0,0,58,52.7,1,0,0
2026-09-06 04:00:00,117.5,0,55,52.2,1,0,0
2026-09-06 04:05:00,117.7,1,55,51.6,1,0,0
2026-09-06 04:10:00,119.2,1,57,52.6,1,0,0
2026-09-06 04:15:00,119.3,0,55,55.0,1,0,0
2026-09-06 04:20:00,123.5,1,53,56.9,1,0,0
2026-09-06 04:25:00,125.4,0,55,53.1,1,0,0
2026-09-06 04:30:00,125.7,0,54,52.4,1,0,0
2026-09-06 04:35:00,125.1,0,53,52.5,1,0,0
2026-09-06 04:40:00,124.6,0,51,53.5,1,0,0
2026-09-06 04:45:00,123.0,1,56,52.8,1,0,0
2026-09-06 04:50:00,125.9,1,55,53.7,1,0,0
2026-09-06 04:55:00,127.1,0,57,52.3,1,0,0
2026-09-06 05:00:00,126.9,0,52,52.1,1,0,0
2026-09-06 05:05:00,126.0,0,53,53.0,1,0,0
2026-09-06 05:10:00,122.6,0,56,50.7,1,0,0
2026-09-06 05:15:00,125.5,1,55,50.2,1,0,0
2026-09-06 05:20:00,126.7,0,51,50.0,1,0,0
2026-09-06 05:25:00,125.1,0,54,52.4,1,0,0
2026-09-06 05:30:00,128.0,0,55,49.5,1,0,0
2026-09-06 05:35:00,128.3,0,56,53.5,1,0,0
2026-09-06 05:40:00,129.2,0,54,54.4,1,0,0
2026-09-06 05:45:00,128.6,1,57,54.7,1,0,0
2026-09-06 05:50:00,126.3,0,56,52.4,1,0,0
2026-09-06 05:55:00,127.6,1,55,50.7,1,0,0
2026-09-06 06:00:00,128.9,1,54,49.0,1,0,0
2026-09-06 06:05:00,129.7,1,55,54.2,1,0,0
2026-09-06 06:10:00,130.8,0,54,52.7,1,0,0
2026-09-06 06:15:00,130.2,0,56,50.4,1,0,0
2026-09-06 06:20:00,128.0,0,60,54.3,1,0,0
2026-09-06 06:25:00,130.8,0,57,50.1,1,0,0
2026-09-06 06:30:00,129.7,8,61,32.5,0,0,0
2026-09-06 06:35:00,129.7,7,64,31.4,0,0,0
2026-09-06 06:40:00,126.9,9,67,36.2,0,0,0
2026-09-06 06:45:00,128.0,5,66,34.7,0,0,0
2026-09-06 06:50:00,124.5,10,65,36.6,0,0,0
2026-09-06 06:55:00,126.2,13,64,30.4,0,0,0
2026-09-06 07:00:00,126.9,10,64,33.2,0,0,0
2026-09-06 07:05:00,129.0,23,67,34.5,0,0,0
2026-09-06 07:10:00,126.2,6,64,34.8,0,0,0
2026-09-06 07:15:00,122.4,23,63,33.7,0,0,0
2026-09-06 07:20:00,122.8,6,63,30.2,0,0,0
2026-09-06 07:25:00,121.3,6,62,33.0,0,0,0
2026-09-06 07:30:00,122.4,26,65,31.2,0,0,0
2026-09-06 07:35:00,125.9,12,64,33.9,0,0,0
2026-09-06 07:40:00,125.6,13,67,33.5,0,0,0
2026-09-06 07:45:00,125.5,12,62,31.3,0,0,0
2026-09-06 07:50:00,124.2,10,68,31.0,0,36,50
2026-09-06 07:55:00,129.5,22,67,33.5,0,0,0
2026-09-06 08:00:00,130.7,4,67,29.5,0,0,0
2026-09-06 08:05:00,130.6,4,61,31.0,0,0,0
2026-09-06 08:10:00,129.1,5,69,32.8,0,0,0
2026-09-06 08:15:00,128.3,9,65,32.0,0,0,0
2026-09-06 08:20:00,125.6,11,66,32.6,0,0,0
2026-09-06 08:25:00,122.3,11,65,33.6,0,0,0
2026-09-06 08:30:00,121.0,8,61,28.7,0,0,0
2026-09-06 08:35:00,122.3,13,60,32.1,0,0,0
2026-09-06 08:40:00,125.4,4,65,30.2,0,0,0
2026-09-06 08:45:00,124.4,13,67,32.5,0,0,0
2026-09-06 08:50:00,121.7,15,64,27.7,0,0,0
2026-09-06 08:55:00,122.5,3,65,34.0,0,0,0
2026-09-06 09:00:00,124.4,9,66,32.1,0,0,0
2026-09-06 09:05:00,126.2,9,62,34.4,0,0,0
2026-09-06 09:10:00,123.0,6,65,31.4,0,0,0
2026-09-06 09:15:00,124.0,4,67,32.2,0,0,0
2026-09-06 09:20:00,122.8,4,64,32.5,0,0,0
2026-09-06 09:25:00,123.0,2,66,32.0,0,0,0
2026-09-06 09:30:00,120.7,15,66,33.8,0,0,0
2026-09-06 09:35:00,123.0,3,63,28.0,0,0,0
2026-09-06 09:40:00,127.0,5,61,31.4,0,0,0
2026-09-06 09:45:00,126.0,9,63,29.7,0,0,0
2026-09-06 09:50:00,127.9,3,63,31.0,0,0,0
2026-09-06 09:55:00,127.3,6,64,34.8,0,0,0
2026-09-06 10:00:00,125.1,13,64,31.1,0,0,0
2026-09-06 10:05:00,122.9,9,63,31.5,0,0,0
2026-09-06 10:10:00,128.0,8,60,33.4,0,0,0
2026-09-06 10:15:00,127.8,5,67,30.6,0,0,0
2026-09-06 10:20:00,127.6,16,67,32.1,0,0,0
2026-09-06 10:25:00,128.6,5,64,32.5,0,0,0
2026-09-06 10:30:00,129.0,7,62,30.6,0,0,0
2026-09-06 10:35:00,132.2,15,62,34.1,0,0,0
2026-09-06 10:40:00,134.2,11,62,31.7,0,0,0
2026-09-06 10:45:00,130.0,3,65,32.5,0,0,0
2026-09-06 10:50:00,131.9,5,64,32.9,0,0,0
2026-09-06 10:55:00,128.8,10,70,32.8,0,0,0
2026-09-06 11:00:00,128.1,16,68,31.8,0,0,0
2026-09-06 11:05:00,131.5,9,62,33.4,0,0,0
2026-09-06 11:10:00,131.5,10,65,36.1,0,0,0
2026-09-06 11:15:00,128.0,9,61,33.8,0,0,0
2026-09-06 11:20:00,125.0,13,63,35.3,0,0,0
2026-09-06 11:25:00,124.0,11,64,34.4,0,0,0
2026-09-06 11:30:00,120.6,7,63,33.8,0,0,0
2026-09-06 11:35:00,119.3,10,64,33.5,0,0,0
2026-09-06 11:40:00,118.7,22,64,32.6,0,0,0
2026-09-06 11:45:00,119.0,7,62,32.7,0,0,0
2026-09-06 11:50:00,119.3,10,62,31.9,0,0,0
2026-09-06 11:55:00,116.1,9,65,34.1,0,0,0
2026-09-06 12:00:00,117.3,4,65,37.7,0,0,0
2026-09-06 12:05:00,117.0,9,61,34.0,0,0,0
2026-09-06 12:10:00,114.9,14,61,33.6,0,0,0
2026-09-06 12:15:00,111.9,13,60,31.9,0,0,0
2026-09-06 12:20:00,108.5,13,62,31.0,0,0,0
2026-09-06 12:25:00,111.0,8,63,31.1,0,0,0
2026-09-06 12:30:00,114.3,6,61,31.8,0,0,0
2026-09-06 12:35:00,110.0,5,68,32.2,0,0,0
2026-09-06 12:40:00,109.8,10,63,30.2,0,0,0
2026-09-06 12:45:00,111.5,6,63,34.2,0,0,0
2026-09-06 12:50:00,111.3,1,61,33.8,0,0,0
2026-09-06 12:55:00,113.7,5,62,32.9,0,0,0
2026-09-06 13:00:00,115.3,8,62,27.9,0,0,0
2026-09-06 13:05:00,115.2,3,63,35.1,0,0,0
2026-09-06 13:10:00,117.9,5,66,34.3,0,48,50
2026-09-06 13:15:00,119.7,5,68,33.5,0,0,0
2026-09-06 13:20:00,124.5,3,70,30.8,0,0,0
2026-09-06 13:25:00,128.0,5,65,30.4,0,0,0
2026-09-06 13:30:00,128.5,12,63,32.8,0,0,0
2026-09-06 13:35:00,128.2,14,68,35.8,0,0,0
2026-09-06 13:40:00,128.0,5,63,30.8,0,0,0
2026-09-06 13:45:00,130.8,18,64,29.4,0,0,0
2026-09-06 13:50:00,130.6,10,63,33.2,0,0,0
2026-09-06 13:55:00,129.1,6,63,32.0,0,0,0
2026-09-06 14:00:00,127.2,8,61,34.6,0,0,0
2026-09-06 14:05:00,127.6,12,62,31.0,0,0,0
2026-09-06 14:10:00,126.9,13,64,35.6,0,0,0
2026-09-06 14:15:00,128.0,18,65,32.5,0,0,0
2026-09-06 14:20:00,130.6,7,61,29.6,0,0,0
2026-09-06 14:25:00,129.6,309,80,30.7,0,0,0
2026-09-06 14:30:00,130.6,319,83,36.6,0,0,0
2026-09-06 14:35:00,130.0,318,83,33.6,0,0,0
2026-09-06 14:40:00,129.0,312,82,35.3,0,0,0
2026-09-06 14:45:00,130.0,4,63,33.2,0,0,0
2026-09-06 14:50:00,132.9,2,63,31.9,0,0,0
2026-09-06 14:55:00,133.3,2,61,35.9,0,0,0
2026-09-06 15:00:00,133.0,5,65,33.3,0,0,0
2026-09-06 15:05:00,133.1,11,67,32.3,0,0,0
2026-09-06 15:10:00,132.4,24,66,31.1,0,0,0
2026-09-06 15:15:00,132.8,5,62,34.0,0,0,0
2026-09-06 15:20:00,128.5,12,59,29.8,0,0,0
2026-09-06 15:25:00,128.1,4,64,35.0,0,0,0
2026-09-06 15:30:00,128.7,3,62,32.7,0,0,0
2026-09-06 15:35:00,129.6,4,62,32.2,0,0,0
2026-09-06 15:40:00,129.7,15,66,32.9,0,0,0
2026-09-06 15:45:00,131.9,10,64,35.7,0,0,0
2026-09-06 15:50:00,130.0,11,66,32.9,0,0,0
2026-09-06 15:55:00,129.5,5,63,30.7,0,0,0
2026-09-06 16:00:00,128.2,3,65,30.9,0,0,0
2026-09-06 16:05:00,130.0,8,65,33.1,0,0,0
2026-09-06 16:10:00,131.6,14,65,31.9,0,0,0
2026-09-06 16:15:00,128.2,4,63,30.4,0,0,0
2026-09-06 16:20:00,127.0,5,64,29.0,0,0,0
2026-09-06 16:25:00,126.2,1,62,30.9,0,0,0
2026-09-06 16:30:00,124.1,7,62,34.0,0,0,0
2026-09-06 16:35:00,123.8,14,63,34.3,0,0,0
2026-09-06 16:40:00,122.1,6,64,32.4,0,0,0
2026-09-06 16:45:00,123.7,6,62,29.8,0,0,0
2026-09-06 16:50:00,124.8,15,63,30.9,0,0,0
2026-09-06 16:55:00,123.5,7,62,34.3,0,0,0
2026-09-06 17:00:00,124.1,11,64,30.2,0,0,0
2026-09-06 17:05:00,122.7,21,64,34.5,0,0,0
2026-09-06 17:10:00,123.1,9,65,35.2,0,0,0
2026-09-06 17:15:00,122.2,13,67,34.2,0,0,0
2026-09-06 17:20:00,123.1,3,60,30.0,0,0,0
2026-09-06 17:25:00,120.2,33,65,33.3,0,0,0
2026-09-06 17:30:00,119.1,8,65,33.4,0,0,0
2026-09-06 17:35:00,119.2,4,63,30.8,0,0,0
2026-09-06 17:40:00,120.4,4,66,31.6,0,0,0
2026-09-06 17:45:00,119.2,4,64,31.2,0,0,0
2026-09-06 17:50:00,119.2,4,64,32.4,0,0,0
2026-09-06 17:55:00,120.5,12,66,34.0,0,0,0
2026-09-06 18:00:00,123.8,4,63,31.6,0,0,0
2026-09-06 18:05:00,121.1,12,58,30.3,0,0,0
2026-09-06 18:10:00,119.3,3,63,32.3,0,0,0
2026-09-06 18:15:00,117.5,29,67,31.7,0,0,0
2026-09-06 18:20:00,116.4,8,64,33.1,0,0,0
2026-09-06 18:25:00,115.4,5,62,32.8,0,0,0
2026-09-06 18:30:00,114.7,5,68,32.8,0,16,35
2026-09-06 18:35:00,115.3,11,68,35.7,0,0,0
2026-09-06 18:40:00,115.1,8,64,31.9,0,0,0
2026-09-06 18:45:00,117.9,2,68,32.4,0,0,0
2026-09-06 18:50:00,114.8,7,67,33.0,0,0,0
2026-09-06 18:55:00,116.5,15,70,29.2,0,0,0
2026-09-06 19:00:00,118.3,13,64,33.2,0,0,0
2026-09-06 19:05:00,121.1,3,66,33.2,0,0,0
2026-09-06 19:10:00,121.4,17,68,30.9,0,0,0
2026-09-06 19:15:00,122.0,10,65,36.4,0,0,0
2026-09-06 19:20:00,123.8,7,65,31.1,0,0,0
2026-09-06 19:25:00,123.3,6,61,35.0,0,0,0
2026-09-06 19:30:00,122.5,3,65,28.6,0,0,0
2026-09-06 19:35:00,121.4,0,60,32.8,0,0,0
2026-09-06 19:40:00,120.2,8,62,31.6,0,0,0
2026-09-06 19:45:00,123.7,15,63,35.9,0,0,0
2026-09-06 19:50:00,123.1,8,63,29.3,0,0,0
2026-09-06 19:55:00,129.4,9,68,33.7,0,0,0
2026-09-06 20:00:00,127.6,5,66,30.2,0,0,0
2026-09-06 20:05:00,128.0,13,65,29.2,0,0,0
2026-09-06 20:10:00,125.9,5,62,34.2,0,0,0
2026-09-06 20:15:00,125.4,7,68,32.5,0,0,0
2026-09-06 20:20:00,124.7,12,61,30.4,0,0,0
2026-09-06 20:25:00,123.8,10,62,34.1,0,0,0
2026-09-06 20:30:00,125.0,15,61,34.5,0,0,0
2026-09-06 20:35:00,125.9,7,66,31.3,0,0,0
2026-09-06 20:40:00,123.7,3,66,35.4,0,0,0
2026-09-06 20:45:00,125.3,12,62,32.5,0,0,0
2026-09-06 20:50:00,125.3,14,63,33.7,0,0,0
2026-09-06 20:55:00,121.4,13,63,35.5,0,0,0
2026-09-06 21:00:00,124.7,14,62,31.3,0,0,0
2026-09-06 21:05:00,126.0,7,63,30.0,0,0,0
2026-09-06 21:10:00,126.0,13,61,31.8,0,101,70
2026-09-06 21:15:00,133.3,12,65,31.3,0,0,0
2026-09-06 21:20:00,138.0,20,64,35.3,0,0,0
2026-09-06 21:25:00,141.6,482,95,32.5,0,0,0
2026-09-06 21:30:00,145.4,481,97,34.3,0,0,0
2026-09-06 21:35:00,146.2,6,65,32.4,0,0,0
2026-09-06 21:40:00,144.8,7,62,34.8,0,0,0
2026-09-06 21:45:00,143.3,24,63,27.3,0,0,0
2026-09-06 21:50:00,142.3,12,65,33.3,0,0,0
2026-09-06 21:55:00,144.3,6,62,29.6,0,0,0
2026-09-06 22:00:00,144.4,11,65,33.7,0,0,0
2026-09-06 22:05:00,145.3,10,62,33.3,0,0,0
2026-09-06 22:10:00,143.4,11,64,30.7,0,0,0
2026-09-06 22:15:00,142.1,10,65,31.3,0,0,0
2026-09-06 22:20:00,142.7,7,64,33.2,0,0,0
2026-09-06 22:25:00,141.4,7,61,29.6,0,0,0
2026-09-06 22:30:00,140.1,0,53,55.6,1,0,0
2026-09-06 22:35:00,140.7,0,58,56.2,1,0,0
2026-09-06 22:40:00,141.2,0,54,48.6,1,0,0
2026-09-06 22:45:00,141.3,0,59,50.3,1,0,0
2026-09-06 22:50:00,136.5,0,57,49.1,1,0,0
2026-09-06 22:55:00,134.7,0,53,52.9,1,0,0
2026-09-06 23:00:00,133.4,1,57,49.4,1,0,0
2026-09-06 23:05:00,132.7,1,54,50.8,1,0,0
2026-09-06 23:10:00,133.1,0,55,53.0,1,0,0
2026-09-06 23:15:00,131.4,0,53,55.6,1,0,0
2026-09-06 23:20:00,132.1,1,54,54.5,1,0,0
2026-09-06 23:25:00,132.1,0,56,52.2,1,0,0
2026-09-06 23:30:00,133.1,0,56,49.3,1,0,0
2026-09-06 23:35:00,133.2,0,53,54.0,1,0,0
2026-09-06 23:40:00,131.2,0,58,52.2,1,0,0
2026-09-06 23:45:00,128.2,0,54,50.6,1,0,0
2026-09-06 23:50:00,129.9,0,53,55.4,1,0,0
2026-09-06 23:55:00,130.8,0,54,52.4,1,0,0
2026-09-07 00:00:00,135.0,0,54,51.8,1,0,0
2026-09-07 00:05:00,135.4,0,51,53.3,1,0,0
2026-09-07 00:10:00,134.1,0,57,51.1,1,0,0
2026-09-07 00:15:00,133.2,0,55,53.5,1,0,0
2026-09-07 00:20:00,132.1,0,56,50.7,1,0,0
2026-09-07 00:25:00,130.9,0,56,50.2,1,0,0
2026-09-07 00:30:00,129.0,0,57,57.3,1,0,0
2026-09-07 00:35:00,131.3,0,54,53.3,1,0,0
2026-09-07 00:40:00,127.6,0,58,50.8,1,0,0
2026-09-07 00:45:00,125.6,1,53,54.3,1,0,0
2026-09-07 00:50:00,125.3,0,57,51.8,1,0,0
2026-09-07 00:55:00,126.0,2,53,54.8,1,0,0
2026-09-07 01:00:00,124.3,0,54,51.6,1,0,0
2026-09-07 01:05:00,124.8,1,59,50.8,1,0,0
2026-09-07 01:10:00,127.5,0,53,54.8,1,0,0
2026-09-07 01:15:00,123.5,1,53,48.6,1,0,0
2026-09-07 01:20:00,123.7,0,55,54.1,1,0,0
2026-09-07 01:25:00,126.9,0,56,51.6,1,0,0
2026-09-07 01:30:00,124.6,1,57,53.4,1,0,0
2026-09-07 01:35:00,124.4,1,55,49.2,1,0,0
2026-09-07 01:40:00,125.9,0,52,51.4,1,0,0
2026-09-07 01:45:00,127.6,0,53,52.0,1,0,0
2026-09-07 01:50:00,128.2,0,56,49.4,1,0,0
2026-09-07 01:55:00,129.8,0,56,51.5,1,0,0
2026-09-07 02:00:00,126.7,0,53,54.1,1,0,0
2026-09-07 02:05:00,127.5,0,53,55.0,1,0,0
2026-09-07 02:10:00,127.8,0,53,55.7,1,0,0
2026-09-07 02:15:00,126.8,0,57,52.9,1,0,0
2026-09-07 02:20:00,123.9,1,55,54.1,1,0,0
2026-09-07 02:25:00,123.7,1,57,50.3,1,0,0
2026-09-07 02:30:00,124.0,0,52,47.0,1,0,0
2026-09-07 02:35:00,126.2,0,57,55.3,1,0,0
2026-09-07 02:40:00,127.3,0,50,54.1,1,0,0
2026-09-07 02:45:00,128.9,0,57,54.0,1,0,0
2026-09-07 02:50:00,130.9,0,54,53.7,1,0,0
2026-09-07 02:55:00,131.6,0,55,49.2,1,0,0
2026-09-07 03:00:00,129.0,0,53,51.8,1,0,0
2026-09-07 03:05:00,125.8,0,56,49.8,1,0,0
2026-09-07 03:10:00,123.3,1,56,49.7,1,0,0
2026-09-07 03:15:00,122.3,0,57,51.0,1,0,0
2026-09-07 03:20:00,123.4,1,56,53.0,1,0,0
2026-09-07 03:25:00,125.4,1,58,49.2,1,0,0
2026-09-07 03:30:00,123.1,1,57,54.9,1,0,0
2026-09-07 03:35:00,124.1,0,54,53.2,1,0,0
2026-09-07 03:40:00,125.2,0,54,54.1,1,0,0
2026-09-07 03:45:00,124.5,0,54,54.2,1,0,0
2026-09-07 03:50:00,124.2,1,57,53.9,1,0,0
2026-09-07 03:55:00,123.8,0,54,54.1,1,0,0
2026-09-07 04:00:00,126.0,0,53,51.2,1,0,0
2026-09-07 04:05:00,124.1,1,56,50.0,1,0,0
2026-09-07 04:10:00,122.8,0,55,51.7,1,0,0
2026-09-07 04:15:00,120.5,0,55,54.9,1,0,0
2026-09-07 04:20:00,121.9,0,56,52.0,1,0,0
2026-09-07 04:25:00,124.6,0,57,55.2,1,0,0
2026-09-07 04:30:00,121.8,1,52,53.1,1,0,0
2026-09-07 04:35:00,122.8,0,57,49.4,1,0,0
2026-09-07 04:40:00,121.7,0,54,54.8,1,0,0
2026-09-07 04:45:00,121.7,2,54,52.0,1,0,0
2026-09-07 04:50:00,120.1,0,53,52.6,1,0,0
2026-09-07 04:55:00,119.0,2,54,53.7,1,0,0
2026-09-07 05:00:00,117.3,1,57,53.9,1,0,0
2026-09-07 05:05:00,119.1,3,61,51.2,1,0,0
2026-09-07 05:10:00,120.5,0,54,50.2,1,0,0
2026-09-07 05:15:00,123.2,0,50,52.4,1,0,0
2026-09-07 05:20:00,123.6,0,56,52.2,1,0,0
2026-09-07 05:25:00,125.0,0,54,51.1,1,0,0
2026-09-07 05:30:00,125.9,1,57,54.4,1,0,0
2026-09-07 05:35:00,126.1,0,55,50.5,1,0,0
2026-09-07 05:40:00,126.2,2,51,51.3,1,0,0
2026-09-07 05:45:00,125.3,0,52,52.5,1,0,0
2026-09-07 05:50:00,123.6,0,57,51.2,1,0,0
2026-09-07 05:55:00,124.3,0,55,51.8,1,0,0
2026-09-07 06:00:00,127.7,0,50,50.6,1,0,0
2026-09-07 06:05:00,127.9,0,53,53.3,1,0,0
2026-09-07 06:10:00,129.6,1,58,53.2,1,0,0
2026-09-07 06:15:00,127.5,0,59,52.0,1,0,0
2026-09-07 06:20:00,125.6,0,56,54.3,1,0,0
2026-09-07 06:25:00,125.2,12,63,34.4,0,0,0
2026-09-07 06:30:00,122.2,2,68,33.8,0,0,0
2026-09-07 06:35:00,123.6,12,63,29.4,0,0,0
2026-09-07 06:40:00,128.8,7,62,31.3,0,0,0
2026-09-07 06:45:00,126.7,3,65,29.8,0,0,0
2026-09-07 06:50:00,126.0,7,60,28.9,0,0,0
2026-09-07 06:55:00,129.0,7,63,34.7,0,0,0
2026-09-07 07:00:00,129.9,13,62,32.2,0,0,0
2026-09-07 07:05:00,130.8,5,66,30.4,0,0,0
2026-09-07 07:10:00,129.7,10,67,33.9,0,0,0
2026-09-07 07:15:00,127.3,11,63,34.6,0,0,0
2026-09-07 07:20:00,126.4,10,62,34.5,0,0,0
2026-09-07 07:25:00,125.3,4,62,33.8,0,0,0
2026-09-07 07:30:00,124.4,10,63,32.3,0,0,0
2026-09-07 07:35:00,125.9,6,64,32.2,0,0,0
2026-09-07 07:40:00,126.1,14,65,33.5,0,0,0
2026-09-07 07:45:00,127.6,17,63,31.6,0,0,0
2026-09-07 07:50:00,127.0,9,64,27.9,0,0,0
2026-09-07 07:55:00,126.5,9,61,35.4,0,0,0
2026-09-07 08:00:00,126.4,8,65,29.4,0,0,0
2026-09-07 08:05:00,124.0,12,68,33.3,0,0,0
2026-09-07 08:10:00,124.5,8,65,32.2,0,0,0
2026-09-07 08:15:00,124.2,12,65,33.3,0,26,55
2026-09-07 08:20:00,124.8,14,66,39.0,0,0,0
2026-09-07 08:25:00,123.7,11,67,30.5,0,0,0
2026-09-07 08:30:00,123.6,505,95,30.4,0,0,0
2026-09-07 08:35:00,125.2,513,99,29.9,0,0,0
2026-09-07 08:40:00,126.3,14,65,32.7,0,0,0
2026-09-07 08:45:00,125.8,5,61,31.4,0,0,0
2026-09-07 08:50:00,125.9,12,64,29.4,0,0,0
2026-09-07 08:55:00,126.3,11,66,32.4,0,0,0
2026-09-07 09:00:00,127.2,15,69,30.5,0,0,0
2026-09-07 09:05:00,127.1,10,66,33.3,0,0,0
2026-09-07 09:10:00,124.9,6,64,33.5,0,0,0
2026-09-07 09:15:00,125.3,6,62,32.5,0,0,0
2026-09-07 09:20:00,122.5,7,64,30.4,0,0,0
2026-09-07 09:25:00,123.5,9,61,31.8,0,0,0
2026-09-07 09:30:00,119.7,7,67,30.8,0,0,0
2026-09-07 09:35:00,124.8,13,64,31.1,0,0,0
2026-09-07 09:40:00,126.1,5,66,29.0,0,0,0
2026-09-07 09:45:00,127.9,6,60,25.7,0,0,0
2026-09-07 09:50:00,128.5,8,62,32.5,0,0,0
2026-09-07 09:55:00,132.9,9,65,32.3,0,0,0
2026-09-07 10:00:00,132.7,3,61,32.2,0,0,0
2026-09-07 10:05:00,128.0,11,65,30.1,0,0,0
2026-09-07 10:10:00,128.5,7,63,29.1,0,0,0
2026-09-07 10:15:00,127.3,9,62,37.9,0,0,0
2026-09-07 10:20:00,127.2,6,64,33.8,0,0,0
2026-09-07 10:25:00,124.4,6,62,30.8,0,0,0
2026-09-07 10:30:00,123.5,14,65,32.6,0,0,0
2026-09-07 10:35:00,122.9,5,66,28.4,0,0,0
2026-09-07 10:40:00,124.4,12,64,30.2,0,0,0
2026-09-07 10:45:00,122.0,3,61,34.6,0,0,0
2026-09-07 10:50:00,121.3,5,62,26.6,0,0,0
2026-09-07 10:55:00,119.3,8,64,29.9,0,0,0
2026-09-07 11:00:00,120.2,8,62,35.1,0,0,0
2026-09-07 11:05:00,119.0,10,63,31.7,0,0,0
2026-09-07 11:10:00,118.7,11,61,30.1,0,0,0
2026-09-07 11:15:00,119.9,7,62,33.6,0,0,0
2026-09-07 11:20:00,121.0,3,64,31.1,0,0,0
2026-09-07 11:25:00,119.8,10,67,35.5,0,0,0
2026-09-07 11:30:00,118.9,5,63,33.8,0,0,0
2026-09-07 11:35:00,117.8,8,68,30.1,0,0,0
2026-09-07 11:40:00,118.1,4,62,31.6,0,0,0
2026-09-07 11:45:00,117.3,5,62,36.9,0,0,0
2026-09-07 11:50:00,113.2,3,63,30.4,0,0,0
2026-09-07 11:55:00,109.0,9,62,32.6,0,0,0
2026-09-07 12:00:00,110.6,4,61,35.2,0,0,0
2026-09-07 12:05:00,110.8,8,62,32.8,0,0,0
2026-09-07 12:10:00,112.4,26,62,30.1,0,0,0
2026-09-07 12:15:00,117.5,9,65,35.1,0,0,0
2026-09-07 12:20:00,117.0,9,64,33.5,0,0,0
2026-09-07 12:25:00,117.2,5,60,36.0,0,0,0
2026-09-07 12:30:00,115.4,7,65,32.6,0,0,0
2026-09-07 12:35:00,112.5,8,61,31.8,0,0,0
2026-09-07 12:40:00,116.0,6,66,32.9,0,0,0
2026-09-07 12:45:00,115.4,14,62,33.4,0,0,0
2026-09-07 12:50:00,116.7,10,65,34.0,0,0,0
2026-09-07 12:55:00,117.0,1,66,32.0,0,0,0
2026-09-07 13:00:00,119.6,17,59,30.8,0,0,0
2026-09-07 13:05:00,119.1,12,64,29.6,0,0,0
2026-09-07 13:10:00,116.7,7,63,34.3,0,0,0
2026-09-07 13:15:00,117.6,21,61,33.1,0,0,0
2026-09-07 13:20:00,118.0,10,66,34.9,0,0,0
2026-09-07 13:25:00,115.5,9,64,33.3,0,0,0
2026-09-07 13:30:00,115.1,7,65,29.0,0,0,0
2026-09-07 13:35:00,115.2,8,64,28.7,0,0,0
2026-09-07 13:40:00,117.2,369,89,31.7,0,108,70
2026-09-07 13:45:00,128.2,356,88,30.4,0,0,0
2026-09-07 13:50:00,132.3,365,88,30.5,0,0,0
2026-09-07 13:55:00,140.0,11,65,31.8,0,0,0
2026-09-07 14:00:00,147.2,1,66,30.5,0,0,0
2026-09-07 14:05:00,152.0,16,67,32.9,0,0,0
2026-09-07 14:10:00,153.7,9,64,35.1,0,0,0
2026-09-07 14:15:00,155.5,6,64,33.6,0,0,0
2026-09-07 14:20:00,154.4,7,60,31.5,0,0,0
2026-09-07 14:25:00,150.8,6,61,33.6,0,0,0
2026-09-07 14:30:00,151.2,9,60,35.5,0,0,0
2026-09-07 14:35:00,151.4,6,64,32.2,0,0,0
2026-09-07 14:40:00,151.6,16,64,35.7,0,0,0
2026-09-07 14:45:00,152.4,11,62,36.4,0,0,0
2026-09-07 14:50:00,150.8,15,62,29.6,0,0,0
2026-09-07 14:55:00,154.9,11,63,32.3,0,0,0
2026-09-07 15:00:00,153.1,8,61,32.8,0,0,0
2026-09-07 15:05:00,153.6,5,62,30.5,0,0,0
2026-09-07 15:10:00,150.8,8,64,32.1,0,0,0
2026-09-07 15:15:00,150.9,5,65,31.7,0,0,0
2026-09-07 15:20:00,148.5,9,64,31.6,0,0,0
2026-09-07 15:25:00,147.5,5,63,31.2,0,0,0
2026-09-07 15:30:00,143.9,8,63,32.2,0,0,0
2026-09-07 15:35:00,139.8,6,60,29.9,0,0,0
2026-09-07 15:40:00,139.4,8,67,30.9,0,0,0
2026-09-07 15:45:00,136.5,6,63,32.6,0,0,0
2026-09-07 15:50:00,135.7,4,67,30.6,0,0,0
2026-09-07 15:55:00,137.3,8,62,34.5,0,0,0
2026-09-07 16:00:00,138.5,6,63,31.4,0,0,0
2026-09-07 16:05:00,135.2,8,65,34.0,0,0,0
2026-09-07 16:10:00,136.2,5,64,31.8,0,0,0
2026-09-07 16:15:00,131.8,7,63,31.9,0,0,0
2026-09-07 16:20:00,130.9,4,65,32.6,0,0,0
2026-09-07 16:25:00,131.5,5,62,33.5,0,0,0
2026-09-07 16:30:00,130.4,8,64,32.6,0,0,0
2026-09-07 16:35:00,127.5,18,63,32.6,0,0,0
2026-09-07 16:40:00,128.4,8,64,31.4,0,0,0
2026-09-07 16:45:00,128.0,5,61,32.4,0,0,0
2026-09-07 16:50:00,126.2,9,65,30.3,0,0,0
2026-09-07 16:55:00,123.6,3,66,33.9,0,46,80
2026-09-07 17:00:00,128.7,4,62,30.1,0,0,0
2026-09-07 17:05:00,132.3,7,66,30.1,0,0,0
2026-09-07 17:10:00,135.3,1,64,30.1,0,0,0
2026-09-07 17:15:00,140.7,19,68,30.1,0,0,0
2026-09-07 17:20:00,141.7,10,69,35.1,0,0,0
2026-09-07 17:25:00,143.9,5,64,29.7,0,0,0
2026-09-07 17:30:00,145.5,16,65,32.1,0,0,0
2026-09-07 17:35:00,145.2,9,63,32.2,0,0,0
2026-09-07 17:40:00,145.7,3,63,31.3,0,0,0
2026-09-07 17:45:00,147.2,4,62,34.2,0,0,0
2026-09-07 17:50:00,144.5,10,68,34.4,0,0,0
2026-09-07 17:55:00,142.0,6,63,32.0,0,0,0
2026-09-07 18:00:00,141.7,2,61,31.3,0,0,0
2026-09-07 18:05:00,141.5,6,65,32.3,0,0,0
2026-09-07 18:10:00,139.6,16,64,31.5,0,0,0
2026-09-07 18:15:00,140.4,8,63,29.9,0,0,0
2026-09-07 18:20:00,138.9,8,60,32.9,0,0,0
2026-09-07 18:25:00,140.5,9,64,32.6,0,0,0
2026-09-07 18:30:00,135.4,6,64,31.1,0,0,0
2026-09-07 18:35:00,131.5,10,60,33.5,0,0,0
2026-09-07 18:40:00,133.7,9,62,32.8,0,0,0
2026-09-07 18:45:00,133.0,6,64,37.2,0,0,0
2026-09-07 18:50:00,133.2,16,62,31.9,0,0,0
2026-09-07 18:55:00,130.2,7,68,31.6,0,0,0
2026-09-07 19:00:00,127.4,3,66,33.0,0,0,0
2026-09-07 19:05:00,125.9,9,62,36.6,0,0,0
2026-09-07 19:10:00,123.0,10,63,33.4,0,0,0
2026-09-07 19:15:00,126.3,14,62,36.1,0,0,0
2026-09-07 19:20:00,122.7,4,63,28.2,0,0,0
2026-09-07 19:25:00,120.1,3,64,27.5,0,0,0
2026-09-07 19:30:00,120.2,7,66,35.4,0,0,0
2026-09-07 19:35:00,119.7,20,65,31.7,0,0,0
2026-09-07 19:40:00,120.7,7,65,35.4,0,0,0
2026-09-07 19:45:00,121.5,11,63,29.2,0,0,0
2026-09-07 19:50:00,122.8,11,64,35.0,0,0,0
2026-09-07 19:55:00,122.4,5,65,33.1,0,0,0
2026-09-07 20:00:00,124.1,8,66,33.9,0,0,0
2026-09-07 20:05:00,124.0,21,65,30.3,0,0,0
2026-09-07 20:10:00,123.0,11,63,32.6,0,0,0
2026-09-07 20:15:00,123.0,9,63,30.5,0,0,0
2026-09-07 20:20:00,124.8,9,64,30.8,0,0,0
2026-09-07 20:25:00,121.4,3,62,31.2,0,0,0
2026-09-07 20:30:00,123.6,11,65,34.7,0,0,0
2026-09-07 20:35:00,123.1,8,63,30.3,0,0,0
2026-09-07 20:40:00,122.5,7,61,34.3,0,0,0
2026-09-07 20:45:00,119.5,11,64,34.1,0,0,0
2026-09-07 20:50:00,122.5,5,67,31.8,0,0,0
2026-09-07 20:55:00,124.2,7,63,35.8,0,0,0
2026-09-07 21:00:00,124.4,10,65,34.0,0,0,0
2026-09-07 21:05:00,131.3,1,61,32.7,0,0,0
2026-09-07 21:10:00,129.6,16,64,31.4,0,0,0
2026-09-07 21:15:00,128.2,7,64,34.0,0,77,75
2026-09-07 21:20:00,136.0,1,58,52.4,1,0,0
2026-09-07 21:25:00,142.4,0,58,54.6,1,0,0
2026-09-07 21:30:00,145.8,0,57,54.0,1,0,0
2026-09-07 21:35:00,152.8,1,58,53.4,1,0,0
2026-09-07 21:40:00,154.6,0,57,50.3,1,0,0
2026-09-07 21:45:00,152.2,0,56,51.6,1,0,0
2026-09-07 21:50:00,153.0,0,53,52.7,1,0,0
2026-09-07 21:55:00,154.1,1,56,50.8,1,0,0
2026-09-07 22:00:00,156.4,0,56,53.4,1,0,0
2026-09-07 22:05:00,157.8,0,57,55.0,1,0,0
2026-09-07 22:10:00,156.6,0,55,51.6,1,0,0
2026-09-07 22:15:00,156.6,0,57,54.3,1,0,0
2026-09-07 22:20:00,150.9,0,56,51.0,1,0,0
2026-09-07 22:25:00,152.4,0,52,51.4,1,0,0
2026-09-07 22:30:00,150.5,0,56,50.5,1,0,0
2026-09-07 22:35:00,147.9,1,58,53.1,1,0,0
2026-09-07 22:40:00,141.0,1,51,49.0,1,0,0
2026-09-07 22:45:00,140.0,3,57,53.4,1,0,0
2026-09-07 22:50:00,137.0,0,56,55.1,1,0,0
2026-09-07 22:55:00,135.1,0,52,50.7,1,0,0
2026-09-07 23:00:00,134.6,0,59,55.8,1,0,0
2026-09-07 23:05:00,129.9,0,59,53.8,1,0,0
2026-09-07 23:10:00,127.7,0,56,54.8,1,0,0
2026-09-07 23:15:00,128.5,0,53,54.3,1,0,0
2026-09-07 23:20:00,128.4,1,52,49.1,1,0,0
2026-09-07 23:25:00,128.2,1,57,52.2,1,0,0
2026-09-07 23:30:00,125.1,1,54,50.9,1,0,0
2026-09-07 23:35:00,126.1,0,54,55.2,1,0,0
2026-09-07 23:40:00,124.1,0,54,55.7,1,0,0
2026-09-07 23:45:00,125.5,0,53,51.6,1,0,0
2026-09-07 23:50:00,126.5,0,59,49.5,1,0,0
2026-09-07 23:55:00,124.3,1,54,52.4,1,0,0
2026-09-08 00:00:00,120.7,0,52,53.7,1,0,0
2026-09-08 00:05:00,120.2,0,52,52.2,1,0,0
2026-09-08 00:10:00,123.1,0,53,53.3,1,0,0
2026-09-08 00:15:00,121.6,0,53,54.6,1,0,0
2026-09-08 00:20:00,120.2,0,57,53.6,1,0,0
2026-09-08 00:25:00,119.8,1,54,51.5,1,0,0
2026-09-08 00:30:00,120.8,0,54,50.6,1,0,0
2026-09-08 00:35:00,119.1,0,53,53.3,1,0,0
2026-09-08 00:40:00,118.5,0,57,52.7,1,0,0
2026-09-08 00:45:00,118.9,2,56,53.1,1,0,0
2026-09-08 00:50:00,121.0,0,55,50.5,1,0,0
2026-09-08 00:55:00,123.5,0,56,54.2,1,0,0
2026-09-08 01:00:00,121.3,0,57,51.0,1,0,0
2026-09-08 01:05:00,118.4,0,55,52.8,1,0,0
2026-09-08 01:10:00,118.0,0,57,53.8,1,0,0
2026-09-08 01:15:00,116.9,0,57,51.1,1,0,0
2026-09-08 01:20:00,119.5,0,57,52.3,1,0,0
2026-09-08 01:25:00,122.1,0,56,51.4,1,0,0
2026-09-08 01:30:00,123.4,1,55,55.7,1,0,0
2026-09-08 01:35:00,120.7,1,60,52.2,1,0,0
2026-09-08 01:40:00,118.7,0,55,50.5,1,0,0
2026-09-08 01:45:00,117.3,1,57,55.0,1,0,0
2026-09-08 01:50:00,117.0,0,57,49.8,1,0,0
2026-09-08 01:55:00,114.4,0,57,52.7,1,0,0
2026-09-08 02:00:00,114.2,0,57,53.1,1,0,0
2026-09-08 02:05:00,116.9,0,54,53.5,1,0,0
2026-09-08 02:10:00,116.8,0,54,52.2,1,0,0
2026-09-08 02:15:00,115.5,0,53,52.9,1,0,0
2026-09-08 02:20:00,116.1,1,55,50.8,1,0,0
2026-09-08 02:25:00,115.9,1,56,53.2,1,0,0
2026-09-08 02:30:00,118.3,0,56,53.2,1,0,0
2026-09-08 02:35:00,121.6,0,52,51.5,1,0,0
2026-09-08 02:40:00,120.2,2,56,51.5,1,0,0
2026-09-08 02:45:00,118.2,0,56,53.1,1,0,0
2026-09-08 02:50:00,116.8,0,56,52.9,1,0,0
2026-09-08 02:55:00,116.5,0,55,55.5,1,0,0
2026-09-08 03:00:00,115.8,0,51,53.1,1,0,0
2026-09-08 03:05:00,116.8,2,55,55.0,1,0,0
2026-09-08 03:10:00,118.9,0,55,52.1,1,0,0
2026-09-08 03:15:00,122.4,1,59,53.9,1,0,0
2026-09-08 03:20:00,121.6,0,57,51.8,1,0,0
2026-09-08 03:25:00,120.1,1,58,49.0,1,0,0
2026-09-08 03:30:00,121.6,0,57,52.4,1,0,0
2026-09-08 03:35:00,118.7,0,52,53.9,1,0,0
2026-09-08 03:40:00,119.0,1,54,52.0,1,0,0
2026-09-08 03:45:00,116.5,0,53,53.6,1,0,0
2026-09-08 03:50:00,117.5,0,52,50.9,1,0,0
2026-09-08 03:55:00,114.7,1,55,55.9,1,0,0
2026-09-08 04:00:00,115.9,1,54,52.4,1,0,0
2026-09-08 04:05:00,115.8,1,58,48.8,1,0,0
2026-09-08 04:10:00,118.2,2,54,52.9,1,0,0
2026-09-08 04:15:00,118.5,0,57,52.7,1,0,0
2026-09-08 04:20:00,122.7,0,53,54.9,1,0,0
2026-09-08 04:25:00,124.2,0,58,53.1,1,0,0
2026-09-08 04:30:00,119.1,0,55,53.1,1,0,0
2026-09-08 04:35:00,124.4,1,57,54.0,1,0,0
2026-09-08 04:40:00,125.9,0,54,51.9,1,0,0
2026-09-08 04:45:00,124.9,0,61,52.7,1,0,0
2026-09-08 04:50:00,131.2,0,58,51.0,1,0,0
2026-09-08 04:55:00,129.1,0,52,50.9,1,0,0
2026-09-08 05:00:00,130.8,1,54,52.6,1,0,0
2026-09-08 05:05:00,132.3,1,57,56.6,1,0,0
2026-09-08 05:10:00,129.8,0,56,53.8,1,0,0
2026-09-08 05:15:00,127.3,0,56,51.8,1,0,0
2026-09-08 05:20:00,129.3,0,51,55.4,1,0,0
2026-09-08 05:25:00,131.5,0,55,55.9,1,0,0
2026-09-08 05:30:00,129.9,2,56,52.0,1,0,0
2026-09-08 05:35:00,132.2,0,57,51.3,1,0,0
2026-09-08 05:40:00,129.5,1,57,52.5,1,0,0
2026-09-08 05:45:00,130.4,0,56,51.3,1,0,0
2026-09-08 05:50:00,128.0,0,57,52.9,1,0,0
2026-09-08 05:55:00,125.0,0,61,54.6,1,0,0
2026-09-08 06:00:00,123.8,0,54,55.1,1,0,0
2026-09-08 06:05:00,123.5,0,57,54.4,1,0,0
2026-09-08 06:10:00,126.3,0,54,51.3,1,0,0
2026-09-08 06:15:00,126.8,0,51,51.7,1,0,0
2026-09-08 06:20:00,130.4,6,66,30.4,0,0,0
2026-09-08 06:25:00,130.0,7,64,36.4,0,0,0
2026-09-08 06:30:00,133.9,7,64,31.5,0,0,0
2026-09-08 06:35:00,135.3,8,68,30.1,0,0,0
2026-09-08 06:40:00,139.1,4,62,31.3,0,0,0
2026-09-08 06:45:00,135.5,6,67,31.0,0,0,0
2026-09-08 06:50:00,135.5,22,67,31.3,0,0,0
2026-09-08 06:55:00,132.7,11,63,30.4,0,0,0
2026-09-08 07:00:00,133.3,9,65,31.7,0,0,0
2026-09-08 07:05:00,132.3,6,66,34.0,0,0,0
2026-09-08 07:10:00,127.3,2,61,28.1,0,0,0
2026-09-08 07:15:00,127.8,3,64,33.3,0,0,0
2026-09-08 07:20:00,128.9,11,63,33.7,0,0,0
2026-09-08 07:25:00,125.3,20,61,33.2,0,0,0
2026-09-08 07:30:00,125.6,11,63,34.6,0,0,0
2026-09-08 07:35:00,123.7,15,64,31.6,0,0,0
2026-09-08 07:40:00,123.2,3,65,33.1,0,0,0
2026-09-08 07:45:00,120.7,11,60,30.1,0,0,0
2026-09-08 07:50:00,118.8,10,60,32.3,0,0,0
2026-09-08 07:55:00,118.5,4,64,33.4,0,0,0
2026-09-08 08:00:00,118.5,9,70,30.4,0,54,70
2026-09-08 08:05:00,122.1,6,67,32.3,0,0,0
2026-09-08 08:10:00,126.1,19,67,31.9,0,0,0
2026-09-08 08:15:00,126.4,404,91,31.3,0,0,0
2026-09-08 08:20:00,129.0,420,91,33.3,0,0,0
2026-09-08 08:25:00,127.7,8,67,36.9,0,0,0
2026-09-08 08:30:00,128.4,5,63,35.2,0,0,0
2026-09-08 08:35:00,130.3,4,66,30.7,0,0,0
2026-09-08 08:40:00,136.2,4,65,35.1,0,0,0
2026-09-08 08:45:00,137.4,4,64,31.3,0,0,0
2026-09-08 08:50:00,140.2,10,62,32.4,0,0,0
2026-09-08 08:55:00,139.8,12,65,34.5,0,0,0
2026-09-08 09:00:00,140.8,15,66,35.2,0,0,0
2026-09-08 09:05:00,141.2,7,62,30.8,0,0,0
2026-09-08 09:10:00,140.9,15,66,34.2,0,0,0
2026-09-08 09:15:00,138.4,24,63,32.1,0,0,0
2026-09-08 09:20:00,136.2,14,64,33.4,0,0,0
2026-09-08 09:25:00,135.6,12,67,29.7,0,0,0
2026-09-08 09:30:00,132.4,16,64,32.5,0,0,0
2026-09-08 09:35:00,127.9,8,64,34.1,0,0,0
2026-09-08 09:40:00,125.9,10,63,31.7,0,0,0
2026-09-08 09:45:00,122.8,3,65,30.7,0,0,0
2026-09-08 09:50:00,121.9,10,67,34.4,0,0,0
2026-09-08 09:55:00,121.4,12,60,30.2,0,0,0
2026-09-08 10:00:00,123.6,5,67,30.6,0,0,0
2026-09-08 10:05:00,123.1,5,66,32.7,0,0,0
2026-09-08 10:10:00,123.0,7,65,33.0,0,0,0
2026-09-08 10:15:00,123.4,10,64,32.6,0,0,0
2026-09-08 10:20:00,124.8,6,62,32.7,0,0,0
2026-09-08 10:25:00,127.9,6,62,32.3,0,0,0
2026-09-08 10:30:00,128.0,2,63,31.1,0,0,0
2026-09-08 10:35:00,129.2,16,62,31.1,0,0,0
2026-09-08 10:40:00,127.4,7,67,31.4,0,0,0
2026-09-08 10:45:00,125.6,7,65,34.9,0,0,0
2026-09-08 10:50:00,125.1,7,61,28.2,0,0,0
2026-09-08 10:55:00,126.8,11,63,33.3,0,0,0
2026-09-08 11:00:00,126.3,12,64,34.7,0,0,0
2026-09-08 11:05:00,123.8,15,66,28.1,0,0,0
2026-09-08 11:10:00,125.0,8,63,31.1,0,0,0
2026-09-08 11:15:00,123.5,16,63,29.9,0,0,0
2026-09-08 11:20:00,125.5,16,61,34.4,0,0,0
2026-09-08 11:25:00,126.7,14,63,35.2,0,0,0
2026-09-08 11:30:00,123.9,10,68,30.4,0,0,0
2026-09-08 11:35:00,123.0,7,66,31.5,0,0,0
2026-09-08 11:40:00,120.0,6,63,30.4,0,0,0
2026-09-08 11:45:00,120.9,11,61,32.4,0,0,0
2026-09-08 11:50:00,122.0,2,63,35.6,0,0,0
2026-09-08 11:55:00,122.8,12,65,30.8,0,0,0
2026-09-08 12:00:00,121.2,10,66,30.0,0,0,0
2026-09-08 12:05:00,122.8,5,65,32.9,0,0,0
2026-09-08 12:10:00,121.1,10,65,33.4,0,0,0
2026-09-08 12:15:00,123.4,13,64,32.7,0,0,0
2026-09-08 12:20:00,125.7,4,62,31.5,0,0,0
2026-09-08 12:25:00,122.9,5,65,32.1,0,0,0
2026-09-08 12:30:00,118.4,22,63,32.4,0,0,0
2026-09-08 12:35:00,119.2,15,64,30.2,0,0,0
2026-09-08 12:40:00,122.0,4,60,34.5,0,0,0
2026-09-08 12:45:00,118.5,2,63,31.1,0,0,0
2026-09-08 12:50:00,115.9,8,63,35.2,0,0,0
2026-09-08 12:55:00,118.4,9,65,31.1,0,0,0
2026-09-08 13:00:00,122.1,8,63,34.1,0,0,0
2026-09-08 13:05:00,124.3,2,66,32.7,0,0,0
2026-09-08 13:10:00,122.6,8,65,29.2,0,0,0
2026-09-08 13:15:00,120.5,6,61,33.7,0,0,0
2026-09-08 13:20:00,119.9,11,68,33.7,0,0,0
2026-09-08 13:25:00,121.6,13,65,32.6,0,0,0
2026-09-08 13:30:00,118.9,7,63,32.3,0,0,0
2026-09-08 13:35:00,115.7,6,62,38.6,0,0,0
2026-09-08 13:40:00,115.0,11,64,31.8,0,0,0
2026-09-08 13:45:00,116.5,12,62,32.1,0,0,0
2026-09-08 13:50:00,116.7,9,65,29.8,0,0,0
2026-09-08 13:55:00,120.3,23,61,32.2,0,0,0
2026-09-08 14:00:00,120.3,8,64,32.7,0,0,0
2026-09-08 14:05:00,120.4,15,63,30.3,0,0,0
2026-09-08 14:10:00,120.1,3,63,33.4,0,0,0
2026-09-08 14:15:00,118.6,4,61,34.3,0,0,0
2026-09-08 14:20:00,117.1,4,63,33.5,0,0,0
2026-09-08 14:25:00,115.9,4,62,33.4,0,0,0
2026-09-08 14:30:00,115.0,11,61,32.5,0,0,0
2026-09-08 14:35:00,116.0,9,69,30.8,0,0,0
2026-09-08 14:40:00,116.3,12,63,32.0,0,0,0
2026-09-08 14:45:00,118.7,9,64,27.9,0,0,0
2026-09-08 14:50:00,122.6,7,62,33.5,0,0,0
2026-09-08 14:55:00,122.1,11,67,34.4,0,0,0
2026-09-08 15:00:00,124.2,12,61,31.7,0,0,0
2026-09-08 15:05:00,125.9,9,62,34.2,0,0,0
2026-09-08 15:10:00,126.8,17,61,32.8,0,0,0
2026-09-08 15:15:00,125.1,9,62,31.6,0,0,0
2026-09-08 15:20:00,125.1,9,65,33.0,0,0,0
2026-09-08 15:25:00,121.9,8,65,32.7,0,0,0
2026-09-08 15:30:00,121.2,3,65,35.6,0,0,0
2026-09-08 15:35:00,119.4,498,92,32.7,0,0,0
2026-09-08 15:40:00,116.9,494,97,31.7,0,0,0
2026-09-08 15:45:00,114.7,12,61,32.8,0,0,0
2026-09-08 15:50:00,113.8,14,65,31.5,0,0,0
2026-09-08 15:55:00,115.1,11,66,32.9,0,0,0
2026-09-08 16:00:00,112.4,10,64,33.5,0,0,0
2026-09-08 16:05:00,113.0,4,67,32.0,0,0,0
2026-09-08 16:10:00,113.2,11,62,31.6,0,0,0
2026-09-08 16:15:00,114.0,4,62,32.2,0,0,0
2026-09-08 16:20:00,115.7,10,64,31.5,0,0,0
2026-09-08 16:25:00,116.6,12,66,35.7,0,0,0
2026-09-08 16:30:00,114.7,9,66,32.1,0,0,0
2026-09-08 16:35:00,117.0,8,64,32.6,0,0,0
2026-09-08 16:40:00,118.9,8,64,27.6,0,0,0
2026-09-08 16:45:00,121.5,10,66,35.0,0,0,0
2026-09-08 16:50:00,121.7,11,61,32.2,0,0,0
2026-09-08 16:55:00,120.6,2,64,34.1,0,0,0
2026-09-08 17:00:00,120.7,5,66,33.0,0,0,0
2026-09-08 17:05:00,119.1,7,64,32.8,0,0,0
2026-09-08 17:10:00,117.3,10,58,30.1,0,0,0
2026-09-08 17:15:00,118.2,6,62,31.4,0,0,0
2026-09-08 17:20:00,114.0,2,64,33.7,0,0,0
2026-09-08 17:25:00,115.7,6,66,33.2,0,0,0
2026-09-08 17:30:00,117.9,9,62,31.8,0,0,0
2026-09-08 17:35:00,115.2,13,64,30.3,0,0,0
2026-09-08 17:40:00,116.7,3,66,32.6,0,15,35
2026-09-08 17:45:00,118.9,5,64,34.6,0,0,0
2026-09-08 17:50:00,119.0,7,66,31.6,0,0,0
2026-09-08 17:55:00,117.9,469,94,30.1,0,0,0
2026-09-08 18:00:00,119.3,479,97,32.8,0,0,0
2026-09-08 18:05:00,119.8,6,67,31.5,0,0,0
2026-09-08 18:10:00,118.9,8,67,32.6,0,0,0
2026-09-08 18:15:00,121.1,13,68,32.0,0,0,0
2026-09-08 18:20:00,118.6,9,63,35.3,0,0,0
2026-09-08 18:25:00,116.0,15,66,34.0,0,0,0
2026-09-08 18:30:00,114.8,4,62,30.6,0,0,0
2026-09-08 18:35:00,112.6,10,66,33.7,0,0,0
2026-09-08 18:40:00,114.8,11,65,34.6,0,0,0
2026-09-08 18:45:00,117.1,17,64,30.1,0,0,0
2026-09-08 18:50:00,119.9,9,64,33.6,0,0,0
2026-09-08 18:55:00,118.3,7,61,31.7,0,0,0
2026-09-08 19:00:00,116.1,8,65,32.0,0,0,0
2026-09-08 19:05:00,114.2,9,63,34.0,0,0,0
2026-09-08 19:10:00,115.7,6,64,31.3,0,0,0
2026-09-08 19:15:00,116.1,5,66,34.2,0,0,0
2026-09-08 19:20:00,117.4,7,64,30.6,0,0,0
2026-09-08 19:25:00,116.1,9,63,33.2,0,0,0
2026-09-08 19:30:00,115.8,3,62,31.2,0,0,0
2026-09-08 19:35:00,118.8,3,69,31.2,0,0,0
2026-09-08 19:40:00,117.2,8,65,33.7,0,0,0
2026-09-08 19:45:00,119.7,10,66,29.8,0,0,0
2026-09-08 19:50:00,115.7,8,64,33.0,0,0,0
2026-09-08 19:55:00,117.4,2,66,33.0,0,0,0
2026-09-08 20:00:00,118.3,8,63,32.2,0,0,0
2026-09-08 20:05:00,117.3,5,67,30.6,0,0,0
2026-09-08 20:10:00,116.8,8,66,33.5,0,0,0
2026-09-08 20:15:00,117.4,5,64,31.1,0,0,0
2026-09-08 20:20:00,114.6,2,61,29.7,0,0,0
2026-09-08 20:25:00,114.3,6,60,35.6,0,0,0
2026-09-08 20:30:00,116.2,19,65,30.4,0,0,0
2026-09-08 20:35:00,113.8,8,64,33.8,0,0,0
2026-09-08 20:40:00,117.2,4,66,32.1,0,54,50
2026-09-08 20:45:00,119.7,7,65,35.8,0,0,0
2026-09-08 20:50:00,124.8,4,63,34.1,0,0,0
2026-09-08 20:55:00,128.6,2,66,32.5,0,0,0
2026-09-08 21:00:00,133.7,21,67,31.7,0,0,0
2026-09-08 21:05:00,136.7,5,67,33.5,0,0,0
2026-09-08 21:10:00,137.5,5,64,33.9,0,0,0
2026-09-08 21:15:00,136.4,1,65,32.5,0,0,0
2026-09-08 21:20:00,140.5,5,63,31.7,0,0,0
2026-09-08 21:25:00,136.2,6,63,31.5,0,0,0
2026-09-08 21:30:00,134.9,18,71,33.1,0,0,0
2026-09-08 21:35:00,134.0,9,66,32.3,0,0,0
2026-09-08 21:40:00,134.6,10,65,36.5,0,0,0
2026-09-08 21:45:00,134.5,4,64,29.2,0,0,0
2026-09-08 21:50:00,130.3,15,67,27.3,0,0,0
2026-09-08 21:55:00,128.8,7,62,33.3,0,0,0
2026-09-08 22:00:00,125.7,4,64,33.5,0,0,0
2026-09-08 22:05:00,121.6,13,66,33.3,0,0,0
2026-09-08 22:10:00,120.9,9,64,33.3,0,0,0
2026-09-08 22:15:00,125.6,12,65,31.5,0,0,0
2026-09-08 22:20:00,125.8,7,65,30.8,0,0,0
2026-09-08 22:25:00,126.8,15,64,29.3,0,0,0
2026-09-08 22:30:00,123.2,4,62,32.9,0,0,0
2026-09-08 22:35:00,125.0,13,58,31.8,0,0,0
2026-09-08 22:40:00,127.6,10,64,30.7,0,0,0
2026-09-08 22:45:00,126.8,11,66,34.0,0,0,0
2026-09-08 22:50:00,127.3,11,67,30.5,0,0,0
2026-09-08 22:55:00,128.7,9,60,30.7,0,0,0
2026-09-08 23:00:00,126.2,7,60,33.5,0,0,0
2026-09-08 23:05:00,125.9,6,60,31.6,0,0,0
2026-09-08 23:10:00,124.9,4,59,33.7,0,0,0
2026-09-08 23:15:00,122.5,8,64,31.3,0,0,0
2026-09-08 23:20:00,125.9,14,65,33.2,0,0,0
2026-09-08 23:25:00,123.0,15,65,32.7,0,0,0
2026-09-08 23:30:00,124.6,4,65,34.1,0,0,0
2026-09-08 23:35:00,126.3,6,64,34.2,0,0,0
2026-09-08 23:40:00,127.3,0,56,52.8,1,0,0
2026-09-08 23:45:00,128.5,0,55,50.0,1,0,0
2026-09-08 23:50:00,126.1,0,56,54.4,1,0,0
2026-09-08 23:55:00,128.8,0,51,56.5,1,0,0
2026-09-09 00:00:00,128.6,0,57,51.7,1,0,0
2026-09-09 00:05:00,127.3,0,55,53.5,1,0,0
2026-09-09 00:10:00,123.6,0,51,53.4,1,0,0
2026-09-09 00:15:00,124.8,0,60,53.3,1,0,0
2026-09-09 00:20:00,129.0,0,54,53.6,1,0,0
2026-09-09 00:25:00,126.3,0,57,48.4,1,0,0
2026-09-09 00:30:00,122.4,1,58,55.2,1,0,0
2026-09-09 00:35:00,120.6,0,56,49.6,1,0,0
2026-09-09 00:40:00,120.4,0,50,52.7,1,0,0
2026-09-09 00:45:00,122.7,0,54,54.5,1,0,0
2026-09-09 00:50:00,123.6,1,57,51.6,1,0,0
2026-09-09 00:55:00,120.8,0,56,54.3,1,0,0
2026-09-09 01:00:00,123.5,0,55,55.5,1,0,0
2026-09-09 01:05:00,120.9,0,53,53.2,1,0,0
2026-09-09 01:10:00,120.5,0,56,49.9,1,0,0
2026-09-09 01:15:00,123.7,0,58,52.7,1,0,0
2026-09-09 01:20:00,120.0,1,53,51.2,1,0,0
2026-09-09 01:25:00,123.7,1,58,53.7,1,0,0
2026-09-09 01:30:00,121.1,1,55,52.8,1,0,0
2026-09-09 01:35:00,121.2,0,53,51.8,1,0,0
2026-09-09 01:40:00,122.9,0,56,49.6,1,0,0
2026-09-09 01:45:00,122.2,0,56,53.0,1,0,0
2026-09-09 01:50:00,123.8,0,57,55.4,1,0,0
2026-09-09 01:55:00,122.4,0,56,54.9,1,0,0
2026-09-09 02:00:00,121.6,0,55,53.0,1,0,0
2026-09-09 02:05:00,120.7,0,55,54.5,1,0,0
2026-09-09 02:10:00,121.1,0,53,50.9,1,0,0
2026-09-09 02:15:00,120.5,0,54,48.6,1,0,0
2026-09-09 02:20:00,120.5,0,59,50.3,1,0,0
2026-09-09 02:25:00,120.9,0,55,51.5,1,0,0
2026-09-09 02:30:00,124.0,0,51,51.2,1,0,0
2026-09-09 02:35:00,123.5,0,57,54.5,1,0,0
2026-09-09 02:40:00,123.0,0,54,56.5,1,0,0
2026-09-09 02:45:00,122.6,1,54,49.3,1,0,0
2026-09-09 02:50:00,120.0,0,57,53.6,1,0,0
2026-09-09 02:55:00,121.3,0,55,55.3,1,0,0
2026-09-09 03:00:00,120.8,0,60,51.8,1,0,0
2026-09-09 03:05:00,120.0,0,57,51.9,1,0,0
2026-09-09 03:10:00,120.7,0,55,53.6,1,0,0
2026-09-09 03:15:00,120.4,0,55,49.9,1,0,0
2026-09-09 03:20:00,121.7,2,54,53.5,1,0,0
2026-09-09 03:25:00,120.7,0,54,51.0,1,0,0
2026-09-09 03:30:00,119.1,1,52,50.6,1,0,0
2026-09-09 03:35:00,118.1,0,56,52.2,1,0,0
2026-09-09 03:40:00,117.3,0,58,50.4,1,0,0
2026-09-09 03:45:00,116.4,1,53,52.0,1,0,0
2026-09-09 03:50:00,118.9,1,61,56.9,1,0,0
2026-09-09 03:55:00,121.2,2,57,52.8,1,0,0
2026-09-09 04:00:00,117.4,1,54,53.7,1,0,0
2026-09-09 04:05:00,119.4,0,55,50.6,1,0,0
2026-09-09 04:10:00,124.8,0,53,56.8,1,0,0
2026-09-09 04:15:00,124.8,0,54,56.1,1,0,0
2026-09-09 04:20:00,124.9,0,55,51.6,1,0,0
2026-09-09 04:25:00,129.5,1,57,54.6,1,0,0
2026-09-09 04:30:00,131.6,1,52,54.7,1,0,0
2026-09-09 04:35:00,132.1,0,55,53.8,1,0,0
2026-09-09 04:40:00,134.5,0,53,53.5,1,0,0
2026-09-09 04:45:00,134.3,0,57,55.5,1,0,0
2026-09-09 04:50:00,132.1,1,58,51.5,1,0,0
2026-09-09 04:55:00,129.5,0,57,54.5,1,0,0
2026-09-09 05:00:00,129.5,1,56,52.0,1,0,0
2026-09-09 05:05:00,129.4,1,58,48.1,1,0,0
2026-09-09 05:10:00,127.5,0,55,53.0,1,0,0
2026-09-09 05:15:00,125.8,0,57,55.4,1,0,0
2026-09-09 05:20:00,125.7,0,55,55.0,1,0,0
2026-09-09 05:25:00,125.9,0,56,51.2,1,0,0
2026-09-09 05:30:00,122.6,0,56,55.5,1,0,0
2026-09-09 05:35:00,122.6,0,54,53.3,1,0,0
2026-09-09 05:40:00,120.9,0,56,53.9,1,0,0
2026-09-09 05:45:00,120.6,1,57,54.5,1,0,0
2026-09-09 05:50:00,120.0,0,51,51.2,1,0,0
2026-09-09 05:55:00,116.2,0,56,53.2,1,0,0
2026-09-09 06:00:00,118.7,0,54,50.0,1,0,0
2026-09-09 06:05:00,118.6,1,56,51.9,1,0,0
2026-09-09 06:10:00,118.5,0,54,52.3,1,0,0
2026-09-09 06:15:00,119.1,0,51,53.7,1,0,0
2026-09-09 06:20:00,117.4,0,53,53.3,1,0,0
2026-09-09 06:25:00,119.4,0,53,52.6,1,0,0
2026-09-09 06:30:00,119.6,0,54,50.2,1,0,0
2026-09-09 06:35:00,118.0,5,61,31.2,0,0,0
2026-09-09 06:40:00,117.3,12,67,29.6,0,0,0
2026-09-09 06:45:00,119.9,6,63,31.6,0,0,0
2026-09-09 06:50:00,117.5,8,64,30.5,0,0,0
2026-09-09 06:55:00,115.7,23,64,34.1,0,0,0
2026-09-09 07:00:00,113.7,7,66,29.8,0,0,0
2026-09-09 07:05:00,114.0,9,60,30.9,0,0,0
2026-09-09 07:10:00,113.0,10,67,33.9,0,0,0
2026-09-09 07:15:00,112.2,9,64,31.7,0,0,0
2026-09-09 07:20:00,117.4,8,60,31.3,0,0,0
2026-09-09 07:25:00,121.4,6,66,29.8,0,0,0
2026-09-09 07:30:00,119.5,5,63,30.9,0,0,0
2026-09-09 07:35:00,122.4,8,65,30.5,0,0,0
2026-09-09 07:40:00,120.8,8,63,33.4,0,0,0
2026-09-09 07:45:00,119.0,9,69,35.3,0,0,0
2026-09-09 07:50:00,118.3,6,64,37.5,0,0,0
2026-09-09 07:55:00,114.6,6,64,30.0,0,33,50
2026-09-09 08:00:00,115.5,5,67,37.7,0,0,0
2026-09-09 08:05:00,117.4,4,68,31.1,0,0,0
2026-09-09 08:10:00,119.6,6,67,30.5,0,0,0
2026-09-09 08:15:00,117.3,7,67,31.2,0,0,0
2026-09-09 08:20:00,118.7,10,67,32.1,0,0,0
2026-09-09 08:25:00,122.0,6,64,31.7,0,0,0
2026-09-09 08:30:00,121.6,5,61,29.6,0,0,0
2026-09-09 08:35:00,121.6,5,62,33.3,0,0,0
2026-09-09 08:40:00,122.7,13,61,33.7,0,0,0
2026-09-09 08:45:00,120.7,3,57,30.8,0,0,0
2026-09-09 08:50:00,121.0,8,62,32.9,0,0,0
2026-09-09 08:55:00,121.7,7,67,29.8,0,0,0
2026-09-09 09:00:00,118.1,9,64,34.3,0,0,0
2026-09-09 09:05:00,120.1,15,63,36.3,0,0,0
2026-09-09 09:10:00,120.8,12,64,33.6,0,0,0
2026-09-09 09:15:00,126.0,5,62,30.6,0,0,0
2026-09-09 09:20:00,129.0,8,65,32.2,0,0,0
2026-09-09 09:25:00,124.4,10,63,31.5,0,0,0
2026-09-09 09:30:00,125.6,13,65,30.6,0,0,0
2026-09-09 09:35:00,124.3,9,66,30.4,0,0,0
2026-09-09 09:40:00,123.7,3,62,33.5,0,0,0
2026-09-09 09:45:00,124.4,11,64,33.1,0,0,0
2026-09-09 09:50:00,123.2,16,60,33.2,0,0,0
2026-09-09 09:55:00,120.8,12,67,32.4,0,0,0
2026-09-09 10:00:00,120.1,9,64,29.7,0,0,0
2026-09-09 10:05:00,120.7,1,64,30.9,0,0,0
2026-09-09 10:10:00,121.7,7,61,32.0,0,0,0
2026-09-09 10:15:00,121.6,23,63,30.0,0,0,0
2026-09-09 10:20:00,118.8,5,72,30.8,0,0,0
2026-09-09 10:25:00,118.9,6,62,34.1,0,0,0
2026-09-09 10:30:00,119.7,5,62,34.7,0,0,0
2026-09-09 10:35:00,120.8,7,64,31.3,0,0,0
2026-09-09 10:40:00,121.9,7,62,33.6,0,0,0
2026-09-09 10:45:00,123.8,8,66,33.0,0,0,0
2026-09-09 10:50:00,123.5,4,61,32.2,0,0,0
2026-09-09 10:55:00,123.7,4,63,30.0,0,0,0
2026-09-09 11:00:00,122.1,10,62,28.7,0,0,0
2026-09-09 11:05:00,121.4,6,60,31.5,0,0,0
2026-09-09 11:10:00,117.3,7,63,32.8,0,0,0
2026-09-09 11:15:00,118.9,8,62,35.0,0,0,0
2026-09-09 11:20:00,121.8,4,63,34.8,0,0,0
2026-09-09 11:25:00,118.5,12,63,34.6,0,0,0
2026-09-09 11:30:00,120.2,9,64,30.7,0,0,0
2026-09-09 11:35:00,115.3,14,62,31.4,0,0,0
2026-09-09 11:40:00,117.1,9,67,33.4,0,0,0
2026-09-09 11:45:00,116.8,2,60,31.2,0,0,0
2026-09-09 11:50:00,116.3,10,63,35.8,0,0,0
2026-09-09 11:55:00,114.2,12,64,37.8,0,0,0
2026-09-09 12:00:00,114.1,20,62,35.7,0,0,0
2026-09-09 12:05:00,117.1,7,67,34.6,0,0,0
2026-09-09 12:10:00,116.1,6,61,31.7,0,0,0
2026-09-09 12:15:00,115.5,10,63,30.3,0,0,0
2026-09-09 12:20:00,117.5,15,65,34.1,0,0,0
2026-09-09 12:25:00,121.1,12,63,36.7,0,0,0
2026-09-09 12:30:00,119.4,5,61,30.2,0,0,0
2026-09-09 12:35:00,120.0,5,60,32.4,0,0,0
2026-09-09 12:40:00,119.4,13,64,33.4,0,0,0
2026-09-09 12:45:00,116.1,3,64,30.6,0,0,0
2026-09-09 12:50:00,119.4,12,64,32.9,0,0,0
2026-09-09 12:55:00,118.6,13,64,29.7,0,0,0
2026-09-09 13:00:00,116.2,13,63,32.8,0,0,0
2026-09-09 13:05:00,110.2,12,63,32.9,0,0,0
2026-09-09 13:10:00,109.4,15,70,34.9,0,78,68
2026-09-09 13:15:00,115.7,4,68,35.0,0,0,0
2026-09-09 13:20:00,122.7,11,66,33.1,0,0,0
2026-09-09 13:25:00,128.6,10,65,31.6,0,0,0
2026-09-09 13:30:00,129.3,16,67,37.3,0,0,0
2026-09-09 13:35:00,131.5,12,68,29.6,0,0,0
2026-09-09 13:40:00,131.8,421,86,34.1,0,0,0
2026-09-09 13:45:00,134.8,427,90,33.0,0,0,0
2026-09-09 13:50:00,135.3,427,91,30.6,0,0,0
2026-09-09 13:55:00,137.2,425,86,31.1,0,0,0
2026-09-09 14:00:00,136.1,3,62,31.9,0,0,0
2026-09-09 14:05:00,136.4,8,62,35.2,0,0,0
2026-09-09 14:10:00,137.1,7,63,31.8,0,0,0
2026-09-09 14:15:00,138.1,8,62,32.9,0,0,0
2026-09-09 14:20:00,136.5,6,63,31.4,0,0,0
2026-09-09 14:25:00,138.4,6,65,31.7,0,0,0
2026-09-09 14:30:00,138.2,6,65,32.3,0,0,0
2026-09-09 14:35:00,137.4,15,63,32.0,0,0,0
2026-09-09 14:40:00,134.7,4,64,29.7,0,0,0
2026-09-09 14:45:00,134.4,2,64,34.7,0,0,0
2026-09-09 14:50:00,131.1,2,62,31.3,0,0,0
2026-09-09 14:55:00,133.1,13,66,31.0,0,0,0
2026-09-09 15:00:00,134.6,7,66,30.0,0,0,0
2026-09-09 15:05:00,132.5,3,65,33.9,0,0,0
2026-09-09 15:10:00,130.5,14,65,31.7,0,0,0
2026-09-09 15:15:00,127.2,5,61,36.5,0,0,0
2026-09-09 15:20:00,127.3,9,65,28.6,0,0,0
2026-09-09 15:25:00,124.0,14,65,34.0,0,0,0
2026-09-09 15:30:00,123.0,22,63,34.7,0,0,0
2026-09-09 15:35:00,124.0,9,61,35.8,0,0,0
2026-09-09 15:40:00,123.8,9,64,33.0,0,0,0
2026-09-09 15:45:00,126.3,14,64,32.6,0,0,0
2026-09-09 15:50:00,125.8,13,64,35.4,0,0,0
2026-09-09 15:55:00,128.8,15,64,30.4,0,0,0
2026-09-09 16:00:00,126.5,10,65,33.0,0,0,0
2026-09-09 16:05:00,126.5,1,66,35.5,0,0,0
2026-09-09 16:10:00,129.2,13,64,36.6,0,0,0
2026-09-09 16:15:00,125.9,3,61,34.1,0,0,0
2026-09-09 16:20:00,123.9,9,62,32.6,0,0,0
2026-09-09 16:25:00,119.3,10,63,34.5,0,0,0
2026-09-09 16:30:00,119.5,4,64,33.5,0,0,0
2026-09-09 16:35:00,122.0,8,67,35.1,0,0,0
2026-09-09 16:40:00,121.8,6,68,32.0,0,0,0
2026-09-09 16:45:00,118.4,8,61,32.1,0,0,0
2026-09-09 16:50:00,116.1,3,64,31.2,0,0,0
2026-09-09 16:55:00,114.4,8,64,32.0,0,0,0
2026-09-09 17:00:00,113.9,8,66,34.1,0,0,0
2026-09-09 17:05:00,115.5,4,63,29.5,0,0,0
2026-09-09 17:10:00,114.9,6,67,33.6,0,0,0
2026-09-09 17:15:00,119.2,3,66,28.2,0,0,0
2026-09-09 17:20:00,118.6,4,63,32.8,0,0,0
2026-09-09 17:25:00,117.8,9,67,31.3,0,0,0
2026-09-09 17:30:00,114.6,4,63,30.7,0,0,0
2026-09-09 17:35:00,114.7,10,66,34.4,0,0,0
2026-09-09 17:40:00,118.9,2,64,31.3,0,0,0
2026-09-09 17:45:00,121.5,3,64,28.5,0,0,0
2026-09-09 17:50:00,121.4,7,61,35.1,0,0,0
2026-09-09 17:55:00,117.4,9,60,31.5,0,0,0
2026-09-09 18:00:00,116.9,11,64,32.9,0,0,0
2026-09-09 18:05:00,116.0,6,66,35.2,0,0,0
2026-09-09 18:10:00,118.3,3,61,34.5,0,0,0
2026-09-09 18:15:00,120.1,4,64,31.1,0,0,0
2026-09-09 18:20:00,118.1,4,62,30.1,0,0,0
2026-09-09 18:25:00,116.2,13,65,31.9,0,0,0
2026-09-09 18:30:00,116.5,3,61,30.3,0,0,0
2026-09-09 18:35:00,119.4,8,59,30.4,0,0,0
2026-09-09 18:40:00,118.8,12,64,31.5,0,0,0
2026-09-09 18:45:00,115.6,8,61,32.7,0,0,0
2026-09-09 18:50:00,115.2,9,65,31.2,0,0,0
2026-09-09 18:55:00,113.8,9,64,31.5,0,0,0
2026-09-09 19:00:00,115.7,9,62,34.5,0,0,0
2026-09-09 19:05:00,116.2,7,62,32.9,0,0,0
2026-09-09 19:10:00,111.8,10,65,31.5,0,0,0
2026-09-09 19:15:00,109.9,15,64,34.5,0,0,0
2026-09-09 19:20:00,112.3,22,68,32.1,0,0,0
2026-09-09 19:25:00,111.3,14,62,30.7,0,0,0
2026-09-09 19:30:00,111.6,5,57,30.8,0,0,0
2026-09-09 19:35:00,114.5,7,67,33.0,0,0,0
2026-09-09 19:40:00,114.8,11,61,33.1,0,0,0
2026-09-09 19:45:00,112.7,9,64,30.6,0,0,0
2026-09-09 19:50:00,115.8,10,62,30.8,0,0,0
2026-09-09 19:55:00,116.7,6,61,34.7,0,0,0
2026-09-09 20:00:00,117.4,9,63,33.1,0,0,0
2026-09-09 20:05:00,118.0,16,67,34.1,0,0,0
2026-09-09 20:10:00,118.0,8,65,31.1,0,0,0
2026-09-09 20:15:00,118.9,8,63,33.8,0,0,0
2026-09-09 20:20:00,116.2,26,63,35.4,0,0,0
2026-09-09 20:25:00,119.5,3,64,31.6,0,0,0
2026-09-09 20:30:00,119.7,8,63,29.8,0,0,0
2026-09-09 20:35:00,115.5,16,61,32.9,0,0,0
2026-09-09 20:40:00,114.6,3,64,34.6,0,0,0
2026-09-09 20:45:00,118.3,12,62,32.0,0,0,0
2026-09-09 20:50:00,120.1,2,65,30.9,0,0,0
2026-09-09 20:55:00,120.1,10,61,31.6,0,0,0
2026-09-09 21:00:00,120.0,8,65,30.5,0,0,0
2026-09-09 21:05:00,119.6,13,63,33.4,0,0,0
2026-09-09 21:10:00,114.2,6,64,32.2,0,0,0
2026-09-09 21:15:00,116.2,18,70,32.5,0,98,75
2026-09-09 21:20:00,129.8,2,62,30.9,0,0,0
2026-09-09 21:25:00,137.3,9,65,33.9,0,0,0
2026-09-09 21:30:00,145.0,9,64,33.1,0,0,0
2026-09-09 21:35:00,152.4,1,66,33.9,0,0,0
2026-09-09 21:40:00,153.9,5,68,35.0,0,0,0
2026-09-09 21:45:00,156.5,7,63,32.7,0,0,0
2026-09-09 21:50:00,156.0,3,63,33.8,0,0,0
2026-09-09 21:55:00,155.7,7,68,29.2,0,0,0
2026-09-09 22:00:00,155.1,6,56,32.3,0,0,0
2026-09-09 22:05:00,158.5,2,64,31.4,0,0,0
2026-09-09 22:10:00,159.0,7,62,36.4,0,0,0
2026-09-09 22:15:00,157.0,7,62,28.9,0,0,0
2026-09-09 22:20:00,156.1,10,61,32.8,0,0,0
2026-09-09 22:25:00,154.8,10,62,32.6,0,0,0
2026-09-09 22:30:00,153.5,14,60,35.3,0,0,0
2026-09-09 22:35:00,151.4,12,67,33.1,0,0,0
2026-09-09 22:40:00,151.2,16,64,34.4,0,0,0
2026-09-09 22:45:00,151.1,10,65,30.5,0,0,0
2026-09-09 22:50:00,148.5,11,65,35.3,0,0,0
2026-09-09 22:55:00,144.1,5,64,32.7,0,0,0
2026-09-09 23:00:00,140.5,4,65,33.9,0,0,0
2026-09-09 23:05:00,143.7,13,65,32.1,0,0,0
2026-09-09 23:10:00,138.0,3,62,32.3,0,0,0
2026-09-09 23:15:00,135.7,9,65,31.0,0,0,0
2026-09-09 23:20:00,134.7,9,63,30.1,0,0,0
2026-09-09 23:25:00,133.6,13,63,32.6,0,0,0
2026-09-09 23:30:00,131.3,7,66,32.9,0,0,0
2026-09-09 23:35:00,129.8,2,62,34.5,0,0,0
2026-09-09 23:40:00,128.9,4,63,34.2,0,0,0
2026-09-09 23:45:00,130.2,1,59,35.5,0,0,0
2026-09-09 23:50:00,128.8,9,63,30.9,0,0,0
2026-09-09 23:55:00,128.4,8,69,32.1,0,0,0
2026-09-10 00:00:00,128.4,14,61,32.1,0,0,0
2026-09-10 00:05:00,129.9,5,65,36.5,0,0,0
2026-09-10 00:10:00,127.7,12,65,31.3,0,0,0
2026-09-10 00:15:00,125.8,13,67,30.2,0,0,0
2026-09-10 00:20:00,132.6,0,54,55.0,1,0,0
2026-09-10 00:25:00,130.7,1,56,53.0,1,0,0
2026-09-10 00:30:00,130.0,0,58,53.7,1,0,0
2026-09-10 00:35:00,130.9,0,58,53.1,1,0,0
2026-09-10 00:40:00,128.9,2,53,53.5,1,0,0
2026-09-10 00:45:00,129.6,1,58,53.7,1,0,0
2026-09-10 00:50:00,129.7,2,56,52.4,1,0,0
2026-09-10 00:55:00,126.2,1,57,51.6,1,0,0
2026-09-10 01:00:00,123.2,0,52,53.0,1,0,0
2026-09-10 01:05:00,123.2,0,53,54.4,1,0,0
2026-09-10 01:10:00,121.5,0,59,50.3,1,0,0
2026-09-10 01:15:00,118.8,0,56,54.8,1,0,0
2026-09-10 01:20:00,119.2,0,54,53.2,1,0,0
2026-09-10 01:25:00,122.0,0,58,52.0,1,0,0
2026-09-10 01:30:00,121.7,0,56,53.6,1,0,0
2026-09-10 01:35:00,119.2,0,53,51.1,1,0,0
2026-09-10 01:40:00,121.3,2,52,49.3,1,0,0
2026-09-10 01:45:00,120.1,0,50,49.9,1,0,0
2026-09-10 01:50:00,123.9,0,53,47.4,1,0,0
2026-09-10 01:55:00,126.1,0,54,51.2,1,0,0
2026-09-10 02:00:00,126.6,1,59,49.5,1,0,0
2026-09-10 02:05:00,126.0,0,56,55.3,1,0,0
2026-09-10 02:10:00,126.2,0,52,54.7,1,0,0
2026-09-10 02:15:00,121.2,0,54,52.9,1,0,0
2026-09-10 02:20:00,116.5,0,54,50.6,1,0,0
2026-09-10 02:25:00,122.9,1,54,56.1,1,0,0
2026-09-10 02:30:00,124.5,2,59,47.7,1,0,0
2026-09-10 02:35:00,123.6,0,54,50.2,1,0,0
2026-09-10 02:40:00,121.4,2,58,49.8,1,0,0
2026-09-10 02:45:00,119.4,1,55,55.1,1,0,0
2026-09-10 02:50:00,118.0,0,54,53.9,1,0,0
2026-09-10 02:55:00,117.3,2,56,51.6,1,0,0
2026-09-10 03:00:00,114.7,0,58,51.7,1,0,0
2026-09-10 03:05:00,115.3,0,57,50.2,1,0,0
2026-09-10 03:10:00,117.6,0,59,56.1,1,0,0
2026-09-10 03:15:00,118.1,2,53,53.5,1,0,0
2026-09-10 03:20:00,118.6,0,53,50.3,1,0,0
2026-09-10 03:25:00,117.1,0,53,50.5,1,0,0
2026-09-10 03:30:00,116.9,0,52,53.2,1,0,0
2026-09-10 03:35:00,114.8,0,58,50.3,1,0,0
2026-09-10 03:40:00,114.4,0,55,48.9,1,0,0
2026-09-10 03:45:00,117.4,0,54,51.9,1,0,0
2026-09-10 03:50:00,116.5,0,56,53.0,1,0,0
2026-09-10 03:55:00,118.6,0,55,53.4,1,0,0
2026-09-10 04:00:00,117.5,1,55,50.9,1,0,0
2026-09-10 04:05:00,120.1,2,58,53.8,1,0,0
2026-09-10 04:10:00,123.5,0,55,49.9,1,0,0
2026-09-10 04:15:00,120.6,0,55,55.1,1,0,0
2026-09-10 04:20:00,121.2,1,58,49.7,1,0,0
2026-09-10 04:25:00,123.9,0,52,49.7,1,0,0
2026-09-10 04:30:00,126.8,1,53,53.6,1,0,0
2026-09-10 04:35:00,125.1,0,56,49.6,1,0,0
2026-09-10 04:40:00,121.9,0,54,51.1,1,0,0
2026-09-10 04:45:00,118.9,1,53,53.9,1,0,0
2026-09-10 04:50:00,119.7,0,56,55.2,1,0,0
2026-09-10 04:55:00,122.1,0,53,54.7,1,0,0
2026-09-10 05:00:00,124.1,0,57,51.0,1,0,0
2026-09-10 05:05:00,122.6,0,52,55.1,1,0,0
2026-09-10 05:10:00,122.2,1,54,52.4,1,0,0
2026-09-10 05:15:00,122.3,1,58,52.9,1,0,0
2026-09-10 05:20:00,123.6,0,55,48.1,1,0,0
2026-09-10 05:25:00,124.6,0,58,54.0,1,0,0
2026-09-10 05:30:00,126.4,0,53,50.2,1,0,0
2026-09-10 05:35:00,127.0,0,57,50.2,1,0,0
2026-09-10 05:40:00,127.6,0,56,54.8,1,0,0
2026-09-10 05:45:00,128.7,0,56,55.0,1,0,0
2026-09-10 05:50:00,130.4,0,53,52.3,1,0,0
2026-09-10 05:55:00,130.4,0,55,52.8,1,0,0
2026-09-10 06:00:00,129.4,0,57,52.1,1,0,0
2026-09-10 06:05:00,129.4,0,54,54.2,1,0,0
2026-09-10 06:10:00,131.3,0,53,53.4,1,0,0
2026-09-10 06:15:00,128.5,0,53,54.8,1,0,0
2026-09-10 06:20:00,127.1,0,56,52.4,1,0,0
2026-09-10 06:25:00,126.1,0,54,53.3,1,0,0
2026-09-10 06:30:00,123.4,0,56,50.9,1,0,0
2026-09-10 06:35:00,126.8,10,61,29.3,0,0,0
2026-09-10 06:40:00,127.5,7,65,33.5,0,0,0
2026-09-10 06:45:00,124.2,6,62,30.5,0,0,0
2026-09-10 06:50:00,127.1,5,62,30.3,0,0,0
2026-09-10 06:55:00,127.0,4,62,34.7,0,0,0
2026-09-10 07:00:00,126.8,8,61,36.8,0,0,0
2026-09-10 07:05:00,126.3,10,68,31.9,0,0,0
2026-09-10 07:10:00,123.3,5,63,32.3,0,0,0
2026-09-10 07:15:00,124.5,21,66,32.6,0,0,0
2026-09-10 07:20:00,126.5,4,64,31.2,0,0,0
2026-09-10 07:25:00,123.4,4,65,32.9,0,0,0
2026-09-10 07:30:00,122.0,11,65,30.0,0,0,0
2026-09-10 07:35:00,120.7,10,67,30.7,0,0,0
2026-09-10 07:40:00,117.1,6,59,33.9,0,0,0
2026-09-10 07:45:00,114.0,7,66,30.3,0,0,0
2026-09-10 07:50:00,112.4,6,62,31.3,0,0,0
2026-09-10 07:55:00,114.4,12,63,33.2,0,0,0
2026-09-10 08:00:00,115.0,9,66,30.9,0,0,0
2026-09-10 08:05:00,117.1,10,66,31.8,0,0,0
2026-09-10 08:10:00,114.6,6,66,33.9,0,0,0
2026-09-10 08:15:00,113.5,6,67,34.6,0,30,55
2026-09-10 08:20:00,120.8,12,66,33.2,0,0,0
2026-09-10 08:25:00,122.9,5,66,35.9,0,0,0
2026-09-10 08:30:00,126.4,14,63,32.6,0,0,0
2026-09-10 08:35:00,125.4,15,65,32.6,0,0,0
2026-09-10 08:40:00,127.6,9,66,27.4,0,0,0
2026-09-10 08:45:00,130.1,4,63,34.3,0,0,0
2026-09-10 08:50:00,130.1,10,62,33.2,0,0,0
2026-09-10 08:55:00,131.1,3,62,32.6,0,0,0
2026-09-10 09:00:00,127.9,9,61,30.5,0,0,0
2026-09-10 09:05:00,127.6,6,66,30.8,0,0,0
2026-09-10 09:10:00,130.2,6,67,28.6,0,0,0
2026-09-10 09:15:00,128.2,11,66,30.7,0,0,0
2026-09-10 09:20:00,129.6,13,62,32.2,0,0,0
2026-09-10 09:25:00,128.3,7,63,33.0,0,0,0
2026-09-10 09:30:00,126.8,13,63,31.2,0,0,0
2026-09-10 09:35:00,123.9,13,61,32.8,0,0,0
2026-09-10 09:40:00,124.4,12,64,33.3,0,0,0
2026-09-10 09:45:00,125.5,5,63,29.7,0,0,0
2026-09-10 09:50:00,126.6,4,61,31.1,0,0,0
2026-09-10 09:55:00,127.0,6,65,36.1,0,0,0
2026-09-10 10:00:00,127.0,6,65,33.7,0,0,0
2026-09-10 10:05:00,121.2,7,63,31.7,0,0,0
2026-09-10 10:10:00,121.8,13,65,35.5,0,0,0
2026-09-10 10:15:00,123.1,6,65,34.3,0,0,0
2026-09-10 10:20:00,120.4,11,62,34.4,0,0,0
2026-09-10 10:25:00,120.9,13,64,33.2,0,0,0
2026-09-10 10:30:00,119.2,14,63,31.7,0,0,0
2026-09-10 10:35:00,117.3,8,63,33.1,0,0,0
2026-09-10 10:40:00,118.6,9,61,32.2,0,0,0
2026-09-10 10:45:00,118.4,15,61,30.7,0,0,0
2026-09-10 10:50:00,119.0,8,65,31.3,0,0,0
2026-09-10 10:55:00,119.4,7,64,32.0,0,0,0
2026-09-10 11:00:00,115.4,5,62,30.0,0,0,0
2026-09-10 11:05:00,117.3,9,64,33.2,0,0,0
2026-09-10 11:10:00,116.2,6,63,37.1,0,0,0
2026-09-10 11:15:00,115.0,6,60,28.7,0,0,0
2026-09-10 11:20:00,117.0,1,63,33.5,0,0,0
2026-09-10 11:25:00,119.3,18,64,31.4,0,0,0
2026-09-10 11:30:00,120.6,19,65,32.5,0,0,0
2026-09-10 11:35:00,121.6,15,62,33.8,0,0,0
2026-09-10 11:40:00,122.5,3,61,32.5,0,0,0
2026-09-10 11:45:00,123.1,8,62,30.6,0,0,0
2026-09-10 11:50:00,123.7,5,65,30.6,0,0,0
2026-09-10 11:55:00,122.5,8,61,29.4,0,0,0
2026-09-10 12:00:00,122.6,4,66,35.5,0,0,0
2026-09-10 12:05:00,119.9,6,61,28.1,0,0,0
2026-09-10 12:10:00,119.6,13,61,32.7,0,0,0
2026-09-10 12:15:00,114.9,4,67,31.9,0,0,0
2026-09-10 12:20:00,115.6,5,62,31.5,0,0,0
2026-09-10 12:25:00,114.8,9,63,33.1,0,0,0
2026-09-10 12:30:00,115.9,2,61,31.7,0,0,0
2026-09-10 12:35:00,116.3,9,64,32.4,0,0,0
2026-09-10 12:40:00,112.7,13,62,30.9,0,0,0
2026-09-10 12:45:00,112.9,12,62,32.4,0,0,0
2026-09-10 12:50:00,111.0,12,64,30.0,0,0,0
2026-09-10 12:55:00,109.9,17,62,32.4,0,0,0
2026-09-10 13:00:00,110.3,6,60,32.8,0,0,0
2026-09-10 13:05:00,112.5,9,64,29.2,0,0,0
2026-09-10 13:10:00,114.6,5,63,32.5,0,0,0
2026-09-10 13:15:00,113.7,16,63,28.8,0,0,0
2026-09-10 13:20:00,110.6,10,65,31.9,0,0,0
2026-09-10 13:25:00,113.5,7,64,33.9,0,0,0
2026-09-10 13:30:00,115.2,3,67,28.5,0,0,0
2026-09-10 13:35:00,116.5,3,68,33.6,0,0,0
2026-09-10 13:40:00,113.8,7,62,33.5,0,0,0
2026-09-10 13:45:00,116.8,4,66,33.0,0,0,0
2026-09-10 13:50:00,117.9,7,67,31.8,0,99,70
2026-09-10 13:55:00,127.6,2,65,31.1,0,0,0
2026-09-10 14:00:00,132.9,7,64,34.1,0,0,0
2026-09-10 14:05:00,134.9,497,99,36.0,0,0,0
2026-09-10 14:10:00,138.8,508,96,31.2,0,0,0
2026-09-10 14:15:00,144.4,6,67,33.4,0,0,0
2026-09-10 14:20:00,144.1,13,62,33.3,0,0,0
2026-09-10 14:25:00,146.9,5,61,33.2,0,0,0
2026-09-10 14:30:00,144.9,5,62,34.4,0,0,0
2026-09-10 14:35:00,143.4,7,63,34.8,0,0,0
2026-09-10 14:40:00,144.1,11,65,37.8,0,0,0
2026-09-10 14:45:00,146.0,12,69,34.1,0,0,0
2026-09-10 14:50:00,144.9,7,62,31.9,0,0,0
2026-09-10 14:55:00,143.1,6,63,32.6,0,0,0
2026-09-10 15:00:00,140.1,9,63,32.6,0,0,0
2026-09-10 15:05:00,136.7,11,66,33.1,0,0,0
2026-09-10 15:10:00,135.5,12,66,32.0,0,0,0
2026-09-10 15:15:00,133.8,4,65,29.7,0,0,0
2026-09-10 15:20:00,136.2,9,65,34.5,0,0,0
2026-09-10 15:25:00,134.8,9,62,36.1,0,0,0
2026-09-10 15:30:00,132.7,8,61,32.8,0,0,0
2026-09-10 15:35:00,127.5,4,64,32.3,0,0,0
2026-09-10 15:40:00,127.9,6,63,34.8,0,0,0
2026-09-10 15:45:00,130.1,21,68,31.9,0,0,0
2026-09-10 15:50:00,127.4,21,62,31.9,0,0,0
2026-09-10 15:55:00,127.7,26,63,32.5,0,0,0
2026-09-10 16:00:00,130.6,6,63,30.3,0,0,0
2026-09-10 16:05:00,130.5,1,64,32.8,0,0,0
2026-09-10 16:10:00,128.1,4,63,36.9,0,0,0
2026-09-10 16:15:00,126.6,4,64,33.7,0,0,0
2026-09-10 16:20:00,124.6,4,63,33.0,0,0,0
2026-09-10 16:25:00,127.3,9,66,29.5,0,0,0
2026-09-10 16:30:00,126.2,4,65,30.4,0,0,0
2026-09-10 16:35:00,124.7,8,62,34.2,0,0,0
2026-09-10 16:40:00,122.6,15,69,34.6,0,0,0
2026-09-10 16:45:00,120.9,7,63,35.5,0,0,0
2026-09-10 16:50:00,123.6,7,65,33.2,0,0,0
2026-09-10 16:55:00,121.6,1,65,31.5,0,0,0
2026-09-10 17:00:00,122.7,5,66,35.9,0,0,0
2026-09-10 17:05:00,125.9,12,64,32.4,0,0,0
2026-09-10 17:10:00,124.0,6,63,31.8,0,0,0
2026-09-10 17:15:00,120.1,0,70,30.4,0,0,0
2026-09-10 17:20:00,118.0,9,67,29.1,0,0,0
2026-09-10 17:25:00,119.7,19,64,32.0,0,0,0
2026-09-10 17:30:00,114.8,6,63,35.6,0,0,0
2026-09-10 17:35:00,117.2,4,60,34.6,0,0,0
2026-09-10 17:40:00,117.4,3,65,30.7,0,0,0
2026-09-10 17:45:00,120.6,10,67,34.4,0,13,35
2026-09-10 17:50:00,122.2,7,67,32.1,0,0,0
2026-09-10 17:55:00,120.4,12,64,36.3,0,0,0
2026-09-10 18:00:00,122.8,6,67,31.7,0,0,0
2026-09-10 18:05:00,124.4,14,69,35.9,0,0,0
2026-09-10 18:10:00,123.9,11,65,29.6,0,0,0
2026-09-10 18:15:00,122.2,16,62,35.9,0,0,0
2026-09-10 18:20:00,120.1,5,63,33.9,0,0,0
2026-09-10 18:25:00,118.2,9,65,36.7,0,0,0
2026-09-10 18:30:00,121.4,17,66,33.6,0,0,0
2026-09-10 18:35:00,122.8,9,64,31.7,0,0,0
2026-09-10 18:40:00,120.5,7,65,32.6,0,0,0
2026-09-10 18:45:00,122.0,6,61,32.4,0,0,0
2026-09-10 18:50:00,121.9,13,66,32.7,0,0,0
2026-09-10 18:55:00,121.1,344,83,30.9,0,0,0
2026-09-10 19:00:00,122.6,337,84,31.7,0,0,0
2026-09-10 19:05:00,123.5,343,82,32.5,0,0,0
2026-09-10 19:10:00,125.5,8,66,31.1,0,0,0
2026-09-10 19:15:00,124.6,5,65,33.4,0,0,0
2026-09-10 19:20:00,123.2,4,67,35.6,0,0,0
2026-09-10 19:25:00,123.5,20,66,31.1,0,0,0
2026-09-10 19:30:00,121.7,9,61,32.8,0,0,0
2026-09-10 19:35:00,119.7,11,65,29.6,0,0,0
2026-09-10 19:40:00,117.2,6,65,33.3,0,0,0
2026-09-10 19:45:00,119.3,11,64,31.3,0,0,0
2026-09-10 19:50:00,119.2,3,64,34.2,0,0,0
2026-09-10 19:55:00,116.4,17,63,33.4,0,0,0
2026-09-10 20:00:00,120.3,6,62,35.9,0,0,0
2026-09-10 20:05:00,121.1,4,62,28.8,0,0,0
2026-09-10 20:10:00,120.4,5,63,30.4,0,0,0
2026-09-10 20:15:00,123.8,2,65,32.4,0,0,0
2026-09-10 20:20:00,122.0,1,62,33.3,0,0,0
2026-09-10 20:25:00,126.7,6,63,32.8,0,0,0
2026-09-10 20:30:00,122.4,7,62,30.0,0,0,0
2026-09-10 20:35:00,127.3,5,66,29.6,0,0,0
2026-09-10 20:40:00,128.2,6,60,30.4,0,0,0
2026-09-10 20:45:00,126.4,11,65,31.3,0,0,0
2026-09-10 20:50:00,126.8,12,68,29.6,0,48,50
2026-09-10 20:55:00,127.6,7,69,30.4,0,0,0
2026-09-10 21:00:00,127.0,4,69,33.9,0,0,0
2026-09-10 21:05:00,128.3,406,91,34.8,0,0,0
2026-09-10 21:10:00,127.1,408,92,32.2,0,0,0
2026-09-10 21:15:00,129.3,9,70,29.9,0,0,0
2026-09-10 21:20:00,126.5,3,64,33.3,0,0,0
2026-09-10 21:25:00,128.5,11,61,33.9,0,0,0
2026-09-10 21:30:00,128.9,4,64,34.1,0,0,0
2026-09-10 21:35:00,128.3,8,60,33.0,0,0,0
2026-09-10 21:40:00,129.2,2,62,29.6,0,0,0
2026-09-10 21:45:00,131.2,10,60,32.0,0,0,0
2026-09-10 21:50:00,130.9,16,64,34.6,0,0,0
2026-09-10 21:55:00,133.4,4,65,36.0,0,0,0
2026-09-10 22:00:00,132.5,9,62,31.6,0,0,0
2026-09-10 22:05:00,132.0,5,64,31.8,0,0,0
2026-09-10 22:10:00,131.9,15,63,32.2,0,0,0
2026-09-10 22:15:00,130.4,1,66,32.2,0,0,0
2026-09-10 22:20:00,129.2,6,62,31.3,0,0,0
2026-09-10 22:25:00,128.2,10,66,33.6,0,0,0
2026-09-10 22:30:00,130.9,10,62,34.1,0,0,0
2026-09-10 22:35:00,131.5,12,63,35.3,0,0,0
2026-09-10 22:40:00,130.9,7,65,27.1,0,0,0
2026-09-10 22:45:00,127.5,1,57,48.8,1,0,0
2026-09-10 22:50:00,124.2,0,52,55.8,1,0,0
2026-09-10 22:55:00,124.0,0,54,53.3,1,0,0
2026-09-10 23:00:00,122.7,0,55,50.0,1,0,0
2026-09-10 23:05:00,125.0,0,56,51.2,1,0,0
2026-09-10 23:10:00,125.3,0,55,52.1,1,0,0
2026-09-10 23:15:00,126.2,0,56,52.0,1,0,0
2026-09-10 23:20:00,126.0,0,56,49.1,1,0,0
2026-09-10 23:25:00,127.2,1,57,52.5,1,0,0
2026-09-10 23:30:00,123.8,0,56,51.4,1,0,0
2026-09-10 23:35:00,121.9,0,61,53.8,1,0,0
2026-09-10 23:40:00,117.4,0,58,47.8,1,0,0
2026-09-10 23:45:00,118.2,1,54,52.5,1,0,0
2026-09-10 23:50:00,119.0,1,54,49.5,1,0,0
2026-09-10 23:55:00,118.4,1,59,52.1,1,0,0
2026-09-11 00:00:00,116.7,0,53,48.9,1,0,0
2026-09-11 00:05:00,114.4,0,58,52.0,1,0,0
2026-09-11 00:10:00,117.5,0,58,51.0,1,0,0
2026-09-11 00:15:00,116.6,0,55,49.5,1,0,0
2026-09-11 00:20:00,117.0,0,54,46.6,1,0,0
2026-09-11 00:25:00,115.9,0,53,51.5,1,0,0
2026-09-11 00:30:00,117.2,0,53,51.7,1,0,0
2026-09-11 00:35:00,117.7,1,55,54.1,1,0,0
2026-09-11 00:40:00,119.0,1,57,51.8,1,0,0
2026-09-11 00:45:00,119.1,0,55,48.8,1,0,0
2026-09-11 00:50:00,119.4,0,53,51.4,1,0,0
2026-09-11 00:55:00,118.5,0,58,53.9,1,0,0
2026-09-11 01:00:00,119.4,0,53,51.8,1,0,0
2026-09-11 01:05:00,117.8,0,55,53.7,1,0,0
2026-09-11 01:10:00,116.4,0,58,49.8,1,0,0
2026-09-11 01:15:00,117.2,0,54,50.4,1,0,0
2026-09-11 01:20:00,119.1,0,57,50.2,1,0,0
2026-09-11 01:25:00,120.9,0,52,52.5,1,0,0
2026-09-11 01:30:00,122.0,0,57,51.8,1,0,0
2026-09-11 01:35:00,124.7,1,54,52.2,1,0,0
2026-09-11 01:40:00,126.2,0,57,49.4,1,0,0
2026-09-11 01:45:00,124.1,1,54,53.2,1,0,0
2026-09-11 01:50:00,127.3,0,53,51.0,1,0,0
2026-09-11 01:55:00,127.5,1,54,52.0,1,0,0
2026-09-11 02:00:00,130.3,1,54,53.2,1,0,0
2026-09-11 02:05:00,128.1,0,55,52.7,1,0,0
2026-09-11 02:10:00,128.9,0,57,48.7,1,0,0
2026-09-11 02:15:00,130.6,0,54,53.5,1,0,0
2026-09-11 02:20:00,131.7,1,53,51.3,1,0,0
2026-09-11 02:25:00,130.6,0,56,51.7,1,0,0
2026-09-11 02:30:00,128.2,0,60,54.4,1,0,0
2026-09-11 02:35:00,130.6,0,58,54.6,1,0,0
2026-09-11 02:40:00,130.1,0,55,51.4,1,0,0
2026-09-11 02:45:00,131.2,0,58,51.5,1,0,0
2026-09-11 02:50:00,131.6,0,55,49.8,1,0,0
2026-09-11 02:55:00,130.6,0,55,51.7,1,0,0
2026-09-11 03:00:00,130.5,0,53,46.3,1,0,0
2026-09-11 03:05:00,130.5,0,54,54.4,1,0,0
2026-09-11 03:10:00,128.1,1,57,49.9,1,0,0
2026-09-11 03:15:00,127.5,0,52,52.9,1,0,0
2026-09-11 03:20:00,129.3,0,53,51.6,1,0,0
2026-09-11 03:25:00,130.8,0,57,51.5,1,0,0
2026-09-11 03:30:00,128.9,0,53,50.8,1,0,0
2026-09-11 03:35:00,130.4,0,55,53.0,1,0,0
2026-09-11 03:40:00,126.8,0,56,48.5,1,0,0
2026-09-11 03:45:00,125.1,1,55,52.1,1,0,0
2026-09-11 03:50:00,127.6,0,55,51.0,1,0,0
2026-09-11 03:55:00,127.5,0,53,51.9,1,0,0
2026-09-11 04:00:00,128.2,0,51,51.1,1,0,0
2026-09-11 04:05:00,129.9,1,57,49.0,1,0,0
2026-09-11 04:10:00,130.9,0,55,49.5,1,0,0
2026-09-11 04:15:00,130.8,1,57,47.1,1,0,0
2026-09-11 04:20:00,131.1,0,60,49.8,1,0,0
2026-09-11 04:25:00,133.8,1,57,48.9,1,0,0
2026-09-11 04:30:00,131.1,0,52,51.7,1,0,0
2026-09-11 04:35:00,129.2,0,56,50.3,1,0,0
2026-09-11 04:40:00,129.5,0,52,49.3,1,0,0
2026-09-11 04:45:00,129.4,0,53,51.1,1,0,0
2026-09-11 04:50:00,131.0,0,55,47.8,1,0,0
2026-09-11 04:55:00,131.5,2,51,53.3,1,0,0
2026-09-11 05:00:00,130.2,0,56,50.9,1,0,0
2026-09-11 05:05:00,132.9,0,55,50.6,1,0,0
2026-09-11 05:10:00,131.3,0,55,52.0,1,0,0
2026-09-11 05:15:00,129.5,1,56,51.4,1,0,0
2026-09-11 05:20:00,128.5,0,58,52.5,1,0,0
2026-09-11 05:25:00,128.4,1,59,51.7,1,0,0
2026-09-11 05:30:00,126.7,1,54,55.4,1,0,0
2026-09-11 05:35:00,127.2,0,54,47.6,1,0,0
2026-09-11 05:40:00,129.7,0,58,49.9,1,0,0
2026-09-11 05:45:00,126.8,0,58,53.9,1,0,0
2026-09-11 05:50:00,128.4,1,60,49.7,1,0,0
2026-09-11 05:55:00,129.8,0,52,50.5,1,0,0
2026-09-11 06:00:00,127.8,0,58,49.3,1,0,0
2026-09-11 06:05:00,126.6,0,55,49.7,1,0,0
2026-09-11 06:10:00,129.8,1,53,56.3,1,0,0
2026-09-11 06:15:00,129.2,0,56,51.3,1,0,0
2026-09-11 06:20:00,128.0,0,53,49.5,1,0,0
2026-09-11 06:25:00,126.4,0,58,49.4,1,0,0
2026-09-11 06:30:00,129.8,2,56,50.5,1,0,0
2026-09-11 06:35:00,130.5,15,64,32.0,0,0,0
2026-09-11 06:40:00,128.9,5,63,29.3,0,0,0
2026-09-11 06:45:00,126.4,22,63,31.2,0,0,0
2026-09-11 06:50:00,124.8,10,65,30.2,0,0,0
2026-09-11 06:55:00,124.9,3,65,30.6,0,0,0
2026-09-11 07:00:00,126.9,6,64,30.6,0,0,0
2026-09-11 07:05:00,127.8,12,63,28.5,0,0,0
2026-09-11 07:10:00,128.3,10,64,33.7,0,0,0
2026-09-11 07:15:00,126.1,9,61,34.1,0,0,0
2026-09-11 07:20:00,124.6,1,64,31.5,0,0,0
2026-09-11 07:25:00,123.6,7,63,34.0,0,0,0
2026-09-11 07:30:00,123.3,4,65,33.8,0,0,0
2026-09-11 07:35:00,124.3,3,64,30.6,0,0,0
2026-09-11 07:40:00,124.1,18,61,33.9,0,0,0
2026-09-11 07:45:00,123.0,6,64,27.7,0,0,0
2026-09-11 07:50:00,122.1,6,63,29.8,0,0,0
2026-09-11 07:55:00,118.0,2,67,30.7,0,0,0
2026-09-11 08:00:00,122.7,13,66,32.5,0,0,0
2026-09-11 08:05:00,123.4,2,65,31.5,0,31,55
2026-09-11 08:10:00,129.1,7,67,35.0,0,0,0
2026-09-11 08:15:00,128.8,5,64,32.9,0,0,0
2026-09-11 08:20:00,130.8,14,67,30.2,0,0,0
2026-09-11 08:25:00,128.0,10,66,32.1,0,0,0
2026-09-11 08:30:00,125.6,5,66,28.1,0,0,0
2026-09-11 08:35:00,129.8,6,60,30.7,0,0,0
2026-09-11 08:40:00,131.2,4,59,32.3,0,0,0
2026-09-11 08:45:00,134.9,9,64,34.9,0,0,0
2026-09-11 08:50:00,133.3,4,65,34.9,0,0,0
2026-09-11 08:55:00,133.4,0,62,35.5,0,0,0
2026-09-11 09:00:00,131.3,12,65,30.5,0,0,0
2026-09-11 09:05:00,131.6,17,62,33.1,0,0,0
2026-09-11 09:10:00,131.7,7,60,31.4,0,0,0
2026-09-11 09:15:00,128.2,18,62,31.6,0,0,0
2026-09-11 09:20:00,126.5,15,63,34.3,0,0,0
2026-09-11 09:25:00,125.7,8,63,33.2,0,0,0
2026-09-11 09:30:00,126.4,6,62,32.8,0,0,0
2026-09-11 09:35:00,123.9,8,63,31.2,0,0,0
2026-09-11 09:40:00,124.4,4,65,31.8,0,0,0
2026-09-11 09:45:00,124.5,6,64,31.7,0,0,0
2026-09-11 09:50:00,125.7,15,60,33.0,0,0,0
2026-09-11 09:55:00,130.4,11,68,27.8,0,0,0
2026-09-11 10:00:00,129.7,5,62,29.2,0,0,0
2026-09-11 10:05:00,130.0,5,60,29.0,0,0,0
2026-09-11 10:10:00,126.0,8,64,31.5,0,0,0
2026-09-11 10:15:00,125.7,14,67,30.1,0,0,0
2026-09-11 10:20:00,125.6,10,62,31.1,0,0,0
2026-09-11 10:25:00,124.2,14,64,33.8,0,0,0
2026-09-11 10:30:00,125.0,7,68,33.0,0,0,0
2026-09-11 10:35:00,127.1,5,67,30.0,0,0,0
2026-09-11 10:40:00,122.3,8,59,28.3,0,0,0
2026-09-11 10:45:00,120.7,10,61,28.6,0,0,0
2026-09-11 10:50:00,119.4,5,64,32.7,0,0,0
2026-09-11 10:55:00,118.1,5,61,34.2,0,0,0
2026-09-11 11:00:00,118.9,10,62,33.6,0,0,0
2026-09-11 11:05:00,117.3,3,64,30.8,0,0,0
2026-09-11 11:10:00,117.7,12,60,32.3,0,0,0
2026-09-11 11:15:00,118.4,2,64,32.3,0,0,0
2026-09-11 11:20:00,117.5,10,64,32.7,0,0,0
2026-09-11 11:25:00,117.9,5,59,31.8,0,0,0
2026-09-11 11:30:00,120.0,11,62,29.2,0,0,0
2026-09-11 11:35:00,119.9,9,63,34.2,0,0,0
2026-09-11 11:40:00,115.6,13,64,34.1,0,0,0
2026-09-11 11:45:00,116.8,20,64,32.1,0,0,0
2026-09-11 11:50:00,118.2,3,64,32.2,0,0,0
2026-09-11 11:55:00,121.1,5,61,32.2,0,0,0
2026-09-11 12:00:00,121.0,12,61,29.3,0,0,0
2026-09-11 12:05:00,122.6,11,62,30.9,0,0,0
2026-09-11 12:10:00,121.7,14,67,33.6,0,0,0
2026-09-11 12:15:00,123.7,8,64,30.5,0,0,0
2026-09-11 12:20:00,123.1,3,61,31.2,0,0,0
2026-09-11 12:25:00,124.0,13,64,30.7,0,0,0
2026-09-11 12:30:00,122.6,4,62,26.5,0,0,0
2026-09-11 12:35:00,123.1,4,64,29.9,0,0,0
2026-09-11 12:40:00,120.9,6,65,33.1,0,0,0
2026-09-11 12:45:00,120.7,8,65,32.6,0,0,0
2026-09-11 12:50:00,120.0,13,66,31.5,0,0,0
2026-09-11 12:55:00,117.1,12,62,29.2,0,0,0
2026-09-11 13:00:00,116.4,3,60,30.8,0,0,0
2026-09-11 13:05:00,117.8,13,63,35.3,0,0,0
2026-09-11 13:10:00,116.5,9,64,32.0,0,0,0
2026-09-11 13:15:00,117.3,15,64,32.2,0,0,0
2026-09-11 13:20:00,112.6,1,63,32.9,0,0,0
2026-09-11 13:25:00,112.5,19,64,31.1,0,67,68
2026-09-11 13:30:00,115.8,13,65,31.4,0,0,0
2026-09-11 13:35:00,122.1,12,65,32.2,0,0,0
2026-09-11 13:40:00,123.1,499,99,31.1,0,0,0
2026-09-11 13:45:00,128.1,508,96,28.7,0,0,0
2026-09-11 13:50:00,130.0,3,65,33.3,0,0,0
2026-09-11 13:55:00,129.1,18,63,32.3,0,0,0
2026-09-11 14:00:00,131.8,10,62,31.9,0,0,0
2026-09-11 14:05:00,135.5,9,61,33.6,0,0,0
2026-09-11 14:10:00,132.3,13,62,31.0,0,0,0
2026-09-11 14:15:00,133.1,11,66,29.0,0,0,0
2026-09-11 14:20:00,132.8,15,65,31.8,0,0,0
2026-09-11 14:25:00,128.7,21,65,35.2,0,0,0
2026-09-11 14:30:00,131.8,10,61,34.9,0,0,0
2026-09-11 14:35:00,135.0,3,61,34.6,0,0,0
2026-09-11 14:40:00,134.7,13,65,28.7,0,0,0
2026-09-11 14:45:00,134.9,15,66,30.7,0,0,0
2026-09-11 14:50:00,133.6,9,70,32.6,0,0,0
2026-09-11 14:55:00,131.8,13,62,32.5,0,0,0
2026-09-11 15:00:00,129.5,6,65,31.3,0,0,0
2026-09-11 15:05:00,127.6,11,62,28.7,0,0,0
2026-09-11 15:10:00,126.0,3,65,30.7,0,0,0
2026-09-11 15:15:00,125.5,15,64,32.3,0,0,0
2026-09-11 15:20:00,124.4,352,83,30.3,0,0,0
2026-09-11 15:25:00,125.1,344,81,32.0,0,0,0
2026-09-11 15:30:00,124.4,354,87,31.4,0,0,0
2026-09-11 15:35:00,125.8,341,89,29.7,0,0,0
2026-09-11 15:40:00,125.3,3,64,30.0,0,0,0
2026-09-11 15:45:00,123.6,2,64,29.8,0,0,0
2026-09-11 15:50:00,122.5,5,64,35.2,0,0,0
2026-09-11 15:55:00,124.9,1,66,31.7,0,0,0
2026-09-11 16:00:00,125.5,7,65,33.0,0,0,0
2026-09-11 16:05:00,125.1,4,64,32.6,0,0,0
2026-09-11 16:10:00,125.6,2,63,32.0,0,0,0
2026-09-11 16:15:00,128.6,3,62,31.4,0,0,0
2026-09-11 16:20:00,126.2,2,60,29.4,0,0,0
2026-09-11 16:25:00,126.0,9,65,34.6,0,0,0
2026-09-11 16:30:00,123.2,9,61,34.2,0,0,0
2026-09-11 16:35:00,126.6,13,63,33.1,0,0,0
2026-09-11 16:40:00,125.3,10,65,30.9,0,0,0
2026-09-11 16:45:00,126.8,4,63,28.3,0,0,0
2026-09-11 16:50:00,127.0,5,65,28.7,0,0,0
2026-09-11 16:55:00,127.0,6,64,34.9,0,0,0
2026-09-11 17:00:00,126.8,10,64,35.2,0,0,0
2026-09-11 17:05:00,126.4,10,65,32.4,0,0,0
2026-09-11 17:10:00,126.0,3,63,30.0,0,0,0
2026-09-11 17:15:00,124.7,15,64,28.0,0,0,0
2026-09-11 17:20:00,123.1,8,62,31.3,0,0,0
2026-09-11 17:25:00,124.6,0,62,32.1,0,0,0
2026-09-11 17:30:00,123.2,21,61,32.1,0,0,0
2026-09-11 17:35:00,122.6,6,68,33.6,0,16,35
2026-09-11 17:40:00,124.2,38,69,28.7,0,0,0
2026-09-11 17:45:00,125.9,2,64,28.9,0,0,0
2026-09-11 17:50:00,126.7,16,68,28.6,0,0,0
2026-09-11 17:55:00,128.1,10,64,31.1,0,0,0
2026-09-11 18:00:00,128.2,13,69,34.9,0,0,0
2026-09-11 18:05:00,126.2,6,61,33.4,0,0,0
2026-09-11 18:10:00,125.8,6,65,33.1,0,0,0
2026-09-11 18:15:00,127.5,6,62,34.8,0,0,0
2026-09-11 18:20:00,130.0,7,64,31.0,0,0,0
2026-09-11 18:25:00,129.3,6,64,30.0,0,0,0
2026-09-11 18:30:00,126.7,6,62,32.5,0,0,0
2026-09-11 18:35:00,130.9,4,64,32.3,0,0,0
2026-09-11 18:40:00,128.7,4,66,33.8,0,0,0
2026-09-11 18:45:00,128.0,5,60,29.8,0,0,0
2026-09-11 18:50:00,127.0,9,63,32.4,0,0,0
2026-09-11 18:55:00,123.8,7,63,32.0,0,0,0
2026-09-11 19:00:00,121.7,6,62,28.4,0,0,0
2026-09-11 19:05:00,119.8,12,61,28.5,0,0,0
2026-09-11 19:10:00,119.0,7,60,31.7,0,0,0
2026-09-11 19:15:00,119.6,4,64,30.1,0,0,0
2026-09-11 19:20:00,114.8,19,66,35.1,0,0,0
2026-09-11 19:25:00,115.9,5,64,31.2,0,0,0
2026-09-11 19:30:00,117.0,11,64,30.5,0,0,0
2026-09-11 19:35:00,118.9,3,64,31.3,0,0,0
2026-09-11 19:40:00,120.3,6,66,29.3,0,0,0
2026-09-11 19:45:00,124.1,9,65,32.1,0,0,0
2026-09-11 19:50:00,123.8,6,63,34.0,0,0,0
2026-09-11 19:55:00,122.5,11,64,31.0,0,0,0
2026-09-11 20:00:00,124.3,13,64,34.3,0,0,0
2026-09-11 20:05:00,125.5,14,64,30.8,0,0,0
2026-09-11 20:10:00,127.7,8,66,31.7,0,0,0
2026-09-11 20:15:00,128.7,6,62,35.6,0,0,0
2026-09-11 20:20:00,127.4,11,64,31.6,0,0,0
2026-09-11 20:25:00,126.1,6,66,31.8,0,0,0
2026-09-11 20:30:00,127.6,11,65,30.8,0,0,0
2026-09-11 20:35:00,128.4,2,63,29.0,0,0,0
2026-09-11 20:40:00,127.3,9,63,32.5,0,0,0
2026-09-11 20:45:00,128.0,5,64,32.3,0,0,0
2026-09-11 20:50:00,127.5,14,69,35.0,0,0,0
2026-09-11 20:55:00,124.0,5,65,31.9,0,0,0
2026-09-11 21:00:00,125.1,9,63,34.0,0,0,0
2026-09-11 21:05:00,127.0,11,62,27.3,0,0,0
2026-09-11 21:10:00,125.8,10,63,32.2,0,0,0
2026-09-11 21:15:00,126.7,1,65,31.9,0,0,0
2026-09-11 21:20:00,127.2,6,64,32.4,0,0,0
2026-09-11 21:25:00,127.6,5,66,31.7,0,60,50
2026-09-11 21:30:00,131.3,10,66,32.5,0,0,0
2026-09-11 21:35:00,134.3,9,65,32.1,0,0,0
2026-09-11 21:40:00,135.2,7,68,35.6,0,0,0
2026-09-11 21:45:00,139.3,7,69,32.5,0,0,0
2026-09-11 21:50:00,139.4,1,68,32.4,0,0,0
2026-09-11 21:55:00,138.1,12,63,28.8,0,0,0
2026-09-11 22:00:00,135.8,14,63,33.1,0,0,0
2026-09-11 22:05:00,140.4,2,64,31.1,0,0,0
2026-09-11 22:10:00,140.0,9,63,31.2,0,0,0
2026-09-11 22:15:00,144.1,4,62,32.4,0,0,0
2026-09-11 22:20:00,142.2,4,60,31.0,0,0,0
2026-09-11 22:25:00,141.9,10,59,30.6,0,0,0
2026-09-11 22:30:00,140.4,13,63,31.4,0,0,0
2026-09-11 22:35:00,139.3,7,66,31.5,0,0,0
2026-09-11 22:40:00,141.8,4,64,30.4,0,0,0
2026-09-11 22:45:00,139.9,4,65,32.6,0,0,0
2026-09-11 22:50:00,141.6,23,64,28.6,0,0,0
2026-09-11 22:55:00,137.3,5,62,29.6,0,0,0
2026-09-11 23:00:00,137.0,12,63,31.3,0,0,0
2026-09-11 23:05:00,135.0,12,66,34.4,0,0,0
2026-09-11 23:10:00,131.1,7,65,30.6,0,0,0
2026-09-11 23:15:00,129.9,8,67,30.9,0,0,0
2026-09-11 23:20:00,129.9,9,62,30.9,0,0,0
2026-09-11 23:25:00,130.2,8,66,33.6,0,0,0
2026-09-11 23:30:00,131.4,2,62,30.6,0,0,0
2026-09-11 23:35:00,131.5,3,62,32.8,0,0,0
2026-09-11 23:40:00,129.2,11,66,34.9,0,0,0
2026-09-11 23:45:00,127.6,9,66,28.8,0,0,0
2026-09-11 23:50:00,128.0,7,67,33.3,0,0,0
2026-09-11 23:55:00,126.8,7,61,34.9,0,0,0
2026-09-12 00:00:00,121.4,5,63,34.8,0,0,0
2026-09-12 00:05:00,121.2,0,56,54.8,1,0,0
2026-09-12 00:10:00,122.6,0,53,52.2,1,0,0
2026-09-12 00:15:00,124.5,0,56,50.2,1,0,0
2026-09-12 00:20:00,122.7,0,56,52.8,1,0,0
2026-09-12 00:25:00,122.1,0,55,51.2,1,0,0
2026-09-12 00:30:00,121.1,0,58,52.1,1,0,0
2026-09-12 00:35:00,118.7,1,56,55.1,1,0,0
2026-09-12 00:40:00,122.1,1,57,51.0,1,0,0
2026-09-12 00:45:00,120.1,2,54,53.4,1,0,0
2026-09-12 00:50:00,117.5,0,58,49.5,1,0,0
2026-09-12 00:55:00,117.7,1,56,51.7,1,0,0
2026-09-12 01:00:00,120.4,0,55,48.9,1,0,0
2026-09-12 01:05:00,117.7,0,55,51.2,1,0,0
2026-09-12 01:10:00,119.4,0,57,52.2,1,0,0
2026-09-12 01:15:00,117.0,0,50,49.7,1,0,0
2026-09-12 01:20:00,117.6,1,57,48.1,1,0,0
2026-09-12 01:25:00,123.3,0,55,52.3,1,0,0
2026-09-12 01:30:00,122.6,0,54,53.9,1,0,0
2026-09-12 01:35:00,125.5,0,53,51.4,1,0,0
2026-09-12 01:40:00,122.3,2,55,53.6,1,0,0
2026-09-12 01:45:00,121.4,0,55,52.7,1,0,0
2026-09-12 01:50:00,121.5,0,51,52.7,1,0,0
2026-09-12 01:55:00,116.5,0,51,52.6,1,0,0
2026-09-12 02:00:00,116.1,0,58,51.6,1,0,0
2026-09-12 02:05:00,117.5,0,52,51.8,1,0,0
2026-09-12 02:10:00,119.8,0,54,55.4,1,0,0
2026-09-12 02:15:00,117.4,1,54,52.7,1,0,0
2026-09-12 02:20:00,118.3,0,54,55.5,1,0,0
2026-09-12 02:25:00,121.2,0,57,53.3,1,0,0
2026-09-12 02:30:00,121.3,1,54,51.0,1,0,0
2026-09-12 02:35:00,125.1,0,56,54.1,1,0,0
2026-09-12 02:40:00,123.1,0,57,53.6,1,0,0
2026-09-12 02:45:00,122.6,1,53,51.0,1,0,0
2026-09-12 02:50:00,119.5,0,54,53.6,1,0,0
2026-09-12 02:55:00,117.3,0,57,54.8,1,0,0
2026-09-12 03:00:00,116.5,0,54,53.4,1,0,0
2026-09-12 03:05:00,115.7,0,50,51.8,1,0,0
2026-09-12 03:10:00,119.7,1,56,52.5,1,0,0
2026-09-12 03:15:00,117.6,2,55,57.4,1,0,0
2026-09-12 03:20:00,115.0,0,55,54.2,1,0,0
2026-09-12 03:25:00,117.3,0,55,50.2,1,0,0
2026-09-12 03:30:00,119.1,0,58,57.2,1,0,0
2026-09-12 03:35:00,120.6,1,56,54.5,1,0,0
2026-09-12 03:40:00,119.0,0,56,53.1,1,0,0
2026-09-12 03:45:00,119.8,1,51,51.5,1,0,0
2026-09-12 03:50:00,122.3,1,53,53.9,1,0,0
2026-09-12 03:55:00,122.0,0,55,50.1,1,0,0
2026-09-12 04:00:00,120.8,0,57,51.8,1,0,0
2026-09-12 04:05:00,125.1,2,55,52.3,1,0,0
2026-09-12 04:10:00,124.3,1,57,53.7,1,0,0
2026-09-12 04:15:00,125.3,0,51,53.6,1,0,0
2026-09-12 04:20:00,124.3,0,54,53.7,1,0,0
2026-09-12 04:25:00,124.4,0,54,57.0,1,0,0
2026-09-12 04:30:00,123.6,0,55,53.4,1,0,0
2026-09-12 04:35:00,124.5,0,58,55.8,1,0,0
2026-09-12 04:40:00,126.5,0,55,51.9,1,0,0
2026-09-12 04:45:00,127.3,0,54,54.7,1,0,0
2026-09-12 04:50:00,127.1,0,52,57.5,1,0,0
2026-09-12 04:55:00,130.0,0,54,51.3,1,0,0
2026-09-12 05:00:00,129.9,0,52,53.0,1,0,0
2026-09-12 05:05:00,132.7,0,56,54.5,1,0,0
2026-09-12 05:10:00,130.5,0,58,51.3,1,0,0
2026-09-12 05:15:00,129.7,0,62,51.6,1,0,0
2026-09-12 05:20:00,128.2,0,56,52.0,1,0,0
2026-09-12 05:25:00,131.1,1,53,54.9,1,0,0
2026-09-12 05:30:00,135.5,0,57,50.3,1,0,0
2026-09-12 05:35:00,135.7,0,57,51.6,1,0,0
2026-09-12 05:40:00,132.1,0,52,56.1,1,0,0
2026-09-12 05:45:00,130.3,0,56,54.7,1,0,0
2026-09-12 05:50:00,130.7,0,59,52.5,1,0,0
2026-09-12 05:55:00,127.8,0,55,56.0,1,0,0
2026-09-12 06:00:00,127.2,0,57,49.9,1,0,0
2026-09-12 06:05:00,125.7,0,55,51.4,1,0,0
2026-09-12 06:10:00,126.9,1,56,50.6,1,0,0
2026-09-12 06:15:00,128.4,0,54,51.4,1,0,0
2026-09-12 06:20:00,129.1,1,54,52.4,1,0,0
2026-09-12 06:25:00,128.5,0,57,52.7,1,0,0
2026-09-12 06:30:00,129.3,0,57,51.7,1,0,0
2026-09-12 06:35:00,127.5,5,62,33.0,0,0,0
2026-09-12 06:40:00,126.0,9,64,34.5,0,0,0
2026-09-12 06:45:00,125.9,7,67,31.7,0,0,0
2026-09-12 06:50:00,125.5,3,62,35.5,0,0,0
2026-09-12 06:55:00,124.2,7,64,33.3,0,0,0
2026-09-12 07:00:00,122.3,3,65,32.7,0,0,0
2026-09-12 07:05:00,125.8,10,66,34.9,0,0,0
2026-09-12 07:10:00,123.9,7,65,30.1,0,0,0
2026-09-12 07:15:00,124.2,14,63,30.9,0,0,0
2026-09-12 07:20:00,123.8,14,65,31.1,0,0,0
2026-09-12 07:25:00,118.3,3,64,28.6,0,0,0
2026-09-12 07:30:00,121.7,5,63,32.3,0,0,0
2026-09-12 07:35:00,116.5,9,66,33.2,0,0,0
2026-09-12 07:40:00,116.3,5,62,35.1,0,0,0
2026-09-12 07:45:00,115.7,5,67,35.6,0,0,0
2026-09-12 07:50:00,112.5,6,63,34.3,0,0,0
2026-09-12 07:55:00,107.7,7,65,34.1,0,0,0
2026-09-12 08:00:00,109.8,8,66,31.0,0,0,0
2026-09-12 08:05:00,112.5,16,66,32.1,0,0,0
2026-09-12 08:10:00,110.8,3,62,31.8,0,33,50
2026-09-12 08:15:00,114.9,6,67,28.9,0,0,0
2026-09-12 08:20:00,118.9,9,66,33.0,0,0,0
2026-09-12 08:25:00,119.3,440,90,36.4,0,0,0
2026-09-12 08:30:00,122.0,449,94,35.2,0,0,0
2026-09-12 08:35:00,120.3,8,66,34.9,0,0,0
2026-09-12 08:40:00,123.4,2,64,33.3,0,0,0
2026-09-12 08:45:00,121.1,10,62,36.5,0,0,0
2026-09-12 08:50:00,121.0,6,62,34.7,0,0,0
2026-09-12 08:55:00,123.2,16,63,30.9,0,0,0
2026-09-12 09:00:00,122.4,7,66,29.6,0,0,0
2026-09-12 09:05:00,125.5,8,64,33.3,0,0,0
2026-09-12 09:10:00,127.0,6,62,31.0,0,0,0
2026-09-12 09:15:00,121.2,6,60,35.6,0,0,0
2026-09-12 09:20:00,124.9,15,63,25.6,0,0,0
2026-09-12 09:25:00,122.9,2,65,34.5,0,0,0
2026-09-12 09:30:00,125.2,12,64,31.5,0,0,0
2026-09-12 09:35:00,125.1,6,64,35.5,0,0,0
2026-09-12 09:40:00,120.6,15,62,31.4,0,0,0
2026-09-12 09:45:00,126.2,9,63,31.9,0,0,0
2026-09-12 09:50:00,126.4,9,62,35.4,0,0,0
2026-09-12 09:55:00,126.9,3,61,34.6,0,0,0
2026-09-12 10:00:00,127.0,7,65,32.8,0,0,0
2026-09-12 10:05:00,128.2,4,62,34.2,0,0,0
2026-09-12 10:10:00,128.1,18,60,34.1,0,0,0
2026-09-12 10:15:00,131.1,7,64,34.1,0,0,0
2026-09-12 10:20:00,124.1,9,65,29.9,0,0,0
2026-09-12 10:25:00,121.5,8,62,34.3,0,0,0
2026-09-12 10:30:00,122.3,5,65,31.7,0,0,0
2026-09-12 10:35:00,121.3,16,67,31.9,0,0,0
2026-09-12 10:40:00,118.7,13,66,32.2,0,0,0
2026-09-12 10:45:00,115.3,6,60,35.9,0,0,0
2026-09-12 10:50:00,115.0,18,62,33.9,0,0,0
2026-09-12 10:55:00,112.0,9,65,31.9,0,0,0
2026-09-12 11:00:00,113.8,10,62,31.2,0,0,0
2026-09-12 11:05:00,114.4,10,61,31.7,0,0,0
2026-09-12 11:10:00,118.0,425,88,32.4,0,0,0
2026-09-12 11:15:00,114.8,422,88,34.7,0,0,0
2026-09-12 11:20:00,114.3,424,89,35.1,0,0,0
2026-09-12 11:25:00,114.5,10,64,31.5,0,0,0
2026-09-12 11:30:00,115.1,15,63,35.0,0,0,0
2026-09-12 11:35:00,114.5,11,65,29.6,0,0,0
2026-09-12 11:40:00,115.4,6,63,33.8,0,0,0
2026-09-12 11:45:00,116.7,16,65,35.0,0,0,0
2026-09-12 11:50:00,120.1,5,61,34.3,0,0,0
2026-09-12 11:55:00,119.3,8,65,32.3,0,0,0
2026-09-12 12:00:00,122.4,8,61,31.7,0,0,0
2026-09-12 12:05:00,120.3,6,63,33.1,0,0,0
2026-09-12 12:10:00,117.9,9,62,36.0,0,0,0
2026-09-12 12:15:00,121.4,17,63,32.2,0,0,0
2026-09-12 12:20:00,121.6,4,66,32.9,0,0,0
2026-09-12 12:25:00,122.7,13,63,32.7,0,0,0
2026-09-12 12:30:00,122.9,10,65,35.4,0,0,0
2026-09-12 12:35:00,124.3,5,63,33.8,0,0,0
2026-09-12 12:40:00,125.6,11,64,36.6,0,0,0
2026-09-12 12:45:00,123.7,15,64,35.8,0,0,0
2026-09-12 12:50:00,126.9,11,64,31.7,0,0,0
2026-09-12 12:55:00,124.0,8,62,34.1,0,0,0
2026-09-12 13:00:00,125.8,5,63,32.7,0,0,0
2026-09-12 13:05:00,125.5,10,63,34.3,0,0,0
2026-09-12 13:10:00,129.1,8,64,34.2,0,0,0
2026-09-12 13:15:00,130.1,4,64,33.1,0,0,0
2026-09-12 13:20:00,132.5,5,64,35.7,0,0,0
2026-09-12 13:25:00,131.6,2,63,33.5,0,0,0
2026-09-12 13:30:00,128.6,10,63,34.3,0,0,0
2026-09-12 13:35:00,126.0,13,65,35.1,0,0,0
2026-09-12 13:40:00,123.5,5,67,30.9,0,111,70
2026-09-12 13:45:00,134.7,15,65,34.2,0,0,0
2026-09-12 13:50:00,142.3,2,65,29.7,0,0,0
2026-09-12 13:55:00,150.8,17,65,33.6,0,0,0
2026-09-12 14:00:00,158.2,4,64,35.4,0,0,0
2026-09-12 14:05:00,160.3,3,65,33.6,0,0,0
2026-09-12 14:10:00,161.0,7,61,29.2,0,0,0
2026-09-12 14:15:00,160.8,15,60,32.3,0,0,0
2026-09-12 14:20:00,161.0,1,64,32.0,0,0,0
2026-09-12 14:25:00,163.7,9,63,32.9,0,0,0
2026-09-12 14:30:00,162.7,4,61,33.2,0,0,0
2026-09-12 14:35:00,161.0,8,64,33.2,0,0,0
2026-09-12 14:40:00,160.3,6,62,29.2,0,0,0
2026-09-12 14:45:00,157.4,7,64,30.9,0,0,0
2026-09-12 14:50:00,154.3,6,63,34.5,0,0,0
2026-09-12 14:55:00,153.0,2,63,35.5,0,0,0
2026-09-12 15:00:00,149.3,7,66,32.0,0,0,0
2026-09-12 15:05:00,148.3,10,62,32.8,0,0,0
2026-09-12 15:10:00,149.0,19,65,31.1,0,0,0
2026-09-12 15:15:00,149.0,6,66,31.0,0,0,0
2026-09-12 15:20:00,145.0,14,65,33.8,0,0,0
2026-09-12 15:25:00,144.2,10,65,31.9,0,0,0
2026-09-12 15:30:00,141.6,4,65,31.4,0,0,0
2026-09-12 15:35:00,141.1,11,65,32.2,0,0,0
2026-09-12 15:40:00,138.1,8,63,33.1,0,0,0
2026-09-12 15:45:00,138.3,14,62,27.1,0,0,0
2026-09-12 15:50:00,138.3,8,63,33.6,0,0,0
2026-09-12 15:55:00,136.3,3,63,30.9,0,0,0
2026-09-12 16:00:00,134.4,8,61,31.6,0,0,0
2026-09-12 16:05:00,132.3,8,64,30.8,0,0,0
2026-09-12 16:10:00,130.7,0,66,31.6,0,0,0
2026-09-12 16:15:00,131.9,13,67,33.4,0,0,0
2026-09-12 16:20:00,133.3,7,63,28.8,0,0,0
2026-09-12 16:25:00,130.1,4,63,29.7,0,0,0
2026-09-12 16:30:00,129.1,11,60,31.2,0,0,0
2026-09-12 16:35:00,128.3,13,64,35.9,0,0,0
2026-09-12 16:40:00,128.3,7,64,31.8,0,0,0
2026-09-12 16:45:00,131.1,8,65,31.3,0,0,0
2026-09-12 16:50:00,131.4,3,61,32.9,0,0,0
2026-09-12 16:55:00,129.1,6,67,32.3,0,0,0
2026-09-12 17:00:00,131.0,2,67,32.9,0,15,35
2026-09-12 17:05:00,132.2,7,67,32.1,0,0,0
2026-09-12 17:10:00,133.9,5,65,33.9,0,0,0
2026-09-12 17:15:00,135.7,544,99,30.8,0,0,0
2026-09-12 17:20:00,137.5,548,97,30.8,0,0,0
2026-09-12 17:25:00,137.1,16,66,28.1,0,0,0
2026-09-12 17:30:00,136.4,5,61,31.1,0,0,0
2026-09-12 17:35:00,136.3,9,61,33.6,0,0,0
2026-09-12 17:40:00,132.9,13,67,31.4,0,0,0
2026-09-12 17:45:00,131.7,6,62,30.3,0,0,0
2026-09-12 17:50:00,130.3,6,61,32.1,0,0,0
2026-09-12 17:55:00,133.0,5,65,33.7,0,0,0
2026-09-12 18:00:00,129.5,10,62,27.6,0,0,0
2026-09-12 18:05:00,125.8,4,62,31.4,0,0,0
2026-09-12 18:10:00,122.8,3,61,34.7,0,0,0
2026-09-12 18:15:00,121.0,10,64,33.5,0,0,0
2026-09-12 18:20:00,118.6,6,64,33.4,0,0,0
2026-09-12 18:25:00,118.2,7,64,33.8,0,0,0
2026-09-12 18:30:00,120.1,20,69,33.4,0,0,0
2026-09-12 18:35:00,118.1,16,67,32.6,0,0,0
2026-09-12 18:40:00,123.1,15,63,35.9,0,0,0
2026-09-12 18:45:00,119.1,7,62,33.8,0,0,0
2026-09-12 18:50:00,117.0,9,62,29.3,0,0,0
2026-09-12 18:55:00,117.1,10,59,33.7,0,0,0
2026-09-12 19:00:00,120.3,8,62,34.0,0,0,0
2026-09-12 19:05:00,120.7,5,64,31.4,0,0,0
2026-09-12 19:10:00,118.9,7,62,31.3,0,0,0
2026-09-12 19:15:00,121.2,7,63,32.1,0,0,0
2026-09-12 19:20:00,120.1,14,60,30.0,0,0,0
2026-09-12 19:25:00,117.8,1,62,31.4,0,0,0
2026-09-12 19:30:00,119.2,2,60,33.6,0,0,0
2026-09-12 19:35:00,117.1,14,67,32.1,0,0,0
2026-09-12 19:40:00,117.8,9,64,35.2,0,0,0
2026-09-12 19:45:00,121.8,8,62,30.1,0,0,0
2026-09-12 19:50:00,117.5,13,61,35.6,0,0,0
2026-09-12 19:55:00,115.5,6,64,34.9,0,0,0
2026-09-12 20:00:00,115.3,6,61,30.5,0,0,0
2026-09-12 20:05:00,116.4,4,59,30.9,0,0,0
2026-09-12 20:10:00,116.6,5,62,31.5,0,0,0
2026-09-12 20:15:00,119.4,3,59,32.9,0,0,0
2026-09-12 20:20:00,118.7,9,64,36.1,0,0,0
2026-09-12 20:25:00,120.1,10,68,33.3,0,0,0
2026-09-12 20:30:00,119.1,7,66,35.0,0,0,0
2026-09-12 20:35:00,120.4,9,60,31.3,0,0,0
2026-09-12 20:40:00,122.0,7,65,30.2,0,0,0
2026-09-12 20:45:00,120.6,4,67,32.5,0,0,0
2026-09-12 20:50:00,121.9,16,64,32.8,0,0,0
2026-09-12 20:55:00,120.4,12,60,33.7,0,0,0
2026-09-12 21:00:00,123.7,11,62,32.5,0,0,0
2026-09-12 21:05:00,124.6,7,66,32.6,0,0,0
2026-09-12 21:10:00,125.1,18,62,33.3,0,0,0
2026-09-12 21:15:00,126.7,16,62,29.3,0,0,0
2026-09-12 21:20:00,124.7,10,64,32.5,0,0,0
2026-09-12 21:25:00,124.4,1,69,33.2,0,0,0
2026-09-12 21:30:00,123.0,11,59,31.4,0,0,0
2026-09-12 21:35:00,119.0,1,62,32.3,0,0,0
2026-09-12 21:40:00,120.0,9,63,31.4,0,0,0
2026-09-12 21:45:00,121.7,16,66,30.6,0,0,0
2026-09-12 21:50:00,121.5,24,62,33.1,0,0,0
2026-09-12 21:55:00,125.1,4,60,31.0,0,0,0
2026-09-12 22:00:00,125.1,7,63,32.0,0,0,0
2026-09-12 22:05:00,124.3,0,53,51.6,1,0,0
2026-09-12 22:10:00,123.3,0,56,51.9,1,0,0
2026-09-12 22:15:00,118.2,1,54,53.9,1,0,0
2026-09-12 22:20:00,121.4,0,56,52.2,1,0,0
2026-09-12 22:25:00,120.6,0,56,52.4,1,0,0
2026-09-12 22:30:00,121.7,0,54,51.9,1,0,0
2026-09-12 22:35:00,121.8,0,55,55.8,1,0,0
2026-09-12 22:40:00,123.6,2,54,51.5,1,0,0
2026-09-12 22:45:00,121.9,0,56,55.0,1,0,0
2026-09-12 22:50:00,122.7,0,59,50.5,1,0,0
2026-09-12 22:55:00,120.4,0,54,50.1,1,0,0
2026-09-12 23:00:00,123.9,0,52,51.5,1,0,0
2026-09-12 23:05:00,120.6,1,55,54.1,1,0,0
2026-09-12 23:10:00,123.9,0,53,50.3,1,0,0
2026-09-12 23:15:00,125.6,0,55,54.1,1,0,0
2026-09-12 23:20:00,125.9,1,55,53.3,1,0,0
2026-09-12 23:25:00,127.0,0,56,52.3,1,0,0
2026-09-12 23:30:00,124.2,0,55,51.4,1,0,0
2026-09-12 23:35:00,125.7,0,57,57.1,1,0,0
2026-09-12 23:40:00,125.2,0,55,51.3,1,0,0
2026-09-12 23:45:00,125.9,0,53,54.0,1,0,0
2026-09-12 23:50:00,125.6,0,53,50.1,1,0,0
2026-09-12 23:55:00,125.5,0,51,55.2,1,0,0
2026-09-13 00:00:00,131.7,2,56,53.0,1,0,0
2026-09-13 00:05:00,128.4,0,55,53.8,1,0,0
2026-09-13 00:10:00,127.9,0,54,48.4,1,0,0
2026-09-13 00:15:00,123.7,1,55,47.0,1,0,0
2026-09-13 00:20:00,125.0,0,55,55.5,1,0,0
2026-09-13 00:25:00,126.3,0,56,51.8,1,0,0
2026-09-13 00:30:00,124.9,0,54,52.5,1,0,0
2026-09-13 00:35:00,127.7,1,52,51.6,1,0,0
2026-09-13 00:40:00,125.3,1,54,53.4,1,0,0
2026-09-13 00:45:00,126.7,1,56,52.1,1,0,0
2026-09-13 00:50:00,127.6,0,57,54.4,1,0,0
2026-09-13 00:55:00,125.3,0,57,53.3,1,0,0
2026-09-13 01:00:00,125.7,2,52,47.1,1,0,0
2026-09-13 01:05:00,126.4,1,54,52.3,1,0,0
2026-09-13 01:10:00,122.8,0,52,49.0,1,0,0
2026-09-13 01:15:00,121.4,0,55,53.9,1,0,0
2026-09-13 01:20:00,123.5,0,55,52.4,1,0,0
2026-09-13 01:25:00,125.4,0,54,51.4,1,0,0
2026-09-13 01:30:00,123.5,0,57,54.7,1,0,0
2026-09-13 01:35:00,120.6,0,55,52.0,1,0,0
2026-09-13 01:40:00,120.9,0,55,50.7,1,0,0
2026-09-13 01:45:00,118.5,0,55,50.6,1,0,0
2026-09-13 01:50:00,118.8,1,57,53.9,1,0,0
2026-09-13 01:55:00,121.3,0,56,52.5,1,0,0
2026-09-13 02:00:00,119.9,0,56,54.5,1,0,0
2026-09-13 02:05:00,122.4,0,57,51.2,1,0,0
2026-09-13 02:10:00,120.9,0,55,49.1,1,0,0
2026-09-13 02:15:00,119.0,0,53,50.3,1,0,0
2026-09-13 02:20:00,117.4,0,58,52.7,1,0,0
2026-09-13 02:25:00,116.5,0,50,53.5,1,0,0
2026-09-13 02:30:00,118.7,0,54,49.7,1,0,0
2026-09-13 02:35:00,120.5,1,57,52.6,1,0,0
2026-09-13 02:40:00,122.7,0,56,55.9,1,0,0
2026-09-13 02:45:00,122.1,1,54,51.3,1,0,0
2026-09-13 02:50:00,122.2,0,56,52.5,1,0,0
2026-09-13 02:55:00,121.3,0,55,52.6,1,0,0
2026-09-13 03:00:00,121.3,0,50,51.6,1,0,0
2026-09-13 03:05:00,121.2,0,54,50.8,1,0,0
2026-09-13 03:10:00,118.7,0,54,49.5,1,0,0
2026-09-13 03:15:00,116.2,0,54,49.1,1,0,0
2026-09-13 03:20:00,114.1,0,57,56.8,1,0,0
2026-09-13 03:25:00,117.1,0,56,47.2,1,0,0
2026-09-13 03:30:00,116.7,1,55,50.9,1,0,0
2026-09-13 03:35:00,117.0,1,59,54.1,1,0,0
2026-09-13 03:40:00,116.5,0,57,50.6,1,0,0
2026-09-13 03:45:00,118.5,1,57,49.7,1,0,0
2026-09-13 03:50:00,116.5,0,57,55.0,1,0,0
2026-09-13 03:55:00,120.2,0,55,52.8,1,0,0
2026-09-13 04:00:00,120.7,0,53,49.3,1,0,0
2026-09-13 04:05:00,120.8,0,58,49.7,1,0,0
2026-09-13 04:10:00,121.4,0,54,53.7,1,0,0
2026-09-13 04:15:00,121.0,1,58,51.1,1,0,0
2026-09-13 04:20:00,124.8,0,55,53.0,1,0,0
2026-09-13 04:25:00,128.1,0,52,51.2,1,0,0
2026-09-13 04:30:00,127.9,0,49,52.8,1,0,0
2026-09-13 04:35:00,128.0,0,52,49.7,1,0,0
2026-09-13 04:40:00,128.2,0,56,50.5,1,0,0
2026-09-13 04:45:00,126.4,0,54,53.9,1,0,0
2026-09-13 04:50:00,126.4,0,56,50.4,1,0,0
2026-09-13 04:55:00,125.5,0,54,51.9,1,0,0
2026-09-13 05:00:00,126.6,0,57,50.7,1,0,0
2026-09-13 05:05:00,128.4,0,56,51.9,1,0,0
2026-09-13 05:10:00,126.9,0,54,50.0,1,0,0
2026-09-13 05:15:00,127.0,0,56,52.3,1,0,0
2026-09-13 05:20:00,129.5,1,53,52.5,1,0,0
2026-09-13 05:25:00,132.4,1,54,50.5,1,0,0
2026-09-13 05:30:00,129.7,0,56,49.8,1,0,0
2026-09-13 05:35:00,132.5,0,54,50.5,1,0,0
2026-09-13 05:40:00,132.7,0,56,54.1,1,0,0
2026-09-13 05:45:00,134.9,0,53,52.0,1,0,0
2026-09-13 05:50:00,131.9,0,59,52.7,1,0,0
2026-09-13 05:55:00,130.5,0,56,48.1,1,0,0
2026-09-13 06:00:00,131.4,0,55,51.1,1,0,0
2026-09-13 06:05:00,130.0,1,55,50.1,1,0,0
2026-09-13 06:10:00,131.2,1,60,53.5,1,0,0
2026-09-13 06:15:00,131.7,14,67,33.4,0,0,0
2026-09-13 06:20:00,135.4,14,66,33.5,0,0,0
2026-09-13 06:25:00,131.7,15,65,32.8,0,0,0
2026-09-13 06:30:00,131.4,3,68,33.1,0,0,0
2026-09-13 06:35:00,133.3,10,65,33.2,0,0,0
2026-09-13 06:40:00,134.0,20,62,31.3,0,0,0
2026-09-13 06:45:00,131.1,4,64,29.8,0,0,0
2026-09-13 06:50:00,132.2,4,63,29.9,0,0,0
2026-09-13 06:55:00,127.1,7,63,33.4,0,0,0
2026-09-13 07:00:00,127.5,6,63,31.1,0,0,0
2026-09-13 07:05:00,127.0,11,66,31.9,0,0,0
2026-09-13 07:10:00,126.1,3,62,32.1,0,0,0
2026-09-13 07:15:00,129.9,2,63,31.4,0,0,0
2026-09-13 07:20:00,129.8,12,62,31.0,0,0,0
2026-09-13 07:25:00,126.8,11,71,34.3,0,27,55
2026-09-13 07:30:00,127.9,13,66,31.1,0,0,0
2026-09-13 07:35:00,126.7,5,65,32.1,0,0,0
2026-09-13 07:40:00,126.1,10,69,35.2,0,0,0
2026-09-13 07:45:00,126.0,2,68,33.2,0,0,0
2026-09-13 07:50:00,125.2,5,69,31.8,0,0,0
2026-09-13 07:55:00,126.6,4,65,29.6,0,0,0
2026-09-13 08:00:00,129.5,8,63,32.0,0,0,0
2026-09-13 08:05:00,128.4,6,66,36.3,0,0,0
2026-09-13 08:10:00,128.9,6,62,29.5,0,0,0
2026-09-13 08:15:00,131.1,22,61,33.7,0,0,0
2026-09-13 08:20:00,128.6,9,63,31.8,0,0,0
2026-09-13 08:25:00,125.4,4,63,30.4,0,0,0
2026-09-13 08:30:00,127.2,10,60,30.5,0,0,0
2026-09-13 08:35:00,126.9,3,64,31.7,0,0,0
2026-09-13 08:40:00,125.9,6,63,34.1,0,0,0
2026-09-13 08:45:00,122.6,4,66,31.0,0,0,0
2026-09-13 08:50:00,124.8,5,65,36.2,0,0,0
2026-09-13 08:55:00,123.2,9,64,30.6,0,0,0
2026-09-13 09:00:00,124.8,16,62,30.2,0,0,0
2026-09-13 09:05:00,123.4,17,60,28.2,0,0,0
2026-09-13 09:10:00,121.0,9,62,30.0,0,0,0
2026-09-13 09:15:00,121.2,11,68,30.2,0,0,0
2026-09-13 09:20:00,120.7,10,66,30.2,0,0,0
2026-09-13 09:25:00,124.6,8,60,33.7,0,0,0
2026-09-13 09:30:00,124.1,6,63,34.5,0,0,0
2026-09-13 09:35:00,123.2,9,62,30.1,0,0,0
2026-09-13 09:40:00,128.7,12,66,31.5,0,0,0
2026-09-13 09:45:00,127.5,9,62,28.2,0,0,0
2026-09-13 09:50:00,127.8,18,61,31.9,0,0,0
2026-09-13 09:55:00,125.3,16,64,33.8,0,0,0
2026-09-13 10:00:00,127.6,9,63,33.0,0,0,0
2026-09-13 10:05:00,124.8,10,62,32.9,0,0,0
2026-09-13 10:10:00,121.2,4,65,29.1,0,0,0
2026-09-13 10:15:00,120.8,2,62,32.8,0,0,0
2026-09-13 10:20:00,121.4,12,63,34.3,0,0,0
2026-09-13 10:25:00,120.9,6,67,31.2,0,0,0
2026-09-13 10:30:00,121.9,5,66,35.0,0,0,0
2026-09-13 10:35:00,123.4,16,60,33.8,0,0,0
2026-09-13 10:40:00,121.2,4,63,34.5,0,0,0
2026-09-13 10:45:00,116.7,5,65,31.5,0,0,0
2026-09-13 10:50:00,117.0,11,62,30.2,0,0,0
2026-09-13 10:55:00,117.1,5,66,34.0,0,0,0
2026-09-13 11:00:00,118.0,5,63,32.8,0,0,0
2026-09-13 11:05:00,120.6,10,61,30.5,0,0,0
2026-09-13 11:10:00,120.1,3,65,34.2,0,0,0
2026-09-13 11:15:00,119.6,6,65,30.3,0,0,0
2026-09-13 11:20:00,118.2,9,63,33.9,0,0,0
2026-09-13 11:25:00,120.1,5,65,33.2,0,0,0
2026-09-13 11:30:00,121.3,12,62,33.1,0,0,0
2026-09-13 11:35:00,121.3,12,62,31.9,0,0,0
2026-09-13 11:40:00,119.4,13,65,32.0,0,0,0
2026-09-13 11:45:00,116.8,3,63,32.4,0,0,0
2026-09-13 11:50:00,117.7,18,66,32.1,0,0,0
2026-09-13 11:55:00,119.8,19,65,29.2,0,0,0
2026-09-13 12:00:00,119.5,6,65,27.8,0,0,0
2026-09-13 12:05:00,123.9,7,62,34.1,0,0,0
2026-09-13 12:10:00,124.4,7,64,32.4,0,0,0
2026-09-13 12:15:00,123.8,13,63,31.6,0,0,0
2026-09-13 12:20:00,126.2,14,66,30.4,0,0,0
2026-09-13 12:25:00,126.5,516,95,29.5,0,0,0
2026-09-13 12:30:00,130.1,512,93,31.8,0,0,0
2026-09-13 12:35:00,131.9,522,95,33.6,0,0,0
2026-09-13 12:40:00,131.5,522,93,35.6,0,0,0
2026-09-13 12:45:00,130.9,5,65,30.7,0,0,0
2026-09-13 12:50:00,127.4,8,59,36.8,0,0,0
2026-09-13 12:55:00,127.0,9,67,32.2,0,0,0
2026-09-13 13:00:00,125.4,3,66,29.6,0,0,0
2026-09-13 13:05:00,126.4,4,62,30.7,0,0,0
2026-09-13 13:10:00,123.6,7,63,36.5,0,0,0
2026-09-13 13:15:00,125.5,7,58,29.2,0,0,0
2026-09-13 13:20:00,124.8,18,67,28.4,0,0,0
2026-09-13 13:25:00,124.8,8,66,29.0,0,0,0
2026-09-13 13:30:00,120.4,4,63,33.2,0,50,50
2026-09-13 13:35:00,123.5,6,70,30.4,0,0,0
2026-09-13 13:40:00,126.5,15,65,34.7,0,0,0
2026-09-13 13:45:00,127.9,6,65,27.4,0,0,0
2026-09-13 13:50:00,133.3,12,65,32.5,0,0,0
2026-09-13 13:55:00,135.0,5,65,32.3,0,0,0
2026-09-13 14:00:00,133.4,8,64,30.4,0,0,0
2026-09-13 14:05:00,134.9,6,64,31.8,0,0,0
2026-09-13 14:10:00,135.4,14,67,35.4,0,0,0
2026-09-13 14:15:00,130.2,5,63,30.0,0,0,0
2026-09-13 14:20:00,128.6,5,63,32.3,0,0,0
2026-09-13 14:25:00,126.9,4,64,30.5,0,0,0
2026-09-13 14:30:00,125.8,10,63,33.2,0,0,0
2026-09-13 14:35:00,129.1,7,63,31.9,0,0,0
2026-09-13 14:40:00,124.1,7,59,31.1,0,0,0
2026-09-13 14:45:00,123.1,10,66,32.6,0,0,0
2026-09-13 14:50:00,121.9,4,65,32.8,0,0,0
2026-09-13 14:55:00,120.7,9,62,34.0,0,0,0
2026-09-13 15:00:00,121.6,13,65,31.4,0,0,0
2026-09-13 15:05:00,124.1,5,61,29.3,0,0,0
2026-09-13 15:10:00,124.4,7,60,33.1,0,0,0
2026-09-13 15:15:00,124.0,19,64,37.4,0,0,0
2026-09-13 15:20:00,125.2,6,60,30.9,0,0,0
2026-09-13 15:25:00,126.1,5,63,29.5,0,0,0
2026-09-13 15:30:00,125.7,8,63,32.9,0,0,0
2026-09-13 15:35:00,126.4,8,65,35.2,0,0,0
2026-09-13 15:40:00,128.8,8,67,31.2,0,0,0
2026-09-13 15:45:00,129.8,16,63,32.4,0,0,0
2026-09-13 15:50:00,127.6,9,62,31.3,0,0,0
2026-09-13 15:55:00,130.9,9,61,34.4,0,0,0
2026-09-13 16:00:00,132.1,8,65,33.5,0,0,0
2026-09-13 16:05:00,132.5,9,64,30.2,0,0,0
2026-09-13 16:10:00,131.3,17,63,36.7,0,0,0
2026-09-13 16:15:00,128.5,8,62,32.3,0,0,0
2026-09-13 16:20:00,128.5,16,65,33.3,0,0,0
2026-09-13 16:25:00,131.2,10,65,33.2,0,0,0
2026-09-13 16:30:00,130.7,8,63,33.1,0,0,0
2026-09-13 16:35:00,125.9,5,63,30.8,0,0,0
2026-09-13 16:40:00,127.8,2,68,29.3,0,0,0
2026-09-13 16:45:00,126.7,10,64,30.4,0,0,0
2026-09-13 16:50:00,128.1,14,59,37.0,0,0,0
2026-09-13 16:55:00,129.6,10,62,30.8,0,0,0
2026-09-13 17:00:00,130.1,11,64,31.3,0,0,0
2026-09-13 17:05:00,130.9,7,62,32.5,0,0,0
2026-09-13 17:10:00,133.0,9,62,29.2,0,0,0
2026-09-13 17:15:00,133.4,5,65,32.2,0,0,0
2026-09-13 17:20:00,131.6,14,66,31.4,0,17,35
2026-09-13 17:25:00,134.3,13,68,32.7,0,0,0
2026-09-13 17:30:00,136.1,9,66,33.4,0,0,0
2026-09-13 17:35:00,137.4,20,64,36.2,0,0,0
2026-09-13 17:40:00,141.6,8,68,32.6,0,0,0
2026-09-13 17:45:00,140.7,17,67,29.5,0,0,0
2026-09-13 17:50:00,141.7,10,65,31.1,0,0,0
2026-09-13 17:55:00,143.6,10,66,28.0,0,0,0
2026-09-13 18:00:00,143.0,7,65,29.6,0,0,0
2026-09-13 18:05:00,141.1,5,62,29.2,0,0,0
2026-09-13 18:10:00,139.7,15,58,29.6,0,0,0
2026-09-13 18:15:00,134.0,2,63,31.7,0,0,0
2026-09-13 18:20:00,131.9,8,63,32.9,0,0,0
2026-09-13 18:25:00,131.9,10,64,34.7,0,0,0
2026-09-13 18:30:00,132.6,12,61,29.5,0,0,0
2026-09-13 18:35:00,133.0,22,65,33.6,0,0,0
2026-09-13 18:40:00,130.6,9,65,29.3,0,0,0
2026-09-13 18:45:00,128.3,9,63,29.1,0,0,0
2026-09-13 18:50:00,128.5,5,69,31.0,0,0,0
2026-09-13 18:55:00,124.9,8,62,34.2,0,0,0
2026-09-13 19:00:00,123.1,11,66,29.0,0,0,0
2026-09-13 19:05:00,123.6,7,62,30.9,0,0,0
2026-09-13 19:10:00,124.2,5,62,34.3,0,0,0
2026-09-13 19:15:00,123.6,6,60,31.8,0,0,0
2026-09-13 19:20:00,125.8,6,63,28.5,0,0,0
2026-09-13 19:25:00,124.9,6,64,36.2,0,0,0
2026-09-13 19:30:00,127.6,5,65,32.7,0,0,0
2026-09-13 19:35:00,126.7,5,63,31.3,0,0,0
2026-09-13 19:40:00,129.6,15,64,29.4,0,0,0
2026-09-13 19:45:00,131.8,2,62,30.9,0,0,0
2026-09-13 19:50:00,133.1,7,63,30.2,0,0,0
2026-09-13 19:55:00,132.0,11,63,31.6,0,0,0
2026-09-13 20:00:00,128.0,7,66,30.9,0,0,0
2026-09-13 20:05:00,129.3,4,65,30.3,0,0,0
2026-09-13 20:10:00,127.0,6,66,31.6,0,0,0
2026-09-13 20:15:00,128.0,4,59,32.8,0,0,0
2026-09-13 20:20:00,126.9,10,69,28.1,0,0,0
2026-09-13 20:25:00,127.3,5,61,31.6,0,0,0
2026-09-13 20:30:00,126.4,5,61,36.3,0,0,0
2026-09-13 20:35:00,125.6,12,60,29.9,0,0,0
2026-09-13 20:40:00,125.8,10,63,30.1,0,0,0
2026-09-13 20:45:00,125.5,8,64,30.0,0,0,0
2026-09-13 20:50:00,125.4,17,64,36.2,0,0,0
2026-09-13 20:55:00,126.2,15,62,33.1,0,0,0
2026-09-13 21:00:00,123.7,17,68,26.8,0,58,55
2026-09-13 21:05:00,127.9,12,66,30.1,0,0,0
2026-09-13 21:10:00,130.0,11,66,32.0,0,0,0
2026-09-13 21:15:00,131.7,390,87,30.2,0,0,0
2026-09-13 21:20:00,132.3,393,85,34.5,0,0,0
2026-09-13 21:25:00,134.0,5,63,30.5,0,0,0
2026-09-13 21:30:00,133.5,3,66,30.2,0,0,0
2026-09-13 21:35:00,135.1,19,63,32.8,0,0,0
2026-09-13 21:40:00,132.8,8,63,32.1,0,0,0
2026-09-13 21:45:00,137.6,14,63,33.8,0,0,0
2026-09-13 21:50:00,140.4,7,64,33.0,0,0,0
2026-09-13 21:55:00,140.3,9,64,32.4,0,0,0
2026-09-13 22:00:00,140.7,12,65,33.7,0,0,0
2026-09-13 22:05:00,139.4,12,62,34.3,0,0,0
2026-09-13 22:10:00,140.9,11,67,30.8,0,0,0
2026-09-13 22:15:00,139.6,9,62,33.7,0,0,0
2026-09-13 22:20:00,139.1,7,63,30.8,0,0,0
2026-09-13 22:25:00,143.4,11,64,33.1,0,0,0
2026-09-13 22:30:00,141.4,4,61,34.2,0,0,0
2026-09-13 22:35:00,141.4,20,64,30.7,0,0,0
2026-09-13 22:40:00,139.9,8,66,32.6,0,0,0
2026-09-13 22:45:00,139.6,4,62,34.9,0,0,0
2026-09-13 22:50:00,139.3,5,63,31.6,0,0,0
2026-09-13 22:55:00,139.7,11,65,31.5,0,0,0
2026-09-13 23:00:00,141.7,7,64,30.8,0,0,0
2026-09-13 23:05:00,135.6,1,55,48.5,1,0,0
2026-09-13 23:10:00,135.8,1,55,49.1,1,0,0
2026-09-13 23:15:00,135.1,1,56,51.6,1,0,0
2026-09-13 23:20:00,130.0,1,55,54.0,1,0,0
2026-09-13 23:25:00,129.8,0,51,50.5,1,0,0
2026-09-13 23:30:00,127.2,0,60,54.0,1,0,0
2026-09-13 23:35:00,125.7,0,57,52.4,1,0,0
2026-09-13 23:40:00,126.3,1,55,49.2,1,0,0
2026-09-13 23:45:00,126.2,0,55,55.2,1,0,0
2026-09-13 23:50:00,124.5,0,54,52.7,1,0,0
2026-09-13 23:55:00,125.7,0,58,52.6,1,0,0
2026-09-14 00:00:00,118.5,0,58,52.6,1,0,0
2026-09-14 00:05:00,117.0,0,57,52.2,1,0,0
2026-09-14 00:10:00,116.8,2,57,52.5,1,0,0
2026-09-14 00:15:00,119.6,0,56,49.5,1,0,0
2026-09-14 00:20:00,118.7,0,56,53.2,1,0,0
2026-09-14 00:25:00,118.9,0,57,49.5,1,0,0
2026-09-14 00:30:00,120.4,1,57,50.4,1,0,0
2026-09-14 00:35:00,120.1,0,52,54.6,1,0,0
2026-09-14 00:40:00,119.3,1,57,48.1,1,0,0
2026-09-14 00:45:00,117.3,0,54,51.8,1,0,0
2026-09-14 00:50:00,118.4,1,50,57.2,1,0,0
2026-09-14 00:55:00,117.1,0,50,53.9,1,0,0
2026-09-14 01:00:00,113.8,1,53,51.5,1,0,0
2026-09-14 01:05:00,114.4,1,58,51.9,1,0,0
2026-09-14 01:10:00,113.2,0,54,52.0,1,0,0
2026-09-14 01:15:00,110.8,0,56,53.7,1,0,0
2026-09-14 01:20:00,114.4,0,56,54.6,1,0,0
2026-09-14 01:25:00,115.2,0,50,54.0,1,0,0
2026-09-14 01:30:00,114.5,0,58,51.1,1,0,0
2026-09-14 01:35:00,118.6,0,55,55.8,1,0,0
2026-09-14 01:40:00,118.4,0,59,53.0,1,0,0
2026-09-14 01:45:00,116.8,0,54,51.0,1,0,0
2026-09-14 01:50:00,114.6,0,52,55.1,1,0,0
2026-09-14 01:55:00,115.0,0,56,51.8,1,0,0
2026-09-14 02:00:00,115.4,0,57,53.9,1,0,0
2026-09-14 02:05:00,117.2,0,58,54.2,1,0,0
2026-09-14 02:10:00,115.8,1,57,53.2,1,0,0
2026-09-14 02:15:00,114.9,0,58,51.0,1,0,0
2026-09-14 02:20:00,117.9,0,55,53.0,1,0,0
2026-09-14 02:25:00,114.4,0,58,53.9,1,0,0
2026-09-14 02:30:00,113.4,0,51,51.7,1,0,0
2026-09-14 02:35:00,111.6,1,54,50.5,1,0,0
2026-09-14 02:40:00,112.7,0,53,48.8,1,0,0
2026-09-14 02:45:00,116.1,0,54,54.0,1,0,0
2026-09-14 02:50:00,118.6,0,57,51.3,1,0,0
2026-09-14 02:55:00,118.2,1,58,53.3,1,0,0
2026-09-14 03:00:00,119.8,0,58,52.0,1,0,0
2026-09-14 03:05:00,116.1,0,55,52.5,1,0,0
2026-09-14 03:10:00,123.6,0,58,54.3,1,0,0
2026-09-14 03:15:00,122.4,0,55,53.5,1,0,0
2026-09-14 03:20:00,120.5,0,54,48.8,1,0,0
2026-09-14 03:25:00,121.1,1,57,53.5,1,0,0
2026-09-14 03:30:00,120.1,0,54,54.5,1,0,0
2026-09-14 03:35:00,120.0,0,52,53.1,1,0,0
2026-09-14 03:40:00,120.0,0,54,48.8,1,0,0
2026-09-14 03:45:00,118.3,0,56,51.8,1,0,0
2026-09-14 03:50:00,120.7,0,55,50.9,1,0,0
2026-09-14 03:55:00,116.6,0,56,56.4,1,0,0
2026-09-14 04:00:00,119.9,0,58,51.7,1,0,0
2026-09-14 04:05:00,119.8,0,54,50.9,1,0,0
2026-09-14 04:10:00,121.0,1,53,53.8,1,0,0
2026-09-14 04:15:00,120.6,0,56,54.1,1,0,0
2026-09-14 04:20:00,118.1,0,55,52.8,1,0,0
2026-09-14 04:25:00,120.8,0,55,53.7,1,0,0
2026-09-14 04:30:00,120.7,1,55,51.9,1,0,0
2026-09-14 04:35:00,122.6,0,54,52.6,1,0,0
2026-09-14 04:40:00,127.0,0,53,50.0,1,0,0
2026-09-14 04:45:00,125.3,0,55,54.7,1,0,0
2026-09-14 04:50:00,123.1,0,51,53.1,1,0,0
2026-09-14 04:55:00,124.2,0,52,48.8,1,0,0
2026-09-14 05:00:00,125.9,0,54,52.6,1,0,0
2026-09-14 05:05:00,126.3,0,56,48.9,1,0,0
2026-09-14 05:10:00,126.1,0,57,53.1,1,0,0
2026-09-14 05:15:00,129.1,1,52,49.7,1,0,0
2026-09-14 05:20:00,127.4,0,54,51.8,1,0,0
2026-09-14 05:25:00,126.2,1,53,53.9,1,0,0
2026-09-14 05:30:00,126.5,0,53,53.0,1,0,0
2026-09-14 05:35:00,125.7,0,51,51.4,1,0,0
2026-09-14 05:40:00,126.3,2,56,51.4,1,0,0
2026-09-14 05:45:00,127.5,0,58,52.6,1,0,0
2026-09-14 05:50:00,126.3,0,56,55.5,1,0,0
2026-09-14 05:55:00,126.6,0,54,52.3,1,0,0
2026-09-14 06:00:00,125.8,0,59,53.5,1,0,0
2026-09-14 06:05:00,126.5,1,57,54.2,1,0,0
2026-09-14 06:10:00,127.3,0,56,54.1,1,0,0
2026-09-14 06:15:00,130.0,0,55,52.8,1,0,0
2026-09-14 06:20:00,132.8,0,55,49.3,1,0,0
2026-09-14 06:25:00,132.4,0,55,50.8,1,0,0
2026-09-14 06:30:00,130.7,3,65,33.3,0,0,0
2026-09-14 06:35:00,134.7,7,60,31.6,0,0,0
2026-09-14 06:40:00,130.1,3,62,34.3,0,0,0
2026-09-14 06:45:00,130.2,8,63,32.3,0,0,0
2026-09-14 06:50:00,129.1,18,66,28.4,0,0,0
2026-09-14 06:55:00,132.1,13,59,31.5,0,0,0
2026-09-14 07:00:00,128.8,5,65,30.7,0,38,50
2026-09-14 07:05:00,131.1,4,66,35.1,0,0,0
2026-09-14 07:10:00,132.1,8,65,31.6,0,0,0
2026-09-14 07:15:00,135.5,7,66,31.7,0,0,0
2026-09-14 07:20:00,138.0,7,68,33.9,0,0,0
2026-09-14 07:25:00,138.5,9,66,31.9,0,0,0
2026-09-14 07:30:00,138.1,6,62,31.6,0,0,0
2026-09-14 07:35:00,140.2,2,67,28.4,0,0,0
2026-09-14 07:40:00,140.0,9,60,28.9,0,0,0
2026-09-14 07:45:00,140.2,23,64,32.1,0,0,0
2026-09-14 07:50:00,137.5,3,62,32.8,0,0,0
2026-09-14 07:55:00,135.6,3,66,32.8,0,0,0
2026-09-14 08:00:00,135.1,4,64,31.0,0,0,0
2026-09-14 08:05:00,134.0,9,65,35.5,0,0,0
2026-09-14 08:10:00,137.7,10,62,34.3,0,0,0
2026-09-14 08:15:00,137.0,19,67,30.4,0,0,0
2026-09-14 08:20:00,139.0,8,64,35.7,0,0,0
2026-09-14 08:25:00,136.6,10,66,30.3,0,0,0
2026-09-14 08:30:00,132.1,9,67,31.9,0,0,0
2026-09-14 08:35:00,128.7,13,68,33.2,0,0,0
2026-09-14 08:40:00,127.8,9,60,32.3,0,0,0
2026-09-14 08:45:00,127.2,10,63,32.4,0,0,0
2026-09-14 08:50:00,124.8,11,64,32.8,0,0,0
2026-09-14 08:55:00,123.1,6,62,35.6,0,0,0
2026-09-14 09:00:00,119.5,8,61,34.5,0,0,0
2026-09-14 09:05:00,118.6,7,64,33.8,0,0,0
2026-09-14 09:10:00,117.4,9,67,32.9,0,0,0
2026-09-14 09:15:00,117.2,11,63,32.7,0,0,0
2026-09-14 09:20:00,117.5,9,61,32.6,0,0,0
2026-09-14 09:25:00,118.8,4,61,32.1,0,0,0
2026-09-14 09:30:00,121.0,8,60,31.5,0,0,0
2026-09-14 09:35:00,122.1,19,67,31.1,0,0,0
2026-09-14 09:40:00,119.5,6,66,34.1,0,0,0
2026-09-14 09:45:00,113.9,10,63,34.8,0,0,0
2026-09-14 09:50:00,113.6,7,63,35.0,0,0,0
2026-09-14 09:55:00,114.1,7,63,30.8,0,0,0
2026-09-14 10:00:00,115.4,12,64,32.8,0,0,0
2026-09-14 10:05:00,111.7,9,63,35.7,0,0,0
2026-09-14 10:10:00,116.7,6,65,34.8,0,0,0
2026-09-14 10:15:00,119.3,9,62,31.8,0,0,0
2026-09-14 10:20:00,121.1,9,64,32.2,0,0,0
2026-09-14 10:25:00,122.5,5,66,27.8,0,0,0
2026-09-14 10:30:00,120.4,6,66,29.8,0,0,0
2026-09-14 10:35:00,118.0,5,63,34.0,0,0,0
2026-09-14 10:40:00,116.9,7,64,29.1,0,0,0
2026-09-14 10:45:00,119.0,12,64,30.9,0,0,0
2026-09-14 10:50:00,119.4,6,64,31.7,0,0,0
2026-09-14 10:55:00,119.6,12,68,33.4,0,0,0
2026-09-14 11:00:00,120.0,7,65,33.4,0,0,0
2026-09-14 11:05:00,118.9,3,66,32.0,0,0,0
2026-09-14 11:10:00,120.9,12,64,29.7,0,0,0
2026-09-14 11:15:00,121.1,5,62,34.3,0,0,0
2026-09-14 11:20:00,120.1,3,62,32.9,0,0,0
2026-09-14 11:25:00,121.5,17,61,30.8,0,0,0
2026-09-14 11:30:00,122.1,6,64,33.0,0,0,0
2026-09-14 11:35:00,121.5,2,63,33.9,0,0,0
2026-09-14 11:40:00,120.2,11,66,31.7,0,0,0
2026-09-14 11:45:00,120.8,20,63,29.9,0,0,0
2026-09-14 11:50:00,117.6,7,64,33.4,0,0,0
2026-09-14 11:55:00,117.5,5,61,35.4,0,0,0
2026-09-14 12:00:00,118.4,5,63,33.2,0,0,0
2026-09-14 12:05:00,123.1,6,64,33.4,0,0,0
2026-09-14 12:10:00,125.8,15,65,32.6,0,0,0
2026-09-14 12:15:00,124.6,368,83,32.1,0,0,0
2026-09-14 12:20:00,128.6,375,89,32.5,0,0,0
2026-09-14 12:25:00,127.6,12,66,32.6,0,0,0
2026-09-14 12:30:00,124.1,7,66,34.4,0,0,0
2026-09-14 12:35:00,120.8,4,65,31.9,0,0,0
2026-09-14 12:40:00,122.9,21,62,30.7,0,0,0
2026-09-14 12:45:00,125.0,4,59,36.3,0,0,0
2026-09-14 12:50:00,121.0,14,66,34.1,0,0,0
2026-09-14 12:55:00,122.2,9,63,34.6,0,0,0
2026-09-14 13:00:00,123.5,4,63,33.6,0,0,0
2026-09-14 13:05:00,123.2,10,64,33.4,0,0,0
2026-09-14 13:10:00,119.9,10,66,28.9,0,0,0
2026-09-14 13:15:00,117.7,11,67,33.4,0,0,0
2026-09-14 13:20:00,118.4,12,61,34.0,0,0,0
2026-09-14 13:25:00,121.2,2,65,31.7,0,0,0
2026-09-14 13:30:00,120.9,8,65,28.3,0,0,0
2026-09-14 13:35:00,122.0,6,65,35.0,0,0,0
2026-09-14 13:40:00,123.0,3,66,28.0,0,95,75
2026-09-14 13:45:00,128.5,7,73,30.2,0,0,0
2026-09-14 13:50:00,133.8,8,67,32.6,0,0,0
2026-09-14 13:55:00,137.6,319,84,29.7,0,0,0
2026-09-14 14:00:00,142.1,317,82,32.3,0,0,0
2026-09-14 14:05:00,145.4,6,67,32.5,0,0,0
2026-09-14 14:10:00,147.4,21,60,30.2,0,0,0
2026-09-14 14:15:00,148.9,14,65,34.3,0,0,0
2026-09-14 14:20:00,150.1,11,63,28.1,0,0,0
2026-09-14 14:25:00,149.6,7,60,30.2,0,0,0
2026-09-14 14:30:00,154.7,7,66,34.5,0,0,0
2026-09-14 14:35:00,152.2,13,65,29.0,0,0,0
2026-09-14 14:40:00,152.5,7,62,30.7,0,0,0
2026-09-14 14:45:00,145.7,10,66,27.9,0,0,0
2026-09-14 14:50:00,148.1,3,61,33.7,0,0,0
2026-09-14 14:55:00,149.2,15,64,31.5,0,0,0
2026-09-14 15:00:00,147.0,17,64,33.2,0,0,0
2026-09-14 15:05:00,145.9,7,62,31.3,0,0,0
2026-09-14 15:10:00,144.4,8,64,33.0,0,0,0
2026-09-14 15:15:00,138.7,24,65,31.3,0,0,0
2026-09-14 15:20:00,136.8,13,66,28.9,0,0,0
2026-09-14 15:25:00,134.5,2,62,35.0,0,0,0
2026-09-14 15:30:00,133.4,8,63,34.9,0,0,0
2026-09-14 15:35:00,133.0,3,60,27.7,0,0,0
2026-09-14 15:40:00,132.5,1,62,30.3,0,0,0
2026-09-14 15:45:00,132.2,9,65,32.0,0,0,0
2026-09-14 15:50:00,133.1,16,64,29.5,0,0,0
2026-09-14 15:55:00,133.8,13,61,33.1,0,0,0
2026-09-14 16:00:00,133.0,13,64,36.1,0,0,0
2026-09-14 16:05:00,133.2,6,61,29.4,0,0,0
2026-09-14 16:10:00,132.9,8,61,32.5,0,0,0
2026-09-14 16:15:00,129.9,9,65,30.0,0,0,0
2026-09-14 16:20:00,128.8,2,61,32.2,0,0,0
2026-09-14 16:25:00,126.9,7,65,34.0,0,0,0
2026-09-14 16:30:00,123.5,11,66,32.2,0,0,0
2026-09-14 16:35:00,125.5,17,64,30.8,0,0,0
2026-09-14 16:40:00,125.2,7,65,28.3,0,0,0
2026-09-14 16:45:00,125.3,9,63,34.4,0,0,0
2026-09-14 16:50:00,126.4,4,62,34.4,0,0,0
2026-09-14 16:55:00,123.5,1,62,30.2,0,0,0
2026-09-14 17:00:00,124.5,11,65,33.7,0,0,0
2026-09-14 17:05:00,122.6,10,61,34.6,0,0,0
2026-09-14 17:10:00,125.0,4,64,31.0,0,0,0
2026-09-14 17:15:00,123.7,4,63,32.9,0,0,0
2026-09-14 17:20:00,122.7,12,64,29.6,0,0,0
2026-09-14 17:25:00,122.7,12,60,31.4,0,0,0
2026-09-14 17:30:00,123.2,8,63,32.3,0,0,0
2026-09-14 17:35:00,125.5,11,66,32.7,0,21,50
2026-09-14 17:40:00,125.0,18,67,35.7,0,0,0
2026-09-14 17:45:00,125.7,14,69,31.9,0,0,0
2026-09-14 17:50:00,126.1,490,97,32.7,0,0,0
2026-09-14 17:55:00,123.7,492,93,33.9,0,0,0
2026-09-14 18:00:00,122.3,9,69,31.8,0,0,0
2026-09-14 18:05:00,120.2,6,63,32.8,0,0,0
2026-09-14 18:10:00,123.0,11,63,32.7,0,0,0
2026-09-14 18:15:00,124.4,9,62,31.3,0,0,0
2026-09-14 18:20:00,123.1,11,63,34.7,0,0,0
2026-09-14 18:25:00,127.4,6,61,33.7,0,0,0
2026-09-14 18:30:00,124.9,6,67,32.8,0,0,0
2026-09-14 18:35:00,123.2,14,64,30.0,0,0,0
2026-09-14 18:40:00,121.2,10,63,28.2,0,0,0
2026-09-14 18:45:00,122.6,20,67,32.7,0,0,0
2026-09-14 18:50:00,121.1,10,64,33.0,0,0,0
2026-09-14 18:55:00,121.1,7,63,33.6,0,0,0
2026-09-14 19:00:00,125.1,3,61,33.5,0,0,0
2026-09-14 19:05:00,126.2,5,61,36.0,0,0,0
2026-09-14 19:10:00,125.1,6,63,33.7,0,0,0
2026-09-14 19:15:00,129.1,11,62,32.6,0,0,0
2026-09-14 19:20:00,130.8,7,63,36.0,0,0,0
2026-09-14 19:25:00,126.3,10,64,33.2,0,0,0
2026-09-14 19:30:00,122.8,8,64,32.0,0,0,0
2026-09-14 19:35:00,122.9,16,65,32.2,0,0,0
2026-09-14 19:40:00,124.0,6,65,33.4,0,0,0
2026-09-14 19:45:00,121.4,8,66,33.2,0,0,0
2026-09-14 19:50:00,116.8,3,65,34.2,0,0,0
2026-09-14 19:55:00,119.2,3,63,29.0,0,0,0
2026-09-14 20:00:00,119.0,5,64,34.0,0,0,0
2026-09-14 20:05:00,117.5,5,63,34.9,0,0,0
2026-09-14 20:10:00,119.2,13,66,31.6,0,0,0
2026-09-14 20:15:00,116.2,5,67,33.1,0,0,0
2026-09-14 20:20:00,118.0,9,65,31.3,0,0,0
2026-09-14 20:25:00,120.6,4,64,31.1,0,0,0
2026-09-14 20:30:00,120.9,4,62,28.5,0,0,0
2026-09-14 20:35:00,121.6,4,66,37.3,0,0,0
2026-09-14 20:40:00,117.6,6,63,32.2,0,0,0
2026-09-14 20:45:00,119.6,3,61,32.3,0,0,0
2026-09-14 20:50:00,120.1,8,63,30.6,0,0,0
2026-09-14 20:55:00,117.0,10,66,31.6,0,0,0
2026-09-14 21:00:00,114.7,11,63,35.9,0,0,0
2026-09-14 21:05:00,114.5,6,63,31.1,0,0,0
2026-09-14 21:10:00,116.2,6,60,31.4,0,0,0
2026-09-14 21:15:00,116.6,8,61,31.2,0,0,0
2026-09-14 21:20:00,119.3,16,62,34.0,0,0,0
2026-09-14 21:25:00,121.4,7,62,29.0,0,49,50
2026-09-14 21:30:00,123.3,1,67,33.1,0,0,0
2026-09-14 21:35:00,127.3,5,67,31.7,0,0,0
2026-09-14 21:40:00,127.5,17,65,29.4,0,0,0
2026-09-14 21:45:00,129.6,12,66,32.7,0,0,0
2026-09-14 21:50:00,133.1,4,67,30.3,0,0,0
2026-09-14 21:55:00,128.7,3,63,31.3,0,0,0
2026-09-14 22:00:00,128.9,5,62,34.6,0,0,0
2026-09-14 22:05:00,127.3,15,64,34.3,0,0,0
2026-09-14 22:10:00,126.7,12,63,30.9,0,0,0
2026-09-14 22:15:00,126.9,8,63,32.4,0,0,0
2026-09-14 22:20:00,125.8,7,58,32.6,0,0,0
2026-09-14 22:25:00,126.8,5,62,31.4,0,0,0
2026-09-14 22:30:00,122.9,3,63,29.1,0,0,0
2026-09-14 22:35:00,124.1,14,62,29.3,0,0,0
2026-09-14 22:40:00,123.9,10,62,26.5,0,0,0
2026-09-14 22:45:00,122.2,6,66,34.4,0,0,0
2026-09-14 22:50:00,122.7,10,61,30.7,0,0,0
2026-09-14 22:55:00,122.5,6,64,28.3,0,0,0
2026-09-14 23:00:00,121.1,7,63,32.6,0,0,0
2026-09-14 23:05:00,122.5,10,67,31.5,0,0,0
2026-09-14 23:10:00,119.7,6,65,31.9,0,0,0
2026-09-14 23:15:00,121.1,5,62,29.6,0,0,0
2026-09-14 23:20:00,121.1,10,64,32.2,0,0,0
2026-09-14 23:25:00,120.3,9,64,32.1,0,0,0
2026-09-14 23:30:00,121.5,11,62,34.8,0,0,0
2026-09-14 23:35:00,123.3,6,64,32.6,0,0,0
2026-09-14 23:40:00,123.8,6,66,28.8,0,0,0
2026-09-14 23:45:00,124.7,11,66,35.8,0,0,0
2026-09-14 23:50:00,124.7,8,65,30.1,0,0,0
2026-09-14 23:55:00,123.2,14,59,29.4,0,0,0
