timestamp,glucose_mgdl,steps,heart_rate,hrv_ms,sleeping,carbs_g,meal_gi
2026-09-01 00:00:00,141.2,18,82,39.5,0,0,0
2026-09-01 00:05:00,143.5,40,79,39.6,0,0,0
2026-09-01 00:10:00,144.0,1,73,60.9,1,0,0
2026-09-01 00:15:00,144.9,1,73,64.3,1,0,0
2026-09-01 00:20:00,145.4,2,73,65.8,1,0,0
2026-09-01 00:25:00,143.8,0,73,63.8,1,0,0
2026-09-01 00:30:00,144.3,0,69,64.1,1,0,0
2026-09-01 00:35:00,144.8,0,70,60.9,1,0,0
2026-09-01 00:40:00,144.3,0,73,63.3,1,0,0
2026-09-01 00:45:00,142.6,0,73,64.5,1,0,0
2026-09-01 00:50:00,142.3,1,73,63.0,1,0,0
2026-09-01 00:55:00,142.1,0,70,67.2,1,0,0
2026-09-01 01:00:00,141.3,0,72,59.8,1,0,0
2026-09-01 01:05:00,141.6,1,73,61.7,1,0,0
2026-09-01 01:10:00,141.3,1,72,60.0,1,0,0
2026-09-01 01:15:00,141.9,0,71,63.5,1,0,0
2026-09-01 01:20:00,137.7,0,70,62.1,1,0,0
2026-09-01 01:25:00,139.0,0,74,66.0,1,0,0
2026-09-01 01:30:00,139.0,0,69,60.5,1,0,0
2026-09-01 01:35:00,136.7,1,70,60.1,1,0,0
2026-09-01 01:40:00,135.1,0,74,63.1,1,0,0
2026-09-01 01:45:00,136.8,0,72,64.7,1,0,0
2026-09-01 01:50:00,136.1,0,71,65.3,1,0,0
2026-09-01 01:55:00,136.8,0,71,61.3,1,0,0
2026-09-01 02:00:00,139.1,0,74,63.0,1,0,0
2026-09-01 02:05:00,139.5,1,72,58.7,1,0,0
2026-09-01 02:10:00,137.0,1,71,62.2,1,0,0
2026-09-01 02:15:00,137.6,0,71,62.4,1,0,0
2026-09-01 02:20:00,140.8,0,69,64.9,1,0,0
2026-09-01 02:25:00,139.8,1,72,64.2,1,0,0
2026-09-01 02:30:00,136.8,0,72,67.1,1,0,0
2026-09-01 02:35:00,135.5,0,72,62.6,1,0,0
2026-09-01 02:40:00,136.2,0,70,59.8,1,0,0
2026-09-01 02:45:00,137.8,0,73,60.6,1,0,0
2026-09-01 02:50:00,140.2,1,70,62.8,1,0,0
2026-09-01 02:55:00,139.4,0,68,63.1,1,0,0
2026-09-01 03:00:00,139.3,2,73,63.4,1,0,0
2026-09-01 03:05:00,141.1,0,68,64.5,1,0,0
2026-09-01 03:10:00,139.7,0,68,63.1,1,0,0
2026-09-01 03:15:00,137.1,0,71,65.8,1,0,0
2026-09-01 03:20:00,140.1,1,68,61.5,1,0,0
2026-09-01 03:25:00,139.1,0,73,62.5,1,0,0
2026-09-01 03:30:00,138.8,0,72,64.2,1,0,0
2026-09-01 03:35:00,139.5,0,72,62.2,1,0,0
2026-09-01 03:40:00,141.1,0,69,62.5,1,0,0
2026-09-01 03:45:00,141.8,0,74,64.2,1,0,0
2026-09-01 03:50:00,140.5,0,73,63.1,1,0,0
2026-09-01 03:55:00,140.9,0,69,64.8,1,0,0
2026-09-01 04:00:00,142.0,0,70,61.7,1,0,0
2026-09-01 04:05:00,143.9,0,69,59.5,1,0,0
2026-09-01 04:10:00,143.4,0,70,60.2,1,0,0
2026-09-01 04:15:00,147.6,0,71,59.5,1,0,0
2026-09-01 04:20:00,148.5,0,73,63.1,1,0,0
2026-09-01 04:25:00,145.4,1,71,62.8,1,0,0
2026-09-01 04:30:00,146.6,1,70,62.4,1,0,0
2026-09-01 04:35:00,146.4,0,71,60.8,1,0,0
2026-09-01 04:40:00,145.6,0,70,64.1,1,0,0
2026-09-01 04:45:00,146.2,0,72,65.6,1,0,0
2026-09-01 04:50:00,145.4,1,70,59.8,1,0,0
2026-09-01 04:55:00,147.0,1,69,63.4,1,0,0
2026-09-01 05:00:00,145.3,0,73,64.0,1,0,0
2026-09-01 05:05:00,147.0,0,70,61.9,1,0,0
2026-09-01 05:10:00,146.8,0,70,63.0,1,0,0
2026-09-01 05:15:00,149.7,0,71,62.6,1,0,0
2026-09-01 05:20:00,149.2,1,71,60.1,1,0,0
2026-09-01 05:25:00,150.4,0,71,63.6,1,0,0
2026-09-01 05:30:00,152.9,0,74,65.2,1,0,0
2026-09-01 05:35:00,151.3,0,74,64.0,1,0,0
2026-09-01 05:40:00,152.0,1,70,64.3,1,0,0
2026-09-01 05:45:00,152.1,0,72,59.5,1,0,0
2026-09-01 05:50:00,150.2,1,71,61.2,1,0,0
2026-09-01 05:55:00,149.4,0,70,59.9,1,0,0
2026-09-01 06:00:00,150.8,0,73,58.7,1,0,0
2026-09-01 06:05:00,146.3,1,74,62.9,1,0,0
2026-09-01 06:10:00,147.2,0,74,62.0,1,0,0
2026-09-01 06:15:00,150.0,0,70,63.8,1,0,0
2026-09-01 06:20:00,147.5,0,70,64.0,1,0,0
2026-09-01 06:25:00,149.4,0,73,66.4,1,0,0
2026-09-01 06:30:00,146.7,1,69,63.8,1,0,0
2026-09-01 06:35:00,147.2,0,70,61.7,1,0,0
2026-09-01 06:40:00,145.5,1,69,70.2,1,0,0
2026-09-01 06:45:00,145.5,0,67,62.4,1,0,0
2026-09-01 06:50:00,145.8,2,74,65.1,1,0,0
2026-09-01 06:55:00,143.6,24,81,41.2,0,0,0
2026-09-01 07:00:00,143.7,20,82,38.0,0,0,0
2026-09-01 07:05:00,146.5,22,83,36.3,0,0,0
2026-09-01 07:10:00,143.3,24,79,38.7,0,0,0
2026-09-01 07:15:00,145.6,32,80,37.4,0,0,0
2026-09-01 07:20:00,144.4,11,81,38.7,0,0,0
2026-09-01 07:25:00,145.1,30,80,39.1,0,0,0
2026-09-01 07:30:00,147.8,30,84,37.4,0,33,50
2026-09-01 07:35:00,149.5,44,84,34.4,0,0,0
2026-09-01 07:40:00,153.0,14,82,36.1,0,0,0
2026-09-01 07:45:00,156.3,10,80,37.7,0,0,0
2026-09-01 07:50:00,158.2,12,81,36.8,0,0,0
2026-09-01 07:55:00,158.9,19,80,35.1,0,0,0
2026-09-01 08:00:00,161.0,18,83,36.3,0,0,0
2026-09-01 08:05:00,161.4,36,80,43.1,0,0,0
2026-09-01 08:10:00,159.7,35,82,40.2,0,0,0
2026-09-01 08:15:00,159.9,32,85,38.4,0,0,0
2026-09-01 08:20:00,159.8,29,81,37.1,0,0,0
2026-09-01 08:25:00,162.4,22,81,38.9,0,0,0
2026-09-01 08:30:00,162.2,22,78,36.7,0,0,0
2026-09-01 08:35:00,161.4,52,86,40.7,0,0,0
2026-09-01 08:40:00,159.9,9,80,39.2,0,0,0
2026-09-01 08:45:00,158.5,28,82,38.2,0,0,0
2026-09-01 08:50:00,156.1,38,80,37.7,0,0,0
2026-09-01 08:55:00,154.4,35,83,38.5,0,0,0
2026-09-01 09:00:00,152.0,29,81,36.7,0,0,0
2026-09-01 09:05:00,153.0,14,81,38.3,0,0,0
2026-09-01 09:10:00,155.0,17,81,38.7,0,0,0
2026-09-01 09:15:00,154.6,75,81,40.0,0,0,0
2026-09-01 09:20:00,152.4,19,80,37.4,0,0,0
2026-09-01 09:25:00,150.9,27,82,39.6,0,0,0
2026-09-01 09:30:00,147.7,37,81,40.5,0,0,0
2026-09-01 09:35:00,147.9,41,81,36.5,0,0,0
2026-09-01 09:40:00,146.4,57,81,37.1,0,0,0
2026-09-01 09:45:00,145.4,11,80,37.9,0,0,0
2026-09-01 09:50:00,146.9,26,79,42.9,0,0,0
2026-09-01 09:55:00,144.6,22,81,39.4,0,0,0
2026-09-01 10:00:00,145.4,26,82,38.4,0,0,0
2026-09-01 10:05:00,147.8,20,79,36.6,0,0,0
2026-09-01 10:10:00,144.7,21,81,39.6,0,0,0
2026-09-01 10:15:00,139.6,18,81,36.8,0,0,0
2026-09-01 10:20:00,142.4,29,80,39.0,0,0,0
2026-09-01 10:25:00,139.1,30,81,36.7,0,0,0
2026-09-01 10:30:00,137.9,32,80,39.9,0,0,0
2026-09-01 10:35:00,137.5,25,81,40.0,0,0,0
2026-09-01 10:40:00,136.8,20,84,39.9,0,0,0
2026-09-01 10:45:00,132.9,34,83,35.8,0,0,0
2026-09-01 10:50:00,135.4,30,81,38.5,0,0,0
2026-09-01 10:55:00,136.5,17,83,42.5,0,0,0
2026-09-01 11:00:00,138.1,21,85,36.5,0,0,0
2026-09-01 11:05:00,141.3,29,80,40.0,0,0,0
2026-09-01 11:10:00,139.7,15,79,38.2,0,0,0
2026-09-01 11:15:00,136.0,14,82,35.5,0,0,0
2026-09-01 11:20:00,139.3,49,83,39.8,0,0,0
2026-09-01 11:25:00,141.6,46,83,37.0,0,0,0
2026-09-01 11:30:00,141.5,23,81,38.0,0,0,0
2026-09-01 11:35:00,139.6,17,81,41.6,0,0,0
2026-09-01 11:40:00,142.5,13,80,41.0,0,0,0
2026-09-01 11:45:00,141.6,18,80,41.1,0,0,0
2026-09-01 11:50:00,141.6,35,84,40.6,0,0,0
2026-09-01 11:55:00,138.8,27,82,33.8,0,0,0
2026-09-01 12:00:00,140.9,8,77,39.8,0,0,0
2026-09-01 12:05:00,144.5,16,78,37.3,0,0,0
2026-09-01 12:10:00,148.9,35,80,39.7,0,0,0
2026-09-01 12:15:00,146.6,14,79,37.5,0,0,0
2026-09-01 12:20:00,145.3,35,78,38.1,0,0,0
2026-09-01 12:25:00,146.9,31,83,32.0,0,0,0
2026-09-01 12:30:00,146.1,45,79,38.8,0,0,0
2026-09-01 12:35:00,147.2,24,81,37.2,0,0,0
2026-09-01 12:40:00,146.2,11,78,39.6,0,0,0
2026-09-01 12:45:00,146.9,22,80,35.7,0,0,0
2026-09-01 12:50:00,146.2,12,82,41.5,0,0,0
2026-09-01 12:55:00,146.4,22,79,38.2,0,0,0
2026-09-01 13:00:00,145.7,22,83,37.7,0,64,68
2026-09-01 13:05:00,156.0,21,82,39.1,0,0,0
2026-09-01 13:10:00,162.2,32,88,37.1,0,0,0
2026-09-01 13:15:00,165.3,14,83,38.1,0,0,0
2026-09-01 13:20:00,167.8,20,81,40.2,0,0,0
2026-09-01 13:25:00,169.9,23,87,39.8,0,0,0
2026-09-01 13:30:00,171.7,21,76,41.3,0,0,0
2026-09-01 13:35:00,172.7,48,79,34.1,0,0,0
2026-09-01 13:40:00,175.0,21,81,35.9,0,0,0
2026-09-01 13:45:00,174.3,13,79,41.0,0,0,0
2026-09-01 13:50:00,173.3,39,80,39.3,0,0,0
2026-09-01 13:55:00,171.4,20,80,36.9,0,0,0
2026-09-01 14:00:00,166.5,23,81,35.9,0,0,0
2026-09-01 14:05:00,164.3,48,81,39.8,0,0,0
2026-09-01 14:10:00,161.6,19,79,37.9,0,0,0
2026-09-01 14:15:00,163.2,27,83,39.0,0,0,0
2026-09-01 14:20:00,162.9,13,80,37.2,0,0,0
2026-09-01 14:25:00,164.2,24,81,33.8,0,0,0
2026-09-01 14:30:00,159.3,42,87,38.8,0,0,0
2026-09-01 14:35:00,158.8,31,81,39.0,0,0,0
2026-09-01 14:40:00,157.7,19,78,39.7,0,0,0
2026-09-01 14:45:00,161.9,9,81,38.3,0,0,0
2026-09-01 14:50:00,163.1,20,76,40.8,0,0,0
2026-09-01 14:55:00,160.8,16,80,39.8,0,0,0
2026-09-01 15:00:00,161.4,36,81,40.2,0,0,0
2026-09-01 15:05:00,162.0,12,79,36.6,0,0,0
2026-09-01 15:10:00,161.7,11,79,39.2,0,0,0
2026-09-01 15:15:00,162.3,14,82,35.0,0,0,0
2026-09-01 15:20:00,159.8,18,82,39.5,0,0,0
2026-09-01 15:25:00,160.5,39,81,36.7,0,0,0
2026-09-01 15:30:00,156.1,30,81,39.2,0,0,0
2026-09-01 15:35:00,153.8,40,81,39.0,0,0,0
2026-09-01 15:40:00,153.7,24,84,39.5,0,0,0
2026-09-01 15:45:00,153.9,18,81,38.6,0,0,0
2026-09-01 15:50:00,149.7,18,82,40.0,0,0,0
2026-09-01 15:55:00,148.5,7,75,39.5,0,0,0
2026-09-01 16:00:00,143.8,24,82,39.2,0,0,0
2026-09-01 16:05:00,142.1,18,78,38.5,0,0,0
2026-09-01 16:10:00,144.5,40,84,41.8,0,0,0
2026-09-01 16:15:00,143.5,55,81,38.9,0,0,0
2026-09-01 16:20:00,147.3,20,78,40.7,0,0,0
2026-09-01 16:25:00,147.9,59,86,43.3,0,0,0
2026-09-01 16:30:00,147.8,33,79,38.1,0,0,0
2026-09-01 16:35:00,146.8,14,79,36.7,0,0,0
2026-09-01 16:40:00,147.6,26,79,40.2,0,0,0
2026-09-01 16:45:00,147.5,20,82,35.9,0,0,0
2026-09-01 16:50:00,150.3,21,83,35.9,0,21,50
2026-09-01 16:55:00,151.8,483,114,39.3,0,0,0
2026-09-01 17:00:00,155.2,476,115,38.8,0,0,0
2026-09-01 17:05:00,154.0,29,83,39.5,0,0,0
2026-09-01 17:10:00,155.6,16,83,38.7,0,0,0
2026-09-01 17:15:00,153.8,19,83,39.2,0,0,0
2026-09-01 17:20:00,153.2,12,80,40.4,0,0,0
2026-09-01 17:25:00,154.6,49,80,40.0,0,0,0
2026-09-01 17:30:00,156.0,25,82,37.8,0,0,0
2026-09-01 17:35:00,155.5,29,80,39.1,0,0,0
2026-09-01 17:40:00,155.2,18,80,38.7,0,0,0
2026-09-01 17:45:00,152.2,23,78,37.0,0,0,0
2026-09-01 17:50:00,148.8,29,79,35.6,0,0,0
2026-09-01 17:55:00,149.8,34,83,37.6,0,0,0
2026-09-01 18:00:00,149.7,32,78,37.7,0,0,0
2026-09-01 18:05:00,151.0,11,78,35.5,0,0,0
2026-09-01 18:10:00,149.9,29,80,40.1,0,0,0
2026-09-01 18:15:00,149.0,25,81,39.1,0,0,0
2026-09-01 18:20:00,148.6,23,81,36.8,0,0,0
2026-09-01 18:25:00,149.5,34,78,38.0,0,0,0
2026-09-01 18:30:00,152.3,26,81,39.9,0,0,0
2026-09-01 18:35:00,152.2,31,80,41.4,0,0,0
2026-09-01 18:40:00,149.4,13,80,36.9,0,0,0
2026-09-01 18:45:00,147.4,11,78,44.8,0,0,0
2026-09-01 18:50:00,146.3,32,81,36.7,0,0,0
2026-09-01 18:55:00,145.8,33,81,38.2,0,0,0
2026-09-01 19:00:00,144.6,29,79,39.8,0,0,0
2026-09-01 19:05:00,143.3,16,79,40.1,0,0,0
2026-09-01 19:10:00,140.0,33,81,35.0,0,0,0
2026-09-01 19:15:00,140.1,12,81,39.0,0,0,0
2026-09-01 19:20:00,138.6,17,81,43.1,0,0,0
2026-09-01 19:25:00,140.1,10,79,39.4,0,0,0
2026-09-01 19:30:00,139.4,28,80,43.0,0,0,0
2026-09-01 19:35:00,139.6,32,82,40.2,0,0,0
2026-09-01 19:40:00,140.0,5,79,34.5,0,0,0
2026-09-01 19:45:00,139.5,11,83,39.9,0,0,0
2026-09-01 19:50:00,143.1,28,80,35.4,0,0,0
2026-09-01 19:55:00,142.2,48,86,38.4,0,0,0
2026-09-01 20:00:00,141.9,23,78,38.4,0,0,0
2026-09-01 20:05:00,143.5,45,84,37.7,0,0,0
2026-09-01 20:10:00,141.6,23,81,40.8,0,0,0
2026-09-01 20:15:00,143.2,17,80,37.8,0,0,0
2026-09-01 20:20:00,146.4,41,78,40.3,0,0,0
2026-09-01 20:25:00,145.4,10,82,39.5,0,0,0
2026-09-01 20:30:00,144.0,14,79,39.6,0,0,0
2026-09-01 20:35:00,143.5,10,82,37.2,0,0,0
2026-09-01 20:40:00,145.0,36,82,39.4,0,0,0
2026-09-01 20:45:00,145.3,21,80,37.2,0,0,0
2026-09-01 20:50:00,144.9,28,82,36.7,0,0,0
2026-09-01 20:55:00,141.1,27,81,34.7,0,44,68
2026-09-01 21:00:00,143.6,16,84,37.6,0,0,0
2026-09-01 21:05:00,148.2,15,84,39.2,0,0,0
2026-09-01 21:10:00,152.4,580,116,39.2,0,0,0
2026-09-01 21:15:00,153.1,560,117,41.6,0,0,0
2026-09-01 21:20:00,160.3,22,85,43.1,0,0,0
2026-09-01 21:25:00,159.3,20,77,39.0,0,0,0
2026-09-01 21:30:00,158.9,13,81,42.9,0,0,0
2026-09-01 21:35:00,161.0,28,77,40.1,0,0,0
2026-09-01 21:40:00,161.3,8,79,38.6,0,0,0
2026-09-01 21:45:00,161.2,9,77,36.8,0,0,0
2026-09-01 21:50:00,160.0,25,80,37.8,0,0,0
2026-09-01 21:55:00,161.5,31,81,41.2,0,0,0
2026-09-01 22:00:00,160.5,26,80,38.0,0,0,0
2026-09-01 22:05:00,159.3,33,81,37.7,0,0,0
2026-09-01 22:10:00,155.3,21,80,36.1,0,0,0
2026-09-01 22:15:00,156.1,11,79,38.2,0,0,0
2026-09-01 22:20:00,154.6,33,79,35.5,0,0,0
2026-09-01 22:25:00,153.2,9,84,39.8,0,0,0
2026-09-01 22:30:00,155.4,13,77,35.2,0,0,0
2026-09-01 22:35:00,151.3,13,81,38.8,0,0,0
2026-09-01 22:40:00,148.0,9,77,40.3,0,0,0
2026-09-01 22:45:00,150.1,14,80,35.3,0,0,0
2026-09-01 22:50:00,149.5,41,83,37.9,0,0,0
2026-09-01 22:55:00,148.9,38,78,38.2,0,0,0
2026-09-01 23:00:00,148.3,33,82,40.2,0,0,0
2026-09-01 23:05:00,147.9,8,80,36.4,0,0,0
2026-09-01 23:10:00,143.6,27,80,42.7,0,0,0
2026-09-01 23:15:00,142.8,41,81,38.1,0,0,0
2026-09-01 23:20:00,145.8,9,80,41.9,0,0,0
2026-09-01 23:25:00,146.3,0,69,63.4,1,0,0
2026-09-01 23:30:00,146.3,0,71,65.9,1,0,0
2026-09-01 23:35:00,146.0,0,73,63.5,1,0,0
2026-09-01 23:40:00,147.9,0,73,64.9,1,0,0
2026-09-01 23:45:00,148.5,0,75,61.2,1,0,0
2026-09-01 23:50:00,149.9,0,70,61.3,1,0,0
2026-09-01 23:55:00,146.6,0,74,61.2,1,0,0
2026-09-02 00:00:00,147.5,1,72,66.8,1,0,0
2026-09-02 00:05:00,146.3,0,69,63.1,1,0,0
2026-09-02 00:10:00,144.7,0,70,62.6,1,0,0
2026-09-02 00:15:00,144.0,0,67,60.4,1,0,0
2026-09-02 00:20:00,141.8,0,70,62.6,1,0,0
2026-09-02 00:25:00,143.3,0,76,62.4,1,0,0
2026-09-02 00:30:00,143.6,0,70,63.7,1,0,0
2026-09-02 00:35:00,143.7,0,72,64.1,1,0,0
2026-09-02 00:40:00,142.2,0,74,62.6,1,0,0
2026-09-02 00:45:00,143.8,0,67,62.1,1,0,0
2026-09-02 00:50:00,142.2,0,72,60.1,1,0,0
2026-09-02 00:55:00,139.6,0,70,65.5,1,0,0
2026-09-02 01:00:00,136.5,0,71,58.4,1,0,0
2026-09-02 01:05:00,136.2,0,73,62.1,1,0,0
2026-09-02 01:10:00,136.1,0,73,61.7,1,0,0
2026-09-02 01:15:00,138.4,0,71,65.4,1,0,0
2026-09-02 01:20:00,136.6,0,70,62.6,1,0,0
2026-09-02 01:25:00,134.6,0,67,61.2,1,0,0
2026-09-02 01:30:00,133.7,0,69,64.0,1,0,0
2026-09-02 01:35:00,132.6,0,70,65.1,1,0,0
2026-09-02 01:40:00,131.9,0,71,66.2,1,0,0
2026-09-02 01:45:00,139.0,0,70,65.3,1,0,0
2026-09-02 01:50:00,137.7,0,70,60.1,1,0,0
2026-09-02 01:55:00,141.7,0,70,62.8,1,0,0
2026-09-02 02:00:00,141.5,1,72,62.5,1,0,0
2026-09-02 02:05:00,146.1,0,70,63.3,1,0,0
2026-09-02 02:10:00,146.3,1,71,57.1,1,0,0
2026-09-02 02:15:00,144.6,0,72,59.8,1,0,0
2026-09-02 02:20:00,142.2,0,75,61.4,1,0,0
2026-09-02 02:25:00,144.2,1,69,63.5,1,0,0
2026-09-02 02:30:00,142.9,0,70,62.1,1,0,0
2026-09-02 02:35:00,144.6,0,68,64.1,1,0,0
2026-09-02 02:40:00,144.3,0,71,61.6,1,0,0
2026-09-02 02:45:00,144.1,0,70,61.2,1,0,0
2026-09-02 02:50:00,140.1,0,72,64.8,1,0,0
2026-09-02 02:55:00,142.1,0,72,62.4,1,0,0
2026-09-02 03:00:00,143.5,0,69,59.6,1,0,0
2026-09-02 03:05:00,145.6,0,73,62.3,1,0,0
2026-09-02 03:10:00,143.6,0,69,63.6,1,0,0
2026-09-02 03:15:00,144.7,1,75,63.4,1,0,0
2026-09-02 03:20:00,141.9,0,71,61.5,1,0,0
2026-09-02 03:25:00,145.8,0,68,61.1,1,0,0
2026-09-02 03:30:00,146.1,1,68,62.5,1,0,0
2026-09-02 03:35:00,142.7,0,71,61.2,1,0,0
2026-09-02 03:40:00,138.6,0,77,57.5,1,0,0
2026-09-02 03:45:00,137.2,1,68,58.0,1,0,0
2026-09-02 03:50:00,137.3,0,71,56.2,1,0,0
2026-09-02 03:55:00,141.5,0,70,61.8,1,0,0
2026-09-02 04:00:00,139.3,0,76,64.6,1,0,0
2026-09-02 04:05:00,140.5,0,69,60.5,1,0,0
2026-09-02 04:10:00,139.1,0,71,64.6,1,0,0
2026-09-02 04:15:00,141.9,0,71,62.7,1,0,0
2026-09-02 04:20:00,141.9,0,67,63.0,1,0,0
2026-09-02 04:25:00,141.1,0,75,65.8,1,0,0
2026-09-02 04:30:00,142.6,1,73,62.0,1,0,0
2026-09-02 04:35:00,141.6,1,71,60.6,1,0,0
2026-09-02 04:40:00,144.9,0,73,63.1,1,0,0
2026-09-02 04:45:00,145.4,0,71,60.7,1,0,0
2026-09-02 04:50:00,146.4,0,72,56.8,1,0,0
2026-09-02 04:55:00,147.4,0,71,60.5,1,0,0
2026-09-02 05:00:00,145.7,0,70,61.9,1,0,0
2026-09-02 05:05:00,146.3,0,68,63.0,1,0,0
2026-09-02 05:10:00,146.2,1,72,63.8,1,0,0
2026-09-02 05:15:00,147.9,1,74,64.3,1,0,0
2026-09-02 05:20:00,147.3,0,72,65.1,1,0,0
2026-09-02 05:25:00,148.7,0,72,59.8,1,0,0
2026-09-02 05:30:00,143.5,0,72,59.4,1,0,0
2026-09-02 05:35:00,145.8,1,69,63.1,1,0,0
2026-09-02 05:40:00,148.4,0,67,62.0,1,0,0
2026-09-02 05:45:00,149.3,0,68,62.3,1,0,0
2026-09-02 05:50:00,153.5,0,68,60.8,1,0,0
2026-09-02 05:55:00,152.5,1,72,61.8,1,0,0
2026-09-02 06:00:00,150.4,0,73,62.8,1,0,0
2026-09-02 06:05:00,150.2,1,71,64.2,1,0,0
2026-09-02 06:10:00,152.2,1,74,64.0,1,0,0
2026-09-02 06:15:00,148.5,2,70,64.0,1,0,0
2026-09-02 06:20:00,148.4,0,70,60.1,1,0,0
2026-09-02 06:25:00,146.5,1,72,62.9,1,0,0
2026-09-02 06:30:00,146.7,0,73,61.7,1,0,0
2026-09-02 06:35:00,146.4,0,71,62.3,1,0,0
2026-09-02 06:40:00,146.5,0,73,61.7,1,0,0
2026-09-02 06:45:00,146.3,0,74,60.4,1,0,0
2026-09-02 06:50:00,142.2,18,81,38.2,0,0,0
2026-09-02 06:55:00,141.9,15,78,39.7,0,0,0
2026-09-02 07:00:00,142.8,17,77,36.5,0,0,0
2026-09-02 07:05:00,139.2,64,81,31.7,0,0,0
2026-09-02 07:10:00,138.3,21,83,39.1,0,0,0
2026-09-02 07:15:00,139.9,18,84,41.4,0,0,0
2026-09-02 07:20:00,138.9,24,81,37.5,0,0,0
2026-09-02 07:25:00,143.3,36,80,40.9,0,0,0
2026-09-02 07:30:00,143.9,46,80,40.8,0,0,0
2026-09-02 07:35:00,144.6,20,81,36.7,0,0,0
2026-09-02 07:40:00,146.4,26,81,35.4,0,0,0
2026-09-02 07:45:00,143.3,18,79,36.7,0,0,0
2026-09-02 07:50:00,143.3,27,81,37.4,0,0,0
2026-09-02 07:55:00,144.5,35,82,37.8,0,0,0
2026-09-02 08:00:00,143.0,23,80,37.9,0,0,0
2026-09-02 08:05:00,137.7,35,82,35.9,0,0,0
2026-09-02 08:10:00,138.0,20,83,41.4,0,29,55
2026-09-02 08:15:00,140.2,17,84,36.0,0,0,0
2026-09-02 08:20:00,143.3,17,83,42.1,0,0,0
2026-09-02 08:25:00,149.7,20,84,43.4,0,0,0
2026-09-02 08:30:00,149.9,44,84,37.7,0,0,0
2026-09-02 08:35:00,151.5,33,84,39.7,0,0,0
2026-09-02 08:40:00,153.7,28,83,41.7,0,0,0
2026-09-02 08:45:00,155.2,11,80,38.3,0,0,0
2026-09-02 08:50:00,160.1,40,86,40.1,0,0,0
2026-09-02 08:55:00,163.1,22,80,36.9,0,0,0
2026-09-02 09:00:00,159.5,23,79,36.1,0,0,0
2026-09-02 09:05:00,161.0,12,81,41.1,0,0,0
2026-09-02 09:10:00,161.4,20,80,40.9,0,0,0
2026-09-02 09:15:00,162.7,15,81,39.5,0,0,0
2026-09-02 09:20:00,156.8,18,83,40.4,0,0,0
2026-09-02 09:25:00,158.7,17,79,39.5,0,0,0
2026-09-02 09:30:00,153.8,64,80,35.6,0,0,0
2026-09-02 09:35:00,153.7,28,80,37.1,0,0,0
2026-09-02 09:40:00,153.5,13,77,35.3,0,0,0
2026-09-02 09:45:00,151.0,15,83,38.7,0,0,0
2026-09-02 09:50:00,151.7,17,76,42.0,0,0,0
2026-09-02 09:55:00,153.9,32,81,35.8,0,0,0
2026-09-02 10:00:00,151.7,27,85,39.8,0,0,0
2026-09-02 10:05:00,150.0,10,81,35.3,0,0,0
2026-09-02 10:10:00,148.7,16,80,37.8,0,0,0
2026-09-02 10:15:00,146.9,20,81,35.1,0,0,0
2026-09-02 10:20:00,143.6,15,78,39.7,0,0,0
2026-09-02 10:25:00,143.7,15,81,37.7,0,0,0
2026-09-02 10:30:00,144.5,11,83,36.8,0,0,0
2026-09-02 10:35:00,143.2,416,103,39.4,0,0,0
2026-09-02 10:40:00,145.0,419,100,39.0,0,0,0
2026-09-02 10:45:00,145.8,24,78,39.7,0,0,0
2026-09-02 10:50:00,144.9,38,81,38.4,0,0,0
2026-09-02 10:55:00,147.1,27,81,38.3,0,0,0
2026-09-02 11:00:00,146.8,24,79,35.7,0,0,0
2026-09-02 11:05:00,146.1,27,81,40.5,0,0,0
2026-09-02 11:10:00,146.6,19,81,37.4,0,0,0
2026-09-02 11:15:00,147.0,10,81,38.2,0,0,0
2026-09-02 11:20:00,146.4,21,81,35.9,0,0,0
2026-09-02 11:25:00,147.4,19,77,37.2,0,0,0
2026-09-02 11:30:00,151.9,23,77,40.8,0,0,0
2026-09-02 11:35:00,149.9,18,78,38.0,0,0,0
2026-09-02 11:40:00,149.0,28,80,38.7,0,0,0
2026-09-02 11:45:00,152.4,34,83,41.1,0,0,0
2026-09-02 11:50:00,151.4,35,80,39.7,0,0,0
2026-09-02 11:55:00,147.6,54,83,39.0,0,0,0
2026-09-02 12:00:00,147.3,15,76,36.7,0,0,0
2026-09-02 12:05:00,146.0,12,80,40.2,0,0,0
2026-09-02 12:10:00,146.3,17,80,38.9,0,0,0
2026-09-02 12:15:00,144.3,23,82,41.9,0,0,0
2026-09-02 12:20:00,147.3,20,81,39.1,0,0,0
2026-09-02 12:25:00,151.3,49,83,38.5,0,0,0
2026-09-02 12:30:00,147.6,16,83,40.4,0,0,0
2026-09-02 12:35:00,151.4,16,80,37.2,0,0,0
2026-09-02 12:40:00,153.0,20,78,38.4,0,0,0
2026-09-02 12:45:00,151.9,26,83,39.1,0,0,0
2026-09-02 12:50:00,151.9,16,82,39.1,0,0,0
2026-09-02 12:55:00,148.1,14,77,40.6,0,0,0
2026-09-02 13:00:00,146.1,18,80,35.5,0,0,0
2026-09-02 13:05:00,145.7,10,81,39.1,0,0,0
2026-09-02 13:10:00,141.2,59,81,36.4,0,0,0
2026-09-02 13:15:00,145.2,15,81,41.6,0,0,0
2026-09-02 13:20:00,146.4,9,80,36.6,0,0,0
2026-09-02 13:25:00,152.4,22,82,38.1,0,49,50
2026-09-02 13:30:00,154.2,29,85,35.0,0,0,0
2026-09-02 13:35:00,158.4,35,86,40.8,0,0,0
2026-09-02 13:40:00,161.4,24,83,41.2,0,0,0
2026-09-02 13:45:00,164.8,7,81,38.4,0,0,0
2026-09-02 13:50:00,163.4,28,82,40.8,0,0,0
2026-09-02 13:55:00,162.6,40,85,37.0,0,0,0
2026-09-02 14:00:00,161.3,28,79,37.3,0,0,0
2026-09-02 14:05:00,160.9,25,78,39.8,0,0,0
2026-09-02 14:10:00,159.0,6,78,37.4,0,0,0
2026-09-02 14:15:00,158.5,31,80,37.5,0,0,0
2026-09-02 14:20:00,157.7,35,82,36.3,0,0,0
2026-09-02 14:25:00,157.5,452,105,34.8,0,0,0
2026-09-02 14:30:00,155.3,458,106,37.9,0,0,0
2026-09-02 14:35:00,153.6,30,78,38.1,0,0,0
2026-09-02 14:40:00,152.2,26,79,36.2,0,0,0
2026-09-02 14:45:00,148.9,45,85,41.1,0,0,0
2026-09-02 14:50:00,151.1,35,79,40.5,0,0,0
2026-09-02 14:55:00,150.8,10,77,33.8,0,0,0
2026-09-02 15:00:00,151.3,39,80,41.0,0,0,0
2026-09-02 15:05:00,148.6,17,79,36.2,0,0,0
2026-09-02 15:10:00,150.9,26,78,38.0,0,0,0
2026-09-02 15:15:00,149.0,50,81,37.1,0,0,0
2026-09-02 15:20:00,147.8,22,80,38.6,0,0,0
2026-09-02 15:25:00,150.1,25,82,37.9,0,0,0
2026-09-02 15:30:00,149.8,17,81,37.3,0,0,0
2026-09-02 15:35:00,150.3,47,83,40.1,0,0,0
2026-09-02 15:40:00,149.6,14,84,41.5,0,0,0
2026-09-02 15:45:00,151.6,2,78,37.8,0,0,0
2026-09-02 15:50:00,153.1,13,80,36.2,0,0,0
2026-09-02 15:55:00,154.0,6,83,36.5,0,0,0
2026-09-02 16:00:00,156.5,26,81,37.9,0,0,0
2026-09-02 16:05:00,153.4,14,80,38.6,0,0,0
2026-09-02 16:10:00,152.5,24,84,38.1,0,0,0
2026-09-02 16:15:00,151.6,23,83,39.1,0,0,0
2026-09-02 16:20:00,152.9,18,81,36.8,0,0,0
2026-09-02 16:25:00,155.3,16,79,38.2,0,0,0
2026-09-02 16:30:00,154.7,17,80,37.7,0,0,0
2026-09-02 16:35:00,152.6,40,83,38.4,0,0,0
2026-09-02 16:40:00,151.6,20,78,36.6,0,0,0
2026-09-02 16:45:00,148.9,9,79,35.4,0,0,0
2026-09-02 16:50:00,146.7,15,77,38.1,0,0,0
2026-09-02 16:55:00,148.9,28,82,37.7,0,0,0
2026-09-02 17:00:00,147.3,23,84,37.7,0,0,0
2026-09-02 17:05:00,146.3,25,77,39.5,0,0,0
2026-09-02 17:10:00,148.5,18,80,42.4,0,0,0
2026-09-02 17:15:00,146.2,13,81,35.7,0,0,0
2026-09-02 17:20:00,146.9,22,82,39.7,0,0,0
2026-09-02 17:25:00,144.3,26,83,38.6,0,0,0
2026-09-02 17:30:00,145.8,9,80,40.0,0,0,0
2026-09-02 17:35:00,143.7,28,82,37.5,0,0,0
2026-09-02 17:40:00,144.5,13,83,37.5,0,0,0
2026-09-02 17:45:00,144.8,28,82,36.0,0,0,0
2026-09-02 17:50:00,143.2,21,81,35.2,0,0,0
2026-09-02 17:55:00,145.7,29,85,39.1,0,13,35
2026-09-02 18:00:00,145.7,30,84,36.7,0,0,0
2026-09-02 18:05:00,143.7,48,85,39.3,0,0,0
2026-09-02 18:10:00,147.0,17,84,39.2,0,0,0
2026-09-02 18:15:00,148.0,34,82,36.4,0,0,0
2026-09-02 18:20:00,145.3,25,87,38.9,0,0,0
2026-09-02 18:25:00,143.2,25,82,36.4,0,0,0
2026-09-02 18:30:00,143.2,14,77,37.6,0,0,0
2026-09-02 18:35:00,143.8,25,78,39.2,0,0,0
2026-09-02 18:40:00,142.5,14,82,38.8,0,0,0
2026-09-02 18:45:00,142.5,48,81,37.2,0,0,0
2026-09-02 18:50:00,145.9,18,83,39.9,0,0,0
2026-09-02 18:55:00,146.7,14,80,36.9,0,0,0
2026-09-02 19:00:00,144.9,39,79,38.0,0,0,0
2026-09-02 19:05:00,144.3,25,84,34.5,0,0,0
2026-09-02 19:10:00,139.6,14,80,38.7,0,0,0
2026-09-02 19:15:00,136.9,29,79,33.5,0,0,0
2026-09-02 19:20:00,136.9,15,84,36.7,0,0,0
2026-09-02 19:25:00,138.3,25,81,36.9,0,0,0
2026-09-02 19:30:00,137.6,20,82,37.0,0,0,0
2026-09-02 19:35:00,139.5,20,76,37.4,0,0,0
2026-09-02 19:40:00,140.0,20,81,38.3,0,0,0
2026-09-02 19:45:00,142.7,30,82,37.4,0,0,0
2026-09-02 19:50:00,140.9,27,83,37.2,0,0,0
2026-09-02 19:55:00,141.1,24,80,42.6,0,0,0
2026-09-02 20:00:00,142.9,19,76,38.9,0,0,0
2026-09-02 20:05:00,144.5,23,79,41.0,0,0,0
2026-09-02 20:10:00,145.0,356,101,36.1,0,0,0
2026-09-02 20:15:00,141.0,356,101,39.9,0,0,0
2026-09-02 20:20:00,141.1,365,102,38.9,0,0,0
2026-09-02 20:25:00,139.8,363,104,35.9,0,0,0
2026-09-02 20:30:00,141.5,33,85,38.8,0,0,0
2026-09-02 20:35:00,144.6,13,83,34.0,0,0,0
2026-09-02 20:40:00,146.1,20,77,36.6,0,0,0
2026-09-02 20:45:00,143.5,30,78,37.5,0,0,0
2026-09-02 20:50:00,142.8,22,82,38.1,0,53,50
2026-09-02 20:55:00,144.8,33,88,40.0,0,0,0
2026-09-02 21:00:00,152.2,19,85,37.0,0,0,0
2026-09-02 21:05:00,156.6,16,79,39.5,0,0,0
2026-09-02 21:10:00,158.3,27,84,39.9,0,0,0
2026-09-02 21:15:00,163.5,14,84,36.7,0,0,0
2026-09-02 21:20:00,165.3,13,81,38.2,0,0,0
2026-09-02 21:25:00,163.9,20,76,37.6,0,0,0
2026-09-02 21:30:00,164.4,19,83,39.2,0,0,0
2026-09-02 21:35:00,162.0,27,79,36.2,0,0,0
2026-09-02 21:40:00,163.5,37,82,40.4,0,0,0
2026-09-02 21:45:00,166.2,18,81,42.5,0,0,0
2026-09-02 21:50:00,163.8,24,80,40.3,0,0,0
2026-09-02 21:55:00,159.9,19,82,40.5,0,0,0
2026-09-02 22:00:00,160.2,15,81,31.3,0,0,0
2026-09-02 22:05:00,158.4,27,77,42.1,0,0,0
2026-09-02 22:10:00,157.7,32,82,40.1,0,0,0
2026-09-02 22:15:00,157.5,21,80,41.2,0,0,0
2026-09-02 22:20:00,156.4,33,83,36.7,0,0,0
2026-09-02 22:25:00,157.2,51,82,41.7,0,0,0
2026-09-02 22:30:00,153.9,67,79,34.6,0,0,0
2026-09-02 22:35:00,153.7,34,82,37.5,0,0,0
2026-09-02 22:40:00,152.4,1,72,57.3,1,0,0
2026-09-02 22:45:00,149.2,0,69,63.4,1,0,0
2026-09-02 22:50:00,147.4,1,68,62.0,1,0,0
2026-09-02 22:55:00,145.1,0,69,64.2,1,0,0
2026-09-02 23:00:00,149.0,1,67,65.0,1,0,0
2026-09-02 23:05:00,150.9,0,74,59.9,1,0,0
2026-09-02 23:10:00,152.6,0,71,61.3,1,0,0
2026-09-02 23:15:00,152.4,2,73,60.5,1,0,0
2026-09-02 23:20:00,150.9,0,72,64.3,1,0,0
2026-09-02 23:25:00,150.3,1,71,64.3,1,0,0
2026-09-02 23:30:00,148.1,0,70,61.6,1,0,0
2026-09-02 23:35:00,148.6,0,71,59.0,1,0,0
2026-09-02 23:40:00,149.8,0,69,59.9,1,0,0
2026-09-02 23:45:00,147.2,0,71,59.7,1,0,0
2026-09-02 23:50:00,148.5,0,71,62.2,1,0,0
2026-09-02 23:55:00,146.0,0,70,60.3,1,0,0
2026-09-03 00:00:00,149.4,0,70,65.1,1,0,0
2026-09-03 00:05:00,147.3,0,70,64.0,1,0,0
2026-09-03 00:10:00,144.7,1,70,64.6,1,0,0
2026-09-03 00:15:00,146.8,1,70,60.4,1,0,0
2026-09-03 00:20:00,148.7,0,69,62.9,1,0,0
2026-09-03 00:25:00,144.8,0,72,63.9,1,0,0
2026-09-03 00:30:00,146.7,1,71,66.4,1,0,0
2026-09-03 00:35:00,147.1,0,69,63.4,1,0,0
2026-09-03 00:40:00,144.4,0,70,66.2,1,0,0
2026-09-03 00:45:00,144.8,0,72,59.9,1,0,0
2026-09-03 00:50:00,143.0,0,72,61.9,1,0,0
2026-09-03 00:55:00,144.5,0,73,68.7,1,0,0
2026-09-03 01:00:00,143.1,0,71,62.7,1,0,0
2026-09-03 01:05:00,139.9,1,71,61.3,1,0,0
2026-09-03 01:10:00,138.3,0,71,62.3,1,0,0
2026-09-03 01:15:00,140.6,0,72,63.7,1,0,0
2026-09-03 01:20:00,143.5,0,68,64.7,1,0,0
2026-09-03 01:25:00,142.8,2,71,61.3,1,0,0
2026-09-03 01:30:00,144.0,0,72,63.5,1,0,0
2026-09-03 01:35:00,144.1,0,72,65.1,1,0,0
2026-09-03 01:40:00,145.1,1,74,65.4,1,0,0
2026-09-03 01:45:00,142.6,0,71,63.7,1,0,0
2026-09-03 01:50:00,140.7,0,67,65.3,1,0,0
2026-09-03 01:55:00,140.3,1,74,60.2,1,0,0
2026-09-03 02:00:00,136.8,0,73,65.1,1,0,0
2026-09-03 02:05:00,139.2,1,69,61.0,1,0,0
2026-09-03 02:10:00,138.3,1,71,67.6,1,0,0
2026-09-03 02:15:00,140.3,0,71,63.6,1,0,0
2026-09-03 02:20:00,141.4,1,71,60.8,1,0,0
2026-09-03 02:25:00,140.2,0,70,60.7,1,0,0
2026-09-03 02:30:00,142.8,0,72,65.8,1,0,0
2026-09-03 02:35:00,141.3,0,71,60.8,1,0,0
2026-09-03 02:40:00,141.6,0,69,64.0,1,0,0
2026-09-03 02:45:00,141.4,0,68,60.2,1,0,0
2026-09-03 02:50:00,140.5,0,70,61.7,1,0,0
2026-09-03 02:55:00,144.0,1,72,62.7,1,0,0
2026-09-03 03:00:00,144.2,0,71,60.1,1,0,0
2026-09-03 03:05:00,147.0,0,71,60.6,1,0,0
2026-09-03 03:10:00,147.4,0,74,60.2,1,0,0
2026-09-03 03:15:00,145.7,0,69,65.7,1,0,0
2026-09-03 03:20:00,144.1,0,73,63.5,1,0,0
2026-09-03 03:25:00,145.8,0,72,61.8,1,0,0
2026-09-03 03:30:00,142.9,0,74,57.1,1,0,0
2026-09-03 03:35:00,141.4,0,70,65.6,1,0,0
2026-09-03 03:40:00,140.4,0,74,59.7,1,0,0
2026-09-03 03:45:00,138.6,0,72,63.1,1,0,0
2026-09-03 03:50:00,137.6,0,73,63.1,1,0,0
2026-09-03 03:55:00,136.9,0,68,62.3,1,0,0
2026-09-03 04:00:00,138.5,0,70,60.6,1,0,0
2026-09-03 04:05:00,140.6,0,73,58.4,1,0,0
2026-09-03 04:10:00,142.1,1,70,66.8,1,0,0
2026-09-03 04:15:00,142.4,0,70,63.6,1,0,0
2026-09-03 04:20:00,142.8,1,72,60.8,1,0,0
2026-09-03 04:25:00,141.8,1,72,63.0,1,0,0
2026-09-03 04:30:00,139.7,1,69,60.3,1,0,0
2026-09-03 04:35:00,144.7,0,72,65.2,1,0,0
2026-09-03 04:40:00,146.8,0,69,63.7,1,0,0
2026-09-03 04:45:00,146.5,0,72,59.5,1,0,0
2026-09-03 04:50:00,142.6,1,69,58.6,1,0,0
2026-09-03 04:55:00,141.3,0,67,61.2,1,0,0
2026-09-03 05:00:00,141.3,0,73,61.1,1,0,0
2026-09-03 05:05:00,144.9,1,71,64.5,1,0,0
2026-09-03 05:10:00,145.6,2,69,64.2,1,0,0
2026-09-03 05:15:00,148.1,0,73,65.8,1,0,0
2026-09-03 05:20:00,146.5,0,69,62.4,1,0,0
2026-09-03 05:25:00,144.5,0,71,64.0,1,0,0
2026-09-03 05:30:00,146.8,0,68,63.6,1,0,0
2026-09-03 05:35:00,146.1,0,68,62.7,1,0,0
2026-09-03 05:40:00,145.7,0,71,65.2,1,0,0
2026-09-03 05:45:00,148.7,0,72,61.4,1,0,0
2026-09-03 05:50:00,147.8,0,70,63.6,1,0,0
2026-09-03 05:55:00,151.0,0,70,62.2,1,0,0
2026-09-03 06:00:00,150.8,1,71,60.9,1,0,0
2026-09-03 06:05:00,155.2,0,70,64.1,1,0,0
2026-09-03 06:10:00,151.5,0,73,59.9,1,0,0
2026-09-03 06:15:00,148.9,13,78,39.7,0,0,0
2026-09-03 06:20:00,151.1,36,80,39.1,0,0,0
2026-09-03 06:25:00,151.1,22,81,36.7,0,0,0
2026-09-03 06:30:00,149.9,18,75,38.7,0,0,0
2026-09-03 06:35:00,152.0,26,82,37.9,0,0,0
2026-09-03 06:40:00,148.6,14,76,38.1,0,0,0
2026-09-03 06:45:00,148.1,26,80,38.3,0,0,0
2026-09-03 06:50:00,148.0,17,77,36.2,0,0,0
2026-09-03 06:55:00,149.4,23,81,36.5,0,0,0
2026-09-03 07:00:00,148.8,27,82,40.5,0,0,0
2026-09-03 07:05:00,148.4,26,79,39.1,0,0,0
2026-09-03 07:10:00,150.9,18,82,41.2,0,0,0
2026-09-03 07:15:00,148.1,13,81,37.8,0,0,0
2026-09-03 07:20:00,147.6,16,79,37.1,0,0,0
2026-09-03 07:25:00,149.2,18,80,40.0,0,0,0
2026-09-03 07:30:00,149.2,18,83,39.6,0,0,0
2026-09-03 07:35:00,147.6,22,80,37.0,0,0,0
2026-09-03 07:40:00,148.3,30,82,39.2,0,0,0
2026-09-03 07:45:00,149.4,8,80,42.3,0,0,0
2026-09-03 07:50:00,146.5,20,82,40.3,0,71,78
2026-09-03 07:55:00,155.5,26,81,37.8,0,0,0
2026-09-03 08:00:00,159.8,18,85,36.6,0,0,0
2026-09-03 08:05:00,164.9,444,107,34.5,0,0,0
2026-09-03 08:10:00,165.1,451,111,36.8,0,0,0
2026-09-03 08:15:00,167.1,33,83,35.7,0,0,0
2026-09-03 08:20:00,168.2,17,77,36.0,0,0,0
2026-09-03 08:25:00,168.5,10,82,37.9,0,0,0
2026-09-03 08:30:00,173.4,15,77,37.0,0,0,0
2026-09-03 08:35:00,177.0,21,83,36.4,0,0,0
2026-09-03 08:40:00,174.6,28,86,35.5,0,0,0
2026-09-03 08:45:00,173.9,27,82,38.5,0,0,0
2026-09-03 08:50:00,172.3,23,80,41.9,0,0,0
2026-09-03 08:55:00,175.3,24,79,40.0,0,0,0
2026-09-03 09:00:00,173.1,14,82,36.5,0,0,0
2026-09-03 09:05:00,171.0,15,80,35.9,0,0,0
2026-09-03 09:10:00,172.5,22,84,39.0,0,0,0
2026-09-03 09:15:00,170.8,33,79,38.6,0,0,0
2026-09-03 09:20:00,172.2,20,80,40.0,0,0,0
2026-09-03 09:25:00,169.4,16,82,37.1,0,0,0
2026-09-03 09:30:00,166.8,22,80,37.3,0,0,0
2026-09-03 09:35:00,164.9,23,81,38.3,0,0,0
2026-09-03 09:40:00,160.9,8,79,38.8,0,0,0
2026-09-03 09:45:00,158.9,27,79,38.3,0,0,0
2026-09-03 09:50:00,157.1,6,82,39.2,0,0,0
2026-09-03 09:55:00,151.0,6,78,40.1,0,0,0
2026-09-03 10:00:00,148.5,17,79,40.1,0,0,0
2026-09-03 10:05:00,150.1,26,79,36.1,0,0,0
2026-09-03 10:10:00,149.3,52,82,38.1,0,0,0
2026-09-03 10:15:00,148.7,16,83,40.1,0,0,0
2026-09-03 10:20:00,145.9,17,81,38.6,0,0,0
2026-09-03 10:25:00,143.5,21,77,38.2,0,0,0
2026-09-03 10:30:00,144.9,24,83,37.1,0,0,0
2026-09-03 10:35:00,143.1,19,85,34.1,0,0,0
2026-09-03 10:40:00,142.8,23,79,38.8,0,0,0
2026-09-03 10:45:00,144.0,26,83,35.6,0,0,0
2026-09-03 10:50:00,144.1,32,80,36.6,0,0,0
2026-09-03 10:55:00,141.1,35,81,39.5,0,0,0
2026-09-03 11:00:00,140.9,28,80,40.1,0,0,0
2026-09-03 11:05:00,139.1,31,81,39.9,0,0,0
2026-09-03 11:10:00,143.2,41,84,35.4,0,0,0
2026-09-03 11:15:00,142.4,23,84,35.2,0,0,0
2026-09-03 11:20:00,139.5,20,78,37.9,0,0,0
2026-09-03 11:25:00,138.7,23,85,38.0,0,0,0
2026-09-03 11:30:00,140.8,21,77,33.5,0,0,0
2026-09-03 11:35:00,137.5,35,80,44.1,0,0,0
2026-09-03 11:40:00,140.0,41,82,38.9,0,0,0
2026-09-03 11:45:00,139.6,18,80,36.7,0,0,0
2026-09-03 11:50:00,137.3,21,85,36.1,0,0,0
2026-09-03 11:55:00,138.2,28,79,38.1,0,0,0
2026-09-03 12:00:00,137.8,22,83,37.8,0,0,0
2026-09-03 12:05:00,140.6,26,80,39.9,0,0,0
2026-09-03 12:10:00,140.4,8,79,35.7,0,0,0
2026-09-03 12:15:00,141.8,38,77,36.6,0,0,0
2026-09-03 12:20:00,141.2,28,82,38.4,0,0,0
2026-09-03 12:25:00,140.7,9,80,38.7,0,0,0
2026-09-03 12:30:00,142.3,15,80,39.4,0,0,0
2026-09-03 12:35:00,143.5,12,77,39.0,0,0,0
2026-09-03 12:40:00,143.3,17,82,38.0,0,0,0
2026-09-03 12:45:00,139.3,24,79,39.2,0,0,0
2026-09-03 12:50:00,137.3,12,80,37.2,0,0,0
2026-09-03 12:55:00,139.1,35,81,36.7,0,0,0
2026-09-03 13:00:00,137.8,20,81,39.3,0,0,0
2026-09-03 13:05:00,135.9,425,103,38.3,0,0,0
2026-09-03 13:10:00,136.9,428,105,36.6,0,59,50
2026-09-03 13:15:00,151.9,28,86,37.9,0,0,0
2026-09-03 13:20:00,155.9,15,82,39.0,0,0,0
2026-09-03 13:25:00,158.1,10,82,41.2,0,0,0
2026-09-03 13:30:00,160.0,22,83,36.7,0,0,0
2026-09-03 13:35:00,163.9,21,83,40.1,0,0,0
2026-09-03 13:40:00,168.1,17,79,39.4,0,0,0
2026-09-03 13:45:00,167.4,23,81,39.5,0,0,0
2026-09-03 13:50:00,168.7,36,79,36.5,0,0,0
2026-09-03 13:55:00,170.0,16,82,38.7,0,0,0
2026-09-03 14:00:00,169.2,23,83,38.2,0,0,0
2026-09-03 14:05:00,170.1,17,79,41.2,0,0,0
2026-09-03 14:10:00,168.1,24,80,34.0,0,0,0
2026-09-03 14:15:00,167.1,26,80,41.6,0,0,0
2026-09-03 14:20:00,164.3,22,81,37.7,0,0,0
2026-09-03 14:25:00,166.2,26,82,35.8,0,0,0
2026-09-03 14:30:00,161.4,26,80,39.0,0,0,0
2026-09-03 14:35:00,159.8,18,82,41.4,0,0,0
2026-09-03 14:40:00,158.9,21,78,35.7,0,0,0
2026-09-03 14:45:00,158.0,22,81,39.5,0,0,0
2026-09-03 14:50:00,154.8,14,79,39.0,0,0,0
2026-09-03 14:55:00,150.9,18,79,37.7,0,0,0
2026-09-03 15:00:00,149.1,56,82,39.2,0,0,0
2026-09-03 15:05:00,149.0,28,83,39.0,0,0,0
2026-09-03 15:10:00,147.0,22,80,37.8,0,0,0
2026-09-03 15:15:00,147.4,36,78,39.0,0,0,0
2026-09-03 15:20:00,147.7,20,77,36.1,0,0,0
2026-09-03 15:25:00,147.0,28,80,34.2,0,0,0
2026-09-03 15:30:00,147.4,40,78,39.6,0,0,0
2026-09-03 15:35:00,144.1,14,83,42.3,0,0,0
2026-09-03 15:40:00,139.2,15,81,36.3,0,0,0
2026-09-03 15:45:00,142.9,17,77,35.8,0,0,0
2026-09-03 15:50:00,143.4,36,80,38.3,0,0,0
2026-09-03 15:55:00,141.3,52,83,40.8,0,0,0
2026-09-03 16:00:00,139.6,31,77,38.3,0,0,0
2026-09-03 16:05:00,140.0,14,82,38.2,0,0,0
2026-09-03 16:10:00,138.5,25,79,41.5,0,0,0
2026-09-03 16:15:00,139.5,13,87,39.2,0,0,0
2026-09-03 16:20:00,139.2,19,81,36.8,0,0,0
2026-09-03 16:25:00,140.5,3,81,39.6,0,0,0
2026-09-03 16:30:00,136.0,15,83,35.7,0,0,0
2026-09-03 16:35:00,133.5,12,80,39.7,0,0,0
2026-09-03 16:40:00,139.2,18,83,40.7,0,0,0
2026-09-03 16:45:00,138.2,20,80,39.4,0,14,35
2026-09-03 16:50:00,137.2,22,81,38.3,0,0,0
2026-09-03 16:55:00,140.5,20,83,38.0,0,0,0
2026-09-03 17:00:00,142.7,38,88,38.5,0,0,0
2026-09-03 17:05:00,141.8,39,84,37.6,0,0,0
2026-09-03 17:10:00,140.0,15,83,37.5,0,0,0
2026-09-03 17:15:00,136.0,29,81,38.0,0,0,0
2026-09-03 17:20:00,138.7,25,83,36.6,0,0,0
2026-09-03 17:25:00,139.6,53,81,36.7,0,0,0
2026-09-03 17:30:00,140.2,19,84,41.4,0,0,0
2026-09-03 17:35:00,144.7,19,75,39.2,0,0,0
2026-09-03 17:40:00,146.3,20,77,35.6,0,0,0
2026-09-03 17:45:00,148.4,28,82,39.2,0,0,0
2026-09-03 17:50:00,144.7,24,84,39.4,0,0,0
2026-09-03 17:55:00,142.9,13,82,39.5,0,0,0
2026-09-03 18:00:00,144.0,7,79,39.5,0,0,0
2026-09-03 18:05:00,144.3,27,79,39.2,0,0,0
2026-09-03 18:10:00,142.9,29,77,38.6,0,0,0
2026-09-03 18:15:00,140.1,17,82,42.6,0,0,0
2026-09-03 18:20:00,141.9,40,80,37.3,0,0,0
2026-09-03 18:25:00,139.7,31,80,38.3,0,0,0
2026-09-03 18:30:00,139.0,13,79,39.9,0,0,0
2026-09-03 18:35:00,140.8,22,81,39.3,0,0,0
2026-09-03 18:40:00,142.5,10,80,40.0,0,0,0
2026-09-03 18:45:00,139.4,21,78,35.9,0,0,0
2026-09-03 18:50:00,140.8,14,77,39.9,0,0,0
2026-09-03 18:55:00,142.1,10,79,39.4,0,0,0
2026-09-03 19:00:00,143.6,13,79,39.3,0,0,0
2026-09-03 19:05:00,140.5,5,78,38.6,0,0,0
2026-09-03 19:10:00,142.1,39,80,39.1,0,0,0
2026-09-03 19:15:00,144.5,32,82,38.1,0,0,0
2026-09-03 19:20:00,148.1,14,81,41.8,0,0,0
2026-09-03 19:25:00,143.7,34,82,37.2,0,0,0
2026-09-03 19:30:00,142.2,46,80,36.2,0,0,0
2026-09-03 19:35:00,137.3,576,114,39.1,0,0,0
2026-09-03 19:40:00,137.2,564,113,39.0,0,0,0
2026-09-03 19:45:00,137.1,41,88,40.2,0,0,0
2026-09-03 19:50:00,138.5,56,84,37.2,0,0,0
2026-09-03 19:55:00,140.7,19,80,39.4,0,0,0
2026-09-03 20:00:00,138.6,35,80,39.6,0,0,0
2026-09-03 20:05:00,136.6,20,81,38.6,0,0,0
2026-09-03 20:10:00,139.7,38,83,34.4,0,0,0
2026-09-03 20:15:00,135.1,16,79,40.6,0,0,0
2026-09-03 20:20:00,136.3,20,80,37.1,0,0,0
2026-09-03 20:25:00,137.5,22,80,36.9,0,0,0
2026-09-03 20:30:00,137.8,9,81,39.2,0,0,0
2026-09-03 20:35:00,135.2,30,84,38.4,0,0,0
2026-09-03 20:40:00,136.1,21,76,37.5,0,0,0
2026-09-03 20:45:00,132.8,15,82,39.1,0,0,0
2026-09-03 20:50:00,132.8,30,89,42.3,0,47,50
2026-09-03 20:55:00,139.3,21,87,36.9,0,0,0
2026-09-03 21:00:00,145.6,21,84,37.5,0,0,0
2026-09-03 21:05:00,149.2,14,85,40.6,0,0,0
2026-09-03 21:10:00,155.8,38,82,37.6,0,0,0
2026-09-03 21:15:00,155.7,24,83,37.4,0,0,0
2026-09-03 21:20:00,161.0,40,81,41.5,0,0,0
2026-09-03 21:25:00,161.1,19,82,37.5,0,0,0
2026-09-03 21:30:00,164.1,31,83,37.7,0,0,0
2026-09-03 21:35:00,165.8,30,80,37.8,0,0,0
2026-09-03 21:40:00,168.8,10,78,38.3,0,0,0
2026-09-03 21:45:00,166.8,33,79,39.5,0,0,0
2026-09-03 21:50:00,167.3,15,80,39.3,0,0,0
2026-09-03 21:55:00,167.1,16,77,38.1,0,0,0
2026-09-03 22:00:00,166.8,17,80,41.4,0,0,0
2026-09-03 22:05:00,165.7,10,79,40.0,0,0,0
2026-09-03 22:10:00,163.5,10,79,41.2,0,0,0
2026-09-03 22:15:00,161.5,18,77,39.2,0,0,0
2026-09-03 22:20:00,159.4,43,80,35.3,0,0,0
2026-09-03 22:25:00,157.0,11,80,44.5,0,0,0
2026-09-03 22:30:00,156.1,16,83,36.5,0,0,0
2026-09-03 22:35:00,153.5,21,81,39.3,0,0,0
2026-09-03 22:40:00,154.9,29,82,36.6,0,0,0
2026-09-03 22:45:00,153.2,8,84,38.8,0,0,0
2026-09-03 22:50:00,153.6,14,81,39.9,0,0,0
2026-09-03 22:55:00,150.2,25,78,40.8,0,0,0
2026-09-03 23:00:00,150.6,10,77,35.9,0,0,0
2026-09-03 23:05:00,148.8,11,76,38.9,0,0,0
2026-09-03 23:10:00,148.9,25,83,35.2,0,0,0
2026-09-03 23:15:00,150.7,6,80,38.3,0,0,0
2026-09-03 23:20:00,148.6,38,85,36.1,0,0,0
2026-09-03 23:25:00,148.6,14,77,38.6,0,0,0
2026-09-03 23:30:00,147.3,10,79,40.9,0,0,0
2026-09-03 23:35:00,148.0,24,82,38.6,0,0,0
2026-09-03 23:40:00,147.9,19,75,37.4,0,0,0
2026-09-03 23:45:00,147.1,19,78,39.8,0,0,0
2026-09-03 23:50:00,142.9,22,80,38.6,0,0,0
2026-09-03 23:55:00,140.4,0,74,65.5,1,0,0
2026-09-04 00:00:00,138.4,0,70,64.8,1,0,0
2026-09-04 00:05:00,136.8,0,71,60.5,1,0,0
2026-09-04 00:10:00,137.8,0,69,66.8,1,0,0
2026-09-04 00:15:00,138.7,0,71,60.6,1,0,0
2026-09-04 00:20:00,139.1,1,72,61.8,1,0,0
2026-09-04 00:25:00,137.4,2,71,62.0,1,0,0
2026-09-04 00:30:00,137.5,2,73,59.6,1,0,0
2026-09-04 00:35:00,138.4,0,73,61.2,1,0,0
2026-09-04 00:40:00,142.5,0,70,59.9,1,0,0
2026-09-04 00:45:00,142.9,0,71,63.0,1,0,0
2026-09-04 00:50:00,140.1,1,73,65.6,1,0,0
2026-09-04 00:55:00,140.3,0,68,63.1,1,0,0
2026-09-04 01:00:00,137.8,0,72,62.1,1,0,0
2026-09-04 01:05:00,135.1,0,71,64.2,1,0,0
2026-09-04 01:10:00,136.2,1,70,61.7,1,0,0
2026-09-04 01:15:00,136.0,0,71,64.3,1,0,0
2026-09-04 01:20:00,134.9,1,71,62.9,1,0,0
2026-09-04 01:25:00,133.3,0,72,65.5,1,0,0
2026-09-04 01:30:00,130.4,0,73,67.0,1,0,0
2026-09-04 01:35:00,131.7,0,72,65.3,1,0,0
2026-09-04 01:40:00,131.7,0,68,65.5,1,0,0
2026-09-04 01:45:00,133.8,0,67,63.9,1,0,0
2026-09-04 01:50:00,135.3,0,71,66.0,1,0,0
2026-09-04 01:55:00,135.0,0,70,61.2,1,0,0
2026-09-04 02:00:00,137.4,0,71,64.2,1,0,0
2026-09-04 02:05:00,139.5,0,72,63.0,1,0,0
2026-09-04 02:10:00,134.8,0,70,59.3,1,0,0
2026-09-04 02:15:00,134.8,0,70,61.7,1,0,0
2026-09-04 02:20:00,141.2,0,71,61.7,1,0,0
2026-09-04 02:25:00,142.4,1,73,62.5,1,0,0
2026-09-04 02:30:00,142.6,1,69,62.5,1,0,0
2026-09-04 02:35:00,142.2,1,74,60.9,1,0,0
2026-09-04 02:40:00,143.2,0,72,66.7,1,0,0
2026-09-04 02:45:00,145.1,0,71,64.1,1,0,0
2026-09-04 02:50:00,143.0,0,74,57.7,1,0,0
2026-09-04 02:55:00,142.0,0,71,65.7,1,0,0
2026-09-04 03:00:00,141.3,0,70,61.1,1,0,0
2026-09-04 03:05:00,139.5,0,72,65.7,1,0,0
2026-09-04 03:10:00,136.5,0,73,58.3,1,0,0
2026-09-04 03:15:00,136.5,0,71,63.4,1,0,0
2026-09-04 03:20:00,136.1,1,74,64.1,1,0,0
2026-09-04 03:25:00,135.7,0,75,60.5,1,0,0
2026-09-04 03:30:00,137.3,1,70,60.9,1,0,0
2026-09-04 03:35:00,136.6,0,70,61.0,1,0,0
2026-09-04 03:40:00,135.1,1,69,65.3,1,0,0
2026-09-04 03:45:00,134.1,0,71,65.6,1,0,0
2026-09-04 03:50:00,135.6,1,71,61.4,1,0,0
2026-09-04 03:55:00,141.3,1,71,60.9,1,0,0
2026-09-04 04:00:00,143.4,1,73,63.7,1,0,0
2026-09-04 04:05:00,145.6,0,74,58.0,1,0,0
2026-09-04 04:10:00,147.8,0,69,61.8,1,0,0
2026-09-04 04:15:00,149.2,0,70,61.6,1,0,0
2026-09-04 04:20:00,146.0,0,72,61.4,1,0,0
2026-09-04 04:25:00,146.0,1,69,63.0,1,0,0
2026-09-04 04:30:00,145.8,0,72,61.2,1,0,0
2026-09-04 04:35:00,145.0,0,70,62.3,1,0,0
2026-09-04 04:40:00,144.5,0,74,61.8,1,0,0
2026-09-04 04:45:00,145.0,0,70,63.0,1,0,0
2026-09-04 04:50:00,144.4,0,72,59.2,1,0,0
2026-09-04 04:55:00,147.4,0,70,64.5,1,0,0
2026-09-04 05:00:00,146.7,0,70,63.7,1,0,0
2026-09-04 05:05:00,144.3,0,70,62.3,1,0,0
2026-09-04 05:10:00,146.2,1,69,64.0,1,0,0
2026-09-04 05:15:00,147.1,0,71,63.9,1,0,0
2026-09-04 05:20:00,150.1,0,70,57.8,1,0,0
2026-09-04 05:25:00,149.2,0,70,65.5,1,0,0
2026-09-04 05:30:00,145.5,0,74,66.4,1,0,0
2026-09-04 05:35:00,145.5,0,72,63.8,1,0,0
2026-09-04 05:40:00,145.0,0,75,62.1,1,0,0
2026-09-04 05:45:00,144.2,3,72,62.1,1,0,0
2026-09-04 05:50:00,144.4,0,72,58.5,1,0,0
2026-09-04 05:55:00,144.8,0,72,64.0,1,0,0
2026-09-04 06:00:00,146.4,33,81,36.3,0,0,0
2026-09-04 06:05:00,146.8,38,80,40.9,0,0,0
2026-09-04 06:10:00,149.8,13,81,39.1,0,0,0
2026-09-04 06:15:00,149.5,23,84,37.3,0,0,0
2026-09-04 06:20:00,149.8,21,79,38.1,0,0,0
2026-09-04 06:25:00,151.6,38,80,39.9,0,0,0
2026-09-04 06:30:00,151.3,15,82,38.5,0,0,0
2026-09-04 06:35:00,151.8,18,81,39.8,0,0,0
2026-09-04 06:40:00,152.3,32,82,37.5,0,0,0
2026-09-04 06:45:00,148.0,6,79,42.0,0,0,0
2026-09-04 06:50:00,150.8,34,85,35.5,0,0,0
2026-09-04 06:55:00,150.8,13,79,39.6,0,0,0
2026-09-04 07:00:00,151.0,23,79,36.7,0,0,0
2026-09-04 07:05:00,151.1,23,76,41.0,0,0,0
2026-09-04 07:10:00,152.0,20,79,38.7,0,0,0
2026-09-04 07:15:00,149.2,11,82,38.9,0,0,0
2026-09-04 07:20:00,149.4,20,77,37.6,0,0,0
2026-09-04 07:25:00,145.4,23,79,38.0,0,0,0
2026-09-04 07:30:00,142.8,16,83,36.7,0,0,0
2026-09-04 07:35:00,140.7,16,80,43.4,0,0,0
2026-09-04 07:40:00,138.9,34,80,38.0,0,0,0
2026-09-04 07:45:00,142.0,59,82,37.1,0,0,0
2026-09-04 07:50:00,142.7,13,79,39.2,0,0,0
2026-09-04 07:55:00,142.6,9,79,38.2,0,0,0
2026-09-04 08:00:00,140.3,26,78,36.5,0,0,0
2026-09-04 08:05:00,141.4,17,81,40.0,0,0,0
2026-09-04 08:10:00,136.4,33,84,38.6,0,0,0
2026-09-04 08:15:00,139.6,20,83,41.4,0,39,50
2026-09-04 08:20:00,143.2,19,81,39.7,0,0,0
2026-09-04 08:25:00,148.3,29,85,37.8,0,0,0
2026-09-04 08:30:00,149.7,15,82,36.3,0,0,0
2026-09-04 08:35:00,148.8,15,83,39.3,0,0,0
2026-09-04 08:40:00,146.9,12,82,41.3,0,0,0
2026-09-04 08:45:00,150.5,24,81,37.5,0,0,0
2026-09-04 08:50:00,151.1,11,80,36.5,0,0,0
2026-09-04 08:55:00,151.4,22,77,39.5,0,0,0
2026-09-04 09:00:00,152.8,22,80,36.8,0,0,0
2026-09-04 09:05:00,152.0,28,81,37.9,0,0,0
2026-09-04 09:10:00,153.4,9,78,36.9,0,0,0
2026-09-04 09:15:00,155.4,26,83,35.5,0,0,0
2026-09-04 09:20:00,151.5,55,82,33.9,0,0,0
2026-09-04 09:25:00,146.9,15,79,38.0,0,0,0
2026-09-04 09:30:00,146.7,18,82,41.3,0,0,0
2026-09-04 09:35:00,147.8,31,80,39.3,0,0,0
2026-09-04 09:40:00,147.8,20,80,36.0,0,0,0
2026-09-04 09:45:00,144.1,23,81,38.0,0,0,0
2026-09-04 09:50:00,147.3,4,81,39.0,0,0,0
2026-09-04 09:55:00,147.5,21,81,38.9,0,0,0
2026-09-04 10:00:00,148.1,27,80,37.3,0,0,0
2026-09-04 10:05:00,148.1,18,82,40.4,0,0,0
2026-09-04 10:10:00,151.6,21,78,40.6,0,0,0
2026-09-04 10:15:00,147.7,21,81,40.3,0,0,0
2026-09-04 10:20:00,146.5,26,77,38.7,0,0,0
2026-09-04 10:25:00,146.1,21,82,35.9,0,0,0
2026-09-04 10:30:00,144.3,49,84,38.6,0,0,0
2026-09-04 10:35:00,143.1,28,82,36.5,0,0,0
2026-09-04 10:40:00,144.3,33,81,38.3,0,0,0
2026-09-04 10:45:00,145.1,22,79,37.9,0,0,0
2026-09-04 10:50:00,143.8,8,82,38.9,0,0,0
2026-09-04 10:55:00,143.1,27,82,37.3,0,0,0
2026-09-04 11:00:00,144.7,35,80,37.4,0,0,0
2026-09-04 11:05:00,140.2,15,76,38.0,0,0,0
2026-09-04 11:10:00,145.7,12,80,39.5,0,0,0
2026-09-04 11:15:00,148.2,24,82,39.5,0,0,0
2026-09-04 11:20:00,150.9,17,81,40.3,0,0,0
2026-09-04 11:25:00,151.6,13,80,36.3,0,0,0
2026-09-04 11:30:00,155.1,38,83,36.3,0,0,0
2026-09-04 11:35:00,158.2,20,82,37.9,0,0,0
2026-09-04 11:40:00,156.6,16,80,38.1,0,0,0
2026-09-04 11:45:00,152.3,19,81,34.0,0,0,0
2026-09-04 11:50:00,149.0,26,81,39.2,0,0,0
2026-09-04 11:55:00,148.0,13,80,35.8,0,0,0
2026-09-04 12:00:00,146.9,13,78,40.4,0,0,0
2026-09-04 12:05:00,143.2,26,80,41.5,0,0,0
2026-09-04 12:10:00,143.7,29,80,36.8,0,0,0
2026-09-04 12:15:00,145.3,25,78,41.6,0,0,0
2026-09-04 12:20:00,143.5,16,83,39.4,0,0,0
2026-09-04 12:25:00,141.9,33,84,40.4,0,0,0
2026-09-04 12:30:00,145.0,18,80,36.7,0,0,0
2026-09-04 12:35:00,143.3,68,80,37.1,0,0,0
2026-09-04 12:40:00,145.4,36,82,39.1,0,0,0
2026-09-04 12:45:00,144.7,17,78,38.4,0,0,0
2026-09-04 12:50:00,142.4,10,79,35.5,0,0,0
2026-09-04 12:55:00,141.3,9,80,39.9,0,0,0
2026-09-04 13:00:00,139.4,27,82,42.0,0,0,0
2026-09-04 13:05:00,137.9,10,81,38.0,0,66,55
2026-09-04 13:10:00,146.6,19,85,36.7,0,0,0
2026-09-04 13:15:00,155.3,13,81,37.3,0,0,0
2026-09-04 13:20:00,159.5,23,87,39.1,0,0,0
2026-09-04 13:25:00,161.1,26,83,37.9,0,0,0
2026-09-04 13:30:00,165.5,34,87,34.9,0,0,0
2026-09-04 13:35:00,167.3,16,81,39.6,0,0,0
2026-09-04 13:40:00,168.0,29,77,37.2,0,0,0
2026-09-04 13:45:00,171.3,514,109,38.1,0,0,0
2026-09-04 13:50:00,171.4,519,110,39.6,0,0,0
2026-09-04 13:55:00,173.0,508,110,39.5,0,0,0
2026-09-04 14:00:00,171.4,27,81,39.0,0,0,0
2026-09-04 14:05:00,169.7,15,82,41.7,0,0,0
2026-09-04 14:10:00,166.6,19,84,37.0,0,0,0
2026-09-04 14:15:00,164.3,21,77,33.1,0,0,0
2026-09-04 14:20:00,164.5,11,80,41.7,0,0,0
2026-09-04 14:25:00,165.6,26,82,38.4,0,0,0
2026-09-04 14:30:00,161.4,469,106,39.5,0,0,0
2026-09-04 14:35:00,162.6,480,108,38.1,0,0,0
2026-09-04 14:40:00,158.3,16,79,36.7,0,0,0
2026-09-04 14:45:00,157.2,17,79,37.8,0,0,0
2026-09-04 14:50:00,154.7,55,84,39.3,0,0,0
2026-09-04 14:55:00,155.6,16,77,38.3,0,0,0
2026-09-04 15:00:00,156.3,32,80,37.9,0,0,0
2026-09-04 15:05:00,151.3,36,78,39.6,0,0,0
2026-09-04 15:10:00,150.7,23,79,39.5,0,0,0
2026-09-04 15:15:00,148.1,20,79,36.4,0,0,0
2026-09-04 15:20:00,148.2,26,80,38.3,0,0,0
2026-09-04 15:25:00,146.0,552,112,37.6,0,0,0
2026-09-04 15:30:00,144.5,555,111,39.8,0,0,0
2026-09-04 15:35:00,143.5,20,80,38.9,0,0,0
2026-09-04 15:40:00,145.6,12,78,40.3,0,0,0
2026-09-04 15:45:00,145.8,36,79,38.5,0,0,0
2026-09-04 15:50:00,144.4,16,77,35.8,0,0,0
2026-09-04 15:55:00,144.3,19,82,40.4,0,0,0
2026-09-04 16:00:00,145.6,20,80,39.8,0,0,0
2026-09-04 16:05:00,145.4,24,82,34.6,0,0,0
2026-09-04 16:10:00,145.0,40,81,33.8,0,0,0
2026-09-04 16:15:00,142.8,27,81,38.9,0,0,0
2026-09-04 16:20:00,147.3,33,80,38.4,0,0,0
2026-09-04 16:25:00,151.5,15,75,37.1,0,0,0
2026-09-04 16:30:00,148.7,16,78,36.9,0,0,0
2026-09-04 16:35:00,149.7,53,79,37.3,0,0,0
2026-09-04 16:40:00,147.8,17,81,39.9,0,0,0
2026-09-04 16:45:00,147.9,33,80,38.7,0,0,0
2026-09-04 16:50:00,148.0,32,81,36.9,0,0,0
2026-09-04 16:55:00,146.1,43,81,35.8,0,0,0
2026-09-04 17:00:00,143.8,14,81,38.7,0,0,0
2026-09-04 17:05:00,144.6,11,83,38.7,0,0,0
2026-09-04 17:10:00,143.6,10,79,38.6,0,0,0
2026-09-04 17:15:00,141.0,32,82,40.2,0,0,0
2026-09-04 17:20:00,142.1,20,81,39.4,0,13,35
2026-09-04 17:25:00,142.0,21,82,37.3,0,0,0
2026-09-04 17:30:00,144.5,13,85,39.3,0,0,0
2026-09-04 17:35:00,141.6,30,85,36.8,0,0,0
2026-09-04 17:40:00,137.8,24,82,38.9,0,0,0
2026-09-04 17:45:00,139.5,26,87,40.5,0,0,0
2026-09-04 17:50:00,139.5,26,79,41.1,0,0,0
2026-09-04 17:55:00,137.4,16,79,36.8,0,0,0
2026-09-04 18:00:00,132.8,14,81,37.8,0,0,0
2026-09-04 18:05:00,132.9,9,82,39.6,0,0,0
2026-09-04 18:10:00,135.1,44,81,38.7,0,0,0
2026-09-04 18:15:00,134.3,27,79,41.2,0,0,0
2026-09-04 18:20:00,135.4,25,79,38.3,0,0,0
2026-09-04 18:25:00,136.4,15,82,37.8,0,0,0
2026-09-04 18:30:00,138.8,28,81,39.2,0,0,0
2026-09-04 18:35:00,139.1,17,78,38.9,0,0,0
2026-09-04 18:40:00,137.9,22,80,37.8,0,0,0
2026-09-04 18:45:00,137.7,31,85,36.4,0,0,0
2026-09-04 18:50:00,139.9,28,83,38.0,0,0,0
2026-09-04 18:55:00,139.6,25,79,39.1,0,0,0
2026-09-04 19:00:00,137.4,21,78,38.7,0,0,0
2026-09-04 19:05:00,137.0,32,81,36.4,0,0,0
2026-09-04 19:10:00,140.3,28,80,38.7,0,0,0
2026-09-04 19:15:00,140.5,40,81,37.2,0,0,0
2026-09-04 19:20:00,139.0,42,77,35.2,0,0,0
2026-09-04 19:25:00,139.1,16,81,40.5,0,0,0
2026-09-04 19:30:00,140.5,8,78,39.9,0,0,0
2026-09-04 19:35:00,141.4,12,80,36.1,0,0,0
2026-09-04 19:40:00,142.3,32,81,40.2,0,0,0
2026-09-04 19:45:00,142.6,26,82,39.4,0,0,0
2026-09-04 19:50:00,143.5,15,79,38.5,0,0,0
2026-09-04 19:55:00,139.8,40,84,42.9,0,0,0
2026-09-04 20:00:00,138.4,17,79,38.0,0,0,0
2026-09-04 20:05:00,135.3,19,81,39.2,0,0,0
2026-09-04 20:10:00,136.7,45,79,37.9,0,0,0
2026-09-04 20:15:00,137.4,22,81,36.8,0,0,0
2026-09-04 20:20:00,137.7,11,75,37.5,0,0,0
2026-09-04 20:25:00,139.4,26,80,36.1,0,0,0
2026-09-04 20:30:00,143.3,22,82,39.3,0,59,50
2026-09-04 20:35:00,147.9,29,86,39.5,0,0,0
2026-09-04 20:40:00,151.3,17,87,36.3,0,0,0
2026-09-04 20:45:00,151.0,431,107,38.3,0,0,0
2026-09-04 20:50:00,156.0,416,107,36.7,0,0,0
2026-09-04 20:55:00,157.2,29,82,36.9,0,0,0
2026-09-04 21:00:00,159.0,25,77,37.9,0,0,0
2026-09-04 21:05:00,159.3,37,78,39.0,0,0,0
2026-09-04 21:10:00,159.9,39,81,37.8,0,0,0
2026-09-04 21:15:00,160.7,41,85,39.2,0,0,0
2026-09-04 21:20:00,160.3,28,82,37.7,0,0,0
2026-09-04 21:25:00,160.5,11,85,37.6,0,0,0
2026-09-04 21:30:00,162.0,26,80,40.4,0,0,0
2026-09-04 21:35:00,159.9,18,78,36.3,0,0,0
2026-09-04 21:40:00,160.6,25,79,36.8,0,0,0
2026-09-04 21:45:00,161.5,15,76,36.8,0,0,0
2026-09-04 21:50:00,159.7,23,79,42.7,0,0,0
2026-09-04 21:55:00,159.1,21,81,38.6,0,0,0
2026-09-04 22:00:00,160.2,11,84,39.1,0,0,0
2026-09-04 22:05:00,158.8,13,83,39.8,0,0,0
2026-09-04 22:10:00,158.8,22,79,37.8,0,0,0
2026-09-04 22:15:00,156.9,35,83,40.1,0,0,0
2026-09-04 22:20:00,153.8,40,85,40.7,0,0,0
2026-09-04 22:25:00,151.2,27,81,36.3,0,0,0
2026-09-04 22:30:00,150.3,22,82,41.2,0,0,0
2026-09-04 22:35:00,146.7,15,79,39.5,0,0,0
2026-09-04 22:40:00,148.7,8,79,38.7,0,0,0
2026-09-04 22:45:00,144.8,16,81,38.3,0,0,0
2026-09-04 22:50:00,140.9,15,80,42.8,0,0,0
2026-09-04 22:55:00,137.9,22,80,38.2,0,0,0
2026-09-04 23:00:00,136.6,34,84,39.1,0,0,0
2026-09-04 23:05:00,133.8,22,80,37.5,0,0,0
2026-09-04 23:10:00,136.4,19,76,38.2,0,0,0
2026-09-04 23:15:00,133.9,6,74,40.4,0,0,0
2026-09-04 23:20:00,131.7,25,79,38.1,0,0,0
2026-09-04 23:25:00,136.0,22,81,38.0,0,0,0
2026-09-04 23:30:00,136.2,26,81,35.8,0,0,0
2026-09-04 23:35:00,140.1,20,81,39.3,0,0,0
2026-09-04 23:40:00,139.7,50,83,40.2,0,0,0
2026-09-04 23:45:00,137.4,20,81,34.3,0,0,0
2026-09-04 23:50:00,141.3,0,71,62.5,1,0,0
2026-09-04 23:55:00,144.1,0,71,63.3,1,0,0
2026-09-05 00:00:00,152.3,1,70,60.0,1,0,0
2026-09-05 00:05:00,151.0,0,67,59.5,1,0,0
2026-09-05 00:10:00,150.1,2,70,60.4,1,0,0
2026-09-05 00:15:00,149.8,0,73,59.2,1,0,0
2026-09-05 00:20:00,151.3,1,71,60.4,1,0,0
2026-09-05 00:25:00,151.5,0,72,60.5,1,0,0
2026-09-05 00:30:00,149.6,0,72,59.2,1,0,0
2026-09-05 00:35:00,150.8,0,74,59.5,1,0,0
2026-09-05 00:40:00,149.2,2,71,60.7,1,0,0
2026-09-05 00:45:00,145.8,0,66,59.2,1,0,0
2026-09-05 00:50:00,144.8,0,71,59.4,1,0,0
2026-09-05 00:55:00,149.5,1,70,63.5,1,0,0
2026-09-05 01:00:00,149.0,1,71,61.8,1,0,0
2026-09-05 01:05:00,146.9,0,73,58.9,1,0,0
2026-09-05 01:10:00,148.6,0,71,61.2,1,0,0
2026-09-05 01:15:00,147.8,0,72,60.7,1,0,0
2026-09-05 01:20:00,153.5,0,73,59.8,1,0,0
2026-09-05 01:25:00,152.3,0,71,61.9,1,0,0
2026-09-05 01:30:00,152.2,0,74,60.5,1,0,0
2026-09-05 01:35:00,151.4,0,68,62.1,1,0,0
2026-09-05 01:40:00,150.5,0,70,62.3,1,0,0
2026-09-05 01:45:00,150.2,0,70,61.3,1,0,0
2026-09-05 01:50:00,149.8,0,67,60.8,1,0,0
2026-09-05 01:55:00,149.6,0,71,58.8,1,0,0
2026-09-05 02:00:00,142.5,0,72,60.4,1,0,0
2026-09-05 02:05:00,143.5,1,72,58.5,1,0,0
2026-09-05 02:10:00,146.4,0,70,59.0,1,0,0
2026-09-05 02:15:00,144.8,0,73,58.9,1,0,0
2026-09-05 02:20:00,143.3,0,69,61.7,1,0,0
2026-09-05 02:25:00,142.2,0,72,60.5,1,0,0
2026-09-05 02:30:00,138.7,1,67,59.6,1,0,0
2026-09-05 02:35:00,140.9,1,70,59.7,1,0,0
2026-09-05 02:40:00,142.7,0,69,61.8,1,0,0
2026-09-05 02:45:00,144.7,0,73,62.2,1,0,0
2026-09-05 02:50:00,145.6,1,70,62.8,1,0,0
2026-09-05 02:55:00,144.1,0,72,61.7,1,0,0
2026-09-05 03:00:00,144.7,0,70,61.6,1,0,0
2026-09-05 03:05:00,144.8,0,69,61.2,1,0,0
2026-09-05 03:10:00,144.5,1,69,64.3,1,0,0
2026-09-05 03:15:00,144.3,0,72,62.7,1,0,0
2026-09-05 03:20:00,142.7,0,68,59.9,1,0,0
2026-09-05 03:25:00,142.0,1,68,57.7,1,0,0
2026-09-05 03:30:00,145.7,0,70,61.5,1,0,0
2026-09-05 03:35:00,143.4,0,71,60.8,1,0,0
2026-09-05 03:40:00,143.0,0,73,59.3,1,0,0
2026-09-05 03:45:00,145.5,0,71,58.3,1,0,0
2026-09-05 03:50:00,145.7,0,71,58.4,1,0,0
2026-09-05 03:55:00,148.6,0,71,59.9,1,0,0
2026-09-05 04:00:00,149.7,2,71,63.1,1,0,0
2026-09-05 04:05:00,147.9,0,68,61.7,1,0,0
2026-09-05 04:10:00,148.3,0,68,63.6,1,0,0
2026-09-05 04:15:00,149.4,0,73,64.2,1,0,0
2026-09-05 04:20:00,146.2,0,71,62.3,1,0,0
2026-09-05 04:25:00,148.8,0,72,58.6,1,0,0
2026-09-05 04:30:00,147.8,1,72,63.0,1,0,0
2026-09-05 04:35:00,147.8,0,69,61.2,1,0,0
2026-09-05 04:40:00,151.3,0,69,62.2,1,0,0
2026-09-05 04:45:00,150.5,0,69,62.8,1,0,0
2026-09-05 04:50:00,155.0,0,73,59.7,1,0,0
2026-09-05 04:55:00,154.1,3,70,58.9,1,0,0
2026-09-05 05:00:00,151.1,1,71,59.8,1,0,0
2026-09-05 05:05:00,152.1,0,67,57.2,1,0,0
2026-09-05 05:10:00,150.5,0,70,60.8,1,0,0
2026-09-05 05:15:00,154.3,1,67,60.9,1,0,0
2026-09-05 05:20:00,153.0,0,69,61.4,1,0,0
2026-09-05 05:25:00,156.7,0,70,62.5,1,0,0
2026-09-05 05:30:00,157.1,1,67,60.5,1,0,0
2026-09-05 05:35:00,159.0,0,72,62.9,1,0,0
2026-09-05 05:40:00,161.3,0,68,63.4,1,0,0
2026-09-05 05:45:00,158.8,0,74,61.7,1,0,0
2026-09-05 05:50:00,159.9,0,70,58.8,1,0,0
2026-09-05 05:55:00,162.9,1,69,60.7,1,0,0
2026-09-05 06:00:00,165.2,0,70,60.6,1,0,0
2026-09-05 06:05:00,164.7,1,71,64.8,1,0,0
2026-09-05 06:10:00,160.9,0,76,61.0,1,0,0
2026-09-05 06:15:00,160.0,0,70,57.3,1,0,0
2026-09-05 06:20:00,159.6,0,69,59.6,1,0,0
2026-09-05 06:25:00,160.6,0,71,64.5,1,0,0
2026-09-05 06:30:00,160.4,0,70,56.2,1,0,0
2026-09-05 06:35:00,162.6,31,81,36.8,0,0,0
2026-09-05 06:40:00,162.2,15,82,36.2,0,0,0
2026-09-05 06:45:00,162.0,34,81,41.3,0,0,0
2026-09-05 06:50:00,159.5,27,81,37.9,0,0,0
2026-09-05 06:55:00,157.1,24,78,35.2,0,0,0
2026-09-05 07:00:00,155.4,23,80,40.3,0,0,0
2026-09-05 07:05:00,154.1,24,79,36.5,0,0,0
2026-09-05 07:10:00,152.8,25,79,39.2,0,0,0
2026-09-05 07:15:00,149.5,29,79,36.3,0,0,0
2026-09-05 07:20:00,151.6,21,81,36.7,0,0,0
2026-09-05 07:25:00,150.4,26,79,39.9,0,0,0
2026-09-05 07:30:00,147.6,14,80,36.7,0,0,0
2026-09-05 07:35:00,146.7,17,78,36.3,0,0,0
2026-09-05 07:40:00,144.6,23,79,36.0,0,33,50
2026-09-05 07:45:00,146.2,6,81,35.8,0,0,0
2026-09-05 07:50:00,147.1,14,80,35.2,0,0,0
2026-09-05 07:55:00,152.4,496,112,37.3,0,0,0
2026-09-05 08:00:00,156.5,501,109,37.1,0,0,0
2026-09-05 08:05:00,156.0,22,85,34.0,0,0,0
2026-09-05 08:10:00,159.5,17,77,36.6,0,0,0
2026-09-05 08:15:00,158.6,21,79,38.2,0,0,0
2026-09-05 08:20:00,155.9,13,78,37.5,0,0,0
2026-09-05 08:25:00,153.8,24,78,39.8,0,0,0
2026-09-05 08:30:00,155.3,8,81,37.3,0,0,0
2026-09-05 08:35:00,157.8,24,80,37.4,0,0,0
2026-09-05 08:40:00,161.4,36,81,38.6,0,0,0
2026-09-05 08:45:00,161.2,41,83,40.0,0,0,0
2026-09-05 08:50:00,159.8,32,83,38.1,0,0,0
2026-09-05 08:55:00,158.3,38,82,35.4,0,0,0
2026-09-05 09:00:00,157.4,26,82,35.2,0,0,0
2026-09-05 09:05:00,160.4,7,84,37.4,0,0,0
2026-09-05 09:10:00,159.3,36,81,36.7,0,0,0
2026-09-05 09:15:00,154.9,26,80,37.3,0,0,0
2026-09-05 09:20:00,153.2,15,80,33.4,0,0,0
2026-09-05 09:25:00,153.9,24,80,37.5,0,0,0
2026-09-05 09:30:00,152.2,19,80,39.5,0,0,0
2026-09-05 09:35:00,148.2,16,79,34.0,0,0,0
2026-09-05 09:40:00,153.0,23,79,38.0,0,0,0
2026-09-05 09:45:00,153.5,48,84,38.0,0,0,0
2026-09-05 09:50:00,152.7,16,79,39.3,0,0,0
2026-09-05 09:55:00,150.4,14,80,38.5,0,0,0
2026-09-05 10:00:00,150.5,32,77,37.0,0,0,0
2026-09-05 10:05:00,150.7,12,78,38.3,0,0,0
2026-09-05 10:10:00,154.6,51,82,40.8,0,0,0
2026-09-05 10:15:00,151.4,33,80,38.4,0,0,0
2026-09-05 10:20:00,153.7,28,82,39.9,0,0,0
2026-09-05 10:25:00,156.8,22,79,41.3,0,0,0
2026-09-05 10:30:00,157.3,31,79,37.9,0,0,0
2026-09-05 10:35:00,158.4,43,82,34.4,0,0,0
2026-09-05 10:40:00,158.1,26,79,37.9,0,0,0
2026-09-05 10:45:00,156.5,20,81,38.1,0,0,0
2026-09-05 10:50:00,153.1,39,82,37.2,0,0,0
2026-09-05 10:55:00,154.0,17,81,35.2,0,0,0
2026-09-05 11:00:00,155.8,7,81,36.1,0,0,0
2026-09-05 11:05:00,155.7,20,82,38.2,0,0,0
2026-09-05 11:10:00,156.1,20,85,38.5,0,0,0
2026-09-05 11:15:00,155.3,7,79,40.0,0,0,0
2026-09-05 11:20:00,153.6,27,84,36.2,0,0,0
2026-09-05 11:25:00,154.4,15,80,40.0,0,0,0
2026-09-05 11:30:00,151.5,9,77,33.3,0,0,0
2026-09-05 11:35:00,151.7,8,76,33.4,0,0,0
2026-09-05 11:40:00,149.9,18,83,38.7,0,0,0
2026-09-05 11:45:00,151.8,52,87,38.4,0,0,0
2026-09-05 11:50:00,152.3,14,76,38.9,0,0,0
2026-09-05 11:55:00,151.2,23,77,36.9,0,0,0
2026-09-05 12:00:00,150.0,8,78,41.8,0,0,0
2026-09-05 12:05:00,150.6,56,82,42.6,0,0,0
2026-09-05 12:10:00,149.4,16,79,36.1,0,0,0
2026-09-05 12:15:00,147.9,27,77,39.8,0,0,0
2026-09-05 12:20:00,148.2,25,81,38.5,0,0,0
2026-09-05 12:25:00,144.0,26,81,35.3,0,0,0
2026-09-05 12:30:00,144.0,17,81,36.8,0,0,0
2026-09-05 12:35:00,144.2,17,79,40.5,0,0,0
2026-09-05 12:40:00,144.7,38,82,39.5,0,0,0
2026-09-05 12:45:00,142.1,30,81,36.9,0,0,0
2026-09-05 12:50:00,145.6,35,81,38.5,0,0,0
2026-09-05 12:55:00,143.7,27,81,35.1,0,0,0
2026-09-05 13:00:00,142.4,16,84,38.2,0,0,0
2026-09-05 13:05:00,143.0,13,79,38.2,0,0,0
2026-09-05 13:10:00,145.2,18,83,36.7,0,0,0
2026-09-05 13:15:00,143.5,30,76,36.8,0,0,0
2026-09-05 13:20:00,143.7,24,79,37.6,0,0,0
2026-09-05 13:25:00,143.1,16,80,40.3,0,0,0
2026-09-05 13:30:00,145.6,25,83,37.9,0,0,0
2026-09-05 13:35:00,144.1,23,78,38.1,0,0,0
2026-09-05 13:40:00,146.4,25,82,37.5,0,0,0
2026-09-05 13:45:00,148.3,8,79,37.4,0,0,0
2026-09-05 13:50:00,151.7,35,81,36.0,0,0,0
2026-09-05 13:55:00,150.3,17,83,40.0,0,91,70
2026-09-05 14:00:00,167.5,42,83,37.5,0,0,0
2026-09-05 14:05:00,175.7,42,85,38.5,0,0,0
2026-09-05 14:10:00,182.5,27,80,37.3,0,0,0
2026-09-05 14:15:00,190.0,22,82,32.0,0,0,0
2026-09-05 14:20:00,192.4,35,84,39.9,0,0,0
2026-09-05 14:25:00,194.9,33,84,41.4,0,0,0
2026-09-05 14:30:00,196.3,39,82,39.4,0,0,0
2026-09-05 14:35:00,197.2,41,80,32.4,0,0,0
2026-09-05 14:40:00,198.5,8,81,37.8,0,0,0
2026-09-05 14:45:00,197.1,26,84,35.6,0,0,0
2026-09-05 14:50:00,195.7,30,84,34.5,0,0,0
2026-09-05 14:55:00,194.8,31,80,35.7,0,0,0
2026-09-05 15:00:00,192.6,25,81,37.9,0,0,0
2026-09-05 15:05:00,192.0,14,79,39.3,0,0,0
2026-09-05 15:10:00,190.0,24,78,33.2,0,0,0
2026-09-05 15:15:00,187.7,47,83,41.6,0,0,0
2026-09-05 15:20:00,185.6,48,82,38.6,0,0,0
2026-09-05 15:25:00,185.2,30,82,36.2,0,0,0
2026-09-05 15:30:00,182.5,17,77,40.8,0,0,0
2026-09-05 15:35:00,179.0,50,81,37.3,0,0,0
2026-09-05 15:40:00,174.7,16,82,41.6,0,0,0
2026-09-05 15:45:00,170.1,380,103,35.1,0,0,0
2026-09-05 15:50:00,170.2,369,98,37.0,0,0,0
2026-09-05 15:55:00,168.0,374,103,35.9,0,0,0
2026-09-05 16:00:00,167.8,386,103,35.9,0,0,0
2026-09-05 16:05:00,166.5,29,79,37.8,0,0,0
2026-09-05 16:10:00,161.9,43,79,38.3,0,0,0
2026-09-05 16:15:00,157.8,21,81,34.7,0,0,0
2026-09-05 16:20:00,151.7,28,82,37.9,0,0,0
2026-09-05 16:25:00,152.3,18,81,40.5,0,0,0
2026-09-05 16:30:00,150.3,14,80,37.6,0,0,0
2026-09-05 16:35:00,148.2,12,83,35.1,0,0,0
2026-09-05 16:40:00,151.6,26,80,36.6,0,0,0
2026-09-05 16:45:00,152.1,20,81,41.6,0,0,0
2026-09-05 16:50:00,152.0,11,82,34.9,0,0,0
2026-09-05 16:55:00,153.0,15,79,38.9,0,0,0
2026-09-05 17:00:00,152.4,28,79,35.0,0,0,0
2026-09-05 17:05:00,151.6,31,84,36.8,0,22,50
2026-09-05 17:10:00,154.9,12,81,39.9,0,0,0
2026-09-05 17:15:00,157.0,46,85,38.4,0,0,0
2026-09-05 17:20:00,157.5,41,86,36.0,0,0,0
2026-09-05 17:25:00,158.7,20,84,37.1,0,0,0
2026-09-05 17:30:00,156.3,42,84,37.6,0,0,0
2026-09-05 17:35:00,159.0,20,79,38.0,0,0,0
2026-09-05 17:40:00,158.5,49,83,35.4,0,0,0
2026-09-05 17:45:00,156.9,27,83,39.4,0,0,0
2026-09-05 17:50:00,158.9,25,82,37.6,0,0,0
2026-09-05 17:55:00,156.1,20,80,39.1,0,0,0
2026-09-05 18:00:00,158.2,15,82,38.4,0,0,0
2026-09-05 18:05:00,156.6,15,80,39.4,0,0,0
2026-09-05 18:10:00,155.9,75,84,38.2,0,0,0
2026-09-05 18:15:00,157.9,17,79,37.5,0,0,0
2026-09-05 18:20:00,156.6,23,78,37.9,0,0,0
2026-09-05 18:25:00,158.6,17,81,38.1,0,0,0
2026-09-05 18:30:00,157.3,21,81,37.3,0,0,0
2026-09-05 18:35:00,154.2,30,80,38.4,0,0,0
2026-09-05 18:40:00,156.0,17,79,36.9,0,0,0
2026-09-05 18:45:00,154.5,21,79,34.4,0,0,0
2026-09-05 18:50:00,155.6,25,78,36.4,0,0,0
2026-09-05 18:55:00,153.1,11,79,36.8,0,0,0
2026-09-05 19:00:00,150.1,30,86,38.8,0,0,0
2026-09-05 19:05:00,149.5,13,81,36.4,0,0,0
2026-09-05 19:10:00,152.5,43,81,37.1,0,0,0
2026-09-05 19:15:00,151.8,9,79,42.2,0,0,0
2026-09-05 19:20:00,150.4,16,79,40.5,0,0,0
2026-09-05 19:25:00,147.8,15,78,38.2,0,0,0
2026-09-05 19:30:00,150.8,28,84,37.1,0,0,0
2026-09-05 19:35:00,150.8,24,80,36.3,0,0,0
2026-09-05 19:40:00,150.0,17,78,38.8,0,0,0
2026-09-05 19:45:00,148.7,12,81,37.1,0,0,0
2026-09-05 19:50:00,145.5,23,80,39.0,0,0,0
2026-09-05 19:55:00,144.8,31,82,36.4,0,0,0
2026-09-05 20:00:00,145.1,51,82,41.5,0,0,0
2026-09-05 20:05:00,143.8,24,81,35.2,0,0,0
2026-09-05 20:10:00,141.6,27,80,31.7,0,0,0
2026-09-05 20:15:00,142.2,27,80,34.0,0,0,0
2026-09-05 20:20:00,141.2,17,79,40.6,0,0,0
2026-09-05 20:25:00,145.5,15,81,42.0,0,0,0
2026-09-05 20:30:00,144.8,15,79,39.8,0,0,0
2026-09-05 20:35:00,145.8,18,78,36.0,0,0,0
2026-09-05 20:40:00,144.5,19,79,33.3,0,0,0
2026-09-05 20:45:00,143.8,36,83,36.7,0,0,0
2026-09-05 20:50:00,144.0,21,84,37.9,0,0,0
2026-09-05 20:55:00,143.6,9,80,36.7,0,0,0
2026-09-05 21:00:00,142.2,14,78,35.7,0,0,0
2026-09-05 21:05:00,142.4,23,80,38.2,0,0,0
2026-09-05 21:10:00,140.5,13,81,39.6,0,0,0
2026-09-05 21:15:00,139.9,25,80,38.7,0,0,0
2026-09-05 21:20:00,142.9,9,78,36.5,0,0,0
2026-09-05 21:25:00,141.5,34,87,38.0,0,0,0
2026-09-05 21:30:00,142.6,17,80,40.1,0,0,0
2026-09-05 21:35:00,143.2,10,82,39.1,0,0,0
2026-09-05 21:40:00,141.6,37,85,37.8,0,58,50
2026-09-05 21:45:00,149.2,21,85,38.7,0,0,0
2026-09-05 21:50:00,153.5,26,83,38.0,0,0,0
2026-09-05 21:55:00,155.5,16,82,38.8,0,0,0
2026-09-05 22:00:00,158.4,7,85,36.2,0,0,0
2026-09-05 22:05:00,159.2,25,83,39.0,0,0,0
2026-09-05 22:10:00,159.8,16,82,36.7,0,0,0
2026-09-05 22:15:00,162.0,70,84,37.3,0,0,0
2026-09-05 22:20:00,167.0,22,82,37.3,0,0,0
2026-09-05 22:25:00,162.9,21,78,42.0,0,0,0
2026-09-05 22:30:00,168.5,16,77,35.1,0,0,0
2026-09-05 22:35:00,169.1,22,79,39.1,0,0,0
2026-09-05 22:40:00,167.2,37,80,36.7,0,0,0
2026-09-05 22:45:00,168.7,15,81,34.7,0,0,0
2026-09-05 22:50:00,168.1,9,78,38.6,0,0,0
2026-09-05 22:55:00,169.1,41,81,42.3,0,0,0
2026-09-05 23:00:00,166.3,13,80,37.1,0,0,0
2026-09-05 23:05:00,164.3,12,81,37.0,0,0,0
2026-09-05 23:10:00,165.8,23,82,32.5,0,0,0
2026-09-05 23:15:00,165.7,20,83,35.4,0,0,0
2026-09-05 23:20:00,162.0,34,82,34.0,0,0,0
2026-09-05 23:25:00,162.8,33,79,38.4,0,0,0
2026-09-05 23:30:00,161.2,18,79,36.4,0,0,0
2026-09-05 23:35:00,158.8,0,73,59.6,1,0,0
2026-09-05 23:40:00,154.6,0,69,61.8,1,0,0
2026-09-05 23:45:00,155.3,0,70,63.7,1,0,0
2026-09-05 23:50:00,152.4,1,69,60.5,1,0,0
2026-09-05 23:55:00,154.1,0,73,60.6,1,0,0
2026-09-06 00:00:00,149.8,0,73,65.5,1,0,0
2026-09-06 00:05:00,149.8,0,72,64.8,1,0,0
2026-09-06 00:10:00,152.1,0,71,65.2,1,0,0
2026-09-06 00:15:00,150.5,0,69,63.8,1,0,0
2026-09-06 00:20:00,155.3,0,68,64.2,1,0,0
2026-09-06 00:25:00,153.9,1,70,62.5,1,0,0
2026-09-06 00:30:00,156.2,0,73,61.9,1,0,0
2026-09-06 00:35:00,152.1,0,71,61.6,1,0,0
2026-09-06 00:40:00,148.5,0,70,60.1,1,0,0
2026-09-06 00:45:00,149.6,0,71,60.9,1,0,0
2026-09-06 00:50:00,153.5,1,71,62.5,1,0,0
2026-09-06 00:55:00,149.5,0,71,60.2,1,0,0
2026-09-06 01:00:00,150.0,0,67,60.8,1,0,0
2026-09-06 01:05:00,149.8,0,74,66.4,1,0,0
2026-09-06 01:10:00,147.6,1,69,58.1,1,0,0
2026-09-06 01:15:00,148.0,0,73,63.1,1,0,0
2026-09-06 01:20:00,147.7,0,73,61.9,1,0,0
2026-09-06 01:25:00,146.2,0,73,63.1,1,0,0
2026-09-06 01:30:00,146.7,1,70,65.3,1,0,0
2026-09-06 01:35:00,147.1,0,70,62.5,1,0,0
2026-09-06 01:40:00,149.4,0,74,59.3,1,0,0
2026-09-06 01:45:00,146.8,1,68,58.2,1,0,0
2026-09-06 01:50:00,148.1,1,71,63.5,1,0,0
2026-09-06 01:55:00,146.4,0,67,66.7,1,0,0
2026-09-06 02:00:00,148.3,0,70,59.3,1,0,0
2026-09-06 02:05:00,149.1,0,68,62.1,1,0,0
2026-09-06 02:10:00,153.0,0,71,63.5,1,0,0
2026-09-06 02:15:00,149.9,1,70,62.3,1,0,0
2026-09-06 02:20:00,148.7,0,65,61.8,1,0,0
2026-09-06 02:25:00,144.7,0,69,64.1,1,0,0
2026-09-06 02:30:00,143.4,0,71,56.5,1,0,0
2026-09-06 02:35:00,147.1,0,69,61.8,1,0,0
2026-09-06 02:40:00,144.9,0,71,62.5,1,0,0
2026-09-06 02:45:00,144.5,0,72,61.6,1,0,0
2026-09-06 02:50:00,149.1,0,70,59.1,1,0,0
2026-09-06 02:55:00,148.2,0,73,61.6,1,0,0
2026-09-06 03:00:00,149.1,1,67,63.3,1,0,0
2026-09-06 03:05:00,148.9,0,71,64.6,1,0,0
2026-09-06 03:10:00,144.9,2,74,63.7,1,0,0
2026-09-06 03:15:00,144.8,0,75,60.7,1,0,0
2026-09-06 03:20:00,140.5,0,70,59.5,1,0,0
2026-09-06 03:25:00,139.5,0,69,62.3,1,0,0
2026-09-06 03:30:00,140.2,0,72,58.7,1,0,0
2026-09-06 03:35:00,142.1,0,68,64.2,1,0,0
2026-09-06 03:40:00,142.7,0,72,60.9,1,0,0
2026-09-06 03:45:00,140.8,0,71,61.8,1,0,0
2026-09-06 03:50:00,143.4,0,71,59.6,1,0,0
2026-09-06 03:55:00,145.4,0,70,63.8,1,0,0
2026-09-06 04:00:00,147.0,0,75,63.4,1,0,0
2026-09-06 04:05:00,145.7,2,72,64.3,1,0,0
2026-09-06 04:10:00,143.2,1,67,59.8,1,0,0
2026-09-06 04:15:00,141.3,0,71,61.1,1,0,0
2026-09-06 04:20:00,146.7,0,71,57.6,1,0,0
2026-09-06 04:25:00,148.8,1,74,62.6,1,0,0
2026-09-06 04:30:00,149.4,0,70,59.3,1,0,0
2026-09-06 04:35:00,148.9,0,69,57.0,1,0,0
2026-09-06 04:40:00,150.2,0,72,62.0,1,0,0
2026-09-06 04:45:00,149.0,0,73,63.1,1,0,0
2026-09-06 04:50:00,148.9,1,73,58.7,1,0,0
2026-09-06 04:55:00,148.2,1,70,60.2,1,0,0
2026-09-06 05:00:00,149.2,2,71,61.2,1,0,0
2026-09-06 05:05:00,151.8,0,73,61.1,1,0,0
2026-09-06 05:10:00,149.2,0,71,60.7,1,0,0
2026-09-06 05:15:00,149.5,0,73,66.1,1,0,0
2026-09-06 05:20:00,154.0,0,70,62.9,1,0,0
2026-09-06 05:25:00,153.2,0,72,59.1,1,0,0
2026-09-06 05:30:00,154.2,0,74,59.7,1,0,0
2026-09-06 05:35:00,154.6,0,72,62.8,1,0,0
2026-09-06 05:40:00,152.4,0,71,61.3,1,0,0
2026-09-06 05:45:00,151.1,1,69,62.8,1,0,0
2026-09-06 05:50:00,152.6,0,73,65.0,1,0,0
2026-09-06 05:55:00,152.7,0,72,62.7,1,0,0
2026-09-06 06:00:00,151.4,0,75,59.8,1,0,0
2026-09-06 06:05:00,150.2,1,70,59.7,1,0,0
2026-09-06 06:10:00,151.3,0,67,61.5,1,0,0
2026-09-06 06:15:00,151.5,0,71,63.2,1,0,0
2026-09-06 06:20:00,153.7,0,71,64.0,1,0,0
2026-09-06 06:25:00,152.3,0,72,65.1,1,0,0
2026-09-06 06:30:00,150.8,1,69,59.4,1,0,0
2026-09-06 06:35:00,151.3,0,74,62.3,1,0,0
2026-09-06 06:40:00,149.4,1,68,61.5,1,0,0
2026-09-06 06:45:00,151.5,0,71,64.4,1,0,0
2026-09-06 06:50:00,153.5,1,72,61.5,1,0,0
2026-09-06 06:55:00,152.6,0,70,56.8,1,0,0
2026-09-06 07:00:00,151.1,1,70,64.5,1,0,0
2026-09-06 07:05:00,151.8,0,70,62.1,1,0,0
2026-09-06 07:10:00,148.6,25,82,40.1,0,0,0
2026-09-06 07:15:00,147.3,15,80,34.9,0,0,0
2026-09-06 07:20:00,146.7,24,78,38.3,0,0,0
2026-09-06 07:25:00,145.6,22,78,37.1,0,0,0
2026-09-06 07:30:00,148.6,25,83,37.7,0,27,55
2026-09-06 07:35:00,153.9,22,86,41.5,0,0,0
2026-09-06 07:40:00,158.9,18,85,39.8,0,0,0
2026-09-06 07:45:00,160.2,28,84,41.1,0,0,0
2026-09-06 07:50:00,160.0,50,83,37.5,0,0,0
2026-09-06 07:55:00,162.1,32,82,39.8,0,0,0
2026-09-06 08:00:00,167.3,31,82,39.4,0,0,0
2026-09-06 08:05:00,169.2,23,77,38.6,0,0,0
2026-09-06 08:10:00,168.0,19,80,40.0,0,0,0
2026-09-06 08:15:00,164.1,11,79,37.7,0,0,0
2026-09-06 08:20:00,163.2,19,80,38.7,0,0,0
2026-09-06 08:25:00,163.1,13,83,37.4,0,0,0
2026-09-06 08:30:00,159.3,52,79,39.1,0,0,0
2026-09-06 08:35:00,159.0,22,79,34.9,0,0,0
2026-09-06 08:40:00,162.6,11,79,37.9,0,0,0
2026-09-06 08:45:00,161.7,26,79,39.5,0,0,0
2026-09-06 08:50:00,156.7,33,80,38.1,0,0,0
2026-09-06 08:55:00,157.7,21,85,38.4,0,0,0
2026-09-06 09:00:00,157.7,37,79,35.4,0,0,0
2026-09-06 09:05:00,156.4,20,81,38.1,0,0,0
2026-09-06 09:10:00,156.4,24,81,37.4,0,0,0
2026-09-06 09:15:00,156.9,10,78,36.8,0,0,0
2026-09-06 09:20:00,159.3,14,79,38.1,0,0,0
2026-09-06 09:25:00,155.6,21,80,38.6,0,0,0
2026-09-06 09:30:00,157.1,63,85,35.9,0,0,0
2026-09-06 09:35:00,156.1,23,81,34.1,0,0,0
2026-09-06 09:40:00,154.1,23,85,38.8,0,0,0
2026-09-06 09:45:00,154.7,30,82,41.7,0,0,0
2026-09-06 09:50:00,153.6,14,79,39.6,0,0,0
2026-09-06 09:55:00,153.1,29,81,39.7,0,0,0
2026-09-06 10:00:00,151.3,34,80,42.1,0,0,0
2026-09-06 10:05:00,148.3,461,105,41.2,0,0,0
2026-09-06 10:10:00,148.4,450,105,42.1,0,0,0
2026-09-06 10:15:00,149.5,449,101,37.4,0,0,0
2026-09-06 10:20:00,147.7,32,77,35.7,0,0,0
2026-09-06 10:25:00,149.0,44,86,39.4,0,0,0
2026-09-06 10:30:00,146.1,40,83,39.4,0,0,0
2026-09-06 10:35:00,143.7,7,78,38.6,0,0,0
2026-09-06 10:40:00,149.0,31,83,37.3,0,0,0
2026-09-06 10:45:00,147.2,42,85,40.1,0,0,0
2026-09-06 10:50:00,148.6,8,81,38.7,0,0,0
2026-09-06 10:55:00,148.3,11,77,39.0,0,0,0
2026-09-06 11:00:00,147.9,53,84,39.7,0,0,0
2026-09-06 11:05:00,147.3,28,80,35.6,0,0,0
2026-09-06 11:10:00,150.1,20,81,37.4,0,0,0
2026-09-06 11:15:00,149.2,28,79,40.0,0,0,0
2026-09-06 11:20:00,148.9,402,103,36.6,0,0,0
2026-09-06 11:25:00,151.4,401,105,36.9,0,0,0
2026-09-06 11:30:00,147.7,431,104,37.6,0,0,0
2026-09-06 11:35:00,147.8,433,106,40.2,0,0,0
2026-09-06 11:40:00,148.8,30,82,37.8,0,0,0
2026-09-06 11:45:00,144.8,19,82,37.4,0,0,0
2026-09-06 11:50:00,145.3,38,80,37.9,0,0,0
2026-09-06 11:55:00,145.8,13,79,35.0,0,0,0
2026-09-06 12:00:00,144.1,11,80,38.3,0,0,0
2026-09-06 12:05:00,143.2,22,81,37.2,0,0,0
2026-09-06 12:10:00,143.3,26,82,35.1,0,0,0
2026-09-06 12:15:00,140.9,23,79,37.4,0,0,0
2026-09-06 12:20:00,136.8,31,81,35.5,0,0,0
2026-09-06 12:25:00,136.7,34,79,39.2,0,0,0
2026-09-06 12:30:00,138.7,440,105,38.8,0,0,0
2026-09-06 12:35:00,136.9,434,107,35.6,0,0,0
2026-09-06 12:40:00,135.0,422,107,40.8,0,0,0
2026-09-06 12:45:00,135.0,21,81,38.5,0,0,0
2026-09-06 12:50:00,136.2,22,80,37.0,0,0,0
2026-09-06 12:55:00,138.1,21,83,36.2,0,0,0
2026-09-06 13:00:00,139.6,18,80,38.8,0,0,0
2026-09-06 13:05:00,141.3,25,84,35.1,0,0,0
2026-09-06 13:10:00,143.5,9,83,36.7,0,0,0
2026-09-06 13:15:00,142.5,37,84,37.2,0,0,0
2026-09-06 13:20:00,145.6,18,79,37.2,0,0,0
2026-09-06 13:25:00,148.3,16,82,37.1,0,0,0
2026-09-06 13:30:00,146.6,20,78,35.1,0,0,0
2026-09-06 13:35:00,144.1,19,80,35.2,0,0,0
2026-09-06 13:40:00,141.8,11,85,38.0,0,63,50
2026-09-06 13:45:00,150.0,20,83,37.5,0,0,0
2026-09-06 13:50:00,153.0,20,81,38.4,0,0,0
2026-09-06 13:55:00,156.7,18,85,39.6,0,0,0
2026-09-06 14:00:00,158.9,14,84,38.9,0,0,0
2026-09-06 14:05:00,162.5,47,84,40.7,0,0,0
2026-09-06 14:10:00,167.1,24,84,38.2,0,0,0
2026-09-06 14:15:00,164.6,16,78,39.9,0,0,0
2026-09-06 14:20:00,163.0,14,80,37.9,0,0,0
2026-09-06 14:25:00,166.3,11,79,42.5,0,0,0
2026-09-06 14:30:00,164.3,41,84,35.9,0,0,0
2026-09-06 14:35:00,162.7,19,78,38.1,0,0,0
2026-09-06 14:40:00,161.6,26,83,40.2,0,0,0
2026-09-06 14:45:00,162.6,25,82,37.6,0,0,0
2026-09-06 14:50:00,164.6,15,80,38.7,0,0,0
2026-09-06 14:55:00,168.3,11,79,38.0,0,0,0
2026-09-06 15:00:00,164.2,33,78,37.7,0,0,0
2026-09-06 15:05:00,163.7,35,79,38.2,0,0,0
2026-09-06 15:10:00,162.0,27,82,37.7,0,0,0
2026-09-06 15:15:00,160.5,24,80,36.8,0,0,0
2026-09-06 15:20:00,158.2,8,78,39.5,0,0,0
2026-09-06 15:25:00,152.7,25,81,40.8,0,0,0
2026-09-06 15:30:00,154.2,10,80,36.1,0,0,0
2026-09-06 15:35:00,153.9,32,85,37.0,0,0,0
2026-09-06 15:40:00,151.9,12,80,37.3,0,0,0
2026-09-06 15:45:00,155.7,41,82,37.3,0,0,0
2026-09-06 15:50:00,158.4,17,78,37.5,0,0,0
2026-09-06 15:55:00,158.4,18,79,36.5,0,0,0
2026-09-06 16:00:00,159.9,44,79,38.5,0,0,0
2026-09-06 16:05:00,158.8,18,82,36.9,0,0,0
2026-09-06 16:10:00,152.2,44,82,40.9,0,0,0
2026-09-06 16:15:00,149.6,16,82,38.8,0,0,0
2026-09-06 16:20:00,151.9,38,80,38.8,0,0,0
2026-09-06 16:25:00,153.7,34,84,40.6,0,0,0
2026-09-06 16:30:00,151.1,14,80,38.3,0,26,60
2026-09-06 16:35:00,152.1,22,84,37.5,0,0,0
2026-09-06 16:40:00,156.2,15,83,38.0,0,0,0
2026-09-06 16:45:00,159.7,16,83,38.9,0,0,0
2026-09-06 16:50:00,161.4,13,84,40.3,0,0,0
2026-09-06 16:55:00,162.8,20,80,38.8,0,0,0
2026-09-06 17:00:00,159.0,17,83,39.1,0,0,0
2026-09-06 17:05:00,164.2,17,77,39.9,0,0,0
2026-09-06 17:10:00,163.5,21,80,38.6,0,0,0
2026-09-06 17:15:00,159.8,14,80,37.5,0,0,0
2026-09-06 17:20:00,160.1,36,82,40.5,0,0,0
2026-09-06 17:25:00,157.8,9,78,40.9,0,0,0
2026-09-06 17:30:00,156.0,20,81,37.1,0,0,0
2026-09-06 17:35:00,157.4,17,79,40.0,0,0,0
2026-09-06 17:40:00,154.9,16,83,36.5,0,0,0
2026-09-06 17:45:00,152.9,13,82,40.9,0,0,0
2026-09-06 17:50:00,156.7,35,85,38.4,0,0,0
2026-09-06 17:55:00,156.5,19,79,39.9,0,0,0
2026-09-06 18:00:00,157.4,14,82,38.8,0,0,0
2026-09-06 18:05:00,156.9,32,85,41.8,0,0,0
2026-09-06 18:10:00,159.9,28,77,37.7,0,0,0
2026-09-06 18:15:00,158.4,19,78,37.3,0,0,0
2026-09-06 18:20:00,154.5,21,81,39.4,0,0,0
2026-09-06 18:25:00,149.8,7,79,38.6,0,0,0
2026-09-06 18:30:00,146.6,22,85,38.2,0,0,0
2026-09-06 18:35:00,142.4,43,83,37.3,0,0,0
2026-09-06 18:40:00,143.0,19,77,38.6,0,0,0
2026-09-06 18:45:00,141.4,24,82,36.4,0,0,0
2026-09-06 18:50:00,141.6,47,82,37.6,0,0,0
2026-09-06 18:55:00,141.5,38,83,41.7,0,0,0
2026-09-06 19:00:00,140.8,17,79,36.8,0,0,0
2026-09-06 19:05:00,140.4,27,79,39.4,0,0,0
2026-09-06 19:10:00,143.7,24,78,38.2,0,0,0
2026-09-06 19:15:00,142.4,28,77,39.2,0,0,0
2026-09-06 19:20:00,144.0,34,79,37.5,0,0,0
2026-09-06 19:25:00,147.6,32,79,37.7,0,0,0
2026-09-06 19:30:00,149.3,20,82,37.7,0,0,0
2026-09-06 19:35:00,148.3,31,79,34.8,0,0,0
2026-09-06 19:40:00,146.0,16,80,38.4,0,0,0
2026-09-06 19:45:00,147.9,42,82,37.2,0,0,0
2026-09-06 19:50:00,149.8,25,82,35.9,0,0,0
2026-09-06 19:55:00,149.5,30,79,36.7,0,0,0
2026-09-06 20:00:00,144.6,16,76,35.7,0,0,0
2026-09-06 20:05:00,144.8,30,82,38.4,0,0,0
2026-09-06 20:10:00,145.9,24,81,35.1,0,0,0
2026-09-06 20:15:00,146.7,25,82,37.1,0,0,0
2026-09-06 20:20:00,147.9,28,82,38.8,0,0,0
2026-09-06 20:25:00,146.6,20,83,35.9,0,0,0
2026-09-06 20:30:00,149.1,23,80,41.4,0,0,0
2026-09-06 20:35:00,148.3,37,76,38.6,0,0,0
2026-09-06 20:40:00,146.0,18,81,37.3,0,0,0
2026-09-06 20:45:00,147.1,33,81,37.7,0,0,0
2026-09-06 20:50:00,144.4,22,83,36.2,0,0,0
2026-09-06 20:55:00,145.2,9,79,36.8,0,0,0
2026-09-06 21:00:00,147.3,20,82,41.6,0,0,0
2026-09-06 21:05:00,149.6,31,81,34.8,0,0,0
2026-09-06 21:10:00,147.9,54,82,37.6,0,0,0
2026-09-06 21:15:00,145.4,23,79,37.1,0,0,0
2026-09-06 21:20:00,143.3,42,83,36.5,0,52,50
2026-09-06 21:25:00,148.4,35,86,37.1,0,0,0
2026-09-06 21:30:00,151.6,16,85,31.5,0,0,0
2026-09-06 21:35:00,150.6,440,111,36.8,0,0,0
2026-09-06 21:40:00,151.2,429,110,36.7,0,0,0
2026-09-06 21:45:00,150.1,19,86,41.1,0,0,0
2026-09-06 21:50:00,151.4,20,79,38.9,0,0,0
2026-09-06 21:55:00,150.6,14,81,38.8,0,0,0
2026-09-06 22:00:00,155.1,25,81,34.2,0,0,0
2026-09-06 22:05:00,155.4,53,78,37.1,0,0,0
2026-09-06 22:10:00,152.8,35,81,37.7,0,0,0
2026-09-06 22:15:00,154.8,23,80,37.5,0,0,0
2026-09-06 22:20:00,155.8,27,80,40.0,0,0,0
2026-09-06 22:25:00,156.6,10,78,38.8,0,0,0
2026-09-06 22:30:00,156.2,15,78,36.5,0,0,0
2026-09-06 22:35:00,154.7,21,82,35.2,0,0,0
2026-09-06 22:40:00,155.3,1,74,60.6,1,0,0
2026-09-06 22:45:00,153.9,1,72,62.5,1,0,0
2026-09-06 22:50:00,155.0,0,70,64.3,1,0,0
2026-09-06 22:55:00,158.8,0,70,63.1,1,0,0
2026-09-06 23:00:00,156.5,1,68,60.8,1,0,0
2026-09-06 23:05:00,152.4,1,71,60.3,1,0,0
2026-09-06 23:10:00,152.3,0,69,63.5,1,0,0
2026-09-06 23:15:00,150.7,0,75,62.1,1,0,0
2026-09-06 23:20:00,151.0,0,72,63.4,1,0,0
2026-09-06 23:25:00,149.7,0,74,62.1,1,0,0
2026-09-06 23:30:00,149.4,0,71,64.9,1,0,0
2026-09-06 23:35:00,148.0,0,70,65.7,1,0,0
2026-09-06 23:40:00,144.4,0,67,61.2,1,0,0
2026-09-06 23:45:00,140.9,0,73,58.9,1,0,0
2026-09-06 23:50:00,137.4,1,73,60.8,1,0,0
2026-09-06 23:55:00,135.5,0,71,59.9,1,0,0
2026-09-07 00:00:00,133.9,0,70,61.9,1,0,0
2026-09-07 00:05:00,136.5,1,71,64.5,1,0,0
2026-09-07 00:10:00,139.1,2,69,60.0,1,0,0
2026-09-07 00:15:00,140.9,0,71,60.8,1,0,0
2026-09-07 00:20:00,142.5,1,71,61.2,1,0,0
2026-09-07 00:25:00,140.0,0,71,62.5,1,0,0
2026-09-07 00:30:00,139.6,0,73,64.8,1,0,0
2026-09-07 00:35:00,135.6,0,71,64.7,1,0,0
2026-09-07 00:40:00,132.3,0,69,65.1,1,0,0
2026-09-07 00:45:00,135.2,1,73,60.3,1,0,0
2026-09-07 00:50:00,134.4,1,68,67.2,1,0,0
2026-09-07 00:55:00,134.5,1,70,64.7,1,0,0
2026-09-07 01:00:00,137.1,0,71,62.5,1,0,0
2026-09-07 01:05:00,135.7,0,71,63.1,1,0,0
2026-09-07 01:10:00,138.7,0,71,64.0,1,0,0
2026-09-07 01:15:00,138.0,0,70,60.2,1,0,0
2026-09-07 01:20:00,140.2,0,70,61.7,1,0,0
2026-09-07 01:25:00,142.7,0,73,65.3,1,0,0
2026-09-07 01:30:00,141.7,1,70,65.3,1,0,0
2026-09-07 01:35:00,140.1,0,70,60.8,1,0,0
2026-09-07 01:40:00,137.9,0,70,61.4,1,0,0
2026-09-07 01:45:00,137.3,0,75,62.8,1,0,0
2026-09-07 01:50:00,139.1,0,75,63.9,1,0,0
2026-09-07 01:55:00,137.7,0,72,66.6,1,0,0
2026-09-07 02:00:00,138.3,0,72,62.8,1,0,0
2026-09-07 02:05:00,138.4,0,69,61.9,1,0,0
2026-09-07 02:10:00,138.8,0,72,62.0,1,0,0
2026-09-07 02:15:00,142.1,0,70,59.8,1,0,0
2026-09-07 02:20:00,140.6,0,73,64.1,1,0,0
2026-09-07 02:25:00,139.6,0,69,63.4,1,0,0
2026-09-07 02:30:00,141.3,0,72,65.4,1,0,0
2026-09-07 02:35:00,144.1,0,70,68.0,1,0,0
2026-09-07 02:40:00,147.0,0,74,65.2,1,0,0
2026-09-07 02:45:00,147.4,1,72,64.4,1,0,0
2026-09-07 02:50:00,148.6,0,74,63.4,1,0,0
2026-09-07 02:55:00,147.5,0,73,63.5,1,0,0
2026-09-07 03:00:00,146.8,0,69,63.8,1,0,0
2026-09-07 03:05:00,147.9,1,76,60.3,1,0,0
2026-09-07 03:10:00,145.3,1,68,62.7,1,0,0
2026-09-07 03:15:00,145.4,0,69,62.5,1,0,0
2026-09-07 03:20:00,145.1,0,71,65.6,1,0,0
2026-09-07 03:25:00,145.1,0,67,62.5,1,0,0
2026-09-07 03:30:00,142.6,0,68,61.7,1,0,0
2026-09-07 03:35:00,142.0,0,66,62.1,1,0,0
2026-09-07 03:40:00,144.3,0,72,62.2,1,0,0
2026-09-07 03:45:00,146.9,1,71,61.5,1,0,0
2026-09-07 03:50:00,144.0,0,71,59.9,1,0,0
2026-09-07 03:55:00,143.1,0,74,63.2,1,0,0
2026-09-07 04:00:00,146.3,0,69,63.8,1,0,0
2026-09-07 04:05:00,146.7,1,73,62.1,1,0,0
2026-09-07 04:10:00,148.1,0,67,64.3,1,0,0
2026-09-07 04:15:00,146.9,1,73,62.5,1,0,0
2026-09-07 04:20:00,141.5,0,73,64.6,1,0,0
2026-09-07 04:25:00,141.4,0,72,64.3,1,0,0
2026-09-07 04:30:00,139.0,0,71,63.8,1,0,0
2026-09-07 04:35:00,140.2,0,76,60.2,1,0,0
2026-09-07 04:40:00,138.8,0,71,64.8,1,0,0
2026-09-07 04:45:00,139.3,0,73,64.8,1,0,0
2026-09-07 04:50:00,139.2,1,68,63.2,1,0,0
2026-09-07 04:55:00,140.7,0,68,64.3,1,0,0
2026-09-07 05:00:00,141.6,0,71,63.1,1,0,0
2026-09-07 05:05:00,143.5,0,74,66.1,1,0,0
2026-09-07 05:10:00,138.9,0,67,64.0,1,0,0
2026-09-07 05:15:00,140.7,1,75,61.2,1,0,0
2026-09-07 05:20:00,142.0,0,69,65.5,1,0,0
2026-09-07 05:25:00,139.9,0,72,62.6,1,0,0
2026-09-07 05:30:00,135.6,1,69,60.1,1,0,0
2026-09-07 05:35:00,135.1,2,72,65.8,1,0,0
2026-09-07 05:40:00,137.6,0,73,63.1,1,0,0
2026-09-07 05:45:00,139.6,0,68,62.7,1,0,0
2026-09-07 05:50:00,140.3,1,70,65.4,1,0,0
2026-09-07 05:55:00,139.4,0,68,60.6,1,0,0
2026-09-07 06:00:00,141.6,0,74,60.8,1,0,0
2026-09-07 06:05:00,139.8,0,71,63.3,1,0,0
2026-09-07 06:10:00,141.8,0,69,62.3,1,0,0
2026-09-07 06:15:00,143.5,1,70,63.9,1,0,0
2026-09-07 06:20:00,142.5,21,79,35.1,0,0,0
2026-09-07 06:25:00,142.6,18,78,40.1,0,0,0
2026-09-07 06:30:00,144.2,24,76,38.7,0,0,0
2026-09-07 06:35:00,144.3,22,81,36.2,0,0,0
2026-09-07 06:40:00,148.0,13,76,40.2,0,0,0
2026-09-07 06:45:00,147.4,25,81,40.1,0,0,0
2026-09-07 06:50:00,148.3,17,80,39.1,0,0,0
2026-09-07 06:55:00,150.7,23,83,37.3,0,0,0
2026-09-07 07:00:00,148.6,21,81,39.1,0,0,0
2026-09-07 07:05:00,147.8,14,79,41.1,0,0,0
2026-09-07 07:10:00,147.6,12,79,34.2,0,0,0
2026-09-07 07:15:00,146.9,21,80,37.5,0,0,0
2026-09-07 07:20:00,144.0,35,79,39.5,0,0,0
2026-09-07 07:25:00,139.9,23,79,39.2,0,0,0
2026-09-07 07:30:00,142.8,45,84,37.5,0,0,0
2026-09-07 07:35:00,143.2,24,82,38.8,0,0,0
2026-09-07 07:40:00,140.5,17,80,35.8,0,0,0
2026-09-07 07:45:00,137.6,16,80,40.8,0,0,0
2026-09-07 07:50:00,133.9,13,78,34.8,0,0,0
2026-09-07 07:55:00,135.9,20,80,35.1,0,0,0
2026-09-07 08:00:00,133.6,35,79,34.2,0,0,0
2026-09-07 08:05:00,135.1,14,80,40.3,0,0,0
2026-09-07 08:10:00,133.8,21,84,39.1,0,34,55
2026-09-07 08:15:00,139.5,29,79,36.3,0,0,0
2026-09-07 08:20:00,141.0,22,82,41.1,0,0,0
2026-09-07 08:25:00,141.6,484,111,38.3,0,0,0
2026-09-07 08:30:00,144.4,485,109,38.1,0,0,0
2026-09-07 08:35:00,145.4,31,83,38.7,0,0,0
2026-09-07 08:40:00,145.3,12,75,37.2,0,0,0
2026-09-07 08:45:00,146.1,20,82,38.2,0,0,0
2026-09-07 08:50:00,144.2,23,82,37.1,0,0,0
2026-09-07 08:55:00,145.4,14,78,40.1,0,0,0
2026-09-07 09:00:00,146.9,28,79,36.9,0,0,0
2026-09-07 09:05:00,151.6,16,77,38.0,0,0,0
2026-09-07 09:10:00,153.2,14,78,37.5,0,0,0
2026-09-07 09:15:00,154.8,31,81,38.0,0,0,0
2026-09-07 09:20:00,150.8,20,81,42.0,0,0,0
2026-09-07 09:25:00,151.5,25,76,37.2,0,0,0
2026-09-07 09:30:00,152.1,45,84,40.4,0,0,0
2026-09-07 09:35:00,154.1,23,78,37.7,0,0,0
2026-09-07 09:40:00,154.2,16,80,38.9,0,0,0
2026-09-07 09:45:00,156.6,11,80,35.1,0,0,0
2026-09-07 09:50:00,155.2,21,84,38.8,0,0,0
2026-09-07 09:55:00,152.3,19,79,37.0,0,0,0
2026-09-07 10:00:00,153.9,29,81,37.3,0,0,0
2026-09-07 10:05:00,152.7,17,78,37.2,0,0,0
2026-09-07 10:10:00,150.2,30,82,40.5,0,0,0
2026-09-07 10:15:00,147.8,20,75,38.0,0,0,0
2026-09-07 10:20:00,147.1,25,80,36.9,0,0,0
2026-09-07 10:25:00,148.3,32,78,41.0,0,0,0
2026-09-07 10:30:00,147.9,10,80,39.0,0,0,0
2026-09-07 10:35:00,149.7,7,79,38.6,0,0,0
2026-09-07 10:40:00,146.7,11,77,36.7,0,0,0
2026-09-07 10:45:00,144.2,30,84,38.1,0,0,0
2026-09-07 10:50:00,144.4,41,82,38.5,0,0,0
2026-09-07 10:55:00,141.6,15,80,39.7,0,0,0
2026-09-07 11:00:00,142.0,20,81,39.8,0,0,0
2026-09-07 11:05:00,138.6,13,77,37.7,0,0,0
2026-09-07 11:10:00,138.3,25,82,38.4,0,0,0
2026-09-07 11:15:00,138.6,16,79,41.5,0,0,0
2026-09-07 11:20:00,139.5,25,81,38.9,0,0,0
2026-09-07 11:25:00,141.4,17,79,37.1,0,0,0
2026-09-07 11:30:00,140.3,24,75,39.2,0,0,0
2026-09-07 11:35:00,140.7,27,80,39.9,0,0,0
2026-09-07 11:40:00,141.1,24,81,38.1,0,0,0
2026-09-07 11:45:00,141.4,30,79,37.9,0,0,0
2026-09-07 11:50:00,141.3,16,81,38.1,0,0,0
2026-09-07 11:55:00,139.6,35,80,39.4,0,0,0
2026-09-07 12:00:00,140.1,30,84,37.7,0,0,0
2026-09-07 12:05:00,141.2,23,78,38.7,0,0,0
2026-09-07 12:10:00,141.1,31,81,38.9,0,0,0
2026-09-07 12:15:00,139.1,20,84,39.9,0,0,0
2026-09-07 12:20:00,138.3,29,78,39.8,0,0,0
2026-09-07 12:25:00,138.3,12,82,37.9,0,0,0
2026-09-07 12:30:00,139.7,45,79,37.9,0,0,0
2026-09-07 12:35:00,138.9,15,82,38.9,0,0,0
2026-09-07 12:40:00,136.4,26,83,37.6,0,0,0
2026-09-07 12:45:00,134.2,27,82,37.2,0,0,0
2026-09-07 12:50:00,138.1,64,83,37.3,0,0,0
2026-09-07 12:55:00,135.7,36,82,37.3,0,0,0
2026-09-07 13:00:00,138.9,30,80,38.4,0,0,0
2026-09-07 13:05:00,139.7,18,78,41.2,0,0,0
2026-09-07 13:10:00,137.9,5,84,38.1,0,0,0
2026-09-07 13:15:00,134.6,20,77,39.4,0,0,0
2026-09-07 13:20:00,133.6,25,80,40.2,0,0,0
2026-09-07 13:25:00,135.4,32,85,39.6,0,0,0
2026-09-07 13:30:00,134.6,10,74,38.7,0,0,0
2026-09-07 13:35:00,136.8,18,80,39.9,0,0,0
2026-09-07 13:40:00,138.2,24,85,40.6,0,55,50
2026-09-07 13:45:00,140.7,15,82,39.7,0,0,0
2026-09-07 13:50:00,143.0,14,80,36.7,0,0,0
2026-09-07 13:55:00,145.3,32,86,39.7,0,0,0
2026-09-07 14:00:00,149.4,22,84,37.5,0,0,0
2026-09-07 14:05:00,151.6,50,83,37.3,0,0,0
2026-09-07 14:10:00,155.5,32,83,41.7,0,0,0
2026-09-07 14:15:00,156.2,25,81,37.1,0,0,0
2026-09-07 14:20:00,159.6,26,80,41.1,0,0,0
2026-09-07 14:25:00,160.2,18,78,38.7,0,0,0
2026-09-07 14:30:00,159.5,29,82,35.2,0,0,0
2026-09-07 14:35:00,157.9,17,79,37.8,0,0,0
2026-09-07 14:40:00,154.6,47,80,35.6,0,0,0
2026-09-07 14:45:00,154.1,26,81,37.2,0,0,0
2026-09-07 14:50:00,155.5,15,79,36.9,0,0,0
2026-09-07 14:55:00,156.6,13,74,37.3,0,0,0
2026-09-07 15:00:00,157.4,19,82,36.1,0,0,0
2026-09-07 15:05:00,155.3,30,80,38.8,0,0,0
2026-09-07 15:10:00,153.0,26,79,40.1,0,0,0
2026-09-07 15:15:00,151.3,13,79,41.3,0,0,0
2026-09-07 15:20:00,149.7,12,81,38.0,0,0,0
2026-09-07 15:25:00,150.5,34,78,38.3,0,0,0
2026-09-07 15:30:00,150.8,18,79,38.7,0,0,0
2026-09-07 15:35:00,148.0,14,80,39.0,0,0,0
2026-09-07 15:40:00,149.8,29,82,35.7,0,0,0
2026-09-07 15:45:00,148.8,16,81,36.1,0,0,0
2026-09-07 15:50:00,148.7,17,82,36.3,0,0,0
2026-09-07 15:55:00,148.1,35,78,37.4,0,0,0
2026-09-07 16:00:00,148.5,30,81,37.1,0,0,0
2026-09-07 16:05:00,148.0,15,82,41.7,0,0,0
2026-09-07 16:10:00,143.6,27,78,42.8,0,0,0
2026-09-07 16:15:00,143.0,17,82,40.4,0,0,0
2026-09-07 16:20:00,144.6,18,81,40.6,0,0,0
2026-09-07 16:25:00,144.6,38,81,39.1,0,0,0
2026-09-07 16:30:00,144.4,10,80,40.4,0,0,0
2026-09-07 16:35:00,143.5,8,77,36.9,0,0,0
2026-09-07 16:40:00,146.9,24,80,42.1,0,0,0
2026-09-07 16:45:00,149.0,21,82,37.7,0,0,0
2026-09-07 16:50:00,149.6,19,83,41.0,0,0,0
2026-09-07 16:55:00,150.4,21,81,38.6,0,0,0
2026-09-07 17:00:00,151.1,36,82,39.0,0,0,0
2026-09-07 17:05:00,151.9,29,80,41.6,0,0,0
2026-09-07 17:10:00,150.9,48,79,37.5,0,0,0
2026-09-07 17:15:00,153.5,41,77,37.8,0,0,0
2026-09-07 17:20:00,148.1,13,80,37.2,0,27,65
2026-09-07 17:25:00,152.3,20,79,41.1,0,0,0
2026-09-07 17:30:00,155.7,427,108,38.5,0,0,0
2026-09-07 17:35:00,156.5,834,130,36.4,0,0,0
2026-09-07 17:40:00,153.3,814,129,38.5,0,0,0
2026-09-07 17:45:00,151.8,411,108,38.5,0,0,0
2026-09-07 17:50:00,147.8,28,79,38.0,0,0,0
2026-09-07 17:55:00,144.0,25,78,38.1,0,0,0
2026-09-07 18:00:00,146.5,21,79,37.8,0,0,0
2026-09-07 18:05:00,142.4,23,83,36.0,0,0,0
2026-09-07 18:10:00,144.2,13,80,38.6,0,0,0
2026-09-07 18:15:00,145.9,18,86,38.0,0,0,0
2026-09-07 18:20:00,147.9,22,80,38.4,0,0,0
2026-09-07 18:25:00,146.6,22,78,39.3,0,0,0
2026-09-07 18:30:00,146.0,10,79,39.5,0,0,0
2026-09-07 18:35:00,145.0,18,79,39.5,0,0,0
2026-09-07 18:40:00,142.9,18,78,38.0,0,0,0
2026-09-07 18:45:00,141.7,22,81,34.3,0,0,0
2026-09-07 18:50:00,144.0,26,84,35.9,0,0,0
2026-09-07 18:55:00,144.7,15,81,38.7,0,0,0
2026-09-07 19:00:00,141.4,22,81,37.6,0,0,0
2026-09-07 19:05:00,139.9,10,79,37.6,0,0,0
2026-09-07 19:10:00,137.9,14,81,38.8,0,0,0
2026-09-07 19:15:00,140.9,23,80,40.5,0,0,0
2026-09-07 19:20:00,138.5,10,77,36.4,0,0,0
2026-09-07 19:25:00,139.4,60,83,36.1,0,0,0
2026-09-07 19:30:00,137.7,36,84,38.9,0,0,0
2026-09-07 19:35:00,138.9,36,81,39.4,0,0,0
2026-09-07 19:40:00,136.0,12,76,36.3,0,0,0
2026-09-07 19:45:00,136.4,23,80,40.5,0,0,0
2026-09-07 19:50:00,137.2,18,84,39.5,0,0,0
2026-09-07 19:55:00,136.3,21,80,40.1,0,0,0
2026-09-07 20:00:00,134.9,8,77,39.9,0,0,0
2026-09-07 20:05:00,133.6,52,81,43.5,0,0,0
2026-09-07 20:10:00,133.2,35,81,39.5,0,0,0
2026-09-07 20:15:00,134.1,29,84,37.1,0,0,0
2026-09-07 20:20:00,138.5,14,81,41.7,0,0,0
2026-09-07 20:25:00,139.6,6,79,38.5,0,0,0
2026-09-07 20:30:00,137.2,35,81,39.9,0,0,0
2026-09-07 20:35:00,138.7,32,79,37.4,0,0,0
2026-09-07 20:40:00,139.2,25,80,37.3,0,0,0
2026-09-07 20:45:00,139.5,25,77,39.0,0,0,0
2026-09-07 20:50:00,136.0,21,82,35.0,0,0,0
2026-09-07 20:55:00,135.3,20,87,35.5,0,75,75
2026-09-07 21:00:00,150.8,32,85,37.1,0,0,0
2026-09-07 21:05:00,158.9,36,83,41.3,0,0,0
2026-09-07 21:10:00,166.8,21,85,40.4,0,0,0
2026-09-07 21:15:00,173.4,45,84,38.0,0,0,0
2026-09-07 21:20:00,173.0,15,81,38.8,0,0,0
2026-09-07 21:25:00,175.5,29,78,37.7,0,0,0
2026-09-07 21:30:00,176.6,20,80,36.2,0,0,0
2026-09-07 21:35:00,178.9,10,81,36.8,0,0,0
2026-09-07 21:40:00,176.4,16,82,36.6,0,0,0
2026-09-07 21:45:00,176.8,20,82,35.0,0,0,0
2026-09-07 21:50:00,177.3,11,79,42.7,0,0,0
2026-09-07 21:55:00,175.7,20,83,37.8,0,0,0
2026-09-07 22:00:00,179.4,0,69,60.1,1,0,0
2026-09-07 22:05:00,178.9,0,74,65.2,1,0,0
2026-09-07 22:10:00,172.7,0,73,64.2,1,0,0
2026-09-07 22:15:00,167.2,0,69,63.4,1,0,0
2026-09-07 22:20:00,165.1,0,69,63.6,1,0,0
2026-09-07 22:25:00,162.6,0,71,62.1,1,0,0
2026-09-07 22:30:00,161.8,1,70,63.5,1,0,0
2026-09-07 22:35:00,162.3,0,69,60.6,1,0,0
2026-09-07 22:40:00,162.8,0,74,65.5,1,0,0
2026-09-07 22:45:00,165.5,0,70,63.7,1,0,0
2026-09-07 22:50:00,162.6,0,66,62.5,1,0,0
2026-09-07 22:55:00,162.8,0,70,62.6,1,0,0
2026-09-07 23:00:00,160.5,0,69,65.3,1,0,0
2026-09-07 23:05:00,159.3,1,73,64.8,1,0,0
2026-09-07 23:10:00,158.5,0,72,64.3,1,0,0
2026-09-07 23:15:00,159.0,0,74,58.0,1,0,0
2026-09-07 23:20:00,157.8,1,71,61.3,1,0,0
2026-09-07 23:25:00,159.4,0,69,60.4,1,0,0
2026-09-07 23:30:00,155.4,1,71,58.8,1,0,0
2026-09-07 23:35:00,153.5,0,73,62.1,1,0,0
2026-09-07 23:40:00,155.1,1,71,61.9,1,0,0
2026-09-07 23:45:00,157.0,1,72,66.2,1,0,0
2026-09-07 23:50:00,156.4,0,73,61.5,1,0,0
2026-09-07 23:55:00,151.9,2,71,64.0,1,0,0
2026-09-08 00:00:00,153.2,0,70,62.0,1,0,0
2026-09-08 00:05:00,153.7,1,70,59.1,1,0,0
2026-09-08 00:10:00,156.6,0,69,64.2,1,0,0
2026-09-08 00:15:00,155.1,2,69,61.6,1,0,0
2026-09-08 00:20:00,154.2,0,71,66.2,1,0,0
2026-09-08 00:25:00,150.1,1,69,62.0,1,0,0
2026-09-08 00:30:00,149.5,1,68,60.9,1,0,0
2026-09-08 00:35:00,149.4,0,68,64.1,1,0,0
2026-09-08 00:40:00,148.7,0,68,64.4,1,0,0
2026-09-08 00:45:00,146.9,0,69,62.7,1,0,0
2026-09-08 00:50:00,148.6,0,72,67.3,1,0,0
2026-09-08 00:55:00,146.0,0,69,66.9,1,0,0
2026-09-08 01:00:00,146.3,0,73,64.0,1,0,0
2026-09-08 01:05:00,147.5,0,74,62.3,1,0,0
2026-09-08 01:10:00,147.2,0,72,67.7,1,0,0
2026-09-08 01:15:00,146.2,0,73,65.4,1,0,0
2026-09-08 01:20:00,148.4,0,70,66.5,1,0,0
2026-09-08 01:25:00,146.6,1,75,61.7,1,0,0
2026-09-08 01:30:00,146.7,0,74,64.7,1,0,0
2026-09-08 01:35:00,149.8,0,70,64.5,1,0,0
2026-09-08 01:40:00,152.1,0,69,64.6,1,0,0
2026-09-08 01:45:00,151.3,1,72,61.5,1,0,0
2026-09-08 01:50:00,146.1,0,69,65.2,1,0,0
2026-09-08 01:55:00,145.1,0,70,64.8,1,0,0
2026-09-08 02:00:00,143.2,0,75,62.7,1,0,0
2026-09-08 02:05:00,141.5,0,72,61.7,1,0,0
2026-09-08 02:10:00,139.4,2,70,61.7,1,0,0
2026-09-08 02:15:00,142.6,1,70,60.3,1,0,0
2026-09-08 02:20:00,146.1,0,72,64.6,1,0,0
2026-09-08 02:25:00,142.8,1,70,59.4,1,0,0
2026-09-08 02:30:00,142.7,0,70,64.7,1,0,0
2026-09-08 02:35:00,140.8,0,76,61.9,1,0,0
2026-09-08 02:40:00,147.5,0,68,63.5,1,0,0
2026-09-08 02:45:00,146.6,2,72,63.8,1,0,0
2026-09-08 02:50:00,147.1,1,71,63.5,1,0,0
2026-09-08 02:55:00,146.3,0,69,66.6,1,0,0
2026-09-08 03:00:00,144.6,0,71,64.4,1,0,0
2026-09-08 03:05:00,146.2,1,72,61.3,1,0,0
2026-09-08 03:10:00,145.4,1,69,62.9,1,0,0
2026-09-08 03:15:00,145.3,0,70,59.1,1,0,0
2026-09-08 03:20:00,144.5,0,68,63.0,1,0,0
2026-09-08 03:25:00,146.6,0,70,65.9,1,0,0
2026-09-08 03:30:00,145.0,1,70,63.0,1,0,0
2026-09-08 03:35:00,141.4,0,72,65.8,1,0,0
2026-09-08 03:40:00,141.5,1,70,65.4,1,0,0
2026-09-08 03:45:00,143.5,1,72,64.5,1,0,0
2026-09-08 03:50:00,142.6,0,70,64.8,1,0,0
2026-09-08 03:55:00,143.4,0,70,63.1,1,0,0
2026-09-08 04:00:00,146.5,0,69,63.1,1,0,0
2026-09-08 04:05:00,145.0,2,72,63.1,1,0,0
2026-09-08 04:10:00,145.3,0,69,62.9,1,0,0
2026-09-08 04:15:00,146.7,0,68,60.0,1,0,0
2026-09-08 04:20:00,145.0,1,72,64.2,1,0,0
2026-09-08 04:25:00,145.1,0,71,63.1,1,0,0
2026-09-08 04:30:00,142.8,0,71,64.5,1,0,0
2026-09-08 04:35:00,147.5,1,72,62.7,1,0,0
2026-09-08 04:40:00,149.4,0,73,64.8,1,0,0
2026-09-08 04:45:00,146.9,0,74,65.1,1,0,0
2026-09-08 04:50:00,148.7,1,70,61.4,1,0,0
2026-09-08 04:55:00,147.3,1,70,61.0,1,0,0
2026-09-08 05:00:00,142.6,0,70,61.3,1,0,0
2026-09-08 05:05:00,144.2,0,72,60.2,1,0,0
2026-09-08 05:10:00,143.0,1,72,63.6,1,0,0
2026-09-08 05:15:00,142.0,0,68,60.9,1,0,0
2026-09-08 05:20:00,143.3,0,74,61.6,1,0,0
2026-09-08 05:25:00,143.9,0,67,59.6,1,0,0
2026-09-08 05:30:00,145.9,0,71,63.3,1,0,0
2026-09-08 05:35:00,146.5,0,70,60.7,1,0,0
2026-09-08 05:40:00,147.8,0,74,61.3,1,0,0
2026-09-08 05:45:00,147.9,0,70,61.2,1,0,0
2026-09-08 05:50:00,146.4,1,73,60.2,1,0,0
2026-09-08 05:55:00,145.0,0,69,61.7,1,0,0
2026-09-08 06:00:00,145.1,0,71,61.0,1,0,0
2026-09-08 06:05:00,145.5,0,75,61.1,1,0,0
2026-09-08 06:10:00,146.5,0,70,60.2,1,0,0
2026-09-08 06:15:00,143.1,1,73,65.1,1,0,0
2026-09-08 06:20:00,148.0,17,80,37.5,0,0,0
2026-09-08 06:25:00,148.5,38,83,40.6,0,0,0
2026-09-08 06:30:00,147.5,12,81,38.7,0,0,0
2026-09-08 06:35:00,144.5,26,79,39.1,0,0,0
2026-09-08 06:40:00,144.0,9,80,37.1,0,0,0
2026-09-08 06:45:00,146.7,38,83,40.8,0,0,0
2026-09-08 06:50:00,144.1,24,79,36.9,0,0,0
2026-09-08 06:55:00,148.1,41,86,37.9,0,0,0
2026-09-08 07:00:00,147.4,23,78,39.9,0,0,0
2026-09-08 07:05:00,147.2,22,80,36.3,0,0,0
2026-09-08 07:10:00,148.5,35,79,40.1,0,0,0
2026-09-08 07:15:00,147.3,17,81,40.1,0,0,0
2026-09-08 07:20:00,146.5,25,80,38.7,0,0,0
2026-09-08 07:25:00,146.3,22,81,42.3,0,0,0
2026-09-08 07:30:00,146.1,22,79,40.8,0,0,0
2026-09-08 07:35:00,148.6,24,80,39.5,0,0,0
2026-09-08 07:40:00,150.4,24,83,40.6,0,0,0
2026-09-08 07:45:00,147.8,16,83,37.0,0,0,0
2026-09-08 07:50:00,146.2,38,83,38.7,0,0,0
2026-09-08 07:55:00,145.4,10,81,35.1,0,0,0
2026-09-08 08:00:00,147.1,7,79,41.4,0,0,0
2026-09-08 08:05:00,145.9,27,82,38.7,0,0,0
2026-09-08 08:10:00,145.4,14,78,38.4,0,0,0
2026-09-08 08:15:00,141.6,19,82,36.9,0,0,0
2026-09-08 08:20:00,138.4,11,80,38.3,0,0,0
2026-09-08 08:25:00,137.4,35,81,42.1,0,0,0
2026-09-08 08:30:00,140.2,26,81,41.6,0,0,0
2026-09-08 08:35:00,138.9,16,79,35.0,0,0,0
2026-09-08 08:40:00,136.6,25,84,37.5,0,61,78
2026-09-08 08:45:00,147.9,34,84,34.5,0,0,0
2026-09-08 08:50:00,157.6,31,85,37.2,0,0,0
2026-09-08 08:55:00,164.3,22,82,37.8,0,0,0
2026-09-08 09:00:00,171.0,31,86,39.6,0,0,0
2026-09-08 09:05:00,175.2,26,83,38.1,0,0,0
2026-09-08 09:10:00,179.2,34,79,36.3,0,0,0
2026-09-08 09:15:00,180.0,27,78,37.3,0,0,0
2026-09-08 09:20:00,180.5,17,82,38.6,0,0,0
2026-09-08 09:25:00,182.2,35,80,39.1,0,0,0
2026-09-08 09:30:00,181.9,12,81,37.9,0,0,0
2026-09-08 09:35:00,179.6,18,82,38.6,0,0,0
2026-09-08 09:40:00,176.7,32,82,41.2,0,0,0
2026-09-08 09:45:00,175.6,21,81,35.7,0,0,0
2026-09-08 09:50:00,173.4,22,84,42.0,0,0,0
2026-09-08 09:55:00,173.3,19,78,39.3,0,0,0
2026-09-08 10:00:00,174.5,14,81,39.7,0,0,0
2026-09-08 10:05:00,173.7,28,80,40.8,0,0,0
2026-09-08 10:10:00,172.2,409,102,38.8,0,0,0
2026-09-08 10:15:00,170.5,412,105,38.3,0,0,0
2026-09-08 10:20:00,168.9,407,103,39.1,0,0,0
2026-09-08 10:25:00,168.0,426,103,39.9,0,0,0
2026-09-08 10:30:00,166.2,32,81,39.4,0,0,0
2026-09-08 10:35:00,163.6,8,78,39.4,0,0,0
2026-09-08 10:40:00,161.4,25,81,37.9,0,0,0
2026-09-08 10:45:00,159.4,18,82,37.2,0,0,0
2026-09-08 10:50:00,156.0,10,77,37.1,0,0,0
2026-09-08 10:55:00,159.9,27,81,39.5,0,0,0
2026-09-08 11:00:00,157.6,16,78,36.4,0,0,0
2026-09-08 11:05:00,156.7,17,77,38.5,0,0,0
2026-09-08 11:10:00,159.4,26,81,40.9,0,0,0
2026-09-08 11:15:00,158.2,28,82,41.1,0,0,0
2026-09-08 11:20:00,157.4,15,84,39.1,0,0,0
2026-09-08 11:25:00,156.5,24,79,36.3,0,0,0
2026-09-08 11:30:00,154.3,14,81,38.3,0,0,0
2026-09-08 11:35:00,149.5,11,81,39.7,0,0,0
2026-09-08 11:40:00,148.2,30,81,36.1,0,0,0
2026-09-08 11:45:00,151.4,36,81,40.1,0,0,0
2026-09-08 11:50:00,150.4,31,82,40.6,0,0,0
2026-09-08 11:55:00,149.5,37,83,45.2,0,0,0
2026-09-08 12:00:00,150.8,11,79,38.3,0,0,0
2026-09-08 12:05:00,152.0,15,75,41.2,0,0,0
2026-09-08 12:10:00,150.1,23,80,40.1,0,0,0
2026-09-08 12:15:00,150.4,25,79,37.0,0,0,0
2026-09-08 12:20:00,145.4,45,81,40.4,0,0,0
2026-09-08 12:25:00,143.7,35,79,39.3,0,0,0
2026-09-08 12:30:00,143.2,19,80,38.5,0,0,0
2026-09-08 12:35:00,141.7,20,81,40.5,0,0,0
2026-09-08 12:40:00,141.9,14,78,34.8,0,0,0
2026-09-08 12:45:00,140.1,24,81,39.8,0,0,0
2026-09-08 12:50:00,141.3,20,80,41.5,0,0,0
2026-09-08 12:55:00,141.0,22,78,36.4,0,0,0
2026-09-08 13:00:00,143.8,7,82,40.1,0,0,0
2026-09-08 13:05:00,146.7,34,81,37.6,0,0,0
2026-09-08 13:10:00,143.7,15,79,37.5,0,0,0
2026-09-08 13:15:00,141.7,14,78,36.0,0,0,0
2026-09-08 13:20:00,139.3,13,82,38.3,0,51,50
2026-09-08 13:25:00,143.5,16,83,38.0,0,0,0
2026-09-08 13:30:00,150.9,42,84,42.4,0,0,0
2026-09-08 13:35:00,151.8,20,81,39.0,0,0,0
2026-09-08 13:40:00,154.0,23,85,37.2,0,0,0
2026-09-08 13:45:00,154.3,14,80,36.5,0,0,0
2026-09-08 13:50:00,158.3,33,77,39.0,0,0,0
2026-09-08 13:55:00,158.4,36,81,35.8,0,0,0
2026-09-08 14:00:00,160.4,15,77,38.5,0,0,0
2026-09-08 14:05:00,162.4,18,78,39.4,0,0,0
2026-09-08 14:10:00,160.9,11,80,33.6,0,0,0
2026-09-08 14:15:00,160.7,19,81,35.8,0,0,0
2026-09-08 14:20:00,162.6,16,80,39.5,0,0,0
2026-09-08 14:25:00,160.9,19,80,39.8,0,0,0
2026-09-08 14:30:00,159.5,16,76,39.2,0,0,0
2026-09-08 14:35:00,162.1,59,80,36.3,0,0,0
2026-09-08 14:40:00,162.7,12,82,39.2,0,0,0
2026-09-08 14:45:00,160.9,19,78,40.8,0,0,0
2026-09-08 14:50:00,160.2,16,80,39.0,0,0,0
2026-09-08 14:55:00,157.8,23,79,39.4,0,0,0
2026-09-08 15:00:00,155.2,20,83,35.7,0,0,0
2026-09-08 15:05:00,150.5,30,83,42.9,0,0,0
2026-09-08 15:10:00,150.1,22,81,38.2,0,0,0
2026-09-08 15:15:00,147.5,12,84,38.7,0,0,0
2026-09-08 15:20:00,147.0,7,81,39.6,0,0,0
2026-09-08 15:25:00,145.0,25,83,37.8,0,0,0
2026-09-08 15:30:00,147.4,29,81,36.7,0,0,0
2026-09-08 15:35:00,145.7,24,82,37.0,0,0,0
2026-09-08 15:40:00,145.4,36,83,40.1,0,0,0
2026-09-08 15:45:00,145.0,20,82,36.9,0,0,0
2026-09-08 15:50:00,144.9,39,82,41.4,0,0,0
2026-09-08 15:55:00,141.2,31,80,39.4,0,0,0
2026-09-08 16:00:00,138.6,56,83,38.6,0,0,0
2026-09-08 16:05:00,140.0,19,83,41.8,0,0,0
2026-09-08 16:10:00,138.4,14,78,40.3,0,0,0
2026-09-08 16:15:00,137.2,31,80,38.0,0,0,0
2026-09-08 16:20:00,137.6,10,78,36.1,0,0,0
2026-09-08 16:25:00,138.6,24,82,39.1,0,0,0
2026-09-08 16:30:00,137.2,26,81,39.3,0,0,0
2026-09-08 16:35:00,139.1,21,81,39.8,0,0,0
2026-09-08 16:40:00,140.2,10,82,38.2,0,0,0
2026-09-08 16:45:00,140.7,14,79,38.6,0,0,0
2026-09-08 16:50:00,138.1,48,81,36.8,0,0,0
2026-09-08 16:55:00,141.3,53,80,37.0,0,0,0
2026-09-08 17:00:00,139.2,17,82,38.7,0,0,0
2026-09-08 17:05:00,138.3,17,79,39.3,0,0,0
2026-09-08 17:10:00,137.7,17,78,39.9,0,0,0
2026-09-08 17:15:00,139.9,43,81,36.3,0,0,0
2026-09-08 17:20:00,138.3,27,80,39.9,0,0,0
2026-09-08 17:25:00,137.5,31,80,37.9,0,0,0
2026-09-08 17:30:00,136.0,31,83,37.8,0,0,0
2026-09-08 17:35:00,137.9,6,83,38.2,0,0,0
2026-09-08 17:40:00,140.3,22,81,39.3,0,0,0
2026-09-08 17:45:00,138.1,17,82,39.3,0,29,60
2026-09-08 17:50:00,143.6,28,82,38.6,0,0,0
2026-09-08 17:55:00,143.6,25,80,36.4,0,0,0
2026-09-08 18:00:00,147.4,33,85,40.6,0,0,0
2026-09-08 18:05:00,149.4,27,83,39.3,0,0,0
2026-09-08 18:10:00,150.5,13,82,39.9,0,0,0
2026-09-08 18:15:00,151.6,17,79,37.5,0,0,0
2026-09-08 18:20:00,152.9,53,82,36.6,0,0,0
2026-09-08 18:25:00,153.1,25,81,39.5,0,0,0
2026-09-08 18:30:00,154.9,12,81,36.2,0,0,0
2026-09-08 18:35:00,156.5,29,81,37.5,0,0,0
2026-09-08 18:40:00,158.4,19,82,43.7,0,0,0
2026-09-08 18:45:00,156.1,15,78,39.9,0,0,0
2026-09-08 18:50:00,160.7,24,80,39.5,0,0,0
2026-09-08 18:55:00,160.1,23,78,34.1,0,0,0
2026-09-08 19:00:00,160.5,19,81,36.7,0,0,0
2026-09-08 19:05:00,157.9,15,81,39.5,0,0,0
2026-09-08 19:10:00,157.3,10,80,40.2,0,0,0
2026-09-08 19:15:00,158.5,15,78,38.3,0,0,0
2026-09-08 19:20:00,157.7,20,78,38.4,0,0,0
2026-09-08 19:25:00,153.4,14,83,40.0,0,0,0
2026-09-08 19:30:00,151.3,22,83,38.4,0,0,0
2026-09-08 19:35:00,149.7,24,81,41.1,0,0,0
2026-09-08 19:40:00,151.7,19,80,41.8,0,0,0
2026-09-08 19:45:00,151.5,18,81,39.3,0,0,0
2026-09-08 19:50:00,147.0,24,80,35.4,0,0,0
2026-09-08 19:55:00,148.3,17,78,36.0,0,0,0
2026-09-08 20:00:00,148.2,23,79,43.6,0,0,0
2026-09-08 20:05:00,150.9,34,81,37.8,0,0,0
2026-09-08 20:10:00,146.3,23,81,38.0,0,0,0
2026-09-08 20:15:00,144.7,9,79,33.9,0,0,0
2026-09-08 20:20:00,142.7,16,79,41.3,0,0,0
2026-09-08 20:25:00,144.4,30,81,43.1,0,0,0
2026-09-08 20:30:00,143.8,18,80,37.3,0,0,0
2026-09-08 20:35:00,145.9,13,78,37.4,0,0,0
2026-09-08 20:40:00,144.3,39,82,36.1,0,0,0
2026-09-08 20:45:00,143.3,25,84,42.2,0,0,0
2026-09-08 20:50:00,142.7,22,83,39.0,0,0,0
2026-09-08 20:55:00,144.5,36,77,42.6,0,0,0
2026-09-08 21:00:00,142.1,11,76,39.8,0,0,0
2026-09-08 21:05:00,142.1,13,81,36.7,0,0,0
2026-09-08 21:10:00,144.1,28,83,39.3,0,59,50
2026-09-08 21:15:00,149.1,24,79,37.2,0,0,0
2026-09-08 21:20:00,149.7,27,82,39.6,0,0,0
2026-09-08 21:25:00,156.9,36,86,39.1,0,0,0
2026-09-08 21:30:00,159.0,13,83,40.2,0,0,0
2026-09-08 21:35:00,163.1,44,88,41.4,0,0,0
2026-09-08 21:40:00,164.6,13,81,34.8,0,0,0
2026-09-08 21:45:00,164.3,22,81,41.8,0,0,0
2026-09-08 21:50:00,165.4,37,79,39.4,0,0,0
2026-09-08 21:55:00,165.6,23,79,37.9,0,0,0
2026-09-08 22:00:00,165.6,29,82,36.0,0,0,0
2026-09-08 22:05:00,161.8,19,83,40.3,0,0,0
2026-09-08 22:10:00,162.9,22,81,39.6,0,0,0
2026-09-08 22:15:00,163.0,43,85,41.0,0,0,0
2026-09-08 22:20:00,158.5,28,78,40.8,0,0,0
2026-09-08 22:25:00,154.0,7,75,36.9,0,0,0
2026-09-08 22:30:00,158.9,40,81,39.5,0,0,0
2026-09-08 22:35:00,156.5,18,79,40.3,0,0,0
2026-09-08 22:40:00,155.4,34,79,39.1,0,0,0
2026-09-08 22:45:00,155.0,43,83,40.3,0,0,0
2026-09-08 22:50:00,152.3,37,80,39.4,0,0,0
2026-09-08 22:55:00,152.3,16,82,37.7,0,0,0
2026-09-08 23:00:00,154.0,0,72,64.5,1,0,0
2026-09-08 23:05:00,155.0,0,71,64.0,1,0,0
2026-09-08 23:10:00,153.0,0,71,65.7,1,0,0
2026-09-08 23:15:00,152.4,0,72,64.9,1,0,0
2026-09-08 23:20:00,152.1,2,69,60.0,1,0,0
2026-09-08 23:25:00,151.5,0,68,63.0,1,0,0
2026-09-08 23:30:00,148.2,0,72,68.7,1,0,0
2026-09-08 23:35:00,149.4,0,71,63.6,1,0,0
2026-09-08 23:40:00,148.9,1,71,59.8,1,0,0
2026-09-08 23:45:00,149.8,1,70,65.7,1,0,0
2026-09-08 23:50:00,148.7,1,74,61.6,1,0,0
2026-09-08 23:55:00,148.7,0,70,63.6,1,0,0
2026-09-09 00:00:00,152.1,1,73,63.3,1,0,0
2026-09-09 00:05:00,151.1,0,71,67.0,1,0,0
2026-09-09 00:10:00,147.1,0,72,60.2,1,0,0
2026-09-09 00:15:00,145.5,0,73,61.1,1,0,0
2026-09-09 00:20:00,142.7,0,69,62.8,1,0,0
2026-09-09 00:25:00,143.0,1,69,64.5,1,0,0
2026-09-09 00:30:00,140.6,0,70,63.4,1,0,0
2026-09-09 00:35:00,139.2,0,68,60.4,1,0,0
2026-09-09 00:40:00,139.1,1,69,62.3,1,0,0
2026-09-09 00:45:00,141.2,0,76,63.3,1,0,0
2026-09-09 00:50:00,143.7,0,71,65.4,1,0,0
2026-09-09 00:55:00,145.3,0,71,63.9,1,0,0
2026-09-09 01:00:00,142.5,0,71,64.4,1,0,0
2026-09-09 01:05:00,146.5,0,73,63.3,1,0,0
2026-09-09 01:10:00,146.6,0,71,61.4,1,0,0
2026-09-09 01:15:00,145.2,1,73,63.6,1,0,0
2026-09-09 01:20:00,143.8,1,69,62.3,1,0,0
2026-09-09 01:25:00,143.2,1,71,63.7,1,0,0
2026-09-09 01:30:00,143.1,0,75,63.6,1,0,0
2026-09-09 01:35:00,142.1,0,71,68.0,1,0,0
2026-09-09 01:40:00,142.6,1,74,66.3,1,0,0
2026-09-09 01:45:00,141.6,0,71,62.9,1,0,0
2026-09-09 01:50:00,146.4,0,68,62.0,1,0,0
2026-09-09 01:55:00,147.2,0,69,63.8,1,0,0
2026-09-09 02:00:00,141.2,0,71,66.1,1,0,0
2026-09-09 02:05:00,141.3,0,73,64.7,1,0,0
2026-09-09 02:10:00,141.7,0,72,63.3,1,0,0
2026-09-09 02:15:00,143.0,0,72,60.0,1,0,0
2026-09-09 02:20:00,141.6,1,71,64.5,1,0,0
2026-09-09 02:25:00,139.3,0,72,64.1,1,0,0
2026-09-09 02:30:00,141.1,0,74,64.5,1,0,0
2026-09-09 02:35:00,141.1,0,71,62.2,1,0,0
2026-09-09 02:40:00,140.2,1,70,64.0,1,0,0
2026-09-09 02:45:00,139.5,0,72,62.5,1,0,0
2026-09-09 02:50:00,142.6,0,73,63.1,1,0,0
2026-09-09 02:55:00,143.6,0,73,62.9,1,0,0
2026-09-09 03:00:00,145.4,0,71,65.1,1,0,0
2026-09-09 03:05:00,148.4,1,73,60.9,1,0,0
2026-09-09 03:10:00,146.1,1,71,59.8,1,0,0
2026-09-09 03:15:00,146.4,0,73,62.0,1,0,0
2026-09-09 03:20:00,145.3,0,69,65.1,1,0,0
2026-09-09 03:25:00,145.1,0,69,62.8,1,0,0
2026-09-09 03:30:00,144.7,0,71,63.8,1,0,0
2026-09-09 03:35:00,146.4,0,76,63.0,1,0,0
2026-09-09 03:40:00,145.9,0,73,62.6,1,0,0
2026-09-09 03:45:00,147.5,3,68,62.1,1,0,0
2026-09-09 03:50:00,143.6,0,73,61.1,1,0,0
2026-09-09 03:55:00,143.3,1,74,65.2,1,0,0
2026-09-09 04:00:00,144.5,0,71,64.3,1,0,0
2026-09-09 04:05:00,144.2,0,71,66.4,1,0,0
2026-09-09 04:10:00,147.6,0,68,63.1,1,0,0
2026-09-09 04:15:00,148.8,0,72,61.6,1,0,0
2026-09-09 04:20:00,150.3,0,69,62.4,1,0,0
2026-09-09 04:25:00,152.6,1,69,64.2,1,0,0
2026-09-09 04:30:00,154.8,0,65,61.7,1,0,0
2026-09-09 04:35:00,151.5,0,69,63.3,1,0,0
2026-09-09 04:40:00,151.9,0,71,60.9,1,0,0
2026-09-09 04:45:00,151.9,1,71,62.8,1,0,0
2026-09-09 04:50:00,154.0,0,75,59.5,1,0,0
2026-09-09 04:55:00,153.1,1,70,66.2,1,0,0
2026-09-09 05:00:00,152.3,0,69,60.6,1,0,0
2026-09-09 05:05:00,153.1,0,72,60.0,1,0,0
2026-09-09 05:10:00,153.4,1,71,61.9,1,0,0
2026-09-09 05:15:00,154.5,0,73,63.9,1,0,0
2026-09-09 05:20:00,151.9,0,72,60.6,1,0,0
2026-09-09 05:25:00,149.1,0,72,60.9,1,0,0
2026-09-09 05:30:00,150.8,0,71,60.5,1,0,0
2026-09-09 05:35:00,149.7,0,70,61.2,1,0,0
2026-09-09 05:40:00,149.0,1,69,61.1,1,0,0
2026-09-09 05:45:00,151.5,1,74,64.7,1,0,0
2026-09-09 05:50:00,145.9,0,73,56.8,1,0,0
2026-09-09 05:55:00,147.7,0,70,60.0,1,0,0
2026-09-09 06:00:00,146.4,0,70,68.2,1,0,0
2026-09-09 06:05:00,149.6,0,71,64.2,1,0,0
2026-09-09 06:10:00,150.4,0,69,63.0,1,0,0
2026-09-09 06:15:00,152.4,0,75,66.4,1,0,0
2026-09-09 06:20:00,147.9,26,78,37.5,0,0,0
2026-09-09 06:25:00,150.6,14,80,42.3,0,0,0
2026-09-09 06:30:00,147.6,5,80,40.7,0,0,0
2026-09-09 06:35:00,145.3,26,82,38.0,0,0,0
2026-09-09 06:40:00,142.8,10,78,37.3,0,0,0
2026-09-09 06:45:00,142.0,18,80,38.1,0,0,0
2026-09-09 06:50:00,143.1,16,81,38.4,0,0,0
2026-09-09 06:55:00,140.4,40,82,40.2,0,0,0
2026-09-09 07:00:00,138.0,20,80,35.7,0,0,0
2026-09-09 07:05:00,139.8,18,78,39.2,0,0,0
2026-09-09 07:10:00,138.2,10,77,39.4,0,0,0
2026-09-09 07:15:00,138.1,15,77,36.6,0,0,0
2026-09-09 07:20:00,137.2,11,78,35.7,0,0,0
2026-09-09 07:25:00,138.8,9,77,42.3,0,0,0
2026-09-09 07:30:00,138.4,11,83,37.2,0,0,0
2026-09-09 07:35:00,138.9,43,85,41.5,0,0,0
2026-09-09 07:40:00,138.3,17,81,39.6,0,0,0
2026-09-09 07:45:00,138.9,16,80,36.1,0,0,0
2026-09-09 07:50:00,140.5,17,82,36.1,0,0,0
2026-09-09 07:55:00,138.5,24,79,39.2,0,0,0
2026-09-09 08:00:00,139.2,20,80,40.1,0,0,0
2026-09-09 08:05:00,134.8,21,78,38.3,0,0,0
2026-09-09 08:10:00,135.2,55,78,38.8,0,0,0
2026-09-09 08:15:00,136.6,31,85,37.7,0,47,65
2026-09-09 08:20:00,140.2,40,87,41.6,0,0,0
2026-09-09 08:25:00,141.5,1,80,39.9,0,0,0
2026-09-09 08:30:00,145.0,38,87,38.8,0,0,0
2026-09-09 08:35:00,147.4,23,86,38.3,0,0,0
2026-09-09 08:40:00,146.3,17,86,35.1,0,0,0
2026-09-09 08:45:00,151.6,22,79,38.3,0,0,0
2026-09-09 08:50:00,154.2,35,81,38.7,0,0,0
2026-09-09 08:55:00,155.6,35,78,38.2,0,0,0
2026-09-09 09:00:00,156.1,26,82,36.1,0,0,0
2026-09-09 09:05:00,157.9,11,77,35.6,0,0,0
2026-09-09 09:10:00,158.1,19,82,38.2,0,0,0
2026-09-09 09:15:00,158.4,16,79,37.2,0,0,0
2026-09-09 09:20:00,157.6,10,80,41.5,0,0,0
2026-09-09 09:25:00,156.4,10,78,40.0,0,0,0
2026-09-09 09:30:00,158.2,20,82,37.2,0,0,0
2026-09-09 09:35:00,158.6,18,80,38.6,0,0,0
2026-09-09 09:40:00,157.2,73,82,38.0,0,0,0
2026-09-09 09:45:00,156.7,45,84,38.2,0,0,0
2026-09-09 09:50:00,154.1,32,80,37.9,0,0,0
2026-09-09 09:55:00,157.8,20,81,37.2,0,0,0
2026-09-09 10:00:00,159.7,7,80,37.5,0,0,0
2026-09-09 10:05:00,156.9,11,79,39.4,0,0,0
2026-09-09 10:10:00,157.6,22,79,37.5,0,0,0
2026-09-09 10:15:00,156.2,21,81,38.2,0,0,0
2026-09-09 10:20:00,155.1,27,78,35.7,0,0,0
2026-09-09 10:25:00,155.2,26,83,40.8,0,0,0
2026-09-09 10:30:00,155.9,22,79,39.6,0,0,0
2026-09-09 10:35:00,153.2,20,81,41.2,0,0,0
2026-09-09 10:40:00,149.9,11,80,39.6,0,0,0
2026-09-09 10:45:00,149.7,14,83,37.8,0,0,0
2026-09-09 10:50:00,149.4,21,76,39.0,0,0,0
2026-09-09 10:55:00,144.5,34,81,37.2,0,0,0
2026-09-09 11:00:00,145.0,33,83,39.7,0,0,0
2026-09-09 11:05:00,143.6,23,82,38.8,0,0,0
2026-09-09 11:10:00,141.5,30,82,39.1,0,0,0
2026-09-09 11:15:00,140.2,17,82,37.2,0,0,0
2026-09-09 11:20:00,141.5,28,79,37.6,0,0,0
2026-09-09 11:25:00,142.4,15,80,39.6,0,0,0
2026-09-09 11:30:00,142.3,42,84,39.9,0,0,0
2026-09-09 11:35:00,144.4,17,77,39.4,0,0,0
2026-09-09 11:40:00,144.7,12,78,34.8,0,0,0
2026-09-09 11:45:00,142.8,52,83,38.4,0,0,0
2026-09-09 11:50:00,139.6,44,83,35.8,0,0,0
2026-09-09 11:55:00,141.9,16,82,41.9,0,0,0
2026-09-09 12:00:00,139.0,36,82,38.4,0,0,0
2026-09-09 12:05:00,140.0,26,81,34.6,0,0,0
2026-09-09 12:10:00,143.0,20,84,38.8,0,0,0
2026-09-09 12:15:00,146.6,21,83,38.5,0,0,0
2026-09-09 12:20:00,145.6,14,79,38.8,0,0,0
2026-09-09 12:25:00,146.4,31,77,37.6,0,0,0
2026-09-09 12:30:00,145.1,14,81,39.8,0,0,0
2026-09-09 12:35:00,141.0,491,109,32.8,0,0,0
2026-09-09 12:40:00,140.6,499,110,40.8,0,0,0
2026-09-09 12:45:00,140.2,554,110,39.6,0,0,0
2026-09-09 12:50:00,140.7,488,109,39.0,0,0,0
2026-09-09 12:55:00,143.5,44,82,36.8,0,0,0
2026-09-09 13:00:00,142.6,46,80,38.7,0,0,0
2026-09-09 13:05:00,142.0,9,79,39.1,0,0,0
2026-09-09 13:10:00,140.3,34,83,42.4,0,0,0
2026-09-09 13:15:00,141.7,22,81,36.8,0,0,0
2026-09-09 13:20:00,140.3,411,104,38.3,0,0,0
2026-09-09 13:25:00,143.0,411,104,38.8,0,0,0
2026-09-09 13:30:00,144.9,405,103,34.7,0,0,0
2026-09-09 13:35:00,149.6,414,100,39.5,0,0,0
2026-09-09 13:40:00,150.5,12,85,39.8,0,70,68
2026-09-09 13:45:00,159.4,28,80,41.1,0,0,0
2026-09-09 13:50:00,167.7,19,82,36.6,0,0,0
2026-09-09 13:55:00,170.7,25,86,40.3,0,0,0
2026-09-09 14:00:00,179.2,23,84,38.5,0,0,0
2026-09-09 14:05:00,186.1,19,81,38.9,0,0,0
2026-09-09 14:10:00,190.0,8,79,38.8,0,0,0
2026-09-09 14:15:00,190.7,37,82,40.2,0,0,0
2026-09-09 14:20:00,192.4,22,81,42.3,0,0,0
2026-09-09 14:25:00,188.2,21,78,39.0,0,0,0
2026-09-09 14:30:00,185.8,7,79,38.8,0,0,0
2026-09-09 14:35:00,181.7,18,81,40.8,0,0,0
2026-09-09 14:40:00,178.4,31,81,42.6,0,0,0
2026-09-09 14:45:00,178.4,11,84,35.3,0,0,0
2026-09-09 14:50:00,174.6,24,78,40.8,0,0,0
2026-09-09 14:55:00,177.9,31,81,36.2,0,0,0
2026-09-09 15:00:00,177.0,25,80,39.0,0,0,0
2026-09-09 15:05:00,174.3,6,81,34.6,0,0,0
2026-09-09 15:10:00,172.4,23,80,39.4,0,0,0
2026-09-09 15:15:00,169.9,21,80,39.9,0,0,0
2026-09-09 15:20:00,167.5,25,82,36.8,0,0,0
2026-09-09 15:25:00,166.7,22,80,35.0,0,0,0
2026-09-09 15:30:00,164.4,21,78,41.7,0,0,0
2026-09-09 15:35:00,163.5,11,82,40.6,0,0,0
2026-09-09 15:40:00,161.4,24,81,38.1,0,0,0
2026-09-09 15:45:00,157.5,42,80,38.5,0,0,0
2026-09-09 15:50:00,154.7,13,79,38.1,0,0,0
2026-09-09 15:55:00,155.4,25,84,37.0,0,0,0
2026-09-09 16:00:00,156.2,10,79,38.3,0,0,0
2026-09-09 16:05:00,154.5,44,80,37.4,0,0,0
2026-09-09 16:10:00,149.6,12,80,38.8,0,0,0
2026-09-09 16:15:00,148.2,22,78,39.9,0,0,0
2026-09-09 16:20:00,148.4,26,81,39.7,0,0,0
2026-09-09 16:25:00,146.1,16,76,35.7,0,0,0
2026-09-09 16:30:00,142.5,29,84,39.6,0,0,0
2026-09-09 16:35:00,142.5,18,82,38.3,0,0,0
2026-09-09 16:40:00,137.7,18,81,40.0,0,0,0
2026-09-09 16:45:00,137.8,44,82,37.2,0,0,0
2026-09-09 16:50:00,142.0,17,83,35.8,0,0,0
2026-09-09 16:55:00,140.9,34,81,37.2,0,0,0
2026-09-09 17:00:00,138.8,23,82,42.1,0,0,0
2026-09-09 17:05:00,135.8,38,80,39.8,0,0,0
2026-09-09 17:10:00,137.5,27,82,38.0,0,0,0
2026-09-09 17:15:00,135.3,14,81,37.1,0,0,0
2026-09-09 17:20:00,136.5,11,81,36.5,0,0,0
2026-09-09 17:25:00,134.0,19,79,38.4,0,0,0
2026-09-09 17:30:00,135.6,22,85,39.4,0,15,35
2026-09-09 17:35:00,139.0,41,89,39.2,0,0,0
2026-09-09 17:40:00,140.3,22,82,40.9,0,0,0
2026-09-09 17:45:00,142.3,28,84,35.7,0,0,0
2026-09-09 17:50:00,141.8,19,86,39.2,0,0,0
2026-09-09 17:55:00,146.1,18,84,38.0,0,0,0
2026-09-09 18:00:00,147.9,9,79,36.9,0,0,0
2026-09-09 18:05:00,148.7,10,79,38.9,0,0,0
2026-09-09 18:10:00,149.3,21,84,38.7,0,0,0
2026-09-09 18:15:00,148.1,40,78,41.1,0,0,0
2026-09-09 18:20:00,147.1,43,83,35.7,0,0,0
2026-09-09 18:25:00,147.1,29,80,40.0,0,0,0
2026-09-09 18:30:00,142.5,17,79,39.5,0,0,0
2026-09-09 18:35:00,139.6,12,79,39.5,0,0,0
2026-09-09 18:40:00,139.0,29,81,36.8,0,0,0
2026-09-09 18:45:00,137.7,25,77,41.3,0,0,0
2026-09-09 18:50:00,136.6,20,81,37.9,0,0,0
2026-09-09 18:55:00,135.1,35,81,39.8,0,0,0
2026-09-09 19:00:00,137.9,30,79,39.6,0,0,0
2026-09-09 19:05:00,141.5,76,88,37.4,0,0,0
2026-09-09 19:10:00,142.0,25,80,36.9,0,0,0
2026-09-09 19:15:00,139.3,63,86,35.7,0,0,0
2026-09-09 19:20:00,138.6,33,85,37.2,0,0,0
2026-09-09 19:25:00,137.0,18,83,40.2,0,0,0
2026-09-09 19:30:00,135.6,10,81,40.0,0,0,0
2026-09-09 19:35:00,138.6,24,80,37.0,0,0,0
2026-09-09 19:40:00,140.2,27,80,39.1,0,0,0
2026-09-09 19:45:00,139.4,28,80,35.5,0,0,0
2026-09-09 19:50:00,141.0,41,81,41.6,0,0,0
2026-09-09 19:55:00,141.2,66,83,40.5,0,0,0
2026-09-09 20:00:00,142.9,10,77,39.9,0,0,0
2026-09-09 20:05:00,144.0,16,82,41.9,0,0,0
2026-09-09 20:10:00,144.2,26,83,39.0,0,0,0
2026-09-09 20:15:00,143.1,20,82,38.2,0,0,0
2026-09-09 20:20:00,142.7,25,80,40.6,0,0,0
2026-09-09 20:25:00,145.6,19,78,38.1,0,0,0
2026-09-09 20:30:00,142.1,22,78,37.3,0,0,0
2026-09-09 20:35:00,144.5,19,79,37.7,0,0,0
2026-09-09 20:40:00,144.7,447,102,37.0,0,0,0
2026-09-09 20:45:00,146.9,471,110,38.7,0,0,0
2026-09-09 20:50:00,143.6,456,109,37.0,0,0,0
2026-09-09 20:55:00,143.3,44,82,40.7,0,0,0
2026-09-09 21:00:00,145.4,21,76,38.3,0,0,0
2026-09-09 21:05:00,148.9,8,82,39.2,0,95,75
2026-09-09 21:10:00,157.3,7,80,39.7,0,0,0
2026-09-09 21:15:00,166.0,19,80,35.6,0,0,0
2026-09-09 21:20:00,171.4,560,117,37.5,0,0,0
2026-09-09 21:25:00,177.9,549,114,35.0,0,0,0
2026-09-09 21:30:00,179.4,37,83,38.8,0,0,0
2026-09-09 21:35:00,181.0,28,78,39.3,0,0,0
2026-09-09 21:40:00,183.1,14,79,38.3,0,0,0
2026-09-09 21:45:00,184.1,20,80,36.2,0,0,0
2026-09-09 21:50:00,188.3,18,83,37.8,0,0,0
2026-09-09 21:55:00,190.3,23,79,39.0,0,0,0
2026-09-09 22:00:00,190.9,30,81,41.2,0,0,0
2026-09-09 22:05:00,186.4,21,80,39.9,0,0,0
2026-09-09 22:10:00,186.2,24,79,38.1,0,0,0
2026-09-09 22:15:00,182.3,12,80,41.6,0,0,0
2026-09-09 22:20:00,179.0,33,82,40.2,0,0,0
2026-09-09 22:25:00,173.5,28,80,36.5,0,0,0
2026-09-09 22:30:00,175.1,35,83,40.3,0,0,0
2026-09-09 22:35:00,173.1,14,81,39.1,0,0,0
2026-09-09 22:40:00,173.2,62,82,36.3,0,0,0
2026-09-09 22:45:00,173.9,14,77,38.4,0,0,0
2026-09-09 22:50:00,172.7,28,80,35.4,0,0,0
2026-09-09 22:55:00,169.8,21,79,37.4,0,0,0
2026-09-09 23:00:00,164.6,0,72,64.1,1,0,0
2026-09-09 23:05:00,166.5,0,75,63.3,1,0,0
2026-09-09 23:10:00,168.5,0,68,59.6,1,0,0
2026-09-09 23:15:00,166.3,0,68,64.0,1,0,0
2026-09-09 23:20:00,167.7,0,72,62.2,1,0,0
2026-09-09 23:25:00,169.3,0,70,62.9,1,0,0
2026-09-09 23:30:00,167.9,0,70,64.7,1,0,0
2026-09-09 23:35:00,166.2,0,71,60.4,1,0,0
2026-09-09 23:40:00,161.0,0,70,66.3,1,0,0
2026-09-09 23:45:00,159.5,0,69,61.3,1,0,0
2026-09-09 23:50:00,158.3,0,72,60.1,1,0,0
2026-09-09 23:55:00,157.1,0,73,63.7,1,0,0
2026-09-10 00:00:00,159.0,1,71,63.8,1,0,0
2026-09-10 00:05:00,161.3,0,74,63.8,1,0,0
2026-09-10 00:10:00,157.5,0,74,62.5,1,0,0
2026-09-10 00:15:00,155.3,0,72,63.7,1,0,0
2026-09-10 00:20:00,156.0,0,71,62.0,1,0,0
2026-09-10 00:25:00,156.0,0,67,62.9,1,0,0
2026-09-10 00:30:00,157.9,0,68,61.7,1,0,0
2026-09-10 00:35:00,157.2,1,70,59.9,1,0,0
2026-09-10 00:40:00,156.2,0,69,65.4,1,0,0
2026-09-10 00:45:00,158.3,0,70,65.3,1,0,0
2026-09-10 00:50:00,154.7,0,71,64.5,1,0,0
2026-09-10 00:55:00,154.1,0,75,64.6,1,0,0
2026-09-10 01:00:00,155.1,0,70,62.4,1,0,0
2026-09-10 01:05:00,151.2,1,72,65.1,1,0,0
2026-09-10 01:10:00,150.4,0,72,62.8,1,0,0
2026-09-10 01:15:00,146.3,1,75,61.0,1,0,0
2026-09-10 01:20:00,143.0,0,70,63.2,1,0,0
2026-09-10 01:25:00,144.0,0,69,64.6,1,0,0
2026-09-10 01:30:00,145.6,0,68,60.8,1,0,0
2026-09-10 01:35:00,144.7,0,69,64.5,1,0,0
2026-09-10 01:40:00,141.5,0,70,63.7,1,0,0
2026-09-10 01:45:00,140.1,0,70,64.3,1,0,0
2026-09-10 01:50:00,139.2,0,67,63.3,1,0,0
2026-09-10 01:55:00,141.9,1,70,62.8,1,0,0
2026-09-10 02:00:00,141.8,0,74,60.1,1,0,0
2026-09-10 02:05:00,141.3,0,71,64.7,1,0,0
2026-09-10 02:10:00,144.8,0,75,63.9,1,0,0
2026-09-10 02:15:00,143.7,0,73,63.8,1,0,0
2026-09-10 02:20:00,143.2,0,71,62.0,1,0,0
2026-09-10 02:25:00,144.8,0,70,63.7,1,0,0
2026-09-10 02:30:00,145.1,1,72,60.3,1,0,0
2026-09-10 02:35:00,145.5,0,72,59.5,1,0,0
2026-09-10 02:40:00,141.7,0,69,63.8,1,0,0
2026-09-10 02:45:00,142.9,0,70,62.6,1,0,0
2026-09-10 02:50:00,139.7,1,70,62.2,1,0,0
2026-09-10 02:55:00,139.0,1,74,60.0,1,0,0
2026-09-10 03:00:00,138.4,2,71,61.2,1,0,0
2026-09-10 03:05:00,138.4,0,70,63.2,1,0,0
2026-09-10 03:10:00,134.3,0,70,61.7,1,0,0
2026-09-10 03:15:00,134.1,1,69,67.6,1,0,0
2026-09-10 03:20:00,134.7,1,73,65.7,1,0,0
2026-09-10 03:25:00,135.0,0,70,61.6,1,0,0
2026-09-10 03:30:00,139.0,0,71,63.4,1,0,0
2026-09-10 03:35:00,140.3,1,72,65.6,1,0,0
2026-09-10 03:40:00,142.8,0,67,62.8,1,0,0
2026-09-10 03:45:00,141.5,2,69,62.4,1,0,0
2026-09-10 03:50:00,143.2,0,71,63.4,1,0,0
2026-09-10 03:55:00,144.3,0,72,63.6,1,0,0
2026-09-10 04:00:00,142.3,0,73,64.0,1,0,0
2026-09-10 04:05:00,140.2,1,71,60.6,1,0,0
2026-09-10 04:10:00,141.9,0,67,64.0,1,0,0
2026-09-10 04:15:00,145.9,2,71,61.4,1,0,0
2026-09-10 04:20:00,144.2,0,70,61.6,1,0,0
2026-09-10 04:25:00,141.6,0,71,63.4,1,0,0
2026-09-10 04:30:00,141.9,0,71,63.1,1,0,0
2026-09-10 04:35:00,141.1,0,73,61.3,1,0,0
2026-09-10 04:40:00,142.0,0,73,61.7,1,0,0
2026-09-10 04:45:00,140.8,0,70,65.3,1,0,0
2026-09-10 04:50:00,140.2,0,72,64.6,1,0,0
2026-09-10 04:55:00,141.0,1,68,63.0,1,0,0
2026-09-10 05:00:00,139.4,2,71,62.8,1,0,0
2026-09-10 05:05:00,140.0,0,71,70.8,1,0,0
2026-09-10 05:10:00,142.1,0,71,62.1,1,0,0
2026-09-10 05:15:00,143.5,0,73,63.8,1,0,0
2026-09-10 05:20:00,137.0,1,71,58.9,1,0,0
2026-09-10 05:25:00,136.4,0,73,63.8,1,0,0
2026-09-10 05:30:00,138.8,0,73,64.1,1,0,0
2026-09-10 05:35:00,142.5,0,71,58.6,1,0,0
2026-09-10 05:40:00,142.6,0,71,63.6,1,0,0
2026-09-10 05:45:00,141.6,0,72,62.6,1,0,0
2026-09-10 05:50:00,143.0,0,70,63.1,1,0,0
2026-09-10 05:55:00,145.1,0,67,63.4,1,0,0
2026-09-10 06:00:00,144.3,0,67,65.4,1,0,0
2026-09-10 06:05:00,146.4,0,70,64.8,1,0,0
2026-09-10 06:10:00,142.3,28,79,38.1,0,0,0
2026-09-10 06:15:00,145.3,13,79,37.3,0,0,0
2026-09-10 06:20:00,144.2,18,78,38.4,0,0,0
2026-09-10 06:25:00,146.3,19,82,41.2,0,0,0
2026-09-10 06:30:00,145.8,10,75,40.2,0,0,0
2026-09-10 06:35:00,145.6,27,80,39.9,0,0,0
2026-09-10 06:40:00,142.7,15,81,39.1,0,0,0
2026-09-10 06:45:00,146.6,20,78,38.0,0,0,0
2026-09-10 06:50:00,143.4,23,80,42.1,0,0,0
2026-09-10 06:55:00,141.8,34,85,38.4,0,0,0
2026-09-10 07:00:00,142.0,25,79,39.2,0,0,0
2026-09-10 07:05:00,140.3,26,80,35.5,0,0,0
2026-09-10 07:10:00,139.7,11,81,38.7,0,0,0
2026-09-10 07:15:00,140.0,20,85,38.1,0,0,0
2026-09-10 07:20:00,139.7,44,79,39.5,0,0,0
2026-09-10 07:25:00,138.2,22,81,40.9,0,0,0
2026-09-10 07:30:00,134.6,21,80,40.9,0,0,0
2026-09-10 07:35:00,135.3,25,78,41.1,0,0,0
2026-09-10 07:40:00,137.5,14,82,40.1,0,49,65
2026-09-10 07:45:00,143.1,31,86,42.8,0,0,0
2026-09-10 07:50:00,147.3,21,83,40.7,0,0,0
2026-09-10 07:55:00,149.7,12,83,38.1,0,0,0
2026-09-10 08:00:00,153.8,33,86,40.3,0,0,0
2026-09-10 08:05:00,158.1,18,79,38.2,0,0,0
2026-09-10 08:10:00,162.1,44,81,37.7,0,0,0
2026-09-10 08:15:00,160.6,30,79,37.4,0,0,0
2026-09-10 08:20:00,162.8,11,81,40.3,0,0,0
2026-09-10 08:25:00,165.5,31,81,37.3,0,0,0
2026-09-10 08:30:00,167.4,27,80,40.4,0,0,0
2026-09-10 08:35:00,166.6,26,82,39.0,0,0,0
2026-09-10 08:40:00,168.1,31,82,38.1,0,0,0
2026-09-10 08:45:00,166.3,31,81,39.7,0,0,0
2026-09-10 08:50:00,166.0,32,80,43.0,0,0,0
2026-09-10 08:55:00,166.5,17,80,39.4,0,0,0
2026-09-10 09:00:00,164.4,16,83,38.6,0,0,0
2026-09-10 09:05:00,166.5,12,80,41.5,0,0,0
2026-09-10 09:10:00,161.3,8,79,39.3,0,0,0
2026-09-10 09:15:00,160.7,35,84,37.9,0,0,0
2026-09-10 09:20:00,157.8,28,82,39.2,0,0,0
2026-09-10 09:25:00,156.7,14,82,40.3,0,0,0
2026-09-10 09:30:00,156.1,492,108,38.5,0,0,0
2026-09-10 09:35:00,151.2,503,108,39.0,0,0,0
2026-09-10 09:40:00,144.3,491,110,36.8,0,0,0
2026-09-10 09:45:00,142.3,486,108,39.9,0,0,0
2026-09-10 09:50:00,141.6,20,78,38.2,0,0,0
2026-09-10 09:55:00,143.2,20,81,37.9,0,0,0
2026-09-10 10:00:00,140.0,17,82,38.6,0,0,0
2026-09-10 10:05:00,138.0,18,83,38.5,0,0,0
2026-09-10 10:10:00,140.8,13,78,39.2,0,0,0
2026-09-10 10:15:00,141.8,19,81,37.9,0,0,0
2026-09-10 10:20:00,138.9,24,79,41.0,0,0,0
2026-09-10 10:25:00,141.9,21,83,37.0,0,0,0
2026-09-10 10:30:00,142.6,46,82,40.3,0,0,0
2026-09-10 10:35:00,146.9,24,78,43.5,0,0,0
2026-09-10 10:40:00,147.3,8,80,38.5,0,0,0
2026-09-10 10:45:00,146.5,15,80,40.3,0,0,0
2026-09-10 10:50:00,143.4,14,78,38.9,0,0,0
2026-09-10 10:55:00,144.5,18,81,39.6,0,0,0
2026-09-10 11:00:00,146.9,12,81,38.9,0,0,0
2026-09-10 11:05:00,148.6,23,81,37.8,0,0,0
2026-09-10 11:10:00,146.0,21,79,38.2,0,0,0
2026-09-10 11:15:00,146.0,27,81,40.7,0,0,0
2026-09-10 11:20:00,145.6,32,80,41.3,0,0,0
2026-09-10 11:25:00,145.3,50,86,42.3,0,0,0
2026-09-10 11:30:00,144.0,27,81,40.5,0,0,0
2026-09-10 11:35:00,139.5,31,79,37.8,0,0,0
2026-09-10 11:40:00,139.8,19,80,38.8,0,0,0
2026-09-10 11:45:00,139.1,11,80,40.3,0,0,0
2026-09-10 11:50:00,138.2,26,77,40.0,0,0,0
2026-09-10 11:55:00,137.9,17,82,37.5,0,0,0
2026-09-10 12:00:00,142.7,43,82,38.2,0,0,0
2026-09-10 12:05:00,140.5,11,76,37.8,0,0,0
2026-09-10 12:10:00,141.9,20,79,41.8,0,0,0
2026-09-10 12:15:00,141.7,15,84,36.5,0,0,0
2026-09-10 12:20:00,139.8,24,79,39.0,0,0,0
2026-09-10 12:25:00,139.2,18,77,36.7,0,0,0
2026-09-10 12:30:00,141.2,26,79,40.8,0,0,0
2026-09-10 12:35:00,142.7,10,79,38.1,0,0,0
2026-09-10 12:40:00,143.3,29,82,37.2,0,0,0
2026-09-10 12:45:00,144.4,58,80,40.0,0,0,0
2026-09-10 12:50:00,145.0,38,82,37.6,0,0,0
2026-09-10 12:55:00,145.4,15,80,39.0,0,0,0
2026-09-10 13:00:00,145.1,57,82,38.5,0,0,0
2026-09-10 13:05:00,143.0,8,82,41.9,0,57,50
2026-09-10 13:10:00,149.4,16,87,37.9,0,0,0
2026-09-10 13:15:00,157.3,58,89,38.2,0,0,0
2026-09-10 13:20:00,158.8,12,80,35.2,0,0,0
2026-09-10 13:25:00,161.7,33,87,39.2,0,0,0
2026-09-10 13:30:00,163.6,18,86,41.9,0,0,0
2026-09-10 13:35:00,166.3,21,81,40.4,0,0,0
2026-09-10 13:40:00,164.0,17,77,38.2,0,0,0
2026-09-10 13:45:00,164.8,16,79,40.8,0,0,0
2026-09-10 13:50:00,162.8,10,79,39.3,0,0,0
2026-09-10 13:55:00,163.0,16,84,38.4,0,0,0
2026-09-10 14:00:00,164.5,23,78,40.1,0,0,0
2026-09-10 14:05:00,163.3,53,81,38.7,0,0,0
2026-09-10 14:10:00,164.2,17,82,40.7,0,0,0
2026-09-10 14:15:00,164.9,18,78,35.8,0,0,0
2026-09-10 14:20:00,160.1,27,81,38.6,0,0,0
2026-09-10 14:25:00,158.3,14,82,38.6,0,0,0
2026-09-10 14:30:00,154.0,18,81,34.7,0,0,0
2026-09-10 14:35:00,153.6,9,78,41.0,0,0,0
2026-09-10 14:40:00,153.4,17,79,41.0,0,0,0
2026-09-10 14:45:00,152.6,19,81,39.2,0,0,0
2026-09-10 14:50:00,152.6,44,79,39.0,0,0,0
2026-09-10 14:55:00,151.5,31,78,38.3,0,0,0
2026-09-10 15:00:00,150.4,20,80,37.8,0,0,0
2026-09-10 15:05:00,150.5,23,83,37.5,0,0,0
2026-09-10 15:10:00,150.3,36,81,37.4,0,0,0
2026-09-10 15:15:00,146.5,28,80,37.4,0,0,0
2026-09-10 15:20:00,142.6,15,80,38.3,0,0,0
2026-09-10 15:25:00,143.0,24,82,39.0,0,0,0
2026-09-10 15:30:00,141.4,21,82,37.9,0,0,0
2026-09-10 15:35:00,143.3,26,85,38.3,0,0,0
2026-09-10 15:40:00,144.7,23,80,42.0,0,0,0
2026-09-10 15:45:00,143.4,20,83,40.0,0,0,0
2026-09-10 15:50:00,142.5,54,84,38.2,0,0,0
2026-09-10 15:55:00,143.5,28,81,39.6,0,0,0
2026-09-10 16:00:00,144.1,30,82,32.4,0,0,0
2026-09-10 16:05:00,146.5,34,78,37.9,0,0,0
2026-09-10 16:10:00,146.4,14,79,37.9,0,0,0
2026-09-10 16:15:00,144.7,24,78,43.3,0,0,0
2026-09-10 16:20:00,147.8,32,79,37.7,0,0,0
2026-09-10 16:25:00,146.7,39,83,38.5,0,0,0
2026-09-10 16:30:00,147.0,15,80,37.5,0,0,0
2026-09-10 16:35:00,143.6,7,77,37.9,0,0,0
2026-09-10 16:40:00,138.4,21,81,38.9,0,0,0
2026-09-10 16:45:00,141.6,13,83,38.1,0,0,0
2026-09-10 16:50:00,142.1,8,80,38.3,0,0,0
2026-09-10 16:55:00,140.5,31,80,38.1,0,0,0
2026-09-10 17:00:00,139.6,12,79,38.5,0,0,0
2026-09-10 17:05:00,141.5,19,80,35.7,0,0,0
2026-09-10 17:10:00,142.7,15,79,38.9,0,0,0
2026-09-10 17:15:00,143.5,15,80,35.2,0,0,0
2026-09-10 17:20:00,142.9,33,84,37.3,0,0,0
2026-09-10 17:25:00,140.9,30,80,42.4,0,0,0
2026-09-10 17:30:00,143.1,33,81,41.1,0,0,0
2026-09-10 17:35:00,142.3,9,84,39.3,0,16,35
2026-09-10 17:40:00,141.6,25,81,36.5,0,0,0
2026-09-10 17:45:00,144.0,7,84,40.2,0,0,0
2026-09-10 17:50:00,144.3,33,82,39.5,0,0,0
2026-09-10 17:55:00,148.3,18,84,39.2,0,0,0
2026-09-10 18:00:00,148.1,32,81,41.3,0,0,0
2026-09-10 18:05:00,150.1,24,77,37.3,0,0,0
2026-09-10 18:10:00,149.6,29,78,38.9,0,0,0
2026-09-10 18:15:00,147.5,8,79,38.1,0,0,0
2026-09-10 18:20:00,150.6,20,79,38.3,0,0,0
2026-09-10 18:25:00,147.8,18,80,36.5,0,0,0
2026-09-10 18:30:00,144.4,26,83,37.4,0,0,0
2026-09-10 18:35:00,143.8,11,77,39.0,0,0,0
2026-09-10 18:40:00,146.9,38,86,36.8,0,0,0
2026-09-10 18:45:00,145.1,34,85,36.3,0,0,0
2026-09-10 18:50:00,144.5,450,105,37.4,0,0,0
2026-09-10 18:55:00,146.8,452,104,38.7,0,0,0
2026-09-10 19:00:00,150.2,21,79,40.7,0,0,0
2026-09-10 19:05:00,151.6,22,79,35.6,0,0,0
2026-09-10 19:10:00,147.7,26,80,41.3,0,0,0
2026-09-10 19:15:00,147.0,10,81,39.2,0,0,0
2026-09-10 19:20:00,147.5,52,84,37.6,0,0,0
2026-09-10 19:25:00,144.4,51,79,37.8,0,0,0
2026-09-10 19:30:00,145.7,19,83,41.6,0,0,0
2026-09-10 19:35:00,144.8,11,81,37.2,0,0,0
2026-09-10 19:40:00,145.3,20,81,36.1,0,0,0
2026-09-10 19:45:00,144.3,31,80,40.7,0,0,0
2026-09-10 19:50:00,142.7,21,82,39.3,0,0,0
2026-09-10 19:55:00,138.5,19,81,37.5,0,0,0
2026-09-10 20:00:00,140.0,29,81,41.2,0,0,0
2026-09-10 20:05:00,141.6,30,83,39.8,0,0,0
2026-09-10 20:10:00,143.4,38,77,37.8,0,0,0
2026-09-10 20:15:00,139.5,8,80,37.2,0,0,0
2026-09-10 20:20:00,139.0,12,79,36.6,0,0,0
2026-09-10 20:25:00,140.0,12,80,42.6,0,0,0
2026-09-10 20:30:00,140.6,14,78,39.7,0,0,0
2026-09-10 20:35:00,141.8,19,76,37.6,0,0,0
2026-09-10 20:40:00,143.0,33,81,37.3,0,0,0
2026-09-10 20:45:00,142.0,28,82,39.5,0,0,0
2026-09-10 20:50:00,140.7,45,79,37.3,0,0,0
2026-09-10 20:55:00,139.2,22,81,38.3,0,0,0
2026-09-10 21:00:00,142.4,32,81,39.5,0,0,0
2026-09-10 21:05:00,144.9,41,84,40.8,0,55,68
2026-09-10 21:10:00,154.0,16,84,39.0,0,0,0
2026-09-10 21:15:00,155.1,11,84,41.6,0,0,0
2026-09-10 21:20:00,159.7,21,81,36.8,0,0,0
2026-09-10 21:25:00,162.0,35,84,39.3,0,0,0
2026-09-10 21:30:00,166.3,38,85,38.9,0,0,0
2026-09-10 21:35:00,171.6,57,80,44.6,0,0,0
2026-09-10 21:40:00,170.3,22,80,40.8,0,0,0
2026-09-10 21:45:00,172.6,15,81,39.3,0,0,0
2026-09-10 21:50:00,169.3,10,82,41.1,0,0,0
2026-09-10 21:55:00,170.8,15,79,37.9,0,0,0
2026-09-10 22:00:00,174.2,8,79,36.9,0,0,0
2026-09-10 22:05:00,173.1,27,78,32.6,0,0,0
2026-09-10 22:10:00,169.6,16,80,40.2,0,0,0
2026-09-10 22:15:00,169.0,39,77,41.3,0,0,0
2026-09-10 22:20:00,163.6,20,80,38.6,0,0,0
2026-09-10 22:25:00,162.4,21,80,37.8,0,0,0
2026-09-10 22:30:00,166.1,13,82,38.1,0,0,0
2026-09-10 22:35:00,163.4,23,77,38.2,0,0,0
2026-09-10 22:40:00,160.7,24,80,39.1,0,0,0
2026-09-10 22:45:00,160.9,30,82,39.7,0,0,0
2026-09-10 22:50:00,159.8,32,81,39.8,0,0,0
2026-09-10 22:55:00,158.0,10,79,39.0,0,0,0
2026-09-10 23:00:00,154.8,0,69,61.8,1,0,0
2026-09-10 23:05:00,151.0,0,71,64.4,1,0,0
2026-09-10 23:10:00,148.5,0,71,62.0,1,0,0
2026-09-10 23:15:00,147.9,0,73,58.8,1,0,0
2026-09-10 23:20:00,149.9,1,70,62.7,1,0,0
2026-09-10 23:25:00,152.0,2,73,60.5,1,0,0
2026-09-10 23:30:00,151.1,0,71,58.4,1,0,0
2026-09-10 23:35:00,152.0,0,77,61.0,1,0,0
2026-09-10 23:40:00,151.4,0,69,64.2,1,0,0
2026-09-10 23:45:00,149.8,2,72,59.0,1,0,0
2026-09-10 23:50:00,146.5,1,70,63.8,1,0,0
2026-09-10 23:55:00,143.5,0,70,64.6,1,0,0
2026-09-11 00:00:00,142.9,0,69,59.5,1,0,0
2026-09-11 00:05:00,144.8,0,70,65.2,1,0,0
2026-09-11 00:10:00,145.0,0,70,61.4,1,0,0
2026-09-11 00:15:00,141.6,0,71,60.1,1,0,0
2026-09-11 00:20:00,141.5,1,70,63.7,1,0,0
2026-09-11 00:25:00,140.1,0,72,66.9,1,0,0
2026-09-11 00:30:00,142.8,0,71,65.3,1,0,0
2026-09-11 00:35:00,144.6,2,72,65.6,1,0,0
2026-09-11 00:40:00,147.7,0,70,64.3,1,0,0
2026-09-11 00:45:00,148.9,1,70,60.9,1,0,0
2026-09-11 00:50:00,149.0,0,69,63.4,1,0,0
2026-09-11 00:55:00,148.2,0,72,64.9,1,0,0
2026-09-11 01:00:00,148.2,0,73,65.1,1,0,0
2026-09-11 01:05:00,148.4,1,71,65.9,1,0,0
2026-09-11 01:10:00,148.3,0,70,63.0,1,0,0
2026-09-11 01:15:00,146.8,1,72,62.5,1,0,0
2026-09-11 01:20:00,144.7,1,71,63.2,1,0,0
2026-09-11 01:25:00,146.4,0,69,65.2,1,0,0
2026-09-11 01:30:00,144.2,1,68,63.6,1,0,0
2026-09-11 01:35:00,141.9,0,70,62.2,1,0,0
2026-09-11 01:40:00,139.0,0,69,60.2,1,0,0
2026-09-11 01:45:00,140.7,0,69,63.8,1,0,0
2026-09-11 01:50:00,141.9,0,68,60.3,1,0,0
2026-09-11 01:55:00,141.3,0,76,62.9,1,0,0
2026-09-11 02:00:00,145.1,0,73,64.8,1,0,0
2026-09-11 02:05:00,142.7,0,69,63.4,1,0,0
2026-09-11 02:10:00,138.6,1,70,62.7,1,0,0
2026-09-11 02:15:00,141.3,0,68,63.5,1,0,0
2026-09-11 02:20:00,138.6,0,71,65.1,1,0,0
2026-09-11 02:25:00,135.8,0,74,63.9,1,0,0
2026-09-11 02:30:00,133.6,0,68,62.7,1,0,0
2026-09-11 02:35:00,137.5,0,71,62.5,1,0,0
2026-09-11 02:40:00,134.1,1,70,63.9,1,0,0
2026-09-11 02:45:00,131.6,0,71,62.4,1,0,0
2026-09-11 02:50:00,134.7,1,73,63.8,1,0,0
2026-09-11 02:55:00,131.3,0,73,62.5,1,0,0
2026-09-11 03:00:00,133.3,0,73,65.1,1,0,0
2026-09-11 03:05:00,135.9,0,73,66.2,1,0,0
2026-09-11 03:10:00,137.9,0,68,64.3,1,0,0
2026-09-11 03:15:00,135.7,0,71,63.9,1,0,0
2026-09-11 03:20:00,136.6,1,73,61.2,1,0,0
2026-09-11 03:25:00,134.8,0,71,64.1,1,0,0
2026-09-11 03:30:00,137.5,0,75,60.2,1,0,0
2026-09-11 03:35:00,140.9,0,67,63.9,1,0,0
2026-09-11 03:40:00,140.9,1,75,62.1,1,0,0
2026-09-11 03:45:00,143.7,1,70,61.4,1,0,0
2026-09-11 03:50:00,144.6,0,73,62.9,1,0,0
2026-09-11 03:55:00,145.5,0,68,61.5,1,0,0
2026-09-11 04:00:00,147.3,0,69,65.1,1,0,0
2026-09-11 04:05:00,147.0,0,72,59.8,1,0,0
2026-09-11 04:10:00,146.8,0,74,60.5,1,0,0
2026-09-11 04:15:00,142.3,1,74,62.7,1,0,0
2026-09-11 04:20:00,145.0,1,71,60.5,1,0,0
2026-09-11 04:25:00,148.8,0,70,62.3,1,0,0
2026-09-11 04:30:00,153.1,0,71,63.6,1,0,0
2026-09-11 04:35:00,152.5,0,67,60.0,1,0,0
2026-09-11 04:40:00,149.8,0,70,64.1,1,0,0
2026-09-11 04:45:00,147.0,0,72,63.5,1,0,0
2026-09-11 04:50:00,149.1,0,70,64.7,1,0,0
2026-09-11 04:55:00,151.7,0,70,62.3,1,0,0
2026-09-11 05:00:00,151.8,1,74,60.7,1,0,0
2026-09-11 05:05:00,151.1,0,74,62.7,1,0,0
2026-09-11 05:10:00,154.1,1,66,63.0,1,0,0
2026-09-11 05:15:00,154.8,0,70,62.8,1,0,0
2026-09-11 05:20:00,150.1,0,70,62.9,1,0,0
2026-09-11 05:25:00,150.3,1,69,59.9,1,0,0
2026-09-11 05:30:00,152.6,0,74,64.3,1,0,0
2026-09-11 05:35:00,155.2,2,73,61.5,1,0,0
2026-09-11 05:40:00,153.7,0,72,66.3,1,0,0
2026-09-11 05:45:00,154.7,0,72,65.6,1,0,0
2026-09-11 05:50:00,154.9,2,74,61.1,1,0,0
2026-09-11 05:55:00,153.4,0,71,63.7,1,0,0
2026-09-11 06:00:00,152.3,0,70,60.2,1,0,0
2026-09-11 06:05:00,151.6,0,70,60.0,1,0,0
2026-09-11 06:10:00,148.6,0,69,59.8,1,0,0
2026-09-11 06:15:00,146.9,0,72,61.9,1,0,0
2026-09-11 06:20:00,145.4,1,73,63.3,1,0,0
2026-09-11 06:25:00,145.0,0,71,59.5,1,0,0
2026-09-11 06:30:00,144.8,0,72,60.8,1,0,0
2026-09-11 06:35:00,143.3,0,72,61.8,1,0,0
2026-09-11 06:40:00,145.7,0,72,62.0,1,0,0
2026-09-11 06:45:00,146.2,16,81,40.9,0,0,0
2026-09-11 06:50:00,146.8,15,78,37.3,0,0,0
2026-09-11 06:55:00,146.4,23,80,38.8,0,0,0
2026-09-11 07:00:00,146.7,26,80,38.6,0,0,0
2026-09-11 07:05:00,147.9,25,82,41.2,0,0,0
2026-09-11 07:10:00,147.8,14,77,39.6,0,0,0
2026-09-11 07:15:00,148.9,15,82,40.4,0,0,0
2026-09-11 07:20:00,148.8,23,81,41.2,0,0,0
2026-09-11 07:25:00,146.8,30,82,39.1,0,0,0
2026-09-11 07:30:00,146.5,21,77,39.9,0,0,0
2026-09-11 07:35:00,145.8,22,80,36.8,0,0,0
2026-09-11 07:40:00,143.1,16,81,38.4,0,0,0
2026-09-11 07:45:00,138.3,29,78,37.7,0,0,0
2026-09-11 07:50:00,135.9,7,79,42.1,0,0,0
2026-09-11 07:55:00,135.0,14,78,38.8,0,0,0
2026-09-11 08:00:00,134.4,27,80,36.3,0,0,0
2026-09-11 08:05:00,134.2,20,78,39.4,0,0,0
2026-09-11 08:10:00,134.8,14,83,38.7,0,0,0
2026-09-11 08:15:00,137.8,9,77,38.7,0,0,0
2026-09-11 08:20:00,140.8,18,84,40.2,0,32,50
2026-09-11 08:25:00,143.5,21,78,37.8,0,0,0
2026-09-11 08:30:00,148.0,16,83,42.4,0,0,0
2026-09-11 08:35:00,148.5,491,111,37.1,0,0,0
2026-09-11 08:40:00,150.4,483,108,38.8,0,0,0
2026-09-11 08:45:00,150.8,18,84,36.2,0,0,0
2026-09-11 08:50:00,149.0,50,84,37.6,0,0,0
2026-09-11 08:55:00,151.2,9,81,39.4,0,0,0
2026-09-11 09:00:00,153.0,28,83,35.3,0,0,0
2026-09-11 09:05:00,151.0,24,81,43.1,0,0,0
2026-09-11 09:10:00,149.2,25,80,35.6,0,0,0
2026-09-11 09:15:00,153.5,15,81,41.0,0,0,0
2026-09-11 09:20:00,151.4,21,82,37.3,0,0,0
2026-09-11 09:25:00,151.9,16,83,40.9,0,0,0
2026-09-11 09:30:00,150.5,17,80,39.4,0,0,0
2026-09-11 09:35:00,148.4,341,99,38.5,0,0,0
2026-09-11 09:40:00,148.1,332,98,38.2,0,0,0
2026-09-11 09:45:00,148.6,18,82,38.1,0,0,0
2026-09-11 09:50:00,147.9,19,81,37.7,0,0,0
2026-09-11 09:55:00,148.8,25,81,39.0,0,0,0
2026-09-11 10:00:00,145.4,18,80,41.6,0,0,0
2026-09-11 10:05:00,145.7,27,78,39.0,0,0,0
2026-09-11 10:10:00,142.2,32,83,39.2,0,0,0
2026-09-11 10:15:00,139.8,14,78,43.5,0,0,0
2026-09-11 10:20:00,140.3,13,81,39.7,0,0,0
2026-09-11 10:25:00,138.6,27,81,38.0,0,0,0
2026-09-11 10:30:00,138.8,15,82,36.1,0,0,0
2026-09-11 10:35:00,135.6,11,79,38.0,0,0,0
2026-09-11 10:40:00,137.7,26,79,37.0,0,0,0
2026-09-11 10:45:00,136.3,36,86,41.6,0,0,0
2026-09-11 10:50:00,136.7,15,80,40.5,0,0,0
2026-09-11 10:55:00,136.8,12,81,38.5,0,0,0
2026-09-11 11:00:00,138.7,10,78,36.5,0,0,0
2026-09-11 11:05:00,138.6,18,84,40.3,0,0,0
2026-09-11 11:10:00,134.2,37,79,40.2,0,0,0
2026-09-11 11:15:00,134.0,37,80,40.7,0,0,0
2026-09-11 11:20:00,132.5,24,81,40.3,0,0,0
2026-09-11 11:25:00,135.3,21,80,39.1,0,0,0
2026-09-11 11:30:00,138.6,5,78,41.3,0,0,0
2026-09-11 11:35:00,139.2,23,82,37.4,0,0,0
2026-09-11 11:40:00,138.8,17,80,38.7,0,0,0
2026-09-11 11:45:00,137.9,30,80,40.9,0,0,0
2026-09-11 11:50:00,139.6,19,76,40.1,0,0,0
2026-09-11 11:55:00,140.0,42,78,39.6,0,0,0
2026-09-11 12:00:00,143.7,33,81,38.1,0,0,0
2026-09-11 12:05:00,142.6,29,80,36.1,0,0,0
2026-09-11 12:10:00,145.0,32,82,37.9,0,0,0
2026-09-11 12:15:00,145.6,27,84,39.1,0,0,0
2026-09-11 12:20:00,150.6,17,78,34.2,0,0,0
2026-09-11 12:25:00,149.8,32,82,38.3,0,0,0
2026-09-11 12:30:00,151.9,27,77,37.3,0,0,0
2026-09-11 12:35:00,149.6,49,82,37.5,0,0,0
2026-09-11 12:40:00,148.6,20,80,41.8,0,0,0
2026-09-11 12:45:00,149.7,30,81,39.0,0,0,0
2026-09-11 12:50:00,150.4,20,80,37.5,0,0,0
2026-09-11 12:55:00,148.8,38,83,36.3,0,0,0
2026-09-11 13:00:00,148.2,16,81,39.3,0,0,0
2026-09-11 13:05:00,145.2,32,83,37.5,0,0,0
2026-09-11 13:10:00,144.7,31,82,38.1,0,0,0
2026-09-11 13:15:00,141.2,30,81,41.6,0,0,0
2026-09-11 13:20:00,136.1,14,79,37.3,0,0,0
2026-09-11 13:25:00,135.2,15,81,38.9,0,0,0
2026-09-11 13:30:00,136.1,14,84,38.0,0,0,0
2026-09-11 13:35:00,135.3,20,82,38.3,0,0,0
2026-09-11 13:40:00,138.3,378,108,37.0,0,91,75
2026-09-11 13:45:00,151.3,382,106,39.3,0,0,0
2026-09-11 13:50:00,159.3,386,105,36.0,0,0,0
2026-09-11 13:55:00,170.1,15,85,41.7,0,0,0
2026-09-11 14:00:00,176.8,22,85,39.1,0,0,0
2026-09-11 14:05:00,182.7,17,82,40.4,0,0,0
2026-09-11 14:10:00,186.0,27,81,39.8,0,0,0
2026-09-11 14:15:00,189.8,30,87,39.9,0,0,0
2026-09-11 14:20:00,192.5,10,81,41.0,0,0,0
2026-09-11 14:25:00,192.2,21,80,38.3,0,0,0
2026-09-11 14:30:00,188.8,12,78,36.9,0,0,0
2026-09-11 14:35:00,191.9,32,79,40.2,0,0,0
2026-09-11 14:40:00,191.2,8,79,38.0,0,0,0
2026-09-11 14:45:00,186.9,14,85,38.7,0,0,0
2026-09-11 14:50:00,184.3,477,111,38.6,0,0,0
2026-09-11 14:55:00,181.6,477,106,38.4,0,0,0
2026-09-11 15:00:00,179.0,21,80,38.5,0,0,0
2026-09-11 15:05:00,178.9,13,80,37.3,0,0,0
2026-09-11 15:10:00,177.6,23,76,43.8,0,0,0
2026-09-11 15:15:00,176.1,11,84,41.3,0,0,0
2026-09-11 15:20:00,175.2,25,81,38.6,0,0,0
2026-09-11 15:25:00,175.0,40,83,39.6,0,0,0
2026-09-11 15:30:00,173.3,21,80,42.0,0,0,0
2026-09-11 15:35:00,168.6,30,85,38.0,0,0,0
2026-09-11 15:40:00,168.4,29,82,36.6,0,0,0
2026-09-11 15:45:00,169.4,31,81,35.3,0,0,0
2026-09-11 15:50:00,168.4,18,83,40.6,0,0,0
2026-09-11 15:55:00,164.9,23,83,40.2,0,0,0
2026-09-11 16:00:00,164.9,10,81,37.3,0,0,0
2026-09-11 16:05:00,164.4,16,80,38.6,0,0,0
2026-09-11 16:10:00,161.9,66,85,41.7,0,0,0
2026-09-11 16:15:00,159.3,38,83,39.5,0,0,0
2026-09-11 16:20:00,154.7,31,80,42.9,0,0,0
2026-09-11 16:25:00,151.3,14,80,41.1,0,0,0
2026-09-11 16:30:00,152.8,30,81,36.8,0,0,0
2026-09-11 16:35:00,149.4,17,82,39.7,0,0,0
2026-09-11 16:40:00,149.8,16,75,36.5,0,0,0
2026-09-11 16:45:00,146.7,12,79,41.5,0,0,0
2026-09-11 16:50:00,147.6,18,81,36.6,0,0,0
2026-09-11 16:55:00,140.9,22,77,37.8,0,0,0
2026-09-11 17:00:00,140.7,30,84,36.9,0,0,0
2026-09-11 17:05:00,143.1,25,80,39.4,0,0,0
2026-09-11 17:10:00,144.8,23,85,39.4,0,0,0
2026-09-11 17:15:00,142.8,33,82,34.1,0,0,0
2026-09-11 17:20:00,142.9,22,78,37.3,0,0,0
2026-09-11 17:25:00,140.0,26,81,39.7,0,0,0
2026-09-11 17:30:00,137.9,37,83,40.2,0,0,0
2026-09-11 17:35:00,136.8,13,84,43.3,0,18,50
2026-09-11 17:40:00,140.6,27,80,40.2,0,0,0
2026-09-11 17:45:00,142.6,23,82,38.4,0,0,0
2026-09-11 17:50:00,146.5,507,113,38.6,0,0,0
2026-09-11 17:55:00,146.2,494,110,37.8,0,0,0
2026-09-11 18:00:00,144.4,15,87,38.9,0,0,0
2026-09-11 18:05:00,142.2,26,81,37.3,0,0,0
2026-09-11 18:10:00,141.6,31,73,39.1,0,0,0
2026-09-11 18:15:00,141.1,26,81,36.7,0,0,0
2026-09-11 18:20:00,141.2,19,82,39.2,0,0,0
2026-09-11 18:25:00,140.7,23,83,36.4,0,0,0
2026-09-11 18:30:00,142.0,22,81,37.3,0,0,0
2026-09-11 18:35:00,141.3,9,79,40.6,0,0,0
2026-09-11 18:40:00,142.4,34,76,38.8,0,0,0
2026-09-11 18:45:00,138.0,10,82,36.8,0,0,0
2026-09-11 18:50:00,136.6,24,83,38.6,0,0,0
2026-09-11 18:55:00,134.5,32,83,39.7,0,0,0
2026-09-11 19:00:00,135.5,18,79,38.1,0,0,0
2026-09-11 19:05:00,134.3,12,79,40.1,0,0,0
2026-09-11 19:10:00,136.7,17,78,41.1,0,0,0
2026-09-11 19:15:00,139.0,19,80,39.0,0,0,0
2026-09-11 19:20:00,139.0,16,77,42.5,0,0,0
2026-09-11 19:25:00,138.5,22,81,38.5,0,0,0
2026-09-11 19:30:00,138.7,5,79,40.6,0,0,0
2026-09-11 19:35:00,137.1,26,79,35.2,0,0,0
2026-09-11 19:40:00,137.2,25,79,39.4,0,0,0
2026-09-11 19:45:00,136.0,42,83,42.0,0,0,0
2026-09-11 19:50:00,134.6,17,81,39.6,0,0,0
2026-09-11 19:55:00,134.1,23,80,37.6,0,0,0
2026-09-11 20:00:00,136.4,15,79,38.2,0,0,0
2026-09-11 20:05:00,136.7,32,83,37.5,0,0,0
2026-09-11 20:10:00,137.5,13,77,38.5,0,0,0
2026-09-11 20:15:00,140.7,17,81,41.0,0,0,0
2026-09-11 20:20:00,139.7,15,80,40.4,0,0,0
2026-09-11 20:25:00,139.4,12,79,38.0,0,0,0
2026-09-11 20:30:00,140.0,36,81,40.3,0,0,0
2026-09-11 20:35:00,141.8,16,82,37.8,0,0,0
2026-09-11 20:40:00,144.0,41,83,37.4,0,0,0
2026-09-11 20:45:00,140.9,23,80,39.7,0,0,0
2026-09-11 20:50:00,138.4,22,79,37.2,0,0,0
2026-09-11 20:55:00,138.3,57,82,39.8,0,0,0
2026-09-11 21:00:00,135.3,14,80,36.2,0,0,0
2026-09-11 21:05:00,135.1,22,83,36.9,0,0,0
2026-09-11 21:10:00,136.0,20,80,39.3,0,0,0
2026-09-11 21:15:00,136.2,45,79,37.7,0,0,0
2026-09-11 21:20:00,136.5,22,80,35.8,0,0,0
2026-09-11 21:25:00,135.7,16,79,38.0,0,0,0
2026-09-11 21:30:00,137.3,19,83,41.3,0,55,68
2026-09-11 21:35:00,147.8,14,84,37.0,0,0,0
2026-09-11 21:40:00,156.2,9,84,39.0,0,0,0
2026-09-11 21:45:00,160.3,10,82,36.0,0,0,0
2026-09-11 21:50:00,165.9,17,84,36.5,0,0,0
2026-09-11 21:55:00,169.0,13,83,40.6,0,0,0
2026-09-11 22:00:00,169.0,24,80,37.2,0,0,0
2026-09-11 22:05:00,172.5,21,78,35.2,0,0,0
2026-09-11 22:10:00,170.9,14,80,37.5,0,0,0
2026-09-11 22:15:00,170.3,14,79,39.4,0,0,0
2026-09-11 22:20:00,174.9,11,79,36.2,0,0,0
2026-09-11 22:25:00,170.0,9,79,36.8,0,0,0
2026-09-11 22:30:00,170.5,24,77,38.3,0,0,0
2026-09-11 22:35:00,168.0,14,81,41.9,0,0,0
2026-09-11 22:40:00,167.0,26,80,38.3,0,0,0
2026-09-11 22:45:00,166.8,29,85,37.3,0,0,0
2026-09-11 22:50:00,166.3,43,81,40.0,0,0,0
2026-09-11 22:55:00,164.4,19,82,36.0,0,0,0
2026-09-11 23:00:00,165.0,27,78,37.6,0,0,0
2026-09-11 23:05:00,166.1,38,77,36.7,0,0,0
2026-09-11 23:10:00,165.6,34,82,39.7,0,0,0
2026-09-11 23:15:00,163.5,15,79,42.9,0,0,0
2026-09-11 23:20:00,161.5,34,80,37.7,0,0,0
2026-09-11 23:25:00,157.3,49,83,39.1,0,0,0
2026-09-11 23:30:00,160.1,17,78,35.2,0,0,0
2026-09-11 23:35:00,156.0,18,79,39.9,0,0,0
2026-09-11 23:40:00,153.1,26,78,41.6,0,0,0
2026-09-11 23:45:00,154.0,26,81,38.3,0,0,0
2026-09-11 23:50:00,156.2,26,79,34.9,0,0,0
2026-09-11 23:55:00,153.6,27,80,40.5,0,0,0
2026-09-12 00:00:00,153.0,17,75,37.8,0,0,0
2026-09-12 00:05:00,149.0,29,78,39.7,0,0,0
2026-09-12 00:10:00,151.3,23,79,36.2,0,0,0
2026-09-12 00:15:00,149.5,0,76,63.1,1,0,0
2026-09-12 00:20:00,147.0,1,69,65.0,1,0,0
2026-09-12 00:25:00,145.5,3,68,62.9,1,0,0
2026-09-12 00:30:00,145.4,0,73,63.8,1,0,0
2026-09-12 00:35:00,146.0,0,73,56.8,1,0,0
2026-09-12 00:40:00,146.0,1,71,61.9,1,0,0
2026-09-12 00:45:00,145.1,0,72,61.1,1,0,0
2026-09-12 00:50:00,144.9,1,72,59.9,1,0,0
2026-09-12 00:55:00,142.1,0,71,61.6,1,0,0
2026-09-12 01:00:00,138.9,0,76,62.6,1,0,0
2026-09-12 01:05:00,137.7,0,68,60.1,1,0,0
2026-09-12 01:10:00,139.3,0,73,65.1,1,0,0
2026-09-12 01:15:00,136.8,0,70,65.5,1,0,0
2026-09-12 01:20:00,136.3,0,71,64.0,1,0,0
2026-09-12 01:25:00,138.9,0,66,64.5,1,0,0
2026-09-12 01:30:00,138.7,0,72,64.9,1,0,0
2026-09-12 01:35:00,138.2,0,70,60.8,1,0,0
2026-09-12 01:40:00,139.8,0,72,64.5,1,0,0
2026-09-12 01:45:00,138.9,0,73,61.5,1,0,0
2026-09-12 01:50:00,139.3,0,71,62.1,1,0,0
2026-09-12 01:55:00,140.8,1,71,63.1,1,0,0
2026-09-12 02:00:00,138.8,0,71,59.4,1,0,0
2026-09-12 02:05:00,138.8,0,68,62.1,1,0,0
2026-09-12 02:10:00,136.4,0,69,60.6,1,0,0
2026-09-12 02:15:00,135.0,0,71,62.1,1,0,0
2026-09-12 02:20:00,135.9,0,69,62.9,1,0,0
2026-09-12 02:25:00,139.9,0,70,65.8,1,0,0
2026-09-12 02:30:00,138.3,0,74,59.7,1,0,0
2026-09-12 02:35:00,140.5,0,74,66.1,1,0,0
2026-09-12 02:40:00,141.9,0,74,60.3,1,0,0
2026-09-12 02:45:00,142.0,1,76,62.1,1,0,0
2026-09-12 02:50:00,136.3,1,73,61.8,1,0,0
2026-09-12 02:55:00,139.9,0,71,62.3,1,0,0
2026-09-12 03:00:00,139.7,0,71,61.4,1,0,0
2026-09-12 03:05:00,138.9,0,74,63.7,1,0,0
2026-09-12 03:10:00,141.5,0,72,67.5,1,0,0
2026-09-12 03:15:00,140.4,0,71,63.6,1,0,0
2026-09-12 03:20:00,142.7,0,72,62.6,1,0,0
2026-09-12 03:25:00,141.3,0,71,66.6,1,0,0
2026-09-12 03:30:00,141.0,0,70,62.5,1,0,0
2026-09-12 03:35:00,142.8,0,73,61.2,1,0,0
2026-09-12 03:40:00,145.2,0,70,64.1,1,0,0
2026-09-12 03:45:00,143.5,1,74,62.2,1,0,0
2026-09-12 03:50:00,145.3,1,71,64.1,1,0,0
2026-09-12 03:55:00,145.6,0,71,61.7,1,0,0
2026-09-12 04:00:00,143.3,0,70,63.8,1,0,0
2026-09-12 04:05:00,145.4,0,68,60.1,1,0,0
2026-09-12 04:10:00,143.2,0,73,62.0,1,0,0
2026-09-12 04:15:00,142.7,2,71,57.9,1,0,0
2026-09-12 04:20:00,142.0,0,70,63.5,1,0,0
2026-09-12 04:25:00,139.7,0,74,64.0,1,0,0
2026-09-12 04:30:00,142.6,0,65,64.0,1,0,0
2026-09-12 04:35:00,141.8,1,75,66.3,1,0,0
2026-09-12 04:40:00,143.8,0,70,61.0,1,0,0
2026-09-12 04:45:00,143.4,0,73,63.5,1,0,0
2026-09-12 04:50:00,139.3,0,69,65.1,1,0,0
2026-09-12 04:55:00,138.9,0,74,62.4,1,0,0
2026-09-12 05:00:00,139.3,1,71,60.1,1,0,0
2026-09-12 05:05:00,141.9,0,73,64.7,1,0,0
2026-09-12 05:10:00,144.2,0,74,61.8,1,0,0
2026-09-12 05:15:00,144.1,0,71,65.7,1,0,0
2026-09-12 05:20:00,147.5,0,70,64.7,1,0,0
2026-09-12 05:25:00,149.8,0,75,63.5,1,0,0
2026-09-12 05:30:00,145.3,0,74,62.7,1,0,0
2026-09-12 05:35:00,146.3,0,69,64.9,1,0,0
2026-09-12 05:40:00,148.4,1,70,61.1,1,0,0
2026-09-12 05:45:00,150.6,0,69,62.2,1,0,0
2026-09-12 05:50:00,149.1,0,72,63.0,1,0,0
2026-09-12 05:55:00,149.6,0,73,61.9,1,0,0
2026-09-12 06:00:00,150.2,1,67,65.4,1,0,0
2026-09-12 06:05:00,149.3,0,70,63.0,1,0,0
2026-09-12 06:10:00,150.1,15,81,41.3,0,0,0
2026-09-12 06:15:00,149.7,24,80,37.3,0,0,0
2026-09-12 06:20:00,150.0,19,80,36.1,0,0,0
2026-09-12 06:25:00,147.1,24,80,35.8,0,0,0
2026-09-12 06:30:00,147.3,9,79,36.3,0,0,0
2026-09-12 06:35:00,147.1,19,81,39.7,0,0,0
2026-09-12 06:40:00,146.1,17,80,37.5,0,0,0
2026-09-12 06:45:00,144.7,30,79,33.3,0,0,0
2026-09-12 06:50:00,144.0,34,80,35.8,0,0,0
2026-09-12 06:55:00,142.3,32,79,38.8,0,0,0
2026-09-12 07:00:00,141.3,29,81,39.9,0,0,0
2026-09-12 07:05:00,139.3,34,79,36.3,0,0,0
2026-09-12 07:10:00,139.1,22,78,37.7,0,0,0
2026-09-12 07:15:00,140.7,17,82,38.6,0,0,0
2026-09-12 07:20:00,142.1,15,81,42.1,0,0,0
2026-09-12 07:25:00,141.8,27,79,39.7,0,0,0
2026-09-12 07:30:00,141.4,29,80,38.5,0,0,0
2026-09-12 07:35:00,140.5,23,79,40.2,0,0,0
2026-09-12 07:40:00,139.2,18,82,36.4,0,0,0
2026-09-12 07:45:00,139.8,13,78,36.3,0,0,0
2026-09-12 07:50:00,138.9,49,82,36.3,0,0,0
2026-09-12 07:55:00,142.1,27,82,40.0,0,0,0
2026-09-12 08:00:00,140.1,25,81,37.4,0,0,0
2026-09-12 08:05:00,137.2,22,78,37.8,0,0,0
2026-09-12 08:10:00,138.7,14,79,42.0,0,0,0
2026-09-12 08:15:00,139.6,16,77,38.9,0,0,0
2026-09-12 08:20:00,143.9,9,83,38.4,0,26,55
2026-09-12 08:25:00,145.7,7,82,39.4,0,0,0
2026-09-12 08:30:00,149.2,20,84,40.0,0,0,0
2026-09-12 08:35:00,145.5,21,84,39.3,0,0,0
2026-09-12 08:40:00,145.5,34,81,38.5,0,0,0
2026-09-12 08:45:00,147.9,16,84,38.1,0,0,0
2026-09-12 08:50:00,147.0,24,84,38.6,0,0,0
2026-09-12 08:55:00,147.2,23,81,41.0,0,0,0
2026-09-12 09:00:00,144.3,16,79,37.4,0,0,0
2026-09-12 09:05:00,145.6,16,79,40.4,0,0,0
2026-09-12 09:10:00,145.7,29,81,42.3,0,0,0
2026-09-12 09:15:00,148.4,35,78,38.4,0,0,0
2026-09-12 09:20:00,148.6,29,80,38.9,0,0,0
2026-09-12 09:25:00,150.2,14,79,39.0,0,0,0
2026-09-12 09:30:00,151.4,21,82,37.7,0,0,0
2026-09-12 09:35:00,150.9,48,83,36.4,0,0,0
2026-09-12 09:40:00,151.8,21,80,38.8,0,0,0
2026-09-12 09:45:00,150.6,12,80,38.3,0,0,0
2026-09-12 09:50:00,145.2,14,79,38.6,0,0,0
2026-09-12 09:55:00,147.6,13,78,39.7,0,0,0
2026-09-12 10:00:00,144.3,26,80,42.2,0,0,0
2026-09-12 10:05:00,147.2,12,79,37.9,0,0,0
2026-09-12 10:10:00,146.6,18,81,37.6,0,0,0
2026-09-12 10:15:00,147.4,28,84,37.9,0,0,0
2026-09-12 10:20:00,146.2,25,84,41.7,0,0,0
2026-09-12 10:25:00,148.6,23,78,37.3,0,0,0
2026-09-12 10:30:00,149.4,11,76,37.4,0,0,0
2026-09-12 10:35:00,149.2,37,80,38.2,0,0,0
2026-09-12 10:40:00,146.2,35,82,38.0,0,0,0
2026-09-12 10:45:00,147.5,19,78,38.5,0,0,0
2026-09-12 10:50:00,146.4,41,81,43.1,0,0,0
2026-09-12 10:55:00,147.2,24,78,37.8,0,0,0
2026-09-12 11:00:00,147.9,24,80,38.5,0,0,0
2026-09-12 11:05:00,149.3,30,82,36.8,0,0,0
2026-09-12 11:10:00,150.2,62,82,38.5,0,0,0
2026-09-12 11:15:00,150.0,81,86,38.0,0,0,0
2026-09-12 11:20:00,149.7,28,84,36.7,0,0,0
2026-09-12 11:25:00,149.4,13,81,41.0,0,0,0
2026-09-12 11:30:00,146.7,31,79,37.4,0,0,0
2026-09-12 11:35:00,148.8,43,80,39.6,0,0,0
2026-09-12 11:40:00,147.1,21,83,36.7,0,0,0
2026-09-12 11:45:00,148.5,25,80,37.5,0,0,0
2026-09-12 11:50:00,146.0,19,80,37.3,0,0,0
2026-09-12 11:55:00,143.6,16,85,37.1,0,0,0
2026-09-12 12:00:00,147.2,15,80,41.1,0,0,0
2026-09-12 12:05:00,148.0,24,83,38.9,0,0,0
2026-09-12 12:10:00,148.8,26,78,37.8,0,0,0
2026-09-12 12:15:00,148.1,15,85,38.2,0,0,0
2026-09-12 12:20:00,148.8,36,82,41.8,0,0,0
2026-09-12 12:25:00,145.5,39,83,37.4,0,0,0
2026-09-12 12:30:00,144.8,20,80,37.2,0,0,0
2026-09-12 12:35:00,144.5,18,83,35.5,0,0,0
2026-09-12 12:40:00,144.7,7,81,41.7,0,0,0
2026-09-12 12:45:00,144.6,22,81,38.0,0,0,0
2026-09-12 12:50:00,146.7,22,80,38.9,0,0,0
2026-09-12 12:55:00,143.3,31,78,36.9,0,0,0
2026-09-12 13:00:00,141.4,23,80,42.5,0,0,0
2026-09-12 13:05:00,145.3,26,81,35.1,0,0,0
2026-09-12 13:10:00,148.6,413,103,37.9,0,0,0
2026-09-12 13:15:00,151.1,404,99,41.6,0,0,0
2026-09-12 13:20:00,151.4,20,80,37.2,0,0,0
2026-09-12 13:25:00,152.2,50,79,39.1,0,0,0
2026-09-12 13:30:00,149.8,20,82,38.7,0,0,0
2026-09-12 13:35:00,152.5,40,81,37.2,0,0,0
2026-09-12 13:40:00,150.8,15,75,35.3,0,0,0
2026-09-12 13:45:00,148.3,30,80,38.6,0,0,0
2026-09-12 13:50:00,145.8,18,82,35.7,0,0,0
2026-09-12 13:55:00,140.6,23,84,36.8,0,0,0
2026-09-12 14:00:00,139.2,23,83,36.2,0,61,55
2026-09-12 14:05:00,144.1,21,83,39.1,0,0,0
2026-09-12 14:10:00,150.0,24,81,42.1,0,0,0
2026-09-12 14:15:00,155.5,20,86,41.7,0,0,0
2026-09-12 14:20:00,159.3,12,84,38.8,0,0,0
2026-09-12 14:25:00,162.3,19,81,38.7,0,0,0
2026-09-12 14:30:00,164.8,16,80,35.0,0,0,0
2026-09-12 14:35:00,166.6,34,81,39.1,0,0,0
2026-09-12 14:40:00,166.4,17,79,40.7,0,0,0
2026-09-12 14:45:00,167.9,23,82,37.2,0,0,0
2026-09-12 14:50:00,165.3,22,81,40.1,0,0,0
2026-09-12 14:55:00,162.5,15,76,36.9,0,0,0
2026-09-12 15:00:00,164.9,20,77,35.0,0,0,0
2026-09-12 15:05:00,163.0,16,77,41.1,0,0,0
2026-09-12 15:10:00,164.1,17,79,34.7,0,0,0
2026-09-12 15:15:00,161.0,9,80,39.0,0,0,0
2026-09-12 15:20:00,158.4,22,85,35.7,0,0,0
2026-09-12 15:25:00,154.8,13,75,37.5,0,0,0
2026-09-12 15:30:00,156.4,28,78,38.0,0,0,0
2026-09-12 15:35:00,155.2,17,79,38.5,0,0,0
2026-09-12 15:40:00,152.5,31,83,38.9,0,0,0
2026-09-12 15:45:00,152.5,16,79,37.4,0,0,0
2026-09-12 15:50:00,151.5,23,81,39.0,0,0,0
2026-09-12 15:55:00,154.2,24,83,41.2,0,0,0
2026-09-12 16:00:00,155.4,11,79,40.7,0,0,0
2026-09-12 16:05:00,154.0,20,83,37.0,0,0,0
2026-09-12 16:10:00,152.3,27,81,36.7,0,0,0
2026-09-12 16:15:00,150.4,10,79,35.8,0,0,0
2026-09-12 16:20:00,151.8,16,80,39.6,0,0,0
2026-09-12 16:25:00,153.7,16,80,38.0,0,0,0
2026-09-12 16:30:00,156.3,28,81,39.1,0,0,0
2026-09-12 16:35:00,151.5,29,80,37.8,0,0,0
2026-09-12 16:40:00,152.7,25,82,40.0,0,0,0
2026-09-12 16:45:00,151.7,19,82,37.4,0,0,0
2026-09-12 16:50:00,150.0,30,85,41.2,0,0,0
2026-09-12 16:55:00,145.6,25,81,38.0,0,0,0
2026-09-12 17:00:00,142.9,27,80,40.2,0,21,50
2026-09-12 17:05:00,145.4,21,84,37.8,0,0,0
2026-09-12 17:10:00,142.8,33,87,38.8,0,0,0
2026-09-12 17:15:00,141.4,23,86,39.2,0,0,0
2026-09-12 17:20:00,139.8,12,83,41.5,0,0,0
2026-09-12 17:25:00,139.6,10,83,35.5,0,0,0
2026-09-12 17:30:00,138.6,29,82,37.4,0,0,0
2026-09-12 17:35:00,139.1,25,82,36.8,0,0,0
2026-09-12 17:40:00,139.3,13,83,36.9,0,0,0
2026-09-12 17:45:00,141.6,22,82,39.8,0,0,0
2026-09-12 17:50:00,144.7,18,81,36.4,0,0,0
2026-09-12 17:55:00,141.5,20,85,36.7,0,0,0
2026-09-12 18:00:00,140.2,21,80,36.6,0,0,0
2026-09-12 18:05:00,140.2,37,80,39.9,0,0,0
2026-09-12 18:10:00,140.9,36,82,37.3,0,0,0
2026-09-12 18:15:00,143.3,25,84,40.4,0,0,0
2026-09-12 18:20:00,145.1,17,83,39.6,0,0,0
2026-09-12 18:25:00,146.7,26,78,38.6,0,0,0
2026-09-12 18:30:00,148.6,51,84,40.5,0,0,0
2026-09-12 18:35:00,146.0,42,79,39.0,0,0,0
2026-09-12 18:40:00,146.5,18,83,39.2,0,0,0
2026-09-12 18:45:00,145.0,31,85,38.8,0,0,0
2026-09-12 18:50:00,144.8,9,79,36.3,0,0,0
2026-09-12 18:55:00,143.0,14,78,39.5,0,0,0
2026-09-12 19:00:00,140.3,15,77,41.1,0,0,0
2026-09-12 19:05:00,143.3,20,80,35.8,0,0,0
2026-09-12 19:10:00,140.6,41,81,36.8,0,0,0
2026-09-12 19:15:00,143.3,21,78,38.3,0,0,0
2026-09-12 19:20:00,142.9,34,78,38.4,0,0,0
2026-09-12 19:25:00,143.2,11,79,38.5,0,0,0
2026-09-12 19:30:00,143.1,16,79,38.4,0,0,0
2026-09-12 19:35:00,141.4,11,82,40.2,0,0,0
2026-09-12 19:40:00,142.1,18,80,36.5,0,0,0
2026-09-12 19:45:00,143.4,26,78,39.8,0,0,0
2026-09-12 19:50:00,140.5,27,78,36.7,0,0,0
2026-09-12 19:55:00,140.8,27,82,38.3,0,0,0
2026-09-12 20:00:00,143.0,9,80,39.0,0,0,0
2026-09-12 20:05:00,143.3,5,78,41.2,0,0,0
2026-09-12 20:10:00,140.6,11,78,39.5,0,0,0
2026-09-12 20:15:00,139.4,14,76,38.8,0,0,0
2026-09-12 20:20:00,139.0,33,80,38.6,0,0,0
2026-09-12 20:25:00,141.2,40,82,38.4,0,0,0
2026-09-12 20:30:00,137.5,21,76,35.4,0,0,0
2026-09-12 20:35:00,136.9,42,87,35.0,0,0,0
2026-09-12 20:40:00,135.2,13,79,38.5,0,0,0
2026-09-12 20:45:00,134.7,16,81,39.5,0,0,0
2026-09-12 20:50:00,134.4,23,78,38.6,0,0,0
2026-09-12 20:55:00,134.3,31,78,38.2,0,0,0
2026-09-12 21:00:00,132.8,36,80,35.7,0,0,0
2026-09-12 21:05:00,131.5,33,83,38.3,0,0,0
2026-09-12 21:10:00,132.3,25,83,38.9,0,0,0
2026-09-12 21:15:00,130.9,28,80,33.8,0,0,0
2026-09-12 21:20:00,134.4,25,83,40.1,0,63,50
2026-09-12 21:25:00,140.8,20,85,41.6,0,0,0
2026-09-12 21:30:00,141.9,26,84,39.4,0,0,0
2026-09-12 21:35:00,148.3,39,86,40.7,0,0,0
2026-09-12 21:40:00,151.8,24,85,35.8,0,0,0
2026-09-12 21:45:00,153.2,55,87,39.0,0,0,0
2026-09-12 21:50:00,150.9,13,78,41.9,0,0,0
2026-09-12 21:55:00,158.9,25,83,37.5,0,0,0
2026-09-12 22:00:00,157.1,13,79,41.3,0,0,0
2026-09-12 22:05:00,160.0,13,75,38.9,0,0,0
2026-09-12 22:10:00,159.7,12,80,39.9,0,0,0
2026-09-12 22:15:00,158.0,9,80,38.7,0,0,0
2026-09-12 22:20:00,156.5,23,80,39.0,0,0,0
2026-09-12 22:25:00,158.3,24,79,40.2,0,0,0
2026-09-12 22:30:00,158.6,0,69,60.8,1,0,0
2026-09-12 22:35:00,157.4,0,72,60.6,1,0,0
2026-09-12 22:40:00,159.6,0,72,58.4,1,0,0
2026-09-12 22:45:00,160.1,1,73,61.0,1,0,0
2026-09-12 22:50:00,163.9,0,68,62.0,1,0,0
2026-09-12 22:55:00,162.0,0,70,67.6,1,0,0
2026-09-12 23:00:00,160.5,0,70,63.4,1,0,0
2026-09-12 23:05:00,154.4,1,72,59.3,1,0,0
2026-09-12 23:10:00,155.6,0,69,62.6,1,0,0
2026-09-12 23:15:00,155.0,0,71,60.4,1,0,0
2026-09-12 23:20:00,155.9,1,71,61.5,1,0,0
2026-09-12 23:25:00,154.7,0,71,62.1,1,0,0
2026-09-12 23:30:00,153.1,0,68,64.4,1,0,0
2026-09-12 23:35:00,151.7,0,72,61.0,1,0,0
2026-09-12 23:40:00,153.3,0,74,65.4,1,0,0
2026-09-12 23:45:00,148.1,0,71,61.5,1,0,0
2026-09-12 23:50:00,145.0,0,75,64.9,1,0,0
2026-09-12 23:55:00,144.9,0,71,62.8,1,0,0
2026-09-13 00:00:00,153.5,0,69,58.6,1,0,0
2026-09-13 00:05:00,154.1,1,72,60.0,1,0,0
2026-09-13 00:10:00,155.0,0,71,59.5,1,0,0
2026-09-13 00:15:00,153.3,0,74,62.8,1,0,0
2026-09-13 00:20:00,146.9,0,73,60.8,1,0,0
2026-09-13 00:25:00,144.7,0,71,60.9,1,0,0
2026-09-13 00:30:00,144.6,0,72,60.1,1,0,0
2026-09-13 00:35:00,149.5,0,71,61.3,1,0,0
2026-09-13 00:40:00,143.6,1,68,61.5,1,0,0
2026-09-13 00:45:00,144.8,0,72,58.4,1,0,0
2026-09-13 00:50:00,141.4,0,68,59.4,1,0,0
2026-09-13 00:55:00,143.4,2,69,55.7,1,0,0
2026-09-13 01:00:00,145.0,0,70,60.1,1,0,0
2026-09-13 01:05:00,146.3,2,69,55.1,1,0,0
2026-09-13 01:10:00,145.0,0,70,60.7,1,0,0
2026-09-13 01:15:00,146.3,1,72,60.7,1,0,0
2026-09-13 01:20:00,147.3,0,69,61.8,1,0,0
2026-09-13 01:25:00,146.8,0,69,57.9,1,0,0
2026-09-13 01:30:00,146.4,1,69,61.7,1,0,0
2026-09-13 01:35:00,143.2,1,71,62.8,1,0,0
2026-09-13 01:40:00,142.8,2,72,58.1,1,0,0
2026-09-13 01:45:00,145.1,0,70,57.3,1,0,0
2026-09-13 01:50:00,144.8,0,71,59.7,1,0,0
2026-09-13 01:55:00,146.4,0,72,57.5,1,0,0
2026-09-13 02:00:00,144.5,0,73,63.7,1,0,0
2026-09-13 02:05:00,144.8,0,70,63.1,1,0,0
2026-09-13 02:10:00,143.4,0,74,61.5,1,0,0
2026-09-13 02:15:00,144.1,0,68,60.2,1,0,0
2026-09-13 02:20:00,144.0,0,71,60.8,1,0,0
2026-09-13 02:25:00,146.8,0,71,63.7,1,0,0
2026-09-13 02:30:00,148.5,0,70,59.3,1,0,0
2026-09-13 02:35:00,152.4,0,71,57.0,1,0,0
2026-09-13 02:40:00,149.5,0,68,63.0,1,0,0
2026-09-13 02:45:00,147.4,1,70,58.2,1,0,0
2026-09-13 02:50:00,150.7,0,69,59.1,1,0,0
2026-09-13 02:55:00,149.9,0,70,58.6,1,0,0
2026-09-13 03:00:00,149.1,0,67,60.8,1,0,0
2026-09-13 03:05:00,152.6,0,77,58.8,1,0,0
2026-09-13 03:10:00,150.6,0,69,60.1,1,0,0
2026-09-13 03:15:00,152.5,0,71,58.5,1,0,0
2026-09-13 03:20:00,152.5,0,72,61.4,1,0,0
2026-09-13 03:25:00,151.2,0,72,60.8,1,0,0
2026-09-13 03:30:00,153.6,0,67,63.0,1,0,0
2026-09-13 03:35:00,154.3,1,70,60.2,1,0,0
2026-09-13 03:40:00,152.3,0,71,63.0,1,0,0
2026-09-13 03:45:00,150.5,0,69,59.2,1,0,0
2026-09-13 03:50:00,151.6,0,72,59.4,1,0,0
2026-09-13 03:55:00,156.4,0,69,57.8,1,0,0
2026-09-13 04:00:00,155.6,0,69,57.7,1,0,0
2026-09-13 04:05:00,154.8,0,70,59.4,1,0,0
2026-09-13 04:10:00,158.2,0,69,58.2,1,0,0
2026-09-13 04:15:00,160.8,0,74,62.3,1,0,0
2026-09-13 04:20:00,163.9,0,68,60.6,1,0,0
2026-09-13 04:25:00,164.0,1,72,59.5,1,0,0
2026-09-13 04:30:00,162.5,1,68,57.8,1,0,0
2026-09-13 04:35:00,161.1,1,70,61.1,1,0,0
2026-09-13 04:40:00,159.9,0,72,60.5,1,0,0
2026-09-13 04:45:00,160.0,0,68,61.6,1,0,0
2026-09-13 04:50:00,158.5,1,71,64.9,1,0,0
2026-09-13 04:55:00,160.8,0,69,58.5,1,0,0
2026-09-13 05:00:00,158.5,0,73,59.6,1,0,0
2026-09-13 05:05:00,159.1,0,67,61.5,1,0,0
2026-09-13 05:10:00,159.7,0,72,60.2,1,0,0
2026-09-13 05:15:00,163.9,0,69,60.9,1,0,0
2026-09-13 05:20:00,166.1,0,73,58.4,1,0,0
2026-09-13 05:25:00,165.7,0,72,65.7,1,0,0
2026-09-13 05:30:00,164.6,0,70,56.9,1,0,0
2026-09-13 05:35:00,166.1,0,69,61.4,1,0,0
2026-09-13 05:40:00,167.8,0,71,57.1,1,0,0
2026-09-13 05:45:00,167.6,0,74,56.4,1,0,0
2026-09-13 05:50:00,167.8,0,73,60.7,1,0,0
2026-09-13 05:55:00,167.4,2,72,60.7,1,0,0
2026-09-13 06:00:00,163.7,0,69,57.7,1,0,0
2026-09-13 06:05:00,161.2,0,70,61.3,1,0,0
2026-09-13 06:10:00,161.2,0,72,58.4,1,0,0
2026-09-13 06:15:00,160.2,0,69,60.3,1,0,0
2026-09-13 06:20:00,158.8,1,70,57.3,1,0,0
2026-09-13 06:25:00,158.4,0,71,58.6,1,0,0
2026-09-13 06:30:00,154.6,0,71,61.3,1,0,0
2026-09-13 06:35:00,152.3,18,82,34.6,0,0,0
2026-09-13 06:40:00,152.1,18,83,35.6,0,0,0
2026-09-13 06:45:00,149.9,28,81,39.1,0,0,0
2026-09-13 06:50:00,152.6,41,82,38.5,0,0,0
2026-09-13 06:55:00,154.1,65,85,36.2,0,0,0
2026-09-13 07:00:00,155.8,53,86,37.8,0,0,0
2026-09-13 07:05:00,154.5,17,83,35.8,0,0,0
2026-09-13 07:10:00,155.5,12,80,36.8,0,0,0
2026-09-13 07:15:00,156.2,17,81,35.4,0,0,0
2026-09-13 07:20:00,154.1,11,79,36.1,0,0,0
2026-09-13 07:25:00,157.3,18,79,36.6,0,0,0
2026-09-13 07:30:00,156.5,16,82,36.7,0,0,0
2026-09-13 07:35:00,157.8,16,77,38.6,0,0,0
2026-09-13 07:40:00,156.2,17,79,37.8,0,0,0
2026-09-13 07:45:00,154.2,38,83,39.2,0,0,0
2026-09-13 07:50:00,154.2,36,77,33.7,0,0,0
2026-09-13 07:55:00,153.4,21,83,37.8,0,0,0
2026-09-13 08:00:00,154.0,22,78,35.9,0,0,0
2026-09-13 08:05:00,154.5,37,83,37.3,0,0,0
2026-09-13 08:10:00,153.5,49,82,33.5,0,0,0
2026-09-13 08:15:00,149.5,31,80,38.6,0,0,0
2026-09-13 08:20:00,147.4,40,83,35.1,0,0,0
2026-09-13 08:25:00,149.5,22,83,37.1,0,34,55
2026-09-13 08:30:00,152.4,29,84,38.5,0,0,0
2026-09-13 08:35:00,157.1,16,82,30.7,0,0,0
2026-09-13 08:40:00,159.5,18,81,38.7,0,0,0
2026-09-13 08:45:00,161.8,13,84,37.6,0,0,0
2026-09-13 08:50:00,161.7,19,83,36.8,0,0,0
2026-09-13 08:55:00,160.8,16,80,36.0,0,0,0
2026-09-13 09:00:00,160.6,32,81,38.5,0,0,0
2026-09-13 09:05:00,165.2,15,80,34.9,0,0,0
2026-09-13 09:10:00,166.7,21,81,37.1,0,0,0
2026-09-13 09:15:00,166.1,16,78,32.4,0,0,0
2026-09-13 09:20:00,163.9,20,80,35.1,0,0,0
2026-09-13 09:25:00,160.9,36,84,35.9,0,0,0
2026-09-13 09:30:00,161.6,26,79,41.0,0,0,0
2026-09-13 09:35:00,162.3,422,106,36.8,0,0,0
2026-09-13 09:40:00,163.8,424,109,39.4,0,0,0
2026-09-13 09:45:00,163.3,439,105,35.7,0,0,0
2026-09-13 09:50:00,160.8,22,80,37.1,0,0,0
2026-09-13 09:55:00,160.1,34,85,35.8,0,0,0
2026-09-13 10:00:00,157.7,23,79,35.2,0,0,0
2026-09-13 10:05:00,156.0,5,80,39.1,0,0,0
2026-09-13 10:10:00,151.8,23,79,35.7,0,0,0
2026-09-13 10:15:00,149.9,12,77,35.5,0,0,0
2026-09-13 10:20:00,147.1,15,75,37.3,0,0,0
2026-09-13 10:25:00,149.1,14,82,37.1,0,0,0
2026-09-13 10:30:00,150.6,16,76,37.2,0,0,0
2026-09-13 10:35:00,147.3,12,79,36.3,0,0,0
2026-09-13 10:40:00,150.2,8,83,38.6,0,0,0
2026-09-13 10:45:00,150.4,9,82,36.8,0,0,0
2026-09-13 10:50:00,151.2,24,81,37.4,0,0,0
2026-09-13 10:55:00,147.5,12,80,36.2,0,0,0
2026-09-13 11:00:00,144.2,19,77,34.5,0,0,0
2026-09-13 11:05:00,148.5,15,76,39.5,0,0,0
2026-09-13 11:10:00,148.2,30,83,36.7,0,0,0
2026-09-13 11:15:00,146.3,28,81,39.8,0,0,0
2026-09-13 11:20:00,143.9,28,81,36.8,0,0,0
2026-09-13 11:25:00,146.6,30,83,37.2,0,0,0
2026-09-13 11:30:00,148.1,20,79,33.6,0,0,0
2026-09-13 11:35:00,149.8,11,80,40.8,0,0,0
2026-09-13 11:40:00,152.1,19,79,35.2,0,0,0
2026-09-13 11:45:00,148.8,39,82,33.9,0,0,0
2026-09-13 11:50:00,147.4,13,77,39.8,0,0,0
2026-09-13 11:55:00,146.8,6,78,36.5,0,0,0
2026-09-13 12:00:00,146.2,22,79,39.2,0,0,0
2026-09-13 12:05:00,147.4,19,83,36.9,0,0,0
2026-09-13 12:10:00,145.7,17,79,34.8,0,0,0
2026-09-13 12:15:00,146.0,8,77,35.7,0,0,0
2026-09-13 12:20:00,147.9,11,80,35.9,0,0,0
2026-09-13 12:25:00,143.6,20,82,40.0,0,0,0
2026-09-13 12:30:00,145.9,386,102,36.2,0,0,0
2026-09-13 12:35:00,148.4,409,104,36.4,0,0,0
2026-09-13 12:40:00,145.5,374,101,36.2,0,0,0
2026-09-13 12:45:00,142.6,384,104,38.2,0,0,0
2026-09-13 12:50:00,145.9,20,78,34.4,0,0,0
2026-09-13 12:55:00,143.6,23,84,38.3,0,69,55
2026-09-13 13:00:00,150.4,44,86,37.6,0,0,0
2026-09-13 13:05:00,158.4,19,82,41.3,0,0,0
2026-09-13 13:10:00,163.9,29,85,33.8,0,0,0
2026-09-13 13:15:00,169.5,31,82,37.7,0,0,0
2026-09-13 13:20:00,173.9,16,83,36.0,0,0,0
2026-09-13 13:25:00,174.5,37,83,35.9,0,0,0
2026-09-13 13:30:00,173.6,17,83,35.5,0,0,0
2026-09-13 13:35:00,171.8,12,82,38.0,0,0,0
2026-09-13 13:40:00,170.3,16,81,37.6,0,0,0
2026-09-13 13:45:00,171.7,20,83,35.0,0,0,0
2026-09-13 13:50:00,170.5,30,81,36.5,0,0,0
2026-09-13 13:55:00,170.3,20,83,35.5,0,0,0
2026-09-13 14:00:00,166.9,429,105,37.0,0,0,0
2026-09-13 14:05:00,165.4,423,106,40.2,0,0,0
2026-09-13 14:10:00,161.4,31,79,36.2,0,0,0
2026-09-13 14:15:00,162.0,32,80,37.5,0,0,0
2026-09-13 14:20:00,166.6,18,81,37.8,0,0,0
2026-09-13 14:25:00,165.7,16,85,37.3,0,0,0
2026-09-13 14:30:00,166.6,22,80,40.1,0,0,0
2026-09-13 14:35:00,165.2,8,83,34.2,0,0,0
2026-09-13 14:40:00,164.8,56,81,35.2,0,0,0
2026-09-13 14:45:00,165.7,41,82,37.0,0,0,0
2026-09-13 14:50:00,164.9,26,84,34.4,0,0,0
2026-09-13 14:55:00,163.8,19,81,39.0,0,0,0
2026-09-13 15:00:00,160.6,24,80,37.4,0,0,0
2026-09-13 15:05:00,159.8,30,77,34.9,0,0,0
2026-09-13 15:10:00,159.1,18,77,36.1,0,0,0
2026-09-13 15:15:00,152.9,26,81,40.7,0,0,0
2026-09-13 15:20:00,152.3,25,80,39.7,0,0,0
2026-09-13 15:25:00,152.0,11,78,36.1,0,0,0
2026-09-13 15:30:00,149.7,23,80,39.2,0,0,0
2026-09-13 15:35:00,145.2,17,82,39.5,0,0,0
2026-09-13 15:40:00,145.8,35,80,39.3,0,0,0
2026-09-13 15:45:00,144.5,20,78,35.7,0,0,0
2026-09-13 15:50:00,139.6,11,81,37.8,0,0,0
2026-09-13 15:55:00,140.9,36,80,36.7,0,0,0
2026-09-13 16:00:00,136.3,21,78,37.1,0,0,0
2026-09-13 16:05:00,135.7,15,77,37.6,0,0,0
2026-09-13 16:10:00,139.7,14,80,37.7,0,0,0
2026-09-13 16:15:00,134.5,21,78,37.8,0,0,0
2026-09-13 16:20:00,136.6,59,86,37.8,0,0,0
2026-09-13 16:25:00,137.0,18,84,35.3,0,0,0
2026-09-13 16:30:00,139.1,39,78,37.3,0,0,0
2026-09-13 16:35:00,138.2,25,85,38.2,0,0,0
2026-09-13 16:40:00,139.9,20,80,37.5,0,0,0
2026-09-13 16:45:00,143.3,7,77,35.7,0,0,0
2026-09-13 16:50:00,143.8,16,81,37.4,0,0,0
2026-09-13 16:55:00,148.0,20,80,37.9,0,0,0
2026-09-13 17:00:00,147.8,22,79,34.9,0,0,0
2026-09-13 17:05:00,145.0,31,79,38.0,0,0,0
2026-09-13 17:10:00,144.7,21,81,37.4,0,0,0
2026-09-13 17:15:00,144.6,20,79,35.3,0,0,0
2026-09-13 17:20:00,143.6,36,79,35.2,0,0,0
2026-09-13 17:25:00,146.7,14,78,38.8,0,0,0
2026-09-13 17:30:00,145.9,34,82,39.3,0,20,50
2026-09-13 17:35:00,153.2,5,85,35.9,0,0,0
2026-09-13 17:40:00,152.5,34,86,40.3,0,0,0
2026-09-13 17:45:00,155.2,27,86,33.9,0,0,0
2026-09-13 17:50:00,158.2,15,83,38.2,0,0,0
2026-09-13 17:55:00,158.0,30,83,38.1,0,0,0
2026-09-13 18:00:00,160.5,17,80,36.3,0,0,0
2026-09-13 18:05:00,158.2,8,83,37.1,0,0,0
2026-09-13 18:10:00,157.7,74,85,38.5,0,0,0
2026-09-13 18:15:00,156.9,9,76,38.8,0,0,0
2026-09-13 18:20:00,157.9,19,78,36.4,0,0,0
2026-09-13 18:25:00,160.0,15,78,38.3,0,0,0
2026-09-13 18:30:00,156.1,19,83,37.5,0,0,0
2026-09-13 18:35:00,154.7,25,81,33.5,0,0,0
2026-09-13 18:40:00,155.9,29,77,35.4,0,0,0
2026-09-13 18:45:00,157.1,27,79,37.2,0,0,0
2026-09-13 18:50:00,151.4,57,85,39.8,0,0,0
2026-09-13 18:55:00,147.8,28,80,34.0,0,0,0
2026-09-13 19:00:00,144.5,15,81,35.8,0,0,0
2026-09-13 19:05:00,146.9,43,83,37.4,0,0,0
2026-09-13 19:10:00,145.6,20,83,36.0,0,0,0
2026-09-13 19:15:00,146.5,31,78,37.4,0,0,0
2026-09-13 19:20:00,146.0,29,83,36.2,0,0,0
2026-09-13 19:25:00,147.7,6,81,39.8,0,0,0
2026-09-13 19:30:00,147.7,16,82,38.3,0,0,0
2026-09-13 19:35:00,144.4,15,82,38.0,0,0,0
2026-09-13 19:40:00,142.7,24,81,36.4,0,0,0
2026-09-13 19:45:00,142.9,52,80,36.2,0,0,0
2026-09-13 19:50:00,143.6,12,81,35.5,0,0,0
2026-09-13 19:55:00,147.0,31,83,36.3,0,0,0
2026-09-13 20:00:00,146.5,32,82,40.0,0,0,0
2026-09-13 20:05:00,147.9,27,80,37.1,0,0,0
2026-09-13 20:10:00,144.4,18,78,36.0,0,0,0
2026-09-13 20:15:00,141.0,33,78,35.1,0,0,0
2026-09-13 20:20:00,141.2,60,81,37.5,0,0,0
2026-09-13 20:25:00,143.1,16,80,35.7,0,0,0
2026-09-13 20:30:00,142.7,28,81,37.5,0,0,0
2026-09-13 20:35:00,147.2,6,77,37.9,0,0,0
2026-09-13 20:40:00,145.1,20,80,38.2,0,0,0
2026-09-13 20:45:00,146.4,17,78,37.2,0,0,0
2026-09-13 20:50:00,149.3,39,84,34.8,0,54,50
2026-09-13 20:55:00,154.3,15,85,37.1,0,0,0
2026-09-13 21:00:00,155.7,29,85,37.9,0,0,0
2026-09-13 21:05:00,158.9,15,84,37.2,0,0,0
2026-09-13 21:10:00,159.6,42,83,38.5,0,0,0
2026-09-13 21:15:00,162.3,71,90,36.6,0,0,0
2026-09-13 21:20:00,159.7,20,85,37.0,0,0,0
2026-09-13 21:25:00,160.7,14,76,38.6,0,0,0
2026-09-13 21:30:00,159.1,29,83,34.8,0,0,0
2026-09-13 21:35:00,157.9,23,80,35.2,0,0,0
2026-09-13 21:40:00,157.1,32,81,40.2,0,0,0
2026-09-13 21:45:00,156.0,17,83,39.4,0,0,0
2026-09-13 21:50:00,157.8,13,79,35.2,0,0,0
2026-09-13 21:55:00,160.7,21,79,37.1,0,0,0
2026-09-13 22:00:00,161.9,43,82,39.1,0,0,0
2026-09-13 22:05:00,164.2,14,75,35.4,0,0,0
2026-09-13 22:10:00,163.3,32,80,36.0,0,0,0
2026-09-13 22:15:00,158.2,5,76,34.1,0,0,0
2026-09-13 22:20:00,156.8,13,82,37.5,0,0,0
2026-09-13 22:25:00,157.2,24,80,36.0,0,0,0
2026-09-13 22:30:00,155.1,40,83,34.9,0,0,0
2026-09-13 22:35:00,153.5,31,82,38.3,0,0,0
2026-09-13 22:40:00,153.4,29,78,35.1,0,0,0
2026-09-13 22:45:00,152.6,28,82,36.5,0,0,0
2026-09-13 22:50:00,153.1,21,82,36.6,0,0,0
2026-09-13 22:55:00,151.9,33,82,34.9,0,0,0
2026-09-13 23:00:00,152.9,21,79,34.5,0,0,0
2026-09-13 23:05:00,155.3,15,78,38.6,0,0,0
2026-09-13 23:10:00,153.1,8,77,34.9,0,0,0
2026-09-13 23:15:00,149.4,23,80,37.2,0,0,0
2026-09-13 23:20:00,149.5,15,77,39.2,0,0,0
2026-09-13 23:25:00,148.9,69,81,38.1,0,0,0
2026-09-13 23:30:00,149.6,16,81,34.7,0,0,0
2026-09-13 23:35:00,146.6,15,79,37.9,0,0,0
2026-09-13 23:40:00,149.5,29,81,39.3,0,0,0
2026-09-13 23:45:00,147.9,11,79,39.6,0,0,0
2026-09-13 23:50:00,145.9,25,77,37.6,0,0,0
2026-09-13 23:55:00,144.4,9,82,37.6,0,0,0
2026-09-14 00:00:00,136.0,14,82,41.7,0,0,0
2026-09-14 00:05:00,136.6,35,77,37.9,0,0,0
2026-09-14 00:10:00,135.6,33,78,35.8,0,0,0
2026-09-14 00:15:00,137.0,12,81,40.2,0,0,0
2026-09-14 00:20:00,131.7,0,68,67.6,1,0,0
2026-09-14 00:25:00,131.5,1,72,63.2,1,0,0
2026-09-14 00:30:00,130.3,1,70,64.2,1,0,0
2026-09-14 00:35:00,133.9,0,71,65.5,1,0,0
2026-09-14 00:40:00,136.1,0,70,65.2,1,0,0
2026-09-14 00:45:00,135.4,0,70,61.1,1,0,0
2026-09-14 00:50:00,138.8,1,70,61.7,1,0,0
2026-09-14 00:55:00,139.5,1,70,60.1,1,0,0
2026-09-14 01:00:00,141.4,0,69,65.8,1,0,0
2026-09-14 01:05:00,140.4,0,75,66.2,1,0,0
2026-09-14 01:10:00,140.8,1,72,62.8,1,0,0
2026-09-14 01:15:00,141.1,0,70,64.8,1,0,0
2026-09-14 01:20:00,138.8,0,75,64.2,1,0,0
2026-09-14 01:25:00,139.5,0,68,60.4,1,0,0
2026-09-14 01:30:00,139.4,0,71,60.9,1,0,0
2026-09-14 01:35:00,138.6,0,70,62.9,1,0,0
2026-09-14 01:40:00,136.8,1,70,61.5,1,0,0
2026-09-14 01:45:00,136.2,0,70,62.1,1,0,0
2026-09-14 01:50:00,137.0,0,72,64.3,1,0,0
2026-09-14 01:55:00,138.1,0,70,62.1,1,0,0
2026-09-14 02:00:00,139.2,0,71,61.5,1,0,0
2026-09-14 02:05:00,139.0,0,73,63.6,1,0,0
2026-09-14 02:10:00,138.3,1,73,62.8,1,0,0
2026-09-14 02:15:00,142.0,0,67,58.2,1,0,0
2026-09-14 02:20:00,141.3,0,73,62.7,1,0,0
2026-09-14 02:25:00,142.4,0,72,62.3,1,0,0
2026-09-14 02:30:00,141.6,1,69,60.5,1,0,0
2026-09-14 02:35:00,145.1,0,74,59.5,1,0,0
2026-09-14 02:40:00,148.9,0,70,63.3,1,0,0
2026-09-14 02:45:00,145.2,0,70,66.4,1,0,0
2026-09-14 02:50:00,142.7,0,70,64.9,1,0,0
2026-09-14 02:55:00,142.7,0,70,62.1,1,0,0
2026-09-14 03:00:00,141.1,0,72,61.6,1,0,0
2026-09-14 03:05:00,140.8,0,73,64.9,1,0,0
2026-09-14 03:10:00,138.6,0,69,61.5,1,0,0
2026-09-14 03:15:00,141.2,0,68,63.5,1,0,0
2026-09-14 03:20:00,140.8,0,70,63.0,1,0,0
2026-09-14 03:25:00,140.2,0,73,62.5,1,0,0
2026-09-14 03:30:00,139.3,0,72,65.5,1,0,0
2026-09-14 03:35:00,141.1,0,72,59.0,1,0,0
2026-09-14 03:40:00,143.1,0,69,65.9,1,0,0
2026-09-14 03:45:00,147.5,0,68,62.3,1,0,0
2026-09-14 03:50:00,148.8,0,71,60.3,1,0,0
2026-09-14 03:55:00,148.2,1,69,62.1,1,0,0
2026-09-14 04:00:00,145.9,0,71,60.9,1,0,0
2026-09-14 04:05:00,144.6,0,69,60.1,1,0,0
2026-09-14 04:10:00,143.4,0,69,64.0,1,0,0
2026-09-14 04:15:00,145.5,1,68,62.5,1,0,0
2026-09-14 04:20:00,143.9,0,67,67.4,1,0,0
2026-09-14 04:25:00,141.8,1,72,63.8,1,0,0
2026-09-14 04:30:00,143.5,0,71,62.2,1,0,0
2026-09-14 04:35:00,143.3,0,68,61.2,1,0,0
2026-09-14 04:40:00,145.3,0,70,67.1,1,0,0
2026-09-14 04:45:00,144.3,0,73,67.6,1,0,0
2026-09-14 04:50:00,146.1,0,72,64.5,1,0,0
2026-09-14 04:55:00,146.8,0,69,62.5,1,0,0
2026-09-14 05:00:00,146.3,0,75,60.7,1,0,0
2026-09-14 05:05:00,147.1,1,70,62.9,1,0,0
2026-09-14 05:10:00,148.1,0,71,67.1,1,0,0
2026-09-14 05:15:00,145.7,0,74,63.2,1,0,0
2026-09-14 05:20:00,147.5,0,74,64.1,1,0,0
2026-09-14 05:25:00,149.4,0,74,62.4,1,0,0
2026-09-14 05:30:00,150.4,0,70,59.7,1,0,0
2026-09-14 05:35:00,151.4,1,74,66.7,1,0,0
2026-09-14 05:40:00,148.9,0,68,61.3,1,0,0
2026-09-14 05:45:00,151.6,0,67,62.4,1,0,0
2026-09-14 05:50:00,154.7,0,70,66.8,1,0,0
2026-09-14 05:55:00,156.0,0,74,61.4,1,0,0
2026-09-14 06:00:00,155.1,0,74,63.0,1,0,0
2026-09-14 06:05:00,154.1,1,69,63.8,1,0,0
2026-09-14 06:10:00,154.5,0,69,59.1,1,0,0
2026-09-14 06:15:00,150.1,0,70,61.1,1,0,0
2026-09-14 06:20:00,152.7,1,69,62.3,1,0,0
2026-09-14 06:25:00,155.5,0,72,64.1,1,0,0
2026-09-14 06:30:00,158.7,1,73,63.9,1,0,0
2026-09-14 06:35:00,157.7,0,68,61.7,1,0,0
2026-09-14 06:40:00,155.7,1,69,66.0,1,0,0
2026-09-14 06:45:00,156.3,0,70,64.0,1,0,0
2026-09-14 06:50:00,154.2,0,72,61.6,1,0,0
2026-09-14 06:55:00,150.6,1,71,62.5,1,0,0
2026-09-14 07:00:00,147.1,0,68,61.5,1,0,0
2026-09-14 07:05:00,146.3,0,68,65.1,1,0,0
2026-09-14 07:10:00,145.9,20,82,42.0,0,0,0
2026-09-14 07:15:00,143.8,12,82,37.8,0,0,0
2026-09-14 07:20:00,145.6,27,81,39.2,0,0,0
2026-09-14 07:25:00,143.8,42,86,40.1,0,52,70
2026-09-14 07:30:00,149.4,32,83,36.0,0,0,0
2026-09-14 07:35:00,155.3,13,85,40.0,0,0,0
2026-09-14 07:40:00,161.7,26,83,37.2,0,0,0
2026-09-14 07:45:00,168.6,21,86,37.8,0,0,0
2026-09-14 07:50:00,171.1,12,84,40.1,0,0,0
2026-09-14 07:55:00,171.9,16,79,38.0,0,0,0
2026-09-14 08:00:00,172.1,32,84,36.4,0,0,0
2026-09-14 08:05:00,175.1,13,82,38.0,0,0,0
2026-09-14 08:10:00,177.9,50,86,37.6,0,0,0
2026-09-14 08:15:00,175.7,28,81,37.3,0,0,0
2026-09-14 08:20:00,176.9,18,78,38.5,0,0,0
2026-09-14 08:25:00,174.4,31,79,39.1,0,0,0
2026-09-14 08:30:00,172.6,29,83,35.3,0,0,0
2026-09-14 08:35:00,170.8,37,82,36.0,0,0,0
2026-09-14 08:40:00,165.1,18,79,37.4,0,0,0
2026-09-14 08:45:00,162.7,9,81,38.0,0,0,0
2026-09-14 08:50:00,163.2,17,79,36.9,0,0,0
2026-09-14 08:55:00,162.1,19,79,38.9,0,0,0
2026-09-14 09:00:00,159.2,47,83,39.9,0,0,0
2026-09-14 09:05:00,157.9,21,83,38.0,0,0,0
2026-09-14 09:10:00,156.7,17,80,40.8,0,0,0
2026-09-14 09:15:00,151.8,431,107,38.3,0,0,0
2026-09-14 09:20:00,150.4,432,106,38.4,0,0,0
2026-09-14 09:25:00,150.4,25,79,39.8,0,0,0
2026-09-14 09:30:00,149.2,13,82,40.6,0,0,0
2026-09-14 09:35:00,147.1,29,78,41.9,0,0,0
2026-09-14 09:40:00,148.3,28,84,35.3,0,0,0
2026-09-14 09:45:00,146.4,18,81,35.6,0,0,0
2026-09-14 09:50:00,147.9,25,80,40.8,0,0,0
2026-09-14 09:55:00,149.4,29,82,42.8,0,0,0
2026-09-14 10:00:00,150.9,30,82,39.2,0,0,0
2026-09-14 10:05:00,151.1,38,79,39.5,0,0,0
2026-09-14 10:10:00,153.7,26,78,37.4,0,0,0
2026-09-14 10:15:00,152.8,36,82,37.8,0,0,0
2026-09-14 10:20:00,148.1,12,81,40.5,0,0,0
2026-09-14 10:25:00,145.1,23,80,36.7,0,0,0
2026-09-14 10:30:00,146.1,7,76,40.3,0,0,0
2026-09-14 10:35:00,145.8,25,79,39.4,0,0,0
2026-09-14 10:40:00,146.3,18,76,38.2,0,0,0
2026-09-14 10:45:00,144.0,35,83,37.6,0,0,0
2026-09-14 10:50:00,144.6,21,85,40.8,0,0,0
2026-09-14 10:55:00,143.4,12,84,36.3,0,0,0
2026-09-14 11:00:00,140.9,15,81,40.6,0,0,0
2026-09-14 11:05:00,140.8,39,81,38.4,0,0,0
2026-09-14 11:10:00,143.5,15,80,39.3,0,0,0
2026-09-14 11:15:00,143.1,16,77,37.2,0,0,0
2026-09-14 11:20:00,142.8,26,80,39.6,0,0,0
2026-09-14 11:25:00,148.5,12,79,39.5,0,0,0
2026-09-14 11:30:00,147.9,33,79,37.2,0,0,0
2026-09-14 11:35:00,147.2,15,77,42.3,0,0,0
2026-09-14 11:40:00,147.3,23,81,41.1,0,0,0
2026-09-14 11:45:00,146.1,23,82,37.4,0,0,0
2026-09-14 11:50:00,146.7,29,80,37.2,0,0,0
2026-09-14 11:55:00,146.0,37,80,35.9,0,0,0
2026-09-14 12:00:00,146.5,11,77,39.8,0,0,0
2026-09-14 12:05:00,144.2,443,104,39.2,0,0,0
2026-09-14 12:10:00,143.7,444,105,39.4,0,0,0
2026-09-14 12:15:00,142.0,20,79,36.6,0,0,0
2026-09-14 12:20:00,142.2,18,80,40.5,0,0,0
2026-09-14 12:25:00,140.5,20,84,35.9,0,0,0
2026-09-14 12:30:00,138.7,16,79,39.7,0,0,0
2026-09-14 12:35:00,138.1,15,81,40.1,0,0,0
2026-09-14 12:40:00,135.9,33,79,36.2,0,0,0
2026-09-14 12:45:00,139.5,26,84,36.9,0,0,0
2026-09-14 12:50:00,143.0,52,81,36.1,0,0,0
2026-09-14 12:55:00,141.1,21,80,39.3,0,0,0
2026-09-14 13:00:00,142.6,11,81,38.5,0,54,50
2026-09-14 13:05:00,145.1,38,84,38.8,0,0,0
2026-09-14 13:10:00,147.1,10,82,38.4,0,0,0
2026-09-14 13:15:00,146.7,438,108,38.4,0,0,0
2026-09-14 13:20:00,149.6,426,106,37.8,0,0,0
2026-09-14 13:25:00,151.3,16,85,39.6,0,0,0
2026-09-14 13:30:00,152.9,17,79,39.8,0,0,0
2026-09-14 13:35:00,151.2,17,80,41.0,0,0,0
2026-09-14 13:40:00,150.9,24,78,38.6,0,0,0
2026-09-14 13:45:00,149.1,22,77,38.0,0,0,0
2026-09-14 13:50:00,152.7,16,79,41.8,0,0,0
2026-09-14 13:55:00,154.0,22,82,40.1,0,0,0
2026-09-14 14:00:00,155.0,34,85,40.0,0,0,0
2026-09-14 14:05:00,153.0,33,81,38.8,0,0,0
2026-09-14 14:10:00,150.8,21,80,38.3,0,0,0
2026-09-14 14:15:00,148.6,28,82,39.1,0,0,0
2026-09-14 14:20:00,149.4,16,80,41.1,0,0,0
2026-09-14 14:25:00,147.2,27,80,37.3,0,0,0
2026-09-14 14:30:00,147.3,32,84,39.9,0,0,0
2026-09-14 14:35:00,145.5,28,77,38.5,0,0,0
2026-09-14 14:40:00,143.5,24,80,39.5,0,0,0
2026-09-14 14:45:00,140.6,10,76,37.5,0,0,0
2026-09-14 14:50:00,140.0,14,81,38.6,0,0,0
2026-09-14 14:55:00,138.2,31,76,39.1,0,0,0
2026-09-14 15:00:00,139.6,22,81,39.0,0,0,0
2026-09-14 15:05:00,138.1,21,78,39.7,0,0,0
2026-09-14 15:10:00,136.3,35,84,37.8,0,0,0
2026-09-14 15:15:00,137.4,13,83,35.4,0,0,0
2026-09-14 15:20:00,134.2,24,82,39.4,0,0,0
2026-09-14 15:25:00,133.2,20,82,36.1,0,0,0
2026-09-14 15:30:00,136.4,17,81,39.1,0,0,0
2026-09-14 15:35:00,137.7,40,82,40.7,0,0,0
2026-09-14 15:40:00,137.2,11,79,38.9,0,0,0
2026-09-14 15:45:00,132.7,16,77,41.1,0,0,0
2026-09-14 15:50:00,135.1,47,83,39.9,0,0,0
2026-09-14 15:55:00,136.0,30,77,39.0,0,0,0
2026-09-14 16:00:00,137.7,13,78,37.3,0,0,0
2026-09-14 16:05:00,141.1,25,80,42.1,0,0,0
2026-09-14 16:10:00,141.5,20,79,42.4,0,0,0
2026-09-14 16:15:00,139.0,8,80,39.6,0,0,0
2026-09-14 16:20:00,141.7,27,82,37.4,0,0,0
2026-09-14 16:25:00,141.5,10,81,41.1,0,0,0
2026-09-14 16:30:00,138.4,32,84,41.8,0,0,0
2026-09-14 16:35:00,136.8,11,78,37.9,0,0,0
2026-09-14 16:40:00,139.7,23,79,40.5,0,0,0
2026-09-14 16:45:00,139.4,17,82,38.5,0,0,0
2026-09-14 16:50:00,139.4,24,79,37.3,0,0,0
2026-09-14 16:55:00,138.4,4,79,37.1,0,0,0
2026-09-14 17:00:00,138.3,26,84,36.6,0,0,0
2026-09-14 17:05:00,137.6,26,81,42.9,0,0,0
2026-09-14 17:10:00,139.6,18,77,37.5,0,0,0
2026-09-14 17:15:00,138.4,26,82,37.4,0,0,0
2026-09-14 17:20:00,135.6,19,81,39.2,0,0,0
2026-09-14 17:25:00,136.3,11,76,37.3,0,0,0
2026-09-14 17:30:00,138.1,16,78,34.5,0,0,0
2026-09-14 17:35:00,136.2,45,86,41.2,0,0,0
2026-09-14 17:40:00,136.7,26,79,41.2,0,0,0
2026-09-14 17:45:00,136.5,23,81,39.5,0,0,0
2026-09-14 17:50:00,135.9,51,82,40.3,0,0,0
2026-09-14 17:55:00,138.2,21,78,40.4,0,0,0
2026-09-14 18:00:00,138.7,26,80,40.6,0,0,0
2026-09-14 18:05:00,138.0,19,83,41.7,0,47,80
2026-09-14 18:10:00,147.4,14,84,35.3,0,0,0
2026-09-14 18:15:00,155.2,25,81,39.0,0,0,0
2026-09-14 18:20:00,160.3,24,84,40.9,0,0,0
2026-09-14 18:25:00,164.4,24,83,37.2,0,0,0
2026-09-14 18:30:00,168.5,11,84,39.5,0,0,0
2026-09-14 18:35:00,172.1,28,79,36.6,0,0,0
2026-09-14 18:40:00,175.0,8,82,39.3,0,0,0
2026-09-14 18:45:00,172.9,36,80,39.1,0,0,0
2026-09-14 18:50:00,173.4,12,79,39.8,0,0,0
2026-09-14 18:55:00,169.9,12,79,35.1,0,0,0
2026-09-14 19:00:00,168.7,24,83,37.4,0,0,0
2026-09-14 19:05:00,165.8,17,81,37.6,0,0,0
2026-09-14 19:10:00,166.4,20,81,42.3,0,0,0
2026-09-14 19:15:00,166.5,22,81,42.2,0,0,0
2026-09-14 19:20:00,164.1,20,79,39.6,0,0,0
2026-09-14 19:25:00,166.3,17,78,40.2,0,0,0
2026-09-14 19:30:00,165.6,42,83,36.5,0,0,0
2026-09-14 19:35:00,162.9,23,78,41.1,0,0,0
2026-09-14 19:40:00,163.9,21,81,40.8,0,0,0
2026-09-14 19:45:00,165.8,32,80,38.8,0,0,0
2026-09-14 19:50:00,161.2,22,82,38.3,0,0,0
2026-09-14 19:55:00,155.8,36,80,38.5,0,0,0
2026-09-14 20:00:00,152.9,12,80,37.4,0,0,0
2026-09-14 20:05:00,150.4,24,80,40.1,0,0,0
2026-09-14 20:10:00,151.1,32,85,40.0,0,0,0
2026-09-14 20:15:00,151.7,13,78,41.5,0,0,0
2026-09-14 20:20:00,152.6,23,83,36.6,0,0,0
2026-09-14 20:25:00,150.4,14,79,42.6,0,0,0
2026-09-14 20:30:00,152.1,8,81,41.8,0,55,50
2026-09-14 20:35:00,156.1,16,85,40.0,0,0,0
2026-09-14 20:40:00,161.3,18,83,41.4,0,0,0
2026-09-14 20:45:00,163.3,579,120,37.9,0,0,0
2026-09-14 20:50:00,163.3,571,116,39.8,0,0,0
2026-09-14 20:55:00,164.5,51,86,41.0,0,0,0
2026-09-14 21:00:00,161.7,17,82,39.9,0,0,0
2026-09-14 21:05:00,160.3,39,82,38.8,0,0,0
2026-09-14 21:10:00,158.4,39,82,37.1,0,0,0
2026-09-14 21:15:00,157.1,12,83,35.7,0,0,0
2026-09-14 21:20:00,156.2,10,80,38.3,0,0,0
2026-09-14 21:25:00,153.0,33,83,36.4,0,0,0
2026-09-14 21:30:00,154.8,21,80,38.0,0,0,0
2026-09-14 21:35:00,151.8,32,81,42.3,0,0,0
2026-09-14 21:40:00,153.0,13,77,36.6,0,0,0
2026-09-14 21:45:00,152.0,40,82,37.1,0,0,0
2026-09-14 21:50:00,148.7,12,80,39.2,0,0,0
2026-09-14 21:55:00,149.3,33,85,38.1,0,0,0
2026-09-14 22:00:00,147.4,25,81,40.8,0,0,0
2026-09-14 22:05:00,145.0,21,77,38.0,0,0,0
2026-09-14 22:10:00,144.7,28,82,35.3,0,0,0
2026-09-14 22:15:00,144.7,11,78,42.0,0,0,0
2026-09-14 22:20:00,141.5,18,82,36.9,0,0,0
2026-09-14 22:25:00,142.4,17,82,35.8,0,0,0
2026-09-14 22:30:00,143.2,22,83,39.7,0,0,0
2026-09-14 22:35:00,142.2,21,80,37.9,0,0,0
2026-09-14 22:40:00,141.9,19,81,36.1,0,0,0
2026-09-14 22:45:00,140.6,57,82,38.6,0,0,0
2026-09-14 22:50:00,139.0,56,83,41.0,0,0,0
2026-09-14 22:55:00,141.8,29,80,39.6,0,0,0
2026-09-14 23:00:00,142.9,22,78,40.8,0,0,0
2026-09-14 23:05:00,145.8,25,78,39.9,0,0,0
2026-09-14 23:10:00,145.2,56,79,38.7,0,0,0
2026-09-14 23:15:00,143.9,15,79,38.3,0,0,0
2026-09-14 23:20:00,144.2,18,81,38.6,0,0,0
2026-09-14 23:25:00,145.3,16,80,35.1,0,0,0
2026-09-14 23:30:00,144.3,21,81,37.1,0,0,0
2026-09-14 23:35:00,145.1,43,82,40.5,0,0,0
2026-09-14 23:40:00,143.9,22,82,38.6,0,0,0
2026-09-14 23:45:00,142.9,17,81,41.3,0,0,0
2026-09-14 23:50:00,144.3,17,86,40.9,0,0,0
2026-09-14 23:55:00,146.4,14,79,37.9,0,0,0
