timestamp,glucose_mgdl,steps,heart_rate,hrv_ms,sleeping,carbs_g,meal_gi
2026-09-01 00:00:00,124.4,12,66,44.4,0,0,0
2026-09-01 00:05:00,125.8,15,67,42.7,0,0,0
2026-09-01 00:10:00,123.4,9,68,40.0,0,0,0
2026-09-01 00:15:00,124.2,11,69,44.5,0,0,0
2026-09-01 00:20:00,124.3,15,66,43.3,0,0,0
2026-09-01 00:25:00,126.8,5,66,41.6,0,0,0
2026-09-01 00:30:00,128.2,10,68,43.3,0,0,0
2026-09-01 00:35:00,127.9,7,68,42.1,0,0,0
2026-09-01 00:40:00,126.3,9,67,41.3,0,0,0
2026-09-01 00:45:00,124.1,7,65,42.7,0,0,0
2026-09-01 00:50:00,121.3,0,61,67.1,1,0,0
2026-09-01 00:55:00,121.1,0,59,66.9,1,0,0
2026-09-01 01:00:00,120.2,0,58,68.0,1,0,0
2026-09-01 01:05:00,120.6,0,57,66.5,1,0,0
2026-09-01 01:10:00,118.7,0,56,66.3,1,0,0
2026-09-01 01:15:00,119.9,0,57,66.6,1,0,0
2026-09-01 01:20:00,118.7,0,58,66.8,1,0,0
2026-09-01 01:25:00,118.0,0,58,66.4,1,0,0
2026-09-01 01:30:00,117.2,1,56,66.9,1,0,0
2026-09-01 01:35:00,118.2,0,58,61.2,1,0,0
2026-09-01 01:40:00,117.6,0,59,65.8,1,0,0
2026-09-01 01:45:00,120.6,0,55,66.3,1,0,0
2026-09-01 01:50:00,120.0,1,60,66.8,1,0,0
2026-09-01 01:55:00,121.1,1,59,63.9,1,0,0
2026-09-01 02:00:00,121.5,1,59,71.1,1,0,0
2026-09-01 02:05:00,120.7,0,60,66.4,1,0,0
2026-09-01 02:10:00,118.4,0,55,65.6,1,0,0
2026-09-01 02:15:00,116.9,1,59,63.9,1,0,0
2026-09-01 02:20:00,118.8,0,56,63.9,1,0,0
2026-09-01 02:25:00,120.5,0,56,65.7,1,0,0
2026-09-01 02:30:00,123.9,1,58,69.9,1,0,0
2026-09-01 02:35:00,123.2,0,59,68.1,1,0,0
2026-09-01 02:40:00,123.2,1,57,62.0,1,0,0
2026-09-01 02:45:00,123.5,0,59,67.4,1,0,0
2026-09-01 02:50:00,122.4,0,56,68.1,1,0,0
2026-09-01 02:55:00,125.0,0,61,67.2,1,0,0
2026-09-01 03:00:00,128.6,1,57,65.4,1,0,0
2026-09-01 03:05:00,125.3,1,60,66.2,1,0,0
2026-09-01 03:10:00,126.8,0,55,64.6,1,0,0
2026-09-01 03:15:00,128.0,4,56,69.3,1,0,0
2026-09-01 03:20:00,126.9,1,57,66.1,1,0,0
2026-09-01 03:25:00,126.7,2,59,68.7,1,0,0
2026-09-01 03:30:00,127.2,0,61,65.9,1,0,0
2026-09-01 03:35:00,124.7,0,58,65.6,1,0,0
2026-09-01 03:40:00,124.9,1,61,66.0,1,0,0
2026-09-01 03:45:00,126.2,1,58,65.2,1,0,0
2026-09-01 03:50:00,126.1,0,58,67.9,1,0,0
2026-09-01 03:55:00,127.5,3,59,66.1,1,0,0
2026-09-01 04:00:00,127.3,0,58,69.1,1,0,0
2026-09-01 04:05:00,126.3,2,56,66.5,1,0,0
2026-09-01 04:10:00,128.0,0,60,67.0,1,0,0
2026-09-01 04:15:00,128.5,0,60,65.1,1,0,0
2026-09-01 04:20:00,129.0,1,56,65.3,1,0,0
2026-09-01 04:25:00,132.2,0,58,66.6,1,0,0
2026-09-01 04:30:00,131.9,0,62,67.8,1,0,0
2026-09-01 04:35:00,129.9,0,60,66.3,1,0,0
2026-09-01 04:40:00,130.7,0,60,65.3,1,0,0
2026-09-01 04:45:00,127.7,0,57,68.9,1,0,0
2026-09-01 04:50:00,128.8,0,59,67.1,1,0,0
2026-09-01 04:55:00,126.3,0,59,66.6,1,0,0
2026-09-01 05:00:00,127.6,0,58,68.3,1,0,0
2026-09-01 05:05:00,127.8,0,56,69.0,1,0,0
2026-09-01 05:10:00,126.3,0,57,68.1,1,0,0
2026-09-01 05:15:00,125.4,1,59,63.9,1,0,0
2026-09-01 05:20:00,123.9,0,56,67.1,1,0,0
2026-09-01 05:25:00,126.3,0,58,67.0,1,0,0
2026-09-01 05:30:00,124.8,0,56,70.0,1,0,0
2026-09-01 05:35:00,127.6,0,56,69.8,1,0,0
2026-09-01 05:40:00,128.0,0,57,69.0,1,0,0
2026-09-01 05:45:00,129.8,1,58,66.9,1,0,0
2026-09-01 05:50:00,130.9,0,58,62.7,1,0,0
2026-09-01 05:55:00,130.8,0,59,68.4,1,0,0
2026-09-01 06:00:00,132.8,0,57,66.6,1,0,0
2026-09-01 06:05:00,134.3,0,54,68.1,1,0,0
2026-09-01 06:10:00,135.0,0,57,67.0,1,0,0
2026-09-01 06:15:00,135.4,11,70,42.4,0,0,0
2026-09-01 06:20:00,136.1,1,67,45.5,0,0,0
2026-09-01 06:25:00,136.2,8,69,40.8,0,0,0
2026-09-01 06:30:00,139.3,7,66,43.2,0,0,0
2026-09-01 06:35:00,141.4,6,67,43.2,0,0,0
2026-09-01 06:40:00,141.8,6,66,42.7,0,0,0
2026-09-01 06:45:00,139.3,10,66,38.5,0,0,0
2026-09-01 06:50:00,138.7,12,68,40.7,0,0,0
2026-09-01 06:55:00,139.8,4,65,42.1,0,0,0
2026-09-01 07:00:00,136.3,5,65,37.4,0,0,0
2026-09-01 07:05:00,139.3,3,67,39.2,0,0,0
2026-09-01 07:10:00,138.5,29,64,41.3,0,0,0
2026-09-01 07:15:00,136.2,11,67,41.7,0,0,0
2026-09-01 07:20:00,136.5,3,65,38.9,0,0,0
2026-09-01 07:25:00,135.5,6,64,43.3,0,0,0
2026-09-01 07:30:00,133.0,10,66,40.6,0,0,0
2026-09-01 07:35:00,130.5,14,67,43.4,0,0,0
2026-09-01 07:40:00,129.5,11,64,40.7,0,0,0
2026-09-01 07:45:00,128.4,9,65,36.8,0,0,0
2026-09-01 07:50:00,127.3,6,66,40.6,0,0,0
2026-09-01 07:55:00,124.6,7,67,41.6,0,0,0
2026-09-01 08:00:00,123.3,11,65,37.8,0,0,0
2026-09-01 08:05:00,120.9,5,69,39.4,0,0,0
2026-09-01 08:10:00,122.7,9,66,39.5,0,0,0
2026-09-01 08:15:00,126.2,8,66,41.1,0,0,0
2026-09-01 08:20:00,130.8,8,69,43.9,0,0,0
2026-09-01 08:25:00,132.4,16,67,41.3,0,0,0
2026-09-01 08:30:00,131.1,8,69,40.7,0,0,0
2026-09-01 08:35:00,129.3,13,66,43.5,0,0,0
2026-09-01 08:40:00,123.8,3,66,38.8,0,0,0
2026-09-01 08:45:00,122.3,7,69,40.2,0,0,0
2026-09-01 08:50:00,120.9,9,70,39.5,0,0,0
2026-09-01 08:55:00,120.7,3,64,38.2,0,0,0
2026-09-01 09:00:00,120.3,17,66,41.9,0,0,0
2026-09-01 09:05:00,116.3,4,66,42.0,0,0,0
2026-09-01 09:10:00,117.9,9,70,43.0,0,0,0
2026-09-01 09:15:00,116.3,10,65,41.7,0,0,0
2026-09-01 09:20:00,119.4,22,70,46.3,0,0,0
2026-09-01 09:25:00,123.3,3,67,42.2,0,0,0
2026-09-01 09:30:00,123.9,25,67,40.6,0,0,0
2026-09-01 09:35:00,128.5,9,67,41.8,0,0,0
2026-09-01 09:40:00,128.0,7,69,39.7,0,0,0
2026-09-01 09:45:00,126.9,8,65,41.1,0,0,0
2026-09-01 09:50:00,126.3,9,72,39.5,0,0,0
2026-09-01 09:55:00,124.7,16,63,40.2,0,0,0
2026-09-01 10:00:00,122.9,5,68,40.4,0,0,0
2026-09-01 10:05:00,122.5,9,64,41.3,0,0,0
2026-09-01 10:10:00,119.2,6,63,42.4,0,0,0
2026-09-01 10:15:00,122.1,15,68,39.1,0,0,0
2026-09-01 10:20:00,121.3,14,67,39.2,0,0,0
2026-09-01 10:25:00,120.9,9,69,42.8,0,0,0
2026-09-01 10:30:00,127.6,9,65,46.7,0,0,0
2026-09-01 10:35:00,129.0,4,66,40.6,0,0,0
2026-09-01 10:40:00,128.4,9,68,43.9,0,0,0
2026-09-01 10:45:00,124.1,6,64,42.7,0,0,0
2026-09-01 10:50:00,127.9,7,68,41.1,0,0,0
2026-09-01 10:55:00,128.4,9,65,42.1,0,0,0
2026-09-01 11:00:00,128.3,11,60,41.4,0,0,0
2026-09-01 11:05:00,123.9,6,64,39.1,0,0,0
2026-09-01 11:10:00,124.0,12,67,40.7,0,0,0
2026-09-01 11:15:00,124.5,6,68,39.7,0,0,0
2026-09-01 11:20:00,122.7,13,63,38.5,0,0,0
2026-09-01 11:25:00,122.0,9,67,41.3,0,0,0
2026-09-01 11:30:00,124.2,21,69,38.9,0,0,0
2026-09-01 11:35:00,124.2,7,67,41.8,0,0,0
2026-09-01 11:40:00,122.6,11,69,40.4,0,0,0
2026-09-01 11:45:00,122.6,9,66,43.0,0,0,0
2026-09-01 11:50:00,124.7,8,64,41.3,0,0,0
2026-09-01 11:55:00,126.8,17,69,38.7,0,0,0
2026-09-01 12:00:00,123.2,10,70,38.3,0,0,0
2026-09-01 12:05:00,126.0,21,70,39.7,0,0,0
2026-09-01 12:10:00,125.7,2,67,41.0,0,0,0
2026-09-01 12:15:00,124.2,11,67,39.7,0,0,0
2026-09-01 12:20:00,127.6,3,69,39.1,0,0,0
2026-09-01 12:25:00,131.3,11,69,40.3,0,0,0
2026-09-01 12:30:00,127.9,12,68,45.2,0,0,0
2026-09-01 12:35:00,126.1,12,69,41.2,0,0,0
2026-09-01 12:40:00,125.1,9,68,43.3,0,0,0
2026-09-01 12:45:00,128.4,9,64,38.9,0,0,0
2026-09-01 12:50:00,128.2,9,67,42.5,0,0,0
2026-09-01 12:55:00,127.7,3,67,42.6,0,0,0
2026-09-01 13:00:00,128.4,10,71,40.4,0,0,0
2026-09-01 13:05:00,125.9,3,64,42.4,0,0,0
2026-09-01 13:10:00,128.0,10,67,41.3,0,0,0
2026-09-01 13:15:00,125.7,5,69,40.0,0,56,50
2026-09-01 13:20:00,137.8,10,68,39.7,0,0,0
2026-09-01 13:25:00,145.1,5,70,44.3,0,0,0
2026-09-01 13:30:00,148.7,9,71,39.8,0,0,0
2026-09-01 13:35:00,153.5,6,69,39.3,0,0,0
2026-09-01 13:40:00,153.5,7,73,41.9,0,0,0
2026-09-01 13:45:00,154.1,6,69,39.0,0,0,0
2026-09-01 13:50:00,157.7,4,67,41.4,0,0,0
2026-09-01 13:55:00,158.0,2,63,40.3,0,0,0
2026-09-01 14:00:00,157.0,4,68,41.7,0,0,0
2026-09-01 14:05:00,153.9,3,63,40.6,0,0,0
2026-09-01 14:10:00,152.6,19,68,36.0,0,0,0
2026-09-01 14:15:00,153.2,8,68,38.9,0,0,0
2026-09-01 14:20:00,153.5,6,67,39.2,0,0,0
2026-09-01 14:25:00,152.2,7,68,41.4,0,0,0
2026-09-01 14:30:00,150.3,9,65,41.1,0,0,0
2026-09-01 14:35:00,152.0,6,70,40.5,0,0,0
2026-09-01 14:40:00,151.1,7,64,41.6,0,0,0
2026-09-01 14:45:00,149.9,7,69,39.8,0,0,0
2026-09-01 14:50:00,147.5,3,66,41.7,0,0,0
2026-09-01 14:55:00,145.7,3,65,44.7,0,0,0
2026-09-01 15:00:00,144.0,11,68,40.6,0,0,0
2026-09-01 15:05:00,139.6,5,66,41.5,0,0,0
2026-09-01 15:10:00,137.3,9,64,40.9,0,0,0
2026-09-01 15:15:00,139.3,10,68,38.0,0,0,0
2026-09-01 15:20:00,137.3,7,65,39.9,0,0,0
2026-09-01 15:25:00,138.8,13,68,37.1,0,0,0
2026-09-01 15:30:00,140.5,1,64,38.6,0,0,0
2026-09-01 15:35:00,140.0,12,68,42.2,0,0,0
2026-09-01 15:40:00,136.8,7,67,43.5,0,0,0
2026-09-01 15:45:00,136.3,12,68,43.4,0,0,0
2026-09-01 15:50:00,133.5,4,67,42.2,0,0,0
2026-09-01 15:55:00,135.1,3,70,41.9,0,0,0
2026-09-01 16:00:00,133.2,10,68,41.8,0,0,0
2026-09-01 16:05:00,132.1,18,67,40.6,0,0,0
2026-09-01 16:10:00,129.4,10,69,41.3,0,0,0
2026-09-01 16:15:00,129.2,13,67,38.9,0,0,0
2026-09-01 16:20:00,130.7,11,66,39.2,0,0,0
2026-09-01 16:25:00,132.6,2,65,38.5,0,0,0
2026-09-01 16:30:00,133.2,416,92,40.0,0,0,0
2026-09-01 16:35:00,135.3,413,93,46.6,0,0,0
2026-09-01 16:40:00,132.7,410,89,43.1,0,0,0
2026-09-01 16:45:00,130.7,11,66,42.8,0,0,0
2026-09-01 16:50:00,128.0,8,69,40.5,0,0,0
2026-09-01 16:55:00,126.6,10,68,41.0,0,0,0
2026-09-01 17:00:00,125.9,3,66,41.8,0,0,0
2026-09-01 17:05:00,128.3,12,68,39.3,0,0,0
2026-09-01 17:10:00,125.3,6,63,42.4,0,0,0
2026-09-01 17:15:00,123.7,12,68,40.6,0,0,0
2026-09-01 17:20:00,123.0,5,67,40.8,0,0,0
2026-09-01 17:25:00,123.4,15,68,44.4,0,0,0
2026-09-01 17:30:00,124.8,5,70,41.5,0,0,0
2026-09-01 17:35:00,126.5,10,64,42.2,0,0,0
2026-09-01 17:40:00,127.0,2,74,37.4,0,13,35
2026-09-01 17:45:00,129.8,12,69,39.0,0,0,0
2026-09-01 17:50:00,131.7,8,70,41.4,0,0,0
2026-09-01 17:55:00,132.7,6,65,39.2,0,0,0
2026-09-01 18:00:00,132.4,6,73,41.2,0,0,0
2026-09-01 18:05:00,134.5,10,68,39.1,0,0,0
2026-09-01 18:10:00,136.1,5,64,43.9,0,0,0
2026-09-01 18:15:00,135.8,6,65,40.7,0,0,0
2026-09-01 18:20:00,137.0,4,65,36.7,0,0,0
2026-09-01 18:25:00,141.7,5,65,45.2,0,0,0
2026-09-01 18:30:00,143.8,14,68,39.2,0,0,0
2026-09-01 18:35:00,141.1,5,67,39.0,0,0,0
2026-09-01 18:40:00,138.1,3,66,40.7,0,0,0
2026-09-01 18:45:00,140.9,4,64,40.0,0,0,0
2026-09-01 18:50:00,139.1,15,67,37.7,0,0,0
2026-09-01 18:55:00,137.2,3,66,38.7,0,0,0
2026-09-01 19:00:00,133.5,2,69,39.0,0,0,0
2026-09-01 19:05:00,132.8,9,65,39.9,0,0,0
2026-09-01 19:10:00,136.0,4,66,40.7,0,0,0
2026-09-01 19:15:00,135.1,12,65,43.8,0,0,0
2026-09-01 19:20:00,137.9,11,64,37.8,0,0,0
2026-09-01 19:25:00,140.5,5,65,39.9,0,0,0
2026-09-01 19:30:00,135.5,3,63,40.1,0,0,0
2026-09-01 19:35:00,137.2,4,69,41.0,0,0,0
2026-09-01 19:40:00,132.3,7,65,37.9,0,0,0
2026-09-01 19:45:00,129.2,13,71,44.8,0,0,0
2026-09-01 19:50:00,126.3,24,69,40.4,0,0,0
2026-09-01 19:55:00,127.1,10,66,39.8,0,0,0
2026-09-01 20:00:00,128.6,1,66,37.4,0,0,0
2026-09-01 20:05:00,129.7,15,68,41.9,0,0,0
2026-09-01 20:10:00,128.9,5,64,43.9,0,0,0
2026-09-01 20:15:00,130.6,5,66,41.2,0,0,0
2026-09-01 20:20:00,130.7,14,68,42.7,0,0,0
2026-09-01 20:25:00,128.2,11,67,43.7,0,0,0
2026-09-01 20:30:00,128.0,5,70,41.0,0,0,0
2026-09-01 20:35:00,128.8,6,68,40.2,0,0,0
2026-09-01 20:40:00,126.5,18,64,40.0,0,0,0
2026-09-01 20:45:00,126.5,5,61,40.2,0,0,0
2026-09-01 20:50:00,127.9,6,61,40.6,0,0,0
2026-09-01 20:55:00,133.8,7,65,40.6,0,0,0
2026-09-01 21:00:00,134.0,9,67,42.4,0,0,0
2026-09-01 21:05:00,134.9,2,69,44.8,0,0,0
2026-09-01 21:10:00,135.3,12,64,39.3,0,0,0
2026-09-01 21:15:00,133.7,16,68,39.6,0,0,0
2026-09-01 21:20:00,135.6,7,68,41.5,0,0,0
2026-09-01 21:25:00,133.1,26,67,42.2,0,0,0
2026-09-01 21:30:00,127.4,4,62,42.9,0,0,0
2026-09-01 21:35:00,128.3,7,69,38.1,0,0,0
2026-09-01 21:40:00,124.8,5,65,43.7,0,0,0
2026-09-01 21:45:00,122.3,17,65,41.0,0,0,0
2026-09-01 21:50:00,122.9,2,68,42.5,0,0,0
2026-09-01 21:55:00,120.9,5,66,39.4,0,0,0
2026-09-01 22:00:00,119.4,2,67,39.3,0,0,0
2026-09-01 22:05:00,124.9,7,64,39.4,0,0,0
2026-09-01 22:10:00,126.9,3,66,42.2,0,0,0
2026-09-01 22:15:00,127.3,2,63,40.4,0,0,0
2026-09-01 22:20:00,126.4,12,68,42.7,0,0,0
2026-09-01 22:25:00,127.3,3,69,43.8,0,0,0
2026-09-01 22:30:00,129.3,11,70,38.0,0,0,0
2026-09-01 22:35:00,131.3,7,64,43.6,0,0,0
2026-09-01 22:40:00,132.2,9,68,40.3,0,0,0
2026-09-01 22:45:00,130.8,13,63,43.3,0,0,0
2026-09-01 22:50:00,130.6,7,65,41.1,0,0,0
2026-09-01 22:55:00,135.6,3,64,38.1,0,0,0
2026-09-01 23:00:00,133.9,12,68,41.0,0,0,0
2026-09-01 23:05:00,131.0,3,61,40.9,0,0,0
2026-09-01 23:10:00,128.5,5,65,40.9,0,0,0
2026-09-01 23:15:00,125.3,9,64,43.0,0,0,0
2026-09-01 23:20:00,126.6,10,67,41.9,0,0,0
2026-09-01 23:25:00,126.0,2,68,39.0,0,0,0
2026-09-01 23:30:00,122.8,7,68,43.7,0,0,0
2026-09-01 23:35:00,121.2,19,68,43.6,0,0,0
2026-09-01 23:40:00,122.5,4,66,37.9,0,0,0
2026-09-01 23:45:00,123.1,5,63,38.9,0,0,0
2026-09-01 23:50:00,122.6,6,68,37.9,0,0,0
2026-09-01 23:55:00,124.3,6,66,37.5,0,0,0
2026-09-02 00:00:00,124.2,6,64,36.3,0,0,0
2026-09-02 00:05:00,124.7,4,63,41.3,0,0,0
2026-09-02 00:10:00,124.9,7,66,41.5,0,0,0
2026-09-02 00:15:00,126.6,4,68,41.1,0,0,0
2026-09-02 00:20:00,128.0,6,69,44.8,0,0,0
2026-09-02 00:25:00,128.6,15,68,43.7,0,0,0
2026-09-02 00:30:00,133.0,5,64,42.7,0,0,0
2026-09-02 00:35:00,135.2,10,66,39.5,0,0,0
2026-09-02 00:40:00,135.5,10,67,40.7,0,0,0
2026-09-02 00:45:00,134.1,10,67,38.8,0,0,0
2026-09-02 00:50:00,134.9,4,67,39.4,0,0,0
2026-09-02 00:55:00,135.4,4,69,40.5,0,0,0
2026-09-02 01:00:00,131.1,16,65,40.5,0,0,0
2026-09-02 01:05:00,128.3,7,64,40.4,0,0,0
2026-09-02 01:10:00,129.3,5,67,42.9,0,0,0
2026-09-02 01:15:00,127.6,9,63,38.5,0,0,0
2026-09-02 01:20:00,126.9,6,71,41.7,0,0,0
2026-09-02 01:25:00,123.0,0,62,64.4,1,0,0
2026-09-02 01:30:00,120.2,0,58,64.0,1,0,0
2026-09-02 01:35:00,122.2,0,57,65.5,1,0,0
2026-09-02 01:40:00,122.7,0,59,66.6,1,0,0
2026-09-02 01:45:00,121.2,2,55,70.7,1,0,0
2026-09-02 01:50:00,117.5,0,54,66.6,1,0,0
2026-09-02 01:55:00,117.7,1,56,62.7,1,0,0
2026-09-02 02:00:00,115.8,0,55,67.1,1,0,0
2026-09-02 02:05:00,115.0,0,58,67.7,1,0,0
2026-09-02 02:10:00,113.6,1,56,69.6,1,0,0
2026-09-02 02:15:00,116.4,0,61,63.3,1,0,0
2026-09-02 02:20:00,117.6,0,57,67.3,1,0,0
2026-09-02 02:25:00,117.7,0,57,65.5,1,0,0
2026-09-02 02:30:00,116.6,0,56,66.5,1,0,0
2026-09-02 02:35:00,113.5,0,59,61.7,1,0,0
2026-09-02 02:40:00,115.3,1,59,66.3,1,0,0
2026-09-02 02:45:00,116.4,1,61,65.3,1,0,0
2026-09-02 02:50:00,116.9,0,57,66.6,1,0,0
2026-09-02 02:55:00,115.6,0,58,65.5,1,0,0
2026-09-02 03:00:00,115.3,1,59,66.8,1,0,0
2026-09-02 03:05:00,117.5,0,56,66.2,1,0,0
2026-09-02 03:10:00,118.0,0,58,65.6,1,0,0
2026-09-02 03:15:00,117.4,0,53,65.1,1,0,0
2026-09-02 03:20:00,119.4,0,58,65.2,1,0,0
2026-09-02 03:25:00,124.9,0,58,65.4,1,0,0
2026-09-02 03:30:00,125.1,0,58,65.4,1,0,0
2026-09-02 03:35:00,126.0,0,61,64.4,1,0,0
2026-09-02 03:40:00,127.0,1,57,68.7,1,0,0
2026-09-02 03:45:00,127.8,0,60,67.9,1,0,0
2026-09-02 03:50:00,130.5,0,59,67.7,1,0,0
2026-09-02 03:55:00,131.8,0,60,67.1,1,0,0
2026-09-02 04:00:00,134.2,0,58,66.9,1,0,0
2026-09-02 04:05:00,133.8,1,57,67.1,1,0,0
2026-09-02 04:10:00,133.2,1,60,66.3,1,0,0
2026-09-02 04:15:00,133.8,0,58,65.2,1,0,0
2026-09-02 04:20:00,133.5,0,58,65.6,1,0,0
2026-09-02 04:25:00,132.3,0,57,67.9,1,0,0
2026-09-02 04:30:00,133.6,0,58,64.9,1,0,0
2026-09-02 04:35:00,132.8,0,57,68.3,1,0,0
2026-09-02 04:40:00,132.9,0,58,63.8,1,0,0
2026-09-02 04:45:00,135.0,0,55,66.9,1,0,0
2026-09-02 04:50:00,136.3,0,60,67.0,1,0,0
2026-09-02 04:55:00,139.6,0,58,68.0,1,0,0
2026-09-02 05:00:00,136.7,0,60,62.6,1,0,0
2026-09-02 05:05:00,133.8,0,60,68.0,1,0,0
2026-09-02 05:10:00,130.3,0,58,70.2,1,0,0
2026-09-02 05:15:00,127.1,1,56,65.5,1,0,0
2026-09-02 05:20:00,127.4,1,57,65.2,1,0,0
2026-09-02 05:25:00,129.9,0,53,64.2,1,0,0
2026-09-02 05:30:00,131.6,1,61,67.3,1,0,0
2026-09-02 05:35:00,129.0,1,59,62.8,1,0,0
2026-09-02 05:40:00,128.7,0,55,68.2,1,0,0
2026-09-02 05:45:00,129.7,0,58,66.4,1,0,0
2026-09-02 05:50:00,129.9,0,62,69.6,1,0,0
2026-09-02 05:55:00,128.5,0,60,67.1,1,0,0
2026-09-02 06:00:00,127.6,0,57,69.6,1,0,0
2026-09-02 06:05:00,127.2,0,57,64.4,1,0,0
2026-09-02 06:10:00,126.5,0,59,67.7,1,0,0
2026-09-02 06:15:00,132.7,1,56,62.8,1,0,0
2026-09-02 06:20:00,132.8,1,59,62.4,1,0,0
2026-09-02 06:25:00,131.5,0,57,68.1,1,0,0
2026-09-02 06:30:00,130.7,0,59,65.4,1,0,0
2026-09-02 06:35:00,130.1,1,59,65.0,1,0,0
2026-09-02 06:40:00,129.9,0,57,69.3,1,0,0
2026-09-02 06:45:00,128.7,0,58,67.0,1,0,0
2026-09-02 06:50:00,123.9,9,66,37.8,0,0,0
2026-09-02 06:55:00,128.8,12,67,40.1,0,0,0
2026-09-02 07:00:00,129.2,10,66,36.9,0,0,0
2026-09-02 07:05:00,129.2,8,64,39.7,0,0,0
2026-09-02 07:10:00,125.9,7,66,42.0,0,0,0
2026-09-02 07:15:00,125.9,11,65,41.0,0,0,0
2026-09-02 07:20:00,123.2,15,68,42.3,0,0,0
2026-09-02 07:25:00,122.5,16,67,40.0,0,0,0
2026-09-02 07:30:00,121.3,8,66,39.7,0,0,0
2026-09-02 07:35:00,122.2,8,66,40.4,0,0,0
2026-09-02 07:40:00,123.3,5,68,36.6,0,67,78
2026-09-02 07:45:00,141.1,8,66,38.4,0,0,0
2026-09-02 07:50:00,150.3,4,72,40.1,0,0,0
2026-09-02 07:55:00,158.8,9,68,42.3,0,0,0
2026-09-02 08:00:00,165.1,10,70,41.0,0,0,0
2026-09-02 08:05:00,172.6,3,67,40.5,0,0,0
2026-09-02 08:10:00,173.8,9,65,45.4,0,0,0
2026-09-02 08:15:00,176.5,4,68,41.1,0,0,0
2026-09-02 08:20:00,176.0,11,69,41.5,0,0,0
2026-09-02 08:25:00,180.9,8,65,40.0,0,0,0
2026-09-02 08:30:00,180.1,14,66,39.2,0,0,0
2026-09-02 08:35:00,180.5,3,69,45.5,0,0,0
2026-09-02 08:40:00,176.4,8,68,43.9,0,0,0
2026-09-02 08:45:00,173.3,4,64,39.3,0,0,0
2026-09-02 08:50:00,171.7,7,67,38.0,0,0,0
2026-09-02 08:55:00,171.3,4,65,39.3,0,0,0
2026-09-02 09:00:00,170.4,6,63,41.4,0,0,0
2026-09-02 09:05:00,168.6,4,66,41.2,0,0,0
2026-09-02 09:10:00,162.6,15,68,41.7,0,0,0
2026-09-02 09:15:00,161.7,10,64,43.6,0,0,0
2026-09-02 09:20:00,159.9,13,66,37.6,0,0,0
2026-09-02 09:25:00,154.4,10,67,40.3,0,0,0
2026-09-02 09:30:00,150.7,10,66,40.5,0,0,0
2026-09-02 09:35:00,149.8,9,65,42.4,0,0,0
2026-09-02 09:40:00,146.5,3,68,40.2,0,0,0
2026-09-02 09:45:00,145.4,3,67,38.5,0,0,0
2026-09-02 09:50:00,144.8,3,65,41.0,0,0,0
2026-09-02 09:55:00,144.2,7,66,41.3,0,0,0
2026-09-02 10:00:00,141.3,9,66,43.4,0,0,0
2026-09-02 10:05:00,142.6,10,65,37.0,0,0,0
2026-09-02 10:10:00,140.2,13,66,41.4,0,0,0
2026-09-02 10:15:00,141.6,13,71,35.2,0,0,0
2026-09-02 10:20:00,141.5,8,68,45.7,0,0,0
2026-09-02 10:25:00,140.6,7,66,42.0,0,0,0
2026-09-02 10:30:00,141.0,7,67,45.3,0,0,0
2026-09-02 10:35:00,138.7,13,64,36.0,0,0,0
2026-09-02 10:40:00,138.4,10,63,42.0,0,0,0
2026-09-02 10:45:00,139.3,13,68,36.6,0,0,0
2026-09-02 10:50:00,134.7,7,67,39.8,0,0,0
2026-09-02 10:55:00,135.1,6,65,40.4,0,0,0
2026-09-02 11:00:00,137.0,7,65,42.1,0,0,0
2026-09-02 11:05:00,136.5,5,66,41.2,0,0,0
2026-09-02 11:10:00,135.7,13,68,39.8,0,0,0
2026-09-02 11:15:00,134.1,8,68,42.7,0,0,0
2026-09-02 11:20:00,132.9,10,67,37.6,0,0,0
2026-09-02 11:25:00,129.6,4,63,41.0,0,0,0
2026-09-02 11:30:00,128.0,11,67,41.6,0,0,0
2026-09-02 11:35:00,126.5,7,65,40.3,0,0,0
2026-09-02 11:40:00,124.9,5,66,37.3,0,0,0
2026-09-02 11:45:00,126.4,12,69,40.1,0,0,0
2026-09-02 11:50:00,126.7,16,68,42.0,0,0,0
2026-09-02 11:55:00,127.5,7,67,40.7,0,0,0
2026-09-02 12:00:00,129.9,8,65,42.2,0,0,0
2026-09-02 12:05:00,125.7,7,65,41.3,0,0,0
2026-09-02 12:10:00,125.5,10,67,41.7,0,0,0
2026-09-02 12:15:00,123.3,13,68,40.0,0,0,0
2026-09-02 12:20:00,124.3,15,69,42.2,0,0,0
2026-09-02 12:25:00,123.8,12,70,39.4,0,0,0
2026-09-02 12:30:00,126.6,2,66,41.5,0,0,0
2026-09-02 12:35:00,127.5,5,68,42.6,0,0,0
2026-09-02 12:40:00,125.0,3,70,40.7,0,0,0
2026-09-02 12:45:00,122.9,4,68,38.1,0,0,0
2026-09-02 12:50:00,125.2,10,65,40.0,0,0,0
2026-09-02 12:55:00,124.0,3,64,41.7,0,0,0
2026-09-02 13:00:00,123.6,1,67,41.3,0,0,0
2026-09-02 13:05:00,122.2,7,72,41.2,0,0,0
2026-09-02 13:10:00,125.0,9,69,40.0,0,0,0
2026-09-02 13:15:00,122.5,12,67,39.4,0,0,0
2026-09-02 13:20:00,121.9,13,66,42.1,0,0,0
2026-09-02 13:25:00,117.9,5,66,42.7,0,0,0
2026-09-02 13:30:00,117.4,8,64,42.3,0,0,0
2026-09-02 13:35:00,116.5,6,66,42.7,0,0,0
2026-09-02 13:40:00,112.8,17,71,41.5,0,0,0
2026-09-02 13:45:00,115.8,3,68,40.4,0,0,0
2026-09-02 13:50:00,113.1,14,63,37.4,0,0,0
2026-09-02 13:55:00,113.3,12,64,39.5,0,0,0
2026-09-02 14:00:00,115.0,4,67,42.4,0,78,75
2026-09-02 14:05:00,127.3,11,69,39.0,0,0,0
2026-09-02 14:10:00,137.1,13,66,45.0,0,0,0
2026-09-02 14:15:00,145.3,465,96,41.4,0,0,0
2026-09-02 14:20:00,151.0,468,101,41.5,0,0,0
2026-09-02 14:25:00,154.0,11,71,40.9,0,0,0
2026-09-02 14:30:00,156.8,5,68,41.8,0,0,0
2026-09-02 14:35:00,160.6,11,64,39.6,0,0,0
2026-09-02 14:40:00,160.2,16,71,42.1,0,0,0
2026-09-02 14:45:00,161.0,8,68,39.0,0,0,0
2026-09-02 14:50:00,158.6,8,61,38.8,0,0,0
2026-09-02 14:55:00,157.6,4,65,38.1,0,0,0
2026-09-02 15:00:00,158.8,5,68,42.6,0,0,0
2026-09-02 15:05:00,155.0,14,63,39.4,0,0,0
2026-09-02 15:10:00,156.4,15,67,40.8,0,0,0
2026-09-02 15:15:00,155.2,11,68,41.9,0,0,0
2026-09-02 15:20:00,153.8,1,67,42.1,0,0,0
2026-09-02 15:25:00,155.9,6,66,43.7,0,0,0
2026-09-02 15:30:00,154.0,15,66,41.3,0,0,0
2026-09-02 15:35:00,151.7,6,65,40.2,0,0,0
2026-09-02 15:40:00,151.6,4,67,40.1,0,0,0
2026-09-02 15:45:00,155.5,7,66,37.4,0,0,0
2026-09-02 15:50:00,151.8,7,65,39.3,0,0,0
2026-09-02 15:55:00,149.1,24,64,41.1,0,0,0
2026-09-02 16:00:00,148.0,3,67,40.2,0,0,0
2026-09-02 16:05:00,146.6,8,67,44.7,0,0,0
2026-09-02 16:10:00,144.5,14,63,39.0,0,0,0
2026-09-02 16:15:00,141.5,6,64,39.7,0,0,0
2026-09-02 16:20:00,138.5,19,65,41.2,0,0,0
2026-09-02 16:25:00,135.1,2,63,39.5,0,0,0
2026-09-02 16:30:00,133.4,18,68,40.7,0,0,0
2026-09-02 16:35:00,131.5,8,67,46.4,0,0,0
2026-09-02 16:40:00,127.5,6,67,35.5,0,0,0
2026-09-02 16:45:00,129.2,6,64,45.7,0,0,0
2026-09-02 16:50:00,127.0,481,94,42.6,0,0,0
2026-09-02 16:55:00,125.7,500,98,41.5,0,0,0
2026-09-02 17:00:00,124.0,486,94,41.5,0,0,0
2026-09-02 17:05:00,124.9,490,96,43.3,0,0,0
2026-09-02 17:10:00,126.7,7,64,39.1,0,0,0
2026-09-02 17:15:00,123.1,7,67,37.8,0,0,0
2026-09-02 17:20:00,123.9,3,70,40.7,0,0,0
2026-09-02 17:25:00,124.1,5,68,36.8,0,0,0
2026-09-02 17:30:00,127.7,22,69,42.7,0,0,0
2026-09-02 17:35:00,130.6,10,68,37.9,0,0,0
2026-09-02 17:40:00,131.0,10,64,43.6,0,0,0
2026-09-02 17:45:00,129.1,10,66,42.2,0,0,0
2026-09-02 17:50:00,130.5,4,66,36.9,0,0,0
2026-09-02 17:55:00,132.2,17,73,40.4,0,51,80
2026-09-02 18:00:00,141.6,1,71,42.3,0,0,0
2026-09-02 18:05:00,149.6,8,70,39.7,0,0,0
2026-09-02 18:10:00,160.2,12,71,39.6,0,0,0
2026-09-02 18:15:00,164.7,3,70,38.4,0,0,0
2026-09-02 18:20:00,168.4,9,71,40.7,0,0,0
2026-09-02 18:25:00,174.6,3,66,39.1,0,0,0
2026-09-02 18:30:00,176.0,8,67,39.7,0,0,0
2026-09-02 18:35:00,175.1,7,63,39.9,0,0,0
2026-09-02 18:40:00,174.0,15,67,40.8,0,0,0
2026-09-02 18:45:00,172.7,13,61,43.9,0,0,0
2026-09-02 18:50:00,173.0,3,68,39.7,0,0,0
2026-09-02 18:55:00,170.7,11,68,42.3,0,0,0
2026-09-02 19:00:00,169.1,11,69,39.6,0,0,0
2026-09-02 19:05:00,164.6,8,66,44.4,0,0,0
2026-09-02 19:10:00,163.2,9,67,42.3,0,0,0
2026-09-02 19:15:00,161.8,10,70,39.1,0,0,0
2026-09-02 19:20:00,158.7,6,67,42.4,0,0,0
2026-09-02 19:25:00,153.3,2,63,41.5,0,0,0
2026-09-02 19:30:00,154.8,13,68,43.4,0,0,0
2026-09-02 19:35:00,152.3,10,67,42.0,0,0,0
2026-09-02 19:40:00,149.5,10,67,43.1,0,0,0
2026-09-02 19:45:00,149.7,10,66,39.5,0,0,0
2026-09-02 19:50:00,145.3,6,65,41.6,0,0,0
2026-09-02 19:55:00,143.3,10,67,37.7,0,0,0
2026-09-02 20:00:00,139.3,12,66,40.6,0,0,0
2026-09-02 20:05:00,137.5,3,69,41.0,0,0,0
2026-09-02 20:10:00,137.0,10,67,37.6,0,0,0
2026-09-02 20:15:00,136.6,14,67,42.1,0,0,0
2026-09-02 20:20:00,135.9,10,67,43.1,0,0,0
2026-09-02 20:25:00,136.4,4,66,40.5,0,0,0
2026-09-02 20:30:00,135.0,7,63,37.9,0,0,0
2026-09-02 20:35:00,136.9,6,64,41.7,0,0,0
2026-09-02 20:40:00,139.2,8,65,42.0,0,0,0
2026-09-02 20:45:00,137.8,6,68,41.9,0,0,0
2026-09-02 20:50:00,135.7,3,62,44.8,0,0,0
2026-09-02 20:55:00,136.6,11,68,38.9,0,0,0
2026-09-02 21:00:00,130.3,12,67,40.4,0,0,0
2026-09-02 21:05:00,130.9,14,65,38.3,0,0,0
2026-09-02 21:10:00,131.7,4,67,40.3,0,0,0
2026-09-02 21:15:00,130.9,15,67,43.3,0,0,0
2026-09-02 21:20:00,131.3,7,70,39.6,0,0,0
2026-09-02 21:25:00,130.1,4,68,38.3,0,0,0
2026-09-02 21:30:00,127.7,6,69,40.0,0,0,0
2026-09-02 21:35:00,130.0,13,69,40.2,0,48,50
2026-09-02 21:40:00,136.2,11,71,40.3,0,0,0
2026-09-02 21:45:00,139.6,9,71,41.7,0,0,0
2026-09-02 21:50:00,144.5,413,93,40.4,0,0,0
2026-09-02 21:55:00,143.1,408,94,39.9,0,0,0
2026-09-02 22:00:00,144.8,17,72,41.8,0,0,0
2026-09-02 22:05:00,144.5,3,68,42.8,0,0,0
2026-09-02 22:10:00,145.2,14,64,43.8,0,0,0
2026-09-02 22:15:00,149.1,14,67,41.0,0,0,0
2026-09-02 22:20:00,148.6,10,66,42.4,0,0,0
2026-09-02 22:25:00,148.6,9,68,40.7,0,0,0
2026-09-02 22:30:00,146.5,6,65,39.4,0,0,0
2026-09-02 22:35:00,145.2,4,66,36.5,0,0,0
2026-09-02 22:40:00,144.0,5,67,37.5,0,0,0
2026-09-02 22:45:00,145.1,3,66,36.8,0,0,0
2026-09-02 22:50:00,144.7,6,67,36.7,0,0,0
2026-09-02 22:55:00,150.2,7,69,39.7,0,0,0
2026-09-02 23:00:00,148.9,8,63,39.0,0,0,0
2026-09-02 23:05:00,148.0,7,66,39.4,0,0,0
2026-09-02 23:10:00,145.1,5,66,42.0,0,0,0
2026-09-02 23:15:00,144.2,11,64,40.3,0,0,0
2026-09-02 23:20:00,142.5,4,67,38.4,0,0,0
2026-09-02 23:25:00,140.5,11,69,42.4,0,0,0
2026-09-02 23:30:00,140.7,6,67,39.7,0,0,0
2026-09-02 23:35:00,140.8,5,67,40.5,0,0,0
2026-09-02 23:40:00,139.2,4,66,44.7,0,0,0
2026-09-02 23:45:00,141.2,22,69,41.4,0,0,0
2026-09-02 23:50:00,139.3,4,66,39.6,0,0,0
2026-09-02 23:55:00,140.0,13,64,40.3,0,0,0
2026-09-03 00:00:00,135.4,7,68,38.9,0,0,0
2026-09-03 00:05:00,131.0,8,67,40.2,0,0,0
2026-09-03 00:10:00,134.1,8,67,40.8,0,0,0
2026-09-03 00:15:00,135.1,13,67,39.6,0,0,0
2026-09-03 00:20:00,137.7,21,68,40.3,0,0,0
2026-09-03 00:25:00,134.9,12,69,40.2,0,0,0
2026-09-03 00:30:00,134.7,6,68,40.6,0,0,0
2026-09-03 00:35:00,135.3,0,59,68.9,1,0,0
2026-09-03 00:40:00,138.2,0,58,66.2,1,0,0
2026-09-03 00:45:00,136.4,1,54,65.3,1,0,0
2026-09-03 00:50:00,132.1,1,63,68.4,1,0,0
2026-09-03 00:55:00,132.3,0,57,65.2,1,0,0
2026-09-03 01:00:00,129.1,0,61,66.7,1,0,0
2026-09-03 01:05:00,129.9,0,62,69.8,1,0,0
2026-09-03 01:10:00,130.1,0,52,66.9,1,0,0
2026-09-03 01:15:00,125.6,0,59,66.0,1,0,0
2026-09-03 01:20:00,126.0,0,59,65.8,1,0,0
2026-09-03 01:25:00,127.0,0,58,69.5,1,0,0
2026-09-03 01:30:00,126.9,0,58,66.7,1,0,0
2026-09-03 01:35:00,126.5,0,58,67.6,1,0,0
2026-09-03 01:40:00,124.5,0,60,66.0,1,0,0
2026-09-03 01:45:00,124.1,0,56,67.8,1,0,0
2026-09-03 01:50:00,121.8,1,59,66.0,1,0,0
2026-09-03 01:55:00,124.1,0,56,68.9,1,0,0
2026-09-03 02:00:00,127.8,0,60,68.0,1,0,0
2026-09-03 02:05:00,127.0,0,55,67.4,1,0,0
2026-09-03 02:10:00,123.4,0,60,68.1,1,0,0
2026-09-03 02:15:00,125.7,0,62,65.0,1,0,0
2026-09-03 02:20:00,125.4,0,58,66.0,1,0,0
2026-09-03 02:25:00,122.4,0,60,61.7,1,0,0
2026-09-03 02:30:00,124.5,1,61,68.1,1,0,0
2026-09-03 02:35:00,122.1,0,60,66.9,1,0,0
2026-09-03 02:40:00,121.2,0,56,66.8,1,0,0
2026-09-03 02:45:00,120.2,0,54,69.2,1,0,0
2026-09-03 02:50:00,120.1,2,58,65.0,1,0,0
2026-09-03 02:55:00,121.5,0,53,66.9,1,0,0
2026-09-03 03:00:00,119.6,1,56,65.5,1,0,0
2026-09-03 03:05:00,122.0,0,58,66.1,1,0,0
2026-09-03 03:10:00,121.8,0,57,65.5,1,0,0
2026-09-03 03:15:00,123.2,1,61,65.8,1,0,0
2026-09-03 03:20:00,122.2,0,59,68.7,1,0,0
2026-09-03 03:25:00,121.8,0,57,63.3,1,0,0
2026-09-03 03:30:00,123.8,0,59,67.3,1,0,0
2026-09-03 03:35:00,125.8,1,58,64.4,1,0,0
2026-09-03 03:40:00,122.9,0,55,65.0,1,0,0
2026-09-03 03:45:00,123.1,0,58,70.5,1,0,0
2026-09-03 03:50:00,125.9,0,58,64.8,1,0,0
2026-09-03 03:55:00,125.3,0,59,64.5,1,0,0
2026-09-03 04:00:00,126.0,1,58,66.2,1,0,0
2026-09-03 04:05:00,125.1,0,59,65.8,1,0,0
2026-09-03 04:10:00,126.9,0,55,64.0,1,0,0
2026-09-03 04:15:00,127.0,1,55,64.7,1,0,0
2026-09-03 04:20:00,126.1,0,60,67.3,1,0,0
2026-09-03 04:25:00,128.6,1,56,64.4,1,0,0
2026-09-03 04:30:00,129.6,0,56,65.3,1,0,0
2026-09-03 04:35:00,131.8,0,59,66.1,1,0,0
2026-09-03 04:40:00,132.5,0,60,70.1,1,0,0
2026-09-03 04:45:00,133.3,0,58,66.3,1,0,0
2026-09-03 04:50:00,134.7,0,59,66.8,1,0,0
2026-09-03 04:55:00,131.4,0,59,62.9,1,0,0
2026-09-03 05:00:00,132.9,0,54,67.8,1,0,0
2026-09-03 05:05:00,134.0,0,58,66.5,1,0,0
2026-09-03 05:10:00,132.8,1,54,68.4,1,0,0
2026-09-03 05:15:00,134.1,0,58,67.6,1,0,0
2026-09-03 05:20:00,132.8,1,60,63.9,1,0,0
2026-09-03 05:25:00,133.8,1,57,64.5,1,0,0
2026-09-03 05:30:00,130.6,0,61,69.7,1,0,0
2026-09-03 05:35:00,129.3,0,58,68.6,1,0,0
2026-09-03 05:40:00,125.3,0,58,68.7,1,0,0
2026-09-03 05:45:00,125.6,2,57,65.9,1,0,0
2026-09-03 05:50:00,123.5,1,56,63.8,1,0,0
2026-09-03 05:55:00,120.8,0,59,66.2,1,0,0
2026-09-03 06:00:00,123.5,0,60,61.2,1,0,0
2026-09-03 06:05:00,124.3,0,58,64.0,1,0,0
2026-09-03 06:10:00,123.0,0,59,69.9,1,0,0
2026-09-03 06:15:00,124.2,6,68,42.5,0,0,0
2026-09-03 06:20:00,124.5,6,65,38.0,0,0,0
2026-09-03 06:25:00,122.0,7,65,39.3,0,0,0
2026-09-03 06:30:00,123.8,7,64,39.9,0,0,0
2026-09-03 06:35:00,124.3,8,70,43.8,0,0,0
2026-09-03 06:40:00,123.0,13,67,42.7,0,0,0
2026-09-03 06:45:00,122.1,23,68,42.2,0,0,0
2026-09-03 06:50:00,123.0,9,68,42.2,0,0,0
2026-09-03 06:55:00,125.2,2,68,39.7,0,0,0
2026-09-03 07:00:00,126.3,11,68,41.4,0,0,0
2026-09-03 07:05:00,124.4,9,68,45.0,0,0,0
2026-09-03 07:10:00,126.3,3,64,40.5,0,0,0
2026-09-03 07:15:00,123.5,30,72,42.2,0,0,0
2026-09-03 07:20:00,125.1,10,68,39.3,0,0,0
2026-09-03 07:25:00,126.1,13,69,39.9,0,0,0
2026-09-03 07:30:00,123.1,10,69,41.8,0,0,0
2026-09-03 07:35:00,127.7,11,67,41.6,0,0,0
2026-09-03 07:40:00,129.6,6,67,42.9,0,0,0
2026-09-03 07:45:00,131.0,23,65,41.8,0,0,0
2026-09-03 07:50:00,131.5,5,70,40.0,0,0,0
2026-09-03 07:55:00,127.4,15,68,40.8,0,0,0
2026-09-03 08:00:00,129.7,5,64,39.1,0,0,0
2026-09-03 08:05:00,127.1,2,64,38.7,0,0,0
2026-09-03 08:10:00,125.2,8,65,39.9,0,0,0
2026-09-03 08:15:00,128.0,22,68,40.8,0,32,55
2026-09-03 08:20:00,127.2,11,70,42.9,0,0,0
2026-09-03 08:25:00,127.2,5,69,37.8,0,0,0
2026-09-03 08:30:00,131.0,489,92,43.6,0,0,0
2026-09-03 08:35:00,132.3,494,97,38.4,0,0,0
2026-09-03 08:40:00,130.7,3,68,39.5,0,0,0
2026-09-03 08:45:00,133.1,9,69,42.6,0,0,0
2026-09-03 08:50:00,134.9,9,68,44.4,0,0,0
2026-09-03 08:55:00,133.7,4,67,42.2,0,0,0
2026-09-03 09:00:00,135.6,6,68,42.1,0,0,0
2026-09-03 09:05:00,135.8,6,66,43.8,0,0,0
2026-09-03 09:10:00,137.2,14,66,39.6,0,0,0
2026-09-03 09:15:00,137.1,8,65,41.8,0,0,0
2026-09-03 09:20:00,137.6,8,67,41.3,0,0,0
2026-09-03 09:25:00,132.3,6,65,39.3,0,0,0
2026-09-03 09:30:00,134.1,15,67,42.5,0,0,0
2026-09-03 09:35:00,137.9,13,64,40.3,0,0,0
2026-09-03 09:40:00,136.1,9,66,38.2,0,0,0
2026-09-03 09:45:00,133.5,9,66,41.7,0,0,0
2026-09-03 09:50:00,133.5,10,65,42.1,0,0,0
2026-09-03 09:55:00,132.7,13,66,42.6,0,0,0
2026-09-03 10:00:00,133.4,4,63,38.1,0,0,0
2026-09-03 10:05:00,133.1,7,67,40.6,0,0,0
2026-09-03 10:10:00,132.3,4,66,39.3,0,0,0
2026-09-03 10:15:00,131.0,4,68,39.8,0,0,0
2026-09-03 10:20:00,128.3,16,70,40.2,0,0,0
2026-09-03 10:25:00,128.2,14,68,38.1,0,0,0
2026-09-03 10:30:00,125.4,7,68,39.0,0,0,0
2026-09-03 10:35:00,127.3,13,65,43.9,0,0,0
2026-09-03 10:40:00,126.0,10,67,38.5,0,0,0
2026-09-03 10:45:00,126.5,6,64,41.1,0,0,0
2026-09-03 10:50:00,124.4,7,65,42.9,0,0,0
2026-09-03 10:55:00,125.3,7,70,39.0,0,0,0
2026-09-03 11:00:00,129.6,5,66,42.8,0,0,0
2026-09-03 11:05:00,129.6,14,66,41.0,0,0,0
2026-09-03 11:10:00,127.5,3,67,39.1,0,0,0
2026-09-03 11:15:00,122.2,4,68,39.0,0,0,0
2026-09-03 11:20:00,120.5,5,65,42.9,0,0,0
2026-09-03 11:25:00,119.6,8,68,38.5,0,0,0
2026-09-03 11:30:00,119.3,9,65,43.5,0,0,0
2026-09-03 11:35:00,121.0,15,65,43.2,0,0,0
2026-09-03 11:40:00,121.8,407,88,36.9,0,0,0
2026-09-03 11:45:00,123.8,410,92,42.3,0,0,0
2026-09-03 11:50:00,121.6,406,89,39.7,0,0,0
2026-09-03 11:55:00,121.6,5,67,44.0,0,0,0
2026-09-03 12:00:00,124.2,2,70,43.2,0,0,0
2026-09-03 12:05:00,126.9,6,61,43.9,0,0,0
2026-09-03 12:10:00,127.9,2,63,40.0,0,0,0
2026-09-03 12:15:00,125.6,13,62,41.4,0,0,0
2026-09-03 12:20:00,124.9,15,67,42.9,0,0,0
2026-09-03 12:25:00,125.1,11,65,40.3,0,0,0
2026-09-03 12:30:00,126.0,4,64,37.7,0,0,0
2026-09-03 12:35:00,123.8,9,64,47.0,0,0,0
2026-09-03 12:40:00,124.5,10,63,39.8,0,0,0
2026-09-03 12:45:00,126.4,7,69,40.5,0,0,0
2026-09-03 12:50:00,124.1,4,66,40.6,0,0,0
2026-09-03 12:55:00,124.2,7,67,40.5,0,0,0
2026-09-03 13:00:00,124.2,10,64,36.9,0,0,0
2026-09-03 13:05:00,125.6,18,72,45.1,0,0,0
2026-09-03 13:10:00,129.5,10,69,39.5,0,0,0
2026-09-03 13:15:00,128.6,5,69,39.4,0,0,0
2026-09-03 13:20:00,130.2,10,63,42.1,0,0,0
2026-09-03 13:25:00,126.3,16,67,36.7,0,0,0
2026-09-03 13:30:00,124.7,5,68,41.4,0,0,0
2026-09-03 13:35:00,124.8,5,69,42.0,0,0,0
2026-09-03 13:40:00,124.5,5,67,43.3,0,0,0
2026-09-03 13:45:00,123.0,5,68,41.7,0,0,0
2026-09-03 13:50:00,125.6,5,64,40.6,0,0,0
2026-09-03 13:55:00,124.4,10,68,39.4,0,0,0
2026-09-03 14:00:00,120.8,11,71,40.2,0,0,0
2026-09-03 14:05:00,121.1,5,67,39.5,0,57,50
2026-09-03 14:10:00,130.3,1,68,40.6,0,0,0
2026-09-03 14:15:00,135.1,4,69,40.2,0,0,0
2026-09-03 14:20:00,140.6,10,70,38.0,0,0,0
2026-09-03 14:25:00,142.2,13,71,37.9,0,0,0
2026-09-03 14:30:00,143.5,7,68,40.4,0,0,0
2026-09-03 14:35:00,146.9,1,69,39.2,0,0,0
2026-09-03 14:40:00,148.4,7,63,41.3,0,0,0
2026-09-03 14:45:00,151.2,7,72,40.3,0,0,0
2026-09-03 14:50:00,153.6,5,67,37.2,0,0,0
2026-09-03 14:55:00,155.3,15,68,39.1,0,0,0
2026-09-03 15:00:00,153.0,7,67,41.9,0,0,0
2026-09-03 15:05:00,153.3,10,64,41.3,0,0,0
2026-09-03 15:10:00,154.4,8,66,37.5,0,0,0
2026-09-03 15:15:00,151.3,6,65,40.7,0,0,0
2026-09-03 15:20:00,149.6,5,64,42.8,0,0,0
2026-09-03 15:25:00,147.0,8,67,42.9,0,0,0
2026-09-03 15:30:00,147.3,4,69,40.8,0,0,0
2026-09-03 15:35:00,142.1,8,66,42.9,0,0,0
2026-09-03 15:40:00,142.5,3,65,43.9,0,0,0
2026-09-03 15:45:00,140.8,12,66,38.6,0,0,0
2026-09-03 15:50:00,140.4,8,63,41.9,0,0,0
2026-09-03 15:55:00,143.9,2,65,41.1,0,0,0
2026-09-03 16:00:00,141.3,8,66,40.1,0,0,0
2026-09-03 16:05:00,137.1,4,67,45.2,0,0,0
2026-09-03 16:10:00,135.6,6,67,41.5,0,0,0
2026-09-03 16:15:00,133.8,6,67,40.5,0,0,0
2026-09-03 16:20:00,130.9,14,66,37.9,0,0,0
2026-09-03 16:25:00,131.4,3,71,39.6,0,0,0
2026-09-03 16:30:00,129.3,7,67,42.1,0,0,0
2026-09-03 16:35:00,127.4,10,63,42.1,0,0,0
2026-09-03 16:40:00,130.0,4,69,42.9,0,0,0
2026-09-03 16:45:00,128.0,7,67,35.9,0,0,0
2026-09-03 16:50:00,125.9,9,65,38.8,0,0,0
2026-09-03 16:55:00,126.0,8,68,36.8,0,0,0
2026-09-03 17:00:00,127.3,11,71,41.1,0,15,35
2026-09-03 17:05:00,128.1,8,72,39.1,0,0,0
2026-09-03 17:10:00,134.5,14,69,41.1,0,0,0
2026-09-03 17:15:00,134.2,9,72,38.7,0,0,0
2026-09-03 17:20:00,131.5,11,68,42.0,0,0,0
2026-09-03 17:25:00,136.0,15,68,41.9,0,0,0
2026-09-03 17:30:00,140.2,5,64,39.8,0,0,0
2026-09-03 17:35:00,142.4,9,63,40.7,0,0,0
2026-09-03 17:40:00,143.5,10,64,42.3,0,0,0
2026-09-03 17:45:00,138.6,13,69,43.4,0,0,0
2026-09-03 17:50:00,138.1,4,63,44.4,0,0,0
2026-09-03 17:55:00,138.7,6,66,37.2,0,0,0
2026-09-03 18:00:00,139.0,8,70,44.6,0,0,0
2026-09-03 18:05:00,140.2,8,65,41.6,0,0,0
2026-09-03 18:10:00,135.1,9,68,40.3,0,0,0
2026-09-03 18:15:00,135.3,12,63,40.4,0,0,0
2026-09-03 18:20:00,136.2,9,67,43.1,0,0,0
2026-09-03 18:25:00,133.7,16,67,40.9,0,0,0
2026-09-03 18:30:00,131.9,13,67,40.6,0,0,0
2026-09-03 18:35:00,131.7,9,68,41.1,0,0,0
2026-09-03 18:40:00,130.2,11,65,37.0,0,0,0
2026-09-03 18:45:00,127.7,4,67,40.4,0,0,0
2026-09-03 18:50:00,128.8,14,64,42.0,0,0,0
2026-09-03 18:55:00,128.1,24,67,39.0,0,0,0
2026-09-03 19:00:00,131.4,4,69,39.6,0,0,0
2026-09-03 19:05:00,130.6,9,64,42.6,0,0,0
2026-09-03 19:10:00,132.9,7,65,37.1,0,0,0
2026-09-03 19:15:00,128.1,9,68,42.0,0,0,0
2026-09-03 19:20:00,131.1,10,66,39.8,0,0,0
2026-09-03 19:25:00,130.8,10,65,40.8,0,0,0
2026-09-03 19:30:00,129.6,5,67,42.1,0,0,0
2026-09-03 19:35:00,130.1,6,62,39.8,0,0,0
2026-09-03 19:40:00,128.4,9,64,41.0,0,0,0
2026-09-03 19:45:00,128.4,7,71,41.8,0,0,0
2026-09-03 19:50:00,128.9,20,67,40.9,0,0,0
2026-09-03 19:55:00,128.3,11,66,40.1,0,0,0
2026-09-03 20:00:00,128.4,8,68,40.0,0,0,0
2026-09-03 20:05:00,130.6,5,62,38.5,0,0,0
2026-09-03 20:10:00,129.6,3,67,42.6,0,0,0
2026-09-03 20:15:00,130.3,31,68,44.8,0,0,0
2026-09-03 20:20:00,129.7,18,67,41.7,0,0,0
2026-09-03 20:25:00,128.0,16,66,44.4,0,0,0
2026-09-03 20:30:00,126.2,10,65,44.8,0,0,0
2026-09-03 20:35:00,128.5,12,65,43.1,0,0,0
2026-09-03 20:40:00,126.8,5,67,40.5,0,0,0
2026-09-03 20:45:00,127.8,6,64,39.2,0,0,0
2026-09-03 20:50:00,127.6,10,72,40.3,0,84,75
2026-09-03 20:55:00,146.7,4,70,41.7,0,0,0
2026-09-03 21:00:00,157.9,7,69,45.7,0,0,0
2026-09-03 21:05:00,164.8,16,67,41.3,0,0,0
2026-09-03 21:10:00,171.1,5,68,41.5,0,0,0
2026-09-03 21:15:00,175.9,4,67,40.2,0,0,0
2026-09-03 21:20:00,179.8,10,69,41.8,0,0,0
2026-09-03 21:25:00,186.3,13,68,44.0,0,0,0
2026-09-03 21:30:00,189.1,4,67,42.9,0,0,0
2026-09-03 21:35:00,191.9,3,66,40.5,0,0,0
2026-09-03 21:40:00,191.6,14,64,41.7,0,0,0
2026-09-03 21:45:00,189.5,15,65,40.4,0,0,0
2026-09-03 21:50:00,188.0,17,67,39.7,0,0,0
2026-09-03 21:55:00,187.3,9,68,41.3,0,0,0
2026-09-03 22:00:00,184.1,19,66,38.1,0,0,0
2026-09-03 22:05:00,186.0,12,68,36.5,0,0,0
2026-09-03 22:10:00,183.3,10,66,41.1,0,0,0
2026-09-03 22:15:00,177.3,13,67,41.2,0,0,0
2026-09-03 22:20:00,173.7,6,67,39.7,0,0,0
2026-09-03 22:25:00,169.9,11,68,43.7,0,0,0
2026-09-03 22:30:00,167.8,12,65,40.4,0,0,0
2026-09-03 22:35:00,165.7,5,65,42.8,0,0,0
2026-09-03 22:40:00,160.2,4,67,39.8,0,0,0
2026-09-03 22:45:00,157.6,5,69,42.9,0,0,0
2026-09-03 22:50:00,156.3,8,69,37.7,0,0,0
2026-09-03 22:55:00,152.6,12,69,36.0,0,0,0
2026-09-03 23:00:00,148.5,11,68,41.9,0,0,0
2026-09-03 23:05:00,146.4,8,71,42.1,0,0,0
2026-09-03 23:10:00,148.0,12,63,43.0,0,0,0
2026-09-03 23:15:00,144.5,2,68,39.2,0,0,0
2026-09-03 23:20:00,140.3,16,67,43.3,0,0,0
2026-09-03 23:25:00,141.0,8,66,40.5,0,0,0
2026-09-03 23:30:00,139.4,5,65,38.4,0,0,0
2026-09-03 23:35:00,139.8,5,68,39.7,0,0,0
2026-09-03 23:40:00,139.8,20,65,38.3,0,0,0
2026-09-03 23:45:00,138.2,10,67,40.3,0,0,0
2026-09-03 23:50:00,138.3,4,69,39.8,0,0,0
2026-09-03 23:55:00,140.0,7,63,40.6,0,0,0
2026-09-04 00:00:00,138.3,7,69,45.3,0,0,0
2026-09-04 00:05:00,137.6,7,64,42.6,0,0,0
2026-09-04 00:10:00,133.9,5,68,39.9,0,0,0
2026-09-04 00:15:00,133.8,8,68,43.3,0,0,0
2026-09-04 00:20:00,132.4,8,70,44.9,0,0,0
2026-09-04 00:25:00,131.5,6,65,40.1,0,0,0
2026-09-04 00:30:00,131.5,3,67,42.0,0,0,0
2026-09-04 00:35:00,134.0,9,65,43.5,0,0,0
2026-09-04 00:40:00,132.4,0,57,66.3,1,0,0
2026-09-04 00:45:00,132.1,0,59,66.8,1,0,0
2026-09-04 00:50:00,127.6,0,54,66.0,1,0,0
2026-09-04 00:55:00,126.1,1,57,67.7,1,0,0
2026-09-04 01:00:00,125.9,0,58,64.4,1,0,0
2026-09-04 01:05:00,123.8,0,59,66.8,1,0,0
2026-09-04 01:10:00,124.8,0,60,66.7,1,0,0
2026-09-04 01:15:00,124.0,2,60,67.6,1,0,0
2026-09-04 01:20:00,124.3,0,56,66.2,1,0,0
2026-09-04 01:25:00,123.6,0,59,66.7,1,0,0
2026-09-04 01:30:00,125.2,0,58,67.8,1,0,0
2026-09-04 01:35:00,123.9,0,58,67.7,1,0,0
2026-09-04 01:40:00,125.7,1,60,67.5,1,0,0
2026-09-04 01:45:00,128.0,0,56,69.1,1,0,0
2026-09-04 01:50:00,123.5,1,58,62.7,1,0,0
2026-09-04 01:55:00,123.8,1,59,66.4,1,0,0
2026-09-04 02:00:00,120.5,1,58,69.8,1,0,0
2026-09-04 02:05:00,121.9,1,57,65.3,1,0,0
2026-09-04 02:10:00,124.9,0,60,69.1,1,0,0
2026-09-04 02:15:00,119.7,1,57,65.2,1,0,0
2026-09-04 02:20:00,124.6,0,62,65.7,1,0,0
2026-09-04 02:25:00,122.7,1,62,68.4,1,0,0
2026-09-04 02:30:00,123.2,0,60,69.6,1,0,0
2026-09-04 02:35:00,124.0,0,59,67.5,1,0,0
2026-09-04 02:40:00,124.8,0,56,63.4,1,0,0
2026-09-04 02:45:00,125.5,0,62,70.1,1,0,0
2026-09-04 02:50:00,124.6,0,62,67.0,1,0,0
2026-09-04 02:55:00,123.7,1,57,64.0,1,0,0
2026-09-04 03:00:00,123.2,0,59,64.5,1,0,0
2026-09-04 03:05:00,121.9,1,56,69.6,1,0,0
2026-09-04 03:10:00,119.8,0,59,63.5,1,0,0
2026-09-04 03:15:00,120.7,0,62,66.1,1,0,0
2026-09-04 03:20:00,118.6,1,58,65.7,1,0,0
2026-09-04 03:25:00,123.0,0,57,67.4,1,0,0
2026-09-04 03:30:00,122.5,1,58,68.3,1,0,0
2026-09-04 03:35:00,123.8,0,62,67.7,1,0,0
2026-09-04 03:40:00,127.7,0,55,67.6,1,0,0
2026-09-04 03:45:00,123.9,0,58,63.6,1,0,0
2026-09-04 03:50:00,123.9,0,61,65.1,1,0,0
2026-09-04 03:55:00,124.6,1,60,66.4,1,0,0
2026-09-04 04:00:00,127.5,1,60,68.2,1,0,0
2026-09-04 04:05:00,129.7,1,57,67.6,1,0,0
2026-09-04 04:10:00,132.2,0,57,71.6,1,0,0
2026-09-04 04:15:00,131.9,1,60,70.4,1,0,0
2026-09-04 04:20:00,128.7,0,56,65.1,1,0,0
2026-09-04 04:25:00,129.4,1,53,69.8,1,0,0
2026-09-04 04:30:00,129.5,0,57,69.7,1,0,0
2026-09-04 04:35:00,126.2,0,57,69.3,1,0,0
2026-09-04 04:40:00,124.8,0,56,63.2,1,0,0
2026-09-04 04:45:00,126.5,0,61,64.6,1,0,0
2026-09-04 04:50:00,127.9,1,57,67.2,1,0,0
2026-09-04 04:55:00,126.3,0,60,68.2,1,0,0
2026-09-04 05:00:00,126.8,1,61,64.5,1,0,0
2026-09-04 05:05:00,128.2,0,61,64.7,1,0,0
2026-09-04 05:10:00,128.2,1,58,67.5,1,0,0
2026-09-04 05:15:00,131.4,1,55,71.5,1,0,0
2026-09-04 05:20:00,126.9,0,60,68.1,1,0,0
2026-09-04 05:25:00,129.4,0,56,63.9,1,0,0
2026-09-04 05:30:00,127.8,0,57,67.8,1,0,0
2026-09-04 05:35:00,128.7,1,60,68.8,1,0,0
2026-09-04 05:40:00,130.7,0,53,66.7,1,0,0
2026-09-04 05:45:00,127.3,0,57,67.0,1,0,0
2026-09-04 05:50:00,131.9,2,60,68.1,1,0,0
2026-09-04 05:55:00,131.4,0,58,67.8,1,0,0
2026-09-04 06:00:00,130.6,0,59,66.7,1,0,0
2026-09-04 06:05:00,129.6,0,60,67.9,1,0,0
2026-09-04 06:10:00,129.9,5,70,40.9,0,0,0
2026-09-04 06:15:00,129.7,11,67,39.3,0,0,0
2026-09-04 06:20:00,132.2,18,67,40.8,0,0,0
2026-09-04 06:25:00,131.2,8,68,42.5,0,0,0
2026-09-04 06:30:00,129.4,11,69,41.0,0,0,0
2026-09-04 06:35:00,128.7,7,66,41.8,0,0,0
2026-09-04 06:40:00,127.1,6,65,39.4,0,0,0
2026-09-04 06:45:00,128.9,3,66,40.5,0,0,0
2026-09-04 06:50:00,127.8,4,67,40.7,0,0,0
2026-09-04 06:55:00,127.1,4,66,42.0,0,0,0
2026-09-04 07:00:00,128.3,8,64,41.9,0,0,0
2026-09-04 07:05:00,131.0,7,69,40.2,0,0,0
2026-09-04 07:10:00,130.5,12,69,44.5,0,0,0
2026-09-04 07:15:00,132.0,22,68,38.3,0,0,0
2026-09-04 07:20:00,134.6,6,67,42.4,0,0,0
2026-09-04 07:25:00,130.6,12,67,41.0,0,0,0
2026-09-04 07:30:00,126.4,10,69,43.1,0,0,0
2026-09-04 07:35:00,132.8,9,69,40.7,0,0,0
2026-09-04 07:40:00,136.3,4,66,39.9,0,0,0
2026-09-04 07:45:00,133.0,7,68,43.9,0,0,0
2026-09-04 07:50:00,128.4,13,65,44.3,0,0,0
2026-09-04 07:55:00,129.8,13,69,39.4,0,0,0
2026-09-04 08:00:00,128.5,10,70,40.2,0,0,0
2026-09-04 08:05:00,129.8,8,70,40.6,0,32,55
2026-09-04 08:10:00,135.6,7,69,39.1,0,0,0
2026-09-04 08:15:00,137.6,10,70,42.9,0,0,0
2026-09-04 08:20:00,139.2,419,93,39.6,0,0,0
2026-09-04 08:25:00,136.9,421,93,41.2,0,0,0
2026-09-04 08:30:00,137.8,10,68,41.5,0,0,0
2026-09-04 08:35:00,137.6,10,64,43.1,0,0,0
2026-09-04 08:40:00,142.9,6,64,42.0,0,0,0
2026-09-04 08:45:00,144.5,13,65,41.6,0,0,0
2026-09-04 08:50:00,143.4,8,70,41.8,0,0,0
2026-09-04 08:55:00,142.3,2,66,42.1,0,0,0
2026-09-04 09:00:00,137.6,13,64,41.9,0,0,0
2026-09-04 09:05:00,139.1,11,69,39.6,0,0,0
2026-09-04 09:10:00,140.7,7,65,40.9,0,0,0
2026-09-04 09:15:00,142.1,15,68,42.0,0,0,0
2026-09-04 09:20:00,140.3,12,67,38.5,0,0,0
2026-09-04 09:25:00,141.9,6,65,41.6,0,0,0
2026-09-04 09:30:00,138.9,15,66,41.6,0,0,0
2026-09-04 09:35:00,135.8,18,66,45.0,0,0,0
2026-09-04 09:40:00,134.7,7,65,43.1,0,0,0
2026-09-04 09:45:00,131.5,11,64,40.2,0,0,0
2026-09-04 09:50:00,132.9,9,65,41.9,0,0,0
2026-09-04 09:55:00,132.8,15,71,42.3,0,0,0
2026-09-04 10:00:00,129.3,10,66,41.3,0,0,0
2026-09-04 10:05:00,129.4,5,66,41.3,0,0,0
2026-09-04 10:10:00,125.6,2,67,40.2,0,0,0
2026-09-04 10:15:00,123.8,7,67,39.1,0,0,0
2026-09-04 10:20:00,124.5,3,67,41.7,0,0,0
2026-09-04 10:25:00,122.8,25,69,47.6,0,0,0
2026-09-04 10:30:00,121.5,11,70,44.7,0,0,0
2026-09-04 10:35:00,123.6,7,67,40.9,0,0,0
2026-09-04 10:40:00,124.2,7,67,41.4,0,0,0
2026-09-04 10:45:00,125.7,2,69,37.7,0,0,0
2026-09-04 10:50:00,126.0,4,66,41.1,0,0,0
2026-09-04 10:55:00,125.9,15,70,40.7,0,0,0
2026-09-04 11:00:00,124.3,0,65,40.0,0,0,0
2026-09-04 11:05:00,127.2,4,65,43.5,0,0,0
2026-09-04 11:10:00,128.4,3,69,41.7,0,0,0
2026-09-04 11:15:00,129.2,13,66,40.4,0,0,0
2026-09-04 11:20:00,128.7,8,68,40.4,0,0,0
2026-09-04 11:25:00,128.5,1,63,36.9,0,0,0
2026-09-04 11:30:00,127.9,10,66,40.6,0,0,0
2026-09-04 11:35:00,126.1,5,63,42.6,0,0,0
2026-09-04 11:40:00,123.5,10,66,44.2,0,0,0
2026-09-04 11:45:00,124.5,10,64,41.2,0,0,0
2026-09-04 11:50:00,126.2,8,67,43.1,0,0,0
2026-09-04 11:55:00,122.1,8,68,38.9,0,0,0
2026-09-04 12:00:00,121.7,4,66,43.5,0,0,0
2026-09-04 12:05:00,120.3,12,69,41.7,0,0,0
2026-09-04 12:10:00,120.9,8,63,39.7,0,0,0
2026-09-04 12:15:00,122.8,17,65,41.5,0,0,0
2026-09-04 12:20:00,122.0,13,61,41.3,0,0,0
2026-09-04 12:25:00,120.2,9,71,43.3,0,0,0
2026-09-04 12:30:00,121.2,8,68,42.4,0,0,0
2026-09-04 12:35:00,122.6,5,70,42.8,0,0,0
2026-09-04 12:40:00,120.9,10,66,41.6,0,0,0
2026-09-04 12:45:00,121.8,3,67,42.1,0,0,0
2026-09-04 12:50:00,124.8,11,62,36.8,0,0,0
2026-09-04 12:55:00,122.6,9,64,40.1,0,0,0
2026-09-04 13:00:00,121.2,12,66,40.4,0,0,0
2026-09-04 13:05:00,122.7,13,68,38.7,0,0,0
2026-09-04 13:10:00,126.6,8,66,40.5,0,0,0
2026-09-04 13:15:00,127.7,6,65,42.7,0,0,0
2026-09-04 13:20:00,121.9,7,69,43.6,0,0,0
2026-09-04 13:25:00,121.5,13,67,37.9,0,0,0
2026-09-04 13:30:00,121.1,11,70,39.9,0,0,0
2026-09-04 13:35:00,121.1,6,66,41.4,0,0,0
2026-09-04 13:40:00,123.8,4,69,42.4,0,67,55
2026-09-04 13:45:00,133.8,21,68,43.0,0,0,0
2026-09-04 13:50:00,139.8,13,70,38.6,0,0,0
2026-09-04 13:55:00,145.7,2,67,40.0,0,0,0
2026-09-04 14:00:00,149.6,8,72,40.9,0,0,0
2026-09-04 14:05:00,153.2,5,68,44.1,0,0,0
2026-09-04 14:10:00,151.1,2,66,37.8,0,0,0
2026-09-04 14:15:00,157.1,6,59,39.8,0,0,0
2026-09-04 14:20:00,156.1,12,67,41.0,0,0,0
2026-09-04 14:25:00,157.0,7,67,39.6,0,0,0
2026-09-04 14:30:00,159.2,11,68,40.4,0,0,0
2026-09-04 14:35:00,160.3,13,68,37.4,0,0,0
2026-09-04 14:40:00,158.2,9,64,40.6,0,0,0
2026-09-04 14:45:00,154.7,4,66,45.4,0,0,0
2026-09-04 14:50:00,155.6,21,66,41.9,0,0,0
2026-09-04 14:55:00,151.7,13,67,43.8,0,0,0
2026-09-04 15:00:00,150.6,5,68,46.4,0,0,0
2026-09-04 15:05:00,148.6,2,68,40.8,0,0,0
2026-09-04 15:10:00,145.9,5,66,44.1,0,0,0
2026-09-04 15:15:00,146.8,7,70,42.3,0,0,0
2026-09-04 15:20:00,143.3,4,67,43.2,0,0,0
2026-09-04 15:25:00,140.5,8,68,45.1,0,0,0
2026-09-04 15:30:00,141.5,4,66,42.9,0,0,0
2026-09-04 15:35:00,139.8,4,65,44.2,0,0,0
2026-09-04 15:40:00,135.0,4,65,39.2,0,0,0
2026-09-04 15:45:00,136.4,9,69,42.1,0,0,0
2026-09-04 15:50:00,137.7,3,67,40.9,0,0,0
2026-09-04 15:55:00,137.4,4,65,39.5,0,0,0
2026-09-04 16:00:00,137.1,8,63,41.0,0,0,0
2026-09-04 16:05:00,134.1,17,65,41.7,0,0,0
2026-09-04 16:10:00,135.7,13,65,43.8,0,0,0
2026-09-04 16:15:00,133.7,5,64,42.8,0,0,0
2026-09-04 16:20:00,132.0,11,66,43.4,0,0,0
2026-09-04 16:25:00,130.2,13,67,40.1,0,0,0
2026-09-04 16:30:00,128.4,31,70,43.4,0,0,0
2026-09-04 16:35:00,128.1,8,68,37.9,0,0,0
2026-09-04 16:40:00,128.8,2,65,41.9,0,0,0
2026-09-04 16:45:00,129.7,1,64,41.2,0,0,0
2026-09-04 16:50:00,125.1,13,66,41.1,0,0,0
2026-09-04 16:55:00,124.7,15,62,44.9,0,0,0
2026-09-04 17:00:00,122.8,3,64,41.8,0,0,0
2026-09-04 17:05:00,122.6,12,67,38.7,0,0,0
2026-09-04 17:10:00,122.5,9,63,41.3,0,0,0
2026-09-04 17:15:00,123.2,10,67,39.5,0,0,0
2026-09-04 17:20:00,121.1,8,66,39.3,0,0,0
2026-09-04 17:25:00,122.8,3,69,42.0,0,0,0
2026-09-04 17:30:00,125.0,6,66,38.7,0,0,0
2026-09-04 17:35:00,124.9,3,67,40.1,0,0,0
2026-09-04 17:40:00,128.7,3,65,39.2,0,0,0
2026-09-04 17:45:00,125.6,17,70,36.3,0,13,35
2026-09-04 17:50:00,123.1,13,69,41.3,0,0,0
2026-09-04 17:55:00,122.6,1,71,44.1,0,0,0
2026-09-04 18:00:00,120.2,409,92,40.0,0,0,0
2026-09-04 18:05:00,121.7,408,94,40.8,0,0,0
2026-09-04 18:10:00,122.2,11,72,45.8,0,0,0
2026-09-04 18:15:00,120.6,11,67,42.9,0,0,0
2026-09-04 18:20:00,121.4,9,66,44.1,0,0,0
2026-09-04 18:25:00,121.5,12,65,43.9,0,0,0
2026-09-04 18:30:00,121.2,10,64,43.2,0,0,0
2026-09-04 18:35:00,124.2,9,67,41.8,0,0,0
2026-09-04 18:40:00,125.5,12,65,43.5,0,0,0
2026-09-04 18:45:00,122.6,8,68,40.4,0,0,0
2026-09-04 18:50:00,120.1,2,68,43.2,0,0,0
2026-09-04 18:55:00,122.0,8,66,39.2,0,0,0
2026-09-04 19:00:00,121.4,7,68,40.3,0,0,0
2026-09-04 19:05:00,122.5,18,66,45.9,0,0,0
2026-09-04 19:10:00,125.5,6,69,42.2,0,0,0
2026-09-04 19:15:00,124.5,8,69,42.3,0,0,0
2026-09-04 19:20:00,127.1,8,66,37.8,0,0,0
2026-09-04 19:25:00,124.0,12,68,42.6,0,0,0
2026-09-04 19:30:00,125.3,15,66,42.3,0,0,0
2026-09-04 19:35:00,126.4,7,63,41.8,0,0,0
2026-09-04 19:40:00,124.8,13,62,40.6,0,0,0
2026-09-04 19:45:00,126.4,14,67,41.9,0,0,0
2026-09-04 19:50:00,125.7,11,65,39.9,0,0,0
2026-09-04 19:55:00,125.9,17,66,37.7,0,0,0
2026-09-04 20:00:00,125.8,13,66,41.8,0,0,0
2026-09-04 20:05:00,126.8,10,65,42.4,0,0,0
2026-09-04 20:10:00,129.6,22,69,40.7,0,0,0
2026-09-04 20:15:00,127.5,12,65,38.9,0,0,0
2026-09-04 20:20:00,130.0,3,67,42.8,0,0,0
2026-09-04 20:25:00,129.0,8,69,40.4,0,0,0
2026-09-04 20:30:00,130.8,12,66,38.8,0,0,0
2026-09-04 20:35:00,129.9,14,71,39.7,0,80,75
2026-09-04 20:40:00,144.6,11,70,42.9,0,0,0
2026-09-04 20:45:00,153.9,452,98,42.3,0,0,0
2026-09-04 20:50:00,158.6,844,117,42.1,0,0,0
2026-09-04 20:55:00,163.9,847,121,43.0,0,0,0
2026-09-04 21:00:00,167.7,451,97,43.0,0,0,0
2026-09-04 21:05:00,169.4,9,62,40.4,0,0,0
2026-09-04 21:10:00,167.5,9,66,43.9,0,0,0
2026-09-04 21:15:00,171.8,10,66,42.1,0,0,0
2026-09-04 21:20:00,169.5,8,70,37.9,0,0,0
2026-09-04 21:25:00,168.0,7,69,39.8,0,0,0
2026-09-04 21:30:00,169.2,7,64,43.8,0,0,0
2026-09-04 21:35:00,165.5,6,73,39.3,0,0,0
2026-09-04 21:40:00,164.1,7,67,43.2,0,0,0
2026-09-04 21:45:00,162.8,7,67,41.6,0,0,0
2026-09-04 21:50:00,163.5,11,65,41.1,0,0,0
2026-09-04 21:55:00,163.6,6,65,42.8,0,0,0
2026-09-04 22:00:00,162.4,10,66,44.4,0,0,0
2026-09-04 22:05:00,159.0,6,62,39.5,0,0,0
2026-09-04 22:10:00,155.7,10,67,42.0,0,0,0
2026-09-04 22:15:00,151.3,9,67,45.5,0,0,0
2026-09-04 22:20:00,151.4,3,64,38.1,0,0,0
2026-09-04 22:25:00,151.2,7,63,40.7,0,0,0
2026-09-04 22:30:00,147.9,6,65,45.0,0,0,0
2026-09-04 22:35:00,146.7,8,65,41.2,0,0,0
2026-09-04 22:40:00,140.4,3,68,42.5,0,0,0
2026-09-04 22:45:00,139.7,7,69,38.6,0,0,0
2026-09-04 22:50:00,138.2,5,64,41.0,0,0,0
2026-09-04 22:55:00,135.4,7,64,41.3,0,0,0
2026-09-04 23:00:00,133.9,9,64,41.0,0,0,0
2026-09-04 23:05:00,136.4,17,68,42.7,0,0,0
2026-09-04 23:10:00,137.6,16,68,45.6,0,0,0
2026-09-04 23:15:00,135.4,4,65,39.3,0,0,0
2026-09-04 23:20:00,133.3,8,67,38.5,0,0,0
2026-09-04 23:25:00,133.2,15,68,42.4,0,0,0
2026-09-04 23:30:00,134.8,8,65,43.2,0,0,0
2026-09-04 23:35:00,133.5,24,66,40.3,0,0,0
2026-09-04 23:40:00,134.8,6,65,43.4,0,0,0
2026-09-04 23:45:00,133.4,8,69,38.9,0,0,0
2026-09-04 23:50:00,130.2,10,67,40.1,0,0,0
2026-09-04 23:55:00,129.7,14,69,38.9,0,0,0
2026-09-05 00:00:00,133.4,6,70,43.3,0,0,0
2026-09-05 00:05:00,133.0,11,63,41.1,0,0,0
2026-09-05 00:10:00,132.7,13,66,44.0,0,0,0
2026-09-05 00:15:00,128.9,13,65,38.4,0,0,0
2026-09-05 00:20:00,131.1,13,66,42.2,0,0,0
2026-09-05 00:25:00,128.4,10,67,41.1,0,0,0
2026-09-05 00:30:00,128.4,15,65,39.3,0,0,0
2026-09-05 00:35:00,127.0,6,65,41.2,0,0,0
2026-09-05 00:40:00,129.2,14,66,41.2,0,0,0
2026-09-05 00:45:00,130.4,12,65,40.4,0,0,0
2026-09-05 00:50:00,129.8,15,67,40.4,0,0,0
2026-09-05 00:55:00,129.7,11,67,38.5,0,0,0
2026-09-05 01:00:00,129.4,11,65,44.1,0,0,0
2026-09-05 01:05:00,125.9,12,67,42.5,0,0,0
2026-09-05 01:10:00,125.7,7,67,44.3,0,0,0
2026-09-05 01:15:00,125.8,5,67,44.0,0,0,0
2026-09-05 01:20:00,126.1,7,68,42.7,0,0,0
2026-09-05 01:25:00,124.2,11,68,39.4,0,0,0
2026-09-05 01:30:00,120.1,4,68,44.1,0,0,0
2026-09-05 01:35:00,121.4,7,66,38.3,0,0,0
2026-09-05 01:40:00,121.9,3,67,40.1,0,0,0
2026-09-05 01:45:00,125.2,0,58,67.3,1,0,0
2026-09-05 01:50:00,127.6,0,60,68.3,1,0,0
2026-09-05 01:55:00,129.4,0,59,65.8,1,0,0
2026-09-05 02:00:00,128.8,0,58,64.5,1,0,0
2026-09-05 02:05:00,124.3,0,58,69.1,1,0,0
2026-09-05 02:10:00,124.4,1,58,65.7,1,0,0
2026-09-05 02:15:00,122.1,0,56,67.8,1,0,0
2026-09-05 02:20:00,126.0,0,60,68.6,1,0,0
2026-09-05 02:25:00,125.6,0,58,63.0,1,0,0
2026-09-05 02:30:00,125.9,1,58,62.4,1,0,0
2026-09-05 02:35:00,126.5,0,61,68.1,1,0,0
2026-09-05 02:40:00,127.0,0,57,68.7,1,0,0
2026-09-05 02:45:00,126.0,1,58,66.5,1,0,0
2026-09-05 02:50:00,128.8,1,55,65.6,1,0,0
2026-09-05 02:55:00,126.6,0,60,66.5,1,0,0
2026-09-05 03:00:00,128.0,0,62,66.5,1,0,0
2026-09-05 03:05:00,126.0,0,60,67.5,1,0,0
2026-09-05 03:10:00,128.4,1,61,66.5,1,0,0
2026-09-05 03:15:00,130.2,1,54,67.0,1,0,0
2026-09-05 03:20:00,131.2,0,61,66.3,1,0,0
2026-09-05 03:25:00,128.7,1,58,68.4,1,0,0
2026-09-05 03:30:00,126.9,0,57,61.1,1,0,0
2026-09-05 03:35:00,130.9,0,59,64.4,1,0,0
2026-09-05 03:40:00,131.4,1,55,67.0,1,0,0
2026-09-05 03:45:00,129.4,1,64,63.2,1,0,0
2026-09-05 03:50:00,130.7,0,55,68.1,1,0,0
2026-09-05 03:55:00,132.6,0,58,64.7,1,0,0
2026-09-05 04:00:00,133.6,0,59,68.3,1,0,0
2026-09-05 04:05:00,132.5,1,60,64.8,1,0,0
2026-09-05 04:10:00,134.0,0,58,67.6,1,0,0
2026-09-05 04:15:00,135.4,1,57,63.6,1,0,0
2026-09-05 04:20:00,137.4,0,63,63.4,1,0,0
2026-09-05 04:25:00,134.4,0,60,66.7,1,0,0
2026-09-05 04:30:00,136.0,0,58,68.4,1,0,0
2026-09-05 04:35:00,133.5,1,62,68.1,1,0,0
2026-09-05 04:40:00,132.7,1,57,70.9,1,0,0
2026-09-05 04:45:00,132.6,1,58,68.4,1,0,0
2026-09-05 04:50:00,132.7,1,58,65.3,1,0,0
2026-09-05 04:55:00,132.0,1,62,64.8,1,0,0
2026-09-05 05:00:00,129.4,0,61,68.4,1,0,0
2026-09-05 05:05:00,131.4,1,60,67.4,1,0,0
2026-09-05 05:10:00,132.3,0,58,65.5,1,0,0
2026-09-05 05:15:00,132.4,1,62,67.2,1,0,0
2026-09-05 05:20:00,131.6,0,58,70.5,1,0,0
2026-09-05 05:25:00,130.9,0,60,67.1,1,0,0
2026-09-05 05:30:00,129.9,0,59,65.8,1,0,0
2026-09-05 05:35:00,127.0,0,62,66.3,1,0,0
2026-09-05 05:40:00,126.0,0,58,69.3,1,0,0
2026-09-05 05:45:00,126.1,0,58,67.7,1,0,0
2026-09-05 05:50:00,122.9,0,57,66.1,1,0,0
2026-09-05 05:55:00,122.9,0,57,65.2,1,0,0
2026-09-05 06:00:00,123.7,0,62,67.7,1,0,0
2026-09-05 06:05:00,127.5,0,60,64.8,1,0,0
2026-09-05 06:10:00,128.4,0,54,66.8,1,0,0
2026-09-05 06:15:00,127.9,0,59,66.7,1,0,0
2026-09-05 06:20:00,126.7,1,59,68.3,1,0,0
2026-09-05 06:25:00,127.1,0,59,67.9,1,0,0
2026-09-05 06:30:00,125.9,10,65,41.7,0,0,0
2026-09-05 06:35:00,126.1,17,70,40.9,0,0,0
2026-09-05 06:40:00,124.2,3,68,43.1,0,0,0
2026-09-05 06:45:00,123.8,8,66,39.6,0,0,0
2026-09-05 06:50:00,122.0,2,63,40.2,0,0,0
2026-09-05 06:55:00,122.0,4,69,41.8,0,0,0
2026-09-05 07:00:00,123.9,5,64,41.1,0,0,0
2026-09-05 07:05:00,120.6,12,64,43.3,0,0,0
2026-09-05 07:10:00,121.6,6,63,41.6,0,0,0
2026-09-05 07:15:00,121.5,8,65,36.1,0,0,0
2026-09-05 07:20:00,121.5,14,67,41.1,0,0,0
2026-09-05 07:25:00,121.1,14,70,42.7,0,0,0
2026-09-05 07:30:00,124.4,7,67,42.1,0,0,0
2026-09-05 07:35:00,125.6,16,68,42.0,0,0,0
2026-09-05 07:40:00,126.5,9,68,41.8,0,0,0
2026-09-05 07:45:00,125.3,5,69,41.0,0,33,50
2026-09-05 07:50:00,125.1,5,68,41.6,0,0,0
2026-09-05 07:55:00,131.5,15,69,44.2,0,0,0
2026-09-05 08:00:00,134.0,5,70,39.7,0,0,0
2026-09-05 08:05:00,135.7,24,73,39.3,0,0,0
2026-09-05 08:10:00,139.7,9,67,45.0,0,0,0
2026-09-05 08:15:00,143.2,8,66,44.8,0,0,0
2026-09-05 08:20:00,141.6,7,69,42.4,0,0,0
2026-09-05 08:25:00,144.4,10,67,42.8,0,0,0
2026-09-05 08:30:00,142.5,9,67,41.6,0,0,0
2026-09-05 08:35:00,141.7,7,66,44.3,0,0,0
2026-09-05 08:40:00,144.0,6,69,44.1,0,0,0
2026-09-05 08:45:00,140.4,4,63,43.2,0,0,0
2026-09-05 08:50:00,138.9,13,67,38.3,0,0,0
2026-09-05 08:55:00,133.6,4,66,42.4,0,0,0
2026-09-05 09:00:00,130.9,12,67,41.0,0,0,0
2026-09-05 09:05:00,132.5,6,68,42.2,0,0,0
2026-09-05 09:10:00,131.9,25,68,39.1,0,0,0
2026-09-05 09:15:00,131.4,2,69,45.4,0,0,0
2026-09-05 09:20:00,133.6,9,68,39.7,0,0,0
2026-09-05 09:25:00,132.8,4,70,38.3,0,0,0
2026-09-05 09:30:00,129.9,6,67,43.1,0,0,0
2026-09-05 09:35:00,129.5,5,65,39.9,0,0,0
2026-09-05 09:40:00,128.7,4,67,38.4,0,0,0
2026-09-05 09:45:00,130.8,5,68,41.2,0,0,0
2026-09-05 09:50:00,130.2,376,89,40.3,0,0,0
2026-09-05 09:55:00,129.7,380,89,40.7,0,0,0
2026-09-05 10:00:00,130.8,8,67,39.1,0,0,0
2026-09-05 10:05:00,129.2,6,63,43.5,0,0,0
2026-09-05 10:10:00,130.9,7,65,37.7,0,0,0
2026-09-05 10:15:00,129.3,4,66,42.6,0,0,0
2026-09-05 10:20:00,125.6,8,64,42.4,0,0,0
2026-09-05 10:25:00,123.5,6,67,40.1,0,0,0
2026-09-05 10:30:00,123.5,10,72,41.4,0,0,0
2026-09-05 10:35:00,124.6,6,67,39.7,0,0,0
2026-09-05 10:40:00,125.1,7,66,41.5,0,0,0
2026-09-05 10:45:00,123.2,9,71,42.5,0,0,0
2026-09-05 10:50:00,121.8,4,64,41.9,0,0,0
2026-09-05 10:55:00,117.8,10,63,41.8,0,0,0
2026-09-05 11:00:00,118.3,7,65,42.1,0,0,0
2026-09-05 11:05:00,118.7,1,65,39.0,0,0,0
2026-09-05 11:10:00,118.1,9,66,43.8,0,0,0
2026-09-05 11:15:00,117.7,10,67,47.4,0,0,0
2026-09-05 11:20:00,118.8,5,65,41.0,0,0,0
2026-09-05 11:25:00,118.0,6,69,43.2,0,0,0
2026-09-05 11:30:00,117.7,15,64,44.0,0,0,0
2026-09-05 11:35:00,120.6,11,67,41.0,0,0,0
2026-09-05 11:40:00,123.1,7,66,39.9,0,0,0
2026-09-05 11:45:00,123.3,6,68,43.0,0,0,0
2026-09-05 11:50:00,121.6,7,67,43.6,0,0,0
2026-09-05 11:55:00,122.4,9,67,40.0,0,0,0
2026-09-05 12:00:00,120.5,10,66,41.8,0,0,0
2026-09-05 12:05:00,122.7,7,66,39.5,0,0,0
2026-09-05 12:10:00,123.6,9,67,41.0,0,0,0
2026-09-05 12:15:00,124.6,11,66,40.0,0,0,0
2026-09-05 12:20:00,123.7,21,68,43.3,0,0,0
2026-09-05 12:25:00,126.9,6,61,39.2,0,0,0
2026-09-05 12:30:00,128.0,6,66,43.9,0,0,0
2026-09-05 12:35:00,128.7,25,67,40.4,0,0,0
2026-09-05 12:40:00,128.3,28,69,42.3,0,0,0
2026-09-05 12:45:00,129.0,4,66,43.5,0,0,0
2026-09-05 12:50:00,130.3,9,69,41.0,0,0,0
2026-09-05 12:55:00,128.5,19,67,40.2,0,0,0
2026-09-05 13:00:00,130.8,12,67,43.9,0,0,0
2026-09-05 13:05:00,130.0,7,64,43.4,0,0,0
2026-09-05 13:10:00,124.6,5,69,42.3,0,57,50
2026-09-05 13:15:00,131.2,5,69,39.3,0,0,0
2026-09-05 13:20:00,139.8,14,71,43.3,0,0,0
2026-09-05 13:25:00,142.0,3,75,43.5,0,0,0
2026-09-05 13:30:00,142.2,10,69,42.7,0,0,0
2026-09-05 13:35:00,145.2,7,68,39.2,0,0,0
2026-09-05 13:40:00,150.7,11,64,42.6,0,0,0
2026-09-05 13:45:00,151.9,4,65,42.6,0,0,0
2026-09-05 13:50:00,154.5,11,66,39.7,0,0,0
2026-09-05 13:55:00,159.0,10,67,38.5,0,0,0
2026-09-05 14:00:00,157.8,2,68,40.5,0,0,0
2026-09-05 14:05:00,158.5,8,69,43.5,0,0,0
2026-09-05 14:10:00,157.7,2,67,35.5,0,0,0
2026-09-05 14:15:00,158.2,6,68,42.5,0,0,0
2026-09-05 14:20:00,157.5,15,64,39.5,0,0,0
2026-09-05 14:25:00,156.1,10,69,36.5,0,0,0
2026-09-05 14:30:00,154.1,2,67,41.4,0,0,0
2026-09-05 14:35:00,152.6,13,69,43.0,0,0,0
2026-09-05 14:40:00,153.0,6,65,40.5,0,0,0
2026-09-05 14:45:00,154.8,6,65,40.6,0,0,0
2026-09-05 14:50:00,149.2,5,66,38.0,0,0,0
2026-09-05 14:55:00,147.2,6,66,40.7,0,0,0
2026-09-05 15:00:00,145.0,9,68,41.9,0,0,0
2026-09-05 15:05:00,145.9,13,65,42.0,0,0,0
2026-09-05 15:10:00,147.1,12,62,38.8,0,0,0
2026-09-05 15:15:00,142.2,6,69,39.9,0,0,0
2026-09-05 15:20:00,139.5,10,65,41.6,0,0,0
2026-09-05 15:25:00,138.8,8,64,41.6,0,0,0
2026-09-05 15:30:00,137.9,6,66,39.5,0,0,0
2026-09-05 15:35:00,135.9,11,68,37.2,0,0,0
2026-09-05 15:40:00,132.6,17,68,41.6,0,0,0
2026-09-05 15:45:00,134.6,11,69,40.6,0,0,0
2026-09-05 15:50:00,133.7,2,69,39.4,0,0,0
2026-09-05 15:55:00,131.1,3,68,42.3,0,0,0
2026-09-05 16:00:00,129.3,9,65,43.0,0,0,0
2026-09-05 16:05:00,130.1,7,67,42.5,0,0,0
2026-09-05 16:10:00,129.1,3,64,42.7,0,0,0
2026-09-05 16:15:00,128.0,7,66,41.3,0,0,0
2026-09-05 16:20:00,131.2,6,64,37.8,0,0,0
2026-09-05 16:25:00,130.6,9,66,41.9,0,0,0
2026-09-05 16:30:00,131.4,10,66,40.3,0,0,0
2026-09-05 16:35:00,134.5,9,69,43.8,0,0,0
2026-09-05 16:40:00,130.8,5,65,41.3,0,0,0
2026-09-05 16:45:00,131.6,3,67,38.4,0,0,0
2026-09-05 16:50:00,133.0,4,65,41.2,0,0,0
2026-09-05 16:55:00,130.7,14,66,38.9,0,0,0
2026-09-05 17:00:00,128.2,8,67,42.1,0,0,0
2026-09-05 17:05:00,128.1,2,66,45.0,0,0,0
2026-09-05 17:10:00,125.1,8,66,42.2,0,0,0
2026-09-05 17:15:00,126.1,1,69,43.3,0,0,0
2026-09-05 17:20:00,125.7,2,66,39.4,0,0,0
2026-09-05 17:25:00,128.1,10,68,40.8,0,0,0
2026-09-05 17:30:00,127.2,14,66,40.7,0,0,0
2026-09-05 17:35:00,126.4,16,65,36.2,0,0,0
2026-09-05 17:40:00,128.6,12,68,37.7,0,0,0
2026-09-05 17:45:00,129.5,11,68,42.9,0,0,0
2026-09-05 17:50:00,129.8,9,65,43.4,0,0,0
2026-09-05 17:55:00,129.6,7,69,40.7,0,0,0
2026-09-05 18:00:00,129.2,6,70,38.4,0,0,0
2026-09-05 18:05:00,130.7,9,70,41.4,0,16,35
2026-09-05 18:10:00,131.9,5,67,41.8,0,0,0
2026-09-05 18:15:00,134.9,8,71,39.4,0,0,0
2026-09-05 18:20:00,136.0,7,66,36.8,0,0,0
2026-09-05 18:25:00,136.0,4,68,41.6,0,0,0
2026-09-05 18:30:00,132.5,13,68,43.2,0,0,0
2026-09-05 18:35:00,130.5,11,65,42.8,0,0,0
2026-09-05 18:40:00,130.0,9,64,42.3,0,0,0
2026-09-05 18:45:00,131.9,11,70,40.6,0,0,0
2026-09-05 18:50:00,133.8,5,67,42.6,0,0,0
2026-09-05 18:55:00,131.2,2,66,43.2,0,0,0
2026-09-05 19:00:00,133.7,11,65,41.6,0,0,0
2026-09-05 19:05:00,134.4,8,67,42.3,0,0,0
2026-09-05 19:10:00,132.3,6,70,39.8,0,0,0
2026-09-05 19:15:00,131.8,10,68,44.7,0,0,0
2026-09-05 19:20:00,131.8,11,66,41.2,0,0,0
2026-09-05 19:25:00,132.0,9,65,41.4,0,0,0
2026-09-05 19:30:00,134.2,13,64,42.9,0,0,0
2026-09-05 19:35:00,136.3,8,63,42.4,0,0,0
2026-09-05 19:40:00,135.0,13,68,43.0,0,0,0
2026-09-05 19:45:00,135.9,6,68,37.5,0,0,0
2026-09-05 19:50:00,131.3,12,66,43.1,0,0,0
2026-09-05 19:55:00,130.3,6,66,40.9,0,0,0
2026-09-05 20:00:00,128.7,13,68,39.5,0,0,0
2026-09-05 20:05:00,126.3,14,65,47.9,0,0,0
2026-09-05 20:10:00,122.6,17,66,40.3,0,0,0
2026-09-05 20:15:00,125.9,6,66,41.1,0,0,0
2026-09-05 20:20:00,127.6,21,67,40.6,0,0,0
2026-09-05 20:25:00,126.7,11,68,39.4,0,0,0
2026-09-05 20:30:00,124.5,21,67,41.5,0,0,0
2026-09-05 20:35:00,122.6,2,68,43.6,0,0,0
2026-09-05 20:40:00,118.3,5,67,40.6,0,0,0
2026-09-05 20:45:00,120.6,8,64,40.3,0,0,0
2026-09-05 20:50:00,125.3,10,66,41.7,0,0,0
2026-09-05 20:55:00,127.4,10,64,40.4,0,0,0
2026-09-05 21:00:00,127.3,21,67,40.2,0,0,0
2026-09-05 21:05:00,127.6,10,68,39.8,0,0,0
2026-09-05 21:10:00,128.5,8,66,43.0,0,0,0
2026-09-05 21:15:00,127.1,6,65,38.3,0,0,0
2026-09-05 21:20:00,125.0,12,69,44.4,0,88,70
2026-09-05 21:25:00,137.9,32,72,40.4,0,0,0
2026-09-05 21:30:00,154.8,2,65,41.5,0,0,0
2026-09-05 21:35:00,166.5,5,67,41.0,0,0,0
2026-09-05 21:40:00,175.4,6,68,39.9,0,0,0
2026-09-05 21:45:00,179.1,13,66,40.1,0,0,0
2026-09-05 21:50:00,182.9,10,65,39.1,0,0,0
2026-09-05 21:55:00,186.4,15,66,40.6,0,0,0
2026-09-05 22:00:00,189.4,8,69,42.2,0,0,0
2026-09-05 22:05:00,190.0,7,67,43.0,0,0,0
2026-09-05 22:10:00,190.7,6,69,43.6,0,0,0
2026-09-05 22:15:00,189.4,8,66,41.4,0,0,0
2026-09-05 22:20:00,182.8,6,64,41.1,0,0,0
2026-09-05 22:25:00,181.4,7,69,40.8,0,0,0
2026-09-05 22:30:00,180.7,7,65,39.3,0,0,0
2026-09-05 22:35:00,177.7,4,67,37.3,0,0,0
2026-09-05 22:40:00,171.6,4,63,42.5,0,0,0
2026-09-05 22:45:00,170.3,4,65,39.9,0,0,0
2026-09-05 22:50:00,167.7,9,67,38.6,0,0,0
2026-09-05 22:55:00,164.6,9,66,46.8,0,0,0
2026-09-05 23:00:00,162.0,6,66,39.2,0,0,0
2026-09-05 23:05:00,161.6,2,68,37.1,0,0,0
2026-09-05 23:10:00,158.1,12,66,44.1,0,0,0
2026-09-05 23:15:00,155.3,3,66,40.1,0,0,0
2026-09-05 23:20:00,153.0,13,70,44.2,0,0,0
2026-09-05 23:25:00,146.6,8,69,41.8,0,0,0
2026-09-05 23:30:00,141.6,11,68,42.8,0,0,0
2026-09-05 23:35:00,142.2,7,63,44.7,0,0,0
2026-09-05 23:40:00,137.8,13,66,42.4,0,0,0
2026-09-05 23:45:00,140.4,3,62,38.3,0,0,0
2026-09-05 23:50:00,140.4,7,66,42.9,0,0,0
2026-09-05 23:55:00,142.0,1,57,66.8,1,0,0
2026-09-06 00:00:00,144.5,0,61,63.6,1,0,0
2026-09-06 00:05:00,142.1,0,57,64.2,1,0,0
2026-09-06 00:10:00,141.1,0,58,65.8,1,0,0
2026-09-06 00:15:00,139.3,0,57,63.9,1,0,0
2026-09-06 00:20:00,138.0,3,57,63.7,1,0,0
2026-09-06 00:25:00,141.6,0,58,65.5,1,0,0
2026-09-06 00:30:00,141.8,2,62,62.6,1,0,0
2026-09-06 00:35:00,137.7,0,52,63.5,1,0,0
2026-09-06 00:40:00,134.5,0,62,62.5,1,0,0
2026-09-06 00:45:00,131.2,2,58,63.0,1,0,0
2026-09-06 00:50:00,127.5,0,57,61.5,1,0,0
2026-09-06 00:55:00,125.6,0,60,61.0,1,0,0
2026-09-06 01:00:00,129.3,1,57,62.3,1,0,0
2026-09-06 01:05:00,129.2,0,55,66.1,1,0,0
2026-09-06 01:10:00,131.8,0,58,65.3,1,0,0
2026-09-06 01:15:00,129.0,0,61,64.5,1,0,0
2026-09-06 01:20:00,127.3,0,53,65.3,1,0,0
2026-09-06 01:25:00,129.8,0,61,64.4,1,0,0
2026-09-06 01:30:00,131.4,0,57,67.4,1,0,0
2026-09-06 01:35:00,133.5,0,56,64.3,1,0,0
2026-09-06 01:40:00,134.2,0,56,66.1,1,0,0
2026-09-06 01:45:00,137.3,0,59,65.1,1,0,0
2026-09-06 01:50:00,139.8,0,55,65.6,1,0,0
2026-09-06 01:55:00,136.3,0,57,64.0,1,0,0
2026-09-06 02:00:00,136.3,1,56,62.4,1,0,0
2026-09-06 02:05:00,133.9,0,59,64.8,1,0,0
2026-09-06 02:10:00,133.8,0,60,59.9,1,0,0
2026-09-06 02:15:00,133.1,0,56,66.2,1,0,0
2026-09-06 02:20:00,131.6,0,55,60.1,1,0,0
2026-09-06 02:25:00,134.8,0,59,61.9,1,0,0
2026-09-06 02:30:00,132.2,0,55,64.6,1,0,0
2026-09-06 02:35:00,132.2,0,58,65.8,1,0,0
2026-09-06 02:40:00,131.7,1,55,63.9,1,0,0
2026-09-06 02:45:00,133.1,0,54,64.9,1,0,0
2026-09-06 02:50:00,131.5,0,60,68.5,1,0,0
2026-09-06 02:55:00,133.3,0,63,62.9,1,0,0
2026-09-06 03:00:00,131.9,1,60,66.5,1,0,0
2026-09-06 03:05:00,132.2,0,59,63.9,1,0,0
2026-09-06 03:10:00,130.0,1,55,66.1,1,0,0
2026-09-06 03:15:00,126.4,0,54,65.2,1,0,0
2026-09-06 03:20:00,124.4,0,56,65.3,1,0,0
2026-09-06 03:25:00,124.0,0,62,66.4,1,0,0
2026-09-06 03:30:00,127.6,0,56,63.9,1,0,0
2026-09-06 03:35:00,127.3,0,60,66.0,1,0,0
2026-09-06 03:40:00,126.9,0,56,65.9,1,0,0
2026-09-06 03:45:00,126.6,0,56,61.4,1,0,0
2026-09-06 03:50:00,128.5,0,59,65.0,1,0,0
2026-09-06 03:55:00,128.1,0,61,65.2,1,0,0
2026-09-06 04:00:00,127.8,0,57,62.5,1,0,0
2026-09-06 04:05:00,124.5,1,55,66.4,1,0,0
2026-09-06 04:10:00,128.2,0,56,63.7,1,0,0
2026-09-06 04:15:00,127.0,0,57,66.7,1,0,0
2026-09-06 04:20:00,127.5,1,58,65.2,1,0,0
2026-09-06 04:25:00,127.7,0,56,64.7,1,0,0
2026-09-06 04:30:00,129.5,0,61,66.1,1,0,0
2026-09-06 04:35:00,131.5,0,59,66.5,1,0,0
2026-09-06 04:40:00,135.4,0,59,66.7,1,0,0
2026-09-06 04:45:00,133.6,0,59,67.0,1,0,0
2026-09-06 04:50:00,131.9,0,61,64.9,1,0,0
2026-09-06 04:55:00,132.9,0,58,63.1,1,0,0
2026-09-06 05:00:00,132.5,2,57,61.2,1,0,0
2026-09-06 05:05:00,133.8,0,59,61.2,1,0,0
2026-09-06 05:10:00,131.2,1,60,63.5,1,0,0
2026-09-06 05:15:00,134.3,0,54,65.3,1,0,0
2026-09-06 05:20:00,135.0,0,56,69.3,1,0,0
2026-09-06 05:25:00,139.3,1,59,63.0,1,0,0
2026-09-06 05:30:00,142.2,1,60,64.6,1,0,0
2026-09-06 05:35:00,142.2,0,59,64.3,1,0,0
2026-09-06 05:40:00,142.1,0,57,67.6,1,0,0
2026-09-06 05:45:00,140.4,0,56,62.2,1,0,0
2026-09-06 05:50:00,138.4,1,61,62.3,1,0,0
2026-09-06 05:55:00,134.7,1,59,62.4,1,0,0
2026-09-06 06:00:00,136.8,0,58,66.0,1,0,0
2026-09-06 06:05:00,134.4,19,66,40.0,0,0,0
2026-09-06 06:10:00,134.6,6,64,41.5,0,0,0
2026-09-06 06:15:00,132.9,3,68,40.7,0,0,0
2026-09-06 06:20:00,133.9,10,65,38.5,0,0,0
2026-09-06 06:25:00,132.1,17,66,38.7,0,0,0
2026-09-06 06:30:00,131.6,7,67,41.5,0,0,0
2026-09-06 06:35:00,132.7,16,67,46.2,0,0,0
2026-09-06 06:40:00,135.1,0,67,37.7,0,0,0
2026-09-06 06:45:00,137.7,9,67,40.3,0,0,0
2026-09-06 06:50:00,137.9,7,64,36.4,0,0,0
2026-09-06 06:55:00,139.9,3,65,37.1,0,0,0
2026-09-06 07:00:00,140.0,1,64,39.0,0,0,0
2026-09-06 07:05:00,137.2,15,69,39.7,0,0,0
2026-09-06 07:10:00,136.8,9,64,40.4,0,0,0
2026-09-06 07:15:00,136.0,12,69,40.3,0,0,0
2026-09-06 07:20:00,134.6,8,64,38.7,0,0,0
2026-09-06 07:25:00,135.3,7,64,41.5,0,0,0
2026-09-06 07:30:00,134.7,25,66,44.9,0,0,0
2026-09-06 07:35:00,130.8,7,67,38.5,0,0,0
2026-09-06 07:40:00,126.1,15,69,36.6,0,0,0
2026-09-06 07:45:00,122.7,8,67,40.4,0,0,0
2026-09-06 07:50:00,126.9,13,64,43.4,0,0,0
2026-09-06 07:55:00,128.5,7,64,39.6,0,0,0
2026-09-06 08:00:00,125.6,10,70,40.5,0,36,50
2026-09-06 08:05:00,132.3,9,70,40.3,0,0,0
2026-09-06 08:10:00,134.2,12,69,40.1,0,0,0
2026-09-06 08:15:00,138.3,368,88,39.2,0,0,0
2026-09-06 08:20:00,137.3,370,94,39.0,0,0,0
2026-09-06 08:25:00,137.9,19,66,38.3,0,0,0
2026-09-06 08:30:00,139.7,7,68,37.9,0,0,0
2026-09-06 08:35:00,142.3,6,67,45.2,0,0,0
2026-09-06 08:40:00,142.7,8,65,39.2,0,0,0
2026-09-06 08:45:00,141.1,8,65,43.2,0,0,0
2026-09-06 08:50:00,139.8,7,70,39.2,0,0,0
2026-09-06 08:55:00,141.3,520,99,40.2,0,0,0
2026-09-06 09:00:00,142.1,513,98,40.7,0,0,0
2026-09-06 09:05:00,141.4,517,98,39.9,0,0,0
2026-09-06 09:10:00,139.3,528,100,40.6,0,0,0
2026-09-06 09:15:00,138.9,5,68,41.1,0,0,0
2026-09-06 09:20:00,140.7,13,64,44.9,0,0,0
2026-09-06 09:25:00,140.1,11,67,40.2,0,0,0
2026-09-06 09:30:00,142.0,12,64,38.2,0,0,0
2026-09-06 09:35:00,140.4,12,68,41.4,0,0,0
2026-09-06 09:40:00,139.6,5,66,42.4,0,0,0
2026-09-06 09:45:00,140.7,13,66,38.1,0,0,0
2026-09-06 09:50:00,141.7,6,64,38.5,0,0,0
2026-09-06 09:55:00,141.0,4,65,42.7,0,0,0
2026-09-06 10:00:00,138.8,3,62,42.9,0,0,0
2026-09-06 10:05:00,139.5,8,64,40.6,0,0,0
2026-09-06 10:10:00,139.8,11,66,38.6,0,0,0
2026-09-06 10:15:00,139.0,6,65,36.9,0,0,0
2026-09-06 10:20:00,135.6,6,65,38.3,0,0,0
2026-09-06 10:25:00,131.8,12,65,41.5,0,0,0
2026-09-06 10:30:00,130.0,3,69,38.1,0,0,0
2026-09-06 10:35:00,131.8,8,66,39.1,0,0,0
2026-09-06 10:40:00,131.2,7,68,43.1,0,0,0
2026-09-06 10:45:00,129.8,11,67,38.7,0,0,0
2026-09-06 10:50:00,130.0,6,67,41.1,0,0,0
2026-09-06 10:55:00,131.4,5,68,39.0,0,0,0
2026-09-06 11:00:00,131.9,5,65,38.5,0,0,0
2026-09-06 11:05:00,129.4,4,64,39.5,0,0,0
2026-09-06 11:10:00,127.6,4,65,38.7,0,0,0
2026-09-06 11:15:00,130.0,6,66,38.6,0,0,0
2026-09-06 11:20:00,130.6,19,69,38.9,0,0,0
2026-09-06 11:25:00,129.8,14,68,41.4,0,0,0
2026-09-06 11:30:00,129.0,9,66,38.1,0,0,0
2026-09-06 11:35:00,130.5,14,72,39.6,0,0,0
2026-09-06 11:40:00,129.0,8,66,38.4,0,0,0
2026-09-06 11:45:00,127.5,1,66,40.6,0,0,0
2026-09-06 11:50:00,126.2,10,64,37.5,0,0,0
2026-09-06 11:55:00,125.8,5,68,41.1,0,0,0
2026-09-06 12:00:00,127.1,8,65,35.3,0,0,0
2026-09-06 12:05:00,126.0,14,68,39.2,0,0,0
2026-09-06 12:10:00,122.7,8,69,42.4,0,0,0
2026-09-06 12:15:00,123.9,8,66,39.4,0,0,0
2026-09-06 12:20:00,121.9,3,61,36.9,0,0,0
2026-09-06 12:25:00,123.3,7,67,41.8,0,0,0
2026-09-06 12:30:00,120.4,5,67,37.8,0,0,0
2026-09-06 12:35:00,121.3,3,68,39.6,0,0,0
2026-09-06 12:40:00,117.9,16,65,38.8,0,0,0
2026-09-06 12:45:00,116.4,4,68,43.1,0,0,0
2026-09-06 12:50:00,118.1,6,68,40.3,0,0,0
2026-09-06 12:55:00,118.6,10,64,38.9,0,0,0
2026-09-06 13:00:00,121.6,27,67,38.1,0,0,0
2026-09-06 13:05:00,123.9,9,66,40.1,0,0,0
2026-09-06 13:10:00,120.1,13,67,41.7,0,0,0
2026-09-06 13:15:00,121.5,2,67,39.0,0,0,0
2026-09-06 13:20:00,125.5,15,65,39.0,0,0,0
2026-09-06 13:25:00,125.3,13,68,38.0,0,59,50
2026-09-06 13:30:00,130.9,10,73,38.2,0,0,0
2026-09-06 13:35:00,136.9,5,70,40.2,0,0,0
2026-09-06 13:40:00,138.7,469,96,39.0,0,0,0
2026-09-06 13:45:00,141.0,472,96,42.8,0,0,0
2026-09-06 13:50:00,142.0,6,71,43.4,0,0,0
2026-09-06 13:55:00,145.3,4,66,40.7,0,0,0
2026-09-06 14:00:00,145.7,8,71,43.0,0,0,0
2026-09-06 14:05:00,146.4,25,66,41.2,0,0,0
2026-09-06 14:10:00,146.7,6,67,41.6,0,0,0
2026-09-06 14:15:00,145.7,7,67,41.3,0,0,0
2026-09-06 14:20:00,144.6,2,66,40.2,0,0,0
2026-09-06 14:25:00,143.3,4,66,40.3,0,0,0
2026-09-06 14:30:00,143.6,4,66,41.4,0,0,0
2026-09-06 14:35:00,147.9,17,65,37.5,0,0,0
2026-09-06 14:40:00,149.4,12,64,40.2,0,0,0
2026-09-06 14:45:00,149.7,14,65,38.8,0,0,0
2026-09-06 14:50:00,146.0,5,71,37.7,0,0,0
2026-09-06 14:55:00,141.7,3,66,39.1,0,0,0
2026-09-06 15:00:00,142.5,12,67,42.5,0,0,0
2026-09-06 15:05:00,142.2,3,62,38.6,0,0,0
2026-09-06 15:10:00,141.5,17,67,39.4,0,0,0
2026-09-06 15:15:00,140.4,4,66,41.7,0,0,0
2026-09-06 15:20:00,138.4,9,69,36.4,0,0,0
2026-09-06 15:25:00,135.6,10,66,36.0,0,0,0
2026-09-06 15:30:00,135.0,8,65,41.1,0,0,0
2026-09-06 15:35:00,135.2,8,68,38.5,0,0,0
2026-09-06 15:40:00,138.9,9,68,40.2,0,0,0
2026-09-06 15:45:00,134.8,5,66,41.8,0,0,0
2026-09-06 15:50:00,134.0,1,63,37.8,0,0,0
2026-09-06 15:55:00,131.5,7,68,39.9,0,0,0
2026-09-06 16:00:00,132.7,9,69,39.7,0,0,0
2026-09-06 16:05:00,134.9,11,62,41.2,0,0,0
2026-09-06 16:10:00,136.7,19,68,41.9,0,0,0
2026-09-06 16:15:00,135.8,6,63,38.3,0,0,0
2026-09-06 16:20:00,135.6,8,73,37.5,0,13,35
2026-09-06 16:25:00,140.1,8,70,39.3,0,0,0
2026-09-06 16:30:00,140.3,5,69,43.2,0,0,0
2026-09-06 16:35:00,138.4,4,70,38.3,0,0,0
2026-09-06 16:40:00,139.2,14,66,43.4,0,0,0
2026-09-06 16:45:00,139.3,13,71,42.2,0,0,0
2026-09-06 16:50:00,137.9,16,65,38.4,0,0,0
2026-09-06 16:55:00,140.8,6,68,36.4,0,0,0
2026-09-06 17:00:00,142.0,4,68,39.2,0,0,0
2026-09-06 17:05:00,143.1,9,64,41.0,0,0,0
2026-09-06 17:10:00,143.8,4,67,40.0,0,0,0
2026-09-06 17:15:00,140.9,6,68,43.5,0,0,0
2026-09-06 17:20:00,141.9,4,67,37.7,0,0,0
2026-09-06 17:25:00,142.3,6,67,39.4,0,0,0
2026-09-06 17:30:00,140.1,9,66,42.1,0,0,0
2026-09-06 17:35:00,140.3,6,70,38.8,0,0,0
2026-09-06 17:40:00,137.8,6,64,40.9,0,0,0
2026-09-06 17:45:00,137.4,5,65,42.0,0,0,0
2026-09-06 17:50:00,136.9,10,63,41.3,0,0,0
2026-09-06 17:55:00,133.5,4,65,39.5,0,0,0
2026-09-06 18:00:00,129.3,7,64,39.4,0,0,0
2026-09-06 18:05:00,130.2,14,66,41.7,0,0,0
2026-09-06 18:10:00,130.4,11,67,38.6,0,0,0
2026-09-06 18:15:00,128.5,11,65,41.7,0,0,0
2026-09-06 18:20:00,131.9,10,65,39.5,0,0,0
2026-09-06 18:25:00,131.7,5,66,37.8,0,0,0
2026-09-06 18:30:00,130.6,8,63,40.3,0,0,0
2026-09-06 18:35:00,127.1,15,65,40.3,0,0,0
2026-09-06 18:40:00,123.9,15,67,41.8,0,0,0
2026-09-06 18:45:00,125.6,7,68,38.4,0,0,0
2026-09-06 18:50:00,124.2,11,69,39.0,0,0,0
2026-09-06 18:55:00,125.4,8,68,37.4,0,0,0
2026-09-06 19:00:00,128.3,10,69,39.9,0,0,0
2026-09-06 19:05:00,129.1,8,65,36.2,0,0,0
2026-09-06 19:10:00,131.9,12,62,40.1,0,0,0
2026-09-06 19:15:00,134.0,8,64,38.3,0,0,0
2026-09-06 19:20:00,132.2,7,67,43.4,0,0,0
2026-09-06 19:25:00,128.1,12,65,40.0,0,0,0
2026-09-06 19:30:00,130.5,9,68,39.2,0,0,0
2026-09-06 19:35:00,130.7,3,66,41.2,0,0,0
2026-09-06 19:40:00,129.1,8,64,37.4,0,0,0
2026-09-06 19:45:00,128.4,19,68,41.7,0,0,0
2026-09-06 19:50:00,129.0,5,66,41.3,0,0,0
2026-09-06 19:55:00,123.9,8,70,39.2,0,0,0
2026-09-06 20:00:00,123.5,15,64,35.8,0,0,0
2026-09-06 20:05:00,123.3,8,67,36.5,0,0,0
2026-09-06 20:10:00,122.4,2,66,42.6,0,0,0
2026-09-06 20:15:00,124.9,17,63,42.4,0,0,0
2026-09-06 20:20:00,123.7,9,64,38.8,0,0,0
2026-09-06 20:25:00,122.3,4,66,41.3,0,0,0
2026-09-06 20:30:00,122.8,11,66,41.1,0,0,0
2026-09-06 20:35:00,121.9,10,68,35.8,0,0,0
2026-09-06 20:40:00,121.6,5,66,35.9,0,0,0
2026-09-06 20:45:00,123.6,14,66,41.0,0,0,0
2026-09-06 20:50:00,123.5,3,67,39.6,0,0,0
2026-09-06 20:55:00,124.8,14,66,39.2,0,0,0
2026-09-06 21:00:00,128.7,7,64,36.6,0,0,0
2026-09-06 21:05:00,127.7,4,68,38.2,0,0,0
2026-09-06 21:10:00,124.0,9,68,37.6,0,0,0
2026-09-06 21:15:00,128.8,10,67,39.1,0,0,0
2026-09-06 21:20:00,126.6,7,67,37.9,0,0,0
2026-09-06 21:25:00,128.5,7,69,42.9,0,0,0
2026-09-06 21:30:00,126.7,17,66,42.3,0,0,0
2026-09-06 21:35:00,125.9,9,66,45.7,0,0,0
2026-09-06 21:40:00,128.5,15,66,40.6,0,0,0
2026-09-06 21:45:00,128.5,1,67,42.2,0,0,0
2026-09-06 21:50:00,130.8,8,70,40.2,0,0,0
2026-09-06 21:55:00,133.6,6,65,41.0,0,0,0
2026-09-06 22:00:00,130.4,4,63,41.5,0,0,0
2026-09-06 22:05:00,130.9,14,65,39.9,0,0,0
2026-09-06 22:10:00,129.8,10,68,37.4,0,0,0
2026-09-06 22:15:00,130.0,13,65,39.8,0,0,0
2026-09-06 22:20:00,128.2,7,70,39.4,0,0,0
2026-09-06 22:25:00,128.5,10,69,42.9,0,0,0
2026-09-06 22:30:00,131.9,13,65,44.2,0,0,0
2026-09-06 22:35:00,130.4,14,65,37.3,0,0,0
2026-09-06 22:40:00,132.2,4,67,38.4,0,0,0
2026-09-06 22:45:00,131.2,6,66,38.8,0,0,0
2026-09-06 22:50:00,130.8,4,68,41.4,0,0,0
2026-09-06 22:55:00,125.8,14,68,40.9,0,0,0
2026-09-06 23:00:00,127.3,7,65,41.9,0,0,0
2026-09-06 23:05:00,128.5,4,69,38.7,0,0,0
2026-09-06 23:10:00,128.4,9,67,41.6,0,0,0
2026-09-06 23:15:00,128.8,14,68,38.9,0,0,0
2026-09-06 23:20:00,127.6,4,64,41.3,0,0,0
2026-09-06 23:25:00,129.2,7,68,43.2,0,0,0
2026-09-06 23:30:00,129.4,9,65,39.4,0,0,0
2026-09-06 23:35:00,128.7,6,63,37.4,0,0,0
2026-09-06 23:40:00,128.8,16,66,39.4,0,0,0
2026-09-06 23:45:00,127.9,14,67,40.8,0,0,0
2026-09-06 23:50:00,130.5,14,69,41.2,0,0,0
2026-09-06 23:55:00,132.0,2,67,42.6,0,0,0
2026-09-07 00:00:00,121.2,6,62,40.3,0,0,0
2026-09-07 00:05:00,122.3,0,58,69.5,1,0,0
2026-09-07 00:10:00,118.6,1,64,67.8,1,0,0
2026-09-07 00:15:00,117.6,0,61,69.7,1,0,0
2026-09-07 00:20:00,117.6,0,56,69.2,1,0,0
2026-09-07 00:25:00,119.2,0,61,69.1,1,0,0
2026-09-07 00:30:00,119.5,1,58,67.3,1,0,0
2026-09-07 00:35:00,121.8,0,61,66.6,1,0,0
2026-09-07 00:40:00,120.7,1,57,72.0,1,0,0
2026-09-07 00:45:00,122.9,0,59,67.8,1,0,0
2026-09-07 00:50:00,122.0,0,58,68.7,1,0,0
2026-09-07 00:55:00,119.2,0,59,68.4,1,0,0
2026-09-07 01:00:00,120.1,0,59,68.9,1,0,0
2026-09-07 01:05:00,116.9,0,59,69.0,1,0,0
2026-09-07 01:10:00,118.8,1,56,69.9,1,0,0
2026-09-07 01:15:00,121.4,0,55,67.7,1,0,0
2026-09-07 01:20:00,119.5,0,55,68.1,1,0,0
2026-09-07 01:25:00,120.1,0,55,69.2,1,0,0
2026-09-07 01:30:00,119.8,0,57,64.7,1,0,0
2026-09-07 01:35:00,121.6,0,57,69.5,1,0,0
2026-09-07 01:40:00,121.3,0,60,66.2,1,0,0
2026-09-07 01:45:00,121.5,0,55,67.2,1,0,0
2026-09-07 01:50:00,117.9,0,62,66.8,1,0,0
2026-09-07 01:55:00,119.4,0,58,68.2,1,0,0
2026-09-07 02:00:00,119.2,0,59,66.1,1,0,0
2026-09-07 02:05:00,123.7,0,56,66.1,1,0,0
2026-09-07 02:10:00,123.6,0,56,67.7,1,0,0
2026-09-07 02:15:00,121.3,0,59,71.3,1,0,0
2026-09-07 02:20:00,120.1,1,56,68.9,1,0,0
2026-09-07 02:25:00,122.6,0,56,70.0,1,0,0
2026-09-07 02:30:00,124.6,0,58,71.5,1,0,0
2026-09-07 02:35:00,126.4,0,55,68.8,1,0,0
2026-09-07 02:40:00,125.7,0,59,67.9,1,0,0
2026-09-07 02:45:00,124.2,0,58,69.5,1,0,0
2026-09-07 02:50:00,124.5,0,59,67.9,1,0,0
2026-09-07 02:55:00,128.7,1,56,67.8,1,0,0
2026-09-07 03:00:00,128.7,0,57,73.2,1,0,0
2026-09-07 03:05:00,130.0,2,64,68.0,1,0,0
2026-09-07 03:10:00,130.1,1,60,68.5,1,0,0
2026-09-07 03:15:00,129.8,3,57,68.4,1,0,0
2026-09-07 03:20:00,129.3,1,58,71.8,1,0,0
2026-09-07 03:25:00,128.9,0,56,66.1,1,0,0
2026-09-07 03:30:00,130.4,2,59,70.7,1,0,0
2026-09-07 03:35:00,129.6,0,56,69.6,1,0,0
2026-09-07 03:40:00,130.2,0,57,67.2,1,0,0
2026-09-07 03:45:00,128.3,1,57,66.2,1,0,0
2026-09-07 03:50:00,126.8,0,59,69.4,1,0,0
2026-09-07 03:55:00,126.9,0,56,67.1,1,0,0
2026-09-07 04:00:00,125.0,1,57,65.4,1,0,0
2026-09-07 04:05:00,128.1,0,58,66.4,1,0,0
2026-09-07 04:10:00,127.4,0,56,71.6,1,0,0
2026-09-07 04:15:00,124.5,0,56,71.0,1,0,0
2026-09-07 04:20:00,123.4,0,59,69.0,1,0,0
2026-09-07 04:25:00,122.8,0,54,72.7,1,0,0
2026-09-07 04:30:00,123.5,0,56,66.1,1,0,0
2026-09-07 04:35:00,125.0,2,60,68.5,1,0,0
2026-09-07 04:40:00,119.8,0,60,66.1,1,0,0
2026-09-07 04:45:00,119.1,1,60,68.0,1,0,0
2026-09-07 04:50:00,120.9,0,60,67.5,1,0,0
2026-09-07 04:55:00,118.6,0,58,69.7,1,0,0
2026-09-07 05:00:00,120.3,2,56,64.7,1,0,0
2026-09-07 05:05:00,119.2,0,56,68.5,1,0,0
2026-09-07 05:10:00,119.6,0,57,70.4,1,0,0
2026-09-07 05:15:00,117.1,0,60,69.6,1,0,0
2026-09-07 05:20:00,117.5,0,60,66.8,1,0,0
2026-09-07 05:25:00,118.2,1,58,67.3,1,0,0
2026-09-07 05:30:00,118.6,2,57,71.6,1,0,0
2026-09-07 05:35:00,117.9,0,61,67.4,1,0,0
2026-09-07 05:40:00,120.4,0,59,67.1,1,0,0
2026-09-07 05:45:00,124.1,0,56,67.7,1,0,0
2026-09-07 05:50:00,124.8,1,62,71.2,1,0,0
2026-09-07 05:55:00,123.9,1,62,71.3,1,0,0
2026-09-07 06:00:00,125.3,0,60,68.3,1,0,0
2026-09-07 06:05:00,126.2,1,56,68.8,1,0,0
2026-09-07 06:10:00,127.2,0,59,69.2,1,0,0
2026-09-07 06:15:00,127.8,0,58,67.6,1,0,0
2026-09-07 06:20:00,126.0,0,59,69.1,1,0,0
2026-09-07 06:25:00,122.8,1,58,70.5,1,0,0
2026-09-07 06:30:00,125.1,0,56,67.4,1,0,0
2026-09-07 06:35:00,128.1,0,55,68.5,1,0,0
2026-09-07 06:40:00,131.0,0,59,68.5,1,0,0
2026-09-07 06:45:00,131.1,5,66,43.0,0,0,0
2026-09-07 06:50:00,132.0,6,66,43.9,0,0,0
2026-09-07 06:55:00,132.7,17,65,42.7,0,0,0
2026-09-07 07:00:00,131.2,9,68,39.6,0,0,0
2026-09-07 07:05:00,131.7,4,66,44.1,0,0,0
2026-09-07 07:10:00,131.4,7,68,42.5,0,0,0
2026-09-07 07:15:00,130.6,17,67,44.0,0,0,0
2026-09-07 07:20:00,127.5,7,67,43.0,0,0,0
2026-09-07 07:25:00,125.0,4,65,41.6,0,0,0
2026-09-07 07:30:00,123.9,3,65,40.6,0,0,0
2026-09-07 07:35:00,123.2,9,65,42.1,0,0,0
2026-09-07 07:40:00,127.7,14,74,41.3,0,54,65
2026-09-07 07:45:00,136.2,8,69,46.0,0,0,0
2026-09-07 07:50:00,143.8,17,67,42.4,0,0,0
2026-09-07 07:55:00,145.1,16,67,42.7,0,0,0
2026-09-07 08:00:00,148.9,25,71,46.3,0,0,0
2026-09-07 08:05:00,149.1,19,72,41.1,0,0,0
2026-09-07 08:10:00,153.8,18,65,39.9,0,0,0
2026-09-07 08:15:00,157.1,28,69,41.4,0,0,0
2026-09-07 08:20:00,155.9,536,95,39.2,0,0,0
2026-09-07 08:25:00,154.6,536,98,42.7,0,0,0
2026-09-07 08:30:00,155.5,543,102,39.0,0,0,0
2026-09-07 08:35:00,153.9,9,66,43.8,0,0,0
2026-09-07 08:40:00,153.3,8,68,43.9,0,0,0
2026-09-07 08:45:00,149.7,6,62,44.3,0,0,0
2026-09-07 08:50:00,145.9,16,68,38.8,0,0,0
2026-09-07 08:55:00,148.2,17,65,42.5,0,0,0
2026-09-07 09:00:00,148.2,8,65,42.7,0,0,0
2026-09-07 09:05:00,147.4,9,66,42.9,0,0,0
2026-09-07 09:10:00,148.6,8,66,43.4,0,0,0
2026-09-07 09:15:00,151.7,5,65,43.0,0,0,0
2026-09-07 09:20:00,154.3,3,65,39.4,0,0,0
2026-09-07 09:25:00,151.7,6,65,42.4,0,0,0
2026-09-07 09:30:00,148.1,17,68,43.4,0,0,0
2026-09-07 09:35:00,149.4,20,69,42.0,0,0,0
2026-09-07 09:40:00,148.2,3,68,40.8,0,0,0
2026-09-07 09:45:00,148.7,0,65,41.3,0,0,0
2026-09-07 09:50:00,145.0,11,68,39.3,0,0,0
2026-09-07 09:55:00,144.5,8,63,43.7,0,0,0
2026-09-07 10:00:00,142.5,14,70,41.3,0,0,0
2026-09-07 10:05:00,141.9,5,68,42.3,0,0,0
2026-09-07 10:10:00,139.5,20,69,43.5,0,0,0
2026-09-07 10:15:00,138.8,27,70,45.2,0,0,0
2026-09-07 10:20:00,138.0,9,70,40.2,0,0,0
2026-09-07 10:25:00,135.5,8,67,39.3,0,0,0
2026-09-07 10:30:00,133.5,18,64,43.8,0,0,0
2026-09-07 10:35:00,134.7,4,68,39.4,0,0,0
2026-09-07 10:40:00,130.7,6,67,40.6,0,0,0
2026-09-07 10:45:00,127.7,13,69,39.4,0,0,0
2026-09-07 10:50:00,130.3,5,67,45.3,0,0,0
2026-09-07 10:55:00,131.7,18,72,42.3,0,0,0
2026-09-07 11:00:00,132.8,3,64,42.7,0,0,0
2026-09-07 11:05:00,133.6,12,68,42.0,0,0,0
2026-09-07 11:10:00,130.6,2,66,43.8,0,0,0
2026-09-07 11:15:00,129.5,12,66,42.5,0,0,0
2026-09-07 11:20:00,130.5,2,65,43.1,0,0,0
2026-09-07 11:25:00,130.9,14,64,44.5,0,0,0
2026-09-07 11:30:00,129.4,6,66,44.3,0,0,0
2026-09-07 11:35:00,128.7,11,64,39.4,0,0,0
2026-09-07 11:40:00,123.9,9,67,41.6,0,0,0
2026-09-07 11:45:00,123.4,7,65,41.9,0,0,0
2026-09-07 11:50:00,121.3,8,64,44.4,0,0,0
2026-09-07 11:55:00,122.2,12,65,43.2,0,0,0
2026-09-07 12:00:00,119.2,1,66,41.2,0,0,0
2026-09-07 12:05:00,119.3,6,68,41.0,0,0,0
2026-09-07 12:10:00,122.7,3,65,42.0,0,0,0
2026-09-07 12:15:00,122.8,8,67,41.9,0,0,0
2026-09-07 12:20:00,122.5,22,69,42.7,0,0,0
2026-09-07 12:25:00,118.1,8,67,42.7,0,0,0
2026-09-07 12:30:00,118.4,9,71,41.2,0,0,0
2026-09-07 12:35:00,116.7,7,68,40.5,0,0,0
2026-09-07 12:40:00,114.5,7,68,40.3,0,0,0
2026-09-07 12:45:00,114.7,14,67,40.5,0,0,0
2026-09-07 12:50:00,115.7,8,67,42.9,0,0,0
2026-09-07 12:55:00,113.9,6,68,44.7,0,0,0
2026-09-07 13:00:00,114.6,10,67,44.1,0,0,0
2026-09-07 13:05:00,114.0,16,68,39.2,0,0,0
2026-09-07 13:10:00,116.3,19,70,42.5,0,0,0
2026-09-07 13:15:00,117.9,14,67,41.1,0,0,0
2026-09-07 13:20:00,120.2,4,66,42.1,0,0,0
2026-09-07 13:25:00,118.2,9,73,42.7,0,48,50
2026-09-07 13:30:00,124.3,8,66,37.5,0,0,0
2026-09-07 13:35:00,127.5,7,70,38.9,0,0,0
2026-09-07 13:40:00,130.0,433,97,43.7,0,0,0
2026-09-07 13:45:00,128.1,423,96,42.0,0,0,0
2026-09-07 13:50:00,129.5,14,68,40.4,0,0,0
2026-09-07 13:55:00,130.0,5,65,40.4,0,0,0
2026-09-07 14:00:00,134.8,4,68,41.4,0,0,0
2026-09-07 14:05:00,134.2,28,69,42.0,0,0,0
2026-09-07 14:10:00,134.0,5,63,44.6,0,0,0
2026-09-07 14:15:00,134.3,16,66,42.0,0,0,0
2026-09-07 14:20:00,134.3,11,64,43.2,0,0,0
2026-09-07 14:25:00,130.8,9,67,42.3,0,0,0
2026-09-07 14:30:00,131.9,12,62,41.6,0,0,0
2026-09-07 14:35:00,132.5,6,63,43.0,0,0,0
2026-09-07 14:40:00,131.7,5,65,40.2,0,0,0
2026-09-07 14:45:00,133.0,4,63,42.2,0,0,0
2026-09-07 14:50:00,132.1,22,67,38.3,0,0,0
2026-09-07 14:55:00,132.9,15,64,42.9,0,0,0
2026-09-07 15:00:00,133.4,7,65,38.3,0,0,0
2026-09-07 15:05:00,133.8,4,68,46.0,0,0,0
2026-09-07 15:10:00,131.5,8,68,42.0,0,0,0
2026-09-07 15:15:00,130.0,12,66,40.9,0,0,0
2026-09-07 15:20:00,126.2,9,67,43.7,0,0,0
2026-09-07 15:25:00,127.2,5,65,41.3,0,0,0
2026-09-07 15:30:00,125.9,6,66,42.3,0,0,0
2026-09-07 15:35:00,128.6,3,67,40.9,0,0,0
2026-09-07 15:40:00,128.0,12,66,44.1,0,0,0
2026-09-07 15:45:00,128.8,11,67,43.1,0,0,0
2026-09-07 15:50:00,133.2,3,64,41.4,0,0,0
2026-09-07 15:55:00,135.0,6,65,43.7,0,0,0
2026-09-07 16:00:00,128.0,10,66,41.1,0,0,0
2026-09-07 16:05:00,128.1,9,68,38.2,0,0,0
2026-09-07 16:10:00,127.7,17,63,41.1,0,0,0
2026-09-07 16:15:00,129.5,6,64,41.6,0,0,0
2026-09-07 16:20:00,128.0,19,68,41.6,0,0,0
2026-09-07 16:25:00,128.5,9,71,42.5,0,0,0
2026-09-07 16:30:00,126.7,8,65,43.0,0,0,0
2026-09-07 16:35:00,122.9,11,67,40.2,0,0,0
2026-09-07 16:40:00,122.3,5,68,43.3,0,0,0
2026-09-07 16:45:00,124.6,12,67,42.9,0,21,50
2026-09-07 16:50:00,126.5,8,67,38.2,0,0,0
2026-09-07 16:55:00,129.2,10,63,45.3,0,0,0
2026-09-07 17:00:00,129.8,516,103,42.6,0,0,0
2026-09-07 17:05:00,131.9,505,102,41.3,0,0,0
2026-09-07 17:10:00,132.7,4,70,42.8,0,0,0
2026-09-07 17:15:00,135.3,5,66,41.0,0,0,0
2026-09-07 17:20:00,134.6,7,63,41.6,0,0,0
2026-09-07 17:25:00,136.0,8,66,41.5,0,0,0
2026-09-07 17:30:00,135.2,29,67,42.6,0,0,0
2026-09-07 17:35:00,134.2,12,66,43.4,0,0,0
2026-09-07 17:40:00,133.7,11,70,42.9,0,0,0
2026-09-07 17:45:00,134.8,9,69,44.9,0,0,0
2026-09-07 17:50:00,131.1,7,65,40.6,0,0,0
2026-09-07 17:55:00,129.0,8,71,40.9,0,0,0
2026-09-07 18:00:00,133.5,8,67,41.3,0,0,0
2026-09-07 18:05:00,135.5,11,66,40.5,0,0,0
2026-09-07 18:10:00,132.9,4,66,41.4,0,0,0
2026-09-07 18:15:00,129.2,5,66,44.5,0,0,0
2026-09-07 18:20:00,127.9,3,69,43.6,0,0,0
2026-09-07 18:25:00,127.6,9,67,44.4,0,0,0
2026-09-07 18:30:00,125.4,12,66,38.2,0,0,0
2026-09-07 18:35:00,126.6,8,68,40.8,0,0,0
2026-09-07 18:40:00,127.0,11,64,43.9,0,0,0
2026-09-07 18:45:00,128.8,11,63,38.9,0,0,0
2026-09-07 18:50:00,129.2,17,68,39.7,0,0,0
2026-09-07 18:55:00,125.0,6,68,44.9,0,0,0
2026-09-07 19:00:00,125.4,15,63,39.0,0,0,0
2026-09-07 19:05:00,123.4,16,69,39.2,0,0,0
2026-09-07 19:10:00,122.5,5,63,37.9,0,0,0
2026-09-07 19:15:00,121.1,14,67,40.0,0,0,0
2026-09-07 19:20:00,120.8,7,66,42.2,0,0,0
2026-09-07 19:25:00,119.1,5,69,43.6,0,0,0
2026-09-07 19:30:00,121.5,20,70,44.9,0,0,0
2026-09-07 19:35:00,122.4,5,64,42.4,0,0,0
2026-09-07 19:40:00,117.8,5,64,41.8,0,0,0
2026-09-07 19:45:00,120.5,11,66,43.3,0,0,0
2026-09-07 19:50:00,118.8,13,64,35.6,0,0,0
2026-09-07 19:55:00,118.8,9,68,41.6,0,0,0
2026-09-07 20:00:00,120.6,9,68,42.7,0,0,0
2026-09-07 20:05:00,117.6,9,68,44.8,0,0,0
2026-09-07 20:10:00,116.8,5,66,38.8,0,0,0
2026-09-07 20:15:00,117.5,8,67,40.9,0,0,0
2026-09-07 20:20:00,120.9,14,66,39.9,0,0,0
2026-09-07 20:25:00,121.9,9,66,44.4,0,0,0
2026-09-07 20:30:00,120.6,7,66,43.6,0,0,0
2026-09-07 20:35:00,120.3,12,69,42.9,0,0,0
2026-09-07 20:40:00,118.9,8,63,42.2,0,0,0
2026-09-07 20:45:00,121.5,4,67,42.7,0,113,70
2026-09-07 20:50:00,141.4,18,69,39.7,0,0,0
2026-09-07 20:55:00,157.8,6,70,40.7,0,0,0
2026-09-07 21:00:00,174.4,2,74,44.6,0,0,0
2026-09-07 21:05:00,184.2,10,70,41.5,0,0,0
2026-09-07 21:10:00,191.6,3,71,37.8,0,0,0
2026-09-07 21:15:00,196.2,6,64,40.6,0,0,0
2026-09-07 21:20:00,196.8,4,66,43.4,0,0,0
2026-09-07 21:25:00,199.5,13,67,42.6,0,0,0
2026-09-07 21:30:00,199.0,7,64,42.2,0,0,0
2026-09-07 21:35:00,192.9,7,63,46.4,0,0,0
2026-09-07 21:40:00,190.6,12,67,39.1,0,0,0
2026-09-07 21:45:00,189.1,4,66,46.3,0,0,0
2026-09-07 21:50:00,188.6,6,67,39.7,0,0,0
2026-09-07 21:55:00,184.9,6,69,44.9,0,0,0
2026-09-07 22:00:00,179.3,4,62,44.5,0,0,0
2026-09-07 22:05:00,180.2,4,68,43.6,0,0,0
2026-09-07 22:10:00,179.4,26,67,40.8,0,0,0
2026-09-07 22:15:00,177.5,19,64,44.8,0,0,0
2026-09-07 22:20:00,174.3,7,63,40.6,0,0,0
2026-09-07 22:25:00,166.4,4,70,38.9,0,0,0
2026-09-07 22:30:00,163.6,6,64,44.8,0,0,0
2026-09-07 22:35:00,163.2,7,63,41.7,0,0,0
2026-09-07 22:40:00,162.8,7,67,43.7,0,0,0
2026-09-07 22:45:00,162.3,9,65,41.0,0,0,0
2026-09-07 22:50:00,157.7,6,65,40.6,0,0,0
2026-09-07 22:55:00,156.6,2,67,42.4,0,0,0
2026-09-07 23:00:00,154.1,6,66,40.7,0,0,0
2026-09-07 23:05:00,154.2,5,70,35.1,0,0,0
2026-09-07 23:10:00,151.6,10,68,41.9,0,0,0
2026-09-07 23:15:00,149.1,10,66,40.7,0,0,0
2026-09-07 23:20:00,146.3,9,70,39.7,0,0,0
2026-09-07 23:25:00,147.1,21,67,41.1,0,0,0
2026-09-07 23:30:00,148.8,7,66,43.6,0,0,0
2026-09-07 23:35:00,148.0,6,67,43.6,0,0,0
2026-09-07 23:40:00,147.9,20,66,44.1,0,0,0
2026-09-07 23:45:00,143.5,19,68,40.8,0,0,0
2026-09-07 23:50:00,140.0,12,64,41.4,0,0,0
2026-09-07 23:55:00,137.7,10,61,39.3,0,0,0
2026-09-08 00:00:00,134.4,6,63,41.0,0,0,0
2026-09-08 00:05:00,133.5,10,67,46.7,0,0,0
2026-09-08 00:10:00,132.8,7,68,40.7,0,0,0
2026-09-08 00:15:00,136.2,9,63,42.8,0,0,0
2026-09-08 00:20:00,133.1,5,69,43.6,0,0,0
2026-09-08 00:25:00,130.5,12,66,47.3,0,0,0
2026-09-08 00:30:00,130.4,6,65,43.0,0,0,0
2026-09-08 00:35:00,132.0,14,67,41.0,0,0,0
2026-09-08 00:40:00,130.5,3,66,47.0,0,0,0
2026-09-08 00:45:00,127.4,15,64,42.5,0,0,0
2026-09-08 00:50:00,123.5,9,67,42.3,0,0,0
2026-09-08 00:55:00,125.2,13,70,42.5,0,0,0
2026-09-08 01:00:00,121.8,16,67,45.7,0,0,0
2026-09-08 01:05:00,122.6,7,70,46.6,0,0,0
2026-09-08 01:10:00,120.4,7,64,42.7,0,0,0
2026-09-08 01:15:00,117.1,3,68,44.0,0,0,0
2026-09-08 01:20:00,114.6,1,69,40.4,0,0,0
2026-09-08 01:25:00,114.6,5,67,41.1,0,0,0
2026-09-08 01:30:00,116.1,16,69,45.7,0,0,0
2026-09-08 01:35:00,117.5,8,68,40.0,0,0,0
2026-09-08 01:40:00,120.2,6,70,40.6,0,0,0
2026-09-08 01:45:00,121.5,15,63,41.6,0,0,0
2026-09-08 01:50:00,119.8,2,54,71.5,1,0,0
2026-09-08 01:55:00,120.2,0,60,67.5,1,0,0
2026-09-08 02:00:00,117.5,0,60,70.6,1,0,0
2026-09-08 02:05:00,116.0,0,57,66.9,1,0,0
2026-09-08 02:10:00,115.5,0,60,68.4,1,0,0
2026-09-08 02:15:00,114.7,1,58,68.7,1,0,0
2026-09-08 02:20:00,115.2,0,62,68.9,1,0,0
2026-09-08 02:25:00,117.0,0,56,69.9,1,0,0
2026-09-08 02:30:00,112.4,1,56,67.0,1,0,0
2026-09-08 02:35:00,111.3,0,58,70.0,1,0,0
2026-09-08 02:40:00,112.1,0,57,71.7,1,0,0
2026-09-08 02:45:00,114.9,0,61,67.5,1,0,0
2026-09-08 02:50:00,118.8,2,60,69.1,1,0,0
2026-09-08 02:55:00,118.9,0,58,68.0,1,0,0
2026-09-08 03:00:00,118.4,0,59,69.2,1,0,0
2026-09-08 03:05:00,116.3,0,56,65.7,1,0,0
2026-09-08 03:10:00,113.6,0,58,70.8,1,0,0
2026-09-08 03:15:00,114.0,1,57,69.1,1,0,0
2026-09-08 03:20:00,117.2,0,59,69.0,1,0,0
2026-09-08 03:25:00,117.7,0,57,67.6,1,0,0
2026-09-08 03:30:00,117.5,1,59,68.4,1,0,0
2026-09-08 03:35:00,122.2,0,58,69.5,1,0,0
2026-09-08 03:40:00,123.0,0,57,67.7,1,0,0
2026-09-08 03:45:00,124.6,0,55,71.0,1,0,0
2026-09-08 03:50:00,125.9,0,59,72.7,1,0,0
2026-09-08 03:55:00,123.7,1,57,67.5,1,0,0
2026-09-08 04:00:00,124.6,1,59,69.4,1,0,0
2026-09-08 04:05:00,125.6,0,55,65.2,1,0,0
2026-09-08 04:10:00,124.3,0,54,68.4,1,0,0
2026-09-08 04:15:00,121.0,1,59,68.6,1,0,0
2026-09-08 04:20:00,121.7,0,57,65.5,1,0,0
2026-09-08 04:25:00,126.6,0,57,69.9,1,0,0
2026-09-08 04:30:00,129.2,0,57,65.6,1,0,0
2026-09-08 04:35:00,128.4,1,60,70.6,1,0,0
2026-09-08 04:40:00,126.5,1,60,74.5,1,0,0
2026-09-08 04:45:00,127.3,0,56,69.8,1,0,0
2026-09-08 04:50:00,129.1,1,56,67.1,1,0,0
2026-09-08 04:55:00,126.5,1,55,68.7,1,0,0
2026-09-08 05:00:00,128.4,0,58,67.1,1,0,0
2026-09-08 05:05:00,129.1,0,59,69.7,1,0,0
2026-09-08 05:10:00,131.4,0,55,73.0,1,0,0
2026-09-08 05:15:00,132.5,0,59,74.0,1,0,0
2026-09-08 05:20:00,131.3,0,60,70.5,1,0,0
2026-09-08 05:25:00,131.8,0,59,71.6,1,0,0
2026-09-08 05:30:00,132.0,0,62,71.4,1,0,0
2026-09-08 05:35:00,134.3,0,58,68.9,1,0,0
2026-09-08 05:40:00,134.0,1,58,71.9,1,0,0
2026-09-08 05:45:00,132.5,0,59,69.0,1,0,0
2026-09-08 05:50:00,133.7,0,59,72.9,1,0,0
2026-09-08 05:55:00,133.7,1,60,69.5,1,0,0
2026-09-08 06:00:00,134.8,0,57,68.4,1,0,0
2026-09-08 06:05:00,134.5,0,58,68.4,1,0,0
2026-09-08 06:10:00,134.2,0,56,72.0,1,0,0
2026-09-08 06:15:00,132.6,1,56,69.2,1,0,0
2026-09-08 06:20:00,132.1,0,57,67.8,1,0,0
2026-09-08 06:25:00,133.0,4,64,43.0,0,0,0
2026-09-08 06:30:00,133.0,7,66,43.3,0,0,0
2026-09-08 06:35:00,134.3,7,67,45.6,0,0,0
2026-09-08 06:40:00,134.9,6,63,43.1,0,0,0
2026-09-08 06:45:00,135.4,11,66,43.2,0,0,0
2026-09-08 06:50:00,133.9,11,61,39.9,0,0,0
2026-09-08 06:55:00,132.2,6,67,44.1,0,0,0
2026-09-08 07:00:00,129.5,4,67,40.9,0,0,0
2026-09-08 07:05:00,126.2,7,66,43.0,0,0,0
2026-09-08 07:10:00,129.5,34,67,43.0,0,0,0
2026-09-08 07:15:00,128.0,6,68,44.5,0,0,0
2026-09-08 07:20:00,125.0,8,64,39.6,0,0,0
2026-09-08 07:25:00,121.1,24,64,43.1,0,0,0
2026-09-08 07:30:00,120.7,11,68,40.4,0,0,0
2026-09-08 07:35:00,119.7,4,69,43.4,0,0,0
2026-09-08 07:40:00,121.6,23,65,42.2,0,0,0
2026-09-08 07:45:00,119.8,10,71,48.4,0,0,0
2026-09-08 07:50:00,119.7,12,68,43.7,0,0,0
2026-09-08 07:55:00,120.3,7,66,40.3,0,0,0
2026-09-08 08:00:00,123.0,6,66,43.5,0,0,0
2026-09-08 08:05:00,121.3,13,67,42.4,0,0,0
2026-09-08 08:10:00,122.4,13,64,45.2,0,0,0
2026-09-08 08:15:00,119.9,10,71,41.6,0,44,70
2026-09-08 08:20:00,127.3,7,68,42.1,0,0,0
2026-09-08 08:25:00,133.9,21,73,46.5,0,0,0
2026-09-08 08:30:00,140.8,6,67,42.8,0,0,0
2026-09-08 08:35:00,143.7,5,69,34.5,0,0,0
2026-09-08 08:40:00,146.5,9,72,43.4,0,0,0
2026-09-08 08:45:00,150.2,3,73,36.6,0,0,0
2026-09-08 08:50:00,151.1,8,64,46.9,0,0,0
2026-09-08 08:55:00,152.9,4,67,40.0,0,0,0
2026-09-08 09:00:00,151.9,9,69,41.1,0,0,0
2026-09-08 09:05:00,150.3,13,68,45.1,0,0,0
2026-09-08 09:10:00,148.6,9,67,41.8,0,0,0
2026-09-08 09:15:00,148.1,5,66,43.8,0,0,0
2026-09-08 09:20:00,146.5,12,69,45.3,0,0,0
2026-09-08 09:25:00,146.5,2,66,43.0,0,0,0
2026-09-08 09:30:00,143.9,11,68,43.3,0,0,0
2026-09-08 09:35:00,143.2,2,68,43.6,0,0,0
2026-09-08 09:40:00,139.9,9,65,41.6,0,0,0
2026-09-08 09:45:00,139.0,3,62,44.7,0,0,0
2026-09-08 09:50:00,136.6,14,68,44.8,0,0,0
2026-09-08 09:55:00,136.7,11,67,43.3,0,0,0
2026-09-08 10:00:00,137.8,10,65,41.2,0,0,0
2026-09-08 10:05:00,138.8,4,68,44.9,0,0,0
2026-09-08 10:10:00,138.5,6,67,43.8,0,0,0
2026-09-08 10:15:00,136.9,7,66,39.3,0,0,0
2026-09-08 10:20:00,138.7,1,68,41.7,0,0,0
2026-09-08 10:25:00,140.9,14,66,40.4,0,0,0
2026-09-08 10:30:00,141.3,8,68,43.8,0,0,0
2026-09-08 10:35:00,139.6,16,70,41.2,0,0,0
2026-09-08 10:40:00,135.9,10,65,40.2,0,0,0
2026-09-08 10:45:00,135.2,11,70,42.8,0,0,0
2026-09-08 10:50:00,133.1,8,67,41.8,0,0,0
2026-09-08 10:55:00,134.0,0,70,44.0,0,0,0
2026-09-08 11:00:00,133.0,11,67,43.4,0,0,0
2026-09-08 11:05:00,131.4,2,66,45.6,0,0,0
2026-09-08 11:10:00,128.6,20,70,41.8,0,0,0
2026-09-08 11:15:00,127.6,9,67,45.7,0,0,0
2026-09-08 11:20:00,125.7,7,66,44.2,0,0,0
2026-09-08 11:25:00,127.7,4,65,40.7,0,0,0
2026-09-08 11:30:00,126.9,6,65,41.5,0,0,0
2026-09-08 11:35:00,124.5,4,66,42.4,0,0,0
2026-09-08 11:40:00,122.6,4,63,42.1,0,0,0
2026-09-08 11:45:00,123.9,5,66,42.4,0,0,0
2026-09-08 11:50:00,124.9,13,70,44.8,0,0,0
2026-09-08 11:55:00,121.3,11,64,44.1,0,0,0
2026-09-08 12:00:00,121.4,10,68,36.6,0,0,0
2026-09-08 12:05:00,119.9,1,69,40.0,0,0,0
2026-09-08 12:10:00,120.1,8,66,45.0,0,0,0
2026-09-08 12:15:00,116.8,7,63,41.8,0,0,0
2026-09-08 12:20:00,112.1,2,70,42.4,0,0,0
2026-09-08 12:25:00,111.8,7,66,44.5,0,0,0
2026-09-08 12:30:00,112.7,9,66,46.6,0,0,0
2026-09-08 12:35:00,115.5,7,68,44.0,0,0,0
2026-09-08 12:40:00,120.1,9,63,41.2,0,0,0
2026-09-08 12:45:00,120.1,2,67,45.5,0,0,0
2026-09-08 12:50:00,120.3,12,65,42.2,0,0,0
2026-09-08 12:55:00,118.8,21,69,44.8,0,0,0
2026-09-08 13:00:00,122.8,6,70,39.6,0,91,75
2026-09-08 13:05:00,134.8,5,72,43.7,0,0,0
2026-09-08 13:10:00,142.1,21,71,46.1,0,0,0
2026-09-08 13:15:00,150.3,471,98,47.3,0,0,0
2026-09-08 13:20:00,155.7,479,94,45.7,0,0,0
2026-09-08 13:25:00,155.4,6,69,44.0,0,0,0
2026-09-08 13:30:00,159.1,6,65,43.7,0,0,0
2026-09-08 13:35:00,162.1,14,65,40.5,0,0,0
2026-09-08 13:40:00,161.6,16,65,40.6,0,0,0
2026-09-08 13:45:00,164.9,5,68,43.2,0,0,0
2026-09-08 13:50:00,161.6,6,67,43.6,0,0,0
2026-09-08 13:55:00,159.5,14,67,44.4,0,0,0
2026-09-08 14:00:00,160.8,13,66,43.0,0,0,0
2026-09-08 14:05:00,158.1,5,64,44.6,0,0,0
2026-09-08 14:10:00,152.4,14,67,39.4,0,0,0
2026-09-08 14:15:00,152.5,5,65,46.2,0,0,0
2026-09-08 14:20:00,152.9,12,67,43.9,0,0,0
2026-09-08 14:25:00,150.7,7,67,42.0,0,0,0
2026-09-08 14:30:00,146.2,10,64,40.2,0,0,0
2026-09-08 14:35:00,144.6,8,65,42.0,0,0,0
2026-09-08 14:40:00,142.9,12,68,41.9,0,0,0
2026-09-08 14:45:00,143.0,11,67,43.6,0,0,0
2026-09-08 14:50:00,144.4,10,62,44.9,0,0,0
2026-09-08 14:55:00,142.2,10,70,40.6,0,0,0
2026-09-08 15:00:00,141.0,7,64,42.5,0,0,0
2026-09-08 15:05:00,138.2,8,67,42.5,0,0,0
2026-09-08 15:10:00,134.9,9,67,46.1,0,0,0
2026-09-08 15:15:00,132.3,8,65,41.5,0,0,0
2026-09-08 15:20:00,130.6,8,67,44.6,0,0,0
2026-09-08 15:25:00,133.6,7,66,43.1,0,0,0
2026-09-08 15:30:00,134.7,8,65,45.0,0,0,0
2026-09-08 15:35:00,134.6,4,66,40.8,0,0,0
2026-09-08 15:40:00,133.1,6,67,43.3,0,0,0
2026-09-08 15:45:00,133.7,10,65,41.9,0,0,0
2026-09-08 15:50:00,131.4,13,67,40.7,0,0,0
2026-09-08 15:55:00,128.1,393,94,44.0,0,0,0
2026-09-08 16:00:00,124.8,394,88,46.3,0,0,0
2026-09-08 16:05:00,126.0,16,67,43.2,0,0,0
2026-09-08 16:10:00,121.9,18,69,44.0,0,0,0
2026-09-08 16:15:00,122.9,9,66,43.0,0,0,0
2026-09-08 16:20:00,120.0,2,67,41.4,0,0,0
2026-09-08 16:25:00,119.6,8,70,46.9,0,0,0
2026-09-08 16:30:00,117.3,2,64,42.2,0,0,0
2026-09-08 16:35:00,115.7,9,62,40.4,0,0,0
2026-09-08 16:40:00,116.4,6,69,42.0,0,0,0
2026-09-08 16:45:00,114.7,12,71,41.9,0,0,0
2026-09-08 16:50:00,114.2,4,66,45.7,0,0,0
2026-09-08 16:55:00,115.2,13,64,45.2,0,0,0
2026-09-08 17:00:00,114.1,14,70,44.1,0,0,0
2026-09-08 17:05:00,115.2,8,69,45.3,0,0,0
2026-09-08 17:10:00,110.5,9,65,43.8,0,0,0
2026-09-08 17:15:00,115.6,7,69,47.8,0,0,0
2026-09-08 17:20:00,119.1,13,67,41.9,0,0,0
2026-09-08 17:25:00,119.1,4,64,49.6,0,0,0
2026-09-08 17:30:00,120.6,8,67,40.7,0,0,0
2026-09-08 17:35:00,118.9,12,65,40.5,0,0,0
2026-09-08 17:40:00,116.4,7,68,43.5,0,0,0
2026-09-08 17:45:00,115.8,8,67,41.4,0,0,0
2026-09-08 17:50:00,117.8,18,70,43.5,0,0,0
2026-09-08 17:55:00,114.6,9,65,43.3,0,0,0
2026-09-08 18:00:00,111.0,6,67,44.2,0,0,0
2026-09-08 18:05:00,113.2,10,65,46.7,0,0,0
2026-09-08 18:10:00,113.2,8,66,45.0,0,0,0
2026-09-08 18:15:00,116.3,14,68,42.3,0,0,0
2026-09-08 18:20:00,120.0,8,70,47.8,0,0,0
2026-09-08 18:25:00,123.2,7,67,40.8,0,0,0
2026-09-08 18:30:00,128.0,11,69,40.8,0,0,0
2026-09-08 18:35:00,127.0,7,66,39.2,0,0,0
2026-09-08 18:40:00,125.6,9,70,43.3,0,0,0
2026-09-08 18:45:00,123.1,7,67,42.4,0,0,0
2026-09-08 18:50:00,122.7,9,65,45.0,0,0,0
2026-09-08 18:55:00,120.8,9,63,40.1,0,0,0
2026-09-08 19:00:00,120.8,10,67,41.7,0,0,0
2026-09-08 19:05:00,119.9,11,67,43.7,0,0,0
2026-09-08 19:10:00,123.4,6,66,41.9,0,0,0
2026-09-08 19:15:00,123.5,3,65,41.2,0,0,0
2026-09-08 19:20:00,124.7,8,62,46.8,0,0,0
2026-09-08 19:25:00,123.9,4,64,42.8,0,0,0
2026-09-08 19:30:00,123.0,5,66,41.1,0,0,0
2026-09-08 19:35:00,120.2,22,68,41.2,0,0,0
2026-09-08 19:40:00,120.4,17,63,43.3,0,0,0
2026-09-08 19:45:00,119.1,6,69,41.2,0,0,0
2026-09-08 19:50:00,117.1,3,67,43.0,0,0,0
2026-09-08 19:55:00,115.6,4,66,40.0,0,0,0
2026-09-08 20:00:00,116.6,13,63,42.2,0,0,0
2026-09-08 20:05:00,115.4,11,68,38.9,0,0,0
2026-09-08 20:10:00,112.8,11,68,40.9,0,0,0
2026-09-08 20:15:00,114.3,9,66,41.6,0,0,0
2026-09-08 20:20:00,114.4,3,66,41.1,0,0,0
2026-09-08 20:25:00,119.1,16,68,40.0,0,0,0
2026-09-08 20:30:00,119.5,8,68,42.8,0,0,0
2026-09-08 20:35:00,120.1,17,67,44.4,0,0,0
2026-09-08 20:40:00,117.8,10,65,41.9,0,0,0
2026-09-08 20:45:00,116.2,10,64,43.4,0,0,0
2026-09-08 20:50:00,115.6,12,67,43.0,0,0,0
2026-09-08 20:55:00,111.0,5,70,41.2,0,0,0
2026-09-08 21:00:00,116.0,13,65,42.3,0,0,0
2026-09-08 21:05:00,116.9,9,67,41.9,0,0,0
2026-09-08 21:10:00,117.6,8,67,41.8,0,0,0
2026-09-08 21:15:00,112.4,19,68,42.5,0,0,0
2026-09-08 21:20:00,112.0,8,66,43.3,0,0,0
2026-09-08 21:25:00,113.5,8,65,43.0,0,0,0
2026-09-08 21:30:00,113.1,9,67,42.0,0,0,0
2026-09-08 21:35:00,114.4,13,67,44.1,0,0,0
2026-09-08 21:40:00,114.5,10,65,42.2,0,0,0
2026-09-08 21:45:00,112.8,6,66,41.0,0,0,0
2026-09-08 21:50:00,112.7,0,69,42.7,0,0,0
2026-09-08 21:55:00,114.4,5,66,41.1,0,0,0
2026-09-08 22:00:00,111.4,2,66,42.0,0,0,0
2026-09-08 22:05:00,110.3,8,69,42.7,0,56,50
2026-09-08 22:10:00,115.8,9,66,44.7,0,0,0
2026-09-08 22:15:00,124.1,15,68,46.1,0,0,0
2026-09-08 22:20:00,128.8,18,69,41.9,0,0,0
2026-09-08 22:25:00,132.1,10,73,41.2,0,0,0
2026-09-08 22:30:00,137.1,4,67,43.8,0,0,0
2026-09-08 22:35:00,139.6,6,70,47.4,0,0,0
2026-09-08 22:40:00,138.0,6,66,44.1,0,0,0
2026-09-08 22:45:00,139.3,14,67,45.5,0,0,0
2026-09-08 22:50:00,140.6,9,67,42.9,0,0,0
2026-09-08 22:55:00,141.1,3,66,43.4,0,0,0
2026-09-08 23:00:00,135.6,11,68,44.6,0,0,0
2026-09-08 23:05:00,134.1,3,66,39.3,0,0,0
2026-09-08 23:10:00,131.3,6,66,45.0,0,0,0
2026-09-08 23:15:00,134.4,19,65,42.9,0,0,0
2026-09-08 23:20:00,136.1,11,71,41.8,0,0,0
2026-09-08 23:25:00,132.2,4,66,43.7,0,0,0
2026-09-08 23:30:00,130.6,11,68,42.9,0,0,0
2026-09-08 23:35:00,128.6,6,64,44.4,0,0,0
2026-09-08 23:40:00,126.7,12,62,45.0,0,0,0
2026-09-08 23:45:00,128.9,8,63,44.3,0,0,0
2026-09-08 23:50:00,129.4,7,63,43.9,0,0,0
2026-09-08 23:55:00,129.8,2,69,43.7,0,0,0
2026-09-09 00:00:00,140.6,5,65,37.4,0,0,0
2026-09-09 00:05:00,140.1,15,66,37.5,0,0,0
2026-09-09 00:10:00,138.7,6,66,42.5,0,0,0
2026-09-09 00:15:00,137.9,10,65,37.7,0,0,0
2026-09-09 00:20:00,140.7,0,59,63.3,1,0,0
2026-09-09 00:25:00,140.3,1,57,66.8,1,0,0
2026-09-09 00:30:00,144.3,0,60,65.9,1,0,0
2026-09-09 00:35:00,142.1,0,65,66.7,1,0,0
2026-09-09 00:40:00,140.2,1,59,64.1,1,0,0
2026-09-09 00:45:00,140.7,0,59,60.3,1,0,0
2026-09-09 00:50:00,138.6,0,59,64.7,1,0,0
2026-09-09 00:55:00,138.9,0,60,67.9,1,0,0
2026-09-09 01:00:00,139.6,0,54,67.7,1,0,0
2026-09-09 01:05:00,140.5,0,56,64.6,1,0,0
2026-09-09 01:10:00,142.1,0,55,63.7,1,0,0
2026-09-09 01:15:00,137.1,0,57,66.1,1,0,0
2026-09-09 01:20:00,140.9,0,53,67.1,1,0,0
2026-09-09 01:25:00,139.2,0,60,62.5,1,0,0
2026-09-09 01:30:00,138.4,0,55,61.3,1,0,0
2026-09-09 01:35:00,140.1,1,55,65.7,1,0,0
2026-09-09 01:40:00,140.8,1,59,64.2,1,0,0
2026-09-09 01:45:00,141.3,0,57,66.1,1,0,0
2026-09-09 01:50:00,138.9,0,61,65.8,1,0,0
2026-09-09 01:55:00,137.8,0,60,63.7,1,0,0
2026-09-09 02:00:00,136.0,0,58,66.1,1,0,0
2026-09-09 02:05:00,134.8,0,58,63.7,1,0,0
2026-09-09 02:10:00,134.9,0,57,64.0,1,0,0
2026-09-09 02:15:00,135.3,0,57,64.1,1,0,0
2026-09-09 02:20:00,136.3,0,56,65.5,1,0,0
2026-09-09 02:25:00,137.0,0,55,62.5,1,0,0
2026-09-09 02:30:00,134.4,1,59,60.4,1,0,0
2026-09-09 02:35:00,134.6,0,58,66.5,1,0,0
2026-09-09 02:40:00,136.2,0,60,63.3,1,0,0
2026-09-09 02:45:00,136.4,0,56,64.5,1,0,0
2026-09-09 02:50:00,136.4,1,57,63.9,1,0,0
2026-09-09 02:55:00,137.1,0,58,62.8,1,0,0
2026-09-09 03:00:00,135.4,0,58,65.4,1,0,0
2026-09-09 03:05:00,134.2,0,58,63.9,1,0,0
2026-09-09 03:10:00,134.7,0,55,61.6,1,0,0
2026-09-09 03:15:00,136.7,0,57,64.1,1,0,0
2026-09-09 03:20:00,131.0,0,61,64.7,1,0,0
2026-09-09 03:25:00,133.9,0,57,62.8,1,0,0
2026-09-09 03:30:00,135.6,1,58,64.0,1,0,0
2026-09-09 03:35:00,137.5,0,58,62.9,1,0,0
2026-09-09 03:40:00,137.5,1,55,63.2,1,0,0
2026-09-09 03:45:00,135.0,0,58,63.4,1,0,0
2026-09-09 03:50:00,138.9,2,58,64.7,1,0,0
2026-09-09 03:55:00,140.2,0,60,62.2,1,0,0
2026-09-09 04:00:00,139.2,0,60,61.5,1,0,0
2026-09-09 04:05:00,139.8,2,58,67.5,1,0,0
2026-09-09 04:10:00,140.0,1,60,68.1,1,0,0
2026-09-09 04:15:00,138.7,0,57,64.0,1,0,0
2026-09-09 04:20:00,136.6,1,57,64.7,1,0,0
2026-09-09 04:25:00,137.3,0,57,67.7,1,0,0
2026-09-09 04:30:00,135.6,0,58,66.0,1,0,0
2026-09-09 04:35:00,139.8,1,59,62.7,1,0,0
2026-09-09 04:40:00,139.8,0,57,61.8,1,0,0
2026-09-09 04:45:00,139.0,0,59,63.9,1,0,0
2026-09-09 04:50:00,138.8,0,56,65.0,1,0,0
2026-09-09 04:55:00,140.1,0,57,65.3,1,0,0
2026-09-09 05:00:00,138.9,0,56,64.2,1,0,0
2026-09-09 05:05:00,140.3,0,57,68.1,1,0,0
2026-09-09 05:10:00,141.1,0,58,62.4,1,0,0
2026-09-09 05:15:00,140.7,1,57,64.2,1,0,0
2026-09-09 05:20:00,134.0,0,60,61.0,1,0,0
2026-09-09 05:25:00,136.1,0,61,65.0,1,0,0
2026-09-09 05:30:00,138.7,0,57,65.2,1,0,0
2026-09-09 05:35:00,136.6,2,56,66.9,1,0,0
2026-09-09 05:40:00,139.7,1,59,64.4,1,0,0
2026-09-09 05:45:00,137.1,1,58,62.7,1,0,0
2026-09-09 05:50:00,139.6,0,57,64.0,1,0,0
2026-09-09 05:55:00,141.7,0,60,64.9,1,0,0
2026-09-09 06:00:00,139.8,0,59,65.5,1,0,0
2026-09-09 06:05:00,141.4,0,57,61.6,1,0,0
2026-09-09 06:10:00,139.6,0,58,63.3,1,0,0
2026-09-09 06:15:00,140.1,0,60,69.0,1,0,0
2026-09-09 06:20:00,140.7,9,66,37.0,0,0,0
2026-09-09 06:25:00,138.8,14,64,37.7,0,0,0
2026-09-09 06:30:00,140.4,16,66,38.9,0,0,0
2026-09-09 06:35:00,140.5,2,66,42.1,0,0,0
2026-09-09 06:40:00,138.8,8,63,35.1,0,0,0
2026-09-09 06:45:00,139.8,10,65,34.9,0,0,0
2026-09-09 06:50:00,140.3,7,65,41.5,0,0,0
2026-09-09 06:55:00,142.6,8,66,40.7,0,0,0
2026-09-09 07:00:00,144.8,4,65,42.0,0,0,0
2026-09-09 07:05:00,143.2,6,70,40.9,0,0,0
2026-09-09 07:10:00,140.4,8,69,38.9,0,0,0
2026-09-09 07:15:00,136.0,3,65,38.8,0,0,0
2026-09-09 07:20:00,134.1,9,68,42.0,0,0,0
2026-09-09 07:25:00,135.1,14,69,44.1,0,0,0
2026-09-09 07:30:00,133.4,8,64,36.7,0,0,0
2026-09-09 07:35:00,133.9,5,69,38.5,0,0,0
2026-09-09 07:40:00,134.5,5,67,41.2,0,0,0
2026-09-09 07:45:00,134.5,3,70,41.9,0,45,70
2026-09-09 07:50:00,145.4,12,68,42.7,0,0,0
2026-09-09 07:55:00,150.4,10,67,37.0,0,0,0
2026-09-09 08:00:00,155.6,2,69,40.1,0,0,0
2026-09-09 08:05:00,159.3,16,72,34.4,0,0,0
2026-09-09 08:10:00,164.2,5,66,40.4,0,0,0
2026-09-09 08:15:00,165.0,7,66,38.8,0,0,0
2026-09-09 08:20:00,168.9,8,68,41.4,0,0,0
2026-09-09 08:25:00,171.2,15,62,34.2,0,0,0
2026-09-09 08:30:00,170.7,7,67,40.6,0,0,0
2026-09-09 08:35:00,169.9,1,67,39.6,0,0,0
2026-09-09 08:40:00,172.3,9,66,39.2,0,0,0
2026-09-09 08:45:00,168.3,6,66,37.9,0,0,0
2026-09-09 08:50:00,165.8,2,62,40.1,0,0,0
2026-09-09 08:55:00,165.6,7,68,38.9,0,0,0
2026-09-09 09:00:00,162.4,12,66,39.6,0,0,0
2026-09-09 09:05:00,158.5,1,66,40.2,0,0,0
2026-09-09 09:10:00,158.2,14,70,36.5,0,0,0
2026-09-09 09:15:00,157.0,7,71,35.0,0,0,0
2026-09-09 09:20:00,157.4,2,72,42.5,0,0,0
2026-09-09 09:25:00,151.7,13,67,36.8,0,0,0
2026-09-09 09:30:00,147.5,9,67,36.2,0,0,0
2026-09-09 09:35:00,146.2,8,66,39.0,0,0,0
2026-09-09 09:40:00,143.2,25,65,40.2,0,0,0
2026-09-09 09:45:00,144.0,8,70,37.9,0,0,0
2026-09-09 09:50:00,143.8,15,65,38.8,0,0,0
2026-09-09 09:55:00,144.6,7,66,39.3,0,0,0
2026-09-09 10:00:00,146.6,6,63,37.7,0,0,0
2026-09-09 10:05:00,145.1,6,66,40.3,0,0,0
2026-09-09 10:10:00,147.9,5,66,40.9,0,0,0
2026-09-09 10:15:00,146.9,6,66,37.5,0,0,0
2026-09-09 10:20:00,144.7,11,67,40.8,0,0,0
2026-09-09 10:25:00,144.6,7,64,42.2,0,0,0
2026-09-09 10:30:00,140.5,8,69,37.4,0,0,0
2026-09-09 10:35:00,140.6,12,66,38.7,0,0,0
2026-09-09 10:40:00,137.4,5,68,42.4,0,0,0
2026-09-09 10:45:00,137.1,11,67,42.7,0,0,0
2026-09-09 10:50:00,135.0,7,66,41.1,0,0,0
2026-09-09 10:55:00,134.2,2,63,36.9,0,0,0
2026-09-09 11:00:00,131.7,7,64,41.2,0,0,0
2026-09-09 11:05:00,130.3,5,64,41.1,0,0,0
2026-09-09 11:10:00,133.7,506,94,39.2,0,0,0
2026-09-09 11:15:00,134.3,496,100,39.5,0,0,0
2026-09-09 11:20:00,135.2,491,93,38.8,0,0,0
2026-09-09 11:25:00,134.0,501,99,43.1,0,0,0
2026-09-09 11:30:00,135.6,4,67,38.4,0,0,0
2026-09-09 11:35:00,137.5,6,66,39.2,0,0,0
2026-09-09 11:40:00,138.4,9,69,38.0,0,0,0
2026-09-09 11:45:00,138.1,10,66,42.5,0,0,0
2026-09-09 11:50:00,140.1,14,65,37.1,0,0,0
2026-09-09 11:55:00,139.6,11,67,38.1,0,0,0
2026-09-09 12:00:00,137.0,18,67,41.2,0,0,0
2026-09-09 12:05:00,134.5,5,70,39.3,0,0,0
2026-09-09 12:10:00,131.8,10,65,34.7,0,0,0
2026-09-09 12:15:00,136.2,15,65,38.8,0,0,0
2026-09-09 12:20:00,136.4,10,66,36.3,0,0,0
2026-09-09 12:25:00,133.2,9,61,39.2,0,0,0
2026-09-09 12:30:00,135.3,8,66,41.3,0,0,0
2026-09-09 12:35:00,133.3,13,67,37.0,0,0,0
2026-09-09 12:40:00,132.2,41,68,43.1,0,0,0
2026-09-09 12:45:00,130.3,5,64,39.6,0,0,0
2026-09-09 12:50:00,128.2,8,64,34.3,0,0,0
2026-09-09 12:55:00,126.5,4,64,40.6,0,0,0
2026-09-09 13:00:00,129.6,4,68,42.1,0,0,0
2026-09-09 13:05:00,129.3,15,66,40.7,0,0,0
2026-09-09 13:10:00,130.9,5,63,35.8,0,0,0
2026-09-09 13:15:00,131.0,8,66,36.7,0,0,0
2026-09-09 13:20:00,131.4,11,67,42.5,0,0,0
2026-09-09 13:25:00,132.1,8,66,38.7,0,0,0
2026-09-09 13:30:00,134.8,8,64,40.0,0,0,0
2026-09-09 13:35:00,134.4,10,64,36.8,0,0,0
2026-09-09 13:40:00,136.5,6,65,37.1,0,0,0
2026-09-09 13:45:00,135.0,14,64,37.4,0,0,0
2026-09-09 13:50:00,132.3,4,68,40.2,0,0,0
2026-09-09 13:55:00,132.8,19,68,42.3,0,0,0
2026-09-09 14:00:00,131.3,17,66,40.6,0,0,0
2026-09-09 14:05:00,129.6,9,64,40.9,0,0,0
2026-09-09 14:10:00,130.8,11,65,41.5,0,0,0
2026-09-09 14:15:00,132.6,12,69,41.7,0,0,0
2026-09-09 14:20:00,130.3,8,67,37.8,0,0,0
2026-09-09 14:25:00,128.7,8,63,37.8,0,0,0
2026-09-09 14:30:00,127.0,5,63,35.7,0,0,0
2026-09-09 14:35:00,125.9,12,64,39.1,0,0,0
2026-09-09 14:40:00,125.8,3,68,39.9,0,0,0
2026-09-09 14:45:00,129.6,17,68,40.6,0,0,0
2026-09-09 14:50:00,134.0,6,69,41.9,0,0,0
2026-09-09 14:55:00,133.9,6,65,38.0,0,0,0
2026-09-09 15:00:00,132.1,5,67,40.6,0,0,0
2026-09-09 15:05:00,136.6,18,68,38.4,0,0,0
2026-09-09 15:10:00,137.2,11,69,38.9,0,0,0
2026-09-09 15:15:00,136.4,14,67,40.0,0,0,0
2026-09-09 15:20:00,134.5,15,65,39.2,0,0,0
2026-09-09 15:25:00,132.8,8,66,36.3,0,0,0
2026-09-09 15:30:00,129.7,5,70,38.1,0,0,0
2026-09-09 15:35:00,130.3,10,66,36.6,0,0,0
2026-09-09 15:40:00,131.2,6,68,37.6,0,0,0
2026-09-09 15:45:00,131.2,3,64,35.2,0,0,0
2026-09-09 15:50:00,133.4,9,64,40.5,0,0,0
2026-09-09 15:55:00,132.2,3,65,38.7,0,0,0
2026-09-09 16:00:00,131.6,10,69,38.8,0,0,0
2026-09-09 16:05:00,129.8,7,66,38.8,0,0,0
2026-09-09 16:10:00,130.4,13,67,42.5,0,0,0
2026-09-09 16:15:00,130.3,8,65,41.0,0,0,0
2026-09-09 16:20:00,130.4,7,65,44.1,0,0,0
2026-09-09 16:25:00,128.2,5,65,40.4,0,0,0
2026-09-09 16:30:00,126.3,9,65,41.1,0,0,0
2026-09-09 16:35:00,129.5,6,65,40.3,0,0,0
2026-09-09 16:40:00,124.5,8,65,40.8,0,0,0
2026-09-09 16:45:00,125.2,11,65,41.2,0,0,0
2026-09-09 16:50:00,123.8,9,67,35.6,0,0,0
2026-09-09 16:55:00,122.8,9,65,39.9,0,0,0
2026-09-09 17:00:00,117.9,5,66,41.2,0,0,0
2026-09-09 17:05:00,117.9,4,66,37.0,0,0,0
2026-09-09 17:10:00,119.8,17,67,39.9,0,0,0
2026-09-09 17:15:00,120.1,13,66,40.9,0,0,0
2026-09-09 17:20:00,122.8,10,67,39.3,0,0,0
2026-09-09 17:25:00,122.9,9,66,39.5,0,0,0
2026-09-09 17:30:00,125.1,10,69,37.6,0,0,0
2026-09-09 17:35:00,121.7,27,71,41.7,0,0,0
2026-09-09 17:40:00,125.8,8,67,37.6,0,0,0
2026-09-09 17:45:00,127.7,7,68,40.2,0,0,0
2026-09-09 17:50:00,127.6,4,68,39.4,0,23,50
2026-09-09 17:55:00,131.4,2,72,40.2,0,0,0
2026-09-09 18:00:00,133.9,9,72,40.3,0,0,0
2026-09-09 18:05:00,135.0,6,69,41.5,0,0,0
2026-09-09 18:10:00,132.3,13,68,40.3,0,0,0
2026-09-09 18:15:00,134.1,6,68,40.5,0,0,0
2026-09-09 18:20:00,136.6,12,66,40.4,0,0,0
2026-09-09 18:25:00,136.2,4,66,42.2,0,0,0
2026-09-09 18:30:00,137.2,5,66,37.4,0,0,0
2026-09-09 18:35:00,134.9,17,64,38.2,0,0,0
2026-09-09 18:40:00,135.4,10,69,39.1,0,0,0
2026-09-09 18:45:00,133.3,5,65,40.0,0,0,0
2026-09-09 18:50:00,134.7,7,65,38.8,0,0,0
2026-09-09 18:55:00,135.8,9,63,38.8,0,0,0
2026-09-09 19:00:00,134.5,6,68,40.4,0,0,0
2026-09-09 19:05:00,135.1,14,67,43.6,0,0,0
2026-09-09 19:10:00,134.0,6,69,38.7,0,0,0
2026-09-09 19:15:00,131.3,6,63,38.5,0,0,0
2026-09-09 19:20:00,126.4,4,69,40.4,0,0,0
2026-09-09 19:25:00,126.3,9,68,36.8,0,0,0
2026-09-09 19:30:00,127.3,7,66,41.4,0,0,0
2026-09-09 19:35:00,128.4,3,68,41.6,0,0,0
2026-09-09 19:40:00,126.7,11,64,38.0,0,0,0
2026-09-09 19:45:00,125.3,11,69,42.7,0,0,0
2026-09-09 19:50:00,124.5,5,63,39.9,0,0,0
2026-09-09 19:55:00,126.5,6,67,39.6,0,0,0
2026-09-09 20:00:00,128.8,6,70,35.8,0,0,0
2026-09-09 20:05:00,134.5,7,65,39.2,0,0,0
2026-09-09 20:10:00,134.3,17,68,39.7,0,0,0
2026-09-09 20:15:00,133.7,6,67,41.5,0,0,0
2026-09-09 20:20:00,133.3,6,71,40.1,0,0,0
2026-09-09 20:25:00,133.4,6,67,38.7,0,0,0
2026-09-09 20:30:00,130.8,5,66,39.5,0,0,0
2026-09-09 20:35:00,132.5,9,66,38.1,0,0,0
2026-09-09 20:40:00,131.9,5,70,36.4,0,0,0
2026-09-09 20:45:00,135.1,7,70,39.0,0,0,0
2026-09-09 20:50:00,137.8,7,67,37.2,0,0,0
2026-09-09 20:55:00,139.8,11,69,40.9,0,63,50
2026-09-09 21:00:00,149.1,10,67,37.9,0,0,0
2026-09-09 21:05:00,154.1,10,69,36.6,0,0,0
2026-09-09 21:10:00,154.6,9,70,38.8,0,0,0
2026-09-09 21:15:00,157.1,4,71,36.3,0,0,0
2026-09-09 21:20:00,156.4,1,67,39.7,0,0,0
2026-09-09 21:25:00,161.3,4,64,40.1,0,0,0
2026-09-09 21:30:00,166.4,31,70,42.6,0,0,0
2026-09-09 21:35:00,169.1,7,62,41.5,0,0,0
2026-09-09 21:40:00,168.6,8,64,35.9,0,0,0
2026-09-09 21:45:00,169.3,9,69,39.2,0,0,0
2026-09-09 21:50:00,162.8,15,66,41.3,0,0,0
2026-09-09 21:55:00,161.3,9,70,38.8,0,0,0
2026-09-09 22:00:00,160.6,8,62,36.7,0,0,0
2026-09-09 22:05:00,157.2,6,66,38.2,0,0,0
2026-09-09 22:10:00,156.4,5,65,39.5,0,0,0
2026-09-09 22:15:00,154.7,5,67,38.8,0,0,0
2026-09-09 22:20:00,150.7,5,69,38.7,0,0,0
2026-09-09 22:25:00,148.2,13,68,43.7,0,0,0
2026-09-09 22:30:00,146.4,5,70,41.0,0,0,0
2026-09-09 22:35:00,146.1,12,67,40.9,0,0,0
2026-09-09 22:40:00,146.2,2,68,40.5,0,0,0
2026-09-09 22:45:00,142.1,5,62,39.8,0,0,0
2026-09-09 22:50:00,141.8,8,65,39.4,0,0,0
2026-09-09 22:55:00,141.3,24,67,37.8,0,0,0
2026-09-09 23:00:00,138.9,8,66,43.2,0,0,0
2026-09-09 23:05:00,136.5,12,68,42.5,0,0,0
2026-09-09 23:10:00,139.4,3,68,42.9,0,0,0
2026-09-09 23:15:00,137.4,9,69,38.7,0,0,0
2026-09-09 23:20:00,133.8,9,68,41.4,0,0,0
2026-09-09 23:25:00,136.0,15,64,36.4,0,0,0
2026-09-09 23:30:00,134.2,9,68,40.6,0,0,0
2026-09-09 23:35:00,131.6,8,67,39.7,0,0,0
2026-09-09 23:40:00,131.1,14,67,39.4,0,0,0
2026-09-09 23:45:00,134.8,8,69,38.9,0,0,0
2026-09-09 23:50:00,133.6,11,68,38.8,0,0,0
2026-09-09 23:55:00,136.0,5,66,39.9,0,0,0
2026-09-10 00:00:00,125.9,19,69,41.4,0,0,0
2026-09-10 00:05:00,123.8,13,66,41.0,0,0,0
2026-09-10 00:10:00,123.6,10,66,40.5,0,0,0
2026-09-10 00:15:00,120.7,8,69,41.2,0,0,0
2026-09-10 00:20:00,121.3,0,60,70.4,1,0,0
2026-09-10 00:25:00,118.7,0,57,67.2,1,0,0
2026-09-10 00:30:00,120.1,0,58,67.6,1,0,0
2026-09-10 00:35:00,119.1,0,60,67.7,1,0,0
2026-09-10 00:40:00,124.3,0,58,68.4,1,0,0
2026-09-10 00:45:00,126.3,0,62,66.2,1,0,0
2026-09-10 00:50:00,128.6,1,61,68.6,1,0,0
2026-09-10 00:55:00,125.5,1,58,67.7,1,0,0
2026-09-10 01:00:00,126.2,0,59,70.0,1,0,0
2026-09-10 01:05:00,123.6,0,54,64.9,1,0,0
2026-09-10 01:10:00,125.5,0,57,68.5,1,0,0
2026-09-10 01:15:00,124.4,0,58,67.4,1,0,0
2026-09-10 01:20:00,124.0,1,58,68.9,1,0,0
2026-09-10 01:25:00,124.3,0,59,67.9,1,0,0
2026-09-10 01:30:00,125.0,0,59,65.7,1,0,0
2026-09-10 01:35:00,124.2,0,59,69.3,1,0,0
2026-09-10 01:40:00,125.0,0,58,69.6,1,0,0
2026-09-10 01:45:00,127.0,0,59,68.5,1,0,0
2026-09-10 01:50:00,126.9,0,58,65.3,1,0,0
2026-09-10 01:55:00,128.3,1,57,61.8,1,0,0
2026-09-10 02:00:00,128.5,0,56,67.9,1,0,0
2026-09-10 02:05:00,128.5,0,60,65.6,1,0,0
2026-09-10 02:10:00,123.2,0,58,68.2,1,0,0
2026-09-10 02:15:00,120.1,0,58,67.5,1,0,0
2026-09-10 02:20:00,119.8,0,62,65.9,1,0,0
2026-09-10 02:25:00,122.3,0,61,70.6,1,0,0
2026-09-10 02:30:00,121.3,1,57,65.7,1,0,0
2026-09-10 02:35:00,123.0,0,54,68.3,1,0,0
2026-09-10 02:40:00,121.2,0,56,68.6,1,0,0
2026-09-10 02:45:00,121.0,0,57,69.4,1,0,0
2026-09-10 02:50:00,123.1,0,58,68.8,1,0,0
2026-09-10 02:55:00,122.4,1,59,67.5,1,0,0
2026-09-10 03:00:00,123.3,0,58,68.2,1,0,0
2026-09-10 03:05:00,120.8,0,58,66.9,1,0,0
2026-09-10 03:10:00,118.1,0,59,69.2,1,0,0
2026-09-10 03:15:00,114.8,0,59,69.2,1,0,0
2026-09-10 03:20:00,117.3,0,57,69.2,1,0,0
2026-09-10 03:25:00,115.5,0,56,63.3,1,0,0
2026-09-10 03:30:00,116.6,0,57,68.8,1,0,0
2026-09-10 03:35:00,116.7,0,58,67.3,1,0,0
2026-09-10 03:40:00,117.9,0,60,64.4,1,0,0
2026-09-10 03:45:00,115.8,1,58,70.9,1,0,0
2026-09-10 03:50:00,115.6,0,57,67.8,1,0,0
2026-09-10 03:55:00,116.9,0,52,66.6,1,0,0
2026-09-10 04:00:00,114.0,0,61,67.3,1,0,0
2026-09-10 04:05:00,112.8,1,59,66.7,1,0,0
2026-09-10 04:10:00,110.0,0,58,67.2,1,0,0
2026-09-10 04:15:00,111.3,0,56,68.5,1,0,0
2026-09-10 04:20:00,109.7,0,55,65.9,1,0,0
2026-09-10 04:25:00,108.2,0,56,69.2,1,0,0
2026-09-10 04:30:00,110.6,0,58,66.9,1,0,0
2026-09-10 04:35:00,113.5,0,58,67.6,1,0,0
2026-09-10 04:40:00,116.8,0,60,67.1,1,0,0
2026-09-10 04:45:00,118.5,0,56,68.2,1,0,0
2026-09-10 04:50:00,120.7,0,59,68.8,1,0,0
2026-09-10 04:55:00,124.6,0,60,69.5,1,0,0
2026-09-10 05:00:00,124.5,0,57,70.4,1,0,0
2026-09-10 05:05:00,125.5,2,57,65.6,1,0,0
2026-09-10 05:10:00,121.8,0,57,67.0,1,0,0
2026-09-10 05:15:00,121.2,0,60,64.9,1,0,0
2026-09-10 05:20:00,122.5,0,59,68.3,1,0,0
2026-09-10 05:25:00,120.6,1,58,70.5,1,0,0
2026-09-10 05:30:00,123.3,1,59,66.2,1,0,0
2026-09-10 05:35:00,123.6,1,58,67.5,1,0,0
2026-09-10 05:40:00,124.6,0,55,68.2,1,0,0
2026-09-10 05:45:00,127.1,1,60,71.0,1,0,0
2026-09-10 05:50:00,130.6,1,58,69.2,1,0,0
2026-09-10 05:55:00,129.3,0,53,68.5,1,0,0
2026-09-10 06:00:00,128.6,0,59,68.9,1,0,0
2026-09-10 06:05:00,126.6,0,60,68.4,1,0,0
2026-09-10 06:10:00,129.2,0,57,64.4,1,0,0
2026-09-10 06:15:00,127.0,0,55,69.3,1,0,0
2026-09-10 06:20:00,128.1,0,62,65.1,1,0,0
2026-09-10 06:25:00,127.4,1,61,69.8,1,0,0
2026-09-10 06:30:00,129.9,0,54,64.3,1,0,0
2026-09-10 06:35:00,127.7,0,57,67.4,1,0,0
2026-09-10 06:40:00,128.5,11,65,40.8,0,0,0
2026-09-10 06:45:00,127.6,19,69,45.0,0,0,0
2026-09-10 06:50:00,128.2,0,69,40.9,0,0,0
2026-09-10 06:55:00,129.1,7,66,43.3,0,0,0
2026-09-10 07:00:00,127.7,6,63,41.8,0,0,0
2026-09-10 07:05:00,123.8,9,68,44.5,0,0,0
2026-09-10 07:10:00,126.8,14,68,40.8,0,0,0
2026-09-10 07:15:00,126.5,14,68,43.5,0,0,0
2026-09-10 07:20:00,122.7,5,67,46.0,0,0,0
2026-09-10 07:25:00,126.0,10,67,40.7,0,0,0
2026-09-10 07:30:00,128.3,12,67,42.0,0,0,0
2026-09-10 07:35:00,131.8,7,66,39.5,0,0,0
2026-09-10 07:40:00,135.6,2,67,43.2,0,0,0
2026-09-10 07:45:00,135.9,6,65,43.5,0,0,0
2026-09-10 07:50:00,138.0,8,69,38.3,0,0,0
2026-09-10 07:55:00,137.4,8,66,43.0,0,0,0
2026-09-10 08:00:00,136.8,11,71,44.0,0,38,50
2026-09-10 08:05:00,139.4,14,70,42.4,0,0,0
2026-09-10 08:10:00,144.5,10,70,41.1,0,0,0
2026-09-10 08:15:00,146.3,6,68,41.3,0,0,0
2026-09-10 08:20:00,148.6,5,68,44.1,0,0,0
2026-09-10 08:25:00,150.2,2,67,39.3,0,0,0
2026-09-10 08:30:00,149.6,10,69,40.6,0,0,0
2026-09-10 08:35:00,149.6,14,69,40.4,0,0,0
2026-09-10 08:40:00,149.2,11,64,41.8,0,0,0
2026-09-10 08:45:00,147.1,13,67,42.3,0,0,0
2026-09-10 08:50:00,141.8,4,66,42.8,0,0,0
2026-09-10 08:55:00,139.4,12,71,43.0,0,0,0
2026-09-10 09:00:00,142.1,15,69,42.6,0,0,0
2026-09-10 09:05:00,142.8,18,68,38.2,0,0,0
2026-09-10 09:10:00,140.6,23,66,42.0,0,0,0
2026-09-10 09:15:00,138.0,10,68,43.5,0,0,0
2026-09-10 09:20:00,135.3,4,64,40.3,0,0,0
2026-09-10 09:25:00,134.2,9,67,40.3,0,0,0
2026-09-10 09:30:00,135.5,10,69,42.0,0,0,0
2026-09-10 09:35:00,136.8,10,67,36.0,0,0,0
2026-09-10 09:40:00,137.8,4,67,41.2,0,0,0
2026-09-10 09:45:00,134.4,6,65,40.8,0,0,0
2026-09-10 09:50:00,136.2,9,64,40.1,0,0,0
2026-09-10 09:55:00,137.7,7,67,40.8,0,0,0
2026-09-10 10:00:00,136.3,14,67,37.5,0,0,0
2026-09-10 10:05:00,131.6,13,64,41.0,0,0,0
2026-09-10 10:10:00,129.6,3,68,37.4,0,0,0
2026-09-10 10:15:00,130.1,8,66,45.9,0,0,0
2026-09-10 10:20:00,130.3,2,66,38.7,0,0,0
2026-09-10 10:25:00,130.7,12,68,39.3,0,0,0
2026-09-10 10:30:00,129.5,7,66,42.8,0,0,0
2026-09-10 10:35:00,130.3,3,67,40.7,0,0,0
2026-09-10 10:40:00,129.6,6,64,42.6,0,0,0
2026-09-10 10:45:00,128.2,17,70,44.0,0,0,0
2026-09-10 10:50:00,125.6,9,66,45.1,0,0,0
2026-09-10 10:55:00,124.7,9,67,41.1,0,0,0
2026-09-10 11:00:00,124.2,6,67,41.2,0,0,0
2026-09-10 11:05:00,123.4,13,65,40.3,0,0,0
2026-09-10 11:10:00,124.5,7,67,41.4,0,0,0
2026-09-10 11:15:00,126.2,6,69,41.4,0,0,0
2026-09-10 11:20:00,127.4,17,68,41.1,0,0,0
2026-09-10 11:25:00,127.9,3,68,42.9,0,0,0
2026-09-10 11:30:00,130.3,17,68,42.7,0,0,0
2026-09-10 11:35:00,132.0,6,62,42.3,0,0,0
2026-09-10 11:40:00,130.7,2,62,37.0,0,0,0
2026-09-10 11:45:00,125.6,5,66,45.0,0,0,0
2026-09-10 11:50:00,123.1,4,63,46.0,0,0,0
2026-09-10 11:55:00,122.1,4,67,42.1,0,0,0
2026-09-10 12:00:00,120.9,2,63,44.0,0,0,0
2026-09-10 12:05:00,121.1,4,65,44.2,0,0,0
2026-09-10 12:10:00,119.7,12,70,40.6,0,0,0
2026-09-10 12:15:00,117.5,5,66,40.2,0,0,0
2026-09-10 12:20:00,119.0,17,66,41.3,0,0,0
2026-09-10 12:25:00,122.3,8,67,41.6,0,0,0
2026-09-10 12:30:00,116.5,4,67,40.3,0,0,0
2026-09-10 12:35:00,118.9,5,65,40.7,0,0,0
2026-09-10 12:40:00,120.9,21,67,38.9,0,0,0
2026-09-10 12:45:00,121.2,13,69,41.0,0,0,0
2026-09-10 12:50:00,122.4,13,68,42.1,0,0,0
2026-09-10 12:55:00,120.5,1,63,44.6,0,0,0
2026-09-10 13:00:00,121.1,7,69,41.8,0,0,0
2026-09-10 13:05:00,125.3,10,68,42.4,0,0,0
2026-09-10 13:10:00,124.1,29,66,40.6,0,0,0
2026-09-10 13:15:00,119.9,9,68,43.0,0,0,0
2026-09-10 13:20:00,119.6,10,66,40.1,0,0,0
2026-09-10 13:25:00,118.4,16,70,40.8,0,0,0
2026-09-10 13:30:00,116.2,6,66,41.2,0,0,0
2026-09-10 13:35:00,113.9,5,64,41.1,0,0,0
2026-09-10 13:40:00,114.7,8,66,43.4,0,0,0
2026-09-10 13:45:00,115.3,5,70,41.4,0,0,0
2026-09-10 13:50:00,116.8,5,64,44.3,0,0,0
2026-09-10 13:55:00,119.1,6,65,40.5,0,0,0
2026-09-10 14:00:00,121.4,5,70,41.4,0,0,0
2026-09-10 14:05:00,123.4,14,66,39.3,0,0,0
2026-09-10 14:10:00,122.4,4,68,41.8,0,0,0
2026-09-10 14:15:00,120.1,3,65,39.8,0,0,0
2026-09-10 14:20:00,117.6,2,63,41.0,0,0,0
2026-09-10 14:25:00,119.2,4,68,41.3,0,0,0
2026-09-10 14:30:00,121.8,5,66,42.6,0,0,0
2026-09-10 14:35:00,121.0,4,69,41.5,0,0,0
2026-09-10 14:40:00,125.0,8,71,40.2,0,0,0
2026-09-10 14:45:00,123.6,9,65,42.6,0,0,0
2026-09-10 14:50:00,126.5,10,66,43.4,0,0,0
2026-09-10 14:55:00,122.0,2,67,43.8,0,0,0
2026-09-10 15:00:00,124.1,9,68,41.0,0,0,0
2026-09-10 15:05:00,123.4,8,67,42.6,0,0,0
2026-09-10 15:10:00,125.5,9,63,42.9,0,0,0
2026-09-10 15:15:00,124.3,12,67,40.0,0,0,0
2026-09-10 15:20:00,124.2,6,67,39.6,0,0,0
2026-09-10 15:25:00,122.7,4,64,46.3,0,0,0
2026-09-10 15:30:00,123.5,1,65,42.4,0,0,0
2026-09-10 15:35:00,122.6,12,70,39.1,0,0,0
2026-09-10 15:40:00,123.2,12,67,42.8,0,0,0
2026-09-10 15:45:00,125.7,12,68,44.8,0,0,0
2026-09-10 15:50:00,123.9,4,68,42.2,0,0,0
2026-09-10 15:55:00,119.7,5,68,37.5,0,0,0
2026-09-10 16:00:00,119.0,11,66,42.2,0,0,0
2026-09-10 16:05:00,116.1,7,72,41.6,0,0,0
2026-09-10 16:10:00,113.9,16,62,42.1,0,0,0
2026-09-10 16:15:00,116.7,7,69,40.7,0,0,0
2026-09-10 16:20:00,115.9,12,70,40.5,0,0,0
2026-09-10 16:25:00,118.8,9,67,41.4,0,0,0
2026-09-10 16:30:00,119.7,6,66,43.2,0,0,0
2026-09-10 16:35:00,119.3,8,63,42.1,0,0,0
2026-09-10 16:40:00,117.6,16,67,43.3,0,0,0
2026-09-10 16:45:00,120.5,6,67,42.5,0,0,0
2026-09-10 16:50:00,121.7,15,66,38.2,0,0,0
2026-09-10 16:55:00,122.2,6,66,41.6,0,0,0
2026-09-10 17:00:00,123.9,10,67,40.4,0,0,0
2026-09-10 17:05:00,125.7,13,69,42.9,0,0,0
2026-09-10 17:10:00,125.5,7,68,41.9,0,0,0
2026-09-10 17:15:00,125.9,9,64,43.9,0,0,0
2026-09-10 17:20:00,128.0,13,65,38.7,0,0,0
2026-09-10 17:25:00,126.6,11,67,38.7,0,0,0
2026-09-10 17:30:00,124.9,5,69,42.9,0,0,0
2026-09-10 17:35:00,122.0,2,63,38.7,0,0,0
2026-09-10 17:40:00,124.0,3,65,38.2,0,0,0
2026-09-10 17:45:00,121.2,9,69,42.1,0,0,0
2026-09-10 17:50:00,122.7,14,66,46.5,0,0,0
2026-09-10 17:55:00,123.2,13,69,41.9,0,0,0
2026-09-10 18:00:00,119.9,10,66,43.8,0,0,0
2026-09-10 18:05:00,119.5,8,67,38.7,0,0,0
2026-09-10 18:10:00,118.0,12,69,45.9,0,0,0
2026-09-10 18:15:00,116.4,3,65,42.7,0,0,0
2026-09-10 18:20:00,116.7,9,66,43.6,0,0,0
2026-09-10 18:25:00,117.9,6,68,39.9,0,0,0
2026-09-10 18:30:00,114.6,5,66,44.5,0,0,0
2026-09-10 18:35:00,118.1,12,68,39.0,0,0,0
2026-09-10 18:40:00,120.0,11,69,41.0,0,0,0
2026-09-10 18:45:00,117.9,2,66,41.8,0,0,0
2026-09-10 18:50:00,121.4,4,64,40.1,0,0,0
2026-09-10 18:55:00,122.8,11,66,44.8,0,0,0
2026-09-10 19:00:00,125.7,7,67,44.0,0,0,0
2026-09-10 19:05:00,125.7,11,67,41.0,0,0,0
2026-09-10 19:10:00,128.2,9,66,42.9,0,0,0
2026-09-10 19:15:00,128.3,414,87,45.0,0,0,0
2026-09-10 19:20:00,124.5,408,90,41.1,0,0,0
2026-09-10 19:25:00,125.4,413,91,39.5,0,0,0
2026-09-10 19:30:00,125.5,405,90,43.9,0,0,0
2026-09-10 19:35:00,122.9,10,68,44.1,0,0,0
2026-09-10 19:40:00,122.1,13,65,44.8,0,0,0
2026-09-10 19:45:00,120.6,10,63,40.5,0,0,0
2026-09-10 19:50:00,123.6,9,67,40.8,0,0,0
2026-09-10 19:55:00,124.2,8,67,40.7,0,0,0
2026-09-10 20:00:00,126.7,8,66,39.4,0,0,0
2026-09-10 20:05:00,121.5,10,65,45.4,0,0,0
2026-09-10 20:10:00,118.5,9,67,41.1,0,0,0
2026-09-10 20:15:00,118.5,12,67,45.1,0,0,0
2026-09-10 20:20:00,118.3,11,66,45.5,0,0,0
2026-09-10 20:25:00,118.2,10,67,42.4,0,0,0
2026-09-10 20:30:00,117.4,19,67,39.2,0,0,0
2026-09-10 20:35:00,116.4,9,66,42.0,0,0,0
2026-09-10 20:40:00,118.4,3,67,44.9,0,0,0
2026-09-10 20:45:00,117.8,10,68,42.6,0,56,50
2026-09-10 20:50:00,128.5,19,71,44.5,0,0,0
2026-09-10 20:55:00,135.0,4,68,39.9,0,0,0
2026-09-10 21:00:00,137.1,16,73,38.8,0,0,0
2026-09-10 21:05:00,139.4,7,73,41.1,0,0,0
2026-09-10 21:10:00,143.7,7,69,42.4,0,0,0
2026-09-10 21:15:00,148.7,5,63,41.1,0,0,0
2026-09-10 21:20:00,150.4,6,70,44.7,0,0,0
2026-09-10 21:25:00,150.7,10,64,39.3,0,0,0
2026-09-10 21:30:00,151.3,8,65,39.8,0,0,0
2026-09-10 21:35:00,153.9,7,66,43.1,0,0,0
2026-09-10 21:40:00,155.7,11,69,45.6,0,0,0
2026-09-10 21:45:00,152.3,6,62,42.1,0,0,0
2026-09-10 21:50:00,148.2,11,67,41.7,0,0,0
2026-09-10 21:55:00,143.5,3,67,39.4,0,0,0
2026-09-10 22:00:00,144.3,6,66,42.7,0,0,0
2026-09-10 22:05:00,143.0,9,71,39.8,0,0,0
2026-09-10 22:10:00,144.1,6,68,40.8,0,0,0
2026-09-10 22:15:00,142.6,7,66,46.1,0,0,0
2026-09-10 22:20:00,142.9,2,65,38.7,0,0,0
2026-09-10 22:25:00,141.6,20,66,43.0,0,0,0
2026-09-10 22:30:00,141.8,13,68,42.5,0,0,0
2026-09-10 22:35:00,140.0,15,66,41.5,0,0,0
2026-09-10 22:40:00,138.5,12,68,43.6,0,0,0
2026-09-10 22:45:00,136.5,7,67,41.3,0,0,0
2026-09-10 22:50:00,136.1,7,67,42.8,0,0,0
2026-09-10 22:55:00,132.9,5,66,43.8,0,0,0
2026-09-10 23:00:00,131.9,13,68,41.3,0,0,0
2026-09-10 23:05:00,130.8,10,66,40.4,0,0,0
2026-09-10 23:10:00,133.2,6,67,44.8,0,0,0
2026-09-10 23:15:00,131.8,10,68,41.2,0,0,0
2026-09-10 23:20:00,130.6,8,67,40.4,0,0,0
2026-09-10 23:25:00,129.6,5,61,36.4,0,0,0
2026-09-10 23:30:00,132.8,7,70,39.5,0,0,0
2026-09-10 23:35:00,131.2,10,64,42.4,0,0,0
2026-09-10 23:40:00,132.6,6,68,43.0,0,0,0
2026-09-10 23:45:00,131.9,5,66,44.3,0,0,0
2026-09-10 23:50:00,130.9,7,63,44.2,0,0,0
2026-09-10 23:55:00,129.7,9,66,43.0,0,0,0
2026-09-11 00:00:00,124.5,7,65,43.0,0,0,0
2026-09-11 00:05:00,123.3,14,69,41.2,0,0,0
2026-09-11 00:10:00,121.5,7,63,40.9,0,0,0
2026-09-11 00:15:00,123.0,8,67,42.4,0,0,0
2026-09-11 00:20:00,122.8,6,64,40.2,0,0,0
2026-09-11 00:25:00,123.1,4,64,44.8,0,0,0
2026-09-11 00:30:00,122.4,6,67,39.3,0,0,0
2026-09-11 00:35:00,123.1,6,68,41.4,0,0,0
2026-09-11 00:40:00,122.5,4,67,39.4,0,0,0
2026-09-11 00:45:00,125.4,10,62,44.7,0,0,0
2026-09-11 00:50:00,123.4,15,65,43.8,0,0,0
2026-09-11 00:55:00,119.4,10,62,43.2,0,0,0
2026-09-11 01:00:00,118.2,3,67,45.6,0,0,0
2026-09-11 01:05:00,117.0,12,65,45.8,0,0,0
2026-09-11 01:10:00,118.0,13,69,45.3,0,0,0
2026-09-11 01:15:00,114.1,0,57,69.3,1,0,0
2026-09-11 01:20:00,117.3,0,58,66.0,1,0,0
2026-09-11 01:25:00,117.7,0,60,66.8,1,0,0
2026-09-11 01:30:00,119.8,0,60,71.8,1,0,0
2026-09-11 01:35:00,117.3,0,58,73.2,1,0,0
2026-09-11 01:40:00,114.0,0,56,68.2,1,0,0
2026-09-11 01:45:00,115.1,1,60,70.9,1,0,0
2026-09-11 01:50:00,114.7,0,60,67.6,1,0,0
2026-09-11 01:55:00,116.9,0,59,66.2,1,0,0
2026-09-11 02:00:00,117.6,0,55,68.5,1,0,0
2026-09-11 02:05:00,114.4,0,54,71.1,1,0,0
2026-09-11 02:10:00,111.9,1,57,67.8,1,0,0
2026-09-11 02:15:00,110.7,0,57,69.4,1,0,0
2026-09-11 02:20:00,110.1,1,55,67.9,1,0,0
2026-09-11 02:25:00,110.9,1,55,69.7,1,0,0
2026-09-11 02:30:00,112.7,0,59,69.1,1,0,0
2026-09-11 02:35:00,110.8,0,59,69.0,1,0,0
2026-09-11 02:40:00,110.0,1,56,68.1,1,0,0
2026-09-11 02:45:00,109.9,0,60,70.4,1,0,0
2026-09-11 02:50:00,112.4,0,59,73.5,1,0,0
2026-09-11 02:55:00,113.6,0,57,68.8,1,0,0
2026-09-11 03:00:00,118.3,0,59,67.5,1,0,0
2026-09-11 03:05:00,118.1,0,56,69.0,1,0,0
2026-09-11 03:10:00,119.4,0,58,69.9,1,0,0
2026-09-11 03:15:00,120.3,1,59,67.7,1,0,0
2026-09-11 03:20:00,122.4,1,60,68.1,1,0,0
2026-09-11 03:25:00,124.2,1,58,70.4,1,0,0
2026-09-11 03:30:00,125.0,1,58,69.8,1,0,0
2026-09-11 03:35:00,125.9,0,58,66.2,1,0,0
2026-09-11 03:40:00,124.7,0,56,65.2,1,0,0
2026-09-11 03:45:00,122.1,0,58,67.2,1,0,0
2026-09-11 03:50:00,120.6,0,55,69.3,1,0,0
2026-09-11 03:55:00,121.9,1,60,70.5,1,0,0
2026-09-11 04:00:00,121.4,0,60,69.8,1,0,0
2026-09-11 04:05:00,119.5,0,58,68.5,1,0,0
2026-09-11 04:10:00,121.6,0,57,67.0,1,0,0
2026-09-11 04:15:00,123.7,0,58,65.3,1,0,0
2026-09-11 04:20:00,120.3,1,62,65.7,1,0,0
2026-09-11 04:25:00,121.3,0,57,67.7,1,0,0
2026-09-11 04:30:00,121.7,1,63,68.9,1,0,0
2026-09-11 04:35:00,119.7,0,61,66.5,1,0,0
2026-09-11 04:40:00,120.8,0,57,64.5,1,0,0
2026-09-11 04:45:00,123.8,1,60,70.9,1,0,0
2026-09-11 04:50:00,125.1,1,57,68.4,1,0,0
2026-09-11 04:55:00,125.7,0,59,69.8,1,0,0
2026-09-11 05:00:00,127.0,0,59,66.7,1,0,0
2026-09-11 05:05:00,127.7,0,57,70.7,1,0,0
2026-09-11 05:10:00,129.0,0,65,68.9,1,0,0
2026-09-11 05:15:00,129.2,0,63,71.9,1,0,0
2026-09-11 05:20:00,128.2,0,60,70.1,1,0,0
2026-09-11 05:25:00,128.0,0,56,68.8,1,0,0
2026-09-11 05:30:00,128.6,1,60,68.7,1,0,0
2026-09-11 05:35:00,130.1,1,59,68.0,1,0,0
2026-09-11 05:40:00,129.4,0,59,72.9,1,0,0
2026-09-11 05:45:00,128.6,0,65,69.5,1,0,0
2026-09-11 05:50:00,127.2,1,55,71.1,1,0,0
2026-09-11 05:55:00,128.1,0,56,67.8,1,0,0
2026-09-11 06:00:00,127.2,0,57,68.0,1,0,0
2026-09-11 06:05:00,126.6,1,61,69.7,1,0,0
2026-09-11 06:10:00,124.4,0,58,71.2,1,0,0
2026-09-11 06:15:00,126.0,0,57,69.4,1,0,0
2026-09-11 06:20:00,125.4,10,69,41.8,0,0,0
2026-09-11 06:25:00,128.1,4,66,42.5,0,0,0
2026-09-11 06:30:00,129.5,12,67,44.6,0,0,0
2026-09-11 06:35:00,129.5,10,68,41.1,0,0,0
2026-09-11 06:40:00,128.1,3,66,42.4,0,0,0
2026-09-11 06:45:00,127.7,13,68,41.8,0,0,0
2026-09-11 06:50:00,128.5,4,68,45.0,0,0,0
2026-09-11 06:55:00,127.5,18,69,42.6,0,0,0
2026-09-11 07:00:00,125.5,10,65,42.8,0,0,0
2026-09-11 07:05:00,128.4,13,66,45.1,0,0,0
2026-09-11 07:10:00,125.4,2,67,43.1,0,0,0
2026-09-11 07:15:00,124.7,5,69,43.9,0,0,0
2026-09-11 07:20:00,122.9,3,65,38.1,0,0,0
2026-09-11 07:25:00,121.5,12,63,42.9,0,0,0
2026-09-11 07:30:00,121.0,9,69,40.8,0,0,0
2026-09-11 07:35:00,119.8,8,68,40.8,0,0,0
2026-09-11 07:40:00,117.3,7,67,43.4,0,0,0
2026-09-11 07:45:00,119.7,5,67,42.3,0,0,0
2026-09-11 07:50:00,119.7,9,65,46.0,0,0,0
2026-09-11 07:55:00,120.4,5,67,43.4,0,0,0
2026-09-11 08:00:00,120.3,10,69,44.0,0,0,0
2026-09-11 08:05:00,121.4,8,67,40.9,0,0,0
2026-09-11 08:10:00,118.8,9,68,42.6,0,0,0
2026-09-11 08:15:00,118.1,8,67,45.4,0,0,0
2026-09-11 08:20:00,115.0,6,62,43.3,0,0,0
2026-09-11 08:25:00,113.7,10,67,44.3,0,0,0
2026-09-11 08:30:00,115.3,12,66,42.1,0,0,0
2026-09-11 08:35:00,115.5,13,69,43.8,0,0,0
2026-09-11 08:40:00,116.9,11,68,40.7,0,0,0
2026-09-11 08:45:00,116.1,6,63,40.9,0,0,0
2026-09-11 08:50:00,116.8,11,68,40.9,0,0,0
2026-09-11 08:55:00,115.5,12,69,43.8,0,0,0
2026-09-11 09:00:00,113.1,7,68,43.4,0,0,0
2026-09-11 09:05:00,115.3,12,68,45.9,0,0,0
2026-09-11 09:10:00,116.6,9,65,43.4,0,0,0
2026-09-11 09:15:00,115.9,7,64,43.4,0,0,0
2026-09-11 09:20:00,115.7,5,64,44.2,0,0,0
2026-09-11 09:25:00,116.8,8,64,43.7,0,0,0
2026-09-11 09:30:00,117.1,7,67,47.6,0,0,0
2026-09-11 09:35:00,116.2,4,65,38.5,0,0,0
2026-09-11 09:40:00,116.8,18,70,43.3,0,0,0
2026-09-11 09:45:00,117.3,14,68,43.3,0,0,0
2026-09-11 09:50:00,115.6,0,67,41.7,0,0,0
2026-09-11 09:55:00,115.0,6,68,46.0,0,0,0
2026-09-11 10:00:00,113.6,9,68,41.9,0,0,0
2026-09-11 10:05:00,116.5,6,68,41.8,0,0,0
2026-09-11 10:10:00,114.9,8,66,43.0,0,0,0
2026-09-11 10:15:00,111.3,10,66,43.8,0,0,0
2026-09-11 10:20:00,113.2,12,66,40.4,0,0,0
2026-09-11 10:25:00,112.1,14,69,44.6,0,0,0
2026-09-11 10:30:00,115.3,12,66,40.7,0,0,0
2026-09-11 10:35:00,119.2,0,67,39.9,0,0,0
2026-09-11 10:40:00,120.5,8,68,45.0,0,0,0
2026-09-11 10:45:00,122.3,11,67,47.2,0,0,0
2026-09-11 10:50:00,122.6,6,66,40.0,0,0,0
2026-09-11 10:55:00,124.8,5,66,43.2,0,0,0
2026-09-11 11:00:00,126.8,9,65,41.8,0,0,0
2026-09-11 11:05:00,127.3,448,98,42.9,0,0,0
2026-09-11 11:10:00,125.9,443,93,44.1,0,0,0
2026-09-11 11:15:00,125.8,447,89,38.9,0,0,0
2026-09-11 11:20:00,126.1,8,65,39.4,0,0,0
2026-09-11 11:25:00,122.1,14,66,41.9,0,0,0
2026-09-11 11:30:00,118.9,8,69,42.1,0,0,0
2026-09-11 11:35:00,117.4,10,65,42.9,0,0,0
2026-09-11 11:40:00,111.8,7,68,44.6,0,0,0
2026-09-11 11:45:00,114.5,7,66,45.7,0,0,0
2026-09-11 11:50:00,116.6,4,68,38.4,0,0,0
2026-09-11 11:55:00,117.5,9,65,43.5,0,0,0
2026-09-11 12:00:00,117.7,4,67,40.2,0,0,0
2026-09-11 12:05:00,120.7,7,69,45.2,0,0,0
2026-09-11 12:10:00,118.0,4,63,44.7,0,0,0
2026-09-11 12:15:00,120.0,7,65,46.0,0,0,0
2026-09-11 12:20:00,119.0,12,64,41.1,0,0,0
2026-09-11 12:25:00,120.0,7,68,43.4,0,0,0
2026-09-11 12:30:00,121.8,19,67,43.4,0,0,0
2026-09-11 12:35:00,120.1,15,68,43.9,0,0,0
2026-09-11 12:40:00,119.1,20,68,41.3,0,0,0
2026-09-11 12:45:00,115.3,11,68,41.6,0,0,0
2026-09-11 12:50:00,117.3,13,67,41.1,0,0,0
2026-09-11 12:55:00,119.1,17,69,42.3,0,0,0
2026-09-11 13:00:00,120.0,6,67,40.1,0,0,0
2026-09-11 13:05:00,122.1,7,66,40.0,0,0,0
2026-09-11 13:10:00,124.1,6,64,38.9,0,0,0
2026-09-11 13:15:00,125.7,29,66,39.1,0,0,0
2026-09-11 13:20:00,123.6,8,65,37.6,0,0,0
2026-09-11 13:25:00,123.1,14,64,41.0,0,0,0
2026-09-11 13:30:00,123.8,8,68,44.7,0,0,0
2026-09-11 13:35:00,126.6,4,68,44.7,0,0,0
2026-09-11 13:40:00,128.7,5,65,41.9,0,0,0
2026-09-11 13:45:00,128.7,16,67,43.7,0,0,0
2026-09-11 13:50:00,126.9,10,67,42.3,0,0,0
2026-09-11 13:55:00,130.7,8,68,43.3,0,0,0
2026-09-11 14:00:00,128.5,14,69,40.9,0,0,0
2026-09-11 14:05:00,128.9,1,67,41.5,0,0,0
2026-09-11 14:10:00,128.7,10,68,45.5,0,0,0
2026-09-11 14:15:00,124.8,8,63,42.7,0,0,0
2026-09-11 14:20:00,125.2,5,65,42.6,0,0,0
2026-09-11 14:25:00,126.3,6,65,42.7,0,0,0
2026-09-11 14:30:00,125.3,9,66,41.1,0,0,0
2026-09-11 14:35:00,125.4,10,67,43.8,0,0,0
2026-09-11 14:40:00,123.7,7,67,38.9,0,0,0
2026-09-11 14:45:00,121.3,7,66,42.2,0,0,0
2026-09-11 14:50:00,118.8,4,65,40.0,0,0,0
2026-09-11 14:55:00,116.6,8,65,46.8,0,0,0
2026-09-11 15:00:00,117.2,9,66,43.2,0,0,0
2026-09-11 15:05:00,117.9,6,62,40.6,0,0,0
2026-09-11 15:10:00,118.0,11,71,45.6,0,0,0
2026-09-11 15:15:00,117.5,9,65,43.9,0,0,0
2026-09-11 15:20:00,121.5,12,64,43.4,0,0,0
2026-09-11 15:25:00,123.6,13,69,43.8,0,0,0
2026-09-11 15:30:00,124.3,2,65,40.9,0,0,0
2026-09-11 15:35:00,126.9,6,65,42.0,0,0,0
2026-09-11 15:40:00,129.1,5,65,41.7,0,0,0
2026-09-11 15:45:00,129.2,2,70,42.9,0,0,0
2026-09-11 15:50:00,126.4,9,67,44.4,0,0,0
2026-09-11 15:55:00,125.1,15,67,43.1,0,0,0
2026-09-11 16:00:00,123.4,11,65,41.3,0,0,0
2026-09-11 16:05:00,123.3,12,67,41.2,0,0,0
2026-09-11 16:10:00,124.0,6,64,43.8,0,0,0
2026-09-11 16:15:00,124.6,6,66,42.3,0,0,0
2026-09-11 16:20:00,126.5,8,68,42.5,0,0,0
2026-09-11 16:25:00,127.0,4,67,41.2,0,0,0
2026-09-11 16:30:00,126.7,3,70,44.9,0,0,0
2026-09-11 16:35:00,124.5,2,64,42.9,0,0,0
2026-09-11 16:40:00,127.1,10,64,39.2,0,0,0
2026-09-11 16:45:00,123.5,17,69,40.8,0,0,0
2026-09-11 16:50:00,123.0,6,63,42.4,0,0,0
2026-09-11 16:55:00,124.1,4,69,42.2,0,0,0
2026-09-11 17:00:00,124.9,9,66,41.8,0,0,0
2026-09-11 17:05:00,126.9,10,66,43.0,0,0,0
2026-09-11 17:10:00,125.0,9,70,40.9,0,0,0
2026-09-11 17:15:00,128.6,9,68,43.8,0,0,0
2026-09-11 17:20:00,128.4,7,65,46.7,0,0,0
2026-09-11 17:25:00,129.9,18,68,40.2,0,0,0
2026-09-11 17:30:00,127.2,10,71,40.9,0,47,80
2026-09-11 17:35:00,140.1,14,71,40.4,0,0,0
2026-09-11 17:40:00,149.6,7,72,44.4,0,0,0
2026-09-11 17:45:00,153.9,6,68,41.7,0,0,0
2026-09-11 17:50:00,157.2,3,70,42.4,0,0,0
2026-09-11 17:55:00,160.1,9,71,41.5,0,0,0
2026-09-11 18:00:00,161.2,5,66,46.1,0,0,0
2026-09-11 18:05:00,165.1,9,71,42.7,0,0,0
2026-09-11 18:10:00,162.2,12,66,42.7,0,0,0
2026-09-11 18:15:00,161.1,9,67,41.3,0,0,0
2026-09-11 18:20:00,162.1,0,70,44.8,0,0,0
2026-09-11 18:25:00,160.0,22,68,42.8,0,0,0
2026-09-11 18:30:00,158.1,6,66,39.8,0,0,0
2026-09-11 18:35:00,157.6,7,68,41.8,0,0,0
2026-09-11 18:40:00,156.3,9,67,40.8,0,0,0
2026-09-11 18:45:00,154.3,12,68,41.7,0,0,0
2026-09-11 18:50:00,151.0,5,69,42.4,0,0,0
2026-09-11 18:55:00,150.5,5,70,46.6,0,0,0
2026-09-11 19:00:00,148.1,10,70,40.5,0,0,0
2026-09-11 19:05:00,147.7,6,67,43.7,0,0,0
2026-09-11 19:10:00,143.6,5,64,42.7,0,0,0
2026-09-11 19:15:00,142.2,5,64,41.7,0,0,0
2026-09-11 19:20:00,140.0,5,65,46.4,0,0,0
2026-09-11 19:25:00,135.8,26,66,42.6,0,0,0
2026-09-11 19:30:00,138.3,7,67,41.6,0,0,0
2026-09-11 19:35:00,134.4,13,68,43.9,0,0,0
2026-09-11 19:40:00,133.4,20,70,39.5,0,0,0
2026-09-11 19:45:00,134.8,9,64,39.8,0,0,0
2026-09-11 19:50:00,134.3,4,65,43.0,0,0,0
2026-09-11 19:55:00,131.8,5,63,43.0,0,0,0
2026-09-11 20:00:00,131.2,8,64,44.1,0,0,0
2026-09-11 20:05:00,129.2,5,65,45.1,0,0,0
2026-09-11 20:10:00,122.6,7,65,40.4,0,0,0
2026-09-11 20:15:00,123.1,17,65,38.1,0,0,0
2026-09-11 20:20:00,124.4,10,65,41.2,0,0,0
2026-09-11 20:25:00,123.1,4,67,44.8,0,0,0
2026-09-11 20:30:00,121.1,5,63,40.8,0,0,0
2026-09-11 20:35:00,121.3,15,64,41.4,0,0,0
2026-09-11 20:40:00,124.6,5,65,42.5,0,0,0
2026-09-11 20:45:00,124.7,17,65,43.0,0,0,0
2026-09-11 20:50:00,126.8,7,67,44.4,0,0,0
2026-09-11 20:55:00,125.3,7,69,41.8,0,0,0
2026-09-11 21:00:00,125.1,17,69,40.8,0,0,0
2026-09-11 21:05:00,127.4,15,66,41.0,0,0,0
2026-09-11 21:10:00,126.5,12,69,41.3,0,44,68
2026-09-11 21:15:00,131.9,6,70,43.4,0,0,0
2026-09-11 21:20:00,140.6,30,69,40.8,0,0,0
2026-09-11 21:25:00,148.3,7,68,46.0,0,0,0
2026-09-11 21:30:00,153.5,7,68,44.8,0,0,0
2026-09-11 21:35:00,156.6,14,74,38.8,0,0,0
2026-09-11 21:40:00,156.4,6,65,42.7,0,0,0
2026-09-11 21:45:00,158.8,8,65,44.3,0,0,0
2026-09-11 21:50:00,158.7,17,66,44.1,0,0,0
2026-09-11 21:55:00,157.4,7,64,42.5,0,0,0
2026-09-11 22:00:00,153.4,8,66,45.0,0,0,0
2026-09-11 22:05:00,150.6,4,63,41.7,0,0,0
2026-09-11 22:10:00,149.0,12,66,43.0,0,0,0
2026-09-11 22:15:00,149.7,7,65,43.3,0,0,0
2026-09-11 22:20:00,150.1,2,64,39.8,0,0,0
2026-09-11 22:25:00,148.7,16,67,39.7,0,0,0
2026-09-11 22:30:00,147.5,11,71,41.1,0,0,0
2026-09-11 22:35:00,147.3,5,67,42.8,0,0,0
2026-09-11 22:40:00,146.6,6,64,42.7,0,0,0
2026-09-11 22:45:00,146.7,12,65,43.1,0,0,0
2026-09-11 22:50:00,146.2,10,64,43.1,0,0,0
2026-09-11 22:55:00,144.1,5,66,42.7,0,0,0
2026-09-11 23:00:00,143.3,4,64,38.7,0,0,0
2026-09-11 23:05:00,145.1,12,70,43.5,0,0,0
2026-09-11 23:10:00,143.3,11,67,41.2,0,0,0
2026-09-11 23:15:00,143.1,8,68,43.8,0,0,0
2026-09-11 23:20:00,141.0,13,72,43.3,0,0,0
2026-09-11 23:25:00,141.3,11,68,42.1,0,0,0
2026-09-11 23:30:00,139.2,15,68,42.4,0,0,0
2026-09-11 23:35:00,137.9,3,70,42.6,0,0,0
2026-09-11 23:40:00,138.4,5,66,43.8,0,0,0
2026-09-11 23:45:00,138.3,5,66,40.7,0,0,0
2026-09-11 23:50:00,136.7,4,67,43.3,0,0,0
2026-09-11 23:55:00,137.4,8,64,39.8,0,0,0
2026-09-12 00:00:00,143.1,22,66,40.0,0,0,0
2026-09-12 00:05:00,141.9,9,68,37.2,0,0,0
2026-09-12 00:10:00,142.6,5,68,41.0,0,0,0
2026-09-12 00:15:00,143.3,4,64,38.5,0,0,0
2026-09-12 00:20:00,143.5,7,66,40.6,0,0,0
2026-09-12 00:25:00,142.6,4,66,43.0,0,0,0
2026-09-12 00:30:00,140.8,8,63,34.9,0,0,0
2026-09-12 00:35:00,139.1,13,66,41.0,0,0,0
2026-09-12 00:40:00,136.1,5,67,44.0,0,0,0
2026-09-12 00:45:00,137.2,11,68,39.8,0,0,0
2026-09-12 00:50:00,136.6,5,69,40.4,0,0,0
2026-09-12 00:55:00,137.2,3,67,39.7,0,0,0
2026-09-12 01:00:00,136.0,15,69,40.3,0,0,0
2026-09-12 01:05:00,136.4,0,57,67.9,1,0,0
2026-09-12 01:10:00,135.0,0,56,63.1,1,0,0
2026-09-12 01:15:00,134.8,1,60,70.6,1,0,0
2026-09-12 01:20:00,134.9,1,57,64.7,1,0,0
2026-09-12 01:25:00,133.6,1,60,67.2,1,0,0
2026-09-12 01:30:00,130.3,0,61,60.4,1,0,0
2026-09-12 01:35:00,128.9,0,60,69.7,1,0,0
2026-09-12 01:40:00,126.9,0,61,63.6,1,0,0
2026-09-12 01:45:00,125.2,0,57,66.4,1,0,0
2026-09-12 01:50:00,123.0,1,60,67.9,1,0,0
2026-09-12 01:55:00,125.5,0,56,64.5,1,0,0
2026-09-12 02:00:00,128.3,0,56,68.3,1,0,0
2026-09-12 02:05:00,126.6,0,59,66.7,1,0,0
2026-09-12 02:10:00,127.0,0,57,64.6,1,0,0
2026-09-12 02:15:00,124.6,0,59,66.1,1,0,0
2026-09-12 02:20:00,126.6,0,59,67.7,1,0,0
2026-09-12 02:25:00,130.5,1,59,68.6,1,0,0
2026-09-12 02:30:00,129.8,0,58,64.2,1,0,0
2026-09-12 02:35:00,131.1,0,59,69.0,1,0,0
2026-09-12 02:40:00,130.4,0,58,62.9,1,0,0
2026-09-12 02:45:00,132.0,0,59,67.7,1,0,0
2026-09-12 02:50:00,130.7,1,57,69.5,1,0,0
2026-09-12 02:55:00,125.8,0,55,65.9,1,0,0
2026-09-12 03:00:00,128.5,0,57,64.6,1,0,0
2026-09-12 03:05:00,130.1,1,63,64.2,1,0,0
2026-09-12 03:10:00,128.1,1,57,63.2,1,0,0
2026-09-12 03:15:00,129.6,0,60,67.5,1,0,0
2026-09-12 03:20:00,128.8,0,61,66.6,1,0,0
2026-09-12 03:25:00,129.1,0,56,65.1,1,0,0
2026-09-12 03:30:00,131.0,0,57,62.3,1,0,0
2026-09-12 03:35:00,129.7,1,60,61.7,1,0,0
2026-09-12 03:40:00,129.9,0,56,65.1,1,0,0
2026-09-12 03:45:00,126.8,0,56,65.4,1,0,0
2026-09-12 03:50:00,127.9,0,60,68.0,1,0,0
2026-09-12 03:55:00,126.9,1,57,65.3,1,0,0
2026-09-12 04:00:00,127.9,2,57,64.7,1,0,0
2026-09-12 04:05:00,132.9,0,60,60.9,1,0,0
2026-09-12 04:10:00,133.9,2,59,64.2,1,0,0
2026-09-12 04:15:00,132.6,0,61,63.9,1,0,0
2026-09-12 04:20:00,132.8,1,56,69.1,1,0,0
2026-09-12 04:25:00,132.5,0,56,65.5,1,0,0
2026-09-12 04:30:00,134.6,0,56,64.0,1,0,0
2026-09-12 04:35:00,132.2,2,60,67.8,1,0,0
2026-09-12 04:40:00,130.9,0,59,64.2,1,0,0
2026-09-12 04:45:00,131.7,1,56,67.8,1,0,0
2026-09-12 04:50:00,130.9,1,58,64.5,1,0,0
2026-09-12 04:55:00,134.9,1,56,62.2,1,0,0
2026-09-12 05:00:00,135.2,0,59,64.6,1,0,0
2026-09-12 05:05:00,135.0,0,56,64.5,1,0,0
2026-09-12 05:10:00,133.3,1,58,62.9,1,0,0
2026-09-12 05:15:00,135.2,0,61,64.8,1,0,0
2026-09-12 05:20:00,137.4,0,58,65.1,1,0,0
2026-09-12 05:25:00,139.4,0,59,66.3,1,0,0
2026-09-12 05:30:00,139.3,1,61,65.0,1,0,0
2026-09-12 05:35:00,136.9,0,58,68.2,1,0,0
2026-09-12 05:40:00,137.4,0,59,64.4,1,0,0
2026-09-12 05:45:00,133.1,0,57,69.8,1,0,0
2026-09-12 05:50:00,133.5,1,57,66.9,1,0,0
2026-09-12 05:55:00,133.6,12,66,41.3,0,0,0
2026-09-12 06:00:00,131.8,6,65,38.4,0,0,0
2026-09-12 06:05:00,132.0,10,65,39.9,0,0,0
2026-09-12 06:10:00,130.2,9,68,38.8,0,0,0
2026-09-12 06:15:00,133.0,11,69,41.4,0,0,0
2026-09-12 06:20:00,136.5,8,64,37.7,0,0,0
2026-09-12 06:25:00,137.7,14,66,41.2,0,0,0
2026-09-12 06:30:00,139.3,11,66,41.1,0,0,0
2026-09-12 06:35:00,139.9,9,68,40.5,0,0,0
2026-09-12 06:40:00,138.6,6,66,43.0,0,0,0
2026-09-12 06:45:00,137.5,22,73,40.8,0,0,0
2026-09-12 06:50:00,136.6,10,66,41.9,0,0,0
2026-09-12 06:55:00,135.0,15,66,42.0,0,0,0
2026-09-12 07:00:00,133.7,4,66,38.0,0,0,0
2026-09-12 07:05:00,134.2,12,65,43.4,0,0,0
2026-09-12 07:10:00,134.0,4,70,42.7,0,0,0
2026-09-12 07:15:00,135.5,5,65,38.0,0,0,0
2026-09-12 07:20:00,132.2,11,65,40.3,0,0,0
2026-09-12 07:25:00,131.8,9,70,40.0,0,30,50
2026-09-12 07:30:00,132.9,3,73,36.8,0,0,0
2026-09-12 07:35:00,133.9,8,70,41.1,0,0,0
2026-09-12 07:40:00,136.1,416,95,43.5,0,0,0
2026-09-12 07:45:00,139.0,426,94,38.6,0,0,0
2026-09-12 07:50:00,139.5,5,72,40.3,0,0,0
2026-09-12 07:55:00,139.4,11,65,41.3,0,0,0
2026-09-12 08:00:00,141.9,18,68,42.5,0,0,0
2026-09-12 08:05:00,144.0,9,69,41.7,0,0,0
2026-09-12 08:10:00,143.9,10,70,39.5,0,0,0
2026-09-12 08:15:00,144.5,4,69,40.3,0,0,0
2026-09-12 08:20:00,146.0,6,64,43.2,0,0,0
2026-09-12 08:25:00,146.1,2,66,39.0,0,0,0
2026-09-12 08:30:00,145.6,6,65,38.2,0,0,0
2026-09-12 08:35:00,143.8,5,69,43.3,0,0,0
2026-09-12 08:40:00,142.3,15,64,41.6,0,0,0
2026-09-12 08:45:00,139.6,9,64,42.1,0,0,0
2026-09-12 08:50:00,136.9,10,64,43.0,0,0,0
2026-09-12 08:55:00,136.2,4,66,37.2,0,0,0
2026-09-12 09:00:00,134.7,17,68,45.7,0,0,0
2026-09-12 09:05:00,134.0,6,67,40.2,0,0,0
2026-09-12 09:10:00,137.2,10,68,41.1,0,0,0
2026-09-12 09:15:00,136.6,9,64,40.4,0,0,0
2026-09-12 09:20:00,136.7,7,67,41.5,0,0,0
2026-09-12 09:25:00,137.2,8,70,38.8,0,0,0
2026-09-12 09:30:00,135.1,31,67,39.0,0,0,0
2026-09-12 09:35:00,137.0,14,68,41.0,0,0,0
2026-09-12 09:40:00,137.0,5,66,38.6,0,0,0
2026-09-12 09:45:00,134.1,10,66,43.4,0,0,0
2026-09-12 09:50:00,131.8,7,66,39.7,0,0,0
2026-09-12 09:55:00,132.7,5,64,39.7,0,0,0
2026-09-12 10:00:00,134.5,6,65,43.9,0,0,0
2026-09-12 10:05:00,133.5,16,69,35.7,0,0,0
2026-09-12 10:10:00,136.3,2,65,39.0,0,0,0
2026-09-12 10:15:00,138.0,12,67,42.9,0,0,0
2026-09-12 10:20:00,132.0,16,69,38.6,0,0,0
2026-09-12 10:25:00,131.8,8,63,40.3,0,0,0
2026-09-12 10:30:00,132.5,9,70,45.2,0,0,0
2026-09-12 10:35:00,133.9,9,71,40.4,0,0,0
2026-09-12 10:40:00,132.2,7,67,46.5,0,0,0
2026-09-12 10:45:00,133.6,6,64,37.1,0,0,0
2026-09-12 10:50:00,136.6,10,71,40.7,0,0,0
2026-09-12 10:55:00,133.3,2,65,38.8,0,0,0
2026-09-12 11:00:00,128.9,2,68,39.3,0,0,0
2026-09-12 11:05:00,130.2,7,63,38.8,0,0,0
2026-09-12 11:10:00,125.4,12,67,40.0,0,0,0
2026-09-12 11:15:00,128.3,15,67,42.6,0,0,0
2026-09-12 11:20:00,129.6,8,66,41.9,0,0,0
2026-09-12 11:25:00,131.8,11,65,39.2,0,0,0
2026-09-12 11:30:00,138.6,8,64,43.4,0,0,0
2026-09-12 11:35:00,138.3,10,68,39.1,0,0,0
2026-09-12 11:40:00,135.5,11,69,43.2,0,0,0
2026-09-12 11:45:00,135.6,1,62,39.1,0,0,0
2026-09-12 11:50:00,131.7,24,65,39.9,0,0,0
2026-09-12 11:55:00,132.4,1,66,39.7,0,0,0
2026-09-12 12:00:00,129.2,7,70,39.1,0,0,0
2026-09-12 12:05:00,126.1,11,67,42.3,0,0,0
2026-09-12 12:10:00,129.9,10,70,41.9,0,0,0
2026-09-12 12:15:00,131.0,10,69,39.3,0,0,0
2026-09-12 12:20:00,129.0,11,67,39.0,0,0,0
2026-09-12 12:25:00,126.8,11,64,37.3,0,0,0
2026-09-12 12:30:00,125.0,11,71,38.1,0,0,0
2026-09-12 12:35:00,124.6,6,66,40.1,0,0,0
2026-09-12 12:40:00,125.8,14,66,43.5,0,0,0
2026-09-12 12:45:00,120.6,11,66,42.8,0,0,0
2026-09-12 12:50:00,120.5,11,66,40.2,0,0,0
2026-09-12 12:55:00,121.1,13,66,40.8,0,0,0
2026-09-12 13:00:00,119.3,1,71,38.3,0,61,50
2026-09-12 13:05:00,127.2,7,71,36.0,0,0,0
2026-09-12 13:10:00,132.6,10,69,40.9,0,0,0
2026-09-12 13:15:00,135.7,425,92,42.4,0,0,0
2026-09-12 13:20:00,140.6,415,97,41.8,0,0,0
2026-09-12 13:25:00,141.9,14,67,38.8,0,0,0
2026-09-12 13:30:00,143.4,9,66,37.8,0,0,0
2026-09-12 13:35:00,142.8,10,65,41.1,0,0,0
2026-09-12 13:40:00,143.5,14,68,42.0,0,0,0
2026-09-12 13:45:00,145.2,12,65,42.3,0,0,0
2026-09-12 13:50:00,147.1,10,63,44.2,0,0,0
2026-09-12 13:55:00,145.8,1,68,42.1,0,0,0
2026-09-12 14:00:00,142.1,453,92,39.3,0,0,0
2026-09-12 14:05:00,141.2,457,90,37.7,0,0,0
2026-09-12 14:10:00,142.9,4,68,40.8,0,0,0
2026-09-12 14:15:00,141.6,9,69,37.4,0,0,0
2026-09-12 14:20:00,139.4,7,68,43.1,0,0,0
2026-09-12 14:25:00,135.7,6,65,39.8,0,0,0
2026-09-12 14:30:00,137.7,7,69,40.6,0,0,0
2026-09-12 14:35:00,141.2,17,60,42.3,0,0,0
2026-09-12 14:40:00,142.2,16,67,37.0,0,0,0
2026-09-12 14:45:00,141.8,9,65,38.1,0,0,0
2026-09-12 14:50:00,143.0,13,67,38.8,0,0,0
2026-09-12 14:55:00,144.8,2,65,38.9,0,0,0
2026-09-12 15:00:00,143.7,6,66,41.5,0,0,0
2026-09-12 15:05:00,144.5,11,66,41.5,0,0,0
2026-09-12 15:10:00,140.6,18,66,44.0,0,0,0
2026-09-12 15:15:00,140.5,4,63,39.0,0,0,0
2026-09-12 15:20:00,137.4,7,64,41.0,0,0,0
2026-09-12 15:25:00,139.7,15,67,39.9,0,0,0
2026-09-12 15:30:00,138.0,9,69,39.5,0,0,0
2026-09-12 15:35:00,139.7,15,67,40.7,0,0,0
2026-09-12 15:40:00,139.6,5,65,41.7,0,0,0
2026-09-12 15:45:00,135.4,16,66,39.6,0,0,0
2026-09-12 15:50:00,135.1,8,64,39.7,0,0,0
2026-09-12 15:55:00,135.1,10,67,39.3,0,0,0
2026-09-12 16:00:00,135.4,11,66,41.2,0,0,0
2026-09-12 16:05:00,133.6,14,67,44.1,0,0,0
2026-09-12 16:10:00,132.8,11,65,43.6,0,0,0
2026-09-12 16:15:00,132.0,8,68,39.1,0,0,0
2026-09-12 16:20:00,133.4,10,68,42.2,0,0,0
2026-09-12 16:25:00,135.1,5,65,39.3,0,0,0
2026-09-12 16:30:00,133.0,11,65,45.5,0,0,0
2026-09-12 16:35:00,134.5,10,71,39.9,0,0,0
2026-09-12 16:40:00,134.7,5,69,40.6,0,0,0
2026-09-12 16:45:00,131.7,12,68,41.1,0,0,0
2026-09-12 16:50:00,129.3,8,65,41.7,0,0,0
2026-09-12 16:55:00,130.9,2,66,38.6,0,0,0
2026-09-12 17:00:00,129.3,11,67,42.8,0,0,0
2026-09-12 17:05:00,129.7,8,71,39.2,0,0,0
2026-09-12 17:10:00,129.1,11,66,42.9,0,0,0
2026-09-12 17:15:00,126.3,8,65,41.1,0,0,0
2026-09-12 17:20:00,121.2,8,67,40.2,0,0,0
2026-09-12 17:25:00,122.7,5,68,40.2,0,0,0
2026-09-12 17:30:00,120.3,6,66,38.5,0,0,0
2026-09-12 17:35:00,121.3,9,67,41.5,0,0,0
2026-09-12 17:40:00,119.9,4,66,41.7,0,0,0
2026-09-12 17:45:00,118.3,18,65,42.7,0,0,0
2026-09-12 17:50:00,120.0,10,67,39.2,0,0,0
2026-09-12 17:55:00,118.4,7,67,43.1,0,0,0
2026-09-12 18:00:00,119.9,6,65,44.9,0,0,0
2026-09-12 18:05:00,120.8,7,67,40.2,0,0,0
2026-09-12 18:10:00,120.3,12,66,37.7,0,0,0
2026-09-12 18:15:00,122.1,9,66,36.9,0,0,0
2026-09-12 18:20:00,119.2,12,70,40.4,0,0,0
2026-09-12 18:25:00,119.6,11,65,44.6,0,0,0
2026-09-12 18:30:00,122.0,6,68,40.2,0,0,0
2026-09-12 18:35:00,122.6,9,70,43.3,0,0,0
2026-09-12 18:40:00,122.0,12,69,43.1,0,0,0
2026-09-12 18:45:00,119.6,12,69,37.9,0,0,0
2026-09-12 18:50:00,120.1,12,67,41.4,0,0,0
2026-09-12 18:55:00,118.2,5,69,38.8,0,0,0
2026-09-12 19:00:00,118.7,8,68,41.4,0,0,0
2026-09-12 19:05:00,121.7,9,65,40.6,0,0,0
2026-09-12 19:10:00,123.1,16,61,40.1,0,0,0
2026-09-12 19:15:00,127.5,5,68,42.0,0,0,0
2026-09-12 19:20:00,127.3,7,67,40.1,0,0,0
2026-09-12 19:25:00,127.7,9,66,41.3,0,0,0
2026-09-12 19:30:00,122.3,10,64,39.7,0,0,0
2026-09-12 19:35:00,123.6,6,67,39.9,0,0,0
2026-09-12 19:40:00,122.5,11,66,39.7,0,0,0
2026-09-12 19:45:00,122.6,12,68,39.4,0,0,0
2026-09-12 19:50:00,129.5,3,68,42.9,0,0,0
2026-09-12 19:55:00,123.5,7,68,36.2,0,0,0
2026-09-12 20:00:00,122.9,6,67,40.4,0,0,0
2026-09-12 20:05:00,124.2,5,67,42.9,0,0,0
2026-09-12 20:10:00,126.6,7,66,39.6,0,0,0
2026-09-12 20:15:00,125.6,13,67,39.2,0,0,0
2026-09-12 20:20:00,126.8,7,64,41.5,0,0,0
2026-09-12 20:25:00,128.5,3,68,41.5,0,0,0
2026-09-12 20:30:00,129.6,8,69,40.8,0,0,0
2026-09-12 20:35:00,131.7,10,67,41.9,0,0,0
2026-09-12 20:40:00,130.2,4,65,42.5,0,0,0
2026-09-12 20:45:00,131.5,8,69,43.5,0,0,0
2026-09-12 20:50:00,128.4,6,65,39.6,0,0,0
2026-09-12 20:55:00,130.5,4,68,42.0,0,0,0
2026-09-12 21:00:00,127.1,3,65,41.3,0,0,0
2026-09-12 21:05:00,129.9,6,73,40.6,0,54,50
2026-09-12 21:10:00,135.8,7,69,39.3,0,0,0
2026-09-12 21:15:00,139.3,4,69,37.4,0,0,0
2026-09-12 21:20:00,144.2,588,106,40.1,0,0,0
2026-09-12 21:25:00,144.8,591,104,41.3,0,0,0
2026-09-12 21:30:00,144.1,2,70,41.5,0,0,0
2026-09-12 21:35:00,140.7,9,66,36.8,0,0,0
2026-09-12 21:40:00,141.4,12,67,41.4,0,0,0
2026-09-12 21:45:00,141.8,14,68,37.6,0,0,0
2026-09-12 21:50:00,141.9,5,62,42.5,0,0,0
2026-09-12 21:55:00,143.3,10,64,41.2,0,0,0
2026-09-12 22:00:00,138.7,18,65,40.6,0,0,0
2026-09-12 22:05:00,137.6,13,67,43.2,0,0,0
2026-09-12 22:10:00,137.0,8,67,41.6,0,0,0
2026-09-12 22:15:00,142.1,10,68,38.7,0,0,0
2026-09-12 22:20:00,144.6,9,67,41.6,0,0,0
2026-09-12 22:25:00,145.0,4,65,38.7,0,0,0
2026-09-12 22:30:00,145.4,19,69,42.9,0,0,0
2026-09-12 22:35:00,140.3,13,66,40.7,0,0,0
2026-09-12 22:40:00,135.4,5,67,39.1,0,0,0
2026-09-12 22:45:00,135.1,11,69,40.2,0,0,0
2026-09-12 22:50:00,136.7,8,68,39.1,0,0,0
2026-09-12 22:55:00,136.7,8,68,38.4,0,0,0
2026-09-12 23:00:00,138.8,12,68,40.1,0,0,0
2026-09-12 23:05:00,139.9,0,56,67.4,1,0,0
2026-09-12 23:10:00,140.5,0,56,68.3,1,0,0
2026-09-12 23:15:00,136.9,1,57,64.9,1,0,0
2026-09-12 23:20:00,133.3,1,59,64.1,1,0,0
2026-09-12 23:25:00,132.1,1,60,63.5,1,0,0
2026-09-12 23:30:00,132.6,0,60,62.5,1,0,0
2026-09-12 23:35:00,134.3,0,60,62.7,1,0,0
2026-09-12 23:40:00,134.1,0,55,65.9,1,0,0
2026-09-12 23:45:00,136.9,0,59,65.0,1,0,0
2026-09-12 23:50:00,136.1,0,60,64.3,1,0,0
2026-09-12 23:55:00,133.7,0,59,68.1,1,0,0
2026-09-13 00:00:00,133.7,0,59,64.1,1,0,0
2026-09-13 00:05:00,136.1,0,61,65.6,1,0,0
2026-09-13 00:10:00,131.4,0,56,68.2,1,0,0
2026-09-13 00:15:00,129.6,0,60,61.3,1,0,0
2026-09-13 00:20:00,128.4,0,57,65.1,1,0,0
2026-09-13 00:25:00,131.1,0,57,64.2,1,0,0
2026-09-13 00:30:00,130.6,0,57,63.9,1,0,0
2026-09-13 00:35:00,133.1,1,60,66.9,1,0,0
2026-09-13 00:40:00,129.0,0,56,65.1,1,0,0
2026-09-13 00:45:00,126.5,0,60,64.9,1,0,0
2026-09-13 00:50:00,126.1,2,58,65.6,1,0,0
2026-09-13 00:55:00,128.5,0,59,63.0,1,0,0
2026-09-13 01:00:00,125.8,0,60,64.4,1,0,0
2026-09-13 01:05:00,125.1,0,53,65.0,1,0,0
2026-09-13 01:10:00,125.8,0,56,64.3,1,0,0
2026-09-13 01:15:00,125.8,0,57,64.7,1,0,0
2026-09-13 01:20:00,126.6,0,58,67.2,1,0,0
2026-09-13 01:25:00,133.0,2,62,67.0,1,0,0
2026-09-13 01:30:00,134.3,0,58,65.7,1,0,0
2026-09-13 01:35:00,131.5,0,55,67.7,1,0,0
2026-09-13 01:40:00,130.3,0,58,67.3,1,0,0
2026-09-13 01:45:00,133.1,2,59,65.2,1,0,0
2026-09-13 01:50:00,136.0,0,59,64.2,1,0,0
2026-09-13 01:55:00,132.4,0,58,63.5,1,0,0
2026-09-13 02:00:00,134.0,0,55,66.0,1,0,0
2026-09-13 02:05:00,134.5,0,59,64.4,1,0,0
2026-09-13 02:10:00,135.7,0,58,65.9,1,0,0
2026-09-13 02:15:00,132.7,1,60,65.9,1,0,0
2026-09-13 02:20:00,128.0,0,57,64.8,1,0,0
2026-09-13 02:25:00,124.6,0,60,66.5,1,0,0
2026-09-13 02:30:00,122.1,0,61,65.1,1,0,0
2026-09-13 02:35:00,122.5,0,61,66.3,1,0,0
2026-09-13 02:40:00,122.0,0,61,64.7,1,0,0
2026-09-13 02:45:00,123.2,2,58,65.4,1,0,0
2026-09-13 02:50:00,123.3,0,55,61.8,1,0,0
2026-09-13 02:55:00,124.1,0,61,65.8,1,0,0
2026-09-13 03:00:00,125.9,0,61,68.5,1,0,0
2026-09-13 03:05:00,122.2,0,55,65.4,1,0,0
2026-09-13 03:10:00,123.8,1,59,64.4,1,0,0
2026-09-13 03:15:00,127.5,0,56,65.0,1,0,0
2026-09-13 03:20:00,130.4,1,58,64.7,1,0,0
2026-09-13 03:25:00,128.7,0,57,66.4,1,0,0
2026-09-13 03:30:00,129.5,2,59,61.9,1,0,0
2026-09-13 03:35:00,128.1,1,61,64.7,1,0,0
2026-09-13 03:40:00,127.9,1,58,61.8,1,0,0
2026-09-13 03:45:00,127.6,0,61,64.7,1,0,0
2026-09-13 03:50:00,130.1,0,59,64.4,1,0,0
2026-09-13 03:55:00,128.6,0,56,63.0,1,0,0
2026-09-13 04:00:00,128.1,1,58,63.9,1,0,0
2026-09-13 04:05:00,131.1,1,56,65.4,1,0,0
2026-09-13 04:10:00,133.2,0,59,62.9,1,0,0
2026-09-13 04:15:00,133.9,0,58,64.7,1,0,0
2026-09-13 04:20:00,130.9,1,60,64.6,1,0,0
2026-09-13 04:25:00,125.9,1,56,63.6,1,0,0
2026-09-13 04:30:00,123.1,0,59,65.3,1,0,0
2026-09-13 04:35:00,123.2,1,57,62.9,1,0,0
2026-09-13 04:40:00,122.4,0,53,66.3,1,0,0
2026-09-13 04:45:00,121.2,0,56,66.8,1,0,0
2026-09-13 04:50:00,122.8,0,57,64.0,1,0,0
2026-09-13 04:55:00,124.3,0,59,61.9,1,0,0
2026-09-13 05:00:00,125.0,0,59,65.7,1,0,0
2026-09-13 05:05:00,126.7,0,58,59.3,1,0,0
2026-09-13 05:10:00,122.9,0,59,60.7,1,0,0
2026-09-13 05:15:00,127.7,0,57,62.8,1,0,0
2026-09-13 05:20:00,128.6,0,62,66.1,1,0,0
2026-09-13 05:25:00,129.8,2,58,62.9,1,0,0
2026-09-13 05:30:00,128.6,0,61,66.8,1,0,0
2026-09-13 05:35:00,130.7,0,57,63.7,1,0,0
2026-09-13 05:40:00,132.3,0,59,61.4,1,0,0
2026-09-13 05:45:00,134.1,0,59,60.8,1,0,0
2026-09-13 05:50:00,134.1,0,58,63.5,1,0,0
2026-09-13 05:55:00,134.3,1,56,61.9,1,0,0
2026-09-13 06:00:00,132.7,10,68,38.4,0,0,0
2026-09-13 06:05:00,134.1,4,64,42.0,0,0,0
2026-09-13 06:10:00,130.6,9,65,38.6,0,0,0
2026-09-13 06:15:00,133.5,10,66,37.2,0,0,0
2026-09-13 06:20:00,132.9,15,67,38.3,0,0,0
2026-09-13 06:25:00,131.8,6,68,37.9,0,0,0
2026-09-13 06:30:00,130.7,7,68,37.9,0,0,0
2026-09-13 06:35:00,130.0,19,69,41.8,0,0,0
2026-09-13 06:40:00,131.6,12,66,42.2,0,0,0
2026-09-13 06:45:00,133.0,7,69,42.5,0,0,0
2026-09-13 06:50:00,132.4,8,65,36.8,0,0,0
2026-09-13 06:55:00,130.6,10,66,40.1,0,0,0
2026-09-13 07:00:00,127.4,3,63,38.2,0,0,0
2026-09-13 07:05:00,127.4,5,64,39.6,0,0,0
2026-09-13 07:10:00,129.1,9,64,36.4,0,0,0
2026-09-13 07:15:00,132.1,4,66,37.4,0,0,0
2026-09-13 07:20:00,130.5,14,68,39.6,0,0,0
2026-09-13 07:25:00,130.7,5,66,37.4,0,0,0
2026-09-13 07:30:00,131.7,11,66,37.2,0,0,0
2026-09-13 07:35:00,129.8,17,67,38.7,0,0,0
2026-09-13 07:40:00,131.2,12,69,41.1,0,0,0
2026-09-13 07:45:00,132.1,4,66,41.7,0,0,0
2026-09-13 07:50:00,130.8,7,66,42.1,0,0,0
2026-09-13 07:55:00,133.1,15,64,39.5,0,0,0
2026-09-13 08:00:00,130.8,6,66,42.2,0,0,0
2026-09-13 08:05:00,129.0,4,65,38.5,0,0,0
2026-09-13 08:10:00,130.1,5,65,40.2,0,0,0
2026-09-13 08:15:00,128.0,12,68,42.6,0,49,65
2026-09-13 08:20:00,136.1,5,68,38.7,0,0,0
2026-09-13 08:25:00,140.6,5,71,36.7,0,0,0
2026-09-13 08:30:00,149.3,3,66,39.7,0,0,0
2026-09-13 08:35:00,150.9,10,71,38.3,0,0,0
2026-09-13 08:40:00,155.5,17,72,35.2,0,0,0
2026-09-13 08:45:00,163.1,8,67,39.6,0,0,0
2026-09-13 08:50:00,167.1,6,68,44.3,0,0,0
2026-09-13 08:55:00,164.0,17,66,40.4,0,0,0
2026-09-13 09:00:00,162.6,12,71,37.6,0,0,0
2026-09-13 09:05:00,162.6,2,66,41.4,0,0,0
2026-09-13 09:10:00,161.0,11,70,37.3,0,0,0
2026-09-13 09:15:00,162.6,13,67,39.3,0,0,0
2026-09-13 09:20:00,163.7,14,68,41.6,0,0,0
2026-09-13 09:25:00,162.6,12,64,42.5,0,0,0
2026-09-13 09:30:00,160.7,11,65,39.5,0,0,0
2026-09-13 09:35:00,159.6,7,64,36.5,0,0,0
2026-09-13 09:40:00,157.5,8,65,38.7,0,0,0
2026-09-13 09:45:00,154.5,2,67,41.0,0,0,0
2026-09-13 09:50:00,154.0,15,70,42.1,0,0,0
2026-09-13 09:55:00,150.7,11,66,41.0,0,0,0
2026-09-13 10:00:00,148.0,9,67,38.7,0,0,0
2026-09-13 10:05:00,144.8,9,68,41.9,0,0,0
2026-09-13 10:10:00,144.5,8,68,40.7,0,0,0
2026-09-13 10:15:00,141.2,4,64,39.3,0,0,0
2026-09-13 10:20:00,140.8,355,89,41.4,0,0,0
2026-09-13 10:25:00,138.6,356,87,40.5,0,0,0
2026-09-13 10:30:00,141.8,365,90,40.1,0,0,0
2026-09-13 10:35:00,138.6,6,62,42.3,0,0,0
2026-09-13 10:40:00,139.3,8,67,43.9,0,0,0
2026-09-13 10:45:00,134.9,10,64,37.9,0,0,0
2026-09-13 10:50:00,134.2,9,64,39.5,0,0,0
2026-09-13 10:55:00,130.4,6,67,38.5,0,0,0
2026-09-13 11:00:00,129.9,3,69,37.0,0,0,0
2026-09-13 11:05:00,127.9,2,67,40.6,0,0,0
2026-09-13 11:10:00,125.4,10,66,41.4,0,0,0
2026-09-13 11:15:00,129.2,9,66,41.2,0,0,0
2026-09-13 11:20:00,128.3,2,67,38.1,0,0,0
2026-09-13 11:25:00,129.9,11,67,42.3,0,0,0
2026-09-13 11:30:00,127.8,11,67,40.5,0,0,0
2026-09-13 11:35:00,126.5,6,67,37.5,0,0,0
2026-09-13 11:40:00,122.7,15,65,42.6,0,0,0
2026-09-13 11:45:00,122.2,10,66,39.5,0,0,0
2026-09-13 11:50:00,120.8,11,69,41.3,0,0,0
2026-09-13 11:55:00,119.3,14,70,41.3,0,0,0
2026-09-13 12:00:00,117.6,7,64,40.7,0,0,0
2026-09-13 12:05:00,119.5,3,66,41.4,0,0,0
2026-09-13 12:10:00,118.9,6,69,39.2,0,0,0
2026-09-13 12:15:00,119.0,9,66,42.7,0,0,0
2026-09-13 12:20:00,119.4,11,65,36.7,0,0,0
2026-09-13 12:25:00,120.2,10,65,38.8,0,0,0
2026-09-13 12:30:00,122.9,6,66,41.3,0,0,0
2026-09-13 12:35:00,122.0,2,69,35.5,0,0,0
2026-09-13 12:40:00,121.0,9,68,39.8,0,0,0
2026-09-13 12:45:00,116.8,11,70,39.3,0,0,0
2026-09-13 12:50:00,117.8,6,66,39.6,0,0,0
2026-09-13 12:55:00,112.1,3,71,41.2,0,0,0
2026-09-13 13:00:00,113.9,8,67,41.7,0,0,0
2026-09-13 13:05:00,114.3,2,66,40.5,0,0,0
2026-09-13 13:10:00,111.0,5,65,39.2,0,0,0
2026-09-13 13:15:00,112.6,4,67,38.3,0,0,0
2026-09-13 13:20:00,117.9,7,63,40.3,0,0,0
2026-09-13 13:25:00,120.3,14,67,44.1,0,0,0
2026-09-13 13:30:00,120.5,6,68,41.7,0,0,0
2026-09-13 13:35:00,121.5,4,70,40.7,0,0,0
2026-09-13 13:40:00,120.5,2,68,38.4,0,0,0
2026-09-13 13:45:00,123.2,4,66,38.0,0,0,0
2026-09-13 13:50:00,125.2,5,68,38.3,0,60,68
2026-09-13 13:55:00,135.6,11,71,42.2,0,0,0
2026-09-13 14:00:00,142.0,4,67,36.9,0,0,0
2026-09-13 14:05:00,146.0,374,91,39.4,0,0,0
2026-09-13 14:10:00,149.4,372,90,37.6,0,0,0
2026-09-13 14:15:00,152.7,3,68,39.9,0,0,0
2026-09-13 14:20:00,157.5,15,69,39.2,0,0,0
2026-09-13 14:25:00,158.4,7,64,38.5,0,0,0
2026-09-13 14:30:00,159.0,21,72,42.0,0,0,0
2026-09-13 14:35:00,161.3,4,67,40.2,0,0,0
2026-09-13 14:40:00,160.4,7,64,38.0,0,0,0
2026-09-13 14:45:00,161.9,7,64,40.2,0,0,0
2026-09-13 14:50:00,162.0,12,72,40.5,0,0,0
2026-09-13 14:55:00,161.7,19,68,37.5,0,0,0
2026-09-13 15:00:00,159.2,8,68,40.7,0,0,0
2026-09-13 15:05:00,158.0,7,70,40.2,0,0,0
2026-09-13 15:10:00,156.8,3,66,43.5,0,0,0
2026-09-13 15:15:00,155.4,21,67,40.5,0,0,0
2026-09-13 15:20:00,152.3,21,64,40.7,0,0,0
2026-09-13 15:25:00,152.4,11,70,42.6,0,0,0
2026-09-13 15:30:00,150.0,3,67,42.6,0,0,0
2026-09-13 15:35:00,151.0,10,67,39.5,0,0,0
2026-09-13 15:40:00,148.6,21,68,33.5,0,0,0
2026-09-13 15:45:00,148.4,7,70,38.0,0,0,0
2026-09-13 15:50:00,146.3,4,63,38.6,0,0,0
2026-09-13 15:55:00,146.7,6,71,39.9,0,0,0
2026-09-13 16:00:00,149.3,12,69,39.9,0,0,0
2026-09-13 16:05:00,148.7,3,64,40.8,0,0,0
2026-09-13 16:10:00,149.2,4,63,41.6,0,0,0
2026-09-13 16:15:00,148.3,5,66,40.0,0,0,0
2026-09-13 16:20:00,148.9,9,70,41.4,0,0,0
2026-09-13 16:25:00,144.9,6,64,39.4,0,0,0
2026-09-13 16:30:00,145.9,8,70,40.9,0,0,0
2026-09-13 16:35:00,142.1,4,66,39.7,0,0,0
2026-09-13 16:40:00,141.9,10,66,39.5,0,0,0
2026-09-13 16:45:00,143.3,17,67,38.4,0,0,0
2026-09-13 16:50:00,139.8,12,67,42.2,0,0,0
2026-09-13 16:55:00,137.0,6,63,38.3,0,0,0
2026-09-13 17:00:00,132.7,15,67,41.3,0,0,0
2026-09-13 17:05:00,130.6,6,65,41.4,0,0,0
2026-09-13 17:10:00,130.5,5,68,40.3,0,0,0
2026-09-13 17:15:00,129.8,5,66,39.0,0,43,80
2026-09-13 17:20:00,133.3,11,66,42.4,0,0,0
2026-09-13 17:25:00,138.8,3,63,41.3,0,0,0
2026-09-13 17:30:00,143.7,473,99,39.0,0,0,0
2026-09-13 17:35:00,148.5,468,94,41.9,0,0,0
2026-09-13 17:40:00,152.0,5,68,37.8,0,0,0
2026-09-13 17:45:00,152.4,6,66,44.0,0,0,0
2026-09-13 17:50:00,150.4,18,67,39.7,0,0,0
2026-09-13 17:55:00,149.8,4,70,39.1,0,0,0
2026-09-13 18:00:00,149.9,7,64,36.9,0,0,0
2026-09-13 18:05:00,152.7,8,68,41.4,0,0,0
2026-09-13 18:10:00,146.0,12,68,40.0,0,0,0
2026-09-13 18:15:00,142.4,3,65,36.7,0,0,0
2026-09-13 18:20:00,141.3,5,67,42.2,0,0,0
2026-09-13 18:25:00,144.1,1,69,37.1,0,0,0
2026-09-13 18:30:00,142.6,5,64,39.6,0,0,0
2026-09-13 18:35:00,142.5,12,67,41.0,0,0,0
2026-09-13 18:40:00,142.4,7,69,38.2,0,0,0
2026-09-13 18:45:00,142.0,2,64,40.1,0,0,0
2026-09-13 18:50:00,142.4,10,64,40.2,0,0,0
2026-09-13 18:55:00,141.3,3,66,41.9,0,0,0
2026-09-13 19:00:00,136.9,6,68,39.5,0,0,0
2026-09-13 19:05:00,136.9,4,67,40.5,0,0,0
2026-09-13 19:10:00,135.2,8,63,40.9,0,0,0
2026-09-13 19:15:00,130.5,16,68,37.6,0,0,0
2026-09-13 19:20:00,130.3,6,67,36.6,0,0,0
2026-09-13 19:25:00,131.1,6,64,40.1,0,0,0
2026-09-13 19:30:00,129.8,19,67,40.1,0,0,0
2026-09-13 19:35:00,130.5,12,67,38.5,0,0,0
2026-09-13 19:40:00,130.3,12,69,40.2,0,0,0
2026-09-13 19:45:00,127.0,6,66,41.6,0,0,0
2026-09-13 19:50:00,128.4,7,68,39.7,0,0,0
2026-09-13 19:55:00,129.3,3,68,40.2,0,0,0
2026-09-13 20:00:00,128.3,6,68,39.2,0,0,0
2026-09-13 20:05:00,125.1,6,69,41.6,0,0,0
2026-09-13 20:10:00,124.9,6,66,37.3,0,0,0
2026-09-13 20:15:00,122.1,2,69,41.7,0,0,0
2026-09-13 20:20:00,121.3,10,68,36.3,0,0,0
2026-09-13 20:25:00,123.5,3,65,39.6,0,0,0
2026-09-13 20:30:00,125.4,4,66,40.0,0,0,0
2026-09-13 20:35:00,124.4,7,67,41.6,0,0,0
2026-09-13 20:40:00,126.9,11,67,40.8,0,0,0
2026-09-13 20:45:00,127.3,3,63,38.8,0,0,0
2026-09-13 20:50:00,128.4,6,67,37.6,0,0,0
2026-09-13 20:55:00,128.0,9,65,37.1,0,0,0
2026-09-13 21:00:00,128.6,12,67,39.0,0,0,0
2026-09-13 21:05:00,126.8,5,68,42.8,0,0,0
2026-09-13 21:10:00,125.6,5,68,41.1,0,0,0
2026-09-13 21:15:00,126.7,2,64,36.6,0,0,0
2026-09-13 21:20:00,126.8,6,67,40.2,0,0,0
2026-09-13 21:25:00,125.2,12,69,40.8,0,0,0
2026-09-13 21:30:00,124.1,11,70,41.9,0,0,0
2026-09-13 21:35:00,122.3,8,69,44.9,0,0,0
2026-09-13 21:40:00,120.6,2,66,38.3,0,0,0
2026-09-13 21:45:00,122.8,14,65,36.7,0,0,0
2026-09-13 21:50:00,120.7,11,66,37.9,0,0,0
2026-09-13 21:55:00,118.0,8,64,43.1,0,0,0
2026-09-13 22:00:00,120.9,7,63,39.5,0,0,0
2026-09-13 22:05:00,124.1,8,65,38.3,0,0,0
2026-09-13 22:10:00,125.0,2,68,45.2,0,0,0
2026-09-13 22:15:00,124.3,10,67,40.6,0,0,0
2026-09-13 22:20:00,122.3,7,63,40.7,0,0,0
2026-09-13 22:25:00,122.5,2,74,39.9,0,0,0
2026-09-13 22:30:00,124.7,7,63,36.1,0,0,0
2026-09-13 22:35:00,127.9,7,65,38.5,0,0,0
2026-09-13 22:40:00,129.2,14,65,42.9,0,0,0
2026-09-13 22:45:00,130.9,7,65,38.9,0,0,0
2026-09-13 22:50:00,132.4,8,64,41.0,0,0,0
2026-09-13 22:55:00,131.3,1,69,38.4,0,0,0
2026-09-13 23:00:00,129.2,5,71,38.3,0,0,0
2026-09-13 23:05:00,126.7,14,67,39.3,0,0,0
2026-09-13 23:10:00,126.3,6,64,42.4,0,0,0
2026-09-13 23:15:00,124.0,9,68,38.7,0,0,0
2026-09-13 23:20:00,121.5,13,66,36.6,0,0,0
2026-09-13 23:25:00,121.7,7,67,41.7,0,0,0
2026-09-13 23:30:00,121.4,2,68,41.5,0,0,0
2026-09-13 23:35:00,122.1,9,67,42.1,0,0,0
2026-09-13 23:40:00,125.4,19,65,37.0,0,0,0
2026-09-13 23:45:00,123.6,2,66,37.3,0,0,0
2026-09-13 23:50:00,124.8,4,65,35.7,0,0,0
2026-09-13 23:55:00,125.3,6,70,43.0,0,0,0
2026-09-14 00:00:00,115.1,7,67,44.0,0,0,0
2026-09-14 00:05:00,113.6,10,67,44.9,0,0,0
2026-09-14 00:10:00,114.2,6,67,44.6,0,0,0
2026-09-14 00:15:00,113.5,7,66,42.0,0,0,0
2026-09-14 00:20:00,115.4,6,67,43.6,0,0,0
2026-09-14 00:25:00,113.7,3,56,73.3,1,0,0
2026-09-14 00:30:00,110.6,1,59,74.0,1,0,0
2026-09-14 00:35:00,114.4,1,58,67.4,1,0,0
2026-09-14 00:40:00,114.1,0,57,69.6,1,0,0
2026-09-14 00:45:00,118.8,0,59,75.3,1,0,0
2026-09-14 00:50:00,119.2,0,57,71.2,1,0,0
2026-09-14 00:55:00,117.1,1,58,74.6,1,0,0
2026-09-14 01:00:00,115.0,0,59,70.6,1,0,0
2026-09-14 01:05:00,115.2,1,60,72.7,1,0,0
2026-09-14 01:10:00,113.7,1,56,70.9,1,0,0
2026-09-14 01:15:00,113.7,0,56,69.3,1,0,0
2026-09-14 01:20:00,117.1,0,59,71.9,1,0,0
2026-09-14 01:25:00,117.7,0,55,69.0,1,0,0
2026-09-14 01:30:00,120.3,0,59,69.5,1,0,0
2026-09-14 01:35:00,122.0,0,54,65.7,1,0,0
2026-09-14 01:40:00,125.9,0,54,69.9,1,0,0
2026-09-14 01:45:00,129.2,0,57,71.4,1,0,0
2026-09-14 01:50:00,129.6,0,57,70.0,1,0,0
2026-09-14 01:55:00,131.0,0,56,72.1,1,0,0
2026-09-14 02:00:00,128.3,0,59,74.1,1,0,0
2026-09-14 02:05:00,128.3,0,55,67.3,1,0,0
2026-09-14 02:10:00,128.2,0,58,71.0,1,0,0
2026-09-14 02:15:00,122.4,0,57,69.2,1,0,0
2026-09-14 02:20:00,120.7,0,59,67.9,1,0,0
2026-09-14 02:25:00,118.8,0,60,65.6,1,0,0
2026-09-14 02:30:00,118.1,0,54,71.1,1,0,0
2026-09-14 02:35:00,117.7,0,61,70.4,1,0,0
2026-09-14 02:40:00,116.9,0,59,70.3,1,0,0
2026-09-14 02:45:00,118.4,1,57,71.9,1,0,0
2026-09-14 02:50:00,116.5,1,56,68.3,1,0,0
2026-09-14 02:55:00,114.9,1,60,71.1,1,0,0
2026-09-14 03:00:00,117.3,0,55,70.9,1,0,0
2026-09-14 03:05:00,116.5,0,59,73.2,1,0,0
2026-09-14 03:10:00,120.9,0,55,70.4,1,0,0
2026-09-14 03:15:00,121.8,0,60,71.7,1,0,0
2026-09-14 03:20:00,122.5,0,58,72.5,1,0,0
2026-09-14 03:25:00,121.4,0,58,67.6,1,0,0
2026-09-14 03:30:00,124.0,1,62,69.5,1,0,0
2026-09-14 03:35:00,125.4,2,59,71.1,1,0,0
2026-09-14 03:40:00,123.1,0,55,69.5,1,0,0
2026-09-14 03:45:00,123.1,0,58,73.6,1,0,0
2026-09-14 03:50:00,123.2,0,61,72.3,1,0,0
2026-09-14 03:55:00,122.5,0,58,69.8,1,0,0
2026-09-14 04:00:00,120.0,1,57,70.1,1,0,0
2026-09-14 04:05:00,121.9,0,58,68.2,1,0,0
2026-09-14 04:10:00,119.4,0,59,71.2,1,0,0
2026-09-14 04:15:00,120.2,0,58,66.8,1,0,0
2026-09-14 04:20:00,122.4,0,60,69.3,1,0,0
2026-09-14 04:25:00,120.0,0,59,66.0,1,0,0
2026-09-14 04:30:00,121.5,0,56,71.6,1,0,0
2026-09-14 04:35:00,120.6,0,57,71.9,1,0,0
2026-09-14 04:40:00,120.4,0,57,71.6,1,0,0
2026-09-14 04:45:00,118.9,1,57,68.9,1,0,0
2026-09-14 04:50:00,119.4,0,57,74.3,1,0,0
2026-09-14 04:55:00,119.7,0,58,70.5,1,0,0
2026-09-14 05:00:00,120.9,0,56,71.2,1,0,0
2026-09-14 05:05:00,120.3,1,61,74.7,1,0,0
2026-09-14 05:10:00,118.3,0,57,71.3,1,0,0
2026-09-14 05:15:00,116.5,1,59,67.2,1,0,0
2026-09-14 05:20:00,113.7,0,58,70.2,1,0,0
2026-09-14 05:25:00,113.5,0,57,72.8,1,0,0
2026-09-14 05:30:00,113.3,0,59,69.1,1,0,0
2026-09-14 05:35:00,112.9,0,57,70.5,1,0,0
2026-09-14 05:40:00,113.2,0,55,70.2,1,0,0
2026-09-14 05:45:00,115.6,1,58,67.8,1,0,0
2026-09-14 05:50:00,118.6,0,57,68.3,1,0,0
2026-09-14 05:55:00,121.1,0,60,73.0,1,0,0
2026-09-14 06:00:00,120.4,1,61,71.1,1,0,0
2026-09-14 06:05:00,124.0,0,58,69.6,1,0,0
2026-09-14 06:10:00,124.5,0,57,72.2,1,0,0
2026-09-14 06:15:00,123.5,1,57,67.7,1,0,0
2026-09-14 06:20:00,124.9,0,59,75.1,1,0,0
2026-09-14 06:25:00,128.9,0,60,69.8,1,0,0
2026-09-14 06:30:00,125.3,9,69,42.5,0,0,0
2026-09-14 06:35:00,126.5,5,67,45.3,0,0,0
2026-09-14 06:40:00,127.2,11,65,43.1,0,0,0
2026-09-14 06:45:00,129.3,11,65,45.7,0,0,0
2026-09-14 06:50:00,126.9,9,65,44.8,0,0,0
2026-09-14 06:55:00,127.1,9,64,39.9,0,0,0
2026-09-14 07:00:00,126.8,5,65,43.2,0,0,0
2026-09-14 07:05:00,131.3,10,64,43.5,0,0,0
2026-09-14 07:10:00,131.4,7,69,44.3,0,0,0
2026-09-14 07:15:00,132.8,11,67,42.8,0,0,0
2026-09-14 07:20:00,127.8,9,66,45.1,0,0,0
2026-09-14 07:25:00,127.1,10,67,36.5,0,0,0
2026-09-14 07:30:00,126.4,8,64,42.9,0,0,0
2026-09-14 07:35:00,126.6,6,69,46.7,0,0,0
2026-09-14 07:40:00,127.1,12,69,38.6,0,0,0
2026-09-14 07:45:00,124.4,4,66,42.0,0,0,0
2026-09-14 07:50:00,124.1,7,68,45.9,0,0,0
2026-09-14 07:55:00,119.5,4,67,43.7,0,26,55
2026-09-14 08:00:00,122.1,13,71,43.1,0,0,0
2026-09-14 08:05:00,124.2,13,73,40.3,0,0,0
2026-09-14 08:10:00,126.1,1,70,38.8,0,0,0
2026-09-14 08:15:00,127.7,9,67,40.9,0,0,0
2026-09-14 08:20:00,129.4,26,71,44.4,0,0,0
2026-09-14 08:25:00,130.0,15,72,42.7,0,0,0
2026-09-14 08:30:00,132.2,15,69,47.1,0,0,0
2026-09-14 08:35:00,132.1,10,65,41.0,0,0,0
2026-09-14 08:40:00,127.6,3,68,44.1,0,0,0
2026-09-14 08:45:00,129.9,6,69,42.1,0,0,0
2026-09-14 08:50:00,128.1,8,67,42.4,0,0,0
2026-09-14 08:55:00,127.5,7,70,40.9,0,0,0
2026-09-14 09:00:00,126.6,18,70,44.0,0,0,0
2026-09-14 09:05:00,125.7,4,69,42.9,0,0,0
2026-09-14 09:10:00,126.7,21,69,43.6,0,0,0
2026-09-14 09:15:00,127.1,7,64,43.7,0,0,0
2026-09-14 09:20:00,126.7,21,63,44.0,0,0,0
2026-09-14 09:25:00,125.9,2,68,43.3,0,0,0
2026-09-14 09:30:00,125.5,9,67,44.1,0,0,0
2026-09-14 09:35:00,123.2,4,67,43.6,0,0,0
2026-09-14 09:40:00,125.2,5,64,43.0,0,0,0
2026-09-14 09:45:00,125.4,23,66,42.1,0,0,0
2026-09-14 09:50:00,123.9,6,68,42.9,0,0,0
2026-09-14 09:55:00,117.2,6,69,42.5,0,0,0
2026-09-14 10:00:00,118.0,4,68,39.2,0,0,0
2026-09-14 10:05:00,116.5,4,71,46.1,0,0,0
2026-09-14 10:10:00,115.9,340,87,44.8,0,0,0
2026-09-14 10:15:00,114.2,347,90,42.5,0,0,0
2026-09-14 10:20:00,117.6,7,68,44.0,0,0,0
2026-09-14 10:25:00,114.8,12,70,42.9,0,0,0
2026-09-14 10:30:00,112.3,3,67,43.9,0,0,0
2026-09-14 10:35:00,115.4,14,66,45.7,0,0,0
2026-09-14 10:40:00,115.3,10,67,43.1,0,0,0
2026-09-14 10:45:00,114.1,6,68,42.1,0,0,0
2026-09-14 10:50:00,114.4,12,69,44.4,0,0,0
2026-09-14 10:55:00,114.8,22,67,47.2,0,0,0
2026-09-14 11:00:00,113.0,21,67,45.6,0,0,0
2026-09-14 11:05:00,113.5,3,65,42.6,0,0,0
2026-09-14 11:10:00,114.4,8,71,44.9,0,0,0
2026-09-14 11:15:00,114.1,6,68,43.6,0,0,0
2026-09-14 11:20:00,113.1,8,67,42.3,0,0,0
2026-09-14 11:25:00,111.0,6,66,44.9,0,0,0
2026-09-14 11:30:00,112.0,10,64,44.3,0,0,0
2026-09-14 11:35:00,111.0,1,68,44.1,0,0,0
2026-09-14 11:40:00,110.4,16,65,44.5,0,0,0
2026-09-14 11:45:00,111.9,17,68,40.8,0,0,0
2026-09-14 11:50:00,110.9,4,60,41.4,0,0,0
2026-09-14 11:55:00,109.1,6,69,41.1,0,0,0
2026-09-14 12:00:00,110.3,4,66,42.9,0,0,0
2026-09-14 12:05:00,110.2,14,69,42.8,0,0,0
2026-09-14 12:10:00,110.8,4,62,43.8,0,0,0
2026-09-14 12:15:00,108.7,4,63,43.8,0,0,0
2026-09-14 12:20:00,113.9,7,66,42.8,0,0,0
2026-09-14 12:25:00,115.3,10,69,46.6,0,0,0
2026-09-14 12:30:00,115.7,12,66,44.3,0,0,0
2026-09-14 12:35:00,117.7,7,66,42.3,0,0,0
2026-09-14 12:40:00,115.5,10,64,43.0,0,0,0
2026-09-14 12:45:00,115.7,2,65,44.9,0,0,0
2026-09-14 12:50:00,115.1,28,69,47.2,0,0,0
2026-09-14 12:55:00,116.5,11,67,46.8,0,0,0
2026-09-14 13:00:00,120.6,13,65,42.2,0,0,0
2026-09-14 13:05:00,123.0,5,68,42.8,0,0,0
2026-09-14 13:10:00,120.3,3,66,45.3,0,0,0
2026-09-14 13:15:00,118.4,5,65,41.6,0,0,0
2026-09-14 13:20:00,117.0,6,64,42.2,0,0,0
2026-09-14 13:25:00,117.0,14,66,45.9,0,0,0
2026-09-14 13:30:00,116.8,5,65,45.9,0,0,0
2026-09-14 13:35:00,113.1,5,62,43.8,0,0,0
2026-09-14 13:40:00,112.7,5,67,43.6,0,0,0
2026-09-14 13:45:00,117.9,1,66,44.2,0,0,0
2026-09-14 13:50:00,118.3,12,71,43.8,0,89,75
2026-09-14 13:55:00,133.7,24,72,45.4,0,0,0
2026-09-14 14:00:00,141.4,6,71,43.8,0,0,0
2026-09-14 14:05:00,151.6,476,99,43.5,0,0,0
2026-09-14 14:10:00,153.6,477,95,43.7,0,0,0
2026-09-14 14:15:00,156.0,5,72,40.9,0,0,0
2026-09-14 14:20:00,157.3,13,67,41.4,0,0,0
2026-09-14 14:25:00,158.3,17,67,42.9,0,0,0
2026-09-14 14:30:00,159.0,15,66,42.5,0,0,0
2026-09-14 14:35:00,159.1,3,63,43.9,0,0,0
2026-09-14 14:40:00,158.9,10,68,40.5,0,0,0
2026-09-14 14:45:00,158.3,4,67,45.8,0,0,0
2026-09-14 14:50:00,156.9,7,69,41.8,0,0,0
2026-09-14 14:55:00,155.9,17,64,42.7,0,0,0
2026-09-14 15:00:00,151.4,8,68,41.5,0,0,0
2026-09-14 15:05:00,149.5,2,69,43.6,0,0,0
2026-09-14 15:10:00,146.7,18,68,46.1,0,0,0
2026-09-14 15:15:00,145.0,12,68,43.4,0,0,0
2026-09-14 15:20:00,144.8,12,68,43.7,0,0,0
2026-09-14 15:25:00,145.4,4,69,44.0,0,0,0
2026-09-14 15:30:00,143.7,8,66,43.4,0,0,0
2026-09-14 15:35:00,141.3,11,67,42.8,0,0,0
2026-09-14 15:40:00,139.9,6,65,38.6,0,0,0
2026-09-14 15:45:00,137.4,13,66,44.2,0,0,0
2026-09-14 15:50:00,140.7,8,69,39.0,0,0,0
2026-09-14 15:55:00,140.3,21,69,43.3,0,0,0
2026-09-14 16:00:00,133.9,5,67,42.9,0,0,0
2026-09-14 16:05:00,133.0,8,66,41.5,0,0,0
2026-09-14 16:10:00,128.1,7,65,43.0,0,0,0
2026-09-14 16:15:00,130.1,11,67,46.1,0,0,0
2026-09-14 16:20:00,128.9,7,68,50.3,0,0,0
2026-09-14 16:25:00,127.2,4,64,42.1,0,0,0
2026-09-14 16:30:00,125.4,7,64,47.3,0,0,0
2026-09-14 16:35:00,124.8,16,67,42.2,0,0,0
2026-09-14 16:40:00,126.6,21,65,43.0,0,0,0
2026-09-14 16:45:00,122.7,3,67,42.7,0,0,0
2026-09-14 16:50:00,123.7,6,70,39.8,0,0,0
2026-09-14 16:55:00,123.8,9,67,44.8,0,0,0
2026-09-14 17:00:00,126.0,12,65,42.3,0,0,0
2026-09-14 17:05:00,125.4,10,63,43.5,0,0,0
2026-09-14 17:10:00,121.6,12,67,45.6,0,0,0
2026-09-14 17:15:00,117.4,10,66,41.7,0,0,0
2026-09-14 17:20:00,117.9,3,66,42.4,0,0,0
2026-09-14 17:25:00,119.6,14,68,45.6,0,0,0
2026-09-14 17:30:00,116.3,23,67,41.3,0,0,0
2026-09-14 17:35:00,117.9,13,69,42.2,0,0,0
2026-09-14 17:40:00,117.2,8,68,43.4,0,0,0
2026-09-14 17:45:00,121.1,6,69,46.2,0,13,35
2026-09-14 17:50:00,117.8,9,70,44.0,0,0,0
2026-09-14 17:55:00,115.6,8,74,41.3,0,0,0
2026-09-14 18:00:00,114.0,5,66,40.0,0,0,0
2026-09-14 18:05:00,117.7,2,72,43.4,0,0,0
2026-09-14 18:10:00,120.6,8,65,38.0,0,0,0
2026-09-14 18:15:00,122.7,22,68,43.3,0,0,0
2026-09-14 18:20:00,122.8,3,66,44.4,0,0,0
2026-09-14 18:25:00,125.5,9,64,41.5,0,0,0
2026-09-14 18:30:00,128.2,13,68,41.2,0,0,0
2026-09-14 18:35:00,129.2,9,64,42.7,0,0,0
2026-09-14 18:40:00,129.9,6,69,38.4,0,0,0
2026-09-14 18:45:00,128.0,12,70,44.0,0,0,0
2026-09-14 18:50:00,126.8,7,65,47.9,0,0,0
2026-09-14 18:55:00,129.8,17,67,45.9,0,0,0
2026-09-14 19:00:00,127.5,3,66,46.5,0,0,0
2026-09-14 19:05:00,129.6,9,66,44.5,0,0,0
2026-09-14 19:10:00,126.8,8,66,45.1,0,0,0
2026-09-14 19:15:00,127.5,5,68,44.8,0,0,0
2026-09-14 19:20:00,128.5,4,69,45.4,0,0,0
2026-09-14 19:25:00,127.4,21,70,43.8,0,0,0
2026-09-14 19:30:00,128.1,5,65,45.0,0,0,0
2026-09-14 19:35:00,129.3,14,71,46.1,0,0,0
2026-09-14 19:40:00,128.8,12,63,47.0,0,0,0
2026-09-14 19:45:00,130.0,18,65,43.8,0,0,0
2026-09-14 19:50:00,127.6,17,65,43.6,0,0,0
2026-09-14 19:55:00,125.9,7,64,44.3,0,0,0
2026-09-14 20:00:00,123.4,5,63,45.9,0,0,0
2026-09-14 20:05:00,121.6,6,69,40.9,0,0,0
2026-09-14 20:10:00,120.7,11,67,43.0,0,0,0
2026-09-14 20:15:00,122.2,6,66,43.8,0,0,0
2026-09-14 20:20:00,122.5,2,64,44.1,0,0,0
2026-09-14 20:25:00,121.9,6,66,44.7,0,0,0
2026-09-14 20:30:00,119.5,4,65,44.6,0,0,0
2026-09-14 20:35:00,117.5,5,67,45.1,0,0,0
2026-09-14 20:40:00,119.3,7,69,44.8,0,0,0
2026-09-14 20:45:00,120.1,2,66,44.0,0,0,0
2026-09-14 20:50:00,122.3,5,71,47.6,0,0,0
2026-09-14 20:55:00,119.2,12,65,45.2,0,0,0
2026-09-14 21:00:00,120.2,4,63,47.7,0,0,0
2026-09-14 21:05:00,122.4,10,66,44.9,0,0,0
2026-09-14 21:10:00,122.6,5,62,42.9,0,0,0
2026-09-14 21:15:00,118.9,2,66,42.3,0,0,0
2026-09-14 21:20:00,117.5,8,66,43.5,0,0,0
2026-09-14 21:25:00,120.5,10,72,45.9,0,83,75
2026-09-14 21:30:00,131.1,6,69,47.8,0,0,0
2026-09-14 21:35:00,142.8,10,69,41.6,0,0,0
2026-09-14 21:40:00,148.6,503,99,41.7,0,0,0
2026-09-14 21:45:00,153.3,510,101,44.6,0,0,0
2026-09-14 21:50:00,153.9,3,69,45.4,0,0,0
2026-09-14 21:55:00,157.8,7,67,40.8,0,0,0
2026-09-14 22:00:00,157.5,5,67,41.3,0,0,0
2026-09-14 22:05:00,156.5,6,66,43.0,0,0,0
2026-09-14 22:10:00,154.3,13,69,42.7,0,0,0
2026-09-14 22:15:00,154.4,6,68,45.5,0,0,0
2026-09-14 22:20:00,152.5,10,64,43.7,0,0,0
2026-09-14 22:25:00,154.3,8,70,41.9,0,0,0
2026-09-14 22:30:00,155.7,11,68,45.0,0,0,0
2026-09-14 22:35:00,152.4,9,68,44.2,0,0,0
2026-09-14 22:40:00,154.6,9,70,45.8,0,0,0
2026-09-14 22:45:00,152.4,4,64,42.8,0,0,0
2026-09-14 22:50:00,148.8,4,64,43.8,0,0,0
2026-09-14 22:55:00,146.4,11,66,46.2,0,0,0
2026-09-14 23:00:00,142.4,11,64,41.2,0,0,0
2026-09-14 23:05:00,141.5,8,66,42.2,0,0,0
2026-09-14 23:10:00,140.1,13,66,40.1,0,0,0
2026-09-14 23:15:00,138.9,7,63,43.8,0,0,0
2026-09-14 23:20:00,138.6,18,67,42.7,0,0,0
2026-09-14 23:25:00,137.8,9,63,41.7,0,0,0
2026-09-14 23:30:00,133.0,6,66,43.0,0,0,0
2026-09-14 23:35:00,129.5,15,68,40.5,0,0,0
2026-09-14 23:40:00,130.4,20,67,43.6,0,0,0
2026-09-14 23:45:00,128.8,11,66,41.7,0,0,0
2026-09-14 23:50:00,126.2,7,66,39.5,0,0,0
2026-09-14 23:55:00,128.8,10,68,41.0,0,0,0
