timestamp,glucose_mgdl,steps,heart_rate,hrv_ms,sleeping,carbs_g,meal_gi
2026-09-01 00:00:00,149.1,17,78,33.5,0,0,0
2026-09-01 00:05:00,148.1,22,79,34.8,0,0,0
2026-09-01 00:10:00,147.4,8,81,35.1,0,0,0
2026-09-01 00:15:00,148.0,29,81,34.8,0,0,0
2026-09-01 00:20:00,151.2,23,81,32.1,0,0,0
2026-09-01 00:25:00,150.9,25,80,34.7,0,0,0
2026-09-01 00:30:00,152.0,23,77,32.6,0,0,0
2026-09-01 00:35:00,153.9,39,80,37.4,0,0,0
2026-09-01 00:40:00,152.4,17,80,34.4,0,0,0
2026-09-01 00:45:00,154.0,13,79,36.0,0,0,0
2026-09-01 00:50:00,154.3,28,79,33.6,0,0,0
2026-09-01 00:55:00,153.6,0,69,54.8,1,0,0
2026-09-01 01:00:00,152.7,0,66,55.7,1,0,0
2026-09-01 01:05:00,153.1,1,66,59.9,1,0,0
2026-09-01 01:10:00,151.8,0,67,61.1,1,0,0
2026-09-01 01:15:00,153.0,0,72,56.3,1,0,0
2026-09-01 01:20:00,153.2,0,68,58.2,1,0,0
2026-09-01 01:25:00,152.8,0,71,56.8,1,0,0
2026-09-01 01:30:00,151.1,0,71,55.6,1,0,0
2026-09-01 01:35:00,151.0,1,71,58.8,1,0,0
2026-09-01 01:40:00,151.6,1,70,58.3,1,0,0
2026-09-01 01:45:00,150.7,0,69,56.8,1,0,0
2026-09-01 01:50:00,153.0,1,70,56.7,1,0,0
2026-09-01 01:55:00,154.1,0,72,57.8,1,0,0
2026-09-01 02:00:00,150.9,0,74,54.6,1,0,0
2026-09-01 02:05:00,148.9,0,70,55.9,1,0,0
2026-09-01 02:10:00,148.0,0,69,55.3,1,0,0
2026-09-01 02:15:00,150.8,0,70,56.3,1,0,0
2026-09-01 02:20:00,148.8,0,71,55.4,1,0,0
2026-09-01 02:25:00,148.1,0,72,56.2,1,0,0
2026-09-01 02:30:00,150.3,0,75,55.3,1,0,0
2026-09-01 02:35:00,149.4,0,69,53.7,1,0,0
2026-09-01 02:40:00,149.7,0,69,56.4,1,0,0
2026-09-01 02:45:00,152.7,1,68,53.0,1,0,0
2026-09-01 02:50:00,152.5,0,69,52.9,1,0,0
2026-09-01 02:55:00,153.9,0,69,57.6,1,0,0
2026-09-01 03:00:00,155.8,0,70,55.1,1,0,0
2026-09-01 03:05:00,156.3,2,72,55.4,1,0,0
2026-09-01 03:10:00,154.5,0,67,57.5,1,0,0
2026-09-01 03:15:00,155.9,0,71,55.7,1,0,0
2026-09-01 03:20:00,156.4,0,70,56.3,1,0,0
2026-09-01 03:25:00,157.0,0,75,57.6,1,0,0
2026-09-01 03:30:00,159.0,0,65,56.7,1,0,0
2026-09-01 03:35:00,155.3,0,69,56.3,1,0,0
2026-09-01 03:40:00,153.1,0,71,54.7,1,0,0
2026-09-01 03:45:00,147.7,0,68,52.1,1,0,0
2026-09-01 03:50:00,148.5,0,72,54.5,1,0,0
2026-09-01 03:55:00,149.4,0,71,57.8,1,0,0
2026-09-01 04:00:00,149.9,1,70,56.2,1,0,0
2026-09-01 04:05:00,152.1,1,67,56.4,1,0,0
2026-09-01 04:10:00,153.2,0,72,54.3,1,0,0
2026-09-01 04:15:00,152.8,1,71,53.7,1,0,0
2026-09-01 04:20:00,154.3,1,72,57.9,1,0,0
2026-09-01 04:25:00,156.3,1,72,55.1,1,0,0
2026-09-01 04:30:00,160.7,0,67,57.4,1,0,0
2026-09-01 04:35:00,159.7,0,66,57.7,1,0,0
2026-09-01 04:40:00,158.2,1,69,52.8,1,0,0
2026-09-01 04:45:00,160.0,2,68,57.9,1,0,0
2026-09-01 04:50:00,159.7,0,71,54.6,1,0,0
2026-09-01 04:55:00,157.7,0,70,56.6,1,0,0
2026-09-01 05:00:00,159.5,1,72,54.5,1,0,0
2026-09-01 05:05:00,158.3,1,68,56.4,1,0,0
2026-09-01 05:10:00,159.5,0,66,55.7,1,0,0
2026-09-01 05:15:00,158.3,0,70,54.9,1,0,0
2026-09-01 05:20:00,157.0,0,74,50.8,1,0,0
2026-09-01 05:25:00,153.4,0,71,58.5,1,0,0
2026-09-01 05:30:00,155.7,0,72,56.0,1,0,0
2026-09-01 05:35:00,156.3,1,71,53.3,1,0,0
2026-09-01 05:40:00,157.7,0,70,56.1,1,0,0
2026-09-01 05:45:00,158.5,0,68,56.4,1,0,0
2026-09-01 05:50:00,159.4,0,75,57.5,1,0,0
2026-09-01 05:55:00,157.3,0,71,56.5,1,0,0
2026-09-01 06:00:00,155.9,0,70,53.7,1,0,0
2026-09-01 06:05:00,158.4,5,68,54.2,1,0,0
2026-09-01 06:10:00,157.9,0,69,54.8,1,0,0
2026-09-01 06:15:00,161.1,0,70,57.0,1,0,0
2026-09-01 06:20:00,163.7,0,70,60.3,1,0,0
2026-09-01 06:25:00,164.4,0,71,56.1,1,0,0
2026-09-01 06:30:00,166.3,0,71,55.7,1,0,0
2026-09-01 06:35:00,165.9,0,72,59.8,1,0,0
2026-09-01 06:40:00,162.7,0,70,58.2,1,0,0
2026-09-01 06:45:00,160.0,1,69,55.8,1,0,0
2026-09-01 06:50:00,159.9,0,71,56.7,1,0,0
2026-09-01 06:55:00,158.7,25,80,34.3,0,0,0
2026-09-01 07:00:00,157.2,29,78,35.8,0,0,0
2026-09-01 07:05:00,155.2,19,80,33.0,0,0,0
2026-09-01 07:10:00,154.3,34,81,32.0,0,0,0
2026-09-01 07:15:00,155.5,28,83,31.2,0,0,0
2026-09-01 07:20:00,154.0,20,81,28.7,0,0,0
2026-09-01 07:25:00,153.7,18,80,33.4,0,0,0
2026-09-01 07:30:00,154.6,20,79,35.7,0,0,0
2026-09-01 07:35:00,155.8,41,81,36.4,0,0,0
2026-09-01 07:40:00,154.8,4,78,34.0,0,0,0
2026-09-01 07:45:00,149.4,22,80,34.9,0,0,0
2026-09-01 07:50:00,149.9,13,77,33.8,0,0,0
2026-09-01 07:55:00,148.7,27,80,31.7,0,0,0
2026-09-01 08:00:00,146.0,17,78,33.2,0,0,0
2026-09-01 08:05:00,148.6,14,80,35.9,0,56,70
2026-09-01 08:10:00,158.0,32,86,36.5,0,0,0
2026-09-01 08:15:00,162.0,11,81,33.3,0,0,0
2026-09-01 08:20:00,163.4,21,81,36.6,0,0,0
2026-09-01 08:25:00,162.8,39,82,38.2,0,0,0
2026-09-01 08:30:00,164.7,23,86,35.2,0,0,0
2026-09-01 08:35:00,164.5,21,77,31.9,0,0,0
2026-09-01 08:40:00,164.6,28,82,36.8,0,0,0
2026-09-01 08:45:00,162.3,41,78,30.4,0,0,0
2026-09-01 08:50:00,164.4,10,80,34.9,0,0,0
2026-09-01 08:55:00,167.8,30,78,38.4,0,0,0
2026-09-01 09:00:00,164.5,27,78,35.2,0,0,0
2026-09-01 09:05:00,167.1,21,79,37.3,0,0,0
2026-09-01 09:10:00,165.9,28,78,33.5,0,0,0
2026-09-01 09:15:00,162.9,18,82,32.0,0,0,0
2026-09-01 09:20:00,161.3,55,83,33.6,0,0,0
2026-09-01 09:25:00,157.6,50,84,34.8,0,0,0
2026-09-01 09:30:00,157.2,18,81,35.6,0,0,0
2026-09-01 09:35:00,156.3,27,79,34.9,0,0,0
2026-09-01 09:40:00,154.0,24,82,33.1,0,0,0
2026-09-01 09:45:00,153.6,19,80,36.3,0,0,0
2026-09-01 09:50:00,151.9,20,80,37.1,0,0,0
2026-09-01 09:55:00,150.3,22,80,31.7,0,0,0
2026-09-01 10:00:00,151.4,52,83,30.6,0,0,0
2026-09-01 10:05:00,151.5,9,77,35.3,0,0,0
2026-09-01 10:10:00,150.5,17,78,34.5,0,0,0
2026-09-01 10:15:00,151.7,36,79,30.0,0,0,0
2026-09-01 10:20:00,147.6,21,79,37.7,0,0,0
2026-09-01 10:25:00,143.5,50,77,34.2,0,0,0
2026-09-01 10:30:00,144.1,18,78,35.1,0,0,0
2026-09-01 10:35:00,146.0,51,77,35.9,0,0,0
2026-09-01 10:40:00,143.2,11,80,35.5,0,0,0
2026-09-01 10:45:00,140.6,8,78,35.3,0,0,0
2026-09-01 10:50:00,141.1,22,81,32.5,0,0,0
2026-09-01 10:55:00,139.5,37,79,31.8,0,0,0
2026-09-01 11:00:00,138.5,25,79,37.1,0,0,0
2026-09-01 11:05:00,137.0,33,77,30.8,0,0,0
2026-09-01 11:10:00,138.2,17,80,32.6,0,0,0
2026-09-01 11:15:00,137.3,12,80,34.3,0,0,0
2026-09-01 11:20:00,136.1,26,75,29.4,0,0,0
2026-09-01 11:25:00,133.1,33,78,33.1,0,0,0
2026-09-01 11:30:00,130.4,36,80,35.3,0,0,0
2026-09-01 11:35:00,130.2,32,81,34.8,0,0,0
2026-09-01 11:40:00,129.5,25,76,35.2,0,0,0
2026-09-01 11:45:00,128.9,10,78,33.8,0,0,0
2026-09-01 11:50:00,128.5,18,78,33.8,0,0,0
2026-09-01 11:55:00,126.7,559,116,32.8,0,0,0
2026-09-01 12:00:00,128.1,538,109,33.9,0,0,0
2026-09-01 12:05:00,127.5,539,111,36.2,0,0,0
2026-09-01 12:10:00,125.0,22,80,36.3,0,0,0
2026-09-01 12:15:00,130.0,26,80,32.4,0,0,0
2026-09-01 12:20:00,131.2,26,81,30.5,0,0,0
2026-09-01 12:25:00,134.1,10,78,36.4,0,0,0
2026-09-01 12:30:00,133.0,27,80,32.6,0,0,0
2026-09-01 12:35:00,132.1,17,77,35.9,0,0,0
2026-09-01 12:40:00,131.4,14,77,31.5,0,0,0
2026-09-01 12:45:00,132.0,35,80,35.4,0,0,0
2026-09-01 12:50:00,128.0,28,81,35.5,0,0,0
2026-09-01 12:55:00,127.5,43,79,33.8,0,0,0
2026-09-01 13:00:00,128.6,46,79,35.3,0,0,0
2026-09-01 13:05:00,129.9,20,79,35.8,0,0,0
2026-09-01 13:10:00,130.1,13,78,36.6,0,0,0
2026-09-01 13:15:00,130.8,76,87,33.2,0,78,68
2026-09-01 13:20:00,140.8,26,83,34.6,0,0,0
2026-09-01 13:25:00,150.0,17,84,36.1,0,0,0
2026-09-01 13:30:00,152.2,18,80,35.0,0,0,0
2026-09-01 13:35:00,154.7,15,81,36.3,0,0,0
2026-09-01 13:40:00,159.6,19,82,35.8,0,0,0
2026-09-01 13:45:00,163.6,33,75,35.8,0,0,0
2026-09-01 13:50:00,163.2,27,83,35.8,0,0,0
2026-09-01 13:55:00,164.3,19,81,34.0,0,0,0
2026-09-01 14:00:00,162.1,31,80,33.9,0,0,0
2026-09-01 14:05:00,172.0,23,75,33.5,0,0,0
2026-09-01 14:10:00,168.0,26,79,32.6,0,0,0
2026-09-01 14:15:00,167.9,11,80,37.2,0,0,0
2026-09-01 14:20:00,165.1,11,76,35.1,0,0,0
2026-09-01 14:25:00,163.7,45,77,39.0,0,0,0
2026-09-01 14:30:00,162.2,38,86,34.0,0,0,0
2026-09-01 14:35:00,162.1,25,79,35.4,0,0,0
2026-09-01 14:40:00,162.4,23,82,36.4,0,0,0
2026-09-01 14:45:00,161.0,24,80,35.0,0,0,0
2026-09-01 14:50:00,160.4,37,82,31.2,0,0,0
2026-09-01 14:55:00,159.2,25,82,33.6,0,0,0
2026-09-01 15:00:00,154.0,32,78,37.0,0,0,0
2026-09-01 15:05:00,153.5,24,82,36.7,0,0,0
2026-09-01 15:10:00,149.3,21,80,36.0,0,0,0
2026-09-01 15:15:00,148.3,24,79,31.5,0,0,0
2026-09-01 15:20:00,146.5,15,76,35.9,0,0,0
2026-09-01 15:25:00,146.1,27,82,30.5,0,0,0
2026-09-01 15:30:00,146.0,22,77,37.6,0,0,0
2026-09-01 15:35:00,144.4,17,80,36.2,0,0,0
2026-09-01 15:40:00,139.9,49,82,37.2,0,0,0
2026-09-01 15:45:00,139.8,3,78,34.2,0,0,0
2026-09-01 15:50:00,138.9,20,79,31.9,0,0,0
2026-09-01 15:55:00,140.3,26,81,33.6,0,0,0
2026-09-01 16:00:00,141.5,28,81,35.1,0,0,0
2026-09-01 16:05:00,141.2,20,79,34.7,0,0,0
2026-09-01 16:10:00,140.5,23,78,35.3,0,0,0
2026-09-01 16:15:00,142.5,20,80,35.1,0,0,0
2026-09-01 16:20:00,139.4,23,79,33.5,0,0,0
2026-09-01 16:25:00,138.3,24,80,34.2,0,0,0
2026-09-01 16:30:00,136.3,41,81,34.7,0,0,0
2026-09-01 16:35:00,138.0,25,77,32.7,0,0,0
2026-09-01 16:40:00,141.5,20,77,32.8,0,0,0
2026-09-01 16:45:00,141.4,29,77,36.5,0,0,0
2026-09-01 16:50:00,140.2,24,77,35.1,0,0,0
2026-09-01 16:55:00,139.3,45,84,36.6,0,0,0
2026-09-01 17:00:00,140.7,20,75,36.7,0,0,0
2026-09-01 17:05:00,139.3,25,79,36.0,0,0,0
2026-09-01 17:10:00,137.6,8,76,36.9,0,0,0
2026-09-01 17:15:00,135.6,18,78,34.7,0,0,0
2026-09-01 17:20:00,136.8,39,81,35.4,0,0,0
2026-09-01 17:25:00,135.6,415,105,30.0,0,0,0
2026-09-01 17:30:00,136.5,411,104,36.4,0,0,0
2026-09-01 17:35:00,135.9,439,105,34.6,0,0,0
2026-09-01 17:40:00,136.7,426,105,35.0,0,0,0
2026-09-01 17:45:00,136.5,13,78,36.4,0,0,0
2026-09-01 17:50:00,140.2,16,79,37.8,0,0,0
2026-09-01 17:55:00,140.9,35,80,37.5,0,0,0
2026-09-01 18:00:00,142.2,29,78,35.2,0,0,0
2026-09-01 18:05:00,138.2,11,76,35.6,0,0,0
2026-09-01 18:10:00,138.3,25,78,31.9,0,0,0
2026-09-01 18:15:00,135.4,10,76,36.1,0,25,65
2026-09-01 18:20:00,135.6,16,83,36.6,0,0,0
2026-09-01 18:25:00,137.5,25,81,35.6,0,0,0
2026-09-01 18:30:00,139.4,24,85,31.1,0,0,0
2026-09-01 18:35:00,140.3,32,86,34.0,0,0,0
2026-09-01 18:40:00,143.2,25,86,34.3,0,0,0
2026-09-01 18:45:00,145.5,27,79,32.4,0,0,0
2026-09-01 18:50:00,145.3,13,81,32.7,0,0,0
2026-09-01 18:55:00,144.7,20,77,38.1,0,0,0
2026-09-01 19:00:00,145.6,30,80,36.2,0,0,0
2026-09-01 19:05:00,145.1,23,79,34.0,0,0,0
2026-09-01 19:10:00,143.3,33,78,31.0,0,0,0
2026-09-01 19:15:00,156.5,12,82,30.9,0,0,0
2026-09-01 19:20:00,157.2,19,79,36.4,0,0,0
2026-09-01 19:25:00,154.9,23,80,33.7,0,0,0
2026-09-01 19:30:00,155.0,28,79,34.2,0,0,0
2026-09-01 19:35:00,152.6,32,80,35.5,0,0,0
2026-09-01 19:40:00,153.1,11,77,32.6,0,0,0
2026-09-01 19:45:00,153.8,14,78,33.1,0,0,0
2026-09-01 19:50:00,153.8,15,79,33.8,0,0,0
2026-09-01 19:55:00,153.4,8,79,32.6,0,0,0
2026-09-01 20:00:00,154.0,17,76,35.2,0,0,0
2026-09-01 20:05:00,151.8,23,80,32.2,0,0,0
2026-09-01 20:10:00,152.7,9,83,34.2,0,0,0
2026-09-01 20:15:00,153.2,31,78,34.0,0,0,0
2026-09-01 20:20:00,153.9,23,80,31.2,0,0,0
2026-09-01 20:25:00,153.6,27,79,33.7,0,0,0
2026-09-01 20:30:00,151.5,14,78,31.4,0,0,0
2026-09-01 20:35:00,152.5,25,78,32.7,0,0,0
2026-09-01 20:40:00,154.1,20,80,34.6,0,0,0
2026-09-01 20:45:00,150.6,25,82,36.5,0,0,0
2026-09-01 20:50:00,150.6,9,81,32.3,0,0,0
2026-09-01 20:55:00,151.4,32,81,35.3,0,0,0
2026-09-01 21:00:00,147.2,9,80,34.7,0,0,0
2026-09-01 21:05:00,143.5,39,79,37.5,0,0,0
2026-09-01 21:10:00,142.2,44,83,34.9,0,83,75
2026-09-01 21:15:00,149.7,18,80,35.7,0,0,0
2026-09-01 21:20:00,154.3,33,80,36.7,0,0,0
2026-09-01 21:25:00,160.0,500,113,33.2,0,0,0
2026-09-01 21:30:00,160.8,489,111,34.0,0,0,0
2026-09-01 21:35:00,164.1,18,85,34.2,0,0,0
2026-09-01 21:40:00,163.3,13,81,32.8,0,0,0
2026-09-01 21:45:00,162.3,25,80,33.2,0,0,0
2026-09-01 21:50:00,163.9,18,78,36.4,0,0,0
2026-09-01 21:55:00,157.8,21,77,34.3,0,0,0
2026-09-01 22:00:00,156.7,14,80,34.9,0,0,0
2026-09-01 22:05:00,156.2,34,80,33.0,0,0,0
2026-09-01 22:10:00,151.6,31,84,31.6,0,0,0
2026-09-01 22:15:00,150.5,40,80,34.2,0,0,0
2026-09-01 22:20:00,153.6,46,82,30.7,0,0,0
2026-09-01 22:25:00,150.0,62,82,31.4,0,0,0
2026-09-01 22:30:00,149.0,33,83,36.2,0,0,0
2026-09-01 22:35:00,149.4,18,80,36.5,0,0,0
2026-09-01 22:40:00,147.3,15,78,34.8,0,0,0
2026-09-01 22:45:00,143.7,13,80,36.4,0,0,0
2026-09-01 22:50:00,143.5,12,81,32.3,0,0,0
2026-09-01 22:55:00,143.8,39,87,33.9,0,0,0
2026-09-01 23:00:00,139.9,18,77,39.0,0,0,0
2026-09-01 23:05:00,135.0,36,83,33.8,0,0,0
2026-09-01 23:10:00,133.8,43,79,34.2,0,0,0
2026-09-01 23:15:00,132.3,18,78,37.3,0,0,0
2026-09-01 23:20:00,131.1,18,80,34.4,0,0,0
2026-09-01 23:25:00,127.3,26,80,30.8,0,0,0
2026-09-01 23:30:00,127.3,22,80,34.1,0,0,0
2026-09-01 23:35:00,125.4,0,70,57.3,1,0,0
2026-09-01 23:40:00,121.2,0,72,56.7,1,0,0
2026-09-01 23:45:00,120.0,0,73,59.5,1,0,0
2026-09-01 23:50:00,117.6,1,68,54.3,1,0,0
2026-09-01 23:55:00,116.9,0,68,52.4,1,0,0
2026-09-02 00:00:00,116.2,1,69,55.8,1,0,0
2026-09-02 00:05:00,116.4,2,71,57.6,1,0,0
2026-09-02 00:10:00,115.7,1,68,52.6,1,0,0
2026-09-02 00:15:00,123.8,1,72,56.6,1,0,0
2026-09-02 00:20:00,125.9,0,71,57.4,1,0,0
2026-09-02 00:25:00,125.0,0,71,55.5,1,0,0
2026-09-02 00:30:00,125.9,0,70,58.0,1,0,0
2026-09-02 00:35:00,129.6,1,68,58.9,1,0,0
2026-09-02 00:40:00,130.2,1,73,57.3,1,0,0
2026-09-02 00:45:00,128.0,0,70,52.6,1,0,0
2026-09-02 00:50:00,127.4,0,72,58.2,1,0,0
2026-09-02 00:55:00,126.8,0,66,53.3,1,0,0
2026-09-02 01:00:00,131.6,1,68,57.8,1,0,0
2026-09-02 01:05:00,131.1,0,70,54.7,1,0,0
2026-09-02 01:10:00,129.0,0,69,57.1,1,0,0
2026-09-02 01:15:00,127.7,1,71,57.5,1,0,0
2026-09-02 01:20:00,127.2,0,70,56.5,1,0,0
2026-09-02 01:25:00,125.8,0,68,58.0,1,0,0
2026-09-02 01:30:00,124.0,0,68,55.7,1,0,0
2026-09-02 01:35:00,127.5,0,71,59.7,1,0,0
2026-09-02 01:40:00,130.6,3,70,54.2,1,0,0
2026-09-02 01:45:00,134.6,0,73,54.1,1,0,0
2026-09-02 01:50:00,134.6,0,71,57.1,1,0,0
2026-09-02 01:55:00,136.3,0,68,57.9,1,0,0
2026-09-02 02:00:00,136.3,0,74,54.0,1,0,0
2026-09-02 02:05:00,134.6,0,65,54.6,1,0,0
2026-09-02 02:10:00,134.6,0,71,53.2,1,0,0
2026-09-02 02:15:00,133.1,0,71,54.8,1,0,0
2026-09-02 02:20:00,131.7,0,68,53.8,1,0,0
2026-09-02 02:25:00,134.0,0,70,59.4,1,0,0
2026-09-02 02:30:00,134.3,0,70,56.4,1,0,0
2026-09-02 02:35:00,133.9,1,69,53.6,1,0,0
2026-09-02 02:40:00,134.2,0,71,57.5,1,0,0
2026-09-02 02:45:00,133.1,0,70,57.3,1,0,0
2026-09-02 02:50:00,132.5,0,71,57.5,1,0,0
2026-09-02 02:55:00,132.8,0,72,55.9,1,0,0
2026-09-02 03:00:00,132.8,0,67,58.2,1,0,0
2026-09-02 03:05:00,129.6,0,72,58.9,1,0,0
2026-09-02 03:10:00,142.5,0,72,56.4,1,0,0
2026-09-02 03:15:00,143.6,0,70,54.0,1,0,0
2026-09-02 03:20:00,144.9,0,68,52.1,1,0,0
2026-09-02 03:25:00,144.9,0,68,57.5,1,0,0
2026-09-02 03:30:00,145.1,0,68,53.8,1,0,0
2026-09-02 03:35:00,144.0,0,69,59.2,1,0,0
2026-09-02 03:40:00,145.0,0,70,59.2,1,0,0
2026-09-02 03:45:00,147.1,0,67,53.1,1,0,0
2026-09-02 03:50:00,148.0,0,71,53.2,1,0,0
2026-09-02 03:55:00,153.8,0,74,56.5,1,0,0
2026-09-02 04:00:00,155.3,0,71,54.4,1,0,0
2026-09-02 04:05:00,154.8,0,66,56.7,1,0,0
2026-09-02 04:10:00,149.4,1,71,55.4,1,0,0
2026-09-02 04:15:00,148.9,0,69,57.3,1,0,0
2026-09-02 04:20:00,155.2,0,75,53.2,1,0,0
2026-09-02 04:25:00,159.5,0,71,51.3,1,0,0
2026-09-02 04:30:00,161.5,0,72,54.2,1,0,0
2026-09-02 04:35:00,161.8,1,73,51.5,1,0,0
2026-09-02 04:40:00,159.9,0,69,54.8,1,0,0
2026-09-02 04:45:00,155.8,0,71,56.8,1,0,0
2026-09-02 04:50:00,154.2,0,66,53.3,1,0,0
2026-09-02 04:55:00,154.3,0,68,54.4,1,0,0
2026-09-02 05:00:00,155.5,0,70,56.0,1,0,0
2026-09-02 05:05:00,156.9,0,71,54.0,1,0,0
2026-09-02 05:10:00,156.1,2,70,53.3,1,0,0
2026-09-02 05:15:00,156.0,0,69,55.7,1,0,0
2026-09-02 05:20:00,158.8,2,70,58.3,1,0,0
2026-09-02 05:25:00,158.9,0,71,57.4,1,0,0
2026-09-02 05:30:00,156.4,0,68,59.2,1,0,0
2026-09-02 05:35:00,156.7,1,69,56.0,1,0,0
2026-09-02 05:40:00,157.3,0,70,56.2,1,0,0
2026-09-02 05:45:00,155.3,0,70,56.2,1,0,0
2026-09-02 05:50:00,156.0,0,69,56.5,1,0,0
2026-09-02 05:55:00,156.2,0,69,50.8,1,0,0
2026-09-02 06:00:00,156.2,1,69,58.3,1,0,0
2026-09-02 06:05:00,157.3,1,71,59.6,1,0,0
2026-09-02 06:10:00,159.0,0,71,54.4,1,0,0
2026-09-02 06:15:00,158.0,0,73,55.5,1,0,0
2026-09-02 06:20:00,159.1,29,82,32.0,0,0,0
2026-09-02 06:25:00,159.8,29,82,35.2,0,0,0
2026-09-02 06:30:00,161.5,30,80,34.6,0,0,0
2026-09-02 06:35:00,161.5,21,76,32.9,0,0,0
2026-09-02 06:40:00,160.9,38,80,32.3,0,0,0
2026-09-02 06:45:00,159.4,27,80,35.2,0,0,0
2026-09-02 06:50:00,158.7,44,85,33.4,0,0,0
2026-09-02 06:55:00,156.5,16,78,37.0,0,0,0
2026-09-02 07:00:00,158.8,29,76,35.8,0,0,0
2026-09-02 07:05:00,157.9,39,81,34.5,0,0,0
2026-09-02 07:10:00,159.0,22,76,34.1,0,0,0
2026-09-02 07:15:00,158.4,45,80,35.1,0,0,0
2026-09-02 07:20:00,161.2,28,78,33.8,0,0,0
2026-09-02 07:25:00,161.9,24,77,34.2,0,0,0
2026-09-02 07:30:00,158.1,39,81,34.4,0,0,0
2026-09-02 07:35:00,158.8,13,79,34.7,0,0,0
2026-09-02 07:40:00,159.3,24,82,33.0,0,0,0
2026-09-02 07:45:00,160.2,20,82,37.1,0,68,70
2026-09-02 07:50:00,166.4,11,81,33.9,0,0,0
2026-09-02 07:55:00,172.7,15,81,32.4,0,0,0
2026-09-02 08:00:00,176.3,38,81,33.1,0,0,0
2026-09-02 08:05:00,174.0,31,80,36.5,0,0,0
2026-09-02 08:10:00,173.7,21,81,30.2,0,0,0
2026-09-02 08:15:00,174.7,27,78,33.3,0,0,0
2026-09-02 08:20:00,174.9,471,106,33.8,0,0,0
2026-09-02 08:25:00,175.7,443,103,34.1,0,0,0
2026-09-02 08:30:00,176.3,470,104,36.1,0,0,0
2026-09-02 08:35:00,176.8,454,107,33.3,0,0,0
2026-09-02 08:40:00,177.5,16,81,33.3,0,0,0
2026-09-02 08:45:00,176.2,55,80,35.1,0,0,0
2026-09-02 08:50:00,173.6,17,80,33.2,0,0,0
2026-09-02 08:55:00,166.5,13,80,36.6,0,0,0
2026-09-02 09:00:00,162.3,21,79,36.0,0,0,0
2026-09-02 09:05:00,162.4,17,81,30.2,0,0,0
2026-09-02 09:10:00,160.3,16,77,35.2,0,0,0
2026-09-02 09:15:00,159.7,14,79,33.3,0,0,0
2026-09-02 09:20:00,158.0,7,74,35.0,0,0,0
2026-09-02 09:25:00,154.0,15,76,38.2,0,0,0
2026-09-02 09:30:00,154.0,12,77,33.1,0,0,0
2026-09-02 09:35:00,152.0,17,77,34.5,0,0,0
2026-09-02 09:40:00,150.9,28,77,31.6,0,0,0
2026-09-02 09:45:00,150.6,7,81,31.3,0,0,0
2026-09-02 09:50:00,148.6,26,82,31.5,0,0,0
2026-09-02 09:55:00,147.1,13,81,34.9,0,0,0
2026-09-02 10:00:00,147.2,27,80,36.5,0,0,0
2026-09-02 10:05:00,144.1,30,81,36.9,0,0,0
2026-09-02 10:10:00,147.8,11,82,32.6,0,0,0
2026-09-02 10:15:00,145.2,31,82,36.3,0,0,0
2026-09-02 10:20:00,146.7,10,80,29.0,0,0,0
2026-09-02 10:25:00,144.9,11,79,30.7,0,0,0
2026-09-02 10:30:00,141.8,13,82,34.4,0,0,0
2026-09-02 10:35:00,142.6,24,82,33.1,0,0,0
2026-09-02 10:40:00,139.7,19,79,34.7,0,0,0
2026-09-02 10:45:00,140.8,14,80,35.7,0,0,0
2026-09-02 10:50:00,141.0,11,77,37.6,0,0,0
2026-09-02 10:55:00,139.1,15,78,36.1,0,0,0
2026-09-02 11:00:00,137.0,15,83,36.2,0,0,0
2026-09-02 11:05:00,133.9,22,79,36.4,0,0,0
2026-09-02 11:10:00,131.8,30,76,35.9,0,0,0
2026-09-02 11:15:00,130.2,10,79,38.2,0,0,0
2026-09-02 11:20:00,133.4,32,79,32.9,0,0,0
2026-09-02 11:25:00,134.0,19,77,36.5,0,0,0
2026-09-02 11:30:00,132.8,17,79,34.6,0,0,0
2026-09-02 11:35:00,130.9,19,74,32.9,0,0,0
2026-09-02 11:40:00,130.7,381,100,31.3,0,0,0
2026-09-02 11:45:00,136.1,367,101,32.3,0,0,0
2026-09-02 11:50:00,137.3,353,96,35.3,0,0,0
2026-09-02 11:55:00,141.0,360,101,34.3,0,0,0
2026-09-02 12:00:00,139.7,21,79,36.2,0,0,0
2026-09-02 12:05:00,143.6,9,79,34.7,0,0,0
2026-09-02 12:10:00,141.7,17,77,36.7,0,0,0
2026-09-02 12:15:00,139.3,27,83,30.6,0,0,0
2026-09-02 12:20:00,139.1,20,78,34.2,0,0,0
2026-09-02 12:25:00,136.1,9,76,33.7,0,0,0
2026-09-02 12:30:00,133.5,32,82,33.5,0,0,0
2026-09-02 12:35:00,136.1,14,79,35.3,0,0,0
2026-09-02 12:40:00,135.8,21,76,33.2,0,0,0
2026-09-02 12:45:00,133.5,25,79,38.5,0,0,0
2026-09-02 12:50:00,138.2,21,77,35.4,0,0,0
2026-09-02 12:55:00,134.8,22,82,35.8,0,0,0
2026-09-02 13:00:00,135.6,25,80,32.6,0,0,0
2026-09-02 13:05:00,136.3,16,78,35.5,0,0,0
2026-09-02 13:10:00,140.4,39,79,36.6,0,0,0
2026-09-02 13:15:00,137.8,23,81,32.5,0,0,0
2026-09-02 13:20:00,140.9,38,80,37.2,0,0,0
2026-09-02 13:25:00,140.0,5,78,35.0,0,0,0
2026-09-02 13:30:00,138.3,14,80,33.0,0,0,0
2026-09-02 13:35:00,136.1,6,78,34.5,0,0,0
2026-09-02 13:40:00,135.8,41,84,32.2,0,0,0
2026-09-02 13:45:00,145.4,20,78,33.5,0,0,0
2026-09-02 13:50:00,143.8,36,79,35.4,0,0,0
2026-09-02 13:55:00,140.6,16,79,35.8,0,0,0
2026-09-02 14:00:00,140.7,6,74,35.6,0,0,0
2026-09-02 14:05:00,142.0,37,81,32.3,0,0,0
2026-09-02 14:10:00,141.5,23,80,33.3,0,0,0
2026-09-02 14:15:00,138.1,22,79,35.3,0,0,0
2026-09-02 14:20:00,139.7,27,81,32.2,0,0,0
2026-09-02 14:25:00,136.9,27,76,32.5,0,0,0
2026-09-02 14:30:00,137.5,15,78,34.3,0,0,0
2026-09-02 14:35:00,137.3,18,75,37.7,0,0,0
2026-09-02 14:40:00,138.2,29,83,34.1,0,0,0
2026-09-02 14:45:00,138.3,12,77,35.9,0,0,0
2026-09-02 14:50:00,132.6,20,73,34.2,0,0,0
2026-09-02 14:55:00,132.1,30,78,30.5,0,0,0
2026-09-02 15:00:00,132.0,15,79,30.0,0,0,0
2026-09-02 15:05:00,131.9,29,80,32.9,0,0,0
2026-09-02 15:10:00,134.0,24,82,36.2,0,0,0
2026-09-02 15:15:00,131.7,16,80,33.1,0,0,0
2026-09-02 15:20:00,130.3,21,78,37.1,0,0,0
2026-09-02 15:25:00,129.2,25,84,32.4,0,0,0
2026-09-02 15:30:00,128.8,15,79,34.7,0,0,0
2026-09-02 15:35:00,127.2,53,80,32.6,0,0,0
2026-09-02 15:40:00,129.2,19,79,31.0,0,0,0
2026-09-02 15:45:00,129.5,15,81,34.9,0,0,0
2026-09-02 15:50:00,131.5,50,79,31.5,0,0,0
2026-09-02 15:55:00,130.5,22,78,33.5,0,0,0
2026-09-02 16:00:00,132.3,15,82,35.7,0,0,0
2026-09-02 16:05:00,133.3,53,81,31.6,0,0,0
2026-09-02 16:10:00,130.9,28,80,32.9,0,0,0
2026-09-02 16:15:00,132.5,15,78,35.4,0,0,0
2026-09-02 16:20:00,133.0,35,76,36.1,0,0,0
2026-09-02 16:25:00,134.9,12,79,35.8,0,0,0
2026-09-02 16:30:00,136.7,22,78,35.5,0,0,0
2026-09-02 16:35:00,134.3,18,78,27.9,0,0,0
2026-09-02 16:40:00,135.9,29,82,36.1,0,0,0
2026-09-02 16:45:00,133.6,47,79,34.1,0,0,0
2026-09-02 16:50:00,134.2,34,80,35.0,0,0,0
2026-09-02 16:55:00,133.1,39,77,36.1,0,0,0
2026-09-02 17:00:00,131.7,52,85,32.7,0,39,80
2026-09-02 17:05:00,137.8,14,84,36.4,0,0,0
2026-09-02 17:10:00,141.0,18,81,36.3,0,0,0
2026-09-02 17:15:00,145.9,19,82,34.8,0,0,0
2026-09-02 17:20:00,150.1,25,78,32.9,0,0,0
2026-09-02 17:25:00,149.2,28,82,35.3,0,0,0
2026-09-02 17:30:00,150.0,26,79,31.4,0,0,0
2026-09-02 17:35:00,150.0,12,77,34.9,0,0,0
2026-09-02 17:40:00,150.9,36,79,37.5,0,0,0
2026-09-02 17:45:00,152.2,28,77,34.4,0,0,0
2026-09-02 17:50:00,151.4,34,82,32.1,0,0,0
2026-09-02 17:55:00,150.4,9,78,35.8,0,0,0
2026-09-02 18:00:00,150.9,29,78,32.1,0,0,0
2026-09-02 18:05:00,151.2,33,81,32.1,0,0,0
2026-09-02 18:10:00,147.8,10,83,35.7,0,0,0
2026-09-02 18:15:00,147.3,20,81,36.6,0,0,0
2026-09-02 18:20:00,143.8,34,78,31.8,0,0,0
2026-09-02 18:25:00,142.9,23,79,33.4,0,0,0
2026-09-02 18:30:00,140.2,9,79,30.1,0,0,0
2026-09-02 18:35:00,143.0,19,78,34.0,0,0,0
2026-09-02 18:40:00,141.6,49,82,31.6,0,0,0
2026-09-02 18:45:00,139.0,17,84,35.9,0,0,0
2026-09-02 18:50:00,137.1,15,78,32.4,0,0,0
2026-09-02 18:55:00,138.1,6,78,35.8,0,0,0
2026-09-02 19:00:00,137.2,49,84,30.5,0,0,0
2026-09-02 19:05:00,137.3,20,80,38.5,0,0,0
2026-09-02 19:10:00,137.1,27,79,36.6,0,0,0
2026-09-02 19:15:00,135.0,21,81,34.7,0,0,0
2026-09-02 19:20:00,133.0,27,78,32.8,0,0,0
2026-09-02 19:25:00,133.5,22,78,33.1,0,0,0
2026-09-02 19:30:00,139.9,11,83,35.3,0,0,0
2026-09-02 19:35:00,137.9,23,79,34.0,0,0,0
2026-09-02 19:40:00,137.9,27,78,36.8,0,0,0
2026-09-02 19:45:00,134.6,40,82,36.9,0,0,0
2026-09-02 19:50:00,132.8,18,80,36.4,0,0,0
2026-09-02 19:55:00,131.3,9,74,33.9,0,0,0
2026-09-02 20:00:00,132.5,7,81,35.2,0,0,0
2026-09-02 20:05:00,131.9,31,79,34.5,0,0,0
2026-09-02 20:10:00,134.4,21,80,35.7,0,0,0
2026-09-02 20:15:00,135.1,26,77,34.5,0,0,0
2026-09-02 20:20:00,135.5,20,81,35.7,0,0,0
2026-09-02 20:25:00,136.7,20,77,33.2,0,0,0
2026-09-02 20:30:00,140.1,22,79,36.8,0,0,0
2026-09-02 20:35:00,140.9,22,80,35.1,0,0,0
2026-09-02 20:40:00,141.7,18,76,35.0,0,0,0
2026-09-02 20:45:00,142.0,19,81,36.5,0,0,0
2026-09-02 20:50:00,139.2,25,82,33.5,0,0,0
2026-09-02 20:55:00,136.4,22,76,35.8,0,0,0
2026-09-02 21:00:00,138.4,25,76,36.3,0,0,0
2026-09-02 21:05:00,139.1,24,79,32.4,0,0,0
2026-09-02 21:10:00,139.1,11,81,31.9,0,0,0
2026-09-02 21:15:00,136.7,24,81,35.8,0,0,0
2026-09-02 21:20:00,137.6,22,79,34.9,0,0,0
2026-09-02 21:25:00,136.5,11,79,38.1,0,0,0
2026-09-02 21:30:00,133.7,23,76,36.0,0,0,0
2026-09-02 21:35:00,134.5,25,79,34.9,0,0,0
2026-09-02 21:40:00,135.0,30,82,33.9,0,0,0
2026-09-02 21:45:00,137.3,33,80,35.1,0,0,0
2026-09-02 21:50:00,137.7,26,80,34.4,0,0,0
2026-09-02 21:55:00,137.7,26,80,35.6,0,0,0
2026-09-02 22:00:00,136.9,26,82,35.4,0,0,0
2026-09-02 22:05:00,142.4,14,75,33.9,0,0,0
2026-09-02 22:10:00,142.6,13,80,33.3,0,0,0
2026-09-02 22:15:00,141.1,24,80,35.7,0,0,0
2026-09-02 22:20:00,139.7,34,81,33.2,0,0,0
2026-09-02 22:25:00,140.1,40,82,32.4,0,0,0
2026-09-02 22:30:00,139.1,33,80,33.6,0,0,0
2026-09-02 22:35:00,140.5,32,83,30.3,0,0,0
2026-09-02 22:40:00,138.2,7,79,34.2,0,0,0
2026-09-02 22:45:00,141.6,49,82,33.5,0,0,0
2026-09-02 22:50:00,142.4,15,80,34.1,0,0,0
2026-09-02 22:55:00,141.5,13,78,33.5,0,0,0
2026-09-02 23:00:00,148.7,20,80,35.9,0,0,0
2026-09-02 23:05:00,149.6,17,77,33.4,0,0,0
2026-09-02 23:10:00,148.3,65,85,35.2,0,0,0
2026-09-02 23:15:00,147.3,26,81,36.9,0,0,0
2026-09-02 23:20:00,145.7,9,80,36.0,0,0,0
2026-09-02 23:25:00,147.1,50,83,34.0,0,0,0
2026-09-02 23:30:00,151.6,19,81,37.6,0,0,0
2026-09-02 23:35:00,151.1,39,80,36.4,0,0,0
2026-09-02 23:40:00,149.8,23,81,35.2,0,0,0
2026-09-02 23:45:00,150.1,0,71,56.2,1,0,0
2026-09-02 23:50:00,151.9,0,70,56.8,1,0,0
2026-09-02 23:55:00,150.4,0,75,56.3,1,0,0
2026-09-03 00:00:00,146.8,0,67,58.5,1,0,0
2026-09-03 00:05:00,145.9,0,68,58.4,1,0,0
2026-09-03 00:10:00,143.5,0,67,61.2,1,0,0
2026-09-03 00:15:00,140.9,1,71,59.0,1,0,0
2026-09-03 00:20:00,142.5,0,74,59.1,1,0,0
2026-09-03 00:25:00,141.2,0,72,53.4,1,0,0
2026-09-03 00:30:00,142.4,0,69,56.6,1,0,0
2026-09-03 00:35:00,143.8,0,68,58.0,1,0,0
2026-09-03 00:40:00,143.2,0,66,57.2,1,0,0
2026-09-03 00:45:00,144.8,0,73,57.4,1,0,0
2026-09-03 00:50:00,143.3,3,73,57.2,1,0,0
2026-09-03 00:55:00,145.9,0,69,55.7,1,0,0
2026-09-03 01:00:00,146.8,1,68,59.2,1,0,0
2026-09-03 01:05:00,146.7,0,73,55.4,1,0,0
2026-09-03 01:10:00,147.6,0,68,56.7,1,0,0
2026-09-03 01:15:00,146.9,0,72,55.3,1,0,0
2026-09-03 01:20:00,144.9,0,70,58.0,1,0,0
2026-09-03 01:25:00,147.2,3,67,58.6,1,0,0
2026-09-03 01:30:00,143.3,0,70,58.4,1,0,0
2026-09-03 01:35:00,141.5,0,71,59.9,1,0,0
2026-09-03 01:40:00,142.2,2,72,57.4,1,0,0
2026-09-03 01:45:00,145.3,0,74,57.5,1,0,0
2026-09-03 01:50:00,147.8,0,73,60.7,1,0,0
2026-09-03 01:55:00,148.9,0,68,57.0,1,0,0
2026-09-03 02:00:00,146.1,0,69,59.6,1,0,0
2026-09-03 02:05:00,147.1,0,68,58.1,1,0,0
2026-09-03 02:10:00,144.4,1,69,57.9,1,0,0
2026-09-03 02:15:00,141.3,2,71,58.1,1,0,0
2026-09-03 02:20:00,141.1,0,67,57.5,1,0,0
2026-09-03 02:25:00,139.1,1,70,57.6,1,0,0
2026-09-03 02:30:00,139.2,0,69,55.1,1,0,0
2026-09-03 02:35:00,140.4,1,72,61.9,1,0,0
2026-09-03 02:40:00,141.4,0,69,56.7,1,0,0
2026-09-03 02:45:00,146.2,0,72,56.0,1,0,0
2026-09-03 02:50:00,143.6,1,69,56.5,1,0,0
2026-09-03 02:55:00,144.2,2,69,60.4,1,0,0
2026-09-03 03:00:00,144.6,0,68,56.2,1,0,0
2026-09-03 03:05:00,142.3,0,66,56.0,1,0,0
2026-09-03 03:10:00,143.9,0,69,54.9,1,0,0
2026-09-03 03:15:00,144.4,0,71,59.5,1,0,0
2026-09-03 03:20:00,150.1,1,71,58.2,1,0,0
2026-09-03 03:25:00,145.9,0,68,53.5,1,0,0
2026-09-03 03:30:00,148.0,0,68,56.1,1,0,0
2026-09-03 03:35:00,146.3,0,69,58.5,1,0,0
2026-09-03 03:40:00,142.1,0,69,57.9,1,0,0
2026-09-03 03:45:00,143.8,0,69,60.1,1,0,0
2026-09-03 03:50:00,143.2,0,71,55.2,1,0,0
2026-09-03 03:55:00,144.6,0,69,57.3,1,0,0
2026-09-03 04:00:00,146.5,0,69,56.7,1,0,0
2026-09-03 04:05:00,146.6,0,71,56.8,1,0,0
2026-09-03 04:10:00,145.6,1,75,56.3,1,0,0
2026-09-03 04:15:00,148.1,0,66,59.5,1,0,0
2026-09-03 04:20:00,146.7,0,70,59.7,1,0,0
2026-09-03 04:25:00,148.1,0,72,58.3,1,0,0
2026-09-03 04:30:00,150.0,0,70,58.6,1,0,0
2026-09-03 04:35:00,148.7,1,72,59.1,1,0,0
2026-09-03 04:40:00,148.9,0,70,61.5,1,0,0
2026-09-03 04:45:00,147.1,0,71,55.3,1,0,0
2026-09-03 04:50:00,148.7,1,69,56.9,1,0,0
2026-09-03 04:55:00,148.3,0,69,57.8,1,0,0
2026-09-03 05:00:00,147.0,1,68,55.4,1,0,0
2026-09-03 05:05:00,148.0,0,69,56.8,1,0,0
2026-09-03 05:10:00,149.8,0,68,58.6,1,0,0
2026-09-03 05:15:00,150.7,0,68,60.1,1,0,0
2026-09-03 05:20:00,151.9,0,72,57.6,1,0,0
2026-09-03 05:25:00,152.9,0,68,57.7,1,0,0
2026-09-03 05:30:00,156.1,1,70,56.5,1,0,0
2026-09-03 05:35:00,152.3,2,71,57.3,1,0,0
2026-09-03 05:40:00,152.1,0,69,59.9,1,0,0
2026-09-03 05:45:00,154.8,0,69,53.2,1,0,0
2026-09-03 05:50:00,154.9,0,71,58.8,1,0,0
2026-09-03 05:55:00,155.8,0,71,57.8,1,0,0
2026-09-03 06:00:00,153.1,0,71,58.0,1,0,0
2026-09-03 06:05:00,157.5,0,68,56.4,1,0,0
2026-09-03 06:10:00,158.8,0,69,58.0,1,0,0
2026-09-03 06:15:00,160.2,1,70,59.4,1,0,0
2026-09-03 06:20:00,157.7,36,82,37.9,0,0,0
2026-09-03 06:25:00,159.1,22,82,34.2,0,0,0
2026-09-03 06:30:00,163.5,22,83,34.5,0,0,0
2026-09-03 06:35:00,159.4,20,78,35.2,0,0,0
2026-09-03 06:40:00,158.2,35,85,35.2,0,0,0
2026-09-03 06:45:00,160.3,19,80,33.2,0,0,0
2026-09-03 06:50:00,159.6,17,76,35.9,0,0,0
2026-09-03 06:55:00,161.6,13,77,35.4,0,0,0
2026-09-03 07:00:00,157.0,27,81,35.1,0,0,0
2026-09-03 07:05:00,158.0,45,79,34.9,0,0,0
2026-09-03 07:10:00,162.0,13,78,36.0,0,0,0
2026-09-03 07:15:00,162.1,23,81,38.1,0,0,0
2026-09-03 07:20:00,159.2,19,79,36.0,0,0,0
2026-09-03 07:25:00,152.1,32,80,36.8,0,0,0
2026-09-03 07:30:00,152.5,7,78,36.5,0,0,0
2026-09-03 07:35:00,152.8,21,80,35.2,0,0,0
2026-09-03 07:40:00,149.2,34,78,37.5,0,0,0
2026-09-03 07:45:00,150.8,30,78,30.8,0,0,0
2026-09-03 07:50:00,151.7,12,76,36.6,0,0,0
2026-09-03 07:55:00,151.9,29,76,33.9,0,0,0
2026-09-03 08:00:00,149.4,24,79,38.9,0,0,0
2026-09-03 08:05:00,152.6,10,78,33.2,0,57,65
2026-09-03 08:10:00,157.0,7,79,38.7,0,0,0
2026-09-03 08:15:00,158.3,20,83,36.8,0,0,0
2026-09-03 08:20:00,162.5,38,82,32.2,0,0,0
2026-09-03 08:25:00,165.7,32,85,34.5,0,0,0
2026-09-03 08:30:00,166.8,62,84,32.5,0,0,0
2026-09-03 08:35:00,165.3,19,79,34.4,0,0,0
2026-09-03 08:40:00,165.9,30,78,36.6,0,0,0
2026-09-03 08:45:00,169.5,392,103,38.0,0,0,0
2026-09-03 08:50:00,166.6,384,99,32.4,0,0,0
2026-09-03 08:55:00,165.6,15,77,36.0,0,0,0
2026-09-03 09:00:00,161.6,18,77,33.5,0,0,0
2026-09-03 09:05:00,158.8,18,77,37.5,0,0,0
2026-09-03 09:10:00,156.9,37,80,36.5,0,0,0
2026-09-03 09:15:00,156.4,6,78,35.3,0,0,0
2026-09-03 09:20:00,152.7,33,80,36.5,0,0,0
2026-09-03 09:25:00,150.5,15,77,35.0,0,0,0
2026-09-03 09:30:00,150.0,34,80,38.8,0,0,0
2026-09-03 09:35:00,148.2,13,80,36.0,0,0,0
2026-09-03 09:40:00,147.3,29,78,37.2,0,0,0
2026-09-03 09:45:00,146.7,9,78,38.8,0,0,0
2026-09-03 09:50:00,142.4,14,77,36.5,0,0,0
2026-09-03 09:55:00,140.9,23,80,32.7,0,0,0
2026-09-03 10:00:00,139.0,10,82,34.2,0,0,0
2026-09-03 10:05:00,137.9,14,83,36.5,0,0,0
2026-09-03 10:10:00,138.8,21,79,34.2,0,0,0
2026-09-03 10:15:00,139.8,14,77,35.0,0,0,0
2026-09-03 10:20:00,140.7,18,81,37.7,0,0,0
2026-09-03 10:25:00,141.8,51,81,35.3,0,0,0
2026-09-03 10:30:00,139.3,23,80,36.0,0,0,0
2026-09-03 10:35:00,141.8,12,80,35.5,0,0,0
2026-09-03 10:40:00,142.0,11,81,33.9,0,0,0
2026-09-03 10:45:00,144.4,25,80,30.7,0,0,0
2026-09-03 10:50:00,141.5,21,83,32.3,0,0,0
2026-09-03 10:55:00,139.1,32,79,37.0,0,0,0
2026-09-03 11:00:00,141.2,23,81,37.9,0,0,0
2026-09-03 11:05:00,137.9,14,81,34.3,0,0,0
2026-09-03 11:10:00,139.7,27,83,34.8,0,0,0
2026-09-03 11:15:00,140.1,22,82,34.7,0,0,0
2026-09-03 11:20:00,137.9,16,83,34.9,0,0,0
2026-09-03 11:25:00,138.0,18,76,35.3,0,0,0
2026-09-03 11:30:00,139.4,20,81,35.0,0,0,0
2026-09-03 11:35:00,140.9,12,83,35.5,0,0,0
2026-09-03 11:40:00,136.4,13,79,32.2,0,0,0
2026-09-03 11:45:00,134.1,14,74,34.0,0,0,0
2026-09-03 11:50:00,136.0,23,79,34.3,0,0,0
2026-09-03 11:55:00,136.9,14,77,35.2,0,0,0
2026-09-03 12:00:00,137.8,12,78,32.5,0,0,0
2026-09-03 12:05:00,138.7,26,79,33.3,0,0,0
2026-09-03 12:10:00,140.1,57,84,38.1,0,0,0
2026-09-03 12:15:00,140.7,23,79,35.9,0,0,0
2026-09-03 12:20:00,141.0,45,80,36.1,0,0,0
2026-09-03 12:25:00,139.0,20,78,35.8,0,0,0
2026-09-03 12:30:00,136.8,15,77,36.4,0,0,0
2026-09-03 12:35:00,139.3,24,79,32.3,0,0,0
2026-09-03 12:40:00,139.6,24,74,35.8,0,0,0
2026-09-03 12:45:00,137.7,15,80,36.8,0,0,0
2026-09-03 12:50:00,137.3,31,82,33.4,0,0,0
2026-09-03 12:55:00,134.6,30,83,38.7,0,80,68
2026-09-03 13:00:00,141.3,29,82,35.2,0,0,0
2026-09-03 13:05:00,145.3,70,85,32.8,0,0,0
2026-09-03 13:10:00,146.8,549,112,36.1,0,0,0
2026-09-03 13:15:00,147.0,557,115,34.4,0,0,0
2026-09-03 13:20:00,148.7,10,84,36.3,0,0,0
2026-09-03 13:25:00,149.9,469,108,37.0,0,0,0
2026-09-03 13:30:00,149.4,463,110,36.7,0,0,0
2026-09-03 13:35:00,150.0,462,102,36.3,0,0,0
2026-09-03 13:40:00,147.6,20,81,37.3,0,0,0
2026-09-03 13:45:00,144.4,34,82,35.2,0,0,0
2026-09-03 13:50:00,140.1,26,78,36.8,0,0,0
2026-09-03 13:55:00,137.0,375,101,35.2,0,0,0
2026-09-03 14:00:00,134.5,389,101,35.1,0,0,0
2026-09-03 14:05:00,144.2,398,102,33.9,0,0,0
2026-09-03 14:10:00,147.1,15,80,34.2,0,0,0
2026-09-03 14:15:00,147.4,32,81,35.8,0,0,0
2026-09-03 14:20:00,142.8,18,79,34.7,0,0,0
2026-09-03 14:25:00,139.8,28,78,36.1,0,0,0
2026-09-03 14:30:00,138.4,15,78,34.8,0,0,0
2026-09-03 14:35:00,140.1,22,81,33.5,0,0,0
2026-09-03 14:40:00,133.3,16,77,34.8,0,0,0
2026-09-03 14:45:00,128.4,8,79,37.0,0,0,0
2026-09-03 14:50:00,126.9,43,82,35.9,0,0,0
2026-09-03 14:55:00,126.5,10,78,35.4,0,0,0
2026-09-03 15:00:00,127.9,21,76,37.1,0,0,0
2026-09-03 15:05:00,124.9,30,80,37.1,0,0,0
2026-09-03 15:10:00,125.2,7,81,35.0,0,0,0
2026-09-03 15:15:00,123.8,10,77,36.3,0,0,0
2026-09-03 15:20:00,124.5,7,76,35.1,0,0,0
2026-09-03 15:25:00,125.1,36,81,37.4,0,0,0
2026-09-03 15:30:00,123.3,38,75,35.4,0,0,0
2026-09-03 15:35:00,121.8,17,77,34.2,0,0,0
2026-09-03 15:40:00,120.3,12,79,38.7,0,0,0
2026-09-03 15:45:00,117.4,18,78,36.1,0,0,0
2026-09-03 15:50:00,118.7,12,81,38.1,0,0,0
2026-09-03 15:55:00,124.2,35,82,39.5,0,0,0
2026-09-03 16:00:00,123.2,22,78,37.1,0,0,0
2026-09-03 16:05:00,128.3,38,78,35.2,0,0,0
2026-09-03 16:10:00,127.4,26,80,32.7,0,0,0
2026-09-03 16:15:00,125.8,14,78,36.8,0,0,0
2026-09-03 16:20:00,127.8,27,77,33.0,0,0,0
2026-09-03 16:25:00,128.0,45,76,32.7,0,0,0
2026-09-03 16:30:00,123.8,12,76,34.7,0,0,0
2026-09-03 16:35:00,127.3,30,79,32.2,0,0,0
2026-09-03 16:40:00,126.3,21,78,33.4,0,0,0
2026-09-03 16:45:00,126.4,22,80,36.1,0,0,0
2026-09-03 16:50:00,125.1,34,81,33.5,0,0,0
2026-09-03 16:55:00,127.2,14,78,38.3,0,0,0
2026-09-03 17:00:00,126.4,21,79,34.1,0,0,0
2026-09-03 17:05:00,124.6,24,79,34.7,0,0,0
2026-09-03 17:10:00,123.6,24,83,36.1,0,49,80
2026-09-03 17:15:00,128.3,18,84,37.1,0,0,0
2026-09-03 17:20:00,135.1,17,81,36.5,0,0,0
2026-09-03 17:25:00,136.7,40,82,38.6,0,0,0
2026-09-03 17:30:00,138.7,31,81,37.2,0,0,0
2026-09-03 17:35:00,137.7,24,79,31.4,0,0,0
2026-09-03 17:40:00,141.8,27,82,35.2,0,0,0
2026-09-03 17:45:00,142.3,19,80,35.5,0,0,0
2026-09-03 17:50:00,141.8,19,80,31.4,0,0,0
2026-09-03 17:55:00,141.5,29,78,35.7,0,0,0
2026-09-03 18:00:00,141.7,15,81,33.9,0,0,0
2026-09-03 18:05:00,141.8,18,80,32.3,0,0,0
2026-09-03 18:10:00,140.7,32,82,34.9,0,0,0
2026-09-03 18:15:00,142.8,14,79,33.7,0,0,0
2026-09-03 18:20:00,141.3,41,84,33.6,0,0,0
2026-09-03 18:25:00,138.6,28,79,33.8,0,0,0
2026-09-03 18:30:00,137.4,10,79,34.7,0,0,0
2026-09-03 18:35:00,134.4,32,82,32.7,0,0,0
2026-09-03 18:40:00,135.9,27,80,37.7,0,0,0
2026-09-03 18:45:00,139.2,20,80,33.7,0,0,0
2026-09-03 18:50:00,138.5,32,79,35.4,0,0,0
2026-09-03 18:55:00,149.4,25,82,33.8,0,0,0
2026-09-03 19:00:00,147.3,33,78,31.0,0,0,0
2026-09-03 19:05:00,144.6,42,81,37.1,0,0,0
2026-09-03 19:10:00,143.1,11,79,35.9,0,0,0
2026-09-03 19:15:00,143.5,12,78,37.9,0,0,0
2026-09-03 19:20:00,144.4,19,78,33.2,0,0,0
2026-09-03 19:25:00,141.4,13,77,34.7,0,0,0
2026-09-03 19:30:00,141.2,12,75,34.5,0,0,0
2026-09-03 19:35:00,140.2,14,78,40.5,0,0,0
2026-09-03 19:40:00,138.4,20,76,35.8,0,0,0
2026-09-03 19:45:00,137.6,26,78,33.2,0,0,0
2026-09-03 19:50:00,137.5,13,76,36.2,0,0,0
2026-09-03 19:55:00,138.4,17,78,33.0,0,0,0
2026-09-03 20:00:00,139.8,45,79,39.2,0,0,0
2026-09-03 20:05:00,138.9,41,80,33.1,0,0,0
2026-09-03 20:10:00,136.3,37,82,38.1,0,0,0
2026-09-03 20:15:00,135.2,31,80,34.7,0,0,0
2026-09-03 20:20:00,132.4,48,83,33.1,0,0,0
2026-09-03 20:25:00,131.5,19,79,36.2,0,0,0
2026-09-03 20:30:00,128.4,16,76,33.6,0,0,0
2026-09-03 20:35:00,128.7,59,85,35.0,0,0,0
2026-09-03 20:40:00,127.1,26,83,32.7,0,61,50
2026-09-03 20:45:00,133.5,11,79,37.9,0,0,0
2026-09-03 20:50:00,139.4,34,81,37.1,0,0,0
2026-09-03 20:55:00,144.0,22,81,37.1,0,0,0
2026-09-03 21:00:00,145.9,30,85,33.0,0,0,0
2026-09-03 21:05:00,147.0,19,84,36.7,0,0,0
2026-09-03 21:10:00,146.4,26,76,37.8,0,0,0
2026-09-03 21:15:00,144.8,18,77,36.2,0,0,0
2026-09-03 21:20:00,144.8,17,82,32.9,0,0,0
2026-09-03 21:25:00,140.1,30,82,34.3,0,0,0
2026-09-03 21:30:00,142.8,17,83,36.9,0,0,0
2026-09-03 21:35:00,140.2,22,81,34.9,0,0,0
2026-09-03 21:40:00,137.2,24,82,33.1,0,0,0
2026-09-03 21:45:00,138.5,9,77,35.6,0,0,0
2026-09-03 21:50:00,136.8,24,78,33.8,0,0,0
2026-09-03 21:55:00,137.5,35,79,36.1,0,0,0
2026-09-03 22:00:00,137.3,39,80,35.5,0,0,0
2026-09-03 22:05:00,137.5,5,75,35.5,0,0,0
2026-09-03 22:10:00,137.2,32,85,37.4,0,0,0
2026-09-03 22:15:00,135.6,14,79,34.5,0,0,0
2026-09-03 22:20:00,138.7,9,75,36.7,0,0,0
2026-09-03 22:25:00,137.4,16,76,38.4,0,0,0
2026-09-03 22:30:00,136.1,19,79,37.9,0,0,0
2026-09-03 22:35:00,135.0,14,78,34.5,0,0,0
2026-09-03 22:40:00,138.4,20,80,37.5,0,0,0
2026-09-03 22:45:00,136.7,14,80,34.4,0,0,0
2026-09-03 22:50:00,132.5,15,79,37.2,0,0,0
2026-09-03 22:55:00,133.4,64,80,33.7,0,0,0
2026-09-03 23:00:00,138.4,33,78,38.5,0,0,0
2026-09-03 23:05:00,138.6,31,78,31.0,0,0,0
2026-09-03 23:10:00,145.2,31,79,34.3,0,0,0
2026-09-03 23:15:00,147.0,53,82,36.0,0,0,0
2026-09-03 23:20:00,142.8,10,76,31.8,0,0,0
2026-09-03 23:25:00,142.6,18,79,37.0,0,0,0
2026-09-03 23:30:00,140.3,24,83,35.7,0,0,0
2026-09-03 23:35:00,138.5,13,79,33.0,0,0,0
2026-09-03 23:40:00,140.7,52,81,38.4,0,0,0
2026-09-03 23:45:00,139.2,21,80,39.2,0,0,0
2026-09-03 23:50:00,136.6,27,79,36.4,0,0,0
2026-09-03 23:55:00,134.7,7,76,36.5,0,0,0
2026-09-04 00:00:00,135.9,10,77,33.3,0,0,0
2026-09-04 00:05:00,133.6,13,81,37.5,0,0,0
2026-09-04 00:10:00,131.2,22,79,35.2,0,0,0
2026-09-04 00:15:00,132.9,21,79,37.5,0,0,0
2026-09-04 00:20:00,132.5,10,82,36.2,0,0,0
2026-09-04 00:25:00,135.3,22,77,37.4,0,0,0
2026-09-04 00:30:00,135.0,28,84,35.3,0,0,0
2026-09-04 00:35:00,135.4,0,68,56.7,1,0,0
2026-09-04 00:40:00,138.7,0,69,55.8,1,0,0
2026-09-04 00:45:00,137.5,0,71,54.7,1,0,0
2026-09-04 00:50:00,142.0,0,72,56.8,1,0,0
2026-09-04 00:55:00,140.3,0,72,58.9,1,0,0
2026-09-04 01:00:00,137.2,0,69,58.2,1,0,0
2026-09-04 01:05:00,135.3,1,68,58.1,1,0,0
2026-09-04 01:10:00,138.1,0,70,59.4,1,0,0
2026-09-04 01:15:00,136.6,0,69,57.8,1,0,0
2026-09-04 01:20:00,136.4,0,67,57.6,1,0,0
2026-09-04 01:25:00,137.2,0,69,56.8,1,0,0
2026-09-04 01:30:00,137.2,1,71,56.9,1,0,0
2026-09-04 01:35:00,137.2,0,70,58.3,1,0,0
2026-09-04 01:40:00,135.8,0,73,58.0,1,0,0
2026-09-04 01:45:00,139.0,0,71,56.7,1,0,0
2026-09-04 01:50:00,144.7,0,68,58.0,1,0,0
2026-09-04 01:55:00,143.6,0,71,55.8,1,0,0
2026-09-04 02:00:00,143.9,0,70,55.6,1,0,0
2026-09-04 02:05:00,141.7,0,72,60.2,1,0,0
2026-09-04 02:10:00,141.0,0,72,56.1,1,0,0
2026-09-04 02:15:00,139.6,0,69,55.4,1,0,0
2026-09-04 02:20:00,140.7,1,69,56.8,1,0,0
2026-09-04 02:25:00,140.4,0,67,57.2,1,0,0
2026-09-04 02:30:00,140.6,0,72,59.6,1,0,0
2026-09-04 02:35:00,139.3,0,73,54.3,1,0,0
2026-09-04 02:40:00,144.4,0,73,55.1,1,0,0
2026-09-04 02:45:00,141.6,0,71,57.1,1,0,0
2026-09-04 02:50:00,143.5,1,70,55.0,1,0,0
2026-09-04 02:55:00,145.8,0,70,57.2,1,0,0
2026-09-04 03:00:00,145.7,0,70,56.3,1,0,0
2026-09-04 03:05:00,144.1,0,71,55.1,1,0,0
2026-09-04 03:10:00,145.2,1,68,52.6,1,0,0
2026-09-04 03:15:00,144.8,0,70,58.8,1,0,0
2026-09-04 03:20:00,145.6,1,68,60.4,1,0,0
2026-09-04 03:25:00,146.5,0,69,60.6,1,0,0
2026-09-04 03:30:00,147.9,0,68,56.9,1,0,0
2026-09-04 03:35:00,147.0,1,74,54.9,1,0,0
2026-09-04 03:40:00,149.0,0,70,53.7,1,0,0
2026-09-04 03:45:00,149.0,1,73,55.5,1,0,0
2026-09-04 03:50:00,147.8,1,71,53.6,1,0,0
2026-09-04 03:55:00,145.9,0,67,56.0,1,0,0
2026-09-04 04:00:00,149.2,0,68,57.4,1,0,0
2026-09-04 04:05:00,147.3,1,67,58.8,1,0,0
2026-09-04 04:10:00,149.0,0,70,59.7,1,0,0
2026-09-04 04:15:00,149.2,0,64,54.6,1,0,0
2026-09-04 04:20:00,147.5,0,70,55.3,1,0,0
2026-09-04 04:25:00,151.6,1,70,56.9,1,0,0
2026-09-04 04:30:00,150.8,2,68,61.8,1,0,0
2026-09-04 04:35:00,153.2,2,69,54.5,1,0,0
2026-09-04 04:40:00,154.6,0,71,57.6,1,0,0
2026-09-04 04:45:00,156.3,0,68,56.5,1,0,0
2026-09-04 04:50:00,156.0,0,69,55.4,1,0,0
2026-09-04 04:55:00,155.4,1,71,61.3,1,0,0
2026-09-04 05:00:00,156.4,0,72,59.6,1,0,0
2026-09-04 05:05:00,156.5,0,75,57.3,1,0,0
2026-09-04 05:10:00,155.5,0,74,59.8,1,0,0
2026-09-04 05:15:00,154.0,0,71,57.3,1,0,0
2026-09-04 05:20:00,152.5,0,71,57.8,1,0,0
2026-09-04 05:25:00,148.8,1,75,57.2,1,0,0
2026-09-04 05:30:00,149.1,0,70,59.0,1,0,0
2026-09-04 05:35:00,149.8,1,68,57.9,1,0,0
2026-09-04 05:40:00,148.6,0,73,60.7,1,0,0
2026-09-04 05:45:00,149.8,0,68,54.7,1,0,0
2026-09-04 05:50:00,149.5,1,72,57.0,1,0,0
2026-09-04 05:55:00,151.5,0,72,55.8,1,0,0
2026-09-04 06:00:00,151.3,1,70,56.1,1,0,0
2026-09-04 06:05:00,150.5,0,69,55.4,1,0,0
2026-09-04 06:10:00,148.7,0,70,57.0,1,0,0
2026-09-04 06:15:00,148.5,1,72,58.7,1,0,0
2026-09-04 06:20:00,150.3,1,70,55.1,1,0,0
2026-09-04 06:25:00,151.6,0,68,55.6,1,0,0
2026-09-04 06:30:00,152.4,1,71,55.3,1,0,0
2026-09-04 06:35:00,152.6,31,79,32.9,0,0,0
2026-09-04 06:40:00,151.0,39,79,36.9,0,0,0
2026-09-04 06:45:00,152.3,23,77,35.5,0,0,0
2026-09-04 06:50:00,150.8,8,78,36.8,0,0,0
2026-09-04 06:55:00,150.3,20,78,38.1,0,0,0
2026-09-04 07:00:00,149.5,35,80,37.3,0,0,0
2026-09-04 07:05:00,147.6,11,76,32.9,0,0,0
2026-09-04 07:10:00,147.5,18,80,39.1,0,0,0
2026-09-04 07:15:00,147.3,29,81,37.6,0,0,0
2026-09-04 07:20:00,149.9,44,82,32.4,0,0,0
2026-09-04 07:25:00,149.7,23,81,32.8,0,0,0
2026-09-04 07:30:00,152.4,20,80,33.5,0,0,0
2026-09-04 07:35:00,152.3,17,80,31.5,0,0,0
2026-09-04 07:40:00,153.5,31,81,33.8,0,0,0
2026-09-04 07:45:00,153.9,14,82,33.2,0,0,0
2026-09-04 07:50:00,154.1,36,82,35.3,0,0,0
2026-09-04 07:55:00,151.5,21,78,34.3,0,0,0
2026-09-04 08:00:00,150.0,32,80,33.2,0,0,0
2026-09-04 08:05:00,148.2,44,81,36.3,0,0,0
2026-09-04 08:10:00,147.6,27,82,35.6,0,0,0
2026-09-04 08:15:00,149.0,37,83,33.1,0,0,0
2026-09-04 08:20:00,153.7,23,85,35.7,0,47,65
2026-09-04 08:25:00,160.9,24,84,34.0,0,0,0
2026-09-04 08:30:00,163.6,43,88,31.8,0,0,0
2026-09-04 08:35:00,164.7,18,78,35.0,0,0,0
2026-09-04 08:40:00,165.9,35,81,32.6,0,0,0
2026-09-04 08:45:00,166.3,30,83,35.8,0,0,0
2026-09-04 08:50:00,167.7,46,83,32.8,0,0,0
2026-09-04 08:55:00,169.9,31,85,33.6,0,0,0
2026-09-04 09:00:00,171.7,29,79,34.6,0,0,0
2026-09-04 09:05:00,171.8,21,78,34.6,0,0,0
2026-09-04 09:10:00,168.8,18,76,37.8,0,0,0
2026-09-04 09:15:00,167.6,21,77,36.5,0,0,0
2026-09-04 09:20:00,165.8,14,80,37.6,0,0,0
2026-09-04 09:25:00,162.8,30,80,36.6,0,0,0
2026-09-04 09:30:00,162.0,13,78,31.6,0,0,0
2026-09-04 09:35:00,160.3,18,79,35.0,0,0,0
2026-09-04 09:40:00,161.7,15,81,35.8,0,0,0
2026-09-04 09:45:00,162.4,37,79,35.2,0,0,0
2026-09-04 09:50:00,160.4,22,81,32.9,0,0,0
2026-09-04 09:55:00,161.0,31,79,35.1,0,0,0
2026-09-04 10:00:00,157.7,33,77,33.7,0,0,0
2026-09-04 10:05:00,156.0,16,76,37.2,0,0,0
2026-09-04 10:10:00,153.6,19,78,36.2,0,0,0
2026-09-04 10:15:00,153.0,23,78,35.2,0,0,0
2026-09-04 10:20:00,150.1,27,81,37.7,0,0,0
2026-09-04 10:25:00,149.5,24,77,33.2,0,0,0
2026-09-04 10:30:00,147.1,16,79,35.0,0,0,0
2026-09-04 10:35:00,146.5,359,101,35.6,0,0,0
2026-09-04 10:40:00,144.1,355,102,38.5,0,0,0
2026-09-04 10:45:00,139.7,362,100,35.1,0,0,0
2026-09-04 10:50:00,141.5,49,81,32.1,0,0,0
2026-09-04 10:55:00,144.0,25,79,35.2,0,0,0
2026-09-04 11:00:00,145.9,30,79,33.7,0,0,0
2026-09-04 11:05:00,141.5,43,80,31.2,0,0,0
2026-09-04 11:10:00,140.6,30,81,38.0,0,0,0
2026-09-04 11:15:00,141.2,19,82,36.7,0,0,0
2026-09-04 11:20:00,137.8,30,82,35.8,0,0,0
2026-09-04 11:25:00,138.2,20,82,29.7,0,0,0
2026-09-04 11:30:00,133.7,35,78,34.6,0,0,0
2026-09-04 11:35:00,132.8,31,76,34.7,0,0,0
2026-09-04 11:40:00,135.0,35,78,38.5,0,0,0
2026-09-04 11:45:00,140.4,16,81,35.7,0,0,0
2026-09-04 11:50:00,138.2,29,78,39.7,0,0,0
2026-09-04 11:55:00,135.5,22,80,34.0,0,0,0
2026-09-04 12:00:00,133.3,19,84,32.6,0,0,0
2026-09-04 12:05:00,131.3,41,80,34.8,0,0,0
2026-09-04 12:10:00,131.7,21,84,32.2,0,0,0
2026-09-04 12:15:00,133.8,15,77,32.8,0,0,0
2026-09-04 12:20:00,134.3,19,78,34.4,0,0,0
2026-09-04 12:25:00,134.6,32,78,37.2,0,0,0
2026-09-04 12:30:00,130.5,24,80,37.1,0,0,0
2026-09-04 12:35:00,134.3,20,80,36.6,0,0,0
2026-09-04 12:40:00,134.4,43,76,33.8,0,0,0
2026-09-04 12:45:00,135.6,46,79,35.8,0,0,0
2026-09-04 12:50:00,136.5,23,79,34.6,0,0,0
2026-09-04 12:55:00,136.2,32,77,36.4,0,0,0
2026-09-04 13:00:00,134.0,19,80,35.1,0,0,0
2026-09-04 13:05:00,136.4,27,81,33.1,0,0,0
2026-09-04 13:10:00,140.2,18,80,38.3,0,0,0
2026-09-04 13:15:00,137.9,26,80,37.0,0,0,0
2026-09-04 13:20:00,136.5,9,81,33.9,0,0,0
2026-09-04 13:25:00,138.0,33,79,35.7,0,0,0
2026-09-04 13:30:00,138.3,30,80,31.2,0,0,0
2026-09-04 13:35:00,138.0,15,78,34.5,0,0,0
2026-09-04 13:40:00,141.0,18,79,35.0,0,74,68
2026-09-04 13:45:00,148.7,26,80,32.1,0,0,0
2026-09-04 13:50:00,155.7,28,85,38.7,0,0,0
2026-09-04 13:55:00,160.9,46,81,34.9,0,0,0
2026-09-04 14:00:00,162.1,18,84,35.3,0,0,0
2026-09-04 14:05:00,165.0,48,82,32.6,0,0,0
2026-09-04 14:10:00,161.7,26,80,35.8,0,0,0
2026-09-04 14:15:00,160.6,12,81,35.3,0,0,0
2026-09-04 14:20:00,170.1,39,81,33.0,0,0,0
2026-09-04 14:25:00,164.6,25,82,38.9,0,0,0
2026-09-04 14:30:00,161.0,52,80,38.2,0,0,0
2026-09-04 14:35:00,158.4,32,81,36.1,0,0,0
2026-09-04 14:40:00,159.7,44,82,31.6,0,0,0
2026-09-04 14:45:00,157.1,36,82,35.4,0,0,0
2026-09-04 14:50:00,158.2,24,81,33.7,0,0,0
2026-09-04 14:55:00,156.3,27,77,34.1,0,0,0
2026-09-04 15:00:00,152.6,34,78,39.6,0,0,0
2026-09-04 15:05:00,150.5,21,78,31.3,0,0,0
2026-09-04 15:10:00,148.6,12,80,37.9,0,0,0
2026-09-04 15:15:00,144.3,19,78,29.7,0,0,0
2026-09-04 15:20:00,142.8,25,78,35.5,0,0,0
2026-09-04 15:25:00,143.4,18,78,35.8,0,0,0
2026-09-04 15:30:00,141.0,18,79,33.2,0,0,0
2026-09-04 15:35:00,140.1,20,81,35.2,0,0,0
2026-09-04 15:40:00,141.9,32,79,33.7,0,0,0
2026-09-04 15:45:00,141.9,16,83,33.4,0,0,0
2026-09-04 15:50:00,140.0,19,82,34.0,0,0,0
2026-09-04 15:55:00,138.2,12,78,35.8,0,0,0
2026-09-04 16:00:00,139.5,21,80,34.3,0,0,0
2026-09-04 16:05:00,140.1,23,78,37.9,0,0,0
2026-09-04 16:10:00,142.4,23,80,36.0,0,0,0
2026-09-04 16:15:00,143.5,32,78,35.4,0,0,0
2026-09-04 16:20:00,144.1,12,80,37.1,0,0,0
2026-09-04 16:25:00,141.4,26,78,36.9,0,0,0
2026-09-04 16:30:00,140.1,9,77,34.5,0,0,0
2026-09-04 16:35:00,139.9,12,79,37.8,0,0,0
2026-09-04 16:40:00,133.3,20,76,33.0,0,0,0
2026-09-04 16:45:00,130.8,56,79,36.2,0,0,0
2026-09-04 16:50:00,130.3,18,76,36.0,0,0,0
2026-09-04 16:55:00,132.5,19,77,34.4,0,0,0
2026-09-04 17:00:00,129.3,14,78,36.8,0,0,0
2026-09-04 17:05:00,130.5,29,81,32.3,0,0,0
2026-09-04 17:10:00,133.3,15,78,35.5,0,0,0
2026-09-04 17:15:00,129.4,16,78,37.6,0,0,0
2026-09-04 17:20:00,130.6,28,79,37.8,0,0,0
2026-09-04 17:25:00,130.7,306,92,33.9,0,0,0
2026-09-04 17:30:00,129.1,354,98,37.4,0,0,0
2026-09-04 17:35:00,133.6,34,80,34.8,0,0,0
2026-09-04 17:40:00,131.1,24,82,36.8,0,0,0
2026-09-04 17:45:00,132.7,25,79,33.4,0,0,0
2026-09-04 17:50:00,134.1,15,79,37.2,0,0,0
2026-09-04 17:55:00,136.4,39,85,34.6,0,16,35
2026-09-04 18:00:00,135.1,31,83,35.3,0,0,0
2026-09-04 18:05:00,135.3,38,82,36.6,0,0,0
2026-09-04 18:10:00,134.9,19,86,36.2,0,0,0
2026-09-04 18:15:00,133.5,19,82,35.2,0,0,0
2026-09-04 18:20:00,136.5,7,79,34.7,0,0,0
2026-09-04 18:25:00,135.8,26,84,36.5,0,0,0
2026-09-04 18:30:00,136.0,25,81,36.8,0,0,0
2026-09-04 18:35:00,136.0,47,81,37.8,0,0,0
2026-09-04 18:40:00,133.8,26,81,34.5,0,0,0
2026-09-04 18:45:00,132.7,20,78,35.3,0,0,0
2026-09-04 18:50:00,132.6,21,83,37.0,0,0,0
2026-09-04 18:55:00,134.3,5,82,33.9,0,0,0
2026-09-04 19:00:00,134.0,22,80,35.4,0,0,0
2026-09-04 19:05:00,136.1,12,79,34.6,0,0,0
2026-09-04 19:10:00,134.1,14,85,33.2,0,0,0
2026-09-04 19:15:00,130.5,21,78,36.7,0,0,0
2026-09-04 19:20:00,129.8,20,78,37.9,0,0,0
2026-09-04 19:25:00,128.4,23,80,34.6,0,0,0
2026-09-04 19:30:00,131.6,21,79,37.4,0,0,0
2026-09-04 19:35:00,134.2,17,78,38.6,0,0,0
2026-09-04 19:40:00,146.9,29,78,38.1,0,0,0
2026-09-04 19:45:00,149.3,15,77,35.0,0,0,0
2026-09-04 19:50:00,145.8,27,81,36.1,0,0,0
2026-09-04 19:55:00,142.8,21,83,35.8,0,0,0
2026-09-04 20:00:00,143.2,16,77,33.5,0,0,0
2026-09-04 20:05:00,141.7,27,80,31.9,0,0,0
2026-09-04 20:10:00,142.3,24,77,38.1,0,0,0
2026-09-04 20:15:00,143.3,35,80,33.8,0,0,0
2026-09-04 20:20:00,142.3,23,79,31.3,0,0,0
2026-09-04 20:25:00,145.8,66,81,38.8,0,0,0
2026-09-04 20:30:00,141.6,17,77,31.9,0,0,0
2026-09-04 20:35:00,143.7,24,79,39.6,0,0,0
2026-09-04 20:40:00,141.4,21,78,37.0,0,0,0
2026-09-04 20:45:00,138.3,29,82,33.8,0,0,0
2026-09-04 20:50:00,136.7,26,75,35.4,0,0,0
2026-09-04 20:55:00,138.6,39,82,32.9,0,0,0
2026-09-04 21:00:00,137.6,25,77,35.5,0,0,0
2026-09-04 21:05:00,141.1,12,77,35.2,0,0,0
2026-09-04 21:10:00,139.3,52,82,33.0,0,0,0
2026-09-04 21:15:00,138.2,13,78,35.7,0,0,0
2026-09-04 21:20:00,137.7,21,79,34.8,0,0,0
2026-09-04 21:25:00,136.8,27,82,34.2,0,54,68
2026-09-04 21:30:00,143.1,19,82,34.0,0,0,0
2026-09-04 21:35:00,148.8,48,85,39.6,0,0,0
2026-09-04 21:40:00,150.9,29,84,37.3,0,0,0
2026-09-04 21:45:00,149.8,28,81,38.4,0,0,0
2026-09-04 21:50:00,156.8,19,81,36.9,0,0,0
2026-09-04 21:55:00,158.8,30,79,35.3,0,0,0
2026-09-04 22:00:00,159.4,28,78,38.3,0,0,0
2026-09-04 22:05:00,159.3,33,80,33.0,0,0,0
2026-09-04 22:10:00,157.5,15,78,34.8,0,0,0
2026-09-04 22:15:00,154.4,18,81,31.7,0,0,0
2026-09-04 22:20:00,152.2,24,77,33.0,0,0,0
2026-09-04 22:25:00,153.8,20,77,34.5,0,0,0
2026-09-04 22:30:00,149.5,20,77,34.1,0,0,0
2026-09-04 22:35:00,151.6,11,78,36.9,0,0,0
2026-09-04 22:40:00,151.3,29,79,38.1,0,0,0
2026-09-04 22:45:00,149.1,7,77,33.5,0,0,0
2026-09-04 22:50:00,148.7,43,82,36.2,0,0,0
2026-09-04 22:55:00,147.9,55,81,36.6,0,0,0
2026-09-04 23:00:00,145.7,15,77,38.9,0,0,0
2026-09-04 23:05:00,145.3,11,79,34.3,0,0,0
2026-09-04 23:10:00,139.8,38,88,34.8,0,0,0
2026-09-04 23:15:00,140.6,21,78,37.6,0,0,0
2026-09-04 23:20:00,144.2,18,82,32.3,0,0,0
2026-09-04 23:25:00,141.1,18,80,35.8,0,0,0
2026-09-04 23:30:00,139.3,20,79,36.4,0,0,0
2026-09-04 23:35:00,139.6,8,78,34.1,0,0,0
2026-09-04 23:40:00,139.2,22,81,32.6,0,0,0
2026-09-04 23:45:00,140.7,0,71,53.7,1,0,0
2026-09-04 23:50:00,139.0,0,70,60.1,1,0,0
2026-09-04 23:55:00,141.1,0,68,59.8,1,0,0
2026-09-05 00:00:00,140.2,0,73,57.1,1,0,0
2026-09-05 00:05:00,141.1,1,67,53.7,1,0,0
2026-09-05 00:10:00,141.2,1,72,52.9,1,0,0
2026-09-05 00:15:00,141.1,2,68,54.8,1,0,0
2026-09-05 00:20:00,139.8,1,70,54.3,1,0,0
2026-09-05 00:25:00,136.8,0,71,52.3,1,0,0
2026-09-05 00:30:00,135.4,0,73,54.2,1,0,0
2026-09-05 00:35:00,137.5,0,71,60.5,1,0,0
2026-09-05 00:40:00,134.5,1,70,54.7,1,0,0
2026-09-05 00:45:00,131.4,1,71,59.7,1,0,0
2026-09-05 00:50:00,131.8,2,70,56.7,1,0,0
2026-09-05 00:55:00,131.7,0,73,51.8,1,0,0
2026-09-05 01:00:00,134.5,1,71,54.6,1,0,0
2026-09-05 01:05:00,137.0,0,71,54.7,1,0,0
2026-09-05 01:10:00,138.2,0,69,56.6,1,0,0
2026-09-05 01:15:00,135.5,0,70,58.2,1,0,0
2026-09-05 01:20:00,138.0,0,71,54.4,1,0,0
2026-09-05 01:25:00,137.5,0,71,56.6,1,0,0
2026-09-05 01:30:00,138.2,1,69,57.4,1,0,0
2026-09-05 01:35:00,139.3,0,72,55.2,1,0,0
2026-09-05 01:40:00,139.8,0,72,58.2,1,0,0
2026-09-05 01:45:00,141.0,0,69,57.6,1,0,0
2026-09-05 01:50:00,143.0,1,68,55.3,1,0,0
2026-09-05 01:55:00,141.3,0,69,55.1,1,0,0
2026-09-05 02:00:00,140.0,0,72,57.3,1,0,0
2026-09-05 02:05:00,140.0,0,65,55.0,1,0,0
2026-09-05 02:10:00,142.3,1,70,54.8,1,0,0
2026-09-05 02:15:00,142.7,1,65,54.3,1,0,0
2026-09-05 02:20:00,143.3,1,70,56.7,1,0,0
2026-09-05 02:25:00,142.4,1,72,55.9,1,0,0
2026-09-05 02:30:00,143.4,0,70,55.9,1,0,0
2026-09-05 02:35:00,142.6,1,74,54.6,1,0,0
2026-09-05 02:40:00,139.8,0,69,55.2,1,0,0
2026-09-05 02:45:00,137.4,0,71,53.9,1,0,0
2026-09-05 02:50:00,134.7,1,68,55.6,1,0,0
2026-09-05 02:55:00,134.5,0,69,57.1,1,0,0
2026-09-05 03:00:00,136.1,0,65,53.1,1,0,0
2026-09-05 03:05:00,136.8,0,70,55.0,1,0,0
2026-09-05 03:10:00,136.4,0,69,54.5,1,0,0
2026-09-05 03:15:00,137.3,1,70,58.4,1,0,0
2026-09-05 03:20:00,138.9,0,66,54.4,1,0,0
2026-09-05 03:25:00,148.2,1,76,53.8,1,0,0
2026-09-05 03:30:00,147.6,0,69,55.2,1,0,0
2026-09-05 03:35:00,150.3,0,72,52.2,1,0,0
2026-09-05 03:40:00,150.5,0,69,56.6,1,0,0
2026-09-05 03:45:00,151.3,0,70,53.6,1,0,0
2026-09-05 03:50:00,151.8,0,70,57.9,1,0,0
2026-09-05 03:55:00,154.8,1,70,56.3,1,0,0
2026-09-05 04:00:00,156.5,0,73,53.4,1,0,0
2026-09-05 04:05:00,158.7,1,69,58.6,1,0,0
2026-09-05 04:10:00,159.0,0,68,54.7,1,0,0
2026-09-05 04:15:00,160.1,0,72,59.7,1,0,0
2026-09-05 04:20:00,160.6,0,69,54.3,1,0,0
2026-09-05 04:25:00,159.6,0,69,55.9,1,0,0
2026-09-05 04:30:00,159.5,1,73,53.9,1,0,0
2026-09-05 04:35:00,155.4,0,70,57.1,1,0,0
2026-09-05 04:40:00,155.9,0,72,56.7,1,0,0
2026-09-05 04:45:00,155.6,0,70,55.9,1,0,0
2026-09-05 04:50:00,157.8,1,72,56.5,1,0,0
2026-09-05 04:55:00,158.1,1,69,53.4,1,0,0
2026-09-05 05:00:00,155.1,1,72,54.8,1,0,0
2026-09-05 05:05:00,155.4,0,70,55.2,1,0,0
2026-09-05 05:10:00,157.7,0,70,53.5,1,0,0
2026-09-05 05:15:00,159.9,0,72,58.0,1,0,0
2026-09-05 05:20:00,160.6,1,68,52.8,1,0,0
2026-09-05 05:25:00,157.7,0,70,56.5,1,0,0
2026-09-05 05:30:00,161.9,1,71,52.6,1,0,0
2026-09-05 05:35:00,162.6,0,70,55.4,1,0,0
2026-09-05 05:40:00,162.3,0,66,54.4,1,0,0
2026-09-05 05:45:00,160.5,3,71,53.5,1,0,0
2026-09-05 05:50:00,158.2,0,68,55.0,1,0,0
2026-09-05 05:55:00,158.4,0,73,57.5,1,0,0
2026-09-05 06:00:00,160.3,0,69,54.4,1,0,0
2026-09-05 06:05:00,158.6,0,69,54.9,1,0,0
2026-09-05 06:10:00,160.0,0,69,54.6,1,0,0
2026-09-05 06:15:00,159.2,2,67,55.1,1,0,0
2026-09-05 06:20:00,160.5,0,70,56.1,1,0,0
2026-09-05 06:25:00,160.2,0,68,54.8,1,0,0
2026-09-05 06:30:00,160.1,1,67,58.1,1,0,0
2026-09-05 06:35:00,157.3,0,71,55.4,1,0,0
2026-09-05 06:40:00,154.2,1,71,55.2,1,0,0
2026-09-05 06:45:00,153.7,19,74,34.1,0,0,0
2026-09-05 06:50:00,153.7,11,78,34.0,0,0,0
2026-09-05 06:55:00,151.5,7,75,34.6,0,0,0
2026-09-05 07:00:00,152.6,17,81,33.3,0,0,0
2026-09-05 07:05:00,149.5,49,82,32.5,0,0,0
2026-09-05 07:10:00,152.2,26,80,32.1,0,0,0
2026-09-05 07:15:00,149.8,10,80,35.8,0,0,0
2026-09-05 07:20:00,151.6,18,80,37.8,0,0,0
2026-09-05 07:25:00,147.5,30,81,33.7,0,0,0
2026-09-05 07:30:00,145.9,23,83,37.0,0,0,0
2026-09-05 07:35:00,147.7,12,81,37.6,0,0,0
2026-09-05 07:40:00,149.5,24,80,35.0,0,0,0
2026-09-05 07:45:00,149.9,9,76,35.2,0,0,0
2026-09-05 07:50:00,149.0,22,84,37.6,0,0,0
2026-09-05 07:55:00,147.9,34,82,34.9,0,0,0
2026-09-05 08:00:00,147.2,37,80,35.1,0,0,0
2026-09-05 08:05:00,144.7,19,83,37.7,0,54,70
2026-09-05 08:10:00,150.2,30,81,37.2,0,0,0
2026-09-05 08:15:00,155.9,17,82,32.7,0,0,0
2026-09-05 08:20:00,155.1,451,111,33.2,0,0,0
2026-09-05 08:25:00,156.1,453,110,35.1,0,0,0
2026-09-05 08:30:00,156.9,35,86,34.1,0,0,0
2026-09-05 08:35:00,159.0,40,84,34.2,0,0,0
2026-09-05 08:40:00,159.4,44,80,37.6,0,0,0
2026-09-05 08:45:00,158.0,34,84,36.3,0,0,0
2026-09-05 08:50:00,157.7,27,80,36.8,0,0,0
2026-09-05 08:55:00,158.8,17,75,33.6,0,0,0
2026-09-05 09:00:00,157.7,22,81,32.4,0,0,0
2026-09-05 09:05:00,156.3,26,83,34.4,0,0,0
2026-09-05 09:10:00,156.6,51,83,32.8,0,0,0
2026-09-05 09:15:00,157.4,21,78,34.8,0,0,0
2026-09-05 09:20:00,154.8,21,77,36.8,0,0,0
2026-09-05 09:25:00,150.7,28,83,33.1,0,0,0
2026-09-05 09:30:00,147.5,35,79,34.2,0,0,0
2026-09-05 09:35:00,147.4,26,77,33.7,0,0,0
2026-09-05 09:40:00,145.6,11,78,36.5,0,0,0
2026-09-05 09:45:00,146.0,33,78,34.9,0,0,0
2026-09-05 09:50:00,149.0,40,79,33.3,0,0,0
2026-09-05 09:55:00,146.0,22,84,35.0,0,0,0
2026-09-05 10:00:00,142.7,12,75,33.8,0,0,0
2026-09-05 10:05:00,142.5,18,80,30.2,0,0,0
2026-09-05 10:10:00,144.3,23,78,33.7,0,0,0
2026-09-05 10:15:00,141.0,23,75,33.6,0,0,0
2026-09-05 10:20:00,143.3,10,79,32.8,0,0,0
2026-09-05 10:25:00,144.2,10,79,36.3,0,0,0
2026-09-05 10:30:00,142.4,28,79,33.1,0,0,0
2026-09-05 10:35:00,139.8,18,78,35.0,0,0,0
2026-09-05 10:40:00,137.5,21,81,34.2,0,0,0
2026-09-05 10:45:00,133.7,21,82,34.8,0,0,0
2026-09-05 10:50:00,137.8,424,100,31.9,0,0,0
2026-09-05 10:55:00,138.9,431,104,34.5,0,0,0
2026-09-05 11:00:00,137.6,19,79,32.4,0,0,0
2026-09-05 11:05:00,135.5,15,78,34.2,0,0,0
2026-09-05 11:10:00,135.5,32,76,34.3,0,0,0
2026-09-05 11:15:00,135.0,24,77,33.9,0,0,0
2026-09-05 11:20:00,138.6,25,77,33.3,0,0,0
2026-09-05 11:25:00,141.7,12,78,33.8,0,0,0
2026-09-05 11:30:00,143.5,51,81,37.9,0,0,0
2026-09-05 11:35:00,137.7,43,80,35.1,0,0,0
2026-09-05 11:40:00,138.4,27,84,33.2,0,0,0
2026-09-05 11:45:00,134.7,17,81,36.0,0,0,0
2026-09-05 11:50:00,132.6,32,80,35.5,0,0,0
2026-09-05 11:55:00,136.6,28,79,33.9,0,0,0
2026-09-05 12:00:00,139.8,33,81,32.2,0,0,0
2026-09-05 12:05:00,141.9,20,81,34.3,0,0,0
2026-09-05 12:10:00,142.2,20,80,35.3,0,0,0
2026-09-05 12:15:00,142.6,29,80,31.5,0,0,0
2026-09-05 12:20:00,142.8,17,79,33.9,0,0,0
2026-09-05 12:25:00,143.1,21,79,31.2,0,0,0
2026-09-05 12:30:00,140.1,12,76,35.5,0,0,0
2026-09-05 12:35:00,141.6,28,80,33.3,0,0,0
2026-09-05 12:40:00,140.1,20,78,32.8,0,0,0
2026-09-05 12:45:00,138.4,30,78,35.3,0,0,0
2026-09-05 12:50:00,140.4,20,78,33.5,0,0,0
2026-09-05 12:55:00,140.5,27,82,34.4,0,0,0
2026-09-05 13:00:00,137.6,12,81,37.2,0,0,0
2026-09-05 13:05:00,137.7,18,79,34.5,0,0,0
2026-09-05 13:10:00,136.8,42,78,35.8,0,0,0
2026-09-05 13:15:00,137.5,29,80,34.6,0,0,0
2026-09-05 13:20:00,134.0,9,78,37.4,0,0,0
2026-09-05 13:25:00,133.6,80,87,36.1,0,0,0
2026-09-05 13:30:00,132.8,35,78,33.5,0,0,0
2026-09-05 13:35:00,131.4,24,78,34.7,0,0,0
2026-09-05 13:40:00,133.2,26,80,34.0,0,0,0
2026-09-05 13:45:00,136.7,18,80,34.5,0,0,0
2026-09-05 13:50:00,141.5,23,80,35.7,0,0,0
2026-09-05 13:55:00,137.5,19,85,33.8,0,0,0
2026-09-05 14:00:00,135.2,14,80,33.7,0,80,68
2026-09-05 14:05:00,151.5,18,87,36.7,0,0,0
2026-09-05 14:10:00,156.2,25,82,33.4,0,0,0
2026-09-05 14:15:00,159.4,460,110,31.7,0,0,0
2026-09-05 14:20:00,162.7,444,107,31.2,0,0,0
2026-09-05 14:25:00,164.8,29,84,35.4,0,0,0
2026-09-05 14:30:00,163.3,28,78,33.1,0,0,0
2026-09-05 14:35:00,162.4,35,77,33.5,0,0,0
2026-09-05 14:40:00,164.5,22,78,37.6,0,0,0
2026-09-05 14:45:00,163.0,10,77,32.9,0,0,0
2026-09-05 14:50:00,157.9,26,78,31.2,0,0,0
2026-09-05 14:55:00,157.7,11,78,33.2,0,0,0
2026-09-05 15:00:00,153.2,8,77,37.9,0,0,0
2026-09-05 15:05:00,152.4,35,81,33.8,0,0,0
2026-09-05 15:10:00,150.3,36,77,32.7,0,0,0
2026-09-05 15:15:00,147.1,43,76,32.2,0,0,0
2026-09-05 15:20:00,148.9,28,79,31.6,0,0,0
2026-09-05 15:25:00,146.1,11,77,33.9,0,0,0
2026-09-05 15:30:00,146.5,32,80,37.0,0,0,0
2026-09-05 15:35:00,144.1,18,78,37.5,0,0,0
2026-09-05 15:40:00,143.4,23,78,35.3,0,0,0
2026-09-05 15:45:00,142.0,10,78,33.9,0,0,0
2026-09-05 15:50:00,141.2,15,79,37.8,0,0,0
2026-09-05 15:55:00,141.1,34,78,33.2,0,0,0
2026-09-05 16:00:00,141.3,22,83,37.6,0,0,0
2026-09-05 16:05:00,138.3,7,75,34.5,0,0,0
2026-09-05 16:10:00,137.1,63,82,33.1,0,0,0
2026-09-05 16:15:00,137.1,20,81,37.2,0,0,0
2026-09-05 16:20:00,136.6,16,81,39.2,0,0,0
2026-09-05 16:25:00,136.6,13,80,34.6,0,0,0
2026-09-05 16:30:00,138.0,14,75,33.9,0,0,0
2026-09-05 16:35:00,140.5,17,78,32.8,0,0,0
2026-09-05 16:40:00,140.3,21,80,35.4,0,0,0
2026-09-05 16:45:00,139.8,29,80,35.1,0,0,0
2026-09-05 16:50:00,138.9,11,75,33.2,0,0,0
2026-09-05 16:55:00,139.3,25,78,34.2,0,0,0
2026-09-05 17:00:00,137.8,17,79,35.4,0,0,0
2026-09-05 17:05:00,138.1,22,79,32.6,0,0,0
2026-09-05 17:10:00,136.7,16,79,35.1,0,0,0
2026-09-05 17:15:00,133.6,36,78,33.3,0,0,0
2026-09-05 17:20:00,134.3,25,82,37.4,0,0,0
2026-09-05 17:25:00,132.2,41,77,30.9,0,0,0
2026-09-05 17:30:00,132.3,22,82,33.0,0,17,35
2026-09-05 17:35:00,131.9,40,82,32.9,0,0,0
2026-09-05 17:40:00,132.0,8,78,34.8,0,0,0
2026-09-05 17:45:00,134.0,38,82,32.7,0,0,0
2026-09-05 17:50:00,133.7,21,84,34.9,0,0,0
2026-09-05 17:55:00,131.5,13,84,34.1,0,0,0
2026-09-05 18:00:00,133.5,16,83,35.9,0,0,0
2026-09-05 18:05:00,136.1,22,83,33.2,0,0,0
2026-09-05 18:10:00,137.5,23,78,32.0,0,0,0
2026-09-05 18:15:00,138.4,28,83,29.9,0,0,0
2026-09-05 18:20:00,139.4,10,81,37.4,0,0,0
2026-09-05 18:25:00,137.5,15,78,32.0,0,0,0
2026-09-05 18:30:00,136.9,34,80,34.3,0,0,0
2026-09-05 18:35:00,135.8,27,82,34.0,0,0,0
2026-09-05 18:40:00,133.7,25,77,36.4,0,0,0
2026-09-05 18:45:00,133.6,26,84,33.4,0,0,0
2026-09-05 18:50:00,133.9,25,78,32.6,0,0,0
2026-09-05 18:55:00,133.6,13,79,35.2,0,0,0
2026-09-05 19:00:00,133.3,21,76,34.3,0,0,0
2026-09-05 19:05:00,131.2,70,87,32.6,0,0,0
2026-09-05 19:10:00,130.4,17,79,32.5,0,0,0
2026-09-05 19:15:00,129.5,42,85,32.9,0,0,0
2026-09-05 19:20:00,128.5,19,79,31.8,0,0,0
2026-09-05 19:25:00,127.8,11,78,38.2,0,0,0
2026-09-05 19:30:00,132.1,18,81,37.6,0,0,0
2026-09-05 19:35:00,133.5,31,78,35.5,0,0,0
2026-09-05 19:40:00,133.8,15,77,36.1,0,0,0
2026-09-05 19:45:00,133.3,23,80,31.4,0,0,0
2026-09-05 19:50:00,134.2,29,77,33.8,0,0,0
2026-09-05 19:55:00,132.7,24,80,32.5,0,0,0
2026-09-05 20:00:00,147.5,35,79,35.2,0,0,0
2026-09-05 20:05:00,148.8,28,80,36.7,0,0,0
2026-09-05 20:10:00,149.7,19,79,31.1,0,0,0
2026-09-05 20:15:00,150.2,24,81,33.3,0,0,0
2026-09-05 20:20:00,152.7,20,81,37.2,0,0,0
2026-09-05 20:25:00,154.8,52,83,33.5,0,0,0
2026-09-05 20:30:00,154.4,23,78,34.9,0,0,0
2026-09-05 20:35:00,152.1,12,80,35.1,0,0,0
2026-09-05 20:40:00,150.8,30,78,31.9,0,0,0
2026-09-05 20:45:00,149.1,41,80,31.9,0,86,75
2026-09-05 20:50:00,157.1,20,83,34.1,0,0,0
2026-09-05 20:55:00,162.4,18,82,33.9,0,0,0
2026-09-05 21:00:00,165.8,464,111,30.9,0,0,0
2026-09-05 21:05:00,164.3,510,110,34.2,0,0,0
2026-09-05 21:10:00,168.4,6,81,32.4,0,0,0
2026-09-05 21:15:00,169.1,13,78,32.5,0,0,0
2026-09-05 21:20:00,170.0,36,79,32.9,0,0,0
2026-09-05 21:25:00,166.2,23,81,35.7,0,0,0
2026-09-05 21:30:00,165.3,42,81,31.5,0,0,0
2026-09-05 21:35:00,163.9,45,77,34.2,0,0,0
2026-09-05 21:40:00,160.1,25,79,36.0,0,0,0
2026-09-05 21:45:00,158.6,21,78,37.8,0,0,0
2026-09-05 21:50:00,157.4,27,82,32.1,0,0,0
2026-09-05 21:55:00,157.3,33,77,36.5,0,0,0
2026-09-05 22:00:00,153.9,19,79,34.3,0,0,0
2026-09-05 22:05:00,155.8,9,80,33.4,0,0,0
2026-09-05 22:10:00,154.7,20,81,37.6,0,0,0
2026-09-05 22:15:00,154.6,24,78,31.9,0,0,0
2026-09-05 22:20:00,153.0,15,78,33.1,0,0,0
2026-09-05 22:25:00,152.2,40,79,34.0,0,0,0
2026-09-05 22:30:00,150.7,15,81,36.3,0,0,0
2026-09-05 22:35:00,147.8,14,76,38.2,0,0,0
2026-09-05 22:40:00,145.9,35,81,32.6,0,0,0
2026-09-05 22:45:00,140.2,22,81,33.2,0,0,0
2026-09-05 22:50:00,136.4,13,77,34.4,0,0,0
2026-09-05 22:55:00,136.2,35,80,30.9,0,0,0
2026-09-05 23:00:00,135.2,31,76,37.9,0,0,0
2026-09-05 23:05:00,136.4,11,77,35.6,0,0,0
2026-09-05 23:10:00,135.9,16,80,30.0,0,0,0
2026-09-05 23:15:00,134.4,13,74,37.5,0,0,0
2026-09-05 23:20:00,133.6,31,79,31.1,0,0,0
2026-09-05 23:25:00,133.4,6,76,37.6,0,0,0
2026-09-05 23:30:00,130.1,31,76,35.6,0,0,0
2026-09-05 23:35:00,129.2,34,81,32.0,0,0,0
2026-09-05 23:40:00,131.9,27,81,33.8,0,0,0
2026-09-05 23:45:00,130.7,9,77,35.8,0,0,0
2026-09-05 23:50:00,130.5,8,76,35.9,0,0,0
2026-09-05 23:55:00,129.3,21,76,34.3,0,0,0
2026-09-06 00:00:00,121.3,25,79,36.0,0,0,0
2026-09-06 00:05:00,123.7,14,79,35.2,0,0,0
2026-09-06 00:10:00,122.2,20,81,35.7,0,0,0
2026-09-06 00:15:00,117.7,22,81,34.4,0,0,0
2026-09-06 00:20:00,123.0,10,78,42.1,0,0,0
2026-09-06 00:25:00,122.4,35,82,36.2,0,0,0
2026-09-06 00:30:00,122.4,13,78,32.4,0,0,0
2026-09-06 00:35:00,124.8,12,80,32.3,0,0,0
2026-09-06 00:40:00,128.1,0,71,56.1,1,0,0
2026-09-06 00:45:00,129.7,4,66,59.6,1,0,0
2026-09-06 00:50:00,131.3,0,71,55.2,1,0,0
2026-09-06 00:55:00,128.8,0,69,60.0,1,0,0
2026-09-06 01:00:00,130.2,0,69,58.4,1,0,0
2026-09-06 01:05:00,131.4,0,71,59.0,1,0,0
2026-09-06 01:10:00,127.1,0,69,58.2,1,0,0
2026-09-06 01:15:00,129.3,0,65,56.7,1,0,0
2026-09-06 01:20:00,130.2,0,74,56.5,1,0,0
2026-09-06 01:25:00,125.6,0,71,55.1,1,0,0
2026-09-06 01:30:00,127.4,0,70,53.7,1,0,0
2026-09-06 01:35:00,128.0,1,74,54.6,1,0,0
2026-09-06 01:40:00,126.5,1,68,62.5,1,0,0
2026-09-06 01:45:00,130.1,0,73,60.8,1,0,0
2026-09-06 01:50:00,125.7,0,68,58.4,1,0,0
2026-09-06 01:55:00,125.0,0,67,57.4,1,0,0
2026-09-06 02:00:00,125.3,0,72,56.8,1,0,0
2026-09-06 02:05:00,123.8,0,70,58.9,1,0,0
2026-09-06 02:10:00,125.9,1,67,55.9,1,0,0
2026-09-06 02:15:00,129.5,1,69,59.6,1,0,0
2026-09-06 02:20:00,130.7,0,69,59.5,1,0,0
2026-09-06 02:25:00,130.7,1,70,56.9,1,0,0
2026-09-06 02:30:00,132.2,1,69,61.7,1,0,0
2026-09-06 02:35:00,131.8,0,71,61.7,1,0,0
2026-09-06 02:40:00,129.8,0,69,59.7,1,0,0
2026-09-06 02:45:00,148.0,0,71,56.1,1,0,0
2026-09-06 02:50:00,146.2,2,70,62.0,1,0,0
2026-09-06 02:55:00,145.1,0,67,59.1,1,0,0
2026-09-06 03:00:00,142.8,0,73,53.6,1,0,0
2026-09-06 03:05:00,138.8,0,71,62.6,1,0,0
2026-09-06 03:10:00,145.2,0,70,56.2,1,0,0
2026-09-06 03:15:00,142.9,0,71,56.9,1,0,0
2026-09-06 03:20:00,144.7,0,69,55.7,1,0,0
2026-09-06 03:25:00,142.7,0,72,60.3,1,0,0
2026-09-06 03:30:00,142.7,1,67,58.2,1,0,0
2026-09-06 03:35:00,144.6,0,72,58.2,1,0,0
2026-09-06 03:40:00,146.4,1,68,53.6,1,0,0
2026-09-06 03:45:00,147.7,0,70,59.1,1,0,0
2026-09-06 03:50:00,146.3,0,71,56.2,1,0,0
2026-09-06 03:55:00,149.0,0,71,58.6,1,0,0
2026-09-06 04:00:00,149.1,0,65,53.7,1,0,0
2026-09-06 04:05:00,149.6,0,72,61.1,1,0,0
2026-09-06 04:10:00,147.2,0,70,60.0,1,0,0
2026-09-06 04:15:00,147.0,0,71,60.9,1,0,0
2026-09-06 04:20:00,144.9,0,67,60.2,1,0,0
2026-09-06 04:25:00,141.6,0,69,60.8,1,0,0
2026-09-06 04:30:00,141.5,0,71,59.2,1,0,0
2026-09-06 04:35:00,142.9,0,69,56.8,1,0,0
2026-09-06 04:40:00,144.3,1,72,60.1,1,0,0
2026-09-06 04:45:00,144.3,2,69,57.4,1,0,0
2026-09-06 04:50:00,145.8,0,68,57.6,1,0,0
2026-09-06 04:55:00,146.7,0,70,58.7,1,0,0
2026-09-06 05:00:00,148.1,0,71,56.3,1,0,0
2026-09-06 05:05:00,149.3,0,69,55.9,1,0,0
2026-09-06 05:10:00,150.0,0,70,56.9,1,0,0
2026-09-06 05:15:00,148.3,0,71,55.2,1,0,0
2026-09-06 05:20:00,147.0,0,70,58.4,1,0,0
2026-09-06 05:25:00,147.2,0,74,61.5,1,0,0
2026-09-06 05:30:00,146.6,1,70,60.0,1,0,0
2026-09-06 05:35:00,147.3,0,65,57.2,1,0,0
2026-09-06 05:40:00,146.0,1,73,57.0,1,0,0
2026-09-06 05:45:00,145.6,0,71,57.2,1,0,0
2026-09-06 05:50:00,146.0,0,70,59.4,1,0,0
2026-09-06 05:55:00,146.7,0,71,59.0,1,0,0
2026-09-06 06:00:00,143.8,0,69,55.6,1,0,0
2026-09-06 06:05:00,142.2,1,68,57.2,1,0,0
2026-09-06 06:10:00,143.6,1,69,55.3,1,0,0
2026-09-06 06:15:00,142.6,0,68,59.3,1,0,0
2026-09-06 06:20:00,147.7,0,70,60.2,1,0,0
2026-09-06 06:25:00,148.4,0,71,57.7,1,0,0
2026-09-06 06:30:00,150.2,1,70,56.3,1,0,0
2026-09-06 06:35:00,151.9,0,71,55.4,1,0,0
2026-09-06 06:40:00,149.6,0,70,63.1,1,0,0
2026-09-06 06:45:00,149.3,1,73,56.7,1,0,0
2026-09-06 06:50:00,149.1,0,72,59.3,1,0,0
2026-09-06 06:55:00,148.7,0,72,56.5,1,0,0
2026-09-06 07:00:00,150.9,0,65,58.5,1,0,0
2026-09-06 07:05:00,151.5,0,71,56.9,1,0,0
2026-09-06 07:10:00,150.0,0,68,58.1,1,0,0
2026-09-06 07:15:00,148.7,0,66,54.0,1,0,0
2026-09-06 07:20:00,143.6,0,69,59.3,1,0,0
2026-09-06 07:25:00,141.7,0,71,56.4,1,0,0
2026-09-06 07:30:00,142.6,16,76,37.7,0,0,0
2026-09-06 07:35:00,142.4,7,75,35.8,0,0,0
2026-09-06 07:40:00,142.5,16,83,35.9,0,66,78
2026-09-06 07:45:00,150.6,28,82,38.4,0,0,0
2026-09-06 07:50:00,157.4,61,86,38.2,0,0,0
2026-09-06 07:55:00,163.1,27,82,38.2,0,0,0
2026-09-06 08:00:00,164.5,29,85,33.9,0,0,0
2026-09-06 08:05:00,167.9,34,85,37.8,0,0,0
2026-09-06 08:10:00,169.8,23,78,33.3,0,0,0
2026-09-06 08:15:00,165.0,31,81,35.3,0,0,0
2026-09-06 08:20:00,165.8,20,80,33.9,0,0,0
2026-09-06 08:25:00,162.1,22,81,31.4,0,0,0
2026-09-06 08:30:00,160.1,19,79,36.5,0,0,0
2026-09-06 08:35:00,162.7,18,79,37.0,0,0,0
2026-09-06 08:40:00,159.3,15,78,35.9,0,0,0
2026-09-06 08:45:00,155.6,22,78,39.5,0,0,0
2026-09-06 08:50:00,154.2,24,80,34.5,0,0,0
2026-09-06 08:55:00,152.4,51,83,36.9,0,0,0
2026-09-06 09:00:00,152.2,29,79,35.1,0,0,0
2026-09-06 09:05:00,152.0,23,78,39.3,0,0,0
2026-09-06 09:10:00,150.8,36,79,32.6,0,0,0
2026-09-06 09:15:00,147.7,17,81,33.3,0,0,0
2026-09-06 09:20:00,144.9,28,82,33.0,0,0,0
2026-09-06 09:25:00,140.5,21,79,36.2,0,0,0
2026-09-06 09:30:00,137.8,38,81,36.3,0,0,0
2026-09-06 09:35:00,137.2,16,77,34.4,0,0,0
2026-09-06 09:40:00,136.8,27,79,37.8,0,0,0
2026-09-06 09:45:00,138.0,32,77,36.4,0,0,0
2026-09-06 09:50:00,133.4,26,82,37.0,0,0,0
2026-09-06 09:55:00,133.6,14,78,35.1,0,0,0
2026-09-06 10:00:00,132.5,15,80,37.5,0,0,0
2026-09-06 10:05:00,132.7,32,78,35.6,0,0,0
2026-09-06 10:10:00,132.4,35,83,34.0,0,0,0
2026-09-06 10:15:00,131.1,12,81,35.0,0,0,0
2026-09-06 10:20:00,130.4,27,79,37.8,0,0,0
2026-09-06 10:25:00,127.3,35,77,37.0,0,0,0
2026-09-06 10:30:00,124.2,20,83,37.2,0,0,0
2026-09-06 10:35:00,123.3,25,78,35.0,0,0,0
2026-09-06 10:40:00,122.6,16,84,35.8,0,0,0
2026-09-06 10:45:00,125.0,25,81,34.7,0,0,0
2026-09-06 10:50:00,128.5,29,78,33.9,0,0,0
2026-09-06 10:55:00,126.2,22,79,36.4,0,0,0
2026-09-06 11:00:00,126.9,30,79,35.7,0,0,0
2026-09-06 11:05:00,126.4,34,82,35.0,0,0,0
2026-09-06 11:10:00,125.4,12,77,37.1,0,0,0
2026-09-06 11:15:00,123.3,18,82,39.1,0,0,0
2026-09-06 11:20:00,120.6,22,80,40.0,0,0,0
2026-09-06 11:25:00,122.0,18,77,38.5,0,0,0
2026-09-06 11:30:00,123.4,25,81,37.2,0,0,0
2026-09-06 11:35:00,122.5,18,82,35.1,0,0,0
2026-09-06 11:40:00,124.6,7,76,36.4,0,0,0
2026-09-06 11:45:00,128.2,28,76,39.4,0,0,0
2026-09-06 11:50:00,130.2,22,79,36.8,0,0,0
2026-09-06 11:55:00,129.7,30,80,32.5,0,0,0
2026-09-06 12:00:00,130.5,18,79,38.3,0,0,0
2026-09-06 12:05:00,127.8,21,79,37.8,0,0,0
2026-09-06 12:10:00,129.1,15,80,40.4,0,0,0
2026-09-06 12:15:00,130.4,21,81,36.8,0,0,0
2026-09-06 12:20:00,126.5,34,82,35.8,0,0,0
2026-09-06 12:25:00,126.4,36,81,36.4,0,0,0
2026-09-06 12:30:00,127.9,12,83,35.3,0,0,0
2026-09-06 12:35:00,125.9,14,77,33.4,0,0,0
2026-09-06 12:40:00,126.0,15,79,36.7,0,0,0
2026-09-06 12:45:00,124.3,36,79,35.1,0,0,0
2026-09-06 12:50:00,122.9,30,79,35.9,0,0,0
2026-09-06 12:55:00,127.7,40,81,34.7,0,0,0
2026-09-06 13:00:00,128.0,38,81,37.6,0,0,0
2026-09-06 13:05:00,129.9,19,82,37.6,0,0,0
2026-09-06 13:10:00,132.0,24,80,35.2,0,0,0
2026-09-06 13:15:00,127.1,33,79,40.7,0,0,0
2026-09-06 13:20:00,125.2,13,81,34.8,0,61,50
2026-09-06 13:25:00,129.1,15,83,32.9,0,0,0
2026-09-06 13:30:00,130.6,39,82,36.3,0,0,0
2026-09-06 13:35:00,131.6,17,85,33.1,0,0,0
2026-09-06 13:40:00,145.8,21,83,32.8,0,0,0
2026-09-06 13:45:00,147.0,21,83,37.3,0,0,0
2026-09-06 13:50:00,147.0,19,79,38.0,0,0,0
2026-09-06 13:55:00,146.2,33,81,34.1,0,0,0
2026-09-06 14:00:00,151.8,25,81,35.0,0,0,0
2026-09-06 14:05:00,153.5,19,80,37.1,0,0,0
2026-09-06 14:10:00,154.5,25,80,36.7,0,0,0
2026-09-06 14:15:00,152.5,29,77,32.9,0,0,0
2026-09-06 14:20:00,152.2,48,80,34.8,0,0,0
2026-09-06 14:25:00,151.5,14,77,35.4,0,0,0
2026-09-06 14:30:00,151.0,15,84,36.1,0,0,0
2026-09-06 14:35:00,147.5,15,79,38.1,0,0,0
2026-09-06 14:40:00,150.9,28,79,35.7,0,0,0
2026-09-06 14:45:00,150.5,6,79,37.7,0,0,0
2026-09-06 14:50:00,150.3,26,80,32.8,0,0,0
2026-09-06 14:55:00,151.8,18,78,37.5,0,0,0
2026-09-06 15:00:00,151.6,47,78,35.5,0,0,0
2026-09-06 15:05:00,149.3,52,80,36.2,0,0,0
2026-09-06 15:10:00,148.4,26,84,32.6,0,0,0
2026-09-06 15:15:00,147.1,33,81,34.4,0,0,0
2026-09-06 15:20:00,143.7,13,80,35.4,0,0,0
2026-09-06 15:25:00,144.6,29,77,35.8,0,0,0
2026-09-06 15:30:00,145.0,43,81,34.7,0,0,0
2026-09-06 15:35:00,142.1,24,81,36.6,0,0,0
2026-09-06 15:40:00,138.3,12,80,33.2,0,0,0
2026-09-06 15:45:00,133.2,33,81,36.9,0,0,0
2026-09-06 15:50:00,132.7,13,81,38.1,0,0,0
2026-09-06 15:55:00,132.8,35,78,37.4,0,0,0
2026-09-06 16:00:00,133.9,19,78,34.3,0,0,0
2026-09-06 16:05:00,137.2,17,79,33.0,0,0,0
2026-09-06 16:10:00,137.7,10,80,36.0,0,0,0
2026-09-06 16:15:00,137.6,12,80,33.2,0,0,0
2026-09-06 16:20:00,138.3,13,76,35.3,0,0,0
2026-09-06 16:25:00,140.6,23,82,35.5,0,0,0
2026-09-06 16:30:00,137.2,33,81,34.7,0,0,0
2026-09-06 16:35:00,139.0,38,80,35.1,0,0,0
2026-09-06 16:40:00,136.3,26,79,35.2,0,0,0
2026-09-06 16:45:00,136.8,46,82,36.1,0,0,0
2026-09-06 16:50:00,136.8,14,81,36.2,0,0,0
2026-09-06 16:55:00,136.9,39,83,35.1,0,0,0
2026-09-06 17:00:00,140.7,30,81,34.9,0,0,0
2026-09-06 17:05:00,139.7,17,77,34.7,0,0,0
2026-09-06 17:10:00,137.1,20,80,34.2,0,0,0
2026-09-06 17:15:00,136.6,20,78,34.8,0,0,0
2026-09-06 17:20:00,137.2,10,77,34.8,0,0,0
2026-09-06 17:25:00,139.4,17,79,39.4,0,0,0
2026-09-06 17:30:00,134.3,19,78,36.7,0,0,0
2026-09-06 17:35:00,133.8,561,113,33.9,0,34,60
2026-09-06 17:40:00,137.6,546,113,36.7,0,0,0
2026-09-06 17:45:00,139.3,528,115,35.4,0,0,0
2026-09-06 17:50:00,141.8,931,138,35.2,0,0,0
2026-09-06 17:55:00,142.6,407,107,37.1,0,0,0
2026-09-06 18:00:00,139.2,14,82,35.8,0,0,0
2026-09-06 18:05:00,139.0,16,80,34.8,0,0,0
2026-09-06 18:10:00,144.3,28,78,32.3,0,0,0
2026-09-06 18:15:00,147.1,22,80,35.3,0,0,0
2026-09-06 18:20:00,146.4,35,82,36.7,0,0,0
2026-09-06 18:25:00,143.7,24,78,31.7,0,0,0
2026-09-06 18:30:00,144.7,42,79,32.2,0,0,0
2026-09-06 18:35:00,140.9,12,79,38.0,0,0,0
2026-09-06 18:40:00,139.2,32,79,38.6,0,0,0
2026-09-06 18:45:00,140.8,16,78,35.8,0,0,0
2026-09-06 18:50:00,140.2,22,81,35.8,0,0,0
2026-09-06 18:55:00,137.3,24,82,36.3,0,0,0
2026-09-06 19:00:00,135.6,31,81,34.9,0,0,0
2026-09-06 19:05:00,135.1,23,77,32.1,0,0,0
2026-09-06 19:10:00,136.8,17,78,35.9,0,0,0
2026-09-06 19:15:00,136.5,23,80,35.1,0,0,0
2026-09-06 19:20:00,147.3,28,79,36.1,0,0,0
2026-09-06 19:25:00,148.3,35,81,36.2,0,0,0
2026-09-06 19:30:00,147.9,19,81,35.1,0,0,0
2026-09-06 19:35:00,145.5,20,77,36.5,0,0,0
2026-09-06 19:40:00,145.9,27,77,33.0,0,0,0
2026-09-06 19:45:00,144.6,33,82,33.8,0,0,0
2026-09-06 19:50:00,141.4,19,76,36.3,0,0,0
2026-09-06 19:55:00,140.9,25,79,32.1,0,0,0
2026-09-06 20:00:00,144.2,26,78,36.2,0,0,0
2026-09-06 20:05:00,144.7,17,78,35.1,0,0,0
2026-09-06 20:10:00,144.8,12,77,35.2,0,0,0
2026-09-06 20:15:00,143.0,22,79,33.2,0,0,0
2026-09-06 20:20:00,145.0,11,78,39.0,0,0,0
2026-09-06 20:25:00,143.0,7,77,32.0,0,0,0
2026-09-06 20:30:00,141.2,19,82,32.1,0,0,0
2026-09-06 20:35:00,141.8,49,77,37.4,0,0,0
2026-09-06 20:40:00,142.0,28,78,33.0,0,0,0
2026-09-06 20:45:00,139.1,13,82,32.4,0,48,50
2026-09-06 20:50:00,141.6,45,81,35.0,0,0,0
2026-09-06 20:55:00,143.5,21,80,35.9,0,0,0
2026-09-06 21:00:00,148.3,29,79,40.4,0,0,0
2026-09-06 21:05:00,152.0,52,88,36.1,0,0,0
2026-09-06 21:10:00,153.0,21,85,38.7,0,0,0
2026-09-06 21:15:00,154.9,11,81,32.0,0,0,0
2026-09-06 21:20:00,152.8,35,80,28.5,0,0,0
2026-09-06 21:25:00,151.5,23,78,34.1,0,0,0
2026-09-06 21:30:00,150.1,8,78,38.2,0,0,0
2026-09-06 21:35:00,146.9,36,78,37.5,0,0,0
2026-09-06 21:40:00,144.7,44,82,36.6,0,0,0
2026-09-06 21:45:00,144.3,13,77,39.3,0,0,0
2026-09-06 21:50:00,143.3,17,76,31.9,0,0,0
2026-09-06 21:55:00,141.1,32,81,38.3,0,0,0
2026-09-06 22:00:00,140.6,30,82,38.7,0,0,0
2026-09-06 22:05:00,143.3,14,80,34.6,0,0,0
2026-09-06 22:10:00,141.5,14,79,40.8,0,0,0
2026-09-06 22:15:00,140.2,18,77,38.8,0,0,0
2026-09-06 22:20:00,141.5,22,77,32.2,0,0,0
2026-09-06 22:25:00,137.2,14,81,35.7,0,0,0
2026-09-06 22:30:00,139.1,14,79,36.2,0,0,0
2026-09-06 22:35:00,140.0,13,77,32.2,0,0,0
2026-09-06 22:40:00,135.2,21,78,35.0,0,0,0
2026-09-06 22:45:00,133.7,26,81,37.2,0,0,0
2026-09-06 22:50:00,135.1,31,78,35.6,0,0,0
2026-09-06 22:55:00,131.9,34,82,33.6,0,0,0
2026-09-06 23:00:00,130.7,0,69,56.9,1,0,0
2026-09-06 23:05:00,130.5,0,72,55.5,1,0,0
2026-09-06 23:10:00,126.2,0,73,58.7,1,0,0
2026-09-06 23:15:00,130.6,0,73,55.0,1,0,0
2026-09-06 23:20:00,130.0,0,71,57.8,1,0,0
2026-09-06 23:25:00,128.9,2,72,55.8,1,0,0
2026-09-06 23:30:00,128.5,0,69,56.8,1,0,0
2026-09-06 23:35:00,131.6,0,64,55.9,1,0,0
2026-09-06 23:40:00,129.5,0,73,57.7,1,0,0
2026-09-06 23:45:00,128.6,0,73,58.1,1,0,0
2026-09-06 23:50:00,133.4,0,67,57.3,1,0,0
2026-09-06 23:55:00,134.4,1,70,57.9,1,0,0
2026-09-07 00:00:00,136.4,0,68,57.0,1,0,0
2026-09-07 00:05:00,135.1,0,69,56.1,1,0,0
2026-09-07 00:10:00,137.7,0,73,60.0,1,0,0
2026-09-07 00:15:00,139.9,0,69,56.6,1,0,0
2026-09-07 00:20:00,136.5,0,71,58.7,1,0,0
2026-09-07 00:25:00,131.6,2,69,57.1,1,0,0
2026-09-07 00:30:00,131.2,0,72,57.9,1,0,0
2026-09-07 00:35:00,131.1,1,65,55.0,1,0,0
2026-09-07 00:40:00,131.6,1,72,56.1,1,0,0
2026-09-07 00:45:00,133.7,0,71,58.5,1,0,0
2026-09-07 00:50:00,132.7,0,69,55.8,1,0,0
2026-09-07 00:55:00,136.4,0,72,58.8,1,0,0
2026-09-07 01:00:00,135.9,0,72,61.5,1,0,0
2026-09-07 01:05:00,135.1,0,70,59.6,1,0,0
2026-09-07 01:10:00,136.0,0,69,58.6,1,0,0
2026-09-07 01:15:00,137.5,1,70,54.8,1,0,0
2026-09-07 01:20:00,137.0,1,67,58.4,1,0,0
2026-09-07 01:25:00,136.3,0,69,59.6,1,0,0
2026-09-07 01:30:00,137.0,0,73,56.1,1,0,0
2026-09-07 01:35:00,138.3,0,67,54.7,1,0,0
2026-09-07 01:40:00,137.1,0,68,57.6,1,0,0
2026-09-07 01:45:00,136.0,0,73,55.8,1,0,0
2026-09-07 01:50:00,136.9,0,68,59.2,1,0,0
2026-09-07 01:55:00,140.1,0,71,59.1,1,0,0
2026-09-07 02:00:00,135.8,1,70,58.9,1,0,0
2026-09-07 02:05:00,134.9,0,72,55.2,1,0,0
2026-09-07 02:10:00,136.0,0,68,57.3,1,0,0
2026-09-07 02:15:00,137.7,0,68,55.6,1,0,0
2026-09-07 02:20:00,137.8,0,70,59.6,1,0,0
2026-09-07 02:25:00,140.4,0,69,54.9,1,0,0
2026-09-07 02:30:00,136.2,0,69,58.2,1,0,0
2026-09-07 02:35:00,135.5,0,74,55.7,1,0,0
2026-09-07 02:40:00,133.9,0,72,55.6,1,0,0
2026-09-07 02:45:00,138.3,0,70,60.4,1,0,0
2026-09-07 02:50:00,138.7,1,72,55.4,1,0,0
2026-09-07 02:55:00,138.3,1,73,56.0,1,0,0
2026-09-07 03:00:00,138.3,0,68,56.8,1,0,0
2026-09-07 03:05:00,138.0,0,70,58.0,1,0,0
2026-09-07 03:10:00,142.5,1,72,58.1,1,0,0
2026-09-07 03:15:00,146.2,2,72,58.8,1,0,0
2026-09-07 03:20:00,143.4,0,72,55.7,1,0,0
2026-09-07 03:25:00,146.1,0,71,55.3,1,0,0
2026-09-07 03:30:00,148.9,0,72,54.7,1,0,0
2026-09-07 03:35:00,148.8,0,68,58.0,1,0,0
2026-09-07 03:40:00,149.7,0,71,59.3,1,0,0
2026-09-07 03:45:00,149.5,1,70,59.8,1,0,0
2026-09-07 03:50:00,152.9,0,72,56.4,1,0,0
2026-09-07 03:55:00,152.9,0,69,57.5,1,0,0
2026-09-07 04:00:00,155.0,0,67,57.7,1,0,0
2026-09-07 04:05:00,153.7,0,73,56.7,1,0,0
2026-09-07 04:10:00,152.1,0,72,61.1,1,0,0
2026-09-07 04:15:00,151.8,0,70,54.0,1,0,0
2026-09-07 04:20:00,146.4,1,68,58.9,1,0,0
2026-09-07 04:25:00,152.1,0,70,57.2,1,0,0
2026-09-07 04:30:00,152.7,0,70,60.4,1,0,0
2026-09-07 04:35:00,150.4,0,72,60.5,1,0,0
2026-09-07 04:40:00,150.9,1,68,54.6,1,0,0
2026-09-07 04:45:00,153.9,0,67,52.7,1,0,0
2026-09-07 04:50:00,153.8,0,72,57.0,1,0,0
2026-09-07 04:55:00,153.2,0,72,56.1,1,0,0
2026-09-07 05:00:00,152.1,0,73,58.5,1,0,0
2026-09-07 05:05:00,149.8,0,69,54.9,1,0,0
2026-09-07 05:10:00,152.0,0,71,59.0,1,0,0
2026-09-07 05:15:00,151.9,0,69,55.9,1,0,0
2026-09-07 05:20:00,152.3,0,72,56.6,1,0,0
2026-09-07 05:25:00,150.1,0,69,55.8,1,0,0
2026-09-07 05:30:00,151.9,0,71,57.6,1,0,0
2026-09-07 05:35:00,151.3,0,68,58.9,1,0,0
2026-09-07 05:40:00,150.5,1,70,60.3,1,0,0
2026-09-07 05:45:00,149.8,1,67,58.0,1,0,0
2026-09-07 05:50:00,149.0,0,72,53.5,1,0,0
2026-09-07 05:55:00,145.5,0,68,59.1,1,0,0
2026-09-07 06:00:00,145.2,0,68,59.9,1,0,0
2026-09-07 06:05:00,140.6,0,72,57.8,1,0,0
2026-09-07 06:10:00,143.4,1,69,55.9,1,0,0
2026-09-07 06:15:00,144.1,0,71,55.4,1,0,0
2026-09-07 06:20:00,143.8,1,69,62.2,1,0,0
2026-09-07 06:25:00,141.8,11,75,37.3,0,0,0
2026-09-07 06:30:00,144.7,29,79,35.9,0,0,0
2026-09-07 06:35:00,144.5,31,77,37.7,0,0,0
2026-09-07 06:40:00,144.1,10,81,34.0,0,0,0
2026-09-07 06:45:00,142.7,44,84,33.4,0,0,0
2026-09-07 06:50:00,145.4,25,79,35.3,0,0,0
2026-09-07 06:55:00,146.3,22,79,36.9,0,0,0
2026-09-07 07:00:00,145.0,26,79,36.0,0,0,0
2026-09-07 07:05:00,145.0,31,83,37.0,0,0,0
2026-09-07 07:10:00,141.6,34,80,38.5,0,0,0
2026-09-07 07:15:00,141.8,42,80,35.9,0,0,0
2026-09-07 07:20:00,143.1,28,77,36.6,0,0,0
2026-09-07 07:25:00,144.6,25,84,34.3,0,0,0
2026-09-07 07:30:00,146.3,26,80,36.4,0,0,0
2026-09-07 07:35:00,144.4,31,78,32.6,0,0,0
2026-09-07 07:40:00,146.8,20,79,34.2,0,0,0
2026-09-07 07:45:00,144.6,22,79,35.7,0,0,0
2026-09-07 07:50:00,144.2,36,80,38.5,0,0,0
2026-09-07 07:55:00,138.8,45,78,35.9,0,0,0
2026-09-07 08:00:00,138.3,17,79,35.6,0,0,0
2026-09-07 08:05:00,135.2,18,78,34.0,0,0,0
2026-09-07 08:10:00,131.8,22,76,36.5,0,0,0
2026-09-07 08:15:00,132.4,16,84,33.8,0,0,0
2026-09-07 08:20:00,134.5,8,80,32.9,0,0,0
2026-09-07 08:25:00,137.4,12,84,38.2,0,0,0
2026-09-07 08:30:00,140.4,17,75,36.5,0,0,0
2026-09-07 08:35:00,142.7,20,79,34.2,0,0,0
2026-09-07 08:40:00,143.4,23,83,34.2,0,0,0
2026-09-07 08:45:00,145.1,21,79,35.6,0,0,0
2026-09-07 08:50:00,144.7,25,81,39.5,0,0,0
2026-09-07 08:55:00,142.4,16,76,36.4,0,0,0
2026-09-07 09:00:00,138.1,41,80,35.2,0,0,0
2026-09-07 09:05:00,139.8,7,81,34.8,0,0,0
2026-09-07 09:10:00,143.4,19,79,37.4,0,0,0
2026-09-07 09:15:00,141.1,29,79,33.0,0,0,0
2026-09-07 09:20:00,144.0,28,83,36.7,0,0,0
2026-09-07 09:25:00,141.4,23,77,34.3,0,0,0
2026-09-07 09:30:00,138.1,19,78,34.7,0,0,0
2026-09-07 09:35:00,137.2,18,79,39.5,0,0,0
2026-09-07 09:40:00,136.5,27,79,36.8,0,0,0
2026-09-07 09:45:00,138.1,24,83,38.5,0,0,0
2026-09-07 09:50:00,140.7,25,79,32.6,0,0,0
2026-09-07 09:55:00,141.0,22,77,35.3,0,0,0
2026-09-07 10:00:00,139.6,114,82,35.2,0,0,0
2026-09-07 10:05:00,139.3,28,76,32.8,0,0,0
2026-09-07 10:10:00,138.2,33,78,35.3,0,0,0
2026-09-07 10:15:00,140.8,19,79,34.1,0,0,0
2026-09-07 10:20:00,142.2,17,80,36.3,0,0,0
2026-09-07 10:25:00,148.2,15,80,33.9,0,0,0
2026-09-07 10:30:00,145.8,37,83,34.9,0,0,0
2026-09-07 10:35:00,146.3,314,96,33.3,0,0,0
2026-09-07 10:40:00,145.0,318,97,32.2,0,0,0
2026-09-07 10:45:00,140.4,318,95,39.4,0,0,0
2026-09-07 10:50:00,137.6,18,81,38.0,0,0,0
2026-09-07 10:55:00,142.3,29,80,33.0,0,0,0
2026-09-07 11:00:00,142.7,40,77,33.1,0,0,0
2026-09-07 11:05:00,145.2,42,79,35.9,0,0,0
2026-09-07 11:10:00,145.1,15,78,38.5,0,0,0
2026-09-07 11:15:00,146.6,13,80,35.6,0,0,0
2026-09-07 11:20:00,143.8,11,76,38.0,0,0,0
2026-09-07 11:25:00,141.7,17,82,36.8,0,0,0
2026-09-07 11:30:00,139.4,26,79,37.3,0,0,0
2026-09-07 11:35:00,137.9,21,80,36.5,0,0,0
2026-09-07 11:40:00,137.2,19,82,38.8,0,0,0
2026-09-07 11:45:00,135.9,58,81,34.8,0,0,0
2026-09-07 11:50:00,135.5,11,78,34.5,0,0,0
2026-09-07 11:55:00,139.0,11,78,33.8,0,0,0
2026-09-07 12:00:00,137.5,21,78,34.3,0,0,0
2026-09-07 12:05:00,139.6,32,81,38.5,0,0,0
2026-09-07 12:10:00,141.4,16,80,33.0,0,0,0
2026-09-07 12:15:00,141.8,17,78,35.1,0,0,0
2026-09-07 12:20:00,142.8,26,80,39.4,0,0,0
2026-09-07 12:25:00,139.0,23,78,35.0,0,0,0
2026-09-07 12:30:00,135.7,16,80,35.6,0,0,0
2026-09-07 12:35:00,136.1,32,78,36.8,0,0,0
2026-09-07 12:40:00,135.7,24,85,35.8,0,0,0
2026-09-07 12:45:00,142.0,46,84,34.4,0,0,0
2026-09-07 12:50:00,144.9,29,75,36.2,0,0,0
2026-09-07 12:55:00,144.5,18,76,34.6,0,0,0
2026-09-07 13:00:00,144.5,37,80,36.9,0,0,0
2026-09-07 13:05:00,141.7,18,78,36.6,0,0,0
2026-09-07 13:10:00,144.4,507,108,39.5,0,0,0
2026-09-07 13:15:00,144.7,521,110,36.0,0,0,0
2026-09-07 13:20:00,145.9,542,108,36.2,0,0,0
2026-09-07 13:25:00,147.9,505,109,33.8,0,0,0
2026-09-07 13:30:00,149.2,35,80,32.0,0,0,0
2026-09-07 13:35:00,148.2,15,82,36.2,0,56,55
2026-09-07 13:40:00,150.8,19,81,35.7,0,0,0
2026-09-07 13:45:00,157.5,23,83,33.9,0,0,0
2026-09-07 13:50:00,158.8,51,80,37.7,0,0,0
2026-09-07 13:55:00,160.5,4,82,36.5,0,0,0
2026-09-07 14:00:00,161.4,17,82,37.5,0,0,0
2026-09-07 14:05:00,161.0,18,78,35.3,0,0,0
2026-09-07 14:10:00,160.1,10,79,35.0,0,0,0
2026-09-07 14:15:00,159.1,19,75,33.7,0,0,0
2026-09-07 14:20:00,158.0,40,77,30.6,0,0,0
2026-09-07 14:25:00,155.3,12,80,34.0,0,0,0
2026-09-07 14:30:00,155.5,22,78,37.4,0,0,0
2026-09-07 14:35:00,154.3,13,82,35.7,0,0,0
2026-09-07 14:40:00,151.0,33,80,34.7,0,0,0
2026-09-07 14:45:00,151.2,18,80,35.9,0,0,0
2026-09-07 14:50:00,149.1,20,78,36.8,0,0,0
2026-09-07 14:55:00,148.9,11,78,38.1,0,0,0
2026-09-07 15:00:00,145.3,29,79,36.4,0,0,0
2026-09-07 15:05:00,143.7,22,78,34.8,0,0,0
2026-09-07 15:10:00,144.0,18,80,32.5,0,0,0
2026-09-07 15:15:00,141.2,22,79,33.9,0,0,0
2026-09-07 15:20:00,136.2,26,78,36.1,0,0,0
2026-09-07 15:25:00,133.5,26,77,36.2,0,0,0
2026-09-07 15:30:00,136.8,20,77,36.1,0,0,0
2026-09-07 15:35:00,140.4,17,79,38.1,0,0,0
2026-09-07 15:40:00,137.1,20,78,34.9,0,0,0
2026-09-07 15:45:00,133.3,14,78,36.9,0,0,0
2026-09-07 15:50:00,133.1,10,79,34.2,0,0,0
2026-09-07 15:55:00,134.2,21,79,36.5,0,0,0
2026-09-07 16:00:00,134.0,16,76,32.2,0,0,0
2026-09-07 16:05:00,135.8,23,82,37.4,0,0,0
2026-09-07 16:10:00,137.5,44,80,35.3,0,0,0
2026-09-07 16:15:00,140.2,10,77,30.0,0,0,0
2026-09-07 16:20:00,139.1,26,79,34.6,0,0,0
2026-09-07 16:25:00,139.6,38,81,36.4,0,0,0
2026-09-07 16:30:00,138.5,17,77,32.1,0,0,0
2026-09-07 16:35:00,137.3,13,82,32.7,0,0,0
2026-09-07 16:40:00,137.1,29,78,37.1,0,0,0
2026-09-07 16:45:00,133.6,22,81,38.1,0,0,0
2026-09-07 16:50:00,136.3,20,81,37.3,0,0,0
2026-09-07 16:55:00,136.3,13,82,36.6,0,0,0
2026-09-07 17:00:00,139.0,22,77,34.5,0,0,0
2026-09-07 17:05:00,143.7,11,79,35.7,0,0,0
2026-09-07 17:10:00,144.2,16,79,34.8,0,0,0
2026-09-07 17:15:00,144.1,16,83,37.5,0,21,50
2026-09-07 17:20:00,141.7,23,84,34.5,0,0,0
2026-09-07 17:25:00,143.6,21,82,34.2,0,0,0
2026-09-07 17:30:00,142.8,44,80,38.3,0,0,0
2026-09-07 17:35:00,142.0,16,81,39.0,0,0,0
2026-09-07 17:40:00,141.1,57,85,33.0,0,0,0
2026-09-07 17:45:00,142.3,16,79,36.1,0,0,0
2026-09-07 17:50:00,142.4,34,80,34.4,0,0,0
2026-09-07 17:55:00,143.4,34,78,30.2,0,0,0
2026-09-07 18:00:00,141.9,22,81,37.0,0,0,0
2026-09-07 18:05:00,142.4,15,79,36.1,0,0,0
2026-09-07 18:10:00,142.7,42,79,36.2,0,0,0
2026-09-07 18:15:00,144.0,17,79,34.2,0,0,0
2026-09-07 18:20:00,140.5,16,78,33.5,0,0,0
2026-09-07 18:25:00,136.5,49,81,37.7,0,0,0
2026-09-07 18:30:00,137.7,14,79,36.3,0,0,0
2026-09-07 18:35:00,137.7,15,76,37.5,0,0,0
2026-09-07 18:40:00,137.1,26,79,33.4,0,0,0
2026-09-07 18:45:00,133.6,21,81,35.8,0,0,0
2026-09-07 18:50:00,133.0,22,77,36.9,0,0,0
2026-09-07 18:55:00,133.1,28,82,36.6,0,0,0
2026-09-07 19:00:00,135.5,33,79,35.4,0,0,0
2026-09-07 19:05:00,138.3,21,77,37.0,0,0,0
2026-09-07 19:10:00,142.7,18,82,38.7,0,0,0
2026-09-07 19:15:00,140.8,36,81,36.7,0,0,0
2026-09-07 19:20:00,139.7,29,81,38.0,0,0,0
2026-09-07 19:25:00,139.3,9,76,34.6,0,0,0
2026-09-07 19:30:00,140.3,20,78,38.6,0,0,0
2026-09-07 19:35:00,146.8,19,78,36.9,0,0,0
2026-09-07 19:40:00,148.4,21,79,36.4,0,0,0
2026-09-07 19:45:00,142.5,36,80,35.7,0,0,0
2026-09-07 19:50:00,143.5,27,80,33.7,0,0,0
2026-09-07 19:55:00,142.7,13,79,32.1,0,0,0
2026-09-07 20:00:00,143.7,33,84,36.3,0,0,0
2026-09-07 20:05:00,143.0,19,80,37.4,0,0,0
2026-09-07 20:10:00,146.5,12,79,34.4,0,0,0
2026-09-07 20:15:00,145.6,476,106,37.6,0,0,0
2026-09-07 20:20:00,150.0,465,107,33.1,0,0,0
2026-09-07 20:25:00,148.1,28,80,38.1,0,0,0
2026-09-07 20:30:00,146.9,23,81,35.5,0,0,0
2026-09-07 20:35:00,147.3,28,82,35.6,0,0,0
2026-09-07 20:40:00,147.6,19,81,32.6,0,0,0
2026-09-07 20:45:00,145.7,29,83,36.9,0,0,0
2026-09-07 20:50:00,147.3,23,80,35.1,0,0,0
2026-09-07 20:55:00,146.7,30,78,36.2,0,0,0
2026-09-07 21:00:00,146.3,37,80,35.5,0,0,0
2026-09-07 21:05:00,142.2,12,77,37.7,0,0,0
2026-09-07 21:10:00,145.0,20,79,34.5,0,0,0
2026-09-07 21:15:00,146.7,28,77,31.2,0,0,0
2026-09-07 21:20:00,144.7,10,78,33.4,0,0,0
2026-09-07 21:25:00,144.3,18,80,35.4,0,0,0
2026-09-07 21:30:00,146.9,20,81,36.6,0,0,0
2026-09-07 21:35:00,147.0,9,80,36.5,0,0,0
2026-09-07 21:40:00,142.8,25,81,37.7,0,99,70
2026-09-07 21:45:00,157.4,38,85,34.2,0,0,0
2026-09-07 21:50:00,162.1,33,84,36.3,0,0,0
2026-09-07 21:55:00,167.8,34,86,35.2,0,0,0
2026-09-07 22:00:00,170.3,22,82,35.0,0,0,0
2026-09-07 22:05:00,170.0,17,82,35.6,0,0,0
2026-09-07 22:10:00,172.7,30,77,35.6,0,0,0
2026-09-07 22:15:00,174.3,30,81,34.1,0,0,0
2026-09-07 22:20:00,177.0,28,79,34.9,0,0,0
2026-09-07 22:25:00,174.5,14,76,40.6,0,0,0
2026-09-07 22:30:00,173.0,41,81,35.9,0,0,0
2026-09-07 22:35:00,171.9,13,78,35.9,0,0,0
2026-09-07 22:40:00,172.6,12,79,33.3,0,0,0
2026-09-07 22:45:00,172.1,22,78,36.1,0,0,0
2026-09-07 22:50:00,169.3,14,77,33.9,0,0,0
2026-09-07 22:55:00,165.2,15,79,35.0,0,0,0
2026-09-07 23:00:00,161.3,12,79,35.0,0,0,0
2026-09-07 23:05:00,157.6,21,80,39.3,0,0,0
2026-09-07 23:10:00,155.4,20,80,33.7,0,0,0
2026-09-07 23:15:00,156.4,10,78,36.1,0,0,0
2026-09-07 23:20:00,150.7,25,79,34.5,0,0,0
2026-09-07 23:25:00,148.6,21,82,35.8,0,0,0
2026-09-07 23:30:00,146.9,19,78,33.7,0,0,0
2026-09-07 23:35:00,143.7,0,71,60.2,1,0,0
2026-09-07 23:40:00,141.0,1,72,55.9,1,0,0
2026-09-07 23:45:00,138.9,0,67,57.3,1,0,0
2026-09-07 23:50:00,134.9,0,67,57.8,1,0,0
2026-09-07 23:55:00,130.9,0,70,57.6,1,0,0
2026-09-08 00:00:00,127.0,0,70,59.3,1,0,0
2026-09-08 00:05:00,125.5,0,68,60.1,1,0,0
2026-09-08 00:10:00,125.9,0,72,58.1,1,0,0
2026-09-08 00:15:00,122.8,1,68,60.9,1,0,0
2026-09-08 00:20:00,122.1,0,74,59.4,1,0,0
2026-09-08 00:25:00,118.9,0,72,55.6,1,0,0
2026-09-08 00:30:00,119.8,0,70,58.9,1,0,0
2026-09-08 00:35:00,122.6,0,72,59.8,1,0,0
2026-09-08 00:40:00,125.5,1,69,59.5,1,0,0
2026-09-08 00:45:00,126.7,0,71,54.3,1,0,0
2026-09-08 00:50:00,124.4,1,68,56.6,1,0,0
2026-09-08 00:55:00,121.7,0,74,58.2,1,0,0
2026-09-08 01:00:00,120.6,1,70,57.0,1,0,0
2026-09-08 01:05:00,121.7,2,71,58.4,1,0,0
2026-09-08 01:10:00,118.0,1,70,58.2,1,0,0
2026-09-08 01:15:00,118.1,0,71,60.8,1,0,0
2026-09-08 01:20:00,118.2,1,70,58.7,1,0,0
2026-09-08 01:25:00,115.1,0,70,57.1,1,0,0
2026-09-08 01:30:00,118.0,0,71,56.5,1,0,0
2026-09-08 01:35:00,116.7,0,70,58.8,1,0,0
2026-09-08 01:40:00,115.2,0,69,58.9,1,0,0
2026-09-08 01:45:00,119.9,1,71,57.7,1,0,0
2026-09-08 01:50:00,120.8,1,70,56.1,1,0,0
2026-09-08 01:55:00,118.3,0,69,58.7,1,0,0
2026-09-08 02:00:00,120.4,1,67,54.8,1,0,0
2026-09-08 02:05:00,119.1,0,70,59.6,1,0,0
2026-09-08 02:10:00,118.1,1,69,56.2,1,0,0
2026-09-08 02:15:00,116.8,0,70,58.5,1,0,0
2026-09-08 02:20:00,118.3,1,76,59.8,1,0,0
2026-09-08 02:25:00,120.2,0,72,60.0,1,0,0
2026-09-08 02:30:00,119.3,1,75,61.8,1,0,0
2026-09-08 02:35:00,117.5,1,72,55.6,1,0,0
2026-09-08 02:40:00,115.2,0,69,59.9,1,0,0
2026-09-08 02:45:00,113.8,2,70,56.7,1,0,0
2026-09-08 02:50:00,116.9,1,69,55.6,1,0,0
2026-09-08 02:55:00,116.6,1,72,58.8,1,0,0
2026-09-08 03:00:00,116.3,0,71,53.0,1,0,0
2026-09-08 03:05:00,117.2,0,74,58.3,1,0,0
2026-09-08 03:10:00,119.8,0,69,56.0,1,0,0
2026-09-08 03:15:00,120.7,0,72,58.4,1,0,0
2026-09-08 03:20:00,120.5,0,68,56.9,1,0,0
2026-09-08 03:25:00,119.6,0,70,60.9,1,0,0
2026-09-08 03:30:00,120.7,0,69,58.1,1,0,0
2026-09-08 03:35:00,124.5,0,73,58.4,1,0,0
2026-09-08 03:40:00,144.2,0,66,61.6,1,0,0
2026-09-08 03:45:00,146.2,1,71,61.4,1,0,0
2026-09-08 03:50:00,144.4,0,67,59.4,1,0,0
2026-09-08 03:55:00,145.9,1,74,58.4,1,0,0
2026-09-08 04:00:00,143.7,0,75,57.8,1,0,0
2026-09-08 04:05:00,144.3,1,67,59.9,1,0,0
2026-09-08 04:10:00,148.4,0,68,60.8,1,0,0
2026-09-08 04:15:00,149.8,1,69,56.0,1,0,0
2026-09-08 04:20:00,149.1,0,71,61.3,1,0,0
2026-09-08 04:25:00,148.5,0,69,57.0,1,0,0
2026-09-08 04:30:00,147.2,0,71,60.8,1,0,0
2026-09-08 04:35:00,148.7,0,68,56.1,1,0,0
2026-09-08 04:40:00,151.2,1,67,55.3,1,0,0
2026-09-08 04:45:00,153.3,1,72,61.2,1,0,0
2026-09-08 04:50:00,150.6,0,71,59.0,1,0,0
2026-09-08 04:55:00,151.2,1,68,55.7,1,0,0
2026-09-08 05:00:00,152.7,1,71,65.0,1,0,0
2026-09-08 05:05:00,151.4,0,71,57.6,1,0,0
2026-09-08 05:10:00,152.7,0,71,56.0,1,0,0
2026-09-08 05:15:00,149.9,0,69,60.7,1,0,0
2026-09-08 05:20:00,147.4,0,71,58.6,1,0,0
2026-09-08 05:25:00,147.8,1,71,60.0,1,0,0
2026-09-08 05:30:00,146.6,0,70,57.2,1,0,0
2026-09-08 05:35:00,147.1,0,67,59.5,1,0,0
2026-09-08 05:40:00,150.6,0,68,59.0,1,0,0
2026-09-08 05:45:00,152.2,0,71,58.3,1,0,0
2026-09-08 05:50:00,153.9,0,71,58.2,1,0,0
2026-09-08 05:55:00,153.1,1,70,62.5,1,0,0
2026-09-08 06:00:00,154.3,0,67,57.4,1,0,0
2026-09-08 06:05:00,154.1,0,69,57.3,1,0,0
2026-09-08 06:10:00,156.2,0,70,60.9,1,0,0
2026-09-08 06:15:00,154.9,0,72,54.5,1,0,0
2026-09-08 06:20:00,156.2,0,66,60.5,1,0,0
2026-09-08 06:25:00,154.2,1,72,58.8,1,0,0
2026-09-08 06:30:00,155.9,24,83,37.1,0,0,0
2026-09-08 06:35:00,152.6,26,76,29.3,0,0,0
2026-09-08 06:40:00,150.2,30,78,35.8,0,0,0
2026-09-08 06:45:00,149.5,24,80,35.7,0,0,0
2026-09-08 06:50:00,148.2,29,80,33.5,0,0,0
2026-09-08 06:55:00,145.9,33,78,29.6,0,0,0
2026-09-08 07:00:00,144.1,20,78,34.3,0,0,0
2026-09-08 07:05:00,144.7,30,78,36.3,0,0,0
2026-09-08 07:10:00,147.7,21,80,39.7,0,0,0
2026-09-08 07:15:00,148.0,37,80,36.5,0,0,0
2026-09-08 07:20:00,144.5,11,75,37.8,0,0,0
2026-09-08 07:25:00,144.9,19,81,33.6,0,0,0
2026-09-08 07:30:00,147.5,16,80,35.4,0,0,0
2026-09-08 07:35:00,147.2,33,80,36.0,0,0,0
2026-09-08 07:40:00,146.0,29,80,36.2,0,0,0
2026-09-08 07:45:00,146.1,31,78,36.9,0,0,0
2026-09-08 07:50:00,151.1,7,77,35.5,0,0,0
2026-09-08 07:55:00,152.4,32,81,34.3,0,0,0
2026-09-08 08:00:00,150.9,16,82,37.3,0,0,0
2026-09-08 08:05:00,150.7,5,83,31.4,0,43,65
2026-09-08 08:10:00,156.6,30,82,36.8,0,0,0
2026-09-08 08:15:00,155.9,28,84,33.4,0,0,0
2026-09-08 08:20:00,159.3,22,79,38.0,0,0,0
2026-09-08 08:25:00,156.1,24,82,33.4,0,0,0
2026-09-08 08:30:00,155.2,23,81,35.7,0,0,0
2026-09-08 08:35:00,157.7,30,78,35.2,0,0,0
2026-09-08 08:40:00,156.3,30,81,35.9,0,0,0
2026-09-08 08:45:00,157.9,43,82,34.2,0,0,0
2026-09-08 08:50:00,153.8,22,77,35.6,0,0,0
2026-09-08 08:55:00,154.1,27,81,38.3,0,0,0
2026-09-08 09:00:00,154.0,23,77,35.9,0,0,0
2026-09-08 09:05:00,154.3,28,76,37.0,0,0,0
2026-09-08 09:10:00,151.5,7,76,37.5,0,0,0
2026-09-08 09:15:00,150.1,16,80,39.7,0,0,0
2026-09-08 09:20:00,148.3,48,81,37.3,0,0,0
2026-09-08 09:25:00,146.1,38,80,35.5,0,0,0
2026-09-08 09:30:00,144.9,18,77,36.5,0,0,0
2026-09-08 09:35:00,141.8,19,77,36.3,0,0,0
2026-09-08 09:40:00,140.4,31,78,38.6,0,0,0
2026-09-08 09:45:00,140.1,12,79,40.5,0,0,0
2026-09-08 09:50:00,139.1,22,76,38.5,0,0,0
2026-09-08 09:55:00,139.7,12,81,37.4,0,0,0
2026-09-08 10:00:00,139.5,23,77,35.4,0,0,0
2026-09-08 10:05:00,138.1,19,81,36.9,0,0,0
2026-09-08 10:10:00,140.2,13,79,33.7,0,0,0
2026-09-08 10:15:00,137.3,23,78,36.8,0,0,0
2026-09-08 10:20:00,137.2,42,77,35.0,0,0,0
2026-09-08 10:25:00,134.8,25,79,36.7,0,0,0
2026-09-08 10:30:00,135.4,34,77,38.0,0,0,0
2026-09-08 10:35:00,136.2,28,79,34.8,0,0,0
2026-09-08 10:40:00,132.6,27,80,36.2,0,0,0
2026-09-08 10:45:00,137.8,28,78,39.0,0,0,0
2026-09-08 10:50:00,134.3,39,79,35.4,0,0,0
2026-09-08 10:55:00,136.6,17,80,37.8,0,0,0
2026-09-08 11:00:00,134.9,42,82,36.0,0,0,0
2026-09-08 11:05:00,132.1,6,77,37.5,0,0,0
2026-09-08 11:10:00,131.5,40,79,36.1,0,0,0
2026-09-08 11:15:00,132.3,33,82,38.0,0,0,0
2026-09-08 11:20:00,127.9,14,79,37.3,0,0,0
2026-09-08 11:25:00,130.1,15,77,39.9,0,0,0
2026-09-08 11:30:00,127.5,10,80,34.0,0,0,0
2026-09-08 11:35:00,125.0,22,80,34.5,0,0,0
2026-09-08 11:40:00,124.5,19,80,33.6,0,0,0
2026-09-08 11:45:00,123.4,41,79,36.8,0,0,0
2026-09-08 11:50:00,125.4,32,77,35.6,0,0,0
2026-09-08 11:55:00,126.2,9,78,34.8,0,0,0
2026-09-08 12:00:00,127.1,40,78,34.9,0,0,0
2026-09-08 12:05:00,128.1,14,80,31.9,0,0,0
2026-09-08 12:10:00,130.1,16,81,37.6,0,0,0
2026-09-08 12:15:00,128.4,29,79,38.8,0,0,0
2026-09-08 12:20:00,129.9,497,107,35.5,0,0,0
2026-09-08 12:25:00,129.9,514,110,35.0,0,0,0
2026-09-08 12:30:00,131.5,494,106,37.0,0,0,0
2026-09-08 12:35:00,132.4,16,78,37.6,0,0,0
2026-09-08 12:40:00,135.1,24,78,36.8,0,0,0
2026-09-08 12:45:00,136.4,18,80,36.6,0,0,0
2026-09-08 12:50:00,139.4,20,77,36.0,0,0,0
2026-09-08 12:55:00,139.2,22,78,36.8,0,0,0
2026-09-08 13:00:00,140.6,35,81,35.9,0,0,0
2026-09-08 13:05:00,138.7,37,77,36.3,0,0,0
2026-09-08 13:10:00,140.9,41,80,37.1,0,0,0
2026-09-08 13:15:00,140.8,19,80,39.8,0,0,0
2026-09-08 13:20:00,140.6,20,77,39.1,0,0,0
2026-09-08 13:25:00,141.1,19,77,36.0,0,0,0
2026-09-08 13:30:00,140.0,22,79,37.4,0,0,0
2026-09-08 13:35:00,138.8,18,76,31.5,0,0,0
2026-09-08 13:40:00,140.2,22,81,34.7,0,0,0
2026-09-08 13:45:00,142.5,31,82,37.2,0,0,0
2026-09-08 13:50:00,141.3,15,80,36.5,0,0,0
2026-09-08 13:55:00,142.8,10,79,36.7,0,0,0
2026-09-08 14:00:00,141.4,27,81,34.3,0,0,0
2026-09-08 14:05:00,145.3,46,81,39.1,0,0,0
2026-09-08 14:10:00,149.1,9,80,39.2,0,90,70
2026-09-08 14:15:00,158.8,17,79,34.9,0,0,0
2026-09-08 14:20:00,164.1,27,82,36.8,0,0,0
2026-09-08 14:25:00,168.9,18,81,34.4,0,0,0
2026-09-08 14:30:00,171.7,44,85,37.6,0,0,0
2026-09-08 14:35:00,172.3,10,80,33.5,0,0,0
2026-09-08 14:40:00,173.6,30,81,33.3,0,0,0
2026-09-08 14:45:00,172.8,10,80,34.3,0,0,0
2026-09-08 14:50:00,174.4,17,82,37.0,0,0,0
2026-09-08 14:55:00,169.6,12,77,33.7,0,0,0
2026-09-08 15:00:00,167.9,9,78,32.8,0,0,0
2026-09-08 15:05:00,169.3,32,82,36.3,0,0,0
2026-09-08 15:10:00,169.4,71,83,36.5,0,0,0
2026-09-08 15:15:00,166.1,49,84,31.1,0,0,0
2026-09-08 15:20:00,160.7,40,80,38.2,0,0,0
2026-09-08 15:25:00,160.9,21,81,37.8,0,0,0
2026-09-08 15:30:00,160.3,54,82,36.2,0,0,0
2026-09-08 15:35:00,159.5,13,77,37.7,0,0,0
2026-09-08 15:40:00,157.6,8,75,37.1,0,0,0
2026-09-08 15:45:00,158.7,14,84,38.5,0,0,0
2026-09-08 15:50:00,154.1,19,79,36.6,0,0,0
2026-09-08 15:55:00,145.8,38,81,34.1,0,0,0
2026-09-08 16:00:00,142.3,30,79,36.7,0,0,0
2026-09-08 16:05:00,141.0,11,81,30.7,0,0,0
2026-09-08 16:10:00,140.4,26,79,37.3,0,0,0
2026-09-08 16:15:00,136.9,25,78,36.4,0,0,0
2026-09-08 16:20:00,132.7,16,79,36.9,0,0,0
2026-09-08 16:25:00,133.4,34,79,37.9,0,0,0
2026-09-08 16:30:00,135.1,23,79,33.4,0,0,0
2026-09-08 16:35:00,133.9,22,82,36.0,0,0,0
2026-09-08 16:40:00,131.0,38,76,37.6,0,0,0
2026-09-08 16:45:00,130.3,12,78,33.7,0,0,0
2026-09-08 16:50:00,127.3,31,80,35.4,0,0,0
2026-09-08 16:55:00,124.8,21,78,35.9,0,0,0
2026-09-08 17:00:00,124.0,16,76,29.1,0,0,0
2026-09-08 17:05:00,124.6,27,83,37.3,0,0,0
2026-09-08 17:10:00,125.9,20,79,37.2,0,0,0
2026-09-08 17:15:00,126.0,17,81,35.3,0,0,0
2026-09-08 17:20:00,125.2,38,82,34.2,0,0,0
2026-09-08 17:25:00,124.1,10,82,33.7,0,0,0
2026-09-08 17:30:00,123.8,9,80,36.8,0,0,0
2026-09-08 17:35:00,123.3,36,84,34.0,0,51,80
2026-09-08 17:40:00,127.0,31,83,35.3,0,0,0
2026-09-08 17:45:00,129.0,36,79,34.6,0,0,0
2026-09-08 17:50:00,133.2,416,106,37.9,0,0,0
2026-09-08 17:55:00,132.6,412,108,36.8,0,0,0
2026-09-08 18:00:00,132.1,11,82,35.1,0,0,0
2026-09-08 18:05:00,129.6,31,80,33.9,0,0,0
2026-09-08 18:10:00,129.8,22,77,38.2,0,0,0
2026-09-08 18:15:00,130.7,38,83,35.8,0,0,0
2026-09-08 18:20:00,130.0,31,79,35.0,0,0,0
2026-09-08 18:25:00,127.8,25,79,33.7,0,0,0
2026-09-08 18:30:00,129.5,36,82,36.8,0,0,0
2026-09-08 18:35:00,128.5,38,77,34.0,0,0,0
2026-09-08 18:40:00,129.6,20,78,36.3,0,0,0
2026-09-08 18:45:00,130.1,25,77,39.9,0,0,0
2026-09-08 18:50:00,126.0,21,80,35.5,0,0,0
2026-09-08 18:55:00,124.5,22,80,34.7,0,0,0
2026-09-08 19:00:00,127.2,51,83,40.5,0,0,0
2026-09-08 19:05:00,128.8,12,83,36.0,0,0,0
2026-09-08 19:10:00,127.0,16,82,35.0,0,0,0
2026-09-08 19:15:00,125.1,17,81,38.0,0,0,0
2026-09-08 19:20:00,122.8,12,76,36.4,0,0,0
2026-09-08 19:25:00,118.9,44,78,34.3,0,0,0
2026-09-08 19:30:00,118.5,26,79,36.9,0,0,0
2026-09-08 19:35:00,120.3,38,81,35.5,0,0,0
2026-09-08 19:40:00,116.6,22,80,35.1,0,0,0
2026-09-08 19:45:00,117.3,15,78,35.3,0,0,0
2026-09-08 19:50:00,118.8,23,78,36.8,0,0,0
2026-09-08 19:55:00,115.6,13,76,35.9,0,0,0
2026-09-08 20:00:00,113.3,23,83,36.2,0,0,0
2026-09-08 20:05:00,114.7,28,80,32.6,0,0,0
2026-09-08 20:10:00,132.1,21,81,34.9,0,0,0
2026-09-08 20:15:00,131.0,31,82,33.8,0,0,0
2026-09-08 20:20:00,131.7,11,79,34.4,0,0,0
2026-09-08 20:25:00,129.8,43,79,37.0,0,0,0
2026-09-08 20:30:00,129.9,22,82,36.8,0,0,0
2026-09-08 20:35:00,128.7,23,79,32.7,0,0,0
2026-09-08 20:40:00,127.1,33,81,41.8,0,0,0
2026-09-08 20:45:00,129.3,26,82,34.7,0,0,0
2026-09-08 20:50:00,132.2,40,78,33.5,0,0,0
2026-09-08 20:55:00,136.6,23,83,34.8,0,55,55
2026-09-08 21:00:00,138.3,26,83,36.0,0,0,0
2026-09-08 21:05:00,142.1,20,83,37.0,0,0,0
2026-09-08 21:10:00,137.3,481,110,34.4,0,0,0
2026-09-08 21:15:00,136.0,449,111,34.7,0,0,0
2026-09-08 21:20:00,134.8,9,85,37.1,0,0,0
2026-09-08 21:25:00,135.6,17,78,36.4,0,0,0
2026-09-08 21:30:00,138.0,18,75,33.1,0,0,0
2026-09-08 21:35:00,136.3,38,83,35.9,0,0,0
2026-09-08 21:40:00,140.6,56,81,36.9,0,0,0
2026-09-08 21:45:00,138.1,11,81,37.1,0,0,0
2026-09-08 21:50:00,139.6,23,77,38.0,0,0,0
2026-09-08 21:55:00,141.7,38,80,34.3,0,0,0
2026-09-08 22:00:00,140.4,24,78,34.1,0,0,0
2026-09-08 22:05:00,140.3,60,81,38.0,0,0,0
2026-09-08 22:10:00,138.0,18,78,32.4,0,0,0
2026-09-08 22:15:00,135.3,32,83,36.3,0,0,0
2026-09-08 22:20:00,133.9,12,80,35.3,0,0,0
2026-09-08 22:25:00,131.4,11,74,36.4,0,0,0
2026-09-08 22:30:00,129.3,18,79,39.2,0,0,0
2026-09-08 22:35:00,127.9,2,77,36.2,0,0,0
2026-09-08 22:40:00,126.3,34,77,33.8,0,0,0
2026-09-08 22:45:00,129.1,39,80,37.4,0,0,0
2026-09-08 22:50:00,129.9,10,81,35.0,0,0,0
2026-09-08 22:55:00,129.3,58,83,36.7,0,0,0
2026-09-08 23:00:00,127.3,53,79,35.9,0,0,0
2026-09-08 23:05:00,125.0,27,74,35.4,0,0,0
2026-09-08 23:10:00,124.3,0,71,56.7,1,0,0
2026-09-08 23:15:00,125.0,0,70,54.2,1,0,0
2026-09-08 23:20:00,122.4,2,66,58.9,1,0,0
2026-09-08 23:25:00,121.9,0,71,56.6,1,0,0
2026-09-08 23:30:00,122.9,0,68,58.0,1,0,0
2026-09-08 23:35:00,135.3,1,67,61.1,1,0,0
2026-09-08 23:40:00,133.8,0,68,56.8,1,0,0
2026-09-08 23:45:00,134.9,0,72,59.3,1,0,0
2026-09-08 23:50:00,130.4,1,71,59.4,1,0,0
2026-09-08 23:55:00,129.2,1,68,59.6,1,0,0
2026-09-09 00:00:00,128.7,1,69,55.3,1,0,0
2026-09-09 00:05:00,130.4,1,71,60.1,1,0,0
2026-09-09 00:10:00,133.8,1,68,58.8,1,0,0
2026-09-09 00:15:00,134.4,0,74,55.4,1,0,0
2026-09-09 00:20:00,133.2,1,71,55.6,1,0,0
2026-09-09 00:25:00,134.9,1,69,54.3,1,0,0
2026-09-09 00:30:00,135.6,0,70,56.0,1,0,0
2026-09-09 00:35:00,136.3,0,72,58.7,1,0,0
2026-09-09 00:40:00,135.9,0,70,57.1,1,0,0
2026-09-09 00:45:00,136.8,0,70,57.6,1,0,0
2026-09-09 00:50:00,134.5,0,64,61.8,1,0,0
2026-09-09 00:55:00,135.5,1,67,56.2,1,0,0
2026-09-09 01:00:00,131.3,0,67,58.6,1,0,0
2026-09-09 01:05:00,133.3,0,72,59.7,1,0,0
2026-09-09 01:10:00,134.1,1,69,57.3,1,0,0
2026-09-09 01:15:00,139.5,1,72,59.0,1,0,0
2026-09-09 01:20:00,142.1,0,70,58.8,1,0,0
2026-09-09 01:25:00,143.6,0,71,60.5,1,0,0
2026-09-09 01:30:00,144.9,0,71,58.0,1,0,0
2026-09-09 01:35:00,144.5,0,72,57.3,1,0,0
2026-09-09 01:40:00,150.8,0,70,58.0,1,0,0
2026-09-09 01:45:00,148.3,0,69,56.7,1,0,0
2026-09-09 01:50:00,148.2,0,70,59.0,1,0,0
2026-09-09 01:55:00,143.6,2,73,57.6,1,0,0
2026-09-09 02:00:00,140.9,1,70,59.8,1,0,0
2026-09-09 02:05:00,137.9,1,72,57.2,1,0,0
2026-09-09 02:10:00,140.3,0,68,57.7,1,0,0
2026-09-09 02:15:00,139.6,1,71,61.3,1,0,0
2026-09-09 02:20:00,139.6,1,70,56.7,1,0,0
2026-09-09 02:25:00,135.5,0,73,61.6,1,0,0
2026-09-09 02:30:00,135.2,0,69,60.1,1,0,0
2026-09-09 02:35:00,135.6,0,71,55.6,1,0,0
2026-09-09 02:40:00,132.6,0,70,59.2,1,0,0
2026-09-09 02:45:00,131.6,0,70,60.6,1,0,0
2026-09-09 02:50:00,131.9,0,69,58.6,1,0,0
2026-09-09 02:55:00,139.9,0,69,58.3,1,0,0
2026-09-09 03:00:00,141.8,0,72,53.7,1,0,0
2026-09-09 03:05:00,140.6,0,71,56.7,1,0,0
2026-09-09 03:10:00,141.3,0,71,56.9,1,0,0
2026-09-09 03:15:00,145.7,0,73,59.3,1,0,0
2026-09-09 03:20:00,145.0,1,72,57.4,1,0,0
2026-09-09 03:25:00,144.5,0,69,59.6,1,0,0
2026-09-09 03:30:00,146.2,0,68,56.9,1,0,0
2026-09-09 03:35:00,144.7,0,69,59.2,1,0,0
2026-09-09 03:40:00,146.3,0,71,60.6,1,0,0
2026-09-09 03:45:00,146.7,2,71,56.0,1,0,0
2026-09-09 03:50:00,146.8,0,64,58.1,1,0,0
2026-09-09 03:55:00,148.4,0,71,55.9,1,0,0
2026-09-09 04:00:00,147.4,0,72,56.2,1,0,0
2026-09-09 04:05:00,148.8,0,75,57.6,1,0,0
2026-09-09 04:10:00,148.3,0,69,54.8,1,0,0
2026-09-09 04:15:00,150.9,0,71,58.8,1,0,0
2026-09-09 04:20:00,151.6,0,71,58.4,1,0,0
2026-09-09 04:25:00,148.3,1,73,59.9,1,0,0
2026-09-09 04:30:00,148.1,0,67,56.9,1,0,0
2026-09-09 04:35:00,148.2,0,67,57.2,1,0,0
2026-09-09 04:40:00,143.6,0,72,57.7,1,0,0
2026-09-09 04:45:00,145.0,0,73,58.3,1,0,0
2026-09-09 04:50:00,145.0,1,70,58.7,1,0,0
2026-09-09 04:55:00,143.6,0,72,59.1,1,0,0
2026-09-09 05:00:00,145.3,0,74,60.4,1,0,0
2026-09-09 05:05:00,147.0,0,71,58.2,1,0,0
2026-09-09 05:10:00,146.3,1,73,52.7,1,0,0
2026-09-09 05:15:00,147.7,0,72,58.1,1,0,0
2026-09-09 05:20:00,147.8,2,70,56.6,1,0,0
2026-09-09 05:25:00,148.5,1,66,60.6,1,0,0
2026-09-09 05:30:00,147.0,1,68,57.0,1,0,0
2026-09-09 05:35:00,149.0,0,68,56.6,1,0,0
2026-09-09 05:40:00,150.0,0,71,56.4,1,0,0
2026-09-09 05:45:00,150.1,1,70,58.6,1,0,0
2026-09-09 05:50:00,150.5,0,71,58.4,1,0,0
2026-09-09 05:55:00,148.5,47,81,36.3,0,0,0
2026-09-09 06:00:00,149.7,13,78,35.3,0,0,0
2026-09-09 06:05:00,150.4,25,80,38.8,0,0,0
2026-09-09 06:10:00,147.4,24,77,38.8,0,0,0
2026-09-09 06:15:00,147.6,28,79,35.4,0,0,0
2026-09-09 06:20:00,149.1,39,81,32.6,0,0,0
2026-09-09 06:25:00,147.1,21,81,39.0,0,0,0
2026-09-09 06:30:00,147.7,31,75,34.6,0,0,0
2026-09-09 06:35:00,148.6,31,79,36.4,0,0,0
2026-09-09 06:40:00,147.3,13,77,36.7,0,0,0
2026-09-09 06:45:00,148.7,65,81,33.4,0,0,0
2026-09-09 06:50:00,146.9,33,80,33.9,0,0,0
2026-09-09 06:55:00,147.8,18,76,34.8,0,0,0
2026-09-09 07:00:00,147.4,20,80,32.1,0,0,0
2026-09-09 07:05:00,149.1,21,80,36.8,0,0,0
2026-09-09 07:10:00,148.6,16,82,36.2,0,0,0
2026-09-09 07:15:00,153.1,15,79,35.2,0,0,0
2026-09-09 07:20:00,153.2,11,75,36.2,0,0,0
2026-09-09 07:25:00,151.0,37,82,39.1,0,0,0
2026-09-09 07:30:00,153.9,19,78,36.1,0,0,0
2026-09-09 07:35:00,153.9,14,80,38.0,0,0,0
2026-09-09 07:40:00,153.7,30,80,32.7,0,0,0
2026-09-09 07:45:00,153.3,23,80,38.8,0,0,0
2026-09-09 07:50:00,153.6,29,76,36.1,0,0,0
2026-09-09 07:55:00,156.0,33,85,35.3,0,36,50
2026-09-09 08:00:00,156.2,57,83,33.1,0,0,0
2026-09-09 08:05:00,162.4,15,81,32.6,0,0,0
2026-09-09 08:10:00,165.0,23,82,39.4,0,0,0
2026-09-09 08:15:00,165.9,21,81,36.2,0,0,0
2026-09-09 08:20:00,164.9,10,82,35.5,0,0,0
2026-09-09 08:25:00,163.6,20,76,34.3,0,0,0
2026-09-09 08:30:00,163.4,27,82,36.0,0,0,0
2026-09-09 08:35:00,165.7,19,82,36.4,0,0,0
2026-09-09 08:40:00,163.4,13,77,34.4,0,0,0
2026-09-09 08:45:00,164.5,11,79,31.7,0,0,0
2026-09-09 08:50:00,163.5,37,78,33.6,0,0,0
2026-09-09 08:55:00,158.5,26,81,33.8,0,0,0
2026-09-09 09:00:00,156.7,18,82,35.1,0,0,0
2026-09-09 09:05:00,158.8,35,80,39.4,0,0,0
2026-09-09 09:10:00,159.0,15,79,37.5,0,0,0
2026-09-09 09:15:00,159.4,17,77,34.9,0,0,0
2026-09-09 09:20:00,158.8,16,80,38.4,0,0,0
2026-09-09 09:25:00,155.4,18,77,37.3,0,0,0
2026-09-09 09:30:00,154.2,24,78,37.1,0,0,0
2026-09-09 09:35:00,155.8,18,79,32.0,0,0,0
2026-09-09 09:40:00,156.1,32,78,36.6,0,0,0
2026-09-09 09:45:00,154.9,25,79,34.4,0,0,0
2026-09-09 09:50:00,150.1,8,77,37.9,0,0,0
2026-09-09 09:55:00,148.0,22,80,35.2,0,0,0
2026-09-09 10:00:00,147.3,51,81,37.8,0,0,0
2026-09-09 10:05:00,147.3,13,78,35.5,0,0,0
2026-09-09 10:10:00,149.1,41,80,35.6,0,0,0
2026-09-09 10:15:00,147.6,51,84,34.0,0,0,0
2026-09-09 10:20:00,146.5,53,78,35.3,0,0,0
2026-09-09 10:25:00,145.7,15,76,33.8,0,0,0
2026-09-09 10:30:00,148.7,25,80,37.0,0,0,0
2026-09-09 10:35:00,147.9,42,84,35.4,0,0,0
2026-09-09 10:40:00,147.9,18,77,36.6,0,0,0
2026-09-09 10:45:00,148.0,20,80,32.8,0,0,0
2026-09-09 10:50:00,147.4,6,78,36.1,0,0,0
2026-09-09 10:55:00,144.9,31,81,34.5,0,0,0
2026-09-09 11:00:00,143.9,11,78,32.6,0,0,0
2026-09-09 11:05:00,140.6,25,84,31.9,0,0,0
2026-09-09 11:10:00,140.9,34,81,35.2,0,0,0
2026-09-09 11:15:00,140.0,14,78,33.8,0,0,0
2026-09-09 11:20:00,138.0,16,81,37.5,0,0,0
2026-09-09 11:25:00,138.3,26,79,35.8,0,0,0
2026-09-09 11:30:00,138.8,25,79,34.4,0,0,0
2026-09-09 11:35:00,140.1,29,80,35.8,0,0,0
2026-09-09 11:40:00,142.9,19,78,34.6,0,0,0
2026-09-09 11:45:00,143.5,16,79,33.1,0,0,0
2026-09-09 11:50:00,144.2,28,85,36.0,0,0,0
2026-09-09 11:55:00,144.1,11,78,38.2,0,0,0
2026-09-09 12:00:00,140.9,27,79,36.4,0,0,0
2026-09-09 12:05:00,141.1,27,81,35.3,0,0,0
2026-09-09 12:10:00,137.4,19,78,36.0,0,0,0
2026-09-09 12:15:00,136.9,17,79,35.2,0,0,0
2026-09-09 12:20:00,137.5,18,79,38.1,0,0,0
2026-09-09 12:25:00,133.5,33,83,38.8,0,0,0
2026-09-09 12:30:00,133.5,23,80,36.9,0,0,0
2026-09-09 12:35:00,129.4,16,80,35.5,0,0,0
2026-09-09 12:40:00,131.2,13,81,34.1,0,0,0
2026-09-09 12:45:00,132.1,24,81,35.7,0,0,0
2026-09-09 12:50:00,133.3,33,82,34.8,0,0,0
2026-09-09 12:55:00,135.1,21,78,38.3,0,0,0
2026-09-09 13:00:00,133.5,17,80,35.4,0,0,0
2026-09-09 13:05:00,137.2,24,79,31.2,0,0,0
2026-09-09 13:10:00,137.8,8,78,35.6,0,0,0
2026-09-09 13:15:00,137.1,17,79,34.3,0,0,0
2026-09-09 13:20:00,136.9,25,79,35.8,0,0,0
2026-09-09 13:25:00,135.8,47,86,34.0,0,0,0
2026-09-09 13:30:00,137.5,16,80,30.3,0,0,0
2026-09-09 13:35:00,137.5,42,80,35.2,0,0,0
2026-09-09 13:40:00,138.7,37,80,36.3,0,0,0
2026-09-09 13:45:00,137.1,29,79,34.7,0,0,0
2026-09-09 13:50:00,137.6,7,78,35.5,0,0,0
2026-09-09 13:55:00,142.8,32,77,32.7,0,0,0
2026-09-09 14:00:00,138.5,16,76,37.4,0,0,0
2026-09-09 14:05:00,137.3,13,78,30.8,0,0,0
2026-09-09 14:10:00,140.2,8,77,35.5,0,0,0
2026-09-09 14:15:00,143.2,20,80,36.3,0,0,0
2026-09-09 14:20:00,139.4,28,78,37.2,0,0,0
2026-09-09 14:25:00,138.0,55,79,37.1,0,0,0
2026-09-09 14:30:00,136.5,51,79,36.2,0,0,0
2026-09-09 14:35:00,137.7,18,78,31.7,0,0,0
2026-09-09 14:40:00,139.0,20,83,39.2,0,60,55
2026-09-09 14:45:00,144.1,18,83,35.9,0,0,0
2026-09-09 14:50:00,152.4,30,83,36.8,0,0,0
2026-09-09 14:55:00,154.2,33,81,36.5,0,0,0
2026-09-09 15:00:00,154.1,11,81,35.0,0,0,0
2026-09-09 15:05:00,155.2,8,81,34.8,0,0,0
2026-09-09 15:10:00,158.8,10,79,31.9,0,0,0
2026-09-09 15:15:00,158.9,18,80,35.6,0,0,0
2026-09-09 15:20:00,160.3,25,81,36.4,0,0,0
2026-09-09 15:25:00,157.8,26,76,36.7,0,0,0
2026-09-09 15:30:00,161.8,38,78,32.4,0,0,0
2026-09-09 15:35:00,159.4,12,77,31.1,0,0,0
2026-09-09 15:40:00,158.2,23,77,35.6,0,0,0
2026-09-09 15:45:00,156.4,28,75,36.5,0,0,0
2026-09-09 15:50:00,156.1,17,81,33.4,0,0,0
2026-09-09 15:55:00,153.1,24,80,34.6,0,0,0
2026-09-09 16:00:00,152.1,8,78,30.0,0,0,0
2026-09-09 16:05:00,150.6,10,84,32.8,0,0,0
2026-09-09 16:10:00,149.2,13,82,33.4,0,0,0
2026-09-09 16:15:00,151.5,31,80,35.0,0,0,0
2026-09-09 16:20:00,145.9,19,79,36.4,0,0,0
2026-09-09 16:25:00,146.4,16,78,38.2,0,0,0
2026-09-09 16:30:00,145.2,25,80,36.7,0,0,0
2026-09-09 16:35:00,143.1,21,80,35.3,0,0,0
2026-09-09 16:40:00,139.9,6,83,35.5,0,26,60
2026-09-09 16:45:00,144.2,16,81,34.3,0,0,0
2026-09-09 16:50:00,141.7,29,85,33.5,0,0,0
2026-09-09 16:55:00,144.1,512,111,34.9,0,0,0
2026-09-09 17:00:00,143.0,545,115,35.4,0,0,0
2026-09-09 17:05:00,139.3,17,82,35.3,0,0,0
2026-09-09 17:10:00,138.9,39,83,34.6,0,0,0
2026-09-09 17:15:00,136.1,20,77,35.4,0,0,0
2026-09-09 17:20:00,135.2,30,83,40.5,0,0,0
2026-09-09 17:25:00,135.5,22,79,34.9,0,0,0
2026-09-09 17:30:00,133.2,12,77,34.8,0,0,0
2026-09-09 17:35:00,130.4,14,77,34.5,0,0,0
2026-09-09 17:40:00,130.4,21,78,32.8,0,0,0
2026-09-09 17:45:00,134.3,11,79,34.7,0,0,0
2026-09-09 17:50:00,132.7,13,74,33.8,0,0,0
2026-09-09 17:55:00,136.0,39,81,34.7,0,0,0
2026-09-09 18:00:00,135.9,15,79,35.0,0,0,0
2026-09-09 18:05:00,138.6,25,78,34.1,0,0,0
2026-09-09 18:10:00,135.6,32,78,37.4,0,0,0
2026-09-09 18:15:00,133.3,12,84,38.2,0,0,0
2026-09-09 18:20:00,132.9,29,78,33.9,0,0,0
2026-09-09 18:25:00,130.5,17,81,34.8,0,0,0
2026-09-09 18:30:00,131.8,425,103,34.6,0,0,0
2026-09-09 18:35:00,130.1,416,105,36.5,0,0,0
2026-09-09 18:40:00,132.1,55,86,35.3,0,0,0
2026-09-09 18:45:00,128.8,18,81,33.5,0,0,0
2026-09-09 18:50:00,129.8,30,83,32.4,0,0,0
2026-09-09 18:55:00,127.5,19,76,33.2,0,0,0
2026-09-09 19:00:00,128.6,23,81,35.8,0,0,0
2026-09-09 19:05:00,125.8,14,78,34.3,0,0,0
2026-09-09 19:10:00,123.8,23,79,32.1,0,0,0
2026-09-09 19:15:00,122.2,32,82,33.8,0,0,0
2026-09-09 19:20:00,123.8,35,79,33.6,0,0,0
2026-09-09 19:25:00,124.3,25,81,37.3,0,0,0
2026-09-09 19:30:00,126.3,10,77,34.9,0,0,0
2026-09-09 19:35:00,122.4,16,82,38.4,0,0,0
2026-09-09 19:40:00,123.2,23,78,38.3,0,0,0
2026-09-09 19:45:00,124.2,45,80,36.4,0,0,0
2026-09-09 19:50:00,122.1,34,79,35.3,0,0,0
2026-09-09 19:55:00,120.4,25,79,36.1,0,0,0
2026-09-09 20:00:00,121.6,28,84,36.2,0,0,0
2026-09-09 20:05:00,125.4,8,78,36.3,0,0,0
2026-09-09 20:10:00,127.0,12,80,32.9,0,0,0
2026-09-09 20:15:00,124.7,136,85,36.9,0,0,0
2026-09-09 20:20:00,125.5,61,82,38.8,0,0,0
2026-09-09 20:25:00,124.7,27,79,32.9,0,0,0
2026-09-09 20:30:00,126.8,31,78,37.0,0,0,0
2026-09-09 20:35:00,128.6,13,81,35.9,0,0,0
2026-09-09 20:40:00,139.6,14,78,35.1,0,0,0
2026-09-09 20:45:00,140.5,35,81,36.3,0,0,0
2026-09-09 20:50:00,140.0,36,82,37.5,0,47,50
2026-09-09 20:55:00,145.1,31,85,32.7,0,0,0
2026-09-09 21:00:00,148.8,23,80,37.1,0,0,0
2026-09-09 21:05:00,152.5,418,107,36.5,0,0,0
2026-09-09 21:10:00,149.2,436,108,34.6,0,0,0
2026-09-09 21:15:00,152.9,15,84,32.6,0,0,0
2026-09-09 21:20:00,149.3,33,81,35.1,0,0,0
2026-09-09 21:25:00,149.7,31,79,33.1,0,0,0
2026-09-09 21:30:00,147.4,16,80,35.8,0,0,0
2026-09-09 21:35:00,148.8,23,81,34.8,0,0,0
2026-09-09 21:40:00,148.1,14,76,37.6,0,0,0
2026-09-09 21:45:00,144.8,20,82,36.2,0,0,0
2026-09-09 21:50:00,141.7,32,80,38.8,0,0,0
2026-09-09 21:55:00,139.3,28,80,36.4,0,0,0
2026-09-09 22:00:00,138.3,38,82,35.5,0,0,0
2026-09-09 22:05:00,135.6,26,79,39.4,0,0,0
2026-09-09 22:10:00,135.1,19,82,33.6,0,0,0
2026-09-09 22:15:00,134.4,12,78,35.2,0,0,0
2026-09-09 22:20:00,134.5,33,82,34.5,0,0,0
2026-09-09 22:25:00,134.4,13,79,33.4,0,0,0
2026-09-09 22:30:00,136.2,17,76,37.2,0,0,0
2026-09-09 22:35:00,133.5,17,79,37.1,0,0,0
2026-09-09 22:40:00,136.5,19,77,33.2,0,0,0
2026-09-09 22:45:00,135.4,19,79,33.6,0,0,0
2026-09-09 22:50:00,139.1,33,78,36.3,0,0,0
2026-09-09 22:55:00,142.7,15,80,34.1,0,0,0
2026-09-09 23:00:00,138.0,6,79,37.7,0,0,0
2026-09-09 23:05:00,138.6,28,80,37.3,0,0,0
2026-09-09 23:10:00,139.6,28,84,38.0,0,0,0
2026-09-09 23:15:00,137.1,0,69,56.8,1,0,0
2026-09-09 23:20:00,138.3,0,67,62.3,1,0,0
2026-09-09 23:25:00,140.3,0,68,57.9,1,0,0
2026-09-09 23:30:00,140.4,0,71,56.8,1,0,0
2026-09-09 23:35:00,142.5,0,70,57.8,1,0,0
2026-09-09 23:40:00,144.1,0,70,60.0,1,0,0
2026-09-09 23:45:00,145.1,0,72,56.8,1,0,0
2026-09-09 23:50:00,144.8,0,69,55.4,1,0,0
2026-09-09 23:55:00,148.4,0,67,58.1,1,0,0
2026-09-10 00:00:00,147.4,0,72,57.9,1,0,0
2026-09-10 00:05:00,150.1,0,71,58.0,1,0,0
2026-09-10 00:10:00,150.7,0,69,57.7,1,0,0
2026-09-10 00:15:00,150.8,0,70,57.0,1,0,0
2026-09-10 00:20:00,149.8,0,71,56.9,1,0,0
2026-09-10 00:25:00,148.8,0,68,56.5,1,0,0
2026-09-10 00:30:00,148.2,0,71,56.6,1,0,0
2026-09-10 00:35:00,148.9,0,70,58.4,1,0,0
2026-09-10 00:40:00,146.9,0,69,58.4,1,0,0
2026-09-10 00:45:00,145.5,1,67,60.0,1,0,0
2026-09-10 00:50:00,143.4,0,69,56.2,1,0,0
2026-09-10 00:55:00,145.5,1,72,58.5,1,0,0
2026-09-10 01:00:00,140.7,0,67,55.8,1,0,0
2026-09-10 01:05:00,139.5,0,68,58.2,1,0,0
2026-09-10 01:10:00,140.1,0,66,61.2,1,0,0
2026-09-10 01:15:00,140.2,0,67,56.2,1,0,0
2026-09-10 01:20:00,143.8,0,71,61.1,1,0,0
2026-09-10 01:25:00,139.9,0,72,55.9,1,0,0
2026-09-10 01:30:00,139.5,0,64,56.1,1,0,0
2026-09-10 01:35:00,137.2,0,68,59.1,1,0,0
2026-09-10 01:40:00,137.9,0,74,55.9,1,0,0
2026-09-10 01:45:00,136.1,0,70,55.4,1,0,0
2026-09-10 01:50:00,136.1,0,73,55.6,1,0,0
2026-09-10 01:55:00,137.1,1,69,59.3,1,0,0
2026-09-10 02:00:00,135.4,0,69,55.4,1,0,0
2026-09-10 02:05:00,132.6,0,69,61.9,1,0,0
2026-09-10 02:10:00,132.6,0,65,55.5,1,0,0
2026-09-10 02:15:00,130.0,0,74,55.7,1,0,0
2026-09-10 02:20:00,131.1,1,74,59.3,1,0,0
2026-09-10 02:25:00,130.8,0,72,57.5,1,0,0
2026-09-10 02:30:00,131.4,1,68,56.8,1,0,0
2026-09-10 02:35:00,130.8,0,74,56.7,1,0,0
2026-09-10 02:40:00,130.3,0,70,60.1,1,0,0
2026-09-10 02:45:00,131.6,1,68,58.6,1,0,0
2026-09-10 02:50:00,140.0,0,73,53.4,1,0,0
2026-09-10 02:55:00,140.9,0,73,57.5,1,0,0
2026-09-10 03:00:00,144.6,0,70,55.6,1,0,0
2026-09-10 03:05:00,145.0,0,71,59.6,1,0,0
2026-09-10 03:10:00,147.4,0,72,56.7,1,0,0
2026-09-10 03:15:00,146.4,0,70,59.2,1,0,0
2026-09-10 03:20:00,150.2,1,70,58.1,1,0,0
2026-09-10 03:25:00,146.4,0,74,54.5,1,0,0
2026-09-10 03:30:00,147.1,0,69,58.6,1,0,0
2026-09-10 03:35:00,147.0,0,70,58.2,1,0,0
2026-09-10 03:40:00,149.4,0,70,56.4,1,0,0
2026-09-10 03:45:00,148.3,0,72,60.5,1,0,0
2026-09-10 03:50:00,149.0,0,71,59.8,1,0,0
2026-09-10 03:55:00,152.3,1,71,58.4,1,0,0
2026-09-10 04:00:00,153.2,1,69,57.8,1,0,0
2026-09-10 04:05:00,152.2,0,70,59.5,1,0,0
2026-09-10 04:10:00,151.2,0,70,54.8,1,0,0
2026-09-10 04:15:00,150.2,1,72,58.6,1,0,0
2026-09-10 04:20:00,150.2,0,68,59.3,1,0,0
2026-09-10 04:25:00,149.4,0,70,56.1,1,0,0
2026-09-10 04:30:00,147.1,1,66,61.3,1,0,0
2026-09-10 04:35:00,151.4,1,71,56.8,1,0,0
2026-09-10 04:40:00,153.0,1,72,55.1,1,0,0
2026-09-10 04:45:00,153.9,0,70,58.6,1,0,0
2026-09-10 04:50:00,155.5,0,72,57.6,1,0,0
2026-09-10 04:55:00,152.7,0,67,57.7,1,0,0
2026-09-10 05:00:00,153.5,1,68,58.6,1,0,0
2026-09-10 05:05:00,155.4,0,72,57.0,1,0,0
2026-09-10 05:10:00,155.4,0,68,59.5,1,0,0
2026-09-10 05:15:00,154.9,1,70,59.5,1,0,0
2026-09-10 05:20:00,155.3,1,69,61.7,1,0,0
2026-09-10 05:25:00,154.0,0,70,58.3,1,0,0
2026-09-10 05:30:00,154.7,1,69,56.7,1,0,0
2026-09-10 05:35:00,155.5,0,71,57.3,1,0,0
2026-09-10 05:40:00,155.1,0,69,58.4,1,0,0
2026-09-10 05:45:00,153.6,0,67,58.3,1,0,0
2026-09-10 05:50:00,148.8,0,71,58.9,1,0,0
2026-09-10 05:55:00,152.1,0,73,55.4,1,0,0
2026-09-10 06:00:00,153.4,0,69,58.7,1,0,0
2026-09-10 06:05:00,151.5,1,67,59.3,1,0,0
2026-09-10 06:10:00,149.4,0,67,57.5,1,0,0
2026-09-10 06:15:00,150.2,1,72,58.3,1,0,0
2026-09-10 06:20:00,151.9,1,71,61.0,1,0,0
2026-09-10 06:25:00,151.3,22,77,35.8,0,0,0
2026-09-10 06:30:00,151.9,35,78,35.1,0,0,0
2026-09-10 06:35:00,152.5,25,82,37.0,0,0,0
2026-09-10 06:40:00,153.0,33,80,36.0,0,0,0
2026-09-10 06:45:00,151.9,21,80,34.3,0,0,0
2026-09-10 06:50:00,151.0,14,82,34.9,0,0,0
2026-09-10 06:55:00,147.9,30,78,35.4,0,0,0
2026-09-10 07:00:00,146.0,19,77,36.0,0,0,0
2026-09-10 07:05:00,147.7,23,79,33.8,0,0,0
2026-09-10 07:10:00,148.5,23,82,41.9,0,0,0
2026-09-10 07:15:00,147.2,30,81,34.3,0,0,0
2026-09-10 07:20:00,146.6,14,81,38.6,0,0,0
2026-09-10 07:25:00,146.3,25,74,32.2,0,0,0
2026-09-10 07:30:00,147.6,19,82,37.4,0,0,0
2026-09-10 07:35:00,148.6,34,81,36.7,0,0,0
2026-09-10 07:40:00,146.9,40,82,34.7,0,0,0
2026-09-10 07:45:00,145.6,30,79,34.6,0,0,0
2026-09-10 07:50:00,143.5,17,81,32.3,0,0,0
2026-09-10 07:55:00,141.3,33,82,34.9,0,71,78
2026-09-10 08:00:00,149.2,22,82,34.3,0,0,0
2026-09-10 08:05:00,151.8,17,81,32.7,0,0,0
2026-09-10 08:10:00,152.4,477,111,33.8,0,0,0
2026-09-10 08:15:00,155.0,493,114,38.0,0,0,0
2026-09-10 08:20:00,155.5,17,82,36.2,0,0,0
2026-09-10 08:25:00,155.8,16,78,36.3,0,0,0
2026-09-10 08:30:00,154.5,17,77,27.8,0,0,0
2026-09-10 08:35:00,152.1,39,80,34.5,0,0,0
2026-09-10 08:40:00,152.6,32,82,35.1,0,0,0
2026-09-10 08:45:00,155.1,32,79,37.3,0,0,0
2026-09-10 08:50:00,153.1,32,80,34.3,0,0,0
2026-09-10 08:55:00,149.0,23,80,36.0,0,0,0
2026-09-10 09:00:00,147.9,28,76,35.3,0,0,0
2026-09-10 09:05:00,145.3,35,79,32.6,0,0,0
2026-09-10 09:10:00,147.6,21,81,33.3,0,0,0
2026-09-10 09:15:00,143.2,12,81,33.1,0,0,0
2026-09-10 09:20:00,144.5,8,77,36.5,0,0,0
2026-09-10 09:25:00,143.6,16,79,37.6,0,0,0
2026-09-10 09:30:00,142.1,23,80,35.8,0,0,0
2026-09-10 09:35:00,140.6,33,80,34.5,0,0,0
2026-09-10 09:40:00,139.2,19,79,35.1,0,0,0
2026-09-10 09:45:00,140.7,40,79,33.2,0,0,0
2026-09-10 09:50:00,138.5,26,79,33.9,0,0,0
2026-09-10 09:55:00,137.4,24,78,37.9,0,0,0
2026-09-10 10:00:00,133.3,13,75,34.3,0,0,0
2026-09-10 10:05:00,133.8,25,77,36.9,0,0,0
2026-09-10 10:10:00,133.5,28,82,36.3,0,0,0
2026-09-10 10:15:00,133.0,27,78,39.1,0,0,0
2026-09-10 10:20:00,129.6,43,79,37.2,0,0,0
2026-09-10 10:25:00,129.3,35,78,33.8,0,0,0
2026-09-10 10:30:00,129.1,29,79,33.5,0,0,0
2026-09-10 10:35:00,124.6,14,79,34.6,0,0,0
2026-09-10 10:40:00,126.1,11,79,35.5,0,0,0
2026-09-10 10:45:00,125.8,36,77,34.2,0,0,0
2026-09-10 10:50:00,125.3,19,79,33.9,0,0,0
2026-09-10 10:55:00,123.6,22,77,35.7,0,0,0
2026-09-10 11:00:00,122.8,43,78,35.8,0,0,0
2026-09-10 11:05:00,119.0,12,81,29.4,0,0,0
2026-09-10 11:10:00,121.9,20,80,39.2,0,0,0
2026-09-10 11:15:00,115.4,23,79,38.1,0,0,0
2026-09-10 11:20:00,113.4,28,81,36.7,0,0,0
2026-09-10 11:25:00,115.5,23,80,35.8,0,0,0
2026-09-10 11:30:00,115.7,12,79,32.9,0,0,0
2026-09-10 11:35:00,116.1,22,78,34.4,0,0,0
2026-09-10 11:40:00,112.6,39,84,33.2,0,0,0
2026-09-10 11:45:00,116.4,18,78,38.3,0,0,0
2026-09-10 11:50:00,116.6,28,79,34.3,0,0,0
2026-09-10 11:55:00,115.7,11,76,32.8,0,0,0
2026-09-10 12:00:00,118.0,17,80,38.0,0,0,0
2026-09-10 12:05:00,117.1,15,81,36.1,0,0,0
2026-09-10 12:10:00,119.9,17,80,34.5,0,0,0
2026-09-10 12:15:00,124.2,31,84,35.9,0,0,0
2026-09-10 12:20:00,123.0,25,79,31.7,0,0,0
2026-09-10 12:25:00,119.9,8,80,35.8,0,0,0
2026-09-10 12:30:00,117.4,22,80,35.0,0,0,0
2026-09-10 12:35:00,119.7,14,76,37.6,0,0,0
2026-09-10 12:40:00,119.8,40,80,33.2,0,0,0
2026-09-10 12:45:00,121.9,19,81,35.8,0,112,70
2026-09-10 12:50:00,137.6,38,84,34.8,0,0,0
2026-09-10 12:55:00,144.5,13,79,33.4,0,0,0
2026-09-10 13:00:00,151.9,13,78,35.6,0,0,0
2026-09-10 13:05:00,155.1,14,83,36.6,0,0,0
2026-09-10 13:10:00,159.3,28,83,37.7,0,0,0
2026-09-10 13:15:00,160.6,16,78,33.9,0,0,0
2026-09-10 13:20:00,159.2,31,81,35.8,0,0,0
2026-09-10 13:25:00,160.5,4,78,35.4,0,0,0
2026-09-10 13:30:00,160.2,20,79,36.3,0,0,0
2026-09-10 13:35:00,163.5,29,80,36.0,0,0,0
2026-09-10 13:40:00,163.9,39,80,39.0,0,0,0
2026-09-10 13:45:00,162.7,15,76,30.6,0,0,0
2026-09-10 13:50:00,157.3,10,79,35.3,0,0,0
2026-09-10 13:55:00,166.8,12,77,36.5,0,0,0
2026-09-10 14:00:00,160.9,13,79,37.6,0,0,0
2026-09-10 14:05:00,155.1,15,79,31.7,0,0,0
2026-09-10 14:10:00,149.5,21,79,33.7,0,0,0
2026-09-10 14:15:00,146.4,36,81,33.9,0,0,0
2026-09-10 14:20:00,144.3,444,106,37.2,0,0,0
2026-09-10 14:25:00,140.1,444,103,34.1,0,0,0
2026-09-10 14:30:00,137.8,28,77,35.1,0,0,0
2026-09-10 14:35:00,134.5,12,79,36.0,0,0,0
2026-09-10 14:40:00,134.7,32,80,32.5,0,0,0
2026-09-10 14:45:00,129.7,24,78,38.0,0,0,0
2026-09-10 14:50:00,127.9,15,78,32.9,0,0,0
2026-09-10 14:55:00,127.7,16,82,34.9,0,0,0
2026-09-10 15:00:00,125.6,13,78,35.4,0,0,0
2026-09-10 15:05:00,124.4,12,81,33.3,0,0,0
2026-09-10 15:10:00,127.2,22,81,38.4,0,0,0
2026-09-10 15:15:00,127.7,7,78,34.0,0,0,0
2026-09-10 15:20:00,127.4,18,76,36.3,0,0,0
2026-09-10 15:25:00,124.7,7,77,31.4,0,0,0
2026-09-10 15:30:00,125.5,11,82,38.0,0,0,0
2026-09-10 15:35:00,123.7,23,82,37.6,0,0,0
2026-09-10 15:40:00,124.3,76,84,36.6,0,0,0
2026-09-10 15:45:00,122.8,18,81,35.9,0,0,0
2026-09-10 15:50:00,123.6,29,81,35.4,0,0,0
2026-09-10 15:55:00,125.8,20,78,38.6,0,0,0
2026-09-10 16:00:00,124.3,21,76,37.0,0,0,0
2026-09-10 16:05:00,122.7,45,83,32.7,0,0,0
2026-09-10 16:10:00,120.5,54,81,33.7,0,0,0
2026-09-10 16:15:00,122.0,22,78,34.4,0,0,0
2026-09-10 16:20:00,122.8,16,80,35.0,0,0,0
2026-09-10 16:25:00,120.1,41,83,35.5,0,0,0
2026-09-10 16:30:00,118.0,20,79,35.1,0,0,0
2026-09-10 16:35:00,114.9,23,79,36.8,0,0,0
2026-09-10 16:40:00,112.3,16,80,35.4,0,0,0
2026-09-10 16:45:00,111.6,34,80,33.7,0,0,0
2026-09-10 16:50:00,114.4,27,77,33.4,0,0,0
2026-09-10 16:55:00,115.4,18,82,33.5,0,0,0
2026-09-10 17:00:00,117.2,31,80,35.4,0,0,0
2026-09-10 17:05:00,118.5,37,80,35.9,0,0,0
2026-09-10 17:10:00,120.3,12,84,31.2,0,51,80
2026-09-10 17:15:00,126.4,16,86,37.6,0,0,0
2026-09-10 17:20:00,132.7,30,83,38.8,0,0,0
2026-09-10 17:25:00,135.9,10,82,33.1,0,0,0
2026-09-10 17:30:00,141.6,23,84,36.6,0,0,0
2026-09-10 17:35:00,146.1,51,83,38.4,0,0,0
2026-09-10 17:40:00,144.3,24,84,34.7,0,0,0
2026-09-10 17:45:00,148.4,27,80,36.2,0,0,0
2026-09-10 17:50:00,146.2,18,81,36.5,0,0,0
2026-09-10 17:55:00,144.0,19,78,38.7,0,0,0
2026-09-10 18:00:00,140.7,12,77,36.3,0,0,0
2026-09-10 18:05:00,138.5,22,78,32.6,0,0,0
2026-09-10 18:10:00,137.4,15,79,32.2,0,0,0
2026-09-10 18:15:00,135.7,32,79,34.6,0,0,0
2026-09-10 18:20:00,134.8,37,82,36.6,0,0,0
2026-09-10 18:25:00,132.4,32,83,35.7,0,0,0
2026-09-10 18:30:00,130.6,33,80,35.8,0,0,0
2026-09-10 18:35:00,130.0,15,77,40.4,0,0,0
2026-09-10 18:40:00,129.9,15,80,34.5,0,0,0
2026-09-10 18:45:00,151.5,31,81,38.6,0,0,0
2026-09-10 18:50:00,147.5,13,77,37.6,0,0,0
2026-09-10 18:55:00,144.2,14,77,34.2,0,0,0
2026-09-10 19:00:00,145.2,33,81,34.4,0,0,0
2026-09-10 19:05:00,145.4,44,83,36.0,0,0,0
2026-09-10 19:10:00,144.0,15,79,35.6,0,0,0
2026-09-10 19:15:00,143.9,25,74,36.4,0,0,0
2026-09-10 19:20:00,141.5,37,80,34.0,0,0,0
2026-09-10 19:25:00,139.3,10,82,36.2,0,0,0
2026-09-10 19:30:00,139.8,31,78,37.8,0,0,0
2026-09-10 19:35:00,137.8,63,82,38.0,0,0,0
2026-09-10 19:40:00,135.5,19,80,31.2,0,0,0
2026-09-10 19:45:00,135.4,29,79,36.7,0,0,0
2026-09-10 19:50:00,134.8,29,77,34.8,0,0,0
2026-09-10 19:55:00,133.2,27,80,34.1,0,0,0
2026-09-10 20:00:00,134.0,53,86,33.6,0,0,0
2026-09-10 20:05:00,133.2,17,75,37.2,0,0,0
2026-09-10 20:10:00,132.2,23,80,38.0,0,0,0
2026-09-10 20:15:00,131.0,20,84,34.0,0,50,68
2026-09-10 20:20:00,136.6,19,78,38.2,0,0,0
2026-09-10 20:25:00,141.4,43,84,34.0,0,0,0
2026-09-10 20:30:00,146.8,21,84,37.4,0,0,0
2026-09-10 20:35:00,146.1,15,77,38.7,0,0,0
2026-09-10 20:40:00,143.7,18,82,35.9,0,0,0
2026-09-10 20:45:00,143.8,19,81,35.7,0,0,0
2026-09-10 20:50:00,142.5,24,80,36.9,0,0,0
2026-09-10 20:55:00,143.5,50,78,35.8,0,0,0
2026-09-10 21:00:00,142.4,21,77,38.1,0,0,0
2026-09-10 21:05:00,142.3,15,80,33.8,0,0,0
2026-09-10 21:10:00,142.2,27,79,36.3,0,0,0
2026-09-10 21:15:00,143.2,13,83,34.2,0,0,0
2026-09-10 21:20:00,145.9,19,76,34.1,0,0,0
2026-09-10 21:25:00,147.4,16,80,34.8,0,0,0
2026-09-10 21:30:00,146.0,22,81,35.7,0,0,0
2026-09-10 21:35:00,146.0,17,79,35.0,0,0,0
2026-09-10 21:40:00,142.2,21,80,32.7,0,0,0
2026-09-10 21:45:00,137.9,36,81,37.0,0,0,0
2026-09-10 21:50:00,139.4,28,79,30.2,0,0,0
2026-09-10 21:55:00,139.7,29,77,32.2,0,0,0
2026-09-10 22:00:00,139.5,34,82,35.7,0,0,0
2026-09-10 22:05:00,138.3,31,77,33.6,0,0,0
2026-09-10 22:10:00,140.6,35,79,35.5,0,0,0
2026-09-10 22:15:00,138.2,21,77,34.3,0,0,0
2026-09-10 22:20:00,139.2,28,80,39.4,0,0,0
2026-09-10 22:25:00,135.3,35,80,40.5,0,0,0
2026-09-10 22:30:00,132.8,10,76,37.4,0,0,0
2026-09-10 22:35:00,129.5,10,77,35.5,0,0,0
2026-09-10 22:40:00,125.7,24,77,34.8,0,0,0
2026-09-10 22:45:00,126.1,73,78,34.4,0,0,0
2026-09-10 22:50:00,127.2,23,81,33.8,0,0,0
2026-09-10 22:55:00,125.6,38,80,30.7,0,0,0
2026-09-10 23:00:00,122.9,21,79,38.5,0,0,0
2026-09-10 23:05:00,122.2,47,80,36.3,0,0,0
2026-09-10 23:10:00,128.9,22,79,34.9,0,0,0
2026-09-10 23:15:00,130.3,24,79,37.9,0,0,0
2026-09-10 23:20:00,129.3,17,79,34.3,0,0,0
2026-09-10 23:25:00,127.7,15,79,37.0,0,0,0
2026-09-10 23:30:00,128.4,8,79,34.2,0,0,0
2026-09-10 23:35:00,131.8,33,82,35.7,0,0,0
2026-09-10 23:40:00,132.1,11,75,33.0,0,0,0
2026-09-10 23:45:00,133.7,0,69,55.6,1,0,0
2026-09-10 23:50:00,132.2,0,71,55.1,1,0,0
2026-09-10 23:55:00,129.6,0,69,57.9,1,0,0
2026-09-11 00:00:00,126.2,0,70,61.6,1,0,0
2026-09-11 00:05:00,126.2,0,67,62.1,1,0,0
2026-09-11 00:10:00,128.7,0,69,56.9,1,0,0
2026-09-11 00:15:00,127.1,0,69,61.3,1,0,0
2026-09-11 00:20:00,128.2,0,71,56.8,1,0,0
2026-09-11 00:25:00,130.3,0,71,62.3,1,0,0
2026-09-11 00:30:00,134.3,1,72,57.2,1,0,0
2026-09-11 00:35:00,130.8,0,71,57.7,1,0,0
2026-09-11 00:40:00,131.6,0,70,56.1,1,0,0
2026-09-11 00:45:00,134.0,0,69,58.1,1,0,0
2026-09-11 00:50:00,130.5,1,72,56.5,1,0,0
2026-09-11 00:55:00,133.0,0,71,60.6,1,0,0
2026-09-11 01:00:00,132.3,1,71,57.6,1,0,0
2026-09-11 01:05:00,131.5,0,71,60.3,1,0,0
2026-09-11 01:10:00,132.5,0,69,57.4,1,0,0
2026-09-11 01:15:00,135.7,0,71,57.4,1,0,0
2026-09-11 01:20:00,136.6,0,70,57.7,1,0,0
2026-09-11 01:25:00,135.0,0,69,58.2,1,0,0
2026-09-11 01:30:00,136.1,0,71,55.9,1,0,0
2026-09-11 01:35:00,137.4,1,67,58.0,1,0,0
2026-09-11 01:40:00,134.1,1,71,59.1,1,0,0
2026-09-11 01:45:00,131.6,1,65,60.7,1,0,0
2026-09-11 01:50:00,131.7,0,73,55.4,1,0,0
2026-09-11 01:55:00,133.0,0,67,59.8,1,0,0
2026-09-11 02:00:00,131.5,0,71,57.0,1,0,0
2026-09-11 02:05:00,131.6,2,71,59.4,1,0,0
2026-09-11 02:10:00,128.3,0,71,62.5,1,0,0
2026-09-11 02:15:00,136.6,0,71,59.6,1,0,0
2026-09-11 02:20:00,138.1,0,70,61.4,1,0,0
2026-09-11 02:25:00,139.4,0,72,55.2,1,0,0
2026-09-11 02:30:00,140.5,0,71,62.2,1,0,0
2026-09-11 02:35:00,139.4,1,73,58.6,1,0,0
2026-09-11 02:40:00,140.1,0,71,55.2,1,0,0
2026-09-11 02:45:00,139.9,0,71,59.2,1,0,0
2026-09-11 02:50:00,139.3,0,69,58.7,1,0,0
2026-09-11 02:55:00,139.7,1,70,56.3,1,0,0
2026-09-11 03:00:00,141.1,1,70,57.6,1,0,0
2026-09-11 03:05:00,143.7,0,68,59.1,1,0,0
2026-09-11 03:10:00,144.8,0,72,57.9,1,0,0
2026-09-11 03:15:00,141.2,0,67,56.9,1,0,0
2026-09-11 03:20:00,139.9,0,66,55.7,1,0,0
2026-09-11 03:25:00,138.5,1,69,57.3,1,0,0
2026-09-11 03:30:00,140.2,0,71,59.4,1,0,0
2026-09-11 03:35:00,139.5,0,70,56.1,1,0,0
2026-09-11 03:40:00,139.2,0,71,61.3,1,0,0
2026-09-11 03:45:00,139.9,0,70,57.7,1,0,0
2026-09-11 03:50:00,139.9,0,73,58.0,1,0,0
2026-09-11 03:55:00,138.8,2,69,59.4,1,0,0
2026-09-11 04:00:00,144.2,0,69,57.8,1,0,0
2026-09-11 04:05:00,146.2,0,70,58.7,1,0,0
2026-09-11 04:10:00,146.9,1,67,60.1,1,0,0
2026-09-11 04:15:00,147.6,0,70,61.7,1,0,0
2026-09-11 04:20:00,154.7,1,69,59.9,1,0,0
2026-09-11 04:25:00,155.0,1,68,59.2,1,0,0
2026-09-11 04:30:00,156.7,2,69,55.1,1,0,0
2026-09-11 04:35:00,156.2,1,71,62.0,1,0,0
2026-09-11 04:40:00,156.6,2,72,57.4,1,0,0
2026-09-11 04:45:00,155.9,0,66,57.8,1,0,0
2026-09-11 04:50:00,155.7,0,73,56.7,1,0,0
2026-09-11 04:55:00,154.3,0,70,57.0,1,0,0
2026-09-11 05:00:00,153.6,0,71,56.1,1,0,0
2026-09-11 05:05:00,150.4,0,71,58.5,1,0,0
2026-09-11 05:10:00,152.2,0,68,56.9,1,0,0
2026-09-11 05:15:00,150.1,1,71,57.7,1,0,0
2026-09-11 05:20:00,146.1,0,69,56.7,1,0,0
2026-09-11 05:25:00,147.0,1,69,56.8,1,0,0
2026-09-11 05:30:00,149.8,0,67,58.7,1,0,0
2026-09-11 05:35:00,151.6,1,69,60.0,1,0,0
2026-09-11 05:40:00,148.6,1,71,57.0,1,0,0
2026-09-11 05:45:00,150.5,0,67,58.8,1,0,0
2026-09-11 05:50:00,151.7,0,65,56.8,1,0,0
2026-09-11 05:55:00,150.8,1,66,61.8,1,0,0
2026-09-11 06:00:00,148.7,0,68,58.0,1,0,0
2026-09-11 06:05:00,146.8,2,73,56.1,1,0,0
2026-09-11 06:10:00,148.9,0,71,61.4,1,0,0
2026-09-11 06:15:00,147.8,0,71,58.9,1,0,0
2026-09-11 06:20:00,146.3,0,69,59.8,1,0,0
2026-09-11 06:25:00,147.0,12,76,37.1,0,0,0
2026-09-11 06:30:00,145.4,13,81,34.6,0,0,0
2026-09-11 06:35:00,146.5,19,79,36.0,0,0,0
2026-09-11 06:40:00,147.2,19,76,35.2,0,0,0
2026-09-11 06:45:00,143.7,26,79,34.0,0,0,0
2026-09-11 06:50:00,142.5,18,77,33.2,0,0,0
2026-09-11 06:55:00,141.6,20,80,34.1,0,0,0
2026-09-11 07:00:00,140.7,20,81,38.9,0,0,0
2026-09-11 07:05:00,138.9,29,79,37.3,0,0,0
2026-09-11 07:10:00,135.4,15,83,35.7,0,0,0
2026-09-11 07:15:00,139.6,20,80,38.1,0,0,0
2026-09-11 07:20:00,138.5,32,77,37.7,0,0,0
2026-09-11 07:25:00,141.1,18,82,36.0,0,49,70
2026-09-11 07:30:00,148.2,20,81,35.2,0,0,0
2026-09-11 07:35:00,154.0,17,80,34.7,0,0,0
2026-09-11 07:40:00,157.3,23,82,31.9,0,0,0
2026-09-11 07:45:00,157.7,39,84,34.6,0,0,0
2026-09-11 07:50:00,156.5,28,83,37.8,0,0,0
2026-09-11 07:55:00,156.0,25,80,36.3,0,0,0
2026-09-11 08:00:00,157.6,25,78,35.0,0,0,0
2026-09-11 08:05:00,160.2,18,79,37.5,0,0,0
2026-09-11 08:10:00,158.6,14,77,34.7,0,0,0
2026-09-11 08:15:00,157.0,10,80,38.9,0,0,0
2026-09-11 08:20:00,152.8,16,79,37.8,0,0,0
2026-09-11 08:25:00,154.8,21,81,35.2,0,0,0
2026-09-11 08:30:00,154.8,23,76,38.0,0,0,0
2026-09-11 08:35:00,149.7,25,83,33.2,0,0,0
2026-09-11 08:40:00,150.5,16,80,36.6,0,0,0
2026-09-11 08:45:00,146.4,27,82,35.5,0,0,0
2026-09-11 08:50:00,146.9,23,80,36.6,0,0,0
2026-09-11 08:55:00,147.1,11,76,33.3,0,0,0
2026-09-11 09:00:00,145.6,21,81,33.7,0,0,0
2026-09-11 09:05:00,142.3,22,78,35.5,0,0,0
2026-09-11 09:10:00,144.3,29,78,37.0,0,0,0
2026-09-11 09:15:00,144.6,32,80,34.0,0,0,0
2026-09-11 09:20:00,143.9,29,83,36.6,0,0,0
2026-09-11 09:25:00,142.7,18,78,37.2,0,0,0
2026-09-11 09:30:00,144.1,29,81,32.8,0,0,0
2026-09-11 09:35:00,140.3,20,76,38.2,0,0,0
2026-09-11 09:40:00,138.9,26,80,32.3,0,0,0
2026-09-11 09:45:00,137.2,42,82,34.9,0,0,0
2026-09-11 09:50:00,138.8,21,77,39.5,0,0,0
2026-09-11 09:55:00,138.1,49,81,34.2,0,0,0
2026-09-11 10:00:00,135.7,18,78,34.1,0,0,0
2026-09-11 10:05:00,132.7,11,78,37.2,0,0,0
2026-09-11 10:10:00,129.5,13,82,40.4,0,0,0
2026-09-11 10:15:00,133.2,22,81,35.7,0,0,0
2026-09-11 10:20:00,131.2,21,78,36.0,0,0,0
2026-09-11 10:25:00,130.2,13,77,35.3,0,0,0
2026-09-11 10:30:00,129.6,17,81,34.1,0,0,0
2026-09-11 10:35:00,127.6,28,80,32.6,0,0,0
2026-09-11 10:40:00,125.2,16,79,35.2,0,0,0
2026-09-11 10:45:00,128.7,23,80,35.6,0,0,0
2026-09-11 10:50:00,133.4,27,80,35.7,0,0,0
2026-09-11 10:55:00,134.9,21,78,38.2,0,0,0
2026-09-11 11:00:00,134.6,21,81,38.2,0,0,0
2026-09-11 11:05:00,134.5,24,81,34.3,0,0,0
2026-09-11 11:10:00,138.6,24,81,38.0,0,0,0
2026-09-11 11:15:00,140.3,12,79,36.6,0,0,0
2026-09-11 11:20:00,140.1,18,83,35.4,0,0,0
2026-09-11 11:25:00,138.6,6,79,38.4,0,0,0
2026-09-11 11:30:00,140.3,26,81,33.1,0,0,0
2026-09-11 11:35:00,137.7,6,78,35.8,0,0,0
2026-09-11 11:40:00,137.6,11,79,34.9,0,0,0
2026-09-11 11:45:00,138.1,21,80,37.3,0,0,0
2026-09-11 11:50:00,140.2,29,82,36.9,0,0,0
2026-09-11 11:55:00,137.7,26,77,33.6,0,0,0
2026-09-11 12:00:00,134.4,16,79,36.1,0,0,0
2026-09-11 12:05:00,135.1,31,77,38.3,0,0,0
2026-09-11 12:10:00,132.0,18,80,39.0,0,0,0
2026-09-11 12:15:00,130.1,25,83,38.2,0,0,0
2026-09-11 12:20:00,127.1,23,76,34.3,0,0,0
2026-09-11 12:25:00,127.2,9,77,39.9,0,0,0
2026-09-11 12:30:00,125.7,20,80,37.9,0,0,0
2026-09-11 12:35:00,125.4,18,81,32.8,0,0,0
2026-09-11 12:40:00,124.5,44,77,35.7,0,0,0
2026-09-11 12:45:00,127.3,18,82,36.2,0,0,0
2026-09-11 12:50:00,126.4,13,80,35.3,0,0,0
2026-09-11 12:55:00,126.1,24,76,34.4,0,0,0
2026-09-11 13:00:00,127.0,24,79,42.7,0,0,0
2026-09-11 13:05:00,128.0,19,77,37.0,0,0,0
2026-09-11 13:10:00,127.6,13,81,37.9,0,0,0
2026-09-11 13:15:00,127.8,44,81,37.2,0,0,0
2026-09-11 13:20:00,127.9,16,73,31.7,0,0,0
2026-09-11 13:25:00,138.9,4,76,36.0,0,0,0
2026-09-11 13:30:00,139.2,22,77,33.5,0,0,0
2026-09-11 13:35:00,137.8,15,80,34.5,0,0,0
2026-09-11 13:40:00,137.1,16,78,35.0,0,0,0
2026-09-11 13:45:00,137.4,12,83,35.6,0,69,55
2026-09-11 13:50:00,145.8,24,81,37.5,0,0,0
2026-09-11 13:55:00,153.2,22,82,38.3,0,0,0
2026-09-11 14:00:00,156.2,19,84,38.1,0,0,0
2026-09-11 14:05:00,156.5,15,80,36.7,0,0,0
2026-09-11 14:10:00,157.4,18,81,35.3,0,0,0
2026-09-11 14:15:00,159.0,486,109,36.1,0,0,0
2026-09-11 14:20:00,158.6,479,105,32.6,0,0,0
2026-09-11 14:25:00,155.8,14,78,37.7,0,0,0
2026-09-11 14:30:00,155.7,16,83,33.4,0,0,0
2026-09-11 14:35:00,155.3,24,82,35.0,0,0,0
2026-09-11 14:40:00,153.3,19,81,38.0,0,0,0
2026-09-11 14:45:00,152.8,12,81,37.3,0,0,0
2026-09-11 14:50:00,153.0,20,74,34.5,0,0,0
2026-09-11 14:55:00,153.9,17,80,36.1,0,0,0
2026-09-11 15:00:00,153.1,15,77,35.2,0,0,0
2026-09-11 15:05:00,153.4,16,80,35.7,0,0,0
2026-09-11 15:10:00,152.7,11,77,36.0,0,0,0
2026-09-11 15:15:00,152.5,7,76,38.2,0,0,0
2026-09-11 15:20:00,150.0,54,78,32.9,0,0,0
2026-09-11 15:25:00,151.5,18,79,34.0,0,0,0
2026-09-11 15:30:00,150.1,11,79,35.7,0,0,0
2026-09-11 15:35:00,148.8,12,77,37.9,0,0,0
2026-09-11 15:40:00,146.6,34,78,37.1,0,0,0
2026-09-11 15:45:00,147.2,16,80,32.9,0,0,0
2026-09-11 15:50:00,143.2,15,80,33.1,0,0,0
2026-09-11 15:55:00,140.3,20,78,36.7,0,0,0
2026-09-11 16:00:00,141.2,389,106,34.3,0,0,0
2026-09-11 16:05:00,137.6,394,100,37.6,0,0,0
2026-09-11 16:10:00,134.9,29,82,36.6,0,0,0
2026-09-11 16:15:00,130.4,22,77,37.9,0,0,0
2026-09-11 16:20:00,128.7,42,82,38.6,0,0,0
2026-09-11 16:25:00,130.0,11,77,37.6,0,0,0
2026-09-11 16:30:00,130.0,38,80,37.7,0,0,0
2026-09-11 16:35:00,132.4,13,80,38.9,0,0,0
2026-09-11 16:40:00,133.4,35,83,35.6,0,0,0
2026-09-11 16:45:00,131.1,13,79,37.6,0,0,0
2026-09-11 16:50:00,130.4,15,79,36.0,0,0,0
2026-09-11 16:55:00,132.1,31,82,34.6,0,0,0
2026-09-11 17:00:00,133.7,19,78,33.9,0,0,0
2026-09-11 17:05:00,136.0,36,78,33.2,0,0,0
2026-09-11 17:10:00,132.5,15,78,34.4,0,0,0
2026-09-11 17:15:00,131.6,16,76,33.0,0,0,0
2026-09-11 17:20:00,133.0,73,83,38.9,0,0,0
2026-09-11 17:25:00,132.2,18,80,35.5,0,0,0
2026-09-11 17:30:00,134.5,36,81,36.3,0,0,0
2026-09-11 17:35:00,135.1,11,81,33.5,0,0,0
2026-09-11 17:40:00,134.0,9,80,39.6,0,28,60
2026-09-11 17:45:00,136.3,14,80,36.7,0,0,0
2026-09-11 17:50:00,139.6,39,83,35.1,0,0,0
2026-09-11 17:55:00,139.5,16,83,35.9,0,0,0
2026-09-11 18:00:00,138.8,31,87,35.9,0,0,0
2026-09-11 18:05:00,142.2,26,81,35.8,0,0,0
2026-09-11 18:10:00,141.6,38,81,35.1,0,0,0
2026-09-11 18:15:00,140.1,40,81,39.0,0,0,0
2026-09-11 18:20:00,141.4,23,78,36.6,0,0,0
2026-09-11 18:25:00,142.8,10,79,32.7,0,0,0
2026-09-11 18:30:00,144.9,29,81,34.6,0,0,0
2026-09-11 18:35:00,144.3,40,81,37.2,0,0,0
2026-09-11 18:40:00,144.5,37,80,37.3,0,0,0
2026-09-11 18:45:00,145.7,16,83,32.3,0,0,0
2026-09-11 18:50:00,147.4,14,80,33.7,0,0,0
2026-09-11 18:55:00,148.0,27,82,33.9,0,0,0
2026-09-11 19:00:00,145.9,23,81,36.4,0,0,0
2026-09-11 19:05:00,146.3,18,84,33.8,0,0,0
2026-09-11 19:10:00,145.5,510,110,35.9,0,0,0
2026-09-11 19:15:00,142.9,476,108,37.7,0,0,0
2026-09-11 19:20:00,139.8,465,106,34.2,0,0,0
2026-09-11 19:25:00,139.4,466,105,35.7,0,0,0
2026-09-11 19:30:00,139.1,32,79,36.9,0,0,0
2026-09-11 19:35:00,137.9,22,78,38.5,0,0,0
2026-09-11 19:40:00,136.2,28,82,36.3,0,0,0
2026-09-11 19:45:00,144.3,30,77,35.8,0,0,0
2026-09-11 19:50:00,143.8,36,81,37.7,0,0,0
2026-09-11 19:55:00,144.2,14,78,30.9,0,0,0
2026-09-11 20:00:00,142.8,29,78,37.6,0,0,0
2026-09-11 20:05:00,139.0,27,83,35.1,0,0,0
2026-09-11 20:10:00,140.0,12,77,36.3,0,0,0
2026-09-11 20:15:00,140.4,20,76,36.0,0,0,0
2026-09-11 20:20:00,138.3,33,82,33.0,0,0,0
2026-09-11 20:25:00,137.2,28,86,36.1,0,0,0
2026-09-11 20:30:00,138.9,31,78,36.0,0,0,0
2026-09-11 20:35:00,136.4,16,81,38.4,0,0,0
2026-09-11 20:40:00,134.8,29,81,38.3,0,0,0
2026-09-11 20:45:00,136.8,10,76,35.7,0,0,0
2026-09-11 20:50:00,137.4,20,78,32.7,0,0,0
2026-09-11 20:55:00,134.4,10,82,34.6,0,0,0
2026-09-11 21:00:00,135.8,15,80,34.6,0,0,0
2026-09-11 21:05:00,137.9,35,81,36.5,0,0,0
2026-09-11 21:10:00,134.4,22,81,33.8,0,0,0
2026-09-11 21:15:00,138.8,35,81,35.2,0,0,0
2026-09-11 21:20:00,141.2,29,78,35.9,0,0,0
2026-09-11 21:25:00,142.3,23,80,33.3,0,0,0
2026-09-11 21:30:00,143.0,40,82,36.1,0,0,0
2026-09-11 21:35:00,143.3,18,84,31.5,0,0,0
2026-09-11 21:40:00,139.6,22,76,35.3,0,0,0
2026-09-11 21:45:00,137.3,24,79,35.4,0,0,0
2026-09-11 21:50:00,140.2,20,81,36.9,0,0,0
2026-09-11 21:55:00,145.4,45,80,37.2,0,0,0
2026-09-11 22:00:00,141.5,15,81,38.2,0,82,75
2026-09-11 22:05:00,145.7,20,83,34.6,0,0,0
2026-09-11 22:10:00,154.1,76,87,37.6,0,0,0
2026-09-11 22:15:00,155.2,430,108,37.0,0,0,0
2026-09-11 22:20:00,158.0,430,105,38.3,0,0,0
2026-09-11 22:25:00,160.4,25,82,37.2,0,0,0
2026-09-11 22:30:00,159.2,20,82,34.7,0,0,0
2026-09-11 22:35:00,157.1,39,81,35.5,0,0,0
2026-09-11 22:40:00,159.8,23,80,37.9,0,0,0
2026-09-11 22:45:00,158.4,18,82,32.8,0,0,0
2026-09-11 22:50:00,160.4,15,77,38.5,0,0,0
2026-09-11 22:55:00,158.4,42,79,35.3,0,0,0
2026-09-11 23:00:00,155.2,18,81,34.1,0,0,0
2026-09-11 23:05:00,153.6,26,81,39.1,0,0,0
2026-09-11 23:10:00,152.9,17,76,38.6,0,0,0
2026-09-11 23:15:00,153.8,19,81,37.5,0,0,0
2026-09-11 23:20:00,153.9,24,79,35.3,0,0,0
2026-09-11 23:25:00,150.0,44,86,35.9,0,0,0
2026-09-11 23:30:00,147.7,22,81,34.1,0,0,0
2026-09-11 23:35:00,144.5,32,82,36.2,0,0,0
2026-09-11 23:40:00,147.3,24,83,34.1,0,0,0
2026-09-11 23:45:00,143.3,18,77,36.9,0,0,0
2026-09-11 23:50:00,146.6,23,80,35.4,0,0,0
2026-09-11 23:55:00,148.6,18,81,37.2,0,0,0
2026-09-12 00:00:00,148.2,16,78,35.0,0,0,0
2026-09-12 00:05:00,146.4,7,80,36.0,0,0,0
2026-09-12 00:10:00,141.4,19,79,34.0,0,0,0
2026-09-12 00:15:00,140.7,35,84,34.5,0,0,0
2026-09-12 00:20:00,139.6,12,78,35.1,0,0,0
2026-09-12 00:25:00,138.6,16,79,35.7,0,0,0
2026-09-12 00:30:00,131.3,24,78,34.0,0,0,0
2026-09-12 00:35:00,132.9,18,78,35.8,0,0,0
2026-09-12 00:40:00,136.8,30,83,34.9,0,0,0
2026-09-12 00:45:00,139.0,23,81,37.8,0,0,0
2026-09-12 00:50:00,137.7,18,82,36.9,0,0,0
2026-09-12 00:55:00,140.8,33,79,35.6,0,0,0
2026-09-12 01:00:00,135.4,11,78,34.7,0,0,0
2026-09-12 01:05:00,133.4,0,72,56.5,1,0,0
2026-09-12 01:10:00,131.9,0,73,57.9,1,0,0
2026-09-12 01:15:00,132.2,1,70,58.4,1,0,0
2026-09-12 01:20:00,130.0,2,73,57.2,1,0,0
2026-09-12 01:25:00,130.2,1,70,57.6,1,0,0
2026-09-12 01:30:00,128.4,0,73,56.9,1,0,0
2026-09-12 01:35:00,128.5,0,73,59.3,1,0,0
2026-09-12 01:40:00,128.6,0,67,60.1,1,0,0
2026-09-12 01:45:00,125.5,0,70,55.9,1,0,0
2026-09-12 01:50:00,120.8,0,68,55.0,1,0,0
2026-09-12 01:55:00,122.4,0,70,55.6,1,0,0
2026-09-12 02:00:00,122.2,0,72,59.5,1,0,0
2026-09-12 02:05:00,122.8,0,66,59.4,1,0,0
2026-09-12 02:10:00,120.6,0,67,56.9,1,0,0
2026-09-12 02:15:00,116.7,1,71,55.8,1,0,0
2026-09-12 02:20:00,114.9,0,73,55.1,1,0,0
2026-09-12 02:25:00,113.0,0,72,56.7,1,0,0
2026-09-12 02:30:00,116.2,0,70,56.3,1,0,0
2026-09-12 02:35:00,117.1,1,71,58.0,1,0,0
2026-09-12 02:40:00,116.4,1,72,59.2,1,0,0
2026-09-12 02:45:00,121.4,0,70,55.3,1,0,0
2026-09-12 02:50:00,122.6,1,70,55.5,1,0,0
2026-09-12 02:55:00,125.4,0,71,56.1,1,0,0
2026-09-12 03:00:00,128.8,0,71,56.0,1,0,0
2026-09-12 03:05:00,127.1,0,75,56.0,1,0,0
2026-09-12 03:10:00,129.7,0,75,61.2,1,0,0
2026-09-12 03:15:00,125.9,0,68,55.6,1,0,0
2026-09-12 03:20:00,130.7,1,72,59.5,1,0,0
2026-09-12 03:25:00,129.8,0,69,58.6,1,0,0
2026-09-12 03:30:00,128.8,0,67,57.6,1,0,0
2026-09-12 03:35:00,126.1,0,67,58.6,1,0,0
2026-09-12 03:40:00,125.4,0,68,57.8,1,0,0
2026-09-12 03:45:00,124.3,0,71,55.5,1,0,0
2026-09-12 03:50:00,125.0,0,68,59.0,1,0,0
2026-09-12 03:55:00,122.8,0,70,60.0,1,0,0
2026-09-12 04:00:00,138.8,2,66,58.2,1,0,0
2026-09-12 04:05:00,138.4,0,71,59.4,1,0,0
2026-09-12 04:10:00,140.0,0,69,59.7,1,0,0
2026-09-12 04:15:00,141.2,1,72,57.7,1,0,0
2026-09-12 04:20:00,141.0,2,70,61.1,1,0,0
2026-09-12 04:25:00,144.5,0,69,57.8,1,0,0
2026-09-12 04:30:00,147.0,0,72,57.5,1,0,0
2026-09-12 04:35:00,145.9,1,70,55.9,1,0,0
2026-09-12 04:40:00,146.9,0,73,56.6,1,0,0
2026-09-12 04:45:00,149.2,2,69,59.7,1,0,0
2026-09-12 04:50:00,150.7,0,73,58.1,1,0,0
2026-09-12 04:55:00,154.9,0,74,56.8,1,0,0
2026-09-12 05:00:00,156.7,0,69,56.4,1,0,0
2026-09-12 05:05:00,157.8,2,70,60.1,1,0,0
2026-09-12 05:10:00,159.0,1,71,54.4,1,0,0
2026-09-12 05:15:00,159.9,0,71,55.2,1,0,0
2026-09-12 05:20:00,160.0,1,73,61.6,1,0,0
2026-09-12 05:25:00,161.8,0,69,60.1,1,0,0
2026-09-12 05:30:00,160.0,1,73,57.1,1,0,0
2026-09-12 05:35:00,159.6,0,68,57.8,1,0,0
2026-09-12 05:40:00,160.9,0,68,58.2,1,0,0
2026-09-12 05:45:00,163.6,0,70,55.3,1,0,0
2026-09-12 05:50:00,162.4,0,72,60.3,1,0,0
2026-09-12 05:55:00,162.8,0,69,59.5,1,0,0
2026-09-12 06:00:00,160.9,0,70,56.3,1,0,0
2026-09-12 06:05:00,160.8,1,69,57.8,1,0,0
2026-09-12 06:10:00,159.6,0,68,56.3,1,0,0
2026-09-12 06:15:00,160.2,0,73,52.8,1,0,0
2026-09-12 06:20:00,157.9,0,75,57.6,1,0,0
2026-09-12 06:25:00,158.5,1,72,58.0,1,0,0
2026-09-12 06:30:00,156.3,0,69,59.9,1,0,0
2026-09-12 06:35:00,158.1,0,69,57.0,1,0,0
2026-09-12 06:40:00,156.9,0,70,55.7,1,0,0
2026-09-12 06:45:00,154.5,29,81,35.9,0,0,0
2026-09-12 06:50:00,154.9,35,84,33.4,0,0,0
2026-09-12 06:55:00,154.4,13,77,34.4,0,0,0
2026-09-12 07:00:00,155.9,32,80,33.6,0,0,0
2026-09-12 07:05:00,153.5,31,79,34.0,0,0,0
2026-09-12 07:10:00,153.5,39,79,35.2,0,0,0
2026-09-12 07:15:00,156.3,47,77,36.4,0,0,0
2026-09-12 07:20:00,155.8,27,77,34.9,0,0,0
2026-09-12 07:25:00,156.5,8,79,36.2,0,0,0
2026-09-12 07:30:00,156.7,77,87,36.8,0,58,70
2026-09-12 07:35:00,161.8,8,83,38.0,0,0,0
2026-09-12 07:40:00,161.8,25,83,38.4,0,0,0
2026-09-12 07:45:00,168.4,428,105,34.6,0,0,0
2026-09-12 07:50:00,169.4,433,107,33.4,0,0,0
2026-09-12 07:55:00,168.9,20,82,36.1,0,0,0
2026-09-12 08:00:00,164.2,19,81,33.3,0,0,0
2026-09-12 08:05:00,166.8,16,79,35.0,0,0,0
2026-09-12 08:10:00,166.8,20,83,33.0,0,0,0
2026-09-12 08:15:00,161.6,44,82,36.6,0,0,0
2026-09-12 08:20:00,161.9,16,79,37.2,0,0,0
2026-09-12 08:25:00,160.3,24,81,35.2,0,0,0
2026-09-12 08:30:00,162.9,26,80,35.2,0,0,0
2026-09-12 08:35:00,158.7,12,79,37.2,0,0,0
2026-09-12 08:40:00,158.7,9,80,35.1,0,0,0
2026-09-12 08:45:00,154.6,19,79,36.3,0,0,0
2026-09-12 08:50:00,155.5,22,79,36.8,0,0,0
2026-09-12 08:55:00,153.7,23,75,35.4,0,0,0
2026-09-12 09:00:00,149.5,8,79,38.6,0,0,0
2026-09-12 09:05:00,146.4,13,78,35.7,0,0,0
2026-09-12 09:10:00,145.1,34,77,35.0,0,0,0
2026-09-12 09:15:00,143.0,13,75,34.3,0,0,0
2026-09-12 09:20:00,142.9,25,84,34.6,0,0,0
2026-09-12 09:25:00,140.2,17,79,30.6,0,0,0
2026-09-12 09:30:00,138.5,9,80,33.3,0,0,0
2026-09-12 09:35:00,138.4,32,80,34.8,0,0,0
2026-09-12 09:40:00,140.3,30,79,35.2,0,0,0
2026-09-12 09:45:00,142.1,30,79,39.4,0,0,0
2026-09-12 09:50:00,138.1,26,80,35.8,0,0,0
2026-09-12 09:55:00,136.8,20,80,36.0,0,0,0
2026-09-12 10:00:00,134.6,21,81,34.5,0,0,0
2026-09-12 10:05:00,134.4,31,77,38.1,0,0,0
2026-09-12 10:10:00,133.1,30,79,38.0,0,0,0
2026-09-12 10:15:00,130.4,19,81,33.7,0,0,0
2026-09-12 10:20:00,127.9,9,77,34.6,0,0,0
2026-09-12 10:25:00,127.8,26,81,36.1,0,0,0
2026-09-12 10:30:00,126.7,21,76,35.1,0,0,0
2026-09-12 10:35:00,128.5,19,82,33.8,0,0,0
2026-09-12 10:40:00,130.0,11,79,34.9,0,0,0
2026-09-12 10:45:00,128.8,14,82,35.2,0,0,0
2026-09-12 10:50:00,130.8,18,82,33.0,0,0,0
2026-09-12 10:55:00,128.2,23,79,35.7,0,0,0
2026-09-12 11:00:00,127.3,21,78,35.7,0,0,0
2026-09-12 11:05:00,126.8,40,86,33.9,0,0,0
2026-09-12 11:10:00,125.6,17,80,35.8,0,0,0
2026-09-12 11:15:00,126.4,26,79,35.9,0,0,0
2026-09-12 11:20:00,130.4,5,78,37.5,0,0,0
2026-09-12 11:25:00,128.8,27,80,34.4,0,0,0
2026-09-12 11:30:00,131.4,23,78,36.8,0,0,0
2026-09-12 11:35:00,132.9,404,103,36.1,0,0,0
2026-09-12 11:40:00,133.5,421,101,35.4,0,0,0
2026-09-12 11:45:00,132.7,412,101,34.6,0,0,0
2026-09-12 11:50:00,133.5,403,102,32.6,0,0,0
2026-09-12 11:55:00,132.8,24,79,37.6,0,0,0
2026-09-12 12:00:00,132.5,13,77,36.6,0,0,0
2026-09-12 12:05:00,130.5,14,78,40.0,0,0,0
2026-09-12 12:10:00,129.6,13,77,34.7,0,0,0
2026-09-12 12:15:00,131.4,22,78,35.8,0,0,0
2026-09-12 12:20:00,132.2,26,78,39.0,0,0,0
2026-09-12 12:25:00,135.5,33,78,33.7,0,0,0
2026-09-12 12:30:00,133.9,13,78,37.8,0,0,0
2026-09-12 12:35:00,134.3,24,84,35.3,0,0,0
2026-09-12 12:40:00,130.5,41,85,39.7,0,96,75
2026-09-12 12:45:00,143.5,27,85,33.6,0,0,0
2026-09-12 12:50:00,151.9,43,83,33.8,0,0,0
2026-09-12 12:55:00,158.2,13,79,37.3,0,0,0
2026-09-12 13:00:00,162.4,15,81,38.8,0,0,0
2026-09-12 13:05:00,168.5,11,82,36.4,0,0,0
2026-09-12 13:10:00,171.6,23,81,37.1,0,0,0
2026-09-12 13:15:00,173.8,24,73,32.5,0,0,0
2026-09-12 13:20:00,172.2,31,81,32.5,0,0,0
2026-09-12 13:25:00,175.4,20,77,33.5,0,0,0
2026-09-12 13:30:00,183.7,12,79,36.8,0,0,0
2026-09-12 13:35:00,179.4,19,78,34.3,0,0,0
2026-09-12 13:40:00,175.4,19,82,34.5,0,0,0
2026-09-12 13:45:00,170.8,24,81,37.9,0,0,0
2026-09-12 13:50:00,167.0,23,79,32.2,0,0,0
2026-09-12 13:55:00,161.3,38,75,35.2,0,0,0
2026-09-12 14:00:00,158.6,42,80,37.5,0,0,0
2026-09-12 14:05:00,153.9,39,79,36.7,0,0,0
2026-09-12 14:10:00,150.4,32,77,35.4,0,0,0
2026-09-12 14:15:00,145.6,22,80,37.5,0,0,0
2026-09-12 14:20:00,143.5,26,79,36.3,0,0,0
2026-09-12 14:25:00,141.9,28,82,34.6,0,0,0
2026-09-12 14:30:00,139.7,27,82,33.7,0,0,0
2026-09-12 14:35:00,135.8,38,83,37.6,0,0,0
2026-09-12 14:40:00,135.9,18,80,40.0,0,0,0
2026-09-12 14:45:00,133.5,20,81,34.9,0,0,0
2026-09-12 14:50:00,133.1,18,78,36.2,0,0,0
2026-09-12 14:55:00,131.0,18,79,31.4,0,0,0
2026-09-12 15:00:00,133.8,17,78,37.0,0,0,0
2026-09-12 15:05:00,132.5,69,82,33.6,0,0,0
2026-09-12 15:10:00,129.3,7,77,34.7,0,0,0
2026-09-12 15:15:00,125.7,24,77,37.8,0,0,0
2026-09-12 15:20:00,124.7,27,80,33.1,0,0,0
2026-09-12 15:25:00,124.1,38,81,36.4,0,0,0
2026-09-12 15:30:00,125.5,8,76,35.0,0,0,0
2026-09-12 15:35:00,121.5,17,83,35.2,0,0,0
2026-09-12 15:40:00,120.8,26,79,34.9,0,0,0
2026-09-12 15:45:00,120.1,13,77,34.8,0,0,0
2026-09-12 15:50:00,118.8,34,86,33.8,0,0,0
2026-09-12 15:55:00,115.5,20,81,33.9,0,0,0
2026-09-12 16:00:00,113.6,11,76,39.0,0,0,0
2026-09-12 16:05:00,117.0,44,78,38.0,0,0,0
2026-09-12 16:10:00,119.0,16,80,34.7,0,0,0
2026-09-12 16:15:00,120.9,27,77,37.2,0,0,0
2026-09-12 16:20:00,120.2,18,81,35.3,0,0,0
2026-09-12 16:25:00,120.3,46,80,32.4,0,0,0
2026-09-12 16:30:00,120.7,46,78,36.7,0,0,0
2026-09-12 16:35:00,120.8,50,85,33.7,0,0,0
2026-09-12 16:40:00,120.7,22,80,38.1,0,0,0
2026-09-12 16:45:00,120.9,47,81,37.9,0,0,0
2026-09-12 16:50:00,121.5,23,81,35.2,0,0,0
2026-09-12 16:55:00,120.2,9,79,37.4,0,0,0
2026-09-12 17:00:00,122.0,16,78,35.4,0,0,0
2026-09-12 17:05:00,121.0,11,79,32.6,0,0,0
2026-09-12 17:10:00,125.8,8,82,37.4,0,0,0
2026-09-12 17:15:00,125.4,13,79,36.0,0,0,0
2026-09-12 17:20:00,126.9,37,85,36.1,0,40,80
2026-09-12 17:25:00,130.8,25,79,33.9,0,0,0
2026-09-12 17:30:00,131.1,22,81,36.6,0,0,0
2026-09-12 17:35:00,131.8,537,116,38.0,0,0,0
2026-09-12 17:40:00,137.4,508,111,38.2,0,0,0
2026-09-12 17:45:00,141.5,13,81,34.5,0,0,0
2026-09-12 17:50:00,141.3,49,84,31.2,0,0,0
2026-09-12 17:55:00,142.3,34,79,37.4,0,0,0
2026-09-12 18:00:00,142.1,18,77,37.4,0,0,0
2026-09-12 18:05:00,143.3,22,79,34.4,0,0,0
2026-09-12 18:10:00,141.9,44,81,35.9,0,0,0
2026-09-12 18:15:00,136.4,23,80,34.8,0,0,0
2026-09-12 18:20:00,134.5,463,104,34.6,0,0,0
2026-09-12 18:25:00,134.1,468,105,34.7,0,0,0
2026-09-12 18:30:00,131.4,455,107,32.0,0,0,0
2026-09-12 18:35:00,131.6,26,80,33.3,0,0,0
2026-09-12 18:40:00,148.2,13,76,35.3,0,0,0
2026-09-12 18:45:00,149.2,17,78,36.1,0,0,0
2026-09-12 18:50:00,143.7,18,82,33.7,0,0,0
2026-09-12 18:55:00,143.4,30,78,35.3,0,0,0
2026-09-12 19:00:00,142.6,20,79,37.1,0,0,0
2026-09-12 19:05:00,143.8,35,78,35.3,0,0,0
2026-09-12 19:10:00,144.3,46,79,37.9,0,0,0
2026-09-12 19:15:00,138.2,26,79,36.8,0,0,0
2026-09-12 19:20:00,137.3,13,78,33.1,0,0,0
2026-09-12 19:25:00,137.4,33,81,33.2,0,0,0
2026-09-12 19:30:00,136.3,20,77,32.9,0,0,0
2026-09-12 19:35:00,133.6,31,80,32.9,0,0,0
2026-09-12 19:40:00,133.9,10,80,34.3,0,0,0
2026-09-12 19:45:00,135.1,12,74,34.1,0,0,0
2026-09-12 19:50:00,134.4,25,81,32.9,0,0,0
2026-09-12 19:55:00,131.3,14,80,33.6,0,0,0
2026-09-12 20:00:00,132.0,19,83,36.6,0,0,0
2026-09-12 20:05:00,128.5,21,79,37.2,0,0,0
2026-09-12 20:10:00,127.4,20,82,36.0,0,0,0
2026-09-12 20:15:00,128.9,22,81,32.8,0,0,0
2026-09-12 20:20:00,129.3,19,77,34.2,0,0,0
2026-09-12 20:25:00,131.2,20,77,35.9,0,0,0
2026-09-12 20:30:00,133.7,34,81,33.8,0,0,0
2026-09-12 20:35:00,138.4,16,79,36.2,0,0,0
2026-09-12 20:40:00,139.1,11,79,36.4,0,0,0
2026-09-12 20:45:00,136.7,22,78,35.2,0,0,0
2026-09-12 20:50:00,134.3,28,80,36.1,0,0,0
2026-09-12 20:55:00,134.0,13,75,33.7,0,0,0
2026-09-12 21:00:00,137.2,15,78,34.4,0,0,0
2026-09-12 21:05:00,132.5,32,80,32.8,0,0,0
2026-09-12 21:10:00,132.6,25,79,36.6,0,0,0
2026-09-12 21:15:00,131.5,31,86,37.2,0,0,0
2026-09-12 21:20:00,132.6,38,84,32.9,0,64,55
2026-09-12 21:25:00,136.5,29,84,35.3,0,0,0
2026-09-12 21:30:00,139.2,31,82,39.3,0,0,0
2026-09-12 21:35:00,142.5,23,85,35.5,0,0,0
2026-09-12 21:40:00,141.2,20,83,36.2,0,0,0
2026-09-12 21:45:00,147.9,35,82,36.6,0,0,0
2026-09-12 21:50:00,150.7,16,78,31.3,0,0,0
2026-09-12 21:55:00,150.9,18,82,35.1,0,0,0
2026-09-12 22:00:00,149.6,47,84,33.4,0,0,0
2026-09-12 22:05:00,149.0,16,78,37.1,0,0,0
2026-09-12 22:10:00,148.7,6,76,34.1,0,0,0
2026-09-12 22:15:00,147.8,22,77,33.4,0,0,0
2026-09-12 22:20:00,147.5,22,78,36.6,0,0,0
2026-09-12 22:25:00,148.0,25,79,37.0,0,0,0
2026-09-12 22:30:00,147.5,45,80,37.9,0,0,0
2026-09-12 22:35:00,149.1,30,80,28.3,0,0,0
2026-09-12 22:40:00,147.7,24,81,34.3,0,0,0
2026-09-12 22:45:00,141.6,13,80,38.3,0,0,0
2026-09-12 22:50:00,140.4,15,79,32.7,0,0,0
2026-09-12 22:55:00,144.7,28,83,35.0,0,0,0
2026-09-12 23:00:00,144.6,15,81,33.1,0,0,0
2026-09-12 23:05:00,141.6,30,80,33.2,0,0,0
2026-09-12 23:10:00,139.9,22,79,33.1,0,0,0
2026-09-12 23:15:00,137.0,27,85,34.7,0,0,0
2026-09-12 23:20:00,145.1,14,78,34.2,0,0,0
2026-09-12 23:25:00,140.1,9,78,32.0,0,0,0
2026-09-12 23:30:00,141.1,19,77,36.7,0,0,0
2026-09-12 23:35:00,141.1,0,67,54.6,1,0,0
2026-09-12 23:40:00,138.9,0,74,57.9,1,0,0
2026-09-12 23:45:00,136.4,0,71,60.0,1,0,0
2026-09-12 23:50:00,138.3,0,71,57.3,1,0,0
2026-09-12 23:55:00,133.3,0,73,57.3,1,0,0
2026-09-13 00:00:00,138.8,0,72,54.1,1,0,0
2026-09-13 00:05:00,137.3,1,68,55.6,1,0,0
2026-09-13 00:10:00,134.9,0,68,54.7,1,0,0
2026-09-13 00:15:00,134.8,0,71,50.6,1,0,0
2026-09-13 00:20:00,133.2,0,69,55.2,1,0,0
2026-09-13 00:25:00,131.1,0,71,55.4,1,0,0
2026-09-13 00:30:00,133.7,0,74,55.4,1,0,0
2026-09-13 00:35:00,135.9,3,74,55.9,1,0,0
2026-09-13 00:40:00,135.5,0,68,52.3,1,0,0
2026-09-13 00:45:00,134.2,0,67,54.1,1,0,0
2026-09-13 00:50:00,136.2,1,73,55.4,1,0,0
2026-09-13 00:55:00,136.5,0,69,52.8,1,0,0
2026-09-13 01:00:00,135.2,0,72,50.9,1,0,0
2026-09-13 01:05:00,133.4,0,72,54.3,1,0,0
2026-09-13 01:10:00,135.5,0,70,56.1,1,0,0
2026-09-13 01:15:00,136.4,0,71,53.9,1,0,0
2026-09-13 01:20:00,137.2,0,69,57.0,1,0,0
2026-09-13 01:25:00,136.6,0,70,54.7,1,0,0
2026-09-13 01:30:00,135.8,0,72,57.3,1,0,0
2026-09-13 01:35:00,132.5,0,66,55.5,1,0,0
2026-09-13 01:40:00,133.3,1,70,53.0,1,0,0
2026-09-13 01:45:00,135.0,0,75,56.4,1,0,0
2026-09-13 01:50:00,136.7,0,74,55.0,1,0,0
2026-09-13 01:55:00,133.9,0,68,59.4,1,0,0
2026-09-13 02:00:00,131.1,2,70,56.5,1,0,0
2026-09-13 02:05:00,133.0,0,71,56.0,1,0,0
2026-09-13 02:10:00,132.9,1,71,57.7,1,0,0
2026-09-13 02:15:00,133.9,2,67,51.9,1,0,0
2026-09-13 02:20:00,138.3,0,70,55.2,1,0,0
2026-09-13 02:25:00,137.4,0,71,54.5,1,0,0
2026-09-13 02:30:00,139.9,0,71,54.4,1,0,0
2026-09-13 02:35:00,139.0,0,68,57.8,1,0,0
2026-09-13 02:40:00,138.6,0,69,54.6,1,0,0
2026-09-13 02:45:00,136.9,0,67,57.9,1,0,0
2026-09-13 02:50:00,132.8,2,67,54.8,1,0,0
2026-09-13 02:55:00,132.8,0,67,52.7,1,0,0
2026-09-13 03:00:00,133.7,1,70,59.1,1,0,0
2026-09-13 03:05:00,133.6,0,69,54.3,1,0,0
2026-09-13 03:10:00,133.5,1,71,55.2,1,0,0
2026-09-13 03:15:00,134.9,0,72,54.8,1,0,0
2026-09-13 03:20:00,145.7,0,65,53.5,1,0,0
2026-09-13 03:25:00,145.5,0,67,53.4,1,0,0
2026-09-13 03:30:00,149.3,0,69,53.7,1,0,0
2026-09-13 03:35:00,150.1,0,70,57.5,1,0,0
2026-09-13 03:40:00,148.5,1,66,57.0,1,0,0
2026-09-13 03:45:00,149.3,0,72,55.9,1,0,0
2026-09-13 03:50:00,149.8,0,68,60.8,1,0,0
2026-09-13 03:55:00,149.9,0,69,57.4,1,0,0
2026-09-13 04:00:00,148.5,0,70,55.7,1,0,0
2026-09-13 04:05:00,151.6,0,70,55.7,1,0,0
2026-09-13 04:10:00,151.2,1,71,56.2,1,0,0
2026-09-13 04:15:00,151.8,0,69,55.3,1,0,0
2026-09-13 04:20:00,151.7,0,66,51.8,1,0,0
2026-09-13 04:25:00,155.8,0,69,56.8,1,0,0
2026-09-13 04:30:00,159.6,0,69,53.7,1,0,0
2026-09-13 04:35:00,163.0,0,72,55.9,1,0,0
2026-09-13 04:40:00,163.0,0,69,58.0,1,0,0
2026-09-13 04:45:00,163.1,1,69,54.7,1,0,0
2026-09-13 04:50:00,161.3,0,72,57.5,1,0,0
2026-09-13 04:55:00,163.8,0,72,55.8,1,0,0
2026-09-13 05:00:00,164.9,1,70,56.2,1,0,0
2026-09-13 05:05:00,167.4,0,70,56.2,1,0,0
2026-09-13 05:10:00,163.8,0,71,52.8,1,0,0
2026-09-13 05:15:00,163.5,0,74,55.2,1,0,0
2026-09-13 05:20:00,162.4,0,67,55.7,1,0,0
2026-09-13 05:25:00,162.6,0,69,54.2,1,0,0
2026-09-13 05:30:00,164.8,0,71,52.6,1,0,0
2026-09-13 05:35:00,161.0,0,71,54.4,1,0,0
2026-09-13 05:40:00,159.3,0,73,56.8,1,0,0
2026-09-13 05:45:00,160.7,0,66,57.3,1,0,0
2026-09-13 05:50:00,162.2,0,69,55.8,1,0,0
2026-09-13 05:55:00,158.5,0,69,55.7,1,0,0
2026-09-13 06:00:00,157.8,1,72,56.1,1,0,0
2026-09-13 06:05:00,158.7,0,69,56.3,1,0,0
2026-09-13 06:10:00,163.1,0,68,56.9,1,0,0
2026-09-13 06:15:00,159.0,1,71,55.4,1,0,0
2026-09-13 06:20:00,154.7,0,68,54.6,1,0,0
2026-09-13 06:25:00,154.7,0,69,53.1,1,0,0
2026-09-13 06:30:00,153.0,1,69,55.5,1,0,0
2026-09-13 06:35:00,154.8,0,70,53.7,1,0,0
2026-09-13 06:40:00,157.3,13,79,33.1,0,0,0
2026-09-13 06:45:00,155.5,38,82,36.9,0,0,0
2026-09-13 06:50:00,157.0,13,77,30.9,0,0,0
2026-09-13 06:55:00,155.2,15,80,37.7,0,0,0
2026-09-13 07:00:00,154.2,21,77,32.1,0,0,0
2026-09-13 07:05:00,156.1,36,80,31.7,0,0,0
2026-09-13 07:10:00,153.4,22,82,35.8,0,0,0
2026-09-13 07:15:00,155.9,28,78,34.2,0,0,0
2026-09-13 07:20:00,154.0,9,80,33.3,0,0,0
2026-09-13 07:25:00,152.2,7,80,35.6,0,56,70
2026-09-13 07:30:00,156.7,31,85,35.6,0,0,0
2026-09-13 07:35:00,158.4,17,82,34.4,0,0,0
2026-09-13 07:40:00,163.7,22,86,37.7,0,0,0
2026-09-13 07:45:00,167.0,6,84,34.7,0,0,0
2026-09-13 07:50:00,170.1,27,85,34.6,0,0,0
2026-09-13 07:55:00,171.8,20,79,33.7,0,0,0
2026-09-13 08:00:00,170.0,28,78,36.4,0,0,0
2026-09-13 08:05:00,168.1,24,80,32.5,0,0,0
2026-09-13 08:10:00,163.7,27,77,36.5,0,0,0
2026-09-13 08:15:00,161.5,33,80,30.8,0,0,0
2026-09-13 08:20:00,159.7,35,80,33.4,0,0,0
2026-09-13 08:25:00,156.2,13,80,32.6,0,0,0
2026-09-13 08:30:00,154.5,18,80,35.3,0,0,0
2026-09-13 08:35:00,153.7,11,80,33.8,0,0,0
2026-09-13 08:40:00,152.7,17,78,36.8,0,0,0
2026-09-13 08:45:00,151.3,22,77,33.3,0,0,0
2026-09-13 08:50:00,152.5,31,81,31.5,0,0,0
2026-09-13 08:55:00,148.4,31,82,33.4,0,0,0
2026-09-13 09:00:00,146.2,16,77,34.1,0,0,0
2026-09-13 09:05:00,144.4,15,79,30.4,0,0,0
2026-09-13 09:10:00,140.8,17,77,33.4,0,0,0
2026-09-13 09:15:00,140.4,9,80,32.5,0,0,0
2026-09-13 09:20:00,141.0,26,80,32.6,0,0,0
2026-09-13 09:25:00,143.7,10,79,32.7,0,0,0
2026-09-13 09:30:00,144.1,19,81,31.9,0,0,0
2026-09-13 09:35:00,141.0,13,77,33.1,0,0,0
2026-09-13 09:40:00,141.9,29,78,33.0,0,0,0
2026-09-13 09:45:00,139.9,22,81,32.1,0,0,0
2026-09-13 09:50:00,140.5,22,80,33.1,0,0,0
2026-09-13 09:55:00,139.3,21,79,34.9,0,0,0
2026-09-13 10:00:00,140.5,29,80,32.9,0,0,0
2026-09-13 10:05:00,139.2,54,85,37.5,0,0,0
2026-09-13 10:10:00,136.8,13,79,34.5,0,0,0
2026-09-13 10:15:00,136.8,28,81,30.7,0,0,0
2026-09-13 10:20:00,140.2,16,81,31.1,0,0,0
2026-09-13 10:25:00,140.2,19,75,32.6,0,0,0
2026-09-13 10:30:00,141.0,25,80,31.5,0,0,0
2026-09-13 10:35:00,139.7,18,82,36.1,0,0,0
2026-09-13 10:40:00,143.7,54,80,35.6,0,0,0
2026-09-13 10:45:00,146.1,10,75,35.7,0,0,0
2026-09-13 10:50:00,145.9,21,78,33.5,0,0,0
2026-09-13 10:55:00,144.8,17,79,31.5,0,0,0
2026-09-13 11:00:00,142.7,21,80,36.2,0,0,0
2026-09-13 11:05:00,141.2,14,78,33.7,0,0,0
2026-09-13 11:10:00,137.6,23,80,33.7,0,0,0
2026-09-13 11:15:00,140.5,13,78,33.4,0,0,0
2026-09-13 11:20:00,140.7,11,79,35.2,0,0,0
2026-09-13 11:25:00,139.5,15,81,34.2,0,0,0
2026-09-13 11:30:00,141.8,16,76,37.4,0,0,0
2026-09-13 11:35:00,141.2,28,81,34.3,0,0,0
2026-09-13 11:40:00,142.1,19,78,33.6,0,0,0
2026-09-13 11:45:00,142.8,15,76,35.7,0,0,0
2026-09-13 11:50:00,143.7,8,80,34.8,0,0,0
2026-09-13 11:55:00,142.5,25,82,34.9,0,0,0
2026-09-13 12:00:00,140.6,62,80,33.9,0,0,0
2026-09-13 12:05:00,140.6,23,80,35.5,0,0,0
2026-09-13 12:10:00,142.0,29,79,32.7,0,0,0
2026-09-13 12:15:00,142.8,22,75,30.7,0,0,0
2026-09-13 12:20:00,145.9,33,79,33.2,0,0,0
2026-09-13 12:25:00,147.7,23,83,33.9,0,0,0
2026-09-13 12:30:00,145.5,48,80,32.4,0,0,0
2026-09-13 12:35:00,144.1,27,76,34.0,0,0,0
2026-09-13 12:40:00,142.3,22,77,35.0,0,0,0
2026-09-13 12:45:00,146.2,21,80,33.5,0,0,0
2026-09-13 12:50:00,147.6,11,76,34.3,0,0,0
2026-09-13 12:55:00,145.1,26,80,30.4,0,0,0
2026-09-13 13:00:00,145.9,9,82,33.5,0,0,0
2026-09-13 13:05:00,143.4,51,83,40.2,0,0,0
2026-09-13 13:10:00,145.2,26,79,33.0,0,0,0
2026-09-13 13:15:00,148.5,9,85,32.7,0,95,75
2026-09-13 13:20:00,153.0,20,80,33.9,0,0,0
2026-09-13 13:25:00,171.6,46,84,35.2,0,0,0
2026-09-13 13:30:00,173.3,417,103,33.5,0,0,0
2026-09-13 13:35:00,175.5,420,104,31.6,0,0,0
2026-09-13 13:40:00,175.7,23,81,34.1,0,0,0
2026-09-13 13:45:00,179.9,50,79,34.5,0,0,0
2026-09-13 13:50:00,181.0,34,83,31.5,0,0,0
2026-09-13 13:55:00,181.7,40,82,33.8,0,0,0
2026-09-13 14:00:00,181.2,56,79,35.9,0,0,0
2026-09-13 14:05:00,180.6,35,82,34.3,0,0,0
2026-09-13 14:10:00,173.5,65,82,37.3,0,0,0
2026-09-13 14:15:00,171.4,27,80,33.1,0,0,0
2026-09-13 14:20:00,166.4,11,76,34.2,0,0,0
2026-09-13 14:25:00,160.4,52,81,32.3,0,0,0
2026-09-13 14:30:00,156.2,30,80,31.8,0,0,0
2026-09-13 14:35:00,154.4,23,76,32.2,0,0,0
2026-09-13 14:40:00,151.7,14,73,35.7,0,0,0
2026-09-13 14:45:00,152.3,17,79,32.4,0,0,0
2026-09-13 14:50:00,150.9,15,81,33.5,0,0,0
2026-09-13 14:55:00,145.3,16,84,35.3,0,0,0
2026-09-13 15:00:00,141.1,10,79,32.9,0,0,0
2026-09-13 15:05:00,140.9,35,82,34.4,0,0,0
2026-09-13 15:10:00,135.5,26,78,32.3,0,0,0
2026-09-13 15:15:00,137.2,41,82,33.9,0,0,0
2026-09-13 15:20:00,135.2,34,79,35.0,0,0,0
2026-09-13 15:25:00,137.1,33,76,34.7,0,0,0
2026-09-13 15:30:00,134.9,10,82,35.8,0,0,0
2026-09-13 15:35:00,133.3,15,77,32.4,0,0,0
2026-09-13 15:40:00,134.6,15,83,36.3,0,0,0
2026-09-13 15:45:00,133.7,49,77,35.5,0,0,0
2026-09-13 15:50:00,128.0,14,72,37.4,0,0,0
2026-09-13 15:55:00,128.8,14,83,37.7,0,0,0
2026-09-13 16:00:00,126.8,28,78,37.3,0,0,0
2026-09-13 16:05:00,127.1,20,82,32.8,0,0,0
2026-09-13 16:10:00,126.2,27,80,31.3,0,0,0
2026-09-13 16:15:00,123.4,16,78,31.5,0,0,0
2026-09-13 16:20:00,120.6,30,80,32.3,0,0,0
2026-09-13 16:25:00,121.2,16,77,35.3,0,0,0
2026-09-13 16:30:00,121.3,19,77,35.4,0,0,0
2026-09-13 16:35:00,121.0,14,79,33.3,0,0,0
2026-09-13 16:40:00,120.9,15,79,34.1,0,0,0
2026-09-13 16:45:00,119.7,39,77,34.0,0,0,0
2026-09-13 16:50:00,120.0,33,78,32.0,0,0,0
2026-09-13 16:55:00,120.4,23,79,32.2,0,0,0
2026-09-13 17:00:00,120.5,16,82,29.9,0,0,0
2026-09-13 17:05:00,124.8,27,81,33.6,0,0,0
2026-09-13 17:10:00,120.7,21,79,36.8,0,0,0
2026-09-13 17:15:00,119.6,46,82,31.6,0,51,80
2026-09-13 17:20:00,124.9,24,83,36.4,0,0,0
2026-09-13 17:25:00,128.8,45,81,34.4,0,0,0
2026-09-13 17:30:00,132.5,36,84,35.9,0,0,0
2026-09-13 17:35:00,135.2,65,85,30.5,0,0,0
2026-09-13 17:40:00,135.1,375,103,33.8,0,0,0
2026-09-13 17:45:00,136.9,366,101,33.7,0,0,0
2026-09-13 17:50:00,135.8,36,81,34.1,0,0,0
2026-09-13 17:55:00,135.8,26,79,33.9,0,0,0
2026-09-13 18:00:00,136.5,26,83,34.1,0,0,0
2026-09-13 18:05:00,137.2,22,79,34.9,0,0,0
2026-09-13 18:10:00,137.8,12,77,33.4,0,0,0
2026-09-13 18:15:00,138.6,47,80,33.8,0,0,0
2026-09-13 18:20:00,139.6,29,79,33.8,0,0,0
2026-09-13 18:25:00,137.9,8,78,32.9,0,0,0
2026-09-13 18:30:00,138.6,16,79,33.9,0,0,0
2026-09-13 18:35:00,136.7,25,80,35.1,0,0,0
2026-09-13 18:40:00,133.2,12,79,32.0,0,0,0
2026-09-13 18:45:00,130.7,18,79,31.8,0,0,0
2026-09-13 18:50:00,130.3,18,79,35.0,0,0,0
2026-09-13 18:55:00,129.0,33,77,34.1,0,0,0
2026-09-13 19:00:00,126.4,30,77,40.6,0,0,0
2026-09-13 19:05:00,122.6,16,81,33.4,0,0,0
2026-09-13 19:10:00,120.4,17,80,34.3,0,0,0
2026-09-13 19:15:00,139.9,27,79,35.2,0,0,0
2026-09-13 19:20:00,140.8,29,81,35.5,0,0,0
2026-09-13 19:25:00,136.1,27,79,33.2,0,0,0
2026-09-13 19:30:00,133.7,30,81,33.1,0,0,0
2026-09-13 19:35:00,133.6,22,80,34.8,0,0,0
2026-09-13 19:40:00,132.3,30,81,30.6,0,0,0
2026-09-13 19:45:00,131.5,33,77,34.9,0,0,0
2026-09-13 19:50:00,132.1,20,82,32.7,0,0,0
2026-09-13 19:55:00,133.5,25,78,33.8,0,0,0
2026-09-13 20:00:00,132.3,23,80,35.3,0,0,0
2026-09-13 20:05:00,128.5,17,76,35.7,0,0,0
2026-09-13 20:10:00,129.7,7,79,31.7,0,0,0
2026-09-13 20:15:00,128.9,23,80,34.4,0,0,0
2026-09-13 20:20:00,128.5,38,81,31.3,0,0,0
2026-09-13 20:25:00,127.6,25,78,34.7,0,0,0
2026-09-13 20:30:00,130.1,16,77,30.0,0,0,0
2026-09-13 20:35:00,131.2,15,78,31.0,0,0,0
2026-09-13 20:40:00,133.8,15,80,37.0,0,0,0
2026-09-13 20:45:00,137.9,18,79,33.9,0,0,0
2026-09-13 20:50:00,138.6,27,83,34.9,0,50,50
2026-09-13 20:55:00,139.5,28,79,35.6,0,0,0
2026-09-13 21:00:00,140.2,10,84,31.9,0,0,0
2026-09-13 21:05:00,138.8,14,85,32.1,0,0,0
2026-09-13 21:10:00,141.6,14,83,32.3,0,0,0
2026-09-13 21:15:00,140.7,21,82,34.6,0,0,0
2026-09-13 21:20:00,139.9,12,81,33.2,0,0,0
2026-09-13 21:25:00,139.6,20,78,35.5,0,0,0
2026-09-13 21:30:00,139.0,21,81,34.5,0,0,0
2026-09-13 21:35:00,140.3,19,76,36.6,0,0,0
2026-09-13 21:40:00,141.3,15,75,35.0,0,0,0
2026-09-13 21:45:00,141.6,10,78,30.5,0,0,0
2026-09-13 21:50:00,140.9,8,79,34.2,0,0,0
2026-09-13 21:55:00,141.1,23,78,33.8,0,0,0
2026-09-13 22:00:00,137.8,11,79,31.1,0,0,0
2026-09-13 22:05:00,136.9,37,77,33.4,0,0,0
2026-09-13 22:10:00,138.2,16,80,33.6,0,0,0
2026-09-13 22:15:00,139.7,32,77,32.6,0,0,0
2026-09-13 22:20:00,140.9,11,81,28.6,0,0,0
2026-09-13 22:25:00,139.5,10,78,32.2,0,0,0
2026-09-13 22:30:00,141.2,33,78,28.6,0,0,0
2026-09-13 22:35:00,142.6,14,79,36.4,0,0,0
2026-09-13 22:40:00,139.2,42,79,31.2,0,0,0
2026-09-13 22:45:00,140.4,30,79,32.0,0,0,0
2026-09-13 22:50:00,142.4,22,83,36.8,0,0,0
2026-09-13 22:55:00,141.7,14,76,34.8,0,0,0
2026-09-13 23:00:00,142.0,28,79,34.3,0,0,0
2026-09-13 23:05:00,138.4,33,82,34.6,0,0,0
2026-09-13 23:10:00,140.2,31,80,37.3,0,0,0
2026-09-13 23:15:00,151.6,25,78,31.3,0,0,0
2026-09-13 23:20:00,148.3,24,78,31.9,0,0,0
2026-09-13 23:25:00,145.7,46,83,39.6,0,0,0
2026-09-13 23:30:00,144.7,29,78,37.4,0,0,0
2026-09-13 23:35:00,143.7,22,76,33.3,0,0,0
2026-09-13 23:40:00,145.8,33,81,35.3,0,0,0
2026-09-13 23:45:00,141.8,20,76,34.2,0,0,0
2026-09-13 23:50:00,138.8,27,77,33.1,0,0,0
2026-09-13 23:55:00,136.9,33,82,38.2,0,0,0
2026-09-14 00:00:00,129.3,24,78,32.6,0,0,0
2026-09-14 00:05:00,132.3,20,77,37.7,0,0,0
2026-09-14 00:10:00,129.9,0,72,57.8,1,0,0
2026-09-14 00:15:00,131.8,0,69,60.5,1,0,0
2026-09-14 00:20:00,134.1,0,71,61.0,1,0,0
2026-09-14 00:25:00,134.8,0,70,56.1,1,0,0
2026-09-14 00:30:00,131.4,0,72,56.7,1,0,0
2026-09-14 00:35:00,129.2,0,69,56.9,1,0,0
2026-09-14 00:40:00,131.5,0,71,57.5,1,0,0
2026-09-14 00:45:00,133.2,1,72,57.1,1,0,0
2026-09-14 00:50:00,131.6,0,72,61.4,1,0,0
2026-09-14 00:55:00,129.6,1,69,59.0,1,0,0
2026-09-14 01:00:00,130.7,0,71,58.4,1,0,0
2026-09-14 01:05:00,133.3,0,71,56.0,1,0,0
2026-09-14 01:10:00,131.1,0,67,58.2,1,0,0
2026-09-14 01:15:00,131.0,0,70,57.4,1,0,0
2026-09-14 01:20:00,131.7,0,69,55.5,1,0,0
2026-09-14 01:25:00,129.9,0,69,61.0,1,0,0
2026-09-14 01:30:00,128.2,0,71,60.7,1,0,0
2026-09-14 01:35:00,128.8,0,71,58.5,1,0,0
2026-09-14 01:40:00,127.3,0,71,58.1,1,0,0
2026-09-14 01:45:00,131.4,1,67,57.4,1,0,0
2026-09-14 01:50:00,130.4,0,66,57.9,1,0,0
2026-09-14 01:55:00,125.8,0,71,57.7,1,0,0
2026-09-14 02:00:00,126.0,0,70,59.5,1,0,0
2026-09-14 02:05:00,125.5,0,72,60.1,1,0,0
2026-09-14 02:10:00,128.0,0,71,58.2,1,0,0
2026-09-14 02:15:00,126.1,1,72,56.9,1,0,0
2026-09-14 02:20:00,129.0,0,75,58.8,1,0,0
2026-09-14 02:25:00,128.7,0,69,58.2,1,0,0
2026-09-14 02:30:00,129.6,1,71,59.5,1,0,0
2026-09-14 02:35:00,131.7,1,73,57.2,1,0,0
2026-09-14 02:40:00,132.7,1,69,54.2,1,0,0
2026-09-14 02:45:00,134.7,0,74,60.3,1,0,0
2026-09-14 02:50:00,144.9,1,69,59.8,1,0,0
2026-09-14 02:55:00,145.7,0,71,54.9,1,0,0
2026-09-14 03:00:00,143.3,0,70,59.3,1,0,0
2026-09-14 03:05:00,138.6,0,68,58.0,1,0,0
2026-09-14 03:10:00,137.8,0,69,57.5,1,0,0
2026-09-14 03:15:00,142.2,0,69,54.9,1,0,0
2026-09-14 03:20:00,146.7,0,73,58.9,1,0,0
2026-09-14 03:25:00,145.5,0,70,59.4,1,0,0
2026-09-14 03:30:00,148.3,0,69,56.5,1,0,0
2026-09-14 03:35:00,148.0,0,69,53.3,1,0,0
2026-09-14 03:40:00,147.6,0,74,58.5,1,0,0
2026-09-14 03:45:00,153.0,0,71,60.2,1,0,0
2026-09-14 03:50:00,152.6,0,70,58.0,1,0,0
2026-09-14 03:55:00,152.5,0,68,54.6,1,0,0
2026-09-14 04:00:00,150.2,1,70,59.4,1,0,0
2026-09-14 04:05:00,149.8,1,71,60.3,1,0,0
2026-09-14 04:10:00,150.3,0,72,58.9,1,0,0
2026-09-14 04:15:00,151.7,1,69,55.7,1,0,0
2026-09-14 04:20:00,150.0,0,68,60.7,1,0,0
2026-09-14 04:25:00,151.8,0,66,57.3,1,0,0
2026-09-14 04:30:00,150.4,0,67,55.1,1,0,0
2026-09-14 04:35:00,147.9,0,68,64.3,1,0,0
2026-09-14 04:40:00,149.8,0,72,61.3,1,0,0
2026-09-14 04:45:00,153.7,0,70,57.3,1,0,0
2026-09-14 04:50:00,152.1,0,67,59.6,1,0,0
2026-09-14 04:55:00,154.2,0,73,52.5,1,0,0
2026-09-14 05:00:00,153.2,1,72,56.8,1,0,0
2026-09-14 05:05:00,152.2,0,72,58.5,1,0,0
2026-09-14 05:10:00,153.4,0,72,58.4,1,0,0
2026-09-14 05:15:00,151.9,0,69,58.8,1,0,0
2026-09-14 05:20:00,150.5,0,69,60.0,1,0,0
2026-09-14 05:25:00,150.3,1,68,57.6,1,0,0
2026-09-14 05:30:00,145.2,0,69,58.2,1,0,0
2026-09-14 05:35:00,145.2,1,69,59.9,1,0,0
2026-09-14 05:40:00,146.6,1,68,60.2,1,0,0
2026-09-14 05:45:00,145.2,0,67,58.8,1,0,0
2026-09-14 05:50:00,145.0,0,69,61.1,1,0,0
2026-09-14 05:55:00,147.9,0,68,58.5,1,0,0
2026-09-14 06:00:00,147.9,0,71,55.4,1,0,0
2026-09-14 06:05:00,143.7,0,71,59.0,1,0,0
2026-09-14 06:10:00,146.5,0,71,57.7,1,0,0
2026-09-14 06:15:00,144.9,1,71,59.0,1,0,0
2026-09-14 06:20:00,144.5,0,72,56.3,1,0,0
2026-09-14 06:25:00,144.2,0,69,55.8,1,0,0
2026-09-14 06:30:00,150.3,19,77,34.0,0,0,0
2026-09-14 06:35:00,149.4,12,80,34.8,0,0,0
2026-09-14 06:40:00,148.0,19,79,39.4,0,0,0
2026-09-14 06:45:00,152.5,25,79,35.3,0,0,0
2026-09-14 06:50:00,148.9,25,79,34.8,0,0,0
2026-09-14 06:55:00,145.8,29,79,33.6,0,0,0
2026-09-14 07:00:00,146.7,24,83,37.6,0,0,0
2026-09-14 07:05:00,148.1,13,79,36.4,0,0,0
2026-09-14 07:10:00,147.2,18,78,34.3,0,0,0
2026-09-14 07:15:00,146.7,15,78,37.8,0,0,0
2026-09-14 07:20:00,148.5,9,78,35.8,0,0,0
2026-09-14 07:25:00,149.6,3,78,35.8,0,0,0
2026-09-14 07:30:00,149.3,19,79,34.6,0,0,0
2026-09-14 07:35:00,147.4,18,80,34.6,0,0,0
2026-09-14 07:40:00,148.8,20,76,37.1,0,0,0
2026-09-14 07:45:00,146.8,27,78,35.5,0,0,0
2026-09-14 07:50:00,146.8,26,79,37.8,0,0,0
2026-09-14 07:55:00,147.1,20,77,34.3,0,0,0
2026-09-14 08:00:00,145.2,25,80,35.5,0,0,0
2026-09-14 08:05:00,138.4,25,80,36.6,0,0,0
2026-09-14 08:10:00,138.4,37,77,35.8,0,0,0
2026-09-14 08:15:00,141.2,23,78,37.3,0,0,0
2026-09-14 08:20:00,142.3,12,78,34.2,0,0,0
2026-09-14 08:25:00,141.3,19,80,36.6,0,0,0
2026-09-14 08:30:00,142.4,17,80,40.2,0,0,0
2026-09-14 08:35:00,141.3,32,77,36.1,0,0,0
2026-09-14 08:40:00,137.0,28,85,31.0,0,63,70
2026-09-14 08:45:00,147.5,21,81,33.6,0,0,0
2026-09-14 08:50:00,149.9,3,78,33.8,0,0,0
2026-09-14 08:55:00,151.7,7,83,38.7,0,0,0
2026-09-14 09:00:00,155.3,18,84,35.6,0,0,0
2026-09-14 09:05:00,158.9,20,82,39.0,0,0,0
2026-09-14 09:10:00,162.2,32,82,33.4,0,0,0
2026-09-14 09:15:00,160.9,21,79,37.3,0,0,0
2026-09-14 09:20:00,162.1,43,78,36.8,0,0,0
2026-09-14 09:25:00,162.9,11,81,36.5,0,0,0
2026-09-14 09:30:00,162.9,20,83,32.9,0,0,0
2026-09-14 09:35:00,162.6,34,78,33.9,0,0,0
2026-09-14 09:40:00,157.9,28,80,35.7,0,0,0
2026-09-14 09:45:00,153.9,33,85,34.0,0,0,0
2026-09-14 09:50:00,152.1,30,80,37.4,0,0,0
2026-09-14 09:55:00,152.0,15,80,34.2,0,0,0
2026-09-14 10:00:00,149.9,13,76,30.6,0,0,0
2026-09-14 10:05:00,149.2,26,77,34.0,0,0,0
2026-09-14 10:10:00,147.7,55,82,36.2,0,0,0
2026-09-14 10:15:00,144.5,24,80,36.8,0,0,0
2026-09-14 10:20:00,143.5,17,79,38.1,0,0,0
2026-09-14 10:25:00,144.7,13,78,36.1,0,0,0
2026-09-14 10:30:00,142.3,8,75,36.4,0,0,0
2026-09-14 10:35:00,137.5,47,80,40.8,0,0,0
2026-09-14 10:40:00,137.0,25,77,34.7,0,0,0
2026-09-14 10:45:00,137.6,22,82,37.7,0,0,0
2026-09-14 10:50:00,133.4,39,78,36.1,0,0,0
2026-09-14 10:55:00,131.8,25,81,38.4,0,0,0
2026-09-14 11:00:00,128.5,34,78,31.6,0,0,0
2026-09-14 11:05:00,131.0,83,82,34.2,0,0,0
2026-09-14 11:10:00,134.3,27,76,32.9,0,0,0
2026-09-14 11:15:00,135.1,18,78,37.9,0,0,0
2026-09-14 11:20:00,134.1,19,80,37.2,0,0,0
2026-09-14 11:25:00,132.7,12,78,34.1,0,0,0
2026-09-14 11:30:00,133.7,17,81,31.9,0,0,0
2026-09-14 11:35:00,133.0,22,77,36.3,0,0,0
2026-09-14 11:40:00,131.8,15,76,34.1,0,0,0
2026-09-14 11:45:00,129.9,23,84,37.1,0,0,0
2026-09-14 11:50:00,131.0,47,84,35.6,0,0,0
2026-09-14 11:55:00,130.4,22,82,34.5,0,0,0
2026-09-14 12:00:00,128.9,23,80,35.8,0,0,0
2026-09-14 12:05:00,128.1,26,79,35.5,0,0,0
2026-09-14 12:10:00,128.5,31,81,35.5,0,0,0
2026-09-14 12:15:00,126.7,25,78,37.7,0,0,0
2026-09-14 12:20:00,127.2,43,84,39.2,0,0,0
2026-09-14 12:25:00,126.7,16,77,31.3,0,0,0
2026-09-14 12:30:00,123.5,6,77,41.4,0,0,0
2026-09-14 12:35:00,122.3,17,82,35.5,0,0,0
2026-09-14 12:40:00,124.1,15,79,32.7,0,0,0
2026-09-14 12:45:00,126.6,13,82,36.5,0,0,0
2026-09-14 12:50:00,127.0,12,82,36.3,0,0,0
2026-09-14 12:55:00,125.5,11,80,36.0,0,0,0
2026-09-14 13:00:00,123.7,14,78,36.6,0,0,0
2026-09-14 13:05:00,125.2,26,80,35.8,0,0,0
2026-09-14 13:10:00,123.4,24,85,34.8,0,51,55
2026-09-14 13:15:00,124.5,14,79,32.8,0,0,0
2026-09-14 13:20:00,131.6,17,84,34.8,0,0,0
2026-09-14 13:25:00,135.5,32,82,36.9,0,0,0
2026-09-14 13:30:00,137.5,29,81,33.1,0,0,0
2026-09-14 13:35:00,141.8,22,78,32.9,0,0,0
2026-09-14 13:40:00,142.4,26,82,35.1,0,0,0
2026-09-14 13:45:00,142.3,17,76,34.5,0,0,0
2026-09-14 13:50:00,141.0,12,79,35.4,0,0,0
2026-09-14 13:55:00,139.8,34,80,33.6,0,0,0
2026-09-14 14:00:00,137.9,15,82,34.3,0,0,0
2026-09-14 14:05:00,136.5,13,79,35.9,0,0,0
2026-09-14 14:10:00,136.5,24,76,38.3,0,0,0
2026-09-14 14:15:00,137.8,16,78,37.5,0,0,0
2026-09-14 14:20:00,137.0,15,87,35.7,0,0,0
2026-09-14 14:25:00,137.0,48,82,37.5,0,0,0
2026-09-14 14:30:00,137.6,23,78,37.1,0,0,0
2026-09-14 14:35:00,138.1,35,80,39.9,0,0,0
2026-09-14 14:40:00,149.9,37,77,37.8,0,0,0
2026-09-14 14:45:00,147.1,6,78,36.7,0,0,0
2026-09-14 14:50:00,145.4,10,76,32.6,0,0,0
2026-09-14 14:55:00,143.4,36,82,32.4,0,0,0
2026-09-14 15:00:00,143.3,25,79,35.9,0,0,0
2026-09-14 15:05:00,138.3,30,81,39.8,0,0,0
2026-09-14 15:10:00,137.5,29,79,36.2,0,0,0
2026-09-14 15:15:00,138.7,8,79,36.3,0,0,0
2026-09-14 15:20:00,142.1,31,80,35.8,0,0,0
2026-09-14 15:25:00,143.2,11,76,33.0,0,0,0
2026-09-14 15:30:00,139.8,12,76,34.3,0,0,0
2026-09-14 15:35:00,134.7,19,79,35.8,0,0,0
2026-09-14 15:40:00,131.3,28,82,36.1,0,0,0
2026-09-14 15:45:00,133.2,22,84,35.1,0,0,0
2026-09-14 15:50:00,135.7,8,83,37.8,0,0,0
2026-09-14 15:55:00,136.2,16,78,34.0,0,0,0
2026-09-14 16:00:00,137.5,23,76,33.5,0,0,0
2026-09-14 16:05:00,136.4,34,84,37.0,0,0,0
2026-09-14 16:10:00,133.7,19,80,35.7,0,0,0
2026-09-14 16:15:00,131.2,25,81,36.5,0,0,0
2026-09-14 16:20:00,129.9,12,76,35.4,0,0,0
2026-09-14 16:25:00,130.3,17,78,40.6,0,0,0
2026-09-14 16:30:00,130.7,37,81,32.7,0,0,0
2026-09-14 16:35:00,129.3,17,81,37.6,0,0,0
2026-09-14 16:40:00,128.9,15,81,35.8,0,0,0
2026-09-14 16:45:00,130.7,27,79,35.9,0,0,0
2026-09-14 16:50:00,130.1,49,83,38.3,0,0,0
2026-09-14 16:55:00,132.9,24,81,36.4,0,0,0
2026-09-14 17:00:00,128.9,16,79,35.7,0,0,0
2026-09-14 17:05:00,129.7,34,79,35.7,0,0,0
2026-09-14 17:10:00,128.2,28,79,36.7,0,0,0
2026-09-14 17:15:00,129.0,44,79,32.5,0,0,0
2026-09-14 17:20:00,125.7,16,81,32.5,0,0,0
2026-09-14 17:25:00,129.0,11,79,35.7,0,0,0
2026-09-14 17:30:00,131.3,20,79,38.5,0,46,80
2026-09-14 17:35:00,140.4,31,84,33.7,0,0,0
2026-09-14 17:40:00,144.8,13,83,36.7,0,0,0
2026-09-14 17:45:00,146.9,34,83,35.0,0,0,0
2026-09-14 17:50:00,150.1,13,80,35.9,0,0,0
2026-09-14 17:55:00,151.0,13,83,35.0,0,0,0
2026-09-14 18:00:00,148.5,21,77,35.7,0,0,0
2026-09-14 18:05:00,147.9,28,79,34.5,0,0,0
2026-09-14 18:10:00,148.0,17,79,36.7,0,0,0
2026-09-14 18:15:00,145.8,25,80,34.6,0,0,0
2026-09-14 18:20:00,146.6,38,81,33.9,0,0,0
2026-09-14 18:25:00,144.8,21,79,32.7,0,0,0
2026-09-14 18:30:00,145.9,13,83,36.8,0,0,0
2026-09-14 18:35:00,144.8,24,80,34.5,0,0,0
2026-09-14 18:40:00,144.9,25,81,34.0,0,0,0
2026-09-14 18:45:00,146.2,27,80,36.2,0,0,0
2026-09-14 18:50:00,143.9,34,79,36.3,0,0,0
2026-09-14 18:55:00,143.7,33,81,34.0,0,0,0
2026-09-14 19:00:00,142.1,26,79,32.7,0,0,0
2026-09-14 19:05:00,140.9,31,78,36.7,0,0,0
2026-09-14 19:10:00,146.2,13,80,38.8,0,0,0
2026-09-14 19:15:00,145.4,15,78,34.3,0,0,0
2026-09-14 19:20:00,143.3,50,79,36.0,0,0,0
2026-09-14 19:25:00,142.6,13,78,35.5,0,0,0
2026-09-14 19:30:00,140.5,517,108,32.3,0,0,0
2026-09-14 19:35:00,139.1,522,112,40.1,0,0,0
2026-09-14 19:40:00,140.3,42,81,32.4,0,0,0
2026-09-14 19:45:00,140.4,32,77,32.6,0,0,0
2026-09-14 19:50:00,139.1,24,79,35.6,0,0,0
2026-09-14 19:55:00,141.6,16,79,36.6,0,0,0
2026-09-14 20:00:00,142.2,27,76,34.9,0,0,0
2026-09-14 20:05:00,142.5,50,82,37.4,0,0,0
2026-09-14 20:10:00,137.4,37,78,35.8,0,0,0
2026-09-14 20:15:00,133.7,14,81,37.3,0,0,0
2026-09-14 20:20:00,130.6,28,79,35.8,0,0,0
2026-09-14 20:25:00,130.8,17,76,36.1,0,0,0
2026-09-14 20:30:00,127.7,47,79,38.7,0,0,0
2026-09-14 20:35:00,130.2,14,74,35.7,0,0,0
2026-09-14 20:40:00,129.7,18,76,35.1,0,0,0
2026-09-14 20:45:00,130.9,12,79,35.4,0,0,0
2026-09-14 20:50:00,130.0,30,80,33.9,0,0,0
2026-09-14 20:55:00,126.7,16,79,36.0,0,0,0
2026-09-14 21:00:00,127.5,36,82,37.5,0,0,0
2026-09-14 21:05:00,127.5,15,78,34.3,0,0,0
2026-09-14 21:10:00,123.5,14,79,35.3,0,0,0
2026-09-14 21:15:00,124.5,13,78,33.6,0,0,0
2026-09-14 21:20:00,124.6,25,84,36.2,0,0,0
2026-09-14 21:25:00,122.9,43,80,34.2,0,0,0
2026-09-14 21:30:00,123.0,12,80,35.7,0,0,0
2026-09-14 21:35:00,126.2,18,78,36.9,0,0,0
2026-09-14 21:40:00,124.5,24,83,32.8,0,0,0
2026-09-14 21:45:00,129.5,12,80,36.9,0,0,0
2026-09-14 21:50:00,129.3,15,78,35.1,0,0,0
2026-09-14 21:55:00,129.9,16,75,36.0,0,0,0
2026-09-14 22:00:00,132.8,11,77,33.8,0,0,0
2026-09-14 22:05:00,131.4,15,82,34.4,0,56,68
2026-09-14 22:10:00,138.9,27,81,35.1,0,0,0
2026-09-14 22:15:00,142.6,33,84,37.3,0,0,0
2026-09-14 22:20:00,143.8,32,89,35.0,0,0,0
2026-09-14 22:25:00,146.1,24,83,38.0,0,0,0
2026-09-14 22:30:00,146.9,22,82,32.4,0,0,0
2026-09-14 22:35:00,147.6,30,80,35.7,0,0,0
2026-09-14 22:40:00,148.2,29,77,37.3,0,0,0
2026-09-14 22:45:00,147.2,20,80,38.6,0,0,0
2026-09-14 22:50:00,147.2,19,77,33.9,0,0,0
2026-09-14 22:55:00,145.1,19,80,33.5,0,0,0
2026-09-14 23:00:00,145.3,18,80,34.9,0,0,0
2026-09-14 23:05:00,145.1,12,79,38.0,0,0,0
2026-09-14 23:10:00,146.1,18,77,35.4,0,0,0
2026-09-14 23:15:00,145.3,20,79,39.0,0,0,0
2026-09-14 23:20:00,145.0,37,79,38.2,0,0,0
2026-09-14 23:25:00,144.5,20,85,34.5,0,0,0
2026-09-14 23:30:00,148.6,22,82,41.0,0,0,0
2026-09-14 23:35:00,145.7,36,80,39.0,0,0,0
2026-09-14 23:40:00,143.6,30,79,39.4,0,0,0
2026-09-14 23:45:00,145.9,30,80,39.4,0,0,0
2026-09-14 23:50:00,144.2,34,80,36.7,0,0,0
2026-09-14 23:55:00,142.7,24,82,34.7,0,0,0
