timestamp,glucose_mgdl,steps,heart_rate,hrv_ms,sleeping,carbs_g,meal_gi
2026-09-01 00:00:00,119.0,0,70,52.3,1,0,0
2026-09-01 00:05:00,117.4,0,68,51.2,1,0,0
2026-09-01 00:10:00,118.9,0,72,54.3,1,0,0
2026-09-01 00:15:00,119.3,0,67,55.7,1,0,0
2026-09-01 00:20:00,116.4,1,72,53.7,1,0,0
2026-09-01 00:25:00,117.5,0,72,52.7,1,0,0
2026-09-01 00:30:00,117.1,0,70,51.1,1,0,0
2026-09-01 00:35:00,118.4,1,71,54.3,1,0,0
2026-09-01 00:40:00,122.6,1,66,51.4,1,0,0
2026-09-01 00:45:00,124.9,0,72,49.7,1,0,0
2026-09-01 00:50:00,124.4,1,71,51.1,1,0,0
2026-09-01 00:55:00,128.6,1,67,54.6,1,0,0
2026-09-01 01:00:00,128.1,1,68,50.8,1,0,0
2026-09-01 01:05:00,127.1,0,69,51.3,1,0,0
2026-09-01 01:10:00,128.8,0,71,48.9,1,0,0
2026-09-01 01:15:00,127.5,0,70,49.4,1,0,0
2026-09-01 01:20:00,126.1,0,72,50.4,1,0,0
2026-09-01 01:25:00,129.3,1,72,47.5,1,0,0
2026-09-01 01:30:00,128.8,0,69,52.7,1,0,0
2026-09-01 01:35:00,124.6,1,72,52.3,1,0,0
2026-09-01 01:40:00,123.6,1,68,49.9,1,0,0
2026-09-01 01:45:00,123.3,0,71,51.0,1,0,0
2026-09-01 01:50:00,121.7,0,73,52.8,1,0,0
2026-09-01 01:55:00,118.5,0,65,52.1,1,0,0
2026-09-01 02:00:00,118.3,0,70,50.9,1,0,0
2026-09-01 02:05:00,120.3,0,68,52.0,1,0,0
2026-09-01 02:10:00,115.9,0,69,51.2,1,0,0
2026-09-01 02:15:00,115.9,0,70,51.5,1,0,0
2026-09-01 02:20:00,111.5,0,69,46.7,1,0,0
2026-09-01 02:25:00,111.8,0,71,51.0,1,0,0
2026-09-01 02:30:00,114.0,1,66,51.6,1,0,0
2026-09-01 02:35:00,117.7,0,71,50.3,1,0,0
2026-09-01 02:40:00,118.6,0,70,49.8,1,0,0
2026-09-01 02:45:00,118.6,0,68,54.4,1,0,0
2026-09-01 02:50:00,119.9,1,70,49.4,1,0,0
2026-09-01 02:55:00,118.8,1,70,52.4,1,0,0
2026-09-01 03:00:00,113.5,1,69,51.6,1,0,0
2026-09-01 03:05:00,118.3,0,71,55.0,1,0,0
2026-09-01 03:10:00,114.8,0,67,53.2,1,0,0
2026-09-01 03:15:00,112.8,0,71,50.9,1,0,0
2026-09-01 03:20:00,118.0,1,70,52.1,1,0,0
2026-09-01 03:25:00,118.8,1,69,52.3,1,0,0
2026-09-01 03:30:00,118.9,0,71,50.1,1,0,0
2026-09-01 03:35:00,120.7,0,72,52.9,1,0,0
2026-09-01 03:40:00,118.8,0,71,54.4,1,0,0
2026-09-01 03:45:00,115.4,0,71,53.8,1,0,0
2026-09-01 03:50:00,118.3,0,70,53.0,1,0,0
2026-09-01 03:55:00,118.0,0,69,47.1,1,0,0
2026-09-01 04:00:00,119.1,0,72,51.1,1,0,0
2026-09-01 04:05:00,118.5,0,69,55.3,1,0,0
2026-09-01 04:10:00,120.3,0,71,50.5,1,0,0
2026-09-01 04:15:00,120.5,0,67,52.8,1,0,0
2026-09-01 04:20:00,119.3,0,71,56.3,1,0,0
2026-09-01 04:25:00,119.8,1,67,53.3,1,0,0
2026-09-01 04:30:00,118.0,1,72,51.2,1,0,0
2026-09-01 04:35:00,119.3,0,70,50.9,1,0,0
2026-09-01 04:40:00,119.5,1,70,53.8,1,0,0
2026-09-01 04:45:00,121.5,1,70,50.8,1,0,0
2026-09-01 04:50:00,121.4,0,71,53.4,1,0,0
2026-09-01 04:55:00,121.8,0,70,47.3,1,0,0
2026-09-01 05:00:00,119.7,0,72,49.7,1,0,0
2026-09-01 05:05:00,120.3,0,71,51.5,1,0,0
2026-09-01 05:10:00,122.2,1,73,56.1,1,0,0
2026-09-01 05:15:00,123.4,0,70,54.2,1,0,0
2026-09-01 05:20:00,122.3,0,71,52.6,1,0,0
2026-09-01 05:25:00,119.9,0,70,52.3,1,0,0
2026-09-01 05:30:00,117.6,0,66,51.7,1,0,0
2026-09-01 05:35:00,117.8,0,70,53.5,1,0,0
2026-09-01 05:40:00,120.4,0,68,50.6,1,0,0
2026-09-01 05:45:00,122.8,0,70,52.7,1,0,0
2026-09-01 05:50:00,125.2,0,70,52.9,1,0,0
2026-09-01 05:55:00,125.8,0,71,56.7,1,0,0
2026-09-01 06:00:00,125.2,0,69,51.7,1,0,0
2026-09-01 06:05:00,126.2,0,68,53.0,1,0,0
2026-09-01 06:10:00,125.9,0,72,52.3,1,0,0
2026-09-01 06:15:00,123.5,0,67,54.7,1,0,0
2026-09-01 06:20:00,123.3,1,70,51.3,1,0,0
2026-09-01 06:25:00,123.4,1,71,51.2,1,0,0
2026-09-01 06:30:00,123.9,0,69,49.9,1,0,0
2026-09-01 06:35:00,126.4,0,70,51.9,1,0,0
2026-09-01 06:40:00,127.0,1,67,49.8,1,0,0
2026-09-01 06:45:00,129.1,1,69,52.2,1,0,0
2026-09-01 06:50:00,127.4,0,71,51.0,1,0,0
2026-09-01 06:55:00,125.3,0,69,48.5,1,0,0
2026-09-01 07:00:00,127.4,7,80,29.2,0,0,0
2026-09-01 07:05:00,127.8,7,79,31.2,0,0,0
2026-09-01 07:10:00,129.5,5,81,35.4,0,0,0
2026-09-01 07:15:00,128.8,5,79,28.8,0,0,0
2026-09-01 07:20:00,128.0,12,76,28.1,0,0,0
2026-09-01 07:25:00,130.1,9,79,32.0,0,0,0
2026-09-01 07:30:00,133.0,20,76,33.5,0,0,0
2026-09-01 07:35:00,132.5,6,78,29.1,0,0,0
2026-09-01 07:40:00,131.4,17,77,34.3,0,0,0
2026-09-01 07:45:00,133.2,18,80,33.2,0,0,0
2026-09-01 07:50:00,137.7,6,79,33.4,0,0,0
2026-09-01 07:55:00,136.6,16,80,29.7,0,0,0
2026-09-01 08:00:00,131.1,4,79,32.5,0,0,0
2026-09-01 08:05:00,130.3,6,82,30.7,0,31,55
2026-09-01 08:10:00,135.1,13,84,32.4,0,0,0
2026-09-01 08:15:00,136.9,8,81,30.5,0,0,0
2026-09-01 08:20:00,139.1,8,83,32.5,0,0,0
2026-09-01 08:25:00,139.1,7,82,32.5,0,0,0
2026-09-01 08:30:00,144.1,11,79,29.5,0,0,0
2026-09-01 08:35:00,147.8,8,79,28.8,0,0,0
2026-09-01 08:40:00,145.5,8,76,33.9,0,0,0
2026-09-01 08:45:00,146.3,4,78,31.2,0,0,0
2026-09-01 08:50:00,147.0,6,75,28.9,0,0,0
2026-09-01 08:55:00,144.9,7,78,31.8,0,0,0
2026-09-01 09:00:00,146.8,13,78,29.5,0,0,0
2026-09-01 09:05:00,146.3,16,82,30.7,0,0,0
2026-09-01 09:10:00,144.3,8,81,32.1,0,0,0
2026-09-01 09:15:00,142.0,3,75,30.3,0,0,0
2026-09-01 09:20:00,140.6,6,78,31.8,0,0,0
2026-09-01 09:25:00,133.3,7,79,32.9,0,0,0
2026-09-01 09:30:00,135.0,4,78,30.9,0,0,0
2026-09-01 09:35:00,134.2,7,78,34.0,0,0,0
2026-09-01 09:40:00,133.1,20,79,30.8,0,0,0
2026-09-01 09:45:00,131.6,15,80,33.7,0,0,0
2026-09-01 09:50:00,135.1,6,78,30.2,0,0,0
2026-09-01 09:55:00,135.4,7,78,32.5,0,0,0
2026-09-01 10:00:00,133.6,10,79,32.0,0,0,0
2026-09-01 10:05:00,132.3,8,81,32.1,0,0,0
2026-09-01 10:10:00,134.0,0,76,32.0,0,0,0
2026-09-01 10:15:00,128.2,4,77,28.7,0,0,0
2026-09-01 10:20:00,130.2,8,80,33.6,0,0,0
2026-09-01 10:25:00,133.6,6,83,33.7,0,0,0
2026-09-01 10:30:00,131.2,8,80,31.6,0,0,0
2026-09-01 10:35:00,132.3,12,81,33.5,0,0,0
2026-09-01 10:40:00,131.4,14,78,30.8,0,0,0
2026-09-01 10:45:00,129.3,10,82,34.4,0,0,0
2026-09-01 10:50:00,127.6,5,78,33.5,0,0,0
2026-09-01 10:55:00,127.1,12,82,31.3,0,0,0
2026-09-01 11:00:00,118.5,5,79,30.9,0,0,0
2026-09-01 11:05:00,118.0,16,80,30.7,0,0,0
2026-09-01 11:10:00,117.2,9,79,33.9,0,0,0
2026-09-01 11:15:00,116.7,10,73,31.2,0,0,0
2026-09-01 11:20:00,118.9,10,81,31.8,0,0,0
2026-09-01 11:25:00,117.0,16,79,32.2,0,0,0
2026-09-01 11:30:00,117.1,4,74,33.2,0,0,0
2026-09-01 11:35:00,122.0,5,74,32.1,0,0,0
2026-09-01 11:40:00,122.0,13,79,33.5,0,0,0
2026-09-01 11:45:00,122.5,2,80,33.6,0,0,0
2026-09-01 11:50:00,119.4,6,77,33.6,0,0,0
2026-09-01 11:55:00,122.7,8,77,30.1,0,0,0
2026-09-01 12:00:00,119.7,6,79,33.7,0,0,0
2026-09-01 12:05:00,120.0,12,79,28.8,0,0,0
2026-09-01 12:10:00,120.3,19,81,29.6,0,0,0
2026-09-01 12:15:00,120.1,8,79,30.9,0,0,0
2026-09-01 12:20:00,119.7,11,79,29.7,0,0,0
2026-09-01 12:25:00,119.7,6,75,33.9,0,0,0
2026-09-01 12:30:00,121.7,13,79,32.1,0,0,0
2026-09-01 12:35:00,119.5,2,79,33.9,0,0,0
2026-09-01 12:40:00,121.2,5,80,30.3,0,0,0
2026-09-01 12:45:00,120.3,7,79,28.9,0,85,75
2026-09-01 12:50:00,135.7,8,82,33.0,0,0,0
2026-09-01 12:55:00,148.2,5,81,30.4,0,0,0
2026-09-01 13:00:00,157.1,6,77,35.1,0,0,0
2026-09-01 13:05:00,162.1,13,84,29.5,0,0,0
2026-09-01 13:10:00,166.3,4,81,31.7,0,0,0
2026-09-01 13:15:00,172.5,8,78,30.6,0,0,0
2026-09-01 13:20:00,178.6,9,79,33.7,0,0,0
2026-09-01 13:25:00,179.5,13,83,33.0,0,0,0
2026-09-01 13:30:00,176.8,6,79,30.2,0,0,0
2026-09-01 13:35:00,175.4,13,78,32.8,0,0,0
2026-09-01 13:40:00,176.1,24,82,31.7,0,0,0
2026-09-01 13:45:00,171.4,16,77,30.2,0,0,0
2026-09-01 13:50:00,169.9,5,79,30.7,0,0,0
2026-09-01 13:55:00,172.8,1,75,31.7,0,0,0
2026-09-01 14:00:00,174.0,10,77,31.2,0,0,0
2026-09-01 14:05:00,170.6,13,77,32.5,0,0,0
2026-09-01 14:10:00,168.6,9,80,36.0,0,0,0
2026-09-01 14:15:00,163.1,11,79,31.4,0,0,0
2026-09-01 14:20:00,162.6,4,78,29.8,0,0,0
2026-09-01 14:25:00,163.0,4,81,30.1,0,0,0
2026-09-01 14:30:00,159.6,4,80,29.0,0,0,0
2026-09-01 14:35:00,154.4,8,76,32.7,0,0,0
2026-09-01 14:40:00,152.4,4,78,33.3,0,0,0
2026-09-01 14:45:00,146.6,8,79,34.2,0,0,0
2026-09-01 14:50:00,144.2,15,80,30.2,0,0,0
2026-09-01 14:55:00,141.6,8,79,30.1,0,0,0
2026-09-01 15:00:00,140.1,8,79,30.7,0,0,0
2026-09-01 15:05:00,136.8,3,80,28.9,0,0,0
2026-09-01 15:10:00,134.0,7,80,32.5,0,0,0
2026-09-01 15:15:00,129.7,8,76,32.5,0,0,0
2026-09-01 15:20:00,131.6,6,78,32.4,0,0,0
2026-09-01 15:25:00,133.4,11,79,31.2,0,0,0
2026-09-01 15:30:00,135.3,16,80,34.2,0,0,0
2026-09-01 15:35:00,132.2,4,78,35.5,0,0,0
2026-09-01 15:40:00,128.4,13,80,30.6,0,0,0
2026-09-01 15:45:00,126.7,9,79,33.3,0,0,0
2026-09-01 15:50:00,124.5,8,79,31.7,0,0,0
2026-09-01 15:55:00,126.1,13,78,30.0,0,0,0
2026-09-01 16:00:00,123.7,13,77,31.2,0,0,0
2026-09-01 16:05:00,125.4,5,78,31.8,0,0,0
2026-09-01 16:10:00,120.7,11,77,32.5,0,0,0
2026-09-01 16:15:00,120.7,4,77,30.9,0,0,0
2026-09-01 16:20:00,121.3,3,76,32.6,0,0,0
2026-09-01 16:25:00,123.6,16,78,31.3,0,0,0
2026-09-01 16:30:00,122.9,8,77,30.9,0,0,0
2026-09-01 16:35:00,122.7,5,74,32.1,0,0,0
2026-09-01 16:40:00,122.3,8,79,32.7,0,0,0
2026-09-01 16:45:00,122.1,3,78,33.3,0,0,0
2026-09-01 16:50:00,119.3,9,76,32.2,0,0,0
2026-09-01 16:55:00,119.8,9,75,30.7,0,0,0
2026-09-01 17:00:00,116.9,7,76,26.3,0,0,0
2026-09-01 17:05:00,114.1,10,84,30.1,0,22,65
2026-09-01 17:10:00,118.6,13,83,32.9,0,0,0
2026-09-01 17:15:00,121.2,20,83,30.3,0,0,0
2026-09-01 17:20:00,120.8,8,84,31.7,0,0,0
2026-09-01 17:25:00,123.3,9,83,29.4,0,0,0
2026-09-01 17:30:00,125.0,9,83,31.1,0,0,0
2026-09-01 17:35:00,123.9,11,79,32.3,0,0,0
2026-09-01 17:40:00,123.7,14,80,35.0,0,0,0
2026-09-01 17:45:00,127.5,4,83,33.8,0,0,0
2026-09-01 17:50:00,129.3,11,80,31.5,0,0,0
2026-09-01 17:55:00,127.0,4,78,32.2,0,0,0
2026-09-01 18:00:00,127.8,17,77,36.2,0,0,0
2026-09-01 18:05:00,127.0,7,76,32.5,0,0,0
2026-09-01 18:10:00,126.5,11,79,31.7,0,0,0
2026-09-01 18:15:00,124.2,9,80,32.2,0,0,0
2026-09-01 18:20:00,126.8,23,82,29.4,0,0,0
2026-09-01 18:25:00,127.3,6,79,31.3,0,0,0
2026-09-01 18:30:00,122.5,343,97,31.9,0,0,0
2026-09-01 18:35:00,123.1,350,101,32.6,0,0,0
2026-09-01 18:40:00,126.0,360,99,28.2,0,0,0
2026-09-01 18:45:00,126.7,350,101,29.8,0,0,0
2026-09-01 18:50:00,126.8,8,78,30.4,0,0,0
2026-09-01 18:55:00,126.8,8,80,30.3,0,0,0
2026-09-01 19:00:00,122.4,9,76,32.3,0,0,0
2026-09-01 19:05:00,124.4,9,80,31.3,0,0,0
2026-09-01 19:10:00,124.8,11,79,32.3,0,0,0
2026-09-01 19:15:00,123.6,8,83,34.0,0,0,0
2026-09-01 19:20:00,122.6,8,81,31.3,0,0,0
2026-09-01 19:25:00,123.5,5,74,31.4,0,0,0
2026-09-01 19:30:00,125.4,9,76,31.9,0,0,0
2026-09-01 19:35:00,124.4,9,78,31.3,0,0,0
2026-09-01 19:40:00,125.2,9,78,30.6,0,0,0
2026-09-01 19:45:00,124.6,11,79,31.7,0,0,0
2026-09-01 19:50:00,121.5,21,76,31.3,0,0,0
2026-09-01 19:55:00,122.4,3,77,31.2,0,0,0
2026-09-01 20:00:00,123.2,3,79,34.7,0,0,0
2026-09-01 20:05:00,123.5,9,80,33.8,0,0,0
2026-09-01 20:10:00,126.5,5,76,33.2,0,0,0
2026-09-01 20:15:00,123.7,13,82,30.3,0,0,0
2026-09-01 20:20:00,123.6,10,80,31.2,0,0,0
2026-09-01 20:25:00,123.9,5,75,33.9,0,0,0
2026-09-01 20:30:00,121.2,6,76,31.3,0,0,0
2026-09-01 20:35:00,123.0,11,76,32.3,0,0,0
2026-09-01 20:40:00,119.8,6,81,33.1,0,0,0
2026-09-01 20:45:00,119.3,15,80,30.0,0,0,0
2026-09-01 20:50:00,117.7,7,78,33.7,0,0,0
2026-09-01 20:55:00,116.7,9,81,31.6,0,0,0
2026-09-01 21:00:00,119.9,6,78,30.4,0,0,0
2026-09-01 21:05:00,118.4,5,81,31.7,0,0,0
2026-09-01 21:10:00,119.7,6,82,33.5,0,0,0
2026-09-01 21:15:00,117.3,9,82,35.2,0,0,0
2026-09-01 21:20:00,115.4,8,82,30.7,0,49,50
2026-09-01 21:25:00,119.8,14,82,28.5,0,0,0
2026-09-01 21:30:00,123.4,13,81,33.1,0,0,0
2026-09-01 21:35:00,131.2,9,82,31.7,0,0,0
2026-09-01 21:40:00,133.2,3,80,32.1,0,0,0
2026-09-01 21:45:00,137.3,6,82,31.6,0,0,0
2026-09-01 21:50:00,138.5,8,78,30.2,0,0,0
2026-09-01 21:55:00,142.0,5,82,29.9,0,0,0
2026-09-01 22:00:00,140.3,4,76,30.3,0,0,0
2026-09-01 22:05:00,135.3,6,78,29.8,0,0,0
2026-09-01 22:10:00,131.4,8,81,34.0,0,0,0
2026-09-01 22:15:00,130.5,12,79,34.5,0,0,0
2026-09-01 22:20:00,133.0,7,78,32.6,0,0,0
2026-09-01 22:25:00,131.5,5,79,33.1,0,0,0
2026-09-01 22:30:00,131.9,9,79,32.9,0,0,0
2026-09-01 22:35:00,133.4,8,81,31.5,0,0,0
2026-09-01 22:40:00,135.0,10,78,31.1,0,0,0
2026-09-01 22:45:00,135.0,23,77,34.5,0,0,0
2026-09-01 22:50:00,133.9,11,77,31.5,0,0,0
2026-09-01 22:55:00,132.5,16,79,34.2,0,0,0
2026-09-01 23:00:00,131.1,10,78,34.7,0,0,0
2026-09-01 23:05:00,129.5,5,77,32.1,0,0,0
2026-09-01 23:10:00,130.7,7,79,31.5,0,0,0
2026-09-01 23:15:00,128.2,9,77,31.3,0,0,0
2026-09-01 23:20:00,130.1,12,81,35.6,0,0,0
2026-09-01 23:25:00,130.5,11,81,33.6,0,0,0
2026-09-01 23:30:00,131.2,4,77,34.1,0,0,0
2026-09-01 23:35:00,130.8,3,77,29.9,0,0,0
2026-09-01 23:40:00,130.4,8,80,34.8,0,0,0
2026-09-01 23:45:00,133.6,0,68,52.5,1,0,0
2026-09-01 23:50:00,134.4,0,73,49.4,1,0,0
2026-09-01 23:55:00,133.4,0,72,52.4,1,0,0
2026-09-02 00:00:00,130.0,1,70,58.3,1,0,0
2026-09-02 00:05:00,129.8,1,70,50.1,1,0,0
2026-09-02 00:10:00,126.2,0,68,53.6,1,0,0
2026-09-02 00:15:00,125.1,1,66,52.7,1,0,0
2026-09-02 00:20:00,121.9,0,71,51.3,1,0,0
2026-09-02 00:25:00,118.8,0,71,51.9,1,0,0
2026-09-02 00:30:00,116.3,0,74,52.1,1,0,0
2026-09-02 00:35:00,113.1,1,72,49.3,1,0,0
2026-09-02 00:40:00,115.8,0,69,53.6,1,0,0
2026-09-02 00:45:00,119.5,1,71,47.7,1,0,0
2026-09-02 00:50:00,118.7,0,73,51.1,1,0,0
2026-09-02 00:55:00,120.4,1,70,50.4,1,0,0
2026-09-02 01:00:00,120.5,1,72,51.0,1,0,0
2026-09-02 01:05:00,123.1,0,73,55.5,1,0,0
2026-09-02 01:10:00,125.0,0,69,52.2,1,0,0
2026-09-02 01:15:00,123.0,0,73,50.6,1,0,0
2026-09-02 01:20:00,124.6,0,69,50.2,1,0,0
2026-09-02 01:25:00,124.9,0,66,53.1,1,0,0
2026-09-02 01:30:00,124.7,0,68,52.2,1,0,0
2026-09-02 01:35:00,120.8,2,71,53.2,1,0,0
2026-09-02 01:40:00,121.5,0,69,48.1,1,0,0
2026-09-02 01:45:00,123.0,0,70,51.4,1,0,0
2026-09-02 01:50:00,121.6,0,67,52.0,1,0,0
2026-09-02 01:55:00,122.1,1,69,51.7,1,0,0
2026-09-02 02:00:00,124.5,1,72,53.5,1,0,0
2026-09-02 02:05:00,121.0,0,69,50.4,1,0,0
2026-09-02 02:10:00,116.7,0,71,48.6,1,0,0
2026-09-02 02:15:00,117.0,0,75,53.7,1,0,0
2026-09-02 02:20:00,115.6,0,70,49.8,1,0,0
2026-09-02 02:25:00,117.7,0,70,50.3,1,0,0
2026-09-02 02:30:00,116.7,1,66,54.2,1,0,0
2026-09-02 02:35:00,115.6,0,72,53.3,1,0,0
2026-09-02 02:40:00,117.3,0,70,53.8,1,0,0
2026-09-02 02:45:00,112.4,0,68,52.3,1,0,0
2026-09-02 02:50:00,110.4,0,69,53.3,1,0,0
2026-09-02 02:55:00,109.0,0,70,54.4,1,0,0
2026-09-02 03:00:00,109.0,0,70,53.3,1,0,0
2026-09-02 03:05:00,111.1,0,69,53.0,1,0,0
2026-09-02 03:10:00,108.6,0,74,52.1,1,0,0
2026-09-02 03:15:00,106.0,1,69,51.1,1,0,0
2026-09-02 03:20:00,103.7,0,68,51.3,1,0,0
2026-09-02 03:25:00,104.4,0,72,54.7,1,0,0
2026-09-02 03:30:00,105.7,1,71,49.5,1,0,0
2026-09-02 03:35:00,105.8,0,72,53.5,1,0,0
2026-09-02 03:40:00,107.2,2,69,54.6,1,0,0
2026-09-02 03:45:00,108.3,0,71,51.4,1,0,0
2026-09-02 03:50:00,108.1,0,70,51.5,1,0,0
2026-09-02 03:55:00,107.0,0,67,50.9,1,0,0
2026-09-02 04:00:00,106.5,0,66,54.2,1,0,0
2026-09-02 04:05:00,110.0,0,72,51.2,1,0,0
2026-09-02 04:10:00,113.3,1,71,53.7,1,0,0
2026-09-02 04:15:00,112.9,0,68,52.8,1,0,0
2026-09-02 04:20:00,112.9,0,72,55.4,1,0,0
2026-09-02 04:25:00,116.4,1,69,49.1,1,0,0
2026-09-02 04:30:00,115.5,0,71,51.6,1,0,0
2026-09-02 04:35:00,117.1,1,69,51.4,1,0,0
2026-09-02 04:40:00,120.3,2,70,52.8,1,0,0
2026-09-02 04:45:00,119.5,0,69,49.8,1,0,0
2026-09-02 04:50:00,121.2,0,70,50.9,1,0,0
2026-09-02 04:55:00,118.8,0,71,51.9,1,0,0
2026-09-02 05:00:00,118.1,0,72,52.5,1,0,0
2026-09-02 05:05:00,119.7,1,71,50.7,1,0,0
2026-09-02 05:10:00,122.5,0,72,48.9,1,0,0
2026-09-02 05:15:00,122.9,0,67,51.8,1,0,0
2026-09-02 05:20:00,127.8,0,69,49.3,1,0,0
2026-09-02 05:25:00,129.8,0,72,50.5,1,0,0
2026-09-02 05:30:00,132.8,0,71,52.6,1,0,0
2026-09-02 05:35:00,134.9,2,68,55.1,1,0,0
2026-09-02 05:40:00,136.1,1,68,51.2,1,0,0
2026-09-02 05:45:00,134.7,0,70,53.2,1,0,0
2026-09-02 05:50:00,132.6,0,68,54.7,1,0,0
2026-09-02 05:55:00,130.4,0,70,53.9,1,0,0
2026-09-02 06:00:00,130.8,1,70,54.5,1,0,0
2026-09-02 06:05:00,134.9,0,68,54.3,1,0,0
2026-09-02 06:10:00,130.6,0,71,52.2,1,0,0
2026-09-02 06:15:00,123.7,2,69,55.1,1,0,0
2026-09-02 06:20:00,126.1,0,68,55.4,1,0,0
2026-09-02 06:25:00,127.8,1,72,53.8,1,0,0
2026-09-02 06:30:00,128.9,6,76,30.9,0,0,0
2026-09-02 06:35:00,127.5,6,83,30.3,0,0,0
2026-09-02 06:40:00,122.1,3,77,30.1,0,0,0
2026-09-02 06:45:00,120.9,10,80,29.4,0,0,0
2026-09-02 06:50:00,123.6,3,78,34.6,0,0,0
2026-09-02 06:55:00,123.5,2,78,32.9,0,0,0
2026-09-02 07:00:00,124.7,14,77,31.1,0,0,0
2026-09-02 07:05:00,120.8,4,80,34.4,0,0,0
2026-09-02 07:10:00,118.5,9,77,32.8,0,0,0
2026-09-02 07:15:00,116.7,0,78,31.3,0,0,0
2026-09-02 07:20:00,115.6,3,76,31.6,0,0,0
2026-09-02 07:25:00,119.5,3,80,31.7,0,0,0
2026-09-02 07:30:00,119.5,4,78,31.4,0,0,0
2026-09-02 07:35:00,120.5,9,78,32.9,0,0,0
2026-09-02 07:40:00,117.8,4,77,32.5,0,0,0
2026-09-02 07:45:00,121.8,5,78,33.7,0,0,0
2026-09-02 07:50:00,122.1,14,77,33.4,0,0,0
2026-09-02 07:55:00,119.8,21,79,30.8,0,0,0
2026-09-02 08:00:00,122.2,8,77,29.6,0,0,0
2026-09-02 08:05:00,120.5,6,81,29.1,0,0,0
2026-09-02 08:10:00,118.7,8,78,30.8,0,0,0
2026-09-02 08:15:00,118.3,8,75,34.5,0,0,0
2026-09-02 08:20:00,120.8,11,81,32.1,0,0,0
2026-09-02 08:25:00,120.4,11,78,33.7,0,0,0
2026-09-02 08:30:00,124.0,19,80,34.2,0,0,0
2026-09-02 08:35:00,123.0,337,97,30.3,0,0,0
2026-09-02 08:40:00,120.5,343,100,30.8,0,50,65
2026-09-02 08:45:00,127.0,341,102,31.5,0,0,0
2026-09-02 08:50:00,137.0,336,102,29.5,0,0,0
2026-09-02 08:55:00,141.6,6,81,31.6,0,0,0
2026-09-02 09:00:00,144.5,9,79,29.1,0,0,0
2026-09-02 09:05:00,146.7,8,83,34.4,0,0,0
2026-09-02 09:10:00,148.2,3,77,31.0,0,0,0
2026-09-02 09:15:00,149.9,12,79,30.3,0,0,0
2026-09-02 09:20:00,150.0,5,79,33.5,0,0,0
2026-09-02 09:25:00,154.0,17,80,34.6,0,0,0
2026-09-02 09:30:00,153.8,5,83,32.0,0,0,0
2026-09-02 09:35:00,150.9,8,80,30.2,0,0,0
2026-09-02 09:40:00,148.8,4,78,29.6,0,0,0
2026-09-02 09:45:00,150.1,7,80,28.2,0,0,0
2026-09-02 09:50:00,146.1,16,81,32.4,0,0,0
2026-09-02 09:55:00,144.4,13,78,30.2,0,0,0
2026-09-02 10:00:00,145.4,11,78,33.3,0,0,0
2026-09-02 10:05:00,139.4,11,81,34.3,0,0,0
2026-09-02 10:10:00,139.6,11,78,31.8,0,0,0
2026-09-02 10:15:00,137.3,11,80,31.8,0,0,0
2026-09-02 10:20:00,134.0,6,75,33.5,0,0,0
2026-09-02 10:25:00,133.8,4,79,34.0,0,0,0
2026-09-02 10:30:00,134.7,3,77,31.4,0,0,0
2026-09-02 10:35:00,130.3,7,80,33.6,0,0,0
2026-09-02 10:40:00,131.0,5,78,33.1,0,0,0
2026-09-02 10:45:00,129.3,5,73,31.1,0,0,0
2026-09-02 10:50:00,129.8,12,78,30.8,0,0,0
2026-09-02 10:55:00,131.3,10,80,32.6,0,0,0
2026-09-02 11:00:00,128.6,14,79,29.2,0,0,0
2026-09-02 11:05:00,128.7,5,76,31.0,0,0,0
2026-09-02 11:10:00,129.6,14,77,27.8,0,0,0
2026-09-02 11:15:00,130.7,4,77,30.7,0,0,0
2026-09-02 11:20:00,127.4,10,82,34.8,0,0,0
2026-09-02 11:25:00,126.9,7,81,27.7,0,0,0
2026-09-02 11:30:00,127.2,3,80,29.5,0,0,0
2026-09-02 11:35:00,128.2,8,75,32.7,0,0,0
2026-09-02 11:40:00,129.8,7,80,30.4,0,0,0
2026-09-02 11:45:00,125.9,1,78,30.2,0,0,0
2026-09-02 11:50:00,123.5,9,75,31.2,0,0,0
2026-09-02 11:55:00,119.0,3,80,29.2,0,0,0
2026-09-02 12:00:00,118.1,8,80,29.0,0,0,0
2026-09-02 12:05:00,121.4,11,76,30.5,0,0,0
2026-09-02 12:10:00,122.4,8,73,31.5,0,0,0
2026-09-02 12:15:00,125.7,3,80,32.5,0,0,0
2026-09-02 12:20:00,126.9,11,79,34.8,0,0,0
2026-09-02 12:25:00,127.1,11,79,31.8,0,0,0
2026-09-02 12:30:00,127.2,12,76,29.1,0,0,0
2026-09-02 12:35:00,126.5,8,77,34.0,0,0,0
2026-09-02 12:40:00,124.3,27,81,31.0,0,0,0
2026-09-02 12:45:00,124.2,6,80,31.6,0,0,0
2026-09-02 12:50:00,125.2,4,78,34.0,0,0,0
2026-09-02 12:55:00,123.3,6,75,32.5,0,0,0
2026-09-02 13:00:00,124.4,7,77,35.9,0,0,0
2026-09-02 13:05:00,123.1,6,79,27.5,0,0,0
2026-09-02 13:10:00,123.9,4,78,32.6,0,0,0
2026-09-02 13:15:00,124.1,19,78,32.8,0,0,0
2026-09-02 13:20:00,118.3,3,76,33.7,0,0,0
2026-09-02 13:25:00,117.6,9,77,28.9,0,0,0
2026-09-02 13:30:00,117.9,14,77,32.9,0,0,0
2026-09-02 13:35:00,119.9,3,81,30.0,0,98,70
2026-09-02 13:40:00,137.4,7,82,33.9,0,0,0
2026-09-02 13:45:00,147.4,10,85,35.6,0,0,0
2026-09-02 13:50:00,156.5,19,85,30.7,0,0,0
2026-09-02 13:55:00,166.7,16,86,34.2,0,0,0
2026-09-02 14:00:00,172.8,19,81,31.5,0,0,0
2026-09-02 14:05:00,175.4,7,79,33.8,0,0,0
2026-09-02 14:10:00,180.4,6,80,30.2,0,0,0
2026-09-02 14:15:00,181.4,11,81,29.9,0,0,0
2026-09-02 14:20:00,181.3,3,80,32.1,0,0,0
2026-09-02 14:25:00,179.3,21,81,30.4,0,0,0
2026-09-02 14:30:00,177.2,9,80,31.5,0,0,0
2026-09-02 14:35:00,175.8,13,81,33.9,0,0,0
2026-09-02 14:40:00,171.2,12,79,31.1,0,0,0
2026-09-02 14:45:00,172.2,15,76,33.1,0,0,0
2026-09-02 14:50:00,167.9,6,73,33.0,0,0,0
2026-09-02 14:55:00,166.8,8,77,31.7,0,0,0
2026-09-02 15:00:00,165.7,15,82,32.6,0,0,0
2026-09-02 15:05:00,161.9,11,83,30.3,0,0,0
2026-09-02 15:10:00,158.5,4,80,32.0,0,0,0
2026-09-02 15:15:00,158.3,4,78,28.4,0,0,0
2026-09-02 15:20:00,154.6,1,74,29.9,0,0,0
2026-09-02 15:25:00,150.5,8,79,33.2,0,0,0
2026-09-02 15:30:00,152.3,9,75,32.0,0,0,0
2026-09-02 15:35:00,148.1,10,80,31.1,0,0,0
2026-09-02 15:40:00,147.4,5,79,34.2,0,0,0
2026-09-02 15:45:00,145.9,10,78,31.9,0,0,0
2026-09-02 15:50:00,140.2,7,77,34.9,0,0,0
2026-09-02 15:55:00,137.8,10,76,34.5,0,0,0
2026-09-02 16:00:00,133.8,6,72,32.5,0,0,0
2026-09-02 16:05:00,134.0,3,78,28.9,0,0,0
2026-09-02 16:10:00,130.4,6,79,31.7,0,0,0
2026-09-02 16:15:00,126.9,5,83,29.5,0,0,0
2026-09-02 16:20:00,125.6,2,77,33.8,0,0,0
2026-09-02 16:25:00,126.2,11,84,31.0,0,0,0
2026-09-02 16:30:00,126.8,7,82,29.4,0,0,0
2026-09-02 16:35:00,126.8,13,79,31.3,0,0,0
2026-09-02 16:40:00,125.9,5,78,31.8,0,0,0
2026-09-02 16:45:00,128.9,10,79,34.0,0,0,0
2026-09-02 16:50:00,129.5,7,80,30.8,0,0,0
2026-09-02 16:55:00,131.1,16,81,32.2,0,0,0
2026-09-02 17:00:00,131.5,11,78,31.6,0,51,80
2026-09-02 17:05:00,139.2,7,82,32.4,0,0,0
2026-09-02 17:10:00,143.2,4,82,29.5,0,0,0
2026-09-02 17:15:00,150.7,19,79,34.1,0,0,0
2026-09-02 17:20:00,155.8,5,79,30.8,0,0,0
2026-09-02 17:25:00,158.9,6,81,30.2,0,0,0
2026-09-02 17:30:00,159.5,4,81,30.9,0,0,0
2026-09-02 17:35:00,160.3,8,78,37.2,0,0,0
2026-09-02 17:40:00,161.8,27,79,29.4,0,0,0
2026-09-02 17:45:00,160.7,11,82,32.7,0,0,0
2026-09-02 17:50:00,157.7,10,80,30.3,0,0,0
2026-09-02 17:55:00,158.6,8,82,32.7,0,0,0
2026-09-02 18:00:00,154.7,14,80,34.3,0,0,0
2026-09-02 18:05:00,155.8,10,82,33.0,0,0,0
2026-09-02 18:10:00,154.5,25,81,32.9,0,0,0
2026-09-02 18:15:00,150.8,15,78,32.8,0,0,0
2026-09-02 18:20:00,149.7,6,76,30.8,0,0,0
2026-09-02 18:25:00,147.4,8,84,32.9,0,0,0
2026-09-02 18:30:00,147.2,22,73,33.5,0,0,0
2026-09-02 18:35:00,147.6,4,78,36.8,0,0,0
2026-09-02 18:40:00,143.5,13,78,30.6,0,0,0
2026-09-02 18:45:00,138.6,9,77,29.1,0,0,0
2026-09-02 18:50:00,140.4,17,78,27.5,0,0,0
2026-09-02 18:55:00,135.1,14,81,30.6,0,0,0
2026-09-02 19:00:00,134.7,2,79,33.0,0,0,0
2026-09-02 19:05:00,133.4,22,80,28.9,0,0,0
2026-09-02 19:10:00,130.4,5,80,33.8,0,0,0
2026-09-02 19:15:00,128.3,24,77,33.3,0,0,0
2026-09-02 19:20:00,125.7,5,77,30.2,0,0,0
2026-09-02 19:25:00,127.2,8,77,31.2,0,0,0
2026-09-02 19:30:00,127.5,15,77,35.9,0,0,0
2026-09-02 19:35:00,126.3,9,81,35.1,0,0,0
2026-09-02 19:40:00,123.9,2,76,30.2,0,0,0
2026-09-02 19:45:00,126.6,9,82,33.0,0,0,0
2026-09-02 19:50:00,126.3,7,79,31.7,0,0,0
2026-09-02 19:55:00,128.2,9,74,32.6,0,0,0
2026-09-02 20:00:00,128.2,12,80,31.4,0,0,0
2026-09-02 20:05:00,128.4,6,81,29.7,0,0,0
2026-09-02 20:10:00,127.9,10,79,28.4,0,0,0
2026-09-02 20:15:00,125.0,10,82,33.8,0,0,0
2026-09-02 20:20:00,125.8,15,81,32.5,0,0,0
2026-09-02 20:25:00,123.8,12,77,30.8,0,0,0
2026-09-02 20:30:00,124.9,9,78,34.7,0,0,0
2026-09-02 20:35:00,124.5,9,81,30.7,0,0,0
2026-09-02 20:40:00,125.3,10,79,30.9,0,0,0
2026-09-02 20:45:00,122.3,6,80,33.0,0,0,0
2026-09-02 20:50:00,124.5,11,79,30.0,0,0,0
2026-09-02 20:55:00,121.8,5,81,31.3,0,0,0
2026-09-02 21:00:00,116.5,6,76,32.1,0,0,0
2026-09-02 21:05:00,119.8,16,79,29.6,0,0,0
2026-09-02 21:10:00,121.0,16,80,31.8,0,0,0
2026-09-02 21:15:00,118.8,15,81,33.9,0,0,0
2026-09-02 21:20:00,116.7,2,77,31.6,0,0,0
2026-09-02 21:25:00,115.2,20,79,31.9,0,0,0
2026-09-02 21:30:00,114.0,8,76,32.8,0,0,0
2026-09-02 21:35:00,114.1,2,83,30.7,0,0,0
2026-09-02 21:40:00,112.6,7,81,33.6,0,0,0
2026-09-02 21:45:00,114.2,4,74,33.1,0,0,0
2026-09-02 21:50:00,114.0,13,78,29.7,0,0,0
2026-09-02 21:55:00,112.7,7,79,35.0,0,0,0
2026-09-02 22:00:00,112.5,9,81,30.4,0,0,0
2026-09-02 22:05:00,113.6,18,83,32.7,0,0,0
2026-09-02 22:10:00,112.3,7,77,32.2,0,0,0
2026-09-02 22:15:00,111.7,3,79,35.2,0,0,0
2026-09-02 22:20:00,110.8,7,78,33.2,0,0,0
2026-09-02 22:25:00,106.2,14,77,28.6,0,0,0
2026-09-02 22:30:00,106.4,11,78,36.1,0,0,0
2026-09-02 22:35:00,110.8,12,79,28.8,0,0,0
2026-09-02 22:40:00,111.4,5,75,31.1,0,0,0
2026-09-02 22:45:00,113.5,8,78,31.5,0,0,0
2026-09-02 22:50:00,114.9,7,79,36.1,0,0,0
2026-09-02 22:55:00,116.1,5,77,35.2,0,0,0
2026-09-02 23:00:00,118.6,4,79,33.5,0,0,0
2026-09-02 23:05:00,117.8,7,81,30.2,0,0,0
2026-09-02 23:10:00,118.7,7,79,32.3,0,0,0
2026-09-02 23:15:00,115.4,0,74,53.9,1,0,0
2026-09-02 23:20:00,114.4,0,71,49.7,1,0,0
2026-09-02 23:25:00,116.6,0,72,49.8,1,0,0
2026-09-02 23:30:00,114.9,1,72,52.2,1,0,0
2026-09-02 23:35:00,113.5,0,72,49.1,1,0,0
2026-09-02 23:40:00,114.1,0,66,47.5,1,0,0
2026-09-02 23:45:00,115.6,0,71,49.7,1,0,0
2026-09-02 23:50:00,114.8,1,69,48.5,1,0,0
2026-09-02 23:55:00,116.8,0,69,48.2,1,0,0
2026-09-03 00:00:00,116.7,0,69,54.0,1,0,0
2026-09-03 00:05:00,116.7,0,67,53.3,1,0,0
2026-09-03 00:10:00,118.2,0,70,50.8,1,0,0
2026-09-03 00:15:00,121.8,1,68,50.4,1,0,0
2026-09-03 00:20:00,121.4,0,70,51.0,1,0,0
2026-09-03 00:25:00,123.9,0,67,49.4,1,0,0
2026-09-03 00:30:00,123.7,0,72,48.9,1,0,0
2026-09-03 00:35:00,125.2,0,70,50.7,1,0,0
2026-09-03 00:40:00,126.7,0,70,51.0,1,0,0
2026-09-03 00:45:00,130.0,0,71,50.5,1,0,0
2026-09-03 00:50:00,129.6,1,74,52.2,1,0,0
2026-09-03 00:55:00,129.6,0,70,48.9,1,0,0
2026-09-03 01:00:00,129.3,0,74,48.8,1,0,0
2026-09-03 01:05:00,127.4,0,73,48.9,1,0,0
2026-09-03 01:10:00,129.9,0,71,52.3,1,0,0
2026-09-03 01:15:00,128.7,0,71,50.5,1,0,0
2026-09-03 01:20:00,128.6,0,73,49.8,1,0,0
2026-09-03 01:25:00,130.5,1,69,53.1,1,0,0
2026-09-03 01:30:00,128.4,0,67,48.7,1,0,0
2026-09-03 01:35:00,128.4,0,71,51.0,1,0,0
2026-09-03 01:40:00,125.8,0,67,48.3,1,0,0
2026-09-03 01:45:00,124.2,0,70,47.1,1,0,0
2026-09-03 01:50:00,122.0,0,70,51.1,1,0,0
2026-09-03 01:55:00,121.8,0,75,49.5,1,0,0
2026-09-03 02:00:00,122.5,0,71,52.8,1,0,0
2026-09-03 02:05:00,123.9,0,71,48.2,1,0,0
2026-09-03 02:10:00,125.9,0,71,48.6,1,0,0
2026-09-03 02:15:00,123.6,0,73,53.0,1,0,0
2026-09-03 02:20:00,121.5,1,72,50.6,1,0,0
2026-09-03 02:25:00,118.4,0,71,49.1,1,0,0
2026-09-03 02:30:00,120.6,0,72,53.4,1,0,0
2026-09-03 02:35:00,122.1,0,74,52.0,1,0,0
2026-09-03 02:40:00,123.4,0,71,50.7,1,0,0
2026-09-03 02:45:00,122.6,0,68,51.6,1,0,0
2026-09-03 02:50:00,126.5,2,71,49.5,1,0,0
2026-09-03 02:55:00,127.0,0,72,48.0,1,0,0
2026-09-03 03:00:00,127.0,0,70,52.4,1,0,0
2026-09-03 03:05:00,125.8,1,70,51.9,1,0,0
2026-09-03 03:10:00,128.0,0,69,56.5,1,0,0
2026-09-03 03:15:00,130.7,0,68,54.3,1,0,0
2026-09-03 03:20:00,132.2,0,70,47.9,1,0,0
2026-09-03 03:25:00,130.4,0,70,50.7,1,0,0
2026-09-03 03:30:00,129.9,0,73,50.3,1,0,0
2026-09-03 03:35:00,129.8,0,64,51.6,1,0,0
2026-09-03 03:40:00,129.2,1,68,51.5,1,0,0
2026-09-03 03:45:00,129.9,0,71,52.5,1,0,0
2026-09-03 03:50:00,131.8,0,71,54.2,1,0,0
2026-09-03 03:55:00,133.0,0,68,51.0,1,0,0
2026-09-03 04:00:00,131.5,1,68,48.4,1,0,0
2026-09-03 04:05:00,133.5,0,69,49.8,1,0,0
2026-09-03 04:10:00,134.2,0,69,51.1,1,0,0
2026-09-03 04:15:00,133.7,1,70,49.4,1,0,0
2026-09-03 04:20:00,132.7,0,71,50.8,1,0,0
2026-09-03 04:25:00,131.9,0,69,49.5,1,0,0
2026-09-03 04:30:00,132.0,0,66,53.2,1,0,0
2026-09-03 04:35:00,130.6,1,68,52.0,1,0,0
2026-09-03 04:40:00,129.5,0,67,49.6,1,0,0
2026-09-03 04:45:00,126.3,1,69,51.9,1,0,0
2026-09-03 04:50:00,126.0,1,71,50.5,1,0,0
2026-09-03 04:55:00,124.8,0,69,50.3,1,0,0
2026-09-03 05:00:00,123.9,0,66,46.1,1,0,0
2026-09-03 05:05:00,124.1,0,67,53.2,1,0,0
2026-09-03 05:10:00,121.9,0,69,52.0,1,0,0
2026-09-03 05:15:00,122.2,0,72,52.9,1,0,0
2026-09-03 05:20:00,121.7,0,70,54.0,1,0,0
2026-09-03 05:25:00,120.2,0,71,49.7,1,0,0
2026-09-03 05:30:00,121.8,0,71,51.9,1,0,0
2026-09-03 05:35:00,124.7,0,70,49.7,1,0,0
2026-09-03 05:40:00,125.3,0,68,51.8,1,0,0
2026-09-03 05:45:00,124.5,0,74,47.6,1,0,0
2026-09-03 05:50:00,127.5,1,69,51.6,1,0,0
2026-09-03 05:55:00,125.6,0,72,52.3,1,0,0
2026-09-03 06:00:00,125.7,0,69,52.1,1,0,0
2026-09-03 06:05:00,127.0,0,71,52.3,1,0,0
2026-09-03 06:10:00,126.3,0,70,49.9,1,0,0
2026-09-03 06:15:00,124.6,6,81,25.8,0,0,0
2026-09-03 06:20:00,125.7,5,78,33.1,0,0,0
2026-09-03 06:25:00,124.6,13,78,27.6,0,0,0
2026-09-03 06:30:00,127.1,14,79,30.4,0,0,0
2026-09-03 06:35:00,126.6,10,77,32.5,0,0,0
2026-09-03 06:40:00,128.6,6,80,32.0,0,0,0
2026-09-03 06:45:00,128.7,3,80,31.4,0,0,0
2026-09-03 06:50:00,127.5,13,83,33.3,0,0,0
2026-09-03 06:55:00,128.0,17,78,32.1,0,0,0
2026-09-03 07:00:00,124.7,14,77,32.9,0,0,0
2026-09-03 07:05:00,125.4,8,77,31.5,0,0,0
2026-09-03 07:10:00,121.4,2,78,33.3,0,0,0
2026-09-03 07:15:00,123.4,5,81,34.8,0,0,0
2026-09-03 07:20:00,124.5,6,82,34.9,0,0,0
2026-09-03 07:25:00,123.5,10,74,28.0,0,0,0
2026-09-03 07:30:00,123.0,15,82,29.6,0,0,0
2026-09-03 07:35:00,121.2,1,78,31.9,0,0,0
2026-09-03 07:40:00,117.8,23,79,28.8,0,0,0
2026-09-03 07:45:00,116.0,5,78,32.1,0,0,0
2026-09-03 07:50:00,114.1,11,77,31.7,0,0,0
2026-09-03 07:55:00,113.5,17,79,33.7,0,0,0
2026-09-03 08:00:00,115.4,14,78,32.1,0,0,0
2026-09-03 08:05:00,118.3,13,82,33.8,0,34,55
2026-09-03 08:10:00,122.4,14,80,35.0,0,0,0
2026-09-03 08:15:00,125.2,5,79,30.1,0,0,0
2026-09-03 08:20:00,128.7,386,103,32.9,0,0,0
2026-09-03 08:25:00,134.6,392,102,32.9,0,0,0
2026-09-03 08:30:00,137.2,6,84,29.5,0,0,0
2026-09-03 08:35:00,137.4,19,80,33.8,0,0,0
2026-09-03 08:40:00,134.3,10,80,32.9,0,0,0
2026-09-03 08:45:00,133.6,2,79,30.2,0,0,0
2026-09-03 08:50:00,133.4,9,78,33.8,0,0,0
2026-09-03 08:55:00,135.6,8,77,29.6,0,0,0
2026-09-03 09:00:00,134.3,5,78,30.4,0,0,0
2026-09-03 09:05:00,136.6,2,76,31.6,0,0,0
2026-09-03 09:10:00,132.9,3,80,27.7,0,0,0
2026-09-03 09:15:00,132.6,5,78,29.0,0,0,0
2026-09-03 09:20:00,132.2,5,79,32.0,0,0,0
2026-09-03 09:25:00,130.6,11,84,31.0,0,0,0
2026-09-03 09:30:00,127.1,11,80,30.3,0,0,0
2026-09-03 09:35:00,125.0,9,80,30.5,0,0,0
2026-09-03 09:40:00,123.6,18,87,30.3,0,0,0
2026-09-03 09:45:00,119.5,13,78,30.9,0,0,0
2026-09-03 09:50:00,119.3,5,80,34.6,0,0,0
2026-09-03 09:55:00,121.1,7,80,29.8,0,0,0
2026-09-03 10:00:00,120.7,8,80,33.0,0,0,0
2026-09-03 10:05:00,118.5,18,78,31.2,0,0,0
2026-09-03 10:10:00,118.9,15,79,32.6,0,0,0
2026-09-03 10:15:00,118.4,17,76,31.2,0,0,0
2026-09-03 10:20:00,122.1,11,75,29.5,0,0,0
2026-09-03 10:25:00,122.8,12,81,30.3,0,0,0
2026-09-03 10:30:00,128.5,13,80,29.9,0,0,0
2026-09-03 10:35:00,127.7,4,82,31.6,0,0,0
2026-09-03 10:40:00,126.4,10,78,31.4,0,0,0
2026-09-03 10:45:00,123.5,7,78,31.7,0,0,0
2026-09-03 10:50:00,124.8,16,81,34.4,0,0,0
2026-09-03 10:55:00,125.4,8,77,34.9,0,0,0
2026-09-03 11:00:00,123.6,9,77,32.9,0,0,0
2026-09-03 11:05:00,123.5,5,80,31.8,0,0,0
2026-09-03 11:10:00,122.1,4,78,29.9,0,0,0
2026-09-03 11:15:00,121.4,10,75,29.2,0,0,0
2026-09-03 11:20:00,121.5,4,80,31.4,0,0,0
2026-09-03 11:25:00,119.4,10,76,28.5,0,0,0
2026-09-03 11:30:00,119.5,11,76,33.2,0,0,0
2026-09-03 11:35:00,113.4,2,78,32.0,0,0,0
2026-09-03 11:40:00,116.3,10,77,28.0,0,0,0
2026-09-03 11:45:00,120.8,7,79,30.5,0,0,0
2026-09-03 11:50:00,120.1,10,78,34.7,0,0,0
2026-09-03 11:55:00,121.9,5,79,31.6,0,0,0
2026-09-03 12:00:00,123.3,17,76,28.0,0,0,0
2026-09-03 12:05:00,122.5,10,78,32.8,0,0,0
2026-09-03 12:10:00,119.3,13,78,30.5,0,0,0
2026-09-03 12:15:00,118.0,2,80,29.8,0,0,0
2026-09-03 12:20:00,116.5,12,75,29.1,0,0,0
2026-09-03 12:25:00,113.1,7,76,27.9,0,0,0
2026-09-03 12:30:00,113.8,7,75,32.3,0,0,0
2026-09-03 12:35:00,116.4,14,78,29.5,0,0,0
2026-09-03 12:40:00,117.1,10,78,34.9,0,0,0
2026-09-03 12:45:00,120.8,7,78,27.8,0,0,0
2026-09-03 12:50:00,118.6,13,77,32.1,0,0,0
2026-09-03 12:55:00,120.6,16,80,27.6,0,0,0
2026-09-03 13:00:00,121.6,6,82,33.8,0,62,68
2026-09-03 13:05:00,132.1,12,82,34.5,0,0,0
2026-09-03 13:10:00,141.2,9,81,29.0,0,0,0
2026-09-03 13:15:00,148.4,8,82,32.8,0,0,0
2026-09-03 13:20:00,155.5,2,79,31.5,0,0,0
2026-09-03 13:25:00,161.2,6,81,28.9,0,0,0
2026-09-03 13:30:00,161.7,7,78,33.8,0,0,0
2026-09-03 13:35:00,160.9,24,82,32.3,0,0,0
2026-09-03 13:40:00,163.8,9,74,34.4,0,0,0
2026-09-03 13:45:00,164.0,10,80,35.4,0,0,0
2026-09-03 13:50:00,165.5,4,78,32.3,0,0,0
2026-09-03 13:55:00,164.4,7,80,32.9,0,0,0
2026-09-03 14:00:00,158.8,17,79,33.1,0,0,0
2026-09-03 14:05:00,159.3,539,108,30.8,0,0,0
2026-09-03 14:10:00,155.9,538,111,34.9,0,0,0
2026-09-03 14:15:00,152.7,8,75,36.5,0,0,0
2026-09-03 14:20:00,152.2,8,82,29.8,0,0,0
2026-09-03 14:25:00,152.0,6,80,35.9,0,0,0
2026-09-03 14:30:00,148.4,9,78,30.5,0,0,0
2026-09-03 14:35:00,149.5,5,80,30.7,0,0,0
2026-09-03 14:40:00,149.8,3,80,35.7,0,0,0
2026-09-03 14:45:00,144.9,9,78,29.2,0,0,0
2026-09-03 14:50:00,145.0,5,78,33.0,0,0,0
2026-09-03 14:55:00,142.2,17,80,30.7,0,0,0
2026-09-03 15:00:00,141.8,4,76,32.2,0,0,0
2026-09-03 15:05:00,140.7,11,79,29.9,0,0,0
2026-09-03 15:10:00,136.1,11,78,34.4,0,0,0
2026-09-03 15:15:00,136.1,2,78,28.0,0,0,0
2026-09-03 15:20:00,135.3,17,81,30.4,0,0,0
2026-09-03 15:25:00,135.5,9,78,30.9,0,0,0
2026-09-03 15:30:00,137.0,9,78,30.5,0,0,0
2026-09-03 15:35:00,134.0,12,78,33.8,0,0,0
2026-09-03 15:40:00,133.1,10,78,29.6,0,0,0
2026-09-03 15:45:00,129.8,18,80,32.1,0,0,0
2026-09-03 15:50:00,131.0,3,77,29.6,0,0,0
2026-09-03 15:55:00,130.8,5,78,31.9,0,0,0
2026-09-03 16:00:00,129.0,10,77,32.9,0,0,0
2026-09-03 16:05:00,127.3,6,81,30.8,0,0,0
2026-09-03 16:10:00,127.8,9,81,31.7,0,0,0
2026-09-03 16:15:00,125.1,6,80,32.7,0,0,0
2026-09-03 16:20:00,125.0,8,78,28.8,0,0,0
2026-09-03 16:25:00,123.5,4,77,25.8,0,0,0
2026-09-03 16:30:00,120.8,4,80,31.3,0,0,0
2026-09-03 16:35:00,119.5,13,84,31.5,0,0,0
2026-09-03 16:40:00,117.3,5,77,29.2,0,0,0
2026-09-03 16:45:00,117.1,9,80,32.1,0,0,0
2026-09-03 16:50:00,118.2,9,74,30.9,0,0,0
2026-09-03 16:55:00,118.5,11,80,32.9,0,0,0
2026-09-03 17:00:00,121.0,7,79,33.3,0,0,0
2026-09-03 17:05:00,120.9,14,77,30.8,0,0,0
2026-09-03 17:10:00,121.2,13,83,31.8,0,0,0
2026-09-03 17:15:00,121.7,1,77,32.1,0,0,0
2026-09-03 17:20:00,123.1,13,83,35.5,0,30,60
2026-09-03 17:25:00,127.0,9,81,32.2,0,0,0
2026-09-03 17:30:00,127.1,14,81,30.5,0,0,0
2026-09-03 17:35:00,125.2,12,79,36.6,0,0,0
2026-09-03 17:40:00,122.8,9,80,33.9,0,0,0
2026-09-03 17:45:00,122.4,3,84,30.5,0,0,0
2026-09-03 17:50:00,122.5,7,77,33.0,0,0,0
2026-09-03 17:55:00,125.3,7,79,30.6,0,0,0
2026-09-03 18:00:00,127.2,1,80,28.5,0,0,0
2026-09-03 18:05:00,132.3,13,77,28.3,0,0,0
2026-09-03 18:10:00,131.7,21,78,32.5,0,0,0
2026-09-03 18:15:00,134.6,12,80,33.5,0,0,0
2026-09-03 18:20:00,135.4,6,80,31.4,0,0,0
2026-09-03 18:25:00,139.4,4,81,33.5,0,0,0
2026-09-03 18:30:00,141.3,7,76,30.4,0,0,0
2026-09-03 18:35:00,140.0,7,80,28.2,0,0,0
2026-09-03 18:40:00,140.9,16,76,31.2,0,0,0
2026-09-03 18:45:00,138.9,12,82,31.3,0,0,0
2026-09-03 18:50:00,136.2,14,81,33.0,0,0,0
2026-09-03 18:55:00,135.2,14,81,32.4,0,0,0
2026-09-03 19:00:00,134.6,4,81,32.4,0,0,0
2026-09-03 19:05:00,131.3,3,76,32.7,0,0,0
2026-09-03 19:10:00,131.2,11,80,27.4,0,0,0
2026-09-03 19:15:00,131.3,5,76,31.5,0,0,0
2026-09-03 19:20:00,128.4,17,81,32.6,0,0,0
2026-09-03 19:25:00,128.8,12,73,34.7,0,0,0
2026-09-03 19:30:00,125.4,2,79,30.1,0,0,0
2026-09-03 19:35:00,125.2,3,78,31.6,0,0,0
2026-09-03 19:40:00,124.8,7,78,31.0,0,0,0
2026-09-03 19:45:00,125.2,10,80,31.6,0,0,0
2026-09-03 19:50:00,124.2,17,75,31.8,0,0,0
2026-09-03 19:55:00,123.9,7,78,28.6,0,0,0
2026-09-03 20:00:00,124.3,5,75,31.7,0,0,0
2026-09-03 20:05:00,123.8,15,77,29.9,0,0,0
2026-09-03 20:10:00,123.1,15,79,34.0,0,0,0
2026-09-03 20:15:00,125.1,6,81,29.6,0,0,0
2026-09-03 20:20:00,125.2,12,83,27.2,0,0,0
2026-09-03 20:25:00,125.8,12,79,34.0,0,0,0
2026-09-03 20:30:00,125.4,6,83,29.0,0,0,0
2026-09-03 20:35:00,126.0,9,75,33.2,0,0,0
2026-09-03 20:40:00,128.0,6,79,31.9,0,0,0
2026-09-03 20:45:00,128.2,5,76,31.1,0,0,0
2026-09-03 20:50:00,130.6,6,82,35.6,0,107,70
2026-09-03 20:55:00,146.5,2,77,29.4,0,0,0
2026-09-03 21:00:00,161.1,16,84,33.9,0,0,0
2026-09-03 21:05:00,168.2,8,78,34.1,0,0,0
2026-09-03 21:10:00,176.8,6,80,30.4,0,0,0
2026-09-03 21:15:00,183.5,1,81,32.7,0,0,0
2026-09-03 21:20:00,190.7,4,75,28.1,0,0,0
2026-09-03 21:25:00,195.5,20,85,32.4,0,0,0
2026-09-03 21:30:00,194.2,7,81,30.8,0,0,0
2026-09-03 21:35:00,192.8,1,72,52.2,1,0,0
2026-09-03 21:40:00,191.7,0,69,52.8,1,0,0
2026-09-03 21:45:00,189.6,1,69,53.2,1,0,0
2026-09-03 21:50:00,191.4,1,72,52.0,1,0,0
2026-09-03 21:55:00,188.8,0,67,51.8,1,0,0
2026-09-03 22:00:00,187.6,0,73,51.5,1,0,0
2026-09-03 22:05:00,182.5,0,73,51.8,1,0,0
2026-09-03 22:10:00,177.2,0,65,50.8,1,0,0
2026-09-03 22:15:00,176.3,0,68,49.6,1,0,0
2026-09-03 22:20:00,173.4,0,70,51.1,1,0,0
2026-09-03 22:25:00,169.0,0,72,50.5,1,0,0
2026-09-03 22:30:00,166.0,0,68,53.0,1,0,0
2026-09-03 22:35:00,161.8,0,70,52.1,1,0,0
2026-09-03 22:40:00,160.4,1,72,53.1,1,0,0
2026-09-03 22:45:00,157.2,0,73,47.3,1,0,0
2026-09-03 22:50:00,157.3,1,70,50.7,1,0,0
2026-09-03 22:55:00,156.6,0,71,51.0,1,0,0
2026-09-03 23:00:00,156.1,0,67,48.6,1,0,0
2026-09-03 23:05:00,154.0,1,71,51.7,1,0,0
2026-09-03 23:10:00,149.7,2,69,55.0,1,0,0
2026-09-03 23:15:00,144.4,0,71,46.2,1,0,0
2026-09-03 23:20:00,136.9,0,68,54.5,1,0,0
2026-09-03 23:25:00,133.8,0,68,48.9,1,0,0
2026-09-03 23:30:00,132.6,0,68,51.0,1,0,0
2026-09-03 23:35:00,131.7,0,70,51.4,1,0,0
2026-09-03 23:40:00,131.9,1,68,51.5,1,0,0
2026-09-03 23:45:00,132.3,0,73,54.6,1,0,0
2026-09-03 23:50:00,130.2,0,70,49.4,1,0,0
2026-09-03 23:55:00,128.1,1,72,53.7,1,0,0
2026-09-04 00:00:00,129.0,0,73,53.9,1,0,0
2026-09-04 00:05:00,124.5,1,66,53.1,1,0,0
2026-09-04 00:10:00,123.6,0,72,53.1,1,0,0
2026-09-04 00:15:00,125.9,0,74,52.5,1,0,0
2026-09-04 00:20:00,121.9,0,70,52.4,1,0,0
2026-09-04 00:25:00,123.6,0,71,49.5,1,0,0
2026-09-04 00:30:00,123.6,0,71,52.6,1,0,0
2026-09-04 00:35:00,125.7,0,69,52.5,1,0,0
2026-09-04 00:40:00,126.4,0,70,49.7,1,0,0
2026-09-04 00:45:00,129.7,0,67,54.7,1,0,0
2026-09-04 00:50:00,131.2,0,68,54.4,1,0,0
2026-09-04 00:55:00,129.1,0,69,54.6,1,0,0
2026-09-04 01:00:00,129.0,0,72,49.5,1,0,0
2026-09-04 01:05:00,127.8,1,71,48.0,1,0,0
2026-09-04 01:10:00,127.6,0,71,52.9,1,0,0
2026-09-04 01:15:00,125.0,0,70,49.0,1,0,0
2026-09-04 01:20:00,126.0,0,68,50.2,1,0,0
2026-09-04 01:25:00,125.0,0,71,51.6,1,0,0
2026-09-04 01:30:00,122.6,0,69,55.5,1,0,0
2026-09-04 01:35:00,118.8,0,66,52.3,1,0,0
2026-09-04 01:40:00,120.1,0,66,52.8,1,0,0
2026-09-04 01:45:00,122.0,1,74,53.4,1,0,0
2026-09-04 01:50:00,123.6,0,70,54.4,1,0,0
2026-09-04 01:55:00,121.7,0,72,50.5,1,0,0
2026-09-04 02:00:00,120.7,1,68,52.6,1,0,0
2026-09-04 02:05:00,117.8,0,68,53.0,1,0,0
2026-09-04 02:10:00,118.5,0,68,55.3,1,0,0
2026-09-04 02:15:00,118.2,0,71,51.8,1,0,0
2026-09-04 02:20:00,119.9,0,72,52.1,1,0,0
2026-09-04 02:25:00,119.5,0,69,52.9,1,0,0
2026-09-04 02:30:00,118.8,0,71,53.6,1,0,0
2026-09-04 02:35:00,115.9,0,69,53.7,1,0,0
2026-09-04 02:40:00,118.6,0,68,48.2,1,0,0
2026-09-04 02:45:00,117.2,0,72,51.5,1,0,0
2026-09-04 02:50:00,118.9,1,71,52.6,1,0,0
2026-09-04 02:55:00,118.1,0,69,54.2,1,0,0
2026-09-04 03:00:00,119.3,0,66,52.4,1,0,0
2026-09-04 03:05:00,121.0,0,71,51.5,1,0,0
2026-09-04 03:10:00,122.4,0,72,48.5,1,0,0
2026-09-04 03:15:00,121.9,0,70,54.9,1,0,0
2026-09-04 03:20:00,124.0,0,70,51.2,1,0,0
2026-09-04 03:25:00,121.6,1,70,54.2,1,0,0
2026-09-04 03:30:00,120.6,0,71,50.5,1,0,0
2026-09-04 03:35:00,118.9,0,68,52.0,1,0,0
2026-09-04 03:40:00,118.7,0,69,57.1,1,0,0
2026-09-04 03:45:00,119.4,0,70,54.3,1,0,0
2026-09-04 03:50:00,120.8,0,69,50.3,1,0,0
2026-09-04 03:55:00,121.6,1,69,52.4,1,0,0
2026-09-04 04:00:00,120.4,1,71,49.9,1,0,0
2026-09-04 04:05:00,118.9,0,68,52.9,1,0,0
2026-09-04 04:10:00,121.8,0,70,50.6,1,0,0
2026-09-04 04:15:00,117.1,0,69,48.7,1,0,0
2026-09-04 04:20:00,116.0,0,69,52.4,1,0,0
2026-09-04 04:25:00,118.5,1,72,51.6,1,0,0
2026-09-04 04:30:00,116.4,2,69,50.3,1,0,0
2026-09-04 04:35:00,117.2,1,69,51.9,1,0,0
2026-09-04 04:40:00,117.3,0,68,50.1,1,0,0
2026-09-04 04:45:00,117.9,1,72,51.7,1,0,0
2026-09-04 04:50:00,121.4,1,70,51.9,1,0,0
2026-09-04 04:55:00,125.1,1,70,53.4,1,0,0
2026-09-04 05:00:00,121.8,0,71,53.0,1,0,0
2026-09-04 05:05:00,122.3,0,71,52.9,1,0,0
2026-09-04 05:10:00,121.7,0,66,50.5,1,0,0
2026-09-04 05:15:00,123.0,0,71,53.0,1,0,0
2026-09-04 05:20:00,122.5,0,73,52.5,1,0,0
2026-09-04 05:25:00,117.8,0,69,52.3,1,0,0
2026-09-04 05:30:00,120.3,0,67,50.1,1,0,0
2026-09-04 05:35:00,119.2,0,72,52.7,1,0,0
2026-09-04 05:40:00,119.8,0,66,53.0,1,0,0
2026-09-04 05:45:00,122.9,1,70,52.2,1,0,0
2026-09-04 05:50:00,125.8,0,69,51.7,1,0,0
2026-09-04 05:55:00,127.2,1,69,51.1,1,0,0
2026-09-04 06:00:00,129.3,1,69,54.1,1,0,0
2026-09-04 06:05:00,129.7,12,77,33.0,0,0,0
2026-09-04 06:10:00,128.5,7,81,33.2,0,0,0
2026-09-04 06:15:00,131.9,11,81,32.8,0,0,0
2026-09-04 06:20:00,128.8,5,83,29.5,0,0,0
2026-09-04 06:25:00,131.0,7,76,30.7,0,0,0
2026-09-04 06:30:00,130.6,21,79,29.8,0,0,0
2026-09-04 06:35:00,130.4,5,77,32.8,0,0,0
2026-09-04 06:40:00,131.7,2,81,31.8,0,0,0
2026-09-04 06:45:00,128.3,5,77,32.4,0,0,0
2026-09-04 06:50:00,130.3,7,78,30.2,0,0,0
2026-09-04 06:55:00,128.1,3,79,30.4,0,0,0
2026-09-04 07:00:00,127.3,15,79,30.1,0,0,0
2026-09-04 07:05:00,129.7,2,82,29.6,0,0,0
2026-09-04 07:10:00,131.0,8,78,28.9,0,0,0
2026-09-04 07:15:00,129.8,6,80,31.1,0,0,0
2026-09-04 07:20:00,130.9,8,79,34.5,0,0,0
2026-09-04 07:25:00,132.9,9,82,33.1,0,0,0
2026-09-04 07:30:00,130.3,5,78,32.8,0,0,0
2026-09-04 07:35:00,131.5,4,81,29.7,0,0,0
2026-09-04 07:40:00,135.9,11,82,33.8,0,0,0
2026-09-04 07:45:00,130.1,8,78,29.8,0,0,0
2026-09-04 07:50:00,126.0,16,79,29.6,0,0,0
2026-09-04 07:55:00,123.3,2,75,32.7,0,0,0
2026-09-04 08:00:00,122.6,4,78,31.8,0,0,0
2026-09-04 08:05:00,123.9,4,77,31.9,0,0,0
2026-09-04 08:10:00,122.0,4,82,31.5,0,53,65
2026-09-04 08:15:00,129.5,6,82,33.4,0,0,0
2026-09-04 08:20:00,136.5,15,85,33.9,0,0,0
2026-09-04 08:25:00,141.5,7,82,29.0,0,0,0
2026-09-04 08:30:00,143.8,24,87,32.7,0,0,0
2026-09-04 08:35:00,146.8,4,76,29.3,0,0,0
2026-09-04 08:40:00,150.1,19,78,33.1,0,0,0
2026-09-04 08:45:00,153.3,12,78,29.4,0,0,0
2026-09-04 08:50:00,155.6,3,76,29.5,0,0,0
2026-09-04 08:55:00,154.7,13,82,29.5,0,0,0
2026-09-04 09:00:00,152.5,8,80,32.2,0,0,0
2026-09-04 09:05:00,150.5,5,77,30.5,0,0,0
2026-09-04 09:10:00,149.7,8,79,32.8,0,0,0
2026-09-04 09:15:00,148.4,15,83,31.6,0,0,0
2026-09-04 09:20:00,146.7,13,77,35.2,0,0,0
2026-09-04 09:25:00,144.8,2,78,31.1,0,0,0
2026-09-04 09:30:00,146.4,9,77,33.0,0,0,0
2026-09-04 09:35:00,146.7,10,79,31.5,0,0,0
2026-09-04 09:40:00,143.6,9,78,33.1,0,0,0
2026-09-04 09:45:00,138.5,8,80,32.9,0,0,0
2026-09-04 09:50:00,135.1,15,79,34.2,0,0,0
2026-09-04 09:55:00,137.5,16,79,30.0,0,0,0
2026-09-04 10:00:00,136.5,6,80,32.5,0,0,0
2026-09-04 10:05:00,135.7,8,75,29.1,0,0,0
2026-09-04 10:10:00,133.2,3,80,33.7,0,0,0
2026-09-04 10:15:00,136.4,15,80,29.7,0,0,0
2026-09-04 10:20:00,140.2,12,79,31.2,0,0,0
2026-09-04 10:25:00,139.2,11,82,35.5,0,0,0
2026-09-04 10:30:00,139.3,5,79,32.3,0,0,0
2026-09-04 10:35:00,137.0,4,76,32.6,0,0,0
2026-09-04 10:40:00,134.9,8,75,30.0,0,0,0
2026-09-04 10:45:00,134.2,11,82,32.0,0,0,0
2026-09-04 10:50:00,138.2,18,77,28.1,0,0,0
2026-09-04 10:55:00,137.2,10,79,29.7,0,0,0
2026-09-04 11:00:00,133.0,17,81,32.2,0,0,0
2026-09-04 11:05:00,130.4,11,80,34.2,0,0,0
2026-09-04 11:10:00,130.3,3,82,30.5,0,0,0
2026-09-04 11:15:00,130.9,8,81,32.0,0,0,0
2026-09-04 11:20:00,131.8,9,75,29.9,0,0,0
2026-09-04 11:25:00,132.3,14,76,32.2,0,0,0
2026-09-04 11:30:00,129.5,6,81,32.0,0,0,0
2026-09-04 11:35:00,124.6,12,77,32.5,0,0,0
2026-09-04 11:40:00,125.8,3,79,34.1,0,0,0
2026-09-04 11:45:00,126.3,6,78,32.7,0,0,0
2026-09-04 11:50:00,126.4,9,79,30.1,0,0,0
2026-09-04 11:55:00,127.7,15,78,30.0,0,0,0
2026-09-04 12:00:00,124.0,13,80,31.2,0,0,0
2026-09-04 12:05:00,124.8,2,74,35.7,0,0,0
2026-09-04 12:10:00,120.9,3,77,33.7,0,0,0
2026-09-04 12:15:00,119.2,7,78,31.4,0,0,0
2026-09-04 12:20:00,120.6,8,81,31.3,0,0,0
2026-09-04 12:25:00,123.1,5,77,33.1,0,0,0
2026-09-04 12:30:00,121.5,7,80,29.4,0,0,0
2026-09-04 12:35:00,118.5,7,83,32.4,0,0,0
2026-09-04 12:40:00,116.6,3,76,33.0,0,0,0
2026-09-04 12:45:00,114.9,6,77,28.9,0,0,0
2026-09-04 12:50:00,115.7,1,77,31.6,0,0,0
2026-09-04 12:55:00,116.2,12,81,29.4,0,0,0
2026-09-04 13:00:00,115.5,5,82,31.2,0,0,0
2026-09-04 13:05:00,114.8,7,76,31.4,0,0,0
2026-09-04 13:10:00,113.9,1,79,31.1,0,0,0
2026-09-04 13:15:00,107.5,6,79,35.9,0,0,0
2026-09-04 13:20:00,107.8,7,77,34.6,0,0,0
2026-09-04 13:25:00,109.2,10,83,36.7,0,63,68
2026-09-04 13:30:00,120.3,20,83,34.1,0,0,0
2026-09-04 13:35:00,126.9,4,80,34.3,0,0,0
2026-09-04 13:40:00,134.0,5,82,36.1,0,0,0
2026-09-04 13:45:00,138.7,9,80,30.8,0,0,0
2026-09-04 13:50:00,144.9,21,84,31.7,0,0,0
2026-09-04 13:55:00,148.2,7,81,31.5,0,0,0
2026-09-04 14:00:00,151.9,10,76,28.9,0,0,0
2026-09-04 14:05:00,150.6,3,82,35.0,0,0,0
2026-09-04 14:10:00,150.6,4,80,35.3,0,0,0
2026-09-04 14:15:00,148.9,24,80,32.5,0,0,0
2026-09-04 14:20:00,148.7,11,77,32.2,0,0,0
2026-09-04 14:25:00,146.5,5,76,32.4,0,0,0
2026-09-04 14:30:00,145.4,15,76,31.8,0,0,0
2026-09-04 14:35:00,145.3,4,78,30.6,0,0,0
2026-09-04 14:40:00,143.4,3,77,32.4,0,0,0
2026-09-04 14:45:00,139.9,13,82,32.1,0,0,0
2026-09-04 14:50:00,138.4,8,77,29.6,0,0,0
2026-09-04 14:55:00,136.5,21,81,32.9,0,0,0
2026-09-04 15:00:00,138.4,6,76,30.4,0,0,0
2026-09-04 15:05:00,138.2,9,82,32.2,0,0,0
2026-09-04 15:10:00,140.5,25,78,33.6,0,0,0
2026-09-04 15:15:00,138.2,26,77,34.7,0,0,0
2026-09-04 15:20:00,133.9,13,79,30.3,0,0,0
2026-09-04 15:25:00,130.9,15,80,31.9,0,0,0
2026-09-04 15:30:00,131.5,6,81,33.2,0,0,0
2026-09-04 15:35:00,126.3,12,76,33.8,0,0,0
2026-09-04 15:40:00,126.3,13,79,29.6,0,0,0
2026-09-04 15:45:00,122.4,7,77,30.6,0,0,0
2026-09-04 15:50:00,124.4,15,79,30.9,0,0,0
2026-09-04 15:55:00,123.5,11,77,33.2,0,0,0
2026-09-04 16:00:00,121.8,2,81,30.7,0,0,0
2026-09-04 16:05:00,122.9,2,78,30.0,0,0,0
2026-09-04 16:10:00,122.7,11,77,34.0,0,0,0
2026-09-04 16:15:00,120.5,9,78,32.2,0,0,0
2026-09-04 16:20:00,120.4,10,77,32.5,0,0,0
2026-09-04 16:25:00,124.8,7,82,32.1,0,0,0
2026-09-04 16:30:00,122.4,9,77,30.3,0,0,0
2026-09-04 16:35:00,120.4,17,75,34.5,0,0,0
2026-09-04 16:40:00,123.0,17,80,32.2,0,0,0
2026-09-04 16:45:00,123.8,4,80,33.6,0,0,0
2026-09-04 16:50:00,126.4,16,75,33.4,0,0,0
2026-09-04 16:55:00,126.7,10,78,31.1,0,0,0
2026-09-04 17:00:00,123.2,9,76,32.4,0,0,0
2026-09-04 17:05:00,121.1,13,79,30.6,0,0,0
2026-09-04 17:10:00,123.5,6,80,32.9,0,0,0
2026-09-04 17:15:00,123.5,9,79,35.2,0,0,0
2026-09-04 17:20:00,120.5,7,81,31.8,0,0,0
2026-09-04 17:25:00,121.0,443,106,31.3,0,0,0
2026-09-04 17:30:00,121.2,448,105,34.2,0,0,0
2026-09-04 17:35:00,122.0,444,103,32.2,0,0,0
2026-09-04 17:40:00,121.6,443,103,31.9,0,0,0
2026-09-04 17:45:00,122.1,4,85,32.6,0,31,60
2026-09-04 17:50:00,125.7,7,82,32.7,0,0,0
2026-09-04 17:55:00,129.2,5,84,33.5,0,0,0
2026-09-04 18:00:00,134.1,11,84,33.3,0,0,0
2026-09-04 18:05:00,135.5,12,81,31.1,0,0,0
2026-09-04 18:10:00,135.8,4,79,32.7,0,0,0
2026-09-04 18:15:00,135.7,7,73,27.5,0,0,0
2026-09-04 18:20:00,136.1,8,79,28.2,0,0,0
2026-09-04 18:25:00,135.6,18,78,31.7,0,0,0
2026-09-04 18:30:00,134.0,17,79,32.6,0,0,0
2026-09-04 18:35:00,134.8,5,79,34.0,0,0,0
2026-09-04 18:40:00,135.8,13,78,30.4,0,0,0
2026-09-04 18:45:00,137.0,9,79,34.9,0,0,0
2026-09-04 18:50:00,134.9,15,77,29.3,0,0,0
2026-09-04 18:55:00,132.8,6,75,30.5,0,0,0
2026-09-04 19:00:00,134.4,5,79,35.0,0,0,0
2026-09-04 19:05:00,130.7,16,80,34.0,0,0,0
2026-09-04 19:10:00,129.8,7,82,31.8,0,0,0
2026-09-04 19:15:00,128.6,7,76,28.5,0,0,0
2026-09-04 19:20:00,128.7,7,79,28.0,0,0,0
2026-09-04 19:25:00,125.7,8,78,36.2,0,0,0
2026-09-04 19:30:00,128.6,21,79,33.5,0,0,0
2026-09-04 19:35:00,126.8,10,81,34.8,0,0,0
2026-09-04 19:40:00,124.0,12,77,32.3,0,0,0
2026-09-04 19:45:00,120.7,11,78,30.8,0,0,0
2026-09-04 19:50:00,124.0,9,84,30.3,0,0,0
2026-09-04 19:55:00,120.2,14,81,33.4,0,0,0
2026-09-04 20:00:00,120.8,12,82,28.9,0,0,0
2026-09-04 20:05:00,120.5,4,80,32.7,0,0,0
2026-09-04 20:10:00,120.2,9,78,35.3,0,0,0
2026-09-04 20:15:00,121.3,14,80,28.4,0,0,0
2026-09-04 20:20:00,120.2,2,80,30.2,0,0,0
2026-09-04 20:25:00,120.7,12,82,32.5,0,0,0
2026-09-04 20:30:00,120.6,21,74,34.3,0,0,0
2026-09-04 20:35:00,124.7,12,77,35.0,0,0,0
2026-09-04 20:40:00,127.9,12,81,30.3,0,0,0
2026-09-04 20:45:00,128.4,14,76,31.8,0,0,0
2026-09-04 20:50:00,126.5,4,82,32.7,0,53,50
2026-09-04 20:55:00,129.7,7,82,33.0,0,0,0
2026-09-04 21:00:00,133.0,16,83,31.5,0,0,0
2026-09-04 21:05:00,134.2,436,107,30.8,0,0,0
2026-09-04 21:10:00,134.4,436,106,29.9,0,0,0
2026-09-04 21:15:00,134.4,4,82,29.6,0,0,0
2026-09-04 21:20:00,131.4,3,77,27.7,0,0,0
2026-09-04 21:25:00,131.7,4,78,31.1,0,0,0
2026-09-04 21:30:00,132.6,8,77,34.6,0,0,0
2026-09-04 21:35:00,134.4,19,78,30.0,0,0,0
2026-09-04 21:40:00,137.6,7,78,31.1,0,0,0
2026-09-04 21:45:00,137.8,5,77,31.7,0,0,0
2026-09-04 21:50:00,139.6,6,75,30.1,0,0,0
2026-09-04 21:55:00,138.0,12,78,29.3,0,0,0
2026-09-04 22:00:00,137.2,9,81,31.5,0,0,0
2026-09-04 22:05:00,132.0,4,81,31.5,0,0,0
2026-09-04 22:10:00,129.4,8,78,32.2,0,0,0
2026-09-04 22:15:00,130.0,8,80,32.8,0,0,0
2026-09-04 22:20:00,130.1,9,81,31.8,0,0,0
2026-09-04 22:25:00,131.8,9,77,29.9,0,0,0
2026-09-04 22:30:00,131.2,0,70,53.6,1,0,0
2026-09-04 22:35:00,129.4,1,69,50.6,1,0,0
2026-09-04 22:40:00,130.3,0,71,53.6,1,0,0
2026-09-04 22:45:00,127.3,0,69,51.4,1,0,0
2026-09-04 22:50:00,127.6,0,70,51.0,1,0,0
2026-09-04 22:55:00,126.9,0,69,53.2,1,0,0
2026-09-04 23:00:00,127.0,0,74,52.9,1,0,0
2026-09-04 23:05:00,120.9,0,72,52.1,1,0,0
2026-09-04 23:10:00,121.0,1,68,54.3,1,0,0
2026-09-04 23:15:00,119.1,0,72,53.0,1,0,0
2026-09-04 23:20:00,119.0,0,69,52.0,1,0,0
2026-09-04 23:25:00,121.5,0,67,56.0,1,0,0
2026-09-04 23:30:00,120.2,0,68,52.7,1,0,0
2026-09-04 23:35:00,116.0,0,71,53.7,1,0,0
2026-09-04 23:40:00,111.5,0,73,54.7,1,0,0
2026-09-04 23:45:00,112.4,0,69,52.0,1,0,0
2026-09-04 23:50:00,114.6,1,69,52.5,1,0,0
2026-09-04 23:55:00,111.5,1,72,51.9,1,0,0
2026-09-05 00:00:00,111.6,1,70,48.7,1,0,0
2026-09-05 00:05:00,115.4,0,68,47.8,1,0,0
2026-09-05 00:10:00,115.6,0,69,53.2,1,0,0
2026-09-05 00:15:00,115.7,0,71,51.0,1,0,0
2026-09-05 00:20:00,115.2,0,73,49.8,1,0,0
2026-09-05 00:25:00,115.6,0,71,52.2,1,0,0
2026-09-05 00:30:00,111.7,1,71,49.4,1,0,0
2026-09-05 00:35:00,112.3,3,71,53.4,1,0,0
2026-09-05 00:40:00,115.2,1,71,49.5,1,0,0
2026-09-05 00:45:00,115.4,1,70,47.1,1,0,0
2026-09-05 00:50:00,115.7,0,69,51.1,1,0,0
2026-09-05 00:55:00,116.2,0,68,55.8,1,0,0
2026-09-05 01:00:00,117.9,0,65,50.6,1,0,0
2026-09-05 01:05:00,118.2,0,71,50.6,1,0,0
2026-09-05 01:10:00,118.4,1,67,53.4,1,0,0
2026-09-05 01:15:00,116.8,0,71,51.1,1,0,0
2026-09-05 01:20:00,119.3,1,73,50.8,1,0,0
2026-09-05 01:25:00,117.3,0,72,52.6,1,0,0
2026-09-05 01:30:00,114.1,0,69,49.1,1,0,0
2026-09-05 01:35:00,115.6,0,71,53.3,1,0,0
2026-09-05 01:40:00,116.8,1,69,51.7,1,0,0
2026-09-05 01:45:00,117.6,0,75,51.9,1,0,0
2026-09-05 01:50:00,116.3,0,69,52.7,1,0,0
2026-09-05 01:55:00,117.4,0,68,50.1,1,0,0
2026-09-05 02:00:00,117.8,1,71,51.7,1,0,0
2026-09-05 02:05:00,119.2,0,71,56.0,1,0,0
2026-09-05 02:10:00,118.1,0,70,50.7,1,0,0
2026-09-05 02:15:00,121.1,0,68,50.3,1,0,0
2026-09-05 02:20:00,120.4,0,67,49.4,1,0,0
2026-09-05 02:25:00,120.6,0,71,52.7,1,0,0
2026-09-05 02:30:00,118.0,3,67,50.5,1,0,0
2026-09-05 02:35:00,116.7,0,72,51.4,1,0,0
2026-09-05 02:40:00,112.7,1,70,53.3,1,0,0
2026-09-05 02:45:00,112.9,0,73,48.7,1,0,0
2026-09-05 02:50:00,113.5,0,70,52.0,1,0,0
2026-09-05 02:55:00,109.9,0,69,50.5,1,0,0
2026-09-05 03:00:00,113.2,0,66,52.1,1,0,0
2026-09-05 03:05:00,116.3,1,72,53.4,1,0,0
2026-09-05 03:10:00,119.2,0,71,49.8,1,0,0
2026-09-05 03:15:00,121.6,0,69,52.9,1,0,0
2026-09-05 03:20:00,120.5,1,71,52.6,1,0,0
2026-09-05 03:25:00,115.9,0,71,52.1,1,0,0
2026-09-05 03:30:00,116.3,1,68,51.6,1,0,0
2026-09-05 03:35:00,113.8,1,72,51.1,1,0,0
2026-09-05 03:40:00,114.5,1,72,51.0,1,0,0
2026-09-05 03:45:00,115.5,0,68,50.4,1,0,0
2026-09-05 03:50:00,114.5,0,69,52.4,1,0,0
2026-09-05 03:55:00,113.9,0,69,52.4,1,0,0
2026-09-05 04:00:00,114.4,1,69,50.6,1,0,0
2026-09-05 04:05:00,116.6,0,75,52.4,1,0,0
2026-09-05 04:10:00,116.3,0,70,51.5,1,0,0
2026-09-05 04:15:00,119.5,0,70,50.7,1,0,0
2026-09-05 04:20:00,118.5,2,68,52.4,1,0,0
2026-09-05 04:25:00,118.1,1,71,55.6,1,0,0
2026-09-05 04:30:00,118.9,0,72,55.3,1,0,0
2026-09-05 04:35:00,121.6,0,69,51.1,1,0,0
2026-09-05 04:40:00,116.8,0,69,49.8,1,0,0
2026-09-05 04:45:00,121.7,0,66,53.9,1,0,0
2026-09-05 04:50:00,125.1,0,67,52.2,1,0,0
2026-09-05 04:55:00,120.8,0,70,50.4,1,0,0
2026-09-05 05:00:00,120.6,0,74,53.1,1,0,0
2026-09-05 05:05:00,121.0,0,72,50.6,1,0,0
2026-09-05 05:10:00,119.6,0,70,53.8,1,0,0
2026-09-05 05:15:00,120.6,1,67,51.1,1,0,0
2026-09-05 05:20:00,122.2,2,71,52.3,1,0,0
2026-09-05 05:25:00,121.4,0,69,54.2,1,0,0
2026-09-05 05:30:00,122.9,2,68,50.8,1,0,0
2026-09-05 05:35:00,120.5,0,71,52.2,1,0,0
2026-09-05 05:40:00,119.9,0,71,55.0,1,0,0
2026-09-05 05:45:00,120.2,0,70,55.6,1,0,0
2026-09-05 05:50:00,117.4,0,70,50.0,1,0,0
2026-09-05 05:55:00,116.6,0,68,50.1,1,0,0
2026-09-05 06:00:00,116.0,0,69,52.0,1,0,0
2026-09-05 06:05:00,118.9,0,69,52.5,1,0,0
2026-09-05 06:10:00,117.7,0,72,51.0,1,0,0
2026-09-05 06:15:00,119.0,0,70,53.3,1,0,0
2026-09-05 06:20:00,120.1,0,72,51.5,1,0,0
2026-09-05 06:25:00,123.4,0,70,53.8,1,0,0
2026-09-05 06:30:00,123.0,2,76,34.4,0,0,0
2026-09-05 06:35:00,123.1,6,78,31.4,0,0,0
2026-09-05 06:40:00,119.5,10,77,36.3,0,0,0
2026-09-05 06:45:00,117.6,12,76,27.9,0,0,0
2026-09-05 06:50:00,118.8,10,76,32.0,0,0,0
2026-09-05 06:55:00,120.1,7,75,32.5,0,0,0
2026-09-05 07:00:00,122.2,2,78,32.1,0,0,0
2026-09-05 07:05:00,124.3,9,77,32.5,0,0,0
2026-09-05 07:10:00,126.5,11,83,33.7,0,0,0
2026-09-05 07:15:00,124.1,4,76,28.7,0,0,0
2026-09-05 07:20:00,124.4,5,76,30.4,0,0,0
2026-09-05 07:25:00,125.2,7,77,29.4,0,0,0
2026-09-05 07:30:00,127.5,8,74,30.0,0,0,0
2026-09-05 07:35:00,125.8,9,80,32.3,0,0,0
2026-09-05 07:40:00,125.9,7,82,32.1,0,0,0
2026-09-05 07:45:00,122.7,6,80,30.0,0,0,0
2026-09-05 07:50:00,120.5,4,75,32.2,0,0,0
2026-09-05 07:55:00,118.1,5,78,33.1,0,0,0
2026-09-05 08:00:00,121.9,9,80,30.5,0,0,0
2026-09-05 08:05:00,121.0,6,77,33.9,0,0,0
2026-09-05 08:10:00,121.2,3,78,32.5,0,0,0
2026-09-05 08:15:00,123.1,7,77,30.8,0,0,0
2026-09-05 08:20:00,119.7,12,84,30.8,0,36,50
2026-09-05 08:25:00,126.6,10,79,33.8,0,0,0
2026-09-05 08:30:00,133.7,3,82,33.4,0,0,0
2026-09-05 08:35:00,135.0,2,81,33.2,0,0,0
2026-09-05 08:40:00,134.9,4,82,32.2,0,0,0
2026-09-05 08:45:00,136.5,5,85,28.7,0,0,0
2026-09-05 08:50:00,134.0,5,78,32.7,0,0,0
2026-09-05 08:55:00,132.1,7,82,34.0,0,0,0
2026-09-05 09:00:00,132.1,5,77,30.7,0,0,0
2026-09-05 09:05:00,131.2,9,78,28.6,0,0,0
2026-09-05 09:10:00,131.2,10,80,33.8,0,0,0
2026-09-05 09:15:00,130.1,9,76,28.9,0,0,0
2026-09-05 09:20:00,130.8,9,78,29.5,0,0,0
2026-09-05 09:25:00,133.0,6,78,33.8,0,0,0
2026-09-05 09:30:00,131.0,10,80,34.5,0,0,0
2026-09-05 09:35:00,131.0,6,81,32.0,0,0,0
2026-09-05 09:40:00,135.9,15,79,30.1,0,0,0
2026-09-05 09:45:00,136.9,7,77,30.0,0,0,0
2026-09-05 09:50:00,136.4,5,79,33.4,0,0,0
2026-09-05 09:55:00,136.1,12,76,31.5,0,0,0
2026-09-05 10:00:00,138.7,16,76,31.8,0,0,0
2026-09-05 10:05:00,140.1,8,80,30.7,0,0,0
2026-09-05 10:10:00,139.8,3,79,32.6,0,0,0
2026-09-05 10:15:00,138.2,9,75,33.2,0,0,0
2026-09-05 10:20:00,136.2,8,79,32.6,0,0,0
2026-09-05 10:25:00,132.0,8,80,28.5,0,0,0
2026-09-05 10:30:00,130.1,7,77,31.4,0,0,0
2026-09-05 10:35:00,131.6,7,79,29.5,0,0,0
2026-09-05 10:40:00,131.1,9,80,26.9,0,0,0
2026-09-05 10:45:00,135.2,3,80,32.9,0,0,0
2026-09-05 10:50:00,133.0,5,79,33.0,0,0,0
2026-09-05 10:55:00,128.6,6,79,32.7,0,0,0
2026-09-05 11:00:00,128.6,8,80,34.7,0,0,0
2026-09-05 11:05:00,132.7,5,82,31.8,0,0,0
2026-09-05 11:10:00,130.5,13,79,30.2,0,0,0
2026-09-05 11:15:00,129.5,10,80,33.5,0,0,0
2026-09-05 11:20:00,126.8,9,79,33.1,0,0,0
2026-09-05 11:25:00,124.7,9,80,32.5,0,0,0
2026-09-05 11:30:00,126.1,17,79,33.5,0,0,0
2026-09-05 11:35:00,123.5,2,82,30.0,0,0,0
2026-09-05 11:40:00,120.0,6,76,29.0,0,0,0
2026-09-05 11:45:00,119.9,13,79,31.5,0,0,0
2026-09-05 11:50:00,120.6,9,81,32.0,0,0,0
2026-09-05 11:55:00,117.9,4,79,30.4,0,0,0
2026-09-05 12:00:00,118.2,7,76,33.6,0,0,0
2026-09-05 12:05:00,118.7,8,76,32.3,0,0,0
2026-09-05 12:10:00,120.0,2,78,33.5,0,0,0
2026-09-05 12:15:00,119.4,17,77,29.5,0,0,0
2026-09-05 12:20:00,117.8,15,78,34.5,0,0,0
2026-09-05 12:25:00,113.4,6,77,30.5,0,0,0
2026-09-05 12:30:00,113.8,2,82,35.2,0,0,0
2026-09-05 12:35:00,114.7,9,77,33.4,0,0,0
2026-09-05 12:40:00,113.8,10,81,29.6,0,0,0
2026-09-05 12:45:00,112.6,13,80,31.2,0,0,0
2026-09-05 12:50:00,114.9,10,79,32.4,0,0,0
2026-09-05 12:55:00,116.1,5,81,29.5,0,0,0
2026-09-05 13:00:00,119.2,4,77,30.8,0,0,0
2026-09-05 13:05:00,118.7,13,81,32.6,0,0,0
2026-09-05 13:10:00,121.8,4,80,33.1,0,0,0
2026-09-05 13:15:00,122.5,9,75,31.5,0,0,0
2026-09-05 13:20:00,121.3,6,76,35.3,0,0,0
2026-09-05 13:25:00,122.5,3,78,28.4,0,0,0
2026-09-05 13:30:00,121.3,8,81,33.9,0,0,0
2026-09-05 13:35:00,126.7,19,77,31.8,0,0,0
2026-09-05 13:40:00,127.3,11,81,32.6,0,0,0
2026-09-05 13:45:00,126.0,6,81,32.5,0,0,0
2026-09-05 13:50:00,125.8,11,83,32.6,0,61,50
2026-09-05 13:55:00,130.7,4,82,33.0,0,0,0
2026-09-05 14:00:00,135.9,6,81,29.0,0,0,0
2026-09-05 14:05:00,141.8,8,79,30.9,0,0,0
2026-09-05 14:10:00,144.8,7,78,32.5,0,0,0
2026-09-05 14:15:00,146.8,7,81,31.7,0,0,0
2026-09-05 14:20:00,146.2,11,75,32.5,0,0,0
2026-09-05 14:25:00,145.3,6,81,27.8,0,0,0
2026-09-05 14:30:00,142.4,9,78,32.4,0,0,0
2026-09-05 14:35:00,143.9,5,78,30.6,0,0,0
2026-09-05 14:40:00,141.9,6,77,36.5,0,0,0
2026-09-05 14:45:00,138.6,6,81,31.2,0,0,0
2026-09-05 14:50:00,141.6,12,79,30.7,0,0,0
2026-09-05 14:55:00,141.6,8,75,33.1,0,0,0
2026-09-05 15:00:00,140.5,3,77,30.5,0,0,0
2026-09-05 15:05:00,137.8,8,77,35.9,0,0,0
2026-09-05 15:10:00,135.7,4,78,32.5,0,0,0
2026-09-05 15:15:00,136.0,11,78,32.0,0,0,0
2026-09-05 15:20:00,133.8,5,77,33.0,0,0,0
2026-09-05 15:25:00,135.6,3,78,32.0,0,0,0
2026-09-05 15:30:00,135.9,3,78,34.9,0,0,0
2026-09-05 15:35:00,135.2,5,79,33.6,0,0,0
2026-09-05 15:40:00,130.6,14,76,31.6,0,0,0
2026-09-05 15:45:00,133.5,7,74,31.2,0,0,0
2026-09-05 15:50:00,131.9,3,80,33.5,0,0,0
2026-09-05 15:55:00,131.2,7,79,29.1,0,0,0
2026-09-05 16:00:00,132.8,11,80,33.9,0,0,0
2026-09-05 16:05:00,133.3,5,78,32.8,0,0,0
2026-09-05 16:10:00,127.8,9,77,32.9,0,0,0
2026-09-05 16:15:00,126.2,6,80,32.5,0,0,0
2026-09-05 16:20:00,125.2,1,74,32.1,0,0,0
2026-09-05 16:25:00,124.3,14,79,35.3,0,0,0
2026-09-05 16:30:00,124.3,13,80,33.3,0,0,0
2026-09-05 16:35:00,123.1,8,76,33.2,0,0,0
2026-09-05 16:40:00,123.6,16,78,29.4,0,0,0
2026-09-05 16:45:00,122.6,11,79,33.6,0,0,0
2026-09-05 16:50:00,120.8,4,78,28.6,0,0,0
2026-09-05 16:55:00,122.9,7,83,30.5,0,0,0
2026-09-05 17:00:00,118.3,5,76,30.0,0,0,0
2026-09-05 17:05:00,118.9,3,76,31.8,0,0,0
2026-09-05 17:10:00,117.5,15,79,34.3,0,0,0
2026-09-05 17:15:00,117.2,7,76,32.2,0,0,0
2026-09-05 17:20:00,115.8,5,78,35.4,0,0,0
2026-09-05 17:25:00,114.4,444,111,30.7,0,25,65
2026-09-05 17:30:00,118.2,452,109,34.7,0,0,0
2026-09-05 17:35:00,120.3,445,110,31.2,0,0,0
2026-09-05 17:40:00,122.3,456,109,33.8,0,0,0
2026-09-05 17:45:00,129.0,455,105,30.2,0,0,0
2026-09-05 17:50:00,128.7,2,83,29.1,0,0,0
2026-09-05 17:55:00,125.6,12,79,32.2,0,0,0
2026-09-05 18:00:00,125.0,6,77,30.8,0,0,0
2026-09-05 18:05:00,125.4,10,78,32.7,0,0,0
2026-09-05 18:10:00,127.8,19,76,35.4,0,0,0
2026-09-05 18:15:00,127.8,3,80,31.6,0,0,0
2026-09-05 18:20:00,124.8,7,77,31.4,0,0,0
2026-09-05 18:25:00,126.5,10,77,32.9,0,0,0
2026-09-05 18:30:00,126.2,5,79,31.2,0,0,0
2026-09-05 18:35:00,127.1,9,78,33.0,0,0,0
2026-09-05 18:40:00,126.3,6,81,30.4,0,0,0
2026-09-05 18:45:00,127.1,9,79,32.9,0,0,0
2026-09-05 18:50:00,126.1,9,81,32.4,0,0,0
2026-09-05 18:55:00,121.2,10,80,33.2,0,0,0
2026-09-05 19:00:00,123.0,15,80,32.4,0,0,0
2026-09-05 19:05:00,124.5,8,79,33.2,0,0,0
2026-09-05 19:10:00,125.5,5,78,34.2,0,0,0
2026-09-05 19:15:00,128.2,1,80,30.3,0,0,0
2026-09-05 19:20:00,126.4,20,81,29.0,0,0,0
2026-09-05 19:25:00,127.1,6,79,30.6,0,0,0
2026-09-05 19:30:00,126.2,18,78,30.8,0,0,0
2026-09-05 19:35:00,123.8,8,79,31.0,0,0,0
2026-09-05 19:40:00,126.8,18,80,30.1,0,0,0
2026-09-05 19:45:00,124.7,1,75,30.9,0,0,0
2026-09-05 19:50:00,124.4,8,74,32.2,0,0,0
2026-09-05 19:55:00,122.6,8,74,30.4,0,0,0
2026-09-05 20:00:00,117.0,6,76,31.9,0,0,0
2026-09-05 20:05:00,118.6,12,78,31.5,0,0,0
2026-09-05 20:10:00,116.6,7,77,31.8,0,0,0
2026-09-05 20:15:00,117.3,5,76,30.4,0,0,0
2026-09-05 20:20:00,118.8,7,77,30.8,0,0,0
2026-09-05 20:25:00,118.3,15,77,33.5,0,0,0
2026-09-05 20:30:00,116.7,11,76,31.5,0,0,0
2026-09-05 20:35:00,114.3,10,80,33.1,0,0,0
2026-09-05 20:40:00,116.0,7,78,33.8,0,0,0
2026-09-05 20:45:00,115.9,14,80,33.4,0,0,0
2026-09-05 20:50:00,114.0,9,78,29.1,0,0,0
2026-09-05 20:55:00,113.0,19,79,28.5,0,0,0
2026-09-05 21:00:00,114.4,7,74,33.6,0,0,0
2026-09-05 21:05:00,115.8,6,76,32.0,0,0,0
2026-09-05 21:10:00,114.4,8,76,32.8,0,0,0
2026-09-05 21:15:00,116.6,6,75,28.9,0,0,0
2026-09-05 21:20:00,115.3,8,79,30.2,0,0,0
2026-09-05 21:25:00,117.3,10,78,33.0,0,0,0
2026-09-05 21:30:00,115.8,4,84,30.5,0,77,75
2026-09-05 21:35:00,131.3,16,79,32.0,0,0,0
2026-09-05 21:40:00,142.3,14,82,32.4,0,0,0
2026-09-05 21:45:00,151.0,10,80,30.9,0,0,0
2026-09-05 21:50:00,155.7,9,80,31.0,0,0,0
2026-09-05 21:55:00,160.6,12,81,29.3,0,0,0
2026-09-05 22:00:00,166.1,5,76,31.7,0,0,0
2026-09-05 22:05:00,167.2,15,76,32.4,0,0,0
2026-09-05 22:10:00,168.9,15,77,34.2,0,0,0
2026-09-05 22:15:00,171.4,3,74,34.4,0,0,0
2026-09-05 22:20:00,166.5,11,79,31.5,0,0,0
2026-09-05 22:25:00,162.1,4,81,32.9,0,0,0
2026-09-05 22:30:00,161.5,9,79,33.4,0,0,0
2026-09-05 22:35:00,159.1,2,78,30.6,0,0,0
2026-09-05 22:40:00,158.2,9,77,31.8,0,0,0
2026-09-05 22:45:00,157.7,1,80,35.1,0,0,0
2026-09-05 22:50:00,155.9,3,78,31.3,0,0,0
2026-09-05 22:55:00,155.3,25,83,30.8,0,0,0
2026-09-05 23:00:00,152.9,2,79,31.8,0,0,0
2026-09-05 23:05:00,147.0,8,80,32.6,0,0,0
2026-09-05 23:10:00,144.8,12,82,28.7,0,0,0
2026-09-05 23:15:00,144.3,6,80,32.5,0,0,0
2026-09-05 23:20:00,146.4,4,81,33.5,0,0,0
2026-09-05 23:25:00,145.2,4,79,29.3,0,0,0
2026-09-05 23:30:00,145.0,5,75,31.4,0,0,0
2026-09-05 23:35:00,140.4,12,79,32.0,0,0,0
2026-09-05 23:40:00,142.7,8,77,34.9,0,0,0
2026-09-05 23:45:00,140.2,7,80,30.1,0,0,0
2026-09-05 23:50:00,134.4,18,78,31.5,0,0,0
2026-09-05 23:55:00,133.8,4,79,30.7,0,0,0
2026-09-06 00:00:00,133.2,0,71,53.9,1,0,0
2026-09-06 00:05:00,130.1,1,71,51.5,1,0,0
2026-09-06 00:10:00,129.7,0,72,49.9,1,0,0
2026-09-06 00:15:00,131.3,0,68,49.4,1,0,0
2026-09-06 00:20:00,130.3,0,72,53.3,1,0,0
2026-09-06 00:25:00,132.0,2,69,56.0,1,0,0
2026-09-06 00:30:00,131.1,1,68,51.3,1,0,0
2026-09-06 00:35:00,127.5,0,69,47.4,1,0,0
2026-09-06 00:40:00,124.4,0,72,50.9,1,0,0
2026-09-06 00:45:00,126.4,0,71,50.3,1,0,0
2026-09-06 00:50:00,125.7,1,72,47.4,1,0,0
2026-09-06 00:55:00,125.0,1,71,52.3,1,0,0
2026-09-06 01:00:00,121.9,0,69,54.1,1,0,0
2026-09-06 01:05:00,124.6,0,73,50.5,1,0,0
2026-09-06 01:10:00,125.7,0,72,52.3,1,0,0
2026-09-06 01:15:00,123.8,0,69,50.6,1,0,0
2026-09-06 01:20:00,122.3,0,72,50.9,1,0,0
2026-09-06 01:25:00,123.3,1,70,52.5,1,0,0
2026-09-06 01:30:00,121.2,1,70,52.0,1,0,0
2026-09-06 01:35:00,123.2,1,70,53.8,1,0,0
2026-09-06 01:40:00,123.7,0,69,53.4,1,0,0
2026-09-06 01:45:00,121.8,0,73,53.1,1,0,0
2026-09-06 01:50:00,120.8,0,71,50.1,1,0,0
2026-09-06 01:55:00,120.7,0,69,52.5,1,0,0
2026-09-06 02:00:00,119.7,0,73,53.0,1,0,0
2026-09-06 02:05:00,119.9,0,69,50.2,1,0,0
2026-09-06 02:10:00,119.1,0,71,49.8,1,0,0
2026-09-06 02:15:00,120.6,0,66,51.7,1,0,0
2026-09-06 02:20:00,120.9,0,72,55.0,1,0,0
2026-09-06 02:25:00,123.5,0,68,53.3,1,0,0
2026-09-06 02:30:00,124.6,0,69,51.0,1,0,0
2026-09-06 02:35:00,122.9,0,70,55.8,1,0,0
2026-09-06 02:40:00,124.4,0,70,49.9,1,0,0
2026-09-06 02:45:00,123.8,0,67,47.6,1,0,0
2026-09-06 02:50:00,124.4,1,67,52.6,1,0,0
2026-09-06 02:55:00,123.3,0,69,53.8,1,0,0
2026-09-06 03:00:00,123.5,0,68,52.4,1,0,0
2026-09-06 03:05:00,122.7,0,70,51.5,1,0,0
2026-09-06 03:10:00,125.7,0,68,51.3,1,0,0
2026-09-06 03:15:00,124.2,0,70,52.3,1,0,0
2026-09-06 03:20:00,125.9,0,72,51.8,1,0,0
2026-09-06 03:25:00,127.0,0,72,50.8,1,0,0
2026-09-06 03:30:00,128.1,0,65,52.6,1,0,0
2026-09-06 03:35:00,129.0,1,71,52.1,1,0,0
2026-09-06 03:40:00,125.5,0,71,51.4,1,0,0
2026-09-06 03:45:00,125.7,0,68,50.4,1,0,0
2026-09-06 03:50:00,126.5,0,68,49.3,1,0,0
2026-09-06 03:55:00,126.5,0,71,53.8,1,0,0
2026-09-06 04:00:00,124.8,0,71,50.3,1,0,0
2026-09-06 04:05:00,125.0,0,68,51.9,1,0,0
2026-09-06 04:10:00,124.6,0,77,50.9,1,0,0
2026-09-06 04:15:00,123.8,0,69,53.6,1,0,0
2026-09-06 04:20:00,125.4,0,72,50.5,1,0,0
2026-09-06 04:25:00,126.9,0,70,51.8,1,0,0
2026-09-06 04:30:00,129.6,1,72,49.3,1,0,0
2026-09-06 04:35:00,129.3,0,66,53.0,1,0,0
2026-09-06 04:40:00,131.7,0,69,49.2,1,0,0
2026-09-06 04:45:00,133.6,0,68,49.0,1,0,0
2026-09-06 04:50:00,132.2,0,71,50.0,1,0,0
2026-09-06 04:55:00,135.3,1,69,50.3,1,0,0
2026-09-06 05:00:00,132.9,0,72,51.6,1,0,0
2026-09-06 05:05:00,132.8,2,70,54.8,1,0,0
2026-09-06 05:10:00,133.7,0,70,50.5,1,0,0
2026-09-06 05:15:00,132.4,1,69,51.0,1,0,0
2026-09-06 05:20:00,131.5,0,70,52.4,1,0,0
2026-09-06 05:25:00,131.1,0,74,51.7,1,0,0
2026-09-06 05:30:00,131.2,1,73,52.6,1,0,0
2026-09-06 05:35:00,131.0,1,71,50.9,1,0,0
2026-09-06 05:40:00,131.2,0,67,51.7,1,0,0
2026-09-06 05:45:00,129.7,1,69,51.3,1,0,0
2026-09-06 05:50:00,128.1,0,69,55.5,1,0,0
2026-09-06 05:55:00,128.8,0,73,47.6,1,0,0
2026-09-06 06:00:00,128.3,0,72,48.6,1,0,0
2026-09-06 06:05:00,126.8,0,73,53.0,1,0,0
2026-09-06 06:10:00,124.9,1,70,53.5,1,0,0
2026-09-06 06:15:00,127.6,1,68,51.7,1,0,0
2026-09-06 06:20:00,126.4,0,72,52.5,1,0,0
2026-09-06 06:25:00,127.0,0,70,54.6,1,0,0
2026-09-06 06:30:00,128.1,8,77,32.6,0,0,0
2026-09-06 06:35:00,130.8,7,76,34.8,0,0,0
2026-09-06 06:40:00,127.8,9,78,33.6,0,0,0
2026-09-06 06:45:00,126.5,5,78,35.8,0,0,0
2026-09-06 06:50:00,129.7,10,82,34.4,0,0,0
2026-09-06 06:55:00,127.6,13,80,31.9,0,0,0
2026-09-06 07:00:00,129.7,10,80,33.6,0,0,0
2026-09-06 07:05:00,131.7,23,81,33.9,0,0,0
2026-09-06 07:10:00,129.2,6,79,33.0,0,0,0
2026-09-06 07:15:00,124.0,23,80,30.0,0,0,0
2026-09-06 07:20:00,123.6,6,77,37.8,0,0,0
2026-09-06 07:25:00,121.8,6,76,32.6,0,0,0
2026-09-06 07:30:00,124.9,26,81,35.4,0,0,0
2026-09-06 07:35:00,121.9,12,75,31.6,0,0,0
2026-09-06 07:40:00,119.8,13,80,31.1,0,0,0
2026-09-06 07:45:00,118.5,12,77,34.0,0,0,0
2026-09-06 07:50:00,119.2,10,80,33.2,0,0,0
2026-09-06 07:55:00,119.5,22,82,31.8,0,0,0
2026-09-06 08:00:00,117.5,4,78,31.3,0,0,0
2026-09-06 08:05:00,117.3,4,78,30.7,0,0,0
2026-09-06 08:10:00,118.3,5,80,31.7,0,0,0
2026-09-06 08:15:00,117.8,9,82,34.1,0,42,70
2026-09-06 08:20:00,128.5,11,79,36.0,0,0,0
2026-09-06 08:25:00,135.4,11,82,32.3,0,0,0
2026-09-06 08:30:00,139.5,8,80,31.6,0,0,0
2026-09-06 08:35:00,141.6,13,80,31.7,0,0,0
2026-09-06 08:40:00,143.0,4,77,32.7,0,0,0
2026-09-06 08:45:00,142.6,13,80,32.0,0,0,0
2026-09-06 08:50:00,146.1,15,78,32.9,0,0,0
2026-09-06 08:55:00,147.5,3,80,31.5,0,0,0
2026-09-06 09:00:00,147.1,9,75,31.3,0,0,0
2026-09-06 09:05:00,145.6,9,77,32.1,0,0,0
2026-09-06 09:10:00,141.5,6,80,29.8,0,0,0
2026-09-06 09:15:00,143.6,4,78,29.4,0,0,0
2026-09-06 09:20:00,143.7,4,74,29.1,0,0,0
2026-09-06 09:25:00,141.1,2,77,31.5,0,0,0
2026-09-06 09:30:00,142.7,15,79,28.7,0,0,0
2026-09-06 09:35:00,141.9,3,79,32.7,0,0,0
2026-09-06 09:40:00,141.6,5,78,33.6,0,0,0
2026-09-06 09:45:00,139.8,9,81,33.9,0,0,0
2026-09-06 09:50:00,136.4,3,79,31.5,0,0,0
2026-09-06 09:55:00,136.5,6,78,29.8,0,0,0
2026-09-06 10:00:00,136.8,13,78,28.2,0,0,0
2026-09-06 10:05:00,136.6,9,78,33.4,0,0,0
2026-09-06 10:10:00,136.7,8,77,31.9,0,0,0
2026-09-06 10:15:00,135.3,5,79,29.5,0,0,0
2026-09-06 10:20:00,132.3,16,84,33.5,0,0,0
2026-09-06 10:25:00,134.4,5,80,29.2,0,0,0
2026-09-06 10:30:00,132.6,7,76,31.9,0,0,0
2026-09-06 10:35:00,132.0,15,79,30.8,0,0,0
2026-09-06 10:40:00,128.8,11,82,35.7,0,0,0
2026-09-06 10:45:00,129.3,3,81,34.1,0,0,0
2026-09-06 10:50:00,125.4,5,80,36.1,0,0,0
2026-09-06 10:55:00,126.8,10,78,29.9,0,0,0
2026-09-06 11:00:00,127.2,16,79,32.6,0,0,0
2026-09-06 11:05:00,129.0,9,81,34.0,0,0,0
2026-09-06 11:10:00,126.1,10,79,34.3,0,0,0
2026-09-06 11:15:00,122.1,9,77,33.1,0,0,0
2026-09-06 11:20:00,122.4,13,79,29.6,0,0,0
2026-09-06 11:25:00,120.7,11,78,32.4,0,0,0
2026-09-06 11:30:00,121.8,7,79,30.7,0,0,0
2026-09-06 11:35:00,125.3,10,79,33.3,0,0,0
2026-09-06 11:40:00,125.0,22,82,33.0,0,0,0
2026-09-06 11:45:00,124.9,7,77,30.7,0,0,0
2026-09-06 11:50:00,123.5,10,80,30.5,0,0,0
2026-09-06 11:55:00,126.4,9,78,33.0,0,0,0
2026-09-06 12:00:00,125.8,4,79,28.9,0,0,0
2026-09-06 12:05:00,124.2,9,74,30.4,0,0,0
2026-09-06 12:10:00,121.6,14,82,32.3,0,0,0
2026-09-06 12:15:00,120.0,13,78,31.5,0,0,0
2026-09-06 12:20:00,116.8,13,81,32.1,0,0,0
2026-09-06 12:25:00,113.1,8,80,33.0,0,0,0
2026-09-06 12:30:00,111.7,6,76,28.2,0,0,0
2026-09-06 12:35:00,113.0,5,74,31.5,0,0,0
2026-09-06 12:40:00,116.2,10,80,29.6,0,0,0
2026-09-06 12:45:00,115.4,6,82,32.0,0,0,0
2026-09-06 12:50:00,113.0,1,78,27.2,0,0,0
2026-09-06 12:55:00,114.1,5,80,33.4,0,0,0
2026-09-06 13:00:00,116.3,8,81,31.5,0,0,0
2026-09-06 13:05:00,118.5,3,79,33.9,0,62,50
2026-09-06 13:10:00,120.9,5,82,30.9,0,0,0
2026-09-06 13:15:00,126.4,5,85,31.7,0,0,0
2026-09-06 13:20:00,128.9,478,111,31.9,0,0,0
2026-09-06 13:25:00,131.9,480,113,31.5,0,0,0
2026-09-06 13:30:00,131.8,12,84,33.2,0,0,0
2026-09-06 13:35:00,135.7,14,78,27.4,0,0,0
2026-09-06 13:40:00,140.9,5,76,30.8,0,0,0
2026-09-06 13:45:00,140.6,18,79,29.2,0,0,0
2026-09-06 13:50:00,143.0,10,79,30.4,0,0,0
2026-09-06 13:55:00,142.6,6,79,34.2,0,0,0
2026-09-06 14:00:00,140.4,8,79,30.6,0,0,0
2026-09-06 14:05:00,138.0,12,79,30.9,0,0,0
2026-09-06 14:10:00,142.8,13,76,32.8,0,0,0
2026-09-06 14:15:00,142.0,18,83,30.0,0,0,0
2026-09-06 14:20:00,141.3,7,81,31.6,0,0,0
2026-09-06 14:25:00,141.8,309,98,31.9,0,0,0
2026-09-06 14:30:00,141.6,319,95,30.0,0,0,0
2026-09-06 14:35:00,144.2,318,95,33.6,0,0,0
2026-09-06 14:40:00,145.6,312,95,31.1,0,0,0
2026-09-06 14:45:00,140.8,4,80,32.0,0,0,0
2026-09-06 14:50:00,142.1,2,79,32.4,0,0,0
2026-09-06 14:55:00,138.4,2,84,32.3,0,0,0
2026-09-06 15:00:00,137.1,5,82,31.2,0,0,0
2026-09-06 15:05:00,140.0,11,77,32.9,0,0,0
2026-09-06 15:10:00,139.4,24,81,35.5,0,0,0
2026-09-06 15:15:00,135.4,5,75,33.3,0,0,0
2026-09-06 15:20:00,131.8,12,78,34.8,0,0,0
2026-09-06 15:25:00,130.4,4,78,33.9,0,0,0
2026-09-06 15:30:00,126.5,3,78,33.3,0,0,0
2026-09-06 15:35:00,124.8,4,79,32.9,0,0,0
2026-09-06 15:40:00,123.7,15,79,32.1,0,0,0
2026-09-06 15:45:00,123.7,10,77,32.1,0,0,0
2026-09-06 15:50:00,123.6,11,77,31.3,0,0,0
2026-09-06 15:55:00,120.1,5,80,33.6,0,0,0
2026-09-06 16:00:00,121.0,3,80,37.1,0,0,0
2026-09-06 16:05:00,120.4,8,76,33.5,0,0,0
2026-09-06 16:10:00,118.0,14,76,33.1,0,0,0
2026-09-06 16:15:00,114.8,4,74,31.3,0,0,0
2026-09-06 16:20:00,111.2,5,76,30.5,0,0,0
2026-09-06 16:25:00,113.5,1,78,30.5,0,0,0
2026-09-06 16:30:00,116.5,7,77,31.2,0,0,0
2026-09-06 16:35:00,112.0,14,84,31.6,0,0,0
2026-09-06 16:40:00,111.7,6,78,29.7,0,0,0
2026-09-06 16:45:00,113.2,6,78,33.6,0,0,0
2026-09-06 16:50:00,112.9,15,77,33.2,0,0,0
2026-09-06 16:55:00,115.1,7,81,32.3,0,34,60
2026-09-06 17:00:00,121.4,11,80,27.4,0,0,0
2026-09-06 17:05:00,125.0,21,82,34.6,0,0,0
2026-09-06 17:10:00,130.6,9,82,33.8,0,0,0
2026-09-06 17:15:00,131.1,13,83,33.0,0,0,0
2026-09-06 17:20:00,134.9,3,85,30.3,0,0,0
2026-09-06 17:25:00,137.5,33,78,29.9,0,0,0
2026-09-06 17:30:00,137.1,8,75,32.3,0,0,0
2026-09-06 17:35:00,135.9,4,80,35.2,0,0,0
2026-09-06 17:40:00,135.0,4,77,30.3,0,0,0
2026-09-06 17:45:00,137.1,4,79,28.8,0,0,0
2026-09-06 17:50:00,136.5,4,78,32.6,0,0,0
2026-09-06 17:55:00,134.4,12,78,31.5,0,0,0
2026-09-06 18:00:00,132.0,4,76,34.0,0,0,0
2026-09-06 18:05:00,132.0,12,77,30.5,0,0,0
2026-09-06 18:10:00,130.9,3,79,35.1,0,0,0
2026-09-06 18:15:00,131.6,29,81,32.0,0,0,0
2026-09-06 18:20:00,133.9,8,77,29.0,0,0,0
2026-09-06 18:25:00,132.6,5,77,30.2,0,0,0
2026-09-06 18:30:00,133.2,5,80,36.0,0,0,0
2026-09-06 18:35:00,132.4,11,79,33.0,0,0,0
2026-09-06 18:40:00,131.2,8,79,34.8,0,0,0
2026-09-06 18:45:00,132.0,2,78,32.6,0,0,0
2026-09-06 18:50:00,134.7,7,79,31.3,0,0,0
2026-09-06 18:55:00,134.9,15,77,35.3,0,0,0
2026-09-06 19:00:00,134.5,13,80,32.8,0,0,0
2026-09-06 19:05:00,134.3,3,82,31.7,0,0,0
2026-09-06 19:10:00,133.5,17,81,30.5,0,0,0
2026-09-06 19:15:00,133.8,10,77,33.5,0,0,0
2026-09-06 19:20:00,129.4,7,74,29.2,0,0,0
2026-09-06 19:25:00,128.8,6,79,34.5,0,0,0
2026-09-06 19:30:00,129.4,3,77,32.1,0,0,0
2026-09-06 19:35:00,130.3,0,77,31.6,0,0,0
2026-09-06 19:40:00,130.3,8,81,32.3,0,0,0
2026-09-06 19:45:00,132.4,15,79,35.1,0,0,0
2026-09-06 19:50:00,130.5,8,81,32.4,0,0,0
2026-09-06 19:55:00,129.9,9,79,30.1,0,0,0
2026-09-06 20:00:00,128.6,5,80,30.3,0,0,0
2026-09-06 20:05:00,130.4,13,81,32.5,0,0,0
2026-09-06 20:10:00,131.9,5,80,31.4,0,0,0
2026-09-06 20:15:00,128.4,7,78,29.8,0,0,0
2026-09-06 20:20:00,127.2,12,79,28.5,0,0,0
2026-09-06 20:25:00,126.4,10,78,30.3,0,0,0
2026-09-06 20:30:00,124.3,15,78,33.5,0,0,0
2026-09-06 20:35:00,124.0,7,78,33.7,0,0,0
2026-09-06 20:40:00,122.3,3,79,31.9,0,0,0
2026-09-06 20:45:00,123.9,12,78,29.3,0,0,0
2026-09-06 20:50:00,125.0,14,78,30.4,0,0,0
2026-09-06 20:55:00,123.7,13,78,33.8,0,0,0
2026-09-06 21:00:00,124.2,14,79,29.6,0,0,0
2026-09-06 21:05:00,122.8,7,78,33.9,0,0,0
2026-09-06 21:10:00,123.2,13,80,34.7,0,0,0
2026-09-06 21:15:00,122.3,12,82,33.6,0,0,0
2026-09-06 21:20:00,123.2,20,76,29.4,0,0,0
2026-09-06 21:25:00,120.3,7,79,32.7,0,0,0
2026-09-06 21:30:00,119.2,6,79,32.9,0,0,0
2026-09-06 21:35:00,119.2,6,81,30.2,0,108,70
2026-09-06 21:40:00,138.3,7,84,31.0,0,0,0
2026-09-06 21:45:00,151.1,24,83,30.6,0,0,0
2026-09-06 21:50:00,162.0,12,82,31.8,0,0,0
2026-09-06 21:55:00,171.5,6,84,33.5,0,0,0
2026-09-06 22:00:00,180.8,11,82,31.1,0,0,0
2026-09-06 22:05:00,182.3,10,73,29.7,0,0,0
2026-09-06 22:10:00,183.2,11,79,31.7,0,0,0
2026-09-06 22:15:00,182.8,10,81,31.2,0,0,0
2026-09-06 22:20:00,182.2,7,79,32.6,0,0,0
2026-09-06 22:25:00,180.8,7,77,32.3,0,0,0
2026-09-06 22:30:00,179.1,11,80,32.3,0,0,0
2026-09-06 22:35:00,177.5,11,80,35.1,0,0,0
2026-09-06 22:40:00,174.7,2,76,31.4,0,0,0
2026-09-06 22:45:00,174.8,10,80,31.8,0,0,0
2026-09-06 22:50:00,169.0,0,71,52.4,1,0,0
2026-09-06 22:55:00,167.7,0,73,48.5,1,0,0
2026-09-06 23:00:00,166.7,1,70,52.6,1,0,0
2026-09-06 23:05:00,166.7,0,72,52.6,1,0,0
2026-09-06 23:10:00,164.3,0,74,50.3,1,0,0
2026-09-06 23:15:00,162.4,0,71,55.8,1,0,0
2026-09-06 23:20:00,161.5,0,72,50.5,1,0,0
2026-09-06 23:25:00,158.5,0,67,54.3,1,0,0
2026-09-06 23:30:00,155.4,1,72,48.0,1,0,0
2026-09-06 23:35:00,152.0,0,67,52.2,1,0,0
2026-09-06 23:40:00,148.6,1,69,51.0,1,0,0
2026-09-06 23:45:00,150.1,1,69,55.2,1,0,0
2026-09-06 23:50:00,147.5,1,69,48.7,1,0,0
2026-09-06 23:55:00,152.0,0,75,53.1,1,0,0
2026-09-07 00:00:00,151.6,0,73,48.5,1,0,0
2026-09-07 00:05:00,150.4,0,71,47.5,1,0,0
2026-09-07 00:10:00,146.8,0,69,52.6,1,0,0
2026-09-07 00:15:00,144.8,0,75,50.9,1,0,0
2026-09-07 00:20:00,142.9,0,68,48.8,1,0,0
2026-09-07 00:25:00,140.7,0,69,52.5,1,0,0
2026-09-07 00:30:00,140.8,0,67,52.8,1,0,0
2026-09-07 00:35:00,140.7,0,72,49.7,1,0,0
2026-09-07 00:40:00,137.5,0,73,53.7,1,0,0
2026-09-07 00:45:00,138.3,1,68,50.9,1,0,0
2026-09-07 00:50:00,137.5,1,70,52.0,1,0,0
2026-09-07 00:55:00,132.8,0,69,53.9,1,0,0
2026-09-07 01:00:00,135.4,0,68,49.7,1,0,0
2026-09-07 01:05:00,136.0,1,69,48.4,1,0,0
2026-09-07 01:10:00,135.4,0,65,50.2,1,0,0
2026-09-07 01:15:00,135.3,0,68,49.7,1,0,0
2026-09-07 01:20:00,134.1,0,67,53.7,1,0,0
2026-09-07 01:25:00,133.0,0,70,50.9,1,0,0
2026-09-07 01:30:00,133.1,0,73,52.6,1,0,0
2026-09-07 01:35:00,131.2,0,68,50.7,1,0,0
2026-09-07 01:40:00,127.8,0,69,53.2,1,0,0
2026-09-07 01:45:00,124.9,0,69,45.6,1,0,0
2026-09-07 01:50:00,123.1,0,71,51.7,1,0,0
2026-09-07 01:55:00,124.7,0,68,48.0,1,0,0
2026-09-07 02:00:00,124.7,0,71,52.1,1,0,0
2026-09-07 02:05:00,125.8,0,69,51.7,1,0,0
2026-09-07 02:10:00,124.3,0,70,49.0,1,0,0
2026-09-07 02:15:00,123.5,0,71,49.6,1,0,0
2026-09-07 02:20:00,124.9,0,71,51.5,1,0,0
2026-09-07 02:25:00,124.5,0,67,47.9,1,0,0
2026-09-07 02:30:00,124.0,1,68,53.6,1,0,0
2026-09-07 02:35:00,125.6,0,73,54.2,1,0,0
2026-09-07 02:40:00,127.1,2,69,46.7,1,0,0
2026-09-07 02:45:00,128.2,0,74,48.4,1,0,0
2026-09-07 02:50:00,124.4,1,72,47.2,1,0,0
2026-09-07 02:55:00,123.6,0,68,50.9,1,0,0
2026-09-07 03:00:00,123.3,1,72,47.5,1,0,0
2026-09-07 03:05:00,123.6,0,69,48.8,1,0,0
2026-09-07 03:10:00,124.9,0,70,51.1,1,0,0
2026-09-07 03:15:00,124.3,1,68,53.6,1,0,0
2026-09-07 03:20:00,125.8,1,69,52.5,1,0,0
2026-09-07 03:25:00,126.7,0,71,50.3,1,0,0
2026-09-07 03:30:00,128.5,0,71,47.4,1,0,0
2026-09-07 03:35:00,129.0,0,68,52.1,1,0,0
2026-09-07 03:40:00,127.9,0,73,50.3,1,0,0
2026-09-07 03:45:00,125.7,0,69,48.7,1,0,0
2026-09-07 03:50:00,128.3,0,68,53.5,1,0,0
2026-09-07 03:55:00,129.9,0,69,50.4,1,0,0
2026-09-07 04:00:00,133.7,0,69,50.3,1,0,0
2026-09-07 04:05:00,134.9,1,66,51.7,1,0,0
2026-09-07 04:10:00,134.2,1,72,49.6,1,0,0
2026-09-07 04:15:00,134.0,0,70,51.9,1,0,0
2026-09-07 04:20:00,133.6,0,71,49.1,1,0,0
2026-09-07 04:25:00,133.0,0,71,48.7,1,0,0
2026-09-07 04:30:00,131.7,0,72,55.8,1,0,0
2026-09-07 04:35:00,134.6,0,69,51.8,1,0,0
2026-09-07 04:40:00,131.4,0,73,49.3,1,0,0
2026-09-07 04:45:00,130.0,0,68,52.8,1,0,0
2026-09-07 04:50:00,130.2,0,72,50.2,1,0,0
2026-09-07 04:55:00,131.4,1,68,53.3,1,0,0
2026-09-07 05:00:00,130.2,0,69,50.1,1,0,0
2026-09-07 05:05:00,131.1,1,74,49.3,1,0,0
2026-09-07 05:10:00,134.3,1,69,53.3,1,0,0
2026-09-07 05:15:00,130.6,1,68,47.0,1,0,0
2026-09-07 05:20:00,131.1,0,70,52.6,1,0,0
2026-09-07 05:25:00,134.6,0,71,50.1,1,0,0
2026-09-07 05:30:00,132.6,0,72,51.9,1,0,0
2026-09-07 05:35:00,132.7,1,70,47.7,1,0,0
2026-09-07 05:40:00,134.4,0,67,49.9,1,0,0
2026-09-07 05:45:00,136.2,0,68,50.5,1,0,0
2026-09-07 05:50:00,137.0,1,71,47.8,1,0,0
2026-09-07 05:55:00,138.7,0,71,50.0,1,0,0
2026-09-07 06:00:00,135.6,0,68,52.6,1,0,0
2026-09-07 06:05:00,136.5,0,68,53.5,1,0,0
2026-09-07 06:10:00,136.8,0,68,54.2,1,0,0
2026-09-07 06:15:00,135.7,1,72,51.4,1,0,0
2026-09-07 06:20:00,132.7,0,70,52.6,1,0,0
2026-09-07 06:25:00,132.4,12,81,29.2,0,0,0
2026-09-07 06:30:00,132.5,2,75,25.9,0,0,0
2026-09-07 06:35:00,134.6,12,81,34.2,0,0,0
2026-09-07 06:40:00,135.5,7,74,33.0,0,0,0
2026-09-07 06:45:00,136.8,3,80,32.9,0,0,0
2026-09-07 06:50:00,138.5,7,77,32.6,0,0,0
2026-09-07 06:55:00,138.9,7,79,28.1,0,0,0
2026-09-07 07:00:00,136.0,13,77,30.7,0,0,0
2026-09-07 07:05:00,132.4,5,79,28.8,0,0,0
2026-09-07 07:10:00,129.7,10,80,28.6,0,0,0
2026-09-07 07:15:00,128.3,11,81,29.9,0,0,0
2026-09-07 07:20:00,128.9,10,79,31.9,0,0,0
2026-09-07 07:25:00,130.5,4,81,28.2,0,0,0
2026-09-07 07:30:00,127.8,10,81,33.8,0,0,0
2026-09-07 07:35:00,128.4,6,77,32.1,0,0,0
2026-09-07 07:40:00,128.9,14,78,33.0,0,0,0
2026-09-07 07:45:00,127.8,17,78,33.1,0,0,0
2026-09-07 07:50:00,127.0,9,81,32.8,0,0,0
2026-09-07 07:55:00,126.1,9,78,33.0,0,0,0
2026-09-07 08:00:00,127.8,8,77,30.1,0,0,0
2026-09-07 08:05:00,125.4,12,80,28.9,0,0,0
2026-09-07 08:10:00,123.6,8,79,30.6,0,0,0
2026-09-07 08:15:00,120.9,12,79,33.8,0,0,0
2026-09-07 08:20:00,121.8,14,80,30.9,0,0,0
2026-09-07 08:25:00,124.0,11,81,34.2,0,0,0
2026-09-07 08:30:00,120.7,2,76,32.0,0,0,0
2026-09-07 08:35:00,121.3,10,81,28.3,0,0,0
2026-09-07 08:40:00,119.7,14,78,33.7,0,0,0
2026-09-07 08:45:00,119.3,5,77,31.0,0,0,0
2026-09-07 08:50:00,117.3,12,77,31.5,0,0,0
2026-09-07 08:55:00,115.8,11,78,32.7,0,0,0
2026-09-07 09:00:00,113.7,15,81,32.8,0,0,0
2026-09-07 09:05:00,115.2,10,85,30.1,0,0,0
2026-09-07 09:10:00,116.2,6,81,29.1,0,39,70
2026-09-07 09:15:00,125.2,6,76,31.3,0,0,0
2026-09-07 09:20:00,130.5,7,82,31.1,0,0,0
2026-09-07 09:25:00,135.7,9,81,30.0,0,0,0
2026-09-07 09:30:00,139.4,7,84,33.3,0,0,0
2026-09-07 09:35:00,141.6,13,82,29.4,0,0,0
2026-09-07 09:40:00,143.1,5,75,30.2,0,0,0
2026-09-07 09:45:00,143.1,6,76,31.4,0,0,0
2026-09-07 09:50:00,141.8,8,80,30.2,0,0,0
2026-09-07 09:55:00,142.6,9,78,30.7,0,0,0
2026-09-07 10:00:00,145.8,3,73,29.5,0,0,0
2026-09-07 10:05:00,145.6,11,76,32.2,0,0,0
2026-09-07 10:10:00,146.8,7,81,32.1,0,0,0
2026-09-07 10:15:00,144.1,9,82,30.9,0,0,0
2026-09-07 10:20:00,141.5,6,80,33.2,0,0,0
2026-09-07 10:25:00,140.2,6,77,33.5,0,0,0
2026-09-07 10:30:00,136.4,14,84,32.9,0,0,0
2026-09-07 10:35:00,137.0,5,78,28.5,0,0,0
2026-09-07 10:40:00,141.4,12,78,30.4,0,0,0
2026-09-07 10:45:00,138.5,3,80,28.9,0,0,0
2026-09-07 10:50:00,137.0,5,75,28.0,0,0,0
2026-09-07 10:55:00,139.3,8,78,33.8,0,0,0
2026-09-07 11:00:00,139.6,8,76,31.3,0,0,0
2026-09-07 11:05:00,139.8,10,81,29.4,0,0,0
2026-09-07 11:10:00,138.1,11,82,32.9,0,0,0
2026-09-07 11:15:00,135.2,7,78,33.7,0,0,0
2026-09-07 11:20:00,133.7,3,77,33.6,0,0,0
2026-09-07 11:25:00,132.2,10,77,32.9,0,0,0
2026-09-07 11:30:00,130.8,5,78,31.4,0,0,0
2026-09-07 11:35:00,131.9,8,79,31.2,0,0,0
2026-09-07 11:40:00,131.8,4,79,32.6,0,0,0
2026-09-07 11:45:00,132.9,5,77,30.6,0,0,0
2026-09-07 11:50:00,132.1,3,78,26.9,0,0,0
2026-09-07 11:55:00,131.3,9,76,34.5,0,0,0
2026-09-07 12:00:00,130.9,4,79,28.4,0,0,0
2026-09-07 12:05:00,128.3,8,83,32.4,0,0,0
2026-09-07 12:10:00,128.7,26,81,31.2,0,0,0
2026-09-07 12:15:00,128.2,9,77,32.4,0,0,0
2026-09-07 12:20:00,127.3,9,78,38.1,0,0,0
2026-09-07 12:25:00,124.8,5,78,29.6,0,0,0
2026-09-07 12:30:00,123.8,7,77,29.5,0,0,0
2026-09-07 12:35:00,124.5,8,80,29.0,0,0,0
2026-09-07 12:40:00,125.1,6,77,31.7,0,0,0
2026-09-07 12:45:00,124.2,14,76,30.5,0,0,0
2026-09-07 12:50:00,123.9,10,79,28.5,0,0,0
2026-09-07 12:55:00,124.1,1,80,31.5,0,0,0
2026-09-07 13:00:00,124.9,17,84,29.5,0,0,0
2026-09-07 13:05:00,124.8,12,82,32.4,0,0,0
2026-09-07 13:10:00,122.6,7,79,32.5,0,0,0
2026-09-07 13:15:00,123.0,21,78,31.5,0,0,0
2026-09-07 13:20:00,120.3,10,79,29.4,0,0,0
2026-09-07 13:25:00,121.4,9,76,30.8,0,0,0
2026-09-07 13:30:00,117.8,7,85,29.9,0,56,55
2026-09-07 13:35:00,128.4,8,81,30.1,0,0,0
2026-09-07 13:40:00,134.1,369,106,28.1,0,0,0
2026-09-07 13:45:00,139.4,850,129,24.8,0,0,0
2026-09-07 13:50:00,142.7,859,132,31.5,0,0,0
2026-09-07 13:55:00,149.1,11,83,31.4,0,0,0
2026-09-07 14:00:00,150.3,1,76,31.3,0,0,0
2026-09-07 14:05:00,146.6,16,80,29.1,0,0,0
2026-09-07 14:10:00,147.7,9,78,28.1,0,0,0
2026-09-07 14:15:00,146.8,6,77,37.0,0,0,0
2026-09-07 14:20:00,146.8,7,79,32.8,0,0,0
2026-09-07 14:25:00,143.8,6,77,29.9,0,0,0
2026-09-07 14:30:00,142.5,9,80,31.7,0,0,0
2026-09-07 14:35:00,141.5,6,81,27.5,0,0,0
2026-09-07 14:40:00,142.5,16,79,29.3,0,0,0
2026-09-07 14:45:00,139.5,11,77,33.6,0,0,0
2026-09-07 14:50:00,138.1,15,77,25.7,0,0,0
2026-09-07 14:55:00,135.3,11,79,29.0,0,0,0
2026-09-07 15:00:00,135.6,8,77,34.1,0,0,0
2026-09-07 15:05:00,133.6,5,78,30.8,0,0,0
2026-09-07 15:10:00,132.4,8,76,29.2,0,0,0
2026-09-07 15:15:00,132.9,5,77,32.7,0,0,0
2026-09-07 15:20:00,133.3,9,80,30.2,0,0,0
2026-09-07 15:25:00,131.5,5,82,34.5,0,0,0
2026-09-07 15:30:00,129.9,8,78,32.9,0,0,0
2026-09-07 15:35:00,128.2,6,83,29.2,0,0,0
2026-09-07 15:40:00,128.0,8,77,30.7,0,0,0
2026-09-07 15:45:00,126.6,6,78,36.0,0,0,0
2026-09-07 15:50:00,121.9,4,78,29.5,0,0,0
2026-09-07 15:55:00,117.2,8,77,31.7,0,0,0
2026-09-07 16:00:00,118.3,6,76,34.3,0,0,0
2026-09-07 16:05:00,118.1,8,77,31.9,0,0,0
2026-09-07 16:10:00,119.3,5,75,29.2,0,0,0
2026-09-07 16:15:00,124.0,7,80,34.1,0,0,0
2026-09-07 16:20:00,123.2,4,79,32.6,0,0,0
2026-09-07 16:25:00,123.0,5,75,35.0,0,0,0
2026-09-07 16:30:00,120.9,8,80,31.7,0,0,0
2026-09-07 16:35:00,117.7,18,77,30.9,0,0,0
2026-09-07 16:40:00,120.9,8,81,32.0,0,0,0
2026-09-07 16:45:00,120.1,5,76,32.5,0,0,0
2026-09-07 16:50:00,121.1,9,79,33.1,0,0,0
2026-09-07 16:55:00,121.2,3,81,31.1,0,0,0
2026-09-07 17:00:00,123.6,4,74,29.9,0,0,0
2026-09-07 17:05:00,122.9,7,79,28.7,0,0,0
2026-09-07 17:10:00,120.3,1,78,33.4,0,0,0
2026-09-07 17:15:00,121.1,19,76,32.2,0,0,0
2026-09-07 17:20:00,121.3,10,81,34.0,0,0,0
2026-09-07 17:25:00,118.7,5,79,32.4,0,0,0
2026-09-07 17:30:00,118.2,16,81,28.0,0,0,0
2026-09-07 17:35:00,118.2,9,79,27.7,0,0,0
2026-09-07 17:40:00,120.1,3,82,30.7,0,28,65
2026-09-07 17:45:00,125.1,4,82,29.4,0,0,0
2026-09-07 17:50:00,124.3,10,82,29.6,0,0,0
2026-09-07 17:55:00,128.3,6,80,30.9,0,0,0
2026-09-07 18:00:00,132.6,2,81,29.6,0,0,0
2026-09-07 18:05:00,135.3,6,81,32.0,0,0,0
2026-09-07 18:10:00,135.5,16,79,34.2,0,0,0
2026-09-07 18:15:00,136.5,8,79,32.6,0,0,0
2026-09-07 18:20:00,134.8,8,75,30.6,0,0,0
2026-09-07 18:25:00,131.0,9,77,32.7,0,0,0
2026-09-07 18:30:00,131.5,6,75,34.6,0,0,0
2026-09-07 18:35:00,132.0,10,79,31.2,0,0,0
2026-09-07 18:40:00,132.6,9,78,34.7,0,0,0
2026-09-07 18:45:00,134.1,6,76,35.4,0,0,0
2026-09-07 18:50:00,133.2,16,77,28.6,0,0,0
2026-09-07 18:55:00,138.1,7,78,31.3,0,0,0
2026-09-07 19:00:00,137.1,3,75,31.9,0,0,0
2026-09-07 19:05:00,138.5,9,77,29.6,0,0,0
2026-09-07 19:10:00,136.6,10,80,31.2,0,0,0
2026-09-07 19:15:00,137.5,14,81,30.8,0,0,0
2026-09-07 19:20:00,136.0,4,79,30.6,0,0,0
2026-09-07 19:25:00,135.9,3,78,30.3,0,0,0
2026-09-07 19:30:00,132.9,7,78,31.3,0,0,0
2026-09-07 19:35:00,129.7,20,75,28.9,0,0,0
2026-09-07 19:40:00,130.1,7,82,30.0,0,0,0
2026-09-07 19:45:00,127.9,11,79,31.7,0,0,0
2026-09-07 19:50:00,127.9,11,83,29.7,0,0,0
2026-09-07 19:55:00,130.1,5,77,33.6,0,0,0
2026-09-07 20:00:00,131.9,8,78,30.4,0,0,0
2026-09-07 20:05:00,129.3,21,81,33.1,0,0,0
2026-09-07 20:10:00,130.8,11,80,30.9,0,0,0
2026-09-07 20:15:00,127.0,9,78,30.9,0,0,0
2026-09-07 20:20:00,126.6,9,80,31.7,0,0,0
2026-09-07 20:25:00,127.6,3,77,32.6,0,0,0
2026-09-07 20:30:00,127.0,11,79,31.7,0,0,0
2026-09-07 20:35:00,124.5,8,77,31.6,0,0,0
2026-09-07 20:40:00,125.8,7,78,30.5,0,0,0
2026-09-07 20:45:00,125.7,11,77,31.5,0,0,0
2026-09-07 20:50:00,124.3,5,80,29.4,0,0,0
2026-09-07 20:55:00,122.0,7,79,33.0,0,0,0
2026-09-07 21:00:00,122.3,10,75,29.2,0,0,0
2026-09-07 21:05:00,122.3,1,77,29.1,0,0,0
2026-09-07 21:10:00,122.4,16,77,29.2,0,0,0
2026-09-07 21:15:00,125.7,7,79,29.1,0,0,0
2026-09-07 21:20:00,125.3,10,84,34.2,0,48,50
2026-09-07 21:25:00,130.6,14,83,28.8,0,0,0
2026-09-07 21:30:00,135.0,7,83,31.2,0,0,0
2026-09-07 21:35:00,136.9,483,110,31.3,0,0,0
2026-09-07 21:40:00,139.4,477,101,49.9,1,0,0
2026-09-07 21:45:00,142.5,2,72,52.8,1,0,0
2026-09-07 21:50:00,141.3,0,74,53.0,1,0,0
2026-09-07 21:55:00,139.9,2,70,50.6,1,0,0
2026-09-07 22:00:00,140.6,1,68,50.0,1,0,0
2026-09-07 22:05:00,141.2,3,71,50.9,1,0,0
2026-09-07 22:10:00,140.0,0,70,50.1,1,0,0
2026-09-07 22:15:00,141.4,0,69,48.5,1,0,0
2026-09-07 22:20:00,140.3,0,67,51.5,1,0,0
2026-09-07 22:25:00,142.3,0,70,51.2,1,0,0
2026-09-07 22:30:00,137.4,1,70,49.7,1,0,0
2026-09-07 22:35:00,133.8,0,66,52.2,1,0,0
2026-09-07 22:40:00,136.2,2,69,51.5,1,0,0
2026-09-07 22:45:00,135.6,0,71,55.8,1,0,0
2026-09-07 22:50:00,135.9,0,68,50.5,1,0,0
2026-09-07 22:55:00,133.0,0,75,50.2,1,0,0
2026-09-07 23:00:00,130.2,0,72,51.6,1,0,0
2026-09-07 23:05:00,128.8,0,68,55.2,1,0,0
2026-09-07 23:10:00,125.9,1,69,52.0,1,0,0
2026-09-07 23:15:00,129.2,0,68,54.8,1,0,0
2026-09-07 23:20:00,125.6,0,70,46.8,1,0,0
2026-09-07 23:25:00,122.9,1,70,46.1,1,0,0
2026-09-07 23:30:00,123.0,0,72,54.0,1,0,0
2026-09-07 23:35:00,122.5,0,71,50.3,1,0,0
2026-09-07 23:40:00,123.6,1,72,54.1,1,0,0
2026-09-07 23:45:00,124.4,0,69,47.8,1,0,0
2026-09-07 23:50:00,125.6,0,70,53.6,1,0,0
2026-09-07 23:55:00,125.2,0,71,51.7,1,0,0
2026-09-08 00:00:00,123.8,1,72,53.5,1,0,0
2026-09-08 00:05:00,123.6,0,71,50.0,1,0,0
2026-09-08 00:10:00,122.6,0,69,52.2,1,0,0
2026-09-08 00:15:00,122.5,0,70,50.1,1,0,0
2026-09-08 00:20:00,124.3,0,71,50.4,1,0,0
2026-09-08 00:25:00,120.8,0,69,50.9,1,0,0
2026-09-08 00:30:00,123.0,0,71,54.3,1,0,0
2026-09-08 00:35:00,122.4,0,70,50.0,1,0,0
2026-09-08 00:40:00,121.8,1,67,53.9,1,0,0
2026-09-08 00:45:00,118.7,1,70,53.7,1,0,0
2026-09-08 00:50:00,121.7,3,74,51.4,1,0,0
2026-09-08 00:55:00,123.4,0,69,55.5,1,0,0
2026-09-08 01:00:00,123.6,0,71,53.7,1,0,0
2026-09-08 01:05:00,130.5,0,68,52.3,1,0,0
2026-09-08 01:10:00,128.7,0,70,51.1,1,0,0
2026-09-08 01:15:00,127.3,0,68,53.6,1,0,0
2026-09-08 01:20:00,127.2,0,70,51.9,1,0,0
2026-09-08 01:25:00,127.2,1,70,54.1,1,0,0
2026-09-08 01:30:00,125.7,1,69,53.5,1,0,0
2026-09-08 01:35:00,129.0,1,70,53.0,1,0,0
2026-09-08 01:40:00,128.2,0,69,49.8,1,0,0
2026-09-08 01:45:00,123.8,0,71,51.1,1,0,0
2026-09-08 01:50:00,123.5,0,68,52.2,1,0,0
2026-09-08 01:55:00,123.9,0,71,50.3,1,0,0
2026-09-08 02:00:00,126.0,1,71,52.9,1,0,0
2026-09-08 02:05:00,127.6,0,72,54.5,1,0,0
2026-09-08 02:10:00,126.9,0,70,51.1,1,0,0
2026-09-08 02:15:00,127.6,0,72,53.8,1,0,0
2026-09-08 02:20:00,122.9,0,71,50.5,1,0,0
2026-09-08 02:25:00,125.3,0,67,50.9,1,0,0
2026-09-08 02:30:00,124.6,1,71,50.0,1,0,0
2026-09-08 02:35:00,123.1,0,73,52.6,1,0,0
2026-09-08 02:40:00,117.5,0,66,48.5,1,0,0
2026-09-08 02:45:00,117.7,0,72,52.9,1,0,0
2026-09-08 02:50:00,116.0,2,71,54.6,1,0,0
2026-09-08 02:55:00,115.6,0,67,50.2,1,0,0
2026-09-08 03:00:00,116.3,0,74,55.3,1,0,0
2026-09-08 03:05:00,112.8,0,74,53.3,1,0,0
2026-09-08 03:10:00,111.9,0,71,54.3,1,0,0
2026-09-08 03:15:00,113.8,0,68,53.8,1,0,0
2026-09-08 03:20:00,114.7,0,67,48.6,1,0,0
2026-09-08 03:25:00,115.7,0,72,51.7,1,0,0
2026-09-08 03:30:00,113.6,0,69,50.4,1,0,0
2026-09-08 03:35:00,115.7,1,69,54.7,1,0,0
2026-09-08 03:40:00,114.7,1,69,55.2,1,0,0
2026-09-08 03:45:00,117.1,0,68,51.1,1,0,0
2026-09-08 03:50:00,119.0,1,74,49.0,1,0,0
2026-09-08 03:55:00,117.7,0,69,51.9,1,0,0
2026-09-08 04:00:00,116.2,0,67,52.8,1,0,0
2026-09-08 04:05:00,116.5,0,67,51.3,1,0,0
2026-09-08 04:10:00,120.2,0,68,52.4,1,0,0
2026-09-08 04:15:00,119.4,0,68,53.7,1,0,0
2026-09-08 04:20:00,118.8,0,72,52.7,1,0,0
2026-09-08 04:25:00,119.1,1,69,50.6,1,0,0
2026-09-08 04:30:00,120.8,1,69,49.7,1,0,0
2026-09-08 04:35:00,119.7,0,68,52.4,1,0,0
2026-09-08 04:40:00,119.8,0,72,51.8,1,0,0
2026-09-08 04:45:00,120.8,2,71,52.2,1,0,0
2026-09-08 04:50:00,123.5,0,70,49.6,1,0,0
2026-09-08 04:55:00,126.5,0,71,53.3,1,0,0
2026-09-08 05:00:00,124.8,0,72,50.1,1,0,0
2026-09-08 05:05:00,122.3,0,70,51.9,1,0,0
2026-09-08 05:10:00,122.4,2,72,52.9,1,0,0
2026-09-08 05:15:00,121.7,0,72,50.2,1,0,0
2026-09-08 05:20:00,124.8,1,72,51.4,1,0,0
2026-09-08 05:25:00,127.6,0,71,50.5,1,0,0
2026-09-08 05:30:00,129.3,1,70,54.8,1,0,0
2026-09-08 05:35:00,126.9,0,75,51.3,1,0,0
2026-09-08 05:40:00,125.1,0,70,49.6,1,0,0
2026-09-08 05:45:00,123.9,1,72,54.1,1,0,0
2026-09-08 05:50:00,123.7,0,72,48.9,1,0,0
2026-09-08 05:55:00,121.2,0,72,51.7,1,0,0
2026-09-08 06:00:00,121.2,1,72,52.2,1,0,0
2026-09-08 06:05:00,123.9,1,70,52.6,1,0,0
2026-09-08 06:10:00,123.8,1,69,51.3,1,0,0
2026-09-08 06:15:00,122.5,2,68,52.0,1,0,0
2026-09-08 06:20:00,123.0,6,78,30.0,0,0,0
2026-09-08 06:25:00,122.7,7,79,32.3,0,0,0
2026-09-08 06:30:00,124.9,7,80,32.3,0,0,0
2026-09-08 06:35:00,128.0,8,75,30.7,0,0,0
2026-09-08 06:40:00,126.4,4,79,30.6,0,0,0
2026-09-08 06:45:00,124.2,6,79,32.2,0,0,0
2026-09-08 06:50:00,122.6,22,80,32.0,0,0,0
2026-09-08 06:55:00,121.9,11,79,34.6,0,0,0
2026-09-08 07:00:00,120.9,9,74,32.2,0,0,0
2026-09-08 07:05:00,121.6,6,79,34.1,0,0,0
2026-09-08 07:10:00,123.3,2,78,31.2,0,0,0
2026-09-08 07:15:00,126.6,3,82,33.0,0,0,0
2026-09-08 07:20:00,125.3,11,80,31.0,0,0,0
2026-09-08 07:25:00,123.4,20,82,28.2,0,0,0
2026-09-08 07:30:00,124.5,11,80,31.5,0,0,0
2026-09-08 07:35:00,121.1,15,76,33.1,0,0,0
2026-09-08 07:40:00,120.9,3,80,31.1,0,58,78
2026-09-08 07:45:00,125.7,11,80,32.7,0,0,0
2026-09-08 07:50:00,132.3,10,78,30.0,0,0,0
2026-09-08 07:55:00,133.7,490,110,35.1,0,0,0
2026-09-08 08:00:00,138.1,495,109,31.5,0,0,0
2026-09-08 08:05:00,140.2,6,84,27.9,0,0,0
2026-09-08 08:10:00,143.9,19,78,32.1,0,0,0
2026-09-08 08:15:00,144.8,6,81,31.8,0,0,0
2026-09-08 08:20:00,149.2,22,78,34.0,0,0,0
2026-09-08 08:25:00,150.4,8,81,32.3,0,0,0
2026-09-08 08:30:00,144.7,5,79,32.2,0,0,0
2026-09-08 08:35:00,149.1,4,80,33.1,0,0,0
2026-09-08 08:40:00,149.5,4,78,31.1,0,0,0
2026-09-08 08:45:00,147.3,4,85,31.8,0,0,0
2026-09-08 08:50:00,152.1,10,81,30.1,0,0,0
2026-09-08 08:55:00,148.6,12,76,30.0,0,0,0
2026-09-08 09:00:00,148.8,15,78,31.8,0,0,0
2026-09-08 09:05:00,148.8,7,80,35.8,0,0,0
2026-09-08 09:10:00,144.8,15,80,33.0,0,0,0
2026-09-08 09:15:00,140.9,24,80,31.0,0,0,0
2026-09-08 09:20:00,141.4,14,75,34.6,0,0,0
2026-09-08 09:25:00,142.2,12,79,35.0,0,0,0
2026-09-08 09:30:00,139.2,16,80,31.2,0,0,0
2026-09-08 09:35:00,140.3,8,80,30.5,0,0,0
2026-09-08 09:40:00,136.4,10,81,31.6,0,0,0
2026-09-08 09:45:00,136.2,3,79,30.5,0,0,0
2026-09-08 09:50:00,132.7,10,81,32.0,0,0,0
2026-09-08 09:55:00,128.8,12,85,33.8,0,0,0
2026-09-08 10:00:00,126.8,5,78,34.3,0,0,0
2026-09-08 10:05:00,125.7,5,80,33.6,0,0,0
2026-09-08 10:10:00,127.7,7,78,30.4,0,0,0
2026-09-08 10:15:00,127.6,10,75,30.9,0,0,0
2026-09-08 10:20:00,130.6,6,81,29.9,0,0,0
2026-09-08 10:25:00,129.7,6,79,35.9,0,0,0
2026-09-08 10:30:00,133.2,2,78,30.9,0,0,0
2026-09-08 10:35:00,134.2,16,83,29.6,0,0,0
2026-09-08 10:40:00,137.7,7,78,30.7,0,0,0
2026-09-08 10:45:00,133.9,7,82,30.5,0,0,0
2026-09-08 10:50:00,133.6,7,81,30.7,0,0,0
2026-09-08 10:55:00,130.7,11,78,29.8,0,0,0
2026-09-08 11:00:00,131.2,12,81,31.1,0,0,0
2026-09-08 11:05:00,130.1,15,81,33.4,0,0,0
2026-09-08 11:10:00,125.1,8,77,27.5,0,0,0
2026-09-08 11:15:00,125.6,16,80,32.8,0,0,0
2026-09-08 11:20:00,126.7,16,78,33.1,0,0,0
2026-09-08 11:25:00,123.1,14,75,32.6,0,0,0
2026-09-08 11:30:00,123.4,10,78,34.0,0,0,0
2026-09-08 11:35:00,121.6,7,79,31.1,0,0,0
2026-09-08 11:40:00,121.2,6,81,32.5,0,0,0
2026-09-08 11:45:00,118.8,11,75,29.5,0,0,0
2026-09-08 11:50:00,117.0,2,74,31.7,0,0,0
2026-09-08 11:55:00,116.8,12,79,32.8,0,0,0
2026-09-08 12:00:00,117.0,10,82,29.9,0,0,0
2026-09-08 12:05:00,116.9,5,79,31.8,0,0,0
2026-09-08 12:10:00,118.1,10,78,31.3,0,0,0
2026-09-08 12:15:00,116.3,13,80,30.7,0,0,0
2026-09-08 12:20:00,117.3,4,78,32.7,0,0,0
2026-09-08 12:25:00,114.8,5,79,36.3,0,0,0
2026-09-08 12:30:00,114.7,22,79,34.7,0,0,0
2026-09-08 12:35:00,116.2,15,81,30.1,0,0,0
2026-09-08 12:40:00,121.9,4,80,34.5,0,0,0
2026-09-08 12:45:00,123.1,2,79,30.7,0,0,0
2026-09-08 12:50:00,126.1,8,77,31.9,0,0,0
2026-09-08 12:55:00,126.0,9,80,34.0,0,0,0
2026-09-08 13:00:00,127.3,8,81,34.6,0,0,0
2026-09-08 13:05:00,128.2,2,80,30.2,0,108,70
2026-09-08 13:10:00,146.3,8,84,33.6,0,0,0
2026-09-08 13:15:00,158.4,6,80,31.5,0,0,0
2026-09-08 13:20:00,167.7,11,82,32.9,0,0,0
2026-09-08 13:25:00,175.9,13,85,29.1,0,0,0
2026-09-08 13:30:00,179.4,7,81,32.0,0,0,0
2026-09-08 13:35:00,179.7,6,79,33.5,0,0,0
2026-09-08 13:40:00,180.8,11,78,31.1,0,0,0
2026-09-08 13:45:00,179.7,12,81,30.2,0,0,0
2026-09-08 13:50:00,179.8,9,82,33.8,0,0,0
2026-09-08 13:55:00,179.5,23,75,29.6,0,0,0
2026-09-08 14:00:00,181.2,8,82,30.0,0,0,0
2026-09-08 14:05:00,179.6,15,82,32.2,0,0,0
2026-09-08 14:10:00,178.1,3,80,32.4,0,0,0
2026-09-08 14:15:00,176.7,4,79,32.0,0,0,0
2026-09-08 14:20:00,176.0,4,77,32.1,0,0,0
2026-09-08 14:25:00,177.0,4,77,31.7,0,0,0
2026-09-08 14:30:00,174.8,11,79,30.5,0,0,0
2026-09-08 14:35:00,173.6,9,77,30.6,0,0,0
2026-09-08 14:40:00,169.5,12,82,30.9,0,0,0
2026-09-08 14:45:00,165.3,9,80,34.4,0,0,0
2026-09-08 14:50:00,162.5,7,76,27.7,0,0,0
2026-09-08 14:55:00,161.9,11,78,32.8,0,0,0
2026-09-08 15:00:00,159.2,12,79,34.1,0,0,0
2026-09-08 15:05:00,154.6,9,80,27.5,0,0,0
2026-09-08 15:10:00,153.7,17,79,30.5,0,0,0
2026-09-08 15:15:00,150.3,9,77,29.4,0,0,0
2026-09-08 15:20:00,150.4,9,75,33.9,0,0,0
2026-09-08 15:25:00,149.8,8,77,34.6,0,0,0
2026-09-08 15:30:00,145.3,3,82,29.8,0,0,0
2026-09-08 15:35:00,142.8,498,110,30.9,0,0,0
2026-09-08 15:40:00,138.3,494,107,29.9,0,0,0
2026-09-08 15:45:00,137.9,12,76,31.8,0,0,0
2026-09-08 15:50:00,137.6,14,78,35.1,0,0,0
2026-09-08 15:55:00,137.3,11,79,30.3,0,0,0
2026-09-08 16:00:00,134.6,10,81,29.5,0,0,0
2026-09-08 16:05:00,135.1,4,79,32.3,0,0,0
2026-09-08 16:10:00,132.4,11,80,32.8,0,0,0
2026-09-08 16:15:00,133.8,4,78,32.1,0,0,0
2026-09-08 16:20:00,135.2,10,78,30.9,0,0,0
2026-09-08 16:25:00,131.6,12,80,31.6,0,0,0
2026-09-08 16:30:00,126.5,9,77,31.9,0,0,0
2026-09-08 16:35:00,126.6,8,79,29.7,0,0,0
2026-09-08 16:40:00,128.8,8,76,33.9,0,0,0
2026-09-08 16:45:00,124.7,10,78,30.6,0,0,0
2026-09-08 16:50:00,121.6,11,78,34.6,0,0,0
2026-09-08 16:55:00,123.6,2,80,30.6,0,0,0
2026-09-08 17:00:00,126.8,5,78,33.6,0,0,0
2026-09-08 17:05:00,128.6,7,81,32.1,0,0,0
2026-09-08 17:10:00,126.6,10,80,28.6,0,0,0
2026-09-08 17:15:00,124.1,6,76,33.1,0,0,0
2026-09-08 17:20:00,123.2,2,83,33.1,0,0,0
2026-09-08 17:25:00,124.6,6,80,32.1,0,0,0
2026-09-08 17:30:00,121.7,9,78,31.8,0,0,0
2026-09-08 17:35:00,118.2,13,77,38.0,0,0,0
2026-09-08 17:40:00,117.3,3,78,31.2,0,0,0
2026-09-08 17:45:00,118.6,5,76,31.6,0,0,0
2026-09-08 17:50:00,118.6,7,80,29.3,0,0,0
2026-09-08 17:55:00,122.1,2,75,31.6,0,0,0
2026-09-08 18:00:00,122.0,12,79,32.2,0,0,0
2026-09-08 18:05:00,121.9,6,81,29.7,0,23,65
2026-09-08 18:10:00,124.1,8,81,32.9,0,0,0
2026-09-08 18:15:00,124.5,13,80,33.7,0,0,0
2026-09-08 18:20:00,124.5,424,106,32.9,0,0,0
2026-09-08 18:25:00,124.3,430,106,32.9,0,0,0
2026-09-08 18:30:00,124.3,4,79,31.9,0,0,0
2026-09-08 18:35:00,125.8,10,84,30.3,0,0,0
2026-09-08 18:40:00,126.4,11,78,31.5,0,0,0
2026-09-08 18:45:00,128.9,17,79,27.4,0,0,0
2026-09-08 18:50:00,132.8,9,77,32.9,0,0,0
2026-09-08 18:55:00,132.2,7,82,33.9,0,0,0
2026-09-08 19:00:00,134.1,8,75,31.1,0,0,0
2026-09-08 19:05:00,135.1,9,77,33.7,0,0,0
2026-09-08 19:10:00,135.6,6,75,32.2,0,0,0
2026-09-08 19:15:00,133.7,5,77,31.0,0,0,0
2026-09-08 19:20:00,133.3,7,80,32.4,0,0,0
2026-09-08 19:25:00,129.7,9,80,32.1,0,0,0
2026-09-08 19:30:00,128.6,3,80,35.1,0,0,0
2026-09-08 19:35:00,126.4,3,78,32.1,0,0,0
2026-09-08 19:40:00,123.5,8,83,31.2,0,0,0
2026-09-08 19:45:00,121.0,10,76,32.3,0,0,0
2026-09-08 19:50:00,119.7,8,79,30.9,0,0,0
2026-09-08 19:55:00,120.7,2,80,32.3,0,0,0
2026-09-08 20:00:00,117.6,8,79,33.0,0,0,0
2026-09-08 20:05:00,117.9,5,82,31.4,0,0,0
2026-09-08 20:10:00,117.7,8,76,31.1,0,0,0
2026-09-08 20:15:00,118.2,5,77,31.7,0,0,0
2026-09-08 20:20:00,119.6,2,78,30.9,0,0,0
2026-09-08 20:25:00,120.2,6,81,35.1,0,0,0
2026-09-08 20:30:00,118.0,19,82,31.5,0,0,0
2026-09-08 20:35:00,120.1,8,79,32.1,0,0,0
2026-09-08 20:40:00,121.8,4,79,27.1,0,0,0
2026-09-08 20:45:00,124.1,7,80,34.4,0,0,0
2026-09-08 20:50:00,124.2,4,75,31.6,0,0,0
2026-09-08 20:55:00,122.8,2,79,33.5,0,0,0
2026-09-08 21:00:00,122.8,21,85,32.4,0,57,68
2026-09-08 21:05:00,130.2,5,82,32.2,0,0,0
2026-09-08 21:10:00,135.6,5,76,29.6,0,0,0
2026-09-08 21:15:00,142.0,1,79,30.9,0,0,0
2026-09-08 21:20:00,141.9,5,82,33.2,0,0,0
2026-09-08 21:25:00,146.6,6,84,32.7,0,0,0
2026-09-08 21:30:00,150.9,18,77,31.2,0,0,0
2026-09-08 21:35:00,149.5,9,78,29.7,0,0,0
2026-09-08 21:40:00,151.6,10,78,32.1,0,0,0
2026-09-08 21:45:00,153.4,4,76,34.0,0,0,0
2026-09-08 21:50:00,152.9,15,79,31.0,0,0,0
2026-09-08 21:55:00,150.9,7,78,29.5,0,0,0
2026-09-08 22:00:00,151.1,4,80,32.2,0,0,0
2026-09-08 22:05:00,150.3,13,79,30.9,0,0,0
2026-09-08 22:10:00,148.2,9,82,32.0,0,0,0
2026-09-08 22:15:00,149.0,12,82,31.4,0,0,0
2026-09-08 22:20:00,145.0,7,78,34.7,0,0,0
2026-09-08 22:25:00,141.0,15,81,33.5,0,0,0
2026-09-08 22:30:00,138.4,4,77,30.0,0,0,0
2026-09-08 22:35:00,134.8,13,81,33.1,0,0,0
2026-09-08 22:40:00,135.6,10,80,34.0,0,0,0
2026-09-08 22:45:00,136.6,11,78,29.5,0,0,0
2026-09-08 22:50:00,138.1,11,80,33.0,0,0,0
2026-09-08 22:55:00,135.3,9,76,31.1,0,0,0
2026-09-08 23:00:00,131.9,7,80,31.5,0,0,0
2026-09-08 23:05:00,128.9,6,78,33.5,0,0,0
2026-09-08 23:10:00,129.3,4,78,30.7,0,0,0
2026-09-08 23:15:00,128.8,8,81,33.6,0,0,0
2026-09-08 23:20:00,129.1,14,79,30.0,0,0,0
2026-09-08 23:25:00,126.9,15,79,32.6,0,0,0
2026-09-08 23:30:00,125.9,4,78,30.6,0,0,0
2026-09-08 23:35:00,128.1,6,84,30.6,0,0,0
2026-09-08 23:40:00,125.7,10,81,33.2,0,0,0
2026-09-08 23:45:00,127.5,10,81,29.2,0,0,0
2026-09-08 23:50:00,122.9,10,79,32.5,0,0,0
2026-09-08 23:55:00,124.1,0,73,52.4,1,0,0
2026-09-09 00:00:00,124.5,0,69,51.6,1,0,0
2026-09-09 00:05:00,122.9,0,74,50.0,1,0,0
2026-09-09 00:10:00,121.9,0,72,52.9,1,0,0
2026-09-09 00:15:00,122.1,1,71,50.5,1,0,0
2026-09-09 00:20:00,118.9,0,68,49.1,1,0,0
2026-09-09 00:25:00,118.3,0,66,55.0,1,0,0
2026-09-09 00:30:00,119.8,0,70,49.8,1,0,0
2026-09-09 00:35:00,117.1,0,71,53.2,1,0,0
2026-09-09 00:40:00,120.2,1,70,51.4,1,0,0
2026-09-09 00:45:00,118.8,1,68,55.2,1,0,0
2026-09-09 00:50:00,120.8,0,66,53.5,1,0,0
2026-09-09 00:55:00,122.0,0,70,51.9,1,0,0
2026-09-09 01:00:00,125.2,0,69,51.1,1,0,0
2026-09-09 01:05:00,126.9,0,71,52.9,1,0,0
2026-09-09 01:10:00,126.6,2,71,53.3,1,0,0
2026-09-09 01:15:00,124.8,0,72,51.9,1,0,0
2026-09-09 01:20:00,128.4,1,69,51.1,1,0,0
2026-09-09 01:25:00,123.9,0,70,50.9,1,0,0
2026-09-09 01:30:00,122.6,0,77,52.5,1,0,0
2026-09-09 01:35:00,121.9,0,72,51.7,1,0,0
2026-09-09 01:40:00,122.6,0,71,55.9,1,0,0
2026-09-09 01:45:00,122.8,0,71,48.6,1,0,0
2026-09-09 01:50:00,119.0,0,73,46.6,1,0,0
2026-09-09 01:55:00,118.0,0,68,52.7,1,0,0
2026-09-09 02:00:00,115.4,0,71,52.9,1,0,0
2026-09-09 02:05:00,111.9,0,72,52.7,1,0,0
2026-09-09 02:10:00,111.6,0,70,52.7,1,0,0
2026-09-09 02:15:00,116.8,0,71,50.9,1,0,0
2026-09-09 02:20:00,117.6,0,72,50.1,1,0,0
2026-09-09 02:25:00,119.2,0,70,48.7,1,0,0
2026-09-09 02:30:00,116.1,0,69,52.3,1,0,0
2026-09-09 02:35:00,118.4,0,64,51.1,1,0,0
2026-09-09 02:40:00,121.6,0,71,50.1,1,0,0
2026-09-09 02:45:00,121.3,0,72,53.4,1,0,0
2026-09-09 02:50:00,122.3,1,74,49.9,1,0,0
2026-09-09 02:55:00,124.2,0,67,50.0,1,0,0
2026-09-09 03:00:00,121.8,0,67,52.9,1,0,0
2026-09-09 03:05:00,122.1,0,66,51.0,1,0,0
2026-09-09 03:10:00,121.6,1,66,53.1,1,0,0
2026-09-09 03:15:00,119.6,0,70,50.7,1,0,0
2026-09-09 03:20:00,123.5,0,71,52.6,1,0,0
2026-09-09 03:25:00,121.0,0,71,52.1,1,0,0
2026-09-09 03:30:00,123.0,0,72,53.5,1,0,0
2026-09-09 03:35:00,125.2,0,71,53.6,1,0,0
2026-09-09 03:40:00,126.7,1,71,51.9,1,0,0
2026-09-09 03:45:00,128.3,1,70,49.1,1,0,0
2026-09-09 03:50:00,126.2,1,71,53.5,1,0,0
2026-09-09 03:55:00,129.4,0,66,55.6,1,0,0
2026-09-09 04:00:00,129.6,0,72,50.8,1,0,0
2026-09-09 04:05:00,128.7,0,70,52.6,1,0,0
2026-09-09 04:10:00,125.5,0,66,52.5,1,0,0
2026-09-09 04:15:00,127.1,0,75,52.4,1,0,0
2026-09-09 04:20:00,131.6,0,69,52.7,1,0,0
2026-09-09 04:25:00,129.3,0,72,47.5,1,0,0
2026-09-09 04:30:00,125.8,0,73,54.3,1,0,0
2026-09-09 04:35:00,124.4,0,71,48.7,1,0,0
2026-09-09 04:40:00,124.5,0,65,51.8,1,0,0
2026-09-09 04:45:00,127.3,0,69,53.6,1,0,0
2026-09-09 04:50:00,128.5,0,72,50.7,1,0,0
2026-09-09 04:55:00,126.1,0,71,53.4,1,0,0
2026-09-09 05:00:00,129.1,0,70,54.6,1,0,0
2026-09-09 05:05:00,126.7,1,68,52.3,1,0,0
2026-09-09 05:10:00,126.6,0,71,49.0,1,0,0
2026-09-09 05:15:00,130.1,0,73,51.8,1,0,0
2026-09-09 05:20:00,126.6,0,68,50.3,1,0,0
2026-09-09 05:25:00,130.6,0,73,52.8,1,0,0
2026-09-09 05:30:00,128.2,0,70,51.9,1,0,0
2026-09-09 05:35:00,128.5,0,68,50.9,1,0,0
2026-09-09 05:40:00,130.3,2,71,48.7,1,0,0
2026-09-09 05:45:00,129.7,0,71,52.1,1,0,0
2026-09-09 05:50:00,131.4,1,72,54.5,1,0,0
2026-09-09 05:55:00,130.0,0,71,54.0,1,0,0
2026-09-09 06:00:00,129.2,0,70,52.1,1,0,0
2026-09-09 06:05:00,128.3,1,70,53.5,1,0,0
2026-09-09 06:10:00,128.6,1,68,49.9,1,0,0
2026-09-09 06:15:00,127.9,2,70,47.6,1,0,0
2026-09-09 06:20:00,127.8,1,74,49.4,1,0,0
2026-09-09 06:25:00,128.1,0,70,50.6,1,0,0
2026-09-09 06:30:00,131.0,0,66,50.2,1,0,0
2026-09-09 06:35:00,130.3,5,81,33.6,0,0,0
2026-09-09 06:40:00,129.6,12,78,35.7,0,0,0
2026-09-09 06:45:00,129.0,6,77,28.4,0,0,0
2026-09-09 06:50:00,126.0,8,81,32.7,0,0,0
2026-09-09 06:55:00,127.0,23,80,34.5,0,0,0
2026-09-09 07:00:00,126.2,7,84,31.0,0,0,0
2026-09-09 07:05:00,125.0,9,81,31.0,0,0,0
2026-09-09 07:10:00,125.3,10,78,32.7,0,0,0
2026-09-09 07:15:00,124.6,9,78,29.0,0,0,0
2026-09-09 07:20:00,125.5,8,77,32.6,0,0,0
2026-09-09 07:25:00,124.0,6,77,30.2,0,0,0
2026-09-09 07:30:00,122.0,5,75,29.7,0,0,0
2026-09-09 07:35:00,120.5,8,80,31.4,0,0,0
2026-09-09 07:40:00,119.2,8,82,29.5,0,0,0
2026-09-09 07:45:00,117.9,9,77,31.1,0,0,0
2026-09-09 07:50:00,119.9,6,84,36.0,0,0,0
2026-09-09 07:55:00,121.6,6,80,32.0,0,0,0
2026-09-09 08:00:00,117.4,5,77,32.8,0,0,0
2026-09-09 08:05:00,118.9,4,82,29.7,0,38,50
2026-09-09 08:10:00,127.0,6,80,35.9,0,0,0
2026-09-09 08:15:00,129.1,7,81,35.2,0,0,0
2026-09-09 08:20:00,130.8,384,104,30.8,0,0,0
2026-09-09 08:25:00,136.4,380,106,33.7,0,0,0
2026-09-09 08:30:00,139.1,5,78,33.8,0,0,0
2026-09-09 08:35:00,140.0,5,79,32.9,0,0,0
2026-09-09 08:40:00,142.4,13,76,32.7,0,0,0
2026-09-09 08:45:00,142.1,3,81,34.6,0,0,0
2026-09-09 08:50:00,139.5,8,81,30.6,0,0,0
2026-09-09 08:55:00,136.4,7,80,33.6,0,0,0
2026-09-09 09:00:00,135.9,9,79,31.2,0,0,0
2026-09-09 09:05:00,135.1,15,81,27.2,0,0,0
2026-09-09 09:10:00,132.5,12,79,32.2,0,0,0
2026-09-09 09:15:00,130.1,5,81,34.5,0,0,0
2026-09-09 09:20:00,129.3,8,79,34.2,0,0,0
2026-09-09 09:25:00,128.8,10,79,30.4,0,0,0
2026-09-09 09:30:00,124.8,13,80,34.7,0,0,0
2026-09-09 09:35:00,124.1,9,78,32.4,0,0,0
2026-09-09 09:40:00,121.7,3,79,33.1,0,0,0
2026-09-09 09:45:00,120.9,11,80,33.7,0,0,0
2026-09-09 09:50:00,119.6,16,75,30.3,0,0,0
2026-09-09 09:55:00,115.4,12,80,32.3,0,0,0
2026-09-09 10:00:00,117.3,9,78,29.1,0,0,0
2026-09-09 10:05:00,116.8,1,79,31.0,0,0,0
2026-09-09 10:10:00,116.3,7,78,31.5,0,0,0
2026-09-09 10:15:00,116.6,23,75,32.9,0,0,0
2026-09-09 10:20:00,114.6,5,76,32.4,0,0,0
2026-09-09 10:25:00,116.3,6,76,31.7,0,0,0
2026-09-09 10:30:00,116.3,5,78,29.3,0,0,0
2026-09-09 10:35:00,114.6,7,76,30.6,0,0,0
2026-09-09 10:40:00,113.7,7,81,29.0,0,0,0
2026-09-09 10:45:00,116.3,8,79,31.0,0,0,0
2026-09-09 10:50:00,113.9,4,78,30.0,0,0,0
2026-09-09 10:55:00,112.0,4,78,33.6,0,0,0
2026-09-09 11:00:00,110.1,10,81,29.2,0,0,0
2026-09-09 11:05:00,110.4,6,75,30.4,0,0,0
2026-09-09 11:10:00,109.5,7,81,33.3,0,0,0
2026-09-09 11:15:00,108.8,8,79,31.1,0,0,0
2026-09-09 11:20:00,114.1,4,75,30.8,0,0,0
2026-09-09 11:25:00,118.2,12,81,29.2,0,0,0
2026-09-09 11:30:00,116.5,9,78,30.4,0,0,0
2026-09-09 11:35:00,119.6,14,81,29.9,0,0,0
2026-09-09 11:40:00,118.1,9,78,32.8,0,0,0
2026-09-09 11:45:00,116.5,2,83,34.7,0,0,0
2026-09-09 11:50:00,116.0,10,79,37.0,0,0,0
2026-09-09 11:55:00,112.4,12,76,29.4,0,0,0
2026-09-09 12:00:00,111.2,20,80,37.2,0,0,0
2026-09-09 12:05:00,111.5,7,80,30.5,0,0,0
2026-09-09 12:10:00,112.4,6,79,30.0,0,0,0
2026-09-09 12:15:00,109.2,10,79,30.7,0,0,0
2026-09-09 12:20:00,110.0,15,79,31.5,0,0,0
2026-09-09 12:25:00,112.9,12,79,31.2,0,0,0
2026-09-09 12:30:00,112.2,5,76,29.1,0,0,0
2026-09-09 12:35:00,112.2,5,77,32.7,0,0,0
2026-09-09 12:40:00,113.4,13,76,33.1,0,0,0
2026-09-09 12:45:00,111.6,3,72,30.2,0,0,0
2026-09-09 12:50:00,112.0,12,77,32.3,0,0,0
2026-09-09 12:55:00,113.1,13,82,29.3,0,0,0
2026-09-09 13:00:00,109.8,13,79,33.7,0,0,0
2026-09-09 13:05:00,112.1,12,78,35.7,0,0,0
2026-09-09 13:10:00,113.2,15,79,33.1,0,0,0
2026-09-09 13:15:00,118.7,4,77,30.0,0,0,0
2026-09-09 13:20:00,122.2,11,80,31.6,0,0,0
2026-09-09 13:25:00,118.0,10,78,31.0,0,0,0
2026-09-09 13:30:00,119.5,16,80,30.1,0,0,0
2026-09-09 13:35:00,118.7,12,81,29.8,0,0,0
2026-09-09 13:40:00,118.4,421,102,33.0,0,0,0
2026-09-09 13:45:00,119.5,427,104,32.6,0,0,0
2026-09-09 13:50:00,118.5,427,100,32.7,0,0,0
2026-09-09 13:55:00,116.5,425,107,31.9,0,0,0
2026-09-09 14:00:00,116.1,3,79,29.2,0,0,0
2026-09-09 14:05:00,116.9,8,82,30.3,0,61,50
2026-09-09 14:10:00,125.4,7,79,31.4,0,0,0
2026-09-09 14:15:00,131.3,8,80,29.4,0,0,0
2026-09-09 14:20:00,133.1,6,90,30.2,0,0,0
2026-09-09 14:25:00,136.8,6,80,33.5,0,0,0
2026-09-09 14:30:00,140.3,6,80,34.1,0,0,0
2026-09-09 14:35:00,143.3,15,80,30.7,0,0,0
2026-09-09 14:40:00,145.6,4,77,33.0,0,0,0
2026-09-09 14:45:00,148.3,2,81,32.4,0,0,0
2026-09-09 14:50:00,148.3,2,76,31.6,0,0,0
2026-09-09 14:55:00,148.5,13,78,29.4,0,0,0
2026-09-09 15:00:00,146.6,7,77,28.2,0,0,0
2026-09-09 15:05:00,145.4,3,75,31.0,0,0,0
2026-09-09 15:10:00,140.7,14,78,32.2,0,0,0
2026-09-09 15:15:00,141.5,5,77,34.5,0,0,0
2026-09-09 15:20:00,143.5,9,78,34.3,0,0,0
2026-09-09 15:25:00,139.2,14,79,34.1,0,0,0
2026-09-09 15:30:00,140.0,22,79,30.2,0,0,0
2026-09-09 15:35:00,134.0,9,76,30.8,0,0,0
2026-09-09 15:40:00,134.8,9,82,32.9,0,0,0
2026-09-09 15:45:00,133.6,14,76,30.6,0,0,0
2026-09-09 15:50:00,132.0,13,78,35.2,0,0,0
2026-09-09 15:55:00,129.0,15,79,37.3,0,0,0
2026-09-09 16:00:00,127.9,10,76,35.1,0,0,0
2026-09-09 16:05:00,130.0,1,82,34.0,0,0,0
2026-09-09 16:10:00,128.1,13,77,31.1,0,0,0
2026-09-09 16:15:00,126.7,3,78,29.7,0,0,0
2026-09-09 16:20:00,127.9,9,79,33.6,0,0,0
2026-09-09 16:25:00,130.8,10,78,36.1,0,0,0
2026-09-09 16:30:00,128.4,4,75,29.6,0,0,0
2026-09-09 16:35:00,128.3,8,75,31.8,0,0,0
2026-09-09 16:40:00,127.1,6,79,32.9,0,0,0
2026-09-09 16:45:00,123.2,8,79,30.0,0,0,0
2026-09-09 16:50:00,125.9,3,79,32.4,0,0,0
2026-09-09 16:55:00,124.7,8,79,29.1,0,0,0
2026-09-09 17:00:00,121.7,8,78,32.2,0,0,0
2026-09-09 17:05:00,115.3,4,77,32.3,0,0,0
2026-09-09 17:10:00,114.2,6,81,34.3,0,0,0
2026-09-09 17:15:00,112.8,3,80,34.4,0,0,0
2026-09-09 17:20:00,113.8,4,78,32.5,0,0,0
2026-09-09 17:25:00,115.0,9,80,31.0,0,24,65
2026-09-09 17:30:00,115.7,4,81,36.7,0,0,0
2026-09-09 17:35:00,118.0,10,83,29.0,0,0,0
2026-09-09 17:40:00,118.6,2,79,33.5,0,0,0
2026-09-09 17:45:00,122.0,3,83,32.4,0,0,0
2026-09-09 17:50:00,122.9,7,84,30.1,0,0,0
2026-09-09 17:55:00,125.4,9,76,30.5,0,0,0
2026-09-09 18:00:00,124.7,11,78,31.4,0,0,0
2026-09-09 18:05:00,125.6,6,77,34.6,0,0,0
2026-09-09 18:10:00,126.8,3,77,31.3,0,0,0
2026-09-09 18:15:00,128.4,4,76,32.4,0,0,0
2026-09-09 18:20:00,127.4,4,78,30.8,0,0,0
2026-09-09 18:25:00,129.8,13,80,31.1,0,0,0
2026-09-09 18:30:00,130.2,3,80,31.8,0,0,0
2026-09-09 18:35:00,129.8,8,77,31.5,0,0,0
2026-09-09 18:40:00,127.7,12,79,29.1,0,0,0
2026-09-09 18:45:00,127.7,8,79,34.2,0,0,0
2026-09-09 18:50:00,124.9,9,78,30.7,0,0,0
2026-09-09 18:55:00,127.4,9,81,30.4,0,0,0
2026-09-09 19:00:00,129.3,9,81,29.4,0,0,0
2026-09-09 19:05:00,127.5,7,81,33.3,0,0,0
2026-09-09 19:10:00,125.9,10,80,31.2,0,0,0
2026-09-09 19:15:00,123.0,15,77,36.0,0,0,0
2026-09-09 19:20:00,123.4,22,81,28.0,0,0,0
2026-09-09 19:25:00,120.4,14,80,33.4,0,0,0
2026-09-09 19:30:00,119.7,5,77,34.1,0,0,0
2026-09-09 19:35:00,121.0,7,76,35.2,0,0,0
2026-09-09 19:40:00,121.0,11,79,32.4,0,0,0
2026-09-09 19:45:00,123.7,9,79,32.0,0,0,0
2026-09-09 19:50:00,123.4,10,79,34.8,0,0,0
2026-09-09 19:55:00,126.7,6,79,29.9,0,0,0
2026-09-09 20:00:00,124.5,9,80,32.4,0,0,0
2026-09-09 20:05:00,124.4,16,82,34.9,0,0,0
2026-09-09 20:10:00,127.4,8,79,36.0,0,0,0
2026-09-09 20:15:00,124.2,8,76,33.5,0,0,0
2026-09-09 20:20:00,122.3,26,78,32.0,0,0,0
2026-09-09 20:25:00,117.9,3,77,33.9,0,0,0
2026-09-09 20:30:00,118.2,8,80,33.0,0,0,0
2026-09-09 20:35:00,120.8,16,83,34.5,0,0,0
2026-09-09 20:40:00,120.7,3,83,31.4,0,0,0
2026-09-09 20:45:00,117.4,12,79,31.5,0,62,50
2026-09-09 20:50:00,122.5,2,82,30.6,0,0,0
2026-09-09 20:55:00,126.6,10,82,31.4,0,0,0
2026-09-09 21:00:00,130.6,8,84,33.6,0,0,0
2026-09-09 21:05:00,135.7,13,82,28.9,0,0,0
2026-09-09 21:10:00,137.6,6,85,33.0,0,0,0
2026-09-09 21:15:00,143.6,18,82,27.6,0,0,0
2026-09-09 21:20:00,144.2,2,78,32.2,0,0,0
2026-09-09 21:25:00,144.1,9,82,30.8,0,0,0
2026-09-09 21:30:00,141.1,9,78,30.2,0,0,0
2026-09-09 21:35:00,141.1,1,81,33.8,0,0,0
2026-09-09 21:40:00,144.9,5,79,30.8,0,0,0
2026-09-09 21:45:00,146.8,7,79,28.0,0,0,0
2026-09-09 21:50:00,146.0,3,76,34.5,0,0,0
2026-09-09 21:55:00,141.2,7,75,30.9,0,0,0
2026-09-09 22:00:00,139.6,6,78,32.4,0,0,0
2026-09-09 22:05:00,137.7,2,80,34.7,0,0,0
2026-09-09 22:10:00,139.0,7,76,33.9,0,0,0
2026-09-09 22:15:00,139.7,7,79,30.6,0,0,0
2026-09-09 22:20:00,136.6,10,77,29.6,0,0,0
2026-09-09 22:25:00,133.7,10,79,31.4,0,0,0
2026-09-09 22:30:00,132.9,14,76,29.7,0,0,0
2026-09-09 22:35:00,134.8,12,74,29.8,0,0,0
2026-09-09 22:40:00,133.2,16,79,30.9,0,0,0
2026-09-09 22:45:00,129.1,10,76,32.1,0,0,0
2026-09-09 22:50:00,127.7,11,80,30.6,0,0,0
2026-09-09 22:55:00,125.4,5,79,30.9,0,0,0
2026-09-09 23:00:00,126.6,4,77,34.0,0,0,0
2026-09-09 23:05:00,126.2,13,77,32.3,0,0,0
2026-09-09 23:10:00,121.3,3,79,30.9,0,0,0
2026-09-09 23:15:00,118.7,9,78,34.0,0,0,0
2026-09-09 23:20:00,120.4,9,82,31.5,0,0,0
2026-09-09 23:25:00,118.7,13,77,30.1,0,0,0
2026-09-09 23:30:00,118.5,7,72,30.2,0,0,0
2026-09-09 23:35:00,120.8,2,82,32.4,0,0,0
2026-09-09 23:40:00,120.7,4,76,32.6,0,0,0
2026-09-09 23:45:00,118.1,1,79,30.1,0,0,0
2026-09-09 23:50:00,120.7,9,77,30.2,0,0,0
2026-09-09 23:55:00,121.3,8,76,34.1,0,0,0
2026-09-10 00:00:00,123.9,14,78,32.0,0,0,0
2026-09-10 00:05:00,124.2,5,81,33.0,0,0,0
2026-09-10 00:10:00,123.8,12,80,30.0,0,0,0
2026-09-10 00:15:00,124.4,13,78,32.7,0,0,0
2026-09-10 00:20:00,121.5,5,77,34.4,0,0,0
2026-09-10 00:25:00,124.6,9,80,30.5,0,0,0
2026-09-10 00:30:00,124.5,9,78,28.8,0,0,0
2026-09-10 00:35:00,120.1,3,75,31.8,0,0,0
2026-09-10 00:40:00,119.0,0,71,53.1,1,0,0
2026-09-10 00:45:00,122.5,0,69,50.6,1,0,0
2026-09-10 00:50:00,124.2,1,72,49.5,1,0,0
2026-09-10 00:55:00,124.0,1,68,50.2,1,0,0
2026-09-10 01:00:00,123.8,0,71,49.1,1,0,0
2026-09-10 01:05:00,123.3,0,69,51.9,1,0,0
2026-09-10 01:10:00,117.8,0,70,50.8,1,0,0
2026-09-10 01:15:00,119.7,1,73,51.1,1,0,0
2026-09-10 01:20:00,123.2,0,66,49.5,1,0,0
2026-09-10 01:25:00,122.9,1,69,52.5,1,0,0
2026-09-10 01:30:00,124.4,1,68,51.7,1,0,0
2026-09-10 01:35:00,127.1,0,70,52.5,1,0,0
2026-09-10 01:40:00,125.2,0,72,53.6,1,0,0
2026-09-10 01:45:00,125.4,0,70,51.2,1,0,0
2026-09-10 01:50:00,123.3,0,70,52.4,1,0,0
2026-09-10 01:55:00,122.2,0,74,47.8,1,0,0
2026-09-10 02:00:00,121.3,0,63,50.8,1,0,0
2026-09-10 02:05:00,124.9,0,71,50.0,1,0,0
2026-09-10 02:10:00,125.9,1,69,55.0,1,0,0
2026-09-10 02:15:00,124.8,0,69,47.5,1,0,0
2026-09-10 02:20:00,125.0,0,68,51.4,1,0,0
2026-09-10 02:25:00,124.9,0,68,51.2,1,0,0
2026-09-10 02:30:00,125.1,1,67,53.9,1,0,0
2026-09-10 02:35:00,124.4,0,73,51.6,1,0,0
2026-09-10 02:40:00,125.7,0,70,53.0,1,0,0
2026-09-10 02:45:00,127.0,0,72,49.1,1,0,0
2026-09-10 02:50:00,125.9,0,71,53.9,1,0,0
2026-09-10 02:55:00,123.2,0,71,51.3,1,0,0
2026-09-10 03:00:00,121.1,0,72,52.5,1,0,0
2026-09-10 03:05:00,125.8,1,71,50.7,1,0,0
2026-09-10 03:10:00,121.6,0,69,50.9,1,0,0
2026-09-10 03:15:00,120.7,0,72,49.5,1,0,0
2026-09-10 03:20:00,121.2,2,70,48.7,1,0,0
2026-09-10 03:25:00,121.4,1,69,51.1,1,0,0
2026-09-10 03:30:00,120.4,2,73,51.5,1,0,0
2026-09-10 03:35:00,120.1,1,69,53.0,1,0,0
2026-09-10 03:40:00,120.5,0,69,52.7,1,0,0
2026-09-10 03:45:00,122.9,0,66,54.1,1,0,0
2026-09-10 03:50:00,122.7,0,69,49.4,1,0,0
2026-09-10 03:55:00,123.3,0,75,50.6,1,0,0
2026-09-10 04:00:00,123.8,0,68,50.8,1,0,0
2026-09-10 04:05:00,126.2,0,71,55.2,1,0,0
2026-09-10 04:10:00,125.0,0,71,50.0,1,0,0
2026-09-10 04:15:00,124.0,0,73,48.9,1,0,0
2026-09-10 04:20:00,131.6,2,69,53.4,1,0,0
2026-09-10 04:25:00,130.6,0,71,51.5,1,0,0
2026-09-10 04:30:00,130.6,0,73,52.2,1,0,0
2026-09-10 04:35:00,132.4,0,73,51.6,1,0,0
2026-09-10 04:40:00,131.0,1,68,52.0,1,0,0
2026-09-10 04:45:00,132.4,0,73,52.2,1,0,0
2026-09-10 04:50:00,133.2,0,71,50.9,1,0,0
2026-09-10 04:55:00,130.3,0,72,50.0,1,0,0
2026-09-10 05:00:00,127.8,0,67,51.4,1,0,0
2026-09-10 05:05:00,128.4,1,68,52.9,1,0,0
2026-09-10 05:10:00,127.2,2,74,48.8,1,0,0
2026-09-10 05:15:00,125.0,0,71,53.2,1,0,0
2026-09-10 05:20:00,125.8,2,69,51.7,1,0,0
2026-09-10 05:25:00,129.0,1,73,50.5,1,0,0
2026-09-10 05:30:00,129.1,0,71,52.1,1,0,0
2026-09-10 05:35:00,126.8,2,68,49.6,1,0,0
2026-09-10 05:40:00,129.2,0,66,47.8,1,0,0
2026-09-10 05:45:00,128.2,0,65,48.3,1,0,0
2026-09-10 05:50:00,132.2,0,68,45.9,1,0,0
2026-09-10 05:55:00,134.6,2,69,49.7,1,0,0
2026-09-10 06:00:00,135.2,0,74,47.9,1,0,0
2026-09-10 06:05:00,134.5,0,71,53.8,1,0,0
2026-09-10 06:10:00,134.8,0,67,53.2,1,0,0
2026-09-10 06:15:00,129.8,0,69,51.4,1,0,0
2026-09-10 06:20:00,125.1,0,69,49.1,1,0,0
2026-09-10 06:25:00,131.4,0,69,54.6,1,0,0
2026-09-10 06:30:00,132.8,0,74,46.1,1,0,0
2026-09-10 06:35:00,131.8,10,78,29.1,0,0,0
2026-09-10 06:40:00,129.3,7,82,28.6,0,0,0
2026-09-10 06:45:00,127.1,6,79,33.9,0,0,0
2026-09-10 06:50:00,125.5,5,77,32.8,0,0,0
2026-09-10 06:55:00,124.5,4,79,30.4,0,0,0
2026-09-10 07:00:00,121.5,8,81,30.5,0,0,0
2026-09-10 07:05:00,121.8,10,81,29.1,0,0,0
2026-09-10 07:10:00,123.7,5,82,35.0,0,0,0
2026-09-10 07:15:00,124.1,21,77,32.4,0,0,0
2026-09-10 07:20:00,124.2,4,76,29.1,0,0,0
2026-09-10 07:25:00,122.2,4,76,29.4,0,0,0
2026-09-10 07:30:00,121.6,11,76,32.1,0,0,0
2026-09-10 07:35:00,119.0,10,81,29.2,0,0,0
2026-09-10 07:40:00,118.2,6,81,27.7,0,63,70
2026-09-10 07:45:00,131.2,7,80,30.8,0,0,0
2026-09-10 07:50:00,138.1,6,82,31.8,0,0,0
2026-09-10 07:55:00,146.3,12,82,32.3,0,0,0
2026-09-10 08:00:00,149.6,9,82,29.8,0,0,0
2026-09-10 08:05:00,155.2,10,84,32.7,0,0,0
2026-09-10 08:10:00,160.6,6,79,28.7,0,0,0
2026-09-10 08:15:00,158.8,6,79,33.9,0,0,0
2026-09-10 08:20:00,159.9,12,82,28.5,0,0,0
2026-09-10 08:25:00,162.3,5,75,28.6,0,0,0
2026-09-10 08:30:00,164.5,14,76,32.5,0,0,0
2026-09-10 08:35:00,161.8,15,80,28.4,0,0,0
2026-09-10 08:40:00,157.2,9,78,30.0,0,0,0
2026-09-10 08:45:00,152.7,4,76,32.8,0,0,0
2026-09-10 08:50:00,151.7,10,79,34.0,0,0,0
2026-09-10 08:55:00,152.3,3,76,33.5,0,0,0
2026-09-10 09:00:00,152.4,9,81,29.8,0,0,0
2026-09-10 09:05:00,149.0,6,76,34.0,0,0,0
2026-09-10 09:10:00,146.7,6,77,31.3,0,0,0
2026-09-10 09:15:00,144.8,11,81,31.7,0,0,0
2026-09-10 09:20:00,144.3,13,79,27.0,0,0,0
2026-09-10 09:25:00,143.5,7,81,32.8,0,0,0
2026-09-10 09:30:00,143.5,13,76,29.1,0,0,0
2026-09-10 09:35:00,142.5,13,81,29.0,0,0,0
2026-09-10 09:40:00,141.5,12,80,33.7,0,0,0
2026-09-10 09:45:00,141.2,5,79,33.8,0,0,0
2026-09-10 09:50:00,141.5,4,76,31.1,0,0,0
2026-09-10 09:55:00,140.2,6,79,31.6,0,0,0
2026-09-10 10:00:00,138.1,6,81,31.0,0,0,0
2026-09-10 10:05:00,137.0,7,77,33.0,0,0,0
2026-09-10 10:10:00,137.9,13,77,32.2,0,0,0
2026-09-10 10:15:00,134.2,6,77,33.6,0,0,0
2026-09-10 10:20:00,131.9,11,79,31.2,0,0,0
2026-09-10 10:25:00,130.2,13,77,32.1,0,0,0
2026-09-10 10:30:00,126.9,14,79,29.8,0,0,0
2026-09-10 10:35:00,129.8,8,76,28.4,0,0,0
2026-09-10 10:40:00,129.9,9,80,32.6,0,0,0
2026-09-10 10:45:00,126.3,15,77,29.6,0,0,0
2026-09-10 10:50:00,128.8,8,77,29.4,0,0,0
2026-09-10 10:55:00,128.4,7,77,33.7,0,0,0
2026-09-10 11:00:00,127.9,5,75,35.9,0,0,0
2026-09-10 11:05:00,127.3,9,83,30.9,0,0,0
2026-09-10 11:10:00,124.1,6,78,31.3,0,0,0
2026-09-10 11:15:00,125.1,6,80,31.7,0,0,0
2026-09-10 11:20:00,127.1,1,79,30.3,0,0,0
2026-09-10 11:25:00,123.9,18,80,32.0,0,0,0
2026-09-10 11:30:00,122.5,19,80,29.1,0,0,0
2026-09-10 11:35:00,121.2,15,82,29.8,0,0,0
2026-09-10 11:40:00,117.6,3,73,32.9,0,0,0
2026-09-10 11:45:00,114.5,8,81,29.4,0,0,0
2026-09-10 11:50:00,113.1,5,77,30.4,0,0,0
2026-09-10 11:55:00,115.1,8,78,32.3,0,0,0
2026-09-10 12:00:00,115.7,4,81,30.0,0,0,0
2026-09-10 12:05:00,118.0,6,81,30.9,0,0,0
2026-09-10 12:10:00,115.5,13,81,32.9,0,0,0
2026-09-10 12:15:00,114.5,4,79,33.7,0,0,0
2026-09-10 12:20:00,119.6,5,78,32.3,0,0,0
2026-09-10 12:25:00,120.1,9,79,35.0,0,0,0
2026-09-10 12:30:00,122.3,2,75,31.6,0,0,0
2026-09-10 12:35:00,120.3,9,77,31.6,0,0,0
2026-09-10 12:40:00,121.8,13,78,26.4,0,0,0
2026-09-10 12:45:00,123.9,12,78,33.3,0,0,0
2026-09-10 12:50:00,123.6,12,77,32.3,0,0,0
2026-09-10 12:55:00,124.4,17,78,31.6,0,0,0
2026-09-10 13:00:00,121.2,6,75,29.5,0,0,0
2026-09-10 13:05:00,121.1,9,81,29.9,0,0,0
2026-09-10 13:10:00,123.8,5,82,27.7,0,0,0
2026-09-10 13:15:00,122.1,16,81,29.8,0,0,0
2026-09-10 13:20:00,123.7,10,77,31.3,0,0,0
2026-09-10 13:25:00,122.7,7,78,32.0,0,0,0
2026-09-10 13:30:00,121.5,3,78,30.2,0,0,0
2026-09-10 13:35:00,118.9,3,75,31.9,0,0,0
2026-09-10 13:40:00,119.6,7,78,32.4,0,0,0
2026-09-10 13:45:00,121.0,4,81,28.8,0,92,75
2026-09-10 13:50:00,139.1,7,79,30.1,0,0,0
2026-09-10 13:55:00,153.0,2,82,35.2,0,0,0
2026-09-10 14:00:00,163.5,7,83,32.7,0,0,0
2026-09-10 14:05:00,165.7,3,81,30.7,0,0,0
2026-09-10 14:10:00,172.3,14,83,34.5,0,0,0
2026-09-10 14:15:00,177.8,6,80,33.3,0,0,0
2026-09-10 14:20:00,177.9,13,77,33.5,0,0,0
2026-09-10 14:25:00,180.1,5,79,32.3,0,0,0
2026-09-10 14:30:00,179.0,5,77,30.7,0,0,0
2026-09-10 14:35:00,177.0,7,78,32.2,0,0,0
2026-09-10 14:40:00,177.7,11,76,31.2,0,0,0
2026-09-10 14:45:00,176.3,12,75,29.7,0,0,0
2026-09-10 14:50:00,175.3,7,80,30.3,0,0,0
2026-09-10 14:55:00,173.8,6,79,31.1,0,0,0
2026-09-10 15:00:00,167.7,9,77,29.1,0,0,0
2026-09-10 15:05:00,167.3,11,79,32.3,0,0,0
2026-09-10 15:10:00,163.9,12,78,36.1,0,0,0
2026-09-10 15:15:00,160.4,4,75,27.8,0,0,0
2026-09-10 15:20:00,159.9,9,79,32.6,0,0,0
2026-09-10 15:25:00,159.9,9,78,30.5,0,0,0
2026-09-10 15:30:00,158.9,8,79,31.6,0,0,0
2026-09-10 15:35:00,157.6,4,76,32.9,0,0,0
2026-09-10 15:40:00,156.4,6,76,31.6,0,0,0
2026-09-10 15:45:00,154.9,21,78,29.7,0,0,0
2026-09-10 15:50:00,153.4,21,81,29.7,0,0,0
2026-09-10 15:55:00,150.4,26,77,28.5,0,0,0
2026-09-10 16:00:00,148.6,6,81,34.6,0,0,0
2026-09-10 16:05:00,144.1,1,76,27.2,0,0,0
2026-09-10 16:10:00,142.2,4,75,31.8,0,0,0
2026-09-10 16:15:00,136.0,4,82,30.9,0,0,0
2026-09-10 16:20:00,135.2,4,77,30.6,0,0,0
2026-09-10 16:25:00,133.0,9,78,32.2,0,0,0
2026-09-10 16:30:00,132.9,4,76,30.7,0,0,0
2026-09-10 16:35:00,132.1,8,79,31.5,0,0,0
2026-09-10 16:40:00,127.4,15,78,30.0,0,0,0
2026-09-10 16:45:00,126.6,7,77,31.5,0,0,0
2026-09-10 16:50:00,123.7,7,79,29.0,0,0,0
2026-09-10 16:55:00,121.7,1,76,31.5,0,0,0
2026-09-10 17:00:00,121.3,5,75,31.8,0,0,0
2026-09-10 17:05:00,122.8,12,82,28.2,0,17,50
2026-09-10 17:10:00,125.7,6,81,31.6,0,0,0
2026-09-10 17:15:00,125.3,0,80,27.8,0,0,0
2026-09-10 17:20:00,122.5,503,113,31.0,0,0,0
2026-09-10 17:25:00,125.6,513,112,32.9,0,0,0
2026-09-10 17:30:00,127.3,6,85,27.6,0,0,0
2026-09-10 17:35:00,128.5,4,83,32.6,0,0,0
2026-09-10 17:40:00,125.6,3,76,32.6,0,0,0
2026-09-10 17:45:00,128.3,10,82,32.1,0,0,0
2026-09-10 17:50:00,129.1,7,79,30.8,0,0,0
2026-09-10 17:55:00,131.6,12,78,30.2,0,0,0
2026-09-10 18:00:00,131.2,6,76,33.2,0,0,0
2026-09-10 18:05:00,128.6,14,82,35.1,0,0,0
2026-09-10 18:10:00,128.9,11,78,30.3,0,0,0
2026-09-10 18:15:00,131.8,16,79,32.4,0,0,0
2026-09-10 18:20:00,129.6,5,77,32.3,0,0,0
2026-09-10 18:25:00,130.9,9,76,32.3,0,0,0
2026-09-10 18:30:00,127.9,17,78,33.4,0,0,0
2026-09-10 18:35:00,125.8,9,78,33.9,0,0,0
2026-09-10 18:40:00,126.3,7,80,36.9,0,0,0
2026-09-10 18:45:00,128.2,6,83,33.2,0,0,0
2026-09-10 18:50:00,127.4,13,77,31.0,0,0,0
2026-09-10 18:55:00,126.0,344,98,31.7,0,0,0
2026-09-10 19:00:00,123.5,337,98,31.6,0,0,0
2026-09-10 19:05:00,120.8,343,101,32.1,0,0,0
2026-09-10 19:10:00,120.3,8,81,31.1,0,0,0
2026-09-10 19:15:00,119.3,5,80,28.7,0,0,0
2026-09-10 19:20:00,122.5,4,80,33.6,0,0,0
2026-09-10 19:25:00,121.9,20,78,35.2,0,0,0
2026-09-10 19:30:00,120.6,9,76,31.9,0,0,0
2026-09-10 19:35:00,116.2,11,79,31.4,0,0,0
2026-09-10 19:40:00,117.4,6,78,33.9,0,0,0
2026-09-10 19:45:00,119.9,11,82,30.9,0,0,0
2026-09-10 19:50:00,117.9,3,76,30.9,0,0,0
2026-09-10 19:55:00,119.0,17,77,31.5,0,0,0
2026-09-10 20:00:00,122.6,6,78,29.4,0,0,0
2026-09-10 20:05:00,123.2,4,79,31.8,0,0,0
2026-09-10 20:10:00,121.4,5,78,36.0,0,0,0
2026-09-10 20:15:00,120.5,2,78,32.7,0,0,0
2026-09-10 20:20:00,119.2,1,78,32.0,0,0,0
2026-09-10 20:25:00,122.4,6,81,28.6,0,0,0
2026-09-10 20:30:00,121.8,7,80,29.4,0,0,0
2026-09-10 20:35:00,120.7,5,77,33.3,0,0,0
2026-09-10 20:40:00,119.1,6,83,33.7,0,0,0
2026-09-10 20:45:00,117.8,11,79,34.5,0,0,0
2026-09-10 20:50:00,120.9,12,81,32.2,0,0,0
2026-09-10 20:55:00,119.3,7,80,30.6,0,0,0
2026-09-10 21:00:00,120.7,4,81,34.9,0,0,0
2026-09-10 21:05:00,124.2,10,79,31.4,0,0,0
2026-09-10 21:10:00,122.6,12,78,30.8,0,0,0
2026-09-10 21:15:00,119.0,9,85,29.4,0,0,0
2026-09-10 21:20:00,117.1,3,85,28.2,0,91,70
2026-09-10 21:25:00,134.4,11,81,31.1,0,0,0
2026-09-10 21:30:00,141.7,4,81,34.7,0,0,0
2026-09-10 21:35:00,153.7,8,79,33.6,0,0,0
2026-09-10 21:40:00,161.3,2,83,29.8,0,0,0
2026-09-10 21:45:00,169.8,10,82,33.4,0,0,0
2026-09-10 21:50:00,174.5,16,79,31.2,0,0,0
2026-09-10 21:55:00,174.7,4,75,35.4,0,0,0
2026-09-10 22:00:00,178.1,9,79,30.7,0,0,0
2026-09-10 22:05:00,179.9,5,80,35.0,0,0,0
2026-09-10 22:10:00,179.0,15,77,28.6,0,0,0
2026-09-10 22:15:00,176.4,1,76,35.0,0,0,0
2026-09-10 22:20:00,172.9,6,78,33.0,0,0,0
2026-09-10 22:25:00,169.4,10,80,35.8,0,0,0
2026-09-10 22:30:00,170.8,10,81,32.7,0,0,0
2026-09-10 22:35:00,170.2,12,80,30.7,0,0,0
2026-09-10 22:40:00,165.7,7,80,31.7,0,0,0
2026-09-10 22:45:00,165.1,6,76,31.4,0,0,0
2026-09-10 22:50:00,162.8,5,81,31.8,0,0,0
2026-09-10 22:55:00,159.8,4,77,29.9,0,0,0
2026-09-10 23:00:00,159.1,5,79,30.7,0,0,0
2026-09-10 23:05:00,157.9,0,68,51.2,1,0,0
2026-09-10 23:10:00,157.8,1,72,49.8,1,0,0
2026-09-10 23:15:00,154.9,2,72,52.1,1,0,0
2026-09-10 23:20:00,151.7,0,74,54.3,1,0,0
2026-09-10 23:25:00,150.1,0,71,49.8,1,0,0
2026-09-10 23:30:00,146.6,1,68,51.5,1,0,0
2026-09-10 23:35:00,142.9,0,71,48.3,1,0,0
2026-09-10 23:40:00,138.8,1,71,52.0,1,0,0
2026-09-10 23:45:00,139.5,0,71,50.0,1,0,0
2026-09-10 23:50:00,138.3,0,71,52.9,1,0,0
2026-09-10 23:55:00,134.1,1,69,52.1,1,0,0
2026-09-11 00:00:00,140.9,0,69,53.2,1,0,0
2026-09-11 00:05:00,140.5,0,69,46.1,1,0,0
2026-09-11 00:10:00,138.8,0,69,47.7,1,0,0
2026-09-11 00:15:00,141.2,0,72,49.7,1,0,0
2026-09-11 00:20:00,138.5,1,69,50.6,1,0,0
2026-09-11 00:25:00,142.3,1,70,50.1,1,0,0
2026-09-11 00:30:00,137.2,0,69,47.3,1,0,0
2026-09-11 00:35:00,141.4,0,72,46.9,1,0,0
2026-09-11 00:40:00,141.6,0,66,47.6,1,0,0
2026-09-11 00:45:00,139.2,0,71,48.6,1,0,0
2026-09-11 00:50:00,139.0,0,71,46.9,1,0,0
2026-09-11 00:55:00,137.0,0,73,47.7,1,0,0
2026-09-11 01:00:00,134.0,0,73,51.2,1,0,0
2026-09-11 01:05:00,133.5,0,71,52.0,1,0,0
2026-09-11 01:10:00,130.7,0,71,49.5,1,0,0
2026-09-11 01:15:00,131.7,0,73,47.2,1,0,0
2026-09-11 01:20:00,128.1,0,70,50.5,1,0,0
2026-09-11 01:25:00,129.4,0,67,51.2,1,0,0
2026-09-11 01:30:00,129.3,0,70,51.4,1,0,0
2026-09-11 01:35:00,128.4,0,67,50.3,1,0,0
2026-09-11 01:40:00,129.1,0,69,46.9,1,0,0
2026-09-11 01:45:00,131.0,1,67,49.2,1,0,0
2026-09-11 01:50:00,130.8,0,70,51.9,1,0,0
2026-09-11 01:55:00,133.3,0,71,53.3,1,0,0
2026-09-11 02:00:00,132.6,0,69,48.8,1,0,0
2026-09-11 02:05:00,132.3,0,71,49.1,1,0,0
2026-09-11 02:10:00,132.4,0,70,49.5,1,0,0
2026-09-11 02:15:00,131.1,0,73,49.5,1,0,0
2026-09-11 02:20:00,130.2,0,68,48.6,1,0,0
2026-09-11 02:25:00,129.5,1,72,50.9,1,0,0
2026-09-11 02:30:00,132.5,0,69,51.4,1,0,0
2026-09-11 02:35:00,133.4,0,69,52.6,1,0,0
2026-09-11 02:40:00,133.1,0,72,44.4,1,0,0
2026-09-11 02:45:00,130.1,1,72,45.9,1,0,0
2026-09-11 02:50:00,127.1,1,67,52.8,1,0,0
2026-09-11 02:55:00,127.1,1,69,50.3,1,0,0
2026-09-11 03:00:00,126.2,0,70,47.1,1,0,0
2026-09-11 03:05:00,128.8,0,71,48.3,1,0,0
2026-09-11 03:10:00,129.4,0,70,49.2,1,0,0
2026-09-11 03:15:00,130.7,0,71,49.1,1,0,0
2026-09-11 03:20:00,130.4,0,71,46.2,1,0,0
2026-09-11 03:25:00,132.0,0,72,49.6,1,0,0
2026-09-11 03:30:00,128.9,0,71,48.5,1,0,0
2026-09-11 03:35:00,127.4,1,76,50.9,1,0,0
2026-09-11 03:40:00,123.2,1,73,44.9,1,0,0
2026-09-11 03:45:00,124.5,0,69,49.6,1,0,0
2026-09-11 03:50:00,125.7,0,68,46.6,1,0,0
2026-09-11 03:55:00,125.4,0,74,49.2,1,0,0
2026-09-11 04:00:00,119.9,0,68,47.4,1,0,0
2026-09-11 04:05:00,118.1,0,73,50.5,1,0,0
2026-09-11 04:10:00,121.5,0,73,49.5,1,0,0
2026-09-11 04:15:00,121.0,0,70,48.0,1,0,0
2026-09-11 04:20:00,121.7,0,69,45.1,1,0,0
2026-09-11 04:25:00,121.0,0,68,50.0,1,0,0
2026-09-11 04:30:00,122.7,0,68,50.2,1,0,0
2026-09-11 04:35:00,123.5,1,70,52.6,1,0,0
2026-09-11 04:40:00,125.2,0,72,50.3,1,0,0
2026-09-11 04:45:00,125.6,1,70,47.3,1,0,0
2026-09-11 04:50:00,126.3,0,68,49.9,1,0,0
2026-09-11 04:55:00,125.7,1,73,52.4,1,0,0
2026-09-11 05:00:00,126.9,1,69,50.3,1,0,0
2026-09-11 05:05:00,125.6,0,70,52.2,1,0,0
2026-09-11 05:10:00,124.5,0,73,48.3,1,0,0
2026-09-11 05:15:00,125.5,0,69,48.9,1,0,0
2026-09-11 05:20:00,127.7,1,72,48.6,1,0,0
2026-09-11 05:25:00,129.6,0,67,51.0,1,0,0
2026-09-11 05:30:00,131.0,0,72,50.3,1,0,0
2026-09-11 05:35:00,133.8,0,69,50.7,1,0,0
2026-09-11 05:40:00,135.5,0,72,47.9,1,0,0
2026-09-11 05:45:00,133.5,0,69,51.7,1,0,0
2026-09-11 05:50:00,136.8,0,68,49.5,1,0,0
2026-09-11 05:55:00,136.9,0,69,50.5,1,0,0
2026-09-11 06:00:00,139.8,0,69,51.7,1,0,0
2026-09-11 06:05:00,137.5,0,70,51.2,1,0,0
2026-09-11 06:10:00,138.3,1,72,47.2,1,0,0
2026-09-11 06:15:00,139.9,0,69,52.0,1,0,0
2026-09-11 06:20:00,140.9,0,68,49.8,1,0,0
2026-09-11 06:25:00,139.6,0,71,50.2,1,0,0
2026-09-11 06:30:00,137.1,0,75,52.9,1,0,0
2026-09-11 06:35:00,139.2,15,82,34.0,0,0,0
2026-09-11 06:40:00,138.5,5,78,30.8,0,0,0
2026-09-11 06:45:00,139.4,22,83,30.9,0,0,0
2026-09-11 06:50:00,139.5,10,79,29.2,0,0,0
2026-09-11 06:55:00,138.1,3,78,31.1,0,0,0
2026-09-11 07:00:00,137.7,6,77,25.7,0,0,0
2026-09-11 07:05:00,137.3,12,78,33.8,0,0,0
2026-09-11 07:10:00,134.5,10,81,29.3,0,0,0
2026-09-11 07:15:00,133.5,9,76,32.3,0,0,0
2026-09-11 07:20:00,134.8,1,76,31.1,0,0,0
2026-09-11 07:25:00,135.9,7,81,30.9,0,0,0
2026-09-11 07:30:00,133.6,4,76,30.2,0,0,0
2026-09-11 07:35:00,134.6,3,78,32.4,0,0,0
2026-09-11 07:40:00,130.5,18,83,27.9,0,49,65
2026-09-11 07:45:00,136.3,6,82,31.5,0,0,0
2026-09-11 07:50:00,144.6,6,82,30.4,0,0,0
2026-09-11 07:55:00,149.0,2,79,31.4,0,0,0
2026-09-11 08:00:00,152.9,13,78,30.5,0,0,0
2026-09-11 08:05:00,156.7,2,83,28.5,0,0,0
2026-09-11 08:10:00,159.2,7,78,28.9,0,0,0
2026-09-11 08:15:00,159.8,5,81,26.5,0,0,0
2026-09-11 08:20:00,160.2,14,83,29.2,0,0,0
2026-09-11 08:25:00,162.7,10,81,28.3,0,0,0
2026-09-11 08:30:00,159.3,5,76,31.1,0,0,0
2026-09-11 08:35:00,156.5,6,80,29.7,0,0,0
2026-09-11 08:40:00,155.7,4,75,28.7,0,0,0
2026-09-11 08:45:00,154.3,9,76,30.5,0,0,0
2026-09-11 08:50:00,154.5,4,78,27.2,0,0,0
2026-09-11 08:55:00,153.6,0,74,32.7,0,0,0
2026-09-11 09:00:00,150.8,12,80,30.3,0,0,0
2026-09-11 09:05:00,151.9,17,79,30.0,0,0,0
2026-09-11 09:10:00,148.8,7,78,31.4,0,0,0
2026-09-11 09:15:00,145.4,18,80,30.8,0,0,0
2026-09-11 09:20:00,143.0,15,82,31.9,0,0,0
2026-09-11 09:25:00,141.4,8,82,31.1,0,0,0
2026-09-11 09:30:00,138.4,6,77,34.8,0,0,0
2026-09-11 09:35:00,137.5,8,78,27.0,0,0,0
2026-09-11 09:40:00,138.8,4,82,29.3,0,0,0
2026-09-11 09:45:00,134.8,6,81,33.3,0,0,0
2026-09-11 09:50:00,135.3,15,84,29.1,0,0,0
2026-09-11 09:55:00,135.8,11,76,29.9,0,0,0
2026-09-11 10:00:00,132.9,5,81,28.7,0,0,0
2026-09-11 10:05:00,130.8,5,78,29.1,0,0,0
2026-09-11 10:10:00,133.3,8,76,35.7,0,0,0
2026-09-11 10:15:00,132.0,14,80,30.7,0,0,0
2026-09-11 10:20:00,130.2,10,77,28.9,0,0,0
2026-09-11 10:25:00,128.2,14,82,28.8,0,0,0
2026-09-11 10:30:00,131.1,7,79,29.9,0,0,0
2026-09-11 10:35:00,131.3,5,78,31.1,0,0,0
2026-09-11 10:40:00,129.4,8,78,28.4,0,0,0
2026-09-11 10:45:00,126.7,10,77,30.3,0,0,0
2026-09-11 10:50:00,124.9,5,80,29.2,0,0,0
2026-09-11 10:55:00,124.8,5,80,29.7,0,0,0
2026-09-11 11:00:00,126.6,10,80,29.6,0,0,0
2026-09-11 11:05:00,127.5,3,78,27.6,0,0,0
2026-09-11 11:10:00,127.9,12,79,32.8,0,0,0
2026-09-11 11:15:00,125.7,2,75,33.2,0,0,0
2026-09-11 11:20:00,124.2,10,79,30.5,0,0,0
2026-09-11 11:25:00,123.3,5,78,33.1,0,0,0
2026-09-11 11:30:00,123.0,11,81,32.9,0,0,0
2026-09-11 11:35:00,124.0,9,80,29.7,0,0,0
2026-09-11 11:40:00,123.9,13,76,33.0,0,0,0
2026-09-11 11:45:00,123.0,20,80,26.7,0,0,0
2026-09-11 11:50:00,122.2,3,78,28.9,0,0,0
2026-09-11 11:55:00,118.2,5,82,29.8,0,0,0
2026-09-11 12:00:00,123.0,12,81,31.6,0,0,0
2026-09-11 12:05:00,123.8,11,78,30.6,0,0,0
2026-09-11 12:10:00,127.2,14,79,34.1,0,0,0
2026-09-11 12:15:00,125.1,8,76,32.0,0,0,0
2026-09-11 12:20:00,125.7,3,78,29.3,0,0,0
2026-09-11 12:25:00,121.9,13,78,31.1,0,0,0
2026-09-11 12:30:00,118.8,4,78,27.2,0,0,0
2026-09-11 12:35:00,122.5,4,75,29.7,0,0,0
2026-09-11 12:40:00,123.6,6,74,31.4,0,0,0
2026-09-11 12:45:00,127.2,8,79,34.0,0,0,0
2026-09-11 12:50:00,125.7,13,80,34.0,0,0,0
2026-09-11 12:55:00,125.9,12,78,34.6,0,0,0
2026-09-11 13:00:00,123.9,3,79,29.6,0,0,0
2026-09-11 13:05:00,124.5,13,77,32.1,0,0,0
2026-09-11 13:10:00,124.9,9,75,30.5,0,0,0
2026-09-11 13:15:00,121.7,15,77,30.7,0,0,0
2026-09-11 13:20:00,120.5,1,77,33.4,0,0,0
2026-09-11 13:25:00,120.0,19,82,32.3,0,57,55
2026-09-11 13:30:00,129.0,13,81,31.8,0,0,0
2026-09-11 13:35:00,133.1,12,81,30.3,0,0,0
2026-09-11 13:40:00,138.5,6,83,30.8,0,0,0
2026-09-11 13:45:00,142.8,15,83,30.8,0,0,0
2026-09-11 13:50:00,147.0,3,77,32.1,0,0,0
2026-09-11 13:55:00,153.9,18,84,26.9,0,0,0
2026-09-11 14:00:00,154.8,10,77,28.3,0,0,0
2026-09-11 14:05:00,156.0,9,75,28.1,0,0,0
2026-09-11 14:10:00,152.6,13,79,30.6,0,0,0
2026-09-11 14:15:00,152.4,11,82,29.2,0,0,0
2026-09-11 14:20:00,152.1,15,78,30.2,0,0,0
2026-09-11 14:25:00,150.4,21,79,32.9,0,0,0
2026-09-11 14:30:00,150.5,10,83,32.1,0,0,0
2026-09-11 14:35:00,151.9,3,82,29.0,0,0,0
2026-09-11 14:40:00,146.3,13,75,27.4,0,0,0
2026-09-11 14:45:00,143.8,15,77,27.6,0,0,0
2026-09-11 14:50:00,141.4,9,79,31.7,0,0,0
2026-09-11 14:55:00,139.2,13,77,33.3,0,0,0
2026-09-11 15:00:00,139.0,6,77,32.6,0,0,0
2026-09-11 15:05:00,136.3,11,80,29.8,0,0,0
2026-09-11 15:10:00,135.7,3,74,31.4,0,0,0
2026-09-11 15:15:00,135.4,15,80,31.4,0,0,0
2026-09-11 15:20:00,133.6,352,99,31.8,0,0,0
2026-09-11 15:25:00,133.1,344,94,30.8,0,0,0
2026-09-11 15:30:00,134.3,354,98,28.3,0,0,0
2026-09-11 15:35:00,133.3,341,98,33.2,0,0,0
2026-09-11 15:40:00,128.2,3,78,33.2,0,0,0
2026-09-11 15:45:00,128.7,2,78,31.2,0,0,0
2026-09-11 15:50:00,129.3,5,79,31.2,0,0,0
2026-09-11 15:55:00,131.5,1,75,31.2,0,0,0
2026-09-11 16:00:00,130.8,7,76,28.4,0,0,0
2026-09-11 16:05:00,131.8,4,76,30.0,0,0,0
2026-09-11 16:10:00,130.3,2,82,32.7,0,0,0
2026-09-11 16:15:00,131.8,3,78,29.5,0,0,0
2026-09-11 16:20:00,130.7,2,76,30.3,0,0,0
2026-09-11 16:25:00,131.1,9,79,29.8,0,0,0
2026-09-11 16:30:00,129.3,9,78,25.6,0,0,0
2026-09-11 16:35:00,129.4,13,80,29.0,0,0,0
2026-09-11 16:40:00,126.9,10,80,32.2,0,0,0
2026-09-11 16:45:00,126.3,4,80,31.6,0,0,0
2026-09-11 16:50:00,125.3,5,80,30.6,0,0,0
2026-09-11 16:55:00,122.1,6,77,28.3,0,0,0
2026-09-11 17:00:00,121.1,10,76,29.8,0,0,0
2026-09-11 17:05:00,122.3,10,78,34.4,0,0,0
2026-09-11 17:10:00,120.8,3,81,31.1,0,17,35
2026-09-11 17:15:00,122.8,15,82,31.3,0,0,0
2026-09-11 17:20:00,119.0,8,81,32.0,0,0,0
2026-09-11 17:25:00,119.7,0,78,30.1,0,0,0
2026-09-11 17:30:00,118.8,21,81,30.4,0,0,0
2026-09-11 17:35:00,121.8,6,79,31.3,0,0,0
2026-09-11 17:40:00,120.2,38,83,30.2,0,0,0
2026-09-11 17:45:00,123.1,2,77,27.8,0,0,0
2026-09-11 17:50:00,123.4,16,78,32.4,0,0,0
2026-09-11 17:55:00,121.3,10,78,31.3,0,0,0
2026-09-11 18:00:00,123.2,13,78,31.0,0,0,0
2026-09-11 18:05:00,126.4,6,76,32.7,0,0,0
2026-09-11 18:10:00,122.9,6,77,30.1,0,0,0
2026-09-11 18:15:00,123.6,6,81,28.1,0,0,0
2026-09-11 18:20:00,123.2,7,79,30.9,0,0,0
2026-09-11 18:25:00,119.3,6,79,34.3,0,0,0
2026-09-11 18:30:00,122.7,6,76,33.9,0,0,0
2026-09-11 18:35:00,126.1,4,76,33.7,0,0,0
2026-09-11 18:40:00,126.2,4,79,27.8,0,0,0
2026-09-11 18:45:00,126.8,5,80,29.8,0,0,0
2026-09-11 18:50:00,126.0,9,85,31.7,0,0,0
2026-09-11 18:55:00,124.6,7,76,31.5,0,0,0
2026-09-11 19:00:00,122.8,6,80,30.4,0,0,0
2026-09-11 19:05:00,121.3,12,77,27.8,0,0,0
2026-09-11 19:10:00,120.2,7,81,29.8,0,0,0
2026-09-11 19:15:00,120.2,4,79,31.3,0,0,0
2026-09-11 19:20:00,119.4,19,78,29.3,0,0,0
2026-09-11 19:25:00,120.4,5,76,31.1,0,0,0
2026-09-11 19:30:00,120.1,11,82,30.4,0,0,0
2026-09-11 19:35:00,121.9,3,83,28.8,0,0,0
2026-09-11 19:40:00,121.9,6,79,29.1,0,0,0
2026-09-11 19:45:00,120.5,9,79,28.9,0,0,0
2026-09-11 19:50:00,119.8,6,79,34.3,0,0,0
2026-09-11 19:55:00,122.5,11,81,30.8,0,0,0
2026-09-11 20:00:00,123.4,13,81,32.1,0,0,0
2026-09-11 20:05:00,123.3,14,80,31.6,0,0,0
2026-09-11 20:10:00,124.0,8,78,31.0,0,0,0
2026-09-11 20:15:00,127.4,6,77,30.4,0,0,0
2026-09-11 20:20:00,125.2,11,75,28.5,0,0,0
2026-09-11 20:25:00,125.2,6,80,33.7,0,0,0
2026-09-11 20:30:00,122.6,11,77,33.2,0,0,0
2026-09-11 20:35:00,126.2,2,78,32.1,0,0,0
2026-09-11 20:40:00,125.1,9,80,29.9,0,0,0
2026-09-11 20:45:00,126.7,5,78,27.3,0,0,0
2026-09-11 20:50:00,127.1,14,81,27.8,0,0,0
2026-09-11 20:55:00,127.3,5,79,34.0,0,0,0
2026-09-11 21:00:00,127.1,9,79,34.3,0,0,0
2026-09-11 21:05:00,126.9,11,80,31.5,0,0,0
2026-09-11 21:10:00,126.6,10,81,29.1,0,73,75
2026-09-11 21:15:00,139.1,1,81,27.1,0,0,0
2026-09-11 21:20:00,148.4,6,80,30.4,0,0,0
2026-09-11 21:25:00,158.3,5,80,31.2,0,0,0
2026-09-11 21:30:00,163.3,10,78,31.2,0,0,0
2026-09-11 21:35:00,167.5,9,83,32.7,0,0,0
2026-09-11 21:40:00,171.5,7,79,27.7,0,0,0
2026-09-11 21:45:00,174.7,7,76,27.9,0,0,0
2026-09-11 21:50:00,176.3,1,79,27.7,0,0,0
2026-09-11 21:55:00,177.6,12,76,30.1,0,0,0
2026-09-11 22:00:00,177.2,14,81,33.9,0,0,0
2026-09-11 22:05:00,174.3,2,76,32.4,0,0,0
2026-09-11 22:10:00,172.6,9,80,32.2,0,0,0
2026-09-11 22:15:00,172.8,4,77,33.9,0,0,0
2026-09-11 22:20:00,173.7,4,79,30.1,0,0,0
2026-09-11 22:25:00,171.2,10,79,29.1,0,0,0
2026-09-11 22:30:00,166.7,13,78,31.6,0,0,0
2026-09-11 22:35:00,168.9,7,79,31.3,0,0,0
2026-09-11 22:40:00,164.7,4,81,32.9,0,0,0
2026-09-11 22:45:00,162.2,4,75,28.9,0,0,0
2026-09-11 22:50:00,159.2,23,79,31.5,0,0,0
2026-09-11 22:55:00,154.1,5,78,31.1,0,0,0
2026-09-11 23:00:00,150.2,12,77,27.5,0,0,0
2026-09-11 23:05:00,146.6,12,76,27.6,0,0,0
2026-09-11 23:10:00,144.0,7,75,30.8,0,0,0
2026-09-11 23:15:00,143.1,8,79,29.2,0,0,0
2026-09-11 23:20:00,136.8,9,80,34.2,0,0,0
2026-09-11 23:25:00,136.6,8,79,30.2,0,0,0
2026-09-11 23:30:00,136.2,2,78,29.6,0,0,0
2026-09-11 23:35:00,136.8,3,79,30.4,0,0,0
2026-09-11 23:40:00,137.0,11,81,28.4,0,0,0
2026-09-11 23:45:00,139.7,9,80,31.1,0,0,0
2026-09-11 23:50:00,138.4,7,78,33.1,0,0,0
2026-09-11 23:55:00,136.1,7,79,30.0,0,0,0
2026-09-12 00:00:00,130.5,5,78,34.7,0,0,0
2026-09-12 00:05:00,130.8,2,78,31.2,0,0,0
2026-09-12 00:10:00,132.3,5,80,32.2,0,0,0
2026-09-12 00:15:00,132.5,8,77,36.0,0,0,0
2026-09-12 00:20:00,130.5,22,80,32.0,0,0,0
2026-09-12 00:25:00,128.6,0,73,52.2,1,0,0
2026-09-12 00:30:00,129.5,0,71,51.2,1,0,0
2026-09-12 00:35:00,129.8,1,70,49.4,1,0,0
2026-09-12 00:40:00,128.1,0,70,52.9,1,0,0
2026-09-12 00:45:00,128.4,0,70,52.7,1,0,0
2026-09-12 00:50:00,127.4,0,75,55.4,1,0,0
2026-09-12 00:55:00,123.5,1,72,52.3,1,0,0
2026-09-12 01:00:00,124.3,0,70,54.4,1,0,0
2026-09-12 01:05:00,125.9,1,69,47.7,1,0,0
2026-09-12 01:10:00,124.4,0,69,52.6,1,0,0
2026-09-12 01:15:00,125.0,1,72,52.3,1,0,0
2026-09-12 01:20:00,125.3,0,71,52.8,1,0,0
2026-09-12 01:25:00,125.5,0,69,52.1,1,0,0
2026-09-12 01:30:00,124.7,0,69,52.9,1,0,0
2026-09-12 01:35:00,124.2,0,69,52.5,1,0,0
2026-09-12 01:40:00,122.3,0,72,56.0,1,0,0
2026-09-12 01:45:00,124.3,2,73,52.9,1,0,0
2026-09-12 01:50:00,122.9,0,72,52.8,1,0,0
2026-09-12 01:55:00,120.4,0,69,49.2,1,0,0
2026-09-12 02:00:00,117.4,0,69,53.5,1,0,0
2026-09-12 02:05:00,121.5,1,71,51.5,1,0,0
2026-09-12 02:10:00,121.0,0,70,51.6,1,0,0
2026-09-12 02:15:00,125.1,1,69,52.8,1,0,0
2026-09-12 02:20:00,123.4,1,67,51.4,1,0,0
2026-09-12 02:25:00,123.4,0,65,51.0,1,0,0
2026-09-12 02:30:00,122.4,0,69,51.8,1,0,0
2026-09-12 02:35:00,121.8,0,73,51.9,1,0,0
2026-09-12 02:40:00,124.9,1,70,50.8,1,0,0
2026-09-12 02:45:00,123.6,0,72,53.0,1,0,0
2026-09-12 02:50:00,125.9,0,69,49.0,1,0,0
2026-09-12 02:55:00,122.4,0,68,50.0,1,0,0
2026-09-12 03:00:00,122.7,1,70,51.7,1,0,0
2026-09-12 03:05:00,121.4,0,73,54.8,1,0,0
2026-09-12 03:10:00,117.9,0,71,51.0,1,0,0
2026-09-12 03:15:00,117.4,0,74,51.3,1,0,0
2026-09-12 03:20:00,118.1,2,69,51.3,1,0,0
2026-09-12 03:25:00,119.1,0,73,54.0,1,0,0
2026-09-12 03:30:00,121.0,0,69,51.0,1,0,0
2026-09-12 03:35:00,121.9,0,68,53.1,1,0,0
2026-09-12 03:40:00,120.2,0,72,55.3,1,0,0
2026-09-12 03:45:00,119.3,0,72,49.2,1,0,0
2026-09-12 03:50:00,120.4,0,73,53.7,1,0,0
2026-09-12 03:55:00,119.8,1,67,55.3,1,0,0
2026-09-12 04:00:00,119.6,1,70,54.1,1,0,0
2026-09-12 04:05:00,120.0,2,71,53.9,1,0,0
2026-09-12 04:10:00,122.1,0,68,51.3,1,0,0
2026-09-12 04:15:00,124.5,1,71,49.3,1,0,0
2026-09-12 04:20:00,123.3,0,71,51.9,1,0,0
2026-09-12 04:25:00,123.2,0,70,50.3,1,0,0
2026-09-12 04:30:00,122.8,0,73,51.2,1,0,0
2026-09-12 04:35:00,120.9,0,71,54.2,1,0,0
2026-09-12 04:40:00,124.8,1,72,50.0,1,0,0
2026-09-12 04:45:00,123.3,0,69,52.5,1,0,0
2026-09-12 04:50:00,121.1,0,73,48.6,1,0,0
2026-09-12 04:55:00,121.7,0,71,50.8,1,0,0
2026-09-12 05:00:00,124.9,2,70,48.0,1,0,0
2026-09-12 05:05:00,122.6,0,70,50.3,1,0,0
2026-09-12 05:10:00,124.6,0,72,51.3,1,0,0
2026-09-12 05:15:00,122.6,0,65,48.8,1,0,0
2026-09-12 05:20:00,123.5,0,71,47.2,1,0,0
2026-09-12 05:25:00,129.6,0,70,51.3,1,0,0
2026-09-12 05:30:00,129.0,0,69,53.0,1,0,0
2026-09-12 05:35:00,132.2,1,68,50.5,1,0,0
2026-09-12 05:40:00,129.2,0,70,52.7,1,0,0
2026-09-12 05:45:00,128.4,0,70,51.8,1,0,0
2026-09-12 05:50:00,128.7,1,66,51.8,1,0,0
2026-09-12 05:55:00,123.8,0,66,51.7,1,0,0
2026-09-12 06:00:00,123.3,0,73,50.7,1,0,0
2026-09-12 06:05:00,124.8,1,67,50.9,1,0,0
2026-09-12 06:10:00,127.0,0,69,54.5,1,0,0
2026-09-12 06:15:00,124.6,0,69,51.8,1,0,0
2026-09-12 06:20:00,125.4,0,69,54.6,1,0,0
2026-09-12 06:25:00,128.1,0,72,52.4,1,0,0
2026-09-12 06:30:00,128.1,1,69,50.1,1,0,0
2026-09-12 06:35:00,131.7,5,79,33.2,0,0,0
2026-09-12 06:40:00,129.5,9,80,32.8,0,0,0
2026-09-12 06:45:00,128.7,7,77,30.1,0,0,0
2026-09-12 06:50:00,125.4,3,77,32.8,0,0,0
2026-09-12 06:55:00,122.8,7,80,34.0,0,0,0
2026-09-12 07:00:00,121.7,3,78,32.5,0,0,0
2026-09-12 07:05:00,120.5,10,74,30.9,0,0,0
2026-09-12 07:10:00,124.2,7,80,31.6,0,0,0
2026-09-12 07:15:00,121.7,14,78,36.6,0,0,0
2026-09-12 07:20:00,118.7,14,79,33.4,0,0,0
2026-09-12 07:25:00,120.6,3,78,29.4,0,0,0
2026-09-12 07:30:00,122.0,5,81,36.4,0,0,0
2026-09-12 07:35:00,123.0,9,80,33.7,0,0,0
2026-09-12 07:40:00,120.9,5,82,32.2,0,56,65
2026-09-12 07:45:00,129.8,5,77,30.7,0,0,0
2026-09-12 07:50:00,138.6,6,79,33.0,0,0,0
2026-09-12 07:55:00,143.0,7,82,29.2,0,0,0
2026-09-12 08:00:00,145.2,8,84,30.9,0,0,0
2026-09-12 08:05:00,152.0,16,82,31.4,0,0,0
2026-09-12 08:10:00,152.7,3,80,32.9,0,0,0
2026-09-12 08:15:00,154.5,6,74,32.8,0,0,0
2026-09-12 08:20:00,153.8,9,77,32.8,0,0,0
2026-09-12 08:25:00,153.6,6,77,36.1,0,0,0
2026-09-12 08:30:00,152.1,15,79,32.5,0,0,0
2026-09-12 08:35:00,152.1,8,81,34.9,0,0,0
2026-09-12 08:40:00,153.0,2,79,31.0,0,0,0
2026-09-12 08:45:00,152.3,10,78,33.9,0,0,0
2026-09-12 08:50:00,150.7,6,76,36.6,0,0,0
2026-09-12 08:55:00,152.0,16,78,30.5,0,0,0
2026-09-12 09:00:00,150.3,7,76,32.1,0,0,0
2026-09-12 09:05:00,151.5,8,79,33.6,0,0,0
2026-09-12 09:10:00,147.7,6,81,30.4,0,0,0
2026-09-12 09:15:00,145.3,6,85,30.8,0,0,0
2026-09-12 09:20:00,142.3,15,80,31.1,0,0,0
2026-09-12 09:25:00,143.6,2,76,34.1,0,0,0
2026-09-12 09:30:00,146.5,12,80,29.5,0,0,0
2026-09-12 09:35:00,145.4,6,80,30.8,0,0,0
2026-09-12 09:40:00,140.5,15,76,35.3,0,0,0
2026-09-12 09:45:00,137.5,9,80,33.8,0,0,0
2026-09-12 09:50:00,136.8,9,82,31.7,0,0,0
2026-09-12 09:55:00,132.8,3,79,35.1,0,0,0
2026-09-12 10:00:00,131.3,7,80,29.0,0,0,0
2026-09-12 10:05:00,128.9,4,78,30.5,0,0,0
2026-09-12 10:10:00,129.2,18,80,29.7,0,0,0
2026-09-12 10:15:00,130.1,7,78,30.6,0,0,0
2026-09-12 10:20:00,130.2,9,78,31.6,0,0,0
2026-09-12 10:25:00,128.9,8,80,31.8,0,0,0
2026-09-12 10:30:00,129.2,5,81,30.9,0,0,0
2026-09-12 10:35:00,127.0,16,78,32.5,0,0,0
2026-09-12 10:40:00,125.2,13,79,33.9,0,0,0
2026-09-12 10:45:00,124.7,6,82,31.1,0,0,0
2026-09-12 10:50:00,124.1,18,78,34.9,0,0,0
2026-09-12 10:55:00,122.6,9,79,32.7,0,0,0
2026-09-12 11:00:00,120.5,10,81,32.1,0,0,0
2026-09-12 11:05:00,124.0,10,81,34.4,0,0,0
2026-09-12 11:10:00,122.0,425,105,29.5,0,0,0
2026-09-12 11:15:00,122.2,422,102,30.3,0,0,0
2026-09-12 11:20:00,121.9,424,104,30.6,0,0,0
2026-09-12 11:25:00,116.4,10,79,28.0,0,0,0
2026-09-12 11:30:00,119.8,15,79,31.8,0,0,0
2026-09-12 11:35:00,114.6,11,81,32.6,0,0,0
2026-09-12 11:40:00,114.6,6,77,34.5,0,0,0
2026-09-12 11:45:00,114.0,16,83,35.1,0,0,0
2026-09-12 11:50:00,110.9,5,78,33.8,0,0,0
2026-09-12 11:55:00,106.2,8,80,33.5,0,0,0
2026-09-12 12:00:00,108.4,8,81,30.4,0,0,0
2026-09-12 12:05:00,111.2,6,81,31.5,0,0,0
2026-09-12 12:10:00,109.6,9,74,31.2,0,0,0
2026-09-12 12:15:00,112.2,17,80,28.4,0,0,0
2026-09-12 12:20:00,115.1,4,78,32.4,0,0,0
2026-09-12 12:25:00,114.6,13,76,35.8,0,0,0
2026-09-12 12:30:00,116.6,10,80,34.6,0,0,0
2026-09-12 12:35:00,114.4,5,78,34.3,0,0,0
2026-09-12 12:40:00,117.3,11,79,32.7,0,0,0
2026-09-12 12:45:00,114.8,15,77,35.9,0,0,0
2026-09-12 12:50:00,114.7,11,77,34.2,0,0,0
2026-09-12 12:55:00,116.8,8,78,30.3,0,0,0
2026-09-12 13:00:00,116.1,5,84,29.1,0,108,70
2026-09-12 13:05:00,132.2,10,83,32.7,0,0,0
2026-09-12 13:10:00,144.1,8,80,30.5,0,0,0
2026-09-12 13:15:00,146.4,389,100,35.1,0,0,0
2026-09-12 13:20:00,156.2,390,104,25.0,0,0,0
2026-09-12 13:25:00,158.8,2,83,33.9,0,0,0
2026-09-12 13:30:00,164.5,10,79,31.0,0,0,0
2026-09-12 13:35:00,166.6,13,80,34.9,0,0,0
2026-09-12 13:40:00,163.2,5,76,30.8,0,0,0
2026-09-12 13:45:00,169.3,15,79,31.4,0,0,0
2026-09-12 13:50:00,169.5,2,76,34.8,0,0,0
2026-09-12 13:55:00,169.5,17,77,34.0,0,0,0
2026-09-12 14:00:00,168.8,4,80,32.2,0,0,0
2026-09-12 14:05:00,168.8,3,77,33.7,0,0,0
2026-09-12 14:10:00,167.4,7,75,33.5,0,0,0
2026-09-12 14:15:00,168.9,15,79,33.6,0,0,0
2026-09-12 14:20:00,160.3,1,79,29.3,0,0,0
2026-09-12 14:25:00,155.9,9,77,33.7,0,0,0
2026-09-12 14:30:00,155.0,4,80,31.2,0,0,0
2026-09-12 14:35:00,152.2,8,81,31.4,0,0,0
2026-09-12 14:40:00,147.9,6,81,31.6,0,0,0
2026-09-12 14:45:00,142.7,7,75,35.3,0,0,0
2026-09-12 14:50:00,140.7,6,76,33.3,0,0,0
2026-09-12 14:55:00,136.1,2,80,31.3,0,0,0
2026-09-12 15:00:00,136.3,7,77,30.6,0,0,0
2026-09-12 15:05:00,135.4,10,76,31.1,0,0,0
2026-09-12 15:10:00,137.5,19,79,31.9,0,0,0
2026-09-12 15:15:00,133.0,6,78,34.2,0,0,0
2026-09-12 15:20:00,131.2,14,79,34.5,0,0,0
2026-09-12 15:25:00,130.1,10,79,31.0,0,0,0
2026-09-12 15:30:00,129.6,4,78,34.4,0,0,0
2026-09-12 15:35:00,128.0,11,80,29.1,0,0,0
2026-09-12 15:40:00,127.8,8,78,33.3,0,0,0
2026-09-12 15:45:00,128.2,14,80,34.4,0,0,0
2026-09-12 15:50:00,130.6,8,76,33.7,0,0,0
2026-09-12 15:55:00,129.0,3,80,31.8,0,0,0
2026-09-12 16:00:00,131.4,8,76,31.2,0,0,0
2026-09-12 16:05:00,128.6,8,78,32.6,0,0,0
2026-09-12 16:10:00,125.5,0,76,35.4,0,0,0
2026-09-12 16:15:00,128.3,13,78,31.6,0,0,0
2026-09-12 16:20:00,128.0,7,81,32.4,0,0,0
2026-09-12 16:25:00,128.5,4,77,32.1,0,0,0
2026-09-12 16:30:00,128.3,11,80,34.8,0,0,0
2026-09-12 16:35:00,129.3,13,78,33.2,0,0,0
2026-09-12 16:40:00,130.1,7,78,36.0,0,0,0
2026-09-12 16:45:00,127.8,8,78,35.3,0,0,0
2026-09-12 16:50:00,130.6,3,79,31.1,0,0,0
2026-09-12 16:55:00,127.4,6,77,33.5,0,0,0
2026-09-12 17:00:00,128.9,2,78,32.1,0,0,0
2026-09-12 17:05:00,128.4,7,77,33.7,0,0,0
2026-09-12 17:10:00,131.7,5,79,33.6,0,0,0
2026-09-12 17:15:00,132.5,7,80,32.6,0,0,0
2026-09-12 17:20:00,134.7,11,79,35.2,0,0,0
2026-09-12 17:25:00,133.6,16,79,32.9,0,0,0
2026-09-12 17:30:00,130.4,5,78,33.7,0,0,0
2026-09-12 17:35:00,127.7,9,83,34.5,0,23,50
2026-09-12 17:40:00,127.7,13,82,30.3,0,0,0
2026-09-12 17:45:00,130.3,6,79,33.6,0,0,0
2026-09-12 17:50:00,131.0,6,81,29.1,0,0,0
2026-09-12 17:55:00,134.1,5,79,33.1,0,0,0
2026-09-12 18:00:00,137.4,10,80,34.9,0,0,0
2026-09-12 18:05:00,136.4,4,77,33.1,0,0,0
2026-09-12 18:10:00,135.0,3,76,28.7,0,0,0
2026-09-12 18:15:00,133.3,10,75,31.8,0,0,0
2026-09-12 18:20:00,132.6,6,79,31.5,0,0,0
2026-09-12 18:25:00,135.0,7,77,32.3,0,0,0
2026-09-12 18:30:00,133.9,20,77,32.6,0,0,0
2026-09-12 18:35:00,132.6,16,79,32.6,0,0,0
2026-09-12 18:40:00,132.5,15,77,28.6,0,0,0
2026-09-12 18:45:00,130.3,7,79,30.3,0,0,0
2026-09-12 18:50:00,128.2,9,78,33.9,0,0,0
2026-09-12 18:55:00,127.9,10,79,34.9,0,0,0
2026-09-12 19:00:00,124.9,8,81,31.5,0,0,0
2026-09-12 19:05:00,125.1,5,77,32.3,0,0,0
2026-09-12 19:10:00,127.0,7,79,30.6,0,0,0
2026-09-12 19:15:00,128.2,7,81,30.5,0,0,0
2026-09-12 19:20:00,125.4,14,80,33.3,0,0,0
2026-09-12 19:25:00,125.8,1,79,31.4,0,0,0
2026-09-12 19:30:00,124.3,2,80,30.9,0,0,0
2026-09-12 19:35:00,124.9,14,80,31.7,0,0,0
2026-09-12 19:40:00,122.9,9,78,32.6,0,0,0
2026-09-12 19:45:00,124.2,8,77,26.6,0,0,0
2026-09-12 19:50:00,125.2,13,78,33.0,0,0,0
2026-09-12 19:55:00,124.0,6,78,30.3,0,0,0
2026-09-12 20:00:00,123.0,6,76,31.0,0,0,0
2026-09-12 20:05:00,121.8,4,79,30.2,0,0,0
2026-09-12 20:10:00,121.0,5,82,31.1,0,0,0
2026-09-12 20:15:00,122.9,3,82,32.8,0,0,0
2026-09-12 20:20:00,125.0,9,78,28.3,0,0,0
2026-09-12 20:25:00,122.4,10,78,29.2,0,0,0
2026-09-12 20:30:00,122.0,7,75,30.6,0,0,0
2026-09-12 20:35:00,121.8,9,82,35.3,0,60,55
2026-09-12 20:40:00,130.1,7,82,31.2,0,0,0
2026-09-12 20:45:00,139.5,4,82,30.7,0,0,0
2026-09-12 20:50:00,145.0,16,80,32.3,0,0,0
2026-09-12 20:55:00,146.8,12,85,31.8,0,0,0
2026-09-12 21:00:00,151.7,11,83,32.3,0,0,0
2026-09-12 21:05:00,154.6,7,79,31.5,0,0,0
2026-09-12 21:10:00,157.3,18,78,33.3,0,0,0
2026-09-12 21:15:00,159.8,16,79,30.2,0,0,0
2026-09-12 21:20:00,161.8,10,77,30.3,0,0,0
2026-09-12 21:25:00,161.4,1,78,27.5,0,0,0
2026-09-12 21:30:00,160.3,11,76,30.6,0,0,0
2026-09-12 21:35:00,159.7,1,76,33.1,0,0,0
2026-09-12 21:40:00,155.7,9,82,30.9,0,0,0
2026-09-12 21:45:00,153.6,16,77,29.7,0,0,0
2026-09-12 21:50:00,151.4,24,77,31.5,0,0,0
2026-09-12 21:55:00,153.1,4,80,33.2,0,0,0
2026-09-12 22:00:00,148.6,7,76,27.0,0,0,0
2026-09-12 22:05:00,143.9,5,77,30.8,0,0,0
2026-09-12 22:10:00,140.0,11,77,34.2,0,0,0
2026-09-12 22:15:00,137.2,5,79,32.9,0,0,0
2026-09-12 22:20:00,133.7,7,79,32.9,0,0,0
2026-09-12 22:25:00,132.4,2,70,53.2,1,0,0
2026-09-12 22:30:00,133.5,0,74,52.8,1,0,0
2026-09-12 22:35:00,130.5,0,73,52.0,1,0,0
2026-09-12 22:40:00,134.7,0,69,55.3,1,0,0
2026-09-12 22:45:00,129.9,1,69,53.2,1,0,0
2026-09-12 22:50:00,127.0,0,69,48.7,1,0,0
2026-09-12 22:55:00,126.4,1,66,53.1,1,0,0
2026-09-12 23:00:00,128.9,1,69,53.4,1,0,0
2026-09-12 23:05:00,128.7,0,70,50.8,1,0,0
2026-09-12 23:10:00,126.3,0,69,50.7,1,0,0
2026-09-12 23:15:00,128.1,2,70,51.5,1,0,0
2026-09-12 23:20:00,126.4,1,67,49.4,1,0,0
2026-09-12 23:25:00,123.6,0,69,50.8,1,0,0
2026-09-12 23:30:00,124.5,0,66,53.0,1,0,0
2026-09-12 23:35:00,122.0,0,73,51.5,1,0,0
2026-09-12 23:40:00,122.6,0,70,54.6,1,0,0
2026-09-12 23:45:00,126.2,0,69,49.5,1,0,0
2026-09-12 23:50:00,121.5,0,67,55.0,1,0,0
2026-09-12 23:55:00,119.2,0,70,54.3,1,0,0
2026-09-13 00:00:00,123.6,0,67,48.1,1,0,0
2026-09-13 00:05:00,124.4,0,66,48.5,1,0,0
2026-09-13 00:10:00,124.4,0,69,49.2,1,0,0
2026-09-13 00:15:00,127.0,0,66,50.6,1,0,0
2026-09-13 00:20:00,126.0,0,70,53.8,1,0,0
2026-09-13 00:25:00,127.2,0,74,51.0,1,0,0
2026-09-13 00:30:00,126.1,0,73,52.7,1,0,0
2026-09-13 00:35:00,127.1,1,67,49.0,1,0,0
2026-09-13 00:40:00,128.6,0,72,47.9,1,0,0
2026-09-13 00:45:00,127.1,0,74,50.2,1,0,0
2026-09-13 00:50:00,128.2,0,70,50.5,1,0,0
2026-09-13 00:55:00,126.6,0,67,51.4,1,0,0
2026-09-13 01:00:00,129.8,0,68,50.2,1,0,0
2026-09-13 01:05:00,130.6,0,73,50.3,1,0,0
2026-09-13 01:10:00,131.0,0,68,51.0,1,0,0
2026-09-13 01:15:00,132.5,0,68,47.0,1,0,0
2026-09-13 01:20:00,130.4,1,71,50.2,1,0,0
2026-09-13 01:25:00,130.1,0,76,50.9,1,0,0
2026-09-13 01:30:00,128.6,1,65,49.1,1,0,0
2026-09-13 01:35:00,124.6,0,69,50.0,1,0,0
2026-09-13 01:40:00,125.6,0,70,49.1,1,0,0
2026-09-13 01:45:00,127.2,0,72,48.3,1,0,0
2026-09-13 01:50:00,126.9,0,68,50.8,1,0,0
2026-09-13 01:55:00,130.6,1,67,48.6,1,0,0
2026-09-13 02:00:00,130.6,0,69,49.7,1,0,0
2026-09-13 02:05:00,129.7,0,68,49.0,1,0,0
2026-09-13 02:10:00,128.8,0,71,49.3,1,0,0
2026-09-13 02:15:00,123.7,0,69,51.3,1,0,0
2026-09-13 02:20:00,126.8,2,71,49.6,1,0,0
2026-09-13 02:25:00,126.1,0,71,49.8,1,0,0
2026-09-13 02:30:00,127.2,0,69,49.3,1,0,0
2026-09-13 02:35:00,127.2,0,70,53.2,1,0,0
2026-09-13 02:40:00,129.0,0,69,48.9,1,0,0
2026-09-13 02:45:00,127.4,1,71,52.4,1,0,0
2026-09-13 02:50:00,128.3,0,74,47.9,1,0,0
2026-09-13 02:55:00,126.0,0,69,47.5,1,0,0
2026-09-13 03:00:00,129.7,1,67,48.9,1,0,0
2026-09-13 03:05:00,126.5,0,70,51.5,1,0,0
2026-09-13 03:10:00,129.9,0,68,47.7,1,0,0
2026-09-13 03:15:00,131.7,0,70,51.5,1,0,0
2026-09-13 03:20:00,132.2,0,70,50.6,1,0,0
2026-09-13 03:25:00,133.5,0,71,49.7,1,0,0
2026-09-13 03:30:00,130.9,0,70,48.8,1,0,0
2026-09-13 03:35:00,132.5,0,72,54.5,1,0,0
2026-09-13 03:40:00,132.2,2,70,48.7,1,0,0
2026-09-13 03:45:00,133.1,0,68,51.3,1,0,0
2026-09-13 03:50:00,133.0,0,68,47.5,1,0,0
2026-09-13 03:55:00,133.1,1,66,52.6,1,0,0
2026-09-13 04:00:00,136.4,0,71,51.5,1,0,0
2026-09-13 04:05:00,133.3,0,70,52.3,1,0,0
2026-09-13 04:10:00,133.2,0,69,46.9,1,0,0
2026-09-13 04:15:00,129.2,1,70,45.5,1,0,0
2026-09-13 04:20:00,130.8,1,70,54.0,1,0,0
2026-09-13 04:25:00,132.3,1,71,50.3,1,0,0
2026-09-13 04:30:00,131.2,0,69,51.0,1,0,0
2026-09-13 04:35:00,134.3,0,67,50.0,1,0,0
2026-09-13 04:40:00,132.2,2,70,51.9,1,0,0
2026-09-13 04:45:00,133.9,1,71,50.6,1,0,0
2026-09-13 04:50:00,135.1,0,72,52.9,1,0,0
2026-09-13 04:55:00,133.1,0,72,51.8,1,0,0
2026-09-13 05:00:00,133.7,0,67,45.6,1,0,0
2026-09-13 05:05:00,134.7,0,69,50.8,1,0,0
2026-09-13 05:10:00,131.3,0,67,47.4,1,0,0
2026-09-13 05:15:00,130.1,0,70,52.3,1,0,0
2026-09-13 05:20:00,132.5,0,70,50.9,1,0,0
2026-09-13 05:25:00,134.5,0,69,49.8,1,0,0
2026-09-13 05:30:00,132.8,1,72,53.2,1,0,0
2026-09-13 05:35:00,130.0,0,70,50.4,1,0,0
2026-09-13 05:40:00,130.4,0,70,49.2,1,0,0
2026-09-13 05:45:00,128.0,0,70,49.1,1,0,0
2026-09-13 05:50:00,128.5,0,72,52.4,1,0,0
2026-09-13 05:55:00,130.9,0,71,51.0,1,0,0
2026-09-13 06:00:00,129.6,0,71,53.0,1,0,0
2026-09-13 06:05:00,132.0,0,72,49.7,1,0,0
2026-09-13 06:10:00,130.5,0,70,47.6,1,0,0
2026-09-13 06:15:00,128.5,14,77,29.5,0,0,0
2026-09-13 06:20:00,126.7,14,82,31.9,0,0,0
2026-09-13 06:25:00,125.7,15,74,32.7,0,0,0
2026-09-13 06:30:00,127.6,3,77,28.9,0,0,0
2026-09-13 06:35:00,129.2,10,80,31.8,0,0,0
2026-09-13 06:40:00,131.2,20,80,35.1,0,0,0
2026-09-13 06:45:00,130.3,4,78,30.5,0,0,0
2026-09-13 06:50:00,130.1,4,79,31.7,0,0,0
2026-09-13 06:55:00,128.8,7,79,31.8,0,0,0
2026-09-13 07:00:00,128.5,6,74,30.8,0,0,0
2026-09-13 07:05:00,128.0,11,78,30.0,0,0,0
2026-09-13 07:10:00,125.1,3,77,28.7,0,0,0
2026-09-13 07:15:00,122.2,2,77,28.3,0,0,0
2026-09-13 07:20:00,119.7,12,80,36.0,0,0,0
2026-09-13 07:25:00,122.3,11,80,26.4,0,0,0
2026-09-13 07:30:00,121.4,13,81,30.1,0,26,55
2026-09-13 07:35:00,124.8,5,85,33.3,0,0,0
2026-09-13 07:40:00,126.5,10,83,29.8,0,0,0
2026-09-13 07:45:00,130.3,2,83,28.9,0,0,0
2026-09-13 07:50:00,129.4,5,83,34.2,0,0,0
2026-09-13 07:55:00,133.9,4,81,32.0,0,0,0
2026-09-13 08:00:00,134.7,8,77,28.5,0,0,0
2026-09-13 08:05:00,134.8,6,81,28.8,0,0,0
2026-09-13 08:10:00,135.2,6,78,32.9,0,0,0
2026-09-13 08:15:00,134.4,22,82,30.3,0,0,0
2026-09-13 08:20:00,137.7,9,79,32.2,0,0,0
2026-09-13 08:25:00,140.3,4,75,30.4,0,0,0
2026-09-13 08:30:00,139.3,10,72,32.0,0,0,0
2026-09-13 08:35:00,138.6,3,75,28.9,0,0,0
2026-09-13 08:40:00,137.9,6,79,29.7,0,0,0
2026-09-13 08:45:00,135.2,4,77,33.1,0,0,0
2026-09-13 08:50:00,134.3,5,80,29.6,0,0,0
2026-09-13 08:55:00,132.5,9,78,31.1,0,0,0
2026-09-13 09:00:00,132.7,16,81,29.9,0,0,0
2026-09-13 09:05:00,133.6,17,80,31.1,0,0,0
2026-09-13 09:10:00,131.2,9,77,29.2,0,0,0
2026-09-13 09:15:00,130.5,11,79,31.5,0,0,0
2026-09-13 09:20:00,132.2,10,76,31.7,0,0,0
2026-09-13 09:25:00,134.3,8,78,29.7,0,0,0
2026-09-13 09:30:00,131.0,6,79,29.0,0,0,0
2026-09-13 09:35:00,133.1,9,78,29.7,0,0,0
2026-09-13 09:40:00,132.7,12,80,33.3,0,0,0
2026-09-13 09:45:00,134.4,9,76,31.2,0,0,0
2026-09-13 09:50:00,130.9,18,83,31.9,0,0,0
2026-09-13 09:55:00,129.0,16,80,27.3,0,0,0
2026-09-13 10:00:00,129.6,9,79,30.3,0,0,0
2026-09-13 10:05:00,127.8,10,79,29.3,0,0,0
2026-09-13 10:10:00,128.8,4,83,32.7,0,0,0
2026-09-13 10:15:00,129.1,2,81,32.5,0,0,0
2026-09-13 10:20:00,132.5,12,81,32.6,0,0,0
2026-09-13 10:25:00,128.7,6,79,31.8,0,0,0
2026-09-13 10:30:00,128.4,5,83,32.2,0,0,0
2026-09-13 10:35:00,130.2,16,80,32.3,0,0,0
2026-09-13 10:40:00,130.9,4,76,30.3,0,0,0
2026-09-13 10:45:00,128.0,5,79,28.9,0,0,0
2026-09-13 10:50:00,129.1,11,78,29.0,0,0,0
2026-09-13 10:55:00,124.1,5,77,32.4,0,0,0
2026-09-13 11:00:00,124.6,5,78,30.2,0,0,0
2026-09-13 11:05:00,124.3,10,81,30.9,0,0,0
2026-09-13 11:10:00,123.5,3,77,31.2,0,0,0
2026-09-13 11:15:00,127.5,6,79,30.5,0,0,0
2026-09-13 11:20:00,127.6,9,77,30.0,0,0,0
2026-09-13 11:25:00,124.7,5,82,33.4,0,0,0
2026-09-13 11:30:00,124.1,12,78,30.2,0,0,0
2026-09-13 11:35:00,121.4,12,77,31.2,0,0,0
2026-09-13 11:40:00,119.7,13,82,34.2,0,0,0
2026-09-13 11:45:00,118.8,3,80,32.2,0,0,0
2026-09-13 11:50:00,117.5,18,82,30.8,0,0,0
2026-09-13 11:55:00,118.7,19,81,28.6,0,0,0
2026-09-13 12:00:00,121.4,6,78,31.1,0,0,0
2026-09-13 12:05:00,120.5,7,82,35.4,0,0,0
2026-09-13 12:10:00,121.1,7,77,28.5,0,0,0
2026-09-13 12:15:00,123.5,13,75,32.8,0,0,0
2026-09-13 12:20:00,121.2,14,78,30.9,0,0,0
2026-09-13 12:25:00,118.4,516,109,29.4,0,0,0
2026-09-13 12:30:00,120.6,512,106,29.6,0,0,0
2026-09-13 12:35:00,120.7,522,110,30.8,0,0,0
2026-09-13 12:40:00,120.1,522,109,33.2,0,0,0
2026-09-13 12:45:00,117.2,5,81,30.1,0,0,0
2026-09-13 12:50:00,119.8,8,80,35.2,0,0,0
2026-09-13 12:55:00,118.6,9,79,29.7,0,0,0
2026-09-13 13:00:00,120.6,3,76,29.2,0,0,0
2026-09-13 13:05:00,119.6,4,74,27.2,0,0,0
2026-09-13 13:10:00,117.6,7,76,29.0,0,0,0
2026-09-13 13:15:00,118.1,7,82,29.2,0,0,0
2026-09-13 13:20:00,118.0,18,81,29.3,0,0,0
2026-09-13 13:25:00,122.3,8,75,32.8,0,0,0
2026-09-13 13:30:00,121.9,4,78,33.5,0,0,0
2026-09-13 13:35:00,121.3,6,77,29.2,0,0,0
2026-09-13 13:40:00,127.1,15,81,30.6,0,0,0
2026-09-13 13:45:00,126.2,6,80,27.3,0,49,50
2026-09-13 13:50:00,132.8,12,79,31.0,0,0,0
2026-09-13 13:55:00,135.2,5,82,32.8,0,0,0
2026-09-13 14:00:00,141.4,8,81,32.1,0,0,0
2026-09-13 14:05:00,141.6,6,80,32.0,0,0,0
2026-09-13 14:10:00,140.2,14,84,28.2,0,0,0
2026-09-13 14:15:00,141.4,5,78,31.8,0,0,0
2026-09-13 14:20:00,143.1,5,77,33.3,0,0,0
2026-09-13 14:25:00,143.2,4,82,30.3,0,0,0
2026-09-13 14:30:00,144.5,10,81,34.1,0,0,0
2026-09-13 14:35:00,146.0,7,75,32.9,0,0,0
2026-09-13 14:40:00,143.6,7,78,33.6,0,0,0
2026-09-13 14:45:00,138.7,10,80,30.5,0,0,0
2026-09-13 14:50:00,138.4,4,77,29.3,0,0,0
2026-09-13 14:55:00,137.8,9,81,33.1,0,0,0
2026-09-13 15:00:00,138.0,13,79,31.9,0,0,0
2026-09-13 15:05:00,139.8,5,75,29.5,0,0,0
2026-09-13 15:10:00,138.4,7,80,33.3,0,0,0
2026-09-13 15:15:00,137.1,19,81,29.4,0,0,0
2026-09-13 15:20:00,134.9,6,78,33.0,0,0,0
2026-09-13 15:25:00,136.0,5,80,32.3,0,0,0
2026-09-13 15:30:00,136.3,8,77,32.2,0,0,0
2026-09-13 15:35:00,135.5,8,76,31.0,0,0,0
2026-09-13 15:40:00,132.8,8,80,31.0,0,0,0
2026-09-13 15:45:00,129.4,16,79,31.5,0,0,0
2026-09-13 15:50:00,129.6,9,81,31.1,0,0,0
2026-09-13 15:55:00,131.0,9,79,28.3,0,0,0
2026-09-13 16:00:00,130.1,8,80,26.8,0,0,0
2026-09-13 16:05:00,133.8,9,78,33.2,0,0,0
2026-09-13 16:10:00,133.8,17,79,31.5,0,0,0
2026-09-13 16:15:00,132.6,8,78,30.7,0,0,0
2026-09-13 16:20:00,134.4,16,81,29.5,0,0,0
2026-09-13 16:25:00,134.3,10,79,28.5,0,0,0
2026-09-13 16:30:00,137.4,8,78,30.8,0,0,0
2026-09-13 16:35:00,138.8,5,79,32.6,0,0,0
2026-09-13 16:40:00,138.0,2,76,34.6,0,0,0
2026-09-13 16:45:00,137.1,10,80,29.7,0,0,0
2026-09-13 16:50:00,133.2,14,74,35.8,0,0,0
2026-09-13 16:55:00,132.5,10,82,31.3,0,0,0
2026-09-13 17:00:00,130.6,11,84,28.7,0,17,35
2026-09-13 17:05:00,132.7,7,81,29.8,0,0,0
2026-09-13 17:10:00,130.8,9,81,35.6,0,0,0
2026-09-13 17:15:00,133.3,5,76,28.3,0,0,0
2026-09-13 17:20:00,133.1,14,84,27.5,0,0,0
2026-09-13 17:25:00,133.4,13,84,28.0,0,0,0
2026-09-13 17:30:00,129.2,9,76,32.3,0,0,0
2026-09-13 17:35:00,128.9,20,83,29.5,0,0,0
2026-09-13 17:40:00,129.0,8,77,33.7,0,0,0
2026-09-13 17:45:00,128.2,17,78,26.5,0,0,0
2026-09-13 17:50:00,131.8,10,76,31.5,0,0,0
2026-09-13 17:55:00,132.1,10,77,31.4,0,0,0
2026-09-13 18:00:00,129.5,7,79,29.5,0,0,0
2026-09-13 18:05:00,130.2,5,79,30.9,0,0,0
2026-09-13 18:10:00,130.1,15,82,34.5,0,0,0
2026-09-13 18:15:00,124.6,2,78,29.1,0,0,0
2026-09-13 18:20:00,122.7,8,79,31.3,0,0,0
2026-09-13 18:25:00,120.9,10,80,29.6,0,0,0
2026-09-13 18:30:00,119.8,12,78,32.3,0,0,0
2026-09-13 18:35:00,123.2,22,79,31.0,0,0,0
2026-09-13 18:40:00,118.4,9,74,30.2,0,0,0
2026-09-13 18:45:00,117.6,9,81,31.7,0,0,0
2026-09-13 18:50:00,116.7,5,80,31.9,0,0,0
2026-09-13 18:55:00,115.8,8,77,33.1,0,0,0
2026-09-13 19:00:00,117.0,11,80,30.5,0,0,0
2026-09-13 19:05:00,119.7,7,76,28.3,0,0,0
2026-09-13 19:10:00,120.4,5,75,32.1,0,0,0
2026-09-13 19:15:00,120.3,6,78,36.5,0,0,0
2026-09-13 19:20:00,121.9,6,75,30.0,0,0,0
2026-09-13 19:25:00,123.1,6,78,28.6,0,0,0
2026-09-13 19:30:00,123.0,5,78,32.0,0,0,0
2026-09-13 19:35:00,123.9,5,80,34.3,0,0,0
2026-09-13 19:40:00,126.6,15,82,30.3,0,0,0
2026-09-13 19:45:00,127.7,2,77,31.4,0,0,0
2026-09-13 19:50:00,125.8,7,77,30.3,0,0,0
2026-09-13 19:55:00,129.3,11,76,33.5,0,0,0
2026-09-13 20:00:00,130.8,7,80,32.6,0,0,0
2026-09-13 20:05:00,131.4,4,79,29.2,0,0,0
2026-09-13 20:10:00,130.4,6,77,35.7,0,0,0
2026-09-13 20:15:00,127.9,4,76,31.4,0,0,0
2026-09-13 20:20:00,128.0,10,80,32.4,0,0,0
2026-09-13 20:25:00,130.9,5,80,32.2,0,0,0
2026-09-13 20:30:00,130.6,5,77,32.1,0,0,0
2026-09-13 20:35:00,125.9,12,78,29.8,0,0,0
2026-09-13 20:40:00,128.0,10,83,28.3,0,0,0
2026-09-13 20:45:00,127.0,8,79,29.4,0,0,0
2026-09-13 20:50:00,128.5,17,74,36.1,0,0,0
2026-09-13 20:55:00,130.1,15,77,29.8,0,0,0
2026-09-13 21:00:00,130.7,17,82,30.4,0,51,68
2026-09-13 21:05:00,140.2,12,81,31.6,0,0,0
2026-09-13 21:10:00,149.1,11,80,28.3,0,0,0
2026-09-13 21:15:00,154.9,14,83,31.3,0,0,0
2026-09-13 21:20:00,157.1,17,81,30.5,0,0,0
2026-09-13 21:25:00,162.0,5,83,31.7,0,0,0
2026-09-13 21:30:00,165.1,3,78,32.5,0,0,0
2026-09-13 21:35:00,167.4,19,76,35.3,0,0,0
2026-09-13 21:40:00,171.9,8,80,31.7,0,0,0
2026-09-13 21:45:00,171.0,14,79,28.5,0,0,0
2026-09-13 21:50:00,171.6,7,79,30.2,0,0,0
2026-09-13 21:55:00,173.0,9,80,27.0,0,0,0
2026-09-13 22:00:00,171.6,12,80,28.6,0,0,0
2026-09-13 22:05:00,168.7,12,77,28.3,0,0,0
2026-09-13 22:10:00,166.4,11,73,28.7,0,0,0
2026-09-13 22:15:00,159.5,9,78,30.7,0,0,0
2026-09-13 22:20:00,156.3,7,78,32.0,0,0,0
2026-09-13 22:25:00,155.2,11,79,33.8,0,0,0
2026-09-13 22:30:00,154.7,4,75,28.6,0,0,0
2026-09-13 22:35:00,153.9,20,80,32.7,0,0,0
2026-09-13 22:40:00,150.4,8,80,28.4,0,0,0
2026-09-13 22:45:00,147.0,4,78,28.2,0,0,0
2026-09-13 22:50:00,146.1,5,84,30.0,0,0,0
2026-09-13 22:55:00,141.5,11,78,33.3,0,0,0
2026-09-13 23:00:00,138.6,7,81,28.0,0,0,0
2026-09-13 23:05:00,138.2,9,77,30.0,0,0,0
2026-09-13 23:10:00,137.9,9,78,33.3,0,0,0
2026-09-13 23:15:00,136.4,15,76,30.9,0,0,0
2026-09-13 23:20:00,137.8,1,70,46.9,1,0,0
2026-09-13 23:25:00,136.2,0,70,54.6,1,0,0
2026-09-13 23:30:00,138.3,1,72,51.1,1,0,0
2026-09-13 23:35:00,136.8,0,69,49.6,1,0,0
2026-09-13 23:40:00,138.9,0,70,47.8,1,0,0
2026-09-13 23:45:00,140.5,0,69,49.3,1,0,0
2026-09-13 23:50:00,141.3,0,69,48.6,1,0,0
2026-09-13 23:55:00,139.7,0,69,49.9,1,0,0
2026-09-14 00:00:00,130.4,0,73,50.9,1,0,0
2026-09-14 00:05:00,131.2,0,72,50.4,1,0,0
2026-09-14 00:10:00,128.4,0,73,51.7,1,0,0
2026-09-14 00:15:00,129.1,1,66,52.9,1,0,0
2026-09-14 00:20:00,127.6,1,75,48.2,1,0,0
2026-09-14 00:25:00,127.7,0,67,51.6,1,0,0
2026-09-14 00:30:00,126.5,1,68,56.3,1,0,0
2026-09-14 00:35:00,125.4,0,66,50.0,1,0,0
2026-09-14 00:40:00,125.4,0,69,50.1,1,0,0
2026-09-14 00:45:00,124.9,0,70,50.1,1,0,0
2026-09-14 00:50:00,124.6,0,69,56.3,1,0,0
2026-09-14 00:55:00,125.2,0,68,53.2,1,0,0
2026-09-14 01:00:00,122.5,1,71,46.9,1,0,0
2026-09-14 01:05:00,123.3,0,70,50.2,1,0,0
2026-09-14 01:10:00,122.8,0,70,52.1,1,0,0
2026-09-14 01:15:00,122.3,0,68,50.3,1,0,0
2026-09-14 01:20:00,121.4,0,65,54.5,1,0,0
2026-09-14 01:25:00,121.8,0,67,50.6,1,0,0
2026-09-14 01:30:00,120.5,0,72,50.2,1,0,0
2026-09-14 01:35:00,121.5,0,69,52.9,1,0,0
2026-09-14 01:40:00,118.9,0,69,52.2,1,0,0
2026-09-14 01:45:00,123.5,0,69,53.9,1,0,0
2026-09-14 01:50:00,126.3,0,71,53.1,1,0,0
2026-09-14 01:55:00,126.4,0,71,52.5,1,0,0
2026-09-14 02:00:00,127.1,0,72,53.7,1,0,0
2026-09-14 02:05:00,126.1,1,68,54.3,1,0,0
2026-09-14 02:10:00,127.9,1,73,50.9,1,0,0
2026-09-14 02:15:00,127.0,0,69,53.8,1,0,0
2026-09-14 02:20:00,126.9,0,69,50.9,1,0,0
2026-09-14 02:25:00,131.8,0,70,53.2,1,0,0
2026-09-14 02:30:00,130.2,0,67,54.3,1,0,0
2026-09-14 02:35:00,130.8,0,70,50.7,1,0,0
2026-09-14 02:40:00,129.7,0,72,52.7,1,0,0
2026-09-14 02:45:00,130.0,0,69,54.9,1,0,0
2026-09-14 02:50:00,130.2,1,69,51.7,1,0,0
2026-09-14 02:55:00,131.1,1,72,51.6,1,0,0
2026-09-14 03:00:00,133.4,1,70,50.9,1,0,0
2026-09-14 03:05:00,127.8,1,70,48.7,1,0,0
2026-09-14 03:10:00,128.5,1,70,49.2,1,0,0
2026-09-14 03:15:00,128.3,1,71,51.8,1,0,0
2026-09-14 03:20:00,123.7,0,70,54.1,1,0,0
2026-09-14 03:25:00,124.0,0,66,50.6,1,0,0
2026-09-14 03:30:00,121.9,0,75,54.2,1,0,0
2026-09-14 03:35:00,120.9,1,73,52.6,1,0,0
2026-09-14 03:40:00,122.0,0,70,49.4,1,0,0
2026-09-14 03:45:00,122.3,0,70,55.4,1,0,0
2026-09-14 03:50:00,121.0,0,69,52.9,1,0,0
2026-09-14 03:55:00,122.7,0,73,52.8,1,0,0
2026-09-14 04:00:00,119.1,0,73,51.7,1,0,0
2026-09-14 04:05:00,118.1,2,73,51.3,1,0,0
2026-09-14 04:10:00,118.3,0,72,51.6,1,0,0
2026-09-14 04:15:00,121.5,0,71,48.6,1,0,0
2026-09-14 04:20:00,121.0,0,71,52.3,1,0,0
2026-09-14 04:25:00,121.6,1,72,48.6,1,0,0
2026-09-14 04:30:00,123.5,0,72,49.5,1,0,0
2026-09-14 04:35:00,123.7,1,67,53.7,1,0,0
2026-09-14 04:40:00,123.3,0,72,47.2,1,0,0
2026-09-14 04:45:00,121.6,1,69,50.9,1,0,0
2026-09-14 04:50:00,123.1,0,65,56.3,1,0,0
2026-09-14 04:55:00,122.2,1,65,53.0,1,0,0
2026-09-14 05:00:00,119.2,1,68,50.5,1,0,0
2026-09-14 05:05:00,120.1,0,73,51.0,1,0,0
2026-09-14 05:10:00,119.2,0,69,51.1,1,0,0
2026-09-14 05:15:00,117.1,0,71,52.7,1,0,0
2026-09-14 05:20:00,121.0,0,71,53.7,1,0,0
2026-09-14 05:25:00,122.0,0,65,53.1,1,0,0
2026-09-14 05:30:00,121.5,0,73,50.2,1,0,0
2026-09-14 05:35:00,125.8,0,70,54.9,1,0,0
2026-09-14 05:40:00,125.7,0,74,52.1,1,0,0
2026-09-14 05:45:00,124.3,0,69,50.1,1,0,0
2026-09-14 05:50:00,122.1,0,67,54.2,1,0,0
2026-09-14 05:55:00,122.6,0,71,50.8,1,0,0
2026-09-14 06:00:00,122.9,0,72,53.0,1,0,0
2026-09-14 06:05:00,124.7,1,73,53.3,1,0,0
2026-09-14 06:10:00,123.4,0,72,52.3,1,0,0
2026-09-14 06:15:00,122.3,0,73,50.1,1,0,0
2026-09-14 06:20:00,125.2,0,70,52.1,1,0,0
2026-09-14 06:25:00,121.6,0,73,53.0,1,0,0
2026-09-14 06:30:00,120.4,3,74,30.8,0,0,0
2026-09-14 06:35:00,118.4,7,78,29.7,0,0,0
2026-09-14 06:40:00,119.2,3,76,27.9,0,0,0
2026-09-14 06:45:00,122.4,8,78,33.2,0,0,0
2026-09-14 06:50:00,124.6,18,81,30.5,0,0,0
2026-09-14 06:55:00,123.9,13,82,32.4,0,0,0
2026-09-14 07:00:00,125.2,5,81,31.2,0,0,0
2026-09-14 07:05:00,121.1,4,78,31.6,0,0,0
2026-09-14 07:10:00,128.2,8,81,33.4,0,0,0
2026-09-14 07:15:00,126.6,7,78,32.6,0,0,0
2026-09-14 07:20:00,124.3,7,81,27.9,0,28,55
2026-09-14 07:25:00,128.1,9,84,32.6,0,0,0
2026-09-14 07:30:00,129.5,6,80,33.6,0,0,0
2026-09-14 07:35:00,131.2,2,78,32.3,0,0,0
2026-09-14 07:40:00,132.4,9,81,27.9,0,0,0
2026-09-14 07:45:00,131.5,23,83,31.0,0,0,0
2026-09-14 07:50:00,134.3,3,78,30.1,0,0,0
2026-09-14 07:55:00,130.2,3,79,35.6,0,0,0
2026-09-14 08:00:00,133.3,4,81,30.8,0,0,0
2026-09-14 08:05:00,132.8,9,77,30.1,0,0,0
2026-09-14 08:10:00,133.4,10,76,32.9,0,0,0
2026-09-14 08:15:00,132.3,19,80,33.2,0,0,0
2026-09-14 08:20:00,129.1,8,78,32.0,0,0,0
2026-09-14 08:25:00,130.9,10,79,32.9,0,0,0
2026-09-14 08:30:00,129.9,9,78,31.1,0,0,0
2026-09-14 08:35:00,130.9,13,77,31.8,0,0,0
2026-09-14 08:40:00,134.3,9,76,29.1,0,0,0
2026-09-14 08:45:00,131.6,10,79,33.9,0,0,0
2026-09-14 08:50:00,128.4,11,75,32.2,0,0,0
2026-09-14 08:55:00,128.6,6,75,28.0,0,0,0
2026-09-14 09:00:00,129.4,8,77,31.7,0,0,0
2026-09-14 09:05:00,128.9,7,79,28.0,0,0,0
2026-09-14 09:10:00,127.9,9,81,32.3,0,0,0
2026-09-14 09:15:00,130.0,11,76,28.8,0,0,0
2026-09-14 09:20:00,127.5,9,77,30.9,0,0,0
2026-09-14 09:25:00,125.6,4,76,33.1,0,0,0
2026-09-14 09:30:00,125.3,8,77,32.1,0,0,0
2026-09-14 09:35:00,123.9,19,75,30.5,0,0,0
2026-09-14 09:40:00,123.8,6,80,30.5,0,0,0
2026-09-14 09:45:00,124.6,10,82,31.7,0,0,0
2026-09-14 09:50:00,122.9,7,79,34.6,0,0,0
2026-09-14 09:55:00,122.8,7,77,31.5,0,0,0
2026-09-14 10:00:00,121.7,12,82,32.6,0,0,0
2026-09-14 10:05:00,122.1,9,80,33.3,0,0,0
2026-09-14 10:10:00,122.6,6,80,33.3,0,0,0
2026-09-14 10:15:00,125.2,9,78,32.0,0,0,0
2026-09-14 10:20:00,127.8,9,79,28.5,0,0,0
2026-09-14 10:25:00,127.3,5,78,30.0,0,0,0
2026-09-14 10:30:00,125.5,6,80,32.8,0,0,0
2026-09-14 10:35:00,129.4,5,74,31.0,0,0,0
2026-09-14 10:40:00,124.9,7,77,33.8,0,0,0
2026-09-14 10:45:00,125.1,12,78,31.8,0,0,0
2026-09-14 10:50:00,124.0,6,80,27.9,0,0,0
2026-09-14 10:55:00,127.1,12,74,31.0,0,0,0
2026-09-14 11:00:00,124.0,7,77,30.2,0,0,0
2026-09-14 11:05:00,123.8,3,78,34.5,0,0,0
2026-09-14 11:10:00,123.0,12,78,31.1,0,0,0
2026-09-14 11:15:00,125.0,5,78,31.1,0,0,0
2026-09-14 11:20:00,126.5,3,80,33.3,0,0,0
2026-09-14 11:25:00,126.3,17,79,31.4,0,0,0
2026-09-14 11:30:00,125.5,6,77,31.0,0,0,0
2026-09-14 11:35:00,127.3,2,82,27.8,0,0,0
2026-09-14 11:40:00,127.2,11,75,28.3,0,0,0
2026-09-14 11:45:00,127.6,20,79,31.5,0,0,0
2026-09-14 11:50:00,125.1,7,77,32.2,0,0,0
2026-09-14 11:55:00,123.6,5,81,32.2,0,0,0
2026-09-14 12:00:00,123.5,5,79,30.5,0,0,0
2026-09-14 12:05:00,122.9,6,80,35.0,0,0,0
2026-09-14 12:10:00,127.1,15,77,33.8,0,0,0
2026-09-14 12:15:00,127.0,368,103,29.9,0,0,0
2026-09-14 12:20:00,129.5,375,101,35.1,0,0,0
2026-09-14 12:25:00,127.6,12,81,29.8,0,0,0
2026-09-14 12:30:00,123.6,7,82,31.4,0,0,0
2026-09-14 12:35:00,120.8,4,82,32.7,0,0,0
2026-09-14 12:40:00,120.4,21,76,31.8,0,0,0
2026-09-14 12:45:00,120.4,4,77,31.9,0,0,0
2026-09-14 12:50:00,118.4,14,79,32.2,0,0,0
2026-09-14 12:55:00,117.1,9,80,35.1,0,76,75
2026-09-14 13:00:00,127.5,4,78,33.9,0,0,0
2026-09-14 13:05:00,137.7,10,82,33.2,0,0,0
2026-09-14 13:10:00,145.1,10,85,32.3,0,0,0
2026-09-14 13:15:00,151.6,11,81,32.2,0,0,0
2026-09-14 13:20:00,156.7,12,79,32.0,0,0,0
2026-09-14 13:25:00,161.5,2,76,31.5,0,0,0
2026-09-14 13:30:00,166.0,8,75,31.0,0,0,0
2026-09-14 13:35:00,168.5,6,81,30.5,0,0,0
2026-09-14 13:40:00,166.5,3,81,33.5,0,0,0
2026-09-14 13:45:00,160.9,7,78,34.3,0,0,0
2026-09-14 13:50:00,160.1,8,78,34.5,0,0,0
2026-09-14 13:55:00,159.6,6,78,30.2,0,0,0
2026-09-14 14:00:00,159.6,4,79,32.2,0,0,0
2026-09-14 14:05:00,154.4,6,78,35.2,0,0,0
2026-09-14 14:10:00,157.8,21,81,34.2,0,0,0
2026-09-14 14:15:00,158.5,14,78,31.2,0,0,0
2026-09-14 14:20:00,158.4,11,79,31.7,0,0,0
2026-09-14 14:25:00,158.0,7,81,27.2,0,0,0
2026-09-14 14:30:00,153.9,7,81,29.2,0,0,0
2026-09-14 14:35:00,149.6,13,79,33.5,0,0,0
2026-09-14 14:40:00,146.6,7,79,28.6,0,0,0
2026-09-14 14:45:00,146.9,10,79,30.4,0,0,0
2026-09-14 14:50:00,145.5,3,79,31.1,0,0,0
2026-09-14 14:55:00,144.0,15,83,32.9,0,0,0
2026-09-14 15:00:00,142.8,17,81,32.8,0,0,0
2026-09-14 15:05:00,140.1,7,81,31.5,0,0,0
2026-09-14 15:10:00,140.6,8,79,29.2,0,0,0
2026-09-14 15:15:00,139.4,24,78,33.7,0,0,0
2026-09-14 15:20:00,137.1,13,77,32.4,0,0,0
2026-09-14 15:25:00,137.2,2,75,30.2,0,0,0
2026-09-14 15:30:00,136.7,8,79,32.4,0,0,0
2026-09-14 15:35:00,134.9,3,78,33.3,0,0,0
2026-09-14 15:40:00,132.6,1,80,31.2,0,0,0
2026-09-14 15:45:00,132.2,9,77,29.3,0,0,0
2026-09-14 15:50:00,128.1,16,79,32.9,0,0,0
2026-09-14 15:55:00,127.2,13,77,34.9,0,0,0
2026-09-14 16:00:00,127.3,13,79,32.6,0,0,0
2026-09-14 16:05:00,131.3,6,79,32.9,0,0,0
2026-09-14 16:10:00,133.3,8,79,32.1,0,0,0
2026-09-14 16:15:00,131.5,9,76,31.5,0,0,0
2026-09-14 16:20:00,134.9,2,81,31.9,0,0,0
2026-09-14 16:25:00,133.4,7,80,32.0,0,0,0
2026-09-14 16:30:00,129.4,11,82,33.9,0,0,0
2026-09-14 16:35:00,125.7,17,81,31.4,0,0,0
2026-09-14 16:40:00,127.4,7,77,30.2,0,0,0
2026-09-14 16:45:00,129.1,9,74,35.8,0,0,0
2026-09-14 16:50:00,124.7,4,81,33.5,0,0,0
2026-09-14 16:55:00,125.6,1,78,34.0,0,0,0
2026-09-14 17:00:00,126.7,11,79,33.0,0,0,0
2026-09-14 17:05:00,126.1,10,79,32.9,0,0,0
2026-09-14 17:10:00,122.6,4,80,28.4,0,0,0
2026-09-14 17:15:00,120.1,4,82,32.9,0,0,0
2026-09-14 17:20:00,120.6,12,76,33.4,0,0,0
2026-09-14 17:25:00,123.2,12,81,31.1,0,0,0
2026-09-14 17:30:00,122.8,8,83,27.7,0,26,65
2026-09-14 17:35:00,127.7,11,83,34.5,0,0,0
2026-09-14 17:40:00,131.8,18,82,27.4,0,0,0
2026-09-14 17:45:00,132.7,14,89,29.7,0,0,0
2026-09-14 17:50:00,134.2,3,82,32.0,0,0,0
2026-09-14 17:55:00,135.0,5,80,29.1,0,0,0
2026-09-14 18:00:00,137.1,9,76,31.7,0,0,0
2026-09-14 18:05:00,138.5,6,79,31.9,0,0,0
2026-09-14 18:10:00,139.2,11,74,29.6,0,0,0
2026-09-14 18:15:00,139.7,9,79,33.7,0,0,0
2026-09-14 18:20:00,140.2,11,78,27.5,0,0,0
2026-09-14 18:25:00,139.2,6,74,29.6,0,0,0
2026-09-14 18:30:00,144.0,6,81,34.0,0,0,0
2026-09-14 18:35:00,141.4,14,80,28.4,0,0,0
2026-09-14 18:40:00,141.8,10,78,30.1,0,0,0
2026-09-14 18:45:00,135.1,20,82,27.3,0,0,0
2026-09-14 18:50:00,137.8,10,76,33.1,0,0,0
2026-09-14 18:55:00,138.8,7,79,31.0,0,0,0
2026-09-14 19:00:00,137.0,3,78,32.7,0,0,0
2026-09-14 19:05:00,136.3,5,77,30.7,0,0,0
2026-09-14 19:10:00,135.2,6,79,32.5,0,0,0
2026-09-14 19:15:00,130.0,11,80,30.7,0,0,0
2026-09-14 19:20:00,128.6,7,80,28.3,0,0,0
2026-09-14 19:25:00,126.8,10,78,34.4,0,0,0
2026-09-14 19:30:00,126.1,8,78,34.4,0,0,0
2026-09-14 19:35:00,126.2,16,75,27.2,0,0,0
2026-09-14 19:40:00,126.0,6,77,29.8,0,0,0
2026-09-14 19:45:00,126.1,8,80,31.4,0,0,0
2026-09-14 19:50:00,127.5,3,78,29.0,0,0,0
2026-09-14 19:55:00,128.6,3,76,32.5,0,0,0
2026-09-14 20:00:00,128.1,5,79,35.5,0,0,0
2026-09-14 20:05:00,128.6,5,75,28.8,0,0,0
2026-09-14 20:10:00,128.8,13,76,32.0,0,0,0
2026-09-14 20:15:00,126.0,5,80,29.5,0,0,0
2026-09-14 20:20:00,125.2,9,77,31.6,0,0,0
2026-09-14 20:25:00,123.6,4,80,33.5,0,0,0
2026-09-14 20:30:00,120.5,4,81,31.6,0,0,0
2026-09-14 20:35:00,122.7,4,78,30.2,0,0,0
2026-09-14 20:40:00,122.6,6,80,27.7,0,0,0
2026-09-14 20:45:00,122.9,3,77,33.8,0,0,0
2026-09-14 20:50:00,124.2,8,77,33.9,0,0,0
2026-09-14 20:55:00,121.4,10,78,29.6,0,0,0
2026-09-14 21:00:00,122.7,11,80,33.2,0,0,0
2026-09-14 21:05:00,120.9,6,75,34.0,0,0,0
2026-09-14 21:10:00,123.4,6,79,30.5,0,0,0
2026-09-14 21:15:00,122.2,8,78,32.4,0,0,0
2026-09-14 21:20:00,121.4,16,79,29.0,0,0,0
2026-09-14 21:25:00,121.5,7,75,30.8,0,0,0
2026-09-14 21:30:00,122.1,1,77,31.8,0,0,0
2026-09-14 21:35:00,124.5,5,78,32.1,0,0,0
2026-09-14 21:40:00,123.1,17,82,35.1,0,49,50
2026-09-14 21:45:00,128.8,12,84,31.4,0,0,0
2026-09-14 21:50:00,133.2,4,83,32.1,0,0,0
2026-09-14 21:55:00,133.9,3,79,33.4,0,0,0
2026-09-14 22:00:00,134.9,5,83,31.2,0,0,0
2026-09-14 22:05:00,134.5,15,81,32.3,0,0,0
2026-09-14 22:10:00,138.6,12,78,32.2,0,0,0
2026-09-14 22:15:00,140.8,8,77,30.7,0,0,0
2026-09-14 22:20:00,140.0,7,78,34.2,0,0,0
2026-09-14 22:25:00,144.5,5,76,33.1,0,0,0
2026-09-14 22:30:00,142.0,3,82,32.3,0,0,0
2026-09-14 22:35:00,140.1,14,79,29.4,0,0,0
2026-09-14 22:40:00,137.7,10,78,27.7,0,0,0
2026-09-14 22:45:00,138.6,6,81,32.2,0,0,0
2026-09-14 22:50:00,136.6,10,79,32.4,0,0,0
2026-09-14 22:55:00,136.0,6,78,33.0,0,0,0
2026-09-14 23:00:00,139.3,7,76,32.9,0,0,0
2026-09-14 23:05:00,139.8,10,76,35.4,0,0,0
2026-09-14 23:10:00,138.0,6,78,33.1,0,0,0
2026-09-14 23:15:00,141.2,5,76,32.1,0,0,0
2026-09-14 23:20:00,142.3,10,78,35.4,0,0,0
2026-09-14 23:25:00,137.1,9,79,32.6,0,0,0
2026-09-14 23:30:00,132.8,11,80,31.5,0,0,0
2026-09-14 23:35:00,132.3,6,80,31.7,0,0,0
2026-09-14 23:40:00,133.0,6,80,32.9,0,0,0
2026-09-14 23:45:00,129.7,11,81,32.6,0,0,0
2026-09-14 23:50:00,124.6,8,81,33.7,0,0,0
2026-09-14 23:55:00,126.4,14,78,28.4,0,0,0
