timestamp,glucose_mgdl,steps,heart_rate,hrv_ms,sleeping,carbs_g,meal_gi
2026-09-01 00:00:00,113.0,2,56,47.0,1,0,0
2026-09-01 00:05:00,112.7,0,52,45.6,1,0,0
2026-09-01 00:10:00,113.6,0,53,46.0,1,0,0
2026-09-01 00:15:00,114.2,0,53,45.6,1,0,0
2026-09-01 00:20:00,115.0,0,55,49.5,1,0,0
2026-09-01 00:25:00,114.9,0,50,44.6,1,0,0
2026-09-01 00:30:00,113.2,0,55,44.7,1,0,0
2026-09-01 00:35:00,110.5,1,54,43.4,1,0,0
2026-09-01 00:40:00,110.6,0,54,49.0,1,0,0
2026-09-01 00:45:00,110.5,1,55,45.3,1,0,0
2026-09-01 00:50:00,109.9,0,57,45.3,1,0,0
2026-09-01 00:55:00,108.0,1,56,45.4,1,0,0
2026-09-01 01:00:00,111.5,1,53,44.5,1,0,0
2026-09-01 01:05:00,112.6,0,60,45.1,1,0,0
2026-09-01 01:10:00,113.5,0,56,44.9,1,0,0
2026-09-01 01:15:00,117.3,1,58,43.6,1,0,0
2026-09-01 01:20:00,117.6,0,54,46.3,1,0,0
2026-09-01 01:25:00,117.1,0,54,42.0,1,0,0
2026-09-01 01:30:00,117.9,0,56,47.6,1,0,0
2026-09-01 01:35:00,114.1,0,56,44.0,1,0,0
2026-09-01 01:40:00,111.8,0,56,42.0,1,0,0
2026-09-01 01:45:00,110.3,0,54,46.7,1,0,0
2026-09-01 01:50:00,112.3,0,54,47.7,1,0,0
2026-09-01 01:55:00,116.4,1,56,43.9,1,0,0
2026-09-01 02:00:00,113.1,0,56,46.8,1,0,0
2026-09-01 02:05:00,114.9,0,50,44.8,1,0,0
2026-09-01 02:10:00,112.0,0,51,47.2,1,0,0
2026-09-01 02:15:00,115.4,0,54,43.3,1,0,0
2026-09-01 02:20:00,114.1,1,56,42.9,1,0,0
2026-09-01 02:25:00,111.5,0,54,46.4,1,0,0
2026-09-01 02:30:00,112.8,1,56,45.6,1,0,0
2026-09-01 02:35:00,113.2,1,55,43.5,1,0,0
2026-09-01 02:40:00,113.7,0,57,45.0,1,0,0
2026-09-01 02:45:00,118.6,0,55,47.2,1,0,0
2026-09-01 02:50:00,115.8,0,57,48.4,1,0,0
2026-09-01 02:55:00,114.2,0,55,45.8,1,0,0
2026-09-01 03:00:00,116.8,1,57,47.6,1,0,0
2026-09-01 03:05:00,120.6,0,58,45.2,1,0,0
2026-09-01 03:10:00,119.5,2,56,43.6,1,0,0
2026-09-01 03:15:00,119.1,0,56,48.4,1,0,0
2026-09-01 03:20:00,118.7,0,57,45.9,1,0,0
2026-09-01 03:25:00,118.3,0,55,48.7,1,0,0
2026-09-01 03:30:00,116.2,0,56,47.2,1,0,0
2026-09-01 03:35:00,114.3,1,55,42.7,1,0,0
2026-09-01 03:40:00,115.3,1,55,42.7,1,0,0
2026-09-01 03:45:00,115.1,0,56,47.6,1,0,0
2026-09-01 03:50:00,113.4,0,54,46.2,1,0,0
2026-09-01 03:55:00,116.2,2,60,43.2,1,0,0
2026-09-01 04:00:00,115.5,0,52,44.7,1,0,0
2026-09-01 04:05:00,116.0,1,58,46.4,1,0,0
2026-09-01 04:10:00,116.1,3,54,44.7,1,0,0
2026-09-01 04:15:00,118.4,0,57,47.1,1,0,0
2026-09-01 04:20:00,121.6,0,52,47.8,1,0,0
2026-09-01 04:25:00,120.8,0,55,48.4,1,0,0
2026-09-01 04:30:00,119.6,0,55,43.3,1,0,0
2026-09-01 04:35:00,119.7,1,58,44.3,1,0,0
2026-09-01 04:40:00,117.8,0,56,40.6,1,0,0
2026-09-01 04:45:00,115.6,0,55,48.1,1,0,0
2026-09-01 04:50:00,111.4,0,54,46.2,1,0,0
2026-09-01 04:55:00,110.6,0,55,47.6,1,0,0
2026-09-01 05:00:00,111.5,0,56,46.4,1,0,0
2026-09-01 05:05:00,114.8,0,53,42.2,1,0,0
2026-09-01 05:10:00,116.9,1,53,45.3,1,0,0
2026-09-01 05:15:00,117.4,0,57,44.0,1,0,0
2026-09-01 05:20:00,113.5,0,56,47.5,1,0,0
2026-09-01 05:25:00,117.6,1,52,50.4,1,0,0
2026-09-01 05:30:00,121.4,0,56,44.3,1,0,0
2026-09-01 05:35:00,117.3,0,54,46.5,1,0,0
2026-09-01 05:40:00,113.9,0,52,44.7,1,0,0
2026-09-01 05:45:00,113.9,2,53,48.3,1,0,0
2026-09-01 05:50:00,113.0,0,55,45.8,1,0,0
2026-09-01 05:55:00,113.5,0,57,47.7,1,0,0
2026-09-01 06:00:00,111.1,0,56,44.9,1,0,0
2026-09-01 06:05:00,113.9,0,55,43.7,1,0,0
2026-09-01 06:10:00,115.2,0,51,42.7,1,0,0
2026-09-01 06:15:00,112.9,0,54,46.6,1,0,0
2026-09-01 06:20:00,112.4,0,53,48.1,1,0,0
2026-09-01 06:25:00,113.0,0,54,46.6,1,0,0
2026-09-01 06:30:00,116.3,0,56,45.7,1,0,0
2026-09-01 06:35:00,118.8,0,55,46.6,1,0,0
2026-09-01 06:40:00,119.5,35,64,29.7,0,0,0
2026-09-01 06:45:00,116.9,59,65,26.5,0,0,0
2026-09-01 06:50:00,115.9,47,67,28.6,0,0,0
2026-09-01 06:55:00,114.7,45,65,29.7,0,0,0
2026-09-01 07:00:00,114.0,63,64,28.3,0,0,0
2026-09-01 07:05:00,110.1,43,69,27.2,0,0,0
2026-09-01 07:10:00,110.3,66,70,27.6,0,0,0
2026-09-01 07:15:00,111.5,53,64,27.0,0,0,0
2026-09-01 07:20:00,112.3,37,67,25.4,0,0,0
2026-09-01 07:25:00,111.2,65,66,26.3,0,0,0
2026-09-01 07:30:00,111.2,32,66,25.1,0,0,0
2026-09-01 07:35:00,110.9,57,66,31.3,0,0,0
2026-09-01 07:40:00,112.3,57,64,26.3,0,0,0
2026-09-01 07:45:00,108.3,26,67,28.2,0,0,0
2026-09-01 07:50:00,110.5,67,66,28.3,0,0,0
2026-09-01 07:55:00,109.0,37,64,28.1,0,0,0
2026-09-01 08:00:00,108.5,30,69,28.5,0,45,70
2026-09-01 08:05:00,118.5,52,69,29.9,0,0,0
2026-09-01 08:10:00,125.5,43,69,25.5,0,0,0
2026-09-01 08:15:00,129.5,50,70,29.2,0,0,0
2026-09-01 08:20:00,133.3,42,67,28.4,0,0,0
2026-09-01 08:25:00,138.8,38,72,26.1,0,0,0
2026-09-01 08:30:00,140.8,22,66,27.5,0,0,0
2026-09-01 08:35:00,142.8,29,63,28.9,0,0,0
2026-09-01 08:40:00,141.4,59,64,28.6,0,0,0
2026-09-01 08:45:00,143.5,93,68,28.5,0,0,0
2026-09-01 08:50:00,144.8,77,70,24.6,0,0,0
2026-09-01 08:55:00,143.3,55,68,30.0,0,0,0
2026-09-01 09:00:00,142.1,42,65,28.1,0,0,0
2026-09-01 09:05:00,140.4,40,64,30.5,0,0,0
2026-09-01 09:10:00,135.8,81,69,26.9,0,0,0
2026-09-01 09:15:00,136.1,62,66,26.7,0,0,0
2026-09-01 09:20:00,138.2,19,66,30.4,0,0,0
2026-09-01 09:25:00,136.4,73,69,29.4,0,0,0
2026-09-01 09:30:00,135.4,75,72,28.2,0,0,0
2026-09-01 09:35:00,135.0,23,61,28.1,0,0,0
2026-09-01 09:40:00,134.6,114,72,26.0,0,0,0
2026-09-01 09:45:00,131.0,59,62,28.9,0,0,0
2026-09-01 09:50:00,129.6,39,66,26.8,0,0,0
2026-09-01 09:55:00,127.5,55,69,24.7,0,0,0
2026-09-01 10:00:00,123.5,33,65,30.6,0,0,0
2026-09-01 10:05:00,122.9,48,63,27.6,0,0,0
2026-09-01 10:10:00,123.8,39,68,28.0,0,0,0
2026-09-01 10:15:00,122.9,26,63,32.6,0,0,0
2026-09-01 10:20:00,125.5,48,69,27.8,0,0,0
2026-09-01 10:25:00,123.0,54,67,27.0,0,0,0
2026-09-01 10:30:00,117.7,25,69,29.5,0,0,0
2026-09-01 10:35:00,122.2,55,64,26.1,0,0,0
2026-09-01 10:40:00,121.6,64,68,28.2,0,0,0
2026-09-01 10:45:00,118.2,25,65,29.4,0,0,0
2026-09-01 10:50:00,118.8,61,68,28.9,0,0,0
2026-09-01 10:55:00,118.4,49,63,28.4,0,0,0
2026-09-01 11:00:00,116.8,73,68,27.9,0,0,0
2026-09-01 11:05:00,117.7,96,70,29.4,0,0,0
2026-09-01 11:10:00,117.9,45,67,30.8,0,0,0
2026-09-01 11:15:00,116.6,74,64,29.3,0,0,0
2026-09-01 11:20:00,114.8,30,65,29.1,0,0,0
2026-09-01 11:25:00,118.7,63,67,27.1,0,0,0
2026-09-01 11:30:00,118.3,25,67,29.5,0,0,0
2026-09-01 11:35:00,118.6,38,63,28.3,0,0,0
2026-09-01 11:40:00,119.9,67,66,28.9,0,0,0
2026-09-01 11:45:00,119.4,56,65,27.5,0,0,0
2026-09-01 11:50:00,118.6,52,66,28.0,0,0,0
2026-09-01 11:55:00,116.5,40,66,29.7,0,0,0
2026-09-01 12:00:00,115.9,75,66,30.1,0,0,0
2026-09-01 12:05:00,116.5,61,66,27.4,0,0,0
2026-09-01 12:10:00,113.7,53,69,29.2,0,0,0
2026-09-01 12:15:00,113.9,54,66,27.1,0,0,0
2026-09-01 12:20:00,116.0,90,68,27.6,0,0,0
2026-09-01 12:25:00,115.4,54,63,26.5,0,0,0
2026-09-01 12:30:00,110.5,125,74,30.4,0,0,0
2026-09-01 12:35:00,110.3,30,66,28.3,0,0,0
2026-09-01 12:40:00,113.4,51,65,27.9,0,0,0
2026-09-01 12:45:00,111.2,26,64,27.8,0,0,0
2026-09-01 12:50:00,109.1,62,66,28.3,0,0,0
2026-09-01 12:55:00,111.9,70,65,29.4,0,0,0
2026-09-01 13:00:00,112.2,61,64,26.7,0,0,0
2026-09-01 13:05:00,112.3,52,71,28.7,0,0,0
2026-09-01 13:10:00,112.0,26,64,30.6,0,0,0
2026-09-01 13:15:00,116.7,14,63,27.8,0,0,0
2026-09-01 13:20:00,114.0,387,87,25.8,0,0,0
2026-09-01 13:25:00,116.1,397,86,27.7,0,0,0
2026-09-01 13:30:00,112.8,411,90,27.6,0,97,70
2026-09-01 13:35:00,119.5,403,92,30.7,0,0,0
2026-09-01 13:40:00,127.7,98,78,26.4,0,0,0
2026-09-01 13:45:00,131.2,422,89,28.0,0,0,0
2026-09-01 13:50:00,139.1,738,110,28.5,0,0,0
2026-09-01 13:55:00,143.9,375,87,28.5,0,0,0
2026-09-01 14:00:00,147.9,376,87,32.3,0,0,0
2026-09-01 14:05:00,146.9,30,64,31.0,0,0,0
2026-09-01 14:10:00,144.9,56,64,29.8,0,0,0
2026-09-01 14:15:00,149.0,86,68,28.8,0,0,0
2026-09-01 14:20:00,150.9,32,66,26.6,0,0,0
2026-09-01 14:25:00,151.2,46,65,28.2,0,0,0
2026-09-01 14:30:00,148.2,34,68,25.2,0,0,0
2026-09-01 14:35:00,148.0,40,66,31.5,0,0,0
2026-09-01 14:40:00,145.7,39,67,31.5,0,0,0
2026-09-01 14:45:00,145.2,41,67,25.9,0,0,0
2026-09-01 14:50:00,144.8,49,65,28.3,0,0,0
2026-09-01 14:55:00,141.3,37,72,24.8,0,0,0
2026-09-01 15:00:00,140.5,16,62,29.4,0,0,0
2026-09-01 15:05:00,138.7,19,66,27.1,0,0,0
2026-09-01 15:10:00,134.0,27,61,25.9,0,0,0
2026-09-01 15:15:00,134.2,42,68,26.7,0,0,0
2026-09-01 15:20:00,133.4,587,98,26.3,0,0,0
2026-09-01 15:25:00,134.5,573,101,26.4,0,0,0
2026-09-01 15:30:00,130.9,79,65,26.7,0,0,0
2026-09-01 15:35:00,127.3,45,65,28.1,0,0,0
2026-09-01 15:40:00,122.3,57,64,31.4,0,0,0
2026-09-01 15:45:00,124.3,131,70,29.3,0,0,0
2026-09-01 15:50:00,124.9,30,67,31.2,0,0,0
2026-09-01 15:55:00,126.1,42,65,29.9,0,0,0
2026-09-01 16:00:00,125.3,46,65,25.6,0,0,0
2026-09-01 16:05:00,123.1,65,66,27.1,0,0,0
2026-09-01 16:10:00,122.4,44,64,28.6,0,0,0
2026-09-01 16:15:00,118.7,58,66,28.0,0,0,0
2026-09-01 16:20:00,118.1,38,68,27.0,0,0,0
2026-09-01 16:25:00,121.0,55,62,31.6,0,0,0
2026-09-01 16:30:00,123.0,28,63,29.3,0,0,0
2026-09-01 16:35:00,121.0,51,69,27.7,0,0,0
2026-09-01 16:40:00,118.2,43,68,26.8,0,0,0
2026-09-01 16:45:00,120.8,38,62,28.4,0,0,0
2026-09-01 16:50:00,120.2,83,66,28.1,0,0,0
2026-09-01 16:55:00,114.9,36,65,29.1,0,0,0
2026-09-01 17:00:00,114.6,72,69,29.6,0,0,0
2026-09-01 17:05:00,114.6,45,66,32.3,0,0,0
2026-09-01 17:10:00,111.9,40,66,29.0,0,21,50
2026-09-01 17:15:00,115.1,14,66,27.2,0,0,0
2026-09-01 17:20:00,120.1,44,70,28.4,0,0,0
2026-09-01 17:25:00,118.6,58,68,27.8,0,0,0
2026-09-01 17:30:00,121.2,103,72,29.9,0,0,0
2026-09-01 17:35:00,121.5,38,65,28.2,0,0,0
2026-09-01 17:40:00,122.7,29,64,25.4,0,0,0
2026-09-01 17:45:00,125.0,53,65,28.0,0,0,0
2026-09-01 17:50:00,126.2,39,65,26.4,0,0,0
2026-09-01 17:55:00,127.8,50,65,31.2,0,0,0
2026-09-01 18:00:00,131.6,22,66,27.7,0,0,0
2026-09-01 18:05:00,132.0,42,64,30.3,0,0,0
2026-09-01 18:10:00,129.1,46,66,27.1,0,0,0
2026-09-01 18:15:00,124.3,48,64,24.7,0,0,0
2026-09-01 18:20:00,122.9,45,64,26.2,0,0,0
2026-09-01 18:25:00,122.4,101,70,30.8,0,0,0
2026-09-01 18:30:00,124.9,42,65,27.6,0,0,0
2026-09-01 18:35:00,126.9,68,65,27.8,0,0,0
2026-09-01 18:40:00,127.0,63,70,28.8,0,0,0
2026-09-01 18:45:00,124.1,49,67,29.5,0,0,0
2026-09-01 18:50:00,124.1,16,62,26.8,0,0,0
2026-09-01 18:55:00,120.1,33,66,25.5,0,0,0
2026-09-01 19:00:00,122.7,31,65,23.3,0,0,0
2026-09-01 19:05:00,119.8,20,64,29.0,0,0,0
2026-09-01 19:10:00,119.7,34,60,28.0,0,0,0
2026-09-01 19:15:00,115.8,62,68,32.5,0,0,0
2026-09-01 19:20:00,117.1,50,64,26.0,0,0,0
2026-09-01 19:25:00,117.6,31,66,30.4,0,0,0
2026-09-01 19:30:00,116.2,66,67,27.3,0,0,0
2026-09-01 19:35:00,116.9,32,66,25.3,0,0,0
2026-09-01 19:40:00,117.1,69,68,30.9,0,0,0
2026-09-01 19:45:00,115.7,65,66,28.0,0,0,0
2026-09-01 19:50:00,116.5,26,63,27.6,0,0,0
2026-09-01 19:55:00,119.4,36,65,28.8,0,0,0
2026-09-01 20:00:00,117.2,56,66,28.7,0,0,0
2026-09-01 20:05:00,117.8,18,63,28.6,0,0,0
2026-09-01 20:10:00,116.6,68,68,27.6,0,0,0
2026-09-01 20:15:00,117.1,35,62,27.0,0,0,0
2026-09-01 20:20:00,117.9,41,65,30.7,0,0,0
2026-09-01 20:25:00,114.2,30,65,26.9,0,0,0
2026-09-01 20:30:00,116.2,36,67,27.8,0,0,0
2026-09-01 20:35:00,117.1,73,64,28.0,0,0,0
2026-09-01 20:40:00,117.9,20,63,23.6,0,0,0
2026-09-01 20:45:00,115.9,35,67,27.3,0,0,0
2026-09-01 20:50:00,116.6,58,68,29.4,0,0,0
2026-09-01 20:55:00,116.4,27,67,26.9,0,0,0
2026-09-01 21:00:00,117.3,65,65,30.6,0,0,0
2026-09-01 21:05:00,116.2,47,67,30.7,0,0,0
2026-09-01 21:10:00,113.3,22,66,27.5,0,0,0
2026-09-01 21:15:00,115.3,54,69,27.8,0,73,75
2026-09-01 21:20:00,128.1,74,69,29.6,0,0,0
2026-09-01 21:25:00,141.3,42,65,30.1,0,0,0
2026-09-01 21:30:00,142.9,44,71,26.2,0,0,0
2026-09-01 21:35:00,147.2,58,70,26.0,0,0,0
2026-09-01 21:40:00,152.7,45,66,28.6,0,0,0
2026-09-01 21:45:00,157.7,87,71,29.1,0,0,0
2026-09-01 21:50:00,159.6,19,63,22.8,0,0,0
2026-09-01 21:55:00,160.9,42,64,27.3,0,0,0
2026-09-01 22:00:00,161.2,37,66,27.6,0,0,0
2026-09-01 22:05:00,160.3,22,64,26.7,0,0,0
2026-09-01 22:10:00,158.0,59,67,28.4,0,0,0
2026-09-01 22:15:00,157.4,29,66,29.0,0,0,0
2026-09-01 22:20:00,157.7,37,66,24.5,0,0,0
2026-09-01 22:25:00,154.8,69,67,31.3,0,0,0
2026-09-01 22:30:00,152.4,74,68,24.0,0,0,0
2026-09-01 22:35:00,148.9,56,65,23.7,0,0,0
2026-09-01 22:40:00,145.1,72,65,33.0,0,0,0
2026-09-01 22:45:00,143.5,61,68,28.4,0,0,0
2026-09-01 22:50:00,141.4,60,66,29.5,0,0,0
2026-09-01 22:55:00,144.8,48,68,27.3,0,0,0
2026-09-01 23:00:00,139.1,70,67,25.3,0,0,0
2026-09-01 23:05:00,135.9,22,62,28.7,0,0,0
2026-09-01 23:10:00,134.6,46,67,25.6,0,0,0
2026-09-01 23:15:00,134.9,23,62,28.8,0,0,0
2026-09-01 23:20:00,132.2,35,64,25.7,0,0,0
2026-09-01 23:25:00,131.2,65,66,26.9,0,0,0
2026-09-01 23:30:00,132.0,41,61,30.1,0,0,0
2026-09-01 23:35:00,128.4,49,65,29.4,0,0,0
2026-09-01 23:40:00,127.5,53,68,29.8,0,0,0
2026-09-01 23:45:00,127.3,52,64,29.4,0,0,0
2026-09-01 23:50:00,125.2,23,63,25.8,0,0,0
2026-09-01 23:55:00,120.7,28,65,24.5,0,0,0
2026-09-02 00:00:00,119.0,50,66,28.1,0,0,0
2026-09-02 00:05:00,119.8,55,66,29.4,0,0,0
2026-09-02 00:10:00,119.2,0,54,45.3,1,0,0
2026-09-02 00:15:00,119.2,1,58,49.6,1,0,0
2026-09-02 00:20:00,117.8,0,58,43.7,1,0,0
2026-09-02 00:25:00,116.8,0,57,43.0,1,0,0
2026-09-02 00:30:00,114.7,0,53,44.7,1,0,0
2026-09-02 00:35:00,116.2,0,58,47.8,1,0,0
2026-09-02 00:40:00,115.3,0,56,46.2,1,0,0
2026-09-02 00:45:00,114.0,0,55,43.4,1,0,0
2026-09-02 00:50:00,111.9,0,56,45.3,1,0,0
2026-09-02 00:55:00,109.6,1,54,43.1,1,0,0
2026-09-02 01:00:00,109.4,1,59,46.6,1,0,0
2026-09-02 01:05:00,110.5,0,53,47.3,1,0,0
2026-09-02 01:10:00,109.1,0,53,45.1,1,0,0
2026-09-02 01:15:00,108.7,0,53,48.3,1,0,0
2026-09-02 01:20:00,109.6,1,59,43.7,1,0,0
2026-09-02 01:25:00,109.4,0,55,47.2,1,0,0
2026-09-02 01:30:00,108.9,0,53,48.0,1,0,0
2026-09-02 01:35:00,111.4,0,52,44.8,1,0,0
2026-09-02 01:40:00,111.9,0,58,45.5,1,0,0
2026-09-02 01:45:00,111.9,1,59,45.4,1,0,0
2026-09-02 01:50:00,110.6,1,52,46.6,1,0,0
2026-09-02 01:55:00,108.5,0,55,45.4,1,0,0
2026-09-02 02:00:00,106.0,0,58,45.3,1,0,0
2026-09-02 02:05:00,106.2,0,56,45.9,1,0,0
2026-09-02 02:10:00,101.7,1,56,43.3,1,0,0
2026-09-02 02:15:00,103.0,0,52,46.0,1,0,0
2026-09-02 02:20:00,104.1,0,53,43.7,1,0,0
2026-09-02 02:25:00,105.7,0,58,45.7,1,0,0
2026-09-02 02:30:00,108.0,1,53,44.0,1,0,0
2026-09-02 02:35:00,112.6,2,54,48.1,1,0,0
2026-09-02 02:40:00,108.1,0,57,41.5,1,0,0
2026-09-02 02:45:00,106.9,0,54,48.5,1,0,0
2026-09-02 02:50:00,106.6,0,55,45.2,1,0,0
2026-09-02 02:55:00,104.8,0,57,43.3,1,0,0
2026-09-02 03:00:00,107.9,0,50,45.3,1,0,0
2026-09-02 03:05:00,112.6,1,55,41.9,1,0,0
2026-09-02 03:10:00,113.7,1,55,45.3,1,0,0
2026-09-02 03:15:00,113.0,0,53,46.0,1,0,0
2026-09-02 03:20:00,110.8,2,55,43.2,1,0,0
2026-09-02 03:25:00,111.0,0,55,46.9,1,0,0
2026-09-02 03:30:00,111.0,1,56,43.9,1,0,0
2026-09-02 03:35:00,112.1,2,56,45.1,1,0,0
2026-09-02 03:40:00,115.5,1,51,43.5,1,0,0
2026-09-02 03:45:00,112.3,1,60,46.6,1,0,0
2026-09-02 03:50:00,112.9,0,58,42.9,1,0,0
2026-09-02 03:55:00,113.6,0,54,48.0,1,0,0
2026-09-02 04:00:00,115.3,2,55,46.7,1,0,0
2026-09-02 04:05:00,118.4,0,56,43.6,1,0,0
2026-09-02 04:10:00,115.6,0,56,45.7,1,0,0
2026-09-02 04:15:00,117.1,1,55,47.0,1,0,0
2026-09-02 04:20:00,115.9,1,56,48.0,1,0,0
2026-09-02 04:25:00,114.1,2,52,46.6,1,0,0
2026-09-02 04:30:00,114.5,0,55,48.1,1,0,0
2026-09-02 04:35:00,113.4,1,53,43.7,1,0,0
2026-09-02 04:40:00,115.8,1,54,45.2,1,0,0
2026-09-02 04:45:00,116.3,0,53,47.7,1,0,0
2026-09-02 04:50:00,118.3,0,53,43.2,1,0,0
2026-09-02 04:55:00,123.6,0,52,44.0,1,0,0
2026-09-02 05:00:00,129.0,0,57,46.6,1,0,0
2026-09-02 05:05:00,127.8,1,57,44.8,1,0,0
2026-09-02 05:10:00,127.9,0,55,45.7,1,0,0
2026-09-02 05:15:00,126.3,1,53,47.3,1,0,0
2026-09-02 05:20:00,127.1,0,55,43.4,1,0,0
2026-09-02 05:25:00,125.9,0,57,42.7,1,0,0
2026-09-02 05:30:00,123.9,0,51,42.2,1,0,0
2026-09-02 05:35:00,124.8,0,52,47.0,1,0,0
2026-09-02 05:40:00,126.8,0,54,47.5,1,0,0
2026-09-02 05:45:00,120.5,0,58,43.6,1,0,0
2026-09-02 05:50:00,118.7,0,56,44.2,1,0,0
2026-09-02 05:55:00,118.9,0,57,46.1,1,0,0
2026-09-02 06:00:00,119.5,0,53,45.9,1,0,0
2026-09-02 06:05:00,122.7,0,58,40.4,1,0,0
2026-09-02 06:10:00,121.5,0,58,45.6,1,0,0
2026-09-02 06:15:00,121.3,1,56,47.1,1,0,0
2026-09-02 06:20:00,120.4,0,55,42.6,1,0,0
2026-09-02 06:25:00,121.0,1,54,45.2,1,0,0
2026-09-02 06:30:00,118.7,33,64,28.4,0,0,0
2026-09-02 06:35:00,116.4,51,65,30.8,0,0,0
2026-09-02 06:40:00,115.3,18,64,29.3,0,0,0
2026-09-02 06:45:00,115.8,68,67,26.7,0,0,0
2026-09-02 06:50:00,115.3,44,65,30.6,0,0,0
2026-09-02 06:55:00,116.0,23,68,27.5,0,0,0
2026-09-02 07:00:00,114.0,61,66,31.1,0,0,0
2026-09-02 07:05:00,111.4,71,69,26.1,0,0,0
2026-09-02 07:10:00,111.0,39,67,28.0,0,0,0
2026-09-02 07:15:00,113.0,46,69,29.1,0,0,0
2026-09-02 07:20:00,113.7,32,65,27.5,0,0,0
2026-09-02 07:25:00,112.2,23,65,30.0,0,0,0
2026-09-02 07:30:00,109.6,39,67,29.0,0,0,0
2026-09-02 07:35:00,110.7,44,63,29.4,0,0,0
2026-09-02 07:40:00,111.9,71,66,27.6,0,0,0
2026-09-02 07:45:00,116.2,26,61,27.1,0,0,0
2026-09-02 07:50:00,116.6,31,68,28.3,0,0,0
2026-09-02 07:55:00,116.8,17,64,28.0,0,0,0
2026-09-02 08:00:00,118.5,48,64,29.6,0,0,0
2026-09-02 08:05:00,117.4,50,66,25.2,0,0,0
2026-09-02 08:10:00,115.9,42,70,27.8,0,41,70
2026-09-02 08:15:00,120.1,38,70,27.2,0,0,0
2026-09-02 08:20:00,123.1,41,68,28.0,0,0,0
2026-09-02 08:25:00,128.5,69,72,27.5,0,0,0
2026-09-02 08:30:00,131.1,22,67,28.8,0,0,0
2026-09-02 08:35:00,133.7,36,70,29.8,0,0,0
2026-09-02 08:40:00,135.7,34,64,29.0,0,0,0
2026-09-02 08:45:00,135.8,48,64,25.9,0,0,0
2026-09-02 08:50:00,135.1,23,66,23.7,0,0,0
2026-09-02 08:55:00,138.0,50,67,29.7,0,0,0
2026-09-02 09:00:00,140.7,45,68,29.9,0,0,0
2026-09-02 09:05:00,140.4,62,65,24.7,0,0,0
2026-09-02 09:10:00,143.4,48,65,26.5,0,0,0
2026-09-02 09:15:00,142.1,44,64,25.8,0,0,0
2026-09-02 09:20:00,143.0,58,70,31.1,0,0,0
2026-09-02 09:25:00,142.3,68,66,30.8,0,0,0
2026-09-02 09:30:00,139.1,482,91,27.9,0,0,0
2026-09-02 09:35:00,139.5,448,89,26.6,0,0,0
2026-09-02 09:40:00,140.0,61,70,25.9,0,0,0
2026-09-02 09:45:00,137.8,25,64,27.6,0,0,0
2026-09-02 09:50:00,137.0,25,63,27.2,0,0,0
2026-09-02 09:55:00,139.2,36,66,28.6,0,0,0
2026-09-02 10:00:00,134.8,23,65,24.5,0,0,0
2026-09-02 10:05:00,131.6,53,67,25.6,0,0,0
2026-09-02 10:10:00,129.9,40,68,27.4,0,0,0
2026-09-02 10:15:00,124.7,37,65,28.5,0,0,0
2026-09-02 10:20:00,124.6,49,68,26.0,0,0,0
2026-09-02 10:25:00,121.5,61,71,29.0,0,0,0
2026-09-02 10:30:00,119.8,66,66,25.7,0,0,0
2026-09-02 10:35:00,122.4,69,65,28.5,0,0,0
2026-09-02 10:40:00,120.7,69,64,28.6,0,0,0
2026-09-02 10:45:00,119.0,34,65,25.1,0,0,0
2026-09-02 10:50:00,119.4,58,63,29.9,0,0,0
2026-09-02 10:55:00,115.0,54,69,27.3,0,0,0
2026-09-02 11:00:00,112.8,35,64,25.3,0,0,0
2026-09-02 11:05:00,116.4,20,62,28.5,0,0,0
2026-09-02 11:10:00,116.9,62,64,28.1,0,0,0
2026-09-02 11:15:00,117.4,28,62,30.8,0,0,0
2026-09-02 11:20:00,111.7,67,66,30.6,0,0,0
2026-09-02 11:25:00,109.1,41,65,27.7,0,0,0
2026-09-02 11:30:00,110.0,49,69,27.6,0,0,0
2026-09-02 11:35:00,108.7,18,64,30.8,0,0,0
2026-09-02 11:40:00,107.6,37,63,25.3,0,0,0
2026-09-02 11:45:00,105.8,17,65,28.9,0,0,0
2026-09-02 11:50:00,108.3,38,64,30.1,0,0,0
2026-09-02 11:55:00,111.5,49,67,26.8,0,0,0
2026-09-02 12:00:00,113.5,45,64,30.7,0,0,0
2026-09-02 12:05:00,112.3,51,68,24.0,0,0,0
2026-09-02 12:10:00,113.8,69,68,29.7,0,0,0
2026-09-02 12:15:00,109.9,132,68,27.5,0,0,0
2026-09-02 12:20:00,112.5,20,67,30.0,0,0,0
2026-09-02 12:25:00,114.0,41,64,27.3,0,0,0
2026-09-02 12:30:00,115.6,37,66,27.5,0,0,0
2026-09-02 12:35:00,114.8,34,63,27.2,0,0,0
2026-09-02 12:40:00,117.7,52,64,28.5,0,0,0
2026-09-02 12:45:00,120.2,37,65,30.3,0,0,0
2026-09-02 12:50:00,118.3,24,64,25.5,0,0,0
2026-09-02 12:55:00,118.5,75,69,28.9,0,0,0
2026-09-02 13:00:00,118.3,47,67,27.0,0,0,0
2026-09-02 13:05:00,117.3,51,67,27.7,0,0,0
2026-09-02 13:10:00,113.4,48,68,27.9,0,0,0
2026-09-02 13:15:00,113.9,36,66,28.3,0,0,0
2026-09-02 13:20:00,114.5,27,63,30.4,0,0,0
2026-09-02 13:25:00,115.4,102,68,26.7,0,0,0
2026-09-02 13:30:00,119.4,57,67,31.4,0,0,0
2026-09-02 13:35:00,118.2,25,67,28.0,0,96,70
2026-09-02 13:40:00,133.9,41,69,26.7,0,0,0
2026-09-02 13:45:00,144.1,50,74,27.1,0,0,0
2026-09-02 13:50:00,153.3,42,71,28.4,0,0,0
2026-09-02 13:55:00,159.5,65,67,26.7,0,0,0
2026-09-02 14:00:00,161.7,46,69,26.2,0,0,0
2026-09-02 14:05:00,165.6,61,66,27.4,0,0,0
2026-09-02 14:10:00,168.1,73,66,28.0,0,0,0
2026-09-02 14:15:00,171.1,45,65,25.2,0,0,0
2026-09-02 14:20:00,173.8,66,67,28.9,0,0,0
2026-09-02 14:25:00,175.5,66,66,28.0,0,0,0
2026-09-02 14:30:00,172.9,30,68,28.9,0,0,0
2026-09-02 14:35:00,168.2,25,63,29.0,0,0,0
2026-09-02 14:40:00,165.2,59,69,31.3,0,0,0
2026-09-02 14:45:00,165.4,25,61,26.1,0,0,0
2026-09-02 14:50:00,163.2,30,63,30.2,0,0,0
2026-09-02 14:55:00,160.9,80,65,27.5,0,0,0
2026-09-02 15:00:00,158.0,45,63,31.2,0,0,0
2026-09-02 15:05:00,156.9,37,67,28.3,0,0,0
2026-09-02 15:10:00,153.2,40,65,27.8,0,0,0
2026-09-02 15:15:00,151.4,53,66,25.9,0,0,0
2026-09-02 15:20:00,149.0,79,66,28.7,0,0,0
2026-09-02 15:25:00,147.1,71,68,26.2,0,0,0
2026-09-02 15:30:00,144.4,48,66,27.5,0,0,0
2026-09-02 15:35:00,144.9,72,69,28.1,0,0,0
2026-09-02 15:40:00,145.4,60,70,26.2,0,0,0
2026-09-02 15:45:00,140.0,33,66,28.4,0,0,0
2026-09-02 15:50:00,141.8,55,67,29.8,0,0,0
2026-09-02 15:55:00,141.7,79,66,28.7,0,0,0
2026-09-02 16:00:00,138.5,16,67,26.9,0,0,0
2026-09-02 16:05:00,135.7,30,64,27.3,0,0,0
2026-09-02 16:10:00,129.7,91,70,26.7,0,0,0
2026-09-02 16:15:00,129.3,43,65,31.3,0,0,0
2026-09-02 16:20:00,127.0,37,67,30.8,0,0,0
2026-09-02 16:25:00,122.3,95,67,26.7,0,0,0
2026-09-02 16:30:00,121.7,30,63,27.0,0,0,0
2026-09-02 16:35:00,120.0,16,66,25.9,0,0,0
2026-09-02 16:40:00,123.7,48,66,29.7,0,0,0
2026-09-02 16:45:00,124.5,61,71,30.2,0,0,0
2026-09-02 16:50:00,122.1,37,63,28.9,0,0,0
2026-09-02 16:55:00,124.1,32,64,27.3,0,0,0
2026-09-02 17:00:00,125.0,25,67,29.5,0,0,0
2026-09-02 17:05:00,123.3,42,65,26.3,0,0,0
2026-09-02 17:10:00,120.4,63,62,27.4,0,0,0
2026-09-02 17:15:00,121.3,43,60,30.4,0,0,0
2026-09-02 17:20:00,120.2,110,71,24.8,0,0,0
2026-09-02 17:25:00,119.1,48,68,30.1,0,0,0
2026-09-02 17:30:00,118.1,25,65,29.2,0,0,0
2026-09-02 17:35:00,118.2,28,68,25.3,0,19,50
2026-09-02 17:40:00,120.8,97,72,26.5,0,0,0
2026-09-02 17:45:00,119.4,67,67,24.4,0,0,0
2026-09-02 17:50:00,122.1,78,69,27.3,0,0,0
2026-09-02 17:55:00,124.8,28,66,26.8,0,0,0
2026-09-02 18:00:00,126.0,37,69,28.4,0,0,0
2026-09-02 18:05:00,123.4,79,66,24.7,0,0,0
2026-09-02 18:10:00,121.9,33,67,27.7,0,0,0
2026-09-02 18:15:00,122.1,44,67,27.6,0,0,0
2026-09-02 18:20:00,122.9,35,69,27.5,0,0,0
2026-09-02 18:25:00,121.6,22,63,28.0,0,0,0
2026-09-02 18:30:00,117.4,27,64,28.7,0,0,0
2026-09-02 18:35:00,117.5,33,65,26.8,0,0,0
2026-09-02 18:40:00,116.7,45,68,29.1,0,0,0
2026-09-02 18:45:00,117.7,64,67,27.7,0,0,0
2026-09-02 18:50:00,118.8,44,63,27.6,0,0,0
2026-09-02 18:55:00,115.2,50,66,28.1,0,0,0
2026-09-02 19:00:00,112.6,82,67,25.4,0,0,0
2026-09-02 19:05:00,115.6,74,67,27.4,0,0,0
2026-09-02 19:10:00,116.6,35,64,30.6,0,0,0
2026-09-02 19:15:00,115.8,119,68,27.5,0,0,0
2026-09-02 19:20:00,112.0,74,68,28.3,0,0,0
2026-09-02 19:25:00,112.4,25,64,30.3,0,0,0
2026-09-02 19:30:00,114.0,42,66,25.1,0,0,0
2026-09-02 19:35:00,112.9,78,66,27.6,0,0,0
2026-09-02 19:40:00,115.0,34,64,30.4,0,0,0
2026-09-02 19:45:00,116.4,27,64,30.8,0,0,0
2026-09-02 19:50:00,115.7,48,65,27.8,0,0,0
2026-09-02 19:55:00,116.2,55,66,26.1,0,0,0
2026-09-02 20:00:00,115.6,58,66,27.4,0,0,0
2026-09-02 20:05:00,115.1,32,66,29.3,0,0,0
2026-09-02 20:10:00,112.9,23,66,32.2,0,0,0
2026-09-02 20:15:00,110.3,22,66,26.4,0,0,0
2026-09-02 20:20:00,109.1,49,66,26.4,0,0,0
2026-09-02 20:25:00,109.5,38,66,26.2,0,0,0
2026-09-02 20:30:00,110.5,432,91,28.3,0,0,0
2026-09-02 20:35:00,109.8,456,92,29.7,0,0,0
2026-09-02 20:40:00,113.0,40,66,28.8,0,0,0
2026-09-02 20:45:00,115.1,73,71,27.9,0,0,0
2026-09-02 20:50:00,115.8,24,68,29.5,0,0,0
2026-09-02 20:55:00,117.5,78,72,30.1,0,0,0
2026-09-02 21:00:00,119.9,35,62,26.0,0,0,0
2026-09-02 21:05:00,120.7,24,63,24.8,0,0,0
2026-09-02 21:10:00,119.7,21,67,26.0,0,83,75
2026-09-02 21:15:00,134.5,69,69,31.1,0,0,0
2026-09-02 21:20:00,142.5,57,68,28.4,0,0,0
2026-09-02 21:25:00,148.5,44,70,25.1,0,0,0
2026-09-02 21:30:00,153.6,31,68,24.8,0,0,0
2026-09-02 21:35:00,156.6,31,71,28.8,0,0,0
2026-09-02 21:40:00,158.5,55,67,30.3,0,0,0
2026-09-02 21:45:00,159.0,53,68,28.3,0,0,0
2026-09-02 21:50:00,157.8,19,62,29.1,0,0,0
2026-09-02 21:55:00,158.3,66,68,26.9,0,0,0
2026-09-02 22:00:00,160.4,56,70,29.0,0,0,0
2026-09-02 22:05:00,157.8,109,70,25.0,0,0,0
2026-09-02 22:10:00,157.8,59,63,26.2,0,0,0
2026-09-02 22:15:00,156.3,27,60,27.2,0,0,0
2026-09-02 22:20:00,154.2,41,67,29.3,0,0,0
2026-09-02 22:25:00,148.2,52,63,26.5,0,0,0
2026-09-02 22:30:00,147.0,53,66,25.2,0,0,0
2026-09-02 22:35:00,147.7,23,64,26.6,0,0,0
2026-09-02 22:40:00,145.2,40,63,25.4,0,0,0
2026-09-02 22:45:00,142.4,26,67,28.2,0,0,0
2026-09-02 22:50:00,140.4,82,69,32.0,0,0,0
2026-09-02 22:55:00,139.1,136,68,28.5,0,0,0
2026-09-02 23:00:00,141.0,22,62,28.1,0,0,0
2026-09-02 23:05:00,135.5,58,69,28.8,0,0,0
2026-09-02 23:10:00,133.8,65,66,25.0,0,0,0
2026-09-02 23:15:00,134.0,39,63,29.5,0,0,0
2026-09-02 23:20:00,131.9,69,67,25.0,0,0,0
2026-09-02 23:25:00,129.7,68,63,26.8,0,0,0
2026-09-02 23:30:00,125.5,65,65,27.8,0,0,0
2026-09-02 23:35:00,124.2,33,64,30.4,0,0,0
2026-09-02 23:40:00,123.0,31,65,26.8,0,0,0
2026-09-02 23:45:00,121.7,42,64,27.4,0,0,0
2026-09-02 23:50:00,121.2,22,61,28.2,0,0,0
2026-09-02 23:55:00,119.6,39,68,28.2,0,0,0
2026-09-03 00:00:00,120.6,55,69,28.7,0,0,0
2026-09-03 00:05:00,117.7,79,67,26.5,0,0,0
2026-09-03 00:10:00,111.1,37,64,29.3,0,0,0
2026-09-03 00:15:00,113.9,33,61,23.2,0,0,0
2026-09-03 00:20:00,118.4,53,69,26.8,0,0,0
2026-09-03 00:25:00,119.9,34,64,28.1,0,0,0
2026-09-03 00:30:00,119.9,59,63,28.5,0,0,0
2026-09-03 00:35:00,122.9,57,68,26.0,0,0,0
2026-09-03 00:40:00,123.9,64,70,28.8,0,0,0
2026-09-03 00:45:00,122.3,75,66,23.5,0,0,0
2026-09-03 00:50:00,118.2,42,63,28.0,0,0,0
2026-09-03 00:55:00,116.5,28,62,25.3,0,0,0
2026-09-03 01:00:00,120.2,0,57,43.1,1,0,0
2026-09-03 01:05:00,122.0,0,58,45.6,1,0,0
2026-09-03 01:10:00,124.1,1,55,44.6,1,0,0
2026-09-03 01:15:00,123.0,0,55,44.5,1,0,0
2026-09-03 01:20:00,119.8,0,54,42.0,1,0,0
2026-09-03 01:25:00,120.9,1,54,43.7,1,0,0
2026-09-03 01:30:00,120.8,0,54,44.1,1,0,0
2026-09-03 01:35:00,120.6,0,55,42.0,1,0,0
2026-09-03 01:40:00,121.7,0,54,38.7,1,0,0
2026-09-03 01:45:00,120.1,0,51,41.7,1,0,0
2026-09-03 01:50:00,116.6,0,55,46.2,1,0,0
2026-09-03 01:55:00,117.4,0,55,45.5,1,0,0
2026-09-03 02:00:00,117.2,0,56,43.6,1,0,0
2026-09-03 02:05:00,119.3,0,53,41.3,1,0,0
2026-09-03 02:10:00,116.6,0,55,45.6,1,0,0
2026-09-03 02:15:00,118.6,0,52,43.1,1,0,0
2026-09-03 02:20:00,119.9,0,59,46.1,1,0,0
2026-09-03 02:25:00,118.7,1,56,45.8,1,0,0
2026-09-03 02:30:00,118.7,1,54,44.7,1,0,0
2026-09-03 02:35:00,119.3,1,57,44.3,1,0,0
2026-09-03 02:40:00,119.8,0,55,43.0,1,0,0
2026-09-03 02:45:00,117.6,0,54,42.1,1,0,0
2026-09-03 02:50:00,118.5,1,54,42.3,1,0,0
2026-09-03 02:55:00,120.2,0,56,43.8,1,0,0
2026-09-03 03:00:00,122.2,1,55,43.1,1,0,0
2026-09-03 03:05:00,121.1,0,57,47.5,1,0,0
2026-09-03 03:10:00,119.5,0,55,46.4,1,0,0
2026-09-03 03:15:00,115.4,0,58,44.1,1,0,0
2026-09-03 03:20:00,119.2,1,54,42.0,1,0,0
2026-09-03 03:25:00,122.4,0,52,39.5,1,0,0
2026-09-03 03:30:00,123.3,0,52,47.5,1,0,0
2026-09-03 03:35:00,118.9,0,58,45.3,1,0,0
2026-09-03 03:40:00,121.8,1,56,43.2,1,0,0
2026-09-03 03:45:00,123.9,0,58,38.8,1,0,0
2026-09-03 03:50:00,123.5,0,54,43.4,1,0,0
2026-09-03 03:55:00,124.1,0,55,42.7,1,0,0
2026-09-03 04:00:00,121.3,0,51,46.4,1,0,0
2026-09-03 04:05:00,122.4,0,56,43.0,1,0,0
2026-09-03 04:10:00,119.3,1,56,44.3,1,0,0
2026-09-03 04:15:00,117.6,1,53,44.1,1,0,0
2026-09-03 04:20:00,119.4,0,56,44.2,1,0,0
2026-09-03 04:25:00,118.5,0,57,43.0,1,0,0
2026-09-03 04:30:00,118.3,0,53,43.9,1,0,0
2026-09-03 04:35:00,121.9,3,58,45.7,1,0,0
2026-09-03 04:40:00,125.1,1,59,40.1,1,0,0
2026-09-03 04:45:00,127.7,0,54,44.8,1,0,0
2026-09-03 04:50:00,129.8,0,55,41.1,1,0,0
2026-09-03 04:55:00,133.2,0,58,45.6,1,0,0
2026-09-03 05:00:00,133.4,0,53,46.7,1,0,0
2026-09-03 05:05:00,136.5,0,55,46.0,1,0,0
2026-09-03 05:10:00,136.3,0,53,43.4,1,0,0
2026-09-03 05:15:00,138.0,0,60,43.3,1,0,0
2026-09-03 05:20:00,135.8,0,56,47.3,1,0,0
2026-09-03 05:25:00,132.3,0,54,40.9,1,0,0
2026-09-03 05:30:00,132.2,0,57,45.9,1,0,0
2026-09-03 05:35:00,129.4,0,59,43.2,1,0,0
2026-09-03 05:40:00,129.0,0,57,45.1,1,0,0
2026-09-03 05:45:00,126.5,0,56,46.8,1,0,0
2026-09-03 05:50:00,126.5,0,57,43.3,1,0,0
2026-09-03 05:55:00,126.1,0,58,43.3,1,0,0
2026-09-03 06:00:00,129.3,0,57,45.8,1,0,0
2026-09-03 06:05:00,129.5,1,58,45.4,1,0,0
2026-09-03 06:10:00,129.6,0,55,42.9,1,0,0
2026-09-03 06:15:00,126.5,1,53,40.2,1,0,0
2026-09-03 06:20:00,124.9,0,54,41.5,1,0,0
2026-09-03 06:25:00,127.8,0,55,41.4,1,0,0
2026-09-03 06:30:00,129.3,0,56,45.8,1,0,0
2026-09-03 06:35:00,126.5,0,56,43.7,1,0,0
2026-09-03 06:40:00,125.4,54,70,24.4,0,0,0
2026-09-03 06:45:00,126.5,49,67,31.1,0,0,0
2026-09-03 06:50:00,128.3,54,68,25.2,0,0,0
2026-09-03 06:55:00,128.1,31,67,27.8,0,0,0
2026-09-03 07:00:00,125.8,17,63,27.4,0,0,0
2026-09-03 07:05:00,127.8,18,63,27.8,0,0,0
2026-09-03 07:10:00,125.3,56,70,28.7,0,0,0
2026-09-03 07:15:00,125.1,101,70,24.5,0,0,0
2026-09-03 07:20:00,124.3,101,70,26.4,0,0,0
2026-09-03 07:25:00,125.8,25,66,28.6,0,67,78
2026-09-03 07:30:00,140.3,55,70,26.5,0,0,0
2026-09-03 07:35:00,148.9,23,69,25.9,0,0,0
2026-09-03 07:40:00,152.7,97,71,26.4,0,0,0
2026-09-03 07:45:00,160.3,69,72,26.9,0,0,0
2026-09-03 07:50:00,164.0,48,68,25.5,0,0,0
2026-09-03 07:55:00,167.7,74,63,25.3,0,0,0
2026-09-03 08:00:00,171.5,51,66,26.6,0,0,0
2026-09-03 08:05:00,173.6,33,65,27.7,0,0,0
2026-09-03 08:10:00,172.9,33,65,23.1,0,0,0
2026-09-03 08:15:00,174.0,43,67,27.2,0,0,0
2026-09-03 08:20:00,169.6,54,65,26.4,0,0,0
2026-09-03 08:25:00,164.8,108,70,27.8,0,0,0
2026-09-03 08:30:00,164.5,44,70,27.4,0,0,0
2026-09-03 08:35:00,158.4,25,65,26.9,0,0,0
2026-09-03 08:40:00,156.8,69,69,26.6,0,0,0
2026-09-03 08:45:00,152.7,59,66,25.3,0,0,0
2026-09-03 08:50:00,149.5,65,61,26.0,0,0,0
2026-09-03 08:55:00,145.1,26,64,27.6,0,0,0
2026-09-03 09:00:00,144.2,52,63,28.5,0,0,0
2026-09-03 09:05:00,143.8,53,64,24.8,0,0,0
2026-09-03 09:10:00,140.7,549,96,29.0,0,0,0
2026-09-03 09:15:00,138.9,472,92,28.5,0,0,0
2026-09-03 09:20:00,135.1,59,69,26.0,0,0,0
2026-09-03 09:25:00,135.6,56,69,28.0,0,0,0
2026-09-03 09:30:00,134.5,20,64,30.9,0,0,0
2026-09-03 09:35:00,133.1,76,71,21.1,0,0,0
2026-09-03 09:40:00,133.4,50,64,29.0,0,0,0
2026-09-03 09:45:00,132.7,46,64,31.4,0,0,0
2026-09-03 09:50:00,134.5,42,65,29.7,0,0,0
2026-09-03 09:55:00,135.4,41,69,27.1,0,0,0
2026-09-03 10:00:00,132.6,53,69,25.8,0,0,0
2026-09-03 10:05:00,131.9,60,67,22.5,0,0,0
2026-09-03 10:10:00,131.9,33,67,26.8,0,0,0
2026-09-03 10:15:00,128.5,35,66,25.6,0,0,0
2026-09-03 10:20:00,129.7,591,99,29.4,0,0,0
2026-09-03 10:25:00,132.0,558,94,26.4,0,0,0
2026-09-03 10:30:00,131.5,32,67,25.9,0,0,0
2026-09-03 10:35:00,132.3,24,63,31.6,0,0,0
2026-09-03 10:40:00,128.8,21,61,24.0,0,0,0
2026-09-03 10:45:00,128.1,45,67,26.2,0,0,0
2026-09-03 10:50:00,126.4,41,66,29.5,0,0,0
2026-09-03 10:55:00,120.5,51,65,29.3,0,0,0
2026-09-03 11:00:00,121.4,95,68,25.6,0,0,0
2026-09-03 11:05:00,119.6,63,68,26.3,0,0,0
2026-09-03 11:10:00,119.2,55,63,25.0,0,0,0
2026-09-03 11:15:00,118.2,32,62,29.8,0,0,0
2026-09-03 11:20:00,117.0,27,66,24.9,0,0,0
2026-09-03 11:25:00,118.9,67,66,28.2,0,0,0
2026-09-03 11:30:00,118.9,64,70,30.9,0,0,0
2026-09-03 11:35:00,116.6,100,68,25.9,0,0,0
2026-09-03 11:40:00,118.1,34,69,25.0,0,0,0
2026-09-03 11:45:00,118.2,33,62,27.7,0,0,0
2026-09-03 11:50:00,122.6,73,66,28.0,0,0,0
2026-09-03 11:55:00,122.8,48,65,28.1,0,0,0
2026-09-03 12:00:00,120.1,30,63,25.7,0,0,0
2026-09-03 12:05:00,122.7,45,66,28.2,0,0,0
2026-09-03 12:10:00,122.3,45,66,30.4,0,0,0
2026-09-03 12:15:00,118.4,115,69,27.1,0,0,0
2026-09-03 12:20:00,117.5,28,63,28.3,0,0,0
2026-09-03 12:25:00,115.9,37,64,28.3,0,0,0
2026-09-03 12:30:00,110.4,76,66,25.5,0,0,0
2026-09-03 12:35:00,111.9,58,66,25.6,0,0,0
2026-09-03 12:40:00,110.3,35,69,26.2,0,0,0
2026-09-03 12:45:00,111.0,36,65,27.0,0,0,0
2026-09-03 12:50:00,111.1,55,63,26.6,0,0,0
2026-09-03 12:55:00,111.1,66,67,26.8,0,0,0
2026-09-03 13:00:00,112.3,49,66,29.4,0,0,0
2026-09-03 13:05:00,108.4,34,64,27.1,0,0,0
2026-09-03 13:10:00,111.5,45,70,25.5,0,0,0
2026-09-03 13:15:00,112.6,21,64,22.9,0,0,0
2026-09-03 13:20:00,112.8,39,65,28.3,0,0,0
2026-09-03 13:25:00,110.7,63,67,28.5,0,0,0
2026-09-03 13:30:00,110.5,35,70,26.5,0,85,70
2026-09-03 13:35:00,124.6,35,70,29.4,0,0,0
2026-09-03 13:40:00,141.1,65,67,25.7,0,0,0
2026-09-03 13:45:00,151.8,22,67,29.2,0,0,0
2026-09-03 13:50:00,161.1,27,68,27.5,0,0,0
2026-09-03 13:55:00,167.6,38,69,28.8,0,0,0
2026-09-03 14:00:00,171.4,64,65,27.8,0,0,0
2026-09-03 14:05:00,175.7,54,67,27.3,0,0,0
2026-09-03 14:10:00,174.1,44,67,28.6,0,0,0
2026-09-03 14:15:00,175.4,55,65,28.0,0,0,0
2026-09-03 14:20:00,173.6,74,67,29.7,0,0,0
2026-09-03 14:25:00,173.1,50,68,27.2,0,0,0
2026-09-03 14:30:00,172.7,54,66,27.3,0,0,0
2026-09-03 14:35:00,171.2,43,68,25.1,0,0,0
2026-09-03 14:40:00,171.6,50,65,29.7,0,0,0
2026-09-03 14:45:00,165.2,62,67,25.1,0,0,0
2026-09-03 14:50:00,164.9,85,68,30.0,0,0,0
2026-09-03 14:55:00,163.1,57,67,30.9,0,0,0
2026-09-03 15:00:00,164.9,45,64,27.9,0,0,0
2026-09-03 15:05:00,161.6,20,63,28.7,0,0,0
2026-09-03 15:10:00,156.7,20,64,27.6,0,0,0
2026-09-03 15:15:00,159.3,24,62,28.0,0,0,0
2026-09-03 15:20:00,154.1,42,69,27.8,0,0,0
2026-09-03 15:25:00,150.2,46,66,29.9,0,0,0
2026-09-03 15:30:00,147.7,36,68,30.3,0,0,0
2026-09-03 15:35:00,143.1,61,65,25.6,0,0,0
2026-09-03 15:40:00,139.3,67,68,22.8,0,0,0
2026-09-03 15:45:00,137.4,51,67,25.3,0,0,0
2026-09-03 15:50:00,133.0,51,67,25.2,0,0,0
2026-09-03 15:55:00,130.5,51,66,31.8,0,0,0
2026-09-03 16:00:00,128.2,41,65,27.7,0,0,0
2026-09-03 16:05:00,129.3,57,66,24.9,0,0,0
2026-09-03 16:10:00,125.9,51,67,29.1,0,0,0
2026-09-03 16:15:00,123.5,61,70,27.1,0,0,0
2026-09-03 16:20:00,123.3,42,66,31.1,0,0,0
2026-09-03 16:25:00,123.5,58,67,26.8,0,0,0
2026-09-03 16:30:00,119.5,61,69,27.7,0,0,0
2026-09-03 16:35:00,120.6,41,65,27.0,0,0,0
2026-09-03 16:40:00,122.1,31,62,26.6,0,0,0
2026-09-03 16:45:00,123.9,71,66,25.8,0,0,0
2026-09-03 16:50:00,122.5,54,67,27.1,0,0,0
2026-09-03 16:55:00,124.0,48,69,29.4,0,0,0
2026-09-03 17:00:00,121.1,47,65,26.7,0,0,0
2026-09-03 17:05:00,120.8,56,70,27.2,0,0,0
2026-09-03 17:10:00,118.8,54,67,27.1,0,0,0
2026-09-03 17:15:00,117.3,61,70,27.6,0,0,0
2026-09-03 17:20:00,112.9,57,68,27.2,0,23,50
2026-09-03 17:25:00,120.0,56,68,27.7,0,0,0
2026-09-03 17:30:00,120.9,58,70,28.5,0,0,0
2026-09-03 17:35:00,121.6,35,67,25.6,0,0,0
2026-09-03 17:40:00,120.3,37,68,25.0,0,0,0
2026-09-03 17:45:00,124.7,58,69,28.1,0,0,0
2026-09-03 17:50:00,123.4,110,71,25.3,0,0,0
2026-09-03 17:55:00,127.1,45,64,26.7,0,0,0
2026-09-03 18:00:00,128.9,32,66,25.9,0,0,0
2026-09-03 18:05:00,126.9,44,63,28.0,0,0,0
2026-09-03 18:10:00,128.9,85,69,30.5,0,0,0
2026-09-03 18:15:00,130.0,32,65,26.4,0,0,0
2026-09-03 18:20:00,129.7,38,70,27.5,0,0,0
2026-09-03 18:25:00,127.7,101,69,27.2,0,0,0
2026-09-03 18:30:00,125.9,31,64,28.2,0,0,0
2026-09-03 18:35:00,126.8,65,65,24.4,0,0,0
2026-09-03 18:40:00,125.5,54,66,28.1,0,0,0
2026-09-03 18:45:00,126.4,29,63,27.5,0,0,0
2026-09-03 18:50:00,125.3,48,66,23.8,0,0,0
2026-09-03 18:55:00,125.4,99,68,25.5,0,0,0
2026-09-03 19:00:00,123.2,59,66,27.0,0,0,0
2026-09-03 19:05:00,123.4,25,67,26.7,0,0,0
2026-09-03 19:10:00,126.5,76,65,30.3,0,0,0
2026-09-03 19:15:00,122.9,34,66,27.4,0,0,0
2026-09-03 19:20:00,122.9,37,65,25.7,0,0,0
2026-09-03 19:25:00,123.8,76,69,26.0,0,0,0
2026-09-03 19:30:00,119.7,42,62,25.7,0,0,0
2026-09-03 19:35:00,118.6,79,67,30.3,0,0,0
2026-09-03 19:40:00,118.3,51,66,26.5,0,0,0
2026-09-03 19:45:00,118.7,85,68,30.5,0,0,0
2026-09-03 19:50:00,121.3,39,66,24.5,0,0,0
2026-09-03 19:55:00,118.7,42,65,25.6,0,0,0
2026-09-03 20:00:00,118.2,44,64,26.2,0,0,0
2026-09-03 20:05:00,118.5,41,65,26.8,0,0,0
2026-09-03 20:10:00,121.5,23,64,25.4,0,0,0
2026-09-03 20:15:00,119.2,38,64,24.3,0,0,0
2026-09-03 20:20:00,120.5,46,63,29.8,0,0,0
2026-09-03 20:25:00,119.0,13,61,27.6,0,0,0
2026-09-03 20:30:00,117.5,80,66,29.4,0,0,0
2026-09-03 20:35:00,114.5,99,70,27.3,0,0,0
2026-09-03 20:40:00,115.3,44,68,30.1,0,67,55
2026-09-03 20:45:00,124.1,50,70,26.6,0,0,0
2026-09-03 20:50:00,133.6,27,65,25.6,0,0,0
2026-09-03 20:55:00,135.1,44,70,27.8,0,0,0
2026-09-03 21:00:00,138.3,55,68,27.7,0,0,0
2026-09-03 21:05:00,141.9,45,65,26.6,0,0,0
2026-09-03 21:10:00,146.7,63,66,27.5,0,0,0
2026-09-03 21:15:00,150.5,49,65,28.0,0,0,0
2026-09-03 21:20:00,151.6,51,69,29.9,0,0,0
2026-09-03 21:25:00,152.0,42,66,27.8,0,0,0
2026-09-03 21:30:00,148.8,38,66,30.5,0,0,0
2026-09-03 21:35:00,153.3,33,65,27.5,0,0,0
2026-09-03 21:40:00,150.6,59,66,25.0,0,0,0
2026-09-03 21:45:00,152.0,49,64,24.4,0,0,0
2026-09-03 21:50:00,151.2,90,66,26.5,0,0,0
2026-09-03 21:55:00,150.1,76,66,27.8,0,0,0
2026-09-03 22:00:00,148.7,30,62,31.6,0,0,0
2026-09-03 22:05:00,141.5,122,71,26.9,0,0,0
2026-09-03 22:10:00,139.9,127,68,28.4,0,0,0
2026-09-03 22:15:00,136.8,31,62,26.3,0,0,0
2026-09-03 22:20:00,135.0,13,67,29.6,0,0,0
2026-09-03 22:25:00,133.9,42,65,25.2,0,0,0
2026-09-03 22:30:00,134.1,26,64,28.5,0,0,0
2026-09-03 22:35:00,135.9,42,68,27.1,0,0,0
2026-09-03 22:40:00,131.1,63,65,25.6,0,0,0
2026-09-03 22:45:00,128.8,77,68,30.2,0,0,0
2026-09-03 22:50:00,127.0,37,68,29.4,0,0,0
2026-09-03 22:55:00,126.3,35,65,28.1,0,0,0
2026-09-03 23:00:00,124.5,15,62,27.1,0,0,0
2026-09-03 23:05:00,121.0,72,66,25.6,0,0,0
2026-09-03 23:10:00,118.2,33,64,27.8,0,0,0
2026-09-03 23:15:00,114.6,23,65,27.4,0,0,0
2026-09-03 23:20:00,112.2,58,67,26.6,0,0,0
2026-09-03 23:25:00,110.4,32,62,24.3,0,0,0
2026-09-03 23:30:00,107.8,31,63,27.7,0,0,0
2026-09-03 23:35:00,104.2,76,67,28.5,0,0,0
2026-09-03 23:40:00,109.6,44,66,27.6,0,0,0
2026-09-03 23:45:00,110.1,54,69,23.9,0,0,0
2026-09-03 23:50:00,109.7,67,69,24.1,0,0,0
2026-09-03 23:55:00,114.3,69,67,32.1,0,0,0
2026-09-04 00:00:00,119.0,75,70,22.8,0,0,0
2026-09-04 00:05:00,120.8,34,67,25.4,0,0,0
2026-09-04 00:10:00,119.7,32,63,24.5,0,0,0
2026-09-04 00:15:00,120.7,28,65,28.0,0,0,0
2026-09-04 00:20:00,124.9,63,64,26.6,0,0,0
2026-09-04 00:25:00,122.5,37,66,26.1,0,0,0
2026-09-04 00:30:00,121.0,76,67,28.2,0,0,0
2026-09-04 00:35:00,121.1,48,67,24.3,0,0,0
2026-09-04 00:40:00,120.2,2,56,47.1,1,0,0
2026-09-04 00:45:00,121.0,1,52,41.5,1,0,0
2026-09-04 00:50:00,120.5,0,54,40.3,1,0,0
2026-09-04 00:55:00,120.1,1,53,44.3,1,0,0
2026-09-04 01:00:00,122.6,0,54,43.7,1,0,0
2026-09-04 01:05:00,121.1,0,51,43.8,1,0,0
2026-09-04 01:10:00,120.2,1,59,45.8,1,0,0
2026-09-04 01:15:00,119.6,0,54,43.8,1,0,0
2026-09-04 01:20:00,119.7,0,54,40.4,1,0,0
2026-09-04 01:25:00,118.7,0,53,42.3,1,0,0
2026-09-04 01:30:00,119.3,0,51,42.9,1,0,0
2026-09-04 01:35:00,118.6,0,56,46.0,1,0,0
2026-09-04 01:40:00,120.5,0,54,41.0,1,0,0
2026-09-04 01:45:00,125.6,0,52,40.9,1,0,0
2026-09-04 01:50:00,123.7,1,53,44.0,1,0,0
2026-09-04 01:55:00,123.1,0,55,42.2,1,0,0
2026-09-04 02:00:00,124.0,0,54,46.8,1,0,0
2026-09-04 02:05:00,124.9,0,56,43.3,1,0,0
2026-09-04 02:10:00,121.3,0,51,42.5,1,0,0
2026-09-04 02:15:00,119.7,0,57,40.0,1,0,0
2026-09-04 02:20:00,117.3,1,57,44.5,1,0,0
2026-09-04 02:25:00,119.3,0,53,40.4,1,0,0
2026-09-04 02:30:00,119.1,0,52,41.2,1,0,0
2026-09-04 02:35:00,121.8,1,54,41.8,1,0,0
2026-09-04 02:40:00,116.7,0,55,47.3,1,0,0
2026-09-04 02:45:00,115.0,1,55,43.1,1,0,0
2026-09-04 02:50:00,116.3,0,56,42.5,1,0,0
2026-09-04 02:55:00,120.6,1,54,45.5,1,0,0
2026-09-04 03:00:00,123.1,0,52,40.9,1,0,0
2026-09-04 03:05:00,123.6,0,55,46.5,1,0,0
2026-09-04 03:10:00,128.1,0,60,42.6,1,0,0
2026-09-04 03:15:00,126.0,0,53,42.9,1,0,0
2026-09-04 03:20:00,122.0,0,58,46.0,1,0,0
2026-09-04 03:25:00,124.8,0,55,38.8,1,0,0
2026-09-04 03:30:00,123.5,0,54,40.6,1,0,0
2026-09-04 03:35:00,126.5,0,55,44.1,1,0,0
2026-09-04 03:40:00,126.6,0,56,47.3,1,0,0
2026-09-04 03:45:00,127.6,1,56,41.0,1,0,0
2026-09-04 03:50:00,127.2,0,55,41.7,1,0,0
2026-09-04 03:55:00,128.4,0,54,43.2,1,0,0
2026-09-04 04:00:00,130.0,0,56,44.6,1,0,0
2026-09-04 04:05:00,133.4,0,52,42.1,1,0,0
2026-09-04 04:10:00,135.2,1,55,43.4,1,0,0
2026-09-04 04:15:00,139.7,0,56,42.4,1,0,0
2026-09-04 04:20:00,135.7,0,57,44.0,1,0,0
2026-09-04 04:25:00,133.7,0,53,40.9,1,0,0
2026-09-04 04:30:00,131.7,0,54,44.8,1,0,0
2026-09-04 04:35:00,130.5,0,57,40.4,1,0,0
2026-09-04 04:40:00,128.8,0,50,44.3,1,0,0
2026-09-04 04:45:00,122.8,0,56,40.5,1,0,0
2026-09-04 04:50:00,123.6,0,53,40.4,1,0,0
2026-09-04 04:55:00,124.4,0,54,45.4,1,0,0
2026-09-04 05:00:00,125.8,0,60,43.4,1,0,0
2026-09-04 05:05:00,125.5,1,58,41.1,1,0,0
2026-09-04 05:10:00,126.6,1,53,42.5,1,0,0
2026-09-04 05:15:00,129.4,0,55,43.2,1,0,0
2026-09-04 05:20:00,129.2,0,54,44.1,1,0,0
2026-09-04 05:25:00,129.4,0,57,45.9,1,0,0
2026-09-04 05:30:00,128.6,0,56,42.3,1,0,0
2026-09-04 05:35:00,128.7,1,55,38.9,1,0,0
2026-09-04 05:40:00,130.3,0,54,41.7,1,0,0
2026-09-04 05:45:00,130.8,0,55,43.9,1,0,0
2026-09-04 05:50:00,130.1,1,58,43.0,1,0,0
2026-09-04 05:55:00,129.0,1,52,41.8,1,0,0
2026-09-04 06:00:00,126.2,0,57,42.0,1,0,0
2026-09-04 06:05:00,129.5,0,55,44.8,1,0,0
2026-09-04 06:10:00,129.7,0,61,40.9,1,0,0
2026-09-04 06:15:00,130.5,1,54,41.1,1,0,0
2026-09-04 06:20:00,131.0,0,55,40.0,1,0,0
2026-09-04 06:25:00,129.3,0,60,43.7,1,0,0
2026-09-04 06:30:00,129.0,0,56,42.9,1,0,0
2026-09-04 06:35:00,129.6,0,51,46.5,1,0,0
2026-09-04 06:40:00,128.7,37,63,28.0,0,0,0
2026-09-04 06:45:00,129.5,33,62,27.5,0,0,0
2026-09-04 06:50:00,127.3,36,63,23.8,0,0,0
2026-09-04 06:55:00,128.8,64,65,27.2,0,0,0
2026-09-04 07:00:00,127.0,52,65,25.7,0,0,0
2026-09-04 07:05:00,128.6,48,64,26.8,0,0,0
2026-09-04 07:10:00,127.1,34,67,27.7,0,0,0
2026-09-04 07:15:00,129.7,34,65,28.3,0,0,0
2026-09-04 07:20:00,126.0,69,69,29.9,0,0,0
2026-09-04 07:25:00,123.1,29,64,29.4,0,0,0
2026-09-04 07:30:00,123.3,24,67,27.0,0,0,0
2026-09-04 07:35:00,121.7,81,67,27.4,0,0,0
2026-09-04 07:40:00,123.0,32,65,28.2,0,39,70
2026-09-04 07:45:00,129.0,57,72,23.1,0,0,0
2026-09-04 07:50:00,130.0,55,72,28.7,0,0,0
2026-09-04 07:55:00,130.1,539,97,24.9,0,0,0
2026-09-04 08:00:00,133.5,539,101,25.7,0,0,0
2026-09-04 08:05:00,134.4,80,72,25.4,0,0,0
2026-09-04 08:10:00,133.6,54,66,27.6,0,0,0
2026-09-04 08:15:00,135.6,57,69,27.4,0,0,0
2026-09-04 08:20:00,139.0,48,65,26.7,0,0,0
2026-09-04 08:25:00,140.4,53,67,26.2,0,0,0
2026-09-04 08:30:00,137.8,55,65,29.4,0,0,0
2026-09-04 08:35:00,138.2,34,66,27.8,0,0,0
2026-09-04 08:40:00,136.9,33,65,26.4,0,0,0
2026-09-04 08:45:00,136.0,35,65,24.9,0,0,0
2026-09-04 08:50:00,135.8,43,64,24.5,0,0,0
2026-09-04 08:55:00,135.3,44,67,28.1,0,0,0
2026-09-04 09:00:00,131.7,34,66,28.9,0,0,0
2026-09-04 09:05:00,131.4,64,66,29.1,0,0,0
2026-09-04 09:10:00,133.2,47,65,26.9,0,0,0
2026-09-04 09:15:00,133.2,36,64,26.1,0,0,0
2026-09-04 09:20:00,135.4,29,61,29.3,0,0,0
2026-09-04 09:25:00,136.7,92,71,25.4,0,0,0
2026-09-04 09:30:00,133.8,36,66,25.0,0,0,0
2026-09-04 09:35:00,132.0,45,64,24.6,0,0,0
2026-09-04 09:40:00,131.0,32,65,23.5,0,0,0
2026-09-04 09:45:00,130.3,53,69,26.3,0,0,0
2026-09-04 09:50:00,131.1,15,61,28.8,0,0,0
2026-09-04 09:55:00,130.4,55,65,26.4,0,0,0
2026-09-04 10:00:00,133.4,76,66,27.0,0,0,0
2026-09-04 10:05:00,133.0,55,66,28.6,0,0,0
2026-09-04 10:10:00,136.4,25,63,28.5,0,0,0
2026-09-04 10:15:00,133.1,81,66,27.4,0,0,0
2026-09-04 10:20:00,132.0,82,65,25.6,0,0,0
2026-09-04 10:25:00,131.2,25,67,26.8,0,0,0
2026-09-04 10:30:00,129.9,31,64,31.5,0,0,0
2026-09-04 10:35:00,125.5,60,64,26.2,0,0,0
2026-09-04 10:40:00,122.1,75,64,24.7,0,0,0
2026-09-04 10:45:00,123.5,61,65,26.0,0,0,0
2026-09-04 10:50:00,124.3,51,67,26.6,0,0,0
2026-09-04 10:55:00,123.6,41,68,27.4,0,0,0
2026-09-04 11:00:00,123.1,36,66,24.9,0,0,0
2026-09-04 11:05:00,121.6,58,67,28.6,0,0,0
2026-09-04 11:10:00,121.8,94,69,26.5,0,0,0
2026-09-04 11:15:00,118.7,84,65,26.6,0,0,0
2026-09-04 11:20:00,117.7,26,61,25.2,0,0,0
2026-09-04 11:25:00,115.4,35,66,25.8,0,0,0
2026-09-04 11:30:00,116.4,44,68,28.1,0,0,0
2026-09-04 11:35:00,118.6,132,75,27.7,0,0,0
2026-09-04 11:40:00,121.2,38,63,23.9,0,0,0
2026-09-04 11:45:00,123.9,74,68,25.7,0,0,0
2026-09-04 11:50:00,124.8,43,62,23.4,0,0,0
2026-09-04 11:55:00,122.9,36,65,27.1,0,0,0
2026-09-04 12:00:00,122.4,44,65,29.9,0,0,0
2026-09-04 12:05:00,129.1,47,66,22.5,0,0,0
2026-09-04 12:10:00,129.1,62,65,22.6,0,0,0
2026-09-04 12:15:00,127.8,25,63,29.2,0,0,0
2026-09-04 12:20:00,127.0,47,65,26.2,0,0,0
2026-09-04 12:25:00,123.5,27,67,23.8,0,0,0
2026-09-04 12:30:00,123.8,46,67,25.8,0,0,0
2026-09-04 12:35:00,122.7,45,67,28.4,0,0,0
2026-09-04 12:40:00,122.8,26,66,26.2,0,0,0
2026-09-04 12:45:00,122.0,50,67,26.5,0,0,0
2026-09-04 12:50:00,121.8,67,72,26.0,0,0,0
2026-09-04 12:55:00,125.1,41,63,23.9,0,0,0
2026-09-04 13:00:00,125.1,28,66,28.5,0,0,0
2026-09-04 13:05:00,125.1,464,90,29.7,0,0,0
2026-09-04 13:10:00,121.8,449,93,29.2,0,0,0
2026-09-04 13:15:00,121.6,88,68,27.0,0,0,0
2026-09-04 13:20:00,121.8,53,66,30.6,0,0,0
2026-09-04 13:25:00,120.1,46,72,23.7,0,73,75
2026-09-04 13:30:00,132.1,47,70,30.0,0,0,0
2026-09-04 13:35:00,144.2,33,70,24.0,0,0,0
2026-09-04 13:40:00,152.8,46,70,28.1,0,0,0
2026-09-04 13:45:00,157.1,59,68,25.6,0,0,0
2026-09-04 13:50:00,165.3,10,65,23.0,0,0,0
2026-09-04 13:55:00,168.4,51,66,26.1,0,0,0
2026-09-04 14:00:00,169.7,35,67,26.0,0,0,0
2026-09-04 14:05:00,170.9,64,66,26.4,0,0,0
2026-09-04 14:10:00,175.2,31,65,27.0,0,0,0
2026-09-04 14:15:00,172.4,62,67,26.9,0,0,0
2026-09-04 14:20:00,170.3,31,66,24.4,0,0,0
2026-09-04 14:25:00,170.9,39,65,25.1,0,0,0
2026-09-04 14:30:00,167.0,48,61,27.9,0,0,0
2026-09-04 14:35:00,169.2,57,64,26.8,0,0,0
2026-09-04 14:40:00,168.2,46,67,26.9,0,0,0
2026-09-04 14:45:00,163.2,35,65,28.7,0,0,0
2026-09-04 14:50:00,162.9,42,64,27.9,0,0,0
2026-09-04 14:55:00,160.2,18,64,19.4,0,0,0
2026-09-04 15:00:00,160.0,45,65,29.2,0,0,0
2026-09-04 15:05:00,154.0,61,66,27.4,0,0,0
2026-09-04 15:10:00,153.8,29,63,26.5,0,0,0
2026-09-04 15:15:00,152.4,20,66,22.8,0,0,0
2026-09-04 15:20:00,149.9,54,67,24.6,0,0,0
2026-09-04 15:25:00,148.4,35,68,28.0,0,0,0
2026-09-04 15:30:00,149.8,75,68,32.4,0,0,0
2026-09-04 15:35:00,146.4,64,70,23.3,0,0,0
2026-09-04 15:40:00,144.0,88,70,29.2,0,0,0
2026-09-04 15:45:00,141.4,33,63,29.5,0,0,0
2026-09-04 15:50:00,142.8,101,71,28.7,0,0,0
2026-09-04 15:55:00,138.6,38,65,27.2,0,0,0
2026-09-04 16:00:00,134.0,22,66,30.4,0,0,0
2026-09-04 16:05:00,132.6,46,68,24.8,0,0,0
2026-09-04 16:10:00,131.7,56,68,25.3,0,0,0
2026-09-04 16:15:00,130.7,48,69,26.8,0,0,0
2026-09-04 16:20:00,128.0,16,67,27.8,0,0,0
2026-09-04 16:25:00,126.5,84,68,22.7,0,0,0
2026-09-04 16:30:00,126.0,42,67,25.5,0,0,0
2026-09-04 16:35:00,126.5,67,64,27.2,0,0,0
2026-09-04 16:40:00,124.7,33,62,25.8,0,0,0
2026-09-04 16:45:00,126.2,52,66,24.3,0,0,0
2026-09-04 16:50:00,123.6,48,65,29.0,0,0,0
2026-09-04 16:55:00,122.1,73,68,25.3,0,0,0
2026-09-04 17:00:00,127.2,64,65,25.3,0,0,0
2026-09-04 17:05:00,127.4,49,67,26.5,0,0,0
2026-09-04 17:10:00,126.2,23,67,27.7,0,0,0
2026-09-04 17:15:00,128.2,25,65,25.2,0,0,0
2026-09-04 17:20:00,127.2,33,63,25.1,0,0,0
2026-09-04 17:25:00,128.2,45,67,26.8,0,0,0
2026-09-04 17:30:00,127.2,55,66,26.0,0,0,0
2026-09-04 17:35:00,129.5,72,68,26.8,0,0,0
2026-09-04 17:40:00,131.0,49,68,24.4,0,0,0
2026-09-04 17:45:00,130.5,58,72,26.3,0,15,35
2026-09-04 17:50:00,132.5,25,68,28.0,0,0,0
2026-09-04 17:55:00,136.0,59,68,27.3,0,0,0
2026-09-04 18:00:00,136.9,523,97,26.3,0,0,0
2026-09-04 18:05:00,138.2,515,96,28.8,0,0,0
2026-09-04 18:10:00,136.5,35,69,26.7,0,0,0
2026-09-04 18:15:00,134.6,86,67,27.2,0,0,0
2026-09-04 18:20:00,134.5,35,68,29.7,0,0,0
2026-09-04 18:25:00,133.4,58,66,28.4,0,0,0
2026-09-04 18:30:00,130.9,34,65,31.1,0,0,0
2026-09-04 18:35:00,129.5,64,71,25.6,0,0,0
2026-09-04 18:40:00,128.3,39,67,22.4,0,0,0
2026-09-04 18:45:00,129.1,34,63,25.3,0,0,0
2026-09-04 18:50:00,128.3,32,63,25.9,0,0,0
2026-09-04 18:55:00,129.3,90,68,27.1,0,0,0
2026-09-04 19:00:00,128.4,52,63,25.5,0,0,0
2026-09-04 19:05:00,130.1,41,70,25.2,0,0,0
2026-09-04 19:10:00,129.6,82,72,24.9,0,0,0
2026-09-04 19:15:00,126.0,45,63,27.4,0,0,0
2026-09-04 19:20:00,124.0,16,67,24.4,0,0,0
2026-09-04 19:25:00,126.6,41,66,24.3,0,0,0
2026-09-04 19:30:00,125.3,25,66,26.5,0,0,0
2026-09-04 19:35:00,124.8,56,68,24.7,0,0,0
2026-09-04 19:40:00,125.9,43,68,24.0,0,0,0
2026-09-04 19:45:00,123.5,7,63,27.7,0,0,0
2026-09-04 19:50:00,126.3,37,68,29.2,0,0,0
2026-09-04 19:55:00,122.8,36,64,26.9,0,0,0
2026-09-04 20:00:00,124.3,59,65,24.0,0,0,0
2026-09-04 20:05:00,122.5,118,67,24.8,0,0,0
2026-09-04 20:10:00,125.5,43,67,26.0,0,0,0
2026-09-04 20:15:00,121.6,86,66,28.3,0,0,0
2026-09-04 20:20:00,120.7,25,69,26.5,0,0,0
2026-09-04 20:25:00,120.5,76,67,26.8,0,0,0
2026-09-04 20:30:00,122.2,62,67,30.5,0,0,0
2026-09-04 20:35:00,126.5,57,64,30.3,0,0,0
2026-09-04 20:40:00,127.6,51,66,25.9,0,0,0
2026-09-04 20:45:00,126.6,30,64,27.3,0,0,0
2026-09-04 20:50:00,127.6,33,60,25.0,0,0,0
2026-09-04 20:55:00,127.8,33,65,26.7,0,0,0
2026-09-04 21:00:00,127.2,73,65,27.3,0,0,0
2026-09-04 21:05:00,127.3,74,67,26.7,0,0,0
2026-09-04 21:10:00,129.6,65,67,25.2,0,0,0
2026-09-04 21:15:00,129.1,78,65,26.9,0,0,0
2026-09-04 21:20:00,128.1,58,61,25.0,0,0,0
2026-09-04 21:25:00,125.8,40,65,25.8,0,0,0
2026-09-04 21:30:00,129.5,34,64,28.5,0,0,0
2026-09-04 21:35:00,131.4,25,63,25.9,0,0,0
2026-09-04 21:40:00,129.5,43,69,28.7,0,0,0
2026-09-04 21:45:00,126.1,41,69,23.4,0,0,0
2026-09-04 21:50:00,125.4,97,70,22.3,0,0,0
2026-09-04 21:55:00,123.4,41,66,25.0,0,0,0
2026-09-04 22:00:00,125.6,34,65,26.0,0,0,0
2026-09-04 22:05:00,126.4,13,67,24.3,0,0,0
2026-09-04 22:10:00,126.8,37,65,28.2,0,0,0
2026-09-04 22:15:00,124.2,30,64,26.9,0,0,0
2026-09-04 22:20:00,125.0,35,65,26.3,0,0,0
2026-09-04 22:25:00,124.0,30,66,26.3,0,0,0
2026-09-04 22:30:00,125.3,19,65,26.0,0,0,0
2026-09-04 22:35:00,126.2,43,65,30.2,0,0,0
2026-09-04 22:40:00,124.2,43,68,28.2,0,0,0
2026-09-04 22:45:00,120.0,40,66,26.3,0,0,0
2026-09-04 22:50:00,121.8,96,69,27.3,0,0,0
2026-09-04 22:55:00,118.6,103,69,28.1,0,0,0
2026-09-04 23:00:00,119.1,40,66,27.8,0,0,0
2026-09-04 23:05:00,118.5,37,62,24.4,0,0,0
2026-09-04 23:10:00,121.5,42,68,25.3,0,0,0
2026-09-04 23:15:00,120.8,63,64,25.3,0,0,0
2026-09-04 23:20:00,124.1,63,69,30.8,0,0,0
2026-09-04 23:25:00,122.2,59,67,26.4,0,0,0
2026-09-04 23:30:00,119.2,9,67,26.0,0,0,0
2026-09-04 23:35:00,116.6,42,66,27.5,0,0,0
2026-09-04 23:40:00,117.0,56,68,27.7,0,0,0
2026-09-04 23:45:00,115.2,27,62,26.4,0,0,0
2026-09-04 23:50:00,116.5,28,63,28.1,0,0,0
2026-09-04 23:55:00,120.7,24,63,27.2,0,0,0
2026-09-05 00:00:00,118.0,56,67,25.2,0,0,0
2026-09-05 00:05:00,116.0,0,53,47.6,1,0,0
2026-09-05 00:10:00,112.5,0,55,43.4,1,0,0
2026-09-05 00:15:00,110.0,1,53,40.9,1,0,0
2026-09-05 00:20:00,115.4,0,55,41.7,1,0,0
2026-09-05 00:25:00,119.6,0,53,40.8,1,0,0
2026-09-05 00:30:00,117.0,1,53,45.6,1,0,0
2026-09-05 00:35:00,120.4,0,54,43.7,1,0,0
2026-09-05 00:40:00,121.6,0,55,43.3,1,0,0
2026-09-05 00:45:00,121.8,0,56,43.3,1,0,0
2026-09-05 00:50:00,121.8,1,55,45.8,1,0,0
2026-09-05 00:55:00,121.7,1,56,45.3,1,0,0
2026-09-05 01:00:00,123.8,0,51,43.0,1,0,0
2026-09-05 01:05:00,120.6,1,53,43.0,1,0,0
2026-09-05 01:10:00,119.3,0,53,46.7,1,0,0
2026-09-05 01:15:00,120.5,0,54,44.7,1,0,0
2026-09-05 01:20:00,119.9,0,54,45.6,1,0,0
2026-09-05 01:25:00,116.8,0,55,47.1,1,0,0
2026-09-05 01:30:00,117.4,0,52,41.9,1,0,0
2026-09-05 01:35:00,118.6,1,52,42.3,1,0,0
2026-09-05 01:40:00,116.2,0,55,46.8,1,0,0
2026-09-05 01:45:00,114.7,0,55,42.9,1,0,0
2026-09-05 01:50:00,117.0,1,57,40.6,1,0,0
2026-09-05 01:55:00,115.9,1,57,43.4,1,0,0
2026-09-05 02:00:00,112.7,0,56,40.1,1,0,0
2026-09-05 02:05:00,114.5,0,56,43.8,1,0,0
2026-09-05 02:10:00,118.1,0,53,45.9,1,0,0
2026-09-05 02:15:00,117.6,1,54,41.6,1,0,0
2026-09-05 02:20:00,116.9,0,57,45.9,1,0,0
2026-09-05 02:25:00,113.2,0,53,46.0,1,0,0
2026-09-05 02:30:00,114.1,1,53,42.9,1,0,0
2026-09-05 02:35:00,114.5,0,57,40.7,1,0,0
2026-09-05 02:40:00,117.0,1,56,39.6,1,0,0
2026-09-05 02:45:00,120.3,1,55,41.8,1,0,0
2026-09-05 02:50:00,119.6,1,54,43.6,1,0,0
2026-09-05 02:55:00,120.4,0,51,44.9,1,0,0
2026-09-05 03:00:00,118.5,0,54,44.9,1,0,0
2026-09-05 03:05:00,118.1,0,55,45.2,1,0,0
2026-09-05 03:10:00,117.3,0,58,42.6,1,0,0
2026-09-05 03:15:00,117.5,0,59,45.3,1,0,0
2026-09-05 03:20:00,122.8,0,56,46.5,1,0,0
2026-09-05 03:25:00,125.8,0,52,40.9,1,0,0
2026-09-05 03:30:00,128.8,1,56,47.9,1,0,0
2026-09-05 03:35:00,126.5,0,53,44.1,1,0,0
2026-09-05 03:40:00,128.6,1,55,49.1,1,0,0
2026-09-05 03:45:00,128.5,0,55,44.4,1,0,0
2026-09-05 03:50:00,131.5,2,57,46.0,1,0,0
2026-09-05 03:55:00,128.6,0,57,44.4,1,0,0
2026-09-05 04:00:00,125.7,0,54,45.5,1,0,0
2026-09-05 04:05:00,127.6,0,55,45.2,1,0,0
2026-09-05 04:10:00,126.4,0,56,45.3,1,0,0
2026-09-05 04:15:00,124.1,1,54,44.6,1,0,0
2026-09-05 04:20:00,124.4,0,55,45.0,1,0,0
2026-09-05 04:25:00,127.6,0,55,44.2,1,0,0
2026-09-05 04:30:00,127.1,0,56,40.5,1,0,0
2026-09-05 04:35:00,133.9,0,58,44.5,1,0,0
2026-09-05 04:40:00,130.8,0,56,45.0,1,0,0
2026-09-05 04:45:00,132.2,0,58,45.7,1,0,0
2026-09-05 04:50:00,135.9,0,56,39.3,1,0,0
2026-09-05 04:55:00,137.6,0,54,42.4,1,0,0
2026-09-05 05:00:00,136.3,0,57,42.4,1,0,0
2026-09-05 05:05:00,132.8,0,56,44.2,1,0,0
2026-09-05 05:10:00,131.8,0,56,45.0,1,0,0
2026-09-05 05:15:00,132.0,0,56,44.5,1,0,0
2026-09-05 05:20:00,132.7,2,55,44.5,1,0,0
2026-09-05 05:25:00,131.7,1,55,42.5,1,0,0
2026-09-05 05:30:00,130.6,1,56,43.0,1,0,0
2026-09-05 05:35:00,131.4,1,58,48.1,1,0,0
2026-09-05 05:40:00,129.0,0,53,45.1,1,0,0
2026-09-05 05:45:00,126.7,0,55,42.8,1,0,0
2026-09-05 05:50:00,124.8,0,56,45.9,1,0,0
2026-09-05 05:55:00,125.5,0,56,41.1,1,0,0
2026-09-05 06:00:00,124.1,0,56,44.4,1,0,0
2026-09-05 06:05:00,124.1,0,60,49.2,1,0,0
2026-09-05 06:10:00,124.1,1,50,46.6,1,0,0
2026-09-05 06:15:00,120.9,0,54,42.6,1,0,0
2026-09-05 06:20:00,118.7,3,53,44.4,1,0,0
2026-09-05 06:25:00,120.5,1,54,44.0,1,0,0
2026-09-05 06:30:00,120.3,0,56,44.1,1,0,0
2026-09-05 06:35:00,123.7,1,54,42.6,1,0,0
2026-09-05 06:40:00,122.9,0,56,44.1,1,0,0
2026-09-05 06:45:00,121.1,1,53,47.0,1,0,0
2026-09-05 06:50:00,120.3,1,55,40.8,1,0,0
2026-09-05 06:55:00,121.1,0,59,42.1,1,0,0
2026-09-05 07:00:00,121.1,0,58,45.0,1,0,0
2026-09-05 07:05:00,119.8,37,61,27.0,0,0,0
2026-09-05 07:10:00,120.4,63,67,28.3,0,0,0
2026-09-05 07:15:00,118.5,27,67,26.2,0,0,0
2026-09-05 07:20:00,117.9,64,67,26.9,0,0,0
2026-09-05 07:25:00,122.2,99,69,30.7,0,0,0
2026-09-05 07:30:00,121.3,65,69,26.3,0,0,0
2026-09-05 07:35:00,120.9,37,64,23.6,0,0,0
2026-09-05 07:40:00,122.0,37,65,26.9,0,0,0
2026-09-05 07:45:00,120.9,67,64,28.0,0,0,0
2026-09-05 07:50:00,120.6,79,69,27.8,0,0,0
2026-09-05 07:55:00,121.8,19,62,23.5,0,0,0
2026-09-05 08:00:00,124.7,76,69,24.5,0,48,70
2026-09-05 08:05:00,131.0,56,67,23.9,0,0,0
2026-09-05 08:10:00,135.6,53,66,27.5,0,0,0
2026-09-05 08:15:00,139.9,538,97,26.0,0,0,0
2026-09-05 08:20:00,143.1,497,95,25.3,0,0,0
2026-09-05 08:25:00,141.3,62,71,27.1,0,0,0
2026-09-05 08:30:00,142.6,60,66,29.1,0,0,0
2026-09-05 08:35:00,140.7,45,68,25.0,0,0,0
2026-09-05 08:40:00,142.0,70,67,28.8,0,0,0
2026-09-05 08:45:00,139.1,70,64,27.2,0,0,0
2026-09-05 08:50:00,138.1,82,68,26.6,0,0,0
2026-09-05 08:55:00,139.4,28,64,26.1,0,0,0
2026-09-05 09:00:00,137.8,35,66,22.4,0,0,0
2026-09-05 09:05:00,135.0,22,69,25.8,0,0,0
2026-09-05 09:10:00,134.6,41,65,25.6,0,0,0
2026-09-05 09:15:00,130.5,29,61,31.2,0,0,0
2026-09-05 09:20:00,129.9,111,71,23.9,0,0,0
2026-09-05 09:25:00,128.7,44,66,25.6,0,0,0
2026-09-05 09:30:00,130.3,24,61,27.2,0,0,0
2026-09-05 09:35:00,128.5,95,70,28.1,0,0,0
2026-09-05 09:40:00,129.3,34,64,29.2,0,0,0
2026-09-05 09:45:00,130.2,41,64,25.6,0,0,0
2026-09-05 09:50:00,127.7,42,66,25.2,0,0,0
2026-09-05 09:55:00,128.9,30,64,26.5,0,0,0
2026-09-05 10:00:00,127.0,50,70,26.7,0,0,0
2026-09-05 10:05:00,128.8,64,68,27.5,0,0,0
2026-09-05 10:10:00,129.0,53,66,25.6,0,0,0
2026-09-05 10:15:00,127.9,31,65,28.5,0,0,0
2026-09-05 10:20:00,125.6,34,61,22.6,0,0,0
2026-09-05 10:25:00,125.6,91,66,28.6,0,0,0
2026-09-05 10:30:00,124.8,63,66,25.9,0,0,0
2026-09-05 10:35:00,124.3,112,71,27.2,0,0,0
2026-09-05 10:40:00,124.8,56,66,25.3,0,0,0
2026-09-05 10:45:00,125.1,44,66,27.7,0,0,0
2026-09-05 10:50:00,123.9,49,66,27.4,0,0,0
2026-09-05 10:55:00,121.9,85,65,26.3,0,0,0
2026-09-05 11:00:00,121.2,39,66,27.8,0,0,0
2026-09-05 11:05:00,122.9,39,66,28.1,0,0,0
2026-09-05 11:10:00,121.6,47,66,23.8,0,0,0
2026-09-05 11:15:00,122.1,67,67,26.0,0,0,0
2026-09-05 11:20:00,120.6,142,68,30.2,0,0,0
2026-09-05 11:25:00,122.7,28,67,26.9,0,0,0
2026-09-05 11:30:00,122.1,53,65,24.3,0,0,0
2026-09-05 11:35:00,121.8,52,66,26.5,0,0,0
2026-09-05 11:40:00,117.0,33,66,27.5,0,0,0
2026-09-05 11:45:00,119.4,49,64,29.6,0,0,0
2026-09-05 11:50:00,118.3,58,64,26.7,0,0,0
2026-09-05 11:55:00,117.1,65,72,25.2,0,0,0
2026-09-05 12:00:00,117.2,48,67,27.5,0,0,0
2026-09-05 12:05:00,118.4,51,67,29.1,0,0,0
2026-09-05 12:10:00,119.2,61,64,22.7,0,0,0
2026-09-05 12:15:00,118.5,28,65,26.9,0,0,0
2026-09-05 12:20:00,116.5,18,65,27.4,0,0,0
2026-09-05 12:25:00,115.6,37,65,30.0,0,0,0
2026-09-05 12:30:00,117.6,44,66,26.7,0,0,0
2026-09-05 12:35:00,118.2,36,62,24.1,0,0,0
2026-09-05 12:40:00,118.1,43,65,23.5,0,0,0
2026-09-05 12:45:00,117.0,84,73,30.7,0,0,0
2026-09-05 12:50:00,118.4,33,60,24.8,0,0,0
2026-09-05 12:55:00,117.5,24,66,30.9,0,0,0
2026-09-05 13:00:00,117.8,47,67,26.2,0,73,75
2026-09-05 13:05:00,133.0,40,71,25.7,0,0,0
2026-09-05 13:10:00,144.0,50,67,25.3,0,0,0
2026-09-05 13:15:00,153.3,48,65,24.2,0,0,0
2026-09-05 13:20:00,159.5,52,69,29.2,0,0,0
2026-09-05 13:25:00,164.7,63,69,31.2,0,0,0
2026-09-05 13:30:00,169.7,37,62,27.3,0,0,0
2026-09-05 13:35:00,168.3,129,65,25.0,0,0,0
2026-09-05 13:40:00,169.9,43,65,27.3,0,0,0
2026-09-05 13:45:00,168.0,70,65,26.9,0,0,0
2026-09-05 13:50:00,166.4,80,63,26.8,0,0,0
2026-09-05 13:55:00,167.7,35,65,28.1,0,0,0
2026-09-05 14:00:00,165.1,77,69,26.7,0,0,0
2026-09-05 14:05:00,163.5,447,91,26.5,0,0,0
2026-09-05 14:10:00,159.8,446,90,28.7,0,0,0
2026-09-05 14:15:00,158.4,75,68,25.3,0,0,0
2026-09-05 14:20:00,155.9,27,66,31.3,0,0,0
2026-09-05 14:25:00,153.6,16,67,26.2,0,0,0
2026-09-05 14:30:00,154.9,47,66,24.0,0,0,0
2026-09-05 14:35:00,151.0,74,70,27.3,0,0,0
2026-09-05 14:40:00,146.8,63,65,26.3,0,0,0
2026-09-05 14:45:00,144.4,25,66,26.4,0,0,0
2026-09-05 14:50:00,142.3,45,64,25.2,0,0,0
2026-09-05 14:55:00,144.2,30,63,30.9,0,0,0
2026-09-05 15:00:00,143.4,45,66,27.2,0,0,0
2026-09-05 15:05:00,141.6,54,67,25.3,0,0,0
2026-09-05 15:10:00,138.0,72,68,23.8,0,0,0
2026-09-05 15:15:00,134.9,35,66,25.9,0,0,0
2026-09-05 15:20:00,135.3,34,68,26.3,0,0,0
2026-09-05 15:25:00,134.6,70,70,25.1,0,0,0
2026-09-05 15:30:00,132.5,47,62,26.5,0,0,0
2026-09-05 15:35:00,133.3,53,65,24.3,0,0,0
2026-09-05 15:40:00,132.8,56,67,30.6,0,0,0
2026-09-05 15:45:00,131.3,56,65,30.6,0,0,0
2026-09-05 15:50:00,132.8,62,65,29.0,0,0,0
2026-09-05 15:55:00,131.2,26,63,25.0,0,0,0
2026-09-05 16:00:00,135.4,24,63,25.1,0,0,0
2026-09-05 16:05:00,136.6,51,68,25.3,0,0,0
2026-09-05 16:10:00,134.9,35,64,26.7,0,0,0
2026-09-05 16:15:00,134.8,55,64,26.2,0,0,0
2026-09-05 16:20:00,131.4,53,67,24.0,0,0,0
2026-09-05 16:25:00,131.3,22,64,28.3,0,0,0
2026-09-05 16:30:00,128.8,58,67,25.0,0,0,0
2026-09-05 16:35:00,124.4,28,67,25.3,0,0,0
2026-09-05 16:40:00,117.3,40,66,26.5,0,0,0
2026-09-05 16:45:00,117.1,42,69,27.0,0,0,0
2026-09-05 16:50:00,118.7,106,73,29.0,0,0,0
2026-09-05 16:55:00,117.5,27,65,26.6,0,0,0
2026-09-05 17:00:00,117.9,46,64,25.8,0,0,0
2026-09-05 17:05:00,115.1,58,67,26.7,0,0,0
2026-09-05 17:10:00,116.4,74,71,27.1,0,22,65
2026-09-05 17:15:00,123.1,47,70,23.7,0,0,0
2026-09-05 17:20:00,125.4,96,71,25.5,0,0,0
2026-09-05 17:25:00,126.5,36,68,25.9,0,0,0
2026-09-05 17:30:00,127.3,91,69,26.3,0,0,0
2026-09-05 17:35:00,129.1,67,71,26.2,0,0,0
2026-09-05 17:40:00,132.2,78,69,25.1,0,0,0
2026-09-05 17:45:00,130.7,30,66,27.0,0,0,0
2026-09-05 17:50:00,130.0,21,66,24.6,0,0,0
2026-09-05 17:55:00,129.9,96,70,26.3,0,0,0
2026-09-05 18:00:00,131.7,84,69,25.5,0,0,0
2026-09-05 18:05:00,133.7,17,65,28.0,0,0,0
2026-09-05 18:10:00,132.0,70,67,26.7,0,0,0
2026-09-05 18:15:00,131.1,33,66,22.0,0,0,0
2026-09-05 18:20:00,129.2,66,67,23.8,0,0,0
2026-09-05 18:25:00,127.9,75,66,30.6,0,0,0
2026-09-05 18:30:00,130.5,64,67,26.6,0,0,0
2026-09-05 18:35:00,131.0,61,70,26.6,0,0,0
2026-09-05 18:40:00,128.5,26,66,25.4,0,0,0
2026-09-05 18:45:00,130.5,41,67,30.8,0,0,0
2026-09-05 18:50:00,125.1,57,62,29.6,0,0,0
2026-09-05 18:55:00,121.5,16,65,27.0,0,0,0
2026-09-05 19:00:00,121.5,37,68,26.8,0,0,0
2026-09-05 19:05:00,122.5,59,70,27.5,0,0,0
2026-09-05 19:10:00,125.2,64,69,24.3,0,0,0
2026-09-05 19:15:00,121.9,49,64,21.9,0,0,0
2026-09-05 19:20:00,120.1,21,62,26.4,0,0,0
2026-09-05 19:25:00,119.9,38,66,28.7,0,0,0
2026-09-05 19:30:00,120.1,37,65,24.4,0,0,0
2026-09-05 19:35:00,118.7,51,66,25.9,0,0,0
2026-09-05 19:40:00,114.7,23,64,29.5,0,0,0
2026-09-05 19:45:00,115.1,80,69,24.5,0,0,0
2026-09-05 19:50:00,114.8,50,69,24.6,0,0,0
2026-09-05 19:55:00,117.8,44,61,25.3,0,0,0
2026-09-05 20:00:00,119.8,74,68,28.8,0,0,0
2026-09-05 20:05:00,112.1,57,70,27.1,0,0,0
2026-09-05 20:10:00,111.2,36,63,27.6,0,0,0
2026-09-05 20:15:00,111.5,34,67,30.1,0,0,0
2026-09-05 20:20:00,110.0,73,70,27.8,0,0,0
2026-09-05 20:25:00,112.9,43,65,29.0,0,0,0
2026-09-05 20:30:00,115.0,48,67,28.7,0,0,0
2026-09-05 20:35:00,112.2,34,64,28.2,0,0,0
2026-09-05 20:40:00,111.3,92,67,27.8,0,0,0
2026-09-05 20:45:00,111.1,88,67,24.1,0,0,0
2026-09-05 20:50:00,111.8,18,65,27.5,0,0,0
2026-09-05 20:55:00,113.0,71,68,25.2,0,0,0
2026-09-05 21:00:00,112.9,48,65,27.0,0,0,0
2026-09-05 21:05:00,116.8,33,66,29.7,0,0,0
2026-09-05 21:10:00,115.0,79,73,24.4,0,44,68
2026-09-05 21:15:00,119.8,36,69,28.3,0,0,0
2026-09-05 21:20:00,122.8,78,70,27.4,0,0,0
2026-09-05 21:25:00,127.7,49,66,26.1,0,0,0
2026-09-05 21:30:00,131.6,48,65,25.4,0,0,0
2026-09-05 21:35:00,138.0,26,65,26.7,0,0,0
2026-09-05 21:40:00,143.7,53,66,28.0,0,0,0
2026-09-05 21:45:00,147.8,88,68,26.1,0,0,0
2026-09-05 21:50:00,146.8,23,65,27.0,0,0,0
2026-09-05 21:55:00,144.8,33,62,27.3,0,0,0
2026-09-05 22:00:00,145.1,78,70,27.0,0,0,0
2026-09-05 22:05:00,144.2,39,64,26.4,0,0,0
2026-09-05 22:10:00,141.1,55,67,29.8,0,0,0
2026-09-05 22:15:00,140.5,47,64,27.2,0,0,0
2026-09-05 22:20:00,142.2,22,63,26.5,0,0,0
2026-09-05 22:25:00,141.9,52,67,27.0,0,0,0
2026-09-05 22:30:00,140.3,27,65,28.7,0,0,0
2026-09-05 22:35:00,140.5,35,64,30.4,0,0,0
2026-09-05 22:40:00,141.7,21,65,26.4,0,0,0
2026-09-05 22:45:00,140.2,39,65,27.5,0,0,0
2026-09-05 22:50:00,141.5,20,64,29.6,0,0,0
2026-09-05 22:55:00,140.7,68,68,30.5,0,0,0
2026-09-05 23:00:00,138.2,42,65,26.5,0,0,0
2026-09-05 23:05:00,136.6,60,69,29.2,0,0,0
2026-09-05 23:10:00,137.4,82,68,27.7,0,0,0
2026-09-05 23:15:00,136.7,43,65,24.4,0,0,0
2026-09-05 23:20:00,137.1,35,63,28.6,0,0,0
2026-09-05 23:25:00,134.6,42,63,28.2,0,0,0
2026-09-05 23:30:00,131.5,62,64,25.5,0,0,0
2026-09-05 23:35:00,131.2,65,62,23.0,0,0,0
2026-09-05 23:40:00,127.0,51,64,24.6,0,0,0
2026-09-05 23:45:00,126.3,49,69,23.7,0,0,0
2026-09-05 23:50:00,125.9,22,63,25.2,0,0,0
2026-09-05 23:55:00,127.7,44,64,29.1,0,0,0
2026-09-06 00:00:00,119.2,47,68,30.0,0,0,0
2026-09-06 00:05:00,117.1,31,67,27.2,0,0,0
2026-09-06 00:10:00,121.0,98,66,28.8,0,0,0
2026-09-06 00:15:00,119.1,28,66,27.8,0,0,0
2026-09-06 00:20:00,117.9,41,65,26.0,0,0,0
2026-09-06 00:25:00,118.6,68,66,24.4,0,0,0
2026-09-06 00:30:00,117.6,62,69,30.4,0,0,0
2026-09-06 00:35:00,117.0,63,68,24.1,0,0,0
2026-09-06 00:40:00,112.5,44,60,29.0,0,0,0
2026-09-06 00:45:00,108.8,52,66,26.1,0,0,0
2026-09-06 00:50:00,108.4,0,58,45.6,1,0,0
2026-09-06 00:55:00,107.6,0,53,45.6,1,0,0
2026-09-06 01:00:00,106.9,0,53,45.3,1,0,0
2026-09-06 01:05:00,104.3,1,53,45.5,1,0,0
2026-09-06 01:10:00,109.2,0,60,47.6,1,0,0
2026-09-06 01:15:00,111.0,0,54,46.4,1,0,0
2026-09-06 01:20:00,112.9,0,54,46.2,1,0,0
2026-09-06 01:25:00,112.2,0,55,42.8,1,0,0
2026-09-06 01:30:00,114.2,0,56,44.6,1,0,0
2026-09-06 01:35:00,112.5,1,57,42.7,1,0,0
2026-09-06 01:40:00,114.8,0,58,45.4,1,0,0
2026-09-06 01:45:00,113.6,0,56,45.6,1,0,0
2026-09-06 01:50:00,112.8,0,54,41.4,1,0,0
2026-09-06 01:55:00,113.2,0,58,48.6,1,0,0
2026-09-06 02:00:00,113.2,1,52,42.9,1,0,0
2026-09-06 02:05:00,113.4,0,55,43.3,1,0,0
2026-09-06 02:10:00,114.4,1,55,45.4,1,0,0
2026-09-06 02:15:00,116.6,1,53,44.5,1,0,0
2026-09-06 02:20:00,114.0,0,52,44.1,1,0,0
2026-09-06 02:25:00,114.5,0,54,47.8,1,0,0
2026-09-06 02:30:00,116.8,0,57,45.8,1,0,0
2026-09-06 02:35:00,118.2,0,56,46.6,1,0,0
2026-09-06 02:40:00,117.2,1,56,46.3,1,0,0
2026-09-06 02:45:00,116.8,0,59,49.8,1,0,0
2026-09-06 02:50:00,114.2,0,55,46.5,1,0,0
2026-09-06 02:55:00,111.8,1,54,46.0,1,0,0
2026-09-06 03:00:00,112.2,0,52,43.4,1,0,0
2026-09-06 03:05:00,110.6,1,56,45.8,1,0,0
2026-09-06 03:10:00,112.7,0,53,46.6,1,0,0
2026-09-06 03:15:00,113.4,0,55,45.6,1,0,0
2026-09-06 03:20:00,113.7,0,56,45.2,1,0,0
2026-09-06 03:25:00,114.0,0,57,47.5,1,0,0
2026-09-06 03:30:00,112.2,2,55,47.5,1,0,0
2026-09-06 03:35:00,113.7,0,57,44.5,1,0,0
2026-09-06 03:40:00,114.4,0,61,46.4,1,0,0
2026-09-06 03:45:00,112.9,2,57,46.6,1,0,0
2026-09-06 03:50:00,112.4,1,55,48.0,1,0,0
2026-09-06 03:55:00,112.6,1,52,50.2,1,0,0
2026-09-06 04:00:00,114.3,0,53,44.8,1,0,0
2026-09-06 04:05:00,112.6,0,55,43.8,1,0,0
2026-09-06 04:10:00,111.1,1,59,43.3,1,0,0
2026-09-06 04:15:00,110.0,3,55,48.7,1,0,0
2026-09-06 04:20:00,106.9,0,55,49.8,1,0,0
2026-09-06 04:25:00,109.8,0,58,47.4,1,0,0
2026-09-06 04:30:00,108.4,0,51,46.7,1,0,0
2026-09-06 04:35:00,109.0,0,56,44.7,1,0,0
2026-09-06 04:40:00,110.2,0,55,43.4,1,0,0
2026-09-06 04:45:00,110.9,1,54,48.3,1,0,0
2026-09-06 04:50:00,109.9,0,54,41.4,1,0,0
2026-09-06 04:55:00,108.8,0,54,41.7,1,0,0
2026-09-06 05:00:00,109.1,2,53,46.9,1,0,0
2026-09-06 05:05:00,113.4,0,55,44.8,1,0,0
2026-09-06 05:10:00,115.0,0,55,46.3,1,0,0
2026-09-06 05:15:00,117.7,0,57,47.2,1,0,0
2026-09-06 05:20:00,115.2,0,54,44.1,1,0,0
2026-09-06 05:25:00,115.7,1,54,42.5,1,0,0
2026-09-06 05:30:00,115.7,1,55,45.5,1,0,0
2026-09-06 05:35:00,115.7,0,51,44.5,1,0,0
2026-09-06 05:40:00,116.7,1,55,41.7,1,0,0
2026-09-06 05:45:00,119.3,0,56,44.1,1,0,0
2026-09-06 05:50:00,119.5,0,54,45.2,1,0,0
2026-09-06 05:55:00,115.8,0,54,45.4,1,0,0
2026-09-06 06:00:00,114.9,0,53,46.5,1,0,0
2026-09-06 06:05:00,119.3,0,51,46.2,1,0,0
2026-09-06 06:10:00,119.2,0,53,49.3,1,0,0
2026-09-06 06:15:00,112.9,0,53,44.0,1,0,0
2026-09-06 06:20:00,116.1,0,56,43.7,1,0,0
2026-09-06 06:25:00,116.0,0,55,44.3,1,0,0
2026-09-06 06:30:00,116.5,0,54,44.2,1,0,0
2026-09-06 06:35:00,116.7,0,54,43.8,1,0,0
2026-09-06 06:40:00,116.3,0,53,45.0,1,0,0
2026-09-06 06:45:00,116.8,0,57,45.1,1,0,0
2026-09-06 06:50:00,119.2,33,66,26.5,0,0,0
2026-09-06 06:55:00,122.0,44,63,26.1,0,0,0
2026-09-06 07:00:00,120.7,35,63,28.9,0,0,0
2026-09-06 07:05:00,118.2,25,63,29.5,0,0,0
2026-09-06 07:10:00,118.1,31,64,31.4,0,53,65
2026-09-06 07:15:00,124.8,29,68,30.1,0,0,0
2026-09-06 07:20:00,128.4,108,74,26.7,0,0,0
2026-09-06 07:25:00,132.9,14,64,30.9,0,0,0
2026-09-06 07:30:00,136.4,35,67,29.8,0,0,0
2026-09-06 07:35:00,142.7,46,72,27.8,0,0,0
2026-09-06 07:40:00,144.4,21,67,27.8,0,0,0
2026-09-06 07:45:00,146.3,31,68,28.3,0,0,0
2026-09-06 07:50:00,145.0,105,71,31.2,0,0,0
2026-09-06 07:55:00,140.1,53,66,30.5,0,0,0
2026-09-06 08:00:00,139.3,36,67,29.1,0,0,0
2026-09-06 08:05:00,141.1,33,64,23.2,0,0,0
2026-09-06 08:10:00,143.8,38,65,28.2,0,0,0
2026-09-06 08:15:00,142.0,35,70,26.8,0,0,0
2026-09-06 08:20:00,139.6,28,63,28.2,0,0,0
2026-09-06 08:25:00,137.3,42,69,27.6,0,0,0
2026-09-06 08:30:00,140.3,100,68,28.7,0,0,0
2026-09-06 08:35:00,139.4,36,66,28.4,0,0,0
2026-09-06 08:40:00,136.6,68,69,26.9,0,0,0
2026-09-06 08:45:00,132.8,22,65,26.8,0,0,0
2026-09-06 08:50:00,128.4,25,60,28.3,0,0,0
2026-09-06 08:55:00,128.0,44,66,27.7,0,0,0
2026-09-06 09:00:00,129.6,41,66,29.9,0,0,0
2026-09-06 09:05:00,128.0,46,64,27.4,0,0,0
2026-09-06 09:10:00,128.4,34,65,24.8,0,0,0
2026-09-06 09:15:00,127.8,45,66,30.8,0,0,0
2026-09-06 09:20:00,123.7,66,67,28.0,0,0,0
2026-09-06 09:25:00,122.6,44,66,31.6,0,0,0
2026-09-06 09:30:00,121.9,65,66,27.0,0,0,0
2026-09-06 09:35:00,118.8,60,63,25.2,0,0,0
2026-09-06 09:40:00,114.8,38,65,24.3,0,0,0
2026-09-06 09:45:00,112.7,51,65,24.9,0,0,0
2026-09-06 09:50:00,111.7,102,68,30.2,0,0,0
2026-09-06 09:55:00,113.0,43,61,29.8,0,0,0
2026-09-06 10:00:00,116.1,58,63,26.8,0,0,0
2026-09-06 10:05:00,115.1,53,67,26.6,0,0,0
2026-09-06 10:10:00,113.0,27,64,29.0,0,0,0
2026-09-06 10:15:00,113.2,74,67,31.1,0,0,0
2026-09-06 10:20:00,113.5,58,63,26.2,0,0,0
2026-09-06 10:25:00,111.3,32,65,28.3,0,0,0
2026-09-06 10:30:00,111.6,49,66,24.8,0,0,0
2026-09-06 10:35:00,107.9,68,65,30.3,0,0,0
2026-09-06 10:40:00,107.5,46,65,24.9,0,0,0
2026-09-06 10:45:00,107.6,112,70,29.3,0,0,0
2026-09-06 10:50:00,108.1,76,67,28.6,0,0,0
2026-09-06 10:55:00,109.3,66,69,25.9,0,0,0
2026-09-06 11:00:00,108.0,127,71,29.1,0,0,0
2026-09-06 11:05:00,112.2,56,72,28.3,0,0,0
2026-09-06 11:10:00,114.7,58,68,23.6,0,0,0
2026-09-06 11:15:00,118.9,62,68,27.5,0,0,0
2026-09-06 11:20:00,119.4,45,66,27.5,0,0,0
2026-09-06 11:25:00,119.2,68,67,29.0,0,0,0
2026-09-06 11:30:00,118.3,49,63,27.2,0,0,0
2026-09-06 11:35:00,117.1,28,65,28.7,0,0,0
2026-09-06 11:40:00,116.1,30,66,29.5,0,0,0
2026-09-06 11:45:00,118.4,69,70,28.6,0,0,0
2026-09-06 11:50:00,117.0,44,65,28.5,0,0,0
2026-09-06 11:55:00,119.0,24,65,28.3,0,0,0
2026-09-06 12:00:00,119.0,63,66,28.2,0,0,0
2026-09-06 12:05:00,122.1,57,67,27.4,0,0,0
2026-09-06 12:10:00,124.8,55,66,28.7,0,0,0
2026-09-06 12:15:00,123.9,46,66,26.8,0,0,0
2026-09-06 12:20:00,123.8,37,64,27.7,0,0,0
2026-09-06 12:25:00,122.9,49,65,29.5,0,0,0
2026-09-06 12:30:00,120.0,102,67,28.5,0,0,0
2026-09-06 12:35:00,121.0,48,69,26.2,0,0,0
2026-09-06 12:40:00,120.6,50,64,29.5,0,0,0
2026-09-06 12:45:00,118.4,73,69,27.4,0,0,0
2026-09-06 12:50:00,114.6,24,66,21.1,0,0,0
2026-09-06 12:55:00,115.6,53,67,28.1,0,0,0
2026-09-06 13:00:00,115.1,33,66,24.8,0,0,0
2026-09-06 13:05:00,110.9,101,67,26.7,0,0,0
2026-09-06 13:10:00,108.1,38,66,27.6,0,0,0
2026-09-06 13:15:00,108.2,467,90,26.5,0,0,0
2026-09-06 13:20:00,110.3,476,94,26.7,0,52,50
2026-09-06 13:25:00,115.2,465,94,26.2,0,0,0
2026-09-06 13:30:00,120.3,521,99,24.9,0,0,0
2026-09-06 13:35:00,123.6,106,71,28.7,0,0,0
2026-09-06 13:40:00,127.9,29,66,28.1,0,0,0
2026-09-06 13:45:00,129.3,35,70,30.3,0,0,0
2026-09-06 13:50:00,129.7,48,64,30.4,0,0,0
2026-09-06 13:55:00,129.2,52,67,26.3,0,0,0
2026-09-06 14:00:00,132.0,52,67,29.4,0,0,0
2026-09-06 14:05:00,132.7,47,63,26.1,0,0,0
2026-09-06 14:10:00,135.2,36,67,27.5,0,0,0
2026-09-06 14:15:00,133.4,45,63,28.5,0,0,0
2026-09-06 14:20:00,133.1,16,64,31.3,0,0,0
2026-09-06 14:25:00,131.1,58,66,30.6,0,0,0
2026-09-06 14:30:00,126.7,65,66,25.3,0,0,0
2026-09-06 14:35:00,126.1,30,66,26.9,0,0,0
2026-09-06 14:40:00,127.1,39,60,28.8,0,0,0
2026-09-06 14:45:00,127.8,59,68,30.3,0,0,0
2026-09-06 14:50:00,128.7,41,63,26.1,0,0,0
2026-09-06 14:55:00,129.1,34,61,25.9,0,0,0
2026-09-06 15:00:00,129.4,38,69,26.5,0,0,0
2026-09-06 15:05:00,130.2,42,67,24.8,0,0,0
2026-09-06 15:10:00,128.7,32,64,29.4,0,0,0
2026-09-06 15:15:00,126.2,71,66,22.4,0,0,0
2026-09-06 15:20:00,125.3,63,68,26.0,0,0,0
2026-09-06 15:25:00,125.0,53,68,27.7,0,0,0
2026-09-06 15:30:00,120.2,23,65,26.3,0,0,0
2026-09-06 15:35:00,121.3,50,65,25.4,0,0,0
2026-09-06 15:40:00,121.5,49,69,26.6,0,0,0
2026-09-06 15:45:00,119.1,49,63,25.8,0,0,0
2026-09-06 15:50:00,117.8,34,65,26.7,0,0,0
2026-09-06 15:55:00,117.6,33,67,27.4,0,0,0
2026-09-06 16:00:00,118.4,53,64,23.0,0,0,0
2026-09-06 16:05:00,116.2,45,63,28.4,0,0,0
2026-09-06 16:10:00,114.5,58,69,26.2,0,0,0
2026-09-06 16:15:00,115.4,52,67,25.9,0,0,0
2026-09-06 16:20:00,116.0,48,65,29.3,0,0,0
2026-09-06 16:25:00,117.1,43,66,25.5,0,0,0
2026-09-06 16:30:00,117.2,69,67,27.4,0,0,0
2026-09-06 16:35:00,115.1,51,65,29.0,0,0,0
2026-09-06 16:40:00,114.1,68,65,27.1,0,0,0
2026-09-06 16:45:00,112.7,24,63,26.2,0,0,0
2026-09-06 16:50:00,112.0,26,64,28.6,0,0,0
2026-09-06 16:55:00,109.6,78,68,25.9,0,0,0
2026-09-06 17:00:00,111.0,19,65,26.5,0,0,0
2026-09-06 17:05:00,112.6,38,67,28.6,0,0,0
2026-09-06 17:10:00,114.9,38,69,31.4,0,0,0
2026-09-06 17:15:00,116.1,48,65,26.5,0,0,0
2026-09-06 17:20:00,111.6,86,71,24.1,0,39,80
2026-09-06 17:25:00,120.1,46,68,27.0,0,0,0
2026-09-06 17:30:00,123.3,47,68,28.0,0,0,0
2026-09-06 17:35:00,127.1,20,69,29.1,0,0,0
2026-09-06 17:40:00,131.3,24,67,25.5,0,0,0
2026-09-06 17:45:00,133.0,65,66,28.4,0,0,0
2026-09-06 17:50:00,135.3,53,66,26.7,0,0,0
2026-09-06 17:55:00,132.0,63,64,27.9,0,0,0
2026-09-06 18:00:00,131.5,19,62,27.6,0,0,0
2026-09-06 18:05:00,135.5,42,63,27.4,0,0,0
2026-09-06 18:10:00,138.5,54,66,25.6,0,0,0
2026-09-06 18:15:00,136.9,48,68,28.8,0,0,0
2026-09-06 18:20:00,135.8,31,65,26.7,0,0,0
2026-09-06 18:25:00,134.6,106,65,27.5,0,0,0
2026-09-06 18:30:00,135.8,31,68,21.8,0,0,0
2026-09-06 18:35:00,132.5,55,69,28.2,0,0,0
2026-09-06 18:40:00,132.6,36,62,28.9,0,0,0
2026-09-06 18:45:00,134.2,68,64,27.6,0,0,0
2026-09-06 18:50:00,128.2,44,66,29.3,0,0,0
2026-09-06 18:55:00,130.5,70,66,22.8,0,0,0
2026-09-06 19:00:00,128.8,65,68,30.6,0,0,0
2026-09-06 19:05:00,127.6,43,64,29.7,0,0,0
2026-09-06 19:10:00,125.5,48,69,29.3,0,0,0
2026-09-06 19:15:00,126.8,41,64,27.7,0,0,0
2026-09-06 19:20:00,124.3,54,68,25.1,0,0,0
2026-09-06 19:25:00,123.4,53,68,29.0,0,0,0
2026-09-06 19:30:00,124.1,56,66,28.3,0,0,0
2026-09-06 19:35:00,118.5,25,64,28.2,0,0,0
2026-09-06 19:40:00,119.5,53,68,29.2,0,0,0
2026-09-06 19:45:00,119.5,44,67,25.7,0,0,0
2026-09-06 19:50:00,119.4,33,63,26.7,0,0,0
2026-09-06 19:55:00,115.6,55,64,29.3,0,0,0
2026-09-06 20:00:00,116.6,43,69,30.1,0,0,0
2026-09-06 20:05:00,116.9,18,63,28.9,0,0,0
2026-09-06 20:10:00,113.3,37,63,29.1,0,0,0
2026-09-06 20:15:00,114.6,63,69,29.2,0,0,0
2026-09-06 20:20:00,117.4,48,67,28.9,0,0,0
2026-09-06 20:25:00,121.2,59,68,31.2,0,0,0
2026-09-06 20:30:00,119.9,69,74,25.9,0,103,70
2026-09-06 20:35:00,135.8,37,71,26.0,0,0,0
2026-09-06 20:40:00,150.7,34,73,27.6,0,0,0
2026-09-06 20:45:00,161.3,57,69,26.0,0,0,0
2026-09-06 20:50:00,169.8,99,73,36.1,0,0,0
2026-09-06 20:55:00,174.3,41,67,22.5,0,0,0
2026-09-06 21:00:00,177.9,58,69,26.8,0,0,0
2026-09-06 21:05:00,179.6,45,65,28.5,0,0,0
2026-09-06 21:10:00,182.1,41,66,25.8,0,0,0
2026-09-06 21:15:00,181.0,42,65,23.8,0,0,0
2026-09-06 21:20:00,181.6,23,63,27.1,0,0,0
2026-09-06 21:25:00,181.1,31,63,27.3,0,0,0
2026-09-06 21:30:00,178.1,63,67,28.6,0,0,0
2026-09-06 21:35:00,174.6,21,59,26.0,0,0,0
2026-09-06 21:40:00,174.4,44,68,31.4,0,0,0
2026-09-06 21:45:00,168.7,28,66,29.4,0,0,0
2026-09-06 21:50:00,168.8,49,62,28.8,0,0,0
2026-09-06 21:55:00,167.5,31,64,27.4,0,0,0
2026-09-06 22:00:00,163.7,24,61,25.3,0,0,0
2026-09-06 22:05:00,160.0,110,68,26.9,0,0,0
2026-09-06 22:10:00,155.6,46,63,33.1,0,0,0
2026-09-06 22:15:00,155.8,21,67,26.7,0,0,0
2026-09-06 22:20:00,154.4,37,65,30.2,0,0,0
2026-09-06 22:25:00,154.2,16,63,27.5,0,0,0
2026-09-06 22:30:00,148.0,40,65,25.4,0,0,0
2026-09-06 22:35:00,144.7,51,67,27.1,0,0,0
2026-09-06 22:40:00,142.3,26,64,24.9,0,0,0
2026-09-06 22:45:00,137.6,30,66,29.7,0,0,0
2026-09-06 22:50:00,138.1,74,68,28.3,0,0,0
2026-09-06 22:55:00,137.0,28,64,28.9,0,0,0
2026-09-06 23:00:00,135.1,22,65,27.7,0,0,0
2026-09-06 23:05:00,133.2,45,65,25.8,0,0,0
2026-09-06 23:10:00,129.2,94,68,26.6,0,0,0
2026-09-06 23:15:00,127.9,69,69,25.2,0,0,0
2026-09-06 23:20:00,124.0,35,63,29.7,0,0,0
2026-09-06 23:25:00,122.5,33,64,27.0,0,0,0
2026-09-06 23:30:00,124.9,36,65,24.9,0,0,0
2026-09-06 23:35:00,127.3,44,66,25.8,0,0,0
2026-09-06 23:40:00,122.2,58,65,30.3,0,0,0
2026-09-06 23:45:00,118.7,48,65,29.7,0,0,0
2026-09-06 23:50:00,116.8,41,64,26.8,0,0,0
2026-09-06 23:55:00,117.9,35,68,27.3,0,0,0
2026-09-07 00:00:00,121.2,66,66,26.9,0,0,0
2026-09-07 00:05:00,119.9,0,55,43.9,1,0,0
2026-09-07 00:10:00,121.4,0,54,43.6,1,0,0
2026-09-07 00:15:00,120.2,0,57,45.5,1,0,0
2026-09-07 00:20:00,119.8,0,55,41.4,1,0,0
2026-09-07 00:25:00,115.8,0,53,41.1,1,0,0
2026-09-07 00:30:00,116.5,0,54,46.7,1,0,0
2026-09-07 00:35:00,114.8,1,54,42.3,1,0,0
2026-09-07 00:40:00,117.8,0,55,40.2,1,0,0
2026-09-07 00:45:00,116.9,0,55,41.2,1,0,0
2026-09-07 00:50:00,116.3,0,55,44.4,1,0,0
2026-09-07 00:55:00,117.9,0,56,46.4,1,0,0
2026-09-07 01:00:00,118.5,0,57,44.8,1,0,0
2026-09-07 01:05:00,119.3,0,61,45.0,1,0,0
2026-09-07 01:10:00,119.7,0,57,44.2,1,0,0
2026-09-07 01:15:00,117.6,0,56,47.5,1,0,0
2026-09-07 01:20:00,115.9,0,57,45.2,1,0,0
2026-09-07 01:25:00,116.5,0,56,45.2,1,0,0
2026-09-07 01:30:00,117.2,0,55,42.1,1,0,0
2026-09-07 01:35:00,114.4,1,55,43.5,1,0,0
2026-09-07 01:40:00,116.7,0,62,44.8,1,0,0
2026-09-07 01:45:00,115.7,1,56,42.6,1,0,0
2026-09-07 01:50:00,120.8,0,55,44.1,1,0,0
2026-09-07 01:55:00,120.2,0,58,43.2,1,0,0
2026-09-07 02:00:00,119.7,2,54,45.4,1,0,0
2026-09-07 02:05:00,117.0,0,55,43.5,1,0,0
2026-09-07 02:10:00,121.1,0,56,43.2,1,0,0
2026-09-07 02:15:00,119.5,1,58,46.4,1,0,0
2026-09-07 02:20:00,119.8,0,55,44.1,1,0,0
2026-09-07 02:25:00,120.9,0,55,40.4,1,0,0
2026-09-07 02:30:00,123.2,0,52,43.3,1,0,0
2026-09-07 02:35:00,121.5,0,56,39.1,1,0,0
2026-09-07 02:40:00,119.8,0,53,41.7,1,0,0
2026-09-07 02:45:00,121.2,0,58,44.0,1,0,0
2026-09-07 02:50:00,122.6,0,56,40.0,1,0,0
2026-09-07 02:55:00,122.2,0,57,48.0,1,0,0
2026-09-07 03:00:00,119.5,1,60,44.0,1,0,0
2026-09-07 03:05:00,120.3,0,50,41.3,1,0,0
2026-09-07 03:10:00,120.0,0,54,42.1,1,0,0
2026-09-07 03:15:00,122.6,0,54,39.6,1,0,0
2026-09-07 03:20:00,123.0,1,56,44.2,1,0,0
2026-09-07 03:25:00,122.5,1,58,44.9,1,0,0
2026-09-07 03:30:00,121.8,1,56,44.4,1,0,0
2026-09-07 03:35:00,121.9,0,56,42.0,1,0,0
2026-09-07 03:40:00,121.1,0,52,44.9,1,0,0
2026-09-07 03:45:00,119.5,0,55,40.2,1,0,0
2026-09-07 03:50:00,123.9,0,51,42.8,1,0,0
2026-09-07 03:55:00,118.3,0,54,45.2,1,0,0
2026-09-07 04:00:00,119.5,0,57,43.2,1,0,0
2026-09-07 04:05:00,120.4,0,53,44.5,1,0,0
2026-09-07 04:10:00,121.7,0,60,45.5,1,0,0
2026-09-07 04:15:00,121.4,0,58,47.3,1,0,0
2026-09-07 04:20:00,123.5,0,56,43.9,1,0,0
2026-09-07 04:25:00,126.5,0,52,47.8,1,0,0
2026-09-07 04:30:00,125.9,0,53,43.6,1,0,0
2026-09-07 04:35:00,127.4,1,54,43.8,1,0,0
2026-09-07 04:40:00,128.0,0,58,41.0,1,0,0
2026-09-07 04:45:00,127.4,0,54,40.9,1,0,0
2026-09-07 04:50:00,127.8,0,55,41.3,1,0,0
2026-09-07 04:55:00,129.9,2,59,44.5,1,0,0
2026-09-07 05:00:00,131.5,1,59,43.7,1,0,0
2026-09-07 05:05:00,128.1,0,57,42.8,1,0,0
2026-09-07 05:10:00,128.9,1,59,42.2,1,0,0
2026-09-07 05:15:00,129.8,2,53,48.0,1,0,0
2026-09-07 05:20:00,125.5,1,58,41.7,1,0,0
2026-09-07 05:25:00,125.7,0,53,43.5,1,0,0
2026-09-07 05:30:00,125.2,0,52,40.7,1,0,0
2026-09-07 05:35:00,123.2,0,55,44.7,1,0,0
2026-09-07 05:40:00,125.3,0,52,41.8,1,0,0
2026-09-07 05:45:00,127.4,1,59,44.4,1,0,0
2026-09-07 05:50:00,128.4,0,56,42.9,1,0,0
2026-09-07 05:55:00,128.4,0,57,42.0,1,0,0
2026-09-07 06:00:00,130.0,0,54,44.4,1,0,0
2026-09-07 06:05:00,130.5,2,57,45.2,1,0,0
2026-09-07 06:10:00,129.0,0,55,42.4,1,0,0
2026-09-07 06:15:00,129.6,1,56,44.0,1,0,0
2026-09-07 06:20:00,123.1,0,54,47.3,1,0,0
2026-09-07 06:25:00,123.1,1,56,40.4,1,0,0
2026-09-07 06:30:00,126.7,0,55,43.6,1,0,0
2026-09-07 06:35:00,127.4,0,54,41.6,1,0,0
2026-09-07 06:40:00,124.9,41,66,28.9,0,0,0
2026-09-07 06:45:00,123.7,51,66,28.7,0,0,0
2026-09-07 06:50:00,123.4,48,64,27.2,0,0,0
2026-09-07 06:55:00,127.6,70,67,27.4,0,0,0
2026-09-07 07:00:00,126.5,68,69,30.7,0,0,0
2026-09-07 07:05:00,122.3,28,63,26.0,0,0,0
2026-09-07 07:10:00,121.7,58,65,27.9,0,0,0
2026-09-07 07:15:00,123.4,99,71,27.8,0,0,0
2026-09-07 07:20:00,124.0,19,65,27.9,0,0,0
2026-09-07 07:25:00,123.6,43,64,25.4,0,0,0
2026-09-07 07:30:00,124.3,30,60,30.0,0,0,0
2026-09-07 07:35:00,121.2,34,67,22.7,0,0,0
2026-09-07 07:40:00,123.3,53,66,27.0,0,0,0
2026-09-07 07:45:00,122.1,42,66,28.1,0,0,0
2026-09-07 07:50:00,122.4,29,65,24.3,0,0,0
2026-09-07 07:55:00,121.0,75,70,24.1,0,0,0
2026-09-07 08:00:00,122.7,44,68,26.3,0,0,0
2026-09-07 08:05:00,124.4,61,62,31.9,0,0,0
2026-09-07 08:10:00,122.0,36,66,28.9,0,0,0
2026-09-07 08:15:00,123.3,77,68,30.5,0,0,0
2026-09-07 08:20:00,124.1,25,69,28.6,0,0,0
2026-09-07 08:25:00,122.0,73,69,25.0,0,0,0
2026-09-07 08:30:00,124.6,41,64,27.9,0,0,0
2026-09-07 08:35:00,121.1,54,65,27.1,0,0,0
2026-09-07 08:40:00,124.4,54,66,27.9,0,0,0
2026-09-07 08:45:00,126.2,25,67,24.3,0,43,65
2026-09-07 08:50:00,132.5,38,66,27.6,0,0,0
2026-09-07 08:55:00,137.1,33,69,28.0,0,0,0
2026-09-07 09:00:00,141.6,39,68,27.5,0,0,0
2026-09-07 09:05:00,144.7,47,68,26.5,0,0,0
2026-09-07 09:10:00,146.9,46,68,25.6,0,0,0
2026-09-07 09:15:00,147.9,24,64,29.3,0,0,0
2026-09-07 09:20:00,149.6,70,67,26.9,0,0,0
2026-09-07 09:25:00,151.8,57,67,27.1,0,0,0
2026-09-07 09:30:00,149.0,48,67,23.8,0,0,0
2026-09-07 09:35:00,147.4,46,68,23.8,0,0,0
2026-09-07 09:40:00,145.6,63,67,26.1,0,0,0
2026-09-07 09:45:00,145.6,21,61,28.7,0,0,0
2026-09-07 09:50:00,144.1,58,64,27.0,0,0,0
2026-09-07 09:55:00,141.6,56,67,28.5,0,0,0
2026-09-07 10:00:00,141.0,24,67,27.6,0,0,0
2026-09-07 10:05:00,140.9,27,64,25.7,0,0,0
2026-09-07 10:10:00,139.4,49,66,24.7,0,0,0
2026-09-07 10:15:00,138.0,30,63,28.9,0,0,0
2026-09-07 10:20:00,134.7,40,67,29.4,0,0,0
2026-09-07 10:25:00,128.4,33,66,24.7,0,0,0
2026-09-07 10:30:00,130.9,76,66,25.3,0,0,0
2026-09-07 10:35:00,129.5,71,67,28.4,0,0,0
2026-09-07 10:40:00,128.2,36,69,27.7,0,0,0
2026-09-07 10:45:00,130.0,39,63,26.7,0,0,0
2026-09-07 10:50:00,128.9,54,68,26.8,0,0,0
2026-09-07 10:55:00,129.4,33,63,26.6,0,0,0
2026-09-07 11:00:00,126.7,37,57,29.6,0,0,0
2026-09-07 11:05:00,127.7,53,67,26.1,0,0,0
2026-09-07 11:10:00,126.3,115,69,28.1,0,0,0
2026-09-07 11:15:00,127.0,59,69,25.8,0,0,0
2026-09-07 11:20:00,126.1,29,65,27.4,0,0,0
2026-09-07 11:25:00,123.8,72,68,28.7,0,0,0
2026-09-07 11:30:00,123.6,51,63,25.4,0,0,0
2026-09-07 11:35:00,119.6,48,63,30.7,0,0,0
2026-09-07 11:40:00,120.0,50,67,27.7,0,0,0
2026-09-07 11:45:00,123.7,84,71,27.6,0,0,0
2026-09-07 11:50:00,124.6,44,66,25.3,0,0,0
2026-09-07 11:55:00,122.6,82,70,26.1,0,0,0
2026-09-07 12:00:00,121.5,63,69,26.6,0,0,0
2026-09-07 12:05:00,121.3,36,67,26.3,0,0,0
2026-09-07 12:10:00,119.2,56,66,28.3,0,0,0
2026-09-07 12:15:00,119.6,26,66,26.1,0,0,0
2026-09-07 12:20:00,117.9,31,65,26.5,0,0,0
2026-09-07 12:25:00,117.5,44,64,25.5,0,0,0
2026-09-07 12:30:00,119.3,56,67,26.8,0,0,0
2026-09-07 12:35:00,119.9,49,65,26.5,0,0,0
2026-09-07 12:40:00,120.3,32,63,26.7,0,0,0
2026-09-07 12:45:00,122.4,29,67,29.6,0,0,0
2026-09-07 12:50:00,124.2,33,63,24.3,0,0,0
2026-09-07 12:55:00,124.1,55,69,27.4,0,0,0
2026-09-07 13:00:00,122.0,49,68,27.9,0,0,0
2026-09-07 13:05:00,120.7,49,69,26.9,0,0,0
2026-09-07 13:10:00,120.1,26,64,28.8,0,0,0
2026-09-07 13:15:00,119.0,43,64,29.0,0,0,0
2026-09-07 13:20:00,118.4,51,64,28.7,0,0,0
2026-09-07 13:25:00,118.6,52,65,25.4,0,0,0
2026-09-07 13:30:00,119.3,43,70,26.0,0,0,0
2026-09-07 13:35:00,119.6,57,63,25.0,0,0,0
2026-09-07 13:40:00,120.2,25,70,27.4,0,0,0
2026-09-07 13:45:00,120.8,51,73,27.0,0,80,75
2026-09-07 13:50:00,138.0,41,71,27.5,0,0,0
2026-09-07 13:55:00,146.2,52,70,27.8,0,0,0
2026-09-07 14:00:00,154.4,33,72,26.0,0,0,0
2026-09-07 14:05:00,162.7,60,68,26.1,0,0,0
2026-09-07 14:10:00,168.9,54,71,27.3,0,0,0
2026-09-07 14:15:00,174.2,37,65,25.2,0,0,0
2026-09-07 14:20:00,174.3,75,67,27.1,0,0,0
2026-09-07 14:25:00,174.5,37,65,29.4,0,0,0
2026-09-07 14:30:00,178.8,41,65,26.1,0,0,0
2026-09-07 14:35:00,174.0,31,66,27.0,0,0,0
2026-09-07 14:40:00,168.4,49,65,22.9,0,0,0
2026-09-07 14:45:00,165.6,29,65,27.2,0,0,0
2026-09-07 14:50:00,164.3,43,66,27.1,0,0,0
2026-09-07 14:55:00,163.9,20,68,26.0,0,0,0
2026-09-07 15:00:00,161.4,28,63,28.8,0,0,0
2026-09-07 15:05:00,157.4,40,68,27.1,0,0,0
2026-09-07 15:10:00,153.4,36,64,28.4,0,0,0
2026-09-07 15:15:00,155.1,91,66,24.8,0,0,0
2026-09-07 15:20:00,153.3,43,66,28.4,0,0,0
2026-09-07 15:25:00,147.9,11,65,24.7,0,0,0
2026-09-07 15:30:00,147.5,74,68,25.1,0,0,0
2026-09-07 15:35:00,146.4,43,63,28.1,0,0,0
2026-09-07 15:40:00,142.6,77,69,28.2,0,0,0
2026-09-07 15:45:00,144.0,85,66,26.6,0,0,0
2026-09-07 15:50:00,139.3,57,65,27.8,0,0,0
2026-09-07 15:55:00,136.5,27,62,24.6,0,0,0
2026-09-07 16:00:00,138.5,40,65,25.5,0,0,0
2026-09-07 16:05:00,138.3,66,69,26.2,0,0,0
2026-09-07 16:10:00,137.5,43,63,25.5,0,0,0
2026-09-07 16:15:00,136.6,37,67,27.4,0,0,0
2026-09-07 16:20:00,137.1,62,66,28.6,0,0,0
2026-09-07 16:25:00,135.2,51,67,27.9,0,0,0
2026-09-07 16:30:00,134.7,45,66,26.1,0,0,0
2026-09-07 16:35:00,135.1,22,62,26.1,0,0,0
2026-09-07 16:40:00,131.7,42,67,26.0,0,0,0
2026-09-07 16:45:00,128.3,74,65,26.5,0,0,0
2026-09-07 16:50:00,129.5,56,69,29.7,0,0,0
2026-09-07 16:55:00,129.8,12,60,23.6,0,0,0
2026-09-07 17:00:00,127.2,50,67,26.5,0,0,0
2026-09-07 17:05:00,127.5,24,64,24.1,0,0,0
2026-09-07 17:10:00,129.5,60,65,25.7,0,0,0
2026-09-07 17:15:00,128.1,31,70,28.0,0,16,35
2026-09-07 17:20:00,127.7,141,74,25.2,0,0,0
2026-09-07 17:25:00,127.7,50,68,24.7,0,0,0
2026-09-07 17:30:00,126.7,35,69,29.0,0,0,0
2026-09-07 17:35:00,124.2,49,68,25.6,0,0,0
2026-09-07 17:40:00,128.5,23,69,29.3,0,0,0
2026-09-07 17:45:00,131.7,45,71,24.0,0,0,0
2026-09-07 17:50:00,132.0,26,61,27.3,0,0,0
2026-09-07 17:55:00,131.3,18,63,29.2,0,0,0
2026-09-07 18:00:00,124.9,47,62,29.3,0,0,0
2026-09-07 18:05:00,125.0,45,68,26.0,0,0,0
2026-09-07 18:10:00,122.0,72,68,30.0,0,0,0
2026-09-07 18:15:00,120.3,42,66,30.1,0,0,0
2026-09-07 18:20:00,119.8,14,59,28.1,0,0,0
2026-09-07 18:25:00,120.4,27,64,26.6,0,0,0
2026-09-07 18:30:00,122.1,28,63,29.5,0,0,0
2026-09-07 18:35:00,119.4,40,68,27.8,0,0,0
2026-09-07 18:40:00,119.6,21,65,28.0,0,0,0
2026-09-07 18:45:00,118.1,38,66,30.6,0,0,0
2026-09-07 18:50:00,114.7,84,67,30.6,0,0,0
2026-09-07 18:55:00,115.4,26,65,25.9,0,0,0
2026-09-07 19:00:00,114.6,18,65,25.8,0,0,0
2026-09-07 19:05:00,114.5,28,65,27.5,0,0,0
2026-09-07 19:10:00,114.7,73,66,23.9,0,0,0
2026-09-07 19:15:00,114.0,61,68,26.8,0,0,0
2026-09-07 19:20:00,114.1,458,89,30.2,0,0,0
2026-09-07 19:25:00,110.9,464,93,26.4,0,0,0
2026-09-07 19:30:00,109.5,483,91,28.0,0,0,0
2026-09-07 19:35:00,111.9,68,71,26.1,0,0,0
2026-09-07 19:40:00,111.2,28,63,27.7,0,0,0
2026-09-07 19:45:00,110.9,39,70,25.4,0,0,0
2026-09-07 19:50:00,109.8,33,62,27.0,0,0,0
2026-09-07 19:55:00,110.5,29,63,30.0,0,0,0
2026-09-07 20:00:00,111.1,57,66,27.8,0,0,0
2026-09-07 20:05:00,114.5,81,69,27.1,0,0,0
2026-09-07 20:10:00,113.2,66,67,20.4,0,0,0
2026-09-07 20:15:00,111.2,31,63,26.3,0,0,0
2026-09-07 20:20:00,111.7,24,65,27.5,0,0,0
2026-09-07 20:25:00,108.4,48,67,29.6,0,0,0
2026-09-07 20:30:00,108.4,42,67,28.0,0,0,0
2026-09-07 20:35:00,109.4,36,66,27.5,0,0,0
2026-09-07 20:40:00,113.5,29,62,26.2,0,0,0
2026-09-07 20:45:00,113.0,15,63,30.3,0,0,0
2026-09-07 20:50:00,111.5,48,64,31.5,0,0,0
2026-09-07 20:55:00,114.3,101,69,28.1,0,0,0
2026-09-07 21:00:00,113.2,44,68,26.5,0,0,0
2026-09-07 21:05:00,114.1,59,69,27.8,0,96,70
2026-09-07 21:10:00,131.1,77,71,29.5,0,0,0
2026-09-07 21:15:00,147.2,25,68,29.8,0,0,0
2026-09-07 21:20:00,159.5,23,67,28.1,0,0,0
2026-09-07 21:25:00,172.0,48,71,28.6,0,0,0
2026-09-07 21:30:00,174.6,48,69,30.2,0,0,0
2026-09-07 21:35:00,177.2,31,64,26.3,0,0,0
2026-09-07 21:40:00,180.7,56,65,28.9,0,0,0
2026-09-07 21:45:00,182.7,43,68,24.2,0,0,0
2026-09-07 21:50:00,183.1,27,65,29.0,0,0,0
2026-09-07 21:55:00,180.8,47,68,26.2,0,0,0
2026-09-07 22:00:00,176.5,26,67,30.3,0,0,0
2026-09-07 22:05:00,179.0,79,70,29.6,0,0,0
2026-09-07 22:10:00,175.7,43,63,23.9,0,0,0
2026-09-07 22:15:00,173.9,20,65,26.7,0,0,0
2026-09-07 22:20:00,170.1,20,67,26.5,0,0,0
2026-09-07 22:25:00,163.5,28,64,27.0,0,0,0
2026-09-07 22:30:00,161.8,53,64,26.0,0,0,0
2026-09-07 22:35:00,160.4,23,68,26.7,0,0,0
2026-09-07 22:40:00,156.7,31,64,28.1,0,0,0
2026-09-07 22:45:00,153.2,61,63,24.4,0,0,0
2026-09-07 22:50:00,149.9,71,63,27.1,0,0,0
2026-09-07 22:55:00,149.0,49,67,26.2,0,0,0
2026-09-07 23:00:00,146.0,56,68,27.7,0,0,0
2026-09-07 23:05:00,146.1,67,66,27.3,0,0,0
2026-09-07 23:10:00,144.1,28,66,32.0,0,0,0
2026-09-07 23:15:00,140.4,50,66,24.9,0,0,0
2026-09-07 23:20:00,140.7,52,69,28.5,0,0,0
2026-09-07 23:25:00,139.1,74,69,25.4,0,0,0
2026-09-07 23:30:00,138.2,62,67,23.7,0,0,0
2026-09-07 23:35:00,137.3,53,64,26.0,0,0,0
2026-09-07 23:40:00,137.0,52,68,26.8,0,0,0
2026-09-07 23:45:00,133.5,33,67,25.2,0,0,0
2026-09-07 23:50:00,134.5,40,63,26.6,0,0,0
2026-09-07 23:55:00,131.3,72,68,27.2,0,0,0
2026-09-08 00:00:00,124.9,55,67,25.8,0,0,0
2026-09-08 00:05:00,126.9,45,64,26.4,0,0,0
2026-09-08 00:10:00,126.7,54,65,26.0,0,0,0
2026-09-08 00:15:00,125.5,46,65,28.4,0,0,0
2026-09-08 00:20:00,129.3,38,64,30.2,0,0,0
2026-09-08 00:25:00,128.7,92,68,27.4,0,0,0
2026-09-08 00:30:00,126.9,25,65,25.1,0,0,0
2026-09-08 00:35:00,130.0,82,68,28.2,0,0,0
2026-09-08 00:40:00,130.1,42,64,25.8,0,0,0
2026-09-08 00:45:00,125.6,48,66,29.3,0,0,0
2026-09-08 00:50:00,120.6,48,61,26.1,0,0,0
2026-09-08 00:55:00,118.9,34,65,28.2,0,0,0
2026-09-08 01:00:00,119.1,0,57,44.9,1,0,0
2026-09-08 01:05:00,120.9,0,56,41.9,1,0,0
2026-09-08 01:10:00,119.9,0,56,44.1,1,0,0
2026-09-08 01:15:00,118.9,0,55,43.1,1,0,0
2026-09-08 01:20:00,119.6,0,59,42.3,1,0,0
2026-09-08 01:25:00,119.3,0,55,46.1,1,0,0
2026-09-08 01:30:00,117.3,0,54,45.8,1,0,0
2026-09-08 01:35:00,117.3,0,56,42.6,1,0,0
2026-09-08 01:40:00,117.9,0,55,46.8,1,0,0
2026-09-08 01:45:00,119.1,1,55,45.9,1,0,0
2026-09-08 01:50:00,118.2,2,57,45.0,1,0,0
2026-09-08 01:55:00,115.2,2,53,43.9,1,0,0
2026-09-08 02:00:00,116.3,1,56,44.4,1,0,0
2026-09-08 02:05:00,120.0,0,56,44.4,1,0,0
2026-09-08 02:10:00,117.1,0,53,45.5,1,0,0
2026-09-08 02:15:00,116.6,0,56,46.1,1,0,0
2026-09-08 02:20:00,117.4,0,53,45.3,1,0,0
2026-09-08 02:25:00,116.2,0,56,46.6,1,0,0
2026-09-08 02:30:00,119.0,0,58,47.6,1,0,0
2026-09-08 02:35:00,118.7,0,55,41.0,1,0,0
2026-09-08 02:40:00,118.8,0,53,47.7,1,0,0
2026-09-08 02:45:00,119.9,0,55,42.1,1,0,0
2026-09-08 02:50:00,118.8,0,57,45.5,1,0,0
2026-09-08 02:55:00,120.2,0,54,45.1,1,0,0
2026-09-08 03:00:00,121.9,0,55,43.3,1,0,0
2026-09-08 03:05:00,121.3,0,55,45.3,1,0,0
2026-09-08 03:10:00,124.3,0,55,44.3,1,0,0
2026-09-08 03:15:00,122.7,1,57,46.1,1,0,0
2026-09-08 03:20:00,121.7,0,56,45.4,1,0,0
2026-09-08 03:25:00,124.1,1,55,44.2,1,0,0
2026-09-08 03:30:00,119.4,1,55,45.0,1,0,0
2026-09-08 03:35:00,118.4,0,53,45.2,1,0,0
2026-09-08 03:40:00,117.0,0,52,45.1,1,0,0
2026-09-08 03:45:00,118.3,1,52,42.2,1,0,0
2026-09-08 03:50:00,119.4,0,59,40.5,1,0,0
2026-09-08 03:55:00,118.8,0,55,42.6,1,0,0
2026-09-08 04:00:00,116.3,0,53,44.8,1,0,0
2026-09-08 04:05:00,115.7,1,56,43.7,1,0,0
2026-09-08 04:10:00,119.8,0,57,48.1,1,0,0
2026-09-08 04:15:00,119.9,0,54,41.3,1,0,0
2026-09-08 04:20:00,117.7,0,55,44.3,1,0,0
2026-09-08 04:25:00,116.1,0,54,45.9,1,0,0
2026-09-08 04:30:00,117.2,0,55,42.0,1,0,0
2026-09-08 04:35:00,118.7,1,53,45.9,1,0,0
2026-09-08 04:40:00,121.5,0,54,43.5,1,0,0
2026-09-08 04:45:00,121.2,0,54,44.1,1,0,0
2026-09-08 04:50:00,120.3,0,53,42.9,1,0,0
2026-09-08 04:55:00,118.7,4,58,42.8,1,0,0
2026-09-08 05:00:00,118.4,0,57,45.9,1,0,0
2026-09-08 05:05:00,116.4,0,53,46.5,1,0,0
2026-09-08 05:10:00,117.1,2,56,43.3,1,0,0
2026-09-08 05:15:00,117.3,0,55,47.1,1,0,0
2026-09-08 05:20:00,118.8,0,56,42.5,1,0,0
2026-09-08 05:25:00,119.3,0,58,47.6,1,0,0
2026-09-08 05:30:00,122.1,0,52,43.9,1,0,0
2026-09-08 05:35:00,125.2,1,56,43.4,1,0,0
2026-09-08 05:40:00,125.7,0,58,43.2,1,0,0
2026-09-08 05:45:00,125.5,0,54,45.6,1,0,0
2026-09-08 05:50:00,122.8,0,58,46.3,1,0,0
2026-09-08 05:55:00,123.2,3,55,44.9,1,0,0
2026-09-08 06:00:00,121.5,0,58,43.1,1,0,0
2026-09-08 06:05:00,123.8,0,57,45.7,1,0,0
2026-09-08 06:10:00,127.3,0,54,40.7,1,0,0
2026-09-08 06:15:00,127.0,0,54,44.8,1,0,0
2026-09-08 06:20:00,125.0,0,54,46.6,1,0,0
2026-09-08 06:25:00,125.3,2,54,47.0,1,0,0
2026-09-08 06:30:00,123.2,0,56,44.6,1,0,0
2026-09-08 06:35:00,122.3,0,59,43.4,1,0,0
2026-09-08 06:40:00,118.3,1,53,43.0,1,0,0
2026-09-08 06:45:00,118.8,0,56,41.4,1,0,0
2026-09-08 06:50:00,122.6,0,53,44.6,1,0,0
2026-09-08 06:55:00,118.4,1,57,44.8,1,0,0
2026-09-08 07:00:00,118.5,27,63,26.0,0,0,0
2026-09-08 07:05:00,121.3,30,65,26.1,0,0,0
2026-09-08 07:10:00,122.7,49,68,27.8,0,0,0
2026-09-08 07:15:00,122.6,61,66,29.3,0,0,0
2026-09-08 07:20:00,126.7,41,63,28.8,0,0,0
2026-09-08 07:25:00,129.4,79,67,29.2,0,0,0
2026-09-08 07:30:00,128.7,131,72,30.6,0,0,0
2026-09-08 07:35:00,127.5,33,63,25.3,0,0,0
2026-09-08 07:40:00,124.8,34,65,28.3,0,0,0
2026-09-08 07:45:00,126.0,94,71,30.8,0,0,0
2026-09-08 07:50:00,124.0,34,62,23.7,0,0,0
2026-09-08 07:55:00,121.7,32,59,27.3,0,0,0
2026-09-08 08:00:00,121.9,38,67,27.0,0,0,0
2026-09-08 08:05:00,122.4,54,72,26.6,0,61,78
2026-09-08 08:10:00,137.1,93,73,27.3,0,0,0
2026-09-08 08:15:00,145.6,62,71,24.2,0,0,0
2026-09-08 08:20:00,151.1,50,71,28.9,0,0,0
2026-09-08 08:25:00,157.8,47,70,28.3,0,0,0
2026-09-08 08:30:00,158.7,33,67,29.4,0,0,0
2026-09-08 08:35:00,163.5,24,63,25.7,0,0,0
2026-09-08 08:40:00,162.8,45,65,25.8,0,0,0
2026-09-08 08:45:00,164.3,46,67,25.2,0,0,0
2026-09-08 08:50:00,163.2,41,67,25.4,0,0,0
2026-09-08 08:55:00,163.7,84,69,28.9,0,0,0
2026-09-08 09:00:00,161.8,31,64,26.8,0,0,0
2026-09-08 09:05:00,161.8,32,66,27.9,0,0,0
2026-09-08 09:10:00,159.6,85,73,23.9,0,0,0
2026-09-08 09:15:00,156.1,78,69,26.4,0,0,0
2026-09-08 09:20:00,156.1,29,62,29.3,0,0,0
2026-09-08 09:25:00,152.5,13,62,27.2,0,0,0
2026-09-08 09:30:00,151.2,26,65,24.8,0,0,0
2026-09-08 09:35:00,147.4,61,64,29.3,0,0,0
2026-09-08 09:40:00,145.1,15,65,25.2,0,0,0
2026-09-08 09:45:00,146.4,28,67,30.6,0,0,0
2026-09-08 09:50:00,146.5,35,64,24.4,0,0,0
2026-09-08 09:55:00,141.7,37,65,27.2,0,0,0
2026-09-08 10:00:00,137.6,65,70,28.2,0,0,0
2026-09-08 10:05:00,138.1,61,65,29.4,0,0,0
2026-09-08 10:10:00,136.0,86,71,23.1,0,0,0
2026-09-08 10:15:00,133.3,76,70,24.4,0,0,0
2026-09-08 10:20:00,128.8,65,67,24.4,0,0,0
2026-09-08 10:25:00,130.9,71,68,28.6,0,0,0
2026-09-08 10:30:00,129.3,41,66,27.6,0,0,0
2026-09-08 10:35:00,129.3,52,64,23.7,0,0,0
2026-09-08 10:40:00,127.0,27,62,29.2,0,0,0
2026-09-08 10:45:00,126.7,46,68,29.6,0,0,0
2026-09-08 10:50:00,125.8,27,66,24.8,0,0,0
2026-09-08 10:55:00,123.9,45,66,28.8,0,0,0
2026-09-08 11:00:00,124.0,21,66,27.1,0,0,0
2026-09-08 11:05:00,123.8,67,67,29.5,0,0,0
2026-09-08 11:10:00,126.0,41,64,30.7,0,0,0
2026-09-08 11:15:00,119.8,54,64,26.2,0,0,0
2026-09-08 11:20:00,121.9,90,70,27.5,0,0,0
2026-09-08 11:25:00,123.8,17,61,31.5,0,0,0
2026-09-08 11:30:00,120.0,46,64,27.0,0,0,0
2026-09-08 11:35:00,120.8,74,65,24.9,0,0,0
2026-09-08 11:40:00,118.0,80,67,27.0,0,0,0
2026-09-08 11:45:00,116.1,43,65,25.0,0,0,0
2026-09-08 11:50:00,116.4,58,68,28.2,0,0,0
2026-09-08 11:55:00,118.1,42,70,25.9,0,0,0
2026-09-08 12:00:00,117.6,104,69,25.1,0,0,0
2026-09-08 12:05:00,118.4,34,68,27.9,0,0,0
2026-09-08 12:10:00,121.9,37,67,30.7,0,0,0
2026-09-08 12:15:00,119.2,46,67,27.8,0,0,0
2026-09-08 12:20:00,117.6,31,63,26.9,0,0,0
2026-09-08 12:25:00,118.0,41,63,27.3,0,0,0
2026-09-08 12:30:00,115.3,58,71,29.6,0,0,0
2026-09-08 12:35:00,114.5,33,61,27.0,0,0,0
2026-09-08 12:40:00,115.5,104,69,25.7,0,0,0
2026-09-08 12:45:00,115.8,23,64,30.2,0,0,0
2026-09-08 12:50:00,115.0,32,67,27.0,0,0,0
2026-09-08 12:55:00,114.1,42,67,25.9,0,0,0
2026-09-08 13:00:00,113.0,47,64,27.9,0,0,0
2026-09-08 13:05:00,115.5,36,65,28.9,0,0,0
2026-09-08 13:10:00,117.9,67,68,25.4,0,0,0
2026-09-08 13:15:00,117.6,68,65,27.8,0,0,0
2026-09-08 13:20:00,114.5,30,63,28.9,0,0,0
2026-09-08 13:25:00,113.4,91,69,27.7,0,0,0
2026-09-08 13:30:00,112.7,24,66,27.5,0,0,0
2026-09-08 13:35:00,111.9,61,65,26.9,0,0,0
2026-09-08 13:40:00,109.9,47,64,26.0,0,0,0
2026-09-08 13:45:00,111.9,61,67,25.9,0,0,0
2026-09-08 13:50:00,112.8,27,67,26.1,0,0,0
2026-09-08 13:55:00,115.0,21,66,24.3,0,0,0
2026-09-08 14:00:00,114.5,47,65,26.2,0,0,0
2026-09-08 14:05:00,114.4,81,68,26.7,0,0,0
2026-09-08 14:10:00,118.5,60,67,29.3,0,0,0
2026-09-08 14:15:00,117.4,148,75,29.5,0,0,0
2026-09-08 14:20:00,116.1,75,66,26.7,0,0,0
2026-09-08 14:25:00,117.6,61,67,27.1,0,0,0
2026-09-08 14:30:00,117.7,53,63,26.6,0,0,0
2026-09-08 14:35:00,116.0,51,65,26.8,0,0,0
2026-09-08 14:40:00,117.8,76,69,29.0,0,0,0
2026-09-08 14:45:00,116.6,39,69,29.7,0,0,0
2026-09-08 14:50:00,117.3,74,65,27.2,0,0,0
2026-09-08 14:55:00,119.5,66,66,25.5,0,0,0
2026-09-08 15:00:00,115.7,25,63,28.4,0,0,0
2026-09-08 15:05:00,114.1,39,65,27.4,0,0,0
2026-09-08 15:10:00,112.6,28,61,27.8,0,0,0
2026-09-08 15:15:00,116.2,38,65,26.3,0,0,0
2026-09-08 15:20:00,116.6,44,65,27.0,0,0,0
2026-09-08 15:25:00,116.3,37,63,25.4,0,0,0
2026-09-08 15:30:00,113.5,66,65,24.1,0,0,0
2026-09-08 15:35:00,112.2,45,67,23.8,0,0,0
2026-09-08 15:40:00,111.2,41,63,26.7,0,0,0
2026-09-08 15:45:00,110.1,54,65,28.8,0,0,0
2026-09-08 15:50:00,110.4,28,62,27.8,0,0,0
2026-09-08 15:55:00,110.1,29,67,28.2,0,0,0
2026-09-08 16:00:00,109.1,68,68,29.0,0,0,0
2026-09-08 16:05:00,110.2,52,67,31.0,0,0,0
2026-09-08 16:10:00,112.7,32,62,30.0,0,0,0
2026-09-08 16:15:00,114.8,31,68,27.5,0,0,0
2026-09-08 16:20:00,111.4,27,62,27.9,0,0,0
2026-09-08 16:25:00,109.4,109,70,25.5,0,0,0
2026-09-08 16:30:00,109.9,58,64,26.0,0,0,0
2026-09-08 16:35:00,109.1,71,69,30.1,0,0,0
2026-09-08 16:40:00,109.6,26,65,25.9,0,0,0
2026-09-08 16:45:00,111.5,24,62,26.0,0,0,0
2026-09-08 16:50:00,110.9,24,63,27.7,0,0,0
2026-09-08 16:55:00,113.8,43,66,24.2,0,0,0
2026-09-08 17:00:00,111.0,39,63,30.2,0,0,0
2026-09-08 17:05:00,110.7,59,67,25.0,0,0,0
2026-09-08 17:10:00,111.2,440,85,25.7,0,0,0
2026-09-08 17:15:00,110.2,481,95,25.4,0,0,0
2026-09-08 17:20:00,110.7,458,88,22.3,0,0,0
2026-09-08 17:25:00,111.4,38,63,26.0,0,0,0
2026-09-08 17:30:00,111.0,67,62,27.8,0,0,0
2026-09-08 17:35:00,108.6,41,71,30.7,0,22,50
2026-09-08 17:40:00,109.3,25,65,25.5,0,0,0
2026-09-08 17:45:00,114.1,50,69,26.5,0,0,0
2026-09-08 17:50:00,114.8,41,68,27.9,0,0,0
2026-09-08 17:55:00,118.1,73,67,25.9,0,0,0
2026-09-08 18:00:00,117.6,43,66,30.2,0,0,0
2026-09-08 18:05:00,118.0,51,64,25.7,0,0,0
2026-09-08 18:10:00,120.4,85,69,26.8,0,0,0
2026-09-08 18:15:00,120.2,25,64,32.2,0,0,0
2026-09-08 18:20:00,120.9,44,68,28.8,0,0,0
2026-09-08 18:25:00,123.0,63,69,29.3,0,0,0
2026-09-08 18:30:00,122.2,27,65,22.9,0,0,0
2026-09-08 18:35:00,126.2,40,68,29.2,0,0,0
2026-09-08 18:40:00,130.5,31,60,25.6,0,0,0
2026-09-08 18:45:00,124.5,46,67,25.9,0,0,0
2026-09-08 18:50:00,121.8,92,69,29.1,0,0,0
2026-09-08 18:55:00,120.8,65,63,27.2,0,0,0
2026-09-08 19:00:00,120.6,50,65,35.7,0,0,0
2026-09-08 19:05:00,122.6,48,64,25.9,0,0,0
2026-09-08 19:10:00,126.0,54,65,30.5,0,0,0
2026-09-08 19:15:00,129.2,33,65,28.8,0,0,0
2026-09-08 19:20:00,124.0,30,67,27.0,0,0,0
2026-09-08 19:25:00,123.7,16,67,27.5,0,0,0
2026-09-08 19:30:00,122.2,62,62,26.8,0,0,0
2026-09-08 19:35:00,117.7,66,67,28.7,0,0,0
2026-09-08 19:40:00,120.3,78,70,29.0,0,0,0
2026-09-08 19:45:00,120.1,28,66,28.8,0,0,0
2026-09-08 19:50:00,120.7,22,65,27.5,0,0,0
2026-09-08 19:55:00,120.6,47,64,27.8,0,0,0
2026-09-08 20:00:00,118.7,44,64,26.6,0,0,0
2026-09-08 20:05:00,116.5,106,66,26.3,0,0,0
2026-09-08 20:10:00,116.2,69,69,24.3,0,0,0
2026-09-08 20:15:00,118.7,45,67,23.3,0,0,0
2026-09-08 20:20:00,115.8,54,65,31.8,0,0,0
2026-09-08 20:25:00,118.6,42,65,28.8,0,0,0
2026-09-08 20:30:00,114.3,58,68,26.6,0,0,0
2026-09-08 20:35:00,111.8,59,67,30.9,0,0,0
2026-09-08 20:40:00,110.1,34,64,27.8,0,0,0
2026-09-08 20:45:00,109.8,84,66,28.7,0,0,0
2026-09-08 20:50:00,108.8,38,64,25.8,0,0,0
2026-09-08 20:55:00,113.7,87,66,30.1,0,0,0
2026-09-08 21:00:00,115.7,24,67,23.9,0,0,0
2026-09-08 21:05:00,117.0,53,65,27.9,0,0,0
2026-09-08 21:10:00,117.9,22,67,30.3,0,53,55
2026-09-08 21:15:00,125.2,54,71,26.6,0,0,0
2026-09-08 21:20:00,132.3,39,67,28.1,0,0,0
2026-09-08 21:25:00,139.0,24,67,28.2,0,0,0
2026-09-08 21:30:00,142.7,51,69,29.0,0,0,0
2026-09-08 21:35:00,142.1,42,69,25.6,0,0,0
2026-09-08 21:40:00,144.7,22,66,29.8,0,0,0
2026-09-08 21:45:00,144.6,104,71,29.3,0,0,0
2026-09-08 21:50:00,145.9,62,68,28.5,0,0,0
2026-09-08 21:55:00,144.4,39,65,22.6,0,0,0
2026-09-08 22:00:00,144.7,34,64,27.8,0,0,0
2026-09-08 22:05:00,144.3,29,65,23.5,0,0,0
2026-09-08 22:10:00,143.4,36,65,31.1,0,0,0
2026-09-08 22:15:00,141.4,36,65,25.6,0,0,0
2026-09-08 22:20:00,142.1,43,67,30.7,0,0,0
2026-09-08 22:25:00,136.8,49,66,28.0,0,0,0
2026-09-08 22:30:00,135.6,37,66,27.3,0,0,0
2026-09-08 22:35:00,136.6,49,65,28.1,0,0,0
2026-09-08 22:40:00,132.3,98,66,29.5,0,0,0
2026-09-08 22:45:00,132.4,109,67,27.8,0,0,0
2026-09-08 22:50:00,131.3,25,62,31.6,0,0,0
2026-09-08 22:55:00,130.2,45,68,26.4,0,0,0
2026-09-08 23:00:00,127.2,33,64,28.3,0,0,0
2026-09-08 23:05:00,128.1,75,66,25.5,0,0,0
2026-09-08 23:10:00,129.0,42,69,29.0,0,0,0
2026-09-08 23:15:00,130.9,59,67,25.3,0,0,0
2026-09-08 23:20:00,130.4,36,66,28.1,0,0,0
2026-09-08 23:25:00,128.3,88,68,25.7,0,0,0
2026-09-08 23:30:00,130.2,49,67,25.5,0,0,0
2026-09-08 23:35:00,129.4,25,65,28.8,0,0,0
2026-09-08 23:40:00,130.6,29,64,26.7,0,0,0
2026-09-08 23:45:00,129.7,0,59,46.4,1,0,0
2026-09-08 23:50:00,130.0,0,54,42.5,1,0,0
2026-09-08 23:55:00,126.9,0,56,46.0,1,0,0
2026-09-09 00:00:00,131.8,0,58,44.4,1,0,0
2026-09-09 00:05:00,131.3,0,53,41.3,1,0,0
2026-09-09 00:10:00,128.1,0,52,44.1,1,0,0
2026-09-09 00:15:00,132.7,0,52,44.4,1,0,0
2026-09-09 00:20:00,129.7,0,57,42.4,1,0,0
2026-09-09 00:25:00,128.7,0,52,44.6,1,0,0
2026-09-09 00:30:00,127.6,0,58,44.4,1,0,0
2026-09-09 00:35:00,125.6,0,56,40.9,1,0,0
2026-09-09 00:40:00,123.3,0,53,40.8,1,0,0
2026-09-09 00:45:00,122.3,0,55,42.7,1,0,0
2026-09-09 00:50:00,117.8,1,57,46.0,1,0,0
2026-09-09 00:55:00,119.2,0,57,43.8,1,0,0
2026-09-09 01:00:00,119.6,0,52,42.3,1,0,0
2026-09-09 01:05:00,119.4,2,60,45.3,1,0,0
2026-09-09 01:10:00,115.7,0,56,42.6,1,0,0
2026-09-09 01:15:00,118.1,0,52,46.6,1,0,0
2026-09-09 01:20:00,117.4,0,60,44.0,1,0,0
2026-09-09 01:25:00,114.1,0,55,42.9,1,0,0
2026-09-09 01:30:00,114.0,0,53,44.2,1,0,0
2026-09-09 01:35:00,113.6,0,52,45.7,1,0,0
2026-09-09 01:40:00,115.3,0,52,45.3,1,0,0
2026-09-09 01:45:00,115.1,3,57,44.2,1,0,0
2026-09-09 01:50:00,115.3,0,53,43.4,1,0,0
2026-09-09 01:55:00,114.7,0,60,44.2,1,0,0
2026-09-09 02:00:00,114.1,0,57,42.9,1,0,0
2026-09-09 02:05:00,116.0,0,55,45.2,1,0,0
2026-09-09 02:10:00,120.3,0,52,42.0,1,0,0
2026-09-09 02:15:00,122.8,0,51,43.7,1,0,0
2026-09-09 02:20:00,124.5,0,55,41.0,1,0,0
2026-09-09 02:25:00,123.7,4,57,43.1,1,0,0
2026-09-09 02:30:00,124.4,1,56,44.6,1,0,0
2026-09-09 02:35:00,127.1,1,53,45.8,1,0,0
2026-09-09 02:40:00,129.3,0,55,45.5,1,0,0
2026-09-09 02:45:00,129.7,1,52,44.6,1,0,0
2026-09-09 02:50:00,128.6,0,55,45.2,1,0,0
2026-09-09 02:55:00,127.3,0,53,42.2,1,0,0
2026-09-09 03:00:00,128.5,0,54,41.6,1,0,0
2026-09-09 03:05:00,127.5,0,56,45.6,1,0,0
2026-09-09 03:10:00,125.6,0,57,43.3,1,0,0
2026-09-09 03:15:00,121.6,0,58,46.9,1,0,0
2026-09-09 03:20:00,120.3,1,50,40.7,1,0,0
2026-09-09 03:25:00,123.1,0,55,45.5,1,0,0
2026-09-09 03:30:00,122.8,0,55,41.1,1,0,0
2026-09-09 03:35:00,123.7,0,55,43.1,1,0,0
2026-09-09 03:40:00,124.9,0,60,42.4,1,0,0
2026-09-09 03:45:00,126.6,1,56,41.2,1,0,0
2026-09-09 03:50:00,125.9,0,55,45.4,1,0,0
2026-09-09 03:55:00,123.6,0,54,45.5,1,0,0
2026-09-09 04:00:00,121.5,0,52,42.8,1,0,0
2026-09-09 04:05:00,120.8,0,56,45.0,1,0,0
2026-09-09 04:10:00,117.4,0,55,44.8,1,0,0
2026-09-09 04:15:00,117.8,1,58,46.4,1,0,0
2026-09-09 04:20:00,121.9,0,56,40.8,1,0,0
2026-09-09 04:25:00,126.9,0,60,46.9,1,0,0
2026-09-09 04:30:00,129.5,1,54,39.9,1,0,0
2026-09-09 04:35:00,128.8,1,55,44.0,1,0,0
2026-09-09 04:40:00,127.6,1,53,43.8,1,0,0
2026-09-09 04:45:00,128.4,0,55,48.0,1,0,0
2026-09-09 04:50:00,127.4,0,54,48.1,1,0,0
2026-09-09 04:55:00,126.4,0,53,43.8,1,0,0
2026-09-09 05:00:00,126.5,0,56,45.9,1,0,0
2026-09-09 05:05:00,128.6,0,57,45.8,1,0,0
2026-09-09 05:10:00,126.8,0,54,42.1,1,0,0
2026-09-09 05:15:00,127.4,0,56,43.7,1,0,0
2026-09-09 05:20:00,128.2,1,54,41.1,1,0,0
2026-09-09 05:25:00,132.1,0,58,45.3,1,0,0
2026-09-09 05:30:00,133.2,0,57,45.7,1,0,0
2026-09-09 05:35:00,133.4,0,53,42.1,1,0,0
2026-09-09 05:40:00,132.6,1,57,46.5,1,0,0
2026-09-09 05:45:00,130.5,0,54,47.0,1,0,0
2026-09-09 05:50:00,131.9,0,59,40.4,1,0,0
2026-09-09 05:55:00,132.7,0,55,41.2,1,0,0
2026-09-09 06:00:00,133.2,0,55,44.4,1,0,0
2026-09-09 06:05:00,129.3,1,57,42.7,1,0,0
2026-09-09 06:10:00,126.3,0,57,44.0,1,0,0
2026-09-09 06:15:00,126.0,46,66,27.5,0,0,0
2026-09-09 06:20:00,127.8,66,65,24.3,0,0,0
2026-09-09 06:25:00,129.1,62,69,27.1,0,0,0
2026-09-09 06:30:00,129.2,48,66,30.0,0,0,0
2026-09-09 06:35:00,127.9,81,66,28.2,0,0,0
2026-09-09 06:40:00,124.2,31,67,28.2,0,0,0
2026-09-09 06:45:00,125.6,139,72,27.1,0,0,0
2026-09-09 06:50:00,126.9,22,64,24.9,0,0,0
2026-09-09 06:55:00,127.1,103,71,26.8,0,0,0
2026-09-09 07:00:00,127.5,65,66,27.1,0,0,0
2026-09-09 07:05:00,125.9,59,68,26.3,0,0,0
2026-09-09 07:10:00,125.5,50,67,26.4,0,0,0
2026-09-09 07:15:00,122.5,13,61,25.6,0,0,0
2026-09-09 07:20:00,123.5,42,68,30.4,0,0,0
2026-09-09 07:25:00,123.1,44,63,25.2,0,0,0
2026-09-09 07:30:00,120.6,69,67,24.7,0,0,0
2026-09-09 07:35:00,119.8,78,67,27.6,0,0,0
2026-09-09 07:40:00,123.3,62,68,25.4,0,0,0
2026-09-09 07:45:00,124.2,55,65,26.3,0,0,0
2026-09-09 07:50:00,124.2,76,67,26.0,0,0,0
2026-09-09 07:55:00,123.3,63,66,24.8,0,0,0
2026-09-09 08:00:00,125.1,84,70,25.9,0,0,0
2026-09-09 08:05:00,125.2,84,66,25.0,0,0,0
2026-09-09 08:10:00,124.8,27,65,26.1,0,45,65
2026-09-09 08:15:00,134.8,59,68,28.8,0,0,0
2026-09-09 08:20:00,140.8,35,69,28.9,0,0,0
2026-09-09 08:25:00,147.1,50,66,27.0,0,0,0
2026-09-09 08:30:00,150.9,23,67,25.9,0,0,0
2026-09-09 08:35:00,150.4,31,69,24.7,0,0,0
2026-09-09 08:40:00,153.5,74,70,23.2,0,0,0
2026-09-09 08:45:00,152.5,36,68,27.2,0,0,0
2026-09-09 08:50:00,151.8,63,65,27.2,0,0,0
2026-09-09 08:55:00,150.2,30,68,26.1,0,0,0
2026-09-09 09:00:00,147.7,38,66,24.3,0,0,0
2026-09-09 09:05:00,150.2,26,65,25.7,0,0,0
2026-09-09 09:10:00,149.7,58,64,25.5,0,0,0
2026-09-09 09:15:00,150.0,42,68,25.4,0,0,0
2026-09-09 09:20:00,146.7,45,67,26.0,0,0,0
2026-09-09 09:25:00,145.1,99,67,28.3,0,0,0
2026-09-09 09:30:00,142.2,39,66,25.3,0,0,0
2026-09-09 09:35:00,142.5,72,70,28.7,0,0,0
2026-09-09 09:40:00,140.6,33,63,27.4,0,0,0
2026-09-09 09:45:00,139.6,37,64,26.8,0,0,0
2026-09-09 09:50:00,139.1,52,65,28.2,0,0,0
2026-09-09 09:55:00,134.9,52,66,28.9,0,0,0
2026-09-09 10:00:00,137.7,46,67,27.6,0,0,0
2026-09-09 10:05:00,137.3,93,67,29.0,0,0,0
2026-09-09 10:10:00,135.5,57,64,25.1,0,0,0
2026-09-09 10:15:00,134.8,60,65,25.2,0,0,0
2026-09-09 10:20:00,131.2,53,66,26.5,0,0,0
2026-09-09 10:25:00,131.1,54,68,29.2,0,0,0
2026-09-09 10:30:00,130.2,86,69,29.2,0,0,0
2026-09-09 10:35:00,129.5,24,69,26.4,0,0,0
2026-09-09 10:40:00,128.1,47,64,27.0,0,0,0
2026-09-09 10:45:00,126.2,64,63,24.9,0,0,0
2026-09-09 10:50:00,125.1,14,65,26.2,0,0,0
2026-09-09 10:55:00,125.4,46,65,23.7,0,0,0
2026-09-09 11:00:00,124.8,37,65,28.9,0,0,0
2026-09-09 11:05:00,125.2,46,65,26.6,0,0,0
2026-09-09 11:10:00,122.4,50,69,24.5,0,0,0
2026-09-09 11:15:00,123.4,46,66,26.3,0,0,0
2026-09-09 11:20:00,118.9,56,64,27.6,0,0,0
2026-09-09 11:25:00,118.0,21,63,23.0,0,0,0
2026-09-09 11:30:00,119.4,38,65,23.2,0,0,0
2026-09-09 11:35:00,122.9,105,65,27.8,0,0,0
2026-09-09 11:40:00,120.9,76,65,25.6,0,0,0
2026-09-09 11:45:00,122.3,31,68,27.2,0,0,0
2026-09-09 11:50:00,125.1,22,62,26.0,0,0,0
2026-09-09 11:55:00,124.9,36,66,22.1,0,0,0
2026-09-09 12:00:00,122.0,128,72,27.8,0,0,0
2026-09-09 12:05:00,121.1,57,65,27.3,0,0,0
2026-09-09 12:10:00,123.8,22,63,24.0,0,0,0
2026-09-09 12:15:00,121.1,24,61,25.0,0,0,0
2026-09-09 12:20:00,121.6,45,66,27.7,0,0,0
2026-09-09 12:25:00,123.4,36,62,28.2,0,0,0
2026-09-09 12:30:00,124.2,60,64,27.0,0,0,0
2026-09-09 12:35:00,119.6,39,64,24.1,0,0,0
2026-09-09 12:40:00,122.2,35,62,26.9,0,0,0
2026-09-09 12:45:00,123.6,33,66,28.8,0,0,0
2026-09-09 12:50:00,124.2,52,68,30.5,0,0,0
2026-09-09 12:55:00,122.7,37,68,32.5,0,0,0
2026-09-09 13:00:00,123.9,113,68,26.6,0,0,0
2026-09-09 13:05:00,123.1,52,65,25.3,0,0,0
2026-09-09 13:10:00,123.0,49,67,29.5,0,0,0
2026-09-09 13:15:00,123.1,46,67,27.1,0,0,0
2026-09-09 13:20:00,126.4,53,66,25.4,0,0,0
2026-09-09 13:25:00,127.1,33,66,24.7,0,0,0
2026-09-09 13:30:00,123.6,53,68,27.7,0,53,55
2026-09-09 13:35:00,128.4,39,70,27.5,0,0,0
2026-09-09 13:40:00,132.4,33,67,27.3,0,0,0
2026-09-09 13:45:00,138.8,58,69,25.5,0,0,0
2026-09-09 13:50:00,138.7,80,70,24.1,0,0,0
2026-09-09 13:55:00,139.4,17,65,27.5,0,0,0
2026-09-09 14:00:00,139.4,40,64,25.1,0,0,0
2026-09-09 14:05:00,140.4,22,66,23.0,0,0,0
2026-09-09 14:10:00,142.9,50,68,25.9,0,0,0
2026-09-09 14:15:00,142.5,61,65,26.3,0,0,0
2026-09-09 14:20:00,141.4,42,66,25.0,0,0,0
2026-09-09 14:25:00,148.2,64,66,28.3,0,0,0
2026-09-09 14:30:00,149.2,21,62,24.1,0,0,0
2026-09-09 14:35:00,144.6,27,65,24.0,0,0,0
2026-09-09 14:40:00,142.3,30,66,30.0,0,0,0
2026-09-09 14:45:00,141.0,70,67,29.4,0,0,0
2026-09-09 14:50:00,138.3,33,66,29.1,0,0,0
2026-09-09 14:55:00,136.3,29,68,27.2,0,0,0
2026-09-09 15:00:00,133.6,83,66,26.7,0,0,0
2026-09-09 15:05:00,130.7,76,69,25.3,0,0,0
2026-09-09 15:10:00,133.6,35,64,31.9,0,0,0
2026-09-09 15:15:00,133.1,20,63,27.8,0,0,0
2026-09-09 15:20:00,130.6,96,70,22.7,0,0,0
2026-09-09 15:25:00,130.9,29,68,26.0,0,0,0
2026-09-09 15:30:00,128.9,59,69,25.9,0,0,0
2026-09-09 15:35:00,120.7,66,64,29.0,0,0,0
2026-09-09 15:40:00,120.8,58,65,28.5,0,0,0
2026-09-09 15:45:00,119.4,37,69,26.9,0,0,0
2026-09-09 15:50:00,117.1,10,63,25.2,0,0,0
2026-09-09 15:55:00,117.4,13,63,27.6,0,0,0
2026-09-09 16:00:00,117.7,73,67,29.3,0,0,0
2026-09-09 16:05:00,118.5,22,64,26.1,0,0,0
2026-09-09 16:10:00,115.9,495,92,22.2,0,0,0
2026-09-09 16:15:00,117.0,487,93,28.7,0,0,0
2026-09-09 16:20:00,116.8,463,93,28.3,0,0,0
2026-09-09 16:25:00,118.2,479,90,29.5,0,0,0
2026-09-09 16:30:00,119.4,29,63,26.2,0,0,0
2026-09-09 16:35:00,120.0,73,68,28.8,0,0,0
2026-09-09 16:40:00,120.2,60,67,26.6,0,0,0
2026-09-09 16:45:00,118.3,36,63,25.7,0,0,0
2026-09-09 16:50:00,117.3,40,66,23.3,0,0,0
2026-09-09 16:55:00,114.6,54,67,25.6,0,0,0
2026-09-09 17:00:00,115.1,59,67,26.6,0,0,0
2026-09-09 17:05:00,117.0,45,63,28.6,0,0,0
2026-09-09 17:10:00,115.5,37,66,27.8,0,0,0
2026-09-09 17:15:00,116.0,46,67,27.5,0,0,0
2026-09-09 17:20:00,118.9,82,68,27.3,0,0,0
2026-09-09 17:25:00,117.2,51,64,25.3,0,0,0
2026-09-09 17:30:00,116.6,33,62,27.3,0,0,0
2026-09-09 17:35:00,116.0,22,61,29.5,0,0,0
2026-09-09 17:40:00,114.7,40,67,27.9,0,0,0
2026-09-09 17:45:00,114.1,51,63,28.0,0,0,0
2026-09-09 17:50:00,112.1,52,62,24.2,0,0,0
2026-09-09 17:55:00,115.4,69,64,27.3,0,0,0
2026-09-09 18:00:00,116.5,52,65,29.1,0,0,0
2026-09-09 18:05:00,116.9,48,66,22.2,0,0,0
2026-09-09 18:10:00,117.7,83,68,28.2,0,0,0
2026-09-09 18:15:00,119.3,75,71,28.1,0,0,0
2026-09-09 18:20:00,120.0,42,65,25.2,0,0,0
2026-09-09 18:25:00,124.2,73,66,26.3,0,0,0
2026-09-09 18:30:00,120.3,61,66,26.9,0,0,0
2026-09-09 18:35:00,119.1,41,65,27.6,0,0,0
2026-09-09 18:40:00,121.1,62,68,26.1,0,0,0
2026-09-09 18:45:00,120.7,49,65,24.3,0,0,0
2026-09-09 18:50:00,120.5,32,67,27.0,0,0,0
2026-09-09 18:55:00,121.7,39,63,22.5,0,0,0
2026-09-09 19:00:00,121.9,39,63,26.0,0,0,0
2026-09-09 19:05:00,119.4,36,66,25.8,0,0,0
2026-09-09 19:10:00,121.2,53,64,23.7,0,0,0
2026-09-09 19:15:00,121.5,48,69,27.6,0,0,0
2026-09-09 19:20:00,120.8,18,65,28.6,0,0,0
2026-09-09 19:25:00,122.2,59,65,28.1,0,0,0
2026-09-09 19:30:00,120.0,74,67,24.8,0,0,0
2026-09-09 19:35:00,120.4,86,68,29.4,0,0,0
2026-09-09 19:40:00,119.5,67,71,27.3,0,0,0
2026-09-09 19:45:00,118.6,85,71,25.5,0,0,0
2026-09-09 19:50:00,118.3,76,69,24.5,0,0,0
2026-09-09 19:55:00,118.6,56,67,30.4,0,0,0
2026-09-09 20:00:00,119.2,33,62,24.7,0,0,0
2026-09-09 20:05:00,117.5,40,63,28.2,0,0,0
2026-09-09 20:10:00,118.7,55,70,30.3,0,0,0
2026-09-09 20:15:00,118.2,67,67,26.4,0,0,0
2026-09-09 20:20:00,119.3,60,66,26.3,0,0,0
2026-09-09 20:25:00,117.0,11,62,28.3,0,0,0
2026-09-09 20:30:00,118.6,57,64,24.5,0,0,0
2026-09-09 20:35:00,120.9,89,70,24.6,0,0,0
2026-09-09 20:40:00,120.9,81,68,26.4,0,0,0
2026-09-09 20:45:00,120.1,41,65,26.1,0,0,0
2026-09-09 20:50:00,120.3,50,67,30.7,0,0,0
2026-09-09 20:55:00,117.9,20,63,27.4,0,0,0
2026-09-09 21:00:00,118.2,97,68,25.8,0,0,0
2026-09-09 21:05:00,117.9,66,69,29.7,0,0,0
2026-09-09 21:10:00,119.3,95,70,27.9,0,0,0
2026-09-09 21:15:00,121.0,33,66,26.5,0,0,0
2026-09-09 21:20:00,122.0,38,63,27.7,0,0,0
2026-09-09 21:25:00,121.7,20,67,27.7,0,0,0
2026-09-09 21:30:00,121.2,68,72,28.5,0,78,75
2026-09-09 21:35:00,136.2,55,68,22.9,0,0,0
2026-09-09 21:40:00,150.5,32,68,28.3,0,0,0
2026-09-09 21:45:00,159.1,66,71,24.0,0,0,0
2026-09-09 21:50:00,166.5,62,69,26.2,0,0,0
2026-09-09 21:55:00,170.5,28,66,27.0,0,0,0
2026-09-09 22:00:00,169.2,91,71,25.5,0,0,0
2026-09-09 22:05:00,168.9,68,68,29.4,0,0,0
2026-09-09 22:10:00,170.2,33,67,31.4,0,0,0
2026-09-09 22:15:00,167.7,41,66,26.3,0,0,0
2026-09-09 22:20:00,168.2,52,69,26.2,0,0,0
2026-09-09 22:25:00,167.7,40,66,28.5,0,0,0
2026-09-09 22:30:00,167.8,32,64,24.7,0,0,0
2026-09-09 22:35:00,165.8,52,65,26.4,0,0,0
2026-09-09 22:40:00,163.3,65,68,28.4,0,0,0
2026-09-09 22:45:00,158.8,47,66,29.6,0,0,0
2026-09-09 22:50:00,156.3,51,64,27.1,0,0,0
2026-09-09 22:55:00,156.4,17,64,26.7,0,0,0
2026-09-09 23:00:00,156.2,47,65,28.0,0,0,0
2026-09-09 23:05:00,154.4,39,68,26.6,0,0,0
2026-09-09 23:10:00,150.7,38,66,24.4,0,0,0
2026-09-09 23:15:00,151.0,55,68,26.6,0,0,0
2026-09-09 23:20:00,151.0,51,65,26.8,0,0,0
2026-09-09 23:25:00,147.6,0,55,42.9,1,0,0
2026-09-09 23:30:00,146.1,0,57,45.8,1,0,0
2026-09-09 23:35:00,143.7,0,52,42.0,1,0,0
2026-09-09 23:40:00,142.4,0,55,43.8,1,0,0
2026-09-09 23:45:00,141.7,1,54,44.2,1,0,0
2026-09-09 23:50:00,138.6,0,57,43.9,1,0,0
2026-09-09 23:55:00,135.2,0,52,43.0,1,0,0
2026-09-10 00:00:00,132.7,0,54,42.9,1,0,0
2026-09-10 00:05:00,130.7,0,50,42.5,1,0,0
2026-09-10 00:10:00,130.0,0,54,46.8,1,0,0
2026-09-10 00:15:00,131.4,0,52,43.3,1,0,0
2026-09-10 00:20:00,130.9,0,53,45.8,1,0,0
2026-09-10 00:25:00,130.3,0,53,41.3,1,0,0
2026-09-10 00:30:00,128.4,0,59,43.9,1,0,0
2026-09-10 00:35:00,128.5,0,53,44.8,1,0,0
2026-09-10 00:40:00,126.3,0,53,44.5,1,0,0
2026-09-10 00:45:00,125.1,0,54,39.4,1,0,0
2026-09-10 00:50:00,126.3,0,53,46.6,1,0,0
2026-09-10 00:55:00,126.5,1,54,46.3,1,0,0
2026-09-10 01:00:00,124.0,0,54,44.6,1,0,0
2026-09-10 01:05:00,123.4,0,54,41.5,1,0,0
2026-09-10 01:10:00,120.1,0,53,44.2,1,0,0
2026-09-10 01:15:00,117.4,1,55,43.1,1,0,0
2026-09-10 01:20:00,117.3,0,55,44.2,1,0,0
2026-09-10 01:25:00,118.7,1,54,42.9,1,0,0
2026-09-10 01:30:00,118.3,0,55,46.2,1,0,0
2026-09-10 01:35:00,121.0,1,52,46.1,1,0,0
2026-09-10 01:40:00,120.2,1,51,43.6,1,0,0
2026-09-10 01:45:00,118.9,1,54,41.9,1,0,0
2026-09-10 01:50:00,112.8,0,55,43.6,1,0,0
2026-09-10 01:55:00,110.3,0,52,40.9,1,0,0
2026-09-10 02:00:00,110.9,0,51,43.3,1,0,0
2026-09-10 02:05:00,109.7,0,55,42.6,1,0,0
2026-09-10 02:10:00,112.1,0,55,41.7,1,0,0
2026-09-10 02:15:00,111.9,2,54,47.9,1,0,0
2026-09-10 02:20:00,110.2,0,58,42.9,1,0,0
2026-09-10 02:25:00,113.5,0,55,47.7,1,0,0
2026-09-10 02:30:00,113.9,0,57,46.0,1,0,0
2026-09-10 02:35:00,114.1,0,52,40.3,1,0,0
2026-09-10 02:40:00,111.7,1,55,43.8,1,0,0
2026-09-10 02:45:00,109.6,1,53,42.8,1,0,0
2026-09-10 02:50:00,107.6,0,55,44.2,1,0,0
2026-09-10 02:55:00,109.7,1,57,48.0,1,0,0
2026-09-10 03:00:00,109.7,0,53,45.3,1,0,0
2026-09-10 03:05:00,110.2,1,57,45.5,1,0,0
2026-09-10 03:10:00,109.4,0,57,42.6,1,0,0
2026-09-10 03:15:00,110.6,0,57,45.6,1,0,0
2026-09-10 03:20:00,111.9,1,59,48.8,1,0,0
2026-09-10 03:25:00,111.5,0,57,47.2,1,0,0
2026-09-10 03:30:00,112.9,1,55,44.5,1,0,0
2026-09-10 03:35:00,114.6,0,56,42.4,1,0,0
2026-09-10 03:40:00,112.6,0,55,39.5,1,0,0
2026-09-10 03:45:00,114.0,1,56,46.6,1,0,0
2026-09-10 03:50:00,115.6,0,55,44.1,1,0,0
2026-09-10 03:55:00,117.4,0,53,44.9,1,0,0
2026-09-10 04:00:00,117.3,0,62,46.1,1,0,0
2026-09-10 04:05:00,116.2,0,55,42.2,1,0,0
2026-09-10 04:10:00,118.6,0,55,46.2,1,0,0
2026-09-10 04:15:00,120.8,0,52,43.9,1,0,0
2026-09-10 04:20:00,121.8,0,58,39.9,1,0,0
2026-09-10 04:25:00,123.9,0,53,44.6,1,0,0
2026-09-10 04:30:00,125.2,2,56,44.7,1,0,0
2026-09-10 04:35:00,126.8,0,54,45.3,1,0,0
2026-09-10 04:40:00,127.8,0,56,41.9,1,0,0
2026-09-10 04:45:00,131.3,0,54,44.2,1,0,0
2026-09-10 04:50:00,131.9,0,53,48.9,1,0,0
2026-09-10 04:55:00,131.7,1,54,45.3,1,0,0
2026-09-10 05:00:00,130.1,0,58,46.5,1,0,0
2026-09-10 05:05:00,126.9,0,55,44.4,1,0,0
2026-09-10 05:10:00,125.6,0,51,43.7,1,0,0
2026-09-10 05:15:00,123.5,0,55,45.6,1,0,0
2026-09-10 05:20:00,122.0,0,55,47.0,1,0,0
2026-09-10 05:25:00,120.1,0,58,43.3,1,0,0
2026-09-10 05:30:00,119.0,1,57,50.3,1,0,0
2026-09-10 05:35:00,121.4,0,54,44.8,1,0,0
2026-09-10 05:40:00,120.4,0,50,45.9,1,0,0
2026-09-10 05:45:00,121.7,0,56,45.5,1,0,0
2026-09-10 05:50:00,122.2,0,59,43.8,1,0,0
2026-09-10 05:55:00,121.3,0,54,46.0,1,0,0
2026-09-10 06:00:00,123.9,0,49,44.5,1,0,0
2026-09-10 06:05:00,122.6,0,56,44.2,1,0,0
2026-09-10 06:10:00,125.7,58,66,25.8,0,0,0
2026-09-10 06:15:00,126.8,60,67,23.9,0,0,0
2026-09-10 06:20:00,124.9,65,67,25.5,0,0,0
2026-09-10 06:25:00,123.6,44,63,24.7,0,0,0
2026-09-10 06:30:00,122.3,58,66,28.9,0,0,0
2026-09-10 06:35:00,124.2,100,73,27.4,0,0,0
2026-09-10 06:40:00,121.4,56,66,28.2,0,0,0
2026-09-10 06:45:00,121.8,27,67,27.8,0,0,0
2026-09-10 06:50:00,120.0,45,64,28.4,0,0,0
2026-09-10 06:55:00,124.4,43,64,26.9,0,0,0
2026-09-10 07:00:00,119.5,58,63,27.2,0,0,0
2026-09-10 07:05:00,115.0,35,63,29.7,0,0,0
2026-09-10 07:10:00,113.8,76,68,28.1,0,0,0
2026-09-10 07:15:00,114.3,37,68,25.7,0,0,0
2026-09-10 07:20:00,118.1,30,64,30.1,0,0,0
2026-09-10 07:25:00,117.8,47,66,27.6,0,0,0
2026-09-10 07:30:00,113.4,44,66,25.3,0,0,0
2026-09-10 07:35:00,116.4,34,60,33.0,0,0,0
2026-09-10 07:40:00,117.5,27,66,27.9,0,0,0
2026-09-10 07:45:00,118.0,51,66,26.9,0,0,0
2026-09-10 07:50:00,115.4,40,66,25.6,0,0,0
2026-09-10 07:55:00,116.1,20,63,29.2,0,0,0
2026-09-10 08:00:00,112.5,26,66,26.9,0,29,55
2026-09-10 08:05:00,117.6,50,68,23.3,0,0,0
2026-09-10 08:10:00,120.3,54,69,26.7,0,0,0
2026-09-10 08:15:00,126.9,108,70,31.3,0,0,0
2026-09-10 08:20:00,129.4,44,70,26.1,0,0,0
2026-09-10 08:25:00,130.5,48,72,27.0,0,0,0
2026-09-10 08:30:00,131.2,74,69,29.4,0,0,0
2026-09-10 08:35:00,131.8,28,66,27.7,0,0,0
2026-09-10 08:40:00,131.7,39,68,25.2,0,0,0
2026-09-10 08:45:00,131.9,38,68,27.7,0,0,0
2026-09-10 08:50:00,131.6,46,67,28.0,0,0,0
2026-09-10 08:55:00,134.8,52,65,23.1,0,0,0
2026-09-10 09:00:00,130.9,39,67,29.5,0,0,0
2026-09-10 09:05:00,133.3,39,68,26.1,0,0,0
2026-09-10 09:10:00,131.7,42,70,26.1,0,0,0
2026-09-10 09:15:00,132.7,45,65,28.9,0,0,0
2026-09-10 09:20:00,131.0,37,67,23.3,0,0,0
2026-09-10 09:25:00,127.6,49,65,27.9,0,0,0
2026-09-10 09:30:00,127.5,33,65,27.9,0,0,0
2026-09-10 09:35:00,125.3,30,65,27.4,0,0,0
2026-09-10 09:40:00,124.9,34,63,30.0,0,0,0
2026-09-10 09:45:00,128.9,60,66,25.8,0,0,0
2026-09-10 09:50:00,127.6,93,66,29.5,0,0,0
2026-09-10 09:55:00,126.4,59,65,27.7,0,0,0
2026-09-10 10:00:00,128.1,29,64,27.1,0,0,0
2026-09-10 10:05:00,128.0,49,63,27.1,0,0,0
2026-09-10 10:10:00,123.5,97,67,26.3,0,0,0
2026-09-10 10:15:00,124.1,56,61,26.1,0,0,0
2026-09-10 10:20:00,121.7,20,66,25.9,0,0,0
2026-09-10 10:25:00,123.5,52,68,27.7,0,0,0
2026-09-10 10:30:00,120.5,41,67,30.4,0,0,0
2026-09-10 10:35:00,120.8,43,64,26.4,0,0,0
2026-09-10 10:40:00,117.0,33,60,24.0,0,0,0
2026-09-10 10:45:00,118.1,74,72,26.4,0,0,0
2026-09-10 10:50:00,121.2,27,62,27.9,0,0,0
2026-09-10 10:55:00,119.8,27,63,23.5,0,0,0
2026-09-10 11:00:00,115.8,38,69,26.8,0,0,0
2026-09-10 11:05:00,112.8,68,65,23.6,0,0,0
2026-09-10 11:10:00,111.2,60,68,23.4,0,0,0
2026-09-10 11:15:00,111.9,43,68,26.7,0,0,0
2026-09-10 11:20:00,112.8,63,67,28.6,0,0,0
2026-09-10 11:25:00,113.3,34,64,25.2,0,0,0
2026-09-10 11:30:00,112.1,88,65,30.6,0,0,0
2026-09-10 11:35:00,111.5,34,63,28.0,0,0,0
2026-09-10 11:40:00,111.8,58,67,26.1,0,0,0
2026-09-10 11:45:00,112.9,88,67,28.5,0,0,0
2026-09-10 11:50:00,116.8,39,66,27.1,0,0,0
2026-09-10 11:55:00,120.5,37,69,32.0,0,0,0
2026-09-10 12:00:00,120.8,39,63,27.6,0,0,0
2026-09-10 12:05:00,121.0,41,65,27.7,0,0,0
2026-09-10 12:10:00,119.3,35,67,28.9,0,0,0
2026-09-10 12:15:00,117.6,62,69,28.0,0,0,0
2026-09-10 12:20:00,118.3,98,71,26.5,0,0,0
2026-09-10 12:25:00,116.6,51,67,31.9,0,0,0
2026-09-10 12:30:00,115.2,30,65,24.2,0,0,0
2026-09-10 12:35:00,117.3,70,66,26.6,0,0,0
2026-09-10 12:40:00,116.0,33,65,30.4,0,0,0
2026-09-10 12:45:00,116.2,43,68,31.1,0,0,0
2026-09-10 12:50:00,114.8,59,66,28.2,0,0,0
2026-09-10 12:55:00,117.4,38,66,27.3,0,0,0
2026-09-10 13:00:00,116.7,38,65,28.2,0,0,0
2026-09-10 13:05:00,112.8,13,64,28.2,0,0,0
2026-09-10 13:10:00,115.0,32,63,29.1,0,0,0
2026-09-10 13:15:00,116.2,70,70,27.1,0,0,0
2026-09-10 13:20:00,117.3,32,67,28.4,0,0,0
2026-09-10 13:25:00,111.4,46,67,24.4,0,0,0
2026-09-10 13:30:00,112.9,48,67,26.9,0,88,75
2026-09-10 13:35:00,122.5,60,68,30.6,0,0,0
2026-09-10 13:40:00,134.4,34,69,26.5,0,0,0
2026-09-10 13:45:00,143.2,48,67,28.9,0,0,0
2026-09-10 13:50:00,151.3,42,67,28.2,0,0,0
2026-09-10 13:55:00,159.9,50,67,23.9,0,0,0
2026-09-10 14:00:00,161.6,51,66,30.8,0,0,0
2026-09-10 14:05:00,163.4,131,74,26.0,0,0,0
2026-09-10 14:10:00,166.9,47,65,29.5,0,0,0
2026-09-10 14:15:00,164.9,59,70,31.0,0,0,0
2026-09-10 14:20:00,165.7,43,66,29.3,0,0,0
2026-09-10 14:25:00,165.0,29,65,25.8,0,0,0
2026-09-10 14:30:00,164.3,43,63,30.0,0,0,0
2026-09-10 14:35:00,164.7,37,66,28.8,0,0,0
2026-09-10 14:40:00,165.6,54,63,26.2,0,0,0
2026-09-10 14:45:00,164.2,102,67,29.3,0,0,0
2026-09-10 14:50:00,160.2,52,68,24.6,0,0,0
2026-09-10 14:55:00,157.6,51,63,28.2,0,0,0
2026-09-10 15:00:00,157.2,83,71,31.8,0,0,0
2026-09-10 15:05:00,158.0,43,64,29.2,0,0,0
2026-09-10 15:10:00,152.4,23,63,28.4,0,0,0
2026-09-10 15:15:00,148.5,89,68,26.4,0,0,0
2026-09-10 15:20:00,146.0,32,66,26.8,0,0,0
2026-09-10 15:25:00,142.5,74,70,28.3,0,0,0
2026-09-10 15:30:00,139.7,78,67,28.1,0,0,0
2026-09-10 15:35:00,138.2,64,68,28.1,0,0,0
2026-09-10 15:40:00,139.4,33,63,25.1,0,0,0
2026-09-10 15:45:00,139.2,57,67,26.3,0,0,0
2026-09-10 15:50:00,140.1,70,66,29.3,0,0,0
2026-09-10 15:55:00,137.0,66,70,30.7,0,0,0
2026-09-10 16:00:00,132.6,58,64,24.9,0,0,0
2026-09-10 16:05:00,132.5,59,65,30.6,0,0,0
2026-09-10 16:10:00,129.2,55,68,27.8,0,0,0
2026-09-10 16:15:00,129.1,32,64,26.1,0,0,0
2026-09-10 16:20:00,128.8,52,67,25.3,0,0,0
2026-09-10 16:25:00,125.4,56,65,25.8,0,0,0
2026-09-10 16:30:00,126.8,55,67,28.8,0,0,0
2026-09-10 16:35:00,124.5,45,67,24.1,0,0,0
2026-09-10 16:40:00,122.9,50,62,26.8,0,0,0
2026-09-10 16:45:00,121.2,39,64,28.1,0,0,0
2026-09-10 16:50:00,117.0,47,65,28.2,0,0,0
2026-09-10 16:55:00,118.0,23,63,29.3,0,0,0
2026-09-10 17:00:00,116.8,43,62,23.0,0,0,0
2026-09-10 17:05:00,115.4,45,64,27.8,0,0,0
2026-09-10 17:10:00,112.5,26,67,27.7,0,0,0
2026-09-10 17:15:00,110.4,80,65,25.9,0,0,0
2026-09-10 17:20:00,110.9,30,64,23.3,0,0,0
2026-09-10 17:25:00,109.2,42,67,26.4,0,0,0
2026-09-10 17:30:00,111.5,50,65,26.5,0,0,0
2026-09-10 17:35:00,111.9,45,65,26.9,0,0,0
2026-09-10 17:40:00,112.2,62,72,29.4,0,18,50
2026-09-10 17:45:00,118.9,86,65,22.3,0,0,0
2026-09-10 17:50:00,120.9,94,75,27.5,0,0,0
2026-09-10 17:55:00,126.6,79,70,27.5,0,0,0
2026-09-10 18:00:00,129.8,23,64,26.3,0,0,0
2026-09-10 18:05:00,133.3,18,66,30.5,0,0,0
2026-09-10 18:10:00,131.1,44,66,26.6,0,0,0
2026-09-10 18:15:00,132.8,64,65,27.0,0,0,0
2026-09-10 18:20:00,129.0,41,64,28.6,0,0,0
2026-09-10 18:25:00,128.6,41,67,29.2,0,0,0
2026-09-10 18:30:00,126.7,18,62,27.8,0,0,0
2026-09-10 18:35:00,127.7,46,66,26.7,0,0,0
2026-09-10 18:40:00,125.0,48,66,29.9,0,0,0
2026-09-10 18:45:00,126.7,54,64,29.4,0,0,0
2026-09-10 18:50:00,128.4,40,65,25.3,0,0,0
2026-09-10 18:55:00,127.9,46,62,25.8,0,0,0
2026-09-10 19:00:00,129.0,56,66,26.8,0,0,0
2026-09-10 19:05:00,124.2,56,66,28.3,0,0,0
2026-09-10 19:10:00,121.6,39,65,29.0,0,0,0
2026-09-10 19:15:00,121.9,33,66,29.1,0,0,0
2026-09-10 19:20:00,119.4,426,86,24.3,0,0,0
2026-09-10 19:25:00,117.7,434,90,26.0,0,0,0
2026-09-10 19:30:00,115.7,433,95,25.3,0,0,0
2026-09-10 19:35:00,113.0,454,95,27.6,0,0,0
2026-09-10 19:40:00,114.4,38,66,27.7,0,0,0
2026-09-10 19:45:00,112.2,80,68,28.0,0,0,0
2026-09-10 19:50:00,113.5,29,63,28.9,0,0,0
2026-09-10 19:55:00,118.4,37,65,27.5,0,0,0
2026-09-10 20:00:00,117.4,23,63,25.7,0,0,0
2026-09-10 20:05:00,118.6,26,66,29.6,0,0,0
2026-09-10 20:10:00,117.9,38,63,28.9,0,0,0
2026-09-10 20:15:00,118.7,37,67,26.8,0,0,0
2026-09-10 20:20:00,119.6,63,67,25.8,0,0,0
2026-09-10 20:25:00,120.4,46,66,25.3,0,0,0
2026-09-10 20:30:00,122.1,57,64,29.1,0,0,0
2026-09-10 20:35:00,119.2,35,63,29.7,0,0,0
2026-09-10 20:40:00,116.7,26,65,31.9,0,0,0
2026-09-10 20:45:00,117.2,52,71,30.6,0,58,50
2026-09-10 20:50:00,121.6,63,69,25.9,0,0,0
2026-09-10 20:55:00,127.2,68,74,27.4,0,0,0
2026-09-10 21:00:00,130.0,522,98,26.5,0,0,0
2026-09-10 21:05:00,130.9,487,98,20.9,0,0,0
2026-09-10 21:10:00,132.9,50,65,30.9,0,0,0
2026-09-10 21:15:00,135.6,61,66,28.9,0,0,0
2026-09-10 21:20:00,135.9,53,64,27.6,0,0,0
2026-09-10 21:25:00,136.0,27,61,30.9,0,0,0
2026-09-10 21:30:00,138.8,30,67,25.7,0,0,0
2026-09-10 21:35:00,139.0,55,68,26.5,0,0,0
2026-09-10 21:40:00,136.6,101,69,25.7,0,0,0
2026-09-10 21:45:00,135.1,130,71,26.4,0,0,0
2026-09-10 21:50:00,134.5,74,68,30.5,0,0,0
2026-09-10 21:55:00,134.3,64,69,21.6,0,0,0
2026-09-10 22:00:00,136.5,29,64,28.0,0,0,0
2026-09-10 22:05:00,134.5,31,65,25.5,0,0,0
2026-09-10 22:10:00,136.3,50,64,29.6,0,0,0
2026-09-10 22:15:00,137.4,31,64,29.9,0,0,0
2026-09-10 22:20:00,133.8,16,64,29.3,0,0,0
2026-09-10 22:25:00,128.1,68,65,24.5,0,0,0
2026-09-10 22:30:00,127.6,41,66,24.9,0,0,0
2026-09-10 22:35:00,123.2,50,65,27.2,0,0,0
2026-09-10 22:40:00,125.4,76,68,24.1,0,0,0
2026-09-10 22:45:00,129.1,29,66,28.2,0,0,0
2026-09-10 22:50:00,123.1,38,62,29.9,0,0,0
2026-09-10 22:55:00,122.1,128,69,29.0,0,0,0
2026-09-10 23:00:00,125.4,22,62,26.2,0,0,0
2026-09-10 23:05:00,123.6,43,66,28.2,0,0,0
2026-09-10 23:10:00,119.8,25,65,29.0,0,0,0
2026-09-10 23:15:00,121.0,35,70,27.1,0,0,0
2026-09-10 23:20:00,119.6,37,66,28.0,0,0,0
2026-09-10 23:25:00,117.9,69,68,27.1,0,0,0
2026-09-10 23:30:00,118.5,60,65,30.1,0,0,0
2026-09-10 23:35:00,122.1,50,67,25.8,0,0,0
2026-09-10 23:40:00,120.4,45,66,29.1,0,0,0
2026-09-10 23:45:00,123.1,18,63,23.0,0,0,0
2026-09-10 23:50:00,121.2,52,66,27.6,0,0,0
2026-09-10 23:55:00,120.6,20,64,27.3,0,0,0
2026-09-11 00:00:00,118.5,56,66,27.6,0,0,0
2026-09-11 00:05:00,117.3,0,58,44.7,1,0,0
2026-09-11 00:10:00,118.8,0,54,44.7,1,0,0
2026-09-11 00:15:00,119.0,0,58,45.6,1,0,0
2026-09-11 00:20:00,119.5,2,56,49.1,1,0,0
2026-09-11 00:25:00,116.8,0,56,44.7,1,0,0
2026-09-11 00:30:00,114.5,0,53,42.6,1,0,0
2026-09-11 00:35:00,115.7,0,56,44.5,1,0,0
2026-09-11 00:40:00,109.8,0,57,45.2,1,0,0
2026-09-11 00:45:00,110.7,0,56,44.7,1,0,0
2026-09-11 00:50:00,114.0,0,55,43.5,1,0,0
2026-09-11 00:55:00,113.8,1,52,42.1,1,0,0
2026-09-11 01:00:00,109.4,0,56,44.3,1,0,0
2026-09-11 01:05:00,111.0,1,57,46.1,1,0,0
2026-09-11 01:10:00,112.1,0,58,45.5,1,0,0
2026-09-11 01:15:00,113.4,1,53,42.5,1,0,0
2026-09-11 01:20:00,114.3,0,56,47.2,1,0,0
2026-09-11 01:25:00,111.8,1,55,45.5,1,0,0
2026-09-11 01:30:00,114.2,1,55,46.8,1,0,0
2026-09-11 01:35:00,115.5,0,55,44.9,1,0,0
2026-09-11 01:40:00,117.5,0,55,48.6,1,0,0
2026-09-11 01:45:00,117.4,0,57,46.3,1,0,0
2026-09-11 01:50:00,114.7,0,57,42.6,1,0,0
2026-09-11 01:55:00,113.8,1,54,44.9,1,0,0
2026-09-11 02:00:00,112.1,0,56,46.5,1,0,0
2026-09-11 02:05:00,112.3,2,58,45.3,1,0,0
2026-09-11 02:10:00,113.9,0,54,46.5,1,0,0
2026-09-11 02:15:00,113.1,0,52,45.3,1,0,0
2026-09-11 02:20:00,112.9,0,53,43.5,1,0,0
2026-09-11 02:25:00,108.9,1,57,45.1,1,0,0
2026-09-11 02:30:00,110.1,1,57,46.0,1,0,0
2026-09-11 02:35:00,113.1,1,56,44.3,1,0,0
2026-09-11 02:40:00,117.3,0,56,43.6,1,0,0
2026-09-11 02:45:00,119.6,1,53,46.1,1,0,0
2026-09-11 02:50:00,114.8,0,55,43.4,1,0,0
2026-09-11 02:55:00,115.4,0,57,47.4,1,0,0
2026-09-11 03:00:00,115.4,0,56,42.4,1,0,0
2026-09-11 03:05:00,114.6,0,55,42.2,1,0,0
2026-09-11 03:10:00,114.9,0,55,44.1,1,0,0
2026-09-11 03:15:00,116.6,0,56,45.5,1,0,0
2026-09-11 03:20:00,118.4,0,53,46.6,1,0,0
2026-09-11 03:25:00,117.0,1,56,44.8,1,0,0
2026-09-11 03:30:00,116.6,0,55,46.0,1,0,0
2026-09-11 03:35:00,115.1,0,61,42.9,1,0,0
2026-09-11 03:40:00,114.5,1,54,48.5,1,0,0
2026-09-11 03:45:00,116.5,1,52,44.9,1,0,0
2026-09-11 03:50:00,114.3,0,53,46.6,1,0,0
2026-09-11 03:55:00,116.8,1,56,45.1,1,0,0
2026-09-11 04:00:00,117.1,0,58,41.8,1,0,0
2026-09-11 04:05:00,118.1,0,53,42.9,1,0,0
2026-09-11 04:10:00,115.4,1,52,47.9,1,0,0
2026-09-11 04:15:00,115.6,0,57,47.3,1,0,0
2026-09-11 04:20:00,119.9,1,56,47.7,1,0,0
2026-09-11 04:25:00,116.9,0,58,46.7,1,0,0
2026-09-11 04:30:00,120.2,0,53,43.8,1,0,0
2026-09-11 04:35:00,120.8,0,52,44.4,1,0,0
2026-09-11 04:40:00,119.8,0,55,43.9,1,0,0
2026-09-11 04:45:00,114.9,0,51,45.4,1,0,0
2026-09-11 04:50:00,115.6,0,54,41.7,1,0,0
2026-09-11 04:55:00,114.4,0,54,44.4,1,0,0
2026-09-11 05:00:00,117.9,1,56,45.8,1,0,0
2026-09-11 05:05:00,122.2,1,58,44.8,1,0,0
2026-09-11 05:10:00,121.9,0,53,43.4,1,0,0
2026-09-11 05:15:00,125.1,1,55,44.8,1,0,0
2026-09-11 05:20:00,124.6,0,54,42.0,1,0,0
2026-09-11 05:25:00,122.6,0,58,44.4,1,0,0
2026-09-11 05:30:00,122.1,0,51,44.3,1,0,0
2026-09-11 05:35:00,125.3,0,57,47.1,1,0,0
2026-09-11 05:40:00,125.2,2,57,47.4,1,0,0
2026-09-11 05:45:00,125.3,1,53,47.5,1,0,0
2026-09-11 05:50:00,128.0,1,56,47.8,1,0,0
2026-09-11 05:55:00,128.3,1,54,45.4,1,0,0
2026-09-11 06:00:00,127.2,0,56,47.1,1,0,0
2026-09-11 06:05:00,127.4,0,56,46.6,1,0,0
2026-09-11 06:10:00,128.5,1,57,46.1,1,0,0
2026-09-11 06:15:00,123.7,0,58,44.7,1,0,0
2026-09-11 06:20:00,124.7,56,67,26.8,0,0,0
2026-09-11 06:25:00,121.0,42,65,30.0,0,0,0
2026-09-11 06:30:00,122.9,66,63,31.2,0,0,0
2026-09-11 06:35:00,121.4,68,69,29.6,0,0,0
2026-09-11 06:40:00,122.4,50,68,27.2,0,0,0
2026-09-11 06:45:00,125.1,40,68,27.9,0,0,0
2026-09-11 06:50:00,123.6,32,64,28.4,0,0,0
2026-09-11 06:55:00,122.5,53,66,30.0,0,0,0
2026-09-11 07:00:00,124.6,34,70,28.3,0,0,0
2026-09-11 07:05:00,123.7,31,65,26.9,0,0,0
2026-09-11 07:10:00,122.2,57,67,27.0,0,0,0
2026-09-11 07:15:00,121.1,71,69,29.4,0,0,0
2026-09-11 07:20:00,124.1,56,67,27.4,0,0,0
2026-09-11 07:25:00,120.6,54,65,29.4,0,0,0
2026-09-11 07:30:00,118.8,68,68,27.7,0,0,0
2026-09-11 07:35:00,120.4,108,70,28.8,0,0,0
2026-09-11 07:40:00,120.6,47,68,29.2,0,0,0
2026-09-11 07:45:00,122.8,57,66,28.2,0,0,0
2026-09-11 07:50:00,122.3,85,70,30.8,0,0,0
2026-09-11 07:55:00,123.8,39,65,24.1,0,0,0
2026-09-11 08:00:00,124.3,30,66,25.0,0,0,0
2026-09-11 08:05:00,120.7,46,69,27.0,0,74,78
2026-09-11 08:10:00,136.3,43,66,30.3,0,0,0
2026-09-11 08:15:00,147.0,40,70,30.3,0,0,0
2026-09-11 08:20:00,155.9,36,68,29.6,0,0,0
2026-09-11 08:25:00,160.7,18,68,27.9,0,0,0
2026-09-11 08:30:00,162.8,65,68,32.3,0,0,0
2026-09-11 08:35:00,166.5,55,66,28.1,0,0,0
2026-09-11 08:40:00,169.2,47,68,28.9,0,0,0
2026-09-11 08:45:00,170.7,43,63,27.9,0,0,0
2026-09-11 08:50:00,173.0,57,68,27.3,0,0,0
2026-09-11 08:55:00,173.8,65,66,25.2,0,0,0
2026-09-11 09:00:00,171.6,48,63,26.9,0,0,0
2026-09-11 09:05:00,173.3,40,69,31.8,0,0,0
2026-09-11 09:10:00,172.0,18,62,26.5,0,0,0
2026-09-11 09:15:00,169.7,57,69,23.9,0,0,0
2026-09-11 09:20:00,165.3,50,63,22.3,0,0,0
2026-09-11 09:25:00,162.3,447,92,28.6,0,0,0
2026-09-11 09:30:00,160.7,413,88,24.2,0,0,0
2026-09-11 09:35:00,159.8,431,88,25.9,0,0,0
2026-09-11 09:40:00,153.2,44,63,26.5,0,0,0
2026-09-11 09:45:00,149.9,60,65,26.4,0,0,0
2026-09-11 09:50:00,148.1,29,65,31.2,0,0,0
2026-09-11 09:55:00,145.2,57,65,27.9,0,0,0
2026-09-11 10:00:00,142.5,68,69,23.5,0,0,0
2026-09-11 10:05:00,140.3,47,65,27.3,0,0,0
2026-09-11 10:10:00,141.6,42,68,28.3,0,0,0
2026-09-11 10:15:00,140.8,57,68,25.4,0,0,0
2026-09-11 10:20:00,138.6,76,68,26.7,0,0,0
2026-09-11 10:25:00,139.6,104,74,26.1,0,0,0
2026-09-11 10:30:00,138.9,31,64,29.5,0,0,0
2026-09-11 10:35:00,135.6,47,67,25.9,0,0,0
2026-09-11 10:40:00,133.4,62,63,26.7,0,0,0
2026-09-11 10:45:00,134.7,37,66,28.2,0,0,0
2026-09-11 10:50:00,133.1,45,67,28.0,0,0,0
2026-09-11 10:55:00,132.7,22,63,28.0,0,0,0
2026-09-11 11:00:00,128.8,61,65,23.4,0,0,0
2026-09-11 11:05:00,124.4,31,67,28.8,0,0,0
2026-09-11 11:10:00,123.6,94,68,28.1,0,0,0
2026-09-11 11:15:00,121.2,26,62,26.6,0,0,0
2026-09-11 11:20:00,117.3,42,67,31.0,0,0,0
2026-09-11 11:25:00,117.5,29,65,26.2,0,0,0
2026-09-11 11:30:00,114.0,45,66,27.5,0,0,0
2026-09-11 11:35:00,116.2,43,67,24.3,0,0,0
2026-09-11 11:40:00,113.1,83,68,24.3,0,0,0
2026-09-11 11:45:00,114.1,60,69,28.3,0,0,0
2026-09-11 11:50:00,114.2,103,66,27.6,0,0,0
2026-09-11 11:55:00,114.5,41,71,25.6,0,0,0
2026-09-11 12:00:00,113.6,65,66,28.4,0,0,0
2026-09-11 12:05:00,114.3,29,66,25.8,0,0,0
2026-09-11 12:10:00,115.3,46,66,27.6,0,0,0
2026-09-11 12:15:00,119.4,61,68,28.3,0,0,0
2026-09-11 12:20:00,122.2,34,65,29.9,0,0,0
2026-09-11 12:25:00,118.9,32,65,25.8,0,0,0
2026-09-11 12:30:00,119.2,54,67,26.3,0,0,0
2026-09-11 12:35:00,118.0,63,68,23.4,0,0,0
2026-09-11 12:40:00,120.0,542,97,28.6,0,0,0
2026-09-11 12:45:00,117.5,516,92,31.5,0,0,0
2026-09-11 12:50:00,119.9,506,92,31.3,0,0,0
2026-09-11 12:55:00,118.4,499,92,27.3,0,0,0
2026-09-11 13:00:00,117.8,26,65,27.3,0,0,0
2026-09-11 13:05:00,119.4,23,65,28.9,0,0,0
2026-09-11 13:10:00,118.8,53,62,29.2,0,0,0
2026-09-11 13:15:00,119.5,54,68,29.7,0,0,0
2026-09-11 13:20:00,118.1,89,71,23.2,0,106,70
2026-09-11 13:25:00,133.9,33,68,27.2,0,0,0
2026-09-11 13:30:00,148.5,41,68,23.4,0,0,0
2026-09-11 13:35:00,157.3,52,68,24.6,0,0,0
2026-09-11 13:40:00,169.2,53,70,26.7,0,0,0
2026-09-11 13:45:00,174.0,47,67,29.0,0,0,0
2026-09-11 13:50:00,176.7,68,65,24.7,0,0,0
2026-09-11 13:55:00,180.4,48,67,26.1,0,0,0
2026-09-11 14:00:00,181.6,30,65,28.4,0,0,0
2026-09-11 14:05:00,180.1,63,68,29.1,0,0,0
2026-09-11 14:10:00,180.4,64,69,29.9,0,0,0
2026-09-11 14:15:00,177.3,53,66,27.5,0,0,0
2026-09-11 14:20:00,176.5,51,65,31.0,0,0,0
2026-09-11 14:25:00,173.0,46,64,26.9,0,0,0
2026-09-11 14:30:00,172.8,65,69,28.0,0,0,0
2026-09-11 14:35:00,170.2,41,62,24.2,0,0,0
2026-09-11 14:40:00,165.8,26,67,26.8,0,0,0
2026-09-11 14:45:00,163.1,51,64,23.9,0,0,0
2026-09-11 14:50:00,159.9,28,67,29.9,0,0,0
2026-09-11 14:55:00,160.3,27,63,27.2,0,0,0
2026-09-11 15:00:00,157.6,17,61,28.5,0,0,0
2026-09-11 15:05:00,151.6,50,69,25.1,0,0,0
2026-09-11 15:10:00,148.6,27,66,34.0,0,0,0
2026-09-11 15:15:00,145.4,520,94,23.0,0,0,0
2026-09-11 15:20:00,142.3,471,90,31.3,0,0,0
2026-09-11 15:25:00,140.1,39,67,26.3,0,0,0
2026-09-11 15:30:00,134.7,36,65,27.6,0,0,0
2026-09-11 15:35:00,137.9,57,65,28.9,0,0,0
2026-09-11 15:40:00,137.7,32,65,26.5,0,0,0
2026-09-11 15:45:00,133.4,28,66,27.7,0,0,0
2026-09-11 15:50:00,128.8,41,68,27.5,0,0,0
2026-09-11 15:55:00,124.2,44,67,28.3,0,0,0
2026-09-11 16:00:00,126.0,57,65,30.2,0,0,0
2026-09-11 16:05:00,124.9,42,64,28.4,0,0,0
2026-09-11 16:10:00,125.5,52,62,30.1,0,0,0
2026-09-11 16:15:00,123.3,26,66,27.7,0,0,0
2026-09-11 16:20:00,125.6,61,65,29.5,0,0,0
2026-09-11 16:25:00,127.8,42,62,24.4,0,0,0
2026-09-11 16:30:00,123.7,58,63,30.2,0,0,0
2026-09-11 16:35:00,121.5,46,64,25.6,0,0,0
2026-09-11 16:40:00,121.7,61,65,28.5,0,0,0
2026-09-11 16:45:00,121.5,105,65,28.1,0,0,0
2026-09-11 16:50:00,123.4,26,67,26.8,0,0,0
2026-09-11 16:55:00,123.5,98,67,26.1,0,0,0
2026-09-11 17:00:00,121.9,49,69,28.7,0,30,60
2026-09-11 17:05:00,122.8,45,67,25.4,0,0,0
2026-09-11 17:10:00,126.1,35,68,26.9,0,0,0
2026-09-11 17:15:00,129.6,42,71,25.4,0,0,0
2026-09-11 17:20:00,130.6,38,71,24.4,0,0,0
2026-09-11 17:25:00,136.1,64,69,27.4,0,0,0
2026-09-11 17:30:00,135.9,85,68,28.7,0,0,0
2026-09-11 17:35:00,136.6,41,68,26.9,0,0,0
2026-09-11 17:40:00,138.7,97,66,26.0,0,0,0
2026-09-11 17:45:00,136.9,28,65,31.8,0,0,0
2026-09-11 17:50:00,136.6,50,69,28.8,0,0,0
2026-09-11 17:55:00,138.1,49,68,28.8,0,0,0
2026-09-11 18:00:00,136.7,77,67,29.9,0,0,0
2026-09-11 18:05:00,136.2,31,64,23.2,0,0,0
2026-09-11 18:10:00,138.5,68,71,27.6,0,0,0
2026-09-11 18:15:00,135.2,34,65,27.7,0,0,0
2026-09-11 18:20:00,135.5,38,67,27.3,0,0,0
2026-09-11 18:25:00,134.2,30,65,27.2,0,0,0
2026-09-11 18:30:00,135.2,39,65,25.5,0,0,0
2026-09-11 18:35:00,134.2,49,66,28.0,0,0,0
2026-09-11 18:40:00,133.0,38,63,26.0,0,0,0
2026-09-11 18:45:00,134.3,39,67,26.8,0,0,0
2026-09-11 18:50:00,132.0,33,65,26.4,0,0,0
2026-09-11 18:55:00,131.0,33,64,28.0,0,0,0
2026-09-11 19:00:00,130.9,66,67,27.1,0,0,0
2026-09-11 19:05:00,127.4,27,66,25.2,0,0,0
2026-09-11 19:10:00,124.5,64,69,24.9,0,0,0
2026-09-11 19:15:00,119.7,31,62,26.9,0,0,0
2026-09-11 19:20:00,118.7,72,64,25.3,0,0,0
2026-09-11 19:25:00,116.9,43,67,27.1,0,0,0
2026-09-11 19:30:00,118.8,57,67,29.2,0,0,0
2026-09-11 19:35:00,118.3,57,67,29.2,0,0,0
2026-09-11 19:40:00,117.8,55,65,28.4,0,0,0
2026-09-11 19:45:00,115.3,29,65,30.0,0,0,0
2026-09-11 19:50:00,114.9,41,69,23.8,0,0,0
2026-09-11 19:55:00,114.6,29,67,26.8,0,0,0
2026-09-11 20:00:00,112.4,72,63,29.0,0,0,0
2026-09-11 20:05:00,112.7,20,66,23.1,0,0,0
2026-09-11 20:10:00,115.0,43,66,30.5,0,0,0
2026-09-11 20:15:00,117.5,25,64,26.0,0,0,0
2026-09-11 20:20:00,114.6,71,66,33.5,0,0,0
2026-09-11 20:25:00,119.5,27,67,26.4,0,0,0
2026-09-11 20:30:00,119.6,58,65,25.2,0,0,0
2026-09-11 20:35:00,116.7,56,71,28.2,0,0,0
2026-09-11 20:40:00,116.2,54,68,29.2,0,0,0
2026-09-11 20:45:00,112.3,45,65,28.5,0,0,0
2026-09-11 20:50:00,112.1,45,64,26.6,0,0,0
2026-09-11 20:55:00,112.4,59,71,28.5,0,96,75
2026-09-11 21:00:00,131.1,54,69,27.7,0,0,0
2026-09-11 21:05:00,142.9,40,69,29.5,0,0,0
2026-09-11 21:10:00,152.4,13,65,29.9,0,0,0
2026-09-11 21:15:00,159.1,51,70,28.5,0,0,0
2026-09-11 21:20:00,164.0,104,74,30.1,0,0,0
2026-09-11 21:25:00,168.9,20,65,29.4,0,0,0
2026-09-11 21:30:00,175.5,39,66,25.9,0,0,0
2026-09-11 21:35:00,176.5,32,64,27.2,0,0,0
2026-09-11 21:40:00,177.9,43,63,27.8,0,0,0
2026-09-11 21:45:00,175.6,24,66,29.2,0,0,0
2026-09-11 21:50:00,173.3,42,67,28.4,0,0,0
2026-09-11 21:55:00,169.8,29,63,25.2,0,0,0
2026-09-11 22:00:00,170.0,41,68,31.0,0,0,0
2026-09-11 22:05:00,167.8,49,69,30.3,0,0,0
2026-09-11 22:10:00,169.3,38,66,23.7,0,0,0
2026-09-11 22:15:00,169.1,47,65,27.7,0,0,0
2026-09-11 22:20:00,166.6,45,65,26.0,0,0,0
2026-09-11 22:25:00,162.6,36,65,29.5,0,0,0
2026-09-11 22:30:00,159.3,80,70,29.8,0,0,0
2026-09-11 22:35:00,158.6,56,69,27.9,0,0,0
2026-09-11 22:40:00,158.6,30,66,30.4,0,0,0
2026-09-11 22:45:00,153.3,25,69,28.5,0,0,0
2026-09-11 22:50:00,147.5,0,56,43.8,1,0,0
2026-09-11 22:55:00,147.0,1,56,44.9,1,0,0
2026-09-11 23:00:00,144.4,1,55,42.1,1,0,0
2026-09-11 23:05:00,141.9,1,54,41.7,1,0,0
2026-09-11 23:10:00,139.9,1,55,43.2,1,0,0
2026-09-11 23:15:00,139.2,1,54,44.3,1,0,0
2026-09-11 23:20:00,136.3,1,56,44.3,1,0,0
2026-09-11 23:25:00,136.2,1,55,46.5,1,0,0
2026-09-11 23:30:00,134.5,0,52,48.3,1,0,0
2026-09-11 23:35:00,134.0,0,55,44.0,1,0,0
2026-09-11 23:40:00,130.6,0,57,46.2,1,0,0
2026-09-11 23:45:00,128.6,1,54,43.9,1,0,0
2026-09-11 23:50:00,129.2,1,55,44.4,1,0,0
2026-09-11 23:55:00,128.6,0,53,46.7,1,0,0
2026-09-12 00:00:00,130.4,0,55,46.6,1,0,0
2026-09-12 00:05:00,129.1,0,55,43.3,1,0,0
2026-09-12 00:10:00,126.3,0,55,40.3,1,0,0
2026-09-12 00:15:00,124.7,0,58,41.1,1,0,0
2026-09-12 00:20:00,125.6,1,58,43.2,1,0,0
2026-09-12 00:25:00,123.5,0,54,45.2,1,0,0
2026-09-12 00:30:00,121.4,0,56,48.7,1,0,0
2026-09-12 00:35:00,120.1,0,55,45.8,1,0,0
2026-09-12 00:40:00,119.6,1,52,43.5,1,0,0
2026-09-12 00:45:00,122.2,1,58,41.8,1,0,0
2026-09-12 00:50:00,120.4,0,54,45.1,1,0,0
2026-09-12 00:55:00,120.8,0,54,39.0,1,0,0
2026-09-12 01:00:00,117.5,0,54,42.6,1,0,0
2026-09-12 01:05:00,120.6,0,54,43.1,1,0,0
2026-09-12 01:10:00,122.0,1,58,42.4,1,0,0
2026-09-12 01:15:00,124.9,0,53,44.3,1,0,0
2026-09-12 01:20:00,123.6,0,58,42.2,1,0,0
2026-09-12 01:25:00,125.0,0,54,44.3,1,0,0
2026-09-12 01:30:00,126.4,1,59,41.9,1,0,0
2026-09-12 01:35:00,126.5,1,56,43.8,1,0,0
2026-09-12 01:40:00,125.1,0,54,42.4,1,0,0
2026-09-12 01:45:00,124.3,1,53,44.9,1,0,0
2026-09-12 01:50:00,123.6,0,56,44.1,1,0,0
2026-09-12 01:55:00,122.5,0,57,47.7,1,0,0
2026-09-12 02:00:00,123.3,0,54,41.5,1,0,0
2026-09-12 02:05:00,120.4,0,56,42.6,1,0,0
2026-09-12 02:10:00,119.3,0,55,43.5,1,0,0
2026-09-12 02:15:00,117.1,0,57,47.6,1,0,0
2026-09-12 02:20:00,117.5,0,54,42.3,1,0,0
2026-09-12 02:25:00,117.2,1,56,44.9,1,0,0
2026-09-12 02:30:00,113.8,1,60,44.4,1,0,0
2026-09-12 02:35:00,113.9,0,55,45.4,1,0,0
2026-09-12 02:40:00,114.6,1,56,45.9,1,0,0
2026-09-12 02:45:00,116.1,0,53,45.3,1,0,0
2026-09-12 02:50:00,119.3,3,53,43.2,1,0,0
2026-09-12 02:55:00,118.4,0,57,45.2,1,0,0
2026-09-12 03:00:00,114.7,0,56,44.1,1,0,0
2026-09-12 03:05:00,114.3,0,57,45.9,1,0,0
2026-09-12 03:10:00,113.3,0,54,43.1,1,0,0
2026-09-12 03:15:00,113.7,0,53,47.9,1,0,0
2026-09-12 03:20:00,117.3,0,54,40.9,1,0,0
2026-09-12 03:25:00,113.2,0,57,44.1,1,0,0
2026-09-12 03:30:00,113.1,0,59,45.9,1,0,0
2026-09-12 03:35:00,118.0,1,52,43.7,1,0,0
2026-09-12 03:40:00,114.7,1,53,42.5,1,0,0
2026-09-12 03:45:00,114.1,0,54,42.4,1,0,0
2026-09-12 03:50:00,115.4,0,54,48.8,1,0,0
2026-09-12 03:55:00,116.3,0,57,44.8,1,0,0
2026-09-12 04:00:00,118.5,2,53,40.7,1,0,0
2026-09-12 04:05:00,117.3,0,51,47.9,1,0,0
2026-09-12 04:10:00,117.3,0,55,45.2,1,0,0
2026-09-12 04:15:00,120.3,0,60,43.3,1,0,0
2026-09-12 04:20:00,120.7,0,55,42.4,1,0,0
2026-09-12 04:25:00,120.0,1,56,44.1,1,0,0
2026-09-12 04:30:00,118.4,0,54,46.8,1,0,0
2026-09-12 04:35:00,117.1,0,57,47.3,1,0,0
2026-09-12 04:40:00,114.7,1,54,44.1,1,0,0
2026-09-12 04:45:00,115.1,1,54,45.0,1,0,0
2026-09-12 04:50:00,113.3,1,56,44.7,1,0,0
2026-09-12 04:55:00,113.2,0,57,43.4,1,0,0
2026-09-12 05:00:00,113.9,1,56,40.6,1,0,0
2026-09-12 05:05:00,115.2,0,55,42.8,1,0,0
2026-09-12 05:10:00,117.2,1,51,43.6,1,0,0
2026-09-12 05:15:00,119.9,0,56,43.7,1,0,0
2026-09-12 05:20:00,118.9,0,56,44.5,1,0,0
2026-09-12 05:25:00,121.8,0,56,42.2,1,0,0
2026-09-12 05:30:00,120.0,0,56,43.4,1,0,0
2026-09-12 05:35:00,119.2,0,55,45.1,1,0,0
2026-09-12 05:40:00,119.0,0,53,42.7,1,0,0
2026-09-12 05:45:00,119.0,1,57,42.1,1,0,0
2026-09-12 05:50:00,120.5,0,56,43.9,1,0,0
2026-09-12 05:55:00,119.9,0,52,40.5,1,0,0
2026-09-12 06:00:00,120.0,3,57,45.0,1,0,0
2026-09-12 06:05:00,123.2,34,65,28.2,0,0,0
2026-09-12 06:10:00,126.6,23,63,27.6,0,0,0
2026-09-12 06:15:00,125.1,101,70,25.1,0,0,0
2026-09-12 06:20:00,122.9,44,68,27.0,0,0,0
2026-09-12 06:25:00,124.5,43,65,25.8,0,0,0
2026-09-12 06:30:00,125.9,23,65,24.9,0,0,0
2026-09-12 06:35:00,126.9,29,70,25.1,0,0,0
2026-09-12 06:40:00,126.1,35,67,27.2,0,0,0
2026-09-12 06:45:00,127.6,74,64,27.8,0,0,0
2026-09-12 06:50:00,124.7,84,71,26.6,0,0,0
2026-09-12 06:55:00,123.3,32,65,28.1,0,0,0
2026-09-12 07:00:00,125.9,49,68,22.3,0,0,0
2026-09-12 07:05:00,130.8,31,65,23.9,0,0,0
2026-09-12 07:10:00,127.8,29,65,24.5,0,0,0
2026-09-12 07:15:00,130.1,30,67,27.6,0,0,0
2026-09-12 07:20:00,127.2,22,64,28.2,0,0,0
2026-09-12 07:25:00,124.3,47,65,26.4,0,0,0
2026-09-12 07:30:00,127.2,92,67,25.8,0,0,0
2026-09-12 07:35:00,124.3,59,68,24.6,0,0,0
2026-09-12 07:40:00,123.2,71,67,28.7,0,0,0
2026-09-12 07:45:00,122.7,34,65,29.3,0,0,0
2026-09-12 07:50:00,120.2,51,65,26.7,0,0,0
2026-09-12 07:55:00,121.6,113,70,27.9,0,0,0
2026-09-12 08:00:00,121.5,55,67,24.6,0,0,0
2026-09-12 08:05:00,122.1,110,71,28.2,0,0,0
2026-09-12 08:10:00,123.7,81,68,28.4,0,0,0
2026-09-12 08:15:00,125.9,70,62,28.9,0,0,0
2026-09-12 08:20:00,124.3,52,66,21.6,0,0,0
2026-09-12 08:25:00,124.1,52,67,27.6,0,0,0
2026-09-12 08:30:00,119.6,52,70,26.2,0,0,0
2026-09-12 08:35:00,120.2,60,67,28.5,0,0,0
2026-09-12 08:40:00,118.7,80,72,21.3,0,0,0
2026-09-12 08:45:00,119.1,57,65,26.4,0,0,0
2026-09-12 08:50:00,118.8,38,69,30.1,0,0,0
2026-09-12 08:55:00,121.0,63,68,24.8,0,57,78
2026-09-12 09:00:00,134.3,46,70,29.4,0,0,0
2026-09-12 09:05:00,141.4,49,67,30.0,0,0,0
2026-09-12 09:10:00,149.2,36,70,28.3,0,0,0
2026-09-12 09:15:00,155.3,80,69,21.0,0,0,0
2026-09-12 09:20:00,156.9,65,69,26.6,0,0,0
2026-09-12 09:25:00,159.7,35,61,23.5,0,0,0
2026-09-12 09:30:00,163.9,40,65,26.3,0,0,0
2026-09-12 09:35:00,158.2,73,67,28.0,0,0,0
2026-09-12 09:40:00,159.3,34,66,30.5,0,0,0
2026-09-12 09:45:00,159.1,36,63,25.6,0,0,0
2026-09-12 09:50:00,157.2,48,67,28.8,0,0,0
2026-09-12 09:55:00,154.3,87,69,29.6,0,0,0
2026-09-12 10:00:00,152.2,11,66,28.6,0,0,0
2026-09-12 10:05:00,152.9,31,64,29.1,0,0,0
2026-09-12 10:10:00,152.4,32,66,26.0,0,0,0
2026-09-12 10:15:00,152.7,33,66,25.4,0,0,0
2026-09-12 10:20:00,150.9,32,64,26.4,0,0,0
2026-09-12 10:25:00,149.8,84,68,27.2,0,0,0
2026-09-12 10:30:00,147.9,21,67,26.5,0,0,0
2026-09-12 10:35:00,147.3,130,70,30.5,0,0,0
2026-09-12 10:40:00,145.3,68,68,25.0,0,0,0
2026-09-12 10:45:00,147.1,76,67,28.1,0,0,0
2026-09-12 10:50:00,147.6,32,61,24.7,0,0,0
2026-09-12 10:55:00,146.4,19,65,25.7,0,0,0
2026-09-12 11:00:00,142.0,64,67,28.3,0,0,0
2026-09-12 11:05:00,139.5,62,67,28.4,0,0,0
2026-09-12 11:10:00,137.6,48,67,28.0,0,0,0
2026-09-12 11:15:00,138.0,23,66,23.2,0,0,0
2026-09-12 11:20:00,135.4,43,70,29.2,0,0,0
2026-09-12 11:25:00,135.2,34,63,24.2,0,0,0
2026-09-12 11:30:00,131.3,15,61,29.8,0,0,0
2026-09-12 11:35:00,136.9,102,69,27.1,0,0,0
2026-09-12 11:40:00,136.4,45,69,24.2,0,0,0
2026-09-12 11:45:00,138.1,39,63,29.2,0,0,0
2026-09-12 11:50:00,134.0,43,63,26.3,0,0,0
2026-09-12 11:55:00,134.5,73,66,25.6,0,0,0
2026-09-12 12:00:00,135.2,42,64,28.9,0,0,0
2026-09-12 12:05:00,132.7,39,64,28.0,0,0,0
2026-09-12 12:10:00,130.6,29,64,27.8,0,0,0
2026-09-12 12:15:00,125.8,46,66,26.2,0,0,0
2026-09-12 12:20:00,119.4,13,66,26.8,0,0,0
2026-09-12 12:25:00,116.7,45,66,23.9,0,0,0
2026-09-12 12:30:00,116.3,34,67,23.7,0,0,0
2026-09-12 12:35:00,116.0,60,67,29.0,0,0,0
2026-09-12 12:40:00,114.7,82,68,27.7,0,0,0
2026-09-12 12:45:00,113.9,30,67,28.2,0,0,0
2026-09-12 12:50:00,115.6,61,66,28.0,0,0,0
2026-09-12 12:55:00,116.6,42,66,25.8,0,0,0
2026-09-12 13:00:00,119.8,58,64,31.9,0,0,0
2026-09-12 13:05:00,122.8,45,64,24.7,0,0,0
2026-09-12 13:10:00,122.2,34,68,27.7,0,0,0
2026-09-12 13:15:00,122.0,64,66,27.1,0,0,0
2026-09-12 13:20:00,121.3,45,67,27.6,0,0,0
2026-09-12 13:25:00,122.7,49,66,24.1,0,0,0
2026-09-12 13:30:00,119.4,25,71,27.0,0,0,0
2026-09-12 13:35:00,119.1,51,65,28.0,0,0,0
2026-09-12 13:40:00,118.4,40,67,30.5,0,0,0
2026-09-12 13:45:00,117.3,24,65,25.4,0,0,0
2026-09-12 13:50:00,116.1,54,64,23.7,0,0,0
2026-09-12 13:55:00,118.2,38,67,22.8,0,0,0
2026-09-12 14:00:00,119.5,30,67,26.4,0,0,0
2026-09-12 14:05:00,120.4,52,66,28.5,0,0,0
2026-09-12 14:10:00,119.9,40,66,29.3,0,0,0
2026-09-12 14:15:00,120.2,34,65,24.6,0,0,0
2026-09-12 14:20:00,116.3,41,67,27.5,0,0,0
2026-09-12 14:25:00,115.1,21,63,30.5,0,0,0
2026-09-12 14:30:00,118.3,55,68,27.6,0,0,0
2026-09-12 14:35:00,115.7,40,63,25.6,0,0,0
2026-09-12 14:40:00,118.3,53,67,24.9,0,0,0
2026-09-12 14:45:00,118.2,378,84,22.6,0,0,0
2026-09-12 14:50:00,120.9,414,87,27.0,0,0,0
2026-09-12 14:55:00,122.1,375,86,24.3,0,0,0
2026-09-12 15:00:00,125.6,382,86,28.0,0,0,0
2026-09-12 15:05:00,123.3,57,69,27.6,0,0,0
2026-09-12 15:10:00,120.7,75,69,26.9,0,0,0
2026-09-12 15:15:00,119.6,57,68,28.0,0,0,0
2026-09-12 15:20:00,118.5,32,64,23.1,0,0,0
2026-09-12 15:25:00,119.0,47,68,21.9,0,0,0
2026-09-12 15:30:00,120.5,49,63,26.2,0,0,0
2026-09-12 15:35:00,120.0,33,68,31.9,0,0,0
2026-09-12 15:40:00,120.7,38,65,25.8,0,0,0
2026-09-12 15:45:00,123.5,29,64,27.3,0,0,0
2026-09-12 15:50:00,122.3,22,63,27.8,0,0,0
2026-09-12 15:55:00,121.8,16,63,30.3,0,0,0
2026-09-12 16:00:00,121.4,48,63,28.0,0,0,0
2026-09-12 16:05:00,123.0,67,71,25.4,0,0,0
2026-09-12 16:10:00,123.6,46,64,27.1,0,0,0
2026-09-12 16:15:00,122.4,27,67,28.0,0,0,0
2026-09-12 16:20:00,116.9,46,67,27.4,0,0,0
2026-09-12 16:25:00,114.8,49,69,26.5,0,0,0
2026-09-12 16:30:00,114.3,53,68,26.9,0,0,0
2026-09-12 16:35:00,112.4,44,65,30.1,0,0,0
2026-09-12 16:40:00,109.7,71,68,25.2,0,0,0
2026-09-12 16:45:00,112.7,29,62,26.1,0,0,0
2026-09-12 16:50:00,111.6,77,68,27.7,0,0,0
2026-09-12 16:55:00,107.3,13,64,30.3,0,0,0
2026-09-12 17:00:00,109.3,40,66,28.0,0,0,0
2026-09-12 17:05:00,110.0,39,62,26.1,0,0,0
2026-09-12 17:10:00,111.7,73,67,29.5,0,0,0
2026-09-12 17:15:00,111.3,30,64,29.6,0,0,0
2026-09-12 17:20:00,112.0,50,64,28.8,0,0,0
2026-09-12 17:25:00,118.1,32,64,28.1,0,0,0
2026-09-12 17:30:00,118.2,38,66,26.3,0,0,0
2026-09-12 17:35:00,116.8,53,70,24.9,0,0,0
2026-09-12 17:40:00,118.8,66,65,27.6,0,0,0
2026-09-12 17:45:00,120.3,75,72,28.1,0,29,60
2026-09-12 17:50:00,126.5,32,66,25.1,0,0,0
2026-09-12 17:55:00,126.5,49,74,28.3,0,0,0
2026-09-12 18:00:00,125.5,80,73,26.7,0,0,0
2026-09-12 18:05:00,126.0,40,66,28.4,0,0,0
2026-09-12 18:10:00,125.5,26,67,27.7,0,0,0
2026-09-12 18:15:00,127.5,471,94,24.5,0,0,0
2026-09-12 18:20:00,125.7,516,97,24.6,0,0,0
2026-09-12 18:25:00,123.4,25,65,28.5,0,0,0
2026-09-12 18:30:00,123.4,24,61,27.0,0,0,0
2026-09-12 18:35:00,123.4,43,65,27.6,0,0,0
2026-09-12 18:40:00,126.1,58,68,26.3,0,0,0
2026-09-12 18:45:00,127.0,116,69,22.7,0,0,0
2026-09-12 18:50:00,126.4,36,65,28.7,0,0,0
2026-09-12 18:55:00,126.4,83,67,29.3,0,0,0
2026-09-12 19:00:00,125.7,33,62,27.7,0,0,0
2026-09-12 19:05:00,127.0,35,67,29.1,0,0,0
2026-09-12 19:10:00,126.4,101,68,27.4,0,0,0
2026-09-12 19:15:00,121.8,55,67,28.4,0,0,0
2026-09-12 19:20:00,121.1,47,65,24.9,0,0,0
2026-09-12 19:25:00,121.8,20,65,27.1,0,0,0
2026-09-12 19:30:00,125.2,32,68,23.4,0,0,0
2026-09-12 19:35:00,122.3,64,63,25.1,0,0,0
2026-09-12 19:40:00,122.9,61,67,29.0,0,0,0
2026-09-12 19:45:00,125.6,35,66,27.2,0,0,0
2026-09-12 19:50:00,123.2,47,67,26.2,0,0,0
2026-09-12 19:55:00,120.8,45,69,26.9,0,0,0
2026-09-12 20:00:00,118.9,30,65,25.9,0,0,0
2026-09-12 20:05:00,118.5,43,65,25.6,0,0,0
2026-09-12 20:10:00,119.5,29,67,24.6,0,0,0
2026-09-12 20:15:00,117.5,45,67,26.6,0,0,0
2026-09-12 20:20:00,121.0,52,68,34.3,0,0,0
2026-09-12 20:25:00,116.3,43,70,27.3,0,87,75
2026-09-12 20:30:00,129.5,38,71,28.6,0,0,0
2026-09-12 20:35:00,144.8,37,68,27.7,0,0,0
2026-09-12 20:40:00,157.1,34,70,24.2,0,0,0
2026-09-12 20:45:00,164.4,41,68,27.4,0,0,0
2026-09-12 20:50:00,169.0,88,72,28.7,0,0,0
2026-09-12 20:55:00,172.8,44,65,24.4,0,0,0
2026-09-12 21:00:00,177.5,59,65,25.3,0,0,0
2026-09-12 21:05:00,178.8,23,64,26.9,0,0,0
2026-09-12 21:10:00,176.5,41,68,27.0,0,0,0
2026-09-12 21:15:00,179.7,46,68,26.8,0,0,0
2026-09-12 21:20:00,176.0,67,69,30.1,0,0,0
2026-09-12 21:25:00,174.0,25,66,30.1,0,0,0
2026-09-12 21:30:00,169.5,87,70,30.5,0,0,0
2026-09-12 21:35:00,169.9,26,65,26.1,0,0,0
2026-09-12 21:40:00,167.4,34,61,29.8,0,0,0
2026-09-12 21:45:00,166.3,61,71,25.0,0,0,0
2026-09-12 21:50:00,165.8,97,66,32.8,0,0,0
2026-09-12 21:55:00,164.7,24,62,28.9,0,0,0
2026-09-12 22:00:00,161.7,51,66,24.3,0,0,0
2026-09-12 22:05:00,152.7,43,64,24.7,0,0,0
2026-09-12 22:10:00,148.8,28,67,28.5,0,0,0
2026-09-12 22:15:00,148.0,30,66,28.4,0,0,0
2026-09-12 22:20:00,146.2,65,65,29.8,0,0,0
2026-09-12 22:25:00,145.2,50,62,29.1,0,0,0
2026-09-12 22:30:00,142.6,28,61,27.4,0,0,0
2026-09-12 22:35:00,144.1,85,68,27.0,0,0,0
2026-09-12 22:40:00,141.7,59,67,25.8,0,0,0
2026-09-12 22:45:00,139.2,85,69,26.9,0,0,0
2026-09-12 22:50:00,139.8,16,62,26.6,0,0,0
2026-09-12 22:55:00,138.8,97,70,26.2,0,0,0
2026-09-12 23:00:00,137.2,88,70,25.6,0,0,0
2026-09-12 23:05:00,132.9,34,64,26.5,0,0,0
2026-09-12 23:10:00,131.7,52,66,28.7,0,0,0
2026-09-12 23:15:00,130.6,28,66,27.5,0,0,0
2026-09-12 23:20:00,127.7,106,70,25.3,0,0,0
2026-09-12 23:25:00,126.1,39,66,24.7,0,0,0
2026-09-12 23:30:00,124.7,54,65,27.0,0,0,0
2026-09-12 23:35:00,123.4,55,70,26.5,0,0,0
2026-09-12 23:40:00,123.9,40,62,24.3,0,0,0
2026-09-12 23:45:00,126.7,62,67,27.5,0,0,0
2026-09-12 23:50:00,124.6,70,66,24.3,0,0,0
2026-09-12 23:55:00,127.3,31,65,27.8,0,0,0
2026-09-13 00:00:00,121.0,106,70,27.6,0,0,0
2026-09-13 00:05:00,119.0,53,68,24.7,0,0,0
2026-09-13 00:10:00,123.3,0,57,46.0,1,0,0
2026-09-13 00:15:00,123.5,0,55,44.6,1,0,0
2026-09-13 00:20:00,121.0,1,57,47.6,1,0,0
2026-09-13 00:25:00,119.3,0,54,46.5,1,0,0
2026-09-13 00:30:00,120.8,0,55,46.4,1,0,0
2026-09-13 00:35:00,117.7,0,55,40.9,1,0,0
2026-09-13 00:40:00,118.8,0,56,47.9,1,0,0
2026-09-13 00:45:00,116.2,0,54,44.1,1,0,0
2026-09-13 00:50:00,117.2,0,52,46.1,1,0,0
2026-09-13 00:55:00,113.1,1,57,46.2,1,0,0
2026-09-13 01:00:00,113.9,0,55,42.7,1,0,0
2026-09-13 01:05:00,114.8,0,55,41.3,1,0,0
2026-09-13 01:10:00,114.0,1,55,46.4,1,0,0
2026-09-13 01:15:00,113.6,0,54,46.5,1,0,0
2026-09-13 01:20:00,110.2,0,54,44.3,1,0,0
2026-09-13 01:25:00,113.4,1,56,44.8,1,0,0
2026-09-13 01:30:00,112.2,0,52,48.1,1,0,0
2026-09-13 01:35:00,109.1,1,55,44.2,1,0,0
2026-09-13 01:40:00,107.3,0,57,48.0,1,0,0
2026-09-13 01:45:00,108.8,1,59,44.9,1,0,0
2026-09-13 01:50:00,109.1,0,55,47.9,1,0,0
2026-09-13 01:55:00,107.6,1,51,44.0,1,0,0
2026-09-13 02:00:00,106.0,0,54,45.3,1,0,0
2026-09-13 02:05:00,103.0,1,53,46.6,1,0,0
2026-09-13 02:10:00,102.7,0,53,44.6,1,0,0
2026-09-13 02:15:00,100.5,0,57,47.3,1,0,0
2026-09-13 02:20:00,100.8,0,54,44.2,1,0,0
2026-09-13 02:25:00,101.2,0,57,46.4,1,0,0
2026-09-13 02:30:00,101.6,0,56,43.1,1,0,0
2026-09-13 02:35:00,102.4,0,55,48.2,1,0,0
2026-09-13 02:40:00,102.1,0,55,46.7,1,0,0
2026-09-13 02:45:00,100.6,1,51,44.1,1,0,0
2026-09-13 02:50:00,98.0,0,55,46.3,1,0,0
2026-09-13 02:55:00,101.0,0,56,46.2,1,0,0
2026-09-13 03:00:00,98.7,0,54,49.8,1,0,0
2026-09-13 03:05:00,103.6,0,54,46.7,1,0,0
2026-09-13 03:10:00,104.0,1,54,44.4,1,0,0
2026-09-13 03:15:00,106.7,0,53,48.6,1,0,0
2026-09-13 03:20:00,106.2,0,56,39.9,1,0,0
2026-09-13 03:25:00,107.5,1,60,45.4,1,0,0
2026-09-13 03:30:00,109.5,2,56,46.9,1,0,0
2026-09-13 03:35:00,114.0,0,54,45.9,1,0,0
2026-09-13 03:40:00,112.0,3,56,46.7,1,0,0
2026-09-13 03:45:00,111.6,0,55,45.9,1,0,0
2026-09-13 03:50:00,112.3,1,53,42.1,1,0,0
2026-09-13 03:55:00,113.7,0,56,46.5,1,0,0
2026-09-13 04:00:00,116.7,0,58,46.1,1,0,0
2026-09-13 04:05:00,117.5,0,57,46.5,1,0,0
2026-09-13 04:10:00,119.3,0,59,45.6,1,0,0
2026-09-13 04:15:00,116.1,1,57,46.0,1,0,0
2026-09-13 04:20:00,114.9,0,53,45.5,1,0,0
2026-09-13 04:25:00,114.5,0,53,48.4,1,0,0
2026-09-13 04:30:00,117.6,1,58,44.8,1,0,0
2026-09-13 04:35:00,115.4,1,54,42.4,1,0,0
2026-09-13 04:40:00,120.2,1,56,48.2,1,0,0
2026-09-13 04:45:00,119.3,0,54,48.8,1,0,0
2026-09-13 04:50:00,116.7,2,53,48.4,1,0,0
2026-09-13 04:55:00,118.2,1,57,46.5,1,0,0
2026-09-13 05:00:00,120.1,0,55,44.5,1,0,0
2026-09-13 05:05:00,120.0,1,54,43.8,1,0,0
2026-09-13 05:10:00,119.6,0,57,41.7,1,0,0
2026-09-13 05:15:00,120.9,0,54,44.4,1,0,0
2026-09-13 05:20:00,121.8,0,55,42.2,1,0,0
2026-09-13 05:25:00,121.4,1,55,42.6,1,0,0
2026-09-13 05:30:00,123.9,24,62,28.5,0,0,0
2026-09-13 05:35:00,120.8,37,67,24.6,0,0,0
2026-09-13 05:40:00,122.1,21,60,24.2,0,0,0
2026-09-13 05:45:00,120.8,58,66,25.3,0,0,0
2026-09-13 05:50:00,121.5,35,67,24.9,0,0,0
2026-09-13 05:55:00,120.3,38,64,26.9,0,0,0
2026-09-13 06:00:00,118.1,40,65,25.9,0,0,0
2026-09-13 06:05:00,114.9,63,65,28.8,0,0,0
2026-09-13 06:10:00,115.3,63,67,31.3,0,0,0
2026-09-13 06:15:00,116.9,27,63,25.5,0,0,0
2026-09-13 06:20:00,117.0,31,67,27.8,0,0,0
2026-09-13 06:25:00,117.8,22,63,28.4,0,0,0
2026-09-13 06:30:00,117.7,44,63,28.5,0,0,0
2026-09-13 06:35:00,116.6,63,66,27.2,0,0,0
2026-09-13 06:40:00,119.5,25,59,25.2,0,0,0
2026-09-13 06:45:00,119.6,27,65,27.1,0,0,0
2026-09-13 06:50:00,120.3,67,70,26.0,0,0,0
2026-09-13 06:55:00,117.5,59,67,25.1,0,0,0
2026-09-13 07:00:00,112.9,46,68,29.3,0,0,0
2026-09-13 07:05:00,116.2,51,68,30.2,0,0,0
2026-09-13 07:10:00,115.6,52,66,27.7,0,0,0
2026-09-13 07:15:00,113.1,54,66,28.4,0,0,0
2026-09-13 07:20:00,107.3,27,69,31.5,0,54,70
2026-09-13 07:25:00,118.4,44,72,27.1,0,0,0
2026-09-13 07:30:00,127.7,69,68,29.1,0,0,0
2026-09-13 07:35:00,133.7,75,71,25.8,0,0,0
2026-09-13 07:40:00,133.7,38,67,29.6,0,0,0
2026-09-13 07:45:00,138.0,48,67,32.3,0,0,0
2026-09-13 07:50:00,142.6,48,64,30.9,0,0,0
2026-09-13 07:55:00,146.1,59,74,24.8,0,0,0
2026-09-13 08:00:00,147.5,51,66,29.0,0,0,0
2026-09-13 08:05:00,146.3,49,62,27.4,0,0,0
2026-09-13 08:10:00,144.1,50,68,30.4,0,0,0
2026-09-13 08:15:00,144.2,18,62,23.9,0,0,0
2026-09-13 08:20:00,142.4,49,70,24.3,0,0,0
2026-09-13 08:25:00,137.1,61,69,29.0,0,0,0
2026-09-13 08:30:00,138.5,39,63,27.8,0,0,0
2026-09-13 08:35:00,139.8,43,65,27.0,0,0,0
2026-09-13 08:40:00,136.5,18,66,28.3,0,0,0
2026-09-13 08:45:00,132.6,34,62,28.9,0,0,0
2026-09-13 08:50:00,132.8,35,67,29.3,0,0,0
2026-09-13 08:55:00,132.2,31,64,28.8,0,0,0
2026-09-13 09:00:00,134.8,35,63,26.8,0,0,0
2026-09-13 09:05:00,133.8,68,67,28.8,0,0,0
2026-09-13 09:10:00,131.8,85,69,29.0,0,0,0
2026-09-13 09:15:00,129.8,26,65,29.2,0,0,0
2026-09-13 09:20:00,128.9,41,64,29.1,0,0,0
2026-09-13 09:25:00,124.6,44,62,28.8,0,0,0
2026-09-13 09:30:00,120.7,42,64,25.1,0,0,0
2026-09-13 09:35:00,119.6,43,64,29.2,0,0,0
2026-09-13 09:40:00,117.9,54,67,26.9,0,0,0
2026-09-13 09:45:00,120.3,53,68,29.6,0,0,0
2026-09-13 09:50:00,119.1,480,95,25.6,0,0,0
2026-09-13 09:55:00,117.4,446,90,32.9,0,0,0
2026-09-13 10:00:00,118.2,418,86,22.8,0,0,0
2026-09-13 10:05:00,118.6,441,93,26.2,0,0,0
2026-09-13 10:10:00,116.7,31,64,27.8,0,0,0
2026-09-13 10:15:00,117.4,52,68,27.0,0,0,0
2026-09-13 10:20:00,115.3,59,67,27.1,0,0,0
2026-09-13 10:25:00,111.6,64,64,27.2,0,0,0
2026-09-13 10:30:00,111.3,75,69,31.8,0,0,0
2026-09-13 10:35:00,109.6,94,71,28.3,0,0,0
2026-09-13 10:40:00,113.0,33,64,29.1,0,0,0
2026-09-13 10:45:00,115.3,15,63,31.1,0,0,0
2026-09-13 10:50:00,118.3,62,68,28.6,0,0,0
2026-09-13 10:55:00,117.9,40,66,29.4,0,0,0
2026-09-13 11:00:00,115.9,27,67,26.6,0,0,0
2026-09-13 11:05:00,113.9,167,74,27.8,0,0,0
2026-09-13 11:10:00,112.8,22,64,29.6,0,0,0
2026-09-13 11:15:00,110.1,47,62,29.6,0,0,0
2026-09-13 11:20:00,109.8,90,67,27.7,0,0,0
2026-09-13 11:25:00,109.3,44,67,24.4,0,0,0
2026-09-13 11:30:00,110.1,106,70,31.5,0,0,0
2026-09-13 11:35:00,108.6,25,68,30.3,0,0,0
2026-09-13 11:40:00,112.0,12,65,28.0,0,0,0
2026-09-13 11:45:00,112.6,51,64,32.6,0,0,0
2026-09-13 11:50:00,111.3,34,65,23.0,0,0,0
2026-09-13 11:55:00,111.8,34,66,27.6,0,0,0
2026-09-13 12:00:00,109.8,87,68,28.1,0,0,0
2026-09-13 12:05:00,112.0,43,68,25.3,0,0,0
2026-09-13 12:10:00,115.4,39,66,27.4,0,0,0
2026-09-13 12:15:00,115.7,54,68,27.4,0,0,0
2026-09-13 12:20:00,113.5,55,66,24.6,0,0,0
2026-09-13 12:25:00,114.3,60,66,27.6,0,0,0
2026-09-13 12:30:00,113.3,32,63,28.5,0,0,0
2026-09-13 12:35:00,110.8,46,68,29.0,0,0,0
2026-09-13 12:40:00,109.5,93,69,30.0,0,0,0
2026-09-13 12:45:00,107.4,50,65,24.9,0,0,0
2026-09-13 12:50:00,104.6,35,64,31.8,0,0,0
2026-09-13 12:55:00,102.9,56,67,27.3,0,0,0
2026-09-13 13:00:00,105.6,40,67,32.3,0,0,0
2026-09-13 13:05:00,103.9,41,61,29.4,0,0,0
2026-09-13 13:10:00,104.1,74,69,28.5,0,73,68
2026-09-13 13:15:00,117.6,36,67,29.4,0,0,0
2026-09-13 13:20:00,125.7,58,66,29.2,0,0,0
2026-09-13 13:25:00,132.6,43,65,27.6,0,0,0
2026-09-13 13:30:00,139.7,38,65,29.2,0,0,0
2026-09-13 13:35:00,146.4,75,71,23.6,0,0,0
2026-09-13 13:40:00,150.9,84,68,29.5,0,0,0
2026-09-13 13:45:00,151.6,55,68,26.1,0,0,0
2026-09-13 13:50:00,154.3,40,64,29.0,0,0,0
2026-09-13 13:55:00,153.0,37,68,28.8,0,0,0
2026-09-13 14:00:00,153.0,13,60,26.5,0,0,0
2026-09-13 14:05:00,152.4,88,71,29.2,0,0,0
2026-09-13 14:10:00,154.5,38,62,32.2,0,0,0
2026-09-13 14:15:00,151.3,68,66,29.3,0,0,0
2026-09-13 14:20:00,148.8,19,64,29.2,0,0,0
2026-09-13 14:25:00,147.0,92,71,26.8,0,0,0
2026-09-13 14:30:00,142.8,55,66,28.7,0,0,0
2026-09-13 14:35:00,142.9,22,63,26.1,0,0,0
2026-09-13 14:40:00,140.6,32,63,27.9,0,0,0
2026-09-13 14:45:00,141.8,41,67,25.3,0,0,0
2026-09-13 14:50:00,138.3,85,68,25.3,0,0,0
2026-09-13 14:55:00,137.8,39,65,29.4,0,0,0
2026-09-13 15:00:00,135.7,22,63,26.1,0,0,0
2026-09-13 15:05:00,133.2,46,67,28.5,0,0,0
2026-09-13 15:10:00,133.5,30,64,28.6,0,0,0
2026-09-13 15:15:00,128.5,59,67,29.7,0,0,0
2026-09-13 15:20:00,122.0,21,61,23.4,0,0,0
2026-09-13 15:25:00,124.5,44,66,25.6,0,0,0
2026-09-13 15:30:00,122.2,47,64,28.9,0,0,0
2026-09-13 15:35:00,119.3,52,64,22.8,0,0,0
2026-09-13 15:40:00,117.3,39,63,28.8,0,0,0
2026-09-13 15:45:00,115.4,22,65,25.2,0,0,0
2026-09-13 15:50:00,114.9,34,64,25.5,0,0,0
2026-09-13 15:55:00,113.6,42,63,30.1,0,0,0
2026-09-13 16:00:00,113.2,61,65,30.9,0,0,0
2026-09-13 16:05:00,111.0,80,68,27.0,0,0,0
2026-09-13 16:10:00,113.4,44,65,27.6,0,0,0
2026-09-13 16:15:00,116.3,59,66,29.2,0,0,0
2026-09-13 16:20:00,115.8,18,68,28.1,0,0,0
2026-09-13 16:25:00,120.1,29,63,30.3,0,0,0
2026-09-13 16:30:00,121.8,39,65,26.7,0,0,0
2026-09-13 16:35:00,122.9,59,62,29.6,0,0,0
2026-09-13 16:40:00,117.4,59,65,27.0,0,0,0
2026-09-13 16:45:00,118.7,65,69,25.7,0,0,0
2026-09-13 16:50:00,117.2,38,69,26.9,0,0,0
2026-09-13 16:55:00,117.1,35,64,27.9,0,0,0
2026-09-13 17:00:00,115.5,33,66,32.0,0,0,0
2026-09-13 17:05:00,116.8,37,63,29.0,0,0,0
2026-09-13 17:10:00,112.1,29,64,26.1,0,0,0
2026-09-13 17:15:00,110.6,62,68,29.8,0,0,0
2026-09-13 17:20:00,113.3,33,67,27.8,0,0,0
2026-09-13 17:25:00,113.1,51,63,26.8,0,0,0
2026-09-13 17:30:00,115.8,50,68,25.9,0,0,0
2026-09-13 17:35:00,116.5,125,73,32.6,0,0,0
2026-09-13 17:40:00,118.0,50,67,29.0,0,0,0
2026-09-13 17:45:00,117.6,55,68,29.5,0,0,0
2026-09-13 17:50:00,115.2,405,89,28.5,0,0,0
2026-09-13 17:55:00,119.9,419,91,28.6,0,0,0
2026-09-13 18:00:00,119.7,54,69,29.4,0,0,0
2026-09-13 18:05:00,120.2,38,68,30.7,0,0,0
2026-09-13 18:10:00,121.5,41,67,30.0,0,0,0
2026-09-13 18:15:00,122.7,51,62,29.5,0,0,0
2026-09-13 18:20:00,125.3,61,66,26.5,0,0,0
2026-09-13 18:25:00,124.0,36,65,26.0,0,0,0
2026-09-13 18:30:00,121.9,43,65,28.8,0,0,0
2026-09-13 18:35:00,118.3,61,70,24.8,0,0,0
2026-09-13 18:40:00,118.3,17,66,27.8,0,0,0
2026-09-13 18:45:00,120.0,44,66,29.6,0,0,0
2026-09-13 18:50:00,118.8,75,69,29.6,0,0,0
2026-09-13 18:55:00,122.4,59,67,29.1,0,0,0
2026-09-13 19:00:00,120.7,48,64,26.9,0,0,0
2026-09-13 19:05:00,119.3,55,64,29.6,0,0,0
2026-09-13 19:10:00,117.8,35,66,27.6,0,0,0
2026-09-13 19:15:00,118.3,93,69,31.3,0,0,0
2026-09-13 19:20:00,119.1,50,65,30.2,0,0,0
2026-09-13 19:25:00,117.2,43,68,28.3,0,0,0
2026-09-13 19:30:00,117.8,62,69,26.4,0,0,0
2026-09-13 19:35:00,118.4,46,64,26.9,0,0,0
2026-09-13 19:40:00,121.0,40,60,28.2,0,0,0
2026-09-13 19:45:00,122.6,62,65,27.3,0,0,0
2026-09-13 19:50:00,122.3,40,65,28.2,0,0,0
2026-09-13 19:55:00,123.5,53,66,29.9,0,0,0
2026-09-13 20:00:00,120.8,37,65,29.6,0,0,0
2026-09-13 20:05:00,118.3,46,64,27.2,0,0,0
2026-09-13 20:10:00,117.4,30,64,23.3,0,0,0
2026-09-13 20:15:00,115.2,47,69,27.1,0,0,0
2026-09-13 20:20:00,114.0,39,63,26.8,0,0,0
2026-09-13 20:25:00,111.9,24,64,29.4,0,0,0
2026-09-13 20:30:00,113.2,40,66,23.0,0,0,0
2026-09-13 20:35:00,112.5,48,69,23.9,0,0,0
2026-09-13 20:40:00,112.7,36,67,31.5,0,0,0
2026-09-13 20:45:00,110.9,24,66,29.8,0,108,70
2026-09-13 20:50:00,126.2,31,70,30.5,0,0,0
2026-09-13 20:55:00,142.4,44,68,29.7,0,0,0
2026-09-13 21:00:00,156.0,21,65,24.6,0,0,0
2026-09-13 21:05:00,161.4,44,69,27.8,0,0,0
2026-09-13 21:10:00,169.2,59,67,27.0,0,0,0
2026-09-13 21:15:00,169.7,63,66,30.8,0,0,0
2026-09-13 21:20:00,170.8,37,63,30.2,0,0,0
2026-09-13 21:25:00,175.8,48,63,30.7,0,0,0
2026-09-13 21:30:00,178.2,51,65,28.3,0,0,0
2026-09-13 21:35:00,176.0,55,70,31.6,0,0,0
2026-09-13 21:40:00,174.1,80,70,28.2,0,0,0
2026-09-13 21:45:00,175.0,36,64,23.8,0,0,0
2026-09-13 21:50:00,171.4,51,65,26.9,0,0,0
2026-09-13 21:55:00,172.0,28,65,29.0,0,0,0
2026-09-13 22:00:00,170.1,45,64,25.8,0,0,0
2026-09-13 22:05:00,168.6,29,64,26.9,0,0,0
2026-09-13 22:10:00,167.5,56,71,25.5,0,0,0
2026-09-13 22:15:00,166.2,51,66,24.9,0,0,0
2026-09-13 22:20:00,164.4,27,64,32.2,0,0,0
2026-09-13 22:25:00,158.9,60,62,27.6,0,0,0
2026-09-13 22:30:00,154.4,41,67,27.1,0,0,0
2026-09-13 22:35:00,147.7,56,69,28.0,0,0,0
2026-09-13 22:40:00,148.1,74,70,24.7,0,0,0
2026-09-13 22:45:00,144.0,29,60,24.9,0,0,0
2026-09-13 22:50:00,140.8,22,63,27.1,0,0,0
2026-09-13 22:55:00,140.8,34,67,27.6,0,0,0
2026-09-13 23:00:00,137.7,30,65,27.5,0,0,0
2026-09-13 23:05:00,133.2,32,68,28.3,0,0,0
2026-09-13 23:10:00,134.4,38,65,25.6,0,0,0
2026-09-13 23:15:00,130.5,33,63,25.4,0,0,0
2026-09-13 23:20:00,130.8,41,67,26.1,0,0,0
2026-09-13 23:25:00,129.4,0,56,44.8,1,0,0
2026-09-13 23:30:00,126.1,0,55,45.8,1,0,0
2026-09-13 23:35:00,126.0,0,52,43.6,1,0,0
2026-09-13 23:40:00,126.5,0,58,42.6,1,0,0
2026-09-13 23:45:00,128.6,0,54,45.3,1,0,0
2026-09-13 23:50:00,126.0,0,55,46.1,1,0,0
2026-09-13 23:55:00,122.3,0,55,47.4,1,0,0
2026-09-14 00:00:00,133.7,1,57,39.6,1,0,0
2026-09-14 00:05:00,132.4,1,52,41.0,1,0,0
2026-09-14 00:10:00,133.1,0,59,44.1,1,0,0
2026-09-14 00:15:00,130.0,2,57,43.2,1,0,0
2026-09-14 00:20:00,125.7,0,53,41.2,1,0,0
2026-09-14 00:25:00,124.7,0,57,42.9,1,0,0
2026-09-14 00:30:00,121.8,1,56,44.1,1,0,0
2026-09-14 00:35:00,121.0,1,55,40.8,1,0,0
2026-09-14 00:40:00,121.5,0,54,41.0,1,0,0
2026-09-14 00:45:00,121.0,0,54,39.2,1,0,0
2026-09-14 00:50:00,121.9,0,56,42.9,1,0,0
2026-09-14 00:55:00,118.4,0,55,44.8,1,0,0
2026-09-14 01:00:00,120.3,0,55,43.7,1,0,0
2026-09-14 01:05:00,121.2,1,52,41.0,1,0,0
2026-09-14 01:10:00,123.1,0,56,40.7,1,0,0
2026-09-14 01:15:00,119.6,0,54,44.2,1,0,0
2026-09-14 01:20:00,123.5,0,55,39.7,1,0,0
2026-09-14 01:25:00,125.4,0,56,43.5,1,0,0
2026-09-14 01:30:00,122.3,0,55,39.8,1,0,0
2026-09-14 01:35:00,120.3,0,57,42.8,1,0,0
2026-09-14 01:40:00,122.4,0,55,39.3,1,0,0
2026-09-14 01:45:00,120.6,0,56,39.5,1,0,0
2026-09-14 01:50:00,121.7,0,61,41.2,1,0,0
2026-09-14 01:55:00,120.6,1,56,41.7,1,0,0
2026-09-14 02:00:00,123.3,1,51,43.6,1,0,0
2026-09-14 02:05:00,124.3,0,53,43.6,1,0,0
2026-09-14 02:10:00,124.9,0,59,38.6,1,0,0
2026-09-14 02:15:00,124.3,0,56,44.6,1,0,0
2026-09-14 02:20:00,121.2,1,55,42.2,1,0,0
2026-09-14 02:25:00,119.9,0,57,43.0,1,0,0
2026-09-14 02:30:00,121.1,0,54,39.6,1,0,0
2026-09-14 02:35:00,123.5,0,56,41.9,1,0,0
2026-09-14 02:40:00,127.0,1,56,44.8,1,0,0
2026-09-14 02:45:00,126.4,0,55,42.0,1,0,0
2026-09-14 02:50:00,126.6,0,56,43.1,1,0,0
2026-09-14 02:55:00,124.4,0,54,41.6,1,0,0
2026-09-14 03:00:00,124.6,0,55,40.7,1,0,0
2026-09-14 03:05:00,124.7,0,57,47.0,1,0,0
2026-09-14 03:10:00,122.9,0,52,42.6,1,0,0
2026-09-14 03:15:00,122.2,1,55,40.5,1,0,0
2026-09-14 03:20:00,123.9,0,52,44.6,1,0,0
2026-09-14 03:25:00,125.0,0,53,45.0,1,0,0
2026-09-14 03:30:00,128.0,0,56,41.9,1,0,0
2026-09-14 03:35:00,129.1,0,58,44.0,1,0,0
2026-09-14 03:40:00,128.6,0,56,43.4,1,0,0
2026-09-14 03:45:00,130.1,0,57,41.3,1,0,0
2026-09-14 03:50:00,127.8,1,53,39.2,1,0,0
2026-09-14 03:55:00,129.6,0,53,44.5,1,0,0
2026-09-14 04:00:00,128.4,0,55,41.0,1,0,0
2026-09-14 04:05:00,128.0,0,52,44.8,1,0,0
2026-09-14 04:10:00,124.6,1,55,44.2,1,0,0
2026-09-14 04:15:00,124.7,0,57,43.8,1,0,0
2026-09-14 04:20:00,123.3,0,55,42.5,1,0,0
2026-09-14 04:25:00,121.0,1,54,44.1,1,0,0
2026-09-14 04:30:00,122.1,0,53,44.4,1,0,0
2026-09-14 04:35:00,121.4,0,55,44.5,1,0,0
2026-09-14 04:40:00,120.5,0,59,42.2,1,0,0
2026-09-14 04:45:00,123.0,0,59,44.8,1,0,0
2026-09-14 04:50:00,120.8,0,57,39.9,1,0,0
2026-09-14 04:55:00,123.2,0,52,40.2,1,0,0
2026-09-14 05:00:00,125.2,0,57,43.6,1,0,0
2026-09-14 05:05:00,125.0,1,52,41.4,1,0,0
2026-09-14 05:10:00,128.4,1,58,39.9,1,0,0
2026-09-14 05:15:00,128.2,0,55,40.5,1,0,0
2026-09-14 05:20:00,125.7,0,56,37.6,1,0,0
2026-09-14 05:25:00,126.0,0,54,43.5,1,0,0
2026-09-14 05:30:00,127.2,0,55,43.3,1,0,0
2026-09-14 05:35:00,130.4,0,51,44.6,1,0,0
2026-09-14 05:40:00,131.0,2,52,41.7,1,0,0
2026-09-14 05:45:00,127.1,1,53,41.9,1,0,0
2026-09-14 05:50:00,125.0,0,59,42.1,1,0,0
2026-09-14 05:55:00,124.6,0,55,42.4,1,0,0
2026-09-14 06:00:00,125.5,2,53,40.0,1,0,0
2026-09-14 06:05:00,125.7,46,66,29.4,0,0,0
2026-09-14 06:10:00,127.4,74,69,25.3,0,0,0
2026-09-14 06:15:00,128.4,39,68,25.8,0,0,0
2026-09-14 06:20:00,127.1,76,66,25.5,0,0,0
2026-09-14 06:25:00,130.1,35,65,25.8,0,0,0
2026-09-14 06:30:00,130.8,61,62,23.9,0,0,0
2026-09-14 06:35:00,128.4,27,61,29.0,0,0,0
2026-09-14 06:40:00,128.2,49,68,23.7,0,0,0
2026-09-14 06:45:00,130.6,62,65,26.5,0,0,0
2026-09-14 06:50:00,130.2,18,62,25.2,0,0,0
2026-09-14 06:55:00,128.0,34,67,25.8,0,0,0
2026-09-14 07:00:00,128.0,36,63,27.9,0,0,0
2026-09-14 07:05:00,133.4,104,69,25.6,0,0,0
2026-09-14 07:10:00,130.9,35,67,25.5,0,0,0
2026-09-14 07:15:00,129.7,61,67,27.5,0,0,0
2026-09-14 07:20:00,130.3,54,67,26.4,0,0,0
2026-09-14 07:25:00,123.5,59,69,29.1,0,0,0
2026-09-14 07:30:00,120.4,32,66,21.8,0,0,0
2026-09-14 07:35:00,115.8,72,69,26.2,0,0,0
2026-09-14 07:40:00,113.7,28,65,27.9,0,0,0
2026-09-14 07:45:00,116.2,34,65,23.7,0,0,0
2026-09-14 07:50:00,118.9,72,70,27.9,0,0,0
2026-09-14 07:55:00,118.8,47,66,24.6,0,0,0
2026-09-14 08:00:00,117.5,71,66,27.2,0,0,0
2026-09-14 08:05:00,116.1,27,67,24.7,0,57,78
2026-09-14 08:10:00,122.7,42,68,29.8,0,0,0
2026-09-14 08:15:00,131.2,39,68,26.9,0,0,0
2026-09-14 08:20:00,138.8,62,68,28.0,0,0,0
2026-09-14 08:25:00,146.7,50,76,24.7,0,0,0
2026-09-14 08:30:00,148.7,19,66,25.6,0,0,0
2026-09-14 08:35:00,151.6,53,68,28.0,0,0,0
2026-09-14 08:40:00,150.2,82,66,25.3,0,0,0
2026-09-14 08:45:00,154.9,73,66,28.5,0,0,0
2026-09-14 08:50:00,154.6,77,68,27.8,0,0,0
2026-09-14 08:55:00,153.3,89,67,23.5,0,0,0
2026-09-14 09:00:00,151.1,50,70,22.4,0,0,0
2026-09-14 09:05:00,152.9,52,65,26.2,0,0,0
2026-09-14 09:10:00,151.3,37,66,25.0,0,0,0
2026-09-14 09:15:00,153.2,27,70,27.1,0,0,0
2026-09-14 09:20:00,150.2,38,64,27.0,0,0,0
2026-09-14 09:25:00,148.4,113,74,23.2,0,0,0
2026-09-14 09:30:00,148.8,41,66,27.3,0,0,0
2026-09-14 09:35:00,148.2,7,62,25.0,0,0,0
2026-09-14 09:40:00,148.1,85,67,25.0,0,0,0
2026-09-14 09:45:00,147.4,80,69,26.9,0,0,0
2026-09-14 09:50:00,144.3,20,63,22.3,0,0,0
2026-09-14 09:55:00,146.6,16,63,24.6,0,0,0
2026-09-14 10:00:00,143.8,50,66,24.6,0,0,0
2026-09-14 10:05:00,144.8,41,68,28.5,0,0,0
2026-09-14 10:10:00,141.5,43,64,25.9,0,0,0
2026-09-14 10:15:00,140.9,61,69,23.9,0,0,0
2026-09-14 10:20:00,136.7,44,66,25.6,0,0,0
2026-09-14 10:25:00,136.0,51,66,27.4,0,0,0
2026-09-14 10:30:00,131.5,56,64,24.5,0,0,0
2026-09-14 10:35:00,129.4,47,65,27.4,0,0,0
2026-09-14 10:40:00,132.2,23,66,22.2,0,0,0
2026-09-14 10:45:00,135.5,30,67,28.1,0,0,0
2026-09-14 10:50:00,132.4,46,70,28.9,0,0,0
2026-09-14 10:55:00,132.9,103,70,28.3,0,0,0
2026-09-14 11:00:00,133.7,40,66,28.2,0,0,0
2026-09-14 11:05:00,132.9,34,61,25.0,0,0,0
2026-09-14 11:10:00,131.8,16,67,31.4,0,0,0
2026-09-14 11:15:00,133.4,48,64,27.5,0,0,0
2026-09-14 11:20:00,131.1,78,67,25.8,0,0,0
2026-09-14 11:25:00,132.1,72,69,25.0,0,0,0
2026-09-14 11:30:00,130.4,74,68,29.8,0,0,0
2026-09-14 11:35:00,127.7,464,87,25.9,0,0,0
2026-09-14 11:40:00,125.8,460,92,28.3,0,0,0
2026-09-14 11:45:00,128.1,475,94,29.0,0,0,0
2026-09-14 11:50:00,127.8,52,70,29.8,0,0,0
2026-09-14 11:55:00,126.7,29,60,29.5,0,0,0
2026-09-14 12:00:00,128.5,74,69,26.8,0,0,0
2026-09-14 12:05:00,131.1,55,64,29.0,0,0,0
2026-09-14 12:10:00,132.0,51,68,25.6,0,0,0
2026-09-14 12:15:00,132.7,38,65,28.6,0,0,0
2026-09-14 12:20:00,133.1,29,66,25.3,0,0,0
2026-09-14 12:25:00,135.7,77,66,25.7,0,0,0
2026-09-14 12:30:00,135.9,85,68,23.8,0,0,0
2026-09-14 12:35:00,134.2,35,63,29.2,0,0,0
2026-09-14 12:40:00,130.3,86,68,23.8,0,0,0
2026-09-14 12:45:00,130.5,51,63,27.3,0,0,0
2026-09-14 12:50:00,132.1,67,64,25.6,0,0,0
2026-09-14 12:55:00,131.2,43,65,27.4,0,0,0
2026-09-14 13:00:00,133.2,32,67,24.4,0,0,0
2026-09-14 13:05:00,127.6,82,69,29.1,0,0,0
2026-09-14 13:10:00,129.6,100,70,28.3,0,0,0
2026-09-14 13:15:00,130.2,21,63,25.5,0,0,0
2026-09-14 13:20:00,130.7,42,59,25.1,0,0,0
2026-09-14 13:25:00,129.3,60,66,28.3,0,0,0
2026-09-14 13:30:00,127.9,74,67,23.9,0,68,68
2026-09-14 13:35:00,134.1,68,70,27.6,0,0,0
2026-09-14 13:40:00,144.5,55,70,25.6,0,0,0
2026-09-14 13:45:00,149.9,67,72,26.0,0,0,0
2026-09-14 13:50:00,154.3,408,95,24.1,0,0,0
2026-09-14 13:55:00,153.4,403,92,29.2,0,0,0
2026-09-14 14:00:00,156.4,399,85,24.1,0,0,0
2026-09-14 14:05:00,155.7,442,92,23.8,0,0,0
2026-09-14 14:10:00,159.8,65,67,23.1,0,0,0
2026-09-14 14:15:00,162.5,58,68,24.0,0,0,0
2026-09-14 14:20:00,162.2,45,65,24.7,0,0,0
2026-09-14 14:25:00,161.9,65,67,26.3,0,0,0
2026-09-14 14:30:00,162.0,77,73,25.2,0,0,0
2026-09-14 14:35:00,157.7,32,65,27.8,0,0,0
2026-09-14 14:40:00,159.4,36,63,28.2,0,0,0
2026-09-14 14:45:00,161.1,49,67,25.6,0,0,0
2026-09-14 14:50:00,159.5,43,66,28.6,0,0,0
2026-09-14 14:55:00,157.4,65,69,27.9,0,0,0
2026-09-14 15:00:00,153.7,38,64,28.0,0,0,0
2026-09-14 15:05:00,151.0,63,69,25.5,0,0,0
2026-09-14 15:10:00,148.5,54,65,27.1,0,0,0
2026-09-14 15:15:00,149.2,35,65,28.7,0,0,0
2026-09-14 15:20:00,147.0,30,63,25.6,0,0,0
2026-09-14 15:25:00,145.2,63,64,27.4,0,0,0
2026-09-14 15:30:00,142.0,53,65,27.0,0,0,0
2026-09-14 15:35:00,142.1,21,67,26.0,0,0,0
2026-09-14 15:40:00,140.8,62,68,24.6,0,0,0
2026-09-14 15:45:00,138.9,34,65,25.3,0,0,0
2026-09-14 15:50:00,136.8,64,66,28.3,0,0,0
2026-09-14 15:55:00,138.6,71,68,26.6,0,0,0
2026-09-14 16:00:00,137.4,48,64,27.9,0,0,0
2026-09-14 16:05:00,134.6,39,64,24.6,0,0,0
2026-09-14 16:10:00,137.2,66,69,27.4,0,0,0
2026-09-14 16:15:00,138.4,58,69,27.6,0,0,0
2026-09-14 16:20:00,134.0,72,65,26.2,0,0,0
2026-09-14 16:25:00,134.3,48,63,26.1,0,0,0
2026-09-14 16:30:00,131.4,31,67,22.9,0,0,0
2026-09-14 16:35:00,128.6,41,65,25.7,0,0,0
2026-09-14 16:40:00,126.5,42,62,30.1,0,0,0
2026-09-14 16:45:00,122.8,62,72,24.8,0,27,60
2026-09-14 16:50:00,128.2,116,72,27.1,0,0,0
2026-09-14 16:55:00,132.5,65,67,26.3,0,0,0
2026-09-14 17:00:00,131.8,25,70,26.1,0,0,0
2026-09-14 17:05:00,133.5,20,67,20.7,0,0,0
2026-09-14 17:10:00,135.8,62,71,27.5,0,0,0
2026-09-14 17:15:00,137.6,48,65,27.0,0,0,0
2026-09-14 17:20:00,138.9,34,66,27.4,0,0,0
2026-09-14 17:25:00,138.3,32,62,28.6,0,0,0
2026-09-14 17:30:00,139.9,45,65,27.9,0,0,0
2026-09-14 17:35:00,142.0,57,68,26.9,0,0,0
2026-09-14 17:40:00,142.2,95,69,22.9,0,0,0
2026-09-14 17:45:00,139.6,57,63,25.8,0,0,0
2026-09-14 17:50:00,142.4,93,67,28.4,0,0,0
2026-09-14 17:55:00,144.3,27,66,25.3,0,0,0
2026-09-14 18:00:00,142.3,30,63,18.5,0,0,0
2026-09-14 18:05:00,139.4,44,68,24.4,0,0,0
2026-09-14 18:10:00,141.6,63,70,23.3,0,0,0
2026-09-14 18:15:00,137.9,51,67,25.0,0,0,0
2026-09-14 18:20:00,137.7,46,68,27.4,0,0,0
2026-09-14 18:25:00,140.7,33,64,26.3,0,0,0
2026-09-14 18:30:00,142.7,22,64,23.5,0,0,0
2026-09-14 18:35:00,140.0,31,63,26.8,0,0,0
2026-09-14 18:40:00,135.7,31,66,22.7,0,0,0
2026-09-14 18:45:00,133.2,44,67,26.9,0,0,0
2026-09-14 18:50:00,133.6,21,62,25.2,0,0,0
2026-09-14 18:55:00,132.3,50,65,24.1,0,0,0
2026-09-14 19:00:00,131.2,84,68,24.7,0,0,0
2026-09-14 19:05:00,129.6,66,68,28.4,0,0,0
2026-09-14 19:10:00,130.9,16,66,23.6,0,0,0
2026-09-14 19:15:00,131.9,20,62,23.8,0,0,0
2026-09-14 19:20:00,128.9,41,65,25.4,0,0,0
2026-09-14 19:25:00,126.4,46,64,27.8,0,0,0
2026-09-14 19:30:00,126.0,71,65,25.2,0,0,0
2026-09-14 19:35:00,125.4,34,64,25.9,0,0,0
2026-09-14 19:40:00,125.0,53,67,22.5,0,0,0
2026-09-14 19:45:00,124.7,45,63,27.0,0,0,0
2026-09-14 19:50:00,123.6,49,68,27.2,0,0,0
2026-09-14 19:55:00,124.2,64,67,27.4,0,0,0
2026-09-14 20:00:00,123.3,49,66,27.7,0,0,0
2026-09-14 20:05:00,123.3,51,68,26.6,0,0,0
2026-09-14 20:10:00,122.7,408,86,24.8,0,0,0
2026-09-14 20:15:00,123.2,434,90,25.6,0,0,0
2026-09-14 20:20:00,124.7,35,62,25.9,0,0,0
2026-09-14 20:25:00,124.7,77,71,26.7,0,0,0
2026-09-14 20:30:00,124.5,53,66,28.0,0,0,0
2026-09-14 20:35:00,120.4,74,70,29.0,0,102,70
2026-09-14 20:40:00,140.6,26,66,24.7,0,0,0
2026-09-14 20:45:00,155.4,45,67,24.7,0,0,0
2026-09-14 20:50:00,168.5,30,68,25.3,0,0,0
2026-09-14 20:55:00,174.3,31,66,25.8,0,0,0
2026-09-14 21:00:00,181.2,52,70,28.5,0,0,0
2026-09-14 21:05:00,185.3,74,67,24.2,0,0,0
2026-09-14 21:10:00,188.3,27,66,26.7,0,0,0
2026-09-14 21:15:00,191.0,41,68,23.8,0,0,0
2026-09-14 21:20:00,193.0,110,74,26.2,0,0,0
2026-09-14 21:25:00,190.4,40,63,26.7,0,0,0
2026-09-14 21:30:00,192.7,70,71,24.8,0,0,0
2026-09-14 21:35:00,189.6,31,65,27.0,0,0,0
2026-09-14 21:40:00,188.2,31,68,23.7,0,0,0
2026-09-14 21:45:00,187.7,20,66,26.1,0,0,0
2026-09-14 21:50:00,185.4,118,71,22.5,0,0,0
2026-09-14 21:55:00,184.0,76,64,27.6,0,0,0
2026-09-14 22:00:00,180.1,50,64,26.6,0,0,0
2026-09-14 22:05:00,176.7,56,68,31.5,0,0,0
2026-09-14 22:10:00,175.7,53,68,24.8,0,0,0
2026-09-14 22:15:00,174.7,53,64,24.6,0,0,0
2026-09-14 22:20:00,175.5,49,66,25.5,0,0,0
2026-09-14 22:25:00,171.1,33,60,20.6,0,0,0
2026-09-14 22:30:00,170.1,37,66,26.6,0,0,0
2026-09-14 22:35:00,164.1,64,68,24.3,0,0,0
2026-09-14 22:40:00,159.2,75,72,24.5,0,0,0
2026-09-14 22:45:00,153.7,42,64,26.7,0,0,0
2026-09-14 22:50:00,150.0,55,64,29.5,0,0,0
2026-09-14 22:55:00,149.6,33,66,25.0,0,0,0
2026-09-14 23:00:00,149.4,60,65,30.0,0,0,0
2026-09-14 23:05:00,148.8,52,66,28.1,0,0,0
2026-09-14 23:10:00,146.1,44,65,26.6,0,0,0
2026-09-14 23:15:00,143.5,35,62,25.6,0,0,0
2026-09-14 23:20:00,145.1,40,64,28.2,0,0,0
2026-09-14 23:25:00,140.9,30,67,23.6,0,0,0
2026-09-14 23:30:00,140.3,47,66,23.4,0,0,0
2026-09-14 23:35:00,142.0,51,63,30.4,0,0,0
2026-09-14 23:40:00,140.8,71,69,24.0,0,0,0
2026-09-14 23:45:00,138.6,52,68,28.6,0,0,0
2026-09-14 23:50:00,136.8,80,66,25.5,0,0,0
2026-09-14 23:55:00,135.9,45,64,26.1,0,0,0
