timestamp,glucose_mgdl,steps,heart_rate,hrv_ms,sleeping,carbs_g,meal_gi
2026-09-01 00:00:00,142.3,34,80,22.3,0,0,0
2026-09-01 00:05:00,142.5,13,80,28.4,0,0,0
2026-09-01 00:10:00,144.9,23,78,27.5,0,0,0
2026-09-01 00:15:00,142.5,1,74,39.8,1,0,0
2026-09-01 00:20:00,141.7,1,68,40.7,1,0,0
2026-09-01 00:25:00,143.8,0,66,44.3,1,0,0
2026-09-01 00:30:00,141.4,0,72,44.1,1,0,0
2026-09-01 00:35:00,138.7,0,72,47.0,1,0,0
2026-09-01 00:40:00,140.2,1,70,45.7,1,0,0
2026-09-01 00:45:00,137.7,0,67,42.1,1,0,0
2026-09-01 00:50:00,133.4,0,69,43.1,1,0,0
2026-09-01 00:55:00,133.1,1,69,43.6,1,0,0
2026-09-01 01:00:00,131.9,0,72,44.5,1,0,0
2026-09-01 01:05:00,133.8,0,73,41.5,1,0,0
2026-09-01 01:10:00,131.2,0,72,45.4,1,0,0
2026-09-01 01:15:00,131.6,0,71,41.1,1,0,0
2026-09-01 01:20:00,134.3,0,68,43.2,1,0,0
2026-09-01 01:25:00,134.1,0,69,42.3,1,0,0
2026-09-01 01:30:00,138.9,0,66,42.7,1,0,0
2026-09-01 01:35:00,139.1,1,70,45.1,1,0,0
2026-09-01 01:40:00,140.4,0,71,42.4,1,0,0
2026-09-01 01:45:00,142.3,0,66,42.7,1,0,0
2026-09-01 01:50:00,140.5,0,68,41.7,1,0,0
2026-09-01 01:55:00,138.7,0,72,42.7,1,0,0
2026-09-01 02:00:00,141.6,0,70,43.8,1,0,0
2026-09-01 02:05:00,140.9,0,72,42.4,1,0,0
2026-09-01 02:10:00,139.8,0,69,45.8,1,0,0
2026-09-01 02:15:00,139.3,0,71,43.9,1,0,0
2026-09-01 02:20:00,140.8,0,67,42.6,1,0,0
2026-09-01 02:25:00,140.7,0,71,45.3,1,0,0
2026-09-01 02:30:00,141.6,0,69,42.9,1,0,0
2026-09-01 02:35:00,142.7,0,74,44.4,1,0,0
2026-09-01 02:40:00,144.9,0,71,44.5,1,0,0
2026-09-01 02:45:00,144.6,0,70,41.9,1,0,0
2026-09-01 02:50:00,145.8,0,71,39.7,1,0,0
2026-09-01 02:55:00,147.0,0,71,44.5,1,0,0
2026-09-01 03:00:00,147.1,0,65,40.3,1,0,0
2026-09-01 03:05:00,146.5,0,68,41.8,1,0,0
2026-09-01 03:10:00,145.2,0,71,43.3,1,0,0
2026-09-01 03:15:00,147.9,0,71,47.0,1,0,0
2026-09-01 03:20:00,150.4,0,67,41.9,1,0,0
2026-09-01 03:25:00,147.9,1,69,44.0,1,0,0
2026-09-01 03:30:00,149.0,0,74,43.6,1,0,0
2026-09-01 03:35:00,144.7,1,73,42.2,1,0,0
2026-09-01 03:40:00,144.6,1,71,41.9,1,0,0
2026-09-01 03:45:00,142.3,0,68,43.7,1,0,0
2026-09-01 03:50:00,143.9,0,70,41.8,1,0,0
2026-09-01 03:55:00,146.5,0,68,45.7,1,0,0
2026-09-01 04:00:00,146.5,0,71,46.9,1,0,0
2026-09-01 04:05:00,148.9,0,69,42.0,1,0,0
2026-09-01 04:10:00,151.6,1,67,44.5,1,0,0
2026-09-01 04:15:00,150.2,0,71,40.2,1,0,0
2026-09-01 04:20:00,148.8,0,68,44.8,1,0,0
2026-09-01 04:25:00,148.6,0,64,42.6,1,0,0
2026-09-01 04:30:00,148.2,0,69,41.5,1,0,0
2026-09-01 04:35:00,150.5,0,69,44.1,1,0,0
2026-09-01 04:40:00,153.0,0,69,43.2,1,0,0
2026-09-01 04:45:00,154.0,0,70,46.8,1,0,0
2026-09-01 04:50:00,152.8,1,73,42.2,1,0,0
2026-09-01 04:55:00,153.9,0,71,40.1,1,0,0
2026-09-01 05:00:00,152.1,0,71,39.0,1,0,0
2026-09-01 05:05:00,151.3,0,70,44.1,1,0,0
2026-09-01 05:10:00,149.4,1,74,44.1,1,0,0
2026-09-01 05:15:00,151.4,0,70,42.3,1,0,0
2026-09-01 05:20:00,150.1,0,71,41.9,1,0,0
2026-09-01 05:25:00,150.4,0,70,45.0,1,0,0
2026-09-01 05:30:00,150.6,0,66,42.9,1,0,0
2026-09-01 05:35:00,153.0,0,72,44.1,1,0,0
2026-09-01 05:40:00,151.1,0,68,46.0,1,0,0
2026-09-01 05:45:00,154.8,0,68,40.2,1,0,0
2026-09-01 05:50:00,156.9,0,74,42.7,1,0,0
2026-09-01 05:55:00,154.1,0,71,42.0,1,0,0
2026-09-01 06:00:00,154.5,0,72,42.4,1,0,0
2026-09-01 06:05:00,155.4,1,72,45.1,1,0,0
2026-09-01 06:10:00,156.9,0,67,44.8,1,0,0
2026-09-01 06:15:00,154.8,23,78,23.0,0,0,0
2026-09-01 06:20:00,157.0,33,83,28.0,0,0,0
2026-09-01 06:25:00,153.9,74,83,28.0,0,0,0
2026-09-01 06:30:00,151.9,17,79,28.1,0,0,0
2026-09-01 06:35:00,149.0,22,78,27.1,0,0,0
2026-09-01 06:40:00,151.2,19,79,28.2,0,0,0
2026-09-01 06:45:00,152.9,21,79,28.0,0,0,0
2026-09-01 06:50:00,154.9,22,78,25.7,0,0,0
2026-09-01 06:55:00,156.6,27,77,28.5,0,0,0
2026-09-01 07:00:00,159.7,20,80,29.7,0,0,0
2026-09-01 07:05:00,155.0,17,75,27.6,0,0,0
2026-09-01 07:10:00,158.7,32,81,27.3,0,0,0
2026-09-01 07:15:00,158.8,18,77,27.1,0,0,0
2026-09-01 07:20:00,155.1,26,79,26.9,0,0,0
2026-09-01 07:25:00,158.8,43,83,27.9,0,0,0
2026-09-01 07:30:00,156.8,7,76,29.3,0,0,0
2026-09-01 07:35:00,154.9,26,81,29.2,0,0,0
2026-09-01 07:40:00,150.7,24,79,26.6,0,0,0
2026-09-01 07:45:00,148.9,11,82,24.9,0,0,0
2026-09-01 07:50:00,143.1,27,79,24.7,0,0,0
2026-09-01 07:55:00,143.5,28,80,25.8,0,0,0
2026-09-01 08:00:00,140.8,36,79,28.7,0,0,0
2026-09-01 08:05:00,142.9,16,80,27.5,0,32,50
2026-09-01 08:10:00,147.1,16,81,25.1,0,0,0
2026-09-01 08:15:00,151.1,26,82,26.2,0,0,0
2026-09-01 08:20:00,150.9,16,83,24.7,0,0,0
2026-09-01 08:25:00,151.1,9,83,25.7,0,0,0
2026-09-01 08:30:00,153.9,37,82,24.3,0,0,0
2026-09-01 08:35:00,156.6,10,78,28.7,0,0,0
2026-09-01 08:40:00,156.3,30,82,26.5,0,0,0
2026-09-01 08:45:00,159.8,48,80,27.6,0,0,0
2026-09-01 08:50:00,158.4,31,80,25.6,0,0,0
2026-09-01 08:55:00,157.0,17,78,29.3,0,0,0
2026-09-01 09:00:00,155.1,20,81,27.3,0,0,0
2026-09-01 09:05:00,160.1,20,82,30.1,0,0,0
2026-09-01 09:10:00,155.8,31,81,24.5,0,0,0
2026-09-01 09:15:00,155.1,28,78,25.8,0,0,0
2026-09-01 09:20:00,152.6,22,80,29.1,0,0,0
2026-09-01 09:25:00,151.6,22,80,30.6,0,0,0
2026-09-01 09:30:00,153.9,32,75,23.8,0,0,0
2026-09-01 09:35:00,153.7,15,77,25.3,0,0,0
2026-09-01 09:40:00,152.9,9,83,31.6,0,0,0
2026-09-01 09:45:00,150.8,21,79,30.7,0,0,0
2026-09-01 09:50:00,147.7,29,81,24.0,0,0,0
2026-09-01 09:55:00,146.4,20,81,31.0,0,0,0
2026-09-01 10:00:00,147.4,19,77,26.7,0,0,0
2026-09-01 10:05:00,145.8,11,80,26.7,0,0,0
2026-09-01 10:10:00,147.0,30,81,28.1,0,0,0
2026-09-01 10:15:00,147.9,40,77,29.2,0,0,0
2026-09-01 10:20:00,147.6,22,78,23.1,0,0,0
2026-09-01 10:25:00,144.0,13,81,31.5,0,0,0
2026-09-01 10:30:00,144.6,14,78,26.2,0,0,0
2026-09-01 10:35:00,144.0,35,78,24.2,0,0,0
2026-09-01 10:40:00,143.9,16,79,24.8,0,0,0
2026-09-01 10:45:00,144.5,12,78,25.9,0,0,0
2026-09-01 10:50:00,143.7,16,79,24.9,0,0,0
2026-09-01 10:55:00,145.4,25,77,25.6,0,0,0
2026-09-01 11:00:00,141.9,16,81,28.0,0,0,0
2026-09-01 11:05:00,140.1,29,79,26.0,0,0,0
2026-09-01 11:10:00,138.6,32,79,25.5,0,0,0
2026-09-01 11:15:00,138.3,20,79,23.8,0,0,0
2026-09-01 11:20:00,139.0,21,80,26.0,0,0,0
2026-09-01 11:25:00,142.1,18,79,23.2,0,0,0
2026-09-01 11:30:00,143.2,23,79,24.1,0,0,0
2026-09-01 11:35:00,141.9,7,78,23.5,0,0,0
2026-09-01 11:40:00,143.4,20,80,25.9,0,0,0
2026-09-01 11:45:00,143.7,12,81,25.7,0,0,0
2026-09-01 11:50:00,141.5,21,76,27.4,0,0,0
2026-09-01 11:55:00,144.0,20,81,27.2,0,0,0
2026-09-01 12:00:00,143.4,26,79,24.8,0,0,0
2026-09-01 12:05:00,145.4,14,80,28.8,0,0,0
2026-09-01 12:10:00,145.9,47,77,26.3,0,0,0
2026-09-01 12:15:00,144.0,17,76,27.5,0,0,0
2026-09-01 12:20:00,144.8,30,82,26.9,0,0,0
2026-09-01 12:25:00,146.0,31,79,24.2,0,0,0
2026-09-01 12:30:00,146.1,16,81,26.6,0,0,0
2026-09-01 12:35:00,143.5,9,78,24.7,0,0,0
2026-09-01 12:40:00,143.4,24,82,27.9,0,0,0
2026-09-01 12:45:00,142.3,11,77,26.7,0,0,0
2026-09-01 12:50:00,140.9,27,79,27.3,0,0,0
2026-09-01 12:55:00,138.5,20,80,28.1,0,103,70
2026-09-01 13:00:00,157.1,30,84,29.9,0,0,0
2026-09-01 13:05:00,174.2,16,85,26.0,0,0,0
2026-09-01 13:10:00,185.6,26,83,26.6,0,0,0
2026-09-01 13:15:00,189.7,39,83,27.9,0,0,0
2026-09-01 13:20:00,192.8,29,83,24.6,0,0,0
2026-09-01 13:25:00,197.6,21,81,25.8,0,0,0
2026-09-01 13:30:00,197.3,18,77,25.1,0,0,0
2026-09-01 13:35:00,197.9,11,81,27.0,0,0,0
2026-09-01 13:40:00,201.1,22,80,27.5,0,0,0
2026-09-01 13:45:00,204.2,26,79,28.1,0,0,0
2026-09-01 13:50:00,201.8,29,85,28.4,0,0,0
2026-09-01 13:55:00,199.3,22,80,25.6,0,0,0
2026-09-01 14:00:00,202.4,50,78,31.3,0,0,0
2026-09-01 14:05:00,196.9,23,78,28.2,0,0,0
2026-09-01 14:10:00,195.4,21,77,29.5,0,0,0
2026-09-01 14:15:00,196.0,19,80,27.2,0,0,0
2026-09-01 14:20:00,191.2,27,83,24.5,0,0,0
2026-09-01 14:25:00,187.4,35,78,22.4,0,0,0
2026-09-01 14:30:00,189.7,9,77,23.8,0,0,0
2026-09-01 14:35:00,187.4,9,79,28.6,0,0,0
2026-09-01 14:40:00,186.9,24,81,30.2,0,0,0
2026-09-01 14:45:00,180.9,12,76,20.8,0,0,0
2026-09-01 14:50:00,180.4,18,79,24.7,0,0,0
2026-09-01 14:55:00,182.9,22,79,28.3,0,0,0
2026-09-01 15:00:00,180.3,30,82,24.2,0,0,0
2026-09-01 15:05:00,177.0,18,82,25.7,0,0,0
2026-09-01 15:10:00,173.6,16,76,27.8,0,0,0
2026-09-01 15:15:00,170.2,24,79,27.3,0,0,0
2026-09-01 15:20:00,166.1,24,78,30.4,0,0,0
2026-09-01 15:25:00,167.0,20,80,29.9,0,0,0
2026-09-01 15:30:00,164.2,31,77,27.0,0,0,0
2026-09-01 15:35:00,158.9,19,79,24.7,0,0,0
2026-09-01 15:40:00,156.2,13,79,27.3,0,0,0
2026-09-01 15:45:00,154.6,14,78,26.2,0,0,0
2026-09-01 15:50:00,152.5,18,79,27.7,0,0,0
2026-09-01 15:55:00,150.1,26,78,27.8,0,0,0
2026-09-01 16:00:00,153.1,13,76,25.9,0,0,0
2026-09-01 16:05:00,153.0,32,80,29.4,0,0,0
2026-09-01 16:10:00,155.3,16,79,23.0,0,0,0
2026-09-01 16:15:00,154.9,40,85,26.1,0,0,0
2026-09-01 16:20:00,153.1,21,79,25.7,0,0,0
2026-09-01 16:25:00,150.3,42,74,26.8,0,0,0
2026-09-01 16:30:00,150.7,19,82,25.4,0,0,0
2026-09-01 16:35:00,150.7,19,81,25.5,0,0,0
2026-09-01 16:40:00,149.7,37,81,27.7,0,0,0
2026-09-01 16:45:00,152.6,24,82,22.1,0,0,0
2026-09-01 16:50:00,148.9,21,77,26.6,0,0,0
2026-09-01 16:55:00,146.6,37,82,30.1,0,0,0
2026-09-01 17:00:00,148.1,27,79,26.7,0,0,0
2026-09-01 17:05:00,146.5,431,104,29.1,0,0,0
2026-09-01 17:10:00,146.0,447,102,29.9,0,0,0
2026-09-01 17:15:00,145.8,423,108,24.6,0,51,80
2026-09-01 17:20:00,154.1,25,82,21.7,0,0,0
2026-09-01 17:25:00,161.9,40,82,26.8,0,0,0
2026-09-01 17:30:00,169.6,427,108,26.0,0,0,0
2026-09-01 17:35:00,169.6,405,106,27.9,0,0,0
2026-09-01 17:40:00,170.2,12,82,28.9,0,0,0
2026-09-01 17:45:00,172.9,45,77,25.5,0,0,0
2026-09-01 17:50:00,172.9,24,83,27.7,0,0,0
2026-09-01 17:55:00,175.6,20,80,25.8,0,0,0
2026-09-01 18:00:00,174.6,28,79,23.5,0,0,0
2026-09-01 18:05:00,171.0,18,80,29.6,0,0,0
2026-09-01 18:10:00,168.8,21,77,28.1,0,0,0
2026-09-01 18:15:00,169.4,21,77,27.7,0,0,0
2026-09-01 18:20:00,173.7,20,77,24.5,0,0,0
2026-09-01 18:25:00,174.3,377,103,22.0,0,0,0
2026-09-01 18:30:00,172.5,407,104,28.9,0,0,0
2026-09-01 18:35:00,171.5,21,81,27.3,0,0,0
2026-09-01 18:40:00,168.5,20,77,26.9,0,0,0
2026-09-01 18:45:00,162.8,14,77,22.0,0,0,0
2026-09-01 18:50:00,159.7,19,81,28.4,0,0,0
2026-09-01 18:55:00,157.1,17,78,30.5,0,0,0
2026-09-01 19:00:00,154.3,14,78,25.3,0,0,0
2026-09-01 19:05:00,154.5,12,77,28.7,0,0,0
2026-09-01 19:10:00,153.8,19,77,29.5,0,0,0
2026-09-01 19:15:00,151.9,17,81,26.7,0,0,0
2026-09-01 19:20:00,151.4,35,82,23.4,0,0,0
2026-09-01 19:25:00,151.2,24,84,26.5,0,0,0
2026-09-01 19:30:00,150.0,19,79,29.3,0,0,0
2026-09-01 19:35:00,149.8,20,80,24.0,0,0,0
2026-09-01 19:40:00,152.4,24,78,29.0,0,0,0
2026-09-01 19:45:00,153.0,4,77,24.2,0,0,0
2026-09-01 19:50:00,153.4,27,78,24.5,0,0,0
2026-09-01 19:55:00,150.4,15,83,28.4,0,0,0
2026-09-01 20:00:00,153.8,35,80,30.4,0,0,0
2026-09-01 20:05:00,152.3,436,104,25.6,0,0,0
2026-09-01 20:10:00,150.4,454,105,24.8,0,0,0
2026-09-01 20:15:00,148.1,426,105,24.6,0,0,0
2026-09-01 20:20:00,148.4,21,79,28.4,0,0,0
2026-09-01 20:25:00,146.8,27,82,26.8,0,0,0
2026-09-01 20:30:00,145.1,17,77,27.9,0,0,0
2026-09-01 20:35:00,151.5,76,83,25.2,0,0,0
2026-09-01 20:40:00,147.3,23,79,26.4,0,0,0
2026-09-01 20:45:00,149.3,31,80,27.4,0,0,0
2026-09-01 20:50:00,149.2,31,79,25.2,0,0,0
2026-09-01 20:55:00,147.9,7,76,25.3,0,0,0
2026-09-01 21:00:00,144.7,13,80,26.2,0,0,0
2026-09-01 21:05:00,145.1,29,79,25.3,0,0,0
2026-09-01 21:10:00,144.0,43,82,28.0,0,0,0
2026-09-01 21:15:00,141.2,16,79,26.7,0,0,0
2026-09-01 21:20:00,140.8,31,85,28.0,0,0,0
2026-09-01 21:25:00,140.9,29,83,29.3,0,47,68
2026-09-01 21:30:00,147.6,22,83,27.0,0,0,0
2026-09-01 21:35:00,159.8,31,81,23.5,0,0,0
2026-09-01 21:40:00,163.3,26,81,27.4,0,0,0
2026-09-01 21:45:00,168.1,18,83,29.4,0,0,0
2026-09-01 21:50:00,170.9,24,83,28.2,0,0,0
2026-09-01 21:55:00,174.7,40,78,25.1,0,0,0
2026-09-01 22:00:00,173.8,20,82,27.6,0,0,0
2026-09-01 22:05:00,174.2,33,78,28.2,0,0,0
2026-09-01 22:10:00,173.2,17,80,28.1,0,0,0
2026-09-01 22:15:00,174.8,41,77,26.2,0,0,0
2026-09-01 22:20:00,175.4,20,80,28.5,0,0,0
2026-09-01 22:25:00,174.2,10,80,27.8,0,0,0
2026-09-01 22:30:00,169.0,27,79,30.0,0,0,0
2026-09-01 22:35:00,169.6,33,83,24.3,0,0,0
2026-09-01 22:40:00,170.5,23,79,27.9,0,0,0
2026-09-01 22:45:00,168.8,37,82,23.8,0,0,0
2026-09-01 22:50:00,166.0,26,81,31.9,0,0,0
2026-09-01 22:55:00,163.5,11,82,27.5,0,0,0
2026-09-01 23:00:00,162.8,19,81,28.2,0,0,0
2026-09-01 23:05:00,162.4,28,82,28.6,0,0,0
2026-09-01 23:10:00,159.6,28,80,28.4,0,0,0
2026-09-01 23:15:00,159.1,18,79,22.2,0,0,0
2026-09-01 23:20:00,158.2,18,80,26.9,0,0,0
2026-09-01 23:25:00,158.6,3,85,28.6,0,0,0
2026-09-01 23:30:00,155.5,9,77,29.2,0,0,0
2026-09-01 23:35:00,152.4,28,84,27.2,0,0,0
2026-09-01 23:40:00,149.2,10,80,28.1,0,0,0
2026-09-01 23:45:00,153.0,38,79,26.6,0,0,0
2026-09-01 23:50:00,150.2,17,75,27.7,0,0,0
2026-09-01 23:55:00,146.5,28,78,28.3,0,0,0
2026-09-02 00:00:00,145.4,21,78,24.2,0,0,0
2026-09-02 00:05:00,146.9,21,81,27.2,0,0,0
2026-09-02 00:10:00,149.1,32,80,20.9,0,0,0
2026-09-02 00:15:00,146.9,37,81,25.9,0,0,0
2026-09-02 00:20:00,145.5,8,77,27.4,0,0,0
2026-09-02 00:25:00,144.1,11,78,26.3,0,0,0
2026-09-02 00:30:00,143.4,8,79,26.7,0,0,0
2026-09-02 00:35:00,142.4,11,76,24.6,0,0,0
2026-09-02 00:40:00,145.0,0,75,45.7,1,0,0
2026-09-02 00:45:00,143.8,0,67,44.2,1,0,0
2026-09-02 00:50:00,140.8,0,73,44.7,1,0,0
2026-09-02 00:55:00,140.7,0,66,40.3,1,0,0
2026-09-02 01:00:00,140.1,0,72,42.6,1,0,0
2026-09-02 01:05:00,136.4,0,68,41.4,1,0,0
2026-09-02 01:10:00,135.4,1,69,44.0,1,0,0
2026-09-02 01:15:00,139.2,1,68,42.5,1,0,0
2026-09-02 01:20:00,139.2,0,67,44.5,1,0,0
2026-09-02 01:25:00,138.0,0,72,42.5,1,0,0
2026-09-02 01:30:00,142.1,0,70,48.5,1,0,0
2026-09-02 01:35:00,144.9,1,68,42.6,1,0,0
2026-09-02 01:40:00,145.3,1,70,44.7,1,0,0
2026-09-02 01:45:00,144.1,0,68,48.8,1,0,0
2026-09-02 01:50:00,144.8,0,70,40.1,1,0,0
2026-09-02 01:55:00,145.8,2,68,47.7,1,0,0
2026-09-02 02:00:00,146.4,0,66,44.8,1,0,0
2026-09-02 02:05:00,145.5,0,71,44.0,1,0,0
2026-09-02 02:10:00,143.5,1,68,41.3,1,0,0
2026-09-02 02:15:00,145.5,0,67,44.4,1,0,0
2026-09-02 02:20:00,141.8,0,72,46.2,1,0,0
2026-09-02 02:25:00,140.9,0,71,42.9,1,0,0
2026-09-02 02:30:00,139.6,0,69,43.5,1,0,0
2026-09-02 02:35:00,140.8,1,68,43.5,1,0,0
2026-09-02 02:40:00,138.3,0,76,47.4,1,0,0
2026-09-02 02:45:00,139.8,1,66,42.7,1,0,0
2026-09-02 02:50:00,142.5,2,70,45.5,1,0,0
2026-09-02 02:55:00,144.2,0,69,47.6,1,0,0
2026-09-02 03:00:00,146.2,1,72,42.5,1,0,0
2026-09-02 03:05:00,143.8,0,69,45.0,1,0,0
2026-09-02 03:10:00,141.2,0,68,44.9,1,0,0
2026-09-02 03:15:00,141.3,0,72,40.2,1,0,0
2026-09-02 03:20:00,141.8,0,69,43.7,1,0,0
2026-09-02 03:25:00,140.8,0,70,42.7,1,0,0
2026-09-02 03:30:00,140.9,0,71,42.6,1,0,0
2026-09-02 03:35:00,141.6,0,69,45.5,1,0,0
2026-09-02 03:40:00,143.6,1,69,44.2,1,0,0
2026-09-02 03:45:00,143.6,1,72,44.8,1,0,0
2026-09-02 03:50:00,141.0,0,71,41.6,1,0,0
2026-09-02 03:55:00,142.9,0,68,41.7,1,0,0
2026-09-02 04:00:00,145.2,0,70,40.0,1,0,0
2026-09-02 04:05:00,148.3,0,68,43.4,1,0,0
2026-09-02 04:10:00,148.0,1,70,44.1,1,0,0
2026-09-02 04:15:00,148.3,0,69,42.2,1,0,0
2026-09-02 04:20:00,144.7,1,73,45.3,1,0,0
2026-09-02 04:25:00,145.6,1,72,44.4,1,0,0
2026-09-02 04:30:00,148.3,0,72,42.7,1,0,0
2026-09-02 04:35:00,144.8,0,68,39.5,1,0,0
2026-09-02 04:40:00,143.5,0,65,43.6,1,0,0
2026-09-02 04:45:00,144.3,1,67,44.3,1,0,0
2026-09-02 04:50:00,144.6,1,69,45.0,1,0,0
2026-09-02 04:55:00,144.7,0,67,39.9,1,0,0
2026-09-02 05:00:00,146.8,0,68,44.2,1,0,0
2026-09-02 05:05:00,146.0,0,76,42.5,1,0,0
2026-09-02 05:10:00,141.2,2,69,44.1,1,0,0
2026-09-02 05:15:00,142.0,0,69,41.4,1,0,0
2026-09-02 05:20:00,144.0,0,71,40.4,1,0,0
2026-09-02 05:25:00,146.5,1,67,44.3,1,0,0
2026-09-02 05:30:00,150.6,0,66,44.9,1,0,0
2026-09-02 05:35:00,150.3,0,69,41.0,1,0,0
2026-09-02 05:40:00,151.2,1,65,38.3,1,0,0
2026-09-02 05:45:00,150.3,0,71,43.9,1,0,0
2026-09-02 05:50:00,154.8,0,69,48.7,1,0,0
2026-09-02 05:55:00,156.1,0,74,44.6,1,0,0
2026-09-02 06:00:00,157.9,0,71,40.6,1,0,0
2026-09-02 06:05:00,157.8,1,67,41.7,1,0,0
2026-09-02 06:10:00,155.9,1,70,42.2,1,0,0
2026-09-02 06:15:00,157.5,0,70,43.8,1,0,0
2026-09-02 06:20:00,153.0,18,79,30.8,0,0,0
2026-09-02 06:25:00,151.9,40,83,26.6,0,0,0
2026-09-02 06:30:00,148.5,31,81,29.0,0,0,0
2026-09-02 06:35:00,153.9,21,80,24.7,0,0,0
2026-09-02 06:40:00,152.2,11,76,28.5,0,0,0
2026-09-02 06:45:00,147.8,28,85,27.6,0,0,0
2026-09-02 06:50:00,145.7,15,78,25.5,0,0,0
2026-09-02 06:55:00,144.6,8,78,27.4,0,0,0
2026-09-02 07:00:00,142.4,39,79,25.2,0,0,0
2026-09-02 07:05:00,145.9,12,77,30.9,0,0,0
2026-09-02 07:10:00,145.3,15,77,27.1,0,0,0
2026-09-02 07:15:00,147.6,32,79,30.4,0,0,0
2026-09-02 07:20:00,146.8,35,80,27.9,0,0,0
2026-09-02 07:25:00,147.1,17,79,24.2,0,0,0
2026-09-02 07:30:00,142.5,8,79,29.8,0,0,0
2026-09-02 07:35:00,142.0,27,76,23.5,0,0,0
2026-09-02 07:40:00,149.1,19,74,26.6,0,0,0
2026-09-02 07:45:00,146.9,19,81,27.6,0,0,0
2026-09-02 07:50:00,148.8,14,78,26.5,0,0,0
2026-09-02 07:55:00,143.6,51,79,26.1,0,0,0
2026-09-02 08:00:00,142.9,36,82,30.3,0,0,0
2026-09-02 08:05:00,136.8,24,80,26.6,0,0,0
2026-09-02 08:10:00,136.0,21,75,25.7,0,0,0
2026-09-02 08:15:00,138.3,21,80,28.0,0,0,0
2026-09-02 08:20:00,142.4,37,82,25.8,0,0,0
2026-09-02 08:25:00,143.0,18,78,29.5,0,0,0
2026-09-02 08:30:00,142.6,25,81,24.9,0,50,70
2026-09-02 08:35:00,144.8,30,85,27.4,0,0,0
2026-09-02 08:40:00,153.0,29,80,25.7,0,0,0
2026-09-02 08:45:00,160.2,42,84,26.4,0,0,0
2026-09-02 08:50:00,167.0,23,85,28.8,0,0,0
2026-09-02 08:55:00,172.3,26,81,28.6,0,0,0
2026-09-02 09:00:00,177.0,18,83,24.7,0,0,0
2026-09-02 09:05:00,172.5,18,76,27.2,0,0,0
2026-09-02 09:10:00,177.8,13,78,27.3,0,0,0
2026-09-02 09:15:00,180.5,30,79,28.0,0,0,0
2026-09-02 09:20:00,181.5,33,81,29.9,0,0,0
2026-09-02 09:25:00,180.7,37,81,25.5,0,0,0
2026-09-02 09:30:00,180.3,5,74,25.6,0,0,0
2026-09-02 09:35:00,179.3,10,78,29.0,0,0,0
2026-09-02 09:40:00,176.9,18,80,25.2,0,0,0
2026-09-02 09:45:00,174.5,47,81,24.6,0,0,0
2026-09-02 09:50:00,171.8,33,81,24.4,0,0,0
2026-09-02 09:55:00,172.1,26,75,27.3,0,0,0
2026-09-02 10:00:00,171.6,13,83,25.9,0,0,0
2026-09-02 10:05:00,170.6,14,81,23.8,0,0,0
2026-09-02 10:10:00,169.8,11,81,26.8,0,0,0
2026-09-02 10:15:00,167.1,15,82,26.7,0,0,0
2026-09-02 10:20:00,165.7,14,84,23.9,0,0,0
2026-09-02 10:25:00,162.4,11,78,27.0,0,0,0
2026-09-02 10:30:00,159.1,26,80,26.3,0,0,0
2026-09-02 10:35:00,157.2,14,80,23.5,0,0,0
2026-09-02 10:40:00,157.8,16,80,29.5,0,0,0
2026-09-02 10:45:00,157.7,23,80,26.6,0,0,0
2026-09-02 10:50:00,156.4,25,76,24.5,0,0,0
2026-09-02 10:55:00,153.1,21,79,28.3,0,0,0
2026-09-02 11:00:00,152.0,41,78,28.9,0,0,0
2026-09-02 11:05:00,149.4,19,76,24.9,0,0,0
2026-09-02 11:10:00,147.1,11,79,26.1,0,0,0
2026-09-02 11:15:00,148.6,26,82,28.1,0,0,0
2026-09-02 11:20:00,147.2,21,79,26.0,0,0,0
2026-09-02 11:25:00,147.7,19,77,27.0,0,0,0
2026-09-02 11:30:00,143.9,15,77,29.3,0,0,0
2026-09-02 11:35:00,146.2,451,107,28.1,0,0,0
2026-09-02 11:40:00,143.8,472,108,25.6,0,0,0
2026-09-02 11:45:00,140.9,469,108,26.6,0,0,0
2026-09-02 11:50:00,135.9,28,78,22.8,0,0,0
2026-09-02 11:55:00,134.1,26,78,27.0,0,0,0
2026-09-02 12:00:00,135.8,7,78,27.4,0,0,0
2026-09-02 12:05:00,135.5,29,82,26.4,0,0,0
2026-09-02 12:10:00,135.6,37,79,23.1,0,0,0
2026-09-02 12:15:00,135.7,18,82,30.5,0,0,0
2026-09-02 12:20:00,136.5,14,79,26.3,0,0,0
2026-09-02 12:25:00,139.2,21,81,26.4,0,0,0
2026-09-02 12:30:00,138.4,17,82,28.8,0,0,0
2026-09-02 12:35:00,138.9,26,80,29.2,0,0,0
2026-09-02 12:40:00,138.2,25,79,27.1,0,0,0
2026-09-02 12:45:00,140.2,17,82,24.4,0,0,0
2026-09-02 12:50:00,140.3,27,76,27.1,0,0,0
2026-09-02 12:55:00,142.1,32,75,25.3,0,0,0
2026-09-02 13:00:00,143.9,31,82,28.0,0,0,0
2026-09-02 13:05:00,144.4,27,79,24.7,0,0,0
2026-09-02 13:10:00,144.5,10,78,27.5,0,0,0
2026-09-02 13:15:00,146.5,38,78,28.3,0,0,0
2026-09-02 13:20:00,145.4,16,79,30.6,0,0,0
2026-09-02 13:25:00,143.8,23,86,29.1,0,80,68
2026-09-02 13:30:00,155.6,27,83,25.0,0,0,0
2026-09-02 13:35:00,168.1,70,87,26.6,0,0,0
2026-09-02 13:40:00,175.9,26,81,30.0,0,0,0
2026-09-02 13:45:00,185.4,33,86,25.2,0,0,0
2026-09-02 13:50:00,189.5,25,84,27.7,0,0,0
2026-09-02 13:55:00,191.7,21,81,28.9,0,0,0
2026-09-02 14:00:00,190.5,21,80,26.2,0,0,0
2026-09-02 14:05:00,192.4,24,79,24.0,0,0,0
2026-09-02 14:10:00,191.1,13,76,25.0,0,0,0
2026-09-02 14:15:00,194.2,15,79,29.2,0,0,0
2026-09-02 14:20:00,189.4,18,79,29.9,0,0,0
2026-09-02 14:25:00,189.1,26,77,27.0,0,0,0
2026-09-02 14:30:00,190.7,8,81,29.4,0,0,0
2026-09-02 14:35:00,190.7,40,79,27.5,0,0,0
2026-09-02 14:40:00,188.7,24,78,26.7,0,0,0
2026-09-02 14:45:00,187.0,9,80,27.0,0,0,0
2026-09-02 14:50:00,184.3,16,77,26.0,0,0,0
2026-09-02 14:55:00,184.4,48,83,27.6,0,0,0
2026-09-02 15:00:00,178.8,16,79,26.7,0,0,0
2026-09-02 15:05:00,176.9,48,81,27.2,0,0,0
2026-09-02 15:10:00,176.6,21,79,30.4,0,0,0
2026-09-02 15:15:00,174.2,36,80,23.6,0,0,0
2026-09-02 15:20:00,174.0,32,82,30.3,0,0,0
2026-09-02 15:25:00,171.5,30,78,30.8,0,0,0
2026-09-02 15:30:00,171.2,14,78,23.0,0,0,0
2026-09-02 15:35:00,170.5,30,80,27.9,0,0,0
2026-09-02 15:40:00,166.0,38,81,27.2,0,0,0
2026-09-02 15:45:00,165.6,10,80,28.8,0,0,0
2026-09-02 15:50:00,167.8,23,77,27.0,0,0,0
2026-09-02 15:55:00,163.7,15,82,23.9,0,0,0
2026-09-02 16:00:00,160.7,27,79,24.2,0,0,0
2026-09-02 16:05:00,158.2,20,82,25.7,0,0,0
2026-09-02 16:10:00,158.9,382,101,28.9,0,0,0
2026-09-02 16:15:00,161.9,353,99,24.9,0,0,0
2026-09-02 16:20:00,158.2,364,98,26.0,0,0,0
2026-09-02 16:25:00,156.2,19,77,25.0,0,0,0
2026-09-02 16:30:00,154.1,19,79,28.0,0,0,0
2026-09-02 16:35:00,154.0,24,81,28.2,0,0,0
2026-09-02 16:40:00,156.2,19,79,26.0,0,0,0
2026-09-02 16:45:00,158.4,51,83,29.4,0,0,0
2026-09-02 16:50:00,157.6,16,83,23.5,0,0,0
2026-09-02 16:55:00,155.8,24,81,24.7,0,0,0
2026-09-02 17:00:00,159.5,17,79,23.5,0,0,0
2026-09-02 17:05:00,157.9,21,79,29.0,0,0,0
2026-09-02 17:10:00,156.1,29,80,26.9,0,0,0
2026-09-02 17:15:00,153.0,16,76,25.1,0,0,0
2026-09-02 17:20:00,155.8,11,80,22.3,0,0,0
2026-09-02 17:25:00,157.9,9,81,27.1,0,0,0
2026-09-02 17:30:00,151.8,22,76,26.6,0,0,0
2026-09-02 17:35:00,149.2,18,77,25.9,0,0,0
2026-09-02 17:40:00,145.7,28,82,30.1,0,0,0
2026-09-02 17:45:00,147.8,14,80,25.6,0,0,0
2026-09-02 17:50:00,148.2,27,76,28.8,0,0,0
2026-09-02 17:55:00,147.0,17,77,30.6,0,0,0
2026-09-02 18:00:00,147.6,26,76,27.5,0,0,0
2026-09-02 18:05:00,147.0,32,81,27.2,0,0,0
2026-09-02 18:10:00,148.5,34,83,27.4,0,0,0
2026-09-02 18:15:00,147.7,17,82,25.3,0,21,50
2026-09-02 18:20:00,144.9,28,82,26.5,0,0,0
2026-09-02 18:25:00,144.8,19,80,23.9,0,0,0
2026-09-02 18:30:00,145.6,451,106,27.3,0,0,0
2026-09-02 18:35:00,143.8,471,109,28.9,0,0,0
2026-09-02 18:40:00,145.4,12,83,26.7,0,0,0
2026-09-02 18:45:00,145.4,35,82,29.8,0,0,0
2026-09-02 18:50:00,146.5,23,81,28.0,0,0,0
2026-09-02 18:55:00,150.5,43,80,29.1,0,0,0
2026-09-02 19:00:00,153.4,31,79,23.7,0,0,0
2026-09-02 19:05:00,150.7,21,82,24.8,0,0,0
2026-09-02 19:10:00,151.9,8,76,27.6,0,0,0
2026-09-02 19:15:00,152.0,37,80,26.3,0,0,0
2026-09-02 19:20:00,149.2,19,81,25.7,0,0,0
2026-09-02 19:25:00,151.4,15,78,27.5,0,0,0
2026-09-02 19:30:00,150.0,33,82,28.4,0,0,0
2026-09-02 19:35:00,153.0,20,77,28.4,0,0,0
2026-09-02 19:40:00,151.1,26,79,27.0,0,0,0
2026-09-02 19:45:00,150.7,20,79,25.8,0,0,0
2026-09-02 19:50:00,153.9,19,78,27.6,0,0,0
2026-09-02 19:55:00,149.5,20,78,24.0,0,0,0
2026-09-02 20:00:00,149.1,14,82,26.3,0,0,0
2026-09-02 20:05:00,147.7,17,79,24.0,0,0,0
2026-09-02 20:10:00,149.2,34,83,25.7,0,0,0
2026-09-02 20:15:00,150.5,19,77,28.5,0,0,0
2026-09-02 20:20:00,147.0,18,78,24.8,0,0,0
2026-09-02 20:25:00,146.4,4,76,23.6,0,0,0
2026-09-02 20:30:00,145.5,24,77,28.1,0,0,0
2026-09-02 20:35:00,146.7,27,81,23.5,0,0,0
2026-09-02 20:40:00,149.0,14,77,29.4,0,0,0
2026-09-02 20:45:00,151.7,39,81,28.9,0,0,0
2026-09-02 20:50:00,148.6,32,81,27.1,0,0,0
2026-09-02 20:55:00,147.0,27,78,25.8,0,0,0
2026-09-02 21:00:00,145.3,9,82,25.4,0,46,68
2026-09-02 21:05:00,154.1,6,82,28.9,0,0,0
2026-09-02 21:10:00,162.1,12,83,22.4,0,0,0
2026-09-02 21:15:00,168.9,41,85,24.4,0,0,0
2026-09-02 21:20:00,173.1,39,81,26.0,0,0,0
2026-09-02 21:25:00,178.4,32,81,27.6,0,0,0
2026-09-02 21:30:00,177.7,21,82,27.2,0,0,0
2026-09-02 21:35:00,181.9,33,79,24.7,0,0,0
2026-09-02 21:40:00,177.2,15,79,27.2,0,0,0
2026-09-02 21:45:00,178.5,32,80,27.9,0,0,0
2026-09-02 21:50:00,177.4,29,82,28.7,0,0,0
2026-09-02 21:55:00,175.9,22,82,26.8,0,0,0
2026-09-02 22:00:00,172.4,18,78,23.6,0,0,0
2026-09-02 22:05:00,171.5,18,76,29.6,0,0,0
2026-09-02 22:10:00,171.0,16,82,25.7,0,0,0
2026-09-02 22:15:00,170.9,15,77,24.6,0,0,0
2026-09-02 22:20:00,171.0,24,77,27.9,0,0,0
2026-09-02 22:25:00,169.0,17,78,23.7,0,0,0
2026-09-02 22:30:00,163.4,33,84,25.7,0,0,0
2026-09-02 22:35:00,159.1,22,78,26.5,0,0,0
2026-09-02 22:40:00,158.7,14,80,25.4,0,0,0
2026-09-02 22:45:00,158.1,31,80,27.5,0,0,0
2026-09-02 22:50:00,157.0,19,78,25.9,0,0,0
2026-09-02 22:55:00,154.7,39,79,27.7,0,0,0
2026-09-02 23:00:00,156.6,27,83,28.1,0,0,0
2026-09-02 23:05:00,153.0,19,79,28.7,0,0,0
2026-09-02 23:10:00,155.8,23,78,28.8,0,0,0
2026-09-02 23:15:00,155.1,34,80,29.0,0,0,0
2026-09-02 23:20:00,149.7,48,85,26.9,0,0,0
2026-09-02 23:25:00,148.2,7,79,25.9,0,0,0
2026-09-02 23:30:00,150.4,12,79,27.2,0,0,0
2026-09-02 23:35:00,148.1,17,81,28.2,0,0,0
2026-09-02 23:40:00,146.1,22,83,27.0,0,0,0
2026-09-02 23:45:00,149.3,1,68,42.4,1,0,0
2026-09-02 23:50:00,148.9,2,71,42.8,1,0,0
2026-09-02 23:55:00,147.4,0,70,44.0,1,0,0
2026-09-03 00:00:00,150.2,1,69,43.3,1,0,0
2026-09-03 00:05:00,148.5,0,69,47.8,1,0,0
2026-09-03 00:10:00,149.8,0,70,42.0,1,0,0
2026-09-03 00:15:00,151.3,0,71,45.1,1,0,0
2026-09-03 00:20:00,148.2,1,66,49.4,1,0,0
2026-09-03 00:25:00,147.7,0,70,38.5,1,0,0
2026-09-03 00:30:00,149.8,0,69,43.4,1,0,0
2026-09-03 00:35:00,152.2,0,72,45.6,1,0,0
2026-09-03 00:40:00,148.9,0,74,42.6,1,0,0
2026-09-03 00:45:00,147.3,0,70,41.0,1,0,0
2026-09-03 00:50:00,145.2,2,68,42.2,1,0,0
2026-09-03 00:55:00,144.0,0,70,43.3,1,0,0
2026-09-03 01:00:00,141.8,0,70,43.2,1,0,0
2026-09-03 01:05:00,143.5,0,73,42.3,1,0,0
2026-09-03 01:10:00,142.6,1,74,42.4,1,0,0
2026-09-03 01:15:00,143.8,0,75,43.8,1,0,0
2026-09-03 01:20:00,143.4,0,69,40.5,1,0,0
2026-09-03 01:25:00,145.5,0,76,40.0,1,0,0
2026-09-03 01:30:00,142.8,2,69,40.3,1,0,0
2026-09-03 01:35:00,141.8,0,70,45.1,1,0,0
2026-09-03 01:40:00,139.4,0,73,46.5,1,0,0
2026-09-03 01:45:00,141.7,1,67,44.1,1,0,0
2026-09-03 01:50:00,138.8,0,74,44.1,1,0,0
2026-09-03 01:55:00,139.7,1,69,43.9,1,0,0
2026-09-03 02:00:00,135.2,0,73,40.0,1,0,0
2026-09-03 02:05:00,139.0,0,72,42.2,1,0,0
2026-09-03 02:10:00,139.8,0,70,46.9,1,0,0
2026-09-03 02:15:00,140.4,0,73,39.3,1,0,0
2026-09-03 02:20:00,143.4,0,68,44.4,1,0,0
2026-09-03 02:25:00,144.0,1,71,38.2,1,0,0
2026-09-03 02:30:00,140.9,0,70,43.5,1,0,0
2026-09-03 02:35:00,137.6,0,70,39.1,1,0,0
2026-09-03 02:40:00,139.1,0,70,43.0,1,0,0
2026-09-03 02:45:00,140.3,0,71,45.8,1,0,0
2026-09-03 02:50:00,139.8,0,67,41.7,1,0,0
2026-09-03 02:55:00,143.1,1,68,45.8,1,0,0
2026-09-03 03:00:00,141.8,0,68,42.9,1,0,0
2026-09-03 03:05:00,142.5,1,71,40.1,1,0,0
2026-09-03 03:10:00,140.7,0,66,41.9,1,0,0
2026-09-03 03:15:00,140.2,1,72,41.4,1,0,0
2026-09-03 03:20:00,143.5,1,72,46.6,1,0,0
2026-09-03 03:25:00,143.5,0,70,44.9,1,0,0
2026-09-03 03:30:00,143.9,0,70,39.0,1,0,0
2026-09-03 03:35:00,142.9,0,70,40.2,1,0,0
2026-09-03 03:40:00,146.6,0,70,40.2,1,0,0
2026-09-03 03:45:00,150.5,0,70,41.5,1,0,0
2026-09-03 03:50:00,149.2,0,69,41.7,1,0,0
2026-09-03 03:55:00,150.0,0,66,41.4,1,0,0
2026-09-03 04:00:00,149.7,0,68,46.4,1,0,0
2026-09-03 04:05:00,149.2,0,72,42.8,1,0,0
2026-09-03 04:10:00,150.4,1,69,43.8,1,0,0
2026-09-03 04:15:00,151.4,0,69,41.8,1,0,0
2026-09-03 04:20:00,149.2,1,69,43.1,1,0,0
2026-09-03 04:25:00,148.2,0,69,45.3,1,0,0
2026-09-03 04:30:00,148.7,0,72,41.7,1,0,0
2026-09-03 04:35:00,146.7,0,68,42.8,1,0,0
2026-09-03 04:40:00,149.9,1,68,44.7,1,0,0
2026-09-03 04:45:00,152.4,0,69,44.3,1,0,0
2026-09-03 04:50:00,153.4,0,68,42.5,1,0,0
2026-09-03 04:55:00,153.1,0,69,39.5,1,0,0
2026-09-03 05:00:00,153.9,0,68,44.8,1,0,0
2026-09-03 05:05:00,155.2,0,71,44.9,1,0,0
2026-09-03 05:10:00,153.5,0,68,44.0,1,0,0
2026-09-03 05:15:00,151.2,0,69,42.2,1,0,0
2026-09-03 05:20:00,148.7,0,68,41.0,1,0,0
2026-09-03 05:25:00,149.4,0,74,42.1,1,0,0
2026-09-03 05:30:00,146.2,0,71,43.2,1,0,0
2026-09-03 05:35:00,149.4,0,69,46.1,1,0,0
2026-09-03 05:40:00,149.4,0,68,42.3,1,0,0
2026-09-03 05:45:00,148.6,0,64,43.5,1,0,0
2026-09-03 05:50:00,151.4,0,70,43.4,1,0,0
2026-09-03 05:55:00,152.9,1,73,42.4,1,0,0
2026-09-03 06:00:00,149.5,0,68,41.2,1,0,0
2026-09-03 06:05:00,151.3,0,69,43.3,1,0,0
2026-09-03 06:10:00,154.4,0,67,42.9,1,0,0
2026-09-03 06:15:00,156.9,0,69,41.3,1,0,0
2026-09-03 06:20:00,156.8,0,70,45.5,1,0,0
2026-09-03 06:25:00,157.9,27,82,27.8,0,0,0
2026-09-03 06:30:00,155.1,23,78,23.9,0,0,0
2026-09-03 06:35:00,153.2,34,79,27.0,0,0,0
2026-09-03 06:40:00,154.6,21,77,25.5,0,0,0
2026-09-03 06:45:00,151.4,34,79,27.0,0,0,0
2026-09-03 06:50:00,152.9,34,83,28.1,0,0,0
2026-09-03 06:55:00,150.3,47,80,26.8,0,0,0
2026-09-03 07:00:00,146.9,22,81,24.2,0,0,0
2026-09-03 07:05:00,146.0,14,81,25.0,0,0,0
2026-09-03 07:10:00,145.8,29,80,27.9,0,0,0
2026-09-03 07:15:00,148.2,23,79,30.3,0,0,0
2026-09-03 07:20:00,148.7,35,80,27.5,0,0,0
2026-09-03 07:25:00,151.5,9,83,26.1,0,0,0
2026-09-03 07:30:00,148.2,28,81,26.5,0,0,0
2026-09-03 07:35:00,147.7,37,84,27.5,0,58,78
2026-09-03 07:40:00,159.2,36,86,25.2,0,0,0
2026-09-03 07:45:00,168.9,73,87,25.7,0,0,0
2026-09-03 07:50:00,176.8,29,78,26.9,0,0,0
2026-09-03 07:55:00,180.9,28,81,25.2,0,0,0
2026-09-03 08:00:00,186.8,29,82,28.0,0,0,0
2026-09-03 08:05:00,188.4,47,81,27.5,0,0,0
2026-09-03 08:10:00,191.1,14,78,28.3,0,0,0
2026-09-03 08:15:00,192.2,29,81,24.4,0,0,0
2026-09-03 08:20:00,194.9,18,79,28.2,0,0,0
2026-09-03 08:25:00,190.3,17,78,30.7,0,0,0
2026-09-03 08:30:00,188.8,19,79,26.0,0,0,0
2026-09-03 08:35:00,188.9,28,76,29.9,0,0,0
2026-09-03 08:40:00,189.7,31,81,24.7,0,0,0
2026-09-03 08:45:00,187.9,16,80,28.7,0,0,0
2026-09-03 08:50:00,188.8,30,82,25.0,0,0,0
2026-09-03 08:55:00,187.1,36,82,24.4,0,0,0
2026-09-03 09:00:00,184.3,14,81,23.0,0,0,0
2026-09-03 09:05:00,184.5,10,82,23.5,0,0,0
2026-09-03 09:10:00,180.9,26,81,23.7,0,0,0
2026-09-03 09:15:00,179.4,27,81,23.6,0,0,0
2026-09-03 09:20:00,176.8,9,79,26.2,0,0,0
2026-09-03 09:25:00,177.1,12,78,27.3,0,0,0
2026-09-03 09:30:00,175.1,24,82,25.6,0,0,0
2026-09-03 09:35:00,175.7,7,81,23.6,0,0,0
2026-09-03 09:40:00,174.7,26,77,27.2,0,0,0
2026-09-03 09:45:00,177.2,27,80,25.0,0,0,0
2026-09-03 09:50:00,175.9,12,80,30.5,0,0,0
2026-09-03 09:55:00,172.0,18,81,24.8,0,0,0
2026-09-03 10:00:00,167.4,31,83,25.1,0,0,0
2026-09-03 10:05:00,167.8,12,82,22.5,0,0,0
2026-09-03 10:10:00,164.6,49,85,26.5,0,0,0
2026-09-03 10:15:00,165.5,21,76,27.1,0,0,0
2026-09-03 10:20:00,162.3,42,79,22.8,0,0,0
2026-09-03 10:25:00,158.1,16,79,26.8,0,0,0
2026-09-03 10:30:00,156.5,38,81,28.3,0,0,0
2026-09-03 10:35:00,151.5,20,78,24.6,0,0,0
2026-09-03 10:40:00,153.2,33,84,29.4,0,0,0
2026-09-03 10:45:00,150.9,28,78,26.3,0,0,0
2026-09-03 10:50:00,152.5,11,74,28.9,0,0,0
2026-09-03 10:55:00,151.7,50,78,21.5,0,0,0
2026-09-03 11:00:00,151.3,30,79,22.1,0,0,0
2026-09-03 11:05:00,149.7,27,79,25.0,0,0,0
2026-09-03 11:10:00,147.1,8,79,24.8,0,0,0
2026-09-03 11:15:00,146.5,30,76,30.7,0,0,0
2026-09-03 11:20:00,142.4,28,80,27.6,0,0,0
2026-09-03 11:25:00,144.7,24,81,26.0,0,0,0
2026-09-03 11:30:00,143.4,40,79,24.3,0,0,0
2026-09-03 11:35:00,146.5,38,83,25.9,0,0,0
2026-09-03 11:40:00,145.3,35,76,27.9,0,0,0
2026-09-03 11:45:00,145.2,55,85,24.5,0,0,0
2026-09-03 11:50:00,144.3,30,84,26.9,0,0,0
2026-09-03 11:55:00,146.0,20,77,26.9,0,0,0
2026-09-03 12:00:00,151.6,21,79,26.4,0,0,0
2026-09-03 12:05:00,150.8,17,76,25.4,0,0,0
2026-09-03 12:10:00,148.5,4,79,27.6,0,0,0
2026-09-03 12:15:00,147.7,6,79,28.1,0,0,0
2026-09-03 12:20:00,145.7,21,81,30.3,0,0,0
2026-09-03 12:25:00,148.0,17,78,24.8,0,0,0
2026-09-03 12:30:00,147.7,15,80,23.6,0,0,0
2026-09-03 12:35:00,148.0,56,77,27.7,0,0,0
2026-09-03 12:40:00,150.3,17,75,27.3,0,0,0
2026-09-03 12:45:00,144.7,32,78,27.6,0,0,0
2026-09-03 12:50:00,144.5,36,80,27.8,0,62,55
2026-09-03 12:55:00,152.2,40,83,25.5,0,0,0
2026-09-03 13:00:00,154.9,17,80,29.1,0,0,0
2026-09-03 13:05:00,158.5,504,114,29.5,0,0,0
2026-09-03 13:10:00,159.8,488,111,22.7,0,0,0
2026-09-03 13:15:00,161.8,7,81,31.3,0,0,0
2026-09-03 13:20:00,162.1,27,77,23.9,0,0,0
2026-09-03 13:25:00,166.3,32,75,27.9,0,0,0
2026-09-03 13:30:00,166.2,17,79,27.9,0,0,0
2026-09-03 13:35:00,164.5,24,81,24.9,0,0,0
2026-09-03 13:40:00,161.1,32,82,27.8,0,0,0
2026-09-03 13:45:00,161.6,19,78,27.7,0,0,0
2026-09-03 13:50:00,158.4,27,78,28.2,0,0,0
2026-09-03 13:55:00,158.6,53,85,28.7,0,0,0
2026-09-03 14:00:00,160.4,400,105,28.4,0,0,0
2026-09-03 14:05:00,157.3,407,103,27.3,0,0,0
2026-09-03 14:10:00,159.3,402,102,28.3,0,0,0
2026-09-03 14:15:00,156.7,22,80,24.5,0,0,0
2026-09-03 14:20:00,155.4,34,82,25.0,0,0,0
2026-09-03 14:25:00,152.7,25,81,26.4,0,0,0
2026-09-03 14:30:00,152.3,7,76,25.0,0,0,0
2026-09-03 14:35:00,155.0,22,82,24.9,0,0,0
2026-09-03 14:40:00,153.7,13,78,30.0,0,0,0
2026-09-03 14:45:00,151.4,19,79,24.6,0,0,0
2026-09-03 14:50:00,151.3,19,79,28.8,0,0,0
2026-09-03 14:55:00,150.3,497,105,25.3,0,0,0
2026-09-03 15:00:00,149.4,492,111,25.4,0,0,0
2026-09-03 15:05:00,148.1,467,105,24.3,0,0,0
2026-09-03 15:10:00,152.6,15,79,25.8,0,0,0
2026-09-03 15:15:00,153.5,8,78,20.2,0,0,0
2026-09-03 15:20:00,156.2,33,80,29.1,0,0,0
2026-09-03 15:25:00,154.4,25,81,25.1,0,0,0
2026-09-03 15:30:00,157.5,16,78,30.8,0,0,0
2026-09-03 15:35:00,158.3,18,79,25.2,0,0,0
2026-09-03 15:40:00,154.2,24,80,25.8,0,0,0
2026-09-03 15:45:00,152.2,24,78,30.5,0,0,0
2026-09-03 15:50:00,156.6,14,80,25.1,0,0,0
2026-09-03 15:55:00,157.3,25,79,24.7,0,0,0
2026-09-03 16:00:00,155.6,19,80,29.5,0,0,0
2026-09-03 16:05:00,156.9,40,82,26.1,0,0,0
2026-09-03 16:10:00,157.4,27,82,23.0,0,0,0
2026-09-03 16:15:00,156.6,8,77,26.5,0,0,0
2026-09-03 16:20:00,154.1,53,77,24.6,0,0,0
2026-09-03 16:25:00,154.9,23,81,25.2,0,0,0
2026-09-03 16:30:00,153.8,21,81,26.6,0,0,0
2026-09-03 16:35:00,151.1,21,80,25.7,0,0,0
2026-09-03 16:40:00,149.3,22,81,25.3,0,0,0
2026-09-03 16:45:00,150.0,14,80,26.2,0,0,0
2026-09-03 16:50:00,150.8,53,83,22.7,0,0,0
2026-09-03 16:55:00,149.4,6,80,22.8,0,26,65
2026-09-03 17:00:00,153.0,11,80,26.1,0,0,0
2026-09-03 17:05:00,156.8,46,83,25.9,0,0,0
2026-09-03 17:10:00,158.8,47,83,27.2,0,0,0
2026-09-03 17:15:00,159.5,26,83,29.3,0,0,0
2026-09-03 17:20:00,159.9,7,82,24.9,0,0,0
2026-09-03 17:25:00,159.9,426,102,28.6,0,0,0
2026-09-03 17:30:00,158.9,432,101,26.7,0,0,0
2026-09-03 17:35:00,160.8,424,105,24.3,0,0,0
2026-09-03 17:40:00,159.8,44,82,28.8,0,0,0
2026-09-03 17:45:00,157.9,27,76,25.9,0,0,0
2026-09-03 17:50:00,155.9,19,79,27.5,0,0,0
2026-09-03 17:55:00,155.9,24,81,27.6,0,0,0
2026-09-03 18:00:00,158.1,11,79,28.9,0,0,0
2026-09-03 18:05:00,157.1,21,78,27.8,0,0,0
2026-09-03 18:10:00,156.3,25,80,23.0,0,0,0
2026-09-03 18:15:00,155.8,40,81,28.8,0,0,0
2026-09-03 18:20:00,153.6,14,82,30.8,0,0,0
2026-09-03 18:25:00,149.6,20,78,23.2,0,0,0
2026-09-03 18:30:00,145.6,22,80,28.8,0,0,0
2026-09-03 18:35:00,145.0,43,81,26.3,0,0,0
2026-09-03 18:40:00,145.3,14,81,26.0,0,0,0
2026-09-03 18:45:00,145.3,19,79,27.1,0,0,0
2026-09-03 18:50:00,146.7,9,77,28.0,0,0,0
2026-09-03 18:55:00,151.4,16,77,26.3,0,0,0
2026-09-03 19:00:00,146.7,66,79,21.5,0,0,0
2026-09-03 19:05:00,146.8,19,81,29.0,0,0,0
2026-09-03 19:10:00,149.3,24,77,28.0,0,0,0
2026-09-03 19:15:00,150.8,23,76,27.9,0,0,0
2026-09-03 19:20:00,149.8,14,77,29.6,0,0,0
2026-09-03 19:25:00,149.7,33,84,22.4,0,0,0
2026-09-03 19:30:00,148.6,21,76,26.3,0,0,0
2026-09-03 19:35:00,147.7,17,80,26.4,0,0,0
2026-09-03 19:40:00,148.9,39,84,26.7,0,0,0
2026-09-03 19:45:00,148.9,25,82,26.1,0,0,0
2026-09-03 19:50:00,147.1,11,79,28.1,0,0,0
2026-09-03 19:55:00,147.8,18,76,28.6,0,0,0
2026-09-03 20:00:00,146.0,27,79,26.2,0,0,0
2026-09-03 20:05:00,144.3,50,81,24.1,0,0,0
2026-09-03 20:10:00,145.3,15,78,27.6,0,0,0
2026-09-03 20:15:00,143.3,24,84,28.2,0,0,0
2026-09-03 20:20:00,144.2,21,82,27.7,0,0,0
2026-09-03 20:25:00,145.8,20,82,28.6,0,0,0
2026-09-03 20:30:00,144.9,40,83,27.1,0,0,0
2026-09-03 20:35:00,146.4,50,82,26.3,0,0,0
2026-09-03 20:40:00,145.5,42,81,25.6,0,0,0
2026-09-03 20:45:00,145.9,43,78,27.7,0,0,0
2026-09-03 20:50:00,143.8,25,84,30.1,0,67,55
2026-09-03 20:55:00,154.4,9,85,28.6,0,0,0
2026-09-03 21:00:00,159.8,97,86,21.5,0,0,0
2026-09-03 21:05:00,171.4,41,83,27.7,0,0,0
2026-09-03 21:10:00,174.8,22,83,25.1,0,0,0
2026-09-03 21:15:00,176.6,22,80,26.5,0,0,0
2026-09-03 21:20:00,175.8,15,80,26.7,0,0,0
2026-09-03 21:25:00,176.8,10,79,27.1,0,0,0
2026-09-03 21:30:00,177.7,16,79,26.7,0,0,0
2026-09-03 21:35:00,178.0,23,79,26.2,0,0,0
2026-09-03 21:40:00,175.4,18,80,24.0,0,0,0
2026-09-03 21:45:00,177.4,36,81,27.3,0,0,0
2026-09-03 21:50:00,175.7,18,78,26.1,0,0,0
2026-09-03 21:55:00,175.5,22,80,24.9,0,0,0
2026-09-03 22:00:00,173.0,31,80,27.0,0,0,0
2026-09-03 22:05:00,171.5,28,78,32.5,0,0,0
2026-09-03 22:10:00,170.9,13,76,22.8,0,0,0
2026-09-03 22:15:00,168.0,12,78,28.3,0,0,0
2026-09-03 22:20:00,167.7,28,80,27.1,0,0,0
2026-09-03 22:25:00,165.2,8,80,30.9,0,0,0
2026-09-03 22:30:00,167.0,60,84,24.4,0,0,0
2026-09-03 22:35:00,169.2,46,81,28.3,0,0,0
2026-09-03 22:40:00,170.0,56,80,25.4,0,0,0
2026-09-03 22:45:00,169.4,26,78,27.0,0,0,0
2026-09-03 22:50:00,166.2,23,77,28.0,0,0,0
2026-09-03 22:55:00,162.6,31,78,26.3,0,0,0
2026-09-03 23:00:00,163.4,52,82,26.0,0,0,0
2026-09-03 23:05:00,162.4,24,76,25.5,0,0,0
2026-09-03 23:10:00,162.7,29,83,26.3,0,0,0
2026-09-03 23:15:00,161.0,14,78,28.1,0,0,0
2026-09-03 23:20:00,159.9,23,77,25.7,0,0,0
2026-09-03 23:25:00,159.4,29,81,26.3,0,0,0
2026-09-03 23:30:00,157.8,24,82,25.0,0,0,0
2026-09-03 23:35:00,155.4,54,83,25.4,0,0,0
2026-09-03 23:40:00,153.0,20,78,24.6,0,0,0
2026-09-03 23:45:00,155.8,29,79,25.5,0,0,0
2026-09-03 23:50:00,153.6,39,79,29.3,0,0,0
2026-09-03 23:55:00,149.9,14,82,26.5,0,0,0
2026-09-04 00:00:00,141.8,0,66,41.9,1,0,0
2026-09-04 00:05:00,141.0,0,67,43.1,1,0,0
2026-09-04 00:10:00,141.1,0,68,44.8,1,0,0
2026-09-04 00:15:00,142.5,0,72,45.3,1,0,0
2026-09-04 00:20:00,142.1,0,74,41.9,1,0,0
2026-09-04 00:25:00,139.9,0,71,47.2,1,0,0
2026-09-04 00:30:00,142.1,0,67,44.2,1,0,0
2026-09-04 00:35:00,145.6,0,73,45.6,1,0,0
2026-09-04 00:40:00,146.6,0,70,44.9,1,0,0
2026-09-04 00:45:00,143.6,0,72,44.9,1,0,0
2026-09-04 00:50:00,142.4,0,71,43.3,1,0,0
2026-09-04 00:55:00,144.1,0,71,47.7,1,0,0
2026-09-04 01:00:00,144.4,2,70,48.2,1,0,0
2026-09-04 01:05:00,143.1,0,72,42.1,1,0,0
2026-09-04 01:10:00,142.5,1,71,44.7,1,0,0
2026-09-04 01:15:00,143.7,0,72,44.0,1,0,0
2026-09-04 01:20:00,144.7,0,69,47.1,1,0,0
2026-09-04 01:25:00,146.9,0,70,43.7,1,0,0
2026-09-04 01:30:00,143.2,1,71,44.6,1,0,0
2026-09-04 01:35:00,141.4,0,69,41.9,1,0,0
2026-09-04 01:40:00,136.9,1,69,45.1,1,0,0
2026-09-04 01:45:00,140.1,0,71,45.4,1,0,0
2026-09-04 01:50:00,136.4,1,71,41.3,1,0,0
2026-09-04 01:55:00,136.8,0,70,43.0,1,0,0
2026-09-04 02:00:00,139.3,0,71,45.8,1,0,0
2026-09-04 02:05:00,143.1,0,69,42.6,1,0,0
2026-09-04 02:10:00,141.6,0,68,44.5,1,0,0
2026-09-04 02:15:00,142.9,0,69,44.5,1,0,0
2026-09-04 02:20:00,142.1,1,69,44.9,1,0,0
2026-09-04 02:25:00,141.5,0,70,45.4,1,0,0
2026-09-04 02:30:00,140.1,0,70,46.1,1,0,0
2026-09-04 02:35:00,138.3,0,68,42.7,1,0,0
2026-09-04 02:40:00,139.9,1,70,47.7,1,0,0
2026-09-04 02:45:00,140.6,0,74,46.0,1,0,0
2026-09-04 02:50:00,139.6,0,70,46.5,1,0,0
2026-09-04 02:55:00,137.1,2,72,45.7,1,0,0
2026-09-04 03:00:00,132.1,0,73,45.9,1,0,0
2026-09-04 03:05:00,131.8,0,69,43.2,1,0,0
2026-09-04 03:10:00,130.9,0,70,46.9,1,0,0
2026-09-04 03:15:00,129.4,0,69,47.8,1,0,0
2026-09-04 03:20:00,131.1,0,69,43.2,1,0,0
2026-09-04 03:25:00,130.9,0,67,44.5,1,0,0
2026-09-04 03:30:00,133.6,1,71,42.3,1,0,0
2026-09-04 03:35:00,134.5,0,71,41.9,1,0,0
2026-09-04 03:40:00,136.9,1,68,45.5,1,0,0
2026-09-04 03:45:00,139.7,0,67,42.4,1,0,0
2026-09-04 03:50:00,136.5,0,67,42.6,1,0,0
2026-09-04 03:55:00,137.1,0,69,44.8,1,0,0
2026-09-04 04:00:00,135.1,0,70,45.2,1,0,0
2026-09-04 04:05:00,138.0,1,68,45.5,1,0,0
2026-09-04 04:10:00,138.5,1,66,44.6,1,0,0
2026-09-04 04:15:00,141.5,0,70,42.7,1,0,0
2026-09-04 04:20:00,141.4,0,71,44.9,1,0,0
2026-09-04 04:25:00,142.7,0,72,42.4,1,0,0
2026-09-04 04:30:00,145.6,1,69,47.9,1,0,0
2026-09-04 04:35:00,145.6,0,68,45.2,1,0,0
2026-09-04 04:40:00,145.6,2,71,43.2,1,0,0
2026-09-04 04:45:00,149.6,1,66,40.3,1,0,0
2026-09-04 04:50:00,145.9,0,67,48.6,1,0,0
2026-09-04 04:55:00,142.8,1,67,45.4,1,0,0
2026-09-04 05:00:00,141.5,0,73,43.9,1,0,0
2026-09-04 05:05:00,145.9,2,70,46.1,1,0,0
2026-09-04 05:10:00,145.8,0,74,46.2,1,0,0
2026-09-04 05:15:00,149.0,0,70,43.5,1,0,0
2026-09-04 05:20:00,153.0,0,71,43.8,1,0,0
2026-09-04 05:25:00,154.3,0,70,43.1,1,0,0
2026-09-04 05:30:00,153.9,2,72,43.9,1,0,0
2026-09-04 05:35:00,153.4,0,70,43.4,1,0,0
2026-09-04 05:40:00,153.2,1,70,46.3,1,0,0
2026-09-04 05:45:00,153.8,0,68,45.5,1,0,0
2026-09-04 05:50:00,154.1,2,71,41.9,1,0,0
2026-09-04 05:55:00,152.1,0,71,46.7,1,0,0
2026-09-04 06:00:00,149.3,15,80,30.2,0,0,0
2026-09-04 06:05:00,148.9,7,81,27.0,0,0,0
2026-09-04 06:10:00,154.6,16,81,25.4,0,0,0
2026-09-04 06:15:00,153.7,8,79,25.3,0,0,0
2026-09-04 06:20:00,154.7,12,82,25.6,0,0,0
2026-09-04 06:25:00,150.7,35,79,25.3,0,0,0
2026-09-04 06:30:00,147.8,23,81,28.4,0,0,0
2026-09-04 06:35:00,150.6,24,79,27.0,0,0,0
2026-09-04 06:40:00,152.6,9,74,26.3,0,0,0
2026-09-04 06:45:00,150.0,13,80,28.7,0,0,0
2026-09-04 06:50:00,149.0,23,84,27.0,0,0,0
2026-09-04 06:55:00,148.0,20,79,25.5,0,0,0
2026-09-04 07:00:00,143.5,48,79,32.4,0,0,0
2026-09-04 07:05:00,144.8,35,83,27.5,0,0,0
2026-09-04 07:10:00,147.5,15,77,27.8,0,0,0
2026-09-04 07:15:00,147.8,25,79,31.1,0,0,0
2026-09-04 07:20:00,150.6,36,80,30.8,0,0,0
2026-09-04 07:25:00,148.6,13,78,30.6,0,0,0
2026-09-04 07:30:00,147.1,42,82,27.5,0,0,0
2026-09-04 07:35:00,145.3,48,78,27.3,0,0,0
2026-09-04 07:40:00,141.1,20,80,26.8,0,0,0
2026-09-04 07:45:00,139.8,16,77,26.3,0,0,0
2026-09-04 07:50:00,140.6,14,79,30.1,0,0,0
2026-09-04 07:55:00,138.8,23,76,28.3,0,0,0
2026-09-04 08:00:00,137.6,18,80,33.0,0,0,0
2026-09-04 08:05:00,138.0,23,83,27.5,0,36,50
2026-09-04 08:10:00,141.5,24,83,26.2,0,0,0
2026-09-04 08:15:00,147.6,23,79,26.1,0,0,0
2026-09-04 08:20:00,151.7,45,81,27.9,0,0,0
2026-09-04 08:25:00,149.1,21,85,28.6,0,0,0
2026-09-04 08:30:00,150.2,33,82,30.3,0,0,0
2026-09-04 08:35:00,153.4,34,79,24.3,0,0,0
2026-09-04 08:40:00,154.7,15,77,30.3,0,0,0
2026-09-04 08:45:00,153.7,10,79,26.6,0,0,0
2026-09-04 08:50:00,151.6,13,79,28.1,0,0,0
2026-09-04 08:55:00,151.0,14,79,25.2,0,0,0
2026-09-04 09:00:00,148.7,13,77,28.4,0,0,0
2026-09-04 09:05:00,151.0,37,80,24.3,0,0,0
2026-09-04 09:10:00,151.0,20,82,30.9,0,0,0
2026-09-04 09:15:00,151.9,30,78,26.3,0,0,0
2026-09-04 09:20:00,151.0,24,78,28.0,0,0,0
2026-09-04 09:25:00,150.4,44,82,30.1,0,0,0
2026-09-04 09:30:00,148.4,23,80,27.8,0,0,0
2026-09-04 09:35:00,146.4,23,80,28.5,0,0,0
2026-09-04 09:40:00,147.7,23,81,26.7,0,0,0
2026-09-04 09:45:00,145.8,24,79,25.7,0,0,0
2026-09-04 09:50:00,143.8,22,81,26.5,0,0,0
2026-09-04 09:55:00,141.2,19,78,27.9,0,0,0
2026-09-04 10:00:00,140.2,16,77,27.1,0,0,0
2026-09-04 10:05:00,142.9,23,78,25.0,0,0,0
2026-09-04 10:10:00,140.8,28,82,27.1,0,0,0
2026-09-04 10:15:00,141.7,14,77,26.5,0,0,0
2026-09-04 10:20:00,140.8,38,81,25.1,0,0,0
2026-09-04 10:25:00,140.3,12,77,27.9,0,0,0
2026-09-04 10:30:00,141.6,10,77,27.8,0,0,0
2026-09-04 10:35:00,141.2,28,81,28.4,0,0,0
2026-09-04 10:40:00,140.0,16,83,25.3,0,0,0
2026-09-04 10:45:00,138.2,41,82,30.3,0,0,0
2026-09-04 10:50:00,138.3,11,79,31.9,0,0,0
2026-09-04 10:55:00,141.2,16,77,27.5,0,0,0
2026-09-04 11:00:00,140.2,12,77,24.3,0,0,0
2026-09-04 11:05:00,142.0,38,81,28.1,0,0,0
2026-09-04 11:10:00,141.3,13,79,27.1,0,0,0
2026-09-04 11:15:00,140.2,16,80,27.3,0,0,0
2026-09-04 11:20:00,141.5,18,81,27.4,0,0,0
2026-09-04 11:25:00,145.3,12,77,27.9,0,0,0
2026-09-04 11:30:00,144.3,23,84,25.7,0,0,0
2026-09-04 11:35:00,143.1,35,86,30.5,0,0,0
2026-09-04 11:40:00,141.1,25,81,26.0,0,0,0
2026-09-04 11:45:00,142.4,19,78,27.7,0,0,0
2026-09-04 11:50:00,146.8,12,82,27.2,0,0,0
2026-09-04 11:55:00,143.5,31,81,26.9,0,0,0
2026-09-04 12:00:00,146.6,28,79,26.1,0,0,0
2026-09-04 12:05:00,142.0,33,80,28.1,0,0,0
2026-09-04 12:10:00,143.2,31,85,33.0,0,0,0
2026-09-04 12:15:00,143.6,28,78,28.3,0,0,0
2026-09-04 12:20:00,142.9,22,79,27.7,0,0,0
2026-09-04 12:25:00,144.1,28,78,26.0,0,0,0
2026-09-04 12:30:00,140.6,28,77,26.1,0,0,0
2026-09-04 12:35:00,142.4,33,76,28.5,0,0,0
2026-09-04 12:40:00,142.9,15,79,26.6,0,0,0
2026-09-04 12:45:00,141.1,24,80,25.3,0,0,0
2026-09-04 12:50:00,140.5,32,80,28.1,0,0,0
2026-09-04 12:55:00,142.2,18,82,27.6,0,0,0
2026-09-04 13:00:00,142.5,12,78,27.3,0,0,0
2026-09-04 13:05:00,142.9,39,81,27.2,0,0,0
2026-09-04 13:10:00,142.7,19,80,27.3,0,0,0
2026-09-04 13:15:00,138.2,7,80,28.8,0,0,0
2026-09-04 13:20:00,136.8,18,79,27.2,0,0,0
2026-09-04 13:25:00,133.3,16,79,29.7,0,0,0
2026-09-04 13:30:00,133.4,32,80,26.9,0,0,0
2026-09-04 13:35:00,130.8,15,79,28.5,0,0,0
2026-09-04 13:40:00,132.4,18,81,30.8,0,0,0
2026-09-04 13:45:00,133.2,49,79,26.6,0,0,0
2026-09-04 13:50:00,139.1,10,78,27.3,0,0,0
2026-09-04 13:55:00,137.8,27,80,26.9,0,65,55
2026-09-04 14:00:00,150.5,7,84,29.0,0,0,0
2026-09-04 14:05:00,158.1,34,83,29.1,0,0,0
2026-09-04 14:10:00,161.8,20,83,28.8,0,0,0
2026-09-04 14:15:00,166.7,43,82,28.6,0,0,0
2026-09-04 14:20:00,164.5,16,82,27.1,0,0,0
2026-09-04 14:25:00,166.3,16,79,24.9,0,0,0
2026-09-04 14:30:00,169.2,17,80,29.3,0,0,0
2026-09-04 14:35:00,170.0,21,79,30.5,0,0,0
2026-09-04 14:40:00,171.2,18,74,27.1,0,0,0
2026-09-04 14:45:00,169.2,373,101,27.4,0,0,0
2026-09-04 14:50:00,168.8,351,100,26.2,0,0,0
2026-09-04 14:55:00,166.9,352,99,27.1,0,0,0
2026-09-04 15:00:00,166.6,32,78,29.8,0,0,0
2026-09-04 15:05:00,166.9,15,80,26.5,0,0,0
2026-09-04 15:10:00,169.3,20,79,23.1,0,0,0
2026-09-04 15:15:00,168.8,21,81,28.0,0,0,0
2026-09-04 15:20:00,166.7,23,79,24.4,0,0,0
2026-09-04 15:25:00,164.4,20,83,24.2,0,0,0
2026-09-04 15:30:00,165.4,40,83,30.1,0,0,0
2026-09-04 15:35:00,163.1,32,79,29.2,0,0,0
2026-09-04 15:40:00,159.0,16,78,29.1,0,0,0
2026-09-04 15:45:00,159.2,29,79,24.3,0,0,0
2026-09-04 15:50:00,158.0,32,80,28.4,0,0,0
2026-09-04 15:55:00,157.7,9,78,28.7,0,0,0
2026-09-04 16:00:00,156.8,14,80,23.4,0,0,0
2026-09-04 16:05:00,155.6,32,80,29.5,0,0,0
2026-09-04 16:10:00,154.2,30,81,26.2,0,0,0
2026-09-04 16:15:00,154.7,11,78,27.2,0,0,0
2026-09-04 16:20:00,155.6,22,77,28.5,0,0,0
2026-09-04 16:25:00,156.8,19,78,27.4,0,0,0
2026-09-04 16:30:00,154.1,45,82,26.2,0,0,0
2026-09-04 16:35:00,154.4,33,81,26.2,0,0,0
2026-09-04 16:40:00,154.0,37,81,27.5,0,0,0
2026-09-04 16:45:00,153.0,27,79,28.3,0,0,0
2026-09-04 16:50:00,150.5,21,80,27.9,0,0,0
2026-09-04 16:55:00,151.3,14,74,29.3,0,0,0
2026-09-04 17:00:00,149.4,14,80,26.7,0,0,0
2026-09-04 17:05:00,148.9,19,78,27.6,0,0,0
2026-09-04 17:10:00,152.8,39,77,26.5,0,0,0
2026-09-04 17:15:00,148.9,36,82,24.7,0,0,0
2026-09-04 17:20:00,146.3,20,80,28.0,0,0,0
2026-09-04 17:25:00,146.3,22,77,28.6,0,0,0
2026-09-04 17:30:00,145.6,22,78,29.2,0,0,0
2026-09-04 17:35:00,144.5,13,77,29.7,0,0,0
2026-09-04 17:40:00,146.2,10,80,28.5,0,0,0
2026-09-04 17:45:00,144.7,48,79,28.1,0,0,0
2026-09-04 17:50:00,144.2,23,79,26.9,0,0,0
2026-09-04 17:55:00,146.7,18,76,30.5,0,0,0
2026-09-04 18:00:00,145.0,19,83,26.3,0,16,35
2026-09-04 18:05:00,142.9,30,82,24.6,0,0,0
2026-09-04 18:10:00,141.8,16,80,29.9,0,0,0
2026-09-04 18:15:00,144.6,485,108,25.2,0,0,0
2026-09-04 18:20:00,142.6,506,109,31.0,0,0,0
2026-09-04 18:25:00,142.8,31,82,26.7,0,0,0
2026-09-04 18:30:00,141.5,25,80,31.6,0,0,0
2026-09-04 18:35:00,141.8,11,81,28.1,0,0,0
2026-09-04 18:40:00,142.3,36,77,31.4,0,0,0
2026-09-04 18:45:00,142.4,484,109,28.7,0,0,0
2026-09-04 18:50:00,139.9,498,108,28.6,0,0,0
2026-09-04 18:55:00,139.5,481,105,26.9,0,0,0
2026-09-04 19:00:00,140.3,485,107,27.9,0,0,0
2026-09-04 19:05:00,140.0,37,80,26.5,0,0,0
2026-09-04 19:10:00,140.8,32,79,25.7,0,0,0
2026-09-04 19:15:00,141.2,59,84,27.4,0,0,0
2026-09-04 19:20:00,137.5,34,81,25.5,0,0,0
2026-09-04 19:25:00,138.4,20,77,27.1,0,0,0
2026-09-04 19:30:00,138.8,7,77,26.7,0,0,0
2026-09-04 19:35:00,136.3,26,80,27.1,0,0,0
2026-09-04 19:40:00,134.2,52,78,27.4,0,0,0
2026-09-04 19:45:00,132.6,16,79,27.7,0,0,0
2026-09-04 19:50:00,136.2,24,78,24.0,0,0,0
2026-09-04 19:55:00,136.1,43,80,25.7,0,0,0
2026-09-04 20:00:00,137.0,14,78,28.0,0,0,0
2026-09-04 20:05:00,136.8,25,75,29.4,0,0,0
2026-09-04 20:10:00,137.2,23,81,29.9,0,0,0
2026-09-04 20:15:00,138.6,22,79,27.6,0,0,0
2026-09-04 20:20:00,140.6,42,79,25.8,0,0,0
2026-09-04 20:25:00,138.6,33,79,28.4,0,0,0
2026-09-04 20:30:00,138.9,33,81,27.9,0,0,0
2026-09-04 20:35:00,137.3,23,77,24.7,0,0,0
2026-09-04 20:40:00,137.0,16,76,25.1,0,0,0
2026-09-04 20:45:00,140.4,44,78,26.3,0,0,0
2026-09-04 20:50:00,140.7,54,80,26.7,0,0,0
2026-09-04 20:55:00,138.9,22,82,27.4,0,0,0
2026-09-04 21:00:00,139.0,20,83,28.1,0,62,55
2026-09-04 21:05:00,150.4,37,85,26.9,0,0,0
2026-09-04 21:10:00,153.6,36,88,28.0,0,0,0
2026-09-04 21:15:00,158.6,34,83,27.7,0,0,0
2026-09-04 21:20:00,163.0,20,83,24.5,0,0,0
2026-09-04 21:25:00,162.0,16,85,30.4,0,0,0
2026-09-04 21:30:00,165.5,23,80,29.1,0,0,0
2026-09-04 21:35:00,169.8,32,78,27.4,0,0,0
2026-09-04 21:40:00,168.9,22,78,27.5,0,0,0
2026-09-04 21:45:00,163.9,32,77,29.5,0,0,0
2026-09-04 21:50:00,164.4,17,82,29.1,0,0,0
2026-09-04 21:55:00,165.2,38,79,24.3,0,0,0
2026-09-04 22:00:00,164.9,11,80,29.2,0,0,0
2026-09-04 22:05:00,163.9,14,79,30.2,0,0,0
2026-09-04 22:10:00,164.2,15,80,28.9,0,0,0
2026-09-04 22:15:00,163.7,18,78,29.4,0,0,0
2026-09-04 22:20:00,161.7,22,83,24.8,0,0,0
2026-09-04 22:25:00,163.1,24,79,25.3,0,0,0
2026-09-04 22:30:00,159.0,67,80,27.6,0,0,0
2026-09-04 22:35:00,158.8,16,79,28.5,0,0,0
2026-09-04 22:40:00,159.2,13,78,26.0,0,0,0
2026-09-04 22:45:00,156.2,34,81,25.0,0,0,0
2026-09-04 22:50:00,154.1,10,76,29.0,0,0,0
2026-09-04 22:55:00,150.4,28,82,28.9,0,0,0
2026-09-04 23:00:00,146.8,17,79,27.1,0,0,0
2026-09-04 23:05:00,147.6,23,83,26.7,0,0,0
2026-09-04 23:10:00,146.8,9,80,22.9,0,0,0
2026-09-04 23:15:00,143.5,31,80,27.8,0,0,0
2026-09-04 23:20:00,142.1,24,79,33.0,0,0,0
2026-09-04 23:25:00,142.8,27,82,28.3,0,0,0
2026-09-04 23:30:00,141.2,28,77,33.1,0,0,0
2026-09-04 23:35:00,142.6,12,80,28.0,0,0,0
2026-09-04 23:40:00,143.3,22,83,27.2,0,0,0
2026-09-04 23:45:00,141.6,16,80,27.3,0,0,0
2026-09-04 23:50:00,140.9,16,77,24.6,0,0,0
2026-09-04 23:55:00,143.6,24,80,26.5,0,0,0
2026-09-05 00:00:00,149.2,23,76,24.9,0,0,0
2026-09-05 00:05:00,147.3,15,80,24.9,0,0,0
2026-09-05 00:10:00,145.6,20,78,30.2,0,0,0
2026-09-05 00:15:00,147.4,17,80,28.1,0,0,0
2026-09-05 00:20:00,148.3,23,78,28.3,0,0,0
2026-09-05 00:25:00,149.0,15,80,31.1,0,0,0
2026-09-05 00:30:00,144.4,17,81,26.4,0,0,0
2026-09-05 00:35:00,143.6,0,66,44.7,1,0,0
2026-09-05 00:40:00,145.1,1,70,44.4,1,0,0
2026-09-05 00:45:00,144.7,0,71,43.8,1,0,0
2026-09-05 00:50:00,142.2,0,71,45.1,1,0,0
2026-09-05 00:55:00,141.0,1,71,42.0,1,0,0
2026-09-05 01:00:00,141.1,0,75,47.1,1,0,0
2026-09-05 01:05:00,143.3,0,66,42.1,1,0,0
2026-09-05 01:10:00,142.0,0,69,43.7,1,0,0
2026-09-05 01:15:00,140.1,1,72,45.4,1,0,0
2026-09-05 01:20:00,141.8,1,67,43.2,1,0,0
2026-09-05 01:25:00,139.4,1,67,44.3,1,0,0
2026-09-05 01:30:00,136.9,1,71,47.3,1,0,0
2026-09-05 01:35:00,134.5,0,71,43.7,1,0,0
2026-09-05 01:40:00,136.7,0,71,43.9,1,0,0
2026-09-05 01:45:00,139.0,0,68,41.7,1,0,0
2026-09-05 01:50:00,140.8,1,74,47.0,1,0,0
2026-09-05 01:55:00,140.2,1,70,41.6,1,0,0
2026-09-05 02:00:00,142.5,0,69,39.6,1,0,0
2026-09-05 02:05:00,142.4,0,72,44.8,1,0,0
2026-09-05 02:10:00,141.0,0,71,43.7,1,0,0
2026-09-05 02:15:00,138.6,0,71,44.6,1,0,0
2026-09-05 02:20:00,137.0,0,71,47.5,1,0,0
2026-09-05 02:25:00,135.2,0,70,42.8,1,0,0
2026-09-05 02:30:00,137.3,1,71,44.1,1,0,0
2026-09-05 02:35:00,137.4,0,71,42.8,1,0,0
2026-09-05 02:40:00,138.9,0,70,43.1,1,0,0
2026-09-05 02:45:00,136.4,0,67,42.9,1,0,0
2026-09-05 02:50:00,136.7,1,70,44.1,1,0,0
2026-09-05 02:55:00,136.4,1,71,48.2,1,0,0
2026-09-05 03:00:00,138.3,0,69,43.2,1,0,0
2026-09-05 03:05:00,137.6,1,70,43.7,1,0,0
2026-09-05 03:10:00,136.0,0,70,45.3,1,0,0
2026-09-05 03:15:00,135.0,1,72,46.0,1,0,0
2026-09-05 03:20:00,136.0,0,72,41.7,1,0,0
2026-09-05 03:25:00,132.7,2,73,46.6,1,0,0
2026-09-05 03:30:00,134.3,0,71,42.8,1,0,0
2026-09-05 03:35:00,138.7,0,70,43.5,1,0,0
2026-09-05 03:40:00,138.6,0,70,42.6,1,0,0
2026-09-05 03:45:00,138.5,0,69,43.5,1,0,0
2026-09-05 03:50:00,138.3,2,72,45.7,1,0,0
2026-09-05 03:55:00,140.0,0,67,45.1,1,0,0
2026-09-05 04:00:00,143.4,0,67,43.1,1,0,0
2026-09-05 04:05:00,143.6,0,72,42.9,1,0,0
2026-09-05 04:10:00,145.2,0,70,44.4,1,0,0
2026-09-05 04:15:00,148.5,0,70,44.1,1,0,0
2026-09-05 04:20:00,148.5,0,67,39.3,1,0,0
2026-09-05 04:25:00,152.1,0,69,40.9,1,0,0
2026-09-05 04:30:00,152.1,0,69,39.3,1,0,0
2026-09-05 04:35:00,148.1,1,70,42.4,1,0,0
2026-09-05 04:40:00,148.8,0,67,43.4,1,0,0
2026-09-05 04:45:00,149.2,1,69,43.7,1,0,0
2026-09-05 04:50:00,148.6,0,65,42.9,1,0,0
2026-09-05 04:55:00,146.7,0,71,43.4,1,0,0
2026-09-05 05:00:00,146.2,0,68,45.8,1,0,0
2026-09-05 05:05:00,145.2,1,74,43.3,1,0,0
2026-09-05 05:10:00,150.9,0,70,46.5,1,0,0
2026-09-05 05:15:00,149.8,0,69,43.2,1,0,0
2026-09-05 05:20:00,151.5,0,68,42.8,1,0,0
2026-09-05 05:25:00,148.8,1,67,44.1,1,0,0
2026-09-05 05:30:00,149.2,0,70,42.0,1,0,0
2026-09-05 05:35:00,154.1,0,72,43.0,1,0,0
2026-09-05 05:40:00,152.8,0,74,45.8,1,0,0
2026-09-05 05:45:00,152.7,1,74,44.0,1,0,0
2026-09-05 05:50:00,154.9,0,69,39.7,1,0,0
2026-09-05 05:55:00,155.3,1,72,45.0,1,0,0
2026-09-05 06:00:00,152.5,0,70,41.5,1,0,0
2026-09-05 06:05:00,154.7,0,71,41.8,1,0,0
2026-09-05 06:10:00,156.3,0,73,45.1,1,0,0
2026-09-05 06:15:00,157.4,0,65,44.6,1,0,0
2026-09-05 06:20:00,153.5,1,70,39.8,1,0,0
2026-09-05 06:25:00,152.4,0,70,42.4,1,0,0
2026-09-05 06:30:00,150.1,1,70,44.2,1,0,0
2026-09-05 06:35:00,148.4,0,68,43.2,1,0,0
2026-09-05 06:40:00,144.3,0,70,43.3,1,0,0
2026-09-05 06:45:00,146.2,0,68,42.0,1,0,0
2026-09-05 06:50:00,148.1,0,75,42.7,1,0,0
2026-09-05 06:55:00,149.0,1,71,41.4,1,0,0
2026-09-05 07:00:00,148.7,0,69,45.2,1,0,0
2026-09-05 07:05:00,146.7,0,74,44.8,1,0,0
2026-09-05 07:10:00,146.3,17,78,26.6,0,0,0
2026-09-05 07:15:00,147.5,14,76,25.4,0,0,0
2026-09-05 07:20:00,148.2,53,79,27.4,0,0,0
2026-09-05 07:25:00,149.6,37,80,26.3,0,0,0
2026-09-05 07:30:00,150.0,16,79,25.7,0,0,0
2026-09-05 07:35:00,149.7,22,75,26.7,0,0,0
2026-09-05 07:40:00,150.2,24,78,27.9,0,0,0
2026-09-05 07:45:00,151.4,15,81,27.7,0,0,0
2026-09-05 07:50:00,149.6,23,79,28.8,0,0,0
2026-09-05 07:55:00,152.7,14,76,27.1,0,0,0
2026-09-05 08:00:00,152.2,10,79,24.3,0,0,0
2026-09-05 08:05:00,154.4,21,75,27.3,0,0,0
2026-09-05 08:10:00,150.9,24,77,26.4,0,0,0
2026-09-05 08:15:00,150.3,22,80,25.5,0,0,0
2026-09-05 08:20:00,148.3,23,80,25.2,0,0,0
2026-09-05 08:25:00,149.5,18,79,24.0,0,26,55
2026-09-05 08:30:00,152.6,23,83,27.5,0,0,0
2026-09-05 08:35:00,151.6,28,82,28.1,0,0,0
2026-09-05 08:40:00,153.2,49,81,27.4,0,0,0
2026-09-05 08:45:00,155.1,28,81,28.4,0,0,0
2026-09-05 08:50:00,157.0,26,82,27.5,0,0,0
2026-09-05 08:55:00,155.9,23,77,28.1,0,0,0
2026-09-05 09:00:00,152.6,16,80,23.5,0,0,0
2026-09-05 09:05:00,153.7,38,83,28.1,0,0,0
2026-09-05 09:10:00,158.5,63,80,26.0,0,0,0
2026-09-05 09:15:00,157.0,32,81,28.0,0,0,0
2026-09-05 09:20:00,159.8,46,84,26.5,0,0,0
2026-09-05 09:25:00,157.1,21,80,27.2,0,0,0
2026-09-05 09:30:00,152.6,17,81,29.4,0,0,0
2026-09-05 09:35:00,151.6,22,81,25.5,0,0,0
2026-09-05 09:40:00,155.5,21,78,26.5,0,0,0
2026-09-05 09:45:00,156.5,21,79,25.8,0,0,0
2026-09-05 09:50:00,156.7,17,75,26.7,0,0,0
2026-09-05 09:55:00,156.8,20,78,24.3,0,0,0
2026-09-05 10:00:00,156.8,42,82,27.2,0,0,0
2026-09-05 10:05:00,156.4,36,80,22.1,0,0,0
2026-09-05 10:10:00,155.3,39,82,22.9,0,0,0
2026-09-05 10:15:00,155.0,31,82,26.8,0,0,0
2026-09-05 10:20:00,158.2,11,83,23.6,0,0,0
2026-09-05 10:25:00,155.9,30,82,27.1,0,0,0
2026-09-05 10:30:00,153.3,11,74,27.8,0,0,0
2026-09-05 10:35:00,153.3,28,81,25.5,0,0,0
2026-09-05 10:40:00,154.5,10,79,24.0,0,0,0
2026-09-05 10:45:00,153.5,17,80,24.7,0,0,0
2026-09-05 10:50:00,154.1,9,80,30.1,0,0,0
2026-09-05 10:55:00,155.5,53,80,26.8,0,0,0
2026-09-05 11:00:00,154.5,22,80,29.6,0,0,0
2026-09-05 11:05:00,154.4,7,75,26.2,0,0,0
2026-09-05 11:10:00,151.3,13,81,27.3,0,0,0
2026-09-05 11:15:00,148.1,25,77,25.8,0,0,0
2026-09-05 11:20:00,147.2,42,80,26.7,0,0,0
2026-09-05 11:25:00,148.5,12,78,27.4,0,0,0
2026-09-05 11:30:00,149.4,13,81,29.1,0,0,0
2026-09-05 11:35:00,148.9,22,79,28.4,0,0,0
2026-09-05 11:40:00,147.9,37,76,25.4,0,0,0
2026-09-05 11:45:00,146.9,22,77,25.8,0,0,0
2026-09-05 11:50:00,147.9,30,81,28.1,0,0,0
2026-09-05 11:55:00,150.8,17,80,25.0,0,0,0
2026-09-05 12:00:00,151.6,19,78,27.6,0,0,0
2026-09-05 12:05:00,150.3,10,76,27.9,0,0,0
2026-09-05 12:10:00,149.3,43,81,24.0,0,0,0
2026-09-05 12:15:00,149.7,41,81,26.0,0,0,0
2026-09-05 12:20:00,148.7,20,78,26.9,0,0,0
2026-09-05 12:25:00,146.5,9,79,22.4,0,0,0
2026-09-05 12:30:00,143.9,57,79,31.5,0,0,0
2026-09-05 12:35:00,145.1,37,81,25.4,0,0,0
2026-09-05 12:40:00,144.5,37,83,27.2,0,0,0
2026-09-05 12:45:00,146.5,19,81,25.4,0,0,0
2026-09-05 12:50:00,144.1,11,75,27.6,0,0,0
2026-09-05 12:55:00,142.3,23,82,23.3,0,0,0
2026-09-05 13:00:00,140.6,43,81,26.5,0,0,0
2026-09-05 13:05:00,138.8,33,81,25.8,0,0,0
2026-09-05 13:10:00,137.4,15,80,29.8,0,58,55
2026-09-05 13:15:00,145.7,27,85,29.3,0,0,0
2026-09-05 13:20:00,150.8,34,81,27.6,0,0,0
2026-09-05 13:25:00,154.6,19,80,29.5,0,0,0
2026-09-05 13:30:00,163.1,31,82,27.1,0,0,0
2026-09-05 13:35:00,169.2,15,83,27.5,0,0,0
2026-09-05 13:40:00,173.6,14,77,27.0,0,0,0
2026-09-05 13:45:00,173.2,13,77,29.1,0,0,0
2026-09-05 13:50:00,176.3,21,82,28.5,0,0,0
2026-09-05 13:55:00,174.7,17,80,25.1,0,0,0
2026-09-05 14:00:00,174.2,22,79,28.2,0,0,0
2026-09-05 14:05:00,173.4,39,81,28.0,0,0,0
2026-09-05 14:10:00,171.8,17,74,23.8,0,0,0
2026-09-05 14:15:00,170.1,20,80,27.3,0,0,0
2026-09-05 14:20:00,168.3,19,83,29.4,0,0,0
2026-09-05 14:25:00,169.0,28,77,24.9,0,0,0
2026-09-05 14:30:00,171.4,30,81,28.1,0,0,0
2026-09-05 14:35:00,168.6,29,81,22.6,0,0,0
2026-09-05 14:40:00,167.4,21,80,23.9,0,0,0
2026-09-05 14:45:00,167.6,14,75,29.3,0,0,0
2026-09-05 14:50:00,167.4,18,77,24.5,0,0,0
2026-09-05 14:55:00,166.6,20,77,26.0,0,0,0
2026-09-05 15:00:00,165.9,49,79,28.5,0,0,0
2026-09-05 15:05:00,165.0,11,79,27.9,0,0,0
2026-09-05 15:10:00,165.3,26,78,27.1,0,0,0
2026-09-05 15:15:00,160.5,29,81,25.5,0,0,0
2026-09-05 15:20:00,162.3,21,79,28.1,0,0,0
2026-09-05 15:25:00,163.5,30,80,25.4,0,0,0
2026-09-05 15:30:00,161.5,13,78,23.7,0,0,0
2026-09-05 15:35:00,157.6,31,81,26.3,0,0,0
2026-09-05 15:40:00,155.2,41,82,30.5,0,0,0
2026-09-05 15:45:00,155.2,25,76,26.0,0,0,0
2026-09-05 15:50:00,151.9,22,79,26.6,0,0,0
2026-09-05 15:55:00,148.3,23,81,23.5,0,0,0
2026-09-05 16:00:00,150.4,18,80,27.4,0,0,0
2026-09-05 16:05:00,150.2,20,82,28.0,0,0,0
2026-09-05 16:10:00,151.7,19,78,25.0,0,0,0
2026-09-05 16:15:00,151.5,13,79,27.3,0,0,0
2026-09-05 16:20:00,152.2,20,79,30.1,0,0,0
2026-09-05 16:25:00,150.2,12,80,24.8,0,0,0
2026-09-05 16:30:00,149.6,23,77,24.2,0,0,0
2026-09-05 16:35:00,147.0,23,83,26.0,0,0,0
2026-09-05 16:40:00,146.3,29,78,26.0,0,0,0
2026-09-05 16:45:00,148.1,39,80,30.6,0,0,0
2026-09-05 16:50:00,146.0,29,80,25.9,0,0,0
2026-09-05 16:55:00,141.8,47,80,27.6,0,0,0
2026-09-05 17:00:00,139.0,22,80,25.6,0,0,0
2026-09-05 17:05:00,138.7,27,81,26.1,0,0,0
2026-09-05 17:10:00,140.7,14,81,27.1,0,0,0
2026-09-05 17:15:00,140.8,540,112,24.5,0,0,0
2026-09-05 17:20:00,139.8,536,111,26.3,0,0,0
2026-09-05 17:25:00,141.2,14,79,24.8,0,0,0
2026-09-05 17:30:00,141.9,14,80,24.3,0,21,50
2026-09-05 17:35:00,141.9,24,83,28.2,0,0,0
2026-09-05 17:40:00,142.5,23,81,29.2,0,0,0
2026-09-05 17:45:00,142.7,32,83,28.1,0,0,0
2026-09-05 17:50:00,144.7,11,82,26.2,0,0,0
2026-09-05 17:55:00,148.4,16,84,27.1,0,0,0
2026-09-05 18:00:00,151.1,16,76,28.6,0,0,0
2026-09-05 18:05:00,151.9,17,74,25.2,0,0,0
2026-09-05 18:10:00,152.8,11,77,26.4,0,0,0
2026-09-05 18:15:00,156.1,31,80,27.2,0,0,0
2026-09-05 18:20:00,158.4,35,83,26.1,0,0,0
2026-09-05 18:25:00,161.8,25,75,27.9,0,0,0
2026-09-05 18:30:00,156.9,45,80,27.5,0,0,0
2026-09-05 18:35:00,153.5,24,77,25.4,0,0,0
2026-09-05 18:40:00,150.3,4,81,25.5,0,0,0
2026-09-05 18:45:00,147.6,334,98,28.4,0,0,0
2026-09-05 18:50:00,148.0,325,96,23.1,0,0,0
2026-09-05 18:55:00,147.2,20,78,25.8,0,0,0
2026-09-05 19:00:00,146.9,25,79,26.3,0,0,0
2026-09-05 19:05:00,142.6,24,81,29.9,0,0,0
2026-09-05 19:10:00,140.0,405,106,26.9,0,0,0
2026-09-05 19:15:00,134.9,399,102,28.2,0,0,0
2026-09-05 19:20:00,133.4,400,102,28.6,0,0,0
2026-09-05 19:25:00,133.7,11,78,25.0,0,0,0
2026-09-05 19:30:00,128.9,22,79,26.3,0,0,0
2026-09-05 19:35:00,131.2,38,76,28.6,0,0,0
2026-09-05 19:40:00,131.6,13,76,25.0,0,0,0
2026-09-05 19:45:00,131.1,17,83,30.6,0,0,0
2026-09-05 19:50:00,130.7,35,82,24.4,0,0,0
2026-09-05 19:55:00,130.6,26,82,27.4,0,0,0
2026-09-05 20:00:00,132.7,21,81,23.2,0,0,0
2026-09-05 20:05:00,135.7,13,81,26.6,0,0,0
2026-09-05 20:10:00,139.6,13,75,28.2,0,0,0
2026-09-05 20:15:00,143.1,9,76,25.9,0,0,0
2026-09-05 20:20:00,141.1,15,78,27.5,0,0,0
2026-09-05 20:25:00,140.4,49,85,29.2,0,68,55
2026-09-05 20:30:00,150.1,22,81,24.2,0,0,0
2026-09-05 20:35:00,159.2,19,84,30.2,0,0,0
2026-09-05 20:40:00,159.8,11,80,28.8,0,0,0
2026-09-05 20:45:00,164.0,45,84,23.8,0,0,0
2026-09-05 20:50:00,167.0,35,83,26.9,0,0,0
2026-09-05 20:55:00,171.4,20,82,28.1,0,0,0
2026-09-05 21:00:00,171.0,12,77,27.7,0,0,0
2026-09-05 21:05:00,171.5,18,79,26.1,0,0,0
2026-09-05 21:10:00,173.9,23,80,30.2,0,0,0
2026-09-05 21:15:00,173.7,29,80,28.0,0,0,0
2026-09-05 21:20:00,178.0,12,80,30.5,0,0,0
2026-09-05 21:25:00,176.3,20,79,32.0,0,0,0
2026-09-05 21:30:00,172.6,26,75,27.9,0,0,0
2026-09-05 21:35:00,172.6,23,79,28.3,0,0,0
2026-09-05 21:40:00,175.0,18,77,27.0,0,0,0
2026-09-05 21:45:00,173.2,5,80,21.9,0,0,0
2026-09-05 21:50:00,172.9,17,77,25.9,0,0,0
2026-09-05 21:55:00,174.3,14,76,26.5,0,0,0
2026-09-05 22:00:00,171.1,16,79,23.3,0,0,0
2026-09-05 22:05:00,170.3,17,77,29.1,0,0,0
2026-09-05 22:10:00,164.3,32,83,27.0,0,0,0
2026-09-05 22:15:00,162.2,19,81,27.0,0,0,0
2026-09-05 22:20:00,160.7,66,84,27.9,0,0,0
2026-09-05 22:25:00,157.0,66,84,27.8,0,0,0
2026-09-05 22:30:00,154.4,25,78,27.3,0,0,0
2026-09-05 22:35:00,152.2,22,79,29.0,0,0,0
2026-09-05 22:40:00,154.8,14,76,28.2,0,0,0
2026-09-05 22:45:00,150.4,9,82,27.7,0,0,0
2026-09-05 22:50:00,152.1,17,80,27.1,0,0,0
2026-09-05 22:55:00,149.4,27,83,24.6,0,0,0
2026-09-05 23:00:00,147.7,11,81,22.3,0,0,0
2026-09-05 23:05:00,145.6,22,79,26.1,0,0,0
2026-09-05 23:10:00,142.2,41,79,26.5,0,0,0
2026-09-05 23:15:00,142.1,16,72,24.3,0,0,0
2026-09-05 23:20:00,144.3,28,82,25.6,0,0,0
2026-09-05 23:25:00,147.1,25,78,24.5,0,0,0
2026-09-05 23:30:00,148.6,63,83,24.7,0,0,0
2026-09-05 23:35:00,144.9,12,77,27.7,0,0,0
2026-09-05 23:40:00,143.9,39,79,29.0,0,0,0
2026-09-05 23:45:00,141.4,0,71,47.9,1,0,0
2026-09-05 23:50:00,139.2,0,71,41.7,1,0,0
2026-09-05 23:55:00,138.5,1,70,45.0,1,0,0
2026-09-06 00:00:00,132.2,1,69,43.6,1,0,0
2026-09-06 00:05:00,133.4,0,68,43.9,1,0,0
2026-09-06 00:10:00,135.9,0,69,44.6,1,0,0
2026-09-06 00:15:00,135.4,0,73,45.2,1,0,0
2026-09-06 00:20:00,133.7,2,69,43.7,1,0,0
2026-09-06 00:25:00,135.5,1,69,46.1,1,0,0
2026-09-06 00:30:00,135.0,0,69,47.6,1,0,0
2026-09-06 00:35:00,134.6,1,72,45.6,1,0,0
2026-09-06 00:40:00,138.5,0,71,44.1,1,0,0
2026-09-06 00:45:00,138.7,0,72,40.9,1,0,0
2026-09-06 00:50:00,140.0,0,68,45.0,1,0,0
2026-09-06 00:55:00,140.6,0,69,46.9,1,0,0
2026-09-06 01:00:00,142.3,2,73,44.3,1,0,0
2026-09-06 01:05:00,138.2,1,69,43.4,1,0,0
2026-09-06 01:10:00,142.1,0,73,45.3,1,0,0
2026-09-06 01:15:00,142.7,1,69,44.9,1,0,0
2026-09-06 01:20:00,142.5,1,71,45.2,1,0,0
2026-09-06 01:25:00,143.5,1,67,46.5,1,0,0
2026-09-06 01:30:00,144.3,0,70,47.8,1,0,0
2026-09-06 01:35:00,143.5,0,67,43.9,1,0,0
2026-09-06 01:40:00,142.5,0,73,43.0,1,0,0
2026-09-06 01:45:00,140.9,1,69,43.0,1,0,0
2026-09-06 01:50:00,139.1,0,71,42.6,1,0,0
2026-09-06 01:55:00,135.3,2,71,42.6,1,0,0
2026-09-06 02:00:00,136.5,1,70,45.6,1,0,0
2026-09-06 02:05:00,134.1,0,70,46.5,1,0,0
2026-09-06 02:10:00,135.0,1,69,46.9,1,0,0
2026-09-06 02:15:00,137.5,0,72,42.4,1,0,0
2026-09-06 02:20:00,136.1,0,68,45.0,1,0,0
2026-09-06 02:25:00,138.3,0,71,44.3,1,0,0
2026-09-06 02:30:00,136.4,0,69,46.1,1,0,0
2026-09-06 02:35:00,141.1,0,69,45.9,1,0,0
2026-09-06 02:40:00,145.8,0,71,45.7,1,0,0
2026-09-06 02:45:00,144.6,0,74,46.2,1,0,0
2026-09-06 02:50:00,145.7,0,73,46.2,1,0,0
2026-09-06 02:55:00,145.3,0,67,45.8,1,0,0
2026-09-06 03:00:00,144.2,0,70,45.6,1,0,0
2026-09-06 03:05:00,145.0,0,67,46.3,1,0,0
2026-09-06 03:10:00,145.4,0,71,42.6,1,0,0
2026-09-06 03:15:00,144.1,2,71,38.4,1,0,0
2026-09-06 03:20:00,146.7,0,73,44.0,1,0,0
2026-09-06 03:25:00,146.1,0,69,45.7,1,0,0
2026-09-06 03:30:00,147.4,0,68,46.3,1,0,0
2026-09-06 03:35:00,147.8,0,69,46.4,1,0,0
2026-09-06 03:40:00,151.3,0,71,43.4,1,0,0
2026-09-06 03:45:00,150.3,0,71,39.6,1,0,0
2026-09-06 03:50:00,152.9,0,68,48.4,1,0,0
2026-09-06 03:55:00,150.5,0,68,48.5,1,0,0
2026-09-06 04:00:00,149.0,0,71,46.0,1,0,0
2026-09-06 04:05:00,152.1,0,69,45.1,1,0,0
2026-09-06 04:10:00,148.9,0,67,43.3,1,0,0
2026-09-06 04:15:00,151.0,0,72,46.1,1,0,0
2026-09-06 04:20:00,150.4,0,67,44.7,1,0,0
2026-09-06 04:25:00,154.2,0,68,45.7,1,0,0
2026-09-06 04:30:00,153.9,1,69,43.7,1,0,0
2026-09-06 04:35:00,153.2,0,68,44.6,1,0,0
2026-09-06 04:40:00,153.9,2,66,43.8,1,0,0
2026-09-06 04:45:00,154.9,0,73,44.3,1,0,0
2026-09-06 04:50:00,154.9,0,71,47.8,1,0,0
2026-09-06 04:55:00,154.0,1,72,47.0,1,0,0
2026-09-06 05:00:00,152.4,0,69,44.7,1,0,0
2026-09-06 05:05:00,154.0,0,70,45.9,1,0,0
2026-09-06 05:10:00,156.6,0,69,44.4,1,0,0
2026-09-06 05:15:00,156.6,0,66,47.7,1,0,0
2026-09-06 05:20:00,157.2,0,69,44.4,1,0,0
2026-09-06 05:25:00,158.9,1,71,46.7,1,0,0
2026-09-06 05:30:00,158.7,0,67,46.1,1,0,0
2026-09-06 05:35:00,157.1,0,69,44.6,1,0,0
2026-09-06 05:40:00,154.9,0,71,45.4,1,0,0
2026-09-06 05:45:00,154.3,0,68,46.4,1,0,0
2026-09-06 05:50:00,153.5,0,68,48.2,1,0,0
2026-09-06 05:55:00,154.1,0,69,41.6,1,0,0
2026-09-06 06:00:00,153.3,0,71,47.0,1,0,0
2026-09-06 06:05:00,151.2,1,68,41.8,1,0,0
2026-09-06 06:10:00,150.9,1,67,46.4,1,0,0
2026-09-06 06:15:00,148.8,0,65,43.8,1,0,0
2026-09-06 06:20:00,146.6,0,72,46.0,1,0,0
2026-09-06 06:25:00,147.6,0,74,43.4,1,0,0
2026-09-06 06:30:00,146.7,31,81,30.1,0,0,0
2026-09-06 06:35:00,144.7,22,79,29.3,0,0,0
2026-09-06 06:40:00,143.7,25,81,24.9,0,0,0
2026-09-06 06:45:00,145.6,9,80,30.1,0,0,0
2026-09-06 06:50:00,144.6,26,80,25.4,0,0,0
2026-09-06 06:55:00,143.0,16,79,29.7,0,0,0
2026-09-06 07:00:00,141.3,27,78,22.3,0,0,0
2026-09-06 07:05:00,143.7,30,82,28.2,0,0,0
2026-09-06 07:10:00,146.1,21,78,24.0,0,0,0
2026-09-06 07:15:00,147.4,8,80,28.0,0,0,0
2026-09-06 07:20:00,148.9,49,79,28.1,0,0,0
2026-09-06 07:25:00,147.6,14,77,28.2,0,0,0
2026-09-06 07:30:00,146.4,18,79,27.1,0,0,0
2026-09-06 07:35:00,146.4,9,78,27.3,0,0,0
2026-09-06 07:40:00,143.7,36,80,31.4,0,0,0
2026-09-06 07:45:00,142.0,13,78,30.9,0,0,0
2026-09-06 07:50:00,139.7,12,80,24.7,0,41,70
2026-09-06 07:55:00,147.1,10,83,28.1,0,0,0
2026-09-06 08:00:00,151.4,24,86,26.8,0,0,0
2026-09-06 08:05:00,156.6,17,83,23.4,0,0,0
2026-09-06 08:10:00,160.3,29,85,31.8,0,0,0
2026-09-06 08:15:00,167.2,22,82,26.9,0,0,0
2026-09-06 08:20:00,167.4,12,75,24.3,0,0,0
2026-09-06 08:25:00,167.0,14,77,25.1,0,0,0
2026-09-06 08:30:00,170.8,57,81,28.4,0,0,0
2026-09-06 08:35:00,172.1,23,79,27.5,0,0,0
2026-09-06 08:40:00,169.0,24,76,28.1,0,0,0
2026-09-06 08:45:00,166.2,12,80,29.7,0,0,0
2026-09-06 08:50:00,163.9,15,81,29.8,0,0,0
2026-09-06 08:55:00,160.4,27,85,26.0,0,0,0
2026-09-06 09:00:00,159.7,11,79,28.5,0,0,0
2026-09-06 09:05:00,155.6,25,82,28.4,0,0,0
2026-09-06 09:10:00,153.1,14,77,23.7,0,0,0
2026-09-06 09:15:00,147.8,32,82,26.1,0,0,0
2026-09-06 09:20:00,143.7,19,81,25.2,0,0,0
2026-09-06 09:25:00,146.5,29,79,25.9,0,0,0
2026-09-06 09:30:00,147.2,13,75,27.6,0,0,0
2026-09-06 09:35:00,145.9,42,78,26.6,0,0,0
2026-09-06 09:40:00,149.3,31,81,30.1,0,0,0
2026-09-06 09:45:00,149.8,26,80,26.4,0,0,0
2026-09-06 09:50:00,149.6,35,80,27.7,0,0,0
2026-09-06 09:55:00,148.3,37,81,27.1,0,0,0
2026-09-06 10:00:00,147.0,13,82,26.4,0,0,0
2026-09-06 10:05:00,144.5,31,85,30.0,0,0,0
2026-09-06 10:10:00,143.9,13,77,29.9,0,0,0
2026-09-06 10:15:00,143.7,17,81,26.8,0,0,0
2026-09-06 10:20:00,146.8,436,106,27.3,0,0,0
2026-09-06 10:25:00,146.9,422,103,24.2,0,0,0
2026-09-06 10:30:00,149.1,15,77,31.6,0,0,0
2026-09-06 10:35:00,145.1,18,79,29.2,0,0,0
2026-09-06 10:40:00,143.9,14,79,26.2,0,0,0
2026-09-06 10:45:00,145.6,35,82,27.9,0,0,0
2026-09-06 10:50:00,143.8,32,81,29.8,0,0,0
2026-09-06 10:55:00,142.4,43,83,27.9,0,0,0
2026-09-06 11:00:00,145.2,14,77,25.8,0,0,0
2026-09-06 11:05:00,145.9,25,80,23.5,0,0,0
2026-09-06 11:10:00,143.6,42,79,28.9,0,0,0
2026-09-06 11:15:00,143.1,8,74,27.6,0,0,0
2026-09-06 11:20:00,141.8,25,84,26.3,0,0,0
2026-09-06 11:25:00,139.1,15,81,25.9,0,0,0
2026-09-06 11:30:00,136.6,31,81,27.6,0,0,0
2026-09-06 11:35:00,138.1,18,78,29.7,0,0,0
2026-09-06 11:40:00,138.0,17,78,27.0,0,0,0
2026-09-06 11:45:00,138.9,12,77,28.4,0,0,0
2026-09-06 11:50:00,140.1,12,80,29.3,0,0,0
2026-09-06 11:55:00,138.6,16,77,26.7,0,0,0
2026-09-06 12:00:00,145.3,8,76,28.8,0,0,0
2026-09-06 12:05:00,142.7,13,79,30.9,0,0,0
2026-09-06 12:10:00,142.9,9,79,28.4,0,0,0
2026-09-06 12:15:00,141.8,18,81,24.1,0,0,0
2026-09-06 12:20:00,143.1,28,79,27.7,0,0,0
2026-09-06 12:25:00,144.2,11,78,28.6,0,0,0
2026-09-06 12:30:00,143.5,22,79,31.4,0,0,0
2026-09-06 12:35:00,146.5,19,81,23.9,0,0,0
2026-09-06 12:40:00,143.8,19,79,27.2,0,0,0
2026-09-06 12:45:00,140.3,26,78,31.4,0,0,0
2026-09-06 12:50:00,141.9,11,80,27.7,0,0,0
2026-09-06 12:55:00,139.4,27,78,28.6,0,0,0
2026-09-06 13:00:00,142.0,374,103,29.7,0,0,0
2026-09-06 13:05:00,140.1,389,99,23.4,0,0,0
2026-09-06 13:10:00,140.3,378,100,28.1,0,0,0
2026-09-06 13:15:00,142.1,385,100,26.7,0,0,0
2026-09-06 13:20:00,143.9,19,78,27.5,0,0,0
2026-09-06 13:25:00,143.1,27,78,30.3,0,0,0
2026-09-06 13:30:00,136.7,21,77,26.4,0,0,0
2026-09-06 13:35:00,137.3,12,79,26.6,0,0,0
2026-09-06 13:40:00,136.6,14,76,29.6,0,0,0
2026-09-06 13:45:00,132.7,35,76,28.5,0,0,0
2026-09-06 13:50:00,133.6,25,76,26.1,0,0,0
2026-09-06 13:55:00,133.8,16,79,26.4,0,0,0
2026-09-06 14:00:00,135.0,17,84,31.2,0,0,0
2026-09-06 14:05:00,135.8,14,82,27.0,0,75,75
2026-09-06 14:10:00,145.9,13,82,23.3,0,0,0
2026-09-06 14:15:00,155.5,27,82,27.1,0,0,0
2026-09-06 14:20:00,166.0,481,112,29.3,0,0,0
2026-09-06 14:25:00,169.7,478,111,29.0,0,0,0
2026-09-06 14:30:00,174.6,17,81,26.0,0,0,0
2026-09-06 14:35:00,177.8,17,80,31.2,0,0,0
2026-09-06 14:40:00,181.0,24,75,28.3,0,0,0
2026-09-06 14:45:00,183.3,23,80,28.8,0,0,0
2026-09-06 14:50:00,183.9,32,82,28.9,0,0,0
2026-09-06 14:55:00,180.7,35,75,27.8,0,0,0
2026-09-06 15:00:00,179.6,31,80,26.5,0,0,0
2026-09-06 15:05:00,179.9,20,79,28.2,0,0,0
2026-09-06 15:10:00,179.9,10,78,29.5,0,0,0
2026-09-06 15:15:00,177.7,39,82,27.7,0,0,0
2026-09-06 15:20:00,175.0,22,80,30.0,0,0,0
2026-09-06 15:25:00,174.7,5,79,30.8,0,0,0
2026-09-06 15:30:00,170.8,31,80,28.6,0,0,0
2026-09-06 15:35:00,168.6,23,78,30.0,0,0,0
2026-09-06 15:40:00,167.2,29,84,27.2,0,0,0
2026-09-06 15:45:00,164.6,21,82,27.5,0,0,0
2026-09-06 15:50:00,160.7,23,80,27.0,0,0,0
2026-09-06 15:55:00,160.0,44,80,27.9,0,0,0
2026-09-06 16:00:00,159.3,23,80,28.5,0,0,0
2026-09-06 16:05:00,156.7,27,83,28.4,0,0,0
2026-09-06 16:10:00,154.6,18,79,30.3,0,0,0
2026-09-06 16:15:00,154.5,19,80,24.4,0,0,0
2026-09-06 16:20:00,153.8,22,78,28.9,0,0,0
2026-09-06 16:25:00,149.9,30,79,27.7,0,0,0
2026-09-06 16:30:00,149.8,10,77,26.1,0,0,0
2026-09-06 16:35:00,148.8,48,80,27.0,0,0,0
2026-09-06 16:40:00,147.0,17,80,30.8,0,0,0
2026-09-06 16:45:00,150.0,38,85,25.5,0,0,0
2026-09-06 16:50:00,145.5,23,76,23.9,0,0,0
2026-09-06 16:55:00,147.5,33,80,29.2,0,0,0
2026-09-06 17:00:00,147.9,37,82,29.0,0,0,0
2026-09-06 17:05:00,148.6,15,77,28.4,0,0,0
2026-09-06 17:10:00,145.0,27,78,28.7,0,0,0
2026-09-06 17:15:00,143.2,13,80,22.1,0,0,0
2026-09-06 17:20:00,142.4,27,79,24.4,0,0,0
2026-09-06 17:25:00,146.6,18,80,31.0,0,21,50
2026-09-06 17:30:00,146.7,24,82,29.6,0,0,0
2026-09-06 17:35:00,148.3,13,82,27.2,0,0,0
2026-09-06 17:40:00,147.9,13,86,26.6,0,0,0
2026-09-06 17:45:00,144.4,15,86,26.3,0,0,0
2026-09-06 17:50:00,146.9,32,80,28.6,0,0,0
2026-09-06 17:55:00,146.5,14,79,31.4,0,0,0
2026-09-06 18:00:00,146.5,14,79,30.6,0,0,0
2026-09-06 18:05:00,145.2,18,81,28.4,0,0,0
2026-09-06 18:10:00,145.4,12,78,28.0,0,0,0
2026-09-06 18:15:00,144.6,30,83,25.0,0,0,0
2026-09-06 18:20:00,146.0,10,77,31.1,0,0,0
2026-09-06 18:25:00,143.6,16,78,32.0,0,0,0
2026-09-06 18:30:00,145.0,36,80,27.5,0,0,0
2026-09-06 18:35:00,142.5,24,78,25.2,0,0,0
2026-09-06 18:40:00,140.4,33,82,27.3,0,0,0
2026-09-06 18:45:00,138.3,22,81,25.3,0,0,0
2026-09-06 18:50:00,138.9,19,79,27.8,0,0,0
2026-09-06 18:55:00,138.9,29,83,26.6,0,0,0
2026-09-06 19:00:00,136.7,21,79,25.9,0,0,0
2026-09-06 19:05:00,136.9,27,84,27.7,0,0,0
2026-09-06 19:10:00,134.3,28,81,28.7,0,0,0
2026-09-06 19:15:00,134.7,16,80,26.4,0,0,0
2026-09-06 19:20:00,135.3,26,78,29.6,0,0,0
2026-09-06 19:25:00,133.3,12,78,26.1,0,0,0
2026-09-06 19:30:00,133.6,15,77,25.7,0,0,0
2026-09-06 19:35:00,133.8,30,79,28.0,0,0,0
2026-09-06 19:40:00,135.6,39,83,24.7,0,0,0
2026-09-06 19:45:00,136.3,54,84,23.6,0,0,0
2026-09-06 19:50:00,133.9,10,79,25.5,0,0,0
2026-09-06 19:55:00,132.5,21,77,28.4,0,0,0
2026-09-06 20:00:00,135.6,11,78,26.4,0,0,0
2026-09-06 20:05:00,132.3,24,80,31.2,0,0,0
2026-09-06 20:10:00,131.9,10,76,29.2,0,0,0
2026-09-06 20:15:00,132.7,15,75,27.2,0,0,0
2026-09-06 20:20:00,133.1,20,75,27.1,0,0,0
2026-09-06 20:25:00,132.6,19,74,28.3,0,0,0
2026-09-06 20:30:00,130.8,30,81,25.2,0,0,0
2026-09-06 20:35:00,133.0,27,79,26.5,0,0,0
2026-09-06 20:40:00,131.0,24,82,28.1,0,0,0
2026-09-06 20:45:00,133.5,13,77,24.9,0,0,0
2026-09-06 20:50:00,134.0,25,81,27.8,0,0,0
2026-09-06 20:55:00,131.5,24,81,28.0,0,0,0
2026-09-06 21:00:00,130.2,17,77,26.0,0,0,0
2026-09-06 21:05:00,129.5,21,83,28.7,0,0,0
2026-09-06 21:10:00,126.5,22,80,29.1,0,0,0
2026-09-06 21:15:00,125.0,21,76,25.9,0,0,0
2026-09-06 21:20:00,123.9,24,81,28.2,0,0,0
2026-09-06 21:25:00,124.1,17,80,28.3,0,0,0
2026-09-06 21:30:00,126.1,24,81,24.9,0,0,0
2026-09-06 21:35:00,128.1,21,79,27.6,0,0,0
2026-09-06 21:40:00,131.8,21,77,31.3,0,0,0
2026-09-06 21:45:00,133.3,18,78,26.7,0,0,0
2026-09-06 21:50:00,136.5,23,77,31.2,0,0,0
2026-09-06 21:55:00,138.8,21,81,27.6,0,0,0
2026-09-06 22:00:00,139.0,30,84,27.5,0,0,0
2026-09-06 22:05:00,136.1,47,82,30.7,0,0,0
2026-09-06 22:10:00,136.2,13,79,27.6,0,0,0
2026-09-06 22:15:00,137.4,31,83,33.6,0,0,0
2026-09-06 22:20:00,139.5,27,79,28.6,0,0,0
2026-09-06 22:25:00,139.2,19,77,26.7,0,0,0
2026-09-06 22:30:00,142.7,8,79,27.5,0,0,0
2026-09-06 22:35:00,144.5,29,77,27.7,0,0,0
2026-09-06 22:40:00,142.8,31,77,24.4,0,0,0
2026-09-06 22:45:00,140.8,20,79,26.8,0,0,0
2026-09-06 22:50:00,137.9,20,80,26.8,0,0,0
2026-09-06 22:55:00,138.0,19,75,28.1,0,0,0
2026-09-06 23:00:00,140.8,10,79,27.3,0,0,0
2026-09-06 23:05:00,140.1,23,77,26.2,0,0,0
2026-09-06 23:10:00,138.7,6,79,27.4,0,0,0
2026-09-06 23:15:00,136.9,15,76,24.7,0,0,0
2026-09-06 23:20:00,138.4,18,76,23.6,0,0,0
2026-09-06 23:25:00,140.4,18,80,28.7,0,0,0
2026-09-06 23:30:00,140.6,19,80,24.5,0,0,0
2026-09-06 23:35:00,137.8,22,80,27.2,0,0,0
2026-09-06 23:40:00,138.8,22,81,26.9,0,0,0
2026-09-06 23:45:00,135.4,25,80,28.8,0,0,0
2026-09-06 23:50:00,136.3,36,80,29.3,0,0,0
2026-09-06 23:55:00,137.8,21,79,25.9,0,0,0
2026-09-07 00:00:00,137.3,43,80,30.0,0,0,0
2026-09-07 00:05:00,135.3,22,79,29.0,0,0,0
2026-09-07 00:10:00,133.0,15,79,29.4,0,0,0
2026-09-07 00:15:00,132.5,44,80,27.2,0,0,0
2026-09-07 00:20:00,136.2,17,78,27.6,0,0,0
2026-09-07 00:25:00,135.0,6,74,29.6,0,0,0
2026-09-07 00:30:00,139.3,25,81,30.5,0,0,0
2026-09-07 00:35:00,143.3,43,80,28.9,0,0,0
2026-09-07 00:40:00,142.7,0,68,43.5,1,0,0
2026-09-07 00:45:00,139.0,0,70,47.3,1,0,0
2026-09-07 00:50:00,138.6,1,72,44.4,1,0,0
2026-09-07 00:55:00,140.9,0,74,44.2,1,0,0
2026-09-07 01:00:00,142.3,0,72,43.1,1,0,0
2026-09-07 01:05:00,143.8,0,70,42.9,1,0,0
2026-09-07 01:10:00,141.9,0,73,46.0,1,0,0
2026-09-07 01:15:00,141.4,0,70,43.2,1,0,0
2026-09-07 01:20:00,142.8,1,72,47.0,1,0,0
2026-09-07 01:25:00,142.0,0,69,45.6,1,0,0
2026-09-07 01:30:00,143.6,0,73,43.4,1,0,0
2026-09-07 01:35:00,144.7,1,70,47.5,1,0,0
2026-09-07 01:40:00,147.6,0,70,46.3,1,0,0
2026-09-07 01:45:00,145.4,2,68,48.3,1,0,0
2026-09-07 01:50:00,147.1,0,74,45.9,1,0,0
2026-09-07 01:55:00,146.6,0,67,44.9,1,0,0
2026-09-07 02:00:00,144.9,0,69,44.3,1,0,0
2026-09-07 02:05:00,145.7,0,75,46.2,1,0,0
2026-09-07 02:10:00,145.3,0,70,41.6,1,0,0
2026-09-07 02:15:00,145.3,2,69,45.5,1,0,0
2026-09-07 02:20:00,140.1,2,66,45.4,1,0,0
2026-09-07 02:25:00,141.7,0,67,45.0,1,0,0
2026-09-07 02:30:00,141.4,0,69,44.7,1,0,0
2026-09-07 02:35:00,140.8,0,69,47.0,1,0,0
2026-09-07 02:40:00,138.3,0,68,45.6,1,0,0
2026-09-07 02:45:00,139.8,0,70,45.4,1,0,0
2026-09-07 02:50:00,144.4,0,74,46.7,1,0,0
2026-09-07 02:55:00,143.7,0,70,42.6,1,0,0
2026-09-07 03:00:00,139.1,1,68,44.9,1,0,0
2026-09-07 03:05:00,140.1,0,69,48.0,1,0,0
2026-09-07 03:10:00,140.6,0,67,45.4,1,0,0
2026-09-07 03:15:00,142.6,0,70,45.6,1,0,0
2026-09-07 03:20:00,143.5,0,69,46.0,1,0,0
2026-09-07 03:25:00,145.5,0,71,44.7,1,0,0
2026-09-07 03:30:00,144.8,1,70,44.6,1,0,0
2026-09-07 03:35:00,146.7,0,70,48.2,1,0,0
2026-09-07 03:40:00,145.7,0,72,45.9,1,0,0
2026-09-07 03:45:00,145.9,0,71,44.5,1,0,0
2026-09-07 03:50:00,146.3,1,69,48.3,1,0,0
2026-09-07 03:55:00,147.9,0,70,46.9,1,0,0
2026-09-07 04:00:00,150.6,1,70,46.8,1,0,0
2026-09-07 04:05:00,149.2,0,69,44.9,1,0,0
2026-09-07 04:10:00,151.7,1,69,44.1,1,0,0
2026-09-07 04:15:00,150.7,0,69,41.8,1,0,0
2026-09-07 04:20:00,152.0,1,71,47.0,1,0,0
2026-09-07 04:25:00,147.6,0,73,44.5,1,0,0
2026-09-07 04:30:00,146.2,0,70,43.3,1,0,0
2026-09-07 04:35:00,145.5,0,68,45.6,1,0,0
2026-09-07 04:40:00,144.0,1,71,47.5,1,0,0
2026-09-07 04:45:00,140.6,0,68,43.8,1,0,0
2026-09-07 04:50:00,138.9,0,70,46.3,1,0,0
2026-09-07 04:55:00,138.5,0,70,46.2,1,0,0
2026-09-07 05:00:00,136.4,1,70,47.6,1,0,0
2026-09-07 05:05:00,136.6,0,66,44.8,1,0,0
2026-09-07 05:10:00,139.3,0,73,43.6,1,0,0
2026-09-07 05:15:00,144.2,1,71,48.2,1,0,0
2026-09-07 05:20:00,144.5,0,72,47.8,1,0,0
2026-09-07 05:25:00,144.4,0,70,43.9,1,0,0
2026-09-07 05:30:00,143.9,0,72,47.2,1,0,0
2026-09-07 05:35:00,149.2,0,69,46.8,1,0,0
2026-09-07 05:40:00,151.5,1,68,48.1,1,0,0
2026-09-07 05:45:00,154.8,0,70,46.0,1,0,0
2026-09-07 05:50:00,151.0,0,70,43.5,1,0,0
2026-09-07 05:55:00,148.4,1,71,45.8,1,0,0
2026-09-07 06:00:00,149.4,1,74,42.0,1,0,0
2026-09-07 06:05:00,150.7,2,70,44.1,1,0,0
2026-09-07 06:10:00,151.5,0,70,45.6,1,0,0
2026-09-07 06:15:00,150.4,0,68,44.9,1,0,0
2026-09-07 06:20:00,147.4,23,79,22.8,0,0,0
2026-09-07 06:25:00,148.4,42,83,29.9,0,0,0
2026-09-07 06:30:00,147.0,19,80,25.8,0,0,0
2026-09-07 06:35:00,150.1,38,79,28.9,0,0,0
2026-09-07 06:40:00,148.7,20,76,27.7,0,0,0
2026-09-07 06:45:00,150.6,21,81,30.8,0,0,0
2026-09-07 06:50:00,150.2,19,79,29.2,0,0,0
2026-09-07 06:55:00,150.1,24,81,30.3,0,0,0
2026-09-07 07:00:00,148.0,45,82,29.4,0,0,0
2026-09-07 07:05:00,146.9,15,79,25.6,0,0,0
2026-09-07 07:10:00,150.3,35,81,25.9,0,0,0
2026-09-07 07:15:00,147.6,18,79,29.6,0,0,0
2026-09-07 07:20:00,142.9,67,81,28.4,0,0,0
2026-09-07 07:25:00,144.9,13,77,28.1,0,0,0
2026-09-07 07:30:00,142.5,20,82,26.6,0,0,0
2026-09-07 07:35:00,142.3,22,79,26.3,0,0,0
2026-09-07 07:40:00,142.6,13,78,27.5,0,0,0
2026-09-07 07:45:00,138.9,20,79,26.1,0,0,0
2026-09-07 07:50:00,140.2,18,77,27.7,0,0,0
2026-09-07 07:55:00,138.4,36,76,32.5,0,0,0
2026-09-07 08:00:00,136.4,22,81,30.7,0,0,0
2026-09-07 08:05:00,137.6,15,79,28.8,0,0,0
2026-09-07 08:10:00,138.5,9,81,28.6,0,0,0
2026-09-07 08:15:00,138.0,24,76,30.6,0,0,0
2026-09-07 08:20:00,137.6,12,81,29.3,0,0,0
2026-09-07 08:25:00,136.3,32,84,27.6,0,31,55
2026-09-07 08:30:00,140.5,23,83,26.8,0,0,0
2026-09-07 08:35:00,139.5,19,80,25.7,0,0,0
2026-09-07 08:40:00,141.7,11,80,24.1,0,0,0
2026-09-07 08:45:00,145.5,18,79,24.6,0,0,0
2026-09-07 08:50:00,146.4,23,82,25.0,0,0,0
2026-09-07 08:55:00,147.3,17,76,25.4,0,0,0
2026-09-07 09:00:00,151.6,27,82,27.8,0,0,0
2026-09-07 09:05:00,152.5,6,76,27.7,0,0,0
2026-09-07 09:10:00,152.7,44,81,29.4,0,0,0
2026-09-07 09:15:00,153.5,24,80,26.4,0,0,0
2026-09-07 09:20:00,149.8,44,80,29.8,0,0,0
2026-09-07 09:25:00,147.9,11,78,30.1,0,0,0
2026-09-07 09:30:00,145.5,26,81,24.5,0,0,0
2026-09-07 09:35:00,143.2,23,76,27.8,0,0,0
2026-09-07 09:40:00,144.2,33,82,25.1,0,0,0
2026-09-07 09:45:00,143.0,40,82,30.1,0,0,0
2026-09-07 09:50:00,141.7,36,82,26.4,0,0,0
2026-09-07 09:55:00,142.6,33,79,29.1,0,0,0
2026-09-07 10:00:00,147.1,16,79,28.0,0,0,0
2026-09-07 10:05:00,146.6,25,79,25.3,0,0,0
2026-09-07 10:10:00,146.0,43,80,28.3,0,0,0
2026-09-07 10:15:00,146.6,0,78,24.7,0,0,0
2026-09-07 10:20:00,144.1,19,80,30.3,0,0,0
2026-09-07 10:25:00,144.0,17,80,29.2,0,0,0
2026-09-07 10:30:00,145.8,28,78,32.7,0,0,0
2026-09-07 10:35:00,144.7,18,82,24.7,0,0,0
2026-09-07 10:40:00,147.7,17,78,27.8,0,0,0
2026-09-07 10:45:00,147.5,13,80,29.8,0,0,0
2026-09-07 10:50:00,146.4,16,81,27.9,0,0,0
2026-09-07 10:55:00,143.6,11,78,29.8,0,0,0
2026-09-07 11:00:00,144.8,18,79,30.9,0,0,0
2026-09-07 11:05:00,145.7,14,77,30.5,0,0,0
2026-09-07 11:10:00,146.1,19,81,25.7,0,0,0
2026-09-07 11:15:00,145.6,12,80,27.5,0,0,0
2026-09-07 11:20:00,147.1,21,79,31.6,0,0,0
2026-09-07 11:25:00,145.9,14,76,24.6,0,0,0
2026-09-07 11:30:00,143.7,11,80,27.1,0,0,0
2026-09-07 11:35:00,141.1,24,83,27.9,0,0,0
2026-09-07 11:40:00,141.8,7,78,27.3,0,0,0
2026-09-07 11:45:00,141.6,27,79,29.7,0,0,0
2026-09-07 11:50:00,142.8,17,78,26.5,0,0,0
2026-09-07 11:55:00,142.3,30,79,27.5,0,0,0
2026-09-07 12:00:00,143.5,12,76,26.6,0,0,0
2026-09-07 12:05:00,146.6,22,77,24.5,0,0,0
2026-09-07 12:10:00,145.1,29,79,27.8,0,0,0
2026-09-07 12:15:00,145.3,37,79,27.1,0,0,0
2026-09-07 12:20:00,144.2,11,78,28.7,0,0,0
2026-09-07 12:25:00,140.4,52,83,26.2,0,0,0
2026-09-07 12:30:00,138.6,13,78,28.4,0,0,0
2026-09-07 12:35:00,138.9,19,78,25.0,0,0,0
2026-09-07 12:40:00,140.8,39,80,26.0,0,0,0
2026-09-07 12:45:00,137.9,17,76,29.5,0,0,0
2026-09-07 12:50:00,137.9,22,83,25.0,0,0,0
2026-09-07 12:55:00,140.4,10,76,27.4,0,0,0
2026-09-07 13:00:00,142.0,18,78,27.2,0,0,0
2026-09-07 13:05:00,142.2,23,77,29.2,0,0,0
2026-09-07 13:10:00,144.4,33,81,27.3,0,0,0
2026-09-07 13:15:00,147.4,46,81,24.7,0,0,0
2026-09-07 13:20:00,143.7,437,101,26.9,0,0,0
2026-09-07 13:25:00,143.8,440,105,26.7,0,54,55
2026-09-07 13:30:00,149.7,422,105,26.2,0,0,0
2026-09-07 13:35:00,160.6,434,107,25.1,0,0,0
2026-09-07 13:40:00,165.2,51,86,24.8,0,0,0
2026-09-07 13:45:00,169.8,20,81,28.4,0,0,0
2026-09-07 13:50:00,173.6,34,88,30.8,0,0,0
2026-09-07 13:55:00,172.5,20,81,26.0,0,0,0
2026-09-07 14:00:00,172.7,15,79,27.7,0,0,0
2026-09-07 14:05:00,169.0,25,77,24.8,0,0,0
2026-09-07 14:10:00,168.7,27,77,28.6,0,0,0
2026-09-07 14:15:00,169.1,17,79,27.0,0,0,0
2026-09-07 14:20:00,168.4,59,83,30.2,0,0,0
2026-09-07 14:25:00,169.1,14,80,27.4,0,0,0
2026-09-07 14:30:00,168.9,496,112,30.8,0,0,0
2026-09-07 14:35:00,166.7,494,104,25.7,0,0,0
2026-09-07 14:40:00,166.7,30,79,28.7,0,0,0
2026-09-07 14:45:00,165.4,29,82,28.0,0,0,0
2026-09-07 14:50:00,164.6,9,79,26.3,0,0,0
2026-09-07 14:55:00,157.7,20,78,28.4,0,0,0
2026-09-07 15:00:00,158.2,23,79,29.8,0,0,0
2026-09-07 15:05:00,156.4,12,78,25.7,0,0,0
2026-09-07 15:10:00,157.4,26,81,29.3,0,0,0
2026-09-07 15:15:00,153.9,14,81,25.7,0,0,0
2026-09-07 15:20:00,148.9,36,81,30.5,0,0,0
2026-09-07 15:25:00,151.0,21,78,26.6,0,0,0
2026-09-07 15:30:00,152.0,23,82,26.4,0,0,0
2026-09-07 15:35:00,148.7,13,81,27.9,0,0,0
2026-09-07 15:40:00,147.2,6,76,26.4,0,0,0
2026-09-07 15:45:00,146.0,20,80,26.5,0,0,0
2026-09-07 15:50:00,146.1,61,80,25.1,0,0,0
2026-09-07 15:55:00,147.3,18,77,27.0,0,0,0
2026-09-07 16:00:00,146.2,39,83,31.1,0,0,0
2026-09-07 16:05:00,144.9,25,78,26.8,0,0,0
2026-09-07 16:10:00,143.9,21,81,26.1,0,0,0
2026-09-07 16:15:00,143.5,28,79,30.1,0,0,0
2026-09-07 16:20:00,142.8,27,79,27.0,0,0,0
2026-09-07 16:25:00,141.5,15,81,27.4,0,0,0
2026-09-07 16:30:00,141.7,22,78,30.3,0,0,0
2026-09-07 16:35:00,142.9,21,78,30.7,0,0,0
2026-09-07 16:40:00,143.1,13,80,30.2,0,0,0
2026-09-07 16:45:00,142.8,15,80,27.6,0,0,0
2026-09-07 16:50:00,144.3,28,81,25.4,0,0,0
2026-09-07 16:55:00,145.1,14,76,28.0,0,0,0
2026-09-07 17:00:00,147.5,12,75,28.8,0,0,0
2026-09-07 17:05:00,146.4,34,80,28.6,0,0,0
2026-09-07 17:10:00,146.9,19,78,30.0,0,0,0
2026-09-07 17:15:00,143.6,22,80,28.2,0,0,0
2026-09-07 17:20:00,141.7,26,81,23.5,0,0,0
2026-09-07 17:25:00,140.9,36,80,29.3,0,0,0
2026-09-07 17:30:00,145.5,50,81,26.1,0,22,50
2026-09-07 17:35:00,147.9,18,82,31.8,0,0,0
2026-09-07 17:40:00,146.8,25,79,26.3,0,0,0
2026-09-07 17:45:00,147.3,31,84,27.1,0,0,0
2026-09-07 17:50:00,147.4,21,85,26.1,0,0,0
2026-09-07 17:55:00,148.5,26,84,26.4,0,0,0
2026-09-07 18:00:00,150.5,22,79,28.9,0,0,0
2026-09-07 18:05:00,148.6,32,82,29.6,0,0,0
2026-09-07 18:10:00,149.2,27,74,28.9,0,0,0
2026-09-07 18:15:00,148.9,10,78,30.2,0,0,0
2026-09-07 18:20:00,149.3,39,84,27.2,0,0,0
2026-09-07 18:25:00,147.8,15,82,28.1,0,0,0
2026-09-07 18:30:00,147.5,16,77,30.3,0,0,0
2026-09-07 18:35:00,146.6,29,84,26.3,0,0,0
2026-09-07 18:40:00,142.1,40,79,28.4,0,0,0
2026-09-07 18:45:00,143.9,41,81,25.5,0,0,0
2026-09-07 18:50:00,143.6,27,83,25.7,0,0,0
2026-09-07 18:55:00,142.4,18,81,29.1,0,0,0
2026-09-07 19:00:00,139.7,55,78,28.5,0,0,0
2026-09-07 19:05:00,136.3,30,83,27.5,0,0,0
2026-09-07 19:10:00,137.0,33,83,31.8,0,0,0
2026-09-07 19:15:00,137.0,45,82,28.4,0,0,0
2026-09-07 19:20:00,136.2,16,77,24.8,0,0,0
2026-09-07 19:25:00,136.1,18,83,26.7,0,0,0
2026-09-07 19:30:00,133.5,14,78,25.9,0,0,0
2026-09-07 19:35:00,134.7,25,82,32.3,0,0,0
2026-09-07 19:40:00,137.5,40,78,24.1,0,0,0
2026-09-07 19:45:00,136.3,22,76,26.1,0,0,0
2026-09-07 19:50:00,141.0,36,82,29.1,0,0,0
2026-09-07 19:55:00,140.6,17,77,23.6,0,0,0
2026-09-07 20:00:00,136.6,31,80,26.9,0,0,0
2026-09-07 20:05:00,136.0,14,77,27.8,0,0,0
2026-09-07 20:10:00,135.0,27,81,25.6,0,0,0
2026-09-07 20:15:00,134.6,7,77,26.5,0,0,0
2026-09-07 20:20:00,132.1,12,75,25.7,0,0,0
2026-09-07 20:25:00,133.7,458,109,29.4,0,0,0
2026-09-07 20:30:00,133.3,449,103,28.5,0,0,0
2026-09-07 20:35:00,137.4,20,77,30.4,0,0,0
2026-09-07 20:40:00,139.3,17,83,29.2,0,0,0
2026-09-07 20:45:00,139.5,51,79,23.1,0,0,0
2026-09-07 20:50:00,142.2,30,83,30.1,0,0,0
2026-09-07 20:55:00,141.6,14,81,31.3,0,0,0
2026-09-07 21:00:00,143.4,38,82,25.5,0,0,0
2026-09-07 21:05:00,143.5,11,78,26.8,0,0,0
2026-09-07 21:10:00,140.4,23,84,25.5,0,57,55
2026-09-07 21:15:00,151.3,40,86,27.6,0,0,0
2026-09-07 21:20:00,159.3,15,82,27.7,0,0,0
2026-09-07 21:25:00,161.4,36,81,25.2,0,0,0
2026-09-07 21:30:00,166.2,38,83,23.4,0,0,0
2026-09-07 21:35:00,171.0,27,82,28.9,0,0,0
2026-09-07 21:40:00,171.6,14,80,28.5,0,0,0
2026-09-07 21:45:00,171.2,26,82,26.6,0,0,0
2026-09-07 21:50:00,172.7,9,78,27.6,0,0,0
2026-09-07 21:55:00,171.6,43,82,26.7,0,0,0
2026-09-07 22:00:00,170.2,47,79,30.0,0,0,0
2026-09-07 22:05:00,168.9,24,79,24.6,0,0,0
2026-09-07 22:10:00,167.4,29,79,25.7,0,0,0
2026-09-07 22:15:00,169.4,22,79,24.8,0,0,0
2026-09-07 22:20:00,165.7,22,78,28.6,0,0,0
2026-09-07 22:25:00,162.8,9,78,24.6,0,0,0
2026-09-07 22:30:00,161.0,29,78,26.2,0,0,0
2026-09-07 22:35:00,161.5,27,82,29.8,0,0,0
2026-09-07 22:40:00,161.9,21,76,29.5,0,0,0
2026-09-07 22:45:00,160.7,24,79,25.7,0,0,0
2026-09-07 22:50:00,159.9,10,81,26.1,0,0,0
2026-09-07 22:55:00,158.8,11,79,29.1,0,0,0
2026-09-07 23:00:00,155.1,33,81,26.7,0,0,0
2026-09-07 23:05:00,152.7,17,79,29.3,0,0,0
2026-09-07 23:10:00,156.5,32,82,31.1,0,0,0
2026-09-07 23:15:00,152.4,20,80,28.1,0,0,0
2026-09-07 23:20:00,152.1,27,81,28.1,0,0,0
2026-09-07 23:25:00,149.8,16,78,29.0,0,0,0
2026-09-07 23:30:00,149.3,13,77,28.2,0,0,0
2026-09-07 23:35:00,147.7,34,80,27.3,0,0,0
2026-09-07 23:40:00,144.6,23,79,28.7,0,0,0
2026-09-07 23:45:00,144.4,24,79,28.9,0,0,0
2026-09-07 23:50:00,144.6,33,80,29.2,0,0,0
2026-09-07 23:55:00,143.9,15,82,23.4,0,0,0
2026-09-08 00:00:00,151.6,9,75,26.2,0,0,0
2026-09-08 00:05:00,151.0,29,78,26.6,0,0,0
2026-09-08 00:10:00,148.5,14,75,26.6,0,0,0
2026-09-08 00:15:00,145.8,33,77,26.1,0,0,0
2026-09-08 00:20:00,144.0,22,79,26.3,0,0,0
2026-09-08 00:25:00,141.6,17,74,28.5,0,0,0
2026-09-08 00:30:00,145.6,31,81,28.4,0,0,0
2026-09-08 00:35:00,145.5,32,79,24.5,0,0,0
2026-09-08 00:40:00,148.8,24,82,26.9,0,0,0
2026-09-08 00:45:00,148.1,44,83,28.7,0,0,0
2026-09-08 00:50:00,148.4,18,80,27.6,0,0,0
2026-09-08 00:55:00,147.7,21,77,28.6,0,0,0
2026-09-08 01:00:00,149.6,23,79,24.1,0,0,0
2026-09-08 01:05:00,151.0,14,78,25.9,0,0,0
2026-09-08 01:10:00,151.3,13,81,26.9,0,0,0
2026-09-08 01:15:00,151.3,0,69,42.6,1,0,0
2026-09-08 01:20:00,153.8,1,73,43.3,1,0,0
2026-09-08 01:25:00,152.1,0,72,38.4,1,0,0
2026-09-08 01:30:00,154.5,1,72,44.7,1,0,0
2026-09-08 01:35:00,154.8,0,68,42.4,1,0,0
2026-09-08 01:40:00,153.8,0,71,45.0,1,0,0
2026-09-08 01:45:00,150.6,1,71,44.7,1,0,0
2026-09-08 01:50:00,148.9,0,70,41.1,1,0,0
2026-09-08 01:55:00,151.1,0,71,40.9,1,0,0
2026-09-08 02:00:00,152.1,0,70,42.2,1,0,0
2026-09-08 02:05:00,152.5,1,69,42.1,1,0,0
2026-09-08 02:10:00,150.6,0,69,39.8,1,0,0
2026-09-08 02:15:00,152.0,0,69,43.8,1,0,0
2026-09-08 02:20:00,151.1,0,72,43.6,1,0,0
2026-09-08 02:25:00,149.9,0,69,46.5,1,0,0
2026-09-08 02:30:00,149.0,1,72,44.1,1,0,0
2026-09-08 02:35:00,146.3,0,67,41.3,1,0,0
2026-09-08 02:40:00,149.8,0,68,43.7,1,0,0
2026-09-08 02:45:00,148.6,0,70,41.6,1,0,0
2026-09-08 02:50:00,148.8,0,68,41.0,1,0,0
2026-09-08 02:55:00,146.4,0,73,40.0,1,0,0
2026-09-08 03:00:00,147.3,0,71,43.3,1,0,0
2026-09-08 03:05:00,147.9,1,69,45.1,1,0,0
2026-09-08 03:10:00,145.9,0,72,43.9,1,0,0
2026-09-08 03:15:00,144.3,0,72,44.4,1,0,0
2026-09-08 03:20:00,145.0,0,73,43.9,1,0,0
2026-09-08 03:25:00,146.9,0,71,43.8,1,0,0
2026-09-08 03:30:00,146.2,0,72,43.3,1,0,0
2026-09-08 03:35:00,145.9,1,70,45.9,1,0,0
2026-09-08 03:40:00,146.6,0,70,45.9,1,0,0
2026-09-08 03:45:00,144.0,0,71,46.3,1,0,0
2026-09-08 03:50:00,141.5,0,67,41.4,1,0,0
2026-09-08 03:55:00,141.4,0,68,44.3,1,0,0
2026-09-08 04:00:00,145.5,0,68,43.0,1,0,0
2026-09-08 04:05:00,146.1,0,71,46.9,1,0,0
2026-09-08 04:10:00,146.2,1,72,44.6,1,0,0
2026-09-08 04:15:00,147.0,1,71,43.2,1,0,0
2026-09-08 04:20:00,148.1,0,74,46.7,1,0,0
2026-09-08 04:25:00,151.4,1,67,41.9,1,0,0
2026-09-08 04:30:00,147.4,0,69,46.5,1,0,0
2026-09-08 04:35:00,149.4,2,73,44.4,1,0,0
2026-09-08 04:40:00,148.8,0,72,39.8,1,0,0
2026-09-08 04:45:00,146.3,0,70,40.5,1,0,0
2026-09-08 04:50:00,145.1,1,68,42.2,1,0,0
2026-09-08 04:55:00,146.9,0,68,45.4,1,0,0
2026-09-08 05:00:00,145.3,0,71,44.2,1,0,0
2026-09-08 05:05:00,143.9,0,71,44.0,1,0,0
2026-09-08 05:10:00,144.2,0,70,41.5,1,0,0
2026-09-08 05:15:00,147.5,0,67,46.4,1,0,0
2026-09-08 05:20:00,149.0,0,67,41.6,1,0,0
2026-09-08 05:25:00,147.6,0,68,44.0,1,0,0
2026-09-08 05:30:00,149.4,0,65,44.2,1,0,0
2026-09-08 05:35:00,147.6,0,66,46.0,1,0,0
2026-09-08 05:40:00,145.4,0,69,42.6,1,0,0
2026-09-08 05:45:00,145.5,0,69,43.0,1,0,0
2026-09-08 05:50:00,145.9,0,70,43.4,1,0,0
2026-09-08 05:55:00,144.7,0,68,42.2,1,0,0
2026-09-08 06:00:00,148.6,1,72,41.5,1,0,0
2026-09-08 06:05:00,151.0,0,68,42.7,1,0,0
2026-09-08 06:10:00,150.6,0,65,41.0,1,0,0
2026-09-08 06:15:00,152.3,0,69,44.6,1,0,0
2026-09-08 06:20:00,153.8,0,72,46.4,1,0,0
2026-09-08 06:25:00,158.1,40,81,31.1,0,0,0
2026-09-08 06:30:00,158.9,22,73,24.4,0,0,0
2026-09-08 06:35:00,156.1,40,77,26.8,0,0,0
2026-09-08 06:40:00,154.1,38,79,24.5,0,0,0
2026-09-08 06:45:00,152.0,16,76,28.1,0,0,0
2026-09-08 06:50:00,154.5,24,78,28.8,0,0,0
2026-09-08 06:55:00,151.7,42,81,25.2,0,0,0
2026-09-08 07:00:00,152.4,50,83,25.2,0,0,0
2026-09-08 07:05:00,149.6,32,78,27.9,0,0,0
2026-09-08 07:10:00,148.0,12,79,23.8,0,0,0
2026-09-08 07:15:00,147.9,7,78,28.1,0,0,0
2026-09-08 07:20:00,147.6,41,81,24.9,0,0,0
2026-09-08 07:25:00,148.7,13,83,26.3,0,46,65
2026-09-08 07:30:00,160.0,41,85,23.6,0,0,0
2026-09-08 07:35:00,166.2,34,80,25.2,0,0,0
2026-09-08 07:40:00,168.2,9,83,31.5,0,0,0
2026-09-08 07:45:00,169.9,16,84,28.4,0,0,0
2026-09-08 07:50:00,175.2,26,85,25.8,0,0,0
2026-09-08 07:55:00,176.9,20,81,24.2,0,0,0
2026-09-08 08:00:00,175.6,14,79,23.3,0,0,0
2026-09-08 08:05:00,177.1,34,79,26.3,0,0,0
2026-09-08 08:10:00,177.3,15,79,23.1,0,0,0
2026-09-08 08:15:00,178.3,38,82,23.3,0,0,0
2026-09-08 08:20:00,178.6,18,77,24.2,0,0,0
2026-09-08 08:25:00,178.5,7,77,29.8,0,0,0
2026-09-08 08:30:00,178.8,22,79,29.6,0,0,0
2026-09-08 08:35:00,177.8,24,82,24.8,0,0,0
2026-09-08 08:40:00,172.4,36,83,26.9,0,0,0
2026-09-08 08:45:00,169.1,15,80,25.2,0,0,0
2026-09-08 08:50:00,168.4,24,83,25.2,0,0,0
2026-09-08 08:55:00,167.3,20,76,29.0,0,0,0
2026-09-08 09:00:00,167.8,15,81,26.0,0,0,0
2026-09-08 09:05:00,164.1,28,79,26.0,0,0,0
2026-09-08 09:10:00,160.2,13,79,27.7,0,0,0
2026-09-08 09:15:00,157.5,25,82,24.4,0,0,0
2026-09-08 09:20:00,155.8,11,79,27.4,0,0,0
2026-09-08 09:25:00,153.8,23,79,25.5,0,0,0
2026-09-08 09:30:00,156.4,35,79,22.7,0,0,0
2026-09-08 09:35:00,156.3,17,80,29.1,0,0,0
2026-09-08 09:40:00,155.8,32,84,27.7,0,0,0
2026-09-08 09:45:00,156.5,31,81,29.1,0,0,0
2026-09-08 09:50:00,157.0,23,79,29.7,0,0,0
2026-09-08 09:55:00,155.6,15,79,25.9,0,0,0
2026-09-08 10:00:00,151.5,42,80,27.2,0,0,0
2026-09-08 10:05:00,149.1,26,76,25.9,0,0,0
2026-09-08 10:10:00,147.5,20,79,27.1,0,0,0
2026-09-08 10:15:00,146.3,19,79,28.4,0,0,0
2026-09-08 10:20:00,146.3,10,78,25.9,0,0,0
2026-09-08 10:25:00,148.5,20,79,26.6,0,0,0
2026-09-08 10:30:00,148.0,20,82,29.2,0,0,0
2026-09-08 10:35:00,150.3,37,80,27.2,0,0,0
2026-09-08 10:40:00,147.1,514,107,25.7,0,0,0
2026-09-08 10:45:00,146.9,506,108,26.6,0,0,0
2026-09-08 10:50:00,147.2,26,77,28.6,0,0,0
2026-09-08 10:55:00,148.3,18,81,27.0,0,0,0
2026-09-08 11:00:00,148.1,8,77,26.1,0,0,0
2026-09-08 11:05:00,145.2,16,76,24.9,0,0,0
2026-09-08 11:10:00,148.7,14,76,23.6,0,0,0
2026-09-08 11:15:00,148.9,12,80,28.1,0,0,0
2026-09-08 11:20:00,151.4,27,80,27.4,0,0,0
2026-09-08 11:25:00,149.5,3,74,25.4,0,0,0
2026-09-08 11:30:00,150.5,19,83,24.8,0,0,0
2026-09-08 11:35:00,147.0,22,82,27.0,0,0,0
2026-09-08 11:40:00,143.6,49,81,29.1,0,0,0
2026-09-08 11:45:00,143.7,18,81,24.4,0,0,0
2026-09-08 11:50:00,143.7,32,80,27.6,0,0,0
2026-09-08 11:55:00,143.6,7,79,28.8,0,0,0
2026-09-08 12:00:00,145.3,22,78,25.8,0,0,0
2026-09-08 12:05:00,144.6,29,82,28.5,0,0,0
2026-09-08 12:10:00,146.6,29,78,28.5,0,0,0
2026-09-08 12:15:00,144.8,15,81,31.0,0,0,0
2026-09-08 12:20:00,142.7,31,78,26.4,0,0,0
2026-09-08 12:25:00,143.8,21,79,26.2,0,0,0
2026-09-08 12:30:00,143.5,24,80,24.7,0,0,0
2026-09-08 12:35:00,145.6,29,78,22.6,0,0,0
2026-09-08 12:40:00,143.8,16,79,26.0,0,0,0
2026-09-08 12:45:00,144.9,16,79,24.9,0,0,0
2026-09-08 12:50:00,146.4,20,81,28.6,0,0,0
2026-09-08 12:55:00,144.1,21,81,28.4,0,0,0
2026-09-08 13:00:00,144.7,48,84,24.9,0,0,0
2026-09-08 13:05:00,145.7,27,81,28.7,0,0,0
2026-09-08 13:10:00,144.6,5,76,25.4,0,0,0
2026-09-08 13:15:00,143.0,15,80,28.8,0,0,0
2026-09-08 13:20:00,140.1,13,80,26.3,0,0,0
2026-09-08 13:25:00,142.4,24,78,22.0,0,0,0
2026-09-08 13:30:00,140.1,16,77,29.5,0,0,0
2026-09-08 13:35:00,141.9,21,73,28.5,0,0,0
2026-09-08 13:40:00,142.2,12,80,26.7,0,51,50
2026-09-08 13:45:00,148.7,16,83,23.8,0,0,0
2026-09-08 13:50:00,152.0,19,81,26.0,0,0,0
2026-09-08 13:55:00,155.1,24,81,29.2,0,0,0
2026-09-08 14:00:00,160.2,22,84,23.6,0,0,0
2026-09-08 14:05:00,162.2,34,80,27.1,0,0,0
2026-09-08 14:10:00,162.2,14,79,26.4,0,0,0
2026-09-08 14:15:00,164.2,16,74,25.5,0,0,0
2026-09-08 14:20:00,163.5,35,79,28.2,0,0,0
2026-09-08 14:25:00,164.1,15,79,27.6,0,0,0
2026-09-08 14:30:00,163.1,6,80,27.2,0,0,0
2026-09-08 14:35:00,164.7,29,79,26.7,0,0,0
2026-09-08 14:40:00,165.5,24,79,30.0,0,0,0
2026-09-08 14:45:00,165.8,20,82,27.9,0,0,0
2026-09-08 14:50:00,165.3,40,81,26.2,0,0,0
2026-09-08 14:55:00,166.8,22,81,26.9,0,0,0
2026-09-08 15:00:00,164.3,18,82,25.5,0,0,0
2026-09-08 15:05:00,161.8,15,79,29.1,0,0,0
2026-09-08 15:10:00,158.2,28,82,24.8,0,0,0
2026-09-08 15:15:00,157.0,34,78,24.4,0,0,0
2026-09-08 15:20:00,157.6,27,77,27.9,0,0,0
2026-09-08 15:25:00,156.6,19,77,25.8,0,0,0
2026-09-08 15:30:00,159.0,18,77,27.7,0,0,0
2026-09-08 15:35:00,156.1,20,81,26.2,0,0,0
2026-09-08 15:40:00,152.5,34,82,29.4,0,0,0
2026-09-08 15:45:00,153.1,16,77,27.0,0,0,0
2026-09-08 15:50:00,153.1,23,77,25.9,0,0,0
2026-09-08 15:55:00,153.4,18,80,27.6,0,0,0
2026-09-08 16:00:00,152.5,19,79,27.9,0,0,0
2026-09-08 16:05:00,155.1,31,84,29.5,0,0,0
2026-09-08 16:10:00,155.2,40,79,25.4,0,0,0
2026-09-08 16:15:00,153.0,24,76,23.2,0,0,0
2026-09-08 16:20:00,153.7,12,78,26.1,0,0,0
2026-09-08 16:25:00,153.4,47,85,26.7,0,0,0
2026-09-08 16:30:00,152.4,18,79,23.5,0,0,0
2026-09-08 16:35:00,152.5,18,78,26.0,0,0,0
2026-09-08 16:40:00,152.2,37,78,27.4,0,0,0
2026-09-08 16:45:00,150.5,29,81,28.7,0,0,0
2026-09-08 16:50:00,150.8,21,83,28.0,0,0,0
2026-09-08 16:55:00,149.3,13,80,22.0,0,0,0
2026-09-08 17:00:00,149.1,20,79,30.6,0,0,0
2026-09-08 17:05:00,149.8,17,80,24.9,0,0,0
2026-09-08 17:10:00,156.5,9,77,23.3,0,0,0
2026-09-08 17:15:00,155.7,20,78,22.8,0,0,0
2026-09-08 17:20:00,155.1,43,81,26.7,0,0,0
2026-09-08 17:25:00,152.3,16,83,25.4,0,30,60
2026-09-08 17:30:00,153.5,20,82,26.0,0,0,0
2026-09-08 17:35:00,153.2,26,81,27.4,0,0,0
2026-09-08 17:40:00,155.1,13,82,24.1,0,0,0
2026-09-08 17:45:00,156.9,18,80,24.8,0,0,0
2026-09-08 17:50:00,160.5,9,80,25.1,0,0,0
2026-09-08 17:55:00,163.9,31,79,27.5,0,0,0
2026-09-08 18:00:00,163.5,14,81,28.0,0,0,0
2026-09-08 18:05:00,162.8,20,79,29.8,0,0,0
2026-09-08 18:10:00,166.7,12,80,27.4,0,0,0
2026-09-08 18:15:00,165.1,31,82,25.2,0,0,0
2026-09-08 18:20:00,163.9,13,83,28.9,0,0,0
2026-09-08 18:25:00,166.7,13,79,28.0,0,0,0
2026-09-08 18:30:00,162.9,16,81,24.9,0,0,0
2026-09-08 18:35:00,160.2,11,78,31.7,0,0,0
2026-09-08 18:40:00,159.8,18,80,27.3,0,0,0
2026-09-08 18:45:00,160.8,33,80,25.1,0,0,0
2026-09-08 18:50:00,161.4,27,80,21.9,0,0,0
2026-09-08 18:55:00,160.4,7,80,28.4,0,0,0
2026-09-08 19:00:00,162.2,16,81,28.7,0,0,0
2026-09-08 19:05:00,159.3,22,82,29.1,0,0,0
2026-09-08 19:10:00,162.1,16,80,27.0,0,0,0
2026-09-08 19:15:00,157.6,24,81,29.4,0,0,0
2026-09-08 19:20:00,159.9,8,82,24.0,0,0,0
2026-09-08 19:25:00,158.5,36,81,29.9,0,0,0
2026-09-08 19:30:00,159.8,19,80,31.0,0,0,0
2026-09-08 19:35:00,156.9,27,79,26.8,0,0,0
2026-09-08 19:40:00,157.1,44,86,28.5,0,0,0
2026-09-08 19:45:00,156.0,30,80,27.3,0,0,0
2026-09-08 19:50:00,159.5,23,82,27.6,0,0,0
2026-09-08 19:55:00,157.0,47,79,26.4,0,0,0
2026-09-08 20:00:00,157.6,46,79,26.9,0,0,0
2026-09-08 20:05:00,156.4,9,78,27.0,0,0,0
2026-09-08 20:10:00,156.7,39,77,28.9,0,0,0
2026-09-08 20:15:00,155.4,11,81,21.8,0,0,0
2026-09-08 20:20:00,155.1,30,80,28.8,0,0,0
2026-09-08 20:25:00,153.1,52,81,28.9,0,0,0
2026-09-08 20:30:00,148.5,32,82,24.8,0,85,75
2026-09-08 20:35:00,165.7,11,83,29.8,0,0,0
2026-09-08 20:40:00,178.5,27,84,24.2,0,0,0
2026-09-08 20:45:00,189.1,31,82,28.9,0,0,0
2026-09-08 20:50:00,192.6,23,85,25.2,0,0,0
2026-09-08 20:55:00,200.8,38,81,27.3,0,0,0
2026-09-08 21:00:00,204.2,31,82,28.5,0,0,0
2026-09-08 21:05:00,204.3,25,79,26.9,0,0,0
2026-09-08 21:10:00,205.5,17,76,28.5,0,0,0
2026-09-08 21:15:00,205.3,23,75,27.8,0,0,0
2026-09-08 21:20:00,203.4,47,82,25.8,0,0,0
2026-09-08 21:25:00,202.2,18,78,26.9,0,0,0
2026-09-08 21:30:00,200.1,27,79,28.0,0,0,0
2026-09-08 21:35:00,198.6,16,79,27.8,0,0,0
2026-09-08 21:40:00,196.3,11,79,25.6,0,0,0
2026-09-08 21:45:00,197.5,37,81,26.0,0,0,0
2026-09-08 21:50:00,192.8,29,78,23.2,0,0,0
2026-09-08 21:55:00,190.9,25,81,26.5,0,0,0
2026-09-08 22:00:00,190.6,15,79,27.8,0,0,0
2026-09-08 22:05:00,188.0,16,77,25.7,0,0,0
2026-09-08 22:10:00,183.9,34,79,28.4,0,0,0
2026-09-08 22:15:00,178.0,25,80,26.1,0,0,0
2026-09-08 22:20:00,177.1,17,76,27.1,0,0,0
2026-09-08 22:25:00,171.1,21,75,24.2,0,0,0
2026-09-08 22:30:00,169.4,24,79,26.9,0,0,0
2026-09-08 22:35:00,167.5,80,86,28.1,0,0,0
2026-09-08 22:40:00,162.8,29,79,26.8,0,0,0
2026-09-08 22:45:00,161.9,36,80,23.5,0,0,0
2026-09-08 22:50:00,164.0,25,79,28.0,0,0,0
2026-09-08 22:55:00,163.5,43,83,31.2,0,0,0
2026-09-08 23:00:00,160.9,13,77,26.4,0,0,0
2026-09-08 23:05:00,161.2,16,78,24.2,0,0,0
2026-09-08 23:10:00,159.3,14,75,26.7,0,0,0
2026-09-08 23:15:00,157.1,20,79,27.1,0,0,0
2026-09-08 23:20:00,156.6,14,80,28.0,0,0,0
2026-09-08 23:25:00,153.6,15,81,25.9,0,0,0
2026-09-08 23:30:00,154.9,26,79,23.8,0,0,0
2026-09-08 23:35:00,157.1,27,77,27.3,0,0,0
2026-09-08 23:40:00,156.0,39,85,23.9,0,0,0
2026-09-08 23:45:00,155.7,18,78,27.2,0,0,0
2026-09-08 23:50:00,151.3,17,80,24.4,0,0,0
2026-09-08 23:55:00,149.5,40,82,27.9,0,0,0
2026-09-09 00:00:00,151.9,17,80,24.8,0,0,0
2026-09-09 00:05:00,148.5,32,81,23.7,0,0,0
2026-09-09 00:10:00,146.4,21,78,25.8,0,0,0
2026-09-09 00:15:00,148.7,8,78,27.4,0,0,0
2026-09-09 00:20:00,149.6,33,82,25.1,0,0,0
2026-09-09 00:25:00,149.7,0,68,39.5,1,0,0
2026-09-09 00:30:00,149.7,1,73,43.2,1,0,0
2026-09-09 00:35:00,150.1,0,67,40.7,1,0,0
2026-09-09 00:40:00,151.8,1,66,43.7,1,0,0
2026-09-09 00:45:00,155.1,1,70,42.6,1,0,0
2026-09-09 00:50:00,150.6,0,71,41.3,1,0,0
2026-09-09 00:55:00,149.8,0,72,41.5,1,0,0
2026-09-09 01:00:00,151.8,0,70,42.0,1,0,0
2026-09-09 01:05:00,151.8,0,68,42.8,1,0,0
2026-09-09 01:10:00,146.4,1,67,40.2,1,0,0
2026-09-09 01:15:00,148.8,1,72,42.7,1,0,0
2026-09-09 01:20:00,148.2,0,69,43.7,1,0,0
2026-09-09 01:25:00,146.7,0,72,40.7,1,0,0
2026-09-09 01:30:00,146.5,1,68,40.4,1,0,0
2026-09-09 01:35:00,144.7,0,71,42.6,1,0,0
2026-09-09 01:40:00,144.4,1,69,40.9,1,0,0
2026-09-09 01:45:00,148.4,0,69,39.0,1,0,0
2026-09-09 01:50:00,148.4,0,71,44.1,1,0,0
2026-09-09 01:55:00,148.9,0,70,38.9,1,0,0
2026-09-09 02:00:00,149.8,0,71,43.3,1,0,0
2026-09-09 02:05:00,148.2,0,71,38.7,1,0,0
2026-09-09 02:10:00,148.0,1,71,41.9,1,0,0
2026-09-09 02:15:00,146.5,0,70,38.9,1,0,0
2026-09-09 02:20:00,148.9,1,73,40.8,1,0,0
2026-09-09 02:25:00,147.0,0,72,39.4,1,0,0
2026-09-09 02:30:00,148.6,0,70,40.0,1,0,0
2026-09-09 02:35:00,150.5,0,70,45.3,1,0,0
2026-09-09 02:40:00,150.8,0,68,41.6,1,0,0
2026-09-09 02:45:00,148.3,0,69,41.8,1,0,0
2026-09-09 02:50:00,143.3,0,70,42.9,1,0,0
2026-09-09 02:55:00,140.2,0,67,39.8,1,0,0
2026-09-09 03:00:00,141.0,0,68,42.7,1,0,0
2026-09-09 03:05:00,145.4,0,69,41.5,1,0,0
2026-09-09 03:10:00,142.7,0,70,41.3,1,0,0
2026-09-09 03:15:00,143.5,0,70,38.4,1,0,0
2026-09-09 03:20:00,145.4,0,70,41.3,1,0,0
2026-09-09 03:25:00,144.2,0,69,39.6,1,0,0
2026-09-09 03:30:00,145.5,0,70,39.9,1,0,0
2026-09-09 03:35:00,145.4,0,68,43.6,1,0,0
2026-09-09 03:40:00,149.3,1,69,41.5,1,0,0
2026-09-09 03:45:00,151.9,0,70,39.9,1,0,0
2026-09-09 03:50:00,153.7,0,72,47.8,1,0,0
2026-09-09 03:55:00,152.3,1,71,39.4,1,0,0
2026-09-09 04:00:00,152.4,1,69,37.4,1,0,0
2026-09-09 04:05:00,152.6,0,74,45.1,1,0,0
2026-09-09 04:10:00,155.8,0,67,41.5,1,0,0
2026-09-09 04:15:00,155.4,0,69,43.3,1,0,0
2026-09-09 04:20:00,154.0,1,69,48.6,1,0,0
2026-09-09 04:25:00,154.2,0,70,41.6,1,0,0
2026-09-09 04:30:00,154.9,3,68,39.9,1,0,0
2026-09-09 04:35:00,154.2,0,69,40.1,1,0,0
2026-09-09 04:40:00,154.5,0,69,45.1,1,0,0
2026-09-09 04:45:00,152.7,0,71,43.7,1,0,0
2026-09-09 04:50:00,156.0,1,73,39.0,1,0,0
2026-09-09 04:55:00,156.8,3,71,42.5,1,0,0
2026-09-09 05:00:00,158.3,1,73,44.3,1,0,0
2026-09-09 05:05:00,159.6,0,71,44.6,1,0,0
2026-09-09 05:10:00,159.9,0,71,42.2,1,0,0
2026-09-09 05:15:00,160.8,0,70,39.4,1,0,0
2026-09-09 05:20:00,158.8,0,72,44.0,1,0,0
2026-09-09 05:25:00,158.8,0,72,41.4,1,0,0
2026-09-09 05:30:00,152.5,0,72,43.5,1,0,0
2026-09-09 05:35:00,153.8,0,68,40.4,1,0,0
2026-09-09 05:40:00,153.9,0,70,40.2,1,0,0
2026-09-09 05:45:00,154.8,0,72,39.4,1,0,0
2026-09-09 05:50:00,156.7,0,73,41.2,1,0,0
2026-09-09 05:55:00,155.0,0,70,41.4,1,0,0
2026-09-09 06:00:00,158.1,0,72,38.2,1,0,0
2026-09-09 06:05:00,159.2,0,69,45.7,1,0,0
2026-09-09 06:10:00,159.6,0,70,43.1,1,0,0
2026-09-09 06:15:00,160.6,0,68,41.0,1,0,0
2026-09-09 06:20:00,158.1,0,72,42.4,1,0,0
2026-09-09 06:25:00,153.5,0,69,41.0,1,0,0
2026-09-09 06:30:00,153.0,26,78,22.6,0,0,0
2026-09-09 06:35:00,151.5,8,80,26.0,0,0,0
2026-09-09 06:40:00,151.7,44,83,28.5,0,0,0
2026-09-09 06:45:00,150.2,26,79,22.7,0,0,0
2026-09-09 06:50:00,147.5,23,79,24.6,0,0,0
2026-09-09 06:55:00,147.6,14,79,23.8,0,0,0
2026-09-09 07:00:00,151.4,18,76,24.1,0,0,0
2026-09-09 07:05:00,150.4,17,79,26.5,0,0,0
2026-09-09 07:10:00,149.9,24,80,24.0,0,0,0
2026-09-09 07:15:00,148.6,12,78,26.1,0,0,0
2026-09-09 07:20:00,147.1,27,80,30.8,0,0,0
2026-09-09 07:25:00,146.7,25,78,24.5,0,0,0
2026-09-09 07:30:00,149.8,15,84,25.0,0,44,65
2026-09-09 07:35:00,157.9,23,85,25.0,0,0,0
2026-09-09 07:40:00,164.2,14,84,26.0,0,0,0
2026-09-09 07:45:00,163.2,14,83,24.5,0,0,0
2026-09-09 07:50:00,169.2,19,78,24.9,0,0,0
2026-09-09 07:55:00,172.0,38,85,24.8,0,0,0
2026-09-09 08:00:00,178.3,27,80,24.2,0,0,0
2026-09-09 08:05:00,178.6,22,79,24.2,0,0,0
2026-09-09 08:10:00,181.4,19,80,25.6,0,0,0
2026-09-09 08:15:00,178.9,27,82,27.1,0,0,0
2026-09-09 08:20:00,180.3,25,80,24.7,0,0,0
2026-09-09 08:25:00,178.7,9,79,24.1,0,0,0
2026-09-09 08:30:00,180.8,22,80,24.2,0,0,0
2026-09-09 08:35:00,176.8,25,83,24.9,0,0,0
2026-09-09 08:40:00,173.4,11,80,25.4,0,0,0
2026-09-09 08:45:00,172.6,29,79,28.2,0,0,0
2026-09-09 08:50:00,172.9,29,81,27.1,0,0,0
2026-09-09 08:55:00,173.4,26,82,28.6,0,0,0
2026-09-09 09:00:00,173.5,10,81,25.0,0,0,0
2026-09-09 09:05:00,170.7,8,80,26.0,0,0,0
2026-09-09 09:10:00,167.2,15,81,24.0,0,0,0
2026-09-09 09:15:00,164.0,19,81,26.9,0,0,0
2026-09-09 09:20:00,163.5,13,78,28.8,0,0,0
2026-09-09 09:25:00,164.9,12,76,26.2,0,0,0
2026-09-09 09:30:00,163.3,541,108,25.6,0,0,0
2026-09-09 09:35:00,161.2,545,114,30.7,0,0,0
2026-09-09 09:40:00,162.3,521,108,26.5,0,0,0
2026-09-09 09:45:00,160.7,46,84,24.4,0,0,0
2026-09-09 09:50:00,162.2,15,78,23.0,0,0,0
2026-09-09 09:55:00,161.4,45,81,29.3,0,0,0
2026-09-09 10:00:00,161.2,34,80,25.2,0,0,0
2026-09-09 10:05:00,159.4,20,81,26.5,0,0,0
2026-09-09 10:10:00,160.6,24,81,27.5,0,0,0
2026-09-09 10:15:00,160.6,22,82,30.0,0,0,0
2026-09-09 10:20:00,160.6,49,80,28.3,0,0,0
2026-09-09 10:25:00,158.7,14,79,22.9,0,0,0
2026-09-09 10:30:00,160.6,13,78,25.0,0,0,0
2026-09-09 10:35:00,157.2,43,79,24.5,0,0,0
2026-09-09 10:40:00,155.0,31,82,30.5,0,0,0
2026-09-09 10:45:00,154.3,28,78,24.2,0,0,0
2026-09-09 10:50:00,151.5,19,79,30.7,0,0,0
2026-09-09 10:55:00,151.5,43,84,25.2,0,0,0
2026-09-09 11:00:00,146.9,16,80,23.5,0,0,0
2026-09-09 11:05:00,149.3,354,98,24.0,0,0,0
2026-09-09 11:10:00,149.9,344,97,29.3,0,0,0
2026-09-09 11:15:00,151.3,23,78,23.5,0,0,0
2026-09-09 11:20:00,147.9,18,78,28.6,0,0,0
2026-09-09 11:25:00,148.4,24,82,25.7,0,0,0
2026-09-09 11:30:00,148.2,40,83,24.1,0,0,0
2026-09-09 11:35:00,150.8,33,81,26.3,0,0,0
2026-09-09 11:40:00,150.0,19,78,24.4,0,0,0
2026-09-09 11:45:00,149.0,23,77,24.9,0,0,0
2026-09-09 11:50:00,148.4,29,80,26.2,0,0,0
2026-09-09 11:55:00,147.4,19,84,23.2,0,0,0
2026-09-09 12:00:00,147.9,29,78,26.4,0,0,0
2026-09-09 12:05:00,147.9,31,83,27.6,0,0,0
2026-09-09 12:10:00,143.0,22,75,25.9,0,0,0
2026-09-09 12:15:00,142.1,14,78,25.4,0,0,0
2026-09-09 12:20:00,143.2,20,77,27.0,0,0,0
2026-09-09 12:25:00,140.3,14,80,25.6,0,0,0
2026-09-09 12:30:00,139.2,35,83,31.4,0,0,0
2026-09-09 12:35:00,141.4,18,75,24.8,0,0,0
2026-09-09 12:40:00,144.6,39,78,23.5,0,0,0
2026-09-09 12:45:00,144.1,24,79,27.7,0,0,0
2026-09-09 12:50:00,143.1,21,79,24.5,0,0,0
2026-09-09 12:55:00,144.7,10,75,23.3,0,0,0
2026-09-09 13:00:00,144.5,15,82,24.5,0,0,0
2026-09-09 13:05:00,145.9,14,76,26.8,0,0,0
2026-09-09 13:10:00,145.4,25,80,25.6,0,0,0
2026-09-09 13:15:00,145.3,31,81,25.2,0,0,0
2026-09-09 13:20:00,147.1,14,83,26.0,0,89,75
2026-09-09 13:25:00,167.4,28,83,25.9,0,0,0
2026-09-09 13:30:00,181.3,37,82,27.7,0,0,0
2026-09-09 13:35:00,194.8,11,83,24.5,0,0,0
2026-09-09 13:40:00,198.2,29,82,28.6,0,0,0
2026-09-09 13:45:00,202.5,21,79,29.7,0,0,0
2026-09-09 13:50:00,209.6,33,79,23.0,0,0,0
2026-09-09 13:55:00,214.5,17,79,27.1,0,0,0
2026-09-09 14:00:00,219.2,17,82,26.3,0,0,0
2026-09-09 14:05:00,221.1,25,79,24.7,0,0,0
2026-09-09 14:10:00,220.4,27,84,23.9,0,0,0
2026-09-09 14:15:00,218.0,34,81,28.5,0,0,0
2026-09-09 14:20:00,218.5,20,81,24.7,0,0,0
2026-09-09 14:25:00,217.8,18,80,26.2,0,0,0
2026-09-09 14:30:00,212.3,18,81,28.5,0,0,0
2026-09-09 14:35:00,209.8,31,84,27.4,0,0,0
2026-09-09 14:40:00,209.0,8,77,23.4,0,0,0
2026-09-09 14:45:00,206.8,27,82,25.7,0,0,0
2026-09-09 14:50:00,205.0,16,76,26.2,0,0,0
2026-09-09 14:55:00,203.2,30,81,27.5,0,0,0
2026-09-09 15:00:00,199.2,28,83,26.1,0,0,0
2026-09-09 15:05:00,195.9,23,81,26.7,0,0,0
2026-09-09 15:10:00,192.3,23,81,28.1,0,0,0
2026-09-09 15:15:00,191.0,28,79,22.3,0,0,0
2026-09-09 15:20:00,187.1,17,79,25.4,0,0,0
2026-09-09 15:25:00,183.1,20,80,25.6,0,0,0
2026-09-09 15:30:00,182.1,30,82,23.6,0,0,0
2026-09-09 15:35:00,177.5,30,81,27.6,0,0,0
2026-09-09 15:40:00,172.8,7,75,28.4,0,0,0
2026-09-09 15:45:00,169.4,33,82,27.0,0,0,0
2026-09-09 15:50:00,167.2,14,79,28.0,0,0,0
2026-09-09 15:55:00,164.4,25,77,29.7,0,0,0
2026-09-09 16:00:00,159.4,11,80,25.0,0,0,0
2026-09-09 16:05:00,159.7,30,78,27.3,0,0,0
2026-09-09 16:10:00,157.9,18,79,24.7,0,0,0
2026-09-09 16:15:00,154.4,20,83,21.6,0,0,0
2026-09-09 16:20:00,158.5,31,82,22.5,0,0,0
2026-09-09 16:25:00,162.8,29,81,28.3,0,0,0
2026-09-09 16:30:00,161.8,7,78,23.1,0,0,0
2026-09-09 16:35:00,162.8,43,81,29.2,0,0,0
2026-09-09 16:40:00,159.7,31,83,24.6,0,0,0
2026-09-09 16:45:00,159.7,17,78,27.7,0,0,0
2026-09-09 16:50:00,161.8,8,81,22.6,0,0,0
2026-09-09 16:55:00,161.2,35,80,27.0,0,0,0
2026-09-09 17:00:00,158.4,25,79,27.3,0,0,0
2026-09-09 17:05:00,158.7,13,83,26.7,0,0,0
2026-09-09 17:10:00,159.5,23,76,25.9,0,0,0
2026-09-09 17:15:00,159.9,26,80,26.0,0,0,0
2026-09-09 17:20:00,159.6,28,79,24.3,0,0,0
2026-09-09 17:25:00,157.3,20,76,28.8,0,0,0
2026-09-09 17:30:00,155.5,23,78,30.6,0,0,0
2026-09-09 17:35:00,155.4,30,81,26.4,0,0,0
2026-09-09 17:40:00,151.7,24,79,25.5,0,0,0
2026-09-09 17:45:00,152.3,15,81,26.6,0,0,0
2026-09-09 17:50:00,148.0,26,81,28.8,0,0,0
2026-09-09 17:55:00,146.5,18,75,25.7,0,0,0
2026-09-09 18:00:00,144.9,28,85,25.8,0,0,0
2026-09-09 18:05:00,145.0,33,83,26.4,0,0,0
2026-09-09 18:10:00,146.7,6,77,21.6,0,0,0
2026-09-09 18:15:00,149.4,28,82,26.1,0,0,0
2026-09-09 18:20:00,149.0,28,79,29.8,0,0,0
2026-09-09 18:25:00,149.5,30,80,24.3,0,0,0
2026-09-09 18:30:00,150.0,20,78,28.4,0,0,0
2026-09-09 18:35:00,148.3,28,80,24.4,0,0,0
2026-09-09 18:40:00,150.0,37,80,28.2,0,0,0
2026-09-09 18:45:00,149.8,18,75,24.0,0,0,0
2026-09-09 18:50:00,150.5,12,80,26.2,0,0,0
2026-09-09 18:55:00,148.8,11,79,27.1,0,0,0
2026-09-09 19:00:00,149.4,25,79,27.6,0,0,0
2026-09-09 19:05:00,148.8,20,80,26.2,0,0,0
2026-09-09 19:10:00,146.7,21,78,21.5,0,0,0
2026-09-09 19:15:00,147.2,14,82,26.7,0,0,0
2026-09-09 19:20:00,148.0,15,77,26.7,0,0,0
2026-09-09 19:25:00,146.0,36,80,25.6,0,0,0
2026-09-09 19:30:00,148.0,36,79,25.0,0,0,0
2026-09-09 19:35:00,147.6,39,86,26.5,0,0,0
2026-09-09 19:40:00,144.1,16,79,26.7,0,0,0
2026-09-09 19:45:00,147.2,40,81,26.7,0,0,0
2026-09-09 19:50:00,148.1,21,75,26.2,0,0,0
2026-09-09 19:55:00,147.7,21,79,28.7,0,0,0
2026-09-09 20:00:00,143.5,23,80,29.4,0,0,0
2026-09-09 20:05:00,143.9,15,81,25.6,0,0,0
2026-09-09 20:10:00,145.6,30,80,26.9,0,0,0
2026-09-09 20:15:00,149.4,26,78,27.4,0,0,0
2026-09-09 20:20:00,147.4,38,81,29.1,0,0,0
2026-09-09 20:25:00,147.4,23,78,24.1,0,0,0
2026-09-09 20:30:00,145.7,9,81,25.2,0,0,0
2026-09-09 20:35:00,145.1,16,75,26.4,0,0,0
2026-09-09 20:40:00,143.1,26,79,29.8,0,0,0
2026-09-09 20:45:00,144.0,25,77,21.5,0,0,0
2026-09-09 20:50:00,143.6,26,82,30.9,0,0,0
2026-09-09 20:55:00,144.4,35,78,24.1,0,0,0
2026-09-09 21:00:00,144.1,33,79,24.8,0,0,0
2026-09-09 21:05:00,142.5,19,80,29.2,0,0,0
2026-09-09 21:10:00,142.8,45,80,27.8,0,92,70
2026-09-09 21:15:00,159.8,44,85,23.0,0,0,0
2026-09-09 21:20:00,173.3,23,83,23.4,0,0,0
2026-09-09 21:25:00,183.6,15,82,29.2,0,0,0
2026-09-09 21:30:00,191.3,42,81,26.2,0,0,0
2026-09-09 21:35:00,197.7,23,84,28.7,0,0,0
2026-09-09 21:40:00,203.6,26,78,23.6,0,0,0
2026-09-09 21:45:00,207.3,20,82,25.8,0,0,0
2026-09-09 21:50:00,209.6,37,79,26.6,0,0,0
2026-09-09 21:55:00,210.7,42,82,22.7,0,0,0
2026-09-09 22:00:00,207.9,16,80,23.3,0,0,0
2026-09-09 22:05:00,208.5,18,76,24.2,0,0,0
2026-09-09 22:10:00,204.6,13,79,26.4,0,0,0
2026-09-09 22:15:00,205.2,41,80,23.8,0,0,0
2026-09-09 22:20:00,199.9,27,76,25.9,0,0,0
2026-09-09 22:25:00,199.5,5,76,27.4,0,0,0
2026-09-09 22:30:00,197.0,31,77,24.5,0,0,0
2026-09-09 22:35:00,196.8,47,82,19.8,0,0,0
2026-09-09 22:40:00,195.0,7,77,26.2,0,0,0
2026-09-09 22:45:00,194.3,29,80,26.8,0,0,0
2026-09-09 22:50:00,191.8,61,81,25.2,0,0,0
2026-09-09 22:55:00,188.5,25,82,27.2,0,0,0
2026-09-09 23:00:00,185.6,26,82,28.4,0,0,0
2026-09-09 23:05:00,186.4,40,76,27.9,0,0,0
2026-09-09 23:10:00,182.1,14,78,25.3,0,0,0
2026-09-09 23:15:00,181.2,13,76,28.3,0,0,0
2026-09-09 23:20:00,179.6,90,86,26.4,0,0,0
2026-09-09 23:25:00,175.6,30,79,25.2,0,0,0
2026-09-09 23:30:00,174.5,28,77,26.8,0,0,0
2026-09-09 23:35:00,168.4,20,83,25.7,0,0,0
2026-09-09 23:40:00,168.2,23,79,29.3,0,0,0
2026-09-09 23:45:00,165.6,25,81,26.4,0,0,0
2026-09-09 23:50:00,163.0,11,80,25.9,0,0,0
2026-09-09 23:55:00,162.1,19,81,25.3,0,0,0
2026-09-10 00:00:00,153.8,27,78,26.5,0,0,0
2026-09-10 00:05:00,154.8,14,75,30.4,0,0,0
2026-09-10 00:10:00,156.6,12,78,29.9,0,0,0
2026-09-10 00:15:00,155.0,16,81,25.7,0,0,0
2026-09-10 00:20:00,150.8,21,81,25.5,0,0,0
2026-09-10 00:25:00,148.9,17,82,28.2,0,0,0
2026-09-10 00:30:00,150.0,20,78,25.4,0,0,0
2026-09-10 00:35:00,148.3,27,81,24.2,0,0,0
2026-09-10 00:40:00,149.0,16,80,24.4,0,0,0
2026-09-10 00:45:00,148.6,46,83,28.3,0,0,0
2026-09-10 00:50:00,145.6,36,78,28.8,0,0,0
2026-09-10 00:55:00,145.8,26,79,28.7,0,0,0
2026-09-10 01:00:00,143.2,0,71,43.1,1,0,0
2026-09-10 01:05:00,144.1,0,67,44.7,1,0,0
2026-09-10 01:10:00,144.7,0,69,43.7,1,0,0
2026-09-10 01:15:00,144.9,0,70,41.0,1,0,0
2026-09-10 01:20:00,144.5,1,71,40.8,1,0,0
2026-09-10 01:25:00,144.4,0,66,44.3,1,0,0
2026-09-10 01:30:00,142.2,0,70,45.1,1,0,0
2026-09-10 01:35:00,143.4,0,70,46.0,1,0,0
2026-09-10 01:40:00,143.7,1,68,42.5,1,0,0
2026-09-10 01:45:00,144.5,1,66,44.0,1,0,0
2026-09-10 01:50:00,142.2,0,71,47.6,1,0,0
2026-09-10 01:55:00,144.0,0,69,48.9,1,0,0
2026-09-10 02:00:00,145.4,0,70,43.9,1,0,0
2026-09-10 02:05:00,143.3,0,69,42.9,1,0,0
2026-09-10 02:10:00,140.5,0,70,42.7,1,0,0
2026-09-10 02:15:00,138.5,0,71,43.1,1,0,0
2026-09-10 02:20:00,140.7,0,72,44.3,1,0,0
2026-09-10 02:25:00,138.4,1,69,43.7,1,0,0
2026-09-10 02:30:00,137.1,0,70,39.5,1,0,0
2026-09-10 02:35:00,137.1,0,74,42.5,1,0,0
2026-09-10 02:40:00,136.4,0,71,42.8,1,0,0
2026-09-10 02:45:00,137.1,2,71,41.7,1,0,0
2026-09-10 02:50:00,138.4,0,67,45.1,1,0,0
2026-09-10 02:55:00,139.3,0,72,41.8,1,0,0
2026-09-10 03:00:00,136.1,0,67,43.4,1,0,0
2026-09-10 03:05:00,138.0,0,69,42.9,1,0,0
2026-09-10 03:10:00,138.4,1,73,46.3,1,0,0
2026-09-10 03:15:00,135.1,1,71,46.3,1,0,0
2026-09-10 03:20:00,131.2,0,69,44.6,1,0,0
2026-09-10 03:25:00,134.5,0,72,44.1,1,0,0
2026-09-10 03:30:00,133.5,0,74,44.8,1,0,0
2026-09-10 03:35:00,138.5,1,70,47.1,1,0,0
2026-09-10 03:40:00,138.8,1,73,44.0,1,0,0
2026-09-10 03:45:00,139.1,1,69,39.7,1,0,0
2026-09-10 03:50:00,138.0,0,72,43.8,1,0,0
2026-09-10 03:55:00,138.8,0,68,45.3,1,0,0
2026-09-10 04:00:00,135.6,0,70,42.1,1,0,0
2026-09-10 04:05:00,142.1,0,67,42.2,1,0,0
2026-09-10 04:10:00,141.7,0,68,49.6,1,0,0
2026-09-10 04:15:00,140.9,1,67,45.0,1,0,0
2026-09-10 04:20:00,140.1,0,75,45.9,1,0,0
2026-09-10 04:25:00,140.8,0,68,45.1,1,0,0
2026-09-10 04:30:00,141.5,0,67,45.3,1,0,0
2026-09-10 04:35:00,143.9,1,70,42.7,1,0,0
2026-09-10 04:40:00,148.0,0,69,42.3,1,0,0
2026-09-10 04:45:00,145.3,2,68,48.6,1,0,0
2026-09-10 04:50:00,143.0,0,69,46.1,1,0,0
2026-09-10 04:55:00,141.4,0,70,44.0,1,0,0
2026-09-10 05:00:00,140.6,0,69,42.2,1,0,0
2026-09-10 05:05:00,140.8,0,71,42.5,1,0,0
2026-09-10 05:10:00,142.4,0,69,44.4,1,0,0
2026-09-10 05:15:00,145.2,0,68,42.5,1,0,0
2026-09-10 05:20:00,146.1,0,72,46.3,1,0,0
2026-09-10 05:25:00,146.3,0,65,43.0,1,0,0
2026-09-10 05:30:00,146.2,1,73,43.7,1,0,0
2026-09-10 05:35:00,146.9,1,69,44.4,1,0,0
2026-09-10 05:40:00,144.8,0,70,47.2,1,0,0
2026-09-10 05:45:00,146.3,0,71,41.6,1,0,0
2026-09-10 05:50:00,149.2,0,66,42.0,1,0,0
2026-09-10 05:55:00,147.7,0,70,42.9,1,0,0
2026-09-10 06:00:00,146.9,2,69,46.3,1,0,0
2026-09-10 06:05:00,147.0,0,65,46.3,1,0,0
2026-09-10 06:10:00,148.0,0,72,44.9,1,0,0
2026-09-10 06:15:00,147.7,0,71,45.3,1,0,0
2026-09-10 06:20:00,146.8,30,78,26.9,0,0,0
2026-09-10 06:25:00,142.0,15,78,22.4,0,0,0
2026-09-10 06:30:00,142.7,29,79,26.9,0,0,0
2026-09-10 06:35:00,142.8,20,79,27.9,0,0,0
2026-09-10 06:40:00,140.8,13,77,24.8,0,0,0
2026-09-10 06:45:00,140.4,23,83,24.7,0,0,0
2026-09-10 06:50:00,141.9,30,79,28.9,0,0,0
2026-09-10 06:55:00,145.3,11,76,27.7,0,0,0
2026-09-10 07:00:00,145.3,25,75,25.9,0,0,0
2026-09-10 07:05:00,147.1,35,80,23.5,0,0,0
2026-09-10 07:10:00,145.0,29,80,26.6,0,0,0
2026-09-10 07:15:00,143.4,24,83,25.1,0,0,0
2026-09-10 07:20:00,143.2,31,80,26.2,0,0,0
2026-09-10 07:25:00,144.6,9,78,28.6,0,0,0
2026-09-10 07:30:00,145.2,18,80,27.2,0,0,0
2026-09-10 07:35:00,143.9,22,74,25.3,0,0,0
2026-09-10 07:40:00,141.7,21,80,21.3,0,0,0
2026-09-10 07:45:00,142.1,40,78,26.1,0,0,0
2026-09-10 07:50:00,140.4,19,77,25.9,0,0,0
2026-09-10 07:55:00,138.2,30,80,27.6,0,0,0
2026-09-10 08:00:00,138.0,16,82,27.1,0,0,0
2026-09-10 08:05:00,138.8,20,79,27.4,0,0,0
2026-09-10 08:10:00,137.0,15,82,27.5,0,0,0
2026-09-10 08:15:00,135.0,35,80,28.7,0,0,0
2026-09-10 08:20:00,136.1,47,80,29.3,0,0,0
2026-09-10 08:25:00,138.2,32,79,26.8,0,0,0
2026-09-10 08:30:00,137.5,13,80,26.1,0,0,0
2026-09-10 08:35:00,136.6,37,82,29.2,0,0,0
2026-09-10 08:40:00,139.7,41,81,24.8,0,0,0
2026-09-10 08:45:00,140.0,20,78,23.7,0,0,0
2026-09-10 08:50:00,142.2,11,80,30.2,0,0,0
2026-09-10 08:55:00,141.2,14,85,24.7,0,0,0
2026-09-10 09:00:00,140.6,16,83,28.8,0,60,78
2026-09-10 09:05:00,148.6,32,82,28.4,0,0,0
2026-09-10 09:10:00,154.4,29,83,27.0,0,0,0
2026-09-10 09:15:00,158.2,494,109,27.7,0,0,0
2026-09-10 09:20:00,163.5,492,109,28.1,0,0,0
2026-09-10 09:25:00,169.5,29,80,27.3,0,0,0
2026-09-10 09:30:00,172.2,24,81,29.0,0,0,0
2026-09-10 09:35:00,172.7,19,78,30.0,0,0,0
2026-09-10 09:40:00,175.1,32,80,27.0,0,0,0
2026-09-10 09:45:00,177.5,31,79,24.7,0,0,0
2026-09-10 09:50:00,182.9,15,79,27.5,0,0,0
2026-09-10 09:55:00,178.9,26,80,23.8,0,0,0
2026-09-10 10:00:00,177.2,25,81,26.8,0,0,0
2026-09-10 10:05:00,173.3,31,81,29.5,0,0,0
2026-09-10 10:10:00,171.3,11,78,26.3,0,0,0
2026-09-10 10:15:00,167.1,25,76,29.6,0,0,0
2026-09-10 10:20:00,166.8,16,79,31.5,0,0,0
2026-09-10 10:25:00,166.7,31,80,27.3,0,0,0
2026-09-10 10:30:00,163.7,10,79,26.3,0,0,0
2026-09-10 10:35:00,161.5,35,79,25.6,0,0,0
2026-09-10 10:40:00,159.9,16,81,25.6,0,0,0
2026-09-10 10:45:00,156.9,23,81,28.2,0,0,0
2026-09-10 10:50:00,159.4,30,80,26.1,0,0,0
2026-09-10 10:55:00,159.2,22,80,27.2,0,0,0
2026-09-10 11:00:00,160.9,17,78,26.5,0,0,0
2026-09-10 11:05:00,161.0,18,77,28.5,0,0,0
2026-09-10 11:10:00,161.9,36,78,25.2,0,0,0
2026-09-10 11:15:00,158.5,29,81,29.9,0,0,0
2026-09-10 11:20:00,158.5,15,79,29.2,0,0,0
2026-09-10 11:25:00,157.4,8,78,27.7,0,0,0
2026-09-10 11:30:00,154.6,14,79,28.5,0,0,0
2026-09-10 11:35:00,151.5,26,81,29.1,0,0,0
2026-09-10 11:40:00,148.0,15,79,27.8,0,0,0
2026-09-10 11:45:00,149.4,29,78,28.7,0,0,0
2026-09-10 11:50:00,148.6,33,81,29.1,0,0,0
2026-09-10 11:55:00,148.7,25,78,28.4,0,0,0
2026-09-10 12:00:00,147.3,23,80,26.5,0,0,0
2026-09-10 12:05:00,150.7,26,81,32.1,0,0,0
2026-09-10 12:10:00,147.3,31,76,28.9,0,0,0
2026-09-10 12:15:00,148.3,56,83,26.2,0,0,0
2026-09-10 12:20:00,149.1,11,76,23.7,0,0,0
2026-09-10 12:25:00,147.6,47,81,30.6,0,0,0
2026-09-10 12:30:00,145.7,42,83,28.8,0,0,0
2026-09-10 12:35:00,144.2,22,81,24.7,0,0,0
2026-09-10 12:40:00,143.7,24,76,25.4,0,0,0
2026-09-10 12:45:00,145.3,26,80,26.1,0,0,0
2026-09-10 12:50:00,145.5,27,83,27.9,0,0,0
2026-09-10 12:55:00,148.9,26,79,30.4,0,0,0
2026-09-10 13:00:00,147.6,49,80,28.3,0,0,0
2026-09-10 13:05:00,143.2,31,79,26.5,0,0,0
2026-09-10 13:10:00,143.9,39,83,27.5,0,0,0
2026-09-10 13:15:00,145.7,22,84,27.1,0,0,0
2026-09-10 13:20:00,143.8,41,79,27.0,0,0,0
2026-09-10 13:25:00,139.9,17,82,30.1,0,0,0
2026-09-10 13:30:00,140.2,12,81,28.3,0,0,0
2026-09-10 13:35:00,138.3,21,79,27.2,0,0,0
2026-09-10 13:40:00,136.5,15,79,26.1,0,0,0
2026-09-10 13:45:00,135.1,14,81,26.5,0,0,0
2026-09-10 13:50:00,134.7,42,82,22.9,0,0,0
2026-09-10 13:55:00,134.9,16,84,28.5,0,49,50
2026-09-10 14:00:00,144.1,14,84,24.7,0,0,0
2026-09-10 14:05:00,149.8,30,79,26.5,0,0,0
2026-09-10 14:10:00,155.9,11,81,25.2,0,0,0
2026-09-10 14:15:00,157.5,41,83,29.2,0,0,0
2026-09-10 14:20:00,160.8,42,82,27.4,0,0,0
2026-09-10 14:25:00,164.0,54,78,28.7,0,0,0
2026-09-10 14:30:00,165.1,35,81,28.3,0,0,0
2026-09-10 14:35:00,162.8,51,81,26.3,0,0,0
2026-09-10 14:40:00,165.4,30,82,22.9,0,0,0
2026-09-10 14:45:00,163.5,26,80,26.3,0,0,0
2026-09-10 14:50:00,161.4,23,84,30.5,0,0,0
2026-09-10 14:55:00,163.4,18,80,24.3,0,0,0
2026-09-10 15:00:00,163.8,36,78,30.2,0,0,0
2026-09-10 15:05:00,161.6,23,80,22.6,0,0,0
2026-09-10 15:10:00,161.9,18,78,30.0,0,0,0
2026-09-10 15:15:00,159.1,27,79,28.8,0,0,0
2026-09-10 15:20:00,159.5,16,82,32.0,0,0,0
2026-09-10 15:25:00,156.6,14,77,31.9,0,0,0
2026-09-10 15:30:00,160.3,31,79,22.0,0,0,0
2026-09-10 15:35:00,159.5,13,80,28.6,0,0,0
2026-09-10 15:40:00,159.5,15,77,24.6,0,0,0
2026-09-10 15:45:00,157.7,16,78,28.3,0,0,0
2026-09-10 15:50:00,156.7,401,107,24.9,0,0,0
2026-09-10 15:55:00,153.8,386,103,30.2,0,0,0
2026-09-10 16:00:00,151.4,408,101,28.4,0,0,0
2026-09-10 16:05:00,149.4,408,102,25.2,0,0,0
2026-09-10 16:10:00,146.8,13,81,24.1,0,0,0
2026-09-10 16:15:00,142.6,53,83,25.7,0,0,0
2026-09-10 16:20:00,138.1,28,77,26.0,0,0,0
2026-09-10 16:25:00,135.3,30,78,26.8,0,0,0
2026-09-10 16:30:00,135.2,27,80,26.5,0,0,0
2026-09-10 16:35:00,132.8,23,79,26.6,0,0,0
2026-09-10 16:40:00,132.0,40,82,26.2,0,0,0
2026-09-10 16:45:00,132.4,40,81,26.9,0,0,0
2026-09-10 16:50:00,128.9,20,77,27.6,0,0,0
2026-09-10 16:55:00,127.4,15,78,26.4,0,0,0
2026-09-10 17:00:00,131.4,12,79,26.1,0,0,0
2026-09-10 17:05:00,131.3,19,76,28.7,0,0,0
2026-09-10 17:10:00,131.0,20,79,26.2,0,0,0
2026-09-10 17:15:00,129.6,52,79,28.5,0,0,0
2026-09-10 17:20:00,132.3,27,81,25.6,0,0,0
2026-09-10 17:25:00,131.0,18,78,26.2,0,0,0
2026-09-10 17:30:00,131.1,44,79,26.3,0,0,0
2026-09-10 17:35:00,134.8,37,83,25.5,0,0,0
2026-09-10 17:40:00,138.8,22,81,28.4,0,0,0
2026-09-10 17:45:00,138.8,23,82,25.8,0,0,0
2026-09-10 17:50:00,137.5,14,78,29.3,0,0,0
2026-09-10 17:55:00,137.7,388,102,27.2,0,0,0
2026-09-10 18:00:00,138.0,395,101,28.1,0,0,0
2026-09-10 18:05:00,135.5,13,78,26.4,0,0,0
2026-09-10 18:10:00,134.7,39,78,31.2,0,0,0
2026-09-10 18:15:00,136.7,23,78,26.2,0,0,0
2026-09-10 18:20:00,136.6,37,86,27.9,0,17,50
2026-09-10 18:25:00,141.8,25,81,28.8,0,0,0
2026-09-10 18:30:00,145.1,40,85,28.6,0,0,0
2026-09-10 18:35:00,149.8,12,80,26.6,0,0,0
2026-09-10 18:40:00,150.5,38,85,27.5,0,0,0
2026-09-10 18:45:00,151.1,10,83,25.9,0,0,0
2026-09-10 18:50:00,152.4,19,79,23.0,0,0,0
2026-09-10 18:55:00,148.8,19,80,26.7,0,0,0
2026-09-10 19:00:00,150.5,27,80,26.2,0,0,0
2026-09-10 19:05:00,152.3,27,82,28.4,0,0,0
2026-09-10 19:10:00,148.2,13,79,28.3,0,0,0
2026-09-10 19:15:00,147.8,14,81,30.0,0,0,0
2026-09-10 19:20:00,144.0,16,77,24.8,0,0,0
2026-09-10 19:25:00,144.7,16,77,25.5,0,0,0
2026-09-10 19:30:00,145.8,15,81,25.0,0,0,0
2026-09-10 19:35:00,142.8,15,79,27.3,0,0,0
2026-09-10 19:40:00,143.0,28,82,24.8,0,0,0
2026-09-10 19:45:00,142.3,9,80,26.4,0,0,0
2026-09-10 19:50:00,140.6,34,82,28.2,0,0,0
2026-09-10 19:55:00,140.1,26,81,24.5,0,0,0
2026-09-10 20:00:00,138.2,31,82,27.9,0,0,0
2026-09-10 20:05:00,144.5,26,77,30.0,0,0,0
2026-09-10 20:10:00,143.5,33,82,27.6,0,0,0
2026-09-10 20:15:00,142.7,11,79,26.2,0,0,0
2026-09-10 20:20:00,140.4,40,77,28.1,0,0,0
2026-09-10 20:25:00,140.8,9,80,22.5,0,0,0
2026-09-10 20:30:00,141.1,18,77,27.1,0,0,0
2026-09-10 20:35:00,141.0,6,83,27.9,0,76,75
2026-09-10 20:40:00,155.6,9,83,27.2,0,0,0
2026-09-10 20:45:00,168.9,25,80,25.6,0,0,0
2026-09-10 20:50:00,179.2,30,79,26.4,0,0,0
2026-09-10 20:55:00,186.4,29,83,28.0,0,0,0
2026-09-10 21:00:00,190.9,14,79,26.2,0,0,0
2026-09-10 21:05:00,192.1,19,83,25.1,0,0,0
2026-09-10 21:10:00,194.4,22,81,25.5,0,0,0
2026-09-10 21:15:00,196.6,21,81,26.0,0,0,0
2026-09-10 21:20:00,197.4,28,82,27.0,0,0,0
2026-09-10 21:25:00,199.2,5,76,29.0,0,0,0
2026-09-10 21:30:00,199.7,25,78,30.1,0,0,0
2026-09-10 21:35:00,199.4,19,75,26.2,0,0,0
2026-09-10 21:40:00,197.1,50,83,28.4,0,0,0
2026-09-10 21:45:00,197.1,23,79,29.5,0,0,0
2026-09-10 21:50:00,193.0,45,81,25.3,0,0,0
2026-09-10 21:55:00,187.5,32,83,27.4,0,0,0
2026-09-10 22:00:00,184.4,13,81,29.5,0,0,0
2026-09-10 22:05:00,182.7,16,78,26.2,0,0,0
2026-09-10 22:10:00,180.2,23,80,32.0,0,0,0
2026-09-10 22:15:00,175.3,28,81,30.1,0,0,0
2026-09-10 22:20:00,170.5,33,81,25.0,0,0,0
2026-09-10 22:25:00,169.6,24,82,25.1,0,0,0
2026-09-10 22:30:00,169.5,28,80,27.3,0,0,0
2026-09-10 22:35:00,166.8,50,79,28.9,0,0,0
2026-09-10 22:40:00,164.2,17,80,26.9,0,0,0
2026-09-10 22:45:00,156.9,30,84,25.9,0,0,0
2026-09-10 22:50:00,157.0,23,78,24.1,0,0,0
2026-09-10 22:55:00,154.3,11,82,32.4,0,0,0
2026-09-10 23:00:00,156.2,19,82,27.8,0,0,0
2026-09-10 23:05:00,152.4,17,78,27.7,0,0,0
2026-09-10 23:10:00,157.6,22,78,25.2,0,0,0
2026-09-10 23:15:00,157.0,37,81,26.3,0,0,0
2026-09-10 23:20:00,154.6,22,77,28.2,0,0,0
2026-09-10 23:25:00,152.1,43,83,25.1,0,0,0
2026-09-10 23:30:00,149.8,21,76,30.7,0,0,0
2026-09-10 23:35:00,149.5,22,79,28.0,0,0,0
2026-09-10 23:40:00,151.6,48,84,27.9,0,0,0
2026-09-10 23:45:00,149.8,15,76,29.3,0,0,0
2026-09-10 23:50:00,148.7,34,81,24.9,0,0,0
2026-09-10 23:55:00,149.9,20,82,30.2,0,0,0
2026-09-11 00:00:00,153.9,37,82,31.4,0,0,0
2026-09-11 00:05:00,155.4,0,71,40.2,1,0,0
2026-09-11 00:10:00,156.3,0,68,42.6,1,0,0
2026-09-11 00:15:00,155.4,0,69,42.5,1,0,0
2026-09-11 00:20:00,154.3,0,72,44.3,1,0,0
2026-09-11 00:25:00,152.7,0,71,46.3,1,0,0
2026-09-11 00:30:00,153.4,0,67,43.5,1,0,0
2026-09-11 00:35:00,152.0,0,70,46.3,1,0,0
2026-09-11 00:40:00,150.8,0,71,43.8,1,0,0
2026-09-11 00:45:00,153.2,1,66,43.8,1,0,0
2026-09-11 00:50:00,154.8,0,71,46.7,1,0,0
2026-09-11 00:55:00,156.9,0,72,42.6,1,0,0
2026-09-11 01:00:00,155.0,0,70,42.1,1,0,0
2026-09-11 01:05:00,155.0,1,69,45.1,1,0,0
2026-09-11 01:10:00,157.5,0,68,44.4,1,0,0
2026-09-11 01:15:00,157.3,0,71,46.1,1,0,0
2026-09-11 01:20:00,154.2,0,68,43.3,1,0,0
2026-09-11 01:25:00,154.7,0,71,42.9,1,0,0
2026-09-11 01:30:00,156.1,1,70,44.1,1,0,0
2026-09-11 01:35:00,154.7,0,68,44.2,1,0,0
2026-09-11 01:40:00,153.3,0,74,40.4,1,0,0
2026-09-11 01:45:00,150.8,0,73,43.0,1,0,0
2026-09-11 01:50:00,152.0,0,72,45.2,1,0,0
2026-09-11 01:55:00,149.2,0,67,46.7,1,0,0
2026-09-11 02:00:00,150.8,0,70,43.1,1,0,0
2026-09-11 02:05:00,148.2,0,68,44.9,1,0,0
2026-09-11 02:10:00,148.7,0,66,40.4,1,0,0
2026-09-11 02:15:00,146.7,0,68,45.6,1,0,0
2026-09-11 02:20:00,147.7,0,72,43.0,1,0,0
2026-09-11 02:25:00,143.6,1,73,45.7,1,0,0
2026-09-11 02:30:00,147.3,0,72,39.2,1,0,0
2026-09-11 02:35:00,146.4,0,69,40.6,1,0,0
2026-09-11 02:40:00,144.4,1,70,43.6,1,0,0
2026-09-11 02:45:00,146.2,0,71,44.5,1,0,0
2026-09-11 02:50:00,148.7,1,69,45.2,1,0,0
2026-09-11 02:55:00,146.6,1,70,38.2,1,0,0
2026-09-11 03:00:00,144.9,0,71,39.4,1,0,0
2026-09-11 03:05:00,146.9,0,72,41.0,1,0,0
2026-09-11 03:10:00,152.1,0,72,38.1,1,0,0
2026-09-11 03:15:00,155.4,0,70,44.5,1,0,0
2026-09-11 03:20:00,155.7,0,70,41.7,1,0,0
2026-09-11 03:25:00,155.7,0,70,41.3,1,0,0
2026-09-11 03:30:00,152.2,0,75,43.6,1,0,0
2026-09-11 03:35:00,151.9,0,71,43.7,1,0,0
2026-09-11 03:40:00,151.4,0,70,43.3,1,0,0
2026-09-11 03:45:00,152.3,0,71,42.9,1,0,0
2026-09-11 03:50:00,151.6,0,69,43.8,1,0,0
2026-09-11 03:55:00,157.3,0,67,45.8,1,0,0
2026-09-11 04:00:00,157.1,1,75,42.8,1,0,0
2026-09-11 04:05:00,155.3,0,70,43.0,1,0,0
2026-09-11 04:10:00,155.4,2,69,45.4,1,0,0
2026-09-11 04:15:00,158.9,0,71,42.6,1,0,0
2026-09-11 04:20:00,159.1,0,72,42.2,1,0,0
2026-09-11 04:25:00,161.2,1,70,44.8,1,0,0
2026-09-11 04:30:00,162.5,0,71,44.1,1,0,0
2026-09-11 04:35:00,163.9,0,70,42.2,1,0,0
2026-09-11 04:40:00,160.8,0,71,43.9,1,0,0
2026-09-11 04:45:00,156.6,0,68,44.3,1,0,0
2026-09-11 04:50:00,155.6,0,70,43.2,1,0,0
2026-09-11 04:55:00,154.8,0,69,46.1,1,0,0
2026-09-11 05:00:00,156.5,2,69,44.1,1,0,0
2026-09-11 05:05:00,161.0,0,72,39.8,1,0,0
2026-09-11 05:10:00,157.9,1,69,41.1,1,0,0
2026-09-11 05:15:00,156.0,0,69,48.4,1,0,0
2026-09-11 05:20:00,159.9,1,68,40.0,1,0,0
2026-09-11 05:25:00,159.7,0,69,42.6,1,0,0
2026-09-11 05:30:00,158.3,1,71,45.2,1,0,0
2026-09-11 05:35:00,161.7,1,74,41.7,1,0,0
2026-09-11 05:40:00,161.2,1,70,45.6,1,0,0
2026-09-11 05:45:00,160.7,0,69,43.5,1,0,0
2026-09-11 05:50:00,157.4,1,71,40.9,1,0,0
2026-09-11 05:55:00,154.7,0,70,44.5,1,0,0
2026-09-11 06:00:00,152.3,0,74,42.7,1,0,0
2026-09-11 06:05:00,151.3,0,69,41.5,1,0,0
2026-09-11 06:10:00,151.8,1,69,42.2,1,0,0
2026-09-11 06:15:00,148.7,0,70,41.3,1,0,0
2026-09-11 06:20:00,147.9,0,68,46.0,1,0,0
2026-09-11 06:25:00,146.7,0,71,41.8,1,0,0
2026-09-11 06:30:00,143.9,0,69,40.4,1,0,0
2026-09-11 06:35:00,143.9,35,81,27.1,0,0,0
2026-09-11 06:40:00,144.8,4,76,26.1,0,0,0
2026-09-11 06:45:00,145.8,21,78,26.3,0,0,0
2026-09-11 06:50:00,143.7,34,80,25.9,0,0,0
2026-09-11 06:55:00,143.1,24,79,24.2,0,0,0
2026-09-11 07:00:00,144.8,19,77,25.0,0,0,0
2026-09-11 07:05:00,147.7,8,78,21.9,0,0,0
2026-09-11 07:10:00,147.6,13,79,28.5,0,0,0
2026-09-11 07:15:00,148.8,39,79,21.7,0,0,0
2026-09-11 07:20:00,144.9,21,84,25.0,0,0,0
2026-09-11 07:25:00,148.8,45,82,24.0,0,0,0
2026-09-11 07:30:00,146.2,35,82,28.0,0,0,0
2026-09-11 07:35:00,147.8,20,80,28.1,0,0,0
2026-09-11 07:40:00,150.0,16,78,25.8,0,0,0
2026-09-11 07:45:00,149.1,10,76,29.7,0,0,0
2026-09-11 07:50:00,151.8,15,79,30.1,0,0,0
2026-09-11 07:55:00,153.3,20,80,28.8,0,0,0
2026-09-11 08:00:00,148.2,24,84,30.1,0,0,0
2026-09-11 08:05:00,151.9,27,81,24.8,0,0,0
2026-09-11 08:10:00,151.8,27,81,27.0,0,0,0
2026-09-11 08:15:00,153.7,11,74,25.9,0,0,0
2026-09-11 08:20:00,151.6,7,80,25.1,0,0,0
2026-09-11 08:25:00,149.8,15,75,24.8,0,0,0
2026-09-11 08:30:00,152.0,16,80,26.9,0,53,65
2026-09-11 08:35:00,159.3,31,79,24.9,0,0,0
2026-09-11 08:40:00,167.1,20,83,24.8,0,0,0
2026-09-11 08:45:00,174.2,31,81,25.5,0,0,0
2026-09-11 08:50:00,178.2,46,82,24.2,0,0,0
2026-09-11 08:55:00,183.5,27,82,24.8,0,0,0
2026-09-11 09:00:00,186.5,39,76,25.2,0,0,0
2026-09-11 09:05:00,188.2,21,82,25.6,0,0,0
2026-09-11 09:10:00,188.5,15,85,25.8,0,0,0
2026-09-11 09:15:00,189.1,36,79,26.4,0,0,0
2026-09-11 09:20:00,188.3,23,75,25.5,0,0,0
2026-09-11 09:25:00,186.1,27,80,30.0,0,0,0
2026-09-11 09:30:00,182.1,19,75,26.6,0,0,0
2026-09-11 09:35:00,181.6,31,79,29.2,0,0,0
2026-09-11 09:40:00,177.7,31,79,31.3,0,0,0
2026-09-11 09:45:00,179.3,20,76,25.9,0,0,0
2026-09-11 09:50:00,177.2,14,79,26.8,0,0,0
2026-09-11 09:55:00,177.3,25,77,24.0,0,0,0
2026-09-11 10:00:00,174.2,10,81,30.7,0,0,0
2026-09-11 10:05:00,170.7,22,79,28.3,0,0,0
2026-09-11 10:10:00,165.4,8,76,27.3,0,0,0
2026-09-11 10:15:00,164.6,16,79,26.1,0,0,0
2026-09-11 10:20:00,164.1,24,82,27.9,0,0,0
2026-09-11 10:25:00,166.3,11,79,26.2,0,0,0
2026-09-11 10:30:00,162.4,30,83,27.2,0,0,0
2026-09-11 10:35:00,162.7,11,75,25.9,0,0,0
2026-09-11 10:40:00,162.3,22,79,26.5,0,0,0
2026-09-11 10:45:00,163.9,39,84,25.5,0,0,0
2026-09-11 10:50:00,163.9,13,83,24.6,0,0,0
2026-09-11 10:55:00,165.3,7,78,23.0,0,0,0
2026-09-11 11:00:00,162.6,14,77,27.3,0,0,0
2026-09-11 11:05:00,161.0,21,77,26.9,0,0,0
2026-09-11 11:10:00,159.4,36,80,27.0,0,0,0
2026-09-11 11:15:00,158.1,14,81,25.1,0,0,0
2026-09-11 11:20:00,157.5,25,79,26.3,0,0,0
2026-09-11 11:25:00,158.1,30,80,21.1,0,0,0
2026-09-11 11:30:00,158.3,20,76,22.9,0,0,0
2026-09-11 11:35:00,161.1,14,78,26.1,0,0,0
2026-09-11 11:40:00,163.9,27,80,25.1,0,0,0
2026-09-11 11:45:00,163.5,20,79,23.0,0,0,0
2026-09-11 11:50:00,161.6,9,76,27.2,0,0,0
2026-09-11 11:55:00,159.8,20,75,25.2,0,0,0
2026-09-11 12:00:00,158.5,31,77,26.8,0,0,0
2026-09-11 12:05:00,157.0,55,82,29.3,0,0,0
2026-09-11 12:10:00,157.9,29,77,26.8,0,0,0
2026-09-11 12:15:00,158.5,20,77,25.2,0,0,0
2026-09-11 12:20:00,155.0,18,74,28.8,0,0,0
2026-09-11 12:25:00,157.0,39,80,23.7,0,0,0
2026-09-11 12:30:00,160.2,31,76,30.3,0,0,0
2026-09-11 12:35:00,158.5,431,104,26.0,0,0,0
2026-09-11 12:40:00,161.0,412,103,25.7,0,0,0
2026-09-11 12:45:00,161.6,431,105,27.7,0,0,0
2026-09-11 12:50:00,161.6,437,106,24.3,0,0,0
2026-09-11 12:55:00,163.2,18,76,24.5,0,0,0
2026-09-11 13:00:00,162.0,36,82,26.8,0,0,0
2026-09-11 13:05:00,161.0,36,78,25.2,0,0,0
2026-09-11 13:10:00,157.8,22,80,23.7,0,0,0
2026-09-11 13:15:00,159.7,15,76,23.8,0,0,0
2026-09-11 13:20:00,159.4,28,81,30.0,0,67,55
2026-09-11 13:25:00,171.4,39,87,24.0,0,0,0
2026-09-11 13:30:00,174.4,33,84,22.5,0,0,0
2026-09-11 13:35:00,178.1,19,84,26.8,0,0,0
2026-09-11 13:40:00,185.7,31,82,22.8,0,0,0
2026-09-11 13:45:00,188.1,17,82,25.3,0,0,0
2026-09-11 13:50:00,190.9,13,78,27.5,0,0,0
2026-09-11 13:55:00,194.3,21,81,29.6,0,0,0
2026-09-11 14:00:00,192.2,23,79,25.2,0,0,0
2026-09-11 14:05:00,193.7,13,78,27.0,0,0,0
2026-09-11 14:10:00,193.4,22,78,24.9,0,0,0
2026-09-11 14:15:00,193.5,36,79,24.9,0,0,0
2026-09-11 14:20:00,192.8,34,76,25.7,0,0,0
2026-09-11 14:25:00,189.3,29,79,25.9,0,0,0
2026-09-11 14:30:00,188.7,49,81,26.1,0,0,0
2026-09-11 14:35:00,187.4,11,79,29.5,0,0,0
2026-09-11 14:40:00,182.1,29,84,26.7,0,0,0
2026-09-11 14:45:00,180.2,25,81,24.5,0,0,0
2026-09-11 14:50:00,179.4,16,82,28.1,0,0,0
2026-09-11 14:55:00,177.8,27,75,27.8,0,0,0
2026-09-11 15:00:00,174.7,15,81,27.9,0,0,0
2026-09-11 15:05:00,172.6,24,80,28.6,0,0,0
2026-09-11 15:10:00,168.3,51,83,29.4,0,0,0
2026-09-11 15:15:00,165.5,32,78,24.4,0,0,0
2026-09-11 15:20:00,167.4,4,77,26.9,0,0,0
2026-09-11 15:25:00,164.5,39,79,25.4,0,0,0
2026-09-11 15:30:00,163.2,41,76,20.9,0,0,0
2026-09-11 15:35:00,158.3,23,79,24.7,0,0,0
2026-09-11 15:40:00,159.0,36,82,25.2,0,0,0
2026-09-11 15:45:00,158.5,10,74,27.8,0,0,0
2026-09-11 15:50:00,155.7,11,83,26.9,0,0,0
2026-09-11 15:55:00,155.1,31,78,23.4,0,0,0
2026-09-11 16:00:00,155.9,18,81,25.8,0,0,0
2026-09-11 16:05:00,156.5,28,82,28.8,0,0,0
2026-09-11 16:10:00,153.4,19,81,23.3,0,0,0
2026-09-11 16:15:00,154.0,39,80,25.5,0,0,0
2026-09-11 16:20:00,151.4,10,81,26.8,0,0,0
2026-09-11 16:25:00,150.9,13,80,28.2,0,0,0
2026-09-11 16:30:00,152.3,15,82,25.7,0,0,0
2026-09-11 16:35:00,148.5,13,78,25.7,0,0,0
2026-09-11 16:40:00,147.6,28,79,29.0,0,0,0
2026-09-11 16:45:00,147.9,315,97,22.6,0,0,0
2026-09-11 16:50:00,149.8,305,97,25.9,0,0,0
2026-09-11 16:55:00,150.4,311,98,30.7,0,0,0
2026-09-11 17:00:00,157.0,318,97,25.9,0,0,0
2026-09-11 17:05:00,157.9,21,76,26.7,0,0,0
2026-09-11 17:10:00,152.5,33,82,23.4,0,0,0
2026-09-11 17:15:00,153.5,16,78,23.1,0,0,0
2026-09-11 17:20:00,152.6,18,78,24.2,0,0,0
2026-09-11 17:25:00,155.3,19,81,27.4,0,0,0
2026-09-11 17:30:00,151.3,10,79,21.2,0,0,0
2026-09-11 17:35:00,151.4,13,83,25.3,0,0,0
2026-09-11 17:40:00,150.3,20,78,24.2,0,0,0
2026-09-11 17:45:00,148.1,36,80,23.9,0,0,0
2026-09-11 17:50:00,148.3,12,80,28.4,0,0,0
2026-09-11 17:55:00,145.6,24,80,27.8,0,0,0
2026-09-11 18:00:00,144.0,29,78,26.3,0,0,0
2026-09-11 18:05:00,145.7,11,78,28.1,0,0,0
2026-09-11 18:10:00,142.5,18,80,25.0,0,0,0
2026-09-11 18:15:00,143.9,19,78,26.6,0,0,0
2026-09-11 18:20:00,146.4,20,79,30.4,0,0,0
2026-09-11 18:25:00,145.8,17,81,21.5,0,0,0
2026-09-11 18:30:00,145.4,22,79,29.6,0,0,0
2026-09-11 18:35:00,145.9,30,83,28.5,0,0,0
2026-09-11 18:40:00,147.5,32,81,25.1,0,0,0
2026-09-11 18:45:00,147.2,17,82,24.1,0,0,0
2026-09-11 18:50:00,151.1,33,84,27.0,0,0,0
2026-09-11 18:55:00,150.7,37,79,29.5,0,0,0
2026-09-11 19:00:00,149.0,22,80,25.4,0,0,0
2026-09-11 19:05:00,147.2,31,79,23.9,0,0,0
2026-09-11 19:10:00,148.7,15,83,24.3,0,0,0
2026-09-11 19:15:00,146.9,26,78,25.4,0,0,0
2026-09-11 19:20:00,146.1,7,80,27.3,0,0,0
2026-09-11 19:25:00,146.1,15,76,23.5,0,0,0
2026-09-11 19:30:00,147.3,20,81,24.9,0,0,0
2026-09-11 19:35:00,148.2,20,81,26.1,0,0,0
2026-09-11 19:40:00,147.4,16,80,31.7,0,0,0
2026-09-11 19:45:00,149.8,18,79,25.1,0,0,0
2026-09-11 19:50:00,144.7,34,82,25.7,0,0,0
2026-09-11 19:55:00,147.2,11,76,25.3,0,0,0
2026-09-11 20:00:00,149.3,18,79,27.1,0,0,0
2026-09-11 20:05:00,147.2,20,81,27.2,0,0,0
2026-09-11 20:10:00,145.1,36,79,26.0,0,0,0
2026-09-11 20:15:00,142.6,14,79,25.9,0,0,0
2026-09-11 20:20:00,142.1,29,78,27.3,0,0,0
2026-09-11 20:25:00,142.3,35,83,24.4,0,0,0
2026-09-11 20:30:00,138.8,13,77,26.4,0,0,0
2026-09-11 20:35:00,142.5,13,80,26.0,0,0,0
2026-09-11 20:40:00,143.5,31,81,25.2,0,0,0
2026-09-11 20:45:00,142.7,17,80,26.6,0,97,70
2026-09-11 20:50:00,164.5,28,83,24.5,0,0,0
2026-09-11 20:55:00,179.2,21,81,25.9,0,0,0
2026-09-11 21:00:00,190.1,57,85,28.7,0,0,0
2026-09-11 21:05:00,198.9,33,83,23.9,0,0,0
2026-09-11 21:10:00,202.7,11,81,28.5,0,0,0
2026-09-11 21:15:00,207.2,28,78,26.7,0,0,0
2026-09-11 21:20:00,212.5,39,83,28.2,0,0,0
2026-09-11 21:25:00,212.7,25,78,25.6,0,0,0
2026-09-11 21:30:00,215.0,27,79,24.9,0,0,0
2026-09-11 21:35:00,212.4,22,79,25.3,0,0,0
2026-09-11 21:40:00,214.6,55,84,25.2,0,0,0
2026-09-11 21:45:00,216.5,8,79,26.0,0,0,0
2026-09-11 21:50:00,214.3,26,81,28.0,0,0,0
2026-09-11 21:55:00,214.0,12,81,26.2,0,0,0
2026-09-11 22:00:00,207.7,12,79,27.2,0,0,0
2026-09-11 22:05:00,206.0,16,78,21.6,0,0,0
2026-09-11 22:10:00,201.2,25,80,23.0,0,0,0
2026-09-11 22:15:00,202.3,23,78,29.5,0,0,0
2026-09-11 22:20:00,202.0,12,81,23.4,0,0,0
2026-09-11 22:25:00,199.4,12,77,26.9,0,0,0
2026-09-11 22:30:00,195.9,16,79,24.8,0,0,0
2026-09-11 22:35:00,192.6,38,82,27.8,0,0,0
2026-09-11 22:40:00,189.8,29,78,28.2,0,0,0
2026-09-11 22:45:00,183.6,18,80,27.8,0,0,0
2026-09-11 22:50:00,178.2,12,79,24.3,0,0,0
2026-09-11 22:55:00,171.7,17,77,24.2,0,0,0
2026-09-11 23:00:00,170.1,29,79,24.7,0,0,0
2026-09-11 23:05:00,165.2,14,79,27.7,0,0,0
2026-09-11 23:10:00,162.7,9,79,27.0,0,0,0
2026-09-11 23:15:00,159.2,12,78,22.1,0,0,0
2026-09-11 23:20:00,156.2,24,80,26.9,0,0,0
2026-09-11 23:25:00,150.1,24,77,26.4,0,0,0
2026-09-11 23:30:00,149.2,15,80,27.5,0,0,0
2026-09-11 23:35:00,149.0,14,79,26.2,0,0,0
2026-09-11 23:40:00,146.0,12,79,27.2,0,0,0
2026-09-11 23:45:00,147.9,31,77,27.2,0,0,0
2026-09-11 23:50:00,145.5,31,80,27.1,0,0,0
2026-09-11 23:55:00,142.4,0,74,39.2,1,0,0
2026-09-12 00:00:00,135.9,0,70,48.1,1,0,0
2026-09-12 00:05:00,135.8,1,69,44.3,1,0,0
2026-09-12 00:10:00,138.0,0,70,41.3,1,0,0
2026-09-12 00:15:00,137.6,1,70,40.0,1,0,0
2026-09-12 00:20:00,138.5,0,73,45.1,1,0,0
2026-09-12 00:25:00,136.5,0,69,44.0,1,0,0
2026-09-12 00:30:00,138.5,0,66,41.9,1,0,0
2026-09-12 00:35:00,139.3,1,69,43.8,1,0,0
2026-09-12 00:40:00,137.4,0,68,45.8,1,0,0
2026-09-12 00:45:00,139.9,1,71,46.0,1,0,0
2026-09-12 00:50:00,140.5,0,70,45.6,1,0,0
2026-09-12 00:55:00,140.6,0,68,46.1,1,0,0
2026-09-12 01:00:00,139.5,1,68,45.0,1,0,0
2026-09-12 01:05:00,135.6,0,70,47.3,1,0,0
2026-09-12 01:10:00,136.6,1,70,47.8,1,0,0
2026-09-12 01:15:00,137.7,0,71,44.2,1,0,0
2026-09-12 01:20:00,137.1,0,72,44.2,1,0,0
2026-09-12 01:25:00,137.4,0,70,44.2,1,0,0
2026-09-12 01:30:00,141.2,1,72,45.4,1,0,0
2026-09-12 01:35:00,140.1,1,69,43.7,1,0,0
2026-09-12 01:40:00,140.4,0,71,47.7,1,0,0
2026-09-12 01:45:00,142.1,0,70,44.6,1,0,0
2026-09-12 01:50:00,143.3,0,65,41.1,1,0,0
2026-09-12 01:55:00,141.9,0,71,46.2,1,0,0
2026-09-12 02:00:00,141.3,0,71,44.1,1,0,0
2026-09-12 02:05:00,140.4,0,68,43.9,1,0,0
2026-09-12 02:10:00,138.5,0,69,45.5,1,0,0
2026-09-12 02:15:00,138.1,1,68,45.4,1,0,0
2026-09-12 02:20:00,139.1,0,68,46.2,1,0,0
2026-09-12 02:25:00,139.1,0,72,41.9,1,0,0
2026-09-12 02:30:00,138.6,1,71,43.0,1,0,0
2026-09-12 02:35:00,138.6,0,72,43.6,1,0,0
2026-09-12 02:40:00,138.5,2,72,45.4,1,0,0
2026-09-12 02:45:00,139.9,0,72,44.6,1,0,0
2026-09-12 02:50:00,141.1,1,69,42.8,1,0,0
2026-09-12 02:55:00,142.8,0,73,41.8,1,0,0
2026-09-12 03:00:00,140.6,0,74,43.5,1,0,0
2026-09-12 03:05:00,140.5,3,68,45.4,1,0,0
2026-09-12 03:10:00,142.6,2,71,45.0,1,0,0
2026-09-12 03:15:00,143.8,0,72,46.5,1,0,0
2026-09-12 03:20:00,143.4,0,69,43.2,1,0,0
2026-09-12 03:25:00,145.9,0,69,42.3,1,0,0
2026-09-12 03:30:00,143.9,0,70,44.2,1,0,0
2026-09-12 03:35:00,141.0,0,72,47.1,1,0,0
2026-09-12 03:40:00,142.7,0,70,43.8,1,0,0
2026-09-12 03:45:00,144.5,0,71,42.1,1,0,0
2026-09-12 03:50:00,144.2,0,69,43.6,1,0,0
2026-09-12 03:55:00,145.3,0,68,43.5,1,0,0
2026-09-12 04:00:00,139.7,1,69,42.7,1,0,0
2026-09-12 04:05:00,144.1,0,67,42.2,1,0,0
2026-09-12 04:10:00,144.8,2,71,44.2,1,0,0
2026-09-12 04:15:00,144.5,0,70,45.9,1,0,0
2026-09-12 04:20:00,144.6,0,70,44.2,1,0,0
2026-09-12 04:25:00,146.8,0,70,43.3,1,0,0
2026-09-12 04:30:00,147.3,0,71,42.6,1,0,0
2026-09-12 04:35:00,146.2,0,69,44.4,1,0,0
2026-09-12 04:40:00,151.0,0,71,46.3,1,0,0
2026-09-12 04:45:00,148.9,0,69,42.6,1,0,0
2026-09-12 04:50:00,146.8,0,70,42.1,1,0,0
2026-09-12 04:55:00,145.0,0,70,42.2,1,0,0
2026-09-12 05:00:00,145.0,0,67,42.2,1,0,0
2026-09-12 05:05:00,143.1,0,69,43.9,1,0,0
2026-09-12 05:10:00,144.3,0,72,44.7,1,0,0
2026-09-12 05:15:00,148.2,1,74,43.9,1,0,0
2026-09-12 05:20:00,147.9,0,69,41.7,1,0,0
2026-09-12 05:25:00,151.8,0,69,43.8,1,0,0
2026-09-12 05:30:00,151.0,0,70,43.5,1,0,0
2026-09-12 05:35:00,148.3,0,71,42.7,1,0,0
2026-09-12 05:40:00,147.1,1,70,46.7,1,0,0
2026-09-12 05:45:00,146.5,0,71,41.7,1,0,0
2026-09-12 05:50:00,143.2,0,67,47.3,1,0,0
2026-09-12 05:55:00,140.5,0,73,47.0,1,0,0
2026-09-12 06:00:00,138.0,0,68,43.3,1,0,0
2026-09-12 06:05:00,141.1,1,71,44.9,1,0,0
2026-09-12 06:10:00,144.5,0,73,40.1,1,0,0
2026-09-12 06:15:00,144.4,0,72,44.6,1,0,0
2026-09-12 06:20:00,141.3,0,69,46.5,1,0,0
2026-09-12 06:25:00,140.3,0,74,45.6,1,0,0
2026-09-12 06:30:00,140.9,19,80,27.0,0,0,0
2026-09-12 06:35:00,137.9,22,80,27.6,0,0,0
2026-09-12 06:40:00,140.2,23,82,24.9,0,0,0
2026-09-12 06:45:00,145.2,25,78,27.0,0,0,0
2026-09-12 06:50:00,144.2,48,81,30.4,0,0,0
2026-09-12 06:55:00,140.6,12,79,28.8,0,0,0
2026-09-12 07:00:00,139.7,26,78,23.9,0,0,0
2026-09-12 07:05:00,140.4,21,77,33.3,0,0,0
2026-09-12 07:10:00,140.3,41,78,25.7,0,0,0
2026-09-12 07:15:00,140.1,17,81,24.9,0,0,0
2026-09-12 07:20:00,144.0,11,79,26.0,0,0,0
2026-09-12 07:25:00,141.8,22,81,29.2,0,0,0
2026-09-12 07:30:00,141.8,34,80,26.7,0,0,0
2026-09-12 07:35:00,143.5,26,77,27.3,0,0,0
2026-09-12 07:40:00,142.6,27,75,28.5,0,0,0
2026-09-12 07:45:00,140.0,42,79,25.7,0,0,0
2026-09-12 07:50:00,142.4,39,82,30.4,0,0,0
2026-09-12 07:55:00,142.9,19,80,23.5,0,0,0
2026-09-12 08:00:00,145.4,24,81,26.4,0,0,0
2026-09-12 08:05:00,147.3,15,80,28.8,0,0,0
2026-09-12 08:10:00,146.7,25,84,25.4,0,0,0
2026-09-12 08:15:00,145.3,21,78,27.8,0,0,0
2026-09-12 08:20:00,144.6,10,79,27.5,0,0,0
2026-09-12 08:25:00,145.7,19,79,27.4,0,0,0
2026-09-12 08:30:00,147.1,11,78,29.0,0,0,0
2026-09-12 08:35:00,146.5,24,76,26.9,0,0,0
2026-09-12 08:40:00,145.4,37,80,27.9,0,0,0
2026-09-12 08:45:00,143.8,23,79,24.5,0,0,0
2026-09-12 08:50:00,143.0,16,76,24.9,0,0,0
2026-09-12 08:55:00,141.9,20,80,26.3,0,0,0
2026-09-12 09:00:00,144.0,25,83,26.6,0,0,0
2026-09-12 09:05:00,144.5,26,78,24.9,0,0,0
2026-09-12 09:10:00,141.2,18,80,28.1,0,0,0
2026-09-12 09:15:00,139.9,15,80,29.4,0,0,0
2026-09-12 09:20:00,138.4,9,83,26.1,0,0,0
2026-09-12 09:25:00,136.2,35,78,27.2,0,0,0
2026-09-12 09:30:00,135.6,26,80,29.9,0,0,0
2026-09-12 09:35:00,139.7,14,80,24.5,0,0,0
2026-09-12 09:40:00,137.2,24,79,23.4,0,0,0
2026-09-12 09:45:00,138.2,26,79,26.9,0,0,0
2026-09-12 09:50:00,137.0,9,83,28.3,0,0,0
2026-09-12 09:55:00,137.7,23,78,31.0,0,0,0
2026-09-12 10:00:00,139.1,20,81,25.3,0,0,0
2026-09-12 10:05:00,138.4,17,78,28.6,0,0,0
2026-09-12 10:10:00,140.5,22,77,27.4,0,0,0
2026-09-12 10:15:00,141.8,69,84,28.3,0,0,0
2026-09-12 10:20:00,139.1,24,83,27.4,0,0,0
2026-09-12 10:25:00,138.1,14,78,30.0,0,0,0
2026-09-12 10:30:00,137.4,17,80,30.0,0,0,0
2026-09-12 10:35:00,136.4,28,77,28.5,0,0,0
2026-09-12 10:40:00,137.0,37,81,29.6,0,0,0
2026-09-12 10:45:00,137.4,22,80,28.1,0,0,0
2026-09-12 10:50:00,136.1,7,74,29.3,0,0,0
2026-09-12 10:55:00,133.3,32,78,28.6,0,0,0
2026-09-12 11:00:00,133.3,18,77,31.0,0,0,0
2026-09-12 11:05:00,135.4,40,79,27.5,0,0,0
2026-09-12 11:10:00,139.4,24,81,28.6,0,0,0
2026-09-12 11:15:00,138.5,8,76,30.4,0,0,0
2026-09-12 11:20:00,135.2,34,79,29.7,0,0,0
2026-09-12 11:25:00,135.4,11,81,23.4,0,0,0
2026-09-12 11:30:00,137.1,7,78,27.2,0,0,0
2026-09-12 11:35:00,138.5,34,79,26.3,0,0,0
2026-09-12 11:40:00,135.5,15,78,26.3,0,0,0
2026-09-12 11:45:00,134.1,33,81,26.1,0,0,0
2026-09-12 11:50:00,135.9,27,81,26.7,0,0,0
2026-09-12 11:55:00,138.1,29,79,25.7,0,0,0
2026-09-12 12:00:00,140.4,17,79,31.9,0,0,0
2026-09-12 12:05:00,136.2,23,78,25.9,0,0,0
2026-09-12 12:10:00,140.4,25,78,25.5,0,0,0
2026-09-12 12:15:00,141.0,28,78,27.5,0,0,0
2026-09-12 12:20:00,140.8,53,79,28.3,0,0,0
2026-09-12 12:25:00,137.9,17,75,31.0,0,0,0
2026-09-12 12:30:00,138.4,22,78,25.5,0,0,0
2026-09-12 12:35:00,141.3,18,75,25.6,0,0,0
2026-09-12 12:40:00,141.8,26,76,27.3,0,0,0
2026-09-12 12:45:00,137.4,23,79,28.1,0,0,0
2026-09-12 12:50:00,138.0,13,79,28.3,0,0,0
2026-09-12 12:55:00,138.0,37,81,29.4,0,0,0
2026-09-12 13:00:00,138.3,17,78,28.4,0,0,0
2026-09-12 13:05:00,139.7,27,82,25.8,0,0,0
2026-09-12 13:10:00,139.5,13,75,29.6,0,0,0
2026-09-12 13:15:00,140.7,25,79,27.4,0,0,0
2026-09-12 13:20:00,141.9,24,79,27.4,0,0,0
2026-09-12 13:25:00,139.2,35,81,22.9,0,0,0
2026-09-12 13:30:00,135.5,24,82,27.3,0,59,55
2026-09-12 13:35:00,143.9,23,82,25.0,0,0,0
2026-09-12 13:40:00,150.4,12,83,27.7,0,0,0
2026-09-12 13:45:00,154.0,29,86,25.9,0,0,0
2026-09-12 13:50:00,157.2,12,79,28.6,0,0,0
2026-09-12 13:55:00,160.2,26,83,29.3,0,0,0
2026-09-12 14:00:00,162.5,21,77,26.5,0,0,0
2026-09-12 14:05:00,169.3,25,78,25.2,0,0,0
2026-09-12 14:10:00,168.6,6,77,30.5,0,0,0
2026-09-12 14:15:00,169.7,14,82,29.3,0,0,0
2026-09-12 14:20:00,168.1,18,77,27.9,0,0,0
2026-09-12 14:25:00,171.3,22,76,27.4,0,0,0
2026-09-12 14:30:00,168.8,19,80,30.3,0,0,0
2026-09-12 14:35:00,166.7,9,78,25.9,0,0,0
2026-09-12 14:40:00,165.9,44,80,29.4,0,0,0
2026-09-12 14:45:00,166.0,20,80,26.1,0,0,0
2026-09-12 14:50:00,161.9,34,82,23.0,0,0,0
2026-09-12 14:55:00,159.6,32,80,31.7,0,0,0
2026-09-12 15:00:00,160.4,15,79,26.8,0,0,0
2026-09-12 15:05:00,154.8,26,80,26.2,0,0,0
2026-09-12 15:10:00,155.2,16,80,30.4,0,0,0
2026-09-12 15:15:00,157.4,20,81,27.2,0,0,0
2026-09-12 15:20:00,156.1,26,78,29.7,0,0,0
2026-09-12 15:25:00,157.7,18,76,25.8,0,0,0
2026-09-12 15:30:00,157.6,16,78,27.0,0,0,0
2026-09-12 15:35:00,158.0,14,78,27.6,0,0,0
2026-09-12 15:40:00,153.5,17,79,31.1,0,0,0
2026-09-12 15:45:00,152.4,447,104,31.0,0,0,0
2026-09-12 15:50:00,149.6,807,129,25.2,0,0,0
2026-09-12 15:55:00,145.2,387,100,28.5,0,0,0
2026-09-12 16:00:00,142.0,402,98,26.4,0,0,0
2026-09-12 16:05:00,141.3,29,84,23.2,0,0,0
2026-09-12 16:10:00,140.4,34,79,26.5,0,0,0
2026-09-12 16:15:00,141.4,27,75,27.5,0,0,0
2026-09-12 16:20:00,139.7,21,80,28.8,0,0,0
2026-09-12 16:25:00,138.3,19,82,25.6,0,0,0
2026-09-12 16:30:00,138.8,26,77,26.2,0,0,0
2026-09-12 16:35:00,141.3,48,82,28.2,0,0,0
2026-09-12 16:40:00,140.0,11,80,27.0,0,0,0
2026-09-12 16:45:00,139.9,16,79,27.6,0,0,0
2026-09-12 16:50:00,140.6,21,75,33.6,0,0,0
2026-09-12 16:55:00,136.9,19,80,31.8,0,0,0
2026-09-12 17:00:00,138.5,29,78,25.9,0,0,0
2026-09-12 17:05:00,138.0,24,78,32.5,0,0,0
2026-09-12 17:10:00,138.8,31,83,28.4,0,0,0
2026-09-12 17:15:00,140.4,10,79,28.2,0,0,0
2026-09-12 17:20:00,145.0,37,79,29.6,0,0,0
2026-09-12 17:25:00,144.2,22,79,28.1,0,0,0
2026-09-12 17:30:00,141.7,13,75,28.0,0,0,0
2026-09-12 17:35:00,143.6,9,79,29.2,0,0,0
2026-09-12 17:40:00,142.6,9,78,27.8,0,0,0
2026-09-12 17:45:00,142.4,18,81,25.0,0,46,80
2026-09-12 17:50:00,151.5,13,80,26.1,0,0,0
2026-09-12 17:55:00,161.5,15,84,27.9,0,0,0
2026-09-12 18:00:00,169.8,16,81,23.7,0,0,0
2026-09-12 18:05:00,175.8,16,84,26.3,0,0,0
2026-09-12 18:10:00,180.3,14,83,27.8,0,0,0
2026-09-12 18:15:00,182.7,2,76,28.0,0,0,0
2026-09-12 18:20:00,184.8,23,79,27.7,0,0,0
2026-09-12 18:25:00,184.7,22,78,28.9,0,0,0
2026-09-12 18:30:00,183.1,37,83,29.2,0,0,0
2026-09-12 18:35:00,182.5,45,77,26.2,0,0,0
2026-09-12 18:40:00,180.6,32,81,26.3,0,0,0
2026-09-12 18:45:00,174.2,35,77,26.1,0,0,0
2026-09-12 18:50:00,173.0,13,78,25.9,0,0,0
2026-09-12 18:55:00,173.0,6,76,29.7,0,0,0
2026-09-12 19:00:00,168.1,14,81,27.1,0,0,0
2026-09-12 19:05:00,166.6,22,78,26.5,0,0,0
2026-09-12 19:10:00,165.5,41,79,22.8,0,0,0
2026-09-12 19:15:00,166.5,43,79,26.8,0,0,0
2026-09-12 19:20:00,169.7,24,80,26.8,0,0,0
2026-09-12 19:25:00,166.4,15,81,29.5,0,0,0
2026-09-12 19:30:00,162.7,16,81,25.7,0,0,0
2026-09-12 19:35:00,161.0,15,73,27.0,0,0,0
2026-09-12 19:40:00,161.5,443,103,24.9,0,0,0
2026-09-12 19:45:00,162.4,453,109,31.3,0,0,0
2026-09-12 19:50:00,159.3,440,105,30.8,0,0,0
2026-09-12 19:55:00,160.8,449,107,28.1,0,0,0
2026-09-12 20:00:00,160.1,21,77,26.9,0,0,0
2026-09-12 20:05:00,161.0,21,79,25.9,0,0,0
2026-09-12 20:10:00,158.0,16,80,28.8,0,0,0
2026-09-12 20:15:00,160.4,23,79,27.3,0,0,0
2026-09-12 20:20:00,158.8,29,80,26.8,0,0,0
2026-09-12 20:25:00,155.7,18,80,28.5,0,0,0
2026-09-12 20:30:00,154.3,8,77,27.6,0,0,0
2026-09-12 20:35:00,153.0,27,81,25.8,0,0,0
2026-09-12 20:40:00,150.9,13,78,28.5,0,0,0
2026-09-12 20:45:00,148.7,14,82,27.8,0,50,50
2026-09-12 20:50:00,151.2,39,87,27.5,0,0,0
2026-09-12 20:55:00,155.5,17,79,28.7,0,0,0
2026-09-12 21:00:00,152.4,468,110,24.9,0,0,0
2026-09-12 21:05:00,152.7,487,109,29.2,0,0,0
2026-09-12 21:10:00,152.7,20,86,27.7,0,0,0
2026-09-12 21:15:00,155.6,20,79,27.2,0,0,0
2026-09-12 21:20:00,154.5,26,82,31.0,0,0,0
2026-09-12 21:25:00,158.7,10,81,27.2,0,0,0
2026-09-12 21:30:00,158.2,24,77,28.0,0,0,0
2026-09-12 21:35:00,156.5,42,80,29.8,0,0,0
2026-09-12 21:40:00,154.1,38,77,28.2,0,0,0
2026-09-12 21:45:00,152.8,36,81,30.3,0,0,0
2026-09-12 21:50:00,148.6,46,79,31.0,0,0,0
2026-09-12 21:55:00,149.7,45,83,28.4,0,0,0
2026-09-12 22:00:00,150.7,43,79,29.0,0,0,0
2026-09-12 22:05:00,151.8,20,81,24.4,0,0,0
2026-09-12 22:10:00,152.0,11,79,24.0,0,0,0
2026-09-12 22:15:00,149.3,25,76,27.1,0,0,0
2026-09-12 22:20:00,149.5,33,80,27.1,0,0,0
2026-09-12 22:25:00,151.4,49,79,26.4,0,0,0
2026-09-12 22:30:00,149.1,22,80,31.4,0,0,0
2026-09-12 22:35:00,149.9,44,78,30.5,0,0,0
2026-09-12 22:40:00,151.7,15,82,29.1,0,0,0
2026-09-12 22:45:00,150.3,14,79,27.1,0,0,0
2026-09-12 22:50:00,146.9,35,82,28.1,0,0,0
2026-09-12 22:55:00,146.1,14,77,26.8,0,0,0
2026-09-12 23:00:00,150.9,21,80,26.8,0,0,0
2026-09-12 23:05:00,149.2,28,78,28.3,0,0,0
2026-09-12 23:10:00,147.3,45,82,25.6,0,0,0
2026-09-12 23:15:00,147.1,28,80,25.2,0,0,0
2026-09-12 23:20:00,145.1,14,82,29.0,0,0,0
2026-09-12 23:25:00,143.3,16,82,25.8,0,0,0
2026-09-12 23:30:00,144.1,42,83,29.4,0,0,0
2026-09-12 23:35:00,140.9,52,82,29.5,0,0,0
2026-09-12 23:40:00,136.2,20,76,31.9,0,0,0
2026-09-12 23:45:00,137.2,34,81,26.8,0,0,0
2026-09-12 23:50:00,138.7,31,78,28.8,0,0,0
2026-09-12 23:55:00,135.5,13,74,27.8,0,0,0
2026-09-13 00:00:00,136.9,1,68,42.5,1,0,0
2026-09-13 00:05:00,139.2,1,71,46.9,1,0,0
2026-09-13 00:10:00,134.4,0,69,44.7,1,0,0
2026-09-13 00:15:00,138.2,0,71,43.4,1,0,0
2026-09-13 00:20:00,139.7,1,68,44.8,1,0,0
2026-09-13 00:25:00,140.5,0,71,42.1,1,0,0
2026-09-13 00:30:00,140.9,0,71,44.6,1,0,0
2026-09-13 00:35:00,137.3,0,67,44.3,1,0,0
2026-09-13 00:40:00,139.0,2,71,43.6,1,0,0
2026-09-13 00:45:00,137.6,0,69,44.5,1,0,0
2026-09-13 00:50:00,139.1,0,70,43.1,1,0,0
2026-09-13 00:55:00,134.5,0,74,41.9,1,0,0
2026-09-13 01:00:00,134.5,0,70,44.7,1,0,0
2026-09-13 01:05:00,136.1,0,73,42.8,1,0,0
2026-09-13 01:10:00,136.5,1,72,43.4,1,0,0
2026-09-13 01:15:00,137.2,2,71,47.0,1,0,0
2026-09-13 01:20:00,138.9,0,70,43.5,1,0,0
2026-09-13 01:25:00,144.1,0,69,51.4,1,0,0
2026-09-13 01:30:00,141.8,0,71,43.8,1,0,0
2026-09-13 01:35:00,138.9,0,68,41.5,1,0,0
2026-09-13 01:40:00,141.1,2,68,44.5,1,0,0
2026-09-13 01:45:00,138.1,0,70,45.5,1,0,0
2026-09-13 01:50:00,140.0,0,68,41.8,1,0,0
2026-09-13 01:55:00,141.7,1,68,43.4,1,0,0
2026-09-13 02:00:00,141.5,1,69,41.1,1,0,0
2026-09-13 02:05:00,141.1,0,73,47.6,1,0,0
2026-09-13 02:10:00,142.7,0,72,45.0,1,0,0
2026-09-13 02:15:00,145.0,0,69,49.0,1,0,0
2026-09-13 02:20:00,141.9,0,70,41.8,1,0,0
2026-09-13 02:25:00,139.2,0,73,45.5,1,0,0
2026-09-13 02:30:00,138.5,0,71,45.2,1,0,0
2026-09-13 02:35:00,138.3,1,71,45.6,1,0,0
2026-09-13 02:40:00,142.5,1,71,41.9,1,0,0
2026-09-13 02:45:00,140.6,0,71,43.9,1,0,0
2026-09-13 02:50:00,142.7,2,68,48.7,1,0,0
2026-09-13 02:55:00,144.9,1,74,46.8,1,0,0
2026-09-13 03:00:00,143.9,0,71,42.8,1,0,0
2026-09-13 03:05:00,141.7,0,70,46.2,1,0,0
2026-09-13 03:10:00,141.5,2,69,42.8,1,0,0
2026-09-13 03:15:00,139.3,1,70,40.7,1,0,0
2026-09-13 03:20:00,138.6,0,72,48.2,1,0,0
2026-09-13 03:25:00,141.1,0,71,44.6,1,0,0
2026-09-13 03:30:00,141.5,0,69,48.2,1,0,0
2026-09-13 03:35:00,140.4,0,68,45.7,1,0,0
2026-09-13 03:40:00,143.1,0,68,45.6,1,0,0
2026-09-13 03:45:00,144.7,1,69,44.7,1,0,0
2026-09-13 03:50:00,146.5,2,68,40.5,1,0,0
2026-09-13 03:55:00,146.5,0,66,44.5,1,0,0
2026-09-13 04:00:00,146.5,0,68,45.6,1,0,0
2026-09-13 04:05:00,145.1,0,70,43.3,1,0,0
2026-09-13 04:10:00,143.8,0,72,42.2,1,0,0
2026-09-13 04:15:00,142.6,0,70,47.1,1,0,0
2026-09-13 04:20:00,143.1,0,68,45.3,1,0,0
2026-09-13 04:25:00,141.7,1,71,44.7,1,0,0
2026-09-13 04:30:00,140.3,0,69,42.8,1,0,0
2026-09-13 04:35:00,144.2,0,71,46.6,1,0,0
2026-09-13 04:40:00,142.7,0,68,44.0,1,0,0
2026-09-13 04:45:00,143.9,0,70,45.5,1,0,0
2026-09-13 04:50:00,145.1,0,68,44.3,1,0,0
2026-09-13 04:55:00,142.9,0,72,43.5,1,0,0
2026-09-13 05:00:00,140.7,0,73,45.0,1,0,0
2026-09-13 05:05:00,142.4,0,69,44.4,1,0,0
2026-09-13 05:10:00,143.2,0,72,47.3,1,0,0
2026-09-13 05:15:00,143.2,1,72,45.4,1,0,0
2026-09-13 05:20:00,143.2,1,69,41.3,1,0,0
2026-09-13 05:25:00,149.2,0,69,42.7,1,0,0
2026-09-13 05:30:00,150.8,1,66,46.9,1,0,0
2026-09-13 05:35:00,151.3,0,67,44.5,1,0,0
2026-09-13 05:40:00,153.6,0,70,47.5,1,0,0
2026-09-13 05:45:00,155.6,0,71,43.2,1,0,0
2026-09-13 05:50:00,153.3,2,73,46.8,1,0,0
2026-09-13 05:55:00,153.9,1,73,46.1,1,0,0
2026-09-13 06:00:00,154.3,0,70,44.1,1,0,0
2026-09-13 06:05:00,154.5,0,72,45.5,1,0,0
2026-09-13 06:10:00,153.2,0,70,44.3,1,0,0
2026-09-13 06:15:00,152.5,0,69,43.2,1,0,0
2026-09-13 06:20:00,150.8,0,70,47.0,1,0,0
2026-09-13 06:25:00,152.5,0,70,42.6,1,0,0
2026-09-13 06:30:00,147.2,2,73,43.5,1,0,0
2026-09-13 06:35:00,148.5,16,80,27.0,0,0,0
2026-09-13 06:40:00,143.2,41,82,27.0,0,0,0
2026-09-13 06:45:00,144.3,32,80,28.3,0,0,0
2026-09-13 06:50:00,145.1,30,80,26.3,0,0,0
2026-09-13 06:55:00,143.3,14,83,25.5,0,0,0
2026-09-13 07:00:00,142.8,56,83,27.6,0,0,0
2026-09-13 07:05:00,142.3,12,78,24.8,0,0,0
2026-09-13 07:10:00,144.4,30,78,28.0,0,0,0
2026-09-13 07:15:00,144.0,8,79,25.6,0,0,0
2026-09-13 07:20:00,140.8,49,79,30.0,0,0,0
2026-09-13 07:25:00,140.3,25,80,28.6,0,0,0
2026-09-13 07:30:00,138.6,11,75,28.7,0,0,0
2026-09-13 07:35:00,140.0,21,77,28.7,0,0,0
2026-09-13 07:40:00,134.7,13,79,26.0,0,0,0
2026-09-13 07:45:00,138.8,16,77,28.7,0,0,0
2026-09-13 07:50:00,139.7,16,80,29.4,0,0,0
2026-09-13 07:55:00,138.3,23,79,27.6,0,0,0
2026-09-13 08:00:00,137.9,35,82,28.9,0,0,0
2026-09-13 08:05:00,139.4,12,77,28.4,0,0,0
2026-09-13 08:10:00,143.6,19,83,27.1,0,46,65
2026-09-13 08:15:00,150.4,5,79,31.3,0,0,0
2026-09-13 08:20:00,152.8,10,81,26.4,0,0,0
2026-09-13 08:25:00,157.1,28,84,26.3,0,0,0
2026-09-13 08:30:00,160.3,18,85,28.1,0,0,0
2026-09-13 08:35:00,160.5,55,83,28.5,0,0,0
2026-09-13 08:40:00,161.8,12,81,28.6,0,0,0
2026-09-13 08:45:00,164.9,39,79,27.4,0,0,0
2026-09-13 08:50:00,164.5,44,81,24.7,0,0,0
2026-09-13 08:55:00,163.7,38,83,22.1,0,0,0
2026-09-13 09:00:00,163.4,31,83,27.9,0,0,0
2026-09-13 09:05:00,162.9,32,82,25.1,0,0,0
2026-09-13 09:10:00,161.5,23,81,24.9,0,0,0
2026-09-13 09:15:00,160.9,17,82,32.0,0,0,0
2026-09-13 09:20:00,162.4,54,81,25.4,0,0,0
2026-09-13 09:25:00,160.8,21,80,25.8,0,0,0
2026-09-13 09:30:00,165.8,20,76,27.3,0,0,0
2026-09-13 09:35:00,162.8,494,106,26.2,0,0,0
2026-09-13 09:40:00,159.8,490,112,27.2,0,0,0
2026-09-13 09:45:00,158.2,462,103,28.0,0,0,0
2026-09-13 09:50:00,154.5,12,75,28.9,0,0,0
2026-09-13 09:55:00,158.2,21,78,29.3,0,0,0
2026-09-13 10:00:00,153.5,31,76,26.9,0,0,0
2026-09-13 10:05:00,152.1,375,100,27.6,0,0,0
2026-09-13 10:10:00,150.3,375,103,26.2,0,0,0
2026-09-13 10:15:00,147.4,14,83,29.3,0,0,0
2026-09-13 10:20:00,147.3,27,79,27.6,0,0,0
2026-09-13 10:25:00,149.0,13,79,23.4,0,0,0
2026-09-13 10:30:00,149.1,24,80,29.0,0,0,0
2026-09-13 10:35:00,147.7,38,82,29.0,0,0,0
2026-09-13 10:40:00,146.3,38,80,27.3,0,0,0
2026-09-13 10:45:00,146.4,26,80,27.1,0,0,0
2026-09-13 10:50:00,145.4,17,77,27.1,0,0,0
2026-09-13 10:55:00,147.2,15,77,29.1,0,0,0
2026-09-13 11:00:00,146.6,19,79,28.2,0,0,0
2026-09-13 11:05:00,146.7,15,78,27.1,0,0,0
2026-09-13 11:10:00,143.3,15,79,27.9,0,0,0
2026-09-13 11:15:00,142.7,12,76,29.0,0,0,0
2026-09-13 11:20:00,141.0,6,78,26.4,0,0,0
2026-09-13 11:25:00,143.1,17,78,27.1,0,0,0
2026-09-13 11:30:00,144.9,16,80,30.3,0,0,0
2026-09-13 11:35:00,147.6,16,80,24.6,0,0,0
2026-09-13 11:40:00,143.3,18,78,27.8,0,0,0
2026-09-13 11:45:00,140.6,28,79,27.0,0,0,0
2026-09-13 11:50:00,143.8,25,79,30.6,0,0,0
2026-09-13 11:55:00,145.4,7,79,26.7,0,0,0
2026-09-13 12:00:00,144.4,91,83,26.8,0,0,0
2026-09-13 12:05:00,143.2,24,81,24.5,0,0,0
2026-09-13 12:10:00,142.5,19,81,23.3,0,0,0
2026-09-13 12:15:00,143.8,9,80,32.8,0,0,0
2026-09-13 12:20:00,142.5,12,81,23.9,0,0,0
2026-09-13 12:25:00,144.0,15,77,29.4,0,0,0
2026-09-13 12:30:00,144.4,22,79,25.4,0,0,0
2026-09-13 12:35:00,145.6,21,80,25.6,0,0,0
2026-09-13 12:40:00,142.2,50,84,25.7,0,0,0
2026-09-13 12:45:00,142.1,23,78,26.9,0,0,0
2026-09-13 12:50:00,142.6,16,78,25.7,0,0,0
2026-09-13 12:55:00,142.4,37,82,31.2,0,0,0
2026-09-13 13:00:00,141.6,30,85,27.6,0,0,0
2026-09-13 13:05:00,138.4,20,82,27.2,0,0,0
2026-09-13 13:10:00,143.9,16,77,23.3,0,55,50
2026-09-13 13:15:00,151.5,17,85,30.5,0,0,0
2026-09-13 13:20:00,157.2,23,83,32.9,0,0,0
2026-09-13 13:25:00,158.0,30,83,27.5,0,0,0
2026-09-13 13:30:00,161.4,48,83,25.8,0,0,0
2026-09-13 13:35:00,163.0,31,81,32.9,0,0,0
2026-09-13 13:40:00,165.5,30,83,28.0,0,0,0
2026-09-13 13:45:00,167.1,27,82,31.3,0,0,0
2026-09-13 13:50:00,167.6,12,79,29.8,0,0,0
2026-09-13 13:55:00,168.4,15,80,28.3,0,0,0
2026-09-13 14:00:00,165.7,15,81,31.0,0,0,0
2026-09-13 14:05:00,169.7,29,80,25.5,0,0,0
2026-09-13 14:10:00,168.0,18,81,26.6,0,0,0
2026-09-13 14:15:00,165.2,18,78,28.8,0,0,0
2026-09-13 14:20:00,165.0,17,86,30.0,0,0,0
2026-09-13 14:25:00,165.0,9,78,30.1,0,0,0
2026-09-13 14:30:00,165.4,26,82,26.6,0,0,0
2026-09-13 14:35:00,164.4,8,81,28.0,0,0,0
2026-09-13 14:40:00,162.7,30,80,23.4,0,0,0
2026-09-13 14:45:00,164.5,22,82,30.2,0,0,0
2026-09-13 14:50:00,161.6,408,106,25.9,0,0,0
2026-09-13 14:55:00,161.4,422,104,27.2,0,0,0
2026-09-13 15:00:00,161.2,27,81,29.9,0,0,0
2026-09-13 15:05:00,160.6,22,80,30.3,0,0,0
2026-09-13 15:10:00,159.2,13,79,30.1,0,0,0
2026-09-13 15:15:00,158.5,35,80,29.6,0,0,0
2026-09-13 15:20:00,157.1,18,83,27.0,0,0,0
2026-09-13 15:25:00,155.9,19,80,26.4,0,0,0
2026-09-13 15:30:00,154.0,46,83,26.8,0,0,0
2026-09-13 15:35:00,149.7,17,75,28.9,0,0,0
2026-09-13 15:40:00,149.0,18,78,23.9,0,0,0
2026-09-13 15:45:00,151.1,42,79,26.9,0,0,0
2026-09-13 15:50:00,148.9,24,77,25.2,0,0,0
2026-09-13 15:55:00,146.2,23,78,29.1,0,0,0
2026-09-13 16:00:00,145.8,21,79,25.2,0,0,0
2026-09-13 16:05:00,146.0,7,79,27.7,0,0,0
2026-09-13 16:10:00,147.2,25,77,27.2,0,0,0
2026-09-13 16:15:00,145.9,29,82,29.1,0,0,0
2026-09-13 16:20:00,148.2,9,74,26.7,0,0,0
2026-09-13 16:25:00,148.7,9,77,27.3,0,0,0
2026-09-13 16:30:00,147.7,19,80,27.3,0,0,0
2026-09-13 16:35:00,145.6,17,82,24.5,0,0,0
2026-09-13 16:40:00,145.9,19,81,26.0,0,0,0
2026-09-13 16:45:00,148.1,30,78,26.0,0,0,0
2026-09-13 16:50:00,147.5,20,81,28.4,0,0,0
2026-09-13 16:55:00,145.2,31,75,31.0,0,0,0
2026-09-13 17:00:00,145.3,21,78,27.8,0,0,0
2026-09-13 17:05:00,143.6,49,86,29.5,0,0,0
2026-09-13 17:10:00,143.3,30,81,25.3,0,0,0
2026-09-13 17:15:00,143.6,21,80,26.6,0,28,65
2026-09-13 17:20:00,146.8,22,88,25.1,0,0,0
2026-09-13 17:25:00,151.6,20,81,30.6,0,0,0
2026-09-13 17:30:00,160.5,24,82,27.6,0,0,0
2026-09-13 17:35:00,161.6,23,82,29.2,0,0,0
2026-09-13 17:40:00,160.3,35,82,28.0,0,0,0
2026-09-13 17:45:00,161.2,78,80,29.1,0,0,0
2026-09-13 17:50:00,160.6,18,80,28.3,0,0,0
2026-09-13 17:55:00,163.4,14,82,26.5,0,0,0
2026-09-13 18:00:00,162.4,15,81,26.7,0,0,0
2026-09-13 18:05:00,161.6,17,80,24.3,0,0,0
2026-09-13 18:10:00,157.0,19,79,24.2,0,0,0
2026-09-13 18:15:00,158.2,35,83,29.7,0,0,0
2026-09-13 18:20:00,156.8,14,79,26.3,0,0,0
2026-09-13 18:25:00,156.4,19,80,27.6,0,0,0
2026-09-13 18:30:00,155.6,20,81,24.5,0,0,0
2026-09-13 18:35:00,154.0,14,79,26.0,0,0,0
2026-09-13 18:40:00,154.8,55,81,28.0,0,0,0
2026-09-13 18:45:00,154.4,16,80,27.6,0,0,0
2026-09-13 18:50:00,150.3,20,73,26.9,0,0,0
2026-09-13 18:55:00,148.6,25,81,27.6,0,0,0
2026-09-13 19:00:00,149.3,43,81,24.0,0,0,0
2026-09-13 19:05:00,150.2,10,77,27.5,0,0,0
2026-09-13 19:10:00,150.3,23,79,29.7,0,0,0
2026-09-13 19:15:00,145.2,23,78,27.3,0,0,0
2026-09-13 19:20:00,145.7,18,78,29.9,0,0,0
2026-09-13 19:25:00,145.6,22,79,27.7,0,0,0
2026-09-13 19:30:00,142.8,69,84,25.7,0,0,0
2026-09-13 19:35:00,143.1,24,76,28.7,0,0,0
2026-09-13 19:40:00,144.9,36,80,28.7,0,0,0
2026-09-13 19:45:00,143.6,21,79,24.6,0,0,0
2026-09-13 19:50:00,143.8,12,78,31.2,0,0,0
2026-09-13 19:55:00,138.9,15,77,27.2,0,0,0
2026-09-13 20:00:00,142.9,18,79,25.8,0,0,0
2026-09-13 20:05:00,140.0,8,74,26.0,0,0,0
2026-09-13 20:10:00,137.2,24,79,26.8,0,0,0
2026-09-13 20:15:00,136.4,63,82,27.6,0,0,0
2026-09-13 20:20:00,134.7,20,82,28.1,0,0,0
2026-09-13 20:25:00,134.2,58,82,26.9,0,0,0
2026-09-13 20:30:00,135.0,11,76,24.8,0,0,0
2026-09-13 20:35:00,137.0,12,82,30.2,0,0,0
2026-09-13 20:40:00,136.1,15,81,28.1,0,0,0
2026-09-13 20:45:00,138.0,23,77,28.0,0,0,0
2026-09-13 20:50:00,135.7,18,81,26.3,0,0,0
2026-09-13 20:55:00,133.7,18,80,25.6,0,0,0
2026-09-13 21:00:00,134.0,13,80,23.7,0,91,70
2026-09-13 21:05:00,154.0,27,84,27.3,0,0,0
2026-09-13 21:10:00,167.4,17,86,30.3,0,0,0
2026-09-13 21:15:00,174.3,22,86,27.5,0,0,0
2026-09-13 21:20:00,179.1,27,87,25.5,0,0,0
2026-09-13 21:25:00,184.6,10,82,23.7,0,0,0
2026-09-13 21:30:00,187.2,9,75,28.5,0,0,0
2026-09-13 21:35:00,186.5,25,84,26.4,0,0,0
2026-09-13 21:40:00,188.5,28,80,28.6,0,0,0
2026-09-13 21:45:00,187.9,29,83,23.7,0,0,0
2026-09-13 21:50:00,187.8,20,78,28.6,0,0,0
2026-09-13 21:55:00,191.1,7,78,24.5,0,0,0
2026-09-13 22:00:00,189.0,21,75,27.7,0,0,0
2026-09-13 22:05:00,187.3,17,80,28.1,0,0,0
2026-09-13 22:10:00,184.5,55,79,30.7,0,0,0
2026-09-13 22:15:00,180.3,18,80,27.3,0,0,0
2026-09-13 22:20:00,179.7,16,79,28.1,0,0,0
2026-09-13 22:25:00,177.5,8,79,28.8,0,0,0
2026-09-13 22:30:00,173.3,19,81,29.0,0,0,0
2026-09-13 22:35:00,172.9,35,81,26.7,0,0,0
2026-09-13 22:40:00,167.8,15,81,27.1,0,0,0
2026-09-13 22:45:00,167.6,20,79,28.3,0,0,0
2026-09-13 22:50:00,165.2,22,80,29.3,0,0,0
2026-09-13 22:55:00,166.4,5,77,23.6,0,0,0
2026-09-13 23:00:00,170.6,12,76,27.1,0,0,0
2026-09-13 23:05:00,165.9,31,84,24.0,0,0,0
2026-09-13 23:10:00,161.2,25,81,25.3,0,0,0
2026-09-13 23:15:00,159.9,23,80,28.1,0,0,0
2026-09-13 23:20:00,156.6,29,81,28.9,0,0,0
2026-09-13 23:25:00,153.4,12,79,29.7,0,0,0
2026-09-13 23:30:00,155.7,35,78,25.8,0,0,0
2026-09-13 23:35:00,153.8,17,78,26.3,0,0,0
2026-09-13 23:40:00,151.3,19,78,29.4,0,0,0
2026-09-13 23:45:00,148.4,30,78,31.4,0,0,0
2026-09-13 23:50:00,143.0,34,82,27.6,0,0,0
2026-09-13 23:55:00,141.2,9,77,24.0,0,0,0
2026-09-14 00:00:00,142.6,14,79,26.8,0,0,0
2026-09-14 00:05:00,142.1,17,76,26.5,0,0,0
2026-09-14 00:10:00,142.5,12,79,26.8,0,0,0
2026-09-14 00:15:00,145.3,42,83,29.8,0,0,0
2026-09-14 00:20:00,140.8,0,69,42.8,1,0,0
2026-09-14 00:25:00,142.2,1,70,45.2,1,0,0
2026-09-14 00:30:00,141.1,0,71,40.9,1,0,0
2026-09-14 00:35:00,146.6,0,71,42.3,1,0,0
2026-09-14 00:40:00,145.4,0,76,44.8,1,0,0
2026-09-14 00:45:00,146.0,0,72,43.6,1,0,0
2026-09-14 00:50:00,143.4,1,73,45.6,1,0,0
2026-09-14 00:55:00,146.2,0,71,45.9,1,0,0
2026-09-14 01:00:00,144.7,1,65,45.2,1,0,0
2026-09-14 01:05:00,142.5,0,70,45.5,1,0,0
2026-09-14 01:10:00,139.6,3,67,42.3,1,0,0
2026-09-14 01:15:00,141.1,0,70,45.6,1,0,0
2026-09-14 01:20:00,140.0,0,71,42.5,1,0,0
2026-09-14 01:25:00,143.0,0,68,45.4,1,0,0
2026-09-14 01:30:00,141.1,0,73,46.6,1,0,0
2026-09-14 01:35:00,142.6,1,71,43.7,1,0,0
2026-09-14 01:40:00,139.8,0,68,43.0,1,0,0
2026-09-14 01:45:00,137.9,1,72,44.9,1,0,0
2026-09-14 01:50:00,136.0,1,70,46.4,1,0,0
2026-09-14 01:55:00,134.9,0,75,44.4,1,0,0
2026-09-14 02:00:00,133.9,0,73,43.7,1,0,0
2026-09-14 02:05:00,133.6,1,67,43.6,1,0,0
2026-09-14 02:10:00,135.5,0,69,44.9,1,0,0
2026-09-14 02:15:00,135.0,0,73,47.2,1,0,0
2026-09-14 02:20:00,132.9,1,68,44.2,1,0,0
2026-09-14 02:25:00,133.9,0,72,44.6,1,0,0
2026-09-14 02:30:00,133.3,0,71,45.8,1,0,0
2026-09-14 02:35:00,135.7,0,71,41.0,1,0,0
2026-09-14 02:40:00,133.8,1,68,40.2,1,0,0
2026-09-14 02:45:00,133.3,0,67,44.2,1,0,0
2026-09-14 02:50:00,134.2,0,67,44.5,1,0,0
2026-09-14 02:55:00,134.2,0,73,44.9,1,0,0
2026-09-14 03:00:00,137.1,0,70,46.8,1,0,0
2026-09-14 03:05:00,136.7,1,67,46.3,1,0,0
2026-09-14 03:10:00,137.0,0,68,43.6,1,0,0
2026-09-14 03:15:00,138.9,0,72,43.6,1,0,0
2026-09-14 03:20:00,138.1,1,71,44.7,1,0,0
2026-09-14 03:25:00,138.1,1,69,44.0,1,0,0
2026-09-14 03:30:00,139.5,1,70,41.7,1,0,0
2026-09-14 03:35:00,141.0,0,71,45.8,1,0,0
2026-09-14 03:40:00,140.0,0,74,44.3,1,0,0
2026-09-14 03:45:00,141.5,1,73,48.4,1,0,0
2026-09-14 03:50:00,140.6,1,68,43.6,1,0,0
2026-09-14 03:55:00,138.3,1,71,43.6,1,0,0
2026-09-14 04:00:00,140.6,0,70,44.9,1,0,0
2026-09-14 04:05:00,139.3,1,71,45.3,1,0,0
2026-09-14 04:10:00,141.1,0,74,45.6,1,0,0
2026-09-14 04:15:00,141.4,2,68,44.6,1,0,0
2026-09-14 04:20:00,140.8,0,68,44.6,1,0,0
2026-09-14 04:25:00,142.1,0,73,43.8,1,0,0
2026-09-14 04:30:00,145.3,0,74,47.4,1,0,0
2026-09-14 04:35:00,146.7,0,68,42.8,1,0,0
2026-09-14 04:40:00,148.4,0,73,43.0,1,0,0
2026-09-14 04:45:00,148.6,0,67,47.3,1,0,0
2026-09-14 04:50:00,147.3,0,72,44.0,1,0,0
2026-09-14 04:55:00,149.4,0,70,44.8,1,0,0
2026-09-14 05:00:00,150.9,0,71,48.8,1,0,0
2026-09-14 05:05:00,151.5,0,75,44.6,1,0,0
2026-09-14 05:10:00,151.1,1,69,46.6,1,0,0
2026-09-14 05:15:00,151.0,0,72,42.9,1,0,0
2026-09-14 05:20:00,149.6,0,68,43.7,1,0,0
2026-09-14 05:25:00,147.7,0,67,44.5,1,0,0
2026-09-14 05:30:00,150.0,0,72,44.9,1,0,0
2026-09-14 05:35:00,148.8,0,67,42.7,1,0,0
2026-09-14 05:40:00,145.8,0,70,46.6,1,0,0
2026-09-14 05:45:00,145.6,0,72,40.0,1,0,0
2026-09-14 05:50:00,147.5,0,71,45.5,1,0,0
2026-09-14 05:55:00,144.2,1,71,45.8,1,0,0
2026-09-14 06:00:00,146.4,0,71,43.8,1,0,0
2026-09-14 06:05:00,145.0,0,69,38.5,1,0,0
2026-09-14 06:10:00,144.0,0,71,41.8,1,0,0
2026-09-14 06:15:00,145.3,22,79,26.4,0,0,0
2026-09-14 06:20:00,143.2,16,78,23.5,0,0,0
2026-09-14 06:25:00,142.2,22,79,29.7,0,0,0
2026-09-14 06:30:00,139.4,16,82,29.0,0,0,0
2026-09-14 06:35:00,135.1,14,80,25.2,0,0,0
2026-09-14 06:40:00,137.0,18,77,28.9,0,0,0
2026-09-14 06:45:00,140.8,41,82,30.4,0,0,0
2026-09-14 06:50:00,142.4,7,79,25.0,0,0,0
2026-09-14 06:55:00,143.8,11,81,28.9,0,0,0
2026-09-14 07:00:00,140.5,27,79,25.7,0,0,0
2026-09-14 07:05:00,140.0,19,79,25.3,0,0,0
2026-09-14 07:10:00,135.8,21,79,27.4,0,0,0
2026-09-14 07:15:00,138.0,19,82,24.6,0,0,0
2026-09-14 07:20:00,138.6,32,79,28.8,0,0,0
2026-09-14 07:25:00,136.6,20,81,31.4,0,0,0
2026-09-14 07:30:00,137.4,23,77,26.7,0,0,0
2026-09-14 07:35:00,140.9,22,80,28.4,0,0,0
2026-09-14 07:40:00,140.3,12,80,25.5,0,0,0
2026-09-14 07:45:00,139.7,22,80,28.9,0,0,0
2026-09-14 07:50:00,139.3,16,82,23.5,0,45,65
2026-09-14 07:55:00,144.9,22,79,24.5,0,0,0
2026-09-14 08:00:00,146.9,34,81,26.2,0,0,0
2026-09-14 08:05:00,152.0,10,84,29.8,0,0,0
2026-09-14 08:10:00,156.1,21,82,25.7,0,0,0
2026-09-14 08:15:00,159.3,21,80,24.0,0,0,0
2026-09-14 08:20:00,163.5,14,82,26.7,0,0,0
2026-09-14 08:25:00,165.1,18,81,28.1,0,0,0
2026-09-14 08:30:00,165.6,20,79,27.2,0,0,0
2026-09-14 08:35:00,164.8,15,78,32.1,0,0,0
2026-09-14 08:40:00,166.9,14,80,24.7,0,0,0
2026-09-14 08:45:00,169.0,22,77,26.4,0,0,0
2026-09-14 08:50:00,165.4,13,84,27.4,0,0,0
2026-09-14 08:55:00,165.4,48,81,27.4,0,0,0
2026-09-14 09:00:00,164.2,16,75,26.4,0,0,0
2026-09-14 09:05:00,162.9,37,83,28.6,0,0,0
2026-09-14 09:10:00,157.5,35,79,30.0,0,0,0
2026-09-14 09:15:00,155.4,38,82,25.7,0,0,0
2026-09-14 09:20:00,155.8,24,77,29.6,0,0,0
2026-09-14 09:25:00,155.7,12,76,26.1,0,0,0
2026-09-14 09:30:00,155.3,29,81,25.2,0,0,0
2026-09-14 09:35:00,155.7,19,78,26.9,0,0,0
2026-09-14 09:40:00,153.1,32,78,30.9,0,0,0
2026-09-14 09:45:00,154.1,11,80,27.7,0,0,0
2026-09-14 09:50:00,157.4,13,80,25.7,0,0,0
2026-09-14 09:55:00,156.1,35,77,28.2,0,0,0
2026-09-14 10:00:00,153.6,15,79,26.7,0,0,0
2026-09-14 10:05:00,155.2,13,76,27.8,0,0,0
2026-09-14 10:10:00,155.4,506,107,28.9,0,0,0
2026-09-14 10:15:00,156.3,503,107,28.9,0,0,0
2026-09-14 10:20:00,156.4,498,108,31.0,0,0,0
2026-09-14 10:25:00,152.5,504,110,29.9,0,0,0
2026-09-14 10:30:00,153.0,24,81,25.9,0,0,0
2026-09-14 10:35:00,147.2,15,81,24.8,0,0,0
2026-09-14 10:40:00,145.3,33,80,25.8,0,0,0
2026-09-14 10:45:00,145.3,23,82,26.2,0,0,0
2026-09-14 10:50:00,139.9,22,81,24.3,0,0,0
2026-09-14 10:55:00,141.9,16,76,25.3,0,0,0
2026-09-14 11:00:00,143.7,23,77,27.8,0,0,0
2026-09-14 11:05:00,142.3,19,77,32.6,0,0,0
2026-09-14 11:10:00,140.3,12,83,29.8,0,0,0
2026-09-14 11:15:00,138.7,28,79,30.2,0,0,0
2026-09-14 11:20:00,131.7,23,81,28.2,0,0,0
2026-09-14 11:25:00,128.2,22,78,28.5,0,0,0
2026-09-14 11:30:00,130.3,30,83,26.4,0,0,0
2026-09-14 11:35:00,133.2,10,76,26.4,0,0,0
2026-09-14 11:40:00,134.1,10,78,28.3,0,0,0
2026-09-14 11:45:00,135.2,14,81,29.1,0,0,0
2026-09-14 11:50:00,136.7,15,77,25.4,0,0,0
2026-09-14 11:55:00,137.4,35,83,24.7,0,0,0
2026-09-14 12:00:00,136.6,25,80,25.4,0,0,0
2026-09-14 12:05:00,139.9,15,81,28.3,0,0,0
2026-09-14 12:10:00,140.1,33,80,26.5,0,0,0
2026-09-14 12:15:00,143.3,19,83,28.2,0,0,0
2026-09-14 12:20:00,144.7,13,80,25.3,0,0,0
2026-09-14 12:25:00,147.8,11,76,27.2,0,0,0
2026-09-14 12:30:00,150.7,18,78,26.3,0,0,0
2026-09-14 12:35:00,145.5,21,80,24.5,0,0,0
2026-09-14 12:40:00,146.4,18,78,29.8,0,0,0
2026-09-14 12:45:00,142.2,12,78,25.3,0,59,50
2026-09-14 12:50:00,151.0,27,85,29.3,0,0,0
2026-09-14 12:55:00,153.7,11,81,25.0,0,0,0
2026-09-14 13:00:00,158.3,574,115,25.8,0,0,0
2026-09-14 13:05:00,163.2,598,117,27.2,0,0,0
2026-09-14 13:10:00,166.1,10,82,25.4,0,0,0
2026-09-14 13:15:00,166.1,22,80,27.9,0,0,0
2026-09-14 13:20:00,165.9,26,80,31.3,0,0,0
2026-09-14 13:25:00,165.5,44,83,30.7,0,0,0
2026-09-14 13:30:00,162.2,12,79,28.2,0,0,0
2026-09-14 13:35:00,163.1,16,78,27.4,0,0,0
2026-09-14 13:40:00,163.6,14,78,28.6,0,0,0
2026-09-14 13:45:00,163.3,32,81,25.3,0,0,0
2026-09-14 13:50:00,161.0,43,79,26.8,0,0,0
2026-09-14 13:55:00,161.9,22,82,31.9,0,0,0
2026-09-14 14:00:00,165.4,23,79,21.7,0,0,0
2026-09-14 14:05:00,163.5,23,79,28.4,0,0,0
2026-09-14 14:10:00,161.0,15,77,28.4,0,0,0
2026-09-14 14:15:00,160.9,19,81,28.8,0,0,0
2026-09-14 14:20:00,157.6,28,79,28.9,0,0,0
2026-09-14 14:25:00,154.9,13,77,26.9,0,0,0
2026-09-14 14:30:00,156.5,36,75,25.9,0,0,0
2026-09-14 14:35:00,159.3,13,78,28.3,0,0,0
2026-09-14 14:40:00,156.7,23,81,23.6,0,0,0
2026-09-14 14:45:00,159.6,29,80,26.3,0,0,0
2026-09-14 14:50:00,161.2,23,81,26.7,0,0,0
2026-09-14 14:55:00,156.9,38,81,29.3,0,0,0
2026-09-14 15:00:00,152.9,16,83,24.8,0,0,0
2026-09-14 15:05:00,154.4,12,78,25.1,0,0,0
2026-09-14 15:10:00,153.5,28,79,27.1,0,0,0
2026-09-14 15:15:00,154.7,17,82,24.6,0,0,0
2026-09-14 15:20:00,150.8,18,83,25.3,0,0,0
2026-09-14 15:25:00,148.5,24,82,28.8,0,0,0
2026-09-14 15:30:00,144.3,17,80,27.2,0,0,0
2026-09-14 15:35:00,144.7,18,77,27.0,0,0,0
2026-09-14 15:40:00,145.4,27,81,28.5,0,0,0
2026-09-14 15:45:00,142.4,35,80,25.8,0,0,0
2026-09-14 15:50:00,141.6,13,81,27.7,0,0,0
2026-09-14 15:55:00,141.2,48,79,27.9,0,0,0
2026-09-14 16:00:00,142.4,13,80,29.1,0,0,0
2026-09-14 16:05:00,140.4,14,79,26.4,0,0,0
2026-09-14 16:10:00,139.8,36,79,28.6,0,0,0
2026-09-14 16:15:00,139.6,12,80,30.5,0,0,0
2026-09-14 16:20:00,139.9,48,81,26.5,0,0,0
2026-09-14 16:25:00,139.0,35,83,27.8,0,0,0
2026-09-14 16:30:00,135.8,16,80,27.7,0,0,0
2026-09-14 16:35:00,135.6,20,81,24.6,0,0,0
2026-09-14 16:40:00,137.6,16,82,26.8,0,13,35
2026-09-14 16:45:00,140.6,424,106,24.4,0,0,0
2026-09-14 16:50:00,141.6,411,105,28.7,0,0,0
2026-09-14 16:55:00,138.8,421,102,27.7,0,0,0
2026-09-14 17:00:00,137.1,415,107,28.1,0,0,0
2026-09-14 17:05:00,139.0,34,81,25.6,0,0,0
2026-09-14 17:10:00,141.3,28,78,31.1,0,0,0
2026-09-14 17:15:00,143.1,11,78,28.5,0,0,0
2026-09-14 17:20:00,146.1,30,83,28.7,0,0,0
2026-09-14 17:25:00,149.1,35,80,24.1,0,0,0
2026-09-14 17:30:00,148.4,40,82,27.5,0,0,0
2026-09-14 17:35:00,145.8,35,80,27.1,0,0,0
2026-09-14 17:40:00,145.0,22,79,28.5,0,0,0
2026-09-14 17:45:00,144.2,23,81,27.3,0,0,0
2026-09-14 17:50:00,146.3,11,80,28.2,0,0,0
2026-09-14 17:55:00,148.7,25,79,24.9,0,0,0
2026-09-14 18:00:00,149.9,32,75,27.0,0,0,0
2026-09-14 18:05:00,147.9,24,78,24.3,0,0,0
2026-09-14 18:10:00,145.1,23,77,27.5,0,0,0
2026-09-14 18:15:00,143.3,12,76,29.4,0,0,0
2026-09-14 18:20:00,146.0,22,76,29.4,0,0,0
2026-09-14 18:25:00,146.8,42,81,27.5,0,0,0
2026-09-14 18:30:00,145.4,30,76,27.3,0,0,0
2026-09-14 18:35:00,146.6,46,80,28.9,0,0,0
2026-09-14 18:40:00,141.6,13,78,28.5,0,0,0
2026-09-14 18:45:00,143.5,27,78,29.5,0,0,0
2026-09-14 18:50:00,143.2,38,82,23.0,0,0,0
2026-09-14 18:55:00,144.4,31,80,27.8,0,0,0
2026-09-14 19:00:00,143.9,44,80,27.5,0,0,0
2026-09-14 19:05:00,141.3,26,80,28.7,0,0,0
2026-09-14 19:10:00,143.9,22,77,26.6,0,0,0
2026-09-14 19:15:00,144.1,54,80,25.7,0,0,0
2026-09-14 19:20:00,144.8,18,75,29.1,0,0,0
2026-09-14 19:25:00,144.3,27,81,24.2,0,0,0
2026-09-14 19:30:00,144.3,25,77,24.4,0,0,0
2026-09-14 19:35:00,145.7,54,83,27.0,0,0,0
2026-09-14 19:40:00,145.0,14,77,29.8,0,0,0
2026-09-14 19:45:00,145.1,18,78,25.3,0,0,0
2026-09-14 19:50:00,144.0,40,80,28.1,0,0,0
2026-09-14 19:55:00,142.2,14,82,27.4,0,0,0
2026-09-14 20:00:00,139.3,41,84,30.5,0,0,0
2026-09-14 20:05:00,141.4,22,80,26.4,0,0,0
2026-09-14 20:10:00,137.8,23,81,27.5,0,0,0
2026-09-14 20:15:00,135.0,40,80,25.1,0,0,0
2026-09-14 20:20:00,135.9,12,77,32.4,0,0,0
2026-09-14 20:25:00,135.2,29,81,29.5,0,0,0
2026-09-14 20:30:00,133.5,12,76,29.4,0,0,0
2026-09-14 20:35:00,135.8,38,80,27.7,0,0,0
2026-09-14 20:40:00,136.2,16,80,28.9,0,0,0
2026-09-14 20:45:00,135.4,46,80,31.2,0,0,0
2026-09-14 20:50:00,133.7,12,78,30.0,0,0,0
2026-09-14 20:55:00,134.1,33,85,27.3,0,55,55
2026-09-14 21:00:00,141.0,38,88,29.3,0,0,0
2026-09-14 21:05:00,146.9,19,82,24.4,0,0,0
2026-09-14 21:10:00,151.1,586,118,27.4,0,0,0
2026-09-14 21:15:00,153.0,607,118,27.9,0,0,0
2026-09-14 21:20:00,155.8,17,81,24.9,0,0,0
2026-09-14 21:25:00,156.2,25,80,29.0,0,0,0
2026-09-14 21:30:00,155.1,16,77,30.0,0,0,0
2026-09-14 21:35:00,152.4,17,81,26.9,0,0,0
2026-09-14 21:40:00,154.0,32,78,26.2,0,0,0
2026-09-14 21:45:00,155.6,18,80,27.1,0,0,0
2026-09-14 21:50:00,157.3,23,80,26.3,0,0,0
2026-09-14 21:55:00,155.6,13,75,29.0,0,0,0
2026-09-14 22:00:00,154.3,13,82,30.4,0,0,0
2026-09-14 22:05:00,151.4,20,77,25.1,0,0,0
2026-09-14 22:10:00,154.1,11,80,27.9,0,0,0
2026-09-14 22:15:00,155.9,29,79,28.6,0,0,0
2026-09-14 22:20:00,153.8,13,80,25.0,0,0,0
2026-09-14 22:25:00,154.9,25,79,27.4,0,0,0
2026-09-14 22:30:00,155.3,22,77,29.0,0,0,0
2026-09-14 22:35:00,154.5,8,74,28.3,0,0,0
2026-09-14 22:40:00,156.0,62,78,26.4,0,0,0
2026-09-14 22:45:00,155.2,16,77,31.1,0,0,0
2026-09-14 22:50:00,152.0,10,79,29.5,0,0,0
2026-09-14 22:55:00,149.6,23,80,26.6,0,0,0
2026-09-14 23:00:00,144.9,30,80,29.5,0,0,0
2026-09-14 23:05:00,145.9,20,79,27.6,0,0,0
2026-09-14 23:10:00,142.2,41,84,30.4,0,0,0
2026-09-14 23:15:00,142.6,20,80,24.8,0,0,0
2026-09-14 23:20:00,138.2,20,81,28.8,0,0,0
2026-09-14 23:25:00,138.0,18,77,25.5,0,0,0
2026-09-14 23:30:00,136.3,31,80,26.9,0,0,0
2026-09-14 23:35:00,137.9,12,77,29.7,0,0,0
2026-09-14 23:40:00,136.8,15,81,24.0,0,0,0
2026-09-14 23:45:00,135.6,27,81,27.2,0,0,0
2026-09-14 23:50:00,137.2,38,80,27.9,0,0,0
2026-09-14 23:55:00,133.0,19,79,28.1,0,0,0
