timestamp,glucose_mgdl,steps,heart_rate,hrv_ms,sleeping,carbs_g,meal_gi
2026-09-01 00:00:00,101.0,0,64,68.2,1,0,0
2026-09-01 00:05:00,100.4,1,58,64.9,1,0,0
2026-09-01 00:10:00,102.2,0,66,66.0,1,0,0
2026-09-01 00:15:00,101.6,0,63,63.6,1,0,0
2026-09-01 00:20:00,101.4,0,63,64.3,1,0,0
2026-09-01 00:25:00,99.9,1,61,64.8,1,0,0
2026-09-01 00:30:00,100.1,0,61,66.0,1,0,0
2026-09-01 00:35:00,98.2,1,61,67.7,1,0,0
2026-09-01 00:40:00,99.2,0,61,65.8,1,0,0
2026-09-01 00:45:00,104.2,0,60,62.8,1,0,0
2026-09-01 00:50:00,103.4,0,62,66.4,1,0,0
2026-09-01 00:55:00,103.0,1,61,66.4,1,0,0
2026-09-01 01:00:00,104.6,0,63,64.2,1,0,0
2026-09-01 01:05:00,104.6,0,59,65.2,1,0,0
2026-09-01 01:10:00,103.1,1,59,63.8,1,0,0
2026-09-01 01:15:00,100.9,1,63,63.8,1,0,0
2026-09-01 01:20:00,99.5,0,60,64.6,1,0,0
2026-09-01 01:25:00,96.7,0,64,67.4,1,0,0
2026-09-01 01:30:00,99.1,2,64,65.7,1,0,0
2026-09-01 01:35:00,103.0,0,64,65.9,1,0,0
2026-09-01 01:40:00,101.4,0,62,66.3,1,0,0
2026-09-01 01:45:00,98.8,1,64,64.0,1,0,0
2026-09-01 01:50:00,99.3,1,63,64.7,1,0,0
2026-09-01 01:55:00,97.3,0,61,67.3,1,0,0
2026-09-01 02:00:00,99.4,0,61,63.8,1,0,0
2026-09-01 02:05:00,97.9,1,63,62.6,1,0,0
2026-09-01 02:10:00,103.1,0,62,66.0,1,0,0
2026-09-01 02:15:00,103.0,1,63,65.0,1,0,0
2026-09-01 02:20:00,103.9,0,59,68.7,1,0,0
2026-09-01 02:25:00,102.5,0,64,63.5,1,0,0
2026-09-01 02:30:00,101.8,0,60,65.7,1,0,0
2026-09-01 02:35:00,101.6,0,61,66.6,1,0,0
2026-09-01 02:40:00,100.3,0,62,66.4,1,0,0
2026-09-01 02:45:00,94.4,1,63,66.8,1,0,0
2026-09-01 02:50:00,98.5,0,61,64.9,1,0,0
2026-09-01 02:55:00,97.0,0,61,68.8,1,0,0
2026-09-01 03:00:00,95.0,1,60,65.5,1,0,0
2026-09-01 03:05:00,94.2,0,61,65.1,1,0,0
2026-09-01 03:10:00,92.5,0,64,66.0,1,0,0
2026-09-01 03:15:00,96.5,0,63,65.1,1,0,0
2026-09-01 03:20:00,95.9,0,62,66.1,1,0,0
2026-09-01 03:25:00,98.5,0,64,65.5,1,0,0
2026-09-01 03:30:00,103.4,0,62,64.1,1,0,0
2026-09-01 03:35:00,103.5,0,64,67.9,1,0,0
2026-09-01 03:40:00,105.8,0,61,66.8,1,0,0
2026-09-01 03:45:00,105.4,1,62,65.7,1,0,0
2026-09-01 03:50:00,101.6,0,63,69.5,1,0,0
2026-09-01 03:55:00,101.2,1,61,65.3,1,0,0
2026-09-01 04:00:00,101.1,0,63,63.9,1,0,0
2026-09-01 04:05:00,100.2,1,59,65.3,1,0,0
2026-09-01 04:10:00,98.1,0,63,63.2,1,0,0
2026-09-01 04:15:00,99.9,1,60,64.9,1,0,0
2026-09-01 04:20:00,99.2,1,63,66.1,1,0,0
2026-09-01 04:25:00,101.0,0,58,64.8,1,0,0
2026-09-01 04:30:00,99.3,0,66,68.1,1,0,0
2026-09-01 04:35:00,101.1,0,62,61.8,1,0,0
2026-09-01 04:40:00,96.6,0,64,65.4,1,0,0
2026-09-01 04:45:00,97.2,0,63,69.9,1,0,0
2026-09-01 04:50:00,99.9,1,63,64.5,1,0,0
2026-09-01 04:55:00,103.4,1,62,64.8,1,0,0
2026-09-01 05:00:00,104.4,0,64,62.5,1,0,0
2026-09-01 05:05:00,101.6,1,61,61.7,1,0,0
2026-09-01 05:10:00,100.8,0,61,66.8,1,0,0
2026-09-01 05:15:00,104.9,0,62,65.9,1,0,0
2026-09-01 05:20:00,102.4,0,61,66.1,1,0,0
2026-09-01 05:25:00,102.4,0,64,64.3,1,0,0
2026-09-01 05:30:00,104.6,1,63,68.6,1,0,0
2026-09-01 05:35:00,101.9,0,64,63.1,1,0,0
2026-09-01 05:40:00,104.6,0,61,66.2,1,0,0
2026-09-01 05:45:00,103.7,0,65,66.5,1,0,0
2026-09-01 05:50:00,104.5,37,73,40.8,0,0,0
2026-09-01 05:55:00,104.3,20,71,39.6,0,0,0
2026-09-01 06:00:00,101.8,27,72,35.2,0,0,0
2026-09-01 06:05:00,103.4,43,70,42.9,0,0,0
2026-09-01 06:10:00,102.5,13,68,41.1,0,0,0
2026-09-01 06:15:00,100.5,19,68,39.6,0,0,0
2026-09-01 06:20:00,99.8,11,68,41.4,0,0,0
2026-09-01 06:25:00,94.4,20,73,39.8,0,0,0
2026-09-01 06:30:00,96.4,40,72,41.5,0,0,0
2026-09-01 06:35:00,95.5,42,72,44.6,0,0,0
2026-09-01 06:40:00,94.9,17,72,40.3,0,0,0
2026-09-01 06:45:00,97.9,25,73,41.5,0,0,0
2026-09-01 06:50:00,96.9,23,74,37.8,0,0,0
2026-09-01 06:55:00,94.2,35,74,40.8,0,0,0
2026-09-01 07:00:00,93.3,12,72,40.6,0,0,0
2026-09-01 07:05:00,92.7,26,70,41.8,0,0,0
2026-09-01 07:10:00,92.6,22,70,39.8,0,0,0
2026-09-01 07:15:00,96.6,23,69,38.7,0,0,0
2026-09-01 07:20:00,95.4,30,71,39.2,0,0,0
2026-09-01 07:25:00,96.4,44,74,41.2,0,0,0
2026-09-01 07:30:00,95.6,47,74,40.1,0,0,0
2026-09-01 07:35:00,93.2,29,74,43.9,0,0,0
2026-09-01 07:40:00,94.4,24,67,41.7,0,0,0
2026-09-01 07:45:00,93.3,15,76,39.4,0,40,50
2026-09-01 07:50:00,96.8,13,75,40.0,0,0,0
2026-09-01 07:55:00,97.9,21,71,41.6,0,0,0
2026-09-01 08:00:00,98.2,19,73,37.6,0,0,0
2026-09-01 08:05:00,104.0,14,75,40.1,0,0,0
2026-09-01 08:10:00,105.2,23,77,41.5,0,0,0
2026-09-01 08:15:00,106.5,23,71,38.0,0,0,0
2026-09-01 08:20:00,109.9,43,74,38.7,0,0,0
2026-09-01 08:25:00,113.6,12,71,38.4,0,0,0
2026-09-01 08:30:00,112.9,46,74,37.9,0,0,0
2026-09-01 08:35:00,112.7,18,69,42.7,0,0,0
2026-09-01 08:40:00,109.7,21,77,39.1,0,0,0
2026-09-01 08:45:00,110.9,45,70,38.1,0,0,0
2026-09-01 08:50:00,111.8,29,71,38.6,0,0,0
2026-09-01 08:55:00,109.9,47,74,41.6,0,0,0
2026-09-01 09:00:00,112.5,43,70,40.6,0,0,0
2026-09-01 09:05:00,113.0,29,71,42.0,0,0,0
2026-09-01 09:10:00,110.9,11,74,43.4,0,0,0
2026-09-01 09:15:00,111.1,8,67,41.3,0,0,0
2026-09-01 09:20:00,104.7,26,72,40.3,0,0,0
2026-09-01 09:25:00,107.2,21,70,41.9,0,0,0
2026-09-01 09:30:00,106.2,15,72,40.7,0,0,0
2026-09-01 09:35:00,102.9,21,74,40.0,0,0,0
2026-09-01 09:40:00,100.5,46,70,39.3,0,0,0
2026-09-01 09:45:00,100.3,31,70,37.8,0,0,0
2026-09-01 09:50:00,99.1,33,73,41.7,0,0,0
2026-09-01 09:55:00,99.8,18,70,44.6,0,0,0
2026-09-01 10:00:00,100.2,13,73,42.2,0,0,0
2026-09-01 10:05:00,100.5,24,69,36.9,0,0,0
2026-09-01 10:10:00,97.6,13,71,40.0,0,0,0
2026-09-01 10:15:00,98.0,19,72,38.0,0,0,0
2026-09-01 10:20:00,93.9,25,71,41.2,0,0,0
2026-09-01 10:25:00,94.9,29,66,40.9,0,0,0
2026-09-01 10:30:00,93.5,14,71,41.9,0,0,0
2026-09-01 10:35:00,93.7,20,72,36.5,0,0,0
2026-09-01 10:40:00,90.7,26,72,39.5,0,0,0
2026-09-01 10:45:00,92.7,28,71,39.4,0,0,0
2026-09-01 10:50:00,93.1,17,72,38.6,0,0,0
2026-09-01 10:55:00,93.5,47,72,39.3,0,0,0
2026-09-01 11:00:00,91.4,16,70,40.7,0,0,0
2026-09-01 11:05:00,93.9,405,97,42.6,0,0,0
2026-09-01 11:10:00,96.7,411,97,42.8,0,0,0
2026-09-01 11:15:00,94.5,405,93,41.6,0,0,0
2026-09-01 11:20:00,98.1,407,93,38.6,0,0,0
2026-09-01 11:25:00,100.2,31,71,42.2,0,0,0
2026-09-01 11:30:00,101.4,20,73,42.7,0,0,0
2026-09-01 11:35:00,102.5,39,75,38.1,0,0,0
2026-09-01 11:40:00,103.2,18,72,41.4,0,0,0
2026-09-01 11:45:00,101.6,23,72,40.8,0,0,0
2026-09-01 11:50:00,103.6,13,71,38.7,0,0,0
2026-09-01 11:55:00,104.9,44,76,41.5,0,0,0
2026-09-01 12:00:00,104.6,31,72,32.7,0,0,0
2026-09-01 12:05:00,105.2,39,71,43.5,0,0,0
2026-09-01 12:10:00,103.1,20,69,41.0,0,0,0
2026-09-01 12:15:00,104.1,17,71,40.9,0,0,0
2026-09-01 12:20:00,106.3,22,70,38.9,0,0,0
2026-09-01 12:25:00,102.6,29,70,42.6,0,0,0
2026-09-01 12:30:00,105.1,22,73,39.5,0,0,0
2026-09-01 12:35:00,105.0,17,70,38.1,0,0,0
2026-09-01 12:40:00,100.9,12,71,39.7,0,0,0
2026-09-01 12:45:00,102.3,424,96,38.6,0,0,0
2026-09-01 12:50:00,101.8,421,95,39.8,0,0,0
2026-09-01 12:55:00,103.5,457,96,41.5,0,0,0
2026-09-01 13:00:00,105.3,26,69,43.2,0,0,0
2026-09-01 13:05:00,104.5,10,71,42.0,0,0,0
2026-09-01 13:10:00,103.5,13,70,41.7,0,0,0
2026-09-01 13:15:00,102.0,28,70,38.7,0,0,0
2026-09-01 13:20:00,101.0,17,69,39.8,0,0,0
2026-09-01 13:25:00,101.3,44,74,37.8,0,0,0
2026-09-01 13:30:00,101.7,22,75,39.6,0,69,68
2026-09-01 13:35:00,114.5,10,72,45.0,0,0,0
2026-09-01 13:40:00,121.5,8,73,40.0,0,0,0
2026-09-01 13:45:00,126.8,19,74,40.6,0,0,0
2026-09-01 13:50:00,129.7,26,75,39.0,0,0,0
2026-09-01 13:55:00,134.3,28,78,41.6,0,0,0
2026-09-01 14:00:00,136.3,21,72,42.4,0,0,0
2026-09-01 14:05:00,134.9,8,70,40.9,0,0,0
2026-09-01 14:10:00,137.3,23,70,43.3,0,0,0
2026-09-01 14:15:00,137.5,55,75,37.9,0,0,0
2026-09-01 14:20:00,134.8,22,69,43.6,0,0,0
2026-09-01 14:25:00,132.4,41,73,42.9,0,0,0
2026-09-01 14:30:00,128.8,32,72,41.6,0,0,0
2026-09-01 14:35:00,127.3,2,70,42.4,0,0,0
2026-09-01 14:40:00,122.8,18,74,39.3,0,0,0
2026-09-01 14:45:00,119.3,17,73,35.8,0,0,0
2026-09-01 14:50:00,115.5,13,74,39.4,0,0,0
2026-09-01 14:55:00,117.9,7,71,38.5,0,0,0
2026-09-01 15:00:00,118.2,37,75,39.0,0,0,0
2026-09-01 15:05:00,118.9,11,69,41.0,0,0,0
2026-09-01 15:10:00,121.3,33,70,38.5,0,0,0
2026-09-01 15:15:00,123.7,26,72,37.8,0,0,0
2026-09-01 15:20:00,122.9,16,70,40.2,0,0,0
2026-09-01 15:25:00,120.3,24,69,43.6,0,0,0
2026-09-01 15:30:00,116.7,40,72,42.0,0,0,0
2026-09-01 15:35:00,114.5,10,71,38.6,0,0,0
2026-09-01 15:40:00,117.3,14,70,41.9,0,0,0
2026-09-01 15:45:00,119.4,18,70,43.9,0,0,0
2026-09-01 15:50:00,116.8,15,71,41.8,0,0,0
2026-09-01 15:55:00,115.9,36,74,36.8,0,0,0
2026-09-01 16:00:00,114.4,27,72,40.2,0,0,0
2026-09-01 16:05:00,110.5,14,76,37.9,0,0,0
2026-09-01 16:10:00,109.2,29,73,41.1,0,0,0
2026-09-01 16:15:00,108.6,43,74,37.3,0,0,0
2026-09-01 16:20:00,107.3,17,70,39.9,0,0,0
2026-09-01 16:25:00,106.5,22,73,44.4,0,0,0
2026-09-01 16:30:00,106.0,24,73,36.9,0,0,0
2026-09-01 16:35:00,105.0,13,70,43.8,0,0,0
2026-09-01 16:40:00,106.5,18,70,37.8,0,0,0
2026-09-01 16:45:00,106.5,15,73,39.7,0,0,0
2026-09-01 16:50:00,107.4,11,74,41.1,0,0,0
2026-09-01 16:55:00,107.2,25,74,41.6,0,0,0
2026-09-01 17:00:00,105.4,11,72,41.3,0,0,0
2026-09-01 17:05:00,106.6,27,74,41.6,0,0,0
2026-09-01 17:10:00,107.2,18,73,41.4,0,0,0
2026-09-01 17:15:00,103.4,31,66,41.0,0,0,0
2026-09-01 17:20:00,97.2,31,74,33.5,0,0,0
2026-09-01 17:25:00,100.4,28,75,42.9,0,0,0
2026-09-01 17:30:00,98.6,17,70,43.2,0,0,0
2026-09-01 17:35:00,97.2,24,68,39.9,0,49,80
2026-09-01 17:40:00,104.8,23,74,38.6,0,0,0
2026-09-01 17:45:00,112.1,23,72,45.1,0,0,0
2026-09-01 17:50:00,117.8,20,74,39.2,0,0,0
2026-09-01 17:55:00,120.9,23,73,41.7,0,0,0
2026-09-01 18:00:00,122.7,25,76,45.2,0,0,0
2026-09-01 18:05:00,127.1,40,72,35.3,0,0,0
2026-09-01 18:10:00,130.3,19,72,38.2,0,0,0
2026-09-01 18:15:00,126.1,31,76,41.6,0,0,0
2026-09-01 18:20:00,126.3,7,69,42.0,0,0,0
2026-09-01 18:25:00,128.0,31,73,40.3,0,0,0
2026-09-01 18:30:00,128.9,15,71,37.9,0,0,0
2026-09-01 18:35:00,128.6,20,75,41.2,0,0,0
2026-09-01 18:40:00,125.5,41,74,38.9,0,0,0
2026-09-01 18:45:00,125.7,14,73,41.6,0,0,0
2026-09-01 18:50:00,126.6,26,70,39.9,0,0,0
2026-09-01 18:55:00,125.5,51,76,42.0,0,0,0
2026-09-01 19:00:00,125.9,18,72,39.0,0,0,0
2026-09-01 19:05:00,122.3,20,69,39.1,0,0,0
2026-09-01 19:10:00,123.9,27,72,41.5,0,0,0
2026-09-01 19:15:00,123.0,18,72,40.9,0,0,0
2026-09-01 19:20:00,120.0,13,70,42.7,0,0,0
2026-09-01 19:25:00,117.2,34,69,41.1,0,0,0
2026-09-01 19:30:00,119.2,22,75,40.2,0,0,0
2026-09-01 19:35:00,116.3,14,69,38.5,0,0,0
2026-09-01 19:40:00,111.8,445,97,39.7,0,0,0
2026-09-01 19:45:00,107.6,437,96,40.2,0,0,0
2026-09-01 19:50:00,105.1,443,96,40.0,0,0,0
2026-09-01 19:55:00,101.8,15,72,37.0,0,0,0
2026-09-01 20:00:00,103.0,33,70,42.1,0,0,0
2026-09-01 20:05:00,104.4,36,75,39.4,0,0,0
2026-09-01 20:10:00,101.9,13,73,41.3,0,0,0
2026-09-01 20:15:00,103.1,13,71,42.9,0,0,0
2026-09-01 20:20:00,104.2,7,72,37.4,0,0,0
2026-09-01 20:25:00,102.7,34,74,40.4,0,0,0
2026-09-01 20:30:00,103.2,28,71,36.0,0,0,0
2026-09-01 20:35:00,101.1,14,68,43.2,0,0,0
2026-09-01 20:40:00,100.5,24,72,39.9,0,56,68
2026-09-01 20:45:00,110.0,23,74,38.0,0,0,0
2026-09-01 20:50:00,112.9,14,74,40.5,0,0,0
2026-09-01 20:55:00,112.1,485,101,39.9,0,0,0
2026-09-01 21:00:00,116.2,455,103,40.1,0,0,0
2026-09-01 21:05:00,117.3,17,76,40.7,0,0,0
2026-09-01 21:10:00,117.2,18,74,41.7,0,0,0
2026-09-01 21:15:00,117.2,40,74,38.7,0,0,0
2026-09-01 21:20:00,119.0,18,70,40.6,0,0,0
2026-09-01 21:25:00,118.8,31,72,36.7,0,0,0
2026-09-01 21:30:00,118.8,15,70,42.3,0,0,0
2026-09-01 21:35:00,120.0,38,74,38.8,0,0,0
2026-09-01 21:40:00,120.4,16,73,40.7,0,0,0
2026-09-01 21:45:00,118.1,46,68,39.1,0,0,0
2026-09-01 21:50:00,121.9,17,74,38.3,0,0,0
2026-09-01 21:55:00,122.3,8,73,37.9,0,0,0
2026-09-01 22:00:00,119.2,55,72,40.3,0,0,0
2026-09-01 22:05:00,116.7,22,70,44.3,0,0,0
2026-09-01 22:10:00,115.8,29,73,42.8,0,0,0
2026-09-01 22:15:00,115.4,14,69,39.6,0,0,0
2026-09-01 22:20:00,114.9,22,72,39.5,0,0,0
2026-09-01 22:25:00,114.9,44,73,37.9,0,0,0
2026-09-01 22:30:00,115.5,41,73,41.7,0,0,0
2026-09-01 22:35:00,114.4,12,73,37.5,0,0,0
2026-09-01 22:40:00,113.1,19,72,40.9,0,0,0
2026-09-01 22:45:00,112.9,19,70,42.0,0,0,0
2026-09-01 22:50:00,110.0,32,73,40.2,0,0,0
2026-09-01 22:55:00,107.9,13,73,42.6,0,0,0
2026-09-01 23:00:00,107.4,13,68,42.3,0,0,0
2026-09-01 23:05:00,103.9,31,72,37.1,0,0,0
2026-09-01 23:10:00,105.6,12,70,41.3,0,0,0
2026-09-01 23:15:00,105.8,30,75,40.5,0,0,0
2026-09-01 23:20:00,101.9,12,70,40.4,0,0,0
2026-09-01 23:25:00,100.7,33,72,36.4,0,0,0
2026-09-01 23:30:00,100.2,16,73,39.3,0,0,0
2026-09-01 23:35:00,100.4,23,70,40.3,0,0,0
2026-09-01 23:40:00,104.0,29,71,41.5,0,0,0
2026-09-01 23:45:00,100.9,17,66,42.9,0,0,0
2026-09-01 23:50:00,105.4,0,62,65.7,1,0,0
2026-09-01 23:55:00,105.4,0,61,65.0,1,0,0
2026-09-02 00:00:00,104.2,0,63,66.2,1,0,0
2026-09-02 00:05:00,100.7,0,58,63.9,1,0,0
2026-09-02 00:10:00,100.6,0,60,67.2,1,0,0
2026-09-02 00:15:00,100.4,0,63,64.8,1,0,0
2026-09-02 00:20:00,100.0,0,66,68.8,1,0,0
2026-09-02 00:25:00,101.8,1,64,63.2,1,0,0
2026-09-02 00:30:00,106.1,1,61,64.4,1,0,0
2026-09-02 00:35:00,104.2,1,60,67.0,1,0,0
2026-09-02 00:40:00,107.1,0,61,67.4,1,0,0
2026-09-02 00:45:00,107.7,0,62,71.5,1,0,0
2026-09-02 00:50:00,106.8,0,60,65.3,1,0,0
2026-09-02 00:55:00,110.4,0,60,67.1,1,0,0
2026-09-02 01:00:00,110.9,0,66,66.5,1,0,0
2026-09-02 01:05:00,109.5,0,59,61.3,1,0,0
2026-09-02 01:10:00,107.7,0,62,69.4,1,0,0
2026-09-02 01:15:00,109.8,0,61,66.6,1,0,0
2026-09-02 01:20:00,104.6,0,60,64.8,1,0,0
2026-09-02 01:25:00,103.0,0,63,68.0,1,0,0
2026-09-02 01:30:00,100.4,0,62,65.4,1,0,0
2026-09-02 01:35:00,100.8,2,65,67.7,1,0,0
2026-09-02 01:40:00,99.8,0,63,65.7,1,0,0
2026-09-02 01:45:00,100.0,0,60,65.1,1,0,0
2026-09-02 01:50:00,100.6,1,65,68.7,1,0,0
2026-09-02 01:55:00,99.9,1,60,65.5,1,0,0
2026-09-02 02:00:00,101.5,0,64,68.3,1,0,0
2026-09-02 02:05:00,99.0,0,63,62.8,1,0,0
2026-09-02 02:10:00,99.8,1,57,64.1,1,0,0
2026-09-02 02:15:00,99.9,1,61,65.5,1,0,0
2026-09-02 02:20:00,97.2,0,64,65.5,1,0,0
2026-09-02 02:25:00,99.0,0,63,66.9,1,0,0
2026-09-02 02:30:00,98.2,1,62,62.3,1,0,0
2026-09-02 02:35:00,98.9,0,60,68.4,1,0,0
2026-09-02 02:40:00,98.1,0,62,64.4,1,0,0
2026-09-02 02:45:00,101.0,0,62,64.1,1,0,0
2026-09-02 02:50:00,99.5,0,61,65.9,1,0,0
2026-09-02 02:55:00,101.7,0,63,70.0,1,0,0
2026-09-02 03:00:00,97.9,0,65,66.5,1,0,0
2026-09-02 03:05:00,100.4,0,59,67.6,1,0,0
2026-09-02 03:10:00,95.9,0,64,64.3,1,0,0
2026-09-02 03:15:00,96.7,0,61,67.0,1,0,0
2026-09-02 03:20:00,97.2,0,61,66.4,1,0,0
2026-09-02 03:25:00,99.0,0,64,64.9,1,0,0
2026-09-02 03:30:00,98.1,0,62,63.5,1,0,0
2026-09-02 03:35:00,99.9,0,63,65.3,1,0,0
2026-09-02 03:40:00,99.2,0,63,62.6,1,0,0
2026-09-02 03:45:00,98.4,0,63,67.0,1,0,0
2026-09-02 03:50:00,97.1,0,65,64.1,1,0,0
2026-09-02 03:55:00,99.5,2,61,62.8,1,0,0
2026-09-02 04:00:00,101.3,0,60,65.3,1,0,0
2026-09-02 04:05:00,105.7,0,64,62.2,1,0,0
2026-09-02 04:10:00,105.8,0,65,68.9,1,0,0
2026-09-02 04:15:00,107.1,0,60,61.5,1,0,0
2026-09-02 04:20:00,105.2,0,66,67.0,1,0,0
2026-09-02 04:25:00,104.5,0,61,66.5,1,0,0
2026-09-02 04:30:00,105.5,1,63,63.8,1,0,0
2026-09-02 04:35:00,101.8,0,62,67.9,1,0,0
2026-09-02 04:40:00,101.6,0,63,63.9,1,0,0
2026-09-02 04:45:00,104.1,1,65,66.3,1,0,0
2026-09-02 04:50:00,103.8,0,65,67.4,1,0,0
2026-09-02 04:55:00,102.5,1,62,62.7,1,0,0
2026-09-02 05:00:00,102.5,0,63,63.2,1,0,0
2026-09-02 05:05:00,105.3,0,63,67.5,1,0,0
2026-09-02 05:10:00,105.7,0,64,67.2,1,0,0
2026-09-02 05:15:00,106.7,0,62,66.6,1,0,0
2026-09-02 05:20:00,107.9,0,61,61.6,1,0,0
2026-09-02 05:25:00,106.6,1,59,63.9,1,0,0
2026-09-02 05:30:00,105.7,0,63,68.7,1,0,0
2026-09-02 05:35:00,107.0,2,61,63.2,1,0,0
2026-09-02 05:40:00,108.6,1,60,63.5,1,0,0
2026-09-02 05:45:00,108.2,0,59,67.4,1,0,0
2026-09-02 05:50:00,108.0,2,60,65.4,1,0,0
2026-09-02 05:55:00,108.1,0,62,64.5,1,0,0
2026-09-02 06:00:00,107.5,0,62,67.1,1,0,0
2026-09-02 06:05:00,107.8,0,63,67.0,1,0,0
2026-09-02 06:10:00,108.0,0,62,69.6,1,0,0
2026-09-02 06:15:00,109.0,0,62,65.3,1,0,0
2026-09-02 06:20:00,112.5,0,64,65.6,1,0,0
2026-09-02 06:25:00,113.4,1,62,63.2,1,0,0
2026-09-02 06:30:00,111.6,1,64,66.1,1,0,0
2026-09-02 06:35:00,112.0,2,61,67.1,1,0,0
2026-09-02 06:40:00,116.0,0,64,66.5,1,0,0
2026-09-02 06:45:00,114.7,27,71,42.6,0,0,0
2026-09-02 06:50:00,114.5,29,68,38.9,0,0,0
2026-09-02 06:55:00,112.2,19,70,43.7,0,0,0
2026-09-02 07:00:00,111.7,13,74,36.1,0,0,0
2026-09-02 07:05:00,112.0,23,68,40.5,0,0,0
2026-09-02 07:10:00,109.7,16,69,41.3,0,0,0
2026-09-02 07:15:00,108.3,17,74,41.0,0,0,0
2026-09-02 07:20:00,107.0,20,72,38.8,0,0,0
2026-09-02 07:25:00,108.5,21,72,40.1,0,0,0
2026-09-02 07:30:00,108.7,21,74,36.5,0,0,0
2026-09-02 07:35:00,108.8,18,71,42.4,0,0,0
2026-09-02 07:40:00,111.1,10,69,38.9,0,0,0
2026-09-02 07:45:00,110.2,26,71,37.6,0,0,0
2026-09-02 07:50:00,107.7,28,71,42.9,0,0,0
2026-09-02 07:55:00,108.3,13,67,42.6,0,0,0
2026-09-02 08:00:00,109.3,34,73,39.8,0,0,0
2026-09-02 08:05:00,106.7,15,75,41.9,0,0,0
2026-09-02 08:10:00,108.5,22,75,41.7,0,0,0
2026-09-02 08:15:00,109.8,17,76,35.3,0,50,70
2026-09-02 08:20:00,113.0,31,77,39.6,0,0,0
2026-09-02 08:25:00,113.3,13,72,38.0,0,0,0
2026-09-02 08:30:00,115.6,541,109,42.0,0,0,0
2026-09-02 08:35:00,117.4,558,107,39.3,0,0,0
2026-09-02 08:40:00,118.8,11,76,41.8,0,0,0
2026-09-02 08:45:00,124.3,21,69,39.6,0,0,0
2026-09-02 08:50:00,124.5,36,74,40.2,0,0,0
2026-09-02 08:55:00,125.9,22,69,41.2,0,0,0
2026-09-02 09:00:00,127.2,40,75,39.3,0,0,0
2026-09-02 09:05:00,124.9,19,71,39.2,0,0,0
2026-09-02 09:10:00,124.3,17,73,41.8,0,0,0
2026-09-02 09:15:00,121.8,11,71,41.6,0,0,0
2026-09-02 09:20:00,121.8,24,74,41.0,0,0,0
2026-09-02 09:25:00,120.7,28,71,43.1,0,0,0
2026-09-02 09:30:00,120.0,27,71,38.1,0,0,0
2026-09-02 09:35:00,119.9,29,74,38.3,0,0,0
2026-09-02 09:40:00,121.5,8,69,42.7,0,0,0
2026-09-02 09:45:00,119.6,41,68,39.7,0,0,0
2026-09-02 09:50:00,116.8,49,75,40.4,0,0,0
2026-09-02 09:55:00,116.8,24,70,40.9,0,0,0
2026-09-02 10:00:00,118.2,17,71,39.0,0,0,0
2026-09-02 10:05:00,114.7,31,69,40.1,0,0,0
2026-09-02 10:10:00,114.3,32,79,38.7,0,0,0
2026-09-02 10:15:00,113.0,9,69,40.3,0,0,0
2026-09-02 10:20:00,112.5,5,67,40.7,0,0,0
2026-09-02 10:25:00,113.1,18,72,37.8,0,0,0
2026-09-02 10:30:00,109.8,28,69,38.5,0,0,0
2026-09-02 10:35:00,113.1,388,92,35.8,0,0,0
2026-09-02 10:40:00,110.4,381,90,38.3,0,0,0
2026-09-02 10:45:00,112.5,379,89,37.8,0,0,0
2026-09-02 10:50:00,110.9,5,70,42.9,0,0,0
2026-09-02 10:55:00,110.7,12,71,40.6,0,0,0
2026-09-02 11:00:00,109.7,31,72,43.2,0,0,0
2026-09-02 11:05:00,107.9,17,71,40.9,0,0,0
2026-09-02 11:10:00,106.1,16,69,42.4,0,0,0
2026-09-02 11:15:00,105.2,20,73,39.8,0,0,0
2026-09-02 11:20:00,105.4,29,71,38.1,0,0,0
2026-09-02 11:25:00,102.1,38,72,42.0,0,0,0
2026-09-02 11:30:00,103.1,46,73,41.5,0,0,0
2026-09-02 11:35:00,105.4,33,71,40.7,0,0,0
2026-09-02 11:40:00,104.2,25,70,39.0,0,0,0
2026-09-02 11:45:00,104.4,31,73,42.7,0,0,0
2026-09-02 11:50:00,106.1,12,71,37.9,0,0,0
2026-09-02 11:55:00,104.6,15,68,37.3,0,0,0
2026-09-02 12:00:00,106.5,23,74,37.7,0,0,0
2026-09-02 12:05:00,105.7,41,71,39.2,0,0,0
2026-09-02 12:10:00,106.1,18,75,38.9,0,0,0
2026-09-02 12:15:00,101.0,31,71,41.7,0,0,0
2026-09-02 12:20:00,102.3,22,74,41.2,0,0,0
2026-09-02 12:25:00,101.0,23,74,37.0,0,0,0
2026-09-02 12:30:00,105.2,21,74,40.0,0,0,0
2026-09-02 12:35:00,104.0,24,73,40.9,0,0,0
2026-09-02 12:40:00,103.1,34,72,38.2,0,0,0
2026-09-02 12:45:00,102.0,34,72,36.7,0,0,0
2026-09-02 12:50:00,103.3,17,68,41.6,0,0,0
2026-09-02 12:55:00,103.5,24,73,37.3,0,0,0
2026-09-02 13:00:00,102.8,29,70,42.3,0,0,0
2026-09-02 13:05:00,104.2,7,74,39.5,0,0,0
2026-09-02 13:10:00,107.4,17,74,40.6,0,0,0
2026-09-02 13:15:00,107.1,26,71,40.2,0,0,0
2026-09-02 13:20:00,107.2,24,69,41.9,0,0,0
2026-09-02 13:25:00,105.7,16,69,40.9,0,0,0
2026-09-02 13:30:00,104.1,17,71,41.3,0,0,0
2026-09-02 13:35:00,104.9,22,72,38.0,0,0,0
2026-09-02 13:40:00,103.8,38,73,39.5,0,0,0
2026-09-02 13:45:00,99.9,41,72,39.2,0,0,0
2026-09-02 13:50:00,99.4,32,71,39.5,0,0,0
2026-09-02 13:55:00,99.1,23,70,36.1,0,0,0
2026-09-02 14:00:00,102.5,28,68,37.8,0,0,0
2026-09-02 14:05:00,98.5,24,74,37.5,0,0,0
2026-09-02 14:10:00,96.2,22,69,37.7,0,0,0
2026-09-02 14:15:00,91.3,14,71,41.4,0,0,0
2026-09-02 14:20:00,90.1,31,71,40.9,0,0,0
2026-09-02 14:25:00,93.7,35,72,41.4,0,0,0
2026-09-02 14:30:00,93.5,32,70,41.7,0,0,0
2026-09-02 14:35:00,91.8,16,70,39.6,0,0,0
2026-09-02 14:40:00,93.7,9,72,38.7,0,0,0
2026-09-02 14:45:00,91.0,20,70,41.6,0,0,0
2026-09-02 14:50:00,92.8,25,74,42.3,0,0,0
2026-09-02 14:55:00,93.0,24,68,38.7,0,0,0
2026-09-02 15:00:00,93.4,59,74,41.0,0,0,0
2026-09-02 15:05:00,98.0,15,75,40.1,0,0,0
2026-09-02 15:10:00,98.7,13,69,38.3,0,0,0
2026-09-02 15:15:00,96.9,22,69,39.0,0,0,0
2026-09-02 15:20:00,98.5,18,75,41.2,0,0,0
2026-09-02 15:25:00,98.8,27,73,37.2,0,0,0
2026-09-02 15:30:00,99.8,25,68,40.5,0,0,0
2026-09-02 15:35:00,98.1,27,71,37.1,0,0,0
2026-09-02 15:40:00,96.2,15,73,40.8,0,0,0
2026-09-02 15:45:00,95.1,21,71,44.6,0,0,0
2026-09-02 15:50:00,95.8,34,70,39.6,0,0,0
2026-09-02 15:55:00,92.7,10,69,35.1,0,0,0
2026-09-02 16:00:00,91.3,34,70,40.2,0,0,0
2026-09-02 16:05:00,93.2,25,73,39.7,0,0,0
2026-09-02 16:10:00,94.0,16,75,41.9,0,0,0
2026-09-02 16:15:00,99.0,30,70,42.0,0,0,0
2026-09-02 16:20:00,96.2,39,74,42.1,0,0,0
2026-09-02 16:25:00,94.3,37,73,40.5,0,0,0
2026-09-02 16:30:00,93.7,31,74,41.3,0,0,0
2026-09-02 16:35:00,91.6,17,68,40.3,0,0,0
2026-09-02 16:40:00,97.3,11,71,42.4,0,0,0
2026-09-02 16:45:00,98.5,33,69,39.9,0,0,0
2026-09-02 16:50:00,101.2,35,68,39.6,0,0,0
2026-09-02 16:55:00,103.3,26,71,45.9,0,0,0
2026-09-02 17:00:00,103.2,45,73,41.1,0,0,0
2026-09-02 17:05:00,101.7,33,72,38.0,0,0,0
2026-09-02 17:10:00,104.5,28,73,41.4,0,0,0
2026-09-02 17:15:00,103.1,9,70,40.8,0,0,0
2026-09-02 17:20:00,99.9,15,69,39.6,0,0,0
2026-09-02 17:25:00,99.0,17,73,39.4,0,0,0
2026-09-02 17:30:00,94.5,18,73,42.1,0,0,0
2026-09-02 17:35:00,93.6,5,70,39.6,0,0,0
2026-09-02 17:40:00,92.1,34,70,42.4,0,0,0
2026-09-02 17:45:00,95.2,14,73,37.8,0,22,50
2026-09-02 17:50:00,97.5,16,74,44.4,0,0,0
2026-09-02 17:55:00,96.2,24,78,38.1,0,0,0
2026-09-02 18:00:00,97.6,43,75,39.7,0,0,0
2026-09-02 18:05:00,99.2,14,76,37.1,0,0,0
2026-09-02 18:10:00,100.0,6,74,38.7,0,0,0
2026-09-02 18:15:00,99.5,37,72,44.3,0,0,0
2026-09-02 18:20:00,100.3,16,69,39.8,0,0,0
2026-09-02 18:25:00,100.4,50,71,40.1,0,0,0
2026-09-02 18:30:00,104.0,365,91,44.4,0,0,0
2026-09-02 18:35:00,104.9,373,91,39.9,0,0,0
2026-09-02 18:40:00,102.8,26,69,39.3,0,0,0
2026-09-02 18:45:00,100.6,12,70,42.2,0,0,0
2026-09-02 18:50:00,100.4,20,70,44.7,0,0,0
2026-09-02 18:55:00,97.3,49,71,40.3,0,0,0
2026-09-02 19:00:00,100.3,28,75,38.5,0,0,0
2026-09-02 19:05:00,101.8,10,72,39.5,0,0,0
2026-09-02 19:10:00,101.0,18,73,41.2,0,0,0
2026-09-02 19:15:00,101.1,8,74,42.9,0,0,0
2026-09-02 19:20:00,103.7,13,74,42.4,0,0,0
2026-09-02 19:25:00,103.4,51,74,41.4,0,0,0
2026-09-02 19:30:00,104.4,9,73,39.7,0,0,0
2026-09-02 19:35:00,105.4,19,71,40.9,0,0,0
2026-09-02 19:40:00,110.7,30,73,36.1,0,0,0
2026-09-02 19:45:00,107.7,49,72,40.8,0,0,0
2026-09-02 19:50:00,107.5,23,72,42.9,0,0,0
2026-09-02 19:55:00,106.3,26,74,41.3,0,0,0
2026-09-02 20:00:00,103.2,55,73,41.0,0,0,0
2026-09-02 20:05:00,101.5,21,68,37.5,0,0,0
2026-09-02 20:10:00,104.9,24,71,41.0,0,0,0
2026-09-02 20:15:00,104.8,24,69,37.7,0,0,0
2026-09-02 20:20:00,102.4,22,71,41.9,0,0,0
2026-09-02 20:25:00,104.1,13,71,40.9,0,0,0
2026-09-02 20:30:00,105.3,21,74,38.4,0,0,0
2026-09-02 20:35:00,107.0,16,73,37.1,0,0,0
2026-09-02 20:40:00,105.5,23,74,40.6,0,0,0
2026-09-02 20:45:00,104.2,26,75,37.7,0,0,0
2026-09-02 20:50:00,105.0,11,74,43.0,0,107,70
2026-09-02 20:55:00,117.1,23,74,39.6,0,0,0
2026-09-02 21:00:00,127.6,32,76,42.9,0,0,0
2026-09-02 21:05:00,138.3,15,77,38.1,0,0,0
2026-09-02 21:10:00,148.0,12,73,41.2,0,0,0
2026-09-02 21:15:00,151.7,49,76,41.0,0,0,0
2026-09-02 21:20:00,157.2,27,71,39.2,0,0,0
2026-09-02 21:25:00,158.1,37,74,43.3,0,0,0
2026-09-02 21:30:00,158.4,27,68,40.8,0,0,0
2026-09-02 21:35:00,161.3,10,70,41.8,0,0,0
2026-09-02 21:40:00,159.6,28,72,38.2,0,0,0
2026-09-02 21:45:00,155.4,20,72,36.9,0,0,0
2026-09-02 21:50:00,154.4,19,69,38.3,0,0,0
2026-09-02 21:55:00,151.5,9,68,40.0,0,0,0
2026-09-02 22:00:00,149.9,37,73,39.4,0,0,0
2026-09-02 22:05:00,148.7,29,73,41.7,0,0,0
2026-09-02 22:10:00,143.8,15,67,37.5,0,0,0
2026-09-02 22:15:00,139.4,16,75,37.4,0,0,0
2026-09-02 22:20:00,135.7,15,73,45.4,0,0,0
2026-09-02 22:25:00,133.3,18,73,39.9,0,0,0
2026-09-02 22:30:00,131.0,16,68,41.2,0,0,0
2026-09-02 22:35:00,128.5,19,72,40.6,0,0,0
2026-09-02 22:40:00,126.9,20,70,40.4,0,0,0
2026-09-02 22:45:00,123.4,28,73,43.2,0,0,0
2026-09-02 22:50:00,123.4,20,73,40.6,0,0,0
2026-09-02 22:55:00,120.1,18,69,41.7,0,0,0
2026-09-02 23:00:00,120.8,45,70,44.4,0,0,0
2026-09-02 23:05:00,122.3,0,62,67.9,1,0,0
2026-09-02 23:10:00,119.8,0,62,64.6,1,0,0
2026-09-02 23:15:00,113.8,0,63,69.0,1,0,0
2026-09-02 23:20:00,114.3,0,63,66.8,1,0,0
2026-09-02 23:25:00,112.2,0,60,64.6,1,0,0
2026-09-02 23:30:00,112.6,1,58,69.4,1,0,0
2026-09-02 23:35:00,111.7,0,63,62.4,1,0,0
2026-09-02 23:40:00,112.8,1,61,63.4,1,0,0
2026-09-02 23:45:00,110.8,1,58,64.6,1,0,0
2026-09-02 23:50:00,108.6,1,60,67.4,1,0,0
2026-09-02 23:55:00,109.0,1,66,61.6,1,0,0
2026-09-03 00:00:00,110.9,1,63,65.3,1,0,0
2026-09-03 00:05:00,107.2,0,62,63.9,1,0,0
2026-09-03 00:10:00,111.5,0,63,65.1,1,0,0
2026-09-03 00:15:00,111.5,0,62,66.2,1,0,0
2026-09-03 00:20:00,113.4,1,63,64.1,1,0,0
2026-09-03 00:25:00,112.5,0,60,64.5,1,0,0
2026-09-03 00:30:00,108.5,0,64,67.3,1,0,0
2026-09-03 00:35:00,107.9,0,60,66.1,1,0,0
2026-09-03 00:40:00,107.4,1,62,68.9,1,0,0
2026-09-03 00:45:00,107.1,1,60,63.0,1,0,0
2026-09-03 00:50:00,109.5,0,60,68.6,1,0,0
2026-09-03 00:55:00,107.7,0,64,64.6,1,0,0
2026-09-03 01:00:00,107.4,1,61,60.9,1,0,0
2026-09-03 01:05:00,110.4,0,62,63.9,1,0,0
2026-09-03 01:10:00,111.0,0,61,67.3,1,0,0
2026-09-03 01:15:00,109.4,0,63,64.9,1,0,0
2026-09-03 01:20:00,108.3,0,61,67.8,1,0,0
2026-09-03 01:25:00,108.0,0,67,67.2,1,0,0
2026-09-03 01:30:00,105.3,1,60,68.2,1,0,0
2026-09-03 01:35:00,105.3,2,59,65.9,1,0,0
2026-09-03 01:40:00,105.6,1,60,68.2,1,0,0
2026-09-03 01:45:00,107.1,1,61,66.5,1,0,0
2026-09-03 01:50:00,108.8,2,65,65.9,1,0,0
2026-09-03 01:55:00,109.8,0,63,68.6,1,0,0
2026-09-03 02:00:00,108.3,2,66,66.6,1,0,0
2026-09-03 02:05:00,106.9,0,65,66.8,1,0,0
2026-09-03 02:10:00,105.5,0,61,67.6,1,0,0
2026-09-03 02:15:00,102.0,0,65,69.1,1,0,0
2026-09-03 02:20:00,103.5,0,60,63.6,1,0,0
2026-09-03 02:25:00,105.9,0,63,68.9,1,0,0
2026-09-03 02:30:00,105.5,0,61,64.1,1,0,0
2026-09-03 02:35:00,103.2,0,63,63.4,1,0,0
2026-09-03 02:40:00,100.9,0,61,62.1,1,0,0
2026-09-03 02:45:00,99.9,0,64,62.3,1,0,0
2026-09-03 02:50:00,98.5,0,60,67.4,1,0,0
2026-09-03 02:55:00,100.6,0,62,66.9,1,0,0
2026-09-03 03:00:00,103.8,0,66,63.8,1,0,0
2026-09-03 03:05:00,104.5,0,62,62.8,1,0,0
2026-09-03 03:10:00,104.6,0,64,66.9,1,0,0
2026-09-03 03:15:00,103.9,0,61,64.5,1,0,0
2026-09-03 03:20:00,104.8,0,63,64.3,1,0,0
2026-09-03 03:25:00,104.8,1,61,64.7,1,0,0
2026-09-03 03:30:00,103.3,0,61,64.3,1,0,0
2026-09-03 03:35:00,102.9,1,63,63.5,1,0,0
2026-09-03 03:40:00,103.9,0,63,62.7,1,0,0
2026-09-03 03:45:00,105.9,2,59,62.5,1,0,0
2026-09-03 03:50:00,105.2,0,62,66.6,1,0,0
2026-09-03 03:55:00,105.2,0,61,61.7,1,0,0
2026-09-03 04:00:00,105.7,0,63,67.9,1,0,0
2026-09-03 04:05:00,109.9,0,63,63.4,1,0,0
2026-09-03 04:10:00,109.0,1,62,66.4,1,0,0
2026-09-03 04:15:00,109.5,0,61,66.6,1,0,0
2026-09-03 04:20:00,109.9,0,61,61.6,1,0,0
2026-09-03 04:25:00,111.1,1,63,66.6,1,0,0
2026-09-03 04:30:00,109.6,0,62,60.6,1,0,0
2026-09-03 04:35:00,108.8,1,62,67.7,1,0,0
2026-09-03 04:40:00,109.7,0,63,66.4,1,0,0
2026-09-03 04:45:00,114.5,1,60,62.2,1,0,0
2026-09-03 04:50:00,116.4,0,62,64.4,1,0,0
2026-09-03 04:55:00,116.7,0,66,65.1,1,0,0
2026-09-03 05:00:00,115.7,0,61,63.5,1,0,0
2026-09-03 05:05:00,113.5,0,63,62.6,1,0,0
2026-09-03 05:10:00,115.1,0,62,63.1,1,0,0
2026-09-03 05:15:00,115.8,0,62,66.9,1,0,0
2026-09-03 05:20:00,112.9,0,57,65.4,1,0,0
2026-09-03 05:25:00,113.6,1,64,67.5,1,0,0
2026-09-03 05:30:00,115.8,1,63,66.4,1,0,0
2026-09-03 05:35:00,119.7,1,62,63.2,1,0,0
2026-09-03 05:40:00,119.6,1,63,64.4,1,0,0
2026-09-03 05:45:00,120.6,0,61,65.5,1,0,0
2026-09-03 05:50:00,118.2,0,63,61.7,1,0,0
2026-09-03 05:55:00,119.5,37,74,40.1,0,0,0
2026-09-03 06:00:00,119.9,29,73,39.1,0,0,0
2026-09-03 06:05:00,121.5,23,69,41.7,0,0,0
2026-09-03 06:10:00,117.7,30,65,39.5,0,0,0
2026-09-03 06:15:00,119.4,23,71,37.9,0,0,0
2026-09-03 06:20:00,117.7,17,71,44.2,0,0,0
2026-09-03 06:25:00,112.9,13,74,39.5,0,0,0
2026-09-03 06:30:00,113.2,13,71,36.8,0,0,0
2026-09-03 06:35:00,113.3,22,71,42.5,0,0,0
2026-09-03 06:40:00,113.9,15,70,42.7,0,0,0
2026-09-03 06:45:00,111.9,14,71,37.2,0,0,0
2026-09-03 06:50:00,110.0,19,75,40.5,0,0,0
2026-09-03 06:55:00,109.2,15,70,39.9,0,0,0
2026-09-03 07:00:00,109.2,29,71,40.1,0,0,0
2026-09-03 07:05:00,105.8,16,71,38.4,0,0,0
2026-09-03 07:10:00,107.0,46,72,40.5,0,0,0
2026-09-03 07:15:00,106.7,7,70,40.1,0,0,0
2026-09-03 07:20:00,106.7,36,70,44.9,0,0,0
2026-09-03 07:25:00,105.4,26,73,39.1,0,0,0
2026-09-03 07:30:00,106.0,18,70,38.4,0,0,0
2026-09-03 07:35:00,107.8,5,73,38.6,0,0,0
2026-09-03 07:40:00,107.5,12,68,41.4,0,0,0
2026-09-03 07:45:00,106.2,39,73,38.8,0,0,0
2026-09-03 07:50:00,100.2,26,74,40.2,0,0,0
2026-09-03 07:55:00,96.7,18,70,39.5,0,0,0
2026-09-03 08:00:00,99.8,18,73,38.2,0,0,0
2026-09-03 08:05:00,99.9,29,72,44.1,0,0,0
2026-09-03 08:10:00,98.7,24,76,40.7,0,59,70
2026-09-03 08:15:00,107.8,21,76,38.6,0,0,0
2026-09-03 08:20:00,117.2,40,75,41.5,0,0,0
2026-09-03 08:25:00,124.5,13,76,42.8,0,0,0
2026-09-03 08:30:00,128.5,19,77,41.4,0,0,0
2026-09-03 08:35:00,131.7,27,76,42.0,0,0,0
2026-09-03 08:40:00,131.7,27,74,38.3,0,0,0
2026-09-03 08:45:00,129.0,12,70,38.6,0,0,0
2026-09-03 08:50:00,131.5,26,70,39.5,0,0,0
2026-09-03 08:55:00,130.6,16,71,39.1,0,0,0
2026-09-03 09:00:00,128.8,25,69,39.2,0,0,0
2026-09-03 09:05:00,128.8,19,71,35.0,0,0,0
2026-09-03 09:10:00,127.1,32,71,38.7,0,0,0
2026-09-03 09:15:00,123.9,31,75,39.9,0,0,0
2026-09-03 09:20:00,125.3,11,71,37.5,0,0,0
2026-09-03 09:25:00,124.2,20,70,40.9,0,0,0
2026-09-03 09:30:00,121.9,11,69,40.9,0,0,0
2026-09-03 09:35:00,120.6,24,74,38.6,0,0,0
2026-09-03 09:40:00,117.7,19,71,40.0,0,0,0
2026-09-03 09:45:00,117.2,23,68,41.3,0,0,0
2026-09-03 09:50:00,115.2,26,71,39.9,0,0,0
2026-09-03 09:55:00,113.4,20,72,43.7,0,0,0
2026-09-03 10:00:00,114.5,21,68,41.8,0,0,0
2026-09-03 10:05:00,110.3,22,70,41.5,0,0,0
2026-09-03 10:10:00,109.0,53,74,43.0,0,0,0
2026-09-03 10:15:00,109.7,23,71,42.9,0,0,0
2026-09-03 10:20:00,107.1,29,70,41.0,0,0,0
2026-09-03 10:25:00,109.4,26,73,41.2,0,0,0
2026-09-03 10:30:00,109.3,17,69,42.5,0,0,0
2026-09-03 10:35:00,111.8,22,69,39.2,0,0,0
2026-09-03 10:40:00,115.4,28,72,38.3,0,0,0
2026-09-03 10:45:00,117.0,19,72,36.8,0,0,0
2026-09-03 10:50:00,119.5,19,72,39.0,0,0,0
2026-09-03 10:55:00,115.3,27,66,37.9,0,0,0
2026-09-03 11:00:00,113.1,22,70,42.4,0,0,0
2026-09-03 11:05:00,113.1,25,72,36.4,0,0,0
2026-09-03 11:10:00,113.6,10,74,42.7,0,0,0
2026-09-03 11:15:00,112.4,24,73,40.3,0,0,0
2026-09-03 11:20:00,108.5,11,74,40.1,0,0,0
2026-09-03 11:25:00,109.3,47,72,40.3,0,0,0
2026-09-03 11:30:00,109.0,14,71,42.9,0,0,0
2026-09-03 11:35:00,105.7,24,70,41.3,0,0,0
2026-09-03 11:40:00,106.3,487,101,38.6,0,0,0
2026-09-03 11:45:00,108.0,486,102,38.6,0,0,0
2026-09-03 11:50:00,108.2,23,71,40.3,0,0,0
2026-09-03 11:55:00,107.1,26,70,42.5,0,0,0
2026-09-03 12:00:00,106.8,22,74,38.8,0,0,0
2026-09-03 12:05:00,104.3,29,76,39.2,0,0,0
2026-09-03 12:10:00,107.1,51,71,39.2,0,0,0
2026-09-03 12:15:00,105.1,26,68,41.0,0,0,0
2026-09-03 12:20:00,103.2,10,74,42.0,0,0,0
2026-09-03 12:25:00,104.3,27,72,37.5,0,0,0
2026-09-03 12:30:00,104.5,40,73,40.1,0,0,0
2026-09-03 12:35:00,100.5,12,69,38.9,0,0,0
2026-09-03 12:40:00,99.1,49,71,41.7,0,0,0
2026-09-03 12:45:00,99.3,9,72,42.6,0,0,0
2026-09-03 12:50:00,97.0,29,68,40.2,0,0,0
2026-09-03 12:55:00,98.0,465,101,43.2,0,0,0
2026-09-03 13:00:00,99.1,468,98,40.9,0,0,0
2026-09-03 13:05:00,96.6,471,103,40.0,0,111,70
2026-09-03 13:10:00,108.7,465,100,38.1,0,0,0
2026-09-03 13:15:00,120.6,25,74,39.5,0,0,0
2026-09-03 13:20:00,128.4,15,73,37.9,0,0,0
2026-09-03 13:25:00,135.6,28,76,40.0,0,0,0
2026-09-03 13:30:00,144.5,47,75,39.6,0,0,0
2026-09-03 13:35:00,151.4,38,73,39.6,0,0,0
2026-09-03 13:40:00,150.7,11,72,36.5,0,0,0
2026-09-03 13:45:00,152.1,13,71,40.3,0,0,0
2026-09-03 13:50:00,153.5,50,74,38.9,0,0,0
2026-09-03 13:55:00,152.1,19,72,40.5,0,0,0
2026-09-03 14:00:00,149.9,24,72,37.8,0,0,0
2026-09-03 14:05:00,146.7,20,71,39.3,0,0,0
2026-09-03 14:10:00,144.1,14,72,37.4,0,0,0
2026-09-03 14:15:00,144.3,14,69,39.6,0,0,0
2026-09-03 14:20:00,145.9,10,75,42.9,0,0,0
2026-09-03 14:25:00,143.9,15,72,40.6,0,0,0
2026-09-03 14:30:00,138.6,16,66,38.4,0,0,0
2026-09-03 14:35:00,137.0,34,74,42.0,0,0,0
2026-09-03 14:40:00,132.7,16,71,39.9,0,0,0
2026-09-03 14:45:00,130.4,14,68,40.0,0,0,0
2026-09-03 14:50:00,128.0,14,70,44.2,0,0,0
2026-09-03 14:55:00,126.8,15,70,40.7,0,0,0
2026-09-03 15:00:00,125.7,25,72,41.2,0,0,0
2026-09-03 15:05:00,124.3,17,73,38.6,0,0,0
2026-09-03 15:10:00,125.7,15,73,41.3,0,0,0
2026-09-03 15:15:00,118.6,12,70,36.7,0,0,0
2026-09-03 15:20:00,116.5,27,72,38.4,0,0,0
2026-09-03 15:25:00,116.6,6,70,39.5,0,0,0
2026-09-03 15:30:00,115.6,35,75,42.3,0,0,0
2026-09-03 15:35:00,114.0,23,69,39.7,0,0,0
2026-09-03 15:40:00,115.2,10,69,36.4,0,0,0
2026-09-03 15:45:00,114.5,14,73,40.2,0,0,0
2026-09-03 15:50:00,115.4,17,73,40.4,0,0,0
2026-09-03 15:55:00,111.0,37,71,41.3,0,0,0
2026-09-03 16:00:00,111.3,12,70,41.5,0,0,0
2026-09-03 16:05:00,110.4,17,74,38.0,0,0,0
2026-09-03 16:10:00,109.7,27,70,39.6,0,0,0
2026-09-03 16:15:00,109.8,17,71,39.6,0,0,0
2026-09-03 16:20:00,108.5,18,72,39.1,0,0,0
2026-09-03 16:25:00,109.7,31,72,38.8,0,0,0
2026-09-03 16:30:00,109.0,10,71,39.5,0,0,0
2026-09-03 16:35:00,109.9,20,68,38.2,0,0,0
2026-09-03 16:40:00,106.2,8,72,39.4,0,0,0
2026-09-03 16:45:00,105.9,6,74,39.5,0,0,0
2026-09-03 16:50:00,107.6,22,72,38.0,0,0,0
2026-09-03 16:55:00,109.0,18,72,36.9,0,0,0
2026-09-03 17:00:00,108.9,18,70,40.1,0,0,0
2026-09-03 17:05:00,110.2,26,74,39.0,0,27,65
2026-09-03 17:10:00,115.8,24,76,36.9,0,0,0
2026-09-03 17:15:00,117.0,33,79,38.6,0,0,0
2026-09-03 17:20:00,121.3,20,73,39.1,0,0,0
2026-09-03 17:25:00,121.0,371,97,42.4,0,0,0
2026-09-03 17:30:00,123.4,372,91,39.2,0,0,0
2026-09-03 17:35:00,121.8,374,94,41.3,0,0,0
2026-09-03 17:40:00,121.3,367,91,40.2,0,0,0
2026-09-03 17:45:00,124.1,18,69,38.3,0,0,0
2026-09-03 17:50:00,118.8,17,70,41.0,0,0,0
2026-09-03 17:55:00,118.5,22,71,38.1,0,0,0
2026-09-03 18:00:00,119.6,29,74,38.4,0,0,0
2026-09-03 18:05:00,118.7,31,74,42.3,0,0,0
2026-09-03 18:10:00,113.8,34,72,38.9,0,0,0
2026-09-03 18:15:00,113.0,13,74,41.2,0,0,0
2026-09-03 18:20:00,113.2,23,71,41.0,0,0,0
2026-09-03 18:25:00,116.0,29,70,40.1,0,0,0
2026-09-03 18:30:00,117.4,16,70,40.2,0,0,0
2026-09-03 18:35:00,116.2,34,73,38.4,0,0,0
2026-09-03 18:40:00,116.1,25,71,42.3,0,0,0
2026-09-03 18:45:00,118.1,44,72,41.6,0,0,0
2026-09-03 18:50:00,115.0,29,72,41.8,0,0,0
2026-09-03 18:55:00,112.4,25,74,38.3,0,0,0
2026-09-03 19:00:00,110.0,16,69,42.1,0,0,0
2026-09-03 19:05:00,110.9,12,71,37.7,0,0,0
2026-09-03 19:10:00,110.8,15,73,39.4,0,0,0
2026-09-03 19:15:00,112.5,17,70,36.5,0,0,0
2026-09-03 19:20:00,109.1,17,71,45.1,0,0,0
2026-09-03 19:25:00,109.3,28,71,41.0,0,0,0
2026-09-03 19:30:00,108.7,40,75,44.0,0,0,0
2026-09-03 19:35:00,108.6,28,73,41.6,0,0,0
2026-09-03 19:40:00,110.6,38,72,38.6,0,0,0
2026-09-03 19:45:00,108.7,54,72,43.4,0,0,0
2026-09-03 19:50:00,110.9,25,70,36.7,0,0,0
2026-09-03 19:55:00,107.4,11,73,41.3,0,0,0
2026-09-03 20:00:00,108.3,43,67,37.9,0,0,0
2026-09-03 20:05:00,109.1,18,73,41.0,0,0,0
2026-09-03 20:10:00,108.0,4,71,43.6,0,0,0
2026-09-03 20:15:00,108.0,27,71,41.1,0,0,0
2026-09-03 20:20:00,107.0,27,73,40.4,0,0,0
2026-09-03 20:25:00,105.1,12,68,38.7,0,0,0
2026-09-03 20:30:00,103.3,29,71,38.5,0,0,0
2026-09-03 20:35:00,99.2,33,74,42.1,0,0,0
2026-09-03 20:40:00,103.8,35,74,40.9,0,89,75
2026-09-03 20:45:00,115.5,12,74,40.6,0,0,0
2026-09-03 20:50:00,121.4,43,74,36.7,0,0,0
2026-09-03 20:55:00,129.8,514,104,41.7,0,0,0
2026-09-03 21:00:00,134.7,530,105,38.0,0,0,0
2026-09-03 21:05:00,137.5,30,73,39.1,0,0,0
2026-09-03 21:10:00,134.8,15,71,38.7,0,0,0
2026-09-03 21:15:00,134.9,30,70,39.2,0,0,0
2026-09-03 21:20:00,135.5,21,70,37.8,0,0,0
2026-09-03 21:25:00,139.7,29,72,37.7,0,0,0
2026-09-03 21:30:00,137.7,21,73,41.2,0,0,0
2026-09-03 21:35:00,141.1,20,69,39.5,0,0,0
2026-09-03 21:40:00,137.6,13,72,35.6,0,0,0
2026-09-03 21:45:00,139.1,33,71,37.6,0,0,0
2026-09-03 21:50:00,137.6,18,72,37.7,0,0,0
2026-09-03 21:55:00,137.4,10,71,42.0,0,0,0
2026-09-03 22:00:00,132.8,25,71,42.1,0,0,0
2026-09-03 22:05:00,134.6,16,67,39.9,0,0,0
2026-09-03 22:10:00,132.9,16,69,41.6,0,0,0
2026-09-03 22:15:00,131.8,19,70,40.4,0,0,0
2026-09-03 22:20:00,129.7,26,69,42.2,0,0,0
2026-09-03 22:25:00,130.6,17,69,40.5,0,0,0
2026-09-03 22:30:00,126.6,24,76,43.4,0,0,0
2026-09-03 22:35:00,123.9,38,67,41.7,0,0,0
2026-09-03 22:40:00,121.8,27,74,38.7,0,0,0
2026-09-03 22:45:00,118.3,23,73,37.8,0,0,0
2026-09-03 22:50:00,119.8,26,70,39.9,0,0,0
2026-09-03 22:55:00,118.9,24,68,40.7,0,0,0
2026-09-03 23:00:00,120.6,0,58,64.0,1,0,0
2026-09-03 23:05:00,121.6,0,60,63.6,1,0,0
2026-09-03 23:10:00,115.0,0,58,62.0,1,0,0
2026-09-03 23:15:00,115.0,1,63,66.3,1,0,0
2026-09-03 23:20:00,113.2,0,63,61.6,1,0,0
2026-09-03 23:25:00,108.5,0,64,66.2,1,0,0
2026-09-03 23:30:00,107.4,0,59,63.6,1,0,0
2026-09-03 23:35:00,104.3,0,61,64.7,1,0,0
2026-09-03 23:40:00,105.8,1,63,66.7,1,0,0
2026-09-03 23:45:00,105.9,0,61,62.6,1,0,0
2026-09-03 23:50:00,106.4,0,65,65.6,1,0,0
2026-09-03 23:55:00,108.2,0,64,66.7,1,0,0
2026-09-04 00:00:00,107.3,1,63,67.1,1,0,0
2026-09-04 00:05:00,106.3,0,66,65.4,1,0,0
2026-09-04 00:10:00,105.0,0,63,61.2,1,0,0
2026-09-04 00:15:00,102.3,0,61,62.4,1,0,0
2026-09-04 00:20:00,99.5,0,61,65.8,1,0,0
2026-09-04 00:25:00,96.8,0,61,65.3,1,0,0
2026-09-04 00:30:00,101.0,1,64,64.4,1,0,0
2026-09-04 00:35:00,100.5,1,61,65.1,1,0,0
2026-09-04 00:40:00,100.2,0,60,62.8,1,0,0
2026-09-04 00:45:00,104.6,0,64,64.9,1,0,0
2026-09-04 00:50:00,105.8,1,64,66.0,1,0,0
2026-09-04 00:55:00,101.6,1,60,63.7,1,0,0
2026-09-04 01:00:00,100.9,0,64,62.9,1,0,0
2026-09-04 01:05:00,102.4,0,63,62.0,1,0,0
2026-09-04 01:10:00,103.9,0,64,64.3,1,0,0
2026-09-04 01:15:00,105.7,0,59,68.3,1,0,0
2026-09-04 01:20:00,106.6,0,61,61.8,1,0,0
2026-09-04 01:25:00,105.4,0,61,64.8,1,0,0
2026-09-04 01:30:00,104.3,1,62,65.8,1,0,0
2026-09-04 01:35:00,103.1,0,65,65.1,1,0,0
2026-09-04 01:40:00,102.4,1,62,62.1,1,0,0
2026-09-04 01:45:00,103.3,1,64,62.8,1,0,0
2026-09-04 01:50:00,99.5,0,62,64.0,1,0,0
2026-09-04 01:55:00,101.1,1,65,66.0,1,0,0
2026-09-04 02:00:00,97.7,0,66,64.8,1,0,0
2026-09-04 02:05:00,100.0,0,64,65.0,1,0,0
2026-09-04 02:10:00,98.8,1,63,67.6,1,0,0
2026-09-04 02:15:00,96.8,0,61,65.8,1,0,0
2026-09-04 02:20:00,97.9,1,60,64.8,1,0,0
2026-09-04 02:25:00,97.6,2,63,64.2,1,0,0
2026-09-04 02:30:00,102.6,0,62,67.7,1,0,0
2026-09-04 02:35:00,103.1,0,64,66.8,1,0,0
2026-09-04 02:40:00,103.7,0,59,66.9,1,0,0
2026-09-04 02:45:00,104.2,1,61,64.8,1,0,0
2026-09-04 02:50:00,101.3,0,61,65.3,1,0,0
2026-09-04 02:55:00,97.5,0,62,67.9,1,0,0
2026-09-04 03:00:00,97.3,0,57,62.0,1,0,0
2026-09-04 03:05:00,96.4,0,61,67.6,1,0,0
2026-09-04 03:10:00,91.7,1,63,65.0,1,0,0
2026-09-04 03:15:00,93.9,0,59,67.2,1,0,0
2026-09-04 03:20:00,96.7,0,62,64.0,1,0,0
2026-09-04 03:25:00,95.1,0,62,64.6,1,0,0
2026-09-04 03:30:00,96.5,0,62,68.6,1,0,0
2026-09-04 03:35:00,96.0,1,58,66.2,1,0,0
2026-09-04 03:40:00,97.0,1,61,62.7,1,0,0
2026-09-04 03:45:00,100.4,2,59,65.7,1,0,0
2026-09-04 03:50:00,103.4,0,61,66.7,1,0,0
2026-09-04 03:55:00,101.5,0,66,63.9,1,0,0
2026-09-04 04:00:00,105.0,0,63,64.1,1,0,0
2026-09-04 04:05:00,108.2,0,61,62.8,1,0,0
2026-09-04 04:10:00,103.4,0,60,70.3,1,0,0
2026-09-04 04:15:00,107.9,0,64,65.0,1,0,0
2026-09-04 04:20:00,108.2,0,61,66.4,1,0,0
2026-09-04 04:25:00,104.3,0,63,67.5,1,0,0
2026-09-04 04:30:00,102.2,1,64,64.5,1,0,0
2026-09-04 04:35:00,105.7,1,63,65.1,1,0,0
2026-09-04 04:40:00,103.7,0,64,68.4,1,0,0
2026-09-04 04:45:00,105.5,0,62,67.0,1,0,0
2026-09-04 04:50:00,107.8,1,64,61.9,1,0,0
2026-09-04 04:55:00,106.4,0,66,66.0,1,0,0
2026-09-04 05:00:00,109.3,0,63,68.5,1,0,0
2026-09-04 05:05:00,111.4,0,63,67.2,1,0,0
2026-09-04 05:10:00,113.6,0,60,68.3,1,0,0
2026-09-04 05:15:00,113.2,0,63,67.4,1,0,0
2026-09-04 05:20:00,112.4,0,68,67.6,1,0,0
2026-09-04 05:25:00,115.7,0,65,64.7,1,0,0
2026-09-04 05:30:00,115.4,0,65,63.7,1,0,0
2026-09-04 05:35:00,110.2,0,65,64.0,1,0,0
2026-09-04 05:40:00,106.0,0,64,64.8,1,0,0
2026-09-04 05:45:00,106.5,1,66,65.6,1,0,0
2026-09-04 05:50:00,106.8,0,59,65.0,1,0,0
2026-09-04 05:55:00,106.5,2,57,64.6,1,0,0
2026-09-04 06:00:00,109.7,0,64,59.8,1,0,0
2026-09-04 06:05:00,111.0,0,62,65.4,1,0,0
2026-09-04 06:10:00,110.5,0,61,62.8,1,0,0
2026-09-04 06:15:00,109.2,0,60,66.4,1,0,0
2026-09-04 06:20:00,109.2,0,59,63.9,1,0,0
2026-09-04 06:25:00,110.8,2,62,64.3,1,0,0
2026-09-04 06:30:00,111.2,0,62,67.5,1,0,0
2026-09-04 06:35:00,110.9,35,72,43.9,0,0,0
2026-09-04 06:40:00,109.8,13,71,42.0,0,0,0
2026-09-04 06:45:00,111.9,13,72,39.2,0,0,0
2026-09-04 06:50:00,111.4,21,69,39.4,0,0,0
2026-09-04 06:55:00,111.5,40,74,39.4,0,0,0
2026-09-04 07:00:00,109.6,19,71,42.1,0,0,0
2026-09-04 07:05:00,112.9,9,73,37.6,0,0,0
2026-09-04 07:10:00,113.3,17,67,43.3,0,0,0
2026-09-04 07:15:00,113.0,11,67,40.2,0,0,0
2026-09-04 07:20:00,113.0,110,78,36.4,0,0,0
2026-09-04 07:25:00,113.5,24,71,37.3,0,0,0
2026-09-04 07:30:00,111.0,25,69,39.7,0,0,0
2026-09-04 07:35:00,105.7,19,74,42.5,0,0,0
2026-09-04 07:40:00,108.0,21,71,42.3,0,0,0
2026-09-04 07:45:00,106.5,31,73,41.4,0,0,0
2026-09-04 07:50:00,108.7,11,71,36.8,0,0,0
2026-09-04 07:55:00,107.1,26,75,39.9,0,0,0
2026-09-04 08:00:00,107.9,38,69,41.0,0,0,0
2026-09-04 08:05:00,106.1,56,73,37.9,0,0,0
2026-09-04 08:10:00,107.0,25,71,41.4,0,0,0
2026-09-04 08:15:00,110.0,21,73,41.2,0,0,0
2026-09-04 08:20:00,109.7,53,76,37.8,0,56,70
2026-09-04 08:25:00,114.6,18,75,39.7,0,0,0
2026-09-04 08:30:00,117.5,33,73,40.6,0,0,0
2026-09-04 08:35:00,122.5,27,72,43.4,0,0,0
2026-09-04 08:40:00,125.2,25,76,40.7,0,0,0
2026-09-04 08:45:00,126.7,7,74,39.2,0,0,0
2026-09-04 08:50:00,128.2,46,72,39.4,0,0,0
2026-09-04 08:55:00,129.0,11,71,39.3,0,0,0
2026-09-04 09:00:00,125.5,22,72,42.6,0,0,0
2026-09-04 09:05:00,122.9,19,70,40.0,0,0,0
2026-09-04 09:10:00,123.5,34,70,36.6,0,0,0
2026-09-04 09:15:00,124.6,32,72,40.6,0,0,0
2026-09-04 09:20:00,122.9,29,67,36.7,0,0,0
2026-09-04 09:25:00,121.8,35,70,38.3,0,0,0
2026-09-04 09:30:00,121.9,34,74,41.4,0,0,0
2026-09-04 09:35:00,124.3,43,74,37.5,0,0,0
2026-09-04 09:40:00,122.1,32,74,41.0,0,0,0
2026-09-04 09:45:00,119.9,27,73,39.1,0,0,0
2026-09-04 09:50:00,120.9,34,70,41.8,0,0,0
2026-09-04 09:55:00,119.3,369,92,39.3,0,0,0
2026-09-04 10:00:00,117.3,381,91,42.2,0,0,0
2026-09-04 10:05:00,117.2,10,69,44.8,0,0,0
2026-09-04 10:10:00,116.5,20,73,40.2,0,0,0
2026-09-04 10:15:00,116.1,20,69,40.4,0,0,0
2026-09-04 10:20:00,118.1,15,75,37.4,0,0,0
2026-09-04 10:25:00,119.5,22,69,40.2,0,0,0
2026-09-04 10:30:00,117.6,25,74,39.4,0,0,0
2026-09-04 10:35:00,114.1,37,72,41.4,0,0,0
2026-09-04 10:40:00,112.1,16,74,37.8,0,0,0
2026-09-04 10:45:00,109.8,25,72,41.7,0,0,0
2026-09-04 10:50:00,109.9,17,67,39.3,0,0,0
2026-09-04 10:55:00,109.4,10,72,41.5,0,0,0
2026-09-04 11:00:00,109.8,19,72,38.0,0,0,0
2026-09-04 11:05:00,109.7,8,69,43.2,0,0,0
2026-09-04 11:10:00,113.0,9,70,38.2,0,0,0
2026-09-04 11:15:00,113.4,13,68,36.6,0,0,0
2026-09-04 11:20:00,108.5,25,74,40.8,0,0,0
2026-09-04 11:25:00,106.8,27,71,38.3,0,0,0
2026-09-04 11:30:00,104.4,26,70,35.8,0,0,0
2026-09-04 11:35:00,103.1,10,72,40.0,0,0,0
2026-09-04 11:40:00,101.7,20,69,41.3,0,0,0
2026-09-04 11:45:00,103.3,17,72,43.4,0,0,0
2026-09-04 11:50:00,100.4,45,74,36.1,0,0,0
2026-09-04 11:55:00,101.5,17,68,38.4,0,0,0
2026-09-04 12:00:00,102.0,33,76,41.0,0,0,0
2026-09-04 12:05:00,103.4,19,73,40.3,0,0,0
2026-09-04 12:10:00,101.4,23,73,41.3,0,0,0
2026-09-04 12:15:00,99.2,12,72,39.5,0,0,0
2026-09-04 12:20:00,96.8,21,72,38.0,0,0,0
2026-09-04 12:25:00,98.2,31,71,38.7,0,0,0
2026-09-04 12:30:00,96.7,24,71,40.6,0,0,0
2026-09-04 12:35:00,98.9,12,71,45.4,0,0,0
2026-09-04 12:40:00,100.6,28,74,41.2,0,0,0
2026-09-04 12:45:00,100.2,15,68,41.2,0,0,0
2026-09-04 12:50:00,102.2,42,74,38.4,0,0,0
2026-09-04 12:55:00,100.4,17,72,40.7,0,0,0
2026-09-04 13:00:00,102.4,18,72,39.7,0,0,0
2026-09-04 13:05:00,103.5,28,71,36.7,0,0,0
2026-09-04 13:10:00,104.1,23,72,38.0,0,111,70
2026-09-04 13:15:00,120.8,27,75,41.5,0,0,0
2026-09-04 13:20:00,132.4,13,72,39.4,0,0,0
2026-09-04 13:25:00,139.6,21,75,41.0,0,0,0
2026-09-04 13:30:00,146.2,18,77,40.3,0,0,0
2026-09-04 13:35:00,151.0,31,76,42.8,0,0,0
2026-09-04 13:40:00,151.3,13,69,37.1,0,0,0
2026-09-04 13:45:00,152.7,10,66,41.7,0,0,0
2026-09-04 13:50:00,150.2,71,76,38.4,0,0,0
2026-09-04 13:55:00,151.6,32,73,39.0,0,0,0
2026-09-04 14:00:00,148.3,29,71,42.4,0,0,0
2026-09-04 14:05:00,146.5,22,69,37.6,0,0,0
2026-09-04 14:10:00,145.1,23,74,37.5,0,0,0
2026-09-04 14:15:00,142.7,41,74,40.9,0,0,0
2026-09-04 14:20:00,139.7,16,74,39.6,0,0,0
2026-09-04 14:25:00,142.2,24,73,42.3,0,0,0
2026-09-04 14:30:00,139.6,34,72,42.6,0,0,0
2026-09-04 14:35:00,139.4,22,72,36.1,0,0,0
2026-09-04 14:40:00,136.6,39,68,40.7,0,0,0
2026-09-04 14:45:00,131.7,17,72,38.5,0,0,0
2026-09-04 14:50:00,130.7,18,76,38.0,0,0,0
2026-09-04 14:55:00,131.3,71,70,38.5,0,0,0
2026-09-04 15:00:00,131.3,19,69,39.5,0,0,0
2026-09-04 15:05:00,128.5,16,69,40.4,0,0,0
2026-09-04 15:10:00,127.4,478,102,40.6,0,0,0
2026-09-04 15:15:00,128.3,476,100,45.2,0,0,0
2026-09-04 15:20:00,128.5,462,96,37.6,0,0,0
2026-09-04 15:25:00,126.6,476,98,43.6,0,0,0
2026-09-04 15:30:00,124.0,16,74,40.1,0,0,0
2026-09-04 15:35:00,123.8,15,71,43.3,0,0,0
2026-09-04 15:40:00,125.4,34,70,41.1,0,0,0
2026-09-04 15:45:00,124.9,35,72,39.4,0,0,0
2026-09-04 15:50:00,121.4,30,71,41.5,0,0,0
2026-09-04 15:55:00,119.8,35,74,42.4,0,0,0
2026-09-04 16:00:00,117.7,8,71,43.5,0,0,0
2026-09-04 16:05:00,114.5,34,73,42.6,0,0,0
2026-09-04 16:10:00,113.3,10,70,42.8,0,0,0
2026-09-04 16:15:00,112.3,14,69,42.4,0,0,0
2026-09-04 16:20:00,109.2,25,71,35.8,0,0,0
2026-09-04 16:25:00,107.9,22,70,37.8,0,0,0
2026-09-04 16:30:00,109.5,26,77,40.4,0,0,0
2026-09-04 16:35:00,109.7,18,71,43.4,0,0,0
2026-09-04 16:40:00,105.6,17,65,46.9,0,0,0
2026-09-04 16:45:00,103.1,17,71,42.7,0,0,0
2026-09-04 16:50:00,100.6,11,66,40.8,0,0,0
2026-09-04 16:55:00,100.5,13,71,35.4,0,0,0
2026-09-04 17:00:00,103.3,27,71,39.7,0,0,0
2026-09-04 17:05:00,102.6,43,75,42.4,0,0,0
2026-09-04 17:10:00,103.5,19,70,42.8,0,0,0
2026-09-04 17:15:00,103.3,4,67,39.0,0,0,0
2026-09-04 17:20:00,102.2,23,73,39.5,0,43,80
2026-09-04 17:25:00,110.3,17,73,37.2,0,0,0
2026-09-04 17:30:00,116.4,28,76,38.9,0,0,0
2026-09-04 17:35:00,123.1,20,76,38.1,0,0,0
2026-09-04 17:40:00,126.5,22,79,36.0,0,0,0
2026-09-04 17:45:00,124.9,17,76,43.3,0,0,0
2026-09-04 17:50:00,130.6,410,97,41.3,0,0,0
2026-09-04 17:55:00,126.5,418,98,43.9,0,0,0
2026-09-04 18:00:00,125.3,416,95,40.6,0,0,0
2026-09-04 18:05:00,128.6,418,95,40.5,0,0,0
2026-09-04 18:10:00,126.6,46,70,37.2,0,0,0
2026-09-04 18:15:00,123.5,27,70,38.4,0,0,0
2026-09-04 18:20:00,122.3,15,70,40.1,0,0,0
2026-09-04 18:25:00,123.3,43,71,37.5,0,0,0
2026-09-04 18:30:00,122.5,27,71,39.4,0,0,0
2026-09-04 18:35:00,119.3,19,73,39.4,0,0,0
2026-09-04 18:40:00,119.5,34,73,38.3,0,0,0
2026-09-04 18:45:00,120.4,19,75,41.9,0,0,0
2026-09-04 18:50:00,122.0,20,68,40.5,0,0,0
2026-09-04 18:55:00,120.6,20,72,41.5,0,0,0
2026-09-04 19:00:00,119.7,34,75,42.1,0,0,0
2026-09-04 19:05:00,121.1,20,74,38.5,0,0,0
2026-09-04 19:10:00,117.2,18,70,40.7,0,0,0
2026-09-04 19:15:00,114.0,16,73,39.7,0,0,0
2026-09-04 19:20:00,114.1,12,70,40.7,0,0,0
2026-09-04 19:25:00,113.7,43,70,39.9,0,0,0
2026-09-04 19:30:00,106.5,42,68,42.6,0,0,0
2026-09-04 19:35:00,105.9,10,71,41.0,0,0,0
2026-09-04 19:40:00,103.6,33,73,38.1,0,0,0
2026-09-04 19:45:00,103.8,13,73,38.7,0,0,0
2026-09-04 19:50:00,104.1,32,72,37.0,0,0,0
2026-09-04 19:55:00,102.6,20,74,40.5,0,0,0
2026-09-04 20:00:00,102.5,20,72,39.7,0,0,0
2026-09-04 20:05:00,102.2,22,75,35.7,0,0,0
2026-09-04 20:10:00,98.9,17,76,38.7,0,0,0
2026-09-04 20:15:00,100.0,32,70,45.3,0,0,0
2026-09-04 20:20:00,97.1,20,70,44.5,0,0,0
2026-09-04 20:25:00,99.0,21,69,41.5,0,0,0
2026-09-04 20:30:00,100.9,18,72,38.0,0,0,0
2026-09-04 20:35:00,100.4,24,72,39.3,0,0,0
2026-09-04 20:40:00,99.9,13,75,37.3,0,85,70
2026-09-04 20:45:00,106.7,21,73,38.4,0,0,0
2026-09-04 20:50:00,113.0,33,76,39.4,0,0,0
2026-09-04 20:55:00,120.1,417,101,39.7,0,0,0
2026-09-04 21:00:00,122.3,415,95,37.4,0,0,0
2026-09-04 21:05:00,126.7,27,73,39.3,0,0,0
2026-09-04 21:10:00,126.0,20,72,40.9,0,0,0
2026-09-04 21:15:00,123.5,28,69,38.8,0,0,0
2026-09-04 21:20:00,122.7,13,74,39.0,0,0,0
2026-09-04 21:25:00,120.7,6,69,40.7,0,0,0
2026-09-04 21:30:00,121.4,27,72,39.0,0,0,0
2026-09-04 21:35:00,119.6,0,65,65.6,1,0,0
2026-09-04 21:40:00,123.6,0,59,65.7,1,0,0
2026-09-04 21:45:00,123.5,0,61,66.8,1,0,0
2026-09-04 21:50:00,124.1,0,61,64.6,1,0,0
2026-09-04 21:55:00,121.4,0,62,67.2,1,0,0
2026-09-04 22:00:00,117.0,1,64,61.6,1,0,0
2026-09-04 22:05:00,117.4,0,61,69.3,1,0,0
2026-09-04 22:10:00,117.5,0,61,62.2,1,0,0
2026-09-04 22:15:00,116.1,0,63,62.8,1,0,0
2026-09-04 22:20:00,116.9,1,64,62.8,1,0,0
2026-09-04 22:25:00,112.1,1,62,62.7,1,0,0
2026-09-04 22:30:00,112.6,1,63,65.6,1,0,0
2026-09-04 22:35:00,109.4,0,63,65.2,1,0,0
2026-09-04 22:40:00,107.4,0,62,64.3,1,0,0
2026-09-04 22:45:00,107.8,0,62,67.6,1,0,0
2026-09-04 22:50:00,107.0,0,62,64.2,1,0,0
2026-09-04 22:55:00,111.6,2,63,64.2,1,0,0
2026-09-04 23:00:00,112.9,0,66,68.2,1,0,0
2026-09-04 23:05:00,115.6,0,59,65.1,1,0,0
2026-09-04 23:10:00,113.8,1,62,65.6,1,0,0
2026-09-04 23:15:00,113.7,1,63,64.5,1,0,0
2026-09-04 23:20:00,112.1,0,62,63.2,1,0,0
2026-09-04 23:25:00,111.4,0,60,70.3,1,0,0
2026-09-04 23:30:00,107.0,1,66,67.2,1,0,0
2026-09-04 23:35:00,104.7,0,59,65.3,1,0,0
2026-09-04 23:40:00,105.8,0,65,67.4,1,0,0
2026-09-04 23:45:00,107.8,0,61,71.2,1,0,0
2026-09-04 23:50:00,109.3,0,59,65.8,1,0,0
2026-09-04 23:55:00,106.0,0,66,67.4,1,0,0
2026-09-05 00:00:00,106.8,0,60,67.2,1,0,0
2026-09-05 00:05:00,109.4,2,60,63.1,1,0,0
2026-09-05 00:10:00,105.7,1,59,69.9,1,0,0
2026-09-05 00:15:00,107.1,1,59,61.7,1,0,0
2026-09-05 00:20:00,107.0,0,62,69.5,1,0,0
2026-09-05 00:25:00,108.3,0,61,65.6,1,0,0
2026-09-05 00:30:00,108.0,0,60,64.3,1,0,0
2026-09-05 00:35:00,108.1,2,62,63.3,1,0,0
2026-09-05 00:40:00,108.9,1,62,65.2,1,0,0
2026-09-05 00:45:00,108.1,0,65,64.7,1,0,0
2026-09-05 00:50:00,104.9,1,61,69.1,1,0,0
2026-09-05 00:55:00,102.7,0,62,61.7,1,0,0
2026-09-05 01:00:00,101.5,0,61,66.8,1,0,0
2026-09-05 01:05:00,104.3,0,62,67.5,1,0,0
2026-09-05 01:10:00,101.4,0,61,63.3,1,0,0
2026-09-05 01:15:00,102.0,0,65,65.6,1,0,0
2026-09-05 01:20:00,99.8,1,62,64.7,1,0,0
2026-09-05 01:25:00,99.2,0,64,64.5,1,0,0
2026-09-05 01:30:00,98.2,1,59,69.1,1,0,0
2026-09-05 01:35:00,101.0,0,62,69.7,1,0,0
2026-09-05 01:40:00,103.2,2,62,63.0,1,0,0
2026-09-05 01:45:00,102.5,0,61,61.4,1,0,0
2026-09-05 01:50:00,104.3,0,62,67.9,1,0,0
2026-09-05 01:55:00,104.6,0,63,68.3,1,0,0
2026-09-05 02:00:00,107.6,0,64,64.6,1,0,0
2026-09-05 02:05:00,103.7,0,58,63.4,1,0,0
2026-09-05 02:10:00,106.4,1,64,69.8,1,0,0
2026-09-05 02:15:00,107.7,1,58,66.4,1,0,0
2026-09-05 02:20:00,105.1,1,62,64.4,1,0,0
2026-09-05 02:25:00,103.0,0,64,69.0,1,0,0
2026-09-05 02:30:00,102.9,0,63,64.4,1,0,0
2026-09-05 02:35:00,102.3,1,63,68.6,1,0,0
2026-09-05 02:40:00,100.3,0,63,68.3,1,0,0
2026-09-05 02:45:00,98.5,0,67,65.4,1,0,0
2026-09-05 02:50:00,99.6,0,61,66.6,1,0,0
2026-09-05 02:55:00,102.1,1,61,65.4,1,0,0
2026-09-05 03:00:00,102.4,1,64,66.3,1,0,0
2026-09-05 03:05:00,101.1,0,60,68.6,1,0,0
2026-09-05 03:10:00,97.0,0,64,65.6,1,0,0
2026-09-05 03:15:00,99.1,0,64,66.2,1,0,0
2026-09-05 03:20:00,102.9,0,59,66.9,1,0,0
2026-09-05 03:25:00,102.4,1,63,68.3,1,0,0
2026-09-05 03:30:00,101.0,0,63,62.3,1,0,0
2026-09-05 03:35:00,104.4,0,63,67.2,1,0,0
2026-09-05 03:40:00,102.6,1,61,61.9,1,0,0
2026-09-05 03:45:00,101.5,1,62,65.8,1,0,0
2026-09-05 03:50:00,98.7,0,62,65.0,1,0,0
2026-09-05 03:55:00,101.0,0,60,66.5,1,0,0
2026-09-05 04:00:00,98.9,0,58,62.4,1,0,0
2026-09-05 04:05:00,100.2,0,57,63.1,1,0,0
2026-09-05 04:10:00,95.9,1,64,69.5,1,0,0
2026-09-05 04:15:00,95.3,1,62,65.9,1,0,0
2026-09-05 04:20:00,101.5,0,65,64.4,1,0,0
2026-09-05 04:25:00,101.0,2,63,66.3,1,0,0
2026-09-05 04:30:00,98.0,0,64,68.7,1,0,0
2026-09-05 04:35:00,100.2,0,60,64.2,1,0,0
2026-09-05 04:40:00,104.4,0,62,62.6,1,0,0
2026-09-05 04:45:00,107.6,0,61,67.3,1,0,0
2026-09-05 04:50:00,107.4,0,63,64.9,1,0,0
2026-09-05 04:55:00,107.9,0,61,66.1,1,0,0
2026-09-05 05:00:00,109.1,0,63,66.7,1,0,0
2026-09-05 05:05:00,106.2,0,61,67.9,1,0,0
2026-09-05 05:10:00,105.1,0,64,66.1,1,0,0
2026-09-05 05:15:00,103.4,0,60,67.2,1,0,0
2026-09-05 05:20:00,104.3,0,61,63.2,1,0,0
2026-09-05 05:25:00,105.6,0,62,65.5,1,0,0
2026-09-05 05:30:00,107.0,0,59,67.3,1,0,0
2026-09-05 05:35:00,106.0,0,58,62.7,1,0,0
2026-09-05 05:40:00,108.5,1,57,64.2,1,0,0
2026-09-05 05:45:00,112.1,0,63,61.6,1,0,0
2026-09-05 05:50:00,109.6,0,64,67.2,1,0,0
2026-09-05 05:55:00,107.0,0,67,62.8,1,0,0
2026-09-05 06:00:00,112.4,0,63,66.0,1,0,0
2026-09-05 06:05:00,114.3,0,61,64.3,1,0,0
2026-09-05 06:10:00,114.9,0,60,65.5,1,0,0
2026-09-05 06:15:00,117.7,0,60,63.8,1,0,0
2026-09-05 06:20:00,116.8,0,60,66.1,1,0,0
2026-09-05 06:25:00,114.7,0,60,64.5,1,0,0
2026-09-05 06:30:00,110.9,1,63,68.1,1,0,0
2026-09-05 06:35:00,114.4,0,63,61.7,1,0,0
2026-09-05 06:40:00,111.9,20,74,43.8,0,0,0
2026-09-05 06:45:00,112.9,36,73,40.1,0,0,0
2026-09-05 06:50:00,112.8,26,72,40.2,0,0,0
2026-09-05 06:55:00,111.8,25,70,43.0,0,0,0
2026-09-05 07:00:00,111.9,22,71,41.3,0,0,0
2026-09-05 07:05:00,112.6,12,73,38.3,0,0,0
2026-09-05 07:10:00,115.5,24,69,37.1,0,0,0
2026-09-05 07:15:00,112.2,36,77,39.7,0,0,0
2026-09-05 07:20:00,112.7,14,70,39.7,0,0,0
2026-09-05 07:25:00,113.1,19,70,43.0,0,0,0
2026-09-05 07:30:00,114.3,32,73,37.0,0,0,0
2026-09-05 07:35:00,117.2,9,72,42.0,0,0,0
2026-09-05 07:40:00,118.3,28,69,43.7,0,0,0
2026-09-05 07:45:00,121.2,23,70,42.7,0,0,0
2026-09-05 07:50:00,118.9,14,72,39.3,0,0,0
2026-09-05 07:55:00,117.5,33,73,40.6,0,0,0
2026-09-05 08:00:00,115.6,34,72,35.8,0,0,0
2026-09-05 08:05:00,111.6,17,68,39.2,0,0,0
2026-09-05 08:10:00,112.8,23,69,38.4,0,0,0
2026-09-05 08:15:00,109.0,25,75,37.2,0,31,50
2026-09-05 08:20:00,113.6,35,75,41.4,0,0,0
2026-09-05 08:25:00,113.0,11,70,43.5,0,0,0
2026-09-05 08:30:00,114.7,569,107,40.0,0,0,0
2026-09-05 08:35:00,119.1,581,109,38.4,0,0,0
2026-09-05 08:40:00,119.8,39,75,42.3,0,0,0
2026-09-05 08:45:00,122.9,24,70,39.1,0,0,0
2026-09-05 08:50:00,115.9,20,73,39.3,0,0,0
2026-09-05 08:55:00,117.5,22,75,42.5,0,0,0
2026-09-05 09:00:00,116.7,28,71,37.2,0,0,0
2026-09-05 09:05:00,112.8,29,70,39.9,0,0,0
2026-09-05 09:10:00,110.1,27,71,40.1,0,0,0
2026-09-05 09:15:00,107.9,35,73,39.1,0,0,0
2026-09-05 09:20:00,107.3,11,67,42.0,0,0,0
2026-09-05 09:25:00,106.4,27,74,40.2,0,0,0
2026-09-05 09:30:00,106.5,53,73,41.4,0,0,0
2026-09-05 09:35:00,106.9,27,77,41.5,0,0,0
2026-09-05 09:40:00,108.0,18,71,40.0,0,0,0
2026-09-05 09:45:00,110.4,15,74,39.1,0,0,0
2026-09-05 09:50:00,113.4,45,72,36.7,0,0,0
2026-09-05 09:55:00,113.4,27,74,43.6,0,0,0
2026-09-05 10:00:00,115.3,19,73,39.6,0,0,0
2026-09-05 10:05:00,117.8,14,72,38.7,0,0,0
2026-09-05 10:10:00,116.8,17,72,41.5,0,0,0
2026-09-05 10:15:00,117.3,18,74,41.6,0,0,0
2026-09-05 10:20:00,116.9,27,71,43.2,0,0,0
2026-09-05 10:25:00,116.6,23,72,40.4,0,0,0
2026-09-05 10:30:00,114.4,36,70,41.1,0,0,0
2026-09-05 10:35:00,118.1,16,70,39.9,0,0,0
2026-09-05 10:40:00,114.7,31,70,42.6,0,0,0
2026-09-05 10:45:00,114.2,21,74,39.8,0,0,0
2026-09-05 10:50:00,111.6,26,73,38.9,0,0,0
2026-09-05 10:55:00,111.0,16,72,40.0,0,0,0
2026-09-05 11:00:00,109.2,29,75,40.0,0,0,0
2026-09-05 11:05:00,111.7,26,70,44.2,0,0,0
2026-09-05 11:10:00,109.5,36,72,37.8,0,0,0
2026-09-05 11:15:00,107.8,12,72,39.3,0,0,0
2026-09-05 11:20:00,108.6,18,74,41.4,0,0,0
2026-09-05 11:25:00,111.4,17,67,43.0,0,0,0
2026-09-05 11:30:00,111.1,18,74,35.7,0,0,0
2026-09-05 11:35:00,107.9,29,72,39.9,0,0,0
2026-09-05 11:40:00,106.7,39,72,41.4,0,0,0
2026-09-05 11:45:00,105.3,29,70,40.7,0,0,0
2026-09-05 11:50:00,103.9,42,75,41.8,0,0,0
2026-09-05 11:55:00,105.3,23,73,38.6,0,0,0
2026-09-05 12:00:00,104.7,22,73,39.5,0,0,0
2026-09-05 12:05:00,104.6,18,73,38.9,0,0,0
2026-09-05 12:10:00,100.8,21,73,41.0,0,0,0
2026-09-05 12:15:00,101.3,18,74,40.4,0,0,0
2026-09-05 12:20:00,101.6,20,71,40.8,0,0,0
2026-09-05 12:25:00,104.6,19,67,42.4,0,0,0
2026-09-05 12:30:00,104.4,17,77,44.2,0,77,68
2026-09-05 12:35:00,112.2,17,75,40.8,0,0,0
2026-09-05 12:40:00,116.7,18,74,40.3,0,0,0
2026-09-05 12:45:00,122.0,20,76,41.9,0,0,0
2026-09-05 12:50:00,126.4,23,73,45.6,0,0,0
2026-09-05 12:55:00,128.8,33,76,41.1,0,0,0
2026-09-05 13:00:00,128.0,36,73,40.5,0,0,0
2026-09-05 13:05:00,129.0,34,69,39.5,0,0,0
2026-09-05 13:10:00,132.0,59,74,41.1,0,0,0
2026-09-05 13:15:00,132.3,26,69,40.0,0,0,0
2026-09-05 13:20:00,131.4,18,75,37.7,0,0,0
2026-09-05 13:25:00,136.0,54,70,41.6,0,0,0
2026-09-05 13:30:00,133.2,24,70,40.4,0,0,0
2026-09-05 13:35:00,128.7,24,71,39.5,0,0,0
2026-09-05 13:40:00,124.1,28,71,41.2,0,0,0
2026-09-05 13:45:00,123.8,27,68,39.4,0,0,0
2026-09-05 13:50:00,123.6,28,70,40.5,0,0,0
2026-09-05 13:55:00,123.4,24,73,38.1,0,0,0
2026-09-05 14:00:00,126.5,49,75,40.1,0,0,0
2026-09-05 14:05:00,123.7,23,72,42.8,0,0,0
2026-09-05 14:10:00,121.9,13,71,38.3,0,0,0
2026-09-05 14:15:00,122.1,23,70,43.1,0,0,0
2026-09-05 14:20:00,118.2,28,71,38.4,0,0,0
2026-09-05 14:25:00,116.8,31,70,39.9,0,0,0
2026-09-05 14:30:00,118.2,13,73,41.1,0,0,0
2026-09-05 14:35:00,116.9,32,71,39.4,0,0,0
2026-09-05 14:40:00,116.9,13,72,36.8,0,0,0
2026-09-05 14:45:00,114.9,30,74,38.5,0,0,0
2026-09-05 14:50:00,112.1,16,73,40.9,0,0,0
2026-09-05 14:55:00,113.9,15,72,39.4,0,0,0
2026-09-05 15:00:00,112.5,39,71,43.9,0,0,0
2026-09-05 15:05:00,114.4,23,74,37.0,0,0,0
2026-09-05 15:10:00,116.1,33,70,42.7,0,0,0
2026-09-05 15:15:00,116.3,14,70,39.6,0,0,0
2026-09-05 15:20:00,112.5,18,75,41.4,0,0,0
2026-09-05 15:25:00,110.5,24,72,40.8,0,0,0
2026-09-05 15:30:00,106.8,46,74,41.4,0,0,0
2026-09-05 15:35:00,109.2,11,68,38.0,0,0,0
2026-09-05 15:40:00,111.2,28,71,42.0,0,0,0
2026-09-05 15:45:00,108.8,23,72,41.3,0,0,0
2026-09-05 15:50:00,104.7,22,72,37.3,0,0,0
2026-09-05 15:55:00,107.4,18,72,42.0,0,0,0
2026-09-05 16:00:00,104.6,27,68,40.9,0,0,0
2026-09-05 16:05:00,106.5,29,66,41.3,0,0,0
2026-09-05 16:10:00,105.4,24,72,41.1,0,0,0
2026-09-05 16:15:00,106.4,17,74,40.1,0,0,0
2026-09-05 16:20:00,105.6,12,68,39.6,0,0,0
2026-09-05 16:25:00,101.4,8,72,41.7,0,0,0
2026-09-05 16:30:00,103.2,13,71,42.9,0,0,0
2026-09-05 16:35:00,104.3,34,71,42.6,0,0,0
2026-09-05 16:40:00,103.5,21,69,40.9,0,0,0
2026-09-05 16:45:00,101.6,37,74,36.1,0,0,0
2026-09-05 16:50:00,100.4,39,71,40.2,0,0,0
2026-09-05 16:55:00,98.6,19,74,41.2,0,0,0
2026-09-05 17:00:00,96.8,49,73,43.4,0,0,0
2026-09-05 17:05:00,100.0,28,73,38.5,0,0,0
2026-09-05 17:10:00,98.4,23,70,41.8,0,0,0
2026-09-05 17:15:00,99.0,16,70,39.0,0,0,0
2026-09-05 17:20:00,99.7,40,72,38.6,0,0,0
2026-09-05 17:25:00,100.9,17,70,43.1,0,0,0
2026-09-05 17:30:00,99.0,8,70,40.2,0,0,0
2026-09-05 17:35:00,101.1,26,70,38.0,0,0,0
2026-09-05 17:40:00,103.2,40,74,38.6,0,0,0
2026-09-05 17:45:00,100.6,31,74,42.2,0,0,0
2026-09-05 17:50:00,100.4,11,75,38.8,0,0,0
2026-09-05 17:55:00,96.6,12,72,43.0,0,32,60
2026-09-05 18:00:00,101.4,14,77,38.7,0,0,0
2026-09-05 18:05:00,103.4,15,74,41.3,0,0,0
2026-09-05 18:10:00,103.9,17,75,39.6,0,0,0
2026-09-05 18:15:00,104.4,35,74,38.2,0,0,0
2026-09-05 18:20:00,103.0,11,75,38.5,0,0,0
2026-09-05 18:25:00,107.0,38,71,41.2,0,0,0
2026-09-05 18:30:00,107.2,29,71,37.7,0,0,0
2026-09-05 18:35:00,106.4,17,74,42.6,0,0,0
2026-09-05 18:40:00,106.6,16,70,41.9,0,0,0
2026-09-05 18:45:00,107.8,25,71,41.4,0,0,0
2026-09-05 18:50:00,107.3,22,73,41.2,0,0,0
2026-09-05 18:55:00,107.3,18,73,38.4,0,0,0
2026-09-05 19:00:00,107.8,16,74,36.6,0,0,0
2026-09-05 19:05:00,106.9,14,67,39.1,0,0,0
2026-09-05 19:10:00,110.1,22,66,38.7,0,0,0
2026-09-05 19:15:00,111.0,10,71,42.2,0,0,0
2026-09-05 19:20:00,110.5,36,73,39.7,0,0,0
2026-09-05 19:25:00,110.2,29,72,36.9,0,0,0
2026-09-05 19:30:00,110.5,396,97,38.4,0,0,0
2026-09-05 19:35:00,114.3,386,91,38.3,0,0,0
2026-09-05 19:40:00,112.7,389,94,37.8,0,0,0
2026-09-05 19:45:00,110.7,19,70,39.9,0,0,0
2026-09-05 19:50:00,110.6,29,74,39.9,0,0,0
2026-09-05 19:55:00,112.3,25,72,41.1,0,0,0
2026-09-05 20:00:00,111.3,15,72,41.1,0,0,0
2026-09-05 20:05:00,109.1,20,73,42.5,0,0,0
2026-09-05 20:10:00,108.6,19,65,37.9,0,0,0
2026-09-05 20:15:00,108.6,13,70,42.3,0,0,0
2026-09-05 20:20:00,104.8,19,69,39.9,0,0,0
2026-09-05 20:25:00,101.7,16,70,37.0,0,0,0
2026-09-05 20:30:00,104.3,13,70,40.9,0,0,0
2026-09-05 20:35:00,107.9,18,72,42.1,0,0,0
2026-09-05 20:40:00,108.0,18,73,40.3,0,0,0
2026-09-05 20:45:00,108.0,23,74,40.1,0,0,0
2026-09-05 20:50:00,108.8,15,69,39.9,0,0,0
2026-09-05 20:55:00,110.8,20,74,38.8,0,0,0
2026-09-05 21:00:00,109.3,17,72,38.1,0,0,0
2026-09-05 21:05:00,107.5,12,65,43.3,0,0,0
2026-09-05 21:10:00,107.2,17,69,39.3,0,0,0
2026-09-05 21:15:00,105.0,21,71,44.2,0,0,0
2026-09-05 21:20:00,107.1,8,73,39.0,0,0,0
2026-09-05 21:25:00,106.2,17,72,39.4,0,0,0
2026-09-05 21:30:00,104.2,18,74,37.9,0,0,0
2026-09-05 21:35:00,103.1,32,75,42.2,0,0,0
2026-09-05 21:40:00,104.5,31,74,42.3,0,0,0
2026-09-05 21:45:00,103.6,26,71,40.1,0,0,0
2026-09-05 21:50:00,105.8,22,74,39.5,0,105,70
2026-09-05 21:55:00,119.2,32,72,41.7,0,0,0
2026-09-05 22:00:00,131.8,27,74,43.1,0,0,0
2026-09-05 22:05:00,139.8,27,77,38.9,0,0,0
2026-09-05 22:10:00,139.8,15,70,43.0,0,0,0
2026-09-05 22:15:00,145.5,23,76,39.3,0,0,0
2026-09-05 22:20:00,148.3,26,69,39.4,0,0,0
2026-09-05 22:25:00,152.3,14,73,42.5,0,0,0
2026-09-05 22:30:00,153.5,11,73,40.4,0,0,0
2026-09-05 22:35:00,151.3,0,65,65.9,1,0,0
2026-09-05 22:40:00,151.5,0,65,64.4,1,0,0
2026-09-05 22:45:00,151.1,0,60,68.0,1,0,0
2026-09-05 22:50:00,149.6,0,63,64.2,1,0,0
2026-09-05 22:55:00,150.3,0,62,64.6,1,0,0
2026-09-05 23:00:00,149.4,0,62,64.5,1,0,0
2026-09-05 23:05:00,147.5,1,62,67.2,1,0,0
2026-09-05 23:10:00,145.0,0,64,65.7,1,0,0
2026-09-05 23:15:00,140.8,0,60,67.6,1,0,0
2026-09-05 23:20:00,139.5,0,60,68.2,1,0,0
2026-09-05 23:25:00,135.7,1,60,63.7,1,0,0
2026-09-05 23:30:00,134.9,0,63,65.3,1,0,0
2026-09-05 23:35:00,131.4,0,65,67.2,1,0,0
2026-09-05 23:40:00,131.1,0,61,64.5,1,0,0
2026-09-05 23:45:00,130.5,2,60,65.9,1,0,0
2026-09-05 23:50:00,129.9,1,63,63.4,1,0,0
2026-09-05 23:55:00,130.0,0,61,66.3,1,0,0
2026-09-06 00:00:00,123.7,0,62,66.5,1,0,0
2026-09-06 00:05:00,121.9,0,62,66.2,1,0,0
2026-09-06 00:10:00,118.0,0,64,65.9,1,0,0
2026-09-06 00:15:00,117.7,1,64,63.3,1,0,0
2026-09-06 00:20:00,114.3,0,61,65.2,1,0,0
2026-09-06 00:25:00,113.4,1,61,64.7,1,0,0
2026-09-06 00:30:00,112.8,1,63,64.7,1,0,0
2026-09-06 00:35:00,113.5,0,61,63.9,1,0,0
2026-09-06 00:40:00,115.7,0,57,66.6,1,0,0
2026-09-06 00:45:00,113.1,0,62,61.5,1,0,0
2026-09-06 00:50:00,109.2,0,65,64.0,1,0,0
2026-09-06 00:55:00,106.8,0,61,65.1,1,0,0
2026-09-06 01:00:00,106.5,1,62,64.8,1,0,0
2026-09-06 01:05:00,103.5,0,63,64.7,1,0,0
2026-09-06 01:10:00,104.6,1,63,67.8,1,0,0
2026-09-06 01:15:00,102.3,0,62,63.3,1,0,0
2026-09-06 01:20:00,100.9,0,63,63.6,1,0,0
2026-09-06 01:25:00,99.3,1,63,66.7,1,0,0
2026-09-06 01:30:00,99.0,0,62,66.5,1,0,0
2026-09-06 01:35:00,101.4,1,63,67.8,1,0,0
2026-09-06 01:40:00,103.4,0,65,63.3,1,0,0
2026-09-06 01:45:00,102.4,0,63,70.4,1,0,0
2026-09-06 01:50:00,102.3,0,60,69.6,1,0,0
2026-09-06 01:55:00,100.0,2,60,63.5,1,0,0
2026-09-06 02:00:00,102.0,0,62,66.5,1,0,0
2026-09-06 02:05:00,102.0,0,64,65.3,1,0,0
2026-09-06 02:10:00,103.1,0,60,59.2,1,0,0
2026-09-06 02:15:00,103.0,1,65,63.4,1,0,0
2026-09-06 02:20:00,105.4,0,64,67.0,1,0,0
2026-09-06 02:25:00,104.5,0,64,66.1,1,0,0
2026-09-06 02:30:00,104.8,0,62,66.9,1,0,0
2026-09-06 02:35:00,105.8,0,62,65.1,1,0,0
2026-09-06 02:40:00,106.7,0,65,63.6,1,0,0
2026-09-06 02:45:00,105.8,1,62,65.0,1,0,0
2026-09-06 02:50:00,106.3,0,63,67.6,1,0,0
2026-09-06 02:55:00,105.0,0,59,65.2,1,0,0
2026-09-06 03:00:00,106.5,1,62,65.7,1,0,0
2026-09-06 03:05:00,107.6,0,65,63.0,1,0,0
2026-09-06 03:10:00,108.0,0,63,67.9,1,0,0
2026-09-06 03:15:00,107.0,0,62,64.5,1,0,0
2026-09-06 03:20:00,108.2,1,61,65.2,1,0,0
2026-09-06 03:25:00,107.0,2,64,62.3,1,0,0
2026-09-06 03:30:00,104.4,0,62,64.9,1,0,0
2026-09-06 03:35:00,101.8,0,62,65.5,1,0,0
2026-09-06 03:40:00,99.5,0,64,66.2,1,0,0
2026-09-06 03:45:00,99.3,3,62,69.1,1,0,0
2026-09-06 03:50:00,104.2,1,60,66.0,1,0,0
2026-09-06 03:55:00,102.5,1,61,64.3,1,0,0
2026-09-06 04:00:00,101.1,1,61,66.8,1,0,0
2026-09-06 04:05:00,101.1,1,62,66.7,1,0,0
2026-09-06 04:10:00,98.9,0,59,68.8,1,0,0
2026-09-06 04:15:00,100.1,0,56,64.1,1,0,0
2026-09-06 04:20:00,98.4,0,63,66.0,1,0,0
2026-09-06 04:25:00,102.3,1,64,66.7,1,0,0
2026-09-06 04:30:00,106.4,0,60,65.0,1,0,0
2026-09-06 04:35:00,103.9,0,63,66.9,1,0,0
2026-09-06 04:40:00,106.0,1,63,65.0,1,0,0
2026-09-06 04:45:00,103.1,0,64,65.2,1,0,0
2026-09-06 04:50:00,102.6,1,62,64.2,1,0,0
2026-09-06 04:55:00,105.8,0,63,64.8,1,0,0
2026-09-06 05:00:00,106.0,0,63,69.9,1,0,0
2026-09-06 05:05:00,105.9,1,61,66.5,1,0,0
2026-09-06 05:10:00,108.9,0,63,64.1,1,0,0
2026-09-06 05:15:00,113.4,0,62,63.9,1,0,0
2026-09-06 05:20:00,115.0,0,61,64.6,1,0,0
2026-09-06 05:25:00,117.1,1,64,66.8,1,0,0
2026-09-06 05:30:00,114.8,1,61,66.1,1,0,0
2026-09-06 05:35:00,115.3,0,65,64.1,1,0,0
2026-09-06 05:40:00,114.2,1,62,64.3,1,0,0
2026-09-06 05:45:00,113.5,0,65,62.4,1,0,0
2026-09-06 05:50:00,109.5,0,63,62.1,1,0,0
2026-09-06 05:55:00,113.5,0,61,66.2,1,0,0
2026-09-06 06:00:00,117.4,0,61,65.1,1,0,0
2026-09-06 06:05:00,119.9,0,63,61.7,1,0,0
2026-09-06 06:10:00,119.1,0,59,64.0,1,0,0
2026-09-06 06:15:00,115.9,0,65,64.9,1,0,0
2026-09-06 06:20:00,114.0,0,62,62.9,1,0,0
2026-09-06 06:25:00,110.0,0,61,65.2,1,0,0
2026-09-06 06:30:00,110.8,0,62,65.9,1,0,0
2026-09-06 06:35:00,112.8,1,64,64.7,1,0,0
2026-09-06 06:40:00,111.0,0,63,65.1,1,0,0
2026-09-06 06:45:00,109.3,0,62,69.4,1,0,0
2026-09-06 06:50:00,110.8,1,61,67.0,1,0,0
2026-09-06 06:55:00,109.3,14,72,40.1,0,0,0
2026-09-06 07:00:00,105.7,22,70,41.2,0,0,0
2026-09-06 07:05:00,107.0,27,73,39.5,0,0,0
2026-09-06 07:10:00,108.1,54,69,42.8,0,0,0
2026-09-06 07:15:00,112.1,24,70,34.7,0,0,0
2026-09-06 07:20:00,110.1,9,70,40.3,0,0,0
2026-09-06 07:25:00,108.7,31,75,39.8,0,0,0
2026-09-06 07:30:00,108.1,32,69,41.3,0,0,0
2026-09-06 07:35:00,110.3,33,75,40.2,0,0,0
2026-09-06 07:40:00,112.0,34,73,40.4,0,0,0
2026-09-06 07:45:00,112.6,46,72,39.1,0,0,0
2026-09-06 07:50:00,113.1,19,72,40.1,0,0,0
2026-09-06 07:55:00,108.4,37,71,37.5,0,0,0
2026-09-06 08:00:00,109.8,30,70,37.6,0,0,0
2026-09-06 08:05:00,107.5,20,75,36.6,0,57,65
2026-09-06 08:10:00,113.3,42,78,36.8,0,0,0
2026-09-06 08:15:00,114.8,33,76,40.4,0,0,0
2026-09-06 08:20:00,116.9,51,80,40.0,0,0,0
2026-09-06 08:25:00,117.9,18,77,37.6,0,0,0
2026-09-06 08:30:00,119.7,22,72,40.1,0,0,0
2026-09-06 08:35:00,119.5,28,72,43.3,0,0,0
2026-09-06 08:40:00,119.8,4,70,43.0,0,0,0
2026-09-06 08:45:00,120.7,23,69,41.8,0,0,0
2026-09-06 08:50:00,120.7,25,74,36.5,0,0,0
2026-09-06 08:55:00,121.1,19,70,38.6,0,0,0
2026-09-06 09:00:00,120.1,23,70,41.2,0,0,0
2026-09-06 09:05:00,126.8,20,70,41.0,0,0,0
2026-09-06 09:10:00,127.2,17,70,40.7,0,0,0
2026-09-06 09:15:00,126.2,17,72,39.5,0,0,0
2026-09-06 09:20:00,122.6,21,69,37.6,0,0,0
2026-09-06 09:25:00,120.8,19,69,42.8,0,0,0
2026-09-06 09:30:00,116.1,9,74,40.5,0,0,0
2026-09-06 09:35:00,115.2,24,73,41.5,0,0,0
2026-09-06 09:40:00,115.8,26,73,38.6,0,0,0
2026-09-06 09:45:00,118.8,9,72,42.5,0,0,0
2026-09-06 09:50:00,122.0,14,70,41.5,0,0,0
2026-09-06 09:55:00,121.0,23,69,42.5,0,0,0
2026-09-06 10:00:00,121.7,16,70,40.0,0,0,0
2026-09-06 10:05:00,122.1,49,75,41.8,0,0,0
2026-09-06 10:10:00,120.5,27,69,38.3,0,0,0
2026-09-06 10:15:00,121.9,23,73,40.7,0,0,0
2026-09-06 10:20:00,121.9,17,70,42.1,0,0,0
2026-09-06 10:25:00,119.2,26,71,39.9,0,0,0
2026-09-06 10:30:00,118.4,17,73,39.9,0,0,0
2026-09-06 10:35:00,116.6,19,74,39.9,0,0,0
2026-09-06 10:40:00,115.4,14,70,38.1,0,0,0
2026-09-06 10:45:00,117.5,11,71,40.2,0,0,0
2026-09-06 10:50:00,114.3,27,72,38.9,0,0,0
2026-09-06 10:55:00,111.4,44,69,42.7,0,0,0
2026-09-06 11:00:00,110.6,18,72,37.9,0,0,0
2026-09-06 11:05:00,108.4,22,74,40.4,0,0,0
2026-09-06 11:10:00,109.6,31,70,42.0,0,0,0
2026-09-06 11:15:00,109.1,35,74,39.4,0,0,0
2026-09-06 11:20:00,105.6,17,69,38.4,0,0,0
2026-09-06 11:25:00,104.5,19,68,36.7,0,0,0
2026-09-06 11:30:00,105.0,19,69,38.7,0,0,0
2026-09-06 11:35:00,102.9,20,76,39.2,0,0,0
2026-09-06 11:40:00,105.5,11,70,36.0,0,0,0
2026-09-06 11:45:00,103.8,29,70,40.9,0,0,0
2026-09-06 11:50:00,105.1,32,72,41.7,0,0,0
2026-09-06 11:55:00,105.3,16,71,43.7,0,0,0
2026-09-06 12:00:00,103.9,16,69,41.1,0,0,0
2026-09-06 12:05:00,100.9,21,72,39.6,0,0,0
2026-09-06 12:10:00,101.9,11,69,37.7,0,0,0
2026-09-06 12:15:00,103.0,41,73,39.2,0,0,0
2026-09-06 12:20:00,102.2,32,75,36.9,0,0,0
2026-09-06 12:25:00,101.5,17,70,39.5,0,0,0
2026-09-06 12:30:00,102.8,30,74,39.7,0,0,0
2026-09-06 12:35:00,103.9,29,70,40.1,0,0,0
2026-09-06 12:40:00,103.2,21,72,38.7,0,0,0
2026-09-06 12:45:00,102.4,23,73,42.3,0,0,0
2026-09-06 12:50:00,100.9,25,71,40.4,0,0,0
2026-09-06 12:55:00,103.5,17,68,40.4,0,0,0
2026-09-06 13:00:00,106.4,23,73,37.8,0,0,0
2026-09-06 13:05:00,109.0,34,73,37.2,0,0,0
2026-09-06 13:10:00,105.9,15,68,40.2,0,0,0
2026-09-06 13:15:00,105.8,29,70,40.9,0,0,0
2026-09-06 13:20:00,105.0,38,71,38.6,0,0,0
2026-09-06 13:25:00,103.7,10,72,35.5,0,50,50
2026-09-06 13:30:00,108.4,16,76,41.3,0,0,0
2026-09-06 13:35:00,113.3,30,74,40.1,0,0,0
2026-09-06 13:40:00,118.4,14,77,37.7,0,0,0
2026-09-06 13:45:00,119.1,26,73,40.0,0,0,0
2026-09-06 13:50:00,120.3,34,77,37.2,0,0,0
2026-09-06 13:55:00,119.0,9,72,40.4,0,0,0
2026-09-06 14:00:00,121.4,17,70,38.5,0,0,0
2026-09-06 14:05:00,122.9,10,69,39.2,0,0,0
2026-09-06 14:10:00,119.2,20,73,38.4,0,0,0
2026-09-06 14:15:00,122.1,13,65,38.8,0,0,0
2026-09-06 14:20:00,121.4,12,69,39.2,0,0,0
2026-09-06 14:25:00,121.8,21,70,42.4,0,0,0
2026-09-06 14:30:00,119.1,23,72,42.2,0,0,0
2026-09-06 14:35:00,119.6,21,72,41.2,0,0,0
2026-09-06 14:40:00,119.7,31,67,41.3,0,0,0
2026-09-06 14:45:00,121.3,16,73,41.1,0,0,0
2026-09-06 14:50:00,120.6,35,72,36.7,0,0,0
2026-09-06 14:55:00,118.2,15,72,44.7,0,0,0
2026-09-06 15:00:00,114.6,22,72,38.5,0,0,0
2026-09-06 15:05:00,115.1,11,72,39.1,0,0,0
2026-09-06 15:10:00,113.3,19,74,39.5,0,0,0
2026-09-06 15:15:00,112.5,24,71,39.7,0,0,0
2026-09-06 15:20:00,111.4,28,72,43.6,0,0,0
2026-09-06 15:25:00,111.9,30,71,39.5,0,0,0
2026-09-06 15:30:00,110.2,15,73,40.4,0,0,0
2026-09-06 15:35:00,109.5,20,69,41.2,0,0,0
2026-09-06 15:40:00,107.5,20,74,40.6,0,0,0
2026-09-06 15:45:00,108.5,14,72,42.2,0,0,0
2026-09-06 15:50:00,111.2,10,73,44.5,0,0,0
2026-09-06 15:55:00,109.1,28,76,41.7,0,0,0
2026-09-06 16:00:00,106.2,28,67,38.7,0,0,0
2026-09-06 16:05:00,107.7,32,75,40.7,0,0,0
2026-09-06 16:10:00,109.3,25,73,40.2,0,0,0
2026-09-06 16:15:00,110.1,27,71,39.7,0,0,0
2026-09-06 16:20:00,107.7,17,69,41.6,0,0,0
2026-09-06 16:25:00,110.8,12,71,43.5,0,0,0
2026-09-06 16:30:00,109.7,22,72,40.4,0,0,0
2026-09-06 16:35:00,105.9,10,72,39.1,0,0,0
2026-09-06 16:40:00,104.4,21,70,39.6,0,0,0
2026-09-06 16:45:00,104.9,31,75,39.8,0,0,0
2026-09-06 16:50:00,107.2,6,70,43.5,0,0,0
2026-09-06 16:55:00,106.0,23,75,44.2,0,0,0
2026-09-06 17:00:00,108.4,23,68,39.9,0,0,0
2026-09-06 17:05:00,114.5,38,72,37.3,0,0,0
2026-09-06 17:10:00,113.8,16,68,39.2,0,0,0
2026-09-06 17:15:00,114.3,8,73,39.1,0,0,0
2026-09-06 17:20:00,114.4,356,90,38.1,0,0,0
2026-09-06 17:25:00,107.6,369,90,39.1,0,0,0
2026-09-06 17:30:00,105.0,366,94,39.1,0,0,0
2026-09-06 17:35:00,103.6,29,69,39.6,0,26,65
2026-09-06 17:40:00,106.4,20,73,39.6,0,0,0
2026-09-06 17:45:00,110.0,25,77,43.3,0,0,0
2026-09-06 17:50:00,114.2,17,75,40.7,0,0,0
2026-09-06 17:55:00,117.4,35,73,41.6,0,0,0
2026-09-06 18:00:00,120.5,17,71,38.7,0,0,0
2026-09-06 18:05:00,120.3,14,72,41.3,0,0,0
2026-09-06 18:10:00,118.1,23,74,41.4,0,0,0
2026-09-06 18:15:00,114.7,18,70,42.0,0,0,0
2026-09-06 18:20:00,118.7,21,72,40.1,0,0,0
2026-09-06 18:25:00,118.7,29,71,39.7,0,0,0
2026-09-06 18:30:00,119.3,16,70,40.4,0,0,0
2026-09-06 18:35:00,117.8,12,70,38.4,0,0,0
2026-09-06 18:40:00,121.2,16,73,42.2,0,0,0
2026-09-06 18:45:00,119.9,19,71,47.1,0,0,0
2026-09-06 18:50:00,120.9,9,72,38.6,0,0,0
2026-09-06 18:55:00,116.3,35,72,40.8,0,0,0
2026-09-06 19:00:00,115.5,442,100,43.3,0,0,0
2026-09-06 19:05:00,118.6,430,94,43.2,0,0,0
2026-09-06 19:10:00,116.7,427,96,42.6,0,0,0
2026-09-06 19:15:00,118.3,425,97,43.0,0,0,0
2026-09-06 19:20:00,117.7,22,69,41.6,0,0,0
2026-09-06 19:25:00,114.9,39,71,37.2,0,0,0
2026-09-06 19:30:00,112.3,30,70,38.2,0,0,0
2026-09-06 19:35:00,112.9,26,70,42.7,0,0,0
2026-09-06 19:40:00,111.5,26,71,41.6,0,0,0
2026-09-06 19:45:00,109.5,31,72,35.3,0,0,0
2026-09-06 19:50:00,108.8,22,69,40.3,0,0,0
2026-09-06 19:55:00,106.6,16,73,38.0,0,0,0
2026-09-06 20:00:00,105.4,39,72,40.2,0,0,0
2026-09-06 20:05:00,101.6,5,70,38.0,0,0,0
2026-09-06 20:10:00,102.6,28,72,37.9,0,0,0
2026-09-06 20:15:00,105.2,24,69,38.4,0,0,0
2026-09-06 20:20:00,105.6,12,68,43.1,0,0,0
2026-09-06 20:25:00,109.0,26,73,41.6,0,0,0
2026-09-06 20:30:00,109.0,18,70,41.3,0,0,0
2026-09-06 20:35:00,109.8,16,74,41.4,0,0,0
2026-09-06 20:40:00,109.4,26,69,37.5,0,0,0
2026-09-06 20:45:00,107.1,439,99,40.0,0,0,0
2026-09-06 20:50:00,108.2,443,95,38.5,0,0,0
2026-09-06 20:55:00,108.2,428,92,44.9,0,0,0
2026-09-06 21:00:00,108.1,12,74,41.6,0,88,75
2026-09-06 21:05:00,119.2,34,76,39.7,0,0,0
2026-09-06 21:10:00,128.1,19,74,39.9,0,0,0
2026-09-06 21:15:00,134.9,20,74,39.8,0,0,0
2026-09-06 21:20:00,139.0,34,73,37.8,0,0,0
2026-09-06 21:25:00,146.4,25,76,39.5,0,0,0
2026-09-06 21:30:00,147.7,26,70,42.1,0,0,0
2026-09-06 21:35:00,149.2,11,69,38.7,0,0,0
2026-09-06 21:40:00,151.3,18,72,39.9,0,0,0
2026-09-06 21:45:00,150.1,21,69,40.5,0,0,0
2026-09-06 21:50:00,146.8,24,72,38.9,0,0,0
2026-09-06 21:55:00,143.8,19,75,43.2,0,0,0
2026-09-06 22:00:00,138.4,19,71,40.0,0,0,0
2026-09-06 22:05:00,133.7,13,71,40.6,0,0,0
2026-09-06 22:10:00,133.8,32,69,40.3,0,0,0
2026-09-06 22:15:00,132.0,18,71,43.2,0,0,0
2026-09-06 22:20:00,133.2,18,72,40.8,0,0,0
2026-09-06 22:25:00,130.2,20,69,38.9,0,0,0
2026-09-06 22:30:00,126.9,15,69,41.4,0,0,0
2026-09-06 22:35:00,127.7,18,72,38.6,0,0,0
2026-09-06 22:40:00,128.6,8,68,39.2,0,0,0
2026-09-06 22:45:00,128.5,59,72,39.2,0,0,0
2026-09-06 22:50:00,124.1,23,72,40.0,0,0,0
2026-09-06 22:55:00,123.0,22,74,39.3,0,0,0
2026-09-06 23:00:00,121.8,17,73,37.7,0,0,0
2026-09-06 23:05:00,118.1,24,74,36.9,0,0,0
2026-09-06 23:10:00,115.3,16,73,38.1,0,0,0
2026-09-06 23:15:00,113.5,27,71,42.4,0,0,0
2026-09-06 23:20:00,111.4,20,68,38.2,0,0,0
2026-09-06 23:25:00,113.7,16,68,38.5,0,0,0
2026-09-06 23:30:00,110.3,25,71,40.7,0,0,0
2026-09-06 23:35:00,108.2,29,69,37.6,0,0,0
2026-09-06 23:40:00,106.1,44,73,41.9,0,0,0
2026-09-06 23:45:00,100.9,31,70,37.1,0,0,0
2026-09-06 23:50:00,98.6,27,72,41.0,0,0,0
2026-09-06 23:55:00,101.4,31,71,39.2,0,0,0
2026-09-07 00:00:00,102.0,23,72,38.8,0,0,0
2026-09-07 00:05:00,105.0,45,74,40.0,0,0,0
2026-09-07 00:10:00,104.3,30,71,43.4,0,0,0
2026-09-07 00:15:00,104.3,32,70,41.3,0,0,0
2026-09-07 00:20:00,107.5,27,72,39.4,0,0,0
2026-09-07 00:25:00,107.4,3,59,66.0,1,0,0
2026-09-07 00:30:00,103.0,0,64,64.2,1,0,0
2026-09-07 00:35:00,102.6,1,61,67.8,1,0,0
2026-09-07 00:40:00,103.9,1,65,66.7,1,0,0
2026-09-07 00:45:00,105.3,1,63,66.9,1,0,0
2026-09-07 00:50:00,101.6,0,59,63.3,1,0,0
2026-09-07 00:55:00,99.3,0,62,66.4,1,0,0
2026-09-07 01:00:00,101.7,1,64,68.4,1,0,0
2026-09-07 01:05:00,105.0,0,61,61.6,1,0,0
2026-09-07 01:10:00,103.0,0,60,65.5,1,0,0
2026-09-07 01:15:00,101.8,0,64,65.3,1,0,0
2026-09-07 01:20:00,98.7,1,66,62.4,1,0,0
2026-09-07 01:25:00,98.9,0,62,67.1,1,0,0
2026-09-07 01:30:00,101.4,0,63,65.2,1,0,0
2026-09-07 01:35:00,99.4,0,64,65.8,1,0,0
2026-09-07 01:40:00,98.7,2,62,63.9,1,0,0
2026-09-07 01:45:00,96.9,1,59,65.4,1,0,0
2026-09-07 01:50:00,99.3,0,63,66.1,1,0,0
2026-09-07 01:55:00,96.5,0,62,66.2,1,0,0
2026-09-07 02:00:00,96.7,0,56,63.8,1,0,0
2026-09-07 02:05:00,98.7,0,59,65.6,1,0,0
2026-09-07 02:10:00,97.4,0,59,65.1,1,0,0
2026-09-07 02:15:00,98.7,0,62,63.3,1,0,0
2026-09-07 02:20:00,101.5,1,63,64.5,1,0,0
2026-09-07 02:25:00,101.1,0,65,65.3,1,0,0
2026-09-07 02:30:00,101.6,0,62,66.4,1,0,0
2026-09-07 02:35:00,101.2,1,60,67.2,1,0,0
2026-09-07 02:40:00,101.4,0,62,67.5,1,0,0
2026-09-07 02:45:00,101.0,1,59,64.0,1,0,0
2026-09-07 02:50:00,100.0,0,62,68.5,1,0,0
2026-09-07 02:55:00,97.6,0,63,67.8,1,0,0
2026-09-07 03:00:00,101.0,0,63,67.8,1,0,0
2026-09-07 03:05:00,98.6,0,66,67.2,1,0,0
2026-09-07 03:10:00,98.4,0,63,66.3,1,0,0
2026-09-07 03:15:00,95.9,0,63,64.5,1,0,0
2026-09-07 03:20:00,94.1,0,63,65.2,1,0,0
2026-09-07 03:25:00,95.2,0,64,64.4,1,0,0
2026-09-07 03:30:00,93.3,1,64,67.1,1,0,0
2026-09-07 03:35:00,96.9,0,59,71.1,1,0,0
2026-09-07 03:40:00,97.5,0,60,64.0,1,0,0
2026-09-07 03:45:00,98.4,0,61,64.2,1,0,0
2026-09-07 03:50:00,104.3,1,58,62.8,1,0,0
2026-09-07 03:55:00,104.4,0,59,63.2,1,0,0
2026-09-07 04:00:00,104.6,0,63,64.6,1,0,0
2026-09-07 04:05:00,103.9,0,61,69.2,1,0,0
2026-09-07 04:10:00,106.1,0,63,65.0,1,0,0
2026-09-07 04:15:00,108.6,1,62,63.5,1,0,0
2026-09-07 04:20:00,110.6,1,62,65.0,1,0,0
2026-09-07 04:25:00,112.9,0,63,67.4,1,0,0
2026-09-07 04:30:00,109.7,0,63,68.1,1,0,0
2026-09-07 04:35:00,111.9,0,62,66.7,1,0,0
2026-09-07 04:40:00,109.3,0,61,68.3,1,0,0
2026-09-07 04:45:00,109.9,0,60,70.2,1,0,0
2026-09-07 04:50:00,112.3,0,62,66.9,1,0,0
2026-09-07 04:55:00,109.8,0,58,69.9,1,0,0
2026-09-07 05:00:00,111.0,0,63,66.2,1,0,0
2026-09-07 05:05:00,111.1,0,64,65.1,1,0,0
2026-09-07 05:10:00,113.0,0,62,65.2,1,0,0
2026-09-07 05:15:00,111.8,0,62,64.7,1,0,0
2026-09-07 05:20:00,108.8,0,64,68.1,1,0,0
2026-09-07 05:25:00,109.3,0,61,63.8,1,0,0
2026-09-07 05:30:00,107.2,0,59,64.6,1,0,0
2026-09-07 05:35:00,106.8,0,61,62.3,1,0,0
2026-09-07 05:40:00,107.8,0,62,64.4,1,0,0
2026-09-07 05:45:00,110.5,0,59,64.8,1,0,0
2026-09-07 05:50:00,105.4,2,63,65.3,1,0,0
2026-09-07 05:55:00,106.8,1,66,62.0,1,0,0
2026-09-07 06:00:00,106.4,0,62,67.2,1,0,0
2026-09-07 06:05:00,105.5,0,60,66.2,1,0,0
2026-09-07 06:10:00,104.2,0,57,66.4,1,0,0
2026-09-07 06:15:00,107.9,0,64,64.3,1,0,0
2026-09-07 06:20:00,102.6,0,63,68.7,1,0,0
2026-09-07 06:25:00,103.4,14,71,36.3,0,0,0
2026-09-07 06:30:00,102.7,27,69,39.5,0,0,0
2026-09-07 06:35:00,107.1,23,76,40.3,0,0,0
2026-09-07 06:40:00,106.6,35,75,38.5,0,0,0
2026-09-07 06:45:00,105.8,32,72,42.0,0,0,0
2026-09-07 06:50:00,105.6,19,71,38.9,0,0,0
2026-09-07 06:55:00,105.5,19,74,41.5,0,0,0
2026-09-07 07:00:00,109.2,34,73,37.1,0,0,0
2026-09-07 07:05:00,109.7,26,71,37.9,0,0,0
2026-09-07 07:10:00,108.2,19,68,40.1,0,0,0
2026-09-07 07:15:00,109.9,28,73,40.5,0,0,0
2026-09-07 07:20:00,106.0,9,73,41.2,0,0,0
2026-09-07 07:25:00,105.4,27,70,38.7,0,0,0
2026-09-07 07:30:00,104.2,16,68,40.1,0,0,0
2026-09-07 07:35:00,104.4,18,71,40.1,0,0,0
2026-09-07 07:40:00,108.7,6,74,41.5,0,0,0
2026-09-07 07:45:00,107.2,37,70,40.3,0,0,0
2026-09-07 07:50:00,106.4,15,76,39.3,0,56,70
2026-09-07 07:55:00,105.5,25,73,41.4,0,0,0
2026-09-07 08:00:00,109.7,15,75,42.3,0,0,0
2026-09-07 08:05:00,111.8,427,97,40.0,0,0,0
2026-09-07 08:10:00,116.1,444,101,42.1,0,0,0
2026-09-07 08:15:00,118.0,16,76,38.7,0,0,0
2026-09-07 08:20:00,115.5,13,69,41.2,0,0,0
2026-09-07 08:25:00,120.8,23,72,38.6,0,0,0
2026-09-07 08:30:00,119.8,33,72,42.4,0,0,0
2026-09-07 08:35:00,122.3,37,72,37.8,0,0,0
2026-09-07 08:40:00,120.1,16,68,39.9,0,0,0
2026-09-07 08:45:00,121.4,12,70,43.4,0,0,0
2026-09-07 08:50:00,120.0,29,70,42.0,0,0,0
2026-09-07 08:55:00,120.9,15,73,43.2,0,0,0
2026-09-07 09:00:00,122.3,28,74,39.2,0,0,0
2026-09-07 09:05:00,125.3,23,70,37.5,0,0,0
2026-09-07 09:10:00,121.9,18,72,41.5,0,0,0
2026-09-07 09:15:00,119.2,28,69,42.3,0,0,0
2026-09-07 09:20:00,119.5,14,74,38.8,0,0,0
2026-09-07 09:25:00,121.1,19,74,39.3,0,0,0
2026-09-07 09:30:00,120.5,44,74,40.1,0,0,0
2026-09-07 09:35:00,114.0,25,72,40.8,0,0,0
2026-09-07 09:40:00,113.7,14,72,39.9,0,0,0
2026-09-07 09:45:00,114.8,25,76,46.2,0,0,0
2026-09-07 09:50:00,114.7,11,71,37.7,0,0,0
2026-09-07 09:55:00,113.8,16,71,38.9,0,0,0
2026-09-07 10:00:00,114.2,20,72,40.7,0,0,0
2026-09-07 10:05:00,114.3,19,67,41.2,0,0,0
2026-09-07 10:10:00,113.3,22,70,40.9,0,0,0
2026-09-07 10:15:00,109.9,31,73,37.1,0,0,0
2026-09-07 10:20:00,110.5,18,71,41.2,0,0,0
2026-09-07 10:25:00,109.1,362,92,41.3,0,0,0
2026-09-07 10:30:00,110.0,365,94,40.5,0,0,0
2026-09-07 10:35:00,105.9,363,90,42.9,0,0,0
2026-09-07 10:40:00,104.3,355,93,39.9,0,0,0
2026-09-07 10:45:00,103.2,9,71,37.9,0,0,0
2026-09-07 10:50:00,105.8,29,73,39.1,0,0,0
2026-09-07 10:55:00,108.3,8,71,37.8,0,0,0
2026-09-07 11:00:00,109.1,29,69,40.8,0,0,0
2026-09-07 11:05:00,108.8,19,71,41.0,0,0,0
2026-09-07 11:10:00,105.3,35,72,37.4,0,0,0
2026-09-07 11:15:00,106.5,16,71,38.8,0,0,0
2026-09-07 11:20:00,108.3,25,73,41.0,0,0,0
2026-09-07 11:25:00,105.1,20,73,41.7,0,0,0
2026-09-07 11:30:00,101.5,30,70,43.2,0,0,0
2026-09-07 11:35:00,103.2,24,75,38.7,0,0,0
2026-09-07 11:40:00,101.2,22,71,43.8,0,0,0
2026-09-07 11:45:00,101.2,21,67,35.9,0,0,0
2026-09-07 11:50:00,101.9,15,72,39.6,0,0,0
2026-09-07 11:55:00,101.3,32,72,40.1,0,0,0
2026-09-07 12:00:00,101.8,32,71,37.6,0,0,0
2026-09-07 12:05:00,100.3,11,72,41.1,0,0,0
2026-09-07 12:10:00,100.7,24,70,41.2,0,0,0
2026-09-07 12:15:00,99.6,11,70,39.5,0,0,0
2026-09-07 12:20:00,98.6,24,68,40.1,0,0,0
2026-09-07 12:25:00,98.7,28,72,40.3,0,0,0
2026-09-07 12:30:00,98.6,23,72,37.9,0,0,0
2026-09-07 12:35:00,99.9,10,70,37.3,0,0,0
2026-09-07 12:40:00,99.2,20,69,43.4,0,0,0
2026-09-07 12:45:00,99.7,11,76,40.8,0,0,0
2026-09-07 12:50:00,101.0,14,77,39.5,0,99,70
2026-09-07 12:55:00,110.3,22,73,40.1,0,0,0
2026-09-07 13:00:00,121.6,20,77,39.9,0,0,0
2026-09-07 13:05:00,128.2,21,76,41.3,0,0,0
2026-09-07 13:10:00,132.1,40,74,42.2,0,0,0
2026-09-07 13:15:00,140.0,8,72,40.6,0,0,0
2026-09-07 13:20:00,142.8,51,73,42.1,0,0,0
2026-09-07 13:25:00,146.9,14,74,40.4,0,0,0
2026-09-07 13:30:00,147.5,9,67,39.1,0,0,0
2026-09-07 13:35:00,147.6,19,71,40.5,0,0,0
2026-09-07 13:40:00,149.5,19,73,39.5,0,0,0
2026-09-07 13:45:00,150.1,15,77,39.2,0,0,0
2026-09-07 13:50:00,148.0,13,74,40.1,0,0,0
2026-09-07 13:55:00,145.8,17,71,41.8,0,0,0
2026-09-07 14:00:00,143.9,33,71,40.9,0,0,0
2026-09-07 14:05:00,141.0,17,70,41.2,0,0,0
2026-09-07 14:10:00,135.5,23,74,37.5,0,0,0
2026-09-07 14:15:00,135.1,13,72,39.9,0,0,0
2026-09-07 14:20:00,132.7,33,72,42.8,0,0,0
2026-09-07 14:25:00,129.7,15,72,40.2,0,0,0
2026-09-07 14:30:00,127.8,16,73,41.2,0,0,0
2026-09-07 14:35:00,124.2,40,73,41.6,0,0,0
2026-09-07 14:40:00,121.9,18,72,37.2,0,0,0
2026-09-07 14:45:00,116.7,16,73,39.6,0,0,0
2026-09-07 14:50:00,115.1,42,70,40.8,0,0,0
2026-09-07 14:55:00,117.4,36,75,42.4,0,0,0
2026-09-07 15:00:00,119.2,10,71,42.8,0,0,0
2026-09-07 15:05:00,122.4,18,69,39.8,0,0,0
2026-09-07 15:10:00,124.3,15,69,40.0,0,0,0
2026-09-07 15:15:00,121.0,38,72,40.5,0,0,0
2026-09-07 15:20:00,118.8,35,72,43.9,0,0,0
2026-09-07 15:25:00,114.0,11,70,37.8,0,0,0
2026-09-07 15:30:00,115.7,21,71,39.5,0,0,0
2026-09-07 15:35:00,113.8,26,77,39.1,0,0,0
2026-09-07 15:40:00,112.1,23,73,41.0,0,0,0
2026-09-07 15:45:00,110.9,28,71,39.0,0,0,0
2026-09-07 15:50:00,112.8,18,73,39.3,0,0,0
2026-09-07 15:55:00,109.7,14,70,41.1,0,0,0
2026-09-07 16:00:00,109.9,19,76,44.7,0,0,0
2026-09-07 16:05:00,108.5,11,68,39.4,0,0,0
2026-09-07 16:10:00,107.9,42,70,37.8,0,0,0
2026-09-07 16:15:00,105.7,17,70,41.5,0,0,0
2026-09-07 16:20:00,103.5,27,72,39.3,0,0,0
2026-09-07 16:25:00,101.1,14,70,39.5,0,0,0
2026-09-07 16:30:00,99.1,14,70,39.0,0,0,0
2026-09-07 16:35:00,96.5,7,65,43.2,0,0,0
2026-09-07 16:40:00,97.0,25,73,38.0,0,0,0
2026-09-07 16:45:00,97.2,29,76,38.7,0,14,35
2026-09-07 16:50:00,100.0,21,74,38.2,0,0,0
2026-09-07 16:55:00,103.8,21,73,39.7,0,0,0
2026-09-07 17:00:00,106.4,509,107,40.7,0,0,0
2026-09-07 17:05:00,103.8,493,100,39.3,0,0,0
2026-09-07 17:10:00,105.3,66,75,42.5,0,0,0
2026-09-07 17:15:00,102.1,15,70,41.7,0,0,0
2026-09-07 17:20:00,102.9,27,69,40.0,0,0,0
2026-09-07 17:25:00,102.2,19,70,38.3,0,0,0
2026-09-07 17:30:00,105.1,29,70,38.9,0,0,0
2026-09-07 17:35:00,105.4,29,69,38.8,0,0,0
2026-09-07 17:40:00,106.5,27,72,42.6,0,0,0
2026-09-07 17:45:00,107.6,20,75,38.5,0,0,0
2026-09-07 17:50:00,108.7,23,74,36.7,0,0,0
2026-09-07 17:55:00,107.0,22,68,43.4,0,0,0
2026-09-07 18:00:00,108.5,8,69,39.6,0,0,0
2026-09-07 18:05:00,102.5,20,75,40.8,0,0,0
2026-09-07 18:10:00,102.5,31,73,43.2,0,0,0
2026-09-07 18:15:00,102.9,28,72,37.7,0,0,0
2026-09-07 18:20:00,102.4,39,71,44.6,0,0,0
2026-09-07 18:25:00,102.8,48,72,41.3,0,0,0
2026-09-07 18:30:00,101.3,18,74,40.2,0,0,0
2026-09-07 18:35:00,100.6,18,71,41.1,0,0,0
2026-09-07 18:40:00,102.3,12,72,44.5,0,0,0
2026-09-07 18:45:00,100.4,13,74,38.7,0,0,0
2026-09-07 18:50:00,99.4,20,73,40.3,0,0,0
2026-09-07 18:55:00,96.0,30,73,39.4,0,0,0
2026-09-07 19:00:00,94.0,20,68,41.5,0,0,0
2026-09-07 19:05:00,97.3,20,69,40.2,0,0,0
2026-09-07 19:10:00,97.8,25,72,43.1,0,0,0
2026-09-07 19:15:00,96.2,23,69,40.6,0,0,0
2026-09-07 19:20:00,97.9,11,71,43.6,0,0,0
2026-09-07 19:25:00,100.4,32,71,38.9,0,0,0
2026-09-07 19:30:00,99.6,18,67,38.9,0,0,0
2026-09-07 19:35:00,102.2,24,71,39.3,0,0,0
2026-09-07 19:40:00,98.9,25,75,40.4,0,0,0
2026-09-07 19:45:00,100.9,26,73,46.1,0,0,0
2026-09-07 19:50:00,102.2,23,70,45.6,0,0,0
2026-09-07 19:55:00,99.0,19,74,39.9,0,0,0
2026-09-07 20:00:00,99.9,34,70,44.5,0,0,0
2026-09-07 20:05:00,100.5,448,97,40.0,0,0,0
2026-09-07 20:10:00,101.7,443,104,41.8,0,96,70
2026-09-07 20:15:00,115.5,443,100,39.8,0,0,0
2026-09-07 20:20:00,127.0,19,73,43.8,0,0,0
2026-09-07 20:25:00,131.6,15,77,41.0,0,0,0
2026-09-07 20:30:00,139.4,21,75,39.0,0,0,0
2026-09-07 20:35:00,143.6,22,75,40.9,0,0,0
2026-09-07 20:40:00,149.6,23,70,38.8,0,0,0
2026-09-07 20:45:00,150.3,8,71,38.5,0,0,0
2026-09-07 20:50:00,153.9,29,71,39.6,0,0,0
2026-09-07 20:55:00,153.5,6,68,41.0,0,0,0
2026-09-07 21:00:00,150.0,20,73,37.4,0,0,0
2026-09-07 21:05:00,142.6,26,73,39.8,0,0,0
2026-09-07 21:10:00,146.0,22,73,41.8,0,0,0
2026-09-07 21:15:00,143.7,18,72,38.9,0,0,0
2026-09-07 21:20:00,144.9,12,68,39.5,0,0,0
2026-09-07 21:25:00,142.2,12,69,40.1,0,0,0
2026-09-07 21:30:00,138.3,34,70,41.6,0,0,0
2026-09-07 21:35:00,135.4,39,71,41.4,0,0,0
2026-09-07 21:40:00,135.8,5,68,39.9,0,0,0
2026-09-07 21:45:00,134.9,23,68,42.1,0,0,0
2026-09-07 21:50:00,134.2,21,72,41.0,0,0,0
2026-09-07 21:55:00,133.8,27,73,45.1,0,0,0
2026-09-07 22:00:00,134.5,31,71,40.9,0,0,0
2026-09-07 22:05:00,138.0,27,72,38.6,0,0,0
2026-09-07 22:10:00,132.9,14,71,41.1,0,0,0
2026-09-07 22:15:00,132.0,22,73,43.1,0,0,0
2026-09-07 22:20:00,131.3,18,71,40.4,0,0,0
2026-09-07 22:25:00,125.6,13,72,36.6,0,0,0
2026-09-07 22:30:00,124.5,0,66,64.2,1,0,0
2026-09-07 22:35:00,122.3,0,61,65.3,1,0,0
2026-09-07 22:40:00,120.2,0,62,64.3,1,0,0
2026-09-07 22:45:00,120.8,0,64,66.1,1,0,0
2026-09-07 22:50:00,121.5,1,63,64.4,1,0,0
2026-09-07 22:55:00,118.8,0,62,65.2,1,0,0
2026-09-07 23:00:00,117.8,1,61,62.5,1,0,0
2026-09-07 23:05:00,119.8,1,62,66.4,1,0,0
2026-09-07 23:10:00,120.9,0,65,63.9,1,0,0
2026-09-07 23:15:00,117.5,1,64,60.0,1,0,0
2026-09-07 23:20:00,115.1,0,65,70.1,1,0,0
2026-09-07 23:25:00,116.6,0,61,64.4,1,0,0
2026-09-07 23:30:00,113.8,1,61,62.6,1,0,0
2026-09-07 23:35:00,112.8,0,63,66.4,1,0,0
2026-09-07 23:40:00,107.8,0,62,63.6,1,0,0
2026-09-07 23:45:00,106.3,0,61,67.0,1,0,0
2026-09-07 23:50:00,106.2,1,65,65.9,1,0,0
2026-09-07 23:55:00,107.0,0,58,63.3,1,0,0
2026-09-08 00:00:00,116.4,0,61,59.4,1,0,0
2026-09-08 00:05:00,116.3,0,63,64.4,1,0,0
2026-09-08 00:10:00,111.6,0,60,63.2,1,0,0
2026-09-08 00:15:00,109.3,0,61,60.4,1,0,0
2026-09-08 00:20:00,109.6,0,62,60.7,1,0,0
2026-09-08 00:25:00,110.4,0,63,60.8,1,0,0
2026-09-08 00:30:00,109.8,0,62,66.2,1,0,0
2026-09-08 00:35:00,110.8,0,66,63.2,1,0,0
2026-09-08 00:40:00,108.7,0,62,64.2,1,0,0
2026-09-08 00:45:00,108.0,0,60,64.9,1,0,0
2026-09-08 00:50:00,106.8,0,64,65.2,1,0,0
2026-09-08 00:55:00,108.8,1,65,62.3,1,0,0
2026-09-08 01:00:00,111.0,0,62,62.7,1,0,0
2026-09-08 01:05:00,112.0,0,63,61.6,1,0,0
2026-09-08 01:10:00,111.5,0,64,63.3,1,0,0
2026-09-08 01:15:00,112.7,0,61,64.0,1,0,0
2026-09-08 01:20:00,110.7,1,65,63.4,1,0,0
2026-09-08 01:25:00,110.5,0,63,62.2,1,0,0
2026-09-08 01:30:00,110.2,0,61,66.4,1,0,0
2026-09-08 01:35:00,109.3,0,64,65.2,1,0,0
2026-09-08 01:40:00,108.3,0,67,62.1,1,0,0
2026-09-08 01:45:00,108.5,0,65,64.4,1,0,0
2026-09-08 01:50:00,112.7,0,60,64.1,1,0,0
2026-09-08 01:55:00,109.6,0,62,61.8,1,0,0
2026-09-08 02:00:00,108.6,1,60,58.7,1,0,0
2026-09-08 02:05:00,105.1,0,62,60.7,1,0,0
2026-09-08 02:10:00,103.9,0,61,61.7,1,0,0
2026-09-08 02:15:00,105.6,0,63,65.1,1,0,0
2026-09-08 02:20:00,104.2,1,63,65.3,1,0,0
2026-09-08 02:25:00,103.8,0,64,61.9,1,0,0
2026-09-08 02:30:00,103.4,0,58,60.0,1,0,0
2026-09-08 02:35:00,102.4,0,57,64.2,1,0,0
2026-09-08 02:40:00,105.3,0,62,65.2,1,0,0
2026-09-08 02:45:00,107.6,0,60,62.6,1,0,0
2026-09-08 02:50:00,108.7,1,61,59.9,1,0,0
2026-09-08 02:55:00,110.4,0,59,63.1,1,0,0
2026-09-08 03:00:00,109.6,0,64,62.9,1,0,0
2026-09-08 03:05:00,110.8,0,63,63.9,1,0,0
2026-09-08 03:10:00,111.4,1,59,63.7,1,0,0
2026-09-08 03:15:00,114.4,0,61,59.4,1,0,0
2026-09-08 03:20:00,112.7,0,57,63.2,1,0,0
2026-09-08 03:25:00,113.1,0,60,63.7,1,0,0
2026-09-08 03:30:00,111.4,0,65,62.9,1,0,0
2026-09-08 03:35:00,109.2,0,64,61.5,1,0,0
2026-09-08 03:40:00,107.3,0,62,65.3,1,0,0
2026-09-08 03:45:00,107.1,0,61,60.1,1,0,0
2026-09-08 03:50:00,102.4,0,63,65.4,1,0,0
2026-09-08 03:55:00,99.8,0,62,61.1,1,0,0
2026-09-08 04:00:00,96.9,0,61,61.4,1,0,0
2026-09-08 04:05:00,99.1,1,59,63.7,1,0,0
2026-09-08 04:10:00,100.2,0,59,63.5,1,0,0
2026-09-08 04:15:00,100.0,0,65,61.6,1,0,0
2026-09-08 04:20:00,99.9,0,66,66.4,1,0,0
2026-09-08 04:25:00,103.4,0,62,62.2,1,0,0
2026-09-08 04:30:00,104.6,0,62,61.9,1,0,0
2026-09-08 04:35:00,105.8,1,65,63.7,1,0,0
2026-09-08 04:40:00,106.3,0,61,61.7,1,0,0
2026-09-08 04:45:00,105.7,0,64,61.3,1,0,0
2026-09-08 04:50:00,106.4,0,62,62.8,1,0,0
2026-09-08 04:55:00,105.9,1,63,62.3,1,0,0
2026-09-08 05:00:00,106.4,0,62,63.4,1,0,0
2026-09-08 05:05:00,106.4,0,63,62.8,1,0,0
2026-09-08 05:10:00,104.9,0,63,64.8,1,0,0
2026-09-08 05:15:00,106.4,0,61,60.7,1,0,0
2026-09-08 05:20:00,109.2,0,59,63.0,1,0,0
2026-09-08 05:25:00,110.6,0,62,61.9,1,0,0
2026-09-08 05:30:00,111.3,2,62,64.3,1,0,0
2026-09-08 05:35:00,111.5,0,62,64.3,1,0,0
2026-09-08 05:40:00,109.9,0,63,62.5,1,0,0
2026-09-08 05:45:00,107.3,1,65,65.6,1,0,0
2026-09-08 05:50:00,108.0,0,59,61.6,1,0,0
2026-09-08 05:55:00,111.1,0,63,63.6,1,0,0
2026-09-08 06:00:00,111.1,0,62,62.8,1,0,0
2026-09-08 06:05:00,109.6,0,65,57.1,1,0,0
2026-09-08 06:10:00,110.8,43,73,38.0,0,0,0
2026-09-08 06:15:00,113.0,30,70,37.5,0,0,0
2026-09-08 06:20:00,115.2,20,68,37.4,0,0,0
2026-09-08 06:25:00,118.8,19,75,35.2,0,0,0
2026-09-08 06:30:00,117.7,16,71,41.9,0,0,0
2026-09-08 06:35:00,118.3,7,71,39.0,0,0,0
2026-09-08 06:40:00,117.0,20,71,40.7,0,0,0
2026-09-08 06:45:00,118.4,33,71,34.3,0,0,0
2026-09-08 06:50:00,117.4,23,72,37.8,0,0,0
2026-09-08 06:55:00,116.7,11,70,40.9,0,0,0
2026-09-08 07:00:00,115.9,18,69,36.2,0,0,0
2026-09-08 07:05:00,118.7,17,74,40.9,0,0,0
2026-09-08 07:10:00,115.9,87,74,42.6,0,0,0
2026-09-08 07:15:00,114.1,20,75,36.5,0,0,0
2026-09-08 07:20:00,113.0,41,75,38.3,0,0,0
2026-09-08 07:25:00,116.0,16,66,39.9,0,0,0
2026-09-08 07:30:00,114.0,27,70,39.3,0,0,0
2026-09-08 07:35:00,113.0,39,73,38.8,0,0,0
2026-09-08 07:40:00,112.8,16,76,38.3,0,58,78
2026-09-08 07:45:00,120.3,21,74,37.1,0,0,0
2026-09-08 07:50:00,125.9,6,74,41.9,0,0,0
2026-09-08 07:55:00,128.7,502,104,38.3,0,0,0
2026-09-08 08:00:00,133.4,502,100,38.1,0,0,0
2026-09-08 08:05:00,133.2,10,73,39.9,0,0,0
2026-09-08 08:10:00,134.5,16,71,38.1,0,0,0
2026-09-08 08:15:00,134.1,13,72,39.6,0,0,0
2026-09-08 08:20:00,132.3,21,73,40.2,0,0,0
2026-09-08 08:25:00,131.4,10,73,40.3,0,0,0
2026-09-08 08:30:00,131.3,19,69,39.1,0,0,0
2026-09-08 08:35:00,130.4,5,73,39.4,0,0,0
2026-09-08 08:40:00,126.4,31,73,39.2,0,0,0
2026-09-08 08:45:00,129.2,30,70,38.6,0,0,0
2026-09-08 08:50:00,125.7,23,72,36.4,0,0,0
2026-09-08 08:55:00,124.2,14,72,41.2,0,0,0
2026-09-08 09:00:00,125.3,11,71,38.2,0,0,0
2026-09-08 09:05:00,123.0,38,72,39.3,0,0,0
2026-09-08 09:10:00,122.1,28,71,39.2,0,0,0
2026-09-08 09:15:00,117.6,16,67,35.7,0,0,0
2026-09-08 09:20:00,116.1,17,68,38.2,0,0,0
2026-09-08 09:25:00,112.1,24,74,39.0,0,0,0
2026-09-08 09:30:00,112.3,19,71,36.6,0,0,0
2026-09-08 09:35:00,112.0,12,75,38.2,0,0,0
2026-09-08 09:40:00,111.8,16,70,39.6,0,0,0
2026-09-08 09:45:00,116.1,18,73,37.3,0,0,0
2026-09-08 09:50:00,117.2,34,71,35.1,0,0,0
2026-09-08 09:55:00,117.8,28,70,33.9,0,0,0
2026-09-08 10:00:00,115.6,22,71,39.7,0,0,0
2026-09-08 10:05:00,115.9,33,70,44.0,0,0,0
2026-09-08 10:10:00,115.3,20,67,39.9,0,0,0
2026-09-08 10:15:00,111.9,10,72,41.7,0,0,0
2026-09-08 10:20:00,111.1,17,74,41.5,0,0,0
2026-09-08 10:25:00,108.7,19,71,39.3,0,0,0
2026-09-08 10:30:00,110.5,34,71,39.1,0,0,0
2026-09-08 10:35:00,108.0,38,73,38.4,0,0,0
2026-09-08 10:40:00,108.7,19,74,41.7,0,0,0
2026-09-08 10:45:00,109.7,44,73,35.0,0,0,0
2026-09-08 10:50:00,109.2,25,72,38.4,0,0,0
2026-09-08 10:55:00,104.0,63,72,35.3,0,0,0
2026-09-08 11:00:00,106.0,24,75,41.9,0,0,0
2026-09-08 11:05:00,103.8,20,73,36.4,0,0,0
2026-09-08 11:10:00,103.7,20,73,36.4,0,0,0
2026-09-08 11:15:00,104.4,29,69,37.5,0,0,0
2026-09-08 11:20:00,100.1,22,70,40.3,0,0,0
2026-09-08 11:25:00,102.9,385,95,42.9,0,0,0
2026-09-08 11:30:00,102.2,381,90,41.6,0,0,0
2026-09-08 11:35:00,105.0,396,93,39.6,0,0,0
2026-09-08 11:40:00,103.7,20,71,36.3,0,0,0
2026-09-08 11:45:00,104.9,35,71,35.9,0,0,0
2026-09-08 11:50:00,108.2,15,74,41.4,0,0,0
2026-09-08 11:55:00,111.3,38,75,36.9,0,0,0
2026-09-08 12:00:00,109.2,18,72,37.0,0,0,0
2026-09-08 12:05:00,108.6,31,71,40.6,0,0,0
2026-09-08 12:10:00,114.5,25,72,38.2,0,0,0
2026-09-08 12:15:00,116.0,21,73,38.1,0,0,0
2026-09-08 12:20:00,114.3,18,72,38.1,0,0,0
2026-09-08 12:25:00,115.3,9,71,36.8,0,0,0
2026-09-08 12:30:00,116.2,26,74,40.4,0,0,0
2026-09-08 12:35:00,116.1,36,73,40.9,0,0,0
2026-09-08 12:40:00,117.4,38,73,38.9,0,0,0
2026-09-08 12:45:00,114.3,21,71,38.4,0,0,0
2026-09-08 12:50:00,114.0,25,72,39.3,0,0,0
2026-09-08 12:55:00,113.5,46,71,38.0,0,0,0
2026-09-08 13:00:00,113.6,20,72,39.0,0,0,0
2026-09-08 13:05:00,117.0,26,71,39.2,0,0,0
2026-09-08 13:10:00,114.4,28,73,40.6,0,0,0
2026-09-08 13:15:00,113.6,4,74,40.3,0,0,0
2026-09-08 13:20:00,111.0,20,73,38.3,0,105,70
2026-09-08 13:25:00,121.7,34,75,39.6,0,0,0
2026-09-08 13:30:00,126.6,26,75,39.3,0,0,0
2026-09-08 13:35:00,134.2,424,99,39.8,0,0,0
2026-09-08 13:40:00,139.0,428,96,39.2,0,0,0
2026-09-08 13:45:00,141.9,28,77,40.6,0,0,0
2026-09-08 13:50:00,143.1,29,76,36.5,0,0,0
2026-09-08 13:55:00,143.7,39,75,38.8,0,0,0
2026-09-08 14:00:00,144.0,14,73,38.5,0,0,0
2026-09-08 14:05:00,142.0,21,72,40.7,0,0,0
2026-09-08 14:10:00,138.2,22,73,36.0,0,0,0
2026-09-08 14:15:00,136.9,29,70,38.2,0,0,0
2026-09-08 14:20:00,136.7,10,72,33.1,0,0,0
2026-09-08 14:25:00,137.9,25,70,38.2,0,0,0
2026-09-08 14:30:00,135.3,11,70,37.5,0,0,0
2026-09-08 14:35:00,136.4,21,74,37.9,0,0,0
2026-09-08 14:40:00,132.7,50,74,39.7,0,0,0
2026-09-08 14:45:00,131.7,32,70,35.5,0,0,0
2026-09-08 14:50:00,134.2,22,72,36.2,0,0,0
2026-09-08 14:55:00,134.5,17,72,38.5,0,0,0
2026-09-08 15:00:00,131.9,26,70,39.6,0,0,0
2026-09-08 15:05:00,131.5,12,71,41.6,0,0,0
2026-09-08 15:10:00,129.4,34,73,40.1,0,0,0
2026-09-08 15:15:00,128.5,11,72,38.3,0,0,0
2026-09-08 15:20:00,126.7,40,76,40.7,0,0,0
2026-09-08 15:25:00,124.1,16,72,37.2,0,0,0
2026-09-08 15:30:00,121.5,8,70,43.7,0,0,0
2026-09-08 15:35:00,120.6,22,74,39.3,0,0,0
2026-09-08 15:40:00,118.4,20,70,42.0,0,0,0
2026-09-08 15:45:00,116.4,47,70,37.9,0,0,0
2026-09-08 15:50:00,116.7,23,71,35.2,0,0,0
2026-09-08 15:55:00,116.2,26,71,40.9,0,0,0
2026-09-08 16:00:00,113.8,45,73,36.0,0,0,0
2026-09-08 16:05:00,117.1,16,71,40.0,0,0,0
2026-09-08 16:10:00,116.4,23,72,37.9,0,0,0
2026-09-08 16:15:00,116.1,14,70,37.3,0,0,0
2026-09-08 16:20:00,115.6,30,70,37.7,0,0,0
2026-09-08 16:25:00,116.6,10,73,36.6,0,0,0
2026-09-08 16:30:00,117.9,14,70,37.6,0,0,0
2026-09-08 16:35:00,118.0,526,103,37.6,0,0,0
2026-09-08 16:40:00,121.7,539,102,39.4,0,0,0
2026-09-08 16:45:00,119.0,23,71,41.9,0,0,0
2026-09-08 16:50:00,116.4,29,72,40.9,0,0,0
2026-09-08 16:55:00,115.7,20,70,37.8,0,0,0
2026-09-08 17:00:00,111.1,54,74,34.8,0,51,80
2026-09-08 17:05:00,118.1,23,72,38.4,0,0,0
2026-09-08 17:10:00,121.8,37,74,40.4,0,0,0
2026-09-08 17:15:00,124.9,429,100,43.0,0,0,0
2026-09-08 17:20:00,125.7,419,99,38.9,0,0,0
2026-09-08 17:25:00,124.5,30,73,38.4,0,0,0
2026-09-08 17:30:00,124.8,9,71,39.6,0,0,0
2026-09-08 17:35:00,125.8,32,74,37.9,0,0,0
2026-09-08 17:40:00,126.6,20,72,37.8,0,0,0
2026-09-08 17:45:00,124.6,11,70,39.3,0,0,0
2026-09-08 17:50:00,126.9,29,68,42.0,0,0,0
2026-09-08 17:55:00,123.9,10,70,40.4,0,0,0
2026-09-08 18:00:00,123.7,35,70,40.0,0,0,0
2026-09-08 18:05:00,125.6,28,74,39.0,0,0,0
2026-09-08 18:10:00,117.9,20,71,43.3,0,0,0
2026-09-08 18:15:00,116.0,12,69,38.7,0,0,0
2026-09-08 18:20:00,116.4,11,68,36.8,0,0,0
2026-09-08 18:25:00,117.9,35,69,36.2,0,0,0
2026-09-08 18:30:00,113.4,41,72,38.7,0,0,0
2026-09-08 18:35:00,113.6,16,70,38.2,0,0,0
2026-09-08 18:40:00,113.7,16,71,40.9,0,0,0
2026-09-08 18:45:00,115.5,25,74,42.0,0,0,0
2026-09-08 18:50:00,116.4,19,70,36.0,0,0,0
2026-09-08 18:55:00,114.0,19,74,35.0,0,0,0
2026-09-08 19:00:00,113.8,26,70,40.3,0,0,0
2026-09-08 19:05:00,114.4,26,71,38.3,0,0,0
2026-09-08 19:10:00,119.2,20,68,39.1,0,0,0
2026-09-08 19:15:00,117.8,34,73,41.5,0,0,0
2026-09-08 19:20:00,121.0,17,68,38.3,0,0,0
2026-09-08 19:25:00,120.9,26,70,36.2,0,0,0
2026-09-08 19:30:00,118.2,44,71,38.5,0,0,0
2026-09-08 19:35:00,118.8,38,76,41.0,0,0,0
2026-09-08 19:40:00,114.0,14,67,37.9,0,0,0
2026-09-08 19:45:00,112.2,24,74,38.5,0,0,0
2026-09-08 19:50:00,110.2,10,72,39.4,0,0,0
2026-09-08 19:55:00,107.6,23,74,39.2,0,0,0
2026-09-08 20:00:00,106.8,29,72,40.0,0,0,0
2026-09-08 20:05:00,103.0,21,72,37.8,0,0,0
2026-09-08 20:10:00,105.1,466,101,37.5,0,0,0
2026-09-08 20:15:00,106.1,471,101,39.0,0,0,0
2026-09-08 20:20:00,104.6,462,98,36.6,0,0,0
2026-09-08 20:25:00,105.0,474,100,39.7,0,0,0
2026-09-08 20:30:00,107.0,30,74,36.7,0,0,0
2026-09-08 20:35:00,108.0,58,74,39.0,0,0,0
2026-09-08 20:40:00,109.8,29,69,40.6,0,0,0
2026-09-08 20:45:00,108.0,17,76,40.7,0,52,68
2026-09-08 20:50:00,114.3,40,71,40.3,0,0,0
2026-09-08 20:55:00,119.7,17,72,42.3,0,0,0
2026-09-08 21:00:00,126.2,6,72,44.6,0,0,0
2026-09-08 21:05:00,128.5,28,75,37.5,0,0,0
2026-09-08 21:10:00,129.6,9,73,37.6,0,0,0
2026-09-08 21:15:00,131.3,33,72,41.4,0,0,0
2026-09-08 21:20:00,133.6,16,68,37.5,0,0,0
2026-09-08 21:25:00,132.0,29,73,38.4,0,0,0
2026-09-08 21:30:00,131.8,24,72,40.1,0,0,0
2026-09-08 21:35:00,129.5,25,68,38.6,0,0,0
2026-09-08 21:40:00,129.2,16,70,42.7,0,0,0
2026-09-08 21:45:00,128.0,32,71,40.3,0,0,0
2026-09-08 21:50:00,125.0,22,72,39.8,0,0,0
2026-09-08 21:55:00,123.4,14,70,36.0,0,0,0
2026-09-08 22:00:00,121.0,1,62,64.1,1,0,0
2026-09-08 22:05:00,121.3,0,63,62.1,1,0,0
2026-09-08 22:10:00,126.8,0,59,60.9,1,0,0
2026-09-08 22:15:00,125.7,0,61,62.5,1,0,0
2026-09-08 22:20:00,123.2,0,64,62.4,1,0,0
2026-09-08 22:25:00,118.7,1,61,61.7,1,0,0
2026-09-08 22:30:00,119.7,0,63,66.4,1,0,0
2026-09-08 22:35:00,120.9,0,58,60.2,1,0,0
2026-09-08 22:40:00,121.4,0,62,61.2,1,0,0
2026-09-08 22:45:00,122.4,0,64,63.0,1,0,0
2026-09-08 22:50:00,120.2,0,62,62.7,1,0,0
2026-09-08 22:55:00,120.1,0,64,64.8,1,0,0
2026-09-08 23:00:00,120.7,0,63,62.2,1,0,0
2026-09-08 23:05:00,121.2,1,63,65.4,1,0,0
2026-09-08 23:10:00,118.6,0,62,60.1,1,0,0
2026-09-08 23:15:00,118.0,0,61,65.4,1,0,0
2026-09-08 23:20:00,115.1,0,59,61.7,1,0,0
2026-09-08 23:25:00,114.6,1,62,59.5,1,0,0
2026-09-08 23:30:00,113.1,0,61,65.2,1,0,0
2026-09-08 23:35:00,114.1,0,61,64.6,1,0,0
2026-09-08 23:40:00,113.3,0,61,64.2,1,0,0
2026-09-08 23:45:00,111.1,0,66,62.3,1,0,0
2026-09-08 23:50:00,111.7,1,61,64.6,1,0,0
2026-09-08 23:55:00,114.1,1,64,65.7,1,0,0
2026-09-09 00:00:00,103.4,1,61,65.8,1,0,0
2026-09-09 00:05:00,106.5,0,59,67.7,1,0,0
2026-09-09 00:10:00,105.9,0,57,66.3,1,0,0
2026-09-09 00:15:00,105.4,0,60,67.6,1,0,0
2026-09-09 00:20:00,105.2,1,64,67.3,1,0,0
2026-09-09 00:25:00,105.8,2,63,63.1,1,0,0
2026-09-09 00:30:00,104.2,0,60,66.0,1,0,0
2026-09-09 00:35:00,102.0,0,65,66.7,1,0,0
2026-09-09 00:40:00,101.3,0,65,64.5,1,0,0
2026-09-09 00:45:00,99.5,0,58,66.1,1,0,0
2026-09-09 00:50:00,101.4,1,62,65.1,1,0,0
2026-09-09 00:55:00,99.9,0,62,62.0,1,0,0
2026-09-09 01:00:00,100.9,0,62,67.8,1,0,0
2026-09-09 01:05:00,101.3,0,61,63.6,1,0,0
2026-09-09 01:10:00,102.1,0,65,64.5,1,0,0
2026-09-09 01:15:00,102.6,0,58,64.0,1,0,0
2026-09-09 01:20:00,103.1,0,63,66.9,1,0,0
2026-09-09 01:25:00,100.9,0,63,61.2,1,0,0
2026-09-09 01:30:00,101.2,1,63,62.7,1,0,0
2026-09-09 01:35:00,100.2,0,66,64.1,1,0,0
2026-09-09 01:40:00,100.1,0,64,61.6,1,0,0
2026-09-09 01:45:00,100.3,1,61,67.2,1,0,0
2026-09-09 01:50:00,101.2,0,65,65.9,1,0,0
2026-09-09 01:55:00,100.6,0,62,63.9,1,0,0
2026-09-09 02:00:00,102.2,0,62,62.0,1,0,0
2026-09-09 02:05:00,99.4,0,65,64.8,1,0,0
2026-09-09 02:10:00,101.2,0,66,63.0,1,0,0
2026-09-09 02:15:00,100.1,0,58,63.2,1,0,0
2026-09-09 02:20:00,101.7,0,63,65.5,1,0,0
2026-09-09 02:25:00,100.7,1,60,63.9,1,0,0
2026-09-09 02:30:00,96.5,0,61,67.0,1,0,0
2026-09-09 02:35:00,99.0,1,60,64.8,1,0,0
2026-09-09 02:40:00,101.4,0,63,68.4,1,0,0
2026-09-09 02:45:00,99.4,1,61,64.8,1,0,0
2026-09-09 02:50:00,101.8,0,63,65.7,1,0,0
2026-09-09 02:55:00,102.0,0,64,63.7,1,0,0
2026-09-09 03:00:00,103.5,0,60,66.4,1,0,0
2026-09-09 03:05:00,106.3,0,60,62.9,1,0,0
2026-09-09 03:10:00,109.2,0,63,65.0,1,0,0
2026-09-09 03:15:00,111.5,1,61,65.4,1,0,0
2026-09-09 03:20:00,108.9,0,62,65.9,1,0,0
2026-09-09 03:25:00,108.3,1,61,67.0,1,0,0
2026-09-09 03:30:00,107.3,0,63,64.7,1,0,0
2026-09-09 03:35:00,110.6,0,62,64.4,1,0,0
2026-09-09 03:40:00,112.2,1,58,65.0,1,0,0
2026-09-09 03:45:00,109.7,1,57,59.5,1,0,0
2026-09-09 03:50:00,111.4,0,62,65.7,1,0,0
2026-09-09 03:55:00,111.8,0,63,66.5,1,0,0
2026-09-09 04:00:00,110.9,1,61,63.1,1,0,0
2026-09-09 04:05:00,109.8,0,64,67.9,1,0,0
2026-09-09 04:10:00,111.4,0,65,64.3,1,0,0
2026-09-09 04:15:00,108.8,0,61,66.8,1,0,0
2026-09-09 04:20:00,107.7,1,60,65.6,1,0,0
2026-09-09 04:25:00,109.1,0,63,64.7,1,0,0
2026-09-09 04:30:00,110.1,0,64,68.3,1,0,0
2026-09-09 04:35:00,109.8,0,63,65.8,1,0,0
2026-09-09 04:40:00,109.1,1,59,66.3,1,0,0
2026-09-09 04:45:00,106.3,0,64,67.9,1,0,0
2026-09-09 04:50:00,106.5,0,60,65.9,1,0,0
2026-09-09 04:55:00,104.6,0,63,71.2,1,0,0
2026-09-09 05:00:00,104.8,0,64,65.1,1,0,0
2026-09-09 05:05:00,104.8,0,59,64.5,1,0,0
2026-09-09 05:10:00,105.5,1,60,67.7,1,0,0
2026-09-09 05:15:00,105.9,0,60,64.9,1,0,0
2026-09-09 05:20:00,107.2,1,57,61.1,1,0,0
2026-09-09 05:25:00,107.6,2,57,64.6,1,0,0
2026-09-09 05:30:00,107.0,1,61,63.3,1,0,0
2026-09-09 05:35:00,109.0,1,64,63.0,1,0,0
2026-09-09 05:40:00,107.3,1,65,63.3,1,0,0
2026-09-09 05:45:00,106.3,0,62,65.3,1,0,0
2026-09-09 05:50:00,105.4,2,62,64.6,1,0,0
2026-09-09 05:55:00,106.8,0,61,63.7,1,0,0
2026-09-09 06:00:00,109.4,0,61,67.8,1,0,0
2026-09-09 06:05:00,109.8,0,60,64.6,1,0,0
2026-09-09 06:10:00,110.3,0,60,63.0,1,0,0
2026-09-09 06:15:00,107.9,0,61,63.0,1,0,0
2026-09-09 06:20:00,107.3,0,60,67.1,1,0,0
2026-09-09 06:25:00,105.2,13,70,41.2,0,0,0
2026-09-09 06:30:00,104.9,18,68,39.8,0,0,0
2026-09-09 06:35:00,108.7,19,75,38.2,0,0,0
2026-09-09 06:40:00,105.2,22,73,37.3,0,0,0
2026-09-09 06:45:00,103.2,18,74,36.8,0,0,0
2026-09-09 06:50:00,103.0,32,73,39.0,0,0,0
2026-09-09 06:55:00,104.4,24,69,42.1,0,0,0
2026-09-09 07:00:00,100.2,39,71,38.5,0,0,0
2026-09-09 07:05:00,98.4,46,70,38.5,0,0,0
2026-09-09 07:10:00,100.8,28,70,36.3,0,0,0
2026-09-09 07:15:00,102.9,23,74,40.2,0,0,0
2026-09-09 07:20:00,101.2,35,72,37.1,0,0,0
2026-09-09 07:25:00,99.8,13,69,39.6,0,0,0
2026-09-09 07:30:00,101.3,26,72,40.8,0,0,0
2026-09-09 07:35:00,101.5,32,69,39.4,0,0,0
2026-09-09 07:40:00,103.5,14,67,41.0,0,0,0
2026-09-09 07:45:00,105.6,31,75,40.5,0,70,78
2026-09-09 07:50:00,113.3,18,76,37.5,0,0,0
2026-09-09 07:55:00,119.7,36,75,39.4,0,0,0
2026-09-09 08:00:00,120.8,14,72,40.5,0,0,0
2026-09-09 08:05:00,121.3,12,74,40.3,0,0,0
2026-09-09 08:10:00,123.3,12,71,38.6,0,0,0
2026-09-09 08:15:00,128.6,15,74,39.8,0,0,0
2026-09-09 08:20:00,136.3,33,71,42.2,0,0,0
2026-09-09 08:25:00,135.9,18,69,37.5,0,0,0
2026-09-09 08:30:00,139.6,28,72,42.3,0,0,0
2026-09-09 08:35:00,141.4,16,68,36.2,0,0,0
2026-09-09 08:40:00,138.5,28,70,40.3,0,0,0
2026-09-09 08:45:00,137.0,28,72,43.5,0,0,0
2026-09-09 08:50:00,137.0,21,73,40.1,0,0,0
2026-09-09 08:55:00,136.8,41,73,38.4,0,0,0
2026-09-09 09:00:00,139.5,29,75,46.3,0,0,0
2026-09-09 09:05:00,137.2,17,71,39.1,0,0,0
2026-09-09 09:10:00,133.9,39,72,39.1,0,0,0
2026-09-09 09:15:00,132.8,15,68,38.0,0,0,0
2026-09-09 09:20:00,131.4,28,73,39.7,0,0,0
2026-09-09 09:25:00,130.7,33,70,42.1,0,0,0
2026-09-09 09:30:00,128.4,21,72,41.8,0,0,0
2026-09-09 09:35:00,127.2,24,76,40.4,0,0,0
2026-09-09 09:40:00,126.7,20,73,38.2,0,0,0
2026-09-09 09:45:00,127.0,17,72,41.0,0,0,0
2026-09-09 09:50:00,123.2,24,72,41.2,0,0,0
2026-09-09 09:55:00,122.2,38,72,42.7,0,0,0
2026-09-09 10:00:00,117.7,23,73,40.7,0,0,0
2026-09-09 10:05:00,117.3,20,69,42.9,0,0,0
2026-09-09 10:10:00,115.4,29,71,40.8,0,0,0
2026-09-09 10:15:00,113.5,26,68,39.6,0,0,0
2026-09-09 10:20:00,111.9,30,74,39.4,0,0,0
2026-09-09 10:25:00,108.5,41,77,39.6,0,0,0
2026-09-09 10:30:00,106.5,23,72,39.4,0,0,0
2026-09-09 10:35:00,108.7,36,74,38.7,0,0,0
2026-09-09 10:40:00,107.3,22,69,40.4,0,0,0
2026-09-09 10:45:00,104.9,14,74,41.7,0,0,0
2026-09-09 10:50:00,106.9,26,71,40.8,0,0,0
2026-09-09 10:55:00,109.3,42,75,40.9,0,0,0
2026-09-09 11:00:00,107.9,28,72,41.5,0,0,0
2026-09-09 11:05:00,108.7,40,71,40.3,0,0,0
2026-09-09 11:10:00,110.8,31,73,41.4,0,0,0
2026-09-09 11:15:00,109.5,27,72,41.6,0,0,0
2026-09-09 11:20:00,109.8,21,69,36.2,0,0,0
2026-09-09 11:25:00,104.8,27,71,41.8,0,0,0
2026-09-09 11:30:00,106.4,30,70,38.8,0,0,0
2026-09-09 11:35:00,106.6,19,72,38.0,0,0,0
2026-09-09 11:40:00,103.8,9,69,38.5,0,0,0
2026-09-09 11:45:00,101.0,34,70,40.4,0,0,0
2026-09-09 11:50:00,102.0,25,71,39.3,0,0,0
2026-09-09 11:55:00,101.7,17,70,42.6,0,0,0
2026-09-09 12:00:00,105.8,42,73,37.9,0,0,0
2026-09-09 12:05:00,105.8,17,71,40.9,0,0,0
2026-09-09 12:10:00,104.0,33,73,40.7,0,0,0
2026-09-09 12:15:00,105.0,11,72,40.0,0,0,0
2026-09-09 12:20:00,103.0,51,72,41.4,0,0,0
2026-09-09 12:25:00,104.6,14,68,37.0,0,0,0
2026-09-09 12:30:00,101.7,27,73,40.9,0,0,0
2026-09-09 12:35:00,101.7,20,68,40.5,0,0,0
2026-09-09 12:40:00,100.6,13,70,42.9,0,0,0
2026-09-09 12:45:00,101.0,28,73,41.2,0,0,0
2026-09-09 12:50:00,103.2,30,72,38.1,0,0,0
2026-09-09 12:55:00,104.8,21,68,38.9,0,0,0
2026-09-09 13:00:00,99.3,15,73,39.9,0,0,0
2026-09-09 13:05:00,98.6,35,71,37.4,0,0,0
2026-09-09 13:10:00,97.7,38,72,41.8,0,0,0
2026-09-09 13:15:00,100.4,13,67,40.4,0,0,0
2026-09-09 13:20:00,97.1,27,70,37.0,0,0,0
2026-09-09 13:25:00,98.4,466,101,41.2,0,64,55
2026-09-09 13:30:00,104.1,474,102,44.5,0,0,0
2026-09-09 13:35:00,112.7,19,74,43.9,0,0,0
2026-09-09 13:40:00,114.3,16,70,43.4,0,0,0
2026-09-09 13:45:00,119.2,10,72,41.1,0,0,0
2026-09-09 13:50:00,122.4,11,72,40.8,0,0,0
2026-09-09 13:55:00,124.2,24,71,41.7,0,0,0
2026-09-09 14:00:00,123.6,32,71,36.9,0,0,0
2026-09-09 14:05:00,127.6,25,69,36.6,0,0,0
2026-09-09 14:10:00,126.1,17,75,43.9,0,0,0
2026-09-09 14:15:00,127.6,26,70,40.7,0,0,0
2026-09-09 14:20:00,130.3,23,74,41.2,0,0,0
2026-09-09 14:25:00,125.7,38,71,42.9,0,0,0
2026-09-09 14:30:00,126.0,13,70,37.8,0,0,0
2026-09-09 14:35:00,122.7,12,69,39.6,0,0,0
2026-09-09 14:40:00,126.3,29,73,37.9,0,0,0
2026-09-09 14:45:00,125.5,12,73,41.5,0,0,0
2026-09-09 14:50:00,122.8,11,73,40.5,0,0,0
2026-09-09 14:55:00,120.3,11,68,37.2,0,0,0
2026-09-09 15:00:00,119.7,37,74,38.1,0,0,0
2026-09-09 15:05:00,116.7,32,69,38.6,0,0,0
2026-09-09 15:10:00,118.1,25,71,43.4,0,0,0
2026-09-09 15:15:00,116.4,18,73,41.9,0,0,0
2026-09-09 15:20:00,116.0,12,73,38.6,0,0,0
2026-09-09 15:25:00,117.0,9,70,39.8,0,0,0
2026-09-09 15:30:00,114.0,28,75,40.7,0,0,0
2026-09-09 15:35:00,117.6,28,73,41.0,0,0,0
2026-09-09 15:40:00,117.7,14,71,37.8,0,0,0
2026-09-09 15:45:00,116.5,25,72,38.0,0,0,0
2026-09-09 15:50:00,117.7,19,72,41.0,0,0,0
2026-09-09 15:55:00,114.5,37,74,37.6,0,0,0
2026-09-09 16:00:00,112.9,16,71,42.2,0,0,0
2026-09-09 16:05:00,112.4,15,76,42.0,0,0,0
2026-09-09 16:10:00,112.3,16,70,40.8,0,0,0
2026-09-09 16:15:00,111.7,24,67,37.1,0,0,0
2026-09-09 16:20:00,108.9,22,69,38.5,0,0,0
2026-09-09 16:25:00,110.8,24,72,38.9,0,0,0
2026-09-09 16:30:00,109.5,34,73,40.1,0,0,0
2026-09-09 16:35:00,109.7,24,73,44.9,0,0,0
2026-09-09 16:40:00,108.9,33,72,40.0,0,0,0
2026-09-09 16:45:00,112.0,13,73,39.3,0,0,0
2026-09-09 16:50:00,113.1,10,70,40.9,0,0,0
2026-09-09 16:55:00,110.9,27,71,40.9,0,0,0
2026-09-09 17:00:00,109.2,29,72,38.2,0,0,0
2026-09-09 17:05:00,109.1,19,69,44.3,0,0,0
2026-09-09 17:10:00,108.8,21,69,39.9,0,0,0
2026-09-09 17:15:00,106.1,25,80,40.1,0,0,0
2026-09-09 17:20:00,108.1,17,72,40.5,0,0,0
2026-09-09 17:25:00,107.0,10,70,40.5,0,0,0
2026-09-09 17:30:00,106.1,19,70,37.6,0,0,0
2026-09-09 17:35:00,107.1,27,72,35.1,0,0,0
2026-09-09 17:40:00,109.6,18,71,41.6,0,0,0
2026-09-09 17:45:00,111.1,43,73,41.5,0,0,0
2026-09-09 17:50:00,106.4,29,72,42.1,0,0,0
2026-09-09 17:55:00,108.8,19,69,41.1,0,0,0
2026-09-09 18:00:00,107.5,16,72,38.6,0,0,0
2026-09-09 18:05:00,106.6,24,70,40.0,0,0,0
2026-09-09 18:10:00,104.7,42,70,40.8,0,0,0
2026-09-09 18:15:00,104.4,13,68,39.7,0,0,0
2026-09-09 18:20:00,103.1,19,69,38.2,0,0,0
2026-09-09 18:25:00,97.8,28,73,38.3,0,0,0
2026-09-09 18:30:00,95.8,24,69,40.8,0,0,0
2026-09-09 18:35:00,95.1,22,70,39.3,0,0,0
2026-09-09 18:40:00,93.1,25,74,39.5,0,0,0
2026-09-09 18:45:00,94.3,25,73,39.8,0,0,0
2026-09-09 18:50:00,94.4,28,68,42.3,0,0,0
2026-09-09 18:55:00,93.0,32,70,39.7,0,0,0
2026-09-09 19:00:00,96.5,30,72,43.2,0,0,0
2026-09-09 19:05:00,96.3,16,73,39.4,0,0,0
2026-09-09 19:10:00,95.4,39,70,40.1,0,0,0
2026-09-09 19:15:00,97.3,25,72,40.4,0,0,0
2026-09-09 19:20:00,99.6,18,70,39.4,0,0,0
2026-09-09 19:25:00,99.4,49,73,41.0,0,0,0
2026-09-09 19:30:00,100.5,19,71,40.6,0,0,0
2026-09-09 19:35:00,101.3,18,73,42.3,0,0,0
2026-09-09 19:40:00,102.6,17,73,40.6,0,0,0
2026-09-09 19:45:00,102.5,6,70,37.2,0,0,0
2026-09-09 19:50:00,102.1,40,74,41.1,0,0,0
2026-09-09 19:55:00,104.5,32,69,41.3,0,0,0
2026-09-09 20:00:00,102.2,23,72,41.4,0,0,0
2026-09-09 20:05:00,101.4,13,70,39.8,0,0,0
2026-09-09 20:10:00,100.3,14,74,36.9,0,0,0
2026-09-09 20:15:00,97.0,17,74,43.1,0,0,0
2026-09-09 20:20:00,95.0,32,71,38.5,0,0,0
2026-09-09 20:25:00,98.4,15,66,41.6,0,0,0
2026-09-09 20:30:00,97.5,17,70,42.7,0,0,0
2026-09-09 20:35:00,95.7,12,73,40.8,0,0,0
2026-09-09 20:40:00,97.8,45,75,38.1,0,0,0
2026-09-09 20:45:00,96.9,21,72,41.1,0,0,0
2026-09-09 20:50:00,95.5,17,70,42.4,0,0,0
2026-09-09 20:55:00,93.0,22,74,40.4,0,0,0
2026-09-09 21:00:00,95.4,33,72,37.8,0,0,0
2026-09-09 21:05:00,98.4,33,71,39.7,0,0,0
2026-09-09 21:10:00,99.0,17,68,40.1,0,0,0
2026-09-09 21:15:00,101.0,18,72,40.8,0,0,0
2026-09-09 21:20:00,101.6,25,71,42.3,0,0,0
2026-09-09 21:25:00,105.1,14,73,41.5,0,0,0
2026-09-09 21:30:00,102.1,17,73,36.0,0,0,0
2026-09-09 21:35:00,102.5,32,77,39.2,0,107,70
2026-09-09 21:40:00,115.6,36,76,39.5,0,0,0
2026-09-09 21:45:00,131.8,21,73,41.6,0,0,0
2026-09-09 21:50:00,139.8,15,72,39.8,0,0,0
2026-09-09 21:55:00,145.7,18,74,40.2,0,0,0
2026-09-09 22:00:00,151.0,14,71,37.7,0,0,0
2026-09-09 22:05:00,156.2,23,72,40.6,0,0,0
2026-09-09 22:10:00,158.1,21,71,39.3,0,0,0
2026-09-09 22:15:00,156.4,19,72,42.9,0,0,0
2026-09-09 22:20:00,156.1,24,73,40.5,0,0,0
2026-09-09 22:25:00,154.6,10,72,41.6,0,0,0
2026-09-09 22:30:00,156.3,25,71,41.5,0,0,0
2026-09-09 22:35:00,155.5,9,72,38.7,0,0,0
2026-09-09 22:40:00,156.3,0,61,67.8,1,0,0
2026-09-09 22:45:00,155.7,0,62,65.6,1,0,0
2026-09-09 22:50:00,155.7,0,63,64.4,1,0,0
2026-09-09 22:55:00,154.5,0,62,64.0,1,0,0
2026-09-09 23:00:00,150.8,1,62,67.3,1,0,0
2026-09-09 23:05:00,146.9,0,63,70.3,1,0,0
2026-09-09 23:10:00,143.3,1,60,65.5,1,0,0
2026-09-09 23:15:00,137.6,0,61,64.6,1,0,0
2026-09-09 23:20:00,136.9,0,60,68.3,1,0,0
2026-09-09 23:25:00,133.1,0,65,71.1,1,0,0
2026-09-09 23:30:00,127.7,1,64,67.6,1,0,0
2026-09-09 23:35:00,125.2,0,62,65.8,1,0,0
2026-09-09 23:40:00,123.3,1,61,64.6,1,0,0
2026-09-09 23:45:00,121.8,0,59,67.3,1,0,0
2026-09-09 23:50:00,121.3,1,63,66.3,1,0,0
2026-09-09 23:55:00,122.1,2,59,67.5,1,0,0
2026-09-10 00:00:00,119.3,1,64,64.2,1,0,0
2026-09-10 00:05:00,119.0,0,58,66.3,1,0,0
2026-09-10 00:10:00,118.0,2,63,63.5,1,0,0
2026-09-10 00:15:00,118.6,0,61,68.2,1,0,0
2026-09-10 00:20:00,119.5,0,61,66.4,1,0,0
2026-09-10 00:25:00,117.7,0,65,66.8,1,0,0
2026-09-10 00:30:00,116.5,0,64,67.1,1,0,0
2026-09-10 00:35:00,118.2,0,60,65.3,1,0,0
2026-09-10 00:40:00,120.5,0,61,66.4,1,0,0
2026-09-10 00:45:00,116.9,1,62,64.1,1,0,0
2026-09-10 00:50:00,117.3,0,63,64.5,1,0,0
2026-09-10 00:55:00,115.4,0,61,65.0,1,0,0
2026-09-10 01:00:00,114.1,0,61,66.0,1,0,0
2026-09-10 01:05:00,113.1,1,61,63.5,1,0,0
2026-09-10 01:10:00,113.2,0,61,62.8,1,0,0
2026-09-10 01:15:00,112.9,1,63,63.3,1,0,0
2026-09-10 01:20:00,113.7,0,62,64.9,1,0,0
2026-09-10 01:25:00,110.7,2,62,66.0,1,0,0
2026-09-10 01:30:00,110.1,0,60,67.0,1,0,0
2026-09-10 01:35:00,107.6,1,61,65.9,1,0,0
2026-09-10 01:40:00,105.4,0,61,65.1,1,0,0
2026-09-10 01:45:00,106.3,0,61,63.6,1,0,0
2026-09-10 01:50:00,106.3,0,66,63.4,1,0,0
2026-09-10 01:55:00,105.2,0,62,65.3,1,0,0
2026-09-10 02:00:00,107.5,2,62,60.5,1,0,0
2026-09-10 02:05:00,105.9,0,63,64.2,1,0,0
2026-09-10 02:10:00,105.4,0,62,60.4,1,0,0
2026-09-10 02:15:00,107.5,1,67,68.9,1,0,0
2026-09-10 02:20:00,109.0,0,60,67.5,1,0,0
2026-09-10 02:25:00,109.9,0,60,65.7,1,0,0
2026-09-10 02:30:00,113.2,1,61,66.3,1,0,0
2026-09-10 02:35:00,109.9,0,59,63.7,1,0,0
2026-09-10 02:40:00,109.3,0,63,64.0,1,0,0
2026-09-10 02:45:00,107.7,0,67,65.5,1,0,0
2026-09-10 02:50:00,106.3,0,62,67.0,1,0,0
2026-09-10 02:55:00,107.2,0,69,64.9,1,0,0
2026-09-10 03:00:00,107.4,0,61,67.4,1,0,0
2026-09-10 03:05:00,108.0,0,63,65.5,1,0,0
2026-09-10 03:10:00,108.1,1,60,69.3,1,0,0
2026-09-10 03:15:00,109.8,0,61,63.8,1,0,0
2026-09-10 03:20:00,111.0,0,59,64.4,1,0,0
2026-09-10 03:25:00,112.2,1,59,64.7,1,0,0
2026-09-10 03:30:00,111.2,0,62,63.7,1,0,0
2026-09-10 03:35:00,108.7,0,62,64.3,1,0,0
2026-09-10 03:40:00,108.3,1,59,63.6,1,0,0
2026-09-10 03:45:00,109.3,1,62,60.4,1,0,0
2026-09-10 03:50:00,112.0,0,62,65.2,1,0,0
2026-09-10 03:55:00,111.1,1,63,64.9,1,0,0
2026-09-10 04:00:00,111.1,0,64,67.3,1,0,0
2026-09-10 04:05:00,112.4,0,62,65.5,1,0,0
2026-09-10 04:10:00,108.1,0,59,66.9,1,0,0
2026-09-10 04:15:00,109.3,1,62,66.7,1,0,0
2026-09-10 04:20:00,108.3,0,58,68.5,1,0,0
2026-09-10 04:25:00,105.6,1,61,68.4,1,0,0
2026-09-10 04:30:00,106.9,0,61,66.4,1,0,0
2026-09-10 04:35:00,107.7,0,59,65.7,1,0,0
2026-09-10 04:40:00,107.5,1,61,59.2,1,0,0
2026-09-10 04:45:00,110.4,0,60,66.8,1,0,0
2026-09-10 04:50:00,114.3,0,64,67.1,1,0,0
2026-09-10 04:55:00,113.7,2,62,65.5,1,0,0
2026-09-10 05:00:00,115.5,0,64,67.5,1,0,0
2026-09-10 05:05:00,114.9,0,61,64.4,1,0,0
2026-09-10 05:10:00,114.2,0,61,62.9,1,0,0
2026-09-10 05:15:00,117.7,0,63,65.0,1,0,0
2026-09-10 05:20:00,113.2,1,62,66.6,1,0,0
2026-09-10 05:25:00,113.9,0,58,68.8,1,0,0
2026-09-10 05:30:00,110.6,0,63,66.2,1,0,0
2026-09-10 05:35:00,111.0,0,63,63.3,1,0,0
2026-09-10 05:40:00,107.2,0,63,66.4,1,0,0
2026-09-10 05:45:00,109.9,0,60,70.1,1,0,0
2026-09-10 05:50:00,110.7,1,61,62.8,1,0,0
2026-09-10 05:55:00,111.0,0,59,62.7,1,0,0
2026-09-10 06:00:00,110.8,0,64,63.8,1,0,0
2026-09-10 06:05:00,110.7,0,61,66.1,1,0,0
2026-09-10 06:10:00,110.0,0,62,64.7,1,0,0
2026-09-10 06:15:00,109.4,1,62,66.4,1,0,0
2026-09-10 06:20:00,107.6,0,62,63.9,1,0,0
2026-09-10 06:25:00,107.5,0,59,69.5,1,0,0
2026-09-10 06:30:00,105.2,11,71,36.1,0,0,0
2026-09-10 06:35:00,105.1,30,75,38.2,0,0,0
2026-09-10 06:40:00,105.2,12,72,40.0,0,0,0
2026-09-10 06:45:00,106.8,30,70,45.1,0,0,0
2026-09-10 06:50:00,106.8,22,74,39.5,0,0,0
2026-09-10 06:55:00,109.3,21,71,42.5,0,0,0
2026-09-10 07:00:00,109.6,15,68,43.4,0,0,0
2026-09-10 07:05:00,108.4,43,73,43.9,0,0,0
2026-09-10 07:10:00,106.4,21,73,40.4,0,0,0
2026-09-10 07:15:00,105.2,36,73,40.6,0,0,0
2026-09-10 07:20:00,104.4,17,69,39.8,0,0,0
2026-09-10 07:25:00,102.8,25,71,37.2,0,0,0
2026-09-10 07:30:00,102.4,28,71,41.3,0,0,0
2026-09-10 07:35:00,102.5,37,73,39.5,0,0,0
2026-09-10 07:40:00,101.4,30,71,39.0,0,0,0
2026-09-10 07:45:00,101.0,39,71,41.4,0,0,0
2026-09-10 07:50:00,99.4,34,68,41.5,0,0,0
2026-09-10 07:55:00,100.4,53,68,41.7,0,0,0
2026-09-10 08:00:00,102.1,20,73,34.8,0,0,0
2026-09-10 08:05:00,101.5,21,71,39.2,0,0,0
2026-09-10 08:10:00,97.7,10,75,40.4,0,0,0
2026-09-10 08:15:00,96.8,27,74,40.8,0,33,55
2026-09-10 08:20:00,102.0,20,72,43.6,0,0,0
2026-09-10 08:25:00,104.3,18,76,44.7,0,0,0
2026-09-10 08:30:00,103.1,542,107,37.9,0,0,0
2026-09-10 08:35:00,107.8,511,107,42.5,0,0,0
2026-09-10 08:40:00,107.4,20,79,41.3,0,0,0
2026-09-10 08:45:00,107.3,19,69,41.5,0,0,0
2026-09-10 08:50:00,108.7,16,72,38.0,0,0,0
2026-09-10 08:55:00,113.4,16,69,41.5,0,0,0
2026-09-10 09:00:00,115.9,24,67,34.9,0,0,0
2026-09-10 09:05:00,115.8,17,73,42.0,0,0,0
2026-09-10 09:10:00,117.7,25,73,37.5,0,0,0
2026-09-10 09:15:00,117.9,19,71,36.7,0,0,0
2026-09-10 09:20:00,118.6,9,69,40.0,0,0,0
2026-09-10 09:25:00,115.2,10,74,38.0,0,0,0
2026-09-10 09:30:00,111.9,15,72,38.7,0,0,0
2026-09-10 09:35:00,111.4,53,72,38.5,0,0,0
2026-09-10 09:40:00,113.2,16,71,40.3,0,0,0
2026-09-10 09:45:00,114.1,13,70,39.1,0,0,0
2026-09-10 09:50:00,112.0,29,69,40.8,0,0,0
2026-09-10 09:55:00,109.9,36,76,42.4,0,0,0
2026-09-10 10:00:00,109.5,13,70,39.1,0,0,0
2026-09-10 10:05:00,111.2,25,68,38.1,0,0,0
2026-09-10 10:10:00,111.0,42,71,41.1,0,0,0
2026-09-10 10:15:00,109.0,25,71,42.4,0,0,0
2026-09-10 10:20:00,108.7,52,69,37.2,0,0,0
2026-09-10 10:25:00,107.0,19,69,40.8,0,0,0
2026-09-10 10:30:00,107.2,23,68,43.3,0,0,0
2026-09-10 10:35:00,102.3,21,72,38.9,0,0,0
2026-09-10 10:40:00,104.8,23,70,38.4,0,0,0
2026-09-10 10:45:00,100.4,57,74,41.1,0,0,0
2026-09-10 10:50:00,102.7,21,71,39.6,0,0,0
2026-09-10 10:55:00,102.1,20,73,39.0,0,0,0
2026-09-10 11:00:00,98.6,16,68,40.3,0,0,0
2026-09-10 11:05:00,98.9,14,68,41.1,0,0,0
2026-09-10 11:10:00,102.4,39,70,41.6,0,0,0
2026-09-10 11:15:00,101.4,25,70,40.3,0,0,0
2026-09-10 11:20:00,101.7,29,70,36.7,0,0,0
2026-09-10 11:25:00,101.8,31,72,41.3,0,0,0
2026-09-10 11:30:00,101.7,526,104,44.8,0,0,0
2026-09-10 11:35:00,103.4,515,101,40.9,0,0,0
2026-09-10 11:40:00,104.6,550,101,39.4,0,0,0
2026-09-10 11:45:00,106.3,49,72,38.2,0,0,0
2026-09-10 11:50:00,107.1,51,73,37.7,0,0,0
2026-09-10 11:55:00,107.6,22,68,38.9,0,0,0
2026-09-10 12:00:00,110.7,17,71,39.2,0,0,0
2026-09-10 12:05:00,111.7,26,72,37.3,0,0,0
2026-09-10 12:10:00,111.7,22,72,42.4,0,0,0
2026-09-10 12:15:00,112.6,36,74,40.3,0,0,0
2026-09-10 12:20:00,112.3,18,68,39.9,0,0,0
2026-09-10 12:25:00,108.8,33,69,40.4,0,0,0
2026-09-10 12:30:00,106.3,13,71,38.5,0,0,0
2026-09-10 12:35:00,104.5,16,71,42.1,0,0,0
2026-09-10 12:40:00,106.1,15,70,45.3,0,0,0
2026-09-10 12:45:00,110.8,46,76,39.5,0,66,68
2026-09-10 12:50:00,118.2,37,73,40.9,0,0,0
2026-09-10 12:55:00,122.4,13,76,41.5,0,0,0
2026-09-10 13:00:00,126.3,24,75,40.2,0,0,0
2026-09-10 13:05:00,131.8,21,75,36.8,0,0,0
2026-09-10 13:10:00,133.0,21,74,40.5,0,0,0
2026-09-10 13:15:00,133.0,25,76,43.5,0,0,0
2026-09-10 13:20:00,136.0,17,75,39.7,0,0,0
2026-09-10 13:25:00,137.2,22,73,39.5,0,0,0
2026-09-10 13:30:00,139.1,26,68,40.3,0,0,0
2026-09-10 13:35:00,138.5,21,74,36.6,0,0,0
2026-09-10 13:40:00,137.7,7,71,40.7,0,0,0
2026-09-10 13:45:00,139.1,17,70,39.9,0,0,0
2026-09-10 13:50:00,139.9,30,70,40.2,0,0,0
2026-09-10 13:55:00,136.8,22,72,35.6,0,0,0
2026-09-10 14:00:00,132.9,29,73,42.6,0,0,0
2026-09-10 14:05:00,132.2,34,74,41.3,0,0,0
2026-09-10 14:10:00,128.9,19,68,43.0,0,0,0
2026-09-10 14:15:00,127.5,20,72,41.7,0,0,0
2026-09-10 14:20:00,124.5,15,71,37.5,0,0,0
2026-09-10 14:25:00,125.2,33,68,40.5,0,0,0
2026-09-10 14:30:00,120.1,29,73,37.5,0,0,0
2026-09-10 14:35:00,117.2,15,72,42.4,0,0,0
2026-09-10 14:40:00,117.7,18,68,40.7,0,0,0
2026-09-10 14:45:00,116.2,41,73,42.2,0,0,0
2026-09-10 14:50:00,117.4,42,73,38.6,0,0,0
2026-09-10 14:55:00,117.8,30,65,40.9,0,0,0
2026-09-10 15:00:00,120.6,12,70,38.5,0,0,0
2026-09-10 15:05:00,118.9,45,76,38.4,0,0,0
2026-09-10 15:10:00,115.1,11,68,42.4,0,0,0
2026-09-10 15:15:00,111.1,21,72,37.2,0,0,0
2026-09-10 15:20:00,109.3,33,74,43.7,0,0,0
2026-09-10 15:25:00,109.9,18,72,44.0,0,0,0
2026-09-10 15:30:00,113.4,23,68,36.9,0,0,0
2026-09-10 15:35:00,115.5,23,68,42.1,0,0,0
2026-09-10 15:40:00,113.6,21,73,39.2,0,0,0
2026-09-10 15:45:00,115.0,25,73,40.1,0,0,0
2026-09-10 15:50:00,116.3,42,70,40.6,0,0,0
2026-09-10 15:55:00,113.0,26,71,42.5,0,0,0
2026-09-10 16:00:00,111.7,23,71,41.7,0,0,0
2026-09-10 16:05:00,113.4,29,72,40.0,0,0,0
2026-09-10 16:10:00,111.1,23,71,39.0,0,0,0
2026-09-10 16:15:00,112.6,18,72,41.2,0,0,0
2026-09-10 16:20:00,112.1,13,72,40.6,0,0,0
2026-09-10 16:25:00,108.2,34,73,38.6,0,0,0
2026-09-10 16:30:00,107.7,11,68,41.2,0,0,0
2026-09-10 16:35:00,104.4,44,77,40.6,0,0,0
2026-09-10 16:40:00,106.3,24,69,36.1,0,0,0
2026-09-10 16:45:00,105.8,30,71,42.5,0,0,0
2026-09-10 16:50:00,104.5,15,73,43.0,0,0,0
2026-09-10 16:55:00,103.7,42,71,41.6,0,0,0
2026-09-10 17:00:00,104.4,16,68,39.1,0,0,0
2026-09-10 17:05:00,103.4,30,70,38.0,0,0,0
2026-09-10 17:10:00,106.2,31,72,40.6,0,0,0
2026-09-10 17:15:00,102.1,23,76,39.7,0,34,60
2026-09-10 17:20:00,106.5,6,77,43.3,0,0,0
2026-09-10 17:25:00,107.3,22,70,39.1,0,0,0
2026-09-10 17:30:00,109.9,544,107,39.3,0,0,0
2026-09-10 17:35:00,111.3,554,108,41.4,0,0,0
2026-09-10 17:40:00,113.0,30,74,43.5,0,0,0
2026-09-10 17:45:00,113.1,27,75,41.7,0,0,0
2026-09-10 17:50:00,111.0,27,71,44.4,0,0,0
2026-09-10 17:55:00,112.5,13,73,40.4,0,0,0
2026-09-10 18:00:00,112.5,13,71,42.1,0,0,0
2026-09-10 18:05:00,115.7,30,70,39.5,0,0,0
2026-09-10 18:10:00,116.2,14,71,39.3,0,0,0
2026-09-10 18:15:00,117.2,34,73,39.1,0,0,0
2026-09-10 18:20:00,115.6,13,71,39.2,0,0,0
2026-09-10 18:25:00,112.8,35,71,42.0,0,0,0
2026-09-10 18:30:00,112.9,16,70,38.3,0,0,0
2026-09-10 18:35:00,110.3,36,72,37.4,0,0,0
2026-09-10 18:40:00,106.3,16,75,40.9,0,0,0
2026-09-10 18:45:00,107.8,19,66,39.3,0,0,0
2026-09-10 18:50:00,105.4,27,72,41.5,0,0,0
2026-09-10 18:55:00,104.8,32,70,39.1,0,0,0
2026-09-10 19:00:00,100.2,22,73,40.7,0,0,0
2026-09-10 19:05:00,103.8,14,70,42.8,0,0,0
2026-09-10 19:10:00,104.5,65,76,42.0,0,0,0
2026-09-10 19:15:00,105.8,13,72,38.2,0,0,0
2026-09-10 19:20:00,105.5,14,69,43.4,0,0,0
2026-09-10 19:25:00,103.5,14,69,37.7,0,0,0
2026-09-10 19:30:00,102.4,25,70,40.7,0,0,0
2026-09-10 19:35:00,101.4,10,69,39.6,0,0,0
2026-09-10 19:40:00,104.3,14,71,40.2,0,0,0
2026-09-10 19:45:00,103.4,27,74,38.4,0,0,0
2026-09-10 19:50:00,104.4,44,73,42.1,0,0,0
2026-09-10 19:55:00,102.1,34,70,37.0,0,0,0
2026-09-10 20:00:00,99.3,28,73,39.9,0,0,0
2026-09-10 20:05:00,95.3,450,94,40.2,0,0,0
2026-09-10 20:10:00,97.0,475,101,38.5,0,0,0
2026-09-10 20:15:00,96.5,452,94,42.7,0,0,0
2026-09-10 20:20:00,99.7,450,98,34.8,0,0,0
2026-09-10 20:25:00,101.8,14,70,41.7,0,0,0
2026-09-10 20:30:00,103.3,13,69,41.6,0,0,0
2026-09-10 20:35:00,103.5,27,71,41.3,0,0,0
2026-09-10 20:40:00,101.8,28,71,43.7,0,0,0
2026-09-10 20:45:00,102.5,9,71,38.2,0,0,0
2026-09-10 20:50:00,101.6,21,70,41.3,0,0,0
2026-09-10 20:55:00,99.1,31,72,38.7,0,0,0
2026-09-10 21:00:00,99.4,18,74,38.7,0,0,0
2026-09-10 21:05:00,97.3,15,73,39.1,0,0,0
2026-09-10 21:10:00,96.1,24,72,40.6,0,0,0
2026-09-10 21:15:00,97.6,36,68,39.3,0,0,0
2026-09-10 21:20:00,99.2,11,75,39.2,0,92,70
2026-09-10 21:25:00,107.2,16,74,40.6,0,0,0
2026-09-10 21:30:00,116.0,22,73,41.3,0,0,0
2026-09-10 21:35:00,120.4,440,97,38.6,0,0,0
2026-09-10 21:40:00,126.2,443,103,39.6,0,0,0
2026-09-10 21:45:00,131.7,15,75,40.1,0,0,0
2026-09-10 21:50:00,136.0,23,71,40.8,0,0,0
2026-09-10 21:55:00,138.2,28,74,40.3,0,0,0
2026-09-10 22:00:00,137.6,13,71,39.9,0,0,0
2026-09-10 22:05:00,138.7,18,68,42.5,0,0,0
2026-09-10 22:10:00,138.0,18,66,42.6,0,0,0
2026-09-10 22:15:00,136.7,22,72,41.9,0,0,0
2026-09-10 22:20:00,139.1,17,72,39.6,0,0,0
2026-09-10 22:25:00,135.5,15,74,40.5,0,0,0
2026-09-10 22:30:00,132.4,51,74,42.1,0,0,0
2026-09-10 22:35:00,132.8,17,71,37.9,0,0,0
2026-09-10 22:40:00,136.0,29,67,40.4,0,0,0
2026-09-10 22:45:00,135.2,2,60,60.6,1,0,0
2026-09-10 22:50:00,137.3,0,63,67.4,1,0,0
2026-09-10 22:55:00,135.4,0,60,62.0,1,0,0
2026-09-10 23:00:00,130.2,0,61,64.1,1,0,0
2026-09-10 23:05:00,129.0,0,63,64.6,1,0,0
2026-09-10 23:10:00,127.3,1,61,66.3,1,0,0
2026-09-10 23:15:00,125.9,1,60,64.7,1,0,0
2026-09-10 23:20:00,121.8,0,63,66.1,1,0,0
2026-09-10 23:25:00,122.4,0,63,66.7,1,0,0
2026-09-10 23:30:00,122.4,1,63,64.1,1,0,0
2026-09-10 23:35:00,121.0,0,58,70.0,1,0,0
2026-09-10 23:40:00,117.9,0,61,66.4,1,0,0
2026-09-10 23:45:00,116.0,0,66,63.9,1,0,0
2026-09-10 23:50:00,115.5,0,63,64.1,1,0,0
2026-09-10 23:55:00,112.8,0,63,63.9,1,0,0
2026-09-11 00:00:00,108.4,0,63,62.4,1,0,0
2026-09-11 00:05:00,108.2,0,67,69.4,1,0,0
2026-09-11 00:10:00,108.6,0,64,65.5,1,0,0
2026-09-11 00:15:00,111.1,0,61,66.0,1,0,0
2026-09-11 00:20:00,113.0,0,61,62.4,1,0,0
2026-09-11 00:25:00,114.3,1,59,63.8,1,0,0
2026-09-11 00:30:00,111.9,0,61,67.5,1,0,0
2026-09-11 00:35:00,108.9,1,64,63.3,1,0,0
2026-09-11 00:40:00,108.2,0,60,70.4,1,0,0
2026-09-11 00:45:00,108.6,1,61,62.6,1,0,0
2026-09-11 00:50:00,109.9,0,66,67.2,1,0,0
2026-09-11 00:55:00,109.1,0,59,66.7,1,0,0
2026-09-11 01:00:00,107.7,0,57,64.8,1,0,0
2026-09-11 01:05:00,107.0,1,62,64.9,1,0,0
2026-09-11 01:10:00,108.2,1,63,68.7,1,0,0
2026-09-11 01:15:00,107.6,0,60,66.7,1,0,0
2026-09-11 01:20:00,105.7,0,61,63.0,1,0,0
2026-09-11 01:25:00,105.6,0,62,67.0,1,0,0
2026-09-11 01:30:00,102.8,0,64,62.1,1,0,0
2026-09-11 01:35:00,101.4,2,61,62.4,1,0,0
2026-09-11 01:40:00,98.7,2,65,65.6,1,0,0
2026-09-11 01:45:00,99.7,0,60,65.3,1,0,0
2026-09-11 01:50:00,99.5,0,64,66.6,1,0,0
2026-09-11 01:55:00,100.2,0,62,67.9,1,0,0
2026-09-11 02:00:00,102.2,0,64,65.2,1,0,0
2026-09-11 02:05:00,102.7,0,66,64.6,1,0,0
2026-09-11 02:10:00,101.1,0,63,65.7,1,0,0
2026-09-11 02:15:00,101.9,0,63,65.0,1,0,0
2026-09-11 02:20:00,99.7,0,62,64.6,1,0,0
2026-09-11 02:25:00,101.0,0,56,65.8,1,0,0
2026-09-11 02:30:00,100.5,0,61,62.9,1,0,0
2026-09-11 02:35:00,101.3,0,63,63.0,1,0,0
2026-09-11 02:40:00,105.7,0,63,65.1,1,0,0
2026-09-11 02:45:00,105.6,1,63,64.7,1,0,0
2026-09-11 02:50:00,106.3,0,63,63.6,1,0,0
2026-09-11 02:55:00,104.6,0,65,67.4,1,0,0
2026-09-11 03:00:00,104.5,0,66,61.3,1,0,0
2026-09-11 03:05:00,103.4,0,62,64.4,1,0,0
2026-09-11 03:10:00,104.2,0,60,60.9,1,0,0
2026-09-11 03:15:00,105.3,0,58,65.3,1,0,0
2026-09-11 03:20:00,107.5,2,60,65.0,1,0,0
2026-09-11 03:25:00,111.7,0,63,66.8,1,0,0
2026-09-11 03:30:00,111.2,0,65,67.4,1,0,0
2026-09-11 03:35:00,110.3,0,61,66.1,1,0,0
2026-09-11 03:40:00,111.4,0,64,63.9,1,0,0
2026-09-11 03:45:00,109.7,0,64,65.0,1,0,0
2026-09-11 03:50:00,109.4,1,65,66.4,1,0,0
2026-09-11 03:55:00,106.9,0,61,65.1,1,0,0
2026-09-11 04:00:00,107.9,1,62,65.5,1,0,0
2026-09-11 04:05:00,109.6,0,62,69.0,1,0,0
2026-09-11 04:10:00,108.9,0,61,67.1,1,0,0
2026-09-11 04:15:00,109.9,0,60,64.5,1,0,0
2026-09-11 04:20:00,112.3,1,63,66.3,1,0,0
2026-09-11 04:25:00,112.5,0,63,63.4,1,0,0
2026-09-11 04:30:00,110.4,0,59,64.2,1,0,0
2026-09-11 04:35:00,110.6,1,62,67.2,1,0,0
2026-09-11 04:40:00,109.0,0,61,64.8,1,0,0
2026-09-11 04:45:00,105.3,0,61,66.0,1,0,0
2026-09-11 04:50:00,104.6,0,61,66.6,1,0,0
2026-09-11 04:55:00,104.5,0,62,63.6,1,0,0
2026-09-11 05:00:00,107.9,0,61,66.7,1,0,0
2026-09-11 05:05:00,107.9,1,60,66.8,1,0,0
2026-09-11 05:10:00,110.4,1,61,64.4,1,0,0
2026-09-11 05:15:00,109.3,0,64,67.4,1,0,0
2026-09-11 05:20:00,106.5,0,61,64.1,1,0,0
2026-09-11 05:25:00,109.4,0,61,66.1,1,0,0
2026-09-11 05:30:00,109.0,0,59,63.7,1,0,0
2026-09-11 05:35:00,108.2,0,65,63.0,1,0,0
2026-09-11 05:40:00,106.5,0,62,61.0,1,0,0
2026-09-11 05:45:00,107.6,0,64,66.6,1,0,0
2026-09-11 05:50:00,107.1,0,58,64.0,1,0,0
2026-09-11 05:55:00,108.5,0,61,62.8,1,0,0
2026-09-11 06:00:00,107.9,0,62,67.0,1,0,0
2026-09-11 06:05:00,112.4,0,60,67.8,1,0,0
2026-09-11 06:10:00,109.6,1,61,66.6,1,0,0
2026-09-11 06:15:00,110.2,0,63,67.5,1,0,0
2026-09-11 06:20:00,111.5,1,61,66.7,1,0,0
2026-09-11 06:25:00,112.1,0,64,62.3,1,0,0
2026-09-11 06:30:00,112.0,0,59,63.1,1,0,0
2026-09-11 06:35:00,110.8,1,60,66.0,1,0,0
2026-09-11 06:40:00,109.9,32,73,36.5,0,0,0
2026-09-11 06:45:00,109.3,29,68,39.5,0,0,0
2026-09-11 06:50:00,106.8,27,74,42.9,0,0,0
2026-09-11 06:55:00,108.1,19,73,39.7,0,0,0
2026-09-11 07:00:00,105.8,16,70,38.7,0,0,0
2026-09-11 07:05:00,105.3,29,71,39.3,0,0,0
2026-09-11 07:10:00,106.5,28,69,39.6,0,0,0
2026-09-11 07:15:00,106.5,10,70,40.3,0,0,0
2026-09-11 07:20:00,108.7,17,69,42.1,0,0,0
2026-09-11 07:25:00,112.6,39,76,38.7,0,0,0
2026-09-11 07:30:00,112.8,31,68,42.6,0,0,0
2026-09-11 07:35:00,111.9,12,71,42.4,0,0,0
2026-09-11 07:40:00,111.1,13,67,39.4,0,0,0
2026-09-11 07:45:00,109.8,20,71,41.9,0,0,0
2026-09-11 07:50:00,111.1,25,73,40.9,0,0,0
2026-09-11 07:55:00,110.3,29,74,41.5,0,0,0
2026-09-11 08:00:00,106.6,12,68,40.0,0,0,0
2026-09-11 08:05:00,108.3,30,73,41.8,0,0,0
2026-09-11 08:10:00,108.3,10,69,38.7,0,0,0
2026-09-11 08:15:00,107.9,15,69,40.8,0,0,0
2026-09-11 08:20:00,106.4,31,73,41.2,0,0,0
2026-09-11 08:25:00,100.9,14,73,37.7,0,0,0
2026-09-11 08:30:00,100.5,24,75,44.4,0,0,0
2026-09-11 08:35:00,100.3,12,70,40.3,0,0,0
2026-09-11 08:40:00,100.9,12,70,42.3,0,0,0
2026-09-11 08:45:00,101.2,38,73,39.9,0,0,0
2026-09-11 08:50:00,100.1,24,69,41.1,0,0,0
2026-09-11 08:55:00,102.7,7,68,38.7,0,0,0
2026-09-11 09:00:00,102.7,42,69,43.5,0,0,0
2026-09-11 09:05:00,104.0,34,72,43.3,0,0,0
2026-09-11 09:10:00,106.5,29,68,44.3,0,0,0
2026-09-11 09:15:00,107.1,38,71,39.7,0,0,0
2026-09-11 09:20:00,106.1,13,71,38.8,0,0,0
2026-09-11 09:25:00,105.3,22,71,41.2,0,0,0
2026-09-11 09:30:00,106.2,36,72,42.0,0,0,0
2026-09-11 09:35:00,106.4,16,71,39.7,0,0,0
2026-09-11 09:40:00,102.8,15,72,40.0,0,0,0
2026-09-11 09:45:00,106.2,33,72,44.2,0,0,0
2026-09-11 09:50:00,106.1,38,70,37.8,0,0,0
2026-09-11 09:55:00,109.2,28,73,38.5,0,0,0
2026-09-11 10:00:00,107.6,30,70,40.7,0,0,0
2026-09-11 10:05:00,106.4,8,71,39.0,0,0,0
2026-09-11 10:10:00,106.5,25,73,40.2,0,0,0
2026-09-11 10:15:00,102.1,25,70,41.7,0,0,0
2026-09-11 10:20:00,100.4,30,72,41.1,0,0,0
2026-09-11 10:25:00,101.3,27,72,42.4,0,0,0
2026-09-11 10:30:00,103.8,26,73,39.3,0,0,0
2026-09-11 10:35:00,102.3,31,72,42.6,0,0,0
2026-09-11 10:40:00,102.4,14,69,41.8,0,0,0
2026-09-11 10:45:00,102.9,17,73,38.1,0,0,0
2026-09-11 10:50:00,103.0,33,76,41.0,0,0,0
2026-09-11 10:55:00,104.8,44,76,40.5,0,0,0
2026-09-11 11:00:00,99.8,21,74,35.4,0,0,0
2026-09-11 11:05:00,99.4,39,71,37.7,0,0,0
2026-09-11 11:10:00,101.7,23,68,38.0,0,0,0
2026-09-11 11:15:00,97.1,18,76,38.9,0,0,0
2026-09-11 11:20:00,101.1,20,74,39.6,0,0,0
2026-09-11 11:25:00,101.5,8,70,38.6,0,0,0
2026-09-11 11:30:00,100.5,24,68,39.4,0,0,0
2026-09-11 11:35:00,102.1,11,73,39.4,0,0,0
2026-09-11 11:40:00,98.8,41,69,38.1,0,0,0
2026-09-11 11:45:00,99.3,13,69,41.0,0,0,0
2026-09-11 11:50:00,100.2,36,72,41.1,0,0,0
2026-09-11 11:55:00,99.2,20,75,42.9,0,0,0
2026-09-11 12:00:00,99.5,20,71,39.9,0,0,0
2026-09-11 12:05:00,98.6,20,69,40.0,0,0,0
2026-09-11 12:10:00,96.5,14,74,41.8,0,0,0
2026-09-11 12:15:00,95.1,23,72,36.9,0,0,0
2026-09-11 12:20:00,94.4,23,71,44.2,0,0,0
2026-09-11 12:25:00,95.5,33,72,38.2,0,0,0
2026-09-11 12:30:00,97.4,17,69,37.2,0,0,0
2026-09-11 12:35:00,93.6,19,74,40.0,0,0,0
2026-09-11 12:40:00,93.5,27,72,39.0,0,0,0
2026-09-11 12:45:00,95.8,40,70,42.3,0,0,0
2026-09-11 12:50:00,98.0,22,68,40.9,0,0,0
2026-09-11 12:55:00,98.9,25,72,39.4,0,0,0
2026-09-11 13:00:00,97.1,23,71,40.4,0,0,0
2026-09-11 13:05:00,98.2,34,76,36.9,0,0,0
2026-09-11 13:10:00,98.8,39,78,39.3,0,0,0
2026-09-11 13:15:00,97.8,33,71,38.2,0,0,0
2026-09-11 13:20:00,100.6,12,72,44.0,0,0,0
2026-09-11 13:25:00,102.4,16,74,38.6,0,0,0
2026-09-11 13:30:00,103.8,23,74,44.1,0,0,0
2026-09-11 13:35:00,105.2,50,76,38.9,0,0,0
2026-09-11 13:40:00,106.5,13,69,42.2,0,0,0
2026-09-11 13:45:00,106.5,23,71,40.7,0,0,0
2026-09-11 13:50:00,106.7,31,73,39.8,0,0,0
2026-09-11 13:55:00,110.4,43,72,38.9,0,0,0
2026-09-11 14:00:00,114.7,20,74,38.0,0,0,0
2026-09-11 14:05:00,113.8,28,72,39.7,0,0,0
2026-09-11 14:10:00,108.9,19,75,37.1,0,0,0
2026-09-11 14:15:00,110.7,30,71,41.4,0,0,0
2026-09-11 14:20:00,111.8,19,73,41.9,0,0,0
2026-09-11 14:25:00,111.4,17,76,39.1,0,91,70
2026-09-11 14:30:00,121.6,11,73,39.0,0,0,0
2026-09-11 14:35:00,130.0,20,75,40.0,0,0,0
2026-09-11 14:40:00,136.5,26,78,42.3,0,0,0
2026-09-11 14:45:00,142.6,23,75,42.0,0,0,0
2026-09-11 14:50:00,147.3,28,71,37.4,0,0,0
2026-09-11 14:55:00,147.8,9,68,39.8,0,0,0
2026-09-11 15:00:00,150.2,26,72,38.8,0,0,0
2026-09-11 15:05:00,151.2,329,88,38.3,0,0,0
2026-09-11 15:10:00,153.5,346,94,38.0,0,0,0
2026-09-11 15:15:00,151.0,346,88,39.5,0,0,0
2026-09-11 15:20:00,149.7,14,71,40.6,0,0,0
2026-09-11 15:25:00,148.9,20,73,40.6,0,0,0
2026-09-11 15:30:00,145.5,16,75,42.7,0,0,0
2026-09-11 15:35:00,144.7,22,71,40.0,0,0,0
2026-09-11 15:40:00,139.7,16,74,36.3,0,0,0
2026-09-11 15:45:00,136.3,24,70,42.2,0,0,0
2026-09-11 15:50:00,137.5,17,72,40.2,0,0,0
2026-09-11 15:55:00,133.3,27,70,39.4,0,0,0
2026-09-11 16:00:00,129.8,42,72,38.7,0,0,0
2026-09-11 16:05:00,130.3,23,72,34.7,0,0,0
2026-09-11 16:10:00,128.6,8,69,43.4,0,0,0
2026-09-11 16:15:00,126.0,16,71,40.5,0,0,0
2026-09-11 16:20:00,124.7,15,69,40.6,0,0,0
2026-09-11 16:25:00,120.9,18,70,39.9,0,0,0
2026-09-11 16:30:00,118.5,13,72,41.0,0,0,0
2026-09-11 16:35:00,116.3,39,75,39.3,0,0,0
2026-09-11 16:40:00,115.9,9,70,40.5,0,0,0
2026-09-11 16:45:00,118.1,34,74,40.5,0,0,0
2026-09-11 16:50:00,115.8,34,72,37.7,0,0,0
2026-09-11 16:55:00,113.0,17,71,43.1,0,0,0
2026-09-11 17:00:00,114.5,18,71,39.0,0,0,0
2026-09-11 17:05:00,115.6,6,70,41.1,0,0,0
2026-09-11 17:10:00,116.2,14,71,40.8,0,0,0
2026-09-11 17:15:00,112.6,4,74,37.6,0,0,0
2026-09-11 17:20:00,114.1,42,76,40.9,0,0,0
2026-09-11 17:25:00,111.6,20,74,39.8,0,0,0
2026-09-11 17:30:00,111.1,12,72,40.8,0,0,0
2026-09-11 17:35:00,106.0,19,69,38.4,0,0,0
2026-09-11 17:40:00,104.3,29,69,40.3,0,0,0
2026-09-11 17:45:00,106.4,22,66,38.0,0,0,0
2026-09-11 17:50:00,104.6,11,69,41.8,0,0,0
2026-09-11 17:55:00,107.0,13,72,40.4,0,0,0
2026-09-11 18:00:00,107.1,19,72,41.0,0,0,0
2026-09-11 18:05:00,108.0,21,72,43.0,0,0,0
2026-09-11 18:10:00,107.3,15,73,38.1,0,0,0
2026-09-11 18:15:00,103.6,42,71,41.0,0,0,0
2026-09-11 18:20:00,99.3,11,70,40.4,0,0,0
2026-09-11 18:25:00,99.3,58,71,40.1,0,0,0
2026-09-11 18:30:00,102.1,9,74,42.9,0,0,0
2026-09-11 18:35:00,101.6,8,73,40.1,0,0,0
2026-09-11 18:40:00,101.0,17,74,39.6,0,26,65
2026-09-11 18:45:00,103.8,13,74,38.6,0,0,0
2026-09-11 18:50:00,107.6,32,73,36.0,0,0,0
2026-09-11 18:55:00,110.9,19,72,40.9,0,0,0
2026-09-11 19:00:00,111.7,17,72,39.3,0,0,0
2026-09-11 19:05:00,114.7,32,76,40.8,0,0,0
2026-09-11 19:10:00,117.8,37,71,37.9,0,0,0
2026-09-11 19:15:00,119.0,24,74,42.1,0,0,0
2026-09-11 19:20:00,121.0,41,73,43.6,0,0,0
2026-09-11 19:25:00,120.4,19,69,40.3,0,0,0
2026-09-11 19:30:00,115.7,22,70,41.7,0,0,0
2026-09-11 19:35:00,114.1,22,71,42.2,0,0,0
2026-09-11 19:40:00,112.5,19,72,36.5,0,0,0
2026-09-11 19:45:00,112.1,20,69,39.8,0,0,0
2026-09-11 19:50:00,110.2,12,68,37.2,0,0,0
2026-09-11 19:55:00,112.5,8,75,39.1,0,0,0
2026-09-11 20:00:00,113.0,12,73,38.2,0,0,0
2026-09-11 20:05:00,110.5,31,69,43.8,0,0,0
2026-09-11 20:10:00,107.1,32,71,38.7,0,0,0
2026-09-11 20:15:00,106.0,41,71,40.1,0,0,0
2026-09-11 20:20:00,102.6,24,73,38.7,0,45,68
2026-09-11 20:25:00,107.4,18,72,44.8,0,0,0
2026-09-11 20:30:00,113.4,18,71,39.1,0,0,0
2026-09-11 20:35:00,116.0,9,73,40.9,0,0,0
2026-09-11 20:40:00,120.4,35,74,38.0,0,0,0
2026-09-11 20:45:00,122.7,33,78,40.3,0,0,0
2026-09-11 20:50:00,125.1,36,71,36.8,0,0,0
2026-09-11 20:55:00,128.5,15,70,45.5,0,0,0
2026-09-11 21:00:00,129.6,21,73,43.1,0,0,0
2026-09-11 21:05:00,129.9,19,72,37.1,0,0,0
2026-09-11 21:10:00,129.7,24,72,40.3,0,0,0
2026-09-11 21:15:00,129.0,20,71,40.0,0,0,0
2026-09-11 21:20:00,129.9,22,72,39.1,0,0,0
2026-09-11 21:25:00,125.5,25,71,43.8,0,0,0
2026-09-11 21:30:00,124.1,33,70,37.4,0,0,0
2026-09-11 21:35:00,123.2,14,71,41.6,0,0,0
2026-09-11 21:40:00,121.9,13,75,44.4,0,0,0
2026-09-11 21:45:00,118.9,11,70,42.4,0,0,0
2026-09-11 21:50:00,120.0,16,74,42.2,0,0,0
2026-09-11 21:55:00,119.4,32,69,39.6,0,0,0
2026-09-11 22:00:00,117.8,17,69,39.9,0,0,0
2026-09-11 22:05:00,113.6,15,73,39.9,0,0,0
2026-09-11 22:10:00,111.8,25,73,38.5,0,0,0
2026-09-11 22:15:00,109.3,26,71,36.5,0,0,0
2026-09-11 22:20:00,107.8,21,67,40.0,0,0,0
2026-09-11 22:25:00,110.5,20,72,37.9,0,0,0
2026-09-11 22:30:00,111.6,20,72,40.5,0,0,0
2026-09-11 22:35:00,111.0,37,73,37.5,0,0,0
2026-09-11 22:40:00,106.2,21,70,41.1,0,0,0
2026-09-11 22:45:00,101.6,33,70,40.6,0,0,0
2026-09-11 22:50:00,103.0,20,71,41.0,0,0,0
2026-09-11 22:55:00,104.0,38,74,38.4,0,0,0
2026-09-11 23:00:00,102.1,39,73,41.4,0,0,0
2026-09-11 23:05:00,101.4,18,75,39.1,0,0,0
2026-09-11 23:10:00,106.0,27,72,39.2,0,0,0
2026-09-11 23:15:00,105.2,18,71,39.6,0,0,0
2026-09-11 23:20:00,108.8,14,73,41.9,0,0,0
2026-09-11 23:25:00,103.9,5,70,38.7,0,0,0
2026-09-11 23:30:00,102.8,27,72,45.5,0,0,0
2026-09-11 23:35:00,102.5,32,71,39.9,0,0,0
2026-09-11 23:40:00,102.4,33,71,43.2,0,0,0
2026-09-11 23:45:00,102.9,27,71,38.7,0,0,0
2026-09-11 23:50:00,100.3,0,61,64.1,1,0,0
2026-09-11 23:55:00,99.4,0,59,66.4,1,0,0
2026-09-12 00:00:00,97.7,0,62,62.8,1,0,0
2026-09-12 00:05:00,99.3,0,59,63.3,1,0,0
2026-09-12 00:10:00,100.9,0,62,66.0,1,0,0
2026-09-12 00:15:00,99.6,0,59,63.1,1,0,0
2026-09-12 00:20:00,101.4,0,64,65.8,1,0,0
2026-09-12 00:25:00,103.8,0,63,67.5,1,0,0
2026-09-12 00:30:00,102.3,1,58,68.0,1,0,0
2026-09-12 00:35:00,104.3,0,62,68.7,1,0,0
2026-09-12 00:40:00,105.5,0,62,65.9,1,0,0
2026-09-12 00:45:00,106.3,0,64,65.6,1,0,0
2026-09-12 00:50:00,105.8,1,58,65.2,1,0,0
2026-09-12 00:55:00,104.0,1,64,65.2,1,0,0
2026-09-12 01:00:00,101.1,1,62,63.0,1,0,0
2026-09-12 01:05:00,102.7,1,61,66.3,1,0,0
2026-09-12 01:10:00,101.9,1,60,66.9,1,0,0
2026-09-12 01:15:00,98.4,0,61,61.7,1,0,0
2026-09-12 01:20:00,100.4,0,61,67.6,1,0,0
2026-09-12 01:25:00,100.9,1,67,66.9,1,0,0
2026-09-12 01:30:00,99.4,0,64,65.2,1,0,0
2026-09-12 01:35:00,99.6,0,64,62.7,1,0,0
2026-09-12 01:40:00,101.4,0,64,64.5,1,0,0
2026-09-12 01:45:00,99.3,0,59,66.1,1,0,0
2026-09-12 01:50:00,96.4,0,63,67.0,1,0,0
2026-09-12 01:55:00,97.0,0,66,65.7,1,0,0
2026-09-12 02:00:00,98.9,0,62,66.3,1,0,0
2026-09-12 02:05:00,97.4,0,59,65.9,1,0,0
2026-09-12 02:10:00,101.4,1,61,67.8,1,0,0
2026-09-12 02:15:00,99.3,0,61,68.6,1,0,0
2026-09-12 02:20:00,97.3,0,59,62.9,1,0,0
2026-09-12 02:25:00,96.1,0,62,65.5,1,0,0
2026-09-12 02:30:00,101.0,0,63,62.5,1,0,0
2026-09-12 02:35:00,103.0,0,61,65.6,1,0,0
2026-09-12 02:40:00,103.8,0,63,67.3,1,0,0
2026-09-12 02:45:00,102.1,0,64,63.6,1,0,0
2026-09-12 02:50:00,101.2,1,63,68.6,1,0,0
2026-09-12 02:55:00,103.6,0,63,67.5,1,0,0
2026-09-12 03:00:00,103.4,0,61,66.4,1,0,0
2026-09-12 03:05:00,103.7,0,56,65.8,1,0,0
2026-09-12 03:10:00,107.7,1,62,63.6,1,0,0
2026-09-12 03:15:00,107.3,0,61,64.6,1,0,0
2026-09-12 03:20:00,111.5,0,63,64.3,1,0,0
2026-09-12 03:25:00,111.8,0,61,63.9,1,0,0
2026-09-12 03:30:00,113.3,1,64,65.6,1,0,0
2026-09-12 03:35:00,111.6,0,60,66.2,1,0,0
2026-09-12 03:40:00,112.3,0,62,63.8,1,0,0
2026-09-12 03:45:00,108.4,0,64,63.4,1,0,0
2026-09-12 03:50:00,108.8,0,60,65.0,1,0,0
2026-09-12 03:55:00,104.2,0,62,66.9,1,0,0
2026-09-12 04:00:00,105.3,0,59,68.1,1,0,0
2026-09-12 04:05:00,105.3,0,60,63.5,1,0,0
2026-09-12 04:10:00,104.1,0,65,66.0,1,0,0
2026-09-12 04:15:00,109.2,0,62,64.0,1,0,0
2026-09-12 04:20:00,109.1,0,60,67.5,1,0,0
2026-09-12 04:25:00,107.6,0,62,61.0,1,0,0
2026-09-12 04:30:00,108.4,0,62,62.4,1,0,0
2026-09-12 04:35:00,107.1,1,60,67.0,1,0,0
2026-09-12 04:40:00,108.8,2,68,64.9,1,0,0
2026-09-12 04:45:00,106.3,1,65,68.2,1,0,0
2026-09-12 04:50:00,105.9,0,60,62.7,1,0,0
2026-09-12 04:55:00,108.9,0,59,64.5,1,0,0
2026-09-12 05:00:00,108.5,1,64,61.9,1,0,0
2026-09-12 05:05:00,108.5,1,61,67.3,1,0,0
2026-09-12 05:10:00,108.3,1,61,64.3,1,0,0
2026-09-12 05:15:00,109.7,0,61,65.4,1,0,0
2026-09-12 05:20:00,107.5,1,62,66.5,1,0,0
2026-09-12 05:25:00,107.7,0,61,63.4,1,0,0
2026-09-12 05:30:00,107.7,0,63,65.9,1,0,0
2026-09-12 05:35:00,107.4,0,66,65.5,1,0,0
2026-09-12 05:40:00,106.4,1,61,65.2,1,0,0
2026-09-12 05:45:00,111.6,0,57,67.2,1,0,0
2026-09-12 05:50:00,115.4,1,62,65.1,1,0,0
2026-09-12 05:55:00,116.2,0,63,67.4,1,0,0
2026-09-12 06:00:00,113.2,0,64,61.7,1,0,0
2026-09-12 06:05:00,113.1,0,67,67.2,1,0,0
2026-09-12 06:10:00,110.9,0,61,64.6,1,0,0
2026-09-12 06:15:00,111.8,0,65,66.3,1,0,0
2026-09-12 06:20:00,113.9,0,62,61.2,1,0,0
2026-09-12 06:25:00,114.2,1,64,65.8,1,0,0
2026-09-12 06:30:00,113.7,1,60,64.7,1,0,0
2026-09-12 06:35:00,113.1,0,61,67.4,1,0,0
2026-09-12 06:40:00,114.3,0,60,64.1,1,0,0
2026-09-12 06:45:00,111.1,0,61,69.0,1,0,0
2026-09-12 06:50:00,111.6,23,69,42.5,0,0,0
2026-09-12 06:55:00,112.0,30,72,35.1,0,0,0
2026-09-12 07:00:00,111.3,16,73,42.1,0,0,0
2026-09-12 07:05:00,106.8,8,71,41.2,0,0,0
2026-09-12 07:10:00,102.0,18,72,42.6,0,0,0
2026-09-12 07:15:00,101.5,25,74,41.7,0,0,0
2026-09-12 07:20:00,100.2,14,69,40.7,0,0,0
2026-09-12 07:25:00,101.5,20,70,40.2,0,0,0
2026-09-12 07:30:00,102.6,41,74,43.0,0,0,0
2026-09-12 07:35:00,100.3,48,69,39.0,0,0,0
2026-09-12 07:40:00,103.7,18,67,42.4,0,0,0
2026-09-12 07:45:00,103.6,9,72,42.5,0,0,0
2026-09-12 07:50:00,105.6,12,72,39.1,0,0,0
2026-09-12 07:55:00,103.4,12,73,39.1,0,0,0
2026-09-12 08:00:00,102.2,27,74,44.7,0,72,78
2026-09-12 08:05:00,114.4,7,75,38.0,0,0,0
2026-09-12 08:10:00,125.2,58,78,40.8,0,0,0
2026-09-12 08:15:00,131.0,21,74,40.7,0,0,0
2026-09-12 08:20:00,134.3,18,71,36.4,0,0,0
2026-09-12 08:25:00,138.5,17,74,42.5,0,0,0
2026-09-12 08:30:00,142.4,20,70,41.4,0,0,0
2026-09-12 08:35:00,144.7,29,71,42.4,0,0,0
2026-09-12 08:40:00,146.1,21,71,40.6,0,0,0
2026-09-12 08:45:00,147.9,26,71,42.1,0,0,0
2026-09-12 08:50:00,146.8,21,74,38.3,0,0,0
2026-09-12 08:55:00,146.0,16,72,38.3,0,0,0
2026-09-12 09:00:00,141.3,21,68,39.2,0,0,0
2026-09-12 09:05:00,138.8,20,71,36.4,0,0,0
2026-09-12 09:10:00,137.0,26,71,36.2,0,0,0
2026-09-12 09:15:00,138.4,12,71,40.7,0,0,0
2026-09-12 09:20:00,132.3,11,74,39.6,0,0,0
2026-09-12 09:25:00,128.2,38,70,45.5,0,0,0
2026-09-12 09:30:00,128.8,31,71,41.6,0,0,0
2026-09-12 09:35:00,125.7,57,73,41.1,0,0,0
2026-09-12 09:40:00,124.7,25,72,39.9,0,0,0
2026-09-12 09:45:00,121.5,38,76,40.3,0,0,0
2026-09-12 09:50:00,121.8,7,71,40.8,0,0,0
2026-09-12 09:55:00,117.1,19,71,41.9,0,0,0
2026-09-12 10:00:00,117.9,14,68,41.0,0,0,0
2026-09-12 10:05:00,116.4,40,73,38.2,0,0,0
2026-09-12 10:10:00,116.0,22,70,40.6,0,0,0
2026-09-12 10:15:00,116.6,45,72,40.1,0,0,0
2026-09-12 10:20:00,117.1,17,73,40.8,0,0,0
2026-09-12 10:25:00,115.3,18,71,39.0,0,0,0
2026-09-12 10:30:00,113.5,14,70,39.4,0,0,0
2026-09-12 10:35:00,113.9,28,68,38.7,0,0,0
2026-09-12 10:40:00,114.9,40,72,41.5,0,0,0
2026-09-12 10:45:00,116.3,15,76,41.5,0,0,0
2026-09-12 10:50:00,115.7,35,72,39.5,0,0,0
2026-09-12 10:55:00,114.1,27,71,40.5,0,0,0
2026-09-12 11:00:00,111.8,38,69,40.9,0,0,0
2026-09-12 11:05:00,108.7,30,71,42.9,0,0,0
2026-09-12 11:10:00,112.0,37,71,44.2,0,0,0
2026-09-12 11:15:00,110.2,12,69,37.9,0,0,0
2026-09-12 11:20:00,106.9,16,71,44.2,0,0,0
2026-09-12 11:25:00,105.7,22,71,36.7,0,0,0
2026-09-12 11:30:00,103.7,24,68,40.8,0,0,0
2026-09-12 11:35:00,103.8,36,76,41.1,0,0,0
2026-09-12 11:40:00,102.6,24,72,36.6,0,0,0
2026-09-12 11:45:00,101.6,27,73,40.7,0,0,0
2026-09-12 11:50:00,99.9,17,74,39.5,0,0,0
2026-09-12 11:55:00,95.9,16,72,42.0,0,0,0
2026-09-12 12:00:00,103.1,13,72,40.5,0,0,0
2026-09-12 12:05:00,103.4,21,70,39.7,0,0,0
2026-09-12 12:10:00,101.5,21,74,44.5,0,0,0
2026-09-12 12:15:00,103.3,7,66,43.5,0,0,0
2026-09-12 12:20:00,101.6,11,66,40.3,0,0,0
2026-09-12 12:25:00,99.5,21,70,39.9,0,0,0
2026-09-12 12:30:00,98.5,48,73,40.6,0,0,0
2026-09-12 12:35:00,96.9,3,70,35.9,0,0,0
2026-09-12 12:40:00,97.4,35,72,37.6,0,0,0
2026-09-12 12:45:00,93.8,38,73,38.9,0,0,0
2026-09-12 12:50:00,95.0,432,94,37.7,0,0,0
2026-09-12 12:55:00,91.8,417,94,37.7,0,0,0
2026-09-12 13:00:00,93.5,411,93,39.4,0,0,0
2026-09-12 13:05:00,96.0,413,95,43.3,0,0,0
2026-09-12 13:10:00,96.6,43,72,43.3,0,0,0
2026-09-12 13:15:00,94.2,6,70,36.7,0,0,0
2026-09-12 13:20:00,94.8,35,73,39.3,0,0,0
2026-09-12 13:25:00,96.1,26,67,41.1,0,0,0
2026-09-12 13:30:00,99.7,17,71,40.6,0,0,0
2026-09-12 13:35:00,96.0,37,73,36.4,0,0,0
2026-09-12 13:40:00,93.3,9,72,40.1,0,0,0
2026-09-12 13:45:00,95.8,40,73,39.5,0,85,70
2026-09-12 13:50:00,111.6,22,71,41.6,0,0,0
2026-09-12 13:55:00,118.7,21,75,42.0,0,0,0
2026-09-12 14:00:00,126.0,45,77,46.2,0,0,0
2026-09-12 14:05:00,132.3,450,104,40.0,0,0,0
2026-09-12 14:10:00,135.1,449,101,42.1,0,0,0
2026-09-12 14:15:00,139.8,928,126,42.2,0,0,0
2026-09-12 14:20:00,144.1,494,98,39.6,0,0,0
2026-09-12 14:25:00,146.7,33,70,42.0,0,0,0
2026-09-12 14:30:00,149.0,22,72,40.6,0,0,0
2026-09-12 14:35:00,150.1,24,68,43.0,0,0,0
2026-09-12 14:40:00,145.8,31,73,43.6,0,0,0
2026-09-12 14:45:00,143.8,18,72,41.8,0,0,0
2026-09-12 14:50:00,141.1,27,69,43.4,0,0,0
2026-09-12 14:55:00,140.6,12,72,42.3,0,0,0
2026-09-12 15:00:00,141.5,10,72,40.1,0,0,0
2026-09-12 15:05:00,140.3,23,69,41.1,0,0,0
2026-09-12 15:10:00,138.9,20,71,37.0,0,0,0
2026-09-12 15:15:00,137.1,15,70,39.8,0,0,0
2026-09-12 15:20:00,135.8,23,73,41.9,0,0,0
2026-09-12 15:25:00,132.3,31,72,41.2,0,0,0
2026-09-12 15:30:00,130.0,42,74,41.9,0,0,0
2026-09-12 15:35:00,129.2,16,72,40.3,0,0,0
2026-09-12 15:40:00,128.2,10,74,39.2,0,0,0
2026-09-12 15:45:00,124.4,42,71,44.5,0,0,0
2026-09-12 15:50:00,121.3,28,71,42.3,0,0,0
2026-09-12 15:55:00,124.2,19,72,42.6,0,0,0
2026-09-12 16:00:00,116.1,19,71,39.4,0,0,0
2026-09-12 16:05:00,112.4,8,71,39.7,0,0,0
2026-09-12 16:10:00,113.6,36,71,38.7,0,0,0
2026-09-12 16:15:00,112.2,29,75,40.0,0,0,0
2026-09-12 16:20:00,111.7,39,73,40.1,0,0,0
2026-09-12 16:25:00,112.4,18,69,39.7,0,0,0
2026-09-12 16:30:00,110.9,21,71,39.8,0,0,0
2026-09-12 16:35:00,109.4,27,74,35.8,0,0,0
2026-09-12 16:40:00,109.6,28,73,37.7,0,0,0
2026-09-12 16:45:00,110.9,28,70,41.2,0,0,0
2026-09-12 16:50:00,107.4,36,74,41.6,0,0,0
2026-09-12 16:55:00,106.9,12,71,39.9,0,0,0
2026-09-12 17:00:00,110.2,42,72,37.9,0,0,0
2026-09-12 17:05:00,107.6,43,70,39.0,0,0,0
2026-09-12 17:10:00,108.5,41,72,41.1,0,0,0
2026-09-12 17:15:00,107.6,11,72,39.8,0,0,0
2026-09-12 17:20:00,105.6,15,72,38.0,0,0,0
2026-09-12 17:25:00,102.1,13,70,43.2,0,0,0
2026-09-12 17:30:00,103.3,8,70,42.7,0,0,0
2026-09-12 17:35:00,104.0,22,71,39.1,0,0,0
2026-09-12 17:40:00,105.9,25,69,41.9,0,0,0
2026-09-12 17:45:00,106.7,34,72,42.8,0,0,0
2026-09-12 17:50:00,105.8,37,72,41.4,0,0,0
2026-09-12 17:55:00,106.6,8,76,39.7,0,38,80
2026-09-12 18:00:00,111.0,17,73,39.7,0,0,0
2026-09-12 18:05:00,118.4,16,74,40.5,0,0,0
2026-09-12 18:10:00,121.8,29,75,39.7,0,0,0
2026-09-12 18:15:00,124.1,14,69,43.2,0,0,0
2026-09-12 18:20:00,124.5,30,77,43.2,0,0,0
2026-09-12 18:25:00,124.8,22,71,42.2,0,0,0
2026-09-12 18:30:00,127.1,15,72,42.3,0,0,0
2026-09-12 18:35:00,125.2,27,74,41.5,0,0,0
2026-09-12 18:40:00,124.4,27,68,39.0,0,0,0
2026-09-12 18:45:00,124.2,23,75,37.5,0,0,0
2026-09-12 18:50:00,126.2,27,76,41.6,0,0,0
2026-09-12 18:55:00,126.7,20,71,42.5,0,0,0
2026-09-12 19:00:00,126.1,12,73,40.3,0,0,0
2026-09-12 19:05:00,124.1,49,72,38.7,0,0,0
2026-09-12 19:10:00,123.2,13,70,41.4,0,0,0
2026-09-12 19:15:00,119.1,15,68,42.8,0,0,0
2026-09-12 19:20:00,117.2,17,71,43.0,0,0,0
2026-09-12 19:25:00,116.5,34,71,40.3,0,0,0
2026-09-12 19:30:00,117.0,28,73,40.7,0,0,0
2026-09-12 19:35:00,115.2,38,74,38.9,0,0,0
2026-09-12 19:40:00,114.8,10,73,40.7,0,0,0
2026-09-12 19:45:00,113.5,15,70,40.3,0,0,0
2026-09-12 19:50:00,112.4,19,68,39.9,0,0,0
2026-09-12 19:55:00,111.5,17,73,40.1,0,0,0
2026-09-12 20:00:00,108.7,18,72,40.6,0,0,0
2026-09-12 20:05:00,106.6,16,69,41.5,0,0,0
2026-09-12 20:10:00,103.8,14,71,38.9,0,0,0
2026-09-12 20:15:00,101.4,22,70,40.2,0,0,0
2026-09-12 20:20:00,101.8,21,69,41.3,0,0,0
2026-09-12 20:25:00,103.6,31,71,40.5,0,0,0
2026-09-12 20:30:00,106.4,20,72,40.4,0,0,0
2026-09-12 20:35:00,106.7,17,69,41.6,0,0,0
2026-09-12 20:40:00,107.7,18,71,41.2,0,0,0
2026-09-12 20:45:00,105.8,15,69,40.2,0,0,0
2026-09-12 20:50:00,102.4,18,74,37.5,0,0,0
2026-09-12 20:55:00,100.4,22,73,43.4,0,47,50
2026-09-12 21:00:00,106.3,17,78,41.0,0,0,0
2026-09-12 21:05:00,110.3,21,77,41.6,0,0,0
2026-09-12 21:10:00,114.4,36,77,40.3,0,0,0
2026-09-12 21:15:00,114.6,27,74,39.4,0,0,0
2026-09-12 21:20:00,118.5,19,75,40.8,0,0,0
2026-09-12 21:25:00,120.3,41,72,39.7,0,0,0
2026-09-12 21:30:00,120.1,5,69,41.0,0,0,0
2026-09-12 21:35:00,120.4,18,69,43.6,0,0,0
2026-09-12 21:40:00,118.7,34,72,38.4,0,0,0
2026-09-12 21:45:00,115.8,27,70,44.3,0,0,0
2026-09-12 21:50:00,118.2,37,72,41.7,0,0,0
2026-09-12 21:55:00,119.0,34,71,39.8,0,0,0
2026-09-12 22:00:00,113.1,23,71,41.3,0,0,0
2026-09-12 22:05:00,119.3,15,69,38.8,0,0,0
2026-09-12 22:10:00,121.0,11,72,40.4,0,0,0
2026-09-12 22:15:00,117.0,16,73,40.3,0,0,0
2026-09-12 22:20:00,118.3,35,71,38.5,0,0,0
2026-09-12 22:25:00,117.1,19,76,40.6,0,0,0
2026-09-12 22:30:00,114.4,32,68,41.3,0,0,0
2026-09-12 22:35:00,114.7,47,73,41.0,0,0,0
2026-09-12 22:40:00,112.4,24,70,40.1,0,0,0
2026-09-12 22:45:00,109.5,25,72,43.0,0,0,0
2026-09-12 22:50:00,103.8,22,70,41.8,0,0,0
2026-09-12 22:55:00,101.1,15,71,42.6,0,0,0
2026-09-12 23:00:00,104.4,13,71,38.1,0,0,0
2026-09-12 23:05:00,107.5,24,72,40.4,0,0,0
2026-09-12 23:10:00,105.6,18,71,40.1,0,0,0
2026-09-12 23:15:00,103.5,23,70,37.3,0,0,0
2026-09-12 23:20:00,105.9,23,71,40.3,0,0,0
2026-09-12 23:25:00,106.8,23,68,42.2,0,0,0
2026-09-12 23:30:00,104.3,44,73,42.7,0,0,0
2026-09-12 23:35:00,106.1,1,65,62.0,1,0,0
2026-09-12 23:40:00,108.6,2,63,67.3,1,0,0
2026-09-12 23:45:00,105.8,0,59,67.3,1,0,0
2026-09-12 23:50:00,103.9,0,62,67.2,1,0,0
2026-09-12 23:55:00,102.6,0,65,66.2,1,0,0
2026-09-13 00:00:00,99.2,1,65,68.2,1,0,0
2026-09-13 00:05:00,101.6,1,63,65.2,1,0,0
2026-09-13 00:10:00,100.4,1,60,68.8,1,0,0
2026-09-13 00:15:00,100.4,0,63,66.5,1,0,0
2026-09-13 00:20:00,100.6,2,64,62.7,1,0,0
2026-09-13 00:25:00,103.1,0,59,64.9,1,0,0
2026-09-13 00:30:00,100.1,1,63,63.6,1,0,0
2026-09-13 00:35:00,100.8,0,60,64.6,1,0,0
2026-09-13 00:40:00,99.8,0,64,67.7,1,0,0
2026-09-13 00:45:00,100.3,0,64,64.3,1,0,0
2026-09-13 00:50:00,98.4,0,61,66.9,1,0,0
2026-09-13 00:55:00,99.9,0,60,67.8,1,0,0
2026-09-13 01:00:00,101.5,0,60,67.0,1,0,0
2026-09-13 01:05:00,101.4,0,59,64.6,1,0,0
2026-09-13 01:10:00,100.8,1,61,63.8,1,0,0
2026-09-13 01:15:00,103.4,0,63,65.4,1,0,0
2026-09-13 01:20:00,102.2,0,59,66.2,1,0,0
2026-09-13 01:25:00,100.4,0,61,64.1,1,0,0
2026-09-13 01:30:00,98.8,0,62,64.7,1,0,0
2026-09-13 01:35:00,103.0,2,64,64.0,1,0,0
2026-09-13 01:40:00,106.8,1,61,68.5,1,0,0
2026-09-13 01:45:00,108.6,0,62,65.4,1,0,0
2026-09-13 01:50:00,109.1,0,60,63.0,1,0,0
2026-09-13 01:55:00,110.4,0,61,65.8,1,0,0
2026-09-13 02:00:00,109.4,0,63,62.4,1,0,0
2026-09-13 02:05:00,109.3,0,61,63.6,1,0,0
2026-09-13 02:10:00,105.6,1,62,65.8,1,0,0
2026-09-13 02:15:00,108.6,0,66,64.4,1,0,0
2026-09-13 02:20:00,103.2,0,62,66.5,1,0,0
2026-09-13 02:25:00,101.5,0,65,65.3,1,0,0
2026-09-13 02:30:00,102.6,0,62,68.0,1,0,0
2026-09-13 02:35:00,105.0,0,60,68.3,1,0,0
2026-09-13 02:40:00,108.9,1,62,65.9,1,0,0
2026-09-13 02:45:00,107.6,0,63,67.5,1,0,0
2026-09-13 02:50:00,106.7,0,59,69.2,1,0,0
2026-09-13 02:55:00,103.8,0,61,64.8,1,0,0
2026-09-13 03:00:00,106.3,1,61,66.4,1,0,0
2026-09-13 03:05:00,103.9,1,63,67.8,1,0,0
2026-09-13 03:10:00,103.2,0,61,61.7,1,0,0
2026-09-13 03:15:00,105.3,1,62,62.8,1,0,0
2026-09-13 03:20:00,104.2,0,63,65.9,1,0,0
2026-09-13 03:25:00,106.4,0,63,64.3,1,0,0
2026-09-13 03:30:00,106.0,0,62,62.7,1,0,0
2026-09-13 03:35:00,101.4,0,64,66.7,1,0,0
2026-09-13 03:40:00,100.6,0,59,65.5,1,0,0
2026-09-13 03:45:00,99.5,1,63,65.9,1,0,0
2026-09-13 03:50:00,97.6,0,65,67.5,1,0,0
2026-09-13 03:55:00,99.8,0,63,66.8,1,0,0
2026-09-13 04:00:00,99.7,0,63,67.7,1,0,0
2026-09-13 04:05:00,100.9,0,61,67.4,1,0,0
2026-09-13 04:10:00,106.8,0,60,61.7,1,0,0
2026-09-13 04:15:00,109.8,0,66,63.6,1,0,0
2026-09-13 04:20:00,111.4,0,66,63.9,1,0,0
2026-09-13 04:25:00,107.0,1,63,64.2,1,0,0
2026-09-13 04:30:00,105.7,1,63,71.2,1,0,0
2026-09-13 04:35:00,106.7,0,62,63.2,1,0,0
2026-09-13 04:40:00,104.1,0,63,67.7,1,0,0
2026-09-13 04:45:00,103.2,0,61,64.0,1,0,0
2026-09-13 04:50:00,104.4,0,65,65.6,1,0,0
2026-09-13 04:55:00,100.9,0,59,66.2,1,0,0
2026-09-13 05:00:00,98.1,0,61,67.8,1,0,0
2026-09-13 05:05:00,100.5,1,62,66.0,1,0,0
2026-09-13 05:10:00,98.7,0,60,63.7,1,0,0
2026-09-13 05:15:00,102.4,0,64,67.1,1,0,0
2026-09-13 05:20:00,103.8,0,60,62.8,1,0,0
2026-09-13 05:25:00,103.3,0,62,65.1,1,0,0
2026-09-13 05:30:00,106.0,0,63,67.8,1,0,0
2026-09-13 05:35:00,108.3,0,65,68.4,1,0,0
2026-09-13 05:40:00,110.0,0,63,64.5,1,0,0
2026-09-13 05:45:00,109.5,0,64,65.7,1,0,0
2026-09-13 05:50:00,108.2,0,64,66.1,1,0,0
2026-09-13 05:55:00,107.7,0,60,67.4,1,0,0
2026-09-13 06:00:00,104.7,0,62,65.8,1,0,0
2026-09-13 06:05:00,104.1,0,61,67.1,1,0,0
2026-09-13 06:10:00,104.6,1,61,62.6,1,0,0
2026-09-13 06:15:00,106.0,1,62,68.1,1,0,0
2026-09-13 06:20:00,107.8,0,63,64.5,1,0,0
2026-09-13 06:25:00,105.7,0,61,64.4,1,0,0
2026-09-13 06:30:00,104.3,1,58,67.3,1,0,0
2026-09-13 06:35:00,105.3,16,73,42.2,0,0,0
2026-09-13 06:40:00,107.3,31,73,40.9,0,0,0
2026-09-13 06:45:00,102.6,30,72,40.5,0,0,0
2026-09-13 06:50:00,101.9,25,71,40.7,0,0,0
2026-09-13 06:55:00,102.7,16,72,42.0,0,0,0
2026-09-13 07:00:00,105.4,30,72,41.6,0,0,0
2026-09-13 07:05:00,107.5,15,71,39.5,0,0,0
2026-09-13 07:10:00,105.5,29,72,37.6,0,0,0
2026-09-13 07:15:00,102.6,43,73,40.8,0,0,0
2026-09-13 07:20:00,103.3,19,74,40.9,0,0,0
2026-09-13 07:25:00,106.2,15,71,41.5,0,0,0
2026-09-13 07:30:00,103.7,26,74,38.2,0,0,0
2026-09-13 07:35:00,104.4,28,70,45.3,0,0,0
2026-09-13 07:40:00,101.2,39,69,41.7,0,0,0
2026-09-13 07:45:00,100.0,35,71,39.9,0,0,0
2026-09-13 07:50:00,98.6,32,72,40.4,0,0,0
2026-09-13 07:55:00,98.8,35,74,39.9,0,66,78
2026-09-13 08:00:00,105.8,12,75,45.2,0,0,0
2026-09-13 08:05:00,114.6,27,74,40.6,0,0,0
2026-09-13 08:10:00,119.5,17,74,42.7,0,0,0
2026-09-13 08:15:00,124.8,17,73,38.3,0,0,0
2026-09-13 08:20:00,129.3,35,77,38.5,0,0,0
2026-09-13 08:25:00,134.5,22,76,42.7,0,0,0
2026-09-13 08:30:00,138.4,32,72,38.9,0,0,0
2026-09-13 08:35:00,139.7,19,70,38.0,0,0,0
2026-09-13 08:40:00,136.8,19,74,40.1,0,0,0
2026-09-13 08:45:00,137.9,20,71,39.5,0,0,0
2026-09-13 08:50:00,136.0,31,73,40.8,0,0,0
2026-09-13 08:55:00,131.9,23,67,40.1,0,0,0
2026-09-13 09:00:00,131.4,39,73,41.8,0,0,0
2026-09-13 09:05:00,131.1,63,73,42.6,0,0,0
2026-09-13 09:10:00,128.8,15,71,41.2,0,0,0
2026-09-13 09:15:00,129.8,39,71,41.2,0,0,0
2026-09-13 09:20:00,132.8,18,70,42.1,0,0,0
2026-09-13 09:25:00,133.3,16,70,40.8,0,0,0
2026-09-13 09:30:00,130.0,16,73,38.3,0,0,0
2026-09-13 09:35:00,125.4,12,73,39.5,0,0,0
2026-09-13 09:40:00,122.9,4,74,40.0,0,0,0
2026-09-13 09:45:00,122.8,48,73,39.4,0,0,0
2026-09-13 09:50:00,121.0,26,73,38.8,0,0,0
2026-09-13 09:55:00,121.6,18,70,39.8,0,0,0
2026-09-13 10:00:00,117.8,29,73,38.6,0,0,0
2026-09-13 10:05:00,119.1,48,71,43.6,0,0,0
2026-09-13 10:10:00,119.3,15,73,40.2,0,0,0
2026-09-13 10:15:00,118.1,24,74,43.4,0,0,0
2026-09-13 10:20:00,117.3,12,72,37.8,0,0,0
2026-09-13 10:25:00,114.1,9,67,41.7,0,0,0
2026-09-13 10:30:00,116.3,20,70,40.1,0,0,0
2026-09-13 10:35:00,112.4,37,69,43.9,0,0,0
2026-09-13 10:40:00,110.9,65,72,40.5,0,0,0
2026-09-13 10:45:00,112.8,26,72,39.4,0,0,0
2026-09-13 10:50:00,112.3,30,71,41.3,0,0,0
2026-09-13 10:55:00,112.3,31,72,41.2,0,0,0
2026-09-13 11:00:00,110.0,15,67,41.5,0,0,0
2026-09-13 11:05:00,109.7,14,72,41.6,0,0,0
2026-09-13 11:10:00,107.2,41,71,43.7,0,0,0
2026-09-13 11:15:00,107.5,33,67,41.3,0,0,0
2026-09-13 11:20:00,108.1,22,72,38.6,0,0,0
2026-09-13 11:25:00,105.6,39,75,42.0,0,0,0
2026-09-13 11:30:00,102.3,50,75,38.3,0,0,0
2026-09-13 11:35:00,103.8,7,70,37.8,0,0,0
2026-09-13 11:40:00,102.4,21,73,39.3,0,0,0
2026-09-13 11:45:00,105.5,20,73,38.9,0,0,0
2026-09-13 11:50:00,103.9,32,73,41.7,0,0,0
2026-09-13 11:55:00,103.3,15,69,41.9,0,0,0
2026-09-13 12:00:00,103.3,23,72,37.3,0,0,0
2026-09-13 12:05:00,102.5,20,74,41.4,0,0,0
2026-09-13 12:10:00,104.7,12,73,41.7,0,0,0
2026-09-13 12:15:00,102.7,17,70,38.9,0,0,0
2026-09-13 12:20:00,101.9,23,71,40.2,0,0,0
2026-09-13 12:25:00,98.8,18,72,39.6,0,0,0
2026-09-13 12:30:00,96.0,29,72,42.9,0,0,0
2026-09-13 12:35:00,96.5,16,70,40.4,0,0,0
2026-09-13 12:40:00,97.4,27,70,41.3,0,0,0
2026-09-13 12:45:00,96.6,33,72,45.3,0,0,0
2026-09-13 12:50:00,97.0,33,69,37.2,0,0,0
2026-09-13 12:55:00,92.9,16,75,37.4,0,0,0
2026-09-13 13:00:00,92.3,40,74,40.0,0,0,0
2026-09-13 13:05:00,94.6,45,72,40.7,0,0,0
2026-09-13 13:10:00,93.9,29,79,41.9,0,87,70
2026-09-13 13:15:00,102.9,21,72,43.4,0,0,0
2026-09-13 13:20:00,109.1,30,74,45.0,0,0,0
2026-09-13 13:25:00,116.7,483,104,43.3,0,0,0
2026-09-13 13:30:00,122.0,479,99,36.1,0,0,0
2026-09-13 13:35:00,124.8,12,77,46.3,0,0,0
2026-09-13 13:40:00,126.3,22,74,39.3,0,0,0
2026-09-13 13:45:00,127.4,19,74,41.6,0,0,0
2026-09-13 13:50:00,128.4,15,68,38.8,0,0,0
2026-09-13 13:55:00,128.9,45,71,42.6,0,0,0
2026-09-13 14:00:00,129.2,19,70,39.9,0,0,0
2026-09-13 14:05:00,126.5,26,70,40.6,0,0,0
2026-09-13 14:10:00,125.7,21,73,39.4,0,0,0
2026-09-13 14:15:00,124.4,20,74,38.7,0,0,0
2026-09-13 14:20:00,124.2,17,74,42.2,0,0,0
2026-09-13 14:25:00,122.0,48,76,41.1,0,0,0
2026-09-13 14:30:00,122.4,19,73,42.1,0,0,0
2026-09-13 14:35:00,124.1,25,72,39.0,0,0,0
2026-09-13 14:40:00,121.1,23,72,37.9,0,0,0
2026-09-13 14:45:00,119.4,36,71,41.0,0,0,0
2026-09-13 14:50:00,121.8,26,73,41.3,0,0,0
2026-09-13 14:55:00,121.0,24,75,35.9,0,0,0
2026-09-13 15:00:00,117.7,23,72,40.2,0,0,0
2026-09-13 15:05:00,117.9,10,69,39.8,0,0,0
2026-09-13 15:10:00,118.4,32,70,42.3,0,0,0
2026-09-13 15:15:00,115.1,24,70,41.4,0,0,0
2026-09-13 15:20:00,116.2,21,68,40.2,0,0,0
2026-09-13 15:25:00,113.2,40,73,40.0,0,0,0
2026-09-13 15:30:00,113.9,34,73,39.9,0,0,0
2026-09-13 15:35:00,112.1,24,72,40.9,0,0,0
2026-09-13 15:40:00,113.8,30,75,38.7,0,0,0
2026-09-13 15:45:00,115.2,13,69,42.8,0,0,0
2026-09-13 15:50:00,117.0,35,71,42.5,0,0,0
2026-09-13 15:55:00,118.3,15,71,40.4,0,0,0
2026-09-13 16:00:00,117.8,32,72,40.3,0,0,0
2026-09-13 16:05:00,117.4,27,72,39.8,0,0,0
2026-09-13 16:10:00,115.7,49,75,40.5,0,0,0
2026-09-13 16:15:00,113.7,17,70,39.9,0,0,0
2026-09-13 16:20:00,115.7,30,73,39.7,0,0,0
2026-09-13 16:25:00,116.8,18,70,41.7,0,0,0
2026-09-13 16:30:00,114.4,19,69,41.0,0,0,0
2026-09-13 16:35:00,112.9,26,73,41.3,0,0,0
2026-09-13 16:40:00,111.9,27,74,43.0,0,0,0
2026-09-13 16:45:00,110.1,19,72,42.7,0,0,0
2026-09-13 16:50:00,111.8,18,73,44.0,0,0,0
2026-09-13 16:55:00,111.1,35,72,41.9,0,0,0
2026-09-13 17:00:00,109.3,32,72,40.8,0,0,0
2026-09-13 17:05:00,107.4,21,73,39.0,0,0,0
2026-09-13 17:10:00,105.4,23,71,38.7,0,0,0
2026-09-13 17:15:00,106.3,18,71,42.2,0,0,0
2026-09-13 17:20:00,107.0,23,71,41.7,0,0,0
2026-09-13 17:25:00,107.9,40,71,40.3,0,0,0
2026-09-13 17:30:00,108.7,41,71,39.3,0,0,0
2026-09-13 17:35:00,106.7,32,67,39.1,0,0,0
2026-09-13 17:40:00,106.6,24,72,40.2,0,33,60
2026-09-13 17:45:00,110.4,26,76,40.1,0,0,0
2026-09-13 17:50:00,108.0,8,75,38.9,0,0,0
2026-09-13 17:55:00,106.5,41,75,41.4,0,0,0
2026-09-13 18:00:00,109.1,411,98,40.7,0,0,0
2026-09-13 18:05:00,112.6,396,97,40.6,0,0,0
2026-09-13 18:10:00,110.3,23,68,42.4,0,0,0
2026-09-13 18:15:00,106.1,46,71,46.1,0,0,0
2026-09-13 18:20:00,106.2,36,74,41.9,0,0,0
2026-09-13 18:25:00,107.4,18,75,39.6,0,0,0
2026-09-13 18:30:00,107.1,17,71,38.4,0,0,0
2026-09-13 18:35:00,104.4,20,73,38.5,0,0,0
2026-09-13 18:40:00,103.5,22,71,44.2,0,0,0
2026-09-13 18:45:00,106.2,47,76,37.1,0,0,0
2026-09-13 18:50:00,107.3,22,70,42.2,0,0,0
2026-09-13 18:55:00,106.1,14,72,37.3,0,0,0
2026-09-13 19:00:00,103.8,10,69,39.6,0,0,0
2026-09-13 19:05:00,104.0,27,69,40.5,0,0,0
2026-09-13 19:10:00,104.8,39,72,40.1,0,0,0
2026-09-13 19:15:00,102.9,17,72,38.3,0,0,0
2026-09-13 19:20:00,107.2,35,72,40.5,0,0,0
2026-09-13 19:25:00,105.2,19,70,39.5,0,0,0
2026-09-13 19:30:00,105.3,20,71,39.8,0,0,0
2026-09-13 19:35:00,102.7,21,70,40.4,0,0,0
2026-09-13 19:40:00,101.9,16,73,41.7,0,0,0
2026-09-13 19:45:00,102.2,21,67,37.5,0,0,0
2026-09-13 19:50:00,101.2,21,70,38.5,0,0,0
2026-09-13 19:55:00,102.8,29,74,43.4,0,0,0
2026-09-13 20:00:00,98.6,15,70,40.3,0,0,0
2026-09-13 20:05:00,101.3,12,69,41.0,0,0,0
2026-09-13 20:10:00,102.1,503,101,41.6,0,0,0
2026-09-13 20:15:00,100.3,500,100,39.1,0,0,0
2026-09-13 20:20:00,105.3,497,101,39.4,0,0,0
2026-09-13 20:25:00,103.0,515,104,38.7,0,0,0
2026-09-13 20:30:00,100.9,517,103,39.8,0,0,0
2026-09-13 20:35:00,102.2,511,100,42.0,0,0,0
2026-09-13 20:40:00,103.6,12,72,41.8,0,0,0
2026-09-13 20:45:00,105.2,28,69,39.8,0,0,0
2026-09-13 20:50:00,101.3,26,70,37.6,0,0,0
2026-09-13 20:55:00,99.6,21,73,43.5,0,0,0
2026-09-13 21:00:00,98.2,5,71,44.8,0,0,0
2026-09-13 21:05:00,100.6,23,70,38.1,0,0,0
2026-09-13 21:10:00,98.0,41,77,38.3,0,0,0
2026-09-13 21:15:00,101.2,17,72,43.9,0,0,0
2026-09-13 21:20:00,99.3,29,70,38.4,0,0,0
2026-09-13 21:25:00,99.3,21,79,40.3,0,74,75
2026-09-13 21:30:00,108.1,18,73,41.5,0,0,0
2026-09-13 21:35:00,113.8,13,72,37.8,0,0,0
2026-09-13 21:40:00,122.4,33,75,43.7,0,0,0
2026-09-13 21:45:00,126.6,25,78,39.5,0,0,0
2026-09-13 21:50:00,131.2,21,75,40.4,0,0,0
2026-09-13 21:55:00,136.0,0,66,63.1,1,0,0
2026-09-13 22:00:00,138.6,0,65,65.8,1,0,0
2026-09-13 22:05:00,139.0,0,60,64.4,1,0,0
2026-09-13 22:10:00,140.8,1,60,62.7,1,0,0
2026-09-13 22:15:00,141.3,0,65,64.7,1,0,0
2026-09-13 22:20:00,139.9,1,62,66.3,1,0,0
2026-09-13 22:25:00,140.4,1,65,64.8,1,0,0
2026-09-13 22:30:00,139.5,3,57,64.8,1,0,0
2026-09-13 22:35:00,138.4,2,65,68.4,1,0,0
2026-09-13 22:40:00,139.5,0,62,62.7,1,0,0
2026-09-13 22:45:00,136.6,0,66,65.1,1,0,0
2026-09-13 22:50:00,135.2,0,60,64.9,1,0,0
2026-09-13 22:55:00,132.9,1,62,65.1,1,0,0
2026-09-13 23:00:00,132.8,0,65,67.3,1,0,0
2026-09-13 23:05:00,133.5,0,64,65.0,1,0,0
2026-09-13 23:10:00,133.4,0,62,64.4,1,0,0
2026-09-13 23:15:00,129.6,0,57,71.7,1,0,0
2026-09-13 23:20:00,127.2,0,61,64.6,1,0,0
2026-09-13 23:25:00,125.2,1,63,68.3,1,0,0
2026-09-13 23:30:00,125.2,0,63,64.0,1,0,0
2026-09-13 23:35:00,122.2,0,64,64.2,1,0,0
2026-09-13 23:40:00,118.6,0,64,64.2,1,0,0
2026-09-13 23:45:00,116.3,0,61,63.5,1,0,0
2026-09-13 23:50:00,113.3,0,64,67.1,1,0,0
2026-09-13 23:55:00,114.3,0,63,62.9,1,0,0
2026-09-14 00:00:00,110.2,0,63,67.7,1,0,0
2026-09-14 00:05:00,109.7,0,63,64.4,1,0,0
2026-09-14 00:10:00,106.4,0,61,65.0,1,0,0
2026-09-14 00:15:00,107.1,0,61,64.4,1,0,0
2026-09-14 00:20:00,104.6,0,62,59.8,1,0,0
2026-09-14 00:25:00,105.5,0,61,65.8,1,0,0
2026-09-14 00:30:00,104.5,0,60,67.2,1,0,0
2026-09-14 00:35:00,105.9,0,64,67.2,1,0,0
2026-09-14 00:40:00,104.1,0,60,66.2,1,0,0
2026-09-14 00:45:00,108.5,1,64,64.6,1,0,0
2026-09-14 00:50:00,108.7,0,62,66.2,1,0,0
2026-09-14 00:55:00,105.2,0,65,68.3,1,0,0
2026-09-14 01:00:00,101.5,1,63,68.8,1,0,0
2026-09-14 01:05:00,102.1,0,62,66.8,1,0,0
2026-09-14 01:10:00,103.9,1,57,66.9,1,0,0
2026-09-14 01:15:00,104.7,0,65,62.5,1,0,0
2026-09-14 01:20:00,106.0,0,65,64.5,1,0,0
2026-09-14 01:25:00,108.4,0,62,68.8,1,0,0
2026-09-14 01:30:00,105.7,1,65,66.5,1,0,0
2026-09-14 01:35:00,104.9,0,62,59.7,1,0,0
2026-09-14 01:40:00,105.4,0,60,65.8,1,0,0
2026-09-14 01:45:00,103.8,0,62,63.8,1,0,0
2026-09-14 01:50:00,103.6,0,64,65.6,1,0,0
2026-09-14 01:55:00,101.9,0,63,65.8,1,0,0
2026-09-14 02:00:00,99.7,0,61,66.7,1,0,0
2026-09-14 02:05:00,102.5,0,60,67.4,1,0,0
2026-09-14 02:10:00,104.5,1,61,64.4,1,0,0
2026-09-14 02:15:00,102.9,0,65,63.7,1,0,0
2026-09-14 02:20:00,100.4,0,64,67.1,1,0,0
2026-09-14 02:25:00,100.2,1,62,64.0,1,0,0
2026-09-14 02:30:00,99.7,1,61,66.0,1,0,0
2026-09-14 02:35:00,99.5,0,62,66.4,1,0,0
2026-09-14 02:40:00,98.8,0,59,62.4,1,0,0
2026-09-14 02:45:00,96.7,0,60,68.3,1,0,0
2026-09-14 02:50:00,95.8,0,62,66.8,1,0,0
2026-09-14 02:55:00,96.0,1,58,65.9,1,0,0
2026-09-14 03:00:00,98.8,0,61,62.6,1,0,0
2026-09-14 03:05:00,100.2,0,63,64.5,1,0,0
2026-09-14 03:10:00,99.8,1,61,64.7,1,0,0
2026-09-14 03:15:00,99.1,0,64,69.2,1,0,0
2026-09-14 03:20:00,100.6,1,63,64.8,1,0,0
2026-09-14 03:25:00,99.2,0,58,67.6,1,0,0
2026-09-14 03:30:00,103.3,0,58,67.1,1,0,0
2026-09-14 03:35:00,104.4,0,63,66.0,1,0,0
2026-09-14 03:40:00,104.0,0,61,64.0,1,0,0
2026-09-14 03:45:00,103.1,0,62,62.8,1,0,0
2026-09-14 03:50:00,104.2,0,61,65.8,1,0,0
2026-09-14 03:55:00,105.8,0,65,68.9,1,0,0
2026-09-14 04:00:00,105.2,0,63,66.2,1,0,0
2026-09-14 04:05:00,104.9,0,63,66.2,1,0,0
2026-09-14 04:10:00,108.5,0,67,67.7,1,0,0
2026-09-14 04:15:00,109.0,0,63,63.1,1,0,0
2026-09-14 04:20:00,114.5,1,63,60.7,1,0,0
2026-09-14 04:25:00,117.5,0,63,65.0,1,0,0
2026-09-14 04:30:00,116.6,0,63,64.6,1,0,0
2026-09-14 04:35:00,117.9,0,63,64.0,1,0,0
2026-09-14 04:40:00,118.7,0,60,68.9,1,0,0
2026-09-14 04:45:00,118.2,0,64,66.1,1,0,0
2026-09-14 04:50:00,117.3,1,64,66.7,1,0,0
2026-09-14 04:55:00,115.9,1,65,66.3,1,0,0
2026-09-14 05:00:00,115.0,0,61,66.1,1,0,0
2026-09-14 05:05:00,113.7,0,65,66.6,1,0,0
2026-09-14 05:10:00,112.6,0,62,63.0,1,0,0
2026-09-14 05:15:00,112.7,0,63,64.5,1,0,0
2026-09-14 05:20:00,112.9,2,59,65.1,1,0,0
2026-09-14 05:25:00,112.4,13,74,40.6,0,0,0
2026-09-14 05:30:00,112.0,16,70,40.6,0,0,0
2026-09-14 05:35:00,112.6,27,73,39.3,0,0,0
2026-09-14 05:40:00,110.5,25,71,38.3,0,0,0
2026-09-14 05:45:00,111.8,17,69,38.7,0,0,0
2026-09-14 05:50:00,110.2,32,75,41.0,0,0,0
2026-09-14 05:55:00,108.7,31,72,36.0,0,0,0
2026-09-14 06:00:00,107.2,44,73,38.4,0,0,0
2026-09-14 06:05:00,108.5,17,74,42.5,0,0,0
2026-09-14 06:10:00,110.1,42,76,36.2,0,0,0
2026-09-14 06:15:00,111.1,30,69,42.3,0,0,0
2026-09-14 06:20:00,112.1,32,71,40.3,0,0,0
2026-09-14 06:25:00,111.0,22,68,43.4,0,0,0
2026-09-14 06:30:00,112.6,4,71,39.3,0,0,0
2026-09-14 06:35:00,110.1,17,70,41.7,0,0,0
2026-09-14 06:40:00,107.7,19,70,43.0,0,0,0
2026-09-14 06:45:00,104.6,23,71,41.7,0,0,0
2026-09-14 06:50:00,103.0,35,78,43.6,0,0,0
2026-09-14 06:55:00,103.2,24,67,41.5,0,0,0
2026-09-14 07:00:00,104.7,24,69,41.2,0,0,0
2026-09-14 07:05:00,101.1,21,77,40.0,0,0,0
2026-09-14 07:10:00,99.0,24,68,40.4,0,0,0
2026-09-14 07:15:00,102.7,34,69,43.4,0,0,0
2026-09-14 07:20:00,102.8,7,72,37.8,0,0,0
2026-09-14 07:25:00,99.6,20,70,39.1,0,0,0
2026-09-14 07:30:00,100.0,36,73,41.5,0,0,0
2026-09-14 07:35:00,103.2,48,78,39.7,0,0,0
2026-09-14 07:40:00,102.3,31,71,41.0,0,0,0
2026-09-14 07:45:00,100.5,21,76,37.7,0,0,0
2026-09-14 07:50:00,98.4,17,73,37.7,0,0,0
2026-09-14 07:55:00,98.3,12,66,41.7,0,0,0
2026-09-14 08:00:00,97.4,7,70,39.3,0,0,0
2026-09-14 08:05:00,100.9,24,71,44.5,0,0,0
2026-09-14 08:10:00,101.6,21,74,37.1,0,0,0
2026-09-14 08:15:00,102.7,9,68,39.7,0,0,0
2026-09-14 08:20:00,105.0,36,71,36.0,0,0,0
2026-09-14 08:25:00,103.1,19,73,42.9,0,0,0
2026-09-14 08:30:00,101.9,21,72,36.5,0,0,0
2026-09-14 08:35:00,104.1,49,78,42.8,0,0,0
2026-09-14 08:40:00,100.3,59,73,35.8,0,0,0
2026-09-14 08:45:00,100.8,25,71,36.3,0,0,0
2026-09-14 08:50:00,104.2,31,74,43.6,0,0,0
2026-09-14 08:55:00,104.6,16,70,40.5,0,0,0
2026-09-14 09:00:00,106.7,16,71,40.6,0,0,0
2026-09-14 09:05:00,107.3,25,74,42.2,0,0,0
2026-09-14 09:10:00,103.7,28,68,40.9,0,0,0
2026-09-14 09:15:00,104.2,26,72,38.8,0,0,0
2026-09-14 09:20:00,103.3,28,72,36.4,0,0,0
2026-09-14 09:25:00,102.8,11,71,39.3,0,0,0
2026-09-14 09:30:00,102.1,31,72,42.1,0,0,0
2026-09-14 09:35:00,103.0,29,73,44.8,0,0,0
2026-09-14 09:40:00,104.8,501,98,41.6,0,0,0
2026-09-14 09:45:00,107.7,506,99,41.8,0,0,0
2026-09-14 09:50:00,108.1,20,70,43.2,0,0,0
2026-09-14 09:55:00,106.4,5,70,41.4,0,0,0
2026-09-14 10:00:00,108.5,7,71,39.2,0,0,0
2026-09-14 10:05:00,106.6,7,70,39.4,0,0,0
2026-09-14 10:10:00,106.7,25,71,41.2,0,0,0
2026-09-14 10:15:00,105.0,51,73,37.6,0,0,0
2026-09-14 10:20:00,103.8,27,71,43.4,0,0,0
2026-09-14 10:25:00,100.7,26,71,39.5,0,0,0
2026-09-14 10:30:00,102.4,48,71,38.0,0,0,0
2026-09-14 10:35:00,104.0,34,68,38.9,0,0,0
2026-09-14 10:40:00,106.0,26,68,42.4,0,0,0
2026-09-14 10:45:00,111.1,13,72,40.6,0,0,0
2026-09-14 10:50:00,107.0,26,69,39.0,0,0,0
2026-09-14 10:55:00,107.4,28,72,38.2,0,0,0
2026-09-14 11:00:00,107.7,18,72,38.3,0,0,0
2026-09-14 11:05:00,107.1,17,69,41.5,0,0,0
2026-09-14 11:10:00,105.1,28,71,40.9,0,0,0
2026-09-14 11:15:00,102.8,12,74,40.8,0,0,0
2026-09-14 11:20:00,101.1,13,69,39.6,0,0,0
2026-09-14 11:25:00,101.6,36,79,41.5,0,0,0
2026-09-14 11:30:00,101.4,9,67,44.8,0,0,0
2026-09-14 11:35:00,105.1,30,72,41.0,0,0,0
2026-09-14 11:40:00,104.7,17,70,43.9,0,0,0
2026-09-14 11:45:00,104.4,11,67,38.8,0,0,0
2026-09-14 11:50:00,102.2,20,75,40.3,0,0,0
2026-09-14 11:55:00,101.9,37,70,41.6,0,0,0
2026-09-14 12:00:00,101.6,30,70,40.0,0,0,0
2026-09-14 12:05:00,101.2,18,71,41.5,0,0,0
2026-09-14 12:10:00,102.0,74,76,42.0,0,0,0
2026-09-14 12:15:00,102.2,9,69,40.0,0,0,0
2026-09-14 12:20:00,99.1,19,67,41.7,0,0,0
2026-09-14 12:25:00,97.9,17,71,41.8,0,0,0
2026-09-14 12:30:00,95.5,10,73,38.6,0,0,0
2026-09-14 12:35:00,99.4,19,73,37.7,0,0,0
2026-09-14 12:40:00,97.0,18,67,44.4,0,0,0
2026-09-14 12:45:00,97.0,28,75,42.7,0,0,0
2026-09-14 12:50:00,97.4,13,72,41.4,0,0,0
2026-09-14 12:55:00,99.0,11,69,38.8,0,0,0
2026-09-14 13:00:00,99.5,38,71,40.2,0,0,0
2026-09-14 13:05:00,97.7,26,68,41.9,0,0,0
2026-09-14 13:10:00,99.0,14,69,41.4,0,0,0
2026-09-14 13:15:00,97.1,23,67,42.4,0,0,0
2026-09-14 13:20:00,98.9,12,67,37.8,0,0,0
2026-09-14 13:25:00,100.8,31,72,37.4,0,0,0
2026-09-14 13:30:00,102.4,18,72,42.7,0,0,0
2026-09-14 13:35:00,100.7,21,73,41.7,0,0,0
2026-09-14 13:40:00,99.9,20,72,41.1,0,0,0
2026-09-14 13:45:00,102.1,32,72,36.8,0,0,0
2026-09-14 13:50:00,102.7,33,74,41.7,0,0,0
2026-09-14 13:55:00,101.7,63,74,39.7,0,0,0
2026-09-14 14:00:00,103.5,8,69,39.1,0,0,0
2026-09-14 14:05:00,105.7,46,71,40.1,0,0,0
2026-09-14 14:10:00,106.9,15,71,41.1,0,0,0
2026-09-14 14:15:00,106.5,20,73,39.0,0,0,0
2026-09-14 14:20:00,103.9,29,76,39.2,0,73,68
2026-09-14 14:25:00,111.2,18,71,37.5,0,0,0
2026-09-14 14:30:00,119.8,28,77,38.6,0,0,0
2026-09-14 14:35:00,125.3,15,73,40.1,0,0,0
2026-09-14 14:40:00,128.9,18,69,39.0,0,0,0
2026-09-14 14:45:00,133.8,21,72,39.8,0,0,0
2026-09-14 14:50:00,137.6,26,74,41.4,0,0,0
2026-09-14 14:55:00,137.8,16,70,40.2,0,0,0
2026-09-14 15:00:00,137.2,54,75,39.4,0,0,0
2026-09-14 15:05:00,136.0,15,71,39.2,0,0,0
2026-09-14 15:10:00,135.1,30,71,40.4,0,0,0
2026-09-14 15:15:00,131.6,14,71,43.7,0,0,0
2026-09-14 15:20:00,130.9,17,71,43.3,0,0,0
2026-09-14 15:25:00,128.9,12,68,42.0,0,0,0
2026-09-14 15:30:00,128.0,20,74,39.8,0,0,0
2026-09-14 15:35:00,124.2,42,75,40.3,0,0,0
2026-09-14 15:40:00,124.5,25,69,42.2,0,0,0
2026-09-14 15:45:00,123.0,13,72,34.6,0,0,0
2026-09-14 15:50:00,120.7,13,69,38.7,0,0,0
2026-09-14 15:55:00,120.8,9,73,42.8,0,0,0
2026-09-14 16:00:00,121.1,29,71,40.0,0,0,0
2026-09-14 16:05:00,122.9,11,71,38.6,0,0,0
2026-09-14 16:10:00,121.7,47,68,44.4,0,0,0
2026-09-14 16:15:00,116.8,8,66,39.3,0,0,0
2026-09-14 16:20:00,115.7,28,71,40.2,0,0,0
2026-09-14 16:25:00,111.8,51,74,40.3,0,0,0
2026-09-14 16:30:00,109.8,40,72,35.7,0,0,0
2026-09-14 16:35:00,110.9,21,72,38.7,0,0,0
2026-09-14 16:40:00,107.9,50,74,36.8,0,0,0
2026-09-14 16:45:00,104.4,22,73,39.7,0,0,0
2026-09-14 16:50:00,106.1,35,71,40.7,0,0,0
2026-09-14 16:55:00,106.6,18,72,41.0,0,0,0
2026-09-14 17:00:00,107.9,14,75,37.2,0,0,0
2026-09-14 17:05:00,106.4,31,68,38.4,0,0,0
2026-09-14 17:10:00,109.0,17,73,42.3,0,0,0
2026-09-14 17:15:00,105.8,27,72,40.0,0,0,0
2026-09-14 17:20:00,108.0,18,73,40.9,0,0,0
2026-09-14 17:25:00,109.2,27,71,43.4,0,0,0
2026-09-14 17:30:00,106.7,29,72,38.9,0,0,0
2026-09-14 17:35:00,108.6,35,72,34.2,0,0,0
2026-09-14 17:40:00,105.9,19,70,39.0,0,0,0
2026-09-14 17:45:00,103.6,9,69,43.5,0,0,0
2026-09-14 17:50:00,106.8,27,78,42.6,0,49,80
2026-09-14 17:55:00,114.0,26,76,41.3,0,0,0
2026-09-14 18:00:00,118.7,48,78,40.0,0,0,0
2026-09-14 18:05:00,121.8,22,72,40.3,0,0,0
2026-09-14 18:10:00,126.4,18,72,36.2,0,0,0
2026-09-14 18:15:00,127.5,41,76,40.0,0,0,0
2026-09-14 18:20:00,127.9,16,72,39.9,0,0,0
2026-09-14 18:25:00,126.3,19,68,41.3,0,0,0
2026-09-14 18:30:00,128.1,31,76,40.3,0,0,0
2026-09-14 18:35:00,129.4,24,72,38.9,0,0,0
2026-09-14 18:40:00,130.3,25,73,41.2,0,0,0
2026-09-14 18:45:00,129.9,28,67,40.0,0,0,0
2026-09-14 18:50:00,128.3,16,71,39.0,0,0,0
2026-09-14 18:55:00,126.6,13,67,43.3,0,0,0
2026-09-14 19:00:00,120.8,21,74,40.1,0,0,0
2026-09-14 19:05:00,119.4,41,71,37.0,0,0,0
2026-09-14 19:10:00,118.5,28,72,38.2,0,0,0
2026-09-14 19:15:00,120.4,49,77,38.6,0,0,0
2026-09-14 19:20:00,118.9,20,72,43.0,0,0,0
2026-09-14 19:25:00,116.9,21,67,38.9,0,0,0
2026-09-14 19:30:00,114.7,33,71,39.1,0,0,0
2026-09-14 19:35:00,115.3,31,73,39.6,0,0,0
2026-09-14 19:40:00,113.1,35,72,37.4,0,0,0
2026-09-14 19:45:00,113.4,25,73,40.8,0,0,0
2026-09-14 19:50:00,113.5,44,72,37.1,0,0,0
2026-09-14 19:55:00,112.2,11,69,38.5,0,0,0
2026-09-14 20:00:00,111.5,24,70,40.7,0,0,0
2026-09-14 20:05:00,108.7,30,69,37.8,0,0,0
2026-09-14 20:10:00,106.8,17,69,42.9,0,0,0
2026-09-14 20:15:00,103.0,26,70,41.9,0,0,0
2026-09-14 20:20:00,100.7,22,71,41.9,0,0,0
2026-09-14 20:25:00,99.1,27,74,40.7,0,0,0
2026-09-14 20:30:00,102.4,19,74,40.0,0,0,0
2026-09-14 20:35:00,101.8,19,74,40.3,0,0,0
2026-09-14 20:40:00,102.2,23,70,41.4,0,64,55
2026-09-14 20:45:00,108.7,33,75,39.5,0,0,0
2026-09-14 20:50:00,114.1,18,76,39.3,0,0,0
2026-09-14 20:55:00,121.8,18,76,43.0,0,0,0
2026-09-14 21:00:00,123.4,7,77,38.1,0,0,0
2026-09-14 21:05:00,125.9,23,79,40.5,0,0,0
2026-09-14 21:10:00,125.6,25,73,40.6,0,0,0
2026-09-14 21:15:00,128.7,31,70,40.0,0,0,0
2026-09-14 21:20:00,129.7,33,73,40.6,0,0,0
2026-09-14 21:25:00,130.3,15,72,40.4,0,0,0
2026-09-14 21:30:00,132.0,13,73,37.4,0,0,0
2026-09-14 21:35:00,129.2,23,72,39.8,0,0,0
2026-09-14 21:40:00,128.3,20,72,39.6,0,0,0
2026-09-14 21:45:00,124.7,17,70,40.3,0,0,0
2026-09-14 21:50:00,125.5,13,67,41.3,0,0,0
2026-09-14 21:55:00,124.4,29,68,36.9,0,0,0
2026-09-14 22:00:00,124.2,26,76,43.4,0,0,0
2026-09-14 22:05:00,125.2,34,73,37.1,0,0,0
2026-09-14 22:10:00,120.0,19,71,43.4,0,0,0
2026-09-14 22:15:00,118.5,19,70,47.1,0,0,0
2026-09-14 22:20:00,118.8,21,72,42.2,0,0,0
2026-09-14 22:25:00,115.0,29,70,41.0,0,0,0
2026-09-14 22:30:00,114.2,36,72,42.6,0,0,0
2026-09-14 22:35:00,113.0,25,71,37.6,0,0,0
2026-09-14 22:40:00,111.3,11,73,41.8,0,0,0
2026-09-14 22:45:00,112.2,12,71,42.0,0,0,0
2026-09-14 22:50:00,110.6,27,69,40.6,0,0,0
2026-09-14 22:55:00,110.2,13,71,38.4,0,0,0
2026-09-14 23:00:00,111.3,12,72,40.9,0,0,0
2026-09-14 23:05:00,105.9,24,71,38.9,0,0,0
2026-09-14 23:10:00,106.0,33,73,38.1,0,0,0
2026-09-14 23:15:00,105.9,18,71,39.8,0,0,0
2026-09-14 23:20:00,108.3,24,74,38.1,0,0,0
2026-09-14 23:25:00,106.9,28,74,41.1,0,0,0
2026-09-14 23:30:00,108.4,29,71,40.1,0,0,0
2026-09-14 23:35:00,111.9,25,71,40.9,0,0,0
2026-09-14 23:40:00,113.7,22,75,43.0,0,0,0
2026-09-14 23:45:00,113.5,9,70,40.7,0,0,0
2026-09-14 23:50:00,110.0,22,67,37.5,0,0,0
2026-09-14 23:55:00,111.1,36,73,41.1,0,0,0
