timestamp,glucose_mgdl,steps,heart_rate,hrv_ms,sleeping,carbs_g,meal_gi
2026-09-01 00:00:00,158.0,2,65,60.0,1,0,0
2026-09-01 00:05:00,159.4,0,62,57.8,1,0,0
2026-09-01 00:10:00,158.4,1,66,55.9,1,0,0
2026-09-01 00:15:00,158.4,0,63,58.1,1,0,0
2026-09-01 00:20:00,160.0,0,59,56.6,1,0,0
2026-09-01 00:25:00,161.2,0,61,60.5,1,0,0
2026-09-01 00:30:00,162.1,0,66,61.8,1,0,0
2026-09-01 00:35:00,160.6,0,61,59.1,1,0,0
2026-09-01 00:40:00,159.4,0,61,59.9,1,0,0
2026-09-01 00:45:00,159.1,0,64,58.6,1,0,0
2026-09-01 00:50:00,158.6,0,59,56.6,1,0,0
2026-09-01 00:55:00,158.1,0,62,59.7,1,0,0
2026-09-01 01:00:00,156.4,0,65,55.8,1,0,0
2026-09-01 01:05:00,158.7,0,63,57.4,1,0,0
2026-09-01 01:10:00,160.6,1,62,56.5,1,0,0
2026-09-01 01:15:00,160.6,1,63,57.8,1,0,0
2026-09-01 01:20:00,160.1,1,58,58.6,1,0,0
2026-09-01 01:25:00,162.2,0,61,59.1,1,0,0
2026-09-01 01:30:00,163.9,1,63,61.7,1,0,0
2026-09-01 01:35:00,160.6,1,62,61.1,1,0,0
2026-09-01 01:40:00,162.3,0,65,57.6,1,0,0
2026-09-01 01:45:00,159.2,0,66,57.7,1,0,0
2026-09-01 01:50:00,158.7,0,66,56.9,1,0,0
2026-09-01 01:55:00,156.4,0,63,58.0,1,0,0
2026-09-01 02:00:00,155.2,0,62,59.7,1,0,0
2026-09-01 02:05:00,156.8,0,61,58.9,1,0,0
2026-09-01 02:10:00,155.4,0,63,60.3,1,0,0
2026-09-01 02:15:00,154.1,0,64,59.3,1,0,0
2026-09-01 02:20:00,152.6,0,62,57.6,1,0,0
2026-09-01 02:25:00,153.1,1,62,60.0,1,0,0
2026-09-01 02:30:00,153.5,0,62,57.0,1,0,0
2026-09-01 02:35:00,154.8,0,65,59.2,1,0,0
2026-09-01 02:40:00,155.3,0,63,62.6,1,0,0
2026-09-01 02:45:00,158.9,0,63,54.9,1,0,0
2026-09-01 02:50:00,158.3,1,58,57.9,1,0,0
2026-09-01 02:55:00,156.8,0,62,60.0,1,0,0
2026-09-01 03:00:00,157.9,1,61,56.7,1,0,0
2026-09-01 03:05:00,156.3,0,65,60.4,1,0,0
2026-09-01 03:10:00,157.1,0,63,58.2,1,0,0
2026-09-01 03:15:00,161.7,0,59,57.0,1,0,0
2026-09-01 03:20:00,163.6,0,64,58.3,1,0,0
2026-09-01 03:25:00,164.5,2,66,60.2,1,0,0
2026-09-01 03:30:00,162.2,1,61,60.8,1,0,0
2026-09-01 03:35:00,163.3,0,64,60.1,1,0,0
2026-09-01 03:40:00,162.2,0,62,62.3,1,0,0
2026-09-01 03:45:00,164.0,0,63,61.3,1,0,0
2026-09-01 03:50:00,164.2,1,61,60.0,1,0,0
2026-09-01 03:55:00,162.7,0,63,58.9,1,0,0
2026-09-01 04:00:00,162.2,0,60,62.6,1,0,0
2026-09-01 04:05:00,158.3,0,67,56.7,1,0,0
2026-09-01 04:10:00,160.0,0,65,59.1,1,0,0
2026-09-01 04:15:00,163.9,0,63,60.8,1,0,0
2026-09-01 04:20:00,164.7,1,64,56.6,1,0,0
2026-09-01 04:25:00,164.5,0,64,59.9,1,0,0
2026-09-01 04:30:00,168.5,1,63,60.8,1,0,0
2026-09-01 04:35:00,165.3,0,63,56.8,1,0,0
2026-09-01 04:40:00,162.9,1,61,56.7,1,0,0
2026-09-01 04:45:00,164.6,0,65,59.5,1,0,0
2026-09-01 04:50:00,165.3,0,62,59.8,1,0,0
2026-09-01 04:55:00,162.0,0,64,60.3,1,0,0
2026-09-01 05:00:00,163.9,1,62,61.4,1,0,0
2026-09-01 05:05:00,165.9,0,63,61.7,1,0,0
2026-09-01 05:10:00,164.4,0,65,61.4,1,0,0
2026-09-01 05:15:00,164.8,0,62,60.3,1,0,0
2026-09-01 05:20:00,165.6,0,63,58.5,1,0,0
2026-09-01 05:25:00,166.9,0,65,60.6,1,0,0
2026-09-01 05:30:00,167.5,0,61,55.9,1,0,0
2026-09-01 05:35:00,174.0,0,61,60.7,1,0,0
2026-09-01 05:40:00,172.5,1,62,63.2,1,0,0
2026-09-01 05:45:00,172.9,0,62,54.9,1,0,0
2026-09-01 05:50:00,170.4,0,62,56.9,1,0,0
2026-09-01 05:55:00,169.8,0,62,54.4,1,0,0
2026-09-01 06:00:00,169.2,6,68,39.2,0,0,0
2026-09-01 06:05:00,170.5,3,70,35.6,0,0,0
2026-09-01 06:10:00,170.1,9,70,35.7,0,0,0
2026-09-01 06:15:00,170.5,4,72,36.5,0,0,0
2026-09-01 06:20:00,170.1,3,75,39.0,0,0,0
2026-09-01 06:25:00,169.8,11,71,36.9,0,0,0
2026-09-01 06:30:00,169.4,5,71,34.3,0,0,0
2026-09-01 06:35:00,169.5,6,71,34.7,0,0,0
2026-09-01 06:40:00,169.6,8,72,33.5,0,0,0
2026-09-01 06:45:00,167.8,5,72,39.3,0,0,0
2026-09-01 06:50:00,168.3,9,73,32.9,0,0,0
2026-09-01 06:55:00,166.9,10,74,37.5,0,0,0
2026-09-01 07:00:00,166.1,7,70,31.8,0,0,0
2026-09-01 07:05:00,167.8,6,72,35.4,0,0,0
2026-09-01 07:10:00,164.1,7,71,34.8,0,0,0
2026-09-01 07:15:00,159.1,7,75,35.8,0,0,0
2026-09-01 07:20:00,158.9,5,69,37.8,0,0,0
2026-09-01 07:25:00,157.8,6,71,34.8,0,0,0
2026-09-01 07:30:00,158.3,4,74,40.6,0,40,70
2026-09-01 07:35:00,164.4,6,77,31.3,0,0,0
2026-09-01 07:40:00,171.7,3,74,36.1,0,0,0
2026-09-01 07:45:00,175.9,5,75,36.4,0,0,0
2026-09-01 07:50:00,174.3,6,77,33.4,0,0,0
2026-09-01 07:55:00,175.5,6,76,38.9,0,0,0
2026-09-01 08:00:00,175.7,15,77,37.8,0,0,0
2026-09-01 08:05:00,177.0,10,72,38.8,0,0,0
2026-09-01 08:10:00,177.5,15,72,38.4,0,0,0
2026-09-01 08:15:00,175.0,5,70,37.4,0,0,0
2026-09-01 08:20:00,175.3,6,72,33.1,0,0,0
2026-09-01 08:25:00,171.4,8,70,35.6,0,0,0
2026-09-01 08:30:00,173.6,6,71,35.4,0,0,0
2026-09-01 08:35:00,174.8,11,70,38.4,0,0,0
2026-09-01 08:40:00,180.3,9,72,38.4,0,0,0
2026-09-01 08:45:00,180.5,5,70,34.7,0,0,0
2026-09-01 08:50:00,179.4,6,70,32.4,0,0,0
2026-09-01 08:55:00,179.3,9,71,35.8,0,0,0
2026-09-01 09:00:00,178.7,9,71,37.9,0,0,0
2026-09-01 09:05:00,175.0,12,74,38.9,0,0,0
2026-09-01 09:10:00,173.6,6,75,37.1,0,0,0
2026-09-01 09:15:00,169.3,8,72,38.8,0,0,0
2026-09-01 09:20:00,165.8,12,72,38.0,0,0,0
2026-09-01 09:25:00,162.9,2,73,40.3,0,0,0
2026-09-01 09:30:00,160.2,9,72,32.6,0,0,0
2026-09-01 09:35:00,157.4,2,70,35.4,0,0,0
2026-09-01 09:40:00,155.2,14,67,36.5,0,0,0
2026-09-01 09:45:00,157.9,4,70,36.0,0,0,0
2026-09-01 09:50:00,157.9,8,69,36.2,0,0,0
2026-09-01 09:55:00,161.1,3,70,36.0,0,0,0
2026-09-01 10:00:00,158.9,11,72,37.5,0,0,0
2026-09-01 10:05:00,159.9,5,74,37.8,0,0,0
2026-09-01 10:10:00,158.2,12,73,34.4,0,0,0
2026-09-01 10:15:00,158.8,6,70,37.7,0,0,0
2026-09-01 10:20:00,158.7,6,69,34.2,0,0,0
2026-09-01 10:25:00,158.6,12,70,35.4,0,0,0
2026-09-01 10:30:00,159.6,12,72,37.0,0,0,0
2026-09-01 10:35:00,161.9,8,70,37.0,0,0,0
2026-09-01 10:40:00,157.0,1,77,35.8,0,0,0
2026-09-01 10:45:00,156.7,8,70,34.8,0,0,0
2026-09-01 10:50:00,156.9,10,74,33.7,0,0,0
2026-09-01 10:55:00,157.2,9,71,38.1,0,0,0
2026-09-01 11:00:00,158.3,6,74,36.3,0,0,0
2026-09-01 11:05:00,156.6,11,71,34.9,0,0,0
2026-09-01 11:10:00,156.5,15,73,33.2,0,0,0
2026-09-01 11:15:00,152.7,18,70,36.3,0,0,0
2026-09-01 11:20:00,151.7,25,71,36.3,0,0,0
2026-09-01 11:25:00,151.0,12,72,36.0,0,0,0
2026-09-01 11:30:00,150.7,5,71,38.2,0,0,0
2026-09-01 11:35:00,156.5,10,75,33.8,0,0,0
2026-09-01 11:40:00,157.2,5,72,35.8,0,0,0
2026-09-01 11:45:00,157.0,10,69,33.1,0,0,0
2026-09-01 11:50:00,159.8,6,69,36.2,0,0,0
2026-09-01 11:55:00,158.8,11,69,38.0,0,0,0
2026-09-01 12:00:00,156.9,13,73,37.1,0,0,0
2026-09-01 12:05:00,158.9,3,73,36.7,0,0,0
2026-09-01 12:10:00,161.6,15,69,36.5,0,0,0
2026-09-01 12:15:00,158.0,6,69,35.8,0,0,0
2026-09-01 12:20:00,157.7,12,70,32.6,0,0,0
2026-09-01 12:25:00,157.7,3,68,35.3,0,0,0
2026-09-01 12:30:00,155.6,4,76,35.7,0,85,75
2026-09-01 12:35:00,169.8,8,76,37.6,0,0,0
2026-09-01 12:40:00,180.8,15,77,35.0,0,0,0
2026-09-01 12:45:00,187.7,8,75,41.1,0,0,0
2026-09-01 12:50:00,190.3,9,72,38.4,0,0,0
2026-09-01 12:55:00,193.2,6,73,38.6,0,0,0
2026-09-01 13:00:00,193.1,4,71,36.4,0,0,0
2026-09-01 13:05:00,198.4,10,74,36.5,0,0,0
2026-09-01 13:10:00,203.7,5,68,36.3,0,0,0
2026-09-01 13:15:00,204.2,6,75,39.2,0,0,0
2026-09-01 13:20:00,205.8,12,70,37.6,0,0,0
2026-09-01 13:25:00,205.6,10,72,35.0,0,0,0
2026-09-01 13:30:00,206.1,5,72,37.3,0,0,0
2026-09-01 13:35:00,205.3,11,75,36.7,0,0,0
2026-09-01 13:40:00,199.2,20,73,37.6,0,0,0
2026-09-01 13:45:00,194.5,10,74,36.2,0,0,0
2026-09-01 13:50:00,191.1,14,73,38.3,0,0,0
2026-09-01 13:55:00,189.7,9,71,33.7,0,0,0
2026-09-01 14:00:00,188.8,6,70,35.4,0,0,0
2026-09-01 14:05:00,190.2,16,73,38.4,0,0,0
2026-09-01 14:10:00,190.0,5,72,38.5,0,0,0
2026-09-01 14:15:00,188.4,15,73,34.5,0,0,0
2026-09-01 14:20:00,185.2,2,73,39.7,0,0,0
2026-09-01 14:25:00,184.7,11,71,36.9,0,0,0
2026-09-01 14:30:00,180.7,2,72,36.1,0,0,0
2026-09-01 14:35:00,176.7,12,70,32.8,0,0,0
2026-09-01 14:40:00,175.5,4,73,37.0,0,0,0
2026-09-01 14:45:00,177.8,3,71,39.5,0,0,0
2026-09-01 14:50:00,178.1,8,69,33.6,0,0,0
2026-09-01 14:55:00,180.0,7,73,36.9,0,0,0
2026-09-01 15:00:00,177.1,8,68,40.9,0,0,0
2026-09-01 15:05:00,174.9,16,70,33.7,0,0,0
2026-09-01 15:10:00,172.3,0,74,35.4,0,0,0
2026-09-01 15:15:00,170.5,13,73,36.8,0,0,0
2026-09-01 15:20:00,175.7,17,69,37.5,0,0,0
2026-09-01 15:25:00,173.5,4,72,38.0,0,0,0
2026-09-01 15:30:00,174.1,9,73,35.8,0,0,0
2026-09-01 15:35:00,172.9,8,71,37.9,0,0,0
2026-09-01 15:40:00,170.3,13,69,39.5,0,0,0
2026-09-01 15:45:00,168.7,4,74,32.5,0,0,0
2026-09-01 15:50:00,167.2,3,72,36.8,0,0,0
2026-09-01 15:55:00,168.2,13,72,38.2,0,0,0
2026-09-01 16:00:00,171.6,6,71,35.5,0,0,0
2026-09-01 16:05:00,172.0,7,73,36.1,0,0,0
2026-09-01 16:10:00,168.3,7,70,38.0,0,0,0
2026-09-01 16:15:00,167.9,7,70,38.5,0,0,0
2026-09-01 16:20:00,166.8,7,71,37.5,0,0,0
2026-09-01 16:25:00,168.1,8,71,37.6,0,0,0
2026-09-01 16:30:00,164.7,7,72,42.3,0,0,0
2026-09-01 16:35:00,163.7,17,71,33.9,0,0,0
2026-09-01 16:40:00,160.8,6,71,36.9,0,0,0
2026-09-01 16:45:00,158.5,7,73,36.6,0,0,0
2026-09-01 16:50:00,159.6,2,70,34.0,0,0,0
2026-09-01 16:55:00,162.2,11,69,38.7,0,0,0
2026-09-01 17:00:00,163.6,11,72,34.5,0,0,0
2026-09-01 17:05:00,157.9,8,76,35.7,0,48,80
2026-09-01 17:10:00,169.4,16,73,37.6,0,0,0
2026-09-01 17:15:00,176.3,12,76,36.1,0,0,0
2026-09-01 17:20:00,181.3,8,74,36.9,0,0,0
2026-09-01 17:25:00,185.6,12,81,35.7,0,0,0
2026-09-01 17:30:00,185.4,6,75,38.0,0,0,0
2026-09-01 17:35:00,188.7,6,72,36.9,0,0,0
2026-09-01 17:40:00,186.3,5,70,37.1,0,0,0
2026-09-01 17:45:00,186.8,16,70,36.4,0,0,0
2026-09-01 17:50:00,186.6,3,72,36.9,0,0,0
2026-09-01 17:55:00,185.3,32,70,36.8,0,0,0
2026-09-01 18:00:00,184.8,15,72,32.0,0,0,0
2026-09-01 18:05:00,184.7,2,71,36.4,0,0,0
2026-09-01 18:10:00,182.7,7,71,37.7,0,0,0
2026-09-01 18:15:00,178.0,20,71,36.2,0,0,0
2026-09-01 18:20:00,177.4,385,94,37.1,0,0,0
2026-09-01 18:25:00,180.0,378,92,38.9,0,0,0
2026-09-01 18:30:00,179.5,7,73,34.8,0,0,0
2026-09-01 18:35:00,176.6,15,72,39.2,0,0,0
2026-09-01 18:40:00,173.9,7,74,39.1,0,0,0
2026-09-01 18:45:00,171.4,19,75,35.0,0,0,0
2026-09-01 18:50:00,172.9,7,70,35.5,0,0,0
2026-09-01 18:55:00,172.8,6,72,33.9,0,0,0
2026-09-01 19:00:00,169.0,6,73,33.9,0,0,0
2026-09-01 19:05:00,170.7,7,71,37.8,0,0,0
2026-09-01 19:10:00,167.5,8,68,34.0,0,0,0
2026-09-01 19:15:00,166.3,12,72,34.4,0,0,0
2026-09-01 19:20:00,164.0,6,72,36.7,0,0,0
2026-09-01 19:25:00,160.9,4,72,37.4,0,0,0
2026-09-01 19:30:00,160.4,1,67,36.0,0,0,0
2026-09-01 19:35:00,160.7,14,72,34.5,0,0,0
2026-09-01 19:40:00,163.0,16,73,36.0,0,0,0
2026-09-01 19:45:00,162.7,4,70,34.2,0,0,0
2026-09-01 19:50:00,159.2,5,71,39.6,0,0,0
2026-09-01 19:55:00,160.5,7,73,36.3,0,0,0
2026-09-01 20:00:00,164.1,7,74,38.0,0,0,0
2026-09-01 20:05:00,165.6,13,77,36.3,0,0,0
2026-09-01 20:10:00,165.5,13,72,35.3,0,0,0
2026-09-01 20:15:00,163.4,13,76,36.5,0,46,68
2026-09-01 20:20:00,166.6,5,80,39.8,0,0,0
2026-09-01 20:25:00,169.8,5,72,38.5,0,0,0
2026-09-01 20:30:00,172.1,462,102,39.7,0,0,0
2026-09-01 20:35:00,177.0,467,102,37.2,0,0,0
2026-09-01 20:40:00,177.8,7,73,36.9,0,0,0
2026-09-01 20:45:00,174.8,5,72,33.5,0,0,0
2026-09-01 20:50:00,177.9,10,71,35.7,0,0,0
2026-09-01 20:55:00,175.2,9,74,37.7,0,0,0
2026-09-01 21:00:00,173.9,8,71,37.4,0,0,0
2026-09-01 21:05:00,174.9,11,71,33.8,0,0,0
2026-09-01 21:10:00,174.6,8,74,35.4,0,0,0
2026-09-01 21:15:00,178.0,15,73,36.1,0,0,0
2026-09-01 21:20:00,177.3,14,73,39.4,0,0,0
2026-09-01 21:25:00,176.6,15,71,39.3,0,0,0
2026-09-01 21:30:00,173.5,5,73,35.6,0,0,0
2026-09-01 21:35:00,175.1,4,70,36.7,0,0,0
2026-09-01 21:40:00,175.2,2,75,34.1,0,0,0
2026-09-01 21:45:00,172.1,13,74,37.1,0,0,0
2026-09-01 21:50:00,171.1,14,73,35.7,0,0,0
2026-09-01 21:55:00,168.8,14,71,35.7,0,0,0
2026-09-01 22:00:00,166.7,9,72,36.5,0,0,0
2026-09-01 22:05:00,165.7,6,70,37.5,0,0,0
2026-09-01 22:10:00,164.1,6,68,37.8,0,0,0
2026-09-01 22:15:00,163.8,5,72,39.4,0,0,0
2026-09-01 22:20:00,163.4,12,75,35.7,0,0,0
2026-09-01 22:25:00,163.5,11,69,38.5,0,0,0
2026-09-01 22:30:00,165.4,11,74,34.9,0,0,0
2026-09-01 22:35:00,162.1,13,73,35.5,0,0,0
2026-09-01 22:40:00,162.5,4,71,37.0,0,0,0
2026-09-01 22:45:00,160.7,4,72,40.8,0,0,0
2026-09-01 22:50:00,162.8,8,70,33.8,0,0,0
2026-09-01 22:55:00,159.6,11,72,39.2,0,0,0
2026-09-01 23:00:00,157.0,5,74,35.9,0,0,0
2026-09-01 23:05:00,158.7,2,68,32.5,0,0,0
2026-09-01 23:10:00,161.3,9,71,38.8,0,0,0
2026-09-01 23:15:00,162.2,21,73,36.7,0,0,0
2026-09-01 23:20:00,161.0,17,74,37.9,0,0,0
2026-09-01 23:25:00,162.5,12,70,37.7,0,0,0
2026-09-01 23:30:00,162.4,6,70,35.1,0,0,0
2026-09-01 23:35:00,162.4,18,74,38.4,0,0,0
2026-09-01 23:40:00,163.0,6,74,35.2,0,0,0
2026-09-01 23:45:00,161.4,9,69,34.2,0,0,0
2026-09-01 23:50:00,159.0,4,71,34.8,0,0,0
2026-09-01 23:55:00,162.6,10,67,35.3,0,0,0
2026-09-02 00:00:00,160.7,4,70,36.3,0,0,0
2026-09-02 00:05:00,155.3,6,73,39.0,0,0,0
2026-09-02 00:10:00,154.9,5,68,37.2,0,0,0
2026-09-02 00:15:00,156.5,7,70,38.3,0,0,0
2026-09-02 00:20:00,156.3,5,69,34.7,0,0,0
2026-09-02 00:25:00,162.8,6,73,35.2,0,0,0
2026-09-02 00:30:00,160.8,5,71,32.4,0,0,0
2026-09-02 00:35:00,161.3,13,70,38.6,0,0,0
2026-09-02 00:40:00,156.6,2,61,59.4,1,0,0
2026-09-02 00:45:00,155.0,0,63,57.6,1,0,0
2026-09-02 00:50:00,152.8,0,62,60.4,1,0,0
2026-09-02 00:55:00,152.4,0,64,58.6,1,0,0
2026-09-02 01:00:00,153.5,1,63,55.7,1,0,0
2026-09-02 01:05:00,155.0,0,61,60.2,1,0,0
2026-09-02 01:10:00,152.4,0,62,62.2,1,0,0
2026-09-02 01:15:00,156.8,0,63,58.7,1,0,0
2026-09-02 01:20:00,160.4,0,61,61.8,1,0,0
2026-09-02 01:25:00,162.3,0,61,60.7,1,0,0
2026-09-02 01:30:00,166.0,0,67,57.8,1,0,0
2026-09-02 01:35:00,165.4,0,59,58.0,1,0,0
2026-09-02 01:40:00,169.4,0,65,58.8,1,0,0
2026-09-02 01:45:00,168.7,0,61,59.1,1,0,0
2026-09-02 01:50:00,165.1,0,64,57.4,1,0,0
2026-09-02 01:55:00,165.3,0,65,59.2,1,0,0
2026-09-02 02:00:00,163.5,0,63,59.6,1,0,0
2026-09-02 02:05:00,159.9,0,61,62.7,1,0,0
2026-09-02 02:10:00,156.7,0,65,60.4,1,0,0
2026-09-02 02:15:00,156.6,0,64,63.0,1,0,0
2026-09-02 02:20:00,155.3,1,67,60.0,1,0,0
2026-09-02 02:25:00,154.1,0,64,62.6,1,0,0
2026-09-02 02:30:00,155.6,0,63,60.9,1,0,0
2026-09-02 02:35:00,157.6,0,64,59.9,1,0,0
2026-09-02 02:40:00,158.5,0,64,60.8,1,0,0
2026-09-02 02:45:00,158.6,0,63,59.5,1,0,0
2026-09-02 02:50:00,161.3,0,62,59.2,1,0,0
2026-09-02 02:55:00,164.5,0,64,60.0,1,0,0
2026-09-02 03:00:00,161.4,0,63,62.0,1,0,0
2026-09-02 03:05:00,163.2,0,62,53.3,1,0,0
2026-09-02 03:10:00,166.2,0,66,59.2,1,0,0
2026-09-02 03:15:00,162.7,1,63,61.6,1,0,0
2026-09-02 03:20:00,161.2,0,59,61.3,1,0,0
2026-09-02 03:25:00,158.6,0,64,61.7,1,0,0
2026-09-02 03:30:00,157.5,0,62,61.8,1,0,0
2026-09-02 03:35:00,161.0,1,64,59.2,1,0,0
2026-09-02 03:40:00,159.6,0,64,58.8,1,0,0
2026-09-02 03:45:00,160.5,0,61,59.8,1,0,0
2026-09-02 03:50:00,159.4,0,62,59.6,1,0,0
2026-09-02 03:55:00,159.7,0,63,57.9,1,0,0
2026-09-02 04:00:00,159.8,0,65,59.8,1,0,0
2026-09-02 04:05:00,160.1,0,64,60.3,1,0,0
2026-09-02 04:10:00,165.7,0,62,56.7,1,0,0
2026-09-02 04:15:00,164.9,0,63,61.0,1,0,0
2026-09-02 04:20:00,165.6,0,62,58.7,1,0,0
2026-09-02 04:25:00,165.2,0,64,56.7,1,0,0
2026-09-02 04:30:00,164.4,0,62,57.9,1,0,0
2026-09-02 04:35:00,162.8,0,62,57.7,1,0,0
2026-09-02 04:40:00,162.8,0,59,61.1,1,0,0
2026-09-02 04:45:00,161.9,1,61,60.8,1,0,0
2026-09-02 04:50:00,160.8,0,64,56.7,1,0,0
2026-09-02 04:55:00,163.9,3,62,58.2,1,0,0
2026-09-02 05:00:00,161.5,0,63,61.0,1,0,0
2026-09-02 05:05:00,164.5,0,63,59.5,1,0,0
2026-09-02 05:10:00,165.2,0,60,55.7,1,0,0
2026-09-02 05:15:00,163.0,1,63,57.5,1,0,0
2026-09-02 05:20:00,161.8,0,61,60.6,1,0,0
2026-09-02 05:25:00,160.9,0,67,61.9,1,0,0
2026-09-02 05:30:00,159.3,2,64,59.3,1,0,0
2026-09-02 05:35:00,161.7,0,63,61.9,1,0,0
2026-09-02 05:40:00,160.9,1,65,60.2,1,0,0
2026-09-02 05:45:00,165.0,0,65,64.0,1,0,0
2026-09-02 05:50:00,167.7,1,62,59.9,1,0,0
2026-09-02 05:55:00,166.7,0,62,56.7,1,0,0
2026-09-02 06:00:00,163.1,1,60,61.1,1,0,0
2026-09-02 06:05:00,163.5,0,59,63.6,1,0,0
2026-09-02 06:10:00,164.7,1,59,58.5,1,0,0
2026-09-02 06:15:00,163.9,0,63,61.3,1,0,0
2026-09-02 06:20:00,164.3,13,74,37.0,0,0,0
2026-09-02 06:25:00,163.4,7,72,39.0,0,0,0
2026-09-02 06:30:00,162.2,5,71,33.6,0,0,0
2026-09-02 06:35:00,160.2,14,72,33.9,0,0,0
2026-09-02 06:40:00,159.7,18,73,35.1,0,0,0
2026-09-02 06:45:00,161.3,7,70,34.9,0,0,0
2026-09-02 06:50:00,161.2,8,71,36.1,0,0,0
2026-09-02 06:55:00,159.3,6,71,36.5,0,0,0
2026-09-02 07:00:00,160.7,6,67,36.0,0,0,0
2026-09-02 07:05:00,162.1,8,70,37.3,0,0,0
2026-09-02 07:10:00,160.6,16,72,38.9,0,0,0
2026-09-02 07:15:00,160.5,5,72,37.4,0,0,0
2026-09-02 07:20:00,158.7,16,71,38.3,0,0,0
2026-09-02 07:25:00,161.9,6,72,37.6,0,0,0
2026-09-02 07:30:00,157.8,18,70,35.7,0,0,0
2026-09-02 07:35:00,157.9,8,74,36.3,0,0,0
2026-09-02 07:40:00,153.6,7,73,38.1,0,0,0
2026-09-02 07:45:00,153.8,12,70,35.2,0,0,0
2026-09-02 07:50:00,152.2,5,72,35.5,0,0,0
2026-09-02 07:55:00,152.3,8,74,37.5,0,0,0
2026-09-02 08:00:00,155.4,9,74,34.1,0,0,0
2026-09-02 08:05:00,154.8,9,71,36.8,0,0,0
2026-09-02 08:10:00,157.4,7,69,36.5,0,0,0
2026-09-02 08:15:00,156.3,8,68,36.8,0,0,0
2026-09-02 08:20:00,159.2,2,72,35.6,0,57,78
2026-09-02 08:25:00,164.4,12,73,38.4,0,0,0
2026-09-02 08:30:00,169.6,14,76,36.3,0,0,0
2026-09-02 08:35:00,171.9,422,103,37.7,0,0,0
2026-09-02 08:40:00,173.0,421,97,37.5,0,0,0
2026-09-02 08:45:00,177.2,10,75,34.9,0,0,0
2026-09-02 08:50:00,179.8,3,76,38.8,0,0,0
2026-09-02 08:55:00,182.8,4,71,39.0,0,0,0
2026-09-02 09:00:00,184.1,9,73,36.7,0,0,0
2026-09-02 09:05:00,184.9,2,75,34.6,0,0,0
2026-09-02 09:10:00,184.1,6,72,37.1,0,0,0
2026-09-02 09:15:00,182.2,4,73,37.8,0,0,0
2026-09-02 09:20:00,184.3,4,75,37.4,0,0,0
2026-09-02 09:25:00,182.0,12,70,36.3,0,0,0
2026-09-02 09:30:00,179.5,5,72,37.0,0,0,0
2026-09-02 09:35:00,176.7,3,74,40.0,0,0,0
2026-09-02 09:40:00,174.6,8,72,38.7,0,0,0
2026-09-02 09:45:00,173.2,7,70,38.9,0,0,0
2026-09-02 09:50:00,172.2,12,74,35.9,0,0,0
2026-09-02 09:55:00,171.1,8,73,36.9,0,0,0
2026-09-02 10:00:00,169.5,11,70,40.2,0,0,0
2026-09-02 10:05:00,169.7,9,75,33.7,0,0,0
2026-09-02 10:10:00,169.4,10,72,35.7,0,0,0
2026-09-02 10:15:00,168.6,3,70,37.2,0,0,0
2026-09-02 10:20:00,166.6,0,70,36.9,0,0,0
2026-09-02 10:25:00,165.9,8,73,36.0,0,0,0
2026-09-02 10:30:00,163.5,20,73,34.5,0,0,0
2026-09-02 10:35:00,163.7,5,69,37.4,0,0,0
2026-09-02 10:40:00,164.6,9,71,40.7,0,0,0
2026-09-02 10:45:00,166.5,6,69,35.4,0,0,0
2026-09-02 10:50:00,163.8,4,73,35.6,0,0,0
2026-09-02 10:55:00,166.5,6,72,37.3,0,0,0
2026-09-02 11:00:00,168.5,4,71,36.1,0,0,0
2026-09-02 11:05:00,163.7,6,71,34.5,0,0,0
2026-09-02 11:10:00,166.0,4,66,34.3,0,0,0
2026-09-02 11:15:00,163.9,22,68,37.7,0,0,0
2026-09-02 11:20:00,164.8,5,69,34.7,0,0,0
2026-09-02 11:25:00,163.6,6,73,33.2,0,0,0
2026-09-02 11:30:00,166.0,10,71,40.3,0,0,0
2026-09-02 11:35:00,165.4,5,73,34.6,0,0,0
2026-09-02 11:40:00,166.5,6,71,37.1,0,0,0
2026-09-02 11:45:00,167.2,13,73,34.0,0,0,0
2026-09-02 11:50:00,169.3,7,70,36.5,0,0,0
2026-09-02 11:55:00,168.3,7,69,35.5,0,0,0
2026-09-02 12:00:00,163.2,11,70,28.1,0,0,0
2026-09-02 12:05:00,163.5,9,69,33.0,0,0,0
2026-09-02 12:10:00,163.0,14,70,37.5,0,0,0
2026-09-02 12:15:00,163.0,9,72,35.3,0,0,0
2026-09-02 12:20:00,161.8,6,70,36.5,0,0,0
2026-09-02 12:25:00,159.9,5,73,33.4,0,0,0
2026-09-02 12:30:00,162.0,16,73,35.1,0,0,0
2026-09-02 12:35:00,161.6,5,71,40.0,0,0,0
2026-09-02 12:40:00,159.5,9,70,37.2,0,0,0
2026-09-02 12:45:00,157.0,2,72,38.6,0,0,0
2026-09-02 12:50:00,159.4,18,74,37.2,0,0,0
2026-09-02 12:55:00,158.5,8,72,35.7,0,0,0
2026-09-02 13:00:00,161.0,6,71,36.5,0,0,0
2026-09-02 13:05:00,161.6,9,74,38.6,0,99,70
2026-09-02 13:10:00,177.3,3,73,36.2,0,0,0
2026-09-02 13:15:00,186.5,5,77,35.9,0,0,0
2026-09-02 13:20:00,196.0,10,74,40.8,0,0,0
2026-09-02 13:25:00,202.4,6,77,40.2,0,0,0
2026-09-02 13:30:00,205.7,4,78,36.0,0,0,0
2026-09-02 13:35:00,209.5,5,68,38.9,0,0,0
2026-09-02 13:40:00,210.0,5,71,37.5,0,0,0
2026-09-02 13:45:00,210.1,3,71,40.3,0,0,0
2026-09-02 13:50:00,206.9,11,70,38.9,0,0,0
2026-09-02 13:55:00,206.0,13,72,37.0,0,0,0
2026-09-02 14:00:00,203.3,2,70,33.5,0,0,0
2026-09-02 14:05:00,201.5,13,70,38.6,0,0,0
2026-09-02 14:10:00,197.7,23,73,39.4,0,0,0
2026-09-02 14:15:00,195.6,21,73,38.1,0,0,0
2026-09-02 14:20:00,195.2,0,70,38.5,0,0,0
2026-09-02 14:25:00,193.3,19,71,36.1,0,0,0
2026-09-02 14:30:00,190.2,11,73,34.3,0,0,0
2026-09-02 14:35:00,191.2,13,71,37.4,0,0,0
2026-09-02 14:40:00,184.9,8,73,38.6,0,0,0
2026-09-02 14:45:00,183.8,9,73,39.8,0,0,0
2026-09-02 14:50:00,183.7,5,72,33.2,0,0,0
2026-09-02 14:55:00,182.6,12,73,33.8,0,0,0
2026-09-02 15:00:00,178.9,3,70,36.0,0,0,0
2026-09-02 15:05:00,178.3,8,73,36.5,0,0,0
2026-09-02 15:10:00,174.8,6,71,37.5,0,0,0
2026-09-02 15:15:00,174.0,15,73,34.6,0,0,0
2026-09-02 15:20:00,175.6,9,71,37.4,0,0,0
2026-09-02 15:25:00,175.5,4,71,35.4,0,0,0
2026-09-02 15:30:00,176.6,6,72,33.9,0,0,0
2026-09-02 15:35:00,174.8,6,69,34.7,0,0,0
2026-09-02 15:40:00,171.0,10,71,35.2,0,0,0
2026-09-02 15:45:00,168.9,9,69,32.5,0,0,0
2026-09-02 15:50:00,169.3,27,71,36.1,0,0,0
2026-09-02 15:55:00,168.1,3,68,37.3,0,0,0
2026-09-02 16:00:00,165.5,8,73,38.5,0,0,0
2026-09-02 16:05:00,166.3,5,71,36.7,0,0,0
2026-09-02 16:10:00,165.7,12,70,33.3,0,0,0
2026-09-02 16:15:00,164.5,12,69,31.9,0,0,0
2026-09-02 16:20:00,161.0,4,73,37.8,0,0,0
2026-09-02 16:25:00,161.0,4,76,37.3,0,20,50
2026-09-02 16:30:00,160.5,5,73,38.2,0,0,0
2026-09-02 16:35:00,163.5,7,74,34.2,0,0,0
2026-09-02 16:40:00,165.4,871,127,38.4,0,0,0
2026-09-02 16:45:00,167.6,860,128,36.1,0,0,0
2026-09-02 16:50:00,163.7,391,93,36.0,0,0,0
2026-09-02 16:55:00,166.4,9,71,39.0,0,0,0
2026-09-02 17:00:00,166.6,12,73,38.4,0,0,0
2026-09-02 17:05:00,169.2,10,74,37.2,0,0,0
2026-09-02 17:10:00,167.1,6,69,37.9,0,0,0
2026-09-02 17:15:00,166.3,6,73,36.5,0,0,0
2026-09-02 17:20:00,166.9,4,72,35.9,0,0,0
2026-09-02 17:25:00,164.0,10,72,33.1,0,0,0
2026-09-02 17:30:00,160.8,4,69,37.4,0,0,0
2026-09-02 17:35:00,161.3,8,74,39.1,0,0,0
2026-09-02 17:40:00,156.0,4,71,36.2,0,0,0
2026-09-02 17:45:00,158.3,4,76,37.8,0,0,0
2026-09-02 17:50:00,159.2,15,72,37.1,0,0,0
2026-09-02 17:55:00,158.1,6,71,32.7,0,0,0
2026-09-02 18:00:00,159.4,9,70,32.2,0,0,0
2026-09-02 18:05:00,157.5,8,72,36.5,0,0,0
2026-09-02 18:10:00,156.6,29,72,35.9,0,0,0
2026-09-02 18:15:00,153.3,9,71,32.1,0,0,0
2026-09-02 18:20:00,151.1,6,73,40.6,0,0,0
2026-09-02 18:25:00,151.7,5,71,37.1,0,0,0
2026-09-02 18:30:00,149.4,9,67,38.5,0,0,0
2026-09-02 18:35:00,152.8,4,71,39.5,0,0,0
2026-09-02 18:40:00,150.5,10,72,35.3,0,0,0
2026-09-02 18:45:00,152.6,22,70,33.1,0,0,0
2026-09-02 18:50:00,149.6,11,73,31.9,0,0,0
2026-09-02 18:55:00,148.7,11,70,35.1,0,0,0
2026-09-02 19:00:00,151.1,2,72,34.2,0,0,0
2026-09-02 19:05:00,148.4,10,73,35.2,0,0,0
2026-09-02 19:10:00,151.6,9,69,39.5,0,0,0
2026-09-02 19:15:00,149.8,10,66,31.4,0,0,0
2026-09-02 19:20:00,152.8,4,69,38.1,0,0,0
2026-09-02 19:25:00,154.3,18,73,34.0,0,0,0
2026-09-02 19:30:00,152.2,12,73,36.9,0,0,0
2026-09-02 19:35:00,152.8,5,71,34.2,0,0,0
2026-09-02 19:40:00,157.4,5,76,40.3,0,0,0
2026-09-02 19:45:00,155.8,2,72,37.9,0,0,0
2026-09-02 19:50:00,155.9,11,72,36.3,0,0,0
2026-09-02 19:55:00,155.2,2,72,35.5,0,0,0
2026-09-02 20:00:00,158.3,5,73,35.2,0,0,0
2026-09-02 20:05:00,158.0,8,71,38.5,0,0,0
2026-09-02 20:10:00,161.2,8,72,36.4,0,0,0
2026-09-02 20:15:00,159.4,8,69,34.3,0,0,0
2026-09-02 20:20:00,160.0,3,73,38.0,0,0,0
2026-09-02 20:25:00,157.0,6,71,37.7,0,0,0
2026-09-02 20:30:00,157.4,14,70,39.5,0,0,0
2026-09-02 20:35:00,157.7,13,72,36.3,0,0,0
2026-09-02 20:40:00,157.4,11,69,37.3,0,0,0
2026-09-02 20:45:00,159.1,7,70,35.6,0,0,0
2026-09-02 20:50:00,161.6,14,67,35.8,0,0,0
2026-09-02 20:55:00,159.9,8,71,35.2,0,0,0
2026-09-02 21:00:00,162.0,6,74,36.6,0,0,0
2026-09-02 21:05:00,160.4,10,76,38.1,0,108,70
2026-09-02 21:10:00,169.2,3,73,37.1,0,0,0
2026-09-02 21:15:00,174.8,6,74,35.9,0,0,0
2026-09-02 21:20:00,184.0,586,106,34.1,0,0,0
2026-09-02 21:25:00,185.9,588,107,38.6,0,0,0
2026-09-02 21:30:00,191.6,6,74,40.2,0,0,0
2026-09-02 21:35:00,196.3,11,69,36.8,0,0,0
2026-09-02 21:40:00,196.1,3,67,39.6,0,0,0
2026-09-02 21:45:00,198.9,12,72,38.2,0,0,0
2026-09-02 21:50:00,196.6,3,70,36.2,0,0,0
2026-09-02 21:55:00,195.4,7,68,35.5,0,0,0
2026-09-02 22:00:00,193.4,17,70,34.8,0,0,0
2026-09-02 22:05:00,193.8,8,70,33.0,0,0,0
2026-09-02 22:10:00,198.5,7,71,36.5,0,0,0
2026-09-02 22:15:00,194.6,15,72,39.9,0,0,0
2026-09-02 22:20:00,193.3,10,70,35.9,0,0,0
2026-09-02 22:25:00,194.8,10,74,34.3,0,0,0
2026-09-02 22:30:00,193.3,13,73,37.1,0,0,0
2026-09-02 22:35:00,194.5,8,71,36.8,0,0,0
2026-09-02 22:40:00,191.0,6,73,32.3,0,0,0
2026-09-02 22:45:00,187.9,7,74,34.9,0,0,0
2026-09-02 22:50:00,183.8,5,72,35.9,0,0,0
2026-09-02 22:55:00,181.1,9,74,39.2,0,0,0
2026-09-02 23:00:00,180.2,6,73,33.8,0,0,0
2026-09-02 23:05:00,178.4,7,68,38.1,0,0,0
2026-09-02 23:10:00,178.2,13,69,36.2,0,0,0
2026-09-02 23:15:00,175.6,11,69,34.0,0,0,0
2026-09-02 23:20:00,175.1,5,71,36.5,0,0,0
2026-09-02 23:25:00,176.2,0,62,57.5,1,0,0
2026-09-02 23:30:00,173.9,0,59,56.6,1,0,0
2026-09-02 23:35:00,170.3,0,60,54.5,1,0,0
2026-09-02 23:40:00,169.4,0,63,59.9,1,0,0
2026-09-02 23:45:00,168.4,1,65,58.4,1,0,0
2026-09-02 23:50:00,165.7,1,63,61.1,1,0,0
2026-09-02 23:55:00,166.7,0,64,60.2,1,0,0
2026-09-03 00:00:00,172.7,0,63,59.7,1,0,0
2026-09-03 00:05:00,171.7,0,62,56.1,1,0,0
2026-09-03 00:10:00,169.3,0,64,54.0,1,0,0
2026-09-03 00:15:00,166.9,0,67,57.6,1,0,0
2026-09-03 00:20:00,171.0,0,63,55.0,1,0,0
2026-09-03 00:25:00,168.8,0,62,55.7,1,0,0
2026-09-03 00:30:00,169.8,1,60,57.0,1,0,0
2026-09-03 00:35:00,168.8,0,63,57.7,1,0,0
2026-09-03 00:40:00,172.9,0,65,54.6,1,0,0
2026-09-03 00:45:00,172.9,0,64,51.7,1,0,0
2026-09-03 00:50:00,173.4,0,64,54.3,1,0,0
2026-09-03 00:55:00,174.0,0,67,57.5,1,0,0
2026-09-03 01:00:00,177.1,0,62,55.8,1,0,0
2026-09-03 01:05:00,175.3,0,63,54.6,1,0,0
2026-09-03 01:10:00,175.3,0,64,56.5,1,0,0
2026-09-03 01:15:00,176.0,0,65,56.5,1,0,0
2026-09-03 01:20:00,173.8,0,62,56.0,1,0,0
2026-09-03 01:25:00,174.4,0,63,58.5,1,0,0
2026-09-03 01:30:00,172.3,0,63,54.7,1,0,0
2026-09-03 01:35:00,173.5,0,60,56.7,1,0,0
2026-09-03 01:40:00,173.6,0,64,56.9,1,0,0
2026-09-03 01:45:00,174.1,0,65,58.8,1,0,0
2026-09-03 01:50:00,176.0,0,66,51.8,1,0,0
2026-09-03 01:55:00,174.0,0,60,57.1,1,0,0
2026-09-03 02:00:00,173.9,1,58,55.5,1,0,0
2026-09-03 02:05:00,171.7,0,65,57.7,1,0,0
2026-09-03 02:10:00,172.6,1,57,55.3,1,0,0
2026-09-03 02:15:00,173.7,2,62,55.7,1,0,0
2026-09-03 02:20:00,171.5,0,62,55.2,1,0,0
2026-09-03 02:25:00,171.0,0,62,59.5,1,0,0
2026-09-03 02:30:00,172.4,0,66,54.4,1,0,0
2026-09-03 02:35:00,170.6,0,63,53.5,1,0,0
2026-09-03 02:40:00,169.2,0,62,54.9,1,0,0
2026-09-03 02:45:00,167.4,0,62,60.0,1,0,0
2026-09-03 02:50:00,162.4,1,63,55.4,1,0,0
2026-09-03 02:55:00,164.7,0,66,57.2,1,0,0
2026-09-03 03:00:00,163.6,1,64,56.2,1,0,0
2026-09-03 03:05:00,164.9,1,65,54.9,1,0,0
2026-09-03 03:10:00,161.3,0,63,60.9,1,0,0
2026-09-03 03:15:00,162.4,0,64,55.9,1,0,0
2026-09-03 03:20:00,169.4,0,63,52.4,1,0,0
2026-09-03 03:25:00,166.9,0,64,54.8,1,0,0
2026-09-03 03:30:00,169.2,0,62,60.0,1,0,0
2026-09-03 03:35:00,171.2,0,64,56.1,1,0,0
2026-09-03 03:40:00,173.7,0,65,55.6,1,0,0
2026-09-03 03:45:00,172.8,1,67,55.8,1,0,0
2026-09-03 03:50:00,170.7,0,62,53.5,1,0,0
2026-09-03 03:55:00,171.9,0,64,53.4,1,0,0
2026-09-03 04:00:00,172.1,0,61,55.8,1,0,0
2026-09-03 04:05:00,173.4,0,63,54.0,1,0,0
2026-09-03 04:10:00,172.1,1,67,54.0,1,0,0
2026-09-03 04:15:00,171.8,1,64,57.6,1,0,0
2026-09-03 04:20:00,174.5,0,65,54.0,1,0,0
2026-09-03 04:25:00,176.4,1,65,57.0,1,0,0
2026-09-03 04:30:00,174.2,0,64,63.6,1,0,0
2026-09-03 04:35:00,173.2,0,63,56.9,1,0,0
2026-09-03 04:40:00,175.0,0,64,55.6,1,0,0
2026-09-03 04:45:00,173.1,1,62,57.8,1,0,0
2026-09-03 04:50:00,172.9,0,61,56.2,1,0,0
2026-09-03 04:55:00,172.5,0,65,56.6,1,0,0
2026-09-03 05:00:00,171.1,0,63,53.0,1,0,0
2026-09-03 05:05:00,172.1,1,65,55.6,1,0,0
2026-09-03 05:10:00,170.0,0,63,57.6,1,0,0
2026-09-03 05:15:00,171.1,0,66,51.4,1,0,0
2026-09-03 05:20:00,172.2,2,63,56.1,1,0,0
2026-09-03 05:25:00,174.3,0,63,60.5,1,0,0
2026-09-03 05:30:00,176.2,0,64,54.5,1,0,0
2026-09-03 05:35:00,177.8,0,64,55.0,1,0,0
2026-09-03 05:40:00,178.6,0,62,58.6,1,0,0
2026-09-03 05:45:00,176.3,0,63,58.0,1,0,0
2026-09-03 05:50:00,176.7,0,62,54.2,1,0,0
2026-09-03 05:55:00,172.8,1,65,58.8,1,0,0
2026-09-03 06:00:00,172.4,0,61,55.3,1,0,0
2026-09-03 06:05:00,175.1,27,74,39.1,0,0,0
2026-09-03 06:10:00,176.6,8,71,30.4,0,0,0
2026-09-03 06:15:00,174.8,9,75,37.1,0,0,0
2026-09-03 06:20:00,174.4,5,71,37.1,0,0,0
2026-09-03 06:25:00,176.7,4,69,35.6,0,0,0
2026-09-03 06:30:00,179.8,10,71,32.2,0,0,0
2026-09-03 06:35:00,176.4,6,71,36.6,0,0,0
2026-09-03 06:40:00,178.1,8,74,34.3,0,0,0
2026-09-03 06:45:00,176.6,9,75,33.9,0,0,0
2026-09-03 06:50:00,176.2,7,71,31.7,0,0,0
2026-09-03 06:55:00,178.0,4,70,34.7,0,0,0
2026-09-03 07:00:00,179.4,6,70,37.3,0,0,0
2026-09-03 07:05:00,176.3,6,74,31.8,0,0,0
2026-09-03 07:10:00,174.4,6,72,34.5,0,0,0
2026-09-03 07:15:00,175.6,6,74,34.3,0,0,0
2026-09-03 07:20:00,179.1,10,74,33.8,0,0,0
2026-09-03 07:25:00,176.2,1,70,31.8,0,0,0
2026-09-03 07:30:00,176.3,13,71,34.7,0,0,0
2026-09-03 07:35:00,178.1,16,75,34.6,0,0,0
2026-09-03 07:40:00,175.5,4,70,33.3,0,0,0
2026-09-03 07:45:00,176.3,6,73,33.9,0,0,0
2026-09-03 07:50:00,174.9,8,73,34.3,0,0,0
2026-09-03 07:55:00,174.8,12,76,33.7,0,0,0
2026-09-03 08:00:00,175.0,11,72,34.2,0,0,0
2026-09-03 08:05:00,170.5,15,73,30.6,0,61,70
2026-09-03 08:10:00,175.4,12,76,37.9,0,0,0
2026-09-03 08:15:00,179.2,5,74,37.5,0,0,0
2026-09-03 08:20:00,185.1,514,106,33.2,0,0,0
2026-09-03 08:25:00,186.5,506,106,33.7,0,0,0
2026-09-03 08:30:00,186.3,15,74,31.2,0,0,0
2026-09-03 08:35:00,188.9,8,74,32.7,0,0,0
2026-09-03 08:40:00,189.5,10,70,33.1,0,0,0
2026-09-03 08:45:00,189.2,11,74,34.1,0,0,0
2026-09-03 08:50:00,190.8,9,72,34.2,0,0,0
2026-09-03 08:55:00,191.9,6,69,29.3,0,0,0
2026-09-03 09:00:00,193.3,1,71,31.9,0,0,0
2026-09-03 09:05:00,192.1,21,73,34.3,0,0,0
2026-09-03 09:10:00,195.3,11,72,37.0,0,0,0
2026-09-03 09:15:00,192.4,21,68,31.7,0,0,0
2026-09-03 09:20:00,190.9,24,74,32.9,0,0,0
2026-09-03 09:25:00,189.6,15,74,32.4,0,0,0
2026-09-03 09:30:00,190.2,5,71,38.0,0,0,0
2026-09-03 09:35:00,184.9,3,73,33.3,0,0,0
2026-09-03 09:40:00,184.5,8,71,34.6,0,0,0
2026-09-03 09:45:00,184.5,9,72,31.0,0,0,0
2026-09-03 09:50:00,182.6,4,69,36.1,0,0,0
2026-09-03 09:55:00,180.3,4,72,36.2,0,0,0
2026-09-03 10:00:00,177.6,4,71,34.2,0,0,0
2026-09-03 10:05:00,178.8,5,72,33.7,0,0,0
2026-09-03 10:10:00,178.1,15,71,34.5,0,0,0
2026-09-03 10:15:00,176.9,7,72,37.3,0,0,0
2026-09-03 10:20:00,180.4,7,72,31.5,0,0,0
2026-09-03 10:25:00,182.4,6,72,35.2,0,0,0
2026-09-03 10:30:00,184.7,4,68,34.4,0,0,0
2026-09-03 10:35:00,183.2,8,74,33.7,0,0,0
2026-09-03 10:40:00,182.1,5,69,32.9,0,0,0
2026-09-03 10:45:00,177.5,6,75,33.6,0,0,0
2026-09-03 10:50:00,173.2,10,72,36.7,0,0,0
2026-09-03 10:55:00,171.9,5,70,31.9,0,0,0
2026-09-03 11:00:00,166.7,8,73,34.6,0,0,0
2026-09-03 11:05:00,166.4,10,71,33.6,0,0,0
2026-09-03 11:10:00,165.3,4,73,33.6,0,0,0
2026-09-03 11:15:00,165.5,7,69,35.7,0,0,0
2026-09-03 11:20:00,166.9,10,74,31.5,0,0,0
2026-09-03 11:25:00,167.2,5,70,33.9,0,0,0
2026-09-03 11:30:00,165.9,11,75,33.7,0,0,0
2026-09-03 11:35:00,165.2,9,70,36.3,0,0,0
2026-09-03 11:40:00,166.2,10,73,34.7,0,0,0
2026-09-03 11:45:00,165.4,2,71,33.1,0,0,0
2026-09-03 11:50:00,159.2,3,74,34.0,0,0,0
2026-09-03 11:55:00,162.6,6,73,35.1,0,0,0
2026-09-03 12:00:00,161.2,10,67,30.0,0,0,0
2026-09-03 12:05:00,165.7,17,72,33.7,0,0,0
2026-09-03 12:10:00,167.3,7,70,35.6,0,0,0
2026-09-03 12:15:00,167.6,6,70,33.7,0,0,0
2026-09-03 12:20:00,165.5,2,69,33.1,0,0,0
2026-09-03 12:25:00,169.0,8,73,32.9,0,0,0
2026-09-03 12:30:00,166.3,11,71,37.6,0,0,0
2026-09-03 12:35:00,167.3,13,71,34.2,0,0,0
2026-09-03 12:40:00,169.3,15,73,31.1,0,0,0
2026-09-03 12:45:00,170.0,9,70,34.1,0,0,0
2026-09-03 12:50:00,166.5,2,69,33.0,0,0,0
2026-09-03 12:55:00,168.7,3,69,35.7,0,0,0
2026-09-03 13:00:00,166.0,14,70,35.7,0,0,0
2026-09-03 13:05:00,170.7,7,70,33.4,0,0,0
2026-09-03 13:10:00,170.3,6,73,34.5,0,0,0
2026-09-03 13:15:00,168.3,12,72,35.9,0,0,0
2026-09-03 13:20:00,170.9,6,69,37.8,0,0,0
2026-09-03 13:25:00,166.2,16,74,33.4,0,0,0
2026-09-03 13:30:00,168.1,1,75,33.1,0,0,0
2026-09-03 13:35:00,165.6,10,73,38.1,0,0,0
2026-09-03 13:40:00,165.3,9,72,36.2,0,0,0
2026-09-03 13:45:00,168.0,7,69,34.2,0,0,0
2026-09-03 13:50:00,169.2,18,78,31.5,0,61,68
2026-09-03 13:55:00,175.4,13,74,34.0,0,0,0
2026-09-03 14:00:00,180.7,12,73,34.8,0,0,0
2026-09-03 14:05:00,186.1,15,74,34.5,0,0,0
2026-09-03 14:10:00,189.3,5,70,35.4,0,0,0
2026-09-03 14:15:00,193.1,13,71,34.2,0,0,0
2026-09-03 14:20:00,191.6,4,71,35.4,0,0,0
2026-09-03 14:25:00,190.4,12,73,32.5,0,0,0
2026-09-03 14:30:00,193.8,11,65,34.2,0,0,0
2026-09-03 14:35:00,193.2,4,70,32.1,0,0,0
2026-09-03 14:40:00,196.9,9,70,36.6,0,0,0
2026-09-03 14:45:00,199.1,3,70,35.3,0,0,0
2026-09-03 14:50:00,198.9,12,73,34.8,0,0,0
2026-09-03 14:55:00,198.8,13,73,35.9,0,0,0
2026-09-03 15:00:00,193.7,18,71,36.6,0,0,0
2026-09-03 15:05:00,193.1,10,72,34.8,0,0,0
2026-09-03 15:10:00,191.7,6,73,35.5,0,0,0
2026-09-03 15:15:00,189.5,4,75,30.3,0,0,0
2026-09-03 15:20:00,188.5,1,69,34.5,0,0,0
2026-09-03 15:25:00,190.5,10,70,32.3,0,0,0
2026-09-03 15:30:00,189.9,11,72,30.5,0,0,0
2026-09-03 15:35:00,189.1,3,68,35.4,0,0,0
2026-09-03 15:40:00,186.7,10,71,34.8,0,0,0
2026-09-03 15:45:00,185.6,12,70,31.7,0,0,0
2026-09-03 15:50:00,183.7,5,70,33.5,0,0,0
2026-09-03 15:55:00,182.6,12,71,36.2,0,0,0
2026-09-03 16:00:00,182.7,10,71,34.4,0,0,0
2026-09-03 16:05:00,181.2,7,69,36.4,0,0,0
2026-09-03 16:10:00,182.6,8,70,31.3,0,0,0
2026-09-03 16:15:00,180.3,6,74,35.6,0,0,0
2026-09-03 16:20:00,179.6,13,73,33.5,0,0,0
2026-09-03 16:25:00,180.9,5,70,36.8,0,0,0
2026-09-03 16:30:00,177.8,9,72,31.9,0,0,0
2026-09-03 16:35:00,174.9,10,68,39.2,0,0,0
2026-09-03 16:40:00,172.7,5,74,32.6,0,0,0
2026-09-03 16:45:00,174.8,19,74,33.4,0,0,0
2026-09-03 16:50:00,173.4,2,70,36.4,0,0,0
2026-09-03 16:55:00,173.6,11,70,34.5,0,0,0
2026-09-03 17:00:00,174.5,12,71,32.7,0,0,0
2026-09-03 17:05:00,172.8,11,72,34.2,0,0,0
2026-09-03 17:10:00,172.1,11,69,35.7,0,0,0
2026-09-03 17:15:00,173.6,10,73,35.4,0,0,0
2026-09-03 17:20:00,172.1,13,69,33.5,0,0,0
2026-09-03 17:25:00,173.7,8,72,33.6,0,0,0
2026-09-03 17:30:00,171.4,13,71,33.8,0,0,0
2026-09-03 17:35:00,175.8,6,72,36.0,0,0,0
2026-09-03 17:40:00,178.0,424,96,32.6,0,0,0
2026-09-03 17:45:00,178.2,428,99,35.3,0,51,80
2026-09-03 17:50:00,184.3,433,99,37.5,0,0,0
2026-09-03 17:55:00,189.2,4,74,33.7,0,0,0
2026-09-03 18:00:00,193.5,8,71,35.7,0,0,0
2026-09-03 18:05:00,194.8,2,76,33.6,0,0,0
2026-09-03 18:10:00,198.5,4,73,32.3,0,0,0
2026-09-03 18:15:00,203.3,6,72,37.6,0,0,0
2026-09-03 18:20:00,204.0,13,72,36.2,0,0,0
2026-09-03 18:25:00,204.2,5,71,35.0,0,0,0
2026-09-03 18:30:00,207.7,3,72,34.7,0,0,0
2026-09-03 18:35:00,206.3,10,72,37.5,0,0,0
2026-09-03 18:40:00,203.4,9,71,33.2,0,0,0
2026-09-03 18:45:00,204.9,4,69,34.7,0,0,0
2026-09-03 18:50:00,205.9,11,69,34.0,0,0,0
2026-09-03 18:55:00,204.8,11,74,35.0,0,0,0
2026-09-03 19:00:00,204.9,17,71,34.0,0,0,0
2026-09-03 19:05:00,202.8,5,70,34.4,0,0,0
2026-09-03 19:10:00,198.4,13,70,35.3,0,0,0
2026-09-03 19:15:00,195.0,7,70,34.2,0,0,0
2026-09-03 19:20:00,193.2,10,72,34.4,0,0,0
2026-09-03 19:25:00,190.6,10,70,35.3,0,0,0
2026-09-03 19:30:00,189.9,13,72,32.9,0,0,0
2026-09-03 19:35:00,187.0,8,73,31.9,0,0,0
2026-09-03 19:40:00,185.2,8,69,36.7,0,0,0
2026-09-03 19:45:00,179.5,4,71,35.5,0,0,0
2026-09-03 19:50:00,180.1,4,72,35.8,0,0,0
2026-09-03 19:55:00,181.1,5,71,33.0,0,0,0
2026-09-03 20:00:00,177.7,9,66,33.4,0,0,0
2026-09-03 20:05:00,173.0,15,72,34.6,0,0,0
2026-09-03 20:10:00,172.7,8,72,34.0,0,0,0
2026-09-03 20:15:00,176.1,10,75,35.7,0,0,0
2026-09-03 20:20:00,176.5,17,71,33.9,0,0,0
2026-09-03 20:25:00,177.2,3,68,35.0,0,0,0
2026-09-03 20:30:00,175.1,6,70,36.0,0,0,0
2026-09-03 20:35:00,173.4,13,74,32.4,0,0,0
2026-09-03 20:40:00,174.8,3,72,36.0,0,0,0
2026-09-03 20:45:00,176.4,11,72,33.0,0,0,0
2026-09-03 20:50:00,176.8,10,74,32.4,0,0,0
2026-09-03 20:55:00,175.4,14,73,38.6,0,0,0
2026-09-03 21:00:00,173.6,8,71,35.4,0,0,0
2026-09-03 21:05:00,171.7,11,72,35.5,0,0,0
2026-09-03 21:10:00,170.6,12,73,33.1,0,0,0
2026-09-03 21:15:00,171.8,9,72,34.0,0,0,0
2026-09-03 21:20:00,170.3,9,73,32.6,0,0,0
2026-09-03 21:25:00,167.9,13,72,38.1,0,0,0
2026-09-03 21:30:00,168.3,6,72,31.8,0,0,0
2026-09-03 21:35:00,167.1,5,73,36.2,0,0,0
2026-09-03 21:40:00,167.0,5,73,35.8,0,0,0
2026-09-03 21:45:00,164.9,8,73,34.8,0,0,0
2026-09-03 21:50:00,165.3,13,72,35.4,0,0,0
2026-09-03 21:55:00,163.6,11,70,32.3,0,0,0
2026-09-03 22:00:00,163.7,13,75,32.7,0,0,0
2026-09-03 22:05:00,165.0,3,69,35.4,0,0,0
2026-09-03 22:10:00,164.3,12,70,34.5,0,0,0
2026-09-03 22:15:00,165.1,11,74,30.7,0,0,0
2026-09-03 22:20:00,166.9,7,70,35.4,0,0,0
2026-09-03 22:25:00,164.5,12,70,36.2,0,0,0
2026-09-03 22:30:00,164.7,5,71,34.1,0,0,0
2026-09-03 22:35:00,163.1,9,72,34.0,0,0,0
2026-09-03 22:40:00,161.2,7,71,33.3,0,0,0
2026-09-03 22:45:00,162.1,6,73,36.1,0,0,0
2026-09-03 22:50:00,162.4,8,77,33.5,0,0,0
2026-09-03 22:55:00,161.6,1,63,57.2,1,0,0
2026-09-03 23:00:00,160.0,0,59,55.7,1,0,0
2026-09-03 23:05:00,161.9,0,60,54.0,1,0,0
2026-09-03 23:10:00,164.6,0,64,55.6,1,0,0
2026-09-03 23:15:00,163.5,0,64,54.3,1,0,0
2026-09-03 23:20:00,160.9,2,62,52.8,1,0,0
2026-09-03 23:25:00,158.9,2,63,59.1,1,0,0
2026-09-03 23:30:00,162.0,0,65,53.9,1,0,0
2026-09-03 23:35:00,162.2,0,64,55.0,1,0,0
2026-09-03 23:40:00,160.7,1,63,53.2,1,0,0
2026-09-03 23:45:00,158.5,1,60,54.7,1,0,0
2026-09-03 23:50:00,158.8,0,64,52.9,1,0,0
2026-09-03 23:55:00,162.9,0,64,58.7,1,0,0
2026-09-04 00:00:00,158.5,0,61,58.8,1,0,0
2026-09-04 00:05:00,157.6,0,65,58.3,1,0,0
2026-09-04 00:10:00,157.9,1,61,59.9,1,0,0
2026-09-04 00:15:00,157.8,1,62,58.2,1,0,0
2026-09-04 00:20:00,159.9,0,62,58.9,1,0,0
2026-09-04 00:25:00,157.1,0,63,60.3,1,0,0
2026-09-04 00:30:00,156.5,0,62,61.8,1,0,0
2026-09-04 00:35:00,155.3,1,62,59.9,1,0,0
2026-09-04 00:40:00,158.6,0,62,58.1,1,0,0
2026-09-04 00:45:00,156.2,0,60,55.4,1,0,0
2026-09-04 00:50:00,155.7,0,61,58.7,1,0,0
2026-09-04 00:55:00,153.9,0,62,57.4,1,0,0
2026-09-04 01:00:00,155.9,0,64,60.1,1,0,0
2026-09-04 01:05:00,159.3,0,62,58.2,1,0,0
2026-09-04 01:10:00,157.0,0,66,58.7,1,0,0
2026-09-04 01:15:00,154.8,0,61,56.5,1,0,0
2026-09-04 01:20:00,157.5,1,62,58.4,1,0,0
2026-09-04 01:25:00,160.9,0,63,59.5,1,0,0
2026-09-04 01:30:00,160.2,0,60,57.9,1,0,0
2026-09-04 01:35:00,156.6,0,61,56.4,1,0,0
2026-09-04 01:40:00,161.3,0,62,55.9,1,0,0
2026-09-04 01:45:00,160.1,1,66,56.4,1,0,0
2026-09-04 01:50:00,158.4,0,61,55.6,1,0,0
2026-09-04 01:55:00,156.1,1,62,58.4,1,0,0
2026-09-04 02:00:00,156.3,0,61,57.1,1,0,0
2026-09-04 02:05:00,159.6,0,63,58.3,1,0,0
2026-09-04 02:10:00,157.0,0,65,57.0,1,0,0
2026-09-04 02:15:00,160.0,0,64,61.6,1,0,0
2026-09-04 02:20:00,157.5,1,63,57.2,1,0,0
2026-09-04 02:25:00,155.5,0,61,57.3,1,0,0
2026-09-04 02:30:00,159.0,2,64,64.5,1,0,0
2026-09-04 02:35:00,162.9,0,64,56.3,1,0,0
2026-09-04 02:40:00,162.9,0,64,59.5,1,0,0
2026-09-04 02:45:00,163.0,1,65,56.8,1,0,0
2026-09-04 02:50:00,162.1,1,65,56.3,1,0,0
2026-09-04 02:55:00,165.2,0,66,56.2,1,0,0
2026-09-04 03:00:00,165.0,0,62,60.0,1,0,0
2026-09-04 03:05:00,164.8,0,66,56.0,1,0,0
2026-09-04 03:10:00,164.4,0,62,57.9,1,0,0
2026-09-04 03:15:00,169.8,0,63,58.9,1,0,0
2026-09-04 03:20:00,168.3,0,65,58.6,1,0,0
2026-09-04 03:25:00,168.6,0,63,60.9,1,0,0
2026-09-04 03:30:00,165.4,0,64,58.1,1,0,0
2026-09-04 03:35:00,168.1,0,64,54.5,1,0,0
2026-09-04 03:40:00,165.2,0,63,60.0,1,0,0
2026-09-04 03:45:00,162.7,0,60,60.2,1,0,0
2026-09-04 03:50:00,161.8,0,61,59.0,1,0,0
2026-09-04 03:55:00,159.8,0,64,57.2,1,0,0
2026-09-04 04:00:00,161.2,0,69,57.5,1,0,0
2026-09-04 04:05:00,161.1,0,67,56.9,1,0,0
2026-09-04 04:10:00,163.0,0,60,60.1,1,0,0
2026-09-04 04:15:00,161.6,0,63,58.7,1,0,0
2026-09-04 04:20:00,164.8,0,63,58.3,1,0,0
2026-09-04 04:25:00,165.2,1,61,58.9,1,0,0
2026-09-04 04:30:00,163.8,1,63,55.9,1,0,0
2026-09-04 04:35:00,164.2,1,65,59.1,1,0,0
2026-09-04 04:40:00,167.0,0,61,56.9,1,0,0
2026-09-04 04:45:00,165.4,1,66,59.2,1,0,0
2026-09-04 04:50:00,161.9,0,63,58.6,1,0,0
2026-09-04 04:55:00,162.5,0,62,58.2,1,0,0
2026-09-04 05:00:00,162.6,0,62,58.1,1,0,0
2026-09-04 05:05:00,165.5,0,63,56.6,1,0,0
2026-09-04 05:10:00,162.6,0,62,57.3,1,0,0
2026-09-04 05:15:00,162.2,0,61,59.8,1,0,0
2026-09-04 05:20:00,165.2,1,64,60.1,1,0,0
2026-09-04 05:25:00,162.8,0,61,59.2,1,0,0
2026-09-04 05:30:00,165.5,1,63,59.8,1,0,0
2026-09-04 05:35:00,166.7,0,65,62.1,1,0,0
2026-09-04 05:40:00,168.1,0,63,58.4,1,0,0
2026-09-04 05:45:00,167.9,1,64,63.2,1,0,0
2026-09-04 05:50:00,171.6,0,66,62.0,1,0,0
2026-09-04 05:55:00,172.4,0,68,58.8,1,0,0
2026-09-04 06:00:00,170.8,0,64,59.6,1,0,0
2026-09-04 06:05:00,169.6,0,60,55.8,1,0,0
2026-09-04 06:10:00,170.8,1,64,59.2,1,0,0
2026-09-04 06:15:00,172.7,1,62,55.9,1,0,0
2026-09-04 06:20:00,169.9,0,62,58.2,1,0,0
2026-09-04 06:25:00,171.6,8,70,39.3,0,0,0
2026-09-04 06:30:00,170.6,8,69,37.0,0,0,0
2026-09-04 06:35:00,170.8,6,71,34.7,0,0,0
2026-09-04 06:40:00,171.6,16,68,36.5,0,0,0
2026-09-04 06:45:00,170.2,5,71,35.3,0,0,0
2026-09-04 06:50:00,170.6,10,71,35.7,0,0,0
2026-09-04 06:55:00,169.9,7,73,37.7,0,0,0
2026-09-04 07:00:00,166.1,13,72,34.1,0,0,0
2026-09-04 07:05:00,166.8,6,72,35.4,0,0,0
2026-09-04 07:10:00,166.4,5,75,33.5,0,68,70
2026-09-04 07:15:00,176.7,8,76,37.6,0,0,0
2026-09-04 07:20:00,183.0,9,72,33.3,0,0,0
2026-09-04 07:25:00,189.1,6,72,39.9,0,0,0
2026-09-04 07:30:00,190.9,13,75,38.0,0,0,0
2026-09-04 07:35:00,192.2,5,72,33.7,0,0,0
2026-09-04 07:40:00,196.1,14,71,34.2,0,0,0
2026-09-04 07:45:00,199.4,13,73,34.8,0,0,0
2026-09-04 07:50:00,199.4,4,74,36.9,0,0,0
2026-09-04 07:55:00,196.8,21,76,34.5,0,0,0
2026-09-04 08:00:00,196.9,6,71,38.3,0,0,0
2026-09-04 08:05:00,195.0,5,70,38.9,0,0,0
2026-09-04 08:10:00,194.7,7,73,38.2,0,0,0
2026-09-04 08:15:00,191.7,10,72,36.4,0,0,0
2026-09-04 08:20:00,191.3,12,73,38.1,0,0,0
2026-09-04 08:25:00,193.3,8,70,37.7,0,0,0
2026-09-04 08:30:00,188.0,5,71,36.2,0,0,0
2026-09-04 08:35:00,185.1,11,69,35.9,0,0,0
2026-09-04 08:40:00,184.2,6,74,39.5,0,0,0
2026-09-04 08:45:00,183.5,9,69,35.6,0,0,0
2026-09-04 08:50:00,179.7,9,73,36.7,0,0,0
2026-09-04 08:55:00,178.2,5,68,33.9,0,0,0
2026-09-04 09:00:00,179.4,8,73,34.4,0,0,0
2026-09-04 09:05:00,178.0,7,74,32.6,0,0,0
2026-09-04 09:10:00,175.0,5,73,37.7,0,0,0
2026-09-04 09:15:00,172.8,18,69,38.3,0,0,0
2026-09-04 09:20:00,172.9,9,73,40.9,0,0,0
2026-09-04 09:25:00,172.6,8,71,33.4,0,0,0
2026-09-04 09:30:00,170.5,10,74,33.2,0,0,0
2026-09-04 09:35:00,172.6,14,71,32.2,0,0,0
2026-09-04 09:40:00,170.8,15,72,37.9,0,0,0
2026-09-04 09:45:00,166.8,5,73,33.2,0,0,0
2026-09-04 09:50:00,168.1,17,68,37.9,0,0,0
2026-09-04 09:55:00,167.2,8,69,34.9,0,0,0
2026-09-04 10:00:00,167.9,11,72,34.7,0,0,0
2026-09-04 10:05:00,165.1,6,74,35.4,0,0,0
2026-09-04 10:10:00,166.6,3,71,36.0,0,0,0
2026-09-04 10:15:00,168.0,12,73,33.2,0,0,0
2026-09-04 10:20:00,170.2,6,72,36.0,0,0,0
2026-09-04 10:25:00,171.7,6,69,40.4,0,0,0
2026-09-04 10:30:00,169.3,15,72,32.3,0,0,0
2026-09-04 10:35:00,166.6,5,73,38.2,0,0,0
2026-09-04 10:40:00,167.7,476,98,35.2,0,0,0
2026-09-04 10:45:00,172.3,451,100,35.1,0,0,0
2026-09-04 10:50:00,171.1,7,72,32.9,0,0,0
2026-09-04 10:55:00,169.0,7,71,36.7,0,0,0
2026-09-04 11:00:00,167.4,19,74,37.8,0,0,0
2026-09-04 11:05:00,164.8,3,71,40.2,0,0,0
2026-09-04 11:10:00,165.6,15,72,34.8,0,0,0
2026-09-04 11:15:00,165.5,13,73,36.8,0,0,0
2026-09-04 11:20:00,165.0,12,71,37.2,0,0,0
2026-09-04 11:25:00,163.9,13,69,34.5,0,0,0
2026-09-04 11:30:00,164.8,6,66,35.0,0,0,0
2026-09-04 11:35:00,165.6,12,72,32.0,0,0,0
2026-09-04 11:40:00,162.4,7,71,30.4,0,0,0
2026-09-04 11:45:00,158.3,17,72,37.1,0,0,0
2026-09-04 11:50:00,159.0,5,73,37.7,0,0,0
2026-09-04 11:55:00,156.9,5,67,37.1,0,0,0
2026-09-04 12:00:00,159.7,8,71,36.6,0,0,0
2026-09-04 12:05:00,161.3,4,72,35.3,0,0,0
2026-09-04 12:10:00,158.4,11,72,33.3,0,0,0
2026-09-04 12:15:00,159.7,14,70,32.9,0,0,0
2026-09-04 12:20:00,160.6,9,70,38.7,0,0,0
2026-09-04 12:25:00,159.0,15,74,36.7,0,0,0
2026-09-04 12:30:00,159.9,5,71,35.8,0,0,0
2026-09-04 12:35:00,164.8,9,73,31.7,0,0,0
2026-09-04 12:40:00,167.7,7,68,38.3,0,0,0
2026-09-04 12:45:00,165.5,9,72,33.7,0,0,0
2026-09-04 12:50:00,166.1,14,73,35.1,0,0,0
2026-09-04 12:55:00,166.0,9,67,32.9,0,0,0
2026-09-04 13:00:00,167.9,5,71,32.5,0,0,0
2026-09-04 13:05:00,166.0,18,74,38.6,0,0,0
2026-09-04 13:10:00,163.9,4,71,34.6,0,0,0
2026-09-04 13:15:00,162.0,17,75,35.1,0,0,0
2026-09-04 13:20:00,163.6,3,72,33.6,0,0,0
2026-09-04 13:25:00,165.6,13,66,38.5,0,0,0
2026-09-04 13:30:00,166.7,18,76,35.6,0,0,0
2026-09-04 13:35:00,165.5,10,73,37.5,0,0,0
2026-09-04 13:40:00,166.6,2,70,34.0,0,0,0
2026-09-04 13:45:00,164.0,15,72,37.7,0,81,75
2026-09-04 13:50:00,174.4,6,74,33.1,0,0,0
2026-09-04 13:55:00,182.0,5,73,38.9,0,0,0
2026-09-04 14:00:00,189.6,8,77,43.5,0,0,0
2026-09-04 14:05:00,192.4,6,74,31.8,0,0,0
2026-09-04 14:10:00,195.1,6,77,35.5,0,0,0
2026-09-04 14:15:00,201.4,10,73,38.7,0,0,0
2026-09-04 14:20:00,203.7,7,70,37.5,0,0,0
2026-09-04 14:25:00,201.5,5,71,32.3,0,0,0
2026-09-04 14:30:00,202.4,9,70,36.6,0,0,0
2026-09-04 14:35:00,202.3,11,71,33.7,0,0,0
2026-09-04 14:40:00,200.3,9,76,39.5,0,0,0
2026-09-04 14:45:00,201.3,12,69,33.6,0,0,0
2026-09-04 14:50:00,198.5,8,73,37.3,0,0,0
2026-09-04 14:55:00,196.0,24,73,35.7,0,0,0
2026-09-04 15:00:00,196.0,4,74,35.7,0,0,0
2026-09-04 15:05:00,196.0,5,70,34.3,0,0,0
2026-09-04 15:10:00,192.4,10,71,35.3,0,0,0
2026-09-04 15:15:00,193.5,8,70,34.5,0,0,0
2026-09-04 15:20:00,191.8,5,71,36.7,0,0,0
2026-09-04 15:25:00,188.0,11,71,36.2,0,0,0
2026-09-04 15:30:00,187.7,7,70,34.4,0,0,0
2026-09-04 15:35:00,180.7,9,69,32.7,0,0,0
2026-09-04 15:40:00,179.0,7,71,31.2,0,0,0
2026-09-04 15:45:00,177.4,5,70,35.1,0,0,0
2026-09-04 15:50:00,176.9,7,68,38.4,0,0,0
2026-09-04 15:55:00,172.6,3,74,37.8,0,0,0
2026-09-04 16:00:00,171.6,5,71,34.6,0,0,0
2026-09-04 16:05:00,170.9,30,74,33.7,0,0,0
2026-09-04 16:10:00,169.9,12,69,39.2,0,0,0
2026-09-04 16:15:00,169.9,8,72,39.0,0,0,0
2026-09-04 16:20:00,170.8,7,72,36.4,0,0,0
2026-09-04 16:25:00,171.5,8,71,34.7,0,0,0
2026-09-04 16:30:00,170.5,7,70,36.3,0,0,0
2026-09-04 16:35:00,167.0,5,69,35.3,0,0,0
2026-09-04 16:40:00,163.1,5,69,35.8,0,0,0
2026-09-04 16:45:00,161.0,6,68,36.8,0,0,0
2026-09-04 16:50:00,157.9,2,70,35.9,0,0,0
2026-09-04 16:55:00,159.4,10,76,36.6,0,21,50
2026-09-04 17:00:00,164.4,9,75,36.6,0,0,0
2026-09-04 17:05:00,168.8,10,72,33.8,0,0,0
2026-09-04 17:10:00,170.7,10,76,35.2,0,0,0
2026-09-04 17:15:00,170.5,6,70,34.2,0,0,0
2026-09-04 17:20:00,171.1,5,72,36.2,0,0,0
2026-09-04 17:25:00,173.5,13,73,34.8,0,0,0
2026-09-04 17:30:00,175.5,19,74,37.7,0,0,0
2026-09-04 17:35:00,174.4,6,74,35.3,0,0,0
2026-09-04 17:40:00,175.0,10,72,37.2,0,0,0
2026-09-04 17:45:00,174.8,4,72,35.6,0,0,0
2026-09-04 17:50:00,176.0,11,72,36.8,0,0,0
2026-09-04 17:55:00,176.0,8,73,32.3,0,0,0
2026-09-04 18:00:00,177.1,5,71,36.4,0,0,0
2026-09-04 18:05:00,176.6,14,69,36.7,0,0,0
2026-09-04 18:10:00,171.2,12,72,34.4,0,0,0
2026-09-04 18:15:00,167.5,5,74,35.0,0,0,0
2026-09-04 18:20:00,169.6,5,72,35.5,0,0,0
2026-09-04 18:25:00,166.8,8,72,35.2,0,0,0
2026-09-04 18:30:00,166.3,9,68,37.7,0,0,0
2026-09-04 18:35:00,169.5,7,70,37.7,0,0,0
2026-09-04 18:40:00,169.9,12,73,35.2,0,0,0
2026-09-04 18:45:00,171.8,8,72,37.9,0,0,0
2026-09-04 18:50:00,172.4,8,72,36.3,0,0,0
2026-09-04 18:55:00,173.7,9,72,36.0,0,0,0
2026-09-04 19:00:00,173.4,18,72,30.7,0,0,0
2026-09-04 19:05:00,173.9,6,72,40.7,0,0,0
2026-09-04 19:10:00,171.7,10,73,35.2,0,0,0
2026-09-04 19:15:00,167.6,25,72,37.4,0,0,0
2026-09-04 19:20:00,171.1,20,70,36.9,0,0,0
2026-09-04 19:25:00,169.6,7,69,36.1,0,0,0
2026-09-04 19:30:00,170.3,6,70,33.8,0,0,0
2026-09-04 19:35:00,169.8,6,74,36.2,0,0,0
2026-09-04 19:40:00,170.6,4,68,36.9,0,0,0
2026-09-04 19:45:00,170.8,5,69,39.1,0,0,0
2026-09-04 19:50:00,169.3,5,71,37.4,0,0,0
2026-09-04 19:55:00,170.4,12,72,38.6,0,0,0
2026-09-04 20:00:00,168.8,6,72,32.1,0,0,0
2026-09-04 20:05:00,164.0,21,71,36.4,0,0,0
2026-09-04 20:10:00,164.2,7,70,37.1,0,0,0
2026-09-04 20:15:00,163.9,9,71,36.8,0,0,0
2026-09-04 20:20:00,161.5,5,72,35.6,0,0,0
2026-09-04 20:25:00,162.4,11,74,36.6,0,0,0
2026-09-04 20:30:00,161.3,25,73,34.8,0,0,0
2026-09-04 20:35:00,160.6,5,73,34.6,0,0,0
2026-09-04 20:40:00,160.5,4,73,37.2,0,0,0
2026-09-04 20:45:00,158.9,6,68,36.0,0,0,0
2026-09-04 20:50:00,156.0,6,72,34.3,0,0,0
2026-09-04 20:55:00,157.6,14,72,37.6,0,0,0
2026-09-04 21:00:00,156.9,10,72,37.1,0,0,0
2026-09-04 21:05:00,156.0,4,69,36.4,0,0,0
2026-09-04 21:10:00,155.2,9,70,38.0,0,0,0
2026-09-04 21:15:00,152.2,18,69,39.0,0,100,70
2026-09-04 21:20:00,163.5,7,75,35.1,0,0,0
2026-09-04 21:25:00,172.0,8,74,37.3,0,0,0
2026-09-04 21:30:00,178.9,535,104,34.3,0,0,0
2026-09-04 21:35:00,187.0,540,105,33.8,0,0,0
2026-09-04 21:40:00,191.9,19,70,37.4,0,0,0
2026-09-04 21:45:00,195.0,6,70,36.7,0,0,0
2026-09-04 21:50:00,199.9,4,74,36.5,0,0,0
2026-09-04 21:55:00,198.9,4,70,36.2,0,0,0
2026-09-04 22:00:00,198.5,13,70,38.0,0,0,0
2026-09-04 22:05:00,202.2,7,70,37.2,0,0,0
2026-09-04 22:10:00,199.3,4,70,33.9,0,0,0
2026-09-04 22:15:00,201.3,4,69,39.4,0,0,0
2026-09-04 22:20:00,198.1,6,73,37.5,0,0,0
2026-09-04 22:25:00,198.3,6,73,37.1,0,0,0
2026-09-04 22:30:00,196.7,18,70,37.3,0,0,0
2026-09-04 22:35:00,193.9,11,71,35.0,0,0,0
2026-09-04 22:40:00,187.0,4,67,36.3,0,0,0
2026-09-04 22:45:00,188.4,4,71,35.8,0,0,0
2026-09-04 22:50:00,185.8,6,69,37.5,0,0,0
2026-09-04 22:55:00,187.4,5,74,36.4,0,0,0
2026-09-04 23:00:00,182.3,6,74,33.1,0,0,0
2026-09-04 23:05:00,184.5,7,71,40.2,0,0,0
2026-09-04 23:10:00,185.1,13,74,39.9,0,0,0
2026-09-04 23:15:00,180.4,12,67,36.3,0,0,0
2026-09-04 23:20:00,179.5,9,72,36.7,0,0,0
2026-09-04 23:25:00,178.2,1,63,58.2,1,0,0
2026-09-04 23:30:00,182.1,1,64,59.6,1,0,0
2026-09-04 23:35:00,179.2,0,59,59.3,1,0,0
2026-09-04 23:40:00,176.0,0,62,59.4,1,0,0
2026-09-04 23:45:00,176.3,0,60,60.9,1,0,0
2026-09-04 23:50:00,171.2,0,65,56.6,1,0,0
2026-09-04 23:55:00,171.3,1,67,57.6,1,0,0
2026-09-05 00:00:00,167.9,0,66,60.5,1,0,0
2026-09-05 00:05:00,166.5,0,65,59.3,1,0,0
2026-09-05 00:10:00,169.6,1,61,61.3,1,0,0
2026-09-05 00:15:00,171.9,0,61,60.3,1,0,0
2026-09-05 00:20:00,168.3,0,66,63.1,1,0,0
2026-09-05 00:25:00,167.6,0,68,60.9,1,0,0
2026-09-05 00:30:00,163.1,0,62,58.9,1,0,0
2026-09-05 00:35:00,162.7,1,60,59.6,1,0,0
2026-09-05 00:40:00,163.1,0,63,56.7,1,0,0
2026-09-05 00:45:00,161.0,1,63,54.0,1,0,0
2026-09-05 00:50:00,161.2,1,62,58.4,1,0,0
2026-09-05 00:55:00,161.4,0,64,59.2,1,0,0
2026-09-05 01:00:00,159.9,0,67,60.4,1,0,0
2026-09-05 01:05:00,157.2,0,65,58.1,1,0,0
2026-09-05 01:10:00,155.2,1,61,62.0,1,0,0
2026-09-05 01:15:00,158.1,0,61,60.5,1,0,0
2026-09-05 01:20:00,160.2,1,64,60.9,1,0,0
2026-09-05 01:25:00,159.5,0,59,60.3,1,0,0
2026-09-05 01:30:00,156.7,0,60,55.9,1,0,0
2026-09-05 01:35:00,156.2,0,64,60.1,1,0,0
2026-09-05 01:40:00,155.0,0,64,58.4,1,0,0
2026-09-05 01:45:00,155.7,0,63,55.0,1,0,0
2026-09-05 01:50:00,157.2,0,63,59.1,1,0,0
2026-09-05 01:55:00,155.8,0,65,61.1,1,0,0
2026-09-05 02:00:00,152.7,0,61,60.1,1,0,0
2026-09-05 02:05:00,150.8,0,61,54.7,1,0,0
2026-09-05 02:10:00,146.8,0,65,59.9,1,0,0
2026-09-05 02:15:00,147.6,1,69,57.3,1,0,0
2026-09-05 02:20:00,147.6,0,64,52.6,1,0,0
2026-09-05 02:25:00,151.2,0,65,59.4,1,0,0
2026-09-05 02:30:00,150.3,0,61,60.4,1,0,0
2026-09-05 02:35:00,151.3,0,63,57.4,1,0,0
2026-09-05 02:40:00,152.1,0,65,61.8,1,0,0
2026-09-05 02:45:00,152.9,1,65,58.9,1,0,0
2026-09-05 02:50:00,154.9,0,66,58.3,1,0,0
2026-09-05 02:55:00,152.4,0,63,59.4,1,0,0
2026-09-05 03:00:00,152.7,1,63,56.4,1,0,0
2026-09-05 03:05:00,154.9,0,64,60.5,1,0,0
2026-09-05 03:10:00,154.1,1,62,60.6,1,0,0
2026-09-05 03:15:00,154.6,1,64,56.3,1,0,0
2026-09-05 03:20:00,158.8,0,65,59.2,1,0,0
2026-09-05 03:25:00,159.1,0,66,62.4,1,0,0
2026-09-05 03:30:00,162.1,0,60,61.9,1,0,0
2026-09-05 03:35:00,163.3,0,62,58.7,1,0,0
2026-09-05 03:40:00,168.4,0,64,61.2,1,0,0
2026-09-05 03:45:00,167.1,0,63,61.2,1,0,0
2026-09-05 03:50:00,167.1,0,60,61.4,1,0,0
2026-09-05 03:55:00,166.0,0,62,57.7,1,0,0
2026-09-05 04:00:00,169.3,0,65,61.3,1,0,0
2026-09-05 04:05:00,167.5,1,61,62.1,1,0,0
2026-09-05 04:10:00,167.9,1,61,57.9,1,0,0
2026-09-05 04:15:00,167.5,0,63,56.4,1,0,0
2026-09-05 04:20:00,166.3,0,62,60.9,1,0,0
2026-09-05 04:25:00,165.6,0,63,61.6,1,0,0
2026-09-05 04:30:00,169.1,0,61,61.1,1,0,0
2026-09-05 04:35:00,168.5,0,60,58.7,1,0,0
2026-09-05 04:40:00,169.6,0,60,60.3,1,0,0
2026-09-05 04:45:00,169.0,0,65,56.4,1,0,0
2026-09-05 04:50:00,166.4,0,62,59.7,1,0,0
2026-09-05 04:55:00,169.1,0,64,60.7,1,0,0
2026-09-05 05:00:00,166.1,0,61,55.8,1,0,0
2026-09-05 05:05:00,164.6,1,58,61.4,1,0,0
2026-09-05 05:10:00,163.6,0,63,56.2,1,0,0
2026-09-05 05:15:00,164.0,0,65,58.3,1,0,0
2026-09-05 05:20:00,160.2,0,61,58.9,1,0,0
2026-09-05 05:25:00,162.0,0,61,61.4,1,0,0
2026-09-05 05:30:00,162.1,0,64,58.2,1,0,0
2026-09-05 05:35:00,164.8,0,62,58.7,1,0,0
2026-09-05 05:40:00,163.7,0,62,59.8,1,0,0
2026-09-05 05:45:00,163.8,1,64,61.1,1,0,0
2026-09-05 05:50:00,163.3,0,62,58.3,1,0,0
2026-09-05 05:55:00,163.0,0,66,63.0,1,0,0
2026-09-05 06:00:00,167.1,0,63,58.5,1,0,0
2026-09-05 06:05:00,163.3,0,65,58.4,1,0,0
2026-09-05 06:10:00,163.0,0,63,58.5,1,0,0
2026-09-05 06:15:00,164.3,0,63,58.6,1,0,0
2026-09-05 06:20:00,163.7,10,72,37.4,0,0,0
2026-09-05 06:25:00,166.5,14,74,37.7,0,0,0
2026-09-05 06:30:00,165.9,3,73,35.5,0,0,0
2026-09-05 06:35:00,167.5,6,73,39.2,0,0,0
2026-09-05 06:40:00,166.6,7,71,35.5,0,0,0
2026-09-05 06:45:00,161.6,13,72,39.1,0,0,0
2026-09-05 06:50:00,160.5,8,69,38.0,0,0,0
2026-09-05 06:55:00,158.2,11,69,36.2,0,0,0
2026-09-05 07:00:00,158.2,12,73,32.8,0,0,0
2026-09-05 07:05:00,162.1,7,73,36.2,0,0,0
2026-09-05 07:10:00,164.7,8,69,35.1,0,0,0
2026-09-05 07:15:00,161.6,11,73,39.3,0,0,0
2026-09-05 07:20:00,159.9,3,70,36.4,0,0,0
2026-09-05 07:25:00,163.1,4,71,36.3,0,0,0
2026-09-05 07:30:00,162.4,13,73,32.9,0,0,0
2026-09-05 07:35:00,159.2,8,71,34.3,0,0,0
2026-09-05 07:40:00,157.6,7,74,35.7,0,0,0
2026-09-05 07:45:00,155.0,12,70,35.7,0,0,0
2026-09-05 07:50:00,158.3,14,73,38.3,0,0,0
2026-09-05 07:55:00,159.2,9,70,33.9,0,0,0
2026-09-05 08:00:00,157.7,15,72,34.8,0,0,0
2026-09-05 08:05:00,159.8,6,77,38.5,0,61,78
2026-09-05 08:10:00,169.1,12,74,37.1,0,0,0
2026-09-05 08:15:00,176.1,9,75,38.0,0,0,0
2026-09-05 08:20:00,182.4,9,74,40.0,0,0,0
2026-09-05 08:25:00,188.5,6,74,33.9,0,0,0
2026-09-05 08:30:00,191.8,4,75,41.2,0,0,0
2026-09-05 08:35:00,193.0,7,72,35.2,0,0,0
2026-09-05 08:40:00,193.9,5,69,31.7,0,0,0
2026-09-05 08:45:00,195.5,5,75,34.2,0,0,0
2026-09-05 08:50:00,195.9,7,69,35.8,0,0,0
2026-09-05 08:55:00,192.5,11,68,38.0,0,0,0
2026-09-05 09:00:00,189.4,10,71,38.1,0,0,0
2026-09-05 09:05:00,192.0,21,70,38.0,0,0,0
2026-09-05 09:10:00,186.2,13,71,40.5,0,0,0
2026-09-05 09:15:00,185.9,11,69,32.5,0,0,0
2026-09-05 09:20:00,186.8,11,70,37.0,0,0,0
2026-09-05 09:25:00,187.1,6,69,37.0,0,0,0
2026-09-05 09:30:00,184.0,6,72,33.8,0,0,0
2026-09-05 09:35:00,185.0,5,74,37.2,0,0,0
2026-09-05 09:40:00,180.9,13,72,36.9,0,0,0
2026-09-05 09:45:00,178.0,6,74,40.8,0,0,0
2026-09-05 09:50:00,175.8,8,74,38.2,0,0,0
2026-09-05 09:55:00,176.5,7,72,35.9,0,0,0
2026-09-05 10:00:00,172.5,4,70,36.9,0,0,0
2026-09-05 10:05:00,171.0,2,72,35.9,0,0,0
2026-09-05 10:10:00,171.0,10,73,37.3,0,0,0
2026-09-05 10:15:00,168.3,11,69,38.1,0,0,0
2026-09-05 10:20:00,165.1,12,72,38.7,0,0,0
2026-09-05 10:25:00,162.6,8,72,34.7,0,0,0
2026-09-05 10:30:00,162.5,5,74,36.0,0,0,0
2026-09-05 10:35:00,162.1,16,73,35.6,0,0,0
2026-09-05 10:40:00,160.7,4,70,35.7,0,0,0
2026-09-05 10:45:00,161.1,6,71,38.4,0,0,0
2026-09-05 10:50:00,161.2,10,70,38.2,0,0,0
2026-09-05 10:55:00,160.4,2,74,35.8,0,0,0
2026-09-05 11:00:00,160.5,3,73,32.4,0,0,0
2026-09-05 11:05:00,156.9,2,72,35.9,0,0,0
2026-09-05 11:10:00,156.9,15,75,36.0,0,0,0
2026-09-05 11:15:00,156.4,7,73,37.4,0,0,0
2026-09-05 11:20:00,157.7,11,75,35.8,0,0,0
2026-09-05 11:25:00,156.9,7,73,38.1,0,0,0
2026-09-05 11:30:00,158.5,4,65,38.3,0,0,0
2026-09-05 11:35:00,156.0,5,71,33.5,0,0,0
2026-09-05 11:40:00,158.0,10,71,40.5,0,0,0
2026-09-05 11:45:00,155.4,14,70,36.2,0,0,0
2026-09-05 11:50:00,154.1,6,72,40.2,0,0,0
2026-09-05 11:55:00,154.0,7,70,37.0,0,0,0
2026-09-05 12:00:00,152.4,3,72,37.5,0,0,0
2026-09-05 12:05:00,151.9,4,75,36.0,0,0,0
2026-09-05 12:10:00,151.6,10,71,38.4,0,0,0
2026-09-05 12:15:00,153.8,430,95,37.2,0,0,0
2026-09-05 12:20:00,151.2,423,97,36.6,0,0,0
2026-09-05 12:25:00,148.4,12,72,33.7,0,0,0
2026-09-05 12:30:00,150.7,13,74,35.9,0,0,0
2026-09-05 12:35:00,148.1,12,73,37.8,0,0,0
2026-09-05 12:40:00,149.1,9,68,35.9,0,0,0
2026-09-05 12:45:00,148.1,5,76,37.5,0,0,0
2026-09-05 12:50:00,144.9,2,71,38.0,0,0,0
2026-09-05 12:55:00,148.7,7,67,34.9,0,0,0
2026-09-05 13:00:00,148.8,4,69,38.0,0,0,0
2026-09-05 13:05:00,150.7,10,72,36.6,0,0,0
2026-09-05 13:10:00,151.7,25,72,38.7,0,0,0
2026-09-05 13:15:00,152.1,14,73,35.1,0,81,75
2026-09-05 13:20:00,162.6,23,78,39.3,0,0,0
2026-09-05 13:25:00,166.1,13,73,38.5,0,0,0
2026-09-05 13:30:00,171.2,480,105,31.9,0,0,0
2026-09-05 13:35:00,174.2,475,101,35.9,0,0,0
2026-09-05 13:40:00,181.2,12,78,40.7,0,0,0
2026-09-05 13:45:00,186.2,12,74,41.1,0,0,0
2026-09-05 13:50:00,188.0,14,72,37.3,0,0,0
2026-09-05 13:55:00,188.6,8,72,35.7,0,0,0
2026-09-05 14:00:00,188.9,3,75,35.3,0,0,0
2026-09-05 14:05:00,188.8,1,69,35.6,0,0,0
2026-09-05 14:10:00,187.0,4,71,38.1,0,0,0
2026-09-05 14:15:00,185.8,6,71,37.4,0,0,0
2026-09-05 14:20:00,184.6,7,73,34.7,0,0,0
2026-09-05 14:25:00,185.1,10,72,35.7,0,0,0
2026-09-05 14:30:00,181.5,15,68,34.3,0,0,0
2026-09-05 14:35:00,182.7,7,73,36.4,0,0,0
2026-09-05 14:40:00,181.7,10,68,37.0,0,0,0
2026-09-05 14:45:00,180.7,5,70,41.4,0,0,0
2026-09-05 14:50:00,178.2,7,72,36.1,0,0,0
2026-09-05 14:55:00,176.4,15,71,36.5,0,0,0
2026-09-05 15:00:00,174.4,1,71,40.1,0,0,0
2026-09-05 15:05:00,173.9,13,73,34.4,0,0,0
2026-09-05 15:10:00,170.9,4,74,38.0,0,0,0
2026-09-05 15:15:00,168.9,6,72,36.6,0,0,0
2026-09-05 15:20:00,170.0,7,70,37.2,0,0,0
2026-09-05 15:25:00,169.7,3,72,33.4,0,0,0
2026-09-05 15:30:00,168.4,8,73,36.5,0,0,0
2026-09-05 15:35:00,170.8,21,73,34.0,0,0,0
2026-09-05 15:40:00,172.2,5,73,35.6,0,0,0
2026-09-05 15:45:00,171.3,9,70,35.7,0,0,0
2026-09-05 15:50:00,171.5,7,72,37.3,0,0,0
2026-09-05 15:55:00,175.4,14,72,32.7,0,0,0
2026-09-05 16:00:00,173.0,13,73,35.3,0,0,0
2026-09-05 16:05:00,170.3,8,75,34.7,0,0,0
2026-09-05 16:10:00,168.7,3,69,39.1,0,0,0
2026-09-05 16:15:00,166.0,7,73,36.1,0,0,0
2026-09-05 16:20:00,161.8,3,70,41.1,0,0,0
2026-09-05 16:25:00,161.9,3,72,35.0,0,0,0
2026-09-05 16:30:00,161.4,5,71,38.4,0,0,0
2026-09-05 16:35:00,161.1,15,74,36.4,0,0,0
2026-09-05 16:40:00,160.5,5,73,37.3,0,0,0
2026-09-05 16:45:00,158.5,14,69,36.5,0,0,0
2026-09-05 16:50:00,157.3,6,70,36.5,0,0,0
2026-09-05 16:55:00,156.9,2,73,41.3,0,0,0
2026-09-05 17:00:00,159.0,6,70,38.6,0,0,0
2026-09-05 17:05:00,157.8,14,71,37.0,0,0,0
2026-09-05 17:10:00,155.8,12,68,39.3,0,0,0
2026-09-05 17:15:00,159.0,5,73,34.5,0,0,0
2026-09-05 17:20:00,158.4,7,71,35.7,0,0,0
2026-09-05 17:25:00,161.1,6,73,35.6,0,0,0
2026-09-05 17:30:00,159.6,13,69,40.1,0,0,0
2026-09-05 17:35:00,162.8,3,72,34.2,0,0,0
2026-09-05 17:40:00,162.8,14,72,36.6,0,0,0
2026-09-05 17:45:00,165.2,11,74,40.8,0,0,0
2026-09-05 17:50:00,160.4,1,73,33.1,0,0,0
2026-09-05 17:55:00,160.1,3,73,40.9,0,0,0
2026-09-05 18:00:00,160.4,2,72,32.4,0,40,80
2026-09-05 18:05:00,165.8,12,74,36.0,0,0,0
2026-09-05 18:10:00,170.8,7,72,36.2,0,0,0
2026-09-05 18:15:00,177.7,4,75,35.8,0,0,0
2026-09-05 18:20:00,182.6,10,77,35.4,0,0,0
2026-09-05 18:25:00,185.5,7,75,34.8,0,0,0
2026-09-05 18:30:00,187.3,3,72,33.7,0,0,0
2026-09-05 18:35:00,187.9,7,75,33.1,0,0,0
2026-09-05 18:40:00,186.7,9,74,36.4,0,0,0
2026-09-05 18:45:00,186.9,13,72,39.8,0,0,0
2026-09-05 18:50:00,188.4,2,69,34.8,0,0,0
2026-09-05 18:55:00,192.6,5,70,37.4,0,0,0
2026-09-05 19:00:00,191.8,7,74,36.2,0,0,0
2026-09-05 19:05:00,187.1,18,70,37.5,0,0,0
2026-09-05 19:10:00,182.5,3,68,33.0,0,0,0
2026-09-05 19:15:00,180.8,9,69,34.7,0,0,0
2026-09-05 19:20:00,179.3,9,70,38.8,0,0,0
2026-09-05 19:25:00,178.8,6,66,34.7,0,0,0
2026-09-05 19:30:00,176.8,8,72,35.0,0,0,0
2026-09-05 19:35:00,174.2,12,72,36.5,0,0,0
2026-09-05 19:40:00,175.0,7,70,36.6,0,0,0
2026-09-05 19:45:00,170.9,3,70,34.2,0,0,0
2026-09-05 19:50:00,172.5,17,69,35.7,0,0,0
2026-09-05 19:55:00,170.2,3,69,35.5,0,0,0
2026-09-05 20:00:00,170.8,5,68,34.7,0,0,0
2026-09-05 20:05:00,171.2,11,73,35.6,0,0,0
2026-09-05 20:10:00,170.2,4,70,38.8,0,0,0
2026-09-05 20:15:00,171.9,9,71,36.6,0,0,0
2026-09-05 20:20:00,171.5,9,71,34.6,0,0,0
2026-09-05 20:25:00,172.4,2,71,36.3,0,0,0
2026-09-05 20:30:00,169.9,7,72,35.8,0,0,0
2026-09-05 20:35:00,169.2,7,69,34.4,0,0,0
2026-09-05 20:40:00,163.7,10,71,32.7,0,0,0
2026-09-05 20:45:00,162.8,8,76,38.1,0,57,50
2026-09-05 20:50:00,165.2,10,76,37.2,0,0,0
2026-09-05 20:55:00,169.8,5,73,33.8,0,0,0
2026-09-05 21:00:00,172.1,345,94,36.1,0,0,0
2026-09-05 21:05:00,175.3,349,95,35.8,0,0,0
2026-09-05 21:10:00,177.4,6,72,34.5,0,0,0
2026-09-05 21:15:00,177.7,2,72,37.0,0,0,0
2026-09-05 21:20:00,179.2,11,71,37.4,0,0,0
2026-09-05 21:25:00,177.4,9,71,40.8,0,0,0
2026-09-05 21:30:00,176.0,16,72,37.6,0,0,0
2026-09-05 21:35:00,179.5,1,71,35.3,0,0,0
2026-09-05 21:40:00,179.7,5,74,36.6,0,0,0
2026-09-05 21:45:00,177.1,2,68,39.9,0,0,0
2026-09-05 21:50:00,174.8,7,66,36.9,0,0,0
2026-09-05 21:55:00,171.1,7,74,35.5,0,0,0
2026-09-05 22:00:00,178.0,10,71,38.1,0,0,0
2026-09-05 22:05:00,176.6,10,73,33.8,0,0,0
2026-09-05 22:10:00,174.5,4,73,38.5,0,0,0
2026-09-05 22:15:00,172.3,6,71,37.1,0,0,0
2026-09-05 22:20:00,166.7,11,70,33.8,0,0,0
2026-09-05 22:25:00,167.2,6,75,37.6,0,0,0
2026-09-05 22:30:00,165.1,13,71,37.9,0,0,0
2026-09-05 22:35:00,164.4,6,72,36.0,0,0,0
2026-09-05 22:40:00,162.9,4,73,36.0,0,0,0
2026-09-05 22:45:00,158.0,6,69,38.5,0,0,0
2026-09-05 22:50:00,160.7,6,69,36.0,0,0,0
2026-09-05 22:55:00,162.4,4,69,36.1,0,0,0
2026-09-05 23:00:00,162.7,4,72,35.6,0,0,0
2026-09-05 23:05:00,161.9,2,72,35.6,0,0,0
2026-09-05 23:10:00,163.9,13,68,40.5,0,0,0
2026-09-05 23:15:00,165.1,1,63,61.8,1,0,0
2026-09-05 23:20:00,164.8,0,64,60.9,1,0,0
2026-09-05 23:25:00,161.9,0,64,61.1,1,0,0
2026-09-05 23:30:00,165.7,0,64,56.0,1,0,0
2026-09-05 23:35:00,164.6,0,62,57.2,1,0,0
2026-09-05 23:40:00,162.4,0,63,63.0,1,0,0
2026-09-05 23:45:00,162.6,0,64,58.2,1,0,0
2026-09-05 23:50:00,164.2,0,64,58.8,1,0,0
2026-09-05 23:55:00,162.2,0,61,60.0,1,0,0
2026-09-06 00:00:00,162.9,0,64,56.5,1,0,0
2026-09-06 00:05:00,163.1,0,64,61.1,1,0,0
2026-09-06 00:10:00,161.9,0,63,60.3,1,0,0
2026-09-06 00:15:00,158.7,0,62,60.2,1,0,0
2026-09-06 00:20:00,155.7,0,64,59.4,1,0,0
2026-09-06 00:25:00,156.1,0,64,57.0,1,0,0
2026-09-06 00:30:00,160.1,1,63,62.1,1,0,0
2026-09-06 00:35:00,161.5,1,64,57.4,1,0,0
2026-09-06 00:40:00,162.4,0,61,57.6,1,0,0
2026-09-06 00:45:00,161.0,0,62,60.6,1,0,0
2026-09-06 00:50:00,159.1,0,60,58.7,1,0,0
2026-09-06 00:55:00,159.0,0,63,62.7,1,0,0
2026-09-06 01:00:00,159.7,0,60,60.0,1,0,0
2026-09-06 01:05:00,162.7,0,64,59.2,1,0,0
2026-09-06 01:10:00,162.6,0,60,59.9,1,0,0
2026-09-06 01:15:00,162.3,0,62,57.9,1,0,0
2026-09-06 01:20:00,157.9,0,63,56.2,1,0,0
2026-09-06 01:25:00,160.6,0,63,60.4,1,0,0
2026-09-06 01:30:00,159.0,0,63,57.6,1,0,0
2026-09-06 01:35:00,159.7,0,60,61.0,1,0,0
2026-09-06 01:40:00,158.8,1,64,58.3,1,0,0
2026-09-06 01:45:00,161.6,2,66,56.3,1,0,0
2026-09-06 01:50:00,160.0,0,64,61.1,1,0,0
2026-09-06 01:55:00,159.7,1,62,58.9,1,0,0
2026-09-06 02:00:00,158.7,1,63,58.3,1,0,0
2026-09-06 02:05:00,158.2,1,65,58.8,1,0,0
2026-09-06 02:10:00,157.8,0,60,62.4,1,0,0
2026-09-06 02:15:00,161.2,1,64,57.8,1,0,0
2026-09-06 02:20:00,162.6,0,61,61.5,1,0,0
2026-09-06 02:25:00,161.2,0,65,60.0,1,0,0
2026-09-06 02:30:00,159.5,1,62,59.2,1,0,0
2026-09-06 02:35:00,155.9,0,62,57.8,1,0,0
2026-09-06 02:40:00,159.8,0,64,58.6,1,0,0
2026-09-06 02:45:00,158.9,0,61,56.7,1,0,0
2026-09-06 02:50:00,163.6,0,63,58.2,1,0,0
2026-09-06 02:55:00,164.5,0,64,55.5,1,0,0
2026-09-06 03:00:00,164.3,0,63,56.7,1,0,0
2026-09-06 03:05:00,167.2,0,62,59.3,1,0,0
2026-09-06 03:10:00,166.5,0,64,59.3,1,0,0
2026-09-06 03:15:00,166.5,1,66,59.7,1,0,0
2026-09-06 03:20:00,167.1,0,64,58.9,1,0,0
2026-09-06 03:25:00,164.4,0,64,58.9,1,0,0
2026-09-06 03:30:00,161.9,0,62,59.8,1,0,0
2026-09-06 03:35:00,163.0,2,64,59.2,1,0,0
2026-09-06 03:40:00,165.3,1,60,59.8,1,0,0
2026-09-06 03:45:00,165.8,0,65,61.6,1,0,0
2026-09-06 03:50:00,164.5,0,63,57.8,1,0,0
2026-09-06 03:55:00,162.0,0,67,57.2,1,0,0
2026-09-06 04:00:00,160.8,1,66,60.7,1,0,0
2026-09-06 04:05:00,162.1,0,61,56.8,1,0,0
2026-09-06 04:10:00,161.6,0,60,56.7,1,0,0
2026-09-06 04:15:00,161.9,0,61,59.2,1,0,0
2026-09-06 04:20:00,162.7,1,64,60.4,1,0,0
2026-09-06 04:25:00,160.4,0,59,60.2,1,0,0
2026-09-06 04:30:00,159.7,1,64,58.7,1,0,0
2026-09-06 04:35:00,160.3,0,60,59.0,1,0,0
2026-09-06 04:40:00,162.3,1,63,59.0,1,0,0
2026-09-06 04:45:00,159.4,0,61,62.0,1,0,0
2026-09-06 04:50:00,160.5,0,63,56.7,1,0,0
2026-09-06 04:55:00,160.9,0,64,59.2,1,0,0
2026-09-06 05:00:00,161.4,0,60,57.6,1,0,0
2026-09-06 05:05:00,160.5,0,62,57.4,1,0,0
2026-09-06 05:10:00,158.2,0,61,57.5,1,0,0
2026-09-06 05:15:00,159.2,1,64,58.6,1,0,0
2026-09-06 05:20:00,161.9,0,62,59.6,1,0,0
2026-09-06 05:25:00,164.3,0,62,56.4,1,0,0
2026-09-06 05:30:00,164.2,0,66,54.9,1,0,0
2026-09-06 05:35:00,166.2,0,61,58.3,1,0,0
2026-09-06 05:40:00,166.5,0,63,59.9,1,0,0
2026-09-06 05:45:00,162.9,0,63,55.5,1,0,0
2026-09-06 05:50:00,165.2,0,64,59.4,1,0,0
2026-09-06 05:55:00,163.5,0,66,63.3,1,0,0
2026-09-06 06:00:00,163.6,0,64,59.2,1,0,0
2026-09-06 06:05:00,165.4,0,62,60.7,1,0,0
2026-09-06 06:10:00,162.3,0,62,61.1,1,0,0
2026-09-06 06:15:00,164.7,0,62,59.4,1,0,0
2026-09-06 06:20:00,163.3,0,66,59.8,1,0,0
2026-09-06 06:25:00,165.2,0,59,60.1,1,0,0
2026-09-06 06:30:00,166.1,0,64,60.3,1,0,0
2026-09-06 06:35:00,166.0,0,63,57.8,1,0,0
2026-09-06 06:40:00,167.1,0,61,58.4,1,0,0
2026-09-06 06:45:00,169.8,0,62,59.6,1,0,0
2026-09-06 06:50:00,166.8,1,64,61.1,1,0,0
2026-09-06 06:55:00,166.9,24,75,36.3,0,0,0
2026-09-06 07:00:00,165.4,16,68,36.5,0,0,0
2026-09-06 07:05:00,167.5,4,69,39.0,0,0,0
2026-09-06 07:10:00,170.2,9,70,36.5,0,0,0
2026-09-06 07:15:00,170.7,7,70,36.6,0,0,0
2026-09-06 07:20:00,171.3,9,72,37.1,0,0,0
2026-09-06 07:25:00,170.1,13,74,35.8,0,0,0
2026-09-06 07:30:00,172.2,2,73,34.4,0,0,0
2026-09-06 07:35:00,172.7,7,73,35.4,0,0,0
2026-09-06 07:40:00,170.9,11,71,36.9,0,0,0
2026-09-06 07:45:00,170.7,12,72,37.2,0,0,0
2026-09-06 07:50:00,168.1,6,73,38.4,0,0,0
2026-09-06 07:55:00,165.9,7,75,35.2,0,0,0
2026-09-06 08:00:00,160.3,2,77,35.1,0,0,0
2026-09-06 08:05:00,159.6,7,75,38.4,0,0,0
2026-09-06 08:10:00,158.8,4,69,36.3,0,0,0
2026-09-06 08:15:00,158.8,11,70,40.0,0,0,0
2026-09-06 08:20:00,161.7,0,69,33.8,0,0,0
2026-09-06 08:25:00,162.1,8,69,33.3,0,0,0
2026-09-06 08:30:00,161.9,10,71,36.7,0,0,0
2026-09-06 08:35:00,163.0,8,73,35.6,0,0,0
2026-09-06 08:40:00,162.4,7,70,37.4,0,0,0
2026-09-06 08:45:00,159.3,9,69,36.5,0,0,0
2026-09-06 08:50:00,156.8,2,74,37.8,0,0,0
2026-09-06 08:55:00,154.1,9,70,34.5,0,0,0
2026-09-06 09:00:00,153.9,8,72,36.5,0,0,0
2026-09-06 09:05:00,149.3,7,73,39.0,0,0,0
2026-09-06 09:10:00,150.8,245,88,38.2,0,0,0
2026-09-06 09:15:00,149.7,239,86,34.9,0,0,0
2026-09-06 09:20:00,150.4,233,82,34.9,0,0,0
2026-09-06 09:25:00,150.8,239,84,36.8,0,0,0
2026-09-06 09:30:00,150.8,11,72,35.2,0,0,0
2026-09-06 09:35:00,153.4,14,71,36.9,0,0,0
2026-09-06 09:40:00,155.6,9,69,34.6,0,0,0
2026-09-06 09:45:00,156.0,15,72,36.3,0,0,0
2026-09-06 09:50:00,158.7,5,74,35.4,0,0,0
2026-09-06 09:55:00,161.0,2,71,34.0,0,0,0
2026-09-06 10:00:00,158.8,4,69,34.6,0,0,0
2026-09-06 10:05:00,157.8,8,70,38.1,0,0,0
2026-09-06 10:10:00,158.4,10,73,38.9,0,0,0
2026-09-06 10:15:00,157.4,3,72,35.6,0,0,0
2026-09-06 10:20:00,154.7,5,71,40.9,0,0,0
2026-09-06 10:25:00,155.2,14,74,40.2,0,0,0
2026-09-06 10:30:00,155.3,12,68,37.3,0,0,0
2026-09-06 10:35:00,158.4,6,75,41.4,0,0,0
2026-09-06 10:40:00,158.2,6,73,36.4,0,0,0
2026-09-06 10:45:00,159.3,8,72,36.1,0,0,0
2026-09-06 10:50:00,156.1,9,71,34.5,0,0,0
2026-09-06 10:55:00,153.4,11,71,34.9,0,0,0
2026-09-06 11:00:00,154.3,9,73,39.5,0,0,0
2026-09-06 11:05:00,152.9,15,70,33.0,0,0,0
2026-09-06 11:10:00,154.0,7,74,35.3,0,0,0
2026-09-06 11:15:00,152.9,5,72,36.6,0,0,0
2026-09-06 11:20:00,155.5,5,73,39.4,0,0,0
2026-09-06 11:25:00,155.9,15,73,37.8,0,0,0
2026-09-06 11:30:00,158.0,0,74,36.5,0,0,0
2026-09-06 11:35:00,157.4,7,69,39.0,0,0,0
2026-09-06 11:40:00,157.9,13,71,33.4,0,0,0
2026-09-06 11:45:00,154.5,4,72,38.1,0,0,0
2026-09-06 11:50:00,155.8,4,72,33.7,0,0,0
2026-09-06 11:55:00,155.8,9,71,37.3,0,0,0
2026-09-06 12:00:00,155.5,10,70,32.6,0,0,0
2026-09-06 12:05:00,154.2,14,72,37.8,0,0,0
2026-09-06 12:10:00,154.9,14,73,35.3,0,0,0
2026-09-06 12:15:00,159.6,4,70,34.9,0,0,0
2026-09-06 12:20:00,159.1,6,71,35.7,0,0,0
2026-09-06 12:25:00,160.3,7,69,36.2,0,0,0
2026-09-06 12:30:00,160.9,7,75,34.2,0,0,0
2026-09-06 12:35:00,157.9,17,72,38.6,0,0,0
2026-09-06 12:40:00,156.7,9,73,38.7,0,0,0
2026-09-06 12:45:00,155.6,8,71,34.2,0,0,0
2026-09-06 12:50:00,152.0,3,72,38.0,0,0,0
2026-09-06 12:55:00,152.5,7,73,33.9,0,0,0
2026-09-06 13:00:00,152.9,8,70,34.5,0,0,0
2026-09-06 13:05:00,150.4,8,70,38.4,0,0,0
2026-09-06 13:10:00,151.3,10,69,37.1,0,0,0
2026-09-06 13:15:00,150.0,10,73,40.3,0,59,50
2026-09-06 13:20:00,153.2,16,72,36.9,0,0,0
2026-09-06 13:25:00,159.7,8,74,34.6,0,0,0
2026-09-06 13:30:00,161.9,437,102,39.3,0,0,0
2026-09-06 13:35:00,164.6,435,98,32.9,0,0,0
2026-09-06 13:40:00,165.5,12,75,35.0,0,0,0
2026-09-06 13:45:00,167.4,10,73,37.1,0,0,0
2026-09-06 13:50:00,165.7,8,76,31.9,0,0,0
2026-09-06 13:55:00,167.7,8,71,36.5,0,0,0
2026-09-06 14:00:00,169.4,5,72,38.0,0,0,0
2026-09-06 14:05:00,168.4,9,72,34.3,0,0,0
2026-09-06 14:10:00,166.7,8,71,37.8,0,0,0
2026-09-06 14:15:00,168.1,6,69,38.4,0,0,0
2026-09-06 14:20:00,166.8,5,73,34.2,0,0,0
2026-09-06 14:25:00,164.5,3,71,34.6,0,0,0
2026-09-06 14:30:00,168.3,2,71,39.1,0,0,0
2026-09-06 14:35:00,169.4,4,73,39.6,0,0,0
2026-09-06 14:40:00,172.0,11,69,32.8,0,0,0
2026-09-06 14:45:00,176.1,10,69,38.4,0,0,0
2026-09-06 14:50:00,172.7,8,71,34.2,0,0,0
2026-09-06 14:55:00,173.5,11,72,32.3,0,0,0
2026-09-06 15:00:00,172.4,5,71,34.0,0,0,0
2026-09-06 15:05:00,172.3,7,77,36.5,0,0,0
2026-09-06 15:10:00,171.0,11,74,38.1,0,0,0
2026-09-06 15:15:00,169.0,7,70,38.0,0,0,0
2026-09-06 15:20:00,169.9,17,69,35.2,0,0,0
2026-09-06 15:25:00,166.9,4,73,34.0,0,0,0
2026-09-06 15:30:00,164.9,5,71,35.4,0,0,0
2026-09-06 15:35:00,163.5,6,73,36.8,0,0,0
2026-09-06 15:40:00,165.2,5,69,33.6,0,0,0
2026-09-06 15:45:00,167.2,13,67,35.6,0,0,0
2026-09-06 15:50:00,165.3,9,72,35.5,0,0,0
2026-09-06 15:55:00,164.6,13,72,37.9,0,0,0
2026-09-06 16:00:00,165.8,4,72,37.0,0,0,0
2026-09-06 16:05:00,163.4,4,71,37.5,0,0,0
2026-09-06 16:10:00,159.9,6,71,37.3,0,0,0
2026-09-06 16:15:00,163.4,7,73,36.7,0,0,0
2026-09-06 16:20:00,162.5,13,70,35.2,0,0,0
2026-09-06 16:25:00,161.1,12,71,35.5,0,0,0
2026-09-06 16:30:00,160.8,8,72,35.0,0,0,0
2026-09-06 16:35:00,161.1,3,72,36.2,0,0,0
2026-09-06 16:40:00,160.4,8,70,36.0,0,0,0
2026-09-06 16:45:00,155.7,7,75,36.3,0,0,0
2026-09-06 16:50:00,158.8,13,72,35.2,0,0,0
2026-09-06 16:55:00,157.5,4,70,35.1,0,0,0
2026-09-06 17:00:00,160.7,2,71,37.9,0,0,0
2026-09-06 17:05:00,158.2,6,73,38.9,0,0,0
2026-09-06 17:10:00,160.1,8,72,35.1,0,0,0
2026-09-06 17:15:00,161.7,2,67,39.6,0,0,0
2026-09-06 17:20:00,162.3,7,73,35.6,0,0,0
2026-09-06 17:25:00,160.8,22,72,34.1,0,0,0
2026-09-06 17:30:00,159.8,4,70,33.4,0,0,0
2026-09-06 17:35:00,159.3,10,73,37.6,0,0,0
2026-09-06 17:40:00,155.7,11,72,33.7,0,0,0
2026-09-06 17:45:00,156.2,7,73,36.6,0,0,0
2026-09-06 17:50:00,156.0,6,72,36.0,0,0,0
2026-09-06 17:55:00,156.4,11,73,36.0,0,0,0
2026-09-06 18:00:00,157.2,11,76,37.9,0,16,35
2026-09-06 18:05:00,158.9,7,74,36.9,0,0,0
2026-09-06 18:10:00,159.2,13,78,36.5,0,0,0
2026-09-06 18:15:00,161.7,8,75,35.5,0,0,0
2026-09-06 18:20:00,164.3,7,76,34.5,0,0,0
2026-09-06 18:25:00,162.4,4,70,33.3,0,0,0
2026-09-06 18:30:00,161.3,9,72,36.6,0,0,0
2026-09-06 18:35:00,159.7,3,74,35.0,0,0,0
2026-09-06 18:40:00,159.9,12,75,36.2,0,0,0
2026-09-06 18:45:00,157.2,13,74,36.5,0,0,0
2026-09-06 18:50:00,158.2,7,73,35.0,0,0,0
2026-09-06 18:55:00,158.1,12,72,34.8,0,0,0
2026-09-06 19:00:00,159.8,1,74,35.8,0,0,0
2026-09-06 19:05:00,156.8,9,72,35.8,0,0,0
2026-09-06 19:10:00,157.5,10,74,39.2,0,0,0
2026-09-06 19:15:00,157.6,18,72,33.9,0,0,0
2026-09-06 19:20:00,160.3,6,71,36.3,0,0,0
2026-09-06 19:25:00,161.5,5,73,34.0,0,0,0
2026-09-06 19:30:00,161.0,11,70,34.0,0,0,0
2026-09-06 19:35:00,157.8,8,71,36.2,0,0,0
2026-09-06 19:40:00,159.3,14,71,34.1,0,0,0
2026-09-06 19:45:00,159.7,9,72,37.2,0,0,0
2026-09-06 19:50:00,159.2,5,72,34.4,0,0,0
2026-09-06 19:55:00,160.9,9,69,35.7,0,0,0
2026-09-06 20:00:00,161.2,4,71,36.6,0,0,0
2026-09-06 20:05:00,160.8,19,71,33.0,0,0,0
2026-09-06 20:10:00,159.1,6,72,35.7,0,0,0
2026-09-06 20:15:00,157.0,8,71,37.1,0,0,0
2026-09-06 20:20:00,154.5,7,73,38.0,0,0,0
2026-09-06 20:25:00,157.0,7,71,35.9,0,0,0
2026-09-06 20:30:00,158.5,8,71,32.6,0,0,0
2026-09-06 20:35:00,160.9,2,69,34.1,0,0,0
2026-09-06 20:40:00,161.4,6,72,37.6,0,0,0
2026-09-06 20:45:00,159.7,8,72,37.1,0,0,0
2026-09-06 20:50:00,161.5,7,68,35.2,0,0,0
2026-09-06 20:55:00,159.9,9,70,38.0,0,0,0
2026-09-06 21:00:00,158.2,5,72,35.9,0,0,0
2026-09-06 21:05:00,156.7,10,72,32.9,0,0,0
2026-09-06 21:10:00,159.8,4,71,35.8,0,0,0
2026-09-06 21:15:00,156.3,13,76,35.2,0,111,70
2026-09-06 21:20:00,166.1,12,75,36.3,0,0,0
2026-09-06 21:25:00,178.5,17,76,35.6,0,0,0
2026-09-06 21:30:00,187.2,482,103,35.3,0,0,0
2026-09-06 21:35:00,192.0,492,104,37.8,0,0,0
2026-09-06 21:40:00,198.4,5,74,32.3,0,0,0
2026-09-06 21:45:00,200.3,5,69,35.1,0,0,0
2026-09-06 21:50:00,199.9,10,69,36.5,0,0,0
2026-09-06 21:55:00,199.7,1,61,55.5,1,0,0
2026-09-06 22:00:00,198.1,0,63,61.3,1,0,0
2026-09-06 22:05:00,197.5,1,64,61.2,1,0,0
2026-09-06 22:10:00,195.1,0,65,60.2,1,0,0
2026-09-06 22:15:00,193.7,0,62,61.4,1,0,0
2026-09-06 22:20:00,195.8,0,63,55.3,1,0,0
2026-09-06 22:25:00,197.4,1,63,57.9,1,0,0
2026-09-06 22:30:00,197.5,0,66,58.6,1,0,0
2026-09-06 22:35:00,196.0,0,62,60.6,1,0,0
2026-09-06 22:40:00,195.6,0,61,59.8,1,0,0
2026-09-06 22:45:00,192.4,0,63,57.9,1,0,0
2026-09-06 22:50:00,192.7,0,61,59.8,1,0,0
2026-09-06 22:55:00,191.5,0,63,58.3,1,0,0
2026-09-06 23:00:00,187.5,0,63,57.8,1,0,0
2026-09-06 23:05:00,185.5,0,60,57.7,1,0,0
2026-09-06 23:10:00,185.4,0,62,57.4,1,0,0
2026-09-06 23:15:00,182.3,0,61,57.2,1,0,0
2026-09-06 23:20:00,182.0,1,61,57.7,1,0,0
2026-09-06 23:25:00,181.6,1,62,56.1,1,0,0
2026-09-06 23:30:00,178.8,0,59,62.5,1,0,0
2026-09-06 23:35:00,173.8,1,62,60.6,1,0,0
2026-09-06 23:40:00,173.3,0,63,58.3,1,0,0
2026-09-06 23:45:00,175.6,0,67,59.7,1,0,0
2026-09-06 23:50:00,175.8,0,63,60.9,1,0,0
2026-09-06 23:55:00,176.5,0,61,57.7,1,0,0
2026-09-07 00:00:00,174.6,0,66,59.3,1,0,0
2026-09-07 00:05:00,173.2,1,63,59.3,1,0,0
2026-09-07 00:10:00,171.0,1,62,58.3,1,0,0
2026-09-07 00:15:00,169.1,0,64,61.0,1,0,0
2026-09-07 00:20:00,168.9,0,63,59.9,1,0,0
2026-09-07 00:25:00,164.8,0,65,61.0,1,0,0
2026-09-07 00:30:00,163.8,1,60,58.6,1,0,0
2026-09-07 00:35:00,164.2,0,62,57.2,1,0,0
2026-09-07 00:40:00,161.6,0,63,57.9,1,0,0
2026-09-07 00:45:00,162.2,1,64,60.6,1,0,0
2026-09-07 00:50:00,160.6,1,67,58.9,1,0,0
2026-09-07 00:55:00,159.5,0,61,58.4,1,0,0
2026-09-07 01:00:00,160.4,1,65,57.3,1,0,0
2026-09-07 01:05:00,159.5,0,61,59.7,1,0,0
2026-09-07 01:10:00,159.3,0,62,59.3,1,0,0
2026-09-07 01:15:00,160.3,0,65,59.1,1,0,0
2026-09-07 01:20:00,156.4,0,67,59.0,1,0,0
2026-09-07 01:25:00,154.9,0,66,61.3,1,0,0
2026-09-07 01:30:00,157.1,1,61,62.4,1,0,0
2026-09-07 01:35:00,156.8,1,63,56.7,1,0,0
2026-09-07 01:40:00,156.9,0,68,62.4,1,0,0
2026-09-07 01:45:00,156.6,0,57,61.2,1,0,0
2026-09-07 01:50:00,157.8,0,63,61.6,1,0,0
2026-09-07 01:55:00,156.5,0,61,57.9,1,0,0
2026-09-07 02:00:00,156.9,1,62,57.5,1,0,0
2026-09-07 02:05:00,156.0,0,64,59.4,1,0,0
2026-09-07 02:10:00,155.3,0,61,56.7,1,0,0
2026-09-07 02:15:00,155.6,0,64,61.1,1,0,0
2026-09-07 02:20:00,154.4,0,68,60.7,1,0,0
2026-09-07 02:25:00,153.5,0,64,56.4,1,0,0
2026-09-07 02:30:00,154.6,0,64,58.3,1,0,0
2026-09-07 02:35:00,153.6,0,65,56.7,1,0,0
2026-09-07 02:40:00,154.5,0,66,60.0,1,0,0
2026-09-07 02:45:00,156.0,0,59,59.1,1,0,0
2026-09-07 02:50:00,155.2,0,64,61.5,1,0,0
2026-09-07 02:55:00,155.9,1,63,60.9,1,0,0
2026-09-07 03:00:00,157.0,0,60,60.5,1,0,0
2026-09-07 03:05:00,151.7,1,67,62.1,1,0,0
2026-09-07 03:10:00,155.7,0,63,57.2,1,0,0
2026-09-07 03:15:00,157.8,1,61,56.1,1,0,0
2026-09-07 03:20:00,159.3,0,62,59.3,1,0,0
2026-09-07 03:25:00,163.2,0,64,58.4,1,0,0
2026-09-07 03:30:00,163.1,0,67,58.1,1,0,0
2026-09-07 03:35:00,160.1,2,63,61.7,1,0,0
2026-09-07 03:40:00,160.7,0,63,61.7,1,0,0
2026-09-07 03:45:00,163.1,0,63,56.6,1,0,0
2026-09-07 03:50:00,164.3,0,61,58.9,1,0,0
2026-09-07 03:55:00,169.9,0,63,56.9,1,0,0
2026-09-07 04:00:00,170.4,0,65,60.2,1,0,0
2026-09-07 04:05:00,169.5,1,60,58.1,1,0,0
2026-09-07 04:10:00,169.0,0,66,59.7,1,0,0
2026-09-07 04:15:00,170.6,0,65,56.4,1,0,0
2026-09-07 04:20:00,174.5,0,61,62.2,1,0,0
2026-09-07 04:25:00,173.9,0,64,61.3,1,0,0
2026-09-07 04:30:00,173.3,0,64,55.3,1,0,0
2026-09-07 04:35:00,175.1,0,66,59.5,1,0,0
2026-09-07 04:40:00,173.9,1,63,60.8,1,0,0
2026-09-07 04:45:00,173.1,0,64,62.0,1,0,0
2026-09-07 04:50:00,168.7,0,62,61.4,1,0,0
2026-09-07 04:55:00,168.7,0,61,62.0,1,0,0
2026-09-07 05:00:00,169.7,0,62,60.1,1,0,0
2026-09-07 05:05:00,172.6,0,64,58.0,1,0,0
2026-09-07 05:10:00,170.1,0,63,61.9,1,0,0
2026-09-07 05:15:00,169.5,0,63,58.9,1,0,0
2026-09-07 05:20:00,166.5,0,63,60.6,1,0,0
2026-09-07 05:25:00,167.5,2,62,59.9,1,0,0
2026-09-07 05:30:00,167.8,1,62,57.5,1,0,0
2026-09-07 05:35:00,163.1,1,63,61.9,1,0,0
2026-09-07 05:40:00,165.5,0,61,61.6,1,0,0
2026-09-07 05:45:00,161.1,0,65,57.5,1,0,0
2026-09-07 05:50:00,160.1,1,63,59.0,1,0,0
2026-09-07 05:55:00,159.8,0,64,58.6,1,0,0
2026-09-07 06:00:00,158.7,1,60,61.2,1,0,0
2026-09-07 06:05:00,162.6,0,61,58.6,1,0,0
2026-09-07 06:10:00,163.9,0,64,58.7,1,0,0
2026-09-07 06:15:00,162.7,0,60,63.2,1,0,0
2026-09-07 06:20:00,161.0,6,74,36.8,0,0,0
2026-09-07 06:25:00,160.5,6,75,37.2,0,0,0
2026-09-07 06:30:00,155.4,9,72,36.5,0,0,0
2026-09-07 06:35:00,157.0,8,72,32.0,0,0,0
2026-09-07 06:40:00,162.0,6,74,32.7,0,0,0
2026-09-07 06:45:00,162.6,6,72,38.1,0,0,0
2026-09-07 06:50:00,165.3,15,70,38.5,0,0,0
2026-09-07 06:55:00,167.0,8,72,36.3,0,0,0
2026-09-07 07:00:00,162.1,5,69,37.2,0,0,0
2026-09-07 07:05:00,159.3,18,71,32.5,0,0,0
2026-09-07 07:10:00,159.3,2,72,35.7,0,0,0
2026-09-07 07:15:00,158.0,6,73,40.3,0,0,0
2026-09-07 07:20:00,157.6,10,73,35.4,0,0,0
2026-09-07 07:25:00,157.0,14,77,35.2,0,0,0
2026-09-07 07:30:00,157.5,6,69,41.5,0,0,0
2026-09-07 07:35:00,154.1,9,73,38.4,0,0,0
2026-09-07 07:40:00,156.5,10,75,35.7,0,55,65
2026-09-07 07:45:00,162.4,16,77,37.2,0,0,0
2026-09-07 07:50:00,167.9,13,79,36.1,0,0,0
2026-09-07 07:55:00,169.3,9,75,37.1,0,0,0
2026-09-07 08:00:00,172.7,10,73,37.8,0,0,0
2026-09-07 08:05:00,178.0,6,72,35.6,0,0,0
2026-09-07 08:10:00,181.5,6,72,37.9,0,0,0
2026-09-07 08:15:00,185.7,12,71,38.0,0,0,0
2026-09-07 08:20:00,184.1,11,69,36.5,0,0,0
2026-09-07 08:25:00,183.3,9,74,34.3,0,0,0
2026-09-07 08:30:00,184.6,14,71,37.7,0,0,0
2026-09-07 08:35:00,182.7,11,74,33.7,0,0,0
2026-09-07 08:40:00,182.9,6,73,39.2,0,0,0
2026-09-07 08:45:00,181.5,2,70,40.0,0,0,0
2026-09-07 08:50:00,182.7,8,73,38.8,0,0,0
2026-09-07 08:55:00,181.5,7,70,35.6,0,0,0
2026-09-07 09:00:00,181.0,16,74,37.1,0,0,0
2026-09-07 09:05:00,180.7,13,70,35.1,0,0,0
2026-09-07 09:10:00,179.5,2,72,35.9,0,0,0
2026-09-07 09:15:00,178.3,13,71,35.2,0,0,0
2026-09-07 09:20:00,178.9,13,72,34.8,0,0,0
2026-09-07 09:25:00,179.1,9,72,38.7,0,0,0
2026-09-07 09:30:00,175.7,4,73,38.4,0,0,0
2026-09-07 09:35:00,173.7,14,72,37.2,0,0,0
2026-09-07 09:40:00,172.3,4,70,32.3,0,0,0
2026-09-07 09:45:00,171.7,3,72,35.6,0,0,0
2026-09-07 09:50:00,170.5,2,71,38.5,0,0,0
2026-09-07 09:55:00,169.3,4,70,34.2,0,0,0
2026-09-07 10:00:00,172.3,8,69,38.0,0,0,0
2026-09-07 10:05:00,170.8,1,70,35.3,0,0,0
2026-09-07 10:10:00,169.0,20,74,36.3,0,0,0
2026-09-07 10:15:00,170.8,3,71,37.0,0,0,0
2026-09-07 10:20:00,171.3,8,72,38.3,0,0,0
2026-09-07 10:25:00,170.1,11,75,35.0,0,0,0
2026-09-07 10:30:00,171.4,3,70,30.4,0,0,0
2026-09-07 10:35:00,171.3,6,70,36.9,0,0,0
2026-09-07 10:40:00,173.8,8,70,37.3,0,0,0
2026-09-07 10:45:00,172.8,5,71,41.0,0,0,0
2026-09-07 10:50:00,175.1,19,70,37.5,0,0,0
2026-09-07 10:55:00,173.7,5,70,35.5,0,0,0
2026-09-07 11:00:00,168.9,11,73,36.5,0,0,0
2026-09-07 11:05:00,166.4,16,73,34.7,0,0,0
2026-09-07 11:10:00,169.5,6,71,35.6,0,0,0
2026-09-07 11:15:00,170.1,3,74,34.8,0,0,0
2026-09-07 11:20:00,168.4,8,75,31.9,0,0,0
2026-09-07 11:25:00,165.7,5,74,32.7,0,0,0
2026-09-07 11:30:00,165.1,16,76,37.4,0,0,0
2026-09-07 11:35:00,164.9,7,71,38.3,0,0,0
2026-09-07 11:40:00,165.4,5,68,33.9,0,0,0
2026-09-07 11:45:00,163.7,7,72,39.5,0,0,0
2026-09-07 11:50:00,160.7,9,70,38.5,0,0,0
2026-09-07 11:55:00,155.0,14,73,35.7,0,0,0
2026-09-07 12:00:00,155.2,9,71,35.6,0,0,0
2026-09-07 12:05:00,158.4,9,69,32.0,0,0,0
2026-09-07 12:10:00,160.1,6,72,38.8,0,0,0
2026-09-07 12:15:00,157.6,6,72,37.8,0,0,0
2026-09-07 12:20:00,158.3,5,67,40.6,0,0,0
2026-09-07 12:25:00,160.0,3,70,33.7,0,0,0
2026-09-07 12:30:00,160.7,17,75,35.7,0,0,0
2026-09-07 12:35:00,163.0,4,69,39.3,0,0,0
2026-09-07 12:40:00,164.2,4,70,35.9,0,0,0
2026-09-07 12:45:00,160.7,1,75,42.1,0,96,75
2026-09-07 12:50:00,170.9,14,75,35.4,0,0,0
2026-09-07 12:55:00,185.8,13,78,38.3,0,0,0
2026-09-07 13:00:00,193.3,7,74,37.5,0,0,0
2026-09-07 13:05:00,201.0,7,70,35.4,0,0,0
2026-09-07 13:10:00,201.8,10,75,38.8,0,0,0
2026-09-07 13:15:00,204.5,4,74,36.1,0,0,0
2026-09-07 13:20:00,205.8,9,74,38.0,0,0,0
2026-09-07 13:25:00,206.4,3,73,34.2,0,0,0
2026-09-07 13:30:00,205.5,10,69,33.5,0,0,0
2026-09-07 13:35:00,205.4,12,74,33.9,0,0,0
2026-09-07 13:40:00,205.8,12,76,39.9,0,0,0
2026-09-07 13:45:00,203.9,4,72,38.9,0,0,0
2026-09-07 13:50:00,201.4,8,73,36.0,0,0,0
2026-09-07 13:55:00,199.8,11,70,37.5,0,0,0
2026-09-07 14:00:00,198.6,7,70,36.5,0,0,0
2026-09-07 14:05:00,194.1,8,71,38.2,0,0,0
2026-09-07 14:10:00,193.4,4,68,35.0,0,0,0
2026-09-07 14:15:00,191.9,4,71,37.6,0,0,0
2026-09-07 14:20:00,189.8,380,94,34.2,0,0,0
2026-09-07 14:25:00,187.1,375,92,38.3,0,0,0
2026-09-07 14:30:00,186.4,373,95,36.1,0,0,0
2026-09-07 14:35:00,183.4,374,95,36.4,0,0,0
2026-09-07 14:40:00,180.3,9,73,38.5,0,0,0
2026-09-07 14:45:00,179.1,20,70,41.1,0,0,0
2026-09-07 14:50:00,179.6,4,71,40.0,0,0,0
2026-09-07 14:55:00,176.2,4,69,34.4,0,0,0
2026-09-07 15:00:00,173.3,2,72,36.0,0,0,0
2026-09-07 15:05:00,173.3,10,73,40.6,0,0,0
2026-09-07 15:10:00,171.1,5,72,33.7,0,0,0
2026-09-07 15:15:00,169.6,8,73,38.1,0,0,0
2026-09-07 15:20:00,166.7,9,68,39.0,0,0,0
2026-09-07 15:25:00,165.1,10,70,37.5,0,0,0
2026-09-07 15:30:00,165.8,10,73,34.5,0,0,0
2026-09-07 15:35:00,165.0,10,72,37.4,0,0,0
2026-09-07 15:40:00,162.5,1,69,37.2,0,0,0
2026-09-07 15:45:00,161.3,13,73,36.3,0,0,0
2026-09-07 15:50:00,159.6,0,70,33.9,0,0,0
2026-09-07 15:55:00,161.0,25,70,35.1,0,0,0
2026-09-07 16:00:00,160.1,9,68,35.8,0,0,0
2026-09-07 16:05:00,163.4,8,69,36.0,0,0,0
2026-09-07 16:10:00,164.6,9,70,37.8,0,0,0
2026-09-07 16:15:00,164.2,7,73,36.7,0,0,0
2026-09-07 16:20:00,162.0,11,70,39.3,0,0,0
2026-09-07 16:25:00,163.1,7,72,37.4,0,0,0
2026-09-07 16:30:00,163.6,9,70,35.9,0,0,0
2026-09-07 16:35:00,161.0,8,70,40.0,0,0,0
2026-09-07 16:40:00,161.6,7,69,36.7,0,0,0
2026-09-07 16:45:00,159.5,2,70,38.4,0,0,0
2026-09-07 16:50:00,162.6,4,70,38.2,0,0,0
2026-09-07 16:55:00,161.7,7,72,37.2,0,0,0
2026-09-07 17:00:00,163.4,7,71,39.9,0,0,0
2026-09-07 17:05:00,161.2,7,67,36.1,0,0,0
2026-09-07 17:10:00,164.8,8,71,35.6,0,0,0
2026-09-07 17:15:00,164.1,11,71,38.9,0,0,0
2026-09-07 17:20:00,162.7,12,78,38.2,0,0,0
2026-09-07 17:25:00,161.1,13,74,36.1,0,0,0
2026-09-07 17:30:00,161.3,6,71,33.8,0,0,0
2026-09-07 17:35:00,158.9,6,70,33.6,0,0,0
2026-09-07 17:40:00,155.8,4,71,35.4,0,0,0
2026-09-07 17:45:00,154.6,7,73,35.2,0,0,0
2026-09-07 17:50:00,152.6,6,70,33.4,0,0,0
2026-09-07 17:55:00,150.9,8,70,36.4,0,0,0
2026-09-07 18:00:00,151.2,8,73,38.2,0,0,0
2026-09-07 18:05:00,153.1,3,71,36.4,0,0,0
2026-09-07 18:10:00,153.9,4,72,35.7,0,21,50
2026-09-07 18:15:00,156.1,10,73,37.1,0,0,0
2026-09-07 18:20:00,156.8,10,75,35.2,0,0,0
2026-09-07 18:25:00,158.6,7,78,35.0,0,0,0
2026-09-07 18:30:00,163.7,12,78,37.0,0,0,0
2026-09-07 18:35:00,167.3,5,74,36.6,0,0,0
2026-09-07 18:40:00,169.2,8,71,35.0,0,0,0
2026-09-07 18:45:00,168.1,9,71,38.6,0,0,0
2026-09-07 18:50:00,169.5,10,75,37.8,0,0,0
2026-09-07 18:55:00,171.3,22,74,32.5,0,0,0
2026-09-07 19:00:00,169.5,8,70,35.2,0,0,0
2026-09-07 19:05:00,168.2,3,74,38.2,0,0,0
2026-09-07 19:10:00,170.5,7,72,36.1,0,0,0
2026-09-07 19:15:00,170.8,11,74,36.9,0,0,0
2026-09-07 19:20:00,168.5,13,72,37.3,0,0,0
2026-09-07 19:25:00,167.4,4,71,39.1,0,0,0
2026-09-07 19:30:00,165.0,8,67,40.1,0,0,0
2026-09-07 19:35:00,163.3,5,70,34.4,0,0,0
2026-09-07 19:40:00,162.6,2,68,37.1,0,0,0
2026-09-07 19:45:00,162.7,4,71,37.2,0,0,0
2026-09-07 19:50:00,161.6,7,69,35.7,0,0,0
2026-09-07 19:55:00,163.1,2,72,33.3,0,0,0
2026-09-07 20:00:00,160.2,16,71,38.1,0,0,0
2026-09-07 20:05:00,165.2,4,71,36.7,0,0,0
2026-09-07 20:10:00,161.1,6,71,39.0,0,0,0
2026-09-07 20:15:00,159.9,7,74,40.4,0,0,0
2026-09-07 20:20:00,156.0,8,69,37.6,0,0,0
2026-09-07 20:25:00,153.8,4,72,36.4,0,0,0
2026-09-07 20:30:00,156.4,6,69,33.1,0,0,0
2026-09-07 20:35:00,157.1,6,76,36.2,0,96,70
2026-09-07 20:40:00,168.1,23,75,36.5,0,0,0
2026-09-07 20:45:00,178.1,11,77,37.6,0,0,0
2026-09-07 20:50:00,186.5,8,72,37.5,0,0,0
2026-09-07 20:55:00,195.2,12,77,33.8,0,0,0
2026-09-07 21:00:00,200.5,16,75,38.6,0,0,0
2026-09-07 21:05:00,202.6,5,72,35.7,0,0,0
2026-09-07 21:10:00,205.0,16,72,37.5,0,0,0
2026-09-07 21:15:00,208.3,2,70,37.0,0,0,0
2026-09-07 21:20:00,207.5,18,75,37.4,0,0,0
2026-09-07 21:25:00,206.4,9,71,33.3,0,0,0
2026-09-07 21:30:00,209.5,14,74,35.6,0,0,0
2026-09-07 21:35:00,210.3,11,73,36.8,0,0,0
2026-09-07 21:40:00,207.4,9,75,34.4,0,0,0
2026-09-07 21:45:00,206.3,10,72,35.2,0,0,0
2026-09-07 21:50:00,203.2,7,69,37.5,0,0,0
2026-09-07 21:55:00,199.4,4,69,31.8,0,0,0
2026-09-07 22:00:00,197.0,7,71,32.8,0,0,0
2026-09-07 22:05:00,196.0,9,73,36.1,0,0,0
2026-09-07 22:10:00,196.1,5,73,38.3,0,0,0
2026-09-07 22:15:00,191.3,6,69,37.1,0,0,0
2026-09-07 22:20:00,191.5,8,71,35.9,0,0,0
2026-09-07 22:25:00,192.5,11,73,36.6,0,0,0
2026-09-07 22:30:00,189.2,7,74,35.3,0,0,0
2026-09-07 22:35:00,188.4,1,73,36.6,0,0,0
2026-09-07 22:40:00,184.4,14,72,36.3,0,0,0
2026-09-07 22:45:00,180.8,1,68,36.5,0,0,0
2026-09-07 22:50:00,180.6,4,68,34.5,0,0,0
2026-09-07 22:55:00,181.1,7,71,37.0,0,0,0
2026-09-07 23:00:00,179.7,4,69,34.6,0,0,0
2026-09-07 23:05:00,180.5,8,70,37.7,0,0,0
2026-09-07 23:10:00,177.6,12,73,37.4,0,0,0
2026-09-07 23:15:00,177.3,19,69,37.1,0,0,0
2026-09-07 23:20:00,177.1,3,74,32.8,0,0,0
2026-09-07 23:25:00,174.6,6,72,38.9,0,0,0
2026-09-07 23:30:00,172.1,9,70,33.8,0,0,0
2026-09-07 23:35:00,170.7,16,71,35.3,0,0,0
2026-09-07 23:40:00,166.7,10,74,37.1,0,0,0
2026-09-07 23:45:00,163.7,5,72,33.0,0,0,0
2026-09-07 23:50:00,165.9,12,74,39.8,0,0,0
2026-09-07 23:55:00,167.6,18,72,30.8,0,0,0
2026-09-08 00:00:00,168.5,9,72,38.8,0,0,0
2026-09-08 00:05:00,164.8,11,72,35.3,0,0,0
2026-09-08 00:10:00,162.5,4,70,40.1,0,0,0
2026-09-08 00:15:00,162.0,10,73,35.6,0,0,0
2026-09-08 00:20:00,166.5,7,70,35.7,0,0,0
2026-09-08 00:25:00,163.0,12,72,37.7,0,0,0
2026-09-08 00:30:00,164.9,8,71,32.0,0,0,0
2026-09-08 00:35:00,164.1,8,69,35.4,0,0,0
2026-09-08 00:40:00,165.1,6,73,32.4,0,0,0
2026-09-08 00:45:00,160.6,10,68,32.4,0,0,0
2026-09-08 00:50:00,164.1,4,70,35.8,0,0,0
2026-09-08 00:55:00,160.4,0,64,57.6,1,0,0
2026-09-08 01:00:00,159.8,0,66,62.9,1,0,0
2026-09-08 01:05:00,160.6,1,66,61.9,1,0,0
2026-09-08 01:10:00,160.5,1,62,56.6,1,0,0
2026-09-08 01:15:00,156.3,0,61,59.2,1,0,0
2026-09-08 01:20:00,157.7,0,62,59.5,1,0,0
2026-09-08 01:25:00,158.5,0,65,62.5,1,0,0
2026-09-08 01:30:00,158.7,0,66,61.0,1,0,0
2026-09-08 01:35:00,159.2,0,63,57.3,1,0,0
2026-09-08 01:40:00,156.5,0,58,63.9,1,0,0
2026-09-08 01:45:00,157.7,0,64,58.2,1,0,0
2026-09-08 01:50:00,158.6,0,61,56.8,1,0,0
2026-09-08 01:55:00,157.9,0,65,57.7,1,0,0
2026-09-08 02:00:00,158.1,0,62,59.2,1,0,0
2026-09-08 02:05:00,157.2,0,62,59.4,1,0,0
2026-09-08 02:10:00,158.4,1,62,57.0,1,0,0
2026-09-08 02:15:00,159.5,0,64,63.8,1,0,0
2026-09-08 02:20:00,158.1,0,62,56.8,1,0,0
2026-09-08 02:25:00,158.6,0,63,59.9,1,0,0
2026-09-08 02:30:00,158.0,1,65,56.8,1,0,0
2026-09-08 02:35:00,156.4,0,60,60.6,1,0,0
2026-09-08 02:40:00,159.6,1,65,59.4,1,0,0
2026-09-08 02:45:00,162.5,0,62,57.0,1,0,0
2026-09-08 02:50:00,160.6,0,65,59.5,1,0,0
2026-09-08 02:55:00,160.2,0,64,61.7,1,0,0
2026-09-08 03:00:00,162.0,1,64,59.8,1,0,0
2026-09-08 03:05:00,157.8,0,63,60.3,1,0,0
2026-09-08 03:10:00,156.2,0,63,61.0,1,0,0
2026-09-08 03:15:00,159.8,0,62,57.2,1,0,0
2026-09-08 03:20:00,157.2,0,62,57.5,1,0,0
2026-09-08 03:25:00,158.5,0,64,60.1,1,0,0
2026-09-08 03:30:00,161.2,0,65,58.0,1,0,0
2026-09-08 03:35:00,164.8,0,63,58.3,1,0,0
2026-09-08 03:40:00,161.4,0,63,59.0,1,0,0
2026-09-08 03:45:00,156.2,1,64,60.4,1,0,0
2026-09-08 03:50:00,157.1,1,66,55.7,1,0,0
2026-09-08 03:55:00,156.2,1,66,59.4,1,0,0
2026-09-08 04:00:00,160.7,0,62,58.5,1,0,0
2026-09-08 04:05:00,158.9,0,63,59.0,1,0,0
2026-09-08 04:10:00,164.1,1,60,59.8,1,0,0
2026-09-08 04:15:00,162.0,0,66,56.5,1,0,0
2026-09-08 04:20:00,162.3,0,63,58.3,1,0,0
2026-09-08 04:25:00,159.6,0,58,56.9,1,0,0
2026-09-08 04:30:00,161.5,0,65,60.3,1,0,0
2026-09-08 04:35:00,157.2,0,65,56.2,1,0,0
2026-09-08 04:40:00,157.9,0,64,60.6,1,0,0
2026-09-08 04:45:00,156.5,0,65,57.7,1,0,0
2026-09-08 04:50:00,155.8,1,62,57.7,1,0,0
2026-09-08 04:55:00,156.0,0,64,60.3,1,0,0
2026-09-08 05:00:00,158.9,2,64,58.1,1,0,0
2026-09-08 05:05:00,161.1,0,61,57.2,1,0,0
2026-09-08 05:10:00,159.1,0,67,58.5,1,0,0
2026-09-08 05:15:00,158.5,0,65,62.7,1,0,0
2026-09-08 05:20:00,158.9,1,66,55.7,1,0,0
2026-09-08 05:25:00,160.8,0,63,60.0,1,0,0
2026-09-08 05:30:00,161.6,0,63,59.9,1,0,0
2026-09-08 05:35:00,164.8,0,66,60.6,1,0,0
2026-09-08 05:40:00,164.0,0,65,56.4,1,0,0
2026-09-08 05:45:00,161.4,1,64,62.0,1,0,0
2026-09-08 05:50:00,165.2,0,63,61.9,1,0,0
2026-09-08 05:55:00,164.6,1,64,56.6,1,0,0
2026-09-08 06:00:00,162.0,0,64,59.5,1,0,0
2026-09-08 06:05:00,162.7,0,64,55.4,1,0,0
2026-09-08 06:10:00,165.3,0,66,60.6,1,0,0
2026-09-08 06:15:00,163.4,0,63,55.2,1,0,0
2026-09-08 06:20:00,165.0,1,63,58.4,1,0,0
2026-09-08 06:25:00,166.7,0,62,57.5,1,0,0
2026-09-08 06:30:00,168.9,12,73,35.1,0,0,0
2026-09-08 06:35:00,169.5,10,71,34.5,0,0,0
2026-09-08 06:40:00,170.8,9,73,34.2,0,0,0
2026-09-08 06:45:00,166.7,6,68,36.4,0,0,0
2026-09-08 06:50:00,163.9,10,75,34.3,0,0,0
2026-09-08 06:55:00,164.8,10,72,30.9,0,0,0
2026-09-08 07:00:00,164.7,6,71,38.7,0,0,0
2026-09-08 07:05:00,166.9,1,72,38.5,0,0,0
2026-09-08 07:10:00,167.8,3,70,36.7,0,0,0
2026-09-08 07:15:00,167.9,9,70,34.4,0,0,0
2026-09-08 07:20:00,170.3,22,71,38.0,0,0,0
2026-09-08 07:25:00,171.4,3,71,37.8,0,0,0
2026-09-08 07:30:00,171.5,19,70,34.5,0,0,0
2026-09-08 07:35:00,168.9,14,69,35.0,0,0,0
2026-09-08 07:40:00,168.6,10,72,34.6,0,0,0
2026-09-08 07:45:00,169.2,8,69,34.1,0,0,0
2026-09-08 07:50:00,164.3,9,73,35.1,0,0,0
2026-09-08 07:55:00,165.6,4,71,37.6,0,0,0
2026-09-08 08:00:00,159.8,4,69,35.7,0,0,0
2026-09-08 08:05:00,158.1,11,72,34.4,0,0,0
2026-09-08 08:10:00,156.6,14,72,36.8,0,0,0
2026-09-08 08:15:00,158.9,12,71,38.3,0,0,0
2026-09-08 08:20:00,160.3,8,77,34.7,0,51,70
2026-09-08 08:25:00,166.5,10,73,38.0,0,0,0
2026-09-08 08:30:00,167.4,7,74,33.1,0,0,0
2026-09-08 08:35:00,171.7,5,71,36.9,0,0,0
2026-09-08 08:40:00,172.8,4,75,34.2,0,0,0
2026-09-08 08:45:00,174.9,9,70,39.7,0,0,0
2026-09-08 08:50:00,178.1,6,67,35.8,0,0,0
2026-09-08 08:55:00,177.5,5,72,36.3,0,0,0
2026-09-08 09:00:00,179.8,7,71,34.7,0,0,0
2026-09-08 09:05:00,178.6,5,69,36.7,0,0,0
2026-09-08 09:10:00,183.4,5,73,38.8,0,0,0
2026-09-08 09:15:00,184.7,12,72,37.1,0,0,0
2026-09-08 09:20:00,184.2,9,76,39.7,0,0,0
2026-09-08 09:25:00,185.3,14,70,32.3,0,0,0
2026-09-08 09:30:00,184.8,13,75,34.9,0,0,0
2026-09-08 09:35:00,184.8,16,71,32.6,0,0,0
2026-09-08 09:40:00,185.6,7,73,34.4,0,0,0
2026-09-08 09:45:00,184.6,10,72,31.9,0,0,0
2026-09-08 09:50:00,180.5,12,69,35.1,0,0,0
2026-09-08 09:55:00,178.7,7,74,35.9,0,0,0
2026-09-08 10:00:00,175.4,8,72,36.1,0,0,0
2026-09-08 10:05:00,174.6,5,73,36.2,0,0,0
2026-09-08 10:10:00,169.9,9,73,37.9,0,0,0
2026-09-08 10:15:00,169.8,13,76,37.9,0,0,0
2026-09-08 10:20:00,171.0,5,73,34.5,0,0,0
2026-09-08 10:25:00,172.4,6,71,36.6,0,0,0
2026-09-08 10:30:00,170.7,11,72,35.4,0,0,0
2026-09-08 10:35:00,169.8,16,73,38.2,0,0,0
2026-09-08 10:40:00,168.9,9,72,35.5,0,0,0
2026-09-08 10:45:00,169.8,11,71,35.5,0,0,0
2026-09-08 10:50:00,168.2,3,70,38.6,0,0,0
2026-09-08 10:55:00,168.2,10,71,36.9,0,0,0
2026-09-08 11:00:00,168.0,9,71,35.0,0,0,0
2026-09-08 11:05:00,168.0,12,73,36.9,0,0,0
2026-09-08 11:10:00,166.8,19,69,37.1,0,0,0
2026-09-08 11:15:00,166.7,11,75,34.4,0,0,0
2026-09-08 11:20:00,162.8,6,71,36.3,0,0,0
2026-09-08 11:25:00,162.1,5,67,36.1,0,0,0
2026-09-08 11:30:00,160.3,10,71,34.9,0,0,0
2026-09-08 11:35:00,160.9,9,71,36.9,0,0,0
2026-09-08 11:40:00,157.1,11,71,36.7,0,0,0
2026-09-08 11:45:00,158.7,16,76,35.7,0,0,0
2026-09-08 11:50:00,160.6,2,71,34.7,0,0,0
2026-09-08 11:55:00,158.5,9,69,35.1,0,0,0
2026-09-08 12:00:00,159.9,3,71,38.9,0,0,0
2026-09-08 12:05:00,157.0,14,70,40.8,0,0,0
2026-09-08 12:10:00,156.7,7,73,36.5,0,0,0
2026-09-08 12:15:00,155.2,7,70,37.4,0,0,0
2026-09-08 12:20:00,156.0,11,71,35.8,0,0,0
2026-09-08 12:25:00,153.5,8,74,37.8,0,0,0
2026-09-08 12:30:00,154.7,4,71,37.6,0,0,0
2026-09-08 12:35:00,153.5,3,74,34.6,0,0,0
2026-09-08 12:40:00,153.7,13,73,35.0,0,0,0
2026-09-08 12:45:00,155.0,10,69,32.8,0,0,0
2026-09-08 12:50:00,158.8,8,73,36.5,0,0,0
2026-09-08 12:55:00,156.2,12,70,39.8,0,0,0
2026-09-08 13:00:00,156.0,7,72,39.2,0,0,0
2026-09-08 13:05:00,159.3,9,73,33.8,0,0,0
2026-09-08 13:10:00,156.3,12,71,37.3,0,0,0
2026-09-08 13:15:00,154.0,366,91,31.5,0,0,0
2026-09-08 13:20:00,153.3,358,91,37.4,0,0,0
2026-09-08 13:25:00,153.0,353,90,36.1,0,0,0
2026-09-08 13:30:00,154.1,356,95,35.8,0,0,0
2026-09-08 13:35:00,155.0,9,70,36.0,0,0,0
2026-09-08 13:40:00,153.8,5,69,35.8,0,0,0
2026-09-08 13:45:00,152.2,10,68,36.0,0,0,0
2026-09-08 13:50:00,155.3,3,70,35.7,0,0,0
2026-09-08 13:55:00,154.1,7,74,32.9,0,0,0
2026-09-08 14:00:00,152.3,6,75,37.8,0,0,0
2026-09-08 14:05:00,150.7,10,75,36.2,0,0,0
2026-09-08 14:10:00,152.5,11,74,34.4,0,49,50
2026-09-08 14:15:00,159.8,18,76,36.5,0,0,0
2026-09-08 14:20:00,164.1,6,75,34.3,0,0,0
2026-09-08 14:25:00,166.8,7,72,40.4,0,0,0
2026-09-08 14:30:00,170.4,6,74,39.1,0,0,0
2026-09-08 14:35:00,170.1,12,74,39.9,0,0,0
2026-09-08 14:40:00,170.7,8,73,34.2,0,0,0
2026-09-08 14:45:00,171.8,6,71,38.3,0,0,0
2026-09-08 14:50:00,170.0,7,72,37.0,0,0,0
2026-09-08 14:55:00,170.7,5,69,39.4,0,0,0
2026-09-08 15:00:00,172.2,7,72,39.2,0,0,0
2026-09-08 15:05:00,168.9,7,67,37.9,0,0,0
2026-09-08 15:10:00,170.2,8,68,35.8,0,0,0
2026-09-08 15:15:00,168.9,10,72,39.8,0,0,0
2026-09-08 15:20:00,167.8,3,73,34.1,0,0,0
2026-09-08 15:25:00,169.7,11,68,37.2,0,0,0
2026-09-08 15:30:00,167.4,10,69,40.6,0,0,0
2026-09-08 15:35:00,167.8,18,75,36.2,0,0,0
2026-09-08 15:40:00,171.8,24,74,34.3,0,0,0
2026-09-08 15:45:00,168.5,5,72,36.1,0,0,0
2026-09-08 15:50:00,169.5,15,75,34.6,0,0,0
2026-09-08 15:55:00,173.8,9,76,37.6,0,0,0
2026-09-08 16:00:00,173.9,6,71,36.6,0,0,0
2026-09-08 16:05:00,171.4,8,74,34.5,0,0,0
2026-09-08 16:10:00,169.1,12,75,39.9,0,0,0
2026-09-08 16:15:00,172.5,14,72,33.8,0,0,0
2026-09-08 16:20:00,168.5,14,73,40.5,0,0,0
2026-09-08 16:25:00,169.3,17,72,38.7,0,0,0
2026-09-08 16:30:00,167.4,19,72,35.4,0,0,0
2026-09-08 16:35:00,164.9,9,69,34.4,0,0,0
2026-09-08 16:40:00,163.4,7,69,37.1,0,0,0
2026-09-08 16:45:00,162.7,4,74,36.0,0,0,0
2026-09-08 16:50:00,166.0,5,72,33.6,0,0,0
2026-09-08 16:55:00,165.4,11,73,36.5,0,0,0
2026-09-08 17:00:00,166.1,13,74,37.3,0,0,0
2026-09-08 17:05:00,164.1,7,73,36.8,0,0,0
2026-09-08 17:10:00,160.3,5,70,36.6,0,0,0
2026-09-08 17:15:00,161.0,22,75,33.9,0,0,0
2026-09-08 17:20:00,165.4,9,75,37.9,0,0,0
2026-09-08 17:25:00,168.8,6,71,34.2,0,0,0
2026-09-08 17:30:00,168.3,5,68,36.6,0,0,0
2026-09-08 17:35:00,171.2,11,74,38.8,0,0,0
2026-09-08 17:40:00,168.8,9,75,34.7,0,0,0
2026-09-08 17:45:00,170.5,10,72,36.6,0,0,0
2026-09-08 17:50:00,168.1,19,73,37.9,0,28,60
2026-09-08 17:55:00,172.0,11,78,34.9,0,0,0
2026-09-08 18:00:00,170.7,12,76,33.2,0,0,0
2026-09-08 18:05:00,173.1,15,73,37.3,0,0,0
2026-09-08 18:10:00,176.7,5,77,33.2,0,0,0
2026-09-08 18:15:00,176.5,9,72,35.3,0,0,0
2026-09-08 18:20:00,176.9,9,72,37.7,0,0,0
2026-09-08 18:25:00,171.4,13,72,35.5,0,0,0
2026-09-08 18:30:00,170.5,15,73,38.3,0,0,0
2026-09-08 18:35:00,169.8,10,71,38.2,0,0,0
2026-09-08 18:40:00,167.5,13,73,36.4,0,0,0
2026-09-08 18:45:00,167.1,5,71,39.0,0,0,0
2026-09-08 18:50:00,167.1,8,72,32.4,0,0,0
2026-09-08 18:55:00,166.2,12,71,36.6,0,0,0
2026-09-08 19:00:00,165.5,26,71,37.1,0,0,0
2026-09-08 19:05:00,165.6,8,72,35.6,0,0,0
2026-09-08 19:10:00,165.8,8,72,35.0,0,0,0
2026-09-08 19:15:00,166.1,8,72,35.4,0,0,0
2026-09-08 19:20:00,165.6,4,72,38.4,0,0,0
2026-09-08 19:25:00,166.3,12,72,34.1,0,0,0
2026-09-08 19:30:00,166.6,5,73,35.6,0,0,0
2026-09-08 19:35:00,164.9,3,69,36.9,0,0,0
2026-09-08 19:40:00,165.8,6,72,37.1,0,0,0
2026-09-08 19:45:00,164.1,10,77,36.9,0,0,0
2026-09-08 19:50:00,162.3,6,69,34.1,0,0,0
2026-09-08 19:55:00,162.2,3,72,32.2,0,0,0
2026-09-08 20:00:00,165.0,5,73,37.1,0,0,0
2026-09-08 20:05:00,166.9,9,69,35.9,0,0,0
2026-09-08 20:10:00,165.0,4,69,37.2,0,0,0
2026-09-08 20:15:00,165.5,9,74,35.2,0,0,0
2026-09-08 20:20:00,164.0,5,74,39.3,0,0,0
2026-09-08 20:25:00,161.1,8,72,35.9,0,0,0
2026-09-08 20:30:00,162.0,10,69,33.0,0,0,0
2026-09-08 20:35:00,166.8,11,72,33.1,0,0,0
2026-09-08 20:40:00,168.1,9,75,39.7,0,0,0
2026-09-08 20:45:00,168.7,6,75,39.6,0,0,0
2026-09-08 20:50:00,165.5,12,71,34.1,0,0,0
2026-09-08 20:55:00,165.0,15,73,38.3,0,0,0
2026-09-08 21:00:00,163.0,7,71,34.9,0,0,0
2026-09-08 21:05:00,162.2,19,74,39.8,0,0,0
2026-09-08 21:10:00,162.0,9,72,39.5,0,0,0
2026-09-08 21:15:00,163.7,5,73,35.3,0,0,0
2026-09-08 21:20:00,161.9,8,78,35.0,0,95,75
2026-09-08 21:25:00,174.0,8,73,37.3,0,0,0
2026-09-08 21:30:00,183.9,6,74,40.3,0,0,0
2026-09-08 21:35:00,189.9,479,105,36.0,0,0,0
2026-09-08 21:40:00,195.0,479,103,37.7,0,0,0
2026-09-08 21:45:00,197.1,23,75,33.4,0,0,0
2026-09-08 21:50:00,198.2,20,71,36.1,0,0,0
2026-09-08 21:55:00,202.4,9,70,36.7,0,0,0
2026-09-08 22:00:00,202.7,5,68,36.6,0,0,0
2026-09-08 22:05:00,202.6,6,73,32.9,0,0,0
2026-09-08 22:10:00,204.6,8,75,36.1,0,0,0
2026-09-08 22:15:00,207.6,4,69,34.4,0,0,0
2026-09-08 22:20:00,206.5,8,69,34.0,0,0,0
2026-09-08 22:25:00,200.4,0,70,36.0,0,0,0
2026-09-08 22:30:00,197.5,3,74,35.4,0,0,0
2026-09-08 22:35:00,198.2,5,75,37.3,0,0,0
2026-09-08 22:40:00,195.0,6,70,37.1,0,0,0
2026-09-08 22:45:00,194.3,8,73,35.9,0,0,0
2026-09-08 22:50:00,196.2,8,73,39.6,0,0,0
2026-09-08 22:55:00,194.6,8,68,39.3,0,0,0
2026-09-08 23:00:00,191.8,9,71,40.6,0,0,0
2026-09-08 23:05:00,188.2,5,75,36.0,0,0,0
2026-09-08 23:10:00,187.9,1,60,59.0,1,0,0
2026-09-08 23:15:00,191.1,1,60,60.1,1,0,0
2026-09-08 23:20:00,189.2,1,66,58.6,1,0,0
2026-09-08 23:25:00,189.2,0,58,58.4,1,0,0
2026-09-08 23:30:00,184.2,0,60,58.5,1,0,0
2026-09-08 23:35:00,182.0,0,62,58.5,1,0,0
2026-09-08 23:40:00,177.6,0,62,59.3,1,0,0
2026-09-08 23:45:00,177.5,0,62,63.3,1,0,0
2026-09-08 23:50:00,175.9,1,60,62.0,1,0,0
2026-09-08 23:55:00,173.8,0,64,59.1,1,0,0
2026-09-09 00:00:00,180.2,0,64,55.5,1,0,0
2026-09-09 00:05:00,177.1,0,58,56.2,1,0,0
2026-09-09 00:10:00,178.0,0,61,53.7,1,0,0
2026-09-09 00:15:00,176.8,0,65,53.5,1,0,0
2026-09-09 00:20:00,175.9,0,64,56.2,1,0,0
2026-09-09 00:25:00,173.6,0,62,52.4,1,0,0
2026-09-09 00:30:00,173.4,0,64,56.5,1,0,0
2026-09-09 00:35:00,172.6,0,64,57.3,1,0,0
2026-09-09 00:40:00,172.3,1,62,58.3,1,0,0
2026-09-09 00:45:00,174.0,0,64,55.1,1,0,0
2026-09-09 00:50:00,173.5,0,60,51.0,1,0,0
2026-09-09 00:55:00,171.1,0,66,55.5,1,0,0
2026-09-09 01:00:00,169.6,0,60,58.1,1,0,0
2026-09-09 01:05:00,169.1,0,64,59.3,1,0,0
2026-09-09 01:10:00,168.5,0,63,57.7,1,0,0
2026-09-09 01:15:00,169.1,1,62,53.7,1,0,0
2026-09-09 01:20:00,170.4,1,68,56.7,1,0,0
2026-09-09 01:25:00,171.0,0,63,55.0,1,0,0
2026-09-09 01:30:00,166.7,1,62,54.6,1,0,0
2026-09-09 01:35:00,169.4,0,65,58.1,1,0,0
2026-09-09 01:40:00,166.9,0,64,58.4,1,0,0
2026-09-09 01:45:00,167.2,0,62,56.9,1,0,0
2026-09-09 01:50:00,168.0,0,65,55.5,1,0,0
2026-09-09 01:55:00,167.7,1,64,58.5,1,0,0
2026-09-09 02:00:00,165.5,0,64,56.6,1,0,0
2026-09-09 02:05:00,162.0,0,64,55.1,1,0,0
2026-09-09 02:10:00,161.7,1,63,54.0,1,0,0
2026-09-09 02:15:00,162.6,0,61,57.1,1,0,0
2026-09-09 02:20:00,160.1,0,63,55.5,1,0,0
2026-09-09 02:25:00,161.3,0,66,52.4,1,0,0
2026-09-09 02:30:00,161.1,0,66,54.1,1,0,0
2026-09-09 02:35:00,161.3,2,64,56.3,1,0,0
2026-09-09 02:40:00,159.0,1,64,57.4,1,0,0
2026-09-09 02:45:00,160.6,0,62,55.9,1,0,0
2026-09-09 02:50:00,161.5,0,63,56.1,1,0,0
2026-09-09 02:55:00,162.8,0,61,52.7,1,0,0
2026-09-09 03:00:00,161.5,0,66,53.9,1,0,0
2026-09-09 03:05:00,160.7,0,63,57.8,1,0,0
2026-09-09 03:10:00,161.2,0,63,53.4,1,0,0
2026-09-09 03:15:00,163.3,0,62,51.6,1,0,0
2026-09-09 03:20:00,165.2,1,64,60.0,1,0,0
2026-09-09 03:25:00,165.1,0,62,58.3,1,0,0
2026-09-09 03:30:00,165.3,1,65,57.4,1,0,0
2026-09-09 03:35:00,162.0,1,64,55.1,1,0,0
2026-09-09 03:40:00,160.8,3,67,52.8,1,0,0
2026-09-09 03:45:00,160.4,0,64,54.9,1,0,0
2026-09-09 03:50:00,158.3,0,61,56.9,1,0,0
2026-09-09 03:55:00,158.3,0,65,54.2,1,0,0
2026-09-09 04:00:00,156.8,0,62,53.8,1,0,0
2026-09-09 04:05:00,159.0,0,64,60.0,1,0,0
2026-09-09 04:10:00,158.2,0,64,54.1,1,0,0
2026-09-09 04:15:00,158.1,0,63,55.2,1,0,0
2026-09-09 04:20:00,159.0,0,64,56.8,1,0,0
2026-09-09 04:25:00,161.8,3,61,55.5,1,0,0
2026-09-09 04:30:00,165.7,1,61,57.4,1,0,0
2026-09-09 04:35:00,165.3,0,62,53.2,1,0,0
2026-09-09 04:40:00,165.8,1,61,54.9,1,0,0
2026-09-09 04:45:00,166.4,1,60,55.2,1,0,0
2026-09-09 04:50:00,166.0,0,63,55.8,1,0,0
2026-09-09 04:55:00,165.4,0,64,55.0,1,0,0
2026-09-09 05:00:00,165.9,0,61,55.3,1,0,0
2026-09-09 05:05:00,166.3,0,65,57.5,1,0,0
2026-09-09 05:10:00,161.9,0,63,56.4,1,0,0
2026-09-09 05:15:00,165.0,0,61,53.1,1,0,0
2026-09-09 05:20:00,166.6,0,58,57.7,1,0,0
2026-09-09 05:25:00,167.4,0,63,54.3,1,0,0
2026-09-09 05:30:00,170.4,1,63,53.3,1,0,0
2026-09-09 05:35:00,168.4,0,64,53.4,1,0,0
2026-09-09 05:40:00,169.3,0,61,52.2,1,0,0
2026-09-09 05:45:00,171.5,0,63,55.3,1,0,0
2026-09-09 05:50:00,170.4,0,62,55.7,1,0,0
2026-09-09 05:55:00,171.4,0,63,59.2,1,0,0
2026-09-09 06:00:00,170.4,0,58,56.1,1,0,0
2026-09-09 06:05:00,171.4,0,66,55.0,1,0,0
2026-09-09 06:10:00,171.8,1,63,60.0,1,0,0
2026-09-09 06:15:00,172.7,6,68,32.8,0,0,0
2026-09-09 06:20:00,171.4,10,71,33.4,0,0,0
2026-09-09 06:25:00,168.5,10,68,34.7,0,0,0
2026-09-09 06:30:00,170.9,10,73,35.8,0,0,0
2026-09-09 06:35:00,167.8,8,69,33.4,0,0,0
2026-09-09 06:40:00,170.3,7,74,36.4,0,0,0
2026-09-09 06:45:00,170.8,9,69,33.9,0,0,0
2026-09-09 06:50:00,173.0,5,71,35.6,0,0,0
2026-09-09 06:55:00,172.8,7,72,32.5,0,0,0
2026-09-09 07:00:00,172.1,9,72,34.7,0,0,0
2026-09-09 07:05:00,172.3,3,68,33.9,0,0,0
2026-09-09 07:10:00,172.5,2,69,32.8,0,0,0
2026-09-09 07:15:00,171.3,18,71,36.1,0,0,0
2026-09-09 07:20:00,171.2,1,68,34.5,0,0,0
2026-09-09 07:25:00,172.7,12,70,33.3,0,0,0
2026-09-09 07:30:00,173.1,14,72,34.4,0,0,0
2026-09-09 07:35:00,171.5,13,72,36.9,0,0,0
2026-09-09 07:40:00,170.0,11,73,35.9,0,0,0
2026-09-09 07:45:00,170.8,3,74,33.6,0,0,0
2026-09-09 07:50:00,171.9,4,71,35.0,0,0,0
2026-09-09 07:55:00,171.2,9,71,37.0,0,0,0
2026-09-09 08:00:00,167.7,12,68,33.7,0,0,0
2026-09-09 08:05:00,166.4,10,72,38.0,0,0,0
2026-09-09 08:10:00,164.4,9,69,32.1,0,0,0
2026-09-09 08:15:00,166.0,13,75,35.4,0,33,55
2026-09-09 08:20:00,169.5,16,77,34.8,0,0,0
2026-09-09 08:25:00,168.7,7,74,34.9,0,0,0
2026-09-09 08:30:00,168.2,433,97,37.3,0,0,0
2026-09-09 08:35:00,170.3,430,99,33.9,0,0,0
2026-09-09 08:40:00,175.4,10,76,35.1,0,0,0
2026-09-09 08:45:00,176.2,6,70,32.1,0,0,0
2026-09-09 08:50:00,175.4,7,71,34.1,0,0,0
2026-09-09 08:55:00,175.5,5,74,34.9,0,0,0
2026-09-09 09:00:00,175.2,11,71,32.2,0,0,0
2026-09-09 09:05:00,172.0,6,71,33.0,0,0,0
2026-09-09 09:10:00,173.5,13,73,32.3,0,0,0
2026-09-09 09:15:00,172.2,5,69,33.9,0,0,0
2026-09-09 09:20:00,173.2,12,69,36.3,0,0,0
2026-09-09 09:25:00,176.6,7,71,34.8,0,0,0
2026-09-09 09:30:00,178.2,8,74,35.4,0,0,0
2026-09-09 09:35:00,179.3,12,70,35.2,0,0,0
2026-09-09 09:40:00,177.8,15,69,36.1,0,0,0
2026-09-09 09:45:00,176.3,8,72,35.3,0,0,0
2026-09-09 09:50:00,175.5,8,68,34.6,0,0,0
2026-09-09 09:55:00,176.4,10,70,34.8,0,0,0
2026-09-09 10:00:00,176.2,8,74,33.1,0,0,0
2026-09-09 10:05:00,175.4,11,77,35.9,0,0,0
2026-09-09 10:10:00,175.1,9,71,38.6,0,0,0
2026-09-09 10:15:00,173.3,2,70,34.3,0,0,0
2026-09-09 10:20:00,171.5,13,70,32.8,0,0,0
2026-09-09 10:25:00,169.7,7,72,33.0,0,0,0
2026-09-09 10:30:00,169.0,13,74,39.4,0,0,0
2026-09-09 10:35:00,169.9,9,73,29.8,0,0,0
2026-09-09 10:40:00,169.7,8,72,33.2,0,0,0
2026-09-09 10:45:00,169.8,27,75,34.7,0,0,0
2026-09-09 10:50:00,170.5,9,73,36.5,0,0,0
2026-09-09 10:55:00,169.2,5,71,39.6,0,0,0
2026-09-09 11:00:00,169.8,5,72,35.9,0,0,0
2026-09-09 11:05:00,170.8,8,71,35.5,0,0,0
2026-09-09 11:10:00,169.8,4,70,37.0,0,0,0
2026-09-09 11:15:00,172.6,14,70,35.6,0,0,0
2026-09-09 11:20:00,170.3,7,70,33.1,0,0,0
2026-09-09 11:25:00,168.5,7,67,33.3,0,0,0
2026-09-09 11:30:00,169.2,17,70,34.1,0,0,0
2026-09-09 11:35:00,165.3,11,71,34.0,0,0,0
2026-09-09 11:40:00,165.9,5,69,33.7,0,0,0
2026-09-09 11:45:00,168.5,7,73,33.8,0,0,0
2026-09-09 11:50:00,169.2,13,74,32.9,0,0,0
2026-09-09 11:55:00,169.9,5,67,35.1,0,0,0
2026-09-09 12:00:00,168.6,7,74,38.2,0,0,0
2026-09-09 12:05:00,171.3,16,74,32.1,0,0,0
2026-09-09 12:10:00,171.4,12,68,33.7,0,0,0
2026-09-09 12:15:00,170.2,9,73,34.5,0,0,0
2026-09-09 12:20:00,169.4,15,72,34.3,0,0,0
2026-09-09 12:25:00,165.7,13,73,32.9,0,0,0
2026-09-09 12:30:00,162.7,15,73,37.5,0,0,0
2026-09-09 12:35:00,161.9,5,70,36.6,0,0,0
2026-09-09 12:40:00,164.1,6,74,30.4,0,0,0
2026-09-09 12:45:00,162.0,8,70,32.6,0,0,0
2026-09-09 12:50:00,161.9,6,72,33.5,0,0,0
2026-09-09 12:55:00,163.5,6,71,35.5,0,0,0
2026-09-09 13:00:00,165.7,9,69,37.4,0,0,0
2026-09-09 13:05:00,163.0,10,74,35.2,0,0,0
2026-09-09 13:10:00,165.0,6,73,30.7,0,0,0
2026-09-09 13:15:00,162.9,11,69,35.6,0,0,0
2026-09-09 13:20:00,161.7,6,72,32.5,0,0,0
2026-09-09 13:25:00,163.4,15,72,34.2,0,0,0
2026-09-09 13:30:00,163.2,11,69,36.7,0,0,0
2026-09-09 13:35:00,166.5,18,71,35.3,0,0,0
2026-09-09 13:40:00,165.9,22,79,33.9,0,84,75
2026-09-09 13:45:00,179.4,6,75,33.7,0,0,0
2026-09-09 13:50:00,189.8,6,71,34.0,0,0,0
2026-09-09 13:55:00,199.6,16,74,38.4,0,0,0
2026-09-09 14:00:00,208.0,9,71,32.4,0,0,0
2026-09-09 14:05:00,211.8,5,76,30.9,0,0,0
2026-09-09 14:10:00,212.9,6,71,28.1,0,0,0
2026-09-09 14:15:00,212.5,15,72,34.9,0,0,0
2026-09-09 14:20:00,214.2,5,73,36.2,0,0,0
2026-09-09 14:25:00,215.4,6,74,35.9,0,0,0
2026-09-09 14:30:00,215.4,8,70,34.8,0,0,0
2026-09-09 14:35:00,215.3,5,69,34.1,0,0,0
2026-09-09 14:40:00,212.7,18,70,33.2,0,0,0
2026-09-09 14:45:00,209.1,13,71,32.2,0,0,0
2026-09-09 14:50:00,208.5,10,72,32.9,0,0,0
2026-09-09 14:55:00,206.9,12,73,33.8,0,0,0
2026-09-09 15:00:00,207.9,10,73,34.2,0,0,0
2026-09-09 15:05:00,209.3,8,70,33.2,0,0,0
2026-09-09 15:10:00,208.4,7,68,37.8,0,0,0
2026-09-09 15:15:00,209.4,7,73,34.0,0,0,0
2026-09-09 15:20:00,203.0,8,70,33.0,0,0,0
2026-09-09 15:25:00,198.7,12,72,34.3,0,0,0
2026-09-09 15:30:00,193.8,6,73,33.0,0,0,0
2026-09-09 15:35:00,189.2,11,73,32.6,0,0,0
2026-09-09 15:40:00,186.2,11,74,37.8,0,0,0
2026-09-09 15:45:00,182.4,5,70,31.7,0,0,0
2026-09-09 15:50:00,180.9,5,73,31.9,0,0,0
2026-09-09 15:55:00,181.3,6,71,33.5,0,0,0
2026-09-09 16:00:00,179.7,12,70,35.1,0,0,0
2026-09-09 16:05:00,179.4,7,74,36.5,0,0,0
2026-09-09 16:10:00,179.6,5,71,32.2,0,0,0
2026-09-09 16:15:00,176.2,7,73,35.9,0,0,0
2026-09-09 16:20:00,174.4,20,71,33.9,0,0,0
2026-09-09 16:25:00,174.5,1,70,33.1,0,0,0
2026-09-09 16:30:00,173.0,6,70,34.8,0,0,0
2026-09-09 16:35:00,171.3,17,69,35.4,0,0,0
2026-09-09 16:40:00,172.4,13,70,36.9,0,0,0
2026-09-09 16:45:00,171.8,9,71,32.6,0,0,0
2026-09-09 16:50:00,168.0,16,70,34.3,0,0,0
2026-09-09 16:55:00,169.2,13,74,36.9,0,0,0
2026-09-09 17:00:00,170.9,17,69,35.4,0,0,0
2026-09-09 17:05:00,165.1,13,68,34.5,0,0,0
2026-09-09 17:10:00,163.4,7,71,35.4,0,0,0
2026-09-09 17:15:00,164.0,14,76,33.2,0,0,0
2026-09-09 17:20:00,162.9,8,71,33.7,0,0,0
2026-09-09 17:25:00,162.6,8,75,33.5,0,0,0
2026-09-09 17:30:00,164.3,9,68,34.1,0,0,0
2026-09-09 17:35:00,163.7,8,71,38.1,0,0,0
2026-09-09 17:40:00,166.2,17,72,35.5,0,0,0
2026-09-09 17:45:00,166.1,7,76,34.6,0,21,50
2026-09-09 17:50:00,169.5,15,76,30.0,0,0,0
2026-09-09 17:55:00,172.7,12,76,36.5,0,0,0
2026-09-09 18:00:00,172.3,12,75,31.5,0,0,0
2026-09-09 18:05:00,174.6,8,75,31.7,0,0,0
2026-09-09 18:10:00,169.9,2,74,32.0,0,0,0
2026-09-09 18:15:00,172.5,9,75,37.0,0,0,0
2026-09-09 18:20:00,172.4,1,69,33.0,0,0,0
2026-09-09 18:25:00,173.0,14,72,35.0,0,0,0
2026-09-09 18:30:00,170.8,6,75,31.0,0,0,0
2026-09-09 18:35:00,166.4,8,74,33.9,0,0,0
2026-09-09 18:40:00,167.4,335,89,33.3,0,0,0
2026-09-09 18:45:00,173.7,339,93,34.4,0,0,0
2026-09-09 18:50:00,175.0,10,70,36.2,0,0,0
2026-09-09 18:55:00,176.4,8,71,31.1,0,0,0
2026-09-09 19:00:00,179.8,5,75,37.6,0,0,0
2026-09-09 19:05:00,181.1,3,71,31.8,0,0,0
2026-09-09 19:10:00,181.8,20,72,33.0,0,0,0
2026-09-09 19:15:00,181.1,5,73,36.2,0,0,0
2026-09-09 19:20:00,179.3,1,73,35.3,0,0,0
2026-09-09 19:25:00,179.0,16,71,33.1,0,0,0
2026-09-09 19:30:00,177.9,13,72,32.7,0,0,0
2026-09-09 19:35:00,174.7,10,72,32.5,0,0,0
2026-09-09 19:40:00,174.3,7,70,33.6,0,0,0
2026-09-09 19:45:00,171.7,11,71,33.5,0,0,0
2026-09-09 19:50:00,171.9,6,67,35.1,0,0,0
2026-09-09 19:55:00,172.1,5,73,34.3,0,0,0
2026-09-09 20:00:00,173.0,10,72,34.9,0,0,0
2026-09-09 20:05:00,172.8,12,76,31.9,0,0,0
2026-09-09 20:10:00,174.9,6,70,34.4,0,0,0
2026-09-09 20:15:00,173.6,13,71,35.0,0,0,0
2026-09-09 20:20:00,172.5,11,69,35.9,0,0,0
2026-09-09 20:25:00,170.5,13,74,34.0,0,57,68
2026-09-09 20:30:00,175.4,15,74,34.6,0,0,0
2026-09-09 20:35:00,179.8,11,75,36.5,0,0,0
2026-09-09 20:40:00,182.2,405,95,35.3,0,0,0
2026-09-09 20:45:00,186.2,405,97,32.7,0,0,0
2026-09-09 20:50:00,186.1,15,77,33.1,0,0,0
2026-09-09 20:55:00,188.3,4,71,32.8,0,0,0
2026-09-09 21:00:00,189.4,6,73,33.3,0,0,0
2026-09-09 21:05:00,192.1,9,70,34.2,0,0,0
2026-09-09 21:10:00,192.3,8,70,36.9,0,0,0
2026-09-09 21:15:00,191.0,8,71,34.6,0,0,0
2026-09-09 21:20:00,188.9,13,72,31.6,0,0,0
2026-09-09 21:25:00,189.4,5,72,35.1,0,0,0
2026-09-09 21:30:00,190.6,10,71,33.7,0,0,0
2026-09-09 21:35:00,189.9,5,69,34.4,0,0,0
2026-09-09 21:40:00,188.7,6,73,32.5,0,0,0
2026-09-09 21:45:00,188.3,9,72,32.9,0,0,0
2026-09-09 21:50:00,187.2,6,70,30.1,0,0,0
2026-09-09 21:55:00,187.4,11,72,36.5,0,0,0
2026-09-09 22:00:00,190.5,21,72,31.4,0,0,0
2026-09-09 22:05:00,184.5,2,68,36.4,0,0,0
2026-09-09 22:10:00,181.6,9,71,32.5,0,0,0
2026-09-09 22:15:00,180.3,8,73,34.0,0,0,0
2026-09-09 22:20:00,179.2,20,74,33.4,0,0,0
2026-09-09 22:25:00,179.5,13,72,33.2,0,0,0
2026-09-09 22:30:00,180.1,11,72,35.4,0,0,0
2026-09-09 22:35:00,178.0,10,71,34.5,0,0,0
2026-09-09 22:40:00,175.6,10,74,34.5,0,0,0
2026-09-09 22:45:00,175.7,3,72,30.3,0,0,0
2026-09-09 22:50:00,175.3,8,70,35.2,0,0,0
2026-09-09 22:55:00,175.3,10,72,37.0,0,0,0
2026-09-09 23:00:00,172.0,5,68,35.4,0,0,0
2026-09-09 23:05:00,169.1,15,71,30.8,0,0,0
2026-09-09 23:10:00,168.1,8,74,31.8,0,0,0
2026-09-09 23:15:00,168.0,6,67,32.7,0,0,0
2026-09-09 23:20:00,170.5,12,71,36.8,0,0,0
2026-09-09 23:25:00,169.6,6,69,31.4,0,0,0
2026-09-09 23:30:00,166.1,3,71,35.2,0,0,0
2026-09-09 23:35:00,164.6,8,74,33.8,0,0,0
2026-09-09 23:40:00,165.0,13,72,34.0,0,0,0
2026-09-09 23:45:00,164.3,7,73,31.5,0,0,0
2026-09-09 23:50:00,164.2,8,73,34.2,0,0,0
2026-09-09 23:55:00,162.4,8,70,31.7,0,0,0
2026-09-10 00:00:00,157.8,15,70,38.6,0,0,0
2026-09-10 00:05:00,154.4,8,70,35.1,0,0,0
2026-09-10 00:10:00,151.2,8,69,35.2,0,0,0
2026-09-10 00:15:00,149.6,0,63,62.2,1,0,0
2026-09-10 00:20:00,151.0,0,61,57.7,1,0,0
2026-09-10 00:25:00,153.0,0,66,63.8,1,0,0
2026-09-10 00:30:00,152.2,0,63,62.5,1,0,0
2026-09-10 00:35:00,155.8,0,70,58.9,1,0,0
2026-09-10 00:40:00,153.8,2,64,56.2,1,0,0
2026-09-10 00:45:00,153.9,0,65,59.3,1,0,0
2026-09-10 00:50:00,156.3,0,60,62.8,1,0,0
2026-09-10 00:55:00,153.5,0,66,55.2,1,0,0
2026-09-10 01:00:00,156.2,0,62,57.9,1,0,0
2026-09-10 01:05:00,155.1,0,61,53.0,1,0,0
2026-09-10 01:10:00,154.6,0,66,57.6,1,0,0
2026-09-10 01:15:00,155.3,0,62,60.3,1,0,0
2026-09-10 01:20:00,156.3,1,61,62.6,1,0,0
2026-09-10 01:25:00,156.7,0,61,59.0,1,0,0
2026-09-10 01:30:00,156.5,0,61,58.2,1,0,0
2026-09-10 01:35:00,158.6,0,60,57.4,1,0,0
2026-09-10 01:40:00,159.3,0,64,59.6,1,0,0
2026-09-10 01:45:00,157.3,0,62,58.5,1,0,0
2026-09-10 01:50:00,152.7,0,65,58.8,1,0,0
2026-09-10 01:55:00,150.4,0,62,59.2,1,0,0
2026-09-10 02:00:00,151.8,0,60,59.1,1,0,0
2026-09-10 02:05:00,149.8,0,65,55.9,1,0,0
2026-09-10 02:10:00,151.7,0,60,57.2,1,0,0
2026-09-10 02:15:00,154.0,0,64,57.6,1,0,0
2026-09-10 02:20:00,154.9,0,62,58.7,1,0,0
2026-09-10 02:25:00,156.7,0,63,58.4,1,0,0
2026-09-10 02:30:00,158.4,0,63,61.7,1,0,0
2026-09-10 02:35:00,155.9,0,63,60.7,1,0,0
2026-09-10 02:40:00,156.7,0,64,57.4,1,0,0
2026-09-10 02:45:00,159.0,0,64,59.6,1,0,0
2026-09-10 02:50:00,155.6,0,62,60.4,1,0,0
2026-09-10 02:55:00,155.3,0,62,59.4,1,0,0
2026-09-10 03:00:00,156.8,0,61,59.5,1,0,0
2026-09-10 03:05:00,157.0,0,65,58.1,1,0,0
2026-09-10 03:10:00,157.1,1,60,58.9,1,0,0
2026-09-10 03:15:00,153.9,0,65,63.4,1,0,0
2026-09-10 03:20:00,154.5,0,62,57.0,1,0,0
2026-09-10 03:25:00,155.7,1,61,59.2,1,0,0
2026-09-10 03:30:00,156.2,0,63,60.2,1,0,0
2026-09-10 03:35:00,158.3,0,65,59.8,1,0,0
2026-09-10 03:40:00,159.7,0,65,57.6,1,0,0
2026-09-10 03:45:00,159.1,1,61,64.3,1,0,0
2026-09-10 03:50:00,159.7,0,66,60.9,1,0,0
2026-09-10 03:55:00,155.9,1,64,58.0,1,0,0
2026-09-10 04:00:00,159.7,1,62,60.3,1,0,0
2026-09-10 04:05:00,162.2,1,66,60.5,1,0,0
2026-09-10 04:10:00,162.7,0,61,59.5,1,0,0
2026-09-10 04:15:00,162.3,0,67,60.6,1,0,0
2026-09-10 04:20:00,160.3,0,64,58.6,1,0,0
2026-09-10 04:25:00,158.8,0,60,59.8,1,0,0
2026-09-10 04:30:00,158.9,1,62,61.2,1,0,0
2026-09-10 04:35:00,158.2,1,63,57.2,1,0,0
2026-09-10 04:40:00,154.5,0,62,56.5,1,0,0
2026-09-10 04:45:00,153.9,0,60,59.7,1,0,0
2026-09-10 04:50:00,153.9,1,59,56.1,1,0,0
2026-09-10 04:55:00,156.8,0,61,61.4,1,0,0
2026-09-10 05:00:00,160.6,0,64,60.7,1,0,0
2026-09-10 05:05:00,161.4,0,62,58.6,1,0,0
2026-09-10 05:10:00,166.3,0,65,62.4,1,0,0
2026-09-10 05:15:00,165.0,0,64,61.7,1,0,0
2026-09-10 05:20:00,165.0,2,64,58.5,1,0,0
2026-09-10 05:25:00,167.6,1,64,61.0,1,0,0
2026-09-10 05:30:00,169.8,0,65,58.5,1,0,0
2026-09-10 05:35:00,167.3,0,59,58.4,1,0,0
2026-09-10 05:40:00,165.5,0,61,59.0,1,0,0
2026-09-10 05:45:00,164.8,0,63,60.5,1,0,0
2026-09-10 05:50:00,163.6,0,61,60.1,1,0,0
2026-09-10 05:55:00,167.0,0,60,58.7,1,0,0
2026-09-10 06:00:00,168.0,0,64,61.1,1,0,0
2026-09-10 06:05:00,167.4,0,62,58.9,1,0,0
2026-09-10 06:10:00,168.9,2,60,60.8,1,0,0
2026-09-10 06:15:00,172.8,0,62,57.7,1,0,0
2026-09-10 06:20:00,168.6,1,61,56.1,1,0,0
2026-09-10 06:25:00,166.7,0,66,54.8,1,0,0
2026-09-10 06:30:00,167.7,0,63,58.7,1,0,0
2026-09-10 06:35:00,167.7,9,71,33.8,0,0,0
2026-09-10 06:40:00,166.3,18,72,34.0,0,0,0
2026-09-10 06:45:00,165.3,8,72,38.9,0,0,0
2026-09-10 06:50:00,169.1,23,70,34.9,0,0,0
2026-09-10 06:55:00,168.4,8,72,40.3,0,0,0
2026-09-10 07:00:00,167.1,9,71,33.9,0,0,0
2026-09-10 07:05:00,168.8,10,72,38.9,0,0,0
2026-09-10 07:10:00,168.4,6,75,37.6,0,0,0
2026-09-10 07:15:00,164.8,5,71,35.9,0,0,0
2026-09-10 07:20:00,161.0,4,71,33.6,0,0,0
2026-09-10 07:25:00,161.0,6,72,37.3,0,0,0
2026-09-10 07:30:00,162.5,17,73,37.2,0,0,0
2026-09-10 07:35:00,163.3,6,75,33.1,0,66,78
2026-09-10 07:40:00,170.6,7,76,34.8,0,0,0
2026-09-10 07:45:00,177.4,11,72,35.8,0,0,0
2026-09-10 07:50:00,185.9,525,109,37.5,0,0,0
2026-09-10 07:55:00,191.3,532,107,37.7,0,0,0
2026-09-10 08:00:00,193.1,12,75,40.4,0,0,0
2026-09-10 08:05:00,191.8,20,75,38.6,0,0,0
2026-09-10 08:10:00,192.4,3,72,35.9,0,0,0
2026-09-10 08:15:00,191.3,3,71,32.1,0,0,0
2026-09-10 08:20:00,190.7,9,74,39.4,0,0,0
2026-09-10 08:25:00,187.3,16,72,34.3,0,0,0
2026-09-10 08:30:00,187.2,4,71,37.6,0,0,0
2026-09-10 08:35:00,187.3,6,71,37.3,0,0,0
2026-09-10 08:40:00,184.5,12,73,33.7,0,0,0
2026-09-10 08:45:00,185.2,11,68,35.2,0,0,0
2026-09-10 08:50:00,178.1,13,74,36.7,0,0,0
2026-09-10 08:55:00,174.8,6,72,36.3,0,0,0
2026-09-10 09:00:00,175.2,8,70,35.2,0,0,0
2026-09-10 09:05:00,173.2,3,70,37.2,0,0,0
2026-09-10 09:10:00,168.3,8,69,35.3,0,0,0
2026-09-10 09:15:00,167.6,3,73,34.1,0,0,0
2026-09-10 09:20:00,168.9,4,73,37.2,0,0,0
2026-09-10 09:25:00,169.3,11,73,37.4,0,0,0
2026-09-10 09:30:00,165.9,7,74,35.9,0,0,0
2026-09-10 09:35:00,163.5,17,73,39.8,0,0,0
2026-09-10 09:40:00,162.1,35,72,36.8,0,0,0
2026-09-10 09:45:00,158.6,7,67,37.9,0,0,0
2026-09-10 09:50:00,157.4,6,73,38.7,0,0,0
2026-09-10 09:55:00,159.3,15,73,35.6,0,0,0
2026-09-10 10:00:00,158.8,7,72,35.5,0,0,0
2026-09-10 10:05:00,163.3,8,72,37.1,0,0,0
2026-09-10 10:10:00,163.9,8,72,35.9,0,0,0
2026-09-10 10:15:00,158.8,11,72,38.2,0,0,0
2026-09-10 10:20:00,156.4,4,70,37.2,0,0,0
2026-09-10 10:25:00,153.8,7,71,35.1,0,0,0
2026-09-10 10:30:00,155.9,6,71,34.0,0,0,0
2026-09-10 10:35:00,155.2,17,74,34.7,0,0,0
2026-09-10 10:40:00,156.0,3,69,34.6,0,0,0
2026-09-10 10:45:00,158.1,3,69,32.2,0,0,0
2026-09-10 10:50:00,160.0,16,70,37.7,0,0,0
2026-09-10 10:55:00,159.0,5,73,36.1,0,0,0
2026-09-10 11:00:00,159.6,19,74,37.7,0,0,0
2026-09-10 11:05:00,159.1,12,72,37.8,0,0,0
2026-09-10 11:10:00,159.0,5,73,35.6,0,0,0
2026-09-10 11:15:00,160.9,28,75,39.4,0,0,0
2026-09-10 11:20:00,157.8,6,73,33.3,0,0,0
2026-09-10 11:25:00,161.3,7,76,39.9,0,0,0
2026-09-10 11:30:00,163.1,20,71,36.8,0,0,0
2026-09-10 11:35:00,161.4,4,76,33.2,0,0,0
2026-09-10 11:40:00,160.9,13,75,36.5,0,0,0
2026-09-10 11:45:00,162.2,4,69,35.5,0,0,0
2026-09-10 11:50:00,163.3,3,69,34.8,0,0,0
2026-09-10 11:55:00,161.8,6,69,38.9,0,0,0
2026-09-10 12:00:00,162.5,19,72,33.9,0,0,0
2026-09-10 12:05:00,163.4,7,69,31.6,0,0,0
2026-09-10 12:10:00,166.9,13,68,36.6,0,0,0
2026-09-10 12:15:00,169.0,5,71,37.3,0,0,0
2026-09-10 12:20:00,166.2,5,74,37.7,0,0,0
2026-09-10 12:25:00,163.7,7,71,35.7,0,0,0
2026-09-10 12:30:00,160.6,9,73,38.3,0,0,0
2026-09-10 12:35:00,162.1,3,68,36.4,0,0,0
2026-09-10 12:40:00,157.7,8,71,36.6,0,0,0
2026-09-10 12:45:00,158.4,9,71,39.1,0,0,0
2026-09-10 12:50:00,154.8,5,69,36.9,0,0,0
2026-09-10 12:55:00,156.7,7,68,33.6,0,0,0
2026-09-10 13:00:00,155.6,3,77,32.3,0,0,0
2026-09-10 13:05:00,156.3,9,69,38.2,0,0,0
2026-09-10 13:10:00,159.7,4,70,34.1,0,0,0
2026-09-10 13:15:00,159.5,6,70,36.7,0,0,0
2026-09-10 13:20:00,161.4,7,69,35.7,0,0,0
2026-09-10 13:25:00,161.0,15,70,36.5,0,0,0
2026-09-10 13:30:00,160.9,4,73,38.1,0,0,0
2026-09-10 13:35:00,162.6,1,72,35.2,0,0,0
2026-09-10 13:40:00,163.7,7,71,35.6,0,0,0
2026-09-10 13:45:00,163.2,5,67,33.2,0,0,0
2026-09-10 13:50:00,163.9,19,74,37.0,0,74,75
2026-09-10 13:55:00,170.7,8,76,37.6,0,0,0
2026-09-10 14:00:00,175.2,11,75,37.4,0,0,0
2026-09-10 14:05:00,181.2,393,97,35.5,0,0,0
2026-09-10 14:10:00,184.9,395,98,35.3,0,0,0
2026-09-10 14:15:00,186.4,19,72,35.4,0,0,0
2026-09-10 14:20:00,184.2,11,71,36.6,0,0,0
2026-09-10 14:25:00,186.5,11,71,36.4,0,0,0
2026-09-10 14:30:00,189.0,14,69,40.7,0,0,0
2026-09-10 14:35:00,188.8,9,72,37.1,0,0,0
2026-09-10 14:40:00,191.6,13,72,35.7,0,0,0
2026-09-10 14:45:00,192.8,447,99,35.9,0,0,0
2026-09-10 14:50:00,191.1,455,97,37.5,0,0,0
2026-09-10 14:55:00,188.7,10,73,34.7,0,0,0
2026-09-10 15:00:00,188.5,5,71,35.8,0,0,0
2026-09-10 15:05:00,185.2,6,70,37.2,0,0,0
2026-09-10 15:10:00,183.4,10,75,37.1,0,0,0
2026-09-10 15:15:00,187.4,6,74,38.2,0,0,0
2026-09-10 15:20:00,185.2,3,72,35.8,0,0,0
2026-09-10 15:25:00,188.5,10,69,36.0,0,0,0
2026-09-10 15:30:00,188.4,4,71,35.1,0,0,0
2026-09-10 15:35:00,189.5,3,66,34.8,0,0,0
2026-09-10 15:40:00,181.8,11,73,34.7,0,0,0
2026-09-10 15:45:00,183.5,10,73,37.3,0,0,0
2026-09-10 15:50:00,183.1,15,75,37.1,0,0,0
2026-09-10 15:55:00,184.7,12,71,36.4,0,0,0
2026-09-10 16:00:00,178.8,4,71,37.1,0,0,0
2026-09-10 16:05:00,174.1,8,70,36.8,0,0,0
2026-09-10 16:10:00,170.9,13,73,41.2,0,0,0
2026-09-10 16:15:00,168.7,15,69,35.8,0,0,0
2026-09-10 16:20:00,168.7,5,70,36.8,0,0,0
2026-09-10 16:25:00,163.3,8,74,34.8,0,0,0
2026-09-10 16:30:00,166.2,5,72,39.1,0,0,0
2026-09-10 16:35:00,168.8,20,72,35.3,0,0,0
2026-09-10 16:40:00,168.3,8,70,36.3,0,0,0
2026-09-10 16:45:00,169.0,11,73,36.3,0,0,0
2026-09-10 16:50:00,168.1,8,71,34.9,0,0,0
2026-09-10 16:55:00,163.3,16,72,39.9,0,0,0
2026-09-10 17:00:00,163.2,7,70,35.3,0,0,0
2026-09-10 17:05:00,161.8,6,72,35.6,0,0,0
2026-09-10 17:10:00,160.1,6,70,37.2,0,0,0
2026-09-10 17:15:00,159.2,15,70,35.7,0,0,0
2026-09-10 17:20:00,160.6,13,75,35.1,0,0,0
2026-09-10 17:25:00,158.1,11,71,39.2,0,0,0
2026-09-10 17:30:00,157.3,12,74,34.3,0,22,65
2026-09-10 17:35:00,157.9,6,72,35.1,0,0,0
2026-09-10 17:40:00,161.8,5,72,37.9,0,0,0
2026-09-10 17:45:00,163.6,7,70,36.9,0,0,0
2026-09-10 17:50:00,166.6,6,77,36.8,0,0,0
2026-09-10 17:55:00,171.4,4,75,36.1,0,0,0
2026-09-10 18:00:00,170.1,6,72,35.8,0,0,0
2026-09-10 18:05:00,171.2,8,71,39.3,0,0,0
2026-09-10 18:10:00,173.6,14,73,39.7,0,0,0
2026-09-10 18:15:00,174.8,10,74,33.8,0,0,0
2026-09-10 18:20:00,172.4,5,74,35.7,0,0,0
2026-09-10 18:25:00,171.1,5,74,35.4,0,0,0
2026-09-10 18:30:00,174.2,9,72,38.4,0,0,0
2026-09-10 18:35:00,177.1,5,73,33.1,0,0,0
2026-09-10 18:40:00,177.2,11,75,36.4,0,0,0
2026-09-10 18:45:00,177.1,12,74,35.9,0,0,0
2026-09-10 18:50:00,177.3,5,69,35.3,0,0,0
2026-09-10 18:55:00,177.8,5,70,34.0,0,0,0
2026-09-10 19:00:00,176.7,7,72,36.0,0,0,0
2026-09-10 19:05:00,168.1,6,75,34.1,0,0,0
2026-09-10 19:10:00,165.5,9,73,36.7,0,0,0
2026-09-10 19:15:00,164.7,9,73,38.4,0,0,0
2026-09-10 19:20:00,165.6,6,73,38.1,0,0,0
2026-09-10 19:25:00,167.3,15,73,36.5,0,0,0
2026-09-10 19:30:00,169.2,15,68,35.9,0,0,0
2026-09-10 19:35:00,170.2,3,72,34.2,0,0,0
2026-09-10 19:40:00,169.6,8,73,36.5,0,0,0
2026-09-10 19:45:00,170.4,6,70,34.2,0,0,0
2026-09-10 19:50:00,168.7,6,74,34.0,0,0,0
2026-09-10 19:55:00,167.5,7,71,36.2,0,0,0
2026-09-10 20:00:00,167.6,4,74,35.5,0,0,0
2026-09-10 20:05:00,166.8,6,71,34.5,0,0,0
2026-09-10 20:10:00,167.2,15,71,33.6,0,0,0
2026-09-10 20:15:00,165.7,6,71,36.3,0,0,0
2026-09-10 20:20:00,163.6,8,69,34.8,0,0,0
2026-09-10 20:25:00,163.0,7,70,35.5,0,0,0
2026-09-10 20:30:00,161.9,16,71,37.9,0,0,0
2026-09-10 20:35:00,162.5,4,73,34.9,0,0,0
2026-09-10 20:40:00,162.5,8,73,35.7,0,0,0
2026-09-10 20:45:00,162.4,9,74,37.1,0,0,0
2026-09-10 20:50:00,160.2,9,73,37.4,0,0,0
2026-09-10 20:55:00,161.4,8,71,35.3,0,0,0
2026-09-10 21:00:00,164.7,6,71,39.7,0,0,0
2026-09-10 21:05:00,161.7,7,69,36.6,0,0,0
2026-09-10 21:10:00,161.4,7,73,37.2,0,0,0
2026-09-10 21:15:00,162.5,6,73,38.8,0,0,0
2026-09-10 21:20:00,162.9,10,69,32.4,0,0,0
2026-09-10 21:25:00,166.4,17,72,36.4,0,0,0
2026-09-10 21:30:00,162.1,15,71,37.8,0,0,0
2026-09-10 21:35:00,161.3,5,75,36.4,0,94,75
2026-09-10 21:40:00,170.9,6,78,36.0,0,0,0
2026-09-10 21:45:00,178.0,9,75,35.4,0,0,0
2026-09-10 21:50:00,181.6,441,98,35.2,0,0,0
2026-09-10 21:55:00,187.4,439,101,36.0,0,0,0
2026-09-10 22:00:00,190.8,7,75,34.0,0,0,0
2026-09-10 22:05:00,193.8,11,72,35.9,0,0,0
2026-09-10 22:10:00,191.0,3,69,33.7,0,0,0
2026-09-10 22:15:00,192.6,8,70,37.9,0,0,0
2026-09-10 22:20:00,195.5,14,73,35.5,0,0,0
2026-09-10 22:25:00,194.5,14,74,36.2,0,0,0
2026-09-10 22:30:00,192.2,20,72,36.6,0,0,0
2026-09-10 22:35:00,190.8,18,71,36.9,0,0,0
2026-09-10 22:40:00,190.7,11,72,32.6,0,0,0
2026-09-10 22:45:00,187.9,13,73,37.5,0,0,0
2026-09-10 22:50:00,189.1,10,70,39.3,0,0,0
2026-09-10 22:55:00,183.7,17,67,38.5,0,0,0
2026-09-10 23:00:00,181.0,0,62,55.9,1,0,0
2026-09-10 23:05:00,182.6,0,64,61.8,1,0,0
2026-09-10 23:10:00,180.5,0,66,62.1,1,0,0
2026-09-10 23:15:00,180.6,1,63,55.8,1,0,0
2026-09-10 23:20:00,181.2,1,62,58.8,1,0,0
2026-09-10 23:25:00,180.6,0,64,57.2,1,0,0
2026-09-10 23:30:00,177.1,0,63,57.2,1,0,0
2026-09-10 23:35:00,174.5,0,63,58.8,1,0,0
2026-09-10 23:40:00,174.3,0,62,61.7,1,0,0
2026-09-10 23:45:00,172.7,1,62,59.8,1,0,0
2026-09-10 23:50:00,169.5,0,63,56.5,1,0,0
2026-09-10 23:55:00,169.3,0,65,61.5,1,0,0
2026-09-11 00:00:00,173.6,1,63,57.1,1,0,0
2026-09-11 00:05:00,173.3,0,63,60.2,1,0,0
2026-09-11 00:10:00,173.1,0,63,58.4,1,0,0
2026-09-11 00:15:00,174.1,1,66,56.5,1,0,0
2026-09-11 00:20:00,172.3,1,64,58.2,1,0,0
2026-09-11 00:25:00,170.9,0,63,54.1,1,0,0
2026-09-11 00:30:00,171.1,0,63,57.4,1,0,0
2026-09-11 00:35:00,169.4,0,65,57.3,1,0,0
2026-09-11 00:40:00,169.5,0,62,55.9,1,0,0
2026-09-11 00:45:00,169.7,0,64,56.1,1,0,0
2026-09-11 00:50:00,167.1,0,62,55.9,1,0,0
2026-09-11 00:55:00,163.1,1,64,53.7,1,0,0
2026-09-11 01:00:00,163.3,0,62,55.9,1,0,0
2026-09-11 01:05:00,165.5,0,63,58.3,1,0,0
2026-09-11 01:10:00,168.7,1,63,60.9,1,0,0
2026-09-11 01:15:00,169.3,0,65,55.1,1,0,0
2026-09-11 01:20:00,168.4,0,66,61.7,1,0,0
2026-09-11 01:25:00,169.7,0,62,56.9,1,0,0
2026-09-11 01:30:00,171.4,0,63,56.5,1,0,0
2026-09-11 01:35:00,169.6,0,60,58.0,1,0,0
2026-09-11 01:40:00,169.2,1,62,57.5,1,0,0
2026-09-11 01:45:00,169.0,1,67,57.0,1,0,0
2026-09-11 01:50:00,165.4,0,61,56.1,1,0,0
2026-09-11 01:55:00,163.8,0,62,57.4,1,0,0
2026-09-11 02:00:00,162.4,0,63,58.9,1,0,0
2026-09-11 02:05:00,162.2,0,59,59.3,1,0,0
2026-09-11 02:10:00,156.6,1,63,56.1,1,0,0
2026-09-11 02:15:00,161.2,1,65,56.7,1,0,0
2026-09-11 02:20:00,164.0,0,60,53.7,1,0,0
2026-09-11 02:25:00,161.3,0,63,59.7,1,0,0
2026-09-11 02:30:00,161.8,2,63,53.6,1,0,0
2026-09-11 02:35:00,164.5,0,61,58.8,1,0,0
2026-09-11 02:40:00,165.9,0,65,59.3,1,0,0
2026-09-11 02:45:00,168.1,0,64,58.3,1,0,0
2026-09-11 02:50:00,165.8,0,66,58.9,1,0,0
2026-09-11 02:55:00,165.0,0,62,55.9,1,0,0
2026-09-11 03:00:00,161.4,1,63,54.8,1,0,0
2026-09-11 03:05:00,159.5,0,61,56.0,1,0,0
2026-09-11 03:10:00,158.6,0,61,60.1,1,0,0
2026-09-11 03:15:00,158.4,0,64,57.5,1,0,0
2026-09-11 03:20:00,159.1,1,59,59.2,1,0,0
2026-09-11 03:25:00,158.7,0,65,57.2,1,0,0
2026-09-11 03:30:00,162.3,1,63,59.3,1,0,0
2026-09-11 03:35:00,161.1,1,62,56.5,1,0,0
2026-09-11 03:40:00,166.1,0,62,57.6,1,0,0
2026-09-11 03:45:00,167.9,0,64,59.0,1,0,0
2026-09-11 03:50:00,171.5,0,62,59.0,1,0,0
2026-09-11 03:55:00,171.5,0,62,58.2,1,0,0
2026-09-11 04:00:00,171.7,0,62,56.3,1,0,0
2026-09-11 04:05:00,170.2,0,61,54.4,1,0,0
2026-09-11 04:10:00,170.1,0,65,57.9,1,0,0
2026-09-11 04:15:00,169.5,1,66,58.5,1,0,0
2026-09-11 04:20:00,167.4,0,64,55.1,1,0,0
2026-09-11 04:25:00,168.4,0,60,56.9,1,0,0
2026-09-11 04:30:00,170.7,0,64,57.4,1,0,0
2026-09-11 04:35:00,170.5,1,62,64.7,1,0,0
2026-09-11 04:40:00,170.0,0,65,56.3,1,0,0
2026-09-11 04:45:00,173.4,0,63,57.9,1,0,0
2026-09-11 04:50:00,174.0,0,62,54.3,1,0,0
2026-09-11 04:55:00,171.1,0,64,57.9,1,0,0
2026-09-11 05:00:00,173.1,0,65,56.3,1,0,0
2026-09-11 05:05:00,175.6,0,66,60.0,1,0,0
2026-09-11 05:10:00,178.7,0,63,55.2,1,0,0
2026-09-11 05:15:00,178.0,0,64,59.5,1,0,0
2026-09-11 05:20:00,179.7,0,66,57.7,1,0,0
2026-09-11 05:25:00,178.7,0,63,57.8,1,0,0
2026-09-11 05:30:00,177.8,0,63,61.2,1,0,0
2026-09-11 05:35:00,177.1,0,65,58.2,1,0,0
2026-09-11 05:40:00,181.0,2,62,59.0,1,0,0
2026-09-11 05:45:00,179.9,0,63,57.8,1,0,0
2026-09-11 05:50:00,179.7,0,63,56.9,1,0,0
2026-09-11 05:55:00,180.9,0,63,59.6,1,0,0
2026-09-11 06:00:00,182.9,1,62,56.7,1,0,0
2026-09-11 06:05:00,177.9,0,63,55.4,1,0,0
2026-09-11 06:10:00,171.5,0,62,56.4,1,0,0
2026-09-11 06:15:00,170.9,1,64,57.6,1,0,0
2026-09-11 06:20:00,168.0,1,62,53.4,1,0,0
2026-09-11 06:25:00,169.1,0,63,57.2,1,0,0
2026-09-11 06:30:00,166.2,0,63,56.9,1,0,0
2026-09-11 06:35:00,168.1,2,73,34.1,0,0,0
2026-09-11 06:40:00,169.3,5,70,34.5,0,0,0
2026-09-11 06:45:00,166.1,7,71,33.1,0,0,0
2026-09-11 06:50:00,167.4,15,70,33.7,0,0,0
2026-09-11 06:55:00,167.2,3,69,38.0,0,0,0
2026-09-11 07:00:00,167.0,21,69,35.0,0,0,0
2026-09-11 07:05:00,166.1,5,72,34.4,0,0,0
2026-09-11 07:10:00,166.1,5,70,35.8,0,0,0
2026-09-11 07:15:00,165.1,8,71,36.8,0,0,0
2026-09-11 07:20:00,163.8,18,71,35.6,0,0,0
2026-09-11 07:25:00,161.9,7,71,35.9,0,0,0
2026-09-11 07:30:00,164.5,10,72,34.4,0,0,0
2026-09-11 07:35:00,163.5,11,73,34.6,0,0,0
2026-09-11 07:40:00,165.6,18,72,35.9,0,0,0
2026-09-11 07:45:00,166.8,15,75,31.5,0,0,0
2026-09-11 07:50:00,166.0,11,71,35.3,0,0,0
2026-09-11 07:55:00,168.0,15,74,36.5,0,0,0
2026-09-11 08:00:00,166.3,12,77,34.7,0,47,70
2026-09-11 08:05:00,169.1,20,73,37.4,0,0,0
2026-09-11 08:10:00,174.4,12,75,30.6,0,0,0
2026-09-11 08:15:00,181.1,12,76,36.2,0,0,0
2026-09-11 08:20:00,179.1,7,74,36.4,0,0,0
2026-09-11 08:25:00,184.8,6,78,34.1,0,0,0
2026-09-11 08:30:00,186.8,6,74,38.7,0,0,0
2026-09-11 08:35:00,187.6,12,69,35.2,0,0,0
2026-09-11 08:40:00,188.1,12,71,32.8,0,0,0
2026-09-11 08:45:00,189.4,3,72,30.2,0,0,0
2026-09-11 08:50:00,188.8,7,71,38.9,0,0,0
2026-09-11 08:55:00,187.9,3,72,39.3,0,0,0
2026-09-11 09:00:00,188.2,13,69,33.7,0,0,0
2026-09-11 09:05:00,186.7,4,73,37.7,0,0,0
2026-09-11 09:10:00,184.6,5,69,34.5,0,0,0
2026-09-11 09:15:00,186.5,17,72,34.5,0,0,0
2026-09-11 09:20:00,185.0,14,70,37.4,0,0,0
2026-09-11 09:25:00,183.9,8,72,35.8,0,0,0
2026-09-11 09:30:00,181.8,10,73,36.1,0,0,0
2026-09-11 09:35:00,179.9,9,75,37.3,0,0,0
2026-09-11 09:40:00,185.1,7,71,37.1,0,0,0
2026-09-11 09:45:00,182.5,5,74,36.5,0,0,0
2026-09-11 09:50:00,182.5,10,72,36.5,0,0,0
2026-09-11 09:55:00,182.9,7,72,38.2,0,0,0
2026-09-11 10:00:00,183.2,8,70,33.7,0,0,0
2026-09-11 10:05:00,181.3,7,67,31.6,0,0,0
2026-09-11 10:10:00,181.1,17,68,38.9,0,0,0
2026-09-11 10:15:00,178.5,45,75,38.7,0,0,0
2026-09-11 10:20:00,177.3,7,71,38.6,0,0,0
2026-09-11 10:25:00,174.3,2,67,37.2,0,0,0
2026-09-11 10:30:00,176.1,12,69,35.7,0,0,0
2026-09-11 10:35:00,176.1,2,72,35.2,0,0,0
2026-09-11 10:40:00,179.2,7,69,37.9,0,0,0
2026-09-11 10:45:00,180.3,23,73,38.3,0,0,0
2026-09-11 10:50:00,181.4,5,71,38.6,0,0,0
2026-09-11 10:55:00,176.3,10,72,33.3,0,0,0
2026-09-11 11:00:00,174.4,13,72,36.7,0,0,0
2026-09-11 11:05:00,172.9,18,72,34.2,0,0,0
2026-09-11 11:10:00,170.1,7,68,36.8,0,0,0
2026-09-11 11:15:00,166.7,12,73,34.4,0,0,0
2026-09-11 11:20:00,165.2,15,70,34.7,0,0,0
2026-09-11 11:25:00,165.0,8,73,36.7,0,0,0
2026-09-11 11:30:00,165.7,12,71,36.9,0,0,0
2026-09-11 11:35:00,163.8,18,70,33.4,0,0,0
2026-09-11 11:40:00,164.4,11,68,35.0,0,0,0
2026-09-11 11:45:00,161.8,13,73,32.2,0,0,0
2026-09-11 11:50:00,158.8,5,73,34.5,0,0,0
2026-09-11 11:55:00,158.9,5,74,38.1,0,0,0
2026-09-11 12:00:00,156.9,3,71,38.7,0,0,0
2026-09-11 12:05:00,156.6,12,70,36.1,0,0,0
2026-09-11 12:10:00,154.4,6,71,35.2,0,0,0
2026-09-11 12:15:00,151.0,6,69,36.8,0,0,0
2026-09-11 12:20:00,152.8,5,71,36.4,0,0,0
2026-09-11 12:25:00,153.7,6,70,36.4,0,0,0
2026-09-11 12:30:00,159.2,16,71,39.0,0,0,0
2026-09-11 12:35:00,159.4,13,76,34.7,0,0,0
2026-09-11 12:40:00,160.9,11,68,36.9,0,0,0
2026-09-11 12:45:00,157.8,5,74,35.8,0,0,0
2026-09-11 12:50:00,160.3,4,70,38.5,0,0,0
2026-09-11 12:55:00,158.0,7,73,33.5,0,0,0
2026-09-11 13:00:00,157.2,5,70,36.5,0,0,0
2026-09-11 13:05:00,160.9,12,72,35.1,0,0,0
2026-09-11 13:10:00,157.2,5,74,34.6,0,0,0
2026-09-11 13:15:00,154.7,10,72,35.7,0,0,0
2026-09-11 13:20:00,154.0,9,73,31.8,0,0,0
2026-09-11 13:25:00,155.5,10,71,34.3,0,105,70
2026-09-11 13:30:00,171.4,6,76,38.2,0,0,0
2026-09-11 13:35:00,182.9,17,74,37.2,0,0,0
2026-09-11 13:40:00,195.5,4,73,33.2,0,0,0
2026-09-11 13:45:00,205.8,3,76,34.1,0,0,0
2026-09-11 13:50:00,215.4,10,75,33.7,0,0,0
2026-09-11 13:55:00,216.6,20,70,36.5,0,0,0
2026-09-11 14:00:00,217.5,5,74,38.8,0,0,0
2026-09-11 14:05:00,214.6,4,72,36.3,0,0,0
2026-09-11 14:10:00,217.6,25,72,35.7,0,0,0
2026-09-11 14:15:00,213.4,2,75,35.0,0,0,0
2026-09-11 14:20:00,212.0,13,69,38.5,0,0,0
2026-09-11 14:25:00,215.2,10,72,35.8,0,0,0
2026-09-11 14:30:00,213.9,11,71,37.4,0,0,0
2026-09-11 14:35:00,211.7,11,69,35.2,0,0,0
2026-09-11 14:40:00,210.7,5,72,38.4,0,0,0
2026-09-11 14:45:00,207.7,11,69,35.1,0,0,0
2026-09-11 14:50:00,206.2,3,71,36.3,0,0,0
2026-09-11 14:55:00,203.2,23,73,33.2,0,0,0
2026-09-11 15:00:00,201.6,20,72,35.7,0,0,0
2026-09-11 15:05:00,198.0,2,74,34.6,0,0,0
2026-09-11 15:10:00,193.5,7,74,36.7,0,0,0
2026-09-11 15:15:00,190.2,5,73,36.3,0,0,0
2026-09-11 15:20:00,190.5,3,76,34.9,0,0,0
2026-09-11 15:25:00,189.5,4,70,35.5,0,0,0
2026-09-11 15:30:00,186.0,4,73,35.7,0,0,0
2026-09-11 15:35:00,186.8,3,72,37.4,0,0,0
2026-09-11 15:40:00,186.4,10,71,37.5,0,0,0
2026-09-11 15:45:00,185.0,10,73,33.5,0,0,0
2026-09-11 15:50:00,179.9,3,71,32.7,0,0,0
2026-09-11 15:55:00,178.5,14,77,37.8,0,0,0
2026-09-11 16:00:00,175.3,10,75,38.1,0,0,0
2026-09-11 16:05:00,173.0,5,67,35.9,0,0,0
2026-09-11 16:10:00,171.4,9,74,34.8,0,0,0
2026-09-11 16:15:00,169.6,11,69,34.6,0,0,0
2026-09-11 16:20:00,171.8,12,76,37.6,0,0,0
2026-09-11 16:25:00,168.2,5,71,33.4,0,0,0
2026-09-11 16:30:00,168.0,11,69,34.8,0,0,0
2026-09-11 16:35:00,165.6,4,71,36.1,0,0,0
2026-09-11 16:40:00,168.9,6,75,29.9,0,0,0
2026-09-11 16:45:00,168.9,11,71,35.5,0,0,0
2026-09-11 16:50:00,173.3,8,70,36.3,0,0,0
2026-09-11 16:55:00,172.7,9,70,35.7,0,0,0
2026-09-11 17:00:00,174.6,9,74,36.5,0,0,0
2026-09-11 17:05:00,174.6,9,73,35.1,0,0,0
2026-09-11 17:10:00,172.8,23,74,32.4,0,0,0
2026-09-11 17:15:00,172.0,8,72,36.9,0,0,0
2026-09-11 17:20:00,172.1,12,71,34.7,0,0,0
2026-09-11 17:25:00,171.6,12,74,36.2,0,0,0
2026-09-11 17:30:00,174.0,17,75,32.1,0,0,0
2026-09-11 17:35:00,173.2,467,100,34.5,0,0,0
2026-09-11 17:40:00,172.4,466,104,32.3,0,29,60
2026-09-11 17:45:00,174.8,471,102,35.7,0,0,0
2026-09-11 17:50:00,175.9,463,103,35.0,0,0,0
2026-09-11 17:55:00,178.3,479,102,35.4,0,0,0
2026-09-11 18:00:00,178.5,479,103,32.7,0,0,0
2026-09-11 18:05:00,179.9,1,78,33.4,0,0,0
2026-09-11 18:10:00,180.6,12,71,35.7,0,0,0
2026-09-11 18:15:00,180.0,3,68,36.9,0,0,0
2026-09-11 18:20:00,183.4,8,71,36.6,0,0,0
2026-09-11 18:25:00,185.3,11,72,35.2,0,0,0
2026-09-11 18:30:00,183.8,7,70,30.9,0,0,0
2026-09-11 18:35:00,181.4,13,70,32.9,0,0,0
2026-09-11 18:40:00,176.8,7,73,36.1,0,0,0
2026-09-11 18:45:00,176.8,9,68,38.2,0,0,0
2026-09-11 18:50:00,176.0,19,72,39.1,0,0,0
2026-09-11 18:55:00,175.6,13,73,34.8,0,0,0
2026-09-11 19:00:00,174.9,16,73,34.4,0,0,0
2026-09-11 19:05:00,171.7,14,71,38.5,0,0,0
2026-09-11 19:10:00,168.1,5,73,36.8,0,0,0
2026-09-11 19:15:00,167.0,7,74,35.0,0,0,0
2026-09-11 19:20:00,163.8,13,74,36.4,0,0,0
2026-09-11 19:25:00,164.0,10,71,35.2,0,0,0
2026-09-11 19:30:00,165.0,2,70,33.3,0,0,0
2026-09-11 19:35:00,164.5,10,70,33.9,0,0,0
2026-09-11 19:40:00,162.7,15,71,34.9,0,0,0
2026-09-11 19:45:00,161.1,9,74,33.7,0,0,0
2026-09-11 19:50:00,160.3,15,70,34.8,0,0,0
2026-09-11 19:55:00,159.8,2,72,36.1,0,0,0
2026-09-11 20:00:00,159.4,9,74,33.6,0,0,0
2026-09-11 20:05:00,162.3,3,71,35.3,0,0,0
2026-09-11 20:10:00,164.3,6,73,35.5,0,0,0
2026-09-11 20:15:00,166.9,10,72,33.6,0,0,0
2026-09-11 20:20:00,167.0,6,72,38.6,0,0,0
2026-09-11 20:25:00,165.8,9,72,36.6,0,0,0
2026-09-11 20:30:00,164.2,5,71,35.6,0,0,0
2026-09-11 20:35:00,165.9,10,72,36.8,0,0,0
2026-09-11 20:40:00,162.8,7,74,35.2,0,0,0
2026-09-11 20:45:00,161.6,4,71,31.1,0,0,0
2026-09-11 20:50:00,163.3,13,69,34.0,0,0,0
2026-09-11 20:55:00,162.7,12,68,31.6,0,0,0
2026-09-11 21:00:00,159.6,9,71,34.6,0,0,0
2026-09-11 21:05:00,157.1,19,74,36.7,0,53,68
2026-09-11 21:10:00,163.9,17,81,36.6,0,0,0
2026-09-11 21:15:00,169.4,27,76,35.7,0,0,0
2026-09-11 21:20:00,174.6,550,104,39.9,0,0,0
2026-09-11 21:25:00,179.7,544,106,36.5,0,0,0
2026-09-11 21:30:00,182.6,0,71,36.2,0,0,0
2026-09-11 21:35:00,182.0,10,70,39.9,0,0,0
2026-09-11 21:40:00,181.7,8,73,38.3,0,0,0
2026-09-11 21:45:00,181.5,10,73,35.2,0,0,0
2026-09-11 21:50:00,178.9,4,71,35.7,0,0,0
2026-09-11 21:55:00,176.6,13,72,34.3,0,0,0
2026-09-11 22:00:00,175.1,2,69,34.3,0,0,0
2026-09-11 22:05:00,175.8,13,71,34.0,0,0,0
2026-09-11 22:10:00,170.8,7,70,32.2,0,0,0
2026-09-11 22:15:00,173.5,5,72,35.3,0,0,0
2026-09-11 22:20:00,175.0,22,70,34.6,0,0,0
2026-09-11 22:25:00,171.5,7,68,32.7,0,0,0
2026-09-11 22:30:00,167.7,12,74,34.3,0,0,0
2026-09-11 22:35:00,167.6,8,70,34.8,0,0,0
2026-09-11 22:40:00,166.7,5,71,35.4,0,0,0
2026-09-11 22:45:00,166.6,1,64,54.9,1,0,0
2026-09-11 22:50:00,166.6,1,64,58.0,1,0,0
2026-09-11 22:55:00,168.5,0,60,60.3,1,0,0
2026-09-11 23:00:00,165.3,0,64,59.8,1,0,0
2026-09-11 23:05:00,167.1,0,64,57.2,1,0,0
2026-09-11 23:10:00,168.0,0,64,49.9,1,0,0
2026-09-11 23:15:00,164.8,0,60,56.9,1,0,0
2026-09-11 23:20:00,166.9,0,64,56.8,1,0,0
2026-09-11 23:25:00,163.9,0,62,56.5,1,0,0
2026-09-11 23:30:00,160.1,1,64,58.0,1,0,0
2026-09-11 23:35:00,163.6,0,63,57.9,1,0,0
2026-09-11 23:40:00,163.8,0,67,58.0,1,0,0
2026-09-11 23:45:00,167.8,0,65,58.8,1,0,0
2026-09-11 23:50:00,166.2,0,66,59.5,1,0,0
2026-09-11 23:55:00,166.0,0,65,57.1,1,0,0
2026-09-12 00:00:00,161.3,2,65,60.5,1,0,0
2026-09-12 00:05:00,157.1,1,65,57.0,1,0,0
2026-09-12 00:10:00,157.5,0,64,56.1,1,0,0
2026-09-12 00:15:00,153.1,1,62,60.6,1,0,0
2026-09-12 00:20:00,152.4,1,62,58.7,1,0,0
2026-09-12 00:25:00,152.4,0,62,58.4,1,0,0
2026-09-12 00:30:00,154.4,0,60,57.0,1,0,0
2026-09-12 00:35:00,158.5,0,63,58.1,1,0,0
2026-09-12 00:40:00,158.4,0,64,59.8,1,0,0
2026-09-12 00:45:00,158.4,1,62,60.0,1,0,0
2026-09-12 00:50:00,159.4,0,63,58.6,1,0,0
2026-09-12 00:55:00,160.8,0,64,60.1,1,0,0
2026-09-12 01:00:00,162.4,1,65,55.2,1,0,0
2026-09-12 01:05:00,160.8,0,61,59.7,1,0,0
2026-09-12 01:10:00,156.5,0,62,59.8,1,0,0
2026-09-12 01:15:00,152.2,0,60,58.6,1,0,0
2026-09-12 01:20:00,153.0,0,62,58.6,1,0,0
2026-09-12 01:25:00,155.8,0,64,58.9,1,0,0
2026-09-12 01:30:00,154.7,1,61,57.0,1,0,0
2026-09-12 01:35:00,150.2,0,66,57.9,1,0,0
2026-09-12 01:40:00,148.0,0,63,58.5,1,0,0
2026-09-12 01:45:00,150.0,0,66,59.3,1,0,0
2026-09-12 01:50:00,151.6,0,64,59.4,1,0,0
2026-09-12 01:55:00,150.1,0,65,58.7,1,0,0
2026-09-12 02:00:00,151.7,0,61,59.0,1,0,0
2026-09-12 02:05:00,153.6,0,68,60.4,1,0,0
2026-09-12 02:10:00,155.8,0,65,59.5,1,0,0
2026-09-12 02:15:00,158.1,0,64,61.7,1,0,0
2026-09-12 02:20:00,157.4,0,61,56.6,1,0,0
2026-09-12 02:25:00,152.6,0,60,63.6,1,0,0
2026-09-12 02:30:00,152.3,0,64,58.5,1,0,0
2026-09-12 02:35:00,152.6,1,61,55.3,1,0,0
2026-09-12 02:40:00,155.9,0,66,59.1,1,0,0
2026-09-12 02:45:00,156.4,0,65,60.4,1,0,0
2026-09-12 02:50:00,157.6,1,60,59.9,1,0,0
2026-09-12 02:55:00,155.0,0,65,57.8,1,0,0
2026-09-12 03:00:00,152.9,1,66,61.9,1,0,0
2026-09-12 03:05:00,152.9,1,62,58.1,1,0,0
2026-09-12 03:10:00,151.7,0,62,58.6,1,0,0
2026-09-12 03:15:00,155.4,2,67,59.4,1,0,0
2026-09-12 03:20:00,156.3,0,59,57.2,1,0,0
2026-09-12 03:25:00,155.2,0,62,61.1,1,0,0
2026-09-12 03:30:00,157.8,0,64,60.2,1,0,0
2026-09-12 03:35:00,160.3,0,61,57.9,1,0,0
2026-09-12 03:40:00,161.4,0,65,58.3,1,0,0
2026-09-12 03:45:00,159.9,0,56,59.1,1,0,0
2026-09-12 03:50:00,160.4,0,65,60.1,1,0,0
2026-09-12 03:55:00,162.2,1,68,62.6,1,0,0
2026-09-12 04:00:00,163.4,0,61,58.6,1,0,0
2026-09-12 04:05:00,163.6,0,62,60.0,1,0,0
2026-09-12 04:10:00,166.4,0,63,57.6,1,0,0
2026-09-12 04:15:00,165.0,0,62,56.2,1,0,0
2026-09-12 04:20:00,165.7,0,62,58.6,1,0,0
2026-09-12 04:25:00,167.3,0,60,57.5,1,0,0
2026-09-12 04:30:00,167.0,0,63,61.8,1,0,0
2026-09-12 04:35:00,170.8,0,63,55.6,1,0,0
2026-09-12 04:40:00,170.7,0,66,55.8,1,0,0
2026-09-12 04:45:00,171.7,0,64,56.6,1,0,0
2026-09-12 04:50:00,167.9,0,65,60.5,1,0,0
2026-09-12 04:55:00,168.2,0,59,58.7,1,0,0
2026-09-12 05:00:00,168.0,0,62,58.0,1,0,0
2026-09-12 05:05:00,171.9,0,65,61.6,1,0,0
2026-09-12 05:10:00,170.6,0,63,59.5,1,0,0
2026-09-12 05:15:00,174.9,1,62,59.1,1,0,0
2026-09-12 05:20:00,174.1,0,61,61.5,1,0,0
2026-09-12 05:25:00,173.1,1,63,55.4,1,0,0
2026-09-12 05:30:00,172.2,0,64,57.1,1,0,0
2026-09-12 05:35:00,172.8,0,63,58.6,1,0,0
2026-09-12 05:40:00,174.0,1,65,58.7,1,0,0
2026-09-12 05:45:00,176.0,0,62,56.6,1,0,0
2026-09-12 05:50:00,177.8,1,62,60.1,1,0,0
2026-09-12 05:55:00,173.7,0,67,58.1,1,0,0
2026-09-12 06:00:00,175.0,0,63,57.5,1,0,0
2026-09-12 06:05:00,171.9,2,64,59.3,1,0,0
2026-09-12 06:10:00,166.8,0,65,62.3,1,0,0
2026-09-12 06:15:00,162.4,0,62,60.0,1,0,0
2026-09-12 06:20:00,161.1,1,58,57.6,1,0,0
2026-09-12 06:25:00,163.2,0,62,57.9,1,0,0
2026-09-12 06:30:00,160.6,0,61,60.1,1,0,0
2026-09-12 06:35:00,159.4,0,62,57.9,1,0,0
2026-09-12 06:40:00,155.6,1,62,60.4,1,0,0
2026-09-12 06:45:00,157.7,7,69,36.8,0,0,0
2026-09-12 06:50:00,161.0,3,70,36.8,0,0,0
2026-09-12 06:55:00,162.2,11,75,36.6,0,0,0
2026-09-12 07:00:00,158.7,5,68,41.2,0,0,0
2026-09-12 07:05:00,161.2,8,70,37.1,0,0,0
2026-09-12 07:10:00,162.6,16,73,35.9,0,0,0
2026-09-12 07:15:00,162.3,9,72,34.6,0,0,0
2026-09-12 07:20:00,163.1,14,69,37.4,0,0,0
2026-09-12 07:25:00,163.1,6,72,35.1,0,0,0
2026-09-12 07:30:00,163.6,3,70,35.9,0,0,0
2026-09-12 07:35:00,163.0,5,70,37.2,0,0,0
2026-09-12 07:40:00,161.0,11,68,36.0,0,0,0
2026-09-12 07:45:00,157.5,11,71,36.9,0,0,0
2026-09-12 07:50:00,157.0,9,73,35.3,0,0,0
2026-09-12 07:55:00,156.9,16,69,36.2,0,0,0
2026-09-12 08:00:00,157.5,5,76,35.2,0,55,65
2026-09-12 08:05:00,164.1,13,73,36.0,0,0,0
2026-09-12 08:10:00,171.3,6,77,35.8,0,0,0
2026-09-12 08:15:00,175.9,5,71,37.7,0,0,0
2026-09-12 08:20:00,179.5,2,73,37.5,0,0,0
2026-09-12 08:25:00,181.0,3,74,34.8,0,0,0
2026-09-12 08:30:00,188.4,7,69,35.9,0,0,0
2026-09-12 08:35:00,186.6,8,70,39.1,0,0,0
2026-09-12 08:40:00,187.0,12,72,35.5,0,0,0
2026-09-12 08:45:00,185.2,3,71,35.1,0,0,0
2026-09-12 08:50:00,184.8,10,73,35.8,0,0,0
2026-09-12 08:55:00,180.8,8,70,32.6,0,0,0
2026-09-12 09:00:00,178.1,3,70,39.6,0,0,0
2026-09-12 09:05:00,174.8,14,72,38.4,0,0,0
2026-09-12 09:10:00,174.7,3,70,40.1,0,0,0
2026-09-12 09:15:00,173.0,4,74,36.3,0,0,0
2026-09-12 09:20:00,172.7,5,71,33.3,0,0,0
2026-09-12 09:25:00,176.5,12,73,37.8,0,0,0
2026-09-12 09:30:00,175.4,11,70,38.7,0,0,0
2026-09-12 09:35:00,177.8,1,73,36.8,0,0,0
2026-09-12 09:40:00,171.7,14,71,36.8,0,0,0
2026-09-12 09:45:00,171.7,8,67,33.5,0,0,0
2026-09-12 09:50:00,169.1,8,69,37.8,0,0,0
2026-09-12 09:55:00,165.8,16,73,34.9,0,0,0
2026-09-12 10:00:00,165.4,14,73,35.5,0,0,0
2026-09-12 10:05:00,164.9,16,77,37.2,0,0,0
2026-09-12 10:10:00,169.5,5,70,36.7,0,0,0
2026-09-12 10:15:00,169.9,9,71,37.1,0,0,0
2026-09-12 10:20:00,169.9,5,74,35.0,0,0,0
2026-09-12 10:25:00,167.9,15,70,34.0,0,0,0
2026-09-12 10:30:00,169.0,6,71,35.2,0,0,0
2026-09-12 10:35:00,170.0,17,72,37.4,0,0,0
2026-09-12 10:40:00,168.1,14,73,35.2,0,0,0
2026-09-12 10:45:00,164.4,10,72,34.5,0,0,0
2026-09-12 10:50:00,163.6,8,72,35.4,0,0,0
2026-09-12 10:55:00,165.5,12,71,34.4,0,0,0
2026-09-12 11:00:00,163.3,13,69,33.5,0,0,0
2026-09-12 11:05:00,159.9,9,73,38.8,0,0,0
2026-09-12 11:10:00,159.5,8,70,37.1,0,0,0
2026-09-12 11:15:00,158.7,10,69,35.8,0,0,0
2026-09-12 11:20:00,159.5,12,72,33.6,0,0,0
2026-09-12 11:25:00,159.3,6,74,35.1,0,0,0
2026-09-12 11:30:00,158.8,10,71,34.6,0,0,0
2026-09-12 11:35:00,159.9,9,73,35.4,0,0,0
2026-09-12 11:40:00,157.8,8,75,39.3,0,0,0
2026-09-12 11:45:00,158.2,6,69,35.4,0,0,0
2026-09-12 11:50:00,160.9,4,71,37.5,0,0,0
2026-09-12 11:55:00,160.6,11,70,40.5,0,0,0
2026-09-12 12:00:00,159.2,8,72,37.1,0,0,0
2026-09-12 12:05:00,161.2,4,69,38.8,0,0,0
2026-09-12 12:10:00,160.6,4,71,36.8,0,0,0
2026-09-12 12:15:00,158.2,8,76,33.5,0,0,0
2026-09-12 12:20:00,156.6,14,71,34.8,0,0,0
2026-09-12 12:25:00,156.8,9,70,36.9,0,0,0
2026-09-12 12:30:00,155.3,4,75,37.3,0,0,0
2026-09-12 12:35:00,156.8,13,76,35.2,0,0,0
2026-09-12 12:40:00,158.4,9,73,34.5,0,0,0
2026-09-12 12:45:00,160.4,14,76,35.8,0,93,75
2026-09-12 12:50:00,171.4,23,74,36.8,0,0,0
2026-09-12 12:55:00,178.3,6,75,33.8,0,0,0
2026-09-12 13:00:00,182.1,525,108,35.3,0,0,0
2026-09-12 13:05:00,185.9,519,107,36.3,0,0,0
2026-09-12 13:10:00,188.8,10,72,39.3,0,0,0
2026-09-12 13:15:00,193.6,10,71,36.1,0,0,0
2026-09-12 13:20:00,194.6,10,72,36.1,0,0,0
2026-09-12 13:25:00,195.7,13,74,38.1,0,0,0
2026-09-12 13:30:00,198.6,12,69,33.1,0,0,0
2026-09-12 13:35:00,197.2,2,74,35.1,0,0,0
2026-09-12 13:40:00,192.2,3,70,34.5,0,0,0
2026-09-12 13:45:00,189.7,12,70,36.5,0,0,0
2026-09-12 13:50:00,186.5,7,72,36.0,0,0,0
2026-09-12 13:55:00,187.4,3,75,36.8,0,0,0
2026-09-12 14:00:00,185.9,6,73,36.0,0,0,0
2026-09-12 14:05:00,185.8,10,69,36.4,0,0,0
2026-09-12 14:10:00,185.9,9,70,36.4,0,0,0
2026-09-12 14:15:00,186.9,1,72,36.5,0,0,0
2026-09-12 14:20:00,184.5,7,72,37.9,0,0,0
2026-09-12 14:25:00,181.1,12,72,38.4,0,0,0
2026-09-12 14:30:00,176.5,4,73,36.7,0,0,0
2026-09-12 14:35:00,172.3,6,68,39.0,0,0,0
2026-09-12 14:40:00,168.4,11,69,35.0,0,0,0
2026-09-12 14:45:00,172.8,17,70,34.3,0,0,0
2026-09-12 14:50:00,170.1,6,68,38.3,0,0,0
2026-09-12 14:55:00,171.1,5,72,36.5,0,0,0
2026-09-12 15:00:00,166.3,23,74,36.0,0,0,0
2026-09-12 15:05:00,170.9,4,72,35.0,0,0,0
2026-09-12 15:10:00,170.7,16,73,33.6,0,0,0
2026-09-12 15:15:00,168.8,7,68,32.8,0,0,0
2026-09-12 15:20:00,166.5,7,72,37.4,0,0,0
2026-09-12 15:25:00,166.1,3,71,33.6,0,0,0
2026-09-12 15:30:00,163.3,9,74,34.2,0,0,0
2026-09-12 15:35:00,160.1,13,72,38.1,0,0,0
2026-09-12 15:40:00,159.9,11,70,37.6,0,0,0
2026-09-12 15:45:00,158.4,5,70,34.8,0,0,0
2026-09-12 15:50:00,161.6,9,70,35.1,0,0,0
2026-09-12 15:55:00,161.8,3,72,33.2,0,0,0
2026-09-12 16:00:00,164.3,8,71,36.8,0,0,0
2026-09-12 16:05:00,162.5,8,75,33.6,0,0,0
2026-09-12 16:10:00,161.9,10,72,35.5,0,0,0
2026-09-12 16:15:00,164.7,8,69,36.5,0,0,0
2026-09-12 16:20:00,161.9,8,72,36.5,0,0,0
2026-09-12 16:25:00,160.3,2,75,36.6,0,0,0
2026-09-12 16:30:00,160.8,5,70,37.4,0,0,0
2026-09-12 16:35:00,161.5,9,71,37.6,0,0,0
2026-09-12 16:40:00,162.8,11,75,34.3,0,0,0
2026-09-12 16:45:00,162.6,6,70,37.0,0,0,0
2026-09-12 16:50:00,161.8,13,71,32.8,0,0,0
2026-09-12 16:55:00,160.2,8,73,40.6,0,0,0
2026-09-12 17:00:00,159.9,4,69,36.8,0,0,0
2026-09-12 17:05:00,159.6,3,72,38.3,0,0,0
2026-09-12 17:10:00,158.8,6,71,35.0,0,0,0
2026-09-12 17:15:00,159.8,424,95,35.0,0,0,0
2026-09-12 17:20:00,156.5,438,100,32.9,0,0,0
2026-09-12 17:25:00,158.7,5,71,38.7,0,0,0
2026-09-12 17:30:00,159.5,13,72,37.3,0,0,0
2026-09-12 17:35:00,157.7,7,72,33.5,0,0,0
2026-09-12 17:40:00,156.2,18,72,32.6,0,0,0
2026-09-12 17:45:00,156.0,11,71,34.8,0,0,0
2026-09-12 17:50:00,157.3,5,74,37.2,0,32,60
2026-09-12 17:55:00,162.8,4,74,37.1,0,0,0
2026-09-12 18:00:00,165.7,12,77,37.8,0,0,0
2026-09-12 18:05:00,169.1,7,74,36.0,0,0,0
2026-09-12 18:10:00,174.9,6,73,32.8,0,0,0
2026-09-12 18:15:00,175.0,9,72,39.0,0,0,0
2026-09-12 18:20:00,177.9,17,72,32.8,0,0,0
2026-09-12 18:25:00,181.4,16,73,38.2,0,0,0
2026-09-12 18:30:00,181.8,9,72,39.8,0,0,0
2026-09-12 18:35:00,180.2,8,72,36.5,0,0,0
2026-09-12 18:40:00,181.1,8,69,35.5,0,0,0
2026-09-12 18:45:00,181.2,10,73,36.7,0,0,0
2026-09-12 18:50:00,177.8,8,71,35.5,0,0,0
2026-09-12 18:55:00,175.9,7,71,38.0,0,0,0
2026-09-12 19:00:00,178.7,3,71,36.9,0,0,0
2026-09-12 19:05:00,178.0,7,73,36.4,0,0,0
2026-09-12 19:10:00,173.6,9,75,37.6,0,0,0
2026-09-12 19:15:00,173.1,8,73,37.5,0,0,0
2026-09-12 19:20:00,171.2,5,69,35.3,0,0,0
2026-09-12 19:25:00,169.7,1,71,32.5,0,0,0
2026-09-12 19:30:00,170.7,6,70,31.8,0,0,0
2026-09-12 19:35:00,168.8,12,72,42.7,0,0,0
2026-09-12 19:40:00,169.2,12,73,39.4,0,0,0
2026-09-12 19:45:00,170.0,8,70,36.6,0,0,0
2026-09-12 19:50:00,168.6,5,71,37.7,0,0,0
2026-09-12 19:55:00,166.8,8,74,39.7,0,0,0
2026-09-12 20:00:00,165.7,5,73,39.8,0,0,0
2026-09-12 20:05:00,164.8,2,71,36.4,0,0,0
2026-09-12 20:10:00,162.1,6,75,35.1,0,0,0
2026-09-12 20:15:00,160.9,17,74,36.2,0,0,0
2026-09-12 20:20:00,159.5,10,75,36.9,0,0,0
2026-09-12 20:25:00,160.1,3,71,39.0,0,0,0
2026-09-12 20:30:00,156.7,11,73,38.6,0,0,0
2026-09-12 20:35:00,156.2,12,70,35.3,0,0,0
2026-09-12 20:40:00,155.3,8,74,34.1,0,0,0
2026-09-12 20:45:00,152.2,6,72,39.4,0,0,0
2026-09-12 20:50:00,150.6,1,72,36.6,0,0,0
2026-09-12 20:55:00,149.9,7,75,35.0,0,0,0
2026-09-12 21:00:00,153.5,21,74,34.6,0,0,0
2026-09-12 21:05:00,150.6,9,76,37.8,0,110,70
2026-09-12 21:10:00,168.1,6,73,35.2,0,0,0
2026-09-12 21:15:00,184.0,6,74,35.2,0,0,0
2026-09-12 21:20:00,190.3,4,78,34.0,0,0,0
2026-09-12 21:25:00,198.2,15,73,39.6,0,0,0
2026-09-12 21:30:00,203.4,12,77,37.0,0,0,0
2026-09-12 21:35:00,208.0,13,72,39.5,0,0,0
2026-09-12 21:40:00,208.4,8,73,37.1,0,0,0
2026-09-12 21:45:00,212.6,9,73,36.9,0,0,0
2026-09-12 21:50:00,211.3,10,74,35.3,0,0,0
2026-09-12 21:55:00,206.5,9,70,38.8,0,0,0
2026-09-12 22:00:00,205.8,12,73,35.2,0,0,0
2026-09-12 22:05:00,203.1,2,73,41.5,0,0,0
2026-09-12 22:10:00,203.7,9,70,36.9,0,0,0
2026-09-12 22:15:00,200.7,14,74,35.7,0,0,0
2026-09-12 22:20:00,201.9,14,72,35.4,0,0,0
2026-09-12 22:25:00,197.5,14,71,35.0,0,0,0
2026-09-12 22:30:00,195.5,6,72,36.3,0,0,0
2026-09-12 22:35:00,195.6,2,64,37.1,0,0,0
2026-09-12 22:40:00,195.4,16,70,34.4,0,0,0
2026-09-12 22:45:00,194.6,3,70,40.2,0,0,0
2026-09-12 22:50:00,190.7,11,74,38.7,0,0,0
2026-09-12 22:55:00,188.1,6,72,40.5,0,0,0
2026-09-12 23:00:00,184.2,12,75,32.9,0,0,0
2026-09-12 23:05:00,180.2,9,67,37.9,0,0,0
2026-09-12 23:10:00,179.2,11,73,36.9,0,0,0
2026-09-12 23:15:00,177.2,5,72,38.3,0,0,0
2026-09-12 23:20:00,171.7,16,70,36.8,0,0,0
2026-09-12 23:25:00,172.9,5,69,37.0,0,0,0
2026-09-12 23:30:00,173.2,7,75,38.0,0,0,0
2026-09-12 23:35:00,173.7,6,71,37.8,0,0,0
2026-09-12 23:40:00,171.7,11,74,36.6,0,0,0
2026-09-12 23:45:00,167.7,9,70,35.7,0,0,0
2026-09-12 23:50:00,167.7,2,67,35.6,0,0,0
2026-09-12 23:55:00,167.7,15,71,34.2,0,0,0
2026-09-13 00:00:00,169.4,9,70,36.9,0,0,0
2026-09-13 00:05:00,167.5,11,70,32.9,0,0,0
2026-09-13 00:10:00,166.3,6,75,36.5,0,0,0
2026-09-13 00:15:00,165.7,8,68,37.4,0,0,0
2026-09-13 00:20:00,169.9,5,74,39.0,0,0,0
2026-09-13 00:25:00,170.7,7,73,35.9,0,0,0
2026-09-13 00:30:00,170.8,14,72,34.8,0,0,0
2026-09-13 00:35:00,172.5,14,67,34.5,0,0,0
2026-09-13 00:40:00,173.0,4,69,39.2,0,0,0
2026-09-13 00:45:00,175.5,8,74,38.8,0,0,0
2026-09-13 00:50:00,175.3,5,65,34.3,0,0,0
2026-09-13 00:55:00,170.2,5,74,37.1,0,0,0
2026-09-13 01:00:00,168.5,6,74,37.4,0,0,0
2026-09-13 01:05:00,169.4,0,65,59.2,1,0,0
2026-09-13 01:10:00,169.8,0,64,59.9,1,0,0
2026-09-13 01:15:00,166.7,0,65,58.5,1,0,0
2026-09-13 01:20:00,166.6,0,65,58.1,1,0,0
2026-09-13 01:25:00,170.4,2,64,61.8,1,0,0
2026-09-13 01:30:00,167.3,0,61,56.3,1,0,0
2026-09-13 01:35:00,166.9,0,61,58.5,1,0,0
2026-09-13 01:40:00,164.8,0,62,59.1,1,0,0
2026-09-13 01:45:00,166.8,0,62,60.1,1,0,0
2026-09-13 01:50:00,166.0,1,61,56.8,1,0,0
2026-09-13 01:55:00,165.0,0,62,59.7,1,0,0
2026-09-13 02:00:00,164.0,1,65,60.7,1,0,0
2026-09-13 02:05:00,162.8,0,64,57.4,1,0,0
2026-09-13 02:10:00,160.1,0,61,58.2,1,0,0
2026-09-13 02:15:00,160.9,1,65,57.7,1,0,0
2026-09-13 02:20:00,159.9,0,60,58.3,1,0,0
2026-09-13 02:25:00,157.5,1,62,58.2,1,0,0
2026-09-13 02:30:00,158.1,0,64,59.5,1,0,0
2026-09-13 02:35:00,159.6,2,64,58.4,1,0,0
2026-09-13 02:40:00,157.2,1,64,58.4,1,0,0
2026-09-13 02:45:00,157.8,1,65,58.5,1,0,0
2026-09-13 02:50:00,158.7,0,61,62.5,1,0,0
2026-09-13 02:55:00,159.5,0,60,58.4,1,0,0
2026-09-13 03:00:00,157.7,1,64,61.3,1,0,0
2026-09-13 03:05:00,157.1,0,64,59.7,1,0,0
2026-09-13 03:10:00,159.8,0,62,59.1,1,0,0
2026-09-13 03:15:00,158.7,0,60,58.3,1,0,0
2026-09-13 03:20:00,154.1,0,61,56.8,1,0,0
2026-09-13 03:25:00,155.3,1,61,59.1,1,0,0
2026-09-13 03:30:00,153.3,0,67,56.5,1,0,0
2026-09-13 03:35:00,153.6,0,64,61.4,1,0,0
2026-09-13 03:40:00,156.8,0,63,58.0,1,0,0
2026-09-13 03:45:00,157.1,0,61,60.5,1,0,0
2026-09-13 03:50:00,157.9,0,61,58.1,1,0,0
2026-09-13 03:55:00,160.2,1,67,62.1,1,0,0
2026-09-13 04:00:00,162.6,0,64,60.1,1,0,0
2026-09-13 04:05:00,166.3,0,63,59.3,1,0,0
2026-09-13 04:10:00,165.2,0,59,60.4,1,0,0
2026-09-13 04:15:00,165.8,0,64,57.8,1,0,0
2026-09-13 04:20:00,165.8,1,62,61.1,1,0,0
2026-09-13 04:25:00,170.9,1,64,58.1,1,0,0
2026-09-13 04:30:00,174.5,1,61,61.1,1,0,0
2026-09-13 04:35:00,170.4,1,64,56.5,1,0,0
2026-09-13 04:40:00,171.9,0,66,60.4,1,0,0
2026-09-13 04:45:00,169.5,1,64,57.9,1,0,0
2026-09-13 04:50:00,170.1,0,64,59.5,1,0,0
2026-09-13 04:55:00,169.9,0,65,61.0,1,0,0
2026-09-13 05:00:00,168.6,0,63,59.4,1,0,0
2026-09-13 05:05:00,167.3,0,65,56.6,1,0,0
2026-09-13 05:10:00,166.7,0,66,59.5,1,0,0
2026-09-13 05:15:00,166.8,1,65,59.6,1,0,0
2026-09-13 05:20:00,168.3,2,64,62.5,1,0,0
2026-09-13 05:25:00,167.0,0,62,57.6,1,0,0
2026-09-13 05:30:00,166.9,0,64,61.9,1,0,0
2026-09-13 05:35:00,166.6,2,65,58.8,1,0,0
2026-09-13 05:40:00,166.0,0,61,56.4,1,0,0
2026-09-13 05:45:00,165.6,0,63,53.2,1,0,0
2026-09-13 05:50:00,162.8,0,62,57.7,1,0,0
2026-09-13 05:55:00,167.5,0,64,57.0,1,0,0
2026-09-13 06:00:00,169.8,0,63,58.6,1,0,0
2026-09-13 06:05:00,173.5,0,67,59.0,1,0,0
2026-09-13 06:10:00,175.8,2,61,59.5,1,0,0
2026-09-13 06:15:00,175.4,1,66,56.8,1,0,0
2026-09-13 06:20:00,173.0,2,65,61.9,1,0,0
2026-09-13 06:25:00,172.9,0,62,57.7,1,0,0
2026-09-13 06:30:00,173.2,0,59,58.2,1,0,0
2026-09-13 06:35:00,173.9,1,66,58.7,1,0,0
2026-09-13 06:40:00,173.0,1,64,56.5,1,0,0
2026-09-13 06:45:00,174.6,0,62,58.0,1,0,0
2026-09-13 06:50:00,174.4,0,64,56.7,1,0,0
2026-09-13 06:55:00,170.2,0,66,58.2,1,0,0
2026-09-13 07:00:00,167.7,0,66,60.5,1,0,0
2026-09-13 07:05:00,168.1,3,73,39.1,0,0,0
2026-09-13 07:10:00,165.5,0,72,37.1,0,0,0
2026-09-13 07:15:00,164.0,6,71,39.9,0,0,0
2026-09-13 07:20:00,163.5,10,69,34.0,0,0,0
2026-09-13 07:25:00,162.9,3,73,37.9,0,0,0
2026-09-13 07:30:00,163.0,11,69,32.5,0,0,0
2026-09-13 07:35:00,161.5,17,74,33.3,0,0,0
2026-09-13 07:40:00,159.8,7,73,35.0,0,0,0
2026-09-13 07:45:00,161.7,15,78,40.0,0,0,0
2026-09-13 07:50:00,159.3,4,73,32.9,0,0,0
2026-09-13 07:55:00,162.7,11,70,38.1,0,0,0
2026-09-13 08:00:00,164.4,5,70,33.1,0,0,0
2026-09-13 08:05:00,165.0,9,73,38.1,0,0,0
2026-09-13 08:10:00,165.5,7,72,37.7,0,0,0
2026-09-13 08:15:00,164.8,9,70,37.8,0,0,0
2026-09-13 08:20:00,166.7,11,75,37.0,0,0,0
2026-09-13 08:25:00,167.6,3,72,33.7,0,0,0
2026-09-13 08:30:00,167.3,3,73,37.2,0,0,0
2026-09-13 08:35:00,166.7,3,71,34.9,0,0,0
2026-09-13 08:40:00,167.3,7,71,38.7,0,0,0
2026-09-13 08:45:00,166.9,10,67,38.3,0,0,0
2026-09-13 08:50:00,166.8,14,73,41.3,0,0,0
2026-09-13 08:55:00,165.9,12,74,36.2,0,0,0
2026-09-13 09:00:00,162.8,5,72,33.2,0,0,0
2026-09-13 09:05:00,161.8,15,71,35.9,0,0,0
2026-09-13 09:10:00,162.3,9,73,38.6,0,0,0
2026-09-13 09:15:00,159.3,6,68,37.4,0,0,0
2026-09-13 09:20:00,159.6,11,71,35.9,0,0,0
2026-09-13 09:25:00,160.0,6,69,34.3,0,0,0
2026-09-13 09:30:00,160.6,15,69,37.0,0,0,0
2026-09-13 09:35:00,156.7,10,69,33.5,0,0,0
2026-09-13 09:40:00,156.2,12,71,36.4,0,0,0
2026-09-13 09:45:00,156.2,3,73,37.2,0,0,0
2026-09-13 09:50:00,155.4,2,70,35.9,0,0,0
2026-09-13 09:55:00,158.0,7,71,36.0,0,0,0
2026-09-13 10:00:00,158.3,7,71,34.4,0,0,0
2026-09-13 10:05:00,157.0,11,72,35.3,0,0,0
2026-09-13 10:10:00,153.2,4,71,37.1,0,0,0
2026-09-13 10:15:00,158.2,7,72,37.1,0,0,0
2026-09-13 10:20:00,157.2,5,72,39.6,0,0,0
2026-09-13 10:25:00,157.1,10,72,41.2,0,0,0
2026-09-13 10:30:00,158.8,4,70,39.3,0,0,0
2026-09-13 10:35:00,158.6,18,71,41.5,0,0,0
2026-09-13 10:40:00,157.5,23,69,35.5,0,0,0
2026-09-13 10:45:00,158.5,7,71,37.1,0,0,0
2026-09-13 10:50:00,158.3,7,72,34.3,0,0,0
2026-09-13 10:55:00,159.7,10,74,36.9,0,0,0
2026-09-13 11:00:00,157.1,11,72,34.0,0,0,0
2026-09-13 11:05:00,159.8,10,68,37.3,0,0,0
2026-09-13 11:10:00,159.9,13,74,40.4,0,0,0
2026-09-13 11:15:00,157.7,10,72,38.0,0,0,0
2026-09-13 11:20:00,156.3,10,71,36.9,0,0,0
2026-09-13 11:25:00,160.4,5,70,40.2,0,0,0
2026-09-13 11:30:00,160.9,13,71,39.0,0,0,0
2026-09-13 11:35:00,159.9,7,70,37.7,0,0,0
2026-09-13 11:40:00,154.6,5,77,36.2,0,0,0
2026-09-13 11:45:00,155.1,3,70,32.7,0,0,0
2026-09-13 11:50:00,157.7,8,74,33.7,0,0,0
2026-09-13 11:55:00,156.1,17,72,37.1,0,0,0
2026-09-13 12:00:00,151.2,4,73,35.7,0,0,0
2026-09-13 12:05:00,152.7,17,73,37.7,0,0,0
2026-09-13 12:10:00,154.4,3,66,37.2,0,0,0
2026-09-13 12:15:00,156.7,9,71,37.2,0,0,0
2026-09-13 12:20:00,157.9,10,71,33.8,0,0,0
2026-09-13 12:25:00,159.9,4,71,37.7,0,0,0
2026-09-13 12:30:00,161.5,2,72,37.3,0,0,0
2026-09-13 12:35:00,161.4,7,73,35.8,0,0,0
2026-09-13 12:40:00,161.9,7,72,34.6,0,0,0
2026-09-13 12:45:00,165.4,16,72,33.3,0,63,68
2026-09-13 12:50:00,174.8,11,73,39.4,0,0,0
2026-09-13 12:55:00,173.7,2,76,34.1,0,0,0
2026-09-13 13:00:00,177.5,483,104,36.6,0,0,0
2026-09-13 13:05:00,179.8,491,103,34.3,0,0,0
2026-09-13 13:10:00,181.8,7,79,36.5,0,0,0
2026-09-13 13:15:00,182.0,2,71,35.8,0,0,0
2026-09-13 13:20:00,184.4,9,73,35.8,0,0,0
2026-09-13 13:25:00,186.2,10,71,35.5,0,0,0
2026-09-13 13:30:00,184.7,4,71,33.8,0,0,0
2026-09-13 13:35:00,187.7,9,65,36.2,0,0,0
2026-09-13 13:40:00,188.1,8,68,37.0,0,0,0
2026-09-13 13:45:00,186.0,4,69,36.1,0,0,0
2026-09-13 13:50:00,181.4,5,69,35.7,0,0,0
2026-09-13 13:55:00,176.0,9,71,34.9,0,0,0
2026-09-13 14:00:00,175.7,4,72,35.2,0,0,0
2026-09-13 14:05:00,176.2,10,73,35.6,0,0,0
2026-09-13 14:10:00,173.9,40,72,37.7,0,0,0
2026-09-13 14:15:00,172.7,31,75,35.0,0,0,0
2026-09-13 14:20:00,173.4,10,72,35.1,0,0,0
2026-09-13 14:25:00,171.4,11,71,39.5,0,0,0
2026-09-13 14:30:00,168.9,5,72,38.0,0,0,0
2026-09-13 14:35:00,168.8,5,71,37.9,0,0,0
2026-09-13 14:40:00,165.6,7,70,35.1,0,0,0
2026-09-13 14:45:00,167.7,9,68,35.6,0,0,0
2026-09-13 14:50:00,169.4,6,72,34.6,0,0,0
2026-09-13 14:55:00,164.7,8,71,35.7,0,0,0
2026-09-13 15:00:00,166.7,18,67,37.2,0,0,0
2026-09-13 15:05:00,165.8,13,74,36.0,0,0,0
2026-09-13 15:10:00,166.3,8,70,38.2,0,0,0
2026-09-13 15:15:00,167.4,4,73,36.5,0,0,0
2026-09-13 15:20:00,164.8,14,72,39.0,0,0,0
2026-09-13 15:25:00,164.3,12,73,37.2,0,0,0
2026-09-13 15:30:00,162.7,5,70,39.8,0,0,0
2026-09-13 15:35:00,166.4,12,73,32.0,0,0,0
2026-09-13 15:40:00,165.0,4,73,38.1,0,0,0
2026-09-13 15:45:00,162.2,9,70,38.3,0,0,0
2026-09-13 15:50:00,165.9,6,72,35.0,0,0,0
2026-09-13 15:55:00,165.0,11,70,37.6,0,0,0
2026-09-13 16:00:00,164.1,491,100,34.6,0,0,0
2026-09-13 16:05:00,164.1,496,101,36.7,0,0,0
2026-09-13 16:10:00,160.6,500,102,35.0,0,0,0
2026-09-13 16:15:00,160.7,492,101,34.1,0,0,0
2026-09-13 16:20:00,165.6,9,73,35.4,0,0,0
2026-09-13 16:25:00,163.6,10,72,38.5,0,0,0
2026-09-13 16:30:00,160.1,8,70,34.1,0,0,0
2026-09-13 16:35:00,158.3,7,69,37.0,0,0,0
2026-09-13 16:40:00,157.6,19,72,34.6,0,0,0
2026-09-13 16:45:00,160.6,9,73,33.8,0,0,0
2026-09-13 16:50:00,161.8,5,69,37.3,0,0,0
2026-09-13 16:55:00,157.4,6,67,35.4,0,0,0
2026-09-13 17:00:00,156.8,2,73,34.6,0,0,0
2026-09-13 17:05:00,156.2,9,70,38.0,0,0,0
2026-09-13 17:10:00,156.2,4,72,35.8,0,0,0
2026-09-13 17:15:00,159.3,12,73,34.9,0,0,0
2026-09-13 17:20:00,160.1,9,71,38.3,0,0,0
2026-09-13 17:25:00,157.1,12,71,35.9,0,0,0
2026-09-13 17:30:00,159.9,5,71,35.3,0,0,0
2026-09-13 17:35:00,159.4,12,68,35.2,0,0,0
2026-09-13 17:40:00,160.7,5,75,38.0,0,0,0
2026-09-13 17:45:00,160.1,4,71,38.6,0,0,0
2026-09-13 17:50:00,161.3,4,70,34.5,0,0,0
2026-09-13 17:55:00,162.6,11,71,34.7,0,0,0
2026-09-13 18:00:00,162.3,18,71,32.1,0,0,0
2026-09-13 18:05:00,160.9,10,68,34.6,0,0,0
2026-09-13 18:10:00,156.8,4,72,38.5,0,0,0
2026-09-13 18:15:00,155.6,4,71,33.6,0,0,0
2026-09-13 18:20:00,155.8,8,70,36.5,0,0,0
2026-09-13 18:25:00,156.1,3,70,39.3,0,0,0
2026-09-13 18:30:00,159.9,11,68,39.8,0,0,0
2026-09-13 18:35:00,160.9,14,72,38.2,0,0,0
2026-09-13 18:40:00,160.0,8,70,37.3,0,0,0
2026-09-13 18:45:00,157.4,8,75,32.2,0,0,0
2026-09-13 18:50:00,157.1,9,75,34.9,0,0,0
2026-09-13 18:55:00,159.0,6,71,34.6,0,0,0
2026-09-13 19:00:00,160.0,15,73,36.0,0,0,0
2026-09-13 19:05:00,161.3,2,72,37.1,0,0,0
2026-09-13 19:10:00,161.5,18,71,38.4,0,0,0
2026-09-13 19:15:00,160.4,7,71,37.6,0,0,0
2026-09-13 19:20:00,158.0,14,71,32.5,0,0,0
2026-09-13 19:25:00,158.7,5,72,35.8,0,0,0
2026-09-13 19:30:00,158.5,2,72,40.4,0,0,0
2026-09-13 19:35:00,160.4,12,74,35.4,0,0,0
2026-09-13 19:40:00,161.3,8,73,38.8,0,0,0
2026-09-13 19:45:00,160.4,13,70,35.7,0,0,0
2026-09-13 19:50:00,157.5,6,72,34.7,0,0,0
2026-09-13 19:55:00,154.0,17,71,38.0,0,0,0
2026-09-13 20:00:00,152.8,14,70,34.4,0,0,0
2026-09-13 20:05:00,151.9,7,74,37.4,0,0,0
2026-09-13 20:10:00,152.0,8,75,36.2,0,0,0
2026-09-13 20:15:00,153.9,7,75,34.9,0,0,0
2026-09-13 20:20:00,151.4,6,71,38.7,0,0,0
2026-09-13 20:25:00,154.4,14,73,33.0,0,0,0
2026-09-13 20:30:00,159.2,6,74,35.2,0,0,0
2026-09-13 20:35:00,160.4,8,74,37.5,0,0,0
2026-09-13 20:40:00,160.6,11,71,36.7,0,0,0
2026-09-13 20:45:00,159.4,9,73,37.6,0,83,75
2026-09-13 20:50:00,170.4,15,73,39.1,0,0,0
2026-09-13 20:55:00,178.8,0,75,36.8,0,0,0
2026-09-13 21:00:00,184.4,11,77,35.7,0,0,0
2026-09-13 21:05:00,185.7,4,69,36.5,0,0,0
2026-09-13 21:10:00,187.9,7,73,37.5,0,0,0
2026-09-13 21:15:00,189.2,3,71,35.7,0,0,0
2026-09-13 21:20:00,193.6,2,73,36.7,0,0,0
2026-09-13 21:25:00,193.8,10,70,34.5,0,0,0
2026-09-13 21:30:00,193.7,12,72,41.0,0,0,0
2026-09-13 21:35:00,193.2,15,73,37.6,0,0,0
2026-09-13 21:40:00,195.3,4,68,37.2,0,0,0
2026-09-13 21:45:00,194.2,5,72,34.9,0,0,0
2026-09-13 21:50:00,194.1,5,69,37.9,0,0,0
2026-09-13 21:55:00,190.9,9,72,33.1,0,0,0
2026-09-13 22:00:00,189.7,5,75,35.4,0,0,0
2026-09-13 22:05:00,188.3,6,69,37.1,0,0,0
2026-09-13 22:10:00,187.4,15,68,36.8,0,0,0
2026-09-13 22:15:00,180.9,5,72,37.6,0,0,0
2026-09-13 22:20:00,180.4,9,66,35.6,0,0,0
2026-09-13 22:25:00,180.6,8,75,35.7,0,0,0
2026-09-13 22:30:00,180.9,12,70,36.7,0,0,0
2026-09-13 22:35:00,178.3,5,70,40.2,0,0,0
2026-09-13 22:40:00,174.1,9,71,37.9,0,0,0
2026-09-13 22:45:00,172.9,6,71,33.2,0,0,0
2026-09-13 22:50:00,171.8,9,72,36.1,0,0,0
2026-09-13 22:55:00,171.2,4,67,33.8,0,0,0
2026-09-13 23:00:00,170.6,10,75,36.3,0,0,0
2026-09-13 23:05:00,171.4,21,74,35.2,0,0,0
2026-09-13 23:10:00,169.8,14,71,40.3,0,0,0
2026-09-13 23:15:00,170.3,0,72,36.4,0,0,0
2026-09-13 23:20:00,174.6,2,75,34.7,0,0,0
2026-09-13 23:25:00,172.1,5,71,37.0,0,0,0
2026-09-13 23:30:00,172.2,12,72,32.9,0,0,0
2026-09-13 23:35:00,169.9,8,68,40.7,0,0,0
2026-09-13 23:40:00,168.5,1,66,64.0,1,0,0
2026-09-13 23:45:00,168.7,1,62,59.8,1,0,0
2026-09-13 23:50:00,167.8,1,65,60.4,1,0,0
2026-09-13 23:55:00,167.6,1,60,58.3,1,0,0
2026-09-14 00:00:00,168.9,0,62,57.3,1,0,0
2026-09-14 00:05:00,168.8,0,63,54.7,1,0,0
2026-09-14 00:10:00,164.3,1,64,57.6,1,0,0
2026-09-14 00:15:00,167.0,1,64,53.9,1,0,0
2026-09-14 00:20:00,167.8,1,63,55.3,1,0,0
2026-09-14 00:25:00,167.6,0,64,57.8,1,0,0
2026-09-14 00:30:00,169.2,0,63,58.7,1,0,0
2026-09-14 00:35:00,166.1,0,63,53.9,1,0,0
2026-09-14 00:40:00,163.7,0,64,57.5,1,0,0
2026-09-14 00:45:00,163.5,0,64,54.2,1,0,0
2026-09-14 00:50:00,167.5,0,59,60.4,1,0,0
2026-09-14 00:55:00,165.8,0,65,56.5,1,0,0
2026-09-14 01:00:00,162.2,0,63,58.5,1,0,0
2026-09-14 01:05:00,158.8,1,65,60.7,1,0,0
2026-09-14 01:10:00,161.4,0,61,58.3,1,0,0
2026-09-14 01:15:00,162.3,1,64,56.2,1,0,0
2026-09-14 01:20:00,162.7,0,63,58.3,1,0,0
2026-09-14 01:25:00,162.1,0,64,55.6,1,0,0
2026-09-14 01:30:00,163.1,0,60,56.2,1,0,0
2026-09-14 01:35:00,164.3,0,65,56.4,1,0,0
2026-09-14 01:40:00,163.8,1,62,57.5,1,0,0
2026-09-14 01:45:00,167.4,0,64,59.8,1,0,0
2026-09-14 01:50:00,167.3,1,62,54.1,1,0,0
2026-09-14 01:55:00,166.2,0,61,55.1,1,0,0
2026-09-14 02:00:00,164.5,0,60,55.0,1,0,0
2026-09-14 02:05:00,163.1,0,66,57.4,1,0,0
2026-09-14 02:10:00,165.0,0,62,57.7,1,0,0
2026-09-14 02:15:00,167.1,0,62,53.8,1,0,0
2026-09-14 02:20:00,163.8,0,61,59.5,1,0,0
2026-09-14 02:25:00,164.9,0,65,58.1,1,0,0
2026-09-14 02:30:00,165.1,1,61,58.7,1,0,0
2026-09-14 02:35:00,167.1,1,59,59.2,1,0,0
2026-09-14 02:40:00,168.7,0,63,58.1,1,0,0
2026-09-14 02:45:00,167.0,0,63,60.2,1,0,0
2026-09-14 02:50:00,169.8,0,66,54.8,1,0,0
2026-09-14 02:55:00,167.2,0,64,54.6,1,0,0
2026-09-14 03:00:00,167.7,0,64,56.8,1,0,0
2026-09-14 03:05:00,171.7,0,60,53.8,1,0,0
2026-09-14 03:10:00,173.0,0,61,54.8,1,0,0
2026-09-14 03:15:00,174.7,0,66,57.9,1,0,0
2026-09-14 03:20:00,173.3,0,64,56.9,1,0,0
2026-09-14 03:25:00,171.1,1,64,57.1,1,0,0
2026-09-14 03:30:00,171.9,0,60,58.0,1,0,0
2026-09-14 03:35:00,169.0,0,61,54.1,1,0,0
2026-09-14 03:40:00,167.5,1,62,59.0,1,0,0
2026-09-14 03:45:00,171.2,1,62,55.5,1,0,0
2026-09-14 03:50:00,166.8,0,60,58.2,1,0,0
2026-09-14 03:55:00,166.3,0,61,55.9,1,0,0
2026-09-14 04:00:00,167.5,0,61,57.0,1,0,0
2026-09-14 04:05:00,164.3,0,65,58.7,1,0,0
2026-09-14 04:10:00,166.9,0,61,57.3,1,0,0
2026-09-14 04:15:00,166.5,0,66,56.7,1,0,0
2026-09-14 04:20:00,165.8,0,62,52.5,1,0,0
2026-09-14 04:25:00,170.6,1,60,59.9,1,0,0
2026-09-14 04:30:00,169.6,0,61,58.0,1,0,0
2026-09-14 04:35:00,171.1,1,58,58.4,1,0,0
2026-09-14 04:40:00,172.4,0,61,57.9,1,0,0
2026-09-14 04:45:00,170.9,1,63,58.7,1,0,0
2026-09-14 04:50:00,170.8,0,59,60.4,1,0,0
2026-09-14 04:55:00,166.4,1,63,56.4,1,0,0
2026-09-14 05:00:00,168.1,1,64,53.3,1,0,0
2026-09-14 05:05:00,169.0,0,65,56.2,1,0,0
2026-09-14 05:10:00,169.1,0,62,58.8,1,0,0
2026-09-14 05:15:00,173.0,0,61,60.4,1,0,0
2026-09-14 05:20:00,172.7,0,63,56.1,1,0,0
2026-09-14 05:25:00,176.1,0,66,59.0,1,0,0
2026-09-14 05:30:00,175.6,0,64,56.2,1,0,0
2026-09-14 05:35:00,176.3,0,67,56.1,1,0,0
2026-09-14 05:40:00,175.8,0,62,57.1,1,0,0
2026-09-14 05:45:00,174.9,0,62,59.3,1,0,0
2026-09-14 05:50:00,176.4,2,65,59.5,1,0,0
2026-09-14 05:55:00,174.5,0,63,58.3,1,0,0
2026-09-14 06:00:00,172.8,0,65,61.5,1,0,0
2026-09-14 06:05:00,171.1,0,63,56.4,1,0,0
2026-09-14 06:10:00,171.7,0,59,57.1,1,0,0
2026-09-14 06:15:00,171.6,0,63,55.9,1,0,0
2026-09-14 06:20:00,170.1,0,67,53.2,1,0,0
2026-09-14 06:25:00,170.8,2,64,53.2,1,0,0
2026-09-14 06:30:00,170.9,1,70,36.7,0,0,0
2026-09-14 06:35:00,172.1,8,70,34.7,0,0,0
2026-09-14 06:40:00,170.0,8,72,35.3,0,0,0
2026-09-14 06:45:00,169.5,7,69,34.6,0,0,0
2026-09-14 06:50:00,166.8,17,74,33.6,0,0,0
2026-09-14 06:55:00,162.4,10,75,31.3,0,0,0
2026-09-14 07:00:00,161.8,13,70,35.2,0,0,0
2026-09-14 07:05:00,160.1,9,73,34.4,0,0,0
2026-09-14 07:10:00,161.7,5,70,36.1,0,0,0
2026-09-14 07:15:00,160.4,14,70,36.3,0,0,0
2026-09-14 07:20:00,159.4,7,70,37.9,0,0,0
2026-09-14 07:25:00,159.6,10,74,34.8,0,0,0
2026-09-14 07:30:00,157.4,4,74,31.9,0,0,0
2026-09-14 07:35:00,158.8,9,71,33.1,0,0,0
2026-09-14 07:40:00,164.5,7,77,32.7,0,0,0
2026-09-14 07:45:00,164.0,13,70,36.2,0,38,50
2026-09-14 07:50:00,168.4,6,72,30.4,0,0,0
2026-09-14 07:55:00,174.4,4,74,34.7,0,0,0
2026-09-14 08:00:00,180.2,2,68,35.7,0,0,0
2026-09-14 08:05:00,184.3,7,77,28.7,0,0,0
2026-09-14 08:10:00,183.5,13,75,35.3,0,0,0
2026-09-14 08:15:00,180.6,21,71,32.7,0,0,0
2026-09-14 08:20:00,179.0,6,75,31.2,0,0,0
2026-09-14 08:25:00,178.1,22,72,36.5,0,0,0
2026-09-14 08:30:00,175.5,10,72,37.8,0,0,0
2026-09-14 08:35:00,173.7,7,69,35.3,0,0,0
2026-09-14 08:40:00,176.5,18,70,36.5,0,0,0
2026-09-14 08:45:00,176.4,18,74,34.9,0,0,0
2026-09-14 08:50:00,178.2,9,77,36.6,0,0,0
2026-09-14 08:55:00,175.8,15,74,38.7,0,0,0
2026-09-14 09:00:00,177.3,3,71,31.8,0,0,0
2026-09-14 09:05:00,178.9,18,68,38.9,0,0,0
2026-09-14 09:10:00,175.7,9,74,36.8,0,0,0
2026-09-14 09:15:00,179.4,12,70,33.4,0,0,0
2026-09-14 09:20:00,174.5,10,70,34.9,0,0,0
2026-09-14 09:25:00,175.2,5,72,37.7,0,0,0
2026-09-14 09:30:00,177.4,1,71,36.5,0,0,0
2026-09-14 09:35:00,175.4,14,73,30.9,0,0,0
2026-09-14 09:40:00,172.2,16,71,36.6,0,0,0
2026-09-14 09:45:00,174.3,7,73,35.2,0,0,0
2026-09-14 09:50:00,171.8,5,74,33.9,0,0,0
2026-09-14 09:55:00,167.5,5,72,33.2,0,0,0
2026-09-14 10:00:00,167.5,10,70,37.4,0,0,0
2026-09-14 10:05:00,163.9,3,69,36.8,0,0,0
2026-09-14 10:10:00,166.7,5,71,34.2,0,0,0
2026-09-14 10:15:00,171.9,6,72,35.6,0,0,0
2026-09-14 10:20:00,172.6,7,73,34.9,0,0,0
2026-09-14 10:25:00,169.4,9,68,34.5,0,0,0
2026-09-14 10:30:00,167.7,6,70,38.3,0,0,0
2026-09-14 10:35:00,167.1,16,71,32.6,0,0,0
2026-09-14 10:40:00,167.1,7,71,35.0,0,0,0
2026-09-14 10:45:00,167.0,5,70,34.9,0,0,0
2026-09-14 10:50:00,165.6,22,75,33.8,0,0,0
2026-09-14 10:55:00,165.0,11,70,34.6,0,0,0
2026-09-14 11:00:00,162.8,2,75,35.6,0,0,0
2026-09-14 11:05:00,158.3,1,70,34.0,0,0,0
2026-09-14 11:10:00,155.7,16,72,38.5,0,0,0
2026-09-14 11:15:00,158.8,4,75,34.0,0,0,0
2026-09-14 11:20:00,159.8,6,72,35.3,0,0,0
2026-09-14 11:25:00,158.1,16,73,35.7,0,0,0
2026-09-14 11:30:00,160.0,12,74,33.8,0,0,0
2026-09-14 11:35:00,158.8,15,72,35.4,0,0,0
2026-09-14 11:40:00,157.1,10,75,35.8,0,0,0
2026-09-14 11:45:00,155.7,7,71,35.6,0,0,0
2026-09-14 11:50:00,154.0,3,71,36.5,0,0,0
2026-09-14 11:55:00,157.4,10,69,33.9,0,0,0
2026-09-14 12:00:00,154.0,3,71,34.2,0,0,0
2026-09-14 12:05:00,158.0,9,70,32.9,0,0,0
2026-09-14 12:10:00,161.1,15,70,31.7,0,0,0
2026-09-14 12:15:00,156.4,14,70,34.4,0,0,0
2026-09-14 12:20:00,156.6,11,69,34.0,0,0,0
2026-09-14 12:25:00,158.8,4,70,32.1,0,0,0
2026-09-14 12:30:00,163.3,598,110,36.4,0,0,0
2026-09-14 12:35:00,160.7,605,108,31.6,0,0,0
2026-09-14 12:40:00,160.7,597,108,33.0,0,0,0
2026-09-14 12:45:00,159.7,605,108,39.8,0,0,0
2026-09-14 12:50:00,159.9,13,69,37.0,0,0,0
2026-09-14 12:55:00,160.2,7,67,37.1,0,0,0
2026-09-14 13:00:00,158.8,14,74,33.9,0,0,0
2026-09-14 13:05:00,161.4,8,75,37.7,0,0,0
2026-09-14 13:10:00,161.9,7,72,33.6,0,0,0
2026-09-14 13:15:00,159.1,5,74,35.5,0,61,68
2026-09-14 13:20:00,168.5,15,77,36.3,0,0,0
2026-09-14 13:25:00,175.5,5,76,38.6,0,0,0
2026-09-14 13:30:00,174.9,490,102,35.2,0,0,0
2026-09-14 13:35:00,177.9,493,104,34.3,0,0,0
2026-09-14 13:40:00,182.6,8,73,36.4,0,0,0
2026-09-14 13:45:00,184.4,5,72,33.5,0,0,0
2026-09-14 13:50:00,182.9,19,71,35.4,0,0,0
2026-09-14 13:55:00,182.5,18,70,33.9,0,0,0
2026-09-14 14:00:00,180.6,6,71,34.3,0,0,0
2026-09-14 14:05:00,178.0,4,73,37.0,0,0,0
2026-09-14 14:10:00,182.9,9,73,36.8,0,0,0
2026-09-14 14:15:00,182.9,9,66,33.1,0,0,0
2026-09-14 14:20:00,183.9,4,70,37.2,0,0,0
2026-09-14 14:25:00,185.6,9,68,33.7,0,0,0
2026-09-14 14:30:00,184.7,11,69,38.0,0,0,0
2026-09-14 14:35:00,181.5,9,75,33.5,0,0,0
2026-09-14 14:40:00,181.7,14,68,35.8,0,0,0
2026-09-14 14:45:00,181.8,8,73,36.4,0,0,0
2026-09-14 14:50:00,175.5,2,72,33.4,0,0,0
2026-09-14 14:55:00,172.3,6,73,33.3,0,0,0
2026-09-14 15:00:00,174.6,11,71,37.6,0,0,0
2026-09-14 15:05:00,176.1,8,70,37.9,0,0,0
2026-09-14 15:10:00,176.1,7,72,34.2,0,0,0
2026-09-14 15:15:00,178.1,6,70,35.5,0,0,0
2026-09-14 15:20:00,177.3,2,68,32.8,0,0,0
2026-09-14 15:25:00,174.5,11,70,36.9,0,0,0
2026-09-14 15:30:00,174.8,6,70,31.3,0,0,0
2026-09-14 15:35:00,177.8,14,69,35.9,0,0,0
2026-09-14 15:40:00,174.6,22,71,33.8,0,0,0
2026-09-14 15:45:00,172.8,16,73,34.3,0,0,0
2026-09-14 15:50:00,173.2,8,74,32.8,0,0,0
2026-09-14 15:55:00,173.2,8,71,33.3,0,0,0
2026-09-14 16:00:00,173.0,7,72,33.7,0,0,0
2026-09-14 16:05:00,170.8,11,72,36.6,0,0,0
2026-09-14 16:10:00,168.7,5,73,37.6,0,0,0
2026-09-14 16:15:00,164.9,6,72,36.5,0,0,0
2026-09-14 16:20:00,163.1,10,71,36.7,0,0,0
2026-09-14 16:25:00,162.4,13,73,33.5,0,0,0
2026-09-14 16:30:00,161.6,12,75,34.5,0,0,0
2026-09-14 16:35:00,163.3,4,71,37.3,0,0,0
2026-09-14 16:40:00,164.8,2,71,35.9,0,0,0
2026-09-14 16:45:00,165.9,11,77,33.3,0,0,0
2026-09-14 16:50:00,166.5,14,72,34.9,0,0,0
2026-09-14 16:55:00,168.0,7,71,36.4,0,0,0
2026-09-14 17:00:00,168.7,4,74,35.3,0,0,0
2026-09-14 17:05:00,165.9,11,70,33.6,0,0,0
2026-09-14 17:10:00,168.4,5,71,31.5,0,0,0
2026-09-14 17:15:00,167.9,15,75,34.9,0,0,0
2026-09-14 17:20:00,169.0,18,70,32.2,0,0,0
2026-09-14 17:25:00,169.8,4,70,35.5,0,0,0
2026-09-14 17:30:00,168.4,5,71,35.3,0,0,0
2026-09-14 17:35:00,166.2,8,74,35.8,0,20,50
2026-09-14 17:40:00,165.6,9,76,33.4,0,0,0
2026-09-14 17:45:00,162.4,12,74,33.0,0,0,0
2026-09-14 17:50:00,165.8,9,74,38.4,0,0,0
2026-09-14 17:55:00,166.8,8,76,35.8,0,0,0
2026-09-14 18:00:00,173.0,8,75,35.4,0,0,0
2026-09-14 18:05:00,172.9,8,73,36.9,0,0,0
2026-09-14 18:10:00,175.6,12,71,34.9,0,0,0
2026-09-14 18:15:00,171.8,13,71,32.7,0,0,0
2026-09-14 18:20:00,176.7,3,68,39.0,0,0,0
2026-09-14 18:25:00,177.3,8,70,34.0,0,0,0
2026-09-14 18:30:00,178.1,12,69,36.7,0,0,0
2026-09-14 18:35:00,180.8,6,72,36.4,0,0,0
2026-09-14 18:40:00,181.4,12,74,34.4,0,0,0
2026-09-14 18:45:00,180.0,11,72,33.4,0,0,0
2026-09-14 18:50:00,178.4,22,72,34.5,0,0,0
2026-09-14 18:55:00,177.6,22,71,37.1,0,0,0
2026-09-14 19:00:00,176.6,5,72,29.9,0,0,0
2026-09-14 19:05:00,174.8,9,70,35.4,0,0,0
2026-09-14 19:10:00,176.7,21,74,35.6,0,0,0
2026-09-14 19:15:00,173.8,13,73,36.8,0,0,0
2026-09-14 19:20:00,173.4,5,71,35.3,0,0,0
2026-09-14 19:25:00,168.4,6,69,37.4,0,0,0
2026-09-14 19:30:00,165.8,12,70,35.9,0,0,0
2026-09-14 19:35:00,165.0,5,73,37.6,0,0,0
2026-09-14 19:40:00,166.1,8,69,34.4,0,0,0
2026-09-14 19:45:00,168.8,3,70,35.0,0,0,0
2026-09-14 19:50:00,164.5,12,72,36.5,0,0,0
2026-09-14 19:55:00,162.7,19,71,36.6,0,0,0
2026-09-14 20:00:00,162.1,9,71,35.9,0,0,0
2026-09-14 20:05:00,160.0,15,75,34.2,0,0,0
2026-09-14 20:10:00,160.8,1,76,33.6,0,83,75
2026-09-14 20:15:00,172.7,7,77,32.4,0,0,0
2026-09-14 20:20:00,185.2,11,70,34.9,0,0,0
2026-09-14 20:25:00,195.2,12,74,37.0,0,0,0
2026-09-14 20:30:00,202.3,8,76,34.5,0,0,0
2026-09-14 20:35:00,206.0,12,74,34.3,0,0,0
2026-09-14 20:40:00,209.1,13,75,34.3,0,0,0
2026-09-14 20:45:00,210.5,10,72,34.6,0,0,0
2026-09-14 20:50:00,214.0,5,71,35.6,0,0,0
2026-09-14 20:55:00,213.1,4,76,34.0,0,0,0
2026-09-14 21:00:00,212.5,4,75,38.6,0,0,0
2026-09-14 21:05:00,212.6,1,75,35.3,0,0,0
2026-09-14 21:10:00,211.3,11,75,33.5,0,0,0
2026-09-14 21:15:00,207.9,11,69,32.9,0,0,0
2026-09-14 21:20:00,206.1,17,70,37.7,0,0,0
2026-09-14 21:25:00,204.7,11,75,36.2,0,0,0
2026-09-14 21:30:00,199.6,3,69,32.5,0,0,0
2026-09-14 21:35:00,192.2,3,71,38.3,0,0,0
2026-09-14 21:40:00,190.2,11,73,31.7,0,0,0
2026-09-14 21:45:00,188.1,6,71,35.3,0,0,0
2026-09-14 21:50:00,190.4,7,71,35.0,0,0,0
2026-09-14 21:55:00,187.5,1,74,37.0,0,0,0
2026-09-14 22:00:00,185.3,11,72,37.0,0,0,0
2026-09-14 22:05:00,185.6,6,70,34.6,0,0,0
2026-09-14 22:10:00,185.3,5,68,36.8,0,0,0
2026-09-14 22:15:00,182.0,3,68,31.2,0,0,0
2026-09-14 22:20:00,179.3,17,72,37.6,0,0,0
2026-09-14 22:25:00,180.0,11,69,35.3,0,0,0
2026-09-14 22:30:00,179.2,4,70,32.3,0,0,0
2026-09-14 22:35:00,181.9,4,74,32.8,0,0,0
2026-09-14 22:40:00,181.4,5,73,34.2,0,0,0
2026-09-14 22:45:00,178.9,8,72,31.4,0,0,0
2026-09-14 22:50:00,178.1,6,73,36.9,0,0,0
2026-09-14 22:55:00,177.4,6,71,36.0,0,0,0
2026-09-14 23:00:00,176.2,9,74,35.1,0,0,0
2026-09-14 23:05:00,177.7,11,73,33.3,0,0,0
2026-09-14 23:10:00,176.1,9,75,37.2,0,0,0
2026-09-14 23:15:00,175.9,8,70,38.7,0,0,0
2026-09-14 23:20:00,176.2,9,72,37.2,0,0,0
2026-09-14 23:25:00,175.2,9,70,37.4,0,0,0
2026-09-14 23:30:00,175.5,14,73,33.2,0,0,0
2026-09-14 23:35:00,175.6,6,72,30.8,0,0,0
2026-09-14 23:40:00,171.9,11,72,36.5,0,0,0
2026-09-14 23:45:00,172.2,9,71,38.5,0,0,0
2026-09-14 23:50:00,171.1,6,74,33.3,0,0,0
2026-09-14 23:55:00,169.4,11,71,33.6,0,0,0
