timestamp,glucose_mgdl,steps,heart_rate,hrv_ms,sleeping,carbs_g,meal_gi
2026-09-01 00:00:00,115.0,0,58,65.7,1,0,0
2026-09-01 00:05:00,114.4,0,59,66.3,1,0,0
2026-09-01 00:10:00,112.9,0,60,65.4,1,0,0
2026-09-01 00:15:00,110.3,1,62,63.4,1,0,0
2026-09-01 00:20:00,109.7,1,60,65.3,1,0,0
2026-09-01 00:25:00,111.9,0,60,66.3,1,0,0
2026-09-01 00:30:00,114.9,2,62,64.6,1,0,0
2026-09-01 00:35:00,114.6,2,58,64.7,1,0,0
2026-09-01 00:40:00,116.4,0,59,63.3,1,0,0
2026-09-01 00:45:00,114.3,2,59,62.9,1,0,0
2026-09-01 00:50:00,113.2,0,60,68.0,1,0,0
2026-09-01 00:55:00,109.4,1,62,59.7,1,0,0
2026-09-01 01:00:00,105.5,0,57,66.5,1,0,0
2026-09-01 01:05:00,108.0,0,56,62.8,1,0,0
2026-09-01 01:10:00,110.6,1,57,65.7,1,0,0
2026-09-01 01:15:00,112.2,1,57,68.7,1,0,0
2026-09-01 01:20:00,111.5,0,56,67.6,1,0,0
2026-09-01 01:25:00,109.6,0,57,63.4,1,0,0
2026-09-01 01:30:00,112.2,0,60,65.5,1,0,0
2026-09-01 01:35:00,113.3,0,61,67.4,1,0,0
2026-09-01 01:40:00,107.4,0,60,68.1,1,0,0
2026-09-01 01:45:00,109.5,1,58,65.8,1,0,0
2026-09-01 01:50:00,108.7,0,56,65.7,1,0,0
2026-09-01 01:55:00,109.4,0,60,65.0,1,0,0
2026-09-01 02:00:00,108.5,0,57,69.9,1,0,0
2026-09-01 02:05:00,109.9,1,59,64.6,1,0,0
2026-09-01 02:10:00,111.3,0,59,65.1,1,0,0
2026-09-01 02:15:00,112.5,1,60,64.4,1,0,0
2026-09-01 02:20:00,115.3,1,58,64.5,1,0,0
2026-09-01 02:25:00,113.2,0,57,66.1,1,0,0
2026-09-01 02:30:00,112.5,0,62,69.0,1,0,0
2026-09-01 02:35:00,113.0,0,60,67.8,1,0,0
2026-09-01 02:40:00,113.8,0,60,63.9,1,0,0
2026-09-01 02:45:00,114.7,1,60,65.0,1,0,0
2026-09-01 02:50:00,116.1,0,60,67.1,1,0,0
2026-09-01 02:55:00,116.5,1,58,67.0,1,0,0
2026-09-01 03:00:00,117.6,1,62,65.8,1,0,0
2026-09-01 03:05:00,115.3,0,60,62.6,1,0,0
2026-09-01 03:10:00,117.6,0,61,62.8,1,0,0
2026-09-01 03:15:00,117.8,0,58,69.6,1,0,0
2026-09-01 03:20:00,120.9,0,58,62.3,1,0,0
2026-09-01 03:25:00,122.4,0,58,62.5,1,0,0
2026-09-01 03:30:00,123.5,0,59,64.0,1,0,0
2026-09-01 03:35:00,124.7,0,60,65.8,1,0,0
2026-09-01 03:40:00,125.2,1,56,64.7,1,0,0
2026-09-01 03:45:00,124.2,2,60,62.4,1,0,0
2026-09-01 03:50:00,121.9,1,59,67.2,1,0,0
2026-09-01 03:55:00,122.6,0,58,67.8,1,0,0
2026-09-01 04:00:00,119.0,0,57,64.8,1,0,0
2026-09-01 04:05:00,121.7,0,60,64.8,1,0,0
2026-09-01 04:10:00,119.7,1,61,63.4,1,0,0
2026-09-01 04:15:00,117.1,0,60,65.4,1,0,0
2026-09-01 04:20:00,118.4,0,60,66.0,1,0,0
2026-09-01 04:25:00,120.2,0,60,69.8,1,0,0
2026-09-01 04:30:00,120.1,0,59,63.3,1,0,0
2026-09-01 04:35:00,124.8,0,56,63.3,1,0,0
2026-09-01 04:40:00,126.0,0,60,67.8,1,0,0
2026-09-01 04:45:00,126.1,2,57,66.5,1,0,0
2026-09-01 04:50:00,124.8,1,59,61.2,1,0,0
2026-09-01 04:55:00,125.2,1,59,62.8,1,0,0
2026-09-01 05:00:00,125.3,1,60,66.6,1,0,0
2026-09-01 05:05:00,123.5,1,62,63.9,1,0,0
2026-09-01 05:10:00,121.3,0,58,65.4,1,0,0
2026-09-01 05:15:00,122.8,0,55,63.1,1,0,0
2026-09-01 05:20:00,126.1,0,61,67.4,1,0,0
2026-09-01 05:25:00,125.0,0,58,66.2,1,0,0
2026-09-01 05:30:00,121.4,2,57,67.8,1,0,0
2026-09-01 05:35:00,121.5,0,59,66.5,1,0,0
2026-09-01 05:40:00,119.6,1,60,64.7,1,0,0
2026-09-01 05:45:00,120.9,0,64,63.7,1,0,0
2026-09-01 05:50:00,118.1,0,58,64.4,1,0,0
2026-09-01 05:55:00,114.8,0,61,66.9,1,0,0
2026-09-01 06:00:00,116.5,0,60,66.8,1,0,0
2026-09-01 06:05:00,120.3,1,62,65.2,1,0,0
2026-09-01 06:10:00,121.3,0,58,65.0,1,0,0
2026-09-01 06:15:00,123.2,0,58,63.5,1,0,0
2026-09-01 06:20:00,123.2,1,56,65.2,1,0,0
2026-09-01 06:25:00,123.2,0,57,67.9,1,0,0
2026-09-01 06:30:00,121.0,0,60,69.4,1,0,0
2026-09-01 06:35:00,120.8,0,58,66.9,1,0,0
2026-09-01 06:40:00,123.0,0,62,69.9,1,0,0
2026-09-01 06:45:00,119.6,0,55,64.8,1,0,0
2026-09-01 06:50:00,118.1,0,56,65.3,1,0,0
2026-09-01 06:55:00,121.2,8,66,39.9,0,0,0
2026-09-01 07:00:00,120.0,9,69,42.2,0,0,0
2026-09-01 07:05:00,123.9,7,68,40.2,0,0,0
2026-09-01 07:10:00,122.2,9,68,41.1,0,0,0
2026-09-01 07:15:00,120.0,11,66,42.6,0,0,0
2026-09-01 07:20:00,119.4,4,68,43.7,0,0,0
2026-09-01 07:25:00,120.1,7,64,37.1,0,0,0
2026-09-01 07:30:00,120.3,5,66,36.2,0,0,0
2026-09-01 07:35:00,117.4,15,67,40.8,0,0,0
2026-09-01 07:40:00,114.9,12,69,40.7,0,0,0
2026-09-01 07:45:00,113.9,3,69,40.4,0,49,65
2026-09-01 07:50:00,121.1,5,71,40.9,0,0,0
2026-09-01 07:55:00,127.9,7,73,41.1,0,0,0
2026-09-01 08:00:00,131.5,9,72,40.2,0,0,0
2026-09-01 08:05:00,134.7,8,70,40.3,0,0,0
2026-09-01 08:10:00,137.5,11,67,38.9,0,0,0
2026-09-01 08:15:00,137.3,15,73,39.4,0,0,0
2026-09-01 08:20:00,136.7,7,67,39.8,0,0,0
2026-09-01 08:25:00,133.4,9,66,42.2,0,0,0
2026-09-01 08:30:00,130.9,13,65,39.6,0,0,0
2026-09-01 08:35:00,130.6,30,69,41.3,0,0,0
2026-09-01 08:40:00,129.7,5,66,40.8,0,0,0
2026-09-01 08:45:00,131.7,9,65,41.7,0,0,0
2026-09-01 08:50:00,128.3,9,67,38.3,0,0,0
2026-09-01 08:55:00,127.5,21,67,44.3,0,0,0
2026-09-01 09:00:00,128.3,6,66,41.9,0,0,0
2026-09-01 09:05:00,127.3,7,65,39.1,0,0,0
2026-09-01 09:10:00,123.2,4,67,41.6,0,0,0
2026-09-01 09:15:00,123.0,24,66,41.3,0,0,0
2026-09-01 09:20:00,125.2,8,66,39.2,0,0,0
2026-09-01 09:25:00,125.3,13,66,39.9,0,0,0
2026-09-01 09:30:00,121.4,11,65,40.6,0,0,0
2026-09-01 09:35:00,122.1,16,69,42.7,0,0,0
2026-09-01 09:40:00,120.0,19,68,40.4,0,0,0
2026-09-01 09:45:00,122.1,6,65,40.3,0,0,0
2026-09-01 09:50:00,120.9,11,67,42.2,0,0,0
2026-09-01 09:55:00,120.4,7,69,41.8,0,0,0
2026-09-01 10:00:00,121.0,6,66,37.3,0,0,0
2026-09-01 10:05:00,118.3,6,68,41.0,0,0,0
2026-09-01 10:10:00,117.0,12,68,36.4,0,0,0
2026-09-01 10:15:00,118.8,13,66,45.5,0,0,0
2026-09-01 10:20:00,118.1,8,68,42.1,0,0,0
2026-09-01 10:25:00,120.0,8,71,40.5,0,0,0
2026-09-01 10:30:00,120.0,19,67,38.4,0,0,0
2026-09-01 10:35:00,119.0,9,66,43.3,0,0,0
2026-09-01 10:40:00,120.9,8,70,44.2,0,0,0
2026-09-01 10:45:00,117.6,13,68,36.5,0,0,0
2026-09-01 10:50:00,118.2,12,70,39.2,0,0,0
2026-09-01 10:55:00,114.7,2,67,39.9,0,0,0
2026-09-01 11:00:00,112.0,13,67,39.8,0,0,0
2026-09-01 11:05:00,112.0,15,70,38.2,0,0,0
2026-09-01 11:10:00,115.1,6,64,41.4,0,0,0
2026-09-01 11:15:00,117.1,6,67,42.2,0,0,0
2026-09-01 11:20:00,120.8,14,67,37.6,0,0,0
2026-09-01 11:25:00,120.1,18,66,39.1,0,0,0
2026-09-01 11:30:00,119.4,5,70,37.2,0,0,0
2026-09-01 11:35:00,120.4,6,68,36.9,0,0,0
2026-09-01 11:40:00,118.0,8,68,39.2,0,0,0
2026-09-01 11:45:00,117.6,8,71,43.0,0,0,0
2026-09-01 11:50:00,117.5,14,69,38.3,0,0,0
2026-09-01 11:55:00,114.2,9,68,42.7,0,0,0
2026-09-01 12:00:00,113.2,5,68,38.0,0,0,0
2026-09-01 12:05:00,114.7,3,67,42.3,0,0,0
2026-09-01 12:10:00,114.6,13,70,41.7,0,0,0
2026-09-01 12:15:00,116.3,16,66,40.7,0,0,0
2026-09-01 12:20:00,119.0,21,69,41.6,0,0,0
2026-09-01 12:25:00,117.0,15,64,42.4,0,0,0
2026-09-01 12:30:00,116.4,18,67,43.8,0,0,0
2026-09-01 12:35:00,117.1,5,68,41.3,0,0,0
2026-09-01 12:40:00,118.1,5,67,37.3,0,0,0
2026-09-01 12:45:00,119.5,10,70,40.2,0,0,0
2026-09-01 12:50:00,116.4,8,65,39.2,0,0,0
2026-09-01 12:55:00,113.9,14,66,39.6,0,0,0
2026-09-01 13:00:00,111.5,10,68,43.1,0,0,0
2026-09-01 13:05:00,112.2,419,91,43.4,0,0,0
2026-09-01 13:10:00,113.6,414,91,42.9,0,0,0
2026-09-01 13:15:00,112.4,412,92,39.7,0,0,0
2026-09-01 13:20:00,115.1,411,92,42.0,0,0,0
2026-09-01 13:25:00,115.6,9,69,39.7,0,0,0
2026-09-01 13:30:00,115.9,5,64,38.8,0,0,0
2026-09-01 13:35:00,113.7,15,70,39.9,0,0,0
2026-09-01 13:40:00,110.3,11,68,39.4,0,0,0
2026-09-01 13:45:00,106.3,8,73,43.4,0,77,75
2026-09-01 13:50:00,114.5,6,75,41.9,0,0,0
2026-09-01 13:55:00,125.5,6,70,41.1,0,0,0
2026-09-01 14:00:00,133.7,386,94,36.5,0,0,0
2026-09-01 14:05:00,138.5,399,92,41.5,0,0,0
2026-09-01 14:10:00,140.0,10,69,36.2,0,0,0
2026-09-01 14:15:00,141.3,10,66,41.5,0,0,0
2026-09-01 14:20:00,143.0,5,65,42.4,0,0,0
2026-09-01 14:25:00,143.4,11,69,40.6,0,0,0
2026-09-01 14:30:00,145.1,13,68,39.4,0,0,0
2026-09-01 14:35:00,146.5,16,67,40.8,0,0,0
2026-09-01 14:40:00,148.0,10,68,39.1,0,0,0
2026-09-01 14:45:00,145.0,5,66,38.2,0,0,0
2026-09-01 14:50:00,144.9,5,68,41.8,0,0,0
2026-09-01 14:55:00,140.7,8,67,39.3,0,0,0
2026-09-01 15:00:00,143.2,15,67,40.4,0,0,0
2026-09-01 15:05:00,143.4,3,65,39.7,0,0,0
2026-09-01 15:10:00,142.9,0,64,38.3,0,0,0
2026-09-01 15:15:00,144.4,6,69,41.8,0,0,0
2026-09-01 15:20:00,145.7,3,66,41.3,0,0,0
2026-09-01 15:25:00,144.3,9,71,39.6,0,0,0
2026-09-01 15:30:00,139.5,7,71,39.0,0,0,0
2026-09-01 15:35:00,133.8,11,67,43.3,0,0,0
2026-09-01 15:40:00,135.2,7,68,40.8,0,0,0
2026-09-01 15:45:00,135.2,3,67,38.1,0,0,0
2026-09-01 15:50:00,132.1,4,66,41.7,0,0,0
2026-09-01 15:55:00,131.2,2,67,40.7,0,0,0
2026-09-01 16:00:00,130.1,15,69,43.1,0,0,0
2026-09-01 16:05:00,126.5,3,67,40.3,0,0,0
2026-09-01 16:10:00,121.8,11,67,42.9,0,0,0
2026-09-01 16:15:00,119.1,13,67,40.0,0,0,0
2026-09-01 16:20:00,117.6,8,69,39.7,0,0,0
2026-09-01 16:25:00,117.6,25,73,37.8,0,0,0
2026-09-01 16:30:00,120.2,11,70,38.3,0,0,0
2026-09-01 16:35:00,121.2,5,71,40.1,0,0,0
2026-09-01 16:40:00,122.0,8,65,38.2,0,0,0
2026-09-01 16:45:00,118.4,4,68,44.5,0,0,0
2026-09-01 16:50:00,120.0,4,64,43.1,0,0,0
2026-09-01 16:55:00,121.3,5,69,42.8,0,16,35
2026-09-01 17:00:00,121.8,6,71,41.7,0,0,0
2026-09-01 17:05:00,125.9,17,71,40.6,0,0,0
2026-09-01 17:10:00,126.1,2,70,39.6,0,0,0
2026-09-01 17:15:00,122.3,3,74,41.8,0,0,0
2026-09-01 17:20:00,123.9,3,69,41.2,0,0,0
2026-09-01 17:25:00,125.9,14,66,40.7,0,0,0
2026-09-01 17:30:00,128.2,7,68,37.9,0,0,0
2026-09-01 17:35:00,129.8,10,63,35.6,0,0,0
2026-09-01 17:40:00,130.7,9,71,40.9,0,0,0
2026-09-01 17:45:00,131.3,4,68,34.8,0,0,0
2026-09-01 17:50:00,129.4,11,68,43.3,0,0,0
2026-09-01 17:55:00,127.7,12,70,39.7,0,0,0
2026-09-01 18:00:00,127.6,8,67,43.1,0,0,0
2026-09-01 18:05:00,127.6,3,67,39.0,0,0,0
2026-09-01 18:10:00,127.0,8,69,37.4,0,0,0
2026-09-01 18:15:00,128.7,9,67,41.3,0,0,0
2026-09-01 18:20:00,126.9,9,70,40.7,0,0,0
2026-09-01 18:25:00,127.1,7,69,40.5,0,0,0
2026-09-01 18:30:00,127.3,12,69,38.2,0,0,0
2026-09-01 18:35:00,129.3,7,68,43.2,0,0,0
2026-09-01 18:40:00,123.6,3,67,41.1,0,0,0
2026-09-01 18:45:00,121.2,4,69,40.6,0,0,0
2026-09-01 18:50:00,119.9,12,66,39.6,0,0,0
2026-09-01 18:55:00,118.3,13,66,41.6,0,0,0
2026-09-01 19:00:00,119.7,11,65,43.9,0,0,0
2026-09-01 19:05:00,121.3,2,68,40.7,0,0,0
2026-09-01 19:10:00,123.0,10,67,40.3,0,0,0
2026-09-01 19:15:00,124.9,4,70,39.2,0,0,0
2026-09-01 19:20:00,120.7,3,64,41.3,0,0,0
2026-09-01 19:25:00,121.7,0,66,42.3,0,0,0
2026-09-01 19:30:00,122.2,7,70,40.4,0,0,0
2026-09-01 19:35:00,120.6,10,68,42.3,0,0,0
2026-09-01 19:40:00,118.7,7,67,37.9,0,0,0
2026-09-01 19:45:00,117.9,2,68,42.7,0,0,0
2026-09-01 19:50:00,116.7,15,68,39.6,0,0,0
2026-09-01 19:55:00,117.5,21,69,41.0,0,0,0
2026-09-01 20:00:00,116.0,8,65,41.4,0,0,0
2026-09-01 20:05:00,117.2,15,66,40.8,0,0,0
2026-09-01 20:10:00,114.5,6,64,42.2,0,0,0
2026-09-01 20:15:00,115.5,8,68,43.1,0,0,0
2026-09-01 20:20:00,115.2,10,68,41.5,0,0,0
2026-09-01 20:25:00,115.9,4,65,40.1,0,0,0
2026-09-01 20:30:00,115.2,4,63,43.9,0,0,0
2026-09-01 20:35:00,113.1,4,62,38.2,0,0,0
2026-09-01 20:40:00,112.8,7,68,42.4,0,0,0
2026-09-01 20:45:00,111.9,5,69,37.8,0,0,0
2026-09-01 20:50:00,111.4,14,69,40.0,0,0,0
2026-09-01 20:55:00,114.4,5,68,42.7,0,0,0
2026-09-01 21:00:00,111.3,6,68,45.6,0,0,0
2026-09-01 21:05:00,111.2,8,67,33.5,0,0,0
2026-09-01 21:10:00,111.7,11,68,42.0,0,0,0
2026-09-01 21:15:00,112.9,3,62,40.9,0,0,0
2026-09-01 21:20:00,114.7,5,70,38.5,0,47,50
2026-09-01 21:25:00,124.6,9,67,43.0,0,0,0
2026-09-01 21:30:00,130.7,6,71,39.2,0,0,0
2026-09-01 21:35:00,132.2,11,72,44.0,0,0,0
2026-09-01 21:40:00,133.3,2,73,39.1,0,0,0
2026-09-01 21:45:00,135.7,2,72,43.6,0,0,0
2026-09-01 21:50:00,136.4,6,66,44.3,0,0,0
2026-09-01 21:55:00,137.4,17,68,38.6,0,0,0
2026-09-01 22:00:00,139.6,8,67,40.6,0,0,0
2026-09-01 22:05:00,138.3,10,69,42.1,0,0,0
2026-09-01 22:10:00,139.7,10,67,40.2,0,0,0
2026-09-01 22:15:00,135.8,3,66,37.9,0,0,0
2026-09-01 22:20:00,136.3,9,69,40.4,0,0,0
2026-09-01 22:25:00,133.3,5,68,40.6,0,0,0
2026-09-01 22:30:00,132.3,4,69,44.0,0,0,0
2026-09-01 22:35:00,132.2,4,69,41.2,0,0,0
2026-09-01 22:40:00,130.1,2,67,38.5,0,0,0
2026-09-01 22:45:00,129.4,2,67,43.4,0,0,0
2026-09-01 22:50:00,130.9,16,67,41.6,0,0,0
2026-09-01 22:55:00,129.2,19,67,37.8,0,0,0
2026-09-01 23:00:00,130.3,7,66,37.2,0,0,0
2026-09-01 23:05:00,129.1,3,68,42.3,0,0,0
2026-09-01 23:10:00,126.9,0,60,66.3,1,0,0
2026-09-01 23:15:00,128.8,1,62,66.1,1,0,0
2026-09-01 23:20:00,124.4,1,59,68.3,1,0,0
2026-09-01 23:25:00,125.9,0,57,63.7,1,0,0
2026-09-01 23:30:00,123.6,0,61,65.2,1,0,0
2026-09-01 23:35:00,118.7,0,60,63.5,1,0,0
2026-09-01 23:40:00,121.4,0,57,69.4,1,0,0
2026-09-01 23:45:00,120.9,0,63,66.4,1,0,0
2026-09-01 23:50:00,118.7,0,62,62.2,1,0,0
2026-09-01 23:55:00,120.7,1,62,64.3,1,0,0
2026-09-02 00:00:00,120.1,0,60,66.4,1,0,0
2026-09-02 00:05:00,121.7,0,60,66.8,1,0,0
2026-09-02 00:10:00,119.4,0,60,67.9,1,0,0
2026-09-02 00:15:00,120.1,0,57,64.1,1,0,0
2026-09-02 00:20:00,118.1,1,61,67.3,1,0,0
2026-09-02 00:25:00,116.5,1,58,64.0,1,0,0
2026-09-02 00:30:00,118.8,0,60,64.6,1,0,0
2026-09-02 00:35:00,119.5,0,55,65.3,1,0,0
2026-09-02 00:40:00,119.4,0,59,65.7,1,0,0
2026-09-02 00:45:00,115.9,0,57,63.9,1,0,0
2026-09-02 00:50:00,113.5,1,59,65.8,1,0,0
2026-09-02 00:55:00,113.1,1,59,65.2,1,0,0
2026-09-02 01:00:00,112.6,2,60,69.4,1,0,0
2026-09-02 01:05:00,115.4,0,62,66.2,1,0,0
2026-09-02 01:10:00,117.9,0,56,63.3,1,0,0
2026-09-02 01:15:00,119.5,0,55,67.6,1,0,0
2026-09-02 01:20:00,123.0,0,59,65.3,1,0,0
2026-09-02 01:25:00,120.5,0,58,64.1,1,0,0
2026-09-02 01:30:00,119.1,0,63,60.7,1,0,0
2026-09-02 01:35:00,118.8,0,57,67.3,1,0,0
2026-09-02 01:40:00,120.0,0,58,67.5,1,0,0
2026-09-02 01:45:00,118.4,0,62,64.8,1,0,0
2026-09-02 01:50:00,115.8,1,61,65.3,1,0,0
2026-09-02 01:55:00,114.5,0,60,65.1,1,0,0
2026-09-02 02:00:00,109.6,0,58,63.1,1,0,0
2026-09-02 02:05:00,110.7,1,57,65.0,1,0,0
2026-09-02 02:10:00,111.8,2,59,68.4,1,0,0
2026-09-02 02:15:00,112.0,0,60,64.6,1,0,0
2026-09-02 02:20:00,114.3,1,59,66.5,1,0,0
2026-09-02 02:25:00,114.5,0,57,66.8,1,0,0
2026-09-02 02:30:00,114.7,0,59,67.9,1,0,0
2026-09-02 02:35:00,115.0,1,58,66.1,1,0,0
2026-09-02 02:40:00,116.8,0,65,62.3,1,0,0
2026-09-02 02:45:00,117.2,0,59,62.1,1,0,0
2026-09-02 02:50:00,118.1,1,60,65.7,1,0,0
2026-09-02 02:55:00,118.1,0,58,66.7,1,0,0
2026-09-02 03:00:00,117.8,1,60,65.8,1,0,0
2026-09-02 03:05:00,122.1,0,61,63.8,1,0,0
2026-09-02 03:10:00,124.2,0,61,69.6,1,0,0
2026-09-02 03:15:00,123.5,0,57,68.7,1,0,0
2026-09-02 03:20:00,124.3,0,60,63.6,1,0,0
2026-09-02 03:25:00,120.5,0,61,65.8,1,0,0
2026-09-02 03:30:00,120.8,0,57,65.1,1,0,0
2026-09-02 03:35:00,118.8,0,62,66.0,1,0,0
2026-09-02 03:40:00,119.1,0,57,66.8,1,0,0
2026-09-02 03:45:00,114.4,0,59,63.9,1,0,0
2026-09-02 03:50:00,114.9,0,59,66.5,1,0,0
2026-09-02 03:55:00,114.9,0,62,66.1,1,0,0
2026-09-02 04:00:00,116.2,0,56,64.0,1,0,0
2026-09-02 04:05:00,115.5,0,60,62.1,1,0,0
2026-09-02 04:10:00,120.1,1,58,65.1,1,0,0
2026-09-02 04:15:00,118.7,0,58,64.5,1,0,0
2026-09-02 04:20:00,119.6,0,63,65.7,1,0,0
2026-09-02 04:25:00,122.1,0,61,69.1,1,0,0
2026-09-02 04:30:00,123.4,0,58,65.8,1,0,0
2026-09-02 04:35:00,120.8,0,59,66.2,1,0,0
2026-09-02 04:40:00,123.6,1,58,63.8,1,0,0
2026-09-02 04:45:00,125.9,0,59,64.4,1,0,0
2026-09-02 04:50:00,126.8,0,60,65.7,1,0,0
2026-09-02 04:55:00,126.5,1,62,66.5,1,0,0
2026-09-02 05:00:00,125.6,0,59,68.2,1,0,0
2026-09-02 05:05:00,126.2,1,55,63.8,1,0,0
2026-09-02 05:10:00,129.5,0,58,67.5,1,0,0
2026-09-02 05:15:00,129.5,0,59,66.7,1,0,0
2026-09-02 05:20:00,131.6,0,59,67.3,1,0,0
2026-09-02 05:25:00,131.1,0,59,65.4,1,0,0
2026-09-02 05:30:00,132.0,0,59,62.3,1,0,0
2026-09-02 05:35:00,127.5,0,61,64.7,1,0,0
2026-09-02 05:40:00,128.1,1,60,64.6,1,0,0
2026-09-02 05:45:00,128.2,0,61,66.7,1,0,0
2026-09-02 05:50:00,128.8,1,59,66.6,1,0,0
2026-09-02 05:55:00,126.8,0,60,64.3,1,0,0
2026-09-02 06:00:00,125.0,1,60,67.0,1,0,0
2026-09-02 06:05:00,128.0,1,62,64.2,1,0,0
2026-09-02 06:10:00,129.3,0,60,66.9,1,0,0
2026-09-02 06:15:00,125.9,0,60,67.5,1,0,0
2026-09-02 06:20:00,125.3,1,59,68.7,1,0,0
2026-09-02 06:25:00,125.6,1,55,68.9,1,0,0
2026-09-02 06:30:00,124.9,0,56,62.9,1,0,0
2026-09-02 06:35:00,126.7,0,57,65.5,1,0,0
2026-09-02 06:40:00,129.4,0,59,66.8,1,0,0
2026-09-02 06:45:00,126.8,0,62,68.5,1,0,0
2026-09-02 06:50:00,125.7,8,67,39.5,0,0,0
2026-09-02 06:55:00,124.4,5,70,38.9,0,0,0
2026-09-02 07:00:00,126.1,8,67,39.5,0,0,0
2026-09-02 07:05:00,124.0,20,70,38.6,0,0,0
2026-09-02 07:10:00,120.0,9,66,42.3,0,0,0
2026-09-02 07:15:00,118.8,4,70,39.9,0,0,0
2026-09-02 07:20:00,118.2,6,64,43.4,0,0,0
2026-09-02 07:25:00,119.1,7,69,40.9,0,0,0
2026-09-02 07:30:00,120.8,12,66,40.8,0,0,0
2026-09-02 07:35:00,123.2,9,68,38.4,0,0,0
2026-09-02 07:40:00,122.1,8,65,40.4,0,0,0
2026-09-02 07:45:00,120.1,7,71,39.1,0,68,70
2026-09-02 07:50:00,131.9,15,73,44.2,0,0,0
2026-09-02 07:55:00,136.6,9,71,41.4,0,0,0
2026-09-02 08:00:00,141.4,4,71,41.0,0,0,0
2026-09-02 08:05:00,146.2,8,71,40.6,0,0,0
2026-09-02 08:10:00,149.7,4,67,41.5,0,0,0
2026-09-02 08:15:00,150.7,6,68,38.2,0,0,0
2026-09-02 08:20:00,154.0,6,64,36.5,0,0,0
2026-09-02 08:25:00,152.9,12,67,39.9,0,0,0
2026-09-02 08:30:00,154.5,16,66,40.7,0,0,0
2026-09-02 08:35:00,154.8,11,68,40.1,0,0,0
2026-09-02 08:40:00,151.7,8,72,40.5,0,0,0
2026-09-02 08:45:00,150.1,5,67,38.1,0,0,0
2026-09-02 08:50:00,149.2,9,70,40.4,0,0,0
2026-09-02 08:55:00,146.7,7,67,43.0,0,0,0
2026-09-02 09:00:00,145.8,8,65,38.9,0,0,0
2026-09-02 09:05:00,145.2,2,66,39.1,0,0,0
2026-09-02 09:10:00,144.2,5,69,42.4,0,0,0
2026-09-02 09:15:00,141.5,6,65,37.9,0,0,0
2026-09-02 09:20:00,139.6,7,62,39.4,0,0,0
2026-09-02 09:25:00,136.2,13,69,36.2,0,0,0
2026-09-02 09:30:00,135.7,20,70,39.2,0,0,0
2026-09-02 09:35:00,130.8,5,70,39.9,0,0,0
2026-09-02 09:40:00,128.1,6,68,38.8,0,0,0
2026-09-02 09:45:00,129.2,7,67,41.1,0,0,0
2026-09-02 09:50:00,129.1,2,66,38.5,0,0,0
2026-09-02 09:55:00,128.3,12,70,43.9,0,0,0
2026-09-02 10:00:00,128.2,8,66,37.4,0,0,0
2026-09-02 10:05:00,131.3,7,69,41.0,0,0,0
2026-09-02 10:10:00,129.4,9,70,38.2,0,0,0
2026-09-02 10:15:00,125.7,13,72,41.7,0,0,0
2026-09-02 10:20:00,124.5,4,65,40.0,0,0,0
2026-09-02 10:25:00,123.2,9,70,43.4,0,0,0
2026-09-02 10:30:00,123.0,5,69,39.5,0,0,0
2026-09-02 10:35:00,121.9,4,67,37.3,0,0,0
2026-09-02 10:40:00,121.6,4,66,34.7,0,0,0
2026-09-02 10:45:00,119.1,8,68,42.2,0,0,0
2026-09-02 10:50:00,118.4,14,72,39.2,0,0,0
2026-09-02 10:55:00,115.1,12,67,43.7,0,0,0
2026-09-02 11:00:00,112.2,3,63,43.0,0,0,0
2026-09-02 11:05:00,116.1,6,65,41.5,0,0,0
2026-09-02 11:10:00,114.5,7,68,36.9,0,0,0
2026-09-02 11:15:00,114.5,9,69,40.8,0,0,0
2026-09-02 11:20:00,111.1,9,68,43.6,0,0,0
2026-09-02 11:25:00,112.6,13,66,39.8,0,0,0
2026-09-02 11:30:00,110.9,11,71,41.3,0,0,0
2026-09-02 11:35:00,114.1,1,67,43.2,0,0,0
2026-09-02 11:40:00,115.2,10,66,40.5,0,0,0
2026-09-02 11:45:00,111.7,13,65,39.5,0,0,0
2026-09-02 11:50:00,113.6,8,68,44.0,0,0,0
2026-09-02 11:55:00,113.9,19,70,43.1,0,0,0
2026-09-02 12:00:00,110.3,14,67,41.8,0,0,0
2026-09-02 12:05:00,110.5,6,69,40.6,0,0,0
2026-09-02 12:10:00,113.9,7,64,43.1,0,0,0
2026-09-02 12:15:00,116.4,10,71,40.9,0,0,0
2026-09-02 12:20:00,117.7,11,66,39.8,0,0,0
2026-09-02 12:25:00,116.5,18,68,38.8,0,0,0
2026-09-02 12:30:00,113.6,6,66,39.7,0,0,0
2026-09-02 12:35:00,116.9,10,67,44.1,0,0,0
2026-09-02 12:40:00,114.7,7,70,36.1,0,0,0
2026-09-02 12:45:00,113.0,11,69,36.7,0,0,0
2026-09-02 12:50:00,110.7,7,64,40.7,0,0,0
2026-09-02 12:55:00,114.4,3,67,42.5,0,0,0
2026-09-02 13:00:00,118.2,8,69,38.5,0,60,55
2026-09-02 13:05:00,123.2,1,70,39.4,0,0,0
2026-09-02 13:10:00,129.7,16,71,39.2,0,0,0
2026-09-02 13:15:00,135.6,8,69,37.3,0,0,0
2026-09-02 13:20:00,138.5,7,71,36.7,0,0,0
2026-09-02 13:25:00,141.7,8,70,40.8,0,0,0
2026-09-02 13:30:00,142.8,9,68,38.6,0,0,0
2026-09-02 13:35:00,143.5,6,67,39.6,0,0,0
2026-09-02 13:40:00,146.1,6,67,40.6,0,0,0
2026-09-02 13:45:00,144.7,3,71,38.9,0,0,0
2026-09-02 13:50:00,144.6,7,68,42.5,0,0,0
2026-09-02 13:55:00,143.7,15,70,42.6,0,0,0
2026-09-02 14:00:00,142.0,4,69,41.1,0,0,0
2026-09-02 14:05:00,141.1,17,70,42.3,0,0,0
2026-09-02 14:10:00,140.9,10,70,38.6,0,0,0
2026-09-02 14:15:00,140.3,12,67,38.8,0,0,0
2026-09-02 14:20:00,141.8,10,67,37.6,0,0,0
2026-09-02 14:25:00,140.3,10,67,38.3,0,0,0
2026-09-02 14:30:00,137.2,13,74,43.7,0,0,0
2026-09-02 14:35:00,137.3,8,67,43.0,0,0,0
2026-09-02 14:40:00,137.4,8,63,39.6,0,0,0
2026-09-02 14:45:00,137.3,12,68,40.4,0,0,0
2026-09-02 14:50:00,135.8,10,66,38.5,0,0,0
2026-09-02 14:55:00,133.5,358,91,42.4,0,0,0
2026-09-02 15:00:00,129.2,360,86,39.1,0,0,0
2026-09-02 15:05:00,125.5,350,90,41.6,0,0,0
2026-09-02 15:10:00,124.8,13,70,37.1,0,0,0
2026-09-02 15:15:00,124.3,17,68,39.9,0,0,0
2026-09-02 15:20:00,125.4,4,64,39.1,0,0,0
2026-09-02 15:25:00,123.6,16,67,39.5,0,0,0
2026-09-02 15:30:00,118.4,3,68,40.4,0,0,0
2026-09-02 15:35:00,116.2,16,70,36.8,0,0,0
2026-09-02 15:40:00,116.1,9,69,38.3,0,0,0
2026-09-02 15:45:00,114.8,3,66,37.2,0,0,0
2026-09-02 15:50:00,116.6,6,67,38.6,0,0,0
2026-09-02 15:55:00,119.5,7,67,42.7,0,0,0
2026-09-02 16:00:00,118.2,12,66,41.7,0,0,0
2026-09-02 16:05:00,113.0,4,68,42.1,0,0,0
2026-09-02 16:10:00,111.5,7,69,38.9,0,0,0
2026-09-02 16:15:00,113.1,7,65,38.6,0,0,0
2026-09-02 16:20:00,114.2,4,66,37.7,0,0,0
2026-09-02 16:25:00,115.8,8,65,41.6,0,0,0
2026-09-02 16:30:00,111.4,7,71,38.0,0,0,0
2026-09-02 16:35:00,113.8,18,68,39.4,0,0,0
2026-09-02 16:40:00,111.4,9,66,39.5,0,0,0
2026-09-02 16:45:00,111.4,2,65,37.8,0,0,0
2026-09-02 16:50:00,110.5,10,67,41.9,0,0,0
2026-09-02 16:55:00,112.4,13,69,41.1,0,0,0
2026-09-02 17:00:00,114.2,8,69,39.6,0,0,0
2026-09-02 17:05:00,113.1,14,65,43.7,0,0,0
2026-09-02 17:10:00,118.0,5,68,39.6,0,0,0
2026-09-02 17:15:00,120.6,7,69,38.5,0,0,0
2026-09-02 17:20:00,118.1,6,71,37.0,0,47,80
2026-09-02 17:25:00,126.8,11,70,38.8,0,0,0
2026-09-02 17:30:00,135.0,7,71,42.0,0,0,0
2026-09-02 17:35:00,139.9,8,68,42.3,0,0,0
2026-09-02 17:40:00,141.8,10,73,36.8,0,0,0
2026-09-02 17:45:00,145.2,15,71,40.3,0,0,0
2026-09-02 17:50:00,146.7,8,67,39.5,0,0,0
2026-09-02 17:55:00,145.3,13,68,38.7,0,0,0
2026-09-02 18:00:00,145.3,9,67,40.3,0,0,0
2026-09-02 18:05:00,145.0,18,67,43.0,0,0,0
2026-09-02 18:10:00,142.3,4,69,42.2,0,0,0
2026-09-02 18:15:00,144.6,14,65,39.1,0,0,0
2026-09-02 18:20:00,145.0,8,68,40.8,0,0,0
2026-09-02 18:25:00,144.6,7,69,43.4,0,0,0
2026-09-02 18:30:00,144.1,8,67,39.8,0,0,0
2026-09-02 18:35:00,145.8,4,68,37.3,0,0,0
2026-09-02 18:40:00,143.5,7,69,40.1,0,0,0
2026-09-02 18:45:00,138.8,13,67,37.1,0,0,0
2026-09-02 18:50:00,139.4,8,70,38.2,0,0,0
2026-09-02 18:55:00,140.5,6,67,38.6,0,0,0
2026-09-02 19:00:00,140.5,19,67,37.1,0,0,0
2026-09-02 19:05:00,138.8,5,70,41.4,0,0,0
2026-09-02 19:10:00,137.1,5,65,37.3,0,0,0
2026-09-02 19:15:00,136.8,10,65,38.6,0,0,0
2026-09-02 19:20:00,133.0,6,66,42.3,0,0,0
2026-09-02 19:25:00,131.2,11,68,40.9,0,0,0
2026-09-02 19:30:00,131.0,5,65,39.4,0,0,0
2026-09-02 19:35:00,130.6,6,67,41.5,0,0,0
2026-09-02 19:40:00,128.9,8,67,42.4,0,0,0
2026-09-02 19:45:00,128.4,10,68,40.7,0,0,0
2026-09-02 19:50:00,126.7,10,73,42.9,0,0,0
2026-09-02 19:55:00,130.1,8,64,45.0,0,0,0
2026-09-02 20:00:00,126.0,10,62,41.2,0,0,0
2026-09-02 20:05:00,124.6,4,66,40.2,0,0,0
2026-09-02 20:10:00,125.8,10,70,41.4,0,0,0
2026-09-02 20:15:00,128.3,7,70,34.0,0,0,0
2026-09-02 20:20:00,125.4,3,68,41.2,0,0,0
2026-09-02 20:25:00,122.6,5,66,41.6,0,0,0
2026-09-02 20:30:00,122.5,7,67,40.5,0,0,0
2026-09-02 20:35:00,122.6,5,68,38.6,0,0,0
2026-09-02 20:40:00,123.0,5,69,42.8,0,0,0
2026-09-02 20:45:00,123.4,9,66,41.9,0,0,0
2026-09-02 20:50:00,124.3,10,67,37.2,0,0,0
2026-09-02 20:55:00,124.0,9,69,39.1,0,0,0
2026-09-02 21:00:00,125.1,8,69,37.9,0,0,0
2026-09-02 21:05:00,125.3,6,69,37.8,0,56,55
2026-09-02 21:10:00,133.6,14,75,41.3,0,0,0
2026-09-02 21:15:00,139.4,5,70,40.2,0,0,0
2026-09-02 21:20:00,141.6,9,70,38.0,0,0,0
2026-09-02 21:25:00,144.5,8,69,39.0,0,0,0
2026-09-02 21:30:00,146.8,6,71,41.8,0,0,0
2026-09-02 21:35:00,147.8,16,70,38.3,0,0,0
2026-09-02 21:40:00,146.0,8,68,41.0,0,0,0
2026-09-02 21:45:00,145.6,11,69,43.1,0,0,0
2026-09-02 21:50:00,144.8,6,67,37.0,0,0,0
2026-09-02 21:55:00,141.3,7,69,42.9,0,0,0
2026-09-02 22:00:00,139.1,6,67,34.5,0,0,0
2026-09-02 22:05:00,139.5,5,69,42.6,0,0,0
2026-09-02 22:10:00,138.3,19,66,39.7,0,0,0
2026-09-02 22:15:00,137.9,14,70,39.1,0,0,0
2026-09-02 22:20:00,134.4,1,58,64.4,1,0,0
2026-09-02 22:25:00,136.7,0,58,65.7,1,0,0
2026-09-02 22:30:00,133.3,0,55,66.1,1,0,0
2026-09-02 22:35:00,133.2,0,57,64.1,1,0,0
2026-09-02 22:40:00,129.7,0,57,63.4,1,0,0
2026-09-02 22:45:00,124.7,1,60,65.9,1,0,0
2026-09-02 22:50:00,125.9,0,63,66.8,1,0,0
2026-09-02 22:55:00,125.9,0,60,66.1,1,0,0
2026-09-02 23:00:00,124.0,0,62,66.0,1,0,0
2026-09-02 23:05:00,126.5,0,64,67.8,1,0,0
2026-09-02 23:10:00,121.6,0,57,66.0,1,0,0
2026-09-02 23:15:00,118.4,1,56,66.5,1,0,0
2026-09-02 23:20:00,116.7,1,58,65.3,1,0,0
2026-09-02 23:25:00,116.5,0,59,66.5,1,0,0
2026-09-02 23:30:00,119.2,0,57,65.6,1,0,0
2026-09-02 23:35:00,121.0,0,59,68.8,1,0,0
2026-09-02 23:40:00,119.8,1,62,66.9,1,0,0
2026-09-02 23:45:00,119.4,1,57,65.5,1,0,0
2026-09-02 23:50:00,121.8,0,61,62.8,1,0,0
2026-09-02 23:55:00,120.7,1,60,67.5,1,0,0
2026-09-03 00:00:00,121.3,0,60,66.9,1,0,0
2026-09-03 00:05:00,120.8,1,56,69.7,1,0,0
2026-09-03 00:10:00,116.0,0,60,67.6,1,0,0
2026-09-03 00:15:00,119.1,0,60,66.5,1,0,0
2026-09-03 00:20:00,118.6,0,63,63.5,1,0,0
2026-09-03 00:25:00,121.1,0,59,64.1,1,0,0
2026-09-03 00:30:00,118.8,2,54,63.5,1,0,0
2026-09-03 00:35:00,122.0,0,58,69.0,1,0,0
2026-09-03 00:40:00,121.1,0,62,67.8,1,0,0
2026-09-03 00:45:00,118.8,0,61,66.4,1,0,0
2026-09-03 00:50:00,118.6,0,58,64.8,1,0,0
2026-09-03 00:55:00,115.7,0,59,63.3,1,0,0
2026-09-03 01:00:00,114.9,2,57,66.0,1,0,0
2026-09-03 01:05:00,119.2,0,55,64.6,1,0,0
2026-09-03 01:10:00,118.4,0,60,65.3,1,0,0
2026-09-03 01:15:00,116.2,0,61,69.1,1,0,0
2026-09-03 01:20:00,115.5,0,61,63.3,1,0,0
2026-09-03 01:25:00,118.8,0,56,68.3,1,0,0
2026-09-03 01:30:00,117.9,0,59,64.5,1,0,0
2026-09-03 01:35:00,118.6,0,57,63.6,1,0,0
2026-09-03 01:40:00,119.6,0,59,68.1,1,0,0
2026-09-03 01:45:00,118.6,0,59,62.4,1,0,0
2026-09-03 01:50:00,121.3,0,57,67.2,1,0,0
2026-09-03 01:55:00,120.2,1,59,67.5,1,0,0
2026-09-03 02:00:00,118.4,0,57,66.0,1,0,0
2026-09-03 02:05:00,121.4,1,60,63.4,1,0,0
2026-09-03 02:10:00,123.0,0,57,63.0,1,0,0
2026-09-03 02:15:00,122.7,0,57,61.3,1,0,0
2026-09-03 02:20:00,120.6,0,57,67.4,1,0,0
2026-09-03 02:25:00,119.7,0,61,63.9,1,0,0
2026-09-03 02:30:00,124.4,0,60,67.7,1,0,0
2026-09-03 02:35:00,122.5,0,58,66.7,1,0,0
2026-09-03 02:40:00,122.6,1,60,69.1,1,0,0
2026-09-03 02:45:00,124.4,1,59,67.7,1,0,0
2026-09-03 02:50:00,124.9,0,60,66.2,1,0,0
2026-09-03 02:55:00,124.7,0,59,67.6,1,0,0
2026-09-03 03:00:00,125.0,0,62,63.0,1,0,0
2026-09-03 03:05:00,125.2,1,59,66.8,1,0,0
2026-09-03 03:10:00,125.0,0,57,64.4,1,0,0
2026-09-03 03:15:00,120.8,0,58,65.4,1,0,0
2026-09-03 03:20:00,121.3,0,58,62.8,1,0,0
2026-09-03 03:25:00,119.9,1,57,63.4,1,0,0
2026-09-03 03:30:00,118.6,0,62,65.4,1,0,0
2026-09-03 03:35:00,115.6,0,59,66.8,1,0,0
2026-09-03 03:40:00,114.9,1,57,66.2,1,0,0
2026-09-03 03:45:00,114.2,0,60,68.8,1,0,0
2026-09-03 03:50:00,115.0,0,59,67.6,1,0,0
2026-09-03 03:55:00,115.0,1,58,67.7,1,0,0
2026-09-03 04:00:00,112.2,0,61,64.3,1,0,0
2026-09-03 04:05:00,112.2,1,62,66.2,1,0,0
2026-09-03 04:10:00,112.6,1,65,60.3,1,0,0
2026-09-03 04:15:00,112.4,0,57,63.4,1,0,0
2026-09-03 04:20:00,110.6,1,61,64.0,1,0,0
2026-09-03 04:25:00,115.7,1,57,65.8,1,0,0
2026-09-03 04:30:00,114.8,1,57,65.7,1,0,0
2026-09-03 04:35:00,112.6,0,61,67.3,1,0,0
2026-09-03 04:40:00,113.8,0,61,66.4,1,0,0
2026-09-03 04:45:00,116.0,1,59,65.8,1,0,0
2026-09-03 04:50:00,120.7,0,59,62.5,1,0,0
2026-09-03 04:55:00,123.9,0,60,65.3,1,0,0
2026-09-03 05:00:00,124.3,0,62,64.9,1,0,0
2026-09-03 05:05:00,124.0,0,60,65.9,1,0,0
2026-09-03 05:10:00,125.9,0,60,65.9,1,0,0
2026-09-03 05:15:00,127.6,0,60,63.3,1,0,0
2026-09-03 05:20:00,128.0,1,58,62.1,1,0,0
2026-09-03 05:25:00,131.0,0,55,62.9,1,0,0
2026-09-03 05:30:00,135.5,0,58,67.1,1,0,0
2026-09-03 05:35:00,138.9,0,61,65.6,1,0,0
2026-09-03 05:40:00,133.1,0,57,67.3,1,0,0
2026-09-03 05:45:00,132.1,0,56,66.9,1,0,0
2026-09-03 05:50:00,130.4,0,61,69.2,1,0,0
2026-09-03 05:55:00,129.7,1,59,65.5,1,0,0
2026-09-03 06:00:00,129.3,0,58,65.4,1,0,0
2026-09-03 06:05:00,125.7,0,61,65.5,1,0,0
2026-09-03 06:10:00,125.4,0,62,67.6,1,0,0
2026-09-03 06:15:00,124.5,2,67,43.0,0,0,0
2026-09-03 06:20:00,125.2,9,69,38.1,0,0,0
2026-09-03 06:25:00,125.4,5,67,42.1,0,0,0
2026-09-03 06:30:00,125.1,12,68,43.1,0,0,0
2026-09-03 06:35:00,125.1,10,63,44.1,0,0,0
2026-09-03 06:40:00,123.8,5,67,38.6,0,0,0
2026-09-03 06:45:00,127.2,7,66,40.3,0,0,0
2026-09-03 06:50:00,125.3,9,66,41.2,0,0,0
2026-09-03 06:55:00,126.6,10,68,40.5,0,0,0
2026-09-03 07:00:00,128.6,11,65,38.2,0,0,0
2026-09-03 07:05:00,126.7,9,68,40.0,0,0,0
2026-09-03 07:10:00,124.4,5,66,37.8,0,0,0
2026-09-03 07:15:00,126.5,9,71,39.6,0,33,55
2026-09-03 07:20:00,130.7,13,68,41.3,0,0,0
2026-09-03 07:25:00,131.9,7,73,41.0,0,0,0
2026-09-03 07:30:00,132.5,8,67,40.7,0,0,0
2026-09-03 07:35:00,132.2,9,73,38.9,0,0,0
2026-09-03 07:40:00,139.8,9,69,41.9,0,0,0
2026-09-03 07:45:00,137.8,4,70,42.9,0,0,0
2026-09-03 07:50:00,138.3,8,66,40.5,0,0,0
2026-09-03 07:55:00,138.4,12,71,37.3,0,0,0
2026-09-03 08:00:00,137.1,8,68,43.7,0,0,0
2026-09-03 08:05:00,137.1,6,66,40.4,0,0,0
2026-09-03 08:10:00,136.2,11,68,38.4,0,0,0
2026-09-03 08:15:00,135.4,13,66,42.8,0,0,0
2026-09-03 08:20:00,135.2,5,67,41.8,0,0,0
2026-09-03 08:25:00,132.5,2,68,39.9,0,0,0
2026-09-03 08:30:00,130.4,8,69,40.3,0,0,0
2026-09-03 08:35:00,130.8,11,69,39.6,0,0,0
2026-09-03 08:40:00,128.5,17,70,41.6,0,0,0
2026-09-03 08:45:00,126.5,10,69,39.0,0,0,0
2026-09-03 08:50:00,125.1,10,68,38.9,0,0,0
2026-09-03 08:55:00,121.9,13,66,36.7,0,0,0
2026-09-03 09:00:00,123.8,5,69,43.6,0,0,0
2026-09-03 09:05:00,125.4,387,88,41.2,0,0,0
2026-09-03 09:10:00,123.4,387,87,41.7,0,0,0
2026-09-03 09:15:00,122.0,398,88,39.5,0,0,0
2026-09-03 09:20:00,120.4,5,67,41.7,0,0,0
2026-09-03 09:25:00,118.5,2,64,41.1,0,0,0
2026-09-03 09:30:00,117.8,12,69,37.0,0,0,0
2026-09-03 09:35:00,117.7,9,68,43.7,0,0,0
2026-09-03 09:40:00,120.5,4,69,36.7,0,0,0
2026-09-03 09:45:00,126.4,11,70,42.2,0,0,0
2026-09-03 09:50:00,123.9,6,62,44.2,0,0,0
2026-09-03 09:55:00,122.2,8,65,41.5,0,0,0
2026-09-03 10:00:00,120.5,5,68,42.0,0,0,0
2026-09-03 10:05:00,118.0,9,69,40.0,0,0,0
2026-09-03 10:10:00,120.3,12,66,40.7,0,0,0
2026-09-03 10:15:00,125.2,7,65,40.2,0,0,0
2026-09-03 10:20:00,122.2,3,65,42.3,0,0,0
2026-09-03 10:25:00,122.7,6,69,38.7,0,0,0
2026-09-03 10:30:00,124.3,7,68,41.3,0,0,0
2026-09-03 10:35:00,124.9,8,67,41.9,0,0,0
2026-09-03 10:40:00,125.5,4,68,38.4,0,0,0
2026-09-03 10:45:00,120.7,12,70,42.1,0,0,0
2026-09-03 10:50:00,119.2,16,70,42.3,0,0,0
2026-09-03 10:55:00,113.3,10,66,40.6,0,0,0
2026-09-03 11:00:00,111.7,6,72,42.9,0,0,0
2026-09-03 11:05:00,110.0,16,68,42.3,0,0,0
2026-09-03 11:10:00,110.0,8,69,42.0,0,0,0
2026-09-03 11:15:00,111.9,2,68,38.5,0,0,0
2026-09-03 11:20:00,114.1,9,69,39.8,0,0,0
2026-09-03 11:25:00,112.1,6,69,40.8,0,0,0
2026-09-03 11:30:00,112.6,3,68,36.7,0,0,0
2026-09-03 11:35:00,115.0,13,71,41.0,0,0,0
2026-09-03 11:40:00,117.0,18,69,41.0,0,0,0
2026-09-03 11:45:00,116.0,7,69,38.9,0,0,0
2026-09-03 11:50:00,108.8,5,71,39.9,0,0,0
2026-09-03 11:55:00,108.9,8,68,41.0,0,0,0
2026-09-03 12:00:00,108.1,10,69,37.8,0,0,0
2026-09-03 12:05:00,111.9,9,69,41.8,0,0,0
2026-09-03 12:10:00,114.0,1,67,43.5,0,0,0
2026-09-03 12:15:00,116.0,18,67,38.8,0,0,0
2026-09-03 12:20:00,116.5,8,69,37.9,0,0,0
2026-09-03 12:25:00,114.6,5,68,39.6,0,0,0
2026-09-03 12:30:00,115.2,5,65,42.3,0,0,0
2026-09-03 12:35:00,114.3,2,68,37.1,0,0,0
2026-09-03 12:40:00,111.7,8,65,38.3,0,0,0
2026-09-03 12:45:00,112.5,14,68,41.9,0,0,0
2026-09-03 12:50:00,113.9,4,72,40.8,0,0,0
2026-09-03 12:55:00,118.3,18,66,41.0,0,0,0
2026-09-03 13:00:00,118.5,8,66,40.9,0,0,0
2026-09-03 13:05:00,117.3,9,70,42.0,0,0,0
2026-09-03 13:10:00,118.5,15,68,34.9,0,0,0
2026-09-03 13:15:00,117.4,6,65,42.6,0,0,0
2026-09-03 13:20:00,117.0,9,67,39.5,0,0,0
2026-09-03 13:25:00,119.0,6,68,37.3,0,0,0
2026-09-03 13:30:00,121.1,13,66,36.0,0,0,0
2026-09-03 13:35:00,120.2,6,69,37.9,0,0,0
2026-09-03 13:40:00,116.7,3,70,37.3,0,79,68
2026-09-03 13:45:00,130.0,6,72,35.6,0,0,0
2026-09-03 13:50:00,134.7,6,71,38.3,0,0,0
2026-09-03 13:55:00,143.3,6,70,41.7,0,0,0
2026-09-03 14:00:00,150.5,8,72,40.4,0,0,0
2026-09-03 14:05:00,157.9,4,69,42.8,0,0,0
2026-09-03 14:10:00,159.1,11,67,39.2,0,0,0
2026-09-03 14:15:00,162.5,16,68,41.3,0,0,0
2026-09-03 14:20:00,161.4,5,65,41.9,0,0,0
2026-09-03 14:25:00,164.6,8,69,39.4,0,0,0
2026-09-03 14:30:00,165.4,12,66,40.4,0,0,0
2026-09-03 14:35:00,160.7,5,62,43.9,0,0,0
2026-09-03 14:40:00,157.7,7,68,37.0,0,0,0
2026-09-03 14:45:00,156.2,14,68,41.8,0,0,0
2026-09-03 14:50:00,153.2,8,66,39.1,0,0,0
2026-09-03 14:55:00,150.5,7,64,37.0,0,0,0
2026-09-03 15:00:00,146.8,23,67,42.1,0,0,0
2026-09-03 15:05:00,147.0,14,68,38.9,0,0,0
2026-09-03 15:10:00,145.5,16,68,41.4,0,0,0
2026-09-03 15:15:00,146.4,6,66,36.7,0,0,0
2026-09-03 15:20:00,143.3,7,65,43.9,0,0,0
2026-09-03 15:25:00,140.1,4,69,41.9,0,0,0
2026-09-03 15:30:00,138.4,17,65,35.5,0,0,0
2026-09-03 15:35:00,137.6,6,65,41.4,0,0,0
2026-09-03 15:40:00,135.1,10,68,38.0,0,0,0
2026-09-03 15:45:00,134.9,8,72,39.0,0,0,0
2026-09-03 15:50:00,133.5,5,66,41.0,0,0,0
2026-09-03 15:55:00,132.6,17,69,40.7,0,0,0
2026-09-03 16:00:00,129.5,13,68,41.3,0,0,0
2026-09-03 16:05:00,130.3,6,67,42.8,0,0,0
2026-09-03 16:10:00,129.4,14,69,41.1,0,0,0
2026-09-03 16:15:00,132.6,4,70,38.4,0,0,0
2026-09-03 16:20:00,130.6,9,66,39.1,0,0,0
2026-09-03 16:25:00,129.8,5,66,38.5,0,0,0
2026-09-03 16:30:00,128.6,5,69,37.5,0,0,0
2026-09-03 16:35:00,125.5,4,68,40.0,0,0,0
2026-09-03 16:40:00,126.1,11,69,38.4,0,0,0
2026-09-03 16:45:00,123.7,6,67,38.8,0,0,0
2026-09-03 16:50:00,124.0,10,70,40.2,0,0,0
2026-09-03 16:55:00,122.4,10,68,39.2,0,0,0
2026-09-03 17:00:00,122.1,15,69,43.7,0,0,0
2026-09-03 17:05:00,125.7,14,70,40.0,0,0,0
2026-09-03 17:10:00,126.6,2,70,40.4,0,32,60
2026-09-03 17:15:00,128.7,8,73,38.9,0,0,0
2026-09-03 17:20:00,133.9,4,67,41.9,0,0,0
2026-09-03 17:25:00,137.0,21,70,36.5,0,0,0
2026-09-03 17:30:00,137.9,8,73,41.9,0,0,0
2026-09-03 17:35:00,135.4,3,73,40.3,0,0,0
2026-09-03 17:40:00,137.5,8,67,40.8,0,0,0
2026-09-03 17:45:00,139.3,8,70,38.6,0,0,0
2026-09-03 17:50:00,138.8,4,67,37.3,0,0,0
2026-09-03 17:55:00,136.0,12,68,40.8,0,0,0
2026-09-03 18:00:00,132.5,6,67,43.1,0,0,0
2026-09-03 18:05:00,132.0,7,67,40.2,0,0,0
2026-09-03 18:10:00,131.2,6,63,44.4,0,0,0
2026-09-03 18:15:00,132.7,6,69,38.9,0,0,0
2026-09-03 18:20:00,131.7,9,65,40.6,0,0,0
2026-09-03 18:25:00,132.8,12,65,38.8,0,0,0
2026-09-03 18:30:00,132.7,2,68,39.2,0,0,0
2026-09-03 18:35:00,131.4,4,65,39.7,0,0,0
2026-09-03 18:40:00,128.8,6,68,38.3,0,0,0
2026-09-03 18:45:00,127.5,16,68,39.5,0,0,0
2026-09-03 18:50:00,129.4,3,71,40.5,0,0,0
2026-09-03 18:55:00,127.3,5,70,41.4,0,0,0
2026-09-03 19:00:00,123.4,3,64,38.0,0,0,0
2026-09-03 19:05:00,127.1,3,68,40.2,0,0,0
2026-09-03 19:10:00,127.3,18,67,39.8,0,0,0
2026-09-03 19:15:00,124.1,16,69,42.6,0,0,0
2026-09-03 19:20:00,122.1,5,70,38.1,0,0,0
2026-09-03 19:25:00,122.2,6,60,37.6,0,0,0
2026-09-03 19:30:00,118.9,19,73,44.1,0,0,0
2026-09-03 19:35:00,117.6,6,69,35.8,0,0,0
2026-09-03 19:40:00,114.6,9,70,42.4,0,0,0
2026-09-03 19:45:00,115.1,13,68,42.3,0,0,0
2026-09-03 19:50:00,110.2,16,69,41.3,0,0,0
2026-09-03 19:55:00,111.8,8,68,39.2,0,0,0
2026-09-03 20:00:00,115.0,15,68,40.0,0,0,0
2026-09-03 20:05:00,113.2,7,67,39.1,0,0,0
2026-09-03 20:10:00,112.4,8,66,41.6,0,0,0
2026-09-03 20:15:00,111.3,5,69,38.9,0,0,0
2026-09-03 20:20:00,111.9,6,66,39.4,0,0,0
2026-09-03 20:25:00,113.7,12,68,38.2,0,0,0
2026-09-03 20:30:00,115.3,3,69,44.5,0,0,0
2026-09-03 20:35:00,115.5,10,67,40.3,0,0,0
2026-09-03 20:40:00,114.6,6,68,38.5,0,0,0
2026-09-03 20:45:00,117.9,12,69,43.3,0,0,0
2026-09-03 20:50:00,117.0,11,67,38.1,0,0,0
2026-09-03 20:55:00,117.6,8,66,39.8,0,0,0
2026-09-03 21:00:00,117.7,4,65,38.8,0,0,0
2026-09-03 21:05:00,116.4,8,71,44.3,0,50,50
2026-09-03 21:10:00,119.8,11,70,38.1,0,0,0
2026-09-03 21:15:00,126.6,13,71,39.3,0,0,0
2026-09-03 21:20:00,127.5,17,69,41.8,0,0,0
2026-09-03 21:25:00,132.8,10,71,41.8,0,0,0
2026-09-03 21:30:00,134.6,13,71,38.0,0,0,0
2026-09-03 21:35:00,136.4,10,69,33.3,0,0,0
2026-09-03 21:40:00,135.6,5,69,43.1,0,0,0
2026-09-03 21:45:00,136.9,13,64,42.0,0,0,0
2026-09-03 21:50:00,138.5,8,70,39.4,0,0,0
2026-09-03 21:55:00,139.3,3,65,37.3,0,0,0
2026-09-03 22:00:00,141.7,7,70,38.4,0,0,0
2026-09-03 22:05:00,138.1,9,71,37.8,0,0,0
2026-09-03 22:10:00,135.5,2,66,40.9,0,0,0
2026-09-03 22:15:00,135.2,11,69,38.8,0,0,0
2026-09-03 22:20:00,134.3,12,68,39.1,0,0,0
2026-09-03 22:25:00,131.6,5,66,37.3,0,0,0
2026-09-03 22:30:00,129.3,9,70,40.4,0,0,0
2026-09-03 22:35:00,129.2,10,67,37.7,0,0,0
2026-09-03 22:40:00,129.0,9,71,38.5,0,0,0
2026-09-03 22:45:00,127.0,3,65,37.6,0,0,0
2026-09-03 22:50:00,125.4,8,68,38.9,0,0,0
2026-09-03 22:55:00,126.6,6,69,42.3,0,0,0
2026-09-03 23:00:00,123.7,2,67,40.7,0,0,0
2026-09-03 23:05:00,121.2,4,72,40.4,0,0,0
2026-09-03 23:10:00,118.6,2,66,40.9,0,0,0
2026-09-03 23:15:00,120.8,10,66,39.6,0,0,0
2026-09-03 23:20:00,118.9,20,69,39.3,0,0,0
2026-09-03 23:25:00,118.9,4,67,36.5,0,0,0
2026-09-03 23:30:00,120.0,9,68,35.7,0,0,0
2026-09-03 23:35:00,120.4,0,60,66.2,1,0,0
2026-09-03 23:40:00,123.2,0,63,64.5,1,0,0
2026-09-03 23:45:00,120.7,0,58,65.4,1,0,0
2026-09-03 23:50:00,125.4,0,58,65.8,1,0,0
2026-09-03 23:55:00,124.1,0,60,63.3,1,0,0
2026-09-04 00:00:00,121.7,0,63,66.3,1,0,0
2026-09-04 00:05:00,122.4,0,57,68.2,1,0,0
2026-09-04 00:10:00,124.2,0,63,64.2,1,0,0
2026-09-04 00:15:00,122.0,1,56,67.7,1,0,0
2026-09-04 00:20:00,123.4,0,62,62.2,1,0,0
2026-09-04 00:25:00,127.4,0,55,67.0,1,0,0
2026-09-04 00:30:00,126.8,1,60,63.8,1,0,0
2026-09-04 00:35:00,124.4,1,57,69.9,1,0,0
2026-09-04 00:40:00,124.4,0,61,62.0,1,0,0
2026-09-04 00:45:00,124.8,0,58,64.6,1,0,0
2026-09-04 00:50:00,121.0,0,58,62.0,1,0,0
2026-09-04 00:55:00,121.2,0,58,68.9,1,0,0
2026-09-04 01:00:00,118.5,0,59,65.2,1,0,0
2026-09-04 01:05:00,113.9,0,59,67.8,1,0,0
2026-09-04 01:10:00,113.4,1,58,66.8,1,0,0
2026-09-04 01:15:00,114.7,0,58,65.9,1,0,0
2026-09-04 01:20:00,118.4,0,60,64.3,1,0,0
2026-09-04 01:25:00,116.7,0,62,68.4,1,0,0
2026-09-04 01:30:00,119.1,0,59,65.6,1,0,0
2026-09-04 01:35:00,114.3,1,60,64.6,1,0,0
2026-09-04 01:40:00,116.1,0,55,66.1,1,0,0
2026-09-04 01:45:00,115.8,0,62,61.6,1,0,0
2026-09-04 01:50:00,118.3,0,60,67.1,1,0,0
2026-09-04 01:55:00,118.6,1,61,64.4,1,0,0
2026-09-04 02:00:00,121.6,1,57,65.1,1,0,0
2026-09-04 02:05:00,120.2,0,57,68.0,1,0,0
2026-09-04 02:10:00,121.9,1,58,63.3,1,0,0
2026-09-04 02:15:00,120.5,0,59,66.0,1,0,0
2026-09-04 02:20:00,119.8,0,60,63.2,1,0,0
2026-09-04 02:25:00,119.1,0,61,68.2,1,0,0
2026-09-04 02:30:00,121.8,1,58,63.7,1,0,0
2026-09-04 02:35:00,117.5,0,59,66.5,1,0,0
2026-09-04 02:40:00,116.4,0,58,65.8,1,0,0
2026-09-04 02:45:00,118.4,0,57,67.7,1,0,0
2026-09-04 02:50:00,116.9,0,65,64.0,1,0,0
2026-09-04 02:55:00,117.2,0,59,66.0,1,0,0
2026-09-04 03:00:00,115.6,0,57,70.0,1,0,0
2026-09-04 03:05:00,115.0,0,61,66.0,1,0,0
2026-09-04 03:10:00,114.3,0,60,64.6,1,0,0
2026-09-04 03:15:00,120.4,0,59,67.7,1,0,0
2026-09-04 03:20:00,117.4,0,59,66.9,1,0,0
2026-09-04 03:25:00,120.5,0,59,65.5,1,0,0
2026-09-04 03:30:00,121.8,0,58,66.1,1,0,0
2026-09-04 03:35:00,122.8,0,60,61.8,1,0,0
2026-09-04 03:40:00,118.6,0,59,62.0,1,0,0
2026-09-04 03:45:00,118.6,0,58,65.1,1,0,0
2026-09-04 03:50:00,119.3,0,58,66.2,1,0,0
2026-09-04 03:55:00,121.3,0,58,66.8,1,0,0
2026-09-04 04:00:00,122.4,0,56,66.2,1,0,0
2026-09-04 04:05:00,124.7,0,61,63.2,1,0,0
2026-09-04 04:10:00,127.6,0,61,66.9,1,0,0
2026-09-04 04:15:00,125.5,0,57,64.4,1,0,0
2026-09-04 04:20:00,126.7,0,56,62.9,1,0,0
2026-09-04 04:25:00,126.4,0,58,62.7,1,0,0
2026-09-04 04:30:00,126.1,0,57,64.5,1,0,0
2026-09-04 04:35:00,126.0,0,58,66.4,1,0,0
2026-09-04 04:40:00,122.5,1,58,66.5,1,0,0
2026-09-04 04:45:00,125.9,0,59,67.3,1,0,0
2026-09-04 04:50:00,123.9,0,61,65.8,1,0,0
2026-09-04 04:55:00,122.9,0,58,64.9,1,0,0
2026-09-04 05:00:00,123.0,0,61,66.5,1,0,0
2026-09-04 05:05:00,125.5,1,61,67.7,1,0,0
2026-09-04 05:10:00,123.0,0,60,67.9,1,0,0
2026-09-04 05:15:00,122.7,0,61,66.2,1,0,0
2026-09-04 05:20:00,121.3,0,55,68.5,1,0,0
2026-09-04 05:25:00,124.0,0,54,67.3,1,0,0
2026-09-04 05:30:00,119.0,0,57,62.5,1,0,0
2026-09-04 05:35:00,121.4,1,61,65.6,1,0,0
2026-09-04 05:40:00,122.5,1,60,67.5,1,0,0
2026-09-04 05:45:00,121.0,0,59,67.1,1,0,0
2026-09-04 05:50:00,121.7,0,61,64.4,1,0,0
2026-09-04 05:55:00,122.1,0,57,64.7,1,0,0
2026-09-04 06:00:00,121.0,11,70,41.9,0,0,0
2026-09-04 06:05:00,119.8,16,70,38.3,0,0,0
2026-09-04 06:10:00,117.6,4,66,41.3,0,0,0
2026-09-04 06:15:00,117.2,10,69,44.3,0,0,0
2026-09-04 06:20:00,116.3,5,66,38.0,0,0,0
2026-09-04 06:25:00,114.2,13,68,36.7,0,0,0
2026-09-04 06:30:00,118.0,6,71,39.6,0,0,0
2026-09-04 06:35:00,118.1,11,66,36.4,0,0,0
2026-09-04 06:40:00,117.2,8,70,41.0,0,0,0
2026-09-04 06:45:00,118.3,2,63,42.3,0,0,0
2026-09-04 06:50:00,123.8,15,71,39.4,0,0,0
2026-09-04 06:55:00,126.5,2,69,40.9,0,0,0
2026-09-04 07:00:00,129.4,10,64,42.0,0,0,0
2026-09-04 07:05:00,128.7,10,66,41.3,0,0,0
2026-09-04 07:10:00,126.0,4,65,38.8,0,0,0
2026-09-04 07:15:00,123.3,1,67,43.1,0,0,0
2026-09-04 07:20:00,121.2,1,67,40.8,0,0,0
2026-09-04 07:25:00,118.6,4,68,41.3,0,0,0
2026-09-04 07:30:00,119.2,5,66,40.4,0,0,0
2026-09-04 07:35:00,121.6,5,68,33.7,0,0,0
2026-09-04 07:40:00,113.4,9,70,42.8,0,0,0
2026-09-04 07:45:00,112.7,13,68,41.3,0,0,0
2026-09-04 07:50:00,117.1,7,67,43.9,0,0,0
2026-09-04 07:55:00,117.6,6,70,40.2,0,0,0
2026-09-04 08:00:00,120.3,9,66,38.2,0,0,0
2026-09-04 08:05:00,117.9,8,66,36.1,0,0,0
2026-09-04 08:10:00,117.9,15,68,39.6,0,40,70
2026-09-04 08:15:00,121.5,8,72,39.7,0,0,0
2026-09-04 08:20:00,129.3,8,69,39.9,0,0,0
2026-09-04 08:25:00,134.9,18,73,37.1,0,0,0
2026-09-04 08:30:00,136.5,5,72,41.2,0,0,0
2026-09-04 08:35:00,139.1,11,72,42.3,0,0,0
2026-09-04 08:40:00,138.7,9,69,39.2,0,0,0
2026-09-04 08:45:00,137.1,16,70,39.7,0,0,0
2026-09-04 08:50:00,137.6,7,69,36.8,0,0,0
2026-09-04 08:55:00,139.9,5,67,41.7,0,0,0
2026-09-04 09:00:00,141.6,12,69,41.4,0,0,0
2026-09-04 09:05:00,138.0,8,69,45.1,0,0,0
2026-09-04 09:10:00,135.3,9,68,41.1,0,0,0
2026-09-04 09:15:00,134.4,15,72,43.5,0,0,0
2026-09-04 09:20:00,133.4,18,66,43.4,0,0,0
2026-09-04 09:25:00,136.4,6,70,39.6,0,0,0
2026-09-04 09:30:00,135.9,9,68,40.8,0,0,0
2026-09-04 09:35:00,135.0,17,68,40.6,0,0,0
2026-09-04 09:40:00,138.7,6,68,37.1,0,0,0
2026-09-04 09:45:00,136.7,4,67,38.5,0,0,0
2026-09-04 09:50:00,135.3,6,71,38.7,0,0,0
2026-09-04 09:55:00,137.2,11,68,40.9,0,0,0
2026-09-04 10:00:00,136.4,11,64,39.7,0,0,0
2026-09-04 10:05:00,129.8,13,67,40.2,0,0,0
2026-09-04 10:10:00,125.6,11,67,41.9,0,0,0
2026-09-04 10:15:00,124.3,6,70,40.3,0,0,0
2026-09-04 10:20:00,123.4,13,68,40.9,0,0,0
2026-09-04 10:25:00,122.3,9,69,39.3,0,0,0
2026-09-04 10:30:00,121.6,16,67,39.9,0,0,0
2026-09-04 10:35:00,122.9,4,66,38.6,0,0,0
2026-09-04 10:40:00,121.4,14,68,37.5,0,0,0
2026-09-04 10:45:00,121.0,7,69,41.3,0,0,0
2026-09-04 10:50:00,117.5,3,68,43.7,0,0,0
2026-09-04 10:55:00,118.2,9,66,40.8,0,0,0
2026-09-04 11:00:00,119.6,9,69,39.6,0,0,0
2026-09-04 11:05:00,119.1,1,65,41.5,0,0,0
2026-09-04 11:10:00,116.8,3,69,39.4,0,0,0
2026-09-04 11:15:00,114.9,6,68,40.2,0,0,0
2026-09-04 11:20:00,114.3,6,69,40.7,0,0,0
2026-09-04 11:25:00,115.0,5,69,40.4,0,0,0
2026-09-04 11:30:00,113.9,15,70,35.8,0,0,0
2026-09-04 11:35:00,114.2,11,67,40.7,0,0,0
2026-09-04 11:40:00,116.4,5,70,37.3,0,0,0
2026-09-04 11:45:00,113.7,9,65,40.3,0,0,0
2026-09-04 11:50:00,115.6,7,68,42.6,0,0,0
2026-09-04 11:55:00,115.1,6,67,40.1,0,0,0
2026-09-04 12:00:00,114.2,6,66,40.1,0,0,0
2026-09-04 12:05:00,116.1,5,69,40.1,0,0,0
2026-09-04 12:10:00,119.2,9,68,39.6,0,0,0
2026-09-04 12:15:00,117.4,14,68,41.3,0,0,0
2026-09-04 12:20:00,114.8,10,68,40.1,0,0,0
2026-09-04 12:25:00,117.8,9,65,40.8,0,0,0
2026-09-04 12:30:00,117.5,3,62,37.6,0,0,0
2026-09-04 12:35:00,115.3,26,67,41.9,0,0,0
2026-09-04 12:40:00,112.4,13,66,41.3,0,0,0
2026-09-04 12:45:00,113.6,9,67,38.2,0,0,0
2026-09-04 12:50:00,115.3,5,66,38.9,0,0,0
2026-09-04 12:55:00,116.4,4,70,39.1,0,0,0
2026-09-04 13:00:00,116.8,5,68,37.4,0,0,0
2026-09-04 13:05:00,116.2,6,67,39.9,0,0,0
2026-09-04 13:10:00,114.5,10,72,38.7,0,0,0
2026-09-04 13:15:00,113.5,2,68,38.7,0,0,0
2026-09-04 13:20:00,111.3,9,65,36.9,0,0,0
2026-09-04 13:25:00,112.8,9,67,41.2,0,0,0
2026-09-04 13:30:00,112.6,12,68,41.0,0,0,0
2026-09-04 13:35:00,112.0,8,65,41.7,0,0,0
2026-09-04 13:40:00,111.2,10,69,39.3,0,87,75
2026-09-04 13:45:00,125.6,11,71,40.6,0,0,0
2026-09-04 13:50:00,137.5,10,68,38.8,0,0,0
2026-09-04 13:55:00,146.7,3,71,40.5,0,0,0
2026-09-04 14:00:00,155.2,13,74,41.3,0,0,0
2026-09-04 14:05:00,158.6,6,69,41.2,0,0,0
2026-09-04 14:10:00,161.3,10,66,40.8,0,0,0
2026-09-04 14:15:00,161.6,9,66,36.9,0,0,0
2026-09-04 14:20:00,164.5,10,68,36.4,0,0,0
2026-09-04 14:25:00,165.2,7,64,37.4,0,0,0
2026-09-04 14:30:00,166.6,2,67,38.7,0,0,0
2026-09-04 14:35:00,165.0,5,69,45.6,0,0,0
2026-09-04 14:40:00,165.5,9,65,40.9,0,0,0
2026-09-04 14:45:00,162.6,7,68,40.8,0,0,0
2026-09-04 14:50:00,159.6,18,68,33.7,0,0,0
2026-09-04 14:55:00,158.3,8,65,41.8,0,0,0
2026-09-04 15:00:00,156.1,10,67,43.0,0,0,0
2026-09-04 15:05:00,155.2,14,69,37.2,0,0,0
2026-09-04 15:10:00,154.4,6,69,40.2,0,0,0
2026-09-04 15:15:00,150.4,11,66,39.5,0,0,0
2026-09-04 15:20:00,148.0,13,68,43.1,0,0,0
2026-09-04 15:25:00,145.8,6,70,40.4,0,0,0
2026-09-04 15:30:00,141.8,4,70,42.0,0,0,0
2026-09-04 15:35:00,138.4,5,70,38.2,0,0,0
2026-09-04 15:40:00,135.4,6,66,41.2,0,0,0
2026-09-04 15:45:00,135.2,8,68,38.8,0,0,0
2026-09-04 15:50:00,135.6,8,70,38.7,0,0,0
2026-09-04 15:55:00,134.7,8,65,39.0,0,0,0
2026-09-04 16:00:00,131.3,4,64,39.8,0,0,0
2026-09-04 16:05:00,131.5,12,69,41.2,0,0,0
2026-09-04 16:10:00,128.9,12,67,40.7,0,0,0
2026-09-04 16:15:00,127.0,11,67,40.0,0,0,0
2026-09-04 16:20:00,124.4,6,65,41.9,0,0,0
2026-09-04 16:25:00,122.7,5,66,42.5,0,0,0
2026-09-04 16:30:00,120.9,10,68,40.4,0,0,0
2026-09-04 16:35:00,124.1,15,70,41.3,0,0,0
2026-09-04 16:40:00,124.6,5,69,40.7,0,0,0
2026-09-04 16:45:00,124.7,10,67,39.4,0,0,0
2026-09-04 16:50:00,125.8,9,71,39.5,0,0,0
2026-09-04 16:55:00,126.1,11,69,39.0,0,0,0
2026-09-04 17:00:00,124.2,3,67,39.1,0,0,0
2026-09-04 17:05:00,119.1,6,71,40.7,0,0,0
2026-09-04 17:10:00,117.8,4,68,40.6,0,0,0
2026-09-04 17:15:00,115.2,6,67,38.9,0,0,0
2026-09-04 17:20:00,112.3,5,70,38.1,0,20,50
2026-09-04 17:25:00,114.6,10,70,42.2,0,0,0
2026-09-04 17:30:00,118.4,1,71,44.3,0,0,0
2026-09-04 17:35:00,117.2,446,97,39.7,0,0,0
2026-09-04 17:40:00,118.2,443,95,41.7,0,0,0
2026-09-04 17:45:00,117.5,17,73,41.3,0,0,0
2026-09-04 17:50:00,116.2,13,68,39.2,0,0,0
2026-09-04 17:55:00,110.8,2,66,39.1,0,0,0
2026-09-04 18:00:00,111.4,0,67,39.2,0,0,0
2026-09-04 18:05:00,116.0,6,66,40.2,0,0,0
2026-09-04 18:10:00,114.0,18,65,41.8,0,0,0
2026-09-04 18:15:00,114.2,12,68,40.1,0,0,0
2026-09-04 18:20:00,111.7,14,70,39.5,0,0,0
2026-09-04 18:25:00,112.6,4,68,41.4,0,0,0
2026-09-04 18:30:00,113.1,17,68,38.8,0,0,0
2026-09-04 18:35:00,114.7,10,67,43.8,0,0,0
2026-09-04 18:40:00,116.8,14,69,39.3,0,0,0
2026-09-04 18:45:00,116.5,16,66,39.6,0,0,0
2026-09-04 18:50:00,116.8,9,72,41.9,0,0,0
2026-09-04 18:55:00,116.9,12,68,41.6,0,0,0
2026-09-04 19:00:00,115.2,6,71,39.6,0,0,0
2026-09-04 19:05:00,114.6,11,67,45.0,0,0,0
2026-09-04 19:10:00,111.3,17,67,43.5,0,0,0
2026-09-04 19:15:00,111.0,15,68,42.3,0,0,0
2026-09-04 19:20:00,112.4,11,66,41.2,0,0,0
2026-09-04 19:25:00,114.1,8,68,41.6,0,0,0
2026-09-04 19:30:00,114.2,1,70,41.2,0,0,0
2026-09-04 19:35:00,115.9,9,65,41.8,0,0,0
2026-09-04 19:40:00,113.2,5,65,39.3,0,0,0
2026-09-04 19:45:00,112.0,16,67,37.2,0,0,0
2026-09-04 19:50:00,113.1,7,65,41.4,0,0,0
2026-09-04 19:55:00,112.2,9,65,38.8,0,0,0
2026-09-04 20:00:00,113.9,385,91,40.0,0,0,0
2026-09-04 20:05:00,115.4,381,90,43.9,0,0,0
2026-09-04 20:10:00,116.8,390,89,41.2,0,0,0
2026-09-04 20:15:00,113.6,2,72,43.4,0,0,0
2026-09-04 20:20:00,112.3,6,68,39.8,0,0,0
2026-09-04 20:25:00,113.2,13,64,41.8,0,0,0
2026-09-04 20:30:00,118.9,9,67,42.2,0,0,0
2026-09-04 20:35:00,119.2,15,68,39.8,0,0,0
2026-09-04 20:40:00,120.2,12,67,42.5,0,0,0
2026-09-04 20:45:00,119.4,10,69,40.9,0,0,0
2026-09-04 20:50:00,114.8,5,69,39.5,0,0,0
2026-09-04 20:55:00,111.7,10,68,42.0,0,0,0
2026-09-04 21:00:00,113.8,15,71,39.2,0,0,0
2026-09-04 21:05:00,110.1,6,69,38.5,0,0,0
2026-09-04 21:10:00,110.5,13,67,39.3,0,58,55
2026-09-04 21:15:00,120.3,17,71,41.6,0,0,0
2026-09-04 21:20:00,125.2,6,70,41.3,0,0,0
2026-09-04 21:25:00,130.9,5,72,43.7,0,0,0
2026-09-04 21:30:00,132.1,14,71,44.7,0,0,0
2026-09-04 21:35:00,134.0,13,67,38.3,0,0,0
2026-09-04 21:40:00,135.7,4,66,39.8,0,0,0
2026-09-04 21:45:00,137.5,2,66,38.1,0,0,0
2026-09-04 21:50:00,141.0,10,66,42.6,0,0,0
2026-09-04 21:55:00,142.3,5,68,39.0,0,0,0
2026-09-04 22:00:00,141.8,4,69,42.4,0,0,0
2026-09-04 22:05:00,141.6,5,69,38.6,0,0,0
2026-09-04 22:10:00,141.6,10,67,42.1,0,0,0
2026-09-04 22:15:00,138.4,19,70,38.3,0,0,0
2026-09-04 22:20:00,140.3,8,70,40.8,0,0,0
2026-09-04 22:25:00,141.7,5,68,37.3,0,0,0
2026-09-04 22:30:00,143.2,7,67,40.7,0,0,0
2026-09-04 22:35:00,140.8,5,69,42.8,0,0,0
2026-09-04 22:40:00,138.4,3,73,38.5,0,0,0
2026-09-04 22:45:00,136.4,7,65,39.7,0,0,0
2026-09-04 22:50:00,134.7,7,66,36.3,0,0,0
2026-09-04 22:55:00,136.7,8,69,38.8,0,0,0
2026-09-04 23:00:00,135.2,16,70,38.7,0,0,0
2026-09-04 23:05:00,131.4,5,67,41.6,0,0,0
2026-09-04 23:10:00,127.0,9,67,38.7,0,0,0
2026-09-04 23:15:00,126.0,0,66,39.1,0,0,0
2026-09-04 23:20:00,126.2,9,66,41.4,0,0,0
2026-09-04 23:25:00,127.9,4,69,40.4,0,0,0
2026-09-04 23:30:00,125.6,5,69,38.2,0,0,0
2026-09-04 23:35:00,125.2,0,63,63.3,1,0,0
2026-09-04 23:40:00,122.9,2,56,65.4,1,0,0
2026-09-04 23:45:00,120.8,0,57,66.4,1,0,0
2026-09-04 23:50:00,121.2,1,60,68.0,1,0,0
2026-09-04 23:55:00,122.2,0,60,68.5,1,0,0
2026-09-05 00:00:00,126.8,0,58,63.9,1,0,0
2026-09-05 00:05:00,125.5,0,56,64.1,1,0,0
2026-09-05 00:10:00,129.5,0,62,63.1,1,0,0
2026-09-05 00:15:00,131.5,0,59,62.3,1,0,0
2026-09-05 00:20:00,128.4,1,60,63.3,1,0,0
2026-09-05 00:25:00,125.0,0,55,62.2,1,0,0
2026-09-05 00:30:00,124.4,0,60,61.2,1,0,0
2026-09-05 00:35:00,126.7,1,60,63.1,1,0,0
2026-09-05 00:40:00,128.6,1,61,66.1,1,0,0
2026-09-05 00:45:00,128.6,0,60,63.8,1,0,0
2026-09-05 00:50:00,129.6,0,60,63.4,1,0,0
2026-09-05 00:55:00,130.2,0,60,62.4,1,0,0
2026-09-05 01:00:00,130.4,1,60,65.4,1,0,0
2026-09-05 01:05:00,130.3,0,60,66.6,1,0,0
2026-09-05 01:10:00,131.6,0,62,62.5,1,0,0
2026-09-05 01:15:00,134.1,0,62,62.9,1,0,0
2026-09-05 01:20:00,131.0,1,58,65.0,1,0,0
2026-09-05 01:25:00,133.6,1,55,65.3,1,0,0
2026-09-05 01:30:00,132.1,0,59,64.4,1,0,0
2026-09-05 01:35:00,131.0,0,60,64.0,1,0,0
2026-09-05 01:40:00,133.1,0,58,63.6,1,0,0
2026-09-05 01:45:00,133.0,1,61,65.4,1,0,0
2026-09-05 01:50:00,131.8,1,61,60.7,1,0,0
2026-09-05 01:55:00,132.9,0,61,63.1,1,0,0
2026-09-05 02:00:00,130.5,0,58,59.2,1,0,0
2026-09-05 02:05:00,128.8,0,57,65.0,1,0,0
2026-09-05 02:10:00,128.8,1,56,62.5,1,0,0
2026-09-05 02:15:00,125.8,0,58,61.0,1,0,0
2026-09-05 02:20:00,126.3,0,57,62.9,1,0,0
2026-09-05 02:25:00,123.7,0,59,62.7,1,0,0
2026-09-05 02:30:00,124.9,0,56,64.2,1,0,0
2026-09-05 02:35:00,122.4,1,57,64.1,1,0,0
2026-09-05 02:40:00,122.3,1,58,65.9,1,0,0
2026-09-05 02:45:00,123.0,0,60,66.0,1,0,0
2026-09-05 02:50:00,119.7,0,56,62.1,1,0,0
2026-09-05 02:55:00,120.0,0,59,62.0,1,0,0
2026-09-05 03:00:00,122.0,0,57,61.8,1,0,0
2026-09-05 03:05:00,123.9,0,59,64.6,1,0,0
2026-09-05 03:10:00,117.2,1,61,60.7,1,0,0
2026-09-05 03:15:00,116.9,1,63,63.3,1,0,0
2026-09-05 03:20:00,116.7,0,61,66.4,1,0,0
2026-09-05 03:25:00,114.9,0,61,67.1,1,0,0
2026-09-05 03:30:00,117.4,0,59,64.4,1,0,0
2026-09-05 03:35:00,117.9,0,58,63.6,1,0,0
2026-09-05 03:40:00,115.2,0,60,63.1,1,0,0
2026-09-05 03:45:00,118.5,0,57,65.7,1,0,0
2026-09-05 03:50:00,120.6,0,60,66.2,1,0,0
2026-09-05 03:55:00,123.2,0,60,64.7,1,0,0
2026-09-05 04:00:00,123.5,1,54,64.4,1,0,0
2026-09-05 04:05:00,121.2,0,61,66.6,1,0,0
2026-09-05 04:10:00,117.6,1,57,62.8,1,0,0
2026-09-05 04:15:00,117.7,0,60,65.4,1,0,0
2026-09-05 04:20:00,121.6,1,58,64.6,1,0,0
2026-09-05 04:25:00,122.2,1,59,64.3,1,0,0
2026-09-05 04:30:00,122.0,0,60,62.4,1,0,0
2026-09-05 04:35:00,119.2,0,62,62.4,1,0,0
2026-09-05 04:40:00,119.2,1,59,62.1,1,0,0
2026-09-05 04:45:00,118.7,1,59,64.1,1,0,0
2026-09-05 04:50:00,118.9,1,60,65.2,1,0,0
2026-09-05 04:55:00,123.8,0,58,66.1,1,0,0
2026-09-05 05:00:00,120.2,0,55,63.9,1,0,0
2026-09-05 05:05:00,121.4,0,59,65.1,1,0,0
2026-09-05 05:10:00,120.1,2,59,62.9,1,0,0
2026-09-05 05:15:00,121.2,0,58,66.4,1,0,0
2026-09-05 05:20:00,120.6,0,58,64.8,1,0,0
2026-09-05 05:25:00,118.6,0,58,64.1,1,0,0
2026-09-05 05:30:00,119.4,1,59,62.5,1,0,0
2026-09-05 05:35:00,121.4,1,54,60.5,1,0,0
2026-09-05 05:40:00,121.2,0,59,62.8,1,0,0
2026-09-05 05:45:00,120.4,0,58,67.7,1,0,0
2026-09-05 05:50:00,119.0,0,59,60.4,1,0,0
2026-09-05 05:55:00,121.2,1,56,66.4,1,0,0
2026-09-05 06:00:00,119.3,0,61,66.2,1,0,0
2026-09-05 06:05:00,120.0,0,59,67.3,1,0,0
2026-09-05 06:10:00,119.6,2,60,61.9,1,0,0
2026-09-05 06:15:00,120.7,0,59,66.3,1,0,0
2026-09-05 06:20:00,122.0,2,58,58.3,1,0,0
2026-09-05 06:25:00,123.0,0,58,59.6,1,0,0
2026-09-05 06:30:00,120.8,0,61,65.2,1,0,0
2026-09-05 06:35:00,119.7,4,69,35.5,0,0,0
2026-09-05 06:40:00,117.0,4,68,36.6,0,0,0
2026-09-05 06:45:00,116.7,10,67,35.6,0,0,0
2026-09-05 06:50:00,117.9,9,66,39.6,0,0,0
2026-09-05 06:55:00,117.3,6,68,40.8,0,0,0
2026-09-05 07:00:00,117.9,6,71,36.3,0,0,0
2026-09-05 07:05:00,120.2,4,69,37.5,0,0,0
2026-09-05 07:10:00,120.5,6,69,40.7,0,0,0
2026-09-05 07:15:00,121.8,9,69,39.3,0,0,0
2026-09-05 07:20:00,124.1,5,66,39.7,0,0,0
2026-09-05 07:25:00,123.5,5,69,40.9,0,0,0
2026-09-05 07:30:00,121.8,5,67,40.6,0,0,0
2026-09-05 07:35:00,124.9,8,66,38.6,0,0,0
2026-09-05 07:40:00,124.9,7,65,40.1,0,0,0
2026-09-05 07:45:00,127.0,6,68,39.4,0,0,0
2026-09-05 07:50:00,124.2,5,64,37.7,0,0,0
2026-09-05 07:55:00,123.9,7,70,37.5,0,0,0
2026-09-05 08:00:00,124.1,8,66,39.0,0,0,0
2026-09-05 08:05:00,122.0,8,66,39.9,0,0,0
2026-09-05 08:10:00,122.2,9,66,39.6,0,0,0
2026-09-05 08:15:00,119.1,7,67,39.6,0,0,0
2026-09-05 08:20:00,116.0,4,71,43.0,0,0,0
2026-09-05 08:25:00,110.3,8,63,40.5,0,0,0
2026-09-05 08:30:00,113.2,11,76,34.6,0,55,70
2026-09-05 08:35:00,120.8,8,72,36.8,0,0,0
2026-09-05 08:40:00,128.2,18,73,39.4,0,0,0
2026-09-05 08:45:00,136.9,505,104,38.0,0,0,0
2026-09-05 08:50:00,140.7,513,103,37.6,0,0,0
2026-09-05 08:55:00,142.8,13,71,37.6,0,0,0
2026-09-05 09:00:00,140.4,8,67,39.5,0,0,0
2026-09-05 09:05:00,140.5,3,68,36.7,0,0,0
2026-09-05 09:10:00,142.8,10,69,38.2,0,0,0
2026-09-05 09:15:00,146.0,7,69,37.2,0,0,0
2026-09-05 09:20:00,144.4,9,66,40.5,0,0,0
2026-09-05 09:25:00,143.2,6,65,38.8,0,0,0
2026-09-05 09:30:00,142.7,8,67,40.4,0,0,0
2026-09-05 09:35:00,142.6,9,68,38.0,0,0,0
2026-09-05 09:40:00,141.7,10,67,39.5,0,0,0
2026-09-05 09:45:00,143.2,12,69,39.6,0,0,0
2026-09-05 09:50:00,142.2,7,65,38.1,0,0,0
2026-09-05 09:55:00,142.8,6,67,40.0,0,0,0
2026-09-05 10:00:00,140.4,13,65,39.5,0,0,0
2026-09-05 10:05:00,140.4,5,65,40.2,0,0,0
2026-09-05 10:10:00,140.3,15,68,37.7,0,0,0
2026-09-05 10:15:00,137.5,8,68,40.4,0,0,0
2026-09-05 10:20:00,135.5,9,69,40.4,0,0,0
2026-09-05 10:25:00,132.0,5,66,39.8,0,0,0
2026-09-05 10:30:00,130.6,19,67,41.7,0,0,0
2026-09-05 10:35:00,130.6,13,69,40.9,0,0,0
2026-09-05 10:40:00,128.4,12,74,37.9,0,0,0
2026-09-05 10:45:00,129.1,11,68,36.5,0,0,0
2026-09-05 10:50:00,123.2,8,66,42.3,0,0,0
2026-09-05 10:55:00,121.6,5,65,40.3,0,0,0
2026-09-05 11:00:00,117.7,0,69,38.3,0,0,0
2026-09-05 11:05:00,115.2,3,69,41.5,0,0,0
2026-09-05 11:10:00,115.8,14,68,40.8,0,0,0
2026-09-05 11:15:00,118.5,3,69,38.2,0,0,0
2026-09-05 11:20:00,116.8,4,66,42.6,0,0,0
2026-09-05 11:25:00,116.3,5,66,42.5,0,0,0
2026-09-05 11:30:00,116.7,5,67,43.5,0,0,0
2026-09-05 11:35:00,115.0,6,68,42.1,0,0,0
2026-09-05 11:40:00,117.7,2,65,38.9,0,0,0
2026-09-05 11:45:00,118.5,20,68,40.1,0,0,0
2026-09-05 11:50:00,119.0,6,67,38.9,0,0,0
2026-09-05 11:55:00,118.1,9,67,39.6,0,0,0
2026-09-05 12:00:00,121.5,3,66,39.1,0,0,0
2026-09-05 12:05:00,120.0,12,65,37.5,0,0,0
2026-09-05 12:10:00,120.6,6,67,37.8,0,0,0
2026-09-05 12:15:00,123.4,8,66,42.2,0,0,0
2026-09-05 12:20:00,122.3,6,67,42.4,0,0,0
2026-09-05 12:25:00,121.9,9,71,38.3,0,0,0
2026-09-05 12:30:00,120.1,12,69,39.7,0,0,0
2026-09-05 12:35:00,120.6,14,65,38.9,0,0,0
2026-09-05 12:40:00,122.1,9,66,37.0,0,0,0
2026-09-05 12:45:00,123.9,8,66,40.3,0,0,0
2026-09-05 12:50:00,123.4,15,71,38.3,0,0,0
2026-09-05 12:55:00,124.7,8,69,42.2,0,0,0
2026-09-05 13:00:00,126.0,441,98,41.7,0,0,0
2026-09-05 13:05:00,126.8,443,97,43.4,0,0,0
2026-09-05 13:10:00,128.3,444,92,39.3,0,0,0
2026-09-05 13:15:00,127.0,14,71,35.9,0,0,0
2026-09-05 13:20:00,124.7,12,65,39.9,0,0,0
2026-09-05 13:25:00,120.9,12,63,36.0,0,0,0
2026-09-05 13:30:00,120.3,4,67,36.5,0,0,0
2026-09-05 13:35:00,123.2,10,69,40.0,0,0,0
2026-09-05 13:40:00,122.6,6,67,38.6,0,0,0
2026-09-05 13:45:00,119.0,3,62,40.8,0,0,0
2026-09-05 13:50:00,118.0,16,71,42.8,0,0,0
2026-09-05 13:55:00,117.3,10,68,41.8,0,0,0
2026-09-05 14:00:00,115.0,11,72,39.7,0,63,68
2026-09-05 14:05:00,125.6,4,69,40.6,0,0,0
2026-09-05 14:10:00,133.5,5,68,44.2,0,0,0
2026-09-05 14:15:00,138.0,8,71,39.9,0,0,0
2026-09-05 14:20:00,143.8,15,70,37.5,0,0,0
2026-09-05 14:25:00,150.0,14,72,39.9,0,0,0
2026-09-05 14:30:00,154.5,12,68,35.4,0,0,0
2026-09-05 14:35:00,158.1,11,71,40.5,0,0,0
2026-09-05 14:40:00,158.8,2,68,36.6,0,0,0
2026-09-05 14:45:00,158.7,10,69,38.3,0,0,0
2026-09-05 14:50:00,160.3,12,68,40.8,0,0,0
2026-09-05 14:55:00,158.4,14,71,41.1,0,0,0
2026-09-05 15:00:00,158.7,5,68,36.5,0,0,0
2026-09-05 15:05:00,153.8,7,68,39.6,0,0,0
2026-09-05 15:10:00,151.0,8,68,37.6,0,0,0
2026-09-05 15:15:00,145.6,11,68,39.5,0,0,0
2026-09-05 15:20:00,144.8,13,65,37.8,0,0,0
2026-09-05 15:25:00,144.6,9,73,35.8,0,0,0
2026-09-05 15:30:00,149.2,7,69,40.4,0,0,0
2026-09-05 15:35:00,144.8,19,72,40.4,0,0,0
2026-09-05 15:40:00,141.7,3,70,37.9,0,0,0
2026-09-05 15:45:00,140.4,9,65,40.7,0,0,0
2026-09-05 15:50:00,134.6,5,65,42.0,0,0,0
2026-09-05 15:55:00,130.3,7,66,39.4,0,0,0
2026-09-05 16:00:00,131.1,4,65,38.7,0,0,0
2026-09-05 16:05:00,132.8,12,67,40.0,0,0,0
2026-09-05 16:10:00,130.2,17,65,41.1,0,0,0
2026-09-05 16:15:00,128.2,8,70,38.4,0,0,0
2026-09-05 16:20:00,129.8,14,66,42.8,0,0,0
2026-09-05 16:25:00,130.0,6,68,38.7,0,0,0
2026-09-05 16:30:00,126.1,8,72,36.8,0,0,0
2026-09-05 16:35:00,125.1,2,68,41.7,0,0,0
2026-09-05 16:40:00,126.7,7,68,39.3,0,0,0
2026-09-05 16:45:00,126.0,10,67,41.9,0,0,0
2026-09-05 16:50:00,125.7,6,67,36.4,0,0,0
2026-09-05 16:55:00,124.1,9,70,38.1,0,0,0
2026-09-05 17:00:00,121.4,5,65,41.5,0,0,0
2026-09-05 17:05:00,121.4,9,68,37.6,0,0,0
2026-09-05 17:10:00,125.7,7,68,39.4,0,0,0
2026-09-05 17:15:00,125.6,12,68,38.6,0,0,0
2026-09-05 17:20:00,123.3,22,70,37.4,0,0,0
2026-09-05 17:25:00,122.7,7,69,39.3,0,18,50
2026-09-05 17:30:00,127.0,19,71,35.7,0,0,0
2026-09-05 17:35:00,125.7,11,74,40.0,0,0,0
2026-09-05 17:40:00,123.7,15,74,38.6,0,0,0
2026-09-05 17:45:00,124.9,9,70,38.2,0,0,0
2026-09-05 17:50:00,127.0,7,71,40.6,0,0,0
2026-09-05 17:55:00,126.8,11,67,37.6,0,0,0
2026-09-05 18:00:00,126.9,8,68,42.2,0,0,0
2026-09-05 18:05:00,126.1,6,67,38.7,0,0,0
2026-09-05 18:10:00,129.0,24,69,40.3,0,0,0
2026-09-05 18:15:00,127.9,5,66,38.7,0,0,0
2026-09-05 18:20:00,124.6,9,67,43.1,0,0,0
2026-09-05 18:25:00,124.5,6,67,39.1,0,0,0
2026-09-05 18:30:00,124.0,4,68,41.2,0,0,0
2026-09-05 18:35:00,123.6,10,68,41.1,0,0,0
2026-09-05 18:40:00,124.1,9,66,37.6,0,0,0
2026-09-05 18:45:00,122.1,7,65,38.1,0,0,0
2026-09-05 18:50:00,118.8,12,70,39.7,0,0,0
2026-09-05 18:55:00,120.9,4,67,42.3,0,0,0
2026-09-05 19:00:00,123.0,11,69,37.7,0,0,0
2026-09-05 19:05:00,125.1,3,68,41.1,0,0,0
2026-09-05 19:10:00,124.3,14,70,42.5,0,0,0
2026-09-05 19:15:00,121.1,4,69,40.9,0,0,0
2026-09-05 19:20:00,121.1,9,67,38.4,0,0,0
2026-09-05 19:25:00,121.7,7,68,36.8,0,0,0
2026-09-05 19:30:00,122.8,7,67,38.9,0,0,0
2026-09-05 19:35:00,123.4,9,64,38.3,0,0,0
2026-09-05 19:40:00,123.7,14,71,39.8,0,0,0
2026-09-05 19:45:00,118.7,5,64,38.1,0,0,0
2026-09-05 19:50:00,116.7,5,67,40.9,0,0,0
2026-09-05 19:55:00,119.5,7,68,40.0,0,0,0
2026-09-05 20:00:00,122.1,9,65,40.6,0,0,0
2026-09-05 20:05:00,122.9,7,71,38.3,0,0,0
2026-09-05 20:10:00,122.7,8,67,38.9,0,0,0
2026-09-05 20:15:00,122.0,10,67,39.2,0,0,0
2026-09-05 20:20:00,124.9,2,69,38.3,0,0,0
2026-09-05 20:25:00,125.6,2,67,41.9,0,0,0
2026-09-05 20:30:00,124.2,7,72,45.3,0,101,70
2026-09-05 20:35:00,137.5,7,72,39.9,0,0,0
2026-09-05 20:40:00,149.0,4,71,41.2,0,0,0
2026-09-05 20:45:00,159.1,10,70,38.6,0,0,0
2026-09-05 20:50:00,164.4,9,73,43.7,0,0,0
2026-09-05 20:55:00,168.2,5,72,40.8,0,0,0
2026-09-05 21:00:00,166.3,7,67,38.2,0,0,0
2026-09-05 21:05:00,172.5,8,68,38.8,0,0,0
2026-09-05 21:10:00,176.0,4,68,43.2,0,0,0
2026-09-05 21:15:00,174.9,5,68,39.3,0,0,0
2026-09-05 21:20:00,171.3,5,69,41.2,0,0,0
2026-09-05 21:25:00,170.0,14,69,38.7,0,0,0
2026-09-05 21:30:00,170.9,4,68,39.6,0,0,0
2026-09-05 21:35:00,172.3,4,69,37.3,0,0,0
2026-09-05 21:40:00,169.6,12,63,41.9,0,0,0
2026-09-05 21:45:00,166.0,9,69,39.2,0,0,0
2026-09-05 21:50:00,165.3,9,68,43.4,0,0,0
2026-09-05 21:55:00,162.2,6,67,39.0,0,0,0
2026-09-05 22:00:00,157.6,7,68,38.5,0,0,0
2026-09-05 22:05:00,155.4,3,69,45.2,0,0,0
2026-09-05 22:10:00,154.8,7,66,37.6,0,0,0
2026-09-05 22:15:00,149.5,25,68,40.7,0,0,0
2026-09-05 22:20:00,145.5,3,67,43.0,0,0,0
2026-09-05 22:25:00,142.5,11,66,40.3,0,0,0
2026-09-05 22:30:00,141.1,6,70,38.9,0,0,0
2026-09-05 22:35:00,141.1,3,68,37.4,0,0,0
2026-09-05 22:40:00,137.7,17,69,42.2,0,0,0
2026-09-05 22:45:00,133.6,12,71,38.1,0,0,0
2026-09-05 22:50:00,134.1,4,73,38.2,0,0,0
2026-09-05 22:55:00,134.6,19,69,37.7,0,0,0
2026-09-05 23:00:00,133.4,9,73,40.4,0,0,0
2026-09-05 23:05:00,130.6,6,64,35.7,0,0,0
2026-09-05 23:10:00,129.7,12,62,42.0,0,0,0
2026-09-05 23:15:00,129.3,0,61,66.1,1,0,0
2026-09-05 23:20:00,129.4,1,60,66.2,1,0,0
2026-09-05 23:25:00,131.9,0,61,65.2,1,0,0
2026-09-05 23:30:00,132.9,1,59,66.0,1,0,0
2026-09-05 23:35:00,130.2,0,58,69.0,1,0,0
2026-09-05 23:40:00,125.8,0,58,61.7,1,0,0
2026-09-05 23:45:00,127.1,0,61,63.0,1,0,0
2026-09-05 23:50:00,125.6,1,61,61.5,1,0,0
2026-09-05 23:55:00,122.8,0,58,65.1,1,0,0
2026-09-06 00:00:00,119.2,0,61,68.1,1,0,0
2026-09-06 00:05:00,118.3,0,59,65.5,1,0,0
2026-09-06 00:10:00,117.1,0,58,64.6,1,0,0
2026-09-06 00:15:00,117.1,1,57,62.8,1,0,0
2026-09-06 00:20:00,114.6,0,59,65.7,1,0,0
2026-09-06 00:25:00,113.9,0,58,62.6,1,0,0
2026-09-06 00:30:00,114.2,1,61,68.3,1,0,0
2026-09-06 00:35:00,117.9,0,56,63.9,1,0,0
2026-09-06 00:40:00,120.5,0,61,65.4,1,0,0
2026-09-06 00:45:00,121.3,0,60,64.1,1,0,0
2026-09-06 00:50:00,120.3,1,60,61.1,1,0,0
2026-09-06 00:55:00,118.4,0,59,63.3,1,0,0
2026-09-06 01:00:00,118.3,1,61,64.5,1,0,0
2026-09-06 01:05:00,116.1,2,57,66.4,1,0,0
2026-09-06 01:10:00,114.2,0,58,66.7,1,0,0
2026-09-06 01:15:00,115.0,1,57,65.0,1,0,0
2026-09-06 01:20:00,116.0,1,58,67.1,1,0,0
2026-09-06 01:25:00,118.1,0,56,67.2,1,0,0
2026-09-06 01:30:00,115.9,0,59,62.7,1,0,0
2026-09-06 01:35:00,114.4,1,59,67.4,1,0,0
2026-09-06 01:40:00,117.7,1,59,65.2,1,0,0
2026-09-06 01:45:00,117.1,0,58,67.6,1,0,0
2026-09-06 01:50:00,116.2,0,58,61.9,1,0,0
2026-09-06 01:55:00,118.7,0,60,64.9,1,0,0
2026-09-06 02:00:00,119.7,0,61,65.0,1,0,0
2026-09-06 02:05:00,120.8,0,61,63.5,1,0,0
2026-09-06 02:10:00,122.5,0,56,62.6,1,0,0
2026-09-06 02:15:00,124.6,0,58,64.5,1,0,0
2026-09-06 02:20:00,119.1,0,62,64.8,1,0,0
2026-09-06 02:25:00,117.5,0,59,64.8,1,0,0
2026-09-06 02:30:00,117.0,0,59,65.2,1,0,0
2026-09-06 02:35:00,120.6,1,62,63.5,1,0,0
2026-09-06 02:40:00,123.3,0,60,67.0,1,0,0
2026-09-06 02:45:00,124.1,0,57,66.5,1,0,0
2026-09-06 02:50:00,120.8,0,57,67.1,1,0,0
2026-09-06 02:55:00,122.3,1,56,66.8,1,0,0
2026-09-06 03:00:00,121.7,1,60,62.6,1,0,0
2026-09-06 03:05:00,122.0,0,61,64.9,1,0,0
2026-09-06 03:10:00,121.6,1,57,66.4,1,0,0
2026-09-06 03:15:00,122.1,0,57,65.0,1,0,0
2026-09-06 03:20:00,121.8,0,60,64.4,1,0,0
2026-09-06 03:25:00,118.6,1,60,64.3,1,0,0
2026-09-06 03:30:00,117.1,0,60,63.6,1,0,0
2026-09-06 03:35:00,114.1,0,62,62.9,1,0,0
2026-09-06 03:40:00,117.1,0,58,65.8,1,0,0
2026-09-06 03:45:00,118.4,1,61,67.6,1,0,0
2026-09-06 03:50:00,118.4,0,63,62.5,1,0,0
2026-09-06 03:55:00,118.7,0,59,63.9,1,0,0
2026-09-06 04:00:00,121.2,0,58,62.9,1,0,0
2026-09-06 04:05:00,121.1,1,59,63.4,1,0,0
2026-09-06 04:10:00,121.2,0,60,66.2,1,0,0
2026-09-06 04:15:00,119.9,1,60,68.6,1,0,0
2026-09-06 04:20:00,121.0,1,60,64.3,1,0,0
2026-09-06 04:25:00,120.4,0,58,63.7,1,0,0
2026-09-06 04:30:00,123.4,1,61,67.8,1,0,0
2026-09-06 04:35:00,122.2,1,60,66.3,1,0,0
2026-09-06 04:40:00,120.4,1,55,62.0,1,0,0
2026-09-06 04:45:00,119.4,1,58,64.3,1,0,0
2026-09-06 04:50:00,123.6,0,58,66.2,1,0,0
2026-09-06 04:55:00,126.4,0,64,64.2,1,0,0
2026-09-06 05:00:00,128.5,0,60,63.2,1,0,0
2026-09-06 05:05:00,129.4,0,59,66.4,1,0,0
2026-09-06 05:10:00,128.6,0,58,64.2,1,0,0
2026-09-06 05:15:00,127.1,0,55,67.6,1,0,0
2026-09-06 05:20:00,126.8,1,61,67.3,1,0,0
2026-09-06 05:25:00,125.6,1,60,65.1,1,0,0
2026-09-06 05:30:00,121.9,0,62,62.7,1,0,0
2026-09-06 05:35:00,118.7,1,61,65.3,1,0,0
2026-09-06 05:40:00,119.6,1,59,64.2,1,0,0
2026-09-06 05:45:00,122.3,1,59,69.5,1,0,0
2026-09-06 05:50:00,123.2,0,60,67.5,1,0,0
2026-09-06 05:55:00,125.9,0,62,64.8,1,0,0
2026-09-06 06:00:00,122.0,1,57,66.5,1,0,0
2026-09-06 06:05:00,121.8,0,56,63.8,1,0,0
2026-09-06 06:10:00,123.5,0,60,64.7,1,0,0
2026-09-06 06:15:00,120.9,0,57,62.9,1,0,0
2026-09-06 06:20:00,121.4,0,59,66.5,1,0,0
2026-09-06 06:25:00,123.8,1,62,68.1,1,0,0
2026-09-06 06:30:00,122.6,1,58,68.8,1,0,0
2026-09-06 06:35:00,122.5,1,58,69.0,1,0,0
2026-09-06 06:40:00,125.0,1,57,67.2,1,0,0
2026-09-06 06:45:00,123.7,0,62,65.3,1,0,0
2026-09-06 06:50:00,122.1,0,60,68.0,1,0,0
2026-09-06 06:55:00,123.6,0,61,62.8,1,0,0
2026-09-06 07:00:00,124.4,0,57,68.8,1,0,0
2026-09-06 07:05:00,123.0,0,57,64.4,1,0,0
2026-09-06 07:10:00,120.7,10,70,42.1,0,0,0
2026-09-06 07:15:00,118.7,4,64,39.4,0,0,0
2026-09-06 07:20:00,121.5,10,64,41.8,0,0,0
2026-09-06 07:25:00,121.0,5,67,42.5,0,0,0
2026-09-06 07:30:00,122.7,8,74,40.4,0,70,78
2026-09-06 07:35:00,138.5,14,70,39.2,0,0,0
2026-09-06 07:40:00,149.0,6,71,41.3,0,0,0
2026-09-06 07:45:00,154.3,15,68,39.8,0,0,0
2026-09-06 07:50:00,152.0,15,71,41.6,0,0,0
2026-09-06 07:55:00,155.1,10,74,40.4,0,0,0
2026-09-06 08:00:00,153.5,8,65,42.2,0,0,0
2026-09-06 08:05:00,158.7,4,67,38.1,0,0,0
2026-09-06 08:10:00,159.4,3,67,39.3,0,0,0
2026-09-06 08:15:00,157.0,5,70,39.3,0,0,0
2026-09-06 08:20:00,159.1,4,63,39.2,0,0,0
2026-09-06 08:25:00,160.4,4,73,40.0,0,0,0
2026-09-06 08:30:00,158.9,27,70,37.2,0,0,0
2026-09-06 08:35:00,156.1,5,64,38.5,0,0,0
2026-09-06 08:40:00,155.7,5,65,41.0,0,0,0
2026-09-06 08:45:00,152.1,11,62,45.2,0,0,0
2026-09-06 08:50:00,153.2,6,68,40.3,0,0,0
2026-09-06 08:55:00,150.8,8,68,39.0,0,0,0
2026-09-06 09:00:00,147.9,14,67,41.1,0,0,0
2026-09-06 09:05:00,147.8,3,68,38.0,0,0,0
2026-09-06 09:10:00,146.6,10,65,40.7,0,0,0
2026-09-06 09:15:00,144.1,12,66,39.4,0,0,0
2026-09-06 09:20:00,141.5,10,69,39.4,0,0,0
2026-09-06 09:25:00,136.7,8,69,37.7,0,0,0
2026-09-06 09:30:00,133.4,17,68,39.0,0,0,0
2026-09-06 09:35:00,128.2,6,71,40.7,0,0,0
2026-09-06 09:40:00,126.7,7,68,40.5,0,0,0
2026-09-06 09:45:00,128.9,11,65,43.4,0,0,0
2026-09-06 09:50:00,126.9,5,64,40.1,0,0,0
2026-09-06 09:55:00,127.0,7,67,40.4,0,0,0
2026-09-06 10:00:00,125.1,13,69,38.7,0,0,0
2026-09-06 10:05:00,125.6,6,68,41.1,0,0,0
2026-09-06 10:10:00,122.8,5,69,41.8,0,0,0
2026-09-06 10:15:00,119.6,5,68,40.3,0,0,0
2026-09-06 10:20:00,116.0,14,67,41.0,0,0,0
2026-09-06 10:25:00,117.0,13,70,43.3,0,0,0
2026-09-06 10:30:00,114.3,16,65,39.5,0,0,0
2026-09-06 10:35:00,117.1,5,69,42.4,0,0,0
2026-09-06 10:40:00,116.0,10,68,38.9,0,0,0
2026-09-06 10:45:00,118.3,11,68,40.1,0,0,0
2026-09-06 10:50:00,116.3,0,66,42.9,0,0,0
2026-09-06 10:55:00,116.3,4,64,42.5,0,0,0
2026-09-06 11:00:00,117.3,20,65,41.7,0,0,0
2026-09-06 11:05:00,113.2,17,69,39.6,0,0,0
2026-09-06 11:10:00,111.8,6,69,41.2,0,0,0
2026-09-06 11:15:00,110.5,4,68,39.8,0,0,0
2026-09-06 11:20:00,113.0,16,68,41.9,0,0,0
2026-09-06 11:25:00,117.6,362,87,43.1,0,0,0
2026-09-06 11:30:00,117.3,365,90,41.4,0,0,0
2026-09-06 11:35:00,118.3,368,89,35.5,0,0,0
2026-09-06 11:40:00,119.9,365,86,39.8,0,0,0
2026-09-06 11:45:00,118.9,9,66,40.0,0,0,0
2026-09-06 11:50:00,116.4,17,70,36.4,0,0,0
2026-09-06 11:55:00,116.8,3,65,38.2,0,0,0
2026-09-06 12:00:00,116.2,2,66,41.2,0,0,0
2026-09-06 12:05:00,118.2,9,67,44.3,0,0,0
2026-09-06 12:10:00,114.5,7,67,41.1,0,0,0
2026-09-06 12:15:00,113.3,12,71,42.9,0,0,0
2026-09-06 12:20:00,112.9,7,65,37.6,0,0,0
2026-09-06 12:25:00,114.0,9,67,43.4,0,0,0
2026-09-06 12:30:00,113.9,10,66,41.9,0,0,0
2026-09-06 12:35:00,112.9,9,66,40.3,0,0,0
2026-09-06 12:40:00,107.6,2,66,41.0,0,0,0
2026-09-06 12:45:00,111.2,11,66,39.3,0,0,0
2026-09-06 12:50:00,110.6,6,68,41.8,0,0,0
2026-09-06 12:55:00,110.9,9,70,39.3,0,0,0
2026-09-06 13:00:00,114.2,6,68,35.4,0,0,0
2026-09-06 13:05:00,113.3,9,67,40.3,0,0,0
2026-09-06 13:10:00,113.5,12,68,38.2,0,0,0
2026-09-06 13:15:00,114.1,9,72,40.7,0,0,0
2026-09-06 13:20:00,116.2,8,66,39.7,0,0,0
2026-09-06 13:25:00,114.5,8,65,39.2,0,0,0
2026-09-06 13:30:00,111.9,10,72,41.7,0,0,0
2026-09-06 13:35:00,114.8,4,68,42.2,0,0,0
2026-09-06 13:40:00,113.8,8,67,40.3,0,0,0
2026-09-06 13:45:00,116.6,2,68,39.6,0,0,0
2026-09-06 13:50:00,115.1,8,70,40.1,0,75,68
2026-09-06 13:55:00,127.1,5,69,41.3,0,0,0
2026-09-06 14:00:00,134.9,10,77,39.1,0,0,0
2026-09-06 14:05:00,143.6,10,68,37.3,0,0,0
2026-09-06 14:10:00,150.2,5,71,41.3,0,0,0
2026-09-06 14:15:00,154.0,4,70,38.7,0,0,0
2026-09-06 14:20:00,155.1,11,66,39.9,0,0,0
2026-09-06 14:25:00,156.3,7,70,44.4,0,0,0
2026-09-06 14:30:00,157.8,13,70,39.3,0,0,0
2026-09-06 14:35:00,156.4,6,66,43.0,0,0,0
2026-09-06 14:40:00,154.5,6,68,41.6,0,0,0
2026-09-06 14:45:00,156.0,13,67,39.9,0,0,0
2026-09-06 14:50:00,157.2,4,66,38.9,0,0,0
2026-09-06 14:55:00,154.4,8,66,42.9,0,0,0
2026-09-06 15:00:00,150.3,17,70,37.2,0,0,0
2026-09-06 15:05:00,151.5,14,68,41.2,0,0,0
2026-09-06 15:10:00,148.1,11,69,38.2,0,0,0
2026-09-06 15:15:00,143.4,12,62,42.6,0,0,0
2026-09-06 15:20:00,140.4,5,65,41.0,0,0,0
2026-09-06 15:25:00,137.9,9,68,43.5,0,0,0
2026-09-06 15:30:00,141.0,7,68,39.0,0,0,0
2026-09-06 15:35:00,139.7,10,67,40.5,0,0,0
2026-09-06 15:40:00,138.4,2,65,41.9,0,0,0
2026-09-06 15:45:00,138.1,14,67,43.4,0,0,0
2026-09-06 15:50:00,137.0,5,62,42.4,0,0,0
2026-09-06 15:55:00,138.4,9,66,40.7,0,0,0
2026-09-06 16:00:00,136.2,16,66,40.5,0,0,0
2026-09-06 16:05:00,135.2,8,73,38.4,0,0,0
2026-09-06 16:10:00,137.9,16,66,42.2,0,0,0
2026-09-06 16:15:00,130.1,10,68,38.0,0,0,0
2026-09-06 16:20:00,126.4,13,69,40.7,0,0,0
2026-09-06 16:25:00,125.5,6,67,39.7,0,0,0
2026-09-06 16:30:00,126.7,4,67,43.0,0,0,0
2026-09-06 16:35:00,130.8,6,64,39.6,0,0,0
2026-09-06 16:40:00,129.0,3,63,45.5,0,0,0
2026-09-06 16:45:00,126.0,5,66,39.7,0,0,0
2026-09-06 16:50:00,125.0,5,66,37.7,0,0,0
2026-09-06 16:55:00,122.7,5,65,39.3,0,0,0
2026-09-06 17:00:00,123.1,8,67,43.9,0,0,0
2026-09-06 17:05:00,122.6,6,70,37.4,0,0,0
2026-09-06 17:10:00,122.8,8,63,38.5,0,0,0
2026-09-06 17:15:00,121.0,5,64,41.4,0,0,0
2026-09-06 17:20:00,122.2,14,71,39.4,0,22,50
2026-09-06 17:25:00,127.9,4,73,34.2,0,0,0
2026-09-06 17:30:00,130.1,3,67,40.5,0,0,0
2026-09-06 17:35:00,129.5,6,70,44.8,0,0,0
2026-09-06 17:40:00,130.4,4,72,38.8,0,0,0
2026-09-06 17:45:00,130.9,2,69,36.6,0,0,0
2026-09-06 17:50:00,131.2,10,68,43.2,0,0,0
2026-09-06 17:55:00,130.1,4,68,35.6,0,0,0
2026-09-06 18:00:00,131.7,3,68,39.4,0,0,0
2026-09-06 18:05:00,129.8,13,66,41.6,0,0,0
2026-09-06 18:10:00,129.7,7,69,40.3,0,0,0
2026-09-06 18:15:00,127.8,3,69,40.5,0,0,0
2026-09-06 18:20:00,130.3,4,65,41.7,0,0,0
2026-09-06 18:25:00,130.8,3,64,44.2,0,0,0
2026-09-06 18:30:00,124.5,3,69,42.8,0,0,0
2026-09-06 18:35:00,124.7,12,69,41.6,0,0,0
2026-09-06 18:40:00,128.1,10,68,44.6,0,0,0
2026-09-06 18:45:00,130.0,9,68,39.9,0,0,0
2026-09-06 18:50:00,125.4,14,67,42.4,0,0,0
2026-09-06 18:55:00,124.6,8,62,41.2,0,0,0
2026-09-06 19:00:00,118.2,4,66,42.0,0,0,0
2026-09-06 19:05:00,117.5,6,65,41.6,0,0,0
2026-09-06 19:10:00,119.0,11,70,39.1,0,0,0
2026-09-06 19:15:00,119.9,12,64,42.0,0,0,0
2026-09-06 19:20:00,121.9,10,67,39.7,0,0,0
2026-09-06 19:25:00,120.8,8,70,39.3,0,0,0
2026-09-06 19:30:00,120.2,6,65,37.8,0,0,0
2026-09-06 19:35:00,116.4,12,68,40.2,0,0,0
2026-09-06 19:40:00,115.0,5,68,41.5,0,0,0
2026-09-06 19:45:00,114.2,19,67,41.0,0,0,0
2026-09-06 19:50:00,111.1,8,68,38.7,0,0,0
2026-09-06 19:55:00,113.7,9,69,38.8,0,0,0
2026-09-06 20:00:00,111.7,3,65,41.9,0,0,0
2026-09-06 20:05:00,113.1,10,66,40.5,0,0,0
2026-09-06 20:10:00,110.1,13,70,41.2,0,0,0
2026-09-06 20:15:00,113.8,15,72,40.2,0,0,0
2026-09-06 20:20:00,114.2,8,71,36.8,0,0,0
2026-09-06 20:25:00,110.4,5,64,42.1,0,0,0
2026-09-06 20:30:00,110.9,8,69,37.7,0,89,75
2026-09-06 20:35:00,123.6,7,70,39.1,0,0,0
2026-09-06 20:40:00,135.0,11,69,41.2,0,0,0
2026-09-06 20:45:00,144.7,4,69,43.5,0,0,0
2026-09-06 20:50:00,151.5,7,66,43.5,0,0,0
2026-09-06 20:55:00,157.9,6,71,40.5,0,0,0
2026-09-06 21:00:00,160.4,4,67,40.5,0,0,0
2026-09-06 21:05:00,165.0,7,67,40.6,0,0,0
2026-09-06 21:10:00,168.9,13,67,40.5,0,0,0
2026-09-06 21:15:00,171.1,9,70,39.6,0,0,0
2026-09-06 21:20:00,171.9,17,70,40.4,0,0,0
2026-09-06 21:25:00,171.7,13,66,38.3,0,0,0
2026-09-06 21:30:00,171.2,9,69,40.1,0,0,0
2026-09-06 21:35:00,169.6,13,67,42.0,0,0,0
2026-09-06 21:40:00,165.8,6,70,44.4,0,0,0
2026-09-06 21:45:00,161.7,5,67,42.3,0,0,0
2026-09-06 21:50:00,158.2,6,69,42.0,0,0,0
2026-09-06 21:55:00,158.3,7,72,38.9,0,0,0
2026-09-06 22:00:00,155.8,11,66,37.8,0,0,0
2026-09-06 22:05:00,154.4,23,68,38.6,0,0,0
2026-09-06 22:10:00,152.7,10,68,40.6,0,0,0
2026-09-06 22:15:00,149.5,7,68,45.5,0,0,0
2026-09-06 22:20:00,148.5,0,63,69.0,1,0,0
2026-09-06 22:25:00,141.8,1,61,65.5,1,0,0
2026-09-06 22:30:00,137.4,0,58,67.0,1,0,0
2026-09-06 22:35:00,135.9,0,57,68.3,1,0,0
2026-09-06 22:40:00,135.4,0,58,66.1,1,0,0
2026-09-06 22:45:00,133.2,0,57,66.0,1,0,0
2026-09-06 22:50:00,129.1,1,58,65.3,1,0,0
2026-09-06 22:55:00,126.4,0,60,68.3,1,0,0
2026-09-06 23:00:00,127.8,1,58,64.3,1,0,0
2026-09-06 23:05:00,127.2,0,59,65.2,1,0,0
2026-09-06 23:10:00,127.2,0,60,65.4,1,0,0
2026-09-06 23:15:00,128.8,0,57,63.5,1,0,0
2026-09-06 23:20:00,125.6,0,58,66.8,1,0,0
2026-09-06 23:25:00,124.0,0,57,66.1,1,0,0
2026-09-06 23:30:00,124.3,1,62,64.3,1,0,0
2026-09-06 23:35:00,124.2,0,58,66.1,1,0,0
2026-09-06 23:40:00,122.7,0,60,64.1,1,0,0
2026-09-06 23:45:00,121.3,0,61,62.7,1,0,0
2026-09-06 23:50:00,120.8,1,62,65.7,1,0,0
2026-09-06 23:55:00,116.9,0,61,64.3,1,0,0
2026-09-07 00:00:00,116.9,0,61,68.0,1,0,0
2026-09-07 00:05:00,117.7,0,58,67.2,1,0,0
2026-09-07 00:10:00,119.1,0,57,66.8,1,0,0
2026-09-07 00:15:00,119.6,2,61,69.4,1,0,0
2026-09-07 00:20:00,119.3,0,56,67.6,1,0,0
2026-09-07 00:25:00,116.8,0,58,66.5,1,0,0
2026-09-07 00:30:00,117.7,0,57,64.7,1,0,0
2026-09-07 00:35:00,114.4,0,59,65.3,1,0,0
2026-09-07 00:40:00,115.3,0,60,68.4,1,0,0
2026-09-07 00:45:00,116.8,0,59,65.5,1,0,0
2026-09-07 00:50:00,118.2,0,62,68.3,1,0,0
2026-09-07 00:55:00,118.4,0,61,67.2,1,0,0
2026-09-07 01:00:00,117.6,1,60,66.0,1,0,0
2026-09-07 01:05:00,117.5,0,58,63.9,1,0,0
2026-09-07 01:10:00,115.3,0,61,64.9,1,0,0
2026-09-07 01:15:00,114.3,1,61,67.1,1,0,0
2026-09-07 01:20:00,111.8,0,58,62.1,1,0,0
2026-09-07 01:25:00,111.8,1,60,67.2,1,0,0
2026-09-07 01:30:00,110.8,0,57,65.1,1,0,0
2026-09-07 01:35:00,108.3,0,58,60.6,1,0,0
2026-09-07 01:40:00,106.8,0,56,61.6,1,0,0
2026-09-07 01:45:00,106.0,1,58,64.6,1,0,0
2026-09-07 01:50:00,108.1,0,58,63.9,1,0,0
2026-09-07 01:55:00,110.7,0,57,66.1,1,0,0
2026-09-07 02:00:00,112.0,1,58,64.1,1,0,0
2026-09-07 02:05:00,112.6,1,62,67.1,1,0,0
2026-09-07 02:10:00,111.5,0,59,64.0,1,0,0
2026-09-07 02:15:00,110.9,1,58,63.4,1,0,0
2026-09-07 02:20:00,107.7,0,55,65.9,1,0,0
2026-09-07 02:25:00,107.0,0,57,65.0,1,0,0
2026-09-07 02:30:00,108.7,2,61,65.3,1,0,0
2026-09-07 02:35:00,109.0,0,58,64.5,1,0,0
2026-09-07 02:40:00,110.2,0,58,66.1,1,0,0
2026-09-07 02:45:00,110.8,0,57,62.6,1,0,0
2026-09-07 02:50:00,113.4,1,56,65.7,1,0,0
2026-09-07 02:55:00,113.2,0,60,62.6,1,0,0
2026-09-07 03:00:00,113.7,0,55,60.3,1,0,0
2026-09-07 03:05:00,113.6,0,58,63.8,1,0,0
2026-09-07 03:10:00,115.4,0,58,64.9,1,0,0
2026-09-07 03:15:00,118.6,2,60,65.0,1,0,0
2026-09-07 03:20:00,116.5,0,58,63.0,1,0,0
2026-09-07 03:25:00,116.5,0,62,64.2,1,0,0
2026-09-07 03:30:00,118.8,1,59,66.5,1,0,0
2026-09-07 03:35:00,117.8,1,57,63.2,1,0,0
2026-09-07 03:40:00,116.2,0,58,66.0,1,0,0
2026-09-07 03:45:00,117.1,0,57,65.7,1,0,0
2026-09-07 03:50:00,116.8,1,59,69.6,1,0,0
2026-09-07 03:55:00,114.4,0,62,63.8,1,0,0
2026-09-07 04:00:00,115.2,0,57,65.2,1,0,0
2026-09-07 04:05:00,117.0,0,59,65.6,1,0,0
2026-09-07 04:10:00,117.4,0,60,63.4,1,0,0
2026-09-07 04:15:00,121.5,0,60,64.9,1,0,0
2026-09-07 04:20:00,121.8,0,61,65.8,1,0,0
2026-09-07 04:25:00,125.5,1,60,68.1,1,0,0
2026-09-07 04:30:00,126.8,1,61,64.7,1,0,0
2026-09-07 04:35:00,122.5,0,57,65.2,1,0,0
2026-09-07 04:40:00,118.8,1,57,62.3,1,0,0
2026-09-07 04:45:00,122.5,0,60,63.3,1,0,0
2026-09-07 04:50:00,121.6,0,61,65.0,1,0,0
2026-09-07 04:55:00,121.4,0,59,64.1,1,0,0
2026-09-07 05:00:00,124.9,0,59,66.7,1,0,0
2026-09-07 05:05:00,123.3,1,59,68.8,1,0,0
2026-09-07 05:10:00,119.3,0,60,59.9,1,0,0
2026-09-07 05:15:00,116.0,0,59,65.9,1,0,0
2026-09-07 05:20:00,119.5,0,58,67.6,1,0,0
2026-09-07 05:25:00,121.2,0,62,65.3,1,0,0
2026-09-07 05:30:00,120.0,0,58,66.3,1,0,0
2026-09-07 05:35:00,121.3,1,57,65.3,1,0,0
2026-09-07 05:40:00,120.1,0,55,65.1,1,0,0
2026-09-07 05:45:00,122.2,0,55,64.5,1,0,0
2026-09-07 05:50:00,119.4,0,60,68.7,1,0,0
2026-09-07 05:55:00,120.3,1,57,66.9,1,0,0
2026-09-07 06:00:00,120.2,1,59,65.5,1,0,0
2026-09-07 06:05:00,117.6,1,61,63.5,1,0,0
2026-09-07 06:10:00,118.6,1,58,64.0,1,0,0
2026-09-07 06:15:00,120.8,0,61,66.1,1,0,0
2026-09-07 06:20:00,121.6,11,71,39.2,0,0,0
2026-09-07 06:25:00,121.9,15,64,41.2,0,0,0
2026-09-07 06:30:00,121.1,7,65,40.9,0,0,0
2026-09-07 06:35:00,121.4,6,65,40.7,0,0,0
2026-09-07 06:40:00,120.9,2,66,41.7,0,0,0
2026-09-07 06:45:00,120.6,13,66,39.7,0,0,0
2026-09-07 06:50:00,121.8,13,67,41.0,0,0,0
2026-09-07 06:55:00,121.3,9,69,38.9,0,0,0
2026-09-07 07:00:00,120.6,10,69,40.7,0,0,0
2026-09-07 07:05:00,123.2,8,69,36.8,0,0,0
2026-09-07 07:10:00,121.8,4,67,39.8,0,0,0
2026-09-07 07:15:00,118.5,7,67,39.4,0,0,0
2026-09-07 07:20:00,116.5,13,74,43.3,0,28,55
2026-09-07 07:25:00,117.3,8,72,40.6,0,0,0
2026-09-07 07:30:00,118.2,17,68,38.5,0,0,0
2026-09-07 07:35:00,122.6,12,71,39.6,0,0,0
2026-09-07 07:40:00,122.0,6,70,39.0,0,0,0
2026-09-07 07:45:00,123.1,4,71,42.1,0,0,0
2026-09-07 07:50:00,123.4,6,66,43.2,0,0,0
2026-09-07 07:55:00,121.7,8,67,39.3,0,0,0
2026-09-07 08:00:00,123.9,13,68,40.8,0,0,0
2026-09-07 08:05:00,123.7,7,67,40.7,0,0,0
2026-09-07 08:10:00,125.3,5,62,41.3,0,0,0
2026-09-07 08:15:00,122.3,6,69,40.7,0,0,0
2026-09-07 08:20:00,120.8,6,65,38.9,0,0,0
2026-09-07 08:25:00,116.3,4,67,43.5,0,0,0
2026-09-07 08:30:00,118.2,12,66,39.5,0,0,0
2026-09-07 08:35:00,115.0,7,68,44.0,0,0,0
2026-09-07 08:40:00,116.6,6,66,36.2,0,0,0
2026-09-07 08:45:00,117.2,10,66,45.3,0,0,0
2026-09-07 08:50:00,118.0,3,66,41.4,0,0,0
2026-09-07 08:55:00,120.6,8,70,41.8,0,0,0
2026-09-07 09:00:00,119.9,7,66,39.7,0,0,0
2026-09-07 09:05:00,118.1,5,68,38.4,0,0,0
2026-09-07 09:10:00,115.9,9,68,39.8,0,0,0
2026-09-07 09:15:00,117.8,12,65,36.6,0,0,0
2026-09-07 09:20:00,117.9,11,70,44.7,0,0,0
2026-09-07 09:25:00,120.8,10,63,38.6,0,0,0
2026-09-07 09:30:00,120.5,16,70,38.5,0,0,0
2026-09-07 09:35:00,115.7,4,68,39.0,0,0,0
2026-09-07 09:40:00,116.5,8,67,37.9,0,0,0
2026-09-07 09:45:00,113.0,4,69,38.4,0,0,0
2026-09-07 09:50:00,112.3,10,65,43.2,0,0,0
2026-09-07 09:55:00,112.2,8,67,44.4,0,0,0
2026-09-07 10:00:00,110.7,14,68,40.3,0,0,0
2026-09-07 10:05:00,104.9,5,67,37.5,0,0,0
2026-09-07 10:10:00,106.4,8,68,42.6,0,0,0
2026-09-07 10:15:00,106.5,14,65,41.0,0,0,0
2026-09-07 10:20:00,108.1,8,67,43.5,0,0,0
2026-09-07 10:25:00,106.8,9,68,40.8,0,0,0
2026-09-07 10:30:00,108.3,6,68,39.7,0,0,0
2026-09-07 10:35:00,111.6,4,72,40.0,0,0,0
2026-09-07 10:40:00,112.8,2,67,40.9,0,0,0
2026-09-07 10:45:00,113.1,11,66,41.4,0,0,0
2026-09-07 10:50:00,113.0,8,64,40.3,0,0,0
2026-09-07 10:55:00,112.8,2,69,37.4,0,0,0
2026-09-07 11:00:00,113.5,4,68,37.9,0,0,0
2026-09-07 11:05:00,115.6,6,67,43.0,0,0,0
2026-09-07 11:10:00,116.4,9,70,38.6,0,0,0
2026-09-07 11:15:00,117.3,7,65,39.6,0,0,0
2026-09-07 11:20:00,119.8,12,72,41.0,0,0,0
2026-09-07 11:25:00,116.7,11,69,40.8,0,0,0
2026-09-07 11:30:00,118.1,7,71,43.2,0,0,0
2026-09-07 11:35:00,115.7,9,65,38.5,0,0,0
2026-09-07 11:40:00,116.4,13,66,43.4,0,0,0
2026-09-07 11:45:00,114.5,11,70,38.7,0,0,0
2026-09-07 11:50:00,115.4,5,67,39.8,0,0,0
2026-09-07 11:55:00,117.3,8,63,38.6,0,0,0
2026-09-07 12:00:00,116.6,9,67,41.1,0,0,0
2026-09-07 12:05:00,118.4,3,67,36.2,0,0,0
2026-09-07 12:10:00,115.6,17,69,40.4,0,0,0
2026-09-07 12:15:00,118.4,6,70,42.7,0,0,0
2026-09-07 12:20:00,115.1,9,68,39.3,0,0,0
2026-09-07 12:25:00,116.2,4,67,44.5,0,0,0
2026-09-07 12:30:00,114.4,17,67,39.2,0,0,0
2026-09-07 12:35:00,115.7,7,65,39.1,0,0,0
2026-09-07 12:40:00,115.6,17,68,40.1,0,0,0
2026-09-07 12:45:00,111.2,3,68,43.2,0,0,0
2026-09-07 12:50:00,113.2,17,69,36.4,0,0,0
2026-09-07 12:55:00,110.5,7,67,38.0,0,0,0
2026-09-07 13:00:00,109.9,14,66,42.0,0,0,0
2026-09-07 13:05:00,110.0,5,65,40.2,0,0,0
2026-09-07 13:10:00,111.0,4,67,38.4,0,0,0
2026-09-07 13:15:00,112.1,7,68,37.9,0,0,0
2026-09-07 13:20:00,114.1,11,65,41.6,0,0,0
2026-09-07 13:25:00,120.9,7,69,42.9,0,55,55
2026-09-07 13:30:00,124.7,7,72,40.0,0,0,0
2026-09-07 13:35:00,126.2,9,70,38.4,0,0,0
2026-09-07 13:40:00,128.9,6,70,40.8,0,0,0
2026-09-07 13:45:00,131.6,8,73,37.5,0,0,0
2026-09-07 13:50:00,133.3,7,70,41.3,0,0,0
2026-09-07 13:55:00,136.2,11,69,41.9,0,0,0
2026-09-07 14:00:00,138.9,12,65,42.3,0,0,0
2026-09-07 14:05:00,137.6,19,67,37.2,0,0,0
2026-09-07 14:10:00,140.5,15,68,40.7,0,0,0
2026-09-07 14:15:00,140.0,10,66,39.8,0,0,0
2026-09-07 14:20:00,139.3,5,69,43.8,0,0,0
2026-09-07 14:25:00,140.0,5,67,38.5,0,0,0
2026-09-07 14:30:00,136.5,8,71,40.6,0,0,0
2026-09-07 14:35:00,131.7,8,71,41.5,0,0,0
2026-09-07 14:40:00,132.1,18,68,40.8,0,0,0
2026-09-07 14:45:00,133.1,6,67,37.3,0,0,0
2026-09-07 14:50:00,128.9,7,68,41.7,0,0,0
2026-09-07 14:55:00,128.1,6,72,44.7,0,0,0
2026-09-07 15:00:00,128.3,2,64,35.6,0,0,0
2026-09-07 15:05:00,127.5,12,70,38.4,0,0,0
2026-09-07 15:10:00,126.3,7,69,43.1,0,0,0
2026-09-07 15:15:00,124.8,5,65,40.5,0,0,0
2026-09-07 15:20:00,122.3,3,67,38.8,0,0,0
2026-09-07 15:25:00,120.9,9,67,42.0,0,0,0
2026-09-07 15:30:00,120.6,6,68,40.8,0,0,0
2026-09-07 15:35:00,120.6,4,69,42.5,0,0,0
2026-09-07 15:40:00,119.0,5,69,42.7,0,0,0
2026-09-07 15:45:00,121.8,9,68,40.8,0,0,0
2026-09-07 15:50:00,118.2,4,63,41.2,0,0,0
2026-09-07 15:55:00,119.2,15,67,43.1,0,0,0
2026-09-07 16:00:00,118.4,8,68,41.2,0,0,0
2026-09-07 16:05:00,118.4,6,68,38.1,0,0,0
2026-09-07 16:10:00,120.5,9,71,38.8,0,0,0
2026-09-07 16:15:00,121.9,5,68,39.5,0,0,0
2026-09-07 16:20:00,123.5,6,63,39.6,0,0,0
2026-09-07 16:25:00,123.7,12,67,35.8,0,0,0
2026-09-07 16:30:00,120.2,4,69,40.9,0,0,0
2026-09-07 16:35:00,121.2,458,97,38.0,0,0,0
2026-09-07 16:40:00,117.7,461,96,39.7,0,0,0
2026-09-07 16:45:00,115.0,461,94,40.1,0,0,0
2026-09-07 16:50:00,112.3,453,94,41.4,0,0,0
2026-09-07 16:55:00,113.1,7,65,37.3,0,0,0
2026-09-07 17:00:00,113.0,20,70,43.4,0,0,0
2026-09-07 17:05:00,112.0,11,68,42.7,0,0,0
2026-09-07 17:10:00,114.1,10,65,41.7,0,0,0
2026-09-07 17:15:00,115.2,16,70,40.9,0,20,50
2026-09-07 17:20:00,115.0,3,70,40.8,0,0,0
2026-09-07 17:25:00,113.0,6,71,38.7,0,0,0
2026-09-07 17:30:00,115.6,17,70,37.1,0,0,0
2026-09-07 17:35:00,117.7,12,70,42.9,0,0,0
2026-09-07 17:40:00,119.0,6,70,40.0,0,0,0
2026-09-07 17:45:00,122.4,10,67,36.6,0,0,0
2026-09-07 17:50:00,121.4,6,66,39.3,0,0,0
2026-09-07 17:55:00,121.5,8,68,42.7,0,0,0
2026-09-07 18:00:00,120.9,7,70,37.7,0,0,0
2026-09-07 18:05:00,120.4,8,71,41.3,0,0,0
2026-09-07 18:10:00,121.0,4,64,38.9,0,0,0
2026-09-07 18:15:00,126.5,3,66,39.4,0,0,0
2026-09-07 18:20:00,123.2,9,68,34.3,0,0,0
2026-09-07 18:25:00,125.3,6,67,41.9,0,0,0
2026-09-07 18:30:00,125.1,1,71,46.5,0,0,0
2026-09-07 18:35:00,127.3,7,62,41.0,0,0,0
2026-09-07 18:40:00,123.7,7,69,38.3,0,0,0
2026-09-07 18:45:00,122.1,7,67,43.9,0,0,0
2026-09-07 18:50:00,120.1,12,68,41.9,0,0,0
2026-09-07 18:55:00,121.3,4,67,39.5,0,0,0
2026-09-07 19:00:00,117.8,15,63,38.2,0,0,0
2026-09-07 19:05:00,116.9,7,69,38.4,0,0,0
2026-09-07 19:10:00,115.5,15,68,45.0,0,0,0
2026-09-07 19:15:00,117.3,6,70,39.0,0,0,0
2026-09-07 19:20:00,115.7,5,70,39.1,0,0,0
2026-09-07 19:25:00,117.7,29,65,37.2,0,0,0
2026-09-07 19:30:00,113.4,16,70,40.9,0,0,0
2026-09-07 19:35:00,111.7,9,64,42.8,0,0,0
2026-09-07 19:40:00,108.8,1,67,39.6,0,0,0
2026-09-07 19:45:00,105.7,7,67,36.5,0,0,0
2026-09-07 19:50:00,101.8,11,69,41.1,0,0,0
2026-09-07 19:55:00,101.8,16,69,46.2,0,0,0
2026-09-07 20:00:00,102.3,3,69,41.2,0,0,0
2026-09-07 20:05:00,104.6,16,65,38.3,0,0,0
2026-09-07 20:10:00,105.0,8,70,36.5,0,0,0
2026-09-07 20:15:00,110.6,10,69,40.5,0,0,0
2026-09-07 20:20:00,111.3,2,70,42.8,0,0,0
2026-09-07 20:25:00,117.1,2,68,41.8,0,0,0
2026-09-07 20:30:00,117.5,11,65,38.0,0,0,0
2026-09-07 20:35:00,114.7,10,69,40.2,0,0,0
2026-09-07 20:40:00,114.2,24,69,39.3,0,0,0
2026-09-07 20:45:00,109.9,10,70,39.7,0,0,0
2026-09-07 20:50:00,107.5,6,72,40.3,0,0,0
2026-09-07 20:55:00,107.3,6,74,41.0,0,81,75
2026-09-07 21:00:00,122.4,14,69,40.6,0,0,0
2026-09-07 21:05:00,126.9,7,70,40.6,0,0,0
2026-09-07 21:10:00,134.6,439,93,38.3,0,0,0
2026-09-07 21:15:00,138.7,439,97,43.0,0,0,0
2026-09-07 21:20:00,143.2,5,72,37.8,0,0,0
2026-09-07 21:25:00,146.6,11,68,38.4,0,0,0
2026-09-07 21:30:00,146.7,6,69,37.7,0,0,0
2026-09-07 21:35:00,149.2,0,68,40.9,0,0,0
2026-09-07 21:40:00,148.6,5,64,38.6,0,0,0
2026-09-07 21:45:00,148.0,0,60,67.6,1,0,0
2026-09-07 21:50:00,147.0,0,61,65.2,1,0,0
2026-09-07 21:55:00,150.4,0,57,67.0,1,0,0
2026-09-07 22:00:00,147.4,1,59,63.8,1,0,0
2026-09-07 22:05:00,143.8,0,61,64.9,1,0,0
2026-09-07 22:10:00,141.2,1,63,65.9,1,0,0
2026-09-07 22:15:00,137.8,0,59,67.1,1,0,0
2026-09-07 22:20:00,135.2,1,56,68.3,1,0,0
2026-09-07 22:25:00,135.7,0,61,67.5,1,0,0
2026-09-07 22:30:00,129.4,0,56,65.2,1,0,0
2026-09-07 22:35:00,127.2,0,61,64.0,1,0,0
2026-09-07 22:40:00,127.4,0,55,68.9,1,0,0
2026-09-07 22:45:00,129.5,0,58,65.6,1,0,0
2026-09-07 22:50:00,129.7,1,58,66.7,1,0,0
2026-09-07 22:55:00,131.0,1,59,63.4,1,0,0
2026-09-07 23:00:00,130.1,1,57,63.5,1,0,0
2026-09-07 23:05:00,130.2,0,60,65.3,1,0,0
2026-09-07 23:10:00,128.5,0,59,64.6,1,0,0
2026-09-07 23:15:00,128.9,1,63,67.0,1,0,0
2026-09-07 23:20:00,125.1,0,59,63.5,1,0,0
2026-09-07 23:25:00,125.4,0,60,67.3,1,0,0
2026-09-07 23:30:00,125.5,0,57,62.6,1,0,0
2026-09-07 23:35:00,125.2,1,58,66.2,1,0,0
2026-09-07 23:40:00,123.1,0,57,62.9,1,0,0
2026-09-07 23:45:00,122.7,0,63,66.7,1,0,0
2026-09-07 23:50:00,121.4,0,59,67.7,1,0,0
2026-09-07 23:55:00,119.6,1,58,65.2,1,0,0
2026-09-08 00:00:00,120.4,0,54,65.3,1,0,0
2026-09-08 00:05:00,119.5,0,57,67.4,1,0,0
2026-09-08 00:10:00,118.8,0,61,68.2,1,0,0
2026-09-08 00:15:00,118.1,0,61,64.4,1,0,0
2026-09-08 00:20:00,116.8,0,62,66.0,1,0,0
2026-09-08 00:25:00,116.8,0,60,65.3,1,0,0
2026-09-08 00:30:00,117.1,0,61,65.5,1,0,0
2026-09-08 00:35:00,118.3,0,63,67.5,1,0,0
2026-09-08 00:40:00,120.1,0,59,66.0,1,0,0
2026-09-08 00:45:00,118.7,0,59,60.4,1,0,0
2026-09-08 00:50:00,118.3,0,60,65.4,1,0,0
2026-09-08 00:55:00,117.4,0,60,67.0,1,0,0
2026-09-08 01:00:00,115.1,0,55,65.1,1,0,0
2026-09-08 01:05:00,115.6,0,60,64.5,1,0,0
2026-09-08 01:10:00,113.1,0,58,66.2,1,0,0
2026-09-08 01:15:00,117.0,0,56,65.9,1,0,0
2026-09-08 01:20:00,113.6,0,62,65.2,1,0,0
2026-09-08 01:25:00,113.5,0,60,61.5,1,0,0
2026-09-08 01:30:00,111.0,0,57,67.5,1,0,0
2026-09-08 01:35:00,111.1,0,61,62.0,1,0,0
2026-09-08 01:40:00,114.8,0,60,59.7,1,0,0
2026-09-08 01:45:00,117.2,1,60,64.5,1,0,0
2026-09-08 01:50:00,115.6,1,57,65.8,1,0,0
2026-09-08 01:55:00,116.6,0,61,65.2,1,0,0
2026-09-08 02:00:00,115.8,0,61,64.4,1,0,0
2026-09-08 02:05:00,114.7,0,58,66.6,1,0,0
2026-09-08 02:10:00,114.6,0,62,66.6,1,0,0
2026-09-08 02:15:00,114.5,1,59,65.3,1,0,0
2026-09-08 02:20:00,113.1,0,59,66.2,1,0,0
2026-09-08 02:25:00,109.8,0,60,64.6,1,0,0
2026-09-08 02:30:00,113.5,0,59,68.0,1,0,0
2026-09-08 02:35:00,115.6,1,54,65.7,1,0,0
2026-09-08 02:40:00,110.9,0,56,67.9,1,0,0
2026-09-08 02:45:00,108.4,0,57,66.0,1,0,0
2026-09-08 02:50:00,105.2,0,59,63.6,1,0,0
2026-09-08 02:55:00,109.3,0,62,65.6,1,0,0
2026-09-08 03:00:00,107.7,1,56,66.6,1,0,0
2026-09-08 03:05:00,104.3,0,59,68.9,1,0,0
2026-09-08 03:10:00,107.4,1,58,71.7,1,0,0
2026-09-08 03:15:00,110.6,0,58,62.8,1,0,0
2026-09-08 03:20:00,108.5,0,57,65.8,1,0,0
2026-09-08 03:25:00,110.6,0,61,64.0,1,0,0
2026-09-08 03:30:00,108.0,1,59,71.1,1,0,0
2026-09-08 03:35:00,109.4,0,57,67.3,1,0,0
2026-09-08 03:40:00,109.5,0,57,64.1,1,0,0
2026-09-08 03:45:00,111.2,1,56,65.8,1,0,0
2026-09-08 03:50:00,116.9,0,57,66.0,1,0,0
2026-09-08 03:55:00,116.7,0,60,69.7,1,0,0
2026-09-08 04:00:00,119.7,1,59,63.9,1,0,0
2026-09-08 04:05:00,123.9,0,57,64.4,1,0,0
2026-09-08 04:10:00,123.7,0,61,68.0,1,0,0
2026-09-08 04:15:00,121.5,0,62,65.2,1,0,0
2026-09-08 04:20:00,118.1,0,59,67.5,1,0,0
2026-09-08 04:25:00,119.1,1,58,63.8,1,0,0
2026-09-08 04:30:00,118.9,0,58,62.4,1,0,0
2026-09-08 04:35:00,119.7,0,56,64.8,1,0,0
2026-09-08 04:40:00,119.4,0,57,60.9,1,0,0
2026-09-08 04:45:00,123.2,0,58,63.2,1,0,0
2026-09-08 04:50:00,125.1,0,58,67.9,1,0,0
2026-09-08 04:55:00,124.9,1,58,67.1,1,0,0
2026-09-08 05:00:00,122.3,1,60,63.1,1,0,0
2026-09-08 05:05:00,124.5,0,58,66.7,1,0,0
2026-09-08 05:10:00,121.6,0,56,64.4,1,0,0
2026-09-08 05:15:00,123.4,0,60,64.0,1,0,0
2026-09-08 05:20:00,125.1,1,58,65.8,1,0,0
2026-09-08 05:25:00,125.6,1,63,69.6,1,0,0
2026-09-08 05:30:00,123.8,0,57,65.2,1,0,0
2026-09-08 05:35:00,126.3,0,53,66.1,1,0,0
2026-09-08 05:40:00,128.6,0,60,61.5,1,0,0
2026-09-08 05:45:00,128.3,0,55,64.8,1,0,0
2026-09-08 05:50:00,125.8,0,58,65.6,1,0,0
2026-09-08 05:55:00,124.6,0,60,64.6,1,0,0
2026-09-08 06:00:00,122.7,0,63,63.9,1,0,0
2026-09-08 06:05:00,121.7,0,58,64.5,1,0,0
2026-09-08 06:10:00,126.4,0,61,64.6,1,0,0
2026-09-08 06:15:00,125.2,0,57,64.7,1,0,0
2026-09-08 06:20:00,130.6,9,64,41.3,0,0,0
2026-09-08 06:25:00,126.2,15,68,33.7,0,0,0
2026-09-08 06:30:00,124.1,4,69,40.9,0,0,0
2026-09-08 06:35:00,127.5,18,67,40.8,0,0,0
2026-09-08 06:40:00,127.7,4,70,41.3,0,0,0
2026-09-08 06:45:00,126.5,19,72,39.6,0,0,0
2026-09-08 06:50:00,126.3,6,68,39.0,0,0,0
2026-09-08 06:55:00,122.2,17,68,40.3,0,0,0
2026-09-08 07:00:00,124.7,8,66,39.0,0,0,0
2026-09-08 07:05:00,122.9,7,69,39.0,0,0,0
2026-09-08 07:10:00,126.6,13,67,39.6,0,0,0
2026-09-08 07:15:00,132.3,7,69,39.1,0,0,0
2026-09-08 07:20:00,129.7,5,66,38.5,0,0,0
2026-09-08 07:25:00,127.7,15,68,38.8,0,0,0
2026-09-08 07:30:00,126.2,11,69,42.0,0,0,0
2026-09-08 07:35:00,126.7,8,68,41.6,0,0,0
2026-09-08 07:40:00,126.8,10,64,41.8,0,0,0
2026-09-08 07:45:00,126.2,6,66,41.3,0,0,0
2026-09-08 07:50:00,127.4,16,67,44.2,0,0,0
2026-09-08 07:55:00,128.9,2,68,41.7,0,0,0
2026-09-08 08:00:00,127.2,3,68,40.2,0,0,0
2026-09-08 08:05:00,127.7,3,67,44.0,0,0,0
2026-09-08 08:10:00,130.0,5,68,41.0,0,28,55
2026-09-08 08:15:00,132.9,5,68,41.6,0,0,0
2026-09-08 08:20:00,135.2,2,70,38.9,0,0,0
2026-09-08 08:25:00,135.1,16,70,36.5,0,0,0
2026-09-08 08:30:00,137.2,5,72,40.9,0,0,0
2026-09-08 08:35:00,137.7,3,70,41.7,0,0,0
2026-09-08 08:40:00,141.0,5,70,41.1,0,0,0
2026-09-08 08:45:00,140.8,12,70,41.4,0,0,0
2026-09-08 08:50:00,138.8,13,68,37.6,0,0,0
2026-09-08 08:55:00,138.9,12,68,41.9,0,0,0
2026-09-08 09:00:00,136.4,13,72,38.9,0,0,0
2026-09-08 09:05:00,134.6,8,67,45.4,0,0,0
2026-09-08 09:10:00,136.0,14,72,37.9,0,0,0
2026-09-08 09:15:00,136.2,5,68,40.4,0,0,0
2026-09-08 09:20:00,136.1,7,68,44.3,0,0,0
2026-09-08 09:25:00,135.2,8,69,37.5,0,0,0
2026-09-08 09:30:00,132.1,8,72,38.7,0,0,0
2026-09-08 09:35:00,130.5,5,71,40.8,0,0,0
2026-09-08 09:40:00,130.3,7,68,39.4,0,0,0
2026-09-08 09:45:00,129.4,9,65,45.1,0,0,0
2026-09-08 09:50:00,126.4,6,66,36.6,0,0,0
2026-09-08 09:55:00,123.2,3,67,38.7,0,0,0
2026-09-08 10:00:00,123.4,5,64,41.1,0,0,0
2026-09-08 10:05:00,124.5,12,66,40.5,0,0,0
2026-09-08 10:10:00,124.7,4,68,41.6,0,0,0
2026-09-08 10:15:00,121.3,14,67,39.3,0,0,0
2026-09-08 10:20:00,117.9,1,70,38.2,0,0,0
2026-09-08 10:25:00,121.0,10,68,40.4,0,0,0
2026-09-08 10:30:00,120.5,14,68,41.4,0,0,0
2026-09-08 10:35:00,119.6,5,67,36.6,0,0,0
2026-09-08 10:40:00,121.2,11,63,42.3,0,0,0
2026-09-08 10:45:00,122.1,4,67,40.8,0,0,0
2026-09-08 10:50:00,124.8,8,70,38.5,0,0,0
2026-09-08 10:55:00,119.7,8,69,38.6,0,0,0
2026-09-08 11:00:00,122.3,7,71,39.6,0,0,0
2026-09-08 11:05:00,124.4,8,69,39.9,0,0,0
2026-09-08 11:10:00,123.9,8,68,39.0,0,0,0
2026-09-08 11:15:00,124.1,7,66,36.9,0,0,0
2026-09-08 11:20:00,123.5,4,69,35.4,0,0,0
2026-09-08 11:25:00,118.8,9,68,43.9,0,0,0
2026-09-08 11:30:00,113.6,4,66,38.5,0,0,0
2026-09-08 11:35:00,118.8,7,68,42.4,0,0,0
2026-09-08 11:40:00,113.4,12,71,41.8,0,0,0
2026-09-08 11:45:00,116.1,10,70,39.6,0,0,0
2026-09-08 11:50:00,110.8,14,71,43.1,0,0,0
2026-09-08 11:55:00,110.6,12,67,42.7,0,0,0
2026-09-08 12:00:00,111.5,8,67,43.8,0,0,0
2026-09-08 12:05:00,111.4,5,67,43.6,0,0,0
2026-09-08 12:10:00,111.0,6,66,39.3,0,0,0
2026-09-08 12:15:00,112.0,4,69,37.8,0,0,0
2026-09-08 12:20:00,113.1,19,67,44.1,0,0,0
2026-09-08 12:25:00,111.2,10,66,42.2,0,0,0
2026-09-08 12:30:00,113.3,4,66,40.9,0,0,0
2026-09-08 12:35:00,114.0,7,68,38.0,0,0,0
2026-09-08 12:40:00,113.8,6,68,40.2,0,0,0
2026-09-08 12:45:00,112.2,13,70,40.8,0,0,0
2026-09-08 12:50:00,111.9,6,70,42.6,0,0,0
2026-09-08 12:55:00,109.6,8,66,38.7,0,0,0
2026-09-08 13:00:00,111.9,1,63,40.6,0,0,0
2026-09-08 13:05:00,109.1,8,65,42.1,0,0,0
2026-09-08 13:10:00,110.1,3,71,41.5,0,0,0
2026-09-08 13:15:00,107.2,9,67,39.3,0,0,0
2026-09-08 13:20:00,108.7,6,70,37.8,0,110,70
2026-09-08 13:25:00,121.6,8,71,39.5,0,0,0
2026-09-08 13:30:00,136.6,13,70,40.9,0,0,0
2026-09-08 13:35:00,148.5,2,71,43.2,0,0,0
2026-09-08 13:40:00,155.3,10,72,39.7,0,0,0
2026-09-08 13:45:00,162.3,6,71,39.1,0,0,0
2026-09-08 13:50:00,164.4,16,69,41.6,0,0,0
2026-09-08 13:55:00,166.8,6,68,42.2,0,0,0
2026-09-08 14:00:00,170.7,7,66,39.6,0,0,0
2026-09-08 14:05:00,171.9,2,67,40.7,0,0,0
2026-09-08 14:10:00,171.3,10,66,40.2,0,0,0
2026-09-08 14:15:00,168.8,5,67,41.8,0,0,0
2026-09-08 14:20:00,167.5,10,66,41.4,0,0,0
2026-09-08 14:25:00,164.5,7,72,42.8,0,0,0
2026-09-08 14:30:00,166.4,8,67,40.0,0,0,0
2026-09-08 14:35:00,167.2,16,64,38.2,0,0,0
2026-09-08 14:40:00,165.6,6,66,40.3,0,0,0
2026-09-08 14:45:00,163.7,8,68,38.1,0,0,0
2026-09-08 14:50:00,164.2,7,67,43.0,0,0,0
2026-09-08 14:55:00,160.1,4,69,38.7,0,0,0
2026-09-08 15:00:00,158.1,14,68,42.4,0,0,0
2026-09-08 15:05:00,154.9,10,67,40.5,0,0,0
2026-09-08 15:10:00,154.2,9,70,40.8,0,0,0
2026-09-08 15:15:00,154.0,4,66,39.8,0,0,0
2026-09-08 15:20:00,151.7,6,66,40.0,0,0,0
2026-09-08 15:25:00,150.2,7,67,41.1,0,0,0
2026-09-08 15:30:00,148.9,12,68,42.2,0,0,0
2026-09-08 15:35:00,146.0,11,70,43.0,0,0,0
2026-09-08 15:40:00,142.8,10,68,37.5,0,0,0
2026-09-08 15:45:00,140.0,4,66,41.3,0,0,0
2026-09-08 15:50:00,141.4,5,64,40.3,0,0,0
2026-09-08 15:55:00,139.2,8,64,41.9,0,0,0
2026-09-08 16:00:00,142.3,23,65,44.6,0,0,0
2026-09-08 16:05:00,143.3,5,68,41.8,0,0,0
2026-09-08 16:10:00,143.8,4,66,41.3,0,0,0
2026-09-08 16:15:00,139.6,15,66,43.4,0,0,0
2026-09-08 16:20:00,138.2,6,67,39.1,0,0,0
2026-09-08 16:25:00,135.3,8,67,43.5,0,0,0
2026-09-08 16:30:00,135.7,12,68,41.2,0,0,0
2026-09-08 16:35:00,132.2,7,64,41.7,0,0,0
2026-09-08 16:40:00,129.3,3,67,41.7,0,0,0
2026-09-08 16:45:00,130.4,4,66,41.2,0,0,0
2026-09-08 16:50:00,129.9,11,72,41.0,0,0,0
2026-09-08 16:55:00,127.7,30,69,41.9,0,0,0
2026-09-08 17:00:00,126.6,10,70,42.8,0,0,0
2026-09-08 17:05:00,127.6,3,67,37.7,0,0,0
2026-09-08 17:10:00,128.4,7,68,40.6,0,0,0
2026-09-08 17:15:00,126.2,15,66,39.5,0,0,0
2026-09-08 17:20:00,128.4,3,68,38.3,0,0,0
2026-09-08 17:25:00,125.5,14,68,40.9,0,0,0
2026-09-08 17:30:00,126.2,7,68,43.1,0,16,35
2026-09-08 17:35:00,131.2,6,70,40.2,0,0,0
2026-09-08 17:40:00,132.0,7,68,35.8,0,0,0
2026-09-08 17:45:00,130.7,4,70,41.2,0,0,0
2026-09-08 17:50:00,130.4,11,73,39.4,0,0,0
2026-09-08 17:55:00,127.5,10,73,39.9,0,0,0
2026-09-08 18:00:00,124.1,11,65,43.4,0,0,0
2026-09-08 18:05:00,122.3,11,67,38.3,0,0,0
2026-09-08 18:10:00,124.2,4,66,38.3,0,0,0
2026-09-08 18:15:00,122.4,6,68,43.1,0,0,0
2026-09-08 18:20:00,116.3,12,65,42.8,0,0,0
2026-09-08 18:25:00,116.9,16,67,36.1,0,0,0
2026-09-08 18:30:00,116.6,433,95,43.1,0,0,0
2026-09-08 18:35:00,114.7,431,94,42.3,0,0,0
2026-09-08 18:40:00,113.4,427,91,44.1,0,0,0
2026-09-08 18:45:00,113.6,7,66,41.6,0,0,0
2026-09-08 18:50:00,116.0,10,69,43.7,0,0,0
2026-09-08 18:55:00,117.7,6,67,42.0,0,0,0
2026-09-08 19:00:00,118.8,8,73,41.6,0,0,0
2026-09-08 19:05:00,117.5,8,66,37.9,0,0,0
2026-09-08 19:10:00,115.4,6,68,37.1,0,0,0
2026-09-08 19:15:00,113.7,4,67,40.6,0,0,0
2026-09-08 19:20:00,114.4,1,66,42.9,0,0,0
2026-09-08 19:25:00,116.9,9,68,41.0,0,0,0
2026-09-08 19:30:00,117.3,9,65,40.4,0,0,0
2026-09-08 19:35:00,116.2,10,67,45.1,0,0,0
2026-09-08 19:40:00,116.0,4,65,38.4,0,0,0
2026-09-08 19:45:00,120.0,3,67,42.4,0,0,0
2026-09-08 19:50:00,121.4,8,70,42.0,0,0,0
2026-09-08 19:55:00,121.0,8,71,39.0,0,0,0
2026-09-08 20:00:00,120.6,10,66,42.2,0,0,0
2026-09-08 20:05:00,120.2,13,66,39.6,0,0,0
2026-09-08 20:10:00,122.7,9,70,37.7,0,0,0
2026-09-08 20:15:00,124.8,1,71,42.2,0,0,0
2026-09-08 20:20:00,124.0,4,70,42.1,0,0,0
2026-09-08 20:25:00,119.6,9,70,40.6,0,0,0
2026-09-08 20:30:00,118.3,6,65,38.8,0,0,0
2026-09-08 20:35:00,119.2,2,68,40.5,0,0,0
2026-09-08 20:40:00,125.2,7,65,39.6,0,0,0
2026-09-08 20:45:00,120.9,12,66,39.0,0,0,0
2026-09-08 20:50:00,119.0,5,68,42.3,0,0,0
2026-09-08 20:55:00,116.6,13,68,38.2,0,0,0
2026-09-08 21:00:00,117.9,7,74,42.5,0,55,50
2026-09-08 21:05:00,125.1,6,70,38.7,0,0,0
2026-09-08 21:10:00,126.0,11,72,42.3,0,0,0
2026-09-08 21:15:00,132.2,11,71,42.2,0,0,0
2026-09-08 21:20:00,138.0,8,69,42.7,0,0,0
2026-09-08 21:25:00,137.6,11,70,38.7,0,0,0
2026-09-08 21:30:00,139.1,7,68,39.9,0,0,0
2026-09-08 21:35:00,141.4,15,69,41.4,0,0,0
2026-09-08 21:40:00,144.1,6,65,40.6,0,0,0
2026-09-08 21:45:00,143.3,2,66,40.9,0,0,0
2026-09-08 21:50:00,143.5,5,67,41.0,0,0,0
2026-09-08 21:55:00,140.0,7,73,41.1,0,0,0
2026-09-08 22:00:00,137.9,6,70,39.7,0,0,0
2026-09-08 22:05:00,136.4,7,68,44.5,0,0,0
2026-09-08 22:10:00,133.5,8,68,39.6,0,0,0
2026-09-08 22:15:00,133.9,16,67,43.5,0,0,0
2026-09-08 22:20:00,131.2,9,66,38.1,0,0,0
2026-09-08 22:25:00,134.1,2,68,41.8,0,0,0
2026-09-08 22:30:00,130.7,10,66,38.8,0,0,0
2026-09-08 22:35:00,126.7,4,67,37.3,0,0,0
2026-09-08 22:40:00,127.7,16,70,39.3,0,0,0
2026-09-08 22:45:00,125.4,1,58,66.9,1,0,0
2026-09-08 22:50:00,122.8,0,63,63.9,1,0,0
2026-09-08 22:55:00,121.6,0,60,63.2,1,0,0
2026-09-08 23:00:00,122.0,2,61,67.4,1,0,0
2026-09-08 23:05:00,121.1,2,59,65.6,1,0,0
2026-09-08 23:10:00,119.5,0,60,65.3,1,0,0
2026-09-08 23:15:00,119.4,0,59,65.2,1,0,0
2026-09-08 23:20:00,117.9,1,60,67.8,1,0,0
2026-09-08 23:25:00,117.2,0,57,66.1,1,0,0
2026-09-08 23:30:00,118.0,0,59,65.0,1,0,0
2026-09-08 23:35:00,120.8,0,60,68.6,1,0,0
2026-09-08 23:40:00,119.0,0,59,67.0,1,0,0
2026-09-08 23:45:00,114.6,0,56,61.8,1,0,0
2026-09-08 23:50:00,112.8,1,60,64.5,1,0,0
2026-09-08 23:55:00,113.3,0,56,64.1,1,0,0
2026-09-09 00:00:00,111.8,1,59,64.1,1,0,0
2026-09-09 00:05:00,110.8,0,62,65.6,1,0,0
2026-09-09 00:10:00,113.5,0,56,64.9,1,0,0
2026-09-09 00:15:00,117.2,0,60,66.6,1,0,0
2026-09-09 00:20:00,117.4,0,59,67.6,1,0,0
2026-09-09 00:25:00,115.5,3,58,65.5,1,0,0
2026-09-09 00:30:00,112.7,0,59,68.6,1,0,0
2026-09-09 00:35:00,115.2,1,58,66.4,1,0,0
2026-09-09 00:40:00,115.7,1,56,65.8,1,0,0
2026-09-09 00:45:00,117.0,0,57,61.7,1,0,0
2026-09-09 00:50:00,113.4,1,59,63.0,1,0,0
2026-09-09 00:55:00,116.4,0,58,68.2,1,0,0
2026-09-09 01:00:00,115.2,1,60,65.7,1,0,0
2026-09-09 01:05:00,114.7,0,57,65.2,1,0,0
2026-09-09 01:10:00,116.6,2,57,64.2,1,0,0
2026-09-09 01:15:00,112.5,1,57,63.7,1,0,0
2026-09-09 01:20:00,111.6,0,62,65.5,1,0,0
2026-09-09 01:25:00,111.0,0,61,66.5,1,0,0
2026-09-09 01:30:00,113.6,0,58,62.8,1,0,0
2026-09-09 01:35:00,117.1,0,59,64.8,1,0,0
2026-09-09 01:40:00,119.5,0,55,62.4,1,0,0
2026-09-09 01:45:00,117.6,2,61,66.2,1,0,0
2026-09-09 01:50:00,119.8,1,63,64.2,1,0,0
2026-09-09 01:55:00,120.6,1,56,66.3,1,0,0
2026-09-09 02:00:00,118.9,2,61,66.8,1,0,0
2026-09-09 02:05:00,122.2,1,57,64.5,1,0,0
2026-09-09 02:10:00,121.4,0,60,67.0,1,0,0
2026-09-09 02:15:00,116.1,1,63,64.8,1,0,0
2026-09-09 02:20:00,114.1,0,59,63.8,1,0,0
2026-09-09 02:25:00,114.3,0,62,63.1,1,0,0
2026-09-09 02:30:00,114.7,0,59,65.7,1,0,0
2026-09-09 02:35:00,112.7,0,60,63.2,1,0,0
2026-09-09 02:40:00,113.9,0,60,66.6,1,0,0
2026-09-09 02:45:00,113.2,0,56,62.1,1,0,0
2026-09-09 02:50:00,113.6,1,58,65.4,1,0,0
2026-09-09 02:55:00,115.4,0,57,65.8,1,0,0
2026-09-09 03:00:00,118.7,0,59,66.3,1,0,0
2026-09-09 03:05:00,117.9,1,58,67.6,1,0,0
2026-09-09 03:10:00,117.9,0,61,66.1,1,0,0
2026-09-09 03:15:00,117.4,0,56,66.5,1,0,0
2026-09-09 03:20:00,116.4,0,60,63.2,1,0,0
2026-09-09 03:25:00,114.3,0,57,66.9,1,0,0
2026-09-09 03:30:00,117.2,0,60,62.5,1,0,0
2026-09-09 03:35:00,116.9,0,57,67.0,1,0,0
2026-09-09 03:40:00,117.8,1,59,62.8,1,0,0
2026-09-09 03:45:00,117.6,1,58,64.1,1,0,0
2026-09-09 03:50:00,116.7,1,58,64.5,1,0,0
2026-09-09 03:55:00,116.2,0,59,68.2,1,0,0
2026-09-09 04:00:00,113.7,1,60,69.6,1,0,0
2026-09-09 04:05:00,112.9,0,59,66.8,1,0,0
2026-09-09 04:10:00,114.2,0,60,66.8,1,0,0
2026-09-09 04:15:00,115.6,0,62,63.1,1,0,0
2026-09-09 04:20:00,118.2,1,63,65.5,1,0,0
2026-09-09 04:25:00,117.7,0,59,69.0,1,0,0
2026-09-09 04:30:00,118.8,0,61,66.0,1,0,0
2026-09-09 04:35:00,118.8,0,58,65.7,1,0,0
2026-09-09 04:40:00,120.2,2,59,62.6,1,0,0
2026-09-09 04:45:00,115.9,0,58,65.9,1,0,0
2026-09-09 04:50:00,117.6,0,55,64.9,1,0,0
2026-09-09 04:55:00,120.4,0,60,65.2,1,0,0
2026-09-09 05:00:00,123.0,0,58,63.7,1,0,0
2026-09-09 05:05:00,123.6,2,63,67.9,1,0,0
2026-09-09 05:10:00,125.1,1,60,64.1,1,0,0
2026-09-09 05:15:00,125.9,0,63,67.1,1,0,0
2026-09-09 05:20:00,123.7,0,59,67.0,1,0,0
2026-09-09 05:25:00,123.0,0,59,64.7,1,0,0
2026-09-09 05:30:00,125.5,0,59,66.9,1,0,0
2026-09-09 05:35:00,124.6,0,58,66.6,1,0,0
2026-09-09 05:40:00,126.5,0,63,66.9,1,0,0
2026-09-09 05:45:00,129.7,1,57,66.0,1,0,0
2026-09-09 05:50:00,132.6,1,60,66.1,1,0,0
2026-09-09 05:55:00,129.4,0,60,65.6,1,0,0
2026-09-09 06:00:00,127.9,0,60,66.6,1,0,0
2026-09-09 06:05:00,128.8,0,58,68.4,1,0,0
2026-09-09 06:10:00,129.7,1,58,65.1,1,0,0
2026-09-09 06:15:00,130.2,0,60,66.4,1,0,0
2026-09-09 06:20:00,127.9,10,70,41.6,0,0,0
2026-09-09 06:25:00,127.9,5,68,35.8,0,0,0
2026-09-09 06:30:00,127.5,7,69,38.3,0,0,0
2026-09-09 06:35:00,125.8,8,65,37.2,0,0,0
2026-09-09 06:40:00,127.0,4,66,36.9,0,0,0
2026-09-09 06:45:00,125.0,11,65,42.0,0,0,0
2026-09-09 06:50:00,125.4,4,67,41.2,0,0,0
2026-09-09 06:55:00,122.0,15,66,39.3,0,0,0
2026-09-09 07:00:00,122.8,7,63,42.2,0,0,0
2026-09-09 07:05:00,122.9,7,70,40.0,0,0,0
2026-09-09 07:10:00,120.5,5,66,39.6,0,0,0
2026-09-09 07:15:00,119.7,4,71,42.3,0,0,0
2026-09-09 07:20:00,121.0,8,68,43.3,0,0,0
2026-09-09 07:25:00,121.8,3,66,39.6,0,0,0
2026-09-09 07:30:00,121.3,4,68,36.2,0,0,0
2026-09-09 07:35:00,120.0,14,67,40.0,0,0,0
2026-09-09 07:40:00,119.6,8,66,41.9,0,0,0
2026-09-09 07:45:00,119.3,8,72,36.6,0,0,0
2026-09-09 07:50:00,119.7,7,66,38.3,0,0,0
2026-09-09 07:55:00,119.3,15,68,39.1,0,30,55
2026-09-09 08:00:00,127.0,15,68,41.5,0,0,0
2026-09-09 08:05:00,126.0,8,71,41.0,0,0,0
2026-09-09 08:10:00,128.5,21,71,42.0,0,0,0
2026-09-09 08:15:00,128.4,9,72,39.3,0,0,0
2026-09-09 08:20:00,130.3,14,72,46.1,0,0,0
2026-09-09 08:25:00,132.7,4,67,43.2,0,0,0
2026-09-09 08:30:00,133.1,6,65,39.7,0,0,0
2026-09-09 08:35:00,132.6,5,70,39.8,0,0,0
2026-09-09 08:40:00,129.0,5,65,41.2,0,0,0
2026-09-09 08:45:00,129.6,12,67,39.5,0,0,0
2026-09-09 08:50:00,131.8,11,68,40.0,0,0,0
2026-09-09 08:55:00,128.2,6,68,44.8,0,0,0
2026-09-09 09:00:00,127.6,3,67,39.4,0,0,0
2026-09-09 09:05:00,128.6,4,64,40.6,0,0,0
2026-09-09 09:10:00,127.2,8,65,41.3,0,0,0
2026-09-09 09:15:00,121.9,10,69,38.4,0,0,0
2026-09-09 09:20:00,123.8,4,70,40.9,0,0,0
2026-09-09 09:25:00,126.2,6,67,42.6,0,0,0
2026-09-09 09:30:00,129.2,7,67,40.9,0,0,0
2026-09-09 09:35:00,130.8,4,63,39.2,0,0,0
2026-09-09 09:40:00,130.9,21,69,40.4,0,0,0
2026-09-09 09:45:00,127.1,21,68,39.7,0,0,0
2026-09-09 09:50:00,126.5,11,65,41.3,0,0,0
2026-09-09 09:55:00,127.5,3,69,41.2,0,0,0
2026-09-09 10:00:00,125.7,1,64,42.4,0,0,0
2026-09-09 10:05:00,125.7,6,68,36.9,0,0,0
2026-09-09 10:10:00,125.8,15,64,42.6,0,0,0
2026-09-09 10:15:00,122.4,13,69,42.9,0,0,0
2026-09-09 10:20:00,119.6,10,65,40.3,0,0,0
2026-09-09 10:25:00,119.6,11,68,40.9,0,0,0
2026-09-09 10:30:00,118.4,13,67,40.6,0,0,0
2026-09-09 10:35:00,119.6,7,67,40.0,0,0,0
2026-09-09 10:40:00,118.5,5,69,39.0,0,0,0
2026-09-09 10:45:00,119.5,6,70,39.4,0,0,0
2026-09-09 10:50:00,118.6,6,69,41.5,0,0,0
2026-09-09 10:55:00,118.9,9,67,42.9,0,0,0
2026-09-09 11:00:00,121.8,15,67,38.0,0,0,0
2026-09-09 11:05:00,121.1,10,69,41.0,0,0,0
2026-09-09 11:10:00,118.7,11,69,40.1,0,0,0
2026-09-09 11:15:00,118.7,3,70,42.1,0,0,0
2026-09-09 11:20:00,116.4,10,68,43.6,0,0,0
2026-09-09 11:25:00,116.9,2,69,40.0,0,0,0
2026-09-09 11:30:00,112.3,12,67,39.4,0,0,0
2026-09-09 11:35:00,112.2,4,67,36.5,0,0,0
2026-09-09 11:40:00,112.6,3,70,38.7,0,0,0
2026-09-09 11:45:00,109.5,11,68,40.1,0,0,0
2026-09-09 11:50:00,108.8,27,67,42.9,0,0,0
2026-09-09 11:55:00,111.1,8,66,39.6,0,0,0
2026-09-09 12:00:00,110.5,12,66,35.4,0,0,0
2026-09-09 12:05:00,111.2,12,69,40.5,0,0,0
2026-09-09 12:10:00,109.3,8,67,39.4,0,0,0
2026-09-09 12:15:00,109.8,13,69,39.9,0,0,0
2026-09-09 12:20:00,108.9,2,68,38.4,0,0,0
2026-09-09 12:25:00,108.6,5,72,39.5,0,0,0
2026-09-09 12:30:00,110.4,10,69,43.3,0,0,0
2026-09-09 12:35:00,110.7,11,67,39.8,0,0,0
2026-09-09 12:40:00,111.9,8,63,38.5,0,0,0
2026-09-09 12:45:00,116.3,16,69,40.8,0,0,0
2026-09-09 12:50:00,114.7,7,67,39.9,0,0,0
2026-09-09 12:55:00,114.6,9,66,42.9,0,0,0
2026-09-09 13:00:00,113.2,11,68,39.2,0,0,0
2026-09-09 13:05:00,113.3,2,64,39.7,0,0,0
2026-09-09 13:10:00,112.9,6,68,40.1,0,0,0
2026-09-09 13:15:00,111.5,2,66,38.7,0,0,0
2026-09-09 13:20:00,112.4,4,72,42.6,0,103,70
2026-09-09 13:25:00,127.3,5,67,39.5,0,0,0
2026-09-09 13:30:00,140.2,3,72,39.3,0,0,0
2026-09-09 13:35:00,150.7,6,71,41.3,0,0,0
2026-09-09 13:40:00,159.2,10,72,41.4,0,0,0
2026-09-09 13:45:00,167.0,431,96,42.7,0,0,0
2026-09-09 13:50:00,169.3,432,92,40.1,0,0,0
2026-09-09 13:55:00,174.7,434,93,38.2,0,0,0
2026-09-09 14:00:00,175.3,6,69,41.5,0,0,0
2026-09-09 14:05:00,172.9,7,69,42.6,0,0,0
2026-09-09 14:10:00,175.8,6,66,39.8,0,0,0
2026-09-09 14:15:00,175.5,12,67,44.9,0,0,0
2026-09-09 14:20:00,179.3,9,67,43.3,0,0,0
2026-09-09 14:25:00,176.5,9,65,39.7,0,0,0
2026-09-09 14:30:00,176.1,4,66,41.9,0,0,0
2026-09-09 14:35:00,173.5,4,64,40.1,0,0,0
2026-09-09 14:40:00,173.2,6,72,39.7,0,0,0
2026-09-09 14:45:00,168.4,4,68,41.3,0,0,0
2026-09-09 14:50:00,166.9,11,67,38.8,0,0,0
2026-09-09 14:55:00,165.9,3,68,39.2,0,0,0
2026-09-09 15:00:00,165.2,6,67,38.8,0,0,0
2026-09-09 15:05:00,159.9,4,67,43.1,0,0,0
2026-09-09 15:10:00,157.1,10,69,37.7,0,0,0
2026-09-09 15:15:00,154.0,10,67,42.9,0,0,0
2026-09-09 15:20:00,151.0,14,71,42.2,0,0,0
2026-09-09 15:25:00,150.7,11,68,40.1,0,0,0
2026-09-09 15:30:00,149.5,6,69,39.4,0,0,0
2026-09-09 15:35:00,149.2,1,65,39.4,0,0,0
2026-09-09 15:40:00,146.1,12,69,41.2,0,0,0
2026-09-09 15:45:00,147.3,15,66,42.2,0,0,0
2026-09-09 15:50:00,146.8,5,65,42.0,0,0,0
2026-09-09 15:55:00,144.4,6,65,36.3,0,0,0
2026-09-09 16:00:00,140.4,6,67,40.8,0,0,0
2026-09-09 16:05:00,141.6,22,68,43.8,0,0,0
2026-09-09 16:10:00,138.6,5,67,38.7,0,0,0
2026-09-09 16:15:00,139.8,13,68,39.1,0,0,0
2026-09-09 16:20:00,141.4,12,72,39.9,0,0,0
2026-09-09 16:25:00,139.8,3,68,39.4,0,0,0
2026-09-09 16:30:00,137.9,9,67,40.5,0,0,0
2026-09-09 16:35:00,135.3,11,67,40.3,0,0,0
2026-09-09 16:40:00,131.4,7,67,42.8,0,0,0
2026-09-09 16:45:00,130.8,17,67,39.6,0,0,0
2026-09-09 16:50:00,129.1,3,68,39.1,0,0,0
2026-09-09 16:55:00,123.7,11,65,34.9,0,0,0
2026-09-09 17:00:00,124.7,9,68,39.9,0,0,0
2026-09-09 17:05:00,124.5,9,70,43.3,0,0,0
2026-09-09 17:10:00,125.9,4,68,39.0,0,0,0
2026-09-09 17:15:00,122.8,5,69,38.9,0,0,0
2026-09-09 17:20:00,123.3,6,66,38.2,0,0,0
2026-09-09 17:25:00,124.0,9,70,37.9,0,0,0
2026-09-09 17:30:00,117.9,8,68,34.5,0,0,0
2026-09-09 17:35:00,119.3,16,69,39.8,0,20,50
2026-09-09 17:40:00,118.7,7,67,39.0,0,0,0
2026-09-09 17:45:00,119.7,9,71,40.2,0,0,0
2026-09-09 17:50:00,120.4,6,71,42.5,0,0,0
2026-09-09 17:55:00,121.6,4,68,41.2,0,0,0
2026-09-09 18:00:00,124.3,5,69,43.3,0,0,0
2026-09-09 18:05:00,121.6,3,70,43.7,0,0,0
2026-09-09 18:10:00,121.3,6,69,39.4,0,0,0
2026-09-09 18:15:00,120.9,8,67,39.2,0,0,0
2026-09-09 18:20:00,122.6,7,68,42.9,0,0,0
2026-09-09 18:25:00,125.4,11,65,43.9,0,0,0
2026-09-09 18:30:00,123.3,7,70,43.5,0,0,0
2026-09-09 18:35:00,122.0,5,68,39.5,0,0,0
2026-09-09 18:40:00,125.5,12,69,41.1,0,0,0
2026-09-09 18:45:00,124.8,10,69,40.7,0,0,0
2026-09-09 18:50:00,120.1,13,64,43.6,0,0,0
2026-09-09 18:55:00,125.0,18,69,39.1,0,0,0
2026-09-09 19:00:00,125.1,11,67,36.8,0,0,0
2026-09-09 19:05:00,125.6,23,67,41.2,0,0,0
2026-09-09 19:10:00,125.3,11,66,36.9,0,0,0
2026-09-09 19:15:00,124.3,20,64,36.9,0,0,0
2026-09-09 19:20:00,124.1,11,68,41.7,0,0,0
2026-09-09 19:25:00,119.8,9,65,36.4,0,0,0
2026-09-09 19:30:00,119.6,7,70,42.3,0,0,0
2026-09-09 19:35:00,119.4,8,68,40.6,0,0,0
2026-09-09 19:40:00,118.7,7,65,36.9,0,0,0
2026-09-09 19:45:00,117.1,11,66,38.4,0,0,0
2026-09-09 19:50:00,118.9,7,66,37.3,0,0,0
2026-09-09 19:55:00,118.1,15,71,42.8,0,0,0
2026-09-09 20:00:00,113.4,7,69,39.7,0,0,0
2026-09-09 20:05:00,115.3,3,66,38.2,0,0,0
2026-09-09 20:10:00,117.0,12,71,40.6,0,0,0
2026-09-09 20:15:00,112.6,8,66,39.2,0,0,0
2026-09-09 20:20:00,113.9,10,65,39.7,0,0,0
2026-09-09 20:25:00,109.9,4,71,38.6,0,0,0
2026-09-09 20:30:00,110.5,8,72,36.2,0,0,0
2026-09-09 20:35:00,109.8,8,65,39.4,0,0,0
2026-09-09 20:40:00,107.9,2,70,42.2,0,0,0
2026-09-09 20:45:00,109.5,18,70,40.0,0,0,0
2026-09-09 20:50:00,108.2,9,68,39.2,0,0,0
2026-09-09 20:55:00,111.1,13,69,39.5,0,0,0
2026-09-09 21:00:00,109.0,11,66,39.8,0,0,0
2026-09-09 21:05:00,107.3,5,67,44.5,0,0,0
2026-09-09 21:10:00,107.6,4,68,42.7,0,0,0
2026-09-09 21:15:00,109.1,7,62,43.3,0,0,0
2026-09-09 21:20:00,108.6,11,67,37.6,0,0,0
2026-09-09 21:25:00,107.8,4,67,39.8,0,0,0
2026-09-09 21:30:00,107.8,11,68,40.5,0,57,50
2026-09-09 21:35:00,115.7,14,66,37.9,0,0,0
2026-09-09 21:40:00,123.1,9,70,38.4,0,0,0
2026-09-09 21:45:00,127.5,3,66,42.8,0,0,0
2026-09-09 21:50:00,130.2,4,72,40.4,0,0,0
2026-09-09 21:55:00,131.7,10,73,40.9,0,0,0
2026-09-09 22:00:00,132.7,10,68,41.0,0,0,0
2026-09-09 22:05:00,136.6,11,69,38.2,0,0,0
2026-09-09 22:10:00,136.2,10,67,42.1,0,0,0
2026-09-09 22:15:00,138.3,9,70,37.5,0,0,0
2026-09-09 22:20:00,137.3,9,68,43.2,0,0,0
2026-09-09 22:25:00,136.6,13,69,39.4,0,0,0
2026-09-09 22:30:00,137.4,11,66,38.1,0,0,0
2026-09-09 22:35:00,137.1,7,68,42.1,0,0,0
2026-09-09 22:40:00,137.3,0,57,66.6,1,0,0
2026-09-09 22:45:00,136.8,0,61,62.0,1,0,0
2026-09-09 22:50:00,133.6,0,59,64.7,1,0,0
2026-09-09 22:55:00,132.9,0,55,62.1,1,0,0
2026-09-09 23:00:00,131.5,0,60,66.7,1,0,0
2026-09-09 23:05:00,131.6,0,58,63.3,1,0,0
2026-09-09 23:10:00,130.4,0,61,62.7,1,0,0
2026-09-09 23:15:00,130.6,0,62,65.0,1,0,0
2026-09-09 23:20:00,130.5,0,60,69.0,1,0,0
2026-09-09 23:25:00,129.9,0,57,68.1,1,0,0
2026-09-09 23:30:00,127.6,0,57,68.7,1,0,0
2026-09-09 23:35:00,124.5,2,59,65.4,1,0,0
2026-09-09 23:40:00,121.7,0,61,68.4,1,0,0
2026-09-09 23:45:00,121.5,0,59,65.4,1,0,0
2026-09-09 23:50:00,119.2,0,58,67.5,1,0,0
2026-09-09 23:55:00,121.8,0,60,66.2,1,0,0
2026-09-10 00:00:00,121.0,0,59,67.5,1,0,0
2026-09-10 00:05:00,122.7,1,57,67.2,1,0,0
2026-09-10 00:10:00,121.4,1,59,69.0,1,0,0
2026-09-10 00:15:00,120.9,0,59,64.0,1,0,0
2026-09-10 00:20:00,118.5,0,58,61.7,1,0,0
2026-09-10 00:25:00,118.7,1,57,65.4,1,0,0
2026-09-10 00:30:00,118.5,1,59,69.1,1,0,0
2026-09-10 00:35:00,116.4,0,59,65.3,1,0,0
2026-09-10 00:40:00,120.0,0,57,62.2,1,0,0
2026-09-10 00:45:00,121.7,0,54,65.7,1,0,0
2026-09-10 00:50:00,118.5,0,59,68.2,1,0,0
2026-09-10 00:55:00,119.2,0,56,68.1,1,0,0
2026-09-10 01:00:00,119.6,0,59,66.6,1,0,0
2026-09-10 01:05:00,117.6,0,60,64.4,1,0,0
2026-09-10 01:10:00,116.4,1,59,64.8,1,0,0
2026-09-10 01:15:00,119.1,0,61,68.1,1,0,0
2026-09-10 01:20:00,120.3,2,60,64.4,1,0,0
2026-09-10 01:25:00,120.0,0,57,64.4,1,0,0
2026-09-10 01:30:00,120.4,1,59,65.8,1,0,0
2026-09-10 01:35:00,122.3,0,59,66.3,1,0,0
2026-09-10 01:40:00,121.8,0,61,66.8,1,0,0
2026-09-10 01:45:00,119.9,0,58,64.7,1,0,0
2026-09-10 01:50:00,120.1,0,59,66.4,1,0,0
2026-09-10 01:55:00,120.2,0,58,63.1,1,0,0
2026-09-10 02:00:00,123.4,0,60,64.3,1,0,0
2026-09-10 02:05:00,126.7,0,62,64.9,1,0,0
2026-09-10 02:10:00,127.8,0,58,67.6,1,0,0
2026-09-10 02:15:00,125.8,0,59,62.5,1,0,0
2026-09-10 02:20:00,127.2,0,62,66.8,1,0,0
2026-09-10 02:25:00,127.0,1,57,64.6,1,0,0
2026-09-10 02:30:00,125.5,0,58,64.6,1,0,0
2026-09-10 02:35:00,126.0,0,56,64.1,1,0,0
2026-09-10 02:40:00,122.1,0,60,66.4,1,0,0
2026-09-10 02:45:00,122.4,0,56,63.5,1,0,0
2026-09-10 02:50:00,123.7,1,60,65.5,1,0,0
2026-09-10 02:55:00,121.1,0,61,65.2,1,0,0
2026-09-10 03:00:00,118.9,1,60,64.5,1,0,0
2026-09-10 03:05:00,120.7,0,60,69.5,1,0,0
2026-09-10 03:10:00,119.3,0,61,65.6,1,0,0
2026-09-10 03:15:00,117.6,0,59,62.2,1,0,0
2026-09-10 03:20:00,118.6,2,56,66.8,1,0,0
2026-09-10 03:25:00,117.3,0,57,67.2,1,0,0
2026-09-10 03:30:00,114.7,3,57,64.2,1,0,0
2026-09-10 03:35:00,116.2,0,57,66.0,1,0,0
2026-09-10 03:40:00,113.3,0,62,67.7,1,0,0
2026-09-10 03:45:00,113.5,0,60,64.9,1,0,0
2026-09-10 03:50:00,112.8,0,62,67.8,1,0,0
2026-09-10 03:55:00,111.1,0,54,63.9,1,0,0
2026-09-10 04:00:00,112.9,1,57,63.4,1,0,0
2026-09-10 04:05:00,113.1,0,55,64.1,1,0,0
2026-09-10 04:10:00,114.5,1,56,69.5,1,0,0
2026-09-10 04:15:00,116.7,1,59,60.3,1,0,0
2026-09-10 04:20:00,118.4,0,60,65.0,1,0,0
2026-09-10 04:25:00,125.1,0,62,65.0,1,0,0
2026-09-10 04:30:00,127.6,0,54,67.7,1,0,0
2026-09-10 04:35:00,130.3,0,57,65.5,1,0,0
2026-09-10 04:40:00,129.7,0,58,66.8,1,0,0
2026-09-10 04:45:00,127.6,0,58,70.0,1,0,0
2026-09-10 04:50:00,126.7,0,62,70.7,1,0,0
2026-09-10 04:55:00,127.6,0,61,62.7,1,0,0
2026-09-10 05:00:00,125.8,0,60,67.0,1,0,0
2026-09-10 05:05:00,126.1,0,57,64.5,1,0,0
2026-09-10 05:10:00,123.9,0,59,71.3,1,0,0
2026-09-10 05:15:00,126.9,0,60,67.4,1,0,0
2026-09-10 05:20:00,126.1,0,60,67.6,1,0,0
2026-09-10 05:25:00,122.5,1,58,68.9,1,0,0
2026-09-10 05:30:00,123.4,0,58,65.4,1,0,0
2026-09-10 05:35:00,122.0,1,61,67.0,1,0,0
2026-09-10 05:40:00,119.8,1,60,65.5,1,0,0
2026-09-10 05:45:00,122.0,0,60,65.9,1,0,0
2026-09-10 05:50:00,122.1,2,57,64.9,1,0,0
2026-09-10 05:55:00,124.1,0,61,64.3,1,0,0
2026-09-10 06:00:00,119.9,0,61,72.1,1,0,0
2026-09-10 06:05:00,119.8,0,60,69.6,1,0,0
2026-09-10 06:10:00,122.4,11,69,41.6,0,0,0
2026-09-10 06:15:00,121.2,4,65,38.5,0,0,0
2026-09-10 06:20:00,119.1,6,66,38.1,0,0,0
2026-09-10 06:25:00,118.4,14,67,41.0,0,0,0
2026-09-10 06:30:00,118.1,3,69,39.3,0,0,0
2026-09-10 06:35:00,119.9,12,67,41.7,0,0,0
2026-09-10 06:40:00,120.5,10,66,38.6,0,0,0
2026-09-10 06:45:00,119.0,11,69,39.2,0,0,0
2026-09-10 06:50:00,121.2,10,68,42.8,0,0,0
2026-09-10 06:55:00,121.5,9,69,44.7,0,0,0
2026-09-10 07:00:00,119.6,13,69,38.2,0,0,0
2026-09-10 07:05:00,122.5,9,68,40.2,0,0,0
2026-09-10 07:10:00,118.5,7,73,42.0,0,0,0
2026-09-10 07:15:00,122.4,5,66,41.1,0,0,0
2026-09-10 07:20:00,120.3,14,69,41.1,0,0,0
2026-09-10 07:25:00,118.9,5,74,41.2,0,0,0
2026-09-10 07:30:00,120.1,14,68,40.5,0,0,0
2026-09-10 07:35:00,122.9,10,66,39.2,0,0,0
2026-09-10 07:40:00,121.1,6,73,35.4,0,58,78
2026-09-10 07:45:00,130.5,7,69,36.4,0,0,0
2026-09-10 07:50:00,135.0,12,72,41.7,0,0,0
2026-09-10 07:55:00,138.0,3,67,43.2,0,0,0
2026-09-10 08:00:00,142.6,6,73,41.3,0,0,0
2026-09-10 08:05:00,146.0,9,72,39.8,0,0,0
2026-09-10 08:10:00,146.5,11,68,38.4,0,0,0
2026-09-10 08:15:00,146.7,14,67,42.3,0,0,0
2026-09-10 08:20:00,147.5,5,65,42.5,0,0,0
2026-09-10 08:25:00,148.6,18,68,38.0,0,0,0
2026-09-10 08:30:00,151.1,6,65,35.2,0,0,0
2026-09-10 08:35:00,149.9,6,67,39.4,0,0,0
2026-09-10 08:40:00,149.6,5,68,42.6,0,0,0
2026-09-10 08:45:00,143.8,13,68,39.4,0,0,0
2026-09-10 08:50:00,143.6,6,65,41.4,0,0,0
2026-09-10 08:55:00,141.6,8,68,37.6,0,0,0
2026-09-10 09:00:00,138.8,9,67,39.4,0,0,0
2026-09-10 09:05:00,135.9,7,67,40.7,0,0,0
2026-09-10 09:10:00,136.9,3,68,43.3,0,0,0
2026-09-10 09:15:00,137.3,14,73,39.6,0,0,0
2026-09-10 09:20:00,138.0,8,69,39.3,0,0,0
2026-09-10 09:25:00,137.8,3,71,42.8,0,0,0
2026-09-10 09:30:00,137.0,8,69,38.7,0,0,0
2026-09-10 09:35:00,137.2,8,67,39.8,0,0,0
2026-09-10 09:40:00,141.1,11,64,41.6,0,0,0
2026-09-10 09:45:00,140.8,5,69,39.8,0,0,0
2026-09-10 09:50:00,138.3,10,63,40.4,0,0,0
2026-09-10 09:55:00,131.9,9,65,41.7,0,0,0
2026-09-10 10:00:00,127.7,4,69,39.0,0,0,0
2026-09-10 10:05:00,130.6,3,67,42.2,0,0,0
2026-09-10 10:10:00,130.9,6,67,34.3,0,0,0
2026-09-10 10:15:00,131.7,4,68,41.3,0,0,0
2026-09-10 10:20:00,127.7,7,71,41.0,0,0,0
2026-09-10 10:25:00,129.1,7,67,37.8,0,0,0
2026-09-10 10:30:00,125.4,17,69,43.9,0,0,0
2026-09-10 10:35:00,125.8,9,67,39.4,0,0,0
2026-09-10 10:40:00,121.9,4,69,37.5,0,0,0
2026-09-10 10:45:00,122.6,5,67,40.6,0,0,0
2026-09-10 10:50:00,122.8,1,65,42.7,0,0,0
2026-09-10 10:55:00,122.4,3,66,39.8,0,0,0
2026-09-10 11:00:00,119.1,12,65,41.7,0,0,0
2026-09-10 11:05:00,117.4,9,67,40.2,0,0,0
2026-09-10 11:10:00,118.4,7,68,41.9,0,0,0
2026-09-10 11:15:00,119.1,9,67,39.6,0,0,0
2026-09-10 11:20:00,118.8,19,67,37.0,0,0,0
2026-09-10 11:25:00,120.6,31,66,38.9,0,0,0
2026-09-10 11:30:00,118.6,9,71,38.4,0,0,0
2026-09-10 11:35:00,119.8,16,68,40.1,0,0,0
2026-09-10 11:40:00,121.9,9,67,38.2,0,0,0
2026-09-10 11:45:00,120.2,4,65,39.1,0,0,0
2026-09-10 11:50:00,121.0,14,65,39.8,0,0,0
2026-09-10 11:55:00,119.6,5,65,41.6,0,0,0
2026-09-10 12:00:00,121.5,11,65,42.4,0,0,0
2026-09-10 12:05:00,120.5,2,65,39.9,0,0,0
2026-09-10 12:10:00,119.6,6,71,43.8,0,0,0
2026-09-10 12:15:00,115.3,9,73,41.4,0,0,0
2026-09-10 12:20:00,111.9,4,66,39.7,0,0,0
2026-09-10 12:25:00,113.9,4,70,39.3,0,0,0
2026-09-10 12:30:00,112.4,7,70,43.5,0,0,0
2026-09-10 12:35:00,114.2,2,68,42.1,0,0,0
2026-09-10 12:40:00,112.3,15,65,42.3,0,0,0
2026-09-10 12:45:00,113.0,18,69,38.4,0,0,0
2026-09-10 12:50:00,116.7,19,71,41.8,0,0,0
2026-09-10 12:55:00,119.3,9,72,40.2,0,0,0
2026-09-10 13:00:00,116.2,11,73,44.1,0,95,75
2026-09-10 13:05:00,124.4,3,71,43.5,0,0,0
2026-09-10 13:10:00,137.2,2,70,37.3,0,0,0
2026-09-10 13:15:00,146.2,515,99,40.1,0,0,0
2026-09-10 13:20:00,153.9,495,99,40.0,0,0,0
2026-09-10 13:25:00,156.6,5,68,42.0,0,0,0
2026-09-10 13:30:00,160.9,7,66,38.0,0,0,0
2026-09-10 13:35:00,163.2,12,66,39.2,0,0,0
2026-09-10 13:40:00,165.0,3,67,41.5,0,0,0
2026-09-10 13:45:00,163.6,3,62,41.9,0,0,0
2026-09-10 13:50:00,164.2,3,67,41.8,0,0,0
2026-09-10 13:55:00,161.2,5,69,38.2,0,0,0
2026-09-10 14:00:00,163.6,318,84,39.9,0,0,0
2026-09-10 14:05:00,158.6,322,87,43.2,0,0,0
2026-09-10 14:10:00,157.6,315,84,37.8,0,0,0
2026-09-10 14:15:00,155.7,317,87,42.1,0,0,0
2026-09-10 14:20:00,156.0,9,66,40.5,0,0,0
2026-09-10 14:25:00,149.6,3,68,41.5,0,0,0
2026-09-10 14:30:00,146.4,9,68,41.7,0,0,0
2026-09-10 14:35:00,144.1,3,67,35.2,0,0,0
2026-09-10 14:40:00,143.7,3,66,42.4,0,0,0
2026-09-10 14:45:00,144.7,13,68,39.5,0,0,0
2026-09-10 14:50:00,138.5,14,67,39.6,0,0,0
2026-09-10 14:55:00,137.7,8,68,40.4,0,0,0
2026-09-10 15:00:00,137.2,9,64,41.3,0,0,0
2026-09-10 15:05:00,136.0,8,71,36.7,0,0,0
2026-09-10 15:10:00,134.2,16,68,41.9,0,0,0
2026-09-10 15:15:00,128.6,6,66,41.5,0,0,0
2026-09-10 15:20:00,123.1,4,66,40.2,0,0,0
2026-09-10 15:25:00,120.7,8,67,37.8,0,0,0
2026-09-10 15:30:00,119.0,11,63,40.1,0,0,0
2026-09-10 15:35:00,117.3,6,69,39.5,0,0,0
2026-09-10 15:40:00,116.4,11,68,38.8,0,0,0
2026-09-10 15:45:00,116.2,7,70,42.1,0,0,0
2026-09-10 15:50:00,114.5,24,69,39.7,0,0,0
2026-09-10 15:55:00,110.7,16,68,42.9,0,0,0
2026-09-10 16:00:00,109.0,2,67,41.2,0,0,0
2026-09-10 16:05:00,110.6,10,68,40.0,0,0,0
2026-09-10 16:10:00,113.1,6,69,43.2,0,0,0
2026-09-10 16:15:00,112.6,3,67,42.4,0,0,0
2026-09-10 16:20:00,112.4,18,67,41.8,0,0,0
2026-09-10 16:25:00,114.2,13,69,41.9,0,0,0
2026-09-10 16:30:00,111.9,9,70,40.0,0,0,0
2026-09-10 16:35:00,112.0,5,64,35.2,0,0,0
2026-09-10 16:40:00,111.6,7,68,40.4,0,0,0
2026-09-10 16:45:00,108.9,5,68,39.5,0,0,0
2026-09-10 16:50:00,111.5,4,69,40.8,0,0,0
2026-09-10 16:55:00,111.8,7,68,39.4,0,0,0
2026-09-10 17:00:00,114.8,3,70,40.9,0,0,0
2026-09-10 17:05:00,117.9,8,65,37.8,0,0,0
2026-09-10 17:10:00,119.5,5,68,43.9,0,0,0
2026-09-10 17:15:00,121.1,7,65,43.4,0,0,0
2026-09-10 17:20:00,119.0,8,74,41.4,0,32,60
2026-09-10 17:25:00,121.5,7,68,40.8,0,0,0
2026-09-10 17:30:00,118.6,10,68,44.0,0,0,0
2026-09-10 17:35:00,118.6,4,69,40.2,0,0,0
2026-09-10 17:40:00,123.7,3,71,37.4,0,0,0
2026-09-10 17:45:00,125.8,7,69,38.8,0,0,0
2026-09-10 17:50:00,127.2,8,68,38.2,0,0,0
2026-09-10 17:55:00,131.0,11,69,37.7,0,0,0
2026-09-10 18:00:00,131.1,20,70,37.8,0,0,0
2026-09-10 18:05:00,133.3,14,70,42.9,0,0,0
2026-09-10 18:10:00,132.8,5,63,39.9,0,0,0
2026-09-10 18:15:00,132.3,3,65,40.5,0,0,0
2026-09-10 18:20:00,129.6,6,66,39.6,0,0,0
2026-09-10 18:25:00,130.8,3,66,40.9,0,0,0
2026-09-10 18:30:00,127.6,10,69,39.1,0,0,0
2026-09-10 18:35:00,129.4,3,66,43.0,0,0,0
2026-09-10 18:40:00,129.2,14,68,37.8,0,0,0
2026-09-10 18:45:00,125.9,19,69,41.4,0,0,0
2026-09-10 18:50:00,122.9,10,66,43.5,0,0,0
2026-09-10 18:55:00,121.9,7,63,42.1,0,0,0
2026-09-10 19:00:00,123.3,5,67,39.2,0,0,0
2026-09-10 19:05:00,123.9,10,67,36.2,0,0,0
2026-09-10 19:10:00,124.3,11,69,43.4,0,0,0
2026-09-10 19:15:00,121.9,5,68,37.1,0,0,0
2026-09-10 19:20:00,120.9,20,72,41.9,0,0,0
2026-09-10 19:25:00,120.2,20,68,40.9,0,0,0
2026-09-10 19:30:00,121.5,4,70,42.9,0,0,0
2026-09-10 19:35:00,120.5,2,68,43.9,0,0,0
2026-09-10 19:40:00,122.0,3,68,39.5,0,0,0
2026-09-10 19:45:00,117.7,8,67,40.2,0,0,0
2026-09-10 19:50:00,116.0,8,68,40.7,0,0,0
2026-09-10 19:55:00,117.4,4,68,38.5,0,0,0
2026-09-10 20:00:00,114.2,9,65,36.4,0,0,0
2026-09-10 20:05:00,113.2,10,68,38.8,0,0,0
2026-09-10 20:10:00,112.4,6,65,41.8,0,0,0
2026-09-10 20:15:00,112.8,5,68,38.4,0,0,0
2026-09-10 20:20:00,111.3,2,73,41.5,0,81,75
2026-09-10 20:25:00,124.5,12,73,39.8,0,0,0
2026-09-10 20:30:00,137.2,5,69,40.3,0,0,0
2026-09-10 20:35:00,144.2,1,67,40.2,0,0,0
2026-09-10 20:40:00,149.2,12,71,40.9,0,0,0
2026-09-10 20:45:00,154.3,10,69,35.3,0,0,0
2026-09-10 20:50:00,157.9,19,66,40.1,0,0,0
2026-09-10 20:55:00,159.6,17,69,38.1,0,0,0
2026-09-10 21:00:00,161.5,15,67,39.2,0,0,0
2026-09-10 21:05:00,161.3,19,69,43.9,0,0,0
2026-09-10 21:10:00,162.0,3,66,43.1,0,0,0
2026-09-10 21:15:00,162.7,2,66,43.3,0,0,0
2026-09-10 21:20:00,160.7,7,61,41.6,0,0,0
2026-09-10 21:25:00,160.3,11,64,41.2,0,0,0
2026-09-10 21:30:00,158.8,16,65,38.0,0,0,0
2026-09-10 21:35:00,158.9,21,67,42.3,0,0,0
2026-09-10 21:40:00,153.3,11,67,39.1,0,0,0
2026-09-10 21:45:00,152.0,4,66,37.6,0,0,0
2026-09-10 21:50:00,145.8,5,67,40.9,0,0,0
2026-09-10 21:55:00,141.5,4,67,42.1,0,0,0
2026-09-10 22:00:00,138.4,6,68,40.3,0,0,0
2026-09-10 22:05:00,134.8,4,65,41.6,0,0,0
2026-09-10 22:10:00,133.3,9,66,44.9,0,0,0
2026-09-10 22:15:00,134.7,9,67,43.2,0,0,0
2026-09-10 22:20:00,134.8,3,67,38.8,0,0,0
2026-09-10 22:25:00,132.3,7,69,44.5,0,0,0
2026-09-10 22:30:00,129.2,5,66,36.8,0,0,0
2026-09-10 22:35:00,122.9,2,70,43.6,0,0,0
2026-09-10 22:40:00,123.3,12,66,37.6,0,0,0
2026-09-10 22:45:00,122.7,0,62,66.0,1,0,0
2026-09-10 22:50:00,123.1,0,60,64.5,1,0,0
2026-09-10 22:55:00,120.2,1,61,66.1,1,0,0
2026-09-10 23:00:00,121.3,0,56,65.1,1,0,0
2026-09-10 23:05:00,118.9,1,60,69.2,1,0,0
2026-09-10 23:10:00,122.1,3,60,65.9,1,0,0
2026-09-10 23:15:00,118.0,0,61,66.8,1,0,0
2026-09-10 23:20:00,118.6,2,63,64.1,1,0,0
2026-09-10 23:25:00,121.8,0,58,66.4,1,0,0
2026-09-10 23:30:00,118.1,0,58,64.3,1,0,0
2026-09-10 23:35:00,116.9,0,60,62.6,1,0,0
2026-09-10 23:40:00,118.9,0,60,68.2,1,0,0
2026-09-10 23:45:00,118.3,0,58,62.1,1,0,0
2026-09-10 23:50:00,119.4,0,59,64.3,1,0,0
2026-09-10 23:55:00,114.9,0,54,65.8,1,0,0
2026-09-11 00:00:00,114.1,0,59,65.9,1,0,0
2026-09-11 00:05:00,114.5,0,59,69.4,1,0,0
2026-09-11 00:10:00,113.9,0,59,68.1,1,0,0
2026-09-11 00:15:00,111.8,0,56,70.1,1,0,0
2026-09-11 00:20:00,111.8,0,60,66.4,1,0,0
2026-09-11 00:25:00,111.6,1,60,67.0,1,0,0
2026-09-11 00:30:00,112.1,1,57,64.0,1,0,0
2026-09-11 00:35:00,113.9,0,61,64.4,1,0,0
2026-09-11 00:40:00,114.4,0,56,67.9,1,0,0
2026-09-11 00:45:00,116.0,0,58,64.1,1,0,0
2026-09-11 00:50:00,116.7,0,57,65.9,1,0,0
2026-09-11 00:55:00,113.0,1,60,67.0,1,0,0
2026-09-11 01:00:00,116.4,1,61,66.7,1,0,0
2026-09-11 01:05:00,114.3,1,56,65.6,1,0,0
2026-09-11 01:10:00,115.7,0,62,68.2,1,0,0
2026-09-11 01:15:00,116.5,1,59,65.2,1,0,0
2026-09-11 01:20:00,112.5,0,57,65.9,1,0,0
2026-09-11 01:25:00,110.8,0,58,69.5,1,0,0
2026-09-11 01:30:00,112.0,1,59,66.6,1,0,0
2026-09-11 01:35:00,111.7,0,57,65.9,1,0,0
2026-09-11 01:40:00,110.7,0,59,65.7,1,0,0
2026-09-11 01:45:00,113.2,2,59,67.5,1,0,0
2026-09-11 01:50:00,113.0,1,58,61.0,1,0,0
2026-09-11 01:55:00,116.8,1,61,65.2,1,0,0
2026-09-11 02:00:00,121.7,0,60,68.6,1,0,0
2026-09-11 02:05:00,120.8,0,60,66.0,1,0,0
2026-09-11 02:10:00,121.7,0,57,63.7,1,0,0
2026-09-11 02:15:00,119.8,0,59,66.1,1,0,0
2026-09-11 02:20:00,120.4,1,60,66.8,1,0,0
2026-09-11 02:25:00,121.1,0,58,64.8,1,0,0
2026-09-11 02:30:00,119.9,1,58,68.2,1,0,0
2026-09-11 02:35:00,120.3,1,57,61.8,1,0,0
2026-09-11 02:40:00,119.9,0,61,65.8,1,0,0
2026-09-11 02:45:00,119.0,1,61,64.3,1,0,0
2026-09-11 02:50:00,121.2,0,60,66.1,1,0,0
2026-09-11 02:55:00,115.6,1,63,64.3,1,0,0
2026-09-11 03:00:00,116.3,0,56,67.8,1,0,0
2026-09-11 03:05:00,118.2,0,61,65.1,1,0,0
2026-09-11 03:10:00,118.6,0,58,64.7,1,0,0
2026-09-11 03:15:00,118.9,0,58,67.0,1,0,0
2026-09-11 03:20:00,116.9,0,56,66.2,1,0,0
2026-09-11 03:25:00,113.1,0,63,66.1,1,0,0
2026-09-11 03:30:00,110.7,0,58,63.8,1,0,0
2026-09-11 03:35:00,111.0,0,59,63.1,1,0,0
2026-09-11 03:40:00,111.8,0,59,65.6,1,0,0
2026-09-11 03:45:00,111.0,2,58,61.8,1,0,0
2026-09-11 03:50:00,114.2,0,58,66.3,1,0,0
2026-09-11 03:55:00,111.6,1,62,62.9,1,0,0
2026-09-11 04:00:00,115.2,2,61,65.0,1,0,0
2026-09-11 04:05:00,112.1,0,56,65.7,1,0,0
2026-09-11 04:10:00,113.7,1,59,66.0,1,0,0
2026-09-11 04:15:00,115.4,0,56,65.8,1,0,0
2026-09-11 04:20:00,117.1,0,60,64.8,1,0,0
2026-09-11 04:25:00,118.9,0,59,65.4,1,0,0
2026-09-11 04:30:00,119.1,0,62,61.6,1,0,0
2026-09-11 04:35:00,120.8,0,61,64.1,1,0,0
2026-09-11 04:40:00,117.4,0,60,63.9,1,0,0
2026-09-11 04:45:00,116.4,0,59,64.3,1,0,0
2026-09-11 04:50:00,120.2,0,59,70.3,1,0,0
2026-09-11 04:55:00,120.9,0,56,62.0,1,0,0
2026-09-11 05:00:00,117.0,0,60,67.6,1,0,0
2026-09-11 05:05:00,122.3,0,60,67.3,1,0,0
2026-09-11 05:10:00,123.6,0,61,66.4,1,0,0
2026-09-11 05:15:00,126.5,0,60,60.1,1,0,0
2026-09-11 05:20:00,126.0,0,57,64.5,1,0,0
2026-09-11 05:25:00,120.6,0,58,67.3,1,0,0
2026-09-11 05:30:00,119.8,1,59,69.9,1,0,0
2026-09-11 05:35:00,121.6,0,57,66.5,1,0,0
2026-09-11 05:40:00,125.1,0,57,64.1,1,0,0
2026-09-11 05:45:00,127.8,0,60,62.9,1,0,0
2026-09-11 05:50:00,124.4,0,66,67.2,1,0,0
2026-09-11 05:55:00,122.7,0,57,67.0,1,0,0
2026-09-11 06:00:00,122.3,0,61,62.0,1,0,0
2026-09-11 06:05:00,125.0,1,58,68.5,1,0,0
2026-09-11 06:10:00,120.9,0,60,65.8,1,0,0
2026-09-11 06:15:00,124.0,3,59,64.8,1,0,0
2026-09-11 06:20:00,121.4,0,61,63.6,1,0,0
2026-09-11 06:25:00,122.4,0,61,67.7,1,0,0
2026-09-11 06:30:00,121.5,0,57,64.4,1,0,0
2026-09-11 06:35:00,120.8,0,60,64.5,1,0,0
2026-09-11 06:40:00,115.4,0,58,65.7,1,0,0
2026-09-11 06:45:00,118.1,3,67,37.4,0,0,0
2026-09-11 06:50:00,117.1,8,68,39.0,0,0,0
2026-09-11 06:55:00,114.3,3,68,41.3,0,0,0
2026-09-11 07:00:00,115.8,13,66,39.3,0,0,0
2026-09-11 07:05:00,117.8,11,68,40.5,0,0,0
2026-09-11 07:10:00,117.8,6,67,40.5,0,0,0
2026-09-11 07:15:00,116.5,7,67,42.4,0,0,0
2026-09-11 07:20:00,115.9,13,69,35.6,0,0,0
2026-09-11 07:25:00,113.1,11,69,41.0,0,0,0
2026-09-11 07:30:00,112.3,9,66,40.8,0,0,0
2026-09-11 07:35:00,113.8,7,70,42.0,0,0,0
2026-09-11 07:40:00,113.8,3,68,39.7,0,0,0
2026-09-11 07:45:00,113.4,6,63,37.3,0,0,0
2026-09-11 07:50:00,115.4,3,71,43.5,0,0,0
2026-09-11 07:55:00,116.9,15,68,38.6,0,0,0
2026-09-11 08:00:00,115.7,10,68,39.6,0,0,0
2026-09-11 08:05:00,113.5,4,70,41.3,0,0,0
2026-09-11 08:10:00,116.3,4,68,38.7,0,0,0
2026-09-11 08:15:00,114.4,10,68,39.7,0,0,0
2026-09-11 08:20:00,115.8,4,67,38.7,0,0,0
2026-09-11 08:25:00,114.2,9,66,39.5,0,0,0
2026-09-11 08:30:00,115.5,4,70,42.3,0,56,78
2026-09-11 08:35:00,124.8,8,69,42.9,0,0,0
2026-09-11 08:40:00,133.6,12,70,38.7,0,0,0
2026-09-11 08:45:00,138.7,5,68,38.7,0,0,0
2026-09-11 08:50:00,140.4,14,71,41.5,0,0,0
2026-09-11 08:55:00,141.0,6,69,39.4,0,0,0
2026-09-11 09:00:00,142.8,7,69,40.4,0,0,0
2026-09-11 09:05:00,145.3,9,66,40.4,0,0,0
2026-09-11 09:10:00,146.8,8,63,41.2,0,0,0
2026-09-11 09:15:00,149.3,6,70,40.0,0,0,0
2026-09-11 09:20:00,149.9,5,69,39.7,0,0,0
2026-09-11 09:25:00,148.5,3,68,37.5,0,0,0
2026-09-11 09:30:00,144.7,8,67,38.4,0,0,0
2026-09-11 09:35:00,146.0,11,68,37.9,0,0,0
2026-09-11 09:40:00,141.4,7,66,42.0,0,0,0
2026-09-11 09:45:00,141.7,6,70,42.2,0,0,0
2026-09-11 09:50:00,140.1,10,65,39.6,0,0,0
2026-09-11 09:55:00,136.4,8,67,43.2,0,0,0
2026-09-11 10:00:00,135.5,4,69,42.0,0,0,0
2026-09-11 10:05:00,133.5,8,70,39.7,0,0,0
2026-09-11 10:10:00,134.7,9,67,42.3,0,0,0
2026-09-11 10:15:00,129.4,7,68,39.8,0,0,0
2026-09-11 10:20:00,127.6,6,67,38.2,0,0,0
2026-09-11 10:25:00,128.7,13,70,44.9,0,0,0
2026-09-11 10:30:00,130.0,6,68,41.8,0,0,0
2026-09-11 10:35:00,130.7,6,69,43.2,0,0,0
2026-09-11 10:40:00,130.9,7,68,42.6,0,0,0
2026-09-11 10:45:00,128.7,8,68,40.7,0,0,0
2026-09-11 10:50:00,123.9,3,68,38.5,0,0,0
2026-09-11 10:55:00,122.3,4,67,39.7,0,0,0
2026-09-11 11:00:00,125.5,4,65,37.6,0,0,0
2026-09-11 11:05:00,123.0,10,65,41.8,0,0,0
2026-09-11 11:10:00,121.8,8,70,42.1,0,0,0
2026-09-11 11:15:00,119.7,11,66,41.8,0,0,0
2026-09-11 11:20:00,121.4,14,68,37.9,0,0,0
2026-09-11 11:25:00,123.8,7,70,40.7,0,0,0
2026-09-11 11:30:00,122.0,2,66,41.1,0,0,0
2026-09-11 11:35:00,118.5,11,65,41.9,0,0,0
2026-09-11 11:40:00,117.4,6,64,39.7,0,0,0
2026-09-11 11:45:00,116.9,9,66,38.4,0,0,0
2026-09-11 11:50:00,113.3,6,68,41.8,0,0,0
2026-09-11 11:55:00,115.5,13,70,39.1,0,0,0
2026-09-11 12:00:00,113.6,8,66,41.4,0,0,0
2026-09-11 12:05:00,114.2,6,64,38.0,0,0,0
2026-09-11 12:10:00,116.4,12,70,38.0,0,0,0
2026-09-11 12:15:00,117.8,5,68,41.7,0,0,0
2026-09-11 12:20:00,113.5,3,67,39.5,0,0,0
2026-09-11 12:25:00,111.0,11,67,40.4,0,0,0
2026-09-11 12:30:00,110.4,14,68,42.8,0,0,0
2026-09-11 12:35:00,108.3,19,67,38.7,0,0,0
2026-09-11 12:40:00,108.5,16,66,45.8,0,0,0
2026-09-11 12:45:00,109.1,14,67,39.7,0,0,0
2026-09-11 12:50:00,108.1,8,72,40.0,0,0,0
2026-09-11 12:55:00,113.6,6,66,40.5,0,0,0
2026-09-11 13:00:00,115.1,2,69,40.0,0,0,0
2026-09-11 13:05:00,116.0,12,68,38.9,0,0,0
2026-09-11 13:10:00,118.3,24,71,42.3,0,0,0
2026-09-11 13:15:00,116.8,484,98,40.2,0,0,0
2026-09-11 13:20:00,117.7,489,101,45.2,0,0,0
2026-09-11 13:25:00,116.6,10,67,42.7,0,0,0
2026-09-11 13:30:00,114.3,2,69,39.0,0,53,55
2026-09-11 13:35:00,120.2,8,70,40.3,0,0,0
2026-09-11 13:40:00,125.3,6,73,38.7,0,0,0
2026-09-11 13:45:00,127.7,471,100,40.5,0,0,0
2026-09-11 13:50:00,129.3,474,95,40.8,0,0,0
2026-09-11 13:55:00,127.6,6,71,36.1,0,0,0
2026-09-11 14:00:00,129.5,7,68,41.6,0,0,0
2026-09-11 14:05:00,129.8,6,66,39.7,0,0,0
2026-09-11 14:10:00,130.5,4,70,41.7,0,0,0
2026-09-11 14:15:00,123.5,7,64,41.0,0,0,0
2026-09-11 14:20:00,124.6,2,68,38.3,0,0,0
2026-09-11 14:25:00,123.9,8,67,39.6,0,0,0
2026-09-11 14:30:00,125.3,2,66,38.9,0,0,0
2026-09-11 14:35:00,127.2,14,68,43.2,0,0,0
2026-09-11 14:40:00,128.1,3,71,38.3,0,0,0
2026-09-11 14:45:00,125.9,9,66,38.8,0,0,0
2026-09-11 14:50:00,127.7,9,68,41.0,0,0,0
2026-09-11 14:55:00,127.0,7,69,39.3,0,0,0
2026-09-11 15:00:00,125.8,3,67,41.4,0,0,0
2026-09-11 15:05:00,124.1,5,67,42.1,0,0,0
2026-09-11 15:10:00,124.8,13,69,39.9,0,0,0
2026-09-11 15:15:00,125.5,3,68,38.7,0,0,0
2026-09-11 15:20:00,126.4,10,66,38.0,0,0,0
2026-09-11 15:25:00,127.9,11,69,40.4,0,0,0
2026-09-11 15:30:00,126.3,9,65,38.3,0,0,0
2026-09-11 15:35:00,124.0,8,66,39.0,0,0,0
2026-09-11 15:40:00,123.5,16,68,42.7,0,0,0
2026-09-11 15:45:00,121.4,9,66,38.9,0,0,0
2026-09-11 15:50:00,121.4,8,68,40.9,0,0,0
2026-09-11 15:55:00,124.1,7,68,39.5,0,0,0
2026-09-11 16:00:00,124.1,3,67,38.6,0,0,0
2026-09-11 16:05:00,124.2,9,71,40.5,0,0,0
2026-09-11 16:10:00,119.7,17,65,44.2,0,0,0
2026-09-11 16:15:00,119.5,7,64,40.8,0,0,0
2026-09-11 16:20:00,115.9,12,66,42.1,0,0,0
2026-09-11 16:25:00,115.4,5,67,44.1,0,0,0
2026-09-11 16:30:00,115.6,10,70,39.1,0,0,0
2026-09-11 16:35:00,117.7,5,64,46.6,0,0,0
2026-09-11 16:40:00,119.6,4,67,37.2,0,0,0
2026-09-11 16:45:00,118.7,6,69,36.5,0,0,0
2026-09-11 16:50:00,120.9,7,68,41.5,0,0,0
2026-09-11 16:55:00,120.2,8,69,38.4,0,0,0
2026-09-11 17:00:00,123.1,14,69,41.0,0,0,0
2026-09-11 17:05:00,119.5,5,69,39.3,0,0,0
2026-09-11 17:10:00,118.6,10,73,43.2,0,42,80
2026-09-11 17:15:00,125.3,15,76,39.7,0,0,0
2026-09-11 17:20:00,130.0,5,69,42.6,0,0,0
2026-09-11 17:25:00,133.1,13,69,35.9,0,0,0
2026-09-11 17:30:00,133.6,10,67,41.7,0,0,0
2026-09-11 17:35:00,136.5,1,74,44.4,0,0,0
2026-09-11 17:40:00,139.6,16,68,41.7,0,0,0
2026-09-11 17:45:00,138.4,4,65,41.0,0,0,0
2026-09-11 17:50:00,138.1,14,69,38.0,0,0,0
2026-09-11 17:55:00,138.1,8,70,37.4,0,0,0
2026-09-11 18:00:00,141.1,6,65,41.8,0,0,0
2026-09-11 18:05:00,140.5,12,67,44.0,0,0,0
2026-09-11 18:10:00,138.6,5,69,38.3,0,0,0
2026-09-11 18:15:00,138.2,14,70,36.5,0,0,0
2026-09-11 18:20:00,137.4,7,68,40.2,0,0,0
2026-09-11 18:25:00,138.6,7,68,39.7,0,0,0
2026-09-11 18:30:00,139.0,10,67,39.9,0,0,0
2026-09-11 18:35:00,137.4,5,67,34.6,0,0,0
2026-09-11 18:40:00,140.5,11,67,45.0,0,0,0
2026-09-11 18:45:00,140.3,5,68,39.5,0,0,0
2026-09-11 18:50:00,138.4,7,68,41.6,0,0,0
2026-09-11 18:55:00,134.8,13,68,38.3,0,0,0
2026-09-11 19:00:00,135.8,2,68,38.2,0,0,0
2026-09-11 19:05:00,131.9,9,69,40.6,0,0,0
2026-09-11 19:10:00,128.7,4,64,37.7,0,0,0
2026-09-11 19:15:00,126.7,9,69,40.2,0,0,0
2026-09-11 19:20:00,123.2,5,70,40.4,0,0,0
2026-09-11 19:25:00,120.7,7,69,40.0,0,0,0
2026-09-11 19:30:00,121.0,4,68,43.7,0,0,0
2026-09-11 19:35:00,117.1,5,70,41.0,0,0,0
2026-09-11 19:40:00,118.1,15,65,42.1,0,0,0
2026-09-11 19:45:00,115.4,12,68,40.0,0,0,0
2026-09-11 19:50:00,119.8,3,67,43.3,0,0,0
2026-09-11 19:55:00,119.3,6,65,42.2,0,0,0
2026-09-11 20:00:00,119.2,8,64,38.3,0,0,0
2026-09-11 20:05:00,118.4,11,64,37.8,0,0,0
2026-09-11 20:10:00,118.6,5,66,43.6,0,0,0
2026-09-11 20:15:00,114.5,7,66,36.4,0,0,0
2026-09-11 20:20:00,114.5,9,72,38.5,0,0,0
2026-09-11 20:25:00,110.7,7,67,43.5,0,0,0
2026-09-11 20:30:00,112.1,16,69,41.0,0,0,0
2026-09-11 20:35:00,111.4,10,64,42.9,0,0,0
2026-09-11 20:40:00,116.7,15,68,42.7,0,0,0
2026-09-11 20:45:00,115.7,10,68,43.0,0,0,0
2026-09-11 20:50:00,120.8,8,72,40.7,0,0,0
2026-09-11 20:55:00,119.4,23,73,40.0,0,0,0
2026-09-11 21:00:00,118.7,8,73,41.5,0,89,75
2026-09-11 21:05:00,134.4,5,68,38.9,0,0,0
2026-09-11 21:10:00,146.1,9,70,39.2,0,0,0
2026-09-11 21:15:00,152.3,12,72,36.2,0,0,0
2026-09-11 21:20:00,160.2,5,72,39.8,0,0,0
2026-09-11 21:25:00,163.3,2,71,39.2,0,0,0
2026-09-11 21:30:00,165.1,8,67,40.7,0,0,0
2026-09-11 21:35:00,166.5,9,64,35.8,0,0,0
2026-09-11 21:40:00,166.6,3,66,41.2,0,0,0
2026-09-11 21:45:00,165.7,8,69,39.0,0,0,0
2026-09-11 21:50:00,161.0,5,69,41.1,0,0,0
2026-09-11 21:55:00,158.9,7,67,38.5,0,0,0
2026-09-11 22:00:00,158.9,8,68,40.9,0,0,0
2026-09-11 22:05:00,158.5,9,67,39.7,0,0,0
2026-09-11 22:10:00,153.5,4,67,40.0,0,0,0
2026-09-11 22:15:00,151.6,6,67,39.7,0,0,0
2026-09-11 22:20:00,152.1,0,66,38.9,0,0,0
2026-09-11 22:25:00,150.4,5,70,35.8,0,0,0
2026-09-11 22:30:00,149.3,9,68,42.7,0,0,0
2026-09-11 22:35:00,150.4,6,62,35.9,0,0,0
2026-09-11 22:40:00,148.1,16,69,40.6,0,0,0
2026-09-11 22:45:00,144.8,7,67,41.6,0,0,0
2026-09-11 22:50:00,143.3,11,67,44.5,0,0,0
2026-09-11 22:55:00,143.3,11,67,41.3,0,0,0
2026-09-11 23:00:00,140.8,4,66,39.7,0,0,0
2026-09-11 23:05:00,140.1,20,70,42.0,0,0,0
2026-09-11 23:10:00,136.6,8,69,37.6,0,0,0
2026-09-11 23:15:00,140.7,5,70,40.5,0,0,0
2026-09-11 23:20:00,139.5,15,69,42.6,0,0,0
2026-09-11 23:25:00,140.3,18,68,40.6,0,0,0
2026-09-11 23:30:00,137.3,6,66,37.6,0,0,0
2026-09-11 23:35:00,136.5,11,67,43.0,0,0,0
2026-09-11 23:40:00,135.0,9,70,40.1,0,0,0
2026-09-11 23:45:00,136.0,8,68,40.6,0,0,0
2026-09-11 23:50:00,133.6,8,66,38.9,0,0,0
2026-09-11 23:55:00,131.0,0,60,65.5,1,0,0
2026-09-12 00:00:00,132.2,0,60,65.1,1,0,0
2026-09-12 00:05:00,133.3,0,61,66.1,1,0,0
2026-09-12 00:10:00,133.6,0,57,64.1,1,0,0
2026-09-12 00:15:00,132.1,1,62,64.9,1,0,0
2026-09-12 00:20:00,127.8,0,59,66.4,1,0,0
2026-09-12 00:25:00,127.2,0,58,63.3,1,0,0
2026-09-12 00:30:00,125.9,0,58,69.8,1,0,0
2026-09-12 00:35:00,124.4,0,60,65.6,1,0,0
2026-09-12 00:40:00,119.5,0,58,68.2,1,0,0
2026-09-12 00:45:00,121.1,0,55,67.0,1,0,0
2026-09-12 00:50:00,120.0,0,59,66.6,1,0,0
2026-09-12 00:55:00,121.0,1,60,66.2,1,0,0
2026-09-12 01:00:00,123.5,0,60,63.2,1,0,0
2026-09-12 01:05:00,121.7,0,63,66.5,1,0,0
2026-09-12 01:10:00,124.0,1,60,66.1,1,0,0
2026-09-12 01:15:00,121.1,0,61,63.5,1,0,0
2026-09-12 01:20:00,120.9,0,56,63.0,1,0,0
2026-09-12 01:25:00,121.0,0,60,65.2,1,0,0
2026-09-12 01:30:00,122.3,0,58,62.1,1,0,0
2026-09-12 01:35:00,122.9,0,61,61.8,1,0,0
2026-09-12 01:40:00,120.0,2,58,68.5,1,0,0
2026-09-12 01:45:00,121.5,0,58,64.8,1,0,0
2026-09-12 01:50:00,123.6,0,60,65.6,1,0,0
2026-09-12 01:55:00,124.3,0,57,66.0,1,0,0
2026-09-12 02:00:00,124.2,0,56,67.7,1,0,0
2026-09-12 02:05:00,125.2,0,62,67.5,1,0,0
2026-09-12 02:10:00,122.7,0,57,63.0,1,0,0
2026-09-12 02:15:00,122.2,1,61,66.7,1,0,0
2026-09-12 02:20:00,118.3,0,59,67.3,1,0,0
2026-09-12 02:25:00,120.6,0,60,65.5,1,0,0
2026-09-12 02:30:00,119.2,0,58,65.6,1,0,0
2026-09-12 02:35:00,119.7,0,63,64.4,1,0,0
2026-09-12 02:40:00,119.1,0,59,64.2,1,0,0
2026-09-12 02:45:00,115.9,0,60,64.8,1,0,0
2026-09-12 02:50:00,114.6,1,60,66.5,1,0,0
2026-09-12 02:55:00,117.4,1,60,63.5,1,0,0
2026-09-12 03:00:00,118.5,0,60,65.5,1,0,0
2026-09-12 03:05:00,118.9,0,60,67.6,1,0,0
2026-09-12 03:10:00,118.9,0,61,65.6,1,0,0
2026-09-12 03:15:00,120.3,0,57,64.6,1,0,0
2026-09-12 03:20:00,117.0,0,57,67.8,1,0,0
2026-09-12 03:25:00,115.7,1,56,67.4,1,0,0
2026-09-12 03:30:00,114.8,0,59,67.2,1,0,0
2026-09-12 03:35:00,116.3,1,57,65.7,1,0,0
2026-09-12 03:40:00,122.5,1,58,64.6,1,0,0
2026-09-12 03:45:00,119.3,0,62,66.8,1,0,0
2026-09-12 03:50:00,119.1,0,58,66.1,1,0,0
2026-09-12 03:55:00,120.6,0,57,65.2,1,0,0
2026-09-12 04:00:00,122.8,0,61,65.9,1,0,0
2026-09-12 04:05:00,119.8,0,57,64.5,1,0,0
2026-09-12 04:10:00,120.0,0,58,68.3,1,0,0
2026-09-12 04:15:00,117.1,0,59,65.1,1,0,0
2026-09-12 04:20:00,118.0,0,62,63.8,1,0,0
2026-09-12 04:25:00,114.1,0,57,63.9,1,0,0
2026-09-12 04:30:00,114.5,0,61,69.2,1,0,0
2026-09-12 04:35:00,116.5,0,58,66.6,1,0,0
2026-09-12 04:40:00,119.4,0,58,63.8,1,0,0
2026-09-12 04:45:00,121.4,0,59,66.1,1,0,0
2026-09-12 04:50:00,120.0,0,56,61.1,1,0,0
2026-09-12 04:55:00,120.1,1,60,66.4,1,0,0
2026-09-12 05:00:00,124.6,0,61,64.4,1,0,0
2026-09-12 05:05:00,124.5,1,60,63.5,1,0,0
2026-09-12 05:10:00,125.5,0,58,62.7,1,0,0
2026-09-12 05:15:00,127.6,0,64,62.3,1,0,0
2026-09-12 05:20:00,128.6,1,59,65.9,1,0,0
2026-09-12 05:25:00,128.0,0,60,63.6,1,0,0
2026-09-12 05:30:00,129.7,0,59,65.3,1,0,0
2026-09-12 05:35:00,127.3,0,58,64.1,1,0,0
2026-09-12 05:40:00,126.3,2,61,61.5,1,0,0
2026-09-12 05:45:00,127.8,0,56,67.2,1,0,0
2026-09-12 05:50:00,131.0,0,57,65.0,1,0,0
2026-09-12 05:55:00,128.9,1,58,66.4,1,0,0
2026-09-12 06:00:00,126.2,0,61,64.3,1,0,0
2026-09-12 06:05:00,126.0,0,60,67.7,1,0,0
2026-09-12 06:10:00,124.2,4,64,40.0,0,0,0
2026-09-12 06:15:00,124.0,8,66,41.8,0,0,0
2026-09-12 06:20:00,118.5,9,67,39.0,0,0,0
2026-09-12 06:25:00,118.7,9,67,40.5,0,0,0
2026-09-12 06:30:00,120.2,4,68,36.7,0,0,0
2026-09-12 06:35:00,119.4,7,67,37.8,0,0,0
2026-09-12 06:40:00,119.4,9,68,43.8,0,0,0
2026-09-12 06:45:00,121.1,11,67,38.9,0,0,0
2026-09-12 06:50:00,125.7,12,66,38.3,0,0,0
2026-09-12 06:55:00,127.4,12,67,39.2,0,0,0
2026-09-12 07:00:00,125.0,14,68,38.5,0,0,0
2026-09-12 07:05:00,123.5,8,64,37.7,0,0,0
2026-09-12 07:10:00,122.0,14,70,36.0,0,0,0
2026-09-12 07:15:00,122.1,5,72,35.0,0,0,0
2026-09-12 07:20:00,121.7,7,64,38.2,0,0,0
2026-09-12 07:25:00,120.8,12,70,40.0,0,0,0
2026-09-12 07:30:00,120.4,14,70,40.5,0,0,0
2026-09-12 07:35:00,116.8,2,70,41.6,0,0,0
2026-09-12 07:40:00,114.9,6,66,40.6,0,0,0
2026-09-12 07:45:00,117.2,8,66,42.3,0,0,0
2026-09-12 07:50:00,116.9,13,62,41.9,0,0,0
2026-09-12 07:55:00,116.2,9,66,41.3,0,0,0
2026-09-12 08:00:00,117.9,13,70,38.2,0,0,0
2026-09-12 08:05:00,113.0,10,71,42.7,0,34,55
2026-09-12 08:10:00,113.9,3,71,40.6,0,0,0
2026-09-12 08:15:00,113.5,6,72,39.8,0,0,0
2026-09-12 08:20:00,118.4,485,97,38.8,0,0,0
2026-09-12 08:25:00,122.5,485,100,40.4,0,0,0
2026-09-12 08:30:00,124.8,7,71,39.1,0,0,0
2026-09-12 08:35:00,122.5,10,73,37.6,0,0,0
2026-09-12 08:40:00,123.7,12,66,41.1,0,0,0
2026-09-12 08:45:00,123.2,6,66,40.4,0,0,0
2026-09-12 08:50:00,123.4,9,65,36.4,0,0,0
2026-09-12 08:55:00,120.3,6,68,39.9,0,0,0
2026-09-12 09:00:00,118.6,13,70,43.0,0,0,0
2026-09-12 09:05:00,119.3,12,64,43.1,0,0,0
2026-09-12 09:10:00,123.8,10,67,40.9,0,0,0
2026-09-12 09:15:00,126.0,16,69,40.7,0,0,0
2026-09-12 09:20:00,124.9,8,68,43.6,0,0,0
2026-09-12 09:25:00,126.8,4,68,39.8,0,0,0
2026-09-12 09:30:00,124.8,7,66,42.4,0,0,0
2026-09-12 09:35:00,122.2,20,69,36.4,0,0,0
2026-09-12 09:40:00,124.6,4,67,39.7,0,0,0
2026-09-12 09:45:00,122.1,2,65,38.8,0,0,0
2026-09-12 09:50:00,121.5,3,69,40.0,0,0,0
2026-09-12 09:55:00,118.1,7,68,38.2,0,0,0
2026-09-12 10:00:00,118.3,11,70,41.4,0,0,0
2026-09-12 10:05:00,118.0,13,69,36.3,0,0,0
2026-09-12 10:10:00,118.7,6,65,37.7,0,0,0
2026-09-12 10:15:00,115.9,14,69,39.6,0,0,0
2026-09-12 10:20:00,115.7,2,65,42.5,0,0,0
2026-09-12 10:25:00,119.9,8,67,42.6,0,0,0
2026-09-12 10:30:00,124.3,2,70,38.8,0,0,0
2026-09-12 10:35:00,122.5,11,66,39.7,0,0,0
2026-09-12 10:40:00,121.0,14,67,40.4,0,0,0
2026-09-12 10:45:00,117.9,11,66,42.8,0,0,0
2026-09-12 10:50:00,118.6,23,69,39.7,0,0,0
2026-09-12 10:55:00,117.1,11,69,43.3,0,0,0
2026-09-12 11:00:00,111.3,9,68,42.0,0,0,0
2026-09-12 11:05:00,113.1,11,67,37.9,0,0,0
2026-09-12 11:10:00,110.0,22,69,42.3,0,0,0
2026-09-12 11:15:00,112.8,29,69,41.4,0,0,0
2026-09-12 11:20:00,116.1,9,70,40.3,0,0,0
2026-09-12 11:25:00,114.3,4,65,41.5,0,0,0
2026-09-12 11:30:00,110.1,11,67,40.8,0,0,0
2026-09-12 11:35:00,110.2,17,65,39.4,0,0,0
2026-09-12 11:40:00,112.4,5,67,38.3,0,0,0
2026-09-12 11:45:00,113.5,10,69,40.5,0,0,0
2026-09-12 11:50:00,115.2,399,94,43.6,0,0,0
2026-09-12 11:55:00,112.8,402,88,44.1,0,0,0
2026-09-12 12:00:00,111.0,396,88,41.0,0,0,0
2026-09-12 12:05:00,113.5,405,87,42.7,0,0,0
2026-09-12 12:10:00,115.2,10,65,40.7,0,0,0
2026-09-12 12:15:00,112.6,7,68,40.3,0,0,0
2026-09-12 12:20:00,114.6,15,69,40.0,0,0,0
2026-09-12 12:25:00,112.9,15,67,41.6,0,0,0
2026-09-12 12:30:00,111.4,12,66,41.5,0,0,0
2026-09-12 12:35:00,110.9,2,65,40.4,0,0,0
2026-09-12 12:40:00,111.5,3,65,41.3,0,0,0
2026-09-12 12:45:00,112.9,10,65,37.6,0,0,0
2026-09-12 12:50:00,114.7,14,67,42.2,0,0,0
2026-09-12 12:55:00,114.5,8,66,44.1,0,0,0
2026-09-12 13:00:00,116.4,7,65,38.6,0,0,0
2026-09-12 13:05:00,116.1,17,71,38.8,0,0,0
2026-09-12 13:10:00,114.5,7,65,40.7,0,0,0
2026-09-12 13:15:00,113.1,6,67,42.4,0,0,0
2026-09-12 13:20:00,111.5,8,68,41.4,0,0,0
2026-09-12 13:25:00,111.9,8,69,36.7,0,0,0
2026-09-12 13:30:00,116.1,11,71,41.6,0,65,68
2026-09-12 13:35:00,122.5,7,71,39.1,0,0,0
2026-09-12 13:40:00,128.8,5,72,41.9,0,0,0
2026-09-12 13:45:00,132.1,465,101,40.4,0,0,0
2026-09-12 13:50:00,134.3,471,100,42.7,0,0,0
2026-09-12 13:55:00,138.4,4,71,40.2,0,0,0
2026-09-12 14:00:00,138.4,10,67,42.9,0,0,0
2026-09-12 14:05:00,137.9,6,65,40.3,0,0,0
2026-09-12 14:10:00,140.3,11,69,42.5,0,0,0
2026-09-12 14:15:00,137.4,10,67,41.0,0,0,0
2026-09-12 14:20:00,133.5,3,70,38.4,0,0,0
2026-09-12 14:25:00,132.5,6,66,39.3,0,0,0
2026-09-12 14:30:00,134.6,6,68,37.8,0,0,0
2026-09-12 14:35:00,131.5,5,72,41.7,0,0,0
2026-09-12 14:40:00,129.8,6,65,38.0,0,0,0
2026-09-12 14:45:00,130.5,13,68,40.0,0,0,0
2026-09-12 14:50:00,127.0,8,64,39.5,0,0,0
2026-09-12 14:55:00,127.0,6,65,41.9,0,0,0
2026-09-12 15:00:00,129.0,4,68,40.6,0,0,0
2026-09-12 15:05:00,131.1,9,64,41.0,0,0,0
2026-09-12 15:10:00,131.8,9,66,42.1,0,0,0
2026-09-12 15:15:00,128.7,3,65,42.8,0,0,0
2026-09-12 15:20:00,128.6,3,68,40.5,0,0,0
2026-09-12 15:25:00,125.1,3,69,38.5,0,0,0
2026-09-12 15:30:00,127.1,11,69,41.7,0,0,0
2026-09-12 15:35:00,129.2,8,62,42.4,0,0,0
2026-09-12 15:40:00,128.3,11,66,42.1,0,0,0
2026-09-12 15:45:00,129.3,13,68,43.5,0,0,0
2026-09-12 15:50:00,126.7,4,67,39.7,0,0,0
2026-09-12 15:55:00,125.1,5,67,41.3,0,0,0
2026-09-12 16:00:00,123.8,6,66,41.7,0,0,0
2026-09-12 16:05:00,121.6,10,68,42.7,0,0,0
2026-09-12 16:10:00,118.9,8,69,38.4,0,0,0
2026-09-12 16:15:00,118.6,5,68,38.0,0,0,0
2026-09-12 16:20:00,119.2,11,69,39.8,0,0,0
2026-09-12 16:25:00,116.5,2,69,40.0,0,0,0
2026-09-12 16:30:00,118.4,11,65,40.0,0,0,0
2026-09-12 16:35:00,116.2,11,68,35.3,0,0,0
2026-09-12 16:40:00,114.8,16,65,39.3,0,0,0
2026-09-12 16:45:00,113.0,7,65,39.6,0,0,0
2026-09-12 16:50:00,114.0,9,69,41.9,0,0,0
2026-09-12 16:55:00,111.7,15,69,42.4,0,0,0
2026-09-12 17:00:00,112.3,14,70,37.2,0,0,0
2026-09-12 17:05:00,111.3,2,66,39.1,0,0,0
2026-09-12 17:10:00,111.7,13,68,41.3,0,0,0
2026-09-12 17:15:00,112.9,2,71,39.7,0,22,50
2026-09-12 17:20:00,112.6,3,70,39.1,0,0,0
2026-09-12 17:25:00,115.8,3,73,37.7,0,0,0
2026-09-12 17:30:00,119.5,388,95,37.5,0,0,0
2026-09-12 17:35:00,121.6,376,94,38.4,0,0,0
2026-09-12 17:40:00,122.2,0,72,38.6,0,0,0
2026-09-12 17:45:00,119.0,13,68,36.1,0,0,0
2026-09-12 17:50:00,118.1,7,72,39.0,0,0,0
2026-09-12 17:55:00,115.7,2,69,40.8,0,0,0
2026-09-12 18:00:00,115.6,13,69,43.2,0,0,0
2026-09-12 18:05:00,118.5,22,67,41.9,0,0,0
2026-09-12 18:10:00,117.0,14,69,41.5,0,0,0
2026-09-12 18:15:00,119.2,10,70,40.6,0,0,0
2026-09-12 18:20:00,121.5,6,64,43.3,0,0,0
2026-09-12 18:25:00,120.0,16,68,41.9,0,0,0
2026-09-12 18:30:00,119.5,27,69,41.3,0,0,0
2026-09-12 18:35:00,119.7,17,64,36.6,0,0,0
2026-09-12 18:40:00,119.5,7,69,41.1,0,0,0
2026-09-12 18:45:00,117.1,7,69,37.5,0,0,0
2026-09-12 18:50:00,115.9,2,65,41.0,0,0,0
2026-09-12 18:55:00,116.8,12,67,43.3,0,0,0
2026-09-12 19:00:00,119.7,2,66,38.1,0,0,0
2026-09-12 19:05:00,122.9,10,70,40.7,0,0,0
2026-09-12 19:10:00,126.0,16,65,39.0,0,0,0
2026-09-12 19:15:00,122.8,11,64,40.3,0,0,0
2026-09-12 19:20:00,122.2,10,65,41.0,0,0,0
2026-09-12 19:25:00,121.5,2,70,39.5,0,0,0
2026-09-12 19:30:00,120.8,7,67,37.2,0,0,0
2026-09-12 19:35:00,119.3,5,68,40.5,0,0,0
2026-09-12 19:40:00,120.4,4,66,40.3,0,0,0
2026-09-12 19:45:00,118.1,15,69,38.7,0,0,0
2026-09-12 19:50:00,118.6,8,69,39.6,0,0,0
2026-09-12 19:55:00,121.6,18,68,42.3,0,0,0
2026-09-12 20:00:00,121.7,6,66,41.7,0,0,0
2026-09-12 20:05:00,123.2,7,66,40.6,0,0,0
2026-09-12 20:10:00,121.1,2,70,36.4,0,0,0
2026-09-12 20:15:00,122.5,6,67,42.1,0,0,0
2026-09-12 20:20:00,119.9,21,63,40.8,0,0,0
2026-09-12 20:25:00,120.2,20,71,38.5,0,0,0
2026-09-12 20:30:00,119.4,8,66,39.4,0,0,0
2026-09-12 20:35:00,118.5,21,67,41.2,0,0,0
2026-09-12 20:40:00,117.5,5,71,41.2,0,97,75
2026-09-12 20:45:00,131.3,8,69,39.0,0,0,0
2026-09-12 20:50:00,142.2,7,68,41.0,0,0,0
2026-09-12 20:55:00,151.5,12,72,44.2,0,0,0
2026-09-12 21:00:00,156.9,12,71,38.0,0,0,0
2026-09-12 21:05:00,161.2,10,71,43.3,0,0,0
2026-09-12 21:10:00,166.2,16,68,37.2,0,0,0
2026-09-12 21:15:00,169.9,12,69,41.1,0,0,0
2026-09-12 21:20:00,170.4,7,69,39.7,0,0,0
2026-09-12 21:25:00,171.6,6,67,42.0,0,0,0
2026-09-12 21:30:00,169.0,8,65,39.4,0,0,0
2026-09-12 21:35:00,166.7,8,69,39.5,0,0,0
2026-09-12 21:40:00,167.1,6,67,37.5,0,0,0
2026-09-12 21:45:00,168.9,24,68,38.3,0,0,0
2026-09-12 21:50:00,166.7,3,65,39.7,0,0,0
2026-09-12 21:55:00,162.3,9,68,43.7,0,0,0
2026-09-12 22:00:00,162.5,7,68,39.5,0,0,0
2026-09-12 22:05:00,157.8,5,65,42.1,0,0,0
2026-09-12 22:10:00,154.6,2,62,40.6,0,0,0
2026-09-12 22:15:00,152.7,0,57,66.6,1,0,0
2026-09-12 22:20:00,148.0,2,62,63.3,1,0,0
2026-09-12 22:25:00,150.5,0,58,66.1,1,0,0
2026-09-12 22:30:00,147.7,1,58,66.2,1,0,0
2026-09-12 22:35:00,145.5,1,58,65.8,1,0,0
2026-09-12 22:40:00,145.2,0,60,66.7,1,0,0
2026-09-12 22:45:00,146.7,0,59,64.8,1,0,0
2026-09-12 22:50:00,147.2,0,59,70.3,1,0,0
2026-09-12 22:55:00,146.5,1,59,66.3,1,0,0
2026-09-12 23:00:00,142.3,0,60,66.0,1,0,0
2026-09-12 23:05:00,144.2,0,61,64.3,1,0,0
2026-09-12 23:10:00,141.4,2,60,69.0,1,0,0
2026-09-12 23:15:00,142.2,1,58,65.1,1,0,0
2026-09-12 23:20:00,140.9,0,59,66.9,1,0,0
2026-09-12 23:25:00,139.4,0,57,67.4,1,0,0
2026-09-12 23:30:00,138.0,1,57,66.6,1,0,0
2026-09-12 23:35:00,137.3,0,61,68.6,1,0,0
2026-09-12 23:40:00,134.4,2,59,67.6,1,0,0
2026-09-12 23:45:00,131.0,0,59,68.2,1,0,0
2026-09-12 23:50:00,128.5,0,58,67.1,1,0,0
2026-09-12 23:55:00,131.2,0,55,70.2,1,0,0
2026-09-13 00:00:00,136.0,0,62,65.2,1,0,0
2026-09-13 00:05:00,136.3,0,60,63.8,1,0,0
2026-09-13 00:10:00,135.1,0,60,66.2,1,0,0
2026-09-13 00:15:00,134.0,0,58,60.6,1,0,0
2026-09-13 00:20:00,128.0,0,60,61.4,1,0,0
2026-09-13 00:25:00,123.1,0,56,67.1,1,0,0
2026-09-13 00:30:00,121.0,0,63,62.8,1,0,0
2026-09-13 00:35:00,120.0,0,56,65.8,1,0,0
2026-09-13 00:40:00,116.4,0,58,64.6,1,0,0
2026-09-13 00:45:00,118.5,0,58,61.4,1,0,0
2026-09-13 00:50:00,121.9,0,56,61.6,1,0,0
2026-09-13 00:55:00,121.0,0,61,62.7,1,0,0
2026-09-13 01:00:00,119.8,0,60,66.6,1,0,0
2026-09-13 01:05:00,118.8,0,60,63.3,1,0,0
2026-09-13 01:10:00,118.6,0,60,62.1,1,0,0
2026-09-13 01:15:00,120.9,1,56,65.5,1,0,0
2026-09-13 01:20:00,123.1,0,64,62.1,1,0,0
2026-09-13 01:25:00,120.8,1,61,66.0,1,0,0
2026-09-13 01:30:00,117.5,0,60,62.2,1,0,0
2026-09-13 01:35:00,118.6,0,56,64.5,1,0,0
2026-09-13 01:40:00,118.1,0,62,59.0,1,0,0
2026-09-13 01:45:00,118.0,0,54,63.2,1,0,0
2026-09-13 01:50:00,116.4,0,57,65.0,1,0,0
2026-09-13 01:55:00,114.1,1,58,64.8,1,0,0
2026-09-13 02:00:00,115.1,0,59,62.9,1,0,0
2026-09-13 02:05:00,115.7,0,56,60.2,1,0,0
2026-09-13 02:10:00,118.4,0,56,61.1,1,0,0
2026-09-13 02:15:00,116.0,0,55,64.3,1,0,0
2026-09-13 02:20:00,113.9,0,60,64.4,1,0,0
2026-09-13 02:25:00,116.2,1,57,62.9,1,0,0
2026-09-13 02:30:00,112.9,0,60,65.1,1,0,0
2026-09-13 02:35:00,116.6,0,60,60.8,1,0,0
2026-09-13 02:40:00,116.2,0,60,63.5,1,0,0
2026-09-13 02:45:00,117.1,0,57,63.7,1,0,0
2026-09-13 02:50:00,117.9,0,59,64.6,1,0,0
2026-09-13 02:55:00,118.4,1,61,63.5,1,0,0
2026-09-13 03:00:00,119.9,0,61,64.5,1,0,0
2026-09-13 03:05:00,116.1,0,61,61.0,1,0,0
2026-09-13 03:10:00,112.6,0,58,64.4,1,0,0
2026-09-13 03:15:00,111.4,0,54,64.2,1,0,0
2026-09-13 03:20:00,111.8,0,59,60.6,1,0,0
2026-09-13 03:25:00,113.9,1,60,62.1,1,0,0
2026-09-13 03:30:00,114.4,0,62,64.4,1,0,0
2026-09-13 03:35:00,113.0,0,61,62.8,1,0,0
2026-09-13 03:40:00,114.4,0,55,66.1,1,0,0
2026-09-13 03:45:00,113.8,0,59,64.5,1,0,0
2026-09-13 03:50:00,114.9,3,57,67.2,1,0,0
2026-09-13 03:55:00,117.9,0,58,62.4,1,0,0
2026-09-13 04:00:00,117.0,0,58,63.1,1,0,0
2026-09-13 04:05:00,118.5,0,60,66.0,1,0,0
2026-09-13 04:10:00,121.0,0,61,65.1,1,0,0
2026-09-13 04:15:00,120.3,1,58,64.8,1,0,0
2026-09-13 04:20:00,121.8,1,60,68.3,1,0,0
2026-09-13 04:25:00,120.6,0,57,63.1,1,0,0
2026-09-13 04:30:00,123.7,0,57,65.3,1,0,0
2026-09-13 04:35:00,124.9,0,58,63.4,1,0,0
2026-09-13 04:40:00,123.6,0,60,62.3,1,0,0
2026-09-13 04:45:00,125.2,0,58,60.2,1,0,0
2026-09-13 04:50:00,123.1,1,60,60.2,1,0,0
2026-09-13 04:55:00,117.3,0,60,58.0,1,0,0
2026-09-13 05:00:00,119.3,1,61,67.5,1,0,0
2026-09-13 05:05:00,121.5,0,58,65.9,1,0,0
2026-09-13 05:10:00,123.1,1,55,65.8,1,0,0
2026-09-13 05:15:00,120.7,0,60,63.9,1,0,0
2026-09-13 05:20:00,123.7,0,56,62.0,1,0,0
2026-09-13 05:25:00,121.8,1,59,64.3,1,0,0
2026-09-13 05:30:00,125.1,0,57,66.2,1,0,0
2026-09-13 05:35:00,126.7,0,58,61.9,1,0,0
2026-09-13 05:40:00,123.7,0,60,61.9,1,0,0
2026-09-13 05:45:00,124.7,0,54,64.0,1,0,0
2026-09-13 05:50:00,124.1,0,59,62.7,1,0,0
2026-09-13 05:55:00,121.1,0,57,65.5,1,0,0
2026-09-13 06:00:00,121.2,0,60,64.3,1,0,0
2026-09-13 06:05:00,123.6,1,62,62.2,1,0,0
2026-09-13 06:10:00,127.0,1,59,65.2,1,0,0
2026-09-13 06:15:00,127.3,0,55,60.3,1,0,0
2026-09-13 06:20:00,128.4,0,57,62.1,1,0,0
2026-09-13 06:25:00,129.4,0,56,64.0,1,0,0
2026-09-13 06:30:00,130.2,0,55,62.2,1,0,0
2026-09-13 06:35:00,126.8,8,67,40.2,0,0,0
2026-09-13 06:40:00,125.3,4,65,41.2,0,0,0
2026-09-13 06:45:00,125.3,12,68,36.8,0,0,0
2026-09-13 06:50:00,122.5,10,63,41.6,0,0,0
2026-09-13 06:55:00,119.6,20,72,39.5,0,0,0
2026-09-13 07:00:00,119.7,13,65,39.8,0,0,0
2026-09-13 07:05:00,119.0,2,64,40.6,0,0,0
2026-09-13 07:10:00,120.3,3,68,36.3,0,0,0
2026-09-13 07:15:00,118.7,8,68,37.6,0,0,0
2026-09-13 07:20:00,119.8,6,70,39.5,0,0,0
2026-09-13 07:25:00,121.1,8,66,41.8,0,0,0
2026-09-13 07:30:00,114.2,5,64,39.2,0,0,0
2026-09-13 07:35:00,117.4,6,63,36.9,0,0,0
2026-09-13 07:40:00,121.2,7,69,44.4,0,0,0
2026-09-13 07:45:00,121.7,12,73,40.9,0,0,0
2026-09-13 07:50:00,122.1,12,65,37.3,0,0,0
2026-09-13 07:55:00,119.3,8,63,38.9,0,0,0
2026-09-13 08:00:00,123.2,8,66,39.8,0,0,0
2026-09-13 08:05:00,124.9,14,70,39.5,0,61,70
2026-09-13 08:10:00,131.2,14,71,36.1,0,0,0
2026-09-13 08:15:00,137.6,19,71,40.9,0,0,0
2026-09-13 08:20:00,144.7,479,97,41.4,0,0,0
2026-09-13 08:25:00,144.4,476,99,41.7,0,0,0
2026-09-13 08:30:00,148.0,5,68,37.0,0,0,0
2026-09-13 08:35:00,146.9,6,67,38.7,0,0,0
2026-09-13 08:40:00,150.3,5,69,37.3,0,0,0
2026-09-13 08:45:00,151.7,4,70,37.3,0,0,0
2026-09-13 08:50:00,152.8,8,68,42.2,0,0,0
2026-09-13 08:55:00,152.4,6,69,38.3,0,0,0
2026-09-13 09:00:00,149.8,18,68,43.7,0,0,0
2026-09-13 09:05:00,149.2,4,71,40.0,0,0,0
2026-09-13 09:10:00,148.5,8,70,40.7,0,0,0
2026-09-13 09:15:00,148.7,10,71,43.8,0,0,0
2026-09-13 09:20:00,150.6,8,69,37.8,0,0,0
2026-09-13 09:25:00,152.6,10,69,40.2,0,0,0
2026-09-13 09:30:00,153.2,13,67,38.1,0,0,0
2026-09-13 09:35:00,155.5,4,67,40.6,0,0,0
2026-09-13 09:40:00,152.5,5,70,40.9,0,0,0
2026-09-13 09:45:00,152.3,9,66,39.7,0,0,0
2026-09-13 09:50:00,151.3,5,71,41.4,0,0,0
2026-09-13 09:55:00,146.1,9,70,38.6,0,0,0
2026-09-13 10:00:00,143.4,8,66,40.6,0,0,0
2026-09-13 10:05:00,140.0,5,64,41.3,0,0,0
2026-09-13 10:10:00,137.8,15,62,38.2,0,0,0
2026-09-13 10:15:00,136.8,2,70,35.3,0,0,0
2026-09-13 10:20:00,134.8,8,64,39.7,0,0,0
2026-09-13 10:25:00,136.6,3,64,37.5,0,0,0
2026-09-13 10:30:00,136.2,11,67,36.8,0,0,0
2026-09-13 10:35:00,137.7,2,71,39.2,0,0,0
2026-09-13 10:40:00,135.8,1,69,39.3,0,0,0
2026-09-13 10:45:00,135.4,3,70,39.5,0,0,0
2026-09-13 10:50:00,129.6,7,68,41.5,0,0,0
2026-09-13 10:55:00,126.5,5,69,41.5,0,0,0
2026-09-13 11:00:00,125.8,7,68,34.1,0,0,0
2026-09-13 11:05:00,126.7,426,91,40.0,0,0,0
2026-09-13 11:10:00,126.0,428,90,40.7,0,0,0
2026-09-13 11:15:00,127.7,422,89,39.5,0,0,0
2026-09-13 11:20:00,128.1,418,89,38.0,0,0,0
2026-09-13 11:25:00,129.6,12,65,36.5,0,0,0
2026-09-13 11:30:00,129.4,3,66,41.2,0,0,0
2026-09-13 11:35:00,131.8,6,70,38.9,0,0,0
2026-09-13 11:40:00,131.0,10,66,41.3,0,0,0
2026-09-13 11:45:00,127.2,17,72,37.6,0,0,0
2026-09-13 11:50:00,126.2,5,68,37.6,0,0,0
2026-09-13 11:55:00,126.0,4,65,39.7,0,0,0
2026-09-13 12:00:00,129.1,6,68,40.2,0,0,0
2026-09-13 12:05:00,128.8,16,71,40.6,0,0,0
2026-09-13 12:10:00,127.1,8,66,36.6,0,0,0
2026-09-13 12:15:00,127.1,7,65,38.4,0,0,0
2026-09-13 12:20:00,128.3,5,65,36.8,0,0,0
2026-09-13 12:25:00,128.5,11,68,38.9,0,0,0
2026-09-13 12:30:00,128.7,7,68,36.7,0,0,0
2026-09-13 12:35:00,124.0,15,70,38.2,0,0,0
2026-09-13 12:40:00,126.8,4,69,37.3,0,0,0
2026-09-13 12:45:00,120.5,7,64,42.5,0,0,0
2026-09-13 12:50:00,119.8,3,69,36.6,0,0,0
2026-09-13 12:55:00,114.5,9,72,39.9,0,0,0
2026-09-13 13:00:00,111.8,15,64,37.1,0,0,0
2026-09-13 13:05:00,115.1,12,69,38.3,0,0,0
2026-09-13 13:10:00,113.1,19,67,38.0,0,0,0
2026-09-13 13:15:00,111.3,23,70,39.0,0,0,0
2026-09-13 13:20:00,112.1,7,65,37.0,0,0,0
2026-09-13 13:25:00,112.2,11,71,37.5,0,0,0
2026-09-13 13:30:00,108.2,11,71,38.9,0,94,70
2026-09-13 13:35:00,124.0,4,71,39.2,0,0,0
2026-09-13 13:40:00,136.7,7,71,40.9,0,0,0
2026-09-13 13:45:00,147.2,9,70,38.9,0,0,0
2026-09-13 13:50:00,156.8,13,73,38.0,0,0,0
2026-09-13 13:55:00,164.2,9,70,38.5,0,0,0
2026-09-13 14:00:00,168.6,15,72,38.6,0,0,0
2026-09-13 14:05:00,173.1,8,65,42.4,0,0,0
2026-09-13 14:10:00,175.3,15,68,37.3,0,0,0
2026-09-13 14:15:00,175.6,11,70,36.3,0,0,0
2026-09-13 14:20:00,172.5,5,68,38.7,0,0,0
2026-09-13 14:25:00,176.1,6,68,34.7,0,0,0
2026-09-13 14:30:00,170.3,7,67,36.1,0,0,0
2026-09-13 14:35:00,169.6,8,65,40.6,0,0,0
2026-09-13 14:40:00,167.0,9,67,35.9,0,0,0
2026-09-13 14:45:00,164.4,12,68,35.1,0,0,0
2026-09-13 14:50:00,166.9,11,66,39.4,0,0,0
2026-09-13 14:55:00,163.8,7,64,37.9,0,0,0
2026-09-13 15:00:00,156.9,7,68,40.9,0,0,0
2026-09-13 15:05:00,156.6,7,69,39.2,0,0,0
2026-09-13 15:10:00,155.6,5,66,41.8,0,0,0
2026-09-13 15:15:00,152.6,12,69,37.7,0,0,0
2026-09-13 15:20:00,152.7,12,67,38.3,0,0,0
2026-09-13 15:25:00,149.9,9,64,38.1,0,0,0
2026-09-13 15:30:00,142.9,20,70,36.8,0,0,0
2026-09-13 15:35:00,146.6,8,69,38.9,0,0,0
2026-09-13 15:40:00,146.6,9,66,41.1,0,0,0
2026-09-13 15:45:00,144.8,5,68,40.7,0,0,0
2026-09-13 15:50:00,142.2,7,68,41.6,0,0,0
2026-09-13 15:55:00,143.3,13,68,41.2,0,0,0
2026-09-13 16:00:00,144.5,9,66,37.1,0,0,0
2026-09-13 16:05:00,140.9,6,65,36.9,0,0,0
2026-09-13 16:10:00,134.4,7,67,38.7,0,0,0
2026-09-13 16:15:00,130.6,4,64,39.1,0,0,0
2026-09-13 16:20:00,130.0,22,70,37.8,0,0,0
2026-09-13 16:25:00,130.1,6,68,38.5,0,0,0
2026-09-13 16:30:00,131.7,15,68,40.0,0,0,0
2026-09-13 16:35:00,130.7,3,67,42.7,0,0,0
2026-09-13 16:40:00,125.5,9,67,37.0,0,0,0
2026-09-13 16:45:00,127.8,1,65,38.0,0,0,0
2026-09-13 16:50:00,126.6,9,65,37.8,0,0,0
2026-09-13 16:55:00,126.0,5,67,42.9,0,0,0
2026-09-13 17:00:00,122.9,5,68,39.8,0,0,0
2026-09-13 17:05:00,122.3,11,65,39.5,0,0,0
2026-09-13 17:10:00,122.2,6,67,40.4,0,0,0
2026-09-13 17:15:00,123.6,4,64,39.6,0,0,0
2026-09-13 17:20:00,126.0,16,68,40.7,0,0,0
2026-09-13 17:25:00,122.5,3,67,38.2,0,0,0
2026-09-13 17:30:00,117.9,13,68,37.4,0,0,0
2026-09-13 17:35:00,116.4,2,65,40.0,0,0,0
2026-09-13 17:40:00,119.1,11,69,38.0,0,17,35
2026-09-13 17:45:00,121.1,11,69,36.3,0,0,0
2026-09-13 17:50:00,121.2,6,70,36.8,0,0,0
2026-09-13 17:55:00,120.1,6,70,40.2,0,0,0
2026-09-13 18:00:00,119.5,6,71,41.3,0,0,0
2026-09-13 18:05:00,118.7,2,71,39.2,0,0,0
2026-09-13 18:10:00,120.1,31,69,42.3,0,0,0
2026-09-13 18:15:00,122.3,3,67,37.6,0,0,0
2026-09-13 18:20:00,124.2,8,71,41.2,0,0,0
2026-09-13 18:25:00,123.1,9,67,39.0,0,0,0
2026-09-13 18:30:00,124.8,9,69,39.2,0,0,0
2026-09-13 18:35:00,124.5,10,66,36.4,0,0,0
2026-09-13 18:40:00,126.2,12,64,39.2,0,0,0
2026-09-13 18:45:00,125.2,17,70,42.6,0,0,0
2026-09-13 18:50:00,128.1,23,69,34.6,0,0,0
2026-09-13 18:55:00,128.6,5,62,36.4,0,0,0
2026-09-13 19:00:00,128.2,4,71,38.8,0,0,0
2026-09-13 19:05:00,131.4,13,69,37.4,0,0,0
2026-09-13 19:10:00,128.8,8,68,40.0,0,0,0
2026-09-13 19:15:00,126.1,12,69,36.6,0,0,0
2026-09-13 19:20:00,131.1,3,70,43.4,0,0,0
2026-09-13 19:25:00,128.1,5,65,36.6,0,0,0
2026-09-13 19:30:00,124.6,4,65,37.9,0,0,0
2026-09-13 19:35:00,125.5,6,68,35.1,0,0,0
2026-09-13 19:40:00,126.7,7,68,38.7,0,0,0
2026-09-13 19:45:00,124.3,27,69,39.1,0,0,0
2026-09-13 19:50:00,125.1,1,68,39.5,0,0,0
2026-09-13 19:55:00,121.5,24,70,41.4,0,0,0
2026-09-13 20:00:00,121.8,9,64,37.2,0,0,0
2026-09-13 20:05:00,127.8,7,65,40.4,0,0,0
2026-09-13 20:10:00,126.5,12,66,42.7,0,0,0
2026-09-13 20:15:00,124.5,18,70,37.6,0,0,0
2026-09-13 20:20:00,121.7,22,64,38.7,0,0,0
2026-09-13 20:25:00,122.5,5,65,41.4,0,0,0
2026-09-13 20:30:00,121.0,10,68,39.3,0,0,0
2026-09-13 20:35:00,120.6,3,66,39.3,0,0,0
2026-09-13 20:40:00,123.1,7,67,39.5,0,0,0
2026-09-13 20:45:00,121.8,4,64,38.1,0,0,0
2026-09-13 20:50:00,122.9,19,70,40.7,0,0,0
2026-09-13 20:55:00,122.8,4,69,40.6,0,0,0
2026-09-13 21:00:00,124.8,5,68,39.9,0,0,0
2026-09-13 21:05:00,123.5,3,64,35.2,0,0,0
2026-09-13 21:10:00,125.1,21,66,40.9,0,0,0
2026-09-13 21:15:00,123.8,29,68,39.8,0,0,0
2026-09-13 21:20:00,119.5,3,69,42.6,0,0,0
2026-09-13 21:25:00,118.7,4,66,36.7,0,0,0
2026-09-13 21:30:00,121.3,14,73,40.1,0,59,50
2026-09-13 21:35:00,128.9,8,66,37.8,0,0,0
2026-09-13 21:40:00,131.7,7,66,38.9,0,0,0
2026-09-13 21:45:00,133.4,8,75,41.4,0,0,0
2026-09-13 21:50:00,134.1,6,68,37.6,0,0,0
2026-09-13 21:55:00,137.3,7,72,38.8,0,0,0
2026-09-13 22:00:00,140.6,20,67,41.0,0,0,0
2026-09-13 22:05:00,144.3,6,65,41.2,0,0,0
2026-09-13 22:10:00,142.8,10,64,37.5,0,0,0
2026-09-13 22:15:00,141.7,3,66,43.4,0,0,0
2026-09-13 22:20:00,141.8,4,68,38.4,0,0,0
2026-09-13 22:25:00,142.2,11,65,39.4,0,0,0
2026-09-13 22:30:00,142.5,6,69,36.0,0,0,0
2026-09-13 22:35:00,141.0,17,67,41.0,0,0,0
2026-09-13 22:40:00,140.1,5,64,38.5,0,0,0
2026-09-13 22:45:00,137.5,8,68,41.8,0,0,0
2026-09-13 22:50:00,134.8,5,69,39.9,0,0,0
2026-09-13 22:55:00,131.7,15,68,40.5,0,0,0
2026-09-13 23:00:00,129.4,5,68,38.7,0,0,0
2026-09-13 23:05:00,128.1,6,65,38.4,0,0,0
2026-09-13 23:10:00,128.0,3,69,40.4,0,0,0
2026-09-13 23:15:00,127.9,9,67,38.5,0,0,0
2026-09-13 23:20:00,126.6,8,68,39.1,0,0,0
2026-09-13 23:25:00,123.2,36,68,38.2,0,0,0
2026-09-13 23:30:00,123.1,11,70,37.7,0,0,0
2026-09-13 23:35:00,126.8,10,71,39.0,0,0,0
2026-09-13 23:40:00,129.5,9,66,38.2,0,0,0
2026-09-13 23:45:00,126.4,4,67,38.8,0,0,0
2026-09-13 23:50:00,129.9,8,68,38.4,0,0,0
2026-09-13 23:55:00,127.9,4,66,39.7,0,0,0
2026-09-14 00:00:00,120.8,7,67,39.9,0,0,0
2026-09-14 00:05:00,122.2,1,58,67.6,1,0,0
2026-09-14 00:10:00,119.1,0,60,65.8,1,0,0
2026-09-14 00:15:00,120.1,0,61,64.4,1,0,0
2026-09-14 00:20:00,116.4,0,58,70.4,1,0,0
2026-09-14 00:25:00,117.6,1,59,65.3,1,0,0
2026-09-14 00:30:00,120.3,1,56,64.4,1,0,0
2026-09-14 00:35:00,119.1,1,58,59.5,1,0,0
2026-09-14 00:40:00,118.3,0,64,68.0,1,0,0
2026-09-14 00:45:00,121.6,1,59,62.6,1,0,0
2026-09-14 00:50:00,118.3,0,63,60.0,1,0,0
2026-09-14 00:55:00,115.9,0,60,66.0,1,0,0
2026-09-14 01:00:00,114.0,0,62,62.1,1,0,0
2026-09-14 01:05:00,112.2,0,56,65.6,1,0,0
2026-09-14 01:10:00,107.8,0,57,67.4,1,0,0
2026-09-14 01:15:00,109.9,0,58,64.4,1,0,0
2026-09-14 01:20:00,111.1,0,58,65.0,1,0,0
2026-09-14 01:25:00,109.8,0,61,64.6,1,0,0
2026-09-14 01:30:00,115.2,0,58,64.3,1,0,0
2026-09-14 01:35:00,112.3,0,58,65.0,1,0,0
2026-09-14 01:40:00,111.9,0,58,63.2,1,0,0
2026-09-14 01:45:00,110.9,1,57,66.1,1,0,0
2026-09-14 01:50:00,112.9,0,56,69.7,1,0,0
2026-09-14 01:55:00,113.6,0,60,66.5,1,0,0
2026-09-14 02:00:00,110.8,0,60,64.3,1,0,0
2026-09-14 02:05:00,111.6,0,61,62.1,1,0,0
2026-09-14 02:10:00,112.3,0,58,64.0,1,0,0
2026-09-14 02:15:00,110.0,0,60,66.0,1,0,0
2026-09-14 02:20:00,108.4,1,55,62.8,1,0,0
2026-09-14 02:25:00,109.7,1,59,67.7,1,0,0
2026-09-14 02:30:00,110.6,0,62,66.2,1,0,0
2026-09-14 02:35:00,113.6,1,60,65.9,1,0,0
2026-09-14 02:40:00,111.7,0,57,68.6,1,0,0
2026-09-14 02:45:00,111.8,0,60,67.9,1,0,0
2026-09-14 02:50:00,112.1,1,62,69.3,1,0,0
2026-09-14 02:55:00,110.0,0,59,64.6,1,0,0
2026-09-14 03:00:00,111.2,0,57,70.2,1,0,0
2026-09-14 03:05:00,110.2,0,63,68.9,1,0,0
2026-09-14 03:10:00,112.4,0,58,62.9,1,0,0
2026-09-14 03:15:00,114.3,0,60,65.5,1,0,0
2026-09-14 03:20:00,111.7,1,62,65.2,1,0,0
2026-09-14 03:25:00,114.4,0,59,65.1,1,0,0
2026-09-14 03:30:00,113.5,0,59,63.9,1,0,0
2026-09-14 03:35:00,114.2,0,59,66.3,1,0,0
2026-09-14 03:40:00,113.9,0,57,62.1,1,0,0
2026-09-14 03:45:00,112.4,0,60,63.9,1,0,0
2026-09-14 03:50:00,109.9,0,55,61.5,1,0,0
2026-09-14 03:55:00,110.0,2,57,66.1,1,0,0
2026-09-14 04:00:00,107.8,0,59,64.5,1,0,0
2026-09-14 04:05:00,105.0,1,61,65.4,1,0,0
2026-09-14 04:10:00,107.7,1,59,66.5,1,0,0
2026-09-14 04:15:00,110.9,0,61,65.7,1,0,0
2026-09-14 04:20:00,113.7,1,61,63.6,1,0,0
2026-09-14 04:25:00,115.5,2,58,64.4,1,0,0
2026-09-14 04:30:00,116.7,0,59,64.4,1,0,0
2026-09-14 04:35:00,113.7,1,59,68.2,1,0,0
2026-09-14 04:40:00,113.7,1,59,62.1,1,0,0
2026-09-14 04:45:00,112.0,0,62,65.8,1,0,0
2026-09-14 04:50:00,113.5,0,58,65.7,1,0,0
2026-09-14 04:55:00,113.6,0,60,68.6,1,0,0
2026-09-14 05:00:00,114.2,0,59,65.7,1,0,0
2026-09-14 05:05:00,114.2,0,57,66.4,1,0,0
2026-09-14 05:10:00,113.0,1,59,65.1,1,0,0
2026-09-14 05:15:00,113.3,0,60,67.6,1,0,0
2026-09-14 05:20:00,114.9,0,61,67.0,1,0,0
2026-09-14 05:25:00,114.3,0,54,67.6,1,0,0
2026-09-14 05:30:00,112.3,0,58,62.1,1,0,0
2026-09-14 05:35:00,113.7,0,59,65.6,1,0,0
2026-09-14 05:40:00,113.8,1,59,63.7,1,0,0
2026-09-14 05:45:00,121.2,0,59,65.2,1,0,0
2026-09-14 05:50:00,121.8,1,62,67.1,1,0,0
2026-09-14 05:55:00,124.6,0,59,66.3,1,0,0
2026-09-14 06:00:00,124.8,0,60,67.8,1,0,0
2026-09-14 06:05:00,125.1,1,57,67.0,1,0,0
2026-09-14 06:10:00,123.3,0,60,67.3,1,0,0
2026-09-14 06:15:00,124.1,1,57,65.4,1,0,0
2026-09-14 06:20:00,122.7,0,57,66.2,1,0,0
2026-09-14 06:25:00,122.1,2,59,67.8,1,0,0
2026-09-14 06:30:00,122.7,0,57,69.6,1,0,0
2026-09-14 06:35:00,123.2,1,60,66.3,1,0,0
2026-09-14 06:40:00,124.9,0,61,65.0,1,0,0
2026-09-14 06:45:00,125.0,0,62,64.2,1,0,0
2026-09-14 06:50:00,122.1,0,60,64.1,1,0,0
2026-09-14 06:55:00,122.7,1,59,63.7,1,0,0
2026-09-14 07:00:00,121.7,0,59,65.6,1,0,0
2026-09-14 07:05:00,118.9,0,59,64.9,1,0,0
2026-09-14 07:10:00,121.2,20,70,39.7,0,0,0
2026-09-14 07:15:00,119.2,1,68,40.9,0,0,0
2026-09-14 07:20:00,118.2,4,68,41.1,0,0,0
2026-09-14 07:25:00,115.6,18,72,40.7,0,0,0
2026-09-14 07:30:00,118.2,10,71,39.4,0,0,0
2026-09-14 07:35:00,118.0,2,65,38.3,0,0,0
2026-09-14 07:40:00,117.2,7,74,40.0,0,38,50
2026-09-14 07:45:00,120.2,10,72,41.3,0,0,0
2026-09-14 07:50:00,122.4,13,69,39.0,0,0,0
2026-09-14 07:55:00,127.8,4,68,41.7,0,0,0
2026-09-14 08:00:00,133.6,14,70,39.8,0,0,0
2026-09-14 08:05:00,131.6,4,71,39.0,0,0,0
2026-09-14 08:10:00,135.2,17,70,38.7,0,0,0
2026-09-14 08:15:00,135.1,11,67,42.3,0,0,0
2026-09-14 08:20:00,134.6,9,69,42.5,0,0,0
2026-09-14 08:25:00,134.5,9,65,42.3,0,0,0
2026-09-14 08:30:00,138.8,8,67,39.9,0,0,0
2026-09-14 08:35:00,138.0,10,66,42.2,0,0,0
2026-09-14 08:40:00,140.2,3,68,41.1,0,0,0
2026-09-14 08:45:00,138.0,2,68,41.7,0,0,0
2026-09-14 08:50:00,134.7,10,66,40.2,0,0,0
2026-09-14 08:55:00,135.9,3,65,43.2,0,0,0
2026-09-14 09:00:00,132.1,19,69,43.7,0,0,0
2026-09-14 09:05:00,129.7,8,67,41.9,0,0,0
2026-09-14 09:10:00,129.8,1,67,37.7,0,0,0
2026-09-14 09:15:00,130.2,9,69,38.3,0,0,0
2026-09-14 09:20:00,128.7,9,64,41.8,0,0,0
2026-09-14 09:25:00,126.9,11,69,41.3,0,0,0
2026-09-14 09:30:00,126.7,4,69,42.2,0,0,0
2026-09-14 09:35:00,125.0,9,67,41.9,0,0,0
2026-09-14 09:40:00,123.8,10,67,41.9,0,0,0
2026-09-14 09:45:00,125.1,16,67,42.3,0,0,0
2026-09-14 09:50:00,122.0,9,66,43.4,0,0,0
2026-09-14 09:55:00,121.3,3,66,43.0,0,0,0
2026-09-14 10:00:00,119.6,7,67,41.9,0,0,0
2026-09-14 10:05:00,118.5,10,68,37.6,0,0,0
2026-09-14 10:10:00,117.6,7,68,42.9,0,0,0
2026-09-14 10:15:00,118.0,17,66,41.0,0,0,0
2026-09-14 10:20:00,114.0,6,69,38.5,0,0,0
2026-09-14 10:25:00,118.3,6,65,40.2,0,0,0
2026-09-14 10:30:00,117.0,4,67,42.5,0,0,0
2026-09-14 10:35:00,119.4,5,66,46.0,0,0,0
2026-09-14 10:40:00,118.9,9,67,41.4,0,0,0
2026-09-14 10:45:00,120.7,10,64,43.1,0,0,0
2026-09-14 10:50:00,122.1,6,68,36.2,0,0,0
2026-09-14 10:55:00,122.9,5,70,38.5,0,0,0
2026-09-14 11:00:00,115.9,7,66,38.3,0,0,0
2026-09-14 11:05:00,118.2,14,69,38.9,0,0,0
2026-09-14 11:10:00,120.0,3,65,41.6,0,0,0
2026-09-14 11:15:00,121.0,2,66,40.6,0,0,0
2026-09-14 11:20:00,120.3,8,68,41.8,0,0,0
2026-09-14 11:25:00,122.2,2,68,38.4,0,0,0
2026-09-14 11:30:00,122.2,12,65,42.3,0,0,0
2026-09-14 11:35:00,119.7,3,65,41.5,0,0,0
2026-09-14 11:40:00,118.4,13,71,41.1,0,0,0
2026-09-14 11:45:00,115.3,5,66,41.4,0,0,0
2026-09-14 11:50:00,111.9,17,66,38.9,0,0,0
2026-09-14 11:55:00,116.9,17,71,44.8,0,0,0
2026-09-14 12:00:00,115.2,5,71,43.7,0,0,0
2026-09-14 12:05:00,114.7,4,62,41.5,0,0,0
2026-09-14 12:10:00,113.8,5,65,42.2,0,0,0
2026-09-14 12:15:00,112.2,4,69,39.5,0,0,0
2026-09-14 12:20:00,111.8,7,69,38.2,0,0,0
2026-09-14 12:25:00,110.2,8,66,40.0,0,0,0
2026-09-14 12:30:00,107.4,7,71,43.9,0,0,0
2026-09-14 12:35:00,108.4,11,70,40.9,0,0,0
2026-09-14 12:40:00,109.8,5,67,42.6,0,0,0
2026-09-14 12:45:00,106.7,10,65,40.8,0,0,0
2026-09-14 12:50:00,111.0,22,65,41.5,0,0,0
2026-09-14 12:55:00,108.6,11,66,39.8,0,0,0
2026-09-14 13:00:00,108.1,4,66,43.0,0,0,0
2026-09-14 13:05:00,110.5,14,69,40.4,0,85,70
2026-09-14 13:10:00,127.0,6,68,39.9,0,0,0
2026-09-14 13:15:00,138.6,8,68,37.4,0,0,0
2026-09-14 13:20:00,147.1,2,68,39.6,0,0,0
2026-09-14 13:25:00,154.7,7,65,42.1,0,0,0
2026-09-14 13:30:00,158.0,6,72,41.5,0,0,0
2026-09-14 13:35:00,163.3,1,63,40.3,0,0,0
2026-09-14 13:40:00,163.1,8,66,41.3,0,0,0
2026-09-14 13:45:00,163.0,9,70,43.1,0,0,0
2026-09-14 13:50:00,164.7,374,90,41.2,0,0,0
2026-09-14 13:55:00,167.0,385,89,38.9,0,0,0
2026-09-14 14:00:00,163.5,379,88,41.6,0,0,0
2026-09-14 14:05:00,160.9,384,92,38.5,0,0,0
2026-09-14 14:10:00,156.9,8,67,39.6,0,0,0
2026-09-14 14:15:00,156.8,10,68,37.6,0,0,0
2026-09-14 14:20:00,156.6,7,72,39.6,0,0,0
2026-09-14 14:25:00,154.0,13,65,40.3,0,0,0
2026-09-14 14:30:00,154.5,3,64,38.9,0,0,0
2026-09-14 14:35:00,154.4,10,66,42.4,0,0,0
2026-09-14 14:40:00,153.3,6,66,41.8,0,0,0
2026-09-14 14:45:00,149.9,10,66,39.4,0,0,0
2026-09-14 14:50:00,149.2,4,68,40.3,0,0,0
2026-09-14 14:55:00,147.7,8,67,39.2,0,0,0
2026-09-14 15:00:00,145.6,8,65,36.4,0,0,0
2026-09-14 15:05:00,143.4,12,64,41.3,0,0,0
2026-09-14 15:10:00,141.3,5,66,41.5,0,0,0
2026-09-14 15:15:00,139.7,7,69,41.2,0,0,0
2026-09-14 15:20:00,139.0,2,71,40.4,0,0,0
2026-09-14 15:25:00,136.7,8,67,38.5,0,0,0
2026-09-14 15:30:00,132.4,5,68,38.6,0,0,0
2026-09-14 15:35:00,130.3,11,69,42.4,0,0,0
2026-09-14 15:40:00,131.8,4,64,38.3,0,0,0
2026-09-14 15:45:00,127.7,0,66,41.7,0,0,0
2026-09-14 15:50:00,124.6,13,70,40.3,0,0,0
2026-09-14 15:55:00,125.9,12,65,40.2,0,0,0
2026-09-14 16:00:00,126.6,16,66,40.7,0,0,0
2026-09-14 16:05:00,124.5,5,67,42.3,0,0,0
2026-09-14 16:10:00,123.6,10,64,42.2,0,0,0
2026-09-14 16:15:00,124.0,2,65,42.6,0,0,0
2026-09-14 16:20:00,124.9,12,67,38.7,0,0,0
2026-09-14 16:25:00,120.7,5,66,41.2,0,0,0
2026-09-14 16:30:00,120.4,14,69,40.1,0,0,0
2026-09-14 16:35:00,121.9,4,67,41.2,0,0,0
2026-09-14 16:40:00,122.3,9,67,38.6,0,0,0
2026-09-14 16:45:00,125.3,17,67,40.7,0,0,0
2026-09-14 16:50:00,121.7,9,69,38.2,0,0,0
2026-09-14 16:55:00,120.8,2,67,39.0,0,0,0
2026-09-14 17:00:00,120.1,10,70,39.6,0,0,0
2026-09-14 17:05:00,116.9,6,66,37.8,0,0,0
2026-09-14 17:10:00,116.2,6,67,41.8,0,0,0
2026-09-14 17:15:00,116.3,16,70,37.8,0,47,80
2026-09-14 17:20:00,124.0,7,71,43.4,0,0,0
2026-09-14 17:25:00,131.9,6,71,40.7,0,0,0
2026-09-14 17:30:00,133.3,6,69,38.2,0,0,0
2026-09-14 17:35:00,135.0,7,73,43.1,0,0,0
2026-09-14 17:40:00,137.9,10,69,39.8,0,0,0
2026-09-14 17:45:00,141.2,10,68,38.6,0,0,0
2026-09-14 17:50:00,147.0,6,65,40.1,0,0,0
2026-09-14 17:55:00,148.9,3,67,42.2,0,0,0
2026-09-14 18:00:00,150.4,13,69,39.3,0,0,0
2026-09-14 18:05:00,150.8,3,69,41.8,0,0,0
2026-09-14 18:10:00,144.8,4,65,38.4,0,0,0
2026-09-14 18:15:00,141.8,10,72,40.4,0,0,0
2026-09-14 18:20:00,142.7,9,69,40.3,0,0,0
2026-09-14 18:25:00,140.2,7,65,44.0,0,0,0
2026-09-14 18:30:00,137.3,7,67,41.2,0,0,0
2026-09-14 18:35:00,133.8,8,69,42.9,0,0,0
2026-09-14 18:40:00,136.7,3,67,39.7,0,0,0
2026-09-14 18:45:00,135.7,9,65,37.5,0,0,0
2026-09-14 18:50:00,136.3,18,70,41.2,0,0,0
2026-09-14 18:55:00,134.8,5,67,37.3,0,0,0
2026-09-14 19:00:00,128.9,12,68,42.5,0,0,0
2026-09-14 19:05:00,126.0,5,67,40.5,0,0,0
2026-09-14 19:10:00,125.6,13,66,40.2,0,0,0
2026-09-14 19:15:00,127.3,12,68,40.2,0,0,0
2026-09-14 19:20:00,126.8,8,64,44.3,0,0,0
2026-09-14 19:25:00,125.0,5,60,41.5,0,0,0
2026-09-14 19:30:00,127.0,15,71,40.4,0,0,0
2026-09-14 19:35:00,128.3,8,70,38.6,0,0,0
2026-09-14 19:40:00,127.5,7,66,39.8,0,0,0
2026-09-14 19:45:00,125.6,10,69,39.6,0,0,0
2026-09-14 19:50:00,126.2,7,66,40.8,0,0,0
2026-09-14 19:55:00,123.4,8,66,44.5,0,0,0
2026-09-14 20:00:00,121.8,3,69,43.7,0,0,0
2026-09-14 20:05:00,123.3,8,67,35.2,0,0,0
2026-09-14 20:10:00,122.8,10,65,42.1,0,0,0
2026-09-14 20:15:00,121.6,10,69,41.6,0,0,0
2026-09-14 20:20:00,123.4,7,68,42.6,0,0,0
2026-09-14 20:25:00,120.8,4,68,41.1,0,0,0
2026-09-14 20:30:00,120.5,6,66,39.4,0,0,0
2026-09-14 20:35:00,117.4,7,68,42.7,0,0,0
2026-09-14 20:40:00,118.3,9,67,38.6,0,0,0
2026-09-14 20:45:00,119.4,13,68,42.5,0,0,0
2026-09-14 20:50:00,121.0,2,67,41.0,0,0,0
2026-09-14 20:55:00,119.7,10,71,41.2,0,0,0
2026-09-14 21:00:00,121.7,7,68,39.2,0,0,0
2026-09-14 21:05:00,122.7,7,68,40.5,0,0,0
2026-09-14 21:10:00,120.0,8,70,37.7,0,0,0
2026-09-14 21:15:00,121.3,3,67,43.2,0,0,0
2026-09-14 21:20:00,121.1,6,69,39.0,0,64,55
2026-09-14 21:25:00,129.4,9,70,40.4,0,0,0
2026-09-14 21:30:00,131.2,4,73,35.6,0,0,0
2026-09-14 21:35:00,134.2,488,101,39.2,0,0,0
2026-09-14 21:40:00,133.6,481,97,38.1,0,0,0
2026-09-14 21:45:00,133.6,9,69,41.6,0,0,0
2026-09-14 21:50:00,132.1,10,69,46.4,0,0,0
2026-09-14 21:55:00,130.1,9,69,38.9,0,0,0
2026-09-14 22:00:00,132.4,10,71,39.9,0,0,0
2026-09-14 22:05:00,133.5,4,66,40.0,0,0,0
2026-09-14 22:10:00,132.9,6,69,40.3,0,0,0
2026-09-14 22:15:00,134.1,5,67,40.3,0,0,0
2026-09-14 22:20:00,138.5,4,64,36.7,0,0,0
2026-09-14 22:25:00,137.2,7,68,36.1,0,0,0
2026-09-14 22:30:00,134.2,6,66,38.7,0,0,0
2026-09-14 22:35:00,129.6,6,68,41.5,0,0,0
2026-09-14 22:40:00,128.8,15,67,36.5,0,0,0
2026-09-14 22:45:00,130.7,18,65,35.7,0,0,0
2026-09-14 22:50:00,128.8,19,71,42.2,0,0,0
2026-09-14 22:55:00,128.3,11,65,40.6,0,0,0
2026-09-14 23:00:00,129.5,10,67,42.8,0,0,0
2026-09-14 23:05:00,126.5,6,69,41.1,0,0,0
2026-09-14 23:10:00,123.5,14,66,38.9,0,0,0
2026-09-14 23:15:00,120.3,11,66,38.6,0,0,0
2026-09-14 23:20:00,125.6,6,67,37.4,0,0,0
2026-09-14 23:25:00,125.5,4,66,38.2,0,0,0
2026-09-14 23:30:00,125.6,9,71,37.5,0,0,0
2026-09-14 23:35:00,124.2,20,67,40.0,0,0,0
2026-09-14 23:40:00,119.5,7,68,42.3,0,0,0
2026-09-14 23:45:00,120.1,8,69,39.1,0,0,0
2026-09-14 23:50:00,116.6,2,63,38.5,0,0,0
2026-09-14 23:55:00,115.5,7,68,42.8,0,0,0
