timestamp,glucose_mgdl,steps,heart_rate,hrv_ms,sleeping,carbs_g,meal_gi
2026-09-01 00:00:00,99.0,1,75,72.3,1,0,0
2026-09-01 00:05:00,98.4,0,69,73.3,1,0,0
2026-09-01 00:10:00,98.5,0,71,72.1,1,0,0
2026-09-01 00:15:00,97.1,1,72,72.7,1,0,0
2026-09-01 00:20:00,100.5,1,71,75.6,1,0,0
2026-09-01 00:25:00,99.3,1,71,70.2,1,0,0
2026-09-01 00:30:00,97.8,0,68,73.9,1,0,0
2026-09-01 00:35:00,100.8,0,69,74.1,1,0,0
2026-09-01 00:40:00,102.7,0,70,70.0,1,0,0
2026-09-01 00:45:00,103.1,0,65,71.7,1,0,0
2026-09-01 00:50:00,101.1,0,69,74.1,1,0,0
2026-09-01 00:55:00,103.6,0,73,75.1,1,0,0
2026-09-01 01:00:00,102.7,0,75,75.3,1,0,0
2026-09-01 01:05:00,105.5,0,69,71.6,1,0,0
2026-09-01 01:10:00,103.7,1,69,72.6,1,0,0
2026-09-01 01:15:00,105.2,1,69,73.0,1,0,0
2026-09-01 01:20:00,106.3,0,68,73.9,1,0,0
2026-09-01 01:25:00,102.6,0,70,70.4,1,0,0
2026-09-01 01:30:00,102.5,0,70,72.6,1,0,0
2026-09-01 01:35:00,101.5,2,74,72.9,1,0,0
2026-09-01 01:40:00,102.1,0,72,74.3,1,0,0
2026-09-01 01:45:00,102.3,0,67,72.4,1,0,0
2026-09-01 01:50:00,103.5,0,71,71.0,1,0,0
2026-09-01 01:55:00,108.3,0,73,72.5,1,0,0
2026-09-01 02:00:00,107.4,0,74,73.2,1,0,0
2026-09-01 02:05:00,107.9,0,71,71.7,1,0,0
2026-09-01 02:10:00,107.6,1,68,70.8,1,0,0
2026-09-01 02:15:00,110.0,0,70,73.4,1,0,0
2026-09-01 02:20:00,109.4,0,72,69.2,1,0,0
2026-09-01 02:25:00,108.8,1,72,74.6,1,0,0
2026-09-01 02:30:00,108.8,0,74,72.2,1,0,0
2026-09-01 02:35:00,104.9,0,72,75.0,1,0,0
2026-09-01 02:40:00,104.0,0,69,70.9,1,0,0
2026-09-01 02:45:00,106.3,0,69,73.1,1,0,0
2026-09-01 02:50:00,105.4,0,69,72.2,1,0,0
2026-09-01 02:55:00,109.3,0,70,74.9,1,0,0
2026-09-01 03:00:00,107.6,0,70,73.5,1,0,0
2026-09-01 03:05:00,109.7,0,72,74.8,1,0,0
2026-09-01 03:10:00,105.3,1,72,72.9,1,0,0
2026-09-01 03:15:00,104.2,2,71,69.5,1,0,0
2026-09-01 03:20:00,106.1,0,74,71.4,1,0,0
2026-09-01 03:25:00,108.1,0,66,71.1,1,0,0
2026-09-01 03:30:00,104.8,0,70,72.5,1,0,0
2026-09-01 03:35:00,104.4,0,70,70.8,1,0,0
2026-09-01 03:40:00,101.6,0,71,74.1,1,0,0
2026-09-01 03:45:00,103.3,1,70,73.5,1,0,0
2026-09-01 03:50:00,100.2,0,70,73.8,1,0,0
2026-09-01 03:55:00,102.0,0,69,74.1,1,0,0
2026-09-01 04:00:00,102.5,1,74,73.6,1,0,0
2026-09-01 04:05:00,101.8,0,70,75.9,1,0,0
2026-09-01 04:10:00,100.3,1,72,75.8,1,0,0
2026-09-01 04:15:00,102.2,0,69,75.5,1,0,0
2026-09-01 04:20:00,101.3,1,78,75.0,1,0,0
2026-09-01 04:25:00,101.0,0,72,73.3,1,0,0
2026-09-01 04:30:00,102.3,0,71,73.0,1,0,0
2026-09-01 04:35:00,106.8,0,71,71.9,1,0,0
2026-09-01 04:40:00,106.6,1,69,72.7,1,0,0
2026-09-01 04:45:00,108.0,0,72,72.9,1,0,0
2026-09-01 04:50:00,108.2,0,71,74.7,1,0,0
2026-09-01 04:55:00,108.7,0,69,75.2,1,0,0
2026-09-01 05:00:00,109.5,2,67,75.3,1,0,0
2026-09-01 05:05:00,109.0,4,72,73.4,1,0,0
2026-09-01 05:10:00,109.8,0,70,72.4,1,0,0
2026-09-01 05:15:00,108.8,3,72,74.4,1,0,0
2026-09-01 05:20:00,108.4,0,71,71.1,1,0,0
2026-09-01 05:25:00,106.6,0,70,75.7,1,0,0
2026-09-01 05:30:00,107.5,0,71,72.4,1,0,0
2026-09-01 05:35:00,109.7,0,73,75.5,1,0,0
2026-09-01 05:40:00,110.6,0,70,73.1,1,0,0
2026-09-01 05:45:00,110.2,0,68,72.9,1,0,0
2026-09-01 05:50:00,109.5,0,69,75.4,1,0,0
2026-09-01 05:55:00,109.4,0,72,73.6,1,0,0
2026-09-01 06:00:00,106.7,0,72,75.8,1,0,0
2026-09-01 06:05:00,108.2,3,66,74.5,1,0,0
2026-09-01 06:10:00,110.0,0,74,73.8,1,0,0
2026-09-01 06:15:00,111.9,19,82,43.8,0,0,0
2026-09-01 06:20:00,109.4,74,86,47.4,0,0,0
2026-09-01 06:25:00,107.0,47,82,43.4,0,0,0
2026-09-01 06:30:00,103.8,26,81,44.4,0,0,0
2026-09-01 06:35:00,106.4,30,77,43.7,0,0,0
2026-09-01 06:40:00,106.7,36,84,45.1,0,0,0
2026-09-01 06:45:00,106.5,61,85,45.3,0,0,0
2026-09-01 06:50:00,107.1,65,81,44.8,0,0,0
2026-09-01 06:55:00,105.2,25,80,41.8,0,0,0
2026-09-01 07:00:00,107.5,30,83,43.6,0,0,0
2026-09-01 07:05:00,105.3,55,82,45.2,0,0,0
2026-09-01 07:10:00,105.5,41,79,46.7,0,0,0
2026-09-01 07:15:00,102.6,49,81,45.3,0,0,0
2026-09-01 07:20:00,100.2,32,78,44.8,0,0,0
2026-09-01 07:25:00,98.6,22,81,43.6,0,0,0
2026-09-01 07:30:00,101.3,51,82,46.3,0,0,0
2026-09-01 07:35:00,99.7,52,79,44.5,0,0,0
2026-09-01 07:40:00,104.5,81,87,43.4,0,33,55
2026-09-01 07:45:00,105.7,51,84,46.1,0,0,0
2026-09-01 07:50:00,107.1,51,84,47.0,0,0,0
2026-09-01 07:55:00,112.2,594,118,45.3,0,0,0
2026-09-01 08:00:00,112.2,562,113,44.9,0,0,0
2026-09-01 08:05:00,109.0,53,85,43.6,0,0,0
2026-09-01 08:10:00,109.5,47,82,46.5,0,0,0
2026-09-01 08:15:00,109.4,38,83,47.1,0,0,0
2026-09-01 08:20:00,107.3,23,82,47.2,0,0,0
2026-09-01 08:25:00,105.5,50,84,44.2,0,0,0
2026-09-01 08:30:00,104.5,33,80,44.6,0,0,0
2026-09-01 08:35:00,101.7,30,86,47.4,0,0,0
2026-09-01 08:40:00,104.7,36,79,48.5,0,0,0
2026-09-01 08:45:00,105.7,29,83,47.5,0,0,0
2026-09-01 08:50:00,104.9,48,80,45.9,0,0,0
2026-09-01 08:55:00,107.0,46,83,45.9,0,0,0
2026-09-01 09:00:00,105.7,68,85,45.9,0,0,0
2026-09-01 09:05:00,103.1,34,84,47.1,0,0,0
2026-09-01 09:10:00,104.1,43,84,44.5,0,0,0
2026-09-01 09:15:00,103.5,75,84,43.2,0,0,0
2026-09-01 09:20:00,98.6,19,80,43.8,0,0,0
2026-09-01 09:25:00,96.0,49,84,43.4,0,0,0
2026-09-01 09:30:00,98.2,46,81,44.9,0,0,0
2026-09-01 09:35:00,96.9,25,81,44.5,0,0,0
2026-09-01 09:40:00,103.7,37,81,42.3,0,0,0
2026-09-01 09:45:00,101.6,26,82,44.9,0,0,0
2026-09-01 09:50:00,102.3,57,84,45.8,0,0,0
2026-09-01 09:55:00,101.4,47,81,45.7,0,0,0
2026-09-01 10:00:00,102.6,60,85,45.0,0,0,0
2026-09-01 10:05:00,99.9,21,78,46.3,0,0,0
2026-09-01 10:10:00,99.0,28,83,47.7,0,0,0
2026-09-01 10:15:00,95.7,53,82,45.7,0,0,0
2026-09-01 10:20:00,95.4,23,78,45.4,0,0,0
2026-09-01 10:25:00,98.3,42,81,47.1,0,0,0
2026-09-01 10:30:00,99.0,39,83,39.6,0,0,0
2026-09-01 10:35:00,99.8,50,80,46.8,0,0,0
2026-09-01 10:40:00,100.3,56,86,44.0,0,0,0
2026-09-01 10:45:00,102.9,34,79,44.4,0,0,0
2026-09-01 10:50:00,100.3,49,82,45.2,0,0,0
2026-09-01 10:55:00,97.0,51,81,44.9,0,0,0
2026-09-01 11:00:00,97.8,47,83,45.2,0,0,0
2026-09-01 11:05:00,95.6,34,81,47.3,0,0,0
2026-09-01 11:10:00,97.8,26,82,45.3,0,0,0
2026-09-01 11:15:00,97.4,62,83,41.2,0,0,0
2026-09-01 11:20:00,98.9,42,81,45.1,0,0,0
2026-09-01 11:25:00,99.4,44,79,46.3,0,0,0
2026-09-01 11:30:00,98.1,83,84,44.3,0,0,0
2026-09-01 11:35:00,99.9,66,85,42.3,0,0,0
2026-09-01 11:40:00,99.4,42,83,44.8,0,0,0
2026-09-01 11:45:00,101.2,62,81,47.4,0,0,0
2026-09-01 11:50:00,99.3,66,79,48.7,0,0,0
2026-09-01 11:55:00,98.3,118,87,46.6,0,0,0
2026-09-01 12:00:00,97.9,23,81,48.3,0,0,0
2026-09-01 12:05:00,98.2,58,84,47.1,0,0,0
2026-09-01 12:10:00,97.1,37,82,47.7,0,0,0
2026-09-01 12:15:00,100.2,59,82,44.6,0,0,0
2026-09-01 12:20:00,102.1,93,85,46.8,0,0,0
2026-09-01 12:25:00,101.7,48,80,44.6,0,0,0
2026-09-01 12:30:00,99.9,91,87,45.8,0,0,0
2026-09-01 12:35:00,100.3,87,86,45.9,0,0,0
2026-09-01 12:40:00,100.5,539,113,46.2,0,0,0
2026-09-01 12:45:00,101.7,548,112,45.9,0,0,0
2026-09-01 12:50:00,99.6,549,111,45.9,0,0,0
2026-09-01 12:55:00,103.2,528,108,42.7,0,0,0
2026-09-01 13:00:00,103.0,33,81,49.4,0,0,0
2026-09-01 13:05:00,103.2,54,79,47.6,0,0,0
2026-09-01 13:10:00,104.3,30,81,45.2,0,0,0
2026-09-01 13:15:00,102.6,35,81,44.1,0,0,0
2026-09-01 13:20:00,101.8,33,79,45.4,0,0,0
2026-09-01 13:25:00,96.8,68,84,41.3,0,0,0
2026-09-01 13:30:00,91.4,43,82,43.7,0,0,0
2026-09-01 13:35:00,87.4,23,88,44.2,0,77,75
2026-09-01 13:40:00,98.8,27,79,46.1,0,0,0
2026-09-01 13:45:00,101.5,50,83,43.3,0,0,0
2026-09-01 13:50:00,105.9,502,114,43.9,0,0,0
2026-09-01 13:55:00,106.1,525,113,48.1,0,0,0
2026-09-01 14:00:00,114.9,47,86,46.6,0,0,0
2026-09-01 14:05:00,119.1,47,82,48.1,0,0,0
2026-09-01 14:10:00,122.5,61,82,42.0,0,0,0
2026-09-01 14:15:00,122.4,30,82,48.3,0,0,0
2026-09-01 14:20:00,123.2,62,83,45.1,0,0,0
2026-09-01 14:25:00,120.9,30,81,43.3,0,0,0
2026-09-01 14:30:00,121.0,50,83,46.8,0,0,0
2026-09-01 14:35:00,121.9,75,83,47.0,0,0,0
2026-09-01 14:40:00,123.8,58,85,43.6,0,0,0
2026-09-01 14:45:00,120.7,26,82,48.0,0,0,0
2026-09-01 14:50:00,121.7,47,81,47.7,0,0,0
2026-09-01 14:55:00,119.5,35,85,43.7,0,0,0
2026-09-01 15:00:00,119.2,33,77,41.5,0,0,0
2026-09-01 15:05:00,118.2,18,81,43.6,0,0,0
2026-09-01 15:10:00,113.0,22,79,48.1,0,0,0
2026-09-01 15:15:00,110.5,63,82,45.4,0,0,0
2026-09-01 15:20:00,111.0,48,82,48.4,0,0,0
2026-09-01 15:25:00,110.8,34,84,45.1,0,0,0
2026-09-01 15:30:00,108.4,41,85,46.5,0,0,0
2026-09-01 15:35:00,116.1,49,83,45.6,0,0,0
2026-09-01 15:40:00,118.9,24,79,47.2,0,0,0
2026-09-01 15:45:00,119.5,51,85,44.0,0,0,0
2026-09-01 15:50:00,116.6,35,82,46.1,0,0,0
2026-09-01 15:55:00,113.8,39,82,46.5,0,0,0
2026-09-01 16:00:00,111.0,60,84,44.5,0,0,0
2026-09-01 16:05:00,108.6,80,84,45.7,0,0,0
2026-09-01 16:10:00,103.0,26,81,44.5,0,0,0
2026-09-01 16:15:00,103.2,84,86,48.5,0,0,0
2026-09-01 16:20:00,106.7,23,81,47.3,0,0,0
2026-09-01 16:25:00,106.2,38,78,42.9,0,0,0
2026-09-01 16:30:00,104.5,39,84,44.5,0,0,0
2026-09-01 16:35:00,103.1,46,79,41.6,0,0,0
2026-09-01 16:40:00,101.7,19,78,45.4,0,0,0
2026-09-01 16:45:00,102.9,35,81,44.7,0,0,0
2026-09-01 16:50:00,106.4,77,84,43.8,0,0,0
2026-09-01 16:55:00,105.2,92,84,48.2,0,0,0
2026-09-01 17:00:00,109.6,38,85,43.6,0,17,35
2026-09-01 17:05:00,105.1,93,84,45.6,0,0,0
2026-09-01 17:10:00,105.0,42,87,46.0,0,0,0
2026-09-01 17:15:00,105.6,557,114,48.7,0,0,0
2026-09-01 17:20:00,107.8,535,115,44.7,0,0,0
2026-09-01 17:25:00,105.4,59,84,45.4,0,0,0
2026-09-01 17:30:00,107.6,48,85,45.4,0,0,0
2026-09-01 17:35:00,107.9,24,78,46.0,0,0,0
2026-09-01 17:40:00,110.0,58,83,43.5,0,0,0
2026-09-01 17:45:00,108.2,44,81,44.7,0,0,0
2026-09-01 17:50:00,106.2,41,86,46.0,0,0,0
2026-09-01 17:55:00,102.7,73,83,45.1,0,0,0
2026-09-01 18:00:00,101.6,38,81,44.0,0,0,0
2026-09-01 18:05:00,97.7,46,81,43.7,0,0,0
2026-09-01 18:10:00,97.7,68,84,46.1,0,0,0
2026-09-01 18:15:00,95.5,30,80,47.8,0,0,0
2026-09-01 18:20:00,96.0,44,84,43.4,0,0,0
2026-09-01 18:25:00,92.8,54,79,42.2,0,0,0
2026-09-01 18:30:00,89.6,111,83,46.1,0,0,0
2026-09-01 18:35:00,88.6,50,83,44.5,0,0,0
2026-09-01 18:40:00,93.2,59,86,47.5,0,0,0
2026-09-01 18:45:00,97.9,89,83,46.3,0,0,0
2026-09-01 18:50:00,99.8,33,80,47.2,0,0,0
2026-09-01 18:55:00,104.8,45,77,46.1,0,0,0
2026-09-01 19:00:00,99.7,40,83,43.7,0,0,0
2026-09-01 19:05:00,96.3,54,80,45.4,0,0,0
2026-09-01 19:10:00,95.8,55,81,45.3,0,0,0
2026-09-01 19:15:00,91.9,40,83,47.6,0,0,0
2026-09-01 19:20:00,96.8,89,83,43.7,0,0,0
2026-09-01 19:25:00,96.7,79,84,44.3,0,0,0
2026-09-01 19:30:00,98.4,25,81,45.8,0,0,0
2026-09-01 19:35:00,98.9,92,81,48.1,0,0,0
2026-09-01 19:40:00,102.0,118,83,44.3,0,0,0
2026-09-01 19:45:00,102.7,33,83,46.6,0,0,0
2026-09-01 19:50:00,102.0,43,79,44.6,0,0,0
2026-09-01 19:55:00,100.7,43,83,42.3,0,0,0
2026-09-01 20:00:00,103.1,549,109,43.4,0,0,0
2026-09-01 20:05:00,104.0,531,113,45.5,0,0,0
2026-09-01 20:10:00,104.7,29,84,43.5,0,0,0
2026-09-01 20:15:00,103.1,43,80,43.5,0,0,0
2026-09-01 20:20:00,100.7,32,79,44.6,0,0,0
2026-09-01 20:25:00,101.2,45,81,49.1,0,0,0
2026-09-01 20:30:00,101.7,18,85,47.1,0,60,55
2026-09-01 20:35:00,102.8,36,84,43.7,0,0,0
2026-09-01 20:40:00,105.6,77,87,45.2,0,0,0
2026-09-01 20:45:00,108.4,558,115,46.7,0,0,0
2026-09-01 20:50:00,109.7,562,115,46.2,0,0,0
2026-09-01 20:55:00,110.7,61,88,46.3,0,0,0
2026-09-01 21:00:00,110.5,35,78,43.8,0,0,0
2026-09-01 21:05:00,111.0,58,84,42.7,0,0,0
2026-09-01 21:10:00,113.0,76,84,46.8,0,0,0
2026-09-01 21:15:00,112.3,28,80,49.2,0,0,0
2026-09-01 21:20:00,108.5,57,80,46.7,0,0,0
2026-09-01 21:25:00,111.1,60,83,45.7,0,0,0
2026-09-01 21:30:00,108.1,46,81,45.8,0,0,0
2026-09-01 21:35:00,108.5,25,82,42.5,0,0,0
2026-09-01 21:40:00,111.2,44,81,45.2,0,0,0
2026-09-01 21:45:00,109.8,76,82,46.5,0,0,0
2026-09-01 21:50:00,112.7,64,83,45.1,0,0,0
2026-09-01 21:55:00,110.6,44,80,45.6,0,0,0
2026-09-01 22:00:00,110.8,41,80,46.0,0,0,0
2026-09-01 22:05:00,109.0,38,75,45.9,0,0,0
2026-09-01 22:10:00,105.1,39,80,46.1,0,0,0
2026-09-01 22:15:00,103.2,21,81,45.5,0,0,0
2026-09-01 22:20:00,101.5,49,84,45.4,0,0,0
2026-09-01 22:25:00,104.8,41,80,44.4,0,0,0
2026-09-01 22:30:00,104.3,42,80,43.4,0,0,0
2026-09-01 22:35:00,103.8,58,82,45.1,0,0,0
2026-09-01 22:40:00,103.8,34,78,44.6,0,0,0
2026-09-01 22:45:00,102.1,52,80,48.0,0,0,0
2026-09-01 22:50:00,99.9,49,83,47.4,0,0,0
2026-09-01 22:55:00,101.3,96,86,43.8,0,0,0
2026-09-01 23:00:00,103.0,51,82,43.5,0,0,0
2026-09-01 23:05:00,101.6,66,83,47.2,0,0,0
2026-09-01 23:10:00,100.3,0,73,73.1,1,0,0
2026-09-01 23:15:00,99.2,0,75,72.3,1,0,0
2026-09-01 23:20:00,101.1,0,71,75.3,1,0,0
2026-09-01 23:25:00,100.3,0,68,75.1,1,0,0
2026-09-01 23:30:00,100.1,0,68,74.3,1,0,0
2026-09-01 23:35:00,96.6,1,71,76.5,1,0,0
2026-09-01 23:40:00,96.6,1,74,70.8,1,0,0
2026-09-01 23:45:00,95.3,0,71,74.5,1,0,0
2026-09-01 23:50:00,94.6,1,72,75.3,1,0,0
2026-09-01 23:55:00,91.6,0,69,70.9,1,0,0
2026-09-02 00:00:00,91.7,1,70,74.2,1,0,0
2026-09-02 00:05:00,91.0,0,71,71.3,1,0,0
2026-09-02 00:10:00,93.3,0,69,70.3,1,0,0
2026-09-02 00:15:00,95.4,0,68,73.8,1,0,0
2026-09-02 00:20:00,97.1,0,71,70.9,1,0,0
2026-09-02 00:25:00,95.1,0,70,72.2,1,0,0
2026-09-02 00:30:00,97.1,0,75,73.2,1,0,0
2026-09-02 00:35:00,94.3,0,73,72.3,1,0,0
2026-09-02 00:40:00,93.2,1,67,74.9,1,0,0
2026-09-02 00:45:00,93.0,0,74,71.5,1,0,0
2026-09-02 00:50:00,90.4,1,71,72.0,1,0,0
2026-09-02 00:55:00,88.5,0,73,72.2,1,0,0
2026-09-02 01:00:00,86.7,0,72,74.0,1,0,0
2026-09-02 01:05:00,89.6,0,74,73.9,1,0,0
2026-09-02 01:10:00,89.4,0,73,72.9,1,0,0
2026-09-02 01:15:00,90.7,2,71,68.6,1,0,0
2026-09-02 01:20:00,93.3,0,71,72.3,1,0,0
2026-09-02 01:25:00,97.5,0,71,72.1,1,0,0
2026-09-02 01:30:00,97.7,0,72,78.2,1,0,0
2026-09-02 01:35:00,98.5,0,74,76.2,1,0,0
2026-09-02 01:40:00,98.7,0,73,75.5,1,0,0
2026-09-02 01:45:00,100.6,0,71,74.8,1,0,0
2026-09-02 01:50:00,100.6,1,72,75.0,1,0,0
2026-09-02 01:55:00,100.1,0,71,73.7,1,0,0
2026-09-02 02:00:00,104.0,0,73,75.5,1,0,0
2026-09-02 02:05:00,101.6,2,71,73.5,1,0,0
2026-09-02 02:10:00,99.2,1,71,76.7,1,0,0
2026-09-02 02:15:00,99.2,1,69,75.9,1,0,0
2026-09-02 02:20:00,96.3,1,69,67.8,1,0,0
2026-09-02 02:25:00,94.6,0,67,75.3,1,0,0
2026-09-02 02:30:00,95.6,1,69,71.8,1,0,0
2026-09-02 02:35:00,97.6,0,70,73.6,1,0,0
2026-09-02 02:40:00,100.8,1,72,75.9,1,0,0
2026-09-02 02:45:00,99.0,1,73,68.8,1,0,0
2026-09-02 02:50:00,99.9,0,71,75.2,1,0,0
2026-09-02 02:55:00,101.3,0,69,70.0,1,0,0
2026-09-02 03:00:00,102.7,0,69,76.3,1,0,0
2026-09-02 03:05:00,100.5,0,69,72.9,1,0,0
2026-09-02 03:10:00,101.8,0,70,73.4,1,0,0
2026-09-02 03:15:00,98.3,0,68,70.5,1,0,0
2026-09-02 03:20:00,102.8,0,72,71.8,1,0,0
2026-09-02 03:25:00,102.4,1,72,71.4,1,0,0
2026-09-02 03:30:00,100.9,0,71,71.6,1,0,0
2026-09-02 03:35:00,100.2,1,69,71.9,1,0,0
2026-09-02 03:40:00,100.1,0,72,72.1,1,0,0
2026-09-02 03:45:00,100.4,1,71,71.5,1,0,0
2026-09-02 03:50:00,100.9,0,73,72.2,1,0,0
2026-09-02 03:55:00,100.9,0,69,74.3,1,0,0
2026-09-02 04:00:00,99.6,0,72,73.8,1,0,0
2026-09-02 04:05:00,104.3,0,72,74.9,1,0,0
2026-09-02 04:10:00,102.5,1,69,71.6,1,0,0
2026-09-02 04:15:00,107.6,0,71,68.9,1,0,0
2026-09-02 04:20:00,106.7,0,74,71.1,1,0,0
2026-09-02 04:25:00,106.6,0,68,73.6,1,0,0
2026-09-02 04:30:00,106.5,0,71,75.3,1,0,0
2026-09-02 04:35:00,106.1,1,70,74.5,1,0,0
2026-09-02 04:40:00,105.3,0,69,72.5,1,0,0
2026-09-02 04:45:00,105.3,0,69,73.3,1,0,0
2026-09-02 04:50:00,106.1,0,67,74.4,1,0,0
2026-09-02 04:55:00,109.3,0,71,71.7,1,0,0
2026-09-02 05:00:00,112.1,0,70,74.3,1,0,0
2026-09-02 05:05:00,110.4,0,72,70.8,1,0,0
2026-09-02 05:10:00,108.3,0,72,71.5,1,0,0
2026-09-02 05:15:00,110.6,1,73,74.0,1,0,0
2026-09-02 05:20:00,110.1,0,70,72.8,1,0,0
2026-09-02 05:25:00,109.6,0,70,74.0,1,0,0
2026-09-02 05:30:00,108.0,0,75,74.4,1,0,0
2026-09-02 05:35:00,110.5,0,68,77.0,1,0,0
2026-09-02 05:40:00,111.3,1,72,75.9,1,0,0
2026-09-02 05:45:00,111.7,0,71,71.2,1,0,0
2026-09-02 05:50:00,109.7,0,74,73.6,1,0,0
2026-09-02 05:55:00,109.9,0,70,75.0,1,0,0
2026-09-02 06:00:00,111.5,1,73,75.4,1,0,0
2026-09-02 06:05:00,112.7,1,70,71.2,1,0,0
2026-09-02 06:10:00,112.8,1,71,77.5,1,0,0
2026-09-02 06:15:00,111.7,0,72,75.1,1,0,0
2026-09-02 06:20:00,109.6,50,81,46.1,0,0,0
2026-09-02 06:25:00,110.5,130,90,46.2,0,0,0
2026-09-02 06:30:00,108.3,37,80,44.2,0,0,0
2026-09-02 06:35:00,110.2,39,81,44.6,0,0,0
2026-09-02 06:40:00,111.4,122,85,49.8,0,0,0
2026-09-02 06:45:00,109.7,78,84,44.2,0,0,0
2026-09-02 06:50:00,109.7,50,80,43.6,0,0,0
2026-09-02 06:55:00,108.4,39,82,49.0,0,0,0
2026-09-02 07:00:00,110.2,33,81,42.9,0,0,0
2026-09-02 07:05:00,109.5,38,83,42.4,0,0,0
2026-09-02 07:10:00,106.6,74,82,47.7,0,0,0
2026-09-02 07:15:00,108.1,23,79,46.2,0,0,0
2026-09-02 07:20:00,107.7,52,87,44.9,0,0,0
2026-09-02 07:25:00,112.3,37,80,45.0,0,0,0
2026-09-02 07:30:00,108.1,46,78,42.5,0,0,0
2026-09-02 07:35:00,109.3,64,83,45.6,0,0,0
2026-09-02 07:40:00,108.5,43,77,45.8,0,0,0
2026-09-02 07:45:00,110.6,27,83,43.7,0,65,70
2026-09-02 07:50:00,113.7,57,85,42.6,0,0,0
2026-09-02 07:55:00,119.0,62,84,47.9,0,0,0
2026-09-02 08:00:00,124.0,471,112,46.2,0,0,0
2026-09-02 08:05:00,124.7,439,106,47.1,0,0,0
2026-09-02 08:10:00,128.8,52,87,41.2,0,0,0
2026-09-02 08:15:00,127.5,82,80,43.0,0,0,0
2026-09-02 08:20:00,124.5,81,86,45.0,0,0,0
2026-09-02 08:25:00,123.3,47,78,45.1,0,0,0
2026-09-02 08:30:00,122.5,28,84,45.9,0,0,0
2026-09-02 08:35:00,119.5,67,83,46.3,0,0,0
2026-09-02 08:40:00,120.3,44,79,46.2,0,0,0
2026-09-02 08:45:00,117.3,581,112,47.8,0,0,0
2026-09-02 08:50:00,116.4,592,112,48.4,0,0,0
2026-09-02 08:55:00,115.6,549,113,43.0,0,0,0
2026-09-02 09:00:00,113.9,100,85,48.2,0,0,0
2026-09-02 09:05:00,113.2,29,84,46.3,0,0,0
2026-09-02 09:10:00,114.7,50,79,45.7,0,0,0
2026-09-02 09:15:00,110.9,37,80,45.2,0,0,0
2026-09-02 09:20:00,110.6,56,83,44.5,0,0,0
2026-09-02 09:25:00,110.8,40,81,46.1,0,0,0
2026-09-02 09:30:00,107.4,63,84,42.3,0,0,0
2026-09-02 09:35:00,112.6,61,83,47.2,0,0,0
2026-09-02 09:40:00,109.7,30,81,47.4,0,0,0
2026-09-02 09:45:00,111.0,46,80,44.9,0,0,0
2026-09-02 09:50:00,111.9,38,79,43.0,0,0,0
2026-09-02 09:55:00,109.2,20,80,45.6,0,0,0
2026-09-02 10:00:00,109.2,52,83,47.2,0,0,0
2026-09-02 10:05:00,110.2,81,82,47.3,0,0,0
2026-09-02 10:10:00,107.3,75,85,45.7,0,0,0
2026-09-02 10:15:00,109.7,69,83,42.9,0,0,0
2026-09-02 10:20:00,111.7,46,82,45.0,0,0,0
2026-09-02 10:25:00,110.0,79,85,43.8,0,0,0
2026-09-02 10:30:00,107.7,51,83,44.6,0,0,0
2026-09-02 10:35:00,110.0,69,78,47.0,0,0,0
2026-09-02 10:40:00,107.1,53,81,48.2,0,0,0
2026-09-02 10:45:00,106.9,36,80,48.5,0,0,0
2026-09-02 10:50:00,106.7,118,82,47.1,0,0,0
2026-09-02 10:55:00,106.1,79,87,42.9,0,0,0
2026-09-02 11:00:00,107.3,51,81,46.6,0,0,0
2026-09-02 11:05:00,108.9,90,83,48.1,0,0,0
2026-09-02 11:10:00,109.6,67,82,43.3,0,0,0
2026-09-02 11:15:00,112.6,87,86,45.3,0,0,0
2026-09-02 11:20:00,112.8,57,84,41.4,0,0,0
2026-09-02 11:25:00,111.4,60,84,46.5,0,0,0
2026-09-02 11:30:00,112.4,25,84,46.9,0,0,0
2026-09-02 11:35:00,109.2,32,80,46.4,0,0,0
2026-09-02 11:40:00,110.7,32,79,47.5,0,0,0
2026-09-02 11:45:00,108.2,28,78,48.8,0,0,0
2026-09-02 11:50:00,108.5,55,82,45.3,0,0,0
2026-09-02 11:55:00,107.2,49,80,43.2,0,0,0
2026-09-02 12:00:00,106.6,81,88,48.0,0,0,0
2026-09-02 12:05:00,104.5,29,81,45.0,0,0,0
2026-09-02 12:10:00,105.1,33,81,45.2,0,0,0
2026-09-02 12:15:00,107.2,21,80,45.3,0,0,0
2026-09-02 12:20:00,109.9,35,83,46.4,0,0,0
2026-09-02 12:25:00,107.2,80,85,45.3,0,0,0
2026-09-02 12:30:00,106.5,39,84,47.3,0,0,0
2026-09-02 12:35:00,105.9,16,82,46.7,0,0,0
2026-09-02 12:40:00,105.2,20,79,45.9,0,0,0
2026-09-02 12:45:00,103.6,57,82,46.8,0,0,0
2026-09-02 12:50:00,104.0,26,80,44.9,0,0,0
2026-09-02 12:55:00,103.4,60,83,44.8,0,0,0
2026-09-02 13:00:00,104.2,38,83,43.4,0,0,0
2026-09-02 13:05:00,101.2,31,81,45.3,0,0,0
2026-09-02 13:10:00,100.5,83,86,46.9,0,0,0
2026-09-02 13:15:00,100.5,55,80,45.7,0,0,0
2026-09-02 13:20:00,101.9,37,85,43.9,0,49,50
2026-09-02 13:25:00,105.6,39,83,42.5,0,0,0
2026-09-02 13:30:00,108.6,35,83,41.7,0,0,0
2026-09-02 13:35:00,112.6,472,108,42.3,0,0,0
2026-09-02 13:40:00,111.5,471,113,44.0,0,0,0
2026-09-02 13:45:00,112.5,47,85,43.7,0,0,0
2026-09-02 13:50:00,112.1,18,80,44.8,0,0,0
2026-09-02 13:55:00,109.6,31,83,47.1,0,0,0
2026-09-02 14:00:00,108.3,46,83,45.5,0,0,0
2026-09-02 14:05:00,108.0,47,80,45.6,0,0,0
2026-09-02 14:10:00,109.2,47,79,44.3,0,0,0
2026-09-02 14:15:00,104.4,57,82,46.6,0,0,0
2026-09-02 14:20:00,107.3,81,83,47.8,0,0,0
2026-09-02 14:25:00,110.7,40,80,41.1,0,0,0
2026-09-02 14:30:00,110.3,33,80,42.4,0,0,0
2026-09-02 14:35:00,110.8,41,79,45.1,0,0,0
2026-09-02 14:40:00,109.6,41,81,41.0,0,0,0
2026-09-02 14:45:00,107.8,50,83,42.7,0,0,0
2026-09-02 14:50:00,108.9,45,83,42.8,0,0,0
2026-09-02 14:55:00,109.1,67,84,46.1,0,0,0
2026-09-02 15:00:00,105.9,58,82,48.0,0,0,0
2026-09-02 15:05:00,108.5,74,84,43.1,0,0,0
2026-09-02 15:10:00,108.9,86,85,43.3,0,0,0
2026-09-02 15:15:00,109.9,77,84,43.7,0,0,0
2026-09-02 15:20:00,107.1,54,83,45.0,0,0,0
2026-09-02 15:25:00,107.2,49,84,45.7,0,0,0
2026-09-02 15:30:00,107.4,31,82,41.6,0,0,0
2026-09-02 15:35:00,105.7,62,79,45.5,0,0,0
2026-09-02 15:40:00,108.9,64,85,43.2,0,0,0
2026-09-02 15:45:00,107.0,42,80,46.0,0,0,0
2026-09-02 15:50:00,105.8,32,84,45.6,0,0,0
2026-09-02 15:55:00,105.7,59,80,46.1,0,0,0
2026-09-02 16:00:00,103.6,50,83,46.8,0,0,0
2026-09-02 16:05:00,102.7,27,80,43.6,0,0,0
2026-09-02 16:10:00,101.4,85,87,46.0,0,0,0
2026-09-02 16:15:00,99.9,45,82,42.9,0,0,0
2026-09-02 16:20:00,99.4,38,83,44.5,0,0,0
2026-09-02 16:25:00,99.4,65,83,43.3,0,0,0
2026-09-02 16:30:00,97.4,31,84,47.8,0,0,0
2026-09-02 16:35:00,97.3,43,82,45.3,0,0,0
2026-09-02 16:40:00,97.2,56,81,46.6,0,0,0
2026-09-02 16:45:00,99.3,74,82,44.1,0,0,0
2026-09-02 16:50:00,99.2,55,82,44.4,0,0,0
2026-09-02 16:55:00,99.4,32,83,46.2,0,0,0
2026-09-02 17:00:00,99.5,54,86,44.2,0,0,0
2026-09-02 17:05:00,100.9,55,83,44.7,0,0,0
2026-09-02 17:10:00,102.6,86,81,45.7,0,0,0
2026-09-02 17:15:00,97.0,73,86,45.6,0,0,0
2026-09-02 17:20:00,95.4,54,81,44.0,0,0,0
2026-09-02 17:25:00,93.8,28,82,43.5,0,0,0
2026-09-02 17:30:00,92.1,78,83,45.1,0,0,0
2026-09-02 17:35:00,91.9,57,87,46.9,0,45,80
2026-09-02 17:40:00,97.0,20,81,46.6,0,0,0
2026-09-02 17:45:00,102.7,53,82,46.8,0,0,0
2026-09-02 17:50:00,105.9,565,116,44.1,0,0,0
2026-09-02 17:55:00,107.3,571,116,46.7,0,0,0
2026-09-02 18:00:00,110.0,60,87,43.2,0,0,0
2026-09-02 18:05:00,114.5,81,84,47.5,0,0,0
2026-09-02 18:10:00,119.9,11,76,41.1,0,0,0
2026-09-02 18:15:00,117.0,30,80,44.2,0,0,0
2026-09-02 18:20:00,120.1,51,83,45.0,0,0,0
2026-09-02 18:25:00,117.6,31,83,45.3,0,0,0
2026-09-02 18:30:00,116.4,38,82,45.9,0,0,0
2026-09-02 18:35:00,117.4,22,81,45.2,0,0,0
2026-09-02 18:40:00,118.0,45,87,47.8,0,0,0
2026-09-02 18:45:00,117.5,59,84,44.0,0,0,0
2026-09-02 18:50:00,118.2,40,78,43.1,0,0,0
2026-09-02 18:55:00,118.1,66,85,45.1,0,0,0
2026-09-02 19:00:00,117.5,36,83,43.1,0,0,0
2026-09-02 19:05:00,115.4,57,84,46.8,0,0,0
2026-09-02 19:10:00,113.1,26,79,45.7,0,0,0
2026-09-02 19:15:00,108.8,57,80,45.4,0,0,0
2026-09-02 19:20:00,106.3,47,83,45.6,0,0,0
2026-09-02 19:25:00,107.2,44,80,45.9,0,0,0
2026-09-02 19:30:00,106.1,35,81,43.4,0,0,0
2026-09-02 19:35:00,109.2,35,82,45.4,0,0,0
2026-09-02 19:40:00,109.6,40,80,42.6,0,0,0
2026-09-02 19:45:00,106.4,63,83,43.5,0,0,0
2026-09-02 19:50:00,103.6,61,87,47.2,0,0,0
2026-09-02 19:55:00,103.2,30,81,44.7,0,0,0
2026-09-02 20:00:00,104.1,54,82,43.9,0,0,0
2026-09-02 20:05:00,103.3,40,79,45.8,0,0,0
2026-09-02 20:10:00,101.7,38,81,45.7,0,0,0
2026-09-02 20:15:00,103.0,73,80,47.9,0,0,0
2026-09-02 20:20:00,100.6,96,82,46.3,0,0,0
2026-09-02 20:25:00,99.7,32,83,43.3,0,0,0
2026-09-02 20:30:00,99.1,41,80,43.7,0,0,0
2026-09-02 20:35:00,102.1,37,82,48.3,0,0,0
2026-09-02 20:40:00,104.0,24,79,47.2,0,0,0
2026-09-02 20:45:00,102.0,32,80,43.5,0,0,0
2026-09-02 20:50:00,101.6,41,85,44.6,0,0,0
2026-09-02 20:55:00,100.1,64,82,44.3,0,90,75
2026-09-02 21:00:00,110.2,68,84,44.8,0,0,0
2026-09-02 21:05:00,117.9,45,85,46.1,0,0,0
2026-09-02 21:10:00,122.7,527,117,43.4,0,0,0
2026-09-02 21:15:00,129.1,540,113,46.3,0,0,0
2026-09-02 21:20:00,132.3,18,86,46.5,0,0,0
2026-09-02 21:25:00,132.9,49,81,47.4,0,0,0
2026-09-02 21:30:00,135.2,47,80,40.6,0,0,0
2026-09-02 21:35:00,134.3,33,83,44.2,0,0,0
2026-09-02 21:40:00,132.9,56,80,45.4,0,0,0
2026-09-02 21:45:00,133.7,35,83,43.1,0,0,0
2026-09-02 21:50:00,130.4,54,85,47.1,0,0,0
2026-09-02 21:55:00,127.9,32,80,45.5,0,0,0
2026-09-02 22:00:00,132.2,62,84,44.0,0,0,0
2026-09-02 22:05:00,130.4,60,85,42.2,0,0,0
2026-09-02 22:10:00,125.0,43,84,43.8,0,0,0
2026-09-02 22:15:00,122.8,0,70,72.7,1,0,0
2026-09-02 22:20:00,123.0,1,67,72.2,1,0,0
2026-09-02 22:25:00,118.8,1,72,71.4,1,0,0
2026-09-02 22:30:00,119.1,0,70,72.4,1,0,0
2026-09-02 22:35:00,116.1,0,71,74.6,1,0,0
2026-09-02 22:40:00,116.4,0,69,73.0,1,0,0
2026-09-02 22:45:00,118.5,0,72,72.5,1,0,0
2026-09-02 22:50:00,117.0,0,71,73.4,1,0,0
2026-09-02 22:55:00,117.0,1,71,70.6,1,0,0
2026-09-02 23:00:00,117.6,0,70,72.5,1,0,0
2026-09-02 23:05:00,115.6,0,75,74.4,1,0,0
2026-09-02 23:10:00,116.2,1,72,71.4,1,0,0
2026-09-02 23:15:00,112.4,1,72,69.0,1,0,0
2026-09-02 23:20:00,111.9,0,69,75.0,1,0,0
2026-09-02 23:25:00,112.8,1,71,75.3,1,0,0
2026-09-02 23:30:00,114.0,0,69,75.1,1,0,0
2026-09-02 23:35:00,109.3,0,73,73.9,1,0,0
2026-09-02 23:40:00,106.8,1,68,73.8,1,0,0
2026-09-02 23:45:00,107.8,0,71,74.3,1,0,0
2026-09-02 23:50:00,105.7,0,72,71.8,1,0,0
2026-09-02 23:55:00,105.5,0,71,71.9,1,0,0
2026-09-03 00:00:00,101.7,0,70,71.9,1,0,0
2026-09-03 00:05:00,98.5,1,75,71.8,1,0,0
2026-09-03 00:10:00,97.0,0,70,71.7,1,0,0
2026-09-03 00:15:00,95.8,0,74,69.9,1,0,0
2026-09-03 00:20:00,97.6,0,73,73.3,1,0,0
2026-09-03 00:25:00,100.5,0,73,73.9,1,0,0
2026-09-03 00:30:00,97.7,1,73,71.1,1,0,0
2026-09-03 00:35:00,102.8,0,69,76.3,1,0,0
2026-09-03 00:40:00,102.0,1,70,73.7,1,0,0
2026-09-03 00:45:00,104.6,1,71,74.5,1,0,0
2026-09-03 00:50:00,107.3,0,70,70.6,1,0,0
2026-09-03 00:55:00,107.1,0,69,74.3,1,0,0
2026-09-03 01:00:00,108.4,0,75,72.1,1,0,0
2026-09-03 01:05:00,108.1,1,73,73.4,1,0,0
2026-09-03 01:10:00,108.1,0,73,71.7,1,0,0
2026-09-03 01:15:00,107.2,0,74,74.6,1,0,0
2026-09-03 01:20:00,106.1,0,68,73.1,1,0,0
2026-09-03 01:25:00,107.1,1,72,73.6,1,0,0
2026-09-03 01:30:00,105.4,0,74,73.3,1,0,0
2026-09-03 01:35:00,106.5,0,69,75.8,1,0,0
2026-09-03 01:40:00,107.4,0,69,72.1,1,0,0
2026-09-03 01:45:00,106.7,1,70,72.9,1,0,0
2026-09-03 01:50:00,103.2,0,73,72.2,1,0,0
2026-09-03 01:55:00,102.4,1,72,75.3,1,0,0
2026-09-03 02:00:00,102.7,0,71,78.6,1,0,0
2026-09-03 02:05:00,101.7,0,70,75.2,1,0,0
2026-09-03 02:10:00,100.5,0,67,72.9,1,0,0
2026-09-03 02:15:00,104.4,0,72,76.8,1,0,0
2026-09-03 02:20:00,102.8,0,71,74.3,1,0,0
2026-09-03 02:25:00,103.0,0,70,70.7,1,0,0
2026-09-03 02:30:00,107.2,0,71,72.1,1,0,0
2026-09-03 02:35:00,106.5,0,71,72.0,1,0,0
2026-09-03 02:40:00,109.0,1,71,74.3,1,0,0
2026-09-03 02:45:00,107.5,0,70,73.9,1,0,0
2026-09-03 02:50:00,101.4,0,70,76.2,1,0,0
2026-09-03 02:55:00,102.2,0,73,74.6,1,0,0
2026-09-03 03:00:00,102.8,0,71,70.5,1,0,0
2026-09-03 03:05:00,98.1,1,74,68.7,1,0,0
2026-09-03 03:10:00,94.2,0,75,71.1,1,0,0
2026-09-03 03:15:00,93.9,0,72,70.1,1,0,0
2026-09-03 03:20:00,94.1,0,70,77.0,1,0,0
2026-09-03 03:25:00,95.2,0,69,70.6,1,0,0
2026-09-03 03:30:00,98.8,1,71,70.8,1,0,0
2026-09-03 03:35:00,98.5,0,69,77.2,1,0,0
2026-09-03 03:40:00,99.0,1,75,70.2,1,0,0
2026-09-03 03:45:00,98.3,1,70,75.7,1,0,0
2026-09-03 03:50:00,96.8,0,67,69.9,1,0,0
2026-09-03 03:55:00,100.0,0,69,74.9,1,0,0
2026-09-03 04:00:00,98.5,0,67,73.0,1,0,0
2026-09-03 04:05:00,98.1,1,72,71.9,1,0,0
2026-09-03 04:10:00,101.5,1,70,72.5,1,0,0
2026-09-03 04:15:00,99.8,0,72,72.0,1,0,0
2026-09-03 04:20:00,98.7,1,71,69.7,1,0,0
2026-09-03 04:25:00,99.9,0,73,75.5,1,0,0
2026-09-03 04:30:00,99.9,0,72,76.0,1,0,0
2026-09-03 04:35:00,99.9,1,72,76.5,1,0,0
2026-09-03 04:40:00,101.0,1,72,71.3,1,0,0
2026-09-03 04:45:00,97.4,0,73,75.1,1,0,0
2026-09-03 04:50:00,98.7,0,70,73.4,1,0,0
2026-09-03 04:55:00,99.8,0,73,71.6,1,0,0
2026-09-03 05:00:00,101.4,0,71,71.9,1,0,0
2026-09-03 05:05:00,104.5,0,70,73.0,1,0,0
2026-09-03 05:10:00,109.9,0,70,73.3,1,0,0
2026-09-03 05:15:00,108.0,0,72,71.8,1,0,0
2026-09-03 05:20:00,108.6,0,73,75.4,1,0,0
2026-09-03 05:25:00,109.4,1,71,72.6,1,0,0
2026-09-03 05:30:00,111.4,0,69,70.9,1,0,0
2026-09-03 05:35:00,114.3,0,69,74.3,1,0,0
2026-09-03 05:40:00,114.2,0,69,74.0,1,0,0
2026-09-03 05:45:00,113.6,0,71,70.9,1,0,0
2026-09-03 05:50:00,112.9,0,73,76.0,1,0,0
2026-09-03 05:55:00,111.8,0,71,73.2,1,0,0
2026-09-03 06:00:00,113.1,0,71,74.5,1,0,0
2026-09-03 06:05:00,110.5,1,69,72.3,1,0,0
2026-09-03 06:10:00,109.9,0,71,73.7,1,0,0
2026-09-03 06:15:00,107.6,0,68,74.3,1,0,0
2026-09-03 06:20:00,109.9,0,70,70.9,1,0,0
2026-09-03 06:25:00,110.6,0,70,75.2,1,0,0
2026-09-03 06:30:00,110.8,1,73,72.0,1,0,0
2026-09-03 06:35:00,109.4,34,81,44.5,0,0,0
2026-09-03 06:40:00,105.5,60,85,46.4,0,0,0
2026-09-03 06:45:00,106.9,32,78,47.6,0,0,0
2026-09-03 06:50:00,106.8,44,82,45.6,0,0,0
2026-09-03 06:55:00,107.1,81,84,47.7,0,0,0
2026-09-03 07:00:00,108.5,27,82,45.5,0,0,0
2026-09-03 07:05:00,106.2,29,76,49.0,0,0,0
2026-09-03 07:10:00,103.6,54,81,44.2,0,0,0
2026-09-03 07:15:00,102.7,90,81,41.9,0,0,0
2026-09-03 07:20:00,100.8,28,80,44.5,0,0,0
2026-09-03 07:25:00,100.9,52,84,44.3,0,0,0
2026-09-03 07:30:00,96.5,60,82,45.0,0,0,0
2026-09-03 07:35:00,96.7,63,83,44.0,0,0,0
2026-09-03 07:40:00,96.1,46,81,42.9,0,0,0
2026-09-03 07:45:00,98.4,29,83,43.6,0,0,0
2026-09-03 07:50:00,99.4,21,78,44.0,0,0,0
2026-09-03 07:55:00,100.0,31,83,44.5,0,43,70
2026-09-03 08:00:00,105.6,61,86,47.2,0,0,0
2026-09-03 08:05:00,111.0,34,85,44.3,0,0,0
2026-09-03 08:10:00,109.6,374,102,44.7,0,0,0
2026-09-03 08:15:00,111.4,347,99,46.6,0,0,0
2026-09-03 08:20:00,113.2,43,85,47.4,0,0,0
2026-09-03 08:25:00,114.5,46,81,44.9,0,0,0
2026-09-03 08:30:00,115.8,35,76,43.1,0,0,0
2026-09-03 08:35:00,113.5,57,82,47.4,0,0,0
2026-09-03 08:40:00,113.7,48,80,49.7,0,0,0
2026-09-03 08:45:00,114.2,74,80,43.6,0,0,0
2026-09-03 08:50:00,116.0,51,80,43.5,0,0,0
2026-09-03 08:55:00,113.6,59,84,45.4,0,0,0
2026-09-03 09:00:00,111.8,33,81,45.9,0,0,0
2026-09-03 09:05:00,110.2,66,84,41.6,0,0,0
2026-09-03 09:10:00,107.0,28,82,46.1,0,0,0
2026-09-03 09:15:00,107.1,32,82,44.1,0,0,0
2026-09-03 09:20:00,105.2,38,83,46.0,0,0,0
2026-09-03 09:25:00,107.2,40,83,46.6,0,0,0
2026-09-03 09:30:00,106.5,44,80,43.0,0,0,0
2026-09-03 09:35:00,109.3,22,83,47.9,0,0,0
2026-09-03 09:40:00,107.4,85,81,43.2,0,0,0
2026-09-03 09:45:00,107.4,65,85,47.0,0,0,0
2026-09-03 09:50:00,111.4,54,82,46.6,0,0,0
2026-09-03 09:55:00,112.0,21,81,43.6,0,0,0
2026-09-03 10:00:00,108.4,24,79,44.1,0,0,0
2026-09-03 10:05:00,106.4,59,83,43.2,0,0,0
2026-09-03 10:10:00,106.4,86,82,46.4,0,0,0
2026-09-03 10:15:00,106.4,65,85,44.5,0,0,0
2026-09-03 10:20:00,104.8,40,83,46.0,0,0,0
2026-09-03 10:25:00,103.3,11,78,44.3,0,0,0
2026-09-03 10:30:00,99.6,18,82,43.8,0,0,0
2026-09-03 10:35:00,101.1,50,80,45.4,0,0,0
2026-09-03 10:40:00,98.1,65,82,43.6,0,0,0
2026-09-03 10:45:00,96.6,74,83,49.8,0,0,0
2026-09-03 10:50:00,96.6,20,83,43.4,0,0,0
2026-09-03 10:55:00,95.2,81,84,47.1,0,0,0
2026-09-03 11:00:00,94.2,84,86,43.8,0,0,0
2026-09-03 11:05:00,96.2,20,80,43.2,0,0,0
2026-09-03 11:10:00,97.7,55,84,43.7,0,0,0
2026-09-03 11:15:00,97.2,35,84,46.2,0,0,0
2026-09-03 11:20:00,95.4,54,85,47.3,0,0,0
2026-09-03 11:25:00,95.3,48,81,42.4,0,0,0
2026-09-03 11:30:00,97.9,36,81,40.8,0,0,0
2026-09-03 11:35:00,101.6,52,85,45.1,0,0,0
2026-09-03 11:40:00,103.0,24,79,43.6,0,0,0
2026-09-03 11:45:00,101.2,146,87,46.2,0,0,0
2026-09-03 11:50:00,97.0,51,79,49.8,0,0,0
2026-09-03 11:55:00,97.7,38,80,45.5,0,0,0
2026-09-03 12:00:00,94.3,14,77,44.1,0,0,0
2026-09-03 12:05:00,96.3,33,81,44.8,0,0,0
2026-09-03 12:10:00,97.2,35,80,47.7,0,0,0
2026-09-03 12:15:00,99.6,47,81,44.2,0,0,0
2026-09-03 12:20:00,101.6,27,80,47.8,0,0,0
2026-09-03 12:25:00,98.2,36,80,49.8,0,0,0
2026-09-03 12:30:00,98.3,59,83,45.1,0,0,0
2026-09-03 12:35:00,95.8,40,86,46.2,0,0,0
2026-09-03 12:40:00,95.1,29,82,41.7,0,0,0
2026-09-03 12:45:00,97.3,26,79,43.4,0,0,0
2026-09-03 12:50:00,100.2,51,83,45.3,0,0,0
2026-09-03 12:55:00,99.6,63,82,44.4,0,0,0
2026-09-03 13:00:00,98.7,47,82,45.2,0,0,0
2026-09-03 13:05:00,99.3,23,81,46.8,0,0,0
2026-09-03 13:10:00,97.8,40,81,41.8,0,0,0
2026-09-03 13:15:00,95.4,35,84,44.7,0,0,0
2026-09-03 13:20:00,95.4,28,82,47.0,0,0,0
2026-09-03 13:25:00,101.1,60,85,44.4,0,54,50
2026-09-03 13:30:00,103.2,25,80,44.4,0,0,0
2026-09-03 13:35:00,108.8,75,87,42.1,0,0,0
2026-09-03 13:40:00,111.1,400,107,46.2,0,0,0
2026-09-03 13:45:00,114.7,434,107,44.6,0,0,0
2026-09-03 13:50:00,117.7,45,83,43.9,0,0,0
2026-09-03 13:55:00,120.2,41,83,43.5,0,0,0
2026-09-03 14:00:00,118.9,18,80,44.1,0,0,0
2026-09-03 14:05:00,118.2,38,82,43.3,0,0,0
2026-09-03 14:10:00,116.3,479,106,46.3,0,0,0
2026-09-03 14:15:00,113.9,501,111,45.8,0,0,0
2026-09-03 14:20:00,110.4,445,105,44.5,0,0,0
2026-09-03 14:25:00,110.2,443,108,48.1,0,0,0
2026-09-03 14:30:00,112.9,103,88,45.4,0,0,0
2026-09-03 14:35:00,113.5,91,86,45.1,0,0,0
2026-09-03 14:40:00,112.0,39,83,43.2,0,0,0
2026-09-03 14:45:00,112.7,31,83,42.5,0,0,0
2026-09-03 14:50:00,110.6,63,82,48.1,0,0,0
2026-09-03 14:55:00,109.1,35,80,40.4,0,0,0
2026-09-03 15:00:00,112.1,21,77,49.9,0,0,0
2026-09-03 15:05:00,111.7,85,84,47.1,0,0,0
2026-09-03 15:10:00,113.9,38,81,46.2,0,0,0
2026-09-03 15:15:00,115.9,35,78,45.7,0,0,0
2026-09-03 15:20:00,115.7,33,79,46.0,0,0,0
2026-09-03 15:25:00,113.3,13,79,44.2,0,0,0
2026-09-03 15:30:00,113.6,102,85,46.3,0,0,0
2026-09-03 15:35:00,110.4,70,84,43.6,0,0,0
2026-09-03 15:40:00,110.0,34,83,46.1,0,0,0
2026-09-03 15:45:00,109.2,25,78,47.0,0,0,0
2026-09-03 15:50:00,108.0,64,82,44.3,0,0,0
2026-09-03 15:55:00,107.5,57,84,43.4,0,0,0
2026-09-03 16:00:00,109.3,92,81,44.7,0,0,0
2026-09-03 16:05:00,105.7,39,80,43.2,0,0,0
2026-09-03 16:10:00,104.0,30,79,46.3,0,0,0
2026-09-03 16:15:00,98.8,48,80,43.8,0,0,0
2026-09-03 16:20:00,101.3,56,84,44.2,0,0,0
2026-09-03 16:25:00,99.8,53,80,47.4,0,0,0
2026-09-03 16:30:00,102.5,60,85,46.4,0,0,0
2026-09-03 16:35:00,99.5,386,106,45.6,0,21,50
2026-09-03 16:40:00,99.6,396,105,45.5,0,0,0
2026-09-03 16:45:00,100.0,65,85,46.8,0,0,0
2026-09-03 16:50:00,98.8,569,116,45.8,0,0,0
2026-09-03 16:55:00,102.8,609,116,45.0,0,0,0
2026-09-03 17:00:00,106.1,34,86,44.4,0,0,0
2026-09-03 17:05:00,108.1,57,83,45.5,0,0,0
2026-09-03 17:10:00,109.8,46,82,44.7,0,0,0
2026-09-03 17:15:00,109.3,35,83,41.7,0,0,0
2026-09-03 17:20:00,108.4,26,80,44.5,0,0,0
2026-09-03 17:25:00,106.8,36,83,47.2,0,0,0
2026-09-03 17:30:00,107.2,120,85,47.7,0,0,0
2026-09-03 17:35:00,106.2,62,80,44.7,0,0,0
2026-09-03 17:40:00,105.6,64,81,43.3,0,0,0
2026-09-03 17:45:00,104.2,48,84,47.3,0,0,0
2026-09-03 17:50:00,103.9,40,84,45.3,0,0,0
2026-09-03 17:55:00,104.6,30,80,45.3,0,0,0
2026-09-03 18:00:00,103.1,51,88,48.0,0,0,0
2026-09-03 18:05:00,103.5,42,84,51.2,0,0,0
2026-09-03 18:10:00,104.7,29,82,43.5,0,0,0
2026-09-03 18:15:00,102.6,69,82,45.4,0,0,0
2026-09-03 18:20:00,102.7,37,78,44.4,0,0,0
2026-09-03 18:25:00,99.3,25,82,42.9,0,0,0
2026-09-03 18:30:00,99.5,44,79,43.6,0,0,0
2026-09-03 18:35:00,98.2,73,84,43.8,0,0,0
2026-09-03 18:40:00,96.4,81,86,43.8,0,0,0
2026-09-03 18:45:00,99.5,47,84,45.6,0,0,0
2026-09-03 18:50:00,99.8,52,84,45.0,0,0,0
2026-09-03 18:55:00,101.1,49,85,46.8,0,0,0
2026-09-03 19:00:00,100.6,54,79,50.4,0,0,0
2026-09-03 19:05:00,99.9,34,80,42.5,0,0,0
2026-09-03 19:10:00,101.7,34,81,41.2,0,0,0
2026-09-03 19:15:00,100.5,52,82,45.8,0,0,0
2026-09-03 19:20:00,99.9,27,80,44.7,0,0,0
2026-09-03 19:25:00,101.2,46,82,47.6,0,0,0
2026-09-03 19:30:00,101.6,36,80,43.7,0,0,0
2026-09-03 19:35:00,99.6,30,80,47.1,0,0,0
2026-09-03 19:40:00,95.9,68,82,47.5,0,0,0
2026-09-03 19:45:00,91.9,56,80,39.8,0,0,0
2026-09-03 19:50:00,93.4,93,86,43.8,0,0,0
2026-09-03 19:55:00,92.7,54,82,45.1,0,0,0
2026-09-03 20:00:00,94.1,25,81,44.3,0,0,0
2026-09-03 20:05:00,95.6,28,84,46.4,0,0,0
2026-09-03 20:10:00,94.2,27,81,44.5,0,0,0
2026-09-03 20:15:00,97.6,51,81,47.0,0,0,0
2026-09-03 20:20:00,100.2,33,80,43.6,0,0,0
2026-09-03 20:25:00,101.8,39,81,44.4,0,0,0
2026-09-03 20:30:00,98.2,26,78,45.1,0,0,0
2026-09-03 20:35:00,97.3,59,79,46.7,0,0,0
2026-09-03 20:40:00,97.5,90,83,43.1,0,0,0
2026-09-03 20:45:00,98.8,31,77,46.2,0,0,0
2026-09-03 20:50:00,99.2,17,81,45.4,0,0,0
2026-09-03 20:55:00,96.8,53,84,46.4,0,0,0
2026-09-03 21:00:00,94.6,72,79,42.0,0,0,0
2026-09-03 21:05:00,93.6,48,84,44.5,0,0,0
2026-09-03 21:10:00,94.3,54,83,45.9,0,0,0
2026-09-03 21:15:00,99.0,38,78,45.6,0,0,0
2026-09-03 21:20:00,99.7,53,83,45.8,0,0,0
2026-09-03 21:25:00,99.5,71,84,47.6,0,47,50
2026-09-03 21:30:00,100.4,30,83,45.0,0,0,0
2026-09-03 21:35:00,102.9,22,83,44.0,0,0,0
2026-09-03 21:40:00,105.6,587,115,46.2,0,0,0
2026-09-03 21:45:00,104.4,566,117,43.7,0,0,0
2026-09-03 21:50:00,105.4,39,87,45.5,0,0,0
2026-09-03 21:55:00,108.4,36,80,47.0,0,0,0
2026-09-03 22:00:00,110.3,49,82,43.4,0,0,0
2026-09-03 22:05:00,106.7,38,82,39.7,0,0,0
2026-09-03 22:10:00,107.1,44,81,43.0,0,0,0
2026-09-03 22:15:00,111.7,33,80,46.8,0,0,0
2026-09-03 22:20:00,109.5,47,83,50.5,0,0,0
2026-09-03 22:25:00,111.1,30,82,44.1,0,0,0
2026-09-03 22:30:00,109.9,28,82,43.8,0,0,0
2026-09-03 22:35:00,110.7,34,79,45.1,0,0,0
2026-09-03 22:40:00,109.6,0,72,74.0,1,0,0
2026-09-03 22:45:00,108.3,0,71,70.6,1,0,0
2026-09-03 22:50:00,105.1,0,73,72.5,1,0,0
2026-09-03 22:55:00,104.1,0,68,74.6,1,0,0
2026-09-03 23:00:00,101.4,0,69,74.5,1,0,0
2026-09-03 23:05:00,105.1,0,71,68.0,1,0,0
2026-09-03 23:10:00,109.1,1,73,73.9,1,0,0
2026-09-03 23:15:00,109.2,1,71,72.4,1,0,0
2026-09-03 23:20:00,108.4,0,76,69.3,1,0,0
2026-09-03 23:25:00,110.6,1,74,73.7,1,0,0
2026-09-03 23:30:00,110.4,0,70,72.4,1,0,0
2026-09-03 23:35:00,109.4,1,70,74.2,1,0,0
2026-09-03 23:40:00,104.2,0,71,74.2,1,0,0
2026-09-03 23:45:00,100.7,0,74,73.4,1,0,0
2026-09-03 23:50:00,102.0,0,69,69.5,1,0,0
2026-09-03 23:55:00,103.1,0,69,74.4,1,0,0
2026-09-04 00:00:00,104.2,0,71,73.6,1,0,0
2026-09-04 00:05:00,101.6,0,71,71.8,1,0,0
2026-09-04 00:10:00,98.6,0,70,70.6,1,0,0
2026-09-04 00:15:00,99.6,0,71,70.6,1,0,0
2026-09-04 00:20:00,102.9,0,70,74.8,1,0,0
2026-09-04 00:25:00,105.7,0,74,72.5,1,0,0
2026-09-04 00:30:00,106.5,1,71,73.8,1,0,0
2026-09-04 00:35:00,106.8,0,69,75.3,1,0,0
2026-09-04 00:40:00,107.0,1,70,73.7,1,0,0
2026-09-04 00:45:00,106.1,1,72,76.3,1,0,0
2026-09-04 00:50:00,103.5,0,72,68.8,1,0,0
2026-09-04 00:55:00,104.3,0,69,74.4,1,0,0
2026-09-04 01:00:00,103.9,0,69,74.6,1,0,0
2026-09-04 01:05:00,105.2,0,68,72.1,1,0,0
2026-09-04 01:10:00,102.6,1,74,71.6,1,0,0
2026-09-04 01:15:00,103.6,1,69,72.5,1,0,0
2026-09-04 01:20:00,102.9,0,72,76.0,1,0,0
2026-09-04 01:25:00,101.3,0,68,74.3,1,0,0
2026-09-04 01:30:00,99.0,0,68,74.8,1,0,0
2026-09-04 01:35:00,97.9,0,69,74.9,1,0,0
2026-09-04 01:40:00,92.7,1,72,69.3,1,0,0
2026-09-04 01:45:00,93.2,0,71,74.4,1,0,0
2026-09-04 01:50:00,94.7,1,71,73.6,1,0,0
2026-09-04 01:55:00,97.0,0,70,72.9,1,0,0
2026-09-04 02:00:00,99.1,1,68,72.0,1,0,0
2026-09-04 02:05:00,101.0,0,70,75.2,1,0,0
2026-09-04 02:10:00,105.2,0,72,74.2,1,0,0
2026-09-04 02:15:00,104.5,0,72,74.7,1,0,0
2026-09-04 02:20:00,105.2,1,71,73.5,1,0,0
2026-09-04 02:25:00,104.9,0,68,75.1,1,0,0
2026-09-04 02:30:00,103.1,0,71,69.5,1,0,0
2026-09-04 02:35:00,104.3,1,72,73.2,1,0,0
2026-09-04 02:40:00,103.1,0,72,73.1,1,0,0
2026-09-04 02:45:00,98.3,0,70,72.0,1,0,0
2026-09-04 02:50:00,97.8,0,72,70.3,1,0,0
2026-09-04 02:55:00,100.4,3,68,71.8,1,0,0
2026-09-04 03:00:00,99.8,0,72,73.0,1,0,0
2026-09-04 03:05:00,98.2,0,68,72.1,1,0,0
2026-09-04 03:10:00,101.0,0,68,72.7,1,0,0
2026-09-04 03:15:00,101.6,1,71,73.4,1,0,0
2026-09-04 03:20:00,102.4,0,76,72.8,1,0,0
2026-09-04 03:25:00,99.7,1,70,74.3,1,0,0
2026-09-04 03:30:00,98.5,1,73,74.6,1,0,0
2026-09-04 03:35:00,98.3,0,71,76.5,1,0,0
2026-09-04 03:40:00,96.6,0,71,70.0,1,0,0
2026-09-04 03:45:00,99.4,1,65,73.2,1,0,0
2026-09-04 03:50:00,100.5,0,69,73.3,1,0,0
2026-09-04 03:55:00,97.2,0,73,74.4,1,0,0
2026-09-04 04:00:00,94.3,0,72,71.1,1,0,0
2026-09-04 04:05:00,97.6,1,70,73.2,1,0,0
2026-09-04 04:10:00,100.5,0,68,72.0,1,0,0
2026-09-04 04:15:00,98.6,0,69,77.9,1,0,0
2026-09-04 04:20:00,98.2,0,69,72.6,1,0,0
2026-09-04 04:25:00,94.9,0,73,72.8,1,0,0
2026-09-04 04:30:00,97.9,1,72,71.8,1,0,0
2026-09-04 04:35:00,98.8,0,72,70.7,1,0,0
2026-09-04 04:40:00,95.0,0,70,73.4,1,0,0
2026-09-04 04:45:00,98.2,0,72,73.0,1,0,0
2026-09-04 04:50:00,99.0,0,70,73.6,1,0,0
2026-09-04 04:55:00,98.5,0,69,72.3,1,0,0
2026-09-04 05:00:00,100.1,0,69,75.0,1,0,0
2026-09-04 05:05:00,98.4,1,70,74.5,1,0,0
2026-09-04 05:10:00,101.8,0,69,74.8,1,0,0
2026-09-04 05:15:00,102.8,0,74,73.3,1,0,0
2026-09-04 05:20:00,105.7,0,72,76.9,1,0,0
2026-09-04 05:25:00,106.0,0,69,71.5,1,0,0
2026-09-04 05:30:00,105.8,1,72,75.7,1,0,0
2026-09-04 05:35:00,105.4,0,72,76.1,1,0,0
2026-09-04 05:40:00,110.5,0,72,74.9,1,0,0
2026-09-04 05:45:00,109.3,0,75,74.0,1,0,0
2026-09-04 05:50:00,110.8,0,69,71.5,1,0,0
2026-09-04 05:55:00,110.6,0,71,74.9,1,0,0
2026-09-04 06:00:00,113.0,2,68,73.5,1,0,0
2026-09-04 06:05:00,111.1,0,68,73.8,1,0,0
2026-09-04 06:10:00,109.1,0,70,71.7,1,0,0
2026-09-04 06:15:00,108.3,0,71,75.0,1,0,0
2026-09-04 06:20:00,108.6,1,69,72.8,1,0,0
2026-09-04 06:25:00,106.5,1,72,71.1,1,0,0
2026-09-04 06:30:00,107.2,0,74,72.0,1,0,0
2026-09-04 06:35:00,106.6,77,82,43.5,0,0,0
2026-09-04 06:40:00,107.7,17,81,44.0,0,0,0
2026-09-04 06:45:00,106.0,77,84,44.0,0,0,0
2026-09-04 06:50:00,106.3,35,85,43.5,0,0,0
2026-09-04 06:55:00,102.1,58,83,42.8,0,0,0
2026-09-04 07:00:00,100.9,55,81,44.3,0,0,0
2026-09-04 07:05:00,103.1,34,83,47.7,0,0,0
2026-09-04 07:10:00,100.9,21,81,43.2,0,0,0
2026-09-04 07:15:00,101.8,40,79,45.8,0,0,0
2026-09-04 07:20:00,103.0,41,85,40.6,0,0,0
2026-09-04 07:25:00,102.2,47,84,46.0,0,0,0
2026-09-04 07:30:00,99.7,52,78,43.1,0,0,0
2026-09-04 07:35:00,98.3,59,79,45.1,0,0,0
2026-09-04 07:40:00,101.1,33,83,47.9,0,0,0
2026-09-04 07:45:00,102.0,36,81,45.1,0,0,0
2026-09-04 07:50:00,101.8,52,80,43.7,0,0,0
2026-09-04 07:55:00,97.7,83,86,41.7,0,0,0
2026-09-04 08:00:00,96.3,49,81,45.4,0,0,0
2026-09-04 08:05:00,92.6,34,83,47.5,0,0,0
2026-09-04 08:10:00,90.9,53,86,47.6,0,41,70
2026-09-04 08:15:00,98.2,31,83,43.5,0,0,0
2026-09-04 08:20:00,104.2,64,83,45.0,0,0,0
2026-09-04 08:25:00,105.0,74,85,42.3,0,0,0
2026-09-04 08:30:00,106.1,45,81,46.5,0,0,0
2026-09-04 08:35:00,110.0,33,85,49.3,0,0,0
2026-09-04 08:40:00,110.8,39,81,48.4,0,0,0
2026-09-04 08:45:00,113.0,59,83,44.2,0,0,0
2026-09-04 08:50:00,116.1,37,83,44.2,0,0,0
2026-09-04 08:55:00,116.2,26,81,43.8,0,0,0
2026-09-04 09:00:00,117.9,61,83,40.9,0,0,0
2026-09-04 09:05:00,119.1,41,78,41.5,0,0,0
2026-09-04 09:10:00,116.6,33,82,47.1,0,0,0
2026-09-04 09:15:00,114.2,37,86,44.2,0,0,0
2026-09-04 09:20:00,113.1,50,82,46.5,0,0,0
2026-09-04 09:25:00,111.0,25,78,44.5,0,0,0
2026-09-04 09:30:00,110.2,106,90,47.0,0,0,0
2026-09-04 09:35:00,109.1,53,80,44.3,0,0,0
2026-09-04 09:40:00,107.7,29,83,45.7,0,0,0
2026-09-04 09:45:00,109.4,17,80,43.7,0,0,0
2026-09-04 09:50:00,108.2,49,81,46.2,0,0,0
2026-09-04 09:55:00,111.4,63,81,44.0,0,0,0
2026-09-04 10:00:00,108.7,36,83,50.4,0,0,0
2026-09-04 10:05:00,107.2,16,77,46.5,0,0,0
2026-09-04 10:10:00,106.3,22,79,45.4,0,0,0
2026-09-04 10:15:00,106.8,25,80,42.4,0,0,0
2026-09-04 10:20:00,109.4,41,85,45.6,0,0,0
2026-09-04 10:25:00,110.9,124,89,44.8,0,0,0
2026-09-04 10:30:00,109.4,30,82,43.5,0,0,0
2026-09-04 10:35:00,106.7,73,79,46.4,0,0,0
2026-09-04 10:40:00,102.8,93,82,46.4,0,0,0
2026-09-04 10:45:00,100.1,65,83,47.5,0,0,0
2026-09-04 10:50:00,101.5,71,84,43.1,0,0,0
2026-09-04 10:55:00,100.8,49,82,45.8,0,0,0
2026-09-04 11:00:00,102.5,24,83,47.6,0,0,0
2026-09-04 11:05:00,104.6,41,83,45.8,0,0,0
2026-09-04 11:10:00,99.9,47,82,45.4,0,0,0
2026-09-04 11:15:00,101.9,35,84,44.2,0,0,0
2026-09-04 11:20:00,101.9,32,84,45.8,0,0,0
2026-09-04 11:25:00,101.0,35,82,48.6,0,0,0
2026-09-04 11:30:00,104.8,69,82,46.6,0,0,0
2026-09-04 11:35:00,102.4,28,81,46.2,0,0,0
2026-09-04 11:40:00,103.2,65,87,41.6,0,0,0
2026-09-04 11:45:00,104.8,52,81,45.3,0,0,0
2026-09-04 11:50:00,101.3,37,84,47.5,0,0,0
2026-09-04 11:55:00,103.1,37,84,45.8,0,0,0
2026-09-04 12:00:00,104.6,120,91,42.1,0,0,0
2026-09-04 12:05:00,103.7,41,84,44.5,0,0,0
2026-09-04 12:10:00,102.5,44,77,48.1,0,0,0
2026-09-04 12:15:00,100.8,22,79,44.8,0,0,0
2026-09-04 12:20:00,100.6,37,82,46.1,0,0,0
2026-09-04 12:25:00,101.6,29,81,47.4,0,0,0
2026-09-04 12:30:00,100.5,48,79,46.3,0,0,0
2026-09-04 12:35:00,103.1,64,82,43.6,0,0,0
2026-09-04 12:40:00,103.2,65,81,41.9,0,0,0
2026-09-04 12:45:00,104.0,45,78,46.0,0,0,0
2026-09-04 12:50:00,105.3,28,79,43.3,0,0,0
2026-09-04 12:55:00,107.9,45,82,48.2,0,0,0
2026-09-04 13:00:00,107.8,43,76,42.6,0,0,0
2026-09-04 13:05:00,108.1,131,86,45.6,0,0,0
2026-09-04 13:10:00,107.6,49,83,44.2,0,57,55
2026-09-04 13:15:00,110.0,35,86,44.0,0,0,0
2026-09-04 13:20:00,113.1,35,85,44.1,0,0,0
2026-09-04 13:25:00,115.6,553,116,42.9,0,0,0
2026-09-04 13:30:00,114.1,493,115,43.3,0,0,0
2026-09-04 13:35:00,114.7,100,88,40.8,0,0,0
2026-09-04 13:40:00,115.9,56,79,45.5,0,0,0
2026-09-04 13:45:00,114.0,62,77,40.9,0,0,0
2026-09-04 13:50:00,112.1,36,84,47.3,0,0,0
2026-09-04 13:55:00,113.1,50,83,44.1,0,0,0
2026-09-04 14:00:00,113.8,17,82,49.3,0,0,0
2026-09-04 14:05:00,109.5,60,83,44.1,0,0,0
2026-09-04 14:10:00,109.8,45,81,50.9,0,0,0
2026-09-04 14:15:00,109.2,40,82,45.8,0,0,0
2026-09-04 14:20:00,110.0,31,82,47.8,0,0,0
2026-09-04 14:25:00,110.2,37,80,45.3,0,0,0
2026-09-04 14:30:00,110.2,21,82,43.7,0,0,0
2026-09-04 14:35:00,109.1,20,79,43.2,0,0,0
2026-09-04 14:40:00,110.1,42,84,45.7,0,0,0
2026-09-04 14:45:00,107.6,79,85,43.2,0,0,0
2026-09-04 14:50:00,106.3,60,83,45.0,0,0,0
2026-09-04 14:55:00,103.4,113,86,45.9,0,0,0
2026-09-04 15:00:00,103.2,57,85,44.8,0,0,0
2026-09-04 15:05:00,101.0,20,80,43.5,0,0,0
2026-09-04 15:10:00,102.4,110,85,44.7,0,0,0
2026-09-04 15:15:00,107.9,42,80,45.1,0,0,0
2026-09-04 15:20:00,106.2,18,79,45.3,0,0,0
2026-09-04 15:25:00,105.1,57,84,47.9,0,0,0
2026-09-04 15:30:00,106.1,49,80,44.0,0,0,0
2026-09-04 15:35:00,110.1,509,109,40.8,0,0,0
2026-09-04 15:40:00,109.4,525,108,44.3,0,0,0
2026-09-04 15:45:00,111.1,519,109,47.5,0,0,0
2026-09-04 15:50:00,110.0,554,113,44.2,0,0,0
2026-09-04 15:55:00,109.8,50,82,42.9,0,0,0
2026-09-04 16:00:00,108.2,55,84,47.7,0,0,0
2026-09-04 16:05:00,106.5,88,83,44.2,0,0,0
2026-09-04 16:10:00,105.7,29,82,47.2,0,0,0
2026-09-04 16:15:00,104.7,51,84,47.1,0,0,0
2026-09-04 16:20:00,103.9,33,82,45.6,0,0,0
2026-09-04 16:25:00,107.3,35,79,47.5,0,0,0
2026-09-04 16:30:00,109.6,35,78,47.0,0,0,0
2026-09-04 16:35:00,109.7,22,81,44.7,0,0,0
2026-09-04 16:40:00,109.7,23,82,47.2,0,0,0
2026-09-04 16:45:00,107.2,73,82,45.7,0,0,0
2026-09-04 16:50:00,104.6,23,83,45.3,0,0,0
2026-09-04 16:55:00,103.7,46,86,44.9,0,32,60
2026-09-04 17:00:00,101.1,17,81,43.2,0,0,0
2026-09-04 17:05:00,103.2,47,85,44.7,0,0,0
2026-09-04 17:10:00,99.3,503,113,43.5,0,0,0
2026-09-04 17:15:00,99.5,888,138,44.3,0,0,0
2026-09-04 17:20:00,97.0,410,107,45.2,0,0,0
2026-09-04 17:25:00,97.3,62,85,48.5,0,0,0
2026-09-04 17:30:00,100.3,27,78,43.9,0,0,0
2026-09-04 17:35:00,96.1,48,81,44.0,0,0,0
2026-09-04 17:40:00,97.1,136,86,43.5,0,0,0
2026-09-04 17:45:00,96.1,55,81,46.2,0,0,0
2026-09-04 17:50:00,95.6,26,84,45.2,0,0,0
2026-09-04 17:55:00,94.2,47,80,42.9,0,0,0
2026-09-04 18:00:00,95.4,63,83,46.9,0,0,0
2026-09-04 18:05:00,98.9,33,81,41.8,0,0,0
2026-09-04 18:10:00,100.5,18,77,45.3,0,0,0
2026-09-04 18:15:00,101.1,27,82,39.1,0,0,0
2026-09-04 18:20:00,97.6,31,81,46.2,0,0,0
2026-09-04 18:25:00,99.5,52,82,42.7,0,0,0
2026-09-04 18:30:00,100.8,47,84,43.3,0,0,0
2026-09-04 18:35:00,102.3,53,81,46.9,0,0,0
2026-09-04 18:40:00,102.0,63,80,46.1,0,0,0
2026-09-04 18:45:00,102.8,78,85,44.1,0,0,0
2026-09-04 18:50:00,97.0,82,87,47.0,0,0,0
2026-09-04 18:55:00,96.2,41,84,45.5,0,0,0
2026-09-04 19:00:00,97.5,72,82,46.0,0,0,0
2026-09-04 19:05:00,98.2,31,82,43.4,0,0,0
2026-09-04 19:10:00,98.8,48,81,45.1,0,0,0
2026-09-04 19:15:00,98.2,45,84,47.3,0,0,0
2026-09-04 19:20:00,99.9,29,80,47.5,0,0,0
2026-09-04 19:25:00,98.4,31,80,43.5,0,0,0
2026-09-04 19:30:00,100.6,44,77,45.8,0,0,0
2026-09-04 19:35:00,99.1,94,87,43.6,0,0,0
2026-09-04 19:40:00,98.2,27,82,47.0,0,0,0
2026-09-04 19:45:00,99.3,40,83,43.1,0,0,0
2026-09-04 19:50:00,101.4,41,82,42.7,0,0,0
2026-09-04 19:55:00,103.8,42,81,47.4,0,0,0
2026-09-04 20:00:00,103.4,53,83,47.1,0,0,0
2026-09-04 20:05:00,103.0,42,83,49.5,0,0,0
2026-09-04 20:10:00,102.5,43,82,44.2,0,0,0
2026-09-04 20:15:00,100.2,24,80,47.8,0,0,0
2026-09-04 20:20:00,99.7,68,85,43.4,0,0,0
2026-09-04 20:25:00,98.6,26,81,45.8,0,0,0
2026-09-04 20:30:00,95.1,60,81,44.2,0,0,0
2026-09-04 20:35:00,94.0,42,84,43.9,0,0,0
2026-09-04 20:40:00,95.7,46,79,46.3,0,0,0
2026-09-04 20:45:00,98.8,45,81,44.5,0,0,0
2026-09-04 20:50:00,101.2,45,81,42.5,0,0,0
2026-09-04 20:55:00,100.2,36,80,42.9,0,0,0
2026-09-04 21:00:00,102.8,70,84,47.2,0,0,0
2026-09-04 21:05:00,103.8,19,85,45.7,0,52,50
2026-09-04 21:10:00,105.1,47,84,39.5,0,0,0
2026-09-04 21:15:00,107.3,33,85,48.4,0,0,0
2026-09-04 21:20:00,108.8,36,84,47.4,0,0,0
2026-09-04 21:25:00,110.4,62,89,47.0,0,0,0
2026-09-04 21:30:00,114.4,47,82,45.0,0,0,0
2026-09-04 21:35:00,114.2,31,82,43.6,0,0,0
2026-09-04 21:40:00,114.0,53,83,44.5,0,0,0
2026-09-04 21:45:00,111.7,50,83,47.5,0,0,0
2026-09-04 21:50:00,109.4,0,75,74.6,1,0,0
2026-09-04 21:55:00,112.1,0,69,73.6,1,0,0
2026-09-04 22:00:00,108.3,0,71,72.4,1,0,0
2026-09-04 22:05:00,107.9,0,70,72.4,1,0,0
2026-09-04 22:10:00,109.0,0,70,74.4,1,0,0
2026-09-04 22:15:00,106.9,0,73,76.2,1,0,0
2026-09-04 22:20:00,105.4,0,70,71.8,1,0,0
2026-09-04 22:25:00,105.3,0,67,74.7,1,0,0
2026-09-04 22:30:00,105.9,0,70,68.2,1,0,0
2026-09-04 22:35:00,104.9,0,69,73.2,1,0,0
2026-09-04 22:40:00,105.7,0,72,75.9,1,0,0
2026-09-04 22:45:00,107.8,0,71,73.9,1,0,0
2026-09-04 22:50:00,109.6,1,68,73.0,1,0,0
2026-09-04 22:55:00,108.8,0,68,71.4,1,0,0
2026-09-04 23:00:00,107.8,0,68,73.0,1,0,0
2026-09-04 23:05:00,109.6,0,69,71.9,1,0,0
2026-09-04 23:10:00,107.8,1,67,74.7,1,0,0
2026-09-04 23:15:00,110.1,0,69,73.9,1,0,0
2026-09-04 23:20:00,103.0,0,68,73.7,1,0,0
2026-09-04 23:25:00,103.1,2,72,73.2,1,0,0
2026-09-04 23:30:00,103.4,0,71,69.7,1,0,0
2026-09-04 23:35:00,103.2,0,73,73.4,1,0,0
2026-09-04 23:40:00,104.7,0,71,69.4,1,0,0
2026-09-04 23:45:00,103.2,0,70,73.8,1,0,0
2026-09-04 23:50:00,103.5,0,72,77.7,1,0,0
2026-09-04 23:55:00,104.0,1,73,76.4,1,0,0
2026-09-05 00:00:00,102.7,0,68,72.5,1,0,0
2026-09-05 00:05:00,102.3,0,68,70.4,1,0,0
2026-09-05 00:10:00,101.0,0,68,74.5,1,0,0
2026-09-05 00:15:00,100.4,0,71,73.5,1,0,0
2026-09-05 00:20:00,99.3,0,69,73.9,1,0,0
2026-09-05 00:25:00,97.4,2,71,72.1,1,0,0
2026-09-05 00:30:00,96.8,1,73,74.8,1,0,0
2026-09-05 00:35:00,96.3,0,74,72.5,1,0,0
2026-09-05 00:40:00,94.9,0,67,75.9,1,0,0
2026-09-05 00:45:00,98.3,0,70,70.4,1,0,0
2026-09-05 00:50:00,98.3,1,75,75.7,1,0,0
2026-09-05 00:55:00,99.0,1,74,75.6,1,0,0
2026-09-05 01:00:00,101.1,0,74,72.6,1,0,0
2026-09-05 01:05:00,102.8,0,70,74.5,1,0,0
2026-09-05 01:10:00,99.2,1,75,73.5,1,0,0
2026-09-05 01:15:00,100.4,0,66,71.1,1,0,0
2026-09-05 01:20:00,100.6,0,68,74.9,1,0,0
2026-09-05 01:25:00,96.3,0,70,74.4,1,0,0
2026-09-05 01:30:00,95.0,0,69,70.1,1,0,0
2026-09-05 01:35:00,94.0,0,72,73.9,1,0,0
2026-09-05 01:40:00,92.5,0,72,75.3,1,0,0
2026-09-05 01:45:00,92.1,1,74,73.7,1,0,0
2026-09-05 01:50:00,95.1,1,72,74.9,1,0,0
2026-09-05 01:55:00,96.5,0,70,71.8,1,0,0
2026-09-05 02:00:00,96.5,0,70,75.4,1,0,0
2026-09-05 02:05:00,95.0,0,74,70.3,1,0,0
2026-09-05 02:10:00,96.7,1,70,73.0,1,0,0
2026-09-05 02:15:00,97.3,0,74,72.9,1,0,0
2026-09-05 02:20:00,96.5,1,70,72.3,1,0,0
2026-09-05 02:25:00,97.3,3,73,72.6,1,0,0
2026-09-05 02:30:00,97.9,0,73,73.3,1,0,0
2026-09-05 02:35:00,98.9,0,75,77.5,1,0,0
2026-09-05 02:40:00,97.9,0,72,73.2,1,0,0
2026-09-05 02:45:00,101.1,0,71,75.8,1,0,0
2026-09-05 02:50:00,103.1,0,74,73.0,1,0,0
2026-09-05 02:55:00,102.9,0,69,75.7,1,0,0
2026-09-05 03:00:00,103.3,0,72,75.5,1,0,0
2026-09-05 03:05:00,100.1,1,70,76.0,1,0,0
2026-09-05 03:10:00,100.4,0,75,78.2,1,0,0
2026-09-05 03:15:00,98.5,1,71,78.2,1,0,0
2026-09-05 03:20:00,99.4,0,74,73.1,1,0,0
2026-09-05 03:25:00,101.3,2,71,76.6,1,0,0
2026-09-05 03:30:00,102.6,0,70,70.8,1,0,0
2026-09-05 03:35:00,97.9,0,68,77.1,1,0,0
2026-09-05 03:40:00,95.9,0,67,71.7,1,0,0
2026-09-05 03:45:00,100.3,0,69,74.0,1,0,0
2026-09-05 03:50:00,100.8,0,70,72.4,1,0,0
2026-09-05 03:55:00,99.3,0,69,73.4,1,0,0
2026-09-05 04:00:00,100.5,0,69,73.6,1,0,0
2026-09-05 04:05:00,102.0,0,74,75.5,1,0,0
2026-09-05 04:10:00,104.0,0,69,74.0,1,0,0
2026-09-05 04:15:00,103.1,0,72,77.0,1,0,0
2026-09-05 04:20:00,105.0,0,69,72.9,1,0,0
2026-09-05 04:25:00,105.5,0,69,72.9,1,0,0
2026-09-05 04:30:00,106.9,0,73,73.5,1,0,0
2026-09-05 04:35:00,101.7,0,73,72.9,1,0,0
2026-09-05 04:40:00,101.0,0,72,74.0,1,0,0
2026-09-05 04:45:00,102.4,0,67,74.5,1,0,0
2026-09-05 04:50:00,104.9,1,71,74.3,1,0,0
2026-09-05 04:55:00,105.3,1,73,74.4,1,0,0
2026-09-05 05:00:00,105.4,1,72,72.4,1,0,0
2026-09-05 05:05:00,108.9,1,71,73.0,1,0,0
2026-09-05 05:10:00,107.6,0,69,70.0,1,0,0
2026-09-05 05:15:00,107.0,1,70,74.4,1,0,0
2026-09-05 05:20:00,105.9,1,73,74.9,1,0,0
2026-09-05 05:25:00,107.0,0,70,75.1,1,0,0
2026-09-05 05:30:00,107.3,0,70,76.3,1,0,0
2026-09-05 05:35:00,109.4,1,73,75.5,1,0,0
2026-09-05 05:40:00,112.4,1,70,76.4,1,0,0
2026-09-05 05:45:00,112.8,0,71,74.2,1,0,0
2026-09-05 05:50:00,114.3,1,72,72.5,1,0,0
2026-09-05 05:55:00,110.7,0,72,73.0,1,0,0
2026-09-05 06:00:00,108.4,0,71,73.0,1,0,0
2026-09-05 06:05:00,108.1,0,72,71.7,1,0,0
2026-09-05 06:10:00,108.4,0,70,74.4,1,0,0
2026-09-05 06:15:00,107.5,1,69,71.5,1,0,0
2026-09-05 06:20:00,105.9,0,69,73.9,1,0,0
2026-09-05 06:25:00,107.7,46,83,42.4,0,0,0
2026-09-05 06:30:00,103.8,61,82,47.2,0,0,0
2026-09-05 06:35:00,106.4,73,84,45.0,0,0,0
2026-09-05 06:40:00,104.2,50,81,42.6,0,0,0
2026-09-05 06:45:00,102.1,46,83,43.9,0,0,0
2026-09-05 06:50:00,103.1,63,84,46.9,0,0,0
2026-09-05 06:55:00,104.5,72,83,46.8,0,0,0
2026-09-05 07:00:00,108.2,25,80,48.8,0,0,0
2026-09-05 07:05:00,105.5,51,82,46.3,0,0,0
2026-09-05 07:10:00,107.4,37,82,44.6,0,0,0
2026-09-05 07:15:00,109.7,24,80,44.2,0,0,0
2026-09-05 07:20:00,107.5,27,80,44.8,0,0,0
2026-09-05 07:25:00,107.9,68,88,45.5,0,0,0
2026-09-05 07:30:00,108.3,44,79,45.8,0,0,0
2026-09-05 07:35:00,109.9,45,84,45.4,0,0,0
2026-09-05 07:40:00,105.9,41,80,44.7,0,0,0
2026-09-05 07:45:00,103.8,82,85,44.7,0,0,0
2026-09-05 07:50:00,105.0,31,81,43.8,0,0,0
2026-09-05 07:55:00,103.0,29,81,39.0,0,29,55
2026-09-05 08:00:00,107.5,31,87,44.4,0,0,0
2026-09-05 08:05:00,107.1,69,88,45.7,0,0,0
2026-09-05 08:10:00,110.5,47,84,47.2,0,0,0
2026-09-05 08:15:00,111.5,38,82,45.8,0,0,0
2026-09-05 08:20:00,112.9,28,84,45.5,0,0,0
2026-09-05 08:25:00,113.1,39,82,44.7,0,0,0
2026-09-05 08:30:00,113.4,79,81,46.8,0,0,0
2026-09-05 08:35:00,112.4,21,81,43.1,0,0,0
2026-09-05 08:40:00,112.0,44,81,46.3,0,0,0
2026-09-05 08:45:00,111.5,50,81,47.1,0,0,0
2026-09-05 08:50:00,110.8,24,83,43.7,0,0,0
2026-09-05 08:55:00,113.0,93,83,47.3,0,0,0
2026-09-05 09:00:00,109.5,47,82,43.6,0,0,0
2026-09-05 09:05:00,104.8,40,82,44.8,0,0,0
2026-09-05 09:10:00,102.4,51,83,41.4,0,0,0
2026-09-05 09:15:00,100.4,29,80,43.6,0,0,0
2026-09-05 09:20:00,104.7,424,106,41.8,0,0,0
2026-09-05 09:25:00,104.8,398,100,45.9,0,0,0
2026-09-05 09:30:00,104.8,407,102,46.7,0,0,0
2026-09-05 09:35:00,104.5,61,84,47.0,0,0,0
2026-09-05 09:40:00,103.1,27,80,48.3,0,0,0
2026-09-05 09:45:00,103.9,30,79,44.5,0,0,0
2026-09-05 09:50:00,103.4,62,81,46.8,0,0,0
2026-09-05 09:55:00,102.4,45,81,44.8,0,0,0
2026-09-05 10:00:00,102.8,34,84,45.0,0,0,0
2026-09-05 10:05:00,101.6,27,81,42.3,0,0,0
2026-09-05 10:10:00,100.9,52,83,45.1,0,0,0
2026-09-05 10:15:00,101.8,46,83,45.9,0,0,0
2026-09-05 10:20:00,102.4,48,79,45.5,0,0,0
2026-09-05 10:25:00,101.9,54,78,47.0,0,0,0
2026-09-05 10:30:00,103.1,76,80,47.5,0,0,0
2026-09-05 10:35:00,101.2,40,82,44.3,0,0,0
2026-09-05 10:40:00,102.2,40,81,44.2,0,0,0
2026-09-05 10:45:00,99.2,51,83,47.7,0,0,0
2026-09-05 10:50:00,99.1,30,82,44.7,0,0,0
2026-09-05 10:55:00,99.5,118,79,43.3,0,0,0
2026-09-05 11:00:00,99.4,16,79,47.8,0,0,0
2026-09-05 11:05:00,100.9,54,85,45.7,0,0,0
2026-09-05 11:10:00,101.0,36,78,46.3,0,0,0
2026-09-05 11:15:00,99.1,52,82,45.6,0,0,0
2026-09-05 11:20:00,100.9,64,80,44.5,0,0,0
2026-09-05 11:25:00,99.5,71,84,47.2,0,0,0
2026-09-05 11:30:00,100.8,52,80,44.2,0,0,0
2026-09-05 11:35:00,100.0,56,82,45.4,0,0,0
2026-09-05 11:40:00,100.0,54,83,45.4,0,0,0
2026-09-05 11:45:00,104.8,77,83,44.9,0,0,0
2026-09-05 11:50:00,99.7,93,86,41.4,0,0,0
2026-09-05 11:55:00,102.2,48,81,45.7,0,0,0
2026-09-05 12:00:00,102.9,27,82,45.3,0,0,0
2026-09-05 12:05:00,103.9,57,82,48.6,0,0,0
2026-09-05 12:10:00,102.0,47,80,43.9,0,0,0
2026-09-05 12:15:00,104.6,54,80,47.7,0,0,0
2026-09-05 12:20:00,104.8,62,84,43.5,0,0,0
2026-09-05 12:25:00,101.6,451,106,43.9,0,0,0
2026-09-05 12:30:00,101.6,410,104,45.5,0,0,0
2026-09-05 12:35:00,102.6,444,109,47.4,0,0,0
2026-09-05 12:40:00,100.6,30,82,48.6,0,0,0
2026-09-05 12:45:00,99.3,475,109,45.7,0,0,0
2026-09-05 12:50:00,99.0,488,108,43.4,0,0,0
2026-09-05 12:55:00,96.7,25,84,44.0,0,0,0
2026-09-05 13:00:00,95.5,76,84,44.8,0,0,0
2026-09-05 13:05:00,98.4,21,78,44.2,0,0,0
2026-09-05 13:10:00,97.2,67,86,44.1,0,0,0
2026-09-05 13:15:00,99.4,18,80,43.7,0,0,0
2026-09-05 13:20:00,96.5,68,84,45.4,0,103,70
2026-09-05 13:25:00,107.3,79,88,46.2,0,0,0
2026-09-05 13:30:00,111.4,64,87,49.6,0,0,0
2026-09-05 13:35:00,116.5,503,112,42.1,0,0,0
2026-09-05 13:40:00,122.6,530,114,47.8,0,0,0
2026-09-05 13:45:00,124.9,48,82,42.5,0,0,0
2026-09-05 13:50:00,125.1,30,78,44.8,0,0,0
2026-09-05 13:55:00,125.0,18,79,45.4,0,0,0
2026-09-05 14:00:00,128.5,38,80,44.2,0,0,0
2026-09-05 14:05:00,129.0,29,83,45.2,0,0,0
2026-09-05 14:10:00,131.6,36,82,45.4,0,0,0
2026-09-05 14:15:00,128.4,33,80,47.5,0,0,0
2026-09-05 14:20:00,125.6,79,80,42.1,0,0,0
2026-09-05 14:25:00,126.6,94,87,42.5,0,0,0
2026-09-05 14:30:00,123.0,46,80,47.1,0,0,0
2026-09-05 14:35:00,121.3,62,84,46.8,0,0,0
2026-09-05 14:40:00,122.7,48,79,45.6,0,0,0
2026-09-05 14:45:00,124.2,42,82,42.3,0,0,0
2026-09-05 14:50:00,122.2,33,84,42.9,0,0,0
2026-09-05 14:55:00,120.8,115,86,46.2,0,0,0
2026-09-05 15:00:00,122.6,36,83,42.9,0,0,0
2026-09-05 15:05:00,121.6,36,78,45.6,0,0,0
2026-09-05 15:10:00,120.2,34,84,41.7,0,0,0
2026-09-05 15:15:00,117.4,40,84,43.1,0,0,0
2026-09-05 15:20:00,116.5,59,84,46.9,0,0,0
2026-09-05 15:25:00,119.2,46,81,43.6,0,0,0
2026-09-05 15:30:00,119.0,45,80,45.9,0,0,0
2026-09-05 15:35:00,118.9,46,78,44.9,0,0,0
2026-09-05 15:40:00,116.8,99,87,45.7,0,0,0
2026-09-05 15:45:00,117.5,47,83,47.1,0,0,0
2026-09-05 15:50:00,115.8,47,78,46.8,0,0,0
2026-09-05 15:55:00,116.5,50,85,43.6,0,0,0
2026-09-05 16:00:00,115.5,23,81,45.7,0,0,0
2026-09-05 16:05:00,112.2,31,81,47.4,0,0,0
2026-09-05 16:10:00,112.5,51,81,44.1,0,0,0
2026-09-05 16:15:00,110.3,21,78,48.6,0,0,0
2026-09-05 16:20:00,109.4,57,88,46.9,0,0,0
2026-09-05 16:25:00,107.5,46,81,44.7,0,0,0
2026-09-05 16:30:00,106.9,64,86,45.4,0,0,0
2026-09-05 16:35:00,102.4,30,82,43.8,0,0,0
2026-09-05 16:40:00,103.3,81,82,45.5,0,0,0
2026-09-05 16:45:00,104.3,37,82,49.8,0,0,0
2026-09-05 16:50:00,102.0,29,80,43.5,0,0,0
2026-09-05 16:55:00,105.9,72,83,48.0,0,0,0
2026-09-05 17:00:00,106.4,22,80,46.1,0,0,0
2026-09-05 17:05:00,107.6,62,84,44.0,0,0,0
2026-09-05 17:10:00,108.0,75,83,39.8,0,0,0
2026-09-05 17:15:00,110.1,42,85,45.0,0,22,50
2026-09-05 17:20:00,108.8,27,88,42.7,0,0,0
2026-09-05 17:25:00,106.2,27,84,44.9,0,0,0
2026-09-05 17:30:00,105.6,71,86,47.3,0,0,0
2026-09-05 17:35:00,103.6,37,86,46.1,0,0,0
2026-09-05 17:40:00,99.8,92,86,48.1,0,0,0
2026-09-05 17:45:00,100.1,49,81,45.1,0,0,0
2026-09-05 17:50:00,102.1,24,80,45.0,0,0,0
2026-09-05 17:55:00,105.4,49,81,44.8,0,0,0
2026-09-05 18:00:00,104.9,17,80,46.8,0,0,0
2026-09-05 18:05:00,102.3,42,85,44.1,0,0,0
2026-09-05 18:10:00,101.6,58,84,45.5,0,0,0
2026-09-05 18:15:00,101.5,23,80,47.1,0,0,0
2026-09-05 18:20:00,102.6,41,83,42.5,0,0,0
2026-09-05 18:25:00,98.6,19,78,44.7,0,0,0
2026-09-05 18:30:00,100.9,59,79,48.4,0,0,0
2026-09-05 18:35:00,103.0,35,75,43.7,0,0,0
2026-09-05 18:40:00,101.4,49,78,42.2,0,0,0
2026-09-05 18:45:00,100.2,80,86,44.9,0,0,0
2026-09-05 18:50:00,103.8,31,81,44.6,0,0,0
2026-09-05 18:55:00,103.6,52,85,43.5,0,0,0
2026-09-05 19:00:00,103.4,54,82,44.2,0,0,0
2026-09-05 19:05:00,104.2,23,82,45.8,0,0,0
2026-09-05 19:10:00,104.4,53,84,44.7,0,0,0
2026-09-05 19:15:00,104.9,31,77,42.4,0,0,0
2026-09-05 19:20:00,101.7,30,81,41.8,0,0,0
2026-09-05 19:25:00,98.7,40,80,44.1,0,0,0
2026-09-05 19:30:00,96.9,43,85,42.9,0,0,0
2026-09-05 19:35:00,95.5,42,84,43.6,0,0,0
2026-09-05 19:40:00,97.6,70,82,45.9,0,0,0
2026-09-05 19:45:00,95.7,60,82,44.8,0,0,0
2026-09-05 19:50:00,97.5,20,84,43.1,0,0,0
2026-09-05 19:55:00,98.0,19,82,46.9,0,0,0
2026-09-05 20:00:00,96.9,53,82,45.0,0,0,0
2026-09-05 20:05:00,98.5,37,84,48.2,0,0,0
2026-09-05 20:10:00,100.0,34,81,44.6,0,0,0
2026-09-05 20:15:00,99.3,44,85,46.4,0,0,0
2026-09-05 20:20:00,98.0,39,85,45.0,0,0,0
2026-09-05 20:25:00,94.9,53,81,44.9,0,0,0
2026-09-05 20:30:00,94.2,106,85,46.5,0,0,0
2026-09-05 20:35:00,94.1,54,78,45.9,0,0,0
2026-09-05 20:40:00,93.7,19,79,44.4,0,0,0
2026-09-05 20:45:00,95.2,63,83,45.7,0,0,0
2026-09-05 20:50:00,97.0,61,84,49.0,0,0,0
2026-09-05 20:55:00,100.1,55,83,46.6,0,0,0
2026-09-05 21:00:00,101.0,83,87,43.9,0,0,0
2026-09-05 21:05:00,100.0,64,82,46.4,0,0,0
2026-09-05 21:10:00,99.4,75,84,45.1,0,0,0
2026-09-05 21:15:00,98.9,89,83,46.1,0,0,0
2026-09-05 21:20:00,95.4,48,84,45.2,0,56,50
2026-09-05 21:25:00,97.4,28,82,41.8,0,0,0
2026-09-05 21:30:00,100.3,23,86,46.1,0,0,0
2026-09-05 21:35:00,102.7,409,106,46.6,0,0,0
2026-09-05 21:40:00,104.5,416,105,45.0,0,0,0
2026-09-05 21:45:00,108.1,51,85,47.9,0,0,0
2026-09-05 21:50:00,111.0,28,82,47.9,0,0,0
2026-09-05 21:55:00,109.8,30,78,43.0,0,0,0
2026-09-05 22:00:00,107.2,42,81,47.3,0,0,0
2026-09-05 22:05:00,107.3,53,80,46.6,0,0,0
2026-09-05 22:10:00,105.5,56,84,45.4,0,0,0
2026-09-05 22:15:00,106.7,1,73,72.3,1,0,0
2026-09-05 22:20:00,108.6,0,71,74.6,1,0,0
2026-09-05 22:25:00,110.5,0,72,76.7,1,0,0
2026-09-05 22:30:00,109.9,0,69,76.5,1,0,0
2026-09-05 22:35:00,110.1,0,71,69.7,1,0,0
2026-09-05 22:40:00,110.0,0,74,71.5,1,0,0
2026-09-05 22:45:00,110.7,0,72,69.2,1,0,0
2026-09-05 22:50:00,110.0,0,71,74.4,1,0,0
2026-09-05 22:55:00,108.2,0,72,72.6,1,0,0
2026-09-05 23:00:00,106.7,2,71,74.0,1,0,0
2026-09-05 23:05:00,105.0,0,71,72.1,1,0,0
2026-09-05 23:10:00,103.4,0,73,68.4,1,0,0
2026-09-05 23:15:00,101.3,1,70,75.2,1,0,0
2026-09-05 23:20:00,100.5,0,72,73.9,1,0,0
2026-09-05 23:25:00,98.8,0,72,73.7,1,0,0
2026-09-05 23:30:00,97.6,0,71,72.2,1,0,0
2026-09-05 23:35:00,97.1,0,73,73.9,1,0,0
2026-09-05 23:40:00,99.6,0,71,79.1,1,0,0
2026-09-05 23:45:00,99.7,0,72,70.1,1,0,0
2026-09-05 23:50:00,98.3,0,72,74.5,1,0,0
2026-09-05 23:55:00,98.8,1,69,71.6,1,0,0
2026-09-06 00:00:00,96.2,0,71,78.0,1,0,0
2026-09-06 00:05:00,95.0,1,70,72.6,1,0,0
2026-09-06 00:10:00,95.6,0,70,70.6,1,0,0
2026-09-06 00:15:00,98.9,0,74,74.3,1,0,0
2026-09-06 00:20:00,97.0,1,72,70.1,1,0,0
2026-09-06 00:25:00,97.2,0,71,69.9,1,0,0
2026-09-06 00:30:00,94.7,1,70,77.9,1,0,0
2026-09-06 00:35:00,94.3,0,70,76.1,1,0,0
2026-09-06 00:40:00,96.8,1,73,68.0,1,0,0
2026-09-06 00:45:00,97.8,0,73,73.4,1,0,0
2026-09-06 00:50:00,99.3,0,68,74.0,1,0,0
2026-09-06 00:55:00,98.3,0,69,75.6,1,0,0
2026-09-06 01:00:00,95.7,0,70,74.5,1,0,0
2026-09-06 01:05:00,96.7,0,73,72.0,1,0,0
2026-09-06 01:10:00,99.3,0,69,74.7,1,0,0
2026-09-06 01:15:00,97.9,0,70,74.9,1,0,0
2026-09-06 01:20:00,98.8,0,71,75.9,1,0,0
2026-09-06 01:25:00,95.7,1,70,73.1,1,0,0
2026-09-06 01:30:00,96.3,1,69,73.2,1,0,0
2026-09-06 01:35:00,99.9,1,72,72.6,1,0,0
2026-09-06 01:40:00,97.7,0,69,73.3,1,0,0
2026-09-06 01:45:00,101.6,0,76,72.0,1,0,0
2026-09-06 01:50:00,103.2,1,73,75.0,1,0,0
2026-09-06 01:55:00,104.6,0,67,73.9,1,0,0
2026-09-06 02:00:00,104.9,0,75,71.9,1,0,0
2026-09-06 02:05:00,106.2,0,70,73.2,1,0,0
2026-09-06 02:10:00,103.2,1,69,72.2,1,0,0
2026-09-06 02:15:00,103.0,0,73,71.9,1,0,0
2026-09-06 02:20:00,105.6,0,72,75.3,1,0,0
2026-09-06 02:25:00,104.2,0,68,72.4,1,0,0
2026-09-06 02:30:00,101.0,0,73,71.3,1,0,0
2026-09-06 02:35:00,101.0,0,71,74.6,1,0,0
2026-09-06 02:40:00,101.2,0,73,70.0,1,0,0
2026-09-06 02:45:00,99.7,0,69,72.6,1,0,0
2026-09-06 02:50:00,96.7,0,70,71.8,1,0,0
2026-09-06 02:55:00,98.0,1,70,74.9,1,0,0
2026-09-06 03:00:00,99.1,0,73,75.6,1,0,0
2026-09-06 03:05:00,101.0,0,71,73.0,1,0,0
2026-09-06 03:10:00,102.9,0,71,72.4,1,0,0
2026-09-06 03:15:00,102.6,0,68,71.6,1,0,0
2026-09-06 03:20:00,101.4,1,73,74.8,1,0,0
2026-09-06 03:25:00,107.8,0,70,72.9,1,0,0
2026-09-06 03:30:00,111.1,0,66,71.5,1,0,0
2026-09-06 03:35:00,107.0,0,73,74.0,1,0,0
2026-09-06 03:40:00,106.1,0,68,71.6,1,0,0
2026-09-06 03:45:00,104.5,0,76,73.1,1,0,0
2026-09-06 03:50:00,104.6,0,73,74.9,1,0,0
2026-09-06 03:55:00,107.1,0,66,76.1,1,0,0
2026-09-06 04:00:00,104.7,0,68,72.6,1,0,0
2026-09-06 04:05:00,103.8,1,67,73.3,1,0,0
2026-09-06 04:10:00,100.9,1,70,73.6,1,0,0
2026-09-06 04:15:00,101.0,0,71,72.8,1,0,0
2026-09-06 04:20:00,102.8,1,71,72.0,1,0,0
2026-09-06 04:25:00,97.7,0,72,72.9,1,0,0
2026-09-06 04:30:00,99.4,1,73,72.0,1,0,0
2026-09-06 04:35:00,99.6,0,72,74.5,1,0,0
2026-09-06 04:40:00,99.7,1,71,72.5,1,0,0
2026-09-06 04:45:00,100.8,0,70,73.7,1,0,0
2026-09-06 04:50:00,104.2,0,69,72.2,1,0,0
2026-09-06 04:55:00,104.5,0,76,72.4,1,0,0
2026-09-06 05:00:00,105.8,0,69,74.3,1,0,0
2026-09-06 05:05:00,105.1,0,71,73.2,1,0,0
2026-09-06 05:10:00,102.1,0,72,73.9,1,0,0
2026-09-06 05:15:00,102.7,1,72,73.3,1,0,0
2026-09-06 05:20:00,103.4,0,70,72.8,1,0,0
2026-09-06 05:25:00,101.8,0,71,74.8,1,0,0
2026-09-06 05:30:00,101.4,0,73,72.6,1,0,0
2026-09-06 05:35:00,100.0,0,72,72.0,1,0,0
2026-09-06 05:40:00,101.5,1,71,69.9,1,0,0
2026-09-06 05:45:00,104.7,0,70,78.3,1,0,0
2026-09-06 05:50:00,105.5,1,73,76.1,1,0,0
2026-09-06 05:55:00,107.5,0,71,72.5,1,0,0
2026-09-06 06:00:00,106.8,0,71,72.3,1,0,0
2026-09-06 06:05:00,107.3,0,69,72.3,1,0,0
2026-09-06 06:10:00,105.1,27,77,45.0,0,0,0
2026-09-06 06:15:00,108.2,45,81,43.3,0,0,0
2026-09-06 06:20:00,104.9,41,84,45.8,0,0,0
2026-09-06 06:25:00,104.8,57,82,46.1,0,0,0
2026-09-06 06:30:00,104.5,143,88,45.3,0,0,0
2026-09-06 06:35:00,102.4,105,87,43.8,0,0,0
2026-09-06 06:40:00,98.1,49,83,46.8,0,0,0
2026-09-06 06:45:00,98.4,67,85,45.5,0,0,0
2026-09-06 06:50:00,97.2,83,84,44.4,0,0,0
2026-09-06 06:55:00,98.4,74,84,42.9,0,0,0
2026-09-06 07:00:00,99.3,19,81,42.1,0,0,0
2026-09-06 07:05:00,97.6,88,87,46.9,0,0,0
2026-09-06 07:10:00,99.1,50,81,41.5,0,0,0
2026-09-06 07:15:00,100.9,65,82,42.7,0,0,0
2026-09-06 07:20:00,100.1,21,83,45.3,0,0,0
2026-09-06 07:25:00,100.1,80,81,44.2,0,0,0
2026-09-06 07:30:00,96.9,73,86,44.1,0,0,0
2026-09-06 07:35:00,95.1,53,83,44.5,0,0,0
2026-09-06 07:40:00,98.3,56,80,45.6,0,0,0
2026-09-06 07:45:00,97.0,15,80,47.2,0,26,55
2026-09-06 07:50:00,100.7,59,84,44.2,0,0,0
2026-09-06 07:55:00,104.6,41,83,46.9,0,0,0
2026-09-06 08:00:00,106.5,435,110,46.9,0,0,0
2026-09-06 08:05:00,106.0,501,113,47.6,0,0,0
2026-09-06 08:10:00,105.7,67,85,45.0,0,0,0
2026-09-06 08:15:00,104.9,43,85,46.2,0,0,0
2026-09-06 08:20:00,107.0,27,81,44.8,0,0,0
2026-09-06 08:25:00,106.1,78,85,48.0,0,0,0
2026-09-06 08:30:00,107.9,30,83,42.2,0,0,0
2026-09-06 08:35:00,107.4,81,87,43.4,0,0,0
2026-09-06 08:40:00,107.6,56,78,46.1,0,0,0
2026-09-06 08:45:00,108.1,41,80,43.9,0,0,0
2026-09-06 08:50:00,107.4,56,78,43.5,0,0,0
2026-09-06 08:55:00,105.9,25,77,44.8,0,0,0
2026-09-06 09:00:00,103.4,34,83,46.6,0,0,0
2026-09-06 09:05:00,100.9,22,79,45.2,0,0,0
2026-09-06 09:10:00,101.0,79,83,45.6,0,0,0
2026-09-06 09:15:00,101.2,60,83,46.4,0,0,0
2026-09-06 09:20:00,101.9,75,84,46.7,0,0,0
2026-09-06 09:25:00,102.7,82,82,45.8,0,0,0
2026-09-06 09:30:00,102.9,95,82,46.2,0,0,0
2026-09-06 09:35:00,102.0,24,80,43.2,0,0,0
2026-09-06 09:40:00,103.8,18,78,45.8,0,0,0
2026-09-06 09:45:00,100.9,38,83,46.0,0,0,0
2026-09-06 09:50:00,100.7,43,84,46.1,0,0,0
2026-09-06 09:55:00,100.3,72,83,43.1,0,0,0
2026-09-06 10:00:00,95.5,25,80,46.0,0,0,0
2026-09-06 10:05:00,96.4,40,82,44.2,0,0,0
2026-09-06 10:10:00,96.0,62,81,46.7,0,0,0
2026-09-06 10:15:00,93.6,54,84,47.3,0,0,0
2026-09-06 10:20:00,92.9,35,79,43.7,0,0,0
2026-09-06 10:25:00,96.0,36,80,43.7,0,0,0
2026-09-06 10:30:00,97.2,58,83,46.8,0,0,0
2026-09-06 10:35:00,99.2,46,85,48.2,0,0,0
2026-09-06 10:40:00,98.5,38,81,47.5,0,0,0
2026-09-06 10:45:00,98.9,51,81,43.9,0,0,0
2026-09-06 10:50:00,99.2,50,83,47.0,0,0,0
2026-09-06 10:55:00,97.2,67,83,46.9,0,0,0
2026-09-06 11:00:00,99.4,52,81,43.1,0,0,0
2026-09-06 11:05:00,101.8,118,87,47.6,0,0,0
2026-09-06 11:10:00,102.3,48,82,43.7,0,0,0
2026-09-06 11:15:00,102.8,49,81,44.0,0,0,0
2026-09-06 11:20:00,102.1,41,83,45.9,0,0,0
2026-09-06 11:25:00,101.0,25,80,46.1,0,0,0
2026-09-06 11:30:00,101.5,51,83,45.4,0,0,0
2026-09-06 11:35:00,102.1,41,79,43.2,0,0,0
2026-09-06 11:40:00,99.8,116,86,45.4,0,0,0
2026-09-06 11:45:00,104.8,24,82,45.8,0,0,0
2026-09-06 11:50:00,106.3,52,82,44.8,0,0,0
2026-09-06 11:55:00,106.2,49,81,45.7,0,0,0
2026-09-06 12:00:00,103.9,87,82,45.5,0,0,0
2026-09-06 12:05:00,100.7,65,85,47.8,0,0,0
2026-09-06 12:10:00,99.7,47,80,46.9,0,0,0
2026-09-06 12:15:00,99.0,37,83,44.4,0,0,0
2026-09-06 12:20:00,104.3,36,81,47.1,0,0,0
2026-09-06 12:25:00,107.9,61,82,41.6,0,0,0
2026-09-06 12:30:00,108.3,45,82,47.0,0,0,0
2026-09-06 12:35:00,108.5,32,81,45.0,0,0,0
2026-09-06 12:40:00,108.8,47,82,43.3,0,0,0
2026-09-06 12:45:00,106.2,54,79,43.7,0,0,0
2026-09-06 12:50:00,104.7,27,79,47.1,0,0,0
2026-09-06 12:55:00,103.9,39,84,49.4,0,0,0
2026-09-06 13:00:00,102.7,35,79,45.3,0,0,0
2026-09-06 13:05:00,102.9,44,81,41.5,0,0,0
2026-09-06 13:10:00,95.2,29,83,45.4,0,0,0
2026-09-06 13:15:00,95.3,47,82,45.7,0,0,0
2026-09-06 13:20:00,96.4,28,86,46.4,0,53,50
2026-09-06 13:25:00,100.7,53,86,44.8,0,0,0
2026-09-06 13:30:00,103.4,28,81,44.6,0,0,0
2026-09-06 13:35:00,105.9,56,84,46.2,0,0,0
2026-09-06 13:40:00,107.4,60,85,43.5,0,0,0
2026-09-06 13:45:00,107.9,30,86,45.3,0,0,0
2026-09-06 13:50:00,111.2,28,80,46.9,0,0,0
2026-09-06 13:55:00,115.0,54,79,44.5,0,0,0
2026-09-06 14:00:00,114.2,31,80,44.8,0,0,0
2026-09-06 14:05:00,111.1,117,90,48.0,0,0,0
2026-09-06 14:10:00,112.3,43,84,45.1,0,0,0
2026-09-06 14:15:00,114.7,25,82,47.0,0,0,0
2026-09-06 14:20:00,113.8,43,77,43.7,0,0,0
2026-09-06 14:25:00,113.1,40,82,47.1,0,0,0
2026-09-06 14:30:00,112.2,30,82,47.4,0,0,0
2026-09-06 14:35:00,109.3,34,81,47.3,0,0,0
2026-09-06 14:40:00,106.3,29,81,48.4,0,0,0
2026-09-06 14:45:00,104.8,57,83,44.4,0,0,0
2026-09-06 14:50:00,106.1,32,82,49.0,0,0,0
2026-09-06 14:55:00,105.2,56,84,43.0,0,0,0
2026-09-06 15:00:00,107.1,29,77,44.1,0,0,0
2026-09-06 15:05:00,106.5,38,83,48.5,0,0,0
2026-09-06 15:10:00,105.0,42,81,42.7,0,0,0
2026-09-06 15:15:00,108.0,24,82,43.3,0,0,0
2026-09-06 15:20:00,106.5,51,81,45.4,0,0,0
2026-09-06 15:25:00,107.0,66,87,46.1,0,0,0
2026-09-06 15:30:00,104.5,30,79,46.9,0,0,0
2026-09-06 15:35:00,103.4,35,80,43.4,0,0,0
2026-09-06 15:40:00,106.3,57,83,46.7,0,0,0
2026-09-06 15:45:00,109.1,54,78,45.3,0,0,0
2026-09-06 15:50:00,105.3,24,84,44.5,0,0,0
2026-09-06 15:55:00,102.9,42,83,47.1,0,0,0
2026-09-06 16:00:00,104.6,60,83,47.7,0,0,0
2026-09-06 16:05:00,105.0,29,80,47.9,0,0,0
2026-09-06 16:10:00,103.5,54,80,44.0,0,0,0
2026-09-06 16:15:00,103.0,23,80,44.5,0,0,0
2026-09-06 16:20:00,102.4,60,86,44.2,0,0,0
2026-09-06 16:25:00,101.1,50,83,43.5,0,0,0
2026-09-06 16:30:00,105.9,55,82,45.3,0,0,0
2026-09-06 16:35:00,103.9,23,83,51.1,0,0,0
2026-09-06 16:40:00,105.0,29,80,45.2,0,0,0
2026-09-06 16:45:00,106.1,39,80,42.8,0,0,0
2026-09-06 16:50:00,106.9,59,84,46.8,0,0,0
2026-09-06 16:55:00,107.5,25,83,45.1,0,0,0
2026-09-06 17:00:00,107.5,68,85,43.3,0,0,0
2026-09-06 17:05:00,104.0,40,81,45.1,0,0,0
2026-09-06 17:10:00,101.4,57,81,43.6,0,0,0
2026-09-06 17:15:00,100.6,94,85,42.5,0,0,0
2026-09-06 17:20:00,98.2,65,85,47.4,0,38,80
2026-09-06 17:25:00,101.5,48,85,42.6,0,0,0
2026-09-06 17:30:00,105.1,50,85,44.6,0,0,0
2026-09-06 17:35:00,108.3,63,84,46.5,0,0,0
2026-09-06 17:40:00,111.2,20,86,42.4,0,0,0
2026-09-06 17:45:00,114.3,67,84,44.2,0,0,0
2026-09-06 17:50:00,116.7,34,82,45.7,0,0,0
2026-09-06 17:55:00,112.3,48,80,43.7,0,0,0
2026-09-06 18:00:00,116.5,33,81,44.4,0,0,0
2026-09-06 18:05:00,118.9,21,81,43.7,0,0,0
2026-09-06 18:10:00,118.0,63,80,44.8,0,0,0
2026-09-06 18:15:00,115.9,52,83,46.8,0,0,0
2026-09-06 18:20:00,112.9,44,79,44.4,0,0,0
2026-09-06 18:25:00,113.5,44,84,46.6,0,0,0
2026-09-06 18:30:00,113.1,36,84,46.5,0,0,0
2026-09-06 18:35:00,113.9,84,81,45.1,0,0,0
2026-09-06 18:40:00,116.5,92,85,46.4,0,0,0
2026-09-06 18:45:00,116.2,38,81,42.1,0,0,0
2026-09-06 18:50:00,114.7,32,81,43.6,0,0,0
2026-09-06 18:55:00,113.2,88,81,46.8,0,0,0
2026-09-06 19:00:00,112.6,45,80,44.3,0,0,0
2026-09-06 19:05:00,113.9,488,109,46.5,0,0,0
2026-09-06 19:10:00,116.1,474,110,47.5,0,0,0
2026-09-06 19:15:00,113.4,72,84,44.6,0,0,0
2026-09-06 19:20:00,111.6,37,84,42.4,0,0,0
2026-09-06 19:25:00,110.0,69,81,41.9,0,0,0
2026-09-06 19:30:00,110.1,51,83,47.5,0,0,0
2026-09-06 19:35:00,106.3,21,80,42.9,0,0,0
2026-09-06 19:40:00,105.4,45,78,47.2,0,0,0
2026-09-06 19:45:00,101.3,68,83,46.8,0,0,0
2026-09-06 19:50:00,99.7,46,83,44.6,0,0,0
2026-09-06 19:55:00,99.1,26,80,44.0,0,0,0
2026-09-06 20:00:00,100.2,73,84,45.3,0,0,0
2026-09-06 20:05:00,102.3,49,82,46.3,0,0,0
2026-09-06 20:10:00,101.0,46,83,46.1,0,0,0
2026-09-06 20:15:00,100.9,58,82,48.2,0,0,0
2026-09-06 20:20:00,97.8,39,81,42.1,0,0,0
2026-09-06 20:25:00,99.4,27,84,43.5,0,0,0
2026-09-06 20:30:00,100.5,64,86,46.2,0,0,0
2026-09-06 20:35:00,99.2,29,79,43.0,0,0,0
2026-09-06 20:40:00,98.3,28,82,43.6,0,0,0
2026-09-06 20:45:00,98.1,64,80,44.5,0,0,0
2026-09-06 20:50:00,99.2,47,82,47.1,0,0,0
2026-09-06 20:55:00,103.9,36,81,44.8,0,0,0
2026-09-06 21:00:00,105.2,80,85,47.7,0,81,75
2026-09-06 21:05:00,116.1,9,88,44.5,0,0,0
2026-09-06 21:10:00,122.7,1,75,75.9,1,0,0
2026-09-06 21:15:00,122.3,369,95,72.9,1,0,0
2026-09-06 21:20:00,127.4,371,96,74.8,1,0,0
2026-09-06 21:25:00,127.2,0,73,71.6,1,0,0
2026-09-06 21:30:00,126.8,0,71,72.1,1,0,0
2026-09-06 21:35:00,129.1,0,74,71.7,1,0,0
2026-09-06 21:40:00,129.7,0,73,69.9,1,0,0
2026-09-06 21:45:00,127.2,0,73,71.0,1,0,0
2026-09-06 21:50:00,125.6,1,71,75.5,1,0,0
2026-09-06 21:55:00,127.9,0,69,74.7,1,0,0
2026-09-06 22:00:00,125.9,0,69,73.0,1,0,0
2026-09-06 22:05:00,124.2,0,72,76.3,1,0,0
2026-09-06 22:10:00,121.1,1,73,72.6,1,0,0
2026-09-06 22:15:00,122.7,1,73,73.0,1,0,0
2026-09-06 22:20:00,123.7,0,69,69.5,1,0,0
2026-09-06 22:25:00,124.6,1,71,74.4,1,0,0
2026-09-06 22:30:00,123.2,1,72,74.1,1,0,0
2026-09-06 22:35:00,123.1,0,72,73.9,1,0,0
2026-09-06 22:40:00,119.8,0,68,71.4,1,0,0
2026-09-06 22:45:00,119.4,0,70,73.9,1,0,0
2026-09-06 22:50:00,117.7,0,73,71.8,1,0,0
2026-09-06 22:55:00,114.4,0,72,72.6,1,0,0
2026-09-06 23:00:00,111.5,0,71,71.7,1,0,0
2026-09-06 23:05:00,108.8,0,70,74.9,1,0,0
2026-09-06 23:10:00,106.4,1,70,73.5,1,0,0
2026-09-06 23:15:00,106.6,0,71,72.6,1,0,0
2026-09-06 23:20:00,102.6,0,71,72.7,1,0,0
2026-09-06 23:25:00,102.6,0,71,74.8,1,0,0
2026-09-06 23:30:00,100.4,0,69,73.9,1,0,0
2026-09-06 23:35:00,99.5,0,71,72.6,1,0,0
2026-09-06 23:40:00,96.5,0,73,76.0,1,0,0
2026-09-06 23:45:00,96.7,0,73,71.9,1,0,0
2026-09-06 23:50:00,98.0,0,69,71.7,1,0,0
2026-09-06 23:55:00,99.2,0,71,75.4,1,0,0
2026-09-07 00:00:00,101.6,0,71,76.6,1,0,0
2026-09-07 00:05:00,101.2,1,69,71.2,1,0,0
2026-09-07 00:10:00,101.1,1,69,72.5,1,0,0
2026-09-07 00:15:00,101.1,1,68,72.7,1,0,0
2026-09-07 00:20:00,100.1,1,70,70.8,1,0,0
2026-09-07 00:25:00,100.1,0,71,73.2,1,0,0
2026-09-07 00:30:00,96.8,1,71,78.2,1,0,0
2026-09-07 00:35:00,96.8,0,73,75.1,1,0,0
2026-09-07 00:40:00,97.5,0,72,73.1,1,0,0
2026-09-07 00:45:00,99.3,0,73,77.9,1,0,0
2026-09-07 00:50:00,102.1,0,71,74.8,1,0,0
2026-09-07 00:55:00,99.3,0,69,76.0,1,0,0
2026-09-07 01:00:00,99.7,1,69,74.7,1,0,0
2026-09-07 01:05:00,98.5,0,70,71.3,1,0,0
2026-09-07 01:10:00,99.1,1,72,70.3,1,0,0
2026-09-07 01:15:00,96.5,0,69,73.8,1,0,0
2026-09-07 01:20:00,96.5,0,73,72.9,1,0,0
2026-09-07 01:25:00,98.7,0,68,72.3,1,0,0
2026-09-07 01:30:00,97.0,1,73,72.2,1,0,0
2026-09-07 01:35:00,97.1,0,72,73.8,1,0,0
2026-09-07 01:40:00,96.7,0,73,69.6,1,0,0
2026-09-07 01:45:00,98.0,0,71,74.2,1,0,0
2026-09-07 01:50:00,97.4,0,69,74.9,1,0,0
2026-09-07 01:55:00,97.3,0,74,71.2,1,0,0
2026-09-07 02:00:00,97.2,1,72,74.0,1,0,0
2026-09-07 02:05:00,96.8,0,71,76.3,1,0,0
2026-09-07 02:10:00,98.4,0,71,72.0,1,0,0
2026-09-07 02:15:00,96.0,0,74,74.3,1,0,0
2026-09-07 02:20:00,95.5,0,71,73.2,1,0,0
2026-09-07 02:25:00,93.6,1,71,73.5,1,0,0
2026-09-07 02:30:00,94.9,1,71,71.0,1,0,0
2026-09-07 02:35:00,97.9,1,71,75.2,1,0,0
2026-09-07 02:40:00,101.8,0,70,71.6,1,0,0
2026-09-07 02:45:00,101.9,0,69,74.8,1,0,0
2026-09-07 02:50:00,99.2,1,73,75.8,1,0,0
2026-09-07 02:55:00,97.9,1,71,75.7,1,0,0
2026-09-07 03:00:00,95.5,0,68,74.4,1,0,0
2026-09-07 03:05:00,95.7,0,73,72.1,1,0,0
2026-09-07 03:10:00,97.4,0,70,73.0,1,0,0
2026-09-07 03:15:00,100.3,1,73,75.1,1,0,0
2026-09-07 03:20:00,101.6,2,68,75.5,1,0,0
2026-09-07 03:25:00,103.0,0,72,74.1,1,0,0
2026-09-07 03:30:00,101.6,3,70,74.3,1,0,0
2026-09-07 03:35:00,101.5,0,71,76.4,1,0,0
2026-09-07 03:40:00,103.3,0,71,74.5,1,0,0
2026-09-07 03:45:00,102.3,0,70,71.1,1,0,0
2026-09-07 03:50:00,102.8,0,69,74.3,1,0,0
2026-09-07 03:55:00,105.7,0,71,73.9,1,0,0
2026-09-07 04:00:00,105.7,0,72,74.6,1,0,0
2026-09-07 04:05:00,104.2,0,72,72.0,1,0,0
2026-09-07 04:10:00,107.4,1,70,71.9,1,0,0
2026-09-07 04:15:00,103.9,2,71,72.5,1,0,0
2026-09-07 04:20:00,106.2,0,71,74.7,1,0,0
2026-09-07 04:25:00,106.3,1,70,74.5,1,0,0
2026-09-07 04:30:00,107.0,1,71,73.8,1,0,0
2026-09-07 04:35:00,109.3,1,69,71.1,1,0,0
2026-09-07 04:40:00,107.7,0,69,76.7,1,0,0
2026-09-07 04:45:00,107.9,0,70,73.2,1,0,0
2026-09-07 04:50:00,110.6,1,74,73.3,1,0,0
2026-09-07 04:55:00,111.8,0,67,71.9,1,0,0
2026-09-07 05:00:00,109.8,1,71,75.7,1,0,0
2026-09-07 05:05:00,109.2,0,72,70.9,1,0,0
2026-09-07 05:10:00,108.9,1,71,73.7,1,0,0
2026-09-07 05:15:00,112.9,0,73,73.5,1,0,0
2026-09-07 05:20:00,112.7,0,68,71.3,1,0,0
2026-09-07 05:25:00,108.2,1,71,72.5,1,0,0
2026-09-07 05:30:00,111.6,0,72,73.7,1,0,0
2026-09-07 05:35:00,112.2,0,71,74.2,1,0,0
2026-09-07 05:40:00,112.6,0,72,77.4,1,0,0
2026-09-07 05:45:00,109.3,0,68,70.0,1,0,0
2026-09-07 05:50:00,108.6,0,69,72.2,1,0,0
2026-09-07 05:55:00,106.1,1,70,70.6,1,0,0
2026-09-07 06:00:00,103.2,0,74,68.9,1,0,0
2026-09-07 06:05:00,102.5,1,70,73.5,1,0,0
2026-09-07 06:10:00,101.7,0,70,73.1,1,0,0
2026-09-07 06:15:00,101.4,0,70,73.1,1,0,0
2026-09-07 06:20:00,101.8,49,80,45.0,0,0,0
2026-09-07 06:25:00,101.0,48,85,48.2,0,0,0
2026-09-07 06:30:00,101.6,52,84,45.1,0,0,0
2026-09-07 06:35:00,101.7,57,83,42.8,0,0,0
2026-09-07 06:40:00,98.0,26,78,45.5,0,0,0
2026-09-07 06:45:00,99.3,61,83,45.4,0,0,0
2026-09-07 06:50:00,99.8,72,84,42.0,0,0,0
2026-09-07 06:55:00,102.5,79,84,42.9,0,0,0
2026-09-07 07:00:00,103.6,38,78,49.3,0,0,0
2026-09-07 07:05:00,102.1,46,83,43.3,0,0,0
2026-09-07 07:10:00,101.1,49,81,42.6,0,0,0
2026-09-07 07:15:00,101.3,29,80,41.9,0,0,0
2026-09-07 07:20:00,104.3,28,81,44.0,0,0,0
2026-09-07 07:25:00,106.0,51,88,41.8,0,0,0
2026-09-07 07:30:00,107.1,34,78,48.8,0,0,0
2026-09-07 07:35:00,107.2,33,77,42.6,0,0,0
2026-09-07 07:40:00,107.8,57,82,44.9,0,0,0
2026-09-07 07:45:00,106.1,32,80,46.4,0,0,0
2026-09-07 07:50:00,106.5,43,81,46.2,0,0,0
2026-09-07 07:55:00,106.4,67,81,50.9,0,0,0
2026-09-07 08:00:00,107.4,36,78,46.4,0,0,0
2026-09-07 08:05:00,109.4,39,81,45.3,0,0,0
2026-09-07 08:10:00,106.9,38,81,45.1,0,0,0
2026-09-07 08:15:00,105.5,19,81,45.0,0,0,0
2026-09-07 08:20:00,104.9,93,91,44.6,0,31,50
2026-09-07 08:25:00,108.2,89,88,43.3,0,0,0
2026-09-07 08:30:00,109.8,42,82,42.5,0,0,0
2026-09-07 08:35:00,110.2,429,106,43.9,0,0,0
2026-09-07 08:40:00,112.2,433,109,49.7,0,0,0
2026-09-07 08:45:00,108.1,40,83,43.8,0,0,0
2026-09-07 08:50:00,106.3,25,83,47.8,0,0,0
2026-09-07 08:55:00,108.7,96,86,47.5,0,0,0
2026-09-07 09:00:00,108.5,42,81,43.3,0,0,0
2026-09-07 09:05:00,108.0,82,85,45.5,0,0,0
2026-09-07 09:10:00,104.3,47,83,45.0,0,0,0
2026-09-07 09:15:00,105.9,83,86,44.8,0,0,0
2026-09-07 09:20:00,104.6,75,81,46.2,0,0,0
2026-09-07 09:25:00,108.1,49,80,46.1,0,0,0
2026-09-07 09:30:00,110.2,25,80,47.8,0,0,0
2026-09-07 09:35:00,108.1,39,80,48.9,0,0,0
2026-09-07 09:40:00,105.6,56,80,45.6,0,0,0
2026-09-07 09:45:00,107.5,40,80,45.2,0,0,0
2026-09-07 09:50:00,108.9,98,85,43.2,0,0,0
2026-09-07 09:55:00,108.8,31,80,45.2,0,0,0
2026-09-07 10:00:00,105.2,37,85,42.8,0,0,0
2026-09-07 10:05:00,107.4,60,84,41.8,0,0,0
2026-09-07 10:10:00,107.4,25,80,46.8,0,0,0
2026-09-07 10:15:00,105.9,47,83,43.8,0,0,0
2026-09-07 10:20:00,104.1,121,85,45.7,0,0,0
2026-09-07 10:25:00,104.4,61,81,49.9,0,0,0
2026-09-07 10:30:00,104.8,32,81,47.3,0,0,0
2026-09-07 10:35:00,104.7,23,80,46.3,0,0,0
2026-09-07 10:40:00,105.3,34,82,45.7,0,0,0
2026-09-07 10:45:00,106.7,73,86,46.2,0,0,0
2026-09-07 10:50:00,103.2,49,81,42.3,0,0,0
2026-09-07 10:55:00,103.3,51,84,40.8,0,0,0
2026-09-07 11:00:00,103.7,76,83,41.9,0,0,0
2026-09-07 11:05:00,100.7,62,87,42.4,0,0,0
2026-09-07 11:10:00,101.4,26,81,41.7,0,0,0
2026-09-07 11:15:00,99.3,30,78,45.2,0,0,0
2026-09-07 11:20:00,101.7,45,82,44.6,0,0,0
2026-09-07 11:25:00,103.3,47,83,45.6,0,0,0
2026-09-07 11:30:00,99.7,55,85,44.8,0,0,0
2026-09-07 11:35:00,100.0,47,82,45.6,0,0,0
2026-09-07 11:40:00,98.6,92,88,44.0,0,0,0
2026-09-07 11:45:00,95.4,45,80,46.0,0,0,0
2026-09-07 11:50:00,94.9,28,79,46.4,0,0,0
2026-09-07 11:55:00,96.2,44,85,44.7,0,0,0
2026-09-07 12:00:00,96.4,451,104,48.0,0,0,0
2026-09-07 12:05:00,97.6,479,103,44.6,0,0,0
2026-09-07 12:10:00,93.9,449,106,45.8,0,0,0
2026-09-07 12:15:00,92.6,413,102,42.9,0,0,0
2026-09-07 12:20:00,95.3,37,78,45.7,0,0,0
2026-09-07 12:25:00,90.8,46,78,42.2,0,0,0
2026-09-07 12:30:00,89.6,24,81,48.9,0,0,0
2026-09-07 12:35:00,88.7,30,82,45.7,0,0,0
2026-09-07 12:40:00,89.9,24,77,43.3,0,0,0
2026-09-07 12:45:00,90.8,28,81,47.0,0,0,0
2026-09-07 12:50:00,87.9,62,82,45.6,0,0,0
2026-09-07 12:55:00,87.6,42,80,45.5,0,0,0
2026-09-07 13:00:00,90.1,27,81,46.0,0,0,0
2026-09-07 13:05:00,89.6,54,81,44.7,0,0,0
2026-09-07 13:10:00,93.1,35,83,47.1,0,0,0
2026-09-07 13:15:00,93.7,27,80,47.1,0,0,0
2026-09-07 13:20:00,91.4,55,80,46.8,0,0,0
2026-09-07 13:25:00,93.2,46,83,44.8,0,0,0
2026-09-07 13:30:00,93.4,22,80,46.8,0,0,0
2026-09-07 13:35:00,96.1,61,86,47.2,0,0,0
2026-09-07 13:40:00,93.9,70,82,45.9,0,0,0
2026-09-07 13:45:00,94.5,49,80,45.8,0,0,0
2026-09-07 13:50:00,94.0,15,82,44.2,0,0,0
2026-09-07 13:55:00,91.2,39,80,44.3,0,0,0
2026-09-07 14:00:00,90.9,50,83,46.5,0,0,0
2026-09-07 14:05:00,94.0,32,82,45.2,0,0,0
2026-09-07 14:10:00,93.7,30,83,43.4,0,69,55
2026-09-07 14:15:00,97.7,43,87,45.5,0,0,0
2026-09-07 14:20:00,100.7,50,84,45.1,0,0,0
2026-09-07 14:25:00,101.8,463,109,46.4,0,0,0
2026-09-07 14:30:00,107.0,485,110,42.1,0,0,0
2026-09-07 14:35:00,113.8,46,83,45.2,0,0,0
2026-09-07 14:40:00,117.8,74,83,47.8,0,0,0
2026-09-07 14:45:00,117.2,78,86,44.2,0,0,0
2026-09-07 14:50:00,116.3,44,84,45.3,0,0,0
2026-09-07 14:55:00,117.3,31,83,46.4,0,0,0
2026-09-07 15:00:00,113.7,137,86,45.2,0,0,0
2026-09-07 15:05:00,113.3,68,87,46.7,0,0,0
2026-09-07 15:10:00,115.1,83,86,44.5,0,0,0
2026-09-07 15:15:00,115.4,54,83,44.0,0,0,0
2026-09-07 15:20:00,111.8,59,85,45.2,0,0,0
2026-09-07 15:25:00,113.1,19,80,43.9,0,0,0
2026-09-07 15:30:00,110.9,73,86,43.1,0,0,0
2026-09-07 15:35:00,112.6,53,84,43.9,0,0,0
2026-09-07 15:40:00,113.8,75,88,46.8,0,0,0
2026-09-07 15:45:00,111.3,86,86,48.5,0,0,0
2026-09-07 15:50:00,110.9,50,85,45.2,0,0,0
2026-09-07 15:55:00,109.3,90,83,46.5,0,0,0
2026-09-07 16:00:00,108.3,31,83,42.9,0,0,0
2026-09-07 16:05:00,109.6,48,82,49.6,0,0,0
2026-09-07 16:10:00,108.6,61,83,45.5,0,0,0
2026-09-07 16:15:00,109.1,21,78,43.0,0,0,0
2026-09-07 16:20:00,107.3,46,84,44.1,0,0,0
2026-09-07 16:25:00,107.1,66,82,44.3,0,0,0
2026-09-07 16:30:00,104.6,71,85,44.9,0,0,0
2026-09-07 16:35:00,108.1,50,82,42.4,0,0,0
2026-09-07 16:40:00,106.3,57,84,41.9,0,0,0
2026-09-07 16:45:00,104.0,102,86,45.3,0,0,0
2026-09-07 16:50:00,102.5,42,81,43.0,0,0,0
2026-09-07 16:55:00,100.1,42,82,42.5,0,0,0
2026-09-07 17:00:00,101.6,54,78,46.6,0,0,0
2026-09-07 17:05:00,99.7,35,82,45.8,0,0,0
2026-09-07 17:10:00,99.8,63,84,48.4,0,0,0
2026-09-07 17:15:00,97.0,50,80,46.0,0,0,0
2026-09-07 17:20:00,95.5,602,111,48.0,0,0,0
2026-09-07 17:25:00,92.3,510,109,45.4,0,0,0
2026-09-07 17:30:00,91.6,525,112,46.4,0,0,0
2026-09-07 17:35:00,93.8,99,86,45.3,0,0,0
2026-09-07 17:40:00,96.8,83,80,49.2,0,0,0
2026-09-07 17:45:00,94.3,43,83,44.5,0,0,0
2026-09-07 17:50:00,93.6,48,82,47.0,0,0,0
2026-09-07 17:55:00,92.9,64,92,42.0,0,23,65
2026-09-07 18:00:00,99.3,32,80,46.3,0,0,0
2026-09-07 18:05:00,100.5,47,83,42.3,0,0,0
2026-09-07 18:10:00,101.5,36,85,45.7,0,0,0
2026-09-07 18:15:00,102.5,96,89,44.3,0,0,0
2026-09-07 18:20:00,104.6,62,85,45.1,0,0,0
2026-09-07 18:25:00,105.6,74,85,45.3,0,0,0
2026-09-07 18:30:00,105.7,76,82,44.0,0,0,0
2026-09-07 18:35:00,104.7,74,84,45.7,0,0,0
2026-09-07 18:40:00,102.9,37,82,47.7,0,0,0
2026-09-07 18:45:00,100.3,36,85,40.7,0,0,0
2026-09-07 18:50:00,101.1,11,79,42.4,0,0,0
2026-09-07 18:55:00,105.2,31,84,44.8,0,0,0
2026-09-07 19:00:00,106.7,29,83,44.5,0,0,0
2026-09-07 19:05:00,105.5,26,78,45.0,0,0,0
2026-09-07 19:10:00,107.6,26,81,47.4,0,0,0
2026-09-07 19:15:00,106.6,64,85,48.1,0,0,0
2026-09-07 19:20:00,103.1,45,81,41.4,0,0,0
2026-09-07 19:25:00,100.9,43,81,47.8,0,0,0
2026-09-07 19:30:00,104.3,75,85,44.3,0,0,0
2026-09-07 19:35:00,103.5,33,82,49.1,0,0,0
2026-09-07 19:40:00,104.5,56,80,45.2,0,0,0
2026-09-07 19:45:00,105.8,39,81,42.9,0,0,0
2026-09-07 19:50:00,104.4,57,85,42.7,0,0,0
2026-09-07 19:55:00,106.2,43,83,46.0,0,0,0
2026-09-07 20:00:00,106.9,32,79,45.9,0,0,0
2026-09-07 20:05:00,105.1,30,82,44.1,0,50,68
2026-09-07 20:10:00,111.8,53,85,46.6,0,0,0
2026-09-07 20:15:00,113.1,59,86,46.5,0,0,0
2026-09-07 20:20:00,113.1,506,111,42.5,0,0,0
2026-09-07 20:25:00,112.8,500,115,48.0,0,0,0
2026-09-07 20:30:00,114.3,45,85,40.2,0,0,0
2026-09-07 20:35:00,114.7,489,108,45.9,0,0,0
2026-09-07 20:40:00,117.1,489,112,44.6,0,0,0
2026-09-07 20:45:00,117.4,484,111,45.0,0,0,0
2026-09-07 20:50:00,114.8,491,107,43.7,0,0,0
2026-09-07 20:55:00,116.9,31,79,45.7,0,0,0
2026-09-07 21:00:00,117.6,89,85,43.4,0,0,0
2026-09-07 21:05:00,118.1,63,81,44.7,0,0,0
2026-09-07 21:10:00,116.7,38,79,43.8,0,0,0
2026-09-07 21:15:00,116.2,36,82,45.4,0,0,0
2026-09-07 21:20:00,113.5,119,89,44.6,0,0,0
2026-09-07 21:25:00,116.6,33,80,46.7,0,0,0
2026-09-07 21:30:00,115.8,89,86,45.2,0,0,0
2026-09-07 21:35:00,116.3,33,82,45.5,0,0,0
2026-09-07 21:40:00,116.5,32,82,44.3,0,0,0
2026-09-07 21:45:00,117.6,39,83,45.5,0,0,0
2026-09-07 21:50:00,118.1,43,83,51.0,0,0,0
2026-09-07 21:55:00,117.4,49,82,46.6,0,0,0
2026-09-07 22:00:00,114.1,48,85,45.7,0,0,0
2026-09-07 22:05:00,112.3,61,78,41.4,0,0,0
2026-09-07 22:10:00,111.4,41,80,43.6,0,0,0
2026-09-07 22:15:00,110.9,30,79,42.3,0,0,0
2026-09-07 22:20:00,112.8,61,80,48.0,0,0,0
2026-09-07 22:25:00,114.8,41,79,47.6,0,0,0
2026-09-07 22:30:00,114.6,52,86,44.8,0,0,0
2026-09-07 22:35:00,112.7,24,82,42.8,0,0,0
2026-09-07 22:40:00,113.3,101,84,46.1,0,0,0
2026-09-07 22:45:00,116.1,45,85,46.1,0,0,0
2026-09-07 22:50:00,116.0,50,80,44.9,0,0,0
2026-09-07 22:55:00,111.5,72,81,45.8,0,0,0
2026-09-07 23:00:00,110.4,16,80,43.6,0,0,0
2026-09-07 23:05:00,106.6,77,83,45.9,0,0,0
2026-09-07 23:10:00,101.3,27,82,41.8,0,0,0
2026-09-07 23:15:00,99.1,65,82,43.4,0,0,0
2026-09-07 23:20:00,97.1,28,81,46.3,0,0,0
2026-09-07 23:25:00,95.2,29,82,44.5,0,0,0
2026-09-07 23:30:00,92.6,41,79,41.5,0,0,0
2026-09-07 23:35:00,93.7,0,71,79.7,1,0,0
2026-09-07 23:40:00,93.8,2,71,72.8,1,0,0
2026-09-07 23:45:00,92.4,1,73,74.8,1,0,0
2026-09-07 23:50:00,92.8,0,70,76.7,1,0,0
2026-09-07 23:55:00,96.4,0,73,69.6,1,0,0
2026-09-08 00:00:00,98.0,1,72,72.5,1,0,0
2026-09-08 00:05:00,98.6,0,73,73.1,1,0,0
2026-09-08 00:10:00,100.3,1,71,71.7,1,0,0
2026-09-08 00:15:00,104.2,0,71,73.0,1,0,0
2026-09-08 00:20:00,102.7,1,71,72.8,1,0,0
2026-09-08 00:25:00,102.5,0,73,72.4,1,0,0
2026-09-08 00:30:00,101.3,0,69,72.7,1,0,0
2026-09-08 00:35:00,99.0,0,75,76.3,1,0,0
2026-09-08 00:40:00,100.1,0,70,73.7,1,0,0
2026-09-08 00:45:00,101.3,0,73,75.4,1,0,0
2026-09-08 00:50:00,101.0,0,73,70.0,1,0,0
2026-09-08 00:55:00,98.8,0,69,73.0,1,0,0
2026-09-08 01:00:00,99.4,0,73,68.5,1,0,0
2026-09-08 01:05:00,99.1,0,68,71.8,1,0,0
2026-09-08 01:10:00,101.7,0,71,78.0,1,0,0
2026-09-08 01:15:00,99.8,1,66,73.7,1,0,0
2026-09-08 01:20:00,97.9,0,71,75.7,1,0,0
2026-09-08 01:25:00,99.5,0,72,73.6,1,0,0
2026-09-08 01:30:00,100.7,1,70,73.0,1,0,0
2026-09-08 01:35:00,97.4,2,72,74.8,1,0,0
2026-09-08 01:40:00,101.5,0,68,73.5,1,0,0
2026-09-08 01:45:00,100.6,0,68,71.4,1,0,0
2026-09-08 01:50:00,99.4,0,70,73.4,1,0,0
2026-09-08 01:55:00,100.3,0,68,76.7,1,0,0
2026-09-08 02:00:00,101.2,0,73,76.9,1,0,0
2026-09-08 02:05:00,101.3,0,71,73.3,1,0,0
2026-09-08 02:10:00,103.0,0,73,71.1,1,0,0
2026-09-08 02:15:00,102.2,0,72,73.9,1,0,0
2026-09-08 02:20:00,99.9,0,69,73.7,1,0,0
2026-09-08 02:25:00,101.0,1,69,75.9,1,0,0
2026-09-08 02:30:00,100.0,0,71,74.4,1,0,0
2026-09-08 02:35:00,102.8,1,68,74.0,1,0,0
2026-09-08 02:40:00,100.5,0,76,67.7,1,0,0
2026-09-08 02:45:00,98.9,0,74,70.6,1,0,0
2026-09-08 02:50:00,101.1,0,68,75.7,1,0,0
2026-09-08 02:55:00,98.1,1,70,74.1,1,0,0
2026-09-08 03:00:00,99.1,0,70,74.6,1,0,0
2026-09-08 03:05:00,94.5,2,68,73.5,1,0,0
2026-09-08 03:10:00,96.8,0,68,74.6,1,0,0
2026-09-08 03:15:00,93.4,0,71,74.0,1,0,0
2026-09-08 03:20:00,96.4,0,69,76.2,1,0,0
2026-09-08 03:25:00,97.5,0,70,73.6,1,0,0
2026-09-08 03:30:00,100.9,1,71,74.7,1,0,0
2026-09-08 03:35:00,97.4,0,72,73.7,1,0,0
2026-09-08 03:40:00,99.0,0,68,72.4,1,0,0
2026-09-08 03:45:00,95.3,0,69,73.4,1,0,0
2026-09-08 03:50:00,94.5,2,72,73.2,1,0,0
2026-09-08 03:55:00,96.9,0,70,74.7,1,0,0
2026-09-08 04:00:00,100.6,1,71,74.4,1,0,0
2026-09-08 04:05:00,101.1,0,70,74.6,1,0,0
2026-09-08 04:10:00,101.8,0,72,74.7,1,0,0
2026-09-08 04:15:00,106.4,0,69,70.5,1,0,0
2026-09-08 04:20:00,106.8,0,69,74.9,1,0,0
2026-09-08 04:25:00,107.9,0,69,75.2,1,0,0
2026-09-08 04:30:00,107.8,0,72,73.3,1,0,0
2026-09-08 04:35:00,107.8,0,71,72.2,1,0,0
2026-09-08 04:40:00,107.2,0,67,73.2,1,0,0
2026-09-08 04:45:00,106.1,0,71,74.0,1,0,0
2026-09-08 04:50:00,104.8,0,70,71.5,1,0,0
2026-09-08 04:55:00,105.9,0,69,74.9,1,0,0
2026-09-08 05:00:00,107.4,1,70,71.0,1,0,0
2026-09-08 05:05:00,107.0,0,67,72.0,1,0,0
2026-09-08 05:10:00,105.6,0,71,72.0,1,0,0
2026-09-08 05:15:00,105.2,0,74,71.8,1,0,0
2026-09-08 05:20:00,105.2,0,74,75.1,1,0,0
2026-09-08 05:25:00,103.8,0,67,74.1,1,0,0
2026-09-08 05:30:00,102.5,0,71,73.8,1,0,0
2026-09-08 05:35:00,103.4,0,70,74.3,1,0,0
2026-09-08 05:40:00,101.0,0,70,72.8,1,0,0
2026-09-08 05:45:00,101.3,0,71,71.5,1,0,0
2026-09-08 05:50:00,98.7,1,73,75.5,1,0,0
2026-09-08 05:55:00,98.2,0,67,73.9,1,0,0
2026-09-08 06:00:00,96.8,0,70,74.2,1,0,0
2026-09-08 06:05:00,99.9,0,74,74.3,1,0,0
2026-09-08 06:10:00,99.8,33,84,46.0,0,0,0
2026-09-08 06:15:00,102.4,29,82,44.1,0,0,0
2026-09-08 06:20:00,106.4,42,83,47.9,0,0,0
2026-09-08 06:25:00,107.9,25,79,49.1,0,0,0
2026-09-08 06:30:00,107.8,34,80,42.9,0,0,0
2026-09-08 06:35:00,104.8,20,81,43.5,0,0,0
2026-09-08 06:40:00,104.0,48,83,46.5,0,0,0
2026-09-08 06:45:00,104.2,37,85,44.1,0,0,0
2026-09-08 06:50:00,103.0,35,81,40.7,0,0,0
2026-09-08 06:55:00,104.9,50,82,44.9,0,0,0
2026-09-08 07:00:00,104.9,39,86,45.2,0,0,0
2026-09-08 07:05:00,106.9,46,85,45.0,0,0,0
2026-09-08 07:10:00,107.8,18,79,47.1,0,0,0
2026-09-08 07:15:00,107.0,68,85,46.9,0,0,0
2026-09-08 07:20:00,104.8,61,85,46.1,0,0,0
2026-09-08 07:25:00,105.4,16,77,45.1,0,0,0
2026-09-08 07:30:00,103.4,91,85,47.0,0,0,0
2026-09-08 07:35:00,102.5,41,81,42.7,0,0,0
2026-09-08 07:40:00,103.4,98,87,47.0,0,0,0
2026-09-08 07:45:00,101.2,33,80,42.8,0,0,0
2026-09-08 07:50:00,103.5,57,81,45.4,0,0,0
2026-09-08 07:55:00,104.1,45,83,44.3,0,30,50
2026-09-08 08:00:00,107.9,37,83,50.2,0,0,0
2026-09-08 08:05:00,107.8,59,82,44.2,0,0,0
2026-09-08 08:10:00,107.5,442,108,42.6,0,0,0
2026-09-08 08:15:00,104.4,415,107,44.4,0,0,0
2026-09-08 08:20:00,105.2,35,85,47.9,0,0,0
2026-09-08 08:25:00,109.6,51,83,46.1,0,0,0
2026-09-08 08:30:00,111.1,23,79,39.9,0,0,0
2026-09-08 08:35:00,113.2,52,82,45.2,0,0,0
2026-09-08 08:40:00,109.1,34,78,41.4,0,0,0
2026-09-08 08:45:00,107.9,61,83,46.3,0,0,0
2026-09-08 08:50:00,107.6,33,82,44.3,0,0,0
2026-09-08 08:55:00,109.5,28,77,45.2,0,0,0
2026-09-08 09:00:00,108.5,49,82,48.3,0,0,0
2026-09-08 09:05:00,109.8,81,85,41.4,0,0,0
2026-09-08 09:10:00,109.6,36,81,48.2,0,0,0
2026-09-08 09:15:00,108.9,28,82,44.2,0,0,0
2026-09-08 09:20:00,107.4,22,80,48.1,0,0,0
2026-09-08 09:25:00,106.0,31,84,45.8,0,0,0
2026-09-08 09:30:00,106.7,68,84,45.3,0,0,0
2026-09-08 09:35:00,106.6,68,80,48.5,0,0,0
2026-09-08 09:40:00,105.8,38,87,41.6,0,0,0
2026-09-08 09:45:00,105.4,16,80,46.9,0,0,0
2026-09-08 09:50:00,104.3,39,84,44.8,0,0,0
2026-09-08 09:55:00,101.6,26,79,45.0,0,0,0
2026-09-08 10:00:00,101.4,67,81,46.6,0,0,0
2026-09-08 10:05:00,101.0,31,84,44.7,0,0,0
2026-09-08 10:10:00,101.8,42,82,46.2,0,0,0
2026-09-08 10:15:00,100.0,66,82,45.4,0,0,0
2026-09-08 10:20:00,100.4,172,88,44.8,0,0,0
2026-09-08 10:25:00,97.1,42,81,44.8,0,0,0
2026-09-08 10:30:00,96.6,526,113,45.4,0,0,0
2026-09-08 10:35:00,98.2,569,119,44.2,0,0,0
2026-09-08 10:40:00,97.8,882,130,43.8,0,0,0
2026-09-08 10:45:00,101.1,951,137,47.5,0,0,0
2026-09-08 10:50:00,102.9,394,102,43.7,0,0,0
2026-09-08 10:55:00,100.0,54,82,50.0,0,0,0
2026-09-08 11:00:00,101.0,27,80,46.6,0,0,0
2026-09-08 11:05:00,100.5,113,86,45.3,0,0,0
2026-09-08 11:10:00,102.4,42,80,47.1,0,0,0
2026-09-08 11:15:00,103.6,46,79,43.8,0,0,0
2026-09-08 11:20:00,101.1,50,81,44.1,0,0,0
2026-09-08 11:25:00,97.7,35,80,40.1,0,0,0
2026-09-08 11:30:00,97.3,47,81,46.1,0,0,0
2026-09-08 11:35:00,97.7,45,81,43.6,0,0,0
2026-09-08 11:40:00,99.8,58,82,45.9,0,0,0
2026-09-08 11:45:00,98.6,41,83,46.2,0,0,0
2026-09-08 11:50:00,99.9,75,85,42.4,0,0,0
2026-09-08 11:55:00,100.9,48,82,47.4,0,0,0
2026-09-08 12:00:00,99.7,39,79,48.6,0,0,0
2026-09-08 12:05:00,102.6,41,82,45.9,0,0,0
2026-09-08 12:10:00,103.0,46,79,45.1,0,0,0
2026-09-08 12:15:00,105.4,78,81,44.3,0,0,0
2026-09-08 12:20:00,102.5,30,80,48.1,0,0,0
2026-09-08 12:25:00,101.2,68,79,43.2,0,0,0
2026-09-08 12:30:00,97.0,62,80,45.1,0,0,0
2026-09-08 12:35:00,100.6,37,80,45.7,0,0,0
2026-09-08 12:40:00,105.2,64,83,42.5,0,0,0
2026-09-08 12:45:00,104.1,46,82,44.9,0,0,0
2026-09-08 12:50:00,104.2,25,78,42.0,0,0,0
2026-09-08 12:55:00,106.4,35,78,44.4,0,0,0
2026-09-08 13:00:00,104.2,82,82,44.3,0,0,0
2026-09-08 13:05:00,103.0,43,79,44.4,0,0,0
2026-09-08 13:10:00,104.2,35,81,45.3,0,0,0
2026-09-08 13:15:00,104.5,49,81,45.6,0,0,0
2026-09-08 13:20:00,101.4,21,80,41.7,0,0,0
2026-09-08 13:25:00,100.4,17,85,42.7,0,0,0
2026-09-08 13:30:00,99.7,27,79,44.6,0,0,0
2026-09-08 13:35:00,96.4,49,85,42.7,0,0,0
2026-09-08 13:40:00,99.2,96,83,44.3,0,0,0
2026-09-08 13:45:00,98.5,39,82,45.1,0,0,0
2026-09-08 13:50:00,100.1,28,80,44.6,0,0,0
2026-09-08 13:55:00,100.4,39,85,42.0,0,63,68
2026-09-08 14:00:00,104.3,37,82,45.4,0,0,0
2026-09-08 14:05:00,105.9,41,83,47.7,0,0,0
2026-09-08 14:10:00,105.3,528,113,45.1,0,0,0
2026-09-08 14:15:00,107.1,561,115,43.9,0,0,0
2026-09-08 14:20:00,108.4,27,82,43.8,0,0,0
2026-09-08 14:25:00,108.3,21,82,46.7,0,0,0
2026-09-08 14:30:00,109.5,103,84,43.5,0,0,0
2026-09-08 14:35:00,111.8,24,79,44.4,0,0,0
2026-09-08 14:40:00,110.5,32,77,42.6,0,0,0
2026-09-08 14:45:00,112.0,55,86,46.7,0,0,0
2026-09-08 14:50:00,111.8,54,82,44.0,0,0,0
2026-09-08 14:55:00,109.6,66,82,48.7,0,0,0
2026-09-08 15:00:00,109.0,12,79,46.2,0,0,0
2026-09-08 15:05:00,107.5,474,108,44.0,0,0,0
2026-09-08 15:10:00,106.4,484,108,42.3,0,0,0
2026-09-08 15:15:00,105.8,489,108,46.2,0,0,0
2026-09-08 15:20:00,108.6,64,82,43.9,0,0,0
2026-09-08 15:25:00,107.4,61,83,46.2,0,0,0
2026-09-08 15:30:00,107.5,35,83,46.2,0,0,0
2026-09-08 15:35:00,105.5,56,80,45.3,0,0,0
2026-09-08 15:40:00,103.7,55,81,41.6,0,0,0
2026-09-08 15:45:00,105.4,32,78,45.8,0,0,0
2026-09-08 15:50:00,104.0,19,79,50.1,0,0,0
2026-09-08 15:55:00,103.7,69,87,48.2,0,0,0
2026-09-08 16:00:00,106.0,56,80,46.4,0,0,0
2026-09-08 16:05:00,104.4,54,81,39.8,0,0,0
2026-09-08 16:10:00,104.7,52,80,42.6,0,0,0
2026-09-08 16:15:00,104.9,13,79,48.4,0,0,0
2026-09-08 16:20:00,103.7,45,78,43.7,0,0,0
2026-09-08 16:25:00,101.9,36,83,44.8,0,0,0
2026-09-08 16:30:00,102.8,39,81,46.2,0,0,0
2026-09-08 16:35:00,101.2,21,81,45.2,0,0,0
2026-09-08 16:40:00,105.8,43,83,45.1,0,0,0
2026-09-08 16:45:00,107.8,54,81,46.5,0,0,0
2026-09-08 16:50:00,106.7,66,88,48.3,0,0,0
2026-09-08 16:55:00,105.1,95,81,47.7,0,0,0
2026-09-08 17:00:00,104.8,33,79,41.5,0,0,0
2026-09-08 17:05:00,104.0,62,82,47.3,0,0,0
2026-09-08 17:10:00,105.7,20,80,46.3,0,0,0
2026-09-08 17:15:00,105.4,58,84,46.5,0,0,0
2026-09-08 17:20:00,104.9,47,79,47.3,0,0,0
2026-09-08 17:25:00,106.8,55,87,44.0,0,0,0
2026-09-08 17:30:00,103.3,35,85,48.3,0,0,0
2026-09-08 17:35:00,105.1,17,80,47.4,0,0,0
2026-09-08 17:40:00,104.0,33,81,44.4,0,0,0
2026-09-08 17:45:00,101.6,19,83,46.3,0,0,0
2026-09-08 17:50:00,103.1,71,82,45.8,0,0,0
2026-09-08 17:55:00,99.9,48,82,43.3,0,0,0
2026-09-08 18:00:00,99.7,38,82,45.4,0,0,0
2026-09-08 18:05:00,99.9,58,87,43.7,0,13,35
2026-09-08 18:10:00,98.1,41,89,45.5,0,0,0
2026-09-08 18:15:00,95.1,25,82,46.1,0,0,0
2026-09-08 18:20:00,94.4,494,110,44.2,0,0,0
2026-09-08 18:25:00,94.2,479,113,42.0,0,0,0
2026-09-08 18:30:00,93.9,74,85,42.8,0,0,0
2026-09-08 18:35:00,97.9,51,81,45.4,0,0,0
2026-09-08 18:40:00,100.7,22,79,43.7,0,0,0
2026-09-08 18:45:00,100.9,31,84,47.1,0,0,0
2026-09-08 18:50:00,99.5,37,80,44.9,0,0,0
2026-09-08 18:55:00,100.8,55,83,46.0,0,0,0
2026-09-08 19:00:00,101.6,41,81,45.4,0,0,0
2026-09-08 19:05:00,99.4,39,85,45.2,0,0,0
2026-09-08 19:10:00,99.8,25,85,45.8,0,0,0
2026-09-08 19:15:00,100.8,48,82,48.3,0,0,0
2026-09-08 19:20:00,97.4,74,80,41.8,0,0,0
2026-09-08 19:25:00,99.0,68,80,45.8,0,0,0
2026-09-08 19:30:00,102.4,53,80,46.1,0,0,0
2026-09-08 19:35:00,102.3,25,82,47.0,0,0,0
2026-09-08 19:40:00,103.2,35,79,46.7,0,0,0
2026-09-08 19:45:00,98.9,58,81,44.7,0,0,0
2026-09-08 19:50:00,96.9,66,82,43.9,0,0,0
2026-09-08 19:55:00,96.2,53,82,44.5,0,0,0
2026-09-08 20:00:00,97.3,43,84,44.4,0,0,0
2026-09-08 20:05:00,97.9,104,87,41.3,0,0,0
2026-09-08 20:10:00,95.9,42,79,44.6,0,0,0
2026-09-08 20:15:00,97.2,41,80,46.9,0,0,0
2026-09-08 20:20:00,95.7,40,82,46.9,0,0,0
2026-09-08 20:25:00,98.3,80,83,42.9,0,0,0
2026-09-08 20:30:00,100.1,63,81,47.4,0,0,0
2026-09-08 20:35:00,98.2,43,85,43.5,0,0,0
2026-09-08 20:40:00,100.2,37,82,44.7,0,0,0
2026-09-08 20:45:00,101.9,95,82,45.3,0,0,0
2026-09-08 20:50:00,100.6,65,84,45.8,0,0,0
2026-09-08 20:55:00,102.4,77,86,47.0,0,49,50
2026-09-08 21:00:00,105.9,26,83,45.9,0,0,0
2026-09-08 21:05:00,108.5,38,86,44.8,0,0,0
2026-09-08 21:10:00,111.0,442,113,43.8,0,0,0
2026-09-08 21:15:00,109.9,470,112,47.8,0,0,0
2026-09-08 21:20:00,113.8,45,84,41.4,0,0,0
2026-09-08 21:25:00,112.2,77,83,45.7,0,0,0
2026-09-08 21:30:00,110.2,42,83,45.5,0,0,0
2026-09-08 21:35:00,111.0,25,80,44.9,0,0,0
2026-09-08 21:40:00,111.0,59,82,42.9,0,0,0
2026-09-08 21:45:00,111.2,54,82,46.6,0,0,0
2026-09-08 21:50:00,105.2,80,81,42.3,0,0,0
2026-09-08 21:55:00,104.4,66,83,44.8,0,0,0
2026-09-08 22:00:00,104.6,42,86,46.3,0,0,0
2026-09-08 22:05:00,102.3,24,79,45.1,0,0,0
2026-09-08 22:10:00,104.1,22,82,45.0,0,0,0
2026-09-08 22:15:00,104.5,41,82,45.8,0,0,0
2026-09-08 22:20:00,102.1,58,82,46.4,0,0,0
2026-09-08 22:25:00,102.9,22,77,44.0,0,0,0
2026-09-08 22:30:00,101.1,47,82,47.1,0,0,0
2026-09-08 22:35:00,101.4,26,81,49.7,0,0,0
2026-09-08 22:40:00,102.8,31,83,46.6,0,0,0
2026-09-08 22:45:00,103.9,45,81,42.8,0,0,0
2026-09-08 22:50:00,106.5,20,80,46.7,0,0,0
2026-09-08 22:55:00,102.8,63,78,46.9,0,0,0
2026-09-08 23:00:00,105.3,33,80,44.5,0,0,0
2026-09-08 23:05:00,104.9,64,81,46.8,0,0,0
2026-09-08 23:10:00,105.4,31,80,43.6,0,0,0
2026-09-08 23:15:00,105.2,48,82,42.3,0,0,0
2026-09-08 23:20:00,107.2,0,69,71.0,1,0,0
2026-09-08 23:25:00,108.6,0,72,77.7,1,0,0
2026-09-08 23:30:00,106.2,1,73,70.3,1,0,0
2026-09-08 23:35:00,106.6,1,68,72.7,1,0,0
2026-09-08 23:40:00,105.6,0,66,76.7,1,0,0
2026-09-08 23:45:00,105.5,0,74,75.7,1,0,0
2026-09-08 23:50:00,106.1,1,70,71.2,1,0,0
2026-09-08 23:55:00,103.9,0,72,79.0,1,0,0
2026-09-09 00:00:00,105.4,0,67,73.8,1,0,0
2026-09-09 00:05:00,105.9,0,69,73.7,1,0,0
2026-09-09 00:10:00,105.0,0,72,71.6,1,0,0
2026-09-09 00:15:00,103.5,0,70,74.8,1,0,0
2026-09-09 00:20:00,102.7,1,69,67.5,1,0,0
2026-09-09 00:25:00,98.1,0,68,75.0,1,0,0
2026-09-09 00:30:00,96.4,1,70,71.8,1,0,0
2026-09-09 00:35:00,95.9,0,71,73.7,1,0,0
2026-09-09 00:40:00,93.1,0,71,68.4,1,0,0
2026-09-09 00:45:00,89.4,0,72,72.2,1,0,0
2026-09-09 00:50:00,89.4,0,72,71.4,1,0,0
2026-09-09 00:55:00,92.0,0,72,70.6,1,0,0
2026-09-09 01:00:00,98.6,0,71,73.9,1,0,0
2026-09-09 01:05:00,101.5,0,73,76.9,1,0,0
2026-09-09 01:10:00,99.2,0,71,72.1,1,0,0
2026-09-09 01:15:00,99.2,0,75,73.3,1,0,0
2026-09-09 01:20:00,99.3,1,69,71.4,1,0,0
2026-09-09 01:25:00,102.1,0,70,73.8,1,0,0
2026-09-09 01:30:00,101.0,1,67,76.1,1,0,0
2026-09-09 01:35:00,98.7,0,71,71.8,1,0,0
2026-09-09 01:40:00,103.4,0,72,71.7,1,0,0
2026-09-09 01:45:00,101.3,1,71,73.3,1,0,0
2026-09-09 01:50:00,97.8,0,72,72.9,1,0,0
2026-09-09 01:55:00,97.5,1,72,73.9,1,0,0
2026-09-09 02:00:00,97.2,0,72,70.7,1,0,0
2026-09-09 02:05:00,95.3,0,73,74.7,1,0,0
2026-09-09 02:10:00,99.9,2,72,73.3,1,0,0
2026-09-09 02:15:00,103.5,0,69,71.6,1,0,0
2026-09-09 02:20:00,104.6,0,73,69.5,1,0,0
2026-09-09 02:25:00,103.2,0,68,75.6,1,0,0
2026-09-09 02:30:00,102.4,0,69,74.1,1,0,0
2026-09-09 02:35:00,99.3,1,69,73.8,1,0,0
2026-09-09 02:40:00,99.0,0,72,71.8,1,0,0
2026-09-09 02:45:00,98.5,0,70,74.5,1,0,0
2026-09-09 02:50:00,97.9,1,67,70.7,1,0,0
2026-09-09 02:55:00,96.1,1,69,70.9,1,0,0
2026-09-09 03:00:00,94.2,0,68,71.4,1,0,0
2026-09-09 03:05:00,93.9,0,69,70.5,1,0,0
2026-09-09 03:10:00,95.4,0,72,70.8,1,0,0
2026-09-09 03:15:00,94.7,1,70,72.5,1,0,0
2026-09-09 03:20:00,97.6,1,70,75.1,1,0,0
2026-09-09 03:25:00,96.1,2,70,69.7,1,0,0
2026-09-09 03:30:00,94.5,0,70,71.8,1,0,0
2026-09-09 03:35:00,100.1,0,71,70.3,1,0,0
2026-09-09 03:40:00,100.3,0,73,71.8,1,0,0
2026-09-09 03:45:00,100.5,0,71,71.3,1,0,0
2026-09-09 03:50:00,104.5,0,69,73.0,1,0,0
2026-09-09 03:55:00,107.0,0,71,75.3,1,0,0
2026-09-09 04:00:00,110.0,0,70,71.0,1,0,0
2026-09-09 04:05:00,110.9,0,71,72.4,1,0,0
2026-09-09 04:10:00,109.8,0,67,70.0,1,0,0
2026-09-09 04:15:00,110.3,0,71,73.7,1,0,0
2026-09-09 04:20:00,112.2,0,71,74.4,1,0,0
2026-09-09 04:25:00,112.7,0,73,71.9,1,0,0
2026-09-09 04:30:00,107.6,1,71,71.9,1,0,0
2026-09-09 04:35:00,107.1,0,70,75.5,1,0,0
2026-09-09 04:40:00,105.0,1,71,70.5,1,0,0
2026-09-09 04:45:00,108.7,0,71,72.3,1,0,0
2026-09-09 04:50:00,108.5,0,73,71.6,1,0,0
2026-09-09 04:55:00,108.0,0,71,73.4,1,0,0
2026-09-09 05:00:00,111.2,0,69,73.2,1,0,0
2026-09-09 05:05:00,111.6,0,69,70.6,1,0,0
2026-09-09 05:10:00,112.7,1,72,75.3,1,0,0
2026-09-09 05:15:00,109.4,0,66,71.3,1,0,0
2026-09-09 05:20:00,110.6,0,66,72.1,1,0,0
2026-09-09 05:25:00,108.2,0,70,67.7,1,0,0
2026-09-09 05:30:00,109.0,0,68,71.4,1,0,0
2026-09-09 05:35:00,111.8,0,74,69.0,1,0,0
2026-09-09 05:40:00,109.9,1,70,70.2,1,0,0
2026-09-09 05:45:00,111.8,1,76,72.7,1,0,0
2026-09-09 05:50:00,112.2,1,71,71.5,1,0,0
2026-09-09 05:55:00,115.7,0,73,73.3,1,0,0
2026-09-09 06:00:00,114.1,0,68,73.7,1,0,0
2026-09-09 06:05:00,115.7,0,66,74.1,1,0,0
2026-09-09 06:10:00,114.7,0,69,73.5,1,0,0
2026-09-09 06:15:00,112.5,0,68,74.5,1,0,0
2026-09-09 06:20:00,109.7,0,69,72.5,1,0,0
2026-09-09 06:25:00,109.1,1,74,74.4,1,0,0
2026-09-09 06:30:00,107.4,0,70,71.9,1,0,0
2026-09-09 06:35:00,107.4,73,83,46.3,0,0,0
2026-09-09 06:40:00,110.7,73,85,46.8,0,0,0
2026-09-09 06:45:00,110.5,58,84,46.5,0,0,0
2026-09-09 06:50:00,109.8,61,83,46.7,0,0,0
2026-09-09 06:55:00,109.9,68,80,43.1,0,0,0
2026-09-09 07:00:00,108.5,69,83,43.1,0,0,0
2026-09-09 07:05:00,104.8,30,83,41.6,0,0,0
2026-09-09 07:10:00,102.7,28,81,47.3,0,0,0
2026-09-09 07:15:00,101.0,85,82,43.7,0,0,0
2026-09-09 07:20:00,106.7,78,83,45.9,0,0,0
2026-09-09 07:25:00,107.5,25,79,45.9,0,0,0
2026-09-09 07:30:00,108.8,23,82,43.8,0,0,0
2026-09-09 07:35:00,109.4,40,82,44.9,0,0,0
2026-09-09 07:40:00,109.8,42,84,47.6,0,41,70
2026-09-09 07:45:00,111.8,40,82,46.6,0,0,0
2026-09-09 07:50:00,111.7,49,89,46.2,0,0,0
2026-09-09 07:55:00,116.1,44,89,45.4,0,0,0
2026-09-09 08:00:00,117.1,77,90,47.6,0,0,0
2026-09-09 08:05:00,118.1,37,88,41.8,0,0,0
2026-09-09 08:10:00,116.8,113,86,49.6,0,0,0
2026-09-09 08:15:00,118.5,43,79,45.0,0,0,0
2026-09-09 08:20:00,119.0,49,81,41.4,0,0,0
2026-09-09 08:25:00,118.4,24,79,41.3,0,0,0
2026-09-09 08:30:00,118.9,62,81,43.0,0,0,0
2026-09-09 08:35:00,120.8,28,80,44.6,0,0,0
2026-09-09 08:40:00,120.3,49,81,42.8,0,0,0
2026-09-09 08:45:00,120.8,18,80,43.0,0,0,0
2026-09-09 08:50:00,118.5,32,78,44.0,0,0,0
2026-09-09 08:55:00,117.4,31,84,43.1,0,0,0
2026-09-09 09:00:00,115.9,24,79,45.8,0,0,0
2026-09-09 09:05:00,114.0,43,80,43.1,0,0,0
2026-09-09 09:10:00,114.2,89,87,50.7,0,0,0
2026-09-09 09:15:00,108.6,59,84,41.7,0,0,0
2026-09-09 09:20:00,109.5,45,82,44.5,0,0,0
2026-09-09 09:25:00,106.5,51,81,46.6,0,0,0
2026-09-09 09:30:00,104.6,38,80,48.6,0,0,0
2026-09-09 09:35:00,105.0,72,85,44.6,0,0,0
2026-09-09 09:40:00,103.6,54,86,41.4,0,0,0
2026-09-09 09:45:00,104.1,52,86,43.9,0,0,0
2026-09-09 09:50:00,103.0,35,82,44.2,0,0,0
2026-09-09 09:55:00,107.6,29,81,45.6,0,0,0
2026-09-09 10:00:00,106.9,55,80,48.6,0,0,0
2026-09-09 10:05:00,108.0,45,80,48.3,0,0,0
2026-09-09 10:10:00,112.3,38,83,47.4,0,0,0
2026-09-09 10:15:00,107.3,530,109,39.9,0,0,0
2026-09-09 10:20:00,107.5,580,113,44.1,0,0,0
2026-09-09 10:25:00,109.1,66,81,41.9,0,0,0
2026-09-09 10:30:00,108.8,48,83,43.9,0,0,0
2026-09-09 10:35:00,109.3,29,83,46.9,0,0,0
2026-09-09 10:40:00,107.0,56,77,41.2,0,0,0
2026-09-09 10:45:00,107.1,34,81,42.0,0,0,0
2026-09-09 10:50:00,107.2,106,85,46.5,0,0,0
2026-09-09 10:55:00,107.3,69,84,45.3,0,0,0
2026-09-09 11:00:00,108.9,76,86,44.1,0,0,0
2026-09-09 11:05:00,106.2,78,87,44.2,0,0,0
2026-09-09 11:10:00,106.6,47,80,45.5,0,0,0
2026-09-09 11:15:00,107.6,28,82,42.7,0,0,0
2026-09-09 11:20:00,106.8,81,83,43.7,0,0,0
2026-09-09 11:25:00,106.9,43,81,39.5,0,0,0
2026-09-09 11:30:00,107.6,42,81,45.3,0,0,0
2026-09-09 11:35:00,104.3,76,84,39.4,0,0,0
2026-09-09 11:40:00,102.9,43,78,47.6,0,0,0
2026-09-09 11:45:00,104.2,74,82,42.3,0,0,0
2026-09-09 11:50:00,103.9,28,80,42.9,0,0,0
2026-09-09 11:55:00,104.3,52,81,41.5,0,0,0
2026-09-09 12:00:00,103.5,57,84,41.2,0,0,0
2026-09-09 12:05:00,102.9,41,79,44.0,0,0,0
2026-09-09 12:10:00,104.3,37,81,41.4,0,0,0
2026-09-09 12:15:00,102.9,45,81,46.1,0,0,0
2026-09-09 12:20:00,103.0,75,81,42.3,0,0,0
2026-09-09 12:25:00,106.1,109,83,42.3,0,0,0
2026-09-09 12:30:00,106.1,41,80,45.3,0,0,0
2026-09-09 12:35:00,103.0,28,78,41.7,0,0,0
2026-09-09 12:40:00,103.7,69,84,45.0,0,0,0
2026-09-09 12:45:00,103.4,28,80,44.4,0,0,0
2026-09-09 12:50:00,102.1,25,81,43.0,0,0,0
2026-09-09 12:55:00,100.9,28,82,44.4,0,0,0
2026-09-09 13:00:00,103.2,40,81,40.5,0,0,0
2026-09-09 13:05:00,106.5,36,83,46.6,0,0,0
2026-09-09 13:10:00,108.9,39,82,45.1,0,0,0
2026-09-09 13:15:00,105.8,42,82,43.6,0,0,0
2026-09-09 13:20:00,103.2,67,83,45.9,0,0,0
2026-09-09 13:25:00,104.6,16,85,42.2,0,56,50
2026-09-09 13:30:00,107.5,57,85,45.4,0,0,0
2026-09-09 13:35:00,110.3,43,83,46.3,0,0,0
2026-09-09 13:40:00,111.6,472,112,37.9,0,0,0
2026-09-09 13:45:00,113.8,472,109,40.8,0,0,0
2026-09-09 13:50:00,116.2,20,84,46.9,0,0,0
2026-09-09 13:55:00,115.2,31,79,43.9,0,0,0
2026-09-09 14:00:00,115.5,77,89,44.1,0,0,0
2026-09-09 14:05:00,117.5,29,82,41.1,0,0,0
2026-09-09 14:10:00,118.2,35,77,45.8,0,0,0
2026-09-09 14:15:00,121.8,51,82,45.4,0,0,0
2026-09-09 14:20:00,120.9,75,83,45.8,0,0,0
2026-09-09 14:25:00,118.6,92,85,48.1,0,0,0
2026-09-09 14:30:00,116.1,42,83,42.4,0,0,0
2026-09-09 14:35:00,116.9,96,81,42.3,0,0,0
2026-09-09 14:40:00,111.0,43,81,44.8,0,0,0
2026-09-09 14:45:00,112.0,25,80,46.7,0,0,0
2026-09-09 14:50:00,113.4,105,84,47.2,0,0,0
2026-09-09 14:55:00,112.8,31,82,42.9,0,0,0
2026-09-09 15:00:00,111.3,53,80,45.1,0,0,0
2026-09-09 15:05:00,108.9,63,82,42.0,0,0,0
2026-09-09 15:10:00,106.2,22,83,42.6,0,0,0
2026-09-09 15:15:00,106.3,38,79,46.4,0,0,0
2026-09-09 15:20:00,105.7,45,82,43.9,0,0,0
2026-09-09 15:25:00,106.1,72,82,48.6,0,0,0
2026-09-09 15:30:00,101.8,36,80,45.9,0,0,0
2026-09-09 15:35:00,102.8,51,84,45.2,0,0,0
2026-09-09 15:40:00,97.3,24,83,43.1,0,0,0
2026-09-09 15:45:00,100.1,72,81,44.5,0,0,0
2026-09-09 15:50:00,97.6,70,82,43.2,0,0,0
2026-09-09 15:55:00,98.3,58,81,44.5,0,0,0
2026-09-09 16:00:00,97.6,36,83,41.6,0,0,0
2026-09-09 16:05:00,99.8,20,77,44.5,0,0,0
2026-09-09 16:10:00,97.8,44,84,47.4,0,0,0
2026-09-09 16:15:00,100.4,49,80,45.2,0,0,0
2026-09-09 16:20:00,99.8,44,83,44.6,0,0,0
2026-09-09 16:25:00,99.6,543,112,44.2,0,0,0
2026-09-09 16:30:00,98.0,548,108,47.8,0,0,0
2026-09-09 16:35:00,94.8,556,113,46.0,0,0,0
2026-09-09 16:40:00,93.3,552,112,42.8,0,0,0
2026-09-09 16:45:00,92.4,112,85,41.4,0,0,0
2026-09-09 16:50:00,91.5,51,83,40.6,0,0,0
2026-09-09 16:55:00,94.6,100,88,44.4,0,0,0
2026-09-09 17:00:00,94.5,33,78,46.7,0,0,0
2026-09-09 17:05:00,94.0,43,82,47.5,0,0,0
2026-09-09 17:10:00,97.6,53,84,45.2,0,0,0
2026-09-09 17:15:00,98.7,50,79,45.0,0,0,0
2026-09-09 17:20:00,100.4,41,86,45.5,0,0,0
2026-09-09 17:25:00,97.6,102,85,43.0,0,15,35
2026-09-09 17:30:00,98.4,35,81,46.2,0,0,0
2026-09-09 17:35:00,100.4,66,88,44.4,0,0,0
2026-09-09 17:40:00,103.6,460,109,47.7,0,0,0
2026-09-09 17:45:00,105.5,466,114,41.7,0,0,0
2026-09-09 17:50:00,104.9,52,84,45.7,0,0,0
2026-09-09 17:55:00,105.7,52,79,45.0,0,0,0
2026-09-09 18:00:00,108.6,59,85,46.7,0,0,0
2026-09-09 18:05:00,110.5,38,79,44.0,0,0,0
2026-09-09 18:10:00,111.0,30,82,46.6,0,0,0
2026-09-09 18:15:00,108.9,66,81,42.3,0,0,0
2026-09-09 18:20:00,108.5,120,87,46.6,0,0,0
2026-09-09 18:25:00,107.0,16,82,43.9,0,0,0
2026-09-09 18:30:00,111.1,59,82,43.2,0,0,0
2026-09-09 18:35:00,108.9,32,81,41.9,0,0,0
2026-09-09 18:40:00,105.9,67,83,47.0,0,0,0
2026-09-09 18:45:00,105.4,53,85,41.2,0,0,0
2026-09-09 18:50:00,106.3,36,81,49.3,0,0,0
2026-09-09 18:55:00,104.1,33,80,43.3,0,0,0
2026-09-09 19:00:00,103.6,123,88,41.9,0,0,0
2026-09-09 19:05:00,100.6,153,89,43.1,0,0,0
2026-09-09 19:10:00,99.6,75,84,47.6,0,0,0
2026-09-09 19:15:00,100.4,73,81,45.0,0,0,0
2026-09-09 19:20:00,102.5,30,81,48.5,0,0,0
2026-09-09 19:25:00,101.7,42,83,45.4,0,0,0
2026-09-09 19:30:00,100.9,104,85,45.7,0,0,0
2026-09-09 19:35:00,98.8,26,81,42.0,0,0,0
2026-09-09 19:40:00,98.0,56,81,42.6,0,0,0
2026-09-09 19:45:00,94.7,419,104,44.4,0,0,0
2026-09-09 19:50:00,95.5,426,104,44.3,0,0,0
2026-09-09 19:55:00,97.0,435,104,43.6,0,0,0
2026-09-09 20:00:00,93.6,25,83,41.7,0,0,0
2026-09-09 20:05:00,93.2,23,81,43.0,0,0,0
2026-09-09 20:10:00,94.7,63,82,43.9,0,0,0
2026-09-09 20:15:00,93.7,48,78,43.5,0,0,0
2026-09-09 20:20:00,92.9,51,87,41.2,0,48,50
2026-09-09 20:25:00,94.2,33,83,44.2,0,0,0
2026-09-09 20:30:00,97.0,81,89,46.9,0,0,0
2026-09-09 20:35:00,101.9,455,110,41.1,0,0,0
2026-09-09 20:40:00,101.7,458,110,40.3,0,0,0
2026-09-09 20:45:00,102.8,84,92,43.9,0,0,0
2026-09-09 20:50:00,106.1,38,80,46.5,0,0,0
2026-09-09 20:55:00,108.4,44,83,42.8,0,0,0
2026-09-09 21:00:00,108.2,54,83,42.0,0,0,0
2026-09-09 21:05:00,106.3,58,82,43.9,0,0,0
2026-09-09 21:10:00,107.1,13,82,45.0,0,0,0
2026-09-09 21:15:00,106.5,22,77,46.7,0,0,0
2026-09-09 21:20:00,107.3,60,83,47.0,0,0,0
2026-09-09 21:25:00,108.5,48,79,43.2,0,0,0
2026-09-09 21:30:00,107.0,44,82,46.0,0,0,0
2026-09-09 21:35:00,106.2,48,81,45.7,0,0,0
2026-09-09 21:40:00,107.2,56,82,44.9,0,0,0
2026-09-09 21:45:00,107.3,44,79,47.4,0,0,0
2026-09-09 21:50:00,106.0,95,86,45.6,0,0,0
2026-09-09 21:55:00,99.9,0,71,73.7,1,0,0
2026-09-09 22:00:00,100.4,0,74,78.6,1,0,0
2026-09-09 22:05:00,102.8,0,73,70.0,1,0,0
2026-09-09 22:10:00,102.3,0,71,75.4,1,0,0
2026-09-09 22:15:00,102.0,2,72,67.0,1,0,0
2026-09-09 22:20:00,102.1,1,72,73.0,1,0,0
2026-09-09 22:25:00,97.9,1,69,73.2,1,0,0
2026-09-09 22:30:00,98.8,0,72,69.7,1,0,0
2026-09-09 22:35:00,100.6,0,70,75.2,1,0,0
2026-09-09 22:40:00,98.1,1,74,73.6,1,0,0
2026-09-09 22:45:00,96.6,0,69,73.4,1,0,0
2026-09-09 22:50:00,96.4,2,69,72.5,1,0,0
2026-09-09 22:55:00,97.0,0,74,72.7,1,0,0
2026-09-09 23:00:00,97.0,0,75,74.9,1,0,0
2026-09-09 23:05:00,97.0,0,72,72.8,1,0,0
2026-09-09 23:10:00,97.2,0,70,72.2,1,0,0
2026-09-09 23:15:00,98.0,0,71,72.7,1,0,0
2026-09-09 23:20:00,101.6,0,71,71.4,1,0,0
2026-09-09 23:25:00,104.9,0,70,71.7,1,0,0
2026-09-09 23:30:00,104.8,1,71,75.2,1,0,0
2026-09-09 23:35:00,107.0,0,71,68.7,1,0,0
2026-09-09 23:40:00,106.5,0,74,71.3,1,0,0
2026-09-09 23:45:00,102.3,0,71,73.0,1,0,0
2026-09-09 23:50:00,103.2,0,72,69.3,1,0,0
2026-09-09 23:55:00,105.1,0,71,72.2,1,0,0
2026-09-10 00:00:00,104.5,0,75,72.0,1,0,0
2026-09-10 00:05:00,103.6,0,70,74.5,1,0,0
2026-09-10 00:10:00,104.4,1,71,73.9,1,0,0
2026-09-10 00:15:00,105.0,0,68,75.5,1,0,0
2026-09-10 00:20:00,106.2,0,72,71.9,1,0,0
2026-09-10 00:25:00,104.8,1,72,73.2,1,0,0
2026-09-10 00:30:00,104.9,0,71,71.7,1,0,0
2026-09-10 00:35:00,104.4,0,67,71.4,1,0,0
2026-09-10 00:40:00,103.7,1,72,73.2,1,0,0
2026-09-10 00:45:00,106.3,0,70,72.8,1,0,0
2026-09-10 00:50:00,102.4,1,72,76.3,1,0,0
2026-09-10 00:55:00,103.6,0,71,71.8,1,0,0
2026-09-10 01:00:00,102.9,0,70,73.9,1,0,0
2026-09-10 01:05:00,101.9,0,74,73.9,1,0,0
2026-09-10 01:10:00,107.4,0,70,71.7,1,0,0
2026-09-10 01:15:00,106.1,0,70,75.6,1,0,0
2026-09-10 01:20:00,106.5,1,72,73.7,1,0,0
2026-09-10 01:25:00,108.1,0,74,71.8,1,0,0
2026-09-10 01:30:00,106.7,0,70,76.0,1,0,0
2026-09-10 01:35:00,106.9,0,68,70.0,1,0,0
2026-09-10 01:40:00,105.8,0,68,74.5,1,0,0
2026-09-10 01:45:00,106.9,2,72,72.3,1,0,0
2026-09-10 01:50:00,109.2,0,73,74.0,1,0,0
2026-09-10 01:55:00,106.8,0,68,72.3,1,0,0
2026-09-10 02:00:00,103.7,1,67,73.6,1,0,0
2026-09-10 02:05:00,106.3,0,72,72.9,1,0,0
2026-09-10 02:10:00,109.0,0,74,73.5,1,0,0
2026-09-10 02:15:00,104.7,0,72,71.5,1,0,0
2026-09-10 02:20:00,105.3,1,70,75.8,1,0,0
2026-09-10 02:25:00,105.6,0,70,72.4,1,0,0
2026-09-10 02:30:00,105.4,0,71,69.8,1,0,0
2026-09-10 02:35:00,104.8,1,69,75.9,1,0,0
2026-09-10 02:40:00,104.1,0,72,73.1,1,0,0
2026-09-10 02:45:00,103.7,0,70,72.4,1,0,0
2026-09-10 02:50:00,105.6,0,74,73.7,1,0,0
2026-09-10 02:55:00,106.5,1,72,77.1,1,0,0
2026-09-10 03:00:00,106.5,0,70,71.7,1,0,0
2026-09-10 03:05:00,105.0,0,68,72.8,1,0,0
2026-09-10 03:10:00,105.0,0,72,76.3,1,0,0
2026-09-10 03:15:00,100.7,0,73,75.3,1,0,0
2026-09-10 03:20:00,102.3,1,72,72.8,1,0,0
2026-09-10 03:25:00,100.9,1,70,72.1,1,0,0
2026-09-10 03:30:00,99.2,1,72,74.1,1,0,0
2026-09-10 03:35:00,99.6,0,74,75.7,1,0,0
2026-09-10 03:40:00,103.6,0,71,76.3,1,0,0
2026-09-10 03:45:00,103.2,1,72,72.1,1,0,0
2026-09-10 03:50:00,105.5,0,69,73.4,1,0,0
2026-09-10 03:55:00,105.4,0,72,74.7,1,0,0
2026-09-10 04:00:00,108.4,0,70,73.6,1,0,0
2026-09-10 04:05:00,106.5,0,72,78.7,1,0,0
2026-09-10 04:10:00,105.6,1,68,71.8,1,0,0
2026-09-10 04:15:00,108.4,0,70,75.0,1,0,0
2026-09-10 04:20:00,104.6,1,73,70.4,1,0,0
2026-09-10 04:25:00,107.8,0,69,72.2,1,0,0
2026-09-10 04:30:00,110.9,2,73,74.4,1,0,0
2026-09-10 04:35:00,111.5,0,73,73.3,1,0,0
2026-09-10 04:40:00,109.6,0,71,72.9,1,0,0
2026-09-10 04:45:00,109.8,0,74,76.8,1,0,0
2026-09-10 04:50:00,112.3,0,69,72.5,1,0,0
2026-09-10 04:55:00,110.5,0,72,70.7,1,0,0
2026-09-10 05:00:00,110.7,1,72,75.0,1,0,0
2026-09-10 05:05:00,110.4,0,73,73.1,1,0,0
2026-09-10 05:10:00,111.5,1,72,71.5,1,0,0
2026-09-10 05:15:00,109.5,1,74,72.9,1,0,0
2026-09-10 05:20:00,109.5,1,70,71.6,1,0,0
2026-09-10 05:25:00,110.8,0,71,77.9,1,0,0
2026-09-10 05:30:00,108.1,0,71,73.6,1,0,0
2026-09-10 05:35:00,110.1,0,71,69.6,1,0,0
2026-09-10 05:40:00,111.9,0,71,72.5,1,0,0
2026-09-10 05:45:00,108.1,0,75,74.9,1,0,0
2026-09-10 05:50:00,105.8,0,71,76.6,1,0,0
2026-09-10 05:55:00,104.8,0,69,74.8,1,0,0
2026-09-10 06:00:00,105.2,0,69,74.4,1,0,0
2026-09-10 06:05:00,105.0,0,72,75.4,1,0,0
2026-09-10 06:10:00,105.7,16,79,43.0,0,0,0
2026-09-10 06:15:00,103.3,34,79,42.8,0,0,0
2026-09-10 06:20:00,106.5,36,79,44.4,0,0,0
2026-09-10 06:25:00,107.5,19,81,45.8,0,0,0
2026-09-10 06:30:00,105.0,19,83,44.3,0,0,0
2026-09-10 06:35:00,103.6,49,83,40.8,0,0,0
2026-09-10 06:40:00,102.4,39,81,46.0,0,0,0
2026-09-10 06:45:00,102.3,48,79,46.7,0,0,0
2026-09-10 06:50:00,104.4,59,82,43.8,0,0,0
2026-09-10 06:55:00,104.6,36,84,46.7,0,0,0
2026-09-10 07:00:00,98.9,59,80,48.9,0,0,0
2026-09-10 07:05:00,101.6,26,83,45.7,0,0,0
2026-09-10 07:10:00,103.2,74,85,42.3,0,0,0
2026-09-10 07:15:00,103.2,29,84,43.6,0,0,0
2026-09-10 07:20:00,102.4,47,80,41.9,0,0,0
2026-09-10 07:25:00,104.1,43,86,41.5,0,0,0
2026-09-10 07:30:00,104.1,18,81,42.2,0,0,0
2026-09-10 07:35:00,101.8,46,82,48.5,0,0,0
2026-09-10 07:40:00,102.7,33,82,47.0,0,0,0
2026-09-10 07:45:00,103.5,34,82,43.5,0,0,0
2026-09-10 07:50:00,99.0,42,81,46.6,0,0,0
2026-09-10 07:55:00,100.4,64,84,42.7,0,0,0
2026-09-10 08:00:00,100.4,52,84,46.0,0,31,50
2026-09-10 08:05:00,104.8,31,84,44.4,0,0,0
2026-09-10 08:10:00,106.3,39,84,46.5,0,0,0
2026-09-10 08:15:00,105.3,483,108,42.1,0,0,0
2026-09-10 08:20:00,108.0,489,113,48.6,0,0,0
2026-09-10 08:25:00,108.7,79,86,46.0,0,0,0
2026-09-10 08:30:00,111.9,53,85,47.9,0,0,0
2026-09-10 08:35:00,116.3,15,81,47.6,0,0,0
2026-09-10 08:40:00,115.5,46,83,45.5,0,0,0
2026-09-10 08:45:00,115.4,101,79,44.2,0,0,0
2026-09-10 08:50:00,114.2,73,80,42.0,0,0,0
2026-09-10 08:55:00,115.0,61,81,45.4,0,0,0
2026-09-10 09:00:00,113.1,33,82,45.1,0,0,0
2026-09-10 09:05:00,114.3,49,78,46.9,0,0,0
2026-09-10 09:10:00,115.6,76,86,44.1,0,0,0
2026-09-10 09:15:00,114.0,39,80,47.7,0,0,0
2026-09-10 09:20:00,111.5,38,78,44.5,0,0,0
2026-09-10 09:25:00,110.9,38,82,46.1,0,0,0
2026-09-10 09:30:00,113.4,65,85,43.3,0,0,0
2026-09-10 09:35:00,108.9,32,84,45.6,0,0,0
2026-09-10 09:40:00,103.1,58,82,45.0,0,0,0
2026-09-10 09:45:00,104.1,36,85,44.3,0,0,0
2026-09-10 09:50:00,107.0,32,82,45.1,0,0,0
2026-09-10 09:55:00,101.9,47,80,42.3,0,0,0
2026-09-10 10:00:00,104.7,16,76,43.7,0,0,0
2026-09-10 10:05:00,103.5,59,84,43.5,0,0,0
2026-09-10 10:10:00,104.6,53,79,45.2,0,0,0
2026-09-10 10:15:00,104.0,39,83,42.8,0,0,0
2026-09-10 10:20:00,101.6,35,81,45.3,0,0,0
2026-09-10 10:25:00,100.0,48,79,45.2,0,0,0
2026-09-10 10:30:00,101.0,35,84,44.2,0,0,0
2026-09-10 10:35:00,100.3,45,81,46.2,0,0,0
2026-09-10 10:40:00,101.1,106,85,44.9,0,0,0
2026-09-10 10:45:00,100.5,21,81,46.5,0,0,0
2026-09-10 10:50:00,97.3,69,81,48.6,0,0,0
2026-09-10 10:55:00,99.2,49,80,42.9,0,0,0
2026-09-10 11:00:00,96.2,58,83,44.1,0,0,0
2026-09-10 11:05:00,92.9,47,84,43.7,0,0,0
2026-09-10 11:10:00,96.0,46,82,43.9,0,0,0
2026-09-10 11:15:00,95.8,57,84,46.6,0,0,0
2026-09-10 11:20:00,93.4,72,82,44.1,0,0,0
2026-09-10 11:25:00,95.3,56,81,48.4,0,0,0
2026-09-10 11:30:00,95.6,21,77,45.9,0,0,0
2026-09-10 11:35:00,95.5,29,82,44.1,0,0,0
2026-09-10 11:40:00,95.5,41,83,44.5,0,0,0
2026-09-10 11:45:00,96.4,85,87,44.0,0,0,0
2026-09-10 11:50:00,97.2,35,81,46.7,0,0,0
2026-09-10 11:55:00,98.4,79,86,46.4,0,0,0
2026-09-10 12:00:00,96.7,51,81,41.1,0,0,0
2026-09-10 12:05:00,99.4,39,81,43.1,0,0,0
2026-09-10 12:10:00,99.5,36,82,48.7,0,0,0
2026-09-10 12:15:00,102.1,38,82,45.2,0,0,0
2026-09-10 12:20:00,104.8,35,81,44.4,0,0,0
2026-09-10 12:25:00,101.5,70,84,42.5,0,0,0
2026-09-10 12:30:00,102.2,23,79,47.0,0,0,0
2026-09-10 12:35:00,99.4,45,80,47.4,0,0,0
2026-09-10 12:40:00,98.6,41,84,46.9,0,0,0
2026-09-10 12:45:00,101.0,67,78,42.3,0,0,0
2026-09-10 12:50:00,101.6,33,79,47.0,0,0,0
2026-09-10 12:55:00,99.2,74,84,42.5,0,0,0
2026-09-10 13:00:00,102.8,47,83,43.8,0,0,0
2026-09-10 13:05:00,102.7,27,79,42.0,0,0,0
2026-09-10 13:10:00,101.0,82,86,47.9,0,0,0
2026-09-10 13:15:00,101.9,63,86,48.2,0,0,0
2026-09-10 13:20:00,102.2,26,80,48.7,0,0,0
2026-09-10 13:25:00,99.2,33,81,46.5,0,0,0
2026-09-10 13:30:00,103.3,30,78,43.1,0,0,0
2026-09-10 13:35:00,103.0,26,83,42.1,0,104,70
2026-09-10 13:40:00,107.3,39,84,45.1,0,0,0
2026-09-10 13:45:00,113.7,51,90,43.7,0,0,0
2026-09-10 13:50:00,120.0,512,110,44.7,0,0,0
2026-09-10 13:55:00,125.9,513,113,43.3,0,0,0
2026-09-10 14:00:00,126.4,33,82,44.0,0,0,0
2026-09-10 14:05:00,126.0,31,82,44.1,0,0,0
2026-09-10 14:10:00,127.9,53,81,43.2,0,0,0
2026-09-10 14:15:00,129.2,41,81,42.7,0,0,0
2026-09-10 14:20:00,129.6,44,79,43.9,0,0,0
2026-09-10 14:25:00,126.6,48,82,44.3,0,0,0
2026-09-10 14:30:00,124.1,28,80,47.2,0,0,0
2026-09-10 14:35:00,124.0,31,81,46.0,0,0,0
2026-09-10 14:40:00,123.8,30,80,42.2,0,0,0
2026-09-10 14:45:00,124.1,28,79,44.6,0,0,0
2026-09-10 14:50:00,121.6,78,83,45.6,0,0,0
2026-09-10 14:55:00,120.2,71,85,44.5,0,0,0
2026-09-10 15:00:00,117.8,29,81,45.5,0,0,0
2026-09-10 15:05:00,120.5,29,84,42.6,0,0,0
2026-09-10 15:10:00,115.6,44,84,45.7,0,0,0
2026-09-10 15:15:00,114.9,30,81,43.1,0,0,0
2026-09-10 15:20:00,114.0,62,84,44.0,0,0,0
2026-09-10 15:25:00,114.4,41,83,40.6,0,0,0
2026-09-10 15:30:00,115.3,118,86,44.7,0,0,0
2026-09-10 15:35:00,118.4,23,79,44.4,0,0,0
2026-09-10 15:40:00,117.7,88,81,43.6,0,0,0
2026-09-10 15:45:00,117.5,50,83,44.3,0,0,0
2026-09-10 15:50:00,118.7,69,83,46.6,0,0,0
2026-09-10 15:55:00,117.7,48,81,47.1,0,0,0
2026-09-10 16:00:00,116.4,63,85,45.5,0,0,0
2026-09-10 16:05:00,114.7,553,111,48.4,0,0,0
2026-09-10 16:10:00,116.0,525,113,42.5,0,0,0
2026-09-10 16:15:00,114.4,75,83,46.2,0,0,0
2026-09-10 16:20:00,115.3,35,82,47.1,0,0,0
2026-09-10 16:25:00,109.8,66,85,43.7,0,0,0
2026-09-10 16:30:00,112.1,22,78,44.4,0,0,0
2026-09-10 16:35:00,108.5,478,111,48.6,0,0,0
2026-09-10 16:40:00,107.9,506,111,44.5,0,0,0
2026-09-10 16:45:00,104.5,505,111,41.7,0,0,0
2026-09-10 16:50:00,103.9,27,80,47.4,0,0,0
2026-09-10 16:55:00,100.1,41,83,44.2,0,0,0
2026-09-10 17:00:00,100.5,41,82,40.2,0,0,0
2026-09-10 17:05:00,99.9,450,103,44.7,0,0,0
2026-09-10 17:10:00,99.4,464,105,42.5,0,0,0
2026-09-10 17:15:00,98.6,47,78,46.6,0,0,0
2026-09-10 17:20:00,96.3,43,83,43.6,0,0,0
2026-09-10 17:25:00,99.9,76,86,44.2,0,0,0
2026-09-10 17:30:00,102.6,61,86,44.7,0,0,0
2026-09-10 17:35:00,103.0,31,77,45.2,0,0,0
2026-09-10 17:40:00,104.7,39,83,42.6,0,0,0
2026-09-10 17:45:00,103.5,61,84,45.2,0,0,0
2026-09-10 17:50:00,105.6,26,82,44.3,0,0,0
2026-09-10 17:55:00,101.9,43,83,43.3,0,0,0
2026-09-10 18:00:00,102.1,20,80,46.1,0,0,0
2026-09-10 18:05:00,101.8,26,81,48.0,0,16,35
2026-09-10 18:10:00,103.4,85,83,45.1,0,0,0
2026-09-10 18:15:00,101.2,38,86,43.6,0,0,0
2026-09-10 18:20:00,105.1,436,109,44.3,0,0,0
2026-09-10 18:25:00,105.8,468,113,46.2,0,0,0
2026-09-10 18:30:00,106.5,49,85,45.9,0,0,0
2026-09-10 18:35:00,104.2,73,84,47.6,0,0,0
2026-09-10 18:40:00,103.8,38,84,47.1,0,0,0
2026-09-10 18:45:00,104.6,50,81,45.2,0,0,0
2026-09-10 18:50:00,105.3,60,83,50.3,0,0,0
2026-09-10 18:55:00,107.8,54,80,44.2,0,0,0
2026-09-10 19:00:00,109.2,71,87,45.5,0,0,0
2026-09-10 19:05:00,105.1,45,79,43.9,0,0,0
2026-09-10 19:10:00,100.0,56,81,47.0,0,0,0
2026-09-10 19:15:00,98.7,60,79,47.1,0,0,0
2026-09-10 19:20:00,97.2,70,82,41.9,0,0,0
2026-09-10 19:25:00,96.5,83,84,45.4,0,0,0
2026-09-10 19:30:00,98.6,47,82,45.2,0,0,0
2026-09-10 19:35:00,96.7,55,82,45.6,0,0,0
2026-09-10 19:40:00,98.5,41,79,46.0,0,0,0
2026-09-10 19:45:00,97.4,49,82,47.4,0,0,0
2026-09-10 19:50:00,96.8,77,82,45.0,0,0,0
2026-09-10 19:55:00,98.3,41,80,47.4,0,0,0
2026-09-10 20:00:00,99.5,35,78,44.3,0,0,0
2026-09-10 20:05:00,102.2,49,77,45.2,0,0,0
2026-09-10 20:10:00,102.3,56,87,43.6,0,0,0
2026-09-10 20:15:00,105.5,71,82,47.3,0,0,0
2026-09-10 20:20:00,99.6,45,84,47.0,0,0,0
2026-09-10 20:25:00,102.8,57,84,48.9,0,0,0
2026-09-10 20:30:00,101.3,66,80,46.7,0,0,0
2026-09-10 20:35:00,104.6,46,82,42.5,0,0,0
2026-09-10 20:40:00,107.7,41,79,41.9,0,0,0
2026-09-10 20:45:00,108.8,22,82,43.5,0,0,0
2026-09-10 20:50:00,108.7,100,87,42.4,0,0,0
2026-09-10 20:55:00,105.5,69,82,44.8,0,0,0
2026-09-10 21:00:00,102.4,33,83,47.3,0,0,0
2026-09-10 21:05:00,101.1,61,83,45.4,0,0,0
2026-09-10 21:10:00,102.7,42,81,42.6,0,0,0
2026-09-10 21:15:00,101.4,31,77,44.6,0,0,0
2026-09-10 21:20:00,101.5,48,83,42.9,0,90,75
2026-09-10 21:25:00,110.3,94,87,44.9,0,0,0
2026-09-10 21:30:00,113.0,27,80,45.9,0,0,0
2026-09-10 21:35:00,117.8,536,111,43.7,0,0,0
2026-09-10 21:40:00,117.9,518,111,44.7,0,0,0
2026-09-10 21:45:00,122.4,17,85,44.1,0,0,0
2026-09-10 21:50:00,127.4,59,82,43.8,0,0,0
2026-09-10 21:55:00,128.1,27,84,43.5,0,0,0
2026-09-10 22:00:00,129.7,46,84,47.3,0,0,0
2026-09-10 22:05:00,130.6,49,82,44.0,0,0,0
2026-09-10 22:10:00,130.4,29,81,46.4,0,0,0
2026-09-10 22:15:00,129.6,52,83,42.3,0,0,0
2026-09-10 22:20:00,130.4,24,82,47.9,0,0,0
2026-09-10 22:25:00,127.1,34,81,42.1,0,0,0
2026-09-10 22:30:00,124.5,43,82,44.5,0,0,0
2026-09-10 22:35:00,122.7,76,80,42.1,0,0,0
2026-09-10 22:40:00,121.5,49,85,46.6,0,0,0
2026-09-10 22:45:00,122.3,68,87,46.5,0,0,0
2026-09-10 22:50:00,120.1,39,82,45.1,0,0,0
2026-09-10 22:55:00,122.4,49,85,43.8,0,0,0
2026-09-10 23:00:00,123.5,58,85,46.7,0,0,0
2026-09-10 23:05:00,122.5,26,78,43.9,0,0,0
2026-09-10 23:10:00,120.7,64,88,47.3,0,0,0
2026-09-10 23:15:00,121.4,15,78,43.9,0,0,0
2026-09-10 23:20:00,119.1,44,84,46.9,0,0,0
2026-09-10 23:25:00,121.8,38,84,45.6,0,0,0
2026-09-10 23:30:00,121.4,34,82,42.6,0,0,0
2026-09-10 23:35:00,115.4,37,84,45.1,0,0,0
2026-09-10 23:40:00,110.8,0,68,77.4,1,0,0
2026-09-10 23:45:00,111.7,0,70,70.0,1,0,0
2026-09-10 23:50:00,114.8,0,71,71.9,1,0,0
2026-09-10 23:55:00,111.7,1,75,74.9,1,0,0
2026-09-11 00:00:00,109.7,1,67,70.5,1,0,0
2026-09-11 00:05:00,107.5,2,76,74.7,1,0,0
2026-09-11 00:10:00,105.1,0,71,71.8,1,0,0
2026-09-11 00:15:00,101.6,0,69,70.9,1,0,0
2026-09-11 00:20:00,101.3,0,67,69.7,1,0,0
2026-09-11 00:25:00,100.5,1,73,73.1,1,0,0
2026-09-11 00:30:00,101.0,0,73,70.4,1,0,0
2026-09-11 00:35:00,104.5,1,72,73.8,1,0,0
2026-09-11 00:40:00,106.2,0,72,75.0,1,0,0
2026-09-11 00:45:00,105.9,0,69,70.9,1,0,0
2026-09-11 00:50:00,105.0,0,71,72.2,1,0,0
2026-09-11 00:55:00,105.7,0,69,74.3,1,0,0
2026-09-11 01:00:00,104.3,0,73,71.8,1,0,0
2026-09-11 01:05:00,100.8,1,73,71.3,1,0,0
2026-09-11 01:10:00,99.2,1,71,72.4,1,0,0
2026-09-11 01:15:00,99.0,0,70,70.8,1,0,0
2026-09-11 01:20:00,101.4,0,74,72.6,1,0,0
2026-09-11 01:25:00,101.1,0,73,72.2,1,0,0
2026-09-11 01:30:00,100.4,1,71,74.6,1,0,0
2026-09-11 01:35:00,100.6,0,71,72.2,1,0,0
2026-09-11 01:40:00,100.0,0,72,74.3,1,0,0
2026-09-11 01:45:00,102.1,0,69,76.5,1,0,0
2026-09-11 01:50:00,102.9,0,70,73.3,1,0,0
2026-09-11 01:55:00,101.3,0,70,72.9,1,0,0
2026-09-11 02:00:00,101.5,0,71,70.4,1,0,0
2026-09-11 02:05:00,104.3,0,73,76.4,1,0,0
2026-09-11 02:10:00,106.6,0,77,74.9,1,0,0
2026-09-11 02:15:00,109.5,1,70,76.5,1,0,0
2026-09-11 02:20:00,107.5,0,73,73.9,1,0,0
2026-09-11 02:25:00,107.8,0,70,70.7,1,0,0
2026-09-11 02:30:00,111.9,0,72,71.4,1,0,0
2026-09-11 02:35:00,110.2,1,71,72.2,1,0,0
2026-09-11 02:40:00,110.6,0,68,72.3,1,0,0
2026-09-11 02:45:00,108.2,0,72,73.3,1,0,0
2026-09-11 02:50:00,103.3,0,69,73.5,1,0,0
2026-09-11 02:55:00,100.7,1,70,70.4,1,0,0
2026-09-11 03:00:00,103.4,0,73,74.2,1,0,0
2026-09-11 03:05:00,102.0,0,72,75.0,1,0,0
2026-09-11 03:10:00,96.8,0,69,73.6,1,0,0
2026-09-11 03:15:00,97.1,0,73,71.0,1,0,0
2026-09-11 03:20:00,97.5,0,70,72.3,1,0,0
2026-09-11 03:25:00,100.3,0,71,69.0,1,0,0
2026-09-11 03:30:00,101.3,0,70,74.2,1,0,0
2026-09-11 03:35:00,98.0,0,72,74.9,1,0,0
2026-09-11 03:40:00,99.6,0,69,71.3,1,0,0
2026-09-11 03:45:00,98.8,0,69,70.7,1,0,0
2026-09-11 03:50:00,99.7,0,69,73.0,1,0,0
2026-09-11 03:55:00,104.5,0,72,73.6,1,0,0
2026-09-11 04:00:00,103.5,0,69,75.9,1,0,0
2026-09-11 04:05:00,102.4,0,70,74.2,1,0,0
2026-09-11 04:10:00,104.1,0,68,74.5,1,0,0
2026-09-11 04:15:00,101.9,0,70,71.7,1,0,0
2026-09-11 04:20:00,104.4,0,74,70.8,1,0,0
2026-09-11 04:25:00,106.2,0,69,70.9,1,0,0
2026-09-11 04:30:00,106.7,0,71,72.3,1,0,0
2026-09-11 04:35:00,106.3,0,72,74.0,1,0,0
2026-09-11 04:40:00,108.6,0,69,77.7,1,0,0
2026-09-11 04:45:00,108.1,0,69,76.0,1,0,0
2026-09-11 04:50:00,108.4,0,74,71.3,1,0,0
2026-09-11 04:55:00,107.1,0,71,72.5,1,0,0
2026-09-11 05:00:00,104.9,0,71,74.0,1,0,0
2026-09-11 05:05:00,109.8,0,75,75.3,1,0,0
2026-09-11 05:10:00,109.8,0,68,70.6,1,0,0
2026-09-11 05:15:00,109.7,0,69,73.1,1,0,0
2026-09-11 05:20:00,110.8,1,67,72.6,1,0,0
2026-09-11 05:25:00,112.7,0,72,72.0,1,0,0
2026-09-11 05:30:00,108.6,0,67,78.8,1,0,0
2026-09-11 05:35:00,110.2,0,69,75.3,1,0,0
2026-09-11 05:40:00,112.4,0,72,74.6,1,0,0
2026-09-11 05:45:00,111.4,0,71,74.5,1,0,0
2026-09-11 05:50:00,110.6,0,71,70.8,1,0,0
2026-09-11 05:55:00,114.8,0,71,73.9,1,0,0
2026-09-11 06:00:00,111.2,0,75,72.9,1,0,0
2026-09-11 06:05:00,107.8,0,71,75.0,1,0,0
2026-09-11 06:10:00,107.2,0,69,79.6,1,0,0
2026-09-11 06:15:00,108.7,0,72,72.5,1,0,0
2026-09-11 06:20:00,104.9,0,74,75.6,1,0,0
2026-09-11 06:25:00,104.8,1,74,73.5,1,0,0
2026-09-11 06:30:00,99.8,0,72,72.4,1,0,0
2026-09-11 06:35:00,100.1,18,80,41.7,0,0,0
2026-09-11 06:40:00,98.3,43,83,44.4,0,0,0
2026-09-11 06:45:00,101.3,104,88,46.2,0,0,0
2026-09-11 06:50:00,99.8,30,81,45.3,0,0,0
2026-09-11 06:55:00,101.2,41,83,44.2,0,0,0
2026-09-11 07:00:00,101.2,23,76,45.0,0,0,0
2026-09-11 07:05:00,103.4,46,84,45.8,0,0,0
2026-09-11 07:10:00,103.1,42,81,48.1,0,0,0
2026-09-11 07:15:00,103.0,67,83,42.8,0,0,0
2026-09-11 07:20:00,102.4,55,81,45.8,0,0,0
2026-09-11 07:25:00,102.6,85,85,46.4,0,0,0
2026-09-11 07:30:00,101.7,63,83,45.9,0,0,0
2026-09-11 07:35:00,105.7,62,81,46.4,0,0,0
2026-09-11 07:40:00,105.5,57,82,46.1,0,0,0
2026-09-11 07:45:00,107.8,47,80,43.7,0,0,0
2026-09-11 07:50:00,105.8,31,82,43.0,0,51,70
2026-09-11 07:55:00,107.3,28,84,43.6,0,0,0
2026-09-11 08:00:00,108.6,86,85,47.8,0,0,0
2026-09-11 08:05:00,111.7,638,119,49.8,0,0,0
2026-09-11 08:10:00,111.6,547,112,44.2,0,0,0
2026-09-11 08:15:00,112.7,23,83,43.3,0,0,0
2026-09-11 08:20:00,115.2,35,88,45.5,0,0,0
2026-09-11 08:25:00,116.7,44,81,47.4,0,0,0
2026-09-11 08:30:00,119.3,35,79,48.2,0,0,0
2026-09-11 08:35:00,121.6,33,83,42.7,0,0,0
2026-09-11 08:40:00,123.4,28,82,45.4,0,0,0
2026-09-11 08:45:00,122.6,48,79,44.9,0,0,0
2026-09-11 08:50:00,120.3,98,85,43.2,0,0,0
2026-09-11 08:55:00,119.2,40,81,47.0,0,0,0
2026-09-11 09:00:00,117.0,33,80,49.0,0,0,0
2026-09-11 09:05:00,113.1,27,81,43.4,0,0,0
2026-09-11 09:10:00,111.0,46,83,49.6,0,0,0
2026-09-11 09:15:00,112.6,54,83,45.9,0,0,0
2026-09-11 09:20:00,115.5,76,82,48.0,0,0,0
2026-09-11 09:25:00,113.4,24,82,48.9,0,0,0
2026-09-11 09:30:00,111.8,27,80,47.3,0,0,0
2026-09-11 09:35:00,112.4,21,75,43.7,0,0,0
2026-09-11 09:40:00,113.4,69,83,42.0,0,0,0
2026-09-11 09:45:00,112.3,47,82,44.9,0,0,0
2026-09-11 09:50:00,113.3,44,82,44.5,0,0,0
2026-09-11 09:55:00,111.1,47,82,42.7,0,0,0
2026-09-11 10:00:00,111.7,58,83,46.4,0,0,0
2026-09-11 10:05:00,112.0,25,79,45.3,0,0,0
2026-09-11 10:10:00,109.9,44,82,44.3,0,0,0
2026-09-11 10:15:00,110.5,40,80,43.0,0,0,0
2026-09-11 10:20:00,108.6,52,84,44.6,0,0,0
2026-09-11 10:25:00,111.1,49,83,47.3,0,0,0
2026-09-11 10:30:00,109.1,113,86,40.7,0,0,0
2026-09-11 10:35:00,108.7,32,82,47.1,0,0,0
2026-09-11 10:40:00,107.6,43,80,42.2,0,0,0
2026-09-11 10:45:00,107.3,71,87,46.5,0,0,0
2026-09-11 10:50:00,106.0,50,81,46.0,0,0,0
2026-09-11 10:55:00,102.9,52,80,45.6,0,0,0
2026-09-11 11:00:00,102.1,75,80,46.7,0,0,0
2026-09-11 11:05:00,98.1,62,82,44.1,0,0,0
2026-09-11 11:10:00,95.2,31,78,40.9,0,0,0
2026-09-11 11:15:00,94.6,38,78,43.2,0,0,0
2026-09-11 11:20:00,93.3,37,84,47.4,0,0,0
2026-09-11 11:25:00,98.5,38,83,44.8,0,0,0
2026-09-11 11:30:00,99.8,54,84,46.8,0,0,0
2026-09-11 11:35:00,97.2,35,75,46.4,0,0,0
2026-09-11 11:40:00,95.8,24,82,40.5,0,0,0
2026-09-11 11:45:00,97.9,93,83,43.2,0,0,0
2026-09-11 11:50:00,95.5,27,80,44.3,0,0,0
2026-09-11 11:55:00,92.7,31,78,43.9,0,0,0
2026-09-11 12:00:00,97.6,24,81,50.0,0,0,0
2026-09-11 12:05:00,96.9,35,80,49.7,0,0,0
2026-09-11 12:10:00,99.8,38,83,42.1,0,0,0
2026-09-11 12:15:00,98.0,42,79,47.8,0,0,0
2026-09-11 12:20:00,98.0,75,81,46.3,0,0,0
2026-09-11 12:25:00,95.4,46,82,42.7,0,0,0
2026-09-11 12:30:00,97.1,25,82,42.9,0,0,0
2026-09-11 12:35:00,99.0,40,80,43.2,0,0,0
2026-09-11 12:40:00,98.6,75,83,46.2,0,0,0
2026-09-11 12:45:00,97.3,67,86,45.3,0,0,0
2026-09-11 12:50:00,99.6,74,87,46.1,0,0,0
2026-09-11 12:55:00,99.0,33,83,43.9,0,0,0
2026-09-11 13:00:00,99.3,88,83,45.8,0,0,0
2026-09-11 13:05:00,102.0,22,78,44.5,0,0,0
2026-09-11 13:10:00,97.5,61,80,44.9,0,0,0
2026-09-11 13:15:00,98.7,37,83,45.0,0,0,0
2026-09-11 13:20:00,100.6,52,80,44.5,0,0,0
2026-09-11 13:25:00,99.7,34,80,42.7,0,0,0
2026-09-11 13:30:00,99.3,11,85,45.3,0,0,0
2026-09-11 13:35:00,102.4,24,81,44.4,0,0,0
2026-09-11 13:40:00,99.2,60,87,46.3,0,51,50
2026-09-11 13:45:00,106.7,50,86,45.8,0,0,0
2026-09-11 13:50:00,106.1,31,85,45.6,0,0,0
2026-09-11 13:55:00,108.6,491,109,40.6,0,0,0
2026-09-11 14:00:00,111.5,468,109,45.6,0,0,0
2026-09-11 14:05:00,110.6,74,86,47.1,0,0,0
2026-09-11 14:10:00,107.2,59,80,49.1,0,0,0
2026-09-11 14:15:00,105.3,59,81,44.7,0,0,0
2026-09-11 14:20:00,104.2,72,84,41.9,0,0,0
2026-09-11 14:25:00,102.7,22,79,45.8,0,0,0
2026-09-11 14:30:00,104.3,44,82,41.4,0,0,0
2026-09-11 14:35:00,106.5,78,80,47.1,0,0,0
2026-09-11 14:40:00,108.4,57,83,43.1,0,0,0
2026-09-11 14:45:00,106.8,49,78,44.0,0,0,0
2026-09-11 14:50:00,103.9,36,83,44.0,0,0,0
2026-09-11 14:55:00,104.1,46,79,43.0,0,0,0
2026-09-11 15:00:00,105.2,58,81,42.7,0,0,0
2026-09-11 15:05:00,104.9,30,85,41.7,0,0,0
2026-09-11 15:10:00,107.6,56,82,43.0,0,0,0
2026-09-11 15:15:00,106.9,9,82,46.7,0,0,0
2026-09-11 15:20:00,111.5,67,88,44.8,0,0,0
2026-09-11 15:25:00,113.6,333,101,46.0,0,0,0
2026-09-11 15:30:00,112.7,330,97,43.5,0,0,0
2026-09-11 15:35:00,110.7,378,99,43.5,0,0,0
2026-09-11 15:40:00,109.2,49,82,44.7,0,0,0
2026-09-11 15:45:00,108.5,33,86,47.5,0,0,0
2026-09-11 15:50:00,103.7,83,83,44.8,0,0,0
2026-09-11 15:55:00,104.0,36,78,45.5,0,0,0
2026-09-11 16:00:00,103.9,54,83,46.1,0,0,0
2026-09-11 16:05:00,104.9,25,79,45.4,0,0,0
2026-09-11 16:10:00,107.0,40,84,40.0,0,0,0
2026-09-11 16:15:00,105.0,56,84,46.7,0,0,0
2026-09-11 16:20:00,104.6,156,92,47.7,0,0,0
2026-09-11 16:25:00,103.8,75,79,46.4,0,0,0
2026-09-11 16:30:00,107.6,44,84,45.5,0,0,0
2026-09-11 16:35:00,107.0,42,79,45.9,0,0,0
2026-09-11 16:40:00,105.9,76,83,47.5,0,0,0
2026-09-11 16:45:00,104.4,29,77,44.2,0,0,0
2026-09-11 16:50:00,104.6,43,80,48.1,0,0,0
2026-09-11 16:55:00,106.1,63,83,43.1,0,0,0
2026-09-11 17:00:00,108.0,64,84,43.9,0,0,0
2026-09-11 17:05:00,108.1,90,85,47.9,0,0,0
2026-09-11 17:10:00,109.2,47,81,46.7,0,0,0
2026-09-11 17:15:00,109.5,77,86,44.3,0,0,0
2026-09-11 17:20:00,110.3,18,80,45.7,0,0,0
2026-09-11 17:25:00,111.7,36,78,43.7,0,0,0
2026-09-11 17:30:00,108.2,42,78,46.1,0,0,0
2026-09-11 17:35:00,104.8,56,83,45.7,0,0,0
2026-09-11 17:40:00,102.1,63,84,41.8,0,0,0
2026-09-11 17:45:00,103.7,76,87,44.5,0,23,50
2026-09-11 17:50:00,102.1,516,111,42.2,0,0,0
2026-09-11 17:55:00,101.6,499,111,45.0,0,0,0
2026-09-11 18:00:00,99.9,917,139,46.7,0,0,0
2026-09-11 18:05:00,100.7,467,107,47.0,0,0,0
2026-09-11 18:10:00,100.8,52,82,44.1,0,0,0
2026-09-11 18:15:00,98.9,47,81,42.5,0,0,0
2026-09-11 18:20:00,100.2,25,80,44.8,0,0,0
2026-09-11 18:25:00,101.3,41,80,45.0,0,0,0
2026-09-11 18:30:00,103.4,57,84,44.3,0,0,0
2026-09-11 18:35:00,102.9,19,76,43.6,0,0,0
2026-09-11 18:40:00,103.0,35,82,48.4,0,0,0
2026-09-11 18:45:00,100.7,45,79,44.7,0,0,0
2026-09-11 18:50:00,101.5,54,82,44.4,0,0,0
2026-09-11 18:55:00,99.2,42,84,47.3,0,0,0
2026-09-11 19:00:00,100.7,39,86,46.0,0,0,0
2026-09-11 19:05:00,103.0,46,85,46.7,0,0,0
2026-09-11 19:10:00,101.4,52,82,42.7,0,0,0
2026-09-11 19:15:00,99.0,53,83,45.4,0,0,0
2026-09-11 19:20:00,95.7,29,81,42.3,0,0,0
2026-09-11 19:25:00,93.5,78,83,44.3,0,0,0
2026-09-11 19:30:00,92.4,516,111,48.3,0,0,0
2026-09-11 19:35:00,91.0,508,109,44.4,0,0,0
2026-09-11 19:40:00,92.9,516,106,48.7,0,0,0
2026-09-11 19:45:00,95.3,73,84,48.3,0,0,0
2026-09-11 19:50:00,95.1,46,83,42.8,0,0,0
2026-09-11 19:55:00,96.1,40,84,44.5,0,0,0
2026-09-11 20:00:00,99.7,88,87,44.4,0,0,0
2026-09-11 20:05:00,100.3,42,85,49.6,0,0,0
2026-09-11 20:10:00,101.4,29,80,42.3,0,0,0
2026-09-11 20:15:00,100.1,40,78,49.8,0,0,0
2026-09-11 20:20:00,100.3,57,81,47.0,0,0,0
2026-09-11 20:25:00,102.4,31,82,47.2,0,0,0
2026-09-11 20:30:00,101.8,101,85,42.8,0,0,0
2026-09-11 20:35:00,100.0,48,81,48.4,0,0,0
2026-09-11 20:40:00,100.9,26,83,46.3,0,0,0
2026-09-11 20:45:00,99.7,40,85,44.4,0,58,50
2026-09-11 20:50:00,105.4,51,86,44.7,0,0,0
2026-09-11 20:55:00,110.3,108,89,42.2,0,0,0
2026-09-11 21:00:00,114.8,423,104,44.8,0,0,0
2026-09-11 21:05:00,116.7,428,109,42.2,0,0,0
2026-09-11 21:10:00,119.1,43,83,44.6,0,0,0
2026-09-11 21:15:00,121.7,35,82,40.0,0,0,0
2026-09-11 21:20:00,118.4,50,80,49.1,0,0,0
2026-09-11 21:25:00,117.9,45,83,47.5,0,0,0
2026-09-11 21:30:00,118.3,101,86,45.9,0,0,0
2026-09-11 21:35:00,118.8,39,81,45.5,0,0,0
2026-09-11 21:40:00,116.2,83,85,44.4,0,0,0
2026-09-11 21:45:00,116.9,39,82,45.7,0,0,0
2026-09-11 21:50:00,113.9,35,82,46.0,0,0,0
2026-09-11 21:55:00,112.9,34,79,45.4,0,0,0
2026-09-11 22:00:00,113.1,27,85,46.7,0,0,0
2026-09-11 22:05:00,110.8,41,81,45.1,0,0,0
2026-09-11 22:10:00,109.0,40,82,42.2,0,0,0
2026-09-11 22:15:00,108.2,87,84,45.4,0,0,0
2026-09-11 22:20:00,104.5,38,81,44.3,0,0,0
2026-09-11 22:25:00,102.3,35,75,46.8,0,0,0
2026-09-11 22:30:00,95.7,69,83,46.3,0,0,0
2026-09-11 22:35:00,97.9,54,85,47.1,0,0,0
2026-09-11 22:40:00,92.9,66,78,45.7,0,0,0
2026-09-11 22:45:00,90.9,34,84,43.9,0,0,0
2026-09-11 22:50:00,88.6,78,85,45.0,0,0,0
2026-09-11 22:55:00,87.2,1,72,70.7,1,0,0
2026-09-11 23:00:00,89.0,0,69,72.6,1,0,0
2026-09-11 23:05:00,93.2,0,71,69.7,1,0,0
2026-09-11 23:10:00,94.9,1,66,73.0,1,0,0
2026-09-11 23:15:00,94.5,0,72,74.0,1,0,0
2026-09-11 23:20:00,95.5,0,69,76.1,1,0,0
2026-09-11 23:25:00,95.2,0,71,72.5,1,0,0
2026-09-11 23:30:00,94.5,0,72,69.8,1,0,0
2026-09-11 23:35:00,94.5,0,74,69.1,1,0,0
2026-09-11 23:40:00,91.4,0,69,76.4,1,0,0
2026-09-11 23:45:00,92.5,0,71,76.3,1,0,0
2026-09-11 23:50:00,92.8,0,74,70.5,1,0,0
2026-09-11 23:55:00,93.7,0,70,69.7,1,0,0
2026-09-12 00:00:00,95.2,0,72,72.7,1,0,0
2026-09-12 00:05:00,95.8,0,69,71.6,1,0,0
2026-09-12 00:10:00,95.8,0,69,76.0,1,0,0
2026-09-12 00:15:00,98.8,2,76,73.5,1,0,0
2026-09-12 00:20:00,98.2,0,69,72.0,1,0,0
2026-09-12 00:25:00,99.0,0,71,70.3,1,0,0
2026-09-12 00:30:00,100.1,0,71,72.5,1,0,0
2026-09-12 00:35:00,100.7,0,71,68.2,1,0,0
2026-09-12 00:40:00,98.1,2,71,73.6,1,0,0
2026-09-12 00:45:00,98.0,0,71,73.6,1,0,0
2026-09-12 00:50:00,98.5,0,67,75.0,1,0,0
2026-09-12 00:55:00,98.7,0,71,72.3,1,0,0
2026-09-12 01:00:00,98.0,1,70,73.9,1,0,0
2026-09-12 01:05:00,98.2,0,72,70.6,1,0,0
2026-09-12 01:10:00,97.3,0,70,71.8,1,0,0
2026-09-12 01:15:00,99.7,1,70,72.7,1,0,0
2026-09-12 01:20:00,98.6,0,72,74.8,1,0,0
2026-09-12 01:25:00,96.6,0,69,73.5,1,0,0
2026-09-12 01:30:00,94.7,1,71,72.2,1,0,0
2026-09-12 01:35:00,96.2,0,75,73.4,1,0,0
2026-09-12 01:40:00,96.2,0,73,70.1,1,0,0
2026-09-12 01:45:00,94.3,0,74,70.6,1,0,0
2026-09-12 01:50:00,93.8,0,70,70.6,1,0,0
2026-09-12 01:55:00,92.5,0,70,71.0,1,0,0
2026-09-12 02:00:00,92.1,0,74,71.4,1,0,0
2026-09-12 02:05:00,92.2,0,69,73.9,1,0,0
2026-09-12 02:10:00,90.3,0,71,73.2,1,0,0
2026-09-12 02:15:00,90.1,0,72,72.8,1,0,0
2026-09-12 02:20:00,89.8,0,70,72.4,1,0,0
2026-09-12 02:25:00,89.7,0,70,74.5,1,0,0
2026-09-12 02:30:00,90.9,1,72,70.6,1,0,0
2026-09-12 02:35:00,96.8,0,73,72.4,1,0,0
2026-09-12 02:40:00,97.4,1,72,73.6,1,0,0
2026-09-12 02:45:00,96.8,1,70,71.0,1,0,0
2026-09-12 02:50:00,95.3,0,73,72.2,1,0,0
2026-09-12 02:55:00,96.6,1,72,72.2,1,0,0
2026-09-12 03:00:00,97.5,1,69,71.7,1,0,0
2026-09-12 03:05:00,96.8,0,69,70.6,1,0,0
2026-09-12 03:10:00,98.8,0,69,75.7,1,0,0
2026-09-12 03:15:00,97.9,0,69,76.5,1,0,0
2026-09-12 03:20:00,99.7,0,74,74.3,1,0,0
2026-09-12 03:25:00,102.3,0,70,72.1,1,0,0
2026-09-12 03:30:00,100.5,0,74,71.2,1,0,0
2026-09-12 03:35:00,103.1,0,70,73.9,1,0,0
2026-09-12 03:40:00,101.5,0,72,71.7,1,0,0
2026-09-12 03:45:00,99.5,0,68,76.1,1,0,0
2026-09-12 03:50:00,101.5,1,72,71.2,1,0,0
2026-09-12 03:55:00,101.6,0,69,76.3,1,0,0
2026-09-12 04:00:00,102.1,0,71,71.9,1,0,0
2026-09-12 04:05:00,103.0,1,70,70.7,1,0,0
2026-09-12 04:10:00,101.7,0,72,71.3,1,0,0
2026-09-12 04:15:00,105.8,1,71,72.7,1,0,0
2026-09-12 04:20:00,105.8,0,71,70.5,1,0,0
2026-09-12 04:25:00,108.1,0,70,73.3,1,0,0
2026-09-12 04:30:00,106.0,0,71,72.6,1,0,0
2026-09-12 04:35:00,106.7,1,72,74.4,1,0,0
2026-09-12 04:40:00,106.4,0,70,70.6,1,0,0
2026-09-12 04:45:00,107.6,0,73,74.4,1,0,0
2026-09-12 04:50:00,108.4,0,72,70.8,1,0,0
2026-09-12 04:55:00,105.5,1,72,74.0,1,0,0
2026-09-12 05:00:00,106.7,0,70,72.3,1,0,0
2026-09-12 05:05:00,108.7,0,78,70.6,1,0,0
2026-09-12 05:10:00,104.0,0,71,75.2,1,0,0
2026-09-12 05:15:00,105.8,1,72,72.0,1,0,0
2026-09-12 05:20:00,110.3,0,71,71.6,1,0,0
2026-09-12 05:25:00,110.1,0,71,74.6,1,0,0
2026-09-12 05:30:00,113.3,0,71,73.3,1,0,0
2026-09-12 05:35:00,109.6,0,72,69.7,1,0,0
2026-09-12 05:40:00,109.6,0,71,73.7,1,0,0
2026-09-12 05:45:00,107.7,0,72,71.0,1,0,0
2026-09-12 05:50:00,107.6,0,71,72.8,1,0,0
2026-09-12 05:55:00,109.2,0,72,71.7,1,0,0
2026-09-12 06:00:00,110.0,1,71,69.8,1,0,0
2026-09-12 06:05:00,109.6,1,69,72.1,1,0,0
2026-09-12 06:10:00,111.5,0,67,74.2,1,0,0
2026-09-12 06:15:00,112.7,0,71,75.0,1,0,0
2026-09-12 06:20:00,113.3,65,82,43.8,0,0,0
2026-09-12 06:25:00,111.0,17,83,47.0,0,0,0
2026-09-12 06:30:00,108.6,52,83,42.1,0,0,0
2026-09-12 06:35:00,111.0,111,86,45.8,0,0,0
2026-09-12 06:40:00,109.0,21,80,44.8,0,0,0
2026-09-12 06:45:00,106.5,52,81,45.7,0,0,0
2026-09-12 06:50:00,109.1,42,83,44.3,0,0,0
2026-09-12 06:55:00,108.6,22,82,45.3,0,0,0
2026-09-12 07:00:00,107.0,69,83,42.7,0,0,0
2026-09-12 07:05:00,106.5,70,82,47.5,0,0,0
2026-09-12 07:10:00,106.1,20,81,43.7,0,0,0
2026-09-12 07:15:00,103.8,30,78,44.7,0,0,0
2026-09-12 07:20:00,102.3,86,87,41.7,0,31,55
2026-09-12 07:25:00,105.6,86,88,47.9,0,0,0
2026-09-12 07:30:00,106.3,43,87,45.2,0,0,0
2026-09-12 07:35:00,109.3,526,110,46.9,0,0,0
2026-09-12 07:40:00,107.4,508,111,46.0,0,0,0
2026-09-12 07:45:00,103.2,47,84,46.2,0,0,0
2026-09-12 07:50:00,101.5,109,87,44.1,0,0,0
2026-09-12 07:55:00,104.6,49,81,44.9,0,0,0
2026-09-12 08:00:00,106.3,21,78,46.3,0,0,0
2026-09-12 08:05:00,104.1,45,80,43.8,0,0,0
2026-09-12 08:10:00,107.4,48,79,43.4,0,0,0
2026-09-12 08:15:00,107.8,52,83,49.2,0,0,0
2026-09-12 08:20:00,106.9,65,83,40.8,0,0,0
2026-09-12 08:25:00,106.5,21,82,42.3,0,0,0
2026-09-12 08:30:00,103.6,57,84,44.8,0,0,0
2026-09-12 08:35:00,101.2,61,80,45.4,0,0,0
2026-09-12 08:40:00,100.8,59,80,45.2,0,0,0
2026-09-12 08:45:00,100.4,74,87,46.7,0,0,0
2026-09-12 08:50:00,101.8,38,81,43.3,0,0,0
2026-09-12 08:55:00,103.5,49,84,46.8,0,0,0
2026-09-12 09:00:00,100.5,92,86,45.1,0,0,0
2026-09-12 09:05:00,101.0,84,85,42.7,0,0,0
2026-09-12 09:10:00,101.8,29,77,44.2,0,0,0
2026-09-12 09:15:00,100.5,56,86,46.0,0,0,0
2026-09-12 09:20:00,97.6,50,82,45.7,0,0,0
2026-09-12 09:25:00,99.7,44,84,43.8,0,0,0
2026-09-12 09:30:00,99.2,15,82,46.8,0,0,0
2026-09-12 09:35:00,102.0,57,83,46.2,0,0,0
2026-09-12 09:40:00,99.8,42,84,47.6,0,0,0
2026-09-12 09:45:00,99.9,67,81,42.1,0,0,0
2026-09-12 09:50:00,101.2,43,82,43.3,0,0,0
2026-09-12 09:55:00,101.4,29,81,44.1,0,0,0
2026-09-12 10:00:00,101.1,31,80,43.1,0,0,0
2026-09-12 10:05:00,101.0,100,85,45.8,0,0,0
2026-09-12 10:10:00,103.7,103,84,47.9,0,0,0
2026-09-12 10:15:00,102.8,42,81,43.9,0,0,0
2026-09-12 10:20:00,101.6,39,81,46.2,0,0,0
2026-09-12 10:25:00,103.5,60,83,46.9,0,0,0
2026-09-12 10:30:00,101.5,37,78,45.1,0,0,0
2026-09-12 10:35:00,101.3,63,85,46.5,0,0,0
2026-09-12 10:40:00,98.2,57,80,47.8,0,0,0
2026-09-12 10:45:00,96.9,43,86,43.7,0,0,0
2026-09-12 10:50:00,96.1,47,81,44.8,0,0,0
2026-09-12 10:55:00,97.1,46,80,43.2,0,0,0
2026-09-12 11:00:00,100.8,29,80,41.0,0,0,0
2026-09-12 11:05:00,102.2,51,85,45.2,0,0,0
2026-09-12 11:10:00,105.1,19,81,43.7,0,0,0
2026-09-12 11:15:00,107.3,39,82,43.4,0,0,0
2026-09-12 11:20:00,103.3,97,88,48.2,0,0,0
2026-09-12 11:25:00,104.1,33,77,41.3,0,0,0
2026-09-12 11:30:00,106.7,48,81,40.1,0,0,0
2026-09-12 11:35:00,103.7,46,82,45.3,0,0,0
2026-09-12 11:40:00,102.1,57,84,48.5,0,0,0
2026-09-12 11:45:00,105.6,81,83,45.7,0,0,0
2026-09-12 11:50:00,106.6,49,82,44.3,0,0,0
2026-09-12 11:55:00,104.0,36,81,43.5,0,0,0
2026-09-12 12:00:00,102.8,46,83,44.8,0,0,0
2026-09-12 12:05:00,104.0,26,79,44.5,0,0,0
2026-09-12 12:10:00,101.9,52,81,45.9,0,0,0
2026-09-12 12:15:00,103.2,31,77,43.1,0,0,0
2026-09-12 12:20:00,102.6,44,81,44.6,0,0,0
2026-09-12 12:25:00,102.9,38,79,47.2,0,0,0
2026-09-12 12:30:00,104.2,44,79,46.1,0,0,0
2026-09-12 12:35:00,106.5,74,84,43.7,0,0,0
2026-09-12 12:40:00,106.1,82,84,44.9,0,0,0
2026-09-12 12:45:00,99.2,28,80,49.7,0,0,0
2026-09-12 12:50:00,100.7,25,80,46.7,0,0,0
2026-09-12 12:55:00,99.8,34,81,44.9,0,0,0
2026-09-12 13:00:00,101.9,58,83,46.1,0,0,0
2026-09-12 13:05:00,102.5,62,85,43.6,0,54,55
2026-09-12 13:10:00,101.1,99,88,43.4,0,0,0
2026-09-12 13:15:00,105.3,56,85,44.3,0,0,0
2026-09-12 13:20:00,111.2,520,114,45.9,0,0,0
2026-09-12 13:25:00,111.9,537,115,48.0,0,0,0
2026-09-12 13:30:00,110.6,42,83,42.3,0,0,0
2026-09-12 13:35:00,111.0,37,86,42.9,0,0,0
2026-09-12 13:40:00,110.5,25,77,42.9,0,0,0
2026-09-12 13:45:00,109.7,63,82,44.7,0,0,0
2026-09-12 13:50:00,112.2,60,81,45.2,0,0,0
2026-09-12 13:55:00,113.7,66,87,44.8,0,0,0
2026-09-12 14:00:00,114.9,112,85,45.2,0,0,0
2026-09-12 14:05:00,113.7,422,105,46.2,0,0,0
2026-09-12 14:10:00,114.0,424,108,46.8,0,0,0
2026-09-12 14:15:00,110.3,418,101,44.5,0,0,0
2026-09-12 14:20:00,112.4,405,103,42.8,0,0,0
2026-09-12 14:25:00,109.4,23,81,42.6,0,0,0
2026-09-12 14:30:00,108.2,41,81,42.5,0,0,0
2026-09-12 14:35:00,106.5,41,83,46.8,0,0,0
2026-09-12 14:40:00,110.6,46,81,42.0,0,0,0
2026-09-12 14:45:00,109.3,101,85,43.8,0,0,0
2026-09-12 14:50:00,109.7,63,84,46.1,0,0,0
2026-09-12 14:55:00,110.0,67,85,43.4,0,0,0
2026-09-12 15:00:00,108.8,69,82,43.1,0,0,0
2026-09-12 15:05:00,108.4,55,81,43.9,0,0,0
2026-09-12 15:10:00,104.6,35,77,49.2,0,0,0
2026-09-12 15:15:00,103.3,45,83,44.4,0,0,0
2026-09-12 15:20:00,102.0,24,81,41.6,0,0,0
2026-09-12 15:25:00,102.7,45,79,47.0,0,0,0
2026-09-12 15:30:00,103.2,54,82,46.8,0,0,0
2026-09-12 15:35:00,105.4,64,83,46.4,0,0,0
2026-09-12 15:40:00,102.9,42,82,47.3,0,0,0
2026-09-12 15:45:00,100.6,56,85,48.2,0,0,0
2026-09-12 15:50:00,102.0,40,83,42.9,0,0,0
2026-09-12 15:55:00,98.5,47,81,49.7,0,0,0
2026-09-12 16:00:00,99.3,42,83,46.0,0,0,0
2026-09-12 16:05:00,94.5,517,109,41.8,0,0,0
2026-09-12 16:10:00,96.3,521,109,44.6,0,0,0
2026-09-12 16:15:00,92.9,1016,142,47.2,0,0,0
2026-09-12 16:20:00,92.5,566,116,43.1,0,0,0
2026-09-12 16:25:00,93.5,625,117,46.2,0,0,0
2026-09-12 16:30:00,93.2,550,116,44.9,0,0,0
2026-09-12 16:35:00,95.7,54,81,45.6,0,0,0
2026-09-12 16:40:00,95.0,75,82,48.4,0,0,0
2026-09-12 16:45:00,94.2,48,88,44.1,0,0,0
2026-09-12 16:50:00,94.8,46,79,42.6,0,0,0
2026-09-12 16:55:00,90.4,34,78,45.3,0,0,0
2026-09-12 17:00:00,91.2,56,79,42.8,0,0,0
2026-09-12 17:05:00,90.6,42,82,43.3,0,0,0
2026-09-12 17:10:00,92.4,44,81,45.0,0,0,0
2026-09-12 17:15:00,94.7,30,83,46.1,0,0,0
2026-09-12 17:20:00,93.8,48,86,44.1,0,0,0
2026-09-12 17:25:00,97.1,48,83,42.6,0,0,0
2026-09-12 17:30:00,96.4,39,83,44.7,0,0,0
2026-09-12 17:35:00,96.5,36,82,42.1,0,0,0
2026-09-12 17:40:00,95.0,42,80,43.7,0,0,0
2026-09-12 17:45:00,96.9,26,82,43.1,0,0,0
2026-09-12 17:50:00,96.7,71,86,45.8,0,26,60
2026-09-12 17:55:00,95.3,56,83,42.6,0,0,0
2026-09-12 18:00:00,97.3,73,87,42.7,0,0,0
2026-09-12 18:05:00,97.9,398,109,45.1,0,0,0
2026-09-12 18:10:00,99.7,413,107,46.6,0,0,0
2026-09-12 18:15:00,100.2,54,88,41.4,0,0,0
2026-09-12 18:20:00,100.6,25,78,46.5,0,0,0
2026-09-12 18:25:00,102.5,31,78,42.9,0,0,0
2026-09-12 18:30:00,103.6,23,81,45.9,0,0,0
2026-09-12 18:35:00,102.2,25,77,43.5,0,0,0
2026-09-12 18:40:00,104.3,19,80,47.8,0,0,0
2026-09-12 18:45:00,108.8,77,82,43.6,0,0,0
2026-09-12 18:50:00,107.1,35,85,48.0,0,0,0
2026-09-12 18:55:00,108.3,68,82,43.6,0,0,0
2026-09-12 19:00:00,111.2,41,79,43.9,0,0,0
2026-09-12 19:05:00,110.8,26,82,44.9,0,0,0
2026-09-12 19:10:00,110.8,23,81,46.7,0,0,0
2026-09-12 19:15:00,108.6,31,79,45.2,0,0,0
2026-09-12 19:20:00,108.0,46,81,46.2,0,0,0
2026-09-12 19:25:00,112.1,66,88,43.2,0,0,0
2026-09-12 19:30:00,106.6,42,84,43.3,0,0,0
2026-09-12 19:35:00,108.1,117,83,44.4,0,0,0
2026-09-12 19:40:00,108.5,15,77,45.5,0,0,0
2026-09-12 19:45:00,110.6,49,80,42.3,0,0,0
2026-09-12 19:50:00,105.8,88,87,44.8,0,0,0
2026-09-12 19:55:00,104.1,38,82,45.9,0,0,0
2026-09-12 20:00:00,106.4,70,81,44.6,0,0,0
2026-09-12 20:05:00,106.2,24,83,44.3,0,0,0
2026-09-12 20:10:00,108.5,34,80,48.7,0,0,0
2026-09-12 20:15:00,106.5,37,79,47.1,0,0,0
2026-09-12 20:20:00,106.0,38,81,44.3,0,0,0
2026-09-12 20:25:00,108.3,49,81,43.7,0,0,0
2026-09-12 20:30:00,106.8,66,82,46.3,0,0,0
2026-09-12 20:35:00,108.5,33,81,48.8,0,0,0
2026-09-12 20:40:00,109.0,29,83,44.4,0,0,0
2026-09-12 20:45:00,109.5,27,81,45.4,0,0,0
2026-09-12 20:50:00,110.8,31,79,43.3,0,0,0
2026-09-12 20:55:00,107.8,33,84,43.6,0,51,50
2026-09-12 21:00:00,108.0,19,84,48.3,0,0,0
2026-09-12 21:05:00,110.2,28,82,47.5,0,0,0
2026-09-12 21:10:00,111.4,483,108,44.2,0,0,0
2026-09-12 21:15:00,111.5,515,112,43.1,0,0,0
2026-09-12 21:20:00,114.7,39,83,43.5,0,0,0
2026-09-12 21:25:00,111.1,41,80,44.0,0,0,0
2026-09-12 21:30:00,108.0,42,82,43.7,0,0,0
2026-09-12 21:35:00,108.3,74,81,46.2,0,0,0
2026-09-12 21:40:00,103.8,39,81,43.5,0,0,0
2026-09-12 21:45:00,101.4,31,84,47.6,0,0,0
2026-09-12 21:50:00,101.4,35,79,42.1,0,0,0
2026-09-12 21:55:00,98.8,0,74,74.7,1,0,0
2026-09-12 22:00:00,99.7,0,68,73.8,1,0,0
2026-09-12 22:05:00,100.6,0,70,73.6,1,0,0
2026-09-12 22:10:00,98.7,0,73,68.7,1,0,0
2026-09-12 22:15:00,100.3,0,73,73.4,1,0,0
2026-09-12 22:20:00,101.2,0,67,74.5,1,0,0
2026-09-12 22:25:00,104.4,0,70,71.6,1,0,0
2026-09-12 22:30:00,108.4,1,71,71.5,1,0,0
2026-09-12 22:35:00,107.8,2,73,74.2,1,0,0
2026-09-12 22:40:00,109.2,1,70,73.4,1,0,0
2026-09-12 22:45:00,110.1,0,73,71.3,1,0,0
2026-09-12 22:50:00,110.6,0,70,74.4,1,0,0
2026-09-12 22:55:00,107.2,2,72,76.5,1,0,0
2026-09-12 23:00:00,106.8,0,72,73.2,1,0,0
2026-09-12 23:05:00,106.9,0,73,73.6,1,0,0
2026-09-12 23:10:00,107.3,1,75,72.6,1,0,0
2026-09-12 23:15:00,107.3,1,70,73.7,1,0,0
2026-09-12 23:20:00,106.6,0,73,73.9,1,0,0
2026-09-12 23:25:00,108.1,0,74,77.0,1,0,0
2026-09-12 23:30:00,108.8,1,71,71.3,1,0,0
2026-09-12 23:35:00,111.8,0,70,73.3,1,0,0
2026-09-12 23:40:00,111.2,0,68,74.5,1,0,0
2026-09-12 23:45:00,111.2,0,74,73.5,1,0,0
2026-09-12 23:50:00,112.5,0,73,69.4,1,0,0
2026-09-12 23:55:00,110.5,1,73,73.5,1,0,0
2026-09-13 00:00:00,108.9,0,69,74.3,1,0,0
2026-09-13 00:05:00,109.1,0,69,71.9,1,0,0
2026-09-13 00:10:00,106.2,0,72,73.9,1,0,0
2026-09-13 00:15:00,105.3,0,73,74.0,1,0,0
2026-09-13 00:20:00,101.8,0,68,75.0,1,0,0
2026-09-13 00:25:00,101.0,0,73,75.7,1,0,0
2026-09-13 00:30:00,103.0,0,72,71.0,1,0,0
2026-09-13 00:35:00,100.5,1,71,72.0,1,0,0
2026-09-13 00:40:00,100.9,0,73,76.1,1,0,0
2026-09-13 00:45:00,99.4,0,75,73.3,1,0,0
2026-09-13 00:50:00,96.2,0,71,76.3,1,0,0
2026-09-13 00:55:00,97.4,0,70,75.5,1,0,0
2026-09-13 01:00:00,95.8,0,71,72.8,1,0,0
2026-09-13 01:05:00,100.7,0,71,73.6,1,0,0
2026-09-13 01:10:00,97.0,0,70,77.5,1,0,0
2026-09-13 01:15:00,98.8,0,72,74.7,1,0,0
2026-09-13 01:20:00,99.8,0,71,74.3,1,0,0
2026-09-13 01:25:00,99.2,0,69,73.1,1,0,0
2026-09-13 01:30:00,103.7,0,69,71.3,1,0,0
2026-09-13 01:35:00,102.9,1,69,74.7,1,0,0
2026-09-13 01:40:00,103.0,1,72,75.4,1,0,0
2026-09-13 01:45:00,101.7,0,68,74.8,1,0,0
2026-09-13 01:50:00,102.6,1,72,74.2,1,0,0
2026-09-13 01:55:00,101.1,0,72,74.7,1,0,0
2026-09-13 02:00:00,102.1,0,73,72.5,1,0,0
2026-09-13 02:05:00,102.2,2,69,72.4,1,0,0
2026-09-13 02:10:00,102.7,1,74,71.0,1,0,0
2026-09-13 02:15:00,101.6,0,74,71.8,1,0,0
2026-09-13 02:20:00,104.9,0,69,70.4,1,0,0
2026-09-13 02:25:00,101.6,0,71,74.1,1,0,0
2026-09-13 02:30:00,99.8,2,71,72.4,1,0,0
2026-09-13 02:35:00,96.6,0,72,71.4,1,0,0
2026-09-13 02:40:00,101.1,1,70,74.5,1,0,0
2026-09-13 02:45:00,98.1,0,76,71.6,1,0,0
2026-09-13 02:50:00,100.0,0,68,73.5,1,0,0
2026-09-13 02:55:00,98.9,0,71,73.8,1,0,0
2026-09-13 03:00:00,96.1,0,69,74.5,1,0,0
2026-09-13 03:05:00,95.0,0,69,73.9,1,0,0
2026-09-13 03:10:00,94.3,0,71,73.3,1,0,0
2026-09-13 03:15:00,92.5,0,67,71.0,1,0,0
2026-09-13 03:20:00,95.0,0,70,71.9,1,0,0
2026-09-13 03:25:00,95.5,0,69,75.5,1,0,0
2026-09-13 03:30:00,94.2,0,71,74.4,1,0,0
2026-09-13 03:35:00,98.4,1,67,71.7,1,0,0
2026-09-13 03:40:00,106.4,1,73,73.3,1,0,0
2026-09-13 03:45:00,107.2,1,72,73.6,1,0,0
2026-09-13 03:50:00,110.0,0,68,72.4,1,0,0
2026-09-13 03:55:00,109.5,0,71,73.0,1,0,0
2026-09-13 04:00:00,109.9,0,72,73.6,1,0,0
2026-09-13 04:05:00,106.8,0,74,74.0,1,0,0
2026-09-13 04:10:00,107.0,1,73,73.5,1,0,0
2026-09-13 04:15:00,109.0,0,69,73.6,1,0,0
2026-09-13 04:20:00,106.7,0,69,74.0,1,0,0
2026-09-13 04:25:00,108.2,0,69,71.0,1,0,0
2026-09-13 04:30:00,109.8,0,70,75.4,1,0,0
2026-09-13 04:35:00,109.4,0,68,72.4,1,0,0
2026-09-13 04:40:00,111.5,0,71,75.9,1,0,0
2026-09-13 04:45:00,107.6,1,77,69.8,1,0,0
2026-09-13 04:50:00,104.2,0,73,73.6,1,0,0
2026-09-13 04:55:00,103.1,0,74,70.8,1,0,0
2026-09-13 05:00:00,102.7,1,71,74.6,1,0,0
2026-09-13 05:05:00,100.5,0,74,76.1,1,0,0
2026-09-13 05:10:00,99.9,0,72,74.8,1,0,0
2026-09-13 05:15:00,101.2,0,67,70.2,1,0,0
2026-09-13 05:20:00,102.0,0,75,72.1,1,0,0
2026-09-13 05:25:00,102.2,0,74,73.4,1,0,0
2026-09-13 05:30:00,103.8,34,80,48.4,0,0,0
2026-09-13 05:35:00,108.0,16,79,44.2,0,0,0
2026-09-13 05:40:00,107.9,83,87,44.7,0,0,0
2026-09-13 05:45:00,105.6,60,82,44.6,0,0,0
2026-09-13 05:50:00,105.9,47,80,44.4,0,0,0
2026-09-13 05:55:00,108.2,37,83,44.6,0,0,0
2026-09-13 06:00:00,108.0,45,83,47.8,0,0,0
2026-09-13 06:05:00,106.8,64,83,45.9,0,0,0
2026-09-13 06:10:00,106.4,76,86,44.8,0,0,0
2026-09-13 06:15:00,104.5,88,86,45.5,0,0,0
2026-09-13 06:20:00,103.8,68,80,45.5,0,0,0
2026-09-13 06:25:00,102.6,37,80,44.2,0,0,0
2026-09-13 06:30:00,106.0,37,80,44.7,0,0,0
2026-09-13 06:35:00,105.3,56,83,43.9,0,0,0
2026-09-13 06:40:00,101.2,68,80,43.6,0,0,0
2026-09-13 06:45:00,102.0,100,82,44.9,0,0,0
2026-09-13 06:50:00,98.2,95,85,45.8,0,0,0
2026-09-13 06:55:00,95.7,26,78,46.1,0,0,0
2026-09-13 07:00:00,95.5,32,83,45.4,0,0,0
2026-09-13 07:05:00,95.7,75,86,46.1,0,0,0
2026-09-13 07:10:00,96.5,36,82,49.5,0,0,0
2026-09-13 07:15:00,99.1,73,83,43.2,0,0,0
2026-09-13 07:20:00,99.3,22,83,44.6,0,0,0
2026-09-13 07:25:00,101.8,61,83,45.2,0,0,0
2026-09-13 07:30:00,102.1,24,81,48.2,0,0,0
2026-09-13 07:35:00,102.6,46,82,47.7,0,0,0
2026-09-13 07:40:00,103.3,27,85,49.0,0,0,0
2026-09-13 07:45:00,101.2,71,86,44.9,0,0,0
2026-09-13 07:50:00,98.7,59,81,41.9,0,0,0
2026-09-13 07:55:00,98.3,68,83,44.0,0,0,0
2026-09-13 08:00:00,99.9,47,82,44.3,0,65,70
2026-09-13 08:05:00,107.3,41,85,40.5,0,0,0
2026-09-13 08:10:00,108.6,47,85,44.7,0,0,0
2026-09-13 08:15:00,111.3,483,110,45.5,0,0,0
2026-09-13 08:20:00,113.2,479,113,44.3,0,0,0
2026-09-13 08:25:00,118.1,38,85,42.6,0,0,0
2026-09-13 08:30:00,120.5,15,82,43.4,0,0,0
2026-09-13 08:35:00,122.0,50,84,43.8,0,0,0
2026-09-13 08:40:00,125.2,82,85,47.3,0,0,0
2026-09-13 08:45:00,124.4,86,83,48.5,0,0,0
2026-09-13 08:50:00,126.5,22,80,45.8,0,0,0
2026-09-13 08:55:00,125.7,79,81,44.9,0,0,0
2026-09-13 09:00:00,123.9,75,83,42.1,0,0,0
2026-09-13 09:05:00,122.1,59,80,44.1,0,0,0
2026-09-13 09:10:00,122.1,35,82,48.0,0,0,0
2026-09-13 09:15:00,119.4,50,87,41.0,0,0,0
2026-09-13 09:20:00,119.4,33,83,44.2,0,0,0
2026-09-13 09:25:00,118.9,52,81,42.3,0,0,0
2026-09-13 09:30:00,113.9,69,81,46.5,0,0,0
2026-09-13 09:35:00,113.6,48,81,44.1,0,0,0
2026-09-13 09:40:00,111.8,86,82,45.2,0,0,0
2026-09-13 09:45:00,111.9,36,79,45.9,0,0,0
2026-09-13 09:50:00,110.3,77,81,46.3,0,0,0
2026-09-13 09:55:00,111.8,31,81,47.6,0,0,0
2026-09-13 10:00:00,113.1,44,82,45.6,0,0,0
2026-09-13 10:05:00,115.0,29,79,45.4,0,0,0
2026-09-13 10:10:00,111.6,78,85,45.1,0,0,0
2026-09-13 10:15:00,106.9,38,84,48.5,0,0,0
2026-09-13 10:20:00,106.7,65,86,45.8,0,0,0
2026-09-13 10:25:00,104.6,46,86,44.9,0,0,0
2026-09-13 10:30:00,104.3,37,80,45.5,0,0,0
2026-09-13 10:35:00,106.5,65,84,44.9,0,0,0
2026-09-13 10:40:00,108.1,24,85,44.3,0,0,0
2026-09-13 10:45:00,106.2,39,84,47.9,0,0,0
2026-09-13 10:50:00,104.2,55,81,43.4,0,0,0
2026-09-13 10:55:00,103.3,52,83,45.4,0,0,0
2026-09-13 11:00:00,100.6,33,82,41.7,0,0,0
2026-09-13 11:05:00,99.2,58,84,45.0,0,0,0
2026-09-13 11:10:00,99.8,38,81,48.8,0,0,0
2026-09-13 11:15:00,98.6,35,85,46.1,0,0,0
2026-09-13 11:20:00,102.1,18,81,41.0,0,0,0
2026-09-13 11:25:00,104.1,47,83,46.4,0,0,0
2026-09-13 11:30:00,104.2,72,85,43.5,0,0,0
2026-09-13 11:35:00,105.9,56,85,47.6,0,0,0
2026-09-13 11:40:00,105.3,57,83,43.9,0,0,0
2026-09-13 11:45:00,103.1,37,80,40.9,0,0,0
2026-09-13 11:50:00,103.0,30,83,46.3,0,0,0
2026-09-13 11:55:00,101.9,77,81,49.0,0,0,0
2026-09-13 12:00:00,103.0,65,86,43.5,0,0,0
2026-09-13 12:05:00,102.0,62,82,45.6,0,0,0
2026-09-13 12:10:00,101.0,65,83,43.5,0,0,0
2026-09-13 12:15:00,102.6,343,101,44.5,0,0,0
2026-09-13 12:20:00,101.9,338,99,42.7,0,0,0
2026-09-13 12:25:00,100.9,314,97,44.4,0,0,0
2026-09-13 12:30:00,101.4,327,99,47.0,0,0,0
2026-09-13 12:35:00,99.9,35,82,47.1,0,0,0
2026-09-13 12:40:00,100.1,39,81,48.1,0,0,0
2026-09-13 12:45:00,100.7,63,81,44.8,0,0,0
2026-09-13 12:50:00,99.6,27,85,44.4,0,0,0
2026-09-13 12:55:00,97.4,89,86,46.0,0,0,0
2026-09-13 13:00:00,99.5,29,82,48.2,0,0,0
2026-09-13 13:05:00,99.8,38,81,45.9,0,0,0
2026-09-13 13:10:00,101.4,32,79,43.5,0,0,0
2026-09-13 13:15:00,102.2,25,79,44.7,0,0,0
2026-09-13 13:20:00,101.7,38,81,43.0,0,0,0
2026-09-13 13:25:00,101.9,64,85,44.8,0,0,0
2026-09-13 13:30:00,101.8,53,80,45.7,0,0,0
2026-09-13 13:35:00,100.5,18,80,41.2,0,0,0
2026-09-13 13:40:00,101.0,45,84,44.8,0,0,0
2026-09-13 13:45:00,100.3,50,81,45.7,0,0,0
2026-09-13 13:50:00,99.2,27,82,40.9,0,65,55
2026-09-13 13:55:00,108.6,52,84,46.2,0,0,0
2026-09-13 14:00:00,114.2,63,88,43.5,0,0,0
2026-09-13 14:05:00,119.6,28,82,47.2,0,0,0
2026-09-13 14:10:00,120.9,54,85,42.2,0,0,0
2026-09-13 14:15:00,120.1,18,85,44.3,0,0,0
2026-09-13 14:20:00,116.2,36,83,43.1,0,0,0
2026-09-13 14:25:00,117.5,36,81,44.5,0,0,0
2026-09-13 14:30:00,117.2,48,84,47.5,0,0,0
2026-09-13 14:35:00,120.3,45,80,45.9,0,0,0
2026-09-13 14:40:00,122.5,55,81,44.3,0,0,0
2026-09-13 14:45:00,120.7,23,83,45.3,0,0,0
2026-09-13 14:50:00,121.5,51,80,44.0,0,0,0
2026-09-13 14:55:00,125.7,56,80,42.9,0,0,0
2026-09-13 15:00:00,125.2,25,78,47.0,0,0,0
2026-09-13 15:05:00,123.6,65,80,43.6,0,0,0
2026-09-13 15:10:00,121.3,26,81,46.8,0,0,0
2026-09-13 15:15:00,116.5,59,81,40.9,0,0,0
2026-09-13 15:20:00,115.1,29,81,44.5,0,0,0
2026-09-13 15:25:00,113.7,23,84,47.0,0,0,0
2026-09-13 15:30:00,111.7,50,81,43.7,0,0,0
2026-09-13 15:35:00,109.6,64,82,45.8,0,0,0
2026-09-13 15:40:00,109.9,36,83,46.2,0,0,0
2026-09-13 15:45:00,105.9,42,80,43.3,0,0,0
2026-09-13 15:50:00,109.3,61,82,45.5,0,0,0
2026-09-13 15:55:00,105.9,33,84,44.3,0,0,0
2026-09-13 16:00:00,103.7,57,81,49.3,0,0,0
2026-09-13 16:05:00,101.4,22,84,43.4,0,0,0
2026-09-13 16:10:00,100.6,47,83,42.7,0,0,0
2026-09-13 16:15:00,100.8,62,82,46.6,0,0,0
2026-09-13 16:20:00,102.2,36,84,44.4,0,0,0
2026-09-13 16:25:00,105.0,48,83,45.5,0,0,0
2026-09-13 16:30:00,103.3,27,80,44.9,0,0,0
2026-09-13 16:35:00,106.9,31,78,41.9,0,0,0
2026-09-13 16:40:00,104.2,55,82,47.6,0,0,0
2026-09-13 16:45:00,103.7,52,81,43.7,0,0,0
2026-09-13 16:50:00,103.2,25,79,42.2,0,0,0
2026-09-13 16:55:00,100.6,47,80,47.1,0,0,0
2026-09-13 17:00:00,98.4,24,84,45.8,0,46,80
2026-09-13 17:05:00,100.7,51,84,40.9,0,0,0
2026-09-13 17:10:00,100.8,80,89,44.6,0,0,0
2026-09-13 17:15:00,104.5,966,138,47.1,0,0,0
2026-09-13 17:20:00,109.7,983,141,44.5,0,0,0
2026-09-13 17:25:00,109.2,576,118,46.2,0,0,0
2026-09-13 17:30:00,105.7,558,117,47.2,0,0,0
2026-09-13 17:35:00,105.5,64,85,42.9,0,0,0
2026-09-13 17:40:00,107.3,21,77,47.6,0,0,0
2026-09-13 17:45:00,108.6,92,83,46.4,0,0,0
2026-09-13 17:50:00,107.2,111,86,48.3,0,0,0
2026-09-13 17:55:00,105.8,31,79,40.9,0,0,0
2026-09-13 18:00:00,106.5,25,80,45.2,0,0,0
2026-09-13 18:05:00,106.0,32,80,48.5,0,0,0
2026-09-13 18:10:00,107.5,58,81,46.4,0,0,0
2026-09-13 18:15:00,105.8,78,85,45.8,0,0,0
2026-09-13 18:20:00,106.0,29,79,50.4,0,0,0
2026-09-13 18:25:00,106.6,29,79,47.5,0,0,0
2026-09-13 18:30:00,106.5,51,83,42.4,0,0,0
2026-09-13 18:35:00,105.1,33,83,45.9,0,0,0
2026-09-13 18:40:00,104.4,33,81,44.2,0,0,0
2026-09-13 18:45:00,105.9,48,83,45.3,0,0,0
2026-09-13 18:50:00,103.7,30,83,44.6,0,0,0
2026-09-13 18:55:00,102.0,49,80,49.1,0,0,0
2026-09-13 19:00:00,99.4,36,83,45.3,0,0,0
2026-09-13 19:05:00,99.8,87,81,49.4,0,0,0
2026-09-13 19:10:00,98.2,69,84,41.7,0,0,0
2026-09-13 19:15:00,99.2,72,86,47.8,0,0,0
2026-09-13 19:20:00,102.0,20,79,45.6,0,0,0
2026-09-13 19:25:00,100.3,55,82,46.5,0,0,0
2026-09-13 19:30:00,97.8,48,76,44.4,0,0,0
2026-09-13 19:35:00,98.1,43,86,49.1,0,0,0
2026-09-13 19:40:00,98.2,37,81,48.4,0,0,0
2026-09-13 19:45:00,97.4,34,82,45.1,0,0,0
2026-09-13 19:50:00,95.1,34,84,46.3,0,0,0
2026-09-13 19:55:00,94.6,39,78,42.6,0,0,0
2026-09-13 20:00:00,98.2,78,82,45.0,0,0,0
2026-09-13 20:05:00,96.2,65,82,47.3,0,0,0
2026-09-13 20:10:00,94.7,55,79,41.0,0,0,0
2026-09-13 20:15:00,94.5,49,82,47.4,0,0,0
2026-09-13 20:20:00,95.6,71,87,43.2,0,0,0
2026-09-13 20:25:00,95.3,52,79,45.0,0,0,0
2026-09-13 20:30:00,93.7,68,83,47.6,0,0,0
2026-09-13 20:35:00,94.5,68,86,47.2,0,0,0
2026-09-13 20:40:00,97.1,29,80,42.2,0,0,0
2026-09-13 20:45:00,97.9,32,80,45.5,0,0,0
2026-09-13 20:50:00,96.8,33,82,43.7,0,0,0
2026-09-13 20:55:00,98.8,58,88,44.0,0,0,0
2026-09-13 21:00:00,96.4,79,81,46.1,0,0,0
2026-09-13 21:05:00,95.9,52,82,43.8,0,0,0
2026-09-13 21:10:00,99.6,61,83,44.9,0,0,0
2026-09-13 21:15:00,103.8,65,82,43.6,0,0,0
2026-09-13 21:20:00,101.9,54,80,48.2,0,0,0
2026-09-13 21:25:00,105.2,37,81,46.7,0,0,0
2026-09-13 21:30:00,105.8,29,85,42.7,0,46,68
2026-09-13 21:35:00,109.8,36,83,44.0,0,0,0
2026-09-13 21:40:00,114.2,44,82,44.6,0,0,0
2026-09-13 21:45:00,117.9,508,112,44.3,0,0,0
2026-09-13 21:50:00,121.6,535,113,44.6,0,0,0
2026-09-13 21:55:00,120.9,61,82,45.1,0,0,0
2026-09-13 22:00:00,123.2,35,83,47.2,0,0,0
2026-09-13 22:05:00,122.4,58,81,44.7,0,0,0
2026-09-13 22:10:00,121.6,59,79,44.2,0,0,0
2026-09-13 22:15:00,119.7,41,80,48.4,0,0,0
2026-09-13 22:20:00,120.7,75,85,45.2,0,0,0
2026-09-13 22:25:00,120.6,18,78,45.9,0,0,0
2026-09-13 22:30:00,118.6,41,83,43.6,0,0,0
2026-09-13 22:35:00,117.1,59,82,45.5,0,0,0
2026-09-13 22:40:00,116.7,29,84,47.2,0,0,0
2026-09-13 22:45:00,114.8,34,83,45.2,0,0,0
2026-09-13 22:50:00,115.3,37,85,48.3,0,0,0
2026-09-13 22:55:00,115.6,29,82,45.0,0,0,0
2026-09-13 23:00:00,112.8,30,81,45.9,0,0,0
2026-09-13 23:05:00,112.0,49,82,45.0,0,0,0
2026-09-13 23:10:00,110.5,14,77,44.5,0,0,0
2026-09-13 23:15:00,110.6,43,81,45.4,0,0,0
2026-09-13 23:20:00,111.0,60,82,45.8,0,0,0
2026-09-13 23:25:00,112.8,1,72,74.7,1,0,0
2026-09-13 23:30:00,112.3,0,71,75.6,1,0,0
2026-09-13 23:35:00,111.8,0,69,76.2,1,0,0
2026-09-13 23:40:00,110.4,0,70,75.4,1,0,0
2026-09-13 23:45:00,107.8,0,71,71.7,1,0,0
2026-09-13 23:50:00,106.1,0,69,74.5,1,0,0
2026-09-13 23:55:00,105.5,1,73,71.2,1,0,0
2026-09-14 00:00:00,102.4,0,71,74.7,1,0,0
2026-09-14 00:05:00,102.3,1,72,73.7,1,0,0
2026-09-14 00:10:00,101.5,0,67,74.6,1,0,0
2026-09-14 00:15:00,98.7,0,72,72.4,1,0,0
2026-09-14 00:20:00,99.9,1,72,72.5,1,0,0
2026-09-14 00:25:00,98.7,0,72,72.2,1,0,0
2026-09-14 00:30:00,97.7,1,70,74.7,1,0,0
2026-09-14 00:35:00,99.0,0,71,76.4,1,0,0
2026-09-14 00:40:00,97.9,0,71,71.7,1,0,0
2026-09-14 00:45:00,96.3,0,73,78.9,1,0,0
2026-09-14 00:50:00,96.4,1,71,72.0,1,0,0
2026-09-14 00:55:00,96.1,0,70,73.1,1,0,0
2026-09-14 01:00:00,93.4,2,73,73.5,1,0,0
2026-09-14 01:05:00,94.3,0,71,74.5,1,0,0
2026-09-14 01:10:00,94.0,1,70,73.1,1,0,0
2026-09-14 01:15:00,96.9,1,73,69.7,1,0,0
2026-09-14 01:20:00,95.7,0,73,71.6,1,0,0
2026-09-14 01:25:00,95.1,0,70,73.2,1,0,0
2026-09-14 01:30:00,97.2,1,71,73.6,1,0,0
2026-09-14 01:35:00,97.5,0,66,73.5,1,0,0
2026-09-14 01:40:00,98.4,1,71,76.4,1,0,0
2026-09-14 01:45:00,95.8,0,72,71.2,1,0,0
2026-09-14 01:50:00,96.4,0,70,74.6,1,0,0
2026-09-14 01:55:00,97.3,0,68,74.1,1,0,0
2026-09-14 02:00:00,96.8,0,71,71.4,1,0,0
2026-09-14 02:05:00,95.5,0,67,74.3,1,0,0
2026-09-14 02:10:00,96.0,0,69,74.5,1,0,0
2026-09-14 02:15:00,92.2,1,74,76.1,1,0,0
2026-09-14 02:20:00,96.5,0,74,73.4,1,0,0
2026-09-14 02:25:00,100.1,0,72,74.7,1,0,0
2026-09-14 02:30:00,100.3,0,70,71.9,1,0,0
2026-09-14 02:35:00,105.5,0,67,74.5,1,0,0
2026-09-14 02:40:00,107.4,0,71,77.9,1,0,0
2026-09-14 02:45:00,104.9,0,71,72.2,1,0,0
2026-09-14 02:50:00,104.2,0,71,72.7,1,0,0
2026-09-14 02:55:00,107.4,0,73,68.1,1,0,0
2026-09-14 03:00:00,104.0,0,72,71.1,1,0,0
2026-09-14 03:05:00,104.9,1,74,76.1,1,0,0
2026-09-14 03:10:00,106.2,1,72,71.2,1,0,0
2026-09-14 03:15:00,108.9,0,72,72.8,1,0,0
2026-09-14 03:20:00,109.7,1,68,69.2,1,0,0
2026-09-14 03:25:00,107.6,0,74,71.6,1,0,0
2026-09-14 03:30:00,109.3,1,72,70.3,1,0,0
2026-09-14 03:35:00,105.9,0,69,73.2,1,0,0
2026-09-14 03:40:00,104.3,0,72,73.5,1,0,0
2026-09-14 03:45:00,105.3,0,72,74.3,1,0,0
2026-09-14 03:50:00,106.4,0,71,74.2,1,0,0
2026-09-14 03:55:00,105.9,0,71,71.0,1,0,0
2026-09-14 04:00:00,107.5,0,71,72.6,1,0,0
2026-09-14 04:05:00,106.5,0,72,75.4,1,0,0
2026-09-14 04:10:00,107.7,0,73,74.3,1,0,0
2026-09-14 04:15:00,111.5,0,73,75.2,1,0,0
2026-09-14 04:20:00,109.3,2,73,72.7,1,0,0
2026-09-14 04:25:00,110.5,0,66,73.9,1,0,0
2026-09-14 04:30:00,110.5,0,74,73.2,1,0,0
2026-09-14 04:35:00,108.6,0,69,75.8,1,0,0
2026-09-14 04:40:00,108.4,0,70,74.0,1,0,0
2026-09-14 04:45:00,107.5,0,72,75.1,1,0,0
2026-09-14 04:50:00,108.3,0,69,69.5,1,0,0
2026-09-14 04:55:00,105.8,0,73,75.5,1,0,0
2026-09-14 05:00:00,106.7,0,71,76.1,1,0,0
2026-09-14 05:05:00,106.2,0,72,75.1,1,0,0
2026-09-14 05:10:00,105.7,2,68,71.0,1,0,0
2026-09-14 05:15:00,108.3,0,73,74.4,1,0,0
2026-09-14 05:20:00,106.8,0,71,71.8,1,0,0
2026-09-14 05:25:00,107.0,0,69,73.3,1,0,0
2026-09-14 05:30:00,106.7,1,72,71.0,1,0,0
2026-09-14 05:35:00,108.9,1,72,75.9,1,0,0
2026-09-14 05:40:00,106.1,1,70,72.9,1,0,0
2026-09-14 05:45:00,111.2,1,69,71.4,1,0,0
2026-09-14 05:50:00,112.0,2,72,75.4,1,0,0
2026-09-14 05:55:00,110.8,0,75,72.4,1,0,0
2026-09-14 06:00:00,109.6,1,76,71.2,1,0,0
2026-09-14 06:05:00,109.7,0,66,72.8,1,0,0
2026-09-14 06:10:00,106.7,0,74,71.5,1,0,0
2026-09-14 06:15:00,108.5,0,68,73.2,1,0,0
2026-09-14 06:20:00,108.0,0,73,73.3,1,0,0
2026-09-14 06:25:00,109.1,0,69,75.9,1,0,0
2026-09-14 06:30:00,106.7,0,71,73.9,1,0,0
2026-09-14 06:35:00,106.0,0,74,71.7,1,0,0
2026-09-14 06:40:00,105.4,0,71,75.4,1,0,0
2026-09-14 06:45:00,105.2,1,71,72.3,1,0,0
2026-09-14 06:50:00,103.0,0,66,73.0,1,0,0
2026-09-14 06:55:00,102.6,0,69,74.2,1,0,0
2026-09-14 07:00:00,103.2,17,80,45.6,0,0,0
2026-09-14 07:05:00,103.1,84,88,50.1,0,0,0
2026-09-14 07:10:00,102.2,113,87,42.4,0,0,0
2026-09-14 07:15:00,101.6,51,83,49.6,0,0,0
2026-09-14 07:20:00,98.1,68,84,46.3,0,0,0
2026-09-14 07:25:00,98.4,41,81,46.2,0,0,0
2026-09-14 07:30:00,96.3,74,86,43.5,0,0,0
2026-09-14 07:35:00,97.1,53,83,43.2,0,0,0
2026-09-14 07:40:00,99.3,19,83,43.2,0,0,0
2026-09-14 07:45:00,97.8,83,82,46.0,0,0,0
2026-09-14 07:50:00,97.4,48,80,45.4,0,0,0
2026-09-14 07:55:00,96.4,37,84,47.6,0,0,0
2026-09-14 08:00:00,95.0,23,82,48.6,0,27,55
2026-09-14 08:05:00,100.5,53,85,42.2,0,0,0
2026-09-14 08:10:00,103.0,54,83,44.1,0,0,0
2026-09-14 08:15:00,104.7,509,112,44.4,0,0,0
2026-09-14 08:20:00,109.7,498,111,47.5,0,0,0
2026-09-14 08:25:00,114.3,38,83,44.1,0,0,0
2026-09-14 08:30:00,112.8,67,86,45.9,0,0,0
2026-09-14 08:35:00,111.3,52,82,46.0,0,0,0
2026-09-14 08:40:00,111.0,25,81,47.0,0,0,0
2026-09-14 08:45:00,111.4,30,80,46.7,0,0,0
2026-09-14 08:50:00,112.1,36,85,47.6,0,0,0
2026-09-14 08:55:00,108.4,34,79,44.4,0,0,0
2026-09-14 09:00:00,111.1,60,81,43.8,0,0,0
2026-09-14 09:05:00,108.5,71,83,45.3,0,0,0
2026-09-14 09:10:00,108.0,50,82,46.6,0,0,0
2026-09-14 09:15:00,106.4,17,78,43.6,0,0,0
2026-09-14 09:20:00,105.9,63,84,46.2,0,0,0
2026-09-14 09:25:00,106.9,78,80,47.8,0,0,0
2026-09-14 09:30:00,105.1,19,78,44.9,0,0,0
2026-09-14 09:35:00,104.8,55,82,44.3,0,0,0
2026-09-14 09:40:00,103.6,32,81,44.7,0,0,0
2026-09-14 09:45:00,101.2,31,80,46.0,0,0,0
2026-09-14 09:50:00,101.7,35,79,45.5,0,0,0
2026-09-14 09:55:00,100.1,30,78,43.0,0,0,0
2026-09-14 10:00:00,100.9,30,81,42.9,0,0,0
2026-09-14 10:05:00,98.4,35,78,46.1,0,0,0
2026-09-14 10:10:00,97.9,47,86,46.8,0,0,0
2026-09-14 10:15:00,96.9,58,81,43.0,0,0,0
2026-09-14 10:20:00,99.4,49,84,44.4,0,0,0
2026-09-14 10:25:00,101.4,48,81,43.0,0,0,0
2026-09-14 10:30:00,102.4,55,84,43.8,0,0,0
2026-09-14 10:35:00,100.7,48,82,43.9,0,0,0
2026-09-14 10:40:00,100.3,52,83,45.5,0,0,0
2026-09-14 10:45:00,98.4,32,83,45.9,0,0,0
2026-09-14 10:50:00,101.4,29,84,47.3,0,0,0
2026-09-14 10:55:00,100.9,37,82,45.2,0,0,0
2026-09-14 11:00:00,102.9,43,80,46.0,0,0,0
2026-09-14 11:05:00,103.1,59,83,47.7,0,0,0
2026-09-14 11:10:00,100.9,14,80,45.7,0,0,0
2026-09-14 11:15:00,101.3,31,83,47.2,0,0,0
2026-09-14 11:20:00,97.6,51,84,40.0,0,0,0
2026-09-14 11:25:00,94.5,13,83,44.4,0,0,0
2026-09-14 11:30:00,94.0,34,83,44.3,0,0,0
2026-09-14 11:35:00,93.9,20,80,42.4,0,0,0
2026-09-14 11:40:00,96.1,46,81,41.1,0,0,0
2026-09-14 11:45:00,97.7,152,90,44.5,0,0,0
2026-09-14 11:50:00,95.8,55,83,46.7,0,0,0
2026-09-14 11:55:00,94.4,38,79,46.1,0,0,0
2026-09-14 12:00:00,95.2,29,80,43.1,0,0,0
2026-09-14 12:05:00,95.6,46,83,48.3,0,0,0
2026-09-14 12:10:00,92.8,476,109,46.5,0,0,0
2026-09-14 12:15:00,94.0,513,111,43.8,0,0,0
2026-09-14 12:20:00,92.9,541,113,44.5,0,0,0
2026-09-14 12:25:00,94.8,494,106,43.4,0,0,0
2026-09-14 12:30:00,96.3,25,78,44.6,0,0,0
2026-09-14 12:35:00,91.4,39,83,44.0,0,0,0
2026-09-14 12:40:00,91.3,40,83,44.5,0,0,0
2026-09-14 12:45:00,95.3,37,85,44.5,0,0,0
2026-09-14 12:50:00,96.9,79,83,47.8,0,0,0
2026-09-14 12:55:00,95.8,464,107,44.4,0,0,0
2026-09-14 13:00:00,94.3,532,112,43.8,0,0,0
2026-09-14 13:05:00,97.3,44,81,42.9,0,0,0
2026-09-14 13:10:00,98.4,55,85,45.0,0,0,0
2026-09-14 13:15:00,100.1,54,82,44.9,0,0,0
2026-09-14 13:20:00,98.4,38,79,44.2,0,0,0
2026-09-14 13:25:00,99.1,37,80,45.4,0,0,0
2026-09-14 13:30:00,98.8,56,81,43.7,0,0,0
2026-09-14 13:35:00,98.5,81,86,46.3,0,0,0
2026-09-14 13:40:00,98.7,74,84,47.1,0,0,0
2026-09-14 13:45:00,100.0,22,83,44.6,0,49,50
2026-09-14 13:50:00,102.3,76,88,44.2,0,0,0
2026-09-14 13:55:00,105.6,25,82,46.2,0,0,0
2026-09-14 14:00:00,101.0,494,111,46.5,0,0,0
2026-09-14 14:05:00,104.1,474,109,40.1,0,0,0
2026-09-14 14:10:00,108.0,39,84,44.2,0,0,0
2026-09-14 14:15:00,111.3,46,82,45.8,0,0,0
2026-09-14 14:20:00,115.1,39,81,43.8,0,0,0
2026-09-14 14:25:00,112.8,38,83,47.2,0,0,0
2026-09-14 14:30:00,110.8,72,81,47.8,0,0,0
2026-09-14 14:35:00,109.4,54,80,44.2,0,0,0
2026-09-14 14:40:00,104.5,45,78,43.8,0,0,0
2026-09-14 14:45:00,104.1,39,82,43.9,0,0,0
2026-09-14 14:50:00,103.4,27,81,44.8,0,0,0
2026-09-14 14:55:00,107.5,83,85,46.6,0,0,0
2026-09-14 15:00:00,108.7,33,79,43.4,0,0,0
2026-09-14 15:05:00,109.5,33,77,45.2,0,0,0
2026-09-14 15:10:00,109.0,51,83,45.3,0,0,0
2026-09-14 15:15:00,107.2,24,81,47.1,0,0,0
2026-09-14 15:20:00,108.2,48,81,44.4,0,0,0
2026-09-14 15:25:00,105.8,29,83,43.7,0,0,0
2026-09-14 15:30:00,103.7,26,82,42.7,0,0,0
2026-09-14 15:35:00,103.5,60,82,44.8,0,0,0
2026-09-14 15:40:00,104.4,66,84,46.7,0,0,0
2026-09-14 15:45:00,100.8,62,82,43.2,0,0,0
2026-09-14 15:50:00,101.7,26,81,43.6,0,0,0
2026-09-14 15:55:00,100.1,62,81,44.9,0,0,0
2026-09-14 16:00:00,101.3,62,87,43.1,0,0,0
2026-09-14 16:05:00,100.1,46,85,45.7,0,0,0
2026-09-14 16:10:00,100.8,30,83,43.8,0,0,0
2026-09-14 16:15:00,98.4,24,81,46.2,0,0,0
2026-09-14 16:20:00,99.5,38,81,45.5,0,0,0
2026-09-14 16:25:00,102.1,28,79,45.2,0,0,0
2026-09-14 16:30:00,105.2,33,81,43.1,0,0,0
2026-09-14 16:35:00,102.7,76,86,44.3,0,0,0
2026-09-14 16:40:00,100.8,35,82,45.8,0,0,0
2026-09-14 16:45:00,97.2,89,82,43.8,0,0,0
2026-09-14 16:50:00,99.4,48,82,43.4,0,0,0
2026-09-14 16:55:00,99.7,40,81,45.5,0,0,0
2026-09-14 17:00:00,100.9,129,89,42.3,0,0,0
2026-09-14 17:05:00,102.8,47,83,45.5,0,0,0
2026-09-14 17:10:00,98.8,19,84,43.2,0,0,0
2026-09-14 17:15:00,97.8,51,81,43.8,0,0,0
2026-09-14 17:20:00,94.4,37,82,44.2,0,0,0
2026-09-14 17:25:00,92.1,40,86,44.3,0,23,50
2026-09-14 17:30:00,94.9,38,84,43.5,0,0,0
2026-09-14 17:35:00,97.0,62,85,45.5,0,0,0
2026-09-14 17:40:00,97.4,519,110,44.1,0,0,0
2026-09-14 17:45:00,95.4,504,114,48.1,0,0,0
2026-09-14 17:50:00,99.0,54,85,45.6,0,0,0
2026-09-14 17:55:00,100.3,69,84,45.7,0,0,0
2026-09-14 18:00:00,98.3,58,82,42.4,0,0,0
2026-09-14 18:05:00,98.7,59,83,45.3,0,0,0
2026-09-14 18:10:00,100.6,26,80,44.5,0,0,0
2026-09-14 18:15:00,102.8,22,81,46.0,0,0,0
2026-09-14 18:20:00,102.4,61,84,38.8,0,0,0
2026-09-14 18:25:00,97.9,64,80,46.0,0,0,0
2026-09-14 18:30:00,99.4,36,82,45.1,0,0,0
2026-09-14 18:35:00,100.3,31,81,46.3,0,0,0
2026-09-14 18:40:00,100.6,22,82,42.3,0,0,0
2026-09-14 18:45:00,104.9,42,83,46.2,0,0,0
2026-09-14 18:50:00,105.3,48,85,44.6,0,0,0
2026-09-14 18:55:00,102.5,27,81,46.7,0,0,0
2026-09-14 19:00:00,102.5,44,79,45.4,0,0,0
2026-09-14 19:05:00,100.0,40,77,46.4,0,0,0
2026-09-14 19:10:00,96.5,62,85,47.0,0,0,0
2026-09-14 19:15:00,96.2,47,83,46.4,0,0,0
2026-09-14 19:20:00,96.6,51,83,42.9,0,0,0
2026-09-14 19:25:00,96.9,34,80,43.3,0,0,0
2026-09-14 19:30:00,96.5,47,82,48.2,0,0,0
2026-09-14 19:35:00,96.3,72,85,50.3,0,0,0
2026-09-14 19:40:00,98.6,89,83,44.4,0,0,0
2026-09-14 19:45:00,99.3,24,80,47.8,0,0,0
2026-09-14 19:50:00,99.0,48,79,42.3,0,0,0
2026-09-14 19:55:00,97.3,36,81,43.5,0,0,0
2026-09-14 20:00:00,95.5,51,81,42.2,0,0,0
2026-09-14 20:05:00,93.8,31,79,44.0,0,0,0
2026-09-14 20:10:00,97.4,30,81,42.3,0,0,0
2026-09-14 20:15:00,98.0,96,83,45.8,0,0,0
2026-09-14 20:20:00,99.8,19,80,43.8,0,0,0
2026-09-14 20:25:00,102.5,41,86,45.6,0,59,50
2026-09-14 20:30:00,105.4,55,87,47.1,0,0,0
2026-09-14 20:35:00,107.2,32,89,44.1,0,0,0
2026-09-14 20:40:00,108.3,485,110,47.0,0,0,0
2026-09-14 20:45:00,106.4,467,110,47.0,0,0,0
2026-09-14 20:50:00,107.8,26,83,44.8,0,0,0
2026-09-14 20:55:00,110.6,85,82,48.6,0,0,0
2026-09-14 21:00:00,110.9,39,80,43.5,0,0,0
2026-09-14 21:05:00,110.6,28,84,46.2,0,0,0
2026-09-14 21:10:00,111.7,21,77,46.9,0,0,0
2026-09-14 21:15:00,109.3,22,78,45.2,0,0,0
2026-09-14 21:20:00,108.4,91,83,46.3,0,0,0
2026-09-14 21:25:00,108.9,50,81,45.9,0,0,0
2026-09-14 21:30:00,107.6,43,83,44.2,0,0,0
2026-09-14 21:35:00,106.3,42,84,43.9,0,0,0
2026-09-14 21:40:00,102.1,43,79,40.7,0,0,0
2026-09-14 21:45:00,102.7,40,78,44.7,0,0,0
2026-09-14 21:50:00,103.2,37,81,46.0,0,0,0
2026-09-14 21:55:00,104.2,47,84,44.1,0,0,0
2026-09-14 22:00:00,106.6,27,77,48.4,0,0,0
2026-09-14 22:05:00,105.9,40,79,43.1,0,0,0
2026-09-14 22:10:00,103.3,33,81,41.6,0,0,0
2026-09-14 22:15:00,101.9,28,83,42.9,0,0,0
2026-09-14 22:20:00,101.7,100,86,46.6,0,0,0
2026-09-14 22:25:00,99.4,36,83,42.9,0,0,0
2026-09-14 22:30:00,100.2,28,84,44.2,0,0,0
2026-09-14 22:35:00,99.1,30,82,46.6,0,0,0
2026-09-14 22:40:00,101.0,32,78,43.2,0,0,0
2026-09-14 22:45:00,100.8,57,80,47.6,0,0,0
2026-09-14 22:50:00,100.3,26,83,50.0,0,0,0
2026-09-14 22:55:00,99.8,41,81,46.4,0,0,0
2026-09-14 23:00:00,96.9,45,82,45.1,0,0,0
2026-09-14 23:05:00,99.2,24,80,46.5,0,0,0
2026-09-14 23:10:00,99.1,47,82,41.8,0,0,0
2026-09-14 23:15:00,99.4,37,80,44.9,0,0,0
2026-09-14 23:20:00,100.0,41,85,46.8,0,0,0
2026-09-14 23:25:00,99.6,69,86,48.7,0,0,0
2026-09-14 23:30:00,101.5,62,78,45.3,0,0,0
2026-09-14 23:35:00,99.1,31,79,44.5,0,0,0
2026-09-14 23:40:00,99.6,41,83,45.3,0,0,0
2026-09-14 23:45:00,100.1,78,85,45.9,0,0,0
2026-09-14 23:50:00,99.2,63,83,44.5,0,0,0
2026-09-14 23:55:00,94.9,50,83,47.4,0,0,0
