timestamp,glucose_mgdl,steps,heart_rate,hrv_ms,sleeping,carbs_g,meal_gi
2026-09-01 00:00:00,188.8,13,81,26.2,0,0,0
2026-09-01 00:05:00,184.3,12,78,26.8,0,0,0
2026-09-01 00:10:00,185.0,6,82,26.2,0,0,0
2026-09-01 00:15:00,182.0,14,80,26.6,0,0,0
2026-09-01 00:20:00,182.6,9,79,28.7,0,0,0
2026-09-01 00:25:00,181.9,8,77,25.9,0,0,0
2026-09-01 00:30:00,181.6,4,80,26.5,0,0,0
2026-09-01 00:35:00,181.4,4,82,26.1,0,0,0
2026-09-01 00:40:00,182.9,8,79,28.4,0,0,0
2026-09-01 00:45:00,182.4,5,80,22.1,0,0,0
2026-09-01 00:50:00,185.9,12,80,31.0,0,0,0
2026-09-01 00:55:00,187.6,9,80,26.9,0,0,0
2026-09-01 01:00:00,185.8,9,80,25.9,0,0,0
2026-09-01 01:05:00,184.5,9,77,25.0,0,0,0
2026-09-01 01:10:00,184.9,1,70,44.6,1,0,0
2026-09-01 01:15:00,187.9,0,67,43.8,1,0,0
2026-09-01 01:20:00,187.1,0,70,46.7,1,0,0
2026-09-01 01:25:00,189.2,2,70,47.0,1,0,0
2026-09-01 01:30:00,190.8,0,70,47.4,1,0,0
2026-09-01 01:35:00,187.0,0,69,46.2,1,0,0
2026-09-01 01:40:00,183.4,0,72,44.6,1,0,0
2026-09-01 01:45:00,185.0,0,70,42.0,1,0,0
2026-09-01 01:50:00,189.4,0,70,43.0,1,0,0
2026-09-01 01:55:00,190.2,0,71,45.7,1,0,0
2026-09-01 02:00:00,190.9,0,72,47.8,1,0,0
2026-09-01 02:05:00,188.0,1,70,47.6,1,0,0
2026-09-01 02:10:00,187.4,0,70,43.5,1,0,0
2026-09-01 02:15:00,185.3,1,71,43.5,1,0,0
2026-09-01 02:20:00,184.6,0,72,43.2,1,0,0
2026-09-01 02:25:00,185.4,0,69,43.8,1,0,0
2026-09-01 02:30:00,189.1,2,66,43.5,1,0,0
2026-09-01 02:35:00,186.9,1,67,42.5,1,0,0
2026-09-01 02:40:00,183.3,0,70,42.9,1,0,0
2026-09-01 02:45:00,186.5,1,70,40.5,1,0,0
2026-09-01 02:50:00,186.3,0,72,43.7,1,0,0
2026-09-01 02:55:00,189.6,0,69,41.6,1,0,0
2026-09-01 03:00:00,187.2,0,72,44.4,1,0,0
2026-09-01 03:05:00,187.9,0,69,48.7,1,0,0
2026-09-01 03:10:00,187.5,0,70,42.0,1,0,0
2026-09-01 03:15:00,189.1,0,73,42.4,1,0,0
2026-09-01 03:20:00,193.9,2,71,45.2,1,0,0
2026-09-01 03:25:00,195.0,0,69,43.9,1,0,0
2026-09-01 03:30:00,194.3,1,72,43.5,1,0,0
2026-09-01 03:35:00,193.2,1,73,43.4,1,0,0
2026-09-01 03:40:00,192.7,0,71,41.0,1,0,0
2026-09-01 03:45:00,193.9,0,71,42.2,1,0,0
2026-09-01 03:50:00,190.8,1,71,45.4,1,0,0
2026-09-01 03:55:00,192.2,1,70,49.4,1,0,0
2026-09-01 04:00:00,191.7,1,71,42.0,1,0,0
2026-09-01 04:05:00,191.4,0,67,45.3,1,0,0
2026-09-01 04:10:00,192.2,0,73,45.7,1,0,0
2026-09-01 04:15:00,196.1,0,71,45.3,1,0,0
2026-09-01 04:20:00,195.5,0,70,42.3,1,0,0
2026-09-01 04:25:00,194.7,1,72,41.2,1,0,0
2026-09-01 04:30:00,193.2,1,74,47.6,1,0,0
2026-09-01 04:35:00,188.8,0,68,41.0,1,0,0
2026-09-01 04:40:00,192.4,0,73,44.2,1,0,0
2026-09-01 04:45:00,198.7,0,68,43.6,1,0,0
2026-09-01 04:50:00,197.2,1,69,41.2,1,0,0
2026-09-01 04:55:00,195.4,0,69,39.6,1,0,0
2026-09-01 05:00:00,193.1,0,68,42.4,1,0,0
2026-09-01 05:05:00,192.4,0,69,42.0,1,0,0
2026-09-01 05:10:00,190.5,0,69,41.7,1,0,0
2026-09-01 05:15:00,190.8,0,70,43.3,1,0,0
2026-09-01 05:20:00,193.1,2,66,46.2,1,0,0
2026-09-01 05:25:00,194.7,0,68,43.4,1,0,0
2026-09-01 05:30:00,190.3,0,72,42.4,1,0,0
2026-09-01 05:35:00,188.5,0,68,42.5,1,0,0
2026-09-01 05:40:00,187.7,0,67,45.4,1,0,0
2026-09-01 05:45:00,187.8,0,69,41.6,1,0,0
2026-09-01 05:50:00,186.9,0,72,44.4,1,0,0
2026-09-01 05:55:00,188.3,0,72,46.0,1,0,0
2026-09-01 06:00:00,187.7,0,69,44.9,1,0,0
2026-09-01 06:05:00,189.1,1,71,48.4,1,0,0
2026-09-01 06:10:00,187.8,1,70,43.9,1,0,0
2026-09-01 06:15:00,190.7,0,74,46.2,1,0,0
2026-09-01 06:20:00,190.3,1,71,47.9,1,0,0
2026-09-01 06:25:00,192.0,11,82,25.3,0,0,0
2026-09-01 06:30:00,192.1,7,77,24.5,0,0,0
2026-09-01 06:35:00,193.8,1,81,27.4,0,0,0
2026-09-01 06:40:00,193.9,8,78,27.4,0,0,0
2026-09-01 06:45:00,197.4,10,75,30.0,0,0,0
2026-09-01 06:50:00,196.7,10,79,28.6,0,0,0
2026-09-01 06:55:00,195.5,6,78,26.8,0,0,0
2026-09-01 07:00:00,191.7,2,77,26.7,0,0,0
2026-09-01 07:05:00,191.7,10,77,27.7,0,0,0
2026-09-01 07:10:00,189.0,23,80,24.5,0,0,0
2026-09-01 07:15:00,191.5,5,77,29.6,0,0,0
2026-09-01 07:20:00,195.2,12,83,27.4,0,0,0
2026-09-01 07:25:00,195.2,18,75,26.3,0,0,0
2026-09-01 07:30:00,195.5,9,79,24.5,0,0,0
2026-09-01 07:35:00,194.2,9,77,27.9,0,0,0
2026-09-01 07:40:00,196.2,4,82,29.9,0,0,0
2026-09-01 07:45:00,195.7,4,76,27.6,0,0,0
2026-09-01 07:50:00,196.9,27,80,28.5,0,0,0
2026-09-01 07:55:00,195.7,7,76,30.9,0,0,0
2026-09-01 08:00:00,194.0,12,81,27.3,0,0,0
2026-09-01 08:05:00,188.8,5,79,25.8,0,0,0
2026-09-01 08:10:00,183.8,5,78,27.4,0,0,0
2026-09-01 08:15:00,184.0,6,75,28.6,0,0,0
2026-09-01 08:20:00,178.5,8,75,28.2,0,0,0
2026-09-01 08:25:00,175.3,6,79,31.0,0,0,0
2026-09-01 08:30:00,174.5,6,78,28.0,0,0,0
2026-09-01 08:35:00,168.9,13,77,27.1,0,0,0
2026-09-01 08:40:00,166.9,7,79,25.4,0,0,0
2026-09-01 08:45:00,163.9,8,79,31.4,0,0,0
2026-09-01 08:50:00,163.1,12,79,27.0,0,0,0
2026-09-01 08:55:00,160.9,6,77,20.9,0,0,0
2026-09-01 09:00:00,159.4,10,79,25.7,0,0,0
2026-09-01 09:05:00,157.6,13,81,29.5,0,0,0
2026-09-01 09:10:00,156.9,10,79,24.6,0,0,0
2026-09-01 09:15:00,156.9,11,78,24.1,0,0,0
2026-09-01 09:20:00,162.2,12,80,27.1,0,0,0
2026-09-01 09:25:00,162.6,4,81,24.3,0,0,0
2026-09-01 09:30:00,158.1,10,75,25.4,0,0,0
2026-09-01 09:35:00,154.9,5,81,28.3,0,0,0
2026-09-01 09:40:00,152.6,7,81,26.9,0,0,0
2026-09-01 09:45:00,154.8,13,79,30.0,0,0,0
2026-09-01 09:50:00,154.0,15,75,28.0,0,0,0
2026-09-01 09:55:00,152.8,6,78,26.8,0,0,0
2026-09-01 10:00:00,154.5,10,76,26.6,0,0,0
2026-09-01 10:05:00,152.7,5,76,28.6,0,0,0
2026-09-01 10:10:00,154.2,7,79,29.6,0,0,0
2026-09-01 10:15:00,155.3,8,78,26.8,0,0,0
2026-09-01 10:20:00,158.7,14,75,29.4,0,0,0
2026-09-01 10:25:00,162.3,14,77,27.9,0,0,0
2026-09-01 10:30:00,165.0,11,82,26.2,0,0,0
2026-09-01 10:35:00,164.9,7,77,28.1,0,0,0
2026-09-01 10:40:00,163.8,7,82,28.8,0,0,0
2026-09-01 10:45:00,163.9,10,78,25.7,0,0,0
2026-09-01 10:50:00,161.9,7,81,27.6,0,0,0
2026-09-01 10:55:00,164.2,5,77,29.5,0,0,0
2026-09-01 11:00:00,164.4,8,76,24.4,0,0,0
2026-09-01 11:05:00,164.9,13,74,25.5,0,0,0
2026-09-01 11:10:00,164.3,12,79,27.7,0,0,0
2026-09-01 11:15:00,163.1,13,78,28.9,0,0,0
2026-09-01 11:20:00,158.8,20,80,27.0,0,0,0
2026-09-01 11:25:00,158.5,12,77,26.8,0,0,0
2026-09-01 11:30:00,159.3,13,79,26.4,0,0,0
2026-09-01 11:35:00,160.7,7,78,26.6,0,0,0
2026-09-01 11:40:00,162.2,22,78,22.7,0,0,0
2026-09-01 11:45:00,164.8,6,77,29.5,0,0,0
2026-09-01 11:50:00,166.5,13,82,28.4,0,0,0
2026-09-01 11:55:00,164.8,34,78,26.8,0,0,0
2026-09-01 12:00:00,165.2,15,76,25.9,0,0,0
2026-09-01 12:05:00,167.4,9,77,28.3,0,0,0
2026-09-01 12:10:00,168.3,7,78,27.1,0,0,0
2026-09-01 12:15:00,169.1,9,80,26.8,0,0,0
2026-09-01 12:20:00,170.5,14,79,31.2,0,0,0
2026-09-01 12:25:00,169.3,5,77,27.1,0,0,0
2026-09-01 12:30:00,171.0,5,78,28.6,0,0,0
2026-09-01 12:35:00,170.6,5,79,28.1,0,0,0
2026-09-01 12:40:00,168.9,7,77,29.4,0,0,0
2026-09-01 12:45:00,170.4,13,80,28.8,0,0,0
2026-09-01 12:50:00,171.9,5,76,27.5,0,0,0
2026-09-01 12:55:00,173.7,10,78,30.0,0,0,0
2026-09-01 13:00:00,176.2,4,83,28.5,0,0,0
2026-09-01 13:05:00,173.6,7,82,23.6,0,104,70
2026-09-01 13:10:00,189.9,5,81,27.5,0,0,0
2026-09-01 13:15:00,203.2,4,84,27.8,0,0,0
2026-09-01 13:20:00,213.5,10,84,29.9,0,0,0
2026-09-01 13:25:00,223.5,4,80,25.1,0,0,0
2026-09-01 13:30:00,226.3,7,83,25.2,0,0,0
2026-09-01 13:35:00,224.7,5,77,26.4,0,0,0
2026-09-01 13:40:00,221.8,7,81,28.2,0,0,0
2026-09-01 13:45:00,219.4,8,80,29.0,0,0,0
2026-09-01 13:50:00,217.9,8,77,27.4,0,0,0
2026-09-01 13:55:00,217.5,12,80,26.4,0,0,0
2026-09-01 14:00:00,226.2,8,77,32.3,0,0,0
2026-09-01 14:05:00,220.4,8,77,27.7,0,0,0
2026-09-01 14:10:00,213.5,11,77,24.3,0,0,0
2026-09-01 14:15:00,208.7,7,78,28.8,0,0,0
2026-09-01 14:20:00,204.0,9,78,24.0,0,0,0
2026-09-01 14:25:00,196.3,4,79,27.4,0,0,0
2026-09-01 14:30:00,188.8,12,75,27.9,0,0,0
2026-09-01 14:35:00,185.2,9,79,28.2,0,0,0
2026-09-01 14:40:00,184.0,17,79,30.4,0,0,0
2026-09-01 14:45:00,182.4,6,81,28.4,0,0,0
2026-09-01 14:50:00,181.2,8,77,26.9,0,0,0
2026-09-01 14:55:00,178.5,4,77,25.2,0,0,0
2026-09-01 15:00:00,173.5,6,79,23.2,0,0,0
2026-09-01 15:05:00,169.5,4,81,32.2,0,0,0
2026-09-01 15:10:00,168.8,10,81,24.1,0,0,0
2026-09-01 15:15:00,164.3,8,78,25.2,0,0,0
2026-09-01 15:20:00,161.3,6,80,22.1,0,0,0
2026-09-01 15:25:00,159.0,16,80,29.3,0,0,0
2026-09-01 15:30:00,158.3,584,113,29.9,0,0,0
2026-09-01 15:35:00,156.8,580,112,26.0,0,0,0
2026-09-01 15:40:00,152.7,11,80,27.2,0,0,0
2026-09-01 15:45:00,150.8,7,79,25.2,0,0,0
2026-09-01 15:50:00,148.4,13,83,26.1,0,0,0
2026-09-01 15:55:00,147.1,8,77,27.4,0,0,0
2026-09-01 16:00:00,144.6,7,78,27.0,0,0,0
2026-09-01 16:05:00,141.8,9,75,27.3,0,0,0
2026-09-01 16:10:00,143.3,9,76,28.2,0,0,0
2026-09-01 16:15:00,143.6,15,78,28.0,0,0,0
2026-09-01 16:20:00,143.5,13,80,24.6,0,0,0
2026-09-01 16:25:00,138.8,6,83,26.1,0,0,0
2026-09-01 16:30:00,139.6,11,77,29.7,0,0,0
2026-09-01 16:35:00,140.6,5,76,27.7,0,0,0
2026-09-01 16:40:00,141.8,6,81,31.0,0,0,0
2026-09-01 16:45:00,143.4,14,76,25.7,0,0,0
2026-09-01 16:50:00,138.3,7,77,26.6,0,0,0
2026-09-01 16:55:00,134.7,11,81,27.4,0,0,0
2026-09-01 17:00:00,134.0,6,80,24.1,0,0,0
2026-09-01 17:05:00,136.3,9,78,28.8,0,0,0
2026-09-01 17:10:00,139.1,8,78,26.4,0,0,0
2026-09-01 17:15:00,139.6,7,80,25.1,0,0,0
2026-09-01 17:20:00,142.1,16,80,26.5,0,0,0
2026-09-01 17:25:00,142.4,1,77,24.5,0,0,0
2026-09-01 17:30:00,141.5,13,79,25.8,0,0,0
2026-09-01 17:35:00,141.0,10,82,26.0,0,0,0
2026-09-01 17:40:00,140.5,16,78,28.4,0,0,0
2026-09-01 17:45:00,145.4,5,78,32.0,0,0,0
2026-09-01 17:50:00,142.5,15,81,30.9,0,15,35
2026-09-01 17:55:00,146.3,8,79,24.9,0,0,0
2026-09-01 18:00:00,149.6,8,80,25.5,0,0,0
2026-09-01 18:05:00,150.1,9,82,25.8,0,0,0
2026-09-01 18:10:00,149.8,15,85,29.6,0,0,0
2026-09-01 18:15:00,150.8,11,82,28.0,0,0,0
2026-09-01 18:20:00,152.8,13,76,29.9,0,0,0
2026-09-01 18:25:00,155.4,9,80,29.8,0,0,0
2026-09-01 18:30:00,157.9,14,80,28.4,0,0,0
2026-09-01 18:35:00,159.7,17,80,27.3,0,0,0
2026-09-01 18:40:00,162.5,11,79,28.0,0,0,0
2026-09-01 18:45:00,163.2,8,75,30.3,0,0,0
2026-09-01 18:50:00,164.1,7,79,28.0,0,0,0
2026-09-01 18:55:00,161.1,13,78,31.4,0,0,0
2026-09-01 19:00:00,161.9,4,79,26.1,0,0,0
2026-09-01 19:05:00,199.8,12,81,30.5,0,0,0
2026-09-01 19:10:00,199.1,9,80,26.4,0,0,0
2026-09-01 19:15:00,196.7,14,77,27.9,0,0,0
2026-09-01 19:20:00,191.3,16,79,26.6,0,0,0
2026-09-01 19:25:00,189.6,7,82,25.7,0,0,0
2026-09-01 19:30:00,187.5,6,78,29.0,0,0,0
2026-09-01 19:35:00,185.8,6,77,21.4,0,0,0
2026-09-01 19:40:00,186.3,11,78,25.0,0,0,0
2026-09-01 19:45:00,185.2,3,78,25.9,0,0,0
2026-09-01 19:50:00,189.3,6,78,27.7,0,0,0
2026-09-01 19:55:00,186.9,6,77,29.5,0,0,0
2026-09-01 20:00:00,185.8,8,80,25.3,0,0,0
2026-09-01 20:05:00,184.3,10,78,26.0,0,0,0
2026-09-01 20:10:00,183.2,11,80,31.4,0,0,0
2026-09-01 20:15:00,181.7,9,80,27.1,0,0,0
2026-09-01 20:20:00,185.3,9,81,26.5,0,78,75
2026-09-01 20:25:00,199.1,7,80,24.6,0,0,0
2026-09-01 20:30:00,208.5,10,80,26.9,0,0,0
2026-09-01 20:35:00,214.0,23,84,25.0,0,0,0
2026-09-01 20:40:00,220.0,9,78,30.5,0,0,0
2026-09-01 20:45:00,223.0,3,83,26.3,0,0,0
2026-09-01 20:50:00,223.9,6,78,28.9,0,0,0
2026-09-01 20:55:00,220.7,5,82,26.4,0,0,0
2026-09-01 21:00:00,220.5,12,80,30.3,0,0,0
2026-09-01 21:05:00,214.2,14,77,29.5,0,0,0
2026-09-01 21:10:00,213.3,15,78,27.0,0,0,0
2026-09-01 21:15:00,211.5,15,77,25.2,0,0,0
2026-09-01 21:20:00,206.0,2,78,26.8,0,0,0
2026-09-01 21:25:00,202.5,3,78,27.4,0,0,0
2026-09-01 21:30:00,199.0,7,80,26.3,0,0,0
2026-09-01 21:35:00,196.9,8,79,25.8,0,0,0
2026-09-01 21:40:00,195.2,6,77,23.1,0,0,0
2026-09-01 21:45:00,193.2,6,81,25.7,0,0,0
2026-09-01 21:50:00,193.4,7,81,28.6,0,0,0
2026-09-01 21:55:00,190.5,5,78,25.3,0,0,0
2026-09-01 22:00:00,187.6,4,74,28.0,0,0,0
2026-09-01 22:05:00,183.5,8,80,25.4,0,0,0
2026-09-01 22:10:00,183.7,15,78,25.2,0,0,0
2026-09-01 22:15:00,177.5,3,81,30.0,0,0,0
2026-09-01 22:20:00,174.3,11,81,30.9,0,0,0
2026-09-01 22:25:00,168.0,5,79,26.4,0,0,0
2026-09-01 22:30:00,164.4,13,79,29.6,0,0,0
2026-09-01 22:35:00,166.3,5,78,27.9,0,0,0
2026-09-01 22:40:00,163.4,8,82,27.3,0,0,0
2026-09-01 22:45:00,160.5,7,79,30.3,0,0,0
2026-09-01 22:50:00,159.8,7,75,23.2,0,0,0
2026-09-01 22:55:00,156.2,6,73,27.9,0,0,0
2026-09-01 23:00:00,156.0,5,79,25.4,0,0,0
2026-09-01 23:05:00,155.0,8,80,29.0,0,0,0
2026-09-01 23:10:00,157.1,3,81,28.3,0,0,0
2026-09-01 23:15:00,157.4,3,79,25.9,0,0,0
2026-09-01 23:20:00,154.3,5,78,28.8,0,0,0
2026-09-01 23:25:00,154.1,10,80,26.8,0,0,0
2026-09-01 23:30:00,151.3,4,79,27.0,0,0,0
2026-09-01 23:35:00,148.6,5,79,26.3,0,0,0
2026-09-01 23:40:00,148.3,17,79,22.8,0,0,0
2026-09-01 23:45:00,149.5,14,78,31.8,0,0,0
2026-09-01 23:50:00,148.5,5,81,24.1,0,0,0
2026-09-01 23:55:00,149.1,12,77,24.8,0,0,0
2026-09-02 00:00:00,147.5,9,80,28.0,0,0,0
2026-09-02 00:05:00,146.8,12,76,25.4,0,0,0
2026-09-02 00:10:00,148.3,14,78,25.1,0,0,0
2026-09-02 00:15:00,148.3,9,81,26.5,0,0,0
2026-09-02 00:20:00,146.4,3,80,27.1,0,0,0
2026-09-02 00:25:00,146.3,6,77,28.4,0,0,0
2026-09-02 00:30:00,144.9,5,80,30.3,0,0,0
2026-09-02 00:35:00,145.9,8,76,25.3,0,0,0
2026-09-02 00:40:00,150.2,7,79,30.6,0,0,0
2026-09-02 00:45:00,150.9,9,80,29.7,0,0,0
2026-09-02 00:50:00,151.7,17,79,27.7,0,0,0
2026-09-02 00:55:00,153.6,13,81,25.0,0,0,0
2026-09-02 01:00:00,153.1,0,70,43.0,1,0,0
2026-09-02 01:05:00,153.5,1,67,45.7,1,0,0
2026-09-02 01:10:00,150.0,1,70,43.9,1,0,0
2026-09-02 01:15:00,151.5,0,70,39.0,1,0,0
2026-09-02 01:20:00,152.9,0,69,45.3,1,0,0
2026-09-02 01:25:00,158.3,0,69,45.9,1,0,0
2026-09-02 01:30:00,161.0,1,72,47.0,1,0,0
2026-09-02 01:35:00,159.8,0,69,43.4,1,0,0
2026-09-02 01:40:00,160.3,0,70,41.5,1,0,0
2026-09-02 01:45:00,157.6,1,70,44.8,1,0,0
2026-09-02 01:50:00,160.2,0,70,41.8,1,0,0
2026-09-02 01:55:00,157.2,0,69,42.4,1,0,0
2026-09-02 02:00:00,161.0,1,69,42.2,1,0,0
2026-09-02 02:05:00,161.1,0,72,43.1,1,0,0
2026-09-02 02:10:00,163.1,0,72,44.6,1,0,0
2026-09-02 02:15:00,163.4,0,70,42.3,1,0,0
2026-09-02 02:20:00,195.6,0,69,46.3,1,0,0
2026-09-02 02:25:00,197.9,0,70,44.8,1,0,0
2026-09-02 02:30:00,200.1,0,69,48.6,1,0,0
2026-09-02 02:35:00,203.8,0,67,44.3,1,0,0
2026-09-02 02:40:00,204.4,0,71,42.9,1,0,0
2026-09-02 02:45:00,202.7,0,73,42.3,1,0,0
2026-09-02 02:50:00,205.8,0,70,40.6,1,0,0
2026-09-02 02:55:00,201.4,0,65,46.4,1,0,0
2026-09-02 03:00:00,200.7,0,68,42.8,1,0,0
2026-09-02 03:05:00,203.7,1,70,40.9,1,0,0
2026-09-02 03:10:00,200.8,1,70,43.3,1,0,0
2026-09-02 03:15:00,198.3,1,73,42.8,1,0,0
2026-09-02 03:20:00,196.8,1,72,47.3,1,0,0
2026-09-02 03:25:00,199.9,0,70,42.1,1,0,0
2026-09-02 03:30:00,203.4,1,71,43.5,1,0,0
2026-09-02 03:35:00,203.0,0,69,43.2,1,0,0
2026-09-02 03:40:00,199.5,0,68,44.2,1,0,0
2026-09-02 03:45:00,197.8,0,67,42.9,1,0,0
2026-09-02 03:50:00,198.1,1,69,44.9,1,0,0
2026-09-02 03:55:00,196.6,0,74,45.9,1,0,0
2026-09-02 04:00:00,196.5,0,66,45.1,1,0,0
2026-09-02 04:05:00,194.5,0,70,48.0,1,0,0
2026-09-02 04:10:00,194.3,0,70,46.5,1,0,0
2026-09-02 04:15:00,194.8,0,70,44.1,1,0,0
2026-09-02 04:20:00,192.8,0,68,45.4,1,0,0
2026-09-02 04:25:00,191.1,0,72,45.6,1,0,0
2026-09-02 04:30:00,188.9,0,69,43.2,1,0,0
2026-09-02 04:35:00,190.8,0,66,41.8,1,0,0
2026-09-02 04:40:00,189.7,1,71,43.5,1,0,0
2026-09-02 04:45:00,188.9,0,71,45.3,1,0,0
2026-09-02 04:50:00,189.7,0,67,44.3,1,0,0
2026-09-02 04:55:00,187.8,0,71,43.5,1,0,0
2026-09-02 05:00:00,189.3,0,70,47.5,1,0,0
2026-09-02 05:05:00,188.7,0,71,43.2,1,0,0
2026-09-02 05:10:00,188.7,0,68,42.4,1,0,0
2026-09-02 05:15:00,189.0,1,72,47.1,1,0,0
2026-09-02 05:20:00,190.9,0,72,44.3,1,0,0
2026-09-02 05:25:00,194.4,0,73,41.4,1,0,0
2026-09-02 05:30:00,194.8,0,68,42.4,1,0,0
2026-09-02 05:35:00,194.7,0,68,42.0,1,0,0
2026-09-02 05:40:00,195.8,0,71,41.8,1,0,0
2026-09-02 05:45:00,195.2,0,70,42.9,1,0,0
2026-09-02 05:50:00,193.7,0,70,41.5,1,0,0
2026-09-02 05:55:00,194.7,0,71,47.4,1,0,0
2026-09-02 06:00:00,195.6,9,74,31.3,0,0,0
2026-09-02 06:05:00,196.1,12,76,29.5,0,0,0
2026-09-02 06:10:00,198.9,4,78,29.0,0,0,0
2026-09-02 06:15:00,197.2,8,76,25.2,0,0,0
2026-09-02 06:20:00,199.6,8,80,22.3,0,0,0
2026-09-02 06:25:00,197.6,10,79,27.2,0,0,0
2026-09-02 06:30:00,195.3,18,78,28.3,0,0,0
2026-09-02 06:35:00,193.6,12,75,27.3,0,0,0
2026-09-02 06:40:00,191.3,6,80,25.4,0,0,0
2026-09-02 06:45:00,190.9,3,80,27.2,0,0,0
2026-09-02 06:50:00,187.6,8,78,28.6,0,0,0
2026-09-02 06:55:00,189.7,9,78,26.3,0,0,0
2026-09-02 07:00:00,188.5,9,81,25.0,0,0,0
2026-09-02 07:05:00,193.8,7,79,27.4,0,0,0
2026-09-02 07:10:00,195.4,7,77,31.2,0,0,0
2026-09-02 07:15:00,196.0,21,78,23.8,0,0,0
2026-09-02 07:20:00,198.6,3,80,24.2,0,0,0
2026-09-02 07:25:00,198.1,13,75,25.3,0,0,0
2026-09-02 07:30:00,199.1,7,80,23.9,0,0,0
2026-09-02 07:35:00,195.7,5,78,24.1,0,0,0
2026-09-02 07:40:00,192.9,10,74,25.6,0,0,0
2026-09-02 07:45:00,191.6,11,77,30.0,0,0,0
2026-09-02 07:50:00,188.6,0,79,29.9,0,0,0
2026-09-02 07:55:00,189.2,9,81,28.5,0,0,0
2026-09-02 08:00:00,190.7,20,80,24.6,0,0,0
2026-09-02 08:05:00,191.3,4,73,29.0,0,0,0
2026-09-02 08:10:00,189.0,12,80,27.1,0,0,0
2026-09-02 08:15:00,186.1,4,82,28.1,0,71,78
2026-09-02 08:20:00,198.4,10,84,28.8,0,0,0
2026-09-02 08:25:00,206.8,11,80,26.8,0,0,0
2026-09-02 08:30:00,212.7,17,81,26.6,0,0,0
2026-09-02 08:35:00,218.6,8,77,28.8,0,0,0
2026-09-02 08:40:00,220.4,6,82,26.8,0,0,0
2026-09-02 08:45:00,224.6,9,80,26.8,0,0,0
2026-09-02 08:50:00,224.5,8,75,25.5,0,0,0
2026-09-02 08:55:00,224.1,4,78,25.0,0,0,0
2026-09-02 09:00:00,222.8,9,82,23.6,0,0,0
2026-09-02 09:05:00,222.8,12,80,24.8,0,0,0
2026-09-02 09:10:00,222.0,6,81,29.1,0,0,0
2026-09-02 09:15:00,218.5,7,78,30.4,0,0,0
2026-09-02 09:20:00,215.0,6,78,26.1,0,0,0
2026-09-02 09:25:00,207.9,3,76,24.9,0,0,0
2026-09-02 09:30:00,203.2,5,79,22.8,0,0,0
2026-09-02 09:35:00,199.7,4,82,27.7,0,0,0
2026-09-02 09:40:00,196.0,15,82,29.1,0,0,0
2026-09-02 09:45:00,191.6,11,80,27.6,0,0,0
2026-09-02 09:50:00,187.0,8,76,26.5,0,0,0
2026-09-02 09:55:00,182.5,4,78,26.1,0,0,0
2026-09-02 10:00:00,180.3,7,76,26.5,0,0,0
2026-09-02 10:05:00,176.3,5,79,27.9,0,0,0
2026-09-02 10:10:00,172.0,11,82,28.4,0,0,0
2026-09-02 10:15:00,164.3,11,81,27.6,0,0,0
2026-09-02 10:20:00,161.4,5,79,24.9,0,0,0
2026-09-02 10:25:00,160.1,9,79,30.0,0,0,0
2026-09-02 10:30:00,161.0,12,77,25.0,0,0,0
2026-09-02 10:35:00,162.8,15,83,22.3,0,0,0
2026-09-02 10:40:00,161.5,9,79,27.5,0,0,0
2026-09-02 10:45:00,161.2,12,78,29.7,0,0,0
2026-09-02 10:50:00,158.9,15,76,25.0,0,0,0
2026-09-02 10:55:00,155.6,15,81,27.3,0,0,0
2026-09-02 11:00:00,157.1,13,77,25.7,0,0,0
2026-09-02 11:05:00,156.0,14,79,25.8,0,0,0
2026-09-02 11:10:00,152.4,10,81,28.8,0,0,0
2026-09-02 11:15:00,151.2,6,79,28.1,0,0,0
2026-09-02 11:20:00,150.3,10,76,28.0,0,0,0
2026-09-02 11:25:00,151.7,4,76,26.3,0,0,0
2026-09-02 11:30:00,152.0,3,77,25.2,0,0,0
2026-09-02 11:35:00,151.5,4,78,29.0,0,0,0
2026-09-02 11:40:00,155.1,9,81,31.8,0,0,0
2026-09-02 11:45:00,152.2,6,77,26.5,0,0,0
2026-09-02 11:50:00,149.0,8,78,27.6,0,0,0
2026-09-02 11:55:00,147.2,17,78,28.6,0,0,0
2026-09-02 12:00:00,144.9,8,78,27.5,0,0,0
2026-09-02 12:05:00,147.9,6,80,26.1,0,0,0
2026-09-02 12:10:00,148.6,12,78,28.8,0,0,0
2026-09-02 12:15:00,147.4,4,75,27.5,0,0,0
2026-09-02 12:20:00,150.7,8,76,26.3,0,0,0
2026-09-02 12:25:00,153.1,6,80,24.1,0,0,0
2026-09-02 12:30:00,154.2,5,78,26.5,0,0,0
2026-09-02 12:35:00,152.5,3,78,28.0,0,0,0
2026-09-02 12:40:00,154.0,2,81,25.9,0,0,0
2026-09-02 12:45:00,154.6,10,75,32.3,0,0,0
2026-09-02 12:50:00,156.0,11,80,27.3,0,0,0
2026-09-02 12:55:00,157.3,9,78,27.9,0,0,0
2026-09-02 13:00:00,155.4,3,79,25.7,0,0,0
2026-09-02 13:05:00,155.5,10,79,26.9,0,0,0
2026-09-02 13:10:00,150.9,16,82,21.8,0,0,0
2026-09-02 13:15:00,151.8,8,78,26.0,0,0,0
2026-09-02 13:20:00,151.7,26,80,25.4,0,0,0
2026-09-02 13:25:00,150.6,3,79,26.9,0,0,0
2026-09-02 13:30:00,152.1,16,81,28.9,0,0,0
2026-09-02 13:35:00,150.7,11,80,26.3,0,0,0
2026-09-02 13:40:00,151.2,7,79,26.2,0,0,0
2026-09-02 13:45:00,155.1,10,78,25.3,0,0,0
2026-09-02 13:50:00,151.6,2,79,25.5,0,0,0
2026-09-02 13:55:00,153.5,8,81,26.3,0,63,68
2026-09-02 14:00:00,166.9,4,84,27.3,0,0,0
2026-09-02 14:05:00,177.0,11,79,25.8,0,0,0
2026-09-02 14:10:00,189.6,4,78,27.3,0,0,0
2026-09-02 14:15:00,226.8,6,82,22.8,0,0,0
2026-09-02 14:20:00,235.5,5,82,27.4,0,0,0
2026-09-02 14:25:00,237.3,497,110,27.4,0,0,0
2026-09-02 14:30:00,238.8,501,109,25.1,0,0,0
2026-09-02 14:35:00,241.3,498,106,24.8,0,0,0
2026-09-02 14:40:00,239.5,499,109,26.0,0,0,0
2026-09-02 14:45:00,239.0,7,75,29.4,0,0,0
2026-09-02 14:50:00,235.8,4,79,26.1,0,0,0
2026-09-02 14:55:00,231.7,3,80,29.6,0,0,0
2026-09-02 15:00:00,232.2,5,74,27.5,0,0,0
2026-09-02 15:05:00,230.3,11,79,30.8,0,0,0
2026-09-02 15:10:00,227.6,2,77,29.0,0,0,0
2026-09-02 15:15:00,228.5,21,80,27.0,0,0,0
2026-09-02 15:20:00,228.6,8,78,31.2,0,0,0
2026-09-02 15:25:00,228.7,3,78,22.9,0,0,0
2026-09-02 15:30:00,226.4,2,81,23.0,0,0,0
2026-09-02 15:35:00,223.9,4,76,29.0,0,0,0
2026-09-02 15:40:00,218.6,16,78,26.8,0,0,0
2026-09-02 15:45:00,214.6,12,80,24.9,0,0,0
2026-09-02 15:50:00,217.0,4,78,23.1,0,0,0
2026-09-02 15:55:00,216.0,12,80,26.7,0,0,0
2026-09-02 16:00:00,216.1,2,81,30.8,0,0,0
2026-09-02 16:05:00,211.8,10,76,23.3,0,0,0
2026-09-02 16:10:00,208.3,15,77,30.8,0,0,0
2026-09-02 16:15:00,208.2,12,81,27.2,0,0,0
2026-09-02 16:20:00,204.0,4,77,31.5,0,0,0
2026-09-02 16:25:00,203.5,13,73,26.8,0,0,0
2026-09-02 16:30:00,202.1,5,79,29.5,0,0,0
2026-09-02 16:35:00,200.7,11,80,26.5,0,0,0
2026-09-02 16:40:00,201.1,9,79,30.4,0,0,0
2026-09-02 16:45:00,200.6,6,75,24.4,0,0,0
2026-09-02 16:50:00,197.9,11,75,27.0,0,0,0
2026-09-02 16:55:00,195.0,4,77,28.0,0,0,0
2026-09-02 17:00:00,195.7,12,79,25.9,0,0,0
2026-09-02 17:05:00,194.1,8,80,29.7,0,0,0
2026-09-02 17:10:00,191.9,6,79,27.2,0,0,0
2026-09-02 17:15:00,192.7,9,76,24.8,0,0,0
2026-09-02 17:20:00,193.3,2,75,24.5,0,0,0
2026-09-02 17:25:00,194.6,9,80,28.2,0,0,0
2026-09-02 17:30:00,192.1,5,76,25.8,0,0,0
2026-09-02 17:35:00,194.3,9,77,28.7,0,0,0
2026-09-02 17:40:00,196.8,11,80,31.7,0,0,0
2026-09-02 17:45:00,196.9,6,78,27.4,0,0,0
2026-09-02 17:50:00,191.8,4,76,34.0,0,0,0
2026-09-02 17:55:00,189.7,2,80,25.3,0,0,0
2026-09-02 18:00:00,187.4,12,81,26.2,0,26,65
2026-09-02 18:05:00,194.7,10,82,30.6,0,0,0
2026-09-02 18:10:00,199.3,2,82,28.9,0,0,0
2026-09-02 18:15:00,200.1,8,81,29.5,0,0,0
2026-09-02 18:20:00,201.6,10,83,30.7,0,0,0
2026-09-02 18:25:00,205.9,8,81,24.1,0,0,0
2026-09-02 18:30:00,208.7,2,79,24.1,0,0,0
2026-09-02 18:35:00,211.7,6,76,27.9,0,0,0
2026-09-02 18:40:00,209.5,26,76,33.0,0,0,0
2026-09-02 18:45:00,213.9,9,78,25.1,0,0,0
2026-09-02 18:50:00,211.1,12,79,27.3,0,0,0
2026-09-02 18:55:00,212.4,6,79,21.8,0,0,0
2026-09-02 19:00:00,213.3,11,80,30.2,0,0,0
2026-09-02 19:05:00,211.1,17,81,22.3,0,0,0
2026-09-02 19:10:00,209.9,18,77,29.7,0,0,0
2026-09-02 19:15:00,207.9,6,81,28.3,0,0,0
2026-09-02 19:20:00,206.2,7,75,18.7,0,0,0
2026-09-02 19:25:00,203.5,9,80,27.4,0,0,0
2026-09-02 19:30:00,203.1,7,78,27.4,0,0,0
2026-09-02 19:35:00,199.6,3,80,29.1,0,0,0
2026-09-02 19:40:00,194.6,4,77,24.8,0,0,0
2026-09-02 19:45:00,201.0,5,76,24.1,0,0,0
2026-09-02 19:50:00,203.4,17,80,28.1,0,0,0
2026-09-02 19:55:00,201.4,26,80,30.5,0,0,0
2026-09-02 20:00:00,198.9,6,78,27.0,0,0,0
2026-09-02 20:05:00,202.0,4,77,26.9,0,0,0
2026-09-02 20:10:00,203.4,2,76,28.7,0,0,0
2026-09-02 20:15:00,205.2,3,79,30.0,0,0,0
2026-09-02 20:20:00,201.8,8,80,25.8,0,0,0
2026-09-02 20:25:00,204.0,4,75,32.3,0,0,0
2026-09-02 20:30:00,202.8,11,81,30.8,0,0,0
2026-09-02 20:35:00,196.7,7,79,26.6,0,0,0
2026-09-02 20:40:00,196.7,2,76,27.0,0,0,0
2026-09-02 20:45:00,197.8,8,74,27.3,0,0,0
2026-09-02 20:50:00,200.1,6,79,25.5,0,0,0
2026-09-02 20:55:00,200.1,6,80,28.7,0,0,0
2026-09-02 21:00:00,197.8,13,79,28.2,0,0,0
2026-09-02 21:05:00,199.4,10,74,32.2,0,0,0
2026-09-02 21:10:00,197.5,6,76,28.5,0,0,0
2026-09-02 21:15:00,197.5,7,83,25.1,0,44,68
2026-09-02 21:20:00,203.9,9,83,24.5,0,0,0
2026-09-02 21:25:00,207.5,16,83,26.8,0,0,0
2026-09-02 21:30:00,210.4,8,80,22.4,0,0,0
2026-09-02 21:35:00,213.3,2,79,28.1,0,0,0
2026-09-02 21:40:00,213.4,8,80,27.5,0,0,0
2026-09-02 21:45:00,212.6,4,79,23.7,0,0,0
2026-09-02 21:50:00,210.5,4,77,27.8,0,0,0
2026-09-02 21:55:00,208.4,8,82,25.8,0,0,0
2026-09-02 22:00:00,209.8,6,80,26.4,0,0,0
2026-09-02 22:05:00,208.1,8,80,27.7,0,0,0
2026-09-02 22:10:00,205.6,7,82,30.2,0,0,0
2026-09-02 22:15:00,205.4,5,79,28.3,0,0,0
2026-09-02 22:20:00,202.6,9,77,25.0,0,0,0
2026-09-02 22:25:00,199.1,9,79,27.8,0,0,0
2026-09-02 22:30:00,195.3,7,78,27.8,0,0,0
2026-09-02 22:35:00,191.1,8,80,26.4,0,0,0
2026-09-02 22:40:00,190.1,8,79,27.6,0,0,0
2026-09-02 22:45:00,189.6,4,80,28.2,0,0,0
2026-09-02 22:50:00,189.1,11,77,27.0,0,0,0
2026-09-02 22:55:00,188.7,7,76,23.1,0,0,0
2026-09-02 23:00:00,185.7,11,78,29.4,0,0,0
2026-09-02 23:05:00,183.0,7,78,30.5,0,0,0
2026-09-02 23:10:00,182.3,8,78,28.0,0,0,0
2026-09-02 23:15:00,184.5,5,75,24.7,0,0,0
2026-09-02 23:20:00,183.8,8,78,26.5,0,0,0
2026-09-02 23:25:00,179.1,16,80,27.8,0,0,0
2026-09-02 23:30:00,177.5,17,78,29.2,0,0,0
2026-09-02 23:35:00,174.3,8,78,25.5,0,0,0
2026-09-02 23:40:00,174.0,7,84,26.3,0,0,0
2026-09-02 23:45:00,170.5,14,80,28.2,0,0,0
2026-09-02 23:50:00,170.7,4,79,27.6,0,0,0
2026-09-02 23:55:00,170.4,17,75,26.8,0,0,0
2026-09-03 00:00:00,169.3,11,77,28.2,0,0,0
2026-09-03 00:05:00,170.5,9,76,26.2,0,0,0
2026-09-03 00:10:00,170.1,10,77,29.5,0,0,0
2026-09-03 00:15:00,173.9,10,78,27.4,0,0,0
2026-09-03 00:20:00,173.6,22,78,26.4,0,0,0
2026-09-03 00:25:00,172.1,19,79,25.7,0,0,0
2026-09-03 00:30:00,170.5,9,78,29.2,0,0,0
2026-09-03 00:35:00,170.3,0,69,44.7,1,0,0
2026-09-03 00:40:00,169.5,2,68,45.8,1,0,0
2026-09-03 00:45:00,168.5,0,69,41.6,1,0,0
2026-09-03 00:50:00,171.4,0,73,44.0,1,0,0
2026-09-03 00:55:00,169.4,0,72,43.1,1,0,0
2026-09-03 01:00:00,166.3,0,70,44.5,1,0,0
2026-09-03 01:05:00,162.1,0,71,43.2,1,0,0
2026-09-03 01:10:00,163.5,0,72,43.0,1,0,0
2026-09-03 01:15:00,162.2,0,69,46.1,1,0,0
2026-09-03 01:20:00,162.9,1,70,43.0,1,0,0
2026-09-03 01:25:00,162.3,0,74,44.7,1,0,0
2026-09-03 01:30:00,163.3,0,70,43.5,1,0,0
2026-09-03 01:35:00,165.3,0,69,44.0,1,0,0
2026-09-03 01:40:00,168.0,0,68,44.1,1,0,0
2026-09-03 01:45:00,167.9,0,71,45.7,1,0,0
2026-09-03 01:50:00,169.8,0,71,42.9,1,0,0
2026-09-03 01:55:00,169.2,0,71,46.3,1,0,0
2026-09-03 02:00:00,168.7,1,68,41.9,1,0,0
2026-09-03 02:05:00,166.6,0,68,44.5,1,0,0
2026-09-03 02:10:00,167.3,1,71,47.0,1,0,0
2026-09-03 02:15:00,170.8,0,73,41.4,1,0,0
2026-09-03 02:20:00,171.7,0,69,42.0,1,0,0
2026-09-03 02:25:00,172.4,1,72,43.0,1,0,0
2026-09-03 02:30:00,172.7,0,71,47.5,1,0,0
2026-09-03 02:35:00,174.5,0,74,45.4,1,0,0
2026-09-03 02:40:00,174.3,0,69,43.2,1,0,0
2026-09-03 02:45:00,173.5,0,73,42.6,1,0,0
2026-09-03 02:50:00,172.0,0,72,42.5,1,0,0
2026-09-03 02:55:00,171.1,0,69,40.6,1,0,0
2026-09-03 03:00:00,172.3,1,71,46.0,1,0,0
2026-09-03 03:05:00,173.7,0,73,44.1,1,0,0
2026-09-03 03:10:00,175.4,0,70,41.7,1,0,0
2026-09-03 03:15:00,193.5,0,67,44.2,1,0,0
2026-09-03 03:20:00,193.0,0,68,44.8,1,0,0
2026-09-03 03:25:00,191.4,0,66,46.2,1,0,0
2026-09-03 03:30:00,192.6,0,70,43.4,1,0,0
2026-09-03 03:35:00,192.5,0,73,47.7,1,0,0
2026-09-03 03:40:00,194.9,1,68,43.5,1,0,0
2026-09-03 03:45:00,195.1,0,70,43.2,1,0,0
2026-09-03 03:50:00,196.6,1,69,42.6,1,0,0
2026-09-03 03:55:00,200.7,0,74,41.4,1,0,0
2026-09-03 04:00:00,201.5,0,68,45.5,1,0,0
2026-09-03 04:05:00,204.6,0,70,40.4,1,0,0
2026-09-03 04:10:00,206.7,0,74,45.8,1,0,0
2026-09-03 04:15:00,206.7,0,71,44.0,1,0,0
2026-09-03 04:20:00,204.6,1,69,46.3,1,0,0
2026-09-03 04:25:00,202.2,0,67,43.3,1,0,0
2026-09-03 04:30:00,201.5,0,71,45.8,1,0,0
2026-09-03 04:35:00,202.4,0,72,40.8,1,0,0
2026-09-03 04:40:00,202.0,1,70,43.6,1,0,0
2026-09-03 04:45:00,199.3,0,72,44.3,1,0,0
2026-09-03 04:50:00,201.0,0,72,44.4,1,0,0
2026-09-03 04:55:00,198.0,0,68,43.7,1,0,0
2026-09-03 05:00:00,194.1,0,71,46.1,1,0,0
2026-09-03 05:05:00,191.3,0,67,44.6,1,0,0
2026-09-03 05:10:00,194.4,0,67,38.9,1,0,0
2026-09-03 05:15:00,194.9,0,72,45.4,1,0,0
2026-09-03 05:20:00,195.8,0,71,44.6,1,0,0
2026-09-03 05:25:00,199.4,0,69,42.0,1,0,0
2026-09-03 05:30:00,198.0,0,73,45.6,1,0,0
2026-09-03 05:35:00,198.7,3,71,40.4,1,0,0
2026-09-03 05:40:00,198.3,0,69,46.3,1,0,0
2026-09-03 05:45:00,194.9,0,70,40.8,1,0,0
2026-09-03 05:50:00,194.5,0,70,45.6,1,0,0
2026-09-03 05:55:00,193.6,0,73,44.7,1,0,0
2026-09-03 06:00:00,195.6,2,67,45.5,1,0,0
2026-09-03 06:05:00,196.6,0,72,41.1,1,0,0
2026-09-03 06:10:00,196.5,0,71,42.8,1,0,0
2026-09-03 06:15:00,195.9,0,70,44.1,1,0,0
2026-09-03 06:20:00,195.7,1,74,40.2,1,0,0
2026-09-03 06:25:00,195.5,10,77,28.2,0,0,0
2026-09-03 06:30:00,196.2,2,80,26.1,0,0,0
2026-09-03 06:35:00,194.3,6,79,25.8,0,0,0
2026-09-03 06:40:00,195.6,10,78,24.5,0,0,0
2026-09-03 06:45:00,198.4,11,78,23.4,0,0,0
2026-09-03 06:50:00,196.1,10,80,26.6,0,0,0
2026-09-03 06:55:00,195.1,5,80,28.2,0,0,0
2026-09-03 07:00:00,197.1,10,80,30.0,0,0,0
2026-09-03 07:05:00,198.6,27,78,31.0,0,0,0
2026-09-03 07:10:00,199.2,5,79,28.7,0,0,0
2026-09-03 07:15:00,196.9,6,75,27.1,0,0,0
2026-09-03 07:20:00,198.9,8,81,26.5,0,0,0
2026-09-03 07:25:00,197.7,6,78,26.0,0,0,0
2026-09-03 07:30:00,195.8,4,78,27.6,0,0,0
2026-09-03 07:35:00,195.5,5,77,26.1,0,0,0
2026-09-03 07:40:00,194.1,18,78,24.8,0,0,0
2026-09-03 07:45:00,189.6,3,76,22.5,0,0,0
2026-09-03 07:50:00,189.2,1,76,29.8,0,0,0
2026-09-03 07:55:00,190.7,6,78,25.6,0,0,0
2026-09-03 08:00:00,189.3,9,82,25.4,0,0,0
2026-09-03 08:05:00,190.5,9,72,27.3,0,0,0
2026-09-03 08:10:00,187.8,5,78,23.2,0,0,0
2026-09-03 08:15:00,186.3,10,81,23.3,0,0,0
2026-09-03 08:20:00,185.1,8,82,23.5,0,66,78
2026-09-03 08:25:00,196.8,7,81,25.7,0,0,0
2026-09-03 08:30:00,204.8,8,82,25.9,0,0,0
2026-09-03 08:35:00,211.4,3,82,26.2,0,0,0
2026-09-03 08:40:00,214.5,8,81,24.7,0,0,0
2026-09-03 08:45:00,218.9,9,80,27.8,0,0,0
2026-09-03 08:50:00,223.3,8,79,29.9,0,0,0
2026-09-03 08:55:00,222.2,3,80,30.2,0,0,0
2026-09-03 09:00:00,218.1,10,79,26.1,0,0,0
2026-09-03 09:05:00,218.3,10,80,24.7,0,0,0
2026-09-03 09:10:00,215.1,12,80,28.5,0,0,0
2026-09-03 09:15:00,215.2,9,76,28.7,0,0,0
2026-09-03 09:20:00,209.1,6,79,21.1,0,0,0
2026-09-03 09:25:00,204.5,2,80,23.7,0,0,0
2026-09-03 09:30:00,202.2,3,78,30.4,0,0,0
2026-09-03 09:35:00,200.3,12,80,26.9,0,0,0
2026-09-03 09:40:00,199.5,4,80,26.3,0,0,0
2026-09-03 09:45:00,195.7,15,80,27.3,0,0,0
2026-09-03 09:50:00,193.4,7,76,27.8,0,0,0
2026-09-03 09:55:00,191.6,11,75,22.3,0,0,0
2026-09-03 10:00:00,188.1,6,77,25.9,0,0,0
2026-09-03 10:05:00,183.4,7,82,23.4,0,0,0
2026-09-03 10:10:00,177.3,6,78,24.7,0,0,0
2026-09-03 10:15:00,172.8,4,78,26.6,0,0,0
2026-09-03 10:20:00,170.8,5,78,26.7,0,0,0
2026-09-03 10:25:00,167.6,7,76,29.4,0,0,0
2026-09-03 10:30:00,164.9,22,78,25.8,0,0,0
2026-09-03 10:35:00,163.1,2,77,28.6,0,0,0
2026-09-03 10:40:00,166.1,12,80,23.9,0,0,0
2026-09-03 10:45:00,166.8,9,78,28.1,0,0,0
2026-09-03 10:50:00,164.5,4,79,27.9,0,0,0
2026-09-03 10:55:00,161.9,22,79,26.2,0,0,0
2026-09-03 11:00:00,159.5,9,78,24.9,0,0,0
2026-09-03 11:05:00,156.7,15,81,29.0,0,0,0
2026-09-03 11:10:00,155.9,9,79,23.8,0,0,0
2026-09-03 11:15:00,153.5,8,77,26.6,0,0,0
2026-09-03 11:20:00,151.8,10,81,25.5,0,0,0
2026-09-03 11:25:00,151.3,12,80,24.9,0,0,0
2026-09-03 11:30:00,152.8,6,78,23.7,0,0,0
2026-09-03 11:35:00,152.4,14,79,27.0,0,0,0
2026-09-03 11:40:00,154.4,4,76,25.2,0,0,0
2026-09-03 11:45:00,154.5,16,76,28.0,0,0,0
2026-09-03 11:50:00,155.9,8,82,28.8,0,0,0
2026-09-03 11:55:00,157.7,20,81,28.6,0,0,0
2026-09-03 12:00:00,157.5,2,80,25.5,0,0,0
2026-09-03 12:05:00,156.2,7,78,27.6,0,0,0
2026-09-03 12:10:00,157.6,4,78,26.5,0,0,0
2026-09-03 12:15:00,156.3,9,77,26.5,0,0,0
2026-09-03 12:20:00,158.0,6,75,26.7,0,0,0
2026-09-03 12:25:00,156.6,3,81,25.9,0,0,0
2026-09-03 12:30:00,155.0,15,78,24.4,0,0,0
2026-09-03 12:35:00,155.0,10,77,25.4,0,0,0
2026-09-03 12:40:00,151.6,10,78,28.1,0,0,0
2026-09-03 12:45:00,156.9,8,75,25.2,0,0,0
2026-09-03 12:50:00,157.4,22,80,28.8,0,0,0
2026-09-03 12:55:00,155.5,17,84,29.8,0,99,70
2026-09-03 13:00:00,170.4,18,83,24.2,0,0,0
2026-09-03 13:05:00,185.1,11,81,25.2,0,0,0
2026-09-03 13:10:00,191.3,10,84,28.6,0,0,0
2026-09-03 13:15:00,198.8,6,80,29.0,0,0,0
2026-09-03 13:20:00,201.0,13,81,27.8,0,0,0
2026-09-03 13:25:00,201.4,4,74,25.5,0,0,0
2026-09-03 13:30:00,201.3,10,75,27.5,0,0,0
2026-09-03 13:35:00,201.9,21,80,29.3,0,0,0
2026-09-03 13:40:00,199.7,12,80,23.6,0,0,0
2026-09-03 13:45:00,199.3,4,75,28.1,0,0,0
2026-09-03 13:50:00,198.5,19,78,26.8,0,0,0
2026-09-03 13:55:00,195.3,10,79,26.7,0,0,0
2026-09-03 14:00:00,191.9,7,78,24.4,0,0,0
2026-09-03 14:05:00,186.3,11,81,29.5,0,0,0
2026-09-03 14:10:00,181.0,9,80,26.0,0,0,0
2026-09-03 14:15:00,173.1,4,76,28.0,0,0,0
2026-09-03 14:20:00,197.9,8,80,27.6,0,0,0
2026-09-03 14:25:00,192.7,5,79,26.8,0,0,0
2026-09-03 14:30:00,187.9,8,79,26.2,0,0,0
2026-09-03 14:35:00,183.8,22,79,31.0,0,0,0
2026-09-03 14:40:00,180.1,7,79,26.8,0,0,0
2026-09-03 14:45:00,173.1,10,78,25.8,0,0,0
2026-09-03 14:50:00,170.1,14,79,25.8,0,0,0
2026-09-03 14:55:00,164.0,9,81,28.4,0,0,0
2026-09-03 15:00:00,162.3,11,80,30.0,0,0,0
2026-09-03 15:05:00,156.4,5,76,25.5,0,0,0
2026-09-03 15:10:00,153.7,15,76,27.4,0,0,0
2026-09-03 15:15:00,155.1,9,78,27.2,0,0,0
2026-09-03 15:20:00,152.1,11,78,25.5,0,0,0
2026-09-03 15:25:00,148.9,3,81,28.9,0,0,0
2026-09-03 15:30:00,148.2,10,77,24.5,0,0,0
2026-09-03 15:35:00,144.8,10,75,26.7,0,0,0
2026-09-03 15:40:00,145.4,13,80,25.5,0,0,0
2026-09-03 15:45:00,143.3,7,76,26.9,0,0,0
2026-09-03 15:50:00,144.2,7,78,27.7,0,0,0
2026-09-03 15:55:00,140.5,3,75,29.5,0,0,0
2026-09-03 16:00:00,140.6,16,77,28.3,0,0,0
2026-09-03 16:05:00,138.4,6,81,26.3,0,0,0
2026-09-03 16:10:00,138.7,4,77,25.8,0,0,0
2026-09-03 16:15:00,135.8,22,86,28.8,0,0,0
2026-09-03 16:20:00,133.9,11,78,29.1,0,0,0
2026-09-03 16:25:00,134.3,8,78,27.4,0,0,0
2026-09-03 16:30:00,135.7,10,78,26.7,0,0,0
2026-09-03 16:35:00,137.0,9,81,28.4,0,0,0
2026-09-03 16:40:00,135.8,17,78,24.0,0,0,0
2026-09-03 16:45:00,134.8,12,78,26.0,0,0,0
2026-09-03 16:50:00,132.5,12,78,25.3,0,0,0
2026-09-03 16:55:00,131.8,16,78,26.7,0,0,0
2026-09-03 17:00:00,132.1,11,78,27.3,0,0,0
2026-09-03 17:05:00,134.3,13,79,27.2,0,0,0
2026-09-03 17:10:00,133.1,12,82,23.9,0,0,0
2026-09-03 17:15:00,132.2,1,79,26.9,0,34,60
2026-09-03 17:20:00,138.9,7,79,29.5,0,0,0
2026-09-03 17:25:00,141.8,12,83,27.8,0,0,0
2026-09-03 17:30:00,147.8,4,81,24.7,0,0,0
2026-09-03 17:35:00,148.0,4,79,25.1,0,0,0
2026-09-03 17:40:00,149.6,9,81,27.2,0,0,0
2026-09-03 17:45:00,152.5,2,78,24.1,0,0,0
2026-09-03 17:50:00,155.6,10,77,26.2,0,0,0
2026-09-03 17:55:00,158.6,4,76,28.1,0,0,0
2026-09-03 18:00:00,159.1,7,75,23.9,0,0,0
2026-09-03 18:05:00,153.9,9,80,24.7,0,0,0
2026-09-03 18:10:00,153.5,9,75,26.8,0,0,0
2026-09-03 18:15:00,154.2,340,98,26.4,0,0,0
2026-09-03 18:20:00,154.4,347,105,30.9,0,0,0
2026-09-03 18:25:00,155.3,15,81,26.5,0,0,0
2026-09-03 18:30:00,152.2,6,83,27.5,0,0,0
2026-09-03 18:35:00,153.1,13,77,27.6,0,0,0
2026-09-03 18:40:00,150.3,9,80,26.9,0,0,0
2026-09-03 18:45:00,150.6,8,75,29.3,0,0,0
2026-09-03 18:50:00,148.6,8,76,27.4,0,0,0
2026-09-03 18:55:00,184.6,8,76,26.5,0,0,0
2026-09-03 19:00:00,183.8,6,80,27.2,0,0,0
2026-09-03 19:05:00,185.3,13,75,30.1,0,0,0
2026-09-03 19:10:00,181.8,9,80,24.2,0,0,0
2026-09-03 19:15:00,178.7,9,80,28.3,0,0,0
2026-09-03 19:20:00,177.4,5,79,25.6,0,0,0
2026-09-03 19:25:00,173.4,4,80,26.9,0,0,0
2026-09-03 19:30:00,171.6,13,79,26.5,0,0,0
2026-09-03 19:35:00,170.6,2,79,28.7,0,0,0
2026-09-03 19:40:00,169.5,6,79,23.3,0,0,0
2026-09-03 19:45:00,171.4,10,84,29.2,0,0,0
2026-09-03 19:50:00,173.4,10,74,30.9,0,0,0
2026-09-03 19:55:00,172.1,6,79,30.2,0,0,0
2026-09-03 20:00:00,172.6,2,77,28.2,0,0,0
2026-09-03 20:05:00,171.5,8,79,28.3,0,0,0
2026-09-03 20:10:00,177.1,7,78,28.4,0,0,0
2026-09-03 20:15:00,180.8,6,75,24.3,0,0,0
2026-09-03 20:20:00,183.4,21,82,27.8,0,0,0
2026-09-03 20:25:00,183.3,5,75,23.2,0,0,0
2026-09-03 20:30:00,183.6,4,77,25.9,0,0,0
2026-09-03 20:35:00,183.4,7,76,29.1,0,0,0
2026-09-03 20:40:00,181.5,9,83,23.6,0,72,75
2026-09-03 20:45:00,193.6,1,84,22.7,0,0,0
2026-09-03 20:50:00,199.9,14,84,25.9,0,0,0
2026-09-03 20:55:00,207.9,14,80,21.9,0,0,0
2026-09-03 21:00:00,213.6,13,83,26.3,0,0,0
2026-09-03 21:05:00,214.4,14,86,27.4,0,0,0
2026-09-03 21:10:00,216.4,5,82,25.4,0,0,0
2026-09-03 21:15:00,212.1,2,79,24.2,0,0,0
2026-09-03 21:20:00,211.8,9,79,26.4,0,0,0
2026-09-03 21:25:00,213.3,17,78,29.0,0,0,0
2026-09-03 21:30:00,212.3,15,77,27.4,0,0,0
2026-09-03 21:35:00,205.9,11,83,27.1,0,0,0
2026-09-03 21:40:00,204.4,7,81,29.5,0,0,0
2026-09-03 21:45:00,200.3,12,79,21.9,0,0,0
2026-09-03 21:50:00,193.5,10,81,28.9,0,0,0
2026-09-03 21:55:00,188.7,8,75,24.8,0,0,0
2026-09-03 22:00:00,181.5,6,78,27.5,0,0,0
2026-09-03 22:05:00,176.9,3,81,27.8,0,0,0
2026-09-03 22:10:00,174.8,2,80,26.6,0,0,0
2026-09-03 22:15:00,172.3,3,82,27.0,0,0,0
2026-09-03 22:20:00,170.3,9,78,26.8,0,0,0
2026-09-03 22:25:00,164.7,13,77,24.5,0,0,0
2026-09-03 22:30:00,164.9,9,76,26.3,0,0,0
2026-09-03 22:35:00,164.0,4,81,26.1,0,0,0
2026-09-03 22:40:00,158.6,10,77,29.5,0,0,0
2026-09-03 22:45:00,154.7,9,77,27.8,0,0,0
2026-09-03 22:50:00,151.3,9,79,26.9,0,0,0
2026-09-03 22:55:00,149.8,8,77,27.4,0,0,0
2026-09-03 23:00:00,148.9,6,80,29.2,0,0,0
2026-09-03 23:05:00,145.7,8,76,28.0,0,0,0
2026-09-03 23:10:00,144.0,8,79,28.8,0,0,0
2026-09-03 23:15:00,152.5,5,80,24.6,0,0,0
2026-09-03 23:20:00,153.0,7,78,28.7,0,0,0
2026-09-03 23:25:00,155.4,5,78,25.2,0,0,0
2026-09-03 23:30:00,157.6,3,79,25.2,0,0,0
2026-09-03 23:35:00,156.4,4,79,24.3,0,0,0
2026-09-03 23:40:00,156.7,6,78,25.9,0,0,0
2026-09-03 23:45:00,155.0,15,80,26.0,0,0,0
2026-09-03 23:50:00,156.5,6,79,24.6,0,0,0
2026-09-03 23:55:00,157.0,4,80,28.1,0,0,0
2026-09-04 00:00:00,150.2,6,77,29.8,0,0,0
2026-09-04 00:05:00,145.3,4,78,26.5,0,0,0
2026-09-04 00:10:00,147.3,11,83,30.2,0,0,0
2026-09-04 00:15:00,147.2,19,78,29.9,0,0,0
2026-09-04 00:20:00,144.2,6,82,27.8,0,0,0
2026-09-04 00:25:00,140.2,4,79,31.7,0,0,0
2026-09-04 00:30:00,144.8,5,77,29.1,0,0,0
2026-09-04 00:35:00,150.0,5,80,25.6,0,0,0
2026-09-04 00:40:00,147.2,4,77,28.6,0,0,0
2026-09-04 00:45:00,146.0,0,68,44.6,1,0,0
2026-09-04 00:50:00,143.0,2,71,42.1,1,0,0
2026-09-04 00:55:00,145.2,1,68,44.8,1,0,0
2026-09-04 01:00:00,144.5,1,70,46.3,1,0,0
2026-09-04 01:05:00,139.3,0,71,45.0,1,0,0
2026-09-04 01:10:00,140.5,1,70,42.5,1,0,0
2026-09-04 01:15:00,142.2,0,71,43.5,1,0,0
2026-09-04 01:20:00,143.7,0,66,44.1,1,0,0
2026-09-04 01:25:00,145.7,0,68,44.3,1,0,0
2026-09-04 01:30:00,150.6,0,69,46.2,1,0,0
2026-09-04 01:35:00,150.2,0,67,48.0,1,0,0
2026-09-04 01:40:00,151.0,0,74,43.1,1,0,0
2026-09-04 01:45:00,150.9,0,71,44.0,1,0,0
2026-09-04 01:50:00,148.8,0,72,45.8,1,0,0
2026-09-04 01:55:00,148.0,0,69,47.6,1,0,0
2026-09-04 02:00:00,149.8,0,71,45.3,1,0,0
2026-09-04 02:05:00,151.1,0,68,46.5,1,0,0
2026-09-04 02:10:00,153.6,1,73,43.5,1,0,0
2026-09-04 02:15:00,153.1,0,68,47.6,1,0,0
2026-09-04 02:20:00,151.2,0,70,45.5,1,0,0
2026-09-04 02:25:00,150.8,1,68,47.3,1,0,0
2026-09-04 02:30:00,149.6,0,68,49.6,1,0,0
2026-09-04 02:35:00,151.7,0,71,45.0,1,0,0
2026-09-04 02:40:00,178.6,0,72,41.9,1,0,0
2026-09-04 02:45:00,180.3,1,69,42.0,1,0,0
2026-09-04 02:50:00,183.0,0,70,39.5,1,0,0
2026-09-04 02:55:00,183.4,0,68,44.5,1,0,0
2026-09-04 03:00:00,184.1,0,74,44.4,1,0,0
2026-09-04 03:05:00,186.4,0,68,43.4,1,0,0
2026-09-04 03:10:00,186.6,1,69,42.9,1,0,0
2026-09-04 03:15:00,189.3,0,68,49.2,1,0,0
2026-09-04 03:20:00,188.5,0,67,46.9,1,0,0
2026-09-04 03:25:00,185.2,0,72,45.3,1,0,0
2026-09-04 03:30:00,185.2,1,70,49.5,1,0,0
2026-09-04 03:35:00,186.9,0,69,44.1,1,0,0
2026-09-04 03:40:00,186.5,0,74,47.1,1,0,0
2026-09-04 03:45:00,187.2,0,69,43.7,1,0,0
2026-09-04 03:50:00,187.6,0,68,47.0,1,0,0
2026-09-04 03:55:00,188.0,0,72,43.7,1,0,0
2026-09-04 04:00:00,187.5,0,72,47.2,1,0,0
2026-09-04 04:05:00,188.7,0,73,44.6,1,0,0
2026-09-04 04:10:00,189.1,0,71,46.1,1,0,0
2026-09-04 04:15:00,190.3,0,68,47.8,1,0,0
2026-09-04 04:20:00,191.9,0,68,45.5,1,0,0
2026-09-04 04:25:00,193.6,0,70,43.7,1,0,0
2026-09-04 04:30:00,193.9,0,69,42.3,1,0,0
2026-09-04 04:35:00,191.5,0,72,46.5,1,0,0
2026-09-04 04:40:00,192.9,0,70,45.6,1,0,0
2026-09-04 04:45:00,192.7,0,73,43.1,1,0,0
2026-09-04 04:50:00,191.9,0,68,45.8,1,0,0
2026-09-04 04:55:00,192.0,0,70,42.9,1,0,0
2026-09-04 05:00:00,191.2,1,72,43.7,1,0,0
2026-09-04 05:05:00,193.0,0,72,42.8,1,0,0
2026-09-04 05:10:00,196.5,0,68,44.3,1,0,0
2026-09-04 05:15:00,195.4,2,68,46.0,1,0,0
2026-09-04 05:20:00,194.5,0,69,45.0,1,0,0
2026-09-04 05:25:00,193.7,1,71,45.9,1,0,0
2026-09-04 05:30:00,192.6,1,69,43.9,1,0,0
2026-09-04 05:35:00,196.0,0,73,44.7,1,0,0
2026-09-04 05:40:00,194.5,0,68,48.0,1,0,0
2026-09-04 05:45:00,196.6,0,71,50.5,1,0,0
2026-09-04 05:50:00,194.5,0,67,41.5,1,0,0
2026-09-04 05:55:00,193.6,0,70,41.4,1,0,0
2026-09-04 06:00:00,196.2,0,71,44.4,1,0,0
2026-09-04 06:05:00,196.1,0,68,47.2,1,0,0
2026-09-04 06:10:00,194.0,0,68,46.9,1,0,0
2026-09-04 06:15:00,191.5,15,81,28.2,0,0,0
2026-09-04 06:20:00,191.5,1,77,28.4,0,0,0
2026-09-04 06:25:00,192.8,3,79,31.5,0,0,0
2026-09-04 06:30:00,194.8,17,78,27.2,0,0,0
2026-09-04 06:35:00,192.1,6,80,29.7,0,0,0
2026-09-04 06:40:00,190.6,14,79,24.7,0,0,0
2026-09-04 06:45:00,194.8,3,79,25.5,0,0,0
2026-09-04 06:50:00,189.6,8,79,29.7,0,0,0
2026-09-04 06:55:00,191.5,3,75,27.1,0,0,0
2026-09-04 07:00:00,191.7,6,78,29.5,0,0,0
2026-09-04 07:05:00,189.1,6,76,27.1,0,0,0
2026-09-04 07:10:00,188.2,14,81,25.6,0,0,0
2026-09-04 07:15:00,190.4,11,81,26.9,0,0,0
2026-09-04 07:20:00,189.6,6,82,24.3,0,0,0
2026-09-04 07:25:00,190.4,11,79,24.8,0,0,0
2026-09-04 07:30:00,188.5,8,75,29.1,0,0,0
2026-09-04 07:35:00,190.8,7,81,30.5,0,0,0
2026-09-04 07:40:00,189.6,6,81,25.7,0,0,0
2026-09-04 07:45:00,188.3,13,84,29.4,0,50,70
2026-09-04 07:50:00,200.4,8,82,28.7,0,0,0
2026-09-04 07:55:00,205.6,12,84,29.0,0,0,0
2026-09-04 08:00:00,211.8,3,83,29.4,0,0,0
2026-09-04 08:05:00,216.1,16,84,26.5,0,0,0
2026-09-04 08:10:00,217.6,3,81,26.6,0,0,0
2026-09-04 08:15:00,217.9,11,77,26.6,0,0,0
2026-09-04 08:20:00,219.7,3,81,28.9,0,0,0
2026-09-04 08:25:00,218.7,11,76,27.8,0,0,0
2026-09-04 08:30:00,220.9,7,81,26.4,0,0,0
2026-09-04 08:35:00,221.1,5,78,27.3,0,0,0
2026-09-04 08:40:00,218.1,17,75,21.2,0,0,0
2026-09-04 08:45:00,218.4,9,76,23.4,0,0,0
2026-09-04 08:50:00,219.4,6,79,26.5,0,0,0
2026-09-04 08:55:00,215.3,8,80,27.8,0,0,0
2026-09-04 09:00:00,219.6,4,78,26.9,0,0,0
2026-09-04 09:05:00,218.3,0,78,26.9,0,0,0
2026-09-04 09:10:00,215.1,8,82,28.9,0,0,0
2026-09-04 09:15:00,216.6,7,76,28.8,0,0,0
2026-09-04 09:20:00,216.0,11,75,29.7,0,0,0
2026-09-04 09:25:00,212.9,2,82,28.4,0,0,0
2026-09-04 09:30:00,210.9,4,80,28.8,0,0,0
2026-09-04 09:35:00,206.1,5,79,28.4,0,0,0
2026-09-04 09:40:00,207.1,21,77,24.9,0,0,0
2026-09-04 09:45:00,207.2,17,79,27.5,0,0,0
2026-09-04 09:50:00,203.6,7,76,28.0,0,0,0
2026-09-04 09:55:00,203.2,4,80,24.3,0,0,0
2026-09-04 10:00:00,201.4,6,79,25.8,0,0,0
2026-09-04 10:05:00,197.0,19,78,27.2,0,0,0
2026-09-04 10:10:00,200.9,0,79,25.3,0,0,0
2026-09-04 10:15:00,198.0,19,79,31.2,0,0,0
2026-09-04 10:20:00,195.2,10,77,24.7,0,0,0
2026-09-04 10:25:00,194.1,10,76,29.0,0,0,0
2026-09-04 10:30:00,196.3,6,77,30.5,0,0,0
2026-09-04 10:35:00,195.8,4,80,25.8,0,0,0
2026-09-04 10:40:00,197.6,6,78,29.3,0,0,0
2026-09-04 10:45:00,201.4,10,78,26.9,0,0,0
2026-09-04 10:50:00,199.0,5,80,29.5,0,0,0
2026-09-04 10:55:00,199.6,5,77,26.6,0,0,0
2026-09-04 11:00:00,202.0,5,78,29.2,0,0,0
2026-09-04 11:05:00,197.4,4,75,23.6,0,0,0
2026-09-04 11:10:00,197.8,8,79,28.6,0,0,0
2026-09-04 11:15:00,194.8,3,80,28.0,0,0,0
2026-09-04 11:20:00,193.8,4,79,27.1,0,0,0
2026-09-04 11:25:00,194.2,2,77,29.5,0,0,0
2026-09-04 11:30:00,195.1,6,73,28.9,0,0,0
2026-09-04 11:35:00,198.3,13,77,26.1,0,0,0
2026-09-04 11:40:00,198.5,13,78,29.9,0,0,0
2026-09-04 11:45:00,196.8,5,79,29.8,0,0,0
2026-09-04 11:50:00,195.1,11,79,27.7,0,0,0
2026-09-04 11:55:00,193.6,11,77,27.1,0,0,0
2026-09-04 12:00:00,194.2,10,76,27.3,0,0,0
2026-09-04 12:05:00,194.7,15,78,28.3,0,0,0
2026-09-04 12:10:00,194.2,12,81,31.5,0,0,0
2026-09-04 12:15:00,190.7,13,82,25.2,0,0,0
2026-09-04 12:20:00,188.2,6,83,21.4,0,0,0
2026-09-04 12:25:00,190.3,13,77,24.9,0,0,0
2026-09-04 12:30:00,190.0,12,78,25.2,0,0,0
2026-09-04 12:35:00,189.8,10,77,29.7,0,0,0
2026-09-04 12:40:00,188.5,4,78,24.5,0,0,0
2026-09-04 12:45:00,191.0,8,78,27.2,0,0,0
2026-09-04 12:50:00,192.8,7,78,29.4,0,0,0
2026-09-04 12:55:00,193.0,6,81,30.4,0,0,0
2026-09-04 13:00:00,192.2,2,74,28.1,0,0,0
2026-09-04 13:05:00,191.3,6,78,27.6,0,0,0
2026-09-04 13:10:00,191.9,11,80,28.0,0,0,0
2026-09-04 13:15:00,194.4,8,79,26.7,0,0,0
2026-09-04 13:20:00,196.3,17,79,25.7,0,0,0
2026-09-04 13:25:00,196.2,5,82,29.7,0,0,0
2026-09-04 13:30:00,191.3,10,80,25.4,0,0,0
2026-09-04 13:35:00,192.0,8,80,26.4,0,0,0
2026-09-04 13:40:00,190.5,13,82,30.7,0,0,0
2026-09-04 13:45:00,191.2,2,79,28.5,0,0,0
2026-09-04 13:50:00,191.3,20,82,26.5,0,97,75
2026-09-04 13:55:00,207.1,17,81,25.5,0,0,0
2026-09-04 14:00:00,219.2,4,81,24.8,0,0,0
2026-09-04 14:05:00,227.2,9,82,27.0,0,0,0
2026-09-04 14:10:00,233.9,7,80,26.7,0,0,0
2026-09-04 14:15:00,239.0,19,84,28.0,0,0,0
2026-09-04 14:20:00,239.0,6,78,28.4,0,0,0
2026-09-04 14:25:00,239.5,5,78,27.7,0,0,0
2026-09-04 14:30:00,238.4,12,76,24.9,0,0,0
2026-09-04 14:35:00,235.6,12,78,29.8,0,0,0
2026-09-04 14:40:00,235.5,13,78,31.5,0,0,0
2026-09-04 14:45:00,229.4,5,80,31.6,0,0,0
2026-09-04 14:50:00,226.7,7,79,25.9,0,0,0
2026-09-04 14:55:00,220.7,6,79,26.4,0,0,0
2026-09-04 15:00:00,216.0,5,80,28.7,0,0,0
2026-09-04 15:05:00,207.5,3,78,26.3,0,0,0
2026-09-04 15:10:00,196.7,12,77,28.3,0,0,0
2026-09-04 15:15:00,196.7,12,78,26.9,0,0,0
2026-09-04 15:20:00,192.5,8,80,31.2,0,0,0
2026-09-04 15:25:00,184.5,15,79,22.6,0,0,0
2026-09-04 15:30:00,178.4,5,79,29.6,0,0,0
2026-09-04 15:35:00,176.2,3,81,28.8,0,0,0
2026-09-04 15:40:00,170.7,15,79,25.4,0,0,0
2026-09-04 15:45:00,164.3,9,76,27.0,0,0,0
2026-09-04 15:50:00,159.4,3,79,29.0,0,0,0
2026-09-04 15:55:00,156.4,8,77,26.2,0,0,0
2026-09-04 16:00:00,151.5,7,76,26.6,0,0,0
2026-09-04 16:05:00,148.7,426,103,25.7,0,0,0
2026-09-04 16:10:00,149.4,417,103,28.5,0,0,0
2026-09-04 16:15:00,144.4,421,99,24.3,0,0,0
2026-09-04 16:20:00,142.4,434,102,33.2,0,0,0
2026-09-04 16:25:00,137.1,9,80,22.7,0,0,0
2026-09-04 16:30:00,136.7,12,79,26.8,0,0,0
2026-09-04 16:35:00,136.1,5,78,26.7,0,0,0
2026-09-04 16:40:00,137.9,7,80,31.3,0,0,0
2026-09-04 16:45:00,135.8,12,77,27.8,0,0,0
2026-09-04 16:50:00,133.4,6,82,28.2,0,0,0
2026-09-04 16:55:00,131.4,11,79,30.1,0,0,0
2026-09-04 17:00:00,133.3,4,81,29.5,0,0,0
2026-09-04 17:05:00,134.4,9,78,29.6,0,0,0
2026-09-04 17:10:00,133.6,8,76,29.7,0,0,0
2026-09-04 17:15:00,135.0,13,84,28.8,0,0,0
2026-09-04 17:20:00,134.6,11,79,29.5,0,0,0
2026-09-04 17:25:00,132.4,11,78,30.2,0,0,0
2026-09-04 17:30:00,131.4,11,78,28.4,0,0,0
2026-09-04 17:35:00,129.2,4,82,28.8,0,30,60
2026-09-04 17:40:00,135.5,14,80,31.6,0,0,0
2026-09-04 17:45:00,137.3,3,82,28.4,0,0,0
2026-09-04 17:50:00,141.9,19,83,25.4,0,0,0
2026-09-04 17:55:00,143.0,6,79,24.8,0,0,0
2026-09-04 18:00:00,141.6,11,80,26.1,0,0,0
2026-09-04 18:05:00,142.1,15,78,25.3,0,0,0
2026-09-04 18:10:00,143.9,11,79,29.0,0,0,0
2026-09-04 18:15:00,143.8,3,77,30.4,0,0,0
2026-09-04 18:20:00,139.9,9,79,30.2,0,0,0
2026-09-04 18:25:00,136.0,5,76,27.4,0,0,0
2026-09-04 18:30:00,139.2,6,78,23.9,0,0,0
2026-09-04 18:35:00,134.8,6,73,29.2,0,0,0
2026-09-04 18:40:00,135.8,9,80,28.6,0,0,0
2026-09-04 18:45:00,131.9,5,80,26.5,0,0,0
2026-09-04 18:50:00,134.4,18,79,26.0,0,0,0
2026-09-04 18:55:00,132.4,7,78,27.3,0,0,0
2026-09-04 19:00:00,128.7,3,81,27.1,0,0,0
2026-09-04 19:05:00,130.3,8,80,29.9,0,0,0
2026-09-04 19:10:00,128.9,1,84,23.8,0,0,0
2026-09-04 19:15:00,130.7,1,78,27.0,0,0,0
2026-09-04 19:20:00,130.9,5,79,24.7,0,0,0
2026-09-04 19:25:00,131.6,6,79,25.7,0,0,0
2026-09-04 19:30:00,131.3,11,81,28.6,0,0,0
2026-09-04 19:35:00,133.6,7,78,26.5,0,0,0
2026-09-04 19:40:00,133.7,20,81,29.0,0,0,0
2026-09-04 19:45:00,135.8,9,77,31.0,0,0,0
2026-09-04 19:50:00,178.3,8,77,25.3,0,0,0
2026-09-04 19:55:00,175.4,23,83,29.2,0,0,0
2026-09-04 20:00:00,172.4,10,77,33.5,0,0,0
2026-09-04 20:05:00,170.8,6,76,29.4,0,0,0
2026-09-04 20:10:00,168.8,6,79,26.3,0,0,0
2026-09-04 20:15:00,171.9,9,79,30.1,0,0,0
2026-09-04 20:20:00,173.5,11,74,27.5,0,0,0
2026-09-04 20:25:00,172.5,4,80,26.9,0,0,0
2026-09-04 20:30:00,175.1,4,77,30.4,0,0,0
2026-09-04 20:35:00,177.1,6,79,28.7,0,0,0
2026-09-04 20:40:00,173.8,7,79,30.7,0,0,0
2026-09-04 20:45:00,174.3,22,79,32.1,0,0,0
2026-09-04 20:50:00,172.1,6,82,26.4,0,0,0
2026-09-04 20:55:00,169.2,10,82,27.4,0,0,0
2026-09-04 21:00:00,170.7,18,78,29.0,0,0,0
2026-09-04 21:05:00,167.5,4,82,30.4,0,58,55
2026-09-04 21:10:00,174.2,8,82,33.1,0,0,0
2026-09-04 21:15:00,178.3,6,84,27.5,0,0,0
2026-09-04 21:20:00,183.9,5,80,31.0,0,0,0
2026-09-04 21:25:00,188.3,8,82,28.9,0,0,0
2026-09-04 21:30:00,190.7,16,79,28.2,0,0,0
2026-09-04 21:35:00,190.5,11,77,27.2,0,0,0
2026-09-04 21:40:00,192.3,4,74,28.8,0,0,0
2026-09-04 21:45:00,189.3,13,78,27.7,0,0,0
2026-09-04 21:50:00,189.3,10,79,26.1,0,0,0
2026-09-04 21:55:00,188.5,9,78,28.4,0,0,0
2026-09-04 22:00:00,187.9,12,79,24.9,0,0,0
2026-09-04 22:05:00,184.6,10,78,25.9,0,0,0
2026-09-04 22:10:00,183.5,6,77,29.7,0,0,0
2026-09-04 22:15:00,181.2,5,80,27.0,0,0,0
2026-09-04 22:20:00,176.7,14,78,26.5,0,0,0
2026-09-04 22:25:00,174.1,12,76,27.8,0,0,0
2026-09-04 22:30:00,172.0,14,78,27.9,0,0,0
2026-09-04 22:35:00,168.8,12,79,26.5,0,0,0
2026-09-04 22:40:00,166.5,5,77,30.6,0,0,0
2026-09-04 22:45:00,165.6,12,80,26.7,0,0,0
2026-09-04 22:50:00,164.5,12,74,28.7,0,0,0
2026-09-04 22:55:00,161.6,4,79,27.9,0,0,0
2026-09-04 23:00:00,159.8,1,81,28.8,0,0,0
2026-09-04 23:05:00,158.4,7,80,27.3,0,0,0
2026-09-04 23:10:00,156.1,1,76,30.2,0,0,0
2026-09-04 23:15:00,155.5,6,76,30.0,0,0,0
2026-09-04 23:20:00,150.9,4,79,28.3,0,0,0
2026-09-04 23:25:00,150.0,8,78,29.8,0,0,0
2026-09-04 23:30:00,151.8,8,79,26.4,0,0,0
2026-09-04 23:35:00,161.3,12,79,29.0,0,0,0
2026-09-04 23:40:00,161.8,5,80,28.7,0,0,0
2026-09-04 23:45:00,161.8,11,81,30.4,0,0,0
2026-09-04 23:50:00,163.7,18,83,26.0,0,0,0
2026-09-04 23:55:00,162.4,9,81,31.4,0,0,0
2026-09-05 00:00:00,160.2,10,77,28.9,0,0,0
2026-09-05 00:05:00,159.4,14,79,26.7,0,0,0
2026-09-05 00:10:00,157.3,8,80,25.1,0,0,0
2026-09-05 00:15:00,158.6,14,78,24.3,0,0,0
2026-09-05 00:20:00,157.9,0,69,45.4,1,0,0
2026-09-05 00:25:00,158.8,0,67,43.8,1,0,0
2026-09-05 00:30:00,160.6,0,71,43.2,1,0,0
2026-09-05 00:35:00,160.7,0,71,45.8,1,0,0
2026-09-05 00:40:00,159.7,0,69,42.0,1,0,0
2026-09-05 00:45:00,160.7,0,69,46.4,1,0,0
2026-09-05 00:50:00,159.6,0,73,46.5,1,0,0
2026-09-05 00:55:00,160.4,0,70,46.0,1,0,0
2026-09-05 01:00:00,161.4,0,66,45.1,1,0,0
2026-09-05 01:05:00,163.4,0,70,45.6,1,0,0
2026-09-05 01:10:00,162.6,2,69,44.8,1,0,0
2026-09-05 01:15:00,164.2,0,68,45.6,1,0,0
2026-09-05 01:20:00,162.9,0,70,44.9,1,0,0
2026-09-05 01:25:00,163.0,1,69,44.0,1,0,0
2026-09-05 01:30:00,160.5,0,71,45.3,1,0,0
2026-09-05 01:35:00,162.9,0,68,44.6,1,0,0
2026-09-05 01:40:00,162.4,1,74,44.8,1,0,0
2026-09-05 01:45:00,164.5,0,70,47.4,1,0,0
2026-09-05 01:50:00,163.8,1,70,42.7,1,0,0
2026-09-05 01:55:00,163.5,0,68,47.0,1,0,0
2026-09-05 02:00:00,164.1,0,70,47.8,1,0,0
2026-09-05 02:05:00,165.6,1,69,44.1,1,0,0
2026-09-05 02:10:00,166.8,0,71,43.9,1,0,0
2026-09-05 02:15:00,169.5,0,72,43.7,1,0,0
2026-09-05 02:20:00,168.4,0,70,40.3,1,0,0
2026-09-05 02:25:00,166.7,1,73,41.8,1,0,0
2026-09-05 02:30:00,168.9,0,71,44.7,1,0,0
2026-09-05 02:35:00,168.6,0,71,43.4,1,0,0
2026-09-05 02:40:00,170.4,0,68,46.6,1,0,0
2026-09-05 02:45:00,170.0,0,71,46.4,1,0,0
2026-09-05 02:50:00,167.1,0,69,41.4,1,0,0
2026-09-05 02:55:00,166.9,0,70,45.0,1,0,0
2026-09-05 03:00:00,168.8,0,71,44.5,1,0,0
2026-09-05 03:05:00,185.5,1,72,42.0,1,0,0
2026-09-05 03:10:00,186.5,0,70,44.3,1,0,0
2026-09-05 03:15:00,187.3,0,70,46.4,1,0,0
2026-09-05 03:20:00,188.9,1,74,46.6,1,0,0
2026-09-05 03:25:00,189.8,0,70,43.3,1,0,0
2026-09-05 03:30:00,190.8,0,69,44.2,1,0,0
2026-09-05 03:35:00,189.6,0,69,44.3,1,0,0
2026-09-05 03:40:00,189.7,1,70,41.8,1,0,0
2026-09-05 03:45:00,186.7,0,76,44.8,1,0,0
2026-09-05 03:50:00,187.7,0,67,44.1,1,0,0
2026-09-05 03:55:00,189.8,0,69,45.5,1,0,0
2026-09-05 04:00:00,191.2,0,69,43.3,1,0,0
2026-09-05 04:05:00,191.4,1,69,47.2,1,0,0
2026-09-05 04:10:00,189.7,0,68,44.1,1,0,0
2026-09-05 04:15:00,191.3,0,72,43.7,1,0,0
2026-09-05 04:20:00,192.7,0,70,45.3,1,0,0
2026-09-05 04:25:00,191.6,0,69,45.1,1,0,0
2026-09-05 04:30:00,194.1,0,70,45.6,1,0,0
2026-09-05 04:35:00,195.0,2,70,41.7,1,0,0
2026-09-05 04:40:00,195.2,0,73,47.7,1,0,0
2026-09-05 04:45:00,194.2,1,72,48.9,1,0,0
2026-09-05 04:50:00,193.9,0,70,41.2,1,0,0
2026-09-05 04:55:00,194.8,0,68,45.6,1,0,0
2026-09-05 05:00:00,194.1,0,69,44.3,1,0,0
2026-09-05 05:05:00,196.2,2,67,43.2,1,0,0
2026-09-05 05:10:00,196.1,0,68,43.5,1,0,0
2026-09-05 05:15:00,195.1,0,71,43.4,1,0,0
2026-09-05 05:20:00,194.7,1,68,45.7,1,0,0
2026-09-05 05:25:00,194.1,0,66,46.2,1,0,0
2026-09-05 05:30:00,193.4,0,72,41.3,1,0,0
2026-09-05 05:35:00,191.9,1,72,44.4,1,0,0
2026-09-05 05:40:00,188.8,0,64,42.7,1,0,0
2026-09-05 05:45:00,190.6,0,69,46.8,1,0,0
2026-09-05 05:50:00,190.5,0,71,38.5,1,0,0
2026-09-05 05:55:00,191.5,1,67,40.5,1,0,0
2026-09-05 06:00:00,195.5,0,68,44.4,1,0,0
2026-09-05 06:05:00,195.3,0,74,44.9,1,0,0
2026-09-05 06:10:00,194.3,0,70,44.6,1,0,0
2026-09-05 06:15:00,193.2,0,75,48.3,1,0,0
2026-09-05 06:20:00,191.2,0,70,46.3,1,0,0
2026-09-05 06:25:00,191.3,0,69,43.8,1,0,0
2026-09-05 06:30:00,189.4,0,68,46.9,1,0,0
2026-09-05 06:35:00,191.5,0,67,44.1,1,0,0
2026-09-05 06:40:00,196.8,1,71,44.7,1,0,0
2026-09-05 06:45:00,198.7,8,79,28.7,0,0,0
2026-09-05 06:50:00,198.4,10,77,23.7,0,0,0
2026-09-05 06:55:00,197.4,15,83,25.1,0,0,0
2026-09-05 07:00:00,194.8,8,80,29.2,0,0,0
2026-09-05 07:05:00,191.0,4,78,28.5,0,0,0
2026-09-05 07:10:00,194.3,10,76,28.3,0,0,0
2026-09-05 07:15:00,194.1,3,78,30.8,0,0,0
2026-09-05 07:20:00,193.9,10,79,31.2,0,0,0
2026-09-05 07:25:00,192.3,8,78,31.9,0,0,0
2026-09-05 07:30:00,193.7,23,83,27.4,0,53,65
2026-09-05 07:35:00,202.5,5,84,26.9,0,0,0
2026-09-05 07:40:00,203.4,6,80,27.5,0,0,0
2026-09-05 07:45:00,210.0,7,83,27.4,0,0,0
2026-09-05 07:50:00,211.8,2,81,30.1,0,0,0
2026-09-05 07:55:00,212.8,12,82,30.0,0,0,0
2026-09-05 08:00:00,211.8,3,80,26.5,0,0,0
2026-09-05 08:05:00,212.4,5,81,30.2,0,0,0
2026-09-05 08:10:00,210.3,6,82,25.4,0,0,0
2026-09-05 08:15:00,206.7,17,80,27.3,0,0,0
2026-09-05 08:20:00,205.2,4,78,27.6,0,0,0
2026-09-05 08:25:00,205.1,8,80,28.8,0,0,0
2026-09-05 08:30:00,206.1,7,81,25.7,0,0,0
2026-09-05 08:35:00,206.8,4,78,29.2,0,0,0
2026-09-05 08:40:00,204.4,4,81,25.6,0,0,0
2026-09-05 08:45:00,204.1,5,80,23.8,0,0,0
2026-09-05 08:50:00,204.3,9,77,28.0,0,0,0
2026-09-05 08:55:00,199.0,2,80,25.7,0,0,0
2026-09-05 09:00:00,191.9,3,74,27.4,0,0,0
2026-09-05 09:05:00,188.7,5,75,26.5,0,0,0
2026-09-05 09:10:00,185.1,10,77,25.1,0,0,0
2026-09-05 09:15:00,183.0,10,76,32.0,0,0,0
2026-09-05 09:20:00,177.5,9,77,27.8,0,0,0
2026-09-05 09:25:00,176.0,6,78,26.5,0,0,0
2026-09-05 09:30:00,175.2,7,77,28.6,0,0,0
2026-09-05 09:35:00,175.9,5,83,26.7,0,0,0
2026-09-05 09:40:00,179.5,9,78,28.6,0,0,0
2026-09-05 09:45:00,177.6,18,80,28.4,0,0,0
2026-09-05 09:50:00,177.4,10,77,27.2,0,0,0
2026-09-05 09:55:00,172.7,3,77,29.9,0,0,0
2026-09-05 10:00:00,172.4,10,80,24.6,0,0,0
2026-09-05 10:05:00,172.4,13,79,27.5,0,0,0
2026-09-05 10:10:00,170.0,474,108,28.2,0,0,0
2026-09-05 10:15:00,168.2,483,107,27.1,0,0,0
2026-09-05 10:20:00,167.0,470,106,26.6,0,0,0
2026-09-05 10:25:00,167.5,9,79,29.6,0,0,0
2026-09-05 10:30:00,166.6,5,81,23.6,0,0,0
2026-09-05 10:35:00,165.0,9,80,25.4,0,0,0
2026-09-05 10:40:00,162.4,6,76,29.3,0,0,0
2026-09-05 10:45:00,163.0,6,76,25.6,0,0,0
2026-09-05 10:50:00,160.4,5,79,30.1,0,0,0
2026-09-05 10:55:00,160.9,13,79,29.3,0,0,0
2026-09-05 11:00:00,162.2,9,81,29.0,0,0,0
2026-09-05 11:05:00,160.9,9,80,26.5,0,0,0
2026-09-05 11:10:00,165.5,8,80,27.9,0,0,0
2026-09-05 11:15:00,164.1,14,76,25.7,0,0,0
2026-09-05 11:20:00,161.0,32,80,27.7,0,0,0
2026-09-05 11:25:00,162.9,13,81,25.1,0,0,0
2026-09-05 11:30:00,165.3,5,80,28.3,0,0,0
2026-09-05 11:35:00,165.1,8,80,26.8,0,0,0
2026-09-05 11:40:00,163.6,7,77,28.9,0,0,0
2026-09-05 11:45:00,163.7,12,76,28.6,0,0,0
2026-09-05 11:50:00,164.9,12,78,31.7,0,0,0
2026-09-05 11:55:00,164.9,13,80,29.5,0,0,0
2026-09-05 12:00:00,167.3,6,78,27.7,0,0,0
2026-09-05 12:05:00,167.6,8,80,25.5,0,0,0
2026-09-05 12:10:00,168.9,5,76,29.0,0,0,0
2026-09-05 12:15:00,168.9,6,76,25.9,0,0,0
2026-09-05 12:20:00,168.9,7,82,24.9,0,0,0
2026-09-05 12:25:00,169.1,13,80,30.1,0,0,0
2026-09-05 12:30:00,169.6,12,79,31.3,0,0,0
2026-09-05 12:35:00,170.8,7,80,27.3,0,0,0
2026-09-05 12:40:00,171.6,2,79,28.8,0,0,0
2026-09-05 12:45:00,171.3,7,76,28.8,0,0,0
2026-09-05 12:50:00,173.7,7,79,30.2,0,0,0
2026-09-05 12:55:00,175.8,5,72,26.0,0,0,0
2026-09-05 13:00:00,173.5,2,78,27.8,0,0,0
2026-09-05 13:05:00,173.7,5,80,27.1,0,0,0
2026-09-05 13:10:00,171.3,9,80,26.9,0,0,0
2026-09-05 13:15:00,172.5,12,77,28.3,0,0,0
2026-09-05 13:20:00,172.4,9,80,26.9,0,0,0
2026-09-05 13:25:00,172.7,12,79,29.1,0,0,0
2026-09-05 13:30:00,190.2,0,78,25.1,0,0,0
2026-09-05 13:35:00,191.3,17,77,28.0,0,0,0
2026-09-05 13:40:00,191.6,7,78,26.1,0,0,0
2026-09-05 13:45:00,193.5,9,78,25.0,0,0,0
2026-09-05 13:50:00,193.1,23,78,25.0,0,0,0
2026-09-05 13:55:00,192.4,6,76,26.0,0,0,0
2026-09-05 14:00:00,193.6,9,78,28.5,0,0,0
2026-09-05 14:05:00,194.1,11,75,28.5,0,0,0
2026-09-05 14:10:00,196.2,18,79,29.3,0,0,0
2026-09-05 14:15:00,194.5,4,80,27.8,0,0,0
2026-09-05 14:20:00,193.2,5,82,31.0,0,0,0
2026-09-05 14:25:00,191.6,16,84,25.4,0,0,0
2026-09-05 14:30:00,190.6,14,81,22.4,0,0,0
2026-09-05 14:35:00,190.7,11,78,28.8,0,0,0
2026-09-05 14:40:00,188.4,14,79,26.0,0,0,0
2026-09-05 14:45:00,190.6,9,78,28.8,0,0,0
2026-09-05 14:50:00,191.8,7,76,26.2,0,0,0
2026-09-05 14:55:00,193.6,2,77,27.5,0,0,0
2026-09-05 15:00:00,196.2,8,83,24.5,0,0,0
2026-09-05 15:05:00,193.7,7,77,27.2,0,0,0
2026-09-05 15:10:00,195.3,11,76,25.6,0,0,0
2026-09-05 15:15:00,193.3,11,76,27.1,0,0,0
2026-09-05 15:20:00,191.0,9,80,26.2,0,0,0
2026-09-05 15:25:00,190.1,3,75,24.7,0,0,0
2026-09-05 15:30:00,187.3,7,79,29.6,0,0,0
2026-09-05 15:35:00,186.9,1,79,28.7,0,0,0
2026-09-05 15:40:00,185.4,5,80,26.7,0,0,0
2026-09-05 15:45:00,185.3,10,80,24.0,0,0,0
2026-09-05 15:50:00,188.0,9,80,29.5,0,0,0
2026-09-05 15:55:00,187.6,9,80,28.3,0,0,0
2026-09-05 16:00:00,185.9,7,77,25.8,0,0,0
2026-09-05 16:05:00,185.9,0,79,27.5,0,0,0
2026-09-05 16:10:00,183.0,5,79,33.0,0,0,0
2026-09-05 16:15:00,184.2,1,77,28.2,0,0,0
2026-09-05 16:20:00,187.0,12,80,26.6,0,0,0
2026-09-05 16:25:00,186.8,16,80,28.6,0,0,0
2026-09-05 16:30:00,184.9,21,78,28.4,0,0,0
2026-09-05 16:35:00,186.0,4,80,29.8,0,0,0
2026-09-05 16:40:00,182.7,13,77,30.4,0,0,0
2026-09-05 16:45:00,184.8,13,79,28.7,0,0,0
2026-09-05 16:50:00,184.3,7,76,30.3,0,0,0
2026-09-05 16:55:00,184.6,4,78,29.3,0,0,0
2026-09-05 17:00:00,179.6,10,79,25.7,0,0,0
2026-09-05 17:05:00,181.3,6,77,27.5,0,0,0
2026-09-05 17:10:00,178.7,2,77,28.8,0,0,0
2026-09-05 17:15:00,179.1,4,77,30.0,0,0,0
2026-09-05 17:20:00,185.2,10,77,27.6,0,0,0
2026-09-05 17:25:00,186.6,2,80,28.3,0,0,0
2026-09-05 17:30:00,187.1,5,78,27.9,0,0,0
2026-09-05 17:35:00,182.1,6,76,26.9,0,0,0
2026-09-05 17:40:00,178.0,6,77,25.8,0,0,0
2026-09-05 17:45:00,172.5,8,78,27.7,0,0,0
2026-09-05 17:50:00,168.8,3,77,26.9,0,0,0
2026-09-05 17:55:00,168.3,9,79,26.8,0,0,0
2026-09-05 18:00:00,169.7,11,80,27.3,0,0,0
2026-09-05 18:05:00,171.2,7,79,28.0,0,0,0
2026-09-05 18:10:00,168.7,8,79,26.9,0,0,0
2026-09-05 18:15:00,167.5,1,81,25.4,0,0,0
2026-09-05 18:20:00,166.8,7,75,29.2,0,0,0
2026-09-05 18:25:00,164.2,3,77,26.6,0,0,0
2026-09-05 18:30:00,158.3,12,78,27.7,0,0,0
2026-09-05 18:35:00,159.7,10,79,26.8,0,0,0
2026-09-05 18:40:00,157.0,8,78,25.5,0,0,0
2026-09-05 18:45:00,154.4,8,79,26.9,0,0,0
2026-09-05 18:50:00,151.8,11,78,32.0,0,0,0
2026-09-05 18:55:00,149.7,10,81,28.1,0,0,0
2026-09-05 19:00:00,149.0,16,76,28.1,0,0,0
2026-09-05 19:05:00,146.5,6,77,28.3,0,0,0
2026-09-05 19:10:00,151.8,8,78,26.4,0,0,0
2026-09-05 19:15:00,152.6,20,79,25.8,0,0,0
2026-09-05 19:20:00,150.4,9,78,26.3,0,0,0
2026-09-05 19:25:00,151.8,9,78,29.1,0,0,0
2026-09-05 19:30:00,152.7,1,77,27.9,0,0,0
2026-09-05 19:35:00,154.3,15,80,25.5,0,0,0
2026-09-05 19:40:00,153.1,9,78,26.4,0,0,0
2026-09-05 19:45:00,152.4,9,82,24.6,0,0,0
2026-09-05 19:50:00,151.2,4,79,26.7,0,0,0
2026-09-05 19:55:00,151.6,7,78,27.2,0,0,0
2026-09-05 20:00:00,158.0,5,79,26.7,0,0,0
2026-09-05 20:05:00,157.5,5,77,29.2,0,0,0
2026-09-05 20:10:00,155.2,11,81,27.2,0,0,0
2026-09-05 20:15:00,152.0,10,77,27.5,0,0,0
2026-09-05 20:20:00,153.2,8,79,26.5,0,0,0
2026-09-05 20:25:00,155.5,5,79,27.5,0,0,0
2026-09-05 20:30:00,156.4,13,78,27.8,0,0,0
2026-09-05 20:35:00,156.3,4,77,25.8,0,0,0
2026-09-05 20:40:00,155.5,8,82,29.3,0,0,0
2026-09-05 20:45:00,156.0,9,78,28.0,0,0,0
2026-09-05 20:50:00,151.7,8,80,30.3,0,0,0
2026-09-05 20:55:00,155.1,13,78,27.3,0,0,0
2026-09-05 21:00:00,157.3,15,79,29.3,0,0,0
2026-09-05 21:05:00,154.4,8,82,24.3,0,95,70
2026-09-05 21:10:00,172.3,5,82,29.4,0,0,0
2026-09-05 21:15:00,186.1,7,79,28.0,0,0,0
2026-09-05 21:20:00,192.2,7,84,29.7,0,0,0
2026-09-05 21:25:00,198.2,14,82,27.1,0,0,0
2026-09-05 21:30:00,198.7,5,81,23.9,0,0,0
2026-09-05 21:35:00,199.5,11,78,28.4,0,0,0
2026-09-05 21:40:00,201.4,5,79,27.6,0,0,0
2026-09-05 21:45:00,203.0,4,76,27.9,0,0,0
2026-09-05 21:50:00,201.6,6,78,28.4,0,0,0
2026-09-05 21:55:00,198.7,7,80,29.2,0,0,0
2026-09-05 22:00:00,192.8,0,76,26.7,0,0,0
2026-09-05 22:05:00,189.6,5,77,27.8,0,0,0
2026-09-05 22:10:00,186.8,16,78,28.0,0,0,0
2026-09-05 22:15:00,184.6,10,83,24.5,0,0,0
2026-09-05 22:20:00,178.0,12,79,27.9,0,0,0
2026-09-05 22:25:00,176.6,2,78,29.8,0,0,0
2026-09-05 22:30:00,174.8,5,78,28.8,0,0,0
2026-09-05 22:35:00,170.8,16,76,30.9,0,0,0
2026-09-05 22:40:00,168.3,6,78,29.7,0,0,0
2026-09-05 22:45:00,166.7,11,76,30.3,0,0,0
2026-09-05 22:50:00,159.4,4,72,28.4,0,0,0
2026-09-05 22:55:00,157.8,17,80,26.7,0,0,0
2026-09-05 23:00:00,156.5,15,75,29.7,0,0,0
2026-09-05 23:05:00,152.5,3,79,27.9,0,0,0
2026-09-05 23:10:00,147.9,8,78,26.6,0,0,0
2026-09-05 23:15:00,145.0,16,75,26.6,0,0,0
2026-09-05 23:20:00,142.5,10,78,33.1,0,0,0
2026-09-05 23:25:00,139.7,7,82,26.9,0,0,0
2026-09-05 23:30:00,153.4,11,80,25.4,0,0,0
2026-09-05 23:35:00,156.0,7,76,28.8,0,0,0
2026-09-05 23:40:00,150.6,11,76,26.5,0,0,0
2026-09-05 23:45:00,147.2,12,78,27.1,0,0,0
2026-09-05 23:50:00,144.6,8,76,24.7,0,0,0
2026-09-05 23:55:00,142.7,12,77,25.9,0,0,0
2026-09-06 00:00:00,136.6,0,72,47.7,1,0,0
2026-09-06 00:05:00,136.6,0,69,47.5,1,0,0
2026-09-06 00:10:00,135.6,0,72,45.2,1,0,0
2026-09-06 00:15:00,136.3,0,67,44.0,1,0,0
2026-09-06 00:20:00,134.5,1,73,43.9,1,0,0
2026-09-06 00:25:00,129.8,0,71,48.5,1,0,0
2026-09-06 00:30:00,131.5,0,72,43.7,1,0,0
2026-09-06 00:35:00,131.7,0,67,42.4,1,0,0
2026-09-06 00:40:00,132.4,0,67,42.6,1,0,0
2026-09-06 00:45:00,135.8,0,69,43.4,1,0,0
2026-09-06 00:50:00,135.1,0,73,48.2,1,0,0
2026-09-06 00:55:00,133.5,0,69,45.1,1,0,0
2026-09-06 01:00:00,133.1,0,67,47.2,1,0,0
2026-09-06 01:05:00,134.0,1,68,48.8,1,0,0
2026-09-06 01:10:00,135.7,0,70,43.4,1,0,0
2026-09-06 01:15:00,135.7,0,70,46.3,1,0,0
2026-09-06 01:20:00,135.6,0,67,44.1,1,0,0
2026-09-06 01:25:00,137.9,0,72,44.7,1,0,0
2026-09-06 01:30:00,140.2,0,67,46.1,1,0,0
2026-09-06 01:35:00,136.8,1,72,46.3,1,0,0
2026-09-06 01:40:00,138.8,1,71,41.4,1,0,0
2026-09-06 01:45:00,138.6,0,74,44.8,1,0,0
2026-09-06 01:50:00,136.4,0,72,47.7,1,0,0
2026-09-06 01:55:00,135.5,0,73,45.0,1,0,0
2026-09-06 02:00:00,135.2,0,71,46.2,1,0,0
2026-09-06 02:05:00,138.0,0,71,45.8,1,0,0
2026-09-06 02:10:00,138.8,0,66,47.2,1,0,0
2026-09-06 02:15:00,137.8,1,71,49.1,1,0,0
2026-09-06 02:20:00,139.7,0,68,42.7,1,0,0
2026-09-06 02:25:00,141.1,0,70,44.9,1,0,0
2026-09-06 02:30:00,141.2,1,68,47.8,1,0,0
2026-09-06 02:35:00,142.9,2,72,45.4,1,0,0
2026-09-06 02:40:00,143.3,0,66,44.6,1,0,0
2026-09-06 02:45:00,141.9,0,73,45.8,1,0,0
2026-09-06 02:50:00,141.5,0,73,46.1,1,0,0
2026-09-06 02:55:00,140.1,0,72,46.2,1,0,0
2026-09-06 03:00:00,141.7,0,72,48.7,1,0,0
2026-09-06 03:05:00,176.6,0,70,43.5,1,0,0
2026-09-06 03:10:00,178.6,0,69,48.6,1,0,0
2026-09-06 03:15:00,180.1,0,67,45.6,1,0,0
2026-09-06 03:20:00,182.1,0,71,49.1,1,0,0
2026-09-06 03:25:00,179.8,0,67,45.7,1,0,0
2026-09-06 03:30:00,181.3,1,70,44.7,1,0,0
2026-09-06 03:35:00,177.9,1,69,45.0,1,0,0
2026-09-06 03:40:00,182.5,0,73,44.1,1,0,0
2026-09-06 03:45:00,184.6,0,73,44.8,1,0,0
2026-09-06 03:50:00,183.8,1,70,43.1,1,0,0
2026-09-06 03:55:00,184.6,0,70,46.8,1,0,0
2026-09-06 04:00:00,187.2,1,71,44.8,1,0,0
2026-09-06 04:05:00,189.6,0,72,45.1,1,0,0
2026-09-06 04:10:00,188.6,0,72,47.5,1,0,0
2026-09-06 04:15:00,193.7,0,68,47.2,1,0,0
2026-09-06 04:20:00,191.0,0,69,43.7,1,0,0
2026-09-06 04:25:00,190.1,0,73,47.7,1,0,0
2026-09-06 04:30:00,189.8,2,70,51.8,1,0,0
2026-09-06 04:35:00,190.4,0,70,44.7,1,0,0
2026-09-06 04:40:00,189.4,0,74,45.6,1,0,0
2026-09-06 04:45:00,187.5,0,73,43.1,1,0,0
2026-09-06 04:50:00,188.9,0,70,46.1,1,0,0
2026-09-06 04:55:00,193.0,0,70,44.6,1,0,0
2026-09-06 05:00:00,191.7,0,69,45.6,1,0,0
2026-09-06 05:05:00,189.5,0,68,49.9,1,0,0
2026-09-06 05:10:00,185.7,0,69,49.5,1,0,0
2026-09-06 05:15:00,186.9,0,71,47.2,1,0,0
2026-09-06 05:20:00,190.7,0,68,46.2,1,0,0
2026-09-06 05:25:00,191.1,0,68,46.3,1,0,0
2026-09-06 05:30:00,189.7,0,72,42.4,1,0,0
2026-09-06 05:35:00,191.3,0,70,48.2,1,0,0
2026-09-06 05:40:00,191.6,0,69,45.9,1,0,0
2026-09-06 05:45:00,191.6,0,68,48.2,1,0,0
2026-09-06 05:50:00,191.7,0,68,45.3,1,0,0
2026-09-06 05:55:00,192.1,0,67,48.7,1,0,0
2026-09-06 06:00:00,191.4,0,71,46.8,1,0,0
2026-09-06 06:05:00,188.6,0,68,47.1,1,0,0
2026-09-06 06:10:00,188.5,0,70,46.0,1,0,0
2026-09-06 06:15:00,189.7,1,69,44.5,1,0,0
2026-09-06 06:20:00,186.9,0,68,41.8,1,0,0
2026-09-06 06:25:00,189.3,0,70,47.6,1,0,0
2026-09-06 06:30:00,188.8,0,71,44.5,1,0,0
2026-09-06 06:35:00,188.5,0,70,49.4,1,0,0
2026-09-06 06:40:00,193.5,0,71,48.8,1,0,0
2026-09-06 06:45:00,192.9,13,76,25.4,0,0,0
2026-09-06 06:50:00,190.9,13,81,29.6,0,0,0
2026-09-06 06:55:00,192.1,10,80,33.0,0,0,0
2026-09-06 07:00:00,194.7,8,76,28.6,0,0,0
2026-09-06 07:05:00,191.4,11,80,27.6,0,0,0
2026-09-06 07:10:00,189.3,2,80,28.5,0,0,0
2026-09-06 07:15:00,190.0,8,78,25.9,0,0,0
2026-09-06 07:20:00,189.9,9,79,28.7,0,0,0
2026-09-06 07:25:00,187.3,8,82,25.9,0,52,65
2026-09-06 07:30:00,198.2,6,80,27.2,0,0,0
2026-09-06 07:35:00,203.8,13,83,26.2,0,0,0
2026-09-06 07:40:00,207.1,21,84,30.7,0,0,0
2026-09-06 07:45:00,211.8,7,83,29.8,0,0,0
2026-09-06 07:50:00,212.1,10,80,28.3,0,0,0
2026-09-06 07:55:00,215.4,7,80,28.7,0,0,0
2026-09-06 08:00:00,214.6,7,78,26.1,0,0,0
2026-09-06 08:05:00,218.5,9,83,28.8,0,0,0
2026-09-06 08:10:00,219.7,13,79,26.4,0,0,0
2026-09-06 08:15:00,219.3,3,82,29.0,0,0,0
2026-09-06 08:20:00,219.5,6,80,27.9,0,0,0
2026-09-06 08:25:00,219.9,5,82,27.2,0,0,0
2026-09-06 08:30:00,220.6,4,82,30.2,0,0,0
2026-09-06 08:35:00,219.1,12,80,31.1,0,0,0
2026-09-06 08:40:00,213.5,12,78,26.5,0,0,0
2026-09-06 08:45:00,209.3,5,78,29.2,0,0,0
2026-09-06 08:50:00,206.4,6,78,30.1,0,0,0
2026-09-06 08:55:00,203.9,5,76,25.4,0,0,0
2026-09-06 09:00:00,199.4,2,79,30.0,0,0,0
2026-09-06 09:05:00,194.4,7,78,27.2,0,0,0
2026-09-06 09:10:00,192.2,5,78,28.7,0,0,0
2026-09-06 09:15:00,195.8,3,78,26.7,0,0,0
2026-09-06 09:20:00,196.1,5,81,25.3,0,0,0
2026-09-06 09:25:00,194.0,9,85,27.5,0,0,0
2026-09-06 09:30:00,193.2,8,76,27.8,0,0,0
2026-09-06 09:35:00,191.0,5,76,28.0,0,0,0
2026-09-06 09:40:00,191.2,10,76,29.3,0,0,0
2026-09-06 09:45:00,188.9,24,74,26.7,0,0,0
2026-09-06 09:50:00,189.2,8,83,30.8,0,0,0
2026-09-06 09:55:00,188.5,8,81,27.5,0,0,0
2026-09-06 10:00:00,190.0,3,81,27.0,0,0,0
2026-09-06 10:05:00,189.5,7,78,26.8,0,0,0
2026-09-06 10:10:00,195.0,3,78,27.7,0,0,0
2026-09-06 10:15:00,196.7,11,76,30.5,0,0,0
2026-09-06 10:20:00,194.6,3,77,32.7,0,0,0
2026-09-06 10:25:00,195.3,15,79,29.6,0,0,0
2026-09-06 10:30:00,197.3,14,79,26.2,0,0,0
2026-09-06 10:35:00,200.1,8,77,26.0,0,0,0
2026-09-06 10:40:00,195.3,6,84,28.3,0,0,0
2026-09-06 10:45:00,193.2,10,79,29.6,0,0,0
2026-09-06 10:50:00,193.6,7,77,29.0,0,0,0
2026-09-06 10:55:00,192.4,9,81,28.9,0,0,0
2026-09-06 11:00:00,190.9,9,77,25.7,0,0,0
2026-09-06 11:05:00,190.3,7,81,24.9,0,0,0
2026-09-06 11:10:00,190.1,5,80,29.7,0,0,0
2026-09-06 11:15:00,189.7,7,77,30.6,0,0,0
2026-09-06 11:20:00,188.2,6,78,27.8,0,0,0
2026-09-06 11:25:00,185.7,13,76,33.5,0,0,0
2026-09-06 11:30:00,183.8,11,78,31.8,0,0,0
2026-09-06 11:35:00,183.5,4,75,31.1,0,0,0
2026-09-06 11:40:00,183.9,7,75,25.8,0,0,0
2026-09-06 11:45:00,183.5,15,78,32.2,0,0,0
2026-09-06 11:50:00,184.4,2,82,27.0,0,0,0
2026-09-06 11:55:00,181.9,8,77,31.2,0,0,0
2026-09-06 12:00:00,178.4,9,78,26.5,0,0,0
2026-09-06 12:05:00,182.5,435,103,29.5,0,0,0
2026-09-06 12:10:00,181.9,441,102,29.4,0,0,0
2026-09-06 12:15:00,181.7,434,100,28.0,0,0,0
2026-09-06 12:20:00,181.9,450,105,28.1,0,0,0
2026-09-06 12:25:00,181.1,6,79,30.7,0,0,0
2026-09-06 12:30:00,185.3,20,79,26.3,0,0,0
2026-09-06 12:35:00,186.0,4,83,30.0,0,0,0
2026-09-06 12:40:00,185.6,8,76,25.8,0,0,0
2026-09-06 12:45:00,185.6,12,79,25.7,0,0,0
2026-09-06 12:50:00,187.7,8,81,27.4,0,0,0
2026-09-06 12:55:00,180.9,15,76,27.4,0,0,0
2026-09-06 13:00:00,180.3,5,79,32.8,0,0,0
2026-09-06 13:05:00,180.4,5,77,28.2,0,0,0
2026-09-06 13:10:00,178.4,11,80,28.9,0,0,0
2026-09-06 13:15:00,176.5,6,73,29.5,0,0,0
2026-09-06 13:20:00,178.2,6,79,26.7,0,0,0
2026-09-06 13:25:00,179.9,10,79,27.2,0,0,0
2026-09-06 13:30:00,177.8,11,79,27.7,0,0,0
2026-09-06 13:35:00,175.0,4,80,30.4,0,0,0
2026-09-06 13:40:00,167.0,8,76,27.1,0,0,0
2026-09-06 13:45:00,161.4,3,77,30.5,0,0,0
2026-09-06 13:50:00,159.5,6,81,28.7,0,0,0
2026-09-06 13:55:00,160.4,11,76,26.9,0,0,0
2026-09-06 14:00:00,160.7,8,79,26.7,0,0,0
2026-09-06 14:05:00,158.9,4,77,27.2,0,0,0
2026-09-06 14:10:00,155.3,3,79,28.9,0,0,0
2026-09-06 14:15:00,153.4,5,76,29.7,0,0,0
2026-09-06 14:20:00,155.6,6,79,26.7,0,0,0
2026-09-06 14:25:00,153.9,13,77,30.0,0,0,0
2026-09-06 14:30:00,149.0,6,80,27.8,0,0,0
2026-09-06 14:35:00,149.5,8,79,28.5,0,0,0
2026-09-06 14:40:00,148.1,6,78,29.7,0,0,0
2026-09-06 14:45:00,147.1,7,78,29.2,0,0,0
2026-09-06 14:50:00,148.9,11,81,24.3,0,0,0
2026-09-06 14:55:00,151.4,10,80,29.0,0,0,0
2026-09-06 15:00:00,153.5,8,78,27.3,0,0,0
2026-09-06 15:05:00,153.3,5,79,26.5,0,0,0
2026-09-06 15:10:00,153.2,6,78,30.2,0,0,0
2026-09-06 15:15:00,149.5,7,82,31.0,0,0,0
2026-09-06 15:20:00,149.4,8,75,29.5,0,0,0
2026-09-06 15:25:00,148.7,10,77,30.4,0,0,0
2026-09-06 15:30:00,149.0,23,83,34.3,0,0,0
2026-09-06 15:35:00,152.0,9,79,27.4,0,0,0
2026-09-06 15:40:00,154.1,2,78,30.6,0,0,0
2026-09-06 15:45:00,153.0,9,80,26.3,0,0,0
2026-09-06 15:50:00,151.0,3,77,28.2,0,0,0
2026-09-06 15:55:00,151.6,14,77,24.7,0,0,0
2026-09-06 16:00:00,151.1,4,77,29.3,0,0,0
2026-09-06 16:05:00,148.8,10,79,27.6,0,0,0
2026-09-06 16:10:00,151.0,7,76,27.7,0,0,0
2026-09-06 16:15:00,154.1,21,76,25.2,0,0,0
2026-09-06 16:20:00,151.6,16,79,30.2,0,0,0
2026-09-06 16:25:00,145.3,8,80,26.8,0,0,0
2026-09-06 16:30:00,148.8,7,79,29.5,0,0,0
2026-09-06 16:35:00,151.7,2,81,26.0,0,0,0
2026-09-06 16:40:00,151.1,8,78,27.5,0,0,0
2026-09-06 16:45:00,153.8,5,78,29.0,0,0,0
2026-09-06 16:50:00,155.5,5,77,29.3,0,0,0
2026-09-06 16:55:00,152.5,8,81,30.3,0,0,0
2026-09-06 17:00:00,154.9,13,80,25.9,0,0,0
2026-09-06 17:05:00,153.1,12,76,26.0,0,0,0
2026-09-06 17:10:00,152.2,5,76,28.6,0,0,0
2026-09-06 17:15:00,154.9,8,78,25.8,0,0,0
2026-09-06 17:20:00,152.7,11,82,28.0,0,0,0
2026-09-06 17:25:00,153.0,4,79,27.8,0,0,0
2026-09-06 17:30:00,156.9,7,78,28.4,0,0,0
2026-09-06 17:35:00,158.8,4,78,28.5,0,0,0
2026-09-06 17:40:00,160.4,9,83,26.4,0,17,50
2026-09-06 17:45:00,159.3,5,82,29.7,0,0,0
2026-09-06 17:50:00,161.5,7,81,27.3,0,0,0
2026-09-06 17:55:00,163.2,9,84,27.9,0,0,0
2026-09-06 18:00:00,165.0,7,83,27.2,0,0,0
2026-09-06 18:05:00,166.7,13,80,30.5,0,0,0
2026-09-06 18:10:00,165.9,7,77,24.5,0,0,0
2026-09-06 18:15:00,165.0,8,78,31.9,0,0,0
2026-09-06 18:20:00,163.2,3,75,30.4,0,0,0
2026-09-06 18:25:00,163.8,18,80,29.8,0,0,0
2026-09-06 18:30:00,164.8,5,76,31.7,0,0,0
2026-09-06 18:35:00,165.0,8,79,25.6,0,0,0
2026-09-06 18:40:00,162.6,11,79,25.2,0,0,0
2026-09-06 18:45:00,160.8,5,79,24.6,0,0,0
2026-09-06 18:50:00,161.5,8,79,28.7,0,0,0
2026-09-06 18:55:00,158.6,12,79,32.8,0,0,0
2026-09-06 19:00:00,159.8,10,79,33.8,0,0,0
2026-09-06 19:05:00,160.2,17,76,26.2,0,0,0
2026-09-06 19:10:00,155.5,5,78,28.9,0,0,0
2026-09-06 19:15:00,155.2,3,77,28.9,0,0,0
2026-09-06 19:20:00,156.1,6,79,27.2,0,0,0
2026-09-06 19:25:00,157.4,15,81,28.9,0,0,0
2026-09-06 19:30:00,167.2,15,79,32.3,0,0,0
2026-09-06 19:35:00,170.1,5,79,31.6,0,0,0
2026-09-06 19:40:00,169.5,4,75,30.1,0,0,0
2026-09-06 19:45:00,171.0,4,79,25.9,0,0,0
2026-09-06 19:50:00,168.2,6,80,24.8,0,0,0
2026-09-06 19:55:00,170.6,9,77,29.0,0,0,0
2026-09-06 20:00:00,172.7,13,80,26.4,0,0,0
2026-09-06 20:05:00,173.0,6,78,29.4,0,0,0
2026-09-06 20:10:00,171.4,4,77,29.2,0,0,0
2026-09-06 20:15:00,169.7,4,81,29.9,0,88,75
2026-09-06 20:20:00,183.0,13,82,30.6,0,0,0
2026-09-06 20:25:00,196.4,12,83,32.0,0,0,0
2026-09-06 20:30:00,203.4,7,86,25.2,0,0,0
2026-09-06 20:35:00,208.1,11,81,29.6,0,0,0
2026-09-06 20:40:00,214.3,17,82,27.7,0,0,0
2026-09-06 20:45:00,214.2,12,76,30.1,0,0,0
2026-09-06 20:50:00,211.6,7,77,28.9,0,0,0
2026-09-06 20:55:00,209.4,8,76,29.5,0,0,0
2026-09-06 21:00:00,206.7,10,77,26.3,0,0,0
2026-09-06 21:05:00,201.8,8,78,27.6,0,0,0
2026-09-06 21:10:00,196.5,3,80,26.3,0,0,0
2026-09-06 21:15:00,191.9,4,75,30.0,0,0,0
2026-09-06 21:20:00,189.7,15,82,29.7,0,0,0
2026-09-06 21:25:00,185.7,10,79,30.1,0,0,0
2026-09-06 21:30:00,179.5,6,80,27.0,0,0,0
2026-09-06 21:35:00,173.0,4,77,28.4,0,0,0
2026-09-06 21:40:00,172.9,9,79,27.9,0,0,0
2026-09-06 21:45:00,170.2,6,79,28.2,0,0,0
2026-09-06 21:50:00,168.1,12,77,30.5,0,0,0
2026-09-06 21:55:00,160.5,8,79,29.2,0,0,0
2026-09-06 22:00:00,158.0,17,80,29.4,0,0,0
2026-09-06 22:05:00,159.2,7,78,27.0,0,0,0
2026-09-06 22:10:00,156.1,3,76,27.7,0,0,0
2026-09-06 22:15:00,149.5,12,79,24.8,0,0,0
2026-09-06 22:20:00,142.5,3,78,30.4,0,0,0
2026-09-06 22:25:00,140.0,7,78,28.5,0,0,0
2026-09-06 22:30:00,140.8,3,74,28.7,0,0,0
2026-09-06 22:35:00,137.8,6,80,27.3,0,0,0
2026-09-06 22:40:00,133.8,15,79,29.5,0,0,0
2026-09-06 22:45:00,132.0,15,79,26.7,0,0,0
2026-09-06 22:50:00,132.4,9,78,25.3,0,0,0
2026-09-06 22:55:00,130.8,15,84,29.2,0,0,0
2026-09-06 23:00:00,132.2,14,80,28.9,0,0,0
2026-09-06 23:05:00,133.8,8,82,29.1,0,0,0
2026-09-06 23:10:00,132.1,5,81,28.1,0,0,0
2026-09-06 23:15:00,135.8,6,77,29.0,0,0,0
2026-09-06 23:20:00,130.5,5,78,24.7,0,0,0
2026-09-06 23:25:00,131.6,8,78,26.4,0,0,0
2026-09-06 23:30:00,129.5,9,77,29.3,0,0,0
2026-09-06 23:35:00,131.0,12,76,27.2,0,0,0
2026-09-06 23:40:00,134.6,9,80,25.5,0,0,0
2026-09-06 23:45:00,133.2,8,77,29.9,0,0,0
2026-09-06 23:50:00,134.3,6,79,26.2,0,0,0
2026-09-06 23:55:00,132.6,8,81,30.1,0,0,0
2026-09-07 00:00:00,132.0,6,77,26.9,0,0,0
2026-09-07 00:05:00,131.1,5,80,28.7,0,0,0
2026-09-07 00:10:00,131.2,6,80,25.2,0,0,0
2026-09-07 00:15:00,134.6,10,78,28.6,0,0,0
2026-09-07 00:20:00,133.7,8,78,28.7,0,0,0
2026-09-07 00:25:00,132.7,7,79,30.1,0,0,0
2026-09-07 00:30:00,131.2,6,77,31.3,0,0,0
2026-09-07 00:35:00,131.3,22,80,29.7,0,0,0
2026-09-07 00:40:00,130.8,5,76,25.4,0,0,0
2026-09-07 00:45:00,132.5,8,77,27.6,0,0,0
2026-09-07 00:50:00,135.6,0,68,46.5,1,0,0
2026-09-07 00:55:00,133.7,0,68,48.5,1,0,0
2026-09-07 01:00:00,134.0,0,69,47.4,1,0,0
2026-09-07 01:05:00,134.1,0,72,49.5,1,0,0
2026-09-07 01:10:00,134.6,0,66,49.6,1,0,0
2026-09-07 01:15:00,138.4,0,70,46.6,1,0,0
2026-09-07 01:20:00,137.3,0,68,46.5,1,0,0
2026-09-07 01:25:00,139.1,0,70,46.0,1,0,0
2026-09-07 01:30:00,139.7,0,70,44.4,1,0,0
2026-09-07 01:35:00,136.5,0,68,48.9,1,0,0
2026-09-07 01:40:00,134.8,0,71,45.9,1,0,0
2026-09-07 01:45:00,133.9,1,70,47.7,1,0,0
2026-09-07 01:50:00,132.9,1,68,49.2,1,0,0
2026-09-07 01:55:00,136.4,1,70,45.3,1,0,0
2026-09-07 02:00:00,136.3,1,74,49.4,1,0,0
2026-09-07 02:05:00,136.5,0,68,46.5,1,0,0
2026-09-07 02:10:00,138.9,0,73,47.0,1,0,0
2026-09-07 02:15:00,176.0,1,67,47.7,1,0,0
2026-09-07 02:20:00,177.3,0,75,49.8,1,0,0
2026-09-07 02:25:00,174.5,1,69,45.6,1,0,0
2026-09-07 02:30:00,176.8,0,69,47.2,1,0,0
2026-09-07 02:35:00,178.4,0,70,43.8,1,0,0
2026-09-07 02:40:00,178.7,0,70,48.6,1,0,0
2026-09-07 02:45:00,177.4,2,69,46.2,1,0,0
2026-09-07 02:50:00,177.1,1,67,47.6,1,0,0
2026-09-07 02:55:00,174.4,1,67,47.4,1,0,0
2026-09-07 03:00:00,176.3,0,71,44.7,1,0,0
2026-09-07 03:05:00,180.5,1,70,44.7,1,0,0
2026-09-07 03:10:00,179.1,1,69,50.3,1,0,0
2026-09-07 03:15:00,178.6,0,72,48.2,1,0,0
2026-09-07 03:20:00,178.1,0,68,48.9,1,0,0
2026-09-07 03:25:00,174.7,0,72,49.3,1,0,0
2026-09-07 03:30:00,173.1,0,73,50.3,1,0,0
2026-09-07 03:35:00,176.1,0,70,48.4,1,0,0
2026-09-07 03:40:00,177.8,0,72,48.2,1,0,0
2026-09-07 03:45:00,178.4,0,72,43.3,1,0,0
2026-09-07 03:50:00,177.4,0,71,46.8,1,0,0
2026-09-07 03:55:00,176.9,0,68,49.4,1,0,0
2026-09-07 04:00:00,177.5,0,67,42.2,1,0,0
2026-09-07 04:05:00,178.6,0,68,45.7,1,0,0
2026-09-07 04:10:00,180.6,1,71,46.2,1,0,0
2026-09-07 04:15:00,182.1,0,67,48.5,1,0,0
2026-09-07 04:20:00,181.8,0,70,48.3,1,0,0
2026-09-07 04:25:00,184.2,1,73,48.5,1,0,0
2026-09-07 04:30:00,183.3,0,72,49.3,1,0,0
2026-09-07 04:35:00,182.3,0,70,48.2,1,0,0
2026-09-07 04:40:00,184.5,0,67,46.0,1,0,0
2026-09-07 04:45:00,184.0,0,68,46.5,1,0,0
2026-09-07 04:50:00,185.4,0,68,47.5,1,0,0
2026-09-07 04:55:00,184.3,2,64,48.9,1,0,0
2026-09-07 05:00:00,186.7,1,71,50.4,1,0,0
2026-09-07 05:05:00,187.7,0,73,48.9,1,0,0
2026-09-07 05:10:00,188.6,2,71,47.0,1,0,0
2026-09-07 05:15:00,192.7,1,70,48.6,1,0,0
2026-09-07 05:20:00,196.3,0,71,43.4,1,0,0
2026-09-07 05:25:00,196.0,0,67,44.3,1,0,0
2026-09-07 05:30:00,196.1,0,70,48.3,1,0,0
2026-09-07 05:35:00,193.4,1,72,47.4,1,0,0
2026-09-07 05:40:00,190.0,0,70,45.2,1,0,0
2026-09-07 05:45:00,191.1,1,73,45.0,1,0,0
2026-09-07 05:50:00,187.9,0,70,46.4,1,0,0
2026-09-07 05:55:00,189.8,1,68,43.8,1,0,0
2026-09-07 06:00:00,192.2,1,68,49.8,1,0,0
2026-09-07 06:05:00,192.6,1,73,45.3,1,0,0
2026-09-07 06:10:00,190.2,1,70,44.2,1,0,0
2026-09-07 06:15:00,192.0,0,68,43.9,1,0,0
2026-09-07 06:20:00,192.7,9,79,28.8,0,0,0
2026-09-07 06:25:00,197.1,5,75,31.7,0,0,0
2026-09-07 06:30:00,192.9,17,79,31.8,0,0,0
2026-09-07 06:35:00,192.0,7,78,31.7,0,0,0
2026-09-07 06:40:00,190.2,9,81,29.2,0,0,0
2026-09-07 06:45:00,188.0,8,79,31.7,0,0,0
2026-09-07 06:50:00,188.2,1,78,32.7,0,0,0
2026-09-07 06:55:00,186.8,10,78,27.4,0,0,0
2026-09-07 07:00:00,189.0,6,79,33.0,0,0,0
2026-09-07 07:05:00,190.2,9,83,31.3,0,0,0
2026-09-07 07:10:00,191.6,4,81,29.1,0,0,0
2026-09-07 07:15:00,189.4,8,77,31.1,0,0,0
2026-09-07 07:20:00,187.4,10,77,32.3,0,0,0
2026-09-07 07:25:00,187.6,7,81,24.5,0,0,0
2026-09-07 07:30:00,187.4,5,82,26.8,0,54,70
2026-09-07 07:35:00,195.4,2,80,26.6,0,0,0
2026-09-07 07:40:00,198.1,6,84,30.0,0,0,0
2026-09-07 07:45:00,202.6,18,84,27.6,0,0,0
2026-09-07 07:50:00,205.6,3,78,26.9,0,0,0
2026-09-07 07:55:00,205.3,3,84,27.2,0,0,0
2026-09-07 08:00:00,207.8,5,77,28.6,0,0,0
2026-09-07 08:05:00,207.5,1,78,28.6,0,0,0
2026-09-07 08:10:00,205.7,4,76,29.8,0,0,0
2026-09-07 08:15:00,202.6,6,85,32.4,0,0,0
2026-09-07 08:20:00,200.2,3,77,29.4,0,0,0
2026-09-07 08:25:00,197.8,9,76,27.0,0,0,0
2026-09-07 08:30:00,195.2,6,79,27.3,0,0,0
2026-09-07 08:35:00,192.9,12,82,28.8,0,0,0
2026-09-07 08:40:00,190.4,4,77,28.6,0,0,0
2026-09-07 08:45:00,189.0,9,79,30.4,0,0,0
2026-09-07 08:50:00,188.2,5,77,29.5,0,0,0
2026-09-07 08:55:00,184.3,19,80,26.3,0,0,0
2026-09-07 09:00:00,181.7,5,78,31.6,0,0,0
2026-09-07 09:05:00,178.1,6,75,27.5,0,0,0
2026-09-07 09:10:00,174.0,13,79,28.7,0,0,0
2026-09-07 09:15:00,170.2,9,79,28.3,0,0,0
2026-09-07 09:20:00,169.4,5,77,31.1,0,0,0
2026-09-07 09:25:00,165.1,6,74,31.8,0,0,0
2026-09-07 09:30:00,164.4,13,80,29.6,0,0,0
2026-09-07 09:35:00,164.6,2,78,25.1,0,0,0
2026-09-07 09:40:00,160.9,2,78,25.2,0,0,0
2026-09-07 09:45:00,158.7,8,77,26.9,0,0,0
2026-09-07 09:50:00,158.7,6,80,27.0,0,0,0
2026-09-07 09:55:00,158.0,9,77,27.9,0,0,0
2026-09-07 10:00:00,155.4,3,75,29.3,0,0,0
2026-09-07 10:05:00,154.5,6,84,29.6,0,0,0
2026-09-07 10:10:00,157.2,8,78,29.2,0,0,0
2026-09-07 10:15:00,155.1,6,81,28.6,0,0,0
2026-09-07 10:20:00,152.6,5,77,28.7,0,0,0
2026-09-07 10:25:00,150.4,8,79,25.8,0,0,0
2026-09-07 10:30:00,147.8,17,81,28.5,0,0,0
2026-09-07 10:35:00,151.4,7,78,26.1,0,0,0
2026-09-07 10:40:00,152.8,10,77,28.7,0,0,0
2026-09-07 10:45:00,152.2,5,78,29.6,0,0,0
2026-09-07 10:50:00,155.6,9,81,28.5,0,0,0
2026-09-07 10:55:00,156.5,8,80,29.4,0,0,0
2026-09-07 11:00:00,156.4,9,79,30.8,0,0,0
2026-09-07 11:05:00,156.1,6,79,25.9,0,0,0
2026-09-07 11:10:00,154.5,4,79,28.2,0,0,0
2026-09-07 11:15:00,153.2,7,79,31.6,0,0,0
2026-09-07 11:20:00,151.3,5,75,28.6,0,0,0
2026-09-07 11:25:00,151.3,10,77,27.0,0,0,0
2026-09-07 11:30:00,155.9,4,76,28.0,0,0,0
2026-09-07 11:35:00,155.9,15,81,31.2,0,0,0
2026-09-07 11:40:00,156.2,13,81,29.1,0,0,0
2026-09-07 11:45:00,157.4,5,76,25.8,0,0,0
2026-09-07 11:50:00,154.7,5,79,27.2,0,0,0
2026-09-07 11:55:00,157.2,12,82,28.7,0,0,0
2026-09-07 12:00:00,155.5,17,79,29.4,0,0,0
2026-09-07 12:05:00,155.8,10,74,31.0,0,0,0
2026-09-07 12:10:00,154.9,7,82,27.9,0,0,0
2026-09-07 12:15:00,153.5,9,83,31.9,0,0,0
2026-09-07 12:20:00,151.0,4,78,28.2,0,0,0
2026-09-07 12:25:00,152.1,10,77,28.5,0,0,0
2026-09-07 12:30:00,153.5,10,84,29.7,0,0,0
2026-09-07 12:35:00,150.2,6,79,28.8,0,0,0
2026-09-07 12:40:00,147.5,13,81,23.9,0,0,0
2026-09-07 12:45:00,146.2,11,79,30.8,0,0,0
2026-09-07 12:50:00,145.1,9,81,30.0,0,0,0
2026-09-07 12:55:00,145.2,6,77,27.6,0,0,0
2026-09-07 13:00:00,143.3,468,104,32.7,0,0,0
2026-09-07 13:05:00,144.8,470,107,30.0,0,0,0
2026-09-07 13:10:00,150.3,2,79,29.7,0,0,0
2026-09-07 13:15:00,152.1,14,80,26.1,0,0,0
2026-09-07 13:20:00,146.8,7,78,30.2,0,0,0
2026-09-07 13:25:00,149.2,21,79,26.0,0,0,0
2026-09-07 13:30:00,171.8,5,79,23.6,0,0,0
2026-09-07 13:35:00,174.7,13,76,28.8,0,0,0
2026-09-07 13:40:00,175.7,7,76,31.7,0,0,0
2026-09-07 13:45:00,173.9,16,80,29.1,0,105,70
2026-09-07 13:50:00,193.2,11,82,24.9,0,0,0
2026-09-07 13:55:00,206.6,10,79,29.1,0,0,0
2026-09-07 14:00:00,211.1,10,81,27.4,0,0,0
2026-09-07 14:05:00,213.0,12,82,30.1,0,0,0
2026-09-07 14:10:00,218.7,8,82,28.1,0,0,0
2026-09-07 14:15:00,219.9,13,81,25.0,0,0,0
2026-09-07 14:20:00,219.5,2,78,30.5,0,0,0
2026-09-07 14:25:00,216.8,1,80,28.9,0,0,0
2026-09-07 14:30:00,215.8,3,79,29.4,0,0,0
2026-09-07 14:35:00,213.4,4,79,28.3,0,0,0
2026-09-07 14:40:00,211.1,6,81,29.8,0,0,0
2026-09-07 14:45:00,204.5,16,76,29.0,0,0,0
2026-09-07 14:50:00,199.9,10,79,28.3,0,0,0
2026-09-07 14:55:00,200.6,16,81,27.5,0,0,0
2026-09-07 15:00:00,195.6,10,76,30.0,0,0,0
2026-09-07 15:05:00,190.1,11,84,27.0,0,0,0
2026-09-07 15:10:00,184.0,5,79,30.9,0,0,0
2026-09-07 15:15:00,176.2,7,76,31.9,0,0,0
2026-09-07 15:20:00,170.8,6,80,29.9,0,0,0
2026-09-07 15:25:00,167.1,7,76,31.2,0,0,0
2026-09-07 15:30:00,161.7,5,80,28.1,0,0,0
2026-09-07 15:35:00,158.2,7,78,28.3,0,0,0
2026-09-07 15:40:00,156.8,14,79,29.5,0,0,0
2026-09-07 15:45:00,153.8,5,78,28.5,0,0,0
2026-09-07 15:50:00,150.8,13,77,27.3,0,0,0
2026-09-07 15:55:00,144.3,10,79,31.7,0,0,0
2026-09-07 16:00:00,145.0,5,78,30.0,0,0,0
2026-09-07 16:05:00,143.5,12,76,27.0,0,0,0
2026-09-07 16:10:00,139.9,7,77,28.5,0,0,0
2026-09-07 16:15:00,137.2,17,77,26.9,0,0,0
2026-09-07 16:20:00,132.8,3,80,30.5,0,0,0
2026-09-07 16:25:00,129.6,14,77,30.0,0,0,0
2026-09-07 16:30:00,130.2,13,79,27.2,0,0,0
2026-09-07 16:35:00,128.9,5,78,30.8,0,0,0
2026-09-07 16:40:00,127.4,9,79,28.8,0,0,0
2026-09-07 16:45:00,125.4,14,79,29.2,0,0,0
2026-09-07 16:50:00,123.4,14,80,30.3,0,0,0
2026-09-07 16:55:00,122.6,9,79,28.0,0,0,0
2026-09-07 17:00:00,123.2,5,79,26.6,0,0,0
2026-09-07 17:05:00,123.6,2,78,27.6,0,0,0
2026-09-07 17:10:00,127.5,11,81,29.9,0,0,0
2026-09-07 17:15:00,127.4,6,79,29.9,0,0,0
2026-09-07 17:20:00,123.2,7,79,31.4,0,0,0
2026-09-07 17:25:00,122.6,2,79,26.0,0,0,0
2026-09-07 17:30:00,123.8,11,78,28.9,0,0,0
2026-09-07 17:35:00,125.7,2,80,27.6,0,0,0
2026-09-07 17:40:00,126.5,14,82,26.8,0,26,65
2026-09-07 17:45:00,129.2,4,80,30.1,0,0,0
2026-09-07 17:50:00,135.2,2,83,27.7,0,0,0
2026-09-07 17:55:00,137.0,8,84,25.1,0,0,0
2026-09-07 18:00:00,140.7,6,83,27.9,0,0,0
2026-09-07 18:05:00,138.9,3,83,28.0,0,0,0
2026-09-07 18:10:00,139.0,3,83,32.3,0,0,0
2026-09-07 18:15:00,140.7,1,76,31.4,0,0,0
2026-09-07 18:20:00,142.8,6,77,27.8,0,0,0
2026-09-07 18:25:00,145.1,9,76,29.1,0,0,0
2026-09-07 18:30:00,142.5,3,75,29.3,0,0,0
2026-09-07 18:35:00,143.6,15,76,27.0,0,0,0
2026-09-07 18:40:00,141.2,7,78,28.6,0,0,0
2026-09-07 18:45:00,137.7,5,79,27.3,0,0,0
2026-09-07 18:50:00,138.2,15,80,29.9,0,0,0
2026-09-07 18:55:00,139.1,10,79,28.0,0,0,0
2026-09-07 19:00:00,137.9,6,76,25.9,0,0,0
2026-09-07 19:05:00,134.4,15,79,30.9,0,0,0
2026-09-07 19:10:00,129.2,8,76,28.7,0,0,0
2026-09-07 19:15:00,127.5,7,78,27.9,0,0,0
2026-09-07 19:20:00,129.9,11,80,29.9,0,0,0
2026-09-07 19:25:00,130.9,6,80,29.6,0,0,0
2026-09-07 19:30:00,134.0,3,80,28.9,0,0,0
2026-09-07 19:35:00,133.8,5,78,29.7,0,0,0
2026-09-07 19:40:00,138.5,15,80,28.4,0,0,0
2026-09-07 19:45:00,178.3,11,80,28.2,0,0,0
2026-09-07 19:50:00,178.9,6,80,29.4,0,0,0
2026-09-07 19:55:00,178.8,9,78,29.7,0,0,0
2026-09-07 20:00:00,179.2,3,81,30.0,0,0,0
2026-09-07 20:05:00,172.8,6,79,28.6,0,0,0
2026-09-07 20:10:00,174.3,6,78,30.7,0,0,0
2026-09-07 20:15:00,173.2,7,77,25.0,0,0,0
2026-09-07 20:20:00,169.8,9,78,30.8,0,0,0
2026-09-07 20:25:00,171.7,15,81,28.0,0,0,0
2026-09-07 20:30:00,170.2,10,75,28.9,0,0,0
2026-09-07 20:35:00,169.9,6,81,26.8,0,0,0
2026-09-07 20:40:00,172.0,6,78,27.1,0,0,0
2026-09-07 20:45:00,171.8,6,77,30.6,0,0,0
2026-09-07 20:50:00,172.7,7,79,25.4,0,0,0
2026-09-07 20:55:00,171.7,4,80,30.6,0,0,0
2026-09-07 21:00:00,171.1,6,79,29.8,0,0,0
2026-09-07 21:05:00,166.7,8,77,31.4,0,0,0
2026-09-07 21:10:00,165.2,8,76,30.2,0,0,0
2026-09-07 21:15:00,165.9,9,82,29.4,0,0,0
2026-09-07 21:20:00,162.6,10,74,29.7,0,0,0
2026-09-07 21:25:00,158.2,3,79,27.3,0,0,0
2026-09-07 21:30:00,155.4,5,77,27.3,0,0,0
2026-09-07 21:35:00,155.1,5,79,26.1,0,0,0
2026-09-07 21:40:00,151.1,5,78,31.7,0,0,0
2026-09-07 21:45:00,149.2,7,76,27.3,0,0,0
2026-09-07 21:50:00,147.9,12,79,27.5,0,0,0
2026-09-07 21:55:00,149.4,3,78,25.9,0,0,0
2026-09-07 22:00:00,149.0,6,78,30.4,0,0,0
2026-09-07 22:05:00,148.3,1,78,28.8,0,0,0
2026-09-07 22:10:00,148.1,8,81,27.2,0,0,0
2026-09-07 22:15:00,147.2,8,80,30.5,0,0,0
2026-09-07 22:20:00,144.7,9,76,30.0,0,0,0
2026-09-07 22:25:00,143.4,25,75,26.3,0,0,0
2026-09-07 22:30:00,143.1,9,75,27.5,0,0,0
2026-09-07 22:35:00,140.6,11,80,27.0,0,0,0
2026-09-07 22:40:00,138.7,11,78,27.5,0,0,0
2026-09-07 22:45:00,137.8,6,80,26.6,0,0,0
2026-09-07 22:50:00,135.5,7,76,29.0,0,0,0
2026-09-07 22:55:00,134.6,7,81,24.8,0,0,0
2026-09-07 23:00:00,134.9,7,78,28.1,0,0,0
2026-09-07 23:05:00,135.0,1,80,31.5,0,0,0
2026-09-07 23:10:00,136.2,6,80,27.8,0,0,0
2026-09-07 23:15:00,137.5,8,79,30.7,0,0,0
2026-09-07 23:20:00,136.4,5,79,27.5,0,0,0
2026-09-07 23:25:00,132.5,13,78,28.5,0,0,0
2026-09-07 23:30:00,134.6,7,77,27.8,0,0,0
2026-09-07 23:35:00,135.5,7,81,29.6,0,0,0
2026-09-07 23:40:00,145.3,6,78,26.7,0,0,0
2026-09-07 23:45:00,150.5,9,78,30.4,0,0,0
2026-09-07 23:50:00,150.7,8,80,30.9,0,0,0
2026-09-07 23:55:00,151.4,11,82,32.7,0,0,0
2026-09-08 00:00:00,160.9,11,79,30.5,0,0,0
2026-09-08 00:05:00,162.2,12,80,23.9,0,0,0
2026-09-08 00:10:00,164.3,14,78,26.1,0,0,0
2026-09-08 00:15:00,161.6,3,79,29.1,0,0,0
2026-09-08 00:20:00,163.2,10,78,31.0,0,0,0
2026-09-08 00:25:00,160.0,6,80,25.2,0,0,0
2026-09-08 00:30:00,162.2,4,79,30.8,0,0,0
2026-09-08 00:35:00,161.4,6,81,29.6,0,0,0
2026-09-08 00:40:00,161.4,6,77,30.8,0,0,0
2026-09-08 00:45:00,163.4,10,80,32.1,0,0,0
2026-09-08 00:50:00,166.7,6,78,28.5,0,0,0
2026-09-08 00:55:00,167.5,13,74,26.2,0,0,0
2026-09-08 01:00:00,166.5,10,79,25.8,0,0,0
2026-09-08 01:05:00,170.1,7,81,29.0,0,0,0
2026-09-08 01:10:00,169.1,9,79,24.2,0,0,0
2026-09-08 01:15:00,167.1,8,77,25.4,0,0,0
2026-09-08 01:20:00,169.7,4,75,28.1,0,0,0
2026-09-08 01:25:00,169.0,7,78,25.1,0,0,0
2026-09-08 01:30:00,166.3,12,77,29.2,0,0,0
2026-09-08 01:35:00,167.2,8,75,28.2,0,0,0
2026-09-08 01:40:00,165.5,9,78,28.2,0,0,0
2026-09-08 01:45:00,167.8,6,75,31.0,0,0,0
2026-09-08 01:50:00,171.3,9,79,31.6,0,0,0
2026-09-08 01:55:00,171.6,9,79,25.0,0,0,0
2026-09-08 02:00:00,170.7,3,79,27.2,0,0,0
2026-09-08 02:05:00,171.2,8,79,27.9,0,0,0
2026-09-08 02:10:00,170.0,21,80,28.1,0,0,0
2026-09-08 02:15:00,172.2,9,83,29.0,0,0,0
2026-09-08 02:20:00,172.4,5,79,25.5,0,0,0
2026-09-08 02:25:00,172.7,22,82,29.1,0,0,0
2026-09-08 02:30:00,172.0,10,80,26.3,0,0,0
2026-09-08 02:35:00,171.9,7,81,30.3,0,0,0
2026-09-08 02:40:00,168.4,7,80,25.2,0,0,0
2026-09-08 02:45:00,169.5,3,79,30.1,0,0,0
2026-09-08 02:50:00,173.2,12,78,29.7,0,0,0
2026-09-08 02:55:00,172.9,18,77,28.6,0,0,0
2026-09-08 03:00:00,189.4,19,79,29.3,0,0,0
2026-09-08 03:05:00,188.7,5,81,29.9,0,0,0
2026-09-08 03:10:00,189.3,0,68,42.7,1,0,0
2026-09-08 03:15:00,189.5,0,69,41.0,1,0,0
2026-09-08 03:20:00,189.9,0,68,44.6,1,0,0
2026-09-08 03:25:00,189.6,1,71,44.4,1,0,0
2026-09-08 03:30:00,191.1,0,69,41.8,1,0,0
2026-09-08 03:35:00,191.3,0,71,42.8,1,0,0
2026-09-08 03:40:00,191.8,0,71,42.2,1,0,0
2026-09-08 03:45:00,190.5,0,70,43.5,1,0,0
2026-09-08 03:50:00,192.5,1,69,46.7,1,0,0
2026-09-08 03:55:00,195.2,1,68,43.8,1,0,0
2026-09-08 04:00:00,195.5,0,68,42.9,1,0,0
2026-09-08 04:05:00,190.4,2,70,42.5,1,0,0
2026-09-08 04:10:00,190.0,0,68,44.2,1,0,0
2026-09-08 04:15:00,192.8,0,70,43.9,1,0,0
2026-09-08 04:20:00,192.1,0,72,50.2,1,0,0
2026-09-08 04:25:00,194.6,0,70,46.4,1,0,0
2026-09-08 04:30:00,195.0,0,68,44.3,1,0,0
2026-09-08 04:35:00,196.7,0,72,46.9,1,0,0
2026-09-08 04:40:00,190.4,0,68,42.1,1,0,0
2026-09-08 04:45:00,190.3,0,74,45.6,1,0,0
2026-09-08 04:50:00,194.4,0,70,44.9,1,0,0
2026-09-08 04:55:00,193.4,0,71,48.1,1,0,0
2026-09-08 05:00:00,191.0,0,68,47.5,1,0,0
2026-09-08 05:05:00,194.0,1,69,45.5,1,0,0
2026-09-08 05:10:00,192.2,0,71,48.3,1,0,0
2026-09-08 05:15:00,191.6,0,71,45.8,1,0,0
2026-09-08 05:20:00,194.3,0,74,44.5,1,0,0
2026-09-08 05:25:00,192.6,0,65,48.3,1,0,0
2026-09-08 05:30:00,193.4,1,69,44.1,1,0,0
2026-09-08 05:35:00,195.8,1,70,44.9,1,0,0
2026-09-08 05:40:00,192.8,0,71,45.9,1,0,0
2026-09-08 05:45:00,195.2,2,72,40.8,1,0,0
2026-09-08 05:50:00,197.8,1,70,46.0,1,0,0
2026-09-08 05:55:00,198.6,0,69,47.2,1,0,0
2026-09-08 06:00:00,200.0,0,69,45.4,1,0,0
2026-09-08 06:05:00,197.8,0,68,44.7,1,0,0
2026-09-08 06:10:00,196.3,1,68,45.1,1,0,0
2026-09-08 06:15:00,194.8,2,68,41.4,1,0,0
2026-09-08 06:20:00,190.1,0,69,44.1,1,0,0
2026-09-08 06:25:00,196.6,0,71,42.5,1,0,0
2026-09-08 06:30:00,197.7,0,67,45.9,1,0,0
2026-09-08 06:35:00,195.7,0,72,46.6,1,0,0
2026-09-08 06:40:00,194.1,1,69,43.7,1,0,0
2026-09-08 06:45:00,192.4,8,79,27.9,0,0,0
2026-09-08 06:50:00,190.7,10,80,25.1,0,0,0
2026-09-08 06:55:00,192.2,4,77,30.5,0,0,0
2026-09-08 07:00:00,190.8,13,78,28.0,0,0,0
2026-09-08 07:05:00,191.7,18,79,29.3,0,0,0
2026-09-08 07:10:00,190.3,4,79,28.0,0,0,0
2026-09-08 07:15:00,191.6,15,81,27.2,0,0,0
2026-09-08 07:20:00,191.7,4,76,27.2,0,0,0
2026-09-08 07:25:00,196.3,7,80,27.8,0,0,0
2026-09-08 07:30:00,196.0,6,78,25.0,0,0,0
2026-09-08 07:35:00,198.6,10,80,27.3,0,0,0
2026-09-08 07:40:00,199.9,4,77,27.1,0,0,0
2026-09-08 07:45:00,199.4,5,80,28.1,0,37,50
2026-09-08 07:50:00,199.8,6,84,27.4,0,0,0
2026-09-08 07:55:00,200.4,14,83,26.1,0,0,0
2026-09-08 08:00:00,200.6,14,83,26.4,0,0,0
2026-09-08 08:05:00,201.8,4,80,26.6,0,0,0
2026-09-08 08:10:00,201.7,30,80,28.3,0,0,0
2026-09-08 08:15:00,204.8,12,79,27.9,0,0,0
2026-09-08 08:20:00,204.5,14,81,26.3,0,0,0
2026-09-08 08:25:00,209.0,5,81,23.3,0,0,0
2026-09-08 08:30:00,205.9,5,79,27.4,0,0,0
2026-09-08 08:35:00,201.1,13,77,28.6,0,0,0
2026-09-08 08:40:00,199.7,0,79,26.4,0,0,0
2026-09-08 08:45:00,196.6,12,78,26.8,0,0,0
2026-09-08 08:50:00,192.8,8,78,25.8,0,0,0
2026-09-08 08:55:00,189.5,9,79,26.2,0,0,0
2026-09-08 09:00:00,190.6,7,77,28.7,0,0,0
2026-09-08 09:05:00,182.9,12,79,27.5,0,0,0
2026-09-08 09:10:00,183.1,19,80,28.2,0,0,0
2026-09-08 09:15:00,183.7,10,79,25.9,0,0,0
2026-09-08 09:20:00,182.2,9,77,25.9,0,0,0
2026-09-08 09:25:00,183.4,14,76,28.1,0,0,0
2026-09-08 09:30:00,183.9,16,77,30.0,0,0,0
2026-09-08 09:35:00,183.2,9,79,29.9,0,0,0
2026-09-08 09:40:00,183.8,9,81,25.1,0,0,0
2026-09-08 09:45:00,181.9,4,82,27.5,0,0,0
2026-09-08 09:50:00,180.5,3,73,26.9,0,0,0
2026-09-08 09:55:00,179.6,13,79,24.7,0,0,0
2026-09-08 10:00:00,182.0,8,76,26.8,0,0,0
2026-09-08 10:05:00,182.3,6,77,29.2,0,0,0
2026-09-08 10:10:00,184.6,9,77,26.9,0,0,0
2026-09-08 10:15:00,188.5,9,77,26.1,0,0,0
2026-09-08 10:20:00,189.6,10,80,26.5,0,0,0
2026-09-08 10:25:00,185.1,15,77,29.3,0,0,0
2026-09-08 10:30:00,182.4,15,79,27.7,0,0,0
2026-09-08 10:35:00,182.6,10,79,27.8,0,0,0
2026-09-08 10:40:00,185.1,10,81,27.7,0,0,0
2026-09-08 10:45:00,180.3,8,76,31.7,0,0,0
2026-09-08 10:50:00,179.1,21,79,26.7,0,0,0
2026-09-08 10:55:00,177.5,6,80,28.7,0,0,0
2026-09-08 11:00:00,175.5,6,79,29.0,0,0,0
2026-09-08 11:05:00,173.5,8,74,29.9,0,0,0
2026-09-08 11:10:00,174.1,17,80,29.4,0,0,0
2026-09-08 11:15:00,172.3,2,78,24.7,0,0,0
2026-09-08 11:20:00,173.0,7,80,29.3,0,0,0
2026-09-08 11:25:00,172.4,5,78,27.7,0,0,0
2026-09-08 11:30:00,172.7,4,78,25.1,0,0,0
2026-09-08 11:35:00,175.1,6,77,26.8,0,0,0
2026-09-08 11:40:00,173.1,8,82,27.1,0,0,0
2026-09-08 11:45:00,173.1,9,82,23.6,0,0,0
2026-09-08 11:50:00,175.8,11,77,27.2,0,0,0
2026-09-08 11:55:00,174.1,7,80,29.1,0,0,0
2026-09-08 12:00:00,177.0,10,80,24.6,0,0,0
2026-09-08 12:05:00,177.0,2,77,28.4,0,0,0
2026-09-08 12:10:00,178.1,11,80,28.0,0,0,0
2026-09-08 12:15:00,179.5,6,77,25.7,0,0,0
2026-09-08 12:20:00,178.3,10,78,26.8,0,0,0
2026-09-08 12:25:00,176.8,7,81,29.1,0,0,0
2026-09-08 12:30:00,178.6,8,80,31.8,0,0,0
2026-09-08 12:35:00,179.5,7,82,26.2,0,0,0
2026-09-08 12:40:00,178.0,7,75,23.6,0,0,0
2026-09-08 12:45:00,180.4,5,74,27.0,0,0,0
2026-09-08 12:50:00,177.3,519,110,29.2,0,0,0
2026-09-08 12:55:00,182.1,517,111,26.4,0,0,0
2026-09-08 13:00:00,180.5,515,109,30.1,0,0,0
2026-09-08 13:05:00,179.0,2,78,24.2,0,0,0
2026-09-08 13:10:00,179.4,7,76,27.2,0,0,0
2026-09-08 13:15:00,177.1,10,80,26.8,0,0,0
2026-09-08 13:20:00,178.2,9,75,28.5,0,0,0
2026-09-08 13:25:00,177.1,9,76,23.9,0,0,0
2026-09-08 13:30:00,174.6,10,83,28.9,0,0,0
2026-09-08 13:35:00,174.5,11,77,31.3,0,0,0
2026-09-08 13:40:00,172.4,15,76,28.4,0,0,0
2026-09-08 13:45:00,182.8,15,80,27.3,0,0,0
2026-09-08 13:50:00,183.9,7,78,25.8,0,0,0
2026-09-08 13:55:00,183.5,11,79,26.1,0,0,0
2026-09-08 14:00:00,184.3,3,78,28.6,0,0,0
2026-09-08 14:05:00,186.0,5,82,23.5,0,0,0
2026-09-08 14:10:00,186.5,20,75,24.1,0,0,0
2026-09-08 14:15:00,188.9,8,77,28.9,0,0,0
2026-09-08 14:20:00,190.2,8,80,26.5,0,0,0
2026-09-08 14:25:00,186.6,7,79,26.0,0,0,0
2026-09-08 14:30:00,184.9,2,81,27.0,0,0,0
2026-09-08 14:35:00,185.2,4,82,27.2,0,83,75
2026-09-08 14:40:00,198.0,3,83,27.0,0,0,0
2026-09-08 14:45:00,207.5,6,79,26.8,0,0,0
2026-09-08 14:50:00,213.4,23,85,25.0,0,0,0
2026-09-08 14:55:00,216.1,10,79,25.7,0,0,0
2026-09-08 15:00:00,221.3,8,81,28.1,0,0,0
2026-09-08 15:05:00,226.6,8,80,28.9,0,0,0
2026-09-08 15:10:00,228.4,11,80,28.3,0,0,0
2026-09-08 15:15:00,225.2,6,79,25.9,0,0,0
2026-09-08 15:20:00,225.1,6,75,25.9,0,0,0
2026-09-08 15:25:00,224.2,5,79,25.1,0,0,0
2026-09-08 15:30:00,220.9,5,78,24.1,0,0,0
2026-09-08 15:35:00,216.6,9,81,29.7,0,0,0
2026-09-08 15:40:00,213.9,10,80,24.2,0,0,0
2026-09-08 15:45:00,210.3,3,76,28.0,0,0,0
2026-09-08 15:50:00,202.3,13,81,28.4,0,0,0
2026-09-08 15:55:00,198.9,7,78,30.7,0,0,0
2026-09-08 16:00:00,194.6,6,77,27.2,0,0,0
2026-09-08 16:05:00,190.8,8,80,28.2,0,0,0
2026-09-08 16:10:00,186.3,6,74,25.8,0,0,0
2026-09-08 16:15:00,185.4,12,79,25.4,0,0,0
2026-09-08 16:20:00,181.3,9,77,28.0,0,0,0
2026-09-08 16:25:00,176.6,15,80,28.7,0,0,0
2026-09-08 16:30:00,172.4,5,79,23.4,0,0,0
2026-09-08 16:35:00,173.2,4,77,26.2,0,0,0
2026-09-08 16:40:00,168.4,6,78,26.3,0,0,0
2026-09-08 16:45:00,163.5,14,78,28.3,0,0,0
2026-09-08 16:50:00,162.3,2,79,27.4,0,0,0
2026-09-08 16:55:00,160.9,5,78,26.1,0,0,0
2026-09-08 17:00:00,157.7,13,76,28.1,0,0,0
2026-09-08 17:05:00,155.5,14,80,28.5,0,0,0
2026-09-08 17:10:00,154.0,3,77,28.9,0,0,0
2026-09-08 17:15:00,153.6,15,77,24.5,0,0,0
2026-09-08 17:20:00,152.5,7,78,27.0,0,0,0
2026-09-08 17:25:00,150.4,4,78,26.5,0,0,0
2026-09-08 17:30:00,150.8,8,76,27.3,0,0,0
2026-09-08 17:35:00,146.9,13,77,26.4,0,0,0
2026-09-08 17:40:00,144.6,6,81,29.6,0,0,0
2026-09-08 17:45:00,143.4,3,76,27.8,0,0,0
2026-09-08 17:50:00,142.3,20,80,29.2,0,0,0
2026-09-08 17:55:00,144.3,7,76,27.1,0,0,0
2026-09-08 18:00:00,145.5,3,79,26.3,0,0,0
2026-09-08 18:05:00,143.9,3,76,25.4,0,0,0
2026-09-08 18:10:00,147.2,6,77,28.5,0,49,80
2026-09-08 18:15:00,155.9,9,80,29.1,0,0,0
2026-09-08 18:20:00,160.0,3,80,30.2,0,0,0
2026-09-08 18:25:00,162.3,9,79,30.0,0,0,0
2026-09-08 18:30:00,164.2,8,82,28.6,0,0,0
2026-09-08 18:35:00,165.9,5,78,26.8,0,0,0
2026-09-08 18:40:00,164.6,4,78,25.2,0,0,0
2026-09-08 18:45:00,167.5,1,79,29.1,0,0,0
2026-09-08 18:50:00,166.2,13,79,26.9,0,0,0
2026-09-08 18:55:00,165.2,15,78,27.5,0,0,0
2026-09-08 19:00:00,165.2,15,81,27.5,0,0,0
2026-09-08 19:05:00,159.4,12,81,29.5,0,0,0
2026-09-08 19:10:00,156.6,12,82,30.2,0,0,0
2026-09-08 19:15:00,154.4,18,81,28.3,0,0,0
2026-09-08 19:20:00,151.1,8,80,28.8,0,0,0
2026-09-08 19:25:00,150.7,9,80,26.7,0,0,0
2026-09-08 19:30:00,149.1,19,82,29.2,0,0,0
2026-09-08 19:35:00,146.4,7,78,29.0,0,0,0
2026-09-08 19:40:00,140.6,6,78,28.3,0,0,0
2026-09-08 19:45:00,137.8,3,77,26.5,0,0,0
2026-09-08 19:50:00,135.0,7,82,31.1,0,0,0
2026-09-08 19:55:00,134.1,12,77,27.3,0,0,0
2026-09-08 20:00:00,133.7,11,76,26.0,0,0,0
2026-09-08 20:05:00,135.7,9,78,24.8,0,0,0
2026-09-08 20:10:00,137.6,15,78,26.8,0,0,0
2026-09-08 20:15:00,136.9,11,79,30.9,0,0,0
2026-09-08 20:20:00,134.0,6,81,28.9,0,0,0
2026-09-08 20:25:00,132.5,3,79,26.4,0,0,0
2026-09-08 20:30:00,132.2,6,81,30.2,0,0,0
2026-09-08 20:35:00,163.1,3,79,28.9,0,0,0
2026-09-08 20:40:00,160.1,8,78,27.8,0,0,0
2026-09-08 20:45:00,154.8,9,75,25.6,0,0,0
2026-09-08 20:50:00,154.1,11,79,27.6,0,0,0
2026-09-08 20:55:00,151.3,6,78,27.2,0,0,0
2026-09-08 21:00:00,149.4,7,82,26.3,0,0,0
2026-09-08 21:05:00,151.4,4,76,26.2,0,0,0
2026-09-08 21:10:00,149.6,7,79,26.4,0,0,0
2026-09-08 21:15:00,149.7,11,79,26.3,0,0,0
2026-09-08 21:20:00,151.8,16,80,27.5,0,0,0
2026-09-08 21:25:00,152.0,10,78,28.5,0,0,0
2026-09-08 21:30:00,154.2,6,81,26.4,0,0,0
2026-09-08 21:35:00,155.2,12,77,29.2,0,0,0
2026-09-08 21:40:00,154.3,9,77,30.1,0,0,0
2026-09-08 21:45:00,152.2,11,77,30.8,0,0,0
2026-09-08 21:50:00,151.9,6,80,26.4,0,0,0
2026-09-08 21:55:00,152.7,7,78,27.0,0,0,0
2026-09-08 22:00:00,152.7,12,78,29.7,0,0,0
2026-09-08 22:05:00,153.3,6,78,30.1,0,0,0
2026-09-08 22:10:00,151.6,16,82,25.3,0,0,0
2026-09-08 22:15:00,146.1,7,77,27.6,0,0,0
2026-09-08 22:20:00,144.7,4,79,27.1,0,0,0
2026-09-08 22:25:00,148.9,7,76,26.8,0,0,0
2026-09-08 22:30:00,151.8,9,76,26.2,0,0,0
2026-09-08 22:35:00,155.8,7,77,25.9,0,0,0
2026-09-08 22:40:00,154.7,13,81,28.7,0,0,0
2026-09-08 22:45:00,153.2,24,81,25.9,0,0,0
2026-09-08 22:50:00,158.4,7,76,25.1,0,0,0
2026-09-08 22:55:00,156.6,10,76,30.3,0,0,0
2026-09-08 23:00:00,159.7,11,83,26.4,0,0,0
2026-09-08 23:05:00,161.2,12,77,29.4,0,0,0
2026-09-08 23:10:00,163.5,11,79,27.5,0,0,0
2026-09-08 23:15:00,162.6,2,76,24.5,0,0,0
2026-09-08 23:20:00,162.0,8,79,27.0,0,0,0
2026-09-08 23:25:00,164.9,9,82,27.1,0,0,0
2026-09-08 23:30:00,162.7,1,81,26.5,0,0,0
2026-09-08 23:35:00,160.2,13,79,27.7,0,0,0
2026-09-08 23:40:00,162.9,16,82,33.1,0,0,0
2026-09-08 23:45:00,165.6,7,79,28.4,0,0,0
2026-09-08 23:50:00,163.2,0,71,46.4,1,0,0
2026-09-08 23:55:00,162.9,0,69,45.9,1,0,0
2026-09-09 00:00:00,175.8,0,69,40.5,1,0,0
2026-09-09 00:05:00,177.2,0,69,38.7,1,0,0
2026-09-09 00:10:00,199.4,0,70,39.7,1,0,0
2026-09-09 00:15:00,197.1,0,66,38.9,1,0,0
2026-09-09 00:20:00,198.5,0,70,38.5,1,0,0
2026-09-09 00:25:00,199.9,1,71,40.6,1,0,0
2026-09-09 00:30:00,199.8,1,67,41.8,1,0,0
2026-09-09 00:35:00,202.1,1,69,42.5,1,0,0
2026-09-09 00:40:00,199.4,0,68,43.7,1,0,0
2026-09-09 00:45:00,199.1,0,72,42.3,1,0,0
2026-09-09 00:50:00,201.4,0,74,40.8,1,0,0
2026-09-09 00:55:00,201.2,0,70,41.8,1,0,0
2026-09-09 01:00:00,199.2,0,71,40.6,1,0,0
2026-09-09 01:05:00,198.0,0,68,38.0,1,0,0
2026-09-09 01:10:00,199.1,0,70,40.5,1,0,0
2026-09-09 01:15:00,197.3,0,66,39.5,1,0,0
2026-09-09 01:20:00,199.2,0,70,41.6,1,0,0
2026-09-09 01:25:00,201.2,0,70,42.1,1,0,0
2026-09-09 01:30:00,201.0,0,66,39.6,1,0,0
2026-09-09 01:35:00,196.2,0,73,44.2,1,0,0
2026-09-09 01:40:00,194.2,0,69,43.5,1,0,0
2026-09-09 01:45:00,196.2,1,69,37.6,1,0,0
2026-09-09 01:50:00,193.9,1,72,41.2,1,0,0
2026-09-09 01:55:00,194.5,1,73,42.7,1,0,0
2026-09-09 02:00:00,195.3,0,69,42.1,1,0,0
2026-09-09 02:05:00,194.5,0,70,40.7,1,0,0
2026-09-09 02:10:00,194.4,0,71,38.3,1,0,0
2026-09-09 02:15:00,200.1,1,70,40.9,1,0,0
2026-09-09 02:20:00,199.5,1,68,39.9,1,0,0
2026-09-09 02:25:00,201.0,0,71,43.2,1,0,0
2026-09-09 02:30:00,201.2,0,69,39.9,1,0,0
2026-09-09 02:35:00,198.3,0,69,40.3,1,0,0
2026-09-09 02:40:00,197.1,0,70,38.5,1,0,0
2026-09-09 02:45:00,196.1,0,71,43.3,1,0,0
2026-09-09 02:50:00,197.2,2,71,38.2,1,0,0
2026-09-09 02:55:00,195.9,0,71,44.1,1,0,0
2026-09-09 03:00:00,199.0,0,73,42.1,1,0,0
2026-09-09 03:05:00,197.7,1,70,35.3,1,0,0
2026-09-09 03:10:00,197.4,0,68,41.0,1,0,0
2026-09-09 03:15:00,193.6,0,67,42.6,1,0,0
2026-09-09 03:20:00,196.6,0,68,40.1,1,0,0
2026-09-09 03:25:00,196.7,0,71,38.1,1,0,0
2026-09-09 03:30:00,196.1,0,75,40.8,1,0,0
2026-09-09 03:35:00,195.1,0,70,43.6,1,0,0
2026-09-09 03:40:00,198.0,0,73,39.2,1,0,0
2026-09-09 03:45:00,202.0,0,71,40.9,1,0,0
2026-09-09 03:50:00,205.0,0,70,41.8,1,0,0
2026-09-09 03:55:00,204.5,0,71,43.7,1,0,0
2026-09-09 04:00:00,203.1,2,70,42.3,1,0,0
2026-09-09 04:05:00,205.2,0,72,37.8,1,0,0
2026-09-09 04:10:00,203.3,0,71,39.8,1,0,0
2026-09-09 04:15:00,206.9,1,71,41.6,1,0,0
2026-09-09 04:20:00,206.1,0,69,39.4,1,0,0
2026-09-09 04:25:00,203.7,0,70,41.2,1,0,0
2026-09-09 04:30:00,204.9,0,70,38.1,1,0,0
2026-09-09 04:35:00,204.2,0,72,41.9,1,0,0
2026-09-09 04:40:00,206.2,1,71,39.5,1,0,0
2026-09-09 04:45:00,207.1,0,71,41.4,1,0,0
2026-09-09 04:50:00,210.4,1,70,40.7,1,0,0
2026-09-09 04:55:00,208.2,0,71,44.5,1,0,0
2026-09-09 05:00:00,205.7,0,70,44.3,1,0,0
2026-09-09 05:05:00,206.9,1,72,42.5,1,0,0
2026-09-09 05:10:00,207.4,0,72,39.9,1,0,0
2026-09-09 05:15:00,211.0,0,70,40.3,1,0,0
2026-09-09 05:20:00,211.9,1,70,42.4,1,0,0
2026-09-09 05:25:00,214.3,0,72,42.2,1,0,0
2026-09-09 05:30:00,209.1,0,67,37.9,1,0,0
2026-09-09 05:35:00,213.6,1,67,40.5,1,0,0
2026-09-09 05:40:00,210.5,1,72,40.9,1,0,0
2026-09-09 05:45:00,211.9,1,73,42.3,1,0,0
2026-09-09 05:50:00,207.1,0,71,39.5,1,0,0
2026-09-09 05:55:00,209.2,1,71,42.0,1,0,0
2026-09-09 06:00:00,207.7,0,68,39.2,1,0,0
2026-09-09 06:05:00,209.4,0,73,39.4,1,0,0
2026-09-09 06:10:00,208.6,0,66,39.3,1,0,0
2026-09-09 06:15:00,208.6,0,70,41.2,1,0,0
2026-09-09 06:20:00,208.5,0,70,42.2,1,0,0
2026-09-09 06:25:00,207.4,0,66,39.1,1,0,0
2026-09-09 06:30:00,207.2,8,76,27.1,0,0,0
2026-09-09 06:35:00,206.1,20,80,26.4,0,0,0
2026-09-09 06:40:00,208.6,15,82,22.5,0,0,0
2026-09-09 06:45:00,205.8,16,76,23.6,0,0,0
2026-09-09 06:50:00,202.4,6,76,24.5,0,0,0
2026-09-09 06:55:00,202.9,4,79,20.8,0,0,0
2026-09-09 07:00:00,201.5,7,82,25.6,0,0,0
2026-09-09 07:05:00,202.2,5,81,25.9,0,0,0
2026-09-09 07:10:00,202.1,11,79,27.4,0,0,0
2026-09-09 07:15:00,204.3,4,75,26.2,0,0,0
2026-09-09 07:20:00,206.2,7,79,28.5,0,0,0
2026-09-09 07:25:00,206.3,1,75,23.3,0,0,0
2026-09-09 07:30:00,207.1,6,81,26.6,0,0,0
2026-09-09 07:35:00,206.5,3,80,24.9,0,0,0
2026-09-09 07:40:00,209.2,4,76,21.6,0,0,0
2026-09-09 07:45:00,207.7,11,76,28.0,0,0,0
2026-09-09 07:50:00,205.6,5,79,26.6,0,0,0
2026-09-09 07:55:00,209.1,3,76,25.7,0,0,0
2026-09-09 08:00:00,206.8,13,79,25.7,0,0,0
2026-09-09 08:05:00,208.7,10,80,25.3,0,0,0
2026-09-09 08:10:00,207.4,11,76,24.3,0,0,0
2026-09-09 08:15:00,210.9,4,78,23.2,0,0,0
2026-09-09 08:20:00,211.4,7,76,23.5,0,0,0
2026-09-09 08:25:00,207.3,7,80,25.3,0,0,0
2026-09-09 08:30:00,208.7,9,79,26.0,0,0,0
2026-09-09 08:35:00,206.0,10,76,23.7,0,0,0
2026-09-09 08:40:00,206.3,10,81,25.6,0,0,0
2026-09-09 08:45:00,205.7,6,78,24.2,0,0,0
2026-09-09 08:50:00,203.1,8,81,26.9,0,0,0
2026-09-09 08:55:00,203.0,11,77,25.8,0,0,0
2026-09-09 09:00:00,200.5,12,79,26.0,0,0,0
2026-09-09 09:05:00,201.5,4,79,25.2,0,0,0
2026-09-09 09:10:00,201.0,5,76,22.3,0,0,0
2026-09-09 09:15:00,201.3,4,81,24.9,0,0,0
2026-09-09 09:20:00,199.2,5,76,26.4,0,0,0
2026-09-09 09:25:00,200.7,5,81,25.3,0,0,0
2026-09-09 09:30:00,201.1,1,78,25.4,0,0,0
2026-09-09 09:35:00,203.6,14,79,28.9,0,0,0
2026-09-09 09:40:00,204.8,12,80,24.9,0,0,0
2026-09-09 09:45:00,204.4,13,74,22.7,0,0,0
2026-09-09 09:50:00,206.4,7,77,25.6,0,0,0
2026-09-09 09:55:00,206.5,8,80,26.1,0,0,0
2026-09-09 10:00:00,209.3,7,78,23.2,0,0,0
2026-09-09 10:05:00,207.7,2,74,27.1,0,0,0
2026-09-09 10:10:00,207.0,6,81,23.9,0,0,0
2026-09-09 10:15:00,207.7,15,80,25.6,0,0,0
2026-09-09 10:20:00,205.4,4,78,26.9,0,0,0
2026-09-09 10:25:00,207.2,19,78,24.1,0,0,0
2026-09-09 10:30:00,206.3,10,74,28.4,0,0,0
2026-09-09 10:35:00,203.2,7,79,25.9,0,0,0
2026-09-09 10:40:00,201.4,8,77,27.1,0,0,0
2026-09-09 10:45:00,203.2,5,82,22.4,0,0,0
2026-09-09 10:50:00,206.7,8,77,24.8,0,0,0
2026-09-09 10:55:00,208.9,5,79,24.1,0,0,0
2026-09-09 11:00:00,202.3,6,75,25.3,0,0,0
2026-09-09 11:05:00,199.3,12,75,23.1,0,0,0
2026-09-09 11:10:00,198.6,5,77,24.6,0,0,0
2026-09-09 11:15:00,197.8,7,81,24.3,0,0,0
2026-09-09 11:20:00,196.8,6,74,22.0,0,0,0
2026-09-09 11:25:00,198.3,9,78,25.7,0,0,0
2026-09-09 11:30:00,201.1,13,82,26.6,0,0,0
2026-09-09 11:35:00,202.0,10,79,22.1,0,0,0
2026-09-09 11:40:00,198.9,15,79,25.7,0,0,0
2026-09-09 11:45:00,203.4,4,78,23.8,0,0,0
2026-09-09 11:50:00,202.2,9,79,23.6,0,0,0
2026-09-09 11:55:00,202.2,7,79,23.7,0,0,0
2026-09-09 12:00:00,199.8,7,79,26.6,0,0,0
2026-09-09 12:05:00,196.0,4,81,25.1,0,0,0
2026-09-09 12:10:00,194.1,5,76,20.7,0,0,0
2026-09-09 12:15:00,193.5,14,79,24.9,0,0,0
2026-09-09 12:20:00,197.7,3,77,25.1,0,0,0
2026-09-09 12:25:00,197.7,7,80,24.6,0,0,0
2026-09-09 12:30:00,202.0,11,80,22.5,0,0,0
2026-09-09 12:35:00,202.0,14,78,24.2,0,0,0
2026-09-09 12:40:00,199.0,14,79,24.9,0,0,0
2026-09-09 12:45:00,198.0,8,78,23.5,0,0,0
2026-09-09 12:50:00,197.7,7,79,23.3,0,0,0
2026-09-09 12:55:00,198.7,13,76,23.8,0,0,0
2026-09-09 13:00:00,198.8,12,79,25.4,0,0,0
2026-09-09 13:05:00,198.1,5,76,22.0,0,0,0
2026-09-09 13:10:00,196.7,5,80,25.8,0,0,0
2026-09-09 13:15:00,193.6,5,77,27.1,0,0,0
2026-09-09 13:20:00,193.7,5,77,24.7,0,0,0
2026-09-09 13:25:00,192.7,5,82,22.6,0,0,0
2026-09-09 13:30:00,194.5,11,82,26.4,0,114,70
2026-09-09 13:35:00,219.5,13,83,24.4,0,0,0
2026-09-09 13:40:00,232.1,16,83,25.5,0,0,0
2026-09-09 13:45:00,247.1,9,83,28.3,0,0,0
2026-09-09 13:50:00,257.6,16,82,27.3,0,0,0
2026-09-09 13:55:00,262.0,6,81,25.6,0,0,0
2026-09-09 14:00:00,261.4,4,82,26.1,0,0,0
2026-09-09 14:05:00,258.1,12,81,27.5,0,0,0
2026-09-09 14:10:00,259.3,14,81,26.9,0,0,0
2026-09-09 14:15:00,258.0,4,79,22.5,0,0,0
2026-09-09 14:20:00,251.7,7,79,27.4,0,0,0
2026-09-09 14:25:00,246.4,8,82,29.0,0,0,0
2026-09-09 14:30:00,241.3,10,80,25.3,0,0,0
2026-09-09 14:35:00,234.4,10,80,23.1,0,0,0
2026-09-09 14:40:00,226.4,3,78,23.9,0,0,0
2026-09-09 14:45:00,222.5,12,79,27.6,0,0,0
2026-09-09 14:50:00,213.5,11,76,25.5,0,0,0
2026-09-09 14:55:00,206.4,14,78,26.4,0,0,0
2026-09-09 15:00:00,201.4,5,75,24.9,0,0,0
2026-09-09 15:05:00,196.3,7,74,28.3,0,0,0
2026-09-09 15:10:00,188.4,7,80,27.6,0,0,0
2026-09-09 15:15:00,182.3,5,78,24.3,0,0,0
2026-09-09 15:20:00,180.4,5,78,22.5,0,0,0
2026-09-09 15:25:00,176.8,367,99,23.9,0,0,0
2026-09-09 15:30:00,172.5,361,99,28.2,0,0,0
2026-09-09 15:35:00,167.7,5,79,25.6,0,0,0
2026-09-09 15:40:00,162.6,16,82,20.6,0,0,0
2026-09-09 15:45:00,161.6,16,77,22.9,0,0,0
2026-09-09 15:50:00,157.7,8,80,22.7,0,0,0
2026-09-09 15:55:00,156.1,5,77,22.8,0,0,0
2026-09-09 16:00:00,156.9,7,79,24.6,0,0,0
2026-09-09 16:05:00,153.1,8,75,24.9,0,0,0
2026-09-09 16:10:00,149.7,10,75,24.4,0,0,0
2026-09-09 16:15:00,146.6,19,80,28.2,0,0,0
2026-09-09 16:20:00,144.1,5,79,25.1,0,0,0
2026-09-09 16:25:00,141.0,10,78,21.7,0,0,0
2026-09-09 16:30:00,140.6,4,75,26.4,0,0,0
2026-09-09 16:35:00,144.0,19,81,23.3,0,0,0
2026-09-09 16:40:00,145.1,14,76,28.5,0,0,0
2026-09-09 16:45:00,144.3,7,80,23.5,0,0,0
2026-09-09 16:50:00,144.1,10,82,23.6,0,42,80
2026-09-09 16:55:00,148.9,6,80,24.7,0,0,0
2026-09-09 17:00:00,150.6,5,79,24.3,0,0,0
2026-09-09 17:05:00,155.9,4,83,25.2,0,0,0
2026-09-09 17:10:00,161.6,25,85,23.0,0,0,0
2026-09-09 17:15:00,165.4,2,83,27.5,0,0,0
2026-09-09 17:20:00,167.1,10,76,19.7,0,0,0
2026-09-09 17:25:00,165.3,7,76,21.8,0,0,0
2026-09-09 17:30:00,164.0,11,78,26.2,0,0,0
2026-09-09 17:35:00,165.1,11,77,23.7,0,0,0
2026-09-09 17:40:00,163.5,11,79,19.7,0,0,0
2026-09-09 17:45:00,159.8,3,79,25.2,0,0,0
2026-09-09 17:50:00,158.5,4,79,23.7,0,0,0
2026-09-09 17:55:00,160.2,11,80,23.9,0,0,0
2026-09-09 18:00:00,158.1,1,76,22.5,0,0,0
2026-09-09 18:05:00,161.4,2,80,25.6,0,0,0
2026-09-09 18:10:00,159.9,10,80,28.8,0,0,0
2026-09-09 18:15:00,157.0,9,78,23.2,0,0,0
2026-09-09 18:20:00,156.4,14,81,27.5,0,0,0
2026-09-09 18:25:00,155.6,6,77,26.9,0,0,0
2026-09-09 18:30:00,154.1,7,81,25.9,0,0,0
2026-09-09 18:35:00,154.5,4,79,25.1,0,0,0
2026-09-09 18:40:00,152.0,4,78,27.0,0,0,0
2026-09-09 18:45:00,150.4,6,75,25.2,0,0,0
2026-09-09 18:50:00,148.6,6,77,27.5,0,0,0
2026-09-09 18:55:00,146.0,16,78,23.9,0,0,0
2026-09-09 19:00:00,145.9,7,77,26.7,0,0,0
2026-09-09 19:05:00,146.0,7,77,27.1,0,0,0
2026-09-09 19:10:00,144.1,14,80,23.4,0,0,0
2026-09-09 19:15:00,145.0,7,76,26.0,0,0,0
2026-09-09 19:20:00,144.2,7,81,29.0,0,0,0
2026-09-09 19:25:00,142.3,6,77,24.1,0,0,0
2026-09-09 19:30:00,183.7,10,80,22.8,0,0,0
2026-09-09 19:35:00,185.0,8,79,23.7,0,0,0
2026-09-09 19:40:00,183.8,6,80,27.4,0,0,0
2026-09-09 19:45:00,181.8,12,77,25.4,0,0,0
2026-09-09 19:50:00,181.5,10,77,24.2,0,0,0
2026-09-09 19:55:00,181.0,10,80,24.9,0,0,0
2026-09-09 20:00:00,179.2,8,79,26.1,0,0,0
2026-09-09 20:05:00,178.7,17,80,25.2,0,0,0
2026-09-09 20:10:00,176.3,11,83,27.8,0,0,0
2026-09-09 20:15:00,176.1,8,80,24.5,0,0,0
2026-09-09 20:20:00,174.6,13,78,26.2,0,0,0
2026-09-09 20:25:00,174.4,4,77,25.4,0,0,0
2026-09-09 20:30:00,173.7,18,81,25.9,0,0,0
2026-09-09 20:35:00,175.1,10,79,26.3,0,0,0
2026-09-09 20:40:00,172.6,5,81,26.7,0,0,0
2026-09-09 20:45:00,172.4,11,75,27.0,0,0,0
2026-09-09 20:50:00,178.9,11,80,27.5,0,0,0
2026-09-09 20:55:00,175.7,11,79,27.7,0,0,0
2026-09-09 21:00:00,176.6,8,79,25.7,0,0,0
2026-09-09 21:05:00,174.1,8,79,22.2,0,0,0
2026-09-09 21:10:00,173.9,12,80,24.9,0,0,0
2026-09-09 21:15:00,170.2,10,78,23.4,0,0,0
2026-09-09 21:20:00,169.6,1,80,22.6,0,0,0
2026-09-09 21:25:00,169.1,9,81,24.4,0,0,0
2026-09-09 21:30:00,169.7,7,78,27.3,0,0,0
2026-09-09 21:35:00,171.4,6,77,23.6,0,0,0
2026-09-09 21:40:00,169.6,6,78,22.2,0,0,0
2026-09-09 21:45:00,171.6,7,81,25.5,0,82,75
2026-09-09 21:50:00,189.5,11,81,23.8,0,0,0
2026-09-09 21:55:00,202.9,5,81,20.9,0,0,0
2026-09-09 22:00:00,212.3,7,79,28.1,0,0,0
2026-09-09 22:05:00,220.1,7,79,24.7,0,0,0
2026-09-09 22:10:00,221.0,3,81,24.0,0,0,0
2026-09-09 22:15:00,224.5,14,77,24.8,0,0,0
2026-09-09 22:20:00,221.7,1,77,26.3,0,0,0
2026-09-09 22:25:00,217.8,12,79,26.3,0,0,0
2026-09-09 22:30:00,214.8,7,78,28.2,0,0,0
2026-09-09 22:35:00,216.6,9,78,21.5,0,0,0
2026-09-09 22:40:00,216.0,16,79,26.3,0,0,0
2026-09-09 22:45:00,212.0,7,80,22.6,0,0,0
2026-09-09 22:50:00,227.4,8,79,24.4,0,0,0
2026-09-09 22:55:00,220.1,3,77,20.8,0,0,0
2026-09-09 23:00:00,216.0,9,78,24.2,0,0,0
2026-09-09 23:05:00,210.9,5,79,25.2,0,0,0
2026-09-09 23:10:00,204.9,10,78,26.2,0,0,0
2026-09-09 23:15:00,203.6,15,79,24.0,0,0,0
2026-09-09 23:20:00,203.0,2,78,24.5,0,0,0
2026-09-09 23:25:00,196.3,8,76,25.6,0,0,0
2026-09-09 23:30:00,193.1,4,78,23.7,0,0,0
2026-09-09 23:35:00,187.6,10,78,27.6,0,0,0
2026-09-09 23:40:00,186.0,5,75,25.8,0,0,0
2026-09-09 23:45:00,182.4,4,76,23.7,0,0,0
2026-09-09 23:50:00,179.4,4,75,26.2,0,0,0
2026-09-09 23:55:00,173.4,12,78,23.9,0,0,0
2026-09-10 00:00:00,153.0,10,82,28.3,0,0,0
2026-09-10 00:05:00,153.5,14,77,27.8,0,0,0
2026-09-10 00:10:00,148.6,4,79,27.9,0,0,0
2026-09-10 00:15:00,150.4,10,78,29.5,0,0,0
2026-09-10 00:20:00,147.5,8,81,26.8,0,0,0
2026-09-10 00:25:00,145.7,5,78,28.2,0,0,0
2026-09-10 00:30:00,141.5,7,79,29.7,0,0,0
2026-09-10 00:35:00,144.5,8,80,31.9,0,0,0
2026-09-10 00:40:00,145.2,12,78,28.7,0,0,0
2026-09-10 00:45:00,143.1,9,81,27.0,0,0,0
2026-09-10 00:50:00,142.2,3,77,28.4,0,0,0
2026-09-10 00:55:00,144.9,11,78,26.7,0,0,0
2026-09-10 01:00:00,145.6,22,81,29.6,0,0,0
2026-09-10 01:05:00,143.4,5,80,27.2,0,0,0
2026-09-10 01:10:00,139.3,16,80,29.8,0,0,0
2026-09-10 01:15:00,137.6,3,76,30.8,0,0,0
2026-09-10 01:20:00,136.3,13,77,28.6,0,0,0
2026-09-10 01:25:00,135.7,15,78,30.0,0,0,0
2026-09-10 01:30:00,136.5,9,79,29.4,0,0,0
2026-09-10 01:35:00,134.4,7,79,27.8,0,0,0
2026-09-10 01:40:00,137.2,0,69,48.2,1,0,0
2026-09-10 01:45:00,140.5,0,69,47.1,1,0,0
2026-09-10 01:50:00,142.1,0,70,46.1,1,0,0
2026-09-10 01:55:00,141.6,1,71,47.5,1,0,0
2026-09-10 02:00:00,142.1,0,70,46.4,1,0,0
2026-09-10 02:05:00,139.8,0,70,46.3,1,0,0
2026-09-10 02:10:00,141.0,0,70,46.6,1,0,0
2026-09-10 02:15:00,143.2,0,67,47.5,1,0,0
2026-09-10 02:20:00,142.2,0,73,49.1,1,0,0
2026-09-10 02:25:00,145.0,0,71,48.9,1,0,0
2026-09-10 02:30:00,145.7,0,69,46.0,1,0,0
2026-09-10 02:35:00,145.2,0,70,47.6,1,0,0
2026-09-10 02:40:00,143.2,0,70,50.0,1,0,0
2026-09-10 02:45:00,147.1,0,72,43.1,1,0,0
2026-09-10 02:50:00,146.7,0,73,45.8,1,0,0
2026-09-10 02:55:00,148.3,0,69,48.1,1,0,0
2026-09-10 03:00:00,144.9,1,69,45.9,1,0,0
2026-09-10 03:05:00,146.7,1,72,48.5,1,0,0
2026-09-10 03:10:00,143.3,0,70,47.7,1,0,0
2026-09-10 03:15:00,140.2,1,74,46.4,1,0,0
2026-09-10 03:20:00,142.6,3,68,43.6,1,0,0
2026-09-10 03:25:00,141.3,0,69,46.9,1,0,0
2026-09-10 03:30:00,142.1,0,72,49.3,1,0,0
2026-09-10 03:35:00,144.7,0,72,46.8,1,0,0
2026-09-10 03:40:00,146.1,0,72,46.4,1,0,0
2026-09-10 03:45:00,181.7,0,70,49.3,1,0,0
2026-09-10 03:50:00,181.9,0,66,48.1,1,0,0
2026-09-10 03:55:00,184.0,0,70,47.7,1,0,0
2026-09-10 04:00:00,184.5,0,69,49.0,1,0,0
2026-09-10 04:05:00,185.6,0,67,48.1,1,0,0
2026-09-10 04:10:00,184.7,0,71,46.0,1,0,0
2026-09-10 04:15:00,184.8,0,71,48.0,1,0,0
2026-09-10 04:20:00,185.4,0,71,45.9,1,0,0
2026-09-10 04:25:00,184.4,0,68,47.8,1,0,0
2026-09-10 04:30:00,184.7,1,68,44.8,1,0,0
2026-09-10 04:35:00,187.9,0,70,49.7,1,0,0
2026-09-10 04:40:00,186.5,1,67,45.0,1,0,0
2026-09-10 04:45:00,185.5,1,70,48.6,1,0,0
2026-09-10 04:50:00,187.3,1,70,46.0,1,0,0
2026-09-10 04:55:00,187.1,0,73,45.1,1,0,0
2026-09-10 05:00:00,187.6,0,70,46.7,1,0,0
2026-09-10 05:05:00,188.9,0,71,44.6,1,0,0
2026-09-10 05:10:00,190.2,0,72,48.8,1,0,0
2026-09-10 05:15:00,184.9,1,70,46.3,1,0,0
2026-09-10 05:20:00,186.6,0,67,49.8,1,0,0
2026-09-10 05:25:00,189.0,0,69,46.8,1,0,0
2026-09-10 05:30:00,188.1,0,70,47.9,1,0,0
2026-09-10 05:35:00,188.7,0,74,46.3,1,0,0
2026-09-10 05:40:00,189.8,0,69,48.1,1,0,0
2026-09-10 05:45:00,191.6,1,69,47.7,1,0,0
2026-09-10 05:50:00,191.9,1,69,47.4,1,0,0
2026-09-10 05:55:00,191.7,1,70,49.6,1,0,0
2026-09-10 06:00:00,192.2,0,72,50.1,1,0,0
2026-09-10 06:05:00,192.1,0,69,49.7,1,0,0
2026-09-10 06:10:00,192.6,0,70,42.7,1,0,0
2026-09-10 06:15:00,190.5,1,69,48.8,1,0,0
2026-09-10 06:20:00,189.3,1,70,45.8,1,0,0
2026-09-10 06:25:00,191.9,0,74,45.8,1,0,0
2026-09-10 06:30:00,191.4,0,71,49.6,1,0,0
2026-09-10 06:35:00,191.6,0,72,45.3,1,0,0
2026-09-10 06:40:00,191.6,0,69,48.3,1,0,0
2026-09-10 06:45:00,190.5,10,79,28.7,0,0,0
2026-09-10 06:50:00,194.6,5,78,28.7,0,0,0
2026-09-10 06:55:00,192.6,10,80,31.3,0,0,0
2026-09-10 07:00:00,188.2,12,79,26.7,0,0,0
2026-09-10 07:05:00,188.9,11,82,30.8,0,0,0
2026-09-10 07:10:00,186.6,15,76,27.9,0,0,0
2026-09-10 07:15:00,188.3,8,80,28.6,0,0,0
2026-09-10 07:20:00,186.6,16,81,26.2,0,0,0
2026-09-10 07:25:00,182.9,9,84,29.6,0,0,0
2026-09-10 07:30:00,184.3,16,81,29.8,0,0,0
2026-09-10 07:35:00,186.9,5,81,26.5,0,0,0
2026-09-10 07:40:00,183.1,8,80,30.3,0,0,0
2026-09-10 07:45:00,181.4,15,75,26.9,0,0,0
2026-09-10 07:50:00,177.2,9,75,25.1,0,0,0
2026-09-10 07:55:00,178.3,12,79,27.8,0,0,0
2026-09-10 08:00:00,178.4,6,74,30.3,0,0,0
2026-09-10 08:05:00,177.5,2,76,28.6,0,0,0
2026-09-10 08:10:00,170.4,4,81,33.0,0,0,0
2026-09-10 08:15:00,167.6,8,79,31.7,0,0,0
2026-09-10 08:20:00,165.4,6,77,26.7,0,0,0
2026-09-10 08:25:00,163.5,10,81,30.8,0,0,0
2026-09-10 08:30:00,161.6,4,77,28.8,0,0,0
2026-09-10 08:35:00,158.6,1,82,27.2,0,0,0
2026-09-10 08:40:00,158.0,5,82,29.1,0,0,0
2026-09-10 08:45:00,156.6,8,76,31.0,0,0,0
2026-09-10 08:50:00,153.7,7,78,28.8,0,0,0
2026-09-10 08:55:00,151.8,7,77,27.1,0,0,0
2026-09-10 09:00:00,152.0,10,80,30.3,0,0,0
2026-09-10 09:05:00,156.1,9,79,30.8,0,0,0
2026-09-10 09:10:00,154.1,5,76,33.3,0,0,0
2026-09-10 09:15:00,156.0,0,78,28.7,0,0,0
2026-09-10 09:20:00,158.2,7,79,28.7,0,0,0
2026-09-10 09:25:00,156.6,7,83,28.3,0,0,0
2026-09-10 09:30:00,155.1,11,77,31.3,0,0,0
2026-09-10 09:35:00,157.4,4,79,27.0,0,0,0
2026-09-10 09:40:00,152.8,17,78,27.4,0,0,0
2026-09-10 09:45:00,149.0,20,82,31.3,0,0,0
2026-09-10 09:50:00,147.0,2,77,30.2,0,0,0
2026-09-10 09:55:00,145.8,9,81,28.9,0,0,0
2026-09-10 10:00:00,146.9,9,76,31.5,0,0,0
2026-09-10 10:05:00,147.2,5,76,29.4,0,0,0
2026-09-10 10:10:00,150.7,8,78,28.3,0,0,0
2026-09-10 10:15:00,152.5,6,83,28.4,0,0,0
2026-09-10 10:20:00,150.9,8,80,31.0,0,0,0
2026-09-10 10:25:00,150.5,8,77,25.5,0,0,0
2026-09-10 10:30:00,153.0,13,79,29.1,0,0,0
2026-09-10 10:35:00,154.8,8,77,30.5,0,0,0
2026-09-10 10:40:00,153.7,8,79,26.8,0,0,0
2026-09-10 10:45:00,149.3,12,78,30.2,0,0,0
2026-09-10 10:50:00,153.4,6,81,27.9,0,0,0
2026-09-10 10:55:00,149.3,8,83,24.1,0,0,0
2026-09-10 11:00:00,149.3,1,80,25.7,0,0,0
2026-09-10 11:05:00,151.4,9,79,32.1,0,0,0
2026-09-10 11:10:00,152.8,6,78,27.2,0,0,0
2026-09-10 11:15:00,149.6,9,80,27.4,0,0,0
2026-09-10 11:20:00,148.5,10,80,29.0,0,0,0
2026-09-10 11:25:00,151.4,7,76,27.3,0,0,0
2026-09-10 11:30:00,150.5,5,77,30.4,0,0,0
2026-09-10 11:35:00,148.5,21,78,29.2,0,0,0
2026-09-10 11:40:00,150.0,17,77,27.3,0,0,0
2026-09-10 11:45:00,152.3,8,77,23.5,0,0,0
2026-09-10 11:50:00,149.2,17,78,31.6,0,0,0
2026-09-10 11:55:00,154.5,14,78,27.1,0,0,0
2026-09-10 12:00:00,159.6,4,76,28.6,0,0,0
2026-09-10 12:05:00,158.0,7,80,26.6,0,0,0
2026-09-10 12:10:00,161.0,1,78,31.0,0,0,0
2026-09-10 12:15:00,160.9,11,77,27.2,0,0,0
2026-09-10 12:20:00,162.1,6,80,30.0,0,0,0
2026-09-10 12:25:00,163.4,4,78,29.5,0,0,0
2026-09-10 12:30:00,164.3,7,76,30.8,0,0,0
2026-09-10 12:35:00,166.3,7,79,31.4,0,0,0
2026-09-10 12:40:00,166.2,7,84,27.4,0,0,0
2026-09-10 12:45:00,166.7,7,76,30.4,0,0,0
2026-09-10 12:50:00,168.0,15,78,26.9,0,0,0
2026-09-10 12:55:00,166.3,13,78,25.8,0,0,0
2026-09-10 13:00:00,163.9,8,81,29.4,0,0,0
2026-09-10 13:05:00,163.5,4,81,30.3,0,0,0
2026-09-10 13:10:00,162.1,9,78,31.9,0,0,0
2026-09-10 13:15:00,162.7,4,80,29.1,0,0,0
2026-09-10 13:20:00,166.9,18,80,28.4,0,0,0
2026-09-10 13:25:00,167.1,8,81,28.9,0,0,0
2026-09-10 13:30:00,166.7,9,80,26.3,0,0,0
2026-09-10 13:35:00,166.3,14,77,27.9,0,0,0
2026-09-10 13:40:00,167.6,9,80,28.4,0,0,0
2026-09-10 13:45:00,169.2,17,76,26.4,0,0,0
2026-09-10 13:50:00,169.0,12,78,24.9,0,0,0
2026-09-10 13:55:00,170.1,7,82,28.1,0,0,0
2026-09-10 14:00:00,186.4,15,80,27.1,0,92,70
2026-09-10 14:05:00,202.2,8,80,29.5,0,0,0
2026-09-10 14:10:00,213.2,13,80,29.9,0,0,0
2026-09-10 14:15:00,219.6,479,109,28.8,0,0,0
2026-09-10 14:20:00,222.2,482,113,27.2,0,0,0
2026-09-10 14:25:00,222.6,482,109,32.6,0,0,0
2026-09-10 14:30:00,223.8,13,81,28.4,0,0,0
2026-09-10 14:35:00,223.3,6,78,31.3,0,0,0
2026-09-10 14:40:00,221.5,3,78,26.8,0,0,0
2026-09-10 14:45:00,214.1,10,83,30.6,0,0,0
2026-09-10 14:50:00,211.8,3,77,30.3,0,0,0
2026-09-10 14:55:00,204.5,7,79,30.2,0,0,0
2026-09-10 15:00:00,198.9,20,81,27.0,0,0,0
2026-09-10 15:05:00,197.4,8,79,33.0,0,0,0
2026-09-10 15:10:00,194.6,18,80,27.6,0,0,0
2026-09-10 15:15:00,193.9,9,82,28.5,0,0,0
2026-09-10 15:20:00,188.9,15,79,26.3,0,0,0
2026-09-10 15:25:00,181.5,13,77,28.9,0,0,0
2026-09-10 15:30:00,178.1,2,81,28.0,0,0,0
2026-09-10 15:35:00,171.4,11,79,27.4,0,0,0
2026-09-10 15:40:00,170.4,6,74,24.8,0,0,0
2026-09-10 15:45:00,170.2,11,78,25.7,0,0,0
2026-09-10 15:50:00,167.7,11,77,29.2,0,0,0
2026-09-10 15:55:00,160.6,7,77,28.4,0,0,0
2026-09-10 16:00:00,161.1,6,76,28.0,0,0,0
2026-09-10 16:05:00,157.7,11,77,30.0,0,0,0
2026-09-10 16:10:00,158.2,17,75,29.0,0,0,0
2026-09-10 16:15:00,153.7,11,81,24.8,0,0,0
2026-09-10 16:20:00,149.7,3,80,25.6,0,0,0
2026-09-10 16:25:00,150.8,6,80,32.1,0,0,0
2026-09-10 16:30:00,148.5,1,79,27.6,0,0,0
2026-09-10 16:35:00,143.6,9,80,32.7,0,0,0
2026-09-10 16:40:00,143.6,7,77,26.8,0,0,0
2026-09-10 16:45:00,141.4,4,77,26.9,0,0,0
2026-09-10 16:50:00,139.2,8,79,26.6,0,0,0
2026-09-10 16:55:00,136.7,18,79,28.5,0,0,0
2026-09-10 17:00:00,133.8,13,81,27.3,0,0,0
2026-09-10 17:05:00,131.2,7,81,28.2,0,0,0
2026-09-10 17:10:00,129.2,9,80,29.0,0,0,0
2026-09-10 17:15:00,131.7,4,77,31.0,0,0,0
2026-09-10 17:20:00,134.1,6,82,31.6,0,0,0
2026-09-10 17:25:00,133.8,18,83,26.6,0,19,50
2026-09-10 17:30:00,134.3,5,80,29.1,0,0,0
2026-09-10 17:35:00,137.6,5,79,26.5,0,0,0
2026-09-10 17:40:00,144.8,5,80,29.5,0,0,0
2026-09-10 17:45:00,145.4,18,81,29.7,0,0,0
2026-09-10 17:50:00,144.3,10,81,32.7,0,0,0
2026-09-10 17:55:00,141.1,8,78,30.9,0,0,0
2026-09-10 18:00:00,140.0,28,79,29.6,0,0,0
2026-09-10 18:05:00,142.6,11,77,27.0,0,0,0
2026-09-10 18:10:00,141.9,9,78,25.8,0,0,0
2026-09-10 18:15:00,143.0,5,79,28.2,0,0,0
2026-09-10 18:20:00,146.9,8,80,29.3,0,0,0
2026-09-10 18:25:00,145.7,4,76,30.2,0,0,0
2026-09-10 18:30:00,147.3,5,78,28.7,0,0,0
2026-09-10 18:35:00,146.7,10,78,24.4,0,0,0
2026-09-10 18:40:00,146.2,21,80,30.0,0,0,0
2026-09-10 18:45:00,144.2,8,79,27.7,0,0,0
2026-09-10 18:50:00,142.7,5,77,27.1,0,0,0
2026-09-10 18:55:00,140.6,3,83,26.9,0,0,0
2026-09-10 19:00:00,142.8,15,80,29.4,0,0,0
2026-09-10 19:05:00,141.3,15,78,30.6,0,0,0
2026-09-10 19:10:00,140.6,6,76,27.8,0,0,0
2026-09-10 19:15:00,141.8,4,78,31.7,0,0,0
2026-09-10 19:20:00,142.0,2,80,26.3,0,0,0
2026-09-10 19:25:00,140.4,7,76,28.1,0,0,0
2026-09-10 19:30:00,138.8,4,80,32.0,0,0,0
2026-09-10 19:35:00,140.0,5,81,30.3,0,0,0
2026-09-10 19:40:00,139.2,7,77,26.8,0,0,0
2026-09-10 19:45:00,140.4,10,77,29.0,0,0,0
2026-09-10 19:50:00,139.3,12,77,26.9,0,0,0
2026-09-10 19:55:00,141.8,16,80,29.8,0,0,0
2026-09-10 20:00:00,173.7,3,78,30.6,0,0,0
2026-09-10 20:05:00,175.8,3,79,29.2,0,0,0
2026-09-10 20:10:00,174.9,9,80,30.4,0,0,0
2026-09-10 20:15:00,176.0,7,79,27.1,0,0,0
2026-09-10 20:20:00,176.6,4,78,26.4,0,0,0
2026-09-10 20:25:00,175.4,8,74,27.8,0,0,0
2026-09-10 20:30:00,175.4,20,77,23.8,0,0,0
2026-09-10 20:35:00,179.2,5,78,30.6,0,0,0
2026-09-10 20:40:00,176.1,3,77,24.8,0,0,0
2026-09-10 20:45:00,176.6,14,80,25.3,0,0,0
2026-09-10 20:50:00,174.2,5,80,27.4,0,92,75
2026-09-10 20:55:00,187.5,3,82,26.8,0,0,0
2026-09-10 21:00:00,201.0,5,83,26.9,0,0,0
2026-09-10 21:05:00,211.2,2,81,27.2,0,0,0
2026-09-10 21:10:00,217.5,9,79,26.9,0,0,0
2026-09-10 21:15:00,220.4,10,81,28.8,0,0,0
2026-09-10 21:20:00,219.5,7,79,27.8,0,0,0
2026-09-10 21:25:00,219.0,5,78,25.2,0,0,0
2026-09-10 21:30:00,219.0,7,76,31.9,0,0,0
2026-09-10 21:35:00,219.9,21,78,30.0,0,0,0
2026-09-10 21:40:00,216.7,7,76,27.7,0,0,0
2026-09-10 21:45:00,215.2,8,78,30.5,0,0,0
2026-09-10 21:50:00,212.3,7,77,31.3,0,0,0
2026-09-10 21:55:00,210.3,4,79,30.5,0,0,0
2026-09-10 22:00:00,203.3,9,83,28.6,0,0,0
2026-09-10 22:05:00,196.3,4,78,30.9,0,0,0
2026-09-10 22:10:00,193.0,3,80,28.2,0,0,0
2026-09-10 22:15:00,184.4,6,78,28.4,0,0,0
2026-09-10 22:20:00,180.6,8,76,25.4,0,0,0
2026-09-10 22:25:00,174.2,19,79,28.7,0,0,0
2026-09-10 22:30:00,170.7,3,81,29.3,0,0,0
2026-09-10 22:35:00,164.9,7,77,28.7,0,0,0
2026-09-10 22:40:00,161.9,4,82,31.6,0,0,0
2026-09-10 22:45:00,157.7,4,78,26.6,0,0,0
2026-09-10 22:50:00,153.1,1,76,26.6,0,0,0
2026-09-10 22:55:00,151.6,3,76,30.5,0,0,0
2026-09-10 23:00:00,149.7,8,76,26.2,0,0,0
2026-09-10 23:05:00,144.8,4,77,26.9,0,0,0
2026-09-10 23:10:00,140.4,12,76,27.6,0,0,0
2026-09-10 23:15:00,136.3,5,81,29.1,0,0,0
2026-09-10 23:20:00,136.7,5,77,28.6,0,0,0
2026-09-10 23:25:00,139.5,12,81,28.5,0,0,0
2026-09-10 23:30:00,134.9,9,77,26.0,0,0,0
2026-09-10 23:35:00,133.7,5,83,27.3,0,0,0
2026-09-10 23:40:00,135.0,3,79,29.6,0,0,0
2026-09-10 23:45:00,134.7,6,78,26.5,0,0,0
2026-09-10 23:50:00,131.9,3,79,31.2,0,0,0
2026-09-10 23:55:00,133.9,14,80,27.0,0,0,0
2026-09-11 00:00:00,140.7,3,78,27.9,0,0,0
2026-09-11 00:05:00,139.2,8,79,29.7,0,0,0
2026-09-11 00:10:00,136.8,13,78,25.4,0,0,0
2026-09-11 00:15:00,132.5,13,79,30.2,0,0,0
2026-09-11 00:20:00,132.5,8,79,27.2,0,0,0
2026-09-11 00:25:00,131.1,4,75,25.8,0,0,0
2026-09-11 00:30:00,130.3,6,81,22.2,0,0,0
2026-09-11 00:35:00,130.2,1,81,28.3,0,0,0
2026-09-11 00:40:00,131.2,2,83,27.8,0,0,0
2026-09-11 00:45:00,131.8,17,75,25.2,0,0,0
2026-09-11 00:50:00,134.1,5,77,26.5,0,0,0
2026-09-11 00:55:00,135.3,8,79,27.7,0,0,0
2026-09-11 01:00:00,135.0,6,77,26.0,0,0,0
2026-09-11 01:05:00,138.7,10,78,23.7,0,0,0
2026-09-11 01:10:00,137.1,4,79,26.7,0,0,0
2026-09-11 01:15:00,137.0,11,77,24.2,0,0,0
2026-09-11 01:20:00,141.1,15,79,27.6,0,0,0
2026-09-11 01:25:00,138.9,6,76,26.5,0,0,0
2026-09-11 01:30:00,141.0,16,83,27.0,0,0,0
2026-09-11 01:35:00,144.3,6,81,27.0,0,0,0
2026-09-11 01:40:00,143.7,5,80,25.7,0,0,0
2026-09-11 01:45:00,142.3,8,77,25.4,0,0,0
2026-09-11 01:50:00,143.9,0,69,44.9,1,0,0
2026-09-11 01:55:00,146.6,0,70,46.3,1,0,0
2026-09-11 02:00:00,144.9,0,69,46.5,1,0,0
2026-09-11 02:05:00,142.0,0,67,41.5,1,0,0
2026-09-11 02:10:00,146.2,0,71,44.4,1,0,0
2026-09-11 02:15:00,147.8,0,70,44.5,1,0,0
2026-09-11 02:20:00,150.7,0,69,39.5,1,0,0
2026-09-11 02:25:00,150.9,0,72,41.0,1,0,0
2026-09-11 02:30:00,148.6,2,72,42.7,1,0,0
2026-09-11 02:35:00,146.9,2,73,42.5,1,0,0
2026-09-11 02:40:00,151.7,0,68,42.6,1,0,0
2026-09-11 02:45:00,155.4,0,74,43.6,1,0,0
2026-09-11 02:50:00,194.2,0,69,42.8,1,0,0
2026-09-11 02:55:00,193.9,0,71,42.0,1,0,0
2026-09-11 03:00:00,194.0,0,72,45.2,1,0,0
2026-09-11 03:05:00,196.3,1,71,44.9,1,0,0
2026-09-11 03:10:00,197.5,0,72,43.0,1,0,0
2026-09-11 03:15:00,197.2,0,69,41.3,1,0,0
2026-09-11 03:20:00,192.5,1,74,43.5,1,0,0
2026-09-11 03:25:00,193.6,0,69,41.8,1,0,0
2026-09-11 03:30:00,196.0,0,72,43.9,1,0,0
2026-09-11 03:35:00,198.6,0,72,44.6,1,0,0
2026-09-11 03:40:00,197.2,0,70,44.8,1,0,0
2026-09-11 03:45:00,197.6,0,69,43.4,1,0,0
2026-09-11 03:50:00,203.2,0,71,44.9,1,0,0
2026-09-11 03:55:00,198.1,1,67,46.4,1,0,0
2026-09-11 04:00:00,197.8,0,68,46.9,1,0,0
2026-09-11 04:05:00,199.2,0,69,40.3,1,0,0
2026-09-11 04:10:00,198.5,0,69,45.0,1,0,0
2026-09-11 04:15:00,198.5,0,70,42.6,1,0,0
2026-09-11 04:20:00,197.6,0,71,44.8,1,0,0
2026-09-11 04:25:00,195.5,1,71,42.4,1,0,0
2026-09-11 04:30:00,195.2,0,72,44.2,1,0,0
2026-09-11 04:35:00,194.1,0,72,47.4,1,0,0
2026-09-11 04:40:00,196.1,0,71,43.8,1,0,0
2026-09-11 04:45:00,197.3,0,69,45.2,1,0,0
2026-09-11 04:50:00,196.6,0,73,44.2,1,0,0
2026-09-11 04:55:00,196.5,0,69,39.4,1,0,0
2026-09-11 05:00:00,198.0,0,69,42.3,1,0,0
2026-09-11 05:05:00,196.5,0,68,43.1,1,0,0
2026-09-11 05:10:00,193.4,0,73,45.9,1,0,0
2026-09-11 05:15:00,197.5,3,70,43.3,1,0,0
2026-09-11 05:20:00,199.2,1,70,45.2,1,0,0
2026-09-11 05:25:00,197.9,0,70,42.9,1,0,0
2026-09-11 05:30:00,200.1,1,70,42.0,1,0,0
2026-09-11 05:35:00,198.2,0,69,44.2,1,0,0
2026-09-11 05:40:00,197.9,0,69,44.5,1,0,0
2026-09-11 05:45:00,198.7,0,65,46.3,1,0,0
2026-09-11 05:50:00,197.6,1,66,45.5,1,0,0
2026-09-11 05:55:00,195.5,0,67,43.9,1,0,0
2026-09-11 06:00:00,195.5,0,70,44.9,1,0,0
2026-09-11 06:05:00,194.1,0,71,46.3,1,0,0
2026-09-11 06:10:00,195.2,2,71,44.8,1,0,0
2026-09-11 06:15:00,199.9,0,69,42.2,1,0,0
2026-09-11 06:20:00,201.8,1,69,41.9,1,0,0
2026-09-11 06:25:00,202.6,0,72,44.2,1,0,0
2026-09-11 06:30:00,199.3,0,69,40.7,1,0,0
2026-09-11 06:35:00,197.7,1,68,43.0,1,0,0
2026-09-11 06:40:00,195.5,0,70,41.5,1,0,0
2026-09-11 06:45:00,194.0,3,77,27.2,0,0,0
2026-09-11 06:50:00,193.8,11,76,20.7,0,0,0
2026-09-11 06:55:00,192.1,19,81,28.9,0,0,0
2026-09-11 07:00:00,193.9,3,77,27.0,0,0,0
2026-09-11 07:05:00,195.3,6,79,24.3,0,0,0
2026-09-11 07:10:00,195.5,18,80,25.0,0,0,0
2026-09-11 07:15:00,195.6,12,78,25.7,0,0,0
2026-09-11 07:20:00,198.0,10,77,26.1,0,0,0
2026-09-11 07:25:00,197.2,18,79,24.3,0,0,0
2026-09-11 07:30:00,195.9,8,80,29.0,0,0,0
2026-09-11 07:35:00,197.0,21,81,26.7,0,0,0
2026-09-11 07:40:00,196.3,1,77,23.5,0,38,50
2026-09-11 07:45:00,203.2,5,82,26.2,0,0,0
2026-09-11 07:50:00,208.6,6,81,26.7,0,0,0
2026-09-11 07:55:00,212.8,7,81,29.4,0,0,0
2026-09-11 08:00:00,217.5,9,85,24.4,0,0,0
2026-09-11 08:05:00,217.7,7,80,25.8,0,0,0
2026-09-11 08:10:00,219.5,14,76,28.0,0,0,0
2026-09-11 08:15:00,219.6,9,76,29.0,0,0,0
2026-09-11 08:20:00,217.0,7,79,28.3,0,0,0
2026-09-11 08:25:00,215.0,23,77,27.7,0,0,0
2026-09-11 08:30:00,212.7,2,77,28.2,0,0,0
2026-09-11 08:35:00,209.0,6,78,28.8,0,0,0
2026-09-11 08:40:00,206.8,6,78,28.7,0,0,0
2026-09-11 08:45:00,205.8,6,76,31.4,0,0,0
2026-09-11 08:50:00,203.1,5,81,26.9,0,0,0
2026-09-11 08:55:00,201.0,12,79,27.4,0,0,0
2026-09-11 09:00:00,201.3,4,81,32.2,0,0,0
2026-09-11 09:05:00,201.2,4,82,28.6,0,0,0
2026-09-11 09:10:00,199.6,8,76,28.6,0,0,0
2026-09-11 09:15:00,201.3,7,78,25.8,0,0,0
2026-09-11 09:20:00,201.4,30,82,26.6,0,0,0
2026-09-11 09:25:00,203.0,8,78,26.6,0,0,0
2026-09-11 09:30:00,201.0,6,80,29.5,0,0,0
2026-09-11 09:35:00,200.1,459,108,26.0,0,0,0
2026-09-11 09:40:00,199.6,460,109,27.0,0,0,0
2026-09-11 09:45:00,197.3,461,105,27.8,0,0,0
2026-09-11 09:50:00,197.8,3,80,29.0,0,0,0
2026-09-11 09:55:00,195.1,9,81,28.1,0,0,0
2026-09-11 10:00:00,196.3,10,78,27.3,0,0,0
2026-09-11 10:05:00,193.1,15,81,28.6,0,0,0
2026-09-11 10:10:00,194.4,11,76,26.5,0,0,0
2026-09-11 10:15:00,196.8,5,77,28.0,0,0,0
2026-09-11 10:20:00,197.5,8,80,22.2,0,0,0
2026-09-11 10:25:00,200.1,5,78,27.6,0,0,0
2026-09-11 10:30:00,199.7,10,77,24.1,0,0,0
2026-09-11 10:35:00,198.8,5,77,27.2,0,0,0
2026-09-11 10:40:00,198.7,13,80,27.2,0,0,0
2026-09-11 10:45:00,195.5,12,79,29.0,0,0,0
2026-09-11 10:50:00,195.6,8,78,28.7,0,0,0
2026-09-11 10:55:00,195.3,17,76,26.1,0,0,0
2026-09-11 11:00:00,194.0,9,81,27.3,0,0,0
2026-09-11 11:05:00,191.6,17,83,25.8,0,0,0
2026-09-11 11:10:00,189.4,5,79,26.7,0,0,0
2026-09-11 11:15:00,189.2,12,80,28.0,0,0,0
2026-09-11 11:20:00,190.1,14,79,28.1,0,0,0
2026-09-11 11:25:00,189.7,7,77,30.2,0,0,0
2026-09-11 11:30:00,186.8,14,78,22.1,0,0,0
2026-09-11 11:35:00,185.6,2,77,26.0,0,0,0
2026-09-11 11:40:00,189.1,9,79,27.4,0,0,0
2026-09-11 11:45:00,192.5,12,80,27.7,0,0,0
2026-09-11 11:50:00,190.1,11,77,29.5,0,0,0
2026-09-11 11:55:00,189.0,13,80,26.5,0,0,0
2026-09-11 12:00:00,186.8,5,79,27.7,0,0,0
2026-09-11 12:05:00,188.1,13,81,25.0,0,0,0
2026-09-11 12:10:00,188.8,9,78,26.4,0,0,0
2026-09-11 12:15:00,188.2,8,75,27.9,0,0,0
2026-09-11 12:20:00,189.6,9,76,28.6,0,0,0
2026-09-11 12:25:00,185.3,11,81,28.6,0,0,0
2026-09-11 12:30:00,186.9,6,79,27.8,0,0,0
2026-09-11 12:35:00,189.9,7,78,28.1,0,0,0
2026-09-11 12:40:00,192.1,3,79,26.9,0,0,0
2026-09-11 12:45:00,195.8,8,80,32.2,0,0,0
2026-09-11 12:50:00,196.3,3,77,29.9,0,0,0
2026-09-11 12:55:00,199.4,10,81,28.4,0,0,0
2026-09-11 13:00:00,200.6,9,77,29.3,0,0,0
2026-09-11 13:05:00,196.9,4,78,25.5,0,0,0
2026-09-11 13:10:00,196.9,8,78,25.8,0,0,0
2026-09-11 13:15:00,198.3,9,76,21.1,0,0,0
2026-09-11 13:20:00,197.5,12,78,26.5,0,0,0
2026-09-11 13:25:00,195.8,5,78,26.0,0,0,0
2026-09-11 13:30:00,196.0,9,81,28.1,0,63,68
2026-09-11 13:35:00,204.9,4,81,24.7,0,0,0
2026-09-11 13:40:00,212.6,14,85,26.9,0,0,0
2026-09-11 13:45:00,219.1,14,83,25.5,0,0,0
2026-09-11 13:50:00,222.8,13,83,26.7,0,0,0
2026-09-11 13:55:00,224.2,13,82,22.8,0,0,0
2026-09-11 14:00:00,224.8,7,78,23.1,0,0,0
2026-09-11 14:05:00,223.4,11,79,26.7,0,0,0
2026-09-11 14:10:00,220.2,7,77,26.8,0,0,0
2026-09-11 14:15:00,217.4,5,77,27.7,0,0,0
2026-09-11 14:20:00,214.1,11,78,26.5,0,0,0
2026-09-11 14:25:00,210.4,6,78,28.1,0,0,0
2026-09-11 14:30:00,209.4,4,81,25.0,0,0,0
2026-09-11 14:35:00,206.2,8,81,26.6,0,0,0
2026-09-11 14:40:00,205.7,10,78,26.7,0,0,0
2026-09-11 14:45:00,202.7,7,80,28.8,0,0,0
2026-09-11 14:50:00,200.2,10,80,28.5,0,0,0
2026-09-11 14:55:00,197.8,6,78,25.1,0,0,0
2026-09-11 15:00:00,195.6,5,76,29.6,0,0,0
2026-09-11 15:05:00,188.4,7,77,31.3,0,0,0
2026-09-11 15:10:00,182.0,5,76,27.2,0,0,0
2026-09-11 15:15:00,180.5,11,77,29.2,0,0,0
2026-09-11 15:20:00,180.4,10,76,26.0,0,0,0
2026-09-11 15:25:00,178.7,11,78,27.2,0,0,0
2026-09-11 15:30:00,178.3,2,77,29.0,0,0,0
2026-09-11 15:35:00,177.0,3,82,27.4,0,0,0
2026-09-11 15:40:00,178.7,5,79,30.9,0,0,0
2026-09-11 15:45:00,173.0,9,78,26.0,0,0,0
2026-09-11 15:50:00,173.4,1,79,31.3,0,0,0
2026-09-11 15:55:00,172.3,5,77,25.9,0,0,0
2026-09-11 16:00:00,169.3,9,77,25.0,0,0,0
2026-09-11 16:05:00,167.6,7,78,26.4,0,0,0
2026-09-11 16:10:00,165.7,15,74,25.9,0,0,0
2026-09-11 16:15:00,165.7,4,78,29.7,0,0,0
2026-09-11 16:20:00,160.4,11,81,29.7,0,0,0
2026-09-11 16:25:00,159.1,11,81,28.4,0,0,0
2026-09-11 16:30:00,160.5,3,81,28.6,0,0,0
2026-09-11 16:35:00,160.8,9,81,28.5,0,0,0
2026-09-11 16:40:00,161.6,9,77,30.1,0,0,0
2026-09-11 16:45:00,163.0,7,79,23.2,0,0,0
2026-09-11 16:50:00,163.4,10,79,28.2,0,0,0
2026-09-11 16:55:00,164.1,4,84,28.0,0,32,60
2026-09-11 17:00:00,170.7,7,81,29.0,0,0,0
2026-09-11 17:05:00,172.6,24,81,24.1,0,0,0
2026-09-11 17:10:00,178.5,9,82,29.9,0,0,0
2026-09-11 17:15:00,180.2,8,80,26.6,0,0,0
2026-09-11 17:20:00,183.9,10,83,28.4,0,0,0
2026-09-11 17:25:00,185.7,2,77,28.7,0,0,0
2026-09-11 17:30:00,185.2,13,79,29.1,0,0,0
2026-09-11 17:35:00,183.7,10,77,28.3,0,0,0
2026-09-11 17:40:00,182.7,9,79,25.2,0,0,0
2026-09-11 17:45:00,183.7,19,81,29.2,0,0,0
2026-09-11 17:50:00,183.5,8,79,23.1,0,0,0
2026-09-11 17:55:00,180.2,5,79,27.6,0,0,0
2026-09-11 18:00:00,177.4,13,80,27.4,0,0,0
2026-09-11 18:05:00,174.4,10,76,25.6,0,0,0
2026-09-11 18:10:00,175.0,18,81,26.0,0,0,0
2026-09-11 18:15:00,172.2,23,80,27.3,0,0,0
2026-09-11 18:20:00,172.8,11,77,27.9,0,0,0
2026-09-11 18:25:00,169.9,4,78,26.3,0,0,0
2026-09-11 18:30:00,175.5,24,80,23.4,0,0,0
2026-09-11 18:35:00,175.3,15,81,27.6,0,0,0
2026-09-11 18:40:00,173.9,3,78,28.2,0,0,0
2026-09-11 18:45:00,172.9,13,81,25.3,0,0,0
2026-09-11 18:50:00,172.7,8,79,31.2,0,0,0
2026-09-11 18:55:00,175.8,11,80,27.4,0,0,0
2026-09-11 19:00:00,176.6,7,80,25.2,0,0,0
2026-09-11 19:05:00,177.7,13,77,26.0,0,0,0
2026-09-11 19:10:00,179.2,4,78,28.2,0,0,0
2026-09-11 19:15:00,174.0,4,77,24.3,0,0,0
2026-09-11 19:20:00,175.5,6,77,26.9,0,0,0
2026-09-11 19:25:00,173.5,8,73,28.1,0,0,0
2026-09-11 19:30:00,196.3,7,81,27.8,0,0,0
2026-09-11 19:35:00,197.7,10,79,21.5,0,0,0
2026-09-11 19:40:00,197.8,13,77,30.0,0,0,0
2026-09-11 19:45:00,198.1,15,82,27.0,0,0,0
2026-09-11 19:50:00,194.4,3,76,27.9,0,0,0
2026-09-11 19:55:00,193.2,11,77,24.9,0,0,0
2026-09-11 20:00:00,193.9,4,81,24.5,0,0,0
2026-09-11 20:05:00,195.5,9,81,24.7,0,0,0
2026-09-11 20:10:00,196.0,13,77,28.6,0,0,0
2026-09-11 20:15:00,194.1,21,75,23.8,0,0,0
2026-09-11 20:20:00,194.6,18,79,25.2,0,0,0
2026-09-11 20:25:00,192.9,5,79,24.9,0,0,0
2026-09-11 20:30:00,192.7,6,78,22.7,0,90,70
2026-09-11 20:35:00,206.0,10,81,24.9,0,0,0
2026-09-11 20:40:00,219.2,7,78,28.0,0,0,0
2026-09-11 20:45:00,224.4,10,83,29.6,0,0,0
2026-09-11 20:50:00,231.7,7,84,29.5,0,0,0
2026-09-11 20:55:00,237.5,22,86,25.9,0,0,0
2026-09-11 21:00:00,239.5,12,78,29.1,0,0,0
2026-09-11 21:05:00,235.7,2,81,28.4,0,0,0
2026-09-11 21:10:00,233.1,12,78,29.8,0,0,0
2026-09-11 21:15:00,229.4,2,79,24.7,0,0,0
2026-09-11 21:20:00,226.7,9,77,27.4,0,0,0
2026-09-11 21:25:00,222.5,8,77,27.1,0,0,0
2026-09-11 21:30:00,218.4,15,74,27.3,0,0,0
2026-09-11 21:35:00,217.4,10,79,24.2,0,0,0
2026-09-11 21:40:00,215.2,1,76,26.4,0,0,0
2026-09-11 21:45:00,207.6,4,79,26.4,0,0,0
2026-09-11 21:50:00,199.6,6,80,25.1,0,0,0
2026-09-11 21:55:00,197.0,7,80,28.7,0,0,0
2026-09-11 22:00:00,191.7,12,83,27.6,0,0,0
2026-09-11 22:05:00,185.3,13,76,28.7,0,0,0
2026-09-11 22:10:00,178.8,8,79,27.7,0,0,0
2026-09-11 22:15:00,173.9,8,79,29.0,0,0,0
2026-09-11 22:20:00,170.3,24,79,23.7,0,0,0
2026-09-11 22:25:00,171.6,13,76,29.5,0,0,0
2026-09-11 22:30:00,165.0,7,77,27.5,0,0,0
2026-09-11 22:35:00,163.5,5,77,25.9,0,0,0
2026-09-11 22:40:00,162.2,14,77,25.0,0,0,0
2026-09-11 22:45:00,160.6,8,78,27.0,0,0,0
2026-09-11 22:50:00,159.6,2,76,24.3,0,0,0
2026-09-11 22:55:00,159.5,6,78,28.5,0,0,0
2026-09-11 23:00:00,155.6,12,79,28.2,0,0,0
2026-09-11 23:05:00,155.0,13,78,27.4,0,0,0
2026-09-11 23:10:00,153.2,1,80,27.7,0,0,0
2026-09-11 23:15:00,154.0,4,82,26.2,0,0,0
2026-09-11 23:20:00,150.4,3,80,25.0,0,0,0
2026-09-11 23:25:00,150.3,3,81,28.5,0,0,0
2026-09-11 23:30:00,148.7,9,78,25.2,0,0,0
2026-09-11 23:35:00,151.8,6,80,26.2,0,0,0
2026-09-11 23:40:00,147.1,7,78,25.9,0,0,0
2026-09-11 23:45:00,147.3,6,81,28.7,0,0,0
2026-09-11 23:50:00,145.6,9,79,26.1,0,0,0
2026-09-11 23:55:00,139.6,20,79,29.2,0,0,0
2026-09-12 00:00:00,140.5,5,76,25.0,0,0,0
2026-09-12 00:05:00,142.3,17,78,27.2,0,0,0
2026-09-12 00:10:00,145.0,10,74,25.7,0,0,0
2026-09-12 00:15:00,144.4,9,74,28.5,0,0,0
2026-09-12 00:20:00,140.4,11,78,28.3,0,0,0
2026-09-12 00:25:00,143.6,2,78,27.1,0,0,0
2026-09-12 00:30:00,144.8,5,77,25.6,0,0,0
2026-09-12 00:35:00,145.3,13,77,26.7,0,0,0
2026-09-12 00:40:00,146.4,7,79,28.0,0,0,0
2026-09-12 00:45:00,148.3,15,82,27.4,0,0,0
2026-09-12 00:50:00,147.1,8,80,30.3,0,0,0
2026-09-12 00:55:00,146.1,13,77,25.1,0,0,0
2026-09-12 01:00:00,143.3,5,78,28.8,0,0,0
2026-09-12 01:05:00,143.4,4,81,24.8,0,0,0
2026-09-12 01:10:00,148.3,15,79,27.5,0,0,0
2026-09-12 01:15:00,148.6,15,76,23.9,0,0,0
2026-09-12 01:20:00,149.2,9,81,29.2,0,0,0
2026-09-12 01:25:00,148.5,2,78,23.9,0,0,0
2026-09-12 01:30:00,151.7,7,77,27.9,0,0,0
2026-09-12 01:35:00,151.9,11,79,27.7,0,0,0
2026-09-12 01:40:00,156.3,5,78,28.9,0,0,0
2026-09-12 01:45:00,157.5,8,82,26.5,0,0,0
2026-09-12 01:50:00,157.8,7,80,27.6,0,0,0
2026-09-12 01:55:00,155.8,9,78,24.8,0,0,0
2026-09-12 02:00:00,154.9,9,74,27.8,0,0,0
2026-09-12 02:05:00,153.3,9,76,29.1,0,0,0
2026-09-12 02:10:00,151.6,8,81,26.1,0,0,0
2026-09-12 02:15:00,153.8,0,68,43.0,1,0,0
2026-09-12 02:20:00,153.3,0,69,44.3,1,0,0
2026-09-12 02:25:00,154.0,0,71,45.3,1,0,0
2026-09-12 02:30:00,188.2,0,72,42.0,1,0,0
2026-09-12 02:35:00,186.2,0,65,45.2,1,0,0
2026-09-12 02:40:00,185.9,0,70,43.6,1,0,0
2026-09-12 02:45:00,185.6,0,68,42.7,1,0,0
2026-09-12 02:50:00,186.5,0,71,43.8,1,0,0
2026-09-12 02:55:00,187.9,1,73,40.0,1,0,0
2026-09-12 03:00:00,187.7,0,68,45.4,1,0,0
2026-09-12 03:05:00,190.6,0,69,43.5,1,0,0
2026-09-12 03:10:00,192.0,0,69,42.5,1,0,0
2026-09-12 03:15:00,190.9,1,68,41.5,1,0,0
2026-09-12 03:20:00,187.8,0,70,42.9,1,0,0
2026-09-12 03:25:00,186.8,0,69,45.8,1,0,0
2026-09-12 03:30:00,183.2,0,69,45.5,1,0,0
2026-09-12 03:35:00,184.0,0,71,43.4,1,0,0
2026-09-12 03:40:00,183.8,0,70,45.1,1,0,0
2026-09-12 03:45:00,183.6,0,72,45.9,1,0,0
2026-09-12 03:50:00,187.8,0,69,43.1,1,0,0
2026-09-12 03:55:00,188.2,1,74,42.0,1,0,0
2026-09-12 04:00:00,191.2,1,68,42.2,1,0,0
2026-09-12 04:05:00,189.0,0,72,43.0,1,0,0
2026-09-12 04:10:00,189.1,0,71,42.5,1,0,0
2026-09-12 04:15:00,193.3,0,71,40.7,1,0,0
2026-09-12 04:20:00,195.6,1,72,47.4,1,0,0
2026-09-12 04:25:00,195.2,0,68,47.6,1,0,0
2026-09-12 04:30:00,195.7,0,68,40.0,1,0,0
2026-09-12 04:35:00,191.7,0,69,43.8,1,0,0
2026-09-12 04:40:00,192.0,0,70,45.7,1,0,0
2026-09-12 04:45:00,196.7,1,72,42.4,1,0,0
2026-09-12 04:50:00,194.1,0,74,46.5,1,0,0
2026-09-12 04:55:00,193.3,0,70,47.3,1,0,0
2026-09-12 05:00:00,195.3,0,71,44.2,1,0,0
2026-09-12 05:05:00,194.4,0,71,45.9,1,0,0
2026-09-12 05:10:00,191.2,0,73,46.4,1,0,0
2026-09-12 05:15:00,190.4,0,68,46.2,1,0,0
2026-09-12 05:20:00,191.7,1,72,41.1,1,0,0
2026-09-12 05:25:00,194.6,0,72,47.2,1,0,0
2026-09-12 05:30:00,198.4,1,70,46.7,1,0,0
2026-09-12 05:35:00,199.7,0,68,45.1,1,0,0
2026-09-12 05:40:00,198.0,0,77,42.4,1,0,0
2026-09-12 05:45:00,198.2,1,67,45.4,1,0,0
2026-09-12 05:50:00,197.9,1,72,42.9,1,0,0
2026-09-12 05:55:00,199.1,3,68,43.9,1,0,0
2026-09-12 06:00:00,201.0,1,70,40.7,1,0,0
2026-09-12 06:05:00,203.2,0,68,41.2,1,0,0
2026-09-12 06:10:00,197.2,0,68,43.5,1,0,0
2026-09-12 06:15:00,201.2,0,71,43.9,1,0,0
2026-09-12 06:20:00,200.6,1,69,44.0,1,0,0
2026-09-12 06:25:00,199.6,1,69,42.6,1,0,0
2026-09-12 06:30:00,199.9,0,73,45.1,1,0,0
2026-09-12 06:35:00,200.1,0,70,45.3,1,0,0
2026-09-12 06:40:00,198.4,7,81,27.2,0,0,0
2026-09-12 06:45:00,201.6,4,79,24.7,0,0,0
2026-09-12 06:50:00,201.3,6,77,24.1,0,0,0
2026-09-12 06:55:00,202.2,11,79,24.8,0,0,0
2026-09-12 07:00:00,203.0,13,79,27.2,0,0,0
2026-09-12 07:05:00,203.5,10,80,27.1,0,0,0
2026-09-12 07:10:00,198.5,11,81,26.8,0,0,0
2026-09-12 07:15:00,198.9,9,78,31.7,0,0,0
2026-09-12 07:20:00,196.1,4,75,27.5,0,0,0
2026-09-12 07:25:00,199.8,13,79,28.8,0,0,0
2026-09-12 07:30:00,197.9,9,81,24.1,0,0,0
2026-09-12 07:35:00,199.9,7,76,27.4,0,0,0
2026-09-12 07:40:00,200.2,12,78,27.9,0,0,0
2026-09-12 07:45:00,201.3,7,83,26.2,0,0,0
2026-09-12 07:50:00,196.4,4,75,28.4,0,0,0
2026-09-12 07:55:00,192.9,15,74,28.5,0,0,0
2026-09-12 08:00:00,195.4,14,81,27.1,0,0,0
2026-09-12 08:05:00,195.2,7,77,27.7,0,0,0
2026-09-12 08:10:00,197.4,9,78,26.6,0,0,0
2026-09-12 08:15:00,196.1,1,82,27.4,0,45,70
2026-09-12 08:20:00,198.7,5,81,25.7,0,0,0
2026-09-12 08:25:00,203.7,18,80,28.1,0,0,0
2026-09-12 08:30:00,207.5,9,82,28.8,0,0,0
2026-09-12 08:35:00,210.3,12,82,26.9,0,0,0
2026-09-12 08:40:00,208.5,1,79,26.9,0,0,0
2026-09-12 08:45:00,206.3,19,77,26.8,0,0,0
2026-09-12 08:50:00,205.7,15,81,27.7,0,0,0
2026-09-12 08:55:00,210.5,2,78,28.5,0,0,0
2026-09-12 09:00:00,209.7,8,77,25.3,0,0,0
2026-09-12 09:05:00,207.3,15,76,28.1,0,0,0
2026-09-12 09:10:00,205.3,447,109,26.9,0,0,0
2026-09-12 09:15:00,203.3,445,101,27.0,0,0,0
2026-09-12 09:20:00,203.1,450,107,27.3,0,0,0
2026-09-12 09:25:00,202.2,15,81,28.2,0,0,0
2026-09-12 09:30:00,201.1,7,80,26.3,0,0,0
2026-09-12 09:35:00,194.2,8,78,27.2,0,0,0
2026-09-12 09:40:00,190.3,17,80,27.7,0,0,0
2026-09-12 09:45:00,188.2,5,76,25.4,0,0,0
2026-09-12 09:50:00,187.3,7,81,27.0,0,0,0
2026-09-12 09:55:00,184.4,22,78,28.5,0,0,0
2026-09-12 10:00:00,183.5,15,81,23.6,0,0,0
2026-09-12 10:05:00,177.6,17,78,27.2,0,0,0
2026-09-12 10:10:00,173.7,2,79,25.6,0,0,0
2026-09-12 10:15:00,171.2,10,76,26.9,0,0,0
2026-09-12 10:20:00,171.4,10,80,27.4,0,0,0
2026-09-12 10:25:00,172.4,7,79,29.7,0,0,0
2026-09-12 10:30:00,169.5,3,80,25.0,0,0,0
2026-09-12 10:35:00,170.8,5,75,26.6,0,0,0
2026-09-12 10:40:00,171.2,12,78,25.0,0,0,0
2026-09-12 10:45:00,168.2,7,79,26.9,0,0,0
2026-09-12 10:50:00,169.1,12,78,27.4,0,0,0
2026-09-12 10:55:00,168.8,5,78,25.0,0,0,0
2026-09-12 11:00:00,167.3,6,79,27.7,0,0,0
2026-09-12 11:05:00,168.1,9,78,29.1,0,0,0
2026-09-12 11:10:00,169.6,10,78,28.1,0,0,0
2026-09-12 11:15:00,169.7,8,79,29.6,0,0,0
2026-09-12 11:20:00,169.8,7,81,24.7,0,0,0
2026-09-12 11:25:00,171.1,18,79,30.4,0,0,0
2026-09-12 11:30:00,171.5,13,78,26.9,0,0,0
2026-09-12 11:35:00,169.6,11,81,27.7,0,0,0
2026-09-12 11:40:00,169.3,4,78,26.2,0,0,0
2026-09-12 11:45:00,168.5,11,79,26.0,0,0,0
2026-09-12 11:50:00,167.2,8,79,26.8,0,0,0
2026-09-12 11:55:00,164.7,4,76,25.1,0,0,0
2026-09-12 12:00:00,167.2,5,77,28.1,0,0,0
2026-09-12 12:05:00,165.5,3,75,23.8,0,0,0
2026-09-12 12:10:00,165.7,19,80,25.8,0,0,0
2026-09-12 12:15:00,167.2,9,82,25.9,0,0,0
2026-09-12 12:20:00,164.0,4,77,26.5,0,0,0
2026-09-12 12:25:00,164.6,5,80,23.6,0,0,0
2026-09-12 12:30:00,163.7,3,77,24.9,0,0,0
2026-09-12 12:35:00,162.4,12,76,23.5,0,0,0
2026-09-12 12:40:00,166.3,10,81,25.8,0,0,0
2026-09-12 12:45:00,165.4,9,79,22.1,0,0,0
2026-09-12 12:50:00,162.4,5,78,25.3,0,0,0
2026-09-12 12:55:00,164.5,13,78,24.5,0,0,0
2026-09-12 13:00:00,166.0,6,81,25.8,0,0,0
2026-09-12 13:05:00,165.0,6,81,28.4,0,0,0
2026-09-12 13:10:00,166.9,10,78,30.2,0,0,0
2026-09-12 13:15:00,171.8,7,79,24.8,0,0,0
2026-09-12 13:20:00,168.2,19,82,32.1,0,103,70
2026-09-12 13:25:00,184.7,5,80,23.7,0,0,0
2026-09-12 13:30:00,204.1,2,80,27.6,0,0,0
2026-09-12 13:35:00,219.1,6,80,27.8,0,0,0
2026-09-12 13:40:00,234.7,6,81,28.5,0,0,0
2026-09-12 13:45:00,244.0,4,77,26.9,0,0,0
2026-09-12 13:50:00,248.2,10,78,25.2,0,0,0
2026-09-12 13:55:00,250.1,4,78,26.5,0,0,0
2026-09-12 14:00:00,256.1,11,77,26.9,0,0,0
2026-09-12 14:05:00,256.2,3,78,23.1,0,0,0
2026-09-12 14:10:00,253.3,15,79,23.0,0,0,0
2026-09-12 14:15:00,269.2,7,78,27.9,0,0,0
2026-09-12 14:20:00,263.5,8,80,26.0,0,0,0
2026-09-12 14:25:00,259.7,13,80,26.3,0,0,0
2026-09-12 14:30:00,258.1,6,80,29.0,0,0,0
2026-09-12 14:35:00,257.0,7,80,25.5,0,0,0
2026-09-12 14:40:00,255.7,3,79,29.5,0,0,0
2026-09-12 14:45:00,252.6,13,81,27.4,0,0,0
2026-09-12 14:50:00,254.0,6,82,25.5,0,0,0
2026-09-12 14:55:00,252.8,7,76,26.2,0,0,0
2026-09-12 15:00:00,251.3,22,81,28.2,0,0,0
2026-09-12 15:05:00,246.4,6,78,28.5,0,0,0
2026-09-12 15:10:00,243.2,6,77,25.0,0,0,0
2026-09-12 15:15:00,241.7,19,76,28.0,0,0,0
2026-09-12 15:20:00,238.4,3,79,27.5,0,0,0
2026-09-12 15:25:00,233.8,13,83,23.9,0,0,0
2026-09-12 15:30:00,228.8,5,75,20.5,0,0,0
2026-09-12 15:35:00,225.3,10,79,25.8,0,0,0
2026-09-12 15:40:00,221.4,12,76,28.3,0,0,0
2026-09-12 15:45:00,218.9,7,78,25.7,0,0,0
2026-09-12 15:50:00,220.9,7,76,26.5,0,0,0
2026-09-12 15:55:00,217.2,6,79,29.8,0,0,0
2026-09-12 16:00:00,212.6,11,81,30.1,0,0,0
2026-09-12 16:05:00,212.5,12,77,22.7,0,0,0
2026-09-12 16:10:00,209.7,6,78,30.1,0,0,0
2026-09-12 16:15:00,209.5,6,80,27.2,0,0,0
2026-09-12 16:20:00,207.7,8,76,28.0,0,0,0
2026-09-12 16:25:00,205.9,7,79,26.9,0,0,0
2026-09-12 16:30:00,206.2,6,83,28.6,0,0,0
2026-09-12 16:35:00,205.8,6,79,28.8,0,0,0
2026-09-12 16:40:00,204.1,10,76,26.7,0,0,0
2026-09-12 16:45:00,205.1,3,76,28.8,0,0,0
2026-09-12 16:50:00,204.2,3,77,27.2,0,0,0
2026-09-12 16:55:00,201.5,8,78,26.9,0,0,0
2026-09-12 17:00:00,200.7,4,81,30.2,0,0,0
2026-09-12 17:05:00,203.9,13,75,28.0,0,0,0
2026-09-12 17:10:00,204.0,19,79,27.9,0,0,0
2026-09-12 17:15:00,202.4,14,80,26.2,0,27,65
2026-09-12 17:20:00,203.1,7,77,28.2,0,0,0
2026-09-12 17:25:00,209.4,6,82,27.3,0,0,0
2026-09-12 17:30:00,211.9,5,83,27.3,0,0,0
2026-09-12 17:35:00,215.7,8,84,30.4,0,0,0
2026-09-12 17:40:00,214.8,8,81,28.6,0,0,0
2026-09-12 17:45:00,215.4,7,83,30.3,0,0,0
2026-09-12 17:50:00,215.1,24,82,25.7,0,0,0
2026-09-12 17:55:00,213.8,16,76,26.8,0,0,0
2026-09-12 18:00:00,215.5,11,78,26.5,0,0,0
2026-09-12 18:05:00,212.7,4,74,26.5,0,0,0
2026-09-12 18:10:00,209.0,10,83,21.9,0,0,0
2026-09-12 18:15:00,206.4,5,76,24.6,0,0,0
2026-09-12 18:20:00,201.0,8,80,27.1,0,0,0
2026-09-12 18:25:00,200.7,9,78,29.1,0,0,0
2026-09-12 18:30:00,198.4,6,78,26.9,0,0,0
2026-09-12 18:35:00,197.7,8,83,28.0,0,0,0
2026-09-12 18:40:00,199.1,5,77,27.3,0,0,0
2026-09-12 18:45:00,194.0,3,73,28.5,0,0,0
2026-09-12 18:50:00,193.1,16,78,25.2,0,0,0
2026-09-12 18:55:00,193.0,9,78,26.3,0,0,0
2026-09-12 19:00:00,189.2,10,80,27.4,0,0,0
2026-09-12 19:05:00,190.0,10,79,22.8,0,0,0
2026-09-12 19:10:00,191.1,4,77,27.5,0,0,0
2026-09-12 19:15:00,188.1,29,80,24.5,0,0,0
2026-09-12 19:20:00,187.4,6,78,27.3,0,0,0
2026-09-12 19:25:00,186.7,19,79,28.4,0,0,0
2026-09-12 19:30:00,187.0,3,75,29.6,0,0,0
2026-09-12 19:35:00,189.6,4,75,30.7,0,0,0
2026-09-12 19:40:00,185.7,3,77,27.6,0,0,0
2026-09-12 19:45:00,184.0,5,83,24.2,0,0,0
2026-09-12 19:50:00,183.1,10,80,27.4,0,0,0
2026-09-12 19:55:00,181.6,8,80,26.5,0,0,0
2026-09-12 20:00:00,186.4,7,80,24.2,0,0,0
2026-09-12 20:05:00,184.2,10,80,26.7,0,0,0
2026-09-12 20:10:00,185.6,9,79,26.5,0,0,0
2026-09-12 20:15:00,185.4,3,81,23.3,0,0,0
2026-09-12 20:20:00,185.5,14,75,24.1,0,0,0
2026-09-12 20:25:00,186.7,6,80,27.9,0,0,0
2026-09-12 20:30:00,186.6,11,79,24.6,0,0,0
2026-09-12 20:35:00,186.9,5,78,24.8,0,0,0
2026-09-12 20:40:00,186.9,7,82,29.3,0,0,0
2026-09-12 20:45:00,187.8,16,79,27.1,0,0,0
2026-09-12 20:50:00,188.0,3,76,28.1,0,0,0
2026-09-12 20:55:00,188.2,7,76,26.1,0,0,0
2026-09-12 21:00:00,188.3,9,82,27.2,0,0,0
2026-09-12 21:05:00,183.3,7,79,24.9,0,0,0
2026-09-12 21:10:00,179.6,5,77,25.7,0,0,0
2026-09-12 21:15:00,175.5,9,80,27.8,0,0,0
2026-09-12 21:20:00,171.9,5,76,28.0,0,0,0
2026-09-12 21:25:00,169.0,4,76,26.5,0,0,0
2026-09-12 21:30:00,163.9,11,75,27.7,0,0,0
2026-09-12 21:35:00,162.1,6,81,25.0,0,0,0
2026-09-12 21:40:00,158.3,8,84,24.9,0,0,0
2026-09-12 21:45:00,154.7,10,79,27.0,0,0,0
2026-09-12 21:50:00,155.5,3,76,24.3,0,0,0
2026-09-12 21:55:00,152.5,6,79,29.1,0,0,0
2026-09-12 22:00:00,152.0,11,79,24.1,0,0,0
2026-09-12 22:05:00,151.1,8,82,29.9,0,0,0
2026-09-12 22:10:00,152.2,3,75,26.2,0,0,0
2026-09-12 22:15:00,145.0,3,82,23.1,0,0,0
2026-09-12 22:20:00,144.2,3,75,31.4,0,0,0
2026-09-12 22:25:00,142.0,7,79,29.3,0,0,0
2026-09-12 22:30:00,141.2,10,79,24.8,0,0,0
2026-09-12 22:35:00,144.4,3,80,25.3,0,0,0
2026-09-12 22:40:00,145.9,4,79,21.0,0,0,0
2026-09-12 22:45:00,144.7,8,81,25.9,0,0,0
2026-09-12 22:50:00,145.7,4,84,29.7,0,0,0
2026-09-12 22:55:00,145.5,9,83,29.0,0,0,0
2026-09-12 23:00:00,148.8,12,77,24.8,0,0,0
2026-09-12 23:05:00,149.1,2,76,29.4,0,0,0
2026-09-12 23:10:00,148.4,9,78,27.2,0,0,0
2026-09-12 23:15:00,157.3,6,80,28.8,0,0,0
2026-09-12 23:20:00,160.3,11,77,29.0,0,0,0
2026-09-12 23:25:00,160.2,9,77,27.8,0,0,0
2026-09-12 23:30:00,164.6,11,73,25.3,0,0,0
2026-09-12 23:35:00,165.0,9,79,28.8,0,0,0
2026-09-12 23:40:00,163.0,23,78,28.9,0,0,0
2026-09-12 23:45:00,164.4,7,76,27.4,0,0,0
2026-09-12 23:50:00,164.6,5,78,26.8,0,0,0
2026-09-12 23:55:00,166.0,8,77,27.9,0,0,0
2026-09-13 00:00:00,171.0,5,76,27.8,0,0,0
2026-09-13 00:05:00,169.3,19,78,24.3,0,0,0
2026-09-13 00:10:00,171.9,9,76,21.5,0,0,0
2026-09-13 00:15:00,172.4,3,80,24.7,0,0,0
2026-09-13 00:20:00,171.6,7,80,25.9,0,0,0
2026-09-13 00:25:00,172.6,10,75,24.5,0,0,0
2026-09-13 00:30:00,173.9,4,76,29.1,0,0,0
2026-09-13 00:35:00,174.9,7,77,25.9,0,0,0
2026-09-13 00:40:00,173.0,3,76,26.8,0,0,0
2026-09-13 00:45:00,173.6,16,81,27.3,0,0,0
2026-09-13 00:50:00,172.8,9,77,30.4,0,0,0
2026-09-13 00:55:00,174.1,12,78,26.3,0,0,0
2026-09-13 01:00:00,172.2,10,77,27.1,0,0,0
2026-09-13 01:05:00,171.9,14,76,28.1,0,0,0
2026-09-13 01:10:00,172.8,5,77,25.5,0,0,0
2026-09-13 01:15:00,171.3,8,75,28.4,0,0,0
2026-09-13 01:20:00,172.4,1,72,41.3,1,0,0
2026-09-13 01:25:00,170.3,0,71,41.7,1,0,0
2026-09-13 01:30:00,173.2,0,67,45.8,1,0,0
2026-09-13 01:35:00,170.9,0,72,43.4,1,0,0
2026-09-13 01:40:00,173.1,0,70,43.3,1,0,0
2026-09-13 01:45:00,174.3,1,71,41.8,1,0,0
2026-09-13 01:50:00,176.7,0,68,38.8,1,0,0
2026-09-13 01:55:00,180.3,0,69,41.6,1,0,0
2026-09-13 02:00:00,179.4,1,70,42.9,1,0,0
2026-09-13 02:05:00,179.9,0,69,41.0,1,0,0
2026-09-13 02:10:00,178.0,1,68,42.4,1,0,0
2026-09-13 02:15:00,179.1,0,75,42.0,1,0,0
2026-09-13 02:20:00,180.0,0,67,39.5,1,0,0
2026-09-13 02:25:00,177.1,0,68,41.1,1,0,0
2026-09-13 02:30:00,174.7,0,70,41.7,1,0,0
2026-09-13 02:35:00,176.1,0,74,40.5,1,0,0
2026-09-13 02:40:00,177.0,0,72,38.0,1,0,0
2026-09-13 02:45:00,176.9,0,69,41.9,1,0,0
2026-09-13 02:50:00,176.8,0,65,39.9,1,0,0
2026-09-13 02:55:00,177.5,1,69,41.7,1,0,0
2026-09-13 03:00:00,190.4,1,69,38.8,1,0,0
2026-09-13 03:05:00,193.2,1,71,39.3,1,0,0
2026-09-13 03:10:00,196.7,0,72,44.2,1,0,0
2026-09-13 03:15:00,194.3,0,67,43.8,1,0,0
2026-09-13 03:20:00,194.0,1,68,42.0,1,0,0
2026-09-13 03:25:00,191.2,0,70,45.2,1,0,0
2026-09-13 03:30:00,192.7,0,67,45.3,1,0,0
2026-09-13 03:35:00,190.7,0,71,40.0,1,0,0
2026-09-13 03:40:00,194.1,0,70,43.0,1,0,0
2026-09-13 03:45:00,192.8,1,65,42.4,1,0,0
2026-09-13 03:50:00,194.0,1,70,43.0,1,0,0
2026-09-13 03:55:00,197.6,0,69,40.8,1,0,0
2026-09-13 04:00:00,197.6,0,70,40.7,1,0,0
2026-09-13 04:05:00,195.6,0,69,42.2,1,0,0
2026-09-13 04:10:00,196.2,0,73,43.9,1,0,0
2026-09-13 04:15:00,200.1,0,67,40.0,1,0,0
2026-09-13 04:20:00,199.8,0,66,41.1,1,0,0
2026-09-13 04:25:00,200.1,0,70,37.5,1,0,0
2026-09-13 04:30:00,202.2,0,66,43.1,1,0,0
2026-09-13 04:35:00,204.8,0,67,45.5,1,0,0
2026-09-13 04:40:00,200.9,0,68,41.0,1,0,0
2026-09-13 04:45:00,201.2,0,68,39.7,1,0,0
2026-09-13 04:50:00,199.9,1,73,42.5,1,0,0
2026-09-13 04:55:00,200.1,0,76,43.6,1,0,0
2026-09-13 05:00:00,200.0,0,70,37.7,1,0,0
2026-09-13 05:05:00,200.7,0,67,41.5,1,0,0
2026-09-13 05:10:00,203.9,0,71,42.8,1,0,0
2026-09-13 05:15:00,204.5,0,70,44.7,1,0,0
2026-09-13 05:20:00,204.2,0,69,42.4,1,0,0
2026-09-13 05:25:00,204.1,1,68,41.7,1,0,0
2026-09-13 05:30:00,205.5,0,70,40.7,1,0,0
2026-09-13 05:35:00,209.8,0,69,40.8,1,0,0
2026-09-13 05:40:00,209.6,0,67,43.5,1,0,0
2026-09-13 05:45:00,207.7,0,71,41.3,1,0,0
2026-09-13 05:50:00,205.7,0,72,42.7,1,0,0
2026-09-13 05:55:00,204.9,0,70,40.7,1,0,0
2026-09-13 06:00:00,203.8,1,72,38.4,1,0,0
2026-09-13 06:05:00,202.8,0,70,41.6,1,0,0
2026-09-13 06:10:00,203.8,0,68,42.1,1,0,0
2026-09-13 06:15:00,201.5,0,68,42.5,1,0,0
2026-09-13 06:20:00,200.7,0,69,43.3,1,0,0
2026-09-13 06:25:00,200.7,0,72,42.4,1,0,0
2026-09-13 06:30:00,199.3,0,73,41.2,1,0,0
2026-09-13 06:35:00,203.5,5,79,25.6,0,0,0
2026-09-13 06:40:00,200.4,6,79,26.5,0,0,0
2026-09-13 06:45:00,199.7,7,77,22.4,0,0,0
2026-09-13 06:50:00,199.7,6,79,28.3,0,0,0
2026-09-13 06:55:00,199.8,8,76,23.1,0,0,0
2026-09-13 07:00:00,200.0,3,79,25.4,0,0,0
2026-09-13 07:05:00,199.1,6,80,22.7,0,0,0
2026-09-13 07:10:00,196.9,23,81,27.9,0,0,0
2026-09-13 07:15:00,196.7,6,78,24.8,0,0,0
2026-09-13 07:20:00,194.9,8,77,28.4,0,0,0
2026-09-13 07:25:00,194.9,13,76,26.5,0,0,0
2026-09-13 07:30:00,196.3,4,78,26.8,0,0,0
2026-09-13 07:35:00,199.5,9,77,26.4,0,0,0
2026-09-13 07:40:00,199.2,14,78,24.8,0,0,0
2026-09-13 07:45:00,200.7,8,77,22.9,0,0,0
2026-09-13 07:50:00,200.4,11,82,28.0,0,0,0
2026-09-13 07:55:00,202.5,11,79,25.4,0,0,0
2026-09-13 08:00:00,202.6,11,79,24.9,0,0,0
2026-09-13 08:05:00,202.6,12,78,24.0,0,0,0
2026-09-13 08:10:00,203.5,2,79,25.7,0,0,0
2026-09-13 08:15:00,204.5,2,81,26.7,0,0,0
2026-09-13 08:20:00,203.3,2,73,28.1,0,0,0
2026-09-13 08:25:00,205.0,3,79,24.9,0,0,0
2026-09-13 08:30:00,202.7,11,80,26.6,0,0,0
2026-09-13 08:35:00,203.1,8,80,30.4,0,66,78
2026-09-13 08:40:00,218.6,7,84,27.0,0,0,0
2026-09-13 08:45:00,227.0,15,86,30.2,0,0,0
2026-09-13 08:50:00,234.3,4,81,23.4,0,0,0
2026-09-13 08:55:00,239.8,13,82,25.7,0,0,0
2026-09-13 09:00:00,241.4,9,80,24.9,0,0,0
2026-09-13 09:05:00,242.8,8,78,26.0,0,0,0
2026-09-13 09:10:00,238.6,5,78,27.8,0,0,0
2026-09-13 09:15:00,235.6,7,82,27.0,0,0,0
2026-09-13 09:20:00,232.5,4,78,26.1,0,0,0
2026-09-13 09:25:00,228.0,10,77,26.1,0,0,0
2026-09-13 09:30:00,221.9,10,81,26.8,0,0,0
2026-09-13 09:35:00,217.1,4,77,28.2,0,0,0
2026-09-13 09:40:00,216.0,10,76,29.0,0,0,0
2026-09-13 09:45:00,211.7,12,77,26.7,0,0,0
2026-09-13 09:50:00,206.9,15,77,27.0,0,0,0
2026-09-13 09:55:00,197.5,13,78,26.1,0,0,0
2026-09-13 10:00:00,192.4,9,77,25.1,0,0,0
2026-09-13 10:05:00,187.6,21,79,23.4,0,0,0
2026-09-13 10:10:00,188.6,8,78,29.7,0,0,0
2026-09-13 10:15:00,186.1,11,79,28.1,0,0,0
2026-09-13 10:20:00,180.6,5,79,26.4,0,0,0
2026-09-13 10:25:00,178.2,5,77,26.6,0,0,0
2026-09-13 10:30:00,176.2,6,78,23.0,0,0,0
2026-09-13 10:35:00,173.8,22,84,26.8,0,0,0
2026-09-13 10:40:00,171.8,11,75,25.0,0,0,0
2026-09-13 10:45:00,166.3,13,78,30.4,0,0,0
2026-09-13 10:50:00,165.7,11,79,27.3,0,0,0
2026-09-13 10:55:00,163.2,7,79,21.4,0,0,0
2026-09-13 11:00:00,162.7,13,79,21.7,0,0,0
2026-09-13 11:05:00,161.3,16,80,26.2,0,0,0
2026-09-13 11:10:00,162.3,7,77,27.5,0,0,0
2026-09-13 11:15:00,160.0,17,80,24.6,0,0,0
2026-09-13 11:20:00,156.0,8,80,25.3,0,0,0
2026-09-13 11:25:00,157.5,11,80,26.5,0,0,0
2026-09-13 11:30:00,156.7,2,75,22.7,0,0,0
2026-09-13 11:35:00,156.8,6,78,27.9,0,0,0
2026-09-13 11:40:00,151.4,12,78,25.0,0,0,0
2026-09-13 11:45:00,149.1,9,79,26.3,0,0,0
2026-09-13 11:50:00,149.6,18,77,25.6,0,0,0
2026-09-13 11:55:00,151.0,11,76,29.8,0,0,0
2026-09-13 12:00:00,148.1,9,80,24.8,0,0,0
2026-09-13 12:05:00,147.3,9,78,29.1,0,0,0
2026-09-13 12:10:00,147.9,10,79,28.5,0,0,0
2026-09-13 12:15:00,145.3,9,79,28.8,0,0,0
2026-09-13 12:20:00,146.1,12,79,30.6,0,0,0
2026-09-13 12:25:00,147.9,10,78,27.1,0,0,0
2026-09-13 12:30:00,149.3,12,78,25.4,0,0,0
2026-09-13 12:35:00,152.6,9,80,28.2,0,0,0
2026-09-13 12:40:00,155.0,13,81,27.1,0,0,0
2026-09-13 12:45:00,155.8,7,80,25.5,0,0,0
2026-09-13 12:50:00,158.9,7,76,24.8,0,0,0
2026-09-13 12:55:00,162.0,11,78,24.3,0,0,0
2026-09-13 13:00:00,163.8,22,80,27.3,0,0,0
2026-09-13 13:05:00,165.5,6,76,24.7,0,0,0
2026-09-13 13:10:00,166.6,5,80,27.2,0,0,0
2026-09-13 13:15:00,165.8,7,76,22.2,0,0,0
2026-09-13 13:20:00,164.8,9,82,29.0,0,0,0
2026-09-13 13:25:00,165.2,7,78,28.5,0,0,0
2026-09-13 13:30:00,162.6,5,75,28.5,0,0,0
2026-09-13 13:35:00,160.9,11,77,24.4,0,0,0
2026-09-13 13:40:00,163.0,3,80,28.4,0,0,0
2026-09-13 13:45:00,159.4,10,79,24.7,0,0,0
2026-09-13 13:50:00,160.9,5,79,26.2,0,0,0
2026-09-13 13:55:00,161.3,10,78,28.9,0,0,0
2026-09-13 14:00:00,158.2,11,79,27.9,0,0,0
2026-09-13 14:05:00,157.6,11,76,29.3,0,0,0
2026-09-13 14:10:00,154.9,14,78,28.6,0,0,0
2026-09-13 14:15:00,155.5,2,73,26.4,0,0,0
2026-09-13 14:20:00,157.6,5,82,27.6,0,84,75
2026-09-13 14:25:00,173.3,4,83,27.1,0,0,0
2026-09-13 14:30:00,188.3,6,81,24.4,0,0,0
2026-09-13 14:35:00,225.5,4,80,27.6,0,0,0
2026-09-13 14:40:00,232.5,11,81,25.0,0,0,0
2026-09-13 14:45:00,240.0,5,81,21.9,0,0,0
2026-09-13 14:50:00,239.1,5,78,28.8,0,0,0
2026-09-13 14:55:00,239.0,12,79,26.1,0,0,0
2026-09-13 15:00:00,235.9,6,79,28.9,0,0,0
2026-09-13 15:05:00,232.8,10,77,27.7,0,0,0
2026-09-13 15:10:00,232.1,12,79,26.0,0,0,0
2026-09-13 15:15:00,227.3,9,79,24.2,0,0,0
2026-09-13 15:20:00,219.1,17,78,25.3,0,0,0
2026-09-13 15:25:00,216.2,389,102,25.6,0,0,0
2026-09-13 15:30:00,213.7,384,99,25.8,0,0,0
2026-09-13 15:35:00,206.3,379,102,22.6,0,0,0
2026-09-13 15:40:00,204.7,385,105,29.1,0,0,0
2026-09-13 15:45:00,198.4,3,80,26.8,0,0,0
2026-09-13 15:50:00,201.0,5,74,25.1,0,0,0
2026-09-13 15:55:00,199.6,6,74,26.6,0,0,0
2026-09-13 16:00:00,193.3,8,80,27.7,0,0,0
2026-09-13 16:05:00,187.4,16,79,26.5,0,0,0
2026-09-13 16:10:00,187.3,15,78,24.9,0,0,0
2026-09-13 16:15:00,187.6,8,78,25.6,0,0,0
2026-09-13 16:20:00,185.4,6,74,24.6,0,0,0
2026-09-13 16:25:00,181.5,14,76,24.3,0,0,0
2026-09-13 16:30:00,176.1,3,84,26.5,0,23,65
2026-09-13 16:35:00,177.6,8,82,27.4,0,0,0
2026-09-13 16:40:00,176.7,6,84,25.6,0,0,0
2026-09-13 16:45:00,177.1,10,82,27.0,0,0,0
2026-09-13 16:50:00,173.1,15,84,29.2,0,0,0
2026-09-13 16:55:00,173.6,15,81,26.6,0,0,0
2026-09-13 17:00:00,171.7,13,78,27.4,0,0,0
2026-09-13 17:05:00,165.6,7,77,27.9,0,0,0
2026-09-13 17:10:00,162.3,4,80,27.9,0,0,0
2026-09-13 17:15:00,157.1,7,74,28.3,0,0,0
2026-09-13 17:20:00,154.5,5,81,25.8,0,0,0
2026-09-13 17:25:00,147.6,7,80,24.9,0,0,0
2026-09-13 17:30:00,144.7,6,79,30.2,0,0,0
2026-09-13 17:35:00,144.5,16,78,27.8,0,0,0
2026-09-13 17:40:00,146.3,6,78,27.2,0,0,0
2026-09-13 17:45:00,145.8,13,78,27.4,0,0,0
2026-09-13 17:50:00,140.6,4,79,27.9,0,0,0
2026-09-13 17:55:00,141.9,7,78,27.2,0,0,0
2026-09-13 18:00:00,142.9,15,78,27.7,0,0,0
2026-09-13 18:05:00,143.5,8,77,25.9,0,0,0
2026-09-13 18:10:00,141.2,17,80,25.7,0,0,0
2026-09-13 18:15:00,141.0,13,78,28.3,0,0,0
2026-09-13 18:20:00,142.2,4,78,25.7,0,0,0
2026-09-13 18:25:00,143.0,11,80,25.0,0,0,0
2026-09-13 18:30:00,143.4,16,78,25.5,0,0,0
2026-09-13 18:35:00,140.9,12,83,27.1,0,0,0
2026-09-13 18:40:00,142.5,6,77,28.9,0,0,0
2026-09-13 18:45:00,145.3,6,77,31.4,0,0,0
2026-09-13 18:50:00,147.1,10,78,25.6,0,0,0
2026-09-13 18:55:00,146.4,15,78,24.8,0,0,0
2026-09-13 19:00:00,148.3,0,76,25.8,0,0,0
2026-09-13 19:05:00,150.3,3,73,24.3,0,0,0
2026-09-13 19:10:00,147.3,8,80,25.9,0,0,0
2026-09-13 19:15:00,148.0,11,78,25.9,0,0,0
2026-09-13 19:20:00,149.4,7,77,27.4,0,0,0
2026-09-13 19:25:00,153.4,27,78,26.9,0,0,0
2026-09-13 19:30:00,152.2,8,77,24.2,0,0,0
2026-09-13 19:35:00,149.9,1,78,23.0,0,0,0
2026-09-13 19:40:00,152.9,5,77,27.3,0,0,0
2026-09-13 19:45:00,153.5,10,73,30.3,0,0,0
2026-09-13 19:50:00,151.2,11,76,28.8,0,0,0
2026-09-13 19:55:00,153.5,10,78,25.4,0,0,0
2026-09-13 20:00:00,152.3,10,79,24.0,0,0,0
2026-09-13 20:05:00,151.9,18,77,28.2,0,0,0
2026-09-13 20:10:00,153.6,9,78,27.7,0,0,0
2026-09-13 20:15:00,154.9,30,81,27.5,0,0,0
2026-09-13 20:20:00,189.4,15,73,25.4,0,0,0
2026-09-13 20:25:00,188.0,6,77,24.9,0,0,0
2026-09-13 20:30:00,188.0,10,78,27.8,0,0,0
2026-09-13 20:35:00,186.7,19,81,24.9,0,0,0
2026-09-13 20:40:00,186.0,5,76,22.8,0,0,0
2026-09-13 20:45:00,185.3,6,77,29.4,0,0,0
2026-09-13 20:50:00,185.0,14,84,23.8,0,102,70
2026-09-13 20:55:00,199.8,4,85,24.8,0,0,0
2026-09-13 21:00:00,216.5,11,82,22.9,0,0,0
2026-09-13 21:05:00,223.5,4,83,29.7,0,0,0
2026-09-13 21:10:00,232.8,3,81,23.2,0,0,0
2026-09-13 21:15:00,233.6,4,84,25.6,0,0,0
2026-09-13 21:20:00,234.0,21,76,27.4,0,0,0
2026-09-13 21:25:00,235.0,6,80,25.3,0,0,0
2026-09-13 21:30:00,233.0,8,75,29.0,0,0,0
2026-09-13 21:35:00,228.4,5,78,24.3,0,0,0
2026-09-13 21:40:00,225.3,4,79,24.9,0,0,0
2026-09-13 21:45:00,223.0,8,79,27.7,0,0,0
2026-09-13 21:50:00,217.7,7,78,26.9,0,0,0
2026-09-13 21:55:00,214.3,4,78,28.4,0,0,0
2026-09-13 22:00:00,209.7,8,78,25.4,0,0,0
2026-09-13 22:05:00,204.5,11,78,30.4,0,0,0
2026-09-13 22:10:00,198.2,6,80,28.5,0,0,0
2026-09-13 22:15:00,193.8,8,77,25.1,0,0,0
2026-09-13 22:20:00,187.9,6,81,26.4,0,0,0
2026-09-13 22:25:00,184.0,9,79,27.4,0,0,0
2026-09-13 22:30:00,191.6,8,77,26.6,0,0,0
2026-09-13 22:35:00,185.8,9,82,30.5,0,0,0
2026-09-13 22:40:00,179.1,4,82,27.4,0,0,0
2026-09-13 22:45:00,176.9,6,78,23.4,0,0,0
2026-09-13 22:50:00,173.8,8,80,26.4,0,0,0
2026-09-13 22:55:00,170.1,7,80,27.0,0,0,0
2026-09-13 23:00:00,167.2,11,81,28.7,0,0,0
2026-09-13 23:05:00,164.1,8,81,24.7,0,0,0
2026-09-13 23:10:00,164.4,15,81,27.7,0,0,0
2026-09-13 23:15:00,160.8,3,76,30.2,0,0,0
2026-09-13 23:20:00,155.0,4,79,26.8,0,0,0
2026-09-13 23:25:00,156.2,13,82,25.5,0,0,0
2026-09-13 23:30:00,153.7,8,80,25.4,0,0,0
2026-09-13 23:35:00,149.2,3,78,27.4,0,0,0
2026-09-13 23:40:00,145.4,10,78,24.6,0,0,0
2026-09-13 23:45:00,147.0,15,79,26.6,0,0,0
2026-09-13 23:50:00,145.4,7,74,26.3,0,0,0
2026-09-13 23:55:00,144.4,7,78,27.7,0,0,0
2026-09-14 00:00:00,138.4,5,81,24.9,0,0,0
2026-09-14 00:05:00,135.8,7,78,25.4,0,0,0
2026-09-14 00:10:00,132.5,7,75,29.5,0,0,0
2026-09-14 00:15:00,129.6,11,78,30.0,0,0,0
2026-09-14 00:20:00,131.8,2,81,27.5,0,0,0
2026-09-14 00:25:00,136.6,3,79,27.7,0,0,0
2026-09-14 00:30:00,135.4,7,81,24.7,0,0,0
2026-09-14 00:35:00,135.5,14,82,25.6,0,0,0
2026-09-14 00:40:00,137.6,13,81,25.0,0,0,0
2026-09-14 00:45:00,138.7,3,81,28.9,0,0,0
2026-09-14 00:50:00,137.9,20,82,31.4,0,0,0
2026-09-14 00:55:00,140.9,1,79,25.2,0,0,0
2026-09-14 01:00:00,140.4,3,77,28.0,0,0,0
2026-09-14 01:05:00,139.2,6,76,27.4,0,0,0
2026-09-14 01:10:00,138.1,7,80,30.0,0,0,0
2026-09-14 01:15:00,135.3,10,80,24.8,0,0,0
2026-09-14 01:20:00,136.3,2,76,31.8,0,0,0
2026-09-14 01:25:00,139.7,10,78,23.9,0,0,0
2026-09-14 01:30:00,141.8,13,78,31.1,0,0,0
2026-09-14 01:35:00,141.2,1,69,41.9,1,0,0
2026-09-14 01:40:00,146.5,0,70,45.3,1,0,0
2026-09-14 01:45:00,144.3,0,73,44.8,1,0,0
2026-09-14 01:50:00,145.5,0,70,47.5,1,0,0
2026-09-14 01:55:00,145.8,0,70,45.1,1,0,0
2026-09-14 02:00:00,144.8,0,69,45.5,1,0,0
2026-09-14 02:05:00,144.9,0,69,45.1,1,0,0
2026-09-14 02:10:00,145.3,0,72,45.1,1,0,0
2026-09-14 02:15:00,145.6,0,71,43.7,1,0,0
2026-09-14 02:20:00,149.4,1,65,46.3,1,0,0
2026-09-14 02:25:00,149.6,1,65,40.4,1,0,0
2026-09-14 02:30:00,151.2,1,71,41.8,1,0,0
2026-09-14 02:35:00,155.5,0,72,43.8,1,0,0
2026-09-14 02:40:00,156.9,0,69,46.2,1,0,0
2026-09-14 02:45:00,155.4,0,67,44.1,1,0,0
2026-09-14 02:50:00,194.5,0,68,42.3,1,0,0
2026-09-14 02:55:00,195.3,1,67,42.3,1,0,0
2026-09-14 03:00:00,193.3,0,68,42.7,1,0,0
2026-09-14 03:05:00,192.7,1,72,45.9,1,0,0
2026-09-14 03:10:00,196.4,2,73,43.9,1,0,0
2026-09-14 03:15:00,197.7,0,66,41.5,1,0,0
2026-09-14 03:20:00,195.7,0,74,45.8,1,0,0
2026-09-14 03:25:00,201.2,0,71,43.3,1,0,0
2026-09-14 03:30:00,201.2,1,73,45.6,1,0,0
2026-09-14 03:35:00,196.7,0,69,46.2,1,0,0
2026-09-14 03:40:00,193.8,1,65,42.8,1,0,0
2026-09-14 03:45:00,194.6,0,69,44.0,1,0,0
2026-09-14 03:50:00,193.0,0,69,45.1,1,0,0
2026-09-14 03:55:00,195.1,1,67,44.3,1,0,0
2026-09-14 04:00:00,195.0,0,75,46.1,1,0,0
2026-09-14 04:05:00,197.5,0,71,44.1,1,0,0
2026-09-14 04:10:00,193.6,0,67,41.2,1,0,0
2026-09-14 04:15:00,192.7,0,67,43.4,1,0,0
2026-09-14 04:20:00,194.8,0,74,47.1,1,0,0
2026-09-14 04:25:00,194.1,0,71,44.2,1,0,0
2026-09-14 04:30:00,196.5,2,68,42.5,1,0,0
2026-09-14 04:35:00,198.1,0,71,41.5,1,0,0
2026-09-14 04:40:00,200.3,0,67,47.7,1,0,0
2026-09-14 04:45:00,201.6,0,69,43.5,1,0,0
2026-09-14 04:50:00,202.0,2,73,42.0,1,0,0
2026-09-14 04:55:00,201.4,0,72,44.7,1,0,0
2026-09-14 05:00:00,201.3,0,74,46.5,1,0,0
2026-09-14 05:05:00,201.1,0,73,44.1,1,0,0
2026-09-14 05:10:00,198.6,0,71,44.4,1,0,0
2026-09-14 05:15:00,199.8,0,67,41.9,1,0,0
2026-09-14 05:20:00,197.9,1,74,41.2,1,0,0
2026-09-14 05:25:00,200.2,0,72,45.8,1,0,0
2026-09-14 05:30:00,201.4,0,68,45.7,1,0,0
2026-09-14 05:35:00,198.9,0,72,43.8,1,0,0
2026-09-14 05:40:00,198.0,0,68,40.4,1,0,0
2026-09-14 05:45:00,197.4,0,70,45.5,1,0,0
2026-09-14 05:50:00,198.0,1,72,45.8,1,0,0
2026-09-14 05:55:00,198.4,0,68,47.1,1,0,0
2026-09-14 06:00:00,198.9,0,72,44.2,1,0,0
2026-09-14 06:05:00,199.3,1,71,41.9,1,0,0
2026-09-14 06:10:00,199.4,0,70,42.7,1,0,0
2026-09-14 06:15:00,197.6,0,72,46.3,1,0,0
2026-09-14 06:20:00,197.4,0,68,44.4,1,0,0
2026-09-14 06:25:00,200.3,1,66,43.5,1,0,0
2026-09-14 06:30:00,195.7,0,70,45.6,1,0,0
2026-09-14 06:35:00,193.2,5,78,27.9,0,0,0
2026-09-14 06:40:00,193.3,15,77,28.2,0,0,0
2026-09-14 06:45:00,194.6,9,79,25.1,0,0,0
2026-09-14 06:50:00,193.5,6,76,29.4,0,0,0
2026-09-14 06:55:00,194.0,14,80,26.9,0,0,0
2026-09-14 07:00:00,193.7,7,80,28.4,0,0,0
2026-09-14 07:05:00,189.8,6,77,26.6,0,0,0
2026-09-14 07:10:00,190.4,12,79,28.3,0,0,0
2026-09-14 07:15:00,190.2,3,83,26.2,0,0,0
2026-09-14 07:20:00,191.6,24,82,26.9,0,0,0
2026-09-14 07:25:00,193.0,9,77,25.7,0,0,0
2026-09-14 07:30:00,196.1,5,77,27.5,0,0,0
2026-09-14 07:35:00,196.2,12,79,24.2,0,0,0
2026-09-14 07:40:00,195.0,9,77,28.6,0,0,0
2026-09-14 07:45:00,195.9,9,78,31.9,0,0,0
2026-09-14 07:50:00,193.4,16,79,22.1,0,0,0
2026-09-14 07:55:00,192.8,8,78,25.5,0,0,0
2026-09-14 08:00:00,195.3,3,76,26.4,0,0,0
2026-09-14 08:05:00,191.4,3,80,27.2,0,0,0
2026-09-14 08:10:00,186.9,19,79,25.6,0,0,0
2026-09-14 08:15:00,180.9,7,78,28.4,0,0,0
2026-09-14 08:20:00,176.6,9,78,25.5,0,0,0
2026-09-14 08:25:00,171.3,6,75,24.2,0,0,0
2026-09-14 08:30:00,169.5,5,80,25.6,0,0,0
2026-09-14 08:35:00,168.9,11,81,27.2,0,0,0
2026-09-14 08:40:00,166.4,8,77,29.5,0,0,0
2026-09-14 08:45:00,166.9,15,76,21.8,0,0,0
2026-09-14 08:50:00,166.1,3,77,24.9,0,0,0
2026-09-14 08:55:00,159.6,1,77,28.4,0,0,0
2026-09-14 09:00:00,157.8,8,79,25.0,0,0,0
2026-09-14 09:05:00,156.9,4,80,26.4,0,0,0
2026-09-14 09:10:00,155.8,17,77,27.0,0,0,0
2026-09-14 09:15:00,156.0,12,77,27.5,0,0,0
2026-09-14 09:20:00,159.8,8,81,27.5,0,0,0
2026-09-14 09:25:00,158.9,4,78,24.8,0,0,0
2026-09-14 09:30:00,159.2,23,82,30.1,0,0,0
2026-09-14 09:35:00,160.8,6,79,27.1,0,0,0
2026-09-14 09:40:00,161.9,7,78,28.6,0,0,0
2026-09-14 09:45:00,160.4,8,79,27.9,0,0,0
2026-09-14 09:50:00,158.7,10,77,27.6,0,0,0
2026-09-14 09:55:00,156.9,3,79,26.2,0,0,0
2026-09-14 10:00:00,156.2,3,78,29.0,0,0,0
2026-09-14 10:05:00,156.4,6,76,29.9,0,0,0
2026-09-14 10:10:00,156.1,12,77,25.2,0,0,0
2026-09-14 10:15:00,153.6,2,80,29.8,0,0,0
2026-09-14 10:20:00,158.4,5,75,27.1,0,0,0
2026-09-14 10:25:00,156.8,7,79,25.1,0,0,0
2026-09-14 10:30:00,154.2,17,78,26.1,0,0,0
2026-09-14 10:35:00,156.5,9,76,28.1,0,0,0
2026-09-14 10:40:00,156.3,6,80,29.6,0,0,0
2026-09-14 10:45:00,153.1,20,79,29.1,0,0,0
2026-09-14 10:50:00,155.0,9,75,28.1,0,0,0
2026-09-14 10:55:00,157.6,4,76,26.6,0,0,0
2026-09-14 11:00:00,153.3,14,79,23.4,0,0,0
2026-09-14 11:05:00,153.4,7,77,25.7,0,0,0
2026-09-14 11:10:00,156.3,3,78,23.7,0,0,0
2026-09-14 11:15:00,154.7,12,76,24.5,0,0,0
2026-09-14 11:20:00,157.9,26,80,23.5,0,0,0
2026-09-14 11:25:00,160.7,2,77,30.7,0,0,0
2026-09-14 11:30:00,155.6,11,80,28.1,0,0,0
2026-09-14 11:35:00,154.9,6,80,24.3,0,0,0
2026-09-14 11:40:00,154.6,10,76,25.9,0,0,0
2026-09-14 11:45:00,156.4,13,78,25.8,0,0,0
2026-09-14 11:50:00,156.7,5,80,29.2,0,0,0
2026-09-14 11:55:00,158.8,8,78,27.5,0,0,0
2026-09-14 12:00:00,160.2,5,77,24.9,0,0,0
2026-09-14 12:05:00,163.1,6,81,27.0,0,0,0
2026-09-14 12:10:00,164.1,12,78,28.3,0,0,0
2026-09-14 12:15:00,162.4,11,77,23.3,0,0,0
2026-09-14 12:20:00,166.5,7,79,25.7,0,0,0
2026-09-14 12:25:00,169.7,2,77,27.6,0,0,0
2026-09-14 12:30:00,168.4,2,79,28.9,0,0,0
2026-09-14 12:35:00,166.9,5,77,28.3,0,0,0
2026-09-14 12:40:00,166.4,4,79,26.5,0,0,0
2026-09-14 12:45:00,166.1,9,78,28.4,0,0,0
2026-09-14 12:50:00,165.5,5,80,28.0,0,0,0
2026-09-14 12:55:00,168.4,16,77,29.9,0,0,0
2026-09-14 13:00:00,166.1,8,79,26.9,0,0,0
2026-09-14 13:05:00,166.8,7,80,28.1,0,0,0
2026-09-14 13:10:00,166.9,6,79,26.0,0,0,0
2026-09-14 13:15:00,165.9,12,76,27.7,0,0,0
2026-09-14 13:20:00,165.5,5,77,30.5,0,0,0
2026-09-14 13:25:00,165.8,9,78,25.8,0,0,0
2026-09-14 13:30:00,165.6,20,78,26.7,0,0,0
2026-09-14 13:35:00,168.3,10,79,26.2,0,91,75
2026-09-14 13:40:00,186.8,11,83,25.9,0,0,0
2026-09-14 13:45:00,201.7,10,82,28.9,0,0,0
2026-09-14 13:50:00,212.4,12,81,29.6,0,0,0
2026-09-14 13:55:00,217.9,6,81,24.7,0,0,0
2026-09-14 14:00:00,234.3,6,82,26.2,0,0,0
2026-09-14 14:05:00,230.7,5,79,22.5,0,0,0
2026-09-14 14:10:00,232.1,9,76,24.5,0,0,0
2026-09-14 14:15:00,232.5,8,78,27.8,0,0,0
2026-09-14 14:20:00,228.4,17,79,27.6,0,0,0
2026-09-14 14:25:00,227.1,8,77,27.8,0,0,0
2026-09-14 14:30:00,226.1,6,76,26.9,0,0,0
2026-09-14 14:35:00,221.7,14,80,28.6,0,0,0
2026-09-14 14:40:00,219.4,2,81,25.1,0,0,0
2026-09-14 14:45:00,216.1,10,81,29.7,0,0,0
2026-09-14 14:50:00,211.1,6,80,26.7,0,0,0
2026-09-14 14:55:00,206.6,9,76,27.5,0,0,0
2026-09-14 15:00:00,199.2,9,78,24.8,0,0,0
2026-09-14 15:05:00,196.2,12,83,28.1,0,0,0
2026-09-14 15:10:00,191.1,8,80,30.0,0,0,0
2026-09-14 15:15:00,187.8,13,78,27.1,0,0,0
2026-09-14 15:20:00,182.6,6,79,29.5,0,0,0
2026-09-14 15:25:00,179.2,7,78,26.8,0,0,0
2026-09-14 15:30:00,174.9,14,78,27.4,0,0,0
2026-09-14 15:35:00,169.8,6,75,28.1,0,0,0
2026-09-14 15:40:00,166.6,4,77,22.6,0,0,0
2026-09-14 15:45:00,160.1,9,80,27.3,0,0,0
2026-09-14 15:50:00,157.6,5,78,26.3,0,0,0
2026-09-14 15:55:00,155.4,7,78,27.2,0,0,0
2026-09-14 16:00:00,154.5,11,77,28.8,0,0,0
2026-09-14 16:05:00,152.6,4,79,24.8,0,0,0
2026-09-14 16:10:00,149.9,10,80,25.5,0,0,0
2026-09-14 16:15:00,152.6,12,76,26.6,0,0,0
2026-09-14 16:20:00,149.6,5,79,24.1,0,0,0
2026-09-14 16:25:00,148.8,3,76,25.4,0,0,0
2026-09-14 16:30:00,145.7,10,80,25.5,0,0,0
2026-09-14 16:35:00,147.9,5,77,29.1,0,0,0
2026-09-14 16:40:00,142.5,16,78,25.2,0,0,0
2026-09-14 16:45:00,142.3,8,76,29.9,0,0,0
2026-09-14 16:50:00,138.2,13,76,27.3,0,0,0
2026-09-14 16:55:00,140.2,4,75,28.1,0,0,0
2026-09-14 17:00:00,140.0,6,78,23.6,0,0,0
2026-09-14 17:05:00,139.1,11,84,26.1,0,0,0
2026-09-14 17:10:00,136.7,7,79,27.1,0,0,0
2026-09-14 17:15:00,136.2,10,80,25.9,0,0,0
2026-09-14 17:20:00,137.8,11,79,25.9,0,0,0
2026-09-14 17:25:00,137.8,7,82,28.5,0,0,0
2026-09-14 17:30:00,136.0,2,79,28.0,0,0,0
2026-09-14 17:35:00,136.2,6,78,27.7,0,0,0
2026-09-14 17:40:00,137.3,11,82,25.7,0,34,60
2026-09-14 17:45:00,144.5,5,79,27.6,0,0,0
2026-09-14 17:50:00,148.0,9,82,26.2,0,0,0
2026-09-14 17:55:00,152.5,16,82,28.4,0,0,0
2026-09-14 18:00:00,152.5,5,81,25.9,0,0,0
2026-09-14 18:05:00,153.8,11,85,24.3,0,0,0
2026-09-14 18:10:00,155.1,4,82,30.3,0,0,0
2026-09-14 18:15:00,157.9,11,77,28.1,0,0,0
2026-09-14 18:20:00,155.6,8,75,26.2,0,0,0
2026-09-14 18:25:00,157.5,6,76,27.3,0,0,0
2026-09-14 18:30:00,157.2,2,79,28.1,0,0,0
2026-09-14 18:35:00,153.0,6,79,27.1,0,0,0
2026-09-14 18:40:00,152.5,452,102,23.6,0,0,0
2026-09-14 18:45:00,151.0,445,104,27.3,0,0,0
2026-09-14 18:50:00,149.1,7,76,23.6,0,0,0
2026-09-14 18:55:00,145.4,16,81,25.1,0,0,0
2026-09-14 19:00:00,145.7,5,82,31.3,0,0,0
2026-09-14 19:05:00,145.6,18,82,26.9,0,0,0
2026-09-14 19:10:00,145.6,13,76,32.8,0,0,0
2026-09-14 19:15:00,146.0,13,79,28.2,0,0,0
2026-09-14 19:20:00,146.7,12,76,26.3,0,0,0
2026-09-14 19:25:00,143.4,6,78,26.1,0,0,0
2026-09-14 19:30:00,144.6,10,81,30.2,0,0,0
2026-09-14 19:35:00,184.0,5,83,26.9,0,0,0
2026-09-14 19:40:00,182.0,4,77,30.7,0,0,0
2026-09-14 19:45:00,181.5,3,78,28.4,0,0,0
2026-09-14 19:50:00,179.9,9,76,26.9,0,0,0
2026-09-14 19:55:00,180.6,5,77,27.0,0,0,0
2026-09-14 20:00:00,178.0,5,78,28.3,0,0,0
2026-09-14 20:05:00,177.3,2,77,22.1,0,0,0
2026-09-14 20:10:00,175.6,7,80,26.2,0,0,0
2026-09-14 20:15:00,175.0,8,82,28.4,0,0,0
2026-09-14 20:20:00,170.3,16,78,25.8,0,0,0
2026-09-14 20:25:00,171.8,6,76,27.5,0,0,0
2026-09-14 20:30:00,170.8,4,81,27.5,0,0,0
2026-09-14 20:35:00,170.6,4,81,27.0,0,0,0
2026-09-14 20:40:00,173.1,14,77,23.0,0,102,70
2026-09-14 20:45:00,189.2,3,81,28.0,0,0,0
2026-09-14 20:50:00,202.7,6,83,29.1,0,0,0
2026-09-14 20:55:00,211.7,5,82,26.2,0,0,0
2026-09-14 21:00:00,220.0,10,80,30.9,0,0,0
2026-09-14 21:05:00,222.1,9,78,26.9,0,0,0
2026-09-14 21:10:00,225.9,9,80,29.9,0,0,0
2026-09-14 21:15:00,228.4,6,79,27.5,0,0,0
2026-09-14 21:20:00,225.0,9,77,25.8,0,0,0
2026-09-14 21:25:00,222.2,5,79,29.0,0,0,0
2026-09-14 21:30:00,220.3,8,76,24.7,0,0,0
2026-09-14 21:35:00,218.5,5,77,24.8,0,0,0
2026-09-14 21:40:00,212.7,7,80,25.9,0,0,0
2026-09-14 21:45:00,210.1,12,78,28.2,0,0,0
2026-09-14 21:50:00,204.6,4,79,24.6,0,0,0
2026-09-14 21:55:00,198.3,2,77,25.7,0,0,0
2026-09-14 22:00:00,194.6,4,78,26.7,0,0,0
2026-09-14 22:05:00,189.7,8,80,29.8,0,0,0
2026-09-14 22:10:00,183.9,13,79,26.5,0,0,0
2026-09-14 22:15:00,179.7,7,79,28.9,0,0,0
2026-09-14 22:20:00,179.5,9,77,25.7,0,0,0
2026-09-14 22:25:00,172.7,9,79,26.9,0,0,0
2026-09-14 22:30:00,171.2,3,79,23.7,0,0,0
2026-09-14 22:35:00,166.9,2,79,22.1,0,0,0
2026-09-14 22:40:00,161.5,7,75,26.6,0,0,0
2026-09-14 22:45:00,160.6,16,80,29.1,0,0,0
2026-09-14 22:50:00,155.6,7,81,28.8,0,0,0
2026-09-14 22:55:00,148.4,8,80,25.4,0,0,0
2026-09-14 23:00:00,142.9,2,80,25.6,0,0,0
2026-09-14 23:05:00,141.4,5,81,27.3,0,0,0
2026-09-14 23:10:00,141.2,4,82,29.5,0,0,0
2026-09-14 23:15:00,136.0,9,78,25.6,0,0,0
2026-09-14 23:20:00,137.8,9,76,25.8,0,0,0
2026-09-14 23:25:00,140.4,3,79,28.8,0,0,0
2026-09-14 23:30:00,141.4,11,78,24.3,0,0,0
2026-09-14 23:35:00,138.3,12,81,27.2,0,0,0
2026-09-14 23:40:00,148.3,3,74,25.0,0,0,0
2026-09-14 23:45:00,149.7,20,82,27.3,0,0,0
2026-09-14 23:50:00,146.0,8,77,28.2,0,0,0
2026-09-14 23:55:00,141.9,3,76,26.1,0,0,0
