timestamp,glucose_mgdl,steps,heart_rate,hrv_ms,sleeping,carbs_g,meal_gi
2026-09-01 00:00:00,107.1,0,72,58.5,1,0,0
2026-09-01 00:05:00,107.9,0,74,62.8,1,0,0
2026-09-01 00:10:00,107.5,1,73,60.3,1,0,0
2026-09-01 00:15:00,108.7,1,73,56.4,1,0,0
2026-09-01 00:20:00,109.7,1,76,57.9,1,0,0
2026-09-01 00:25:00,109.2,0,71,63.3,1,0,0
2026-09-01 00:30:00,110.1,0,80,61.2,1,0,0
2026-09-01 00:35:00,112.2,0,70,61.4,1,0,0
2026-09-01 00:40:00,112.1,0,70,56.8,1,0,0
2026-09-01 00:45:00,113.5,1,74,63.6,1,0,0
2026-09-01 00:50:00,111.0,0,75,60.6,1,0,0
2026-09-01 00:55:00,111.1,1,70,60.8,1,0,0
2026-09-01 01:00:00,112.0,0,74,62.1,1,0,0
2026-09-01 01:05:00,111.9,1,69,63.8,1,0,0
2026-09-01 01:10:00,112.8,1,72,57.3,1,0,0
2026-09-01 01:15:00,113.3,0,73,64.3,1,0,0
2026-09-01 01:20:00,113.3,0,70,61.1,1,0,0
2026-09-01 01:25:00,113.0,0,75,66.8,1,0,0
2026-09-01 01:30:00,112.5,0,74,59.5,1,0,0
2026-09-01 01:35:00,112.3,0,71,62.6,1,0,0
2026-09-01 01:40:00,108.8,0,74,60.1,1,0,0
2026-09-01 01:45:00,109.9,0,73,60.5,1,0,0
2026-09-01 01:50:00,109.3,0,72,61.4,1,0,0
2026-09-01 01:55:00,105.6,1,73,59.0,1,0,0
2026-09-01 02:00:00,107.0,0,71,62.3,1,0,0
2026-09-01 02:05:00,106.2,0,77,59.2,1,0,0
2026-09-01 02:10:00,107.3,0,68,59.9,1,0,0
2026-09-01 02:15:00,111.0,0,78,62.8,1,0,0
2026-09-01 02:20:00,109.4,0,73,60.7,1,0,0
2026-09-01 02:25:00,111.5,0,73,62.7,1,0,0
2026-09-01 02:30:00,109.7,0,71,61.3,1,0,0
2026-09-01 02:35:00,110.6,1,73,59.4,1,0,0
2026-09-01 02:40:00,112.2,1,71,60.8,1,0,0
2026-09-01 02:45:00,113.7,0,73,63.6,1,0,0
2026-09-01 02:50:00,112.1,1,72,60.3,1,0,0
2026-09-01 02:55:00,111.1,0,74,61.8,1,0,0
2026-09-01 03:00:00,107.8,0,71,62.1,1,0,0
2026-09-01 03:05:00,109.2,0,74,58.3,1,0,0
2026-09-01 03:10:00,107.7,0,72,62.0,1,0,0
2026-09-01 03:15:00,110.6,1,72,58.3,1,0,0
2026-09-01 03:20:00,109.3,0,70,61.1,1,0,0
2026-09-01 03:25:00,106.5,1,75,60.9,1,0,0
2026-09-01 03:30:00,105.5,0,72,64.1,1,0,0
2026-09-01 03:35:00,107.4,0,70,62.2,1,0,0
2026-09-01 03:40:00,106.5,0,74,61.1,1,0,0
2026-09-01 03:45:00,108.5,0,73,61.9,1,0,0
2026-09-01 03:50:00,110.1,1,72,62.6,1,0,0
2026-09-01 03:55:00,107.0,1,78,61.4,1,0,0
2026-09-01 04:00:00,107.5,1,75,58.5,1,0,0
2026-09-01 04:05:00,109.3,0,73,61.4,1,0,0
2026-09-01 04:10:00,111.0,0,73,63.7,1,0,0
2026-09-01 04:15:00,112.8,0,73,60.2,1,0,0
2026-09-01 04:20:00,113.4,0,74,65.2,1,0,0
2026-09-01 04:25:00,112.6,0,73,60.0,1,0,0
2026-09-01 04:30:00,113.3,0,70,60.5,1,0,0
2026-09-01 04:35:00,114.8,0,73,61.9,1,0,0
2026-09-01 04:40:00,114.7,0,73,61.1,1,0,0
2026-09-01 04:45:00,115.7,0,72,59.3,1,0,0
2026-09-01 04:50:00,114.9,0,74,58.0,1,0,0
2026-09-01 04:55:00,114.6,2,73,60.6,1,0,0
2026-09-01 05:00:00,117.6,0,74,64.9,1,0,0
2026-09-01 05:05:00,117.1,0,76,61.5,1,0,0
2026-09-01 05:10:00,117.3,0,75,64.1,1,0,0
2026-09-01 05:15:00,114.8,1,77,60.1,1,0,0
2026-09-01 05:20:00,116.1,0,75,58.3,1,0,0
2026-09-01 05:25:00,117.3,0,69,62.1,1,0,0
2026-09-01 05:30:00,117.1,0,76,62.9,1,0,0
2026-09-01 05:35:00,116.9,0,71,59.1,1,0,0
2026-09-01 05:40:00,117.7,0,73,55.3,1,0,0
2026-09-01 05:45:00,119.2,0,72,63.3,1,0,0
2026-09-01 05:50:00,122.9,0,70,61.8,1,0,0
2026-09-01 05:55:00,119.4,0,70,59.7,1,0,0
2026-09-01 06:00:00,122.4,0,75,62.7,1,0,0
2026-09-01 06:05:00,119.2,0,73,64.0,1,0,0
2026-09-01 06:10:00,122.2,0,69,61.9,1,0,0
2026-09-01 06:15:00,120.5,0,69,62.6,1,0,0
2026-09-01 06:20:00,122.5,1,71,60.2,1,0,0
2026-09-01 06:25:00,121.8,0,73,61.9,1,0,0
2026-09-01 06:30:00,118.1,0,76,59.2,1,0,0
2026-09-01 06:35:00,118.9,1,73,63.9,1,0,0
2026-09-01 06:40:00,116.8,0,75,60.7,1,0,0
2026-09-01 06:45:00,115.8,0,73,56.0,1,0,0
2026-09-01 06:50:00,117.5,0,74,60.0,1,0,0
2026-09-01 06:55:00,119.4,0,74,59.4,1,0,0
2026-09-01 07:00:00,118.7,30,84,36.2,0,0,0
2026-09-01 07:05:00,118.8,28,82,41.9,0,0,0
2026-09-01 07:10:00,119.3,27,80,39.0,0,0,0
2026-09-01 07:15:00,115.6,17,84,38.2,0,0,0
2026-09-01 07:20:00,117.0,27,82,36.9,0,0,0
2026-09-01 07:25:00,114.5,28,85,37.4,0,0,0
2026-09-01 07:30:00,116.3,43,85,37.3,0,0,0
2026-09-01 07:35:00,116.2,42,86,36.9,0,56,70
2026-09-01 07:40:00,117.4,14,87,35.8,0,0,0
2026-09-01 07:45:00,117.7,33,89,38.2,0,0,0
2026-09-01 07:50:00,115.2,527,114,39.0,0,0,0
2026-09-01 07:55:00,117.8,524,116,36.5,0,0,0
2026-09-01 08:00:00,115.3,43,84,36.9,0,0,0
2026-09-01 08:05:00,113.8,9,77,37.0,0,0,0
2026-09-01 08:10:00,112.0,23,87,34.9,0,0,0
2026-09-01 08:15:00,111.6,38,82,33.4,0,0,0
2026-09-01 08:20:00,110.3,28,83,33.7,0,0,0
2026-09-01 08:25:00,109.3,47,84,38.7,0,0,0
2026-09-01 08:30:00,109.3,31,78,36.0,0,0,0
2026-09-01 08:35:00,111.0,10,81,37.9,0,0,0
2026-09-01 08:40:00,109.9,20,83,36.6,0,0,0
2026-09-01 08:45:00,107.2,20,82,37.6,0,0,0
2026-09-01 08:50:00,105.9,31,86,36.2,0,0,0
2026-09-01 08:55:00,103.1,34,82,34.4,0,0,0
2026-09-01 09:00:00,103.2,7,81,37.0,0,0,0
2026-09-01 09:05:00,103.9,27,82,38.9,0,0,0
2026-09-01 09:10:00,99.2,23,82,36.3,0,0,0
2026-09-01 09:15:00,99.3,18,82,37.5,0,0,0
2026-09-01 09:20:00,99.6,15,84,36.3,0,0,0
2026-09-01 09:25:00,100.2,9,81,36.1,0,0,0
2026-09-01 09:30:00,98.8,25,85,37.3,0,0,0
2026-09-01 09:35:00,95.3,20,81,38.9,0,0,0
2026-09-01 09:40:00,91.7,38,82,39.1,0,0,0
2026-09-01 09:45:00,92.7,26,85,39.6,0,0,0
2026-09-01 09:50:00,94.5,21,83,42.0,0,0,0
2026-09-01 09:55:00,96.9,16,85,36.9,0,0,0
2026-09-01 10:00:00,97.4,18,83,36.0,0,0,0
2026-09-01 10:05:00,102.0,30,81,37.8,0,0,0
2026-09-01 10:10:00,99.9,20,81,40.4,0,0,0
2026-09-01 10:15:00,100.6,28,88,36.3,0,0,0
2026-09-01 10:20:00,100.8,21,77,37.4,0,0,0
2026-09-01 10:25:00,98.4,35,84,34.4,0,0,0
2026-09-01 10:30:00,98.1,26,88,37.9,0,0,0
2026-09-01 10:35:00,96.8,15,81,38.3,0,0,0
2026-09-01 10:40:00,95.0,25,81,33.0,0,0,0
2026-09-01 10:45:00,94.7,16,84,35.5,0,0,0
2026-09-01 10:50:00,93.6,13,81,36.8,0,0,0
2026-09-01 10:55:00,95.1,19,84,37.1,0,0,0
2026-09-01 11:00:00,96.3,549,114,36.5,0,0,0
2026-09-01 11:05:00,93.8,528,116,39.2,0,0,0
2026-09-01 11:10:00,91.0,514,112,36.1,0,0,0
2026-09-01 11:15:00,92.2,527,112,35.5,0,0,0
2026-09-01 11:20:00,90.9,16,82,36.6,0,0,0
2026-09-01 11:25:00,93.0,19,82,38.0,0,0,0
2026-09-01 11:30:00,93.4,18,84,39.5,0,0,0
2026-09-01 11:35:00,92.6,45,86,38.0,0,0,0
2026-09-01 11:40:00,89.7,33,87,37.6,0,0,0
2026-09-01 11:45:00,90.9,18,82,39.7,0,0,0
2026-09-01 11:50:00,89.1,402,108,36.8,0,0,0
2026-09-01 11:55:00,88.1,460,108,35.4,0,0,0
2026-09-01 12:00:00,91.2,412,107,37.4,0,0,0
2026-09-01 12:05:00,89.4,403,105,37.7,0,0,0
2026-09-01 12:10:00,90.1,13,80,42.9,0,0,0
2026-09-01 12:15:00,89.4,94,86,37.2,0,0,0
2026-09-01 12:20:00,89.1,15,82,36.4,0,0,0
2026-09-01 12:25:00,88.2,26,82,38.1,0,0,0
2026-09-01 12:30:00,90.3,20,82,37.2,0,0,0
2026-09-01 12:35:00,93.7,13,83,37.8,0,0,0
2026-09-01 12:40:00,93.6,15,84,38.1,0,0,0
2026-09-01 12:45:00,97.3,13,80,38.4,0,0,0
2026-09-01 12:50:00,95.9,48,84,35.0,0,0,0
2026-09-01 12:55:00,95.7,13,89,35.2,0,61,68
2026-09-01 13:00:00,98.0,31,87,35.2,0,0,0
2026-09-01 13:05:00,101.3,26,87,40.9,0,0,0
2026-09-01 13:10:00,103.6,54,85,38.7,0,0,0
2026-09-01 13:15:00,106.6,62,89,37.6,0,0,0
2026-09-01 13:20:00,109.1,8,84,37.9,0,0,0
2026-09-01 13:25:00,106.5,47,82,38.3,0,0,0
2026-09-01 13:30:00,107.6,13,80,38.8,0,0,0
2026-09-01 13:35:00,119.0,15,85,39.2,0,0,0
2026-09-01 13:40:00,115.7,28,85,35.3,0,0,0
2026-09-01 13:45:00,116.7,17,78,38.3,0,0,0
2026-09-01 13:50:00,115.2,20,81,36.4,0,0,0
2026-09-01 13:55:00,118.6,17,83,37.9,0,0,0
2026-09-01 14:00:00,117.5,25,83,38.5,0,0,0
2026-09-01 14:05:00,115.8,14,83,35.7,0,0,0
2026-09-01 14:10:00,115.0,18,81,36.4,0,0,0
2026-09-01 14:15:00,113.9,20,79,35.0,0,0,0
2026-09-01 14:20:00,107.9,24,78,38.7,0,0,0
2026-09-01 14:25:00,105.8,18,82,39.6,0,0,0
2026-09-01 14:30:00,100.9,13,83,40.1,0,0,0
2026-09-01 14:35:00,99.1,14,83,36.0,0,0,0
2026-09-01 14:40:00,103.1,16,81,35.4,0,0,0
2026-09-01 14:45:00,99.9,22,82,36.1,0,0,0
2026-09-01 14:50:00,99.8,38,85,40.5,0,0,0
2026-09-01 14:55:00,99.1,13,84,36.1,0,0,0
2026-09-01 15:00:00,98.7,7,81,39.5,0,0,0
2026-09-01 15:05:00,95.5,17,84,35.8,0,0,0
2026-09-01 15:10:00,94.2,26,85,34.0,0,0,0
2026-09-01 15:15:00,94.7,26,80,38.1,0,0,0
2026-09-01 15:20:00,95.7,44,84,39.0,0,0,0
2026-09-01 15:25:00,97.4,19,82,38.3,0,0,0
2026-09-01 15:30:00,94.7,25,84,37.6,0,0,0
2026-09-01 15:35:00,94.4,39,85,40.3,0,0,0
2026-09-01 15:40:00,92.7,48,85,39.4,0,0,0
2026-09-01 15:45:00,92.6,29,84,36.5,0,0,0
2026-09-01 15:50:00,92.5,18,83,33.2,0,0,0
2026-09-01 15:55:00,92.1,24,82,37.7,0,0,0
2026-09-01 16:00:00,90.3,6,83,41.4,0,0,0
2026-09-01 16:05:00,92.8,17,81,35.2,0,0,0
2026-09-01 16:10:00,95.8,40,82,36.0,0,0,0
2026-09-01 16:15:00,99.9,15,77,36.6,0,0,0
2026-09-01 16:20:00,100.9,28,79,42.2,0,0,0
2026-09-01 16:25:00,97.5,22,81,37.7,0,0,0
2026-09-01 16:30:00,95.3,56,88,36.1,0,0,0
2026-09-01 16:35:00,96.1,38,81,39.0,0,0,0
2026-09-01 16:40:00,93.8,20,81,34.2,0,0,0
2026-09-01 16:45:00,96.3,31,82,34.2,0,0,0
2026-09-01 16:50:00,93.8,24,83,39.8,0,0,0
2026-09-01 16:55:00,94.9,30,82,33.2,0,0,0
2026-09-01 17:00:00,94.6,15,80,37.6,0,0,0
2026-09-01 17:05:00,95.6,13,81,37.8,0,0,0
2026-09-01 17:10:00,96.6,18,83,36.8,0,0,0
2026-09-01 17:15:00,92.6,33,82,37.8,0,0,0
2026-09-01 17:20:00,93.8,30,81,35.7,0,0,0
2026-09-01 17:25:00,93.2,8,83,38.0,0,0,0
2026-09-01 17:30:00,94.9,21,83,37.0,0,0,0
2026-09-01 17:35:00,97.4,22,81,36.5,0,33,60
2026-09-01 17:40:00,99.0,65,90,38.3,0,0,0
2026-09-01 17:45:00,101.8,25,86,38.0,0,0,0
2026-09-01 17:50:00,99.8,39,84,36.6,0,0,0
2026-09-01 17:55:00,104.3,14,85,38.2,0,0,0
2026-09-01 18:00:00,104.6,10,83,36.9,0,0,0
2026-09-01 18:05:00,105.9,21,81,34.6,0,0,0
2026-09-01 18:10:00,104.2,14,79,35.3,0,0,0
2026-09-01 18:15:00,102.7,43,85,41.2,0,0,0
2026-09-01 18:20:00,104.7,13,80,37.4,0,0,0
2026-09-01 18:25:00,101.1,21,82,37.4,0,0,0
2026-09-01 18:30:00,98.4,20,85,35.1,0,0,0
2026-09-01 18:35:00,97.9,21,81,33.4,0,0,0
2026-09-01 18:40:00,100.2,30,85,44.6,0,0,0
2026-09-01 18:45:00,98.1,41,82,35.0,0,0,0
2026-09-01 18:50:00,97.3,27,79,36.9,0,0,0
2026-09-01 18:55:00,106.7,24,83,35.0,0,0,0
2026-09-01 19:00:00,104.5,11,81,34.8,0,0,0
2026-09-01 19:05:00,103.5,17,81,37.4,0,0,0
2026-09-01 19:10:00,103.6,25,82,35.9,0,0,0
2026-09-01 19:15:00,102.9,45,85,37.5,0,0,0
2026-09-01 19:20:00,103.6,9,83,37.4,0,0,0
2026-09-01 19:25:00,100.2,12,80,36.9,0,0,0
2026-09-01 19:30:00,99.0,65,86,40.4,0,0,0
2026-09-01 19:35:00,99.1,30,81,36.0,0,0,0
2026-09-01 19:40:00,98.0,46,85,41.1,0,0,0
2026-09-01 19:45:00,95.9,45,82,39.3,0,0,0
2026-09-01 19:50:00,98.0,36,84,36.0,0,0,0
2026-09-01 19:55:00,99.8,17,84,37.3,0,0,0
2026-09-01 20:00:00,99.4,56,86,34.1,0,0,0
2026-09-01 20:05:00,99.3,28,81,35.4,0,0,0
2026-09-01 20:10:00,98.4,13,81,36.3,0,0,0
2026-09-01 20:15:00,98.8,18,81,38.2,0,0,0
2026-09-01 20:20:00,100.4,5,82,38.8,0,0,0
2026-09-01 20:25:00,105.2,12,85,37.6,0,0,0
2026-09-01 20:30:00,101.6,19,85,37.9,0,0,0
2026-09-01 20:35:00,99.6,70,86,35.5,0,0,0
2026-09-01 20:40:00,99.1,12,81,35.5,0,0,0
2026-09-01 20:45:00,102.1,20,81,33.8,0,0,0
2026-09-01 20:50:00,99.2,15,85,40.1,0,0,0
2026-09-01 20:55:00,96.4,15,77,37.3,0,0,0
2026-09-01 21:00:00,94.6,57,81,39.7,0,0,0
2026-09-01 21:05:00,95.3,47,85,38.4,0,0,0
2026-09-01 21:10:00,95.1,10,84,38.4,0,63,55
2026-09-01 21:15:00,97.5,18,86,34.9,0,0,0
2026-09-01 21:20:00,102.0,9,83,35.7,0,0,0
2026-09-01 21:25:00,108.0,38,83,34.0,0,0,0
2026-09-01 21:30:00,109.0,41,85,36.5,0,0,0
2026-09-01 21:35:00,112.2,16,86,37.6,0,0,0
2026-09-01 21:40:00,111.5,14,79,36.1,0,0,0
2026-09-01 21:45:00,112.9,52,86,34.2,0,0,0
2026-09-01 21:50:00,113.2,37,83,42.6,0,0,0
2026-09-01 21:55:00,115.9,14,82,40.0,0,0,0
2026-09-01 22:00:00,111.7,21,82,37.4,0,0,0
2026-09-01 22:05:00,109.3,19,83,37.8,0,0,0
2026-09-01 22:10:00,109.2,48,82,37.7,0,0,0
2026-09-01 22:15:00,109.5,17,83,39.1,0,0,0
2026-09-01 22:20:00,108.4,36,83,35.2,0,0,0
2026-09-01 22:25:00,106.5,12,83,40.6,0,0,0
2026-09-01 22:30:00,103.6,10,79,37.9,0,0,0
2026-09-01 22:35:00,104.4,23,77,38.8,0,0,0
2026-09-01 22:40:00,106.4,15,79,32.8,0,0,0
2026-09-01 22:45:00,104.3,31,84,37.4,0,0,0
2026-09-01 22:50:00,102.6,29,83,40.5,0,0,0
2026-09-01 22:55:00,101.7,18,79,38.4,0,0,0
2026-09-01 23:00:00,98.2,29,85,36.2,0,0,0
2026-09-01 23:05:00,97.4,20,84,37.6,0,0,0
2026-09-01 23:10:00,100.7,20,83,36.9,0,0,0
2026-09-01 23:15:00,96.6,19,85,36.9,0,0,0
2026-09-01 23:20:00,96.6,12,83,38.3,0,0,0
2026-09-01 23:25:00,97.6,25,83,36.4,0,0,0
2026-09-01 23:30:00,98.8,17,81,37.5,0,0,0
2026-09-01 23:35:00,100.9,19,84,37.3,0,0,0
2026-09-01 23:40:00,104.9,38,82,34.4,0,0,0
2026-09-01 23:45:00,102.4,16,81,36.4,0,0,0
2026-09-01 23:50:00,103.2,38,86,37.3,0,0,0
2026-09-01 23:55:00,100.5,17,81,38.9,0,0,0
2026-09-02 00:00:00,98.8,13,82,40.6,0,0,0
2026-09-02 00:05:00,96.7,34,82,39.8,0,0,0
2026-09-02 00:10:00,95.6,25,81,37.7,0,0,0
2026-09-02 00:15:00,94.0,37,87,41.0,0,0,0
2026-09-02 00:20:00,90.7,0,76,62.3,1,0,0
2026-09-02 00:25:00,89.0,0,75,61.2,1,0,0
2026-09-02 00:30:00,87.1,1,72,61.0,1,0,0
2026-09-02 00:35:00,87.6,0,70,62.2,1,0,0
2026-09-02 00:40:00,88.9,0,72,58.6,1,0,0
2026-09-02 00:45:00,87.3,0,75,61.1,1,0,0
2026-09-02 00:50:00,85.3,0,72,60.6,1,0,0
2026-09-02 00:55:00,87.7,0,77,59.5,1,0,0
2026-09-02 01:00:00,90.9,1,70,63.0,1,0,0
2026-09-02 01:05:00,96.1,0,74,58.1,1,0,0
2026-09-02 01:10:00,94.0,0,77,60.2,1,0,0
2026-09-02 01:15:00,93.6,0,75,59.2,1,0,0
2026-09-02 01:20:00,93.2,0,73,60.0,1,0,0
2026-09-02 01:25:00,90.7,1,73,62.1,1,0,0
2026-09-02 01:30:00,91.7,0,72,59.4,1,0,0
2026-09-02 01:35:00,94.2,0,73,59.6,1,0,0
2026-09-02 01:40:00,92.6,0,72,61.7,1,0,0
2026-09-02 01:45:00,88.6,0,76,61.1,1,0,0
2026-09-02 01:50:00,89.4,0,71,60.9,1,0,0
2026-09-02 01:55:00,86.8,0,75,59.5,1,0,0
2026-09-02 02:00:00,87.9,1,74,59.0,1,0,0
2026-09-02 02:05:00,87.0,0,73,61.8,1,0,0
2026-09-02 02:10:00,85.1,2,76,60.6,1,0,0
2026-09-02 02:15:00,85.0,1,70,61.0,1,0,0
2026-09-02 02:20:00,83.0,0,73,63.5,1,0,0
2026-09-02 02:25:00,84.5,0,71,60.6,1,0,0
2026-09-02 02:30:00,89.1,1,77,57.7,1,0,0
2026-09-02 02:35:00,88.3,0,73,62.5,1,0,0
2026-09-02 02:40:00,90.4,1,69,61.9,1,0,0
2026-09-02 02:45:00,88.9,0,73,60.8,1,0,0
2026-09-02 02:50:00,90.7,0,75,58.1,1,0,0
2026-09-02 02:55:00,92.8,0,75,60.1,1,0,0
2026-09-02 03:00:00,95.9,1,72,62.8,1,0,0
2026-09-02 03:05:00,95.9,0,76,61.5,1,0,0
2026-09-02 03:10:00,102.9,1,72,62.1,1,0,0
2026-09-02 03:15:00,104.8,1,74,64.6,1,0,0
2026-09-02 03:20:00,102.7,0,73,59.0,1,0,0
2026-09-02 03:25:00,104.9,0,72,61.1,1,0,0
2026-09-02 03:30:00,104.8,0,71,59.5,1,0,0
2026-09-02 03:35:00,107.6,0,71,62.6,1,0,0
2026-09-02 03:40:00,107.6,0,70,60.9,1,0,0
2026-09-02 03:45:00,108.2,0,74,59.7,1,0,0
2026-09-02 03:50:00,108.9,1,73,56.0,1,0,0
2026-09-02 03:55:00,109.2,0,70,59.7,1,0,0
2026-09-02 04:00:00,111.4,0,73,61.5,1,0,0
2026-09-02 04:05:00,109.9,1,73,63.6,1,0,0
2026-09-02 04:10:00,112.4,0,75,64.3,1,0,0
2026-09-02 04:15:00,112.5,1,72,61.4,1,0,0
2026-09-02 04:20:00,112.5,0,73,58.9,1,0,0
2026-09-02 04:25:00,107.9,0,72,64.7,1,0,0
2026-09-02 04:30:00,113.0,0,67,61.6,1,0,0
2026-09-02 04:35:00,110.7,1,71,60.5,1,0,0
2026-09-02 04:40:00,110.2,0,72,59.4,1,0,0
2026-09-02 04:45:00,112.8,0,75,64.3,1,0,0
2026-09-02 04:50:00,113.9,0,75,63.1,1,0,0
2026-09-02 04:55:00,114.0,0,72,59.9,1,0,0
2026-09-02 05:00:00,115.6,1,74,60.0,1,0,0
2026-09-02 05:05:00,115.7,0,73,62.1,1,0,0
2026-09-02 05:10:00,116.7,0,74,58.8,1,0,0
2026-09-02 05:15:00,115.6,0,75,60.9,1,0,0
2026-09-02 05:20:00,116.4,0,74,64.1,1,0,0
2026-09-02 05:25:00,118.3,1,76,62.5,1,0,0
2026-09-02 05:30:00,115.6,0,74,61.0,1,0,0
2026-09-02 05:35:00,117.2,0,73,61.5,1,0,0
2026-09-02 05:40:00,114.3,2,74,61.2,1,0,0
2026-09-02 05:45:00,113.7,1,72,63.0,1,0,0
2026-09-02 05:50:00,117.5,0,73,58.4,1,0,0
2026-09-02 05:55:00,115.5,0,73,60.8,1,0,0
2026-09-02 06:00:00,115.8,2,75,63.5,1,0,0
2026-09-02 06:05:00,113.8,0,72,62.9,1,0,0
2026-09-02 06:10:00,114.4,20,84,37.2,0,0,0
2026-09-02 06:15:00,114.7,23,84,41.5,0,0,0
2026-09-02 06:20:00,113.5,24,80,36.3,0,0,0
2026-09-02 06:25:00,112.7,19,83,38.2,0,0,0
2026-09-02 06:30:00,112.9,12,81,39.4,0,0,0
2026-09-02 06:35:00,107.4,22,83,35.5,0,0,0
2026-09-02 06:40:00,110.5,18,80,40.2,0,0,0
2026-09-02 06:45:00,108.0,19,82,38.3,0,0,0
2026-09-02 06:50:00,109.8,27,80,35.7,0,0,0
2026-09-02 06:55:00,110.6,38,84,38.3,0,0,0
2026-09-02 07:00:00,112.0,19,79,37.7,0,0,0
2026-09-02 07:05:00,113.2,38,82,43.9,0,0,0
2026-09-02 07:10:00,111.9,15,81,39.2,0,0,0
2026-09-02 07:15:00,109.9,18,84,38.1,0,0,0
2026-09-02 07:20:00,109.9,12,81,37.8,0,0,0
2026-09-02 07:25:00,112.6,15,81,36.8,0,0,0
2026-09-02 07:30:00,111.9,28,82,38.5,0,0,0
2026-09-02 07:35:00,111.2,35,84,35.9,0,0,0
2026-09-02 07:40:00,109.8,31,82,36.5,0,0,0
2026-09-02 07:45:00,108.8,37,84,35.2,0,0,0
2026-09-02 07:50:00,107.5,16,84,38.0,0,0,0
2026-09-02 07:55:00,109.0,22,87,37.0,0,64,78
2026-09-02 08:00:00,113.5,31,88,36.6,0,0,0
2026-09-02 08:05:00,114.6,42,87,34.1,0,0,0
2026-09-02 08:10:00,117.2,446,114,38.7,0,0,0
2026-09-02 08:15:00,121.0,450,110,39.4,0,0,0
2026-09-02 08:20:00,119.1,31,90,32.5,0,0,0
2026-09-02 08:25:00,117.7,17,81,34.5,0,0,0
2026-09-02 08:30:00,118.5,31,84,36.4,0,0,0
2026-09-02 08:35:00,119.3,27,78,35.8,0,0,0
2026-09-02 08:40:00,118.4,7,84,37.7,0,0,0
2026-09-02 08:45:00,115.9,25,80,39.2,0,0,0
2026-09-02 08:50:00,116.9,36,84,40.2,0,0,0
2026-09-02 08:55:00,112.5,30,83,39.7,0,0,0
2026-09-02 09:00:00,111.6,31,84,37.8,0,0,0
2026-09-02 09:05:00,109.0,26,80,38.8,0,0,0
2026-09-02 09:10:00,110.6,22,81,39.2,0,0,0
2026-09-02 09:15:00,104.5,24,82,39.2,0,0,0
2026-09-02 09:20:00,98.9,14,84,38.4,0,0,0
2026-09-02 09:25:00,94.2,22,80,37.4,0,0,0
2026-09-02 09:30:00,92.5,11,81,37.1,0,0,0
2026-09-02 09:35:00,96.9,37,83,35.4,0,0,0
2026-09-02 09:40:00,96.8,23,87,36.2,0,0,0
2026-09-02 09:45:00,97.7,21,83,40.8,0,0,0
2026-09-02 09:50:00,101.3,37,86,36.4,0,0,0
2026-09-02 09:55:00,104.0,16,81,35.1,0,0,0
2026-09-02 10:00:00,100.8,17,82,42.1,0,0,0
2026-09-02 10:05:00,96.2,13,83,39.7,0,0,0
2026-09-02 10:10:00,95.4,26,82,40.0,0,0,0
2026-09-02 10:15:00,90.3,20,82,38.8,0,0,0
2026-09-02 10:20:00,86.9,472,111,38.6,0,0,0
2026-09-02 10:25:00,85.0,470,109,34.6,0,0,0
2026-09-02 10:30:00,82.5,16,83,35.0,0,0,0
2026-09-02 10:35:00,80.4,15,79,42.6,0,0,0
2026-09-02 10:40:00,80.6,24,83,34.3,0,0,0
2026-09-02 10:45:00,83.0,17,83,34.7,0,0,0
2026-09-02 10:50:00,85.5,17,79,35.6,0,0,0
2026-09-02 10:55:00,83.7,13,79,35.0,0,0,0
2026-09-02 11:00:00,84.1,19,85,39.0,0,0,0
2026-09-02 11:05:00,83.5,57,84,38.9,0,0,0
2026-09-02 11:10:00,83.9,42,86,37.9,0,0,0
2026-09-02 11:15:00,87.8,15,79,34.7,0,0,0
2026-09-02 11:20:00,85.0,12,84,38.7,0,0,0
2026-09-02 11:25:00,84.4,17,82,37.3,0,0,0
2026-09-02 11:30:00,85.3,6,86,38.7,0,0,0
2026-09-02 11:35:00,87.2,29,81,38.7,0,0,0
2026-09-02 11:40:00,86.4,28,83,35.2,0,0,0
2026-09-02 11:45:00,89.7,11,81,39.7,0,0,0
2026-09-02 11:50:00,90.1,31,83,38.4,0,0,0
2026-09-02 11:55:00,89.0,31,82,33.0,0,0,0
2026-09-02 12:00:00,91.4,34,82,34.9,0,0,0
2026-09-02 12:05:00,84.3,34,85,36.7,0,0,0
2026-09-02 12:10:00,84.4,17,81,38.6,0,0,0
2026-09-02 12:15:00,86.4,19,82,34.2,0,0,0
2026-09-02 12:20:00,85.3,25,81,39.3,0,0,0
2026-09-02 12:25:00,84.8,8,81,39.2,0,0,0
2026-09-02 12:30:00,86.7,18,83,35.5,0,0,0
2026-09-02 12:35:00,86.8,21,82,36.3,0,0,0
2026-09-02 12:40:00,87.6,27,85,35.4,0,0,0
2026-09-02 12:45:00,89.0,19,82,35.7,0,0,0
2026-09-02 12:50:00,88.0,26,83,38.8,0,0,0
2026-09-02 12:55:00,88.4,13,79,35.5,0,0,0
2026-09-02 13:00:00,87.7,19,79,37.3,0,0,0
2026-09-02 13:05:00,87.6,21,85,39.6,0,0,0
2026-09-02 13:10:00,86.1,32,83,36.4,0,0,0
2026-09-02 13:15:00,87.8,23,84,35.2,0,0,0
2026-09-02 13:20:00,89.3,16,89,37.7,0,0,0
2026-09-02 13:25:00,91.5,21,83,35.6,0,0,0
2026-09-02 13:30:00,94.1,23,80,37.4,0,0,0
2026-09-02 13:35:00,92.0,18,88,38.6,0,61,55
2026-09-02 13:40:00,96.1,19,81,38.5,0,0,0
2026-09-02 13:45:00,100.9,15,87,36.3,0,0,0
2026-09-02 13:50:00,101.5,16,85,36.7,0,0,0
2026-09-02 13:55:00,115.4,18,87,37.9,0,0,0
2026-09-02 14:00:00,115.7,17,84,38.3,0,0,0
2026-09-02 14:05:00,113.7,8,80,35.1,0,0,0
2026-09-02 14:10:00,112.5,53,83,38.1,0,0,0
2026-09-02 14:15:00,115.7,26,82,36.7,0,0,0
2026-09-02 14:20:00,114.3,18,81,37.2,0,0,0
2026-09-02 14:25:00,114.6,20,84,39.0,0,0,0
2026-09-02 14:30:00,111.5,26,85,38.6,0,0,0
2026-09-02 14:35:00,110.1,433,105,35.4,0,0,0
2026-09-02 14:40:00,107.6,413,106,35.2,0,0,0
2026-09-02 14:45:00,105.3,400,106,37.5,0,0,0
2026-09-02 14:50:00,106.7,17,83,40.6,0,0,0
2026-09-02 14:55:00,104.4,9,82,33.4,0,0,0
2026-09-02 15:00:00,104.7,24,82,36.6,0,0,0
2026-09-02 15:05:00,100.6,26,81,38.9,0,0,0
2026-09-02 15:10:00,101.6,23,84,37.5,0,0,0
2026-09-02 15:15:00,97.8,27,82,38.6,0,0,0
2026-09-02 15:20:00,98.7,30,84,41.4,0,0,0
2026-09-02 15:25:00,96.2,21,79,36.8,0,0,0
2026-09-02 15:30:00,94.2,16,82,38.1,0,0,0
2026-09-02 15:35:00,90.1,17,83,35.0,0,0,0
2026-09-02 15:40:00,90.4,17,80,38.8,0,0,0
2026-09-02 15:45:00,89.8,54,82,35.6,0,0,0
2026-09-02 15:50:00,87.9,21,85,36.4,0,0,0
2026-09-02 15:55:00,87.6,22,78,41.3,0,0,0
2026-09-02 16:00:00,83.2,28,81,37.3,0,0,0
2026-09-02 16:05:00,78.7,39,83,38.9,0,0,0
2026-09-02 16:10:00,86.3,12,81,39.5,0,0,0
2026-09-02 16:15:00,86.6,25,82,36.5,0,0,0
2026-09-02 16:20:00,93.2,37,82,37.5,0,0,0
2026-09-02 16:25:00,90.3,17,84,41.0,0,0,0
2026-09-02 16:30:00,92.8,23,82,36.0,0,0,0
2026-09-02 16:35:00,89.0,21,86,35.1,0,0,0
2026-09-02 16:40:00,90.3,15,81,38.0,0,0,0
2026-09-02 16:45:00,89.9,25,83,36.3,0,0,0
2026-09-02 16:50:00,87.7,12,80,39.1,0,0,0
2026-09-02 16:55:00,86.8,27,84,35.1,0,0,0
2026-09-02 17:00:00,88.7,21,81,36.2,0,0,0
2026-09-02 17:05:00,87.3,25,87,36.1,0,0,0
2026-09-02 17:10:00,87.9,26,84,38.1,0,0,0
2026-09-02 17:15:00,89.2,18,83,36.4,0,0,0
2026-09-02 17:20:00,90.1,14,84,38.3,0,0,0
2026-09-02 17:25:00,90.7,42,84,39.6,0,0,0
2026-09-02 17:30:00,86.2,29,82,40.9,0,0,0
2026-09-02 17:35:00,82.8,26,81,32.5,0,0,0
2026-09-02 17:40:00,84.1,17,77,37.1,0,0,0
2026-09-02 17:45:00,84.6,28,84,38.7,0,0,0
2026-09-02 17:50:00,87.5,21,80,39.5,0,0,0
2026-09-02 17:55:00,88.0,31,82,36.1,0,0,0
2026-09-02 18:00:00,87.1,9,79,36.7,0,0,0
2026-09-02 18:05:00,83.7,36,82,37.6,0,0,0
2026-09-02 18:10:00,84.5,32,84,37.1,0,0,0
2026-09-02 18:15:00,82.7,27,79,38.2,0,0,0
2026-09-02 18:20:00,80.1,23,86,37.9,0,0,0
2026-09-02 18:25:00,79.6,31,83,38.5,0,0,0
2026-09-02 18:30:00,80.1,36,84,36.0,0,0,0
2026-09-02 18:35:00,82.0,27,80,37.5,0,0,0
2026-09-02 18:40:00,78.6,33,82,38.9,0,0,0
2026-09-02 18:45:00,79.8,15,83,38.4,0,0,0
2026-09-02 18:50:00,82.6,16,84,37.0,0,0,0
2026-09-02 18:55:00,82.4,23,82,40.1,0,0,0
2026-09-02 19:00:00,82.0,43,84,36.3,0,0,0
2026-09-02 19:05:00,81.3,36,82,38.5,0,0,0
2026-09-02 19:10:00,80.4,27,84,38.6,0,0,0
2026-09-02 19:15:00,79.1,31,80,39.5,0,0,0
2026-09-02 19:20:00,78.5,19,83,37.5,0,0,0
2026-09-02 19:25:00,77.3,18,82,36.3,0,0,0
2026-09-02 19:30:00,78.8,30,81,37.5,0,0,0
2026-09-02 19:35:00,89.3,37,81,36.0,0,0,0
2026-09-02 19:40:00,93.8,42,87,36.5,0,0,0
2026-09-02 19:45:00,97.5,51,83,40.6,0,0,0
2026-09-02 19:50:00,96.0,38,86,34.8,0,0,0
2026-09-02 19:55:00,92.6,26,82,39.3,0,0,0
2026-09-02 20:00:00,89.5,2,80,35.8,0,0,0
2026-09-02 20:05:00,91.9,33,83,33.7,0,0,0
2026-09-02 20:10:00,93.0,41,82,40.2,0,0,0
2026-09-02 20:15:00,94.3,15,84,35.9,0,0,0
2026-09-02 20:20:00,92.6,31,86,38.1,0,0,0
2026-09-02 20:25:00,91.7,13,82,37.2,0,0,0
2026-09-02 20:30:00,93.0,9,82,40.1,0,0,0
2026-09-02 20:35:00,90.6,25,81,35.5,0,0,0
2026-09-02 20:40:00,90.5,18,80,33.9,0,0,0
2026-09-02 20:45:00,92.6,21,82,40.8,0,0,0
2026-09-02 20:50:00,93.8,19,85,36.2,0,0,0
2026-09-02 20:55:00,95.7,20,81,40.3,0,0,0
2026-09-02 21:00:00,97.0,30,82,35.1,0,0,0
2026-09-02 21:05:00,96.1,21,82,36.0,0,0,0
2026-09-02 21:10:00,92.5,25,84,36.4,0,0,0
2026-09-02 21:15:00,88.5,11,85,36.0,0,0,0
2026-09-02 21:20:00,86.9,24,83,39.0,0,0,0
2026-09-02 21:25:00,88.0,26,83,35.5,0,0,0
2026-09-02 21:30:00,87.8,16,80,43.5,0,0,0
2026-09-02 21:35:00,85.4,19,85,38.2,0,0,0
2026-09-02 21:40:00,88.4,39,84,39.5,0,0,0
2026-09-02 21:45:00,87.8,25,81,37.4,0,0,0
2026-09-02 21:50:00,84.8,31,81,38.2,0,0,0
2026-09-02 21:55:00,84.8,24,83,37.7,0,0,0
2026-09-02 22:00:00,83.1,33,82,37.0,0,0,0
2026-09-02 22:05:00,85.1,26,85,38.6,0,0,0
2026-09-02 22:10:00,82.1,15,81,32.0,0,0,0
2026-09-02 22:15:00,80.0,16,84,37.3,0,0,0
2026-09-02 22:20:00,79.9,37,82,38.2,0,0,0
2026-09-02 22:25:00,79.3,15,81,40.1,0,0,0
2026-09-02 22:30:00,81.1,18,83,39.6,0,0,0
2026-09-02 22:35:00,81.9,32,81,38.1,0,0,0
2026-09-02 22:40:00,82.5,16,78,41.2,0,0,0
2026-09-02 22:45:00,83.4,7,82,34.9,0,0,0
2026-09-02 22:50:00,83.1,47,84,34.6,0,0,0
2026-09-02 22:55:00,83.0,25,84,38.3,0,0,0
2026-09-02 23:00:00,85.5,15,83,36.4,0,0,0
2026-09-02 23:05:00,85.7,14,80,32.8,0,0,0
2026-09-02 23:10:00,85.5,29,82,39.9,0,0,0
2026-09-02 23:15:00,87.4,26,83,40.4,0,0,0
2026-09-02 23:20:00,84.8,42,81,35.3,0,0,0
2026-09-02 23:25:00,86.5,23,84,38.4,0,0,0
2026-09-02 23:30:00,94.2,27,80,36.4,0,0,0
2026-09-02 23:35:00,90.5,25,87,36.3,0,0,0
2026-09-02 23:40:00,88.1,18,79,35.8,0,0,0
2026-09-02 23:45:00,86.8,29,84,39.8,0,0,0
2026-09-02 23:50:00,87.0,18,81,36.1,0,0,0
2026-09-02 23:55:00,84.0,13,83,36.4,0,0,0
2026-09-03 00:00:00,92.3,26,80,39.6,0,0,0
2026-09-03 00:05:00,92.7,34,83,37.5,0,0,0
2026-09-03 00:10:00,94.6,8,77,36.3,0,0,0
2026-09-03 00:15:00,94.3,25,87,37.2,0,0,0
2026-09-03 00:20:00,92.8,18,84,35.9,0,0,0
2026-09-03 00:25:00,93.1,28,81,34.7,0,0,0
2026-09-03 00:30:00,92.1,28,85,34.7,0,0,0
2026-09-03 00:35:00,92.3,20,84,37.3,0,0,0
2026-09-03 00:40:00,92.7,28,80,37.9,0,0,0
2026-09-03 00:45:00,92.2,0,75,56.6,1,0,0
2026-09-03 00:50:00,92.5,0,74,55.8,1,0,0
2026-09-03 00:55:00,96.1,0,74,60.5,1,0,0
2026-09-03 01:00:00,96.5,1,73,59.3,1,0,0
2026-09-03 01:05:00,96.3,0,72,61.4,1,0,0
2026-09-03 01:10:00,93.0,0,72,54.7,1,0,0
2026-09-03 01:15:00,96.5,0,69,59.2,1,0,0
2026-09-03 01:20:00,95.4,0,78,58.2,1,0,0
2026-09-03 01:25:00,94.7,1,73,61.2,1,0,0
2026-09-03 01:30:00,97.3,0,73,58.7,1,0,0
2026-09-03 01:35:00,97.5,1,74,58.6,1,0,0
2026-09-03 01:40:00,93.8,0,71,56.4,1,0,0
2026-09-03 01:45:00,94.8,0,69,59.5,1,0,0
2026-09-03 01:50:00,94.8,1,71,59.2,1,0,0
2026-09-03 01:55:00,94.5,0,77,57.7,1,0,0
2026-09-03 02:00:00,97.3,0,73,54.1,1,0,0
2026-09-03 02:05:00,99.3,0,73,55.8,1,0,0
2026-09-03 02:10:00,101.9,0,72,54.6,1,0,0
2026-09-03 02:15:00,106.1,0,74,59.8,1,0,0
2026-09-03 02:20:00,108.9,0,73,54.9,1,0,0
2026-09-03 02:25:00,109.3,0,74,56.1,1,0,0
2026-09-03 02:30:00,108.2,0,72,54.5,1,0,0
2026-09-03 02:35:00,112.4,0,73,56.6,1,0,0
2026-09-03 02:40:00,112.2,0,70,60.6,1,0,0
2026-09-03 02:45:00,112.8,0,70,61.9,1,0,0
2026-09-03 02:50:00,113.2,0,75,54.5,1,0,0
2026-09-03 02:55:00,111.7,0,71,56.8,1,0,0
2026-09-03 03:00:00,118.8,0,73,54.6,1,0,0
2026-09-03 03:05:00,117.1,0,72,59.8,1,0,0
2026-09-03 03:10:00,115.5,0,70,54.3,1,0,0
2026-09-03 03:15:00,114.0,1,69,61.2,1,0,0
2026-09-03 03:20:00,113.0,0,73,59.7,1,0,0
2026-09-03 03:25:00,112.6,0,72,57.9,1,0,0
2026-09-03 03:30:00,113.8,0,72,56.2,1,0,0
2026-09-03 03:35:00,116.4,1,67,57.3,1,0,0
2026-09-03 03:40:00,118.0,0,69,57.6,1,0,0
2026-09-03 03:45:00,118.4,0,76,56.8,1,0,0
2026-09-03 03:50:00,117.1,1,74,60.0,1,0,0
2026-09-03 03:55:00,118.6,1,74,59.5,1,0,0
2026-09-03 04:00:00,120.5,0,73,60.8,1,0,0
2026-09-03 04:05:00,117.8,0,72,60.3,1,0,0
2026-09-03 04:10:00,121.6,0,72,57.8,1,0,0
2026-09-03 04:15:00,123.8,0,75,57.3,1,0,0
2026-09-03 04:20:00,124.2,0,73,60.7,1,0,0
2026-09-03 04:25:00,124.4,0,70,54.8,1,0,0
2026-09-03 04:30:00,122.9,0,72,61.2,1,0,0
2026-09-03 04:35:00,123.1,0,71,60.0,1,0,0
2026-09-03 04:40:00,122.1,0,70,56.2,1,0,0
2026-09-03 04:45:00,122.9,0,71,56.4,1,0,0
2026-09-03 04:50:00,123.9,1,73,59.7,1,0,0
2026-09-03 04:55:00,127.6,1,74,61.5,1,0,0
2026-09-03 05:00:00,123.0,1,72,58.6,1,0,0
2026-09-03 05:05:00,124.7,0,73,60.9,1,0,0
2026-09-03 05:10:00,121.8,0,72,58.0,1,0,0
2026-09-03 05:15:00,120.0,1,71,59.9,1,0,0
2026-09-03 05:20:00,118.4,1,73,55.6,1,0,0
2026-09-03 05:25:00,118.9,0,70,54.5,1,0,0
2026-09-03 05:30:00,119.9,0,73,59.6,1,0,0
2026-09-03 05:35:00,124.6,0,71,59.5,1,0,0
2026-09-03 05:40:00,122.5,0,73,61.6,1,0,0
2026-09-03 05:45:00,122.5,0,73,57.5,1,0,0
2026-09-03 05:50:00,126.0,0,73,59.2,1,0,0
2026-09-03 05:55:00,125.1,0,72,57.0,1,0,0
2026-09-03 06:00:00,124.5,1,72,60.1,1,0,0
2026-09-03 06:05:00,119.8,2,70,59.7,1,0,0
2026-09-03 06:10:00,120.5,0,73,58.8,1,0,0
2026-09-03 06:15:00,119.0,0,72,58.3,1,0,0
2026-09-03 06:20:00,117.2,1,73,59.3,1,0,0
2026-09-03 06:25:00,119.4,0,71,59.8,1,0,0
2026-09-03 06:30:00,118.8,0,72,55.4,1,0,0
2026-09-03 06:35:00,117.8,0,76,58.8,1,0,0
2026-09-03 06:40:00,118.9,2,73,57.1,1,0,0
2026-09-03 06:45:00,119.0,0,71,56.5,1,0,0
2026-09-03 06:50:00,119.6,0,75,57.4,1,0,0
2026-09-03 06:55:00,120.1,0,71,57.3,1,0,0
2026-09-03 07:00:00,121.4,0,72,58.9,1,0,0
2026-09-03 07:05:00,123.1,17,82,37.3,0,0,0
2026-09-03 07:10:00,122.2,27,78,34.1,0,0,0
2026-09-03 07:15:00,121.5,25,84,36.1,0,41,70
2026-09-03 07:20:00,124.9,12,84,36.4,0,0,0
2026-09-03 07:25:00,128.9,43,91,35.6,0,0,0
2026-09-03 07:30:00,130.6,23,83,36.5,0,0,0
2026-09-03 07:35:00,134.1,11,82,35.3,0,0,0
2026-09-03 07:40:00,132.0,17,83,36.6,0,0,0
2026-09-03 07:45:00,131.2,34,81,37.9,0,0,0
2026-09-03 07:50:00,132.1,36,82,36.4,0,0,0
2026-09-03 07:55:00,133.1,23,82,35.5,0,0,0
2026-09-03 08:00:00,129.5,19,83,37.2,0,0,0
2026-09-03 08:05:00,132.1,9,82,37.6,0,0,0
2026-09-03 08:10:00,129.3,31,82,37.0,0,0,0
2026-09-03 08:15:00,126.5,20,81,38.2,0,0,0
2026-09-03 08:20:00,124.4,20,84,35.7,0,0,0
2026-09-03 08:25:00,122.4,14,83,37.4,0,0,0
2026-09-03 08:30:00,120.9,19,83,34.6,0,0,0
2026-09-03 08:35:00,123.5,19,82,36.4,0,0,0
2026-09-03 08:40:00,120.9,55,85,36.6,0,0,0
2026-09-03 08:45:00,119.8,26,79,34.0,0,0,0
2026-09-03 08:50:00,116.6,17,84,35.1,0,0,0
2026-09-03 08:55:00,116.4,39,83,37.0,0,0,0
2026-09-03 09:00:00,114.5,465,106,31.3,0,0,0
2026-09-03 09:05:00,110.4,457,106,34.0,0,0,0
2026-09-03 09:10:00,111.3,5,82,35.6,0,0,0
2026-09-03 09:15:00,111.4,52,85,34.7,0,0,0
2026-09-03 09:20:00,109.7,13,83,39.5,0,0,0
2026-09-03 09:25:00,105.5,16,79,35.1,0,0,0
2026-09-03 09:30:00,105.9,22,83,35.9,0,0,0
2026-09-03 09:35:00,104.9,35,81,34.7,0,0,0
2026-09-03 09:40:00,103.5,25,82,33.6,0,0,0
2026-09-03 09:45:00,101.7,23,81,34.9,0,0,0
2026-09-03 09:50:00,102.3,39,83,33.4,0,0,0
2026-09-03 09:55:00,104.9,9,82,35.2,0,0,0
2026-09-03 10:00:00,104.4,22,83,37.1,0,0,0
2026-09-03 10:05:00,103.3,21,84,32.0,0,0,0
2026-09-03 10:10:00,103.9,18,81,36.6,0,0,0
2026-09-03 10:15:00,100.9,24,78,36.6,0,0,0
2026-09-03 10:20:00,103.6,17,81,38.3,0,0,0
2026-09-03 10:25:00,104.2,20,82,35.0,0,0,0
2026-09-03 10:30:00,106.5,25,85,35.5,0,0,0
2026-09-03 10:35:00,104.3,33,87,33.6,0,0,0
2026-09-03 10:40:00,104.7,45,83,35.4,0,0,0
2026-09-03 10:45:00,106.4,20,83,37.6,0,0,0
2026-09-03 10:50:00,106.8,30,84,35.3,0,0,0
2026-09-03 10:55:00,105.6,18,81,35.9,0,0,0
2026-09-03 11:00:00,103.7,24,87,36.3,0,0,0
2026-09-03 11:05:00,103.1,25,82,33.6,0,0,0
2026-09-03 11:10:00,100.2,36,83,34.0,0,0,0
2026-09-03 11:15:00,99.7,25,81,33.1,0,0,0
2026-09-03 11:20:00,100.4,9,84,35.2,0,0,0
2026-09-03 11:25:00,100.4,19,81,36.2,0,0,0
2026-09-03 11:30:00,104.2,34,82,38.8,0,0,0
2026-09-03 11:35:00,104.2,28,84,33.3,0,0,0
2026-09-03 11:40:00,105.3,11,82,39.2,0,0,0
2026-09-03 11:45:00,109.1,19,84,39.6,0,0,0
2026-09-03 11:50:00,109.7,8,86,34.8,0,0,0
2026-09-03 11:55:00,107.4,35,85,36.0,0,0,0
2026-09-03 12:00:00,107.4,31,83,37.4,0,0,0
2026-09-03 12:05:00,104.9,13,82,39.5,0,0,0
2026-09-03 12:10:00,106.4,33,81,36.7,0,0,0
2026-09-03 12:15:00,105.5,28,85,36.5,0,0,0
2026-09-03 12:20:00,107.4,12,81,36.7,0,0,0
2026-09-03 12:25:00,108.2,26,81,34.6,0,0,0
2026-09-03 12:30:00,104.7,23,80,35.6,0,0,0
2026-09-03 12:35:00,103.4,18,79,37.8,0,0,0
2026-09-03 12:40:00,100.2,22,81,36.4,0,0,0
2026-09-03 12:45:00,101.9,37,87,38.4,0,0,0
2026-09-03 12:50:00,110.2,8,83,38.5,0,0,0
2026-09-03 12:55:00,108.0,54,87,40.7,0,0,0
2026-09-03 13:00:00,108.5,19,82,35.3,0,0,0
2026-09-03 13:05:00,109.9,28,85,36.8,0,0,0
2026-09-03 13:10:00,106.6,41,84,37.7,0,0,0
2026-09-03 13:15:00,111.0,28,81,37.9,0,0,0
2026-09-03 13:20:00,110.3,19,84,36.3,0,0,0
2026-09-03 13:25:00,114.7,29,85,35.8,0,0,0
2026-09-03 13:30:00,115.1,22,85,39.3,0,0,0
2026-09-03 13:35:00,114.1,12,87,34.5,0,53,55
2026-09-03 13:40:00,120.8,26,86,36.7,0,0,0
2026-09-03 13:45:00,124.2,30,86,34.7,0,0,0
2026-09-03 13:50:00,123.4,17,83,34.8,0,0,0
2026-09-03 13:55:00,123.8,21,82,34.0,0,0,0
2026-09-03 14:00:00,126.2,462,109,31.1,0,0,0
2026-09-03 14:05:00,127.3,455,106,33.3,0,0,0
2026-09-03 14:10:00,126.1,21,79,35.7,0,0,0
2026-09-03 14:15:00,124.4,27,80,33.4,0,0,0
2026-09-03 14:20:00,124.8,23,82,37.5,0,0,0
2026-09-03 14:25:00,125.3,17,84,34.2,0,0,0
2026-09-03 14:30:00,126.3,32,87,36.7,0,0,0
2026-09-03 14:35:00,125.5,32,83,36.8,0,0,0
2026-09-03 14:40:00,128.6,9,82,32.8,0,0,0
2026-09-03 14:45:00,130.3,23,82,37.1,0,0,0
2026-09-03 14:50:00,126.1,23,83,36.2,0,0,0
2026-09-03 14:55:00,127.3,43,82,36.0,0,0,0
2026-09-03 15:00:00,127.0,21,83,38.0,0,0,0
2026-09-03 15:05:00,122.7,16,84,37.9,0,0,0
2026-09-03 15:10:00,124.3,19,82,34.7,0,0,0
2026-09-03 15:15:00,122.1,26,83,38.3,0,0,0
2026-09-03 15:20:00,117.4,12,82,36.3,0,0,0
2026-09-03 15:25:00,118.8,48,82,36.5,0,0,0
2026-09-03 15:30:00,115.0,11,82,31.4,0,0,0
2026-09-03 15:35:00,112.8,20,81,37.0,0,0,0
2026-09-03 15:40:00,111.4,14,85,39.0,0,0,0
2026-09-03 15:45:00,106.8,32,81,35.2,0,0,0
2026-09-03 15:50:00,109.3,24,82,36.6,0,0,0
2026-09-03 15:55:00,111.5,28,83,32.2,0,0,0
2026-09-03 16:00:00,110.3,15,82,34.8,0,0,0
2026-09-03 16:05:00,111.0,29,80,37.6,0,0,0
2026-09-03 16:10:00,110.1,27,80,41.0,0,0,0
2026-09-03 16:15:00,108.1,17,81,37.6,0,0,0
2026-09-03 16:20:00,108.8,37,83,37.4,0,0,0
2026-09-03 16:25:00,106.6,21,81,35.6,0,0,0
2026-09-03 16:30:00,106.2,29,80,37.5,0,0,0
2026-09-03 16:35:00,105.6,22,83,32.2,0,0,0
2026-09-03 16:40:00,103.3,23,85,35.7,0,0,0
2026-09-03 16:45:00,101.5,4,79,36.0,0,0,0
2026-09-03 16:50:00,105.4,30,82,34.9,0,0,0
2026-09-03 16:55:00,105.9,20,83,37.1,0,0,0
2026-09-03 17:00:00,101.9,31,83,34.8,0,0,0
2026-09-03 17:05:00,103.6,20,83,34.3,0,0,0
2026-09-03 17:10:00,103.1,11,83,31.9,0,0,0
2026-09-03 17:15:00,101.1,34,84,38.0,0,0,0
2026-09-03 17:20:00,101.7,18,79,34.3,0,0,0
2026-09-03 17:25:00,101.3,18,76,35.6,0,0,0
2026-09-03 17:30:00,100.4,407,105,33.2,0,0,0
2026-09-03 17:35:00,99.9,426,107,35.2,0,0,0
2026-09-03 17:40:00,100.5,411,104,36.1,0,0,0
2026-09-03 17:45:00,104.3,31,83,34.9,0,0,0
2026-09-03 17:50:00,107.1,17,81,36.4,0,0,0
2026-09-03 17:55:00,105.7,21,80,36.7,0,0,0
2026-09-03 18:00:00,99.9,11,81,33.9,0,0,0
2026-09-03 18:05:00,102.1,45,85,35.3,0,14,35
2026-09-03 18:10:00,105.1,31,88,32.8,0,0,0
2026-09-03 18:15:00,109.5,29,87,38.1,0,0,0
2026-09-03 18:20:00,113.2,16,86,37.8,0,0,0
2026-09-03 18:25:00,115.0,9,85,35.9,0,0,0
2026-09-03 18:30:00,117.6,24,83,35.0,0,0,0
2026-09-03 18:35:00,116.5,32,80,37.9,0,0,0
2026-09-03 18:40:00,114.8,11,82,34.4,0,0,0
2026-09-03 18:45:00,116.9,24,81,36.4,0,0,0
2026-09-03 18:50:00,115.6,18,82,32.3,0,0,0
2026-09-03 18:55:00,111.7,29,84,36.6,0,0,0
2026-09-03 19:00:00,111.6,32,80,39.8,0,0,0
2026-09-03 19:05:00,111.3,15,83,34.5,0,0,0
2026-09-03 19:10:00,106.6,26,82,33.5,0,0,0
2026-09-03 19:15:00,107.6,22,83,36.3,0,0,0
2026-09-03 19:20:00,105.7,23,82,30.7,0,0,0
2026-09-03 19:25:00,105.4,66,84,38.1,0,0,0
2026-09-03 19:30:00,105.8,13,82,38.7,0,0,0
2026-09-03 19:35:00,113.9,11,79,35.2,0,0,0
2026-09-03 19:40:00,112.9,14,81,33.3,0,0,0
2026-09-03 19:45:00,111.4,22,83,36.6,0,0,0
2026-09-03 19:50:00,109.4,20,79,37.3,0,0,0
2026-09-03 19:55:00,112.2,24,82,37.4,0,0,0
2026-09-03 20:00:00,108.9,31,83,36.4,0,0,0
2026-09-03 20:05:00,112.0,15,81,36.1,0,0,0
2026-09-03 20:10:00,112.5,8,81,40.6,0,0,0
2026-09-03 20:15:00,116.7,15,82,38.5,0,0,0
2026-09-03 20:20:00,115.7,26,83,33.6,0,0,0
2026-09-03 20:25:00,118.3,22,85,39.7,0,0,0
2026-09-03 20:30:00,118.7,6,81,34.5,0,0,0
2026-09-03 20:35:00,116.0,14,80,32.4,0,0,0
2026-09-03 20:40:00,115.2,24,83,39.3,0,0,0
2026-09-03 20:45:00,117.4,25,79,37.0,0,0,0
2026-09-03 20:50:00,118.1,18,85,36.6,0,0,0
2026-09-03 20:55:00,118.5,32,85,33.3,0,0,0
2026-09-03 21:00:00,116.5,14,82,36.2,0,0,0
2026-09-03 21:05:00,114.6,43,87,36.9,0,0,0
2026-09-03 21:10:00,111.5,30,85,37.0,0,0,0
2026-09-03 21:15:00,107.9,32,78,36.0,0,0,0
2026-09-03 21:20:00,103.4,40,87,36.2,0,0,0
2026-09-03 21:25:00,103.3,27,86,38.5,0,0,0
2026-09-03 21:30:00,102.6,29,82,32.8,0,0,0
2026-09-03 21:35:00,100.3,32,80,39.0,0,0,0
2026-09-03 21:40:00,105.8,12,82,37.3,0,0,0
2026-09-03 21:45:00,104.6,17,81,33.4,0,0,0
2026-09-03 21:50:00,106.1,27,88,35.3,0,0,0
2026-09-03 21:55:00,105.2,65,84,36.9,0,0,0
2026-09-03 22:00:00,103.8,65,86,38.1,0,0,0
2026-09-03 22:05:00,103.1,21,85,34.3,0,0,0
2026-09-03 22:10:00,102.7,37,81,37.0,0,0,0
2026-09-03 22:15:00,100.2,44,84,35.5,0,0,0
2026-09-03 22:20:00,101.9,15,83,35.8,0,0,0
2026-09-03 22:25:00,102.0,27,84,38.5,0,0,0
2026-09-03 22:30:00,102.7,11,84,36.3,0,0,0
2026-09-03 22:35:00,102.6,27,82,36.6,0,0,0
2026-09-03 22:40:00,103.5,12,83,37.4,0,0,0
2026-09-03 22:45:00,100.6,28,80,32.3,0,0,0
2026-09-03 22:50:00,102.9,39,83,35.2,0,0,0
2026-09-03 22:55:00,103.0,12,82,38.5,0,0,0
2026-09-03 23:00:00,104.7,22,81,38.0,0,0,0
2026-09-03 23:05:00,104.8,19,80,30.4,0,0,0
2026-09-03 23:10:00,101.7,20,79,35.2,0,0,0
2026-09-03 23:15:00,101.7,24,85,37.1,0,0,0
2026-09-03 23:20:00,96.7,11,81,35.9,0,0,0
2026-09-03 23:25:00,92.6,14,80,37.5,0,0,0
2026-09-03 23:30:00,96.6,9,84,35.3,0,0,0
2026-09-03 23:35:00,96.1,9,83,35.6,0,0,0
2026-09-03 23:40:00,95.6,26,80,36.1,0,0,0
2026-09-03 23:45:00,95.1,24,83,33.9,0,0,0
2026-09-03 23:50:00,95.0,10,82,37.3,0,0,0
2026-09-03 23:55:00,98.8,12,82,39.0,0,0,0
2026-09-04 00:00:00,96.5,35,85,35.3,0,0,0
2026-09-04 00:05:00,97.3,6,84,36.8,0,0,0
2026-09-04 00:10:00,95.3,28,83,40.2,0,0,0
2026-09-04 00:15:00,95.5,0,72,58.5,1,0,0
2026-09-04 00:20:00,93.4,0,74,57.6,1,0,0
2026-09-04 00:25:00,94.5,0,69,59.9,1,0,0
2026-09-04 00:30:00,95.6,0,74,60.8,1,0,0
2026-09-04 00:35:00,94.2,0,75,60.9,1,0,0
2026-09-04 00:40:00,94.7,0,70,58.4,1,0,0
2026-09-04 00:45:00,98.7,0,70,58.6,1,0,0
2026-09-04 00:50:00,99.7,0,71,58.7,1,0,0
2026-09-04 00:55:00,99.5,0,75,60.0,1,0,0
2026-09-04 01:00:00,97.2,0,72,60.8,1,0,0
2026-09-04 01:05:00,97.0,1,74,59.2,1,0,0
2026-09-04 01:10:00,96.7,0,73,59.3,1,0,0
2026-09-04 01:15:00,99.3,0,75,56.0,1,0,0
2026-09-04 01:20:00,98.3,0,74,60.0,1,0,0
2026-09-04 01:25:00,99.1,0,75,60.2,1,0,0
2026-09-04 01:30:00,101.5,0,72,58.0,1,0,0
2026-09-04 01:35:00,103.5,1,75,57.6,1,0,0
2026-09-04 01:40:00,101.6,0,72,60.8,1,0,0
2026-09-04 01:45:00,103.1,0,76,59.5,1,0,0
2026-09-04 01:50:00,104.3,0,72,58.0,1,0,0
2026-09-04 01:55:00,103.3,0,73,59.5,1,0,0
2026-09-04 02:00:00,102.4,0,74,58.4,1,0,0
2026-09-04 02:05:00,102.7,0,75,59.1,1,0,0
2026-09-04 02:10:00,105.5,2,73,62.6,1,0,0
2026-09-04 02:15:00,104.5,0,74,55.6,1,0,0
2026-09-04 02:20:00,101.7,0,74,54.6,1,0,0
2026-09-04 02:25:00,102.8,0,73,57.0,1,0,0
2026-09-04 02:30:00,104.6,0,75,57.0,1,0,0
2026-09-04 02:35:00,100.8,0,73,59.4,1,0,0
2026-09-04 02:40:00,101.1,0,77,57.7,1,0,0
2026-09-04 02:45:00,104.2,2,70,59.7,1,0,0
2026-09-04 02:50:00,101.2,0,77,64.1,1,0,0
2026-09-04 02:55:00,97.8,1,74,56.4,1,0,0
2026-09-04 03:00:00,102.9,1,71,60.4,1,0,0
2026-09-04 03:05:00,100.9,0,75,58.3,1,0,0
2026-09-04 03:10:00,101.5,1,74,57.0,1,0,0
2026-09-04 03:15:00,100.6,0,74,59.9,1,0,0
2026-09-04 03:20:00,100.8,1,71,61.0,1,0,0
2026-09-04 03:25:00,99.4,0,80,63.4,1,0,0
2026-09-04 03:30:00,99.5,0,74,62.8,1,0,0
2026-09-04 03:35:00,100.8,0,75,61.7,1,0,0
2026-09-04 03:40:00,104.8,0,78,55.3,1,0,0
2026-09-04 03:45:00,111.1,1,71,59.4,1,0,0
2026-09-04 03:50:00,106.5,0,75,60.8,1,0,0
2026-09-04 03:55:00,106.7,0,73,61.3,1,0,0
2026-09-04 04:00:00,105.4,0,72,60.4,1,0,0
2026-09-04 04:05:00,104.8,0,73,60.8,1,0,0
2026-09-04 04:10:00,101.5,0,74,58.1,1,0,0
2026-09-04 04:15:00,98.2,0,75,55.7,1,0,0
2026-09-04 04:20:00,102.7,1,69,63.5,1,0,0
2026-09-04 04:25:00,103.2,0,72,58.9,1,0,0
2026-09-04 04:30:00,106.7,0,73,62.3,1,0,0
2026-09-04 04:35:00,107.7,0,73,60.3,1,0,0
2026-09-04 04:40:00,109.7,1,75,60.5,1,0,0
2026-09-04 04:45:00,108.4,2,76,56.2,1,0,0
2026-09-04 04:50:00,110.0,0,75,58.0,1,0,0
2026-09-04 04:55:00,107.9,0,76,56.4,1,0,0
2026-09-04 05:00:00,109.6,0,72,59.1,1,0,0
2026-09-04 05:05:00,108.4,1,71,58.9,1,0,0
2026-09-04 05:10:00,109.6,0,77,59.1,1,0,0
2026-09-04 05:15:00,110.8,0,73,58.5,1,0,0
2026-09-04 05:20:00,113.3,0,69,60.5,1,0,0
2026-09-04 05:25:00,112.4,1,72,60.2,1,0,0
2026-09-04 05:30:00,110.5,1,74,60.8,1,0,0
2026-09-04 05:35:00,111.7,1,74,57.0,1,0,0
2026-09-04 05:40:00,107.8,0,73,58.5,1,0,0
2026-09-04 05:45:00,110.1,0,71,61.1,1,0,0
2026-09-04 05:50:00,110.7,0,70,58.4,1,0,0
2026-09-04 05:55:00,114.6,0,72,60.7,1,0,0
2026-09-04 06:00:00,114.9,0,73,59.7,1,0,0
2026-09-04 06:05:00,116.0,1,71,60.9,1,0,0
2026-09-04 06:10:00,115.4,1,72,61.5,1,0,0
2026-09-04 06:15:00,116.8,0,76,56.3,1,0,0
2026-09-04 06:20:00,119.9,1,71,57.8,1,0,0
2026-09-04 06:25:00,119.8,0,70,57.2,1,0,0
2026-09-04 06:30:00,120.0,1,71,58.3,1,0,0
2026-09-04 06:35:00,120.8,0,76,56.5,1,0,0
2026-09-04 06:40:00,120.2,20,84,41.6,0,0,0
2026-09-04 06:45:00,120.4,17,84,32.8,0,0,0
2026-09-04 06:50:00,119.4,19,81,36.4,0,0,0
2026-09-04 06:55:00,115.2,15,83,35.1,0,0,0
2026-09-04 07:00:00,114.0,24,81,35.9,0,0,0
2026-09-04 07:05:00,110.0,32,83,37.1,0,0,0
2026-09-04 07:10:00,110.6,16,83,36.5,0,0,0
2026-09-04 07:15:00,111.3,22,82,37.9,0,0,0
2026-09-04 07:20:00,112.1,33,83,38.5,0,0,0
2026-09-04 07:25:00,109.1,11,85,37.9,0,0,0
2026-09-04 07:30:00,107.7,25,84,39.7,0,0,0
2026-09-04 07:35:00,109.8,24,83,35.4,0,0,0
2026-09-04 07:40:00,108.5,14,81,37.3,0,0,0
2026-09-04 07:45:00,111.8,20,83,34.9,0,0,0
2026-09-04 07:50:00,112.7,38,82,38.3,0,0,0
2026-09-04 07:55:00,112.0,28,83,36.6,0,0,0
2026-09-04 08:00:00,111.6,24,82,40.9,0,0,0
2026-09-04 08:05:00,110.5,16,81,37.1,0,0,0
2026-09-04 08:10:00,110.7,27,83,36.3,0,0,0
2026-09-04 08:15:00,110.5,8,83,36.2,0,0,0
2026-09-04 08:20:00,109.2,29,83,37.8,0,0,0
2026-09-04 08:25:00,110.5,43,81,39.2,0,0,0
2026-09-04 08:30:00,107.4,34,84,37.9,0,0,0
2026-09-04 08:35:00,106.9,13,84,37.5,0,0,0
2026-09-04 08:40:00,105.5,11,79,34.8,0,0,0
2026-09-04 08:45:00,102.6,6,82,39.5,0,0,0
2026-09-04 08:50:00,104.0,18,80,35.8,0,0,0
2026-09-04 08:55:00,99.1,16,85,36.3,0,0,0
2026-09-04 09:00:00,96.8,20,82,37.3,0,0,0
2026-09-04 09:05:00,95.6,15,84,37.9,0,0,0
2026-09-04 09:10:00,92.0,29,79,37.5,0,0,0
2026-09-04 09:15:00,90.6,18,83,34.1,0,0,0
2026-09-04 09:20:00,92.1,26,81,32.7,0,0,0
2026-09-04 09:25:00,91.8,79,81,38.4,0,0,0
2026-09-04 09:30:00,93.2,11,81,38.2,0,0,0
2026-09-04 09:35:00,91.6,54,86,33.7,0,0,0
2026-09-04 09:40:00,96.2,22,85,33.3,0,0,0
2026-09-04 09:45:00,96.5,39,83,32.9,0,0,0
2026-09-04 09:50:00,93.0,13,80,34.8,0,0,0
2026-09-04 09:55:00,93.0,27,83,34.0,0,0,0
2026-09-04 10:00:00,95.3,17,81,38.1,0,0,0
2026-09-04 10:05:00,93.5,29,83,34.1,0,0,0
2026-09-04 10:10:00,98.0,28,84,36.9,0,0,0
2026-09-04 10:15:00,97.7,24,84,38.2,0,0,0
2026-09-04 10:20:00,101.0,10,85,38.6,0,0,0
2026-09-04 10:25:00,106.3,16,80,36.2,0,0,0
2026-09-04 10:30:00,105.8,13,84,36.8,0,0,0
2026-09-04 10:35:00,102.7,25,85,35.1,0,0,0
2026-09-04 10:40:00,97.4,17,82,36.3,0,0,0
2026-09-04 10:45:00,100.3,13,81,35.3,0,0,0
2026-09-04 10:50:00,100.9,23,79,36.4,0,0,0
2026-09-04 10:55:00,101.4,22,87,36.4,0,0,0
2026-09-04 11:00:00,102.0,18,81,36.1,0,0,0
2026-09-04 11:05:00,98.8,33,86,37.2,0,0,0
2026-09-04 11:10:00,94.8,22,83,37.4,0,0,0
2026-09-04 11:15:00,97.3,35,79,41.2,0,0,0
2026-09-04 11:20:00,97.3,29,83,39.6,0,0,0
2026-09-04 11:25:00,96.9,17,84,35.5,0,0,0
2026-09-04 11:30:00,97.3,24,83,36.9,0,0,0
2026-09-04 11:35:00,95.4,9,82,34.8,0,0,0
2026-09-04 11:40:00,98.7,29,79,36.2,0,0,0
2026-09-04 11:45:00,99.8,12,79,39.0,0,0,0
2026-09-04 11:50:00,100.8,34,78,39.5,0,0,0
2026-09-04 11:55:00,98.3,70,81,36.4,0,0,0
2026-09-04 12:00:00,98.8,17,82,36.6,0,0,0
2026-09-04 12:05:00,102.1,16,80,36.4,0,0,0
2026-09-04 12:10:00,102.2,24,80,35.3,0,0,0
2026-09-04 12:15:00,105.6,25,83,38.5,0,0,0
2026-09-04 12:20:00,103.8,14,81,37.9,0,0,0
2026-09-04 12:25:00,104.0,36,80,35.3,0,0,0
2026-09-04 12:30:00,102.2,17,81,39.7,0,0,0
2026-09-04 12:35:00,103.2,27,83,37.5,0,0,0
2026-09-04 12:40:00,105.3,35,84,37.3,0,0,0
2026-09-04 12:45:00,105.4,24,81,35.0,0,0,0
2026-09-04 12:50:00,108.0,25,79,36.2,0,0,0
2026-09-04 12:55:00,106.7,23,84,33.4,0,0,0
2026-09-04 13:00:00,100.8,17,85,36.0,0,0,0
2026-09-04 13:05:00,101.2,20,82,34.2,0,0,0
2026-09-04 13:10:00,103.4,18,82,36.8,0,0,0
2026-09-04 13:15:00,103.0,14,85,32.5,0,65,55
2026-09-04 13:20:00,107.6,13,86,37.7,0,0,0
2026-09-04 13:25:00,109.4,24,87,34.0,0,0,0
2026-09-04 13:30:00,112.7,48,87,37.1,0,0,0
2026-09-04 13:35:00,115.1,8,81,36.3,0,0,0
2026-09-04 13:40:00,117.5,25,86,35.9,0,0,0
2026-09-04 13:45:00,118.1,13,84,37.2,0,0,0
2026-09-04 13:50:00,115.3,23,83,34.1,0,0,0
2026-09-04 13:55:00,114.5,18,83,36.2,0,0,0
2026-09-04 14:00:00,120.9,18,78,33.3,0,0,0
2026-09-04 14:05:00,120.0,18,85,39.2,0,0,0
2026-09-04 14:10:00,122.1,43,86,38.4,0,0,0
2026-09-04 14:15:00,121.0,9,81,37.8,0,0,0
2026-09-04 14:20:00,120.7,11,86,37.2,0,0,0
2026-09-04 14:25:00,119.6,10,83,38.1,0,0,0
2026-09-04 14:30:00,118.0,15,84,33.9,0,0,0
2026-09-04 14:35:00,112.7,14,81,32.5,0,0,0
2026-09-04 14:40:00,109.1,5,84,36.9,0,0,0
2026-09-04 14:45:00,107.5,16,79,38.4,0,0,0
2026-09-04 14:50:00,106.0,35,80,39.3,0,0,0
2026-09-04 14:55:00,104.7,27,84,41.2,0,0,0
2026-09-04 15:00:00,101.1,30,83,39.1,0,0,0
2026-09-04 15:05:00,98.8,41,83,39.9,0,0,0
2026-09-04 15:10:00,101.3,30,83,37.8,0,0,0
2026-09-04 15:15:00,101.4,29,83,31.2,0,0,0
2026-09-04 15:20:00,99.2,5,81,36.7,0,0,0
2026-09-04 15:25:00,97.8,21,81,35.8,0,0,0
2026-09-04 15:30:00,95.8,24,79,36.1,0,0,0
2026-09-04 15:35:00,92.5,19,82,38.2,0,0,0
2026-09-04 15:40:00,95.2,40,84,37.8,0,0,0
2026-09-04 15:45:00,99.0,25,82,37.1,0,0,0
2026-09-04 15:50:00,102.6,11,84,35.2,0,0,0
2026-09-04 15:55:00,102.0,36,80,37.8,0,0,0
2026-09-04 16:00:00,100.6,13,82,36.7,0,0,0
2026-09-04 16:05:00,99.5,22,81,36.6,0,0,0
2026-09-04 16:10:00,104.1,33,85,37.5,0,0,0
2026-09-04 16:15:00,105.6,18,84,37.9,0,0,0
2026-09-04 16:20:00,102.9,20,81,34.7,0,0,0
2026-09-04 16:25:00,101.6,26,85,36.1,0,0,0
2026-09-04 16:30:00,101.3,24,80,34.7,0,0,0
2026-09-04 16:35:00,104.7,23,80,33.3,0,0,0
2026-09-04 16:40:00,103.3,12,84,39.8,0,0,0
2026-09-04 16:45:00,101.9,5,82,35.5,0,0,0
2026-09-04 16:50:00,103.3,25,81,31.5,0,0,0
2026-09-04 16:55:00,102.9,18,85,37.9,0,0,0
2026-09-04 17:00:00,99.1,11,84,37.0,0,0,0
2026-09-04 17:05:00,98.1,17,86,38.9,0,0,0
2026-09-04 17:10:00,99.3,31,88,36.7,0,0,0
2026-09-04 17:15:00,96.3,31,82,37.2,0,0,0
2026-09-04 17:20:00,97.0,18,84,34.4,0,0,0
2026-09-04 17:25:00,96.8,11,79,37.3,0,0,0
2026-09-04 17:30:00,95.8,24,85,38.4,0,0,0
2026-09-04 17:35:00,91.6,47,82,34.8,0,0,0
2026-09-04 17:40:00,90.6,26,83,35.8,0,0,0
2026-09-04 17:45:00,88.6,25,80,34.8,0,0,0
2026-09-04 17:50:00,88.4,8,84,38.4,0,0,0
2026-09-04 17:55:00,88.9,10,80,37.9,0,0,0
2026-09-04 18:00:00,86.2,9,83,39.2,0,0,0
2026-09-04 18:05:00,85.5,19,84,41.2,0,0,0
2026-09-04 18:10:00,86.1,12,83,33.5,0,0,0
2026-09-04 18:15:00,86.9,34,82,40.6,0,0,0
2026-09-04 18:20:00,83.9,13,81,35.7,0,0,0
2026-09-04 18:25:00,79.8,11,78,40.0,0,0,0
2026-09-04 18:30:00,80.8,24,82,35.7,0,0,0
2026-09-04 18:35:00,81.8,42,84,33.1,0,0,0
2026-09-04 18:40:00,80.4,29,86,37.5,0,0,0
2026-09-04 18:45:00,82.6,19,82,38.0,0,0,0
2026-09-04 18:50:00,82.5,58,83,35.6,0,0,0
2026-09-04 18:55:00,82.3,10,84,36.9,0,0,0
2026-09-04 19:00:00,81.2,12,81,37.8,0,0,0
2026-09-04 19:05:00,84.4,18,86,36.2,0,0,0
2026-09-04 19:10:00,88.2,21,77,37.2,0,0,0
2026-09-04 19:15:00,96.9,23,81,38.2,0,0,0
2026-09-04 19:20:00,96.5,15,82,34.5,0,0,0
2026-09-04 19:25:00,96.1,52,82,35.2,0,0,0
2026-09-04 19:30:00,94.6,11,84,39.3,0,0,0
2026-09-04 19:35:00,94.7,24,81,38.4,0,0,0
2026-09-04 19:40:00,94.8,19,85,37.1,0,0,0
2026-09-04 19:45:00,94.2,19,83,38.4,0,0,0
2026-09-04 19:50:00,93.5,18,82,38.2,0,0,0
2026-09-04 19:55:00,91.7,23,84,37.6,0,0,0
2026-09-04 20:00:00,93.8,24,84,40.1,0,0,0
2026-09-04 20:05:00,92.7,429,107,35.4,0,0,0
2026-09-04 20:10:00,89.9,417,109,38.0,0,0,0
2026-09-04 20:15:00,88.7,421,106,36.8,0,0,0
2026-09-04 20:20:00,90.3,27,84,37.1,0,0,0
2026-09-04 20:25:00,89.2,11,85,35.9,0,0,0
2026-09-04 20:30:00,91.6,24,79,37.0,0,0,0
2026-09-04 20:35:00,92.5,13,82,37.7,0,0,0
2026-09-04 20:40:00,94.3,12,85,38.8,0,0,0
2026-09-04 20:45:00,95.0,19,83,37.8,0,0,0
2026-09-04 20:50:00,98.1,9,84,36.5,0,0,0
2026-09-04 20:55:00,97.1,42,85,35.5,0,0,0
2026-09-04 21:00:00,93.8,13,79,37.0,0,0,0
2026-09-04 21:05:00,93.5,25,84,37.6,0,0,0
2026-09-04 21:10:00,92.1,15,87,37.6,0,56,68
2026-09-04 21:15:00,96.9,41,84,35.7,0,0,0
2026-09-04 21:20:00,100.6,24,89,35.1,0,0,0
2026-09-04 21:25:00,102.4,38,88,32.9,0,0,0
2026-09-04 21:30:00,107.4,23,85,36.8,0,0,0
2026-09-04 21:35:00,109.1,24,87,37.5,0,0,0
2026-09-04 21:40:00,108.7,13,85,33.3,0,0,0
2026-09-04 21:45:00,111.2,38,83,37.1,0,0,0
2026-09-04 21:50:00,111.3,21,85,37.5,0,0,0
2026-09-04 21:55:00,111.8,23,86,33.8,0,0,0
2026-09-04 22:00:00,112.6,35,80,37.6,0,0,0
2026-09-04 22:05:00,108.1,40,86,33.9,0,0,0
2026-09-04 22:10:00,105.3,19,83,36.2,0,0,0
2026-09-04 22:15:00,106.5,12,86,37.3,0,0,0
2026-09-04 22:20:00,103.6,14,85,41.4,0,0,0
2026-09-04 22:25:00,100.3,28,83,36.4,0,0,0
2026-09-04 22:30:00,100.0,30,84,34.9,0,0,0
2026-09-04 22:35:00,101.6,19,81,35.8,0,0,0
2026-09-04 22:40:00,101.9,8,81,39.9,0,0,0
2026-09-04 22:45:00,98.6,39,82,37.8,0,0,0
2026-09-04 22:50:00,98.6,16,86,36.1,0,0,0
2026-09-04 22:55:00,98.2,0,74,58.9,1,0,0
2026-09-04 23:00:00,97.2,0,74,60.1,1,0,0
2026-09-04 23:05:00,98.5,2,71,57.0,1,0,0
2026-09-04 23:10:00,99.8,0,74,54.7,1,0,0
2026-09-04 23:15:00,100.0,2,72,57.6,1,0,0
2026-09-04 23:20:00,101.1,0,70,61.2,1,0,0
2026-09-04 23:25:00,104.5,0,71,59.1,1,0,0
2026-09-04 23:30:00,106.4,0,71,53.5,1,0,0
2026-09-04 23:35:00,106.9,0,71,60.8,1,0,0
2026-09-04 23:40:00,108.7,0,73,62.1,1,0,0
2026-09-04 23:45:00,109.5,0,70,60.2,1,0,0
2026-09-04 23:50:00,109.4,1,69,58.2,1,0,0
2026-09-04 23:55:00,104.7,0,73,60.1,1,0,0
2026-09-05 00:00:00,105.3,1,79,63.1,1,0,0
2026-09-05 00:05:00,103.5,0,71,58.7,1,0,0
2026-09-05 00:10:00,101.6,0,68,55.6,1,0,0
2026-09-05 00:15:00,100.5,1,75,58.9,1,0,0
2026-09-05 00:20:00,101.3,1,75,59.8,1,0,0
2026-09-05 00:25:00,98.8,0,72,62.5,1,0,0
2026-09-05 00:30:00,98.8,0,76,58.0,1,0,0
2026-09-05 00:35:00,98.9,0,77,56.9,1,0,0
2026-09-05 00:40:00,100.7,0,74,56.5,1,0,0
2026-09-05 00:45:00,100.4,0,75,60.8,1,0,0
2026-09-05 00:50:00,102.4,0,72,58.4,1,0,0
2026-09-05 00:55:00,96.5,0,74,62.2,1,0,0
2026-09-05 01:00:00,98.4,2,73,58.2,1,0,0
2026-09-05 01:05:00,97.5,0,69,57.8,1,0,0
2026-09-05 01:10:00,98.5,2,73,60.1,1,0,0
2026-09-05 01:15:00,97.4,0,73,59.8,1,0,0
2026-09-05 01:20:00,99.4,0,74,60.2,1,0,0
2026-09-05 01:25:00,96.1,0,74,58.4,1,0,0
2026-09-05 01:30:00,95.9,0,72,61.9,1,0,0
2026-09-05 01:35:00,95.1,2,71,61.3,1,0,0
2026-09-05 01:40:00,96.8,0,74,61.7,1,0,0
2026-09-05 01:45:00,99.6,1,72,59.4,1,0,0
2026-09-05 01:50:00,101.0,0,74,59.1,1,0,0
2026-09-05 01:55:00,102.2,1,72,62.8,1,0,0
2026-09-05 02:00:00,104.1,1,72,63.1,1,0,0
2026-09-05 02:05:00,104.9,1,70,60.6,1,0,0
2026-09-05 02:10:00,105.2,0,75,59.8,1,0,0
2026-09-05 02:15:00,102.8,1,69,59.8,1,0,0
2026-09-05 02:20:00,98.8,0,72,60.0,1,0,0
2026-09-05 02:25:00,98.9,2,73,58.6,1,0,0
2026-09-05 02:30:00,99.0,0,73,62.2,1,0,0
2026-09-05 02:35:00,95.5,0,70,60.2,1,0,0
2026-09-05 02:40:00,95.5,0,72,61.9,1,0,0
2026-09-05 02:45:00,98.0,0,76,59.2,1,0,0
2026-09-05 02:50:00,96.8,0,73,60.5,1,0,0
2026-09-05 02:55:00,99.8,0,79,59.3,1,0,0
2026-09-05 03:00:00,102.3,0,73,61.8,1,0,0
2026-09-05 03:05:00,102.1,0,73,61.1,1,0,0
2026-09-05 03:10:00,113.6,0,75,58.9,1,0,0
2026-09-05 03:15:00,111.1,1,72,62.6,1,0,0
2026-09-05 03:20:00,111.0,0,72,59.2,1,0,0
2026-09-05 03:25:00,107.9,0,74,59.0,1,0,0
2026-09-05 03:30:00,108.3,0,75,56.1,1,0,0
2026-09-05 03:35:00,110.6,0,72,60.1,1,0,0
2026-09-05 03:40:00,109.6,0,71,62.5,1,0,0
2026-09-05 03:45:00,107.2,0,69,60.9,1,0,0
2026-09-05 03:50:00,106.9,1,77,58.6,1,0,0
2026-09-05 03:55:00,109.0,0,74,64.6,1,0,0
2026-09-05 04:00:00,111.8,1,75,61.4,1,0,0
2026-09-05 04:05:00,112.6,0,76,57.2,1,0,0
2026-09-05 04:10:00,111.0,0,72,62.4,1,0,0
2026-09-05 04:15:00,111.0,0,73,58.2,1,0,0
2026-09-05 04:20:00,109.2,0,75,61.0,1,0,0
2026-09-05 04:25:00,110.3,0,72,58.0,1,0,0
2026-09-05 04:30:00,109.3,1,77,58.6,1,0,0
2026-09-05 04:35:00,111.3,1,73,59.4,1,0,0
2026-09-05 04:40:00,110.2,0,74,60.3,1,0,0
2026-09-05 04:45:00,109.9,0,75,60.6,1,0,0
2026-09-05 04:50:00,114.1,0,75,57.2,1,0,0
2026-09-05 04:55:00,114.5,0,74,62.8,1,0,0
2026-09-05 05:00:00,113.5,1,69,60.2,1,0,0
2026-09-05 05:05:00,109.3,0,75,60.2,1,0,0
2026-09-05 05:10:00,105.9,0,69,61.9,1,0,0
2026-09-05 05:15:00,108.3,0,75,56.1,1,0,0
2026-09-05 05:20:00,110.7,0,72,58.6,1,0,0
2026-09-05 05:25:00,111.0,0,73,58.7,1,0,0
2026-09-05 05:30:00,113.7,0,72,61.0,1,0,0
2026-09-05 05:35:00,112.4,1,72,58.0,1,0,0
2026-09-05 05:40:00,116.1,0,75,58.5,1,0,0
2026-09-05 05:45:00,113.2,0,73,60.1,1,0,0
2026-09-05 05:50:00,111.6,0,72,59.5,1,0,0
2026-09-05 05:55:00,114.2,0,73,60.4,1,0,0
2026-09-05 06:00:00,115.1,0,71,57.9,1,0,0
2026-09-05 06:05:00,115.5,1,72,60.1,1,0,0
2026-09-05 06:10:00,118.6,0,72,58.8,1,0,0
2026-09-05 06:15:00,118.0,33,82,34.7,0,0,0
2026-09-05 06:20:00,117.9,23,82,37.7,0,0,0
2026-09-05 06:25:00,113.7,8,81,34.6,0,0,0
2026-09-05 06:30:00,113.7,19,81,37.9,0,0,0
2026-09-05 06:35:00,114.9,10,82,35.5,0,0,0
2026-09-05 06:40:00,115.3,18,83,37.9,0,0,0
2026-09-05 06:45:00,113.2,36,82,38.0,0,0,0
2026-09-05 06:50:00,111.6,28,80,36.1,0,0,0
2026-09-05 06:55:00,109.9,20,82,36.2,0,0,0
2026-09-05 07:00:00,111.8,7,81,38.0,0,0,0
2026-09-05 07:05:00,106.8,24,80,34.9,0,0,0
2026-09-05 07:10:00,108.0,11,82,37.5,0,0,0
2026-09-05 07:15:00,107.2,27,80,36.0,0,0,0
2026-09-05 07:20:00,108.2,27,86,36.8,0,0,0
2026-09-05 07:25:00,109.2,27,86,35.4,0,0,0
2026-09-05 07:30:00,110.5,19,82,36.5,0,0,0
2026-09-05 07:35:00,109.5,33,86,39.8,0,27,55
2026-09-05 07:40:00,110.8,26,87,36.0,0,0,0
2026-09-05 07:45:00,113.5,17,83,36.4,0,0,0
2026-09-05 07:50:00,116.1,10,85,34.8,0,0,0
2026-09-05 07:55:00,115.5,47,87,37.2,0,0,0
2026-09-05 08:00:00,116.6,24,86,34.4,0,0,0
2026-09-05 08:05:00,116.6,31,82,39.8,0,0,0
2026-09-05 08:10:00,117.9,53,84,38.9,0,0,0
2026-09-05 08:15:00,119.3,59,87,35.7,0,0,0
2026-09-05 08:20:00,115.1,37,81,34.3,0,0,0
2026-09-05 08:25:00,115.8,13,84,37.5,0,0,0
2026-09-05 08:30:00,113.2,16,86,35.3,0,0,0
2026-09-05 08:35:00,111.6,6,82,35.3,0,0,0
2026-09-05 08:40:00,110.2,20,82,35.9,0,0,0
2026-09-05 08:45:00,108.6,10,80,38.6,0,0,0
2026-09-05 08:50:00,106.7,9,83,36.7,0,0,0
2026-09-05 08:55:00,101.2,52,81,39.4,0,0,0
2026-09-05 09:00:00,102.6,21,83,36.7,0,0,0
2026-09-05 09:05:00,100.2,28,84,36.9,0,0,0
2026-09-05 09:10:00,100.6,19,82,35.8,0,0,0
2026-09-05 09:15:00,102.1,3,82,38.9,0,0,0
2026-09-05 09:20:00,105.1,15,81,38.9,0,0,0
2026-09-05 09:25:00,106.8,19,79,39.3,0,0,0
2026-09-05 09:30:00,105.2,312,101,35.9,0,0,0
2026-09-05 09:35:00,103.2,310,94,33.5,0,0,0
2026-09-05 09:40:00,103.9,317,98,34.3,0,0,0
2026-09-05 09:45:00,102.9,43,87,38.4,0,0,0
2026-09-05 09:50:00,100.4,30,82,36.9,0,0,0
2026-09-05 09:55:00,101.1,48,83,37.2,0,0,0
2026-09-05 10:00:00,100.2,17,85,37.9,0,0,0
2026-09-05 10:05:00,97.5,32,86,38.6,0,0,0
2026-09-05 10:10:00,103.2,19,77,37.1,0,0,0
2026-09-05 10:15:00,102.3,22,82,35.7,0,0,0
2026-09-05 10:20:00,103.1,25,80,35.7,0,0,0
2026-09-05 10:25:00,101.1,15,82,37.0,0,0,0
2026-09-05 10:30:00,99.3,31,83,35.2,0,0,0
2026-09-05 10:35:00,101.3,446,106,35.9,0,0,0
2026-09-05 10:40:00,102.3,437,108,36.4,0,0,0
2026-09-05 10:45:00,102.3,444,108,34.5,0,0,0
2026-09-05 10:50:00,106.2,439,109,40.5,0,0,0
2026-09-05 10:55:00,103.8,16,81,35.1,0,0,0
2026-09-05 11:00:00,107.8,21,84,35.9,0,0,0
2026-09-05 11:05:00,111.4,8,82,34.9,0,0,0
2026-09-05 11:10:00,110.2,14,80,34.2,0,0,0
2026-09-05 11:15:00,113.6,21,82,36.2,0,0,0
2026-09-05 11:20:00,113.4,16,83,38.3,0,0,0
2026-09-05 11:25:00,113.4,18,83,38.1,0,0,0
2026-09-05 11:30:00,110.6,18,81,36.7,0,0,0
2026-09-05 11:35:00,110.5,37,86,33.4,0,0,0
2026-09-05 11:40:00,113.3,27,84,37.1,0,0,0
2026-09-05 11:45:00,112.5,8,82,33.9,0,0,0
2026-09-05 11:50:00,108.9,17,80,35.4,0,0,0
2026-09-05 11:55:00,107.6,16,81,35.8,0,0,0
2026-09-05 12:00:00,107.7,16,83,38.7,0,0,0
2026-09-05 12:05:00,105.3,30,82,39.6,0,0,0
2026-09-05 12:10:00,102.5,38,86,37.4,0,0,0
2026-09-05 12:15:00,101.8,21,84,33.5,0,0,0
2026-09-05 12:20:00,103.9,21,82,35.9,0,0,0
2026-09-05 12:25:00,104.7,20,80,36.8,0,0,0
2026-09-05 12:30:00,107.6,14,82,36.5,0,0,0
2026-09-05 12:35:00,107.9,32,81,40.2,0,0,0
2026-09-05 12:40:00,106.1,23,82,35.8,0,0,0
2026-09-05 12:45:00,105.1,21,83,34.7,0,0,0
2026-09-05 12:50:00,105.9,18,83,36.8,0,0,0
2026-09-05 12:55:00,103.0,31,83,36.1,0,0,0
2026-09-05 13:00:00,101.7,20,83,35.2,0,0,0
2026-09-05 13:05:00,97.8,25,84,36.9,0,0,0
2026-09-05 13:10:00,98.1,17,89,40.0,0,67,55
2026-09-05 13:15:00,103.6,21,85,33.7,0,0,0
2026-09-05 13:20:00,106.5,39,86,36.4,0,0,0
2026-09-05 13:25:00,111.5,37,85,37.2,0,0,0
2026-09-05 13:30:00,112.0,17,87,37.2,0,0,0
2026-09-05 13:35:00,117.0,20,85,36.2,0,0,0
2026-09-05 13:40:00,118.3,23,80,40.2,0,0,0
2026-09-05 13:45:00,116.9,31,81,39.6,0,0,0
2026-09-05 13:50:00,116.4,19,80,37.0,0,0,0
2026-09-05 13:55:00,118.7,32,84,40.3,0,0,0
2026-09-05 14:00:00,118.1,26,83,35.8,0,0,0
2026-09-05 14:05:00,116.5,17,82,38.6,0,0,0
2026-09-05 14:10:00,116.0,8,81,35.9,0,0,0
2026-09-05 14:15:00,116.2,12,83,33.3,0,0,0
2026-09-05 14:20:00,115.4,36,84,34.4,0,0,0
2026-09-05 14:25:00,114.6,27,82,36.0,0,0,0
2026-09-05 14:30:00,112.3,18,87,38.5,0,0,0
2026-09-05 14:35:00,113.1,15,80,34.2,0,0,0
2026-09-05 14:40:00,109.1,25,83,38.4,0,0,0
2026-09-05 14:45:00,108.2,18,81,40.9,0,0,0
2026-09-05 14:50:00,106.2,42,82,34.9,0,0,0
2026-09-05 14:55:00,103.4,53,85,35.9,0,0,0
2026-09-05 15:00:00,102.7,25,87,36.1,0,0,0
2026-09-05 15:05:00,100.2,17,82,38.1,0,0,0
2026-09-05 15:10:00,100.3,13,82,31.4,0,0,0
2026-09-05 15:15:00,99.7,6,81,37.0,0,0,0
2026-09-05 15:20:00,99.2,21,82,38.8,0,0,0
2026-09-05 15:25:00,101.0,24,82,34.3,0,0,0
2026-09-05 15:30:00,99.6,456,109,37.4,0,0,0
2026-09-05 15:35:00,100.3,435,110,32.6,0,0,0
2026-09-05 15:40:00,98.6,467,108,36.0,0,0,0
2026-09-05 15:45:00,100.8,16,83,39.2,0,0,0
2026-09-05 15:50:00,99.9,26,81,35.9,0,0,0
2026-09-05 15:55:00,102.5,17,82,36.3,0,0,0
2026-09-05 16:00:00,101.2,35,80,38.5,0,0,0
2026-09-05 16:05:00,98.4,25,85,36.7,0,0,0
2026-09-05 16:10:00,101.9,15,79,37.7,0,0,0
2026-09-05 16:15:00,101.8,21,83,37.7,0,0,0
2026-09-05 16:20:00,100.1,18,81,33.4,0,0,0
2026-09-05 16:25:00,98.6,17,83,35.8,0,0,0
2026-09-05 16:30:00,97.9,23,81,34.8,0,0,0
2026-09-05 16:35:00,95.6,25,85,34.2,0,0,0
2026-09-05 16:40:00,96.3,36,82,38.6,0,0,0
2026-09-05 16:45:00,97.0,27,81,37.1,0,0,0
2026-09-05 16:50:00,97.6,9,83,32.5,0,0,0
2026-09-05 16:55:00,95.9,40,89,36.5,0,0,0
2026-09-05 17:00:00,97.8,22,86,36.4,0,0,0
2026-09-05 17:05:00,99.9,39,82,34.3,0,0,0
2026-09-05 17:10:00,97.0,19,80,32.6,0,0,0
2026-09-05 17:15:00,98.8,11,79,38.7,0,0,0
2026-09-05 17:20:00,100.6,24,80,38.0,0,0,0
2026-09-05 17:25:00,102.6,11,85,37.4,0,25,65
2026-09-05 17:30:00,105.0,19,87,34.7,0,0,0
2026-09-05 17:35:00,104.7,11,83,41.0,0,0,0
2026-09-05 17:40:00,103.2,454,109,34.2,0,0,0
2026-09-05 17:45:00,101.8,453,109,38.2,0,0,0
2026-09-05 17:50:00,103.1,29,90,35.2,0,0,0
2026-09-05 17:55:00,104.1,21,84,33.8,0,0,0
2026-09-05 18:00:00,103.7,13,81,40.5,0,0,0
2026-09-05 18:05:00,103.7,21,82,39.5,0,0,0
2026-09-05 18:10:00,106.4,38,84,39.4,0,0,0
2026-09-05 18:15:00,104.9,26,83,37.5,0,0,0
2026-09-05 18:20:00,104.9,18,81,33.4,0,0,0
2026-09-05 18:25:00,102.5,26,82,31.9,0,0,0
2026-09-05 18:30:00,101.7,51,84,37.6,0,0,0
2026-09-05 18:35:00,99.3,43,85,37.9,0,0,0
2026-09-05 18:40:00,100.7,17,80,36.9,0,0,0
2026-09-05 18:45:00,104.0,32,80,37.1,0,0,0
2026-09-05 18:50:00,105.4,5,79,39.3,0,0,0
2026-09-05 18:55:00,104.9,42,87,35.2,0,0,0
2026-09-05 19:00:00,106.4,16,81,39.0,0,0,0
2026-09-05 19:05:00,107.3,38,82,34.1,0,0,0
2026-09-05 19:10:00,115.5,13,84,34.2,0,0,0
2026-09-05 19:15:00,116.0,19,87,36.9,0,0,0
2026-09-05 19:20:00,114.3,24,83,37.3,0,0,0
2026-09-05 19:25:00,114.4,16,85,35.0,0,0,0
2026-09-05 19:30:00,113.5,11,82,37.4,0,0,0
2026-09-05 19:35:00,114.5,11,85,36.3,0,0,0
2026-09-05 19:40:00,111.9,16,86,38.5,0,0,0
2026-09-05 19:45:00,112.8,18,80,38.5,0,0,0
2026-09-05 19:50:00,112.9,15,82,35.5,0,0,0
2026-09-05 19:55:00,114.6,15,83,36.5,0,0,0
2026-09-05 20:00:00,113.2,38,87,34.3,0,0,0
2026-09-05 20:05:00,113.2,27,83,32.9,0,0,0
2026-09-05 20:10:00,109.1,18,84,36.3,0,0,0
2026-09-05 20:15:00,111.0,50,83,36.2,0,0,0
2026-09-05 20:20:00,112.4,29,83,35.2,0,0,0
2026-09-05 20:25:00,112.8,17,82,35.7,0,0,0
2026-09-05 20:30:00,111.7,20,79,35.0,0,0,0
2026-09-05 20:35:00,110.3,14,81,30.5,0,0,0
2026-09-05 20:40:00,115.1,25,83,31.8,0,0,0
2026-09-05 20:45:00,114.4,15,77,39.6,0,0,0
2026-09-05 20:50:00,114.4,25,87,32.6,0,93,75
2026-09-05 20:55:00,122.1,35,87,34.8,0,0,0
2026-09-05 21:00:00,128.4,8,83,39.1,0,0,0
2026-09-05 21:05:00,130.7,22,87,41.9,0,0,0
2026-09-05 21:10:00,132.4,34,83,38.1,0,0,0
2026-09-05 21:15:00,135.2,44,90,33.5,0,0,0
2026-09-05 21:20:00,134.0,34,85,38.7,0,0,0
2026-09-05 21:25:00,135.0,6,82,41.8,0,0,0
2026-09-05 21:30:00,132.6,22,83,35.0,0,0,0
2026-09-05 21:35:00,131.1,76,88,38.0,0,0,0
2026-09-05 21:40:00,126.1,18,84,34.1,0,0,0
2026-09-05 21:45:00,125.5,17,80,35.5,0,0,0
2026-09-05 21:50:00,123.0,22,82,34.8,0,0,0
2026-09-05 21:55:00,123.2,49,84,34.5,0,0,0
2026-09-05 22:00:00,119.0,9,84,38.1,0,0,0
2026-09-05 22:05:00,117.5,26,82,35.7,0,0,0
2026-09-05 22:10:00,113.7,14,83,37.3,0,0,0
2026-09-05 22:15:00,112.4,32,80,32.1,0,0,0
2026-09-05 22:20:00,108.9,33,83,33.2,0,0,0
2026-09-05 22:25:00,105.2,28,86,37.4,0,0,0
2026-09-05 22:30:00,104.9,31,83,38.1,0,0,0
2026-09-05 22:35:00,105.6,20,80,38.8,0,0,0
2026-09-05 22:40:00,105.9,22,83,36.0,0,0,0
2026-09-05 22:45:00,102.1,0,72,58.6,1,0,0
2026-09-05 22:50:00,101.4,0,71,58.6,1,0,0
2026-09-05 22:55:00,101.2,0,75,58.5,1,0,0
2026-09-05 23:00:00,101.1,0,74,60.2,1,0,0
2026-09-05 23:05:00,96.7,0,76,56.1,1,0,0
2026-09-05 23:10:00,94.4,0,71,57.5,1,0,0
2026-09-05 23:15:00,89.4,0,77,60.3,1,0,0
2026-09-05 23:20:00,88.1,0,73,60.2,1,0,0
2026-09-05 23:25:00,93.3,0,75,58.9,1,0,0
2026-09-05 23:30:00,89.6,0,74,61.5,1,0,0
2026-09-05 23:35:00,90.6,0,75,60.1,1,0,0
2026-09-05 23:40:00,89.0,0,77,62.7,1,0,0
2026-09-05 23:45:00,88.0,0,74,62.9,1,0,0
2026-09-05 23:50:00,85.7,0,72,58.0,1,0,0
2026-09-05 23:55:00,85.7,0,75,57.8,1,0,0
2026-09-06 00:00:00,81.2,0,73,62.2,1,0,0
2026-09-06 00:05:00,81.8,0,73,65.1,1,0,0
2026-09-06 00:10:00,79.9,0,73,61.0,1,0,0
2026-09-06 00:15:00,80.5,0,68,63.1,1,0,0
2026-09-06 00:20:00,78.9,0,72,60.8,1,0,0
2026-09-06 00:25:00,82.5,0,72,62.0,1,0,0
2026-09-06 00:30:00,83.6,0,75,62.4,1,0,0
2026-09-06 00:35:00,81.4,0,72,61.6,1,0,0
2026-09-06 00:40:00,82.2,0,73,61.7,1,0,0
2026-09-06 00:45:00,81.9,0,73,60.2,1,0,0
2026-09-06 00:50:00,86.2,0,76,62.1,1,0,0
2026-09-06 00:55:00,84.4,0,73,57.5,1,0,0
2026-09-06 01:00:00,85.4,0,73,59.6,1,0,0
2026-09-06 01:05:00,85.7,0,73,64.3,1,0,0
2026-09-06 01:10:00,84.1,0,73,62.7,1,0,0
2026-09-06 01:15:00,84.9,0,72,64.4,1,0,0
2026-09-06 01:20:00,86.5,0,74,62.5,1,0,0
2026-09-06 01:25:00,87.1,0,72,61.7,1,0,0
2026-09-06 01:30:00,85.4,0,72,57.3,1,0,0
2026-09-06 01:35:00,86.5,0,70,59.4,1,0,0
2026-09-06 01:40:00,86.4,0,70,63.2,1,0,0
2026-09-06 01:45:00,85.3,0,74,60.3,1,0,0
2026-09-06 01:50:00,83.3,0,70,60.2,1,0,0
2026-09-06 01:55:00,84.3,0,71,59.0,1,0,0
2026-09-06 02:00:00,84.3,1,75,60.2,1,0,0
2026-09-06 02:05:00,86.1,0,76,63.2,1,0,0
2026-09-06 02:10:00,85.6,2,76,63.7,1,0,0
2026-09-06 02:15:00,84.3,1,73,59.6,1,0,0
2026-09-06 02:20:00,84.5,0,70,62.7,1,0,0
2026-09-06 02:25:00,82.0,0,74,62.1,1,0,0
2026-09-06 02:30:00,85.6,2,71,61.8,1,0,0
2026-09-06 02:35:00,87.1,0,75,62.4,1,0,0
2026-09-06 02:40:00,90.9,0,71,58.3,1,0,0
2026-09-06 02:45:00,91.4,2,75,60.7,1,0,0
2026-09-06 02:50:00,106.8,0,75,59.2,1,0,0
2026-09-06 02:55:00,108.0,1,71,61.9,1,0,0
2026-09-06 03:00:00,110.2,0,75,60.6,1,0,0
2026-09-06 03:05:00,113.9,0,72,61.4,1,0,0
2026-09-06 03:10:00,112.6,0,73,57.3,1,0,0
2026-09-06 03:15:00,111.9,0,73,58.0,1,0,0
2026-09-06 03:20:00,114.2,0,75,61.2,1,0,0
2026-09-06 03:25:00,115.5,0,72,61.7,1,0,0
2026-09-06 03:30:00,113.9,0,75,62.8,1,0,0
2026-09-06 03:35:00,113.7,1,78,62.6,1,0,0
2026-09-06 03:40:00,115.0,0,72,61.9,1,0,0
2026-09-06 03:45:00,113.0,1,72,60.9,1,0,0
2026-09-06 03:50:00,113.8,0,74,60.2,1,0,0
2026-09-06 03:55:00,112.5,1,70,60.4,1,0,0
2026-09-06 04:00:00,113.7,0,68,62.5,1,0,0
2026-09-06 04:05:00,115.4,0,71,61.0,1,0,0
2026-09-06 04:10:00,107.0,0,74,62.6,1,0,0
2026-09-06 04:15:00,110.7,0,71,58.6,1,0,0
2026-09-06 04:20:00,111.6,1,71,60.6,1,0,0
2026-09-06 04:25:00,110.5,0,75,60.3,1,0,0
2026-09-06 04:30:00,109.1,1,73,60.7,1,0,0
2026-09-06 04:35:00,109.2,1,73,61.2,1,0,0
2026-09-06 04:40:00,109.9,0,72,60.8,1,0,0
2026-09-06 04:45:00,109.1,0,72,61.5,1,0,0
2026-09-06 04:50:00,106.5,0,69,58.3,1,0,0
2026-09-06 04:55:00,108.5,0,71,59.9,1,0,0
2026-09-06 05:00:00,111.5,0,74,60.8,1,0,0
2026-09-06 05:05:00,108.7,0,74,62.6,1,0,0
2026-09-06 05:10:00,107.8,0,69,60.5,1,0,0
2026-09-06 05:15:00,107.5,1,73,58.7,1,0,0
2026-09-06 05:20:00,109.1,0,73,61.1,1,0,0
2026-09-06 05:25:00,113.3,1,71,63.7,1,0,0
2026-09-06 05:30:00,112.5,1,74,59.8,1,0,0
2026-09-06 05:35:00,114.3,1,74,61.9,1,0,0
2026-09-06 05:40:00,115.5,0,76,62.8,1,0,0
2026-09-06 05:45:00,114.1,2,78,60.9,1,0,0
2026-09-06 05:50:00,116.0,1,69,61.1,1,0,0
2026-09-06 05:55:00,114.8,1,77,58.5,1,0,0
2026-09-06 06:00:00,113.9,0,73,63.1,1,0,0
2026-09-06 06:05:00,113.0,11,83,36.1,0,0,0
2026-09-06 06:10:00,113.3,28,78,37.5,0,0,0
2026-09-06 06:15:00,111.6,20,81,36.5,0,0,0
2026-09-06 06:20:00,112.3,26,83,39.1,0,0,0
2026-09-06 06:25:00,112.5,15,83,37.7,0,0,0
2026-09-06 06:30:00,116.6,42,86,37.3,0,0,0
2026-09-06 06:35:00,116.2,11,80,35.6,0,0,0
2026-09-06 06:40:00,116.8,27,81,34.5,0,0,0
2026-09-06 06:45:00,115.5,15,81,38.4,0,0,0
2026-09-06 06:50:00,117.3,19,84,38.1,0,0,0
2026-09-06 06:55:00,116.3,18,80,38.1,0,0,0
2026-09-06 07:00:00,116.6,12,82,39.5,0,0,0
2026-09-06 07:05:00,115.3,62,86,38.9,0,0,0
2026-09-06 07:10:00,117.2,24,82,40.0,0,0,0
2026-09-06 07:15:00,113.7,18,82,38.1,0,0,0
2026-09-06 07:20:00,110.8,23,80,39.6,0,0,0
2026-09-06 07:25:00,112.2,24,81,36.9,0,0,0
2026-09-06 07:30:00,113.6,22,81,40.3,0,0,0
2026-09-06 07:35:00,114.2,12,85,40.8,0,0,0
2026-09-06 07:40:00,111.8,17,82,41.9,0,0,0
2026-09-06 07:45:00,111.2,24,82,38.6,0,0,0
2026-09-06 07:50:00,114.0,43,84,39.9,0,0,0
2026-09-06 07:55:00,111.4,59,84,35.7,0,0,0
2026-09-06 08:00:00,112.8,8,82,35.3,0,0,0
2026-09-06 08:05:00,108.7,28,81,37.5,0,0,0
2026-09-06 08:10:00,101.3,29,83,33.5,0,0,0
2026-09-06 08:15:00,100.6,14,82,38.1,0,0,0
2026-09-06 08:20:00,100.2,35,84,37.6,0,0,0
2026-09-06 08:25:00,96.5,22,81,35.1,0,0,0
2026-09-06 08:30:00,93.0,29,83,35.1,0,0,0
2026-09-06 08:35:00,89.9,30,82,36.2,0,0,0
2026-09-06 08:40:00,89.5,16,82,39.2,0,0,0
2026-09-06 08:45:00,89.9,21,82,37.4,0,0,0
2026-09-06 08:50:00,87.0,12,84,37.6,0,0,0
2026-09-06 08:55:00,84.0,23,84,37.1,0,0,0
2026-09-06 09:00:00,81.8,31,83,38.2,0,0,0
2026-09-06 09:05:00,83.8,19,85,37.6,0,0,0
2026-09-06 09:10:00,84.9,20,80,39.1,0,0,0
2026-09-06 09:15:00,83.9,25,82,39.8,0,0,0
2026-09-06 09:20:00,83.6,54,84,37.2,0,0,0
2026-09-06 09:25:00,83.6,48,85,39.5,0,0,0
2026-09-06 09:30:00,82.7,29,84,35.5,0,0,0
2026-09-06 09:35:00,85.1,31,84,36.3,0,0,0
2026-09-06 09:40:00,87.4,27,80,40.6,0,0,0
2026-09-06 09:45:00,88.6,21,82,36.4,0,0,0
2026-09-06 09:50:00,88.3,45,85,38.9,0,0,0
2026-09-06 09:55:00,87.5,21,80,39.8,0,0,0
2026-09-06 10:00:00,87.2,29,85,36.8,0,0,0
2026-09-06 10:05:00,87.0,17,82,40.4,0,0,0
2026-09-06 10:10:00,87.1,16,82,36.5,0,0,0
2026-09-06 10:15:00,87.1,20,83,38.3,0,0,0
2026-09-06 10:20:00,86.6,15,80,37.3,0,0,0
2026-09-06 10:25:00,85.4,13,79,36.2,0,0,0
2026-09-06 10:30:00,84.1,19,79,34.3,0,0,0
2026-09-06 10:35:00,84.5,28,81,36.7,0,0,0
2026-09-06 10:40:00,83.2,34,87,38.0,0,0,0
2026-09-06 10:45:00,81.5,27,83,41.8,0,0,0
2026-09-06 10:50:00,83.8,24,83,39.0,0,0,0
2026-09-06 10:55:00,84.1,24,82,39.7,0,0,0
2026-09-06 11:00:00,79.7,32,85,33.5,0,0,0
2026-09-06 11:05:00,77.6,27,84,36.2,0,0,0
2026-09-06 11:10:00,80.5,16,79,37.9,0,0,0
2026-09-06 11:15:00,82.5,43,86,35.4,0,0,0
2026-09-06 11:20:00,85.9,25,85,38.1,0,0,0
2026-09-06 11:25:00,83.7,29,82,35.9,0,0,0
2026-09-06 11:30:00,85.7,31,81,37.6,0,0,0
2026-09-06 11:35:00,86.5,21,84,34.9,0,0,0
2026-09-06 11:40:00,86.8,19,82,40.1,0,0,0
2026-09-06 11:45:00,89.2,17,80,35.4,0,0,0
2026-09-06 11:50:00,90.2,28,82,35.0,0,0,0
2026-09-06 11:55:00,96.2,30,82,37.0,0,0,0
2026-09-06 12:00:00,93.7,26,83,36.0,0,0,0
2026-09-06 12:05:00,93.9,17,82,35.0,0,0,0
2026-09-06 12:10:00,95.2,23,82,38.4,0,0,0
2026-09-06 12:15:00,95.2,24,83,38.7,0,0,0
2026-09-06 12:20:00,93.3,47,81,36.4,0,0,0
2026-09-06 12:25:00,92.1,24,80,38.3,0,0,0
2026-09-06 12:30:00,94.9,36,81,31.5,0,0,0
2026-09-06 12:35:00,91.7,21,84,35.8,0,0,0
2026-09-06 12:40:00,91.4,23,82,35.9,0,0,0
2026-09-06 12:45:00,89.5,31,82,40.5,0,0,0
2026-09-06 12:50:00,90.9,20,83,42.6,0,0,0
2026-09-06 12:55:00,90.5,33,77,38.5,0,0,0
2026-09-06 13:00:00,95.3,57,84,39.1,0,0,0
2026-09-06 13:05:00,95.1,24,83,38.3,0,0,0
2026-09-06 13:10:00,95.8,29,83,38.9,0,0,0
2026-09-06 13:15:00,99.3,36,82,33.4,0,0,0
2026-09-06 13:20:00,97.9,14,86,40.0,0,54,50
2026-09-06 13:25:00,102.9,27,86,36.8,0,0,0
2026-09-06 13:30:00,104.5,20,83,36.8,0,0,0
2026-09-06 13:35:00,108.4,23,86,38.8,0,0,0
2026-09-06 13:40:00,103.2,283,100,40.1,0,0,0
2026-09-06 13:45:00,103.2,287,103,37.4,0,0,0
2026-09-06 13:50:00,102.8,19,81,39.1,0,0,0
2026-09-06 13:55:00,105.2,21,81,39.4,0,0,0
2026-09-06 14:00:00,113.3,42,85,36.8,0,0,0
2026-09-06 14:05:00,114.5,37,84,35.8,0,0,0
2026-09-06 14:10:00,114.9,32,86,37.5,0,0,0
2026-09-06 14:15:00,110.4,21,78,39.7,0,0,0
2026-09-06 14:20:00,110.6,27,83,35.2,0,0,0
2026-09-06 14:25:00,112.9,38,85,33.8,0,0,0
2026-09-06 14:30:00,113.5,20,80,38.0,0,0,0
2026-09-06 14:35:00,112.4,28,82,40.9,0,0,0
2026-09-06 14:40:00,110.9,18,83,36.5,0,0,0
2026-09-06 14:45:00,110.0,30,86,38.0,0,0,0
2026-09-06 14:50:00,107.4,21,83,34.0,0,0,0
2026-09-06 14:55:00,103.1,10,83,39.3,0,0,0
2026-09-06 15:00:00,105.3,23,84,36.9,0,0,0
2026-09-06 15:05:00,104.6,27,84,37.9,0,0,0
2026-09-06 15:10:00,101.0,29,83,38.0,0,0,0
2026-09-06 15:15:00,100.9,24,82,36.4,0,0,0
2026-09-06 15:20:00,102.5,19,87,39.0,0,0,0
2026-09-06 15:25:00,105.2,45,81,38.6,0,0,0
2026-09-06 15:30:00,98.6,21,81,37.2,0,0,0
2026-09-06 15:35:00,101.8,10,81,38.4,0,0,0
2026-09-06 15:40:00,101.0,19,81,43.4,0,0,0
2026-09-06 15:45:00,97.9,25,84,40.4,0,0,0
2026-09-06 15:50:00,97.7,22,84,33.8,0,0,0
2026-09-06 15:55:00,96.6,18,84,36.7,0,0,0
2026-09-06 16:00:00,93.6,11,80,38.6,0,0,0
2026-09-06 16:05:00,95.1,11,82,40.9,0,0,0
2026-09-06 16:10:00,93.2,16,80,36.5,0,0,0
2026-09-06 16:15:00,94.6,63,83,38.7,0,0,0
2026-09-06 16:20:00,98.3,36,81,38.0,0,0,0
2026-09-06 16:25:00,100.5,14,79,38.1,0,0,0
2026-09-06 16:30:00,100.2,16,84,35.1,0,0,0
2026-09-06 16:35:00,97.5,7,84,39.8,0,0,0
2026-09-06 16:40:00,100.6,8,84,36.9,0,0,0
2026-09-06 16:45:00,98.7,18,83,38.6,0,0,0
2026-09-06 16:50:00,102.4,23,81,37.4,0,0,0
2026-09-06 16:55:00,100.1,23,82,35.6,0,0,0
2026-09-06 17:00:00,98.8,17,82,40.3,0,0,0
2026-09-06 17:05:00,99.4,14,83,35.4,0,0,0
2026-09-06 17:10:00,97.5,17,80,33.6,0,0,0
2026-09-06 17:15:00,99.8,440,106,35.9,0,0,0
2026-09-06 17:20:00,99.2,433,107,39.8,0,0,0
2026-09-06 17:25:00,98.7,438,111,34.7,0,0,0
2026-09-06 17:30:00,95.7,430,108,38.6,0,0,0
2026-09-06 17:35:00,98.2,13,79,38.4,0,0,0
2026-09-06 17:40:00,97.4,22,82,37.7,0,0,0
2026-09-06 17:45:00,100.6,33,85,36.3,0,32,60
2026-09-06 17:50:00,102.4,24,85,39.1,0,0,0
2026-09-06 17:55:00,103.1,421,114,38.1,0,0,0
2026-09-06 18:00:00,103.6,987,147,38.5,0,0,0
2026-09-06 18:05:00,106.9,950,137,38.4,0,0,0
2026-09-06 18:10:00,105.4,28,86,35.6,0,0,0
2026-09-06 18:15:00,104.8,20,82,36.8,0,0,0
2026-09-06 18:20:00,100.2,17,83,39.0,0,0,0
2026-09-06 18:25:00,103.5,16,81,37.7,0,0,0
2026-09-06 18:30:00,102.1,18,81,40.1,0,0,0
2026-09-06 18:35:00,108.5,33,88,38.6,0,0,0
2026-09-06 18:40:00,107.9,30,81,38.7,0,0,0
2026-09-06 18:45:00,107.1,14,82,34.4,0,0,0
2026-09-06 18:50:00,101.7,10,79,33.0,0,0,0
2026-09-06 18:55:00,105.1,32,83,39.2,0,0,0
2026-09-06 19:00:00,102.6,28,80,36.9,0,0,0
2026-09-06 19:05:00,98.7,47,85,38.3,0,0,0
2026-09-06 19:10:00,97.9,1,81,35.2,0,0,0
2026-09-06 19:15:00,99.1,14,83,37.5,0,0,0
2026-09-06 19:20:00,104.0,17,83,35.2,0,0,0
2026-09-06 19:25:00,104.2,29,81,39.6,0,0,0
2026-09-06 19:30:00,99.8,26,82,35.9,0,0,0
2026-09-06 19:35:00,98.0,30,86,38.3,0,0,0
2026-09-06 19:40:00,97.5,25,81,37.5,0,0,0
2026-09-06 19:45:00,99.5,44,85,38.7,0,0,0
2026-09-06 19:50:00,100.0,16,81,35.6,0,0,0
2026-09-06 19:55:00,100.4,36,86,35.9,0,0,0
2026-09-06 20:00:00,101.7,15,86,40.8,0,0,0
2026-09-06 20:05:00,99.6,34,86,39.2,0,0,0
2026-09-06 20:10:00,100.5,13,84,34.7,0,0,0
2026-09-06 20:15:00,99.5,42,81,40.7,0,0,0
2026-09-06 20:20:00,99.3,11,84,37.9,0,0,0
2026-09-06 20:25:00,95.7,33,80,38.6,0,0,0
2026-09-06 20:30:00,99.9,18,80,38.5,0,0,0
2026-09-06 20:35:00,100.0,14,80,38.3,0,0,0
2026-09-06 20:40:00,100.3,13,86,40.3,0,0,0
2026-09-06 20:45:00,100.7,12,81,39.0,0,0,0
2026-09-06 20:50:00,98.9,23,77,37.9,0,0,0
2026-09-06 20:55:00,99.3,41,88,35.2,0,0,0
2026-09-06 21:00:00,98.2,16,86,36.6,0,0,0
2026-09-06 21:05:00,99.3,29,83,35.4,0,0,0
2026-09-06 21:10:00,101.8,21,82,36.7,0,57,68
2026-09-06 21:15:00,106.0,45,87,36.8,0,0,0
2026-09-06 21:20:00,109.9,20,85,39.1,0,0,0
2026-09-06 21:25:00,113.3,14,86,38.8,0,0,0
2026-09-06 21:30:00,111.2,33,85,36.4,0,0,0
2026-09-06 21:35:00,110.5,16,82,34.7,0,0,0
2026-09-06 21:40:00,113.0,16,86,38.4,0,0,0
2026-09-06 21:45:00,114.0,10,81,35.0,0,0,0
2026-09-06 21:50:00,113.9,36,83,35.2,0,0,0
2026-09-06 21:55:00,112.0,20,84,36.2,0,0,0
2026-09-06 22:00:00,111.9,27,81,35.4,0,0,0
2026-09-06 22:05:00,112.4,84,87,40.5,0,0,0
2026-09-06 22:10:00,113.3,24,81,39.1,0,0,0
2026-09-06 22:15:00,113.1,16,85,39.4,0,0,0
2026-09-06 22:20:00,109.2,17,89,36.5,0,0,0
2026-09-06 22:25:00,105.5,15,83,37.4,0,0,0
2026-09-06 22:30:00,101.3,18,82,37.0,0,0,0
2026-09-06 22:35:00,97.4,11,79,38.4,0,0,0
2026-09-06 22:40:00,95.9,35,82,38.2,0,0,0
2026-09-06 22:45:00,99.2,11,79,36.9,0,0,0
2026-09-06 22:50:00,101.0,29,86,37.9,0,0,0
2026-09-06 22:55:00,100.7,21,80,39.0,0,0,0
2026-09-06 23:00:00,99.1,51,88,36.2,0,0,0
2026-09-06 23:05:00,100.9,30,84,38.8,0,0,0
2026-09-06 23:10:00,98.9,0,72,58.9,1,0,0
2026-09-06 23:15:00,99.1,0,72,62.0,1,0,0
2026-09-06 23:20:00,95.6,0,75,60.6,1,0,0
2026-09-06 23:25:00,95.8,0,69,59.7,1,0,0
2026-09-06 23:30:00,93.9,0,71,59.1,1,0,0
2026-09-06 23:35:00,91.8,0,70,60.1,1,0,0
2026-09-06 23:40:00,93.3,0,75,63.5,1,0,0
2026-09-06 23:45:00,98.6,0,73,59.6,1,0,0
2026-09-06 23:50:00,97.4,3,74,62.4,1,0,0
2026-09-06 23:55:00,100.0,0,70,61.2,1,0,0
2026-09-07 00:00:00,95.3,1,78,56.7,1,0,0
2026-09-07 00:05:00,96.1,0,71,59.6,1,0,0
2026-09-07 00:10:00,97.0,0,72,61.7,1,0,0
2026-09-07 00:15:00,97.4,0,72,62.6,1,0,0
2026-09-07 00:20:00,98.5,0,69,64.7,1,0,0
2026-09-07 00:25:00,94.1,0,72,64.3,1,0,0
2026-09-07 00:30:00,89.2,1,73,61.6,1,0,0
2026-09-07 00:35:00,88.9,1,78,63.9,1,0,0
2026-09-07 00:40:00,91.3,0,70,62.8,1,0,0
2026-09-07 00:45:00,90.3,1,71,61.5,1,0,0
2026-09-07 00:50:00,90.1,0,72,59.9,1,0,0
2026-09-07 00:55:00,93.4,0,71,63.8,1,0,0
2026-09-07 01:00:00,92.8,0,76,65.0,1,0,0
2026-09-07 01:05:00,91.0,0,68,60.2,1,0,0
2026-09-07 01:10:00,91.8,0,72,63.4,1,0,0
2026-09-07 01:15:00,92.5,0,75,59.9,1,0,0
2026-09-07 01:20:00,92.3,0,72,61.7,1,0,0
2026-09-07 01:25:00,90.9,0,74,59.6,1,0,0
2026-09-07 01:30:00,95.0,1,74,64.3,1,0,0
2026-09-07 01:35:00,91.4,0,72,58.5,1,0,0
2026-09-07 01:40:00,92.2,1,74,62.7,1,0,0
2026-09-07 01:45:00,90.8,0,75,60.1,1,0,0
2026-09-07 01:50:00,93.4,1,67,57.0,1,0,0
2026-09-07 01:55:00,92.3,0,73,59.5,1,0,0
2026-09-07 02:00:00,95.6,0,74,58.5,1,0,0
2026-09-07 02:05:00,97.2,0,76,59.6,1,0,0
2026-09-07 02:10:00,94.3,0,70,62.5,1,0,0
2026-09-07 02:15:00,95.1,0,72,60.9,1,0,0
2026-09-07 02:20:00,94.9,0,73,61.9,1,0,0
2026-09-07 02:25:00,95.4,1,75,63.2,1,0,0
2026-09-07 02:30:00,95.6,0,73,61.0,1,0,0
2026-09-07 02:35:00,98.3,0,71,61.3,1,0,0
2026-09-07 02:40:00,98.0,0,71,62.4,1,0,0
2026-09-07 02:45:00,98.6,0,70,61.8,1,0,0
2026-09-07 02:50:00,100.1,0,72,62.2,1,0,0
2026-09-07 02:55:00,99.3,2,72,59.3,1,0,0
2026-09-07 03:00:00,99.1,0,72,59.8,1,0,0
2026-09-07 03:05:00,98.7,0,75,58.9,1,0,0
2026-09-07 03:10:00,104.8,0,77,59.5,1,0,0
2026-09-07 03:15:00,102.8,0,77,63.7,1,0,0
2026-09-07 03:20:00,106.1,1,75,59.0,1,0,0
2026-09-07 03:25:00,106.7,2,73,62.3,1,0,0
2026-09-07 03:30:00,109.1,0,73,61.8,1,0,0
2026-09-07 03:35:00,102.3,0,73,61.6,1,0,0
2026-09-07 03:40:00,102.9,0,74,58.0,1,0,0
2026-09-07 03:45:00,100.3,1,75,59.9,1,0,0
2026-09-07 03:50:00,102.6,0,75,61.4,1,0,0
2026-09-07 03:55:00,105.2,0,73,61.3,1,0,0
2026-09-07 04:00:00,103.2,2,74,57.7,1,0,0
2026-09-07 04:05:00,104.3,0,74,63.2,1,0,0
2026-09-07 04:10:00,106.9,0,73,60.1,1,0,0
2026-09-07 04:15:00,110.3,1,71,60.6,1,0,0
2026-09-07 04:20:00,113.9,1,74,58.6,1,0,0
2026-09-07 04:25:00,112.3,2,74,64.1,1,0,0
2026-09-07 04:30:00,114.4,0,77,62.0,1,0,0
2026-09-07 04:35:00,113.2,0,74,60.8,1,0,0
2026-09-07 04:40:00,114.6,0,69,59.1,1,0,0
2026-09-07 04:45:00,115.0,0,75,61.9,1,0,0
2026-09-07 04:50:00,118.9,1,73,63.9,1,0,0
2026-09-07 04:55:00,120.2,1,74,61.7,1,0,0
2026-09-07 05:00:00,119.2,0,72,62.6,1,0,0
2026-09-07 05:05:00,121.2,0,73,62.2,1,0,0
2026-09-07 05:10:00,122.0,1,72,59.1,1,0,0
2026-09-07 05:15:00,118.7,0,71,62.0,1,0,0
2026-09-07 05:20:00,119.9,0,74,58.7,1,0,0
2026-09-07 05:25:00,118.5,1,79,55.4,1,0,0
2026-09-07 05:30:00,115.1,0,75,60.5,1,0,0
2026-09-07 05:35:00,117.2,0,72,60.0,1,0,0
2026-09-07 05:40:00,122.0,0,74,59.0,1,0,0
2026-09-07 05:45:00,120.0,0,72,59.4,1,0,0
2026-09-07 05:50:00,118.3,0,72,60.6,1,0,0
2026-09-07 05:55:00,118.6,1,71,62.5,1,0,0
2026-09-07 06:00:00,120.7,0,72,59.6,1,0,0
2026-09-07 06:05:00,117.5,0,74,59.4,1,0,0
2026-09-07 06:10:00,120.8,1,74,60.0,1,0,0
2026-09-07 06:15:00,121.3,2,71,61.6,1,0,0
2026-09-07 06:20:00,122.5,0,72,61.0,1,0,0
2026-09-07 06:25:00,120.3,0,73,61.5,1,0,0
2026-09-07 06:30:00,119.9,0,72,58.9,1,0,0
2026-09-07 06:35:00,117.1,0,75,59.1,1,0,0
2026-09-07 06:40:00,113.9,1,76,61.2,1,0,0
2026-09-07 06:45:00,115.9,0,74,56.6,1,0,0
2026-09-07 06:50:00,113.4,0,70,59.9,1,0,0
2026-09-07 06:55:00,109.2,36,84,36.6,0,0,0
2026-09-07 07:00:00,113.5,47,80,38.3,0,0,0
2026-09-07 07:05:00,110.0,10,79,34.6,0,0,0
2026-09-07 07:10:00,112.9,35,82,38.7,0,0,0
2026-09-07 07:15:00,113.4,17,85,36.4,0,0,0
2026-09-07 07:20:00,113.1,50,82,36.0,0,0,0
2026-09-07 07:25:00,112.4,15,80,39.8,0,0,0
2026-09-07 07:30:00,111.5,15,81,39.9,0,0,0
2026-09-07 07:35:00,110.7,12,81,40.1,0,0,0
2026-09-07 07:40:00,114.2,27,84,38.1,0,0,0
2026-09-07 07:45:00,116.4,20,84,38.2,0,0,0
2026-09-07 07:50:00,111.5,18,80,37.2,0,0,0
2026-09-07 07:55:00,111.6,19,82,33.6,0,0,0
2026-09-07 08:00:00,112.2,29,83,37.8,0,0,0
2026-09-07 08:05:00,116.1,28,82,38.9,0,53,65
2026-09-07 08:10:00,119.9,10,85,37.8,0,0,0
2026-09-07 08:15:00,120.2,27,87,36.3,0,0,0
2026-09-07 08:20:00,124.3,20,85,39.0,0,0,0
2026-09-07 08:25:00,125.1,25,83,39.1,0,0,0
2026-09-07 08:30:00,125.6,28,86,40.4,0,0,0
2026-09-07 08:35:00,129.3,44,80,37.1,0,0,0
2026-09-07 08:40:00,128.6,53,88,36.7,0,0,0
2026-09-07 08:45:00,130.1,25,85,36.5,0,0,0
2026-09-07 08:50:00,129.0,27,83,38.0,0,0,0
2026-09-07 08:55:00,127.3,12,83,33.9,0,0,0
2026-09-07 09:00:00,126.4,36,85,35.5,0,0,0
2026-09-07 09:05:00,123.7,15,82,36.9,0,0,0
2026-09-07 09:10:00,124.1,17,82,39.3,0,0,0
2026-09-07 09:15:00,121.0,12,84,38.9,0,0,0
2026-09-07 09:20:00,116.8,30,84,36.9,0,0,0
2026-09-07 09:25:00,112.9,35,85,37.3,0,0,0
2026-09-07 09:30:00,112.5,7,76,37.0,0,0,0
2026-09-07 09:35:00,114.1,21,83,36.0,0,0,0
2026-09-07 09:40:00,112.7,15,83,33.4,0,0,0
2026-09-07 09:45:00,109.5,27,84,35.8,0,0,0
2026-09-07 09:50:00,107.4,21,82,37.3,0,0,0
2026-09-07 09:55:00,105.5,26,83,36.5,0,0,0
2026-09-07 10:00:00,106.0,80,87,37.9,0,0,0
2026-09-07 10:05:00,103.4,43,81,39.3,0,0,0
2026-09-07 10:10:00,100.3,30,83,36.9,0,0,0
2026-09-07 10:15:00,104.5,14,83,38.9,0,0,0
2026-09-07 10:20:00,104.5,26,85,36.8,0,0,0
2026-09-07 10:25:00,106.0,24,81,38.7,0,0,0
2026-09-07 10:30:00,104.1,10,81,38.3,0,0,0
2026-09-07 10:35:00,100.9,48,84,35.5,0,0,0
2026-09-07 10:40:00,97.4,26,79,37.4,0,0,0
2026-09-07 10:45:00,96.3,20,81,39.3,0,0,0
2026-09-07 10:50:00,98.3,10,79,34.4,0,0,0
2026-09-07 10:55:00,97.5,10,83,35.5,0,0,0
2026-09-07 11:00:00,97.2,18,80,39.0,0,0,0
2026-09-07 11:05:00,98.7,23,85,38.5,0,0,0
2026-09-07 11:10:00,98.0,15,80,36.4,0,0,0
2026-09-07 11:15:00,96.0,31,82,36.6,0,0,0
2026-09-07 11:20:00,96.0,69,90,36.3,0,0,0
2026-09-07 11:25:00,92.4,21,84,39.4,0,0,0
2026-09-07 11:30:00,89.7,11,82,39.0,0,0,0
2026-09-07 11:35:00,88.1,17,79,33.9,0,0,0
2026-09-07 11:40:00,86.0,25,80,38.0,0,0,0
2026-09-07 11:45:00,86.0,22,84,37.3,0,0,0
2026-09-07 11:50:00,87.4,30,83,39.4,0,0,0
2026-09-07 11:55:00,86.1,30,85,36.8,0,0,0
2026-09-07 12:00:00,88.1,8,80,40.0,0,0,0
2026-09-07 12:05:00,89.0,16,82,39.9,0,0,0
2026-09-07 12:10:00,92.3,29,82,40.5,0,0,0
2026-09-07 12:15:00,95.9,23,81,39.1,0,0,0
2026-09-07 12:20:00,101.0,38,86,35.4,0,0,0
2026-09-07 12:25:00,100.5,25,83,37.3,0,0,0
2026-09-07 12:30:00,98.0,73,86,37.7,0,0,0
2026-09-07 12:35:00,98.1,44,83,39.5,0,0,0
2026-09-07 12:40:00,92.1,22,83,36.8,0,0,0
2026-09-07 12:45:00,93.6,42,81,36.9,0,0,0
2026-09-07 12:50:00,96.6,12,79,36.6,0,0,0
2026-09-07 12:55:00,98.5,22,84,33.5,0,0,0
2026-09-07 13:00:00,96.6,26,82,37.9,0,0,0
2026-09-07 13:05:00,94.0,34,80,36.8,0,0,0
2026-09-07 13:10:00,97.0,27,84,41.2,0,0,0
2026-09-07 13:15:00,98.1,17,83,36.9,0,0,0
2026-09-07 13:20:00,97.8,37,84,35.8,0,0,0
2026-09-07 13:25:00,99.3,21,86,41.6,0,0,0
2026-09-07 13:30:00,102.1,17,83,37.3,0,0,0
2026-09-07 13:35:00,102.8,17,83,37.1,0,0,0
2026-09-07 13:40:00,103.4,21,83,36.2,0,0,0
2026-09-07 13:45:00,100.1,29,81,35.9,0,0,0
2026-09-07 13:50:00,99.6,7,79,35.6,0,0,0
2026-09-07 13:55:00,97.9,13,84,34.9,0,0,0
2026-09-07 14:00:00,98.9,26,83,38.0,0,0,0
2026-09-07 14:05:00,106.3,484,112,40.2,0,0,0
2026-09-07 14:10:00,105.1,485,107,38.9,0,0,0
2026-09-07 14:15:00,104.2,498,112,39.1,0,0,0
2026-09-07 14:20:00,104.9,488,109,40.3,0,0,0
2026-09-07 14:25:00,104.5,12,80,36.6,0,0,0
2026-09-07 14:30:00,105.4,23,84,36.2,0,0,0
2026-09-07 14:35:00,107.9,29,83,36.3,0,0,0
2026-09-07 14:40:00,106.9,28,82,35.4,0,0,0
2026-09-07 14:45:00,104.8,29,82,38.3,0,0,0
2026-09-07 14:50:00,105.9,38,85,39.3,0,0,0
2026-09-07 14:55:00,102.7,25,82,35.9,0,0,0
2026-09-07 15:00:00,100.6,22,83,36.5,0,0,0
2026-09-07 15:05:00,101.6,18,83,37.0,0,0,0
2026-09-07 15:10:00,107.2,20,82,41.1,0,0,0
2026-09-07 15:15:00,105.5,44,81,34.7,0,0,0
2026-09-07 15:20:00,107.0,11,83,38.3,0,0,0
2026-09-07 15:25:00,104.7,21,80,33.4,0,0,0
2026-09-07 15:30:00,101.2,8,81,40.1,0,0,0
2026-09-07 15:35:00,104.9,13,81,37.4,0,0,0
2026-09-07 15:40:00,105.3,20,80,41.7,0,0,0
2026-09-07 15:45:00,105.3,18,82,38.4,0,0,0
2026-09-07 15:50:00,107.8,32,83,39.2,0,0,0
2026-09-07 15:55:00,111.1,22,80,38.5,0,0,0
2026-09-07 16:00:00,112.7,10,78,40.1,0,0,0
2026-09-07 16:05:00,113.0,31,84,35.6,0,0,0
2026-09-07 16:10:00,116.2,23,81,42.4,0,0,0
2026-09-07 16:15:00,115.4,20,86,42.2,0,0,0
2026-09-07 16:20:00,115.8,17,82,36.5,0,0,0
2026-09-07 16:25:00,111.7,16,82,42.9,0,0,0
2026-09-07 16:30:00,110.2,20,84,37.1,0,0,0
2026-09-07 16:35:00,110.9,27,86,40.6,0,0,0
2026-09-07 16:40:00,112.7,25,81,38.9,0,0,0
2026-09-07 16:45:00,114.1,19,83,38.4,0,0,0
2026-09-07 16:50:00,116.0,40,87,36.1,0,0,0
2026-09-07 16:55:00,114.2,29,80,36.4,0,0,0
2026-09-07 17:00:00,115.5,16,82,37.4,0,0,0
2026-09-07 17:05:00,117.8,9,83,40.9,0,0,0
2026-09-07 17:10:00,117.3,45,79,38.5,0,0,0
2026-09-07 17:15:00,115.5,20,80,38.6,0,0,0
2026-09-07 17:20:00,113.9,38,83,35.1,0,0,0
2026-09-07 17:25:00,113.1,77,85,41.8,0,0,0
2026-09-07 17:30:00,112.5,35,82,40.2,0,0,0
2026-09-07 17:35:00,113.0,32,85,37.5,0,0,0
2026-09-07 17:40:00,110.7,19,85,36.6,0,0,0
2026-09-07 17:45:00,109.3,33,80,39.2,0,0,0
2026-09-07 17:50:00,111.7,13,82,38.0,0,0,0
2026-09-07 17:55:00,110.1,19,82,35.8,0,0,0
2026-09-07 18:00:00,112.6,15,79,38.9,0,0,0
2026-09-07 18:05:00,114.8,23,81,39.4,0,0,0
2026-09-07 18:10:00,115.0,52,83,38.1,0,0,0
2026-09-07 18:15:00,114.4,11,79,37.5,0,0,0
2026-09-07 18:20:00,114.3,9,81,35.3,0,0,0
2026-09-07 18:25:00,116.2,23,87,36.6,0,0,0
2026-09-07 18:30:00,117.5,36,80,39.3,0,0,0
2026-09-07 18:35:00,117.7,16,86,40.1,0,0,0
2026-09-07 18:40:00,114.0,21,82,37.3,0,0,0
2026-09-07 18:45:00,113.1,22,83,37.0,0,0,0
2026-09-07 18:50:00,109.0,34,81,39.8,0,0,0
2026-09-07 18:55:00,107.6,39,83,37.0,0,0,0
2026-09-07 19:00:00,106.1,15,78,36.3,0,0,0
2026-09-07 19:05:00,105.8,14,82,40.9,0,0,0
2026-09-07 19:10:00,106.1,23,81,37.6,0,0,0
2026-09-07 19:15:00,108.5,18,84,36.5,0,0,0
2026-09-07 19:20:00,108.1,35,83,35.3,0,0,0
2026-09-07 19:25:00,108.3,19,82,36.1,0,0,0
2026-09-07 19:30:00,108.7,10,81,36.0,0,0,0
2026-09-07 19:35:00,107.4,15,84,36.7,0,0,0
2026-09-07 19:40:00,110.9,31,82,39.0,0,0,0
2026-09-07 19:45:00,112.0,41,83,37.1,0,0,0
2026-09-07 19:50:00,108.0,18,82,38.7,0,0,0
2026-09-07 19:55:00,107.2,30,84,35.2,0,0,0
2026-09-07 20:00:00,109.2,26,81,40.9,0,0,0
2026-09-07 20:05:00,109.5,22,84,36.2,0,0,0
2026-09-07 20:10:00,109.7,37,82,36.9,0,0,0
2026-09-07 20:15:00,109.6,28,83,36.6,0,0,0
2026-09-07 20:20:00,106.2,23,83,37.8,0,0,0
2026-09-07 20:25:00,106.5,42,85,36.9,0,0,0
2026-09-07 20:30:00,108.4,31,82,38.4,0,0,0
2026-09-07 20:35:00,106.1,15,82,42.3,0,0,0
2026-09-07 20:40:00,105.3,27,83,38.9,0,0,0
2026-09-07 20:45:00,99.7,42,81,38.6,0,0,0
2026-09-07 20:50:00,100.7,6,82,38.0,0,0,0
2026-09-07 20:55:00,95.9,16,81,39.2,0,0,0
2026-09-07 21:00:00,94.6,59,82,38.7,0,0,0
2026-09-07 21:05:00,93.1,27,83,37.0,0,0,0
2026-09-07 21:10:00,92.9,36,82,38.6,0,0,0
2026-09-07 21:15:00,94.7,18,85,36.0,0,0,0
2026-09-07 21:20:00,92.8,19,84,38.3,0,0,0
2026-09-07 21:25:00,89.0,26,82,36.5,0,0,0
2026-09-07 21:30:00,87.3,30,83,37.3,0,0,0
2026-09-07 21:35:00,85.2,39,82,35.6,0,0,0
2026-09-07 21:40:00,87.6,23,85,40.0,0,0,0
2026-09-07 21:45:00,90.9,49,85,36.0,0,0,0
2026-09-07 21:50:00,89.7,25,84,39.6,0,0,0
2026-09-07 21:55:00,92.6,18,84,36.4,0,0,0
2026-09-07 22:00:00,96.6,46,83,39.4,0,0,0
2026-09-07 22:05:00,98.5,11,80,37.7,0,0,0
2026-09-07 22:10:00,95.9,21,85,37.6,0,0,0
2026-09-07 22:15:00,91.9,21,82,37.2,0,0,0
2026-09-07 22:20:00,86.0,13,83,40.3,0,0,0
2026-09-07 22:25:00,86.7,16,86,36.8,0,0,0
2026-09-07 22:30:00,88.2,20,82,36.2,0,0,0
2026-09-07 22:35:00,87.1,1,73,62.1,1,0,0
2026-09-07 22:40:00,89.6,0,69,61.2,1,0,0
2026-09-07 22:45:00,89.0,1,73,61.8,1,0,0
2026-09-07 22:50:00,89.7,0,74,62.6,1,0,0
2026-09-07 22:55:00,88.6,0,73,65.3,1,0,0
2026-09-07 23:00:00,89.2,0,75,61.3,1,0,0
2026-09-07 23:05:00,95.1,1,69,60.4,1,0,0
2026-09-07 23:10:00,93.8,1,76,65.0,1,0,0
2026-09-07 23:15:00,92.8,0,76,59.5,1,0,0
2026-09-07 23:20:00,92.7,2,72,58.7,1,0,0
2026-09-07 23:25:00,92.6,0,71,58.5,1,0,0
2026-09-07 23:30:00,92.2,0,73,56.6,1,0,0
2026-09-07 23:35:00,90.4,0,71,60.9,1,0,0
2026-09-07 23:40:00,89.3,0,77,59.1,1,0,0
2026-09-07 23:45:00,92.9,0,73,58.6,1,0,0
2026-09-07 23:50:00,93.3,0,74,61.9,1,0,0
2026-09-07 23:55:00,96.8,0,73,61.8,1,0,0
2026-09-08 00:00:00,94.6,0,71,65.2,1,0,0
2026-09-08 00:05:00,94.9,0,71,64.9,1,0,0
2026-09-08 00:10:00,96.5,1,70,59.5,1,0,0
2026-09-08 00:15:00,94.5,1,71,59.6,1,0,0
2026-09-08 00:20:00,91.1,3,72,60.6,1,0,0
2026-09-08 00:25:00,86.4,0,73,64.5,1,0,0
2026-09-08 00:30:00,87.7,0,76,62.5,1,0,0
2026-09-08 00:35:00,90.7,0,72,60.6,1,0,0
2026-09-08 00:40:00,92.4,0,75,57.8,1,0,0
2026-09-08 00:45:00,92.2,1,72,59.5,1,0,0
2026-09-08 00:50:00,92.3,0,74,62.5,1,0,0
2026-09-08 00:55:00,93.9,1,74,62.6,1,0,0
2026-09-08 01:00:00,93.8,0,73,58.8,1,0,0
2026-09-08 01:05:00,94.8,0,71,62.0,1,0,0
2026-09-08 01:10:00,95.2,0,75,60.0,1,0,0
2026-09-08 01:15:00,100.2,0,73,60.7,1,0,0
2026-09-08 01:20:00,100.2,0,74,58.8,1,0,0
2026-09-08 01:25:00,101.6,1,71,58.0,1,0,0
2026-09-08 01:30:00,100.1,0,70,60.4,1,0,0
2026-09-08 01:35:00,97.7,0,76,59.5,1,0,0
2026-09-08 01:40:00,96.5,0,73,62.8,1,0,0
2026-09-08 01:45:00,94.3,0,76,60.7,1,0,0
2026-09-08 01:50:00,92.4,0,72,62.2,1,0,0
2026-09-08 01:55:00,93.2,1,71,57.4,1,0,0
2026-09-08 02:00:00,91.3,0,71,61.4,1,0,0
2026-09-08 02:05:00,88.5,0,78,63.0,1,0,0
2026-09-08 02:10:00,88.4,0,74,61.8,1,0,0
2026-09-08 02:15:00,89.6,0,71,62.0,1,0,0
2026-09-08 02:20:00,92.7,0,73,58.1,1,0,0
2026-09-08 02:25:00,97.1,1,74,62.0,1,0,0
2026-09-08 02:30:00,96.0,0,73,60.8,1,0,0
2026-09-08 02:35:00,96.8,0,74,62.0,1,0,0
2026-09-08 02:40:00,99.7,0,75,59.7,1,0,0
2026-09-08 02:45:00,98.7,0,70,59.3,1,0,0
2026-09-08 02:50:00,100.3,0,72,59.5,1,0,0
2026-09-08 02:55:00,98.9,0,71,63.1,1,0,0
2026-09-08 03:00:00,104.2,0,72,58.0,1,0,0
2026-09-08 03:05:00,104.6,0,76,57.3,1,0,0
2026-09-08 03:10:00,104.8,0,80,63.3,1,0,0
2026-09-08 03:15:00,105.1,0,72,60.7,1,0,0
2026-09-08 03:20:00,104.9,1,75,61.5,1,0,0
2026-09-08 03:25:00,105.1,2,75,64.5,1,0,0
2026-09-08 03:30:00,107.2,1,67,62.9,1,0,0
2026-09-08 03:35:00,110.5,0,70,59.5,1,0,0
2026-09-08 03:40:00,110.4,0,68,64.6,1,0,0
2026-09-08 03:45:00,107.3,0,77,60.7,1,0,0
2026-09-08 03:50:00,108.4,1,72,61.1,1,0,0
2026-09-08 03:55:00,110.7,0,76,62.4,1,0,0
2026-09-08 04:00:00,112.0,0,72,57.7,1,0,0
2026-09-08 04:05:00,113.4,0,73,59.9,1,0,0
2026-09-08 04:10:00,113.9,0,74,57.7,1,0,0
2026-09-08 04:15:00,114.9,0,74,61.2,1,0,0
2026-09-08 04:20:00,114.2,0,71,59.8,1,0,0
2026-09-08 04:25:00,115.2,0,75,59.8,1,0,0
2026-09-08 04:30:00,118.2,0,72,61.8,1,0,0
2026-09-08 04:35:00,117.3,0,73,59.8,1,0,0
2026-09-08 04:40:00,115.9,0,72,58.9,1,0,0
2026-09-08 04:45:00,112.1,1,77,63.4,1,0,0
2026-09-08 04:50:00,109.7,1,75,62.1,1,0,0
2026-09-08 04:55:00,110.5,0,70,62.6,1,0,0
2026-09-08 05:00:00,109.6,0,74,60.8,1,0,0
2026-09-08 05:05:00,111.2,0,72,61.0,1,0,0
2026-09-08 05:10:00,106.4,0,74,60.4,1,0,0
2026-09-08 05:15:00,108.4,0,73,62.9,1,0,0
2026-09-08 05:20:00,108.4,1,77,62.5,1,0,0
2026-09-08 05:25:00,107.1,0,73,58.1,1,0,0
2026-09-08 05:30:00,109.8,0,71,61.1,1,0,0
2026-09-08 05:35:00,111.1,0,74,64.3,1,0,0
2026-09-08 05:40:00,114.8,0,74,61.5,1,0,0
2026-09-08 05:45:00,117.8,0,74,59.9,1,0,0
2026-09-08 05:50:00,118.4,0,72,63.9,1,0,0
2026-09-08 05:55:00,120.9,0,71,60.7,1,0,0
2026-09-08 06:00:00,117.3,0,72,63.3,1,0,0
2026-09-08 06:05:00,116.7,2,75,63.7,1,0,0
2026-09-08 06:10:00,113.5,0,73,59.4,1,0,0
2026-09-08 06:15:00,114.8,0,72,60.1,1,0,0
2026-09-08 06:20:00,114.6,1,71,61.3,1,0,0
2026-09-08 06:25:00,116.5,23,83,34.1,0,0,0
2026-09-08 06:30:00,116.6,15,82,39.0,0,0,0
2026-09-08 06:35:00,118.7,43,82,40.3,0,0,0
2026-09-08 06:40:00,118.1,40,79,36.3,0,0,0
2026-09-08 06:45:00,114.7,25,78,37.2,0,0,0
2026-09-08 06:50:00,116.7,31,84,35.4,0,0,0
2026-09-08 06:55:00,115.0,16,80,38.2,0,0,0
2026-09-08 07:00:00,114.0,20,81,37.1,0,0,0
2026-09-08 07:05:00,115.5,18,84,42.0,0,0,0
2026-09-08 07:10:00,113.2,29,84,34.3,0,0,0
2026-09-08 07:15:00,111.6,29,86,35.3,0,0,0
2026-09-08 07:20:00,112.8,37,87,39.5,0,0,0
2026-09-08 07:25:00,114.9,18,81,37.4,0,0,0
2026-09-08 07:30:00,113.5,37,87,38.4,0,0,0
2026-09-08 07:35:00,113.9,19,82,40.1,0,0,0
2026-09-08 07:40:00,111.6,65,83,43.7,0,0,0
2026-09-08 07:45:00,111.3,17,88,35.9,0,0,0
2026-09-08 07:50:00,108.5,43,81,38.7,0,0,0
2026-09-08 07:55:00,109.8,27,82,40.6,0,0,0
2026-09-08 08:00:00,112.8,41,89,32.4,0,0,0
2026-09-08 08:05:00,114.8,12,81,41.0,0,0,0
2026-09-08 08:10:00,112.9,22,85,36.8,0,0,0
2026-09-08 08:15:00,109.7,8,83,35.7,0,0,0
2026-09-08 08:20:00,111.1,32,86,38.6,0,0,0
2026-09-08 08:25:00,111.4,32,84,43.2,0,0,0
2026-09-08 08:30:00,111.8,21,85,36.0,0,0,0
2026-09-08 08:35:00,108.4,25,82,36.8,0,0,0
2026-09-08 08:40:00,107.7,26,83,36.0,0,0,0
2026-09-08 08:45:00,105.0,14,82,38.2,0,0,0
2026-09-08 08:50:00,104.5,27,79,41.6,0,0,0
2026-09-08 08:55:00,105.9,12,81,35.7,0,0,0
2026-09-08 09:00:00,109.2,37,82,38.4,0,0,0
2026-09-08 09:05:00,110.2,20,82,39.4,0,0,0
2026-09-08 09:10:00,110.5,37,84,33.6,0,0,0
2026-09-08 09:15:00,106.6,15,83,36.1,0,0,0
2026-09-08 09:20:00,106.3,49,86,38.1,0,0,0
2026-09-08 09:25:00,108.4,24,81,38.8,0,0,0
2026-09-08 09:30:00,107.8,14,83,36.6,0,0,0
2026-09-08 09:35:00,108.9,31,85,36.4,0,0,0
2026-09-08 09:40:00,107.4,32,84,37.1,0,0,0
2026-09-08 09:45:00,106.0,13,85,34.2,0,0,0
2026-09-08 09:50:00,105.8,17,83,40.5,0,0,0
2026-09-08 09:55:00,104.1,33,84,36.8,0,0,0
2026-09-08 10:00:00,104.2,26,80,36.1,0,0,0
2026-09-08 10:05:00,102.7,27,78,36.9,0,0,0
2026-09-08 10:10:00,103.4,16,82,36.4,0,0,0
2026-09-08 10:15:00,103.2,19,84,35.0,0,0,0
2026-09-08 10:20:00,106.1,65,87,40.1,0,0,0
2026-09-08 10:25:00,108.1,27,84,37.9,0,0,0
2026-09-08 10:30:00,110.2,17,84,35.8,0,0,0
2026-09-08 10:35:00,108.8,18,80,36.4,0,0,0
2026-09-08 10:40:00,108.5,24,80,33.2,0,0,0
2026-09-08 10:45:00,108.2,57,85,40.1,0,0,0
2026-09-08 10:50:00,109.8,19,83,37.5,0,0,0
2026-09-08 10:55:00,108.0,12,83,37.8,0,0,0
2026-09-08 11:00:00,102.7,28,82,39.3,0,0,0
2026-09-08 11:05:00,105.9,33,84,35.7,0,0,0
2026-09-08 11:10:00,106.6,21,83,34.9,0,0,0
2026-09-08 11:15:00,105.8,27,85,34.8,0,0,0
2026-09-08 11:20:00,106.3,14,84,35.6,0,0,0
2026-09-08 11:25:00,102.9,32,83,37.4,0,0,0
2026-09-08 11:30:00,106.1,18,83,35.7,0,0,0
2026-09-08 11:35:00,111.5,9,81,38.3,0,0,0
2026-09-08 11:40:00,107.3,13,82,37.6,0,0,0
2026-09-08 11:45:00,107.0,21,80,37.5,0,0,0
2026-09-08 11:50:00,108.8,29,83,36.8,0,0,0
2026-09-08 11:55:00,105.4,19,81,37.4,0,0,0
2026-09-08 12:00:00,108.4,41,87,37.5,0,0,0
2026-09-08 12:05:00,105.7,20,81,38.3,0,0,0
2026-09-08 12:10:00,104.6,41,85,36.4,0,0,0
2026-09-08 12:15:00,105.9,48,85,36.4,0,0,0
2026-09-08 12:20:00,105.6,25,85,36.7,0,0,0
2026-09-08 12:25:00,105.5,34,83,40.8,0,0,0
2026-09-08 12:30:00,108.7,10,81,39.8,0,0,0
2026-09-08 12:35:00,110.7,22,80,37.5,0,0,0
2026-09-08 12:40:00,109.0,19,83,37.0,0,0,0
2026-09-08 12:45:00,107.8,46,81,35.5,0,0,0
2026-09-08 12:50:00,105.9,21,81,38.7,0,0,0
2026-09-08 12:55:00,107.2,18,84,37.5,0,0,0
2026-09-08 13:00:00,106.4,34,85,39.2,0,0,0
2026-09-08 13:05:00,106.3,28,84,35.9,0,0,0
2026-09-08 13:10:00,107.2,22,80,40.2,0,0,0
2026-09-08 13:15:00,109.2,21,82,36.1,0,0,0
2026-09-08 13:20:00,109.6,20,80,38.6,0,0,0
2026-09-08 13:25:00,110.2,43,86,36.4,0,59,55
2026-09-08 13:30:00,116.0,23,88,39.3,0,0,0
2026-09-08 13:35:00,120.5,33,84,38.3,0,0,0
2026-09-08 13:40:00,117.3,20,85,36.2,0,0,0
2026-09-08 13:45:00,116.9,24,88,34.8,0,0,0
2026-09-08 13:50:00,117.1,58,87,37.2,0,0,0
2026-09-08 13:55:00,116.1,28,83,38.3,0,0,0
2026-09-08 14:00:00,116.4,29,83,36.2,0,0,0
2026-09-08 14:05:00,120.1,25,82,38.6,0,0,0
2026-09-08 14:10:00,123.5,30,85,35.1,0,0,0
2026-09-08 14:15:00,121.8,27,82,34.4,0,0,0
2026-09-08 14:20:00,121.7,10,82,38.6,0,0,0
2026-09-08 14:25:00,119.7,33,78,38.1,0,0,0
2026-09-08 14:30:00,119.1,12,85,35.4,0,0,0
2026-09-08 14:35:00,119.4,22,82,40.5,0,0,0
2026-09-08 14:40:00,116.3,41,83,36.8,0,0,0
2026-09-08 14:45:00,116.0,24,84,39.5,0,0,0
2026-09-08 14:50:00,114.4,15,83,35.6,0,0,0
2026-09-08 14:55:00,111.0,21,81,33.4,0,0,0
2026-09-08 15:00:00,109.9,39,83,34.4,0,0,0
2026-09-08 15:05:00,109.4,14,81,35.4,0,0,0
2026-09-08 15:10:00,107.9,10,83,38.1,0,0,0
2026-09-08 15:15:00,109.2,20,84,37.0,0,0,0
2026-09-08 15:20:00,111.8,16,83,33.6,0,0,0
2026-09-08 15:25:00,112.7,425,106,38.9,0,0,0
2026-09-08 15:30:00,111.1,440,109,37.4,0,0,0
2026-09-08 15:35:00,111.2,411,105,39.3,0,0,0
2026-09-08 15:40:00,109.6,13,84,34.7,0,0,0
2026-09-08 15:45:00,111.6,21,82,37.9,0,0,0
2026-09-08 15:50:00,111.9,27,85,37.3,0,0,0
2026-09-08 15:55:00,108.1,21,79,37.6,0,0,0
2026-09-08 16:00:00,111.1,32,81,38.0,0,0,0
2026-09-08 16:05:00,108.4,18,84,36.5,0,0,0
2026-09-08 16:10:00,109.0,446,107,38.4,0,0,0
2026-09-08 16:15:00,107.1,456,112,34.5,0,0,0
2026-09-08 16:20:00,105.9,30,85,37.9,0,0,0
2026-09-08 16:25:00,104.9,23,83,38.5,0,0,0
2026-09-08 16:30:00,100.4,26,82,39.4,0,0,0
2026-09-08 16:35:00,99.5,11,82,35.1,0,0,0
2026-09-08 16:40:00,99.2,33,81,39.8,0,0,0
2026-09-08 16:45:00,97.7,14,83,38.1,0,0,0
2026-09-08 16:50:00,95.2,25,79,36.1,0,0,0
2026-09-08 16:55:00,94.0,8,83,38.0,0,0,0
2026-09-08 17:00:00,93.3,8,83,37.6,0,0,0
2026-09-08 17:05:00,96.6,13,83,38.6,0,0,0
2026-09-08 17:10:00,96.2,23,85,39.6,0,50,80
2026-09-08 17:15:00,99.4,7,88,39.4,0,0,0
2026-09-08 17:20:00,104.2,33,84,39.3,0,0,0
2026-09-08 17:25:00,107.0,13,87,36.8,0,0,0
2026-09-08 17:30:00,108.6,49,86,36.1,0,0,0
2026-09-08 17:35:00,110.3,8,81,33.9,0,0,0
2026-09-08 17:40:00,111.8,17,87,35.6,0,0,0
2026-09-08 17:45:00,108.8,13,81,39.0,0,0,0
2026-09-08 17:50:00,109.6,31,87,36.6,0,0,0
2026-09-08 17:55:00,109.6,13,80,38.4,0,0,0
2026-09-08 18:00:00,107.7,17,83,36.1,0,0,0
2026-09-08 18:05:00,100.0,35,83,39.3,0,0,0
2026-09-08 18:10:00,99.7,31,82,34.3,0,0,0
2026-09-08 18:15:00,99.1,29,84,38.3,0,0,0
2026-09-08 18:20:00,95.1,13,81,33.0,0,0,0
2026-09-08 18:25:00,94.6,21,84,38.2,0,0,0
2026-09-08 18:30:00,95.3,45,85,34.8,0,0,0
2026-09-08 18:35:00,95.1,27,82,37.6,0,0,0
2026-09-08 18:40:00,91.3,21,80,41.3,0,0,0
2026-09-08 18:45:00,93.2,34,84,37.9,0,0,0
2026-09-08 18:50:00,92.9,20,86,36.0,0,0,0
2026-09-08 18:55:00,87.6,14,83,40.3,0,0,0
2026-09-08 19:00:00,84.5,28,83,39.6,0,0,0
2026-09-08 19:05:00,88.4,16,82,37.6,0,0,0
2026-09-08 19:10:00,91.2,18,83,36.2,0,0,0
2026-09-08 19:15:00,86.2,19,82,37.5,0,0,0
2026-09-08 19:20:00,86.6,35,84,38.7,0,0,0
2026-09-08 19:25:00,94.0,16,80,37.1,0,0,0
2026-09-08 19:30:00,96.4,33,82,40.1,0,0,0
2026-09-08 19:35:00,95.5,45,85,38.5,0,0,0
2026-09-08 19:40:00,96.7,33,86,36.5,0,0,0
2026-09-08 19:45:00,98.9,32,81,40.4,0,0,0
2026-09-08 19:50:00,96.0,18,81,38.3,0,0,0
2026-09-08 19:55:00,98.2,42,82,37.1,0,0,0
2026-09-08 20:00:00,98.3,19,81,36.3,0,0,0
2026-09-08 20:05:00,96.0,13,79,37.8,0,0,0
2026-09-08 20:10:00,97.8,31,80,39.1,0,0,0
2026-09-08 20:15:00,96.6,22,82,33.3,0,0,0
2026-09-08 20:20:00,94.7,27,82,39.0,0,0,0
2026-09-08 20:25:00,97.7,42,82,35.3,0,0,0
2026-09-08 20:30:00,96.6,26,84,40.4,0,0,0
2026-09-08 20:35:00,92.7,29,84,41.3,0,0,0
2026-09-08 20:40:00,93.1,28,85,37.5,0,0,0
2026-09-08 20:45:00,94.0,18,86,40.3,0,0,0
2026-09-08 20:50:00,93.6,12,81,34.0,0,0,0
2026-09-08 20:55:00,92.7,21,84,39.1,0,0,0
2026-09-08 21:00:00,89.2,33,82,42.8,0,0,0
2026-09-08 21:05:00,88.3,12,86,38.7,0,54,50
2026-09-08 21:10:00,89.0,18,86,34.9,0,0,0
2026-09-08 21:15:00,88.9,16,87,38.0,0,0,0
2026-09-08 21:20:00,93.6,503,114,38.3,0,0,0
2026-09-08 21:25:00,96.4,499,111,37.7,0,0,0
2026-09-08 21:30:00,95.8,27,86,38.4,0,0,0
2026-09-08 21:35:00,96.1,20,80,39.7,0,0,0
2026-09-08 21:40:00,97.1,20,82,37.6,0,0,0
2026-09-08 21:45:00,100.8,29,85,36.6,0,0,0
2026-09-08 21:50:00,99.5,43,84,36.7,0,0,0
2026-09-08 21:55:00,99.4,23,81,37.3,0,0,0
2026-09-08 22:00:00,102.6,23,81,41.2,0,0,0
2026-09-08 22:05:00,102.8,19,84,35.9,0,0,0
2026-09-08 22:10:00,102.1,10,82,36.8,0,0,0
2026-09-08 22:15:00,100.8,13,81,36.5,0,0,0
2026-09-08 22:20:00,99.6,22,79,42.9,0,0,0
2026-09-08 22:25:00,99.9,20,85,35.7,0,0,0
2026-09-08 22:30:00,99.1,12,83,35.1,0,0,0
2026-09-08 22:35:00,97.8,14,78,36.9,0,0,0
2026-09-08 22:40:00,96.2,26,80,39.2,0,0,0
2026-09-08 22:45:00,92.4,11,81,35.5,0,0,0
2026-09-08 22:50:00,93.7,25,79,38.1,0,0,0
2026-09-08 22:55:00,94.1,28,83,35.9,0,0,0
2026-09-08 23:00:00,93.7,9,82,33.5,0,0,0
2026-09-08 23:05:00,93.7,30,81,38.9,0,0,0
2026-09-08 23:10:00,104.1,27,86,36.3,0,0,0
2026-09-08 23:15:00,102.7,20,81,38.8,0,0,0
2026-09-08 23:20:00,101.6,13,83,37.9,0,0,0
2026-09-08 23:25:00,103.3,13,84,34.9,0,0,0
2026-09-08 23:30:00,104.0,28,84,39.2,0,0,0
2026-09-08 23:35:00,101.8,0,72,60.4,1,0,0
2026-09-08 23:40:00,100.4,0,75,58.3,1,0,0
2026-09-08 23:45:00,102.9,0,74,62.1,1,0,0
2026-09-08 23:50:00,99.6,1,72,61.8,1,0,0
2026-09-08 23:55:00,99.6,0,74,63.3,1,0,0
2026-09-09 00:00:00,95.4,1,73,59.8,1,0,0
2026-09-09 00:05:00,97.3,1,72,63.5,1,0,0
2026-09-09 00:10:00,97.0,2,70,60.5,1,0,0
2026-09-09 00:15:00,94.5,0,74,61.6,1,0,0
2026-09-09 00:20:00,97.1,0,74,62.9,1,0,0
2026-09-09 00:25:00,97.1,1,73,63.3,1,0,0
2026-09-09 00:30:00,96.1,0,73,60.5,1,0,0
2026-09-09 00:35:00,94.2,0,69,62.9,1,0,0
2026-09-09 00:40:00,93.1,0,72,57.6,1,0,0
2026-09-09 00:45:00,95.9,0,71,63.2,1,0,0
2026-09-09 00:50:00,99.4,0,77,59.9,1,0,0
2026-09-09 00:55:00,97.6,0,73,58.8,1,0,0
2026-09-09 01:00:00,97.1,1,76,55.5,1,0,0
2026-09-09 01:05:00,97.7,0,71,61.5,1,0,0
2026-09-09 01:10:00,98.5,0,70,59.7,1,0,0
2026-09-09 01:15:00,98.6,0,76,63.3,1,0,0
2026-09-09 01:20:00,99.0,1,74,63.0,1,0,0
2026-09-09 01:25:00,99.3,0,70,58.8,1,0,0
2026-09-09 01:30:00,97.3,0,73,59.4,1,0,0
2026-09-09 01:35:00,96.3,1,76,61.2,1,0,0
2026-09-09 01:40:00,92.9,0,72,64.5,1,0,0
2026-09-09 01:45:00,91.8,1,72,57.8,1,0,0
2026-09-09 01:50:00,92.6,0,75,65.3,1,0,0
2026-09-09 01:55:00,91.7,1,72,59.8,1,0,0
2026-09-09 02:00:00,92.0,0,75,61.0,1,0,0
2026-09-09 02:05:00,94.6,1,74,62.9,1,0,0
2026-09-09 02:10:00,94.9,0,72,59.0,1,0,0
2026-09-09 02:15:00,96.7,0,72,63.4,1,0,0
2026-09-09 02:20:00,94.3,0,78,60.7,1,0,0
2026-09-09 02:25:00,93.2,0,74,64.5,1,0,0
2026-09-09 02:30:00,92.5,0,74,62.0,1,0,0
2026-09-09 02:35:00,93.9,0,71,59.0,1,0,0
2026-09-09 02:40:00,94.6,0,72,60.4,1,0,0
2026-09-09 02:45:00,95.1,0,75,60.4,1,0,0
2026-09-09 02:50:00,97.0,1,75,60.7,1,0,0
2026-09-09 02:55:00,94.2,0,72,58.4,1,0,0
2026-09-09 03:00:00,97.6,0,78,58.7,1,0,0
2026-09-09 03:05:00,107.2,0,71,59.0,1,0,0
2026-09-09 03:10:00,109.3,0,73,60.0,1,0,0
2026-09-09 03:15:00,108.3,0,73,62.1,1,0,0
2026-09-09 03:20:00,105.5,0,72,63.6,1,0,0
2026-09-09 03:25:00,105.5,2,78,61.6,1,0,0
2026-09-09 03:30:00,109.6,0,73,62.6,1,0,0
2026-09-09 03:35:00,106.3,1,74,61.4,1,0,0
2026-09-09 03:40:00,103.6,0,74,59.3,1,0,0
2026-09-09 03:45:00,101.5,0,72,58.0,1,0,0
2026-09-09 03:50:00,104.6,0,72,59.4,1,0,0
2026-09-09 03:55:00,104.3,1,73,58.6,1,0,0
2026-09-09 04:00:00,106.0,0,72,62.7,1,0,0
2026-09-09 04:05:00,108.0,0,72,60.3,1,0,0
2026-09-09 04:10:00,105.3,1,75,65.8,1,0,0
2026-09-09 04:15:00,109.6,0,73,59.7,1,0,0
2026-09-09 04:20:00,107.1,0,71,62.7,1,0,0
2026-09-09 04:25:00,109.5,0,74,58.5,1,0,0
2026-09-09 04:30:00,107.6,0,72,60.1,1,0,0
2026-09-09 04:35:00,108.4,0,75,60.2,1,0,0
2026-09-09 04:40:00,110.4,0,70,63.0,1,0,0
2026-09-09 04:45:00,109.8,0,75,61.0,1,0,0
2026-09-09 04:50:00,111.9,1,68,61.2,1,0,0
2026-09-09 04:55:00,111.8,0,72,62.4,1,0,0
2026-09-09 05:00:00,111.9,1,71,63.4,1,0,0
2026-09-09 05:05:00,110.5,0,74,64.8,1,0,0
2026-09-09 05:10:00,109.5,0,69,63.3,1,0,0
2026-09-09 05:15:00,107.2,0,74,59.5,1,0,0
2026-09-09 05:20:00,109.6,1,75,57.7,1,0,0
2026-09-09 05:25:00,108.1,0,75,60.3,1,0,0
2026-09-09 05:30:00,108.4,0,74,60.9,1,0,0
2026-09-09 05:35:00,110.0,0,70,61.7,1,0,0
2026-09-09 05:40:00,107.3,0,75,61.6,1,0,0
2026-09-09 05:45:00,108.5,1,74,59.3,1,0,0
2026-09-09 05:50:00,112.3,0,72,60.1,1,0,0
2026-09-09 05:55:00,114.9,0,74,63.8,1,0,0
2026-09-09 06:00:00,117.5,2,74,62.7,1,0,0
2026-09-09 06:05:00,119.9,0,74,60.0,1,0,0
2026-09-09 06:10:00,119.2,1,74,59.9,1,0,0
2026-09-09 06:15:00,119.0,0,74,60.5,1,0,0
2026-09-09 06:20:00,119.0,2,74,63.4,1,0,0
2026-09-09 06:25:00,118.2,0,76,60.0,1,0,0
2026-09-09 06:30:00,118.6,1,70,59.0,1,0,0
2026-09-09 06:35:00,117.7,7,85,35.0,0,0,0
2026-09-09 06:40:00,117.8,16,82,39.8,0,0,0
2026-09-09 06:45:00,114.6,17,80,34.5,0,0,0
2026-09-09 06:50:00,114.6,40,81,35.8,0,0,0
2026-09-09 06:55:00,111.0,19,81,38.7,0,0,0
2026-09-09 07:00:00,108.8,12,85,37.2,0,0,0
2026-09-09 07:05:00,106.8,25,80,40.0,0,0,0
2026-09-09 07:10:00,103.7,27,78,36.8,0,0,0
2026-09-09 07:15:00,103.3,15,80,37.8,0,0,0
2026-09-09 07:20:00,106.0,23,85,37.9,0,0,0
2026-09-09 07:25:00,105.0,27,84,35.4,0,0,0
2026-09-09 07:30:00,105.7,22,84,37.4,0,0,0
2026-09-09 07:35:00,107.1,23,83,38.7,0,0,0
2026-09-09 07:40:00,108.3,22,84,36.8,0,0,0
2026-09-09 07:45:00,105.9,24,83,34.7,0,0,0
2026-09-09 07:50:00,106.5,28,83,39.0,0,0,0
2026-09-09 07:55:00,106.0,16,81,36.1,0,0,0
2026-09-09 08:00:00,105.4,59,86,35.5,0,0,0
2026-09-09 08:05:00,108.0,9,80,37.6,0,45,65
2026-09-09 08:10:00,110.6,27,86,38.7,0,0,0
2026-09-09 08:15:00,110.1,20,81,37.0,0,0,0
2026-09-09 08:20:00,109.2,34,88,36.2,0,0,0
2026-09-09 08:25:00,111.5,12,87,34.3,0,0,0
2026-09-09 08:30:00,110.8,11,86,38.3,0,0,0
2026-09-09 08:35:00,112.3,24,84,40.9,0,0,0
2026-09-09 08:40:00,111.7,37,82,39.9,0,0,0
2026-09-09 08:45:00,112.5,36,83,37.5,0,0,0
2026-09-09 08:50:00,111.4,28,81,38.2,0,0,0
2026-09-09 08:55:00,111.4,17,84,36.6,0,0,0
2026-09-09 09:00:00,110.9,26,84,40.4,0,0,0
2026-09-09 09:05:00,111.0,31,85,37.1,0,0,0
2026-09-09 09:10:00,111.0,53,84,37.9,0,0,0
2026-09-09 09:15:00,108.5,21,88,37.5,0,0,0
2026-09-09 09:20:00,110.8,10,83,41.8,0,0,0
2026-09-09 09:25:00,110.0,24,82,36.3,0,0,0
2026-09-09 09:30:00,108.9,32,83,36.6,0,0,0
2026-09-09 09:35:00,108.5,38,84,39.8,0,0,0
2026-09-09 09:40:00,107.9,391,102,37.7,0,0,0
2026-09-09 09:45:00,109.0,398,104,38.4,0,0,0
2026-09-09 09:50:00,109.4,409,105,42.3,0,0,0
2026-09-09 09:55:00,108.6,418,105,39.4,0,0,0
2026-09-09 10:00:00,106.9,31,82,36.8,0,0,0
2026-09-09 10:05:00,104.1,23,81,37.7,0,0,0
2026-09-09 10:10:00,107.8,24,83,33.5,0,0,0
2026-09-09 10:15:00,108.7,51,84,37.5,0,0,0
2026-09-09 10:20:00,107.1,22,83,37.8,0,0,0
2026-09-09 10:25:00,105.1,35,84,38.9,0,0,0
2026-09-09 10:30:00,102.1,41,83,35.3,0,0,0
2026-09-09 10:35:00,102.0,522,112,40.0,0,0,0
2026-09-09 10:40:00,103.0,533,113,37.3,0,0,0
2026-09-09 10:45:00,108.9,538,114,40.2,0,0,0
2026-09-09 10:50:00,106.6,41,85,38.4,0,0,0
2026-09-09 10:55:00,105.8,32,82,37.5,0,0,0
2026-09-09 11:00:00,106.0,23,86,35.9,0,0,0
2026-09-09 11:05:00,109.1,15,81,37.2,0,0,0
2026-09-09 11:10:00,106.5,26,84,35.8,0,0,0
2026-09-09 11:15:00,105.5,22,86,38.0,0,0,0
2026-09-09 11:20:00,109.4,19,84,38.2,0,0,0
2026-09-09 11:25:00,109.0,23,84,37.6,0,0,0
2026-09-09 11:30:00,109.9,22,84,39.1,0,0,0
2026-09-09 11:35:00,107.5,22,81,39.1,0,0,0
2026-09-09 11:40:00,105.3,38,81,37.9,0,0,0
2026-09-09 11:45:00,105.4,21,81,40.3,0,0,0
2026-09-09 11:50:00,102.6,25,85,40.9,0,0,0
2026-09-09 11:55:00,97.9,18,85,37.8,0,0,0
2026-09-09 12:00:00,98.6,28,84,37.2,0,0,0
2026-09-09 12:05:00,99.1,14,81,35.9,0,0,0
2026-09-09 12:10:00,97.3,22,82,36.9,0,0,0
2026-09-09 12:15:00,96.6,20,82,35.5,0,0,0
2026-09-09 12:20:00,96.3,4,82,35.9,0,0,0
2026-09-09 12:25:00,101.5,18,82,40.0,0,0,0
2026-09-09 12:30:00,102.7,14,83,38.5,0,0,0
2026-09-09 12:35:00,103.2,13,79,35.4,0,0,0
2026-09-09 12:40:00,103.0,29,86,38.4,0,0,0
2026-09-09 12:45:00,101.2,18,82,40.1,0,0,0
2026-09-09 12:50:00,103.2,21,83,36.9,0,0,0
2026-09-09 12:55:00,101.7,26,85,36.4,0,0,0
2026-09-09 13:00:00,102.1,18,85,36.0,0,53,50
2026-09-09 13:05:00,106.5,29,87,38.7,0,0,0
2026-09-09 13:10:00,109.1,12,86,37.0,0,0,0
2026-09-09 13:15:00,110.1,31,82,39.0,0,0,0
2026-09-09 13:20:00,108.5,28,87,37.3,0,0,0
2026-09-09 13:25:00,113.0,35,85,40.2,0,0,0
2026-09-09 13:30:00,115.1,7,84,37.0,0,0,0
2026-09-09 13:35:00,116.6,23,82,37.3,0,0,0
2026-09-09 13:40:00,117.9,21,84,39.5,0,0,0
2026-09-09 13:45:00,113.7,26,82,39.4,0,0,0
2026-09-09 13:50:00,111.8,19,83,37.8,0,0,0
2026-09-09 13:55:00,109.8,40,82,37.0,0,0,0
2026-09-09 14:00:00,109.1,25,86,40.2,0,0,0
2026-09-09 14:05:00,113.3,36,84,37.7,0,0,0
2026-09-09 14:10:00,111.6,21,83,38.4,0,0,0
2026-09-09 14:15:00,113.2,55,82,39.1,0,0,0
2026-09-09 14:20:00,114.9,35,84,40.1,0,0,0
2026-09-09 14:25:00,112.6,12,83,36.4,0,0,0
2026-09-09 14:30:00,109.6,46,82,41.8,0,0,0
2026-09-09 14:35:00,106.6,33,85,34.1,0,0,0
2026-09-09 14:40:00,108.8,23,82,33.7,0,0,0
2026-09-09 14:45:00,110.1,30,81,38.7,0,0,0
2026-09-09 14:50:00,106.7,23,83,38.5,0,0,0
2026-09-09 14:55:00,104.9,24,83,37.4,0,0,0
2026-09-09 15:00:00,105.4,20,82,36.6,0,0,0
2026-09-09 15:05:00,106.4,28,86,39.2,0,0,0
2026-09-09 15:10:00,103.0,33,81,40.2,0,0,0
2026-09-09 15:15:00,103.5,20,84,36.3,0,0,0
2026-09-09 15:20:00,102.6,25,82,37.5,0,0,0
2026-09-09 15:25:00,98.6,10,81,37.7,0,0,0
2026-09-09 15:30:00,99.6,29,83,37.2,0,0,0
2026-09-09 15:35:00,98.4,23,80,38.5,0,0,0
2026-09-09 15:40:00,96.8,20,85,35.4,0,0,0
2026-09-09 15:45:00,98.1,456,111,37.7,0,0,0
2026-09-09 15:50:00,98.6,452,106,41.1,0,0,0
2026-09-09 15:55:00,100.1,457,109,40.9,0,0,0
2026-09-09 16:00:00,99.6,457,109,37.7,0,0,0
2026-09-09 16:05:00,98.7,28,84,37.4,0,0,0
2026-09-09 16:10:00,101.2,29,82,39.6,0,0,0
2026-09-09 16:15:00,99.4,25,78,39.1,0,0,0
2026-09-09 16:20:00,98.2,20,79,38.4,0,0,0
2026-09-09 16:25:00,96.7,45,82,38.5,0,0,0
2026-09-09 16:30:00,101.2,19,82,36.3,0,0,0
2026-09-09 16:35:00,100.9,32,86,40.4,0,0,0
2026-09-09 16:40:00,99.5,24,81,38.6,0,0,0
2026-09-09 16:45:00,96.8,6,80,35.5,0,0,0
2026-09-09 16:50:00,99.2,19,81,38.3,0,0,0
2026-09-09 16:55:00,104.7,16,82,39.8,0,0,0
2026-09-09 17:00:00,105.1,22,78,36.6,0,0,0
2026-09-09 17:05:00,104.6,26,81,38.0,0,0,0
2026-09-09 17:10:00,107.2,14,81,41.1,0,0,0
2026-09-09 17:15:00,104.1,25,81,38.2,0,0,0
2026-09-09 17:20:00,105.5,9,80,35.7,0,0,0
2026-09-09 17:25:00,102.9,52,87,41.4,0,0,0
2026-09-09 17:30:00,100.7,18,79,36.3,0,0,0
2026-09-09 17:35:00,100.9,33,85,34.7,0,41,80
2026-09-09 17:40:00,103.7,22,83,33.2,0,0,0
2026-09-09 17:45:00,105.9,17,84,34.8,0,0,0
2026-09-09 17:50:00,106.1,40,84,37.9,0,0,0
2026-09-09 17:55:00,109.9,15,86,35.0,0,0,0
2026-09-09 18:00:00,109.9,18,87,33.5,0,0,0
2026-09-09 18:05:00,112.9,14,83,38.8,0,0,0
2026-09-09 18:10:00,114.0,17,83,36.5,0,0,0
2026-09-09 18:15:00,113.5,69,88,37.1,0,0,0
2026-09-09 18:20:00,114.2,16,83,40.3,0,0,0
2026-09-09 18:25:00,113.4,32,81,38.3,0,0,0
2026-09-09 18:30:00,112.3,21,83,34.8,0,0,0
2026-09-09 18:35:00,111.7,27,85,39.1,0,0,0
2026-09-09 18:40:00,112.6,18,85,35.6,0,0,0
2026-09-09 18:45:00,111.7,32,85,35.5,0,0,0
2026-09-09 18:50:00,111.5,19,84,37.5,0,0,0
2026-09-09 18:55:00,109.3,5,77,36.5,0,0,0
2026-09-09 19:00:00,114.6,11,80,36.1,0,0,0
2026-09-09 19:05:00,113.6,44,83,36.4,0,0,0
2026-09-09 19:10:00,109.9,19,85,34.7,0,0,0
2026-09-09 19:15:00,109.1,21,79,35.8,0,0,0
2026-09-09 19:20:00,110.5,18,83,34.9,0,0,0
2026-09-09 19:25:00,110.3,36,83,34.9,0,0,0
2026-09-09 19:30:00,108.5,41,82,34.9,0,0,0
2026-09-09 19:35:00,107.7,26,85,37.9,0,0,0
2026-09-09 19:40:00,107.8,15,80,36.4,0,0,0
2026-09-09 19:45:00,105.9,21,81,36.7,0,0,0
2026-09-09 19:50:00,103.9,33,83,39.9,0,0,0
2026-09-09 19:55:00,103.7,11,82,36.2,0,0,0
2026-09-09 20:00:00,105.1,38,86,39.2,0,0,0
2026-09-09 20:05:00,105.6,28,82,34.9,0,0,0
2026-09-09 20:10:00,103.4,19,84,42.2,0,0,0
2026-09-09 20:15:00,102.9,30,86,38.1,0,0,0
2026-09-09 20:20:00,98.3,19,82,38.5,0,0,0
2026-09-09 20:25:00,96.7,61,84,34.4,0,0,0
2026-09-09 20:30:00,96.4,8,84,37.9,0,0,0
2026-09-09 20:35:00,100.2,41,81,39.9,0,0,0
2026-09-09 20:40:00,93.1,24,82,37.7,0,0,0
2026-09-09 20:45:00,94.8,37,84,36.3,0,0,0
2026-09-09 20:50:00,95.0,12,83,34.5,0,0,0
2026-09-09 20:55:00,93.5,15,85,34.6,0,0,0
2026-09-09 21:00:00,94.9,15,87,35.5,0,0,0
2026-09-09 21:05:00,94.9,16,84,39.0,0,0,0
2026-09-09 21:10:00,93.5,64,85,38.0,0,0,0
2026-09-09 21:15:00,92.2,32,85,37.4,0,67,55
2026-09-09 21:20:00,95.5,23,81,39.3,0,0,0
2026-09-09 21:25:00,98.2,12,83,37.8,0,0,0
2026-09-09 21:30:00,99.0,7,86,38.6,0,0,0
2026-09-09 21:35:00,101.9,50,86,38.8,0,0,0
2026-09-09 21:40:00,101.1,12,87,39.2,0,0,0
2026-09-09 21:45:00,101.5,18,80,38.7,0,0,0
2026-09-09 21:50:00,100.9,16,81,39.3,0,0,0
2026-09-09 21:55:00,102.3,27,82,39.4,0,0,0
2026-09-09 22:00:00,104.6,22,82,37.7,0,0,0
2026-09-09 22:05:00,104.0,1,74,60.8,1,0,0
2026-09-09 22:10:00,103.5,0,71,61.9,1,0,0
2026-09-09 22:15:00,101.9,1,72,60.2,1,0,0
2026-09-09 22:20:00,100.6,0,73,60.8,1,0,0
2026-09-09 22:25:00,100.8,1,73,57.0,1,0,0
2026-09-09 22:30:00,101.6,0,74,61.8,1,0,0
2026-09-09 22:35:00,99.4,0,74,62.1,1,0,0
2026-09-09 22:40:00,97.8,0,76,61.3,1,0,0
2026-09-09 22:45:00,96.4,1,74,61.5,1,0,0
2026-09-09 22:50:00,94.8,1,71,60.3,1,0,0
2026-09-09 22:55:00,93.4,0,75,61.0,1,0,0
2026-09-09 23:00:00,90.3,0,72,61.2,1,0,0
2026-09-09 23:05:00,88.8,0,75,59.5,1,0,0
2026-09-09 23:10:00,87.9,0,74,60.4,1,0,0
2026-09-09 23:15:00,91.2,0,72,60.2,1,0,0
2026-09-09 23:20:00,89.2,0,73,57.0,1,0,0
2026-09-09 23:25:00,86.4,1,75,63.5,1,0,0
2026-09-09 23:30:00,89.9,0,73,61.9,1,0,0
2026-09-09 23:35:00,99.2,0,72,64.0,1,0,0
2026-09-09 23:40:00,102.7,1,74,61.7,1,0,0
2026-09-09 23:45:00,102.8,1,73,61.7,1,0,0
2026-09-09 23:50:00,102.6,0,73,62.7,1,0,0
2026-09-09 23:55:00,104.3,0,74,63.9,1,0,0
2026-09-10 00:00:00,100.6,1,72,58.9,1,0,0
2026-09-10 00:05:00,102.2,0,69,61.8,1,0,0
2026-09-10 00:10:00,103.4,0,73,60.3,1,0,0
2026-09-10 00:15:00,103.3,3,71,58.9,1,0,0
2026-09-10 00:20:00,103.5,0,75,62.4,1,0,0
2026-09-10 00:25:00,102.2,0,74,61.4,1,0,0
2026-09-10 00:30:00,97.8,1,70,62.5,1,0,0
2026-09-10 00:35:00,97.4,0,75,62.1,1,0,0
2026-09-10 00:40:00,96.8,0,73,57.5,1,0,0
2026-09-10 00:45:00,95.1,0,73,61.5,1,0,0
2026-09-10 00:50:00,98.5,0,72,59.9,1,0,0
2026-09-10 00:55:00,97.9,0,72,59.4,1,0,0
2026-09-10 01:00:00,97.8,0,73,63.0,1,0,0
2026-09-10 01:05:00,98.8,0,73,57.9,1,0,0
2026-09-10 01:10:00,97.0,1,76,60.7,1,0,0
2026-09-10 01:15:00,97.5,1,72,59.8,1,0,0
2026-09-10 01:20:00,94.9,1,73,62.8,1,0,0
2026-09-10 01:25:00,96.2,1,75,61.4,1,0,0
2026-09-10 01:30:00,99.0,0,71,57.1,1,0,0
2026-09-10 01:35:00,98.0,0,74,59.7,1,0,0
2026-09-10 01:40:00,96.1,0,71,57.1,1,0,0
2026-09-10 01:45:00,97.4,0,72,62.9,1,0,0
2026-09-10 01:50:00,100.2,1,74,61.4,1,0,0
2026-09-10 01:55:00,100.7,0,70,66.3,1,0,0
2026-09-10 02:00:00,101.4,0,73,58.8,1,0,0
2026-09-10 02:05:00,98.8,0,75,62.0,1,0,0
2026-09-10 02:10:00,99.1,0,71,61.4,1,0,0
2026-09-10 02:15:00,98.9,0,76,54.6,1,0,0
2026-09-10 02:20:00,98.2,0,75,62.5,1,0,0
2026-09-10 02:25:00,95.5,0,77,60.5,1,0,0
2026-09-10 02:30:00,96.8,0,75,59.9,1,0,0
2026-09-10 02:35:00,98.5,1,72,60.6,1,0,0
2026-09-10 02:40:00,99.7,2,73,61.9,1,0,0
2026-09-10 02:45:00,99.5,0,74,64.5,1,0,0
2026-09-10 02:50:00,99.5,0,76,61.2,1,0,0
2026-09-10 02:55:00,99.7,2,76,62.4,1,0,0
2026-09-10 03:00:00,97.8,0,73,59.7,1,0,0
2026-09-10 03:05:00,97.9,0,75,61.3,1,0,0
2026-09-10 03:10:00,97.5,1,73,60.2,1,0,0
2026-09-10 03:15:00,109.2,0,71,58.7,1,0,0
2026-09-10 03:20:00,109.5,0,74,60.5,1,0,0
2026-09-10 03:25:00,107.5,0,73,63.4,1,0,0
2026-09-10 03:30:00,108.3,0,73,59.5,1,0,0
2026-09-10 03:35:00,108.1,2,77,58.6,1,0,0
2026-09-10 03:40:00,109.0,0,75,59.4,1,0,0
2026-09-10 03:45:00,110.9,1,73,58.7,1,0,0
2026-09-10 03:50:00,111.9,0,72,62.8,1,0,0
2026-09-10 03:55:00,110.8,1,70,64.4,1,0,0
2026-09-10 04:00:00,114.6,1,72,60.4,1,0,0
2026-09-10 04:05:00,114.2,0,74,63.9,1,0,0
2026-09-10 04:10:00,115.7,0,77,65.2,1,0,0
2026-09-10 04:15:00,115.6,0,75,57.4,1,0,0
2026-09-10 04:20:00,115.5,2,72,58.8,1,0,0
2026-09-10 04:25:00,114.8,0,75,59.4,1,0,0
2026-09-10 04:30:00,111.3,0,76,60.9,1,0,0
2026-09-10 04:35:00,113.4,0,72,60.7,1,0,0
2026-09-10 04:40:00,113.5,0,76,60.8,1,0,0
2026-09-10 04:45:00,110.4,0,72,60.1,1,0,0
2026-09-10 04:50:00,111.8,0,73,59.4,1,0,0
2026-09-10 04:55:00,113.2,0,72,61.8,1,0,0
2026-09-10 05:00:00,115.0,0,73,60.6,1,0,0
2026-09-10 05:05:00,115.4,1,75,61.8,1,0,0
2026-09-10 05:10:00,114.6,0,71,63.7,1,0,0
2026-09-10 05:15:00,115.6,1,72,60.3,1,0,0
2026-09-10 05:20:00,116.3,1,74,60.9,1,0,0
2026-09-10 05:25:00,113.7,1,73,58.9,1,0,0
2026-09-10 05:30:00,118.5,2,70,64.2,1,0,0
2026-09-10 05:35:00,120.2,0,73,62.8,1,0,0
2026-09-10 05:40:00,117.4,1,72,62.1,1,0,0
2026-09-10 05:45:00,116.4,0,75,61.0,1,0,0
2026-09-10 05:50:00,115.8,0,70,60.6,1,0,0
2026-09-10 05:55:00,112.1,0,71,61.5,1,0,0
2026-09-10 06:00:00,109.3,0,75,60.1,1,0,0
2026-09-10 06:05:00,109.8,0,73,60.9,1,0,0
2026-09-10 06:10:00,109.2,36,84,37.6,0,0,0
2026-09-10 06:15:00,107.5,17,87,38.8,0,0,0
2026-09-10 06:20:00,109.7,11,84,39.4,0,0,0
2026-09-10 06:25:00,111.2,32,82,38.4,0,0,0
2026-09-10 06:30:00,110.9,24,82,39.5,0,0,0
2026-09-10 06:35:00,113.2,16,78,36.3,0,0,0
2026-09-10 06:40:00,112.7,21,80,37.0,0,0,0
2026-09-10 06:45:00,115.1,31,85,38.7,0,0,0
2026-09-10 06:50:00,115.8,31,82,37.5,0,0,0
2026-09-10 06:55:00,114.9,19,81,37.4,0,0,0
2026-09-10 07:00:00,110.5,21,82,35.9,0,0,0
2026-09-10 07:05:00,108.9,38,79,32.6,0,0,0
2026-09-10 07:10:00,107.8,20,84,35.6,0,0,0
2026-09-10 07:15:00,113.6,41,82,33.7,0,0,0
2026-09-10 07:20:00,116.8,29,82,35.7,0,0,0
2026-09-10 07:25:00,120.1,33,84,39.1,0,0,0
2026-09-10 07:30:00,119.9,12,84,35.7,0,0,0
2026-09-10 07:35:00,118.8,13,78,35.4,0,0,0
2026-09-10 07:40:00,112.6,84,87,34.7,0,0,0
2026-09-10 07:45:00,110.5,29,86,38.3,0,0,0
2026-09-10 07:50:00,112.9,44,84,37.7,0,0,0
2026-09-10 07:55:00,112.4,27,83,35.5,0,0,0
2026-09-10 08:00:00,108.7,9,82,34.0,0,0,0
2026-09-10 08:05:00,110.3,6,83,39.4,0,0,0
2026-09-10 08:10:00,113.3,13,78,37.0,0,0,0
2026-09-10 08:15:00,112.4,34,81,36.0,0,0,0
2026-09-10 08:20:00,115.3,18,81,35.6,0,0,0
2026-09-10 08:25:00,112.7,24,80,41.3,0,0,0
2026-09-10 08:30:00,112.0,38,83,35.2,0,0,0
2026-09-10 08:35:00,108.9,15,82,34.9,0,0,0
2026-09-10 08:40:00,111.4,15,83,36.3,0,0,0
2026-09-10 08:45:00,111.1,15,84,38.8,0,0,0
2026-09-10 08:50:00,112.3,59,82,38.6,0,0,0
2026-09-10 08:55:00,110.8,23,77,38.3,0,0,0
2026-09-10 09:00:00,107.4,53,87,39.4,0,38,50
2026-09-10 09:05:00,110.2,16,88,37.8,0,0,0
2026-09-10 09:10:00,110.1,28,87,38.0,0,0,0
2026-09-10 09:15:00,111.0,69,90,35.9,0,0,0
2026-09-10 09:20:00,110.0,13,85,40.7,0,0,0
2026-09-10 09:25:00,112.0,22,81,40.7,0,0,0
2026-09-10 09:30:00,113.3,31,81,33.7,0,0,0
2026-09-10 09:35:00,115.4,19,81,38.5,0,0,0
2026-09-10 09:40:00,114.0,17,82,37.8,0,0,0
2026-09-10 09:45:00,110.9,20,84,35.2,0,0,0
2026-09-10 09:50:00,110.5,18,84,37.6,0,0,0
2026-09-10 09:55:00,108.2,19,80,37.0,0,0,0
2026-09-10 10:00:00,108.6,36,76,39.8,0,0,0
2026-09-10 10:05:00,109.9,30,81,36.4,0,0,0
2026-09-10 10:10:00,107.5,6,79,38.1,0,0,0
2026-09-10 10:15:00,106.8,33,83,37.1,0,0,0
2026-09-10 10:20:00,102.8,11,80,35.5,0,0,0
2026-09-10 10:25:00,105.2,36,84,39.4,0,0,0
2026-09-10 10:30:00,107.5,10,82,37.1,0,0,0
2026-09-10 10:35:00,109.1,46,82,33.6,0,0,0
2026-09-10 10:40:00,108.5,19,81,37.1,0,0,0
2026-09-10 10:45:00,107.2,27,81,40.1,0,0,0
2026-09-10 10:50:00,104.6,29,86,39.1,0,0,0
2026-09-10 10:55:00,104.0,17,86,40.1,0,0,0
2026-09-10 11:00:00,105.5,19,85,38.7,0,0,0
2026-09-10 11:05:00,105.3,14,84,40.3,0,0,0
2026-09-10 11:10:00,104.4,43,84,36.3,0,0,0
2026-09-10 11:15:00,103.9,26,83,37.0,0,0,0
2026-09-10 11:20:00,102.0,16,81,37.9,0,0,0
2026-09-10 11:25:00,101.3,9,82,36.4,0,0,0
2026-09-10 11:30:00,100.9,13,87,37.6,0,0,0
2026-09-10 11:35:00,98.5,17,82,36.4,0,0,0
2026-09-10 11:40:00,101.4,24,81,36.6,0,0,0
2026-09-10 11:45:00,101.0,16,81,38.3,0,0,0
2026-09-10 11:50:00,101.0,47,85,38.4,0,0,0
2026-09-10 11:55:00,102.6,21,85,37.5,0,0,0
2026-09-10 12:00:00,101.4,465,111,37.1,0,0,0
2026-09-10 12:05:00,102.9,506,111,37.3,0,0,0
2026-09-10 12:10:00,103.9,40,84,34.4,0,0,0
2026-09-10 12:15:00,100.9,8,84,38.5,0,0,0
2026-09-10 12:20:00,99.6,41,81,36.7,0,0,0
2026-09-10 12:25:00,98.6,23,87,36.2,0,0,0
2026-09-10 12:30:00,99.3,25,79,36.6,0,0,0
2026-09-10 12:35:00,98.8,24,79,39.3,0,0,0
2026-09-10 12:40:00,100.7,66,84,34.8,0,0,0
2026-09-10 12:45:00,101.6,12,83,38.3,0,0,0
2026-09-10 12:50:00,100.2,32,84,35.0,0,0,0
2026-09-10 12:55:00,99.9,14,79,35.4,0,0,0
2026-09-10 13:00:00,97.0,53,82,36.8,0,0,0
2026-09-10 13:05:00,97.1,26,80,34.3,0,0,0
2026-09-10 13:10:00,98.9,14,80,39.1,0,0,0
2026-09-10 13:15:00,99.4,11,85,37.5,0,0,0
2026-09-10 13:20:00,101.8,18,82,32.1,0,0,0
2026-09-10 13:25:00,102.3,46,87,34.5,0,0,0
2026-09-10 13:30:00,99.2,25,81,36.9,0,0,0
2026-09-10 13:35:00,97.6,13,87,37.2,0,0,0
2026-09-10 13:40:00,95.9,65,82,36.2,0,0,0
2026-09-10 13:45:00,96.8,37,83,39.1,0,0,0
2026-09-10 13:50:00,93.3,27,82,37.9,0,0,0
2026-09-10 13:55:00,91.2,30,82,41.5,0,0,0
2026-09-10 14:00:00,89.4,14,85,35.9,0,0,0
2026-09-10 14:05:00,84.9,35,85,36.7,0,0,0
2026-09-10 14:10:00,86.5,7,81,38.5,0,0,0
2026-09-10 14:15:00,88.8,40,83,35.8,0,0,0
2026-09-10 14:20:00,92.1,25,83,38.4,0,0,0
2026-09-10 14:25:00,91.4,14,86,38.7,0,0,0
2026-09-10 14:30:00,89.1,8,81,36.1,0,0,0
2026-09-10 14:35:00,90.1,10,85,38.0,0,0,0
2026-09-10 14:40:00,89.6,15,82,36.4,0,0,0
2026-09-10 14:45:00,88.9,25,82,37.5,0,0,0
2026-09-10 14:50:00,89.3,32,86,38.3,0,0,0
2026-09-10 14:55:00,87.9,35,81,37.3,0,0,0
2026-09-10 15:00:00,89.3,8,83,41.5,0,0,0
2026-09-10 15:05:00,88.6,33,84,35.1,0,0,0
2026-09-10 15:10:00,89.7,14,82,37.9,0,0,0
2026-09-10 15:15:00,88.3,19,82,39.4,0,0,0
2026-09-10 15:20:00,85.2,10,84,37.7,0,0,0
2026-09-10 15:25:00,85.3,17,84,35.6,0,0,0
2026-09-10 15:30:00,83.3,22,87,37.7,0,0,0
2026-09-10 15:35:00,88.4,40,81,39.9,0,0,0
2026-09-10 15:40:00,88.7,20,83,36.9,0,0,0
2026-09-10 15:45:00,90.3,32,84,38.1,0,0,0
2026-09-10 15:50:00,90.9,16,83,38.7,0,0,0
2026-09-10 15:55:00,90.5,25,86,37.9,0,0,0
2026-09-10 16:00:00,94.2,38,83,36.7,0,0,0
2026-09-10 16:05:00,94.0,22,84,41.1,0,0,0
2026-09-10 16:10:00,93.9,38,83,38.0,0,0,0
2026-09-10 16:15:00,94.6,44,83,34.2,0,0,0
2026-09-10 16:20:00,97.5,30,81,38.1,0,0,0
2026-09-10 16:25:00,98.2,30,82,36.7,0,0,0
2026-09-10 16:30:00,97.7,15,83,39.4,0,0,0
2026-09-10 16:35:00,97.7,23,82,32.6,0,0,0
2026-09-10 16:40:00,96.4,28,82,36.4,0,0,0
2026-09-10 16:45:00,99.5,26,82,38.6,0,0,0
2026-09-10 16:50:00,98.9,31,82,34.9,0,0,0
2026-09-10 16:55:00,99.1,41,86,35.5,0,0,0
2026-09-10 17:00:00,97.5,22,80,36.6,0,0,0
2026-09-10 17:05:00,100.1,32,81,39.1,0,0,0
2026-09-10 17:10:00,95.1,12,81,42.4,0,0,0
2026-09-10 17:15:00,96.0,42,83,38.4,0,0,0
2026-09-10 17:20:00,94.5,13,83,37.0,0,0,0
2026-09-10 17:25:00,95.9,21,83,37.4,0,0,0
2026-09-10 17:30:00,95.5,13,85,35.6,0,0,0
2026-09-10 17:35:00,92.4,30,82,39.2,0,0,0
2026-09-10 17:40:00,92.5,17,83,36.8,0,0,0
2026-09-10 17:45:00,87.8,25,82,36.1,0,23,50
2026-09-10 17:50:00,89.8,18,80,37.7,0,0,0
2026-09-10 17:55:00,94.6,27,86,38.1,0,0,0
2026-09-10 18:00:00,93.5,13,85,39.7,0,0,0
2026-09-10 18:05:00,92.6,13,84,37.0,0,0,0
2026-09-10 18:10:00,91.6,29,85,39.4,0,0,0
2026-09-10 18:15:00,92.5,13,81,41.1,0,0,0
2026-09-10 18:20:00,96.6,19,79,38.9,0,0,0
2026-09-10 18:25:00,96.7,22,85,34.1,0,0,0
2026-09-10 18:30:00,93.9,21,82,38.3,0,0,0
2026-09-10 18:35:00,95.5,14,84,37.4,0,0,0
2026-09-10 18:40:00,95.8,11,81,40.1,0,0,0
2026-09-10 18:45:00,98.3,15,82,37.9,0,0,0
2026-09-10 18:50:00,96.3,19,81,33.5,0,0,0
2026-09-10 18:55:00,98.5,19,80,36.3,0,0,0
2026-09-10 19:00:00,95.5,39,83,39.2,0,0,0
2026-09-10 19:05:00,98.2,18,83,37.6,0,0,0
2026-09-10 19:10:00,98.5,17,80,36.9,0,0,0
2026-09-10 19:15:00,98.7,12,85,35.1,0,0,0
2026-09-10 19:20:00,100.4,19,83,40.8,0,0,0
2026-09-10 19:25:00,99.3,21,84,35.7,0,0,0
2026-09-10 19:30:00,105.1,37,82,38.3,0,0,0
2026-09-10 19:35:00,100.8,12,83,36.5,0,0,0
2026-09-10 19:40:00,101.7,25,81,38.6,0,0,0
2026-09-10 19:45:00,100.2,30,83,36.5,0,0,0
2026-09-10 19:50:00,105.7,22,82,39.1,0,0,0
2026-09-10 19:55:00,107.0,19,83,40.1,0,0,0
2026-09-10 20:00:00,105.1,26,85,32.9,0,0,0
2026-09-10 20:05:00,105.0,13,82,35.8,0,0,0
2026-09-10 20:10:00,107.0,17,87,37.3,0,0,0
2026-09-10 20:15:00,105.9,26,86,36.7,0,0,0
2026-09-10 20:20:00,106.7,22,83,38.7,0,0,0
2026-09-10 20:25:00,105.2,14,80,37.2,0,0,0
2026-09-10 20:30:00,104.8,22,80,39.2,0,0,0
2026-09-10 20:35:00,104.8,38,89,36.8,0,0,0
2026-09-10 20:40:00,103.3,29,88,37.7,0,0,0
2026-09-10 20:45:00,102.5,23,83,35.9,0,57,55
2026-09-10 20:50:00,105.4,22,88,37.9,0,0,0
2026-09-10 20:55:00,105.8,40,86,41.0,0,0,0
2026-09-10 21:00:00,111.6,30,87,38.1,0,0,0
2026-09-10 21:05:00,112.9,10,82,42.0,0,0,0
2026-09-10 21:10:00,117.1,5,83,35.9,0,0,0
2026-09-10 21:15:00,115.9,23,84,42.2,0,0,0
2026-09-10 21:20:00,117.9,27,84,35.2,0,0,0
2026-09-10 21:25:00,114.9,13,81,37.1,0,0,0
2026-09-10 21:30:00,115.0,53,82,38.2,0,0,0
2026-09-10 21:35:00,114.6,32,83,39.0,0,0,0
2026-09-10 21:40:00,110.1,31,84,42.1,0,0,0
2026-09-10 21:45:00,105.5,53,80,37.4,0,0,0
2026-09-10 21:50:00,107.5,27,83,38.2,0,0,0
2026-09-10 21:55:00,108.2,28,83,36.8,0,0,0
2026-09-10 22:00:00,108.9,11,83,37.3,0,0,0
2026-09-10 22:05:00,110.1,14,81,39.5,0,0,0
2026-09-10 22:10:00,108.6,22,83,34.7,0,0,0
2026-09-10 22:15:00,102.8,29,83,37.9,0,0,0
2026-09-10 22:20:00,101.6,19,81,37.7,0,0,0
2026-09-10 22:25:00,98.1,28,81,34.6,0,0,0
2026-09-10 22:30:00,94.9,46,85,36.8,0,0,0
2026-09-10 22:35:00,96.8,28,81,37.2,0,0,0
2026-09-10 22:40:00,97.1,42,85,38.0,0,0,0
2026-09-10 22:45:00,96.3,45,82,38.0,0,0,0
2026-09-10 22:50:00,95.9,19,80,34.3,0,0,0
2026-09-10 22:55:00,95.5,12,83,39.6,0,0,0
2026-09-10 23:00:00,95.9,16,84,37.7,0,0,0
2026-09-10 23:05:00,96.3,40,83,38.7,0,0,0
2026-09-10 23:10:00,97.4,29,82,38.5,0,0,0
2026-09-10 23:15:00,96.8,26,81,39.4,0,0,0
2026-09-10 23:20:00,97.7,41,82,42.8,0,0,0
2026-09-10 23:25:00,97.0,23,84,35.9,0,0,0
2026-09-10 23:30:00,96.3,0,74,61.0,1,0,0
2026-09-10 23:35:00,93.4,0,72,57.6,1,0,0
2026-09-10 23:40:00,92.0,0,77,60.8,1,0,0
2026-09-10 23:45:00,94.2,0,76,58.3,1,0,0
2026-09-10 23:50:00,91.7,1,72,63.5,1,0,0
2026-09-10 23:55:00,88.9,0,72,60.2,1,0,0
2026-09-11 00:00:00,89.5,0,71,62.0,1,0,0
2026-09-11 00:05:00,89.2,0,75,61.3,1,0,0
2026-09-11 00:10:00,89.7,0,69,61.5,1,0,0
2026-09-11 00:15:00,89.0,1,73,65.9,1,0,0
2026-09-11 00:20:00,89.5,1,73,59.4,1,0,0
2026-09-11 00:25:00,91.0,0,73,59.4,1,0,0
2026-09-11 00:30:00,89.7,0,69,61.0,1,0,0
2026-09-11 00:35:00,86.4,0,74,60.0,1,0,0
2026-09-11 00:40:00,85.8,0,70,61.7,1,0,0
2026-09-11 00:45:00,86.9,1,73,59.2,1,0,0
2026-09-11 00:50:00,87.3,0,69,59.3,1,0,0
2026-09-11 00:55:00,88.6,1,72,60.8,1,0,0
2026-09-11 01:00:00,86.2,0,70,57.7,1,0,0
2026-09-11 01:05:00,91.3,0,70,62.0,1,0,0
2026-09-11 01:10:00,92.7,0,74,61.9,1,0,0
2026-09-11 01:15:00,93.0,0,75,61.5,1,0,0
2026-09-11 01:20:00,95.3,0,72,63.9,1,0,0
2026-09-11 01:25:00,97.5,0,73,62.6,1,0,0
2026-09-11 01:30:00,96.7,0,76,61.6,1,0,0
2026-09-11 01:35:00,97.2,0,68,62.5,1,0,0
2026-09-11 01:40:00,97.4,1,72,62.0,1,0,0
2026-09-11 01:45:00,94.7,0,74,58.5,1,0,0
2026-09-11 01:50:00,99.1,0,73,65.0,1,0,0
2026-09-11 01:55:00,96.6,0,75,60.3,1,0,0
2026-09-11 02:00:00,99.7,0,75,60.0,1,0,0
2026-09-11 02:05:00,99.8,0,76,60.3,1,0,0
2026-09-11 02:10:00,100.7,0,75,63.3,1,0,0
2026-09-11 02:15:00,101.2,0,72,63.4,1,0,0
2026-09-11 02:20:00,102.5,1,71,60.7,1,0,0
2026-09-11 02:25:00,101.2,0,72,58.9,1,0,0
2026-09-11 02:30:00,101.3,2,73,61.0,1,0,0
2026-09-11 02:35:00,99.8,0,72,61.0,1,0,0
2026-09-11 02:40:00,99.0,0,74,58.0,1,0,0
2026-09-11 02:45:00,105.8,1,74,61.5,1,0,0
2026-09-11 02:50:00,103.3,0,72,57.3,1,0,0
2026-09-11 02:55:00,104.6,0,76,59.9,1,0,0
2026-09-11 03:00:00,102.2,0,70,61.4,1,0,0
2026-09-11 03:05:00,101.7,0,74,60.8,1,0,0
2026-09-11 03:10:00,103.9,0,74,58.9,1,0,0
2026-09-11 03:15:00,103.6,0,72,59.9,1,0,0
2026-09-11 03:20:00,107.3,0,74,62.0,1,0,0
2026-09-11 03:25:00,109.4,0,73,60.7,1,0,0
2026-09-11 03:30:00,110.1,0,75,61.7,1,0,0
2026-09-11 03:35:00,110.7,1,75,61.2,1,0,0
2026-09-11 03:40:00,110.7,1,72,62.0,1,0,0
2026-09-11 03:45:00,107.9,1,74,58.1,1,0,0
2026-09-11 03:50:00,111.6,0,70,62.2,1,0,0
2026-09-11 03:55:00,109.8,1,73,65.7,1,0,0
2026-09-11 04:00:00,109.6,0,74,60.3,1,0,0
2026-09-11 04:05:00,108.9,2,70,62.7,1,0,0
2026-09-11 04:10:00,107.3,1,74,60.2,1,0,0
2026-09-11 04:15:00,109.7,0,74,61.6,1,0,0
2026-09-11 04:20:00,109.1,0,71,58.6,1,0,0
2026-09-11 04:25:00,110.6,0,71,58.3,1,0,0
2026-09-11 04:30:00,111.2,0,72,60.0,1,0,0
2026-09-11 04:35:00,109.6,0,72,60.9,1,0,0
2026-09-11 04:40:00,109.1,0,73,62.4,1,0,0
2026-09-11 04:45:00,110.7,0,75,60.0,1,0,0
2026-09-11 04:50:00,110.6,0,76,64.7,1,0,0
2026-09-11 04:55:00,114.0,0,71,59.9,1,0,0
2026-09-11 05:00:00,111.9,0,76,61.3,1,0,0
2026-09-11 05:05:00,114.1,0,74,61.7,1,0,0
2026-09-11 05:10:00,113.3,0,73,60.2,1,0,0
2026-09-11 05:15:00,113.6,1,73,58.2,1,0,0
2026-09-11 05:20:00,114.4,0,73,61.5,1,0,0
2026-09-11 05:25:00,116.3,0,75,59.6,1,0,0
2026-09-11 05:30:00,117.6,0,72,58.7,1,0,0
2026-09-11 05:35:00,117.4,0,73,63.6,1,0,0
2026-09-11 05:40:00,118.0,0,73,60.8,1,0,0
2026-09-11 05:45:00,115.3,0,70,61.7,1,0,0
2026-09-11 05:50:00,115.6,0,73,64.3,1,0,0
2026-09-11 05:55:00,115.6,0,72,58.4,1,0,0
2026-09-11 06:00:00,114.6,1,73,61.1,1,0,0
2026-09-11 06:05:00,116.7,1,71,58.5,1,0,0
2026-09-11 06:10:00,116.1,1,71,60.8,1,0,0
2026-09-11 06:15:00,117.1,0,71,63.6,1,0,0
2026-09-11 06:20:00,115.3,0,73,66.1,1,0,0
2026-09-11 06:25:00,112.1,0,70,61.6,1,0,0
2026-09-11 06:30:00,111.1,1,70,62.6,1,0,0
2026-09-11 06:35:00,109.3,0,77,55.3,1,0,0
2026-09-11 06:40:00,110.1,1,72,61.7,1,0,0
2026-09-11 06:45:00,108.4,22,82,36.9,0,0,0
2026-09-11 06:50:00,110.8,49,83,39.0,0,0,0
2026-09-11 06:55:00,112.0,21,82,35.0,0,0,0
2026-09-11 07:00:00,113.1,15,79,40.6,0,0,0
2026-09-11 07:05:00,114.0,14,80,38.1,0,0,0
2026-09-11 07:10:00,114.7,41,86,37.8,0,0,0
2026-09-11 07:15:00,115.3,12,83,38.5,0,0,0
2026-09-11 07:20:00,116.1,13,80,34.5,0,0,0
2026-09-11 07:25:00,115.1,21,83,37.3,0,0,0
2026-09-11 07:30:00,115.4,19,82,40.3,0,0,0
2026-09-11 07:35:00,114.9,27,81,37.5,0,0,0
2026-09-11 07:40:00,116.5,24,81,35.7,0,0,0
2026-09-11 07:45:00,116.4,38,83,41.6,0,0,0
2026-09-11 07:50:00,117.2,8,81,34.4,0,0,0
2026-09-11 07:55:00,116.3,51,87,36.4,0,0,0
2026-09-11 08:00:00,115.9,35,84,36.4,0,0,0
2026-09-11 08:05:00,116.4,19,83,40.7,0,73,78
2026-09-11 08:10:00,122.1,13,86,41.1,0,0,0
2026-09-11 08:15:00,125.4,27,83,36.5,0,0,0
2026-09-11 08:20:00,130.1,17,82,35.8,0,0,0
2026-09-11 08:25:00,130.7,33,84,39.0,0,0,0
2026-09-11 08:30:00,129.8,9,84,37.9,0,0,0
2026-09-11 08:35:00,130.7,17,83,39.4,0,0,0
2026-09-11 08:40:00,130.1,22,83,37.7,0,0,0
2026-09-11 08:45:00,128.8,37,83,36.6,0,0,0
2026-09-11 08:50:00,128.1,32,81,39.0,0,0,0
2026-09-11 08:55:00,125.2,11,83,41.8,0,0,0
2026-09-11 09:00:00,119.8,19,83,39.2,0,0,0
2026-09-11 09:05:00,119.8,22,80,34.8,0,0,0
2026-09-11 09:10:00,114.1,13,84,36.2,0,0,0
2026-09-11 09:15:00,112.2,39,80,37.5,0,0,0
2026-09-11 09:20:00,112.9,30,83,37.2,0,0,0
2026-09-11 09:25:00,110.1,463,111,35.0,0,0,0
2026-09-11 09:30:00,108.8,460,108,37.9,0,0,0
2026-09-11 09:35:00,108.1,458,110,38.0,0,0,0
2026-09-11 09:40:00,109.2,44,85,38.7,0,0,0
2026-09-11 09:45:00,107.9,30,83,35.8,0,0,0
2026-09-11 09:50:00,103.3,53,82,38.6,0,0,0
2026-09-11 09:55:00,102.8,49,86,38.5,0,0,0
2026-09-11 10:00:00,101.6,20,81,38.0,0,0,0
2026-09-11 10:05:00,99.7,24,84,34.5,0,0,0
2026-09-11 10:10:00,98.7,27,82,38.7,0,0,0
2026-09-11 10:15:00,98.8,25,79,39.7,0,0,0
2026-09-11 10:20:00,100.3,17,86,36.5,0,0,0
2026-09-11 10:25:00,98.0,11,83,39.3,0,0,0
2026-09-11 10:30:00,99.8,45,86,33.9,0,0,0
2026-09-11 10:35:00,98.6,42,80,35.3,0,0,0
2026-09-11 10:40:00,99.2,39,82,35.0,0,0,0
2026-09-11 10:45:00,97.7,41,85,39.9,0,0,0
2026-09-11 10:50:00,97.1,19,81,35.3,0,0,0
2026-09-11 10:55:00,93.6,37,83,40.1,0,0,0
2026-09-11 11:00:00,91.8,336,100,36.8,0,0,0
2026-09-11 11:05:00,92.2,349,101,37.6,0,0,0
2026-09-11 11:10:00,92.5,349,104,38.1,0,0,0
2026-09-11 11:15:00,93.3,339,99,40.2,0,0,0
2026-09-11 11:20:00,93.6,36,88,37.5,0,0,0
2026-09-11 11:25:00,93.9,15,84,35.6,0,0,0
2026-09-11 11:30:00,98.6,48,85,40.9,0,0,0
2026-09-11 11:35:00,96.0,11,85,36.6,0,0,0
2026-09-11 11:40:00,93.5,39,84,38.1,0,0,0
2026-09-11 11:45:00,94.3,51,82,37.2,0,0,0
2026-09-11 11:50:00,90.2,18,85,40.3,0,0,0
2026-09-11 11:55:00,90.4,20,81,37.3,0,0,0
2026-09-11 12:00:00,92.9,19,86,36.3,0,0,0
2026-09-11 12:05:00,91.8,23,84,38.7,0,0,0
2026-09-11 12:10:00,93.0,13,80,33.1,0,0,0
2026-09-11 12:15:00,96.0,20,83,37.5,0,0,0
2026-09-11 12:20:00,96.7,12,83,40.2,0,0,0
2026-09-11 12:25:00,96.0,12,80,40.0,0,0,0
2026-09-11 12:30:00,94.8,25,82,39.8,0,0,0
2026-09-11 12:35:00,96.3,38,84,38.6,0,0,0
2026-09-11 12:40:00,93.5,9,81,40.0,0,0,0
2026-09-11 12:45:00,90.4,21,80,39.2,0,0,0
2026-09-11 12:50:00,91.5,473,111,37.2,0,0,0
2026-09-11 12:55:00,93.2,473,110,35.9,0,0,0
2026-09-11 13:00:00,89.7,470,106,36.6,0,0,0
2026-09-11 13:05:00,86.9,477,110,37.0,0,0,0
2026-09-11 13:10:00,89.3,9,86,37.5,0,64,55
2026-09-11 13:15:00,94.5,20,86,36.8,0,0,0
2026-09-11 13:20:00,96.0,8,84,37.0,0,0,0
2026-09-11 13:25:00,98.1,38,86,35.4,0,0,0
2026-09-11 13:30:00,98.3,17,84,41.8,0,0,0
2026-09-11 13:35:00,99.2,19,86,38.2,0,0,0
2026-09-11 13:40:00,99.5,22,84,34.9,0,0,0
2026-09-11 13:45:00,94.6,17,79,38.3,0,0,0
2026-09-11 13:50:00,92.9,18,82,35.0,0,0,0
2026-09-11 13:55:00,96.1,26,82,36.2,0,0,0
2026-09-11 14:00:00,94.1,24,82,37.9,0,0,0
2026-09-11 14:05:00,110.3,21,80,39.6,0,0,0
2026-09-11 14:10:00,110.1,26,82,32.6,0,0,0
2026-09-11 14:15:00,105.5,19,84,33.9,0,0,0
2026-09-11 14:20:00,107.8,33,81,35.6,0,0,0
2026-09-11 14:25:00,107.0,39,82,38.8,0,0,0
2026-09-11 14:30:00,106.8,24,82,36.9,0,0,0
2026-09-11 14:35:00,107.1,40,84,36.9,0,0,0
2026-09-11 14:40:00,107.0,9,80,38.4,0,0,0
2026-09-11 14:45:00,103.1,20,85,38.0,0,0,0
2026-09-11 14:50:00,102.2,47,82,38.4,0,0,0
2026-09-11 14:55:00,103.3,7,82,36.9,0,0,0
2026-09-11 15:00:00,99.5,29,81,40.6,0,0,0
2026-09-11 15:05:00,101.8,17,86,38.9,0,0,0
2026-09-11 15:10:00,103.4,16,79,40.7,0,0,0
2026-09-11 15:15:00,102.8,26,81,40.7,0,0,0
2026-09-11 15:20:00,104.6,21,84,38.7,0,0,0
2026-09-11 15:25:00,107.8,58,85,37.9,0,0,0
2026-09-11 15:30:00,107.9,11,82,37.6,0,0,0
2026-09-11 15:35:00,107.2,19,82,36.3,0,0,0
2026-09-11 15:40:00,101.3,33,84,40.3,0,0,0
2026-09-11 15:45:00,100.6,23,81,37.8,0,0,0
2026-09-11 15:50:00,104.5,30,85,39.8,0,0,0
2026-09-11 15:55:00,103.2,24,82,33.8,0,0,0
2026-09-11 16:00:00,100.8,15,82,40.4,0,0,0
2026-09-11 16:05:00,97.5,18,83,34.6,0,0,0
2026-09-11 16:10:00,100.6,26,83,38.7,0,0,0
2026-09-11 16:15:00,100.0,24,83,37.5,0,0,0
2026-09-11 16:20:00,99.5,17,81,34.8,0,0,0
2026-09-11 16:25:00,98.1,23,84,36.0,0,0,0
2026-09-11 16:30:00,97.7,26,82,37.1,0,0,0
2026-09-11 16:35:00,98.3,32,87,38.3,0,0,0
2026-09-11 16:40:00,100.6,19,86,36.2,0,0,0
2026-09-11 16:45:00,98.8,23,81,36.2,0,0,0
2026-09-11 16:50:00,100.4,55,85,36.0,0,0,0
2026-09-11 16:55:00,99.0,12,82,35.3,0,0,0
2026-09-11 17:00:00,98.1,12,83,38.5,0,0,0
2026-09-11 17:05:00,96.5,24,84,35.2,0,0,0
2026-09-11 17:10:00,96.7,31,84,37.3,0,0,0
2026-09-11 17:15:00,97.0,16,83,40.2,0,0,0
2026-09-11 17:20:00,94.9,26,85,41.6,0,42,80
2026-09-11 17:25:00,95.9,32,85,38.4,0,0,0
2026-09-11 17:30:00,98.9,17,88,36.2,0,0,0
2026-09-11 17:35:00,98.2,383,103,38.5,0,0,0
2026-09-11 17:40:00,101.2,384,108,37.8,0,0,0
2026-09-11 17:45:00,96.9,19,85,34.9,0,0,0
2026-09-11 17:50:00,97.6,32,86,37.4,0,0,0
2026-09-11 17:55:00,96.1,43,85,38.4,0,0,0
2026-09-11 18:00:00,92.5,12,82,37.9,0,0,0
2026-09-11 18:05:00,90.0,18,81,34.2,0,0,0
2026-09-11 18:10:00,92.9,32,83,37.7,0,0,0
2026-09-11 18:15:00,92.7,34,81,40.1,0,0,0
2026-09-11 18:20:00,90.8,15,80,35.6,0,0,0
2026-09-11 18:25:00,90.4,24,81,37.5,0,0,0
2026-09-11 18:30:00,93.3,14,84,36.5,0,0,0
2026-09-11 18:35:00,93.8,38,79,40.2,0,0,0
2026-09-11 18:40:00,93.3,22,85,39.5,0,0,0
2026-09-11 18:45:00,94.6,27,79,40.8,0,0,0
2026-09-11 18:50:00,92.9,34,84,38.4,0,0,0
2026-09-11 18:55:00,92.9,13,80,38.0,0,0,0
2026-09-11 19:00:00,94.2,17,82,37.7,0,0,0
2026-09-11 19:05:00,92.8,20,81,35.4,0,0,0
2026-09-11 19:10:00,104.3,33,86,40.8,0,0,0
2026-09-11 19:15:00,102.6,23,84,36.3,0,0,0
2026-09-11 19:20:00,102.5,34,83,38.7,0,0,0
2026-09-11 19:25:00,96.4,23,83,35.6,0,0,0
2026-09-11 19:30:00,94.7,10,83,36.1,0,0,0
2026-09-11 19:35:00,95.1,22,80,39.1,0,0,0
2026-09-11 19:40:00,94.5,11,83,35.5,0,0,0
2026-09-11 19:45:00,92.4,20,83,33.9,0,0,0
2026-09-11 19:50:00,91.9,14,81,37.3,0,0,0
2026-09-11 19:55:00,96.9,16,84,38.6,0,0,0
2026-09-11 20:00:00,96.4,19,82,34.6,0,0,0
2026-09-11 20:05:00,95.3,13,82,40.1,0,0,0
2026-09-11 20:10:00,92.0,21,84,36.9,0,0,0
2026-09-11 20:15:00,93.1,14,83,41.3,0,0,0
2026-09-11 20:20:00,93.0,15,79,38.4,0,0,0
2026-09-11 20:25:00,96.8,27,85,39.2,0,0,0
2026-09-11 20:30:00,95.9,10,80,39.7,0,0,0
2026-09-11 20:35:00,93.9,10,84,37.2,0,0,0
2026-09-11 20:40:00,95.7,22,85,38.5,0,0,0
2026-09-11 20:45:00,91.3,11,82,37.1,0,0,0
2026-09-11 20:50:00,91.3,23,81,37.7,0,0,0
2026-09-11 20:55:00,91.8,22,83,37.7,0,0,0
2026-09-11 21:00:00,93.5,9,82,34.3,0,0,0
2026-09-11 21:05:00,91.7,22,79,38.0,0,0,0
2026-09-11 21:10:00,88.3,12,82,34.7,0,0,0
2026-09-11 21:15:00,88.9,18,81,37.1,0,0,0
2026-09-11 21:20:00,87.4,16,83,39.3,0,0,0
2026-09-11 21:25:00,86.8,31,82,38.0,0,0,0
2026-09-11 21:30:00,90.7,30,80,41.3,0,0,0
2026-09-11 21:35:00,90.1,14,82,38.0,0,0,0
2026-09-11 21:40:00,86.8,8,80,38.3,0,0,0
2026-09-11 21:45:00,85.6,19,85,36.9,0,0,0
2026-09-11 21:50:00,84.9,14,81,37.5,0,0,0
2026-09-11 21:55:00,83.3,10,79,36.1,0,0,0
2026-09-11 22:00:00,84.2,28,83,34.2,0,0,0
2026-09-11 22:05:00,84.0,31,82,37.0,0,0,0
2026-09-11 22:10:00,84.3,21,85,36.4,0,0,0
2026-09-11 22:15:00,84.2,30,81,42.0,0,0,0
2026-09-11 22:20:00,83.8,15,85,37.5,0,0,0
2026-09-11 22:25:00,84.6,27,86,38.3,0,0,0
2026-09-11 22:30:00,86.3,27,84,38.0,0,0,0
2026-09-11 22:35:00,89.2,19,84,38.3,0,0,0
2026-09-11 22:40:00,85.5,17,83,39.2,0,0,0
2026-09-11 22:45:00,84.0,28,82,36.9,0,0,0
2026-09-11 22:50:00,86.2,21,80,38.5,0,0,0
2026-09-11 22:55:00,86.4,20,82,38.7,0,0,0
2026-09-11 23:00:00,83.7,7,81,38.2,0,0,0
2026-09-11 23:05:00,82.6,24,83,39.0,0,0,0
2026-09-11 23:10:00,81.6,18,82,35.9,0,0,0
2026-09-11 23:15:00,79.7,39,84,38.6,0,0,0
2026-09-11 23:20:00,89.4,7,81,35.3,0,0,0
2026-09-11 23:25:00,86.0,33,83,37.4,0,0,0
2026-09-11 23:30:00,87.6,18,84,38.4,0,0,0
2026-09-11 23:35:00,87.6,24,83,37.8,0,0,0
2026-09-11 23:40:00,87.1,41,80,40.3,0,0,0
2026-09-11 23:45:00,88.0,22,82,37.7,0,0,0
2026-09-11 23:50:00,85.9,38,82,36.5,0,0,0
2026-09-11 23:55:00,93.7,0,73,60.5,1,0,0
2026-09-12 00:00:00,95.7,0,76,59.4,1,0,0
2026-09-12 00:05:00,94.5,0,72,57.5,1,0,0
2026-09-12 00:10:00,97.6,0,70,64.5,1,0,0
2026-09-12 00:15:00,98.2,0,73,63.6,1,0,0
2026-09-12 00:20:00,97.6,1,72,61.3,1,0,0
2026-09-12 00:25:00,95.2,0,70,59.0,1,0,0
2026-09-12 00:30:00,95.9,0,73,65.0,1,0,0
2026-09-12 00:35:00,99.2,0,76,58.5,1,0,0
2026-09-12 00:40:00,98.7,1,71,60.5,1,0,0
2026-09-12 00:45:00,95.9,0,71,63.7,1,0,0
2026-09-12 00:50:00,96.8,0,74,61.0,1,0,0
2026-09-12 00:55:00,100.6,0,72,61.4,1,0,0
2026-09-12 01:00:00,100.5,0,78,61.2,1,0,0
2026-09-12 01:05:00,99.2,0,77,62.6,1,0,0
2026-09-12 01:10:00,99.3,0,73,61.8,1,0,0
2026-09-12 01:15:00,97.3,0,74,60.0,1,0,0
2026-09-12 01:20:00,93.0,1,70,62.2,1,0,0
2026-09-12 01:25:00,91.4,0,76,61.4,1,0,0
2026-09-12 01:30:00,94.7,0,75,63.1,1,0,0
2026-09-12 01:35:00,95.6,0,74,62.1,1,0,0
2026-09-12 01:40:00,96.5,1,74,62.2,1,0,0
2026-09-12 01:45:00,99.1,1,67,62.3,1,0,0
2026-09-12 01:50:00,101.8,0,71,57.0,1,0,0
2026-09-12 01:55:00,99.8,1,72,63.3,1,0,0
2026-09-12 02:00:00,101.0,0,74,58.4,1,0,0
2026-09-12 02:05:00,100.5,0,75,59.6,1,0,0
2026-09-12 02:10:00,100.4,0,69,57.8,1,0,0
2026-09-12 02:15:00,98.0,0,74,58.2,1,0,0
2026-09-12 02:20:00,98.8,0,69,62.3,1,0,0
2026-09-12 02:25:00,100.6,0,74,63.4,1,0,0
2026-09-12 02:30:00,102.8,0,77,60.7,1,0,0
2026-09-12 02:35:00,101.7,0,76,61.2,1,0,0
2026-09-12 02:40:00,103.7,0,72,61.6,1,0,0
2026-09-12 02:45:00,103.8,0,74,61.4,1,0,0
2026-09-12 02:50:00,102.5,0,69,58.1,1,0,0
2026-09-12 02:55:00,101.0,0,71,63.6,1,0,0
2026-09-12 03:00:00,107.6,0,76,61.4,1,0,0
2026-09-12 03:05:00,106.2,0,73,62.1,1,0,0
2026-09-12 03:10:00,106.9,0,75,60.9,1,0,0
2026-09-12 03:15:00,107.0,1,71,58.6,1,0,0
2026-09-12 03:20:00,107.1,1,72,60.3,1,0,0
2026-09-12 03:25:00,110.5,1,74,64.6,1,0,0
2026-09-12 03:30:00,110.5,0,77,61.7,1,0,0
2026-09-12 03:35:00,113.1,0,74,65.2,1,0,0
2026-09-12 03:40:00,112.8,0,78,60.5,1,0,0
2026-09-12 03:45:00,113.6,0,76,59.8,1,0,0
2026-09-12 03:50:00,115.4,0,75,61.9,1,0,0
2026-09-12 03:55:00,111.7,0,76,63.9,1,0,0
2026-09-12 04:00:00,111.6,0,73,59.5,1,0,0
2026-09-12 04:05:00,107.5,0,69,65.1,1,0,0
2026-09-12 04:10:00,106.1,1,74,59.0,1,0,0
2026-09-12 04:15:00,106.5,0,76,65.8,1,0,0
2026-09-12 04:20:00,108.8,0,72,59.3,1,0,0
2026-09-12 04:25:00,110.0,0,75,56.8,1,0,0
2026-09-12 04:30:00,109.8,0,73,59.5,1,0,0
2026-09-12 04:35:00,108.8,0,73,63.2,1,0,0
2026-09-12 04:40:00,109.6,0,74,60.2,1,0,0
2026-09-12 04:45:00,114.3,0,74,61.6,1,0,0
2026-09-12 04:50:00,115.2,0,75,59.6,1,0,0
2026-09-12 04:55:00,113.3,1,73,65.3,1,0,0
2026-09-12 05:00:00,114.0,0,76,63.9,1,0,0
2026-09-12 05:05:00,111.0,0,75,63.9,1,0,0
2026-09-12 05:10:00,108.9,1,72,61.1,1,0,0
2026-09-12 05:15:00,106.2,0,70,59.4,1,0,0
2026-09-12 05:20:00,107.7,1,74,60.5,1,0,0
2026-09-12 05:25:00,106.2,0,73,64.6,1,0,0
2026-09-12 05:30:00,106.1,0,74,60.2,1,0,0
2026-09-12 05:35:00,103.0,0,74,62.4,1,0,0
2026-09-12 05:40:00,103.6,1,69,63.0,1,0,0
2026-09-12 05:45:00,104.2,0,73,60.6,1,0,0
2026-09-12 05:50:00,103.1,0,70,58.5,1,0,0
2026-09-12 05:55:00,104.7,0,76,62.1,1,0,0
2026-09-12 06:00:00,106.8,1,70,59.8,1,0,0
2026-09-12 06:05:00,107.6,0,75,62.7,1,0,0
2026-09-12 06:10:00,109.0,0,73,64.0,1,0,0
2026-09-12 06:15:00,110.0,0,70,64.9,1,0,0
2026-09-12 06:20:00,107.6,0,69,63.1,1,0,0
2026-09-12 06:25:00,109.2,1,73,60.8,1,0,0
2026-09-12 06:30:00,113.5,0,74,57.7,1,0,0
2026-09-12 06:35:00,116.5,1,74,56.3,1,0,0
2026-09-12 06:40:00,117.3,0,72,63.5,1,0,0
2026-09-12 06:45:00,120.2,17,86,34.8,0,0,0
2026-09-12 06:50:00,120.1,32,82,37.8,0,0,0
2026-09-12 06:55:00,123.8,22,85,36.0,0,0,0
2026-09-12 07:00:00,123.8,25,82,35.0,0,0,0
2026-09-12 07:05:00,125.5,16,79,38.8,0,0,0
2026-09-12 07:10:00,122.3,35,83,39.3,0,0,0
2026-09-12 07:15:00,122.0,15,79,36.3,0,0,0
2026-09-12 07:20:00,124.5,39,82,40.9,0,0,0
2026-09-12 07:25:00,124.6,54,84,36.4,0,0,0
2026-09-12 07:30:00,124.9,11,81,39.4,0,0,0
2026-09-12 07:35:00,123.9,7,84,35.2,0,0,0
2026-09-12 07:40:00,124.8,28,83,37.8,0,0,0
2026-09-12 07:45:00,122.7,29,84,36.6,0,0,0
2026-09-12 07:50:00,121.5,40,76,36.4,0,0,0
2026-09-12 07:55:00,117.9,49,84,38.9,0,0,0
2026-09-12 08:00:00,116.9,22,82,39.4,0,0,0
2026-09-12 08:05:00,116.4,13,82,38.1,0,57,70
2026-09-12 08:10:00,119.4,24,85,36.7,0,0,0
2026-09-12 08:15:00,123.2,10,86,37.2,0,0,0
2026-09-12 08:20:00,125.3,12,86,38.3,0,0,0
2026-09-12 08:25:00,128.8,21,88,39.9,0,0,0
2026-09-12 08:30:00,131.3,486,116,38.2,0,0,0
2026-09-12 08:35:00,133.7,493,110,38.6,0,0,0
2026-09-12 08:40:00,133.9,500,112,36.4,0,0,0
2026-09-12 08:45:00,137.4,485,114,35.9,0,0,0
2026-09-12 08:50:00,136.8,14,83,38.6,0,0,0
2026-09-12 08:55:00,136.7,27,83,36.2,0,0,0
2026-09-12 09:00:00,135.6,19,81,36.8,0,0,0
2026-09-12 09:05:00,131.5,13,82,38.2,0,0,0
2026-09-12 09:10:00,126.3,30,84,34.6,0,0,0
2026-09-12 09:15:00,126.8,26,82,40.2,0,0,0
2026-09-12 09:20:00,125.0,23,82,36.8,0,0,0
2026-09-12 09:25:00,122.2,25,82,40.3,0,0,0
2026-09-12 09:30:00,122.8,11,81,37.6,0,0,0
2026-09-12 09:35:00,124.6,38,84,35.5,0,0,0
2026-09-12 09:40:00,118.0,11,81,35.2,0,0,0
2026-09-12 09:45:00,118.7,30,85,37.1,0,0,0
2026-09-12 09:50:00,116.6,11,81,36.5,0,0,0
2026-09-12 09:55:00,114.2,31,81,37.4,0,0,0
2026-09-12 10:00:00,114.1,21,82,33.7,0,0,0
2026-09-12 10:05:00,114.6,18,82,39.3,0,0,0
2026-09-12 10:10:00,115.4,16,81,36.0,0,0,0
2026-09-12 10:15:00,115.1,419,107,38.5,0,0,0
2026-09-12 10:20:00,112.1,425,108,40.0,0,0,0
2026-09-12 10:25:00,115.1,30,82,37.5,0,0,0
2026-09-12 10:30:00,112.6,28,83,37.6,0,0,0
2026-09-12 10:35:00,110.9,29,81,41.2,0,0,0
2026-09-12 10:40:00,106.9,12,84,37.0,0,0,0
2026-09-12 10:45:00,106.2,14,81,40.0,0,0,0
2026-09-12 10:50:00,107.3,37,83,36.4,0,0,0
2026-09-12 10:55:00,108.3,19,83,37.2,0,0,0
2026-09-12 11:00:00,106.7,9,81,39.0,0,0,0
2026-09-12 11:05:00,105.7,65,86,39.4,0,0,0
2026-09-12 11:10:00,107.2,14,81,38.0,0,0,0
2026-09-12 11:15:00,109.1,21,83,36.4,0,0,0
2026-09-12 11:20:00,106.0,23,83,36.5,0,0,0
2026-09-12 11:25:00,108.2,23,82,36.3,0,0,0
2026-09-12 11:30:00,105.4,33,84,38.0,0,0,0
2026-09-12 11:35:00,102.6,25,79,35.7,0,0,0
2026-09-12 11:40:00,104.9,16,83,38.1,0,0,0
2026-09-12 11:45:00,105.4,26,83,36.4,0,0,0
2026-09-12 11:50:00,105.3,25,80,37.2,0,0,0
2026-09-12 11:55:00,106.4,14,82,39.8,0,0,0
2026-09-12 12:00:00,104.1,8,79,33.9,0,0,0
2026-09-12 12:05:00,102.5,33,83,37.8,0,0,0
2026-09-12 12:10:00,103.2,18,84,39.6,0,0,0
2026-09-12 12:15:00,104.9,14,81,38.6,0,0,0
2026-09-12 12:20:00,104.6,30,84,37.7,0,0,0
2026-09-12 12:25:00,106.4,37,82,38.3,0,0,0
2026-09-12 12:30:00,107.4,41,84,36.7,0,0,0
2026-09-12 12:35:00,107.6,35,81,36.4,0,0,0
2026-09-12 12:40:00,108.0,25,83,38.0,0,0,0
2026-09-12 12:45:00,105.3,30,82,39.4,0,0,0
2026-09-12 12:50:00,105.5,18,84,37.5,0,0,0
2026-09-12 12:55:00,107.3,22,81,40.7,0,0,0
2026-09-12 13:00:00,104.0,30,81,37.2,0,0,0
2026-09-12 13:05:00,103.8,28,83,34.1,0,0,0
2026-09-12 13:10:00,107.3,24,82,34.8,0,0,0
2026-09-12 13:15:00,106.9,36,83,39.3,0,0,0
2026-09-12 13:20:00,108.8,35,84,38.1,0,0,0
2026-09-12 13:25:00,108.0,32,88,35.6,0,62,55
2026-09-12 13:30:00,112.2,28,85,38.0,0,0,0
2026-09-12 13:35:00,115.2,46,87,38.8,0,0,0
2026-09-12 13:40:00,116.9,27,85,35.5,0,0,0
2026-09-12 13:45:00,118.9,44,85,37.2,0,0,0
2026-09-12 13:50:00,119.6,22,83,34.5,0,0,0
2026-09-12 13:55:00,117.5,28,80,37.7,0,0,0
2026-09-12 14:00:00,115.1,23,80,36.5,0,0,0
2026-09-12 14:05:00,113.3,25,82,38.9,0,0,0
2026-09-12 14:10:00,114.7,33,81,36.0,0,0,0
2026-09-12 14:15:00,115.4,25,84,41.1,0,0,0
2026-09-12 14:20:00,114.6,22,84,40.2,0,0,0
2026-09-12 14:25:00,114.8,22,85,38.0,0,0,0
2026-09-12 14:30:00,115.9,21,83,39.1,0,0,0
2026-09-12 14:35:00,113.1,21,84,36.8,0,0,0
2026-09-12 14:40:00,112.2,25,83,37.9,0,0,0
2026-09-12 14:45:00,113.1,14,84,39.0,0,0,0
2026-09-12 14:50:00,114.0,25,81,34.9,0,0,0
2026-09-12 14:55:00,110.2,17,83,39.1,0,0,0
2026-09-12 15:00:00,110.4,18,81,37.5,0,0,0
2026-09-12 15:05:00,107.6,27,84,38.5,0,0,0
2026-09-12 15:10:00,103.5,4,81,40.4,0,0,0
2026-09-12 15:15:00,104.0,11,81,38.4,0,0,0
2026-09-12 15:20:00,103.9,25,86,40.2,0,0,0
2026-09-12 15:25:00,99.2,20,84,34.7,0,0,0
2026-09-12 15:30:00,98.6,11,84,37.7,0,0,0
2026-09-12 15:35:00,95.9,23,86,37.6,0,0,0
2026-09-12 15:40:00,96.7,26,87,36.3,0,0,0
2026-09-12 15:45:00,94.6,14,79,40.1,0,0,0
2026-09-12 15:50:00,93.4,61,85,35.2,0,0,0
2026-09-12 15:55:00,92.5,22,84,38.9,0,0,0
2026-09-12 16:00:00,89.6,12,80,40.5,0,0,0
2026-09-12 16:05:00,94.2,29,82,38.6,0,0,0
2026-09-12 16:10:00,92.6,32,80,36.9,0,0,0
2026-09-12 16:15:00,91.5,9,83,36.9,0,0,0
2026-09-12 16:20:00,90.9,23,81,37.8,0,0,0
2026-09-12 16:25:00,90.6,30,87,34.9,0,0,0
2026-09-12 16:30:00,90.4,24,83,35.2,0,0,0
2026-09-12 16:35:00,93.6,38,82,40.7,0,0,0
2026-09-12 16:40:00,92.5,14,81,35.6,0,0,0
2026-09-12 16:45:00,95.0,29,83,34.5,0,0,0
2026-09-12 16:50:00,93.3,34,80,37.4,0,0,0
2026-09-12 16:55:00,92.5,20,84,39.3,0,0,0
2026-09-12 17:00:00,93.1,36,86,36.5,0,0,0
2026-09-12 17:05:00,94.6,17,83,35.2,0,0,0
2026-09-12 17:10:00,93.5,29,82,35.2,0,0,0
2026-09-12 17:15:00,95.2,16,80,37.5,0,0,0
2026-09-12 17:20:00,96.0,45,86,36.5,0,0,0
2026-09-12 17:25:00,94.8,19,82,37.7,0,0,0
2026-09-12 17:30:00,95.4,15,79,38.3,0,0,0
2026-09-12 17:35:00,97.2,23,82,39.5,0,0,0
2026-09-12 17:40:00,95.1,21,85,35.9,0,0,0
2026-09-12 17:45:00,96.1,33,83,36.0,0,0,0
2026-09-12 17:50:00,90.4,27,82,36.8,0,0,0
2026-09-12 17:55:00,94.2,30,82,38.3,0,0,0
2026-09-12 18:00:00,93.8,23,81,36.3,0,0,0
2026-09-12 18:05:00,93.7,15,80,35.7,0,0,0
2026-09-12 18:10:00,92.3,20,80,37.1,0,0,0
2026-09-12 18:15:00,90.1,24,81,35.4,0,0,0
2026-09-12 18:20:00,89.5,23,84,36.0,0,0,0
2026-09-12 18:25:00,88.2,22,83,36.0,0,0,0
2026-09-12 18:30:00,86.4,14,82,36.5,0,0,0
2026-09-12 18:35:00,85.4,21,81,34.4,0,0,0
2026-09-12 18:40:00,85.0,22,84,37.6,0,0,0
2026-09-12 18:45:00,84.2,17,82,36.4,0,0,0
2026-09-12 18:50:00,84.2,21,78,35.6,0,0,0
2026-09-12 18:55:00,85.0,19,80,37.9,0,0,0
2026-09-12 19:00:00,82.3,25,82,35.3,0,0,0
2026-09-12 19:05:00,84.8,14,78,39.8,0,0,0
2026-09-12 19:10:00,82.3,36,84,36.3,0,0,0
2026-09-12 19:15:00,81.1,42,81,37.2,0,0,0
2026-09-12 19:20:00,85.0,18,85,31.5,0,0,0
2026-09-12 19:25:00,90.9,29,83,36.4,0,0,0
2026-09-12 19:30:00,89.4,32,82,35.4,0,0,0
2026-09-12 19:35:00,89.3,18,81,37.1,0,0,0
2026-09-12 19:40:00,90.4,22,79,38.0,0,0,0
2026-09-12 19:45:00,90.9,19,84,36.7,0,0,0
2026-09-12 19:50:00,92.3,34,78,36.9,0,0,0
2026-09-12 19:55:00,94.1,31,83,38.7,0,0,0
2026-09-12 20:00:00,93.6,421,105,38.5,0,0,0
2026-09-12 20:05:00,94.1,416,108,36.6,0,0,0
2026-09-12 20:10:00,94.4,417,108,38.4,0,0,0
2026-09-12 20:15:00,95.4,47,83,37.4,0,0,0
2026-09-12 20:20:00,94.8,5,81,36.0,0,0,0
2026-09-12 20:25:00,96.1,23,79,34.9,0,0,0
2026-09-12 20:30:00,94.7,29,82,38.9,0,0,0
2026-09-12 20:35:00,95.3,43,84,37.8,0,0,0
2026-09-12 20:40:00,95.2,22,82,33.4,0,0,0
2026-09-12 20:45:00,96.2,24,77,37.0,0,0,0
2026-09-12 20:50:00,95.0,14,82,34.6,0,0,0
2026-09-12 20:55:00,95.3,48,84,37.6,0,0,0
2026-09-12 21:00:00,97.3,26,84,41.0,0,45,68
2026-09-12 21:05:00,101.3,44,86,36.7,0,0,0
2026-09-12 21:10:00,105.1,25,85,34.6,0,0,0
2026-09-12 21:15:00,110.1,28,86,37.8,0,0,0
2026-09-12 21:20:00,113.3,13,85,36.9,0,0,0
2026-09-12 21:25:00,115.6,33,85,38.0,0,0,0
2026-09-12 21:30:00,117.7,21,84,39.6,0,0,0
2026-09-12 21:35:00,118.9,17,77,37.6,0,0,0
2026-09-12 21:40:00,119.3,22,88,38.8,0,0,0
2026-09-12 21:45:00,117.0,16,81,34.3,0,0,0
2026-09-12 21:50:00,114.6,19,85,36.4,0,0,0
2026-09-12 21:55:00,112.0,17,85,39.3,0,0,0
2026-09-12 22:00:00,113.0,20,76,37.7,0,0,0
2026-09-12 22:05:00,112.1,26,84,41.7,0,0,0
2026-09-12 22:10:00,109.8,24,84,36.8,0,0,0
2026-09-12 22:15:00,112.0,28,81,34.9,0,0,0
2026-09-12 22:20:00,110.7,0,76,61.2,1,0,0
2026-09-12 22:25:00,106.2,1,72,59.4,1,0,0
2026-09-12 22:30:00,101.9,0,73,65.1,1,0,0
2026-09-12 22:35:00,98.8,1,74,58.8,1,0,0
2026-09-12 22:40:00,97.3,0,73,64.1,1,0,0
2026-09-12 22:45:00,96.1,0,74,61.8,1,0,0
2026-09-12 22:50:00,98.0,1,74,63.7,1,0,0
2026-09-12 22:55:00,97.7,0,72,60.3,1,0,0
2026-09-12 23:00:00,97.1,0,73,61.3,1,0,0
2026-09-12 23:05:00,97.2,0,74,57.2,1,0,0
2026-09-12 23:10:00,94.4,0,73,64.0,1,0,0
2026-09-12 23:15:00,93.7,1,73,63.0,1,0,0
2026-09-12 23:20:00,91.0,2,74,62.6,1,0,0
2026-09-12 23:25:00,87.8,0,72,61.5,1,0,0
2026-09-12 23:30:00,95.4,2,75,62.1,1,0,0
2026-09-12 23:35:00,100.4,1,74,58.9,1,0,0
2026-09-12 23:40:00,101.6,0,75,65.8,1,0,0
2026-09-12 23:45:00,103.2,1,75,62.1,1,0,0
2026-09-12 23:50:00,102.8,0,74,61.2,1,0,0
2026-09-12 23:55:00,104.7,0,74,63.9,1,0,0
2026-09-13 00:00:00,103.1,2,76,60.2,1,0,0
2026-09-13 00:05:00,100.7,0,75,62.7,1,0,0
2026-09-13 00:10:00,102.6,2,72,55.9,1,0,0
2026-09-13 00:15:00,103.8,0,72,59.6,1,0,0
2026-09-13 00:20:00,103.5,1,75,60.3,1,0,0
2026-09-13 00:25:00,105.2,1,74,57.6,1,0,0
2026-09-13 00:30:00,101.5,0,73,61.6,1,0,0
2026-09-13 00:35:00,102.3,1,76,60.0,1,0,0
2026-09-13 00:40:00,103.4,0,72,61.4,1,0,0
2026-09-13 00:45:00,103.9,0,75,61.1,1,0,0
2026-09-13 00:50:00,101.8,0,72,62.4,1,0,0
2026-09-13 00:55:00,102.1,1,69,59.3,1,0,0
2026-09-13 01:00:00,103.7,0,72,60.5,1,0,0
2026-09-13 01:05:00,105.9,0,72,59.6,1,0,0
2026-09-13 01:10:00,103.6,0,71,64.3,1,0,0
2026-09-13 01:15:00,104.1,0,74,61.9,1,0,0
2026-09-13 01:20:00,106.1,0,72,57.7,1,0,0
2026-09-13 01:25:00,102.6,1,73,56.9,1,0,0
2026-09-13 01:30:00,101.8,1,73,59.9,1,0,0
2026-09-13 01:35:00,101.9,1,73,62.8,1,0,0
2026-09-13 01:40:00,107.8,0,73,57.6,1,0,0
2026-09-13 01:45:00,107.6,1,76,60.6,1,0,0
2026-09-13 01:50:00,106.5,0,71,60.4,1,0,0
2026-09-13 01:55:00,104.2,0,74,61.0,1,0,0
2026-09-13 02:00:00,103.8,0,76,58.6,1,0,0
2026-09-13 02:05:00,103.1,0,72,58.7,1,0,0
2026-09-13 02:10:00,103.5,0,73,60.0,1,0,0
2026-09-13 02:15:00,101.8,0,75,60.3,1,0,0
2026-09-13 02:20:00,103.6,1,76,60.8,1,0,0
2026-09-13 02:25:00,104.9,0,75,58.8,1,0,0
2026-09-13 02:30:00,104.1,0,73,57.5,1,0,0
2026-09-13 02:35:00,100.6,1,76,64.7,1,0,0
2026-09-13 02:40:00,97.7,1,74,57.9,1,0,0
2026-09-13 02:45:00,97.1,1,75,64.2,1,0,0
2026-09-13 02:50:00,97.1,0,74,61.9,1,0,0
2026-09-13 02:55:00,99.8,1,74,59.2,1,0,0
2026-09-13 03:00:00,105.9,1,73,64.8,1,0,0
2026-09-13 03:05:00,103.7,0,73,60.1,1,0,0
2026-09-13 03:10:00,104.8,1,74,60.8,1,0,0
2026-09-13 03:15:00,102.6,0,71,59.7,1,0,0
2026-09-13 03:20:00,104.8,0,74,61.5,1,0,0
2026-09-13 03:25:00,106.2,0,71,62.0,1,0,0
2026-09-13 03:30:00,104.5,0,71,55.8,1,0,0
2026-09-13 03:35:00,105.5,0,73,60.4,1,0,0
2026-09-13 03:40:00,106.4,0,70,62.7,1,0,0
2026-09-13 03:45:00,102.3,0,77,58.6,1,0,0
2026-09-13 03:50:00,101.4,0,75,61.1,1,0,0
2026-09-13 03:55:00,101.9,0,74,62.2,1,0,0
2026-09-13 04:00:00,102.9,1,69,61.4,1,0,0
2026-09-13 04:05:00,99.3,1,68,61.2,1,0,0
2026-09-13 04:10:00,97.1,0,72,59.2,1,0,0
2026-09-13 04:15:00,98.7,0,71,65.5,1,0,0
2026-09-13 04:20:00,99.7,0,71,59.6,1,0,0
2026-09-13 04:25:00,98.9,0,70,61.0,1,0,0
2026-09-13 04:30:00,98.5,0,73,61.2,1,0,0
2026-09-13 04:35:00,102.0,0,74,61.0,1,0,0
2026-09-13 04:40:00,97.4,0,73,59.7,1,0,0
2026-09-13 04:45:00,99.2,1,75,61.5,1,0,0
2026-09-13 04:50:00,99.2,1,75,61.6,1,0,0
2026-09-13 04:55:00,102.2,0,71,58.8,1,0,0
2026-09-13 05:00:00,102.5,0,74,61.0,1,0,0
2026-09-13 05:05:00,105.3,1,72,61.7,1,0,0
2026-09-13 05:10:00,107.4,0,68,64.1,1,0,0
2026-09-13 05:15:00,110.7,0,77,63.0,1,0,0
2026-09-13 05:20:00,112.9,2,69,60.7,1,0,0
2026-09-13 05:25:00,111.6,0,72,57.9,1,0,0
2026-09-13 05:30:00,110.4,1,69,61.5,1,0,0
2026-09-13 05:35:00,111.7,0,72,61.6,1,0,0
2026-09-13 05:40:00,114.1,1,72,60.9,1,0,0
2026-09-13 05:45:00,115.4,0,72,64.9,1,0,0
2026-09-13 05:50:00,114.4,0,73,64.5,1,0,0
2026-09-13 05:55:00,114.3,2,75,60.7,1,0,0
2026-09-13 06:00:00,113.5,0,75,63.9,1,0,0
2026-09-13 06:05:00,111.2,1,71,63.7,1,0,0
2026-09-13 06:10:00,112.1,1,68,60.8,1,0,0
2026-09-13 06:15:00,111.8,1,71,60.6,1,0,0
2026-09-13 06:20:00,111.2,0,73,61.6,1,0,0
2026-09-13 06:25:00,111.1,1,73,56.7,1,0,0
2026-09-13 06:30:00,114.7,0,74,60.5,1,0,0
2026-09-13 06:35:00,119.2,24,80,34.7,0,0,0
2026-09-13 06:40:00,118.0,16,85,36.0,0,0,0
2026-09-13 06:45:00,118.6,34,85,39.1,0,0,0
2026-09-13 06:50:00,120.1,21,82,38.7,0,0,0
2026-09-13 06:55:00,122.9,8,83,36.5,0,0,0
2026-09-13 07:00:00,120.5,6,81,35.8,0,0,0
2026-09-13 07:05:00,117.3,36,81,34.7,0,0,0
2026-09-13 07:10:00,112.5,16,82,35.1,0,0,0
2026-09-13 07:15:00,109.1,39,85,34.9,0,0,0
2026-09-13 07:20:00,110.6,22,85,36.5,0,0,0
2026-09-13 07:25:00,109.9,14,85,37.5,0,0,0
2026-09-13 07:30:00,112.7,32,82,38.7,0,0,0
2026-09-13 07:35:00,110.9,16,82,35.4,0,0,0
2026-09-13 07:40:00,113.0,45,82,37.2,0,0,0
2026-09-13 07:45:00,109.7,7,81,40.8,0,0,0
2026-09-13 07:50:00,112.6,33,82,39.5,0,0,0
2026-09-13 07:55:00,113.8,31,82,39.3,0,0,0
2026-09-13 08:00:00,114.0,22,84,40.5,0,54,65
2026-09-13 08:05:00,119.1,16,83,34.3,0,0,0
2026-09-13 08:10:00,118.5,11,86,37.4,0,0,0
2026-09-13 08:15:00,123.2,45,88,41.2,0,0,0
2026-09-13 08:20:00,122.9,22,80,36.7,0,0,0
2026-09-13 08:25:00,117.2,26,87,33.8,0,0,0
2026-09-13 08:30:00,117.0,27,82,39.1,0,0,0
2026-09-13 08:35:00,114.3,23,83,38.2,0,0,0
2026-09-13 08:40:00,115.2,49,86,37.4,0,0,0
2026-09-13 08:45:00,115.5,22,85,37.7,0,0,0
2026-09-13 08:50:00,115.5,19,83,36.6,0,0,0
2026-09-13 08:55:00,115.1,34,83,38.0,0,0,0
2026-09-13 09:00:00,116.3,19,82,37.6,0,0,0
2026-09-13 09:05:00,118.1,20,83,36.0,0,0,0
2026-09-13 09:10:00,115.7,16,82,35.1,0,0,0
2026-09-13 09:15:00,113.7,17,81,36.5,0,0,0
2026-09-13 09:20:00,112.6,27,79,39.4,0,0,0
2026-09-13 09:25:00,111.8,47,85,36.5,0,0,0
2026-09-13 09:30:00,109.1,26,82,39.2,0,0,0
2026-09-13 09:35:00,111.2,17,84,40.3,0,0,0
2026-09-13 09:40:00,109.6,32,85,37.7,0,0,0
2026-09-13 09:45:00,110.5,24,85,34.2,0,0,0
2026-09-13 09:50:00,101.6,21,80,38.3,0,0,0
2026-09-13 09:55:00,100.0,16,83,35.4,0,0,0
2026-09-13 10:00:00,98.1,23,84,36.7,0,0,0
2026-09-13 10:05:00,99.7,31,85,37.3,0,0,0
2026-09-13 10:10:00,100.4,48,85,39.2,0,0,0
2026-09-13 10:15:00,102.2,13,83,37.3,0,0,0
2026-09-13 10:20:00,99.0,8,83,37.4,0,0,0
2026-09-13 10:25:00,98.1,12,79,40.6,0,0,0
2026-09-13 10:30:00,96.8,42,86,38.8,0,0,0
2026-09-13 10:35:00,97.0,21,78,39.3,0,0,0
2026-09-13 10:40:00,96.5,17,82,40.1,0,0,0
2026-09-13 10:45:00,98.9,16,85,38.6,0,0,0
2026-09-13 10:50:00,97.0,25,80,37.7,0,0,0
2026-09-13 10:55:00,97.8,15,80,35.2,0,0,0
2026-09-13 11:00:00,100.5,39,83,39.6,0,0,0
2026-09-13 11:05:00,99.0,21,83,39.1,0,0,0
2026-09-13 11:10:00,99.7,25,82,36.5,0,0,0
2026-09-13 11:15:00,101.3,25,80,38.2,0,0,0
2026-09-13 11:20:00,101.6,19,80,36.5,0,0,0
2026-09-13 11:25:00,99.8,37,85,40.7,0,0,0
2026-09-13 11:30:00,97.6,36,80,35.6,0,0,0
2026-09-13 11:35:00,101.0,33,82,36.3,0,0,0
2026-09-13 11:40:00,102.4,21,81,34.3,0,0,0
2026-09-13 11:45:00,99.7,56,85,39.3,0,0,0
2026-09-13 11:50:00,101.6,30,81,37.9,0,0,0
2026-09-13 11:55:00,101.7,6,79,37.5,0,0,0
2026-09-13 12:00:00,101.7,21,86,42.7,0,0,0
2026-09-13 12:05:00,100.7,13,81,35.7,0,0,0
2026-09-13 12:10:00,102.1,5,77,40.0,0,0,0
2026-09-13 12:15:00,98.7,17,83,39.1,0,0,0
2026-09-13 12:20:00,96.5,25,84,35.6,0,0,0
2026-09-13 12:25:00,95.5,22,82,38.6,0,0,0
2026-09-13 12:30:00,95.4,20,85,34.8,0,0,0
2026-09-13 12:35:00,98.4,13,81,40.4,0,0,0
2026-09-13 12:40:00,99.9,15,81,36.8,0,0,0
2026-09-13 12:45:00,100.3,18,79,36.6,0,0,0
2026-09-13 12:50:00,99.2,20,80,33.8,0,0,0
2026-09-13 12:55:00,97.2,28,86,37.8,0,0,0
2026-09-13 13:00:00,97.8,33,84,36.1,0,0,0
2026-09-13 13:05:00,96.0,21,84,40.1,0,0,0
2026-09-13 13:10:00,92.8,12,83,36.8,0,0,0
2026-09-13 13:15:00,94.4,26,85,39.3,0,0,0
2026-09-13 13:20:00,93.0,30,84,37.5,0,0,0
2026-09-13 13:25:00,96.8,12,80,37.8,0,0,0
2026-09-13 13:30:00,95.0,30,81,40.6,0,0,0
2026-09-13 13:35:00,93.1,22,82,37.5,0,0,0
2026-09-13 13:40:00,92.4,6,81,37.2,0,0,0
2026-09-13 13:45:00,93.0,21,82,36.4,0,0,0
2026-09-13 13:50:00,98.3,38,84,37.8,0,58,55
2026-09-13 13:55:00,105.7,49,85,36.5,0,0,0
2026-09-13 14:00:00,114.7,16,83,37.6,0,0,0
2026-09-13 14:05:00,120.8,31,86,36.7,0,0,0
2026-09-13 14:10:00,118.1,29,86,36.8,0,0,0
2026-09-13 14:15:00,122.1,535,113,38.9,0,0,0
2026-09-13 14:20:00,121.9,522,112,37.4,0,0,0
2026-09-13 14:25:00,126.3,516,112,37.6,0,0,0
2026-09-13 14:30:00,125.5,32,83,37.5,0,0,0
2026-09-13 14:35:00,125.6,47,84,39.8,0,0,0
2026-09-13 14:40:00,123.6,32,81,40.2,0,0,0
2026-09-13 14:45:00,123.7,11,84,37.3,0,0,0
2026-09-13 14:50:00,117.1,20,83,34.8,0,0,0
2026-09-13 14:55:00,116.4,11,83,37.6,0,0,0
2026-09-13 15:00:00,119.7,15,81,41.5,0,0,0
2026-09-13 15:05:00,117.4,20,82,36.4,0,0,0
2026-09-13 15:10:00,116.8,11,85,40.4,0,0,0
2026-09-13 15:15:00,113.7,49,86,38.0,0,0,0
2026-09-13 15:20:00,115.7,21,84,38.9,0,0,0
2026-09-13 15:25:00,116.6,21,85,36.3,0,0,0
2026-09-13 15:30:00,117.1,24,79,41.4,0,0,0
2026-09-13 15:35:00,114.7,21,81,38.3,0,0,0
2026-09-13 15:40:00,113.7,10,82,37.7,0,0,0
2026-09-13 15:45:00,114.1,16,83,37.0,0,0,0
2026-09-13 15:50:00,112.8,10,83,36.6,0,0,0
2026-09-13 15:55:00,113.2,31,82,36.9,0,0,0
2026-09-13 16:00:00,116.6,26,87,36.1,0,0,0
2026-09-13 16:05:00,117.3,24,81,38.0,0,0,0
2026-09-13 16:10:00,120.0,40,80,35.1,0,0,0
2026-09-13 16:15:00,124.7,47,86,38.6,0,0,0
2026-09-13 16:20:00,122.9,50,78,35.4,0,0,0
2026-09-13 16:25:00,121.7,5,82,36.4,0,0,0
2026-09-13 16:30:00,119.5,35,84,38.3,0,0,0
2026-09-13 16:35:00,121.2,24,84,35.6,0,0,0
2026-09-13 16:40:00,119.6,11,83,38.9,0,0,0
2026-09-13 16:45:00,119.5,31,85,37.5,0,0,0
2026-09-13 16:50:00,120.9,29,88,39.6,0,0,0
2026-09-13 16:55:00,116.7,13,82,41.8,0,0,0
2026-09-13 17:00:00,113.5,9,79,36.8,0,0,0
2026-09-13 17:05:00,111.5,19,81,32.8,0,0,0
2026-09-13 17:10:00,113.2,53,81,37.0,0,0,0
2026-09-13 17:15:00,115.8,249,95,38.6,0,0,0
2026-09-13 17:20:00,116.4,249,97,40.2,0,0,0
2026-09-13 17:25:00,112.4,19,82,35.2,0,0,0
2026-09-13 17:30:00,110.8,25,83,36.1,0,0,0
2026-09-13 17:35:00,111.5,21,84,37.9,0,0,0
2026-09-13 17:40:00,113.7,27,85,37.5,0,0,0
2026-09-13 17:45:00,113.4,24,78,41.0,0,0,0
2026-09-13 17:50:00,112.0,25,81,37.4,0,0,0
2026-09-13 17:55:00,110.9,17,81,38.7,0,0,0
2026-09-13 18:00:00,111.0,62,87,39.9,0,0,0
2026-09-13 18:05:00,110.7,17,79,34.5,0,0,0
2026-09-13 18:10:00,109.4,7,82,37.8,0,0,0
2026-09-13 18:15:00,111.0,18,82,37.1,0,0,0
2026-09-13 18:20:00,109.2,23,78,35.7,0,0,0
2026-09-13 18:25:00,109.4,38,84,39.0,0,0,0
2026-09-13 18:30:00,109.9,20,83,40.0,0,0,0
2026-09-13 18:35:00,110.4,24,81,38.3,0,0,0
2026-09-13 18:40:00,111.1,24,80,38.3,0,0,0
2026-09-13 18:45:00,109.4,26,83,40.0,0,0,0
2026-09-13 18:50:00,110.7,26,85,37.0,0,0,0
2026-09-13 18:55:00,110.9,21,82,39.0,0,0,0
2026-09-13 19:00:00,113.9,14,84,38.9,0,0,0
2026-09-13 19:05:00,111.7,20,82,35.3,0,0,0
2026-09-13 19:10:00,111.1,13,84,37.3,0,0,0
2026-09-13 19:15:00,107.6,24,88,37.5,0,0,0
2026-09-13 19:20:00,104.5,24,82,37.4,0,0,0
2026-09-13 19:25:00,103.7,12,84,35.6,0,0,0
2026-09-13 19:30:00,103.3,29,82,35.2,0,0,0
2026-09-13 19:35:00,106.0,30,87,35.6,0,0,0
2026-09-13 19:40:00,103.7,23,85,32.9,0,0,0
2026-09-13 19:45:00,103.3,22,82,35.4,0,0,0
2026-09-13 19:50:00,101.1,30,79,39.3,0,0,0
2026-09-13 19:55:00,99.3,20,78,34.4,0,0,0
2026-09-13 20:00:00,98.1,6,83,34.7,0,0,0
2026-09-13 20:05:00,100.5,31,83,37.5,0,0,0
2026-09-13 20:10:00,100.6,13,79,36.9,0,0,0
2026-09-13 20:15:00,101.2,19,83,37.3,0,0,0
2026-09-13 20:20:00,102.4,6,83,38.7,0,0,0
2026-09-13 20:25:00,101.6,25,83,37.9,0,0,0
2026-09-13 20:30:00,101.8,35,83,38.2,0,0,0
2026-09-13 20:35:00,104.7,15,77,33.2,0,0,0
2026-09-13 20:40:00,103.5,458,107,37.4,0,0,0
2026-09-13 20:45:00,104.4,459,111,37.1,0,0,0
2026-09-13 20:50:00,105.9,21,81,39.8,0,0,0
2026-09-13 20:55:00,107.0,24,83,34.2,0,0,0
2026-09-13 21:00:00,107.6,26,85,35.9,0,0,0
2026-09-13 21:05:00,108.6,14,82,37.6,0,0,0
2026-09-13 21:10:00,108.9,19,85,38.1,0,0,0
2026-09-13 21:15:00,108.7,22,83,38.4,0,0,0
2026-09-13 21:20:00,110.8,16,81,35.7,0,0,0
2026-09-13 21:25:00,107.6,18,83,40.8,0,0,0
2026-09-13 21:30:00,106.8,5,80,38.1,0,0,0
2026-09-13 21:35:00,104.4,18,83,39.6,0,0,0
2026-09-13 21:40:00,104.4,58,86,36.8,0,0,0
2026-09-13 21:45:00,105.6,36,81,35.2,0,0,0
2026-09-13 21:50:00,108.8,11,83,37.4,0,0,0
2026-09-13 21:55:00,108.9,20,80,35.6,0,0,0
2026-09-13 22:00:00,109.5,24,84,34.6,0,0,0
2026-09-13 22:05:00,108.9,11,81,36.3,0,0,0
2026-09-13 22:10:00,110.5,26,81,38.1,0,0,0
2026-09-13 22:15:00,111.2,33,85,37.9,0,0,0
2026-09-13 22:20:00,114.4,34,82,35.8,0,0,0
2026-09-13 22:25:00,110.8,31,82,37.0,0,0,0
2026-09-13 22:30:00,113.1,47,84,39.9,0,0,0
2026-09-13 22:35:00,110.7,13,82,35.3,0,0,0
2026-09-13 22:40:00,105.1,46,81,36.4,0,0,0
2026-09-13 22:45:00,105.7,23,86,38.9,0,0,0
2026-09-13 22:50:00,107.3,16,84,40.4,0,0,0
2026-09-13 22:55:00,108.7,12,83,38.2,0,0,0
2026-09-13 23:00:00,107.4,26,82,37.0,0,0,0
2026-09-13 23:05:00,103.7,28,84,39.6,0,0,0
2026-09-13 23:10:00,104.6,11,80,39.8,0,0,0
2026-09-13 23:15:00,102.4,18,82,36.5,0,0,0
2026-09-13 23:20:00,106.1,12,84,36.3,0,0,0
2026-09-13 23:25:00,104.1,22,82,39.7,0,0,0
2026-09-13 23:30:00,105.3,30,81,34.3,0,0,0
2026-09-13 23:35:00,101.4,17,78,39.9,0,0,0
2026-09-13 23:40:00,101.5,13,81,36.2,0,0,0
2026-09-13 23:45:00,103.3,18,82,41.5,0,0,0
2026-09-13 23:50:00,102.3,27,82,37.2,0,0,0
2026-09-13 23:55:00,102.2,10,80,39.5,0,0,0
2026-09-14 00:00:00,104.6,26,85,38.3,0,0,0
2026-09-14 00:05:00,103.8,25,84,34.7,0,0,0
2026-09-14 00:10:00,103.6,19,78,38.0,0,0,0
2026-09-14 00:15:00,102.1,23,81,39.6,0,0,0
2026-09-14 00:20:00,104.2,1,73,62.0,1,0,0
2026-09-14 00:25:00,102.6,1,70,60.6,1,0,0
2026-09-14 00:30:00,104.7,0,73,63.3,1,0,0
2026-09-14 00:35:00,105.3,0,75,59.2,1,0,0
2026-09-14 00:40:00,103.3,0,75,59.7,1,0,0
2026-09-14 00:45:00,107.2,0,71,62.6,1,0,0
2026-09-14 00:50:00,109.3,1,73,59.4,1,0,0
2026-09-14 00:55:00,110.3,0,73,62.2,1,0,0
2026-09-14 01:00:00,105.2,0,76,60.4,1,0,0
2026-09-14 01:05:00,107.9,0,74,59.8,1,0,0
2026-09-14 01:10:00,112.2,0,76,64.1,1,0,0
2026-09-14 01:15:00,110.1,0,73,62.0,1,0,0
2026-09-14 01:20:00,113.0,1,71,60.6,1,0,0
2026-09-14 01:25:00,111.4,2,74,62.0,1,0,0
2026-09-14 01:30:00,111.3,0,71,65.0,1,0,0
2026-09-14 01:35:00,110.5,0,74,60.7,1,0,0
2026-09-14 01:40:00,112.0,0,74,58.4,1,0,0
2026-09-14 01:45:00,107.8,0,74,63.9,1,0,0
2026-09-14 01:50:00,106.3,1,70,62.7,1,0,0
2026-09-14 01:55:00,103.9,0,75,60.5,1,0,0
2026-09-14 02:00:00,101.6,1,71,61.9,1,0,0
2026-09-14 02:05:00,105.3,0,71,61.0,1,0,0
2026-09-14 02:10:00,106.0,1,75,63.8,1,0,0
2026-09-14 02:15:00,103.5,0,74,60.7,1,0,0
2026-09-14 02:20:00,104.6,0,75,58.0,1,0,0
2026-09-14 02:25:00,106.3,0,73,61.6,1,0,0
2026-09-14 02:30:00,107.4,0,73,60.9,1,0,0
2026-09-14 02:35:00,110.3,0,74,60.5,1,0,0
2026-09-14 02:40:00,111.1,0,70,61.9,1,0,0
2026-09-14 02:45:00,112.2,1,72,62.0,1,0,0
2026-09-14 02:50:00,113.6,0,72,61.5,1,0,0
2026-09-14 02:55:00,115.5,0,74,61.7,1,0,0
2026-09-14 03:00:00,114.0,1,70,59.0,1,0,0
2026-09-14 03:05:00,118.2,1,70,62.8,1,0,0
2026-09-14 03:10:00,118.3,0,73,63.5,1,0,0
2026-09-14 03:15:00,119.6,0,72,59.3,1,0,0
2026-09-14 03:20:00,116.2,0,72,62.6,1,0,0
2026-09-14 03:25:00,115.3,1,74,57.9,1,0,0
2026-09-14 03:30:00,116.1,0,76,61.3,1,0,0
2026-09-14 03:35:00,116.0,0,71,62.0,1,0,0
2026-09-14 03:40:00,114.7,1,74,59.1,1,0,0
2026-09-14 03:45:00,115.4,0,74,59.7,1,0,0
2026-09-14 03:50:00,113.1,0,74,60.3,1,0,0
2026-09-14 03:55:00,111.3,0,71,60.1,1,0,0
2026-09-14 04:00:00,110.5,0,73,62.2,1,0,0
2026-09-14 04:05:00,111.3,0,77,60.3,1,0,0
2026-09-14 04:10:00,111.2,0,73,65.6,1,0,0
2026-09-14 04:15:00,111.9,1,75,63.6,1,0,0
2026-09-14 04:20:00,111.0,0,71,56.4,1,0,0
2026-09-14 04:25:00,111.5,0,74,63.2,1,0,0
2026-09-14 04:30:00,108.9,0,76,60.9,1,0,0
2026-09-14 04:35:00,109.5,1,70,62.2,1,0,0
2026-09-14 04:40:00,110.5,0,74,57.4,1,0,0
2026-09-14 04:45:00,108.1,0,73,59.7,1,0,0
2026-09-14 04:50:00,111.3,0,73,62.7,1,0,0
2026-09-14 04:55:00,110.6,0,74,62.6,1,0,0
2026-09-14 05:00:00,109.7,0,79,61.5,1,0,0
2026-09-14 05:05:00,110.8,1,73,59.3,1,0,0
2026-09-14 05:10:00,111.4,0,73,61.2,1,0,0
2026-09-14 05:15:00,110.6,1,76,62.8,1,0,0
2026-09-14 05:20:00,110.3,0,75,64.8,1,0,0
2026-09-14 05:25:00,106.7,0,72,63.1,1,0,0
2026-09-14 05:30:00,106.3,0,73,63.2,1,0,0
2026-09-14 05:35:00,106.0,1,70,62.3,1,0,0
2026-09-14 05:40:00,107.3,0,73,61.2,1,0,0
2026-09-14 05:45:00,105.8,0,74,62.3,1,0,0
2026-09-14 05:50:00,102.8,0,72,58.3,1,0,0
2026-09-14 05:55:00,99.0,0,73,60.7,1,0,0
2026-09-14 06:00:00,100.8,0,75,59.5,1,0,0
2026-09-14 06:05:00,101.3,0,72,58.1,1,0,0
2026-09-14 06:10:00,105.0,0,70,59.2,1,0,0
2026-09-14 06:15:00,103.7,0,74,65.4,1,0,0
2026-09-14 06:20:00,108.0,14,81,38.0,0,0,0
2026-09-14 06:25:00,109.4,52,82,38.9,0,0,0
2026-09-14 06:30:00,112.2,19,79,38.6,0,0,0
2026-09-14 06:35:00,112.0,14,81,38.5,0,0,0
2026-09-14 06:40:00,111.0,35,82,39.0,0,0,0
2026-09-14 06:45:00,111.2,27,86,36.4,0,0,0
2026-09-14 06:50:00,113.0,45,85,37.7,0,0,0
2026-09-14 06:55:00,112.0,29,83,36.6,0,0,0
2026-09-14 07:00:00,109.6,25,81,38.2,0,0,0
2026-09-14 07:05:00,110.7,13,79,34.2,0,0,0
2026-09-14 07:10:00,110.1,60,85,37.5,0,0,0
2026-09-14 07:15:00,107.1,30,84,39.4,0,0,0
2026-09-14 07:20:00,109.8,27,82,37.2,0,0,0
2026-09-14 07:25:00,107.8,20,80,38.3,0,0,0
2026-09-14 07:30:00,108.0,10,80,36.0,0,0,0
2026-09-14 07:35:00,107.8,16,75,35.9,0,0,0
2026-09-14 07:40:00,106.7,12,82,34.9,0,0,0
2026-09-14 07:45:00,109.2,26,80,38.5,0,0,0
2026-09-14 07:50:00,110.2,31,83,37.3,0,0,0
2026-09-14 07:55:00,108.5,21,82,40.4,0,0,0
2026-09-14 08:00:00,108.5,10,81,38.2,0,0,0
2026-09-14 08:05:00,109.8,22,85,38.9,0,0,0
2026-09-14 08:10:00,108.3,12,85,36.8,0,0,0
2026-09-14 08:15:00,107.6,39,83,38.2,0,0,0
2026-09-14 08:20:00,106.9,29,84,35.2,0,0,0
2026-09-14 08:25:00,106.4,37,82,38.2,0,0,0
2026-09-14 08:30:00,106.7,28,81,37.3,0,0,0
2026-09-14 08:35:00,105.9,28,83,37.8,0,0,0
2026-09-14 08:40:00,104.9,13,86,39.5,0,48,65
2026-09-14 08:45:00,106.4,35,86,34.4,0,0,0
2026-09-14 08:50:00,107.5,39,90,34.4,0,0,0
2026-09-14 08:55:00,111.5,26,86,38.6,0,0,0
2026-09-14 09:00:00,112.2,30,88,36.6,0,0,0
2026-09-14 09:05:00,112.9,17,85,35.3,0,0,0
2026-09-14 09:10:00,113.3,18,83,39.4,0,0,0
2026-09-14 09:15:00,110.8,68,83,38.6,0,0,0
2026-09-14 09:20:00,113.2,10,82,39.2,0,0,0
2026-09-14 09:25:00,115.3,23,80,37.7,0,0,0
2026-09-14 09:30:00,116.0,16,81,39.4,0,0,0
2026-09-14 09:35:00,114.2,27,85,41.5,0,0,0
2026-09-14 09:40:00,112.6,45,82,39.0,0,0,0
2026-09-14 09:45:00,111.1,10,81,37.1,0,0,0
2026-09-14 09:50:00,111.0,30,86,34.6,0,0,0
2026-09-14 09:55:00,110.4,26,83,40.2,0,0,0
2026-09-14 10:00:00,109.7,41,87,36.1,0,0,0
2026-09-14 10:05:00,110.9,17,83,37.1,0,0,0
2026-09-14 10:10:00,110.8,25,84,39.6,0,0,0
2026-09-14 10:15:00,107.1,30,86,38.5,0,0,0
2026-09-14 10:20:00,107.9,38,82,40.1,0,0,0
2026-09-14 10:25:00,104.4,13,85,38.6,0,0,0
2026-09-14 10:30:00,101.2,22,83,35.1,0,0,0
2026-09-14 10:35:00,101.6,21,86,40.5,0,0,0
2026-09-14 10:40:00,100.5,12,81,36.6,0,0,0
2026-09-14 10:45:00,99.7,48,85,36.7,0,0,0
2026-09-14 10:50:00,98.7,20,80,36.3,0,0,0
2026-09-14 10:55:00,98.9,14,81,37.6,0,0,0
2026-09-14 11:00:00,101.1,16,84,38.3,0,0,0
2026-09-14 11:05:00,100.7,34,84,37.4,0,0,0
2026-09-14 11:10:00,99.9,24,84,41.2,0,0,0
2026-09-14 11:15:00,99.6,23,85,40.9,0,0,0
2026-09-14 11:20:00,96.2,20,81,35.3,0,0,0
2026-09-14 11:25:00,96.6,16,84,38.4,0,0,0
2026-09-14 11:30:00,96.7,30,81,38.8,0,0,0
2026-09-14 11:35:00,94.3,18,80,33.0,0,0,0
2026-09-14 11:40:00,93.9,23,82,38.5,0,0,0
2026-09-14 11:45:00,91.0,378,101,40.3,0,0,0
2026-09-14 11:50:00,92.6,389,105,36.1,0,0,0
2026-09-14 11:55:00,98.2,373,105,36.8,0,0,0
2026-09-14 12:00:00,97.6,368,105,38.1,0,0,0
2026-09-14 12:05:00,98.4,20,84,37.9,0,0,0
2026-09-14 12:10:00,98.9,22,81,32.8,0,0,0
2026-09-14 12:15:00,100.4,23,82,34.7,0,0,0
2026-09-14 12:20:00,98.5,12,80,37.3,0,0,0
2026-09-14 12:25:00,99.9,18,83,35.6,0,0,0
2026-09-14 12:30:00,101.9,23,82,35.4,0,0,0
2026-09-14 12:35:00,102.9,15,81,35.9,0,0,0
2026-09-14 12:40:00,104.7,4,79,41.2,0,0,0
2026-09-14 12:45:00,103.7,27,84,37.9,0,0,0
2026-09-14 12:50:00,102.2,26,83,35.0,0,0,0
2026-09-14 12:55:00,101.6,20,81,34.8,0,0,0
2026-09-14 13:00:00,101.5,20,82,34.8,0,0,0
2026-09-14 13:05:00,101.2,15,83,40.5,0,0,0
2026-09-14 13:10:00,102.5,23,82,37.6,0,0,0
2026-09-14 13:15:00,100.7,11,77,35.4,0,0,0
2026-09-14 13:20:00,101.3,22,79,38.7,0,0,0
2026-09-14 13:25:00,102.7,43,84,35.3,0,0,0
2026-09-14 13:30:00,102.3,13,83,37.7,0,0,0
2026-09-14 13:35:00,99.2,29,81,37.1,0,0,0
2026-09-14 13:40:00,99.2,33,85,35.7,0,0,0
2026-09-14 13:45:00,98.0,33,84,36.8,0,0,0
2026-09-14 13:50:00,96.5,31,83,35.2,0,0,0
2026-09-14 13:55:00,97.2,42,83,31.8,0,0,0
2026-09-14 14:00:00,97.7,23,82,37.6,0,0,0
2026-09-14 14:05:00,96.5,13,82,34.4,0,0,0
2026-09-14 14:10:00,95.4,25,80,38.0,0,0,0
2026-09-14 14:15:00,91.7,15,81,40.3,0,0,0
2026-09-14 14:20:00,88.9,26,87,40.4,0,0,0
2026-09-14 14:25:00,87.4,45,84,39.3,0,0,0
2026-09-14 14:30:00,91.9,22,82,38.9,0,0,0
2026-09-14 14:35:00,93.6,31,80,37.5,0,0,0
2026-09-14 14:40:00,100.8,26,81,36.3,0,0,0
2026-09-14 14:45:00,102.6,20,80,40.0,0,0,0
2026-09-14 14:50:00,101.4,15,80,37.6,0,0,0
2026-09-14 14:55:00,100.5,471,106,38.3,0,0,0
2026-09-14 15:00:00,101.6,467,107,35.4,0,0,0
2026-09-14 15:05:00,101.7,477,107,34.4,0,0,0
2026-09-14 15:10:00,100.7,31,84,35.9,0,0,0
2026-09-14 15:15:00,99.4,12,81,34.8,0,0,0
2026-09-14 15:20:00,98.4,11,81,37.4,0,0,0
2026-09-14 15:25:00,99.8,26,85,36.4,0,0,0
2026-09-14 15:30:00,98.1,45,87,36.0,0,0,0
2026-09-14 15:35:00,99.3,12,85,32.9,0,0,0
2026-09-14 15:40:00,98.7,33,79,36.6,0,0,0
2026-09-14 15:45:00,96.9,18,83,38.8,0,0,0
2026-09-14 15:50:00,100.0,13,84,40.7,0,0,0
2026-09-14 15:55:00,100.5,21,83,36.7,0,0,0
2026-09-14 16:00:00,101.2,23,81,39.3,0,0,0
2026-09-14 16:05:00,99.9,27,84,32.9,0,0,0
2026-09-14 16:10:00,100.6,17,85,36.0,0,0,0
2026-09-14 16:15:00,102.8,28,81,32.8,0,0,0
2026-09-14 16:20:00,100.3,42,86,37.5,0,0,0
2026-09-14 16:25:00,99.1,25,82,37.1,0,0,0
2026-09-14 16:30:00,97.0,13,80,37.4,0,0,0
2026-09-14 16:35:00,97.5,45,88,35.0,0,0,0
2026-09-14 16:40:00,95.4,22,83,35.7,0,0,0
2026-09-14 16:45:00,98.7,22,84,41.7,0,0,0
2026-09-14 16:50:00,96.9,31,82,39.9,0,0,0
2026-09-14 16:55:00,97.5,22,83,37.8,0,0,0
2026-09-14 17:00:00,96.3,10,78,38.9,0,0,0
2026-09-14 17:05:00,96.8,36,82,37.5,0,0,0
2026-09-14 17:10:00,97.1,17,84,35.9,0,0,0
2026-09-14 17:15:00,97.9,20,81,36.2,0,0,0
2026-09-14 17:20:00,96.8,5,84,35.3,0,0,0
2026-09-14 17:25:00,97.2,13,81,37.4,0,0,0
2026-09-14 17:30:00,97.8,21,86,36.8,0,17,35
2026-09-14 17:35:00,98.3,20,84,39.2,0,0,0
2026-09-14 17:40:00,98.7,22,87,37.2,0,0,0
2026-09-14 17:45:00,96.1,17,87,36.6,0,0,0
2026-09-14 17:50:00,95.9,7,82,36.5,0,0,0
2026-09-14 17:55:00,98.4,33,84,38.8,0,0,0
2026-09-14 18:00:00,97.4,26,79,31.7,0,0,0
2026-09-14 18:05:00,99.2,9,86,39.7,0,0,0
2026-09-14 18:10:00,97.2,30,82,36.9,0,0,0
2026-09-14 18:15:00,97.2,25,79,36.4,0,0,0
2026-09-14 18:20:00,99.6,16,81,35.3,0,0,0
2026-09-14 18:25:00,102.4,28,84,36.8,0,0,0
2026-09-14 18:30:00,101.9,20,82,37.6,0,0,0
2026-09-14 18:35:00,99.4,47,84,36.1,0,0,0
2026-09-14 18:40:00,98.7,18,84,40.9,0,0,0
2026-09-14 18:45:00,99.6,24,84,39.2,0,0,0
2026-09-14 18:50:00,103.2,29,81,37.8,0,0,0
2026-09-14 18:55:00,102.4,25,82,41.3,0,0,0
2026-09-14 19:00:00,102.7,27,83,37.7,0,0,0
2026-09-14 19:05:00,101.3,15,80,35.3,0,0,0
2026-09-14 19:10:00,101.8,30,83,38.0,0,0,0
2026-09-14 19:15:00,102.2,28,81,38.1,0,0,0
2026-09-14 19:20:00,103.3,25,82,36.3,0,0,0
2026-09-14 19:25:00,100.1,17,83,38.5,0,0,0
2026-09-14 19:30:00,106.0,38,84,33.4,0,0,0
2026-09-14 19:35:00,106.8,23,83,35.8,0,0,0
2026-09-14 19:40:00,105.1,25,82,35.2,0,0,0
2026-09-14 19:45:00,101.6,11,79,35.2,0,0,0
2026-09-14 19:50:00,100.3,7,78,39.8,0,0,0
2026-09-14 19:55:00,100.2,32,83,38.4,0,0,0
2026-09-14 20:00:00,102.5,14,84,37.3,0,0,0
2026-09-14 20:05:00,102.8,38,86,35.2,0,0,0
2026-09-14 20:10:00,102.2,16,84,39.9,0,0,0
2026-09-14 20:15:00,99.9,14,84,35.9,0,0,0
2026-09-14 20:20:00,102.0,22,81,37.4,0,0,0
2026-09-14 20:25:00,102.4,23,81,36.7,0,0,0
2026-09-14 20:30:00,106.1,19,83,36.9,0,0,0
2026-09-14 20:35:00,106.3,39,81,36.5,0,0,0
2026-09-14 20:40:00,106.1,26,81,36.9,0,0,0
2026-09-14 20:45:00,106.7,7,81,39.8,0,0,0
2026-09-14 20:50:00,112.2,16,85,37.1,0,0,0
2026-09-14 20:55:00,109.3,30,86,37.7,0,61,55
2026-09-14 21:00:00,111.9,17,86,39.5,0,0,0
2026-09-14 21:05:00,113.9,27,86,38.7,0,0,0
2026-09-14 21:10:00,116.3,21,85,35.3,0,0,0
2026-09-14 21:15:00,115.0,65,86,39.7,0,0,0
2026-09-14 21:20:00,115.6,21,85,37.9,0,0,0
2026-09-14 21:25:00,116.7,23,78,35.0,0,0,0
2026-09-14 21:30:00,117.1,10,79,35.6,0,0,0
2026-09-14 21:35:00,115.1,34,82,35.5,0,0,0
2026-09-14 21:40:00,115.5,20,81,39.1,0,0,0
2026-09-14 21:45:00,114.0,15,80,39.5,0,0,0
2026-09-14 21:50:00,117.5,17,81,38.4,0,0,0
2026-09-14 21:55:00,116.3,39,81,35.9,0,0,0
2026-09-14 22:00:00,112.8,19,85,39.6,0,0,0
2026-09-14 22:05:00,109.7,25,82,37.7,0,0,0
2026-09-14 22:10:00,109.8,28,84,37.5,0,0,0
2026-09-14 22:15:00,106.4,40,85,37.1,0,0,0
2026-09-14 22:20:00,104.4,29,86,36.7,0,0,0
2026-09-14 22:25:00,105.6,34,84,39.8,0,0,0
2026-09-14 22:30:00,104.1,17,82,33.5,0,0,0
2026-09-14 22:35:00,103.0,20,78,37.0,0,0,0
2026-09-14 22:40:00,105.0,23,83,39.5,0,0,0
2026-09-14 22:45:00,102.5,12,82,33.8,0,0,0
2026-09-14 22:50:00,104.9,20,80,39.0,0,0,0
2026-09-14 22:55:00,103.4,22,81,36.6,0,0,0
2026-09-14 23:00:00,100.2,23,82,41.3,0,0,0
2026-09-14 23:05:00,99.8,36,80,37.4,0,0,0
2026-09-14 23:10:00,99.7,10,83,36.6,0,0,0
2026-09-14 23:15:00,94.3,23,83,37.1,0,0,0
2026-09-14 23:20:00,96.0,57,84,36.8,0,0,0
2026-09-14 23:25:00,96.1,41,82,38.5,0,0,0
2026-09-14 23:30:00,97.1,33,79,38.5,0,0,0
2026-09-14 23:35:00,98.1,29,81,35.6,0,0,0
2026-09-14 23:40:00,99.1,37,86,36.7,0,0,0
2026-09-14 23:45:00,100.8,42,83,38.2,0,0,0
2026-09-14 23:50:00,100.7,20,85,37.1,0,0,0
2026-09-14 23:55:00,99.6,32,85,33.0,0,0,0
