timestamp,glucose_mgdl,steps,heart_rate,hrv_ms,sleeping,carbs_g,meal_gi
2026-09-01 00:00:00,97.5,0,69,52.8,1,0,0
2026-09-01 00:05:00,96.4,0,73,53.8,1,0,0
2026-09-01 00:10:00,101.1,1,75,55.8,1,0,0
2026-09-01 00:15:00,98.9,1,71,53.3,1,0,0
2026-09-01 00:20:00,100.8,1,71,50.4,1,0,0
2026-09-01 00:25:00,100.4,0,73,56.1,1,0,0
2026-09-01 00:30:00,100.2,1,72,52.9,1,0,0
2026-09-01 00:35:00,102.3,0,74,51.0,1,0,0
2026-09-01 00:40:00,102.5,0,75,52.1,1,0,0
2026-09-01 00:45:00,103.0,0,74,54.2,1,0,0
2026-09-01 00:50:00,99.6,1,69,52.5,1,0,0
2026-09-01 00:55:00,97.6,0,72,54.2,1,0,0
2026-09-01 01:00:00,94.6,1,71,51.2,1,0,0
2026-09-01 01:05:00,91.9,0,76,52.4,1,0,0
2026-09-01 01:10:00,91.4,1,75,57.2,1,0,0
2026-09-01 01:15:00,92.4,1,72,53.7,1,0,0
2026-09-01 01:20:00,97.4,1,75,52.5,1,0,0
2026-09-01 01:25:00,94.7,0,73,56.8,1,0,0
2026-09-01 01:30:00,97.3,1,74,56.7,1,0,0
2026-09-01 01:35:00,99.1,0,73,57.2,1,0,0
2026-09-01 01:40:00,98.4,0,69,51.8,1,0,0
2026-09-01 01:45:00,102.3,0,74,52.0,1,0,0
2026-09-01 01:50:00,100.1,0,73,53.1,1,0,0
2026-09-01 01:55:00,97.2,0,69,52.7,1,0,0
2026-09-01 02:00:00,96.3,0,70,53.5,1,0,0
2026-09-01 02:05:00,92.8,0,72,52.5,1,0,0
2026-09-01 02:10:00,91.4,0,71,52.8,1,0,0
2026-09-01 02:15:00,92.3,0,71,56.4,1,0,0
2026-09-01 02:20:00,94.3,1,75,58.2,1,0,0
2026-09-01 02:25:00,91.6,0,73,52.3,1,0,0
2026-09-01 02:30:00,94.7,0,73,51.7,1,0,0
2026-09-01 02:35:00,96.3,0,69,54.1,1,0,0
2026-09-01 02:40:00,93.8,0,70,52.2,1,0,0
2026-09-01 02:45:00,91.1,0,74,53.7,1,0,0
2026-09-01 02:50:00,90.9,0,74,55.8,1,0,0
2026-09-01 02:55:00,90.9,0,74,56.2,1,0,0
2026-09-01 03:00:00,91.6,0,76,53.2,1,0,0
2026-09-01 03:05:00,93.9,0,73,55.7,1,0,0
2026-09-01 03:10:00,91.8,0,72,55.4,1,0,0
2026-09-01 03:15:00,93.8,0,77,51.9,1,0,0
2026-09-01 03:20:00,93.3,0,73,53.4,1,0,0
2026-09-01 03:25:00,91.0,0,75,55.2,1,0,0
2026-09-01 03:30:00,93.9,2,71,55.9,1,0,0
2026-09-01 03:35:00,97.4,1,72,55.8,1,0,0
2026-09-01 03:40:00,95.5,0,73,54.4,1,0,0
2026-09-01 03:45:00,95.1,0,71,53.2,1,0,0
2026-09-01 03:50:00,93.6,0,75,55.4,1,0,0
2026-09-01 03:55:00,93.8,0,72,53.3,1,0,0
2026-09-01 04:00:00,90.9,1,72,48.3,1,0,0
2026-09-01 04:05:00,91.7,1,73,51.5,1,0,0
2026-09-01 04:10:00,91.5,1,75,53.2,1,0,0
2026-09-01 04:15:00,93.1,0,73,56.0,1,0,0
2026-09-01 04:20:00,93.9,0,69,54.3,1,0,0
2026-09-01 04:25:00,95.2,0,74,54.7,1,0,0
2026-09-01 04:30:00,95.1,2,71,52.5,1,0,0
2026-09-01 04:35:00,95.1,0,69,56.7,1,0,0
2026-09-01 04:40:00,96.3,0,73,54.7,1,0,0
2026-09-01 04:45:00,96.2,1,74,56.2,1,0,0
2026-09-01 04:50:00,98.9,0,74,52.3,1,0,0
2026-09-01 04:55:00,98.6,0,72,55.0,1,0,0
2026-09-01 05:00:00,98.9,0,75,57.3,1,0,0
2026-09-01 05:05:00,100.0,0,69,51.9,1,0,0
2026-09-01 05:10:00,100.6,0,72,54.0,1,0,0
2026-09-01 05:15:00,103.0,0,73,51.1,1,0,0
2026-09-01 05:20:00,106.9,0,73,52.6,1,0,0
2026-09-01 05:25:00,109.4,0,72,51.2,1,0,0
2026-09-01 05:30:00,108.1,0,74,55.8,1,0,0
2026-09-01 05:35:00,109.3,1,73,56.0,1,0,0
2026-09-01 05:40:00,107.5,0,73,53.7,1,0,0
2026-09-01 05:45:00,106.7,0,74,53.8,1,0,0
2026-09-01 05:50:00,108.2,1,76,55.0,1,0,0
2026-09-01 05:55:00,112.6,0,72,54.3,1,0,0
2026-09-01 06:00:00,110.7,1,74,52.4,1,0,0
2026-09-01 06:05:00,112.5,0,72,56.2,1,0,0
2026-09-01 06:10:00,107.7,0,74,55.8,1,0,0
2026-09-01 06:15:00,104.9,0,71,54.0,1,0,0
2026-09-01 06:20:00,104.4,0,74,55.0,1,0,0
2026-09-01 06:25:00,108.0,0,76,52.8,1,0,0
2026-09-01 06:30:00,107.9,1,72,48.8,1,0,0
2026-09-01 06:35:00,109.3,0,76,52.0,1,0,0
2026-09-01 06:40:00,107.2,39,83,36.0,0,0,0
2026-09-01 06:45:00,106.1,24,82,36.2,0,0,0
2026-09-01 06:50:00,107.2,126,90,33.7,0,0,0
2026-09-01 06:55:00,106.4,39,84,29.3,0,0,0
2026-09-01 07:00:00,108.1,40,82,30.2,0,0,0
2026-09-01 07:05:00,105.3,36,84,36.9,0,0,0
2026-09-01 07:10:00,103.4,40,83,33.0,0,0,0
2026-09-01 07:15:00,101.9,17,83,34.3,0,0,0
2026-09-01 07:20:00,102.2,59,85,30.5,0,0,0
2026-09-01 07:25:00,100.1,33,85,34.4,0,0,0
2026-09-01 07:30:00,100.3,23,80,35.7,0,0,0
2026-09-01 07:35:00,102.4,26,84,35.9,0,0,0
2026-09-01 07:40:00,100.9,25,84,31.2,0,0,0
2026-09-01 07:45:00,100.2,36,82,35.6,0,0,0
2026-09-01 07:50:00,100.5,44,82,28.3,0,0,0
2026-09-01 07:55:00,99.4,25,84,31.5,0,0,0
2026-09-01 08:00:00,97.4,26,78,32.2,0,0,0
2026-09-01 08:05:00,97.9,38,84,31.7,0,0,0
2026-09-01 08:10:00,96.9,33,87,33.1,0,37,50
2026-09-01 08:15:00,96.0,48,88,35.2,0,0,0
2026-09-01 08:20:00,102.1,65,86,27.6,0,0,0
2026-09-01 08:25:00,103.3,450,109,30.8,0,0,0
2026-09-01 08:30:00,103.3,405,107,31.4,0,0,0
2026-09-01 08:35:00,101.3,61,88,33.4,0,0,0
2026-09-01 08:40:00,101.2,53,83,34.4,0,0,0
2026-09-01 08:45:00,99.3,45,83,32.7,0,0,0
2026-09-01 08:50:00,96.0,43,84,35.3,0,0,0
2026-09-01 08:55:00,96.0,38,82,37.4,0,0,0
2026-09-01 09:00:00,89.1,114,88,35.7,0,0,0
2026-09-01 09:05:00,88.1,32,82,30.3,0,0,0
2026-09-01 09:10:00,89.4,53,86,32.9,0,0,0
2026-09-01 09:15:00,88.7,25,87,30.9,0,0,0
2026-09-01 09:20:00,86.2,60,84,31.9,0,0,0
2026-09-01 09:25:00,84.2,29,87,34.7,0,0,0
2026-09-01 09:30:00,83.2,61,85,31.5,0,0,0
2026-09-01 09:35:00,83.2,50,84,35.6,0,0,0
2026-09-01 09:40:00,83.8,35,81,31.9,0,0,0
2026-09-01 09:45:00,81.5,373,99,33.6,0,0,0
2026-09-01 09:50:00,84.7,376,104,31.3,0,0,0
2026-09-01 09:55:00,84.9,38,83,28.9,0,0,0
2026-09-01 10:00:00,86.1,81,86,34.0,0,0,0
2026-09-01 10:05:00,84.2,24,83,33.6,0,0,0
2026-09-01 10:10:00,83.5,50,84,33.0,0,0,0
2026-09-01 10:15:00,84.7,35,83,33.3,0,0,0
2026-09-01 10:20:00,84.9,47,82,31.5,0,0,0
2026-09-01 10:25:00,86.6,47,82,32.9,0,0,0
2026-09-01 10:30:00,86.0,73,86,31.5,0,0,0
2026-09-01 10:35:00,84.0,59,85,34.6,0,0,0
2026-09-01 10:40:00,83.0,46,84,36.5,0,0,0
2026-09-01 10:45:00,81.7,72,89,33.7,0,0,0
2026-09-01 10:50:00,80.2,46,84,32.7,0,0,0
2026-09-01 10:55:00,79.4,66,87,31.3,0,0,0
2026-09-01 11:00:00,77.5,37,84,32.6,0,0,0
2026-09-01 11:05:00,76.7,76,88,32.8,0,0,0
2026-09-01 11:10:00,80.4,44,82,31.0,0,0,0
2026-09-01 11:15:00,78.4,20,82,35.4,0,0,0
2026-09-01 11:20:00,77.2,56,85,34.1,0,0,0
2026-09-01 11:25:00,77.3,57,86,33.5,0,0,0
2026-09-01 11:30:00,76.8,40,82,35.5,0,0,0
2026-09-01 11:35:00,75.4,34,85,36.0,0,0,0
2026-09-01 11:40:00,79.6,23,80,36.0,0,0,0
2026-09-01 11:45:00,79.6,15,85,32.6,0,0,0
2026-09-01 11:50:00,81.3,51,83,32.3,0,0,0
2026-09-01 11:55:00,80.2,38,83,31.3,0,0,0
2026-09-01 12:00:00,79.5,58,81,30.6,0,0,0
2026-09-01 12:05:00,77.7,29,80,32.3,0,0,0
2026-09-01 12:10:00,75.3,40,82,32.4,0,0,0
2026-09-01 12:15:00,76.9,51,83,38.4,0,0,0
2026-09-01 12:20:00,78.6,55,82,34.3,0,0,0
2026-09-01 12:25:00,81.7,95,86,34.8,0,0,0
2026-09-01 12:30:00,83.8,78,86,31.7,0,0,0
2026-09-01 12:35:00,83.5,65,87,34.5,0,0,0
2026-09-01 12:40:00,85.2,38,83,35.7,0,0,0
2026-09-01 12:45:00,85.2,37,83,33.0,0,0,0
2026-09-01 12:50:00,85.0,94,89,32.9,0,0,0
2026-09-01 12:55:00,86.3,36,85,35.8,0,0,0
2026-09-01 13:00:00,88.0,52,84,31.9,0,0,0
2026-09-01 13:05:00,91.8,75,89,33.7,0,0,0
2026-09-01 13:10:00,88.4,51,84,28.7,0,0,0
2026-09-01 13:15:00,91.0,117,89,34.8,0,0,0
2026-09-01 13:20:00,88.9,48,86,32.4,0,60,50
2026-09-01 13:25:00,91.9,34,87,31.4,0,0,0
2026-09-01 13:30:00,94.9,23,88,32.6,0,0,0
2026-09-01 13:35:00,94.8,27,88,30.7,0,0,0
2026-09-01 13:40:00,93.0,32,86,36.9,0,0,0
2026-09-01 13:45:00,93.2,27,85,31.0,0,0,0
2026-09-01 13:50:00,93.0,28,82,31.5,0,0,0
2026-09-01 13:55:00,89.1,37,82,32.5,0,0,0
2026-09-01 14:00:00,86.7,23,83,35.7,0,0,0
2026-09-01 14:05:00,86.6,90,88,37.4,0,0,0
2026-09-01 14:10:00,97.0,45,85,29.3,0,0,0
2026-09-01 14:15:00,94.6,50,85,31.1,0,0,0
2026-09-01 14:20:00,92.0,31,83,31.8,0,0,0
2026-09-01 14:25:00,92.5,31,88,30.1,0,0,0
2026-09-01 14:30:00,91.8,63,85,33.2,0,0,0
2026-09-01 14:35:00,90.2,39,84,31.8,0,0,0
2026-09-01 14:40:00,90.2,40,85,34.4,0,0,0
2026-09-01 14:45:00,89.5,24,83,37.5,0,0,0
2026-09-01 14:50:00,83.4,36,86,32.4,0,0,0
2026-09-01 14:55:00,79.8,41,85,32.6,0,0,0
2026-09-01 15:00:00,80.3,25,83,32.1,0,0,0
2026-09-01 15:05:00,80.4,33,84,31.5,0,0,0
2026-09-01 15:10:00,78.2,77,85,32.0,0,0,0
2026-09-01 15:15:00,77.8,45,82,32.3,0,0,0
2026-09-01 15:20:00,72.9,70,85,32.1,0,0,0
2026-09-01 15:25:00,72.9,137,89,34.4,0,0,0
2026-09-01 15:30:00,71.9,31,85,36.0,0,0,0
2026-09-01 15:35:00,71.7,52,84,36.2,0,0,0
2026-09-01 15:40:00,72.9,62,86,33.7,0,0,0
2026-09-01 15:45:00,73.8,18,84,33.1,0,0,0
2026-09-01 15:50:00,67.0,77,82,34.0,0,0,0
2026-09-01 15:55:00,69.5,85,83,34.2,0,0,0
2026-09-01 16:00:00,65.9,89,90,30.0,0,0,0
2026-09-01 16:05:00,66.4,61,85,33.1,0,0,0
2026-09-01 16:10:00,68.2,53,86,37.2,0,0,0
2026-09-01 16:15:00,68.9,31,81,30.2,0,0,0
2026-09-01 16:20:00,68.1,65,86,29.4,0,0,0
2026-09-01 16:25:00,69.3,77,86,36.8,0,0,0
2026-09-01 16:30:00,69.6,27,83,32.7,0,0,0
2026-09-01 16:35:00,70.8,26,81,31.9,0,0,0
2026-09-01 16:40:00,72.8,47,88,35.0,0,0,0
2026-09-01 16:45:00,71.2,37,84,31.5,0,0,0
2026-09-01 16:50:00,72.3,75,89,32.4,0,0,0
2026-09-01 16:55:00,74.4,25,82,31.8,0,0,0
2026-09-01 17:00:00,76.0,41,81,33.6,0,0,0
2026-09-01 17:05:00,75.3,40,84,35.1,0,0,0
2026-09-01 17:10:00,75.7,47,82,34.7,0,0,0
2026-09-01 17:15:00,73.5,38,80,32.6,0,0,0
2026-09-01 17:20:00,74.3,38,86,34.0,0,0,0
2026-09-01 17:25:00,78.2,41,88,31.7,0,15,35
2026-09-01 17:30:00,84.1,52,90,36.1,0,0,0
2026-09-01 17:35:00,81.8,79,92,31.5,0,0,0
2026-09-01 17:40:00,79.2,461,114,32.1,0,0,0
2026-09-01 17:45:00,80.4,511,115,32.0,0,0,0
2026-09-01 17:50:00,78.3,39,85,36.0,0,0,0
2026-09-01 17:55:00,80.3,87,80,35.7,0,0,0
2026-09-01 18:00:00,78.8,89,88,31.1,0,0,0
2026-09-01 18:05:00,80.5,28,81,32.4,0,0,0
2026-09-01 18:10:00,78.5,54,88,33.4,0,0,0
2026-09-01 18:15:00,79.4,74,83,34.8,0,0,0
2026-09-01 18:20:00,78.2,64,82,33.7,0,0,0
2026-09-01 18:25:00,76.7,57,85,31.9,0,0,0
2026-09-01 18:30:00,76.6,100,89,33.1,0,0,0
2026-09-01 18:35:00,77.1,68,87,32.1,0,0,0
2026-09-01 18:40:00,77.7,43,81,35.5,0,0,0
2026-09-01 18:45:00,78.0,33,83,31.7,0,0,0
2026-09-01 18:50:00,77.9,40,84,31.8,0,0,0
2026-09-01 18:55:00,77.8,40,83,30.2,0,0,0
2026-09-01 19:00:00,75.6,58,85,32.8,0,0,0
2026-09-01 19:05:00,76.0,96,89,29.0,0,0,0
2026-09-01 19:10:00,76.3,50,82,33.6,0,0,0
2026-09-01 19:15:00,81.3,93,85,32.2,0,0,0
2026-09-01 19:20:00,95.7,57,83,34.9,0,0,0
2026-09-01 19:25:00,93.1,27,80,35.8,0,0,0
2026-09-01 19:30:00,94.4,42,82,36.1,0,0,0
2026-09-01 19:35:00,93.8,32,85,34.5,0,0,0
2026-09-01 19:40:00,93.0,34,83,31.7,0,0,0
2026-09-01 19:45:00,91.6,23,82,32.4,0,0,0
2026-09-01 19:50:00,92.3,56,85,35.7,0,0,0
2026-09-01 19:55:00,92.7,32,81,28.3,0,0,0
2026-09-01 20:00:00,89.9,48,83,28.9,0,0,0
2026-09-01 20:05:00,90.2,92,85,30.9,0,0,0
2026-09-01 20:10:00,91.5,41,80,30.6,0,0,0
2026-09-01 20:15:00,91.7,51,85,30.6,0,0,0
2026-09-01 20:20:00,93.0,29,83,29.7,0,0,0
2026-09-01 20:25:00,90.4,53,87,33.0,0,0,0
2026-09-01 20:30:00,92.8,38,85,33.3,0,0,0
2026-09-01 20:35:00,96.1,34,83,33.1,0,0,0
2026-09-01 20:40:00,97.6,42,82,31.6,0,0,0
2026-09-01 20:45:00,97.4,65,86,31.9,0,0,0
2026-09-01 20:50:00,96.7,25,81,32.7,0,0,0
2026-09-01 20:55:00,99.5,32,82,30.5,0,0,0
2026-09-01 21:00:00,100.1,18,82,34.0,0,0,0
2026-09-01 21:05:00,97.4,42,88,33.2,0,63,50
2026-09-01 21:10:00,96.2,58,87,30.9,0,0,0
2026-09-01 21:15:00,96.1,53,90,37.1,0,0,0
2026-09-01 21:20:00,96.2,513,116,34.7,0,0,0
2026-09-01 21:25:00,96.7,511,112,30.3,0,0,0
2026-09-01 21:30:00,96.1,36,83,33.7,0,0,0
2026-09-01 21:35:00,90.4,73,83,31.9,0,0,0
2026-09-01 21:40:00,91.6,38,79,33.6,0,0,0
2026-09-01 21:45:00,92.6,41,80,32.1,0,0,0
2026-09-01 21:50:00,89.8,43,85,32.0,0,0,0
2026-09-01 21:55:00,83.8,58,81,29.6,0,0,0
2026-09-01 22:00:00,81.5,47,82,34.1,0,0,0
2026-09-01 22:05:00,80.1,35,85,34.1,0,0,0
2026-09-01 22:10:00,79.9,20,80,32.3,0,0,0
2026-09-01 22:15:00,77.2,57,82,32.8,0,0,0
2026-09-01 22:20:00,73.5,58,83,30.8,0,0,0
2026-09-01 22:25:00,71.0,45,84,31.8,0,0,0
2026-09-01 22:30:00,72.9,59,84,31.2,0,0,0
2026-09-01 22:35:00,72.5,66,84,33.4,0,0,0
2026-09-01 22:40:00,75.2,44,86,36.2,0,0,0
2026-09-01 22:45:00,76.1,45,89,29.6,0,0,0
2026-09-01 22:50:00,77.6,70,83,32.1,0,0,0
2026-09-01 22:55:00,77.6,0,76,56.6,1,0,0
2026-09-01 23:00:00,74.8,0,75,55.1,1,0,0
2026-09-01 23:05:00,75.2,0,72,58.8,1,0,0
2026-09-01 23:10:00,72.2,0,73,56.4,1,0,0
2026-09-01 23:15:00,69.8,1,72,55.6,1,0,0
2026-09-01 23:20:00,70.8,0,72,52.3,1,0,0
2026-09-01 23:25:00,71.9,0,73,51.2,1,0,0
2026-09-01 23:30:00,72.1,0,72,52.4,1,0,0
2026-09-01 23:35:00,72.6,0,71,51.2,1,0,0
2026-09-01 23:40:00,72.3,1,72,54.2,1,0,0
2026-09-01 23:45:00,74.0,0,75,53.5,1,0,0
2026-09-01 23:50:00,72.8,0,74,54.0,1,0,0
2026-09-01 23:55:00,70.8,0,72,53.5,1,0,0
2026-09-02 00:00:00,68.9,0,74,53.2,1,0,0
2026-09-02 00:05:00,69.1,1,72,55.8,1,0,0
2026-09-02 00:10:00,71.4,0,74,55.2,1,0,0
2026-09-02 00:15:00,71.3,0,73,55.8,1,0,0
2026-09-02 00:20:00,72.0,2,74,49.9,1,0,0
2026-09-02 00:25:00,72.4,1,74,51.2,1,0,0
2026-09-02 00:30:00,70.9,0,72,55.5,1,0,0
2026-09-02 00:35:00,69.0,0,75,52.6,1,0,0
2026-09-02 00:40:00,71.6,0,76,51.0,1,0,0
2026-09-02 00:45:00,71.5,0,70,51.7,1,0,0
2026-09-02 00:50:00,72.3,0,72,49.7,1,0,0
2026-09-02 00:55:00,74.3,0,73,53.8,1,0,0
2026-09-02 01:00:00,75.9,0,72,50.1,1,0,0
2026-09-02 01:05:00,74.0,0,73,55.6,1,0,0
2026-09-02 01:10:00,78.1,1,76,54.8,1,0,0
2026-09-02 01:15:00,76.7,0,74,51.7,1,0,0
2026-09-02 01:20:00,77.4,0,71,53.3,1,0,0
2026-09-02 01:25:00,78.3,1,74,53.3,1,0,0
2026-09-02 01:30:00,79.7,0,73,52.8,1,0,0
2026-09-02 01:35:00,79.1,0,70,50.3,1,0,0
2026-09-02 01:40:00,79.9,0,76,58.1,1,0,0
2026-09-02 01:45:00,79.3,1,75,48.8,1,0,0
2026-09-02 01:50:00,77.4,1,75,52.9,1,0,0
2026-09-02 01:55:00,79.4,1,78,50.7,1,0,0
2026-09-02 02:00:00,81.0,0,73,53.9,1,0,0
2026-09-02 02:05:00,80.5,0,78,55.7,1,0,0
2026-09-02 02:10:00,80.6,0,75,53.0,1,0,0
2026-09-02 02:15:00,80.9,0,75,53.0,1,0,0
2026-09-02 02:20:00,83.8,0,75,51.7,1,0,0
2026-09-02 02:25:00,83.6,0,73,55.9,1,0,0
2026-09-02 02:30:00,84.2,0,74,52.9,1,0,0
2026-09-02 02:35:00,82.6,0,75,50.7,1,0,0
2026-09-02 02:40:00,81.6,0,72,55.2,1,0,0
2026-09-02 02:45:00,82.0,0,73,52.5,1,0,0
2026-09-02 02:50:00,82.2,0,72,54.9,1,0,0
2026-09-02 02:55:00,84.6,1,77,55.2,1,0,0
2026-09-02 03:00:00,78.9,0,72,55.3,1,0,0
2026-09-02 03:05:00,97.7,0,70,51.8,1,0,0
2026-09-02 03:10:00,101.1,1,76,52.4,1,0,0
2026-09-02 03:15:00,100.7,0,73,57.3,1,0,0
2026-09-02 03:20:00,101.5,0,74,54.0,1,0,0
2026-09-02 03:25:00,107.9,0,75,54.0,1,0,0
2026-09-02 03:30:00,106.5,0,75,54.5,1,0,0
2026-09-02 03:35:00,107.4,1,74,51.6,1,0,0
2026-09-02 03:40:00,106.8,0,71,52.2,1,0,0
2026-09-02 03:45:00,106.2,0,69,52.8,1,0,0
2026-09-02 03:50:00,106.9,0,70,49.7,1,0,0
2026-09-02 03:55:00,106.8,0,74,53.9,1,0,0
2026-09-02 04:00:00,104.5,1,75,56.7,1,0,0
2026-09-02 04:05:00,105.6,1,74,51.0,1,0,0
2026-09-02 04:10:00,106.3,0,73,55.2,1,0,0
2026-09-02 04:15:00,107.5,0,72,54.4,1,0,0
2026-09-02 04:20:00,106.7,0,75,52.9,1,0,0
2026-09-02 04:25:00,110.7,1,72,53.7,1,0,0
2026-09-02 04:30:00,109.4,0,70,54.7,1,0,0
2026-09-02 04:35:00,111.1,0,74,54.1,1,0,0
2026-09-02 04:40:00,107.5,0,70,53.6,1,0,0
2026-09-02 04:45:00,107.6,0,72,52.3,1,0,0
2026-09-02 04:50:00,104.9,0,75,56.6,1,0,0
2026-09-02 04:55:00,104.5,0,71,57.1,1,0,0
2026-09-02 05:00:00,101.6,0,78,56.9,1,0,0
2026-09-02 05:05:00,103.0,1,74,53.0,1,0,0
2026-09-02 05:10:00,100.2,1,73,52.0,1,0,0
2026-09-02 05:15:00,98.8,0,71,57.6,1,0,0
2026-09-02 05:20:00,97.5,2,75,54.5,1,0,0
2026-09-02 05:25:00,97.6,0,75,51.5,1,0,0
2026-09-02 05:30:00,96.4,0,73,57.0,1,0,0
2026-09-02 05:35:00,97.1,0,73,51.1,1,0,0
2026-09-02 05:40:00,97.9,0,73,55.1,1,0,0
2026-09-02 05:45:00,98.8,0,71,52.9,1,0,0
2026-09-02 05:50:00,98.3,0,70,58.4,1,0,0
2026-09-02 05:55:00,97.6,0,75,54.8,1,0,0
2026-09-02 06:00:00,99.0,0,74,51.9,1,0,0
2026-09-02 06:05:00,98.3,1,73,54.2,1,0,0
2026-09-02 06:10:00,95.2,0,78,54.3,1,0,0
2026-09-02 06:15:00,98.3,0,68,55.5,1,0,0
2026-09-02 06:20:00,100.1,0,73,50.5,1,0,0
2026-09-02 06:25:00,101.3,59,84,32.5,0,0,0
2026-09-02 06:30:00,100.3,39,80,29.2,0,0,0
2026-09-02 06:35:00,103.2,34,80,32.4,0,0,0
2026-09-02 06:40:00,104.6,26,83,32.6,0,0,0
2026-09-02 06:45:00,104.8,50,83,31.8,0,0,0
2026-09-02 06:50:00,105.0,29,83,32.6,0,0,0
2026-09-02 06:55:00,104.4,37,81,31.7,0,0,0
2026-09-02 07:00:00,102.9,32,84,31.0,0,0,0
2026-09-02 07:05:00,102.2,41,84,33.7,0,0,0
2026-09-02 07:10:00,103.8,22,83,31.7,0,0,0
2026-09-02 07:15:00,104.0,68,84,37.3,0,0,0
2026-09-02 07:20:00,101.4,122,93,31.4,0,0,0
2026-09-02 07:25:00,101.0,46,83,36.4,0,0,0
2026-09-02 07:30:00,101.8,56,83,34.0,0,0,0
2026-09-02 07:35:00,99.3,48,84,31.4,0,0,0
2026-09-02 07:40:00,96.7,53,85,32.4,0,0,0
2026-09-02 07:45:00,96.7,41,87,32.7,0,27,55
2026-09-02 07:50:00,97.6,27,87,31.5,0,0,0
2026-09-02 07:55:00,99.7,54,87,33.8,0,0,0
2026-09-02 08:00:00,99.9,361,104,34.4,0,0,0
2026-09-02 08:05:00,99.3,382,107,32.1,0,0,0
2026-09-02 08:10:00,96.0,40,87,31.2,0,0,0
2026-09-02 08:15:00,96.2,22,81,33.5,0,0,0
2026-09-02 08:20:00,102.0,82,89,30.7,0,0,0
2026-09-02 08:25:00,96.4,39,79,32.0,0,0,0
2026-09-02 08:30:00,94.2,48,84,30.8,0,0,0
2026-09-02 08:35:00,95.0,60,85,33.3,0,0,0
2026-09-02 08:40:00,96.2,48,84,32.2,0,0,0
2026-09-02 08:45:00,97.0,55,88,32.7,0,0,0
2026-09-02 08:50:00,92.2,19,82,34.5,0,0,0
2026-09-02 08:55:00,90.7,45,84,33.6,0,0,0
2026-09-02 09:00:00,91.0,35,78,31.5,0,0,0
2026-09-02 09:05:00,87.6,45,85,32.0,0,0,0
2026-09-02 09:10:00,86.2,42,83,32.8,0,0,0
2026-09-02 09:15:00,85.0,30,81,36.3,0,0,0
2026-09-02 09:20:00,84.6,32,84,32.9,0,0,0
2026-09-02 09:25:00,86.0,42,82,33.0,0,0,0
2026-09-02 09:30:00,87.1,39,81,32.6,0,0,0
2026-09-02 09:35:00,84.9,25,84,32.5,0,0,0
2026-09-02 09:40:00,88.4,52,82,32.1,0,0,0
2026-09-02 09:45:00,86.8,129,88,33.4,0,0,0
2026-09-02 09:50:00,87.9,20,84,30.9,0,0,0
2026-09-02 09:55:00,89.6,24,80,32.1,0,0,0
2026-09-02 10:00:00,90.0,41,84,34.4,0,0,0
2026-09-02 10:05:00,88.9,26,85,33.0,0,0,0
2026-09-02 10:10:00,89.3,46,83,33.1,0,0,0
2026-09-02 10:15:00,86.8,21,81,30.7,0,0,0
2026-09-02 10:20:00,87.4,18,81,31.7,0,0,0
2026-09-02 10:25:00,85.2,27,85,35.7,0,0,0
2026-09-02 10:30:00,85.5,35,82,35.0,0,0,0
2026-09-02 10:35:00,87.8,55,83,31.1,0,0,0
2026-09-02 10:40:00,88.1,34,83,30.7,0,0,0
2026-09-02 10:45:00,90.3,61,86,35.3,0,0,0
2026-09-02 10:50:00,90.5,44,84,36.9,0,0,0
2026-09-02 10:55:00,90.7,44,82,31.7,0,0,0
2026-09-02 11:00:00,89.5,31,84,30.2,0,0,0
2026-09-02 11:05:00,85.7,64,85,31.8,0,0,0
2026-09-02 11:10:00,87.6,14,84,33.7,0,0,0
2026-09-02 11:15:00,86.2,44,82,35.3,0,0,0
2026-09-02 11:20:00,89.5,38,87,33.4,0,0,0
2026-09-02 11:25:00,84.4,42,85,31.8,0,0,0
2026-09-02 11:30:00,84.9,53,83,36.5,0,0,0
2026-09-02 11:35:00,85.9,64,86,29.9,0,0,0
2026-09-02 11:40:00,83.9,67,89,33.9,0,0,0
2026-09-02 11:45:00,83.7,52,85,29.3,0,0,0
2026-09-02 11:50:00,84.4,44,83,33.8,0,0,0
2026-09-02 11:55:00,84.1,37,82,30.2,0,0,0
2026-09-02 12:00:00,85.7,68,84,32.1,0,0,0
2026-09-02 12:05:00,84.7,41,82,33.2,0,0,0
2026-09-02 12:10:00,83.8,37,82,31.7,0,0,0
2026-09-02 12:15:00,82.5,71,86,33.2,0,0,0
2026-09-02 12:20:00,81.2,19,81,33.7,0,0,0
2026-09-02 12:25:00,82.8,46,81,34.5,0,0,0
2026-09-02 12:30:00,82.1,28,80,35.5,0,0,0
2026-09-02 12:35:00,81.8,22,82,30.4,0,0,0
2026-09-02 12:40:00,80.2,54,85,30.2,0,0,0
2026-09-02 12:45:00,82.2,98,86,31.5,0,0,0
2026-09-02 12:50:00,80.5,51,85,31.5,0,0,0
2026-09-02 12:55:00,80.1,89,89,33.2,0,0,0
2026-09-02 13:00:00,83.4,33,81,36.7,0,0,0
2026-09-02 13:05:00,80.8,59,83,35.3,0,0,0
2026-09-02 13:10:00,80.5,39,81,32.6,0,0,0
2026-09-02 13:15:00,77.5,38,82,33.8,0,0,0
2026-09-02 13:20:00,77.7,59,88,31.2,0,47,50
2026-09-02 13:25:00,80.4,27,85,33.7,0,0,0
2026-09-02 13:30:00,81.5,41,88,31.4,0,0,0
2026-09-02 13:35:00,80.6,552,118,35.2,0,0,0
2026-09-02 13:40:00,81.3,569,115,36.5,0,0,0
2026-09-02 13:45:00,89.8,31,87,35.2,0,0,0
2026-09-02 13:50:00,88.2,43,79,33.3,0,0,0
2026-09-02 13:55:00,87.2,43,84,33.9,0,0,0
2026-09-02 14:00:00,88.4,30,83,32.3,0,0,0
2026-09-02 14:05:00,90.2,40,85,30.9,0,0,0
2026-09-02 14:10:00,90.5,23,84,34.1,0,0,0
2026-09-02 14:15:00,93.0,68,86,30.6,0,0,0
2026-09-02 14:20:00,93.3,36,82,35.5,0,0,0
2026-09-02 14:25:00,91.8,36,85,35.2,0,0,0
2026-09-02 14:30:00,94.7,49,85,32.9,0,0,0
2026-09-02 14:35:00,95.9,20,83,33.0,0,0,0
2026-09-02 14:40:00,94.6,42,85,34.1,0,0,0
2026-09-02 14:45:00,91.2,67,85,35.5,0,0,0
2026-09-02 14:50:00,91.6,44,85,33.3,0,0,0
2026-09-02 14:55:00,88.6,28,83,32.8,0,0,0
2026-09-02 15:00:00,87.3,16,85,30.3,0,0,0
2026-09-02 15:05:00,84.3,50,81,32.1,0,0,0
2026-09-02 15:10:00,82.3,49,84,33.3,0,0,0
2026-09-02 15:15:00,83.3,73,83,29.9,0,0,0
2026-09-02 15:20:00,84.0,61,87,30.7,0,0,0
2026-09-02 15:25:00,84.2,96,89,32.2,0,0,0
2026-09-02 15:30:00,85.7,42,84,36.0,0,0,0
2026-09-02 15:35:00,84.2,82,85,33.8,0,0,0
2026-09-02 15:40:00,86.0,64,82,34.1,0,0,0
2026-09-02 15:45:00,87.1,30,84,32.8,0,0,0
2026-09-02 15:50:00,85.9,77,87,32.8,0,0,0
2026-09-02 15:55:00,85.9,34,85,34.7,0,0,0
2026-09-02 16:00:00,86.5,57,86,29.9,0,0,0
2026-09-02 16:05:00,85.9,30,83,35.7,0,0,0
2026-09-02 16:10:00,84.8,38,79,30.9,0,0,0
2026-09-02 16:15:00,80.3,59,84,37.1,0,0,0
2026-09-02 16:20:00,77.6,66,88,33.7,0,0,0
2026-09-02 16:25:00,77.8,70,82,30.4,0,0,0
2026-09-02 16:30:00,75.4,23,84,34.3,0,0,0
2026-09-02 16:35:00,77.8,65,84,29.9,0,0,0
2026-09-02 16:40:00,76.5,57,84,31.5,0,0,0
2026-09-02 16:45:00,77.1,57,86,29.6,0,0,0
2026-09-02 16:50:00,80.1,47,82,32.2,0,0,0
2026-09-02 16:55:00,82.6,30,85,32.2,0,0,0
2026-09-02 17:00:00,81.1,77,87,32.8,0,0,0
2026-09-02 17:05:00,78.1,63,85,29.6,0,0,0
2026-09-02 17:10:00,77.4,48,82,33.6,0,0,0
2026-09-02 17:15:00,80.1,59,81,32.1,0,0,0
2026-09-02 17:20:00,84.0,61,84,33.3,0,0,0
2026-09-02 17:25:00,82.6,46,84,36.7,0,0,0
2026-09-02 17:30:00,80.1,66,88,34.2,0,0,0
2026-09-02 17:35:00,77.7,38,86,32.0,0,0,0
2026-09-02 17:40:00,75.6,37,84,31.5,0,0,0
2026-09-02 17:45:00,75.3,42,84,30.6,0,0,0
2026-09-02 17:50:00,73.1,68,86,34.2,0,0,0
2026-09-02 17:55:00,70.5,72,83,32.4,0,0,0
2026-09-02 18:00:00,66.4,36,87,31.6,0,0,0
2026-09-02 18:05:00,65.2,16,80,30.9,0,0,0
2026-09-02 18:10:00,60.8,51,83,32.5,0,0,0
2026-09-02 18:15:00,54.6,53,84,33.4,0,0,0
2026-09-02 18:20:00,51.4,70,87,34.3,0,0,0
2026-09-02 18:25:00,51.0,76,85,32.9,0,0,0
2026-09-02 18:30:00,48.8,34,85,34.8,0,0,0
2026-09-02 18:35:00,49.2,28,83,31.5,0,0,0
2026-09-02 18:40:00,49.5,85,84,34.2,0,0,0
2026-09-02 18:45:00,49.2,37,85,36.0,0,0,0
2026-09-02 18:50:00,48.8,41,84,36.8,0,0,0
2026-09-02 18:55:00,49.2,56,80,31.3,0,0,0
2026-09-02 19:00:00,49.0,38,83,31.5,0,0,0
2026-09-02 19:05:00,48.8,68,86,33.0,0,0,0
2026-09-02 19:10:00,48.8,20,84,31.4,0,0,0
2026-09-02 19:15:00,51.5,70,86,31.7,0,0,0
2026-09-02 19:20:00,65.2,32,83,29.4,0,0,0
2026-09-02 19:25:00,65.4,36,83,33.6,0,0,0
2026-09-02 19:30:00,64.7,42,87,35.0,0,0,0
2026-09-02 19:35:00,64.2,371,103,32.3,0,0,0
2026-09-02 19:40:00,63.9,389,106,29.0,0,0,0
2026-09-02 19:45:00,63.4,49,86,36.0,0,0,0
2026-09-02 19:50:00,62.5,35,83,33.1,0,0,0
2026-09-02 19:55:00,62.0,35,80,35.3,0,0,0
2026-09-02 20:00:00,64.6,36,84,31.4,0,0,0
2026-09-02 20:05:00,64.9,66,83,35.8,0,0,0
2026-09-02 20:10:00,64.6,22,83,36.2,0,0,0
2026-09-02 20:15:00,61.3,30,81,35.4,0,0,0
2026-09-02 20:20:00,66.0,21,84,30.1,0,0,0
2026-09-02 20:25:00,65.9,18,85,30.9,0,0,0
2026-09-02 20:30:00,68.7,67,87,33.6,0,0,0
2026-09-02 20:35:00,72.0,72,83,34.0,0,0,0
2026-09-02 20:40:00,70.5,27,78,33.8,0,0,0
2026-09-02 20:45:00,71.6,58,89,31.8,0,0,0
2026-09-02 20:50:00,67.8,61,86,30.4,0,0,0
2026-09-02 20:55:00,68.6,49,81,35.0,0,0,0
2026-09-02 21:00:00,70.0,30,80,34.9,0,0,0
2026-09-02 21:05:00,68.9,29,83,34.9,0,0,0
2026-09-02 21:10:00,71.6,38,83,31.4,0,0,0
2026-09-02 21:15:00,70.5,44,81,32.0,0,0,0
2026-09-02 21:20:00,70.9,33,82,34.8,0,0,0
2026-09-02 21:25:00,75.4,80,86,30.8,0,0,0
2026-09-02 21:30:00,74.7,35,87,35.6,0,80,75
2026-09-02 21:35:00,76.0,58,87,34.6,0,0,0
2026-09-02 21:40:00,78.1,57,86,33.4,0,0,0
2026-09-02 21:45:00,80.7,523,114,31.6,0,0,0
2026-09-02 21:50:00,79.2,526,117,33.9,0,0,0
2026-09-02 21:55:00,77.6,62,90,36.4,0,0,0
2026-09-02 22:00:00,79.7,36,85,33.3,0,0,0
2026-09-02 22:05:00,75.6,54,85,33.6,0,0,0
2026-09-02 22:10:00,72.6,30,83,32.5,0,0,0
2026-09-02 22:15:00,71.5,18,81,32.6,0,0,0
2026-09-02 22:20:00,69.3,1,73,54.7,1,0,0
2026-09-02 22:25:00,66.2,0,74,53.3,1,0,0
2026-09-02 22:30:00,64.5,0,71,52.2,1,0,0
2026-09-02 22:35:00,64.8,1,75,56.4,1,0,0
2026-09-02 22:40:00,59.8,0,75,48.6,1,0,0
2026-09-02 22:45:00,61.6,1,75,54.1,1,0,0
2026-09-02 22:50:00,56.5,1,75,55.6,1,0,0
2026-09-02 22:55:00,56.3,0,73,52.4,1,0,0
2026-09-02 23:00:00,51.6,0,72,55.3,1,0,0
2026-09-02 23:05:00,54.9,1,73,50.9,1,0,0
2026-09-02 23:10:00,53.2,0,71,53.3,1,0,0
2026-09-02 23:15:00,49.3,1,75,57.9,1,0,0
2026-09-02 23:20:00,47.4,1,71,55.7,1,0,0
2026-09-02 23:25:00,46.7,0,72,51.0,1,0,0
2026-09-02 23:30:00,59.9,0,72,55.6,1,0,0
2026-09-02 23:35:00,59.0,0,75,51.6,1,0,0
2026-09-02 23:40:00,56.4,0,73,54.9,1,0,0
2026-09-02 23:45:00,55.7,0,74,55.7,1,0,0
2026-09-02 23:50:00,57.2,0,72,53.1,1,0,0
2026-09-02 23:55:00,52.2,0,70,53.6,1,0,0
2026-09-03 00:00:00,54.1,0,70,49.8,1,0,0
2026-09-03 00:05:00,54.6,0,73,51.7,1,0,0
2026-09-03 00:10:00,54.9,1,73,50.8,1,0,0
2026-09-03 00:15:00,55.9,1,73,52.4,1,0,0
2026-09-03 00:20:00,54.5,0,71,57.0,1,0,0
2026-09-03 00:25:00,54.2,0,75,54.7,1,0,0
2026-09-03 00:30:00,54.6,1,72,52.9,1,0,0
2026-09-03 00:35:00,54.3,0,74,56.3,1,0,0
2026-09-03 00:40:00,55.0,0,71,56.1,1,0,0
2026-09-03 00:45:00,55.7,1,76,53.0,1,0,0
2026-09-03 00:50:00,56.6,0,73,53.0,1,0,0
2026-09-03 00:55:00,52.5,0,74,55.4,1,0,0
2026-09-03 01:00:00,54.4,0,72,52.0,1,0,0
2026-09-03 01:05:00,54.3,1,74,53.1,1,0,0
2026-09-03 01:10:00,53.3,0,74,51.8,1,0,0
2026-09-03 01:15:00,52.8,1,77,53.6,1,0,0
2026-09-03 01:20:00,50.6,1,76,54.0,1,0,0
2026-09-03 01:25:00,51.9,0,69,57.3,1,0,0
2026-09-03 01:30:00,53.8,0,71,53.9,1,0,0
2026-09-03 01:35:00,55.5,0,73,57.6,1,0,0
2026-09-03 01:40:00,58.5,1,72,56.0,1,0,0
2026-09-03 01:45:00,60.1,0,78,53.4,1,0,0
2026-09-03 01:50:00,61.6,0,75,55.6,1,0,0
2026-09-03 01:55:00,61.6,0,75,54.0,1,0,0
2026-09-03 02:00:00,62.9,0,77,52.2,1,0,0
2026-09-03 02:05:00,66.3,0,72,54.9,1,0,0
2026-09-03 02:10:00,67.5,0,70,56.7,1,0,0
2026-09-03 02:15:00,67.2,0,78,55.8,1,0,0
2026-09-03 02:20:00,67.7,1,72,53.5,1,0,0
2026-09-03 02:25:00,70.7,0,71,51.4,1,0,0
2026-09-03 02:30:00,69.6,0,74,50.3,1,0,0
2026-09-03 02:35:00,65.8,1,76,54.3,1,0,0
2026-09-03 02:40:00,66.5,0,75,58.3,1,0,0
2026-09-03 02:45:00,66.0,0,73,52.4,1,0,0
2026-09-03 02:50:00,66.0,0,73,54.2,1,0,0
2026-09-03 02:55:00,67.4,0,74,54.8,1,0,0
2026-09-03 03:00:00,68.5,0,74,55.4,1,0,0
2026-09-03 03:05:00,67.1,0,74,52.9,1,0,0
2026-09-03 03:10:00,66.0,0,74,54.1,1,0,0
2026-09-03 03:15:00,68.4,0,77,53.9,1,0,0
2026-09-03 03:20:00,67.2,1,75,56.4,1,0,0
2026-09-03 03:25:00,70.0,0,75,54.4,1,0,0
2026-09-03 03:30:00,99.1,0,77,55.4,1,0,0
2026-09-03 03:35:00,99.9,0,73,53.6,1,0,0
2026-09-03 03:40:00,101.4,0,71,59.3,1,0,0
2026-09-03 03:45:00,100.8,0,69,53.5,1,0,0
2026-09-03 03:50:00,104.4,1,72,54.8,1,0,0
2026-09-03 03:55:00,105.4,0,76,52.1,1,0,0
2026-09-03 04:00:00,102.2,0,72,55.1,1,0,0
2026-09-03 04:05:00,102.4,0,71,52.9,1,0,0
2026-09-03 04:10:00,98.8,0,70,54.6,1,0,0
2026-09-03 04:15:00,102.1,0,76,53.7,1,0,0
2026-09-03 04:20:00,100.9,0,73,55.8,1,0,0
2026-09-03 04:25:00,99.2,2,73,56.7,1,0,0
2026-09-03 04:30:00,99.1,0,72,54.5,1,0,0
2026-09-03 04:35:00,100.5,0,74,55.9,1,0,0
2026-09-03 04:40:00,100.2,0,70,55.7,1,0,0
2026-09-03 04:45:00,103.2,0,74,55.2,1,0,0
2026-09-03 04:50:00,102.4,1,70,54.3,1,0,0
2026-09-03 04:55:00,106.1,0,78,54.0,1,0,0
2026-09-03 05:00:00,106.4,0,72,51.1,1,0,0
2026-09-03 05:05:00,107.2,1,73,56.4,1,0,0
2026-09-03 05:10:00,107.8,2,73,53.0,1,0,0
2026-09-03 05:15:00,108.1,0,74,54.9,1,0,0
2026-09-03 05:20:00,108.3,2,72,52.8,1,0,0
2026-09-03 05:25:00,106.2,0,72,54.1,1,0,0
2026-09-03 05:30:00,109.6,0,74,56.5,1,0,0
2026-09-03 05:35:00,104.3,0,71,52.2,1,0,0
2026-09-03 05:40:00,104.2,0,73,54.4,1,0,0
2026-09-03 05:45:00,104.2,0,72,52.3,1,0,0
2026-09-03 05:50:00,100.2,0,73,51.3,1,0,0
2026-09-03 05:55:00,101.9,0,75,51.7,1,0,0
2026-09-03 06:00:00,100.5,1,74,55.3,1,0,0
2026-09-03 06:05:00,100.2,0,71,51.6,1,0,0
2026-09-03 06:10:00,102.9,1,74,50.4,1,0,0
2026-09-03 06:15:00,104.2,2,73,51.4,1,0,0
2026-09-03 06:20:00,100.4,0,72,53.2,1,0,0
2026-09-03 06:25:00,103.4,0,73,54.8,1,0,0
2026-09-03 06:30:00,105.4,0,74,52.7,1,0,0
2026-09-03 06:35:00,101.9,0,70,50.6,1,0,0
2026-09-03 06:40:00,102.2,2,77,51.6,1,0,0
2026-09-03 06:45:00,98.0,0,75,50.4,1,0,0
2026-09-03 06:50:00,98.4,0,73,51.7,1,0,0
2026-09-03 06:55:00,97.4,68,87,28.6,0,0,0
2026-09-03 07:00:00,94.6,40,82,34.0,0,0,0
2026-09-03 07:05:00,92.8,29,82,32.0,0,0,0
2026-09-03 07:10:00,92.1,66,85,34.0,0,0,0
2026-09-03 07:15:00,93.4,26,84,31.8,0,0,0
2026-09-03 07:20:00,94.7,39,84,32.2,0,0,0
2026-09-03 07:25:00,99.5,79,82,31.2,0,0,0
2026-09-03 07:30:00,96.9,26,83,31.4,0,0,0
2026-09-03 07:35:00,96.8,53,85,31.6,0,0,0
2026-09-03 07:40:00,97.0,30,83,32.8,0,0,0
2026-09-03 07:45:00,96.5,46,86,33.9,0,0,0
2026-09-03 07:50:00,95.5,34,91,32.6,0,33,50
2026-09-03 07:55:00,98.3,40,84,34.7,0,0,0
2026-09-03 08:00:00,99.6,51,86,35.0,0,0,0
2026-09-03 08:05:00,98.9,502,113,33.7,0,0,0
2026-09-03 08:10:00,93.9,487,117,33.2,0,0,0
2026-09-03 08:15:00,96.8,73,87,31.5,0,0,0
2026-09-03 08:20:00,93.8,61,88,30.1,0,0,0
2026-09-03 08:25:00,88.5,48,85,31.4,0,0,0
2026-09-03 08:30:00,86.6,25,82,32.0,0,0,0
2026-09-03 08:35:00,85.4,52,83,30.5,0,0,0
2026-09-03 08:40:00,88.5,36,83,33.7,0,0,0
2026-09-03 08:45:00,90.2,27,81,34.8,0,0,0
2026-09-03 08:50:00,88.6,33,84,30.3,0,0,0
2026-09-03 08:55:00,87.1,96,88,31.1,0,0,0
2026-09-03 09:00:00,87.1,17,82,32.6,0,0,0
2026-09-03 09:05:00,89.8,48,82,32.6,0,0,0
2026-09-03 09:10:00,92.4,18,84,32.4,0,0,0
2026-09-03 09:15:00,90.4,63,87,32.2,0,0,0
2026-09-03 09:20:00,91.2,47,84,32.1,0,0,0
2026-09-03 09:25:00,91.0,19,83,38.0,0,0,0
2026-09-03 09:30:00,90.2,57,85,33.6,0,0,0
2026-09-03 09:35:00,91.7,37,84,36.6,0,0,0
2026-09-03 09:40:00,88.1,71,85,33.4,0,0,0
2026-09-03 09:45:00,91.2,31,81,33.1,0,0,0
2026-09-03 09:50:00,88.4,26,85,34.2,0,0,0
2026-09-03 09:55:00,83.8,36,80,31.2,0,0,0
2026-09-03 10:00:00,83.8,46,83,34.1,0,0,0
2026-09-03 10:05:00,82.8,65,88,30.6,0,0,0
2026-09-03 10:10:00,81.7,66,85,32.9,0,0,0
2026-09-03 10:15:00,84.1,61,84,34.8,0,0,0
2026-09-03 10:20:00,85.6,38,84,36.0,0,0,0
2026-09-03 10:25:00,85.1,17,83,29.9,0,0,0
2026-09-03 10:30:00,82.6,40,79,33.6,0,0,0
2026-09-03 10:35:00,83.7,50,88,27.6,0,0,0
2026-09-03 10:40:00,82.6,19,86,28.9,0,0,0
2026-09-03 10:45:00,84.5,56,82,32.5,0,0,0
2026-09-03 10:50:00,86.2,70,83,31.2,0,0,0
2026-09-03 10:55:00,86.9,84,86,33.3,0,0,0
2026-09-03 11:00:00,87.2,39,83,33.0,0,0,0
2026-09-03 11:05:00,87.4,51,83,35.2,0,0,0
2026-09-03 11:10:00,90.1,78,85,35.1,0,0,0
2026-09-03 11:15:00,86.8,39,78,32.9,0,0,0
2026-09-03 11:20:00,85.5,56,84,31.4,0,0,0
2026-09-03 11:25:00,82.1,38,81,29.4,0,0,0
2026-09-03 11:30:00,78.7,34,84,32.0,0,0,0
2026-09-03 11:35:00,79.4,48,83,30.1,0,0,0
2026-09-03 11:40:00,79.8,49,84,30.9,0,0,0
2026-09-03 11:45:00,78.5,53,84,34.7,0,0,0
2026-09-03 11:50:00,79.5,19,81,34.9,0,0,0
2026-09-03 11:55:00,77.2,33,79,35.0,0,0,0
2026-09-03 12:00:00,77.3,49,85,30.0,0,0,0
2026-09-03 12:05:00,73.3,58,82,32.7,0,0,0
2026-09-03 12:10:00,73.6,41,81,30.7,0,0,0
2026-09-03 12:15:00,72.9,50,85,33.4,0,0,0
2026-09-03 12:20:00,77.0,48,80,34.7,0,0,0
2026-09-03 12:25:00,77.8,40,84,33.4,0,0,0
2026-09-03 12:30:00,77.4,31,82,33.4,0,0,0
2026-09-03 12:35:00,77.8,23,82,31.2,0,0,0
2026-09-03 12:40:00,78.6,43,82,31.4,0,0,0
2026-09-03 12:45:00,82.2,33,85,29.9,0,0,0
2026-09-03 12:50:00,85.9,44,83,30.6,0,0,0
2026-09-03 12:55:00,83.7,61,86,34.4,0,0,0
2026-09-03 13:00:00,80.1,35,82,35.4,0,0,0
2026-09-03 13:05:00,77.6,71,84,34.7,0,0,0
2026-09-03 13:10:00,79.9,28,83,35.0,0,0,0
2026-09-03 13:15:00,85.9,38,83,34.3,0,0,0
2026-09-03 13:20:00,87.8,40,84,30.1,0,0,0
2026-09-03 13:25:00,85.4,44,85,31.2,0,0,0
2026-09-03 13:30:00,88.8,80,86,31.6,0,0,0
2026-09-03 13:35:00,88.7,23,84,30.7,0,0,0
2026-09-03 13:40:00,92.1,58,83,31.2,0,0,0
2026-09-03 13:45:00,94.1,50,83,34.5,0,0,0
2026-09-03 13:50:00,102.4,31,84,36.5,0,0,0
2026-09-03 13:55:00,101.0,61,84,36.8,0,0,0
2026-09-03 14:00:00,103.1,71,91,35.2,0,0,0
2026-09-03 14:05:00,102.4,50,87,31.7,0,52,50
2026-09-03 14:10:00,100.7,37,85,37.3,0,0,0
2026-09-03 14:15:00,103.4,67,88,32.6,0,0,0
2026-09-03 14:20:00,102.7,481,115,32.8,0,0,0
2026-09-03 14:25:00,100.0,490,112,32.3,0,0,0
2026-09-03 14:30:00,101.1,43,85,29.8,0,0,0
2026-09-03 14:35:00,100.4,74,84,32.3,0,0,0
2026-09-03 14:40:00,97.7,53,81,27.1,0,0,0
2026-09-03 14:45:00,94.8,26,82,28.9,0,0,0
2026-09-03 14:50:00,93.0,52,89,33.9,0,0,0
2026-09-03 14:55:00,92.3,12,79,30.1,0,0,0
2026-09-03 15:00:00,89.5,22,86,37.3,0,0,0
2026-09-03 15:05:00,84.7,69,81,31.8,0,0,0
2026-09-03 15:10:00,86.6,27,83,35.2,0,0,0
2026-09-03 15:15:00,87.1,47,78,31.9,0,0,0
2026-09-03 15:20:00,84.4,74,85,34.4,0,0,0
2026-09-03 15:25:00,80.3,19,83,33.0,0,0,0
2026-09-03 15:30:00,81.6,58,81,29.1,0,0,0
2026-09-03 15:35:00,80.3,30,86,34.1,0,0,0
2026-09-03 15:40:00,81.7,62,82,34.0,0,0,0
2026-09-03 15:45:00,81.9,27,79,30.0,0,0,0
2026-09-03 15:50:00,83.0,27,83,32.8,0,0,0
2026-09-03 15:55:00,83.0,16,81,33.4,0,0,0
2026-09-03 16:00:00,80.7,24,84,33.1,0,0,0
2026-09-03 16:05:00,79.4,28,85,32.5,0,0,0
2026-09-03 16:10:00,78.9,28,86,32.7,0,0,0
2026-09-03 16:15:00,76.7,20,83,32.8,0,0,0
2026-09-03 16:20:00,75.7,25,86,32.4,0,0,0
2026-09-03 16:25:00,77.7,36,84,33.0,0,0,0
2026-09-03 16:30:00,79.5,38,86,29.8,0,0,0
2026-09-03 16:35:00,76.3,118,92,32.4,0,0,0
2026-09-03 16:40:00,70.6,12,78,31.4,0,0,0
2026-09-03 16:45:00,73.7,66,85,34.6,0,0,0
2026-09-03 16:50:00,77.7,73,83,32.9,0,0,0
2026-09-03 16:55:00,74.4,28,83,32.0,0,0,0
2026-09-03 17:00:00,74.2,80,88,28.9,0,0,0
2026-09-03 17:05:00,74.8,26,81,32.7,0,0,0
2026-09-03 17:10:00,76.3,52,83,33.8,0,0,0
2026-09-03 17:15:00,76.1,59,84,35.1,0,0,0
2026-09-03 17:20:00,77.3,448,111,31.1,0,0,0
2026-09-03 17:25:00,77.7,459,110,34.0,0,0,0
2026-09-03 17:30:00,75.7,464,111,31.3,0,0,0
2026-09-03 17:35:00,73.7,38,83,34.3,0,0,0
2026-09-03 17:40:00,74.6,90,91,31.2,0,21,65
2026-09-03 17:45:00,76.0,43,88,32.2,0,0,0
2026-09-03 17:50:00,81.0,67,88,29.9,0,0,0
2026-09-03 17:55:00,82.2,33,87,28.9,0,0,0
2026-09-03 18:00:00,78.7,456,110,31.5,0,0,0
2026-09-03 18:05:00,79.9,431,111,31.3,0,0,0
2026-09-03 18:10:00,82.9,454,111,32.1,0,0,0
2026-09-03 18:15:00,79.1,53,84,31.0,0,0,0
2026-09-03 18:20:00,77.1,59,80,38.9,0,0,0
2026-09-03 18:25:00,77.5,53,87,35.5,0,0,0
2026-09-03 18:30:00,77.6,55,80,33.2,0,0,0
2026-09-03 18:35:00,77.8,71,86,30.9,0,0,0
2026-09-03 18:40:00,76.3,20,82,31.5,0,0,0
2026-09-03 18:45:00,74.6,30,86,35.6,0,0,0
2026-09-03 18:50:00,72.2,39,85,33.2,0,0,0
2026-09-03 18:55:00,74.4,46,82,34.2,0,0,0
2026-09-03 19:00:00,73.3,74,84,33.8,0,0,0
2026-09-03 19:05:00,75.4,16,79,32.1,0,0,0
2026-09-03 19:10:00,75.8,20,82,30.5,0,0,0
2026-09-03 19:15:00,74.4,511,113,34.4,0,0,0
2026-09-03 19:20:00,73.1,511,111,31.1,0,0,0
2026-09-03 19:25:00,71.5,539,114,31.5,0,0,0
2026-09-03 19:30:00,76.4,557,115,38.6,0,0,0
2026-09-03 19:35:00,76.5,45,81,31.1,0,0,0
2026-09-03 19:40:00,72.7,26,83,31.3,0,0,0
2026-09-03 19:45:00,71.5,32,84,32.2,0,0,0
2026-09-03 19:50:00,70.7,29,86,30.9,0,0,0
2026-09-03 19:55:00,73.6,31,85,30.2,0,0,0
2026-09-03 20:00:00,75.3,52,85,34.4,0,0,0
2026-09-03 20:05:00,89.5,55,81,31.2,0,0,0
2026-09-03 20:10:00,88.1,16,83,29.8,0,0,0
2026-09-03 20:15:00,88.5,133,86,33.5,0,0,0
2026-09-03 20:20:00,86.0,47,86,32.0,0,0,0
2026-09-03 20:25:00,86.1,30,83,31.6,0,0,0
2026-09-03 20:30:00,86.2,29,84,31.3,0,0,0
2026-09-03 20:35:00,87.4,50,87,31.7,0,91,70
2026-09-03 20:40:00,90.3,47,86,34.1,0,0,0
2026-09-03 20:45:00,87.3,46,85,31.0,0,0,0
2026-09-03 20:50:00,90.4,423,111,31.8,0,0,0
2026-09-03 20:55:00,88.8,444,110,30.0,0,0,0
2026-09-03 21:00:00,88.0,43,84,33.9,0,0,0
2026-09-03 21:05:00,90.7,79,84,29.4,0,0,0
2026-09-03 21:10:00,90.8,41,84,31.1,0,0,0
2026-09-03 21:15:00,89.1,24,80,31.8,0,0,0
2026-09-03 21:20:00,82.0,70,86,33.3,0,0,0
2026-09-03 21:25:00,81.5,78,88,36.0,0,0,0
2026-09-03 21:30:00,76.7,28,82,36.2,0,0,0
2026-09-03 21:35:00,76.3,28,83,32.6,0,0,0
2026-09-03 21:40:00,71.5,38,84,31.5,0,0,0
2026-09-03 21:45:00,69.0,32,86,31.9,0,0,0
2026-09-03 21:50:00,64.3,58,83,34.8,0,0,0
2026-09-03 21:55:00,63.4,29,84,30.6,0,0,0
2026-09-03 22:00:00,61.5,31,82,31.7,0,0,0
2026-09-03 22:05:00,54.2,60,84,34.1,0,0,0
2026-09-03 22:10:00,49.3,40,81,31.7,0,0,0
2026-09-03 22:15:00,45.3,85,82,33.5,0,0,0
2026-09-03 22:20:00,45.0,64,88,32.3,0,0,0
2026-09-03 22:25:00,46.4,37,83,33.4,0,0,0
2026-09-03 22:30:00,44.3,164,91,34.6,0,0,0
2026-09-03 22:35:00,41.8,43,83,33.3,0,0,0
2026-09-03 22:40:00,42.3,70,87,31.6,0,0,0
2026-09-03 22:45:00,41.3,0,73,52.5,1,0,0
2026-09-03 22:50:00,40.9,0,78,52.0,1,0,0
2026-09-03 22:55:00,41.6,1,73,56.2,1,0,0
2026-09-03 23:00:00,42.0,0,74,53.8,1,0,0
2026-09-03 23:05:00,40.3,0,74,54.2,1,0,0
2026-09-03 23:10:00,40.8,0,75,55.6,1,0,0
2026-09-03 23:15:00,40.6,1,71,53.9,1,0,0
2026-09-03 23:20:00,44.9,0,73,56.5,1,0,0
2026-09-03 23:25:00,44.0,0,70,56.8,1,0,0
2026-09-03 23:30:00,42.8,1,72,51.5,1,0,0
2026-09-03 23:35:00,40.3,0,73,50.4,1,0,0
2026-09-03 23:40:00,49.2,0,72,56.7,1,0,0
2026-09-03 23:45:00,52.0,1,75,49.5,1,0,0
2026-09-03 23:50:00,53.4,1,71,56.0,1,0,0
2026-09-03 23:55:00,54.5,0,72,53.5,1,0,0
2026-09-04 00:00:00,53.7,0,74,52.6,1,0,0
2026-09-04 00:05:00,50.6,0,73,51.7,1,0,0
2026-09-04 00:10:00,48.6,1,73,50.5,1,0,0
2026-09-04 00:15:00,47.4,1,73,51.5,1,0,0
2026-09-04 00:20:00,49.0,0,72,53.9,1,0,0
2026-09-04 00:25:00,52.4,0,71,54.0,1,0,0
2026-09-04 00:30:00,53.9,1,76,52.5,1,0,0
2026-09-04 00:35:00,52.0,0,77,50.5,1,0,0
2026-09-04 00:40:00,52.0,0,71,56.9,1,0,0
2026-09-04 00:45:00,48.9,0,69,52.5,1,0,0
2026-09-04 00:50:00,48.2,0,73,53.4,1,0,0
2026-09-04 00:55:00,48.1,0,75,56.3,1,0,0
2026-09-04 01:00:00,48.7,0,73,49.9,1,0,0
2026-09-04 01:05:00,51.1,1,72,53.7,1,0,0
2026-09-04 01:10:00,49.2,0,73,54.9,1,0,0
2026-09-04 01:15:00,48.8,0,72,53.3,1,0,0
2026-09-04 01:20:00,50.8,1,73,54.9,1,0,0
2026-09-04 01:25:00,52.0,0,72,56.2,1,0,0
2026-09-04 01:30:00,51.3,0,71,56.4,1,0,0
2026-09-04 01:35:00,50.4,0,71,56.2,1,0,0
2026-09-04 01:40:00,52.9,0,73,53.3,1,0,0
2026-09-04 01:45:00,51.5,0,76,53.6,1,0,0
2026-09-04 01:50:00,49.8,1,71,55.3,1,0,0
2026-09-04 01:55:00,53.4,0,74,55.1,1,0,0
2026-09-04 02:00:00,49.8,0,74,54.4,1,0,0
2026-09-04 02:05:00,51.1,0,72,53.4,1,0,0
2026-09-04 02:10:00,55.9,0,71,55.9,1,0,0
2026-09-04 02:15:00,58.2,0,73,53.6,1,0,0
2026-09-04 02:20:00,59.2,1,73,53.0,1,0,0
2026-09-04 02:25:00,57.2,0,75,56.4,1,0,0
2026-09-04 02:30:00,61.4,0,76,52.4,1,0,0
2026-09-04 02:35:00,98.3,0,69,53.4,1,0,0
2026-09-04 02:40:00,97.7,0,73,52.1,1,0,0
2026-09-04 02:45:00,98.3,1,71,54.8,1,0,0
2026-09-04 02:50:00,96.4,0,72,55.9,1,0,0
2026-09-04 02:55:00,99.1,1,73,51.6,1,0,0
2026-09-04 03:00:00,96.5,1,74,54.7,1,0,0
2026-09-04 03:05:00,98.6,1,74,51.3,1,0,0
2026-09-04 03:10:00,97.3,0,71,53.0,1,0,0
2026-09-04 03:15:00,95.6,0,71,56.8,1,0,0
2026-09-04 03:20:00,94.6,0,72,52.3,1,0,0
2026-09-04 03:25:00,93.9,0,75,51.2,1,0,0
2026-09-04 03:30:00,93.7,0,75,55.1,1,0,0
2026-09-04 03:35:00,95.1,1,74,53.8,1,0,0
2026-09-04 03:40:00,95.4,0,73,53.4,1,0,0
2026-09-04 03:45:00,94.6,0,70,52.0,1,0,0
2026-09-04 03:50:00,94.8,0,72,52.3,1,0,0
2026-09-04 03:55:00,96.3,0,71,52.3,1,0,0
2026-09-04 04:00:00,94.2,0,71,52.1,1,0,0
2026-09-04 04:05:00,97.2,2,72,53.4,1,0,0
2026-09-04 04:10:00,96.9,0,74,52.7,1,0,0
2026-09-04 04:15:00,100.4,0,72,53.5,1,0,0
2026-09-04 04:20:00,101.6,0,71,51.5,1,0,0
2026-09-04 04:25:00,100.3,0,73,50.6,1,0,0
2026-09-04 04:30:00,102.5,1,75,52.0,1,0,0
2026-09-04 04:35:00,100.8,0,76,54.9,1,0,0
2026-09-04 04:40:00,101.1,0,71,55.1,1,0,0
2026-09-04 04:45:00,99.6,0,74,50.3,1,0,0
2026-09-04 04:50:00,99.9,2,75,55.9,1,0,0
2026-09-04 04:55:00,100.4,1,75,53.2,1,0,0
2026-09-04 05:00:00,99.0,1,75,52.1,1,0,0
2026-09-04 05:05:00,100.7,0,72,54.8,1,0,0
2026-09-04 05:10:00,101.8,0,71,51.3,1,0,0
2026-09-04 05:15:00,100.8,0,73,54.6,1,0,0
2026-09-04 05:20:00,98.8,0,75,51.4,1,0,0
2026-09-04 05:25:00,99.9,0,75,55.6,1,0,0
2026-09-04 05:30:00,98.8,0,73,59.0,1,0,0
2026-09-04 05:35:00,99.3,1,73,55.8,1,0,0
2026-09-04 05:40:00,102.3,0,72,51.0,1,0,0
2026-09-04 05:45:00,101.3,0,72,54.4,1,0,0
2026-09-04 05:50:00,103.2,0,71,57.7,1,0,0
2026-09-04 05:55:00,101.2,0,74,52.9,1,0,0
2026-09-04 06:00:00,99.1,1,74,49.0,1,0,0
2026-09-04 06:05:00,95.6,37,81,34.0,0,0,0
2026-09-04 06:10:00,96.7,88,87,35.7,0,0,0
2026-09-04 06:15:00,97.8,21,81,31.3,0,0,0
2026-09-04 06:20:00,96.1,83,87,32.0,0,0,0
2026-09-04 06:25:00,97.6,38,83,31.4,0,0,0
2026-09-04 06:30:00,99.3,53,84,32.5,0,0,0
2026-09-04 06:35:00,101.2,44,86,30.1,0,0,0
2026-09-04 06:40:00,99.9,88,84,34.6,0,0,0
2026-09-04 06:45:00,97.7,64,86,31.0,0,0,0
2026-09-04 06:50:00,95.2,18,85,35.8,0,0,0
2026-09-04 06:55:00,94.0,73,85,34.2,0,0,0
2026-09-04 07:00:00,93.6,52,87,35.3,0,0,0
2026-09-04 07:05:00,93.5,46,82,37.7,0,0,0
2026-09-04 07:10:00,93.3,67,84,32.0,0,0,0
2026-09-04 07:15:00,93.2,47,84,34.4,0,0,0
2026-09-04 07:20:00,95.6,68,86,31.8,0,0,0
2026-09-04 07:25:00,100.2,43,82,33.3,0,0,0
2026-09-04 07:30:00,100.0,120,87,31.1,0,0,0
2026-09-04 07:35:00,100.3,48,85,33.6,0,0,0
2026-09-04 07:40:00,95.0,42,85,32.8,0,0,0
2026-09-04 07:45:00,97.7,24,84,34.5,0,0,0
2026-09-04 07:50:00,98.3,51,82,34.2,0,0,0
2026-09-04 07:55:00,101.0,32,84,33.4,0,0,0
2026-09-04 08:00:00,99.0,31,81,31.2,0,0,0
2026-09-04 08:05:00,104.2,86,86,30.7,0,0,0
2026-09-04 08:10:00,105.4,40,89,34.1,0,36,50
2026-09-04 08:15:00,103.4,55,88,31.9,0,0,0
2026-09-04 08:20:00,100.7,31,91,36.2,0,0,0
2026-09-04 08:25:00,100.3,392,108,30.0,0,0,0
2026-09-04 08:30:00,98.6,369,104,32.6,0,0,0
2026-09-04 08:35:00,98.5,63,89,33.0,0,0,0
2026-09-04 08:40:00,101.2,43,82,34.8,0,0,0
2026-09-04 08:45:00,100.5,134,87,31.5,0,0,0
2026-09-04 08:50:00,97.1,31,82,31.0,0,0,0
2026-09-04 08:55:00,98.5,36,83,31.2,0,0,0
2026-09-04 09:00:00,94.0,41,84,31.6,0,0,0
2026-09-04 09:05:00,92.2,46,85,36.9,0,0,0
2026-09-04 09:10:00,90.8,50,84,34.0,0,0,0
2026-09-04 09:15:00,86.3,50,85,34.2,0,0,0
2026-09-04 09:20:00,89.3,37,82,34.0,0,0,0
2026-09-04 09:25:00,90.4,39,83,32.9,0,0,0
2026-09-04 09:30:00,83.9,36,82,35.9,0,0,0
2026-09-04 09:35:00,80.7,34,83,34.9,0,0,0
2026-09-04 09:40:00,82.5,30,81,33.1,0,0,0
2026-09-04 09:45:00,80.9,33,83,30.5,0,0,0
2026-09-04 09:50:00,78.8,40,84,29.5,0,0,0
2026-09-04 09:55:00,80.3,81,84,33.8,0,0,0
2026-09-04 10:00:00,74.7,77,84,36.5,0,0,0
2026-09-04 10:05:00,73.7,61,86,36.0,0,0,0
2026-09-04 10:10:00,73.3,25,88,34.3,0,0,0
2026-09-04 10:15:00,75.5,41,81,32.2,0,0,0
2026-09-04 10:20:00,76.3,75,86,30.5,0,0,0
2026-09-04 10:25:00,77.9,29,81,33.3,0,0,0
2026-09-04 10:30:00,76.6,25,84,34.1,0,0,0
2026-09-04 10:35:00,72.7,101,85,34.8,0,0,0
2026-09-04 10:40:00,76.0,41,82,31.9,0,0,0
2026-09-04 10:45:00,79.6,38,82,29.8,0,0,0
2026-09-04 10:50:00,79.0,43,86,34.2,0,0,0
2026-09-04 10:55:00,77.7,45,85,32.7,0,0,0
2026-09-04 11:00:00,80.3,42,81,35.1,0,0,0
2026-09-04 11:05:00,79.2,82,86,31.7,0,0,0
2026-09-04 11:10:00,79.4,64,85,32.7,0,0,0
2026-09-04 11:15:00,78.8,63,86,31.4,0,0,0
2026-09-04 11:20:00,81.9,51,85,30.5,0,0,0
2026-09-04 11:25:00,82.5,38,82,31.0,0,0,0
2026-09-04 11:30:00,78.8,67,83,34.1,0,0,0
2026-09-04 11:35:00,76.7,40,83,36.0,0,0,0
2026-09-04 11:40:00,75.3,67,85,33.6,0,0,0
2026-09-04 11:45:00,75.9,42,83,32.3,0,0,0
2026-09-04 11:50:00,75.8,72,85,35.7,0,0,0
2026-09-04 11:55:00,76.4,36,85,29.6,0,0,0
2026-09-04 12:00:00,76.1,40,84,31.3,0,0,0
2026-09-04 12:05:00,74.6,61,85,33.9,0,0,0
2026-09-04 12:10:00,74.5,59,87,33.3,0,0,0
2026-09-04 12:15:00,75.4,16,82,33.7,0,0,0
2026-09-04 12:20:00,78.8,45,82,33.7,0,0,0
2026-09-04 12:25:00,79.7,46,81,33.1,0,0,0
2026-09-04 12:30:00,79.5,54,83,29.9,0,0,0
2026-09-04 12:35:00,80.6,35,86,32.0,0,0,0
2026-09-04 12:40:00,82.0,67,84,31.6,0,0,0
2026-09-04 12:45:00,84.4,92,88,28.9,0,0,0
2026-09-04 12:50:00,82.8,60,82,34.0,0,0,0
2026-09-04 12:55:00,83.0,58,83,33.5,0,0,0
2026-09-04 13:00:00,82.7,26,84,30.1,0,0,0
2026-09-04 13:05:00,83.2,59,84,32.6,0,0,0
2026-09-04 13:10:00,81.4,25,85,33.1,0,0,0
2026-09-04 13:15:00,84.2,28,83,33.5,0,0,0
2026-09-04 13:20:00,84.0,33,84,29.6,0,0,0
2026-09-04 13:25:00,84.6,52,83,35.1,0,0,0
2026-09-04 13:30:00,84.3,54,81,35.3,0,0,0
2026-09-04 13:35:00,83.8,71,84,28.8,0,0,0
2026-09-04 13:40:00,82.9,92,90,30.2,0,0,0
2026-09-04 13:45:00,81.9,76,85,30.9,0,0,0
2026-09-04 13:50:00,81.4,37,82,34.2,0,0,0
2026-09-04 13:55:00,80.6,42,83,35.0,0,0,0
2026-09-04 14:00:00,80.6,59,86,31.4,0,0,0
2026-09-04 14:05:00,80.7,60,85,33.9,0,0,0
2026-09-04 14:10:00,90.5,33,84,33.6,0,0,0
2026-09-04 14:15:00,91.0,24,83,31.3,0,53,50
2026-09-04 14:20:00,95.0,38,82,32.9,0,0,0
2026-09-04 14:25:00,94.5,44,87,36.0,0,0,0
2026-09-04 14:30:00,94.3,499,113,30.1,0,0,0
2026-09-04 14:35:00,92.6,472,112,37.3,0,0,0
2026-09-04 14:40:00,90.4,52,85,36.2,0,0,0
2026-09-04 14:45:00,89.3,41,85,35.9,0,0,0
2026-09-04 14:50:00,89.4,39,83,33.6,0,0,0
2026-09-04 14:55:00,92.9,32,81,31.2,0,0,0
2026-09-04 15:00:00,89.9,45,82,34.9,0,0,0
2026-09-04 15:05:00,90.9,42,81,32.5,0,0,0
2026-09-04 15:10:00,85.1,64,86,31.6,0,0,0
2026-09-04 15:15:00,84.2,44,84,31.3,0,0,0
2026-09-04 15:20:00,84.7,42,81,36.1,0,0,0
2026-09-04 15:25:00,84.0,82,84,34.0,0,0,0
2026-09-04 15:30:00,88.0,30,81,32.7,0,0,0
2026-09-04 15:35:00,87.3,50,85,35.4,0,0,0
2026-09-04 15:40:00,87.2,38,85,33.8,0,0,0
2026-09-04 15:45:00,81.4,68,86,34.2,0,0,0
2026-09-04 15:50:00,80.4,38,83,30.9,0,0,0
2026-09-04 15:55:00,84.7,30,81,33.2,0,0,0
2026-09-04 16:00:00,80.9,29,85,35.1,0,0,0
2026-09-04 16:05:00,80.4,25,83,33.9,0,0,0
2026-09-04 16:10:00,79.3,56,85,34.8,0,0,0
2026-09-04 16:15:00,80.9,53,84,34.2,0,0,0
2026-09-04 16:20:00,81.1,91,86,33.7,0,0,0
2026-09-04 16:25:00,76.4,91,87,34.6,0,0,0
2026-09-04 16:30:00,75.0,29,82,34.0,0,0,0
2026-09-04 16:35:00,73.2,18,85,31.9,0,0,0
2026-09-04 16:40:00,74.6,30,86,33.9,0,0,0
2026-09-04 16:45:00,74.3,39,83,32.2,0,0,0
2026-09-04 16:50:00,75.7,27,82,37.0,0,0,0
2026-09-04 16:55:00,70.7,83,85,30.5,0,0,0
2026-09-04 17:00:00,68.3,67,85,32.8,0,0,0
2026-09-04 17:05:00,67.9,42,83,35.5,0,0,0
2026-09-04 17:10:00,69.7,63,83,35.1,0,0,0
2026-09-04 17:15:00,70.6,33,86,36.0,0,0,0
2026-09-04 17:20:00,70.4,42,84,33.3,0,0,0
2026-09-04 17:25:00,69.9,28,82,32.6,0,0,0
2026-09-04 17:30:00,68.5,39,81,30.4,0,0,0
2026-09-04 17:35:00,67.3,34,83,33.9,0,0,0
2026-09-04 17:40:00,69.3,48,85,36.1,0,0,0
2026-09-04 17:45:00,67.9,51,87,35.7,0,0,0
2026-09-04 17:50:00,69.4,42,86,32.7,0,19,50
2026-09-04 17:55:00,74.3,33,86,30.6,0,0,0
2026-09-04 18:00:00,78.6,34,86,31.6,0,0,0
2026-09-04 18:05:00,80.7,480,113,31.3,0,0,0
2026-09-04 18:10:00,81.2,473,112,34.8,0,0,0
2026-09-04 18:15:00,82.4,86,90,32.2,0,0,0
2026-09-04 18:20:00,84.1,27,84,31.3,0,0,0
2026-09-04 18:25:00,84.9,59,84,31.0,0,0,0
2026-09-04 18:30:00,82.1,71,87,34.5,0,0,0
2026-09-04 18:35:00,83.4,29,81,28.8,0,0,0
2026-09-04 18:40:00,78.7,79,85,30.9,0,0,0
2026-09-04 18:45:00,78.0,109,88,34.3,0,0,0
2026-09-04 18:50:00,77.2,44,83,34.0,0,0,0
2026-09-04 18:55:00,75.4,27,80,35.5,0,0,0
2026-09-04 19:00:00,73.3,69,83,32.8,0,0,0
2026-09-04 19:05:00,72.6,24,81,34.4,0,0,0
2026-09-04 19:10:00,72.0,36,83,34.9,0,0,0
2026-09-04 19:15:00,76.1,39,84,36.0,0,0,0
2026-09-04 19:20:00,77.1,69,86,31.9,0,0,0
2026-09-04 19:25:00,77.5,21,83,36.0,0,0,0
2026-09-04 19:30:00,72.2,63,83,36.0,0,0,0
2026-09-04 19:35:00,70.3,49,79,31.7,0,0,0
2026-09-04 19:40:00,68.5,100,91,34.6,0,0,0
2026-09-04 19:45:00,68.9,485,110,37.5,0,0,0
2026-09-04 19:50:00,71.3,548,110,32.9,0,0,0
2026-09-04 19:55:00,73.2,479,112,31.6,0,0,0
2026-09-04 20:00:00,75.4,40,83,36.9,0,0,0
2026-09-04 20:05:00,75.9,67,83,32.5,0,0,0
2026-09-04 20:10:00,74.0,25,81,32.7,0,0,0
2026-09-04 20:15:00,87.8,71,83,33.0,0,0,0
2026-09-04 20:20:00,88.2,64,88,31.7,0,0,0
2026-09-04 20:25:00,89.7,35,84,32.8,0,0,0
2026-09-04 20:30:00,88.6,31,82,33.4,0,0,0
2026-09-04 20:35:00,88.4,89,87,33.9,0,0,0
2026-09-04 20:40:00,84.3,67,84,31.3,0,0,0
2026-09-04 20:45:00,87.6,48,85,33.4,0,0,0
2026-09-04 20:50:00,89.4,58,88,31.5,0,50,50
2026-09-04 20:55:00,92.6,45,90,34.5,0,0,0
2026-09-04 21:00:00,94.2,40,84,33.5,0,0,0
2026-09-04 21:05:00,94.9,560,118,29.1,0,0,0
2026-09-04 21:10:00,95.9,576,120,34.2,0,0,0
2026-09-04 21:15:00,93.8,46,88,34.6,0,0,0
2026-09-04 21:20:00,91.3,66,89,34.0,0,0,0
2026-09-04 21:25:00,89.5,64,81,35.9,0,0,0
2026-09-04 21:30:00,86.3,57,80,31.8,0,0,0
2026-09-04 21:35:00,85.3,38,82,33.8,0,0,0
2026-09-04 21:40:00,88.0,40,85,37.0,0,0,0
2026-09-04 21:45:00,81.0,39,86,36.6,0,0,0
2026-09-04 21:50:00,77.6,40,80,34.4,0,0,0
2026-09-04 21:55:00,72.4,86,89,30.9,0,0,0
2026-09-04 22:00:00,67.4,24,85,28.2,0,0,0
2026-09-04 22:05:00,67.4,32,86,32.6,0,0,0
2026-09-04 22:10:00,65.6,81,87,31.0,0,0,0
2026-09-04 22:15:00,68.8,22,81,33.6,0,0,0
2026-09-04 22:20:00,68.7,32,83,30.5,0,0,0
2026-09-04 22:25:00,68.6,33,81,38.0,0,0,0
2026-09-04 22:30:00,70.4,54,84,35.5,0,0,0
2026-09-04 22:35:00,73.0,25,81,31.8,0,0,0
2026-09-04 22:40:00,74.6,45,88,32.8,0,0,0
2026-09-04 22:45:00,78.5,27,82,35.4,0,0,0
2026-09-04 22:50:00,77.5,56,84,40.3,0,0,0
2026-09-04 22:55:00,74.1,44,83,33.0,0,0,0
2026-09-04 23:00:00,70.9,47,84,32.4,0,0,0
2026-09-04 23:05:00,67.1,49,81,32.0,0,0,0
2026-09-04 23:10:00,66.9,40,82,34.1,0,0,0
2026-09-04 23:15:00,68.7,56,81,33.9,0,0,0
2026-09-04 23:20:00,67.3,50,88,33.3,0,0,0
2026-09-04 23:25:00,69.8,159,91,30.2,0,0,0
2026-09-04 23:30:00,70.4,39,82,32.4,0,0,0
2026-09-04 23:35:00,68.8,80,85,32.9,0,0,0
2026-09-04 23:40:00,71.8,41,81,31.7,0,0,0
2026-09-04 23:45:00,72.6,26,80,30.0,0,0,0
2026-09-04 23:50:00,78.1,31,83,34.8,0,0,0
2026-09-04 23:55:00,78.7,41,87,34.3,0,0,0
2026-09-05 00:00:00,77.0,34,83,36.2,0,0,0
2026-09-05 00:05:00,74.1,48,82,33.8,0,0,0
2026-09-05 00:10:00,75.6,64,86,35.8,0,0,0
2026-09-05 00:15:00,78.5,73,86,30.0,0,0,0
2026-09-05 00:20:00,77.7,58,85,31.9,0,0,0
2026-09-05 00:25:00,77.7,0,72,55.5,1,0,0
2026-09-05 00:30:00,75.4,0,74,55.2,1,0,0
2026-09-05 00:35:00,75.0,1,73,51.9,1,0,0
2026-09-05 00:40:00,75.2,0,73,54.3,1,0,0
2026-09-05 00:45:00,74.9,0,72,54.3,1,0,0
2026-09-05 00:50:00,76.6,0,70,54.3,1,0,0
2026-09-05 00:55:00,75.2,1,74,52.0,1,0,0
2026-09-05 01:00:00,78.5,0,68,56.2,1,0,0
2026-09-05 01:05:00,79.4,0,75,53.4,1,0,0
2026-09-05 01:10:00,78.3,0,77,52.0,1,0,0
2026-09-05 01:15:00,80.2,1,73,52.4,1,0,0
2026-09-05 01:20:00,77.5,0,73,50.0,1,0,0
2026-09-05 01:25:00,80.9,0,75,55.0,1,0,0
2026-09-05 01:30:00,77.8,0,73,55.0,1,0,0
2026-09-05 01:35:00,71.8,0,74,51.7,1,0,0
2026-09-05 01:40:00,73.3,1,72,56.8,1,0,0
2026-09-05 01:45:00,75.0,0,75,55.6,1,0,0
2026-09-05 01:50:00,78.5,1,71,55.3,1,0,0
2026-09-05 01:55:00,77.0,0,74,54.4,1,0,0
2026-09-05 02:00:00,79.7,0,72,56.7,1,0,0
2026-09-05 02:05:00,75.7,0,73,52.6,1,0,0
2026-09-05 02:10:00,74.9,0,69,52.9,1,0,0
2026-09-05 02:15:00,78.6,0,72,53.6,1,0,0
2026-09-05 02:20:00,79.7,0,75,53.9,1,0,0
2026-09-05 02:25:00,78.9,1,71,54.3,1,0,0
2026-09-05 02:30:00,78.4,0,77,52.8,1,0,0
2026-09-05 02:35:00,79.7,0,74,52.4,1,0,0
2026-09-05 02:40:00,81.3,1,74,52.9,1,0,0
2026-09-05 02:45:00,82.7,2,74,53.1,1,0,0
2026-09-05 02:50:00,96.6,0,70,56.3,1,0,0
2026-09-05 02:55:00,100.3,0,73,51.6,1,0,0
2026-09-05 03:00:00,98.8,0,71,52.9,1,0,0
2026-09-05 03:05:00,97.8,1,73,50.7,1,0,0
2026-09-05 03:10:00,96.3,1,72,54.3,1,0,0
2026-09-05 03:15:00,100.5,0,71,52.2,1,0,0
2026-09-05 03:20:00,104.1,0,72,52.8,1,0,0
2026-09-05 03:25:00,107.6,0,72,52.0,1,0,0
2026-09-05 03:30:00,107.0,0,73,52.6,1,0,0
2026-09-05 03:35:00,106.6,0,71,54.0,1,0,0
2026-09-05 03:40:00,103.6,0,71,56.6,1,0,0
2026-09-05 03:45:00,103.4,1,75,50.6,1,0,0
2026-09-05 03:50:00,100.6,1,76,51.8,1,0,0
2026-09-05 03:55:00,101.1,1,73,55.2,1,0,0
2026-09-05 04:00:00,97.8,1,69,54.9,1,0,0
2026-09-05 04:05:00,100.7,0,75,53.7,1,0,0
2026-09-05 04:10:00,103.2,1,73,55.2,1,0,0
2026-09-05 04:15:00,102.7,1,74,49.7,1,0,0
2026-09-05 04:20:00,101.0,0,71,54.8,1,0,0
2026-09-05 04:25:00,102.0,0,75,48.9,1,0,0
2026-09-05 04:30:00,105.5,0,72,54.1,1,0,0
2026-09-05 04:35:00,102.6,1,76,49.8,1,0,0
2026-09-05 04:40:00,104.5,0,75,57.1,1,0,0
2026-09-05 04:45:00,105.2,0,74,50.7,1,0,0
2026-09-05 04:50:00,101.1,0,73,56.6,1,0,0
2026-09-05 04:55:00,100.2,1,75,53.7,1,0,0
2026-09-05 05:00:00,100.0,1,74,53.8,1,0,0
2026-09-05 05:05:00,101.8,0,73,54.3,1,0,0
2026-09-05 05:10:00,103.7,0,74,51.6,1,0,0
2026-09-05 05:15:00,109.1,0,73,51.0,1,0,0
2026-09-05 05:20:00,107.2,0,75,55.3,1,0,0
2026-09-05 05:25:00,109.6,1,72,53.4,1,0,0
2026-09-05 05:30:00,110.9,1,72,53.6,1,0,0
2026-09-05 05:35:00,109.4,0,75,51.5,1,0,0
2026-09-05 05:40:00,107.1,0,72,56.5,1,0,0
2026-09-05 05:45:00,104.0,0,76,56.9,1,0,0
2026-09-05 05:50:00,103.3,0,72,55.9,1,0,0
2026-09-05 05:55:00,108.2,0,76,48.9,1,0,0
2026-09-05 06:00:00,109.2,1,71,53.4,1,0,0
2026-09-05 06:05:00,109.5,0,68,54.0,1,0,0
2026-09-05 06:10:00,105.0,0,72,51.7,1,0,0
2026-09-05 06:15:00,105.1,0,71,54.1,1,0,0
2026-09-05 06:20:00,103.6,0,73,51.6,1,0,0
2026-09-05 06:25:00,102.8,1,72,58.8,1,0,0
2026-09-05 06:30:00,101.4,0,70,54.9,1,0,0
2026-09-05 06:35:00,98.4,0,73,55.3,1,0,0
2026-09-05 06:40:00,98.4,1,78,51.5,1,0,0
2026-09-05 06:45:00,98.8,0,71,52.3,1,0,0
2026-09-05 06:50:00,101.9,1,74,53.6,1,0,0
2026-09-05 06:55:00,99.5,0,71,51.0,1,0,0
2026-09-05 07:00:00,96.8,39,85,31.5,0,0,0
2026-09-05 07:05:00,98.3,24,83,33.7,0,0,0
2026-09-05 07:10:00,95.4,82,91,28.6,0,0,0
2026-09-05 07:15:00,94.4,43,84,33.0,0,0,0
2026-09-05 07:20:00,94.6,51,85,30.0,0,0,0
2026-09-05 07:25:00,96.9,39,83,35.8,0,0,0
2026-09-05 07:30:00,98.1,16,83,29.0,0,0,0
2026-09-05 07:35:00,97.6,40,86,30.5,0,0,0
2026-09-05 07:40:00,96.3,69,85,30.1,0,0,0
2026-09-05 07:45:00,99.3,30,83,33.2,0,0,0
2026-09-05 07:50:00,98.7,45,84,34.3,0,0,0
2026-09-05 07:55:00,99.3,32,84,33.4,0,0,0
2026-09-05 08:00:00,100.9,42,87,31.2,0,47,65
2026-09-05 08:05:00,103.8,87,89,31.8,0,0,0
2026-09-05 08:10:00,103.8,36,86,33.5,0,0,0
2026-09-05 08:15:00,104.4,32,87,30.2,0,0,0
2026-09-05 08:20:00,105.3,51,88,29.5,0,0,0
2026-09-05 08:25:00,106.6,51,88,32.9,0,0,0
2026-09-05 08:30:00,104.8,57,82,36.1,0,0,0
2026-09-05 08:35:00,105.5,38,80,34.8,0,0,0
2026-09-05 08:40:00,102.6,34,84,33.9,0,0,0
2026-09-05 08:45:00,96.7,30,83,34.3,0,0,0
2026-09-05 08:50:00,96.6,29,80,34.3,0,0,0
2026-09-05 08:55:00,95.5,52,83,35.7,0,0,0
2026-09-05 09:00:00,96.3,46,83,33.5,0,0,0
2026-09-05 09:05:00,92.8,50,82,31.8,0,0,0
2026-09-05 09:10:00,92.6,22,85,31.9,0,0,0
2026-09-05 09:15:00,89.6,49,82,38.3,0,0,0
2026-09-05 09:20:00,89.1,51,82,30.4,0,0,0
2026-09-05 09:25:00,87.1,50,84,35.8,0,0,0
2026-09-05 09:30:00,87.2,44,83,35.5,0,0,0
2026-09-05 09:35:00,83.7,47,87,34.4,0,0,0
2026-09-05 09:40:00,86.9,80,84,31.2,0,0,0
2026-09-05 09:45:00,85.1,24,82,33.9,0,0,0
2026-09-05 09:50:00,83.2,35,84,31.8,0,0,0
2026-09-05 09:55:00,84.0,89,84,33.3,0,0,0
2026-09-05 10:00:00,83.7,161,92,35.2,0,0,0
2026-09-05 10:05:00,80.9,33,81,32.2,0,0,0
2026-09-05 10:10:00,79.4,45,85,33.1,0,0,0
2026-09-05 10:15:00,78.7,86,84,33.7,0,0,0
2026-09-05 10:20:00,77.5,42,84,34.2,0,0,0
2026-09-05 10:25:00,76.3,72,85,33.8,0,0,0
2026-09-05 10:30:00,71.8,425,107,34.9,0,0,0
2026-09-05 10:35:00,74.5,357,101,36.3,0,0,0
2026-09-05 10:40:00,72.5,396,104,33.1,0,0,0
2026-09-05 10:45:00,71.9,48,83,29.0,0,0,0
2026-09-05 10:50:00,75.8,34,84,31.8,0,0,0
2026-09-05 10:55:00,76.1,58,85,35.7,0,0,0
2026-09-05 11:00:00,76.8,53,83,35.0,0,0,0
2026-09-05 11:05:00,76.3,36,84,33.8,0,0,0
2026-09-05 11:10:00,77.9,41,82,30.4,0,0,0
2026-09-05 11:15:00,77.1,42,82,32.2,0,0,0
2026-09-05 11:20:00,77.4,25,82,36.6,0,0,0
2026-09-05 11:25:00,79.3,63,84,32.5,0,0,0
2026-09-05 11:30:00,78.8,81,86,28.3,0,0,0
2026-09-05 11:35:00,75.5,14,84,33.0,0,0,0
2026-09-05 11:40:00,74.1,25,85,33.4,0,0,0
2026-09-05 11:45:00,73.8,46,88,33.5,0,0,0
2026-09-05 11:50:00,76.4,90,84,37.3,0,0,0
2026-09-05 11:55:00,78.7,63,86,36.5,0,0,0
2026-09-05 12:00:00,76.3,43,84,31.0,0,0,0
2026-09-05 12:05:00,76.1,36,82,29.6,0,0,0
2026-09-05 12:10:00,76.6,119,90,31.7,0,0,0
2026-09-05 12:15:00,78.7,24,84,32.5,0,0,0
2026-09-05 12:20:00,78.3,61,83,34.1,0,0,0
2026-09-05 12:25:00,73.5,99,87,35.3,0,0,0
2026-09-05 12:30:00,74.2,30,86,32.5,0,0,0
2026-09-05 12:35:00,75.7,30,88,32.7,0,63,50
2026-09-05 12:40:00,79.3,36,87,31.5,0,0,0
2026-09-05 12:45:00,80.9,21,85,30.8,0,0,0
2026-09-05 12:50:00,84.1,32,89,37.0,0,0,0
2026-09-05 12:55:00,85.6,75,88,33.6,0,0,0
2026-09-05 13:00:00,88.1,100,89,30.2,0,0,0
2026-09-05 13:05:00,86.5,375,101,30.8,0,0,0
2026-09-05 13:10:00,86.6,371,102,31.9,0,0,0
2026-09-05 13:15:00,81.9,30,80,34.3,0,0,0
2026-09-05 13:20:00,82.6,53,87,37.5,0,0,0
2026-09-05 13:25:00,83.2,36,84,35.2,0,0,0
2026-09-05 13:30:00,80.6,52,81,32.8,0,0,0
2026-09-05 13:35:00,78.7,35,89,33.7,0,0,0
2026-09-05 13:40:00,75.6,83,87,31.1,0,0,0
2026-09-05 13:45:00,77.8,78,85,37.7,0,0,0
2026-09-05 13:50:00,76.2,68,84,33.2,0,0,0
2026-09-05 13:55:00,70.9,63,82,35.4,0,0,0
2026-09-05 14:00:00,88.9,41,85,32.0,0,0,0
2026-09-05 14:05:00,88.1,18,81,32.1,0,0,0
2026-09-05 14:10:00,85.3,23,86,34.1,0,0,0
2026-09-05 14:15:00,85.9,77,83,28.2,0,0,0
2026-09-05 14:20:00,80.8,40,84,33.1,0,0,0
2026-09-05 14:25:00,81.2,59,82,33.4,0,0,0
2026-09-05 14:30:00,79.3,42,81,31.0,0,0,0
2026-09-05 14:35:00,77.3,59,85,37.2,0,0,0
2026-09-05 14:40:00,78.1,35,84,33.1,0,0,0
2026-09-05 14:45:00,77.7,44,81,33.9,0,0,0
2026-09-05 14:50:00,74.9,22,83,30.8,0,0,0
2026-09-05 14:55:00,78.6,42,86,36.4,0,0,0
2026-09-05 15:00:00,80.5,62,86,33.1,0,0,0
2026-09-05 15:05:00,77.7,34,87,35.6,0,0,0
2026-09-05 15:10:00,78.2,28,82,32.6,0,0,0
2026-09-05 15:15:00,78.2,133,89,32.8,0,0,0
2026-09-05 15:20:00,77.3,39,82,32.9,0,0,0
2026-09-05 15:25:00,75.4,113,86,33.0,0,0,0
2026-09-05 15:30:00,73.3,39,84,31.3,0,0,0
2026-09-05 15:35:00,71.7,28,83,34.2,0,0,0
2026-09-05 15:40:00,73.3,45,81,35.6,0,0,0
2026-09-05 15:45:00,73.1,69,85,34.1,0,0,0
2026-09-05 15:50:00,75.1,28,86,34.4,0,0,0
2026-09-05 15:55:00,73.2,73,82,30.7,0,0,0
2026-09-05 16:00:00,72.3,74,89,30.2,0,0,0
2026-09-05 16:05:00,72.6,27,82,36.0,0,0,0
2026-09-05 16:10:00,73.4,33,81,30.2,0,0,0
2026-09-05 16:15:00,75.2,51,84,32.9,0,0,0
2026-09-05 16:20:00,74.1,27,83,36.5,0,0,0
2026-09-05 16:25:00,74.9,43,83,34.5,0,0,0
2026-09-05 16:30:00,73.1,68,85,30.1,0,0,0
2026-09-05 16:35:00,71.0,36,85,33.4,0,0,0
2026-09-05 16:40:00,73.1,36,81,32.7,0,0,0
2026-09-05 16:45:00,72.9,52,79,33.5,0,0,0
2026-09-05 16:50:00,73.7,50,86,34.7,0,0,0
2026-09-05 16:55:00,75.7,60,87,32.2,0,0,0
2026-09-05 17:00:00,73.7,32,81,31.3,0,0,0
2026-09-05 17:05:00,70.2,39,83,34.7,0,0,0
2026-09-05 17:10:00,71.8,47,81,33.0,0,0,0
2026-09-05 17:15:00,69.5,82,89,33.5,0,0,0
2026-09-05 17:20:00,68.1,23,87,33.4,0,15,35
2026-09-05 17:25:00,71.2,133,90,37.5,0,0,0
2026-09-05 17:30:00,70.8,13,84,33.4,0,0,0
2026-09-05 17:35:00,68.5,460,109,31.3,0,0,0
2026-09-05 17:40:00,70.4,483,113,34.9,0,0,0
2026-09-05 17:45:00,71.5,39,83,33.7,0,0,0
2026-09-05 17:50:00,68.4,79,86,32.6,0,0,0
2026-09-05 17:55:00,68.1,61,85,28.5,0,0,0
2026-09-05 18:00:00,68.0,27,85,29.2,0,0,0
2026-09-05 18:05:00,68.9,37,83,33.9,0,0,0
2026-09-05 18:10:00,65.9,29,80,30.2,0,0,0
2026-09-05 18:15:00,67.5,57,85,31.8,0,0,0
2026-09-05 18:20:00,64.6,17,82,33.9,0,0,0
2026-09-05 18:25:00,64.8,73,85,30.8,0,0,0
2026-09-05 18:30:00,65.0,54,83,32.8,0,0,0
2026-09-05 18:35:00,84.7,39,82,33.1,0,0,0
2026-09-05 18:40:00,85.6,54,85,31.7,0,0,0
2026-09-05 18:45:00,89.0,48,85,30.4,0,0,0
2026-09-05 18:50:00,89.2,25,84,38.0,0,0,0
2026-09-05 18:55:00,90.0,46,83,31.2,0,0,0
2026-09-05 19:00:00,88.7,45,85,33.3,0,0,0
2026-09-05 19:05:00,88.5,47,89,34.8,0,0,0
2026-09-05 19:10:00,86.9,44,88,31.8,0,0,0
2026-09-05 19:15:00,88.1,23,82,35.9,0,0,0
2026-09-05 19:20:00,89.9,45,82,32.8,0,0,0
2026-09-05 19:25:00,89.0,79,88,37.6,0,0,0
2026-09-05 19:30:00,91.7,29,85,31.7,0,0,0
2026-09-05 19:35:00,91.7,104,85,32.8,0,0,0
2026-09-05 19:40:00,92.5,16,80,34.0,0,0,0
2026-09-05 19:45:00,90.6,24,83,35.1,0,0,0
2026-09-05 19:50:00,90.9,16,82,32.7,0,0,0
2026-09-05 19:55:00,92.8,51,87,32.6,0,0,0
2026-09-05 20:00:00,94.3,55,82,33.8,0,0,0
2026-09-05 20:05:00,95.5,51,82,33.5,0,0,0
2026-09-05 20:10:00,93.3,65,83,33.9,0,0,0
2026-09-05 20:15:00,93.8,37,85,36.6,0,0,0
2026-09-05 20:20:00,94.0,28,84,33.5,0,0,0
2026-09-05 20:25:00,90.5,32,85,33.3,0,0,0
2026-09-05 20:30:00,90.6,36,79,35.5,0,0,0
2026-09-05 20:35:00,94.5,37,87,33.1,0,0,0
2026-09-05 20:40:00,91.9,16,78,32.6,0,0,0
2026-09-05 20:45:00,89.8,24,80,32.4,0,0,0
2026-09-05 20:50:00,88.1,32,85,29.7,0,0,0
2026-09-05 20:55:00,88.9,76,87,32.5,0,0,0
2026-09-05 21:00:00,91.3,29,84,33.4,0,0,0
2026-09-05 21:05:00,90.8,107,90,30.6,0,0,0
2026-09-05 21:10:00,88.5,30,80,36.1,0,0,0
2026-09-05 21:15:00,91.3,65,88,35.0,0,0,0
2026-09-05 21:20:00,90.0,60,83,34.8,0,0,0
2026-09-05 21:25:00,90.0,34,82,34.7,0,0,0
2026-09-05 21:30:00,89.3,32,82,32.7,0,0,0
2026-09-05 21:35:00,89.0,53,82,31.3,0,0,0
2026-09-05 21:40:00,88.9,57,86,31.2,0,0,0
2026-09-05 21:45:00,90.5,55,83,30.0,0,0,0
2026-09-05 21:50:00,88.0,50,86,33.6,0,0,0
2026-09-05 21:55:00,89.7,94,88,29.5,0,60,50
2026-09-05 22:00:00,92.9,54,86,32.7,0,0,0
2026-09-05 22:05:00,94.8,41,89,33.4,0,0,0
2026-09-05 22:10:00,93.4,34,87,28.7,0,0,0
2026-09-05 22:15:00,94.4,47,87,33.6,0,0,0
2026-09-05 22:20:00,93.1,55,88,35.9,0,0,0
2026-09-05 22:25:00,94.0,24,84,28.2,0,0,0
2026-09-05 22:30:00,90.3,33,82,33.8,0,0,0
2026-09-05 22:35:00,89.0,46,84,32.2,0,0,0
2026-09-05 22:40:00,88.4,52,87,33.2,0,0,0
2026-09-05 22:45:00,88.2,78,85,34.3,0,0,0
2026-09-05 22:50:00,85.4,30,79,37.2,0,0,0
2026-09-05 22:55:00,87.2,42,81,31.2,0,0,0
2026-09-05 23:00:00,86.5,139,88,32.1,0,0,0
2026-09-05 23:05:00,83.4,40,84,33.1,0,0,0
2026-09-05 23:10:00,83.0,0,73,50.7,1,0,0
2026-09-05 23:15:00,82.1,1,70,51.9,1,0,0
2026-09-05 23:20:00,80.5,0,72,55.1,1,0,0
2026-09-05 23:25:00,81.6,0,73,53.1,1,0,0
2026-09-05 23:30:00,76.3,0,75,53.7,1,0,0
2026-09-05 23:35:00,77.0,1,74,58.1,1,0,0
2026-09-05 23:40:00,80.1,0,74,54.2,1,0,0
2026-09-05 23:45:00,81.7,0,70,55.2,1,0,0
2026-09-05 23:50:00,80.7,0,74,54.2,1,0,0
2026-09-05 23:55:00,81.1,0,74,51.7,1,0,0
2026-09-06 00:00:00,85.5,0,72,51.9,1,0,0
2026-09-06 00:05:00,85.0,0,75,54.2,1,0,0
2026-09-06 00:10:00,85.9,0,75,50.6,1,0,0
2026-09-06 00:15:00,86.0,3,77,46.5,1,0,0
2026-09-06 00:20:00,82.2,1,72,51.4,1,0,0
2026-09-06 00:25:00,80.1,0,74,52.3,1,0,0
2026-09-06 00:30:00,78.8,1,74,50.4,1,0,0
2026-09-06 00:35:00,81.3,0,70,55.2,1,0,0
2026-09-06 00:40:00,81.7,1,71,52.3,1,0,0
2026-09-06 00:45:00,83.3,0,77,54.0,1,0,0
2026-09-06 00:50:00,85.0,0,75,51.1,1,0,0
2026-09-06 00:55:00,81.4,0,73,53.3,1,0,0
2026-09-06 01:00:00,81.7,0,72,50.1,1,0,0
2026-09-06 01:05:00,82.9,0,76,53.8,1,0,0
2026-09-06 01:10:00,80.5,0,72,50.7,1,0,0
2026-09-06 01:15:00,82.0,0,75,54.9,1,0,0
2026-09-06 01:20:00,79.8,2,73,51.4,1,0,0
2026-09-06 01:25:00,80.7,0,74,51.7,1,0,0
2026-09-06 01:30:00,80.1,0,73,50.4,1,0,0
2026-09-06 01:35:00,77.5,1,74,53.1,1,0,0
2026-09-06 01:40:00,77.5,1,71,54.7,1,0,0
2026-09-06 01:45:00,77.3,1,70,53.6,1,0,0
2026-09-06 01:50:00,81.7,0,77,52.8,1,0,0
2026-09-06 01:55:00,78.4,0,73,52.3,1,0,0
2026-09-06 02:00:00,78.7,0,71,52.4,1,0,0
2026-09-06 02:05:00,79.4,1,74,52.6,1,0,0
2026-09-06 02:10:00,82.9,0,71,51.9,1,0,0
2026-09-06 02:15:00,84.6,1,73,52.4,1,0,0
2026-09-06 02:20:00,84.6,2,73,53.8,1,0,0
2026-09-06 02:25:00,85.5,0,72,52.9,1,0,0
2026-09-06 02:30:00,84.9,1,75,55.0,1,0,0
2026-09-06 02:35:00,83.2,0,71,53.5,1,0,0
2026-09-06 02:40:00,83.8,0,74,53.4,1,0,0
2026-09-06 02:45:00,87.8,0,77,52.5,1,0,0
2026-09-06 02:50:00,88.4,0,75,53.8,1,0,0
2026-09-06 02:55:00,84.6,0,70,55.4,1,0,0
2026-09-06 03:00:00,82.7,1,73,52.3,1,0,0
2026-09-06 03:05:00,86.0,0,73,49.1,1,0,0
2026-09-06 03:10:00,85.9,0,74,56.1,1,0,0
2026-09-06 03:15:00,88.6,2,79,52.9,1,0,0
2026-09-06 03:20:00,90.7,0,71,54.2,1,0,0
2026-09-06 03:25:00,89.7,0,73,56.2,1,0,0
2026-09-06 03:30:00,90.1,0,75,51.7,1,0,0
2026-09-06 03:35:00,86.3,0,73,50.2,1,0,0
2026-09-06 03:40:00,84.2,0,70,51.7,1,0,0
2026-09-06 03:45:00,86.7,0,74,54.5,1,0,0
2026-09-06 03:50:00,82.0,0,72,52.2,1,0,0
2026-09-06 03:55:00,98.1,0,73,54.8,1,0,0
2026-09-06 04:00:00,97.6,0,70,54.4,1,0,0
2026-09-06 04:05:00,100.2,0,74,53.6,1,0,0
2026-09-06 04:10:00,99.3,0,73,53.4,1,0,0
2026-09-06 04:15:00,100.9,1,74,52.8,1,0,0
2026-09-06 04:20:00,105.9,1,70,53.2,1,0,0
2026-09-06 04:25:00,104.6,0,70,51.3,1,0,0
2026-09-06 04:30:00,105.7,1,73,50.1,1,0,0
2026-09-06 04:35:00,104.6,1,74,54.5,1,0,0
2026-09-06 04:40:00,103.4,0,74,55.4,1,0,0
2026-09-06 04:45:00,105.8,0,77,49.6,1,0,0
2026-09-06 04:50:00,104.6,0,70,50.8,1,0,0
2026-09-06 04:55:00,104.5,1,75,54.2,1,0,0
2026-09-06 05:00:00,104.0,1,73,52.3,1,0,0
2026-09-06 05:05:00,108.7,0,77,48.0,1,0,0
2026-09-06 05:10:00,105.2,2,72,51.1,1,0,0
2026-09-06 05:15:00,108.6,0,74,54.0,1,0,0
2026-09-06 05:20:00,109.0,1,75,52.2,1,0,0
2026-09-06 05:25:00,107.9,0,75,51.7,1,0,0
2026-09-06 05:30:00,106.5,0,77,52.7,1,0,0
2026-09-06 05:35:00,107.5,1,69,52.3,1,0,0
2026-09-06 05:40:00,107.7,0,75,54.2,1,0,0
2026-09-06 05:45:00,109.3,0,72,51.7,1,0,0
2026-09-06 05:50:00,107.8,0,72,54.1,1,0,0
2026-09-06 05:55:00,104.8,0,75,50.5,1,0,0
2026-09-06 06:00:00,107.4,0,71,51.5,1,0,0
2026-09-06 06:05:00,108.4,0,74,51.7,1,0,0
2026-09-06 06:10:00,108.1,0,72,50.4,1,0,0
2026-09-06 06:15:00,107.4,0,74,52.9,1,0,0
2026-09-06 06:20:00,105.9,39,83,34.6,0,0,0
2026-09-06 06:25:00,107.0,41,78,32.1,0,0,0
2026-09-06 06:30:00,105.7,18,80,31.3,0,0,0
2026-09-06 06:35:00,104.0,32,84,34.1,0,0,0
2026-09-06 06:40:00,109.0,59,83,32.7,0,0,0
2026-09-06 06:45:00,107.3,32,80,30.6,0,0,0
2026-09-06 06:50:00,105.7,74,85,33.3,0,0,0
2026-09-06 06:55:00,108.0,67,83,33.7,0,0,0
2026-09-06 07:00:00,106.9,39,82,34.8,0,0,0
2026-09-06 07:05:00,106.5,34,80,31.7,0,0,0
2026-09-06 07:10:00,102.8,14,80,33.5,0,0,0
2026-09-06 07:15:00,102.1,69,86,32.3,0,0,0
2026-09-06 07:20:00,102.0,50,85,33.1,0,0,0
2026-09-06 07:25:00,102.9,24,85,28.0,0,0,0
2026-09-06 07:30:00,101.5,44,83,33.7,0,0,0
2026-09-06 07:35:00,103.0,47,82,31.0,0,0,0
2026-09-06 07:40:00,104.0,50,85,32.5,0,0,0
2026-09-06 07:45:00,102.5,23,82,31.4,0,0,0
2026-09-06 07:50:00,101.3,44,83,31.9,0,0,0
2026-09-06 07:55:00,100.4,26,82,30.3,0,0,0
2026-09-06 08:00:00,99.9,54,84,34.2,0,0,0
2026-09-06 08:05:00,102.5,48,88,34.4,0,50,65
2026-09-06 08:10:00,105.1,59,83,31.0,0,0,0
2026-09-06 08:15:00,101.7,78,93,32.6,0,0,0
2026-09-06 08:20:00,102.5,501,115,34.3,0,0,0
2026-09-06 08:25:00,104.2,514,116,37.2,0,0,0
2026-09-06 08:30:00,101.6,91,91,29.0,0,0,0
2026-09-06 08:35:00,99.6,22,84,32.5,0,0,0
2026-09-06 08:40:00,99.4,54,85,33.3,0,0,0
2026-09-06 08:45:00,96.9,34,83,32.5,0,0,0
2026-09-06 08:50:00,95.8,30,82,33.6,0,0,0
2026-09-06 08:55:00,95.7,28,82,33.4,0,0,0
2026-09-06 09:00:00,94.1,22,77,29.2,0,0,0
2026-09-06 09:05:00,91.4,28,82,35.6,0,0,0
2026-09-06 09:10:00,89.8,62,87,28.7,0,0,0
2026-09-06 09:15:00,88.9,43,85,30.9,0,0,0
2026-09-06 09:20:00,90.1,31,82,35.0,0,0,0
2026-09-06 09:25:00,92.6,45,82,34.4,0,0,0
2026-09-06 09:30:00,93.5,62,83,31.0,0,0,0
2026-09-06 09:35:00,88.8,17,83,35.5,0,0,0
2026-09-06 09:40:00,86.7,28,87,32.9,0,0,0
2026-09-06 09:45:00,84.6,376,101,32.8,0,0,0
2026-09-06 09:50:00,82.5,370,103,35.7,0,0,0
2026-09-06 09:55:00,78.6,381,104,32.9,0,0,0
2026-09-06 10:00:00,81.5,38,84,33.7,0,0,0
2026-09-06 10:05:00,81.0,27,82,29.8,0,0,0
2026-09-06 10:10:00,82.2,16,78,33.4,0,0,0
2026-09-06 10:15:00,81.8,17,82,33.1,0,0,0
2026-09-06 10:20:00,82.4,23,79,38.0,0,0,0
2026-09-06 10:25:00,79.6,29,83,37.2,0,0,0
2026-09-06 10:30:00,80.7,74,86,30.5,0,0,0
2026-09-06 10:35:00,80.6,23,84,34.7,0,0,0
2026-09-06 10:40:00,77.6,58,87,33.2,0,0,0
2026-09-06 10:45:00,80.3,35,81,29.9,0,0,0
2026-09-06 10:50:00,78.8,31,84,32.5,0,0,0
2026-09-06 10:55:00,80.0,49,84,33.8,0,0,0
2026-09-06 11:00:00,77.6,61,86,28.6,0,0,0
2026-09-06 11:05:00,78.3,23,87,33.1,0,0,0
2026-09-06 11:10:00,78.2,17,85,32.3,0,0,0
2026-09-06 11:15:00,76.6,31,85,29.1,0,0,0
2026-09-06 11:20:00,77.1,30,79,33.5,0,0,0
2026-09-06 11:25:00,77.1,32,84,29.2,0,0,0
2026-09-06 11:30:00,73.9,83,83,34.2,0,0,0
2026-09-06 11:35:00,73.8,56,83,31.9,0,0,0
2026-09-06 11:40:00,74.1,49,82,30.3,0,0,0
2026-09-06 11:45:00,75.4,55,85,29.4,0,0,0
2026-09-06 11:50:00,77.9,41,84,30.4,0,0,0
2026-09-06 11:55:00,74.8,69,85,32.1,0,0,0
2026-09-06 12:00:00,75.2,21,82,31.1,0,0,0
2026-09-06 12:05:00,75.4,29,85,32.0,0,0,0
2026-09-06 12:10:00,75.3,50,84,31.5,0,0,0
2026-09-06 12:15:00,74.9,53,82,30.6,0,0,0
2026-09-06 12:20:00,75.1,34,83,31.6,0,0,0
2026-09-06 12:25:00,77.7,27,83,33.3,0,0,0
2026-09-06 12:30:00,76.7,75,86,33.3,0,0,0
2026-09-06 12:35:00,78.0,66,89,32.5,0,0,0
2026-09-06 12:40:00,78.6,81,85,31.5,0,0,0
2026-09-06 12:45:00,78.9,47,81,34.4,0,0,0
2026-09-06 12:50:00,76.5,85,84,32.3,0,0,0
2026-09-06 12:55:00,73.2,41,84,34.9,0,0,0
2026-09-06 13:00:00,74.2,69,84,31.2,0,0,0
2026-09-06 13:05:00,70.5,30,86,34.0,0,49,50
2026-09-06 13:10:00,69.0,102,91,31.4,0,0,0
2026-09-06 13:15:00,72.2,55,87,32.7,0,0,0
2026-09-06 13:20:00,73.0,507,114,34.9,0,0,0
2026-09-06 13:25:00,72.6,489,115,36.1,0,0,0
2026-09-06 13:30:00,71.0,48,88,31.2,0,0,0
2026-09-06 13:35:00,68.8,58,87,30.4,0,0,0
2026-09-06 13:40:00,66.6,74,84,29.9,0,0,0
2026-09-06 13:45:00,66.5,30,84,32.2,0,0,0
2026-09-06 13:50:00,66.9,30,83,33.5,0,0,0
2026-09-06 13:55:00,68.3,64,83,33.4,0,0,0
2026-09-06 14:00:00,71.5,48,86,36.3,0,0,0
2026-09-06 14:05:00,89.9,32,81,32.3,0,0,0
2026-09-06 14:10:00,88.1,44,80,26.7,0,0,0
2026-09-06 14:15:00,85.2,52,86,29.9,0,0,0
2026-09-06 14:20:00,82.7,48,83,33.9,0,0,0
2026-09-06 14:25:00,82.8,68,84,30.1,0,0,0
2026-09-06 14:30:00,81.7,86,86,34.5,0,0,0
2026-09-06 14:35:00,79.1,36,82,28.0,0,0,0
2026-09-06 14:40:00,79.8,56,83,30.7,0,0,0
2026-09-06 14:45:00,76.2,40,82,34.0,0,0,0
2026-09-06 14:50:00,78.4,32,85,31.8,0,0,0
2026-09-06 14:55:00,78.3,24,82,33.4,0,0,0
2026-09-06 15:00:00,79.7,59,85,30.0,0,0,0
2026-09-06 15:05:00,80.7,79,83,33.1,0,0,0
2026-09-06 15:10:00,80.7,45,86,35.2,0,0,0
2026-09-06 15:15:00,82.4,35,80,34.3,0,0,0
2026-09-06 15:20:00,81.7,36,84,33.1,0,0,0
2026-09-06 15:25:00,81.6,46,84,29.3,0,0,0
2026-09-06 15:30:00,81.7,47,82,35.7,0,0,0
2026-09-06 15:35:00,78.5,60,85,30.6,0,0,0
2026-09-06 15:40:00,77.0,84,86,33.7,0,0,0
2026-09-06 15:45:00,77.3,44,83,36.2,0,0,0
2026-09-06 15:50:00,78.8,55,85,32.8,0,0,0
2026-09-06 15:55:00,82.3,76,87,30.1,0,0,0
2026-09-06 16:00:00,81.3,89,88,33.5,0,0,0
2026-09-06 16:05:00,84.4,69,86,33.7,0,0,0
2026-09-06 16:10:00,78.7,35,82,29.1,0,0,0
2026-09-06 16:15:00,82.1,49,84,33.3,0,0,0
2026-09-06 16:20:00,81.7,36,80,29.7,0,0,0
2026-09-06 16:25:00,80.3,33,85,30.5,0,0,0
2026-09-06 16:30:00,81.8,35,87,30.3,0,0,0
2026-09-06 16:35:00,81.1,48,84,32.4,0,0,0
2026-09-06 16:40:00,77.5,87,88,29.7,0,0,0
2026-09-06 16:45:00,78.1,104,87,33.4,0,0,0
2026-09-06 16:50:00,79.5,75,85,37.8,0,0,0
2026-09-06 16:55:00,82.1,34,84,33.2,0,0,0
2026-09-06 17:00:00,82.1,42,85,33.1,0,0,0
2026-09-06 17:05:00,80.2,18,80,33.3,0,0,0
2026-09-06 17:10:00,83.9,56,88,29.8,0,16,35
2026-09-06 17:15:00,84.5,31,91,31.2,0,0,0
2026-09-06 17:20:00,84.6,33,90,32.3,0,0,0
2026-09-06 17:25:00,88.0,514,115,33.0,0,0,0
2026-09-06 17:30:00,89.6,512,116,34.2,0,0,0
2026-09-06 17:35:00,87.0,50,85,32.9,0,0,0
2026-09-06 17:40:00,82.1,40,82,30.2,0,0,0
2026-09-06 17:45:00,82.0,44,85,37.6,0,0,0
2026-09-06 17:50:00,82.9,37,81,31.6,0,0,0
2026-09-06 17:55:00,85.0,43,83,29.9,0,0,0
2026-09-06 18:00:00,84.7,47,83,34.9,0,0,0
2026-09-06 18:05:00,81.6,54,83,33.1,0,0,0
2026-09-06 18:10:00,84.2,40,83,32.7,0,0,0
2026-09-06 18:15:00,80.8,80,83,32.8,0,0,0
2026-09-06 18:20:00,82.3,46,84,29.6,0,0,0
2026-09-06 18:25:00,80.2,71,91,30.8,0,0,0
2026-09-06 18:30:00,78.3,68,85,33.7,0,0,0
2026-09-06 18:35:00,77.4,15,85,28.3,0,0,0
2026-09-06 18:40:00,75.2,66,84,30.8,0,0,0
2026-09-06 18:45:00,76.0,102,88,35.0,0,0,0
2026-09-06 18:50:00,76.0,43,82,34.4,0,0,0
2026-09-06 18:55:00,80.5,46,83,34.2,0,0,0
2026-09-06 19:00:00,80.5,29,83,33.8,0,0,0
2026-09-06 19:05:00,91.4,33,80,32.1,0,0,0
2026-09-06 19:10:00,95.2,64,86,28.9,0,0,0
2026-09-06 19:15:00,97.7,24,83,32.3,0,0,0
2026-09-06 19:20:00,98.1,43,84,32.3,0,0,0
2026-09-06 19:25:00,100.6,51,86,33.0,0,0,0
2026-09-06 19:30:00,99.9,103,88,30.6,0,0,0
2026-09-06 19:35:00,99.0,34,85,32.1,0,0,0
2026-09-06 19:40:00,92.5,36,81,35.3,0,0,0
2026-09-06 19:45:00,94.3,98,86,33.7,0,0,0
2026-09-06 19:50:00,90.1,26,81,32.2,0,0,0
2026-09-06 19:55:00,91.8,24,80,37.9,0,0,0
2026-09-06 20:00:00,91.4,32,84,33.2,0,0,0
2026-09-06 20:05:00,91.6,27,82,33.3,0,0,0
2026-09-06 20:10:00,89.8,86,86,33.4,0,0,0
2026-09-06 20:15:00,88.2,38,85,33.7,0,0,0
2026-09-06 20:20:00,86.6,114,87,32.9,0,0,0
2026-09-06 20:25:00,88.8,779,128,31.2,0,0,0
2026-09-06 20:30:00,86.4,787,130,30.7,0,0,0
2026-09-06 20:35:00,87.1,54,81,32.4,0,0,0
2026-09-06 20:40:00,88.2,29,80,30.8,0,0,0
2026-09-06 20:45:00,89.4,34,81,29.8,0,0,0
2026-09-06 20:50:00,91.7,59,85,34.4,0,0,0
2026-09-06 20:55:00,95.8,89,84,32.9,0,0,0
2026-09-06 21:00:00,94.8,42,87,32.3,0,0,0
2026-09-06 21:05:00,93.5,48,83,31.1,0,0,0
2026-09-06 21:10:00,94.4,23,82,33.5,0,0,0
2026-09-06 21:15:00,91.1,30,81,33.9,0,0,0
2026-09-06 21:20:00,95.4,80,84,31.3,0,0,0
2026-09-06 21:25:00,94.9,44,82,31.3,0,55,50
2026-09-06 21:30:00,96.7,68,87,31.6,0,0,0
2026-09-06 21:35:00,101.6,59,88,31.0,0,0,0
2026-09-06 21:40:00,101.5,589,120,33.9,0,0,0
2026-09-06 21:45:00,100.2,626,123,34.8,0,0,0
2026-09-06 21:50:00,99.7,45,89,29.7,0,0,0
2026-09-06 21:55:00,102.7,54,83,30.3,0,0,0
2026-09-06 22:00:00,103.5,64,87,30.1,0,0,0
2026-09-06 22:05:00,105.6,52,81,32.4,0,0,0
2026-09-06 22:10:00,100.6,40,80,33.2,0,0,0
2026-09-06 22:15:00,101.2,48,83,30.6,0,0,0
2026-09-06 22:20:00,100.8,77,89,30.0,0,0,0
2026-09-06 22:25:00,100.8,148,90,36.4,0,0,0
2026-09-06 22:30:00,103.3,57,84,33.9,0,0,0
2026-09-06 22:35:00,103.9,38,85,32.8,0,0,0
2026-09-06 22:40:00,103.2,61,87,35.5,0,0,0
2026-09-06 22:45:00,100.8,64,86,32.4,0,0,0
2026-09-06 22:50:00,98.8,26,81,32.8,0,0,0
2026-09-06 22:55:00,102.2,149,91,35.2,0,0,0
2026-09-06 23:00:00,99.8,39,86,33.5,0,0,0
2026-09-06 23:05:00,99.2,31,80,29.6,0,0,0
2026-09-06 23:10:00,100.1,52,82,35.2,0,0,0
2026-09-06 23:15:00,101.4,40,82,33.4,0,0,0
2026-09-06 23:20:00,102.7,58,87,32.4,0,0,0
2026-09-06 23:25:00,102.7,61,81,29.6,0,0,0
2026-09-06 23:30:00,102.5,72,86,31.2,0,0,0
2026-09-06 23:35:00,106.0,58,85,35.6,0,0,0
2026-09-06 23:40:00,105.8,70,84,31.8,0,0,0
2026-09-06 23:45:00,107.6,26,83,30.8,0,0,0
2026-09-06 23:50:00,105.8,57,88,33.7,0,0,0
2026-09-06 23:55:00,106.0,43,85,33.5,0,0,0
2026-09-07 00:00:00,100.1,71,86,32.2,0,0,0
2026-09-07 00:05:00,98.4,44,88,32.0,0,0,0
2026-09-07 00:10:00,97.3,93,87,34.9,0,0,0
2026-09-07 00:15:00,96.4,0,72,52.0,1,0,0
2026-09-07 00:20:00,101.7,0,70,57.2,1,0,0
2026-09-07 00:25:00,100.8,1,75,56.1,1,0,0
2026-09-07 00:30:00,100.8,0,75,52.9,1,0,0
2026-09-07 00:35:00,101.7,1,73,55.5,1,0,0
2026-09-07 00:40:00,98.3,0,74,53.3,1,0,0
2026-09-07 00:45:00,97.4,0,74,54.5,1,0,0
2026-09-07 00:50:00,96.4,0,73,52.3,1,0,0
2026-09-07 00:55:00,95.7,1,72,53.0,1,0,0
2026-09-07 01:00:00,95.9,1,71,51.4,1,0,0
2026-09-07 01:05:00,94.6,0,70,54.5,1,0,0
2026-09-07 01:10:00,91.7,0,76,53.5,1,0,0
2026-09-07 01:15:00,92.8,1,70,53.5,1,0,0
2026-09-07 01:20:00,91.5,0,76,51.9,1,0,0
2026-09-07 01:25:00,92.7,1,70,53.8,1,0,0
2026-09-07 01:30:00,94.7,1,77,52.0,1,0,0
2026-09-07 01:35:00,93.3,0,71,56.2,1,0,0
2026-09-07 01:40:00,93.6,0,75,50.0,1,0,0
2026-09-07 01:45:00,92.4,0,67,52.4,1,0,0
2026-09-07 01:50:00,92.8,1,73,55.8,1,0,0
2026-09-07 01:55:00,93.2,0,75,48.8,1,0,0
2026-09-07 02:00:00,93.8,1,72,52.3,1,0,0
2026-09-07 02:05:00,96.4,0,74,55.8,1,0,0
2026-09-07 02:10:00,95.1,1,71,51.2,1,0,0
2026-09-07 02:15:00,95.1,0,72,53.7,1,0,0
2026-09-07 02:20:00,97.2,0,74,51.4,1,0,0
2026-09-07 02:25:00,97.7,0,69,54.9,1,0,0
2026-09-07 02:30:00,98.3,0,72,57.0,1,0,0
2026-09-07 02:35:00,98.4,1,72,57.0,1,0,0
2026-09-07 02:40:00,100.2,0,70,51.4,1,0,0
2026-09-07 02:45:00,99.4,0,74,53.0,1,0,0
2026-09-07 02:50:00,99.5,0,73,51.2,1,0,0
2026-09-07 02:55:00,98.6,0,75,54.6,1,0,0
2026-09-07 03:00:00,98.8,0,77,54.6,1,0,0
2026-09-07 03:05:00,101.9,0,75,54.0,1,0,0
2026-09-07 03:10:00,99.0,0,75,56.0,1,0,0
2026-09-07 03:15:00,95.7,0,77,58.1,1,0,0
2026-09-07 03:20:00,96.2,0,74,54.1,1,0,0
2026-09-07 03:25:00,95.7,0,73,52.8,1,0,0
2026-09-07 03:30:00,100.6,0,74,56.1,1,0,0
2026-09-07 03:35:00,101.2,1,70,50.5,1,0,0
2026-09-07 03:40:00,101.8,0,69,54.1,1,0,0
2026-09-07 03:45:00,100.7,0,72,54.3,1,0,0
2026-09-07 03:50:00,100.1,1,73,52.8,1,0,0
2026-09-07 03:55:00,98.7,0,75,49.6,1,0,0
2026-09-07 04:00:00,97.4,0,74,54.7,1,0,0
2026-09-07 04:05:00,99.7,0,73,54.5,1,0,0
2026-09-07 04:10:00,98.4,2,71,55.6,1,0,0
2026-09-07 04:15:00,98.5,0,70,54.8,1,0,0
2026-09-07 04:20:00,97.9,0,74,50.9,1,0,0
2026-09-07 04:25:00,96.7,0,74,52.6,1,0,0
2026-09-07 04:30:00,97.4,0,71,55.5,1,0,0
2026-09-07 04:35:00,99.2,0,72,51.6,1,0,0
2026-09-07 04:40:00,99.4,0,69,54.3,1,0,0
2026-09-07 04:45:00,97.3,1,75,55.5,1,0,0
2026-09-07 04:50:00,101.7,1,76,50.4,1,0,0
2026-09-07 04:55:00,101.1,1,75,53.6,1,0,0
2026-09-07 05:00:00,102.0,0,74,53.6,1,0,0
2026-09-07 05:05:00,97.4,0,74,52.5,1,0,0
2026-09-07 05:10:00,97.4,0,71,55.6,1,0,0
2026-09-07 05:15:00,95.8,2,73,51.9,1,0,0
2026-09-07 05:20:00,98.1,0,72,54.6,1,0,0
2026-09-07 05:25:00,100.4,1,72,57.2,1,0,0
2026-09-07 05:30:00,101.3,1,73,58.8,1,0,0
2026-09-07 05:35:00,102.6,1,75,50.3,1,0,0
2026-09-07 05:40:00,101.3,0,73,52.2,1,0,0
2026-09-07 05:45:00,102.7,1,73,52.6,1,0,0
2026-09-07 05:50:00,105.8,0,70,52.6,1,0,0
2026-09-07 05:55:00,102.9,0,74,54.6,1,0,0
2026-09-07 06:00:00,102.6,0,73,55.2,1,0,0
2026-09-07 06:05:00,104.5,0,74,53.6,1,0,0
2026-09-07 06:10:00,103.8,1,77,55.1,1,0,0
2026-09-07 06:15:00,103.0,0,73,54.0,1,0,0
2026-09-07 06:20:00,100.4,1,72,50.8,1,0,0
2026-09-07 06:25:00,102.5,0,71,54.5,1,0,0
2026-09-07 06:30:00,101.0,0,73,53.3,1,0,0
2026-09-07 06:35:00,98.9,35,84,37.2,0,0,0
2026-09-07 06:40:00,101.0,33,83,30.1,0,0,0
2026-09-07 06:45:00,101.3,101,85,32.1,0,0,0
2026-09-07 06:50:00,104.2,71,86,33.5,0,0,0
2026-09-07 06:55:00,101.3,29,83,33.0,0,0,0
2026-09-07 07:00:00,104.8,38,84,32.4,0,0,0
2026-09-07 07:05:00,104.6,23,80,32.8,0,0,0
2026-09-07 07:10:00,101.7,140,91,32.5,0,0,0
2026-09-07 07:15:00,100.8,39,83,36.5,0,0,0
2026-09-07 07:20:00,101.8,46,86,31.6,0,0,0
2026-09-07 07:25:00,103.2,13,80,27.7,0,0,0
2026-09-07 07:30:00,103.1,59,84,36.1,0,51,70
2026-09-07 07:35:00,105.5,99,90,31.2,0,0,0
2026-09-07 07:40:00,105.5,45,86,29.5,0,0,0
2026-09-07 07:45:00,106.7,557,120,34.0,0,0,0
2026-09-07 07:50:00,104.8,541,116,34.9,0,0,0
2026-09-07 07:55:00,103.0,29,84,36.0,0,0,0
2026-09-07 08:00:00,102.0,47,85,33.3,0,0,0
2026-09-07 08:05:00,103.7,35,84,30.5,0,0,0
2026-09-07 08:10:00,102.1,49,84,33.5,0,0,0
2026-09-07 08:15:00,97.9,28,85,30.4,0,0,0
2026-09-07 08:20:00,96.6,22,80,34.8,0,0,0
2026-09-07 08:25:00,98.2,430,106,31.7,0,0,0
2026-09-07 08:30:00,94.6,511,110,31.1,0,0,0
2026-09-07 08:35:00,90.4,28,83,34.0,0,0,0
2026-09-07 08:40:00,88.4,34,83,33.7,0,0,0
2026-09-07 08:45:00,86.1,28,84,35.1,0,0,0
2026-09-07 08:50:00,82.7,78,83,34.9,0,0,0
2026-09-07 08:55:00,79.7,52,82,32.4,0,0,0
2026-09-07 09:00:00,77.9,69,83,32.3,0,0,0
2026-09-07 09:05:00,79.9,59,88,32.2,0,0,0
2026-09-07 09:10:00,78.5,30,81,35.1,0,0,0
2026-09-07 09:15:00,75.5,73,86,31.1,0,0,0
2026-09-07 09:20:00,76.4,45,82,32.7,0,0,0
2026-09-07 09:25:00,75.6,92,84,32.3,0,0,0
2026-09-07 09:30:00,75.4,59,87,31.8,0,0,0
2026-09-07 09:35:00,76.6,73,82,31.8,0,0,0
2026-09-07 09:40:00,73.1,30,82,35.1,0,0,0
2026-09-07 09:45:00,71.5,70,84,32.5,0,0,0
2026-09-07 09:50:00,72.8,46,85,33.2,0,0,0
2026-09-07 09:55:00,72.0,38,85,33.2,0,0,0
2026-09-07 10:00:00,67.4,46,81,35.2,0,0,0
2026-09-07 10:05:00,67.0,70,87,30.4,0,0,0
2026-09-07 10:10:00,68.0,49,86,31.8,0,0,0
2026-09-07 10:15:00,70.3,43,80,30.4,0,0,0
2026-09-07 10:20:00,72.2,49,84,35.2,0,0,0
2026-09-07 10:25:00,70.1,52,82,33.5,0,0,0
2026-09-07 10:30:00,69.2,27,83,37.4,0,0,0
2026-09-07 10:35:00,67.7,77,84,36.9,0,0,0
2026-09-07 10:40:00,70.7,61,84,30.3,0,0,0
2026-09-07 10:45:00,70.6,47,84,34.7,0,0,0
2026-09-07 10:50:00,69.9,67,86,33.0,0,0,0
2026-09-07 10:55:00,70.6,64,86,39.2,0,0,0
2026-09-07 11:00:00,69.8,49,84,31.6,0,0,0
2026-09-07 11:05:00,67.3,90,83,36.4,0,0,0
2026-09-07 11:10:00,70.9,61,85,30.5,0,0,0
2026-09-07 11:15:00,69.0,43,86,31.3,0,0,0
2026-09-07 11:20:00,66.8,26,87,30.6,0,0,0
2026-09-07 11:25:00,67.4,56,88,30.3,0,0,0
2026-09-07 11:30:00,66.3,42,84,35.3,0,0,0
2026-09-07 11:35:00,67.9,58,83,31.5,0,0,0
2026-09-07 11:40:00,70.0,26,83,36.8,0,0,0
2026-09-07 11:45:00,74.4,28,81,33.6,0,0,0
2026-09-07 11:50:00,71.7,40,84,32.5,0,0,0
2026-09-07 11:55:00,73.7,59,83,31.6,0,0,0
2026-09-07 12:00:00,72.1,51,82,35.7,0,0,0
2026-09-07 12:05:00,71.2,29,80,34.2,0,0,0
2026-09-07 12:10:00,70.1,30,77,30.1,0,0,0
2026-09-07 12:15:00,71.1,57,84,34.7,0,0,0
2026-09-07 12:20:00,66.8,30,83,33.1,0,0,0
2026-09-07 12:25:00,66.5,28,84,38.7,0,0,0
2026-09-07 12:30:00,69.1,26,87,32.9,0,0,0
2026-09-07 12:35:00,71.2,51,83,29.4,0,0,0
2026-09-07 12:40:00,76.4,56,86,33.2,0,0,0
2026-09-07 12:45:00,78.6,41,87,29.3,0,0,0
2026-09-07 12:50:00,72.4,16,83,29.2,0,0,0
2026-09-07 12:55:00,75.6,44,83,33.8,0,0,0
2026-09-07 13:00:00,76.1,25,84,32.1,0,0,0
2026-09-07 13:05:00,78.7,53,84,31.9,0,0,0
2026-09-07 13:10:00,78.3,31,84,33.1,0,0,0
2026-09-07 13:15:00,78.2,44,87,35.8,0,0,0
2026-09-07 13:20:00,82.5,162,93,32.8,0,0,0
2026-09-07 13:25:00,82.0,26,87,28.4,0,0,0
2026-09-07 13:30:00,99.2,133,92,30.7,0,0,0
2026-09-07 13:35:00,94.7,21,81,34.7,0,0,0
2026-09-07 13:40:00,93.3,39,84,34.0,0,0,0
2026-09-07 13:45:00,96.7,43,83,35.6,0,0,0
2026-09-07 13:50:00,98.2,28,84,32.1,0,0,0
2026-09-07 13:55:00,102.3,23,88,34.8,0,78,75
2026-09-07 14:00:00,104.6,36,85,31.4,0,0,0
2026-09-07 14:05:00,106.6,80,93,35.1,0,0,0
2026-09-07 14:10:00,104.3,571,115,34.5,0,0,0
2026-09-07 14:15:00,104.0,608,120,34.7,0,0,0
2026-09-07 14:20:00,107.1,51,85,34.2,0,0,0
2026-09-07 14:25:00,105.3,56,84,32.0,0,0,0
2026-09-07 14:30:00,105.0,52,87,33.0,0,0,0
2026-09-07 14:35:00,101.5,27,85,34.9,0,0,0
2026-09-07 14:40:00,100.9,84,86,33.9,0,0,0
2026-09-07 14:45:00,100.7,43,84,34.6,0,0,0
2026-09-07 14:50:00,93.1,28,81,31.9,0,0,0
2026-09-07 14:55:00,87.9,44,80,34.5,0,0,0
2026-09-07 15:00:00,85.7,64,84,34.2,0,0,0
2026-09-07 15:05:00,81.6,30,84,32.7,0,0,0
2026-09-07 15:10:00,80.7,54,85,31.4,0,0,0
2026-09-07 15:15:00,77.0,28,80,31.9,0,0,0
2026-09-07 15:20:00,73.9,50,83,34.4,0,0,0
2026-09-07 15:25:00,76.1,48,81,37.2,0,0,0
2026-09-07 15:30:00,75.7,27,83,30.5,0,0,0
2026-09-07 15:35:00,73.5,25,87,32.3,0,0,0
2026-09-07 15:40:00,69.0,78,85,33.8,0,0,0
2026-09-07 15:45:00,64.6,61,85,33.8,0,0,0
2026-09-07 15:50:00,61.7,27,86,34.4,0,0,0
2026-09-07 15:55:00,60.0,32,86,32.8,0,0,0
2026-09-07 16:00:00,58.9,31,79,34.7,0,0,0
2026-09-07 16:05:00,54.8,30,84,34.6,0,0,0
2026-09-07 16:10:00,55.7,34,79,35.1,0,0,0
2026-09-07 16:15:00,54.3,46,82,35.3,0,0,0
2026-09-07 16:20:00,48.3,45,85,34.4,0,0,0
2026-09-07 16:25:00,48.9,36,82,32.9,0,0,0
2026-09-07 16:30:00,46.6,50,84,29.6,0,0,0
2026-09-07 16:35:00,43.6,83,85,33.8,0,0,0
2026-09-07 16:40:00,42.2,13,83,35.4,0,0,0
2026-09-07 16:45:00,40.0,21,82,30.7,0,0,0
2026-09-07 16:50:00,41.3,38,82,30.4,0,0,0
2026-09-07 16:55:00,42.7,36,86,34.4,0,0,0
2026-09-07 17:00:00,42.3,31,81,30.7,0,0,0
2026-09-07 17:05:00,42.9,36,82,34.1,0,0,0
2026-09-07 17:10:00,46.6,64,84,35.2,0,0,0
2026-09-07 17:15:00,48.2,42,82,33.1,0,0,0
2026-09-07 17:20:00,51.1,71,84,32.7,0,0,0
2026-09-07 17:25:00,51.5,38,81,34.9,0,0,0
2026-09-07 17:30:00,49.4,33,84,35.5,0,0,0
2026-09-07 17:35:00,47.6,155,93,31.3,0,0,0
2026-09-07 17:40:00,48.1,41,82,33.1,0,0,0
2026-09-07 17:45:00,45.1,37,84,33.9,0,21,50
2026-09-07 17:50:00,48.1,57,89,33.3,0,0,0
2026-09-07 17:55:00,48.3,63,88,33.2,0,0,0
2026-09-07 18:00:00,47.7,480,114,31.8,0,0,0
2026-09-07 18:05:00,48.3,450,113,34.8,0,0,0
2026-09-07 18:10:00,51.1,54,86,31.3,0,0,0
2026-09-07 18:15:00,52.1,76,83,34.3,0,0,0
2026-09-07 18:20:00,48.6,45,82,30.1,0,0,0
2026-09-07 18:25:00,48.2,42,86,34.6,0,0,0
2026-09-07 18:30:00,47.6,49,84,31.6,0,0,0
2026-09-07 18:35:00,50.9,60,87,31.4,0,0,0
2026-09-07 18:40:00,50.0,55,81,35.5,0,0,0
2026-09-07 18:45:00,55.1,73,85,29.8,0,0,0
2026-09-07 18:50:00,58.5,109,90,32.7,0,0,0
2026-09-07 18:55:00,59.7,46,85,31.5,0,0,0
2026-09-07 19:00:00,56.0,87,89,31.2,0,0,0
2026-09-07 19:05:00,56.1,45,85,33.9,0,0,0
2026-09-07 19:10:00,53.3,39,84,31.7,0,0,0
2026-09-07 19:15:00,53.6,19,83,29.3,0,0,0
2026-09-07 19:20:00,56.5,25,82,35.5,0,0,0
2026-09-07 19:25:00,56.3,44,83,36.6,0,0,0
2026-09-07 19:30:00,55.5,38,84,34.7,0,0,0
2026-09-07 19:35:00,59.8,52,85,31.5,0,0,0
2026-09-07 19:40:00,58.5,41,86,33.0,0,0,0
2026-09-07 19:45:00,59.2,23,81,34.5,0,0,0
2026-09-07 19:50:00,58.3,15,82,31.3,0,0,0
2026-09-07 19:55:00,89.3,132,90,29.6,0,0,0
2026-09-07 20:00:00,90.2,41,87,30.5,0,0,0
2026-09-07 20:05:00,86.6,20,84,34.9,0,0,0
2026-09-07 20:10:00,84.3,32,86,32.6,0,0,0
2026-09-07 20:15:00,79.9,90,86,32.3,0,0,0
2026-09-07 20:20:00,81.5,31,85,32.4,0,0,0
2026-09-07 20:25:00,80.8,40,85,29.5,0,0,0
2026-09-07 20:30:00,83.3,34,80,35.1,0,0,0
2026-09-07 20:35:00,84.6,34,87,33.7,0,0,0
2026-09-07 20:40:00,84.2,32,80,32.2,0,0,0
2026-09-07 20:45:00,82.5,64,85,30.3,0,0,0
2026-09-07 20:50:00,81.2,25,84,30.0,0,0,0
2026-09-07 20:55:00,80.0,56,82,32.0,0,0,0
2026-09-07 21:00:00,77.5,20,82,35.9,0,0,0
2026-09-07 21:05:00,78.8,69,86,35.5,0,0,0
2026-09-07 21:10:00,78.4,81,92,35.9,0,53,55
2026-09-07 21:15:00,82.9,82,87,33.3,0,0,0
2026-09-07 21:20:00,84.9,36,84,34.1,0,0,0
2026-09-07 21:25:00,85.5,466,112,33.5,0,0,0
2026-09-07 21:30:00,85.9,529,119,34.6,0,0,0
2026-09-07 21:35:00,84.2,102,87,35.3,0,0,0
2026-09-07 21:40:00,83.3,14,82,31.4,0,0,0
2026-09-07 21:45:00,82.1,43,83,32.2,0,0,0
2026-09-07 21:50:00,83.4,76,86,29.1,0,0,0
2026-09-07 21:55:00,80.9,44,82,31.6,0,0,0
2026-09-07 22:00:00,80.8,53,86,34.7,0,0,0
2026-09-07 22:05:00,81.2,74,86,32.8,0,0,0
2026-09-07 22:10:00,80.1,150,89,33.3,0,0,0
2026-09-07 22:15:00,78.0,46,84,32.5,0,0,0
2026-09-07 22:20:00,76.9,49,83,34.1,0,0,0
2026-09-07 22:25:00,72.8,28,79,33.0,0,0,0
2026-09-07 22:30:00,72.4,44,85,32.6,0,0,0
2026-09-07 22:35:00,68.5,104,92,36.3,0,0,0
2026-09-07 22:40:00,64.9,18,79,34.1,0,0,0
2026-09-07 22:45:00,64.2,44,85,33.7,0,0,0
2026-09-07 22:50:00,64.6,26,83,35.6,0,0,0
2026-09-07 22:55:00,63.7,25,83,29.5,0,0,0
2026-09-07 23:00:00,63.5,35,80,32.8,0,0,0
2026-09-07 23:05:00,62.7,62,84,33.0,0,0,0
2026-09-07 23:10:00,60.5,65,82,32.7,0,0,0
2026-09-07 23:15:00,61.0,60,85,33.9,0,0,0
2026-09-07 23:20:00,58.0,37,84,29.6,0,0,0
2026-09-07 23:25:00,57.8,73,85,36.3,0,0,0
2026-09-07 23:30:00,59.4,31,82,30.2,0,0,0
2026-09-07 23:35:00,56.5,0,75,54.1,1,0,0
2026-09-07 23:40:00,54.5,1,74,52.0,1,0,0
2026-09-07 23:45:00,63.6,1,73,53.3,1,0,0
2026-09-07 23:50:00,62.6,1,74,53.6,1,0,0
2026-09-07 23:55:00,65.8,1,77,55.2,1,0,0
2026-09-08 00:00:00,73.5,0,75,49.8,1,0,0
2026-09-08 00:05:00,72.5,1,74,47.6,1,0,0
2026-09-08 00:10:00,74.3,0,74,50.0,1,0,0
2026-09-08 00:15:00,76.1,0,73,52.7,1,0,0
2026-09-08 00:20:00,73.9,2,74,51.0,1,0,0
2026-09-08 00:25:00,72.1,0,77,46.6,1,0,0
2026-09-08 00:30:00,74.3,0,74,53.5,1,0,0
2026-09-08 00:35:00,75.7,0,73,52.8,1,0,0
2026-09-08 00:40:00,77.2,0,71,52.3,1,0,0
2026-09-08 00:45:00,75.9,0,75,49.9,1,0,0
2026-09-08 00:50:00,78.7,0,73,51.7,1,0,0
2026-09-08 00:55:00,78.7,1,74,53.5,1,0,0
2026-09-08 01:00:00,81.1,0,71,50.0,1,0,0
2026-09-08 01:05:00,79.5,0,74,46.9,1,0,0
2026-09-08 01:10:00,81.7,1,72,52.3,1,0,0
2026-09-08 01:15:00,80.4,0,76,54.7,1,0,0
2026-09-08 01:20:00,81.0,0,68,50.5,1,0,0
2026-09-08 01:25:00,84.4,0,78,49.2,1,0,0
2026-09-08 01:30:00,82.9,0,74,51.3,1,0,0
2026-09-08 01:35:00,80.0,0,73,54.9,1,0,0
2026-09-08 01:40:00,78.6,0,72,52.7,1,0,0
2026-09-08 01:45:00,77.9,1,74,50.5,1,0,0
2026-09-08 01:50:00,78.7,0,74,52.5,1,0,0
2026-09-08 01:55:00,81.3,0,72,49.8,1,0,0
2026-09-08 02:00:00,82.1,0,72,49.5,1,0,0
2026-09-08 02:05:00,81.2,2,72,53.7,1,0,0
2026-09-08 02:10:00,80.7,0,70,53.6,1,0,0
2026-09-08 02:15:00,77.4,0,73,55.2,1,0,0
2026-09-08 02:20:00,78.6,0,72,50.4,1,0,0
2026-09-08 02:25:00,77.9,0,75,52.9,1,0,0
2026-09-08 02:30:00,78.4,2,73,55.5,1,0,0
2026-09-08 02:35:00,76.3,0,73,49.6,1,0,0
2026-09-08 02:40:00,80.1,0,68,52.3,1,0,0
2026-09-08 02:45:00,78.7,0,71,48.8,1,0,0
2026-09-08 02:50:00,78.9,0,75,51.5,1,0,0
2026-09-08 02:55:00,83.5,1,75,54.6,1,0,0
2026-09-08 03:00:00,83.4,1,70,50.1,1,0,0
2026-09-08 03:05:00,81.8,0,75,50.5,1,0,0
2026-09-08 03:10:00,98.0,0,73,52.0,1,0,0
2026-09-08 03:15:00,96.4,0,71,51.6,1,0,0
2026-09-08 03:20:00,96.5,0,75,50.8,1,0,0
2026-09-08 03:25:00,97.4,0,74,56.6,1,0,0
2026-09-08 03:30:00,97.3,1,73,52.4,1,0,0
2026-09-08 03:35:00,95.8,1,75,54.8,1,0,0
2026-09-08 03:40:00,97.4,0,72,51.8,1,0,0
2026-09-08 03:45:00,101.8,0,74,52.8,1,0,0
2026-09-08 03:50:00,102.9,0,75,49.0,1,0,0
2026-09-08 03:55:00,104.7,0,73,53.0,1,0,0
2026-09-08 04:00:00,104.7,0,75,49.8,1,0,0
2026-09-08 04:05:00,108.1,0,73,49.9,1,0,0
2026-09-08 04:10:00,107.8,0,73,53.0,1,0,0
2026-09-08 04:15:00,104.6,0,70,52.4,1,0,0
2026-09-08 04:20:00,107.4,0,74,53.1,1,0,0
2026-09-08 04:25:00,103.9,0,73,50.7,1,0,0
2026-09-08 04:30:00,103.0,2,73,53.2,1,0,0
2026-09-08 04:35:00,101.3,0,75,52.9,1,0,0
2026-09-08 04:40:00,101.8,1,74,50.7,1,0,0
2026-09-08 04:45:00,100.8,1,74,53.1,1,0,0
2026-09-08 04:50:00,103.1,0,73,53.3,1,0,0
2026-09-08 04:55:00,99.1,0,76,53.4,1,0,0
2026-09-08 05:00:00,99.9,1,73,49.4,1,0,0
2026-09-08 05:05:00,103.2,0,74,53.3,1,0,0
2026-09-08 05:10:00,106.4,0,68,52.8,1,0,0
2026-09-08 05:15:00,110.4,0,72,51.5,1,0,0
2026-09-08 05:20:00,109.2,0,74,52.2,1,0,0
2026-09-08 05:25:00,108.0,0,72,53.5,1,0,0
2026-09-08 05:30:00,109.3,0,73,54.5,1,0,0
2026-09-08 05:35:00,106.0,0,74,53.3,1,0,0
2026-09-08 05:40:00,107.9,0,71,53.5,1,0,0
2026-09-08 05:45:00,110.0,0,74,50.5,1,0,0
2026-09-08 05:50:00,112.7,0,72,52.2,1,0,0
2026-09-08 05:55:00,111.4,0,73,50.7,1,0,0
2026-09-08 06:00:00,113.9,0,76,52.1,1,0,0
2026-09-08 06:05:00,115.8,1,76,53.6,1,0,0
2026-09-08 06:10:00,113.6,0,73,50.7,1,0,0
2026-09-08 06:15:00,111.4,0,71,52.6,1,0,0
2026-09-08 06:20:00,110.3,1,74,49.6,1,0,0
2026-09-08 06:25:00,109.5,0,71,52.6,1,0,0
2026-09-08 06:30:00,109.1,0,78,56.6,1,0,0
2026-09-08 06:35:00,110.4,0,77,53.6,1,0,0
2026-09-08 06:40:00,111.3,0,76,52.4,1,0,0
2026-09-08 06:45:00,109.6,0,74,52.4,1,0,0
2026-09-08 06:50:00,109.6,0,73,50.7,1,0,0
2026-09-08 06:55:00,107.1,84,89,27.1,0,0,0
2026-09-08 07:00:00,106.6,52,86,30.9,0,0,0
2026-09-08 07:05:00,106.6,65,85,31.0,0,0,0
2026-09-08 07:10:00,106.9,41,86,30.8,0,32,50
2026-09-08 07:15:00,105.8,58,90,32.7,0,0,0
2026-09-08 07:20:00,108.9,51,84,32.6,0,0,0
2026-09-08 07:25:00,110.1,536,116,32.3,0,0,0
2026-09-08 07:30:00,111.6,576,116,33.7,0,0,0
2026-09-08 07:35:00,106.5,27,87,33.1,0,0,0
2026-09-08 07:40:00,103.4,27,81,31.3,0,0,0
2026-09-08 07:45:00,104.7,46,86,33.5,0,0,0
2026-09-08 07:50:00,102.9,24,83,30.8,0,0,0
2026-09-08 07:55:00,104.3,112,89,29.9,0,0,0
2026-09-08 08:00:00,107.1,50,85,34.0,0,0,0
2026-09-08 08:05:00,102.8,46,85,30.4,0,0,0
2026-09-08 08:10:00,104.6,37,84,32.9,0,0,0
2026-09-08 08:15:00,103.2,41,87,34.5,0,0,0
2026-09-08 08:20:00,103.8,33,82,29.2,0,0,0
2026-09-08 08:25:00,101.7,38,83,32.6,0,0,0
2026-09-08 08:30:00,99.9,23,85,29.6,0,0,0
2026-09-08 08:35:00,104.7,51,86,34.4,0,0,0
2026-09-08 08:40:00,103.6,30,83,30.6,0,0,0
2026-09-08 08:45:00,100.8,111,91,34.1,0,0,0
2026-09-08 08:50:00,95.8,74,84,33.4,0,0,0
2026-09-08 08:55:00,95.9,15,80,32.5,0,0,0
2026-09-08 09:00:00,93.2,30,84,32.6,0,0,0
2026-09-08 09:05:00,89.9,43,88,28.6,0,0,0
2026-09-08 09:10:00,88.1,50,83,31.9,0,0,0
2026-09-08 09:15:00,87.2,27,81,31.7,0,0,0
2026-09-08 09:20:00,89.6,54,85,28.4,0,0,0
2026-09-08 09:25:00,88.0,41,81,32.3,0,0,0
2026-09-08 09:30:00,90.3,73,85,34.0,0,0,0
2026-09-08 09:35:00,90.0,536,114,33.9,0,0,0
2026-09-08 09:40:00,86.8,574,113,32.0,0,0,0
2026-09-08 09:45:00,83.4,537,114,28.8,0,0,0
2026-09-08 09:50:00,85.9,46,87,33.4,0,0,0
2026-09-08 09:55:00,84.8,50,82,34.0,0,0,0
2026-09-08 10:00:00,83.0,39,80,31.3,0,0,0
2026-09-08 10:05:00,83.3,56,87,32.2,0,0,0
2026-09-08 10:10:00,82.5,51,83,34.5,0,0,0
2026-09-08 10:15:00,81.0,85,87,30.6,0,0,0
2026-09-08 10:20:00,85.1,60,85,32.8,0,0,0
2026-09-08 10:25:00,83.9,372,106,32.0,0,0,0
2026-09-08 10:30:00,86.9,400,105,30.2,0,0,0
2026-09-08 10:35:00,90.7,379,106,29.0,0,0,0
2026-09-08 10:40:00,91.0,28,87,35.0,0,0,0
2026-09-08 10:45:00,92.5,25,81,31.7,0,0,0
2026-09-08 10:50:00,93.2,52,86,37.8,0,0,0
2026-09-08 10:55:00,89.7,65,88,34.2,0,0,0
2026-09-08 11:00:00,88.1,37,80,31.0,0,0,0
2026-09-08 11:05:00,87.9,43,82,31.8,0,0,0
2026-09-08 11:10:00,88.4,31,82,33.3,0,0,0
2026-09-08 11:15:00,91.0,81,89,29.9,0,0,0
2026-09-08 11:20:00,89.5,55,87,33.1,0,0,0
2026-09-08 11:25:00,92.4,49,85,31.9,0,0,0
2026-09-08 11:30:00,89.1,47,80,33.8,0,0,0
2026-09-08 11:35:00,91.3,37,85,31.8,0,0,0
2026-09-08 11:40:00,91.2,27,87,32.1,0,0,0
2026-09-08 11:45:00,92.0,46,84,32.5,0,0,0
2026-09-08 11:50:00,91.4,27,82,29.3,0,0,0
2026-09-08 11:55:00,92.1,55,84,30.5,0,0,0
2026-09-08 12:00:00,94.6,28,84,29.5,0,0,0
2026-09-08 12:05:00,96.0,69,85,27.3,0,0,0
2026-09-08 12:10:00,96.4,106,88,29.5,0,0,0
2026-09-08 12:15:00,98.5,72,89,30.3,0,0,0
2026-09-08 12:20:00,98.6,38,79,30.5,0,0,0
2026-09-08 12:25:00,98.0,50,84,34.4,0,0,0
2026-09-08 12:30:00,99.7,47,88,29.9,0,0,0
2026-09-08 12:35:00,99.4,52,84,32.8,0,0,0
2026-09-08 12:40:00,93.9,22,83,25.5,0,0,0
2026-09-08 12:45:00,94.7,34,82,33.8,0,0,0
2026-09-08 12:50:00,96.9,44,83,30.2,0,0,0
2026-09-08 12:55:00,95.7,57,91,31.5,0,0,0
2026-09-08 13:00:00,97.1,50,82,28.2,0,0,0
2026-09-08 13:05:00,96.4,36,83,31.0,0,0,0
2026-09-08 13:10:00,106.3,29,83,31.8,0,0,0
2026-09-08 13:15:00,104.8,60,81,28.1,0,0,0
2026-09-08 13:20:00,101.8,17,81,32.4,0,0,0
2026-09-08 13:25:00,100.7,61,91,33.6,0,73,75
2026-09-08 13:30:00,99.1,45,90,37.0,0,0,0
2026-09-08 13:35:00,100.7,38,90,33.8,0,0,0
2026-09-08 13:40:00,101.8,461,111,35.7,0,0,0
2026-09-08 13:45:00,102.9,425,109,31.6,0,0,0
2026-09-08 13:50:00,102.3,42,86,33.0,0,0,0
2026-09-08 13:55:00,97.9,66,86,30.5,0,0,0
2026-09-08 14:00:00,97.7,37,83,30.3,0,0,0
2026-09-08 14:05:00,95.6,33,83,33.6,0,0,0
2026-09-08 14:10:00,94.4,29,82,30.8,0,0,0
2026-09-08 14:15:00,90.9,50,86,33.0,0,0,0
2026-09-08 14:20:00,86.4,20,82,32.7,0,0,0
2026-09-08 14:25:00,82.5,41,85,31.8,0,0,0
2026-09-08 14:30:00,83.5,96,88,36.3,0,0,0
2026-09-08 14:35:00,83.4,19,83,32.3,0,0,0
2026-09-08 14:40:00,80.2,47,87,30.4,0,0,0
2026-09-08 14:45:00,78.0,55,83,32.8,0,0,0
2026-09-08 14:50:00,76.7,78,87,30.5,0,0,0
2026-09-08 14:55:00,73.6,31,83,32.6,0,0,0
2026-09-08 15:00:00,74.9,63,84,30.6,0,0,0
2026-09-08 15:05:00,72.4,21,83,33.1,0,0,0
2026-09-08 15:10:00,66.8,44,86,32.9,0,0,0
2026-09-08 15:15:00,65.9,54,84,32.9,0,0,0
2026-09-08 15:20:00,63.7,68,87,30.7,0,0,0
2026-09-08 15:25:00,57.9,31,80,29.1,0,0,0
2026-09-08 15:30:00,56.8,71,88,29.9,0,0,0
2026-09-08 15:35:00,56.2,57,85,31.7,0,0,0
2026-09-08 15:40:00,52.8,63,82,31.1,0,0,0
2026-09-08 15:45:00,53.9,61,87,31.4,0,0,0
2026-09-08 15:50:00,52.3,32,84,32.6,0,0,0
2026-09-08 15:55:00,53.8,24,84,33.0,0,0,0
2026-09-08 16:00:00,51.6,68,86,34.5,0,0,0
2026-09-08 16:05:00,51.1,508,114,34.4,0,0,0
2026-09-08 16:10:00,48.7,513,114,34.1,0,0,0
2026-09-08 16:15:00,51.5,80,92,30.4,0,0,0
2026-09-08 16:20:00,53.0,42,85,32.5,0,0,0
2026-09-08 16:25:00,51.9,38,86,30.9,0,0,0
2026-09-08 16:30:00,51.2,68,84,32.6,0,0,0
2026-09-08 16:35:00,49.6,75,88,27.3,0,0,0
2026-09-08 16:40:00,50.4,60,83,30.1,0,0,0
2026-09-08 16:45:00,50.6,10,84,29.9,0,0,0
2026-09-08 16:50:00,52.8,43,84,31.7,0,0,0
2026-09-08 16:55:00,52.1,42,83,31.3,0,0,0
2026-09-08 17:00:00,49.4,64,87,32.0,0,0,0
2026-09-08 17:05:00,51.4,43,82,30.2,0,0,0
2026-09-08 17:10:00,48.5,58,85,30.5,0,0,0
2026-09-08 17:15:00,49.6,51,84,38.3,0,0,0
2026-09-08 17:20:00,50.5,66,85,31.7,0,0,0
2026-09-08 17:25:00,51.5,45,87,30.4,0,0,0
2026-09-08 17:30:00,51.3,28,81,29.7,0,0,0
2026-09-08 17:35:00,53.0,46,86,33.3,0,0,0
2026-09-08 17:40:00,53.4,43,82,33.3,0,0,0
2026-09-08 17:45:00,53.8,26,80,29.4,0,0,0
2026-09-08 17:50:00,52.9,49,89,35.0,0,17,50
2026-09-08 17:55:00,53.3,52,85,29.4,0,0,0
2026-09-08 18:00:00,54.3,29,84,35.1,0,0,0
2026-09-08 18:05:00,56.1,474,113,32.0,0,0,0
2026-09-08 18:10:00,58.6,505,115,32.5,0,0,0
2026-09-08 18:15:00,61.9,53,92,37.3,0,0,0
2026-09-08 18:20:00,62.2,53,83,33.6,0,0,0
2026-09-08 18:25:00,59.9,30,81,31.0,0,0,0
2026-09-08 18:30:00,59.3,58,84,31.9,0,0,0
2026-09-08 18:35:00,58.5,51,83,32.8,0,0,0
2026-09-08 18:40:00,55.3,59,86,28.8,0,0,0
2026-09-08 18:45:00,57.1,32,85,32.2,0,0,0
2026-09-08 18:50:00,59.4,22,83,29.2,0,0,0
2026-09-08 18:55:00,59.6,37,85,32.1,0,0,0
2026-09-08 19:00:00,62.4,75,80,31.8,0,0,0
2026-09-08 19:05:00,61.9,55,87,33.7,0,0,0
2026-09-08 19:10:00,66.1,70,86,32.0,0,0,0
2026-09-08 19:15:00,67.1,34,82,34.9,0,0,0
2026-09-08 19:20:00,67.8,51,82,32.1,0,0,0
2026-09-08 19:25:00,92.6,45,86,31.6,0,0,0
2026-09-08 19:30:00,93.6,27,85,31.1,0,0,0
2026-09-08 19:35:00,93.4,111,83,30.7,0,0,0
2026-09-08 19:40:00,98.1,35,84,31.3,0,0,0
2026-09-08 19:45:00,99.1,60,84,31.2,0,0,0
2026-09-08 19:50:00,99.0,36,85,29.8,0,0,0
2026-09-08 19:55:00,101.1,51,84,32.0,0,0,0
2026-09-08 20:00:00,101.5,44,81,33.2,0,0,0
2026-09-08 20:05:00,102.3,49,86,29.5,0,0,0
2026-09-08 20:10:00,101.6,44,84,29.6,0,0,0
2026-09-08 20:15:00,100.8,46,83,30.7,0,0,0
2026-09-08 20:20:00,101.2,43,88,32.6,0,0,0
2026-09-08 20:25:00,98.7,50,84,33.1,0,0,0
2026-09-08 20:30:00,99.1,92,89,29.3,0,0,0
2026-09-08 20:35:00,99.2,61,86,31.5,0,0,0
2026-09-08 20:40:00,98.4,75,84,33.6,0,110,70
2026-09-08 20:45:00,100.7,43,88,33.5,0,0,0
2026-09-08 20:50:00,102.4,77,88,35.1,0,0,0
2026-09-08 20:55:00,103.6,482,113,34.0,0,0,0
2026-09-08 21:00:00,103.6,437,111,31.7,0,0,0
2026-09-08 21:05:00,98.8,28,86,32.5,0,0,0
2026-09-08 21:10:00,97.0,35,83,32.5,0,0,0
2026-09-08 21:15:00,94.1,44,82,33.1,0,0,0
2026-09-08 21:20:00,90.3,44,88,34.2,0,0,0
2026-09-08 21:25:00,87.3,62,87,32.5,0,0,0
2026-09-08 21:30:00,82.9,70,84,34.5,0,0,0
2026-09-08 21:35:00,83.1,0,74,52.4,1,0,0
2026-09-08 21:40:00,82.0,1,69,55.6,1,0,0
2026-09-08 21:45:00,72.8,0,73,52.0,1,0,0
2026-09-08 21:50:00,70.0,1,76,51.4,1,0,0
2026-09-08 21:55:00,66.3,1,76,52.1,1,0,0
2026-09-08 22:00:00,60.7,0,74,51.8,1,0,0
2026-09-08 22:05:00,56.9,0,71,51.7,1,0,0
2026-09-08 22:10:00,52.7,0,74,58.1,1,0,0
2026-09-08 22:15:00,48.5,0,74,55.9,1,0,0
2026-09-08 22:20:00,47.4,1,75,51.4,1,0,0
2026-09-08 22:25:00,47.3,1,72,55.0,1,0,0
2026-09-08 22:30:00,41.5,0,71,49.0,1,0,0
2026-09-08 22:35:00,40.0,0,71,50.2,1,0,0
2026-09-08 22:40:00,40.0,0,73,54.3,1,0,0
2026-09-08 22:45:00,40.0,0,70,50.0,1,0,0
2026-09-08 22:50:00,40.0,0,73,52.0,1,0,0
2026-09-08 22:55:00,40.0,1,72,52.8,1,0,0
2026-09-08 23:00:00,40.0,0,70,56.2,1,0,0
2026-09-08 23:05:00,43.6,0,72,49.4,1,0,0
2026-09-08 23:10:00,42.8,1,75,51.9,1,0,0
2026-09-08 23:15:00,40.6,0,72,50.2,1,0,0
2026-09-08 23:20:00,42.0,1,74,50.6,1,0,0
2026-09-08 23:25:00,42.6,0,71,50.2,1,0,0
2026-09-08 23:30:00,43.3,2,75,52.0,1,0,0
2026-09-08 23:35:00,40.0,1,72,52.0,1,0,0
2026-09-08 23:40:00,40.0,1,70,52.7,1,0,0
2026-09-08 23:45:00,40.0,0,70,52.8,1,0,0
2026-09-08 23:50:00,44.8,0,71,51.5,1,0,0
2026-09-08 23:55:00,45.2,0,70,55.0,1,0,0
2026-09-09 00:00:00,40.0,1,70,53.2,1,0,0
2026-09-09 00:05:00,40.0,1,69,55.4,1,0,0
2026-09-09 00:10:00,40.0,0,71,54.9,1,0,0
2026-09-09 00:15:00,40.0,0,71,56.1,1,0,0
2026-09-09 00:20:00,40.0,0,72,54.6,1,0,0
2026-09-09 00:25:00,40.0,1,71,53.1,1,0,0
2026-09-09 00:30:00,40.0,0,74,53.2,1,0,0
2026-09-09 00:35:00,40.0,1,73,51.7,1,0,0
2026-09-09 00:40:00,40.0,0,72,56.8,1,0,0
2026-09-09 00:45:00,40.0,0,73,53.1,1,0,0
2026-09-09 00:50:00,40.0,0,74,53.4,1,0,0
2026-09-09 00:55:00,40.0,0,74,56.4,1,0,0
2026-09-09 01:00:00,40.0,0,75,52.2,1,0,0
2026-09-09 01:05:00,40.0,0,75,52.3,1,0,0
2026-09-09 01:10:00,40.0,0,73,54.9,1,0,0
2026-09-09 01:15:00,42.0,0,72,52.9,1,0,0
2026-09-09 01:20:00,41.4,0,75,53.9,1,0,0
2026-09-09 01:25:00,43.2,0,71,51.0,1,0,0
2026-09-09 01:30:00,47.3,1,72,53.5,1,0,0
2026-09-09 01:35:00,48.3,0,73,54.0,1,0,0
2026-09-09 01:40:00,50.3,1,70,52.5,1,0,0
2026-09-09 01:45:00,53.3,0,73,53.4,1,0,0
2026-09-09 01:50:00,49.7,0,74,56.7,1,0,0
2026-09-09 01:55:00,49.9,0,72,50.3,1,0,0
2026-09-09 02:00:00,50.3,0,73,50.3,1,0,0
2026-09-09 02:05:00,46.7,0,72,56.1,1,0,0
2026-09-09 02:10:00,49.1,0,75,48.9,1,0,0
2026-09-09 02:15:00,49.7,0,72,53.5,1,0,0
2026-09-09 02:20:00,49.8,0,72,53.3,1,0,0
2026-09-09 02:25:00,50.2,0,72,53.2,1,0,0
2026-09-09 02:30:00,53.5,0,76,53.5,1,0,0
2026-09-09 02:35:00,51.4,0,73,55.8,1,0,0
2026-09-09 02:40:00,95.7,1,71,53.4,1,0,0
2026-09-09 02:45:00,96.6,1,73,53.3,1,0,0
2026-09-09 02:50:00,101.8,0,74,52.7,1,0,0
2026-09-09 02:55:00,100.8,0,72,52.4,1,0,0
2026-09-09 03:00:00,99.3,0,68,51.6,1,0,0
2026-09-09 03:05:00,98.5,0,72,55.3,1,0,0
2026-09-09 03:10:00,95.6,1,74,54.3,1,0,0
2026-09-09 03:15:00,93.2,0,76,52.7,1,0,0
2026-09-09 03:20:00,93.6,0,74,54.1,1,0,0
2026-09-09 03:25:00,94.4,0,73,55.1,1,0,0
2026-09-09 03:30:00,96.2,0,74,57.3,1,0,0
2026-09-09 03:35:00,95.6,0,72,59.6,1,0,0
2026-09-09 03:40:00,95.7,0,73,54.5,1,0,0
2026-09-09 03:45:00,94.5,1,75,57.2,1,0,0
2026-09-09 03:50:00,91.9,0,72,56.0,1,0,0
2026-09-09 03:55:00,90.3,0,74,56.4,1,0,0
2026-09-09 04:00:00,94.0,0,68,52.0,1,0,0
2026-09-09 04:05:00,96.9,1,70,52.8,1,0,0
2026-09-09 04:10:00,99.4,0,73,52.7,1,0,0
2026-09-09 04:15:00,100.5,0,71,56.3,1,0,0
2026-09-09 04:20:00,101.7,2,71,55.8,1,0,0
2026-09-09 04:25:00,100.9,1,72,52.1,1,0,0
2026-09-09 04:30:00,99.6,0,72,55.1,1,0,0
2026-09-09 04:35:00,101.3,1,73,55.4,1,0,0
2026-09-09 04:40:00,103.7,1,73,54.5,1,0,0
2026-09-09 04:45:00,104.8,0,73,53.2,1,0,0
2026-09-09 04:50:00,107.3,1,74,53.6,1,0,0
2026-09-09 04:55:00,104.2,0,75,53.8,1,0,0
2026-09-09 05:00:00,105.4,1,72,52.7,1,0,0
2026-09-09 05:05:00,106.5,0,75,55.9,1,0,0
2026-09-09 05:10:00,106.3,0,74,55.3,1,0,0
2026-09-09 05:15:00,105.6,0,67,55.6,1,0,0
2026-09-09 05:20:00,104.7,1,75,54.3,1,0,0
2026-09-09 05:25:00,103.7,1,73,53.9,1,0,0
2026-09-09 05:30:00,107.7,1,74,54.1,1,0,0
2026-09-09 05:35:00,109.2,1,75,50.8,1,0,0
2026-09-09 05:40:00,110.7,0,70,54.0,1,0,0
2026-09-09 05:45:00,110.6,0,77,55.9,1,0,0
2026-09-09 05:50:00,110.9,0,71,51.9,1,0,0
2026-09-09 05:55:00,113.2,0,72,54.6,1,0,0
2026-09-09 06:00:00,110.0,0,73,55.8,1,0,0
2026-09-09 06:05:00,107.9,1,74,52.1,1,0,0
2026-09-09 06:10:00,106.6,1,74,53.8,1,0,0
2026-09-09 06:15:00,106.5,1,74,54.6,1,0,0
2026-09-09 06:20:00,104.5,2,73,55.0,1,0,0
2026-09-09 06:25:00,106.9,0,75,53.3,1,0,0
2026-09-09 06:30:00,105.8,0,72,52.4,1,0,0
2026-09-09 06:35:00,106.0,0,72,54.2,1,0,0
2026-09-09 06:40:00,105.0,43,82,33.8,0,0,0
2026-09-09 06:45:00,108.1,100,88,34.9,0,0,0
2026-09-09 06:50:00,107.1,51,87,32.7,0,0,0
2026-09-09 06:55:00,107.7,48,87,35.6,0,0,0
2026-09-09 07:00:00,109.7,34,82,34.3,0,0,0
2026-09-09 07:05:00,106.7,30,83,34.5,0,0,0
2026-09-09 07:10:00,105.5,25,86,29.8,0,0,0
2026-09-09 07:15:00,104.5,152,93,32.4,0,0,0
2026-09-09 07:20:00,102.3,53,85,34.8,0,0,0
2026-09-09 07:25:00,102.9,107,90,35.8,0,0,0
2026-09-09 07:30:00,102.2,94,88,33.7,0,0,0
2026-09-09 07:35:00,99.6,49,83,36.1,0,0,0
2026-09-09 07:40:00,100.5,32,81,33.3,0,0,0
2026-09-09 07:45:00,99.7,65,84,32.9,0,0,0
2026-09-09 07:50:00,102.3,90,90,32.9,0,0,0
2026-09-09 07:55:00,104.1,30,80,35.5,0,0,0
2026-09-09 08:00:00,104.7,98,84,35.4,0,0,0
2026-09-09 08:05:00,104.3,53,84,33.3,0,0,0
2026-09-09 08:10:00,102.2,60,82,35.9,0,0,0
2026-09-09 08:15:00,103.0,57,83,35.0,0,0,0
2026-09-09 08:20:00,100.4,38,85,32.7,0,0,0
2026-09-09 08:25:00,102.0,108,86,33.7,0,0,0
2026-09-09 08:30:00,101.4,46,84,33.4,0,0,0
2026-09-09 08:35:00,102.9,22,84,31.8,0,0,0
2026-09-09 08:40:00,102.6,65,83,34.1,0,0,0
2026-09-09 08:45:00,103.1,22,85,32.9,0,0,0
2026-09-09 08:50:00,105.3,98,87,34.4,0,0,0
2026-09-09 08:55:00,105.6,69,85,35.0,0,0,0
2026-09-09 09:00:00,105.3,48,82,33.4,0,0,0
2026-09-09 09:05:00,107.7,41,86,33.2,0,0,0
2026-09-09 09:10:00,106.8,90,80,31.8,0,0,0
2026-09-09 09:15:00,107.8,34,81,32.3,0,0,0
2026-09-09 09:20:00,107.6,58,81,32.8,0,0,0
2026-09-09 09:25:00,103.4,55,85,31.9,0,0,0
2026-09-09 09:30:00,101.2,412,103,35.6,0,0,0
2026-09-09 09:35:00,101.3,412,107,32.1,0,0,0
2026-09-09 09:40:00,100.8,402,106,33.3,0,0,0
2026-09-09 09:45:00,101.6,60,82,34.7,0,0,0
2026-09-09 09:50:00,99.5,26,87,32.5,0,0,0
2026-09-09 09:55:00,98.7,60,84,32.5,0,0,0
2026-09-09 10:00:00,97.0,52,85,33.3,0,0,0
2026-09-09 10:05:00,98.9,25,86,31.5,0,0,0
2026-09-09 10:10:00,96.1,64,86,31.8,0,0,0
2026-09-09 10:15:00,96.7,440,107,32.1,0,0,0
2026-09-09 10:20:00,92.9,425,108,31.1,0,0,0
2026-09-09 10:25:00,96.3,384,104,29.9,0,0,0
2026-09-09 10:30:00,96.2,69,85,28.8,0,0,0
2026-09-09 10:35:00,95.8,35,87,31.7,0,0,0
2026-09-09 10:40:00,97.9,35,82,32.7,0,0,0
2026-09-09 10:45:00,92.5,31,85,32.1,0,0,0
2026-09-09 10:50:00,92.4,13,81,33.0,0,0,0
2026-09-09 10:55:00,94.6,68,84,28.5,0,0,0
2026-09-09 11:00:00,94.5,25,82,34.0,0,0,0
2026-09-09 11:05:00,99.5,22,83,30.2,0,0,0
2026-09-09 11:10:00,95.9,22,81,30.9,0,0,0
2026-09-09 11:15:00,94.3,38,85,33.6,0,0,0
2026-09-09 11:20:00,94.4,61,84,31.7,0,0,0
2026-09-09 11:25:00,96.7,50,85,34.0,0,0,0
2026-09-09 11:30:00,101.0,64,87,34.7,0,0,0
2026-09-09 11:35:00,102.4,56,86,33.7,0,0,0
2026-09-09 11:40:00,99.4,71,89,34.8,0,0,0
2026-09-09 11:45:00,97.5,45,80,32.2,0,0,0
2026-09-09 11:50:00,96.3,44,87,34.7,0,0,0
2026-09-09 11:55:00,100.3,65,81,32.8,0,0,0
2026-09-09 12:00:00,100.3,39,82,35.5,0,0,0
2026-09-09 12:05:00,96.9,35,81,33.1,0,0,0
2026-09-09 12:10:00,95.0,93,84,33.5,0,0,0
2026-09-09 12:15:00,95.0,58,86,33.6,0,0,0
2026-09-09 12:20:00,96.6,15,80,30.5,0,0,0
2026-09-09 12:25:00,98.8,53,83,33.6,0,0,0
2026-09-09 12:30:00,96.5,35,84,35.7,0,0,0
2026-09-09 12:35:00,95.7,21,85,33.1,0,0,0
2026-09-09 12:40:00,99.3,22,82,34.6,0,0,0
2026-09-09 12:45:00,99.5,56,84,32.9,0,0,0
2026-09-09 12:50:00,97.6,78,85,30.4,0,0,0
2026-09-09 12:55:00,96.9,66,83,35.5,0,0,0
2026-09-09 13:00:00,93.8,42,84,31.1,0,0,0
2026-09-09 13:05:00,96.1,36,83,30.0,0,0,0
2026-09-09 13:10:00,94.9,41,84,32.9,0,0,0
2026-09-09 13:15:00,91.1,76,89,29.2,0,0,0
2026-09-09 13:20:00,95.2,29,81,37.1,0,0,0
2026-09-09 13:25:00,96.8,24,80,32.4,0,0,0
2026-09-09 13:30:00,91.8,25,87,31.3,0,89,75
2026-09-09 13:35:00,99.0,19,85,34.1,0,0,0
2026-09-09 13:40:00,101.4,30,88,33.7,0,0,0
2026-09-09 13:45:00,103.1,492,114,35.3,0,0,0
2026-09-09 13:50:00,102.2,490,113,31.3,0,0,0
2026-09-09 13:55:00,103.8,6,86,35.9,0,0,0
2026-09-09 14:00:00,102.3,24,84,32.5,0,0,0
2026-09-09 14:05:00,98.2,70,86,37.6,0,0,0
2026-09-09 14:10:00,96.7,58,84,31.8,0,0,0
2026-09-09 14:15:00,93.5,33,82,32.0,0,0,0
2026-09-09 14:20:00,91.8,49,87,36.0,0,0,0
2026-09-09 14:25:00,87.0,31,83,33.7,0,0,0
2026-09-09 14:30:00,81.8,92,89,33.1,0,0,0
2026-09-09 14:35:00,78.8,69,86,35.6,0,0,0
2026-09-09 14:40:00,78.0,59,85,32.5,0,0,0
2026-09-09 14:45:00,76.9,90,87,32.4,0,0,0
2026-09-09 14:50:00,75.8,14,81,33.7,0,0,0
2026-09-09 14:55:00,73.5,47,86,32.3,0,0,0
2026-09-09 15:00:00,70.1,30,83,35.3,0,0,0
2026-09-09 15:05:00,64.2,42,84,31.1,0,0,0
2026-09-09 15:10:00,62.6,32,81,32.8,0,0,0
2026-09-09 15:15:00,59.4,47,87,32.9,0,0,0
2026-09-09 15:20:00,54.3,70,84,35.2,0,0,0
2026-09-09 15:25:00,50.9,52,84,32.2,0,0,0
2026-09-09 15:30:00,51.1,67,86,34.2,0,0,0
2026-09-09 15:35:00,49.8,72,85,34.0,0,0,0
2026-09-09 15:40:00,48.5,30,85,31.3,0,0,0
2026-09-09 15:45:00,49.9,68,85,30.2,0,0,0
2026-09-09 15:50:00,49.9,52,85,31.9,0,0,0
2026-09-09 15:55:00,47.6,52,88,37.0,0,0,0
2026-09-09 16:00:00,47.4,39,80,29.7,0,0,0
2026-09-09 16:05:00,45.1,33,85,32.1,0,0,0
2026-09-09 16:10:00,40.8,43,83,34.5,0,0,0
2026-09-09 16:15:00,41.4,40,80,33.5,0,0,0
2026-09-09 16:20:00,41.2,402,103,34.2,0,0,0
2026-09-09 16:25:00,42.7,409,107,30.4,0,0,0
2026-09-09 16:30:00,45.0,391,103,34.4,0,0,0
2026-09-09 16:35:00,46.5,478,111,29.2,0,0,0
2026-09-09 16:40:00,46.2,35,79,36.2,0,0,0
2026-09-09 16:45:00,45.7,43,86,31.7,0,0,0
2026-09-09 16:50:00,45.0,22,83,34.5,0,0,0
2026-09-09 16:55:00,43.8,49,84,32.2,0,0,0
2026-09-09 17:00:00,42.8,37,84,35.9,0,0,0
2026-09-09 17:05:00,44.3,101,85,30.3,0,0,0
2026-09-09 17:10:00,45.2,65,87,29.1,0,0,0
2026-09-09 17:15:00,44.1,44,83,35.3,0,0,0
2026-09-09 17:20:00,44.0,108,92,29.0,0,16,35
2026-09-09 17:25:00,43.7,45,91,33.3,0,0,0
2026-09-09 17:30:00,48.2,71,86,33.1,0,0,0
2026-09-09 17:35:00,48.8,520,115,33.0,0,0,0
2026-09-09 17:40:00,47.2,483,114,32.3,0,0,0
2026-09-09 17:45:00,48.2,24,86,31.3,0,0,0
2026-09-09 17:50:00,47.7,82,86,36.1,0,0,0
2026-09-09 17:55:00,45.3,76,90,29.2,0,0,0
2026-09-09 18:00:00,46.3,61,83,32.3,0,0,0
2026-09-09 18:05:00,48.6,48,83,31.0,0,0,0
2026-09-09 18:10:00,45.7,43,81,35.5,0,0,0
2026-09-09 18:15:00,45.2,28,85,37.0,0,0,0
2026-09-09 18:20:00,47.7,62,82,30.2,0,0,0
2026-09-09 18:25:00,48.2,64,85,30.8,0,0,0
2026-09-09 18:30:00,48.0,24,85,33.4,0,0,0
2026-09-09 18:35:00,49.6,52,83,35.1,0,0,0
2026-09-09 18:40:00,50.0,85,88,33.4,0,0,0
2026-09-09 18:45:00,51.4,52,88,31.1,0,0,0
2026-09-09 18:50:00,47.7,34,85,34.0,0,0,0
2026-09-09 18:55:00,48.2,42,81,34.5,0,0,0
2026-09-09 19:00:00,48.6,41,83,33.6,0,0,0
2026-09-09 19:05:00,50.5,53,82,33.0,0,0,0
2026-09-09 19:10:00,51.2,71,84,34.0,0,0,0
2026-09-09 19:15:00,51.7,81,86,30.7,0,0,0
2026-09-09 19:20:00,51.1,54,85,31.6,0,0,0
2026-09-09 19:25:00,51.7,71,88,30.3,0,0,0
2026-09-09 19:30:00,89.4,32,78,35.1,0,0,0
2026-09-09 19:35:00,89.4,41,86,34.5,0,0,0
2026-09-09 19:40:00,91.2,48,84,33.3,0,0,0
2026-09-09 19:45:00,89.6,81,87,34.3,0,0,0
2026-09-09 19:50:00,86.3,35,83,29.5,0,0,0
2026-09-09 19:55:00,88.1,53,82,30.7,0,0,0
2026-09-09 20:00:00,84.8,85,86,30.8,0,0,0
2026-09-09 20:05:00,87.4,24,80,30.3,0,0,0
2026-09-09 20:10:00,87.0,21,87,32.4,0,0,0
2026-09-09 20:15:00,88.7,47,86,36.3,0,0,0
2026-09-09 20:20:00,86.0,90,89,30.6,0,0,0
2026-09-09 20:25:00,85.2,55,87,36.8,0,0,0
2026-09-09 20:30:00,83.6,72,83,33.8,0,0,0
2026-09-09 20:35:00,86.4,51,81,31.8,0,0,0
2026-09-09 20:40:00,86.2,21,77,32.7,0,0,0
2026-09-09 20:45:00,88.2,16,82,31.3,0,0,0
2026-09-09 20:50:00,89.9,80,85,34.3,0,0,0
2026-09-09 20:55:00,88.6,47,82,32.0,0,0,0
2026-09-09 21:00:00,89.8,27,81,35.7,0,0,0
2026-09-09 21:05:00,88.1,62,84,34.0,0,0,0
2026-09-09 21:10:00,85.8,75,79,33.5,0,0,0
2026-09-09 21:15:00,83.1,34,82,33.0,0,0,0
2026-09-09 21:20:00,76.9,80,88,34.6,0,0,0
2026-09-09 21:25:00,74.2,29,85,35.6,0,0,0
2026-09-09 21:30:00,69.7,33,83,34.2,0,0,0
2026-09-09 21:35:00,72.1,15,81,32.9,0,0,0
2026-09-09 21:40:00,71.7,53,84,35.7,0,0,0
2026-09-09 21:45:00,67.4,38,80,31.0,0,0,0
2026-09-09 21:50:00,66.2,72,87,35.8,0,0,0
2026-09-09 21:55:00,68.0,41,85,30.3,0,0,0
2026-09-09 22:00:00,68.5,21,82,32.7,0,0,0
2026-09-09 22:05:00,66.7,106,90,33.2,0,0,0
2026-09-09 22:10:00,65.3,56,82,35.4,0,0,0
2026-09-09 22:15:00,64.1,1,73,54.4,1,0,0
2026-09-09 22:20:00,62.4,0,72,58.1,1,0,0
2026-09-09 22:25:00,60.4,0,69,56.2,1,0,0
2026-09-09 22:30:00,58.4,1,72,54.2,1,0,0
2026-09-09 22:35:00,58.6,1,75,50.4,1,0,0
2026-09-09 22:40:00,59.6,0,71,54.9,1,0,0
2026-09-09 22:45:00,60.3,0,70,51.1,1,0,0
2026-09-09 22:50:00,59.0,1,74,56.8,1,0,0
2026-09-09 22:55:00,58.6,0,73,51.4,1,0,0
2026-09-09 23:00:00,59.4,0,72,52.2,1,0,0
2026-09-09 23:05:00,58.3,0,73,54.0,1,0,0
2026-09-09 23:10:00,60.5,2,74,52.7,1,0,0
2026-09-09 23:15:00,58.8,0,78,57.4,1,0,0
2026-09-09 23:20:00,62.0,0,73,52.2,1,0,0
2026-09-09 23:25:00,62.1,0,71,53.7,1,0,0
2026-09-09 23:30:00,61.6,0,69,49.9,1,0,0
2026-09-09 23:35:00,59.4,0,74,52.7,1,0,0
2026-09-09 23:40:00,58.8,0,76,55.1,1,0,0
2026-09-09 23:45:00,63.4,0,75,51.4,1,0,0
2026-09-09 23:50:00,64.6,0,71,55.4,1,0,0
2026-09-09 23:55:00,66.2,0,72,54.0,1,0,0
2026-09-10 00:00:00,66.2,1,74,53.2,1,0,0
2026-09-10 00:05:00,63.8,0,72,52.7,1,0,0
2026-09-10 00:10:00,67.5,0,71,52.2,1,0,0
2026-09-10 00:15:00,70.7,0,73,50.3,1,0,0
2026-09-10 00:20:00,68.1,0,75,55.1,1,0,0
2026-09-10 00:25:00,69.3,1,74,51.6,1,0,0
2026-09-10 00:30:00,70.3,1,73,54.5,1,0,0
2026-09-10 00:35:00,74.2,0,74,56.2,1,0,0
2026-09-10 00:40:00,76.0,1,74,50.8,1,0,0
2026-09-10 00:45:00,75.7,0,71,54.2,1,0,0
2026-09-10 00:50:00,79.2,0,75,50.0,1,0,0
2026-09-10 00:55:00,80.7,0,71,57.0,1,0,0
2026-09-10 01:00:00,79.6,0,66,56.8,1,0,0
2026-09-10 01:05:00,78.5,1,76,54.8,1,0,0
2026-09-10 01:10:00,81.3,0,75,54.7,1,0,0
2026-09-10 01:15:00,82.5,0,77,51.7,1,0,0
2026-09-10 01:20:00,82.0,0,75,51.1,1,0,0
2026-09-10 01:25:00,83.0,0,70,51.9,1,0,0
2026-09-10 01:30:00,82.9,0,73,54.8,1,0,0
2026-09-10 01:35:00,79.2,0,74,50.6,1,0,0
2026-09-10 01:40:00,84.0,1,76,52.9,1,0,0
2026-09-10 01:45:00,80.9,0,72,54.8,1,0,0
2026-09-10 01:50:00,81.1,0,77,56.1,1,0,0
2026-09-10 01:55:00,84.3,0,72,52.5,1,0,0
2026-09-10 02:00:00,89.7,0,71,52.1,1,0,0
2026-09-10 02:05:00,85.4,0,71,50.8,1,0,0
2026-09-10 02:10:00,83.9,0,69,55.0,1,0,0
2026-09-10 02:15:00,84.3,1,76,54.5,1,0,0
2026-09-10 02:20:00,84.2,0,75,53.1,1,0,0
2026-09-10 02:25:00,85.1,0,74,53.8,1,0,0
2026-09-10 02:30:00,82.7,1,75,51.7,1,0,0
2026-09-10 02:35:00,85.7,0,72,57.5,1,0,0
2026-09-10 02:40:00,82.5,0,73,54.4,1,0,0
2026-09-10 02:45:00,82.7,0,75,55.1,1,0,0
2026-09-10 02:50:00,83.9,0,74,54.5,1,0,0
2026-09-10 02:55:00,88.1,0,73,52.1,1,0,0
2026-09-10 03:00:00,102.3,0,72,51.2,1,0,0
2026-09-10 03:05:00,100.1,1,72,53.1,1,0,0
2026-09-10 03:10:00,99.2,0,76,53.9,1,0,0
2026-09-10 03:15:00,99.4,1,70,55.1,1,0,0
2026-09-10 03:20:00,98.1,0,72,58.2,1,0,0
2026-09-10 03:25:00,99.8,0,73,54.4,1,0,0
2026-09-10 03:30:00,104.0,0,72,54.1,1,0,0
2026-09-10 03:35:00,104.7,1,72,52.7,1,0,0
2026-09-10 03:40:00,103.5,0,72,53.9,1,0,0
2026-09-10 03:45:00,105.1,0,73,53.1,1,0,0
2026-09-10 03:50:00,106.6,1,72,53.5,1,0,0
2026-09-10 03:55:00,102.7,0,72,52.9,1,0,0
2026-09-10 04:00:00,104.1,0,73,51.7,1,0,0
2026-09-10 04:05:00,103.0,0,71,51.5,1,0,0
2026-09-10 04:10:00,101.6,1,69,51.0,1,0,0
2026-09-10 04:15:00,102.0,0,71,52.3,1,0,0
2026-09-10 04:20:00,100.1,1,73,52.3,1,0,0
2026-09-10 04:25:00,99.8,1,77,53.0,1,0,0
2026-09-10 04:30:00,98.0,1,69,53.0,1,0,0
2026-09-10 04:35:00,99.2,0,70,52.1,1,0,0
2026-09-10 04:40:00,99.4,0,73,54.6,1,0,0
2026-09-10 04:45:00,102.6,0,72,53.8,1,0,0
2026-09-10 04:50:00,105.3,0,75,54.2,1,0,0
2026-09-10 04:55:00,103.8,0,74,54.6,1,0,0
2026-09-10 05:00:00,105.9,0,75,56.1,1,0,0
2026-09-10 05:05:00,106.8,1,72,55.0,1,0,0
2026-09-10 05:10:00,108.7,1,72,55.1,1,0,0
2026-09-10 05:15:00,108.3,0,71,57.1,1,0,0
2026-09-10 05:20:00,106.8,0,74,52.1,1,0,0
2026-09-10 05:25:00,103.2,0,72,50.4,1,0,0
2026-09-10 05:30:00,103.8,1,73,51.7,1,0,0
2026-09-10 05:35:00,107.6,0,73,51.2,1,0,0
2026-09-10 05:40:00,109.7,0,75,49.1,1,0,0
2026-09-10 05:45:00,109.3,0,72,50.1,1,0,0
2026-09-10 05:50:00,110.2,0,72,52.1,1,0,0
2026-09-10 05:55:00,107.9,0,75,57.3,1,0,0
2026-09-10 06:00:00,105.2,0,70,53.3,1,0,0
2026-09-10 06:05:00,106.8,0,71,55.5,1,0,0
2026-09-10 06:10:00,106.5,0,75,54.2,1,0,0
2026-09-10 06:15:00,105.1,0,72,56.5,1,0,0
2026-09-10 06:20:00,105.5,21,82,36.2,0,0,0
2026-09-10 06:25:00,107.7,62,83,35.5,0,0,0
2026-09-10 06:30:00,107.0,60,85,28.7,0,0,0
2026-09-10 06:35:00,105.5,36,85,33.9,0,0,0
2026-09-10 06:40:00,102.3,50,82,36.9,0,0,0
2026-09-10 06:45:00,102.3,58,84,36.2,0,0,0
2026-09-10 06:50:00,95.2,25,80,36.6,0,0,0
2026-09-10 06:55:00,96.4,40,83,36.2,0,0,0
2026-09-10 07:00:00,100.1,43,86,33.4,0,0,0
2026-09-10 07:05:00,104.7,88,83,30.2,0,0,0
2026-09-10 07:10:00,108.4,7,81,30.0,0,0,0
2026-09-10 07:15:00,106.9,49,84,33.8,0,0,0
2026-09-10 07:20:00,102.9,68,84,32.2,0,0,0
2026-09-10 07:25:00,102.3,37,86,32.9,0,0,0
2026-09-10 07:30:00,104.7,69,81,35.0,0,0,0
2026-09-10 07:35:00,102.0,54,84,32.2,0,0,0
2026-09-10 07:40:00,100.5,44,81,32.5,0,0,0
2026-09-10 07:45:00,105.3,38,83,32.8,0,0,0
2026-09-10 07:50:00,101.9,69,88,32.8,0,0,0
2026-09-10 07:55:00,102.1,58,85,31.4,0,0,0
2026-09-10 08:00:00,101.4,41,80,33.7,0,0,0
2026-09-10 08:05:00,99.7,80,83,31.2,0,0,0
2026-09-10 08:10:00,101.0,53,80,34.6,0,0,0
2026-09-10 08:15:00,100.5,69,88,33.5,0,39,50
2026-09-10 08:20:00,100.4,45,93,36.9,0,0,0
2026-09-10 08:25:00,103.4,73,89,30.5,0,0,0
2026-09-10 08:30:00,105.6,24,85,33.9,0,0,0
2026-09-10 08:35:00,102.8,19,87,33.3,0,0,0
2026-09-10 08:40:00,102.0,24,81,34.0,0,0,0
2026-09-10 08:45:00,100.8,86,86,34.7,0,0,0
2026-09-10 08:50:00,98.4,52,85,32.0,0,0,0
2026-09-10 08:55:00,100.1,51,84,32.1,0,0,0
2026-09-10 09:00:00,103.8,32,85,35.2,0,0,0
2026-09-10 09:05:00,103.7,63,81,36.1,0,0,0
2026-09-10 09:10:00,99.5,55,83,36.2,0,0,0
2026-09-10 09:15:00,94.7,470,108,33.5,0,0,0
2026-09-10 09:20:00,96.4,443,109,33.0,0,0,0
2026-09-10 09:25:00,97.1,41,83,32.2,0,0,0
2026-09-10 09:30:00,97.2,36,85,31.5,0,0,0
2026-09-10 09:35:00,93.0,32,82,30.1,0,0,0
2026-09-10 09:40:00,93.2,68,86,33.7,0,0,0
2026-09-10 09:45:00,89.2,52,85,35.1,0,0,0
2026-09-10 09:50:00,88.5,50,82,30.3,0,0,0
2026-09-10 09:55:00,86.0,38,80,33.4,0,0,0
2026-09-10 10:00:00,88.0,59,86,33.7,0,0,0
2026-09-10 10:05:00,90.1,23,84,34.1,0,0,0
2026-09-10 10:10:00,90.5,35,84,31.4,0,0,0
2026-09-10 10:15:00,87.8,24,78,35.4,0,0,0
2026-09-10 10:20:00,88.2,34,82,31.5,0,0,0
2026-09-10 10:25:00,89.0,54,84,34.8,0,0,0
2026-09-10 10:30:00,88.6,27,84,32.3,0,0,0
2026-09-10 10:35:00,87.1,115,87,34.5,0,0,0
2026-09-10 10:40:00,87.6,47,85,28.5,0,0,0
2026-09-10 10:45:00,90.7,81,84,32.5,0,0,0
2026-09-10 10:50:00,87.8,106,90,35.6,0,0,0
2026-09-10 10:55:00,89.8,28,82,31.5,0,0,0
2026-09-10 11:00:00,91.0,21,80,34.3,0,0,0
2026-09-10 11:05:00,93.7,101,91,33.0,0,0,0
2026-09-10 11:10:00,89.4,24,81,33.9,0,0,0
2026-09-10 11:15:00,85.0,42,87,37.0,0,0,0
2026-09-10 11:20:00,84.6,60,86,33.3,0,0,0
2026-09-10 11:25:00,82.6,26,85,31.8,0,0,0
2026-09-10 11:30:00,83.2,43,84,30.8,0,0,0
2026-09-10 11:35:00,85.5,38,82,34.7,0,0,0
2026-09-10 11:40:00,83.7,31,84,34.6,0,0,0
2026-09-10 11:45:00,82.6,37,84,31.6,0,0,0
2026-09-10 11:50:00,82.8,61,85,33.4,0,0,0
2026-09-10 11:55:00,81.8,488,110,33.3,0,0,0
2026-09-10 12:00:00,79.8,416,104,31.3,0,0,0
2026-09-10 12:05:00,80.2,407,108,32.0,0,0,0
2026-09-10 12:10:00,82.1,426,107,29.8,0,0,0
2026-09-10 12:15:00,82.6,50,86,28.8,0,0,0
2026-09-10 12:20:00,78.3,34,84,32.3,0,0,0
2026-09-10 12:25:00,76.7,55,84,35.1,0,0,0
2026-09-10 12:30:00,72.9,42,86,36.9,0,0,0
2026-09-10 12:35:00,76.5,65,86,32.0,0,0,0
2026-09-10 12:40:00,76.3,44,81,34.2,0,0,0
2026-09-10 12:45:00,77.0,33,84,30.3,0,0,0
2026-09-10 12:50:00,75.2,53,87,35.9,0,0,0
2026-09-10 12:55:00,72.8,14,79,33.1,0,0,0
2026-09-10 13:00:00,68.7,30,84,32.6,0,0,0
2026-09-10 13:05:00,69.5,79,87,32.5,0,0,0
2026-09-10 13:10:00,74.0,62,83,31.8,0,0,0
2026-09-10 13:15:00,76.7,74,86,32.5,0,0,0
2026-09-10 13:20:00,77.9,33,80,35.3,0,0,0
2026-09-10 13:25:00,80.3,37,83,32.3,0,0,0
2026-09-10 13:30:00,81.0,38,84,34.0,0,0,0
2026-09-10 13:35:00,80.8,47,82,32.7,0,0,0
2026-09-10 13:40:00,81.1,60,88,28.9,0,97,75
2026-09-10 13:45:00,87.6,68,89,33.1,0,0,0
2026-09-10 13:50:00,89.4,53,85,37.0,0,0,0
2026-09-10 13:55:00,93.1,544,117,33.5,0,0,0
2026-09-10 14:00:00,90.6,543,115,28.8,0,0,0
2026-09-10 14:05:00,85.6,32,85,35.9,0,0,0
2026-09-10 14:10:00,88.1,87,85,33.1,0,0,0
2026-09-10 14:15:00,94.5,83,87,31.9,0,0,0
2026-09-10 14:20:00,89.1,34,84,33.9,0,0,0
2026-09-10 14:25:00,88.3,45,82,30.4,0,0,0
2026-09-10 14:30:00,83.3,88,84,34.3,0,0,0
2026-09-10 14:35:00,81.6,40,84,39.1,0,0,0
2026-09-10 14:40:00,80.4,48,88,32.8,0,0,0
2026-09-10 14:45:00,80.1,68,83,30.7,0,0,0
2026-09-10 14:50:00,76.6,37,84,31.8,0,0,0
2026-09-10 14:55:00,70.1,29,79,35.0,0,0,0
2026-09-10 15:00:00,70.5,36,84,32.4,0,0,0
2026-09-10 15:05:00,67.4,38,84,29.5,0,0,0
2026-09-10 15:10:00,65.1,45,84,30.8,0,0,0
2026-09-10 15:15:00,61.2,59,84,31.1,0,0,0
2026-09-10 15:20:00,59.0,40,82,37.1,0,0,0
2026-09-10 15:25:00,60.0,102,89,31.7,0,0,0
2026-09-10 15:30:00,57.4,44,83,34.4,0,0,0
2026-09-10 15:35:00,54.7,52,84,34.5,0,0,0
2026-09-10 15:40:00,53.5,26,81,35.8,0,0,0
2026-09-10 15:45:00,49.0,61,82,35.3,0,0,0
2026-09-10 15:50:00,51.4,46,82,30.2,0,0,0
2026-09-10 15:55:00,53.4,53,86,34.4,0,0,0
2026-09-10 16:00:00,53.1,48,79,34.3,0,0,0
2026-09-10 16:05:00,53.9,441,106,37.6,0,0,0
2026-09-10 16:10:00,52.0,437,107,34.3,0,0,0
2026-09-10 16:15:00,50.5,78,83,30.2,0,0,0
2026-09-10 16:20:00,52.2,50,83,33.4,0,0,0
2026-09-10 16:25:00,52.6,23,80,32.6,0,0,0
2026-09-10 16:30:00,50.0,28,84,33.9,0,0,0
2026-09-10 16:35:00,52.7,80,86,31.4,0,0,0
2026-09-10 16:40:00,52.2,52,87,32.9,0,0,0
2026-09-10 16:45:00,51.8,12,81,31.7,0,0,0
2026-09-10 16:50:00,51.8,80,87,30.5,0,0,0
2026-09-10 16:55:00,51.8,43,87,34.5,0,0,0
2026-09-10 17:00:00,48.6,41,83,31.9,0,0,0
2026-09-10 17:05:00,49.1,21,83,29.7,0,0,0
2026-09-10 17:10:00,48.3,27,82,32.4,0,0,0
2026-09-10 17:15:00,44.6,82,86,34.9,0,0,0
2026-09-10 17:20:00,46.6,37,82,33.5,0,0,0
2026-09-10 17:25:00,48.2,69,86,34.3,0,0,0
2026-09-10 17:30:00,45.2,50,87,32.5,0,0,0
2026-09-10 17:35:00,44.2,53,81,32.8,0,0,0
2026-09-10 17:40:00,42.8,50,78,33.3,0,0,0
2026-09-10 17:45:00,41.8,27,83,33.7,0,0,0
2026-09-10 17:50:00,40.0,47,83,31.5,0,0,0
2026-09-10 17:55:00,40.0,28,83,37.6,0,0,0
2026-09-10 18:00:00,40.0,36,83,34.9,0,0,0
2026-09-10 18:05:00,40.0,28,86,35.2,0,0,0
2026-09-10 18:10:00,40.0,33,84,34.0,0,0,0
2026-09-10 18:15:00,40.0,55,85,34.2,0,0,0
2026-09-10 18:20:00,40.0,23,84,29.9,0,0,0
2026-09-10 18:25:00,40.0,31,82,30.9,0,0,0
2026-09-10 18:30:00,40.0,54,83,29.9,0,0,0
2026-09-10 18:35:00,40.0,56,85,32.4,0,0,0
2026-09-10 18:40:00,40.0,72,87,31.6,0,0,0
2026-09-10 18:45:00,40.0,46,84,33.1,0,0,0
2026-09-10 18:50:00,40.0,28,83,29.9,0,0,0
2026-09-10 18:55:00,40.0,70,91,28.2,0,0,0
2026-09-10 19:00:00,40.0,97,83,33.9,0,0,0
2026-09-10 19:05:00,40.0,41,85,32.9,0,0,0
2026-09-10 19:10:00,40.0,33,82,32.8,0,0,0
2026-09-10 19:15:00,40.0,32,81,31.4,0,0,0
2026-09-10 19:20:00,40.0,33,82,34.4,0,0,0
2026-09-10 19:25:00,40.0,35,82,33.8,0,0,0
2026-09-10 19:30:00,40.0,33,86,34.4,0,0,0
2026-09-10 19:35:00,40.0,43,84,30.6,0,0,0
2026-09-10 19:40:00,59.9,36,81,33.5,0,0,0
2026-09-10 19:45:00,61.5,40,82,29.9,0,0,0
2026-09-10 19:50:00,57.2,30,79,32.6,0,0,0
2026-09-10 19:55:00,58.3,72,86,33.6,0,0,0
2026-09-10 20:00:00,56.1,50,85,31.9,0,0,0
2026-09-10 20:05:00,55.3,33,85,30.9,0,0,0
2026-09-10 20:10:00,57.9,41,85,29.5,0,0,0
2026-09-10 20:15:00,59.3,35,82,31.1,0,0,0
2026-09-10 20:20:00,61.4,40,86,35.1,0,0,0
2026-09-10 20:25:00,64.4,40,83,36.4,0,0,0
2026-09-10 20:30:00,65.6,65,91,35.6,0,53,50
2026-09-10 20:35:00,67.5,46,88,33.6,0,0,0
2026-09-10 20:40:00,66.0,23,83,36.7,0,0,0
2026-09-10 20:45:00,65.9,557,115,29.8,0,0,0
2026-09-10 20:50:00,66.3,549,116,31.2,0,0,0
2026-09-10 20:55:00,62.8,57,91,27.8,0,0,0
2026-09-10 21:00:00,63.3,42,85,30.2,0,0,0
2026-09-10 21:05:00,63.8,45,83,33.6,0,0,0
2026-09-10 21:10:00,65.9,41,86,32.6,0,0,0
2026-09-10 21:15:00,66.2,20,83,31.6,0,0,0
2026-09-10 21:20:00,67.7,30,80,30.5,0,0,0
2026-09-10 21:25:00,67.8,43,83,34.8,0,0,0
2026-09-10 21:30:00,64.1,42,83,37.1,0,0,0
2026-09-10 21:35:00,64.4,38,84,31.1,0,0,0
2026-09-10 21:40:00,63.0,30,86,30.9,0,0,0
2026-09-10 21:45:00,59.5,25,82,32.8,0,0,0
2026-09-10 21:50:00,58.8,8,80,30.8,0,0,0
2026-09-10 21:55:00,58.5,51,84,36.0,0,0,0
2026-09-10 22:00:00,55.9,114,88,33.1,0,0,0
2026-09-10 22:05:00,57.0,24,81,34.1,0,0,0
2026-09-10 22:10:00,55.8,40,87,32.1,0,0,0
2026-09-10 22:15:00,56.4,93,88,33.9,0,0,0
2026-09-10 22:20:00,59.0,63,85,36.7,0,0,0
2026-09-10 22:25:00,58.7,45,82,34.7,0,0,0
2026-09-10 22:30:00,64.6,57,86,33.6,0,0,0
2026-09-10 22:35:00,64.9,69,87,32.3,0,0,0
2026-09-10 22:40:00,66.4,1,73,53.6,1,0,0
2026-09-10 22:45:00,63.7,0,73,54.2,1,0,0
2026-09-10 22:50:00,60.4,0,73,53.9,1,0,0
2026-09-10 22:55:00,57.9,0,75,55.9,1,0,0
2026-09-10 23:00:00,62.2,0,74,54.5,1,0,0
2026-09-10 23:05:00,62.0,0,75,52.9,1,0,0
2026-09-10 23:10:00,58.3,0,76,56.5,1,0,0
2026-09-10 23:15:00,57.4,0,71,50.0,1,0,0
2026-09-10 23:20:00,60.3,0,72,57.1,1,0,0
2026-09-10 23:25:00,58.3,1,71,52.0,1,0,0
2026-09-10 23:30:00,79.1,1,75,50.8,1,0,0
2026-09-10 23:35:00,78.8,0,74,54.8,1,0,0
2026-09-10 23:40:00,78.9,2,71,48.1,1,0,0
2026-09-10 23:45:00,79.6,0,72,51.8,1,0,0
2026-09-10 23:50:00,76.1,0,71,54.8,1,0,0
2026-09-10 23:55:00,72.9,0,75,49.6,1,0,0
2026-09-11 00:00:00,71.3,0,72,56.0,1,0,0
2026-09-11 00:05:00,72.9,1,69,55.5,1,0,0
2026-09-11 00:10:00,73.1,1,73,53.3,1,0,0
2026-09-11 00:15:00,75.2,0,71,53.8,1,0,0
2026-09-11 00:20:00,78.0,1,75,52.7,1,0,0
2026-09-11 00:25:00,80.5,1,73,51.9,1,0,0
2026-09-11 00:30:00,82.2,0,70,54.0,1,0,0
2026-09-11 00:35:00,80.8,2,72,51.8,1,0,0
2026-09-11 00:40:00,82.0,0,74,55.0,1,0,0
2026-09-11 00:45:00,82.4,0,74,53.3,1,0,0
2026-09-11 00:50:00,83.5,0,71,51.7,1,0,0
2026-09-11 00:55:00,78.7,1,75,54.3,1,0,0
2026-09-11 01:00:00,79.3,0,73,56.3,1,0,0
2026-09-11 01:05:00,78.3,0,73,50.7,1,0,0
2026-09-11 01:10:00,77.2,0,70,54.3,1,0,0
2026-09-11 01:15:00,76.0,1,71,55.6,1,0,0
2026-09-11 01:20:00,75.0,0,71,54.3,1,0,0
2026-09-11 01:25:00,73.7,0,75,53.1,1,0,0
2026-09-11 01:30:00,73.6,0,73,55.7,1,0,0
2026-09-11 01:35:00,73.6,0,75,50.9,1,0,0
2026-09-11 01:40:00,74.7,0,72,54.0,1,0,0
2026-09-11 01:45:00,77.2,1,72,52.9,1,0,0
2026-09-11 01:50:00,78.9,0,71,53.8,1,0,0
2026-09-11 01:55:00,77.8,0,76,54.7,1,0,0
2026-09-11 02:00:00,80.8,0,77,53.2,1,0,0
2026-09-11 02:05:00,78.9,1,75,55.0,1,0,0
2026-09-11 02:10:00,77.9,0,77,50.8,1,0,0
2026-09-11 02:15:00,78.3,0,71,55.9,1,0,0
2026-09-11 02:20:00,80.2,0,71,51.7,1,0,0
2026-09-11 02:25:00,80.8,0,75,52.3,1,0,0
2026-09-11 02:30:00,94.8,0,71,53.0,1,0,0
2026-09-11 02:35:00,97.7,1,72,53.4,1,0,0
2026-09-11 02:40:00,96.8,0,72,55.2,1,0,0
2026-09-11 02:45:00,100.1,1,74,52.9,1,0,0
2026-09-11 02:50:00,102.2,0,73,56.1,1,0,0
2026-09-11 02:55:00,103.1,2,72,53.2,1,0,0
2026-09-11 03:00:00,103.1,0,74,53.9,1,0,0
2026-09-11 03:05:00,104.6,0,72,56.0,1,0,0
2026-09-11 03:10:00,102.3,1,72,50.9,1,0,0
2026-09-11 03:15:00,100.8,0,73,53.1,1,0,0
2026-09-11 03:20:00,103.1,0,73,56.6,1,0,0
2026-09-11 03:25:00,104.5,0,74,51.4,1,0,0
2026-09-11 03:30:00,103.3,0,71,54.6,1,0,0
2026-09-11 03:35:00,100.1,0,74,52.7,1,0,0
2026-09-11 03:40:00,102.6,0,71,56.1,1,0,0
2026-09-11 03:45:00,101.5,0,72,52.6,1,0,0
2026-09-11 03:50:00,102.8,0,73,53.6,1,0,0
2026-09-11 03:55:00,101.2,1,72,55.4,1,0,0
2026-09-11 04:00:00,98.5,0,72,54.6,1,0,0
2026-09-11 04:05:00,93.1,0,71,55.4,1,0,0
2026-09-11 04:10:00,94.8,0,69,52.3,1,0,0
2026-09-11 04:15:00,98.7,0,71,57.2,1,0,0
2026-09-11 04:20:00,97.8,1,74,50.5,1,0,0
2026-09-11 04:25:00,99.7,0,74,55.2,1,0,0
2026-09-11 04:30:00,100.5,0,72,53.5,1,0,0
2026-09-11 04:35:00,99.8,0,71,50.9,1,0,0
2026-09-11 04:40:00,99.5,0,69,54.0,1,0,0
2026-09-11 04:45:00,99.4,1,76,54.6,1,0,0
2026-09-11 04:50:00,100.4,0,75,56.4,1,0,0
2026-09-11 04:55:00,99.7,0,73,56.2,1,0,0
2026-09-11 05:00:00,100.8,0,74,54.1,1,0,0
2026-09-11 05:05:00,98.6,0,76,57.1,1,0,0
2026-09-11 05:10:00,98.5,0,72,54.0,1,0,0
2026-09-11 05:15:00,97.6,1,71,57.0,1,0,0
2026-09-11 05:20:00,98.6,0,72,54.6,1,0,0
2026-09-11 05:25:00,102.9,0,72,55.6,1,0,0
2026-09-11 05:30:00,100.2,0,70,54.8,1,0,0
2026-09-11 05:35:00,99.7,0,75,53.0,1,0,0
2026-09-11 05:40:00,101.1,0,70,52.1,1,0,0
2026-09-11 05:45:00,102.4,3,74,51.4,1,0,0
2026-09-11 05:50:00,104.1,0,72,52.2,1,0,0
2026-09-11 05:55:00,103.4,0,73,52.1,1,0,0
2026-09-11 06:00:00,103.2,0,73,54.5,1,0,0
2026-09-11 06:05:00,101.3,0,73,51.7,1,0,0
2026-09-11 06:10:00,96.6,0,69,59.1,1,0,0
2026-09-11 06:15:00,96.9,26,84,33.1,0,0,0
2026-09-11 06:20:00,99.4,34,88,31.2,0,0,0
2026-09-11 06:25:00,101.6,44,81,33.6,0,0,0
2026-09-11 06:30:00,105.8,74,82,34.8,0,0,0
2026-09-11 06:35:00,108.1,22,81,32.0,0,0,0
2026-09-11 06:40:00,108.8,35,84,32.9,0,0,0
2026-09-11 06:45:00,110.3,34,81,33.8,0,0,0
2026-09-11 06:50:00,112.7,26,79,32.7,0,0,0
2026-09-11 06:55:00,111.3,74,85,30.5,0,0,0
2026-09-11 07:00:00,111.8,30,81,31.2,0,0,0
2026-09-11 07:05:00,111.1,83,83,31.3,0,0,0
2026-09-11 07:10:00,112.3,34,84,31.6,0,0,0
2026-09-11 07:15:00,109.2,45,83,29.5,0,0,0
2026-09-11 07:20:00,108.0,49,83,33.2,0,0,0
2026-09-11 07:25:00,107.3,41,82,34.8,0,0,0
2026-09-11 07:30:00,110.1,36,81,32.3,0,0,0
2026-09-11 07:35:00,110.6,70,88,35.7,0,0,0
2026-09-11 07:40:00,110.1,44,87,31.8,0,0,0
2026-09-11 07:45:00,105.1,27,84,32.5,0,0,0
2026-09-11 07:50:00,103.7,46,85,32.7,0,0,0
2026-09-11 07:55:00,103.7,47,85,31.3,0,0,0
2026-09-11 08:00:00,100.7,60,88,32.8,0,0,0
2026-09-11 08:05:00,102.7,69,83,31.9,0,0,0
2026-09-11 08:10:00,101.0,47,86,30.5,0,34,55
2026-09-11 08:15:00,105.1,52,89,29.8,0,0,0
2026-09-11 08:20:00,103.3,25,87,31.6,0,0,0
2026-09-11 08:25:00,104.9,490,112,35.7,0,0,0
2026-09-11 08:30:00,104.6,467,113,34.3,0,0,0
2026-09-11 08:35:00,100.2,464,113,30.6,0,0,0
2026-09-11 08:40:00,101.2,452,108,35.6,0,0,0
2026-09-11 08:45:00,101.5,67,84,30.8,0,0,0
2026-09-11 08:50:00,101.8,45,85,34.7,0,0,0
2026-09-11 08:55:00,102.4,36,79,35.4,0,0,0
2026-09-11 09:00:00,101.1,49,83,34.6,0,0,0
2026-09-11 09:05:00,99.6,35,82,33.4,0,0,0
2026-09-11 09:10:00,99.7,61,84,36.0,0,0,0
2026-09-11 09:15:00,96.6,100,93,31.7,0,0,0
2026-09-11 09:20:00,94.8,47,85,32.8,0,0,0
2026-09-11 09:25:00,94.7,83,84,35.3,0,0,0
2026-09-11 09:30:00,93.6,61,82,33.7,0,0,0
2026-09-11 09:35:00,92.9,38,84,32.2,0,0,0
2026-09-11 09:40:00,91.4,32,83,34.9,0,0,0
2026-09-11 09:45:00,92.4,56,84,34.4,0,0,0
2026-09-11 09:50:00,91.3,88,88,35.0,0,0,0
2026-09-11 09:55:00,91.8,53,82,32.9,0,0,0
2026-09-11 10:00:00,90.5,33,82,29.8,0,0,0
2026-09-11 10:05:00,86.2,39,83,32.8,0,0,0
2026-09-11 10:10:00,84.1,32,80,35.3,0,0,0
2026-09-11 10:15:00,82.5,24,85,36.5,0,0,0
2026-09-11 10:20:00,85.5,48,83,32.0,0,0,0
2026-09-11 10:25:00,86.8,45,82,31.0,0,0,0
2026-09-11 10:30:00,86.9,27,84,35.5,0,0,0
2026-09-11 10:35:00,84.0,10,82,35.6,0,0,0
2026-09-11 10:40:00,83.5,61,83,35.3,0,0,0
2026-09-11 10:45:00,83.0,51,85,34.9,0,0,0
2026-09-11 10:50:00,87.4,43,81,28.8,0,0,0
2026-09-11 10:55:00,86.3,28,84,35.1,0,0,0
2026-09-11 11:00:00,83.7,30,83,29.7,0,0,0
2026-09-11 11:05:00,84.2,48,86,35.6,0,0,0
2026-09-11 11:10:00,85.8,40,86,33.3,0,0,0
2026-09-11 11:15:00,87.3,48,82,34.0,0,0,0
2026-09-11 11:20:00,88.5,44,84,32.6,0,0,0
2026-09-11 11:25:00,85.0,55,82,32.4,0,0,0
2026-09-11 11:30:00,85.3,20,86,35.5,0,0,0
2026-09-11 11:35:00,85.1,54,83,37.9,0,0,0
2026-09-11 11:40:00,86.0,73,85,30.6,0,0,0
2026-09-11 11:45:00,85.3,60,83,33.0,0,0,0
2026-09-11 11:50:00,85.8,42,83,34.4,0,0,0
2026-09-11 11:55:00,87.6,40,83,31.2,0,0,0
2026-09-11 12:00:00,86.5,46,83,31.5,0,0,0
2026-09-11 12:05:00,84.3,70,83,32.3,0,0,0
2026-09-11 12:10:00,83.2,53,79,33.4,0,0,0
2026-09-11 12:15:00,81.5,69,86,29.5,0,0,0
2026-09-11 12:20:00,83.0,34,83,32.7,0,0,0
2026-09-11 12:25:00,82.0,29,84,33.9,0,0,0
2026-09-11 12:30:00,81.2,39,82,32.4,0,0,0
2026-09-11 12:35:00,84.4,100,85,36.7,0,0,0
2026-09-11 12:40:00,83.9,64,88,34.2,0,0,0
2026-09-11 12:45:00,82.4,20,84,34.8,0,0,0
2026-09-11 12:50:00,81.8,31,85,32.8,0,0,0
2026-09-11 12:55:00,84.0,47,82,33.2,0,0,0
2026-09-11 13:00:00,79.5,54,84,29.8,0,0,0
2026-09-11 13:05:00,78.1,57,80,35.5,0,0,0
2026-09-11 13:10:00,81.1,454,108,32.4,0,0,0
2026-09-11 13:15:00,83.0,329,100,30.3,0,0,0
2026-09-11 13:20:00,86.2,326,99,35.8,0,0,0
2026-09-11 13:25:00,83.7,323,99,33.5,0,0,0
2026-09-11 13:30:00,84.1,31,84,33.5,0,51,50
2026-09-11 13:35:00,85.8,82,89,32.1,0,0,0
2026-09-11 13:40:00,89.0,29,87,30.0,0,0,0
2026-09-11 13:45:00,91.3,544,117,36.5,0,0,0
2026-09-11 13:50:00,93.2,582,119,30.4,0,0,0
2026-09-11 13:55:00,90.1,44,83,31.7,0,0,0
2026-09-11 14:00:00,90.9,53,84,32.3,0,0,0
2026-09-11 14:05:00,90.6,40,83,33.2,0,0,0
2026-09-11 14:10:00,104.1,33,82,31.5,0,0,0
2026-09-11 14:15:00,101.0,31,85,31.2,0,0,0
2026-09-11 14:20:00,101.1,15,83,36.5,0,0,0
2026-09-11 14:25:00,96.4,71,85,31.7,0,0,0
2026-09-11 14:30:00,94.5,34,83,32.7,0,0,0
2026-09-11 14:35:00,93.9,38,80,31.5,0,0,0
2026-09-11 14:40:00,95.3,51,84,34.6,0,0,0
2026-09-11 14:45:00,92.0,32,80,30.9,0,0,0
2026-09-11 14:50:00,88.5,23,84,37.0,0,0,0
2026-09-11 14:55:00,88.5,46,85,35.3,0,0,0
2026-09-11 15:00:00,86.0,23,80,34.6,0,0,0
2026-09-11 15:05:00,85.8,62,85,30.8,0,0,0
2026-09-11 15:10:00,82.6,57,84,34.7,0,0,0
2026-09-11 15:15:00,82.5,76,86,35.3,0,0,0
2026-09-11 15:20:00,83.5,102,89,34.9,0,0,0
2026-09-11 15:25:00,80.4,32,81,33.8,0,0,0
2026-09-11 15:30:00,79.9,34,83,32.4,0,0,0
2026-09-11 15:35:00,78.6,40,86,34.6,0,0,0
2026-09-11 15:40:00,79.9,51,87,31.9,0,0,0
2026-09-11 15:45:00,80.1,30,83,34.2,0,0,0
2026-09-11 15:50:00,83.5,40,83,30.8,0,0,0
2026-09-11 15:55:00,83.7,52,86,31.0,0,0,0
2026-09-11 16:00:00,83.5,32,83,34.4,0,0,0
2026-09-11 16:05:00,86.8,100,87,32.2,0,0,0
2026-09-11 16:10:00,84.8,15,80,33.3,0,0,0
2026-09-11 16:15:00,85.8,63,84,31.5,0,0,0
2026-09-11 16:20:00,85.9,63,89,39.3,0,0,0
2026-09-11 16:25:00,83.3,35,83,31.8,0,0,0
2026-09-11 16:30:00,80.9,53,84,34.6,0,0,0
2026-09-11 16:35:00,82.8,44,83,29.0,0,0,0
2026-09-11 16:40:00,80.6,45,82,32.6,0,0,0
2026-09-11 16:45:00,79.0,85,86,29.4,0,0,0
2026-09-11 16:50:00,79.0,35,82,36.1,0,0,0
2026-09-11 16:55:00,80.1,62,85,33.6,0,0,0
2026-09-11 17:00:00,80.9,49,84,31.1,0,0,0
2026-09-11 17:05:00,81.5,36,82,33.0,0,0,0
2026-09-11 17:10:00,82.1,57,89,31.8,0,14,35
2026-09-11 17:15:00,85.8,35,90,31.4,0,0,0
2026-09-11 17:20:00,85.3,57,90,33.4,0,0,0
2026-09-11 17:25:00,85.6,495,115,32.9,0,0,0
2026-09-11 17:30:00,85.8,419,107,32.5,0,0,0
2026-09-11 17:35:00,85.0,35,89,30.3,0,0,0
2026-09-11 17:40:00,85.1,33,84,31.5,0,0,0
2026-09-11 17:45:00,81.5,37,81,32.6,0,0,0
2026-09-11 17:50:00,76.3,52,82,32.5,0,0,0
2026-09-11 17:55:00,79.1,19,81,34.0,0,0,0
2026-09-11 18:00:00,80.0,29,84,33.4,0,0,0
2026-09-11 18:05:00,81.0,27,85,34.8,0,0,0
2026-09-11 18:10:00,84.0,60,83,35.3,0,0,0
2026-09-11 18:15:00,87.5,31,83,31.6,0,0,0
2026-09-11 18:20:00,86.5,27,85,29.4,0,0,0
2026-09-11 18:25:00,85.9,23,83,32.7,0,0,0
2026-09-11 18:30:00,84.0,40,84,33.5,0,0,0
2026-09-11 18:35:00,82.5,55,86,33.0,0,0,0
2026-09-11 18:40:00,82.4,38,81,33.5,0,0,0
2026-09-11 18:45:00,84.0,68,85,28.6,0,0,0
2026-09-11 18:50:00,83.6,420,102,32.6,0,0,0
2026-09-11 18:55:00,83.6,435,107,33.4,0,0,0
2026-09-11 19:00:00,86.8,419,108,31.7,0,0,0
2026-09-11 19:05:00,84.0,480,106,33.5,0,0,0
2026-09-11 19:10:00,85.1,58,89,34.4,0,0,0
2026-09-11 19:15:00,87.0,28,83,30.0,0,0,0
2026-09-11 19:20:00,85.3,30,82,33.4,0,0,0
2026-09-11 19:25:00,85.5,63,84,33.5,0,0,0
2026-09-11 19:30:00,98.6,49,84,36.1,0,0,0
2026-09-11 19:35:00,97.2,68,85,31.3,0,0,0
2026-09-11 19:40:00,97.4,44,84,35.1,0,0,0
2026-09-11 19:45:00,99.4,37,83,31.7,0,0,0
2026-09-11 19:50:00,100.7,46,87,33.7,0,0,0
2026-09-11 19:55:00,99.9,61,85,33.8,0,0,0
2026-09-11 20:00:00,98.4,62,85,36.9,0,0,0
2026-09-11 20:05:00,92.8,95,90,31.1,0,0,0
2026-09-11 20:10:00,96.3,37,83,34.9,0,0,0
2026-09-11 20:15:00,98.8,56,84,34.9,0,0,0
2026-09-11 20:20:00,94.7,22,86,32.1,0,0,0
2026-09-11 20:25:00,91.9,38,81,32.3,0,0,0
2026-09-11 20:30:00,93.2,33,78,33.8,0,0,0
2026-09-11 20:35:00,93.6,51,81,34.6,0,0,0
2026-09-11 20:40:00,96.2,28,86,33.8,0,48,50
2026-09-11 20:45:00,93.7,27,84,36.9,0,0,0
2026-09-11 20:50:00,96.9,59,86,32.1,0,0,0
2026-09-11 20:55:00,98.2,470,113,33.4,0,0,0
2026-09-11 21:00:00,95.5,447,109,35.6,0,0,0
2026-09-11 21:05:00,96.0,39,89,34.3,0,0,0
2026-09-11 21:10:00,94.6,52,83,36.3,0,0,0
2026-09-11 21:15:00,94.4,71,86,33.4,0,0,0
2026-09-11 21:20:00,95.9,49,84,31.2,0,0,0
2026-09-11 21:25:00,94.3,64,87,32.7,0,0,0
2026-09-11 21:30:00,89.8,32,85,33.7,0,0,0
2026-09-11 21:35:00,86.1,35,85,36.4,0,0,0
2026-09-11 21:40:00,81.5,41,83,29.7,0,0,0
2026-09-11 21:45:00,82.2,51,85,31.3,0,0,0
2026-09-11 21:50:00,77.9,19,86,35.3,0,0,0
2026-09-11 21:55:00,81.2,48,81,32.8,0,0,0
2026-09-11 22:00:00,77.5,45,82,31.9,0,0,0
2026-09-11 22:05:00,76.4,35,86,31.3,0,0,0
2026-09-11 22:10:00,75.7,38,86,32.3,0,0,0
2026-09-11 22:15:00,74.4,79,85,32.8,0,0,0
2026-09-11 22:20:00,74.7,65,84,33.8,0,0,0
2026-09-11 22:25:00,75.1,48,81,33.6,0,0,0
2026-09-11 22:30:00,75.1,65,87,34.1,0,0,0
2026-09-11 22:35:00,75.1,36,83,31.4,0,0,0
2026-09-11 22:40:00,73.9,24,83,34.9,0,0,0
2026-09-11 22:45:00,77.0,61,84,29.9,0,0,0
2026-09-11 22:50:00,75.4,55,81,31.9,0,0,0
2026-09-11 22:55:00,74.1,67,81,34.7,0,0,0
2026-09-11 23:00:00,70.1,36,82,31.3,0,0,0
2026-09-11 23:05:00,69.6,68,85,33.8,0,0,0
2026-09-11 23:10:00,72.7,53,82,33.6,0,0,0
2026-09-11 23:15:00,69.9,57,86,32.5,0,0,0
2026-09-11 23:20:00,75.4,55,85,34.8,0,0,0
2026-09-11 23:25:00,75.4,29,84,30.7,0,0,0
2026-09-11 23:30:00,77.5,49,85,35.7,0,0,0
2026-09-11 23:35:00,79.6,65,82,32.5,0,0,0
2026-09-11 23:40:00,79.5,86,85,31.5,0,0,0
2026-09-11 23:45:00,79.8,49,86,35.4,0,0,0
2026-09-11 23:50:00,80.7,42,85,32.7,0,0,0
2026-09-11 23:55:00,81.6,66,88,35.1,0,0,0
2026-09-12 00:00:00,81.5,34,86,34.6,0,0,0
2026-09-12 00:05:00,80.6,20,80,31.5,0,0,0
2026-09-12 00:10:00,79.5,1,72,52.5,1,0,0
2026-09-12 00:15:00,77.0,1,73,56.4,1,0,0
2026-09-12 00:20:00,78.1,0,72,53.7,1,0,0
2026-09-12 00:25:00,78.2,0,71,55.0,1,0,0
2026-09-12 00:30:00,81.5,0,74,50.5,1,0,0
2026-09-12 00:35:00,83.5,0,75,50.2,1,0,0
2026-09-12 00:40:00,80.4,0,76,56.2,1,0,0
2026-09-12 00:45:00,81.0,0,73,55.1,1,0,0
2026-09-12 00:50:00,82.1,0,76,50.1,1,0,0
2026-09-12 00:55:00,78.2,1,72,55.1,1,0,0
2026-09-12 01:00:00,77.4,0,74,55.4,1,0,0
2026-09-12 01:05:00,77.4,0,70,49.7,1,0,0
2026-09-12 01:10:00,77.1,1,71,51.1,1,0,0
2026-09-12 01:15:00,76.7,1,74,53.8,1,0,0
2026-09-12 01:20:00,78.2,0,74,55.9,1,0,0
2026-09-12 01:25:00,80.3,0,72,56.8,1,0,0
2026-09-12 01:30:00,83.4,0,72,52.8,1,0,0
2026-09-12 01:35:00,82.8,1,73,50.5,1,0,0
2026-09-12 01:40:00,82.6,0,71,52.9,1,0,0
2026-09-12 01:45:00,88.0,0,74,51.2,1,0,0
2026-09-12 01:50:00,81.7,0,74,54.9,1,0,0
2026-09-12 01:55:00,82.9,1,73,57.0,1,0,0
2026-09-12 02:00:00,84.0,0,72,46.2,1,0,0
2026-09-12 02:05:00,83.0,0,71,51.9,1,0,0
2026-09-12 02:10:00,87.5,0,72,52.1,1,0,0
2026-09-12 02:15:00,86.4,0,74,53.9,1,0,0
2026-09-12 02:20:00,85.7,0,75,53.8,1,0,0
2026-09-12 02:25:00,85.8,1,72,55.4,1,0,0
2026-09-12 02:30:00,85.8,0,74,54.5,1,0,0
2026-09-12 02:35:00,86.1,0,71,49.5,1,0,0
2026-09-12 02:40:00,97.2,1,73,53.9,1,0,0
2026-09-12 02:45:00,100.8,0,72,53.3,1,0,0
2026-09-12 02:50:00,102.6,0,69,54.0,1,0,0
2026-09-12 02:55:00,103.2,1,74,48.5,1,0,0
2026-09-12 03:00:00,100.2,0,73,54.5,1,0,0
2026-09-12 03:05:00,101.0,0,75,56.2,1,0,0
2026-09-12 03:10:00,101.6,0,72,51.3,1,0,0
2026-09-12 03:15:00,101.4,0,77,53.1,1,0,0
2026-09-12 03:20:00,105.3,0,73,51.1,1,0,0
2026-09-12 03:25:00,106.0,0,74,56.3,1,0,0
2026-09-12 03:30:00,104.6,0,73,55.6,1,0,0
2026-09-12 03:35:00,101.3,0,73,52.7,1,0,0
2026-09-12 03:40:00,103.4,0,76,56.3,1,0,0
2026-09-12 03:45:00,100.9,0,74,54.0,1,0,0
2026-09-12 03:50:00,99.7,0,74,54.4,1,0,0
2026-09-12 03:55:00,97.7,0,70,50.9,1,0,0
2026-09-12 04:00:00,99.2,0,75,55.4,1,0,0
2026-09-12 04:05:00,94.2,1,71,52.9,1,0,0
2026-09-12 04:10:00,93.8,1,74,53.0,1,0,0
2026-09-12 04:15:00,97.0,2,74,53.6,1,0,0
2026-09-12 04:20:00,93.3,0,72,55.3,1,0,0
2026-09-12 04:25:00,95.9,0,77,55.8,1,0,0
2026-09-12 04:30:00,92.3,0,69,49.6,1,0,0
2026-09-12 04:35:00,95.5,1,72,53.4,1,0,0
2026-09-12 04:40:00,95.3,1,72,52.7,1,0,0
2026-09-12 04:45:00,96.3,2,73,53.5,1,0,0
2026-09-12 04:50:00,97.7,0,73,54.7,1,0,0
2026-09-12 04:55:00,97.5,0,75,55.9,1,0,0
2026-09-12 05:00:00,99.1,0,71,52.0,1,0,0
2026-09-12 05:05:00,99.8,0,72,54.1,1,0,0
2026-09-12 05:10:00,100.3,0,75,54.6,1,0,0
2026-09-12 05:15:00,100.1,1,74,56.4,1,0,0
2026-09-12 05:20:00,103.6,0,74,51.5,1,0,0
2026-09-12 05:25:00,101.0,0,75,52.4,1,0,0
2026-09-12 05:30:00,102.9,0,71,52.0,1,0,0
2026-09-12 05:35:00,102.6,1,71,54.7,1,0,0
2026-09-12 05:40:00,100.8,0,74,52.7,1,0,0
2026-09-12 05:45:00,102.7,0,73,53.1,1,0,0
2026-09-12 05:50:00,106.1,0,73,53.3,1,0,0
2026-09-12 05:55:00,106.0,0,68,56.1,1,0,0
2026-09-12 06:00:00,108.5,1,72,52.0,1,0,0
2026-09-12 06:05:00,109.4,0,74,52.6,1,0,0
2026-09-12 06:10:00,109.0,0,69,51.5,1,0,0
2026-09-12 06:15:00,110.0,0,72,55.1,1,0,0
2026-09-12 06:20:00,108.2,0,72,56.0,1,0,0
2026-09-12 06:25:00,107.3,0,74,54.1,1,0,0
2026-09-12 06:30:00,109.1,0,72,52.1,1,0,0
2026-09-12 06:35:00,107.6,0,72,52.3,1,0,0
2026-09-12 06:40:00,106.7,0,71,55.8,1,0,0
2026-09-12 06:45:00,105.5,0,72,53.3,1,0,0
2026-09-12 06:50:00,102.5,0,72,55.1,1,0,0
2026-09-12 06:55:00,102.9,1,73,54.1,1,0,0
2026-09-12 07:00:00,103.3,76,84,30.6,0,0,0
2026-09-12 07:05:00,104.9,75,84,29.2,0,0,0
2026-09-12 07:10:00,105.7,24,85,29.9,0,0,0
2026-09-12 07:15:00,104.2,27,84,34.0,0,0,0
2026-09-12 07:20:00,104.0,45,86,33.1,0,0,0
2026-09-12 07:25:00,102.4,24,83,34.4,0,0,0
2026-09-12 07:30:00,100.9,42,85,33.3,0,0,0
2026-09-12 07:35:00,101.5,29,82,31.4,0,0,0
2026-09-12 07:40:00,101.7,69,84,35.1,0,0,0
2026-09-12 07:45:00,101.7,63,83,36.0,0,0,0
2026-09-12 07:50:00,104.8,65,81,32.9,0,0,0
2026-09-12 07:55:00,106.9,62,81,33.5,0,0,0
2026-09-12 08:00:00,105.3,71,86,35.0,0,0,0
2026-09-12 08:05:00,104.3,39,83,34.0,0,0,0
2026-09-12 08:10:00,103.4,33,81,31.0,0,0,0
2026-09-12 08:15:00,101.3,68,86,30.9,0,0,0
2026-09-12 08:20:00,99.4,33,86,33.6,0,0,0
2026-09-12 08:25:00,98.8,57,89,34.0,0,66,78
2026-09-12 08:30:00,101.6,48,87,35.4,0,0,0
2026-09-12 08:35:00,101.1,75,91,31.7,0,0,0
2026-09-12 08:40:00,102.4,461,111,30.9,0,0,0
2026-09-12 08:45:00,98.3,455,114,31.2,0,0,0
2026-09-12 08:50:00,102.4,373,108,31.8,0,0,0
2026-09-12 08:55:00,99.8,381,107,29.3,0,0,0
2026-09-12 09:00:00,100.0,380,99,33.9,0,0,0
2026-09-12 09:05:00,99.8,33,86,35.8,0,0,0
2026-09-12 09:10:00,97.3,37,87,32.0,0,0,0
2026-09-12 09:15:00,97.2,61,84,33.0,0,0,0
2026-09-12 09:20:00,93.3,68,84,33.4,0,0,0
2026-09-12 09:25:00,91.0,36,85,35.8,0,0,0
2026-09-12 09:30:00,91.0,49,82,33.8,0,0,0
2026-09-12 09:35:00,87.7,41,86,33.2,0,0,0
2026-09-12 09:40:00,83.7,51,83,33.2,0,0,0
2026-09-12 09:45:00,82.3,60,87,35.4,0,0,0
2026-09-12 09:50:00,82.7,33,82,32.6,0,0,0
2026-09-12 09:55:00,84.5,39,85,32.0,0,0,0
2026-09-12 10:00:00,81.6,27,80,33.5,0,0,0
2026-09-12 10:05:00,79.3,39,81,32.7,0,0,0
2026-09-12 10:10:00,72.9,17,86,29.7,0,0,0
2026-09-12 10:15:00,71.7,23,81,34.5,0,0,0
2026-09-12 10:20:00,69.7,36,82,32.7,0,0,0
2026-09-12 10:25:00,66.7,10,82,31.6,0,0,0
2026-09-12 10:30:00,64.9,81,86,34.8,0,0,0
2026-09-12 10:35:00,63.5,34,86,34.2,0,0,0
2026-09-12 10:40:00,62.8,42,84,32.6,0,0,0
2026-09-12 10:45:00,64.0,46,83,34.0,0,0,0
2026-09-12 10:50:00,65.6,65,83,37.1,0,0,0
2026-09-12 10:55:00,64.7,85,88,33.8,0,0,0
2026-09-12 11:00:00,62.3,78,84,35.4,0,0,0
2026-09-12 11:05:00,61.3,40,82,34.7,0,0,0
2026-09-12 11:10:00,61.7,30,84,30.8,0,0,0
2026-09-12 11:15:00,55.8,47,86,36.4,0,0,0
2026-09-12 11:20:00,58.0,46,85,29.9,0,0,0
2026-09-12 11:25:00,62.1,33,85,33.8,0,0,0
2026-09-12 11:30:00,59.2,16,78,32.7,0,0,0
2026-09-12 11:35:00,58.1,50,83,32.8,0,0,0
2026-09-12 11:40:00,60.7,122,91,34.1,0,0,0
2026-09-12 11:45:00,58.1,35,84,35.6,0,0,0
2026-09-12 11:50:00,55.8,64,84,31.6,0,0,0
2026-09-12 11:55:00,59.3,43,83,34.7,0,0,0
2026-09-12 12:00:00,56.8,16,84,31.7,0,0,0
2026-09-12 12:05:00,57.4,46,84,33.6,0,0,0
2026-09-12 12:10:00,58.0,54,84,33.4,0,0,0
2026-09-12 12:15:00,57.7,83,82,31.1,0,0,0
2026-09-12 12:20:00,55.8,58,83,32.5,0,0,0
2026-09-12 12:25:00,54.2,66,86,34.7,0,0,0
2026-09-12 12:30:00,55.5,61,84,34.0,0,0,0
2026-09-12 12:35:00,57.8,80,81,31.3,0,0,0
2026-09-12 12:40:00,59.2,33,84,33.1,0,0,0
2026-09-12 12:45:00,58.3,65,84,32.5,0,0,0
2026-09-12 12:50:00,60.0,28,82,35.3,0,0,0
2026-09-12 12:55:00,59.9,75,84,32.7,0,0,0
2026-09-12 13:00:00,60.6,24,83,34.1,0,0,0
2026-09-12 13:05:00,60.8,44,80,32.6,0,0,0
2026-09-12 13:10:00,61.3,53,84,36.4,0,0,0
2026-09-12 13:15:00,64.7,17,80,34.6,0,0,0
2026-09-12 13:20:00,64.3,54,83,30.7,0,0,0
2026-09-12 13:25:00,63.8,42,82,34.2,0,60,50
2026-09-12 13:30:00,67.4,35,86,33.9,0,0,0
2026-09-12 13:35:00,71.7,65,86,31.7,0,0,0
2026-09-12 13:40:00,75.7,53,84,28.8,0,0,0
2026-09-12 13:45:00,78.2,74,89,33.4,0,0,0
2026-09-12 13:50:00,76.3,62,88,32.8,0,0,0
2026-09-12 13:55:00,75.5,70,82,31.5,0,0,0
2026-09-12 14:00:00,74.7,45,85,32.8,0,0,0
2026-09-12 14:05:00,74.6,51,84,34.9,0,0,0
2026-09-12 14:10:00,74.5,31,81,30.0,0,0,0
2026-09-12 14:15:00,74.8,21,81,30.7,0,0,0
2026-09-12 14:20:00,74.6,56,87,35.4,0,0,0
2026-09-12 14:25:00,105.6,59,83,31.4,0,0,0
2026-09-12 14:30:00,102.7,65,86,34.4,0,0,0
2026-09-12 14:35:00,101.1,50,83,31.5,0,0,0
2026-09-12 14:40:00,99.9,50,83,33.9,0,0,0
2026-09-12 14:45:00,99.3,26,81,35.1,0,0,0
2026-09-12 14:50:00,97.2,46,87,27.8,0,0,0
2026-09-12 14:55:00,94.2,43,86,33.1,0,0,0
2026-09-12 15:00:00,93.5,62,82,35.9,0,0,0
2026-09-12 15:05:00,90.2,45,82,35.8,0,0,0
2026-09-12 15:10:00,89.3,32,82,35.2,0,0,0
2026-09-12 15:15:00,86.2,18,83,31.9,0,0,0
2026-09-12 15:20:00,83.8,39,79,36.2,0,0,0
2026-09-12 15:25:00,78.8,36,79,32.0,0,0,0
2026-09-12 15:30:00,80.0,111,85,33.2,0,0,0
2026-09-12 15:35:00,79.7,41,83,34.2,0,0,0
2026-09-12 15:40:00,81.5,57,86,35.6,0,0,0
2026-09-12 15:45:00,80.5,53,87,33.6,0,0,0
2026-09-12 15:50:00,76.9,89,91,35.3,0,0,0
2026-09-12 15:55:00,76.2,29,81,32.0,0,0,0
2026-09-12 16:00:00,79.0,44,81,30.5,0,0,0
2026-09-12 16:05:00,80.2,33,80,32.5,0,0,0
2026-09-12 16:10:00,85.1,99,88,29.2,0,0,0
2026-09-12 16:15:00,82.3,66,85,36.4,0,0,0
2026-09-12 16:20:00,80.1,32,82,31.4,0,0,0
2026-09-12 16:25:00,81.7,26,82,28.7,0,0,0
2026-09-12 16:30:00,82.9,42,88,31.2,0,0,0
2026-09-12 16:35:00,81.3,24,82,33.6,0,0,0
2026-09-12 16:40:00,81.9,37,85,33.0,0,0,0
2026-09-12 16:45:00,77.7,30,84,32.6,0,0,0
2026-09-12 16:50:00,77.0,60,86,30.3,0,0,0
2026-09-12 16:55:00,75.2,73,89,34.6,0,0,0
2026-09-12 17:00:00,73.7,59,81,31.5,0,0,0
2026-09-12 17:05:00,75.7,41,85,33.5,0,0,0
2026-09-12 17:10:00,75.9,69,86,35.8,0,0,0
2026-09-12 17:15:00,76.1,103,88,34.2,0,0,0
2026-09-12 17:20:00,73.5,29,84,32.7,0,31,60
2026-09-12 17:25:00,75.7,108,87,31.2,0,0,0
2026-09-12 17:30:00,73.1,54,86,38.3,0,0,0
2026-09-12 17:35:00,72.6,418,109,34.6,0,0,0
2026-09-12 17:40:00,71.3,416,106,33.0,0,0,0
2026-09-12 17:45:00,72.4,50,88,32.9,0,0,0
2026-09-12 17:50:00,71.4,57,82,36.0,0,0,0
2026-09-12 17:55:00,70.4,33,84,34.4,0,0,0
2026-09-12 18:00:00,68.1,47,84,31.2,0,0,0
2026-09-12 18:05:00,71.5,38,87,31.6,0,0,0
2026-09-12 18:10:00,70.3,21,82,30.4,0,0,0
2026-09-12 18:15:00,71.2,31,84,35.3,0,0,0
2026-09-12 18:20:00,73.3,68,83,34.2,0,0,0
2026-09-12 18:25:00,72.0,87,87,34.5,0,0,0
2026-09-12 18:30:00,74.4,18,82,33.7,0,0,0
2026-09-12 18:35:00,71.2,34,88,33.2,0,0,0
2026-09-12 18:40:00,71.9,82,83,27.7,0,0,0
2026-09-12 18:45:00,72.0,66,87,33.9,0,0,0
2026-09-12 18:50:00,73.1,43,85,32.4,0,0,0
2026-09-12 18:55:00,73.1,49,82,35.0,0,0,0
2026-09-12 19:00:00,72.6,74,84,30.9,0,0,0
2026-09-12 19:05:00,72.0,48,89,30.6,0,0,0
2026-09-12 19:10:00,71.5,48,86,33.5,0,0,0
2026-09-12 19:15:00,73.4,53,86,31.4,0,0,0
2026-09-12 19:20:00,75.0,42,85,37.9,0,0,0
2026-09-12 19:25:00,92.3,47,83,33.4,0,0,0
2026-09-12 19:30:00,90.6,89,86,33.9,0,0,0
2026-09-12 19:35:00,90.1,71,89,32.7,0,0,0
2026-09-12 19:40:00,87.8,39,84,34.6,0,0,0
2026-09-12 19:45:00,87.4,76,88,32.1,0,0,0
2026-09-12 19:50:00,83.8,28,86,31.0,0,0,0
2026-09-12 19:55:00,84.7,38,83,36.2,0,0,0
2026-09-12 20:00:00,81.2,50,84,29.0,0,0,0
2026-09-12 20:05:00,77.8,34,83,36.0,0,0,0
2026-09-12 20:10:00,79.2,24,81,34.0,0,0,0
2026-09-12 20:15:00,78.5,28,85,33.8,0,0,0
2026-09-12 20:20:00,81.5,79,88,32.9,0,0,0
2026-09-12 20:25:00,80.4,43,87,34.4,0,0,0
2026-09-12 20:30:00,83.8,59,87,31.0,0,0,0
2026-09-12 20:35:00,81.6,15,81,34.6,0,0,0
2026-09-12 20:40:00,83.2,61,81,29.9,0,0,0
2026-09-12 20:45:00,80.7,33,84,29.0,0,0,0
2026-09-12 20:50:00,84.9,42,82,28.7,0,0,0
2026-09-12 20:55:00,86.4,30,82,33.7,0,0,0
2026-09-12 21:00:00,85.9,44,81,38.2,0,0,0
2026-09-12 21:05:00,84.8,37,86,32.0,0,0,0
2026-09-12 21:10:00,82.9,56,87,31.6,0,84,75
2026-09-12 21:15:00,87.2,60,88,35.2,0,0,0
2026-09-12 21:20:00,88.4,14,88,30.0,0,0,0
2026-09-12 21:25:00,86.5,465,113,30.7,0,0,0
2026-09-12 21:30:00,82.0,429,107,32.2,0,0,0
2026-09-12 21:35:00,80.5,70,90,32.4,0,0,0
2026-09-12 21:40:00,80.1,78,91,33.2,0,0,0
2026-09-12 21:45:00,78.0,29,82,32.0,0,0,0
2026-09-12 21:50:00,75.5,28,84,32.9,0,0,0
2026-09-12 21:55:00,75.6,55,81,33.8,0,0,0
2026-09-12 22:00:00,71.6,57,84,33.7,0,0,0
2026-09-12 22:05:00,67.7,84,84,34.7,0,0,0
2026-09-12 22:10:00,65.1,37,85,33.1,0,0,0
2026-09-12 22:15:00,60.3,37,84,30.3,0,0,0
2026-09-12 22:20:00,58.1,34,84,27.6,0,0,0
2026-09-12 22:25:00,58.3,1,73,53.2,1,0,0
2026-09-12 22:30:00,58.3,2,73,54.1,1,0,0
2026-09-12 22:35:00,56.3,0,72,52.3,1,0,0
2026-09-12 22:40:00,51.6,0,75,54.5,1,0,0
2026-09-12 22:45:00,52.9,1,73,56.2,1,0,0
2026-09-12 22:50:00,50.5,0,70,54.6,1,0,0
2026-09-12 22:55:00,43.2,0,72,51.1,1,0,0
2026-09-12 23:00:00,42.9,0,78,48.1,1,0,0
2026-09-12 23:05:00,43.1,1,71,51.4,1,0,0
2026-09-12 23:10:00,42.2,0,74,53.4,1,0,0
2026-09-12 23:15:00,41.0,0,75,54.4,1,0,0
2026-09-12 23:20:00,48.1,1,75,56.8,1,0,0
2026-09-12 23:25:00,47.4,0,73,55.2,1,0,0
2026-09-12 23:30:00,44.3,0,73,52.7,1,0,0
2026-09-12 23:35:00,42.3,0,74,54.8,1,0,0
2026-09-12 23:40:00,40.0,0,76,53.1,1,0,0
2026-09-12 23:45:00,40.0,1,74,51.6,1,0,0
2026-09-12 23:50:00,42.3,0,72,51.9,1,0,0
2026-09-12 23:55:00,42.8,0,74,55.3,1,0,0
2026-09-13 00:00:00,44.3,2,71,50.9,1,0,0
2026-09-13 00:05:00,47.7,0,77,58.7,1,0,0
2026-09-13 00:10:00,48.6,0,73,50.9,1,0,0
2026-09-13 00:15:00,49.4,0,72,55.2,1,0,0
2026-09-13 00:20:00,48.9,0,74,53.0,1,0,0
2026-09-13 00:25:00,46.3,0,78,54.8,1,0,0
2026-09-13 00:30:00,43.7,0,75,50.8,1,0,0
2026-09-13 00:35:00,42.2,0,75,50.6,1,0,0
2026-09-13 00:40:00,43.0,0,73,56.0,1,0,0
2026-09-13 00:45:00,43.5,1,73,52.9,1,0,0
2026-09-13 00:50:00,46.9,0,75,51.6,1,0,0
2026-09-13 00:55:00,46.5,0,71,53.8,1,0,0
2026-09-13 01:00:00,45.5,0,75,52.0,1,0,0
2026-09-13 01:05:00,43.3,1,74,54.2,1,0,0
2026-09-13 01:10:00,46.9,1,69,53.5,1,0,0
2026-09-13 01:15:00,46.9,1,72,53.5,1,0,0
2026-09-13 01:20:00,48.7,1,72,54.5,1,0,0
2026-09-13 01:25:00,49.7,0,71,51.5,1,0,0
2026-09-13 01:30:00,52.2,0,71,52.3,1,0,0
2026-09-13 01:35:00,48.9,0,74,46.5,1,0,0
2026-09-13 01:40:00,52.9,0,71,54.9,1,0,0
2026-09-13 01:45:00,52.3,0,72,53.4,1,0,0
2026-09-13 01:50:00,55.6,0,75,49.8,1,0,0
2026-09-13 01:55:00,56.1,0,71,52.1,1,0,0
2026-09-13 02:00:00,56.1,0,73,56.0,1,0,0
2026-09-13 02:05:00,57.3,0,73,54.0,1,0,0
2026-09-13 02:10:00,58.5,1,74,51.9,1,0,0
2026-09-13 02:15:00,63.6,1,73,53.6,1,0,0
2026-09-13 02:20:00,60.8,0,75,51.6,1,0,0
2026-09-13 02:25:00,60.5,0,75,51.0,1,0,0
2026-09-13 02:30:00,60.2,0,70,58.8,1,0,0
2026-09-13 02:35:00,60.8,1,68,47.9,1,0,0
2026-09-13 02:40:00,63.3,1,76,57.2,1,0,0
2026-09-13 02:45:00,64.0,1,71,53.9,1,0,0
2026-09-13 02:50:00,66.8,0,77,52.0,1,0,0
2026-09-13 02:55:00,68.5,1,75,49.7,1,0,0
2026-09-13 03:00:00,68.7,0,74,51.3,1,0,0
2026-09-13 03:05:00,66.6,0,73,51.8,1,0,0
2026-09-13 03:10:00,105.3,2,71,55.8,1,0,0
2026-09-13 03:15:00,105.4,0,70,54.0,1,0,0
2026-09-13 03:20:00,106.3,0,72,55.4,1,0,0
2026-09-13 03:25:00,106.0,0,76,50.5,1,0,0
2026-09-13 03:30:00,108.3,0,76,52.4,1,0,0
2026-09-13 03:35:00,109.0,0,74,56.5,1,0,0
2026-09-13 03:40:00,105.9,0,73,50.8,1,0,0
2026-09-13 03:45:00,107.1,0,70,52.1,1,0,0
2026-09-13 03:50:00,109.8,0,72,55.0,1,0,0
2026-09-13 03:55:00,107.5,0,72,53.2,1,0,0
2026-09-13 04:00:00,107.0,0,71,53.9,1,0,0
2026-09-13 04:05:00,108.5,1,70,55.9,1,0,0
2026-09-13 04:10:00,107.5,1,75,51.0,1,0,0
2026-09-13 04:15:00,103.3,0,70,52.3,1,0,0
2026-09-13 04:20:00,103.6,0,74,51.0,1,0,0
2026-09-13 04:25:00,106.4,0,72,52.5,1,0,0
2026-09-13 04:30:00,109.4,1,73,55.1,1,0,0
2026-09-13 04:35:00,108.3,0,76,53.2,1,0,0
2026-09-13 04:40:00,109.5,1,76,52.1,1,0,0
2026-09-13 04:45:00,107.1,0,74,50.5,1,0,0
2026-09-13 04:50:00,107.8,0,74,54.7,1,0,0
2026-09-13 04:55:00,105.9,0,76,52.0,1,0,0
2026-09-13 05:00:00,106.6,0,75,51.3,1,0,0
2026-09-13 05:05:00,107.8,1,73,53.3,1,0,0
2026-09-13 05:10:00,107.1,0,69,53.6,1,0,0
2026-09-13 05:15:00,106.0,0,73,55.0,1,0,0
2026-09-13 05:20:00,105.3,0,72,57.1,1,0,0
2026-09-13 05:25:00,105.8,0,77,51.8,1,0,0
2026-09-13 05:30:00,106.9,0,75,50.7,1,0,0
2026-09-13 05:35:00,105.2,0,71,52.4,1,0,0
2026-09-13 05:40:00,105.3,1,70,54.2,1,0,0
2026-09-13 05:45:00,104.9,0,76,53.4,1,0,0
2026-09-13 05:50:00,103.5,0,75,50.8,1,0,0
2026-09-13 05:55:00,104.1,2,73,54.7,1,0,0
2026-09-13 06:00:00,104.7,1,72,49.7,1,0,0
2026-09-13 06:05:00,104.3,0,74,52.7,1,0,0
2026-09-13 06:10:00,104.8,0,75,53.3,1,0,0
2026-09-13 06:15:00,102.9,0,72,52.0,1,0,0
2026-09-13 06:20:00,103.5,0,70,51.4,1,0,0
2026-09-13 06:25:00,101.1,63,81,28.1,0,0,0
2026-09-13 06:30:00,97.6,29,82,33.7,0,0,0
2026-09-13 06:35:00,97.0,45,84,36.9,0,0,0
2026-09-13 06:40:00,95.4,67,85,36.0,0,0,0
2026-09-13 06:45:00,95.8,51,85,33.6,0,0,0
2026-09-13 06:50:00,97.7,34,85,31.6,0,0,0
2026-09-13 06:55:00,98.1,44,88,37.5,0,0,0
2026-09-13 07:00:00,98.3,30,79,34.9,0,0,0
2026-09-13 07:05:00,98.1,22,80,33.6,0,0,0
2026-09-13 07:10:00,98.8,79,84,33.7,0,0,0
2026-09-13 07:15:00,97.5,71,86,34.0,0,0,0
2026-09-13 07:20:00,95.9,76,87,34.4,0,0,0
2026-09-13 07:25:00,98.9,60,82,37.3,0,0,0
2026-09-13 07:30:00,102.4,48,84,35.4,0,0,0
2026-09-13 07:35:00,105.4,53,85,32.1,0,0,0
2026-09-13 07:40:00,102.1,71,82,35.0,0,0,0
2026-09-13 07:45:00,102.9,41,83,32.7,0,0,0
2026-09-13 07:50:00,99.8,28,85,30.6,0,0,0
2026-09-13 07:55:00,100.6,72,84,32.6,0,0,0
2026-09-13 08:00:00,100.1,77,89,33.3,0,60,78
2026-09-13 08:05:00,102.9,99,90,33.0,0,0,0
2026-09-13 08:10:00,103.5,26,85,33.2,0,0,0
2026-09-13 08:15:00,102.5,520,114,34.2,0,0,0
2026-09-13 08:20:00,102.8,525,116,33.7,0,0,0
2026-09-13 08:25:00,100.3,61,86,31.9,0,0,0
2026-09-13 08:30:00,103.0,32,84,34.2,0,0,0
2026-09-13 08:35:00,101.9,18,81,32.0,0,0,0
2026-09-13 08:40:00,99.1,479,111,31.1,0,0,0
2026-09-13 08:45:00,96.7,441,106,37.1,0,0,0
2026-09-13 08:50:00,90.8,59,86,31.9,0,0,0
2026-09-13 08:55:00,88.1,34,86,33.4,0,0,0
2026-09-13 09:00:00,86.9,52,80,31.7,0,0,0
2026-09-13 09:05:00,85.2,21,78,34.0,0,0,0
2026-09-13 09:10:00,82.6,35,85,34.1,0,0,0
2026-09-13 09:15:00,81.1,50,79,35.0,0,0,0
2026-09-13 09:20:00,78.7,45,80,29.6,0,0,0
2026-09-13 09:25:00,75.4,34,81,33.9,0,0,0
2026-09-13 09:30:00,74.5,54,82,32.8,0,0,0
2026-09-13 09:35:00,74.1,64,85,33.4,0,0,0
2026-09-13 09:40:00,72.7,41,82,31.1,0,0,0
2026-09-13 09:45:00,73.3,61,86,35.6,0,0,0
2026-09-13 09:50:00,71.2,84,83,33.1,0,0,0
2026-09-13 09:55:00,73.8,25,83,30.9,0,0,0
2026-09-13 10:00:00,72.1,23,81,32.8,0,0,0
2026-09-13 10:05:00,68.3,69,84,32.7,0,0,0
2026-09-13 10:10:00,70.3,32,81,32.0,0,0,0
2026-09-13 10:15:00,70.2,55,85,32.4,0,0,0
2026-09-13 10:20:00,69.2,35,84,30.2,0,0,0
2026-09-13 10:25:00,70.7,29,81,34.2,0,0,0
2026-09-13 10:30:00,70.4,66,83,34.5,0,0,0
2026-09-13 10:35:00,70.0,18,82,31.9,0,0,0
2026-09-13 10:40:00,64.8,85,89,33.7,0,0,0
2026-09-13 10:45:00,64.8,79,85,33.8,0,0,0
2026-09-13 10:50:00,60.7,85,86,34.3,0,0,0
2026-09-13 10:55:00,64.1,16,83,31.9,0,0,0
2026-09-13 11:00:00,64.0,48,85,28.7,0,0,0
2026-09-13 11:05:00,64.8,47,84,33.9,0,0,0
2026-09-13 11:10:00,61.6,47,83,31.3,0,0,0
2026-09-13 11:15:00,63.1,68,83,33.2,0,0,0
2026-09-13 11:20:00,64.2,64,86,32.0,0,0,0
2026-09-13 11:25:00,59.4,46,82,36.8,0,0,0
2026-09-13 11:30:00,61.1,60,85,33.0,0,0,0
2026-09-13 11:35:00,60.4,95,83,34.0,0,0,0
2026-09-13 11:40:00,61.6,37,83,37.2,0,0,0
2026-09-13 11:45:00,62.3,49,85,36.1,0,0,0
2026-09-13 11:50:00,64.4,49,81,29.3,0,0,0
2026-09-13 11:55:00,66.5,35,82,33.8,0,0,0
2026-09-13 12:00:00,61.8,71,85,33.7,0,0,0
2026-09-13 12:05:00,63.3,96,84,30.4,0,0,0
2026-09-13 12:10:00,65.1,78,87,32.7,0,0,0
2026-09-13 12:15:00,64.6,54,84,33.5,0,0,0
2026-09-13 12:20:00,65.8,31,84,35.4,0,0,0
2026-09-13 12:25:00,63.6,37,86,33.1,0,0,0
2026-09-13 12:30:00,64.7,62,86,31.6,0,0,0
2026-09-13 12:35:00,65.9,25,81,31.2,0,0,0
2026-09-13 12:40:00,64.9,46,83,30.8,0,0,0
2026-09-13 12:45:00,66.4,57,84,29.4,0,0,0
2026-09-13 12:50:00,69.1,48,85,32.4,0,0,0
2026-09-13 12:55:00,70.7,44,85,35.2,0,0,0
2026-09-13 13:00:00,68.7,61,88,32.0,0,0,0
2026-09-13 13:05:00,67.9,46,85,32.6,0,0,0
2026-09-13 13:10:00,70.3,44,86,32.9,0,0,0
2026-09-13 13:15:00,69.3,75,87,30.3,0,0,0
2026-09-13 13:20:00,70.3,93,85,30.8,0,0,0
2026-09-13 13:25:00,69.1,37,88,29.2,0,0,0
2026-09-13 13:30:00,68.8,47,83,33.4,0,0,0
2026-09-13 13:35:00,64.8,70,83,32.5,0,0,0
2026-09-13 13:40:00,64.2,94,83,31.6,0,0,0
2026-09-13 13:45:00,59.5,46,84,33.5,0,0,0
2026-09-13 13:50:00,55.6,35,81,30.0,0,0,0
2026-09-13 13:55:00,52.1,21,85,31.9,0,0,0
2026-09-13 14:00:00,78.8,41,84,32.4,0,0,0
2026-09-13 14:05:00,77.1,14,78,32.4,0,0,0
2026-09-13 14:10:00,78.0,50,83,33.9,0,0,0
2026-09-13 14:15:00,78.1,24,83,33.6,0,0,0
2026-09-13 14:20:00,77.5,110,90,35.5,0,0,0
2026-09-13 14:25:00,76.3,33,81,31.7,0,0,0
2026-09-13 14:30:00,78.7,52,84,34.2,0,0,0
2026-09-13 14:35:00,76.2,136,91,32.6,0,0,0
2026-09-13 14:40:00,72.4,30,83,35.3,0,0,0
2026-09-13 14:45:00,73.5,40,83,31.7,0,0,0
2026-09-13 14:50:00,73.3,54,83,33.1,0,0,0
2026-09-13 14:55:00,71.3,45,85,29.6,0,0,0
2026-09-13 15:00:00,68.5,69,81,34.3,0,0,0
2026-09-13 15:05:00,66.1,76,82,33.5,0,0,0
2026-09-13 15:10:00,65.2,41,83,29.4,0,0,0
2026-09-13 15:15:00,66.4,92,89,36.6,0,0,0
2026-09-13 15:20:00,66.6,38,86,32.7,0,0,0
2026-09-13 15:25:00,65.8,54,82,31.8,0,0,0
2026-09-13 15:30:00,64.5,37,85,34.3,0,0,0
2026-09-13 15:35:00,65.0,77,84,34.0,0,0,0
2026-09-13 15:40:00,67.6,53,84,33.4,0,0,0
2026-09-13 15:45:00,69.6,17,81,30.4,0,0,0
2026-09-13 15:50:00,69.6,40,84,30.5,0,0,0
2026-09-13 15:55:00,67.1,42,87,33.9,0,0,0
2026-09-13 16:00:00,64.0,24,84,32.2,0,0,0
2026-09-13 16:05:00,65.6,58,83,31.7,0,0,0
2026-09-13 16:10:00,67.5,53,86,29.2,0,0,0
2026-09-13 16:15:00,70.1,107,88,32.0,0,0,0
2026-09-13 16:20:00,70.8,40,82,36.4,0,0,0
2026-09-13 16:25:00,70.7,53,88,31.0,0,0,0
2026-09-13 16:30:00,73.3,63,83,32.1,0,0,0
2026-09-13 16:35:00,72.7,12,78,33.9,0,0,0
2026-09-13 16:40:00,72.4,69,86,33.4,0,0,0
2026-09-13 16:45:00,72.3,57,84,32.7,0,0,0
2026-09-13 16:50:00,73.0,61,81,32.6,0,0,0
2026-09-13 16:55:00,74.0,65,85,30.7,0,0,0
2026-09-13 17:00:00,75.0,33,83,33.7,0,0,0
2026-09-13 17:05:00,74.4,30,81,29.8,0,0,0
2026-09-13 17:10:00,77.5,38,81,37.1,0,0,0
2026-09-13 17:15:00,74.5,453,109,34.4,0,0,0
2026-09-13 17:20:00,74.6,431,105,32.1,0,0,0
2026-09-13 17:25:00,73.6,34,83,30.4,0,14,35
2026-09-13 17:30:00,77.7,38,88,29.6,0,0,0
2026-09-13 17:35:00,77.7,26,85,28.4,0,0,0
2026-09-13 17:40:00,78.0,79,90,33.5,0,0,0
2026-09-13 17:45:00,81.2,96,91,32.8,0,0,0
2026-09-13 17:50:00,81.3,22,86,32.1,0,0,0
2026-09-13 17:55:00,78.5,60,82,29.6,0,0,0
2026-09-13 18:00:00,79.5,35,82,33.4,0,0,0
2026-09-13 18:05:00,79.8,46,86,32.3,0,0,0
2026-09-13 18:10:00,78.9,35,83,34.0,0,0,0
2026-09-13 18:15:00,81.1,57,84,31.8,0,0,0
2026-09-13 18:20:00,82.0,23,83,35.5,0,0,0
2026-09-13 18:25:00,86.8,88,83,33.8,0,0,0
2026-09-13 18:30:00,89.4,50,81,33.3,0,0,0
2026-09-13 18:35:00,90.2,40,84,31.6,0,0,0
2026-09-13 18:40:00,90.2,34,86,28.7,0,0,0
2026-09-13 18:45:00,91.3,80,88,37.4,0,0,0
2026-09-13 18:50:00,90.8,16,80,31.5,0,0,0
2026-09-13 18:55:00,87.7,23,83,34.2,0,0,0
2026-09-13 19:00:00,87.5,35,86,31.8,0,0,0
2026-09-13 19:05:00,86.9,28,82,30.4,0,0,0
2026-09-13 19:10:00,85.9,51,88,36.0,0,0,0
2026-09-13 19:15:00,86.1,29,83,33.1,0,0,0
2026-09-13 19:20:00,85.8,22,85,32.4,0,0,0
2026-09-13 19:25:00,85.0,28,83,36.8,0,0,0
2026-09-13 19:30:00,104.9,38,81,34.5,0,0,0
2026-09-13 19:35:00,102.9,38,85,28.8,0,0,0
2026-09-13 19:40:00,99.1,63,85,35.8,0,0,0
2026-09-13 19:45:00,98.0,20,83,33.3,0,0,0
2026-09-13 19:50:00,98.0,57,83,33.2,0,0,0
2026-09-13 19:55:00,97.3,42,82,32.4,0,0,0
2026-09-13 20:00:00,97.4,58,87,33.0,0,0,0
2026-09-13 20:05:00,98.1,44,84,32.6,0,0,0
2026-09-13 20:10:00,101.1,94,85,36.9,0,0,0
2026-09-13 20:15:00,98.5,19,80,32.5,0,0,0
2026-09-13 20:20:00,95.6,29,84,30.0,0,0,0
2026-09-13 20:25:00,93.3,73,87,31.2,0,0,0
2026-09-13 20:30:00,95.1,46,86,32.8,0,0,0
2026-09-13 20:35:00,94.7,44,85,31.8,0,0,0
2026-09-13 20:40:00,94.2,48,87,32.9,0,0,0
2026-09-13 20:45:00,92.9,65,88,33.2,0,0,0
2026-09-13 20:50:00,90.4,34,85,36.2,0,0,0
2026-09-13 20:55:00,89.8,18,81,31.4,0,0,0
2026-09-13 21:00:00,92.7,22,83,35.7,0,0,0
2026-09-13 21:05:00,91.8,33,84,33.0,0,0,0
2026-09-13 21:10:00,90.7,21,81,34.1,0,0,0
2026-09-13 21:15:00,91.2,31,82,31.9,0,0,0
2026-09-13 21:20:00,88.1,75,82,33.3,0,0,0
2026-09-13 21:25:00,90.8,30,84,31.9,0,0,0
2026-09-13 21:30:00,92.0,66,88,29.9,0,108,70
2026-09-13 21:35:00,101.8,51,87,31.9,0,0,0
2026-09-13 21:40:00,106.1,20,85,34.0,0,0,0
2026-09-13 21:45:00,108.2,87,90,33.5,0,0,0
2026-09-13 21:50:00,115.0,38,89,34.3,0,0,0
2026-09-13 21:55:00,114.0,50,87,31.1,0,0,0
2026-09-13 22:00:00,112.7,37,85,31.7,0,0,0
2026-09-13 22:05:00,110.9,55,83,31.2,0,0,0
2026-09-13 22:10:00,106.7,61,84,34.0,0,0,0
2026-09-13 22:15:00,105.1,32,80,34.4,0,0,0
2026-09-13 22:20:00,103.8,59,82,32.2,0,0,0
2026-09-13 22:25:00,98.4,15,83,36.8,0,0,0
2026-09-13 22:30:00,97.1,27,82,33.1,0,0,0
2026-09-13 22:35:00,91.0,50,84,33.1,0,0,0
2026-09-13 22:40:00,83.9,75,87,31.2,0,0,0
2026-09-13 22:45:00,82.7,55,84,33.6,0,0,0
2026-09-13 22:50:00,78.0,71,85,28.9,0,0,0
2026-09-13 22:55:00,76.5,58,85,30.3,0,0,0
2026-09-13 23:00:00,70.6,80,84,32.1,0,0,0
2026-09-13 23:05:00,66.2,60,85,32.8,0,0,0
2026-09-13 23:10:00,61.2,0,72,53.4,1,0,0
2026-09-13 23:15:00,56.7,1,69,54.5,1,0,0
2026-09-13 23:20:00,53.6,0,70,49.4,1,0,0
2026-09-13 23:25:00,53.8,0,70,55.1,1,0,0
2026-09-13 23:30:00,50.7,0,75,51.3,1,0,0
2026-09-13 23:35:00,48.1,0,75,51.8,1,0,0
2026-09-13 23:40:00,49.3,0,73,56.9,1,0,0
2026-09-13 23:45:00,50.2,0,73,52.3,1,0,0
2026-09-13 23:50:00,52.5,0,72,52.2,1,0,0
2026-09-13 23:55:00,51.5,1,76,53.8,1,0,0
2026-09-14 00:00:00,50.2,2,73,49.2,1,0,0
2026-09-14 00:05:00,47.1,0,72,58.1,1,0,0
2026-09-14 00:10:00,49.4,1,74,52.5,1,0,0
2026-09-14 00:15:00,47.0,0,75,55.4,1,0,0
2026-09-14 00:20:00,46.1,0,72,52.0,1,0,0
2026-09-14 00:25:00,44.9,0,77,51.4,1,0,0
2026-09-14 00:30:00,43.1,0,71,52.8,1,0,0
2026-09-14 00:35:00,45.3,0,71,53.6,1,0,0
2026-09-14 00:40:00,47.1,1,71,48.8,1,0,0
2026-09-14 00:45:00,50.9,0,73,53.7,1,0,0
2026-09-14 00:50:00,46.3,1,71,54.0,1,0,0
2026-09-14 00:55:00,49.1,0,77,57.7,1,0,0
2026-09-14 01:00:00,48.2,0,75,55.5,1,0,0
2026-09-14 01:05:00,48.3,0,72,53.8,1,0,0
2026-09-14 01:10:00,45.4,1,73,53.9,1,0,0
2026-09-14 01:15:00,43.2,1,77,54.5,1,0,0
2026-09-14 01:20:00,45.8,0,75,55.6,1,0,0
2026-09-14 01:25:00,44.6,0,72,52.3,1,0,0
2026-09-14 01:30:00,44.6,0,74,50.5,1,0,0
2026-09-14 01:35:00,48.1,0,74,54.9,1,0,0
2026-09-14 01:40:00,48.2,0,74,54.7,1,0,0
2026-09-14 01:45:00,53.3,0,73,54.1,1,0,0
2026-09-14 01:50:00,53.5,2,75,51.8,1,0,0
2026-09-14 01:55:00,50.6,1,74,57.4,1,0,0
2026-09-14 02:00:00,44.5,1,78,54.9,1,0,0
2026-09-14 02:05:00,41.7,0,72,54.0,1,0,0
2026-09-14 02:10:00,44.2,0,76,54.5,1,0,0
2026-09-14 02:15:00,42.2,0,74,53.8,1,0,0
2026-09-14 02:20:00,44.9,0,72,52.6,1,0,0
2026-09-14 02:25:00,46.9,0,72,57.6,1,0,0
2026-09-14 02:30:00,46.3,0,74,50.8,1,0,0
2026-09-14 02:35:00,52.4,0,75,56.5,1,0,0
2026-09-14 02:40:00,55.1,0,73,55.3,1,0,0
2026-09-14 02:45:00,58.1,1,74,52.5,1,0,0
2026-09-14 02:50:00,59.0,0,72,56.4,1,0,0
2026-09-14 02:55:00,60.0,1,73,50.6,1,0,0
2026-09-14 03:00:00,60.1,1,73,56.4,1,0,0
2026-09-14 03:05:00,60.9,1,72,54.1,1,0,0
2026-09-14 03:10:00,62.4,0,73,50.7,1,0,0
2026-09-14 03:15:00,63.8,0,73,52.6,1,0,0
2026-09-14 03:20:00,63.0,0,73,56.6,1,0,0
2026-09-14 03:25:00,63.9,0,75,51.7,1,0,0
2026-09-14 03:30:00,106.2,0,72,51.4,1,0,0
2026-09-14 03:35:00,104.7,1,73,54.3,1,0,0
2026-09-14 03:40:00,104.7,0,74,52.6,1,0,0
2026-09-14 03:45:00,104.8,0,76,53.8,1,0,0
2026-09-14 03:50:00,103.2,0,75,54.1,1,0,0
2026-09-14 03:55:00,106.2,0,71,52.2,1,0,0
2026-09-14 04:00:00,104.6,0,73,55.5,1,0,0
2026-09-14 04:05:00,105.2,1,74,52.1,1,0,0
2026-09-14 04:10:00,106.9,0,69,50.8,1,0,0
2026-09-14 04:15:00,105.7,0,73,50.9,1,0,0
2026-09-14 04:20:00,107.9,0,72,52.7,1,0,0
2026-09-14 04:25:00,105.3,0,73,51.8,1,0,0
2026-09-14 04:30:00,103.0,0,74,56.0,1,0,0
2026-09-14 04:35:00,103.4,0,75,50.9,1,0,0
2026-09-14 04:40:00,102.4,0,75,53.5,1,0,0
2026-09-14 04:45:00,104.2,1,75,52.0,1,0,0
2026-09-14 04:50:00,104.3,0,71,53.0,1,0,0
2026-09-14 04:55:00,104.4,0,71,55.4,1,0,0
2026-09-14 05:00:00,107.6,1,74,55.5,1,0,0
2026-09-14 05:05:00,105.7,0,72,57.8,1,0,0
2026-09-14 05:10:00,107.9,0,73,53.8,1,0,0
2026-09-14 05:15:00,106.0,1,76,50.9,1,0,0
2026-09-14 05:20:00,107.8,1,76,51.9,1,0,0
2026-09-14 05:25:00,108.1,0,72,55.8,1,0,0
2026-09-14 05:30:00,108.5,1,71,55.0,1,0,0
2026-09-14 05:35:00,109.3,1,74,50.7,1,0,0
2026-09-14 05:40:00,109.2,1,78,51.5,1,0,0
2026-09-14 05:45:00,107.5,0,72,53.6,1,0,0
2026-09-14 05:50:00,105.4,2,72,54.2,1,0,0
2026-09-14 05:55:00,103.0,0,73,53.8,1,0,0
2026-09-14 06:00:00,102.5,1,76,50.8,1,0,0
2026-09-14 06:05:00,101.9,0,74,53.5,1,0,0
2026-09-14 06:10:00,99.5,0,73,55.0,1,0,0
2026-09-14 06:15:00,102.1,1,73,56.8,1,0,0
2026-09-14 06:20:00,103.5,1,75,49.4,1,0,0
2026-09-14 06:25:00,107.6,0,75,51.6,1,0,0
2026-09-14 06:30:00,106.6,2,72,55.6,1,0,0
2026-09-14 06:35:00,107.9,41,85,33.5,0,0,0
2026-09-14 06:40:00,106.6,43,83,32.6,0,0,0
2026-09-14 06:45:00,104.6,72,85,33.8,0,0,0
2026-09-14 06:50:00,103.8,33,83,35.4,0,0,0
2026-09-14 06:55:00,103.8,86,84,32.8,0,0,0
2026-09-14 07:00:00,104.4,32,83,31.7,0,0,0
2026-09-14 07:05:00,104.8,33,84,34.9,0,0,0
2026-09-14 07:10:00,106.7,62,87,30.5,0,0,0
2026-09-14 07:15:00,108.7,65,86,32.3,0,0,0
2026-09-14 07:20:00,103.2,73,80,34.8,0,0,0
2026-09-14 07:25:00,105.4,51,87,31.4,0,0,0
2026-09-14 07:30:00,108.7,53,85,33.1,0,0,0
2026-09-14 07:35:00,109.5,52,82,33.9,0,0,0
2026-09-14 07:40:00,104.3,102,88,33.3,0,0,0
2026-09-14 07:45:00,107.8,53,82,30.3,0,0,0
2026-09-14 07:50:00,108.3,22,82,34.8,0,0,0
2026-09-14 07:55:00,108.4,21,83,32.0,0,0,0
2026-09-14 08:00:00,108.1,35,82,33.8,0,0,0
2026-09-14 08:05:00,107.1,53,85,31.3,0,0,0
2026-09-14 08:10:00,106.8,43,82,31.0,0,0,0
2026-09-14 08:15:00,106.1,21,87,31.8,0,33,55
2026-09-14 08:20:00,106.1,35,87,35.4,0,0,0
2026-09-14 08:25:00,106.1,97,93,31.7,0,0,0
2026-09-14 08:30:00,105.8,608,124,32.6,0,0,0
2026-09-14 08:35:00,108.6,634,118,34.4,0,0,0
2026-09-14 08:40:00,106.9,49,82,33.6,0,0,0
2026-09-14 08:45:00,102.7,43,81,36.6,0,0,0
2026-09-14 08:50:00,101.9,24,78,31.0,0,0,0
2026-09-14 08:55:00,101.9,44,87,36.5,0,0,0
2026-09-14 09:00:00,100.1,16,79,30.8,0,0,0
2026-09-14 09:05:00,96.9,16,82,32.8,0,0,0
2026-09-14 09:10:00,99.7,47,84,36.8,0,0,0
2026-09-14 09:15:00,94.3,52,82,30.1,0,0,0
2026-09-14 09:20:00,93.7,57,83,32.4,0,0,0
2026-09-14 09:25:00,94.7,53,84,33.6,0,0,0
2026-09-14 09:30:00,94.9,42,84,32.3,0,0,0
2026-09-14 09:35:00,93.9,73,85,30.4,0,0,0
2026-09-14 09:40:00,93.4,55,86,30.1,0,0,0
2026-09-14 09:45:00,92.8,50,83,33.9,0,0,0
2026-09-14 09:50:00,91.7,67,88,34.6,0,0,0
2026-09-14 09:55:00,93.3,17,82,28.8,0,0,0
2026-09-14 10:00:00,91.2,47,83,32.5,0,0,0
2026-09-14 10:05:00,87.2,49,82,33.6,0,0,0
2026-09-14 10:10:00,90.3,25,85,32.7,0,0,0
2026-09-14 10:15:00,92.3,68,84,32.8,0,0,0
2026-09-14 10:20:00,93.4,24,85,32.8,0,0,0
2026-09-14 10:25:00,95.4,53,84,34.8,0,0,0
2026-09-14 10:30:00,95.5,33,82,32.1,0,0,0
2026-09-14 10:35:00,93.9,34,81,32.0,0,0,0
2026-09-14 10:40:00,92.5,42,81,32.8,0,0,0
2026-09-14 10:45:00,90.3,43,88,30.8,0,0,0
2026-09-14 10:50:00,91.9,34,81,32.0,0,0,0
2026-09-14 10:55:00,92.3,55,85,34.8,0,0,0
2026-09-14 11:00:00,92.6,84,88,36.3,0,0,0
2026-09-14 11:05:00,91.6,55,85,34.3,0,0,0
2026-09-14 11:10:00,88.9,35,85,35.0,0,0,0
2026-09-14 11:15:00,90.1,23,81,33.3,0,0,0
2026-09-14 11:20:00,90.7,29,79,30.5,0,0,0
2026-09-14 11:25:00,90.0,40,82,34.7,0,0,0
2026-09-14 11:30:00,92.1,55,82,35.1,0,0,0
2026-09-14 11:35:00,90.0,54,85,35.1,0,0,0
2026-09-14 11:40:00,91.9,34,84,36.9,0,0,0
2026-09-14 11:45:00,89.6,39,84,32.2,0,0,0
2026-09-14 11:50:00,86.2,29,78,34.4,0,0,0
2026-09-14 11:55:00,87.3,27,83,34.8,0,0,0
2026-09-14 12:00:00,85.9,42,81,33.0,0,0,0
2026-09-14 12:05:00,88.7,53,85,33.5,0,0,0
2026-09-14 12:10:00,92.2,33,82,32.2,0,0,0
2026-09-14 12:15:00,90.4,85,86,33.9,0,0,0
2026-09-14 12:20:00,89.9,29,83,31.4,0,0,0
2026-09-14 12:25:00,89.1,45,84,32.3,0,0,0
2026-09-14 12:30:00,88.8,36,84,37.1,0,0,0
2026-09-14 12:35:00,88.0,65,86,31.7,0,0,0
2026-09-14 12:40:00,84.9,60,85,36.9,0,0,0
2026-09-14 12:45:00,83.7,90,83,31.8,0,0,0
2026-09-14 12:50:00,84.8,29,84,33.6,0,0,0
2026-09-14 12:55:00,85.3,65,84,33.4,0,0,0
2026-09-14 13:00:00,83.7,84,90,35.2,0,0,0
2026-09-14 13:05:00,82.8,33,85,34.1,0,51,50
2026-09-14 13:10:00,81.1,30,85,33.3,0,0,0
2026-09-14 13:15:00,82.8,31,88,34.3,0,0,0
2026-09-14 13:20:00,80.8,518,114,33.8,0,0,0
2026-09-14 13:25:00,84.1,522,111,32.4,0,0,0
2026-09-14 13:30:00,83.1,56,87,32.8,0,0,0
2026-09-14 13:35:00,82.0,40,86,33.0,0,0,0
2026-09-14 13:40:00,79.7,37,82,36.7,0,0,0
2026-09-14 13:45:00,80.2,29,85,31.7,0,0,0
2026-09-14 13:50:00,77.8,32,81,34.8,0,0,0
2026-09-14 13:55:00,77.5,66,84,32.3,0,0,0
2026-09-14 14:00:00,75.1,53,84,34.6,0,0,0
2026-09-14 14:05:00,79.6,63,84,33.3,0,0,0
2026-09-14 14:10:00,80.1,46,85,32.4,0,0,0
2026-09-14 14:15:00,91.2,37,80,29.5,0,0,0
2026-09-14 14:20:00,89.2,54,85,30.7,0,0,0
2026-09-14 14:25:00,86.6,78,85,31.9,0,0,0
2026-09-14 14:30:00,81.9,47,86,34.4,0,0,0
2026-09-14 14:35:00,80.3,153,90,30.4,0,0,0
2026-09-14 14:40:00,78.4,52,85,31.3,0,0,0
2026-09-14 14:45:00,76.9,62,81,33.4,0,0,0
2026-09-14 14:50:00,75.5,87,84,34.3,0,0,0
2026-09-14 14:55:00,75.5,34,85,32.7,0,0,0
2026-09-14 15:00:00,78.1,39,82,32.7,0,0,0
2026-09-14 15:05:00,82.2,80,85,36.7,0,0,0
2026-09-14 15:10:00,83.4,33,81,34.2,0,0,0
2026-09-14 15:15:00,80.8,46,83,34.0,0,0,0
2026-09-14 15:20:00,79.6,48,84,32.1,0,0,0
2026-09-14 15:25:00,79.7,63,85,38.2,0,0,0
2026-09-14 15:30:00,79.7,19,84,35.0,0,0,0
2026-09-14 15:35:00,80.3,39,82,31.4,0,0,0
2026-09-14 15:40:00,80.9,72,90,32.0,0,0,0
2026-09-14 15:45:00,78.0,59,83,37.6,0,0,0
2026-09-14 15:50:00,77.1,53,83,32.4,0,0,0
2026-09-14 15:55:00,80.6,49,85,33.5,0,0,0
2026-09-14 16:00:00,82.0,48,83,29.6,0,0,0
2026-09-14 16:05:00,80.7,31,82,31.8,0,0,0
2026-09-14 16:10:00,81.1,39,85,30.8,0,0,0
2026-09-14 16:15:00,79.2,20,85,37.1,0,0,0
2026-09-14 16:20:00,78.0,64,84,28.7,0,0,0
2026-09-14 16:25:00,76.8,27,78,34.8,0,0,0
2026-09-14 16:30:00,76.3,20,86,36.8,0,0,0
2026-09-14 16:35:00,77.3,32,83,33.8,0,0,0
2026-09-14 16:40:00,80.0,28,84,34.2,0,0,0
2026-09-14 16:45:00,77.0,35,82,31.6,0,0,0
2026-09-14 16:50:00,77.4,21,81,32.1,0,0,0
2026-09-14 16:55:00,75.1,24,80,32.8,0,0,0
2026-09-14 17:00:00,73.6,88,82,30.6,0,0,0
2026-09-14 17:05:00,74.8,36,82,33.4,0,0,0
2026-09-14 17:10:00,71.8,28,81,30.6,0,0,0
2026-09-14 17:15:00,71.9,48,84,33.7,0,0,0
2026-09-14 17:20:00,69.9,97,90,32.0,0,0,0
2026-09-14 17:25:00,72.8,63,88,33.7,0,0,0
2026-09-14 17:30:00,72.7,26,81,31.0,0,0,0
2026-09-14 17:35:00,75.4,34,84,33.4,0,0,0
2026-09-14 17:40:00,75.7,69,90,34.5,0,20,50
2026-09-14 17:45:00,78.7,15,87,36.5,0,0,0
2026-09-14 17:50:00,77.1,30,87,35.0,0,0,0
2026-09-14 17:55:00,76.8,499,113,31.2,0,0,0
2026-09-14 18:00:00,77.4,475,116,30.7,0,0,0
2026-09-14 18:05:00,76.0,61,89,34.5,0,0,0
2026-09-14 18:10:00,73.7,43,85,35.3,0,0,0
2026-09-14 18:15:00,72.5,53,85,33.9,0,0,0
2026-09-14 18:20:00,73.3,48,82,30.2,0,0,0
2026-09-14 18:25:00,75.1,26,81,32.0,0,0,0
2026-09-14 18:30:00,75.4,31,84,33.4,0,0,0
2026-09-14 18:35:00,71.1,42,82,32.1,0,0,0
2026-09-14 18:40:00,71.5,63,85,32.2,0,0,0
2026-09-14 18:45:00,70.4,606,120,31.2,0,0,0
2026-09-14 18:50:00,69.8,586,111,27.8,0,0,0
2026-09-14 18:55:00,72.9,587,113,31.6,0,0,0
2026-09-14 19:00:00,71.8,557,114,33.2,0,0,0
2026-09-14 19:05:00,88.9,97,86,31.4,0,0,0
2026-09-14 19:10:00,88.4,42,86,33.4,0,0,0
2026-09-14 19:15:00,86.7,22,83,29.0,0,0,0
2026-09-14 19:20:00,87.9,35,85,32.9,0,0,0
2026-09-14 19:25:00,87.5,20,82,34.3,0,0,0
2026-09-14 19:30:00,87.2,99,85,34.0,0,0,0
2026-09-14 19:35:00,85.6,41,83,32.0,0,0,0
2026-09-14 19:40:00,84.4,61,82,34.7,0,0,0
2026-09-14 19:45:00,86.1,28,79,34.9,0,0,0
2026-09-14 19:50:00,85.5,41,84,32.5,0,0,0
2026-09-14 19:55:00,88.2,46,81,35.5,0,0,0
2026-09-14 20:00:00,87.8,33,81,34.3,0,0,0
2026-09-14 20:05:00,91.7,41,84,30.1,0,0,0
2026-09-14 20:10:00,91.4,41,85,30.9,0,0,0
2026-09-14 20:15:00,92.4,88,87,34.0,0,0,0
2026-09-14 20:20:00,90.5,82,86,33.8,0,0,0
2026-09-14 20:25:00,90.4,43,85,32.8,0,0,0
2026-09-14 20:30:00,90.2,48,86,30.1,0,0,0
2026-09-14 20:35:00,90.2,17,82,30.7,0,0,0
2026-09-14 20:40:00,92.8,52,82,29.6,0,0,0
2026-09-14 20:45:00,90.0,31,83,32.9,0,0,0
2026-09-14 20:50:00,93.6,47,83,31.2,0,0,0
2026-09-14 20:55:00,94.7,36,84,34.3,0,0,0
2026-09-14 21:00:00,90.7,17,83,29.6,0,0,0
2026-09-14 21:05:00,93.4,31,85,31.2,0,0,0
2026-09-14 21:10:00,88.7,50,81,32.9,0,0,0
2026-09-14 21:15:00,87.6,44,84,33.9,0,0,0
2026-09-14 21:20:00,86.7,51,83,32.6,0,0,0
2026-09-14 21:25:00,87.4,41,83,32.4,0,0,0
2026-09-14 21:30:00,86.7,40,83,34.3,0,0,0
2026-09-14 21:35:00,84.9,101,86,33.3,0,0,0
2026-09-14 21:40:00,83.7,33,81,30.8,0,0,0
2026-09-14 21:45:00,84.2,42,81,31.3,0,0,0
2026-09-14 21:50:00,86.8,92,84,34.0,0,0,0
2026-09-14 21:55:00,86.0,45,86,35.2,0,0,0
2026-09-14 22:00:00,89.8,67,84,32.5,0,0,0
2026-09-14 22:05:00,86.4,39,83,32.0,0,0,0
2026-09-14 22:10:00,88.7,60,86,31.5,0,0,0
2026-09-14 22:15:00,88.8,56,86,36.2,0,0,0
2026-09-14 22:20:00,88.7,19,83,30.2,0,0,0
2026-09-14 22:25:00,90.1,71,85,31.0,0,0,0
2026-09-14 22:30:00,85.6,27,82,32.7,0,0,0
2026-09-14 22:35:00,85.9,54,82,33.2,0,0,0
2026-09-14 22:40:00,87.4,56,82,34.2,0,0,0
2026-09-14 22:45:00,90.1,71,86,35.0,0,0,0
2026-09-14 22:50:00,85.9,48,81,34.5,0,0,0
2026-09-14 22:55:00,88.2,65,84,36.3,0,0,0
2026-09-14 23:00:00,88.2,85,85,33.4,0,0,0
2026-09-14 23:05:00,87.4,46,83,33.6,0,0,0
2026-09-14 23:10:00,89.0,33,85,33.0,0,0,0
2026-09-14 23:15:00,89.8,57,86,31.9,0,0,0
2026-09-14 23:20:00,91.2,46,88,35.0,0,0,0
2026-09-14 23:25:00,93.4,53,82,32.5,0,0,0
2026-09-14 23:30:00,93.1,32,80,31.2,0,0,0
2026-09-14 23:35:00,94.4,46,83,34.2,0,0,0
2026-09-14 23:40:00,100.1,63,84,36.1,0,0,0
2026-09-14 23:45:00,102.4,18,80,31.0,0,0,0
2026-09-14 23:50:00,102.1,73,88,35.1,0,0,0
2026-09-14 23:55:00,101.6,55,87,31.2,0,0,0
